Node0 Layer,Node0 X location,Node0 Y location,Node1 Layer,Node1 X location,Node1 Y location,Current
metal1,1.2000,2.8000,metal1,1.2700,2.8000,1.561e-13
metal1,1.2000,5.6000,metal1,1.2700,5.6000,3.406e-13
metal1,1.2000,8.4000,metal1,1.2700,8.4000,1.774e-13
metal1,1.2000,11.2000,metal1,1.2700,11.2000,1.022e-12
metal1,1.2000,14.0000,metal1,1.2700,14.0000,1.703e-13
metal1,1.2000,16.8000,metal1,1.2700,16.8000,9.721e-13
metal1,1.2000,19.6000,metal1,1.2700,19.6000,1.348e-12
metal1,1.2000,22.4000,metal1,1.2700,22.4000,2.271e-13
metal1,1.2000,25.2000,metal1,1.2700,25.2000,3.761e-13
metal1,1.2000,28.0000,metal1,1.2700,28.0000,9.224e-14
metal1,1.2000,30.8000,metal1,1.2700,30.8000,2.341e-13
metal1,1.2000,33.6000,metal1,1.2700,33.6000,6.088e-13
metal1,1.2700,2.8000,metal1,2.8500,2.8000,1.604e-13
metal1,1.2700,5.6000,metal1,1.9350,5.6000,5.183e-13
metal1,1.2700,8.4000,metal1,2.5050,8.4000,4.842e-14
metal1,1.2700,11.2000,metal1,1.9350,11.2000,9.593e-13
metal1,1.2700,14.0000,metal1,1.7450,14.0000,5.630e-13
metal1,1.2700,16.8000,metal1,1.7450,16.8000,6.491e-13
metal1,1.2700,19.6000,metal1,1.5550,19.6000,1.670e-12
metal1,1.2700,22.4000,metal1,1.9350,22.4000,1.725e-13
metal1,1.2700,25.2000,metal1,2.0900,25.2000,3.743e-13
metal1,1.2700,28.0000,metal1,2.0900,28.0000,8.880e-14
metal1,1.2700,30.8000,metal1,2.8500,30.8000,2.360e-13
metal1,1.2700,33.6000,metal1,2.8500,33.6000,6.094e-13
metal1,1.5550,19.6000,metal1,1.6250,19.6000,6.909e-07
metal1,1.6250,19.6000,metal1,2.1250,19.6000,6.909e-07
metal1,1.7450,14.0000,metal1,1.7650,14.1750,5.630e-13
metal1,1.7450,16.8000,metal1,1.8150,16.8000,6.471e-07
metal1,1.7650,14.1750,metal1,1.8150,13.8300,4.802e-10
metal1,1.8150,13.8300,metal1,1.8350,14.0000,4.802e-10
metal1,1.8150,16.8000,metal1,2.5400,16.8000,6.471e-07
metal1,1.8350,14.0000,metal1,2.1400,14.0000,5.625e-09
metal1,1.9350,5.6000,metal1,2.0050,5.6000,6.894e-07
metal1,1.9350,11.2000,metal1,2.0050,11.2000,6.846e-07
metal1,1.9350,22.4000,metal1,2.0050,22.4000,6.951e-07
metal1,2.0050,5.6000,metal1,3.1300,5.6000,6.894e-07
metal1,2.0050,11.2000,metal1,3.2650,11.2000,6.846e-07
metal1,2.0050,22.4000,metal1,2.5050,22.4000,6.951e-07
metal1,2.0900,25.2000,metal1,3.2650,25.2000,2.043e-13
metal1,2.0900,28.0000,metal1,2.8500,28.0000,5.372e-14
metal1,2.1250,19.6000,metal1,2.1950,19.6000,1.647e-06
metal1,2.1400,14.0000,metal1,2.2100,14.0000,3.846e-06
metal1,2.1950,19.6000,metal1,2.5250,19.6000,1.647e-06
metal1,2.2100,14.0000,metal1,2.5200,14.0000,3.846e-06
metal1,2.5050,8.4000,metal1,2.5750,8.4000,6.750e-07
metal1,2.5050,22.4000,metal1,2.5750,22.4000,1.397e-06
metal1,2.5200,14.0000,metal1,2.5900,14.0000,1.265e-06
metal1,2.5250,19.6000,metal1,2.5950,19.6000,2.553e-08
metal1,2.5400,16.8000,metal1,3.2650,16.8000,6.471e-07
metal1,2.5750,8.4000,metal1,3.4950,8.4000,1.326e-09
metal1,2.5750,22.4000,metal1,3.2650,22.4000,1.397e-06
metal1,2.5900,14.0000,metal1,2.9250,14.0000,1.548e-09
metal1,2.5950,19.6000,metal1,2.9000,19.6000,1.929e-09
metal1,2.8500,2.8000,metal1,4.1675,2.8000,4.393e-13
metal1,2.8500,28.0000,metal1,3.6450,28.0000,2.511e-14
metal1,2.8500,30.8000,metal1,4.3700,30.8000,2.558e-13
metal1,2.8500,33.6000,metal1,4.1700,33.6000,4.833e-13
metal1,2.9000,19.6000,metal1,2.9700,19.6000,2.608e-06
metal1,2.9250,14.0000,metal1,2.9950,14.0000,1.030e-07
metal1,2.9700,19.6000,metal1,3.0800,19.6000,2.608e-06
metal1,2.9950,14.0000,metal1,3.2850,14.0000,1.030e-07
metal1,3.0800,19.6000,metal1,3.1500,19.6000,1.064e-07
metal1,3.1300,5.6000,metal1,4.2550,5.6000,6.894e-07
metal1,3.1500,19.6000,metal1,3.2650,19.6000,1.064e-07
metal1,3.2650,11.2000,metal1,3.2800,11.0250,6.846e-07
metal1,3.2650,16.8000,metal1,3.3350,16.8000,1.365e-06
metal1,3.2650,19.6000,metal1,3.3350,19.6000,6.830e-07
metal1,3.2650,22.4000,metal1,3.3350,22.4000,2.085e-06
metal1,3.2650,25.2000,metal1,3.3350,25.2000,5.925e-07
metal1,3.2800,11.0250,metal1,3.3350,11.3675,1.226e-10
metal1,3.2850,14.0000,metal1,3.3550,14.0000,3.486e-08
metal1,3.3350,11.3675,metal1,3.3500,11.2000,1.226e-10
metal1,3.3350,16.8000,metal1,3.4750,16.8000,1.365e-06
metal1,3.3350,19.6000,metal1,3.4550,19.6000,1.789e-08
metal1,3.3350,22.4000,metal1,3.6750,22.4000,2.085e-06
metal1,3.3350,25.2000,metal1,4.2550,25.2000,1.415e-09
metal1,3.3500,11.2000,metal1,3.6650,11.2000,1.226e-10
metal1,3.3550,14.0000,metal1,3.6600,14.0000,4.424e-11
metal1,3.4550,19.6000,metal1,3.5250,19.6000,4.151e-06
metal1,3.4750,16.8000,metal1,3.5450,16.8000,2.019e-09
metal1,3.4950,8.4000,metal1,3.5650,8.4000,2.054e-06
metal1,3.5250,19.6000,metal1,3.6500,19.6000,4.151e-06
metal1,3.5450,16.8000,metal1,3.6500,16.8000,2.019e-09
metal1,3.5650,8.4000,metal1,4.0300,8.4000,2.054e-06
metal1,3.6450,28.0000,metal1,3.7150,28.0000,6.750e-07
metal1,3.6500,16.8000,metal1,3.7200,16.8000,1.828e-08
metal1,3.6500,19.6000,metal1,3.7200,19.6000,1.723e-07
metal1,3.6600,14.0000,metal1,3.7300,14.0000,4.614e-09
metal1,3.6650,11.2000,metal1,3.7350,11.2000,9.025e-13
metal1,3.6750,22.4000,metal1,3.7450,22.4000,2.810e-09
metal1,3.7150,28.0000,metal1,4.2350,28.0000,6.750e-07
metal1,3.7200,16.8000,metal1,4.0250,16.8000,1.403e-09
metal1,3.7200,19.6000,metal1,3.8400,19.6000,5.182e-06
metal1,3.7300,14.0000,metal1,3.8900,14.0000,4.614e-09
metal1,3.7350,11.2000,metal1,4.0400,11.2000,7.374e-11
metal1,3.7450,22.4000,metal1,4.0500,22.4000,2.810e-09
metal1,3.8400,19.6000,metal1,3.9100,19.6000,4.615e-08
metal1,3.8900,14.0000,metal1,3.9600,14.0000,7.967e-07
metal1,3.9100,19.6000,metal1,4.0450,19.6000,4.615e-08
metal1,3.9600,14.0000,metal1,4.0250,14.0000,7.967e-07
metal1,4.0250,14.0000,metal1,4.0950,14.0000,1.093e-08
metal1,4.0250,16.8000,metal1,4.0950,16.8000,1.562e-08
metal1,4.0300,8.4000,metal1,4.1000,8.4000,3.801e-08
metal1,4.0400,11.2000,metal1,4.0450,11.0300,7.374e-11
metal1,4.0450,11.0300,metal1,4.1100,11.3175,1.768e-07
metal1,4.0450,19.6000,metal1,4.1150,19.6000,2.102e-07
metal1,4.0500,22.4000,metal1,4.1200,22.4000,4.878e-09
metal1,4.0950,14.0000,metal1,4.6250,14.0000,1.287e-07
metal1,4.0950,16.8000,metal1,4.2300,16.8000,1.562e-08
metal1,4.1000,8.4000,metal1,4.4050,8.4000,4.462e-09
metal1,4.1100,11.3175,metal1,4.1150,11.2000,1.768e-07
metal1,4.1150,11.2000,metal1,4.4050,11.2000,1.768e-07
metal1,4.1150,19.6000,metal1,4.2150,19.6000,2.460e-08
metal1,4.1200,22.4000,metal1,4.4300,22.4000,4.877e-09
metal1,4.1675,2.8000,metal1,5.1300,2.8000,4.393e-13
metal1,4.1700,33.6000,metal1,5.1300,33.6000,4.832e-13
metal1,4.2150,19.6000,metal1,4.2850,19.6000,3.534e-08
metal1,4.2300,16.8000,metal1,4.3000,16.8000,3.593e-06
metal1,4.2350,28.0000,metal1,4.3050,28.0000,1.250e-08
metal1,4.2550,5.6000,metal1,4.3250,5.6000,2.061e-06
metal1,4.2550,25.2000,metal1,4.3250,25.2000,2.320e-06
metal1,4.2850,19.6000,metal1,4.4200,19.6000,3.534e-08
metal1,4.3000,16.8000,metal1,4.4100,16.8000,3.593e-06
metal1,4.3050,28.0000,metal1,4.6100,28.0000,2.047e-09
metal1,4.3250,5.6000,metal1,4.9950,5.6000,2.061e-06
metal1,4.3250,25.2000,metal1,4.7850,25.2000,2.320e-06
metal1,4.3700,30.8000,metal1,5.5600,30.8000,2.207e-13
metal1,4.4050,8.4000,metal1,4.4750,8.4000,3.013e-06
metal1,4.4050,11.2000,metal1,4.4750,11.2000,4.492e-06
metal1,4.4100,16.8000,metal1,4.4800,16.8000,1.334e-07
metal1,4.4200,19.6000,metal1,4.4900,19.6000,6.820e-06
metal1,4.4300,22.4000,metal1,4.5000,22.4000,3.678e-06
metal1,4.4750,8.4000,metal1,4.8000,8.4000,3.013e-06
metal1,4.4750,11.2000,metal1,4.6500,11.2000,4.492e-06
metal1,4.4800,16.8000,metal1,4.8150,16.8000,3.632e-06
metal1,4.4900,19.6000,metal1,4.6000,19.6000,6.820e-06
metal1,4.5000,22.4000,metal1,4.6000,22.4000,3.678e-06
metal1,4.6000,19.6000,metal1,4.6700,19.6000,9.046e-07
metal1,4.6000,22.4000,metal1,4.6700,22.4000,5.517e-07
metal1,4.6100,28.0000,metal1,4.6800,28.0000,1.387e-06
metal1,4.6250,14.0000,metal1,4.7600,14.0000,8.016e-07
metal1,4.6500,11.2000,metal1,4.7200,11.2000,1.349e-09
metal1,4.6700,19.6000,metal1,4.8000,19.6000,9.046e-07
metal1,4.6700,22.4000,metal1,4.8150,22.4000,5.517e-07
metal1,4.6800,28.0000,metal1,4.8050,28.0000,1.387e-06
metal1,4.7200,11.2000,metal1,4.9750,11.2000,1.349e-09
metal1,4.7600,14.0000,metal1,4.7850,14.0000,8.016e-07
metal1,4.7850,14.0000,metal1,4.8550,14.0000,2.223e-07
metal1,4.7850,25.2000,metal1,4.8550,25.2000,3.800e-08
metal1,4.8000,8.4000,metal1,4.8700,8.4000,2.999e-08
metal1,4.8000,19.6000,metal1,4.8700,19.6000,5.667e-06
metal1,4.8050,28.0000,metal1,4.8750,28.0000,2.568e-08
metal1,4.8150,16.8000,metal1,4.8850,16.8000,6.713e-08
metal1,4.8150,22.4000,metal1,4.8850,22.4000,3.921e-06
metal1,4.8550,14.0000,metal1,5.1850,14.0000,2.223e-07
metal1,4.8550,25.2000,metal1,5.5450,25.2000,2.751e-09
metal1,4.8700,8.4000,metal1,5.3700,8.4000,2.999e-08
metal1,4.8700,19.6000,metal1,4.9750,19.6000,2.286e-08
metal1,4.8750,28.0000,metal1,5.1800,28.0000,3.832e-09
metal1,4.8850,16.8000,metal1,5.3800,16.8000,3.383e-09
metal1,4.8850,22.4000,metal1,4.9750,22.4000,1.847e-08
metal1,4.9750,11.2000,metal1,5.0450,11.2000,2.231e-09
metal1,4.9750,19.6000,metal1,5.0450,19.6000,2.554e-07
metal1,4.9750,22.4000,metal1,5.0450,22.4000,1.687e-07
metal1,4.9950,5.6000,metal1,5.0650,5.6000,3.814e-08
metal1,5.0450,11.2000,metal1,5.3850,11.2000,2.231e-09
metal1,5.0450,19.6000,metal1,5.5650,19.6000,2.554e-07
metal1,5.0450,22.4000,metal1,5.5750,22.4000,1.687e-07
metal1,5.0650,5.6000,metal1,5.3700,5.6000,4.524e-09
metal1,5.1300,2.8000,metal1,6.2700,2.8000,3.950e-13
metal1,5.1300,33.6000,metal1,6.2700,33.6000,2.632e-13
metal1,5.1800,28.0000,metal1,5.2500,28.0000,3.360e-10
metal1,5.1850,14.0000,metal1,5.2550,14.0000,2.329e-05
metal1,5.2500,28.0000,metal1,5.3850,28.0000,3.361e-10
metal1,5.2550,14.0000,metal1,5.5450,14.0000,2.329e-05
metal1,5.3700,5.6000,metal1,5.4400,5.6000,3.055e-06
metal1,5.3700,8.4000,metal1,5.4400,8.4000,9.639e-08
metal1,5.3800,16.8000,metal1,5.4500,16.8000,3.683e-06
metal1,5.3850,11.2000,metal1,5.5200,11.2000,2.851e-09
metal1,5.3850,28.0000,metal1,5.4550,28.0000,3.712e-12
metal1,5.4400,5.6000,metal1,5.9300,5.6000,3.055e-06
metal1,5.4400,8.4000,metal1,5.5650,8.4000,9.639e-08
metal1,5.4500,16.8000,metal1,6.1350,16.8000,3.683e-06
metal1,5.4550,28.0000,metal1,5.9450,28.0000,1.350e-10
metal1,5.5200,11.2000,metal1,5.7350,11.2000,2.851e-09
metal1,5.5450,14.0000,metal1,5.6150,14.0000,2.498e-05
metal1,5.5450,25.2000,metal1,5.6150,25.2000,4.210e-06
metal1,5.5600,30.8000,metal1,5.6300,30.8000,0.000e+00
metal1,5.5650,8.4000,metal1,5.6350,8.4000,6.511e-09
metal1,5.5650,19.6000,metal1,5.6350,19.6000,1.521e-09
metal1,5.5750,22.4000,metal1,5.6450,22.4000,3.693e-08
metal1,5.6150,14.0000,metal1,5.9400,14.0000,2.498e-05
metal1,5.6150,25.2000,metal1,6.1150,25.2000,4.210e-06
metal1,5.6300,30.8000,metal1,6.3250,30.8000,2.859e-16
metal1,5.6350,8.4000,metal1,6.1350,8.4000,6.511e-09
metal1,5.6350,19.6000,metal1,6.1700,19.6000,1.521e-09
metal1,5.6450,22.4000,metal1,5.9400,22.4000,3.693e-08
metal1,5.7350,11.2000,metal1,5.8050,11.2000,7.539e-08
metal1,5.8050,11.2000,metal1,5.9450,11.2000,7.539e-08
metal1,5.9300,5.6000,metal1,6.0000,5.6000,5.653e-08
metal1,5.9400,14.0000,metal1,5.9550,14.1675,2.498e-05
metal1,5.9400,22.4000,metal1,6.0100,22.4000,6.145e-08
metal1,5.9450,11.2000,metal1,6.0150,11.2000,2.402e-05
metal1,5.9450,28.0000,metal1,5.9500,28.1175,1.350e-10
metal1,5.9500,28.1175,metal1,6.0150,27.8300,9.227e-11
metal1,5.9550,14.1675,metal1,6.0100,13.8300,3.062e-10
metal1,6.0000,5.6000,metal1,6.3050,5.6000,5.977e-09
metal1,6.0100,13.8300,metal1,6.0250,14.0000,3.062e-10
metal1,6.0100,22.4000,metal1,6.1800,22.4000,6.145e-08
metal1,6.0150,11.2000,metal1,6.1450,11.2000,2.402e-05
metal1,6.0150,27.8300,metal1,6.0200,28.0000,9.227e-11
metal1,6.0200,28.0000,metal1,6.5150,28.0000,9.220e-11
metal1,6.0250,14.0000,metal1,6.5200,14.0000,7.317e-11
metal1,6.1150,25.2000,metal1,6.1450,25.0250,4.210e-06
metal1,6.1350,8.4000,metal1,6.1700,8.5175,6.511e-09
metal1,6.1350,16.8000,metal1,6.2050,16.8000,2.829e-08
metal1,6.1450,11.2000,metal1,6.2150,11.2000,4.435e-07
metal1,6.1450,25.0250,metal1,6.1850,25.3700,1.857e-09
metal1,6.1700,8.5175,metal1,6.2050,8.1925,4.563e-09
metal1,6.1700,19.6000,metal1,6.2400,19.6000,2.177e-06
metal1,6.1800,22.4000,metal1,6.2500,22.4000,7.431e-10
metal1,6.1850,25.3700,metal1,6.2150,25.2000,1.857e-09
metal1,6.2050,8.1925,metal1,6.2400,8.4000,9.522e-09
metal1,6.2050,16.8000,metal1,6.3200,16.8000,2.829e-08
metal1,6.2150,11.2000,metal1,6.7050,11.2000,1.895e-09
metal1,6.2150,25.2000,metal1,6.5150,25.2000,3.602e-08
metal1,6.2400,8.4000,metal1,6.7400,8.4000,9.522e-09
metal1,6.2400,19.6000,metal1,6.3500,19.6000,2.177e-06
metal1,6.2500,22.4000,metal1,6.7050,22.4000,2.617e-08
metal1,6.2700,2.8000,metal1,7.0650,2.8000,2.698e-13
metal1,6.2700,33.6000,metal1,7.0700,33.6000,1.741e-13
metal1,6.3050,5.6000,metal1,6.3750,5.6000,4.031e-06
metal1,6.3200,16.8000,metal1,6.3900,16.8000,1.998e-08
metal1,6.3250,30.8000,metal1,6.3950,30.8000,3.043e-14
metal1,6.3500,19.6000,metal1,6.4200,19.6000,2.548e-08
metal1,6.3750,5.6000,metal1,7.0850,5.6000,4.031e-06
metal1,6.3900,16.8000,metal1,6.5100,16.8000,1.998e-08
metal1,6.3950,30.8000,metal1,6.9300,30.8000,3.156e-14
metal1,6.4200,19.6000,metal1,6.9050,19.6000,5.860e-07
metal1,6.5100,16.8000,metal1,6.5800,16.8000,1.339e-06
metal1,6.5150,25.2000,metal1,6.5850,25.2000,3.618e-08
metal1,6.5150,28.0000,metal1,6.5500,27.8300,9.220e-11
metal1,6.5200,14.0000,metal1,6.5900,14.0000,8.141e-08
metal1,6.5500,27.8300,metal1,6.5850,28.2075,7.246e-10
metal1,6.5800,16.8000,metal1,6.8750,16.8000,1.339e-06
metal1,6.5850,25.2000,metal1,6.7100,25.2000,3.618e-08
metal1,6.5850,28.2075,metal1,6.6200,28.0000,2.637e-09
metal1,6.5900,14.0000,metal1,6.7050,14.0000,8.141e-08
metal1,6.6200,28.0000,metal1,6.8900,28.0000,2.395e-10
metal1,6.7050,11.2000,metal1,6.7100,11.3700,1.895e-09
metal1,6.7050,14.0000,metal1,6.7750,14.0000,3.713e-06
metal1,6.7050,22.4000,metal1,6.7750,22.4000,7.230e-08
metal1,6.7100,11.3700,metal1,6.7750,11.0300,2.587e-09
metal1,6.7100,25.2000,metal1,6.7800,25.2000,8.540e-08
metal1,6.7400,8.4000,metal1,6.8100,8.4000,1.240e-07
metal1,6.7750,11.0300,metal1,6.7800,11.2000,2.587e-09
metal1,6.7750,14.0000,metal1,6.8900,14.0000,3.713e-06
metal1,6.7750,22.4000,metal1,6.9100,22.4000,7.230e-08
metal1,6.7800,11.2000,metal1,6.8950,11.2000,2.587e-09
metal1,6.7800,25.2000,metal1,6.8900,25.2000,8.540e-08
metal1,6.8100,8.4000,metal1,6.9050,8.4000,1.240e-07
metal1,6.8750,16.8000,metal1,6.9450,16.8000,2.639e-06
metal1,6.8900,14.0000,metal1,6.9600,14.0000,3.190e-09
metal1,6.8900,25.2000,metal1,6.9600,25.2000,1.347e-05
metal1,6.8900,28.0000,metal1,6.9600,28.0000,1.477e-07
metal1,6.8950,11.2000,metal1,6.9650,11.2000,9.110e-12
metal1,6.9050,8.4000,metal1,7.0400,8.4000,1.433e-11
metal1,6.9050,19.6000,metal1,7.0400,19.6000,2.274e-06
metal1,6.9100,22.4000,metal1,7.0450,22.4000,7.925e-09
metal1,6.9300,30.8000,metal1,7.0000,30.8000,3.994e-11
metal1,6.9450,16.8000,metal1,7.0850,16.8000,2.639e-06
metal1,6.9600,14.0000,metal1,7.2700,14.0000,3.190e-09
metal1,6.9600,25.2000,metal1,7.2750,25.2000,1.347e-05
metal1,6.9600,28.0000,metal1,7.1100,28.0000,1.477e-07
metal1,6.9650,11.2000,metal1,7.0800,11.2000,9.109e-12
metal1,7.0000,30.8000,metal1,7.6650,30.8000,3.997e-11
metal1,7.0400,8.4000,metal1,7.4650,8.4000,1.433e-11
metal1,7.0400,19.6000,metal1,7.1050,19.6000,2.274e-06
metal1,7.0450,22.4000,metal1,7.2900,22.4000,7.925e-09
metal1,7.0650,2.8000,metal1,7.0800,2.6250,4.069e-13
metal1,7.0700,33.6000,metal1,7.1400,33.6000,2.587e-11
metal1,7.0800,2.6250,metal1,7.1350,2.9675,2.662e-11
metal1,7.0800,11.2000,metal1,7.1500,11.2000,3.065e-09
metal1,7.0850,5.6000,metal1,7.1550,5.6000,7.454e-08
metal1,7.0850,16.8000,metal1,7.1550,16.8000,6.884e-07
metal1,7.1050,19.6000,metal1,7.1750,19.6000,2.020e-07
metal1,7.1100,28.0000,metal1,7.1800,28.0000,1.904e-07
metal1,7.1350,2.9675,metal1,7.1500,2.8000,2.662e-11
metal1,7.1400,33.6000,metal1,7.4450,33.6000,1.401e-09
metal1,7.1500,2.8000,metal1,7.8450,2.8000,2.652e-11
metal1,7.1500,11.2000,metal1,7.2700,11.2000,3.065e-09
metal1,7.1550,5.6000,metal1,7.4600,5.6000,6.160e-09
metal1,7.1550,16.8000,metal1,7.2750,16.8000,6.884e-07
metal1,7.1750,19.6000,metal1,7.4450,19.6000,2.020e-07
metal1,7.1800,28.0000,metal1,7.2850,28.0000,1.904e-07
metal1,7.2700,11.2000,metal1,7.2750,11.0300,3.065e-09
metal1,7.2700,14.0000,metal1,7.3100,13.9000,1.266e-06
metal1,7.2750,11.0300,metal1,7.3400,11.3700,1.843e-09
metal1,7.2750,16.8000,metal1,7.3450,16.8000,1.271e-08
metal1,7.2750,25.2000,metal1,7.2850,25.3700,1.347e-05
metal1,7.2850,25.3700,metal1,7.3450,25.0300,7.812e-10
metal1,7.2850,28.0000,metal1,7.4200,28.0000,6.076e-09
metal1,7.2900,22.4000,metal1,7.3100,22.3450,7.925e-09
metal1,7.3100,13.9000,metal1,7.3400,14.2075,1.682e-10
metal1,7.3100,22.3450,metal1,7.3600,22.6075,2.030e-09
metal1,7.3400,11.3700,metal1,7.3450,11.2000,1.843e-09
metal1,7.3400,14.2075,metal1,7.3800,14.0000,6.110e-07
metal1,7.3450,11.2000,metal1,7.6500,11.2000,6.066e-09
metal1,7.3450,16.8000,metal1,7.6500,16.8000,1.929e-10
metal1,7.3450,25.0300,metal1,7.3550,25.2000,7.812e-10
metal1,7.3550,25.2000,metal1,7.6500,25.2000,8.830e-09
metal1,7.3600,22.6075,metal1,7.3800,22.4000,2.030e-09
metal1,7.3800,14.0000,metal1,7.8400,14.0000,2.001e-10
metal1,7.3800,22.4000,metal1,7.6650,22.4000,2.030e-09
metal1,7.4200,28.0000,metal1,7.8450,28.0000,6.076e-09
metal1,7.4450,19.6000,metal1,7.4650,19.7375,2.020e-07
metal1,7.4450,33.6000,metal1,7.5150,33.6000,9.580e-07
metal1,7.4600,5.6000,metal1,7.5300,5.6000,4.138e-06
metal1,7.4650,8.4000,metal1,7.4750,8.2350,1.433e-11
metal1,7.4650,19.7375,metal1,7.5150,19.4350,4.745e-09
metal1,7.4750,8.2350,metal1,7.5350,8.5075,1.867e-08
metal1,7.5150,19.4350,metal1,7.5350,19.6000,4.745e-09
metal1,7.5150,33.6000,metal1,8.0150,33.6000,9.580e-07
metal1,7.5300,5.6000,metal1,7.6650,5.6000,4.138e-06
metal1,7.5350,8.5075,metal1,7.6100,8.4000,2.348e-08
metal1,7.5350,19.6000,metal1,7.8250,19.6000,7.087e-09
metal1,7.6100,8.4000,metal1,8.0350,8.4000,2.348e-08
metal1,7.6500,11.2000,metal1,7.6650,11.3700,6.066e-09
metal1,7.6500,16.8000,metal1,7.6900,16.6300,1.446e-07
metal1,7.6500,25.2000,metal1,7.7200,25.2000,9.023e-09
metal1,7.6650,5.6000,metal1,7.7350,5.6000,7.643e-08
metal1,7.6650,11.3700,metal1,7.7200,11.0300,6.110e-09
metal1,7.6650,22.4000,metal1,7.7350,22.4000,1.695e-08
metal1,7.6650,30.8000,metal1,7.8000,30.8000,6.131e-08
metal1,7.6900,16.6300,metal1,7.7200,17.0075,6.091e-11
metal1,7.7200,11.0300,metal1,7.7350,11.2000,6.110e-09
metal1,7.7200,17.0075,metal1,7.7600,16.8000,4.360e-07
metal1,7.7200,25.2000,metal1,7.8500,25.2000,9.023e-09
metal1,7.7350,5.6000,metal1,8.2100,5.6000,1.229e-09
metal1,7.7350,11.2000,metal1,7.8450,11.2000,6.110e-09
metal1,7.7350,22.4000,metal1,8.0450,22.4000,1.695e-08
metal1,7.7600,16.8000,metal1,7.8550,16.8000,4.360e-07
metal1,7.8000,30.8000,metal1,7.8450,30.8000,6.131e-08
metal1,7.8250,19.6000,metal1,7.8450,19.7575,7.087e-09
metal1,7.8400,14.0000,metal1,7.9100,14.0000,4.049e-07
metal1,7.8450,2.8000,metal1,7.8550,2.9175,2.652e-11
metal1,7.8450,11.2000,metal1,7.9150,11.2000,1.119e-07
metal1,7.8450,19.7575,metal1,7.8950,19.4300,9.412e-09
metal1,7.8450,28.0000,metal1,7.8650,28.1650,6.076e-09
metal1,7.8450,30.8000,metal1,7.9150,30.8000,1.132e-09
metal1,7.8500,25.2000,metal1,7.8700,25.0300,9.023e-09
metal1,7.8550,2.9175,metal1,7.9150,2.6300,1.307e-10
metal1,7.8550,16.8000,metal1,7.9250,16.8000,8.050e-09
metal1,7.8650,28.1650,metal1,7.9150,27.8650,9.723e-08
metal1,7.8700,25.0300,metal1,7.9200,25.5025,5.048e-07
metal1,7.8950,19.4300,metal1,7.9150,19.6000,9.412e-09
metal1,7.9100,14.0000,metal1,8.0450,14.0000,4.049e-07
metal1,7.9150,2.6300,metal1,7.9250,2.8000,1.307e-10
metal1,7.9150,11.2000,metal1,8.2200,11.2000,2.696e-09
metal1,7.9150,19.6000,metal1,8.2100,19.6000,2.804e-05
metal1,7.9150,27.8650,metal1,7.9350,28.0000,9.723e-08
metal1,7.9150,30.8000,metal1,8.2200,30.8000,1.566e-11
metal1,7.9200,25.5025,metal1,7.9400,25.2000,5.048e-07
metal1,7.9250,2.8000,metal1,8.4200,2.8000,2.932e-10
metal1,7.9250,16.8000,metal1,8.4200,16.8000,4.125e-11
metal1,7.9350,28.0000,metal1,8.4000,28.0000,9.723e-08
metal1,7.9400,25.2000,metal1,8.2200,25.2000,5.048e-07
metal1,8.0150,33.6000,metal1,8.0850,33.6000,1.633e-06
metal1,8.0350,8.4000,metal1,8.1050,8.4000,3.512e-05
metal1,8.0450,14.0000,metal1,8.0600,14.1075,4.049e-07
metal1,8.0450,22.4000,metal1,8.1150,22.5075,2.517e-08
metal1,8.0600,14.1075,metal1,8.1300,14.1075,2.693e-08
metal1,8.0850,33.6000,metal1,9.0050,33.6000,2.479e-09
metal1,8.1050,8.4000,metal1,8.2350,8.4000,3.512e-05
metal1,8.1150,22.5075,metal1,8.1800,22.4000,2.517e-08
metal1,8.1300,14.1075,metal1,8.1800,14.0000,2.693e-08
metal1,8.1800,14.0000,metal1,8.6050,14.0000,2.693e-08
metal1,8.1800,22.4000,metal1,8.6050,22.4000,2.517e-08
metal1,8.2100,5.6000,metal1,8.2300,5.4300,1.229e-09
metal1,8.2100,19.6000,metal1,8.2800,19.6000,1.059e-06
metal1,8.2200,11.2000,metal1,8.2300,11.3700,2.696e-09
metal1,8.2200,25.2000,metal1,8.2900,25.2000,6.234e-06
metal1,8.2200,30.8000,metal1,8.2250,30.6300,1.566e-11
metal1,8.2250,30.6300,metal1,8.2900,30.9650,1.488e-05
metal1,8.2300,5.4300,metal1,8.2800,5.7700,2.099e-09
metal1,8.2300,11.3700,metal1,8.2900,11.0300,3.862e-05
metal1,8.2350,8.4000,metal1,8.3050,8.4000,4.214e-06
metal1,8.2800,5.7700,metal1,8.3000,5.6000,2.099e-09
metal1,8.2800,19.6000,metal1,8.6250,19.6000,2.934e-05
metal1,8.2900,11.0300,metal1,8.3000,11.2000,3.862e-05
metal1,8.2900,25.2000,metal1,8.6250,25.2000,6.234e-06
metal1,8.2900,30.9650,metal1,8.2950,30.8000,1.488e-05
metal1,8.2950,30.8000,metal1,8.4400,30.8000,1.488e-05
metal1,8.3000,5.6000,metal1,8.4150,5.6000,7.007e-06
metal1,8.3000,11.2000,metal1,8.4100,11.2000,3.862e-05
metal1,8.3050,8.4000,metal1,8.4400,8.4000,4.214e-06
metal1,8.4000,28.0000,metal1,8.4700,28.0000,3.074e-08
metal1,8.4100,11.2000,metal1,8.4250,11.0750,3.862e-05
metal1,8.4150,5.6000,metal1,8.4850,5.6000,1.181e-08
metal1,8.4200,2.8000,metal1,8.4500,2.6300,2.932e-10
metal1,8.4200,16.8000,metal1,8.4250,16.6300,4.125e-11
metal1,8.4250,11.0750,metal1,8.4800,11.3375,2.119e-09
metal1,8.4250,16.6300,metal1,8.4900,16.9075,5.867e-07
metal1,8.4400,8.4000,metal1,8.5100,8.4000,5.152e-06
metal1,8.4400,30.8000,metal1,8.5100,30.8000,2.854e-07
metal1,8.4500,2.6300,metal1,8.4900,3.0075,2.535e-07
metal1,8.4700,28.0000,metal1,8.6300,28.0000,1.762e-06
metal1,8.4800,11.3375,metal1,8.4950,11.2000,2.119e-09
metal1,8.4850,5.6000,metal1,8.5900,5.6000,1.181e-08
metal1,8.4900,3.0075,metal1,8.5200,2.8000,2.535e-07
metal1,8.4900,16.9075,metal1,8.5600,16.8000,7.397e-08
metal1,8.4950,11.2000,metal1,8.7850,11.2000,2.119e-09
metal1,8.5100,8.4000,metal1,8.6100,8.4000,5.152e-06
metal1,8.5100,30.8000,metal1,8.6150,30.8000,2.854e-07
metal1,8.5200,2.8000,metal1,8.7950,2.8000,2.535e-07
metal1,8.5600,16.8000,metal1,8.5900,16.8000,7.397e-08
metal1,8.5900,5.6000,metal1,8.6600,5.6000,6.488e-08
metal1,8.5900,16.8000,metal1,8.6600,16.8000,5.995e-09
metal1,8.6050,14.0000,metal1,8.6750,14.0000,2.638e-07
metal1,8.6050,22.4000,metal1,8.6750,22.4000,4.107e-05
metal1,8.6100,8.4000,metal1,8.6800,8.4000,2.419e-05
metal1,8.6150,30.8000,metal1,8.6850,30.8000,2.814e-07
metal1,8.6250,19.6000,metal1,8.6950,19.6000,7.606e-07
metal1,8.6250,25.2000,metal1,8.6950,25.2000,7.041e-06
metal1,8.6300,28.0000,metal1,8.7000,28.0000,3.544e-05
metal1,8.6600,5.6000,metal1,8.7900,5.6000,8.139e-08
metal1,8.6600,16.8000,metal1,8.9650,16.8000,5.995e-09
metal1,8.6750,14.0000,metal1,8.8150,14.0000,2.638e-07
metal1,8.6750,22.4000,metal1,9.3900,22.4000,4.107e-05
metal1,8.6800,8.4000,metal1,8.9900,8.4000,2.120e-06
metal1,8.6850,30.8000,metal1,8.8150,30.8000,2.814e-07
metal1,8.6950,19.6000,metal1,8.8200,19.6000,1.765e-05
metal1,8.6950,25.2000,metal1,8.9850,25.2000,7.041e-06
metal1,8.7000,28.0000,metal1,8.9650,28.0000,3.544e-05
metal1,8.7850,11.2000,metal1,8.8000,11.0750,2.119e-09
metal1,8.7900,5.6000,metal1,8.8600,5.6000,1.674e-05
metal1,8.7950,2.8000,metal1,8.8650,2.8000,4.678e-09
metal1,8.8000,11.0750,metal1,8.8550,11.3375,4.294e-13
metal1,8.8150,14.0000,metal1,8.8850,14.0000,4.604e-07
metal1,8.8150,30.8000,metal1,8.8850,30.8000,3.346e-07
metal1,8.8200,19.6000,metal1,8.8900,19.6000,1.557e-05
metal1,8.8550,11.3375,metal1,8.8700,11.2000,4.294e-13
metal1,8.8600,5.6000,metal1,8.9700,5.6000,1.674e-05
metal1,8.8650,2.8000,metal1,9.1700,2.8000,1.805e-10
metal1,8.8700,11.2000,metal1,9.1650,11.2000,4.297e-13
metal1,8.8850,14.0000,metal1,9.1600,14.0000,4.604e-07
metal1,8.8850,30.8000,metal1,8.9900,30.8000,3.346e-07
metal1,8.8900,19.6000,metal1,9.0050,19.6000,1.557e-05
metal1,8.9650,16.8000,metal1,8.9850,16.6300,5.995e-09
metal1,8.9650,28.0000,metal1,8.9800,28.1750,3.544e-05
metal1,8.9700,5.6000,metal1,9.0400,5.6000,5.251e-08
metal1,8.9800,28.1750,metal1,9.0350,27.8325,3.922e-09
metal1,8.9850,16.6300,metal1,9.0350,16.9650,4.196e-09
metal1,8.9850,25.2000,metal1,9.0550,25.2000,6.126e-06
metal1,8.9900,8.4000,metal1,9.0600,8.4000,4.244e-06
metal1,8.9900,30.8000,metal1,9.0600,30.8000,2.726e-07
metal1,9.0050,19.6000,metal1,9.0750,19.6000,8.012e-07
metal1,9.0050,33.6000,metal1,9.0750,33.6000,3.471e-06
metal1,9.0350,16.9650,metal1,9.0550,16.8000,4.196e-09
metal1,9.0350,27.8325,metal1,9.0500,28.0000,3.922e-09
metal1,9.0400,5.6000,metal1,9.1550,5.6000,5.251e-08
metal1,9.0500,28.0000,metal1,9.3650,28.0000,3.922e-09
metal1,9.0550,16.8000,metal1,9.3450,16.8000,1.407e-11
metal1,9.0550,25.2000,metal1,9.3900,25.2000,6.126e-06
metal1,9.0600,8.4000,metal1,9.1950,8.4000,4.244e-06
metal1,9.0600,30.8000,metal1,9.1950,30.8000,2.726e-07
metal1,9.0750,19.6000,metal1,9.1600,19.6000,8.012e-07
metal1,9.0750,33.6000,metal1,9.7800,33.6000,3.471e-06
metal1,9.1550,5.6000,metal1,9.2250,5.6000,6.346e-07
metal1,9.1600,14.0000,metal1,9.2300,14.0000,8.501e-09
metal1,9.1600,19.6000,metal1,9.1950,19.4300,8.012e-07
metal1,9.1650,11.2000,metal1,9.1800,11.0750,4.293e-13
metal1,9.1700,2.8000,metal1,9.1850,2.6300,1.805e-10
metal1,9.1800,11.0750,metal1,9.2350,11.3375,5.716e-09
metal1,9.1850,2.6300,metal1,9.2400,2.9075,9.055e-07
metal1,9.1950,8.4000,metal1,9.2650,8.4000,4.296e-05
metal1,9.1950,19.4300,metal1,9.2300,19.7375,9.852e-07
metal1,9.1950,30.8000,metal1,9.2650,30.8000,3.346e-07
metal1,9.2250,5.6000,metal1,9.3450,5.6000,6.898e-08
metal1,9.2300,14.0000,metal1,9.5350,14.0000,5.003e-11
metal1,9.2300,19.7375,metal1,9.2650,19.6000,2.201e-06
metal1,9.2350,11.3375,metal1,9.2500,11.2000,5.716e-09
metal1,9.2400,2.9075,metal1,9.3200,2.8000,5.127e-06
metal1,9.2500,11.2000,metal1,9.3600,11.2000,2.275e-05
metal1,9.2650,8.4000,metal1,9.3500,8.4000,4.296e-05
metal1,9.2650,19.6000,metal1,9.5550,19.6000,8.472e-07
metal1,9.2650,30.8000,metal1,9.3700,30.8000,3.346e-07
metal1,9.3200,2.8000,metal1,9.3750,2.8000,5.127e-06
metal1,9.3450,5.6000,metal1,9.4150,5.6000,1.801e-05
metal1,9.3450,16.8000,metal1,9.4150,16.8000,4.953e-09
metal1,9.3500,8.4000,metal1,9.3600,8.5700,4.296e-05
metal1,9.3600,8.5700,metal1,9.4200,8.2325,3.112e-10
metal1,9.3600,11.2000,metal1,9.4300,11.2000,2.918e-08
metal1,9.3650,28.0000,metal1,9.4350,28.0000,7.919e-11
metal1,9.3700,30.8000,metal1,9.4400,30.8000,2.921e-07
metal1,9.3750,2.8000,metal1,9.4450,2.8000,5.505e-09
metal1,9.3900,22.4000,metal1,9.4600,22.4000,5.525e-08
metal1,9.3900,25.2000,metal1,9.4600,25.2000,7.880e-06
metal1,9.4150,5.6000,metal1,9.7550,5.6000,1.801e-05
metal1,9.4150,16.8000,metal1,9.7250,16.8000,4.953e-09
metal1,9.4200,8.2325,metal1,9.4300,8.4000,3.112e-10
metal1,9.4300,8.4000,metal1,10.1250,8.4000,3.046e-08
metal1,9.4300,11.2000,metal1,9.7400,11.2000,2.918e-08
metal1,9.4350,28.0000,metal1,9.7400,28.0000,3.666e-10
metal1,9.4400,30.8000,metal1,9.5750,30.8000,2.921e-07
metal1,9.4450,2.8000,metal1,9.7450,2.8000,4.829e-06
metal1,9.4600,22.4000,metal1,9.7650,22.4000,5.525e-08
metal1,9.4600,25.2000,metal1,9.5400,25.2000,7.880e-06
metal1,9.5350,14.0000,metal1,9.5800,14.1700,4.271e-08
metal1,9.5400,25.2000,metal1,9.5900,25.3700,2.570e-06
metal1,9.5550,19.6000,metal1,9.5750,19.4300,8.472e-07
metal1,9.5750,19.4300,metal1,9.6250,19.7375,5.988e-10
metal1,9.5750,30.8000,metal1,9.6450,30.8000,6.752e-06
metal1,9.5800,14.1700,metal1,9.6050,13.6975,4.271e-08
metal1,9.5900,25.3700,metal1,9.6100,24.9925,6.535e-11
metal1,9.6050,13.6975,metal1,9.6500,14.0000,5.610e-05
metal1,9.6100,24.9925,metal1,9.6600,25.2000,2.101e-06
metal1,9.6250,19.7375,metal1,9.6450,19.6000,5.988e-10
metal1,9.6450,19.6000,metal1,9.9300,19.6000,1.055e-09
metal1,9.6450,30.8000,metal1,9.7400,30.8000,6.752e-06
metal1,9.6500,14.0000,metal1,9.9350,14.0000,5.610e-05
metal1,9.6600,25.2000,metal1,9.9150,25.2000,3.451e-09
metal1,9.7250,16.8000,metal1,9.7400,16.6300,4.953e-09
metal1,9.7400,11.2000,metal1,9.8100,11.2000,3.751e-07
metal1,9.7400,16.6300,metal1,9.7950,16.9100,2.503e-05
metal1,9.7400,28.0000,metal1,9.7450,28.1700,3.666e-10
metal1,9.7400,30.8000,metal1,9.8100,30.8000,4.867e-06
metal1,9.7450,2.8000,metal1,9.8150,2.8000,9.784e-06
metal1,9.7450,28.1700,metal1,9.8100,27.8825,7.774e-08
metal1,9.7550,5.6000,metal1,9.7650,5.7375,1.801e-05
metal1,9.7650,5.7375,metal1,9.8250,5.4625,2.490e-10
metal1,9.7650,22.4000,metal1,9.8350,22.4000,1.285e-08
metal1,9.7800,33.6000,metal1,10.4850,33.6000,3.471e-06
metal1,9.7950,16.9100,metal1,9.8750,16.8000,2.738e-08
metal1,9.8100,11.2000,metal1,9.9000,11.2000,2.775e-05
metal1,9.8100,27.8825,metal1,9.8150,28.0000,7.774e-08
metal1,9.8100,30.8000,metal1,9.9550,30.8000,4.867e-06
metal1,9.8150,2.8000,metal1,9.9400,2.8000,9.784e-06
metal1,9.8150,28.0000,metal1,9.9200,28.0000,7.774e-08
metal1,9.8250,5.4625,metal1,9.8350,5.6000,2.490e-10
metal1,9.8350,5.6000,metal1,10.1300,5.6000,1.755e-09
metal1,9.8350,22.4000,metal1,10.1450,22.4000,1.285e-08
metal1,9.8750,16.8000,metal1,9.9600,16.8000,2.738e-08
metal1,9.9000,11.2000,metal1,10.0350,11.2000,1.689e-06
metal1,9.9150,25.2000,metal1,9.9850,25.2000,4.075e-06
metal1,9.9200,28.0000,metal1,9.9900,28.0000,1.416e-09
metal1,9.9300,19.6000,metal1,9.9550,19.4300,1.055e-09
metal1,9.9350,14.0000,metal1,9.9550,14.1700,5.610e-05
metal1,9.9400,2.8000,metal1,10.0100,2.8000,2.107e-05
metal1,9.9550,14.1700,metal1,10.0050,13.8625,5.678e-09
metal1,9.9550,19.4300,metal1,10.0000,19.7375,2.135e-08
metal1,9.9550,30.8000,metal1,10.0250,30.8000,5.376e-06
metal1,9.9600,16.8000,metal1,10.0300,16.8000,1.927e-08
metal1,9.9850,25.2000,metal1,10.3250,25.2000,4.075e-06
metal1,9.9900,28.0000,metal1,10.2950,28.0000,1.052e-09
metal1,10.0000,19.7375,metal1,10.0250,19.6000,2.135e-08
metal1,10.0050,13.8625,metal1,10.0250,14.0000,5.678e-09
metal1,10.0100,2.8000,metal1,10.1250,2.8000,2.107e-05
metal1,10.0250,14.0000,metal1,10.3350,14.0000,1.165e-07
metal1,10.0250,19.6000,metal1,10.1250,19.6000,2.135e-08
metal1,10.0250,30.8000,metal1,10.1500,30.8000,5.376e-06
metal1,10.0300,16.8000,metal1,10.1200,16.8000,1.927e-08
metal1,10.0350,11.2000,metal1,10.3100,11.2000,1.689e-06
metal1,10.1200,16.8000,metal1,10.2550,16.8000,2.222e-08
metal1,10.1250,2.8000,metal1,10.1950,2.8000,7.364e-08
metal1,10.1250,8.4000,metal1,10.1950,8.4000,9.278e-07
metal1,10.1250,19.6000,metal1,10.1950,19.6000,1.386e-07
metal1,10.1300,5.6000,metal1,10.1450,5.7375,1.755e-09
metal1,10.1450,5.7375,metal1,10.2000,5.4300,5.069e-09
metal1,10.1450,22.4000,metal1,10.2150,22.4000,9.640e-06
metal1,10.1500,30.8000,metal1,10.2200,30.8000,4.638e-09
metal1,10.1950,2.8000,metal1,10.2950,2.8000,7.364e-08
metal1,10.1950,8.4000,metal1,10.5150,8.4000,9.278e-07
metal1,10.1950,19.6000,metal1,10.3350,19.6000,1.386e-07
metal1,10.2000,5.4300,metal1,10.2150,5.6000,5.069e-09
metal1,10.2150,5.6000,metal1,10.5100,5.6000,5.069e-09
metal1,10.2150,22.4000,metal1,10.3400,22.4000,9.640e-06
metal1,10.2200,30.8000,metal1,10.5050,30.8000,4.638e-09
metal1,10.2550,16.8000,metal1,10.3050,16.8000,2.222e-08
metal1,10.2950,2.8000,metal1,10.3650,2.8000,6.539e-08
metal1,10.2950,28.0000,metal1,10.3500,28.1700,7.209e-07
metal1,10.3050,16.8000,metal1,10.4400,16.8000,1.739e-08
metal1,10.3100,11.2000,metal1,10.3250,11.3000,1.689e-06
metal1,10.3250,11.3000,metal1,10.3800,11.0625,3.444e-07
metal1,10.3250,25.2000,metal1,10.4600,25.2000,8.102e-09
metal1,10.3350,14.0000,metal1,10.4050,14.0000,6.638e-05
metal1,10.3350,19.6000,metal1,10.4050,19.6000,7.788e-09
metal1,10.3400,22.4000,metal1,10.4100,22.4000,1.029e-05
metal1,10.3500,28.1700,metal1,10.3650,27.7925,5.967e-11
metal1,10.3650,2.8000,metal1,10.5000,2.8000,6.539e-08
metal1,10.3650,27.7925,metal1,10.4200,28.0000,1.502e-07
metal1,10.3800,11.0625,metal1,10.3950,11.2000,3.444e-07
metal1,10.3950,11.2000,metal1,10.4900,11.2000,3.444e-07
metal1,10.4050,14.0000,metal1,10.6950,14.0000,6.638e-05
metal1,10.4050,19.6000,metal1,10.5000,19.6000,7.788e-09
metal1,10.4100,22.4000,metal1,10.5250,22.4000,1.029e-05
metal1,10.4200,28.0000,metal1,10.7050,28.0000,1.502e-07
metal1,10.4400,16.8000,metal1,10.5000,16.8000,1.739e-08
metal1,10.4600,25.2000,metal1,10.4850,25.2000,8.102e-09
metal1,10.4850,25.2000,metal1,10.5550,25.2000,7.023e-11
metal1,10.4850,33.6000,metal1,10.5550,33.6000,4.146e-06
metal1,10.4900,11.2000,metal1,10.5600,11.2000,1.076e-07
metal1,10.5000,2.8000,metal1,10.5700,2.8000,2.244e-05
metal1,10.5000,16.8000,metal1,10.6350,16.8000,2.223e-08
metal1,10.5000,19.6000,metal1,10.5050,19.4300,7.788e-09
metal1,10.5050,19.4300,metal1,10.5700,19.7700,3.283e-09
metal1,10.5050,30.8000,metal1,10.5250,30.9175,4.638e-09
metal1,10.5100,5.6000,metal1,10.5800,5.6000,2.868e-05
metal1,10.5150,8.4000,metal1,10.5850,8.4000,1.877e-06
metal1,10.5250,22.4000,metal1,10.5950,22.4000,9.937e-06
metal1,10.5250,30.9175,metal1,10.5750,30.6625,1.558e-09
metal1,10.5550,25.2000,metal1,10.8650,25.2000,1.144e-08
metal1,10.5550,33.6000,metal1,11.4750,33.6000,4.957e-09
metal1,10.5600,11.2000,metal1,10.7000,11.2000,6.174e-06
metal1,10.5700,2.8000,metal1,10.8650,2.8000,2.244e-05
metal1,10.5700,19.7700,metal1,10.5750,19.6000,3.283e-09
metal1,10.5750,19.6000,metal1,10.6800,19.6000,3.283e-09
metal1,10.5750,30.6625,metal1,10.5950,30.8000,1.558e-09
metal1,10.5800,5.6000,metal1,10.8800,5.6000,1.825e-08
metal1,10.5850,8.4000,metal1,10.7300,8.4000,1.877e-06
metal1,10.5950,22.4000,metal1,10.7150,22.4000,9.937e-06
metal1,10.5950,30.8000,metal1,10.9050,30.8000,1.558e-09
metal1,10.6350,16.8000,metal1,10.6850,16.8000,2.223e-08
metal1,10.6800,19.6000,metal1,10.7500,19.6000,6.548e-09
metal1,10.6850,16.8000,metal1,10.8200,16.8000,1.739e-08
metal1,10.6950,14.0000,metal1,10.7650,14.0000,1.029e-06
metal1,10.7000,11.2000,metal1,10.7700,11.2000,4.389e-05
metal1,10.7050,28.0000,metal1,10.7750,28.0000,5.955e-12
metal1,10.7150,22.4000,metal1,10.7850,22.4000,9.963e-06
metal1,10.7300,8.4000,metal1,10.8000,8.4000,2.922e-06
metal1,10.7500,19.6000,metal1,10.8800,19.6000,6.548e-09
metal1,10.7650,14.0000,metal1,11.0700,14.0000,5.588e-08
metal1,10.7700,11.2000,metal1,10.8700,11.2000,4.389e-05
metal1,10.7750,28.0000,metal1,11.0800,28.0000,5.956e-12
metal1,10.7850,22.4000,metal1,10.9050,22.4000,9.963e-06
metal1,10.8000,8.4000,metal1,10.8900,8.4000,2.922e-06
metal1,10.8200,16.8000,metal1,10.8800,16.8000,1.739e-08
metal1,10.8650,2.8000,metal1,10.9350,2.8000,2.679e-05
metal1,10.8650,25.2000,metal1,10.8850,25.4075,1.144e-08
metal1,10.8700,11.2000,metal1,10.9400,11.2000,3.337e-05
metal1,10.8800,5.6000,metal1,10.9050,5.7675,1.825e-08
metal1,10.8800,16.8000,metal1,11.0150,16.8000,2.218e-08
metal1,10.8800,19.6000,metal1,10.9500,19.6000,4.229e-08
metal1,10.8850,25.4075,metal1,10.9350,25.0350,1.004e-04
metal1,10.8900,8.4000,metal1,10.9600,8.4000,3.535e-09
metal1,10.9050,5.7675,metal1,10.9500,5.3950,4.126e-09
metal1,10.9050,22.4000,metal1,10.9750,22.4000,1.589e-06
metal1,10.9050,30.8000,metal1,10.9750,30.8000,4.505e-08
metal1,10.9350,2.8000,metal1,11.6450,2.8000,2.679e-05
metal1,10.9350,25.0350,metal1,10.9550,25.2000,1.004e-04
metal1,10.9400,11.2000,metal1,11.0800,11.2000,3.337e-05
metal1,10.9500,5.3950,metal1,10.9750,5.6000,4.126e-09
metal1,10.9500,19.6000,metal1,11.0550,19.6000,1.514e-10
metal1,10.9550,25.2000,metal1,11.2500,25.2000,1.004e-04
metal1,10.9600,8.4000,metal1,11.2700,8.4000,3.535e-09
metal1,10.9750,5.6000,metal1,11.0850,5.6000,4.126e-09
metal1,10.9750,22.4000,metal1,11.0600,22.4000,1.589e-06
metal1,10.9750,30.8000,metal1,11.1100,30.8000,4.505e-08
metal1,11.0150,16.8000,metal1,11.0650,16.8000,2.218e-08
metal1,11.0550,19.6000,metal1,11.1250,19.6000,6.451e-09
metal1,11.0600,22.4000,metal1,11.0950,22.2300,1.589e-06
metal1,11.0650,16.8000,metal1,11.2000,16.8000,2.949e-08
metal1,11.0700,14.0000,metal1,11.1400,14.0000,7.528e-05
metal1,11.0800,11.2000,metal1,11.1500,11.2000,1.167e-06
metal1,11.0800,28.0000,metal1,11.0850,28.1375,5.956e-12
metal1,11.0850,5.6000,metal1,11.1550,5.6000,7.910e-11
metal1,11.0850,28.1375,metal1,11.1500,27.8925,2.169e-07
metal1,11.0950,22.2300,metal1,11.1300,22.5375,1.280e-08
metal1,11.1100,30.8000,metal1,11.1800,30.8000,5.809e-08
metal1,11.1250,19.6000,metal1,11.2600,19.6000,6.451e-09
metal1,11.1300,22.5375,metal1,11.1650,22.4000,4.152e-08
metal1,11.1400,14.0000,metal1,11.2500,14.0000,7.528e-05
metal1,11.1500,11.2000,metal1,11.2450,11.2000,1.167e-06
metal1,11.1500,27.8925,metal1,11.2200,28.0000,2.762e-07
metal1,11.1550,5.6000,metal1,11.6450,5.6000,1.583e-10
metal1,11.1650,22.4000,metal1,11.4350,22.4000,4.152e-08
metal1,11.1800,30.8000,metal1,11.2850,30.8000,5.809e-08
metal1,11.2000,16.8000,metal1,11.4100,16.8000,1.630e-09
metal1,11.2200,28.0000,metal1,11.4600,28.0000,2.762e-07
metal1,11.2450,11.2000,metal1,11.2500,11.3375,1.167e-06
metal1,11.2500,11.3375,metal1,11.3150,11.0300,3.962e-11
metal1,11.2500,14.0000,metal1,11.2900,13.8400,4.563e-08
metal1,11.2500,25.2000,metal1,11.3200,25.2000,5.573e-08
metal1,11.2600,19.6000,metal1,11.3300,19.6000,5.922e-11
metal1,11.2700,8.4000,metal1,11.3400,8.4000,2.534e-07
metal1,11.2850,30.8000,metal1,11.3550,30.8000,9.877e-12
metal1,11.2900,13.8400,metal1,11.3200,14.1375,4.563e-08
metal1,11.3150,11.0300,metal1,11.3200,11.2000,3.962e-11
metal1,11.3200,11.2000,metal1,11.6250,11.2000,6.174e-10
metal1,11.3200,14.1375,metal1,11.3600,14.0000,8.741e-08
metal1,11.3200,25.2000,metal1,11.6400,25.2000,2.928e-07
metal1,11.3300,19.6000,metal1,11.6400,19.6000,5.922e-11
metal1,11.3400,8.4000,metal1,11.4400,8.4000,2.534e-07
metal1,11.3550,30.8000,metal1,11.6650,30.8000,9.880e-12
metal1,11.3600,14.0000,metal1,11.6250,14.0000,8.741e-08
metal1,11.4100,16.8000,metal1,11.4450,16.9100,1.630e-09
metal1,11.4350,22.4000,metal1,11.4750,22.2300,1.579e-08
metal1,11.4400,8.4000,metal1,11.4650,8.5700,2.534e-07
metal1,11.4450,16.9100,metal1,11.5450,16.7450,2.784e-13
metal1,11.4600,28.0000,metal1,11.5300,28.0000,1.180e-06
metal1,11.4650,8.5700,metal1,11.5100,8.2925,1.056e-09
metal1,11.4750,22.2300,metal1,11.5050,22.5375,1.579e-08
metal1,11.4750,33.6000,metal1,11.5450,33.6000,6.059e-06
metal1,11.5050,22.5375,metal1,11.5450,22.4000,6.661e-08
metal1,11.5100,8.2925,metal1,11.6000,8.4000,3.128e-06
metal1,11.5300,28.0000,metal1,11.6450,28.0000,1.180e-06
metal1,11.5450,16.7450,metal1,11.5800,16.8000,2.785e-13
metal1,11.5450,22.4000,metal1,11.8150,22.4000,8.390e-11
metal1,11.5450,33.6000,metal1,12.0100,33.6000,6.059e-06
metal1,11.5800,16.8000,metal1,11.7900,16.8000,2.781e-13
metal1,11.6000,8.4000,metal1,11.8450,8.4000,3.128e-06
metal1,11.6250,11.2000,metal1,11.6950,11.2000,1.182e-07
metal1,11.6250,14.0000,metal1,11.6650,13.8400,3.139e-08
metal1,11.6400,19.6000,metal1,11.7100,19.6000,5.070e-08
metal1,11.6400,25.2000,metal1,11.7100,25.2000,1.648e-07
metal1,11.6450,2.8000,metal1,11.7150,2.8000,4.955e-07
metal1,11.6450,5.6000,metal1,11.6500,5.7175,1.583e-10
metal1,11.6450,28.0000,metal1,11.7150,28.0000,6.506e-05
metal1,11.6500,5.7175,metal1,11.7150,5.4300,4.573e-08
metal1,11.6650,13.8400,metal1,11.6950,14.1375,3.139e-08
metal1,11.6650,30.8000,metal1,11.7350,30.8000,5.063e-08
metal1,11.6950,11.2000,metal1,12.0050,11.2000,1.182e-07
metal1,11.6950,14.1375,metal1,11.7350,14.0000,8.690e-08
metal1,11.7100,19.6000,metal1,12.0200,19.6000,8.648e-10
metal1,11.7100,25.2000,metal1,12.0150,25.2000,1.648e-07
metal1,11.7150,2.8000,metal1,12.0200,2.8000,4.147e-08
metal1,11.7150,5.4300,metal1,11.7200,5.6000,4.573e-08
metal1,11.7150,28.0000,metal1,11.8350,28.0000,6.506e-05
metal1,11.7200,5.6000,metal1,12.2000,5.6000,4.573e-08
metal1,11.7350,14.0000,metal1,12.0050,14.0000,8.690e-08
metal1,11.7350,30.8000,metal1,11.8450,30.8000,5.063e-08
metal1,11.7900,16.8000,metal1,11.8250,16.9100,2.785e-13
metal1,11.8150,22.4000,metal1,11.8550,22.2300,1.581e-08
metal1,11.8250,16.9100,metal1,11.9250,16.7450,2.172e-11
metal1,11.8350,28.0000,metal1,11.9050,28.0000,3.735e-07
metal1,11.8450,8.4000,metal1,11.9150,8.4000,1.029e-05
metal1,11.8450,30.8000,metal1,11.9800,30.8000,8.590e-07
metal1,11.8550,22.2300,metal1,11.8850,22.5375,1.581e-08
metal1,11.8850,22.5375,metal1,11.9250,22.4000,2.774e-08
metal1,11.9050,28.0000,metal1,12.0350,28.0000,3.735e-07
metal1,11.9150,8.4000,metal1,12.0250,8.4000,1.029e-05
metal1,11.9250,16.7450,metal1,11.9600,16.8000,2.172e-11
metal1,11.9250,22.4000,metal1,12.1950,22.4000,2.774e-08
metal1,11.9600,16.8000,metal1,12.1700,16.8000,2.172e-11
metal1,11.9800,30.8000,metal1,12.1950,30.8000,8.590e-07
metal1,12.0050,11.2000,metal1,12.0750,11.2000,8.723e-05
metal1,12.0050,14.0000,metal1,12.0450,13.8400,5.457e-08
metal1,12.0100,33.6000,metal1,12.0800,33.6000,1.121e-07
metal1,12.0150,25.2000,metal1,12.0850,25.2000,1.766e-05
metal1,12.0200,2.8000,metal1,12.0900,2.8000,2.786e-05
metal1,12.0200,19.6000,metal1,12.0450,19.6550,8.648e-10
metal1,12.0250,8.4000,metal1,12.0950,8.4000,5.683e-05
metal1,12.0350,28.0000,metal1,12.1050,28.0000,2.112e-07
metal1,12.0450,13.8400,metal1,12.0750,14.1375,2.203e-08
metal1,12.0450,19.6550,metal1,12.0900,19.3950,2.172e-09
metal1,12.0750,11.2000,metal1,12.1950,11.2000,8.723e-05
metal1,12.0750,14.1375,metal1,12.1150,14.0000,8.691e-08
metal1,12.0800,33.6000,metal1,12.3850,33.6000,1.042e-08
metal1,12.0850,25.2000,metal1,12.2400,25.2000,1.766e-05
metal1,12.0900,2.8000,metal1,12.3850,2.8000,2.786e-05
metal1,12.0900,19.3950,metal1,12.1150,19.6000,2.172e-09
metal1,12.0950,8.4000,metal1,12.4100,8.4000,1.830e-07
metal1,12.1050,28.0000,metal1,12.2100,28.0000,2.112e-07
metal1,12.1150,14.0000,metal1,12.3850,14.0000,8.691e-08
metal1,12.1150,19.6000,metal1,12.4000,19.6000,2.172e-09
metal1,12.1700,16.8000,metal1,12.2350,16.9100,2.172e-11
metal1,12.1950,11.2000,metal1,12.2650,11.2000,6.479e-07
metal1,12.1950,22.4000,metal1,12.2150,22.2300,2.774e-08
metal1,12.1950,30.8000,metal1,12.2650,30.8000,1.544e-06
metal1,12.2000,5.6000,metal1,12.2500,5.4300,5.557e-07
metal1,12.2100,28.0000,metal1,12.2800,28.0000,2.511e-06
metal1,12.2150,22.2300,metal1,12.2650,22.5750,6.248e-05
metal1,12.2350,16.9100,metal1,12.3050,16.8000,1.016e-07
metal1,12.2400,25.2000,metal1,12.3100,25.2000,2.893e-05
metal1,12.2500,5.4300,metal1,12.2700,5.8075,1.397e-11
metal1,12.2650,11.2000,metal1,12.4000,11.2000,6.479e-07
metal1,12.2650,22.5750,metal1,12.2850,22.4000,6.248e-05
metal1,12.2650,30.8000,metal1,12.4050,30.8000,1.544e-06
metal1,12.2700,5.8075,metal1,12.3200,5.6000,4.554e-07
metal1,12.2800,28.0000,metal1,12.4150,28.0000,8.978e-06
metal1,12.2850,22.4000,metal1,12.5950,22.4000,6.248e-05
metal1,12.3050,16.8000,metal1,12.4050,16.8000,1.016e-07
metal1,12.3100,25.2000,metal1,12.3950,25.2000,2.893e-05
metal1,12.3200,5.6000,metal1,12.5750,5.6000,9.301e-10
metal1,12.3850,2.8000,metal1,12.4550,2.8000,2.854e-05
metal1,12.3850,14.0000,metal1,12.4250,13.8400,3.139e-08
metal1,12.3850,33.6000,metal1,12.4550,33.6000,7.014e-06
metal1,12.3950,25.2000,metal1,12.4650,25.2000,1.115e-07
metal1,12.4000,11.2000,metal1,12.4700,11.2000,4.160e-07
metal1,12.4000,19.6000,metal1,12.4700,19.6000,1.566e-08
metal1,12.4050,16.8000,metal1,12.4750,16.8000,1.818e-07
metal1,12.4050,30.8000,metal1,12.4750,30.8000,3.550e-05
metal1,12.4100,8.4000,metal1,12.4800,8.4000,7.240e-05
metal1,12.4150,28.0000,metal1,12.4850,28.0000,8.590e-06
metal1,12.4250,13.8400,metal1,12.4550,14.1375,3.139e-08
metal1,12.4550,2.8000,metal1,12.5950,2.8000,2.854e-05
metal1,12.4550,14.1375,metal1,12.4950,14.0000,8.690e-08
metal1,12.4550,33.6000,metal1,12.7850,33.6000,7.014e-06
metal1,12.4650,25.2000,metal1,12.6150,25.2000,2.165e-05
metal1,12.4700,11.2000,metal1,12.5750,11.2000,4.160e-07
metal1,12.4700,19.6000,metal1,12.7800,19.6000,1.566e-08
metal1,12.4750,16.8000,metal1,12.5500,16.8000,1.818e-07
metal1,12.4750,30.8000,metal1,12.5800,30.8000,3.550e-05
metal1,12.4800,8.4000,metal1,12.7950,8.4000,7.240e-05
metal1,12.4850,28.0000,metal1,12.6000,28.0000,8.590e-06
metal1,12.4950,14.0000,metal1,12.7650,14.0000,8.690e-08
metal1,12.5500,16.8000,metal1,12.6850,16.8000,2.515e-07
metal1,12.5750,5.6000,metal1,12.6450,5.6000,7.663e-08
metal1,12.5750,11.2000,metal1,12.6450,11.2000,7.966e-07
metal1,12.5800,30.8000,metal1,12.6500,30.8000,8.877e-09
metal1,12.5950,2.8000,metal1,12.6650,2.8000,5.272e-07
metal1,12.5950,22.4000,metal1,12.6650,22.4000,1.155e-06
metal1,12.6000,28.0000,metal1,12.6700,28.0000,5.097e-05
metal1,12.6150,25.2000,metal1,12.6850,25.2000,1.794e-08
metal1,12.6450,5.6000,metal1,12.9750,5.6000,7.663e-08
metal1,12.6450,11.2000,metal1,12.7800,11.2000,7.966e-07
metal1,12.6500,30.8000,metal1,12.9550,30.8000,8.877e-09
metal1,12.6650,2.8000,metal1,12.9550,2.8000,5.858e-09
metal1,12.6650,22.4000,metal1,12.9700,22.4000,9.492e-08
metal1,12.6700,28.0000,metal1,12.7950,28.0000,3.577e-05
metal1,12.6850,16.8000,metal1,12.7800,16.8000,2.515e-07
metal1,12.6850,25.2000,metal1,12.9950,25.2000,1.794e-08
metal1,12.7650,14.0000,metal1,12.8050,13.8400,5.055e-08
metal1,12.7800,11.2000,metal1,12.8500,11.2000,7.882e-07
metal1,12.7800,16.8000,metal1,12.8500,16.8000,4.651e-05
metal1,12.7800,19.6000,metal1,12.8500,19.6000,2.322e-09
metal1,12.7850,33.6000,metal1,12.8550,33.6000,1.297e-07
metal1,12.7950,8.4000,metal1,12.8050,8.2625,7.240e-05
metal1,12.7950,28.0000,metal1,12.8650,28.0000,3.139e-05
metal1,12.8050,8.2625,metal1,12.8650,8.5375,2.196e-09
metal1,12.8050,13.8400,metal1,12.8350,14.1375,5.055e-08
metal1,12.8350,14.1375,metal1,12.8750,14.0000,1.013e-04
metal1,12.8500,11.2000,metal1,12.9850,11.2000,7.882e-07
metal1,12.8500,16.8000,metal1,12.9850,16.8000,4.651e-05
metal1,12.8500,19.6000,metal1,13.1600,19.6000,2.322e-09
metal1,12.8550,33.6000,metal1,13.1600,33.6000,1.155e-08
metal1,12.8650,8.5375,metal1,12.8750,8.4000,2.196e-09
metal1,12.8650,28.0000,metal1,12.9800,28.0000,3.139e-05
metal1,12.8750,8.4000,metal1,13.1700,8.4000,5.046e-09
metal1,12.8750,14.0000,metal1,12.9600,14.0000,1.013e-04
metal1,12.9550,2.8000,metal1,12.9700,2.6250,5.858e-09
metal1,12.9550,30.8000,metal1,12.9750,30.6300,8.877e-09
metal1,12.9600,14.0000,metal1,13.0300,14.0000,8.332e-08
metal1,12.9700,2.6250,metal1,13.0250,2.9700,3.345e-05
metal1,12.9700,22.4000,metal1,13.0400,22.4000,6.375e-05
metal1,12.9750,5.6000,metal1,12.9850,5.4300,7.663e-08
metal1,12.9750,30.6300,metal1,13.0250,30.9700,7.633e-13
metal1,12.9800,28.0000,metal1,13.0500,28.0000,2.861e-06
metal1,12.9850,5.4300,metal1,13.0450,5.7075,7.235e-07
metal1,12.9850,11.2000,metal1,13.0550,11.2000,2.098e-07
metal1,12.9850,16.8000,metal1,13.0550,16.8000,1.907e-07
metal1,12.9950,25.2000,metal1,13.0650,25.2000,3.518e-05
metal1,13.0250,2.9700,metal1,13.0400,2.8000,3.345e-05
metal1,13.0250,30.9700,metal1,13.0450,30.8000,7.633e-13
metal1,13.0300,14.0000,metal1,13.3350,14.0000,2.036e-08
metal1,13.0400,2.8000,metal1,13.5250,2.8000,1.318e-06
metal1,13.0400,22.4000,metal1,13.1650,22.4000,6.375e-05
metal1,13.0450,5.7075,metal1,13.1200,5.6000,2.332e-06
metal1,13.0450,30.8000,metal1,13.3350,30.8000,3.682e-13
metal1,13.0500,28.0000,metal1,13.1500,28.0000,2.861e-06
metal1,13.0550,11.2000,metal1,13.3600,11.2000,2.098e-07
metal1,13.0550,16.8000,metal1,13.1850,16.8000,1.907e-07
metal1,13.0650,25.2000,metal1,13.1300,25.2000,3.518e-05
metal1,13.1200,5.6000,metal1,13.3500,5.6000,3.202e-09
metal1,13.1300,25.2000,metal1,13.2650,25.2000,1.589e-05
metal1,13.1500,28.0000,metal1,13.1700,28.1700,2.861e-06
metal1,13.1600,19.6000,metal1,13.1650,19.6550,2.322e-09
metal1,13.1600,33.6000,metal1,13.2300,33.6000,7.764e-06
metal1,13.1650,19.6550,metal1,13.2300,19.4825,1.083e-09
metal1,13.1650,22.4000,metal1,13.2350,22.4000,1.179e-06
metal1,13.1700,8.4000,metal1,13.1850,8.2625,5.046e-09
metal1,13.1700,28.1700,metal1,13.2200,27.8625,3.859e-09
metal1,13.1850,8.2625,metal1,13.2400,8.5700,9.472e-09
metal1,13.1850,16.8000,metal1,13.2550,16.8000,1.552e-07
metal1,13.2200,27.8625,metal1,13.2400,28.0000,3.859e-09
metal1,13.2300,19.4825,metal1,13.2350,19.6000,1.083e-09
metal1,13.2300,33.6000,metal1,13.5250,33.6000,7.764e-06
metal1,13.2350,19.6000,metal1,13.5400,19.6000,1.083e-09
metal1,13.2350,22.4000,metal1,13.5400,22.4000,9.512e-08
metal1,13.2400,8.5700,metal1,13.2550,8.4000,9.472e-09
metal1,13.2400,28.0000,metal1,13.5250,28.0000,6.055e-09
metal1,13.2550,8.4000,metal1,13.5400,8.4000,9.472e-09
metal1,13.2550,16.8000,metal1,13.5500,16.8000,5.800e-09
metal1,13.2650,25.2000,metal1,13.3750,25.2000,1.589e-05
metal1,13.3350,14.0000,metal1,13.3500,14.1700,2.036e-08
metal1,13.3350,30.8000,metal1,13.3500,30.6300,3.687e-13
metal1,13.3500,5.6000,metal1,13.4200,5.6000,3.984e-06
metal1,13.3500,14.1700,metal1,13.4050,13.9000,1.025e-12
metal1,13.3500,30.6300,metal1,13.4050,30.9700,3.654e-09
metal1,13.3600,11.2000,metal1,13.4300,11.2000,4.273e-07
metal1,13.3750,25.2000,metal1,13.4450,25.2000,9.242e-07
metal1,13.4050,13.9000,metal1,13.4200,14.0000,1.025e-12
metal1,13.4050,30.9700,metal1,13.4200,30.8000,3.654e-09
metal1,13.4200,5.6000,metal1,13.5450,5.6000,3.984e-06
metal1,13.4200,14.0000,metal1,13.7150,14.0000,1.025e-12
metal1,13.4200,30.8000,metal1,13.7150,30.8000,3.654e-09
metal1,13.4300,11.2000,metal1,13.7400,11.2000,4.273e-07
metal1,13.4450,25.2000,metal1,13.5450,25.2000,9.242e-07
metal1,13.5250,2.8000,metal1,13.5950,2.8000,3.669e-06
metal1,13.5250,28.0000,metal1,13.5500,28.1700,6.055e-09
metal1,13.5250,33.6000,metal1,13.5950,33.6000,8.448e-06
metal1,13.5400,8.4000,metal1,13.5500,8.5000,9.472e-09
metal1,13.5400,19.6000,metal1,13.6100,19.6000,5.061e-08
metal1,13.5400,22.4000,metal1,13.6100,22.4000,6.386e-05
metal1,13.5450,5.6000,metal1,13.6150,5.6000,5.353e-05
metal1,13.5450,25.2000,metal1,13.6150,25.2000,3.358e-07
metal1,13.5500,8.5000,metal1,13.6100,8.2625,3.756e-08
metal1,13.5500,16.8000,metal1,13.5650,16.9700,5.800e-09
metal1,13.5500,28.1700,metal1,13.5950,27.8625,7.436e-05
metal1,13.5650,16.9700,metal1,13.6200,16.6300,5.777e-05
metal1,13.5950,2.8000,metal1,13.7550,2.8000,3.669e-06
metal1,13.5950,27.8625,metal1,13.6200,28.0000,7.436e-05
metal1,13.5950,33.6000,metal1,14.8550,33.6000,8.448e-06
metal1,13.6100,8.2625,metal1,13.6200,8.4000,3.756e-08
metal1,13.6100,19.6000,metal1,13.7700,19.6000,5.061e-08
metal1,13.6100,22.4000,metal1,13.7200,22.4000,6.386e-05
metal1,13.6150,5.6000,metal1,13.7350,5.6000,5.353e-05
metal1,13.6150,25.2000,metal1,13.7550,25.2000,3.358e-07
metal1,13.6200,8.4000,metal1,13.7200,8.4000,3.756e-08
metal1,13.6200,16.6300,metal1,13.6350,16.8000,5.777e-05
metal1,13.6200,28.0000,metal1,13.9200,28.0000,7.436e-05
metal1,13.6350,16.8000,metal1,13.7200,16.8000,5.777e-05
metal1,13.7150,14.0000,metal1,13.7300,14.1700,1.025e-12
metal1,13.7150,30.8000,metal1,13.7300,30.6300,3.654e-09
metal1,13.7200,8.4000,metal1,13.7900,8.4000,5.211e-07
metal1,13.7200,16.8000,metal1,13.7900,16.8000,7.980e-06
metal1,13.7200,22.4000,metal1,13.7900,22.4000,8.687e-08
metal1,13.7300,14.1700,metal1,13.7850,13.9000,1.157e-09
metal1,13.7300,30.6300,metal1,13.7850,30.9675,5.654e-09
metal1,13.7350,5.6000,metal1,13.8050,5.6000,9.900e-07
metal1,13.7400,11.2000,metal1,13.8100,11.2000,1.655e-04
metal1,13.7550,2.8000,metal1,13.8250,2.8000,3.985e-05
metal1,13.7550,25.2000,metal1,13.8250,25.2000,1.032e-07
metal1,13.7700,19.6000,metal1,13.8400,19.6000,1.019e-07
metal1,13.7850,13.9000,metal1,13.8000,14.0000,1.157e-09
metal1,13.7850,30.9675,metal1,13.8000,30.8000,5.654e-09
metal1,13.7900,8.4000,metal1,13.9200,8.4000,5.211e-07
metal1,13.7900,16.8000,metal1,13.9200,16.8000,7.980e-06
metal1,13.7900,22.4000,metal1,14.0950,22.4000,8.687e-08
metal1,13.8000,14.0000,metal1,14.0950,14.0000,1.540e-08
metal1,13.8000,30.8000,metal1,13.9500,30.8000,5.654e-09
metal1,13.8050,5.6000,metal1,14.1100,5.6000,7.991e-08
metal1,13.8100,11.2000,metal1,13.9500,11.2000,1.655e-04
metal1,13.8250,2.8000,metal1,13.9100,2.8000,3.985e-05
metal1,13.8250,25.2000,metal1,13.9200,25.2000,1.032e-07
metal1,13.8400,19.6000,metal1,13.9200,19.6000,1.019e-07
metal1,13.9100,2.8000,metal1,13.9800,2.8000,7.369e-07
metal1,13.9200,8.4000,metal1,13.9900,8.4000,3.222e-09
metal1,13.9200,16.8000,metal1,13.9900,16.8000,5.003e-05
metal1,13.9200,19.6000,metal1,13.9900,19.6000,5.596e-11
metal1,13.9200,25.2000,metal1,13.9500,25.0300,1.032e-07
metal1,13.9200,28.0000,metal1,13.9900,28.0000,1.419e-06
metal1,13.9500,11.2000,metal1,14.0200,11.2000,1.033e-07
metal1,13.9500,25.0300,metal1,13.9900,25.3375,2.393e-08
metal1,13.9500,30.8000,metal1,14.0200,30.8000,2.215e-11
metal1,13.9800,2.8000,metal1,14.2850,2.8000,6.075e-08
metal1,13.9900,8.4000,metal1,14.0950,8.4000,7.591e-07
metal1,13.9900,16.8000,metal1,14.0950,16.8000,2.080e-07
metal1,13.9900,19.6000,metal1,14.3000,19.6000,5.596e-11
metal1,13.9900,25.3375,metal1,14.0200,25.2000,2.393e-08
metal1,13.9900,28.0000,metal1,14.2850,28.0000,1.419e-06
metal1,14.0200,11.2000,metal1,14.7050,11.2000,1.033e-07
metal1,14.0200,25.2000,metal1,14.1150,25.2000,2.393e-08
metal1,14.0200,30.8000,metal1,14.3250,30.8000,2.215e-11
metal1,14.0950,8.4000,metal1,14.1650,8.4000,1.369e-08
metal1,14.0950,14.0000,metal1,14.1650,14.0000,2.865e-08
metal1,14.0950,16.8000,metal1,14.1650,16.8000,7.942e-07
metal1,14.0950,22.4000,metal1,14.1650,22.4000,1.163e-07
metal1,14.1100,5.6000,metal1,14.1800,5.6000,5.365e-05
metal1,14.1150,25.2000,metal1,14.1850,25.2000,1.351e-08
metal1,14.1650,8.4000,metal1,14.4750,8.4000,1.751e-08
metal1,14.1650,14.0000,metal1,14.3000,14.0000,2.865e-08
metal1,14.1650,16.8000,metal1,14.6850,16.8000,7.942e-07
metal1,14.1650,22.4000,metal1,14.4750,22.4000,1.163e-07
metal1,14.1800,5.6000,metal1,14.3050,5.6000,5.365e-05
metal1,14.1850,25.2000,metal1,14.3250,25.2000,1.351e-08
metal1,14.2850,2.8000,metal1,14.3550,2.8000,4.080e-05
metal1,14.2850,28.0000,metal1,14.3550,28.0000,1.373e-06
metal1,14.3000,14.0000,metal1,14.3700,14.0000,5.739e-10
metal1,14.3000,19.6000,metal1,14.3700,19.6000,5.770e-08
metal1,14.3050,5.6000,metal1,14.3150,5.4300,5.365e-05
metal1,14.3150,5.4300,metal1,14.3750,5.7700,3.113e-09
metal1,14.3250,25.2000,metal1,14.3950,25.2000,1.801e-08
metal1,14.3250,30.8000,metal1,14.3950,30.8000,1.082e-08
metal1,14.3550,2.8000,metal1,14.6850,2.8000,4.080e-05
metal1,14.3550,28.0000,metal1,14.6850,28.0000,1.373e-06
metal1,14.3700,14.0000,metal1,14.4750,14.0000,5.739e-10
metal1,14.3700,19.6000,metal1,14.5050,19.6000,5.770e-08
metal1,14.3750,5.7700,metal1,14.3850,5.6000,3.113e-09
metal1,14.3850,5.6000,metal1,14.6800,5.6000,2.141e-08
metal1,14.3950,25.2000,metal1,14.4900,25.2000,1.801e-08
metal1,14.3950,30.8000,metal1,14.4950,30.8000,1.082e-08
metal1,14.4750,8.4000,metal1,14.4900,8.2300,1.751e-08
metal1,14.4750,14.0000,metal1,14.4800,14.1700,5.739e-10
metal1,14.4750,22.4000,metal1,14.5450,22.4000,8.684e-05
metal1,14.4800,14.1700,metal1,14.5450,13.8300,1.705e-10
metal1,14.4900,8.2300,metal1,14.5450,8.5000,4.524e-06
metal1,14.4900,25.2000,metal1,14.5600,25.2000,1.088e-09
metal1,14.4950,30.8000,metal1,14.5650,30.8000,8.099e-09
metal1,14.5050,19.6000,metal1,14.6400,19.6000,1.026e-07
metal1,14.5450,8.5000,metal1,14.5600,8.4000,4.524e-06
metal1,14.5450,13.8300,metal1,14.5500,14.0000,1.705e-10
metal1,14.5450,22.4000,metal1,14.6700,22.4000,8.684e-05
metal1,14.5500,14.0000,metal1,14.8550,14.0000,5.034e-08
metal1,14.5600,8.4000,metal1,14.7100,8.4000,4.524e-06
metal1,14.5600,25.2000,metal1,14.6950,25.2000,1.087e-09
metal1,14.5650,30.8000,metal1,14.7050,30.8000,8.099e-09
metal1,14.6400,19.6000,metal1,14.6800,19.6000,1.026e-07
metal1,14.6700,22.4000,metal1,14.7400,22.4000,3.306e-06
metal1,14.6800,5.6000,metal1,14.7500,5.6000,2.489e-07
metal1,14.6800,19.6000,metal1,14.7500,19.6000,1.195e-08
metal1,14.6850,2.8000,metal1,14.7550,2.8000,7.546e-07
metal1,14.6850,16.8000,metal1,14.7050,16.6825,7.942e-07
metal1,14.6850,28.0000,metal1,14.7550,28.0000,1.859e-06
metal1,14.6950,25.2000,metal1,14.7050,25.0300,1.087e-09
metal1,14.7050,11.2000,metal1,14.7750,11.2000,3.665e-06
metal1,14.7050,16.6825,metal1,14.7550,16.9375,8.444e-10
metal1,14.7050,25.0300,metal1,14.7650,25.3375,3.396e-10
metal1,14.7050,30.8000,metal1,14.7750,30.8000,3.631e-10
metal1,14.7100,8.4000,metal1,14.7800,8.4000,9.338e-05
metal1,14.7400,22.4000,metal1,14.8850,22.4000,9.220e-05
metal1,14.7500,5.6000,metal1,14.8800,5.6000,2.489e-07
metal1,14.7500,19.6000,metal1,15.0600,19.6000,1.195e-08
metal1,14.7550,2.8000,metal1,15.0600,2.8000,6.226e-08
metal1,14.7550,16.9375,metal1,14.7750,16.8000,8.444e-10
metal1,14.7550,28.0000,metal1,14.8550,28.0000,1.859e-06
metal1,14.7650,25.3375,metal1,14.7750,25.2000,3.396e-10
metal1,14.7750,11.2000,metal1,14.8950,11.2000,3.665e-06
metal1,14.7750,16.8000,metal1,15.0850,16.8000,1.107e-11
metal1,14.7750,25.2000,metal1,15.0850,25.2000,7.011e-09
metal1,14.7750,30.8000,metal1,15.0850,30.8000,3.631e-10
metal1,14.7800,8.4000,metal1,14.8550,8.4000,9.338e-05
metal1,14.8550,8.4000,metal1,14.9250,8.4000,1.967e-06
metal1,14.8550,14.0000,metal1,14.9000,14.1700,2.923e-05
metal1,14.8550,28.0000,metal1,14.9250,28.0000,1.588e-07
metal1,14.8550,33.6000,metal1,14.9250,33.6000,9.149e-06
metal1,14.8800,5.6000,metal1,14.9500,5.6000,5.704e-05
metal1,14.8850,22.4000,metal1,14.9550,22.4000,2.690e-07
metal1,14.8950,11.2000,metal1,14.9650,11.2000,5.922e-08
metal1,14.9000,14.1700,metal1,14.9250,13.8625,2.923e-05
metal1,14.9250,8.4000,metal1,15.0850,8.4000,1.967e-06
metal1,14.9250,13.8625,metal1,14.9700,14.0000,1.018e-04
metal1,14.9250,28.0000,metal1,15.2650,28.0000,1.588e-07
metal1,14.9250,33.6000,metal1,15.4250,33.6000,9.149e-06
metal1,14.9500,5.6000,metal1,15.0500,5.6000,5.704e-05
metal1,14.9550,22.4000,metal1,15.0650,22.4000,2.690e-07
metal1,14.9650,11.2000,metal1,15.2750,11.2000,5.930e-09
metal1,14.9700,14.0000,metal1,15.2350,14.0000,1.018e-04
metal1,15.0500,5.6000,metal1,15.1200,5.6000,1.055e-06
metal1,15.0600,2.8000,metal1,15.1300,2.8000,4.182e-05
metal1,15.0600,19.6000,metal1,15.0650,19.6550,1.195e-08
metal1,15.0650,19.6550,metal1,15.1300,19.4350,9.585e-05
metal1,15.0650,22.4000,metal1,15.1350,22.4000,1.520e-08
metal1,15.0850,8.4000,metal1,15.0900,8.5375,1.967e-06
metal1,15.0850,16.8000,metal1,15.1550,16.8000,8.534e-09
metal1,15.0850,25.2000,metal1,15.1550,25.2000,1.502e-08
metal1,15.0850,30.8000,metal1,15.1000,30.6625,3.631e-10
metal1,15.0900,8.5375,metal1,15.1550,8.2625,7.718e-11
metal1,15.1000,30.6625,metal1,15.1550,31.0075,1.637e-10
metal1,15.1200,5.6000,metal1,15.4250,5.6000,8.587e-08
metal1,15.1300,2.8000,metal1,15.4400,2.8000,4.182e-05
metal1,15.1300,19.4350,metal1,15.1350,19.6000,9.585e-05
metal1,15.1350,19.6000,metal1,15.4450,19.6000,9.585e-05
metal1,15.1350,22.4000,metal1,15.2600,22.4000,1.520e-08
metal1,15.1550,8.2625,metal1,15.1600,8.4000,7.718e-11
metal1,15.1550,16.8000,metal1,15.2800,16.8000,8.534e-09
metal1,15.1550,25.2000,metal1,15.2600,25.2000,1.502e-08
metal1,15.1550,31.0075,metal1,15.1700,30.8000,1.637e-10
metal1,15.1600,8.4000,metal1,15.4650,8.4000,7.718e-11
metal1,15.1700,30.8000,metal1,15.4650,30.8000,1.637e-10
metal1,15.2350,14.0000,metal1,15.2750,14.1700,3.241e-05
metal1,15.2600,22.4000,metal1,15.3300,22.4000,1.477e-07
metal1,15.2600,25.2000,metal1,15.3300,25.2000,4.279e-07
metal1,15.2650,28.0000,metal1,15.2900,28.1700,1.588e-07
metal1,15.2750,11.2000,metal1,15.3450,11.2000,4.180e-06
metal1,15.2750,14.1700,metal1,15.3050,13.8625,3.241e-05
metal1,15.2800,16.8000,metal1,15.2900,16.9375,8.534e-09
metal1,15.2900,16.9375,metal1,15.3500,16.5925,3.629e-09
metal1,15.2900,28.1700,metal1,15.3350,27.7925,2.304e-10
metal1,15.3050,13.8625,metal1,15.3450,14.0000,1.871e-08
metal1,15.3300,22.4000,metal1,15.6400,22.4000,1.477e-07
metal1,15.3300,25.2000,metal1,15.4650,25.2000,4.279e-07
metal1,15.3350,27.7925,metal1,15.3600,28.0000,2.302e-10
metal1,15.3450,11.2000,metal1,15.4700,11.2000,4.180e-06
metal1,15.3450,14.0000,metal1,15.4450,14.0000,1.871e-08
metal1,15.3500,16.5925,metal1,15.3600,16.8000,3.629e-09
metal1,15.3600,16.8000,metal1,15.6550,16.8000,3.629e-09
metal1,15.3600,28.0000,metal1,15.8300,28.0000,9.916e-12
metal1,15.4250,5.6000,metal1,15.4950,5.6000,5.766e-05
metal1,15.4250,33.6000,metal1,15.4950,33.6000,9.823e-06
metal1,15.4400,2.8000,metal1,15.5100,2.8000,4.764e-07
metal1,15.4450,14.0000,metal1,15.5150,14.0000,9.191e-12
metal1,15.4450,19.6000,metal1,15.5150,19.6000,6.538e-07
metal1,15.4650,8.4000,metal1,15.5350,8.4000,1.928e-11
metal1,15.4650,25.2000,metal1,15.5350,25.2000,1.474e-04
metal1,15.4650,30.8000,metal1,15.5350,30.8000,1.879e-07
metal1,15.4700,11.2000,metal1,15.5400,11.2000,1.826e-04
metal1,15.4950,5.6000,metal1,15.6350,5.6000,5.766e-05
metal1,15.4950,33.6000,metal1,15.8250,33.6000,9.823e-06
metal1,15.5100,2.8000,metal1,15.8050,2.8000,4.764e-07
metal1,15.5150,14.0000,metal1,15.6550,14.0000,9.190e-12
metal1,15.5150,19.6000,metal1,15.6200,19.6000,6.538e-07
metal1,15.5350,8.4000,metal1,15.8450,8.4000,1.928e-11
metal1,15.5350,25.2000,metal1,15.6450,25.2000,1.474e-04
metal1,15.5350,30.8000,metal1,15.6450,30.8000,1.879e-07
metal1,15.5400,11.2000,metal1,15.6350,11.2000,1.826e-04
metal1,15.6200,19.6000,metal1,15.6900,19.6000,2.587e-07
metal1,15.6350,5.6000,metal1,15.7050,5.6000,1.066e-06
metal1,15.6350,11.2000,metal1,15.6600,11.0300,1.826e-04
metal1,15.6400,22.4000,metal1,15.7100,22.4000,1.067e-04
metal1,15.6450,25.2000,metal1,15.7150,25.2000,1.715e-07
metal1,15.6450,30.8000,metal1,15.7150,30.8000,1.650e-07
metal1,15.6550,14.0000,metal1,15.7250,14.0000,1.198e-08
metal1,15.6550,16.8000,metal1,15.7250,16.8000,8.082e-09
metal1,15.6600,11.0300,metal1,15.7050,11.3375,9.588e-09
metal1,15.6900,19.6000,metal1,15.8200,19.6000,2.587e-07
metal1,15.7050,5.6000,metal1,16.0100,5.6000,8.605e-08
metal1,15.7050,11.3375,metal1,15.7300,11.2000,9.588e-09
metal1,15.7100,22.4000,metal1,15.8250,22.4000,1.067e-04
metal1,15.7150,25.2000,metal1,15.8050,25.2000,1.715e-07
metal1,15.7150,30.8000,metal1,15.8350,30.8000,1.650e-07
metal1,15.7250,14.0000,metal1,15.8200,14.0000,1.198e-08
metal1,15.7250,16.8000,metal1,16.0250,16.8000,8.082e-09
metal1,15.7300,11.2000,metal1,16.0100,11.2000,1.444e-08
metal1,15.8050,2.8000,metal1,15.8750,2.8000,4.760e-07
metal1,15.8050,25.2000,metal1,15.8750,25.2000,1.990e-06
metal1,15.8200,14.0000,metal1,15.8900,14.0000,4.851e-07
metal1,15.8200,19.6000,metal1,15.8900,19.6000,3.431e-06
metal1,15.8250,22.4000,metal1,15.8950,22.4000,3.969e-06
metal1,15.8250,33.6000,metal1,15.8950,33.6000,1.817e-07
metal1,15.8300,28.0000,metal1,15.9000,28.0000,1.067e-08
metal1,15.8350,30.8000,metal1,15.9700,30.8000,2.215e-07
metal1,15.8450,8.4000,metal1,15.9150,8.4000,2.811e-08
metal1,15.8750,2.8000,metal1,16.2050,2.8000,4.760e-07
metal1,15.8750,25.2000,metal1,16.2100,25.2000,1.122e-08
metal1,15.8900,14.0000,metal1,16.0350,14.0000,4.851e-07
metal1,15.8900,19.6000,metal1,15.9950,19.6000,4.247e-07
metal1,15.8950,22.4000,metal1,16.3800,22.4000,1.083e-04
metal1,15.8950,33.6000,metal1,16.2000,33.6000,1.573e-08
metal1,15.9000,28.0000,metal1,16.0250,28.0000,1.067e-08
metal1,15.9150,8.4000,metal1,16.2250,8.4000,2.811e-08
metal1,15.9700,30.8000,metal1,16.0200,30.8000,2.215e-07
metal1,15.9950,19.6000,metal1,16.0650,19.6000,9.709e-05
metal1,16.0100,5.6000,metal1,16.0800,5.6000,5.777e-05
metal1,16.0100,11.2000,metal1,16.0350,11.0300,1.444e-08
metal1,16.0200,30.8000,metal1,16.0900,30.8000,1.174e-10
metal1,16.0250,16.8000,metal1,16.0350,16.6925,8.082e-09
metal1,16.0250,28.0000,metal1,16.1600,28.0000,4.780e-07
metal1,16.0350,11.0300,metal1,16.0800,11.3375,4.779e-08
metal1,16.0350,14.0000,metal1,16.1050,14.0000,1.760e-04
metal1,16.0350,16.6925,metal1,16.1050,16.6925,2.855e-08
metal1,16.0650,19.6000,metal1,16.6050,19.6000,9.709e-05
metal1,16.0800,5.6000,metal1,16.5700,5.6000,5.777e-05
metal1,16.0800,11.3375,metal1,16.1050,11.2000,4.779e-08
metal1,16.0900,30.8000,metal1,16.3950,30.8000,1.174e-10
metal1,16.1050,11.2000,metal1,16.2300,11.2000,4.779e-08
metal1,16.1050,14.0000,metal1,16.1900,14.0000,1.760e-04
metal1,16.1050,16.6925,metal1,16.1600,16.8000,2.855e-08
metal1,16.1600,16.8000,metal1,16.4150,16.8000,2.855e-08
metal1,16.1600,28.0000,metal1,16.1900,28.0000,4.780e-07
metal1,16.1900,14.0000,metal1,16.2250,13.8300,1.760e-04
metal1,16.1900,28.0000,metal1,16.2600,28.0000,8.833e-09
metal1,16.2000,33.6000,metal1,16.2700,33.6000,1.057e-05
metal1,16.2050,2.8000,metal1,16.2750,2.8000,5.572e-06
metal1,16.2100,25.2000,metal1,16.2150,25.3700,1.122e-08
metal1,16.2150,25.3700,metal1,16.2800,25.0625,1.594e-06
metal1,16.2250,8.4000,metal1,16.2950,8.4000,4.109e-05
metal1,16.2250,13.8300,metal1,16.2600,14.1375,1.610e-07
metal1,16.2300,11.2000,metal1,16.3000,11.2000,6.532e-07
metal1,16.2600,14.1375,metal1,16.2950,14.0000,1.210e-07
metal1,16.2600,28.0000,metal1,16.5650,28.0000,3.913e-10
metal1,16.2700,33.6000,metal1,16.3800,33.6000,1.057e-05
metal1,16.2750,2.8000,metal1,16.3750,2.8000,5.572e-06
metal1,16.2800,25.0625,metal1,16.2850,25.2000,1.594e-06
metal1,16.2850,25.2000,metal1,16.4050,25.2000,1.594e-06
metal1,16.2950,8.4000,metal1,16.5700,8.4000,4.109e-05
metal1,16.2950,14.0000,metal1,16.6050,14.0000,2.709e-08
metal1,16.3000,11.2000,metal1,16.4150,11.2000,6.532e-07
metal1,16.3750,2.8000,metal1,16.4450,2.8000,6.717e-07
metal1,16.3800,22.4000,metal1,16.4200,22.2300,8.146e-06
metal1,16.3800,33.6000,metal1,16.4500,33.6000,4.254e-07
metal1,16.3950,30.8000,metal1,16.4000,30.9650,1.174e-10
metal1,16.4000,30.9650,metal1,16.4650,30.6625,5.754e-05
metal1,16.4050,25.2000,metal1,16.4750,25.2000,6.304e-05
metal1,16.4150,11.2000,metal1,16.4850,11.2000,8.043e-10
metal1,16.4150,16.8000,metal1,16.4850,16.8000,2.714e-07
metal1,16.4200,22.2300,metal1,16.4500,22.5350,8.146e-06
metal1,16.4450,2.8000,metal1,16.7750,2.8000,6.717e-07
metal1,16.4500,22.5350,metal1,16.4900,22.4000,3.464e-05
metal1,16.4500,33.6000,metal1,17.3650,33.6000,6.147e-08
metal1,16.4500,33.6000,metal2,17.1400,33.6000,7.631e-05
metal1,16.4650,30.6625,metal1,16.4700,30.8000,5.754e-05
metal1,16.4700,30.8000,metal1,16.5700,30.8000,5.754e-05
metal1,16.4750,25.2000,metal1,16.5900,25.2000,6.304e-05
metal1,16.4850,11.2000,metal1,16.7950,11.2000,8.042e-10
metal1,16.4850,16.8000,metal1,16.5850,16.8000,2.714e-07
metal1,16.4900,22.4000,metal1,16.7750,22.4000,6.989e-05
metal1,16.5650,28.0000,metal1,16.5850,28.1700,3.913e-10
metal1,16.5700,5.6000,metal1,16.6400,5.6000,2.188e-06
metal1,16.5700,8.4000,metal1,16.6050,8.5375,4.109e-05
metal1,16.5700,30.8000,metal1,16.6400,30.8000,2.147e-06
metal1,16.5850,16.8000,metal1,16.6550,16.8000,4.443e-07
metal1,16.5850,28.1700,metal1,16.6350,27.8350,9.973e-05
metal1,16.5900,25.2000,metal1,16.6600,25.2000,6.072e-05
metal1,16.6050,8.5375,metal1,16.6400,8.2625,2.949e-05
metal1,16.6050,14.0000,metal1,16.6100,14.1700,2.709e-08
metal1,16.6050,19.6000,metal1,16.6750,19.6000,1.533e-06
metal1,16.6100,14.1700,metal1,16.6750,13.8625,7.729e-08
metal1,16.6350,27.8350,metal1,16.6550,28.0000,9.973e-05
metal1,16.6400,5.6000,metal1,16.9750,5.6000,6.070e-05
metal1,16.6400,8.2625,metal1,16.6750,8.4000,4.984e-05
metal1,16.6400,30.8000,metal1,16.9850,30.8000,5.874e-05
metal1,16.6550,16.8000,metal1,16.7950,16.8000,4.443e-07
metal1,16.6550,28.0000,metal1,16.9750,28.0000,9.973e-05
metal1,16.6600,25.2000,metal1,16.7800,25.2000,6.072e-05
metal1,16.6750,8.4000,metal1,16.8000,8.4000,4.984e-05
metal1,16.6750,13.8625,metal1,16.6800,14.0000,7.729e-08
metal1,16.6750,19.6000,metal1,16.7600,19.6000,2.398e-06
metal1,16.6800,14.0000,metal1,16.7850,14.0000,7.729e-08
metal1,16.7600,19.6000,metal1,16.8300,19.6000,1.409e-08
metal1,16.7750,2.8000,metal1,16.8100,2.6300,6.717e-07
metal1,16.7750,22.4000,metal1,16.8450,22.4000,8.349e-06
metal1,16.7800,25.2000,metal1,16.8500,25.2000,6.196e-05
metal1,16.7850,14.0000,metal1,16.8550,14.0000,2.204e-06
metal1,16.7950,11.2000,metal1,16.8650,11.2000,4.623e-08
metal1,16.7950,16.8000,metal1,16.8650,16.8000,8.594e-05
metal1,16.8000,8.4000,metal1,16.8700,8.4000,9.280e-07
metal1,16.8100,2.6300,metal1,16.8450,3.0075,3.703e-08
metal1,16.8300,19.6000,metal1,16.9850,19.6000,1.635e-06
metal1,16.8450,3.0075,metal1,16.8800,2.8000,2.046e-07
metal1,16.8450,22.4000,metal1,17.1500,22.4000,1.554e-07
metal1,16.8450,22.4000,metal2,17.1400,22.4000,3.233e-04
metal1,16.8500,25.2000,metal1,16.9700,25.2000,6.196e-05
metal1,16.8550,14.0000,metal1,16.9850,14.0000,2.204e-06
metal1,16.8650,11.2000,metal1,16.9850,11.2000,4.623e-08
metal1,16.8650,16.8000,metal1,16.9750,16.8000,8.594e-05
metal1,16.8700,8.4000,metal1,16.9450,8.4000,9.280e-07
metal1,16.8800,2.8000,metal1,17.1500,2.8000,2.631e-07
metal1,16.8800,2.8000,metal2,17.1400,2.8000,1.569e-04
metal1,16.9450,8.4000,metal1,17.0150,8.4000,5.319e-06
metal1,16.9700,25.2000,metal1,17.0400,25.2000,3.455e-04
metal1,16.9750,5.6000,metal1,17.0450,5.6000,4.764e-06
metal1,16.9750,16.8000,metal1,16.9900,16.6625,8.594e-05
metal1,16.9750,28.0000,metal1,16.9900,27.8300,9.973e-05
metal1,16.9850,11.2000,metal1,16.9900,11.0650,4.623e-08
metal1,16.9850,14.0000,metal1,17.0550,14.0000,1.929e-05
metal1,16.9850,19.6000,metal1,17.0550,19.6000,1.078e-04
metal1,16.9850,30.8000,metal1,16.9900,30.9375,5.874e-05
metal1,16.9900,11.0650,metal1,17.0550,11.3375,2.198e-05
metal1,16.9900,16.6625,metal1,17.0450,16.9375,1.240e-04
metal1,16.9900,27.8300,metal1,17.0450,28.1375,1.097e-07
metal1,16.9900,30.9375,metal1,17.0550,30.6625,2.458e-08
metal1,17.0150,8.4000,metal1,17.5550,8.4000,4.775e-08
metal1,17.0150,8.4000,metal2,17.1400,8.4000,3.851e-04
metal1,17.0400,25.2000,metal1,17.1600,25.2000,1.433e-05
metal1,17.0400,25.2000,metal2,17.1400,25.2000,3.598e-04
metal1,17.0450,5.6000,metal1,17.5300,5.6000,4.403e-08
metal1,17.0450,5.6000,metal2,17.1400,5.6000,1.973e-04
metal1,17.0450,16.9375,metal1,17.0600,16.8000,1.240e-04
metal1,17.0450,28.1375,metal1,17.0600,28.0000,1.097e-07
metal1,17.0550,11.3375,metal1,17.0600,11.2000,2.198e-05
metal1,17.0550,14.0000,metal1,17.3500,14.0000,1.584e-07
metal1,17.0550,14.0000,metal2,17.1400,14.0000,4.147e-04
metal1,17.0550,19.6000,metal1,17.1400,19.6000,1.078e-04
metal1,17.0550,30.6625,metal1,17.0600,30.8000,2.458e-08
metal1,17.0600,11.2000,metal1,17.3650,11.2000,3.876e-04
metal1,17.0600,11.2000,metal2,17.1400,11.2000,4.096e-04
metal1,17.0600,16.8000,metal1,17.3500,16.8000,1.615e-04
metal1,17.0600,16.8000,metal2,17.1400,16.8000,2.855e-04
metal1,17.0600,28.0000,metal1,17.3650,28.0000,1.197e-06
metal1,17.0600,28.0000,metal2,17.1400,28.0000,3.124e-04
metal1,17.0600,30.8000,metal1,17.3650,30.8000,3.918e-07
metal1,17.0600,30.8000,metal2,17.1400,30.8000,1.895e-04
metal1,17.1400,19.6000,metal1,17.2100,19.6000,2.471e-07
metal1,17.1400,19.6000,metal2,17.1400,19.6000,2.897e-04
metal1,17.1500,2.8000,metal1,17.2200,2.8000,2.664e-06
metal1,17.1500,22.4000,metal1,17.1750,22.2300,1.554e-07
metal1,17.1600,25.2000,metal1,17.1800,25.3375,1.433e-05
metal1,17.1750,22.2300,metal1,17.2200,22.5350,2.056e-04
metal1,17.1800,25.3375,metal1,17.2300,25.0625,1.843e-06
metal1,17.2100,19.6000,metal1,17.5150,19.6000,2.471e-07
metal1,17.2200,2.8000,metal1,17.5150,2.8000,2.664e-06
metal1,17.2200,22.5350,metal1,17.2450,22.4000,2.056e-04
metal1,17.2300,25.0625,metal1,17.2500,25.2000,1.843e-06
metal1,17.2450,22.4000,metal1,17.3300,22.4000,2.056e-04
metal1,17.2500,25.2000,metal1,17.3700,25.2000,1.843e-06
metal1,17.3300,22.4000,metal1,17.4000,22.4000,7.533e-06
metal1,17.3500,14.0000,metal1,17.3650,14.1700,1.584e-07
metal1,17.3500,16.8000,metal1,17.3650,16.6625,1.615e-04
metal1,17.3650,11.2000,metal1,17.4350,11.2000,4.324e-08
metal1,17.3650,14.1700,metal1,17.4200,13.8625,3.825e-06
metal1,17.3650,16.6625,metal1,17.4200,16.9375,8.741e-09
metal1,17.3650,28.0000,metal1,17.4350,28.0000,1.705e-06
metal1,17.3650,30.8000,metal1,17.4350,30.8000,6.418e-07
metal1,17.3650,33.6000,metal1,17.4350,33.6000,6.199e-05
metal1,17.3700,25.2000,metal1,17.4400,25.2000,2.812e-05
metal1,17.4000,22.4000,metal1,17.5200,22.4000,2.023e-04
metal1,17.4200,13.8625,metal1,17.4350,14.0000,3.825e-06
metal1,17.4200,16.9375,metal1,17.4350,16.8000,8.741e-09
metal1,17.4350,11.2000,metal1,17.7450,11.2000,4.324e-08
metal1,17.4350,14.0000,metal1,17.5450,14.0000,3.825e-06
metal1,17.4350,16.8000,metal1,17.7300,16.8000,8.741e-09
metal1,17.4350,28.0000,metal1,17.5400,28.0000,1.705e-06
metal1,17.4350,30.8000,metal1,17.5450,30.8000,6.418e-07
metal1,17.4350,33.6000,metal1,17.7050,33.6000,6.199e-05
metal1,17.4400,25.2000,metal1,17.5550,25.2000,2.812e-05
metal1,17.5150,2.8000,metal1,17.5450,2.6250,2.664e-06
metal1,17.5150,19.6000,metal1,17.5850,19.6000,1.322e-08
metal1,17.5200,22.4000,metal1,17.5900,22.4000,7.422e-06
metal1,17.5300,5.6000,metal1,17.5400,5.4325,4.403e-08
metal1,17.5400,5.4325,metal1,17.6000,5.7700,3.953e-08
metal1,17.5400,28.0000,metal1,17.6100,28.0000,1.431e-06
metal1,17.5450,2.6250,metal1,17.5850,2.9075,2.793e-06
metal1,17.5450,14.0000,metal1,17.6150,14.0000,6.242e-05
metal1,17.5450,30.8000,metal1,17.6150,30.8000,2.886e-07
metal1,17.5550,8.4000,metal1,17.6250,8.4000,2.172e-06
metal1,17.5550,25.2000,metal1,17.6250,25.2000,2.709e-05
metal1,17.5850,2.9075,metal1,17.6800,2.8000,1.798e-07
metal1,17.5850,19.6000,metal1,17.8950,19.6000,1.322e-08
metal1,17.5900,22.4000,metal1,17.7350,22.4000,1.996e-04
metal1,17.6000,5.7700,metal1,17.6100,5.6000,3.953e-08
metal1,17.6100,5.6000,metal1,17.7100,5.6000,3.953e-08
metal1,17.6100,28.0000,metal1,17.7450,28.0000,1.431e-06
metal1,17.6150,14.0000,metal1,17.7450,14.0000,6.242e-05
metal1,17.6150,30.8000,metal1,17.7450,30.8000,2.886e-07
metal1,17.6250,8.4000,metal1,17.7050,8.4000,2.172e-06
metal1,17.6250,25.2000,metal1,17.7450,25.2000,2.709e-05
metal1,17.6800,2.8000,metal1,17.9150,2.8000,1.798e-07
metal1,17.7050,8.4000,metal1,17.7750,8.4000,2.552e-04
metal1,17.7050,33.6000,metal1,17.7750,33.6000,6.129e-05
metal1,17.7100,5.6000,metal1,17.7800,5.6000,7.143e-10
metal1,17.7300,16.8000,metal1,17.7450,16.6625,8.741e-09
metal1,17.7350,22.4000,metal1,17.8050,22.4000,2.610e-06
metal1,17.7450,11.2000,metal1,17.7500,11.3375,4.324e-08
metal1,17.7450,14.0000,metal1,17.8150,14.0000,7.403e-05
metal1,17.7450,16.6625,metal1,17.8000,16.9375,5.040e-06
metal1,17.7450,25.2000,metal1,17.8150,25.2000,2.709e-05
metal1,17.7450,28.0000,metal1,17.8150,28.0000,2.669e-06
metal1,17.7450,30.8000,metal1,17.8150,30.8000,3.444e-07
metal1,17.7500,11.3375,metal1,17.8150,10.8975,2.030e-06
metal1,17.7750,8.4000,metal1,17.9150,8.4000,2.552e-04
metal1,17.7750,33.6000,metal1,18.0900,33.6000,6.129e-05
metal1,17.7800,5.6000,metal1,18.0850,5.6000,8.487e-10
metal1,17.8000,16.9375,metal1,17.8150,16.8000,5.040e-06
metal1,17.8050,22.4000,metal1,17.9000,22.4000,2.610e-06
metal1,17.8150,10.8975,metal1,17.8200,11.2000,2.030e-06
metal1,17.8150,14.0000,metal1,17.9200,14.0000,7.403e-05
metal1,17.8150,16.8000,metal1,17.9400,16.8000,5.040e-06
metal1,17.8150,25.2000,metal1,17.9350,25.2000,2.709e-05
metal1,17.8150,28.0000,metal1,17.8950,28.0000,2.669e-06
metal1,17.8150,30.8000,metal1,17.9200,30.8000,3.444e-07
metal1,17.8200,11.2000,metal1,17.9400,11.2000,2.030e-06
metal1,17.8950,19.6000,metal1,17.9000,19.4300,1.322e-08
metal1,17.8950,28.0000,metal1,17.9650,28.0000,1.486e-06
metal1,17.9000,19.4300,metal1,17.9650,19.7375,1.397e-08
metal1,17.9000,22.4000,metal1,17.9700,22.4000,2.247e-08
metal1,17.9150,2.8000,metal1,17.9850,2.8000,2.706e-07
metal1,17.9150,8.4000,metal1,17.9850,8.4000,1.626e-06
metal1,17.9200,14.0000,metal1,17.9900,14.0000,6.049e-05
metal1,17.9200,30.8000,metal1,17.9900,30.8000,2.805e-07
metal1,17.9350,25.2000,metal1,18.0050,25.2000,2.709e-05
metal1,17.9400,11.2000,metal1,18.0100,11.2000,1.796e-04
metal1,17.9400,16.8000,metal1,18.0100,16.8000,9.751e-05
metal1,17.9650,19.7375,metal1,17.9700,19.6000,1.397e-08
metal1,17.9650,28.0000,metal1,18.1250,28.0000,1.486e-06
metal1,17.9700,19.6000,metal1,18.2750,19.6000,1.397e-08
metal1,17.9700,22.4000,metal1,18.1100,22.4000,1.393e-06
metal1,17.9850,2.8000,metal1,18.1050,2.8000,2.706e-07
metal1,17.9850,8.4000,metal1,18.1000,8.4000,1.626e-06
metal1,17.9900,14.0000,metal1,18.1250,14.0000,6.049e-05
metal1,17.9900,30.8000,metal1,18.1250,30.8000,2.805e-07
metal1,18.0050,25.2000,metal1,18.1250,25.2000,2.709e-05
metal1,18.0100,11.2000,metal1,18.1250,11.2000,1.796e-04
metal1,18.0100,16.8000,metal1,18.1250,16.8000,9.751e-05
metal1,18.0850,5.6000,metal1,18.1550,5.6000,5.810e-07
metal1,18.0900,33.6000,metal1,18.1600,33.6000,2.228e-06
metal1,18.1000,8.4000,metal1,18.1700,8.4000,7.287e-07
metal1,18.1050,2.8000,metal1,18.1750,2.8000,5.505e-07
metal1,18.1100,22.4000,metal1,18.1800,22.4000,7.716e-05
metal1,18.1250,11.2000,metal1,18.1950,11.2000,2.254e-07
metal1,18.1250,14.0000,metal1,18.1950,14.0000,6.748e-06
metal1,18.1250,16.8000,metal1,18.1950,16.8000,1.431e-08
metal1,18.1250,25.2000,metal1,18.1950,25.2000,2.709e-05
metal1,18.1250,28.0000,metal1,18.1950,28.0000,2.882e-05
metal1,18.1250,30.8000,metal1,18.1950,30.8000,3.455e-07
metal1,18.1550,5.6000,metal1,18.2950,5.6000,5.810e-07
metal1,18.1600,33.6000,metal1,18.4850,33.6000,5.937e-05
metal1,18.1700,8.4000,metal1,18.2900,8.4000,7.287e-07
metal1,18.1750,2.8000,metal1,18.2900,2.8000,5.505e-07
metal1,18.1800,22.4000,metal1,18.3200,22.4000,7.716e-05
metal1,18.1950,11.2000,metal1,18.5050,11.2000,2.254e-07
metal1,18.1950,14.0000,metal1,18.2800,14.0000,6.748e-06
metal1,18.1950,16.8000,metal1,18.5050,16.8000,1.431e-08
metal1,18.1950,25.2000,metal1,18.3150,25.2000,2.709e-05
metal1,18.1950,28.0000,metal1,18.3050,28.0000,2.882e-05
metal1,18.1950,30.8000,metal1,18.3000,30.8000,3.455e-07
metal1,18.2750,19.6000,metal1,18.3450,19.6000,1.321e-07
metal1,18.2800,14.0000,metal1,18.3000,13.8400,6.748e-06
metal1,18.2900,2.8000,metal1,18.3600,2.8000,8.417e-05
metal1,18.2900,8.4000,metal1,18.3600,8.4000,4.639e-07
metal1,18.2950,5.6000,metal1,18.3650,5.6000,3.226e-08
metal1,18.3000,13.8400,metal1,18.3500,14.1375,1.073e-06
metal1,18.3000,30.8000,metal1,18.3700,30.8000,5.458e-08
metal1,18.3050,28.0000,metal1,18.3750,28.0000,2.530e-05
metal1,18.3150,25.2000,metal1,18.3850,25.2000,2.709e-05
metal1,18.3200,22.4000,metal1,18.3900,22.4000,1.014e-04
metal1,18.3450,19.6000,metal1,18.4650,19.6000,1.321e-07
metal1,18.3500,14.1375,metal1,18.3700,14.0000,1.073e-06
metal1,18.3600,2.8000,metal1,18.4950,2.8000,8.417e-05
metal1,18.3600,8.4000,metal1,18.4800,8.4000,4.639e-07
metal1,18.3650,5.6000,metal1,18.5100,5.6000,3.226e-08
metal1,18.3700,14.0000,metal1,18.5100,14.0000,1.073e-06
metal1,18.3700,30.8000,metal1,18.5050,30.8000,5.458e-08
metal1,18.3750,28.0000,metal1,18.5050,28.0000,2.530e-05
metal1,18.3850,25.2000,metal1,18.5050,25.2000,2.709e-05
metal1,18.3900,22.4000,metal1,18.4900,22.4000,1.014e-04
metal1,18.4650,19.6000,metal1,18.5350,19.6000,9.183e-07
metal1,18.4800,8.4000,metal1,18.5100,8.5000,4.639e-07
metal1,18.4850,33.6000,metal1,18.5550,33.6000,1.098e-06
metal1,18.4900,22.4000,metal1,18.5600,22.4000,8.149e-06
metal1,18.4950,2.8000,metal1,18.5650,2.8000,1.137e-06
metal1,18.5050,11.2000,metal1,18.5750,11.2000,9.535e-06
metal1,18.5050,16.8000,metal1,18.5750,16.8000,8.671e-05
metal1,18.5050,25.2000,metal1,18.5750,25.2000,2.716e-05
metal1,18.5050,28.0000,metal1,18.5750,28.0000,1.442e-04
metal1,18.5050,30.8000,metal1,18.5750,30.8000,1.222e-04
metal1,18.5100,5.6000,metal1,18.5800,5.6000,8.461e-09
metal1,18.5100,8.5000,metal1,18.5500,8.2625,5.909e-08
metal1,18.5100,14.0000,metal1,18.5800,14.0000,2.343e-05
metal1,18.5350,19.6000,metal1,18.8450,19.6000,1.526e-09
metal1,18.5500,8.2625,metal1,18.5800,8.4000,5.909e-08
metal1,18.5550,33.6000,metal1,18.8600,33.6000,8.734e-08
metal1,18.5600,22.4000,metal1,18.6750,22.4000,8.149e-06
metal1,18.5650,2.8000,metal1,18.6950,2.8000,1.137e-06
metal1,18.5750,11.2000,metal1,18.6850,11.2000,9.535e-06
metal1,18.5750,16.8000,metal1,18.6950,16.8000,8.671e-05
metal1,18.5750,25.2000,metal1,18.6950,25.2000,2.716e-05
metal1,18.5750,28.0000,metal1,18.6600,28.0000,3.870e-05
metal1,18.5750,30.8000,metal1,18.6550,30.8000,1.222e-04
metal1,18.5800,5.6000,metal1,18.9000,5.6000,8.461e-09
metal1,18.5800,8.4000,metal1,18.8850,8.4000,6.914e-07
metal1,18.5800,14.0000,metal1,18.6550,14.0000,2.343e-05
metal1,18.6550,14.0000,metal1,18.7250,14.0000,1.291e-05
metal1,18.6550,30.8000,metal1,18.7000,30.9750,1.574e-07
metal1,18.6600,28.0000,metal1,18.7300,28.0000,1.943e-05
metal1,18.6750,22.4000,metal1,18.6950,22.2300,8.149e-06
metal1,18.6850,11.2000,metal1,18.6950,11.3375,9.535e-06
metal1,18.6950,2.8000,metal1,18.7650,2.8000,3.181e-09
metal1,18.6950,11.3375,metal1,18.7550,11.0650,6.399e-09
metal1,18.6950,16.8000,metal1,18.7650,16.8000,1.819e-06
metal1,18.6950,22.2300,metal1,18.7450,22.5375,8.230e-10
metal1,18.6950,25.2000,metal1,18.7650,25.2000,2.603e-06
metal1,18.7000,30.9750,metal1,18.7250,30.6625,1.107e-04
metal1,18.7250,14.0000,metal1,18.8850,14.0000,1.291e-05
metal1,18.7250,30.6625,metal1,18.7700,30.8000,2.231e-08
metal1,18.7300,28.0000,metal1,18.8700,28.0000,1.943e-05
metal1,18.7450,22.5375,metal1,18.7650,22.4000,8.230e-10
metal1,18.7550,11.0650,metal1,18.7650,11.2000,6.399e-09
metal1,18.7650,2.8000,metal1,18.8700,2.8000,1.334e-06
metal1,18.7650,11.2000,metal1,19.0600,11.2000,6.399e-09
metal1,18.7650,16.8000,metal1,18.8500,16.8000,1.819e-06
metal1,18.7650,22.4000,metal1,19.0500,22.4000,3.248e-11
metal1,18.7650,25.2000,metal1,18.8650,25.2000,2.603e-06
metal1,18.7700,30.8000,metal1,19.0550,30.8000,2.231e-08
metal1,18.8450,19.6000,metal1,18.9150,19.6000,1.422e-07
metal1,18.8500,16.8000,metal1,18.9200,16.8000,1.873e-09
metal1,18.8600,33.6000,metal1,18.9300,33.6000,5.862e-05
metal1,18.8650,25.2000,metal1,18.8850,25.0300,2.603e-06
metal1,18.8700,2.8000,metal1,18.9400,2.8000,8.672e-07
metal1,18.8700,28.0000,metal1,18.9400,28.0000,1.346e-04
metal1,18.8850,8.4000,metal1,18.9550,8.4000,1.724e-06
metal1,18.8850,14.0000,metal1,18.9550,14.0000,2.229e-05
metal1,18.8850,25.0300,metal1,18.9350,25.3375,3.680e-08
metal1,18.9000,5.6000,metal1,18.9700,5.6000,1.020e-08
metal1,18.9150,19.6000,metal1,19.0350,19.6000,1.422e-07
metal1,18.9200,16.8000,metal1,19.2250,16.8000,1.873e-09
metal1,18.9300,33.6000,metal1,19.2250,33.6000,5.862e-05
metal1,18.9350,25.3375,metal1,18.9550,25.2000,3.680e-08
metal1,18.9400,2.8000,metal1,19.0750,2.8000,8.672e-07
metal1,18.9400,28.0000,metal1,19.0350,28.0000,1.523e-06
metal1,18.9550,8.4000,metal1,19.0500,8.4000,1.724e-06
metal1,18.9550,14.0000,metal1,19.0350,14.0000,2.229e-05
metal1,18.9550,25.2000,metal1,19.2400,25.2000,3.575e-08
metal1,18.9700,5.6000,metal1,19.2650,5.6000,1.020e-08
metal1,19.0350,14.0000,metal1,19.1050,14.0000,1.291e-05
metal1,19.0350,19.6000,metal1,19.1050,19.6000,1.310e-04
metal1,19.0350,28.0000,metal1,19.0800,28.1700,1.919e-04
metal1,19.0500,8.4000,metal1,19.1200,8.4000,1.188e-06
metal1,19.0500,22.4000,metal1,19.0750,22.2300,3.248e-11
metal1,19.0550,30.8000,metal1,19.0750,30.9700,2.231e-08
metal1,19.0600,11.2000,metal1,19.1300,11.2000,1.330e-08
metal1,19.0750,2.8000,metal1,19.1450,2.8000,2.222e-08
metal1,19.0750,22.2300,metal1,19.1200,22.5375,2.085e-07
metal1,19.0750,30.9700,metal1,19.1250,30.6625,3.017e-10
metal1,19.0800,28.1700,metal1,19.1050,27.6975,1.919e-04
metal1,19.1050,14.0000,metal1,19.2650,14.0000,1.291e-05
metal1,19.1050,19.6000,metal1,19.2450,19.6000,1.310e-04
metal1,19.1050,27.6975,metal1,19.1500,28.0000,2.947e-07
metal1,19.1200,8.4000,metal1,19.2650,8.4000,1.188e-06
metal1,19.1200,22.5375,metal1,19.1450,22.4000,2.085e-07
metal1,19.1250,30.6625,metal1,19.1450,30.8000,3.017e-10
metal1,19.1300,11.2000,metal1,19.4400,11.2000,1.330e-08
metal1,19.1450,2.8000,metal1,19.2500,2.8000,2.222e-08
metal1,19.1450,22.4000,metal1,19.2300,22.4000,2.085e-07
metal1,19.1450,30.8000,metal1,19.4300,30.8000,7.338e-11
metal1,19.1500,28.0000,metal1,19.6050,28.0000,2.947e-07
metal1,19.2250,16.8000,metal1,19.2950,16.8000,4.407e-07
metal1,19.2250,33.6000,metal1,19.2950,33.6000,5.794e-05
metal1,19.2300,22.4000,metal1,19.3000,22.4000,4.093e-08
metal1,19.2400,25.2000,metal1,19.2550,25.0300,3.575e-08
metal1,19.2450,19.6000,metal1,19.2550,19.7700,1.310e-04
metal1,19.2500,2.8000,metal1,19.2550,2.6625,2.222e-08
metal1,19.2550,2.6625,metal1,19.3200,2.9375,6.095e-09
metal1,19.2550,19.7700,metal1,19.3150,19.4625,5.285e-10
metal1,19.2550,25.0300,metal1,19.3100,25.3375,2.942e-08
metal1,19.2650,5.6000,metal1,19.3350,5.6000,5.986e-07
metal1,19.2650,8.4000,metal1,19.3350,8.4000,4.710e-08
metal1,19.2650,14.0000,metal1,19.3350,14.0000,2.229e-05
metal1,19.2950,16.8000,metal1,19.4600,16.8000,4.407e-07
metal1,19.2950,33.6000,metal1,19.6250,33.6000,5.794e-05
metal1,19.3000,22.4000,metal1,19.4550,22.4000,2.425e-06
metal1,19.3100,25.3375,metal1,19.3250,25.2000,2.942e-08
metal1,19.3150,19.4625,metal1,19.3250,19.6000,5.285e-10
metal1,19.3200,2.9375,metal1,19.3250,2.8000,6.095e-09
metal1,19.3250,2.8000,metal1,19.6300,2.8000,6.095e-09
metal1,19.3250,19.6000,metal1,19.6300,19.6000,2.580e-07
metal1,19.3250,25.2000,metal1,19.6100,25.2000,2.942e-08
metal1,19.3350,5.6000,metal1,19.4600,5.6000,5.986e-07
metal1,19.3350,8.4000,metal1,19.4350,8.4000,4.710e-08
metal1,19.3350,14.0000,metal1,19.4150,14.0000,2.229e-05
metal1,19.4150,14.0000,metal1,19.4850,14.0000,1.291e-05
metal1,19.4300,30.8000,metal1,19.4550,30.9700,7.338e-11
metal1,19.4350,8.4000,metal1,19.5050,8.4000,1.657e-08
metal1,19.4400,11.2000,metal1,19.4600,11.3375,1.330e-08
metal1,19.4550,22.4000,metal1,19.5250,22.4000,1.721e-04
metal1,19.4550,30.9700,metal1,19.5000,30.6625,3.438e-06
metal1,19.4600,5.6000,metal1,19.5300,5.6000,7.326e-07
metal1,19.4600,11.3375,metal1,19.5100,10.8975,1.762e-04
metal1,19.4600,16.8000,metal1,19.5300,16.8000,1.162e-07
metal1,19.4850,14.0000,metal1,19.6450,14.0000,1.291e-05
metal1,19.5000,30.6625,metal1,19.5250,30.8000,3.438e-06
metal1,19.5050,8.4000,metal1,19.6450,8.4000,1.657e-08
metal1,19.5100,10.8975,metal1,19.5300,11.2000,1.762e-04
metal1,19.5250,22.4000,metal1,19.8150,22.4000,1.721e-04
metal1,19.5250,30.8000,metal1,19.7950,30.8000,3.438e-06
metal1,19.5300,5.6000,metal1,19.6350,5.6000,7.326e-07
metal1,19.5300,11.2000,metal1,19.6100,11.2000,1.762e-04
metal1,19.5300,16.8000,metal1,19.6050,16.8000,1.162e-07
metal1,19.6050,16.8000,metal1,19.6350,16.9700,1.162e-07
metal1,19.6050,28.0000,metal1,19.6750,28.0000,2.097e-06
metal1,19.6100,11.2000,metal1,19.6800,11.2000,6.425e-06
metal1,19.6100,25.2000,metal1,19.6300,25.0625,2.942e-08
metal1,19.6250,33.6000,metal1,19.6950,33.6000,1.071e-06
metal1,19.6300,2.8000,metal1,19.7000,2.8000,5.375e-07
metal1,19.6300,19.6000,metal1,19.7000,19.6000,5.247e-05
metal1,19.6300,25.0625,metal1,19.6800,25.3375,3.291e-12
metal1,19.6350,5.6000,metal1,19.7700,5.6000,7.764e-07
metal1,19.6350,16.9700,metal1,19.6750,16.6625,5.438e-10
metal1,19.6450,8.4000,metal1,19.7150,8.4000,2.441e-08
metal1,19.6450,14.0000,metal1,19.7150,14.0000,2.209e-05
metal1,19.6750,16.6625,metal1,19.7050,16.8000,5.438e-10
metal1,19.6750,28.0000,metal1,19.8350,28.0000,2.097e-06
metal1,19.6800,11.2000,metal1,19.7950,11.2000,1.718e-04
metal1,19.6800,25.3375,metal1,19.7000,25.2000,3.291e-12
metal1,19.6950,33.6000,metal1,20.0000,33.6000,8.521e-08
metal1,19.7000,2.8000,metal1,19.7950,2.8000,5.375e-07
metal1,19.7000,19.6000,metal1,19.8400,19.6000,5.247e-05
metal1,19.7000,25.2000,metal1,19.9850,25.2000,3.291e-12
metal1,19.7050,16.8000,metal1,19.9850,16.8000,5.438e-10
metal1,19.7150,8.4000,metal1,19.8100,8.4000,2.441e-08
metal1,19.7150,14.0000,metal1,19.7950,14.0000,2.209e-05
metal1,19.7700,5.6000,metal1,19.8350,5.6000,7.764e-07
metal1,19.7950,2.8000,metal1,19.8650,2.8000,1.923e-07
metal1,19.7950,11.2000,metal1,19.8650,11.2000,1.681e-04
metal1,19.7950,14.0000,metal1,19.8650,14.0000,6.122e-05
metal1,19.7950,30.8000,metal1,19.8350,30.9750,6.945e-10
metal1,19.8100,8.4000,metal1,19.8800,8.4000,5.547e-07
metal1,19.8150,22.4000,metal1,19.8350,22.2300,1.721e-04
metal1,19.8350,5.6000,metal1,19.9050,5.6000,2.822e-08
metal1,19.8350,22.2300,metal1,19.8850,22.4550,3.057e-08
metal1,19.8350,28.0000,metal1,19.9050,28.0000,1.734e-06
metal1,19.8350,30.9750,metal1,19.8650,30.6625,4.594e-06
metal1,19.8400,19.6000,metal1,19.9100,19.6000,6.895e-05
metal1,19.8650,2.8000,metal1,20.0100,2.8000,1.923e-07
metal1,19.8650,11.2000,metal1,19.9900,11.2000,1.681e-04
metal1,19.8650,14.0000,metal1,19.9900,14.0000,6.122e-05
metal1,19.8650,30.6625,metal1,19.9050,30.8000,1.144e-08
metal1,19.8800,8.4000,metal1,20.0250,8.4000,5.547e-07
metal1,19.8850,22.4550,metal1,19.9050,22.4000,3.057e-08
metal1,19.9050,5.6000,metal1,20.1950,5.6000,2.822e-08
metal1,19.9050,22.4000,metal1,20.1900,22.4000,1.311e-07
metal1,19.9050,28.0000,metal1,20.1750,28.0000,1.734e-06
metal1,19.9050,30.8000,metal1,20.2050,30.8000,1.144e-08
metal1,19.9100,19.6000,metal1,20.0100,19.6000,6.895e-05
metal1,19.9850,16.8000,metal1,20.0100,16.9700,5.438e-10
metal1,19.9850,25.2000,metal1,20.0100,25.0625,3.291e-12
metal1,19.9900,11.2000,metal1,20.0600,11.2000,2.118e-05
metal1,19.9900,14.0000,metal1,20.0250,13.8300,6.122e-05
metal1,20.0000,33.6000,metal1,20.0700,33.6000,5.719e-05
metal1,20.0100,2.8000,metal1,20.0800,2.8000,7.446e-05
metal1,20.0100,16.9700,metal1,20.0550,16.6625,8.447e-06
metal1,20.0100,19.6000,metal1,20.0800,19.6000,5.540e-06
metal1,20.0100,25.0625,metal1,20.0550,25.3375,1.949e-08
metal1,20.0250,8.4000,metal1,20.0950,8.4000,2.221e-04
metal1,20.0250,13.8300,metal1,20.0600,14.1375,3.834e-05
metal1,20.0550,16.6625,metal1,20.0800,16.8000,8.447e-06
metal1,20.0550,25.3375,metal1,20.0800,25.2000,1.949e-08
metal1,20.0600,11.2000,metal1,20.1800,11.2000,2.118e-05
metal1,20.0600,14.1375,metal1,20.0950,14.0000,8.587e-05
metal1,20.0700,33.6000,metal1,20.3850,33.6000,5.719e-05
metal1,20.0800,2.8000,metal1,20.2050,2.8000,7.446e-05
metal1,20.0800,16.8000,metal1,20.2200,16.8000,8.447e-06
metal1,20.0800,19.6000,metal1,20.1950,19.6000,5.540e-06
metal1,20.0800,25.2000,metal1,20.1950,25.2000,1.949e-08
metal1,20.0950,8.4000,metal1,20.1800,8.4000,2.221e-04
metal1,20.0950,14.0000,metal1,20.5700,14.0000,1.810e-04
metal1,20.1750,28.0000,metal1,20.2450,28.0000,1.160e-06
metal1,20.1800,8.4000,metal1,20.2150,8.2625,2.221e-04
metal1,20.1800,11.2000,metal1,20.2500,11.2000,1.201e-04
metal1,20.1900,22.4000,metal1,20.2600,22.4000,1.636e-04
metal1,20.1950,5.6000,metal1,20.2150,5.4350,2.822e-08
metal1,20.1950,19.6000,metal1,20.2150,19.4300,5.540e-06
metal1,20.1950,25.2000,metal1,20.2650,25.2000,1.320e-07
metal1,20.2050,2.8000,metal1,20.2750,2.8000,1.379e-06
metal1,20.2050,30.8000,metal1,20.2150,30.9700,1.144e-08
metal1,20.2150,5.4350,metal1,20.2650,5.7375,1.952e-08
metal1,20.2150,8.2625,metal1,20.2500,8.5375,1.157e-06
metal1,20.2150,19.4300,metal1,20.2650,19.7375,1.710e-10
metal1,20.2150,30.9700,metal1,20.2750,30.6625,3.998e-08
metal1,20.2200,16.8000,metal1,20.2900,16.8000,1.482e-04
metal1,20.2450,28.0000,metal1,20.6000,28.0000,1.160e-06
metal1,20.2500,8.5375,metal1,20.2850,8.4000,2.798e-09
metal1,20.2500,11.2000,metal1,20.3650,11.2000,3.822e-07
metal1,20.2600,22.4000,metal1,20.3850,22.4000,1.636e-04
metal1,20.2650,5.7375,metal1,20.2850,5.6000,1.952e-08
metal1,20.2650,19.7375,metal1,20.2850,19.6000,1.710e-10
metal1,20.2650,25.2000,metal1,20.5700,25.2000,2.121e-10
metal1,20.2750,2.8000,metal1,20.5750,2.8000,2.167e-07
metal1,20.2750,30.6625,metal1,20.2850,30.8000,3.998e-08
metal1,20.2850,5.6000,metal1,20.5950,5.6000,1.952e-08
metal1,20.2850,8.4000,metal1,20.5550,8.4000,5.340e-06
metal1,20.2850,19.6000,metal1,20.5950,19.6000,5.257e-08
metal1,20.2850,30.8000,metal1,20.3950,30.8000,3.998e-08
metal1,20.2900,16.8000,metal1,20.3900,16.8000,1.482e-04
metal1,20.3650,11.2000,metal1,20.4350,11.2000,2.109e-05
metal1,20.3850,22.4000,metal1,20.4550,22.4000,3.025e-06
metal1,20.3850,33.6000,metal1,20.4550,33.6000,1.058e-06
metal1,20.3900,16.8000,metal1,20.4600,16.8000,2.211e-05
metal1,20.3950,30.8000,metal1,20.4650,30.8000,1.840e-06
metal1,20.4350,11.2000,metal1,20.5550,11.2000,2.109e-05
metal1,20.4550,22.4000,metal1,20.7600,22.4000,2.369e-07
metal1,20.4550,33.6000,metal1,20.7600,33.6000,8.340e-08
metal1,20.4600,16.8000,metal1,20.5600,16.8000,2.211e-05
metal1,20.4650,30.8000,metal1,20.7700,30.8000,1.458e-07
metal1,20.5550,8.4000,metal1,20.5950,8.2625,6.204e-07
metal1,20.5550,11.2000,metal1,20.6250,11.2000,1.777e-05
metal1,20.5600,16.8000,metal1,20.5950,16.6625,2.211e-05
metal1,20.5700,14.0000,metal1,20.5950,14.0550,1.810e-04
metal1,20.5700,25.2000,metal1,20.6400,25.2000,1.305e-08
metal1,20.5750,2.8000,metal1,20.6450,2.8000,2.163e-07
metal1,20.5950,5.6000,metal1,20.6650,5.6000,1.373e-07
metal1,20.5950,8.2625,metal1,20.6250,8.5700,6.204e-07
metal1,20.5950,14.0550,metal1,20.6400,13.8625,1.345e-08
metal1,20.5950,16.6625,metal1,20.6300,16.9375,9.573e-07
metal1,20.5950,19.6000,metal1,20.6650,19.6000,3.258e-05
metal1,20.6000,28.0000,metal1,20.6700,28.0000,1.741e-04
metal1,20.6250,8.5700,metal1,20.6650,8.4000,6.629e-07
metal1,20.6250,11.2000,metal1,20.7900,11.2000,1.777e-05
metal1,20.6300,16.9375,metal1,20.6650,16.8000,1.352e-06
metal1,20.6400,13.8625,metal1,20.6650,14.0000,1.345e-08
metal1,20.6400,25.2000,metal1,20.7450,25.2000,1.305e-08
metal1,20.6450,2.8000,metal1,20.7700,2.8000,2.163e-07
metal1,20.6650,5.6000,metal1,20.9750,5.6000,1.373e-07
metal1,20.6650,8.4000,metal1,20.7500,8.4000,6.629e-07
metal1,20.6650,14.0000,metal1,20.9500,14.0000,2.752e-08
metal1,20.6650,16.8000,metal1,20.9350,16.8000,1.352e-06
metal1,20.6650,19.6000,metal1,20.7750,19.6000,3.258e-05
metal1,20.6700,28.0000,metal1,20.7500,28.0000,1.741e-04
metal1,20.7450,25.2000,metal1,20.7500,25.0625,1.305e-08
metal1,20.7500,8.4000,metal1,20.8200,8.4000,6.388e-06
metal1,20.7500,25.0625,metal1,20.8150,25.3700,2.079e-08
metal1,20.7500,28.0000,metal1,20.8200,28.0000,1.591e-06
metal1,20.7600,22.4000,metal1,20.8300,22.4000,1.589e-04
metal1,20.7600,33.6000,metal1,20.8300,33.6000,5.597e-05
metal1,20.7700,2.8000,metal1,20.8400,2.8000,3.020e-08
metal1,20.7700,30.8000,metal1,20.8400,30.8000,2.235e-08
metal1,20.7750,19.6000,metal1,20.8450,19.6000,2.834e-05
metal1,20.7900,11.2000,metal1,20.8600,11.2000,3.282e-05
metal1,20.8150,25.3700,metal1,20.8200,25.2000,2.079e-08
metal1,20.8200,8.4000,metal1,20.9350,8.4000,6.388e-06
metal1,20.8200,25.2000,metal1,21.1250,25.2000,1.516e-04
metal1,20.8200,28.0000,metal1,20.9350,28.0000,1.591e-06
metal1,20.8300,22.4000,metal1,20.9550,22.4000,1.589e-04
metal1,20.8300,33.6000,metal1,21.1400,33.6000,5.597e-05
metal1,20.8400,2.8000,metal1,20.9500,2.8000,3.020e-08
metal1,20.8400,30.8000,metal1,20.9550,30.8000,2.235e-08
metal1,20.8450,19.6000,metal1,20.9750,19.6000,2.834e-05
metal1,20.8600,11.2000,metal1,20.9350,11.2000,3.282e-05
metal1,20.9350,8.4000,metal1,21.0050,8.4000,6.069e-06
metal1,20.9350,11.2000,metal1,21.0050,11.2000,1.812e-05
metal1,20.9350,16.8000,metal1,20.9750,16.6625,2.169e-06
metal1,20.9350,28.0000,metal1,21.0050,28.0000,6.865e-06
metal1,20.9500,2.8000,metal1,20.9650,2.6300,3.020e-08
metal1,20.9500,14.0000,metal1,20.9750,14.0550,2.752e-08
metal1,20.9550,22.4000,metal1,20.9650,22.2300,1.589e-04
metal1,20.9550,30.8000,metal1,20.9600,30.9700,2.235e-08
metal1,20.9600,30.9700,metal1,21.0250,30.6300,6.600e-09
metal1,20.9650,2.6300,metal1,21.0200,2.9700,1.436e-08
metal1,20.9650,22.2300,metal1,21.0250,22.5375,5.747e-09
metal1,20.9750,5.6000,metal1,21.0450,5.6000,1.036e-04
metal1,20.9750,14.0550,metal1,21.0200,13.8300,7.243e-08
metal1,20.9750,16.6625,metal1,21.0050,16.9375,5.975e-13
metal1,20.9750,19.6000,metal1,21.0450,19.6000,3.371e-05
metal1,21.0050,8.4000,metal1,21.1250,8.4000,6.069e-06
metal1,21.0050,11.2000,metal1,21.1650,11.2000,1.812e-05
metal1,21.0050,16.9375,metal1,21.0450,16.8000,2.167e-06
metal1,21.0050,28.0000,metal1,21.1250,28.0000,5.843e-07
metal1,21.0200,2.9700,metal1,21.0350,2.8000,1.436e-08
metal1,21.0200,13.8300,metal1,21.0450,14.0000,7.243e-08
metal1,21.0250,22.5375,metal1,21.0350,22.4000,5.747e-09
metal1,21.0250,30.6300,metal1,21.0300,30.8000,6.600e-09
metal1,21.0300,30.8000,metal1,21.3150,30.8000,1.842e-08
metal1,21.0350,2.8000,metal1,21.1450,2.8000,1.436e-08
metal1,21.0350,22.4000,metal1,21.3300,22.4000,5.588e-09
metal1,21.0450,5.6000,metal1,21.1300,5.6000,6.567e-05
metal1,21.0450,14.0000,metal1,21.1700,14.0000,7.243e-08
metal1,21.0450,16.8000,metal1,21.3550,16.8000,4.076e-06
metal1,21.0450,19.6000,metal1,21.1500,19.6000,3.371e-05
metal1,21.1250,8.4000,metal1,21.1950,8.4000,3.291e-05
metal1,21.1250,25.2000,metal1,21.1300,25.0250,1.516e-04
metal1,21.1250,28.0000,metal1,21.1950,28.0000,8.748e-07
metal1,21.1300,5.6000,metal1,21.2000,5.6000,3.112e-05
metal1,21.1300,25.0250,metal1,21.1950,25.3700,9.995e-09
metal1,21.1400,33.6000,metal1,21.2100,33.6000,3.480e-08
metal1,21.1450,2.8000,metal1,21.2150,2.8000,3.028e-07
metal1,21.1500,19.6000,metal1,21.2200,19.6000,2.755e-05
metal1,21.1650,11.2000,metal1,21.2350,11.2000,3.129e-05
metal1,21.1700,14.0000,metal1,21.2400,14.0000,2.049e-07
metal1,21.1950,8.4000,metal1,21.5050,8.4000,2.882e-06
metal1,21.1950,25.3700,metal1,21.2000,25.2000,9.995e-09
metal1,21.1950,28.0000,metal1,21.3150,28.0000,8.748e-07
metal1,21.2000,5.6000,metal1,21.3550,5.6000,3.112e-05
metal1,21.2000,25.2000,metal1,21.5050,25.2000,5.241e-08
metal1,21.2100,33.6000,metal1,21.9050,33.6000,3.480e-08
metal1,21.2150,2.8000,metal1,21.5200,2.8000,4.459e-09
metal1,21.2200,19.6000,metal1,21.3550,19.6000,2.755e-05
metal1,21.2350,11.2000,metal1,21.3150,11.2000,3.129e-05
metal1,21.2400,14.0000,metal1,21.5450,14.0000,2.049e-07
metal1,21.3150,11.2000,metal1,21.3850,11.2000,1.812e-05
metal1,21.3150,28.0000,metal1,21.3850,28.0000,1.173e-04
metal1,21.3150,30.8000,metal1,21.3300,30.6250,1.842e-08
metal1,21.3300,22.4000,metal1,21.3400,22.2300,5.588e-09
metal1,21.3300,30.6250,metal1,21.3850,30.9700,8.698e-05
metal1,21.3400,22.2300,metal1,21.4000,22.5375,3.087e-06
metal1,21.3550,5.6000,metal1,21.4250,5.6000,5.262e-06
metal1,21.3550,16.8000,metal1,21.4250,16.8000,4.261e-06
metal1,21.3550,19.6000,metal1,21.4250,19.6000,3.082e-06
metal1,21.3850,11.2000,metal1,21.5450,11.2000,1.812e-05
metal1,21.3850,28.0000,metal1,21.5350,28.0000,1.173e-04
metal1,21.3850,30.9700,metal1,21.4000,30.8000,8.698e-05
metal1,21.4000,22.5375,metal1,21.4100,22.4000,3.087e-06
metal1,21.4000,30.8000,metal1,21.5350,30.8000,8.698e-05
metal1,21.4100,22.4000,metal1,21.5100,22.4000,3.087e-06
metal1,21.4250,5.6000,metal1,21.5050,5.6000,5.262e-06
metal1,21.4250,16.8000,metal1,21.6950,16.8000,4.261e-06
metal1,21.4250,19.6000,metal1,21.5100,19.6000,3.082e-06
metal1,21.5050,5.6000,metal1,21.5350,5.7700,5.262e-06
metal1,21.5050,8.4000,metal1,21.5750,8.4000,6.079e-06
metal1,21.5050,25.2000,metal1,21.5350,25.3700,5.241e-08
metal1,21.5100,19.6000,metal1,21.5300,19.7600,3.082e-06
metal1,21.5100,22.4000,metal1,21.5800,22.4000,6.195e-05
metal1,21.5200,2.8000,metal1,21.5300,2.6300,4.459e-09
metal1,21.5300,2.6300,metal1,21.5900,2.9700,6.401e-05
metal1,21.5300,19.7600,metal1,21.5800,19.4625,1.736e-07
metal1,21.5350,5.7700,metal1,21.5750,5.4625,2.532e-09
metal1,21.5350,25.3700,metal1,21.5750,25.0625,3.363e-08
metal1,21.5350,28.0000,metal1,21.6050,28.0000,1.220e-06
metal1,21.5350,30.8000,metal1,21.6050,30.8000,7.774e-07
metal1,21.5450,11.2000,metal1,21.6150,11.2000,3.135e-05
metal1,21.5450,14.0000,metal1,21.6150,14.0000,2.019e-07
metal1,21.5750,5.4625,metal1,21.6050,5.6000,2.532e-09
metal1,21.5750,8.4000,metal1,21.6950,8.4000,6.079e-06
metal1,21.5750,25.0625,metal1,21.6050,25.2000,3.363e-08
metal1,21.5800,19.4625,metal1,21.6000,19.6000,1.736e-07
metal1,21.5800,22.4000,metal1,21.7200,22.4000,6.195e-05
metal1,21.5900,2.9700,metal1,21.6000,2.8000,6.401e-05
metal1,21.6000,2.8000,metal1,21.8850,2.8000,6.401e-05
metal1,21.6000,19.6000,metal1,21.7000,19.6000,1.736e-07
metal1,21.6050,5.6000,metal1,21.8850,5.6000,4.498e-09
metal1,21.6050,25.2000,metal1,21.9100,25.2000,3.363e-08
metal1,21.6050,28.0000,metal1,21.7000,28.0000,1.220e-06
metal1,21.6050,30.8000,metal1,21.7250,30.8000,7.774e-07
metal1,21.6150,11.2000,metal1,21.6950,11.2000,3.135e-05
metal1,21.6150,14.0000,metal1,21.9250,14.0000,2.019e-07
metal1,21.6950,8.4000,metal1,21.7650,8.4000,3.296e-05
metal1,21.6950,11.2000,metal1,21.7650,11.2000,3.742e-06
metal1,21.6950,16.8000,metal1,21.7350,16.6625,6.262e-07
metal1,21.7000,19.6000,metal1,21.7700,19.6000,4.996e-08
metal1,21.7000,28.0000,metal1,21.7700,28.0000,5.754e-07
metal1,21.7200,22.4000,metal1,21.7900,22.4000,8.336e-05
metal1,21.7250,30.8000,metal1,21.7950,30.8000,1.526e-06
metal1,21.7350,16.6625,metal1,21.7650,16.9375,6.262e-07
metal1,21.7650,8.4000,metal1,22.2650,8.4000,2.421e-08
metal1,21.7650,11.2000,metal1,21.8900,11.2000,3.742e-06
metal1,21.7650,16.9375,metal1,21.8050,16.8000,1.657e-04
metal1,21.7700,19.6000,metal1,21.8850,19.6000,2.879e-06
metal1,21.7700,28.0000,metal1,21.9100,28.0000,5.754e-07
metal1,21.7900,22.4000,metal1,21.8850,22.4000,8.336e-05
metal1,21.7950,30.8000,metal1,22.1000,30.8000,1.209e-07
metal1,21.8050,16.8000,metal1,21.8900,16.8000,1.657e-04
metal1,21.8850,2.8000,metal1,21.9550,2.8000,6.020e-05
metal1,21.8850,5.6000,metal1,21.9100,5.7700,4.498e-09
metal1,21.8850,19.6000,metal1,21.9550,19.6000,1.668e-05
metal1,21.8850,22.4000,metal1,21.9550,22.4000,5.471e-05
metal1,21.8900,11.2000,metal1,21.9250,11.0300,3.742e-06
metal1,21.8900,16.8000,metal1,21.9600,16.8000,1.166e-07
metal1,21.9050,33.6000,metal1,21.9750,33.6000,2.756e-11
metal1,21.9100,5.7700,metal1,21.9550,5.4625,5.788e-09
metal1,21.9100,25.2000,metal1,21.9300,25.0625,3.363e-08
metal1,21.9100,28.0000,metal1,21.9800,28.0000,7.907e-07
metal1,21.9250,11.0300,metal1,21.9600,11.3375,1.871e-07
metal1,21.9250,14.0000,metal1,21.9950,14.0000,5.057e-10
metal1,21.9300,25.0625,metal1,21.9800,25.5025,9.740e-09
metal1,21.9550,2.8000,metal1,22.0900,2.8000,6.020e-05
metal1,21.9550,5.4625,metal1,21.9800,5.6000,5.788e-09
metal1,21.9550,19.6000,metal1,22.1200,19.6000,1.668e-05
metal1,21.9550,22.4000,metal1,22.1050,22.4000,5.471e-05
metal1,21.9600,11.3375,metal1,21.9950,11.2000,4.209e-07
metal1,21.9600,16.8000,metal1,22.2650,16.8000,1.166e-07
metal1,21.9750,33.6000,metal1,22.5100,33.6000,2.756e-11
metal1,21.9800,5.6000,metal1,22.2650,5.6000,5.788e-09
metal1,21.9800,25.5025,metal1,22.0000,25.2000,9.740e-09
metal1,21.9800,28.0000,metal1,22.0750,28.0000,7.907e-07
metal1,21.9950,11.2000,metal1,22.3050,11.2000,4.353e-08
metal1,21.9950,14.0000,metal1,22.3050,14.0000,5.057e-10
metal1,22.0000,25.2000,metal1,22.2900,25.2000,9.740e-09
metal1,22.0750,28.0000,metal1,22.1450,28.0000,2.788e-07
metal1,22.0900,2.8000,metal1,22.1600,2.8000,4.116e-07
metal1,22.1000,30.8000,metal1,22.1700,30.8000,7.691e-07
metal1,22.1050,22.4000,metal1,22.1750,22.4000,8.090e-05
metal1,22.1200,19.6000,metal1,22.1900,19.6000,3.487e-05
metal1,22.1450,28.0000,metal1,22.2900,28.0000,2.788e-07
metal1,22.1600,2.8000,metal1,22.4550,2.8000,4.116e-07
metal1,22.1700,30.8000,metal1,22.2900,30.8000,7.691e-07
metal1,22.1750,22.4000,metal1,22.2650,22.4000,8.090e-05
metal1,22.1900,19.6000,metal1,22.2650,19.6000,3.487e-05
metal1,22.2650,5.6000,metal1,22.2900,5.7700,5.788e-09
metal1,22.2650,8.4000,metal1,22.3350,8.4000,5.849e-06
metal1,22.2650,16.8000,metal1,22.3350,16.8000,8.072e-07
metal1,22.2650,19.6000,metal1,22.3350,19.6000,2.365e-08
metal1,22.2650,22.4000,metal1,22.3350,22.4000,7.149e-06
metal1,22.2900,5.7700,metal1,22.3350,5.4625,9.154e-05
metal1,22.2900,25.2000,metal1,22.3600,25.2000,2.406e-05
metal1,22.2900,28.0000,metal1,22.3600,28.0000,1.107e-06
metal1,22.2900,30.8000,metal1,22.3600,30.8000,8.289e-05
metal1,22.3050,11.2000,metal1,22.3100,11.3375,4.353e-08
metal1,22.3050,14.0000,metal1,22.3750,14.0000,1.797e-07
metal1,22.3100,11.3375,metal1,22.3750,10.8975,4.152e-07
metal1,22.3350,5.4625,metal1,22.3600,5.6000,9.154e-05
metal1,22.3350,8.4000,metal1,22.4550,8.4000,5.849e-06
metal1,22.3350,16.8000,metal1,22.6450,16.8000,3.627e-08
metal1,22.3350,19.6000,metal1,22.6450,19.6000,2.365e-08
metal1,22.3350,22.4000,metal1,22.4800,22.4000,7.149e-06
metal1,22.3600,5.6000,metal1,22.4600,5.6000,9.154e-05
metal1,22.3600,25.2000,metal1,22.5000,25.2000,2.406e-05
metal1,22.3600,28.0000,metal1,22.4600,28.0000,1.107e-06
metal1,22.3600,30.8000,metal1,22.4950,30.8000,8.289e-05
metal1,22.3750,10.8975,metal1,22.3800,11.2000,4.152e-07
metal1,22.3750,14.0000,metal1,22.6850,14.0000,1.797e-07
metal1,22.3800,11.2000,metal1,22.5000,11.2000,4.152e-07
metal1,22.4550,2.8000,metal1,22.5250,2.8000,2.954e-07
metal1,22.4550,8.4000,metal1,22.5250,8.4000,1.118e-04
metal1,22.4600,5.6000,metal1,22.5000,5.4625,6.577e-08
metal1,22.4600,28.0000,metal1,22.5300,28.0000,1.352e-07
metal1,22.4800,22.4000,metal1,22.5000,22.5375,7.149e-06
metal1,22.4950,30.8000,metal1,22.5650,30.8000,2.003e-06
metal1,22.5000,5.4625,metal1,22.5300,5.6775,6.577e-08
metal1,22.5000,11.2000,metal1,22.5700,11.2000,4.243e-08
metal1,22.5000,22.5375,metal1,22.5500,22.0975,1.282e-08
metal1,22.5000,25.2000,metal1,22.5700,25.2000,2.746e-05
metal1,22.5100,33.6000,metal1,22.5800,33.6000,2.266e-11
metal1,22.5250,2.8000,metal1,22.8550,2.8000,2.954e-07
metal1,22.5250,8.4000,metal1,22.6900,8.4000,1.118e-04
metal1,22.5300,5.6775,metal1,22.5700,5.6000,2.646e-08
metal1,22.5300,28.0000,metal1,22.8350,28.0000,1.352e-07
metal1,22.5500,22.0975,metal1,22.5700,22.4000,1.282e-08
metal1,22.5650,30.8000,metal1,22.6600,30.8000,4.082e-05
metal1,22.5700,5.6000,metal1,22.8350,5.6000,2.646e-08
metal1,22.5700,11.2000,metal1,22.8750,11.2000,4.243e-08
metal1,22.5700,22.4000,metal1,22.8600,22.4000,1.282e-08
metal1,22.5700,25.2000,metal1,22.6850,25.2000,2.746e-05
metal1,22.5800,33.6000,metal1,23.2450,33.6000,2.266e-11
metal1,22.6450,16.8000,metal1,22.7150,16.8000,9.060e-07
metal1,22.6450,19.6000,metal1,22.7150,19.6000,1.715e-05
metal1,22.6600,30.8000,metal1,22.7300,30.8000,2.302e-05
metal1,22.6850,14.0000,metal1,22.7550,14.0000,1.356e-04
metal1,22.6850,25.2000,metal1,22.7550,25.2000,2.655e-05
metal1,22.6900,8.4000,metal1,22.7600,8.4000,7.043e-05
metal1,22.7150,16.8000,metal1,22.8550,16.8000,9.060e-07
metal1,22.7150,19.6000,metal1,22.8750,19.6000,1.715e-05
metal1,22.7300,30.8000,metal1,22.8750,30.8000,2.302e-05
metal1,22.7550,14.0000,metal1,22.8800,14.0000,1.356e-04
metal1,22.7550,25.2000,metal1,22.8750,25.2000,2.655e-05
metal1,22.7600,8.4000,metal1,23.0250,8.4000,7.043e-05
metal1,22.8350,5.6000,metal1,22.8450,5.4625,2.646e-08
metal1,22.8350,28.0000,metal1,22.9050,28.0000,3.788e-06
metal1,22.8450,5.4625,metal1,22.9050,5.6600,1.385e-07
metal1,22.8550,2.8000,metal1,22.9250,2.8000,3.736e-08
metal1,22.8550,16.8000,metal1,22.9250,16.8000,5.150e-07
metal1,22.8600,22.4000,metal1,22.9300,22.4000,4.047e-07
metal1,22.8750,11.2000,metal1,22.9450,11.2000,3.197e-05
metal1,22.8750,19.6000,metal1,22.9450,19.6000,2.939e-05
metal1,22.8750,25.2000,metal1,22.9450,25.2000,4.292e-07
metal1,22.8750,30.8000,metal1,22.9450,30.8000,1.043e-05
metal1,22.8800,14.0000,metal1,22.9500,14.0000,3.426e-06
metal1,22.9050,5.6600,metal1,22.9800,5.6000,2.963e-08
metal1,22.9050,28.0000,metal1,23.2600,28.0000,4.224e-05
metal1,22.9250,2.8000,metal1,23.2200,2.8000,3.736e-08
metal1,22.9250,16.8000,metal1,23.0250,16.8000,5.150e-07
metal1,22.9300,22.4000,metal1,23.2150,22.4000,4.047e-07
metal1,22.9450,11.2000,metal1,23.0650,11.2000,3.197e-05
metal1,22.9450,19.6000,metal1,23.0250,19.6000,2.939e-05
metal1,22.9450,25.2000,metal1,23.2550,25.2000,3.640e-08
metal1,22.9450,30.8000,metal1,23.0300,30.8000,1.043e-05
metal1,22.9500,14.0000,metal1,23.0550,14.0000,3.426e-06
metal1,22.9800,5.6000,metal1,23.2150,5.6000,2.963e-08
metal1,23.0250,8.4000,metal1,23.0650,8.5375,9.625e-06
metal1,23.0250,16.8000,metal1,23.0950,16.8000,2.159e-08
metal1,23.0250,19.6000,metal1,23.0950,19.6000,1.943e-05
metal1,23.0300,30.8000,metal1,23.1000,30.8000,3.501e-07
metal1,23.0550,14.0000,metal1,23.1250,14.0000,1.684e-09
metal1,23.0650,8.5375,metal1,23.0950,8.2625,9.625e-06
metal1,23.0650,11.2000,metal1,23.1350,11.2000,3.190e-05
metal1,23.0950,8.2625,metal1,23.1350,8.4000,1.336e-07
metal1,23.0950,16.8000,metal1,23.2300,16.8000,2.159e-08
metal1,23.0950,19.6000,metal1,23.2350,19.6000,1.943e-05
metal1,23.1000,30.8000,metal1,23.4250,30.8000,8.531e-06
metal1,23.1250,14.0000,metal1,23.4300,14.0000,1.684e-09
metal1,23.1350,8.4000,metal1,23.2300,8.4000,1.336e-07
metal1,23.1350,11.2000,metal1,23.2550,11.2000,3.190e-05
metal1,23.2150,5.6000,metal1,23.2250,5.4625,2.963e-08
metal1,23.2150,22.4000,metal1,23.2550,22.5750,7.295e-09
metal1,23.2200,2.8000,metal1,23.2900,2.8000,6.198e-08
metal1,23.2250,5.4625,metal1,23.2850,5.6600,1.385e-07
metal1,23.2300,8.4000,metal1,23.3000,8.4000,4.854e-07
metal1,23.2300,16.8000,metal1,23.2350,16.9700,2.159e-08
metal1,23.2350,16.9700,metal1,23.3000,16.6300,1.816e-08
metal1,23.2350,19.6000,metal1,23.3050,19.6000,3.588e-07
metal1,23.2450,33.6000,metal1,23.3800,33.6000,3.473e-08
metal1,23.2550,11.2000,metal1,23.3250,11.2000,1.317e-09
metal1,23.2550,22.5750,metal1,23.2850,22.2650,1.440e-09
metal1,23.2550,25.2000,metal1,23.3250,25.2000,2.572e-05
metal1,23.2600,28.0000,metal1,23.3300,28.0000,5.137e-05
metal1,23.2850,5.6600,metal1,23.3600,5.6000,1.339e-07
metal1,23.2850,22.2650,metal1,23.3250,22.4000,6.890e-06
metal1,23.2900,2.8000,metal1,23.4600,2.8000,6.198e-08
metal1,23.3000,8.4000,metal1,23.4450,8.4000,4.854e-07
metal1,23.3000,16.6300,metal1,23.3050,16.8000,1.816e-08
metal1,23.3050,16.8000,metal1,23.4500,16.8000,1.816e-08
metal1,23.3050,19.6000,metal1,23.6100,19.6000,6.368e-09
metal1,23.3250,11.2000,metal1,23.6350,11.2000,1.317e-09
metal1,23.3250,22.4000,metal1,23.8300,22.4000,6.890e-06
metal1,23.3250,25.2000,metal1,23.4500,25.2000,2.572e-05
metal1,23.3300,28.0000,metal1,23.5950,28.0000,5.137e-05
metal1,23.3600,5.6000,metal1,23.6050,5.6000,1.339e-07
metal1,23.3800,33.6000,metal1,23.8050,33.6000,3.473e-08
metal1,23.4250,30.8000,metal1,23.4950,30.8000,1.288e-05
metal1,23.4300,14.0000,metal1,23.5000,14.0000,2.173e-06
metal1,23.4450,8.4000,metal1,23.5150,8.4000,7.060e-07
metal1,23.4500,16.8000,metal1,23.5200,16.8000,5.597e-07
metal1,23.4500,25.2000,metal1,23.5200,25.2000,3.036e-05
metal1,23.4600,2.8000,metal1,23.5300,2.8000,5.786e-07
metal1,23.4950,30.8000,metal1,23.6100,30.8000,1.288e-05
metal1,23.5000,14.0000,metal1,23.6350,14.0000,2.173e-06
metal1,23.5150,8.4000,metal1,23.6100,8.4000,7.060e-07
metal1,23.5200,16.8000,metal1,23.6100,16.8000,5.597e-07
metal1,23.5200,25.2000,metal1,23.6350,25.2000,3.036e-05
metal1,23.5300,2.8000,metal1,23.5950,2.8000,3.702e-09
metal1,23.5950,2.8000,metal1,23.6650,2.8000,3.332e-08
metal1,23.5950,28.0000,metal1,23.6350,28.1375,7.012e-06
metal1,23.6050,5.6000,metal1,23.7400,5.6000,1.462e-08
metal1,23.6100,8.4000,metal1,23.6800,8.4000,1.506e-09
metal1,23.6100,16.8000,metal1,23.6800,16.8000,1.002e-06
metal1,23.6100,19.6000,metal1,23.6400,19.7700,6.368e-09
metal1,23.6100,30.8000,metal1,23.6800,30.8000,4.971e-06
metal1,23.6350,11.2000,metal1,23.7050,11.2000,3.091e-05
metal1,23.6350,14.0000,metal1,23.7050,14.0000,2.655e-06
metal1,23.6350,25.2000,metal1,23.7050,25.2000,1.255e-04
metal1,23.6350,28.1375,metal1,23.6650,27.8625,7.012e-06
metal1,23.6400,19.7700,metal1,23.6800,19.2975,1.087e-04
metal1,23.6650,2.8000,metal1,23.9800,2.8000,3.332e-08
metal1,23.6650,27.8625,metal1,23.7050,28.0000,2.171e-07
metal1,23.6800,8.4000,metal1,23.8250,8.4000,5.947e-07
metal1,23.6800,16.8000,metal1,23.8300,16.8000,1.002e-06
metal1,23.6800,19.2975,metal1,23.7100,19.6000,1.087e-04
metal1,23.6800,30.8000,metal1,24.0300,30.8000,4.971e-06
metal1,23.7050,11.2000,metal1,23.8300,11.2000,3.091e-05
metal1,23.7050,14.0000,metal1,23.8100,14.0000,2.655e-06
metal1,23.7050,25.2000,metal1,23.8000,25.2000,1.255e-04
metal1,23.7050,28.0000,metal1,23.8150,28.0000,2.171e-07
metal1,23.7100,19.6000,metal1,23.7900,19.6000,1.087e-04
metal1,23.7400,5.6000,metal1,23.9750,5.6000,1.462e-08
metal1,23.7900,19.6000,metal1,23.8150,19.7375,1.087e-04
metal1,23.8000,25.2000,metal1,23.8300,25.2550,1.255e-04
metal1,23.8050,33.6000,metal1,23.8750,33.6000,3.770e-05
metal1,23.8100,14.0000,metal1,23.8800,14.0000,1.516e-06
metal1,23.8150,19.7375,metal1,23.8600,19.4625,7.620e-09
metal1,23.8150,28.0000,metal1,23.8850,28.0000,9.366e-07
metal1,23.8250,8.4000,metal1,23.8950,8.4000,7.968e-08
metal1,23.8300,11.2000,metal1,23.9000,11.2000,3.635e-05
metal1,23.8300,16.8000,metal1,23.9000,16.8000,8.179e-08
metal1,23.8300,22.4000,metal1,23.9000,22.4000,5.035e-05
metal1,23.8300,25.2550,metal1,23.8700,25.0625,1.247e-08
metal1,23.8600,19.4625,metal1,23.8850,19.6000,7.620e-09
metal1,23.8700,25.0625,metal1,23.9000,25.2000,1.247e-08
metal1,23.8750,33.6000,metal1,24.3950,33.6000,3.770e-05
metal1,23.8800,14.0000,metal1,24.0200,14.0000,1.516e-06
metal1,23.8850,19.6000,metal1,24.1650,19.6000,7.620e-09
metal1,23.8850,28.0000,metal1,24.0150,28.0000,9.366e-07
metal1,23.8950,8.4000,metal1,24.1800,8.4000,7.968e-08
metal1,23.9000,11.2000,metal1,24.0150,11.2000,3.635e-05
metal1,23.9000,16.8000,metal1,24.2050,16.8000,8.179e-08
metal1,23.9000,22.4000,metal1,24.0200,22.4000,5.035e-05
metal1,23.9000,25.2000,metal1,24.1800,25.2000,1.247e-08
metal1,23.9750,5.6000,metal1,23.9850,5.4625,1.462e-08
metal1,23.9800,2.8000,metal1,24.0500,2.8000,3.072e-09
metal1,23.9850,5.4625,metal1,24.0450,5.6550,1.422e-07
metal1,24.0150,11.2000,metal1,24.0850,11.2000,1.144e-04
metal1,24.0150,28.0000,metal1,24.0850,28.0000,1.111e-06
metal1,24.0200,14.0000,metal1,24.0900,14.0000,1.006e-08
metal1,24.0200,22.4000,metal1,24.0900,22.4000,5.668e-05
metal1,24.0300,30.8000,metal1,24.1000,30.8000,6.297e-06
metal1,24.0450,5.6550,metal1,24.1200,5.6000,1.568e-10
metal1,24.0500,2.8000,metal1,24.1950,2.8000,3.072e-09
metal1,24.0850,11.2000,metal1,24.2100,11.2000,1.144e-04
metal1,24.0850,28.0000,metal1,24.1900,28.0000,1.111e-06
metal1,24.0900,14.0000,metal1,24.3950,14.0000,1.006e-08
metal1,24.0900,22.4000,metal1,24.2050,22.4000,5.668e-05
metal1,24.1000,30.8000,metal1,24.3750,30.8000,6.297e-06
metal1,24.1200,5.6000,metal1,24.3650,5.6000,1.568e-10
metal1,24.1650,19.6000,metal1,24.1900,19.7375,7.620e-09
metal1,24.1800,8.4000,metal1,24.2050,8.5000,7.968e-08
metal1,24.1800,25.2000,metal1,24.2050,25.2550,1.247e-08
metal1,24.1900,19.7375,metal1,24.2350,19.4625,1.523e-09
metal1,24.1900,28.0000,metal1,24.2600,28.0000,9.054e-07
metal1,24.1950,2.8000,metal1,24.3300,2.8000,6.196e-09
metal1,24.2050,8.5000,metal1,24.2500,8.2625,1.607e-04
metal1,24.2050,16.8000,metal1,24.2750,16.8000,8.443e-08
metal1,24.2050,22.4000,metal1,24.2750,22.4000,7.297e-07
metal1,24.2050,25.2550,metal1,24.2500,25.0625,5.057e-09
metal1,24.2100,11.2000,metal1,24.2800,11.2000,5.626e-07
metal1,24.2350,19.4625,metal1,24.2600,19.6000,1.523e-09
metal1,24.2500,8.2625,metal1,24.2750,8.4000,1.607e-04
metal1,24.2500,25.0625,metal1,24.2750,25.2000,5.057e-09
metal1,24.2600,19.6000,metal1,24.5700,19.6000,2.799e-08
metal1,24.2600,28.0000,metal1,24.3950,28.0000,9.054e-07
metal1,24.2750,8.4000,metal1,24.3600,8.4000,1.607e-04
metal1,24.2750,16.8000,metal1,24.5850,16.8000,8.443e-08
metal1,24.2750,22.4000,metal1,24.3850,22.4000,7.297e-07
metal1,24.2750,25.2000,metal1,24.5850,25.2000,5.057e-09
metal1,24.2800,11.2000,metal1,24.3700,11.2000,5.626e-07
metal1,24.3300,2.8000,metal1,24.3550,2.8000,6.196e-09
metal1,24.3550,2.8000,metal1,24.4250,2.8000,5.244e-08
metal1,24.3600,8.4000,metal1,24.3700,8.5700,1.607e-04
metal1,24.3650,5.6000,metal1,24.5000,5.6000,2.443e-07
metal1,24.3700,8.5700,metal1,24.4300,8.3000,7.669e-09
metal1,24.3700,11.2000,metal1,24.4400,11.2000,7.811e-08
metal1,24.3750,30.8000,metal1,24.4450,30.8000,5.314e-06
metal1,24.3850,22.4000,metal1,24.4550,22.4000,4.739e-07
metal1,24.3950,14.0000,metal1,24.4000,14.1375,1.006e-08
metal1,24.3950,28.0000,metal1,24.4650,28.0000,1.115e-06
metal1,24.3950,33.6000,metal1,24.4650,33.6000,6.110e-07
metal1,24.4000,14.1375,metal1,24.4650,13.6975,4.335e-09
metal1,24.4250,2.8000,metal1,24.7550,2.8000,5.244e-08
metal1,24.4300,8.3000,metal1,24.4400,8.4000,7.669e-09
metal1,24.4400,8.4000,metal1,24.7350,8.4000,7.669e-09
metal1,24.4400,11.2000,metal1,24.5850,11.2000,7.811e-08
metal1,24.4450,30.8000,metal1,24.7650,30.8000,5.314e-06
metal1,24.4550,22.4000,metal1,24.5850,22.4000,4.739e-07
metal1,24.4650,13.6975,metal1,24.4700,14.0000,4.335e-09
metal1,24.4650,28.0000,metal1,24.5700,28.0000,1.115e-06
metal1,24.4650,33.6000,metal1,24.7750,33.6000,5.083e-08
metal1,24.4700,14.0000,metal1,24.7750,14.0000,4.335e-09
metal1,24.5000,5.6000,metal1,24.7350,5.6000,2.443e-07
metal1,24.5700,19.6000,metal1,24.6400,19.6000,3.282e-05
metal1,24.5700,28.0000,metal1,24.6400,28.0000,2.262e-08
metal1,24.5850,11.2000,metal1,24.6550,11.2000,1.219e-07
metal1,24.5850,16.8000,metal1,24.6550,16.8000,5.446e-09
metal1,24.5850,22.4000,metal1,24.6550,22.4000,5.645e-07
metal1,24.5850,25.2000,metal1,24.6550,25.2000,7.447e-07
metal1,24.6400,19.6000,metal1,24.7800,19.6000,3.282e-05
metal1,24.6400,28.0000,metal1,24.7750,28.0000,2.262e-08
metal1,24.6550,11.2000,metal1,24.7500,11.2000,1.219e-07
metal1,24.6550,16.8000,metal1,24.9650,16.8000,5.446e-09
metal1,24.6550,22.4000,metal1,24.7600,22.4000,5.645e-07
metal1,24.6550,25.2000,metal1,24.9650,25.2000,6.542e-08
metal1,24.7350,5.6000,metal1,24.7750,5.4625,6.515e-08
metal1,24.7350,8.4000,metal1,24.7500,8.5700,7.669e-09
metal1,24.7500,8.5700,metal1,24.8050,8.3000,4.685e-12
metal1,24.7500,11.2000,metal1,24.8200,11.2000,7.940e-08
metal1,24.7550,2.8000,metal1,24.8250,2.8000,4.378e-05
metal1,24.7600,22.4000,metal1,24.8300,22.4000,4.598e-07
metal1,24.7650,30.8000,metal1,24.9000,30.8000,1.327e-05
metal1,24.7750,5.4625,metal1,24.8050,5.6725,6.515e-08
metal1,24.7750,14.0000,metal1,24.7800,14.1375,4.335e-09
metal1,24.7750,28.0000,metal1,24.7800,27.8625,2.262e-08
metal1,24.7750,33.6000,metal1,24.8450,33.6000,3.472e-05
metal1,24.7800,14.1375,metal1,24.8450,13.6975,1.824e-09
metal1,24.7800,19.6000,metal1,24.8500,19.6000,5.362e-05
metal1,24.7800,27.8625,metal1,24.8450,28.1375,8.729e-08
metal1,24.8050,5.6725,metal1,24.8450,5.6000,8.516e-05
metal1,24.8050,8.3000,metal1,24.8200,8.4000,4.685e-12
metal1,24.8200,8.4000,metal1,25.1150,8.4000,3.356e-08
metal1,24.8200,11.2000,metal1,24.9650,11.2000,7.940e-08
metal1,24.8250,2.8000,metal1,25.1450,2.8000,4.378e-05
metal1,24.8300,22.4000,metal1,24.9650,22.4000,4.598e-07
metal1,24.8450,5.6000,metal1,24.9550,5.6000,8.516e-05
metal1,24.8450,13.6975,metal1,24.8500,14.0000,1.824e-09
metal1,24.8450,28.1375,metal1,24.8500,28.0000,8.729e-08
metal1,24.8450,33.6000,metal1,25.1150,33.6000,3.472e-05
metal1,24.8500,14.0000,metal1,25.1550,14.0000,1.824e-09
metal1,24.8500,19.6000,metal1,24.9250,19.6000,5.362e-05
metal1,24.8500,28.0000,metal1,24.9300,28.0000,8.729e-08
metal1,24.9000,30.8000,metal1,24.9800,30.8000,1.327e-05
metal1,24.9250,19.6000,metal1,24.9950,19.6000,5.693e-06
metal1,24.9300,28.0000,metal1,25.0000,28.0000,2.445e-06
metal1,24.9550,5.6000,metal1,24.9700,5.4625,8.516e-05
metal1,24.9650,11.2000,metal1,25.0350,11.2000,2.221e-08
metal1,24.9650,16.8000,metal1,24.9700,16.6625,5.446e-09
metal1,24.9650,22.4000,metal1,25.0350,22.4000,5.660e-07
metal1,24.9650,25.2000,metal1,25.0350,25.2000,1.307e-07
metal1,24.9700,5.4625,metal1,25.0250,5.7375,4.475e-09
metal1,24.9700,16.6625,metal1,25.0350,17.1025,1.429e-06
metal1,24.9800,30.8000,metal1,25.0500,30.8000,6.284e-06
metal1,24.9950,19.6000,metal1,25.1200,19.6000,5.693e-06
metal1,25.0000,28.0000,metal1,25.1550,28.0000,2.445e-06
metal1,25.0250,5.7375,metal1,25.0400,5.6000,4.475e-09
metal1,25.0350,11.2000,metal1,25.3450,11.2000,2.221e-08
metal1,25.0350,17.1025,metal1,25.0400,16.8000,1.429e-06
metal1,25.0350,22.4000,metal1,25.1400,22.4000,5.660e-07
metal1,25.0350,25.2000,metal1,25.3450,25.2000,1.307e-07
metal1,25.0400,5.6000,metal1,25.3300,5.6000,4.475e-09
metal1,25.0400,16.8000,metal1,25.1450,16.8000,1.429e-06
metal1,25.0500,30.8000,metal1,25.3250,30.8000,6.284e-06
metal1,25.1150,8.4000,metal1,25.1850,8.4000,1.236e-07
metal1,25.1150,33.6000,metal1,25.1850,33.6000,2.771e-05
metal1,25.1200,19.6000,metal1,25.1550,19.7700,5.693e-06
metal1,25.1400,22.4000,metal1,25.2100,22.4000,2.610e-08
metal1,25.1450,2.8000,metal1,25.2150,2.8000,8.377e-07
metal1,25.1450,16.8000,metal1,25.2150,16.8000,1.047e-04
metal1,25.1550,14.0000,metal1,25.2250,14.0000,6.402e-08
metal1,25.1550,19.7700,metal1,25.1900,19.4625,4.717e-08
metal1,25.1550,28.0000,metal1,25.2250,28.0000,4.074e-06
metal1,25.1850,8.4000,metal1,25.3200,8.4000,1.236e-07
metal1,25.1850,33.6000,metal1,25.9150,33.6000,2.771e-05
metal1,25.1900,19.4625,metal1,25.2250,19.6000,1.093e-07
metal1,25.2100,22.4000,metal1,25.3200,22.4000,2.610e-08
metal1,25.2150,2.8000,metal1,25.5350,2.8000,2.218e-09
metal1,25.2150,16.8000,metal1,25.3450,16.8000,1.047e-04
metal1,25.2250,14.0000,metal1,25.5350,14.0000,6.402e-08
metal1,25.2250,19.6000,metal1,25.4950,19.6000,1.358e-11
metal1,25.2250,28.0000,metal1,25.3050,28.0000,4.074e-06
metal1,25.3050,28.0000,metal1,25.3750,28.0000,2.369e-06
metal1,25.3200,8.4000,metal1,25.3900,8.4000,5.826e-07
metal1,25.3200,22.4000,metal1,25.3450,22.2750,2.610e-08
metal1,25.3250,30.8000,metal1,25.3950,30.8000,5.470e-06
metal1,25.3300,5.6000,metal1,25.3450,5.4625,4.475e-09
metal1,25.3450,5.4625,metal1,25.4000,5.7375,1.163e-11
metal1,25.3450,11.2000,metal1,25.4150,11.2000,8.029e-08
metal1,25.3450,16.8000,metal1,25.4150,16.8000,1.057e-05
metal1,25.3450,22.2750,metal1,25.3900,22.5375,1.036e-06
metal1,25.3450,25.2000,metal1,25.4150,25.2000,9.857e-05
metal1,25.3750,28.0000,metal1,25.5350,28.0000,2.369e-06
metal1,25.3900,8.4000,metal1,25.4950,8.4000,5.826e-07
metal1,25.3900,22.5375,metal1,25.4150,22.4000,1.036e-06
metal1,25.3950,30.8000,metal1,25.7150,30.8000,5.470e-06
metal1,25.4000,5.7375,metal1,25.4150,5.6000,1.163e-11
metal1,25.4150,5.6000,metal1,25.7100,5.6000,1.163e-11
metal1,25.4150,11.2000,metal1,25.7250,11.2000,8.029e-08
metal1,25.4150,16.8000,metal1,25.5000,16.8000,1.057e-05
metal1,25.4150,22.4000,metal1,25.5000,22.4000,1.036e-06
metal1,25.4150,25.2000,metal1,25.5400,25.2000,9.857e-05
metal1,25.4950,8.4000,metal1,25.5650,8.4000,1.353e-04
metal1,25.4950,19.6000,metal1,25.5350,19.7700,1.010e-07
metal1,25.5000,16.8000,metal1,25.5200,16.6300,1.057e-05
metal1,25.5000,22.4000,metal1,25.5700,22.4000,1.355e-05
metal1,25.5200,16.6300,metal1,25.5700,16.9375,4.014e-10
metal1,25.5350,2.8000,metal1,25.6050,2.8000,2.927e-09
metal1,25.5350,14.0000,metal1,25.6050,14.0000,6.777e-07
metal1,25.5350,19.7700,metal1,25.5650,19.4625,2.444e-11
metal1,25.5350,28.0000,metal1,25.6050,28.0000,4.084e-06
metal1,25.5400,25.2000,metal1,25.6100,25.2000,1.509e-07
metal1,25.5650,8.4000,metal1,25.6850,8.4000,1.353e-04
metal1,25.5650,19.4625,metal1,25.6050,19.6000,5.804e-09
metal1,25.5700,16.9375,metal1,25.5900,16.8000,4.014e-10
metal1,25.5700,22.4000,metal1,25.6950,22.4000,1.355e-05
metal1,25.5900,16.8000,metal1,25.9000,16.8000,3.524e-08
metal1,25.6050,2.8000,metal1,25.7100,2.8000,2.927e-09
metal1,25.6050,14.0000,metal1,25.7300,14.0000,6.777e-07
metal1,25.6050,19.6000,metal1,25.9150,19.6000,5.804e-09
metal1,25.6050,28.0000,metal1,25.6850,28.0000,4.084e-06
metal1,25.6100,25.2000,metal1,25.9150,25.2000,1.509e-07
metal1,25.6850,8.4000,metal1,25.7550,8.4000,4.394e-07
metal1,25.6850,28.0000,metal1,25.7550,28.0000,1.688e-07
metal1,25.6950,22.4000,metal1,25.7650,22.4000,1.458e-05
metal1,25.7100,2.8000,metal1,25.7150,2.9700,2.927e-09
metal1,25.7100,5.6000,metal1,25.7250,5.4625,1.163e-11
metal1,25.7150,2.9700,metal1,25.7800,2.6625,6.361e-09
metal1,25.7150,30.8000,metal1,25.7850,30.9075,2.343e-08
metal1,25.7250,5.4625,metal1,25.7800,5.7375,2.172e-07
metal1,25.7250,11.2000,metal1,25.7950,11.2000,7.734e-05
metal1,25.7300,14.0000,metal1,25.8000,14.0000,5.807e-10
metal1,25.7550,8.4000,metal1,25.8750,8.4000,4.394e-07
metal1,25.7550,28.0000,metal1,25.9050,28.0000,1.688e-07
metal1,25.7650,22.4000,metal1,25.8750,22.4000,1.458e-05
metal1,25.7800,2.6625,metal1,25.7850,2.8000,6.361e-09
metal1,25.7800,5.7375,metal1,25.7950,5.6000,2.172e-07
metal1,25.7850,2.8000,metal1,25.9050,2.8000,6.361e-09
metal1,25.7850,30.9075,metal1,25.8500,30.8000,2.343e-08
metal1,25.7950,5.6000,metal1,25.8800,5.6000,2.172e-07
metal1,25.7950,11.2000,metal1,26.1100,11.2000,7.734e-05
metal1,25.8000,14.0000,metal1,26.1050,14.0000,5.807e-10
metal1,25.8500,30.8000,metal1,26.0900,30.8000,2.343e-08
metal1,25.8750,8.4000,metal1,25.9450,8.4000,2.394e-07
metal1,25.8750,22.4000,metal1,25.9450,22.4000,1.312e-05
metal1,25.8800,5.6000,metal1,25.9500,5.6000,5.951e-08
metal1,25.9000,16.8000,metal1,25.9200,16.9375,3.524e-08
metal1,25.9050,2.8000,metal1,25.9750,2.8000,1.226e-07
metal1,25.9050,28.0000,metal1,25.9150,27.8625,1.688e-07
metal1,25.9150,19.6000,metal1,25.9200,19.4625,5.804e-09
metal1,25.9150,25.2000,metal1,25.9850,25.2000,1.367e-05
metal1,25.9150,27.8625,metal1,25.9750,28.1375,7.336e-12
metal1,25.9150,33.6000,metal1,25.9850,33.6000,4.491e-07
metal1,25.9200,16.9375,metal1,25.9700,16.6625,2.439e-07
metal1,25.9200,19.4625,metal1,25.9850,19.9025,2.720e-09
metal1,25.9450,8.4000,metal1,26.0650,8.4000,2.394e-07
metal1,25.9450,22.4000,metal1,26.0750,22.4000,1.312e-05
metal1,25.9500,5.6000,metal1,26.1050,5.6000,3.440e-06
metal1,25.9700,16.6625,metal1,25.9900,16.8000,2.439e-07
metal1,25.9750,2.8000,metal1,26.0900,2.8000,1.226e-07
metal1,25.9750,28.1375,metal1,25.9850,28.0000,7.336e-12
metal1,25.9850,19.9025,metal1,25.9900,19.6000,2.720e-09
metal1,25.9850,25.2000,metal1,26.1100,25.2000,1.367e-05
metal1,25.9850,28.0000,metal1,26.2800,28.0000,7.336e-12
metal1,25.9850,33.6000,metal1,26.2950,33.6000,3.193e-08
metal1,25.9900,16.8000,metal1,26.0950,16.8000,2.439e-07
metal1,25.9900,19.6000,metal1,26.2950,19.6000,2.720e-09
metal1,26.0650,8.4000,metal1,26.1350,8.4000,7.968e-05
metal1,26.0750,22.4000,metal1,26.1450,22.4000,8.109e-08
metal1,26.0900,2.8000,metal1,26.1600,2.8000,6.257e-07
metal1,26.0900,30.8000,metal1,26.1600,30.8000,2.404e-07
metal1,26.0950,16.8000,metal1,26.1650,16.8000,3.105e-06
metal1,26.1050,5.6000,metal1,26.1750,5.6000,2.045e-08
metal1,26.1050,14.0000,metal1,26.1750,14.0000,2.459e-07
metal1,26.1100,11.2000,metal1,26.1800,11.2000,1.040e-07
metal1,26.1100,25.2000,metal1,26.1800,25.2000,1.459e-05
metal1,26.1350,8.4000,metal1,26.3000,8.4000,7.968e-05
metal1,26.1450,22.4000,metal1,26.2550,22.4000,1.841e-05
metal1,26.1600,2.8000,metal1,26.4700,2.8000,2.127e-10
metal1,26.1600,30.8000,metal1,26.2750,30.8000,2.404e-07
metal1,26.1650,16.8000,metal1,26.2950,16.8000,3.105e-06
metal1,26.1750,5.6000,metal1,26.4600,5.6000,2.045e-08
metal1,26.1750,14.0000,metal1,26.3000,14.0000,2.459e-07
metal1,26.1800,11.2000,metal1,26.4850,11.2000,1.040e-07
metal1,26.1800,25.2000,metal1,26.2950,25.2000,1.459e-05
metal1,26.2550,22.4000,metal1,26.3250,22.4000,3.699e-09
metal1,26.2750,30.8000,metal1,26.3450,30.8000,3.412e-07
metal1,26.2800,28.0000,metal1,26.2950,27.8625,7.336e-12
metal1,26.2950,16.8000,metal1,26.3650,16.8000,3.682e-06
metal1,26.2950,19.6000,metal1,26.3650,19.6000,8.913e-07
metal1,26.2950,25.2000,metal1,26.3650,25.2000,1.409e-05
metal1,26.2950,27.8625,metal1,26.3500,28.1375,5.837e-09
metal1,26.2950,33.6000,metal1,26.3650,33.6000,2.174e-05
metal1,26.3000,8.4000,metal1,26.3700,8.4000,1.232e-06
metal1,26.3000,14.0000,metal1,26.3700,14.0000,2.194e-08
metal1,26.3250,22.4000,metal1,26.6350,22.4000,3.699e-09
metal1,26.3450,30.8000,metal1,26.4700,30.8000,3.412e-07
metal1,26.3500,28.1375,metal1,26.3650,28.0000,5.837e-09
metal1,26.3650,16.8000,metal1,26.4700,16.8000,3.682e-06
metal1,26.3650,19.6000,metal1,26.4650,19.6000,8.913e-07
metal1,26.3650,25.2000,metal1,26.4850,25.2000,1.409e-05
metal1,26.3650,28.0000,metal1,26.6600,28.0000,5.837e-09
metal1,26.3650,33.6000,metal1,27.0550,33.6000,2.696e-08
metal1,26.3700,8.4000,metal1,26.4500,8.4000,1.232e-06
metal1,26.3700,14.0000,metal1,26.4750,14.0000,2.194e-08
metal1,26.4500,8.4000,metal1,26.5200,8.4000,5.370e-07
metal1,26.4600,5.6000,metal1,26.4850,5.4325,2.045e-08
metal1,26.4650,19.6000,metal1,26.5350,19.6000,1.469e-07
metal1,26.4700,2.8000,metal1,26.5400,2.8000,3.782e-05
metal1,26.4700,16.8000,metal1,26.5400,16.8000,3.000e-06
metal1,26.4700,30.8000,metal1,26.5400,30.8000,3.738e-05
metal1,26.4750,14.0000,metal1,26.4850,13.8625,2.194e-08
metal1,26.4850,5.4325,metal1,26.5300,5.7375,1.516e-08
metal1,26.4850,11.2000,metal1,26.5550,11.2000,2.059e-10
metal1,26.4850,13.8625,metal1,26.5450,14.1375,3.111e-11
metal1,26.4850,25.2000,metal1,26.5550,25.2000,1.409e-05
metal1,26.5200,8.4000,metal1,26.6750,8.4000,5.370e-07
metal1,26.5300,5.7375,metal1,26.5550,5.6000,1.516e-08
metal1,26.5350,19.6000,metal1,26.6750,19.6000,1.469e-07
metal1,26.5400,2.8000,metal1,26.6650,2.8000,3.782e-05
metal1,26.5400,16.8000,metal1,26.6750,16.8000,3.000e-06
metal1,26.5400,30.8000,metal1,26.6650,30.8000,3.738e-05
metal1,26.5450,14.1375,metal1,26.5550,14.0000,3.111e-11
metal1,26.5550,5.6000,metal1,26.8550,5.6000,1.516e-08
metal1,26.5550,11.2000,metal1,26.8650,11.2000,2.059e-10
metal1,26.5550,14.0000,metal1,26.8500,14.0000,3.111e-11
metal1,26.5550,25.2000,metal1,26.6750,25.2000,1.409e-05
metal1,26.6350,22.4000,metal1,26.7050,22.4000,1.564e-05
metal1,26.6600,28.0000,metal1,26.6650,27.8625,5.837e-09
metal1,26.6650,2.8000,metal1,26.7350,2.8000,5.858e-07
metal1,26.6650,27.8625,metal1,26.7300,28.1375,6.326e-09
metal1,26.6650,30.8000,metal1,26.7350,30.8000,2.599e-08
metal1,26.6750,8.4000,metal1,26.7450,8.4000,8.987e-07
metal1,26.6750,16.8000,metal1,26.7450,16.8000,3.721e-06
metal1,26.6750,19.6000,metal1,26.7450,19.6000,3.973e-07
metal1,26.6750,25.2000,metal1,26.7450,25.2000,1.409e-05
metal1,26.7050,22.4000,metal1,26.8100,22.4000,1.564e-05
metal1,26.7300,28.1375,metal1,26.7350,28.0000,6.326e-09
metal1,26.7350,2.8000,metal1,27.2300,2.8000,1.560e-08
metal1,26.7350,28.0000,metal1,26.8450,28.0000,6.326e-09
metal1,26.7350,30.8000,metal1,27.0400,30.8000,2.599e-08
metal1,26.7450,8.4000,metal1,26.8250,8.4000,8.987e-07
metal1,26.7450,16.8000,metal1,26.8500,16.8000,3.721e-06
metal1,26.7450,19.6000,metal1,26.8400,19.6000,3.973e-07
metal1,26.7450,25.2000,metal1,26.8650,25.2000,1.409e-05
metal1,26.8100,22.4000,metal1,26.9450,22.4000,1.260e-05
metal1,26.8250,8.4000,metal1,26.8950,8.4000,5.233e-07
metal1,26.8400,19.6000,metal1,26.9100,19.6000,5.411e-05
metal1,26.8450,28.0000,metal1,26.9150,28.0000,2.182e-08
metal1,26.8500,14.0000,metal1,26.8650,13.8625,3.111e-11
metal1,26.8500,16.8000,metal1,26.9200,16.8000,8.422e-06
metal1,26.8550,5.6000,metal1,26.9250,5.6000,5.728e-10
metal1,26.8650,11.2000,metal1,26.9350,11.2000,5.140e-08
metal1,26.8650,13.8625,metal1,26.9200,14.1375,6.693e-07
metal1,26.8650,25.2000,metal1,26.9350,25.2000,1.413e-05
metal1,26.8950,8.4000,metal1,27.0550,8.4000,5.233e-07
metal1,26.9100,19.6000,metal1,27.0200,19.6000,5.411e-05
metal1,26.9150,28.0000,metal1,27.0400,28.0000,2.182e-08
metal1,26.9200,14.1375,metal1,26.9350,14.0000,6.693e-07
metal1,26.9200,16.8000,metal1,27.0200,16.8000,8.422e-06
metal1,26.9250,5.6000,metal1,27.2250,5.6000,5.728e-10
metal1,26.9350,11.2000,metal1,27.2450,11.2000,2.200e-09
metal1,26.9350,14.0000,metal1,27.0200,14.0000,6.693e-07
metal1,26.9350,25.2000,metal1,27.0550,25.2000,1.413e-05
metal1,26.9450,22.4000,metal1,27.0150,22.4000,1.260e-05
metal1,27.0150,22.4000,metal1,27.0850,22.4000,8.674e-05
metal1,27.0200,14.0000,metal1,27.0900,14.0000,9.926e-06
metal1,27.0200,16.8000,metal1,27.0550,16.9700,8.422e-06
metal1,27.0200,19.6000,metal1,27.0900,19.6000,7.348e-08
metal1,27.0400,28.0000,metal1,27.1100,28.0000,2.373e-08
metal1,27.0400,30.8000,metal1,27.1100,30.8000,2.419e-08
metal1,27.0550,8.4000,metal1,27.1250,8.4000,9.044e-07
metal1,27.0550,16.9700,metal1,27.0900,16.6625,5.695e-06
metal1,27.0550,25.2000,metal1,27.1250,25.2000,4.379e-07
metal1,27.0550,33.6000,metal1,27.1250,33.6000,1.990e-05
metal1,27.0850,22.4000,metal1,27.2100,22.4000,8.674e-05
metal1,27.0900,14.0000,metal1,27.2300,14.0000,9.926e-06
metal1,27.0900,16.6625,metal1,27.1250,16.8000,1.275e-05
metal1,27.0900,19.6000,metal1,27.3950,19.6000,7.348e-08
metal1,27.1100,28.0000,metal1,27.2200,28.0000,2.373e-08
metal1,27.1100,30.8000,metal1,27.4200,30.8000,2.419e-08
metal1,27.1250,8.4000,metal1,27.2050,8.4000,9.044e-07
metal1,27.1250,16.8000,metal1,27.4000,16.8000,2.467e-05
metal1,27.1250,25.2000,metal1,27.2450,25.2000,4.379e-07
metal1,27.1250,33.6000,metal1,27.3950,33.6000,1.990e-05
metal1,27.2050,8.4000,metal1,27.2750,8.4000,8.347e-07
metal1,27.2100,22.4000,metal1,27.2250,22.5375,8.674e-05
metal1,27.2200,28.0000,metal1,27.2900,28.0000,1.341e-08
metal1,27.2250,5.6000,metal1,27.2300,5.4825,5.728e-10
metal1,27.2250,22.5375,metal1,27.2800,22.2300,4.625e-10
metal1,27.2300,2.8000,metal1,27.3000,2.8000,3.396e-05
metal1,27.2300,5.4825,metal1,27.2950,5.7375,4.389e-10
metal1,27.2300,14.0000,metal1,27.3000,14.0000,5.981e-05
metal1,27.2450,11.2000,metal1,27.3150,11.2000,1.872e-08
metal1,27.2450,25.2000,metal1,27.2500,25.3375,4.379e-07
metal1,27.2500,25.3375,metal1,27.3150,24.8975,1.528e-09
metal1,27.2750,8.4000,metal1,27.4000,8.4000,8.347e-07
metal1,27.2800,22.2300,metal1,27.2950,22.4000,4.625e-10
metal1,27.2900,28.0000,metal1,27.4200,28.0000,1.341e-08
metal1,27.2950,5.7375,metal1,27.3000,5.6000,4.389e-10
metal1,27.2950,22.4000,metal1,27.5850,22.4000,1.248e-07
metal1,27.3000,2.8000,metal1,27.4000,2.8000,3.396e-05
metal1,27.3000,5.6000,metal1,27.6100,5.6000,4.389e-10
metal1,27.3000,14.0000,metal1,27.3950,14.0000,6.050e-07
metal1,27.3150,11.2000,metal1,27.6000,11.2000,1.872e-08
metal1,27.3150,24.8975,metal1,27.3200,25.2000,1.528e-09
metal1,27.3200,25.2000,metal1,27.6250,25.2000,1.528e-09
metal1,27.3950,14.0000,metal1,27.4650,14.0000,6.987e-05
metal1,27.3950,19.6000,metal1,27.4400,19.4325,1.562e-09
metal1,27.3950,33.6000,metal1,27.4650,33.6000,1.921e-05
metal1,27.4000,2.8000,metal1,27.4700,2.8000,5.265e-07
metal1,27.4000,8.4000,metal1,27.4350,8.2300,8.347e-07
metal1,27.4000,16.8000,metal1,27.4350,16.9375,2.467e-05
metal1,27.4200,28.0000,metal1,27.4400,28.1375,1.341e-08
metal1,27.4200,30.8000,metal1,27.4900,30.8000,3.534e-05
metal1,27.4350,8.2300,metal1,27.4700,8.5375,6.088e-07
metal1,27.4350,16.9375,metal1,27.4700,16.6625,2.378e-05
metal1,27.4400,19.4325,metal1,27.4650,19.9025,2.286e-06
metal1,27.4400,28.1375,metal1,27.4900,27.8650,5.043e-07
metal1,27.4650,14.0000,metal1,27.8050,14.0000,3.664e-06
metal1,27.4650,19.9025,metal1,27.5100,19.6000,8.330e-06
metal1,27.4650,33.6000,metal1,27.7800,33.6000,1.921e-05
metal1,27.4700,2.8000,metal1,27.7750,2.8000,5.053e-08
metal1,27.4700,8.5375,metal1,27.5050,8.4000,1.361e-06
metal1,27.4700,16.6625,metal1,27.5050,16.8000,4.104e-05
metal1,27.4900,27.8650,metal1,27.5100,28.0000,5.043e-07
metal1,27.4900,30.8000,metal1,27.5900,30.8000,3.534e-05
metal1,27.5050,8.4000,metal1,27.8150,8.4000,1.771e-07
metal1,27.5050,16.8000,metal1,27.5900,16.8000,4.104e-05
metal1,27.5100,19.6000,metal1,27.6300,19.6000,8.330e-06
metal1,27.5100,28.0000,metal1,27.6150,28.0000,5.043e-07
metal1,27.5850,22.4000,metal1,27.6550,22.4000,1.124e-07
metal1,27.5900,16.8000,metal1,27.6600,16.8000,6.338e-06
metal1,27.5900,30.8000,metal1,27.6300,30.9700,5.532e-06
metal1,27.6000,11.2000,metal1,27.6250,11.0325,1.872e-08
metal1,27.6100,5.6000,metal1,27.6800,5.6000,2.971e-09
metal1,27.6150,28.0000,metal1,27.6850,28.0000,3.948e-05
metal1,27.6250,11.0325,metal1,27.6700,11.3375,8.122e-08
metal1,27.6250,25.2000,metal1,27.6950,25.2000,1.640e-05
metal1,27.6300,19.6000,metal1,27.7000,19.6000,3.135e-05
metal1,27.6300,30.9700,metal1,27.6600,30.6625,5.532e-06
metal1,27.6550,22.4000,metal1,27.7800,22.4000,1.124e-07
metal1,27.6600,16.8000,metal1,27.7750,16.8000,6.338e-06
metal1,27.6600,30.6625,metal1,27.7000,30.8000,2.329e-05
metal1,27.6700,11.3375,metal1,27.6950,11.2000,8.122e-08
metal1,27.6800,5.6000,metal1,27.8050,5.6000,2.971e-09
metal1,27.6850,28.0000,metal1,27.9900,28.0000,3.505e-06
metal1,27.6950,11.2000,metal1,27.7800,11.2000,8.122e-08
metal1,27.6950,25.2000,metal1,27.8200,25.2000,1.640e-05
metal1,27.7000,19.6000,metal1,27.7750,19.6000,3.135e-05
metal1,27.7000,30.8000,metal1,27.9650,30.8000,2.989e-08
metal1,27.7750,2.8000,metal1,27.8450,2.8000,2.818e-05
metal1,27.7750,16.8000,metal1,27.8450,16.8000,5.843e-06
metal1,27.7750,19.6000,metal1,27.8450,19.6000,1.744e-05
metal1,27.7800,11.2000,metal1,27.8500,11.2000,1.475e-09
metal1,27.7800,22.4000,metal1,27.8500,22.4000,5.127e-08
metal1,27.7800,33.6000,metal1,27.8500,33.6000,3.552e-07
metal1,27.8050,5.6000,metal1,27.8300,5.7375,2.971e-09
metal1,27.8050,14.0000,metal1,27.8750,14.0000,7.743e-06
metal1,27.8150,8.4000,metal1,27.8200,8.5375,1.771e-07
metal1,27.8200,8.5375,metal1,27.8850,8.2625,7.317e-09
metal1,27.8200,25.2000,metal1,27.8900,25.2000,1.714e-05
metal1,27.8300,5.7375,metal1,27.8750,5.3925,5.788e-10
metal1,27.8450,2.8000,metal1,27.9800,2.8000,2.818e-05
metal1,27.8450,16.8000,metal1,27.9650,16.8000,5.843e-06
metal1,27.8450,19.6000,metal1,28.0050,19.6000,1.744e-05
metal1,27.8500,11.2000,metal1,28.1550,11.2000,1.323e-09
metal1,27.8500,22.4000,metal1,28.1550,22.4000,5.127e-08
metal1,27.8500,33.6000,metal1,28.1550,33.6000,2.719e-08
metal1,27.8750,5.3925,metal1,27.9000,5.6000,5.788e-10
metal1,27.8750,14.0000,metal1,28.0050,14.0000,7.743e-06
metal1,27.8850,8.2625,metal1,27.8900,8.4000,7.317e-09
metal1,27.8900,8.4000,metal1,27.9700,8.4000,7.317e-09
metal1,27.8900,25.2000,metal1,28.0050,25.2000,1.714e-05
metal1,27.9000,5.6000,metal1,28.1800,5.6000,5.788e-10
metal1,27.9650,16.8000,metal1,28.0350,16.8000,5.973e-06
metal1,27.9650,30.8000,metal1,28.0050,30.9700,5.530e-06
metal1,27.9700,8.4000,metal1,28.0400,8.4000,7.189e-08
metal1,27.9800,2.8000,metal1,28.0500,2.8000,1.113e-07
metal1,27.9900,28.0000,metal1,28.0600,28.0000,6.708e-06
metal1,28.0050,14.0000,metal1,28.0750,14.0000,5.689e-05
metal1,28.0050,19.6000,metal1,28.0750,19.6000,4.571e-06
metal1,28.0050,25.2000,metal1,28.0750,25.2000,1.657e-05
metal1,28.0050,30.9700,metal1,28.0350,30.6625,5.530e-06
metal1,28.0350,16.8000,metal1,28.1550,16.8000,5.973e-06
metal1,28.0350,30.6625,metal1,28.0750,30.8000,3.672e-09
metal1,28.0400,8.4000,metal1,28.1950,8.4000,7.189e-08
metal1,28.0500,2.8000,metal1,28.1750,2.8000,1.113e-07
metal1,28.0600,28.0000,metal1,28.1950,28.0000,6.708e-06
metal1,28.0750,14.0000,metal1,28.1750,14.0000,8.384e-07
metal1,28.0750,19.6000,metal1,28.1550,19.6000,4.571e-06
metal1,28.0750,25.2000,metal1,28.1950,25.2000,1.657e-05
metal1,28.0750,30.8000,metal1,28.3850,30.8000,3.672e-09
metal1,28.1550,11.2000,metal1,28.2250,11.2000,9.064e-07
metal1,28.1550,16.8000,metal1,28.2250,16.8000,5.847e-06
metal1,28.1550,19.6000,metal1,28.2250,19.6000,2.611e-06
metal1,28.1550,22.4000,metal1,28.2250,22.4000,1.152e-07
metal1,28.1550,33.6000,metal1,28.2250,33.6000,1.824e-05
metal1,28.1750,2.8000,metal1,28.2450,2.8000,2.056e-09
metal1,28.1750,14.0000,metal1,28.2450,14.0000,1.962e-07
metal1,28.1800,5.6000,metal1,28.2500,5.6000,4.272e-13
metal1,28.1950,8.4000,metal1,28.2650,8.4000,4.729e-07
metal1,28.1950,25.2000,metal1,28.2650,25.2000,6.111e-10
metal1,28.1950,28.0000,metal1,28.2650,28.0000,7.138e-07
metal1,28.2250,11.2000,metal1,28.3650,11.2000,9.064e-07
metal1,28.2250,16.8000,metal1,28.3450,16.8000,5.847e-06
metal1,28.2250,19.6000,metal1,28.3850,19.6000,2.611e-06
metal1,28.2250,22.4000,metal1,28.3450,22.4000,1.152e-07
metal1,28.2250,33.6000,metal1,28.7650,33.6000,1.824e-05
metal1,28.2450,2.8000,metal1,28.5500,2.8000,1.421e-11
metal1,28.2450,14.0000,metal1,28.3700,14.0000,1.962e-07
metal1,28.2500,5.6000,metal1,28.5600,5.6000,4.230e-13
metal1,28.2650,8.4000,metal1,28.3450,8.4000,2.227e-09
metal1,28.2650,25.2000,metal1,28.5750,25.2000,6.111e-10
metal1,28.2650,28.0000,metal1,28.3500,28.0000,7.138e-07
metal1,28.3450,8.4000,metal1,28.4150,8.4000,7.011e-08
metal1,28.3450,16.8000,metal1,28.4150,16.8000,5.000e-06
metal1,28.3450,22.4000,metal1,28.4150,22.4000,2.895e-07
metal1,28.3500,28.0000,metal1,28.3700,27.8300,7.138e-07
metal1,28.3650,11.2000,metal1,28.4350,11.2000,1.402e-08
metal1,28.3700,14.0000,metal1,28.4400,14.0000,2.826e-08
metal1,28.3700,27.8300,metal1,28.4200,28.1375,1.951e-08
metal1,28.3850,19.6000,metal1,28.4550,19.6000,7.848e-06
metal1,28.3850,30.8000,metal1,28.4550,30.8000,1.819e-06
metal1,28.4150,8.4000,metal1,28.5750,8.4000,7.011e-08
metal1,28.4150,16.8000,metal1,28.5650,16.8000,5.000e-06
metal1,28.4150,22.4000,metal1,28.5550,22.4000,2.895e-07
metal1,28.4200,28.1375,metal1,28.4400,28.0000,1.951e-08
metal1,28.4350,11.2000,metal1,28.5800,11.2000,1.403e-08
metal1,28.4400,14.0000,metal1,28.5500,14.0000,2.826e-08
metal1,28.4400,28.0000,metal1,28.7550,28.0000,4.688e-05
metal1,28.4550,19.6000,metal1,28.5400,19.6000,7.848e-06
metal1,28.4550,30.8000,metal1,28.5350,30.8000,1.819e-06
metal1,28.5350,30.8000,metal1,28.6050,30.8000,1.040e-06
metal1,28.5400,19.6000,metal1,28.6100,19.6000,4.885e-06
metal1,28.5500,2.8000,metal1,28.6200,2.8000,1.177e-08
metal1,28.5500,14.0000,metal1,28.5650,13.8300,2.826e-08
metal1,28.5550,22.4000,metal1,28.6250,22.4000,5.330e-09
metal1,28.5600,5.6000,metal1,28.5650,5.7375,4.229e-13
metal1,28.5650,5.7375,metal1,28.6300,5.4925,5.318e-09
metal1,28.5650,13.8300,metal1,28.6200,14.1375,8.163e-07
metal1,28.5650,16.8000,metal1,28.6350,16.8000,9.016e-10
metal1,28.5750,8.4000,metal1,28.6450,8.4000,4.071e-07
metal1,28.5750,25.2000,metal1,28.6450,25.2000,1.611e-05
metal1,28.5800,11.2000,metal1,28.6500,11.2000,7.540e-10
metal1,28.6050,30.8000,metal1,28.7650,30.8000,1.040e-06
metal1,28.6100,19.6000,metal1,28.7650,19.6000,4.885e-06
metal1,28.6200,2.8000,metal1,28.7450,2.8000,1.177e-08
metal1,28.6200,14.1375,metal1,28.6350,14.0000,8.163e-07
metal1,28.6250,22.4000,metal1,28.9150,22.4000,8.820e-10
metal1,28.6300,5.4925,metal1,28.7000,5.6000,1.254e-07
metal1,28.6350,14.0000,metal1,28.7550,14.0000,8.163e-07
metal1,28.6350,16.8000,metal1,28.9150,16.8000,9.016e-10
metal1,28.6450,8.4000,metal1,28.7300,8.4000,4.071e-07
metal1,28.6450,25.2000,metal1,28.7700,25.2000,1.611e-05
metal1,28.6500,11.2000,metal1,28.9550,11.2000,7.540e-10
metal1,28.7000,5.6000,metal1,28.7550,5.6000,1.254e-07
metal1,28.7300,8.4000,metal1,28.8000,8.4000,2.546e-07
metal1,28.7450,2.8000,metal1,28.8150,2.8000,5.092e-06
metal1,28.7550,5.6000,metal1,28.8250,5.6000,3.338e-09
metal1,28.7550,14.0000,metal1,28.8250,14.0000,1.485e-05
metal1,28.7550,28.0000,metal1,28.7700,27.8625,4.688e-05
metal1,28.7650,19.6000,metal1,28.8350,19.6000,8.204e-06
metal1,28.7650,30.8000,metal1,28.8350,30.8000,9.558e-06
metal1,28.7650,33.6000,metal1,28.8350,33.6000,2.956e-07
metal1,28.7700,25.2000,metal1,28.8400,25.2000,5.127e-07
metal1,28.7700,27.8625,metal1,28.8250,28.1375,2.463e-09
metal1,28.8000,8.4000,metal1,28.9550,8.4000,2.546e-07
metal1,28.8150,2.8000,metal1,28.9150,2.8000,5.092e-06
metal1,28.8250,5.6000,metal1,29.1250,5.6000,3.338e-09
metal1,28.8250,14.0000,metal1,28.9400,14.0000,1.485e-05
metal1,28.8250,28.1375,metal1,28.8400,28.0000,2.463e-09
metal1,28.8350,19.6000,metal1,28.9150,19.6000,8.204e-06
metal1,28.8350,30.8000,metal1,28.9600,30.8000,9.558e-06
metal1,28.8350,33.6000,metal1,29.1450,33.6000,2.192e-08
metal1,28.8400,25.2000,metal1,28.9550,25.2000,5.127e-07
metal1,28.8400,28.0000,metal1,29.1300,28.0000,2.463e-09
metal1,28.9150,2.8000,metal1,28.9850,2.8000,1.701e-06
metal1,28.9150,16.8000,metal1,28.9400,16.9375,9.016e-10
metal1,28.9150,19.6000,metal1,28.9850,19.6000,4.752e-06
metal1,28.9150,22.4000,metal1,28.9300,22.2625,8.820e-10
metal1,28.9300,22.2625,metal1,28.9850,22.5700,6.295e-05
metal1,28.9400,14.0000,metal1,29.0100,14.0000,1.430e-05
metal1,28.9400,16.9375,metal1,28.9850,16.6625,6.474e-09
metal1,28.9550,8.4000,metal1,29.0250,8.4000,4.258e-07
metal1,28.9550,11.2000,metal1,28.9700,11.3375,7.540e-10
metal1,28.9550,25.2000,metal1,28.9600,25.3375,5.127e-07
metal1,28.9600,25.3375,metal1,29.0250,25.0625,4.996e-11
metal1,28.9600,30.8000,metal1,29.0300,30.8000,1.020e-05
metal1,28.9700,11.3375,metal1,29.0250,10.9925,3.855e-10
metal1,28.9850,2.8000,metal1,29.3500,2.8000,1.701e-06
metal1,28.9850,16.6625,metal1,29.0100,16.8000,6.474e-09
metal1,28.9850,19.6000,metal1,29.1450,19.6000,4.752e-06
metal1,28.9850,22.5700,metal1,29.0000,22.4000,6.295e-05
metal1,29.0000,22.4000,metal1,29.1100,22.4000,6.295e-05
metal1,29.0100,14.0000,metal1,29.1300,14.0000,1.430e-05
metal1,29.0100,16.8000,metal1,29.3200,16.8000,6.474e-09
metal1,29.0250,8.4000,metal1,29.1050,8.4000,4.258e-07
metal1,29.0250,10.9925,metal1,29.0400,11.2000,3.855e-10
metal1,29.0250,25.0625,metal1,29.0300,25.2000,4.996e-11
metal1,29.0300,25.2000,metal1,29.3350,25.2000,4.996e-11
metal1,29.0300,30.8000,metal1,29.1450,30.8000,1.020e-05
metal1,29.0400,11.2000,metal1,29.3350,11.2000,3.855e-10
metal1,29.1050,8.4000,metal1,29.1750,8.4000,1.237e-07
metal1,29.1100,22.4000,metal1,29.1500,22.2325,4.740e-06
metal1,29.1250,5.6000,metal1,29.1300,5.4350,3.338e-09
metal1,29.1300,5.4350,metal1,29.1950,5.7375,6.483e-09
metal1,29.1300,14.0000,metal1,29.2000,14.0000,1.430e-05
metal1,29.1300,28.0000,metal1,29.1450,27.8625,2.463e-09
metal1,29.1450,19.6000,metal1,29.2150,19.6000,8.225e-06
metal1,29.1450,27.8625,metal1,29.2000,28.1375,3.442e-11
metal1,29.1450,30.8000,metal1,29.2150,30.8000,9.886e-06
metal1,29.1450,33.6000,metal1,29.2150,33.6000,1.493e-05
metal1,29.1500,22.2325,metal1,29.1800,22.5375,4.740e-06
metal1,29.1750,8.4000,metal1,29.3350,8.4000,1.237e-07
metal1,29.1800,22.5375,metal1,29.2200,22.4000,1.358e-05
metal1,29.1950,5.7375,metal1,29.2000,5.6000,6.483e-09
metal1,29.2000,5.6000,metal1,29.5100,5.6000,6.483e-09
metal1,29.2000,14.0000,metal1,29.3200,14.0000,1.430e-05
metal1,29.2000,28.1375,metal1,29.2150,28.0000,3.442e-11
metal1,29.2150,19.6000,metal1,29.2950,19.6000,8.225e-06
metal1,29.2150,28.0000,metal1,29.5100,28.0000,3.442e-11
metal1,29.2150,30.8000,metal1,29.3350,30.8000,9.886e-06
metal1,29.2150,33.6000,metal1,29.9050,33.6000,1.813e-08
metal1,29.2200,22.4000,metal1,29.4850,22.4000,1.358e-05
metal1,29.2950,19.6000,metal1,29.3400,19.4400,9.058e-09
metal1,29.3200,14.0000,metal1,29.3900,14.0000,1.450e-05
metal1,29.3200,16.8000,metal1,29.3900,16.8000,2.025e-05
metal1,29.3350,8.4000,metal1,29.4050,8.4000,2.139e-07
metal1,29.3350,11.2000,metal1,29.4050,11.2000,6.642e-10
metal1,29.3350,25.2000,metal1,29.4050,25.2000,7.604e-07
metal1,29.3350,30.8000,metal1,29.4050,30.8000,3.546e-07
metal1,29.3400,19.4400,metal1,29.3650,19.9025,4.032e-06
metal1,29.3500,2.8000,metal1,29.4200,2.8000,1.036e-06
metal1,29.3650,19.9025,metal1,29.4100,19.6000,9.006e-06
metal1,29.3900,14.0000,metal1,29.5100,14.0000,1.450e-05
metal1,29.3900,16.8000,metal1,29.5300,16.8000,2.025e-05
metal1,29.4050,8.4000,metal1,29.4850,8.4000,2.139e-07
metal1,29.4050,11.2000,metal1,29.7050,11.2000,6.642e-10
metal1,29.4050,25.2000,metal1,29.5300,25.2000,7.604e-07
metal1,29.4050,30.8000,metal1,29.5150,30.8000,3.546e-07
metal1,29.4100,19.6000,metal1,29.6750,19.6000,9.006e-06
metal1,29.4200,2.8000,metal1,29.4850,2.8000,1.036e-06
metal1,29.4850,2.8000,metal1,29.5550,2.8000,3.527e-07
metal1,29.4850,8.4000,metal1,29.5550,8.4000,9.380e-09
metal1,29.4850,22.4000,metal1,29.5250,22.2325,4.334e-09
metal1,29.5100,5.6000,metal1,29.5800,5.6000,3.929e-05
metal1,29.5100,14.0000,metal1,29.5800,14.0000,5.054e-05
metal1,29.5100,28.0000,metal1,29.5250,27.8625,3.442e-11
metal1,29.5150,30.8000,metal1,29.5850,30.8000,2.804e-07
metal1,29.5250,22.2325,metal1,29.5550,22.5375,6.675e-06
metal1,29.5250,27.8625,metal1,29.5800,28.1375,6.533e-07
metal1,29.5300,16.8000,metal1,29.6000,16.8000,3.324e-05
metal1,29.5300,25.2000,metal1,29.6000,25.2000,6.632e-07
metal1,29.5550,2.8000,metal1,30.0550,2.8000,3.527e-07
metal1,29.5550,8.4000,metal1,29.8650,8.4000,9.380e-09
metal1,29.5550,22.5375,metal1,29.5950,22.4000,1.349e-05
metal1,29.5800,5.6000,metal1,29.7150,5.6000,3.929e-05
metal1,29.5800,14.0000,metal1,29.6800,14.0000,5.054e-05
metal1,29.5800,28.1375,metal1,29.5950,28.0000,6.533e-07
metal1,29.5850,30.8000,metal1,29.7150,30.8000,2.804e-07
metal1,29.5950,22.4000,metal1,29.8650,22.4000,1.349e-05
metal1,29.5950,28.0000,metal1,29.7050,28.0000,6.533e-07
metal1,29.6000,16.8000,metal1,29.6750,16.8000,3.324e-05
metal1,29.6000,25.2000,metal1,29.7150,25.2000,6.632e-07
metal1,29.6750,16.8000,metal1,29.7450,16.8000,1.355e-06
metal1,29.6750,19.6000,metal1,29.7450,19.6000,1.285e-08
metal1,29.6800,14.0000,metal1,29.7500,14.0000,6.727e-06
metal1,29.7050,11.2000,metal1,29.7150,11.0925,6.642e-10
metal1,29.7050,28.0000,metal1,29.7750,28.0000,1.042e-05
metal1,29.7150,5.6000,metal1,29.7850,5.6000,7.215e-07
metal1,29.7150,11.0925,metal1,29.7850,11.0925,2.367e-09
metal1,29.7150,25.2000,metal1,29.7850,25.2000,3.483e-06
metal1,29.7150,30.8000,metal1,29.7850,30.8000,3.337e-07
metal1,29.7450,16.8000,metal1,29.8950,16.8000,1.355e-06
metal1,29.7450,19.6000,metal1,30.0550,19.6000,1.285e-08
metal1,29.7500,14.0000,metal1,29.8800,14.0000,6.727e-06
metal1,29.7750,28.0000,metal1,29.9050,28.0000,1.042e-05
metal1,29.7850,5.6000,metal1,29.8950,5.6000,5.286e-06
metal1,29.7850,11.0925,metal1,29.8400,11.2000,2.367e-09
metal1,29.7850,25.2000,metal1,30.0950,25.2000,3.051e-07
metal1,29.7850,30.8000,metal1,29.8900,30.8000,3.337e-07
metal1,29.8400,11.2000,metal1,30.0950,11.2000,2.367e-09
metal1,29.8650,8.4000,metal1,29.8800,8.5700,9.380e-09
metal1,29.8650,22.4000,metal1,29.9050,22.2325,1.619e-05
metal1,29.8800,8.5700,metal1,29.9350,8.2325,1.037e-08
metal1,29.8800,14.0000,metal1,29.9500,14.0000,4.214e-05
metal1,29.8900,30.8000,metal1,29.9600,30.8000,2.718e-07
metal1,29.8950,5.6000,metal1,29.9650,5.6000,3.724e-06
metal1,29.8950,16.8000,metal1,29.9050,16.9375,1.355e-06
metal1,29.9050,16.9375,metal1,29.9650,16.6625,6.099e-11
metal1,29.9050,22.2325,metal1,29.9350,22.5375,4.834e-09
metal1,29.9050,28.0000,metal1,29.9750,28.0000,1.236e-05
metal1,29.9050,33.6000,metal1,29.9750,33.6000,1.306e-05
metal1,29.9350,8.2325,metal1,29.9500,8.4000,1.037e-08
metal1,29.9350,22.5375,metal1,29.9750,22.4000,2.491e-06
metal1,29.9500,8.4000,metal1,30.0600,8.4000,1.037e-08
metal1,29.9500,14.0000,metal1,30.0550,14.0000,1.752e-07
metal1,29.9600,30.8000,metal1,30.0950,30.8000,2.718e-07
metal1,29.9650,5.6000,metal1,30.0950,5.6000,3.724e-06
metal1,29.9650,16.6625,metal1,29.9750,16.8000,6.099e-11
metal1,29.9750,16.8000,metal1,30.2700,16.8000,6.099e-11
metal1,29.9750,22.4000,metal1,30.0850,22.4000,2.491e-06
metal1,29.9750,28.0000,metal1,30.0800,28.0000,1.236e-05
metal1,29.9750,33.6000,metal1,30.2450,33.6000,1.306e-05
metal1,30.0550,2.8000,metal1,30.0850,2.6250,3.527e-07
metal1,30.0550,14.0000,metal1,30.1250,14.0000,6.711e-07
metal1,30.0550,19.6000,metal1,30.0950,19.4400,1.863e-05
metal1,30.0600,8.4000,metal1,30.1300,8.4000,2.946e-11
metal1,30.0800,28.0000,metal1,30.1500,28.0000,1.010e-05
metal1,30.0850,2.6250,metal1,30.1250,2.9075,5.194e-07
metal1,30.0850,22.4000,metal1,30.1550,22.4000,1.098e-05
metal1,30.0950,5.6000,metal1,30.1650,5.6000,2.418e-05
metal1,30.0950,11.2000,metal1,30.1650,11.2000,5.384e-09
metal1,30.0950,19.4400,metal1,30.1250,19.7350,5.440e-09
metal1,30.0950,25.2000,metal1,30.1650,25.2000,6.540e-07
metal1,30.0950,30.8000,metal1,30.1650,30.8000,3.339e-07
metal1,30.1250,2.9075,metal1,30.2200,2.8000,1.212e-08
metal1,30.1250,14.0000,metal1,30.6450,14.0000,6.711e-07
metal1,30.1250,19.7350,metal1,30.1650,19.6000,1.704e-06
metal1,30.1300,8.4000,metal1,30.4350,8.4000,2.946e-11
metal1,30.1500,28.0000,metal1,30.2850,28.0000,1.010e-05
metal1,30.1550,22.4000,metal1,30.2850,22.4000,1.098e-05
metal1,30.1650,5.6000,metal1,30.4350,5.6000,1.715e-08
metal1,30.1650,11.2000,metal1,30.2650,11.2000,5.384e-09
metal1,30.1650,19.6000,metal1,30.6400,19.6000,1.704e-06
metal1,30.1650,25.2000,metal1,30.2850,25.2000,6.540e-07
metal1,30.1650,30.8000,metal1,30.2700,30.8000,3.339e-07
metal1,30.2200,2.8000,metal1,30.4550,2.8000,1.212e-08
metal1,30.2450,33.6000,metal1,30.3150,33.6000,8.701e-06
metal1,30.2650,11.2000,metal1,30.2750,11.0350,5.384e-09
metal1,30.2700,16.8000,metal1,30.2850,16.9375,6.099e-11
metal1,30.2700,30.8000,metal1,30.3400,30.8000,1.969e-07
metal1,30.2750,11.0350,metal1,30.3350,11.3375,4.008e-09
metal1,30.2850,16.9375,metal1,30.3400,16.6625,1.171e-10
metal1,30.2850,22.4000,metal1,30.3550,22.4000,1.302e-05
metal1,30.2850,25.2000,metal1,30.3550,25.2000,3.074e-08
metal1,30.2850,28.0000,metal1,30.3550,28.0000,2.803e-07
metal1,30.3150,33.6000,metal1,30.8150,33.6000,8.701e-06
metal1,30.3350,11.3375,metal1,30.3450,11.2000,4.008e-09
metal1,30.3400,16.6625,metal1,30.3550,16.8000,1.171e-10
metal1,30.3400,30.8000,metal1,30.4750,30.8000,1.969e-07
metal1,30.3450,11.2000,metal1,30.6300,11.2000,4.008e-09
metal1,30.3550,16.8000,metal1,30.6500,16.8000,1.171e-10
metal1,30.3550,22.4000,metal1,30.4600,22.4000,1.302e-05
metal1,30.3550,25.2000,metal1,30.4650,25.2000,3.074e-08
metal1,30.3550,28.0000,metal1,30.4550,28.0000,2.803e-07
metal1,30.4350,5.6000,metal1,30.4600,5.4250,1.715e-08
metal1,30.4350,8.4000,metal1,30.5050,8.4000,3.204e-08
metal1,30.4550,2.8000,metal1,30.5250,2.8000,1.876e-08
metal1,30.4550,28.0000,metal1,30.4600,28.1700,2.803e-07
metal1,30.4600,5.4250,metal1,30.5050,5.7700,2.536e-05
metal1,30.4600,22.4000,metal1,30.5300,22.4000,1.064e-05
metal1,30.4600,28.1700,metal1,30.5250,27.8625,3.640e-09
metal1,30.4650,25.2000,metal1,30.4750,25.3375,3.074e-08
metal1,30.4750,25.3375,metal1,30.5350,25.0625,6.072e-07
metal1,30.4750,30.8000,metal1,30.5450,30.8000,2.756e-05
metal1,30.5050,5.7700,metal1,30.5300,5.6000,2.536e-05
metal1,30.5050,8.4000,metal1,30.6450,8.4000,3.204e-08
metal1,30.5250,2.8000,metal1,30.6450,2.8000,1.876e-08
metal1,30.5250,27.8625,metal1,30.5300,28.0000,3.640e-09
metal1,30.5300,5.6000,metal1,30.8150,5.6000,2.536e-05
metal1,30.5300,22.4000,metal1,30.6650,22.4000,1.064e-05
metal1,30.5300,28.0000,metal1,30.6300,28.0000,3.640e-09
metal1,30.5350,25.0625,metal1,30.5450,25.2000,6.072e-07
metal1,30.5450,25.2000,metal1,30.6550,25.2000,6.072e-07
metal1,30.5450,30.8000,metal1,30.6400,30.8000,2.756e-05
metal1,30.6300,11.2000,metal1,30.6500,11.0300,4.008e-09
metal1,30.6300,28.0000,metal1,30.7000,28.0000,5.355e-08
metal1,30.6400,19.6000,metal1,30.7100,19.6000,1.024e-05
metal1,30.6400,30.8000,metal1,30.7100,30.8000,9.546e-06
metal1,30.6450,2.8000,metal1,30.7150,2.8000,3.663e-08
metal1,30.6450,8.4000,metal1,30.7150,8.4000,4.042e-08
metal1,30.6450,14.0000,metal1,30.6650,14.1175,6.711e-07
metal1,30.6500,11.0300,metal1,30.7000,11.3375,4.995e-10
metal1,30.6500,16.8000,metal1,30.6650,16.9375,1.171e-10
metal1,30.6550,25.2000,metal1,30.7250,25.2000,1.360e-05
metal1,30.6650,14.1175,metal1,30.7150,13.8625,8.739e-10
metal1,30.6650,16.9375,metal1,30.7200,16.6625,2.232e-06
metal1,30.6650,22.4000,metal1,30.7350,22.4000,1.120e-06
metal1,30.7000,11.3375,metal1,30.7200,11.2000,4.995e-10
metal1,30.7000,28.0000,metal1,30.8300,28.0000,5.355e-08
metal1,30.7100,19.6000,metal1,30.8600,19.6000,1.024e-05
metal1,30.7100,30.8000,metal1,30.8150,30.8000,9.546e-06
metal1,30.7150,2.8000,metal1,30.8300,2.8000,3.663e-08
metal1,30.7150,8.4000,metal1,30.8150,8.4000,4.042e-08
metal1,30.7150,13.8625,metal1,30.7350,14.0000,8.739e-10
metal1,30.7200,11.2000,metal1,31.0300,11.2000,4.178e-08
metal1,30.7200,16.6625,metal1,30.7350,16.8000,2.232e-06
metal1,30.7250,25.2000,metal1,30.8400,25.2000,1.360e-05
metal1,30.7350,14.0000,metal1,31.0450,14.0000,1.192e-11
metal1,30.7350,16.8000,metal1,30.8200,16.8000,2.232e-06
metal1,30.7350,22.4000,metal1,30.8200,22.4000,1.120e-06
metal1,30.8150,5.6000,metal1,30.8350,5.7750,2.536e-05
metal1,30.8150,8.4000,metal1,30.8850,8.4000,2.734e-11
metal1,30.8150,30.8000,metal1,30.8850,30.8000,1.721e-06
metal1,30.8150,33.6000,metal1,30.8850,33.6000,7.993e-06
metal1,30.8200,16.8000,metal1,30.8900,16.8000,3.109e-05
metal1,30.8200,22.4000,metal1,30.8400,22.5700,1.120e-06
metal1,30.8300,2.8000,metal1,30.9000,2.8000,5.360e-06
metal1,30.8300,28.0000,metal1,30.9000,28.0000,7.060e-07
metal1,30.8350,5.7750,metal1,30.8850,5.4300,3.638e-09
metal1,30.8400,22.5700,metal1,30.8900,22.2625,2.109e-07
metal1,30.8400,25.2000,metal1,30.9100,25.2000,1.310e-05
metal1,30.8600,19.6000,metal1,30.9300,19.6000,1.304e-05
metal1,30.8850,5.4300,metal1,30.9050,5.6000,3.638e-09
metal1,30.8850,8.4000,metal1,31.1950,8.4000,2.733e-11
metal1,30.8850,30.8000,metal1,31.2000,30.8000,1.721e-06
metal1,30.8850,33.6000,metal1,31.3850,33.6000,7.993e-06
metal1,30.8900,16.8000,metal1,31.0450,16.8000,3.109e-05
metal1,30.8900,22.2625,metal1,30.9100,22.4000,2.109e-07
metal1,30.9000,2.8000,metal1,31.0100,2.8000,5.360e-06
metal1,30.9000,28.0000,metal1,31.0050,28.0000,1.168e-09
metal1,30.9050,5.6000,metal1,31.2100,5.6000,1.329e-09
metal1,30.9100,22.4000,metal1,31.0350,22.4000,2.109e-07
metal1,30.9100,25.2000,metal1,31.0300,25.2000,1.310e-05
metal1,30.9300,19.6000,metal1,31.0500,19.6000,1.304e-05
metal1,31.0050,28.0000,metal1,31.0100,27.8300,1.168e-09
metal1,31.0100,2.8000,metal1,31.0250,2.9700,5.360e-06
metal1,31.0100,27.8300,metal1,31.0750,28.1700,1.752e-09
metal1,31.0250,2.9700,metal1,31.0800,2.6300,4.028e-10
metal1,31.0300,11.2000,metal1,31.1000,11.2000,3.389e-05
metal1,31.0300,25.2000,metal1,31.1000,25.2000,1.314e-05
metal1,31.0350,22.4000,metal1,31.1050,22.4000,1.772e-05
metal1,31.0450,14.0000,metal1,31.1150,14.0000,9.160e-09
metal1,31.0450,16.8000,metal1,31.1150,16.8000,3.638e-06
metal1,31.0500,19.6000,metal1,31.1200,19.6000,8.546e-09
metal1,31.0750,28.1700,metal1,31.0800,28.0000,1.752e-09
metal1,31.0800,2.6300,metal1,31.0950,2.8000,4.028e-10
metal1,31.0800,28.0000,metal1,31.4050,28.0000,1.145e-05
metal1,31.0950,2.8000,metal1,31.4000,2.8000,2.173e-09
metal1,31.1000,11.2000,metal1,31.2100,11.2000,3.389e-05
metal1,31.1000,25.2000,metal1,31.2200,25.2000,1.314e-05
metal1,31.1050,22.4000,metal1,31.1950,22.4000,7.293e-08
metal1,31.1150,14.0000,metal1,31.2500,14.0000,9.160e-09
metal1,31.1150,16.8000,metal1,31.1950,16.8000,3.638e-06
metal1,31.1200,19.6000,metal1,31.4050,19.6000,8.546e-09
metal1,31.1950,8.4000,metal1,31.2500,8.5700,2.000e-08
metal1,31.1950,16.8000,metal1,31.2150,16.9675,3.638e-06
metal1,31.1950,22.4000,metal1,31.2650,22.4000,2.899e-06
metal1,31.2000,30.8000,metal1,31.2700,30.8000,1.183e-07
metal1,31.2100,5.6000,metal1,31.2150,5.4300,1.329e-09
metal1,31.2100,11.2000,metal1,31.2250,11.0325,3.389e-05
metal1,31.2150,5.4300,metal1,31.2800,5.7700,1.781e-09
metal1,31.2150,16.9675,metal1,31.2650,16.6300,1.621e-09
metal1,31.2200,25.2000,metal1,31.2900,25.2000,4.048e-07
metal1,31.2250,11.0325,metal1,31.2800,11.3700,2.396e-10
metal1,31.2500,8.5700,metal1,31.2650,8.1925,4.398e-11
metal1,31.2500,14.0000,metal1,31.3200,14.0000,4.024e-06
metal1,31.2650,8.1925,metal1,31.3200,8.4000,4.407e-07
metal1,31.2650,16.6300,metal1,31.2850,16.8000,1.621e-09
metal1,31.2650,22.4000,metal1,31.4100,22.4000,2.899e-06
metal1,31.2700,30.8000,metal1,31.4050,30.8000,4.688e-06
metal1,31.2800,5.7700,metal1,31.2850,5.6000,1.781e-09
metal1,31.2800,11.3700,metal1,31.2950,11.2000,2.396e-10
metal1,31.2850,5.6000,metal1,31.4050,5.6000,1.781e-09
metal1,31.2850,16.8000,metal1,31.5750,16.8000,1.167e-09
metal1,31.2900,25.2000,metal1,31.4100,25.2000,4.048e-07
metal1,31.2950,11.2000,metal1,31.7900,11.2000,9.949e-11
metal1,31.3200,8.4000,metal1,31.3900,8.4000,4.407e-07
metal1,31.3200,14.0000,metal1,31.4250,14.0000,4.024e-06
metal1,31.3850,33.6000,metal1,31.4550,33.6000,3.940e-06
metal1,31.3900,8.4000,metal1,31.4600,8.4000,1.832e-09
metal1,31.4000,2.8000,metal1,31.4700,2.8000,1.518e-06
metal1,31.4050,5.6000,metal1,31.4750,5.6000,1.310e-10
metal1,31.4050,19.6000,metal1,31.4250,19.4825,8.546e-09
metal1,31.4050,28.0000,metal1,31.4750,28.0000,2.116e-07
metal1,31.4050,30.8000,metal1,31.4750,30.8000,3.710e-09
metal1,31.4100,22.4000,metal1,31.4800,22.4000,2.174e-06
metal1,31.4100,25.2000,metal1,31.4150,25.0625,4.048e-07
metal1,31.4150,25.0625,metal1,31.4800,25.3375,2.129e-09
metal1,31.4250,14.0000,metal1,31.4950,14.0000,6.506e-08
metal1,31.4250,19.4825,metal1,31.4750,19.7375,2.275e-09
metal1,31.4550,33.6000,metal1,31.9550,33.6000,3.940e-06
metal1,31.4600,8.4000,metal1,31.7650,8.4000,1.832e-09
metal1,31.4700,2.8000,metal1,31.7650,2.8000,1.518e-06
metal1,31.4750,5.6000,metal1,31.5900,5.6000,1.310e-10
metal1,31.4750,19.7375,metal1,31.4950,19.6000,2.275e-09
metal1,31.4750,28.0000,metal1,31.7800,28.0000,9.251e-09
metal1,31.4750,30.8000,metal1,32.0100,30.8000,3.710e-09
metal1,31.4800,22.4000,metal1,31.5800,22.4000,2.174e-06
metal1,31.4800,25.3375,metal1,31.4850,25.2000,2.129e-09
metal1,31.4850,25.2000,metal1,31.7900,25.2000,2.129e-09
metal1,31.4950,14.0000,metal1,31.8050,14.0000,5.327e-09
metal1,31.4950,19.6000,metal1,31.8050,19.6000,2.275e-09
metal1,31.5750,16.8000,metal1,31.5900,16.9675,1.167e-09
metal1,31.5800,22.4000,metal1,31.6500,22.4000,4.798e-09
metal1,31.5900,5.6000,metal1,31.6600,5.6000,7.950e-08
metal1,31.5900,16.9675,metal1,31.6450,16.6300,2.657e-05
metal1,31.6450,16.6300,metal1,31.6600,16.8000,2.657e-05
metal1,31.6500,22.4000,metal1,31.7900,22.4000,1.914e-06
metal1,31.6600,5.6000,metal1,31.7800,5.6000,7.950e-08
metal1,31.6600,16.8000,metal1,31.7700,16.8000,2.657e-05
metal1,31.7650,2.8000,metal1,31.8350,2.8000,7.037e-07
metal1,31.7650,8.4000,metal1,31.8350,8.4000,1.790e-06
metal1,31.7700,16.8000,metal1,31.7950,16.6300,2.657e-05
metal1,31.7800,5.6000,metal1,31.8500,5.6000,1.663e-05
metal1,31.7800,28.0000,metal1,31.8500,28.0000,6.114e-06
metal1,31.7900,11.2000,metal1,31.8600,11.2000,1.100e-07
metal1,31.7900,22.4000,metal1,31.8600,22.4000,1.450e-05
metal1,31.7900,25.2000,metal1,31.8050,25.3375,2.129e-09
metal1,31.7950,16.6300,metal1,31.8400,16.9700,1.412e-09
metal1,31.8050,14.0000,metal1,31.8750,14.0000,3.767e-06
metal1,31.8050,19.6000,metal1,31.8750,19.6000,6.579e-08
metal1,31.8050,25.3375,metal1,31.8600,25.0625,1.235e-09
metal1,31.8350,2.8000,metal1,32.3350,2.8000,7.037e-07
metal1,31.8350,8.4000,metal1,31.9850,8.4000,1.790e-06
metal1,31.8400,16.9700,metal1,31.8650,16.8000,1.412e-09
metal1,31.8500,5.6000,metal1,31.9550,5.6000,1.663e-05
metal1,31.8500,28.0000,metal1,31.9750,28.0000,6.114e-06
metal1,31.8600,11.2000,metal1,31.9750,11.2000,1.100e-07
metal1,31.8600,22.4000,metal1,31.9600,22.4000,1.450e-05
metal1,31.8600,25.0625,metal1,31.8750,25.2000,1.235e-09
metal1,31.8650,16.8000,metal1,32.1450,16.8000,1.781e-08
metal1,31.8750,14.0000,metal1,31.9850,14.0000,3.767e-06
metal1,31.8750,19.6000,metal1,32.0100,19.6000,6.579e-08
metal1,31.8750,25.2000,metal1,32.1700,25.2000,3.818e-10
metal1,31.9550,5.6000,metal1,31.9750,5.7750,1.663e-05
metal1,31.9550,33.6000,metal1,32.0250,33.6000,5.643e-14
metal1,31.9600,22.4000,metal1,32.0300,22.4000,1.970e-08
metal1,31.9750,5.7750,metal1,32.0250,5.4300,2.094e-09
metal1,31.9750,11.2000,metal1,32.0450,11.2000,3.538e-06
metal1,31.9750,28.0000,metal1,32.0450,28.0000,1.129e-07
metal1,31.9850,8.4000,metal1,32.1200,8.4000,3.660e-06
metal1,31.9850,14.0000,metal1,32.1200,14.0000,5.223e-06
metal1,32.0100,19.6000,metal1,32.0800,19.6000,8.483e-08
metal1,32.0100,30.8000,metal1,32.0800,30.8000,2.422e-12
metal1,32.0250,5.4300,metal1,32.0450,5.6000,2.094e-09
metal1,32.0250,33.6000,metal1,33.0600,33.6000,5.835e-14
metal1,32.0300,22.4000,metal1,32.3350,22.4000,1.970e-08
metal1,32.0450,5.6000,metal1,32.3500,5.6000,1.685e-08
metal1,32.0450,11.2000,metal1,32.1450,11.2000,3.538e-06
metal1,32.0450,28.0000,metal1,32.3500,28.0000,1.651e-10
metal1,32.0800,19.6000,metal1,32.1850,19.6000,8.483e-08
metal1,32.0800,30.8000,metal1,32.7450,30.8000,2.418e-12
metal1,32.1200,8.4000,metal1,32.1450,8.4000,3.660e-06
metal1,32.1200,14.0000,metal1,32.1450,14.0000,5.223e-06
metal1,32.1450,8.4000,metal1,32.2150,8.4000,3.463e-07
metal1,32.1450,11.2000,metal1,32.2150,11.2000,3.880e-07
metal1,32.1450,14.0000,metal1,32.2150,14.0000,1.239e-06
metal1,32.1450,16.8000,metal1,32.2150,16.8000,1.477e-08
metal1,32.1700,25.2000,metal1,32.1850,25.3375,3.818e-10
metal1,32.1850,19.6000,metal1,32.2550,19.6000,9.936e-11
metal1,32.1850,25.3375,metal1,32.2400,25.0300,1.646e-05
metal1,32.2150,8.4000,metal1,32.3650,8.4000,3.463e-07
metal1,32.2150,11.2000,metal1,32.5450,11.2000,3.880e-07
metal1,32.2150,14.0000,metal1,32.5450,14.0000,1.239e-06
metal1,32.2150,16.8000,metal1,32.3600,16.8000,1.477e-08
metal1,32.2400,25.0300,metal1,32.2550,25.2000,1.646e-05
metal1,32.2550,19.6000,metal1,32.5650,19.6000,9.935e-11
metal1,32.2550,25.2000,metal1,32.3400,25.2000,1.646e-05
metal1,32.3350,2.8000,metal1,32.4050,2.8000,1.476e-13
metal1,32.3350,22.4000,metal1,32.4050,22.4000,7.057e-09
metal1,32.3400,25.2000,metal1,32.3550,25.3675,1.646e-05
metal1,32.3500,5.6000,metal1,32.4200,5.6000,1.152e-05
metal1,32.3500,28.0000,metal1,32.4200,28.0000,2.341e-13
metal1,32.3550,25.3675,metal1,32.4100,25.0300,8.614e-10
metal1,32.3600,16.8000,metal1,32.4300,16.8000,3.181e-09
metal1,32.3650,8.4000,metal1,32.4350,8.4000,1.850e-06
metal1,32.4050,2.8000,metal1,33.4400,2.8000,1.458e-13
metal1,32.4050,22.4000,metal1,32.7150,22.4000,7.057e-09
metal1,32.4100,25.0300,metal1,32.4250,25.2000,8.614e-10
metal1,32.4200,5.6000,metal1,32.5300,5.6000,1.152e-05
metal1,32.4200,28.0000,metal1,33.2500,28.0000,2.066e-13
metal1,32.4250,25.2000,metal1,32.7150,25.2000,5.132e-10
metal1,32.4300,16.8000,metal1,32.5250,16.8000,3.181e-09
metal1,32.4350,8.4000,metal1,32.5450,8.4000,1.850e-06
metal1,32.5250,16.8000,metal1,32.5450,16.6300,3.181e-09
metal1,32.5300,5.6000,metal1,32.5450,5.4300,1.152e-05
metal1,32.5450,5.4300,metal1,32.6000,5.7700,8.662e-10
metal1,32.5450,8.4000,metal1,32.6150,8.4000,1.020e-05
metal1,32.5450,11.2000,metal1,32.5800,11.3700,3.880e-07
metal1,32.5450,14.0000,metal1,32.6150,14.0000,1.822e-05
metal1,32.5450,16.6300,metal1,32.5950,16.9700,9.512e-10
metal1,32.5650,19.6000,metal1,32.6350,19.6000,9.851e-09
metal1,32.5800,11.3700,metal1,32.6150,10.9925,1.092e-09
metal1,32.5950,16.9700,metal1,32.6150,16.8000,9.512e-10
metal1,32.6000,5.7700,metal1,32.6150,5.6000,8.662e-10
metal1,32.6150,5.6000,metal1,32.9200,5.6000,1.593e-08
metal1,32.6150,8.4000,metal1,32.9300,8.4000,2.798e-08
metal1,32.6150,10.9925,metal1,32.6500,11.2000,3.802e-09
metal1,32.6150,14.0000,metal1,32.7150,14.0000,1.822e-05
metal1,32.6150,16.8000,metal1,32.9050,16.8000,4.356e-10
metal1,32.6350,19.6000,metal1,32.7200,19.6000,9.851e-09
metal1,32.6500,11.2000,metal1,32.9200,11.2000,6.844e-12
metal1,32.7150,14.0000,metal1,32.7850,14.0000,1.325e-05
metal1,32.7150,22.4000,metal1,32.7850,22.4000,5.256e-06
metal1,32.7150,25.2000,metal1,32.7300,25.3675,5.132e-10
metal1,32.7200,19.6000,metal1,32.7450,19.7700,9.851e-09
metal1,32.7300,25.3675,metal1,32.7850,25.0300,8.785e-10
metal1,32.7450,19.7700,metal1,32.7900,19.4925,8.342e-10
metal1,32.7450,30.8000,metal1,32.8800,30.8000,3.499e-14
metal1,32.7850,14.0000,metal1,32.9250,14.0000,1.325e-05
metal1,32.7850,22.4000,metal1,33.0950,22.4000,5.256e-06
metal1,32.7850,25.0300,metal1,32.8000,25.2000,8.785e-10
metal1,32.7900,19.4925,metal1,32.8800,19.6000,9.095e-10
metal1,32.8000,25.2000,metal1,33.0950,25.2000,8.785e-10
metal1,32.8800,19.6000,metal1,33.3050,19.6000,9.094e-10
metal1,32.8800,30.8000,metal1,33.3050,30.8000,7.713e-15
metal1,32.9050,16.8000,metal1,32.9200,16.6300,4.356e-10
metal1,32.9200,5.6000,metal1,32.9900,5.6000,8.923e-06
metal1,32.9200,11.2000,metal1,32.9900,11.2000,7.946e-09
metal1,32.9200,16.6300,metal1,32.9750,16.9700,1.538e-05
metal1,32.9250,14.0000,metal1,32.9950,14.0000,2.446e-07
metal1,32.9300,8.4000,metal1,33.0000,8.4000,9.555e-06
metal1,32.9750,16.9700,metal1,32.9900,16.8000,1.538e-05
metal1,32.9900,5.6000,metal1,33.1150,5.6000,8.923e-06
metal1,32.9900,11.2000,metal1,33.1150,11.2000,7.946e-09
metal1,32.9900,16.8000,metal1,33.1150,16.8000,1.538e-05
metal1,32.9950,14.0000,metal1,33.2850,14.0000,2.634e-09
metal1,33.0000,8.4000,metal1,33.0950,8.4000,9.555e-06
metal1,33.0600,33.6000,metal1,34.6400,33.6000,6.664e-15
metal1,33.0950,8.4000,metal1,33.1250,8.2250,9.555e-06
metal1,33.0950,22.4000,metal1,33.1650,22.4000,7.509e-13
metal1,33.0950,25.2000,metal1,33.1650,25.2000,3.069e-13
metal1,33.1150,5.6000,metal1,33.1850,5.6000,1.649e-07
metal1,33.1150,11.2000,metal1,33.1850,11.2000,8.620e-09
metal1,33.1150,16.8000,metal1,33.1250,16.9700,1.538e-05
metal1,33.1250,8.2250,metal1,33.1650,8.5700,9.516e-10
metal1,33.1250,16.9700,metal1,33.1850,16.6300,8.922e-10
metal1,33.1650,8.5700,metal1,33.1950,8.4000,9.516e-10
metal1,33.1650,22.4000,metal1,33.9025,22.4000,4.551e-13
metal1,33.1650,25.2000,metal1,33.9025,25.2000,1.227e-13
metal1,33.1850,5.6000,metal1,33.4900,5.6000,6.602e-09
metal1,33.1850,11.2000,metal1,33.3150,11.2000,8.620e-09
metal1,33.1850,16.6300,metal1,33.1950,16.8000,8.922e-10
metal1,33.1950,8.4000,metal1,33.4950,8.4000,9.109e-09
metal1,33.1950,16.8000,metal1,33.4900,16.8000,4.774e-09
metal1,33.2500,28.0000,metal1,34.6400,28.0000,2.221e-13
metal1,33.2850,14.0000,metal1,33.3000,13.8250,2.634e-09
metal1,33.3000,13.8250,metal1,33.3550,14.1700,8.323e-06
metal1,33.3050,19.6000,metal1,33.3750,19.6000,3.245e-06
metal1,33.3050,30.8000,metal1,33.3750,30.8000,2.087e-14
metal1,33.3150,11.2000,metal1,33.4500,11.2000,1.319e-08
metal1,33.3550,14.1700,metal1,33.3700,14.0000,8.323e-06
metal1,33.3700,14.0000,metal1,33.4950,14.0000,8.323e-06
metal1,33.3750,19.6000,metal1,33.8550,19.6000,3.245e-06
metal1,33.3750,30.8000,metal1,34.6400,30.8000,4.240e-14
metal1,33.4400,2.8000,metal1,34.6400,2.8000,1.578e-13
metal1,33.4500,11.2000,metal1,33.4900,11.2000,1.319e-08
metal1,33.4900,5.6000,metal1,33.5600,5.6000,4.349e-06
metal1,33.4900,11.2000,metal1,33.5600,11.2000,4.439e-09
metal1,33.4900,16.8000,metal1,33.5600,16.8000,5.578e-08
metal1,33.4950,8.4000,metal1,33.5650,8.4000,9.182e-09
metal1,33.4950,14.0000,metal1,33.5650,14.0000,3.706e-08
metal1,33.5600,5.6000,metal1,33.8550,5.6000,4.349e-06
metal1,33.5600,11.2000,metal1,33.8750,11.2000,4.439e-09
metal1,33.5600,16.8000,metal1,33.6900,16.8000,5.578e-08
metal1,33.5650,8.4000,metal1,33.6900,8.4000,9.182e-09
metal1,33.5650,14.0000,metal1,33.6850,14.0000,3.706e-08
metal1,33.6850,14.0000,metal1,33.7550,14.0000,6.054e-11
metal1,33.6900,8.4000,metal1,33.7600,8.4000,3.763e-10
metal1,33.6900,16.8000,metal1,33.7600,16.8000,1.281e-05
metal1,33.7550,14.0000,metal1,33.8700,14.0000,6.054e-11
metal1,33.7600,8.4000,metal1,33.8700,8.4000,3.763e-10
metal1,33.7600,16.8000,metal1,33.8550,16.8000,1.281e-05
metal1,33.8550,5.6000,metal1,33.9250,5.6000,7.813e-14
metal1,33.8550,16.8000,metal1,33.9250,16.8000,8.756e-06
metal1,33.8550,19.6000,metal1,33.9250,19.6000,1.598e-13
metal1,33.8700,8.4000,metal1,33.8750,8.2300,3.763e-10
metal1,33.8700,14.0000,metal1,33.9400,14.0000,5.000e-10
metal1,33.8750,8.2300,metal1,33.9400,8.5700,1.282e-10
metal1,33.8750,11.2000,metal1,33.9450,11.2000,7.584e-08
metal1,33.9025,22.4000,metal1,34.6400,22.4000,4.547e-13
metal1,33.9025,25.2000,metal1,34.6400,25.2000,1.224e-13
metal1,33.9250,5.6000,metal1,34.6400,5.6000,1.714e-13
metal1,33.9250,16.8000,metal1,34.0450,16.8000,8.756e-06
metal1,33.9250,19.6000,metal1,34.6400,19.6000,1.716e-13
metal1,33.9400,8.5700,metal1,33.9450,8.4000,1.282e-10
metal1,33.9400,14.0000,metal1,34.0600,14.0000,5.000e-10
metal1,33.9450,8.4000,metal1,34.2350,8.4000,1.402e-10
metal1,33.9450,11.2000,metal1,34.2400,11.2000,2.651e-10
metal1,34.0450,16.8000,metal1,34.1150,16.8000,4.841e-06
metal1,34.0600,14.0000,metal1,34.0650,13.8300,5.000e-10
metal1,34.0650,13.8300,metal1,34.1300,14.1700,2.022e-10
metal1,34.1150,16.8000,metal1,34.2400,16.8000,4.841e-06
metal1,34.1300,14.1700,metal1,34.1350,14.0000,2.022e-10
metal1,34.1350,14.0000,metal1,34.4400,14.0000,2.951e-13
metal1,34.2350,8.4000,metal1,34.2500,8.2250,1.402e-10
metal1,34.2400,11.2000,metal1,34.2500,11.0300,2.651e-10
metal1,34.2400,16.8000,metal1,34.3100,16.8000,8.939e-08
metal1,34.2500,8.2250,metal1,34.3050,8.5700,1.884e-13
metal1,34.2500,11.0300,metal1,34.3100,11.3700,2.103e-10
metal1,34.3050,8.5700,metal1,34.3200,8.4000,1.883e-13
metal1,34.3100,11.3700,metal1,34.3200,11.2000,2.103e-10
metal1,34.3100,16.8000,metal1,34.6400,16.8000,3.913e-14
metal1,34.3200,8.4000,metal1,34.6400,8.4000,1.571e-13
metal1,34.3200,11.2000,metal1,34.6400,11.2000,1.571e-13
metal1,34.4400,14.0000,metal1,34.5100,14.0000,2.554e-14
metal1,34.5100,14.0000,metal1,34.6400,14.0000,2.369e-14
metal1,34.6400,2.8000,metal1,34.7100,2.8000,0.000e+00
metal1,34.6400,5.6000,metal1,34.7100,5.6000,0.000e+00
metal1,34.6400,8.4000,metal1,34.7100,8.4000,0.000e+00
metal1,34.6400,11.2000,metal1,34.7100,11.2000,0.000e+00
metal1,34.6400,14.0000,metal1,34.7100,14.0000,0.000e+00
metal1,34.6400,16.8000,metal1,34.7100,16.8000,0.000e+00
metal1,34.6400,19.6000,metal1,34.7100,19.6000,0.000e+00
metal1,34.6400,22.4000,metal1,34.7100,22.4000,0.000e+00
metal1,34.6400,25.2000,metal1,34.7100,25.2000,0.000e+00
metal1,34.6400,28.0000,metal1,34.7100,28.0000,0.000e+00
metal1,34.6400,30.8000,metal1,34.7100,30.8000,0.000e+00
metal1,34.6400,33.6000,metal1,34.7100,33.6000,0.000e+00
metal2,17.1400,2.8000,metal3,17.1400,2.8000,1.569e-04
metal2,17.1400,5.6000,metal3,17.1400,5.6000,1.973e-04
metal2,17.1400,8.4000,metal3,17.1400,8.4000,3.851e-04
metal2,17.1400,11.2000,metal3,17.1400,11.2000,4.096e-04
metal2,17.1400,14.0000,metal3,17.1400,14.0000,4.147e-04
metal2,17.1400,16.8000,metal3,17.1400,16.8000,2.855e-04
metal2,17.1400,19.6000,metal3,17.1400,19.6000,2.897e-04
metal2,17.1400,22.4000,metal3,17.1400,22.4000,3.233e-04
metal2,17.1400,25.2000,metal3,17.1400,25.2000,3.598e-04
metal2,17.1400,28.0000,metal3,17.1400,28.0000,3.124e-04
metal2,17.1400,30.8000,metal3,17.1400,30.8000,1.895e-04
metal2,17.1400,33.6000,metal3,17.1400,33.6000,7.631e-05
metal3,17.1400,2.8000,metal4,17.1400,2.8000,1.569e-04
metal3,17.1400,5.6000,metal4,17.1400,5.6000,1.973e-04
metal3,17.1400,8.4000,metal4,17.1400,8.4000,3.851e-04
metal3,17.1400,11.2000,metal4,17.1400,11.2000,4.096e-04
metal3,17.1400,14.0000,metal4,17.1400,14.0000,4.147e-04
metal3,17.1400,16.8000,metal4,17.1400,16.8000,2.855e-04
metal3,17.1400,19.6000,metal4,17.1400,19.6000,2.897e-04
metal3,17.1400,22.4000,metal4,17.1400,22.4000,3.233e-04
metal3,17.1400,25.2000,metal4,17.1400,25.2000,3.598e-04
metal3,17.1400,28.0000,metal4,17.1400,28.0000,3.124e-04
metal3,17.1400,30.8000,metal4,17.1400,30.8000,1.895e-04
metal3,17.1400,33.6000,metal4,17.1400,33.6000,7.631e-05
metal4,17.1400,2.8000,metal4,17.1400,5.6000,0.000e+00
metal4,17.1400,5.6000,metal4,17.1400,8.4000,0.000e+00
metal4,17.1400,8.4000,metal4,17.1400,11.2000,0.000e+00
metal4,17.1400,11.2000,metal4,17.1400,14.0000,0.000e+00
metal4,17.1400,14.0000,metal4,17.1400,16.8000,0.000e+00
metal4,17.1400,16.8000,metal4,17.1400,19.6000,0.000e+00
metal4,17.1400,19.6000,metal4,17.1400,22.4000,0.000e+00
metal4,17.1400,22.4000,metal4,17.1400,25.2000,0.000e+00
metal4,17.1400,25.2000,metal4,17.1400,28.0000,0.000e+00
metal4,17.1400,28.0000,metal4,17.1400,30.8000,0.000e+00
metal4,17.1400,30.8000,metal4,17.1400,33.6000,0.000e+00
