mkdir -p results/nangate45/bp/base/
echo 6.0 > results/nangate45/bp/base/clock_period.txt
/home/piohuang/OpenROAD-flow-scripts/flow/scripts/synth.sh /home/piohuang/OpenROAD-flow-scripts/flow/scripts/synth_canonicalize.tcl ./logs/nangate45/bp/base/1_1_yosys_canonicalize.log
Using ABC area script.
Extracting clock period from SDC file: ./results/nangate45/bp/base/clock_period.txt
Setting clock period to 6.0
1. Executing Liberty frontend: /home/piohuang/OpenROAD-flow-scripts/flow/platforms/nangate45/lib/NangateOpenCellLibrary_typical.lib
2. Executing Liberty frontend: /home/piohuang/OpenROAD-flow-scripts/flow/platforms/nangate45/lib/fakeram45_512x64.lib
3. Executing Liberty frontend: /home/piohuang/OpenROAD-flow-scripts/flow/platforms/nangate45/lib/fakeram45_256x95.lib
4. Executing Liberty frontend: /home/piohuang/OpenROAD-flow-scripts/flow/platforms/nangate45/lib/fakeram45_64x7.lib
5. Executing Liberty frontend: /home/piohuang/OpenROAD-flow-scripts/flow/platforms/nangate45/lib/fakeram45_64x15.lib
6. Executing Liberty frontend: /home/piohuang/OpenROAD-flow-scripts/flow/platforms/nangate45/lib/fakeram45_64x96.lib
7. Executing Liberty frontend: /home/piohuang/OpenROAD-flow-scripts/flow/platforms/nangate45/lib/NangateOpenCellLibrary_typical.lib
8. Executing Liberty frontend: /home/piohuang/OpenROAD-flow-scripts/flow/platforms/nangate45/lib/fakeram45_512x64.lib
9. Executing Liberty frontend: /home/piohuang/OpenROAD-flow-scripts/flow/platforms/nangate45/lib/fakeram45_256x95.lib
10. Executing Liberty frontend: /home/piohuang/OpenROAD-flow-scripts/flow/platforms/nangate45/lib/fakeram45_64x7.lib
11. Executing Liberty frontend: /home/piohuang/OpenROAD-flow-scripts/flow/platforms/nangate45/lib/fakeram45_64x15.lib
12. Executing Liberty frontend: /home/piohuang/OpenROAD-flow-scripts/flow/platforms/nangate45/lib/fakeram45_64x96.lib
13. Executing Verilog-2005 frontend: /home/piohuang/OpenROAD-flow-scripts/flow/designs/src/black_parrot/pickled.v
14. Executing Verilog-2005 frontend: /home/piohuang/OpenROAD-flow-scripts/flow/designs/nangate45/black_parrot/macros.v
15. Executing Verilog-2005 frontend: /home/piohuang/OpenROAD-flow-scripts/flow/platforms/nangate45/cells_clkgate.v
16. Executing HIERARCHY pass (managing design hierarchy).
17. Executing AST frontend in derive mode using pre-parsed AST for module `\black_parrot'.
17.1. Analyzing design hierarchy..
17.2. Executing AST frontend in derive mode using pre-parsed AST for module `\bp_cce_inst_rom_width_p95_addr_width_p8'.
17.3. Executing AST frontend in derive mode using pre-parsed AST for module `\bp_multi_top_core_els_p1_vaddr_width_p56_paddr_width_p22_asid_width_p10_branch_metadata_fwd_width_p36_btb_indx_width_p9_bht_indx_width_p5_ras_addr_width_p22_num_cce_p1_num_lce_p2_lce_assoc_p8_lce_sets_p64_cce_block_size_in_bytes_p64_cce_num_inst_ram_els_p256'.
17.4. Analyzing design hierarchy..
17.5. Executing AST frontend in derive mode using pre-parsed AST for module `\bp_me_top_num_lce_p2_num_cce_p1_paddr_width_p22_lce_assoc_p8_lce_sets_p64_block_size_in_bytes_p64_num_inst_ram_els_p256'.
17.6. Executing AST frontend in derive mode using pre-parsed AST for module `\bp_core_core_els_p1_num_lce_p2_num_cce_p1_lce_assoc_p8_lce_sets_p64_cce_block_size_in_bytes_p64_vaddr_width_p56_paddr_width_p22_branch_metadata_fwd_width_p36_asid_width_p10_btb_indx_width_p9_bht_indx_width_p5_ras_addr_width_p22'.
17.7. Analyzing design hierarchy..
17.8. Executing AST frontend in derive mode using pre-parsed AST for module `\bp_be_top_vaddr_width_p56_paddr_width_p22_asid_width_p10_branch_metadata_fwd_width_p36_core_els_p1_num_cce_p1_num_lce_p2_lce_assoc_p8_lce_sets_p64_cce_block_size_in_bytes_p64'.
17.9. Executing AST frontend in derive mode using pre-parsed AST for module `\bsg_fifo_1r1w_small_width_p109_els_p8_ready_THEN_valid_p1'.
17.10. Executing AST frontend in derive mode using pre-parsed AST for module `\bsg_fifo_1r1w_rolly_width_p134_els_p16_ready_THEN_valid_p1'.
17.11. Executing AST frontend in derive mode using pre-parsed AST for module `\bp_fe_top_56_22_1_2_8_64_64_9_5_22_10_80000124'.
17.12. Executing AST frontend in derive mode using pre-parsed AST for module `\bp_cce_top_num_lce_p2_num_cce_p1_paddr_width_p22_lce_assoc_p8_lce_sets_p64_block_size_in_bytes_p64_num_cce_inst_ram_els_p256'.
17.13. Executing AST frontend in derive mode using pre-parsed AST for module `\bp_coherence_network_num_lce_p2_num_cce_p1_paddr_width_p22_lce_assoc_p8_block_size_in_bytes_p64'.
17.14. Analyzing design hierarchy..
17.15. Executing AST frontend in derive mode using pre-parsed AST for module `\bp_coherence_network_channel_539_2_2_0_00'.
17.16. Executing AST frontend in derive mode using pre-parsed AST for module `\bp_coherence_network_channel_537_2_1_0_00'.
17.17. Executing AST frontend in derive mode using pre-parsed AST for module `\bp_coherence_network_channel_26_2_1_0_00'.
17.18. Executing AST frontend in derive mode using pre-parsed AST for module `\bp_coherence_network_channel_30_2_1_0_00'.
17.19. Executing AST frontend in derive mode using pre-parsed AST for module `\bp_coherence_network_channel_540_1_2_0_00'.
17.20. Executing AST frontend in derive mode using pre-parsed AST for module `\bp_coherence_network_channel_36_1_2_0_00'.
17.21. Executing AST frontend in derive mode using pre-parsed AST for module `\bp_cce_num_lce_p2_num_cce_p1_paddr_width_p22_lce_assoc_p8_lce_sets_p64_block_size_in_bytes_p64_num_cce_inst_ram_els_p256'.
17.22. Executing AST frontend in derive mode using pre-parsed AST for module `\bsg_two_fifo_width_p567'.
17.23. Executing AST frontend in derive mode using pre-parsed AST for module `\bsg_two_fifo_width_p27'.
17.24. Executing AST frontend in derive mode using pre-parsed AST for module `\bsg_two_fifo_width_p539'.
17.25. Executing AST frontend in derive mode using pre-parsed AST for module `\bsg_two_fifo_width_p55'.
17.26. Executing AST frontend in derive mode using pre-parsed AST for module `\bsg_two_fifo_width_p537'.
17.27. Executing AST frontend in derive mode using pre-parsed AST for module `\bsg_two_fifo_width_p26'.
17.28. Executing AST frontend in derive mode using pre-parsed AST for module `\bsg_two_fifo_width_p30'.
17.29. Executing AST frontend in derive mode using pre-parsed AST for module `\itlb_vaddr_width_p56_paddr_width_p22_eaddr_width_p64_btb_indx_width_p9_bht_indx_width_p5_ras_addr_width_p22_asid_width_p10_ppn_start_bit_p12_tag_width_p10'.
17.30. Executing AST frontend in derive mode using pre-parsed AST for module `\icache_eaddr_width_p64_data_width_p64_inst_width_p32_tag_width_p10_num_cce_p1_num_lce_p2_ways_p8_lce_sets_p64_block_size_in_bytes_p8'.
Warning: reg '\icache_pc_gen_data_o' is assigned in a continuous assignment at /home/piohuang/OpenROAD-flow-scripts/flow/designs/src/black_parrot/pickled.v:13381.10-13382.77.
17.31. Executing AST frontend in derive mode using pre-parsed AST for module `\bp_fe_pc_gen_56_22_64_9_5_22_32_10_80000124_1'.
17.32. Executing AST frontend in derive mode using pre-parsed AST for module `\bsg_mem_1r1w_width_p134_els_p16'.
17.33. Executing AST frontend in derive mode using pre-parsed AST for module `\bsg_circular_ptr_slots_p32_max_add_p31'.
17.34. Executing AST frontend in derive mode using pre-parsed AST for module `\bsg_circular_ptr_slots_p32_max_add_p1'.
17.35. Executing AST frontend in derive mode using pre-parsed AST for module `\bsg_mem_1r1w_width_p109_els_p8_read_write_same_addr_p0'.
17.36. Executing AST frontend in derive mode using pre-parsed AST for module `\bsg_fifo_tracker_els_p8'.
17.37. Executing AST frontend in derive mode using pre-parsed AST for module `\bp_be_mmu_top_vaddr_width_p56_paddr_width_p22_asid_width_p10_branch_metadata_fwd_width_p36_num_cce_p1_num_lce_p2_cce_block_size_in_bytes_p64_lce_assoc_p8_lce_sets_p64'.
17.38. Executing AST frontend in derive mode using pre-parsed AST for module `\bp_be_calculator_top_vaddr_width_p56_paddr_width_p22_asid_width_p10_branch_metadata_fwd_width_p36_core_els_p1_num_lce_p2_lce_sets_p64_cce_block_size_in_bytes_p64'.
17.39. Executing AST frontend in derive mode using pre-parsed AST for module `\bp_be_checker_top_vaddr_width_p56_paddr_width_p22_asid_width_p10_branch_metadata_fwd_width_p36'.
17.40. Analyzing design hierarchy..
17.41. Executing AST frontend in derive mode using pre-parsed AST for module `\bp_be_scheduler_vaddr_width_p56_paddr_width_p22_asid_width_p10_branch_metadata_fwd_width_p36'.
17.42. Executing AST frontend in derive mode using pre-parsed AST for module `\bp_be_detector_vaddr_width_p56_paddr_width_p22_asid_width_p10_branch_metadata_fwd_width_p36'.
17.43. Executing AST frontend in derive mode using pre-parsed AST for module `\bp_be_director_vaddr_width_p56_paddr_width_p22_asid_width_p10_branch_metadata_fwd_width_p36'.
17.44. Executing AST frontend in derive mode using pre-parsed AST for module `\bsg_dff_width_p35'.
17.45. Executing AST frontend in derive mode using pre-parsed AST for module `\bsg_dff_width_p640'.
17.46. Executing AST frontend in derive mode using pre-parsed AST for module `\bsg_mux_segmented_segments_p5_segment_width_p128'.
17.47. Executing AST frontend in derive mode using pre-parsed AST for module `\bsg_dff_width_p1890'.
17.48. Executing AST frontend in derive mode using pre-parsed AST for module `\bp_be_pipe_fp'.
17.49. Executing AST frontend in derive mode using pre-parsed AST for module `\bp_be_pipe_mem_vaddr_width_p56_lce_sets_p64_cce_block_size_in_bytes_p64'.
17.50. Executing AST frontend in derive mode using pre-parsed AST for module `\bp_be_pipe_mul'.
17.51. Executing AST frontend in derive mode using pre-parsed AST for module `\bp_be_pipe_int_core_els_p1'.
17.52. Executing AST frontend in derive mode using pre-parsed AST for module `\bsg_mux_width_p64_els_p2'.
17.53. Executing AST frontend in derive mode using pre-parsed AST for module `\bp_be_bypass_fwd_els_p4'.
17.54. Executing AST frontend in derive mode using pre-parsed AST for module `\bp_be_instr_decoder'.
17.55. Executing AST frontend in derive mode using pre-parsed AST for module `\bsg_dff_reset_en_width_p1'.
17.56. Executing AST frontend in derive mode using pre-parsed AST for module `\bsg_dff_reset_en_width_p221'.
17.57. Executing AST frontend in derive mode using pre-parsed AST for module `\bp_be_regfile'.
17.58. Executing AST frontend in derive mode using pre-parsed AST for module `\bp_be_dcache_data_width_p64_paddr_width_p22_sets_p64_ways_p8_num_cce_p1_num_lce_p2'.
17.59. Executing AST frontend in derive mode using pre-parsed AST for module `\bsg_circular_ptr_slots_p8_max_add_p1'.
17.60. Executing AST frontend in derive mode using pre-parsed AST for module `\bsg_mem_1r1w_synth_width_p109_els_p8_read_write_same_addr_p0_harden_p0'.
17.61. Executing AST frontend in derive mode using pre-parsed AST for module `\bsg_mem_1r1w_synth_width_p134_els_p16_read_write_same_addr_p0_harden_p0'.
17.62. Executing AST frontend in derive mode using pre-parsed AST for module `\bp_fe_branch_predictor_eaddr_width_p64_btb_indx_width_p9_bht_indx_width_p5_ras_addr_width_p22'.
17.63. Executing AST frontend in derive mode using pre-parsed AST for module `\instr_scan_eaddr_width_p64_instr_width_p32'.
17.64. Executing AST frontend in derive mode using pre-parsed AST for module `\bsg_mux_width_p64_els_p8'.
17.65. Executing AST frontend in derive mode using pre-parsed AST for module `\bp_be_dcache_lru_decode_ways_p8'.
17.66. Executing AST frontend in derive mode using pre-parsed AST for module `\bp_fe_lce_data_width_p64_lce_data_width_p512_lce_addr_width_p22_lce_sets_p64_ways_p8_tag_width_p10_num_cce_p1_num_lce_p2_block_size_in_bytes_p8'.
17.67. Executing AST frontend in derive mode using pre-parsed AST for module `\bsg_priority_encode_width_p8_lo_to_hi_p1'.
17.68. Executing AST frontend in derive mode using pre-parsed AST for module `\bp_be_dcache_lru_encode_ways_p8'.
17.69. Executing AST frontend in derive mode using pre-parsed AST for module `\bsg_mem_1rw_sync_mask_write_bit_width_p7_els_p64'.
17.70. Executing AST frontend in derive mode using pre-parsed AST for module `\bsg_mem_1rw_sync_mask_write_byte_els_p512_data_width_p64'.
17.71. Executing AST frontend in derive mode using pre-parsed AST for module `\bsg_mem_1rw_sync_mask_write_bit_width_p96_els_p64'.
17.72. Executing AST frontend in derive mode using pre-parsed AST for module `\bsg_mem_1r1w_width_p30_els_p2_read_write_same_addr_p0'.
17.73. Executing AST frontend in derive mode using pre-parsed AST for module `\bsg_mem_1r1w_width_p26_els_p2_read_write_same_addr_p0'.
17.74. Executing AST frontend in derive mode using pre-parsed AST for module `\bsg_mem_1r1w_width_p537_els_p2_read_write_same_addr_p0'.
17.75. Executing AST frontend in derive mode using pre-parsed AST for module `\bsg_mem_1r1w_width_p55_els_p2_read_write_same_addr_p0'.
17.76. Executing AST frontend in derive mode using pre-parsed AST for module `\bsg_mem_1r1w_width_p539_els_p2_read_write_same_addr_p0'.
17.77. Executing AST frontend in derive mode using pre-parsed AST for module `\bsg_mem_1r1w_width_p27_els_p2_read_write_same_addr_p0'.
17.78. Executing AST frontend in derive mode using pre-parsed AST for module `\bsg_mem_1r1w_width_p567_els_p2_read_write_same_addr_p0'.
17.79. Executing AST frontend in derive mode using pre-parsed AST for module `\bp_cce_reg_num_lce_p2_num_cce_p1_addr_width_p22_lce_assoc_p8_lce_sets_p64_block_size_in_bytes_p64'.
17.80. Executing AST frontend in derive mode using pre-parsed AST for module `\bp_cce_gad_num_way_groups_p64_num_lce_p2_lce_assoc_p8_tag_width_p10_harden_p0'.
17.81. Executing AST frontend in derive mode using pre-parsed AST for module `\bp_cce_dir_num_way_groups_p64_num_lce_p2_lce_assoc_p8_tag_width_p10_harden_p0'.
17.82. Executing AST frontend in derive mode using pre-parsed AST for module `\bp_cce_alu_width_p16'.
17.83. Executing AST frontend in derive mode using pre-parsed AST for module `\bp_cce_inst_decode_inst_width_p95_inst_addr_width_p8'.
17.84. Executing AST frontend in derive mode using pre-parsed AST for module `\bp_cce_pc_inst_ram_els_p256_harden_p0'.
17.85. Executing AST frontend in derive mode using pre-parsed AST for module `\bsg_mesh_router_buffered_38_1_1_0_5_1c_0_40_00'.
17.86. Executing AST frontend in derive mode using pre-parsed AST for module `\bsg_mesh_router_buffered_38_1_1_0_5_0a_0_40_00'.
17.87. Executing AST frontend in derive mode using pre-parsed AST for module `\bsg_mesh_router_buffered_542_1_1_0_5_1c_0_544_00'.
17.88. Executing AST frontend in derive mode using pre-parsed AST for module `\bsg_mesh_router_buffered_542_1_1_0_5_0a_0_544_00'.
17.89. Executing AST frontend in derive mode using pre-parsed AST for module `\bsg_mesh_router_buffered_32_1_1_0_5_0d_0_34_00'.
17.90. Executing AST frontend in derive mode using pre-parsed AST for module `\bsg_mesh_router_buffered_32_1_1_0_5_0a_0_34_00'.
17.91. Executing AST frontend in derive mode using pre-parsed AST for module `\bsg_mesh_router_buffered_28_1_1_0_5_0d_0_30_00'.
17.92. Executing AST frontend in derive mode using pre-parsed AST for module `\bsg_mesh_router_buffered_28_1_1_0_5_0a_0_30_00'.
17.93. Executing AST frontend in derive mode using pre-parsed AST for module `\bsg_mesh_router_buffered_539_1_1_0_5_0d_0_541_00'.
17.94. Executing AST frontend in derive mode using pre-parsed AST for module `\bsg_mesh_router_buffered_539_1_1_0_5_0a_0_541_00'.
17.95. Executing AST frontend in derive mode using pre-parsed AST for module `\bsg_mesh_router_buffered_541_1_1_0_5_0c_0_543_00'.
17.96. Executing AST frontend in derive mode using pre-parsed AST for module `\bsg_mesh_router_buffered_541_1_1_0_5_0a_0_543_00'.
17.97. Analyzing design hierarchy..
17.98. Executing AST frontend in derive mode using pre-parsed AST for module `\bsg_mesh_router_541_1_1_0_0a_0'.
17.99. Executing AST frontend in derive mode using pre-parsed AST for module `\bsg_two_fifo_width_p541'.
17.100. Executing AST frontend in derive mode using pre-parsed AST for module `\bsg_mesh_router_541_1_1_0_0c_0'.
17.101. Executing AST frontend in derive mode using pre-parsed AST for module `\bsg_mesh_router_539_1_1_0_0a_0'.
17.102. Executing AST frontend in derive mode using pre-parsed AST for module `\bsg_mesh_router_539_1_1_0_0d_0'.
17.103. Executing AST frontend in derive mode using pre-parsed AST for module `\bsg_mesh_router_28_1_1_0_0a_0'.
17.104. Executing AST frontend in derive mode using pre-parsed AST for module `\bsg_two_fifo_width_p28'.
17.105. Executing AST frontend in derive mode using pre-parsed AST for module `\bsg_mesh_router_28_1_1_0_0d_0'.
17.106. Executing AST frontend in derive mode using pre-parsed AST for module `\bsg_mesh_router_32_1_1_0_0a_0'.
17.107. Executing AST frontend in derive mode using pre-parsed AST for module `\bsg_two_fifo_width_p32'.
17.108. Executing AST frontend in derive mode using pre-parsed AST for module `\bsg_mesh_router_32_1_1_0_0d_0'.
17.109. Executing AST frontend in derive mode using pre-parsed AST for module `\bsg_mesh_router_542_1_1_0_0a_0'.
17.110. Executing AST frontend in derive mode using pre-parsed AST for module `\bsg_two_fifo_width_p542'.
17.111. Executing AST frontend in derive mode using pre-parsed AST for module `\bsg_mesh_router_542_1_1_0_1c_0'.
17.112. Executing AST frontend in derive mode using pre-parsed AST for module `\bsg_mesh_router_38_1_1_0_0a_0'.
17.113. Executing AST frontend in derive mode using pre-parsed AST for module `\bsg_two_fifo_width_p38'.
17.114. Executing AST frontend in derive mode using pre-parsed AST for module `\bsg_mesh_router_38_1_1_0_1c_0'.
17.115. Executing AST frontend in derive mode using pre-parsed AST for module `\bsg_mem_1rw_sync_width_p95_els_p256'.
17.116. Executing AST frontend in derive mode using pre-parsed AST for module `\bsg_mem_1rw_sync_mask_write_bit_width_p192_els_p64'.
17.117. Executing AST frontend in derive mode using pre-parsed AST for module `\bsg_encode_one_hot_width_p2'.
17.118. Executing AST frontend in derive mode using pre-parsed AST for module `\bsg_encode_one_hot_width_p8'.
17.119. Executing AST frontend in derive mode using pre-parsed AST for module `\bsg_decode_num_out_p2'.
17.120. Executing AST frontend in derive mode using pre-parsed AST for module `\bsg_mem_1r1w_synth_width_p567_els_p2_read_write_same_addr_p0_harden_p0'.
17.121. Executing AST frontend in derive mode using pre-parsed AST for module `\bsg_mem_1r1w_synth_width_p27_els_p2_read_write_same_addr_p0_harden_p0'.
17.122. Executing AST frontend in derive mode using pre-parsed AST for module `\bsg_mem_1r1w_synth_width_p539_els_p2_read_write_same_addr_p0_harden_p0'.
17.123. Executing AST frontend in derive mode using pre-parsed AST for module `\bsg_mem_1r1w_synth_width_p55_els_p2_read_write_same_addr_p0_harden_p0'.
17.124. Executing AST frontend in derive mode using pre-parsed AST for module `\bsg_mem_1r1w_synth_width_p537_els_p2_read_write_same_addr_p0_harden_p0'.
17.125. Executing AST frontend in derive mode using pre-parsed AST for module `\bsg_mem_1r1w_synth_width_p26_els_p2_read_write_same_addr_p0_harden_p0'.
17.126. Executing AST frontend in derive mode using pre-parsed AST for module `\bsg_mem_1r1w_synth_width_p30_els_p2_read_write_same_addr_p0_harden_p0'.
17.127. Executing AST frontend in derive mode using pre-parsed AST for module `\hard_mem_1rw_bit_mask_d64_w96_wrapper'.
17.128. Executing AST frontend in derive mode using pre-parsed AST for module `\hard_mem_1rw_byte_mask_d512_w64_wrapper'.
17.129. Executing AST frontend in derive mode using pre-parsed AST for module `\bsg_encode_one_hot_width_p8_lo_to_hi_p1'.
17.130. Executing AST frontend in derive mode using pre-parsed AST for module `\bsg_priority_encode_one_hot_out_width_p8_lo_to_hi_p1'.
17.131. Executing AST frontend in derive mode using pre-parsed AST for module `\hard_mem_1rw_bit_mask_d64_w7_wrapper'.
17.132. Executing AST frontend in derive mode using pre-parsed AST for module `\bp_fe_lce_tr_resp_in_data_width_p64_lce_data_width_p512_lce_addr_width_p22_lce_sets_p64_ways_p8_num_cce_p1_num_lce_p2_block_size_in_bytes_p8'.
17.133. Executing AST frontend in derive mode using pre-parsed AST for module `\bp_fe_lce_data_cmd_data_width_p64_lce_addr_width_p22_lce_data_width_p512_num_cce_p1_num_lce_p2_lce_sets_p64_ways_p8_block_size_in_bytes_p8'.
17.134. Executing AST frontend in derive mode using pre-parsed AST for module `\bsg_two_fifo_width_p540'.
17.135. Executing AST frontend in derive mode using pre-parsed AST for module `\bp_fe_lce_cmd_data_width_p64_lce_data_width_p512_lce_addr_width_p22_lce_sets_p64_ways_p8_tag_width_p10_num_cce_p1_num_lce_p2_block_size_in_bytes_p8'.
17.136. Executing AST frontend in derive mode using pre-parsed AST for module `\bsg_two_fifo_width_p36'.
17.137. Executing AST frontend in derive mode using pre-parsed AST for module `\bp_fe_lce_req_data_width_p64_lce_addr_width_p22_num_cce_p1_num_lce_p2_lce_sets_p64_ways_p8_block_size_in_bytes_p8'.
Warning: reg '\lce_resp_o' is assigned in a continuous assignment at /home/piohuang/OpenROAD-flow-scripts/flow/designs/src/black_parrot/pickled.v:6042.10-6042.31.
Warning: reg '\lce_req_o' is assigned in a continuous assignment at /home/piohuang/OpenROAD-flow-scripts/flow/designs/src/black_parrot/pickled.v:6043.10-6043.40.
Warning: reg '\lce_req_o' is assigned in a continuous assignment at /home/piohuang/OpenROAD-flow-scripts/flow/designs/src/black_parrot/pickled.v:6044.10-6044.40.
Warning: reg '\lce_req_o' is assigned in a continuous assignment at /home/piohuang/OpenROAD-flow-scripts/flow/designs/src/black_parrot/pickled.v:6045.10-6045.40.
Warning: reg '\lce_req_o' is assigned in a continuous assignment at /home/piohuang/OpenROAD-flow-scripts/flow/designs/src/black_parrot/pickled.v:6046.10-6046.40.
Warning: reg '\lce_req_o' is assigned in a continuous assignment at /home/piohuang/OpenROAD-flow-scripts/flow/designs/src/black_parrot/pickled.v:6047.10-6047.40.
Warning: reg '\lce_req_o' is assigned in a continuous assignment at /home/piohuang/OpenROAD-flow-scripts/flow/designs/src/black_parrot/pickled.v:6048.10-6048.40.
Warning: reg '\lce_req_o' is assigned in a continuous assignment at /home/piohuang/OpenROAD-flow-scripts/flow/designs/src/black_parrot/pickled.v:6049.10-6049.40.
Warning: reg '\lce_req_o' is assigned in a continuous assignment at /home/piohuang/OpenROAD-flow-scripts/flow/designs/src/black_parrot/pickled.v:6050.10-6050.40.
Warning: reg '\lce_req_o' is assigned in a continuous assignment at /home/piohuang/OpenROAD-flow-scripts/flow/designs/src/black_parrot/pickled.v:6051.10-6051.40.
Warning: reg '\lce_req_o' is assigned in a continuous assignment at /home/piohuang/OpenROAD-flow-scripts/flow/designs/src/black_parrot/pickled.v:6052.10-6052.40.
Warning: reg '\lce_req_o' is assigned in a continuous assignment at /home/piohuang/OpenROAD-flow-scripts/flow/designs/src/black_parrot/pickled.v:6053.10-6053.40.
Warning: reg '\lce_req_o' is assigned in a continuous assignment at /home/piohuang/OpenROAD-flow-scripts/flow/designs/src/black_parrot/pickled.v:6054.10-6054.40.
Warning: reg '\lce_req_o' is assigned in a continuous assignment at /home/piohuang/OpenROAD-flow-scripts/flow/designs/src/black_parrot/pickled.v:6055.10-6055.40.
Warning: reg '\lce_req_o' is assigned in a continuous assignment at /home/piohuang/OpenROAD-flow-scripts/flow/designs/src/black_parrot/pickled.v:6056.10-6056.39.
Warning: reg '\lce_req_o' is assigned in a continuous assignment at /home/piohuang/OpenROAD-flow-scripts/flow/designs/src/black_parrot/pickled.v:6057.10-6057.39.
Warning: reg '\lce_req_o' is assigned in a continuous assignment at /home/piohuang/OpenROAD-flow-scripts/flow/designs/src/black_parrot/pickled.v:6058.10-6058.39.
Warning: reg '\lce_req_o' is assigned in a continuous assignment at /home/piohuang/OpenROAD-flow-scripts/flow/designs/src/black_parrot/pickled.v:6059.10-6059.39.
Warning: reg '\lce_req_o' is assigned in a continuous assignment at /home/piohuang/OpenROAD-flow-scripts/flow/designs/src/black_parrot/pickled.v:6060.10-6060.38.
Warning: reg '\lce_req_o' is assigned in a continuous assignment at /home/piohuang/OpenROAD-flow-scripts/flow/designs/src/black_parrot/pickled.v:6061.10-6061.38.
Warning: reg '\lce_req_o' is assigned in a continuous assignment at /home/piohuang/OpenROAD-flow-scripts/flow/designs/src/black_parrot/pickled.v:6062.10-6062.38.
Warning: reg '\lce_req_o' is assigned in a continuous assignment at /home/piohuang/OpenROAD-flow-scripts/flow/designs/src/black_parrot/pickled.v:6063.10-6063.38.
Warning: reg '\lce_req_o' is assigned in a continuous assignment at /home/piohuang/OpenROAD-flow-scripts/flow/designs/src/black_parrot/pickled.v:6064.10-6064.38.
Warning: reg '\lce_req_o' is assigned in a continuous assignment at /home/piohuang/OpenROAD-flow-scripts/flow/designs/src/black_parrot/pickled.v:6065.10-6065.38.
Warning: reg '\lce_req_o' is assigned in a continuous assignment at /home/piohuang/OpenROAD-flow-scripts/flow/designs/src/black_parrot/pickled.v:6066.10-6066.29.
Warning: reg '\lce_req_o' is assigned in a continuous assignment at /home/piohuang/OpenROAD-flow-scripts/flow/designs/src/black_parrot/pickled.v:6067.10-6067.30.
Warning: reg '\lce_req_o' is assigned in a continuous assignment at /home/piohuang/OpenROAD-flow-scripts/flow/designs/src/black_parrot/pickled.v:6068.10-6068.30.
Warning: reg '\lce_req_o' is assigned in a continuous assignment at /home/piohuang/OpenROAD-flow-scripts/flow/designs/src/black_parrot/pickled.v:6069.10-6069.33.
Warning: reg '\lce_resp_o' is assigned in a continuous assignment at /home/piohuang/OpenROAD-flow-scripts/flow/designs/src/black_parrot/pickled.v:6070.10-6070.34.
Warning: reg '\lce_resp_o' is assigned in a continuous assignment at /home/piohuang/OpenROAD-flow-scripts/flow/designs/src/black_parrot/pickled.v:6131.10-6136.45.
17.138. Executing AST frontend in derive mode using pre-parsed AST for module `\bp_fe_btb_bp_fe_pc_gen_btb_idx_width_lp9_eaddr_width_p64'.
17.139. Executing AST frontend in derive mode using pre-parsed AST for module `\bp_fe_bht_bht_indx_width_p5'.
17.140. Executing AST frontend in derive mode using pre-parsed AST for module `\bsg_decode_with_v_num_out_p8'.
17.141. Executing AST frontend in derive mode using pre-parsed AST for module `\bsg_decode_num_out_p8'.
17.142. Executing AST frontend in derive mode using pre-parsed AST for module `\bsg_mux_width_p8_els_p8'.
17.143. Executing AST frontend in derive mode using pre-parsed AST for module `\bsg_mux_width_p16_els_p4'.
17.144. Executing AST frontend in derive mode using pre-parsed AST for module `\bsg_mux_width_p32_els_p2'.
17.145. Executing AST frontend in derive mode using pre-parsed AST for module `\bsg_mux_segmented_segments_p8_segment_width_p8'.
17.146. Executing AST frontend in derive mode using pre-parsed AST for module `\bp_be_dcache_lce_data_width_p64_paddr_width_p22_lce_data_width_p512_sets_p64_ways_p8_num_cce_p1_num_lce_p2'.
17.147. Executing AST frontend in derive mode using pre-parsed AST for module `\bsg_mem_1rw_sync_mask_write_bit_width_p15_els_p64'.
17.148. Executing AST frontend in derive mode using pre-parsed AST for module `\bp_be_dcache_wbuf_data_width_p64_paddr_width_p22_ways_p8_sets_p64'.
17.149. Executing AST frontend in derive mode using pre-parsed AST for module `\bsg_dff_en_width_p5'.
17.150. Executing AST frontend in derive mode using pre-parsed AST for module `\bsg_mem_2r1w_sync_width_p64_els_p32_read_write_same_addr_p1'.
17.151. Executing AST frontend in derive mode using pre-parsed AST for module `\bsg_crossbar_o_by_i_i_els_p5_o_els_p1_width_p64'.
17.152. Executing AST frontend in derive mode using pre-parsed AST for module `\bsg_priority_encode_one_hot_out_width_p5_lo_to_hi_p1'.
17.153. Executing AST frontend in derive mode using pre-parsed AST for module `\bp_be_int_alu'.
17.154. Executing AST frontend in derive mode using pre-parsed AST for module `\bsg_dff_en_width_p36'.
17.155. Executing AST frontend in derive mode using pre-parsed AST for module `\bsg_dff_reset_en_64_80000124'.
17.156. Executing AST frontend in derive mode using pre-parsed AST for module `\bsg_dff_reset_en_width_p8'.
17.157. Analyzing design hierarchy..
17.158. Executing AST frontend in derive mode using pre-parsed AST for module `\bsg_scan_width_p5_or_p1_lo_to_hi_p1'.
17.159. Executing AST frontend in derive mode using pre-parsed AST for module `\bsg_mux_one_hot_width_p64_els_p5'.
17.160. Executing AST frontend in derive mode using pre-parsed AST for module `\bsg_mem_2r1w_sync_synth_width_p64_els_p32_read_write_same_addr_p1_harden_p0'.
17.161. Executing AST frontend in derive mode using pre-parsed AST for module `\bp_be_dcache_wbuf_queue_width_p97'.
17.162. Executing AST frontend in derive mode using pre-parsed AST for module `\hard_mem_1rw_bit_mask_d64_w15_wrapper'.
17.163. Executing AST frontend in derive mode using pre-parsed AST for module `\bp_be_dcache_lce_tr_num_lce_p2_num_cce_p1_data_width_p64_paddr_width_p22_lce_data_width_p512_ways_p8_sets_p64'.
17.164. Executing AST frontend in derive mode using pre-parsed AST for module `\bp_be_dcache_lce_data_cmd_num_cce_p1_num_lce_p2_data_width_p64_paddr_width_p22_lce_data_width_p512_ways_p8_sets_p64'.
17.165. Executing AST frontend in derive mode using pre-parsed AST for module `\bp_be_dcache_lce_cmd_num_cce_p1_num_lce_p2_paddr_width_p22_lce_data_width_p512_sets_p64_ways_p8_data_width_p64'.
17.166. Executing AST frontend in derive mode using pre-parsed AST for module `\bp_be_dcache_lce_req_data_width_p64_paddr_width_p22_num_cce_p1_num_lce_p2_ways_p8_sets_p64'.
Warning: reg '\lce_req_o' is assigned in a continuous assignment at /home/piohuang/OpenROAD-flow-scripts/flow/designs/src/black_parrot/pickled.v:27724.10-27724.30.
Warning: reg '\lce_req_o' is assigned in a continuous assignment at /home/piohuang/OpenROAD-flow-scripts/flow/designs/src/black_parrot/pickled.v:27725.10-27725.30.
Warning: reg '\lce_req_o' is assigned in a continuous assignment at /home/piohuang/OpenROAD-flow-scripts/flow/designs/src/black_parrot/pickled.v:27749.10-27749.37.
Warning: reg '\lce_req_o' is assigned in a continuous assignment at /home/piohuang/OpenROAD-flow-scripts/flow/designs/src/black_parrot/pickled.v:27770.10-27771.49.
Warning: reg '\lce_req_o' is assigned in a continuous assignment at /home/piohuang/OpenROAD-flow-scripts/flow/designs/src/black_parrot/pickled.v:27774.10-27775.41.
Warning: reg '\lce_req_o' is assigned in a continuous assignment at /home/piohuang/OpenROAD-flow-scripts/flow/designs/src/black_parrot/pickled.v:27833.10-27833.29.
17.167. Executing AST frontend in derive mode using pre-parsed AST for module `\bsg_mem_1rw_sync_width_p64_els_p512_addr_width_lp9'.
17.168. Executing AST frontend in derive mode using pre-parsed AST for module `\bsg_mem_1r1w_width_p36_els_p2_read_write_same_addr_p0'.
17.169. Executing AST frontend in derive mode using pre-parsed AST for module `\bsg_mem_1r1w_width_p540_els_p2_read_write_same_addr_p0'.
17.170. Executing AST frontend in derive mode using pre-parsed AST for module `\bsg_scan_width_p8_or_p1_lo_to_hi_p1'.
17.171. Executing AST frontend in derive mode using pre-parsed AST for module `\bsg_encode_one_hot_width_p4'.
17.172. Executing AST frontend in derive mode using pre-parsed AST for module `\bsg_encode_one_hot_width_p1'.
17.173. Executing AST frontend in derive mode using pre-parsed AST for module `\hard_mem_1rw_d256_w95_wrapper'.
17.174. Executing AST frontend in derive mode using pre-parsed AST for module `\bsg_mem_1r1w_width_p38_els_p2_read_write_same_addr_p0'.
17.175. Executing AST frontend in derive mode using pre-parsed AST for module `\bsg_mux_one_hot_width_p38_els_p5'.
17.176. Executing AST frontend in derive mode using pre-parsed AST for module `\bsg_round_robin_arb_inputs_p5'.
17.177. Executing AST frontend in derive mode using pre-parsed AST for module `\bsg_mux_one_hot_width_p38_els_p2'.
17.178. Executing AST frontend in derive mode using pre-parsed AST for module `\bsg_round_robin_arb_inputs_p2'.
17.179. Executing AST frontend in derive mode using pre-parsed AST for module `\bsg_mux_one_hot_width_p38_els_p4'.
17.180. Executing AST frontend in derive mode using pre-parsed AST for module `\bsg_round_robin_arb_inputs_p4'.
17.181. Executing AST frontend in derive mode using pre-parsed AST for module `\bsg_mesh_router_dor_decoder_x_cord_width_p1_y_cord_width_p1_dirs_lp5_XY_order_p0'.
17.182. Executing AST frontend in derive mode using pre-parsed AST for module `\bsg_mem_1r1w_width_p542_els_p2_read_write_same_addr_p0'.
17.183. Executing AST frontend in derive mode using pre-parsed AST for module `\bsg_mux_one_hot_width_p542_els_p5'.
17.184. Executing AST frontend in derive mode using pre-parsed AST for module `\bsg_mux_one_hot_width_p542_els_p2'.
17.185. Executing AST frontend in derive mode using pre-parsed AST for module `\bsg_mux_one_hot_width_p542_els_p4'.
17.186. Executing AST frontend in derive mode using pre-parsed AST for module `\bsg_mem_1r1w_width_p32_els_p2_read_write_same_addr_p0'.
17.187. Executing AST frontend in derive mode using pre-parsed AST for module `\bsg_mux_one_hot_width_p32_els_p5'.
17.188. Executing AST frontend in derive mode using pre-parsed AST for module `\bsg_mux_one_hot_width_p32_els_p2'.
17.189. Executing AST frontend in derive mode using pre-parsed AST for module `\bsg_mux_one_hot_width_p32_els_p4'.
17.190. Executing AST frontend in derive mode using pre-parsed AST for module `\bsg_mem_1r1w_width_p28_els_p2_read_write_same_addr_p0'.
17.191. Executing AST frontend in derive mode using pre-parsed AST for module `\bsg_mux_one_hot_width_p28_els_p5'.
17.192. Executing AST frontend in derive mode using pre-parsed AST for module `\bsg_mux_one_hot_width_p28_els_p2'.
17.193. Executing AST frontend in derive mode using pre-parsed AST for module `\bsg_mux_one_hot_width_p28_els_p4'.
17.194. Executing AST frontend in derive mode using pre-parsed AST for module `\bsg_mux_one_hot_width_p539_els_p5'.
17.195. Executing AST frontend in derive mode using pre-parsed AST for module `\bsg_mux_one_hot_width_p539_els_p2'.
17.196. Executing AST frontend in derive mode using pre-parsed AST for module `\bsg_mux_one_hot_width_p539_els_p4'.
17.197. Executing AST frontend in derive mode using pre-parsed AST for module `\bsg_mem_1r1w_width_p541_els_p2_read_write_same_addr_p0'.
17.198. Executing AST frontend in derive mode using pre-parsed AST for module `\bsg_mux_one_hot_width_p541_els_p5'.
17.199. Executing AST frontend in derive mode using pre-parsed AST for module `\bsg_mux_one_hot_width_p541_els_p2'.
17.200. Executing AST frontend in derive mode using pre-parsed AST for module `\bsg_mux_one_hot_width_p541_els_p4'.
17.201. Analyzing design hierarchy..
17.202. Executing AST frontend in derive mode using pre-parsed AST for module `\bsg_mem_1r1w_synth_width_p541_els_p2_read_write_same_addr_p0_harden_p0'.
17.203. Executing AST frontend in derive mode using pre-parsed AST for module `\bsg_mem_1r1w_synth_width_p28_els_p2_read_write_same_addr_p0_harden_p0'.
17.204. Executing AST frontend in derive mode using pre-parsed AST for module `\bsg_mem_1r1w_synth_width_p32_els_p2_read_write_same_addr_p0_harden_p0'.
17.205. Executing AST frontend in derive mode using pre-parsed AST for module `\bsg_mem_1r1w_synth_width_p542_els_p2_read_write_same_addr_p0_harden_p0'.
17.206. Executing AST frontend in derive mode using pre-parsed AST for module `\bsg_mem_1r1w_synth_width_p38_els_p2_read_write_same_addr_p0_harden_p0'.
17.207. Executing AST frontend in derive mode using pre-parsed AST for module `\bsg_mem_1r1w_synth_width_p540_els_p2_read_write_same_addr_p0_harden_p0'.
17.208. Executing AST frontend in derive mode using pre-parsed AST for module `\bsg_mem_1r1w_synth_width_p36_els_p2_read_write_same_addr_p0_harden_p0'.
17.209. Executing AST frontend in derive mode using pre-parsed AST for module `\hard_mem_1rw_d512_w64_wrapper'.
17.210. Analyzing design hierarchy..
17.211. Analyzing design hierarchy..
18. Executing OPT_CLEAN pass (remove unused cells and wires).
Warning: Ignoring module bsg_mem_1r1w_synth_width_p36_els_p2_read_write_same_addr_p0_harden_p0 because it contains processes (run 'proc' command first).
Warning: Ignoring module bsg_mem_1r1w_synth_width_p540_els_p2_read_write_same_addr_p0_harden_p0 because it contains processes (run 'proc' command first).
Warning: Ignoring module bsg_mem_1r1w_synth_width_p38_els_p2_read_write_same_addr_p0_harden_p0 because it contains processes (run 'proc' command first).
Warning: Ignoring module bsg_mem_1r1w_synth_width_p542_els_p2_read_write_same_addr_p0_harden_p0 because it contains processes (run 'proc' command first).
Warning: Ignoring module bsg_mem_1r1w_synth_width_p32_els_p2_read_write_same_addr_p0_harden_p0 because it contains processes (run 'proc' command first).
Warning: Ignoring module bsg_mem_1r1w_synth_width_p28_els_p2_read_write_same_addr_p0_harden_p0 because it contains processes (run 'proc' command first).
Warning: Ignoring module bsg_mem_1r1w_synth_width_p541_els_p2_read_write_same_addr_p0_harden_p0 because it contains processes (run 'proc' command first).
Warning: Ignoring module bsg_round_robin_arb_inputs_p4 because it contains processes (run 'proc' command first).
Warning: Ignoring module bsg_round_robin_arb_inputs_p2 because it contains processes (run 'proc' command first).
Warning: Ignoring module bsg_round_robin_arb_inputs_p5 because it contains processes (run 'proc' command first).
Warning: Ignoring module bp_be_dcache_lce_req_data_width_p64_paddr_width_p22_num_cce_p1_num_lce_p2_ways_p8_sets_p64 because it contains processes (run 'proc' command first).
Warning: Ignoring module bp_be_dcache_lce_cmd_num_cce_p1_num_lce_p2_paddr_width_p22_lce_data_width_p512_sets_p64_ways_p8_data_width_p64 because it contains processes (run 'proc' command first).
Warning: Ignoring module bp_be_dcache_wbuf_queue_width_p97 because it contains processes (run 'proc' command first).
Warning: Ignoring module bsg_mem_2r1w_sync_synth_width_p64_els_p32_read_write_same_addr_p1_harden_p0 because it contains processes (run 'proc' command first).
Warning: Ignoring module bsg_dff_reset_en_width_p8 because it contains processes (run 'proc' command first).
Warning: Ignoring module bsg_dff_reset_en_64_80000124 because it contains processes (run 'proc' command first).
Warning: Ignoring module bsg_dff_en_width_p36 because it contains processes (run 'proc' command first).
Warning: Ignoring module bsg_dff_en_width_p5 because it contains processes (run 'proc' command first).
Warning: Ignoring module bp_be_dcache_wbuf_data_width_p64_paddr_width_p22_ways_p8_sets_p64 because it contains processes (run 'proc' command first).
Warning: Ignoring module bp_be_dcache_lce_data_width_p64_paddr_width_p22_lce_data_width_p512_sets_p64_ways_p8_num_cce_p1_num_lce_p2 because it contains processes (run 'proc' command first).
Warning: Ignoring module bp_fe_bht_bht_indx_width_p5 because it contains processes (run 'proc' command first).
Warning: Ignoring module bp_fe_btb_bp_fe_pc_gen_btb_idx_width_lp9_eaddr_width_p64 because it contains processes (run 'proc' command first).
Warning: Ignoring module bp_fe_lce_req_data_width_p64_lce_addr_width_p22_num_cce_p1_num_lce_p2_lce_sets_p64_ways_p8_block_size_in_bytes_p8 because it contains processes (run 'proc' command first).
Warning: Ignoring module bsg_two_fifo_width_p36 because it contains processes (run 'proc' command first).
Warning: Ignoring module bp_fe_lce_cmd_data_width_p64_lce_data_width_p512_lce_addr_width_p22_lce_sets_p64_ways_p8_tag_width_p10_num_cce_p1_num_lce_p2_block_size_in_bytes_p8 because it contains processes (run 'proc' command first).
Warning: Ignoring module bsg_two_fifo_width_p540 because it contains processes (run 'proc' command first).
Warning: Ignoring module bsg_mem_1r1w_synth_width_p30_els_p2_read_write_same_addr_p0_harden_p0 because it contains processes (run 'proc' command first).
Warning: Ignoring module bsg_mem_1r1w_synth_width_p26_els_p2_read_write_same_addr_p0_harden_p0 because it contains processes (run 'proc' command first).
Warning: Ignoring module bsg_mem_1r1w_synth_width_p537_els_p2_read_write_same_addr_p0_harden_p0 because it contains processes (run 'proc' command first).
Warning: Ignoring module bsg_mem_1r1w_synth_width_p55_els_p2_read_write_same_addr_p0_harden_p0 because it contains processes (run 'proc' command first).
Warning: Ignoring module bsg_mem_1r1w_synth_width_p539_els_p2_read_write_same_addr_p0_harden_p0 because it contains processes (run 'proc' command first).
Warning: Ignoring module bsg_mem_1r1w_synth_width_p27_els_p2_read_write_same_addr_p0_harden_p0 because it contains processes (run 'proc' command first).
Warning: Ignoring module bsg_mem_1r1w_synth_width_p567_els_p2_read_write_same_addr_p0_harden_p0 because it contains processes (run 'proc' command first).
Warning: Ignoring module bsg_two_fifo_width_p38 because it contains processes (run 'proc' command first).
Warning: Ignoring module bsg_two_fifo_width_p542 because it contains processes (run 'proc' command first).
Warning: Ignoring module bsg_two_fifo_width_p32 because it contains processes (run 'proc' command first).
Warning: Ignoring module bsg_two_fifo_width_p28 because it contains processes (run 'proc' command first).
Warning: Ignoring module bsg_two_fifo_width_p541 because it contains processes (run 'proc' command first).
Warning: Ignoring module bp_cce_pc_inst_ram_els_p256_harden_p0 because it contains processes (run 'proc' command first).
Warning: Ignoring module bp_cce_dir_num_way_groups_p64_num_lce_p2_lce_assoc_p8_tag_width_p10_harden_p0 because it contains processes (run 'proc' command first).
Warning: Ignoring module bp_cce_reg_num_lce_p2_num_cce_p1_addr_width_p22_lce_assoc_p8_lce_sets_p64_block_size_in_bytes_p64 because it contains processes (run 'proc' command first).
Warning: Ignoring module bsg_mem_1r1w_synth_width_p134_els_p16_read_write_same_addr_p0_harden_p0 because it contains processes (run 'proc' command first).
Warning: Ignoring module bsg_mem_1r1w_synth_width_p109_els_p8_read_write_same_addr_p0_harden_p0 because it contains processes (run 'proc' command first).
Warning: Ignoring module bsg_circular_ptr_slots_p8_max_add_p1 because it contains processes (run 'proc' command first).
Warning: Ignoring module bp_be_dcache_data_width_p64_paddr_width_p22_sets_p64_ways_p8_num_cce_p1_num_lce_p2 because it contains processes (run 'proc' command first).
Warning: Ignoring module bsg_dff_reset_en_width_p221 because it contains processes (run 'proc' command first).
Warning: Ignoring module bsg_dff_reset_en_width_p1 because it contains processes (run 'proc' command first).
Warning: Ignoring module bsg_dff_width_p1890 because it contains processes (run 'proc' command first).
Warning: Ignoring module bsg_dff_width_p640 because it contains processes (run 'proc' command first).
Warning: Ignoring module bsg_dff_width_p35 because it contains processes (run 'proc' command first).
Warning: Ignoring module bp_be_mmu_top_vaddr_width_p56_paddr_width_p22_asid_width_p10_branch_metadata_fwd_width_p36_num_cce_p1_num_lce_p2_cce_block_size_in_bytes_p64_lce_assoc_p8_lce_sets_p64 because it contains processes (run 'proc' command first).
Warning: Ignoring module bsg_fifo_tracker_els_p8 because it contains processes (run 'proc' command first).
Warning: Ignoring module bsg_circular_ptr_slots_p32_max_add_p1 because it contains processes (run 'proc' command first).
Warning: Ignoring module bsg_circular_ptr_slots_p32_max_add_p31 because it contains processes (run 'proc' command first).
Warning: Ignoring module bp_fe_pc_gen_56_22_64_9_5_22_32_10_80000124_1 because it contains processes (run 'proc' command first).
Warning: Ignoring module icache_eaddr_width_p64_data_width_p64_inst_width_p32_tag_width_p10_num_cce_p1_num_lce_p2_ways_p8_lce_sets_p64_block_size_in_bytes_p8 because it contains processes (run 'proc' command first).
Warning: Ignoring module itlb_vaddr_width_p56_paddr_width_p22_eaddr_width_p64_btb_indx_width_p9_bht_indx_width_p5_ras_addr_width_p22_asid_width_p10_ppn_start_bit_p12_tag_width_p10 because it contains processes (run 'proc' command first).
Warning: Ignoring module bsg_two_fifo_width_p30 because it contains processes (run 'proc' command first).
Warning: Ignoring module bsg_two_fifo_width_p26 because it contains processes (run 'proc' command first).
Warning: Ignoring module bsg_two_fifo_width_p537 because it contains processes (run 'proc' command first).
Warning: Ignoring module bsg_two_fifo_width_p55 because it contains processes (run 'proc' command first).
Warning: Ignoring module bsg_two_fifo_width_p539 because it contains processes (run 'proc' command first).
Warning: Ignoring module bsg_two_fifo_width_p27 because it contains processes (run 'proc' command first).
Warning: Ignoring module bsg_two_fifo_width_p567 because it contains processes (run 'proc' command first).
Warning: Ignoring module bp_be_top_vaddr_width_p56_paddr_width_p22_asid_width_p10_branch_metadata_fwd_width_p36_core_els_p1_num_cce_p1_num_lce_p2_lce_assoc_p8_lce_sets_p64_cce_block_size_in_bytes_p64 because it contains processes (run 'proc' command first).
19. Executing RTLIL backend.
Warnings: 102 unique messages, 102 total
End of script. Logfile hash: aa4bfbf46a, CPU: user 11.84s system 0.92s, MEM: 662.33 MB peak
Yosys 0.63 (git sha1 d3e297fcd, g++ 11.4.0-1ubuntu1~22.04.3 -fPIC -O3) [the-openroad-project/yosys]
Time spent: 57% 1x hierarchy (7 sec), 17% 6x read_verilog (2 sec), ...
Elapsed time: 0:15.70[h:]min:sec. CPU time: user 12.29 sys 1.10 (85%). Peak memory: 682040KB.
/home/piohuang/OpenROAD-flow-scripts/flow/scripts/synth.sh /home/piohuang/OpenROAD-flow-scripts/flow/scripts/synth.tcl ./logs/nangate45/bp/base/1_2_yosys.log
Using ABC area script.
Extracting clock period from SDC file: ./results/nangate45/bp/base/clock_period.txt
Setting clock period to 6.0
1. Executing RTLIL frontend.
2. Executing HIERARCHY pass (managing design hierarchy).
2.1. Analyzing design hierarchy..
2.2. Analyzing design hierarchy..
3. Executing SYNTH pass.
3.1. Executing HIERARCHY pass (managing design hierarchy).
3.1.1. Analyzing design hierarchy..
3.1.2. Analyzing design hierarchy..
3.2. Executing PROC pass (convert processes to netlists).
3.2.1. Executing PROC_CLEAN pass (remove empty switches from decision trees).
3.2.2. Executing PROC_RMDEAD pass (remove dead branches from decision trees).
3.2.3. Executing PROC_PRUNE pass (remove redundant assignments in processes).
3.2.4. Executing PROC_INIT pass (extract init attributes).
3.2.5. Executing PROC_ARST pass (detect async resets in processes).
3.2.6. Executing PROC_ROM pass (convert switches to ROMs).
3.2.7. Executing PROC_MUX pass (convert decision trees to multiplexers).
3.2.8. Executing PROC_DLATCH pass (convert process syncs to latches).
3.2.9. Executing PROC_DFF pass (convert process syncs to FFs).
3.2.10. Executing PROC_MEMWR pass (convert process memory writes to cells).
3.2.11. Executing PROC_CLEAN pass (remove empty switches from decision trees).
3.2.12. Executing OPT_EXPR pass (perform const folding).
3.3. Executing OPT_EXPR pass (perform const folding).
3.4. Executing OPT_CLEAN pass (remove unused cells and wires).
3.5. Executing CHECK pass (checking for obvious problems).
Warning: Wire bp_be_director_vaddr_width_p56_paddr_width_p22_asid_width_p10_branch_metadata_fwd_width_p36.\net16566 is used but has no driver.
Warning: Wire bp_be_director_vaddr_width_p56_paddr_width_p22_asid_width_p10_branch_metadata_fwd_width_p36.\net16567 is used but has no driver.
Warning: Wire bp_be_director_vaddr_width_p56_paddr_width_p22_asid_width_p10_branch_metadata_fwd_width_p36.\net16568 is used but has no driver.
Warning: Wire bp_be_director_vaddr_width_p56_paddr_width_p22_asid_width_p10_branch_metadata_fwd_width_p36.\net16569 is used but has no driver.
Warning: Wire bp_be_director_vaddr_width_p56_paddr_width_p22_asid_width_p10_branch_metadata_fwd_width_p36.\net16570 is used but has no driver.
Warning: Wire bp_be_director_vaddr_width_p56_paddr_width_p22_asid_width_p10_branch_metadata_fwd_width_p36.\net16571 is used but has no driver.
Warning: Wire bp_be_director_vaddr_width_p56_paddr_width_p22_asid_width_p10_branch_metadata_fwd_width_p36.\net16572 is used but has no driver.
Warning: Wire bp_be_director_vaddr_width_p56_paddr_width_p22_asid_width_p10_branch_metadata_fwd_width_p36.\net16573 is used but has no driver.
Warning: Wire bp_be_director_vaddr_width_p56_paddr_width_p22_asid_width_p10_branch_metadata_fwd_width_p36.\net16574 is used but has no driver.
Warning: Wire bp_be_director_vaddr_width_p56_paddr_width_p22_asid_width_p10_branch_metadata_fwd_width_p36.\net16575 is used but has no driver.
Warning: Wire bp_be_director_vaddr_width_p56_paddr_width_p22_asid_width_p10_branch_metadata_fwd_width_p36.\net16576 is used but has no driver.
Warning: Wire bp_be_director_vaddr_width_p56_paddr_width_p22_asid_width_p10_branch_metadata_fwd_width_p36.\net16577 is used but has no driver.
Warning: Wire bp_be_director_vaddr_width_p56_paddr_width_p22_asid_width_p10_branch_metadata_fwd_width_p36.\net16578 is used but has no driver.
Warning: Wire bp_be_director_vaddr_width_p56_paddr_width_p22_asid_width_p10_branch_metadata_fwd_width_p36.\net16579 is used but has no driver.
Warning: Wire bp_be_director_vaddr_width_p56_paddr_width_p22_asid_width_p10_branch_metadata_fwd_width_p36.\net16580 is used but has no driver.
Warning: Wire bp_be_director_vaddr_width_p56_paddr_width_p22_asid_width_p10_branch_metadata_fwd_width_p36.\net16581 is used but has no driver.
Warning: Wire bp_be_director_vaddr_width_p56_paddr_width_p22_asid_width_p10_branch_metadata_fwd_width_p36.\net16582 is used but has no driver.
Warning: Wire bp_be_director_vaddr_width_p56_paddr_width_p22_asid_width_p10_branch_metadata_fwd_width_p36.\net16583 is used but has no driver.
Warning: Wire bp_be_director_vaddr_width_p56_paddr_width_p22_asid_width_p10_branch_metadata_fwd_width_p36.\net16584 is used but has no driver.
Warning: Wire bp_be_director_vaddr_width_p56_paddr_width_p22_asid_width_p10_branch_metadata_fwd_width_p36.\net16585 is used but has no driver.
Warning: Wire bp_be_director_vaddr_width_p56_paddr_width_p22_asid_width_p10_branch_metadata_fwd_width_p36.\net16586 is used but has no driver.
Warning: Wire bp_be_director_vaddr_width_p56_paddr_width_p22_asid_width_p10_branch_metadata_fwd_width_p36.\net16587 is used but has no driver.
Warning: Wire bp_be_director_vaddr_width_p56_paddr_width_p22_asid_width_p10_branch_metadata_fwd_width_p36.\net16588 is used but has no driver.
Warning: Wire bp_be_director_vaddr_width_p56_paddr_width_p22_asid_width_p10_branch_metadata_fwd_width_p36.\net16589 is used but has no driver.
Warning: Wire bp_be_director_vaddr_width_p56_paddr_width_p22_asid_width_p10_branch_metadata_fwd_width_p36.\net16590 is used but has no driver.
Warning: Wire bp_be_director_vaddr_width_p56_paddr_width_p22_asid_width_p10_branch_metadata_fwd_width_p36.\net16591 is used but has no driver.
Warning: Wire bp_be_director_vaddr_width_p56_paddr_width_p22_asid_width_p10_branch_metadata_fwd_width_p36.\net16592 is used but has no driver.
Warning: Wire bp_be_director_vaddr_width_p56_paddr_width_p22_asid_width_p10_branch_metadata_fwd_width_p36.\net16593 is used but has no driver.
Warning: Wire bp_be_director_vaddr_width_p56_paddr_width_p22_asid_width_p10_branch_metadata_fwd_width_p36.\net16594 is used but has no driver.
Warning: Wire bp_be_director_vaddr_width_p56_paddr_width_p22_asid_width_p10_branch_metadata_fwd_width_p36.\net16595 is used but has no driver.
Warning: Wire bp_be_director_vaddr_width_p56_paddr_width_p22_asid_width_p10_branch_metadata_fwd_width_p36.\net16596 is used but has no driver.
Warning: Wire bp_be_director_vaddr_width_p56_paddr_width_p22_asid_width_p10_branch_metadata_fwd_width_p36.\net16597 is used but has no driver.
Warning: Wire bp_be_director_vaddr_width_p56_paddr_width_p22_asid_width_p10_branch_metadata_fwd_width_p36.\net16598 is used but has no driver.
Warning: Wire bp_be_director_vaddr_width_p56_paddr_width_p22_asid_width_p10_branch_metadata_fwd_width_p36.\net16599 is used but has no driver.
Warning: Wire bp_be_director_vaddr_width_p56_paddr_width_p22_asid_width_p10_branch_metadata_fwd_width_p36.\net16600 is used but has no driver.
Warning: Wire bp_be_director_vaddr_width_p56_paddr_width_p22_asid_width_p10_branch_metadata_fwd_width_p36.\net16601 is used but has no driver.
Warning: Wire bp_be_director_vaddr_width_p56_paddr_width_p22_asid_width_p10_branch_metadata_fwd_width_p36.\net16602 is used but has no driver.
Warning: Wire bp_be_director_vaddr_width_p56_paddr_width_p22_asid_width_p10_branch_metadata_fwd_width_p36.\net16603 is used but has no driver.
Warning: Wire bp_be_director_vaddr_width_p56_paddr_width_p22_asid_width_p10_branch_metadata_fwd_width_p36.\net16604 is used but has no driver.
Warning: Wire bp_be_director_vaddr_width_p56_paddr_width_p22_asid_width_p10_branch_metadata_fwd_width_p36.\net16605 is used but has no driver.
Warning: Wire bp_be_director_vaddr_width_p56_paddr_width_p22_asid_width_p10_branch_metadata_fwd_width_p36.\net16606 is used but has no driver.
Warning: Wire bp_be_director_vaddr_width_p56_paddr_width_p22_asid_width_p10_branch_metadata_fwd_width_p36.\net16607 is used but has no driver.
Warning: Wire bp_be_director_vaddr_width_p56_paddr_width_p22_asid_width_p10_branch_metadata_fwd_width_p36.\net16608 is used but has no driver.
Warning: Wire bp_be_director_vaddr_width_p56_paddr_width_p22_asid_width_p10_branch_metadata_fwd_width_p36.\net16609 is used but has no driver.
Warning: Wire bp_be_director_vaddr_width_p56_paddr_width_p22_asid_width_p10_branch_metadata_fwd_width_p36.\net16610 is used but has no driver.
Warning: Wire bp_be_director_vaddr_width_p56_paddr_width_p22_asid_width_p10_branch_metadata_fwd_width_p36.\net16611 is used but has no driver.
Warning: Wire bp_be_director_vaddr_width_p56_paddr_width_p22_asid_width_p10_branch_metadata_fwd_width_p36.\net16612 is used but has no driver.
Warning: Wire bp_be_director_vaddr_width_p56_paddr_width_p22_asid_width_p10_branch_metadata_fwd_width_p36.\net16613 is used but has no driver.
Warning: Wire bp_be_director_vaddr_width_p56_paddr_width_p22_asid_width_p10_branch_metadata_fwd_width_p36.\net16614 is used but has no driver.
Warning: Wire bp_be_director_vaddr_width_p56_paddr_width_p22_asid_width_p10_branch_metadata_fwd_width_p36.\net16615 is used but has no driver.
Warning: Wire bp_be_director_vaddr_width_p56_paddr_width_p22_asid_width_p10_branch_metadata_fwd_width_p36.\net16616 is used but has no driver.
Warning: Wire bp_be_director_vaddr_width_p56_paddr_width_p22_asid_width_p10_branch_metadata_fwd_width_p36.\net16617 is used but has no driver.
Warning: Wire bp_be_director_vaddr_width_p56_paddr_width_p22_asid_width_p10_branch_metadata_fwd_width_p36.\net16618 is used but has no driver.
Warning: Wire bp_be_director_vaddr_width_p56_paddr_width_p22_asid_width_p10_branch_metadata_fwd_width_p36.\net16619 is used but has no driver.
Warning: Wire bp_be_director_vaddr_width_p56_paddr_width_p22_asid_width_p10_branch_metadata_fwd_width_p36.\net16620 is used but has no driver.
Warning: Wire bp_be_director_vaddr_width_p56_paddr_width_p22_asid_width_p10_branch_metadata_fwd_width_p36.\net16621 is used but has no driver.
Warning: Wire bp_be_director_vaddr_width_p56_paddr_width_p22_asid_width_p10_branch_metadata_fwd_width_p36.\net16622 is used but has no driver.
Warning: Wire bp_be_director_vaddr_width_p56_paddr_width_p22_asid_width_p10_branch_metadata_fwd_width_p36.\net16623 is used but has no driver.
Warning: Wire bp_be_director_vaddr_width_p56_paddr_width_p22_asid_width_p10_branch_metadata_fwd_width_p36.\net16624 is used but has no driver.
Warning: Wire bp_be_director_vaddr_width_p56_paddr_width_p22_asid_width_p10_branch_metadata_fwd_width_p36.\net16625 is used but has no driver.
Warning: Wire bp_be_director_vaddr_width_p56_paddr_width_p22_asid_width_p10_branch_metadata_fwd_width_p36.\net16626 is used but has no driver.
Warning: Wire bp_be_director_vaddr_width_p56_paddr_width_p22_asid_width_p10_branch_metadata_fwd_width_p36.\net16627 is used but has no driver.
Warning: Wire bp_be_director_vaddr_width_p56_paddr_width_p22_asid_width_p10_branch_metadata_fwd_width_p36.\net16628 is used but has no driver.
Warning: Wire bp_be_director_vaddr_width_p56_paddr_width_p22_asid_width_p10_branch_metadata_fwd_width_p36.\net16629 is used but has no driver.
Warning: Wire bp_be_director_vaddr_width_p56_paddr_width_p22_asid_width_p10_branch_metadata_fwd_width_p36.\net16630 is used but has no driver.
Warning: Wire bp_be_director_vaddr_width_p56_paddr_width_p22_asid_width_p10_branch_metadata_fwd_width_p36.\net16631 is used but has no driver.
Warning: Wire bp_be_director_vaddr_width_p56_paddr_width_p22_asid_width_p10_branch_metadata_fwd_width_p36.\net16632 is used but has no driver.
Warning: Wire bp_be_director_vaddr_width_p56_paddr_width_p22_asid_width_p10_branch_metadata_fwd_width_p36.\net16633 is used but has no driver.
Warning: Wire bp_be_director_vaddr_width_p56_paddr_width_p22_asid_width_p10_branch_metadata_fwd_width_p36.\net16634 is used but has no driver.
Warning: Wire bp_be_director_vaddr_width_p56_paddr_width_p22_asid_width_p10_branch_metadata_fwd_width_p36.\net16635 is used but has no driver.
Warning: Wire bp_be_director_vaddr_width_p56_paddr_width_p22_asid_width_p10_branch_metadata_fwd_width_p36.\net16636 is used but has no driver.
Warning: Wire bp_be_director_vaddr_width_p56_paddr_width_p22_asid_width_p10_branch_metadata_fwd_width_p36.\net16637 is used but has no driver.
Warning: Wire bp_be_director_vaddr_width_p56_paddr_width_p22_asid_width_p10_branch_metadata_fwd_width_p36.\net16638 is used but has no driver.
Warning: Wire bp_be_director_vaddr_width_p56_paddr_width_p22_asid_width_p10_branch_metadata_fwd_width_p36.\net16639 is used but has no driver.
Warning: Wire bp_be_director_vaddr_width_p56_paddr_width_p22_asid_width_p10_branch_metadata_fwd_width_p36.\net16640 is used but has no driver.
Warning: Wire bp_be_director_vaddr_width_p56_paddr_width_p22_asid_width_p10_branch_metadata_fwd_width_p36.\net16641 is used but has no driver.
Warning: Wire bp_be_director_vaddr_width_p56_paddr_width_p22_asid_width_p10_branch_metadata_fwd_width_p36.\net16642 is used but has no driver.
Warning: Wire bp_be_director_vaddr_width_p56_paddr_width_p22_asid_width_p10_branch_metadata_fwd_width_p36.\net16643 is used but has no driver.
Warning: Wire bp_be_director_vaddr_width_p56_paddr_width_p22_asid_width_p10_branch_metadata_fwd_width_p36.\net16644 is used but has no driver.
Warning: Wire bp_be_director_vaddr_width_p56_paddr_width_p22_asid_width_p10_branch_metadata_fwd_width_p36.\net16645 is used but has no driver.
Warning: Wire bp_be_director_vaddr_width_p56_paddr_width_p22_asid_width_p10_branch_metadata_fwd_width_p36.\net16646 is used but has no driver.
Warning: Wire bp_be_director_vaddr_width_p56_paddr_width_p22_asid_width_p10_branch_metadata_fwd_width_p36.\net16647 is used but has no driver.
Warning: Wire bp_be_director_vaddr_width_p56_paddr_width_p22_asid_width_p10_branch_metadata_fwd_width_p36.\net16648 is used but has no driver.
Warning: Wire bp_be_director_vaddr_width_p56_paddr_width_p22_asid_width_p10_branch_metadata_fwd_width_p36.\net16649 is used but has no driver.
Warning: Wire bp_be_director_vaddr_width_p56_paddr_width_p22_asid_width_p10_branch_metadata_fwd_width_p36.\net16650 is used but has no driver.
Warning: Wire bp_be_director_vaddr_width_p56_paddr_width_p22_asid_width_p10_branch_metadata_fwd_width_p36.\net16651 is used but has no driver.
Warning: Wire bp_be_director_vaddr_width_p56_paddr_width_p22_asid_width_p10_branch_metadata_fwd_width_p36.\net16652 is used but has no driver.
Warning: Wire bp_be_director_vaddr_width_p56_paddr_width_p22_asid_width_p10_branch_metadata_fwd_width_p36.\net16653 is used but has no driver.
Warning: Wire bp_be_director_vaddr_width_p56_paddr_width_p22_asid_width_p10_branch_metadata_fwd_width_p36.\net16654 is used but has no driver.
Warning: Wire bp_be_director_vaddr_width_p56_paddr_width_p22_asid_width_p10_branch_metadata_fwd_width_p36.\net16655 is used but has no driver.
Warning: Wire bp_be_director_vaddr_width_p56_paddr_width_p22_asid_width_p10_branch_metadata_fwd_width_p36.\net16656 is used but has no driver.
Warning: Wire bp_be_director_vaddr_width_p56_paddr_width_p22_asid_width_p10_branch_metadata_fwd_width_p36.\net16657 is used but has no driver.
Warning: Wire bp_be_director_vaddr_width_p56_paddr_width_p22_asid_width_p10_branch_metadata_fwd_width_p36.\net16658 is used but has no driver.
Warning: Wire bp_be_director_vaddr_width_p56_paddr_width_p22_asid_width_p10_branch_metadata_fwd_width_p36.\net16659 is used but has no driver.
Warning: Wire bp_be_director_vaddr_width_p56_paddr_width_p22_asid_width_p10_branch_metadata_fwd_width_p36.\net16660 is used but has no driver.
Warning: Wire bp_be_director_vaddr_width_p56_paddr_width_p22_asid_width_p10_branch_metadata_fwd_width_p36.\net16661 is used but has no driver.
Warning: Wire bp_be_director_vaddr_width_p56_paddr_width_p22_asid_width_p10_branch_metadata_fwd_width_p36.\net16662 is used but has no driver.
Warning: Wire bp_be_director_vaddr_width_p56_paddr_width_p22_asid_width_p10_branch_metadata_fwd_width_p36.\net16663 is used but has no driver.
Warning: Wire bp_be_director_vaddr_width_p56_paddr_width_p22_asid_width_p10_branch_metadata_fwd_width_p36.\net16664 is used but has no driver.
Warning: Wire bp_be_director_vaddr_width_p56_paddr_width_p22_asid_width_p10_branch_metadata_fwd_width_p36.\net16665 is used but has no driver.
Warning: Wire bp_be_director_vaddr_width_p56_paddr_width_p22_asid_width_p10_branch_metadata_fwd_width_p36.\net16666 is used but has no driver.
Warning: Wire bp_be_director_vaddr_width_p56_paddr_width_p22_asid_width_p10_branch_metadata_fwd_width_p36.\net16667 is used but has no driver.
Warning: Wire bp_be_director_vaddr_width_p56_paddr_width_p22_asid_width_p10_branch_metadata_fwd_width_p36.\net16668 is used but has no driver.
Warning: Wire bp_be_director_vaddr_width_p56_paddr_width_p22_asid_width_p10_branch_metadata_fwd_width_p36.\net16669 is used but has no driver.
Warning: Wire bp_be_director_vaddr_width_p56_paddr_width_p22_asid_width_p10_branch_metadata_fwd_width_p36.\net16670 is used but has no driver.
Warning: Wire bp_be_director_vaddr_width_p56_paddr_width_p22_asid_width_p10_branch_metadata_fwd_width_p36.\net16671 is used but has no driver.
Warning: Wire bp_be_director_vaddr_width_p56_paddr_width_p22_asid_width_p10_branch_metadata_fwd_width_p36.\net16672 is used but has no driver.
Warning: Wire bp_be_director_vaddr_width_p56_paddr_width_p22_asid_width_p10_branch_metadata_fwd_width_p36.\net16673 is used but has no driver.
Warning: Wire bp_be_director_vaddr_width_p56_paddr_width_p22_asid_width_p10_branch_metadata_fwd_width_p36.\net16674 is used but has no driver.
Warning: Wire bp_be_director_vaddr_width_p56_paddr_width_p22_asid_width_p10_branch_metadata_fwd_width_p36.\net16675 is used but has no driver.
Warning: Wire bp_be_director_vaddr_width_p56_paddr_width_p22_asid_width_p10_branch_metadata_fwd_width_p36.\net16676 is used but has no driver.
Warning: Wire bp_be_director_vaddr_width_p56_paddr_width_p22_asid_width_p10_branch_metadata_fwd_width_p36.\net16677 is used but has no driver.
Warning: Wire bp_be_director_vaddr_width_p56_paddr_width_p22_asid_width_p10_branch_metadata_fwd_width_p36.\net16678 is used but has no driver.
Warning: Wire bp_be_director_vaddr_width_p56_paddr_width_p22_asid_width_p10_branch_metadata_fwd_width_p36.\net16679 is used but has no driver.
Warning: Wire bp_be_director_vaddr_width_p56_paddr_width_p22_asid_width_p10_branch_metadata_fwd_width_p36.\net16680 is used but has no driver.
Warning: Wire bp_be_director_vaddr_width_p56_paddr_width_p22_asid_width_p10_branch_metadata_fwd_width_p36.\net16681 is used but has no driver.
Warning: Wire bp_be_director_vaddr_width_p56_paddr_width_p22_asid_width_p10_branch_metadata_fwd_width_p36.\net16682 is used but has no driver.
Warning: Wire bp_be_director_vaddr_width_p56_paddr_width_p22_asid_width_p10_branch_metadata_fwd_width_p36.\net16683 is used but has no driver.
Warning: Wire bp_be_director_vaddr_width_p56_paddr_width_p22_asid_width_p10_branch_metadata_fwd_width_p36.\net16684 is used but has no driver.
Warning: Wire bp_be_director_vaddr_width_p56_paddr_width_p22_asid_width_p10_branch_metadata_fwd_width_p36.\net16685 is used but has no driver.
Warning: Wire bp_be_director_vaddr_width_p56_paddr_width_p22_asid_width_p10_branch_metadata_fwd_width_p36.\net16686 is used but has no driver.
Warning: Wire bp_be_director_vaddr_width_p56_paddr_width_p22_asid_width_p10_branch_metadata_fwd_width_p36.\net16687 is used but has no driver.
Warning: Wire bp_be_director_vaddr_width_p56_paddr_width_p22_asid_width_p10_branch_metadata_fwd_width_p36.\net16688 is used but has no driver.
Warning: Wire bp_be_director_vaddr_width_p56_paddr_width_p22_asid_width_p10_branch_metadata_fwd_width_p36.\net16689 is used but has no driver.
Warning: Wire bp_be_director_vaddr_width_p56_paddr_width_p22_asid_width_p10_branch_metadata_fwd_width_p36.\net16690 is used but has no driver.
Warning: Wire bp_be_director_vaddr_width_p56_paddr_width_p22_asid_width_p10_branch_metadata_fwd_width_p36.\net16691 is used but has no driver.
Warning: Wire bp_be_director_vaddr_width_p56_paddr_width_p22_asid_width_p10_branch_metadata_fwd_width_p36.\net16692 is used but has no driver.
Warning: Wire bp_be_director_vaddr_width_p56_paddr_width_p22_asid_width_p10_branch_metadata_fwd_width_p36.\net16693 is used but has no driver.
Warning: Wire bp_be_calculator_top_vaddr_width_p56_paddr_width_p22_asid_width_p10_branch_metadata_fwd_width_p36_core_els_p1_num_lce_p2_lce_sets_p64_cce_block_size_in_bytes_p64.\fp_calc_result [63] is used but has no driver.
Warning: Wire bp_be_calculator_top_vaddr_width_p56_paddr_width_p22_asid_width_p10_branch_metadata_fwd_width_p36_core_els_p1_num_lce_p2_lce_sets_p64_cce_block_size_in_bytes_p64.\fp_calc_result [62] is used but has no driver.
Warning: Wire bp_be_calculator_top_vaddr_width_p56_paddr_width_p22_asid_width_p10_branch_metadata_fwd_width_p36_core_els_p1_num_lce_p2_lce_sets_p64_cce_block_size_in_bytes_p64.\fp_calc_result [61] is used but has no driver.
Warning: Wire bp_be_calculator_top_vaddr_width_p56_paddr_width_p22_asid_width_p10_branch_metadata_fwd_width_p36_core_els_p1_num_lce_p2_lce_sets_p64_cce_block_size_in_bytes_p64.\fp_calc_result [60] is used but has no driver.
Warning: Wire bp_be_calculator_top_vaddr_width_p56_paddr_width_p22_asid_width_p10_branch_metadata_fwd_width_p36_core_els_p1_num_lce_p2_lce_sets_p64_cce_block_size_in_bytes_p64.\fp_calc_result [59] is used but has no driver.
Warning: Wire bp_be_calculator_top_vaddr_width_p56_paddr_width_p22_asid_width_p10_branch_metadata_fwd_width_p36_core_els_p1_num_lce_p2_lce_sets_p64_cce_block_size_in_bytes_p64.\fp_calc_result [58] is used but has no driver.
Warning: Wire bp_be_calculator_top_vaddr_width_p56_paddr_width_p22_asid_width_p10_branch_metadata_fwd_width_p36_core_els_p1_num_lce_p2_lce_sets_p64_cce_block_size_in_bytes_p64.\fp_calc_result [57] is used but has no driver.
Warning: Wire bp_be_calculator_top_vaddr_width_p56_paddr_width_p22_asid_width_p10_branch_metadata_fwd_width_p36_core_els_p1_num_lce_p2_lce_sets_p64_cce_block_size_in_bytes_p64.\fp_calc_result [56] is used but has no driver.
Warning: Wire bp_be_calculator_top_vaddr_width_p56_paddr_width_p22_asid_width_p10_branch_metadata_fwd_width_p36_core_els_p1_num_lce_p2_lce_sets_p64_cce_block_size_in_bytes_p64.\fp_calc_result [55] is used but has no driver.
Warning: Wire bp_be_calculator_top_vaddr_width_p56_paddr_width_p22_asid_width_p10_branch_metadata_fwd_width_p36_core_els_p1_num_lce_p2_lce_sets_p64_cce_block_size_in_bytes_p64.\fp_calc_result [54] is used but has no driver.
Warning: Wire bp_be_calculator_top_vaddr_width_p56_paddr_width_p22_asid_width_p10_branch_metadata_fwd_width_p36_core_els_p1_num_lce_p2_lce_sets_p64_cce_block_size_in_bytes_p64.\fp_calc_result [53] is used but has no driver.
Warning: Wire bp_be_calculator_top_vaddr_width_p56_paddr_width_p22_asid_width_p10_branch_metadata_fwd_width_p36_core_els_p1_num_lce_p2_lce_sets_p64_cce_block_size_in_bytes_p64.\fp_calc_result [52] is used but has no driver.
Warning: Wire bp_be_calculator_top_vaddr_width_p56_paddr_width_p22_asid_width_p10_branch_metadata_fwd_width_p36_core_els_p1_num_lce_p2_lce_sets_p64_cce_block_size_in_bytes_p64.\fp_calc_result [51] is used but has no driver.
Warning: Wire bp_be_calculator_top_vaddr_width_p56_paddr_width_p22_asid_width_p10_branch_metadata_fwd_width_p36_core_els_p1_num_lce_p2_lce_sets_p64_cce_block_size_in_bytes_p64.\fp_calc_result [50] is used but has no driver.
Warning: Wire bp_be_calculator_top_vaddr_width_p56_paddr_width_p22_asid_width_p10_branch_metadata_fwd_width_p36_core_els_p1_num_lce_p2_lce_sets_p64_cce_block_size_in_bytes_p64.\fp_calc_result [49] is used but has no driver.
Warning: Wire bp_be_calculator_top_vaddr_width_p56_paddr_width_p22_asid_width_p10_branch_metadata_fwd_width_p36_core_els_p1_num_lce_p2_lce_sets_p64_cce_block_size_in_bytes_p64.\fp_calc_result [48] is used but has no driver.
Warning: Wire bp_be_calculator_top_vaddr_width_p56_paddr_width_p22_asid_width_p10_branch_metadata_fwd_width_p36_core_els_p1_num_lce_p2_lce_sets_p64_cce_block_size_in_bytes_p64.\fp_calc_result [47] is used but has no driver.
Warning: Wire bp_be_calculator_top_vaddr_width_p56_paddr_width_p22_asid_width_p10_branch_metadata_fwd_width_p36_core_els_p1_num_lce_p2_lce_sets_p64_cce_block_size_in_bytes_p64.\fp_calc_result [46] is used but has no driver.
Warning: Wire bp_be_calculator_top_vaddr_width_p56_paddr_width_p22_asid_width_p10_branch_metadata_fwd_width_p36_core_els_p1_num_lce_p2_lce_sets_p64_cce_block_size_in_bytes_p64.\fp_calc_result [45] is used but has no driver.
Warning: Wire bp_be_calculator_top_vaddr_width_p56_paddr_width_p22_asid_width_p10_branch_metadata_fwd_width_p36_core_els_p1_num_lce_p2_lce_sets_p64_cce_block_size_in_bytes_p64.\fp_calc_result [44] is used but has no driver.
Warning: Wire bp_be_calculator_top_vaddr_width_p56_paddr_width_p22_asid_width_p10_branch_metadata_fwd_width_p36_core_els_p1_num_lce_p2_lce_sets_p64_cce_block_size_in_bytes_p64.\fp_calc_result [43] is used but has no driver.
Warning: Wire bp_be_calculator_top_vaddr_width_p56_paddr_width_p22_asid_width_p10_branch_metadata_fwd_width_p36_core_els_p1_num_lce_p2_lce_sets_p64_cce_block_size_in_bytes_p64.\fp_calc_result [42] is used but has no driver.
Warning: Wire bp_be_calculator_top_vaddr_width_p56_paddr_width_p22_asid_width_p10_branch_metadata_fwd_width_p36_core_els_p1_num_lce_p2_lce_sets_p64_cce_block_size_in_bytes_p64.\fp_calc_result [41] is used but has no driver.
Warning: Wire bp_be_calculator_top_vaddr_width_p56_paddr_width_p22_asid_width_p10_branch_metadata_fwd_width_p36_core_els_p1_num_lce_p2_lce_sets_p64_cce_block_size_in_bytes_p64.\fp_calc_result [40] is used but has no driver.
Warning: Wire bp_be_calculator_top_vaddr_width_p56_paddr_width_p22_asid_width_p10_branch_metadata_fwd_width_p36_core_els_p1_num_lce_p2_lce_sets_p64_cce_block_size_in_bytes_p64.\fp_calc_result [39] is used but has no driver.
Warning: Wire bp_be_calculator_top_vaddr_width_p56_paddr_width_p22_asid_width_p10_branch_metadata_fwd_width_p36_core_els_p1_num_lce_p2_lce_sets_p64_cce_block_size_in_bytes_p64.\fp_calc_result [38] is used but has no driver.
Warning: Wire bp_be_calculator_top_vaddr_width_p56_paddr_width_p22_asid_width_p10_branch_metadata_fwd_width_p36_core_els_p1_num_lce_p2_lce_sets_p64_cce_block_size_in_bytes_p64.\fp_calc_result [37] is used but has no driver.
Warning: Wire bp_be_calculator_top_vaddr_width_p56_paddr_width_p22_asid_width_p10_branch_metadata_fwd_width_p36_core_els_p1_num_lce_p2_lce_sets_p64_cce_block_size_in_bytes_p64.\fp_calc_result [36] is used but has no driver.
Warning: Wire bp_be_calculator_top_vaddr_width_p56_paddr_width_p22_asid_width_p10_branch_metadata_fwd_width_p36_core_els_p1_num_lce_p2_lce_sets_p64_cce_block_size_in_bytes_p64.\fp_calc_result [35] is used but has no driver.
Warning: Wire bp_be_calculator_top_vaddr_width_p56_paddr_width_p22_asid_width_p10_branch_metadata_fwd_width_p36_core_els_p1_num_lce_p2_lce_sets_p64_cce_block_size_in_bytes_p64.\fp_calc_result [34] is used but has no driver.
Warning: Wire bp_be_calculator_top_vaddr_width_p56_paddr_width_p22_asid_width_p10_branch_metadata_fwd_width_p36_core_els_p1_num_lce_p2_lce_sets_p64_cce_block_size_in_bytes_p64.\fp_calc_result [33] is used but has no driver.
Warning: Wire bp_be_calculator_top_vaddr_width_p56_paddr_width_p22_asid_width_p10_branch_metadata_fwd_width_p36_core_els_p1_num_lce_p2_lce_sets_p64_cce_block_size_in_bytes_p64.\fp_calc_result [32] is used but has no driver.
Warning: Wire bp_be_calculator_top_vaddr_width_p56_paddr_width_p22_asid_width_p10_branch_metadata_fwd_width_p36_core_els_p1_num_lce_p2_lce_sets_p64_cce_block_size_in_bytes_p64.\fp_calc_result [31] is used but has no driver.
Warning: Wire bp_be_calculator_top_vaddr_width_p56_paddr_width_p22_asid_width_p10_branch_metadata_fwd_width_p36_core_els_p1_num_lce_p2_lce_sets_p64_cce_block_size_in_bytes_p64.\fp_calc_result [30] is used but has no driver.
Warning: Wire bp_be_calculator_top_vaddr_width_p56_paddr_width_p22_asid_width_p10_branch_metadata_fwd_width_p36_core_els_p1_num_lce_p2_lce_sets_p64_cce_block_size_in_bytes_p64.\fp_calc_result [29] is used but has no driver.
Warning: Wire bp_be_calculator_top_vaddr_width_p56_paddr_width_p22_asid_width_p10_branch_metadata_fwd_width_p36_core_els_p1_num_lce_p2_lce_sets_p64_cce_block_size_in_bytes_p64.\fp_calc_result [28] is used but has no driver.
Warning: Wire bp_be_calculator_top_vaddr_width_p56_paddr_width_p22_asid_width_p10_branch_metadata_fwd_width_p36_core_els_p1_num_lce_p2_lce_sets_p64_cce_block_size_in_bytes_p64.\fp_calc_result [27] is used but has no driver.
Warning: Wire bp_be_calculator_top_vaddr_width_p56_paddr_width_p22_asid_width_p10_branch_metadata_fwd_width_p36_core_els_p1_num_lce_p2_lce_sets_p64_cce_block_size_in_bytes_p64.\fp_calc_result [26] is used but has no driver.
Warning: Wire bp_be_calculator_top_vaddr_width_p56_paddr_width_p22_asid_width_p10_branch_metadata_fwd_width_p36_core_els_p1_num_lce_p2_lce_sets_p64_cce_block_size_in_bytes_p64.\fp_calc_result [25] is used but has no driver.
Warning: Wire bp_be_calculator_top_vaddr_width_p56_paddr_width_p22_asid_width_p10_branch_metadata_fwd_width_p36_core_els_p1_num_lce_p2_lce_sets_p64_cce_block_size_in_bytes_p64.\fp_calc_result [24] is used but has no driver.
Warning: Wire bp_be_calculator_top_vaddr_width_p56_paddr_width_p22_asid_width_p10_branch_metadata_fwd_width_p36_core_els_p1_num_lce_p2_lce_sets_p64_cce_block_size_in_bytes_p64.\fp_calc_result [23] is used but has no driver.
Warning: Wire bp_be_calculator_top_vaddr_width_p56_paddr_width_p22_asid_width_p10_branch_metadata_fwd_width_p36_core_els_p1_num_lce_p2_lce_sets_p64_cce_block_size_in_bytes_p64.\fp_calc_result [22] is used but has no driver.
Warning: Wire bp_be_calculator_top_vaddr_width_p56_paddr_width_p22_asid_width_p10_branch_metadata_fwd_width_p36_core_els_p1_num_lce_p2_lce_sets_p64_cce_block_size_in_bytes_p64.\fp_calc_result [21] is used but has no driver.
Warning: Wire bp_be_calculator_top_vaddr_width_p56_paddr_width_p22_asid_width_p10_branch_metadata_fwd_width_p36_core_els_p1_num_lce_p2_lce_sets_p64_cce_block_size_in_bytes_p64.\fp_calc_result [20] is used but has no driver.
Warning: Wire bp_be_calculator_top_vaddr_width_p56_paddr_width_p22_asid_width_p10_branch_metadata_fwd_width_p36_core_els_p1_num_lce_p2_lce_sets_p64_cce_block_size_in_bytes_p64.\fp_calc_result [19] is used but has no driver.
Warning: Wire bp_be_calculator_top_vaddr_width_p56_paddr_width_p22_asid_width_p10_branch_metadata_fwd_width_p36_core_els_p1_num_lce_p2_lce_sets_p64_cce_block_size_in_bytes_p64.\fp_calc_result [18] is used but has no driver.
Warning: Wire bp_be_calculator_top_vaddr_width_p56_paddr_width_p22_asid_width_p10_branch_metadata_fwd_width_p36_core_els_p1_num_lce_p2_lce_sets_p64_cce_block_size_in_bytes_p64.\fp_calc_result [17] is used but has no driver.
Warning: Wire bp_be_calculator_top_vaddr_width_p56_paddr_width_p22_asid_width_p10_branch_metadata_fwd_width_p36_core_els_p1_num_lce_p2_lce_sets_p64_cce_block_size_in_bytes_p64.\fp_calc_result [16] is used but has no driver.
Warning: Wire bp_be_calculator_top_vaddr_width_p56_paddr_width_p22_asid_width_p10_branch_metadata_fwd_width_p36_core_els_p1_num_lce_p2_lce_sets_p64_cce_block_size_in_bytes_p64.\fp_calc_result [15] is used but has no driver.
Warning: Wire bp_be_calculator_top_vaddr_width_p56_paddr_width_p22_asid_width_p10_branch_metadata_fwd_width_p36_core_els_p1_num_lce_p2_lce_sets_p64_cce_block_size_in_bytes_p64.\fp_calc_result [14] is used but has no driver.
Warning: Wire bp_be_calculator_top_vaddr_width_p56_paddr_width_p22_asid_width_p10_branch_metadata_fwd_width_p36_core_els_p1_num_lce_p2_lce_sets_p64_cce_block_size_in_bytes_p64.\fp_calc_result [13] is used but has no driver.
Warning: Wire bp_be_calculator_top_vaddr_width_p56_paddr_width_p22_asid_width_p10_branch_metadata_fwd_width_p36_core_els_p1_num_lce_p2_lce_sets_p64_cce_block_size_in_bytes_p64.\fp_calc_result [12] is used but has no driver.
Warning: Wire bp_be_calculator_top_vaddr_width_p56_paddr_width_p22_asid_width_p10_branch_metadata_fwd_width_p36_core_els_p1_num_lce_p2_lce_sets_p64_cce_block_size_in_bytes_p64.\fp_calc_result [11] is used but has no driver.
Warning: Wire bp_be_calculator_top_vaddr_width_p56_paddr_width_p22_asid_width_p10_branch_metadata_fwd_width_p36_core_els_p1_num_lce_p2_lce_sets_p64_cce_block_size_in_bytes_p64.\fp_calc_result [10] is used but has no driver.
Warning: Wire bp_be_calculator_top_vaddr_width_p56_paddr_width_p22_asid_width_p10_branch_metadata_fwd_width_p36_core_els_p1_num_lce_p2_lce_sets_p64_cce_block_size_in_bytes_p64.\fp_calc_result [9] is used but has no driver.
Warning: Wire bp_be_calculator_top_vaddr_width_p56_paddr_width_p22_asid_width_p10_branch_metadata_fwd_width_p36_core_els_p1_num_lce_p2_lce_sets_p64_cce_block_size_in_bytes_p64.\fp_calc_result [8] is used but has no driver.
Warning: Wire bp_be_calculator_top_vaddr_width_p56_paddr_width_p22_asid_width_p10_branch_metadata_fwd_width_p36_core_els_p1_num_lce_p2_lce_sets_p64_cce_block_size_in_bytes_p64.\fp_calc_result [7] is used but has no driver.
Warning: Wire bp_be_calculator_top_vaddr_width_p56_paddr_width_p22_asid_width_p10_branch_metadata_fwd_width_p36_core_els_p1_num_lce_p2_lce_sets_p64_cce_block_size_in_bytes_p64.\fp_calc_result [6] is used but has no driver.
Warning: Wire bp_be_calculator_top_vaddr_width_p56_paddr_width_p22_asid_width_p10_branch_metadata_fwd_width_p36_core_els_p1_num_lce_p2_lce_sets_p64_cce_block_size_in_bytes_p64.\fp_calc_result [5] is used but has no driver.
Warning: Wire bp_be_calculator_top_vaddr_width_p56_paddr_width_p22_asid_width_p10_branch_metadata_fwd_width_p36_core_els_p1_num_lce_p2_lce_sets_p64_cce_block_size_in_bytes_p64.\fp_calc_result [4] is used but has no driver.
Warning: Wire bp_be_calculator_top_vaddr_width_p56_paddr_width_p22_asid_width_p10_branch_metadata_fwd_width_p36_core_els_p1_num_lce_p2_lce_sets_p64_cce_block_size_in_bytes_p64.\fp_calc_result [3] is used but has no driver.
Warning: Wire bp_be_calculator_top_vaddr_width_p56_paddr_width_p22_asid_width_p10_branch_metadata_fwd_width_p36_core_els_p1_num_lce_p2_lce_sets_p64_cce_block_size_in_bytes_p64.\fp_calc_result [2] is used but has no driver.
Warning: Wire bp_be_calculator_top_vaddr_width_p56_paddr_width_p22_asid_width_p10_branch_metadata_fwd_width_p36_core_els_p1_num_lce_p2_lce_sets_p64_cce_block_size_in_bytes_p64.\fp_calc_result [1] is used but has no driver.
Warning: Wire bp_be_calculator_top_vaddr_width_p56_paddr_width_p22_asid_width_p10_branch_metadata_fwd_width_p36_core_els_p1_num_lce_p2_lce_sets_p64_cce_block_size_in_bytes_p64.\fp_calc_result [0] is used but has no driver.
Warning: Wire bp_be_calculator_top_vaddr_width_p56_paddr_width_p22_asid_width_p10_branch_metadata_fwd_width_p36_core_els_p1_num_lce_p2_lce_sets_p64_cce_block_size_in_bytes_p64.\mem_calc_result [63] is used but has no driver.
Warning: Wire bp_be_calculator_top_vaddr_width_p56_paddr_width_p22_asid_width_p10_branch_metadata_fwd_width_p36_core_els_p1_num_lce_p2_lce_sets_p64_cce_block_size_in_bytes_p64.\mem_calc_result [62] is used but has no driver.
Warning: Wire bp_be_calculator_top_vaddr_width_p56_paddr_width_p22_asid_width_p10_branch_metadata_fwd_width_p36_core_els_p1_num_lce_p2_lce_sets_p64_cce_block_size_in_bytes_p64.\mem_calc_result [61] is used but has no driver.
Warning: Wire bp_be_calculator_top_vaddr_width_p56_paddr_width_p22_asid_width_p10_branch_metadata_fwd_width_p36_core_els_p1_num_lce_p2_lce_sets_p64_cce_block_size_in_bytes_p64.\mem_calc_result [60] is used but has no driver.
Warning: Wire bp_be_calculator_top_vaddr_width_p56_paddr_width_p22_asid_width_p10_branch_metadata_fwd_width_p36_core_els_p1_num_lce_p2_lce_sets_p64_cce_block_size_in_bytes_p64.\mem_calc_result [59] is used but has no driver.
Warning: Wire bp_be_calculator_top_vaddr_width_p56_paddr_width_p22_asid_width_p10_branch_metadata_fwd_width_p36_core_els_p1_num_lce_p2_lce_sets_p64_cce_block_size_in_bytes_p64.\mem_calc_result [58] is used but has no driver.
Warning: Wire bp_be_calculator_top_vaddr_width_p56_paddr_width_p22_asid_width_p10_branch_metadata_fwd_width_p36_core_els_p1_num_lce_p2_lce_sets_p64_cce_block_size_in_bytes_p64.\mem_calc_result [57] is used but has no driver.
Warning: Wire bp_be_calculator_top_vaddr_width_p56_paddr_width_p22_asid_width_p10_branch_metadata_fwd_width_p36_core_els_p1_num_lce_p2_lce_sets_p64_cce_block_size_in_bytes_p64.\mem_calc_result [56] is used but has no driver.
Warning: Wire bp_be_calculator_top_vaddr_width_p56_paddr_width_p22_asid_width_p10_branch_metadata_fwd_width_p36_core_els_p1_num_lce_p2_lce_sets_p64_cce_block_size_in_bytes_p64.\mem_calc_result [55] is used but has no driver.
Warning: Wire bp_be_calculator_top_vaddr_width_p56_paddr_width_p22_asid_width_p10_branch_metadata_fwd_width_p36_core_els_p1_num_lce_p2_lce_sets_p64_cce_block_size_in_bytes_p64.\mem_calc_result [54] is used but has no driver.
Warning: Wire bp_be_calculator_top_vaddr_width_p56_paddr_width_p22_asid_width_p10_branch_metadata_fwd_width_p36_core_els_p1_num_lce_p2_lce_sets_p64_cce_block_size_in_bytes_p64.\mem_calc_result [53] is used but has no driver.
Warning: Wire bp_be_calculator_top_vaddr_width_p56_paddr_width_p22_asid_width_p10_branch_metadata_fwd_width_p36_core_els_p1_num_lce_p2_lce_sets_p64_cce_block_size_in_bytes_p64.\mem_calc_result [52] is used but has no driver.
Warning: Wire bp_be_calculator_top_vaddr_width_p56_paddr_width_p22_asid_width_p10_branch_metadata_fwd_width_p36_core_els_p1_num_lce_p2_lce_sets_p64_cce_block_size_in_bytes_p64.\mem_calc_result [51] is used but has no driver.
Warning: Wire bp_be_calculator_top_vaddr_width_p56_paddr_width_p22_asid_width_p10_branch_metadata_fwd_width_p36_core_els_p1_num_lce_p2_lce_sets_p64_cce_block_size_in_bytes_p64.\mem_calc_result [50] is used but has no driver.
Warning: Wire bp_be_calculator_top_vaddr_width_p56_paddr_width_p22_asid_width_p10_branch_metadata_fwd_width_p36_core_els_p1_num_lce_p2_lce_sets_p64_cce_block_size_in_bytes_p64.\mem_calc_result [49] is used but has no driver.
Warning: Wire bp_be_calculator_top_vaddr_width_p56_paddr_width_p22_asid_width_p10_branch_metadata_fwd_width_p36_core_els_p1_num_lce_p2_lce_sets_p64_cce_block_size_in_bytes_p64.\mem_calc_result [48] is used but has no driver.
Warning: Wire bp_be_calculator_top_vaddr_width_p56_paddr_width_p22_asid_width_p10_branch_metadata_fwd_width_p36_core_els_p1_num_lce_p2_lce_sets_p64_cce_block_size_in_bytes_p64.\mem_calc_result [47] is used but has no driver.
Warning: Wire bp_be_calculator_top_vaddr_width_p56_paddr_width_p22_asid_width_p10_branch_metadata_fwd_width_p36_core_els_p1_num_lce_p2_lce_sets_p64_cce_block_size_in_bytes_p64.\mem_calc_result [46] is used but has no driver.
Warning: Wire bp_be_calculator_top_vaddr_width_p56_paddr_width_p22_asid_width_p10_branch_metadata_fwd_width_p36_core_els_p1_num_lce_p2_lce_sets_p64_cce_block_size_in_bytes_p64.\mem_calc_result [45] is used but has no driver.
Warning: Wire bp_be_calculator_top_vaddr_width_p56_paddr_width_p22_asid_width_p10_branch_metadata_fwd_width_p36_core_els_p1_num_lce_p2_lce_sets_p64_cce_block_size_in_bytes_p64.\mem_calc_result [44] is used but has no driver.
Warning: Wire bp_be_calculator_top_vaddr_width_p56_paddr_width_p22_asid_width_p10_branch_metadata_fwd_width_p36_core_els_p1_num_lce_p2_lce_sets_p64_cce_block_size_in_bytes_p64.\mem_calc_result [43] is used but has no driver.
Warning: Wire bp_be_calculator_top_vaddr_width_p56_paddr_width_p22_asid_width_p10_branch_metadata_fwd_width_p36_core_els_p1_num_lce_p2_lce_sets_p64_cce_block_size_in_bytes_p64.\mem_calc_result [42] is used but has no driver.
Warning: Wire bp_be_calculator_top_vaddr_width_p56_paddr_width_p22_asid_width_p10_branch_metadata_fwd_width_p36_core_els_p1_num_lce_p2_lce_sets_p64_cce_block_size_in_bytes_p64.\mem_calc_result [41] is used but has no driver.
Warning: Wire bp_be_calculator_top_vaddr_width_p56_paddr_width_p22_asid_width_p10_branch_metadata_fwd_width_p36_core_els_p1_num_lce_p2_lce_sets_p64_cce_block_size_in_bytes_p64.\mem_calc_result [40] is used but has no driver.
Warning: Wire bp_be_calculator_top_vaddr_width_p56_paddr_width_p22_asid_width_p10_branch_metadata_fwd_width_p36_core_els_p1_num_lce_p2_lce_sets_p64_cce_block_size_in_bytes_p64.\mem_calc_result [39] is used but has no driver.
Warning: Wire bp_be_calculator_top_vaddr_width_p56_paddr_width_p22_asid_width_p10_branch_metadata_fwd_width_p36_core_els_p1_num_lce_p2_lce_sets_p64_cce_block_size_in_bytes_p64.\mem_calc_result [38] is used but has no driver.
Warning: Wire bp_be_calculator_top_vaddr_width_p56_paddr_width_p22_asid_width_p10_branch_metadata_fwd_width_p36_core_els_p1_num_lce_p2_lce_sets_p64_cce_block_size_in_bytes_p64.\mem_calc_result [37] is used but has no driver.
Warning: Wire bp_be_calculator_top_vaddr_width_p56_paddr_width_p22_asid_width_p10_branch_metadata_fwd_width_p36_core_els_p1_num_lce_p2_lce_sets_p64_cce_block_size_in_bytes_p64.\mem_calc_result [36] is used but has no driver.
Warning: Wire bp_be_calculator_top_vaddr_width_p56_paddr_width_p22_asid_width_p10_branch_metadata_fwd_width_p36_core_els_p1_num_lce_p2_lce_sets_p64_cce_block_size_in_bytes_p64.\mem_calc_result [35] is used but has no driver.
Warning: Wire bp_be_calculator_top_vaddr_width_p56_paddr_width_p22_asid_width_p10_branch_metadata_fwd_width_p36_core_els_p1_num_lce_p2_lce_sets_p64_cce_block_size_in_bytes_p64.\mem_calc_result [34] is used but has no driver.
Warning: Wire bp_be_calculator_top_vaddr_width_p56_paddr_width_p22_asid_width_p10_branch_metadata_fwd_width_p36_core_els_p1_num_lce_p2_lce_sets_p64_cce_block_size_in_bytes_p64.\mem_calc_result [33] is used but has no driver.
Warning: Wire bp_be_calculator_top_vaddr_width_p56_paddr_width_p22_asid_width_p10_branch_metadata_fwd_width_p36_core_els_p1_num_lce_p2_lce_sets_p64_cce_block_size_in_bytes_p64.\mem_calc_result [32] is used but has no driver.
Warning: Wire bp_be_calculator_top_vaddr_width_p56_paddr_width_p22_asid_width_p10_branch_metadata_fwd_width_p36_core_els_p1_num_lce_p2_lce_sets_p64_cce_block_size_in_bytes_p64.\mem_calc_result [31] is used but has no driver.
Warning: Wire bp_be_calculator_top_vaddr_width_p56_paddr_width_p22_asid_width_p10_branch_metadata_fwd_width_p36_core_els_p1_num_lce_p2_lce_sets_p64_cce_block_size_in_bytes_p64.\mem_calc_result [30] is used but has no driver.
Warning: Wire bp_be_calculator_top_vaddr_width_p56_paddr_width_p22_asid_width_p10_branch_metadata_fwd_width_p36_core_els_p1_num_lce_p2_lce_sets_p64_cce_block_size_in_bytes_p64.\mem_calc_result [29] is used but has no driver.
Warning: Wire bp_be_calculator_top_vaddr_width_p56_paddr_width_p22_asid_width_p10_branch_metadata_fwd_width_p36_core_els_p1_num_lce_p2_lce_sets_p64_cce_block_size_in_bytes_p64.\mem_calc_result [28] is used but has no driver.
Warning: Wire bp_be_calculator_top_vaddr_width_p56_paddr_width_p22_asid_width_p10_branch_metadata_fwd_width_p36_core_els_p1_num_lce_p2_lce_sets_p64_cce_block_size_in_bytes_p64.\mem_calc_result [27] is used but has no driver.
Warning: Wire bp_be_calculator_top_vaddr_width_p56_paddr_width_p22_asid_width_p10_branch_metadata_fwd_width_p36_core_els_p1_num_lce_p2_lce_sets_p64_cce_block_size_in_bytes_p64.\mem_calc_result [26] is used but has no driver.
Warning: Wire bp_be_calculator_top_vaddr_width_p56_paddr_width_p22_asid_width_p10_branch_metadata_fwd_width_p36_core_els_p1_num_lce_p2_lce_sets_p64_cce_block_size_in_bytes_p64.\mem_calc_result [25] is used but has no driver.
Warning: Wire bp_be_calculator_top_vaddr_width_p56_paddr_width_p22_asid_width_p10_branch_metadata_fwd_width_p36_core_els_p1_num_lce_p2_lce_sets_p64_cce_block_size_in_bytes_p64.\mem_calc_result [24] is used but has no driver.
Warning: Wire bp_be_calculator_top_vaddr_width_p56_paddr_width_p22_asid_width_p10_branch_metadata_fwd_width_p36_core_els_p1_num_lce_p2_lce_sets_p64_cce_block_size_in_bytes_p64.\mem_calc_result [23] is used but has no driver.
Warning: Wire bp_be_calculator_top_vaddr_width_p56_paddr_width_p22_asid_width_p10_branch_metadata_fwd_width_p36_core_els_p1_num_lce_p2_lce_sets_p64_cce_block_size_in_bytes_p64.\mem_calc_result [22] is used but has no driver.
Warning: Wire bp_be_calculator_top_vaddr_width_p56_paddr_width_p22_asid_width_p10_branch_metadata_fwd_width_p36_core_els_p1_num_lce_p2_lce_sets_p64_cce_block_size_in_bytes_p64.\mem_calc_result [21] is used but has no driver.
Warning: Wire bp_be_calculator_top_vaddr_width_p56_paddr_width_p22_asid_width_p10_branch_metadata_fwd_width_p36_core_els_p1_num_lce_p2_lce_sets_p64_cce_block_size_in_bytes_p64.\mem_calc_result [20] is used but has no driver.
Warning: Wire bp_be_calculator_top_vaddr_width_p56_paddr_width_p22_asid_width_p10_branch_metadata_fwd_width_p36_core_els_p1_num_lce_p2_lce_sets_p64_cce_block_size_in_bytes_p64.\mem_calc_result [19] is used but has no driver.
Warning: Wire bp_be_calculator_top_vaddr_width_p56_paddr_width_p22_asid_width_p10_branch_metadata_fwd_width_p36_core_els_p1_num_lce_p2_lce_sets_p64_cce_block_size_in_bytes_p64.\mem_calc_result [18] is used but has no driver.
Warning: Wire bp_be_calculator_top_vaddr_width_p56_paddr_width_p22_asid_width_p10_branch_metadata_fwd_width_p36_core_els_p1_num_lce_p2_lce_sets_p64_cce_block_size_in_bytes_p64.\mem_calc_result [17] is used but has no driver.
Warning: Wire bp_be_calculator_top_vaddr_width_p56_paddr_width_p22_asid_width_p10_branch_metadata_fwd_width_p36_core_els_p1_num_lce_p2_lce_sets_p64_cce_block_size_in_bytes_p64.\mem_calc_result [16] is used but has no driver.
Warning: Wire bp_be_calculator_top_vaddr_width_p56_paddr_width_p22_asid_width_p10_branch_metadata_fwd_width_p36_core_els_p1_num_lce_p2_lce_sets_p64_cce_block_size_in_bytes_p64.\mem_calc_result [15] is used but has no driver.
Warning: Wire bp_be_calculator_top_vaddr_width_p56_paddr_width_p22_asid_width_p10_branch_metadata_fwd_width_p36_core_els_p1_num_lce_p2_lce_sets_p64_cce_block_size_in_bytes_p64.\mem_calc_result [14] is used but has no driver.
Warning: Wire bp_be_calculator_top_vaddr_width_p56_paddr_width_p22_asid_width_p10_branch_metadata_fwd_width_p36_core_els_p1_num_lce_p2_lce_sets_p64_cce_block_size_in_bytes_p64.\mem_calc_result [13] is used but has no driver.
Warning: Wire bp_be_calculator_top_vaddr_width_p56_paddr_width_p22_asid_width_p10_branch_metadata_fwd_width_p36_core_els_p1_num_lce_p2_lce_sets_p64_cce_block_size_in_bytes_p64.\mem_calc_result [12] is used but has no driver.
Warning: Wire bp_be_calculator_top_vaddr_width_p56_paddr_width_p22_asid_width_p10_branch_metadata_fwd_width_p36_core_els_p1_num_lce_p2_lce_sets_p64_cce_block_size_in_bytes_p64.\mem_calc_result [11] is used but has no driver.
Warning: Wire bp_be_calculator_top_vaddr_width_p56_paddr_width_p22_asid_width_p10_branch_metadata_fwd_width_p36_core_els_p1_num_lce_p2_lce_sets_p64_cce_block_size_in_bytes_p64.\mem_calc_result [10] is used but has no driver.
Warning: Wire bp_be_calculator_top_vaddr_width_p56_paddr_width_p22_asid_width_p10_branch_metadata_fwd_width_p36_core_els_p1_num_lce_p2_lce_sets_p64_cce_block_size_in_bytes_p64.\mem_calc_result [9] is used but has no driver.
Warning: Wire bp_be_calculator_top_vaddr_width_p56_paddr_width_p22_asid_width_p10_branch_metadata_fwd_width_p36_core_els_p1_num_lce_p2_lce_sets_p64_cce_block_size_in_bytes_p64.\mem_calc_result [8] is used but has no driver.
Warning: Wire bp_be_calculator_top_vaddr_width_p56_paddr_width_p22_asid_width_p10_branch_metadata_fwd_width_p36_core_els_p1_num_lce_p2_lce_sets_p64_cce_block_size_in_bytes_p64.\mem_calc_result [7] is used but has no driver.
Warning: Wire bp_be_calculator_top_vaddr_width_p56_paddr_width_p22_asid_width_p10_branch_metadata_fwd_width_p36_core_els_p1_num_lce_p2_lce_sets_p64_cce_block_size_in_bytes_p64.\mem_calc_result [6] is used but has no driver.
Warning: Wire bp_be_calculator_top_vaddr_width_p56_paddr_width_p22_asid_width_p10_branch_metadata_fwd_width_p36_core_els_p1_num_lce_p2_lce_sets_p64_cce_block_size_in_bytes_p64.\mem_calc_result [5] is used but has no driver.
Warning: Wire bp_be_calculator_top_vaddr_width_p56_paddr_width_p22_asid_width_p10_branch_metadata_fwd_width_p36_core_els_p1_num_lce_p2_lce_sets_p64_cce_block_size_in_bytes_p64.\mem_calc_result [4] is used but has no driver.
Warning: Wire bp_be_calculator_top_vaddr_width_p56_paddr_width_p22_asid_width_p10_branch_metadata_fwd_width_p36_core_els_p1_num_lce_p2_lce_sets_p64_cce_block_size_in_bytes_p64.\mem_calc_result [3] is used but has no driver.
Warning: Wire bp_be_calculator_top_vaddr_width_p56_paddr_width_p22_asid_width_p10_branch_metadata_fwd_width_p36_core_els_p1_num_lce_p2_lce_sets_p64_cce_block_size_in_bytes_p64.\mem_calc_result [2] is used but has no driver.
Warning: Wire bp_be_calculator_top_vaddr_width_p56_paddr_width_p22_asid_width_p10_branch_metadata_fwd_width_p36_core_els_p1_num_lce_p2_lce_sets_p64_cce_block_size_in_bytes_p64.\mem_calc_result [1] is used but has no driver.
Warning: Wire bp_be_calculator_top_vaddr_width_p56_paddr_width_p22_asid_width_p10_branch_metadata_fwd_width_p36_core_els_p1_num_lce_p2_lce_sets_p64_cce_block_size_in_bytes_p64.\mem_calc_result [0] is used but has no driver.
Warning: Wire bp_be_calculator_top_vaddr_width_p56_paddr_width_p22_asid_width_p10_branch_metadata_fwd_width_p36_core_els_p1_num_lce_p2_lce_sets_p64_cce_block_size_in_bytes_p64.\mul_calc_result [63] is used but has no driver.
Warning: Wire bp_be_calculator_top_vaddr_width_p56_paddr_width_p22_asid_width_p10_branch_metadata_fwd_width_p36_core_els_p1_num_lce_p2_lce_sets_p64_cce_block_size_in_bytes_p64.\mul_calc_result [62] is used but has no driver.
Warning: Wire bp_be_calculator_top_vaddr_width_p56_paddr_width_p22_asid_width_p10_branch_metadata_fwd_width_p36_core_els_p1_num_lce_p2_lce_sets_p64_cce_block_size_in_bytes_p64.\mul_calc_result [61] is used but has no driver.
Warning: Wire bp_be_calculator_top_vaddr_width_p56_paddr_width_p22_asid_width_p10_branch_metadata_fwd_width_p36_core_els_p1_num_lce_p2_lce_sets_p64_cce_block_size_in_bytes_p64.\mul_calc_result [60] is used but has no driver.
Warning: Wire bp_be_calculator_top_vaddr_width_p56_paddr_width_p22_asid_width_p10_branch_metadata_fwd_width_p36_core_els_p1_num_lce_p2_lce_sets_p64_cce_block_size_in_bytes_p64.\mul_calc_result [59] is used but has no driver.
Warning: Wire bp_be_calculator_top_vaddr_width_p56_paddr_width_p22_asid_width_p10_branch_metadata_fwd_width_p36_core_els_p1_num_lce_p2_lce_sets_p64_cce_block_size_in_bytes_p64.\mul_calc_result [58] is used but has no driver.
Warning: Wire bp_be_calculator_top_vaddr_width_p56_paddr_width_p22_asid_width_p10_branch_metadata_fwd_width_p36_core_els_p1_num_lce_p2_lce_sets_p64_cce_block_size_in_bytes_p64.\mul_calc_result [57] is used but has no driver.
Warning: Wire bp_be_calculator_top_vaddr_width_p56_paddr_width_p22_asid_width_p10_branch_metadata_fwd_width_p36_core_els_p1_num_lce_p2_lce_sets_p64_cce_block_size_in_bytes_p64.\mul_calc_result [56] is used but has no driver.
Warning: Wire bp_be_calculator_top_vaddr_width_p56_paddr_width_p22_asid_width_p10_branch_metadata_fwd_width_p36_core_els_p1_num_lce_p2_lce_sets_p64_cce_block_size_in_bytes_p64.\mul_calc_result [55] is used but has no driver.
Warning: Wire bp_be_calculator_top_vaddr_width_p56_paddr_width_p22_asid_width_p10_branch_metadata_fwd_width_p36_core_els_p1_num_lce_p2_lce_sets_p64_cce_block_size_in_bytes_p64.\mul_calc_result [54] is used but has no driver.
Warning: Wire bp_be_calculator_top_vaddr_width_p56_paddr_width_p22_asid_width_p10_branch_metadata_fwd_width_p36_core_els_p1_num_lce_p2_lce_sets_p64_cce_block_size_in_bytes_p64.\mul_calc_result [53] is used but has no driver.
Warning: Wire bp_be_calculator_top_vaddr_width_p56_paddr_width_p22_asid_width_p10_branch_metadata_fwd_width_p36_core_els_p1_num_lce_p2_lce_sets_p64_cce_block_size_in_bytes_p64.\mul_calc_result [52] is used but has no driver.
Warning: Wire bp_be_calculator_top_vaddr_width_p56_paddr_width_p22_asid_width_p10_branch_metadata_fwd_width_p36_core_els_p1_num_lce_p2_lce_sets_p64_cce_block_size_in_bytes_p64.\mul_calc_result [51] is used but has no driver.
Warning: Wire bp_be_calculator_top_vaddr_width_p56_paddr_width_p22_asid_width_p10_branch_metadata_fwd_width_p36_core_els_p1_num_lce_p2_lce_sets_p64_cce_block_size_in_bytes_p64.\mul_calc_result [50] is used but has no driver.
Warning: Wire bp_be_calculator_top_vaddr_width_p56_paddr_width_p22_asid_width_p10_branch_metadata_fwd_width_p36_core_els_p1_num_lce_p2_lce_sets_p64_cce_block_size_in_bytes_p64.\mul_calc_result [49] is used but has no driver.
Warning: Wire bp_be_calculator_top_vaddr_width_p56_paddr_width_p22_asid_width_p10_branch_metadata_fwd_width_p36_core_els_p1_num_lce_p2_lce_sets_p64_cce_block_size_in_bytes_p64.\mul_calc_result [48] is used but has no driver.
Warning: Wire bp_be_calculator_top_vaddr_width_p56_paddr_width_p22_asid_width_p10_branch_metadata_fwd_width_p36_core_els_p1_num_lce_p2_lce_sets_p64_cce_block_size_in_bytes_p64.\mul_calc_result [47] is used but has no driver.
Warning: Wire bp_be_calculator_top_vaddr_width_p56_paddr_width_p22_asid_width_p10_branch_metadata_fwd_width_p36_core_els_p1_num_lce_p2_lce_sets_p64_cce_block_size_in_bytes_p64.\mul_calc_result [46] is used but has no driver.
Warning: Wire bp_be_calculator_top_vaddr_width_p56_paddr_width_p22_asid_width_p10_branch_metadata_fwd_width_p36_core_els_p1_num_lce_p2_lce_sets_p64_cce_block_size_in_bytes_p64.\mul_calc_result [45] is used but has no driver.
Warning: Wire bp_be_calculator_top_vaddr_width_p56_paddr_width_p22_asid_width_p10_branch_metadata_fwd_width_p36_core_els_p1_num_lce_p2_lce_sets_p64_cce_block_size_in_bytes_p64.\mul_calc_result [44] is used but has no driver.
Warning: Wire bp_be_calculator_top_vaddr_width_p56_paddr_width_p22_asid_width_p10_branch_metadata_fwd_width_p36_core_els_p1_num_lce_p2_lce_sets_p64_cce_block_size_in_bytes_p64.\mul_calc_result [43] is used but has no driver.
Warning: Wire bp_be_calculator_top_vaddr_width_p56_paddr_width_p22_asid_width_p10_branch_metadata_fwd_width_p36_core_els_p1_num_lce_p2_lce_sets_p64_cce_block_size_in_bytes_p64.\mul_calc_result [42] is used but has no driver.
Warning: Wire bp_be_calculator_top_vaddr_width_p56_paddr_width_p22_asid_width_p10_branch_metadata_fwd_width_p36_core_els_p1_num_lce_p2_lce_sets_p64_cce_block_size_in_bytes_p64.\mul_calc_result [41] is used but has no driver.
Warning: Wire bp_be_calculator_top_vaddr_width_p56_paddr_width_p22_asid_width_p10_branch_metadata_fwd_width_p36_core_els_p1_num_lce_p2_lce_sets_p64_cce_block_size_in_bytes_p64.\mul_calc_result [40] is used but has no driver.
Warning: Wire bp_be_calculator_top_vaddr_width_p56_paddr_width_p22_asid_width_p10_branch_metadata_fwd_width_p36_core_els_p1_num_lce_p2_lce_sets_p64_cce_block_size_in_bytes_p64.\mul_calc_result [39] is used but has no driver.
Warning: Wire bp_be_calculator_top_vaddr_width_p56_paddr_width_p22_asid_width_p10_branch_metadata_fwd_width_p36_core_els_p1_num_lce_p2_lce_sets_p64_cce_block_size_in_bytes_p64.\mul_calc_result [38] is used but has no driver.
Warning: Wire bp_be_calculator_top_vaddr_width_p56_paddr_width_p22_asid_width_p10_branch_metadata_fwd_width_p36_core_els_p1_num_lce_p2_lce_sets_p64_cce_block_size_in_bytes_p64.\mul_calc_result [37] is used but has no driver.
Warning: Wire bp_be_calculator_top_vaddr_width_p56_paddr_width_p22_asid_width_p10_branch_metadata_fwd_width_p36_core_els_p1_num_lce_p2_lce_sets_p64_cce_block_size_in_bytes_p64.\mul_calc_result [36] is used but has no driver.
Warning: Wire bp_be_calculator_top_vaddr_width_p56_paddr_width_p22_asid_width_p10_branch_metadata_fwd_width_p36_core_els_p1_num_lce_p2_lce_sets_p64_cce_block_size_in_bytes_p64.\mul_calc_result [35] is used but has no driver.
Warning: Wire bp_be_calculator_top_vaddr_width_p56_paddr_width_p22_asid_width_p10_branch_metadata_fwd_width_p36_core_els_p1_num_lce_p2_lce_sets_p64_cce_block_size_in_bytes_p64.\mul_calc_result [34] is used but has no driver.
Warning: Wire bp_be_calculator_top_vaddr_width_p56_paddr_width_p22_asid_width_p10_branch_metadata_fwd_width_p36_core_els_p1_num_lce_p2_lce_sets_p64_cce_block_size_in_bytes_p64.\mul_calc_result [33] is used but has no driver.
Warning: Wire bp_be_calculator_top_vaddr_width_p56_paddr_width_p22_asid_width_p10_branch_metadata_fwd_width_p36_core_els_p1_num_lce_p2_lce_sets_p64_cce_block_size_in_bytes_p64.\mul_calc_result [32] is used but has no driver.
Warning: Wire bp_be_calculator_top_vaddr_width_p56_paddr_width_p22_asid_width_p10_branch_metadata_fwd_width_p36_core_els_p1_num_lce_p2_lce_sets_p64_cce_block_size_in_bytes_p64.\mul_calc_result [31] is used but has no driver.
Warning: Wire bp_be_calculator_top_vaddr_width_p56_paddr_width_p22_asid_width_p10_branch_metadata_fwd_width_p36_core_els_p1_num_lce_p2_lce_sets_p64_cce_block_size_in_bytes_p64.\mul_calc_result [30] is used but has no driver.
Warning: Wire bp_be_calculator_top_vaddr_width_p56_paddr_width_p22_asid_width_p10_branch_metadata_fwd_width_p36_core_els_p1_num_lce_p2_lce_sets_p64_cce_block_size_in_bytes_p64.\mul_calc_result [29] is used but has no driver.
Warning: Wire bp_be_calculator_top_vaddr_width_p56_paddr_width_p22_asid_width_p10_branch_metadata_fwd_width_p36_core_els_p1_num_lce_p2_lce_sets_p64_cce_block_size_in_bytes_p64.\mul_calc_result [28] is used but has no driver.
Warning: Wire bp_be_calculator_top_vaddr_width_p56_paddr_width_p22_asid_width_p10_branch_metadata_fwd_width_p36_core_els_p1_num_lce_p2_lce_sets_p64_cce_block_size_in_bytes_p64.\mul_calc_result [27] is used but has no driver.
Warning: Wire bp_be_calculator_top_vaddr_width_p56_paddr_width_p22_asid_width_p10_branch_metadata_fwd_width_p36_core_els_p1_num_lce_p2_lce_sets_p64_cce_block_size_in_bytes_p64.\mul_calc_result [26] is used but has no driver.
Warning: Wire bp_be_calculator_top_vaddr_width_p56_paddr_width_p22_asid_width_p10_branch_metadata_fwd_width_p36_core_els_p1_num_lce_p2_lce_sets_p64_cce_block_size_in_bytes_p64.\mul_calc_result [25] is used but has no driver.
Warning: Wire bp_be_calculator_top_vaddr_width_p56_paddr_width_p22_asid_width_p10_branch_metadata_fwd_width_p36_core_els_p1_num_lce_p2_lce_sets_p64_cce_block_size_in_bytes_p64.\mul_calc_result [24] is used but has no driver.
Warning: Wire bp_be_calculator_top_vaddr_width_p56_paddr_width_p22_asid_width_p10_branch_metadata_fwd_width_p36_core_els_p1_num_lce_p2_lce_sets_p64_cce_block_size_in_bytes_p64.\mul_calc_result [23] is used but has no driver.
Warning: Wire bp_be_calculator_top_vaddr_width_p56_paddr_width_p22_asid_width_p10_branch_metadata_fwd_width_p36_core_els_p1_num_lce_p2_lce_sets_p64_cce_block_size_in_bytes_p64.\mul_calc_result [22] is used but has no driver.
Warning: Wire bp_be_calculator_top_vaddr_width_p56_paddr_width_p22_asid_width_p10_branch_metadata_fwd_width_p36_core_els_p1_num_lce_p2_lce_sets_p64_cce_block_size_in_bytes_p64.\mul_calc_result [21] is used but has no driver.
Warning: Wire bp_be_calculator_top_vaddr_width_p56_paddr_width_p22_asid_width_p10_branch_metadata_fwd_width_p36_core_els_p1_num_lce_p2_lce_sets_p64_cce_block_size_in_bytes_p64.\mul_calc_result [20] is used but has no driver.
Warning: Wire bp_be_calculator_top_vaddr_width_p56_paddr_width_p22_asid_width_p10_branch_metadata_fwd_width_p36_core_els_p1_num_lce_p2_lce_sets_p64_cce_block_size_in_bytes_p64.\mul_calc_result [19] is used but has no driver.
Warning: Wire bp_be_calculator_top_vaddr_width_p56_paddr_width_p22_asid_width_p10_branch_metadata_fwd_width_p36_core_els_p1_num_lce_p2_lce_sets_p64_cce_block_size_in_bytes_p64.\mul_calc_result [18] is used but has no driver.
Warning: Wire bp_be_calculator_top_vaddr_width_p56_paddr_width_p22_asid_width_p10_branch_metadata_fwd_width_p36_core_els_p1_num_lce_p2_lce_sets_p64_cce_block_size_in_bytes_p64.\mul_calc_result [17] is used but has no driver.
Warning: Wire bp_be_calculator_top_vaddr_width_p56_paddr_width_p22_asid_width_p10_branch_metadata_fwd_width_p36_core_els_p1_num_lce_p2_lce_sets_p64_cce_block_size_in_bytes_p64.\mul_calc_result [16] is used but has no driver.
Warning: Wire bp_be_calculator_top_vaddr_width_p56_paddr_width_p22_asid_width_p10_branch_metadata_fwd_width_p36_core_els_p1_num_lce_p2_lce_sets_p64_cce_block_size_in_bytes_p64.\mul_calc_result [15] is used but has no driver.
Warning: Wire bp_be_calculator_top_vaddr_width_p56_paddr_width_p22_asid_width_p10_branch_metadata_fwd_width_p36_core_els_p1_num_lce_p2_lce_sets_p64_cce_block_size_in_bytes_p64.\mul_calc_result [14] is used but has no driver.
Warning: Wire bp_be_calculator_top_vaddr_width_p56_paddr_width_p22_asid_width_p10_branch_metadata_fwd_width_p36_core_els_p1_num_lce_p2_lce_sets_p64_cce_block_size_in_bytes_p64.\mul_calc_result [13] is used but has no driver.
Warning: Wire bp_be_calculator_top_vaddr_width_p56_paddr_width_p22_asid_width_p10_branch_metadata_fwd_width_p36_core_els_p1_num_lce_p2_lce_sets_p64_cce_block_size_in_bytes_p64.\mul_calc_result [12] is used but has no driver.
Warning: Wire bp_be_calculator_top_vaddr_width_p56_paddr_width_p22_asid_width_p10_branch_metadata_fwd_width_p36_core_els_p1_num_lce_p2_lce_sets_p64_cce_block_size_in_bytes_p64.\mul_calc_result [11] is used but has no driver.
Warning: Wire bp_be_calculator_top_vaddr_width_p56_paddr_width_p22_asid_width_p10_branch_metadata_fwd_width_p36_core_els_p1_num_lce_p2_lce_sets_p64_cce_block_size_in_bytes_p64.\mul_calc_result [10] is used but has no driver.
Warning: Wire bp_be_calculator_top_vaddr_width_p56_paddr_width_p22_asid_width_p10_branch_metadata_fwd_width_p36_core_els_p1_num_lce_p2_lce_sets_p64_cce_block_size_in_bytes_p64.\mul_calc_result [9] is used but has no driver.
Warning: Wire bp_be_calculator_top_vaddr_width_p56_paddr_width_p22_asid_width_p10_branch_metadata_fwd_width_p36_core_els_p1_num_lce_p2_lce_sets_p64_cce_block_size_in_bytes_p64.\mul_calc_result [8] is used but has no driver.
Warning: Wire bp_be_calculator_top_vaddr_width_p56_paddr_width_p22_asid_width_p10_branch_metadata_fwd_width_p36_core_els_p1_num_lce_p2_lce_sets_p64_cce_block_size_in_bytes_p64.\mul_calc_result [7] is used but has no driver.
Warning: Wire bp_be_calculator_top_vaddr_width_p56_paddr_width_p22_asid_width_p10_branch_metadata_fwd_width_p36_core_els_p1_num_lce_p2_lce_sets_p64_cce_block_size_in_bytes_p64.\mul_calc_result [6] is used but has no driver.
Warning: Wire bp_be_calculator_top_vaddr_width_p56_paddr_width_p22_asid_width_p10_branch_metadata_fwd_width_p36_core_els_p1_num_lce_p2_lce_sets_p64_cce_block_size_in_bytes_p64.\mul_calc_result [5] is used but has no driver.
Warning: Wire bp_be_calculator_top_vaddr_width_p56_paddr_width_p22_asid_width_p10_branch_metadata_fwd_width_p36_core_els_p1_num_lce_p2_lce_sets_p64_cce_block_size_in_bytes_p64.\mul_calc_result [4] is used but has no driver.
Warning: Wire bp_be_calculator_top_vaddr_width_p56_paddr_width_p22_asid_width_p10_branch_metadata_fwd_width_p36_core_els_p1_num_lce_p2_lce_sets_p64_cce_block_size_in_bytes_p64.\mul_calc_result [3] is used but has no driver.
Warning: Wire bp_be_calculator_top_vaddr_width_p56_paddr_width_p22_asid_width_p10_branch_metadata_fwd_width_p36_core_els_p1_num_lce_p2_lce_sets_p64_cce_block_size_in_bytes_p64.\mul_calc_result [2] is used but has no driver.
Warning: Wire bp_be_calculator_top_vaddr_width_p56_paddr_width_p22_asid_width_p10_branch_metadata_fwd_width_p36_core_els_p1_num_lce_p2_lce_sets_p64_cce_block_size_in_bytes_p64.\mul_calc_result [1] is used but has no driver.
Warning: Wire bp_be_calculator_top_vaddr_width_p56_paddr_width_p22_asid_width_p10_branch_metadata_fwd_width_p36_core_els_p1_num_lce_p2_lce_sets_p64_cce_block_size_in_bytes_p64.\mul_calc_result [0] is used but has no driver.
Warning: Wire bp_be_calculator_top_vaddr_width_p56_paddr_width_p22_asid_width_p10_branch_metadata_fwd_width_p36_core_els_p1_num_lce_p2_lce_sets_p64_cce_block_size_in_bytes_p64.\nop_calc_result [127] is used but has no driver.
Warning: Wire bp_be_calculator_top_vaddr_width_p56_paddr_width_p22_asid_width_p10_branch_metadata_fwd_width_p36_core_els_p1_num_lce_p2_lce_sets_p64_cce_block_size_in_bytes_p64.\nop_calc_result [126] is used but has no driver.
Warning: Wire bp_be_calculator_top_vaddr_width_p56_paddr_width_p22_asid_width_p10_branch_metadata_fwd_width_p36_core_els_p1_num_lce_p2_lce_sets_p64_cce_block_size_in_bytes_p64.\nop_calc_result [125] is used but has no driver.
Warning: Wire bp_be_calculator_top_vaddr_width_p56_paddr_width_p22_asid_width_p10_branch_metadata_fwd_width_p36_core_els_p1_num_lce_p2_lce_sets_p64_cce_block_size_in_bytes_p64.\nop_calc_result [124] is used but has no driver.
Warning: Wire bp_be_calculator_top_vaddr_width_p56_paddr_width_p22_asid_width_p10_branch_metadata_fwd_width_p36_core_els_p1_num_lce_p2_lce_sets_p64_cce_block_size_in_bytes_p64.\nop_calc_result [123] is used but has no driver.
Warning: Wire bp_be_calculator_top_vaddr_width_p56_paddr_width_p22_asid_width_p10_branch_metadata_fwd_width_p36_core_els_p1_num_lce_p2_lce_sets_p64_cce_block_size_in_bytes_p64.\nop_calc_result [122] is used but has no driver.
Warning: Wire bp_be_calculator_top_vaddr_width_p56_paddr_width_p22_asid_width_p10_branch_metadata_fwd_width_p36_core_els_p1_num_lce_p2_lce_sets_p64_cce_block_size_in_bytes_p64.\nop_calc_result [121] is used but has no driver.
Warning: Wire bp_be_calculator_top_vaddr_width_p56_paddr_width_p22_asid_width_p10_branch_metadata_fwd_width_p36_core_els_p1_num_lce_p2_lce_sets_p64_cce_block_size_in_bytes_p64.\nop_calc_result [120] is used but has no driver.
Warning: Wire bp_be_calculator_top_vaddr_width_p56_paddr_width_p22_asid_width_p10_branch_metadata_fwd_width_p36_core_els_p1_num_lce_p2_lce_sets_p64_cce_block_size_in_bytes_p64.\nop_calc_result [119] is used but has no driver.
Warning: Wire bp_be_calculator_top_vaddr_width_p56_paddr_width_p22_asid_width_p10_branch_metadata_fwd_width_p36_core_els_p1_num_lce_p2_lce_sets_p64_cce_block_size_in_bytes_p64.\nop_calc_result [118] is used but has no driver.
Warning: Wire bp_be_calculator_top_vaddr_width_p56_paddr_width_p22_asid_width_p10_branch_metadata_fwd_width_p36_core_els_p1_num_lce_p2_lce_sets_p64_cce_block_size_in_bytes_p64.\nop_calc_result [117] is used but has no driver.
Warning: Wire bp_be_calculator_top_vaddr_width_p56_paddr_width_p22_asid_width_p10_branch_metadata_fwd_width_p36_core_els_p1_num_lce_p2_lce_sets_p64_cce_block_size_in_bytes_p64.\nop_calc_result [116] is used but has no driver.
Warning: Wire bp_be_calculator_top_vaddr_width_p56_paddr_width_p22_asid_width_p10_branch_metadata_fwd_width_p36_core_els_p1_num_lce_p2_lce_sets_p64_cce_block_size_in_bytes_p64.\nop_calc_result [115] is used but has no driver.
Warning: Wire bp_be_calculator_top_vaddr_width_p56_paddr_width_p22_asid_width_p10_branch_metadata_fwd_width_p36_core_els_p1_num_lce_p2_lce_sets_p64_cce_block_size_in_bytes_p64.\nop_calc_result [114] is used but has no driver.
Warning: Wire bp_be_calculator_top_vaddr_width_p56_paddr_width_p22_asid_width_p10_branch_metadata_fwd_width_p36_core_els_p1_num_lce_p2_lce_sets_p64_cce_block_size_in_bytes_p64.\nop_calc_result [113] is used but has no driver.
Warning: Wire bp_be_calculator_top_vaddr_width_p56_paddr_width_p22_asid_width_p10_branch_metadata_fwd_width_p36_core_els_p1_num_lce_p2_lce_sets_p64_cce_block_size_in_bytes_p64.\nop_calc_result [112] is used but has no driver.
Warning: Wire bp_be_calculator_top_vaddr_width_p56_paddr_width_p22_asid_width_p10_branch_metadata_fwd_width_p36_core_els_p1_num_lce_p2_lce_sets_p64_cce_block_size_in_bytes_p64.\nop_calc_result [111] is used but has no driver.
Warning: Wire bp_be_calculator_top_vaddr_width_p56_paddr_width_p22_asid_width_p10_branch_metadata_fwd_width_p36_core_els_p1_num_lce_p2_lce_sets_p64_cce_block_size_in_bytes_p64.\nop_calc_result [110] is used but has no driver.
Warning: Wire bp_be_calculator_top_vaddr_width_p56_paddr_width_p22_asid_width_p10_branch_metadata_fwd_width_p36_core_els_p1_num_lce_p2_lce_sets_p64_cce_block_size_in_bytes_p64.\nop_calc_result [109] is used but has no driver.
Warning: Wire bp_be_calculator_top_vaddr_width_p56_paddr_width_p22_asid_width_p10_branch_metadata_fwd_width_p36_core_els_p1_num_lce_p2_lce_sets_p64_cce_block_size_in_bytes_p64.\nop_calc_result [108] is used but has no driver.
Warning: Wire bp_be_calculator_top_vaddr_width_p56_paddr_width_p22_asid_width_p10_branch_metadata_fwd_width_p36_core_els_p1_num_lce_p2_lce_sets_p64_cce_block_size_in_bytes_p64.\nop_calc_result [107] is used but has no driver.
Warning: Wire bp_be_calculator_top_vaddr_width_p56_paddr_width_p22_asid_width_p10_branch_metadata_fwd_width_p36_core_els_p1_num_lce_p2_lce_sets_p64_cce_block_size_in_bytes_p64.\nop_calc_result [106] is used but has no driver.
Warning: Wire bp_be_calculator_top_vaddr_width_p56_paddr_width_p22_asid_width_p10_branch_metadata_fwd_width_p36_core_els_p1_num_lce_p2_lce_sets_p64_cce_block_size_in_bytes_p64.\nop_calc_result [105] is used but has no driver.
Warning: Wire bp_be_calculator_top_vaddr_width_p56_paddr_width_p22_asid_width_p10_branch_metadata_fwd_width_p36_core_els_p1_num_lce_p2_lce_sets_p64_cce_block_size_in_bytes_p64.\nop_calc_result [104] is used but has no driver.
Warning: Wire bp_be_calculator_top_vaddr_width_p56_paddr_width_p22_asid_width_p10_branch_metadata_fwd_width_p36_core_els_p1_num_lce_p2_lce_sets_p64_cce_block_size_in_bytes_p64.\nop_calc_result [103] is used but has no driver.
Warning: Wire bp_be_calculator_top_vaddr_width_p56_paddr_width_p22_asid_width_p10_branch_metadata_fwd_width_p36_core_els_p1_num_lce_p2_lce_sets_p64_cce_block_size_in_bytes_p64.\nop_calc_result [102] is used but has no driver.
Warning: Wire bp_be_calculator_top_vaddr_width_p56_paddr_width_p22_asid_width_p10_branch_metadata_fwd_width_p36_core_els_p1_num_lce_p2_lce_sets_p64_cce_block_size_in_bytes_p64.\nop_calc_result [101] is used but has no driver.
Warning: Wire bp_be_calculator_top_vaddr_width_p56_paddr_width_p22_asid_width_p10_branch_metadata_fwd_width_p36_core_els_p1_num_lce_p2_lce_sets_p64_cce_block_size_in_bytes_p64.\nop_calc_result [100] is used but has no driver.
Warning: Wire bp_be_calculator_top_vaddr_width_p56_paddr_width_p22_asid_width_p10_branch_metadata_fwd_width_p36_core_els_p1_num_lce_p2_lce_sets_p64_cce_block_size_in_bytes_p64.\nop_calc_result [99] is used but has no driver.
Warning: Wire bp_be_calculator_top_vaddr_width_p56_paddr_width_p22_asid_width_p10_branch_metadata_fwd_width_p36_core_els_p1_num_lce_p2_lce_sets_p64_cce_block_size_in_bytes_p64.\nop_calc_result [98] is used but has no driver.
Warning: Wire bp_be_calculator_top_vaddr_width_p56_paddr_width_p22_asid_width_p10_branch_metadata_fwd_width_p36_core_els_p1_num_lce_p2_lce_sets_p64_cce_block_size_in_bytes_p64.\nop_calc_result [97] is used but has no driver.
Warning: Wire bp_be_calculator_top_vaddr_width_p56_paddr_width_p22_asid_width_p10_branch_metadata_fwd_width_p36_core_els_p1_num_lce_p2_lce_sets_p64_cce_block_size_in_bytes_p64.\nop_calc_result [96] is used but has no driver.
Warning: Wire bp_be_calculator_top_vaddr_width_p56_paddr_width_p22_asid_width_p10_branch_metadata_fwd_width_p36_core_els_p1_num_lce_p2_lce_sets_p64_cce_block_size_in_bytes_p64.\nop_calc_result [95] is used but has no driver.
Warning: Wire bp_be_calculator_top_vaddr_width_p56_paddr_width_p22_asid_width_p10_branch_metadata_fwd_width_p36_core_els_p1_num_lce_p2_lce_sets_p64_cce_block_size_in_bytes_p64.\nop_calc_result [94] is used but has no driver.
Warning: Wire bp_be_calculator_top_vaddr_width_p56_paddr_width_p22_asid_width_p10_branch_metadata_fwd_width_p36_core_els_p1_num_lce_p2_lce_sets_p64_cce_block_size_in_bytes_p64.\nop_calc_result [93] is used but has no driver.
Warning: Wire bp_be_calculator_top_vaddr_width_p56_paddr_width_p22_asid_width_p10_branch_metadata_fwd_width_p36_core_els_p1_num_lce_p2_lce_sets_p64_cce_block_size_in_bytes_p64.\nop_calc_result [92] is used but has no driver.
Warning: Wire bp_be_calculator_top_vaddr_width_p56_paddr_width_p22_asid_width_p10_branch_metadata_fwd_width_p36_core_els_p1_num_lce_p2_lce_sets_p64_cce_block_size_in_bytes_p64.\nop_calc_result [91] is used but has no driver.
Warning: Wire bp_be_calculator_top_vaddr_width_p56_paddr_width_p22_asid_width_p10_branch_metadata_fwd_width_p36_core_els_p1_num_lce_p2_lce_sets_p64_cce_block_size_in_bytes_p64.\nop_calc_result [90] is used but has no driver.
Warning: Wire bp_be_calculator_top_vaddr_width_p56_paddr_width_p22_asid_width_p10_branch_metadata_fwd_width_p36_core_els_p1_num_lce_p2_lce_sets_p64_cce_block_size_in_bytes_p64.\nop_calc_result [89] is used but has no driver.
Warning: Wire bp_be_calculator_top_vaddr_width_p56_paddr_width_p22_asid_width_p10_branch_metadata_fwd_width_p36_core_els_p1_num_lce_p2_lce_sets_p64_cce_block_size_in_bytes_p64.\nop_calc_result [88] is used but has no driver.
Warning: Wire bp_be_calculator_top_vaddr_width_p56_paddr_width_p22_asid_width_p10_branch_metadata_fwd_width_p36_core_els_p1_num_lce_p2_lce_sets_p64_cce_block_size_in_bytes_p64.\nop_calc_result [87] is used but has no driver.
Warning: Wire bp_be_calculator_top_vaddr_width_p56_paddr_width_p22_asid_width_p10_branch_metadata_fwd_width_p36_core_els_p1_num_lce_p2_lce_sets_p64_cce_block_size_in_bytes_p64.\nop_calc_result [86] is used but has no driver.
Warning: Wire bp_be_calculator_top_vaddr_width_p56_paddr_width_p22_asid_width_p10_branch_metadata_fwd_width_p36_core_els_p1_num_lce_p2_lce_sets_p64_cce_block_size_in_bytes_p64.\nop_calc_result [85] is used but has no driver.
Warning: Wire bp_be_calculator_top_vaddr_width_p56_paddr_width_p22_asid_width_p10_branch_metadata_fwd_width_p36_core_els_p1_num_lce_p2_lce_sets_p64_cce_block_size_in_bytes_p64.\nop_calc_result [84] is used but has no driver.
Warning: Wire bp_be_calculator_top_vaddr_width_p56_paddr_width_p22_asid_width_p10_branch_metadata_fwd_width_p36_core_els_p1_num_lce_p2_lce_sets_p64_cce_block_size_in_bytes_p64.\nop_calc_result [83] is used but has no driver.
Warning: Wire bp_be_calculator_top_vaddr_width_p56_paddr_width_p22_asid_width_p10_branch_metadata_fwd_width_p36_core_els_p1_num_lce_p2_lce_sets_p64_cce_block_size_in_bytes_p64.\nop_calc_result [82] is used but has no driver.
Warning: Wire bp_be_calculator_top_vaddr_width_p56_paddr_width_p22_asid_width_p10_branch_metadata_fwd_width_p36_core_els_p1_num_lce_p2_lce_sets_p64_cce_block_size_in_bytes_p64.\nop_calc_result [81] is used but has no driver.
Warning: Wire bp_be_calculator_top_vaddr_width_p56_paddr_width_p22_asid_width_p10_branch_metadata_fwd_width_p36_core_els_p1_num_lce_p2_lce_sets_p64_cce_block_size_in_bytes_p64.\nop_calc_result [80] is used but has no driver.
Warning: Wire bp_be_calculator_top_vaddr_width_p56_paddr_width_p22_asid_width_p10_branch_metadata_fwd_width_p36_core_els_p1_num_lce_p2_lce_sets_p64_cce_block_size_in_bytes_p64.\nop_calc_result [79] is used but has no driver.
Warning: Wire bp_be_calculator_top_vaddr_width_p56_paddr_width_p22_asid_width_p10_branch_metadata_fwd_width_p36_core_els_p1_num_lce_p2_lce_sets_p64_cce_block_size_in_bytes_p64.\nop_calc_result [78] is used but has no driver.
Warning: Wire bp_be_calculator_top_vaddr_width_p56_paddr_width_p22_asid_width_p10_branch_metadata_fwd_width_p36_core_els_p1_num_lce_p2_lce_sets_p64_cce_block_size_in_bytes_p64.\nop_calc_result [77] is used but has no driver.
Warning: Wire bp_be_calculator_top_vaddr_width_p56_paddr_width_p22_asid_width_p10_branch_metadata_fwd_width_p36_core_els_p1_num_lce_p2_lce_sets_p64_cce_block_size_in_bytes_p64.\nop_calc_result [76] is used but has no driver.
Warning: Wire bp_be_calculator_top_vaddr_width_p56_paddr_width_p22_asid_width_p10_branch_metadata_fwd_width_p36_core_els_p1_num_lce_p2_lce_sets_p64_cce_block_size_in_bytes_p64.\nop_calc_result [75] is used but has no driver.
Warning: Wire bp_be_calculator_top_vaddr_width_p56_paddr_width_p22_asid_width_p10_branch_metadata_fwd_width_p36_core_els_p1_num_lce_p2_lce_sets_p64_cce_block_size_in_bytes_p64.\nop_calc_result [74] is used but has no driver.
Warning: Wire bp_be_calculator_top_vaddr_width_p56_paddr_width_p22_asid_width_p10_branch_metadata_fwd_width_p36_core_els_p1_num_lce_p2_lce_sets_p64_cce_block_size_in_bytes_p64.\nop_calc_result [73] is used but has no driver.
Warning: Wire bp_be_calculator_top_vaddr_width_p56_paddr_width_p22_asid_width_p10_branch_metadata_fwd_width_p36_core_els_p1_num_lce_p2_lce_sets_p64_cce_block_size_in_bytes_p64.\nop_calc_result [72] is used but has no driver.
Warning: Wire bp_be_calculator_top_vaddr_width_p56_paddr_width_p22_asid_width_p10_branch_metadata_fwd_width_p36_core_els_p1_num_lce_p2_lce_sets_p64_cce_block_size_in_bytes_p64.\nop_calc_result [71] is used but has no driver.
Warning: Wire bp_be_calculator_top_vaddr_width_p56_paddr_width_p22_asid_width_p10_branch_metadata_fwd_width_p36_core_els_p1_num_lce_p2_lce_sets_p64_cce_block_size_in_bytes_p64.\nop_calc_result [70] is used but has no driver.
Warning: Wire bp_be_calculator_top_vaddr_width_p56_paddr_width_p22_asid_width_p10_branch_metadata_fwd_width_p36_core_els_p1_num_lce_p2_lce_sets_p64_cce_block_size_in_bytes_p64.\nop_calc_result [69] is used but has no driver.
Warning: Wire bp_be_calculator_top_vaddr_width_p56_paddr_width_p22_asid_width_p10_branch_metadata_fwd_width_p36_core_els_p1_num_lce_p2_lce_sets_p64_cce_block_size_in_bytes_p64.\nop_calc_result [68] is used but has no driver.
Warning: Wire bp_be_calculator_top_vaddr_width_p56_paddr_width_p22_asid_width_p10_branch_metadata_fwd_width_p36_core_els_p1_num_lce_p2_lce_sets_p64_cce_block_size_in_bytes_p64.\nop_calc_result [67] is used but has no driver.
Warning: Wire bp_be_calculator_top_vaddr_width_p56_paddr_width_p22_asid_width_p10_branch_metadata_fwd_width_p36_core_els_p1_num_lce_p2_lce_sets_p64_cce_block_size_in_bytes_p64.\nop_calc_result [66] is used but has no driver.
Warning: Wire bp_be_calculator_top_vaddr_width_p56_paddr_width_p22_asid_width_p10_branch_metadata_fwd_width_p36_core_els_p1_num_lce_p2_lce_sets_p64_cce_block_size_in_bytes_p64.\nop_calc_result [65] is used but has no driver.
Warning: Wire bp_be_calculator_top_vaddr_width_p56_paddr_width_p22_asid_width_p10_branch_metadata_fwd_width_p36_core_els_p1_num_lce_p2_lce_sets_p64_cce_block_size_in_bytes_p64.\nop_calc_result [64] is used but has no driver.
Warning: Wire bp_be_calculator_top_vaddr_width_p56_paddr_width_p22_asid_width_p10_branch_metadata_fwd_width_p36_core_els_p1_num_lce_p2_lce_sets_p64_cce_block_size_in_bytes_p64.\nop_calc_result [63] is used but has no driver.
Warning: Wire bp_be_calculator_top_vaddr_width_p56_paddr_width_p22_asid_width_p10_branch_metadata_fwd_width_p36_core_els_p1_num_lce_p2_lce_sets_p64_cce_block_size_in_bytes_p64.\nop_calc_result [62] is used but has no driver.
Warning: Wire bp_be_calculator_top_vaddr_width_p56_paddr_width_p22_asid_width_p10_branch_metadata_fwd_width_p36_core_els_p1_num_lce_p2_lce_sets_p64_cce_block_size_in_bytes_p64.\nop_calc_result [61] is used but has no driver.
Warning: Wire bp_be_calculator_top_vaddr_width_p56_paddr_width_p22_asid_width_p10_branch_metadata_fwd_width_p36_core_els_p1_num_lce_p2_lce_sets_p64_cce_block_size_in_bytes_p64.\nop_calc_result [60] is used but has no driver.
Warning: Wire bp_be_calculator_top_vaddr_width_p56_paddr_width_p22_asid_width_p10_branch_metadata_fwd_width_p36_core_els_p1_num_lce_p2_lce_sets_p64_cce_block_size_in_bytes_p64.\nop_calc_result [59] is used but has no driver.
Warning: Wire bp_be_calculator_top_vaddr_width_p56_paddr_width_p22_asid_width_p10_branch_metadata_fwd_width_p36_core_els_p1_num_lce_p2_lce_sets_p64_cce_block_size_in_bytes_p64.\nop_calc_result [58] is used but has no driver.
Warning: Wire bp_be_calculator_top_vaddr_width_p56_paddr_width_p22_asid_width_p10_branch_metadata_fwd_width_p36_core_els_p1_num_lce_p2_lce_sets_p64_cce_block_size_in_bytes_p64.\nop_calc_result [57] is used but has no driver.
Warning: Wire bp_be_calculator_top_vaddr_width_p56_paddr_width_p22_asid_width_p10_branch_metadata_fwd_width_p36_core_els_p1_num_lce_p2_lce_sets_p64_cce_block_size_in_bytes_p64.\nop_calc_result [56] is used but has no driver.
Warning: Wire bp_be_calculator_top_vaddr_width_p56_paddr_width_p22_asid_width_p10_branch_metadata_fwd_width_p36_core_els_p1_num_lce_p2_lce_sets_p64_cce_block_size_in_bytes_p64.\nop_calc_result [55] is used but has no driver.
Warning: Wire bp_be_calculator_top_vaddr_width_p56_paddr_width_p22_asid_width_p10_branch_metadata_fwd_width_p36_core_els_p1_num_lce_p2_lce_sets_p64_cce_block_size_in_bytes_p64.\nop_calc_result [54] is used but has no driver.
Warning: Wire bp_be_calculator_top_vaddr_width_p56_paddr_width_p22_asid_width_p10_branch_metadata_fwd_width_p36_core_els_p1_num_lce_p2_lce_sets_p64_cce_block_size_in_bytes_p64.\nop_calc_result [53] is used but has no driver.
Warning: Wire bp_be_calculator_top_vaddr_width_p56_paddr_width_p22_asid_width_p10_branch_metadata_fwd_width_p36_core_els_p1_num_lce_p2_lce_sets_p64_cce_block_size_in_bytes_p64.\nop_calc_result [52] is used but has no driver.
Warning: Wire bp_be_calculator_top_vaddr_width_p56_paddr_width_p22_asid_width_p10_branch_metadata_fwd_width_p36_core_els_p1_num_lce_p2_lce_sets_p64_cce_block_size_in_bytes_p64.\nop_calc_result [51] is used but has no driver.
Warning: Wire bp_be_calculator_top_vaddr_width_p56_paddr_width_p22_asid_width_p10_branch_metadata_fwd_width_p36_core_els_p1_num_lce_p2_lce_sets_p64_cce_block_size_in_bytes_p64.\nop_calc_result [50] is used but has no driver.
Warning: Wire bp_be_calculator_top_vaddr_width_p56_paddr_width_p22_asid_width_p10_branch_metadata_fwd_width_p36_core_els_p1_num_lce_p2_lce_sets_p64_cce_block_size_in_bytes_p64.\nop_calc_result [49] is used but has no driver.
Warning: Wire bp_be_calculator_top_vaddr_width_p56_paddr_width_p22_asid_width_p10_branch_metadata_fwd_width_p36_core_els_p1_num_lce_p2_lce_sets_p64_cce_block_size_in_bytes_p64.\nop_calc_result [48] is used but has no driver.
Warning: Wire bp_be_calculator_top_vaddr_width_p56_paddr_width_p22_asid_width_p10_branch_metadata_fwd_width_p36_core_els_p1_num_lce_p2_lce_sets_p64_cce_block_size_in_bytes_p64.\nop_calc_result [47] is used but has no driver.
Warning: Wire bp_be_calculator_top_vaddr_width_p56_paddr_width_p22_asid_width_p10_branch_metadata_fwd_width_p36_core_els_p1_num_lce_p2_lce_sets_p64_cce_block_size_in_bytes_p64.\nop_calc_result [46] is used but has no driver.
Warning: Wire bp_be_calculator_top_vaddr_width_p56_paddr_width_p22_asid_width_p10_branch_metadata_fwd_width_p36_core_els_p1_num_lce_p2_lce_sets_p64_cce_block_size_in_bytes_p64.\nop_calc_result [45] is used but has no driver.
Warning: Wire bp_be_calculator_top_vaddr_width_p56_paddr_width_p22_asid_width_p10_branch_metadata_fwd_width_p36_core_els_p1_num_lce_p2_lce_sets_p64_cce_block_size_in_bytes_p64.\nop_calc_result [44] is used but has no driver.
Warning: Wire bp_be_calculator_top_vaddr_width_p56_paddr_width_p22_asid_width_p10_branch_metadata_fwd_width_p36_core_els_p1_num_lce_p2_lce_sets_p64_cce_block_size_in_bytes_p64.\nop_calc_result [43] is used but has no driver.
Warning: Wire bp_be_calculator_top_vaddr_width_p56_paddr_width_p22_asid_width_p10_branch_metadata_fwd_width_p36_core_els_p1_num_lce_p2_lce_sets_p64_cce_block_size_in_bytes_p64.\nop_calc_result [42] is used but has no driver.
Warning: Wire bp_be_calculator_top_vaddr_width_p56_paddr_width_p22_asid_width_p10_branch_metadata_fwd_width_p36_core_els_p1_num_lce_p2_lce_sets_p64_cce_block_size_in_bytes_p64.\nop_calc_result [41] is used but has no driver.
Warning: Wire bp_be_calculator_top_vaddr_width_p56_paddr_width_p22_asid_width_p10_branch_metadata_fwd_width_p36_core_els_p1_num_lce_p2_lce_sets_p64_cce_block_size_in_bytes_p64.\nop_calc_result [40] is used but has no driver.
Warning: Wire bp_be_calculator_top_vaddr_width_p56_paddr_width_p22_asid_width_p10_branch_metadata_fwd_width_p36_core_els_p1_num_lce_p2_lce_sets_p64_cce_block_size_in_bytes_p64.\nop_calc_result [39] is used but has no driver.
Warning: Wire bp_be_calculator_top_vaddr_width_p56_paddr_width_p22_asid_width_p10_branch_metadata_fwd_width_p36_core_els_p1_num_lce_p2_lce_sets_p64_cce_block_size_in_bytes_p64.\nop_calc_result [38] is used but has no driver.
Warning: Wire bp_be_calculator_top_vaddr_width_p56_paddr_width_p22_asid_width_p10_branch_metadata_fwd_width_p36_core_els_p1_num_lce_p2_lce_sets_p64_cce_block_size_in_bytes_p64.\nop_calc_result [37] is used but has no driver.
Warning: Wire bp_be_calculator_top_vaddr_width_p56_paddr_width_p22_asid_width_p10_branch_metadata_fwd_width_p36_core_els_p1_num_lce_p2_lce_sets_p64_cce_block_size_in_bytes_p64.\nop_calc_result [36] is used but has no driver.
Warning: Wire bp_be_calculator_top_vaddr_width_p56_paddr_width_p22_asid_width_p10_branch_metadata_fwd_width_p36_core_els_p1_num_lce_p2_lce_sets_p64_cce_block_size_in_bytes_p64.\nop_calc_result [35] is used but has no driver.
Warning: Wire bp_be_calculator_top_vaddr_width_p56_paddr_width_p22_asid_width_p10_branch_metadata_fwd_width_p36_core_els_p1_num_lce_p2_lce_sets_p64_cce_block_size_in_bytes_p64.\nop_calc_result [34] is used but has no driver.
Warning: Wire bp_be_calculator_top_vaddr_width_p56_paddr_width_p22_asid_width_p10_branch_metadata_fwd_width_p36_core_els_p1_num_lce_p2_lce_sets_p64_cce_block_size_in_bytes_p64.\nop_calc_result [33] is used but has no driver.
Warning: Wire bp_be_calculator_top_vaddr_width_p56_paddr_width_p22_asid_width_p10_branch_metadata_fwd_width_p36_core_els_p1_num_lce_p2_lce_sets_p64_cce_block_size_in_bytes_p64.\nop_calc_result [32] is used but has no driver.
Warning: Wire bp_be_calculator_top_vaddr_width_p56_paddr_width_p22_asid_width_p10_branch_metadata_fwd_width_p36_core_els_p1_num_lce_p2_lce_sets_p64_cce_block_size_in_bytes_p64.\nop_calc_result [31] is used but has no driver.
Warning: Wire bp_be_calculator_top_vaddr_width_p56_paddr_width_p22_asid_width_p10_branch_metadata_fwd_width_p36_core_els_p1_num_lce_p2_lce_sets_p64_cce_block_size_in_bytes_p64.\nop_calc_result [30] is used but has no driver.
Warning: Wire bp_be_calculator_top_vaddr_width_p56_paddr_width_p22_asid_width_p10_branch_metadata_fwd_width_p36_core_els_p1_num_lce_p2_lce_sets_p64_cce_block_size_in_bytes_p64.\nop_calc_result [29] is used but has no driver.
Warning: Wire bp_be_calculator_top_vaddr_width_p56_paddr_width_p22_asid_width_p10_branch_metadata_fwd_width_p36_core_els_p1_num_lce_p2_lce_sets_p64_cce_block_size_in_bytes_p64.\nop_calc_result [28] is used but has no driver.
Warning: Wire bp_be_calculator_top_vaddr_width_p56_paddr_width_p22_asid_width_p10_branch_metadata_fwd_width_p36_core_els_p1_num_lce_p2_lce_sets_p64_cce_block_size_in_bytes_p64.\nop_calc_result [27] is used but has no driver.
Warning: Wire bp_be_calculator_top_vaddr_width_p56_paddr_width_p22_asid_width_p10_branch_metadata_fwd_width_p36_core_els_p1_num_lce_p2_lce_sets_p64_cce_block_size_in_bytes_p64.\nop_calc_result [26] is used but has no driver.
Warning: Wire bp_be_calculator_top_vaddr_width_p56_paddr_width_p22_asid_width_p10_branch_metadata_fwd_width_p36_core_els_p1_num_lce_p2_lce_sets_p64_cce_block_size_in_bytes_p64.\nop_calc_result [25] is used but has no driver.
Warning: Wire bp_be_calculator_top_vaddr_width_p56_paddr_width_p22_asid_width_p10_branch_metadata_fwd_width_p36_core_els_p1_num_lce_p2_lce_sets_p64_cce_block_size_in_bytes_p64.\nop_calc_result [24] is used but has no driver.
Warning: Wire bp_be_calculator_top_vaddr_width_p56_paddr_width_p22_asid_width_p10_branch_metadata_fwd_width_p36_core_els_p1_num_lce_p2_lce_sets_p64_cce_block_size_in_bytes_p64.\nop_calc_result [23] is used but has no driver.
Warning: Wire bp_be_calculator_top_vaddr_width_p56_paddr_width_p22_asid_width_p10_branch_metadata_fwd_width_p36_core_els_p1_num_lce_p2_lce_sets_p64_cce_block_size_in_bytes_p64.\nop_calc_result [22] is used but has no driver.
Warning: Wire bp_be_calculator_top_vaddr_width_p56_paddr_width_p22_asid_width_p10_branch_metadata_fwd_width_p36_core_els_p1_num_lce_p2_lce_sets_p64_cce_block_size_in_bytes_p64.\nop_calc_result [21] is used but has no driver.
Warning: Wire bp_be_calculator_top_vaddr_width_p56_paddr_width_p22_asid_width_p10_branch_metadata_fwd_width_p36_core_els_p1_num_lce_p2_lce_sets_p64_cce_block_size_in_bytes_p64.\nop_calc_result [20] is used but has no driver.
Warning: Wire bp_be_calculator_top_vaddr_width_p56_paddr_width_p22_asid_width_p10_branch_metadata_fwd_width_p36_core_els_p1_num_lce_p2_lce_sets_p64_cce_block_size_in_bytes_p64.\nop_calc_result [19] is used but has no driver.
Warning: Wire bp_be_calculator_top_vaddr_width_p56_paddr_width_p22_asid_width_p10_branch_metadata_fwd_width_p36_core_els_p1_num_lce_p2_lce_sets_p64_cce_block_size_in_bytes_p64.\nop_calc_result [18] is used but has no driver.
Warning: Wire bp_be_calculator_top_vaddr_width_p56_paddr_width_p22_asid_width_p10_branch_metadata_fwd_width_p36_core_els_p1_num_lce_p2_lce_sets_p64_cce_block_size_in_bytes_p64.\nop_calc_result [17] is used but has no driver.
Warning: Wire bp_be_calculator_top_vaddr_width_p56_paddr_width_p22_asid_width_p10_branch_metadata_fwd_width_p36_core_els_p1_num_lce_p2_lce_sets_p64_cce_block_size_in_bytes_p64.\nop_calc_result [16] is used but has no driver.
Warning: Wire bp_be_calculator_top_vaddr_width_p56_paddr_width_p22_asid_width_p10_branch_metadata_fwd_width_p36_core_els_p1_num_lce_p2_lce_sets_p64_cce_block_size_in_bytes_p64.\nop_calc_result [15] is used but has no driver.
Warning: Wire bp_be_calculator_top_vaddr_width_p56_paddr_width_p22_asid_width_p10_branch_metadata_fwd_width_p36_core_els_p1_num_lce_p2_lce_sets_p64_cce_block_size_in_bytes_p64.\nop_calc_result [14] is used but has no driver.
Warning: Wire bp_be_calculator_top_vaddr_width_p56_paddr_width_p22_asid_width_p10_branch_metadata_fwd_width_p36_core_els_p1_num_lce_p2_lce_sets_p64_cce_block_size_in_bytes_p64.\nop_calc_result [13] is used but has no driver.
Warning: Wire bp_be_calculator_top_vaddr_width_p56_paddr_width_p22_asid_width_p10_branch_metadata_fwd_width_p36_core_els_p1_num_lce_p2_lce_sets_p64_cce_block_size_in_bytes_p64.\nop_calc_result [12] is used but has no driver.
Warning: Wire bp_be_calculator_top_vaddr_width_p56_paddr_width_p22_asid_width_p10_branch_metadata_fwd_width_p36_core_els_p1_num_lce_p2_lce_sets_p64_cce_block_size_in_bytes_p64.\nop_calc_result [11] is used but has no driver.
Warning: Wire bp_be_calculator_top_vaddr_width_p56_paddr_width_p22_asid_width_p10_branch_metadata_fwd_width_p36_core_els_p1_num_lce_p2_lce_sets_p64_cce_block_size_in_bytes_p64.\nop_calc_result [10] is used but has no driver.
Warning: Wire bp_be_calculator_top_vaddr_width_p56_paddr_width_p22_asid_width_p10_branch_metadata_fwd_width_p36_core_els_p1_num_lce_p2_lce_sets_p64_cce_block_size_in_bytes_p64.\nop_calc_result [9] is used but has no driver.
Warning: Wire bp_be_calculator_top_vaddr_width_p56_paddr_width_p22_asid_width_p10_branch_metadata_fwd_width_p36_core_els_p1_num_lce_p2_lce_sets_p64_cce_block_size_in_bytes_p64.\nop_calc_result [8] is used but has no driver.
Warning: Wire bp_be_calculator_top_vaddr_width_p56_paddr_width_p22_asid_width_p10_branch_metadata_fwd_width_p36_core_els_p1_num_lce_p2_lce_sets_p64_cce_block_size_in_bytes_p64.\nop_calc_result [7] is used but has no driver.
Warning: Wire bp_be_calculator_top_vaddr_width_p56_paddr_width_p22_asid_width_p10_branch_metadata_fwd_width_p36_core_els_p1_num_lce_p2_lce_sets_p64_cce_block_size_in_bytes_p64.\nop_calc_result [6] is used but has no driver.
Warning: Wire bp_be_calculator_top_vaddr_width_p56_paddr_width_p22_asid_width_p10_branch_metadata_fwd_width_p36_core_els_p1_num_lce_p2_lce_sets_p64_cce_block_size_in_bytes_p64.\nop_calc_result [5] is used but has no driver.
Warning: Wire bp_be_calculator_top_vaddr_width_p56_paddr_width_p22_asid_width_p10_branch_metadata_fwd_width_p36_core_els_p1_num_lce_p2_lce_sets_p64_cce_block_size_in_bytes_p64.\nop_calc_result [4] is used but has no driver.
Warning: Wire bp_be_calculator_top_vaddr_width_p56_paddr_width_p22_asid_width_p10_branch_metadata_fwd_width_p36_core_els_p1_num_lce_p2_lce_sets_p64_cce_block_size_in_bytes_p64.\nop_calc_result [3] is used but has no driver.
Warning: Wire bp_be_calculator_top_vaddr_width_p56_paddr_width_p22_asid_width_p10_branch_metadata_fwd_width_p36_core_els_p1_num_lce_p2_lce_sets_p64_cce_block_size_in_bytes_p64.\nop_calc_result [2] is used but has no driver.
Warning: Wire bp_be_calculator_top_vaddr_width_p56_paddr_width_p22_asid_width_p10_branch_metadata_fwd_width_p36_core_els_p1_num_lce_p2_lce_sets_p64_cce_block_size_in_bytes_p64.\nop_calc_result [1] is used but has no driver.
Warning: Wire bp_be_calculator_top_vaddr_width_p56_paddr_width_p22_asid_width_p10_branch_metadata_fwd_width_p36_core_els_p1_num_lce_p2_lce_sets_p64_cce_block_size_in_bytes_p64.\nop_calc_result [0] is used but has no driver.
Warning: Wire bp_be_mmu_top_vaddr_width_p56_paddr_width_p22_asid_width_p10_branch_metadata_fwd_width_p36_num_cce_p1_num_lce_p2_cce_block_size_in_bytes_p64_lce_assoc_p8_lce_sets_p64.\mmu_resp_o [6] is used but has no driver.
Warning: Wire bp_be_mmu_top_vaddr_width_p56_paddr_width_p22_asid_width_p10_branch_metadata_fwd_width_p36_num_cce_p1_num_lce_p2_cce_block_size_in_bytes_p64_lce_assoc_p8_lce_sets_p64.\mmu_resp_o [5] is used but has no driver.
Warning: Wire bp_be_mmu_top_vaddr_width_p56_paddr_width_p22_asid_width_p10_branch_metadata_fwd_width_p36_num_cce_p1_num_lce_p2_cce_block_size_in_bytes_p64_lce_assoc_p8_lce_sets_p64.\mmu_resp_o [4] is used but has no driver.
Warning: Wire bp_be_mmu_top_vaddr_width_p56_paddr_width_p22_asid_width_p10_branch_metadata_fwd_width_p36_num_cce_p1_num_lce_p2_cce_block_size_in_bytes_p64_lce_assoc_p8_lce_sets_p64.\mmu_resp_o [3] is used but has no driver.
Warning: Wire bp_be_mmu_top_vaddr_width_p56_paddr_width_p22_asid_width_p10_branch_metadata_fwd_width_p36_num_cce_p1_num_lce_p2_cce_block_size_in_bytes_p64_lce_assoc_p8_lce_sets_p64.\mmu_resp_o [2] is used but has no driver.
Warning: Wire bp_be_mmu_top_vaddr_width_p56_paddr_width_p22_asid_width_p10_branch_metadata_fwd_width_p36_num_cce_p1_num_lce_p2_cce_block_size_in_bytes_p64_lce_assoc_p8_lce_sets_p64.\mmu_resp_o [1] is used but has no driver.
Warning: Wire bp_fe_pc_gen_56_22_64_9_5_22_32_10_80000124_1.\pc_gen_fe_o [201] is used but has no driver.
Warning: Wire bp_fe_pc_gen_56_22_64_9_5_22_32_10_80000124_1.\pc_gen_fe_o [200] is used but has no driver.
Warning: Wire bp_fe_pc_gen_56_22_64_9_5_22_32_10_80000124_1.\pc_gen_fe_o [199] is used but has no driver.
Warning: Wire bp_fe_pc_gen_56_22_64_9_5_22_32_10_80000124_1.\pc_gen_fe_o [198] is used but has no driver.
Warning: Wire bp_fe_pc_gen_56_22_64_9_5_22_32_10_80000124_1.\pc_gen_fe_o [197] is used but has no driver.
Warning: Wire bp_fe_pc_gen_56_22_64_9_5_22_32_10_80000124_1.\pc_gen_fe_o [196] is used but has no driver.
Warning: Wire bp_fe_pc_gen_56_22_64_9_5_22_32_10_80000124_1.\pc_gen_fe_o [195] is used but has no driver.
Warning: Wire bp_fe_pc_gen_56_22_64_9_5_22_32_10_80000124_1.\pc_gen_fe_o [194] is used but has no driver.
Warning: Wire bp_fe_pc_gen_56_22_64_9_5_22_32_10_80000124_1.\pc_gen_fe_o [193] is used but has no driver.
Warning: Wire bp_fe_pc_gen_56_22_64_9_5_22_32_10_80000124_1.\pc_gen_fe_o [192] is used but has no driver.
Warning: Wire bp_fe_pc_gen_56_22_64_9_5_22_32_10_80000124_1.\pc_gen_fe_o [191] is used but has no driver.
Warning: Wire bp_fe_pc_gen_56_22_64_9_5_22_32_10_80000124_1.\pc_gen_fe_o [190] is used but has no driver.
Warning: Wire bp_fe_pc_gen_56_22_64_9_5_22_32_10_80000124_1.\pc_gen_fe_o [189] is used but has no driver.
Warning: Wire bp_fe_pc_gen_56_22_64_9_5_22_32_10_80000124_1.\pc_gen_fe_o [188] is used but has no driver.
Warning: Wire bp_fe_pc_gen_56_22_64_9_5_22_32_10_80000124_1.\pc_gen_fe_o [187] is used but has no driver.
Warning: Wire bp_fe_pc_gen_56_22_64_9_5_22_32_10_80000124_1.\pc_gen_fe_o [186] is used but has no driver.
Warning: Wire bp_fe_pc_gen_56_22_64_9_5_22_32_10_80000124_1.\pc_gen_fe_o [185] is used but has no driver.
Warning: Wire bp_fe_pc_gen_56_22_64_9_5_22_32_10_80000124_1.\pc_gen_fe_o [184] is used but has no driver.
Warning: Wire bp_fe_pc_gen_56_22_64_9_5_22_32_10_80000124_1.\pc_gen_fe_o [183] is used but has no driver.
Warning: Wire bp_fe_pc_gen_56_22_64_9_5_22_32_10_80000124_1.\pc_gen_fe_o [182] is used but has no driver.
Warning: Wire bp_fe_pc_gen_56_22_64_9_5_22_32_10_80000124_1.\pc_gen_fe_o [181] is used but has no driver.
Warning: Wire bp_fe_pc_gen_56_22_64_9_5_22_32_10_80000124_1.\pc_gen_fe_o [180] is used but has no driver.
Warning: Wire bp_fe_pc_gen_56_22_64_9_5_22_32_10_80000124_1.\pc_gen_fe_o [179] is used but has no driver.
Warning: Wire bp_fe_pc_gen_56_22_64_9_5_22_32_10_80000124_1.\pc_gen_fe_o [178] is used but has no driver.
Warning: Wire bp_fe_pc_gen_56_22_64_9_5_22_32_10_80000124_1.\pc_gen_fe_o [177] is used but has no driver.
Warning: Wire bp_fe_pc_gen_56_22_64_9_5_22_32_10_80000124_1.\pc_gen_fe_o [176] is used but has no driver.
Warning: Wire bp_fe_pc_gen_56_22_64_9_5_22_32_10_80000124_1.\pc_gen_fe_o [175] is used but has no driver.
Warning: Wire bp_fe_pc_gen_56_22_64_9_5_22_32_10_80000124_1.\pc_gen_fe_o [174] is used but has no driver.
Warning: Wire bp_fe_pc_gen_56_22_64_9_5_22_32_10_80000124_1.\pc_gen_fe_o [173] is used but has no driver.
Warning: Wire bp_fe_pc_gen_56_22_64_9_5_22_32_10_80000124_1.\pc_gen_fe_o [172] is used but has no driver.
Warning: Wire bp_fe_pc_gen_56_22_64_9_5_22_32_10_80000124_1.\pc_gen_fe_o [171] is used but has no driver.
Warning: Wire bp_fe_pc_gen_56_22_64_9_5_22_32_10_80000124_1.\pc_gen_fe_o [170] is used but has no driver.
Warning: Wire bp_fe_pc_gen_56_22_64_9_5_22_32_10_80000124_1.\pc_gen_fe_o [169] is used but has no driver.
Warning: Wire bp_fe_pc_gen_56_22_64_9_5_22_32_10_80000124_1.\pc_gen_fe_o [168] is used but has no driver.
Warning: Wire bp_fe_pc_gen_56_22_64_9_5_22_32_10_80000124_1.\pc_gen_fe_o [167] is used but has no driver.
Warning: Wire bp_fe_pc_gen_56_22_64_9_5_22_32_10_80000124_1.\pc_gen_fe_o [166] is used but has no driver.
Warning: Wire bp_fe_pc_gen_56_22_64_9_5_22_32_10_80000124_1.\pc_gen_fe_o [165] is used but has no driver.
Warning: Wire bp_fe_pc_gen_56_22_64_9_5_22_32_10_80000124_1.\pc_gen_fe_o [164] is used but has no driver.
Warning: Wire bp_fe_pc_gen_56_22_64_9_5_22_32_10_80000124_1.\pc_gen_fe_o [163] is used but has no driver.
Warning: Wire bp_fe_pc_gen_56_22_64_9_5_22_32_10_80000124_1.\pc_gen_fe_o [162] is used but has no driver.
Warning: Wire bp_fe_pc_gen_56_22_64_9_5_22_32_10_80000124_1.\pc_gen_fe_o [161] is used but has no driver.
Warning: Wire bp_fe_pc_gen_56_22_64_9_5_22_32_10_80000124_1.\pc_gen_fe_o [160] is used but has no driver.
Warning: Wire bp_fe_pc_gen_56_22_64_9_5_22_32_10_80000124_1.\pc_gen_fe_o [159] is used but has no driver.
Warning: Wire bp_fe_pc_gen_56_22_64_9_5_22_32_10_80000124_1.\pc_gen_fe_o [158] is used but has no driver.
Warning: Wire bp_fe_pc_gen_56_22_64_9_5_22_32_10_80000124_1.\pc_gen_fe_o [157] is used but has no driver.
Warning: Wire bp_fe_pc_gen_56_22_64_9_5_22_32_10_80000124_1.\pc_gen_fe_o [156] is used but has no driver.
Warning: Wire bp_fe_pc_gen_56_22_64_9_5_22_32_10_80000124_1.\pc_gen_fe_o [155] is used but has no driver.
Warning: Wire bp_fe_pc_gen_56_22_64_9_5_22_32_10_80000124_1.\pc_gen_fe_o [154] is used but has no driver.
Warning: Wire bp_fe_pc_gen_56_22_64_9_5_22_32_10_80000124_1.\pc_gen_fe_o [153] is used but has no driver.
Warning: Wire bp_fe_pc_gen_56_22_64_9_5_22_32_10_80000124_1.\pc_gen_fe_o [152] is used but has no driver.
Warning: Wire bp_fe_pc_gen_56_22_64_9_5_22_32_10_80000124_1.\pc_gen_fe_o [151] is used but has no driver.
Warning: Wire bp_fe_pc_gen_56_22_64_9_5_22_32_10_80000124_1.\pc_gen_fe_o [150] is used but has no driver.
Warning: Wire bp_fe_pc_gen_56_22_64_9_5_22_32_10_80000124_1.\pc_gen_fe_o [149] is used but has no driver.
Warning: Wire bp_fe_pc_gen_56_22_64_9_5_22_32_10_80000124_1.\pc_gen_fe_o [148] is used but has no driver.
Warning: Wire bp_fe_pc_gen_56_22_64_9_5_22_32_10_80000124_1.\pc_gen_fe_o [147] is used but has no driver.
Warning: Wire bp_fe_pc_gen_56_22_64_9_5_22_32_10_80000124_1.\pc_gen_fe_o [146] is used but has no driver.
Warning: Wire bp_fe_pc_gen_56_22_64_9_5_22_32_10_80000124_1.\pc_gen_fe_o [145] is used but has no driver.
Warning: Wire bp_fe_pc_gen_56_22_64_9_5_22_32_10_80000124_1.\pc_gen_fe_o [144] is used but has no driver.
Warning: Wire bp_fe_pc_gen_56_22_64_9_5_22_32_10_80000124_1.\pc_gen_fe_o [143] is used but has no driver.
Warning: Wire bp_fe_pc_gen_56_22_64_9_5_22_32_10_80000124_1.\pc_gen_fe_o [142] is used but has no driver.
Warning: Wire bp_fe_pc_gen_56_22_64_9_5_22_32_10_80000124_1.\pc_gen_fe_o [141] is used but has no driver.
Warning: Wire bp_fe_pc_gen_56_22_64_9_5_22_32_10_80000124_1.\pc_gen_fe_o [140] is used but has no driver.
Warning: Wire bp_fe_pc_gen_56_22_64_9_5_22_32_10_80000124_1.\pc_gen_fe_o [139] is used but has no driver.
Warning: Wire bp_fe_pc_gen_56_22_64_9_5_22_32_10_80000124_1.\pc_gen_fe_o [138] is used but has no driver.
Warning: Wire bp_fe_pc_gen_56_22_64_9_5_22_32_10_80000124_1.\pc_gen_fe_o [137] is used but has no driver.
Warning: Wire bp_fe_pc_gen_56_22_64_9_5_22_32_10_80000124_1.\pc_gen_fe_o [136] is used but has no driver.
Warning: Wire bp_fe_pc_gen_56_22_64_9_5_22_32_10_80000124_1.\pc_gen_fe_o [135] is used but has no driver.
Warning: Wire bp_fe_pc_gen_56_22_64_9_5_22_32_10_80000124_1.\pc_gen_fe_o [134] is used but has no driver.
Warning: Wire bp_fe_pc_gen_56_22_64_9_5_22_32_10_80000124_1.\pc_gen_fe_o [133] is used but has no driver.
Warning: Wire itlb_vaddr_width_p56_paddr_width_p22_eaddr_width_p64_btb_indx_width_p9_bht_indx_width_p5_ras_addr_width_p22_asid_width_p10_ppn_start_bit_p12_tag_width_p10.\itlb_fe_o [133] is used but has no driver.
Warning: Wire itlb_vaddr_width_p56_paddr_width_p22_eaddr_width_p64_btb_indx_width_p9_bht_indx_width_p5_ras_addr_width_p22_asid_width_p10_ppn_start_bit_p12_tag_width_p10.\itlb_fe_o [132] is used but has no driver.
Warning: Wire itlb_vaddr_width_p56_paddr_width_p22_eaddr_width_p64_btb_indx_width_p9_bht_indx_width_p5_ras_addr_width_p22_asid_width_p10_ppn_start_bit_p12_tag_width_p10.\itlb_fe_o [131] is used but has no driver.
Warning: Wire itlb_vaddr_width_p56_paddr_width_p22_eaddr_width_p64_btb_indx_width_p9_bht_indx_width_p5_ras_addr_width_p22_asid_width_p10_ppn_start_bit_p12_tag_width_p10.\itlb_fe_o [130] is used but has no driver.
Warning: Wire itlb_vaddr_width_p56_paddr_width_p22_eaddr_width_p64_btb_indx_width_p9_bht_indx_width_p5_ras_addr_width_p22_asid_width_p10_ppn_start_bit_p12_tag_width_p10.\itlb_fe_o [129] is used but has no driver.
Warning: Wire itlb_vaddr_width_p56_paddr_width_p22_eaddr_width_p64_btb_indx_width_p9_bht_indx_width_p5_ras_addr_width_p22_asid_width_p10_ppn_start_bit_p12_tag_width_p10.\itlb_fe_o [128] is used but has no driver.
Warning: Wire itlb_vaddr_width_p56_paddr_width_p22_eaddr_width_p64_btb_indx_width_p9_bht_indx_width_p5_ras_addr_width_p22_asid_width_p10_ppn_start_bit_p12_tag_width_p10.\itlb_fe_o [127] is used but has no driver.
Warning: Wire itlb_vaddr_width_p56_paddr_width_p22_eaddr_width_p64_btb_indx_width_p9_bht_indx_width_p5_ras_addr_width_p22_asid_width_p10_ppn_start_bit_p12_tag_width_p10.\itlb_fe_o [126] is used but has no driver.
Warning: Wire itlb_vaddr_width_p56_paddr_width_p22_eaddr_width_p64_btb_indx_width_p9_bht_indx_width_p5_ras_addr_width_p22_asid_width_p10_ppn_start_bit_p12_tag_width_p10.\itlb_fe_o [125] is used but has no driver.
Warning: Wire itlb_vaddr_width_p56_paddr_width_p22_eaddr_width_p64_btb_indx_width_p9_bht_indx_width_p5_ras_addr_width_p22_asid_width_p10_ppn_start_bit_p12_tag_width_p10.\itlb_fe_o [124] is used but has no driver.
Warning: Wire itlb_vaddr_width_p56_paddr_width_p22_eaddr_width_p64_btb_indx_width_p9_bht_indx_width_p5_ras_addr_width_p22_asid_width_p10_ppn_start_bit_p12_tag_width_p10.\itlb_fe_o [123] is used but has no driver.
Warning: Wire itlb_vaddr_width_p56_paddr_width_p22_eaddr_width_p64_btb_indx_width_p9_bht_indx_width_p5_ras_addr_width_p22_asid_width_p10_ppn_start_bit_p12_tag_width_p10.\itlb_fe_o [122] is used but has no driver.
Warning: Wire itlb_vaddr_width_p56_paddr_width_p22_eaddr_width_p64_btb_indx_width_p9_bht_indx_width_p5_ras_addr_width_p22_asid_width_p10_ppn_start_bit_p12_tag_width_p10.\itlb_fe_o [121] is used but has no driver.
Warning: Wire itlb_vaddr_width_p56_paddr_width_p22_eaddr_width_p64_btb_indx_width_p9_bht_indx_width_p5_ras_addr_width_p22_asid_width_p10_ppn_start_bit_p12_tag_width_p10.\itlb_fe_o [120] is used but has no driver.
Warning: Wire itlb_vaddr_width_p56_paddr_width_p22_eaddr_width_p64_btb_indx_width_p9_bht_indx_width_p5_ras_addr_width_p22_asid_width_p10_ppn_start_bit_p12_tag_width_p10.\itlb_fe_o [119] is used but has no driver.
Warning: Wire itlb_vaddr_width_p56_paddr_width_p22_eaddr_width_p64_btb_indx_width_p9_bht_indx_width_p5_ras_addr_width_p22_asid_width_p10_ppn_start_bit_p12_tag_width_p10.\itlb_fe_o [118] is used but has no driver.
Warning: Wire itlb_vaddr_width_p56_paddr_width_p22_eaddr_width_p64_btb_indx_width_p9_bht_indx_width_p5_ras_addr_width_p22_asid_width_p10_ppn_start_bit_p12_tag_width_p10.\itlb_fe_o [117] is used but has no driver.
Warning: Wire itlb_vaddr_width_p56_paddr_width_p22_eaddr_width_p64_btb_indx_width_p9_bht_indx_width_p5_ras_addr_width_p22_asid_width_p10_ppn_start_bit_p12_tag_width_p10.\itlb_fe_o [116] is used but has no driver.
Warning: Wire itlb_vaddr_width_p56_paddr_width_p22_eaddr_width_p64_btb_indx_width_p9_bht_indx_width_p5_ras_addr_width_p22_asid_width_p10_ppn_start_bit_p12_tag_width_p10.\itlb_fe_o [115] is used but has no driver.
Warning: Wire itlb_vaddr_width_p56_paddr_width_p22_eaddr_width_p64_btb_indx_width_p9_bht_indx_width_p5_ras_addr_width_p22_asid_width_p10_ppn_start_bit_p12_tag_width_p10.\itlb_fe_o [114] is used but has no driver.
Warning: Wire itlb_vaddr_width_p56_paddr_width_p22_eaddr_width_p64_btb_indx_width_p9_bht_indx_width_p5_ras_addr_width_p22_asid_width_p10_ppn_start_bit_p12_tag_width_p10.\itlb_fe_o [113] is used but has no driver.
Warning: Wire itlb_vaddr_width_p56_paddr_width_p22_eaddr_width_p64_btb_indx_width_p9_bht_indx_width_p5_ras_addr_width_p22_asid_width_p10_ppn_start_bit_p12_tag_width_p10.\itlb_fe_o [112] is used but has no driver.
Warning: Wire itlb_vaddr_width_p56_paddr_width_p22_eaddr_width_p64_btb_indx_width_p9_bht_indx_width_p5_ras_addr_width_p22_asid_width_p10_ppn_start_bit_p12_tag_width_p10.\itlb_fe_o [111] is used but has no driver.
Warning: Wire itlb_vaddr_width_p56_paddr_width_p22_eaddr_width_p64_btb_indx_width_p9_bht_indx_width_p5_ras_addr_width_p22_asid_width_p10_ppn_start_bit_p12_tag_width_p10.\itlb_fe_o [110] is used but has no driver.
Warning: Wire itlb_vaddr_width_p56_paddr_width_p22_eaddr_width_p64_btb_indx_width_p9_bht_indx_width_p5_ras_addr_width_p22_asid_width_p10_ppn_start_bit_p12_tag_width_p10.\itlb_fe_o [109] is used but has no driver.
Warning: Wire itlb_vaddr_width_p56_paddr_width_p22_eaddr_width_p64_btb_indx_width_p9_bht_indx_width_p5_ras_addr_width_p22_asid_width_p10_ppn_start_bit_p12_tag_width_p10.\itlb_fe_o [108] is used but has no driver.
Warning: Wire itlb_vaddr_width_p56_paddr_width_p22_eaddr_width_p64_btb_indx_width_p9_bht_indx_width_p5_ras_addr_width_p22_asid_width_p10_ppn_start_bit_p12_tag_width_p10.\itlb_fe_o [107] is used but has no driver.
Warning: Wire itlb_vaddr_width_p56_paddr_width_p22_eaddr_width_p64_btb_indx_width_p9_bht_indx_width_p5_ras_addr_width_p22_asid_width_p10_ppn_start_bit_p12_tag_width_p10.\itlb_fe_o [106] is used but has no driver.
Warning: Wire itlb_vaddr_width_p56_paddr_width_p22_eaddr_width_p64_btb_indx_width_p9_bht_indx_width_p5_ras_addr_width_p22_asid_width_p10_ppn_start_bit_p12_tag_width_p10.\itlb_fe_o [105] is used but has no driver.
Warning: Wire itlb_vaddr_width_p56_paddr_width_p22_eaddr_width_p64_btb_indx_width_p9_bht_indx_width_p5_ras_addr_width_p22_asid_width_p10_ppn_start_bit_p12_tag_width_p10.\itlb_fe_o [104] is used but has no driver.
Warning: Wire itlb_vaddr_width_p56_paddr_width_p22_eaddr_width_p64_btb_indx_width_p9_bht_indx_width_p5_ras_addr_width_p22_asid_width_p10_ppn_start_bit_p12_tag_width_p10.\itlb_fe_o [103] is used but has no driver.
Warning: Wire itlb_vaddr_width_p56_paddr_width_p22_eaddr_width_p64_btb_indx_width_p9_bht_indx_width_p5_ras_addr_width_p22_asid_width_p10_ppn_start_bit_p12_tag_width_p10.\itlb_fe_o [102] is used but has no driver.
Warning: Wire itlb_vaddr_width_p56_paddr_width_p22_eaddr_width_p64_btb_indx_width_p9_bht_indx_width_p5_ras_addr_width_p22_asid_width_p10_ppn_start_bit_p12_tag_width_p10.\itlb_fe_o [101] is used but has no driver.
Warning: Wire itlb_vaddr_width_p56_paddr_width_p22_eaddr_width_p64_btb_indx_width_p9_bht_indx_width_p5_ras_addr_width_p22_asid_width_p10_ppn_start_bit_p12_tag_width_p10.\itlb_fe_o [100] is used but has no driver.
Warning: Wire itlb_vaddr_width_p56_paddr_width_p22_eaddr_width_p64_btb_indx_width_p9_bht_indx_width_p5_ras_addr_width_p22_asid_width_p10_ppn_start_bit_p12_tag_width_p10.\itlb_fe_o [99] is used but has no driver.
Warning: Wire itlb_vaddr_width_p56_paddr_width_p22_eaddr_width_p64_btb_indx_width_p9_bht_indx_width_p5_ras_addr_width_p22_asid_width_p10_ppn_start_bit_p12_tag_width_p10.\itlb_fe_o [98] is used but has no driver.
Warning: Wire itlb_vaddr_width_p56_paddr_width_p22_eaddr_width_p64_btb_indx_width_p9_bht_indx_width_p5_ras_addr_width_p22_asid_width_p10_ppn_start_bit_p12_tag_width_p10.\itlb_fe_o [97] is used but has no driver.
Warning: Wire itlb_vaddr_width_p56_paddr_width_p22_eaddr_width_p64_btb_indx_width_p9_bht_indx_width_p5_ras_addr_width_p22_asid_width_p10_ppn_start_bit_p12_tag_width_p10.\itlb_fe_o [96] is used but has no driver.
Warning: Wire itlb_vaddr_width_p56_paddr_width_p22_eaddr_width_p64_btb_indx_width_p9_bht_indx_width_p5_ras_addr_width_p22_asid_width_p10_ppn_start_bit_p12_tag_width_p10.\itlb_fe_o [95] is used but has no driver.
Warning: Wire itlb_vaddr_width_p56_paddr_width_p22_eaddr_width_p64_btb_indx_width_p9_bht_indx_width_p5_ras_addr_width_p22_asid_width_p10_ppn_start_bit_p12_tag_width_p10.\itlb_fe_o [94] is used but has no driver.
Warning: Wire itlb_vaddr_width_p56_paddr_width_p22_eaddr_width_p64_btb_indx_width_p9_bht_indx_width_p5_ras_addr_width_p22_asid_width_p10_ppn_start_bit_p12_tag_width_p10.\itlb_fe_o [93] is used but has no driver.
Warning: Wire itlb_vaddr_width_p56_paddr_width_p22_eaddr_width_p64_btb_indx_width_p9_bht_indx_width_p5_ras_addr_width_p22_asid_width_p10_ppn_start_bit_p12_tag_width_p10.\itlb_fe_o [92] is used but has no driver.
Warning: Wire itlb_vaddr_width_p56_paddr_width_p22_eaddr_width_p64_btb_indx_width_p9_bht_indx_width_p5_ras_addr_width_p22_asid_width_p10_ppn_start_bit_p12_tag_width_p10.\itlb_fe_o [91] is used but has no driver.
Warning: Wire itlb_vaddr_width_p56_paddr_width_p22_eaddr_width_p64_btb_indx_width_p9_bht_indx_width_p5_ras_addr_width_p22_asid_width_p10_ppn_start_bit_p12_tag_width_p10.\itlb_fe_o [90] is used but has no driver.
Warning: Wire itlb_vaddr_width_p56_paddr_width_p22_eaddr_width_p64_btb_indx_width_p9_bht_indx_width_p5_ras_addr_width_p22_asid_width_p10_ppn_start_bit_p12_tag_width_p10.\itlb_fe_o [89] is used but has no driver.
Warning: Wire itlb_vaddr_width_p56_paddr_width_p22_eaddr_width_p64_btb_indx_width_p9_bht_indx_width_p5_ras_addr_width_p22_asid_width_p10_ppn_start_bit_p12_tag_width_p10.\itlb_fe_o [88] is used but has no driver.
Warning: Wire itlb_vaddr_width_p56_paddr_width_p22_eaddr_width_p64_btb_indx_width_p9_bht_indx_width_p5_ras_addr_width_p22_asid_width_p10_ppn_start_bit_p12_tag_width_p10.\itlb_fe_o [87] is used but has no driver.
Warning: Wire itlb_vaddr_width_p56_paddr_width_p22_eaddr_width_p64_btb_indx_width_p9_bht_indx_width_p5_ras_addr_width_p22_asid_width_p10_ppn_start_bit_p12_tag_width_p10.\itlb_fe_o [86] is used but has no driver.
Warning: Wire itlb_vaddr_width_p56_paddr_width_p22_eaddr_width_p64_btb_indx_width_p9_bht_indx_width_p5_ras_addr_width_p22_asid_width_p10_ppn_start_bit_p12_tag_width_p10.\itlb_fe_o [85] is used but has no driver.
Warning: Wire itlb_vaddr_width_p56_paddr_width_p22_eaddr_width_p64_btb_indx_width_p9_bht_indx_width_p5_ras_addr_width_p22_asid_width_p10_ppn_start_bit_p12_tag_width_p10.\itlb_fe_o [84] is used but has no driver.
Warning: Wire itlb_vaddr_width_p56_paddr_width_p22_eaddr_width_p64_btb_indx_width_p9_bht_indx_width_p5_ras_addr_width_p22_asid_width_p10_ppn_start_bit_p12_tag_width_p10.\itlb_fe_o [83] is used but has no driver.
Warning: Wire itlb_vaddr_width_p56_paddr_width_p22_eaddr_width_p64_btb_indx_width_p9_bht_indx_width_p5_ras_addr_width_p22_asid_width_p10_ppn_start_bit_p12_tag_width_p10.\itlb_fe_o [82] is used but has no driver.
Warning: Wire itlb_vaddr_width_p56_paddr_width_p22_eaddr_width_p64_btb_indx_width_p9_bht_indx_width_p5_ras_addr_width_p22_asid_width_p10_ppn_start_bit_p12_tag_width_p10.\itlb_fe_o [81] is used but has no driver.
Warning: Wire itlb_vaddr_width_p56_paddr_width_p22_eaddr_width_p64_btb_indx_width_p9_bht_indx_width_p5_ras_addr_width_p22_asid_width_p10_ppn_start_bit_p12_tag_width_p10.\itlb_fe_o [80] is used but has no driver.
Warning: Wire itlb_vaddr_width_p56_paddr_width_p22_eaddr_width_p64_btb_indx_width_p9_bht_indx_width_p5_ras_addr_width_p22_asid_width_p10_ppn_start_bit_p12_tag_width_p10.\itlb_fe_o [79] is used but has no driver.
Warning: Wire itlb_vaddr_width_p56_paddr_width_p22_eaddr_width_p64_btb_indx_width_p9_bht_indx_width_p5_ras_addr_width_p22_asid_width_p10_ppn_start_bit_p12_tag_width_p10.\itlb_fe_o [78] is used but has no driver.
Warning: Wire itlb_vaddr_width_p56_paddr_width_p22_eaddr_width_p64_btb_indx_width_p9_bht_indx_width_p5_ras_addr_width_p22_asid_width_p10_ppn_start_bit_p12_tag_width_p10.\itlb_fe_o [77] is used but has no driver.
Warning: Wire itlb_vaddr_width_p56_paddr_width_p22_eaddr_width_p64_btb_indx_width_p9_bht_indx_width_p5_ras_addr_width_p22_asid_width_p10_ppn_start_bit_p12_tag_width_p10.\itlb_fe_o [76] is used but has no driver.
Warning: Wire itlb_vaddr_width_p56_paddr_width_p22_eaddr_width_p64_btb_indx_width_p9_bht_indx_width_p5_ras_addr_width_p22_asid_width_p10_ppn_start_bit_p12_tag_width_p10.\itlb_fe_o [75] is used but has no driver.
Warning: Wire itlb_vaddr_width_p56_paddr_width_p22_eaddr_width_p64_btb_indx_width_p9_bht_indx_width_p5_ras_addr_width_p22_asid_width_p10_ppn_start_bit_p12_tag_width_p10.\itlb_fe_o [74] is used but has no driver.
Warning: Wire itlb_vaddr_width_p56_paddr_width_p22_eaddr_width_p64_btb_indx_width_p9_bht_indx_width_p5_ras_addr_width_p22_asid_width_p10_ppn_start_bit_p12_tag_width_p10.\itlb_fe_o [73] is used but has no driver.
Warning: Wire itlb_vaddr_width_p56_paddr_width_p22_eaddr_width_p64_btb_indx_width_p9_bht_indx_width_p5_ras_addr_width_p22_asid_width_p10_ppn_start_bit_p12_tag_width_p10.\itlb_fe_o [72] is used but has no driver.
Warning: Wire itlb_vaddr_width_p56_paddr_width_p22_eaddr_width_p64_btb_indx_width_p9_bht_indx_width_p5_ras_addr_width_p22_asid_width_p10_ppn_start_bit_p12_tag_width_p10.\itlb_fe_o [71] is used but has no driver.
Warning: Wire itlb_vaddr_width_p56_paddr_width_p22_eaddr_width_p64_btb_indx_width_p9_bht_indx_width_p5_ras_addr_width_p22_asid_width_p10_ppn_start_bit_p12_tag_width_p10.\itlb_fe_o [70] is used but has no driver.
Warning: Wire itlb_vaddr_width_p56_paddr_width_p22_eaddr_width_p64_btb_indx_width_p9_bht_indx_width_p5_ras_addr_width_p22_asid_width_p10_ppn_start_bit_p12_tag_width_p10.\itlb_fe_o [69] is used but has no driver.
Warning: Wire itlb_vaddr_width_p56_paddr_width_p22_eaddr_width_p64_btb_indx_width_p9_bht_indx_width_p5_ras_addr_width_p22_asid_width_p10_ppn_start_bit_p12_tag_width_p10.\itlb_fe_o [68] is used but has no driver.
Warning: Wire itlb_vaddr_width_p56_paddr_width_p22_eaddr_width_p64_btb_indx_width_p9_bht_indx_width_p5_ras_addr_width_p22_asid_width_p10_ppn_start_bit_p12_tag_width_p10.\itlb_fe_o [67] is used but has no driver.
Warning: Wire itlb_vaddr_width_p56_paddr_width_p22_eaddr_width_p64_btb_indx_width_p9_bht_indx_width_p5_ras_addr_width_p22_asid_width_p10_ppn_start_bit_p12_tag_width_p10.\itlb_fe_o [66] is used but has no driver.
Warning: Wire itlb_vaddr_width_p56_paddr_width_p22_eaddr_width_p64_btb_indx_width_p9_bht_indx_width_p5_ras_addr_width_p22_asid_width_p10_ppn_start_bit_p12_tag_width_p10.\itlb_fe_o [65] is used but has no driver.
Warning: Wire itlb_vaddr_width_p56_paddr_width_p22_eaddr_width_p64_btb_indx_width_p9_bht_indx_width_p5_ras_addr_width_p22_asid_width_p10_ppn_start_bit_p12_tag_width_p10.\itlb_fe_o [64] is used but has no driver.
Warning: Wire itlb_vaddr_width_p56_paddr_width_p22_eaddr_width_p64_btb_indx_width_p9_bht_indx_width_p5_ras_addr_width_p22_asid_width_p10_ppn_start_bit_p12_tag_width_p10.\itlb_fe_o [63] is used but has no driver.
Warning: Wire itlb_vaddr_width_p56_paddr_width_p22_eaddr_width_p64_btb_indx_width_p9_bht_indx_width_p5_ras_addr_width_p22_asid_width_p10_ppn_start_bit_p12_tag_width_p10.\itlb_fe_o [62] is used but has no driver.
Warning: Wire itlb_vaddr_width_p56_paddr_width_p22_eaddr_width_p64_btb_indx_width_p9_bht_indx_width_p5_ras_addr_width_p22_asid_width_p10_ppn_start_bit_p12_tag_width_p10.\itlb_fe_o [61] is used but has no driver.
Warning: Wire itlb_vaddr_width_p56_paddr_width_p22_eaddr_width_p64_btb_indx_width_p9_bht_indx_width_p5_ras_addr_width_p22_asid_width_p10_ppn_start_bit_p12_tag_width_p10.\itlb_fe_o [60] is used but has no driver.
Warning: Wire itlb_vaddr_width_p56_paddr_width_p22_eaddr_width_p64_btb_indx_width_p9_bht_indx_width_p5_ras_addr_width_p22_asid_width_p10_ppn_start_bit_p12_tag_width_p10.\itlb_fe_o [59] is used but has no driver.
Warning: Wire itlb_vaddr_width_p56_paddr_width_p22_eaddr_width_p64_btb_indx_width_p9_bht_indx_width_p5_ras_addr_width_p22_asid_width_p10_ppn_start_bit_p12_tag_width_p10.\itlb_fe_o [58] is used but has no driver.
Warning: Wire itlb_vaddr_width_p56_paddr_width_p22_eaddr_width_p64_btb_indx_width_p9_bht_indx_width_p5_ras_addr_width_p22_asid_width_p10_ppn_start_bit_p12_tag_width_p10.\itlb_fe_o [57] is used but has no driver.
Warning: Wire itlb_vaddr_width_p56_paddr_width_p22_eaddr_width_p64_btb_indx_width_p9_bht_indx_width_p5_ras_addr_width_p22_asid_width_p10_ppn_start_bit_p12_tag_width_p10.\itlb_fe_o [56] is used but has no driver.
Warning: Wire itlb_vaddr_width_p56_paddr_width_p22_eaddr_width_p64_btb_indx_width_p9_bht_indx_width_p5_ras_addr_width_p22_asid_width_p10_ppn_start_bit_p12_tag_width_p10.\itlb_fe_o [55] is used but has no driver.
Warning: Wire itlb_vaddr_width_p56_paddr_width_p22_eaddr_width_p64_btb_indx_width_p9_bht_indx_width_p5_ras_addr_width_p22_asid_width_p10_ppn_start_bit_p12_tag_width_p10.\itlb_fe_o [54] is used but has no driver.
Warning: Wire itlb_vaddr_width_p56_paddr_width_p22_eaddr_width_p64_btb_indx_width_p9_bht_indx_width_p5_ras_addr_width_p22_asid_width_p10_ppn_start_bit_p12_tag_width_p10.\itlb_fe_o [53] is used but has no driver.
Warning: Wire itlb_vaddr_width_p56_paddr_width_p22_eaddr_width_p64_btb_indx_width_p9_bht_indx_width_p5_ras_addr_width_p22_asid_width_p10_ppn_start_bit_p12_tag_width_p10.\itlb_fe_o [52] is used but has no driver.
Warning: Wire itlb_vaddr_width_p56_paddr_width_p22_eaddr_width_p64_btb_indx_width_p9_bht_indx_width_p5_ras_addr_width_p22_asid_width_p10_ppn_start_bit_p12_tag_width_p10.\itlb_fe_o [51] is used but has no driver.
Warning: Wire itlb_vaddr_width_p56_paddr_width_p22_eaddr_width_p64_btb_indx_width_p9_bht_indx_width_p5_ras_addr_width_p22_asid_width_p10_ppn_start_bit_p12_tag_width_p10.\itlb_fe_o [50] is used but has no driver.
Warning: Wire itlb_vaddr_width_p56_paddr_width_p22_eaddr_width_p64_btb_indx_width_p9_bht_indx_width_p5_ras_addr_width_p22_asid_width_p10_ppn_start_bit_p12_tag_width_p10.\itlb_fe_o [49] is used but has no driver.
Warning: Wire itlb_vaddr_width_p56_paddr_width_p22_eaddr_width_p64_btb_indx_width_p9_bht_indx_width_p5_ras_addr_width_p22_asid_width_p10_ppn_start_bit_p12_tag_width_p10.\itlb_fe_o [48] is used but has no driver.
Warning: Wire itlb_vaddr_width_p56_paddr_width_p22_eaddr_width_p64_btb_indx_width_p9_bht_indx_width_p5_ras_addr_width_p22_asid_width_p10_ppn_start_bit_p12_tag_width_p10.\itlb_fe_o [47] is used but has no driver.
Warning: Wire itlb_vaddr_width_p56_paddr_width_p22_eaddr_width_p64_btb_indx_width_p9_bht_indx_width_p5_ras_addr_width_p22_asid_width_p10_ppn_start_bit_p12_tag_width_p10.\itlb_fe_o [46] is used but has no driver.
Warning: Wire itlb_vaddr_width_p56_paddr_width_p22_eaddr_width_p64_btb_indx_width_p9_bht_indx_width_p5_ras_addr_width_p22_asid_width_p10_ppn_start_bit_p12_tag_width_p10.\itlb_fe_o [45] is used but has no driver.
Warning: Wire itlb_vaddr_width_p56_paddr_width_p22_eaddr_width_p64_btb_indx_width_p9_bht_indx_width_p5_ras_addr_width_p22_asid_width_p10_ppn_start_bit_p12_tag_width_p10.\itlb_fe_o [44] is used but has no driver.
Warning: Wire itlb_vaddr_width_p56_paddr_width_p22_eaddr_width_p64_btb_indx_width_p9_bht_indx_width_p5_ras_addr_width_p22_asid_width_p10_ppn_start_bit_p12_tag_width_p10.\itlb_fe_o [43] is used but has no driver.
Warning: Wire itlb_vaddr_width_p56_paddr_width_p22_eaddr_width_p64_btb_indx_width_p9_bht_indx_width_p5_ras_addr_width_p22_asid_width_p10_ppn_start_bit_p12_tag_width_p10.\itlb_fe_o [42] is used but has no driver.
Warning: Wire itlb_vaddr_width_p56_paddr_width_p22_eaddr_width_p64_btb_indx_width_p9_bht_indx_width_p5_ras_addr_width_p22_asid_width_p10_ppn_start_bit_p12_tag_width_p10.\itlb_fe_o [41] is used but has no driver.
Warning: Wire itlb_vaddr_width_p56_paddr_width_p22_eaddr_width_p64_btb_indx_width_p9_bht_indx_width_p5_ras_addr_width_p22_asid_width_p10_ppn_start_bit_p12_tag_width_p10.\itlb_fe_o [40] is used but has no driver.
Warning: Wire itlb_vaddr_width_p56_paddr_width_p22_eaddr_width_p64_btb_indx_width_p9_bht_indx_width_p5_ras_addr_width_p22_asid_width_p10_ppn_start_bit_p12_tag_width_p10.\itlb_fe_o [39] is used but has no driver.
Warning: Wire itlb_vaddr_width_p56_paddr_width_p22_eaddr_width_p64_btb_indx_width_p9_bht_indx_width_p5_ras_addr_width_p22_asid_width_p10_ppn_start_bit_p12_tag_width_p10.\itlb_fe_o [38] is used but has no driver.
Warning: Wire itlb_vaddr_width_p56_paddr_width_p22_eaddr_width_p64_btb_indx_width_p9_bht_indx_width_p5_ras_addr_width_p22_asid_width_p10_ppn_start_bit_p12_tag_width_p10.\itlb_fe_o [37] is used but has no driver.
Warning: Wire itlb_vaddr_width_p56_paddr_width_p22_eaddr_width_p64_btb_indx_width_p9_bht_indx_width_p5_ras_addr_width_p22_asid_width_p10_ppn_start_bit_p12_tag_width_p10.\itlb_fe_o [36] is used but has no driver.
Warning: Wire itlb_vaddr_width_p56_paddr_width_p22_eaddr_width_p64_btb_indx_width_p9_bht_indx_width_p5_ras_addr_width_p22_asid_width_p10_ppn_start_bit_p12_tag_width_p10.\itlb_fe_o [35] is used but has no driver.
Warning: Wire itlb_vaddr_width_p56_paddr_width_p22_eaddr_width_p64_btb_indx_width_p9_bht_indx_width_p5_ras_addr_width_p22_asid_width_p10_ppn_start_bit_p12_tag_width_p10.\itlb_fe_o [34] is used but has no driver.
Warning: Wire itlb_vaddr_width_p56_paddr_width_p22_eaddr_width_p64_btb_indx_width_p9_bht_indx_width_p5_ras_addr_width_p22_asid_width_p10_ppn_start_bit_p12_tag_width_p10.\itlb_fe_o [33] is used but has no driver.
Warning: Wire itlb_vaddr_width_p56_paddr_width_p22_eaddr_width_p64_btb_indx_width_p9_bht_indx_width_p5_ras_addr_width_p22_asid_width_p10_ppn_start_bit_p12_tag_width_p10.\itlb_fe_o [32] is used but has no driver.
Warning: Wire itlb_vaddr_width_p56_paddr_width_p22_eaddr_width_p64_btb_indx_width_p9_bht_indx_width_p5_ras_addr_width_p22_asid_width_p10_ppn_start_bit_p12_tag_width_p10.\itlb_fe_o [31] is used but has no driver.
Warning: Wire itlb_vaddr_width_p56_paddr_width_p22_eaddr_width_p64_btb_indx_width_p9_bht_indx_width_p5_ras_addr_width_p22_asid_width_p10_ppn_start_bit_p12_tag_width_p10.\itlb_fe_o [30] is used but has no driver.
Warning: Wire itlb_vaddr_width_p56_paddr_width_p22_eaddr_width_p64_btb_indx_width_p9_bht_indx_width_p5_ras_addr_width_p22_asid_width_p10_ppn_start_bit_p12_tag_width_p10.\itlb_fe_o [29] is used but has no driver.
Warning: Wire itlb_vaddr_width_p56_paddr_width_p22_eaddr_width_p64_btb_indx_width_p9_bht_indx_width_p5_ras_addr_width_p22_asid_width_p10_ppn_start_bit_p12_tag_width_p10.\itlb_fe_o [28] is used but has no driver.
Warning: Wire itlb_vaddr_width_p56_paddr_width_p22_eaddr_width_p64_btb_indx_width_p9_bht_indx_width_p5_ras_addr_width_p22_asid_width_p10_ppn_start_bit_p12_tag_width_p10.\itlb_fe_o [27] is used but has no driver.
Warning: Wire itlb_vaddr_width_p56_paddr_width_p22_eaddr_width_p64_btb_indx_width_p9_bht_indx_width_p5_ras_addr_width_p22_asid_width_p10_ppn_start_bit_p12_tag_width_p10.\itlb_fe_o [26] is used but has no driver.
Warning: Wire itlb_vaddr_width_p56_paddr_width_p22_eaddr_width_p64_btb_indx_width_p9_bht_indx_width_p5_ras_addr_width_p22_asid_width_p10_ppn_start_bit_p12_tag_width_p10.\itlb_fe_o [25] is used but has no driver.
Warning: Wire itlb_vaddr_width_p56_paddr_width_p22_eaddr_width_p64_btb_indx_width_p9_bht_indx_width_p5_ras_addr_width_p22_asid_width_p10_ppn_start_bit_p12_tag_width_p10.\itlb_fe_o [24] is used but has no driver.
Warning: Wire itlb_vaddr_width_p56_paddr_width_p22_eaddr_width_p64_btb_indx_width_p9_bht_indx_width_p5_ras_addr_width_p22_asid_width_p10_ppn_start_bit_p12_tag_width_p10.\itlb_fe_o [23] is used but has no driver.
Warning: Wire itlb_vaddr_width_p56_paddr_width_p22_eaddr_width_p64_btb_indx_width_p9_bht_indx_width_p5_ras_addr_width_p22_asid_width_p10_ppn_start_bit_p12_tag_width_p10.\itlb_fe_o [22] is used but has no driver.
Warning: Wire itlb_vaddr_width_p56_paddr_width_p22_eaddr_width_p64_btb_indx_width_p9_bht_indx_width_p5_ras_addr_width_p22_asid_width_p10_ppn_start_bit_p12_tag_width_p10.\itlb_fe_o [21] is used but has no driver.
Warning: Wire itlb_vaddr_width_p56_paddr_width_p22_eaddr_width_p64_btb_indx_width_p9_bht_indx_width_p5_ras_addr_width_p22_asid_width_p10_ppn_start_bit_p12_tag_width_p10.\itlb_fe_o [20] is used but has no driver.
Warning: Wire itlb_vaddr_width_p56_paddr_width_p22_eaddr_width_p64_btb_indx_width_p9_bht_indx_width_p5_ras_addr_width_p22_asid_width_p10_ppn_start_bit_p12_tag_width_p10.\itlb_fe_o [19] is used but has no driver.
Warning: Wire itlb_vaddr_width_p56_paddr_width_p22_eaddr_width_p64_btb_indx_width_p9_bht_indx_width_p5_ras_addr_width_p22_asid_width_p10_ppn_start_bit_p12_tag_width_p10.\itlb_fe_o [18] is used but has no driver.
Warning: Wire itlb_vaddr_width_p56_paddr_width_p22_eaddr_width_p64_btb_indx_width_p9_bht_indx_width_p5_ras_addr_width_p22_asid_width_p10_ppn_start_bit_p12_tag_width_p10.\itlb_fe_o [17] is used but has no driver.
Warning: Wire itlb_vaddr_width_p56_paddr_width_p22_eaddr_width_p64_btb_indx_width_p9_bht_indx_width_p5_ras_addr_width_p22_asid_width_p10_ppn_start_bit_p12_tag_width_p10.\itlb_fe_o [16] is used but has no driver.
Warning: Wire itlb_vaddr_width_p56_paddr_width_p22_eaddr_width_p64_btb_indx_width_p9_bht_indx_width_p5_ras_addr_width_p22_asid_width_p10_ppn_start_bit_p12_tag_width_p10.\itlb_fe_o [15] is used but has no driver.
Warning: Wire itlb_vaddr_width_p56_paddr_width_p22_eaddr_width_p64_btb_indx_width_p9_bht_indx_width_p5_ras_addr_width_p22_asid_width_p10_ppn_start_bit_p12_tag_width_p10.\itlb_fe_o [14] is used but has no driver.
Warning: Wire itlb_vaddr_width_p56_paddr_width_p22_eaddr_width_p64_btb_indx_width_p9_bht_indx_width_p5_ras_addr_width_p22_asid_width_p10_ppn_start_bit_p12_tag_width_p10.\itlb_fe_o [13] is used but has no driver.
Warning: Wire itlb_vaddr_width_p56_paddr_width_p22_eaddr_width_p64_btb_indx_width_p9_bht_indx_width_p5_ras_addr_width_p22_asid_width_p10_ppn_start_bit_p12_tag_width_p10.\itlb_fe_o [12] is used but has no driver.
Warning: Wire itlb_vaddr_width_p56_paddr_width_p22_eaddr_width_p64_btb_indx_width_p9_bht_indx_width_p5_ras_addr_width_p22_asid_width_p10_ppn_start_bit_p12_tag_width_p10.\itlb_fe_o [11] is used but has no driver.
Warning: Wire itlb_vaddr_width_p56_paddr_width_p22_eaddr_width_p64_btb_indx_width_p9_bht_indx_width_p5_ras_addr_width_p22_asid_width_p10_ppn_start_bit_p12_tag_width_p10.\itlb_fe_o [10] is used but has no driver.
Warning: Wire itlb_vaddr_width_p56_paddr_width_p22_eaddr_width_p64_btb_indx_width_p9_bht_indx_width_p5_ras_addr_width_p22_asid_width_p10_ppn_start_bit_p12_tag_width_p10.\itlb_fe_o [9] is used but has no driver.
Warning: Wire itlb_vaddr_width_p56_paddr_width_p22_eaddr_width_p64_btb_indx_width_p9_bht_indx_width_p5_ras_addr_width_p22_asid_width_p10_ppn_start_bit_p12_tag_width_p10.\itlb_fe_o [8] is used but has no driver.
Warning: Wire itlb_vaddr_width_p56_paddr_width_p22_eaddr_width_p64_btb_indx_width_p9_bht_indx_width_p5_ras_addr_width_p22_asid_width_p10_ppn_start_bit_p12_tag_width_p10.\itlb_fe_o [7] is used but has no driver.
Warning: Wire itlb_vaddr_width_p56_paddr_width_p22_eaddr_width_p64_btb_indx_width_p9_bht_indx_width_p5_ras_addr_width_p22_asid_width_p10_ppn_start_bit_p12_tag_width_p10.\itlb_fe_o [6] is used but has no driver.
Warning: Wire itlb_vaddr_width_p56_paddr_width_p22_eaddr_width_p64_btb_indx_width_p9_bht_indx_width_p5_ras_addr_width_p22_asid_width_p10_ppn_start_bit_p12_tag_width_p10.\itlb_fe_o [5] is used but has no driver.
Warning: Wire itlb_vaddr_width_p56_paddr_width_p22_eaddr_width_p64_btb_indx_width_p9_bht_indx_width_p5_ras_addr_width_p22_asid_width_p10_ppn_start_bit_p12_tag_width_p10.\itlb_fe_o [4] is used but has no driver.
Warning: Wire itlb_vaddr_width_p56_paddr_width_p22_eaddr_width_p64_btb_indx_width_p9_bht_indx_width_p5_ras_addr_width_p22_asid_width_p10_ppn_start_bit_p12_tag_width_p10.\itlb_fe_o [3] is used but has no driver.
Warning: Wire itlb_vaddr_width_p56_paddr_width_p22_eaddr_width_p64_btb_indx_width_p9_bht_indx_width_p5_ras_addr_width_p22_asid_width_p10_ppn_start_bit_p12_tag_width_p10.\itlb_fe_o [2] is used but has no driver.
Warning: Wire itlb_vaddr_width_p56_paddr_width_p22_eaddr_width_p64_btb_indx_width_p9_bht_indx_width_p5_ras_addr_width_p22_asid_width_p10_ppn_start_bit_p12_tag_width_p10.\itlb_fe_o [1] is used but has no driver.
Warning: Wire itlb_vaddr_width_p56_paddr_width_p22_eaddr_width_p64_btb_indx_width_p9_bht_indx_width_p5_ras_addr_width_p22_asid_width_p10_ppn_start_bit_p12_tag_width_p10.\itlb_fe_o [0] is used but has no driver.
3.6. Executing OPT pass (performing simple optimizations).
3.6.1. Executing OPT_EXPR pass (perform const folding).
3.6.2. Executing OPT_MERGE pass (detect identical cells).
3.6.3. Executing OPT_MUXTREE pass (detect dead branches in mux trees).
3.6.4. Executing OPT_REDUCE pass (consolidate $*mux and $reduce_* inputs).
3.6.5. Executing OPT_MERGE pass (detect identical cells).
3.6.6. Executing OPT_DFF pass (perform DFF optimizations).
3.6.7. Executing OPT_CLEAN pass (remove unused cells and wires).
3.6.8. Executing OPT_EXPR pass (perform const folding).
3.6.9. Rerunning OPT passes. (Maybe there is more to do..)
3.6.10. Executing OPT_MUXTREE pass (detect dead branches in mux trees).
3.6.11. Executing OPT_REDUCE pass (consolidate $*mux and $reduce_* inputs).
3.6.12. Executing OPT_MERGE pass (detect identical cells).
3.6.13. Executing OPT_DFF pass (perform DFF optimizations).
3.6.14. Executing OPT_CLEAN pass (remove unused cells and wires).
3.6.15. Executing OPT_EXPR pass (perform const folding).
3.6.16. Finished fast OPT passes. (There is nothing left to do.)
3.7. Executing FSM pass (extract and optimize FSM).
3.7.1. Executing FSM_DETECT pass (finding FSMs in design).
3.7.2. Executing FSM_EXTRACT pass (extracting FSM from design).
3.7.3. Executing FSM_OPT pass (simple optimizations of FSMs).
3.7.4. Executing OPT_CLEAN pass (remove unused cells and wires).
3.7.5. Executing FSM_OPT pass (simple optimizations of FSMs).
3.7.6. Executing FSM_RECODE pass (re-assigning FSM state encoding).
3.7.7. Executing FSM_INFO pass (dumping all available information on FSM cells).
3.7.8. Executing FSM_MAP pass (mapping FSMs to basic logic).
3.8. Executing OPT pass (performing simple optimizations).
3.8.1. Executing OPT_EXPR pass (perform const folding).
3.8.2. Executing OPT_MERGE pass (detect identical cells).
3.8.3. Executing OPT_MUXTREE pass (detect dead branches in mux trees).
3.8.4. Executing OPT_REDUCE pass (consolidate $*mux and $reduce_* inputs).
3.8.5. Executing OPT_MERGE pass (detect identical cells).
3.8.6. Executing OPT_DFF pass (perform DFF optimizations).
3.8.7. Executing OPT_CLEAN pass (remove unused cells and wires).
3.8.8. Executing OPT_EXPR pass (perform const folding).
3.8.9. Rerunning OPT passes. (Maybe there is more to do..)
3.8.10. Executing OPT_MUXTREE pass (detect dead branches in mux trees).
3.8.11. Executing OPT_REDUCE pass (consolidate $*mux and $reduce_* inputs).
3.8.12. Executing OPT_MERGE pass (detect identical cells).
3.8.13. Executing OPT_DFF pass (perform DFF optimizations).
3.8.14. Executing OPT_CLEAN pass (remove unused cells and wires).
3.8.15. Executing OPT_EXPR pass (perform const folding).
3.8.16. Rerunning OPT passes. (Maybe there is more to do..)
3.8.17. Executing OPT_MUXTREE pass (detect dead branches in mux trees).
3.8.18. Executing OPT_REDUCE pass (consolidate $*mux and $reduce_* inputs).
3.8.19. Executing OPT_MERGE pass (detect identical cells).
3.8.20. Executing OPT_DFF pass (perform DFF optimizations).
3.8.21. Executing OPT_CLEAN pass (remove unused cells and wires).
3.8.22. Executing OPT_EXPR pass (perform const folding).
3.8.23. Finished fast OPT passes. (There is nothing left to do.)
3.9. Executing WREDUCE pass (reducing word size of cells).
3.10. Executing PEEPOPT pass (run peephole optimizers).
3.11. Executing OPT_CLEAN pass (remove unused cells and wires).
3.12. Executing ALUMACC pass (create $alu and $macc cells).
3.13. Executing SHARE pass (SAT-based resource sharing).
3.14. Executing OPT pass (performing simple optimizations).
3.14.1. Executing OPT_EXPR pass (perform const folding).
3.14.2. Executing OPT_MERGE pass (detect identical cells).
3.14.3. Executing OPT_MUXTREE pass (detect dead branches in mux trees).
3.14.4. Executing OPT_REDUCE pass (consolidate $*mux and $reduce_* inputs).
3.14.5. Executing OPT_MERGE pass (detect identical cells).
3.14.6. Executing OPT_DFF pass (perform DFF optimizations).
3.14.7. Executing OPT_CLEAN pass (remove unused cells and wires).
3.14.8. Executing OPT_EXPR pass (perform const folding).
3.14.9. Rerunning OPT passes. (Maybe there is more to do..)
3.14.10. Executing OPT_MUXTREE pass (detect dead branches in mux trees).
3.14.11. Executing OPT_REDUCE pass (consolidate $*mux and $reduce_* inputs).
3.14.12. Executing OPT_MERGE pass (detect identical cells).
3.14.13. Executing OPT_DFF pass (perform DFF optimizations).
3.14.14. Executing OPT_CLEAN pass (remove unused cells and wires).
3.14.15. Executing OPT_EXPR pass (perform const folding).
3.14.16. Finished fast OPT passes. (There is nothing left to do.)
3.15. Executing MEMORY pass.
3.15.1. Executing OPT_MEM pass (optimize memories).
3.15.2. Executing OPT_MEM_PRIORITY pass (removing unnecessary memory write priority relations).
3.15.3. Executing OPT_MEM_FEEDBACK pass (finding memory read-to-write feedback paths).
3.15.4. Executing MEMORY_BMUX2ROM pass (converting muxes to ROMs).
3.15.5. Executing MEMORY_DFF pass (merging $dff cells to $memrd).
3.15.6. Executing OPT_CLEAN pass (remove unused cells and wires).
3.15.7. Executing MEMORY_SHARE pass (consolidating $memrd/$memwr cells).
3.15.8. Executing OPT_MEM_WIDEN pass (optimize memories where all ports are wide).
3.15.9. Executing OPT_CLEAN pass (remove unused cells and wires).
3.15.10. Executing MEMORY_COLLECT pass (generating $mem cells).
3.16. Executing OPT_CLEAN pass (remove unused cells and wires).
Keep modules above estimated size of
      10000 gate equivalents
4. Executing CELLMATCH pass. (match cells)
Warning: Ignoring blackbox module fakeram45_64x15.
Warning: Ignoring blackbox module fakeram45_64x7.
Warning: Ignoring blackbox module fakeram45_256x95.
Warning: Ignoring blackbox module fakeram45_512x64.
Warning: Ignoring blackbox module CLKGATE_X8.
Warning: Ignoring blackbox module CLKGATE_X4.
Warning: Ignoring blackbox module CLKGATE_X2.
Warning: Ignoring blackbox module CLKGATE_X1.
Warning: Ignoring blackbox module CLKGATETST_X8.
Warning: Ignoring blackbox module CLKGATETST_X4.
Warning: Ignoring blackbox module CLKGATETST_X2.
Warning: Ignoring blackbox module CLKGATETST_X1.
Warning: Ignoring blackbox module fakeram45_64x96.
5. Executing KEEP_HIERARCHY pass.
6. Executing SYNTH pass.
6.1. Executing PROC pass (convert processes to netlists).
6.1.1. Executing PROC_CLEAN pass (remove empty switches from decision trees).
6.1.2. Executing PROC_RMDEAD pass (remove dead branches from decision trees).
6.1.3. Executing PROC_PRUNE pass (remove redundant assignments in processes).
6.1.4. Executing PROC_INIT pass (extract init attributes).
6.1.5. Executing PROC_ARST pass (detect async resets in processes).
6.1.6. Executing PROC_ROM pass (convert switches to ROMs).
6.1.7. Executing PROC_MUX pass (convert decision trees to multiplexers).
6.1.8. Executing PROC_DLATCH pass (convert process syncs to latches).
6.1.9. Executing PROC_DFF pass (convert process syncs to FFs).
6.1.10. Executing PROC_MEMWR pass (convert process memory writes to cells).
6.1.11. Executing PROC_CLEAN pass (remove empty switches from decision trees).
6.1.12. Executing OPT_EXPR pass (perform const folding).
6.2. Executing FLATTEN pass (flatten design).
6.3. Executing OPT_EXPR pass (perform const folding).
6.4. Executing OPT_CLEAN pass (remove unused cells and wires).
6.5. Executing CHECK pass (checking for obvious problems).
Warning: Wire bp_be_calculator_top_vaddr_width_p56_paddr_width_p22_asid_width_p10_branch_metadata_fwd_width_p36_core_els_p1_num_lce_p2_lce_sets_p64_cce_block_size_in_bytes_p64.\comp_stage_mux.data1_i [447] is used but has no driver.
Warning: Wire bp_be_calculator_top_vaddr_width_p56_paddr_width_p22_asid_width_p10_branch_metadata_fwd_width_p36_core_els_p1_num_lce_p2_lce_sets_p64_cce_block_size_in_bytes_p64.\comp_stage_mux.data1_i [446] is used but has no driver.
Warning: Wire bp_be_calculator_top_vaddr_width_p56_paddr_width_p22_asid_width_p10_branch_metadata_fwd_width_p36_core_els_p1_num_lce_p2_lce_sets_p64_cce_block_size_in_bytes_p64.\comp_stage_mux.data1_i [445] is used but has no driver.
Warning: Wire bp_be_calculator_top_vaddr_width_p56_paddr_width_p22_asid_width_p10_branch_metadata_fwd_width_p36_core_els_p1_num_lce_p2_lce_sets_p64_cce_block_size_in_bytes_p64.\comp_stage_mux.data1_i [444] is used but has no driver.
Warning: Wire bp_be_calculator_top_vaddr_width_p56_paddr_width_p22_asid_width_p10_branch_metadata_fwd_width_p36_core_els_p1_num_lce_p2_lce_sets_p64_cce_block_size_in_bytes_p64.\comp_stage_mux.data1_i [443] is used but has no driver.
Warning: Wire bp_be_calculator_top_vaddr_width_p56_paddr_width_p22_asid_width_p10_branch_metadata_fwd_width_p36_core_els_p1_num_lce_p2_lce_sets_p64_cce_block_size_in_bytes_p64.\comp_stage_mux.data1_i [442] is used but has no driver.
Warning: Wire bp_be_calculator_top_vaddr_width_p56_paddr_width_p22_asid_width_p10_branch_metadata_fwd_width_p36_core_els_p1_num_lce_p2_lce_sets_p64_cce_block_size_in_bytes_p64.\comp_stage_mux.data1_i [441] is used but has no driver.
Warning: Wire bp_be_calculator_top_vaddr_width_p56_paddr_width_p22_asid_width_p10_branch_metadata_fwd_width_p36_core_els_p1_num_lce_p2_lce_sets_p64_cce_block_size_in_bytes_p64.\comp_stage_mux.data1_i [440] is used but has no driver.
Warning: Wire bp_be_calculator_top_vaddr_width_p56_paddr_width_p22_asid_width_p10_branch_metadata_fwd_width_p36_core_els_p1_num_lce_p2_lce_sets_p64_cce_block_size_in_bytes_p64.\comp_stage_mux.data1_i [439] is used but has no driver.
Warning: Wire bp_be_calculator_top_vaddr_width_p56_paddr_width_p22_asid_width_p10_branch_metadata_fwd_width_p36_core_els_p1_num_lce_p2_lce_sets_p64_cce_block_size_in_bytes_p64.\comp_stage_mux.data1_i [438] is used but has no driver.
Warning: Wire bp_be_calculator_top_vaddr_width_p56_paddr_width_p22_asid_width_p10_branch_metadata_fwd_width_p36_core_els_p1_num_lce_p2_lce_sets_p64_cce_block_size_in_bytes_p64.\comp_stage_mux.data1_i [437] is used but has no driver.
Warning: Wire bp_be_calculator_top_vaddr_width_p56_paddr_width_p22_asid_width_p10_branch_metadata_fwd_width_p36_core_els_p1_num_lce_p2_lce_sets_p64_cce_block_size_in_bytes_p64.\comp_stage_mux.data1_i [436] is used but has no driver.
Warning: Wire bp_be_calculator_top_vaddr_width_p56_paddr_width_p22_asid_width_p10_branch_metadata_fwd_width_p36_core_els_p1_num_lce_p2_lce_sets_p64_cce_block_size_in_bytes_p64.\comp_stage_mux.data1_i [435] is used but has no driver.
Warning: Wire bp_be_calculator_top_vaddr_width_p56_paddr_width_p22_asid_width_p10_branch_metadata_fwd_width_p36_core_els_p1_num_lce_p2_lce_sets_p64_cce_block_size_in_bytes_p64.\comp_stage_mux.data1_i [434] is used but has no driver.
Warning: Wire bp_be_calculator_top_vaddr_width_p56_paddr_width_p22_asid_width_p10_branch_metadata_fwd_width_p36_core_els_p1_num_lce_p2_lce_sets_p64_cce_block_size_in_bytes_p64.\comp_stage_mux.data1_i [433] is used but has no driver.
Warning: Wire bp_be_calculator_top_vaddr_width_p56_paddr_width_p22_asid_width_p10_branch_metadata_fwd_width_p36_core_els_p1_num_lce_p2_lce_sets_p64_cce_block_size_in_bytes_p64.\comp_stage_mux.data1_i [432] is used but has no driver.
Warning: Wire bp_be_calculator_top_vaddr_width_p56_paddr_width_p22_asid_width_p10_branch_metadata_fwd_width_p36_core_els_p1_num_lce_p2_lce_sets_p64_cce_block_size_in_bytes_p64.\comp_stage_mux.data1_i [431] is used but has no driver.
Warning: Wire bp_be_calculator_top_vaddr_width_p56_paddr_width_p22_asid_width_p10_branch_metadata_fwd_width_p36_core_els_p1_num_lce_p2_lce_sets_p64_cce_block_size_in_bytes_p64.\comp_stage_mux.data1_i [430] is used but has no driver.
Warning: Wire bp_be_calculator_top_vaddr_width_p56_paddr_width_p22_asid_width_p10_branch_metadata_fwd_width_p36_core_els_p1_num_lce_p2_lce_sets_p64_cce_block_size_in_bytes_p64.\comp_stage_mux.data1_i [429] is used but has no driver.
Warning: Wire bp_be_calculator_top_vaddr_width_p56_paddr_width_p22_asid_width_p10_branch_metadata_fwd_width_p36_core_els_p1_num_lce_p2_lce_sets_p64_cce_block_size_in_bytes_p64.\comp_stage_mux.data1_i [428] is used but has no driver.
Warning: Wire bp_be_calculator_top_vaddr_width_p56_paddr_width_p22_asid_width_p10_branch_metadata_fwd_width_p36_core_els_p1_num_lce_p2_lce_sets_p64_cce_block_size_in_bytes_p64.\comp_stage_mux.data1_i [427] is used but has no driver.
Warning: Wire bp_be_calculator_top_vaddr_width_p56_paddr_width_p22_asid_width_p10_branch_metadata_fwd_width_p36_core_els_p1_num_lce_p2_lce_sets_p64_cce_block_size_in_bytes_p64.\comp_stage_mux.data1_i [426] is used but has no driver.
Warning: Wire bp_be_calculator_top_vaddr_width_p56_paddr_width_p22_asid_width_p10_branch_metadata_fwd_width_p36_core_els_p1_num_lce_p2_lce_sets_p64_cce_block_size_in_bytes_p64.\comp_stage_mux.data1_i [425] is used but has no driver.
Warning: Wire bp_be_calculator_top_vaddr_width_p56_paddr_width_p22_asid_width_p10_branch_metadata_fwd_width_p36_core_els_p1_num_lce_p2_lce_sets_p64_cce_block_size_in_bytes_p64.\comp_stage_mux.data1_i [424] is used but has no driver.
Warning: Wire bp_be_calculator_top_vaddr_width_p56_paddr_width_p22_asid_width_p10_branch_metadata_fwd_width_p36_core_els_p1_num_lce_p2_lce_sets_p64_cce_block_size_in_bytes_p64.\comp_stage_mux.data1_i [423] is used but has no driver.
Warning: Wire bp_be_calculator_top_vaddr_width_p56_paddr_width_p22_asid_width_p10_branch_metadata_fwd_width_p36_core_els_p1_num_lce_p2_lce_sets_p64_cce_block_size_in_bytes_p64.\comp_stage_mux.data1_i [422] is used but has no driver.
Warning: Wire bp_be_calculator_top_vaddr_width_p56_paddr_width_p22_asid_width_p10_branch_metadata_fwd_width_p36_core_els_p1_num_lce_p2_lce_sets_p64_cce_block_size_in_bytes_p64.\comp_stage_mux.data1_i [421] is used but has no driver.
Warning: Wire bp_be_calculator_top_vaddr_width_p56_paddr_width_p22_asid_width_p10_branch_metadata_fwd_width_p36_core_els_p1_num_lce_p2_lce_sets_p64_cce_block_size_in_bytes_p64.\comp_stage_mux.data1_i [420] is used but has no driver.
Warning: Wire bp_be_calculator_top_vaddr_width_p56_paddr_width_p22_asid_width_p10_branch_metadata_fwd_width_p36_core_els_p1_num_lce_p2_lce_sets_p64_cce_block_size_in_bytes_p64.\comp_stage_mux.data1_i [419] is used but has no driver.
Warning: Wire bp_be_calculator_top_vaddr_width_p56_paddr_width_p22_asid_width_p10_branch_metadata_fwd_width_p36_core_els_p1_num_lce_p2_lce_sets_p64_cce_block_size_in_bytes_p64.\comp_stage_mux.data1_i [418] is used but has no driver.
Warning: Wire bp_be_calculator_top_vaddr_width_p56_paddr_width_p22_asid_width_p10_branch_metadata_fwd_width_p36_core_els_p1_num_lce_p2_lce_sets_p64_cce_block_size_in_bytes_p64.\comp_stage_mux.data1_i [417] is used but has no driver.
Warning: Wire bp_be_calculator_top_vaddr_width_p56_paddr_width_p22_asid_width_p10_branch_metadata_fwd_width_p36_core_els_p1_num_lce_p2_lce_sets_p64_cce_block_size_in_bytes_p64.\comp_stage_mux.data1_i [416] is used but has no driver.
Warning: Wire bp_be_calculator_top_vaddr_width_p56_paddr_width_p22_asid_width_p10_branch_metadata_fwd_width_p36_core_els_p1_num_lce_p2_lce_sets_p64_cce_block_size_in_bytes_p64.\comp_stage_mux.data1_i [415] is used but has no driver.
Warning: Wire bp_be_calculator_top_vaddr_width_p56_paddr_width_p22_asid_width_p10_branch_metadata_fwd_width_p36_core_els_p1_num_lce_p2_lce_sets_p64_cce_block_size_in_bytes_p64.\comp_stage_mux.data1_i [414] is used but has no driver.
Warning: Wire bp_be_calculator_top_vaddr_width_p56_paddr_width_p22_asid_width_p10_branch_metadata_fwd_width_p36_core_els_p1_num_lce_p2_lce_sets_p64_cce_block_size_in_bytes_p64.\comp_stage_mux.data1_i [413] is used but has no driver.
Warning: Wire bp_be_calculator_top_vaddr_width_p56_paddr_width_p22_asid_width_p10_branch_metadata_fwd_width_p36_core_els_p1_num_lce_p2_lce_sets_p64_cce_block_size_in_bytes_p64.\comp_stage_mux.data1_i [412] is used but has no driver.
Warning: Wire bp_be_calculator_top_vaddr_width_p56_paddr_width_p22_asid_width_p10_branch_metadata_fwd_width_p36_core_els_p1_num_lce_p2_lce_sets_p64_cce_block_size_in_bytes_p64.\comp_stage_mux.data1_i [411] is used but has no driver.
Warning: Wire bp_be_calculator_top_vaddr_width_p56_paddr_width_p22_asid_width_p10_branch_metadata_fwd_width_p36_core_els_p1_num_lce_p2_lce_sets_p64_cce_block_size_in_bytes_p64.\comp_stage_mux.data1_i [410] is used but has no driver.
Warning: Wire bp_be_calculator_top_vaddr_width_p56_paddr_width_p22_asid_width_p10_branch_metadata_fwd_width_p36_core_els_p1_num_lce_p2_lce_sets_p64_cce_block_size_in_bytes_p64.\comp_stage_mux.data1_i [409] is used but has no driver.
Warning: Wire bp_be_calculator_top_vaddr_width_p56_paddr_width_p22_asid_width_p10_branch_metadata_fwd_width_p36_core_els_p1_num_lce_p2_lce_sets_p64_cce_block_size_in_bytes_p64.\comp_stage_mux.data1_i [408] is used but has no driver.
Warning: Wire bp_be_calculator_top_vaddr_width_p56_paddr_width_p22_asid_width_p10_branch_metadata_fwd_width_p36_core_els_p1_num_lce_p2_lce_sets_p64_cce_block_size_in_bytes_p64.\comp_stage_mux.data1_i [407] is used but has no driver.
Warning: Wire bp_be_calculator_top_vaddr_width_p56_paddr_width_p22_asid_width_p10_branch_metadata_fwd_width_p36_core_els_p1_num_lce_p2_lce_sets_p64_cce_block_size_in_bytes_p64.\comp_stage_mux.data1_i [406] is used but has no driver.
Warning: Wire bp_be_calculator_top_vaddr_width_p56_paddr_width_p22_asid_width_p10_branch_metadata_fwd_width_p36_core_els_p1_num_lce_p2_lce_sets_p64_cce_block_size_in_bytes_p64.\comp_stage_mux.data1_i [405] is used but has no driver.
Warning: Wire bp_be_calculator_top_vaddr_width_p56_paddr_width_p22_asid_width_p10_branch_metadata_fwd_width_p36_core_els_p1_num_lce_p2_lce_sets_p64_cce_block_size_in_bytes_p64.\comp_stage_mux.data1_i [404] is used but has no driver.
Warning: Wire bp_be_calculator_top_vaddr_width_p56_paddr_width_p22_asid_width_p10_branch_metadata_fwd_width_p36_core_els_p1_num_lce_p2_lce_sets_p64_cce_block_size_in_bytes_p64.\comp_stage_mux.data1_i [403] is used but has no driver.
Warning: Wire bp_be_calculator_top_vaddr_width_p56_paddr_width_p22_asid_width_p10_branch_metadata_fwd_width_p36_core_els_p1_num_lce_p2_lce_sets_p64_cce_block_size_in_bytes_p64.\comp_stage_mux.data1_i [402] is used but has no driver.
Warning: Wire bp_be_calculator_top_vaddr_width_p56_paddr_width_p22_asid_width_p10_branch_metadata_fwd_width_p36_core_els_p1_num_lce_p2_lce_sets_p64_cce_block_size_in_bytes_p64.\comp_stage_mux.data1_i [401] is used but has no driver.
Warning: Wire bp_be_calculator_top_vaddr_width_p56_paddr_width_p22_asid_width_p10_branch_metadata_fwd_width_p36_core_els_p1_num_lce_p2_lce_sets_p64_cce_block_size_in_bytes_p64.\comp_stage_mux.data1_i [400] is used but has no driver.
Warning: Wire bp_be_calculator_top_vaddr_width_p56_paddr_width_p22_asid_width_p10_branch_metadata_fwd_width_p36_core_els_p1_num_lce_p2_lce_sets_p64_cce_block_size_in_bytes_p64.\comp_stage_mux.data1_i [399] is used but has no driver.
Warning: Wire bp_be_calculator_top_vaddr_width_p56_paddr_width_p22_asid_width_p10_branch_metadata_fwd_width_p36_core_els_p1_num_lce_p2_lce_sets_p64_cce_block_size_in_bytes_p64.\comp_stage_mux.data1_i [398] is used but has no driver.
Warning: Wire bp_be_calculator_top_vaddr_width_p56_paddr_width_p22_asid_width_p10_branch_metadata_fwd_width_p36_core_els_p1_num_lce_p2_lce_sets_p64_cce_block_size_in_bytes_p64.\comp_stage_mux.data1_i [397] is used but has no driver.
Warning: Wire bp_be_calculator_top_vaddr_width_p56_paddr_width_p22_asid_width_p10_branch_metadata_fwd_width_p36_core_els_p1_num_lce_p2_lce_sets_p64_cce_block_size_in_bytes_p64.\comp_stage_mux.data1_i [396] is used but has no driver.
Warning: Wire bp_be_calculator_top_vaddr_width_p56_paddr_width_p22_asid_width_p10_branch_metadata_fwd_width_p36_core_els_p1_num_lce_p2_lce_sets_p64_cce_block_size_in_bytes_p64.\comp_stage_mux.data1_i [395] is used but has no driver.
Warning: Wire bp_be_calculator_top_vaddr_width_p56_paddr_width_p22_asid_width_p10_branch_metadata_fwd_width_p36_core_els_p1_num_lce_p2_lce_sets_p64_cce_block_size_in_bytes_p64.\comp_stage_mux.data1_i [394] is used but has no driver.
Warning: Wire bp_be_calculator_top_vaddr_width_p56_paddr_width_p22_asid_width_p10_branch_metadata_fwd_width_p36_core_els_p1_num_lce_p2_lce_sets_p64_cce_block_size_in_bytes_p64.\comp_stage_mux.data1_i [393] is used but has no driver.
Warning: Wire bp_be_calculator_top_vaddr_width_p56_paddr_width_p22_asid_width_p10_branch_metadata_fwd_width_p36_core_els_p1_num_lce_p2_lce_sets_p64_cce_block_size_in_bytes_p64.\comp_stage_mux.data1_i [392] is used but has no driver.
Warning: Wire bp_be_calculator_top_vaddr_width_p56_paddr_width_p22_asid_width_p10_branch_metadata_fwd_width_p36_core_els_p1_num_lce_p2_lce_sets_p64_cce_block_size_in_bytes_p64.\comp_stage_mux.data1_i [391] is used but has no driver.
Warning: Wire bp_be_calculator_top_vaddr_width_p56_paddr_width_p22_asid_width_p10_branch_metadata_fwd_width_p36_core_els_p1_num_lce_p2_lce_sets_p64_cce_block_size_in_bytes_p64.\comp_stage_mux.data1_i [390] is used but has no driver.
Warning: Wire bp_be_calculator_top_vaddr_width_p56_paddr_width_p22_asid_width_p10_branch_metadata_fwd_width_p36_core_els_p1_num_lce_p2_lce_sets_p64_cce_block_size_in_bytes_p64.\comp_stage_mux.data1_i [389] is used but has no driver.
Warning: Wire bp_be_calculator_top_vaddr_width_p56_paddr_width_p22_asid_width_p10_branch_metadata_fwd_width_p36_core_els_p1_num_lce_p2_lce_sets_p64_cce_block_size_in_bytes_p64.\comp_stage_mux.data1_i [388] is used but has no driver.
Warning: Wire bp_be_calculator_top_vaddr_width_p56_paddr_width_p22_asid_width_p10_branch_metadata_fwd_width_p36_core_els_p1_num_lce_p2_lce_sets_p64_cce_block_size_in_bytes_p64.\comp_stage_mux.data1_i [387] is used but has no driver.
Warning: Wire bp_be_calculator_top_vaddr_width_p56_paddr_width_p22_asid_width_p10_branch_metadata_fwd_width_p36_core_els_p1_num_lce_p2_lce_sets_p64_cce_block_size_in_bytes_p64.\comp_stage_mux.data1_i [386] is used but has no driver.
Warning: Wire bp_be_calculator_top_vaddr_width_p56_paddr_width_p22_asid_width_p10_branch_metadata_fwd_width_p36_core_els_p1_num_lce_p2_lce_sets_p64_cce_block_size_in_bytes_p64.\comp_stage_mux.data1_i [385] is used but has no driver.
Warning: Wire bp_be_calculator_top_vaddr_width_p56_paddr_width_p22_asid_width_p10_branch_metadata_fwd_width_p36_core_els_p1_num_lce_p2_lce_sets_p64_cce_block_size_in_bytes_p64.\comp_stage_mux.data1_i [384] is used but has no driver.
Warning: Wire bp_be_calculator_top_vaddr_width_p56_paddr_width_p22_asid_width_p10_branch_metadata_fwd_width_p36_core_els_p1_num_lce_p2_lce_sets_p64_cce_block_size_in_bytes_p64.\comp_stage_mux.data1_i [575] is used but has no driver.
Warning: Wire bp_be_calculator_top_vaddr_width_p56_paddr_width_p22_asid_width_p10_branch_metadata_fwd_width_p36_core_els_p1_num_lce_p2_lce_sets_p64_cce_block_size_in_bytes_p64.\comp_stage_mux.data1_i [574] is used but has no driver.
Warning: Wire bp_be_calculator_top_vaddr_width_p56_paddr_width_p22_asid_width_p10_branch_metadata_fwd_width_p36_core_els_p1_num_lce_p2_lce_sets_p64_cce_block_size_in_bytes_p64.\comp_stage_mux.data1_i [573] is used but has no driver.
Warning: Wire bp_be_calculator_top_vaddr_width_p56_paddr_width_p22_asid_width_p10_branch_metadata_fwd_width_p36_core_els_p1_num_lce_p2_lce_sets_p64_cce_block_size_in_bytes_p64.\comp_stage_mux.data1_i [572] is used but has no driver.
Warning: Wire bp_be_calculator_top_vaddr_width_p56_paddr_width_p22_asid_width_p10_branch_metadata_fwd_width_p36_core_els_p1_num_lce_p2_lce_sets_p64_cce_block_size_in_bytes_p64.\comp_stage_mux.data1_i [571] is used but has no driver.
Warning: Wire bp_be_calculator_top_vaddr_width_p56_paddr_width_p22_asid_width_p10_branch_metadata_fwd_width_p36_core_els_p1_num_lce_p2_lce_sets_p64_cce_block_size_in_bytes_p64.\comp_stage_mux.data1_i [570] is used but has no driver.
Warning: Wire bp_be_calculator_top_vaddr_width_p56_paddr_width_p22_asid_width_p10_branch_metadata_fwd_width_p36_core_els_p1_num_lce_p2_lce_sets_p64_cce_block_size_in_bytes_p64.\comp_stage_mux.data1_i [569] is used but has no driver.
Warning: Wire bp_be_calculator_top_vaddr_width_p56_paddr_width_p22_asid_width_p10_branch_metadata_fwd_width_p36_core_els_p1_num_lce_p2_lce_sets_p64_cce_block_size_in_bytes_p64.\comp_stage_mux.data1_i [568] is used but has no driver.
Warning: Wire bp_be_calculator_top_vaddr_width_p56_paddr_width_p22_asid_width_p10_branch_metadata_fwd_width_p36_core_els_p1_num_lce_p2_lce_sets_p64_cce_block_size_in_bytes_p64.\comp_stage_mux.data1_i [567] is used but has no driver.
Warning: Wire bp_be_calculator_top_vaddr_width_p56_paddr_width_p22_asid_width_p10_branch_metadata_fwd_width_p36_core_els_p1_num_lce_p2_lce_sets_p64_cce_block_size_in_bytes_p64.\comp_stage_mux.data1_i [566] is used but has no driver.
Warning: Wire bp_be_calculator_top_vaddr_width_p56_paddr_width_p22_asid_width_p10_branch_metadata_fwd_width_p36_core_els_p1_num_lce_p2_lce_sets_p64_cce_block_size_in_bytes_p64.\comp_stage_mux.data1_i [565] is used but has no driver.
Warning: Wire bp_be_calculator_top_vaddr_width_p56_paddr_width_p22_asid_width_p10_branch_metadata_fwd_width_p36_core_els_p1_num_lce_p2_lce_sets_p64_cce_block_size_in_bytes_p64.\comp_stage_mux.data1_i [564] is used but has no driver.
Warning: Wire bp_be_calculator_top_vaddr_width_p56_paddr_width_p22_asid_width_p10_branch_metadata_fwd_width_p36_core_els_p1_num_lce_p2_lce_sets_p64_cce_block_size_in_bytes_p64.\comp_stage_mux.data1_i [563] is used but has no driver.
Warning: Wire bp_be_calculator_top_vaddr_width_p56_paddr_width_p22_asid_width_p10_branch_metadata_fwd_width_p36_core_els_p1_num_lce_p2_lce_sets_p64_cce_block_size_in_bytes_p64.\comp_stage_mux.data1_i [562] is used but has no driver.
Warning: Wire bp_be_calculator_top_vaddr_width_p56_paddr_width_p22_asid_width_p10_branch_metadata_fwd_width_p36_core_els_p1_num_lce_p2_lce_sets_p64_cce_block_size_in_bytes_p64.\comp_stage_mux.data1_i [561] is used but has no driver.
Warning: Wire bp_be_calculator_top_vaddr_width_p56_paddr_width_p22_asid_width_p10_branch_metadata_fwd_width_p36_core_els_p1_num_lce_p2_lce_sets_p64_cce_block_size_in_bytes_p64.\comp_stage_mux.data1_i [560] is used but has no driver.
Warning: Wire bp_be_calculator_top_vaddr_width_p56_paddr_width_p22_asid_width_p10_branch_metadata_fwd_width_p36_core_els_p1_num_lce_p2_lce_sets_p64_cce_block_size_in_bytes_p64.\comp_stage_mux.data1_i [559] is used but has no driver.
Warning: Wire bp_be_calculator_top_vaddr_width_p56_paddr_width_p22_asid_width_p10_branch_metadata_fwd_width_p36_core_els_p1_num_lce_p2_lce_sets_p64_cce_block_size_in_bytes_p64.\comp_stage_mux.data1_i [558] is used but has no driver.
Warning: Wire bp_be_calculator_top_vaddr_width_p56_paddr_width_p22_asid_width_p10_branch_metadata_fwd_width_p36_core_els_p1_num_lce_p2_lce_sets_p64_cce_block_size_in_bytes_p64.\comp_stage_mux.data1_i [557] is used but has no driver.
Warning: Wire bp_be_calculator_top_vaddr_width_p56_paddr_width_p22_asid_width_p10_branch_metadata_fwd_width_p36_core_els_p1_num_lce_p2_lce_sets_p64_cce_block_size_in_bytes_p64.\comp_stage_mux.data1_i [556] is used but has no driver.
Warning: Wire bp_be_calculator_top_vaddr_width_p56_paddr_width_p22_asid_width_p10_branch_metadata_fwd_width_p36_core_els_p1_num_lce_p2_lce_sets_p64_cce_block_size_in_bytes_p64.\comp_stage_mux.data1_i [555] is used but has no driver.
Warning: Wire bp_be_calculator_top_vaddr_width_p56_paddr_width_p22_asid_width_p10_branch_metadata_fwd_width_p36_core_els_p1_num_lce_p2_lce_sets_p64_cce_block_size_in_bytes_p64.\comp_stage_mux.data1_i [554] is used but has no driver.
Warning: Wire bp_be_calculator_top_vaddr_width_p56_paddr_width_p22_asid_width_p10_branch_metadata_fwd_width_p36_core_els_p1_num_lce_p2_lce_sets_p64_cce_block_size_in_bytes_p64.\comp_stage_mux.data1_i [553] is used but has no driver.
Warning: Wire bp_be_calculator_top_vaddr_width_p56_paddr_width_p22_asid_width_p10_branch_metadata_fwd_width_p36_core_els_p1_num_lce_p2_lce_sets_p64_cce_block_size_in_bytes_p64.\comp_stage_mux.data1_i [552] is used but has no driver.
Warning: Wire bp_be_calculator_top_vaddr_width_p56_paddr_width_p22_asid_width_p10_branch_metadata_fwd_width_p36_core_els_p1_num_lce_p2_lce_sets_p64_cce_block_size_in_bytes_p64.\comp_stage_mux.data1_i [551] is used but has no driver.
Warning: Wire bp_be_calculator_top_vaddr_width_p56_paddr_width_p22_asid_width_p10_branch_metadata_fwd_width_p36_core_els_p1_num_lce_p2_lce_sets_p64_cce_block_size_in_bytes_p64.\comp_stage_mux.data1_i [550] is used but has no driver.
Warning: Wire bp_be_calculator_top_vaddr_width_p56_paddr_width_p22_asid_width_p10_branch_metadata_fwd_width_p36_core_els_p1_num_lce_p2_lce_sets_p64_cce_block_size_in_bytes_p64.\comp_stage_mux.data1_i [549] is used but has no driver.
Warning: Wire bp_be_calculator_top_vaddr_width_p56_paddr_width_p22_asid_width_p10_branch_metadata_fwd_width_p36_core_els_p1_num_lce_p2_lce_sets_p64_cce_block_size_in_bytes_p64.\comp_stage_mux.data1_i [548] is used but has no driver.
Warning: Wire bp_be_calculator_top_vaddr_width_p56_paddr_width_p22_asid_width_p10_branch_metadata_fwd_width_p36_core_els_p1_num_lce_p2_lce_sets_p64_cce_block_size_in_bytes_p64.\comp_stage_mux.data1_i [547] is used but has no driver.
Warning: Wire bp_be_calculator_top_vaddr_width_p56_paddr_width_p22_asid_width_p10_branch_metadata_fwd_width_p36_core_els_p1_num_lce_p2_lce_sets_p64_cce_block_size_in_bytes_p64.\comp_stage_mux.data1_i [546] is used but has no driver.
Warning: Wire bp_be_calculator_top_vaddr_width_p56_paddr_width_p22_asid_width_p10_branch_metadata_fwd_width_p36_core_els_p1_num_lce_p2_lce_sets_p64_cce_block_size_in_bytes_p64.\comp_stage_mux.data1_i [545] is used but has no driver.
Warning: Wire bp_be_calculator_top_vaddr_width_p56_paddr_width_p22_asid_width_p10_branch_metadata_fwd_width_p36_core_els_p1_num_lce_p2_lce_sets_p64_cce_block_size_in_bytes_p64.\comp_stage_mux.data1_i [544] is used but has no driver.
Warning: Wire bp_be_calculator_top_vaddr_width_p56_paddr_width_p22_asid_width_p10_branch_metadata_fwd_width_p36_core_els_p1_num_lce_p2_lce_sets_p64_cce_block_size_in_bytes_p64.\comp_stage_mux.data1_i [543] is used but has no driver.
Warning: Wire bp_be_calculator_top_vaddr_width_p56_paddr_width_p22_asid_width_p10_branch_metadata_fwd_width_p36_core_els_p1_num_lce_p2_lce_sets_p64_cce_block_size_in_bytes_p64.\comp_stage_mux.data1_i [542] is used but has no driver.
Warning: Wire bp_be_calculator_top_vaddr_width_p56_paddr_width_p22_asid_width_p10_branch_metadata_fwd_width_p36_core_els_p1_num_lce_p2_lce_sets_p64_cce_block_size_in_bytes_p64.\comp_stage_mux.data1_i [541] is used but has no driver.
Warning: Wire bp_be_calculator_top_vaddr_width_p56_paddr_width_p22_asid_width_p10_branch_metadata_fwd_width_p36_core_els_p1_num_lce_p2_lce_sets_p64_cce_block_size_in_bytes_p64.\comp_stage_mux.data1_i [540] is used but has no driver.
Warning: Wire bp_be_calculator_top_vaddr_width_p56_paddr_width_p22_asid_width_p10_branch_metadata_fwd_width_p36_core_els_p1_num_lce_p2_lce_sets_p64_cce_block_size_in_bytes_p64.\comp_stage_mux.data1_i [539] is used but has no driver.
Warning: Wire bp_be_calculator_top_vaddr_width_p56_paddr_width_p22_asid_width_p10_branch_metadata_fwd_width_p36_core_els_p1_num_lce_p2_lce_sets_p64_cce_block_size_in_bytes_p64.\comp_stage_mux.data1_i [538] is used but has no driver.
Warning: Wire bp_be_calculator_top_vaddr_width_p56_paddr_width_p22_asid_width_p10_branch_metadata_fwd_width_p36_core_els_p1_num_lce_p2_lce_sets_p64_cce_block_size_in_bytes_p64.\comp_stage_mux.data1_i [537] is used but has no driver.
Warning: Wire bp_be_calculator_top_vaddr_width_p56_paddr_width_p22_asid_width_p10_branch_metadata_fwd_width_p36_core_els_p1_num_lce_p2_lce_sets_p64_cce_block_size_in_bytes_p64.\comp_stage_mux.data1_i [536] is used but has no driver.
Warning: Wire bp_be_calculator_top_vaddr_width_p56_paddr_width_p22_asid_width_p10_branch_metadata_fwd_width_p36_core_els_p1_num_lce_p2_lce_sets_p64_cce_block_size_in_bytes_p64.\comp_stage_mux.data1_i [535] is used but has no driver.
Warning: Wire bp_be_calculator_top_vaddr_width_p56_paddr_width_p22_asid_width_p10_branch_metadata_fwd_width_p36_core_els_p1_num_lce_p2_lce_sets_p64_cce_block_size_in_bytes_p64.\comp_stage_mux.data1_i [534] is used but has no driver.
Warning: Wire bp_be_calculator_top_vaddr_width_p56_paddr_width_p22_asid_width_p10_branch_metadata_fwd_width_p36_core_els_p1_num_lce_p2_lce_sets_p64_cce_block_size_in_bytes_p64.\comp_stage_mux.data1_i [533] is used but has no driver.
Warning: Wire bp_be_calculator_top_vaddr_width_p56_paddr_width_p22_asid_width_p10_branch_metadata_fwd_width_p36_core_els_p1_num_lce_p2_lce_sets_p64_cce_block_size_in_bytes_p64.\comp_stage_mux.data1_i [532] is used but has no driver.
Warning: Wire bp_be_calculator_top_vaddr_width_p56_paddr_width_p22_asid_width_p10_branch_metadata_fwd_width_p36_core_els_p1_num_lce_p2_lce_sets_p64_cce_block_size_in_bytes_p64.\comp_stage_mux.data1_i [531] is used but has no driver.
Warning: Wire bp_be_calculator_top_vaddr_width_p56_paddr_width_p22_asid_width_p10_branch_metadata_fwd_width_p36_core_els_p1_num_lce_p2_lce_sets_p64_cce_block_size_in_bytes_p64.\comp_stage_mux.data1_i [530] is used but has no driver.
Warning: Wire bp_be_calculator_top_vaddr_width_p56_paddr_width_p22_asid_width_p10_branch_metadata_fwd_width_p36_core_els_p1_num_lce_p2_lce_sets_p64_cce_block_size_in_bytes_p64.\comp_stage_mux.data1_i [529] is used but has no driver.
Warning: Wire bp_be_calculator_top_vaddr_width_p56_paddr_width_p22_asid_width_p10_branch_metadata_fwd_width_p36_core_els_p1_num_lce_p2_lce_sets_p64_cce_block_size_in_bytes_p64.\comp_stage_mux.data1_i [528] is used but has no driver.
Warning: Wire bp_be_calculator_top_vaddr_width_p56_paddr_width_p22_asid_width_p10_branch_metadata_fwd_width_p36_core_els_p1_num_lce_p2_lce_sets_p64_cce_block_size_in_bytes_p64.\comp_stage_mux.data1_i [527] is used but has no driver.
Warning: Wire bp_be_calculator_top_vaddr_width_p56_paddr_width_p22_asid_width_p10_branch_metadata_fwd_width_p36_core_els_p1_num_lce_p2_lce_sets_p64_cce_block_size_in_bytes_p64.\comp_stage_mux.data1_i [526] is used but has no driver.
Warning: Wire bp_be_calculator_top_vaddr_width_p56_paddr_width_p22_asid_width_p10_branch_metadata_fwd_width_p36_core_els_p1_num_lce_p2_lce_sets_p64_cce_block_size_in_bytes_p64.\comp_stage_mux.data1_i [525] is used but has no driver.
Warning: Wire bp_be_calculator_top_vaddr_width_p56_paddr_width_p22_asid_width_p10_branch_metadata_fwd_width_p36_core_els_p1_num_lce_p2_lce_sets_p64_cce_block_size_in_bytes_p64.\comp_stage_mux.data1_i [524] is used but has no driver.
Warning: Wire bp_be_calculator_top_vaddr_width_p56_paddr_width_p22_asid_width_p10_branch_metadata_fwd_width_p36_core_els_p1_num_lce_p2_lce_sets_p64_cce_block_size_in_bytes_p64.\comp_stage_mux.data1_i [523] is used but has no driver.
Warning: Wire bp_be_calculator_top_vaddr_width_p56_paddr_width_p22_asid_width_p10_branch_metadata_fwd_width_p36_core_els_p1_num_lce_p2_lce_sets_p64_cce_block_size_in_bytes_p64.\comp_stage_mux.data1_i [522] is used but has no driver.
Warning: Wire bp_be_calculator_top_vaddr_width_p56_paddr_width_p22_asid_width_p10_branch_metadata_fwd_width_p36_core_els_p1_num_lce_p2_lce_sets_p64_cce_block_size_in_bytes_p64.\comp_stage_mux.data1_i [521] is used but has no driver.
Warning: Wire bp_be_calculator_top_vaddr_width_p56_paddr_width_p22_asid_width_p10_branch_metadata_fwd_width_p36_core_els_p1_num_lce_p2_lce_sets_p64_cce_block_size_in_bytes_p64.\comp_stage_mux.data1_i [520] is used but has no driver.
Warning: Wire bp_be_calculator_top_vaddr_width_p56_paddr_width_p22_asid_width_p10_branch_metadata_fwd_width_p36_core_els_p1_num_lce_p2_lce_sets_p64_cce_block_size_in_bytes_p64.\comp_stage_mux.data1_i [519] is used but has no driver.
Warning: Wire bp_be_calculator_top_vaddr_width_p56_paddr_width_p22_asid_width_p10_branch_metadata_fwd_width_p36_core_els_p1_num_lce_p2_lce_sets_p64_cce_block_size_in_bytes_p64.\comp_stage_mux.data1_i [518] is used but has no driver.
Warning: Wire bp_be_calculator_top_vaddr_width_p56_paddr_width_p22_asid_width_p10_branch_metadata_fwd_width_p36_core_els_p1_num_lce_p2_lce_sets_p64_cce_block_size_in_bytes_p64.\comp_stage_mux.data1_i [517] is used but has no driver.
Warning: Wire bp_be_calculator_top_vaddr_width_p56_paddr_width_p22_asid_width_p10_branch_metadata_fwd_width_p36_core_els_p1_num_lce_p2_lce_sets_p64_cce_block_size_in_bytes_p64.\comp_stage_mux.data1_i [516] is used but has no driver.
Warning: Wire bp_be_calculator_top_vaddr_width_p56_paddr_width_p22_asid_width_p10_branch_metadata_fwd_width_p36_core_els_p1_num_lce_p2_lce_sets_p64_cce_block_size_in_bytes_p64.\comp_stage_mux.data1_i [515] is used but has no driver.
Warning: Wire bp_be_calculator_top_vaddr_width_p56_paddr_width_p22_asid_width_p10_branch_metadata_fwd_width_p36_core_els_p1_num_lce_p2_lce_sets_p64_cce_block_size_in_bytes_p64.\comp_stage_mux.data1_i [514] is used but has no driver.
Warning: Wire bp_be_calculator_top_vaddr_width_p56_paddr_width_p22_asid_width_p10_branch_metadata_fwd_width_p36_core_els_p1_num_lce_p2_lce_sets_p64_cce_block_size_in_bytes_p64.\comp_stage_mux.data1_i [513] is used but has no driver.
Warning: Wire bp_be_calculator_top_vaddr_width_p56_paddr_width_p22_asid_width_p10_branch_metadata_fwd_width_p36_core_els_p1_num_lce_p2_lce_sets_p64_cce_block_size_in_bytes_p64.\comp_stage_mux.data1_i [512] is used but has no driver.
Warning: Wire bp_be_calculator_top_vaddr_width_p56_paddr_width_p22_asid_width_p10_branch_metadata_fwd_width_p36_core_els_p1_num_lce_p2_lce_sets_p64_cce_block_size_in_bytes_p64.\comp_stage_reg.data_i [127] is used but has no driver.
Warning: Wire bp_be_calculator_top_vaddr_width_p56_paddr_width_p22_asid_width_p10_branch_metadata_fwd_width_p36_core_els_p1_num_lce_p2_lce_sets_p64_cce_block_size_in_bytes_p64.\comp_stage_reg.data_i [126] is used but has no driver.
Warning: Wire bp_be_calculator_top_vaddr_width_p56_paddr_width_p22_asid_width_p10_branch_metadata_fwd_width_p36_core_els_p1_num_lce_p2_lce_sets_p64_cce_block_size_in_bytes_p64.\comp_stage_reg.data_i [125] is used but has no driver.
Warning: Wire bp_be_calculator_top_vaddr_width_p56_paddr_width_p22_asid_width_p10_branch_metadata_fwd_width_p36_core_els_p1_num_lce_p2_lce_sets_p64_cce_block_size_in_bytes_p64.\comp_stage_reg.data_i [124] is used but has no driver.
Warning: Wire bp_be_calculator_top_vaddr_width_p56_paddr_width_p22_asid_width_p10_branch_metadata_fwd_width_p36_core_els_p1_num_lce_p2_lce_sets_p64_cce_block_size_in_bytes_p64.\comp_stage_reg.data_i [123] is used but has no driver.
Warning: Wire bp_be_calculator_top_vaddr_width_p56_paddr_width_p22_asid_width_p10_branch_metadata_fwd_width_p36_core_els_p1_num_lce_p2_lce_sets_p64_cce_block_size_in_bytes_p64.\comp_stage_reg.data_i [122] is used but has no driver.
Warning: Wire bp_be_calculator_top_vaddr_width_p56_paddr_width_p22_asid_width_p10_branch_metadata_fwd_width_p36_core_els_p1_num_lce_p2_lce_sets_p64_cce_block_size_in_bytes_p64.\comp_stage_reg.data_i [121] is used but has no driver.
Warning: Wire bp_be_calculator_top_vaddr_width_p56_paddr_width_p22_asid_width_p10_branch_metadata_fwd_width_p36_core_els_p1_num_lce_p2_lce_sets_p64_cce_block_size_in_bytes_p64.\comp_stage_reg.data_i [120] is used but has no driver.
Warning: Wire bp_be_calculator_top_vaddr_width_p56_paddr_width_p22_asid_width_p10_branch_metadata_fwd_width_p36_core_els_p1_num_lce_p2_lce_sets_p64_cce_block_size_in_bytes_p64.\comp_stage_reg.data_i [119] is used but has no driver.
Warning: Wire bp_be_calculator_top_vaddr_width_p56_paddr_width_p22_asid_width_p10_branch_metadata_fwd_width_p36_core_els_p1_num_lce_p2_lce_sets_p64_cce_block_size_in_bytes_p64.\comp_stage_reg.data_i [118] is used but has no driver.
Warning: Wire bp_be_calculator_top_vaddr_width_p56_paddr_width_p22_asid_width_p10_branch_metadata_fwd_width_p36_core_els_p1_num_lce_p2_lce_sets_p64_cce_block_size_in_bytes_p64.\comp_stage_reg.data_i [117] is used but has no driver.
Warning: Wire bp_be_calculator_top_vaddr_width_p56_paddr_width_p22_asid_width_p10_branch_metadata_fwd_width_p36_core_els_p1_num_lce_p2_lce_sets_p64_cce_block_size_in_bytes_p64.\comp_stage_reg.data_i [116] is used but has no driver.
Warning: Wire bp_be_calculator_top_vaddr_width_p56_paddr_width_p22_asid_width_p10_branch_metadata_fwd_width_p36_core_els_p1_num_lce_p2_lce_sets_p64_cce_block_size_in_bytes_p64.\comp_stage_reg.data_i [115] is used but has no driver.
Warning: Wire bp_be_calculator_top_vaddr_width_p56_paddr_width_p22_asid_width_p10_branch_metadata_fwd_width_p36_core_els_p1_num_lce_p2_lce_sets_p64_cce_block_size_in_bytes_p64.\comp_stage_reg.data_i [114] is used but has no driver.
Warning: Wire bp_be_calculator_top_vaddr_width_p56_paddr_width_p22_asid_width_p10_branch_metadata_fwd_width_p36_core_els_p1_num_lce_p2_lce_sets_p64_cce_block_size_in_bytes_p64.\comp_stage_reg.data_i [113] is used but has no driver.
Warning: Wire bp_be_calculator_top_vaddr_width_p56_paddr_width_p22_asid_width_p10_branch_metadata_fwd_width_p36_core_els_p1_num_lce_p2_lce_sets_p64_cce_block_size_in_bytes_p64.\comp_stage_reg.data_i [112] is used but has no driver.
Warning: Wire bp_be_calculator_top_vaddr_width_p56_paddr_width_p22_asid_width_p10_branch_metadata_fwd_width_p36_core_els_p1_num_lce_p2_lce_sets_p64_cce_block_size_in_bytes_p64.\comp_stage_reg.data_i [111] is used but has no driver.
Warning: Wire bp_be_calculator_top_vaddr_width_p56_paddr_width_p22_asid_width_p10_branch_metadata_fwd_width_p36_core_els_p1_num_lce_p2_lce_sets_p64_cce_block_size_in_bytes_p64.\comp_stage_reg.data_i [110] is used but has no driver.
Warning: Wire bp_be_calculator_top_vaddr_width_p56_paddr_width_p22_asid_width_p10_branch_metadata_fwd_width_p36_core_els_p1_num_lce_p2_lce_sets_p64_cce_block_size_in_bytes_p64.\comp_stage_reg.data_i [109] is used but has no driver.
Warning: Wire bp_be_calculator_top_vaddr_width_p56_paddr_width_p22_asid_width_p10_branch_metadata_fwd_width_p36_core_els_p1_num_lce_p2_lce_sets_p64_cce_block_size_in_bytes_p64.\comp_stage_reg.data_i [108] is used but has no driver.
Warning: Wire bp_be_calculator_top_vaddr_width_p56_paddr_width_p22_asid_width_p10_branch_metadata_fwd_width_p36_core_els_p1_num_lce_p2_lce_sets_p64_cce_block_size_in_bytes_p64.\comp_stage_reg.data_i [107] is used but has no driver.
Warning: Wire bp_be_calculator_top_vaddr_width_p56_paddr_width_p22_asid_width_p10_branch_metadata_fwd_width_p36_core_els_p1_num_lce_p2_lce_sets_p64_cce_block_size_in_bytes_p64.\comp_stage_reg.data_i [106] is used but has no driver.
Warning: Wire bp_be_calculator_top_vaddr_width_p56_paddr_width_p22_asid_width_p10_branch_metadata_fwd_width_p36_core_els_p1_num_lce_p2_lce_sets_p64_cce_block_size_in_bytes_p64.\comp_stage_reg.data_i [105] is used but has no driver.
Warning: Wire bp_be_calculator_top_vaddr_width_p56_paddr_width_p22_asid_width_p10_branch_metadata_fwd_width_p36_core_els_p1_num_lce_p2_lce_sets_p64_cce_block_size_in_bytes_p64.\comp_stage_reg.data_i [104] is used but has no driver.
Warning: Wire bp_be_calculator_top_vaddr_width_p56_paddr_width_p22_asid_width_p10_branch_metadata_fwd_width_p36_core_els_p1_num_lce_p2_lce_sets_p64_cce_block_size_in_bytes_p64.\comp_stage_reg.data_i [103] is used but has no driver.
Warning: Wire bp_be_calculator_top_vaddr_width_p56_paddr_width_p22_asid_width_p10_branch_metadata_fwd_width_p36_core_els_p1_num_lce_p2_lce_sets_p64_cce_block_size_in_bytes_p64.\comp_stage_reg.data_i [102] is used but has no driver.
Warning: Wire bp_be_calculator_top_vaddr_width_p56_paddr_width_p22_asid_width_p10_branch_metadata_fwd_width_p36_core_els_p1_num_lce_p2_lce_sets_p64_cce_block_size_in_bytes_p64.\comp_stage_reg.data_i [101] is used but has no driver.
Warning: Wire bp_be_calculator_top_vaddr_width_p56_paddr_width_p22_asid_width_p10_branch_metadata_fwd_width_p36_core_els_p1_num_lce_p2_lce_sets_p64_cce_block_size_in_bytes_p64.\comp_stage_reg.data_i [100] is used but has no driver.
Warning: Wire bp_be_calculator_top_vaddr_width_p56_paddr_width_p22_asid_width_p10_branch_metadata_fwd_width_p36_core_els_p1_num_lce_p2_lce_sets_p64_cce_block_size_in_bytes_p64.\comp_stage_reg.data_i [99] is used but has no driver.
Warning: Wire bp_be_calculator_top_vaddr_width_p56_paddr_width_p22_asid_width_p10_branch_metadata_fwd_width_p36_core_els_p1_num_lce_p2_lce_sets_p64_cce_block_size_in_bytes_p64.\comp_stage_reg.data_i [98] is used but has no driver.
Warning: Wire bp_be_calculator_top_vaddr_width_p56_paddr_width_p22_asid_width_p10_branch_metadata_fwd_width_p36_core_els_p1_num_lce_p2_lce_sets_p64_cce_block_size_in_bytes_p64.\comp_stage_reg.data_i [97] is used but has no driver.
Warning: Wire bp_be_calculator_top_vaddr_width_p56_paddr_width_p22_asid_width_p10_branch_metadata_fwd_width_p36_core_els_p1_num_lce_p2_lce_sets_p64_cce_block_size_in_bytes_p64.\comp_stage_reg.data_i [96] is used but has no driver.
Warning: Wire bp_be_calculator_top_vaddr_width_p56_paddr_width_p22_asid_width_p10_branch_metadata_fwd_width_p36_core_els_p1_num_lce_p2_lce_sets_p64_cce_block_size_in_bytes_p64.\comp_stage_reg.data_i [95] is used but has no driver.
Warning: Wire bp_be_calculator_top_vaddr_width_p56_paddr_width_p22_asid_width_p10_branch_metadata_fwd_width_p36_core_els_p1_num_lce_p2_lce_sets_p64_cce_block_size_in_bytes_p64.\comp_stage_reg.data_i [94] is used but has no driver.
Warning: Wire bp_be_calculator_top_vaddr_width_p56_paddr_width_p22_asid_width_p10_branch_metadata_fwd_width_p36_core_els_p1_num_lce_p2_lce_sets_p64_cce_block_size_in_bytes_p64.\comp_stage_reg.data_i [93] is used but has no driver.
Warning: Wire bp_be_calculator_top_vaddr_width_p56_paddr_width_p22_asid_width_p10_branch_metadata_fwd_width_p36_core_els_p1_num_lce_p2_lce_sets_p64_cce_block_size_in_bytes_p64.\comp_stage_reg.data_i [92] is used but has no driver.
Warning: Wire bp_be_calculator_top_vaddr_width_p56_paddr_width_p22_asid_width_p10_branch_metadata_fwd_width_p36_core_els_p1_num_lce_p2_lce_sets_p64_cce_block_size_in_bytes_p64.\comp_stage_reg.data_i [91] is used but has no driver.
Warning: Wire bp_be_calculator_top_vaddr_width_p56_paddr_width_p22_asid_width_p10_branch_metadata_fwd_width_p36_core_els_p1_num_lce_p2_lce_sets_p64_cce_block_size_in_bytes_p64.\comp_stage_reg.data_i [90] is used but has no driver.
Warning: Wire bp_be_calculator_top_vaddr_width_p56_paddr_width_p22_asid_width_p10_branch_metadata_fwd_width_p36_core_els_p1_num_lce_p2_lce_sets_p64_cce_block_size_in_bytes_p64.\comp_stage_reg.data_i [89] is used but has no driver.
Warning: Wire bp_be_calculator_top_vaddr_width_p56_paddr_width_p22_asid_width_p10_branch_metadata_fwd_width_p36_core_els_p1_num_lce_p2_lce_sets_p64_cce_block_size_in_bytes_p64.\comp_stage_reg.data_i [88] is used but has no driver.
Warning: Wire bp_be_calculator_top_vaddr_width_p56_paddr_width_p22_asid_width_p10_branch_metadata_fwd_width_p36_core_els_p1_num_lce_p2_lce_sets_p64_cce_block_size_in_bytes_p64.\comp_stage_reg.data_i [87] is used but has no driver.
Warning: Wire bp_be_calculator_top_vaddr_width_p56_paddr_width_p22_asid_width_p10_branch_metadata_fwd_width_p36_core_els_p1_num_lce_p2_lce_sets_p64_cce_block_size_in_bytes_p64.\comp_stage_reg.data_i [86] is used but has no driver.
Warning: Wire bp_be_calculator_top_vaddr_width_p56_paddr_width_p22_asid_width_p10_branch_metadata_fwd_width_p36_core_els_p1_num_lce_p2_lce_sets_p64_cce_block_size_in_bytes_p64.\comp_stage_reg.data_i [85] is used but has no driver.
Warning: Wire bp_be_calculator_top_vaddr_width_p56_paddr_width_p22_asid_width_p10_branch_metadata_fwd_width_p36_core_els_p1_num_lce_p2_lce_sets_p64_cce_block_size_in_bytes_p64.\comp_stage_reg.data_i [84] is used but has no driver.
Warning: Wire bp_be_calculator_top_vaddr_width_p56_paddr_width_p22_asid_width_p10_branch_metadata_fwd_width_p36_core_els_p1_num_lce_p2_lce_sets_p64_cce_block_size_in_bytes_p64.\comp_stage_reg.data_i [83] is used but has no driver.
Warning: Wire bp_be_calculator_top_vaddr_width_p56_paddr_width_p22_asid_width_p10_branch_metadata_fwd_width_p36_core_els_p1_num_lce_p2_lce_sets_p64_cce_block_size_in_bytes_p64.\comp_stage_reg.data_i [82] is used but has no driver.
Warning: Wire bp_be_calculator_top_vaddr_width_p56_paddr_width_p22_asid_width_p10_branch_metadata_fwd_width_p36_core_els_p1_num_lce_p2_lce_sets_p64_cce_block_size_in_bytes_p64.\comp_stage_reg.data_i [81] is used but has no driver.
Warning: Wire bp_be_calculator_top_vaddr_width_p56_paddr_width_p22_asid_width_p10_branch_metadata_fwd_width_p36_core_els_p1_num_lce_p2_lce_sets_p64_cce_block_size_in_bytes_p64.\comp_stage_reg.data_i [80] is used but has no driver.
Warning: Wire bp_be_calculator_top_vaddr_width_p56_paddr_width_p22_asid_width_p10_branch_metadata_fwd_width_p36_core_els_p1_num_lce_p2_lce_sets_p64_cce_block_size_in_bytes_p64.\comp_stage_reg.data_i [79] is used but has no driver.
Warning: Wire bp_be_calculator_top_vaddr_width_p56_paddr_width_p22_asid_width_p10_branch_metadata_fwd_width_p36_core_els_p1_num_lce_p2_lce_sets_p64_cce_block_size_in_bytes_p64.\comp_stage_reg.data_i [78] is used but has no driver.
Warning: Wire bp_be_calculator_top_vaddr_width_p56_paddr_width_p22_asid_width_p10_branch_metadata_fwd_width_p36_core_els_p1_num_lce_p2_lce_sets_p64_cce_block_size_in_bytes_p64.\comp_stage_reg.data_i [77] is used but has no driver.
Warning: Wire bp_be_calculator_top_vaddr_width_p56_paddr_width_p22_asid_width_p10_branch_metadata_fwd_width_p36_core_els_p1_num_lce_p2_lce_sets_p64_cce_block_size_in_bytes_p64.\comp_stage_reg.data_i [76] is used but has no driver.
Warning: Wire bp_be_calculator_top_vaddr_width_p56_paddr_width_p22_asid_width_p10_branch_metadata_fwd_width_p36_core_els_p1_num_lce_p2_lce_sets_p64_cce_block_size_in_bytes_p64.\comp_stage_reg.data_i [75] is used but has no driver.
Warning: Wire bp_be_calculator_top_vaddr_width_p56_paddr_width_p22_asid_width_p10_branch_metadata_fwd_width_p36_core_els_p1_num_lce_p2_lce_sets_p64_cce_block_size_in_bytes_p64.\comp_stage_reg.data_i [74] is used but has no driver.
Warning: Wire bp_be_calculator_top_vaddr_width_p56_paddr_width_p22_asid_width_p10_branch_metadata_fwd_width_p36_core_els_p1_num_lce_p2_lce_sets_p64_cce_block_size_in_bytes_p64.\comp_stage_reg.data_i [73] is used but has no driver.
Warning: Wire bp_be_calculator_top_vaddr_width_p56_paddr_width_p22_asid_width_p10_branch_metadata_fwd_width_p36_core_els_p1_num_lce_p2_lce_sets_p64_cce_block_size_in_bytes_p64.\comp_stage_reg.data_i [72] is used but has no driver.
Warning: Wire bp_be_calculator_top_vaddr_width_p56_paddr_width_p22_asid_width_p10_branch_metadata_fwd_width_p36_core_els_p1_num_lce_p2_lce_sets_p64_cce_block_size_in_bytes_p64.\comp_stage_reg.data_i [71] is used but has no driver.
Warning: Wire bp_be_calculator_top_vaddr_width_p56_paddr_width_p22_asid_width_p10_branch_metadata_fwd_width_p36_core_els_p1_num_lce_p2_lce_sets_p64_cce_block_size_in_bytes_p64.\comp_stage_reg.data_i [70] is used but has no driver.
Warning: Wire bp_be_calculator_top_vaddr_width_p56_paddr_width_p22_asid_width_p10_branch_metadata_fwd_width_p36_core_els_p1_num_lce_p2_lce_sets_p64_cce_block_size_in_bytes_p64.\comp_stage_reg.data_i [69] is used but has no driver.
Warning: Wire bp_be_calculator_top_vaddr_width_p56_paddr_width_p22_asid_width_p10_branch_metadata_fwd_width_p36_core_els_p1_num_lce_p2_lce_sets_p64_cce_block_size_in_bytes_p64.\comp_stage_reg.data_i [68] is used but has no driver.
Warning: Wire bp_be_calculator_top_vaddr_width_p56_paddr_width_p22_asid_width_p10_branch_metadata_fwd_width_p36_core_els_p1_num_lce_p2_lce_sets_p64_cce_block_size_in_bytes_p64.\comp_stage_reg.data_i [67] is used but has no driver.
Warning: Wire bp_be_calculator_top_vaddr_width_p56_paddr_width_p22_asid_width_p10_branch_metadata_fwd_width_p36_core_els_p1_num_lce_p2_lce_sets_p64_cce_block_size_in_bytes_p64.\comp_stage_reg.data_i [66] is used but has no driver.
Warning: Wire bp_be_calculator_top_vaddr_width_p56_paddr_width_p22_asid_width_p10_branch_metadata_fwd_width_p36_core_els_p1_num_lce_p2_lce_sets_p64_cce_block_size_in_bytes_p64.\comp_stage_reg.data_i [65] is used but has no driver.
Warning: Wire bp_be_calculator_top_vaddr_width_p56_paddr_width_p22_asid_width_p10_branch_metadata_fwd_width_p36_core_els_p1_num_lce_p2_lce_sets_p64_cce_block_size_in_bytes_p64.\comp_stage_reg.data_i [64] is used but has no driver.
Warning: Wire bp_be_calculator_top_vaddr_width_p56_paddr_width_p22_asid_width_p10_branch_metadata_fwd_width_p36_core_els_p1_num_lce_p2_lce_sets_p64_cce_block_size_in_bytes_p64.\comp_stage_reg.data_i [63] is used but has no driver.
Warning: Wire bp_be_calculator_top_vaddr_width_p56_paddr_width_p22_asid_width_p10_branch_metadata_fwd_width_p36_core_els_p1_num_lce_p2_lce_sets_p64_cce_block_size_in_bytes_p64.\comp_stage_reg.data_i [62] is used but has no driver.
Warning: Wire bp_be_calculator_top_vaddr_width_p56_paddr_width_p22_asid_width_p10_branch_metadata_fwd_width_p36_core_els_p1_num_lce_p2_lce_sets_p64_cce_block_size_in_bytes_p64.\comp_stage_reg.data_i [61] is used but has no driver.
Warning: Wire bp_be_calculator_top_vaddr_width_p56_paddr_width_p22_asid_width_p10_branch_metadata_fwd_width_p36_core_els_p1_num_lce_p2_lce_sets_p64_cce_block_size_in_bytes_p64.\comp_stage_reg.data_i [60] is used but has no driver.
Warning: Wire bp_be_calculator_top_vaddr_width_p56_paddr_width_p22_asid_width_p10_branch_metadata_fwd_width_p36_core_els_p1_num_lce_p2_lce_sets_p64_cce_block_size_in_bytes_p64.\comp_stage_reg.data_i [59] is used but has no driver.
Warning: Wire bp_be_calculator_top_vaddr_width_p56_paddr_width_p22_asid_width_p10_branch_metadata_fwd_width_p36_core_els_p1_num_lce_p2_lce_sets_p64_cce_block_size_in_bytes_p64.\comp_stage_reg.data_i [58] is used but has no driver.
Warning: Wire bp_be_calculator_top_vaddr_width_p56_paddr_width_p22_asid_width_p10_branch_metadata_fwd_width_p36_core_els_p1_num_lce_p2_lce_sets_p64_cce_block_size_in_bytes_p64.\comp_stage_reg.data_i [57] is used but has no driver.
Warning: Wire bp_be_calculator_top_vaddr_width_p56_paddr_width_p22_asid_width_p10_branch_metadata_fwd_width_p36_core_els_p1_num_lce_p2_lce_sets_p64_cce_block_size_in_bytes_p64.\comp_stage_reg.data_i [56] is used but has no driver.
Warning: Wire bp_be_calculator_top_vaddr_width_p56_paddr_width_p22_asid_width_p10_branch_metadata_fwd_width_p36_core_els_p1_num_lce_p2_lce_sets_p64_cce_block_size_in_bytes_p64.\comp_stage_reg.data_i [55] is used but has no driver.
Warning: Wire bp_be_calculator_top_vaddr_width_p56_paddr_width_p22_asid_width_p10_branch_metadata_fwd_width_p36_core_els_p1_num_lce_p2_lce_sets_p64_cce_block_size_in_bytes_p64.\comp_stage_reg.data_i [54] is used but has no driver.
Warning: Wire bp_be_calculator_top_vaddr_width_p56_paddr_width_p22_asid_width_p10_branch_metadata_fwd_width_p36_core_els_p1_num_lce_p2_lce_sets_p64_cce_block_size_in_bytes_p64.\comp_stage_reg.data_i [53] is used but has no driver.
Warning: Wire bp_be_calculator_top_vaddr_width_p56_paddr_width_p22_asid_width_p10_branch_metadata_fwd_width_p36_core_els_p1_num_lce_p2_lce_sets_p64_cce_block_size_in_bytes_p64.\comp_stage_reg.data_i [52] is used but has no driver.
Warning: Wire bp_be_calculator_top_vaddr_width_p56_paddr_width_p22_asid_width_p10_branch_metadata_fwd_width_p36_core_els_p1_num_lce_p2_lce_sets_p64_cce_block_size_in_bytes_p64.\comp_stage_reg.data_i [51] is used but has no driver.
Warning: Wire bp_be_calculator_top_vaddr_width_p56_paddr_width_p22_asid_width_p10_branch_metadata_fwd_width_p36_core_els_p1_num_lce_p2_lce_sets_p64_cce_block_size_in_bytes_p64.\comp_stage_reg.data_i [50] is used but has no driver.
Warning: Wire bp_be_calculator_top_vaddr_width_p56_paddr_width_p22_asid_width_p10_branch_metadata_fwd_width_p36_core_els_p1_num_lce_p2_lce_sets_p64_cce_block_size_in_bytes_p64.\comp_stage_reg.data_i [49] is used but has no driver.
Warning: Wire bp_be_calculator_top_vaddr_width_p56_paddr_width_p22_asid_width_p10_branch_metadata_fwd_width_p36_core_els_p1_num_lce_p2_lce_sets_p64_cce_block_size_in_bytes_p64.\comp_stage_reg.data_i [48] is used but has no driver.
Warning: Wire bp_be_calculator_top_vaddr_width_p56_paddr_width_p22_asid_width_p10_branch_metadata_fwd_width_p36_core_els_p1_num_lce_p2_lce_sets_p64_cce_block_size_in_bytes_p64.\comp_stage_reg.data_i [47] is used but has no driver.
Warning: Wire bp_be_calculator_top_vaddr_width_p56_paddr_width_p22_asid_width_p10_branch_metadata_fwd_width_p36_core_els_p1_num_lce_p2_lce_sets_p64_cce_block_size_in_bytes_p64.\comp_stage_reg.data_i [46] is used but has no driver.
Warning: Wire bp_be_calculator_top_vaddr_width_p56_paddr_width_p22_asid_width_p10_branch_metadata_fwd_width_p36_core_els_p1_num_lce_p2_lce_sets_p64_cce_block_size_in_bytes_p64.\comp_stage_reg.data_i [45] is used but has no driver.
Warning: Wire bp_be_calculator_top_vaddr_width_p56_paddr_width_p22_asid_width_p10_branch_metadata_fwd_width_p36_core_els_p1_num_lce_p2_lce_sets_p64_cce_block_size_in_bytes_p64.\comp_stage_reg.data_i [44] is used but has no driver.
Warning: Wire bp_be_calculator_top_vaddr_width_p56_paddr_width_p22_asid_width_p10_branch_metadata_fwd_width_p36_core_els_p1_num_lce_p2_lce_sets_p64_cce_block_size_in_bytes_p64.\comp_stage_reg.data_i [43] is used but has no driver.
Warning: Wire bp_be_calculator_top_vaddr_width_p56_paddr_width_p22_asid_width_p10_branch_metadata_fwd_width_p36_core_els_p1_num_lce_p2_lce_sets_p64_cce_block_size_in_bytes_p64.\comp_stage_reg.data_i [42] is used but has no driver.
Warning: Wire bp_be_calculator_top_vaddr_width_p56_paddr_width_p22_asid_width_p10_branch_metadata_fwd_width_p36_core_els_p1_num_lce_p2_lce_sets_p64_cce_block_size_in_bytes_p64.\comp_stage_reg.data_i [41] is used but has no driver.
Warning: Wire bp_be_calculator_top_vaddr_width_p56_paddr_width_p22_asid_width_p10_branch_metadata_fwd_width_p36_core_els_p1_num_lce_p2_lce_sets_p64_cce_block_size_in_bytes_p64.\comp_stage_reg.data_i [40] is used but has no driver.
Warning: Wire bp_be_calculator_top_vaddr_width_p56_paddr_width_p22_asid_width_p10_branch_metadata_fwd_width_p36_core_els_p1_num_lce_p2_lce_sets_p64_cce_block_size_in_bytes_p64.\comp_stage_reg.data_i [39] is used but has no driver.
Warning: Wire bp_be_calculator_top_vaddr_width_p56_paddr_width_p22_asid_width_p10_branch_metadata_fwd_width_p36_core_els_p1_num_lce_p2_lce_sets_p64_cce_block_size_in_bytes_p64.\comp_stage_reg.data_i [38] is used but has no driver.
Warning: Wire bp_be_calculator_top_vaddr_width_p56_paddr_width_p22_asid_width_p10_branch_metadata_fwd_width_p36_core_els_p1_num_lce_p2_lce_sets_p64_cce_block_size_in_bytes_p64.\comp_stage_reg.data_i [37] is used but has no driver.
Warning: Wire bp_be_calculator_top_vaddr_width_p56_paddr_width_p22_asid_width_p10_branch_metadata_fwd_width_p36_core_els_p1_num_lce_p2_lce_sets_p64_cce_block_size_in_bytes_p64.\comp_stage_reg.data_i [36] is used but has no driver.
Warning: Wire bp_be_calculator_top_vaddr_width_p56_paddr_width_p22_asid_width_p10_branch_metadata_fwd_width_p36_core_els_p1_num_lce_p2_lce_sets_p64_cce_block_size_in_bytes_p64.\comp_stage_reg.data_i [35] is used but has no driver.
Warning: Wire bp_be_calculator_top_vaddr_width_p56_paddr_width_p22_asid_width_p10_branch_metadata_fwd_width_p36_core_els_p1_num_lce_p2_lce_sets_p64_cce_block_size_in_bytes_p64.\comp_stage_reg.data_i [34] is used but has no driver.
Warning: Wire bp_be_calculator_top_vaddr_width_p56_paddr_width_p22_asid_width_p10_branch_metadata_fwd_width_p36_core_els_p1_num_lce_p2_lce_sets_p64_cce_block_size_in_bytes_p64.\comp_stage_reg.data_i [33] is used but has no driver.
Warning: Wire bp_be_calculator_top_vaddr_width_p56_paddr_width_p22_asid_width_p10_branch_metadata_fwd_width_p36_core_els_p1_num_lce_p2_lce_sets_p64_cce_block_size_in_bytes_p64.\comp_stage_reg.data_i [32] is used but has no driver.
Warning: Wire bp_be_calculator_top_vaddr_width_p56_paddr_width_p22_asid_width_p10_branch_metadata_fwd_width_p36_core_els_p1_num_lce_p2_lce_sets_p64_cce_block_size_in_bytes_p64.\comp_stage_reg.data_i [31] is used but has no driver.
Warning: Wire bp_be_calculator_top_vaddr_width_p56_paddr_width_p22_asid_width_p10_branch_metadata_fwd_width_p36_core_els_p1_num_lce_p2_lce_sets_p64_cce_block_size_in_bytes_p64.\comp_stage_reg.data_i [30] is used but has no driver.
Warning: Wire bp_be_calculator_top_vaddr_width_p56_paddr_width_p22_asid_width_p10_branch_metadata_fwd_width_p36_core_els_p1_num_lce_p2_lce_sets_p64_cce_block_size_in_bytes_p64.\comp_stage_reg.data_i [29] is used but has no driver.
Warning: Wire bp_be_calculator_top_vaddr_width_p56_paddr_width_p22_asid_width_p10_branch_metadata_fwd_width_p36_core_els_p1_num_lce_p2_lce_sets_p64_cce_block_size_in_bytes_p64.\comp_stage_reg.data_i [28] is used but has no driver.
Warning: Wire bp_be_calculator_top_vaddr_width_p56_paddr_width_p22_asid_width_p10_branch_metadata_fwd_width_p36_core_els_p1_num_lce_p2_lce_sets_p64_cce_block_size_in_bytes_p64.\comp_stage_reg.data_i [27] is used but has no driver.
Warning: Wire bp_be_calculator_top_vaddr_width_p56_paddr_width_p22_asid_width_p10_branch_metadata_fwd_width_p36_core_els_p1_num_lce_p2_lce_sets_p64_cce_block_size_in_bytes_p64.\comp_stage_reg.data_i [26] is used but has no driver.
Warning: Wire bp_be_calculator_top_vaddr_width_p56_paddr_width_p22_asid_width_p10_branch_metadata_fwd_width_p36_core_els_p1_num_lce_p2_lce_sets_p64_cce_block_size_in_bytes_p64.\comp_stage_reg.data_i [25] is used but has no driver.
Warning: Wire bp_be_calculator_top_vaddr_width_p56_paddr_width_p22_asid_width_p10_branch_metadata_fwd_width_p36_core_els_p1_num_lce_p2_lce_sets_p64_cce_block_size_in_bytes_p64.\comp_stage_reg.data_i [24] is used but has no driver.
Warning: Wire bp_be_calculator_top_vaddr_width_p56_paddr_width_p22_asid_width_p10_branch_metadata_fwd_width_p36_core_els_p1_num_lce_p2_lce_sets_p64_cce_block_size_in_bytes_p64.\comp_stage_reg.data_i [23] is used but has no driver.
Warning: Wire bp_be_calculator_top_vaddr_width_p56_paddr_width_p22_asid_width_p10_branch_metadata_fwd_width_p36_core_els_p1_num_lce_p2_lce_sets_p64_cce_block_size_in_bytes_p64.\comp_stage_reg.data_i [22] is used but has no driver.
Warning: Wire bp_be_calculator_top_vaddr_width_p56_paddr_width_p22_asid_width_p10_branch_metadata_fwd_width_p36_core_els_p1_num_lce_p2_lce_sets_p64_cce_block_size_in_bytes_p64.\comp_stage_reg.data_i [21] is used but has no driver.
Warning: Wire bp_be_calculator_top_vaddr_width_p56_paddr_width_p22_asid_width_p10_branch_metadata_fwd_width_p36_core_els_p1_num_lce_p2_lce_sets_p64_cce_block_size_in_bytes_p64.\comp_stage_reg.data_i [20] is used but has no driver.
Warning: Wire bp_be_calculator_top_vaddr_width_p56_paddr_width_p22_asid_width_p10_branch_metadata_fwd_width_p36_core_els_p1_num_lce_p2_lce_sets_p64_cce_block_size_in_bytes_p64.\comp_stage_reg.data_i [19] is used but has no driver.
Warning: Wire bp_be_calculator_top_vaddr_width_p56_paddr_width_p22_asid_width_p10_branch_metadata_fwd_width_p36_core_els_p1_num_lce_p2_lce_sets_p64_cce_block_size_in_bytes_p64.\comp_stage_reg.data_i [18] is used but has no driver.
Warning: Wire bp_be_calculator_top_vaddr_width_p56_paddr_width_p22_asid_width_p10_branch_metadata_fwd_width_p36_core_els_p1_num_lce_p2_lce_sets_p64_cce_block_size_in_bytes_p64.\comp_stage_reg.data_i [17] is used but has no driver.
Warning: Wire bp_be_calculator_top_vaddr_width_p56_paddr_width_p22_asid_width_p10_branch_metadata_fwd_width_p36_core_els_p1_num_lce_p2_lce_sets_p64_cce_block_size_in_bytes_p64.\comp_stage_reg.data_i [16] is used but has no driver.
Warning: Wire bp_be_calculator_top_vaddr_width_p56_paddr_width_p22_asid_width_p10_branch_metadata_fwd_width_p36_core_els_p1_num_lce_p2_lce_sets_p64_cce_block_size_in_bytes_p64.\comp_stage_reg.data_i [15] is used but has no driver.
Warning: Wire bp_be_calculator_top_vaddr_width_p56_paddr_width_p22_asid_width_p10_branch_metadata_fwd_width_p36_core_els_p1_num_lce_p2_lce_sets_p64_cce_block_size_in_bytes_p64.\comp_stage_reg.data_i [14] is used but has no driver.
Warning: Wire bp_be_calculator_top_vaddr_width_p56_paddr_width_p22_asid_width_p10_branch_metadata_fwd_width_p36_core_els_p1_num_lce_p2_lce_sets_p64_cce_block_size_in_bytes_p64.\comp_stage_reg.data_i [13] is used but has no driver.
Warning: Wire bp_be_calculator_top_vaddr_width_p56_paddr_width_p22_asid_width_p10_branch_metadata_fwd_width_p36_core_els_p1_num_lce_p2_lce_sets_p64_cce_block_size_in_bytes_p64.\comp_stage_reg.data_i [12] is used but has no driver.
Warning: Wire bp_be_calculator_top_vaddr_width_p56_paddr_width_p22_asid_width_p10_branch_metadata_fwd_width_p36_core_els_p1_num_lce_p2_lce_sets_p64_cce_block_size_in_bytes_p64.\comp_stage_reg.data_i [11] is used but has no driver.
Warning: Wire bp_be_calculator_top_vaddr_width_p56_paddr_width_p22_asid_width_p10_branch_metadata_fwd_width_p36_core_els_p1_num_lce_p2_lce_sets_p64_cce_block_size_in_bytes_p64.\comp_stage_reg.data_i [10] is used but has no driver.
Warning: Wire bp_be_calculator_top_vaddr_width_p56_paddr_width_p22_asid_width_p10_branch_metadata_fwd_width_p36_core_els_p1_num_lce_p2_lce_sets_p64_cce_block_size_in_bytes_p64.\comp_stage_reg.data_i [9] is used but has no driver.
Warning: Wire bp_be_calculator_top_vaddr_width_p56_paddr_width_p22_asid_width_p10_branch_metadata_fwd_width_p36_core_els_p1_num_lce_p2_lce_sets_p64_cce_block_size_in_bytes_p64.\comp_stage_reg.data_i [8] is used but has no driver.
Warning: Wire bp_be_calculator_top_vaddr_width_p56_paddr_width_p22_asid_width_p10_branch_metadata_fwd_width_p36_core_els_p1_num_lce_p2_lce_sets_p64_cce_block_size_in_bytes_p64.\comp_stage_reg.data_i [7] is used but has no driver.
Warning: Wire bp_be_calculator_top_vaddr_width_p56_paddr_width_p22_asid_width_p10_branch_metadata_fwd_width_p36_core_els_p1_num_lce_p2_lce_sets_p64_cce_block_size_in_bytes_p64.\comp_stage_reg.data_i [6] is used but has no driver.
Warning: Wire bp_be_calculator_top_vaddr_width_p56_paddr_width_p22_asid_width_p10_branch_metadata_fwd_width_p36_core_els_p1_num_lce_p2_lce_sets_p64_cce_block_size_in_bytes_p64.\comp_stage_reg.data_i [5] is used but has no driver.
Warning: Wire bp_be_calculator_top_vaddr_width_p56_paddr_width_p22_asid_width_p10_branch_metadata_fwd_width_p36_core_els_p1_num_lce_p2_lce_sets_p64_cce_block_size_in_bytes_p64.\comp_stage_reg.data_i [4] is used but has no driver.
Warning: Wire bp_be_calculator_top_vaddr_width_p56_paddr_width_p22_asid_width_p10_branch_metadata_fwd_width_p36_core_els_p1_num_lce_p2_lce_sets_p64_cce_block_size_in_bytes_p64.\comp_stage_reg.data_i [3] is used but has no driver.
Warning: Wire bp_be_calculator_top_vaddr_width_p56_paddr_width_p22_asid_width_p10_branch_metadata_fwd_width_p36_core_els_p1_num_lce_p2_lce_sets_p64_cce_block_size_in_bytes_p64.\comp_stage_reg.data_i [2] is used but has no driver.
Warning: Wire bp_be_calculator_top_vaddr_width_p56_paddr_width_p22_asid_width_p10_branch_metadata_fwd_width_p36_core_els_p1_num_lce_p2_lce_sets_p64_cce_block_size_in_bytes_p64.\comp_stage_reg.data_i [1] is used but has no driver.
Warning: Wire bp_be_calculator_top_vaddr_width_p56_paddr_width_p22_asid_width_p10_branch_metadata_fwd_width_p36_core_els_p1_num_lce_p2_lce_sets_p64_cce_block_size_in_bytes_p64.\comp_stage_reg.data_i [0] is used but has no driver.
Warning: Wire bp_be_calculator_top_vaddr_width_p56_paddr_width_p22_asid_width_p10_branch_metadata_fwd_width_p36_core_els_p1_num_lce_p2_lce_sets_p64_cce_block_size_in_bytes_p64.\comp_stage_mux.data1_i [319] is used but has no driver.
Warning: Wire bp_be_calculator_top_vaddr_width_p56_paddr_width_p22_asid_width_p10_branch_metadata_fwd_width_p36_core_els_p1_num_lce_p2_lce_sets_p64_cce_block_size_in_bytes_p64.\comp_stage_mux.data1_i [318] is used but has no driver.
Warning: Wire bp_be_calculator_top_vaddr_width_p56_paddr_width_p22_asid_width_p10_branch_metadata_fwd_width_p36_core_els_p1_num_lce_p2_lce_sets_p64_cce_block_size_in_bytes_p64.\comp_stage_mux.data1_i [317] is used but has no driver.
Warning: Wire bp_be_calculator_top_vaddr_width_p56_paddr_width_p22_asid_width_p10_branch_metadata_fwd_width_p36_core_els_p1_num_lce_p2_lce_sets_p64_cce_block_size_in_bytes_p64.\comp_stage_mux.data1_i [316] is used but has no driver.
Warning: Wire bp_be_calculator_top_vaddr_width_p56_paddr_width_p22_asid_width_p10_branch_metadata_fwd_width_p36_core_els_p1_num_lce_p2_lce_sets_p64_cce_block_size_in_bytes_p64.\comp_stage_mux.data1_i [315] is used but has no driver.
Warning: Wire bp_be_calculator_top_vaddr_width_p56_paddr_width_p22_asid_width_p10_branch_metadata_fwd_width_p36_core_els_p1_num_lce_p2_lce_sets_p64_cce_block_size_in_bytes_p64.\comp_stage_mux.data1_i [314] is used but has no driver.
Warning: Wire bp_be_calculator_top_vaddr_width_p56_paddr_width_p22_asid_width_p10_branch_metadata_fwd_width_p36_core_els_p1_num_lce_p2_lce_sets_p64_cce_block_size_in_bytes_p64.\comp_stage_mux.data1_i [313] is used but has no driver.
Warning: Wire bp_be_calculator_top_vaddr_width_p56_paddr_width_p22_asid_width_p10_branch_metadata_fwd_width_p36_core_els_p1_num_lce_p2_lce_sets_p64_cce_block_size_in_bytes_p64.\comp_stage_mux.data1_i [312] is used but has no driver.
Warning: Wire bp_be_calculator_top_vaddr_width_p56_paddr_width_p22_asid_width_p10_branch_metadata_fwd_width_p36_core_els_p1_num_lce_p2_lce_sets_p64_cce_block_size_in_bytes_p64.\comp_stage_mux.data1_i [311] is used but has no driver.
Warning: Wire bp_be_calculator_top_vaddr_width_p56_paddr_width_p22_asid_width_p10_branch_metadata_fwd_width_p36_core_els_p1_num_lce_p2_lce_sets_p64_cce_block_size_in_bytes_p64.\comp_stage_mux.data1_i [310] is used but has no driver.
Warning: Wire bp_be_calculator_top_vaddr_width_p56_paddr_width_p22_asid_width_p10_branch_metadata_fwd_width_p36_core_els_p1_num_lce_p2_lce_sets_p64_cce_block_size_in_bytes_p64.\comp_stage_mux.data1_i [309] is used but has no driver.
Warning: Wire bp_be_calculator_top_vaddr_width_p56_paddr_width_p22_asid_width_p10_branch_metadata_fwd_width_p36_core_els_p1_num_lce_p2_lce_sets_p64_cce_block_size_in_bytes_p64.\comp_stage_mux.data1_i [308] is used but has no driver.
Warning: Wire bp_be_calculator_top_vaddr_width_p56_paddr_width_p22_asid_width_p10_branch_metadata_fwd_width_p36_core_els_p1_num_lce_p2_lce_sets_p64_cce_block_size_in_bytes_p64.\comp_stage_mux.data1_i [307] is used but has no driver.
Warning: Wire bp_be_calculator_top_vaddr_width_p56_paddr_width_p22_asid_width_p10_branch_metadata_fwd_width_p36_core_els_p1_num_lce_p2_lce_sets_p64_cce_block_size_in_bytes_p64.\comp_stage_mux.data1_i [306] is used but has no driver.
Warning: Wire bp_be_calculator_top_vaddr_width_p56_paddr_width_p22_asid_width_p10_branch_metadata_fwd_width_p36_core_els_p1_num_lce_p2_lce_sets_p64_cce_block_size_in_bytes_p64.\comp_stage_mux.data1_i [305] is used but has no driver.
Warning: Wire bp_be_calculator_top_vaddr_width_p56_paddr_width_p22_asid_width_p10_branch_metadata_fwd_width_p36_core_els_p1_num_lce_p2_lce_sets_p64_cce_block_size_in_bytes_p64.\comp_stage_mux.data1_i [304] is used but has no driver.
Warning: Wire bp_be_calculator_top_vaddr_width_p56_paddr_width_p22_asid_width_p10_branch_metadata_fwd_width_p36_core_els_p1_num_lce_p2_lce_sets_p64_cce_block_size_in_bytes_p64.\comp_stage_mux.data1_i [303] is used but has no driver.
Warning: Wire bp_be_calculator_top_vaddr_width_p56_paddr_width_p22_asid_width_p10_branch_metadata_fwd_width_p36_core_els_p1_num_lce_p2_lce_sets_p64_cce_block_size_in_bytes_p64.\comp_stage_mux.data1_i [302] is used but has no driver.
Warning: Wire bp_be_calculator_top_vaddr_width_p56_paddr_width_p22_asid_width_p10_branch_metadata_fwd_width_p36_core_els_p1_num_lce_p2_lce_sets_p64_cce_block_size_in_bytes_p64.\comp_stage_mux.data1_i [301] is used but has no driver.
Warning: Wire bp_be_calculator_top_vaddr_width_p56_paddr_width_p22_asid_width_p10_branch_metadata_fwd_width_p36_core_els_p1_num_lce_p2_lce_sets_p64_cce_block_size_in_bytes_p64.\comp_stage_mux.data1_i [300] is used but has no driver.
Warning: Wire bp_be_calculator_top_vaddr_width_p56_paddr_width_p22_asid_width_p10_branch_metadata_fwd_width_p36_core_els_p1_num_lce_p2_lce_sets_p64_cce_block_size_in_bytes_p64.\comp_stage_mux.data1_i [299] is used but has no driver.
Warning: Wire bp_be_calculator_top_vaddr_width_p56_paddr_width_p22_asid_width_p10_branch_metadata_fwd_width_p36_core_els_p1_num_lce_p2_lce_sets_p64_cce_block_size_in_bytes_p64.\comp_stage_mux.data1_i [298] is used but has no driver.
Warning: Wire bp_be_calculator_top_vaddr_width_p56_paddr_width_p22_asid_width_p10_branch_metadata_fwd_width_p36_core_els_p1_num_lce_p2_lce_sets_p64_cce_block_size_in_bytes_p64.\comp_stage_mux.data1_i [297] is used but has no driver.
Warning: Wire bp_be_calculator_top_vaddr_width_p56_paddr_width_p22_asid_width_p10_branch_metadata_fwd_width_p36_core_els_p1_num_lce_p2_lce_sets_p64_cce_block_size_in_bytes_p64.\comp_stage_mux.data1_i [296] is used but has no driver.
Warning: Wire bp_be_calculator_top_vaddr_width_p56_paddr_width_p22_asid_width_p10_branch_metadata_fwd_width_p36_core_els_p1_num_lce_p2_lce_sets_p64_cce_block_size_in_bytes_p64.\comp_stage_mux.data1_i [295] is used but has no driver.
Warning: Wire bp_be_calculator_top_vaddr_width_p56_paddr_width_p22_asid_width_p10_branch_metadata_fwd_width_p36_core_els_p1_num_lce_p2_lce_sets_p64_cce_block_size_in_bytes_p64.\comp_stage_mux.data1_i [294] is used but has no driver.
Warning: Wire bp_be_calculator_top_vaddr_width_p56_paddr_width_p22_asid_width_p10_branch_metadata_fwd_width_p36_core_els_p1_num_lce_p2_lce_sets_p64_cce_block_size_in_bytes_p64.\comp_stage_mux.data1_i [293] is used but has no driver.
Warning: Wire bp_be_calculator_top_vaddr_width_p56_paddr_width_p22_asid_width_p10_branch_metadata_fwd_width_p36_core_els_p1_num_lce_p2_lce_sets_p64_cce_block_size_in_bytes_p64.\comp_stage_mux.data1_i [292] is used but has no driver.
Warning: Wire bp_be_calculator_top_vaddr_width_p56_paddr_width_p22_asid_width_p10_branch_metadata_fwd_width_p36_core_els_p1_num_lce_p2_lce_sets_p64_cce_block_size_in_bytes_p64.\comp_stage_mux.data1_i [291] is used but has no driver.
Warning: Wire bp_be_calculator_top_vaddr_width_p56_paddr_width_p22_asid_width_p10_branch_metadata_fwd_width_p36_core_els_p1_num_lce_p2_lce_sets_p64_cce_block_size_in_bytes_p64.\comp_stage_mux.data1_i [290] is used but has no driver.
Warning: Wire bp_be_calculator_top_vaddr_width_p56_paddr_width_p22_asid_width_p10_branch_metadata_fwd_width_p36_core_els_p1_num_lce_p2_lce_sets_p64_cce_block_size_in_bytes_p64.\comp_stage_mux.data1_i [289] is used but has no driver.
Warning: Wire bp_be_calculator_top_vaddr_width_p56_paddr_width_p22_asid_width_p10_branch_metadata_fwd_width_p36_core_els_p1_num_lce_p2_lce_sets_p64_cce_block_size_in_bytes_p64.\comp_stage_mux.data1_i [288] is used but has no driver.
Warning: Wire bp_be_calculator_top_vaddr_width_p56_paddr_width_p22_asid_width_p10_branch_metadata_fwd_width_p36_core_els_p1_num_lce_p2_lce_sets_p64_cce_block_size_in_bytes_p64.\comp_stage_mux.data1_i [287] is used but has no driver.
Warning: Wire bp_be_calculator_top_vaddr_width_p56_paddr_width_p22_asid_width_p10_branch_metadata_fwd_width_p36_core_els_p1_num_lce_p2_lce_sets_p64_cce_block_size_in_bytes_p64.\comp_stage_mux.data1_i [286] is used but has no driver.
Warning: Wire bp_be_calculator_top_vaddr_width_p56_paddr_width_p22_asid_width_p10_branch_metadata_fwd_width_p36_core_els_p1_num_lce_p2_lce_sets_p64_cce_block_size_in_bytes_p64.\comp_stage_mux.data1_i [285] is used but has no driver.
Warning: Wire bp_be_calculator_top_vaddr_width_p56_paddr_width_p22_asid_width_p10_branch_metadata_fwd_width_p36_core_els_p1_num_lce_p2_lce_sets_p64_cce_block_size_in_bytes_p64.\comp_stage_mux.data1_i [284] is used but has no driver.
Warning: Wire bp_be_calculator_top_vaddr_width_p56_paddr_width_p22_asid_width_p10_branch_metadata_fwd_width_p36_core_els_p1_num_lce_p2_lce_sets_p64_cce_block_size_in_bytes_p64.\comp_stage_mux.data1_i [283] is used but has no driver.
Warning: Wire bp_be_calculator_top_vaddr_width_p56_paddr_width_p22_asid_width_p10_branch_metadata_fwd_width_p36_core_els_p1_num_lce_p2_lce_sets_p64_cce_block_size_in_bytes_p64.\comp_stage_mux.data1_i [282] is used but has no driver.
Warning: Wire bp_be_calculator_top_vaddr_width_p56_paddr_width_p22_asid_width_p10_branch_metadata_fwd_width_p36_core_els_p1_num_lce_p2_lce_sets_p64_cce_block_size_in_bytes_p64.\comp_stage_mux.data1_i [281] is used but has no driver.
Warning: Wire bp_be_calculator_top_vaddr_width_p56_paddr_width_p22_asid_width_p10_branch_metadata_fwd_width_p36_core_els_p1_num_lce_p2_lce_sets_p64_cce_block_size_in_bytes_p64.\comp_stage_mux.data1_i [280] is used but has no driver.
Warning: Wire bp_be_calculator_top_vaddr_width_p56_paddr_width_p22_asid_width_p10_branch_metadata_fwd_width_p36_core_els_p1_num_lce_p2_lce_sets_p64_cce_block_size_in_bytes_p64.\comp_stage_mux.data1_i [279] is used but has no driver.
Warning: Wire bp_be_calculator_top_vaddr_width_p56_paddr_width_p22_asid_width_p10_branch_metadata_fwd_width_p36_core_els_p1_num_lce_p2_lce_sets_p64_cce_block_size_in_bytes_p64.\comp_stage_mux.data1_i [278] is used but has no driver.
Warning: Wire bp_be_calculator_top_vaddr_width_p56_paddr_width_p22_asid_width_p10_branch_metadata_fwd_width_p36_core_els_p1_num_lce_p2_lce_sets_p64_cce_block_size_in_bytes_p64.\comp_stage_mux.data1_i [277] is used but has no driver.
Warning: Wire bp_be_calculator_top_vaddr_width_p56_paddr_width_p22_asid_width_p10_branch_metadata_fwd_width_p36_core_els_p1_num_lce_p2_lce_sets_p64_cce_block_size_in_bytes_p64.\comp_stage_mux.data1_i [276] is used but has no driver.
Warning: Wire bp_be_calculator_top_vaddr_width_p56_paddr_width_p22_asid_width_p10_branch_metadata_fwd_width_p36_core_els_p1_num_lce_p2_lce_sets_p64_cce_block_size_in_bytes_p64.\comp_stage_mux.data1_i [275] is used but has no driver.
Warning: Wire bp_be_calculator_top_vaddr_width_p56_paddr_width_p22_asid_width_p10_branch_metadata_fwd_width_p36_core_els_p1_num_lce_p2_lce_sets_p64_cce_block_size_in_bytes_p64.\comp_stage_mux.data1_i [274] is used but has no driver.
Warning: Wire bp_be_calculator_top_vaddr_width_p56_paddr_width_p22_asid_width_p10_branch_metadata_fwd_width_p36_core_els_p1_num_lce_p2_lce_sets_p64_cce_block_size_in_bytes_p64.\comp_stage_mux.data1_i [273] is used but has no driver.
Warning: Wire bp_be_calculator_top_vaddr_width_p56_paddr_width_p22_asid_width_p10_branch_metadata_fwd_width_p36_core_els_p1_num_lce_p2_lce_sets_p64_cce_block_size_in_bytes_p64.\comp_stage_mux.data1_i [272] is used but has no driver.
Warning: Wire bp_be_calculator_top_vaddr_width_p56_paddr_width_p22_asid_width_p10_branch_metadata_fwd_width_p36_core_els_p1_num_lce_p2_lce_sets_p64_cce_block_size_in_bytes_p64.\comp_stage_mux.data1_i [271] is used but has no driver.
Warning: Wire bp_be_calculator_top_vaddr_width_p56_paddr_width_p22_asid_width_p10_branch_metadata_fwd_width_p36_core_els_p1_num_lce_p2_lce_sets_p64_cce_block_size_in_bytes_p64.\comp_stage_mux.data1_i [270] is used but has no driver.
Warning: Wire bp_be_calculator_top_vaddr_width_p56_paddr_width_p22_asid_width_p10_branch_metadata_fwd_width_p36_core_els_p1_num_lce_p2_lce_sets_p64_cce_block_size_in_bytes_p64.\comp_stage_mux.data1_i [269] is used but has no driver.
Warning: Wire bp_be_calculator_top_vaddr_width_p56_paddr_width_p22_asid_width_p10_branch_metadata_fwd_width_p36_core_els_p1_num_lce_p2_lce_sets_p64_cce_block_size_in_bytes_p64.\comp_stage_mux.data1_i [268] is used but has no driver.
Warning: Wire bp_be_calculator_top_vaddr_width_p56_paddr_width_p22_asid_width_p10_branch_metadata_fwd_width_p36_core_els_p1_num_lce_p2_lce_sets_p64_cce_block_size_in_bytes_p64.\comp_stage_mux.data1_i [267] is used but has no driver.
Warning: Wire bp_be_calculator_top_vaddr_width_p56_paddr_width_p22_asid_width_p10_branch_metadata_fwd_width_p36_core_els_p1_num_lce_p2_lce_sets_p64_cce_block_size_in_bytes_p64.\comp_stage_mux.data1_i [266] is used but has no driver.
Warning: Wire bp_be_calculator_top_vaddr_width_p56_paddr_width_p22_asid_width_p10_branch_metadata_fwd_width_p36_core_els_p1_num_lce_p2_lce_sets_p64_cce_block_size_in_bytes_p64.\comp_stage_mux.data1_i [265] is used but has no driver.
Warning: Wire bp_be_calculator_top_vaddr_width_p56_paddr_width_p22_asid_width_p10_branch_metadata_fwd_width_p36_core_els_p1_num_lce_p2_lce_sets_p64_cce_block_size_in_bytes_p64.\comp_stage_mux.data1_i [264] is used but has no driver.
Warning: Wire bp_be_calculator_top_vaddr_width_p56_paddr_width_p22_asid_width_p10_branch_metadata_fwd_width_p36_core_els_p1_num_lce_p2_lce_sets_p64_cce_block_size_in_bytes_p64.\comp_stage_mux.data1_i [263] is used but has no driver.
Warning: Wire bp_be_calculator_top_vaddr_width_p56_paddr_width_p22_asid_width_p10_branch_metadata_fwd_width_p36_core_els_p1_num_lce_p2_lce_sets_p64_cce_block_size_in_bytes_p64.\comp_stage_mux.data1_i [262] is used but has no driver.
Warning: Wire bp_be_calculator_top_vaddr_width_p56_paddr_width_p22_asid_width_p10_branch_metadata_fwd_width_p36_core_els_p1_num_lce_p2_lce_sets_p64_cce_block_size_in_bytes_p64.\comp_stage_mux.data1_i [261] is used but has no driver.
Warning: Wire bp_be_calculator_top_vaddr_width_p56_paddr_width_p22_asid_width_p10_branch_metadata_fwd_width_p36_core_els_p1_num_lce_p2_lce_sets_p64_cce_block_size_in_bytes_p64.\comp_stage_mux.data1_i [260] is used but has no driver.
Warning: Wire bp_be_calculator_top_vaddr_width_p56_paddr_width_p22_asid_width_p10_branch_metadata_fwd_width_p36_core_els_p1_num_lce_p2_lce_sets_p64_cce_block_size_in_bytes_p64.\comp_stage_mux.data1_i [259] is used but has no driver.
Warning: Wire bp_be_calculator_top_vaddr_width_p56_paddr_width_p22_asid_width_p10_branch_metadata_fwd_width_p36_core_els_p1_num_lce_p2_lce_sets_p64_cce_block_size_in_bytes_p64.\comp_stage_mux.data1_i [258] is used but has no driver.
Warning: Wire bp_be_calculator_top_vaddr_width_p56_paddr_width_p22_asid_width_p10_branch_metadata_fwd_width_p36_core_els_p1_num_lce_p2_lce_sets_p64_cce_block_size_in_bytes_p64.\comp_stage_mux.data1_i [257] is used but has no driver.
Warning: Wire bp_be_calculator_top_vaddr_width_p56_paddr_width_p22_asid_width_p10_branch_metadata_fwd_width_p36_core_els_p1_num_lce_p2_lce_sets_p64_cce_block_size_in_bytes_p64.\comp_stage_mux.data1_i [256] is used but has no driver.
Warning: Wire bp_core_core_els_p1_num_lce_p2_num_cce_p1_lce_assoc_p8_lce_sets_p64_cce_block_size_in_bytes_p64_vaddr_width_p56_paddr_width_p22_branch_metadata_fwd_width_p36_asid_width_p10_btb_indx_width_p9_bht_indx_width_p5_ras_addr_width_p22.\be.mmu_resp [6] is used but has no driver.
Warning: Wire bp_core_core_els_p1_num_lce_p2_num_cce_p1_lce_assoc_p8_lce_sets_p64_cce_block_size_in_bytes_p64_vaddr_width_p56_paddr_width_p22_branch_metadata_fwd_width_p36_asid_width_p10_btb_indx_width_p9_bht_indx_width_p5_ras_addr_width_p22.\be.mmu_resp [5] is used but has no driver.
Warning: Wire bp_core_core_els_p1_num_lce_p2_num_cce_p1_lce_assoc_p8_lce_sets_p64_cce_block_size_in_bytes_p64_vaddr_width_p56_paddr_width_p22_branch_metadata_fwd_width_p36_asid_width_p10_btb_indx_width_p9_bht_indx_width_p5_ras_addr_width_p22.\be.mmu_resp [4] is used but has no driver.
Warning: Wire bp_core_core_els_p1_num_lce_p2_num_cce_p1_lce_assoc_p8_lce_sets_p64_cce_block_size_in_bytes_p64_vaddr_width_p56_paddr_width_p22_branch_metadata_fwd_width_p36_asid_width_p10_btb_indx_width_p9_bht_indx_width_p5_ras_addr_width_p22.\be.mmu_resp [3] is used but has no driver.
Warning: Wire bp_core_core_els_p1_num_lce_p2_num_cce_p1_lce_assoc_p8_lce_sets_p64_cce_block_size_in_bytes_p64_vaddr_width_p56_paddr_width_p22_branch_metadata_fwd_width_p36_asid_width_p10_btb_indx_width_p9_bht_indx_width_p5_ras_addr_width_p22.\be.mmu_resp [2] is used but has no driver.
Warning: Wire bp_core_core_els_p1_num_lce_p2_num_cce_p1_lce_assoc_p8_lce_sets_p64_cce_block_size_in_bytes_p64_vaddr_width_p56_paddr_width_p22_branch_metadata_fwd_width_p36_asid_width_p10_btb_indx_width_p9_bht_indx_width_p5_ras_addr_width_p22.\be.mmu_resp [1] is used but has no driver.
Warning: Wire bp_core_core_els_p1_num_lce_p2_num_cce_p1_lce_assoc_p8_lce_sets_p64_cce_block_size_in_bytes_p64_vaddr_width_p56_paddr_width_p22_branch_metadata_fwd_width_p36_asid_width_p10_btb_indx_width_p9_bht_indx_width_p5_ras_addr_width_p22.\be.be_checker.director.ret_mux.data_i [63] is used but has no driver.
Warning: Wire bp_core_core_els_p1_num_lce_p2_num_cce_p1_lce_assoc_p8_lce_sets_p64_cce_block_size_in_bytes_p64_vaddr_width_p56_paddr_width_p22_branch_metadata_fwd_width_p36_asid_width_p10_btb_indx_width_p9_bht_indx_width_p5_ras_addr_width_p22.\be.be_checker.director.ret_mux.data_i [127] is used but has no driver.
Warning: Wire bp_core_core_els_p1_num_lce_p2_num_cce_p1_lce_assoc_p8_lce_sets_p64_cce_block_size_in_bytes_p64_vaddr_width_p56_paddr_width_p22_branch_metadata_fwd_width_p36_asid_width_p10_btb_indx_width_p9_bht_indx_width_p5_ras_addr_width_p22.\be.be_checker.director.ret_mux.data_i [31] is used but has no driver.
Warning: Wire bp_core_core_els_p1_num_lce_p2_num_cce_p1_lce_assoc_p8_lce_sets_p64_cce_block_size_in_bytes_p64_vaddr_width_p56_paddr_width_p22_branch_metadata_fwd_width_p36_asid_width_p10_btb_indx_width_p9_bht_indx_width_p5_ras_addr_width_p22.\be.be_checker.director.ret_mux.data_i [95] is used but has no driver.
Warning: Wire bp_core_core_els_p1_num_lce_p2_num_cce_p1_lce_assoc_p8_lce_sets_p64_cce_block_size_in_bytes_p64_vaddr_width_p56_paddr_width_p22_branch_metadata_fwd_width_p36_asid_width_p10_btb_indx_width_p9_bht_indx_width_p5_ras_addr_width_p22.\be.be_checker.director.ret_mux.data_i [62] is used but has no driver.
Warning: Wire bp_core_core_els_p1_num_lce_p2_num_cce_p1_lce_assoc_p8_lce_sets_p64_cce_block_size_in_bytes_p64_vaddr_width_p56_paddr_width_p22_branch_metadata_fwd_width_p36_asid_width_p10_btb_indx_width_p9_bht_indx_width_p5_ras_addr_width_p22.\be.be_checker.director.ret_mux.data_i [126] is used but has no driver.
Warning: Wire bp_core_core_els_p1_num_lce_p2_num_cce_p1_lce_assoc_p8_lce_sets_p64_cce_block_size_in_bytes_p64_vaddr_width_p56_paddr_width_p22_branch_metadata_fwd_width_p36_asid_width_p10_btb_indx_width_p9_bht_indx_width_p5_ras_addr_width_p22.\be.be_checker.director.ret_mux.data_i [15] is used but has no driver.
Warning: Wire bp_core_core_els_p1_num_lce_p2_num_cce_p1_lce_assoc_p8_lce_sets_p64_cce_block_size_in_bytes_p64_vaddr_width_p56_paddr_width_p22_branch_metadata_fwd_width_p36_asid_width_p10_btb_indx_width_p9_bht_indx_width_p5_ras_addr_width_p22.\be.be_checker.director.ret_mux.data_i [79] is used but has no driver.
Warning: Wire bp_core_core_els_p1_num_lce_p2_num_cce_p1_lce_assoc_p8_lce_sets_p64_cce_block_size_in_bytes_p64_vaddr_width_p56_paddr_width_p22_branch_metadata_fwd_width_p36_asid_width_p10_btb_indx_width_p9_bht_indx_width_p5_ras_addr_width_p22.\be.be_checker.director.ret_mux.data_i [61] is used but has no driver.
Warning: Wire bp_core_core_els_p1_num_lce_p2_num_cce_p1_lce_assoc_p8_lce_sets_p64_cce_block_size_in_bytes_p64_vaddr_width_p56_paddr_width_p22_branch_metadata_fwd_width_p36_asid_width_p10_btb_indx_width_p9_bht_indx_width_p5_ras_addr_width_p22.\be.be_checker.director.ret_mux.data_i [125] is used but has no driver.
Warning: Wire bp_core_core_els_p1_num_lce_p2_num_cce_p1_lce_assoc_p8_lce_sets_p64_cce_block_size_in_bytes_p64_vaddr_width_p56_paddr_width_p22_branch_metadata_fwd_width_p36_asid_width_p10_btb_indx_width_p9_bht_indx_width_p5_ras_addr_width_p22.\be.be_checker.director.ret_mux.data_i [30] is used but has no driver.
Warning: Wire bp_core_core_els_p1_num_lce_p2_num_cce_p1_lce_assoc_p8_lce_sets_p64_cce_block_size_in_bytes_p64_vaddr_width_p56_paddr_width_p22_branch_metadata_fwd_width_p36_asid_width_p10_btb_indx_width_p9_bht_indx_width_p5_ras_addr_width_p22.\be.be_checker.director.ret_mux.data_i [94] is used but has no driver.
Warning: Wire bp_core_core_els_p1_num_lce_p2_num_cce_p1_lce_assoc_p8_lce_sets_p64_cce_block_size_in_bytes_p64_vaddr_width_p56_paddr_width_p22_branch_metadata_fwd_width_p36_asid_width_p10_btb_indx_width_p9_bht_indx_width_p5_ras_addr_width_p22.\be.be_checker.director.ret_mux.data_i [60] is used but has no driver.
Warning: Wire bp_core_core_els_p1_num_lce_p2_num_cce_p1_lce_assoc_p8_lce_sets_p64_cce_block_size_in_bytes_p64_vaddr_width_p56_paddr_width_p22_branch_metadata_fwd_width_p36_asid_width_p10_btb_indx_width_p9_bht_indx_width_p5_ras_addr_width_p22.\be.be_checker.director.ret_mux.data_i [124] is used but has no driver.
Warning: Wire bp_core_core_els_p1_num_lce_p2_num_cce_p1_lce_assoc_p8_lce_sets_p64_cce_block_size_in_bytes_p64_vaddr_width_p56_paddr_width_p22_branch_metadata_fwd_width_p36_asid_width_p10_btb_indx_width_p9_bht_indx_width_p5_ras_addr_width_p22.\be.be_checker.director.ret_mux.data_i [7] is used but has no driver.
Warning: Wire bp_core_core_els_p1_num_lce_p2_num_cce_p1_lce_assoc_p8_lce_sets_p64_cce_block_size_in_bytes_p64_vaddr_width_p56_paddr_width_p22_branch_metadata_fwd_width_p36_asid_width_p10_btb_indx_width_p9_bht_indx_width_p5_ras_addr_width_p22.\be.be_checker.director.ret_mux.data_i [71] is used but has no driver.
Warning: Wire bp_core_core_els_p1_num_lce_p2_num_cce_p1_lce_assoc_p8_lce_sets_p64_cce_block_size_in_bytes_p64_vaddr_width_p56_paddr_width_p22_branch_metadata_fwd_width_p36_asid_width_p10_btb_indx_width_p9_bht_indx_width_p5_ras_addr_width_p22.\be.be_checker.director.ret_mux.data_i [59] is used but has no driver.
Warning: Wire bp_core_core_els_p1_num_lce_p2_num_cce_p1_lce_assoc_p8_lce_sets_p64_cce_block_size_in_bytes_p64_vaddr_width_p56_paddr_width_p22_branch_metadata_fwd_width_p36_asid_width_p10_btb_indx_width_p9_bht_indx_width_p5_ras_addr_width_p22.\be.be_checker.director.ret_mux.data_i [123] is used but has no driver.
Warning: Wire bp_core_core_els_p1_num_lce_p2_num_cce_p1_lce_assoc_p8_lce_sets_p64_cce_block_size_in_bytes_p64_vaddr_width_p56_paddr_width_p22_branch_metadata_fwd_width_p36_asid_width_p10_btb_indx_width_p9_bht_indx_width_p5_ras_addr_width_p22.\be.be_checker.director.ret_mux.data_i [29] is used but has no driver.
Warning: Wire bp_core_core_els_p1_num_lce_p2_num_cce_p1_lce_assoc_p8_lce_sets_p64_cce_block_size_in_bytes_p64_vaddr_width_p56_paddr_width_p22_branch_metadata_fwd_width_p36_asid_width_p10_btb_indx_width_p9_bht_indx_width_p5_ras_addr_width_p22.\be.be_checker.director.ret_mux.data_i [93] is used but has no driver.
Warning: Wire bp_core_core_els_p1_num_lce_p2_num_cce_p1_lce_assoc_p8_lce_sets_p64_cce_block_size_in_bytes_p64_vaddr_width_p56_paddr_width_p22_branch_metadata_fwd_width_p36_asid_width_p10_btb_indx_width_p9_bht_indx_width_p5_ras_addr_width_p22.\be.be_checker.director.ret_mux.data_i [58] is used but has no driver.
Warning: Wire bp_core_core_els_p1_num_lce_p2_num_cce_p1_lce_assoc_p8_lce_sets_p64_cce_block_size_in_bytes_p64_vaddr_width_p56_paddr_width_p22_branch_metadata_fwd_width_p36_asid_width_p10_btb_indx_width_p9_bht_indx_width_p5_ras_addr_width_p22.\be.be_checker.director.ret_mux.data_i [122] is used but has no driver.
Warning: Wire bp_core_core_els_p1_num_lce_p2_num_cce_p1_lce_assoc_p8_lce_sets_p64_cce_block_size_in_bytes_p64_vaddr_width_p56_paddr_width_p22_branch_metadata_fwd_width_p36_asid_width_p10_btb_indx_width_p9_bht_indx_width_p5_ras_addr_width_p22.\be.be_checker.director.ret_mux.data_i [14] is used but has no driver.
Warning: Wire bp_core_core_els_p1_num_lce_p2_num_cce_p1_lce_assoc_p8_lce_sets_p64_cce_block_size_in_bytes_p64_vaddr_width_p56_paddr_width_p22_branch_metadata_fwd_width_p36_asid_width_p10_btb_indx_width_p9_bht_indx_width_p5_ras_addr_width_p22.\be.be_checker.director.ret_mux.data_i [78] is used but has no driver.
Warning: Wire bp_core_core_els_p1_num_lce_p2_num_cce_p1_lce_assoc_p8_lce_sets_p64_cce_block_size_in_bytes_p64_vaddr_width_p56_paddr_width_p22_branch_metadata_fwd_width_p36_asid_width_p10_btb_indx_width_p9_bht_indx_width_p5_ras_addr_width_p22.\be.be_checker.director.ret_mux.data_i [57] is used but has no driver.
Warning: Wire bp_core_core_els_p1_num_lce_p2_num_cce_p1_lce_assoc_p8_lce_sets_p64_cce_block_size_in_bytes_p64_vaddr_width_p56_paddr_width_p22_branch_metadata_fwd_width_p36_asid_width_p10_btb_indx_width_p9_bht_indx_width_p5_ras_addr_width_p22.\be.be_checker.director.ret_mux.data_i [121] is used but has no driver.
Warning: Wire bp_core_core_els_p1_num_lce_p2_num_cce_p1_lce_assoc_p8_lce_sets_p64_cce_block_size_in_bytes_p64_vaddr_width_p56_paddr_width_p22_branch_metadata_fwd_width_p36_asid_width_p10_btb_indx_width_p9_bht_indx_width_p5_ras_addr_width_p22.\be.be_checker.director.ret_mux.data_i [28] is used but has no driver.
Warning: Wire bp_core_core_els_p1_num_lce_p2_num_cce_p1_lce_assoc_p8_lce_sets_p64_cce_block_size_in_bytes_p64_vaddr_width_p56_paddr_width_p22_branch_metadata_fwd_width_p36_asid_width_p10_btb_indx_width_p9_bht_indx_width_p5_ras_addr_width_p22.\be.be_checker.director.ret_mux.data_i [92] is used but has no driver.
Warning: Wire bp_core_core_els_p1_num_lce_p2_num_cce_p1_lce_assoc_p8_lce_sets_p64_cce_block_size_in_bytes_p64_vaddr_width_p56_paddr_width_p22_branch_metadata_fwd_width_p36_asid_width_p10_btb_indx_width_p9_bht_indx_width_p5_ras_addr_width_p22.\be.be_checker.director.ret_mux.data_i [56] is used but has no driver.
Warning: Wire bp_core_core_els_p1_num_lce_p2_num_cce_p1_lce_assoc_p8_lce_sets_p64_cce_block_size_in_bytes_p64_vaddr_width_p56_paddr_width_p22_branch_metadata_fwd_width_p36_asid_width_p10_btb_indx_width_p9_bht_indx_width_p5_ras_addr_width_p22.\be.be_checker.director.ret_mux.data_i [120] is used but has no driver.
Warning: Wire bp_core_core_els_p1_num_lce_p2_num_cce_p1_lce_assoc_p8_lce_sets_p64_cce_block_size_in_bytes_p64_vaddr_width_p56_paddr_width_p22_branch_metadata_fwd_width_p36_asid_width_p10_btb_indx_width_p9_bht_indx_width_p5_ras_addr_width_p22.\be.be_checker.director.ret_mux.data_i [3] is used but has no driver.
Warning: Wire bp_core_core_els_p1_num_lce_p2_num_cce_p1_lce_assoc_p8_lce_sets_p64_cce_block_size_in_bytes_p64_vaddr_width_p56_paddr_width_p22_branch_metadata_fwd_width_p36_asid_width_p10_btb_indx_width_p9_bht_indx_width_p5_ras_addr_width_p22.\be.be_checker.director.ret_mux.data_i [67] is used but has no driver.
Warning: Wire bp_core_core_els_p1_num_lce_p2_num_cce_p1_lce_assoc_p8_lce_sets_p64_cce_block_size_in_bytes_p64_vaddr_width_p56_paddr_width_p22_branch_metadata_fwd_width_p36_asid_width_p10_btb_indx_width_p9_bht_indx_width_p5_ras_addr_width_p22.\be.be_checker.director.ret_mux.data_i [55] is used but has no driver.
Warning: Wire bp_core_core_els_p1_num_lce_p2_num_cce_p1_lce_assoc_p8_lce_sets_p64_cce_block_size_in_bytes_p64_vaddr_width_p56_paddr_width_p22_branch_metadata_fwd_width_p36_asid_width_p10_btb_indx_width_p9_bht_indx_width_p5_ras_addr_width_p22.\be.be_checker.director.ret_mux.data_i [119] is used but has no driver.
Warning: Wire bp_core_core_els_p1_num_lce_p2_num_cce_p1_lce_assoc_p8_lce_sets_p64_cce_block_size_in_bytes_p64_vaddr_width_p56_paddr_width_p22_branch_metadata_fwd_width_p36_asid_width_p10_btb_indx_width_p9_bht_indx_width_p5_ras_addr_width_p22.\be.be_checker.director.ret_mux.data_i [27] is used but has no driver.
Warning: Wire bp_core_core_els_p1_num_lce_p2_num_cce_p1_lce_assoc_p8_lce_sets_p64_cce_block_size_in_bytes_p64_vaddr_width_p56_paddr_width_p22_branch_metadata_fwd_width_p36_asid_width_p10_btb_indx_width_p9_bht_indx_width_p5_ras_addr_width_p22.\be.be_checker.director.ret_mux.data_i [91] is used but has no driver.
Warning: Wire bp_core_core_els_p1_num_lce_p2_num_cce_p1_lce_assoc_p8_lce_sets_p64_cce_block_size_in_bytes_p64_vaddr_width_p56_paddr_width_p22_branch_metadata_fwd_width_p36_asid_width_p10_btb_indx_width_p9_bht_indx_width_p5_ras_addr_width_p22.\be.be_checker.director.ret_mux.data_i [54] is used but has no driver.
Warning: Wire bp_core_core_els_p1_num_lce_p2_num_cce_p1_lce_assoc_p8_lce_sets_p64_cce_block_size_in_bytes_p64_vaddr_width_p56_paddr_width_p22_branch_metadata_fwd_width_p36_asid_width_p10_btb_indx_width_p9_bht_indx_width_p5_ras_addr_width_p22.\be.be_checker.director.ret_mux.data_i [118] is used but has no driver.
Warning: Wire bp_core_core_els_p1_num_lce_p2_num_cce_p1_lce_assoc_p8_lce_sets_p64_cce_block_size_in_bytes_p64_vaddr_width_p56_paddr_width_p22_branch_metadata_fwd_width_p36_asid_width_p10_btb_indx_width_p9_bht_indx_width_p5_ras_addr_width_p22.\be.be_checker.director.ret_mux.data_i [13] is used but has no driver.
Warning: Wire bp_core_core_els_p1_num_lce_p2_num_cce_p1_lce_assoc_p8_lce_sets_p64_cce_block_size_in_bytes_p64_vaddr_width_p56_paddr_width_p22_branch_metadata_fwd_width_p36_asid_width_p10_btb_indx_width_p9_bht_indx_width_p5_ras_addr_width_p22.\be.be_checker.director.ret_mux.data_i [77] is used but has no driver.
Warning: Wire bp_core_core_els_p1_num_lce_p2_num_cce_p1_lce_assoc_p8_lce_sets_p64_cce_block_size_in_bytes_p64_vaddr_width_p56_paddr_width_p22_branch_metadata_fwd_width_p36_asid_width_p10_btb_indx_width_p9_bht_indx_width_p5_ras_addr_width_p22.\be.be_checker.director.ret_mux.data_i [53] is used but has no driver.
Warning: Wire bp_core_core_els_p1_num_lce_p2_num_cce_p1_lce_assoc_p8_lce_sets_p64_cce_block_size_in_bytes_p64_vaddr_width_p56_paddr_width_p22_branch_metadata_fwd_width_p36_asid_width_p10_btb_indx_width_p9_bht_indx_width_p5_ras_addr_width_p22.\be.be_checker.director.ret_mux.data_i [117] is used but has no driver.
Warning: Wire bp_core_core_els_p1_num_lce_p2_num_cce_p1_lce_assoc_p8_lce_sets_p64_cce_block_size_in_bytes_p64_vaddr_width_p56_paddr_width_p22_branch_metadata_fwd_width_p36_asid_width_p10_btb_indx_width_p9_bht_indx_width_p5_ras_addr_width_p22.\be.be_checker.director.ret_mux.data_i [26] is used but has no driver.
Warning: Wire bp_core_core_els_p1_num_lce_p2_num_cce_p1_lce_assoc_p8_lce_sets_p64_cce_block_size_in_bytes_p64_vaddr_width_p56_paddr_width_p22_branch_metadata_fwd_width_p36_asid_width_p10_btb_indx_width_p9_bht_indx_width_p5_ras_addr_width_p22.\be.be_checker.director.ret_mux.data_i [90] is used but has no driver.
Warning: Wire bp_core_core_els_p1_num_lce_p2_num_cce_p1_lce_assoc_p8_lce_sets_p64_cce_block_size_in_bytes_p64_vaddr_width_p56_paddr_width_p22_branch_metadata_fwd_width_p36_asid_width_p10_btb_indx_width_p9_bht_indx_width_p5_ras_addr_width_p22.\be.be_checker.director.ret_mux.data_i [52] is used but has no driver.
Warning: Wire bp_core_core_els_p1_num_lce_p2_num_cce_p1_lce_assoc_p8_lce_sets_p64_cce_block_size_in_bytes_p64_vaddr_width_p56_paddr_width_p22_branch_metadata_fwd_width_p36_asid_width_p10_btb_indx_width_p9_bht_indx_width_p5_ras_addr_width_p22.\be.be_checker.director.ret_mux.data_i [116] is used but has no driver.
Warning: Wire bp_core_core_els_p1_num_lce_p2_num_cce_p1_lce_assoc_p8_lce_sets_p64_cce_block_size_in_bytes_p64_vaddr_width_p56_paddr_width_p22_branch_metadata_fwd_width_p36_asid_width_p10_btb_indx_width_p9_bht_indx_width_p5_ras_addr_width_p22.\be.be_checker.director.ret_mux.data_i [6] is used but has no driver.
Warning: Wire bp_core_core_els_p1_num_lce_p2_num_cce_p1_lce_assoc_p8_lce_sets_p64_cce_block_size_in_bytes_p64_vaddr_width_p56_paddr_width_p22_branch_metadata_fwd_width_p36_asid_width_p10_btb_indx_width_p9_bht_indx_width_p5_ras_addr_width_p22.\be.be_checker.director.ret_mux.data_i [70] is used but has no driver.
Warning: Wire bp_core_core_els_p1_num_lce_p2_num_cce_p1_lce_assoc_p8_lce_sets_p64_cce_block_size_in_bytes_p64_vaddr_width_p56_paddr_width_p22_branch_metadata_fwd_width_p36_asid_width_p10_btb_indx_width_p9_bht_indx_width_p5_ras_addr_width_p22.\be.be_checker.director.ret_mux.data_i [51] is used but has no driver.
Warning: Wire bp_core_core_els_p1_num_lce_p2_num_cce_p1_lce_assoc_p8_lce_sets_p64_cce_block_size_in_bytes_p64_vaddr_width_p56_paddr_width_p22_branch_metadata_fwd_width_p36_asid_width_p10_btb_indx_width_p9_bht_indx_width_p5_ras_addr_width_p22.\be.be_checker.director.ret_mux.data_i [115] is used but has no driver.
Warning: Wire bp_core_core_els_p1_num_lce_p2_num_cce_p1_lce_assoc_p8_lce_sets_p64_cce_block_size_in_bytes_p64_vaddr_width_p56_paddr_width_p22_branch_metadata_fwd_width_p36_asid_width_p10_btb_indx_width_p9_bht_indx_width_p5_ras_addr_width_p22.\be.be_checker.director.ret_mux.data_i [25] is used but has no driver.
Warning: Wire bp_core_core_els_p1_num_lce_p2_num_cce_p1_lce_assoc_p8_lce_sets_p64_cce_block_size_in_bytes_p64_vaddr_width_p56_paddr_width_p22_branch_metadata_fwd_width_p36_asid_width_p10_btb_indx_width_p9_bht_indx_width_p5_ras_addr_width_p22.\be.be_checker.director.ret_mux.data_i [89] is used but has no driver.
Warning: Wire bp_core_core_els_p1_num_lce_p2_num_cce_p1_lce_assoc_p8_lce_sets_p64_cce_block_size_in_bytes_p64_vaddr_width_p56_paddr_width_p22_branch_metadata_fwd_width_p36_asid_width_p10_btb_indx_width_p9_bht_indx_width_p5_ras_addr_width_p22.\be.be_checker.director.ret_mux.data_i [50] is used but has no driver.
Warning: Wire bp_core_core_els_p1_num_lce_p2_num_cce_p1_lce_assoc_p8_lce_sets_p64_cce_block_size_in_bytes_p64_vaddr_width_p56_paddr_width_p22_branch_metadata_fwd_width_p36_asid_width_p10_btb_indx_width_p9_bht_indx_width_p5_ras_addr_width_p22.\be.be_checker.director.ret_mux.data_i [114] is used but has no driver.
Warning: Wire bp_core_core_els_p1_num_lce_p2_num_cce_p1_lce_assoc_p8_lce_sets_p64_cce_block_size_in_bytes_p64_vaddr_width_p56_paddr_width_p22_branch_metadata_fwd_width_p36_asid_width_p10_btb_indx_width_p9_bht_indx_width_p5_ras_addr_width_p22.\be.be_checker.director.ret_mux.data_i [12] is used but has no driver.
Warning: Wire bp_core_core_els_p1_num_lce_p2_num_cce_p1_lce_assoc_p8_lce_sets_p64_cce_block_size_in_bytes_p64_vaddr_width_p56_paddr_width_p22_branch_metadata_fwd_width_p36_asid_width_p10_btb_indx_width_p9_bht_indx_width_p5_ras_addr_width_p22.\be.be_checker.director.ret_mux.data_i [76] is used but has no driver.
Warning: Wire bp_core_core_els_p1_num_lce_p2_num_cce_p1_lce_assoc_p8_lce_sets_p64_cce_block_size_in_bytes_p64_vaddr_width_p56_paddr_width_p22_branch_metadata_fwd_width_p36_asid_width_p10_btb_indx_width_p9_bht_indx_width_p5_ras_addr_width_p22.\be.be_checker.director.ret_mux.data_i [49] is used but has no driver.
Warning: Wire bp_core_core_els_p1_num_lce_p2_num_cce_p1_lce_assoc_p8_lce_sets_p64_cce_block_size_in_bytes_p64_vaddr_width_p56_paddr_width_p22_branch_metadata_fwd_width_p36_asid_width_p10_btb_indx_width_p9_bht_indx_width_p5_ras_addr_width_p22.\be.be_checker.director.ret_mux.data_i [113] is used but has no driver.
Warning: Wire bp_core_core_els_p1_num_lce_p2_num_cce_p1_lce_assoc_p8_lce_sets_p64_cce_block_size_in_bytes_p64_vaddr_width_p56_paddr_width_p22_branch_metadata_fwd_width_p36_asid_width_p10_btb_indx_width_p9_bht_indx_width_p5_ras_addr_width_p22.\be.be_checker.director.ret_mux.data_i [24] is used but has no driver.
Warning: Wire bp_core_core_els_p1_num_lce_p2_num_cce_p1_lce_assoc_p8_lce_sets_p64_cce_block_size_in_bytes_p64_vaddr_width_p56_paddr_width_p22_branch_metadata_fwd_width_p36_asid_width_p10_btb_indx_width_p9_bht_indx_width_p5_ras_addr_width_p22.\be.be_checker.director.ret_mux.data_i [88] is used but has no driver.
Warning: Wire bp_core_core_els_p1_num_lce_p2_num_cce_p1_lce_assoc_p8_lce_sets_p64_cce_block_size_in_bytes_p64_vaddr_width_p56_paddr_width_p22_branch_metadata_fwd_width_p36_asid_width_p10_btb_indx_width_p9_bht_indx_width_p5_ras_addr_width_p22.\be.be_checker.director.ret_mux.data_i [48] is used but has no driver.
Warning: Wire bp_core_core_els_p1_num_lce_p2_num_cce_p1_lce_assoc_p8_lce_sets_p64_cce_block_size_in_bytes_p64_vaddr_width_p56_paddr_width_p22_branch_metadata_fwd_width_p36_asid_width_p10_btb_indx_width_p9_bht_indx_width_p5_ras_addr_width_p22.\be.be_checker.director.ret_mux.data_i [112] is used but has no driver.
Warning: Wire bp_core_core_els_p1_num_lce_p2_num_cce_p1_lce_assoc_p8_lce_sets_p64_cce_block_size_in_bytes_p64_vaddr_width_p56_paddr_width_p22_branch_metadata_fwd_width_p36_asid_width_p10_btb_indx_width_p9_bht_indx_width_p5_ras_addr_width_p22.\be.be_checker.director.ret_mux.data_i [1] is used but has no driver.
Warning: Wire bp_core_core_els_p1_num_lce_p2_num_cce_p1_lce_assoc_p8_lce_sets_p64_cce_block_size_in_bytes_p64_vaddr_width_p56_paddr_width_p22_branch_metadata_fwd_width_p36_asid_width_p10_btb_indx_width_p9_bht_indx_width_p5_ras_addr_width_p22.\be.be_checker.director.ret_mux.data_i [65] is used but has no driver.
Warning: Wire bp_core_core_els_p1_num_lce_p2_num_cce_p1_lce_assoc_p8_lce_sets_p64_cce_block_size_in_bytes_p64_vaddr_width_p56_paddr_width_p22_branch_metadata_fwd_width_p36_asid_width_p10_btb_indx_width_p9_bht_indx_width_p5_ras_addr_width_p22.\be.be_checker.director.ret_mux.data_i [47] is used but has no driver.
Warning: Wire bp_core_core_els_p1_num_lce_p2_num_cce_p1_lce_assoc_p8_lce_sets_p64_cce_block_size_in_bytes_p64_vaddr_width_p56_paddr_width_p22_branch_metadata_fwd_width_p36_asid_width_p10_btb_indx_width_p9_bht_indx_width_p5_ras_addr_width_p22.\be.be_checker.director.ret_mux.data_i [111] is used but has no driver.
Warning: Wire bp_core_core_els_p1_num_lce_p2_num_cce_p1_lce_assoc_p8_lce_sets_p64_cce_block_size_in_bytes_p64_vaddr_width_p56_paddr_width_p22_branch_metadata_fwd_width_p36_asid_width_p10_btb_indx_width_p9_bht_indx_width_p5_ras_addr_width_p22.\be.be_checker.director.ret_mux.data_i [23] is used but has no driver.
Warning: Wire bp_core_core_els_p1_num_lce_p2_num_cce_p1_lce_assoc_p8_lce_sets_p64_cce_block_size_in_bytes_p64_vaddr_width_p56_paddr_width_p22_branch_metadata_fwd_width_p36_asid_width_p10_btb_indx_width_p9_bht_indx_width_p5_ras_addr_width_p22.\be.be_checker.director.ret_mux.data_i [87] is used but has no driver.
Warning: Wire bp_core_core_els_p1_num_lce_p2_num_cce_p1_lce_assoc_p8_lce_sets_p64_cce_block_size_in_bytes_p64_vaddr_width_p56_paddr_width_p22_branch_metadata_fwd_width_p36_asid_width_p10_btb_indx_width_p9_bht_indx_width_p5_ras_addr_width_p22.\be.be_checker.director.ret_mux.data_i [46] is used but has no driver.
Warning: Wire bp_core_core_els_p1_num_lce_p2_num_cce_p1_lce_assoc_p8_lce_sets_p64_cce_block_size_in_bytes_p64_vaddr_width_p56_paddr_width_p22_branch_metadata_fwd_width_p36_asid_width_p10_btb_indx_width_p9_bht_indx_width_p5_ras_addr_width_p22.\be.be_checker.director.ret_mux.data_i [110] is used but has no driver.
Warning: Wire bp_core_core_els_p1_num_lce_p2_num_cce_p1_lce_assoc_p8_lce_sets_p64_cce_block_size_in_bytes_p64_vaddr_width_p56_paddr_width_p22_branch_metadata_fwd_width_p36_asid_width_p10_btb_indx_width_p9_bht_indx_width_p5_ras_addr_width_p22.\be.be_checker.director.ret_mux.data_i [11] is used but has no driver.
Warning: Wire bp_core_core_els_p1_num_lce_p2_num_cce_p1_lce_assoc_p8_lce_sets_p64_cce_block_size_in_bytes_p64_vaddr_width_p56_paddr_width_p22_branch_metadata_fwd_width_p36_asid_width_p10_btb_indx_width_p9_bht_indx_width_p5_ras_addr_width_p22.\be.be_checker.director.ret_mux.data_i [75] is used but has no driver.
Warning: Wire bp_core_core_els_p1_num_lce_p2_num_cce_p1_lce_assoc_p8_lce_sets_p64_cce_block_size_in_bytes_p64_vaddr_width_p56_paddr_width_p22_branch_metadata_fwd_width_p36_asid_width_p10_btb_indx_width_p9_bht_indx_width_p5_ras_addr_width_p22.\be.be_checker.director.ret_mux.data_i [45] is used but has no driver.
Warning: Wire bp_core_core_els_p1_num_lce_p2_num_cce_p1_lce_assoc_p8_lce_sets_p64_cce_block_size_in_bytes_p64_vaddr_width_p56_paddr_width_p22_branch_metadata_fwd_width_p36_asid_width_p10_btb_indx_width_p9_bht_indx_width_p5_ras_addr_width_p22.\be.be_checker.director.ret_mux.data_i [109] is used but has no driver.
Warning: Wire bp_core_core_els_p1_num_lce_p2_num_cce_p1_lce_assoc_p8_lce_sets_p64_cce_block_size_in_bytes_p64_vaddr_width_p56_paddr_width_p22_branch_metadata_fwd_width_p36_asid_width_p10_btb_indx_width_p9_bht_indx_width_p5_ras_addr_width_p22.\be.be_checker.director.ret_mux.data_i [22] is used but has no driver.
Warning: Wire bp_core_core_els_p1_num_lce_p2_num_cce_p1_lce_assoc_p8_lce_sets_p64_cce_block_size_in_bytes_p64_vaddr_width_p56_paddr_width_p22_branch_metadata_fwd_width_p36_asid_width_p10_btb_indx_width_p9_bht_indx_width_p5_ras_addr_width_p22.\be.be_checker.director.ret_mux.data_i [86] is used but has no driver.
Warning: Wire bp_core_core_els_p1_num_lce_p2_num_cce_p1_lce_assoc_p8_lce_sets_p64_cce_block_size_in_bytes_p64_vaddr_width_p56_paddr_width_p22_branch_metadata_fwd_width_p36_asid_width_p10_btb_indx_width_p9_bht_indx_width_p5_ras_addr_width_p22.\be.be_checker.director.ret_mux.data_i [44] is used but has no driver.
Warning: Wire bp_core_core_els_p1_num_lce_p2_num_cce_p1_lce_assoc_p8_lce_sets_p64_cce_block_size_in_bytes_p64_vaddr_width_p56_paddr_width_p22_branch_metadata_fwd_width_p36_asid_width_p10_btb_indx_width_p9_bht_indx_width_p5_ras_addr_width_p22.\be.be_checker.director.ret_mux.data_i [108] is used but has no driver.
Warning: Wire bp_core_core_els_p1_num_lce_p2_num_cce_p1_lce_assoc_p8_lce_sets_p64_cce_block_size_in_bytes_p64_vaddr_width_p56_paddr_width_p22_branch_metadata_fwd_width_p36_asid_width_p10_btb_indx_width_p9_bht_indx_width_p5_ras_addr_width_p22.\be.be_checker.director.ret_mux.data_i [5] is used but has no driver.
Warning: Wire bp_core_core_els_p1_num_lce_p2_num_cce_p1_lce_assoc_p8_lce_sets_p64_cce_block_size_in_bytes_p64_vaddr_width_p56_paddr_width_p22_branch_metadata_fwd_width_p36_asid_width_p10_btb_indx_width_p9_bht_indx_width_p5_ras_addr_width_p22.\be.be_checker.director.ret_mux.data_i [69] is used but has no driver.
Warning: Wire bp_core_core_els_p1_num_lce_p2_num_cce_p1_lce_assoc_p8_lce_sets_p64_cce_block_size_in_bytes_p64_vaddr_width_p56_paddr_width_p22_branch_metadata_fwd_width_p36_asid_width_p10_btb_indx_width_p9_bht_indx_width_p5_ras_addr_width_p22.\be.be_checker.director.ret_mux.data_i [43] is used but has no driver.
Warning: Wire bp_core_core_els_p1_num_lce_p2_num_cce_p1_lce_assoc_p8_lce_sets_p64_cce_block_size_in_bytes_p64_vaddr_width_p56_paddr_width_p22_branch_metadata_fwd_width_p36_asid_width_p10_btb_indx_width_p9_bht_indx_width_p5_ras_addr_width_p22.\be.be_checker.director.ret_mux.data_i [107] is used but has no driver.
Warning: Wire bp_core_core_els_p1_num_lce_p2_num_cce_p1_lce_assoc_p8_lce_sets_p64_cce_block_size_in_bytes_p64_vaddr_width_p56_paddr_width_p22_branch_metadata_fwd_width_p36_asid_width_p10_btb_indx_width_p9_bht_indx_width_p5_ras_addr_width_p22.\be.be_checker.director.ret_mux.data_i [21] is used but has no driver.
Warning: Wire bp_core_core_els_p1_num_lce_p2_num_cce_p1_lce_assoc_p8_lce_sets_p64_cce_block_size_in_bytes_p64_vaddr_width_p56_paddr_width_p22_branch_metadata_fwd_width_p36_asid_width_p10_btb_indx_width_p9_bht_indx_width_p5_ras_addr_width_p22.\be.be_checker.director.ret_mux.data_i [85] is used but has no driver.
Warning: Wire bp_core_core_els_p1_num_lce_p2_num_cce_p1_lce_assoc_p8_lce_sets_p64_cce_block_size_in_bytes_p64_vaddr_width_p56_paddr_width_p22_branch_metadata_fwd_width_p36_asid_width_p10_btb_indx_width_p9_bht_indx_width_p5_ras_addr_width_p22.\be.be_checker.director.ret_mux.data_i [42] is used but has no driver.
Warning: Wire bp_core_core_els_p1_num_lce_p2_num_cce_p1_lce_assoc_p8_lce_sets_p64_cce_block_size_in_bytes_p64_vaddr_width_p56_paddr_width_p22_branch_metadata_fwd_width_p36_asid_width_p10_btb_indx_width_p9_bht_indx_width_p5_ras_addr_width_p22.\be.be_checker.director.ret_mux.data_i [106] is used but has no driver.
Warning: Wire bp_core_core_els_p1_num_lce_p2_num_cce_p1_lce_assoc_p8_lce_sets_p64_cce_block_size_in_bytes_p64_vaddr_width_p56_paddr_width_p22_branch_metadata_fwd_width_p36_asid_width_p10_btb_indx_width_p9_bht_indx_width_p5_ras_addr_width_p22.\be.be_checker.director.ret_mux.data_i [10] is used but has no driver.
Warning: Wire bp_core_core_els_p1_num_lce_p2_num_cce_p1_lce_assoc_p8_lce_sets_p64_cce_block_size_in_bytes_p64_vaddr_width_p56_paddr_width_p22_branch_metadata_fwd_width_p36_asid_width_p10_btb_indx_width_p9_bht_indx_width_p5_ras_addr_width_p22.\be.be_checker.director.ret_mux.data_i [74] is used but has no driver.
Warning: Wire bp_core_core_els_p1_num_lce_p2_num_cce_p1_lce_assoc_p8_lce_sets_p64_cce_block_size_in_bytes_p64_vaddr_width_p56_paddr_width_p22_branch_metadata_fwd_width_p36_asid_width_p10_btb_indx_width_p9_bht_indx_width_p5_ras_addr_width_p22.\be.be_checker.director.ret_mux.data_i [41] is used but has no driver.
Warning: Wire bp_core_core_els_p1_num_lce_p2_num_cce_p1_lce_assoc_p8_lce_sets_p64_cce_block_size_in_bytes_p64_vaddr_width_p56_paddr_width_p22_branch_metadata_fwd_width_p36_asid_width_p10_btb_indx_width_p9_bht_indx_width_p5_ras_addr_width_p22.\be.be_checker.director.ret_mux.data_i [105] is used but has no driver.
Warning: Wire bp_core_core_els_p1_num_lce_p2_num_cce_p1_lce_assoc_p8_lce_sets_p64_cce_block_size_in_bytes_p64_vaddr_width_p56_paddr_width_p22_branch_metadata_fwd_width_p36_asid_width_p10_btb_indx_width_p9_bht_indx_width_p5_ras_addr_width_p22.\be.be_checker.director.ret_mux.data_i [20] is used but has no driver.
Warning: Wire bp_core_core_els_p1_num_lce_p2_num_cce_p1_lce_assoc_p8_lce_sets_p64_cce_block_size_in_bytes_p64_vaddr_width_p56_paddr_width_p22_branch_metadata_fwd_width_p36_asid_width_p10_btb_indx_width_p9_bht_indx_width_p5_ras_addr_width_p22.\be.be_checker.director.ret_mux.data_i [84] is used but has no driver.
Warning: Wire bp_core_core_els_p1_num_lce_p2_num_cce_p1_lce_assoc_p8_lce_sets_p64_cce_block_size_in_bytes_p64_vaddr_width_p56_paddr_width_p22_branch_metadata_fwd_width_p36_asid_width_p10_btb_indx_width_p9_bht_indx_width_p5_ras_addr_width_p22.\be.be_checker.director.ret_mux.data_i [40] is used but has no driver.
Warning: Wire bp_core_core_els_p1_num_lce_p2_num_cce_p1_lce_assoc_p8_lce_sets_p64_cce_block_size_in_bytes_p64_vaddr_width_p56_paddr_width_p22_branch_metadata_fwd_width_p36_asid_width_p10_btb_indx_width_p9_bht_indx_width_p5_ras_addr_width_p22.\be.be_checker.director.ret_mux.data_i [104] is used but has no driver.
Warning: Wire bp_core_core_els_p1_num_lce_p2_num_cce_p1_lce_assoc_p8_lce_sets_p64_cce_block_size_in_bytes_p64_vaddr_width_p56_paddr_width_p22_branch_metadata_fwd_width_p36_asid_width_p10_btb_indx_width_p9_bht_indx_width_p5_ras_addr_width_p22.\be.be_checker.director.ret_mux.data_i [2] is used but has no driver.
Warning: Wire bp_core_core_els_p1_num_lce_p2_num_cce_p1_lce_assoc_p8_lce_sets_p64_cce_block_size_in_bytes_p64_vaddr_width_p56_paddr_width_p22_branch_metadata_fwd_width_p36_asid_width_p10_btb_indx_width_p9_bht_indx_width_p5_ras_addr_width_p22.\be.be_checker.director.ret_mux.data_i [66] is used but has no driver.
Warning: Wire bp_core_core_els_p1_num_lce_p2_num_cce_p1_lce_assoc_p8_lce_sets_p64_cce_block_size_in_bytes_p64_vaddr_width_p56_paddr_width_p22_branch_metadata_fwd_width_p36_asid_width_p10_btb_indx_width_p9_bht_indx_width_p5_ras_addr_width_p22.\be.be_checker.director.ret_mux.data_i [39] is used but has no driver.
Warning: Wire bp_core_core_els_p1_num_lce_p2_num_cce_p1_lce_assoc_p8_lce_sets_p64_cce_block_size_in_bytes_p64_vaddr_width_p56_paddr_width_p22_branch_metadata_fwd_width_p36_asid_width_p10_btb_indx_width_p9_bht_indx_width_p5_ras_addr_width_p22.\be.be_checker.director.ret_mux.data_i [103] is used but has no driver.
Warning: Wire bp_core_core_els_p1_num_lce_p2_num_cce_p1_lce_assoc_p8_lce_sets_p64_cce_block_size_in_bytes_p64_vaddr_width_p56_paddr_width_p22_branch_metadata_fwd_width_p36_asid_width_p10_btb_indx_width_p9_bht_indx_width_p5_ras_addr_width_p22.\be.be_checker.director.ret_mux.data_i [19] is used but has no driver.
Warning: Wire bp_core_core_els_p1_num_lce_p2_num_cce_p1_lce_assoc_p8_lce_sets_p64_cce_block_size_in_bytes_p64_vaddr_width_p56_paddr_width_p22_branch_metadata_fwd_width_p36_asid_width_p10_btb_indx_width_p9_bht_indx_width_p5_ras_addr_width_p22.\be.be_checker.director.ret_mux.data_i [83] is used but has no driver.
Warning: Wire bp_core_core_els_p1_num_lce_p2_num_cce_p1_lce_assoc_p8_lce_sets_p64_cce_block_size_in_bytes_p64_vaddr_width_p56_paddr_width_p22_branch_metadata_fwd_width_p36_asid_width_p10_btb_indx_width_p9_bht_indx_width_p5_ras_addr_width_p22.\be.be_checker.director.ret_mux.data_i [38] is used but has no driver.
Warning: Wire bp_core_core_els_p1_num_lce_p2_num_cce_p1_lce_assoc_p8_lce_sets_p64_cce_block_size_in_bytes_p64_vaddr_width_p56_paddr_width_p22_branch_metadata_fwd_width_p36_asid_width_p10_btb_indx_width_p9_bht_indx_width_p5_ras_addr_width_p22.\be.be_checker.director.ret_mux.data_i [102] is used but has no driver.
Warning: Wire bp_core_core_els_p1_num_lce_p2_num_cce_p1_lce_assoc_p8_lce_sets_p64_cce_block_size_in_bytes_p64_vaddr_width_p56_paddr_width_p22_branch_metadata_fwd_width_p36_asid_width_p10_btb_indx_width_p9_bht_indx_width_p5_ras_addr_width_p22.\be.be_checker.director.ret_mux.data_i [9] is used but has no driver.
Warning: Wire bp_core_core_els_p1_num_lce_p2_num_cce_p1_lce_assoc_p8_lce_sets_p64_cce_block_size_in_bytes_p64_vaddr_width_p56_paddr_width_p22_branch_metadata_fwd_width_p36_asid_width_p10_btb_indx_width_p9_bht_indx_width_p5_ras_addr_width_p22.\be.be_checker.director.ret_mux.data_i [73] is used but has no driver.
Warning: Wire bp_core_core_els_p1_num_lce_p2_num_cce_p1_lce_assoc_p8_lce_sets_p64_cce_block_size_in_bytes_p64_vaddr_width_p56_paddr_width_p22_branch_metadata_fwd_width_p36_asid_width_p10_btb_indx_width_p9_bht_indx_width_p5_ras_addr_width_p22.\be.be_checker.director.ret_mux.data_i [37] is used but has no driver.
Warning: Wire bp_core_core_els_p1_num_lce_p2_num_cce_p1_lce_assoc_p8_lce_sets_p64_cce_block_size_in_bytes_p64_vaddr_width_p56_paddr_width_p22_branch_metadata_fwd_width_p36_asid_width_p10_btb_indx_width_p9_bht_indx_width_p5_ras_addr_width_p22.\be.be_checker.director.ret_mux.data_i [101] is used but has no driver.
Warning: Wire bp_core_core_els_p1_num_lce_p2_num_cce_p1_lce_assoc_p8_lce_sets_p64_cce_block_size_in_bytes_p64_vaddr_width_p56_paddr_width_p22_branch_metadata_fwd_width_p36_asid_width_p10_btb_indx_width_p9_bht_indx_width_p5_ras_addr_width_p22.\be.be_checker.director.ret_mux.data_i [18] is used but has no driver.
Warning: Wire bp_core_core_els_p1_num_lce_p2_num_cce_p1_lce_assoc_p8_lce_sets_p64_cce_block_size_in_bytes_p64_vaddr_width_p56_paddr_width_p22_branch_metadata_fwd_width_p36_asid_width_p10_btb_indx_width_p9_bht_indx_width_p5_ras_addr_width_p22.\be.be_checker.director.ret_mux.data_i [82] is used but has no driver.
Warning: Wire bp_core_core_els_p1_num_lce_p2_num_cce_p1_lce_assoc_p8_lce_sets_p64_cce_block_size_in_bytes_p64_vaddr_width_p56_paddr_width_p22_branch_metadata_fwd_width_p36_asid_width_p10_btb_indx_width_p9_bht_indx_width_p5_ras_addr_width_p22.\be.be_checker.director.ret_mux.data_i [36] is used but has no driver.
Warning: Wire bp_core_core_els_p1_num_lce_p2_num_cce_p1_lce_assoc_p8_lce_sets_p64_cce_block_size_in_bytes_p64_vaddr_width_p56_paddr_width_p22_branch_metadata_fwd_width_p36_asid_width_p10_btb_indx_width_p9_bht_indx_width_p5_ras_addr_width_p22.\be.be_checker.director.ret_mux.data_i [100] is used but has no driver.
Warning: Wire bp_core_core_els_p1_num_lce_p2_num_cce_p1_lce_assoc_p8_lce_sets_p64_cce_block_size_in_bytes_p64_vaddr_width_p56_paddr_width_p22_branch_metadata_fwd_width_p36_asid_width_p10_btb_indx_width_p9_bht_indx_width_p5_ras_addr_width_p22.\be.be_checker.director.ret_mux.data_i [4] is used but has no driver.
Warning: Wire bp_core_core_els_p1_num_lce_p2_num_cce_p1_lce_assoc_p8_lce_sets_p64_cce_block_size_in_bytes_p64_vaddr_width_p56_paddr_width_p22_branch_metadata_fwd_width_p36_asid_width_p10_btb_indx_width_p9_bht_indx_width_p5_ras_addr_width_p22.\be.be_checker.director.ret_mux.data_i [68] is used but has no driver.
Warning: Wire bp_core_core_els_p1_num_lce_p2_num_cce_p1_lce_assoc_p8_lce_sets_p64_cce_block_size_in_bytes_p64_vaddr_width_p56_paddr_width_p22_branch_metadata_fwd_width_p36_asid_width_p10_btb_indx_width_p9_bht_indx_width_p5_ras_addr_width_p22.\be.be_checker.director.ret_mux.data_i [35] is used but has no driver.
Warning: Wire bp_core_core_els_p1_num_lce_p2_num_cce_p1_lce_assoc_p8_lce_sets_p64_cce_block_size_in_bytes_p64_vaddr_width_p56_paddr_width_p22_branch_metadata_fwd_width_p36_asid_width_p10_btb_indx_width_p9_bht_indx_width_p5_ras_addr_width_p22.\be.be_checker.director.ret_mux.data_i [99] is used but has no driver.
Warning: Wire bp_core_core_els_p1_num_lce_p2_num_cce_p1_lce_assoc_p8_lce_sets_p64_cce_block_size_in_bytes_p64_vaddr_width_p56_paddr_width_p22_branch_metadata_fwd_width_p36_asid_width_p10_btb_indx_width_p9_bht_indx_width_p5_ras_addr_width_p22.\be.be_checker.director.ret_mux.data_i [17] is used but has no driver.
Warning: Wire bp_core_core_els_p1_num_lce_p2_num_cce_p1_lce_assoc_p8_lce_sets_p64_cce_block_size_in_bytes_p64_vaddr_width_p56_paddr_width_p22_branch_metadata_fwd_width_p36_asid_width_p10_btb_indx_width_p9_bht_indx_width_p5_ras_addr_width_p22.\be.be_checker.director.ret_mux.data_i [81] is used but has no driver.
Warning: Wire bp_core_core_els_p1_num_lce_p2_num_cce_p1_lce_assoc_p8_lce_sets_p64_cce_block_size_in_bytes_p64_vaddr_width_p56_paddr_width_p22_branch_metadata_fwd_width_p36_asid_width_p10_btb_indx_width_p9_bht_indx_width_p5_ras_addr_width_p22.\be.be_checker.director.ret_mux.data_i [34] is used but has no driver.
Warning: Wire bp_core_core_els_p1_num_lce_p2_num_cce_p1_lce_assoc_p8_lce_sets_p64_cce_block_size_in_bytes_p64_vaddr_width_p56_paddr_width_p22_branch_metadata_fwd_width_p36_asid_width_p10_btb_indx_width_p9_bht_indx_width_p5_ras_addr_width_p22.\be.be_checker.director.ret_mux.data_i [98] is used but has no driver.
Warning: Wire bp_core_core_els_p1_num_lce_p2_num_cce_p1_lce_assoc_p8_lce_sets_p64_cce_block_size_in_bytes_p64_vaddr_width_p56_paddr_width_p22_branch_metadata_fwd_width_p36_asid_width_p10_btb_indx_width_p9_bht_indx_width_p5_ras_addr_width_p22.\be.be_checker.director.ret_mux.data_i [8] is used but has no driver.
Warning: Wire bp_core_core_els_p1_num_lce_p2_num_cce_p1_lce_assoc_p8_lce_sets_p64_cce_block_size_in_bytes_p64_vaddr_width_p56_paddr_width_p22_branch_metadata_fwd_width_p36_asid_width_p10_btb_indx_width_p9_bht_indx_width_p5_ras_addr_width_p22.\be.be_checker.director.ret_mux.data_i [72] is used but has no driver.
Warning: Wire bp_core_core_els_p1_num_lce_p2_num_cce_p1_lce_assoc_p8_lce_sets_p64_cce_block_size_in_bytes_p64_vaddr_width_p56_paddr_width_p22_branch_metadata_fwd_width_p36_asid_width_p10_btb_indx_width_p9_bht_indx_width_p5_ras_addr_width_p22.\be.be_checker.director.ret_mux.data_i [33] is used but has no driver.
Warning: Wire bp_core_core_els_p1_num_lce_p2_num_cce_p1_lce_assoc_p8_lce_sets_p64_cce_block_size_in_bytes_p64_vaddr_width_p56_paddr_width_p22_branch_metadata_fwd_width_p36_asid_width_p10_btb_indx_width_p9_bht_indx_width_p5_ras_addr_width_p22.\be.be_checker.director.ret_mux.data_i [97] is used but has no driver.
Warning: Wire bp_core_core_els_p1_num_lce_p2_num_cce_p1_lce_assoc_p8_lce_sets_p64_cce_block_size_in_bytes_p64_vaddr_width_p56_paddr_width_p22_branch_metadata_fwd_width_p36_asid_width_p10_btb_indx_width_p9_bht_indx_width_p5_ras_addr_width_p22.\be.be_checker.director.ret_mux.data_i [16] is used but has no driver.
Warning: Wire bp_core_core_els_p1_num_lce_p2_num_cce_p1_lce_assoc_p8_lce_sets_p64_cce_block_size_in_bytes_p64_vaddr_width_p56_paddr_width_p22_branch_metadata_fwd_width_p36_asid_width_p10_btb_indx_width_p9_bht_indx_width_p5_ras_addr_width_p22.\be.be_checker.director.ret_mux.data_i [80] is used but has no driver.
Warning: Wire bp_core_core_els_p1_num_lce_p2_num_cce_p1_lce_assoc_p8_lce_sets_p64_cce_block_size_in_bytes_p64_vaddr_width_p56_paddr_width_p22_branch_metadata_fwd_width_p36_asid_width_p10_btb_indx_width_p9_bht_indx_width_p5_ras_addr_width_p22.\be.be_checker.director.ret_mux.data_i [32] is used but has no driver.
Warning: Wire bp_core_core_els_p1_num_lce_p2_num_cce_p1_lce_assoc_p8_lce_sets_p64_cce_block_size_in_bytes_p64_vaddr_width_p56_paddr_width_p22_branch_metadata_fwd_width_p36_asid_width_p10_btb_indx_width_p9_bht_indx_width_p5_ras_addr_width_p22.\be.be_checker.director.ret_mux.data_i [96] is used but has no driver.
Warning: Wire bp_core_core_els_p1_num_lce_p2_num_cce_p1_lce_assoc_p8_lce_sets_p64_cce_block_size_in_bytes_p64_vaddr_width_p56_paddr_width_p22_branch_metadata_fwd_width_p36_asid_width_p10_btb_indx_width_p9_bht_indx_width_p5_ras_addr_width_p22.\be.be_checker.director.ret_mux.data_i [0] is used but has no driver.
Warning: Wire bp_core_core_els_p1_num_lce_p2_num_cce_p1_lce_assoc_p8_lce_sets_p64_cce_block_size_in_bytes_p64_vaddr_width_p56_paddr_width_p22_branch_metadata_fwd_width_p36_asid_width_p10_btb_indx_width_p9_bht_indx_width_p5_ras_addr_width_p22.\be.be_checker.director.ret_mux.data_i [64] is used but has no driver.
6.6. Executing OPT pass (performing simple optimizations).
6.6.1. Executing OPT_EXPR pass (perform const folding).
6.6.2. Executing OPT_MERGE pass (detect identical cells).
6.6.3. Executing OPT_MUXTREE pass (detect dead branches in mux trees).
6.6.4. Executing OPT_REDUCE pass (consolidate $*mux and $reduce_* inputs).
6.6.5. Executing OPT_MERGE pass (detect identical cells).
6.6.6. Executing OPT_DFF pass (perform DFF optimizations).
6.6.7. Executing OPT_CLEAN pass (remove unused cells and wires).
6.6.8. Executing OPT_EXPR pass (perform const folding).
6.6.9. Rerunning OPT passes. (Maybe there is more to do..)
6.6.10. Executing OPT_MUXTREE pass (detect dead branches in mux trees).
6.6.11. Executing OPT_REDUCE pass (consolidate $*mux and $reduce_* inputs).
6.6.12. Executing OPT_MERGE pass (detect identical cells).
6.6.13. Executing OPT_DFF pass (perform DFF optimizations).
6.6.14. Executing OPT_CLEAN pass (remove unused cells and wires).
6.6.15. Executing OPT_EXPR pass (perform const folding).
6.6.16. Rerunning OPT passes. (Maybe there is more to do..)
6.6.17. Executing OPT_MUXTREE pass (detect dead branches in mux trees).
6.6.18. Executing OPT_REDUCE pass (consolidate $*mux and $reduce_* inputs).
6.6.19. Executing OPT_MERGE pass (detect identical cells).
6.6.20. Executing OPT_DFF pass (perform DFF optimizations).
6.6.21. Executing OPT_CLEAN pass (remove unused cells and wires).
6.6.22. Executing OPT_EXPR pass (perform const folding).
6.6.23. Rerunning OPT passes. (Maybe there is more to do..)
6.6.24. Executing OPT_MUXTREE pass (detect dead branches in mux trees).
6.6.25. Executing OPT_REDUCE pass (consolidate $*mux and $reduce_* inputs).
6.6.26. Executing OPT_MERGE pass (detect identical cells).
6.6.27. Executing OPT_DFF pass (perform DFF optimizations).
6.6.28. Executing OPT_CLEAN pass (remove unused cells and wires).
6.6.29. Executing OPT_EXPR pass (perform const folding).
6.6.30. Rerunning OPT passes. (Maybe there is more to do..)
6.6.31. Executing OPT_MUXTREE pass (detect dead branches in mux trees).
6.6.32. Executing OPT_REDUCE pass (consolidate $*mux and $reduce_* inputs).
6.6.33. Executing OPT_MERGE pass (detect identical cells).
6.6.34. Executing OPT_DFF pass (perform DFF optimizations).
6.6.35. Executing OPT_CLEAN pass (remove unused cells and wires).
6.6.36. Executing OPT_EXPR pass (perform const folding).
6.6.37. Rerunning OPT passes. (Maybe there is more to do..)
6.6.38. Executing OPT_MUXTREE pass (detect dead branches in mux trees).
6.6.39. Executing OPT_REDUCE pass (consolidate $*mux and $reduce_* inputs).
6.6.40. Executing OPT_MERGE pass (detect identical cells).
6.6.41. Executing OPT_DFF pass (perform DFF optimizations).
6.6.42. Executing OPT_CLEAN pass (remove unused cells and wires).
6.6.43. Executing OPT_EXPR pass (perform const folding).
6.6.44. Finished fast OPT passes. (There is nothing left to do.)
6.7. Executing FSM pass (extract and optimize FSM).
6.7.1. Executing FSM_DETECT pass (finding FSMs in design).
6.7.2. Executing FSM_EXTRACT pass (extracting FSM from design).
6.7.3. Executing FSM_OPT pass (simple optimizations of FSMs).
6.7.4. Executing OPT_CLEAN pass (remove unused cells and wires).
6.7.5. Executing FSM_OPT pass (simple optimizations of FSMs).
6.7.6. Executing FSM_RECODE pass (re-assigning FSM state encoding).
6.7.7. Executing FSM_INFO pass (dumping all available information on FSM cells).
6.7.8. Executing FSM_MAP pass (mapping FSMs to basic logic).
6.8. Executing OPT pass (performing simple optimizations).
6.8.1. Executing OPT_EXPR pass (perform const folding).
6.8.2. Executing OPT_MERGE pass (detect identical cells).
6.8.3. Executing OPT_MUXTREE pass (detect dead branches in mux trees).
6.8.4. Executing OPT_REDUCE pass (consolidate $*mux and $reduce_* inputs).
6.8.5. Executing OPT_MERGE pass (detect identical cells).
6.8.6. Executing OPT_DFF pass (perform DFF optimizations).
6.8.7. Executing OPT_CLEAN pass (remove unused cells and wires).
6.8.8. Executing OPT_EXPR pass (perform const folding).
6.8.9. Rerunning OPT passes. (Maybe there is more to do..)
6.8.10. Executing OPT_MUXTREE pass (detect dead branches in mux trees).
6.8.11. Executing OPT_REDUCE pass (consolidate $*mux and $reduce_* inputs).
6.8.12. Executing OPT_MERGE pass (detect identical cells).
6.8.13. Executing OPT_DFF pass (perform DFF optimizations).
6.8.14. Executing OPT_CLEAN pass (remove unused cells and wires).
6.8.15. Executing OPT_EXPR pass (perform const folding).
6.8.16. Rerunning OPT passes. (Maybe there is more to do..)
6.8.17. Executing OPT_MUXTREE pass (detect dead branches in mux trees).
6.8.18. Executing OPT_REDUCE pass (consolidate $*mux and $reduce_* inputs).
6.8.19. Executing OPT_MERGE pass (detect identical cells).
6.8.20. Executing OPT_DFF pass (perform DFF optimizations).
6.8.21. Executing OPT_CLEAN pass (remove unused cells and wires).
6.8.22. Executing OPT_EXPR pass (perform const folding).
6.8.23. Finished fast OPT passes. (There is nothing left to do.)
6.9. Executing WREDUCE pass (reducing word size of cells).
6.10. Executing PEEPOPT pass (run peephole optimizers).
6.11. Executing OPT_CLEAN pass (remove unused cells and wires).
6.12. Executing ALUMACC pass (create $alu and $macc cells).
6.13. Executing SHARE pass (SAT-based resource sharing).
6.14. Executing OPT pass (performing simple optimizations).
6.14.1. Executing OPT_EXPR pass (perform const folding).
6.14.2. Executing OPT_MERGE pass (detect identical cells).
6.14.3. Executing OPT_MUXTREE pass (detect dead branches in mux trees).
6.14.4. Executing OPT_REDUCE pass (consolidate $*mux and $reduce_* inputs).
6.14.5. Executing OPT_MERGE pass (detect identical cells).
6.14.6. Executing OPT_DFF pass (perform DFF optimizations).
6.14.7. Executing OPT_CLEAN pass (remove unused cells and wires).
6.14.8. Executing OPT_EXPR pass (perform const folding).
6.14.9. Rerunning OPT passes. (Maybe there is more to do..)
6.14.10. Executing OPT_MUXTREE pass (detect dead branches in mux trees).
6.14.11. Executing OPT_REDUCE pass (consolidate $*mux and $reduce_* inputs).
6.14.12. Executing OPT_MERGE pass (detect identical cells).
6.14.13. Executing OPT_DFF pass (perform DFF optimizations).
6.14.14. Executing OPT_CLEAN pass (remove unused cells and wires).
6.14.15. Executing OPT_EXPR pass (perform const folding).
6.14.16. Rerunning OPT passes. (Maybe there is more to do..)
6.14.17. Executing OPT_MUXTREE pass (detect dead branches in mux trees).
6.14.18. Executing OPT_REDUCE pass (consolidate $*mux and $reduce_* inputs).
6.14.19. Executing OPT_MERGE pass (detect identical cells).
6.14.20. Executing OPT_DFF pass (perform DFF optimizations).
6.14.21. Executing OPT_CLEAN pass (remove unused cells and wires).
6.14.22. Executing OPT_EXPR pass (perform const folding).
6.14.23. Finished fast OPT passes. (There is nothing left to do.)
6.15. Executing MEMORY pass.
6.15.1. Executing OPT_MEM pass (optimize memories).
6.15.2. Executing OPT_MEM_PRIORITY pass (removing unnecessary memory write priority relations).
6.15.3. Executing OPT_MEM_FEEDBACK pass (finding memory read-to-write feedback paths).
6.15.4. Executing MEMORY_BMUX2ROM pass (converting muxes to ROMs).
6.15.5. Executing MEMORY_DFF pass (merging $dff cells to $memrd).
6.15.6. Executing OPT_CLEAN pass (remove unused cells and wires).
6.15.7. Executing MEMORY_SHARE pass (consolidating $memrd/$memwr cells).
6.15.8. Executing OPT_MEM_WIDEN pass (optimize memories where all ports are wide).
6.15.9. Executing OPT_CLEAN pass (remove unused cells and wires).
6.15.10. Executing MEMORY_COLLECT pass (generating $mem cells).
6.16. Executing OPT_CLEAN pass (remove unused cells and wires).
7. Executing SYNTH pass.
7.1. Executing OPT pass (performing simple optimizations).
7.1.1. Executing OPT_EXPR pass (perform const folding).
7.1.2. Executing OPT_MERGE pass (detect identical cells).
7.1.3. Executing OPT_DFF pass (perform DFF optimizations).
7.1.4. Executing OPT_CLEAN pass (remove unused cells and wires).
7.1.5. Rerunning OPT passes. (Removed registers in this run.)
7.1.6. Executing OPT_EXPR pass (perform const folding).
7.1.7. Executing OPT_MERGE pass (detect identical cells).
7.1.8. Executing OPT_DFF pass (perform DFF optimizations).
7.1.9. Executing OPT_CLEAN pass (remove unused cells and wires).
7.1.10. Rerunning OPT passes. (Removed registers in this run.)
7.1.11. Executing OPT_EXPR pass (perform const folding).
7.1.12. Executing OPT_MERGE pass (detect identical cells).
7.1.13. Executing OPT_DFF pass (perform DFF optimizations).
7.1.14. Executing OPT_CLEAN pass (remove unused cells and wires).
7.1.15. Finished fast OPT passes.
7.2. Executing MEMORY_MAP pass (converting memories to logic and flip-flops).
7.3. Executing OPT pass (performing simple optimizations).
7.3.1. Executing OPT_EXPR pass (perform const folding).
7.3.2. Executing OPT_MERGE pass (detect identical cells).
7.3.3. Executing OPT_MUXTREE pass (detect dead branches in mux trees).
7.3.4. Executing OPT_REDUCE pass (consolidate $*mux and $reduce_* inputs).
7.3.5. Executing OPT_MERGE pass (detect identical cells).
7.3.6. Executing OPT_SHARE pass.
7.3.7. Executing OPT_DFF pass (perform DFF optimizations).
7.3.8. Executing OPT_CLEAN pass (remove unused cells and wires).
7.3.9. Executing OPT_EXPR pass (perform const folding).
7.3.10. Rerunning OPT passes. (Maybe there is more to do..)
7.3.11. Executing OPT_MUXTREE pass (detect dead branches in mux trees).
7.3.12. Executing OPT_REDUCE pass (consolidate $*mux and $reduce_* inputs).
7.3.13. Executing OPT_MERGE pass (detect identical cells).
7.3.14. Executing OPT_SHARE pass.
7.3.15. Executing OPT_DFF pass (perform DFF optimizations).
7.3.16. Executing OPT_CLEAN pass (remove unused cells and wires).
7.3.17. Executing OPT_EXPR pass (perform const folding).
7.3.18. Rerunning OPT passes. (Maybe there is more to do..)
7.3.19. Executing OPT_MUXTREE pass (detect dead branches in mux trees).
7.3.20. Executing OPT_REDUCE pass (consolidate $*mux and $reduce_* inputs).
7.3.21. Executing OPT_MERGE pass (detect identical cells).
7.3.22. Executing OPT_SHARE pass.
7.3.23. Executing OPT_DFF pass (perform DFF optimizations).
7.3.24. Executing OPT_CLEAN pass (remove unused cells and wires).
7.3.25. Executing OPT_EXPR pass (perform const folding).
7.3.26. Rerunning OPT passes. (Maybe there is more to do..)
7.3.27. Executing OPT_MUXTREE pass (detect dead branches in mux trees).
7.3.28. Executing OPT_REDUCE pass (consolidate $*mux and $reduce_* inputs).
7.3.29. Executing OPT_MERGE pass (detect identical cells).
7.3.30. Executing OPT_SHARE pass.
7.3.31. Executing OPT_DFF pass (perform DFF optimizations).
7.3.32. Executing OPT_CLEAN pass (remove unused cells and wires).
7.3.33. Executing OPT_EXPR pass (perform const folding).
7.3.34. Rerunning OPT passes. (Maybe there is more to do..)
7.3.35. Executing OPT_MUXTREE pass (detect dead branches in mux trees).
7.3.36. Executing OPT_REDUCE pass (consolidate $*mux and $reduce_* inputs).
7.3.37. Executing OPT_MERGE pass (detect identical cells).
7.3.38. Executing OPT_SHARE pass.
7.3.39. Executing OPT_DFF pass (perform DFF optimizations).
7.3.40. Executing OPT_CLEAN pass (remove unused cells and wires).
7.3.41. Executing OPT_EXPR pass (perform const folding).
7.3.42. Finished fast OPT passes. (There is nothing left to do.)
7.4. Executing TECHMAP pass (map to technology primitives).
7.4.1. Executing Verilog-2005 frontend: /home/piohuang/OpenROAD-flow-scripts/tools/install/yosys/bin/../share/yosys/techmap.v
7.4.2. Executing Verilog-2005 frontend: /home/piohuang/OpenROAD-flow-scripts/flow/platforms/common/lcu_kogge_stone.v
7.4.3. Continuing TECHMAP pass.
7.4.82. Executing OPT_MUXTREE pass (detect dead branches in mux trees).
7.4.83. Executing OPT_EXPR pass (perform const folding).
7.5. Executing OPT pass (performing simple optimizations).
7.5.1. Executing OPT_EXPR pass (perform const folding).
7.5.2. Executing OPT_MERGE pass (detect identical cells).
7.5.3. Executing OPT_DFF pass (perform DFF optimizations).
7.5.4. Executing OPT_CLEAN pass (remove unused cells and wires).
7.5.5. Finished fast OPT passes.
7.6. Executing ABC pass (technology mapping using ABC).
7.6.1. Extracting gate netlist of module `\black_parrot' to `<abc-temp-dir>/input.blif'..
7.6.2. Extracting gate netlist of module `\bp_be_calculator_top_vaddr_width_p56_paddr_width_p22_asid_width_p10_branch_metadata_fwd_width_p36_core_els_p1_num_lce_p2_lce_sets_p64_cce_block_size_in_bytes_p64' to `<abc-temp-dir>/input.blif'..
7.6.3. Extracting gate netlist of module `\bp_be_dcache_data_width_p64_paddr_width_p22_sets_p64_ways_p8_num_cce_p1_num_lce_p2' to `<abc-temp-dir>/input.blif'..
7.6.4. Extracting gate netlist of module `\bp_be_dcache_lce_data_width_p64_paddr_width_p22_lce_data_width_p512_sets_p64_ways_p8_num_cce_p1_num_lce_p2' to `<abc-temp-dir>/input.blif'..
7.6.5. Extracting gate netlist of module `\bp_cce_num_lce_p2_num_cce_p1_paddr_width_p22_lce_assoc_p8_lce_sets_p64_block_size_in_bytes_p64_num_cce_inst_ram_els_p256' to `<abc-temp-dir>/input.blif'..
7.6.6. Extracting gate netlist of module `\bp_coherence_network_num_lce_p2_num_cce_p1_paddr_width_p22_lce_assoc_p8_block_size_in_bytes_p64' to `<abc-temp-dir>/input.blif'..
7.6.7. Extracting gate netlist of module `\bp_core_core_els_p1_num_lce_p2_num_cce_p1_lce_assoc_p8_lce_sets_p64_cce_block_size_in_bytes_p64_vaddr_width_p56_paddr_width_p22_branch_metadata_fwd_width_p36_asid_width_p10_btb_indx_width_p9_bht_indx_width_p5_ras_addr_width_p22' to `<abc-temp-dir>/input.blif'..
7.6.8. Extracting gate netlist of module `\bsg_mem_1rw_sync_mask_write_bit_width_p192_els_p64' to `<abc-temp-dir>/input.blif'..
7.6.9. Extracting gate netlist of module `\bsg_mesh_router_539_1_1_0_0a_0' to `<abc-temp-dir>/input.blif'..
7.6.10. Extracting gate netlist of module `\bsg_mesh_router_539_1_1_0_0d_0' to `<abc-temp-dir>/input.blif'..
7.6.11. Extracting gate netlist of module `\bsg_mesh_router_541_1_1_0_0a_0' to `<abc-temp-dir>/input.blif'..
7.6.12. Extracting gate netlist of module `\bsg_mesh_router_541_1_1_0_0c_0' to `<abc-temp-dir>/input.blif'..
7.6.13. Extracting gate netlist of module `\bsg_mesh_router_542_1_1_0_0a_0' to `<abc-temp-dir>/input.blif'..
7.6.14. Extracting gate netlist of module `\bsg_mesh_router_542_1_1_0_1c_0' to `<abc-temp-dir>/input.blif'..
7.6.15. Extracting gate netlist of module `\hard_mem_1rw_byte_mask_d512_w64_wrapper' to `<abc-temp-dir>/input.blif'..
7.6.16. Extracting gate netlist of module `\hard_mem_1rw_d256_w95_wrapper' to `<abc-temp-dir>/input.blif'..
7.6.17. Extracting gate netlist of module `\hard_mem_1rw_d512_w64_wrapper' to `<abc-temp-dir>/input.blif'..
7.6.18. Extracting gate netlist of module `\icache_eaddr_width_p64_data_width_p64_inst_width_p32_tag_width_p10_num_cce_p1_num_lce_p2_ways_p8_lce_sets_p64_block_size_in_bytes_p8' to `<abc-temp-dir>/input.blif'..
7.7. Executing OPT pass (performing simple optimizations).
7.7.1. Executing OPT_EXPR pass (perform const folding).
7.7.2. Executing OPT_MERGE pass (detect identical cells).
7.7.3. Executing OPT_DFF pass (perform DFF optimizations).
7.7.4. Executing OPT_CLEAN pass (remove unused cells and wires).
7.7.5. Finished fast OPT passes.
7.8. Executing HIERARCHY pass (managing design hierarchy).
7.8.1. Analyzing design hierarchy..
7.8.2. Analyzing design hierarchy..
7.9. Printing statistics.
7.10. Executing CHECK pass (checking for obvious problems).
8. Executing OPT pass (performing simple optimizations).
8.1. Executing OPT_EXPR pass (perform const folding).
8.2. Executing OPT_MERGE pass (detect identical cells).
8.3. Executing OPT_MUXTREE pass (detect dead branches in mux trees).
8.4. Executing OPT_REDUCE pass (consolidate $*mux and $reduce_* inputs).
8.5. Executing OPT_MERGE pass (detect identical cells).
8.6. Executing OPT_DFF pass (perform DFF optimizations).
8.7. Executing OPT_CLEAN pass (remove unused cells and wires).
8.8. Executing OPT_EXPR pass (perform const folding).
8.9. Rerunning OPT passes. (Maybe there is more to do..)
8.10. Executing OPT_MUXTREE pass (detect dead branches in mux trees).
8.11. Executing OPT_REDUCE pass (consolidate $*mux and $reduce_* inputs).
8.12. Executing OPT_MERGE pass (detect identical cells).
8.13. Executing OPT_DFF pass (perform DFF optimizations).
8.14. Executing OPT_CLEAN pass (remove unused cells and wires).
8.15. Executing OPT_EXPR pass (perform const folding).
8.16. Finished fast OPT passes. (There is nothing left to do.)
9. Executing EXTRACT_FA pass (find and extract full/half adders).
10. Executing TECHMAP pass (map to technology primitives).
10.1. Executing Verilog-2005 frontend: /home/piohuang/OpenROAD-flow-scripts/flow/platforms/nangate45/cells_adders.v
10.2. Continuing TECHMAP pass.
11. Executing TECHMAP pass (map to technology primitives).
11.1. Executing Verilog-2005 frontend: /home/piohuang/OpenROAD-flow-scripts/tools/install/yosys/bin/../share/yosys/techmap.v
11.2. Continuing TECHMAP pass.
12. Executing OPT pass (performing simple optimizations).
12.1. Executing OPT_EXPR pass (perform const folding).
12.2. Executing OPT_MERGE pass (detect identical cells).
12.3. Executing OPT_DFF pass (perform DFF optimizations).
12.4. Executing OPT_CLEAN pass (remove unused cells and wires).
12.5. Finished fast OPT passes.
13. Executing TECHMAP pass (map to technology primitives).
13.1. Executing Verilog-2005 frontend: /home/piohuang/OpenROAD-flow-scripts/flow/platforms/nangate45/cells_latch.v
13.2. Continuing TECHMAP pass.
14. Executing DFFLIBMAP pass (mapping DFF cells to sequential cells from liberty file).
14.1. Executing DFFLEGALIZE pass (convert FFs to types supported by the target).
15. Executing OPT pass (performing simple optimizations).
15.1. Executing OPT_EXPR pass (perform const folding).
15.2. Executing OPT_MERGE pass (detect identical cells).
15.3. Executing OPT_MUXTREE pass (detect dead branches in mux trees).
15.4. Executing OPT_REDUCE pass (consolidate $*mux and $reduce_* inputs).
15.5. Executing OPT_MERGE pass (detect identical cells).
15.6. Executing OPT_DFF pass (perform DFF optimizations).
15.7. Executing OPT_CLEAN pass (remove unused cells and wires).
15.8. Executing OPT_EXPR pass (perform const folding).
15.9. Rerunning OPT passes. (Maybe there is more to do..)
15.10. Executing OPT_MUXTREE pass (detect dead branches in mux trees).
15.11. Executing OPT_REDUCE pass (consolidate $*mux and $reduce_* inputs).
15.12. Executing OPT_MERGE pass (detect identical cells).
15.13. Executing OPT_DFF pass (perform DFF optimizations).
15.14. Executing OPT_CLEAN pass (remove unused cells and wires).
15.15. Executing OPT_EXPR pass (perform const folding).
15.16. Finished fast OPT passes. (There is nothing left to do.)
16. Executing SETUNDEF pass (replace undef values with defined constants).
abc -script /home/piohuang/OpenROAD-flow-scripts/flow/scripts/abc_area.script -liberty /home/piohuang/OpenROAD-flow-scripts/flow/platforms/nangate45/lib/NangateOpenCellLibrary_typical.lib -liberty /home/piohuang/OpenROAD-flow-scripts/flow/platforms/nangate45/lib/fakeram45_512x64.lib -liberty /home/piohuang/OpenROAD-flow-scripts/flow/platforms/nangate45/lib/fakeram45_256x95.lib -liberty /home/piohuang/OpenROAD-flow-scripts/flow/platforms/nangate45/lib/fakeram45_64x7.lib -liberty /home/piohuang/OpenROAD-flow-scripts/flow/platforms/nangate45/lib/fakeram45_64x15.lib -liberty /home/piohuang/OpenROAD-flow-scripts/flow/platforms/nangate45/lib/fakeram45_64x96.lib -dont_use TAPCELL_X1 -dont_use FILLCELL_X1 -dont_use AOI211_X1 -dont_use OAI211_X1 -constr ./objects/nangate45/bp/base/abc.constr -D 6.0
17. Executing ABC pass (technology mapping using ABC).
17.1. Extracting gate netlist of module `\black_parrot' to `<abc-temp-dir>/input.blif'..
17.1.1. Executed ABC.
17.1.2. Re-integrating ABC results.
17.2. Extracting gate netlist of module `\bp_be_calculator_top_vaddr_width_p56_paddr_width_p22_asid_width_p10_branch_metadata_fwd_width_p36_core_els_p1_num_lce_p2_lce_sets_p64_cce_block_size_in_bytes_p64' to `<abc-temp-dir>/input.blif'..
17.2.1. Executed ABC.
17.2.2. Re-integrating ABC results.
17.3. Extracting gate netlist of module `\bp_be_dcache_data_width_p64_paddr_width_p22_sets_p64_ways_p8_num_cce_p1_num_lce_p2' to `<abc-temp-dir>/input.blif'..
17.3.1. Executed ABC.
17.3.2. Re-integrating ABC results.
17.4. Extracting gate netlist of module `\bp_be_dcache_lce_data_width_p64_paddr_width_p22_lce_data_width_p512_sets_p64_ways_p8_num_cce_p1_num_lce_p2' to `<abc-temp-dir>/input.blif'..
17.4.1. Executed ABC.
17.4.2. Re-integrating ABC results.
17.5. Extracting gate netlist of module `\bp_cce_num_lce_p2_num_cce_p1_paddr_width_p22_lce_assoc_p8_lce_sets_p64_block_size_in_bytes_p64_num_cce_inst_ram_els_p256' to `<abc-temp-dir>/input.blif'..
17.5.1. Executed ABC.
17.5.2. Re-integrating ABC results.
17.6. Extracting gate netlist of module `\bp_coherence_network_num_lce_p2_num_cce_p1_paddr_width_p22_lce_assoc_p8_block_size_in_bytes_p64' to `<abc-temp-dir>/input.blif'..
17.6.1. Executed ABC.
17.6.2. Re-integrating ABC results.
17.7. Extracting gate netlist of module `\bp_core_core_els_p1_num_lce_p2_num_cce_p1_lce_assoc_p8_lce_sets_p64_cce_block_size_in_bytes_p64_vaddr_width_p56_paddr_width_p22_branch_metadata_fwd_width_p36_asid_width_p10_btb_indx_width_p9_bht_indx_width_p5_ras_addr_width_p22' to `<abc-temp-dir>/input.blif'..
17.7.1. Executed ABC.
17.7.2. Re-integrating ABC results.
17.8. Extracting gate netlist of module `\bsg_mem_1rw_sync_mask_write_bit_width_p192_els_p64' to `<abc-temp-dir>/input.blif'..
17.8.1. Executed ABC.
17.9. Extracting gate netlist of module `\bsg_mesh_router_539_1_1_0_0a_0' to `<abc-temp-dir>/input.blif'..
17.9.1. Executed ABC.
17.9.2. Re-integrating ABC results.
17.10. Extracting gate netlist of module `\bsg_mesh_router_539_1_1_0_0d_0' to `<abc-temp-dir>/input.blif'..
17.10.1. Executed ABC.
17.10.2. Re-integrating ABC results.
17.11. Extracting gate netlist of module `\bsg_mesh_router_541_1_1_0_0a_0' to `<abc-temp-dir>/input.blif'..
17.11.1. Executed ABC.
17.11.2. Re-integrating ABC results.
17.12. Extracting gate netlist of module `\bsg_mesh_router_541_1_1_0_0c_0' to `<abc-temp-dir>/input.blif'..
17.12.1. Executed ABC.
17.12.2. Re-integrating ABC results.
17.13. Extracting gate netlist of module `\bsg_mesh_router_542_1_1_0_0a_0' to `<abc-temp-dir>/input.blif'..
17.13.1. Executed ABC.
17.13.2. Re-integrating ABC results.
17.14. Extracting gate netlist of module `\bsg_mesh_router_542_1_1_0_1c_0' to `<abc-temp-dir>/input.blif'..
17.14.1. Executed ABC.
17.14.2. Re-integrating ABC results.
17.15. Extracting gate netlist of module `\hard_mem_1rw_byte_mask_d512_w64_wrapper' to `<abc-temp-dir>/input.blif'..
17.15.1. Executed ABC.
17.16. Extracting gate netlist of module `\hard_mem_1rw_d256_w95_wrapper' to `<abc-temp-dir>/input.blif'..
17.16.1. Executed ABC.
17.17. Extracting gate netlist of module `\hard_mem_1rw_d512_w64_wrapper' to `<abc-temp-dir>/input.blif'..
17.17.1. Executed ABC.
17.18. Extracting gate netlist of module `\icache_eaddr_width_p64_data_width_p64_inst_width_p32_tag_width_p10_num_cce_p1_num_lce_p2_ways_p8_lce_sets_p64_block_size_in_bytes_p8' to `<abc-temp-dir>/input.blif'..
17.18.1. Executed ABC.
17.18.2. Re-integrating ABC results.
Took 87 seconds: abc -script /home/piohuang/OpenROAD-flow-scripts/flow/scripts/abc_area.script -liberty /home/piohuang/OpenROAD-flow-scripts/flow/platforms/nangate45/lib/NangateOpenCellLibrary_typical.lib -liberty /home/piohuang/OpenROAD-flow-scripts/flow/platforms/nangate45/lib/fakeram45_512x64.lib -liberty /home/piohuang/OpenROAD-flow-scripts/flow/platforms/nangate45/lib/fakeram45_256x95.lib -liberty /home/piohuang/OpenROAD-flow-scripts/flow/platforms/nangate45/lib/fakeram45_64x7.lib -liberty /home/piohuang/OpenROAD-flow-scripts/flow/platforms/nangate45/lib/fakeram45_64x15.lib -liberty /home/piohuang/OpenROAD-flow-scripts/flow/platforms/nangate45/lib/fakeram45_64x96.lib -dont_use TAPCELL_X1 -dont_use FILLCELL_X1 -dont_use AOI211_X1 -dont_use OAI211_X1 -constr ./objects/nangate45/bp/base/abc.constr -D 6.0
18. Executing SPLITNETS pass (splitting up multi-bit signals).
19. Executing OPT_CLEAN pass (remove unused cells and wires).
20. Executing HILOMAP pass (mapping to constant drivers).
21. Executing INSBUF pass (insert buffer cells for connected wires).
22. Executing CHECK pass (checking for obvious problems).
23. Printing statistics.
24. Executing CHECK pass (checking for obvious problems).
25. Executing Verilog backend.
25.1. Executing BMUXMAP pass.
25.2. Executing DEMUXMAP pass.
exec cp /home/piohuang/OpenROAD-flow-scripts/flow/designs/nangate45/black_parrot/constraint.sdc ./results/nangate45/bp/base/1_synth.sdc
Warnings: 1124 unique messages, 1124 total
End of script. Logfile hash: 7a177717cf, CPU: user 402.79s system 4.12s, MEM: 675.11 MB peak
Yosys 0.63 (git sha1 d3e297fcd, g++ 11.4.0-1ubuntu1~22.04.3 -fPIC -O3) [the-openroad-project/yosys]
Time spent: 20% 59x opt_clean (103 sec), 19% 2x abc (96 sec), ...
Elapsed time: 8:27.67[h:]min:sec. CPU time: user 493.68 sys 7.15 (98%). Peak memory: 691316KB.
cp /home/piohuang/OpenROAD-flow-scripts/flow/designs/nangate45/black_parrot/constraint.sdc ./results/nangate45/bp/base/1_2_yosys.sdc
OpenROAD 26Q1-2290-g4589d89a40 
Features included (+) or not (-): +GPU +GUI +Python
This program is licensed under the BSD-3 license. See the LICENSE file for details.
Components of this program may be licensed under more restrictive licenses which must be honored.
[INFO ORD-0030] Using 40 thread(s).
mkdir -p ./objects/nangate45/bp/base
/home/piohuang/OpenROAD-flow-scripts/flow/scripts/flow.sh 1_synth synth_odb
Running synth_odb.tcl, stage 1_synth
read_liberty /home/piohuang/OpenROAD-flow-scripts/flow/platforms/nangate45/lib/NangateOpenCellLibrary_typical.lib
read_liberty /home/piohuang/OpenROAD-flow-scripts/flow/platforms/nangate45/lib/fakeram45_512x64.lib
read_liberty /home/piohuang/OpenROAD-flow-scripts/flow/platforms/nangate45/lib/fakeram45_256x95.lib
read_liberty /home/piohuang/OpenROAD-flow-scripts/flow/platforms/nangate45/lib/fakeram45_64x7.lib
read_liberty /home/piohuang/OpenROAD-flow-scripts/flow/platforms/nangate45/lib/fakeram45_64x15.lib
read_liberty /home/piohuang/OpenROAD-flow-scripts/flow/platforms/nangate45/lib/fakeram45_64x96.lib
[INFO ODB-0227] LEF file: /home/piohuang/OpenROAD-flow-scripts/flow/platforms/nangate45/lef/NangateOpenCellLibrary.tech.lef, created 22 layers, 27 vias
[INFO ODB-0227] LEF file: /home/piohuang/OpenROAD-flow-scripts/flow/platforms/nangate45/lef/NangateOpenCellLibrary.macro.mod.lef, created 135 library cells
[INFO ODB-0227] LEF file: /home/piohuang/OpenROAD-flow-scripts/flow/platforms/nangate45/lef/fakeram45_512x64.lef, created 1 library cells
[INFO ODB-0227] LEF file: /home/piohuang/OpenROAD-flow-scripts/flow/platforms/nangate45/lef/fakeram45_256x95.lef, created 1 library cells
[INFO ODB-0227] LEF file: /home/piohuang/OpenROAD-flow-scripts/flow/platforms/nangate45/lef/fakeram45_64x7.lef, created 1 library cells
[INFO ODB-0227] LEF file: /home/piohuang/OpenROAD-flow-scripts/flow/platforms/nangate45/lef/fakeram45_64x15.lef, created 1 library cells
[INFO ODB-0227] LEF file: /home/piohuang/OpenROAD-flow-scripts/flow/platforms/nangate45/lef/fakeram45_64x96.lef, created 1 library cells
link_design black_parrot
Took 5 seconds: link_design black_parrot
read_sdc ./results/nangate45/bp/base/1_2_yosys.sdc
source /home/piohuang/OpenROAD-flow-scripts/flow/platforms/nangate45/setRC.tcl
write_db ./results/nangate45/bp/base/1_synth.odb
write_sdc -no_timestamp ./results/nangate45/bp/base/1_synth.sdc
Elapsed time: 0:08.59[h:]min:sec. CPU time: user 7.35 sys 0.67 (93%). Peak memory: 783540KB.
Log                        Elapsed/s Peak Memory/MB  sha1sum .odb [0:20)
1_synth                            8            765 b485a93524b9ce62d982
/home/piohuang/OpenROAD-flow-scripts/flow/scripts/flow.sh 2_1_floorplan floorplan
Running floorplan.tcl, stage 2_1_floorplan
read_liberty /home/piohuang/OpenROAD-flow-scripts/flow/platforms/nangate45/lib/NangateOpenCellLibrary_typical.lib
read_liberty /home/piohuang/OpenROAD-flow-scripts/flow/platforms/nangate45/lib/fakeram45_512x64.lib
read_liberty /home/piohuang/OpenROAD-flow-scripts/flow/platforms/nangate45/lib/fakeram45_256x95.lib
read_liberty /home/piohuang/OpenROAD-flow-scripts/flow/platforms/nangate45/lib/fakeram45_64x7.lib
read_liberty /home/piohuang/OpenROAD-flow-scripts/flow/platforms/nangate45/lib/fakeram45_64x15.lib
read_liberty /home/piohuang/OpenROAD-flow-scripts/flow/platforms/nangate45/lib/fakeram45_64x96.lib
read_db ./results/nangate45/bp/base/1_synth.odb
read_sdc ./results/nangate45/bp/base/1_synth.sdc
source /home/piohuang/OpenROAD-flow-scripts/flow/platforms/nangate45/setRC.tcl
Removed 35649 unused instances and 39247 unused nets.

==========================================================================
Floorplan check_setup
--------------------------------------------------------------------------
number instances in verilog is 201421
[INFO IFP-0001] Added 913 rows of 6999 site FreePDK45_38x28_10R_NP_162NW_34O.
[INFO IFP-0100] Die BBox:  (  0.000  0.000 ) ( 1350.000 1300.000 ) um
[INFO IFP-0101] Core BBox: ( 10.070 11.200 ) ( 1339.880 1289.400 ) um
[INFO IFP-0102] Core area:                      1699763.142 um^2
[INFO IFP-0103] Total instances area:            628097.288 um^2
[INFO IFP-0104] Effective utilization:                0.370
[INFO IFP-0105] Number of instances:                 201421
source /home/piohuang/OpenROAD-flow-scripts/flow/platforms/nangate45/make_tracks.tcl
source /home/piohuang/OpenROAD-flow-scripts/flow/platforms/nangate45/fastroute.tcl
Repair tie lo fanout...
[INFO RSZ-0042] Inserted 4755 tie LOGIC0_X1 instances.
Repair tie hi fanout...
[INFO RSZ-0042] Inserted 573 tie LOGIC1_X1 instances.
repair_timing -setup_margin 0 -hold_margin 0.03 -repair_tns 100 -setup -skip_last_gasp -sequence unbuffer,sizeup,swap,vt_swap -verbose
[WARNING EST-0027] no estimated parasitics. Using wire load models.
[INFO RSZ-0100] Repair move sequence: UnbufferMove SizeUpMove SwapPinsMove 
[INFO RSZ-0094] Found 97 endpoints with setup violations.
[INFO RSZ-0099] Repairing 97 out of 97 (100.00%) violating endpoints...
   Iter   | Removed | Resized | Inserted | Cloned |  Pin  |   Area   |    WNS   |   TNS      |  Viol  | Worst
          | Buffers |  Gates  | Buffers  |  Gates | Swaps |          |          |            | Endpts | Endpt
--------------------------------------------------------------------------------------------------------------
        0 |       0 |       0 |        0 |      0 |     0 |    +0.0% |   -1.957 |      -13.3 |     97 | multi_top.rof1_0__core/fe.bp_fe_pc_gen_1.genblk1_branch_prediction_1.btb_1.read_valid_o$_DFF_P_/D
       10 |       0 |       3 |        0 |      0 |     6 |    +0.0% |   -1.985 |      -13.3 |     97 | multi_top.rof1_0__core/fe.bp_fe_pc_gen_1.genblk1_branch_prediction_1.btb_1.read_valid_o$_DFF_P_/D
       20 |       0 |       6 |        0 |      0 |    13 |    +0.0% |   -2.005 |      -13.3 |     97 | multi_top.rof1_0__core/fe.bp_fe_pc_gen_1.genblk1_branch_prediction_1.btb_1.read_valid_o$_DFF_P_/D
       30 |       0 |       7 |        0 |      0 |    22 |    +0.0% |   -2.030 |      -13.3 |     97 | multi_top.rof1_0__core/fe.bp_fe_pc_gen_1.genblk1_branch_prediction_1.btb_1.read_valid_o$_DFF_P_/D
       40 |       0 |       8 |        0 |      0 |    31 |    +0.0% |   -2.044 |      -13.4 |     97 | multi_top.rof1_0__core/fe.bp_fe_pc_gen_1.genblk1_branch_prediction_1.btb_1.read_valid_o$_DFF_P_/D
       50 |       0 |       8 |        0 |      0 |    41 |    +0.0% |   -2.061 |      -13.4 |     97 | multi_top.rof1_0__core/fe.bp_fe_pc_gen_1.genblk1_branch_prediction_1.btb_1.read_valid_o$_DFF_P_/D
       51 |       0 |       0 |        0 |      0 |     0 |    +0.0% |   -1.957 |      -13.3 |     97 | multi_top.rof1_0__core/fe.bp_fe_pc_gen_1.genblk1_branch_prediction_1.btb_1.read_valid_o$_DFF_P_/D
       53 |       0 |       1 |        0 |      0 |     0 |    +0.0% |   -1.957 |       -2.0 |     95 | multi_top.rof1_0__core/fe.bp_fe_pc_gen_1.genblk1_branch_prediction_1.btb_1.read_valid_o$_DFF_P_/D
       54 |       0 |       1 |        0 |      0 |     0 |    +0.0% |   -1.957 |       -2.0 |     94 | multi_top.rof1_0__core/fe.bp_fe_pc_gen_1.genblk1_branch_prediction_1.btb_1.read_valid_o$_DFF_P_/D
       55 |       0 |       1 |        0 |      0 |     0 |    +0.0% |   -1.957 |       -2.0 |     93 | multi_top.rof1_0__core/fe.bp_fe_pc_gen_1.genblk1_branch_prediction_1.btb_1.read_valid_o$_DFF_P_/D
       56 |       0 |       1 |        0 |      0 |     0 |    +0.0% |   -1.957 |       -2.0 |     92 | multi_top.rof1_0__core/fe.bp_fe_pc_gen_1.genblk1_branch_prediction_1.btb_1.read_valid_o$_DFF_P_/D
       57 |       0 |       1 |        0 |      0 |     0 |    +0.0% |   -1.957 |       -2.0 |     91 | multi_top.rof1_0__core/fe.bp_fe_pc_gen_1.genblk1_branch_prediction_1.btb_1.read_valid_o$_DFF_P_/D
       58 |       0 |       1 |        0 |      0 |     0 |    +0.0% |   -1.957 |       -2.0 |     90 | multi_top.rof1_0__core/fe.bp_fe_pc_gen_1.genblk1_branch_prediction_1.btb_1.read_valid_o$_DFF_P_/D
       59 |       0 |       1 |        0 |      0 |     0 |    +0.0% |   -1.957 |       -2.0 |     89 | multi_top.rof1_0__core/fe.bp_fe_pc_gen_1.genblk1_branch_prediction_1.btb_1.read_valid_o$_DFF_P_/D
       60 |       0 |       1 |        0 |      0 |     0 |    +0.0% |   -1.957 |       -2.0 |     89 | multi_top.rof1_0__core/fe.bp_fe_pc_gen_1.genblk1_branch_prediction_1.btb_1.read_valid_o$_DFF_P_/D
       60 |       0 |       1 |        0 |      0 |     0 |    +0.0% |   -1.957 |       -2.0 |     88 | multi_top.rof1_0__core/fe.bp_fe_pc_gen_1.genblk1_branch_prediction_1.btb_1.read_valid_o$_DFF_P_/D
       61 |       0 |       1 |        0 |      0 |     0 |    +0.0% |   -1.957 |       -2.0 |     87 | multi_top.rof1_0__core/fe.bp_fe_pc_gen_1.genblk1_branch_prediction_1.btb_1.read_valid_o$_DFF_P_/D
       62 |       0 |       1 |        0 |      0 |     0 |    +0.0% |   -1.957 |       -2.0 |     86 | multi_top.rof1_0__core/fe.bp_fe_pc_gen_1.genblk1_branch_prediction_1.btb_1.read_valid_o$_DFF_P_/D
       63 |       0 |       1 |        0 |      0 |     0 |    +0.0% |   -1.957 |       -2.0 |     85 | multi_top.rof1_0__core/fe.bp_fe_pc_gen_1.genblk1_branch_prediction_1.btb_1.read_valid_o$_DFF_P_/D
       64 |       0 |       1 |        0 |      0 |     0 |    +0.0% |   -1.957 |       -2.0 |     84 | multi_top.rof1_0__core/fe.bp_fe_pc_gen_1.genblk1_branch_prediction_1.btb_1.read_valid_o$_DFF_P_/D
       65 |       0 |       1 |        0 |      0 |     0 |    +0.0% |   -1.957 |       -2.0 |     83 | multi_top.rof1_0__core/fe.bp_fe_pc_gen_1.genblk1_branch_prediction_1.btb_1.read_valid_o$_DFF_P_/D
       66 |       0 |       1 |        0 |      0 |     0 |    +0.0% |   -1.957 |       -2.0 |     82 | multi_top.rof1_0__core/fe.bp_fe_pc_gen_1.genblk1_branch_prediction_1.btb_1.read_valid_o$_DFF_P_/D
       67 |       0 |       1 |        0 |      0 |     0 |    +0.0% |   -1.957 |       -2.0 |     81 | multi_top.rof1_0__core/fe.bp_fe_pc_gen_1.genblk1_branch_prediction_1.btb_1.read_valid_o$_DFF_P_/D
       68 |       0 |       1 |        0 |      0 |     0 |    +0.0% |   -1.957 |       -2.0 |     80 | multi_top.rof1_0__core/fe.bp_fe_pc_gen_1.genblk1_branch_prediction_1.btb_1.read_valid_o$_DFF_P_/D
       69 |       0 |       1 |        0 |      0 |     0 |    +0.0% |   -1.957 |       -2.0 |     79 | multi_top.rof1_0__core/fe.bp_fe_pc_gen_1.genblk1_branch_prediction_1.btb_1.read_valid_o$_DFF_P_/D
       70 |       0 |       1 |        0 |      0 |     0 |    +0.0% |   -1.957 |       -2.0 |     79 | multi_top.rof1_0__core/fe.bp_fe_pc_gen_1.genblk1_branch_prediction_1.btb_1.read_valid_o$_DFF_P_/D
       70 |       0 |       1 |        0 |      0 |     0 |    +0.0% |   -1.957 |       -2.0 |     78 | multi_top.rof1_0__core/fe.bp_fe_pc_gen_1.genblk1_branch_prediction_1.btb_1.read_valid_o$_DFF_P_/D
       71 |       0 |       1 |        0 |      0 |     0 |    +0.0% |   -1.957 |       -2.0 |     77 | multi_top.rof1_0__core/fe.bp_fe_pc_gen_1.genblk1_branch_prediction_1.btb_1.read_valid_o$_DFF_P_/D
       72 |       0 |       1 |        0 |      0 |     0 |    +0.0% |   -1.957 |       -2.0 |     76 | multi_top.rof1_0__core/fe.bp_fe_pc_gen_1.genblk1_branch_prediction_1.btb_1.read_valid_o$_DFF_P_/D
       73 |       0 |       1 |        0 |      0 |     0 |    +0.0% |   -1.957 |       -2.0 |     75 | multi_top.rof1_0__core/fe.bp_fe_pc_gen_1.genblk1_branch_prediction_1.btb_1.read_valid_o$_DFF_P_/D
       74 |       0 |       1 |        0 |      0 |     0 |    +0.0% |   -1.957 |       -2.0 |     74 | multi_top.rof1_0__core/fe.bp_fe_pc_gen_1.genblk1_branch_prediction_1.btb_1.read_valid_o$_DFF_P_/D
       75 |       0 |       1 |        0 |      0 |     0 |    +0.0% |   -1.957 |       -2.0 |     73 | multi_top.rof1_0__core/fe.bp_fe_pc_gen_1.genblk1_branch_prediction_1.btb_1.read_valid_o$_DFF_P_/D
       76 |       0 |       1 |        0 |      0 |     0 |    +0.0% |   -1.957 |       -2.0 |     72 | multi_top.rof1_0__core/fe.bp_fe_pc_gen_1.genblk1_branch_prediction_1.btb_1.read_valid_o$_DFF_P_/D
       77 |       0 |       1 |        0 |      0 |     0 |    +0.0% |   -1.957 |       -2.0 |     71 | multi_top.rof1_0__core/fe.bp_fe_pc_gen_1.genblk1_branch_prediction_1.btb_1.read_valid_o$_DFF_P_/D
       78 |       0 |       1 |        0 |      0 |     0 |    +0.0% |   -1.957 |       -2.0 |     70 | multi_top.rof1_0__core/fe.bp_fe_pc_gen_1.genblk1_branch_prediction_1.btb_1.read_valid_o$_DFF_P_/D
       79 |       0 |       1 |        0 |      0 |     0 |    +0.0% |   -1.957 |       -2.0 |     69 | multi_top.rof1_0__core/fe.bp_fe_pc_gen_1.genblk1_branch_prediction_1.btb_1.read_valid_o$_DFF_P_/D
       80 |       0 |       1 |        0 |      0 |     0 |    +0.0% |   -1.957 |       -2.0 |     69 | multi_top.rof1_0__core/fe.bp_fe_pc_gen_1.genblk1_branch_prediction_1.btb_1.read_valid_o$_DFF_P_/D
       80 |       0 |       1 |        0 |      0 |     0 |    +0.0% |   -1.957 |       -2.0 |     68 | multi_top.rof1_0__core/fe.bp_fe_pc_gen_1.genblk1_branch_prediction_1.btb_1.read_valid_o$_DFF_P_/D
       81 |       0 |       1 |        0 |      0 |     0 |    +0.0% |   -1.957 |       -2.0 |     67 | multi_top.rof1_0__core/fe.bp_fe_pc_gen_1.genblk1_branch_prediction_1.btb_1.read_valid_o$_DFF_P_/D
       82 |       0 |       1 |        0 |      0 |     0 |    +0.0% |   -1.957 |       -2.0 |     66 | multi_top.rof1_0__core/fe.bp_fe_pc_gen_1.genblk1_branch_prediction_1.btb_1.read_valid_o$_DFF_P_/D
       83 |       0 |       1 |        0 |      0 |     0 |    +0.0% |   -1.957 |       -2.0 |     65 | multi_top.rof1_0__core/fe.bp_fe_pc_gen_1.genblk1_branch_prediction_1.btb_1.read_valid_o$_DFF_P_/D
       84 |       0 |       1 |        0 |      0 |     0 |    +0.0% |   -1.957 |       -2.0 |     64 | multi_top.rof1_0__core/fe.bp_fe_pc_gen_1.genblk1_branch_prediction_1.btb_1.read_valid_o$_DFF_P_/D
       85 |       0 |       1 |        0 |      0 |     0 |    +0.0% |   -1.957 |       -2.0 |     63 | multi_top.rof1_0__core/fe.bp_fe_pc_gen_1.genblk1_branch_prediction_1.btb_1.read_valid_o$_DFF_P_/D
       86 |       0 |       1 |        0 |      0 |     0 |    +0.0% |   -1.957 |       -2.0 |     62 | multi_top.rof1_0__core/fe.bp_fe_pc_gen_1.genblk1_branch_prediction_1.btb_1.read_valid_o$_DFF_P_/D
       87 |       0 |       1 |        0 |      0 |     0 |    +0.0% |   -1.957 |       -2.0 |     61 | multi_top.rof1_0__core/fe.bp_fe_pc_gen_1.genblk1_branch_prediction_1.btb_1.read_valid_o$_DFF_P_/D
       88 |       0 |       1 |        0 |      0 |     0 |    +0.0% |   -1.957 |       -2.0 |     60 | multi_top.rof1_0__core/fe.bp_fe_pc_gen_1.genblk1_branch_prediction_1.btb_1.read_valid_o$_DFF_P_/D
       89 |       0 |       1 |        0 |      0 |     0 |    +0.0% |   -1.957 |       -2.0 |     59 | multi_top.rof1_0__core/fe.bp_fe_pc_gen_1.genblk1_branch_prediction_1.btb_1.read_valid_o$_DFF_P_/D
       90 |       0 |       1 |        0 |      0 |     0 |    +0.0% |   -1.957 |       -2.0 |     59 | multi_top.rof1_0__core/fe.bp_fe_pc_gen_1.genblk1_branch_prediction_1.btb_1.read_valid_o$_DFF_P_/D
       90 |       0 |       1 |        0 |      0 |     0 |    +0.0% |   -1.957 |       -2.0 |     58 | multi_top.rof1_0__core/fe.bp_fe_pc_gen_1.genblk1_branch_prediction_1.btb_1.read_valid_o$_DFF_P_/D
       91 |       0 |       1 |        0 |      0 |     0 |    +0.0% |   -1.957 |       -2.0 |     57 | multi_top.rof1_0__core/fe.bp_fe_pc_gen_1.genblk1_branch_prediction_1.btb_1.read_valid_o$_DFF_P_/D
       92 |       0 |       1 |        0 |      0 |     0 |    +0.0% |   -1.957 |       -2.0 |     56 | multi_top.rof1_0__core/fe.bp_fe_pc_gen_1.genblk1_branch_prediction_1.btb_1.read_valid_o$_DFF_P_/D
       93 |       0 |       1 |        0 |      0 |     0 |    +0.0% |   -1.957 |       -2.0 |     55 | multi_top.rof1_0__core/fe.bp_fe_pc_gen_1.genblk1_branch_prediction_1.btb_1.read_valid_o$_DFF_P_/D
       94 |       0 |       1 |        0 |      0 |     0 |    +0.0% |   -1.957 |       -2.0 |     54 | multi_top.rof1_0__core/fe.bp_fe_pc_gen_1.genblk1_branch_prediction_1.btb_1.read_valid_o$_DFF_P_/D
       95 |       0 |       1 |        0 |      0 |     0 |    +0.0% |   -1.957 |       -2.0 |     53 | multi_top.rof1_0__core/fe.bp_fe_pc_gen_1.genblk1_branch_prediction_1.btb_1.read_valid_o$_DFF_P_/D
       96 |       0 |       1 |        0 |      0 |     0 |    +0.0% |   -1.957 |       -2.0 |     52 | multi_top.rof1_0__core/fe.bp_fe_pc_gen_1.genblk1_branch_prediction_1.btb_1.read_valid_o$_DFF_P_/D
       97 |       0 |       1 |        0 |      0 |     0 |    +0.0% |   -1.957 |       -2.0 |     51 | multi_top.rof1_0__core/fe.bp_fe_pc_gen_1.genblk1_branch_prediction_1.btb_1.read_valid_o$_DFF_P_/D
       98 |       0 |       1 |        0 |      0 |     0 |    +0.0% |   -1.957 |       -2.0 |     50 | multi_top.rof1_0__core/fe.bp_fe_pc_gen_1.genblk1_branch_prediction_1.btb_1.read_valid_o$_DFF_P_/D
       99 |       0 |       1 |        0 |      0 |     0 |    +0.0% |   -1.957 |       -2.0 |     49 | multi_top.rof1_0__core/fe.bp_fe_pc_gen_1.genblk1_branch_prediction_1.btb_1.read_valid_o$_DFF_P_/D
      100 |       0 |       1 |        0 |      0 |     0 |    +0.0% |   -1.957 |       -2.0 |     49 | multi_top.rof1_0__core/fe.bp_fe_pc_gen_1.genblk1_branch_prediction_1.btb_1.read_valid_o$_DFF_P_/D
      100 |       0 |       1 |        0 |      0 |     0 |    +0.0% |   -1.957 |       -2.0 |     48 | multi_top.rof1_0__core/fe.bp_fe_pc_gen_1.genblk1_branch_prediction_1.btb_1.read_valid_o$_DFF_P_/D
      101 |       0 |       1 |        0 |      0 |     0 |    +0.0% |   -1.957 |       -2.0 |     47 | multi_top.rof1_0__core/fe.bp_fe_pc_gen_1.genblk1_branch_prediction_1.btb_1.read_valid_o$_DFF_P_/D
      102 |       0 |       1 |        0 |      0 |     0 |    +0.0% |   -1.957 |       -2.0 |     46 | multi_top.rof1_0__core/fe.bp_fe_pc_gen_1.genblk1_branch_prediction_1.btb_1.read_valid_o$_DFF_P_/D
      103 |       0 |       1 |        0 |      0 |     0 |    +0.0% |   -1.957 |       -2.0 |     45 | multi_top.rof1_0__core/fe.bp_fe_pc_gen_1.genblk1_branch_prediction_1.btb_1.read_valid_o$_DFF_P_/D
      104 |       0 |       1 |        0 |      0 |     0 |    +0.0% |   -1.957 |       -2.0 |     44 | multi_top.rof1_0__core/fe.bp_fe_pc_gen_1.genblk1_branch_prediction_1.btb_1.read_valid_o$_DFF_P_/D
      105 |       0 |       1 |        0 |      0 |     0 |    +0.0% |   -1.957 |       -2.0 |     43 | multi_top.rof1_0__core/fe.bp_fe_pc_gen_1.genblk1_branch_prediction_1.btb_1.read_valid_o$_DFF_P_/D
      106 |       0 |       1 |        0 |      0 |     0 |    +0.0% |   -1.957 |       -2.0 |     42 | multi_top.rof1_0__core/fe.bp_fe_pc_gen_1.genblk1_branch_prediction_1.btb_1.read_valid_o$_DFF_P_/D
      107 |       0 |       1 |        0 |      0 |     0 |    +0.0% |   -1.957 |       -2.0 |     41 | multi_top.rof1_0__core/fe.bp_fe_pc_gen_1.genblk1_branch_prediction_1.btb_1.read_valid_o$_DFF_P_/D
      108 |       0 |       1 |        0 |      0 |     0 |    +0.0% |   -1.957 |       -2.0 |     40 | multi_top.rof1_0__core/fe.bp_fe_pc_gen_1.genblk1_branch_prediction_1.btb_1.read_valid_o$_DFF_P_/D
      109 |       0 |       1 |        0 |      0 |     0 |    +0.0% |   -1.957 |       -2.0 |     39 | multi_top.rof1_0__core/fe.bp_fe_pc_gen_1.genblk1_branch_prediction_1.btb_1.read_valid_o$_DFF_P_/D
      110 |       0 |       1 |        0 |      0 |     0 |    +0.0% |   -1.957 |       -2.0 |     39 | multi_top.rof1_0__core/fe.bp_fe_pc_gen_1.genblk1_branch_prediction_1.btb_1.read_valid_o$_DFF_P_/D
      110 |       0 |       1 |        0 |      0 |     0 |    +0.0% |   -1.957 |       -2.0 |     38 | multi_top.rof1_0__core/fe.bp_fe_pc_gen_1.genblk1_branch_prediction_1.btb_1.read_valid_o$_DFF_P_/D
      111 |       0 |       1 |        0 |      0 |     0 |    +0.0% |   -1.957 |       -2.0 |     37 | multi_top.rof1_0__core/fe.bp_fe_pc_gen_1.genblk1_branch_prediction_1.btb_1.read_valid_o$_DFF_P_/D
      112 |       0 |       1 |        0 |      0 |     0 |    +0.0% |   -1.957 |       -2.0 |     36 | multi_top.rof1_0__core/fe.bp_fe_pc_gen_1.genblk1_branch_prediction_1.btb_1.read_valid_o$_DFF_P_/D
      113 |       0 |       1 |        0 |      0 |     0 |    +0.0% |   -1.957 |       -2.0 |     35 | multi_top.rof1_0__core/fe.bp_fe_pc_gen_1.genblk1_branch_prediction_1.btb_1.read_valid_o$_DFF_P_/D
      114 |       0 |       1 |        0 |      0 |     0 |    +0.0% |   -1.957 |       -2.0 |     34 | multi_top.rof1_0__core/fe.bp_fe_pc_gen_1.genblk1_branch_prediction_1.btb_1.read_valid_o$_DFF_P_/D
      115 |       0 |       1 |        0 |      0 |     0 |    +0.0% |   -1.957 |       -2.0 |     33 | multi_top.rof1_0__core/fe.bp_fe_pc_gen_1.genblk1_branch_prediction_1.btb_1.read_valid_o$_DFF_P_/D
      116 |       0 |       1 |        0 |      0 |     0 |    +0.0% |   -1.957 |       -2.0 |     32 | multi_top.rof1_0__core/fe.bp_fe_pc_gen_1.genblk1_branch_prediction_1.btb_1.read_valid_o$_DFF_P_/D
      117 |       0 |       1 |        0 |      0 |     0 |    +0.0% |   -1.957 |       -2.0 |     31 | multi_top.rof1_0__core/fe.bp_fe_pc_gen_1.genblk1_branch_prediction_1.btb_1.read_valid_o$_DFF_P_/D
      118 |       0 |       1 |        0 |      0 |     0 |    +0.0% |   -1.957 |       -2.0 |     30 | multi_top.rof1_0__core/fe.bp_fe_pc_gen_1.genblk1_branch_prediction_1.btb_1.read_valid_o$_DFF_P_/D
      119 |       0 |       1 |        0 |      0 |     0 |    +0.0% |   -1.957 |       -2.0 |     29 | multi_top.rof1_0__core/fe.bp_fe_pc_gen_1.genblk1_branch_prediction_1.btb_1.read_valid_o$_DFF_P_/D
      120 |       0 |       1 |        0 |      0 |     0 |    +0.0% |   -1.957 |       -2.0 |     29 | multi_top.rof1_0__core/fe.bp_fe_pc_gen_1.genblk1_branch_prediction_1.btb_1.read_valid_o$_DFF_P_/D
      120 |       0 |       1 |        0 |      0 |     0 |    +0.0% |   -1.957 |       -2.0 |     28 | multi_top.rof1_0__core/fe.bp_fe_pc_gen_1.genblk1_branch_prediction_1.btb_1.read_valid_o$_DFF_P_/D
      121 |       0 |       1 |        0 |      0 |     0 |    +0.0% |   -1.957 |       -2.0 |     27 | multi_top.rof1_0__core/fe.bp_fe_pc_gen_1.genblk1_branch_prediction_1.btb_1.read_valid_o$_DFF_P_/D
      122 |       0 |       1 |        0 |      0 |     0 |    +0.0% |   -1.957 |       -2.0 |     26 | multi_top.rof1_0__core/fe.bp_fe_pc_gen_1.genblk1_branch_prediction_1.btb_1.read_valid_o$_DFF_P_/D
      123 |       0 |       1 |        0 |      0 |     0 |    +0.0% |   -1.957 |       -2.0 |     25 | multi_top.rof1_0__core/fe.bp_fe_pc_gen_1.genblk1_branch_prediction_1.btb_1.read_valid_o$_DFF_P_/D
      124 |       0 |       1 |        0 |      0 |     0 |    +0.0% |   -1.957 |       -2.0 |     24 | multi_top.rof1_0__core/fe.bp_fe_pc_gen_1.genblk1_branch_prediction_1.btb_1.read_valid_o$_DFF_P_/D
      125 |       0 |       1 |        0 |      0 |     0 |    +0.0% |   -1.957 |       -2.0 |     23 | multi_top.rof1_0__core/fe.bp_fe_pc_gen_1.genblk1_branch_prediction_1.btb_1.read_valid_o$_DFF_P_/D
      126 |       0 |       1 |        0 |      0 |     0 |    +0.0% |   -1.957 |       -2.0 |     22 | multi_top.rof1_0__core/fe.bp_fe_pc_gen_1.genblk1_branch_prediction_1.btb_1.read_valid_o$_DFF_P_/D
      127 |       0 |       1 |        0 |      0 |     0 |    +0.0% |   -1.957 |       -2.0 |     21 | multi_top.rof1_0__core/fe.bp_fe_pc_gen_1.genblk1_branch_prediction_1.btb_1.read_valid_o$_DFF_P_/D
      128 |       0 |       1 |        0 |      0 |     0 |    +0.0% |   -1.957 |       -2.0 |     20 | multi_top.rof1_0__core/fe.bp_fe_pc_gen_1.genblk1_branch_prediction_1.btb_1.read_valid_o$_DFF_P_/D
      129 |       0 |       1 |        0 |      0 |     0 |    +0.0% |   -1.957 |       -2.0 |     19 | multi_top.rof1_0__core/fe.bp_fe_pc_gen_1.genblk1_branch_prediction_1.btb_1.read_valid_o$_DFF_P_/D
      130 |       0 |       1 |        0 |      0 |     0 |    +0.0% |   -1.957 |       -2.0 |     19 | multi_top.rof1_0__core/fe.bp_fe_pc_gen_1.genblk1_branch_prediction_1.btb_1.read_valid_o$_DFF_P_/D
      130 |       0 |       1 |        0 |      0 |     0 |    +0.0% |   -1.957 |       -2.0 |     18 | multi_top.rof1_0__core/fe.bp_fe_pc_gen_1.genblk1_branch_prediction_1.btb_1.read_valid_o$_DFF_P_/D
      131 |       0 |       1 |        0 |      0 |     0 |    +0.0% |   -1.957 |       -2.0 |     17 | multi_top.rof1_0__core/fe.bp_fe_pc_gen_1.genblk1_branch_prediction_1.btb_1.read_valid_o$_DFF_P_/D
      132 |       0 |       1 |        0 |      0 |     0 |    +0.0% |   -1.957 |       -2.0 |     16 | multi_top.rof1_0__core/fe.bp_fe_pc_gen_1.genblk1_branch_prediction_1.btb_1.read_valid_o$_DFF_P_/D
      133 |       0 |       1 |        0 |      0 |     0 |    +0.0% |   -1.957 |       -2.0 |     15 | multi_top.rof1_0__core/fe.bp_fe_pc_gen_1.genblk1_branch_prediction_1.btb_1.read_valid_o$_DFF_P_/D
      134 |       0 |       1 |        0 |      0 |     0 |    +0.0% |   -1.957 |       -2.0 |     14 | multi_top.rof1_0__core/fe.bp_fe_pc_gen_1.genblk1_branch_prediction_1.btb_1.read_valid_o$_DFF_P_/D
      135 |       0 |       1 |        0 |      0 |     0 |    +0.0% |   -1.957 |       -2.0 |     13 | multi_top.rof1_0__core/fe.bp_fe_pc_gen_1.genblk1_branch_prediction_1.btb_1.read_valid_o$_DFF_P_/D
      136 |       0 |       1 |        0 |      0 |     0 |    +0.0% |   -1.957 |       -2.0 |     12 | multi_top.rof1_0__core/fe.bp_fe_pc_gen_1.genblk1_branch_prediction_1.btb_1.read_valid_o$_DFF_P_/D
      137 |       0 |       1 |        0 |      0 |     0 |    +0.0% |   -1.957 |       -2.0 |     11 | multi_top.rof1_0__core/fe.bp_fe_pc_gen_1.genblk1_branch_prediction_1.btb_1.read_valid_o$_DFF_P_/D
      138 |       0 |       1 |        0 |      0 |     0 |    +0.0% |   -1.957 |       -2.0 |     10 | multi_top.rof1_0__core/fe.bp_fe_pc_gen_1.genblk1_branch_prediction_1.btb_1.read_valid_o$_DFF_P_/D
      139 |       0 |       1 |        0 |      0 |     0 |    +0.0% |   -1.957 |       -2.0 |      9 | multi_top.rof1_0__core/fe.bp_fe_pc_gen_1.genblk1_branch_prediction_1.btb_1.read_valid_o$_DFF_P_/D
      140 |       0 |       1 |        0 |      0 |     0 |    +0.0% |   -1.957 |       -2.0 |      9 | multi_top.rof1_0__core/fe.bp_fe_pc_gen_1.genblk1_branch_prediction_1.btb_1.read_valid_o$_DFF_P_/D
      140 |       0 |       1 |        0 |      0 |     0 |    +0.0% |   -1.957 |       -2.0 |      8 | multi_top.rof1_0__core/fe.bp_fe_pc_gen_1.genblk1_branch_prediction_1.btb_1.read_valid_o$_DFF_P_/D
      141 |       0 |       1 |        0 |      0 |     0 |    +0.0% |   -1.957 |       -2.0 |      7 | multi_top.rof1_0__core/fe.bp_fe_pc_gen_1.genblk1_branch_prediction_1.btb_1.read_valid_o$_DFF_P_/D
      142 |       0 |       1 |        0 |      0 |     0 |    +0.0% |   -1.957 |       -2.0 |      6 | multi_top.rof1_0__core/fe.bp_fe_pc_gen_1.genblk1_branch_prediction_1.btb_1.read_valid_o$_DFF_P_/D
      143 |       0 |       1 |        0 |      0 |     0 |    +0.0% |   -1.957 |       -2.0 |      5 | multi_top.rof1_0__core/fe.bp_fe_pc_gen_1.genblk1_branch_prediction_1.btb_1.read_valid_o$_DFF_P_/D
      144 |       0 |       1 |        0 |      0 |     0 |    +0.0% |   -1.957 |       -2.0 |      4 | multi_top.rof1_0__core/fe.bp_fe_pc_gen_1.genblk1_branch_prediction_1.btb_1.read_valid_o$_DFF_P_/D
      145 |       0 |       1 |        0 |      0 |     0 |    +0.0% |   -1.957 |       -2.0 |      3 | multi_top.rof1_0__core/fe.bp_fe_pc_gen_1.genblk1_branch_prediction_1.btb_1.read_valid_o$_DFF_P_/D
      146 |       0 |       1 |        0 |      0 |     0 |    +0.0% |   -1.957 |       -2.0 |      2 | multi_top.rof1_0__core/fe.bp_fe_pc_gen_1.genblk1_branch_prediction_1.btb_1.read_valid_o$_DFF_P_/D
      147 |       0 |       1 |        0 |      0 |     0 |    +0.0% |   -1.957 |       -2.0 |      1 | multi_top.rof1_0__core/fe.bp_fe_pc_gen_1.genblk1_branch_prediction_1.btb_1.read_valid_o$_DFF_P_/D
      148 |       0 |       1 |        0 |      0 |     0 |    +0.0% |   -1.957 |       -2.0 |      0 | multi_top.rof1_0__core/fe.bp_fe_pc_gen_1.genblk1_branch_prediction_1.btb_1.read_valid_o$_DFF_P_/D
    final |       0 |       1 |        0 |      0 |     0 |    +0.0% |   -1.957 |       -2.0 |      0 | multi_top.rof1_0__core/fe.bp_fe_pc_gen_1.genblk1_branch_prediction_1.btb_1.read_valid_o$_DFF_P_/D
--------------------------------------------------------------------------------------------------------------
[INFO RSZ-0051] Resized 1 instances: 1 up, 0 up match, 0 down, 0 VT
[WARNING RSZ-0062] Unable to repair all setup violations.
Took 10 seconds: repair_timing -setup_margin 0 -hold_margin 0.03 -repair_tns 100 -setup -skip_last_gasp -sequence unbuffer,sizeup,swap,vt_swap -verbose
Default units for flow
 time 1ns
 capacitance 1fF
 resistance 1kohm
 voltage 1v
 current 1mA
 power 1nW
 distance 1um
   Layer   | Unit Resistance | Unit Capacitance 
           |       (kohm/um) |          (fF/um)
------------------------------------------------
    metal1 |        5.43e-03 |         7.42e-02
    metal2 |        3.71e-03 |         8.34e-02
    metal3 |        3.58e-03 |         1.04e-01
    metal4 |        1.47e-03 |         1.19e-01
    metal5 |        1.49e-03 |         1.09e-01
    metal6 |        1.50e-03 |         1.14e-01
    metal7 |        2.64e-04 |         1.17e-01
    metal8 |        1.89e-04 |         9.45e-02
    metal9 |        3.43e-05 |         1.06e-01
   metal10 |        3.87e-05 |         7.37e-01
------------------------------------------------

   Layer   | Via Resistance 
           |         (kohm) 
----------------------------
      via1 |       5.00e-03 
      via2 |       5.00e-03 
      via3 |       5.00e-03 
      via4 |       3.00e-03 
      via5 |       3.00e-03 
      via6 |       3.00e-03 
      via7 |       1.00e-03 
      via8 |       1.00e-03 
      via9 |       5.00e-04 
----------------------------
Report metrics stage 2, floorplan final...

==========================================================================
floorplan final report_design_area
--------------------------------------------------------------------------
Design area 630917 um^2 37% utilization.
source /home/piohuang/OpenROAD-flow-scripts/flow/designs/nangate45/black_parrot/io.tcl
write_db ./results/nangate45/bp/base/2_1_floorplan.odb
write_sdc -no_timestamp ./results/nangate45/bp/base/2_1_floorplan.sdc
Elapsed time: 1:29.99[h:]min:sec. CPU time: user 120.07 sys 70.78 (212%). Peak memory: 932284KB.
Log                        Elapsed/s Peak Memory/MB  sha1sum .odb [0:20)
2_1_floorplan                     89            910 3932caa6ee2267b10ea0
/home/piohuang/OpenROAD-flow-scripts/flow/scripts/flow.sh 2_2_floorplan_macro macro_place
Running macro_place.tcl, stage 2_2_floorplan_macro
read_liberty /home/piohuang/OpenROAD-flow-scripts/flow/platforms/nangate45/lib/NangateOpenCellLibrary_typical.lib
read_liberty /home/piohuang/OpenROAD-flow-scripts/flow/platforms/nangate45/lib/fakeram45_512x64.lib
read_liberty /home/piohuang/OpenROAD-flow-scripts/flow/platforms/nangate45/lib/fakeram45_256x95.lib
read_liberty /home/piohuang/OpenROAD-flow-scripts/flow/platforms/nangate45/lib/fakeram45_64x7.lib
read_liberty /home/piohuang/OpenROAD-flow-scripts/flow/platforms/nangate45/lib/fakeram45_64x15.lib
read_liberty /home/piohuang/OpenROAD-flow-scripts/flow/platforms/nangate45/lib/fakeram45_64x96.lib
read_db ./results/nangate45/bp/base/2_1_floorplan.odb
read_sdc ./results/nangate45/bp/base/2_1_floorplan.sdc
source /home/piohuang/OpenROAD-flow-scripts/flow/platforms/nangate45/setRC.tcl
source /home/piohuang/OpenROAD-flow-scripts/flow/designs/nangate45/black_parrot/macro_placement.tcl
[INFO MPL-0035] Macro multi_top.me.genblk1_0__bp_cce_top.bp_cce/directory.wg_ram/macro_mem0.mem placed. Bounding box (20.070um, 355.915um), (74.600um, 445.315um). Orientation MY
[INFO MPL-0035] Macro multi_top.me.genblk1_0__bp_cce_top.bp_cce/directory.wg_ram/macro_mem1.mem placed. Bounding box (94.600um, 355.915um), (149.130um, 445.315um). Orientation MY
[INFO MPL-0035] Macro multi_top.rof1_0__core/fe.icache_1/metadata_mem.macro_mem.mem placed. Bounding box (20.070um, 245.105um), (30.710um, 281.505um). Orientation R180
[INFO MPL-0035] Macro multi_top.rof1_0__core/be.be_mmu.dcache/data_mem_0__data_mem.macro_mem/mem placed. Bounding box (1177.310um, 1165.115um), (1329.880um, 1278.515um). Orientation R0
[INFO MPL-0035] Macro multi_top.rof1_0__core/be.be_mmu.dcache/data_mem_1__data_mem.macro_mem/mem placed. Bounding box (659.600um, 1165.115um), (812.170um, 1278.515um). Orientation MY
[INFO MPL-0035] Macro multi_top.rof1_0__core/be.be_mmu.dcache/data_mem_2__data_mem.macro_mem/mem placed. Bounding box (1177.310um, 1031.625um), (1329.880um, 1145.025um). Orientation MX
[INFO MPL-0035] Macro multi_top.rof1_0__core/be.be_mmu.dcache/data_mem_3__data_mem.macro_mem/mem placed. Bounding box (832.170um, 1165.115um), (984.740um, 1278.515um). Orientation R0
[INFO MPL-0035] Macro multi_top.rof1_0__core/be.be_mmu.dcache/data_mem_4__data_mem.macro_mem/mem placed. Bounding box (1004.740um, 1031.625um), (1157.310um, 1145.025um). Orientation MX
[INFO MPL-0035] Macro multi_top.rof1_0__core/be.be_mmu.dcache/data_mem_5__data_mem.macro_mem/mem placed. Bounding box (832.170um, 1031.625um), (984.740um, 1145.025um). Orientation MX
[INFO MPL-0035] Macro multi_top.rof1_0__core/be.be_mmu.dcache/data_mem_6__data_mem.macro_mem/mem placed. Bounding box (1004.740um, 1165.115um), (1157.310um, 1278.515um). Orientation R0
[INFO MPL-0035] Macro multi_top.rof1_0__core/be.be_mmu.dcache/data_mem_7__data_mem.macro_mem/mem placed. Bounding box (659.600um, 1031.625um), (812.170um, 1145.025um). Orientation R180
[INFO GPL-0022] Initialize gpl and calculate uniform density.
Placement density is 0.3450000113248825, computed from PLACE_DENSITY_LB_ADDON  0.05 and lower bound 0.30000001192092896
rtl_macro_placer -max_num_level 2 -halo_width 10 -halo_height 10 -min_ar 0.33 -area_weight 0.1 -wirelength_weight 100.0 -outline_weight 100.0 -boundary_weight 50.0 -notch_weight 50.0 -report_directory ./objects/nangate45/bp/base/rtlmp -fence_lx 0.0 -fence_ly 0.0 -fence_ux 0.0 -fence_uy 0.0 -target_util 0.3450000113248825
[INFO MPL-0062] Found fixed macro multi_top.me.genblk1_0__bp_cce_top.bp_cce/directory.wg_ram/macro_mem0.mem.
[INFO MPL-0062] Found fixed macro multi_top.me.genblk1_0__bp_cce_top.bp_cce/directory.wg_ram/macro_mem1.mem.
[INFO MPL-0062] Found fixed macro multi_top.rof1_0__core/be.be_mmu.dcache/data_mem_0__data_mem.macro_mem/mem.
[INFO MPL-0062] Found fixed macro multi_top.rof1_0__core/be.be_mmu.dcache/data_mem_1__data_mem.macro_mem/mem.
[INFO MPL-0062] Found fixed macro multi_top.rof1_0__core/be.be_mmu.dcache/data_mem_2__data_mem.macro_mem/mem.
[INFO MPL-0062] Found fixed macro multi_top.rof1_0__core/be.be_mmu.dcache/data_mem_3__data_mem.macro_mem/mem.
[INFO MPL-0062] Found fixed macro multi_top.rof1_0__core/be.be_mmu.dcache/data_mem_4__data_mem.macro_mem/mem.
[INFO MPL-0062] Found fixed macro multi_top.rof1_0__core/be.be_mmu.dcache/data_mem_5__data_mem.macro_mem/mem.
[INFO MPL-0062] Found fixed macro multi_top.rof1_0__core/be.be_mmu.dcache/data_mem_6__data_mem.macro_mem/mem.
[INFO MPL-0062] Found fixed macro multi_top.rof1_0__core/be.be_mmu.dcache/data_mem_7__data_mem.macro_mem/mem.
[INFO MPL-0062] Found fixed macro multi_top.rof1_0__core/fe.icache_1/metadata_mem.macro_mem.mem.
Die Area: (0.00, 0.00) (1350.00, 1300.00),  Floorplan Area: (10.07, 11.20) (1339.88, 1289.40)
	Number of std cell instances: 206695
	Area of std cell instances: 302544.41
	Number of macros: 24
	Area of macros: 328372.48
	Default halo (L, B, R, T): (10.00, 10.00, 10.00, 10.00)
	Area of macros with halos: 244738.51
	Area of std cell instances + Area of macros: 630916.89
	Floorplan area: 1699763.14
	Design Utilization: 0.37
	Floorplan Utilization: 0.22
	Manufacturing Grid: 10

[WARNING MPL-0055] Couldn't find a solution for the specified utilization. The utilization was adjusted to 0.3883046.
Took 16 seconds: rtl_macro_placer -max_num_level 2 -halo_width 10 -halo_height 10 -min_ar 0.33 -area_weight 0.1 -wirelength_weight 100.0 -outline_weight 100.0 -boundary_weight 50.0 -notch_weight 50.0 -report_directory ./objects/nangate45/bp/base/rtlmp -fence_lx 0.0 -fence_ly 0.0 -fence_ux 0.0 -fence_uy 0.0 -target_util 0.3450000113248825
Design area 630917 um^2 37% utilization.
write_db ./results/nangate45/bp/base/2_2_floorplan_macro.odb
Elapsed time: 0:22.20[h:]min:sec. CPU time: user 135.31 sys 1.37 (615%). Peak memory: 1016396KB.
Log                        Elapsed/s Peak Memory/MB  sha1sum .odb [0:20)
2_2_floorplan_macro               22            992 0d8a70534460e71374fd
/home/piohuang/OpenROAD-flow-scripts/flow/scripts/flow.sh 2_3_floorplan_tapcell tapcell
Running tapcell.tcl, stage 2_3_floorplan_tapcell
read_liberty /home/piohuang/OpenROAD-flow-scripts/flow/platforms/nangate45/lib/NangateOpenCellLibrary_typical.lib
read_liberty /home/piohuang/OpenROAD-flow-scripts/flow/platforms/nangate45/lib/fakeram45_512x64.lib
read_liberty /home/piohuang/OpenROAD-flow-scripts/flow/platforms/nangate45/lib/fakeram45_256x95.lib
read_liberty /home/piohuang/OpenROAD-flow-scripts/flow/platforms/nangate45/lib/fakeram45_64x7.lib
read_liberty /home/piohuang/OpenROAD-flow-scripts/flow/platforms/nangate45/lib/fakeram45_64x15.lib
read_liberty /home/piohuang/OpenROAD-flow-scripts/flow/platforms/nangate45/lib/fakeram45_64x96.lib
read_db ./results/nangate45/bp/base/2_2_floorplan_macro.odb
read_sdc ./results/nangate45/bp/base/2_1_floorplan.sdc
source /home/piohuang/OpenROAD-flow-scripts/flow/platforms/nangate45/setRC.tcl
[INFO ODB-0303] The initial 913 rows (6390087 sites) were cut with 24 shapes for a total of 2793 rows (5053606 sites).
[INFO TAP-0004] Inserted 1826 endcaps.
[INFO TAP-0005] Inserted 3923 tapcells.
Design area 633446 um^2 37% utilization.
write_db ./results/nangate45/bp/base/2_3_floorplan_tapcell.odb
Elapsed time: 0:02.86[h:]min:sec. CPU time: user 1.95 sys 0.42 (83%). Peak memory: 371840KB.
Log                        Elapsed/s Peak Memory/MB  sha1sum .odb [0:20)
2_3_floorplan_tapcell              2            363 96286132d579ac7155e7
/home/piohuang/OpenROAD-flow-scripts/flow/scripts/flow.sh 2_4_floorplan_pdn pdn
Running pdn.tcl, stage 2_4_floorplan_pdn
read_liberty /home/piohuang/OpenROAD-flow-scripts/flow/platforms/nangate45/lib/NangateOpenCellLibrary_typical.lib
read_liberty /home/piohuang/OpenROAD-flow-scripts/flow/platforms/nangate45/lib/fakeram45_512x64.lib
read_liberty /home/piohuang/OpenROAD-flow-scripts/flow/platforms/nangate45/lib/fakeram45_256x95.lib
read_liberty /home/piohuang/OpenROAD-flow-scripts/flow/platforms/nangate45/lib/fakeram45_64x7.lib
read_liberty /home/piohuang/OpenROAD-flow-scripts/flow/platforms/nangate45/lib/fakeram45_64x15.lib
read_liberty /home/piohuang/OpenROAD-flow-scripts/flow/platforms/nangate45/lib/fakeram45_64x96.lib
read_db ./results/nangate45/bp/base/2_3_floorplan_tapcell.odb
read_sdc ./results/nangate45/bp/base/2_1_floorplan.sdc
source /home/piohuang/OpenROAD-flow-scripts/flow/platforms/nangate45/setRC.tcl
[INFO PDN-0001] Inserting grid: grid
[INFO PDN-0001] Inserting grid: CORE_macro_grid_1 - multi_top.me.genblk1_0__bp_cce_top.bp_cce/pc_inst_ram.cce_inst_ram.macro_mem/mem
[INFO PDN-0001] Inserting grid: CORE_macro_grid_1 - multi_top.rof1_0__core/be.be_mmu.dcache/data_mem_0__data_mem.macro_mem/mem
[INFO PDN-0001] Inserting grid: CORE_macro_grid_1 - multi_top.rof1_0__core/be.be_mmu.dcache/data_mem_1__data_mem.macro_mem/mem
[INFO PDN-0001] Inserting grid: CORE_macro_grid_1 - multi_top.rof1_0__core/be.be_mmu.dcache/data_mem_2__data_mem.macro_mem/mem
[INFO PDN-0001] Inserting grid: CORE_macro_grid_1 - multi_top.rof1_0__core/be.be_mmu.dcache/data_mem_3__data_mem.macro_mem/mem
[INFO PDN-0001] Inserting grid: CORE_macro_grid_1 - multi_top.rof1_0__core/be.be_mmu.dcache/data_mem_4__data_mem.macro_mem/mem
[INFO PDN-0001] Inserting grid: CORE_macro_grid_1 - multi_top.rof1_0__core/be.be_mmu.dcache/data_mem_5__data_mem.macro_mem/mem
[INFO PDN-0001] Inserting grid: CORE_macro_grid_1 - multi_top.rof1_0__core/be.be_mmu.dcache/data_mem_6__data_mem.macro_mem/mem
[INFO PDN-0001] Inserting grid: CORE_macro_grid_1 - multi_top.rof1_0__core/be.be_mmu.dcache/data_mem_7__data_mem.macro_mem/mem
[INFO PDN-0001] Inserting grid: CORE_macro_grid_1 - multi_top.rof1_0__core/fe.bp_fe_pc_gen_1.genblk1_branch_prediction_1.btb_1.btb_mem.macro_mem/mem
[INFO PDN-0001] Inserting grid: CORE_macro_grid_1 - multi_top.rof1_0__core/fe.icache_1/data_mem_banks_0__data_mem_bank.macro_mem/mem
[INFO PDN-0001] Inserting grid: CORE_macro_grid_1 - multi_top.rof1_0__core/fe.icache_1/data_mem_banks_1__data_mem_bank.macro_mem/mem
[INFO PDN-0001] Inserting grid: CORE_macro_grid_1 - multi_top.rof1_0__core/fe.icache_1/data_mem_banks_2__data_mem_bank.macro_mem/mem
[INFO PDN-0001] Inserting grid: CORE_macro_grid_1 - multi_top.rof1_0__core/fe.icache_1/data_mem_banks_3__data_mem_bank.macro_mem/mem
[INFO PDN-0001] Inserting grid: CORE_macro_grid_1 - multi_top.rof1_0__core/fe.icache_1/data_mem_banks_4__data_mem_bank.macro_mem/mem
[INFO PDN-0001] Inserting grid: CORE_macro_grid_1 - multi_top.rof1_0__core/fe.icache_1/data_mem_banks_5__data_mem_bank.macro_mem/mem
[INFO PDN-0001] Inserting grid: CORE_macro_grid_1 - multi_top.rof1_0__core/fe.icache_1/data_mem_banks_6__data_mem_bank.macro_mem/mem
[INFO PDN-0001] Inserting grid: CORE_macro_grid_1 - multi_top.rof1_0__core/fe.icache_1/data_mem_banks_7__data_mem_bank.macro_mem/mem
[INFO PDN-0001] Inserting grid: CORE_macro_grid_1 - multi_top.rof1_0__core/be.be_mmu.dcache/stat_mem.macro_mem.mem
[INFO PDN-0001] Inserting grid: CORE_macro_grid_1 - multi_top.rof1_0__core/fe.icache_1/metadata_mem.macro_mem.mem
[INFO PDN-0001] Inserting grid: CORE_macro_grid_1 - multi_top.me.genblk1_0__bp_cce_top.bp_cce/directory.wg_ram/macro_mem0.mem
[INFO PDN-0001] Inserting grid: CORE_macro_grid_1 - multi_top.me.genblk1_0__bp_cce_top.bp_cce/directory.wg_ram/macro_mem1.mem
[INFO PDN-0001] Inserting grid: CORE_macro_grid_1 - multi_top.rof1_0__core/be.be_mmu.dcache/tag_mem.macro_mem.mem
[INFO PDN-0001] Inserting grid: CORE_macro_grid_1 - multi_top.rof1_0__core/fe.icache_1/tag_mem.macro_mem.mem
[WARNING PDN-0195] Removing 5 via(s) between metal4 and metal7 at (1335.4150 um, 144.2250 um) for VSS
[WARNING PDN-0195] Removing 1 via(s) between metal4 and metal5 at (24.7600 um, 442.4800 um) for VDD
[WARNING PDN-0195] Removing 1 via(s) between metal4 and metal5 at (29.2400 um, 442.4800 um) for VDD
[WARNING PDN-0195] Removing 1 via(s) between metal4 and metal5 at (33.7200 um, 442.4800 um) for VDD
[WARNING PDN-0195] Removing 1 via(s) between metal4 and metal5 at (38.2000 um, 442.4800 um) for VDD
[WARNING PDN-0195] Removing 1 via(s) between metal4 and metal5 at (42.6800 um, 442.4800 um) for VDD
[WARNING PDN-0195] Removing 1 via(s) between metal4 and metal5 at (47.1600 um, 442.4800 um) for VDD
[WARNING PDN-0195] Removing 1 via(s) between metal4 and metal5 at (51.6400 um, 442.4800 um) for VDD
[WARNING PDN-0195] Removing 1 via(s) between metal4 and metal5 at (56.1200 um, 442.4800 um) for VDD
[WARNING PDN-0195] Removing 1 via(s) between metal4 and metal5 at (60.6000 um, 442.4800 um) for VDD
[WARNING PDN-0195] Removing 1 via(s) between metal4 and metal5 at (65.0800 um, 442.4800 um) for VDD
[WARNING PDN-0195] Removing 1 via(s) between metal4 and metal5 at (69.5600 um, 442.4800 um) for VDD
[WARNING PDN-0195] Removing 1 via(s) between metal4 and metal5 at (99.2900 um, 442.4800 um) for VDD
[WARNING PDN-0195] Removing 1 via(s) between metal4 and metal5 at (103.7700 um, 442.4800 um) for VDD
[WARNING PDN-0195] Removing 1 via(s) between metal4 and metal5 at (108.2500 um, 442.4800 um) for VDD
[WARNING PDN-0195] Removing 1 via(s) between metal4 and metal5 at (112.7300 um, 442.4800 um) for VDD
[WARNING PDN-0195] Removing 1 via(s) between metal4 and metal5 at (117.2100 um, 442.4800 um) for VDD
[WARNING PDN-0195] Removing 1 via(s) between metal4 and metal5 at (121.6900 um, 442.4800 um) for VDD
[WARNING PDN-0195] Removing 1 via(s) between metal4 and metal5 at (126.1700 um, 442.4800 um) for VDD
[WARNING PDN-0195] Removing 1 via(s) between metal4 and metal5 at (130.6500 um, 442.4800 um) for VDD
[WARNING PDN-0195] Removing 1 via(s) between metal4 and metal5 at (135.1300 um, 442.4800 um) for VDD
[WARNING PDN-0195] Removing 1 via(s) between metal4 and metal5 at (139.6100 um, 442.4800 um) for VDD
[WARNING PDN-0195] Removing 1 via(s) between metal4 and metal5 at (144.0900 um, 442.4800 um) for VDD
[WARNING PDN-0195] Removing 1 via(s) between metal4 and metal5 at (24.7600 um, 1118.2600 um) for VDD
[WARNING PDN-0195] Removing 1 via(s) between metal4 and metal5 at (29.2400 um, 1118.2600 um) for VDD
[WARNING PDN-0195] Removing 1 via(s) between metal4 and metal5 at (33.7200 um, 1118.2600 um) for VDD
[WARNING PDN-0195] Removing 1 via(s) between metal4 and metal5 at (38.2000 um, 1118.2600 um) for VDD
[WARNING PDN-0195] Removing 1 via(s) between metal4 and metal5 at (42.6800 um, 1118.2600 um) for VDD
[WARNING PDN-0195] Removing 1 via(s) between metal4 and metal5 at (47.1600 um, 1118.2600 um) for VDD
[WARNING PDN-0195] Removing 1 via(s) between metal4 and metal5 at (51.6400 um, 1118.2600 um) for VDD
[WARNING PDN-0195] Removing 1 via(s) between metal4 and metal5 at (56.1200 um, 1118.2600 um) for VDD
[WARNING PDN-0195] Removing 1 via(s) between metal4 and metal5 at (60.6000 um, 1118.2600 um) for VDD
[WARNING PDN-0195] Removing 1 via(s) between metal4 and metal5 at (65.0800 um, 1118.2600 um) for VDD
[WARNING PDN-0195] Removing 1 via(s) between metal4 and metal5 at (69.5600 um, 1118.2600 um) for VDD
[WARNING PDN-0195] Removing 1 via(s) between metal4 and metal5 at (24.7600 um, 107.8700 um) for VDD
[WARNING PDN-0195] Removing 1 via(s) between metal4 and metal5 at (29.2400 um, 107.8700 um) for VDD
[WARNING PDN-0195] Removing 1 via(s) between metal4 and metal5 at (33.7200 um, 107.8700 um) for VDD
[WARNING PDN-0195] Removing 1 via(s) between metal4 and metal5 at (38.2000 um, 107.8700 um) for VDD
[WARNING PDN-0195] Removing 1 via(s) between metal4 and metal5 at (42.6800 um, 107.8700 um) for VDD
[WARNING PDN-0195] Removing 1 via(s) between metal4 and metal5 at (47.1600 um, 107.8700 um) for VDD
[WARNING PDN-0195] Removing 1 via(s) between metal4 and metal5 at (51.6400 um, 107.8700 um) for VDD
[WARNING PDN-0195] Removing 1 via(s) between metal4 and metal5 at (56.1200 um, 107.8700 um) for VDD
[WARNING PDN-0195] Removing 1 via(s) between metal4 and metal5 at (60.6000 um, 107.8700 um) for VDD
[WARNING PDN-0195] Removing 1 via(s) between metal4 and metal5 at (65.0800 um, 107.8700 um) for VDD
[WARNING PDN-0195] Removing 1 via(s) between metal4 and metal5 at (69.5600 um, 107.8700 um) for VDD
Design area 633446 um^2 37% utilization.
write_db ./results/nangate45/bp/base/2_4_floorplan_pdn.odb
Elapsed time: 0:12.14[h:]min:sec. CPU time: user 11.07 sys 0.59 (96%). Peak memory: 623508KB.
Log                        Elapsed/s Peak Memory/MB  sha1sum .odb [0:20)
2_4_floorplan_pdn                 12            608 fb59a3bb9e2931f1d6f5
cp ./results/nangate45/bp/base/2_4_floorplan_pdn.odb ./results/nangate45/bp/base/2_floorplan.odb
cp ./results/nangate45/bp/base/2_1_floorplan.sdc ./results/nangate45/bp/base/2_floorplan.sdc
/home/piohuang/OpenROAD-flow-scripts/flow/scripts/flow.sh 3_1_place_gp_skip_io global_place_skip_io
Running global_place_skip_io.tcl, stage 3_1_place_gp_skip_io
read_liberty /home/piohuang/OpenROAD-flow-scripts/flow/platforms/nangate45/lib/NangateOpenCellLibrary_typical.lib
read_liberty /home/piohuang/OpenROAD-flow-scripts/flow/platforms/nangate45/lib/fakeram45_512x64.lib
read_liberty /home/piohuang/OpenROAD-flow-scripts/flow/platforms/nangate45/lib/fakeram45_256x95.lib
read_liberty /home/piohuang/OpenROAD-flow-scripts/flow/platforms/nangate45/lib/fakeram45_64x7.lib
read_liberty /home/piohuang/OpenROAD-flow-scripts/flow/platforms/nangate45/lib/fakeram45_64x15.lib
read_liberty /home/piohuang/OpenROAD-flow-scripts/flow/platforms/nangate45/lib/fakeram45_64x96.lib
read_db ./results/nangate45/bp/base/2_floorplan.odb
read_sdc ./results/nangate45/bp/base/2_floorplan.sdc
source /home/piohuang/OpenROAD-flow-scripts/flow/platforms/nangate45/setRC.tcl
[INFO GPL-0022] Initialize gpl and calculate uniform density.
Placement density is 0.31650001019239427, computed from PLACE_DENSITY_LB_ADDON  0.05 and lower bound 0.27000001072883606
global_placement -skip_io -density 0.31650001019239427 -pad_left 0 -pad_right 0
[INFO GPL-0001] ---- Initialize GPL Main Data Structures
[INFO GPL-0002] DBU: 2000
[INFO GPL-0003] SiteSize: (  0.190  1.400 ) um
[INFO GPL-0004] CoreBBox: ( 10.070 11.200 ) ( 1339.880 1289.400 ) um
[INFO GPL-0036] Movable instances area:     302544.410 um^2
[INFO GPL-0037] Total instances area:       638099.686 um^2
[INFO GPL-0035] Pin density area adjust:     33678.525 um^2
[INFO GPL-0032] ---- Initialize Region: Top-level
[INFO GPL-0006] Number of instances:            223128
[INFO GPL-0007] Movable instances:              206695
[INFO GPL-0008] Fixed instances:                  9533
[INFO GPL-0009] Dummy instances:                  6900
[INFO GPL-0010] Number of nets:                 238046
[INFO GPL-0011] Number of pins:                 684138
[INFO GPL-0012] Die BBox:  (  0.000  0.000 ) ( 1350.000 1300.000 ) um
[INFO GPL-0013] Core BBox: ( 10.070 11.200 ) ( 1339.880 1289.400 ) um
[INFO GPL-0016] Core area:                  1699763.142 um^2
[INFO GPL-0014] Region name: top-level.
[INFO GPL-0015] Region area:                1699763.142 um^2
[INFO GPL-0017] Fixed instances area:       450730.616 um^2
[INFO GPL-0018] Movable instances area:     336222.935 um^2
[INFO GPL-0019] Utilization:                    26.919 %
[INFO GPL-0020] Standard cells area:        336222.935 um^2
[INFO GPL-0021] Large instances area:            0.000 um^2
[INFO GPL-0005] ---- Execute Conjugate Gradient Initial Placement.
[INFO GPL-0051] Source of initial instance position counters:
	Odb location = 206695	Core center = 0	Region center = 0
[INFO GPL-0033] ---- Initialize Nesterov Region: Top-level
[INFO GPL-0023] Placement target density:       0.3165
[INFO GPL-0024] Movable insts average area:      1.627 um^2
[INFO GPL-0025] Ideal bin area:                  5.140 um^2
[INFO GPL-0026] Ideal bin count:                330723
[INFO GPL-0027] Total bin area:             1699763.142 um^2
[INFO GPL-0028] Bin count (X, Y):         512 ,    512
[INFO GPL-0029] Bin size (W * H):       2.597 *  2.496 um
[INFO GPL-0030] Number of bins:                 262144
[INFO GPL-0007] ---- Execute Nesterov Global Placement.
[INFO GPL-0031] HPWL: Half-Perimeter Wirelength
Iteration | Overflow |     HPWL (um) |  HPWL(%) |   Penalty | Group
---------------------------------------------------------------
        0 |   0.9916 |  7.205916e+06 |   +0.00% |  1.28e-15 |      
       10 |   0.9405 |  7.311747e+06 |   +1.47% |  1.73e-15 |      
       20 |   0.9119 |  6.869401e+06 |   -6.05% |  2.82e-15 |      
       30 |   0.9008 |  6.219350e+06 |   -9.46% |  4.60e-15 |      
       40 |   0.9040 |  5.561987e+06 |  -10.57% |  7.49e-15 |      
       50 |   0.9045 |  5.054598e+06 |   -9.12% |  1.22e-14 |      
       60 |   0.9094 |  4.765568e+06 |   -5.72% |  1.99e-14 |      
       70 |   0.9053 |  4.671770e+06 |   -1.97% |  3.24e-14 |      
       80 |   0.9008 |  4.586505e+06 |   -1.83% |  5.27e-14 |      
       90 |   0.9034 |  4.477391e+06 |   -2.38% |  8.58e-14 |      
      100 |   0.9049 |  4.365553e+06 |   -2.50% |  1.40e-13 |      
      110 |   0.9048 |  4.239920e+06 |   -2.88% |  2.28e-13 |      
      120 |   0.9042 |  4.131811e+06 |   -2.55% |  3.71e-13 |      
      130 |   0.9040 |  4.036425e+06 |   -2.31% |  6.04e-13 |      
      140 |   0.9033 |  3.945770e+06 |   -2.25% |  9.84e-13 |      
      150 |   0.9043 |  3.866078e+06 |   -2.02% |  1.60e-12 |      
      160 |   0.9033 |  3.796976e+06 |   -1.79% |  2.61e-12 |      
      170 |   0.9027 |  3.745927e+06 |   -1.34% |  4.25e-12 |      
      180 |   0.9004 |  3.740372e+06 |   -0.15% |  6.93e-12 |      
      190 |   0.8926 |  3.821192e+06 |   +2.16% |  1.11e-11 |      
      200 |   0.8778 |  4.011549e+06 |   +4.98% |  1.74e-11 |      
      210 |   0.8542 |  4.304424e+06 |   +7.30% |  2.66e-11 |      
      220 |   0.8264 |  4.592713e+06 |   +6.70% |  4.07e-11 |      
      230 |   0.7966 |  4.846313e+06 |   +5.52% |  6.27e-11 |      
      240 |   0.7655 |  5.134647e+06 |   +5.95% |  9.60e-11 |      
      250 |   0.7296 |  5.446977e+06 |   +6.08% |  1.46e-10 |      
      260 |   0.7003 |  5.665899e+06 |   +4.02% |  2.26e-10 |      
      270 |   0.6767 |  5.965059e+06 |   +5.28% |  3.47e-10 |      
      280 |   0.6443 |  6.305252e+06 |   +5.70% |  5.22e-10 |      
      290 |   0.6074 |  6.427210e+06 |   +1.93% |  8.23e-10 |      
      300 |   0.5806 |  6.414331e+06 |   -0.20% |  1.33e-09 |      
      310 |   0.5438 |  6.713732e+06 |   +4.67% |  2.04e-09 |      
      320 |   0.5136 |  6.780607e+06 |   +1.00% |  3.23e-09 |      
      330 |   0.4630 |  6.849118e+06 |   +1.01% |  5.17e-09 |      
      340 |   0.4302 |  6.807092e+06 |   -0.61% |  8.25e-09 |      
      350 |   0.3877 |  6.751263e+06 |   -0.82% |  1.34e-08 |      
      360 |   0.3488 |  6.733821e+06 |   -0.26% |  2.18e-08 |      
      370 |   0.3167 |  6.643838e+06 |   -1.34% |  3.25e-08 |      
      380 |   0.2911 |  6.547942e+06 |   -1.44% |  4.79e-08 |      
      390 |   0.2653 |  6.481633e+06 |   -1.01% |  7.05e-08 |      
      400 |   0.2421 |  6.407795e+06 |   -1.14% |  1.04e-07 |      
      410 |   0.2204 |  6.337909e+06 |   -1.09% |  1.53e-07 |      
      420 |   0.1994 |  6.286947e+06 |   -0.80% |  2.25e-07 |      
      430 |   0.1799 |  6.247531e+06 |   -0.63% |  3.32e-07 |      
      440 |   0.1612 |  6.221416e+06 |   -0.42% |  4.89e-07 |      
      450 |   0.1447 |  6.208780e+06 |   -0.20% |  7.21e-07 |      
      460 |   0.1288 |  6.206543e+06 |   -0.04% |  1.06e-06 |      
      470 |   0.1145 |  6.208003e+06 |   +0.02% |  1.56e-06 |      
      480 |   0.1024 |  6.217193e+06 |   +0.15% |  2.30e-06 |      
      483 |   0.0993 |  6.225530e+06 |          |  2.68e-06 |      
---------------------------------------------------------------
[INFO GPL-1001] Global placement finished at iteration 483
[INFO GPL-1002] Placed Cell Area            336222.9351
[INFO GPL-1003] Available Free Area         1249032.5260
[INFO GPL-1004] Minimum Feasible Density        0.2700 (cell_area / free_area)
[INFO GPL-1006]   Suggested Target Densities:
[INFO GPL-1007]     - For 90% usage of free space: 0.2991
[INFO GPL-1008]     - For 80% usage of free space: 0.3365
[INFO GPL-1009]     - For 50% usage of free space: 0.5384
[INFO GPL-1014] Final placement area: 336222.94 (+0.00%)
Took 117 seconds: global_placement -skip_io -density 0.31650001019239427 -pad_left 0 -pad_right 0
Design area 633446 um^2 37% utilization.
write_db ./results/nangate45/bp/base/3_1_place_gp_skip_io.odb
Elapsed time: 2:01.93[h:]min:sec. CPU time: user 944.55 sys 8.25 (781%). Peak memory: 887120KB.
Log                        Elapsed/s Peak Memory/MB  sha1sum .odb [0:20)
3_1_place_gp_skip_io             121            866 69ee3563716471399013
/home/piohuang/OpenROAD-flow-scripts/flow/scripts/flow.sh 3_2_place_iop io_placement
Running io_placement.tcl, stage 3_2_place_iop
read_liberty /home/piohuang/OpenROAD-flow-scripts/flow/platforms/nangate45/lib/NangateOpenCellLibrary_typical.lib
read_liberty /home/piohuang/OpenROAD-flow-scripts/flow/platforms/nangate45/lib/fakeram45_512x64.lib
read_liberty /home/piohuang/OpenROAD-flow-scripts/flow/platforms/nangate45/lib/fakeram45_256x95.lib
read_liberty /home/piohuang/OpenROAD-flow-scripts/flow/platforms/nangate45/lib/fakeram45_64x7.lib
read_liberty /home/piohuang/OpenROAD-flow-scripts/flow/platforms/nangate45/lib/fakeram45_64x15.lib
read_liberty /home/piohuang/OpenROAD-flow-scripts/flow/platforms/nangate45/lib/fakeram45_64x96.lib
read_db ./results/nangate45/bp/base/3_1_place_gp_skip_io.odb
read_sdc ./results/nangate45/bp/base/2_floorplan.sdc
source /home/piohuang/OpenROAD-flow-scripts/flow/platforms/nangate45/setRC.tcl
place_pins -hor_layers metal5 -ver_layers metal6
Found 24 macro blocks.
Using 2 tracks default min distance between IO pins.
[INFO PPL-0001] Number of available slots 1964
[INFO PPL-0002] Number of I/O             1198
[INFO PPL-0003] Number of I/O w/sink      1176
[INFO PPL-0004] Number of I/O w/o sink    22
[INFO PPL-0005] Slots per section         200
[INFO PPL-0008] Successfully assigned pins to sections.
[INFO PPL-0012] I/O nets HPWL: 684965.88 um.
Design area 633446 um^2 37% utilization.
write_db ./results/nangate45/bp/base/3_2_place_iop.odb
Elapsed time: 0:03.42[h:]min:sec. CPU time: user 2.53 sys 0.43 (86%). Peak memory: 513020KB.
Log                        Elapsed/s Peak Memory/MB  sha1sum .odb [0:20)
3_2_place_iop                      3            500 4c288d8601d5f812f4f3
/home/piohuang/OpenROAD-flow-scripts/flow/scripts/flow.sh 3_3_place_gp global_place
Running global_place.tcl, stage 3_3_place_gp
read_liberty /home/piohuang/OpenROAD-flow-scripts/flow/platforms/nangate45/lib/NangateOpenCellLibrary_typical.lib
read_liberty /home/piohuang/OpenROAD-flow-scripts/flow/platforms/nangate45/lib/fakeram45_512x64.lib
read_liberty /home/piohuang/OpenROAD-flow-scripts/flow/platforms/nangate45/lib/fakeram45_256x95.lib
read_liberty /home/piohuang/OpenROAD-flow-scripts/flow/platforms/nangate45/lib/fakeram45_64x7.lib
read_liberty /home/piohuang/OpenROAD-flow-scripts/flow/platforms/nangate45/lib/fakeram45_64x15.lib
read_liberty /home/piohuang/OpenROAD-flow-scripts/flow/platforms/nangate45/lib/fakeram45_64x96.lib
read_db ./results/nangate45/bp/base/3_2_place_iop.odb
read_sdc ./results/nangate45/bp/base/2_floorplan.sdc
source /home/piohuang/OpenROAD-flow-scripts/flow/platforms/nangate45/setRC.tcl
[INFO RSZ-0026] Removed 20113 buffers.
Perform port buffering...
[INFO RSZ-0027] Inserted 577 BUF_X1 input buffers.
[INFO RSZ-0028] Inserted 598 BUF_X1 output buffers.
[INFO GPL-0022] Initialize gpl and calculate uniform density.
Placement density is 0.306999990940094, computed from PLACE_DENSITY_LB_ADDON  0.05 and lower bound 0.25999999046325684
global_placement -density 0.306999990940094 -pad_left 0 -pad_right 0 -routability_driven -timing_driven -force_center_initial_place -min_phi_coef 0.95 -max_phi_coef 1.05
[INFO GPL-0001] ---- Initialize GPL Main Data Structures
[INFO GPL-0002] DBU: 2000
[INFO GPL-0003] SiteSize: (  0.190  1.400 ) um
[INFO GPL-0004] CoreBBox: ( 10.070 11.200 ) ( 1339.880 1289.400 ) um
[INFO GPL-0036] Movable instances area:     284694.214 um^2
[INFO GPL-0037] Total instances area:       620249.490 um^2
[INFO GPL-0035] Pin density area adjust:     33583.605 um^2
[INFO GPL-0032] ---- Initialize Region: Top-level
[INFO GPL-0006] Number of instances:            204190
[INFO GPL-0007] Movable instances:              187757
[INFO GPL-0008] Fixed instances:                  9533
[INFO GPL-0009] Dummy instances:                  6900
[INFO GPL-0010] Number of nets:                 219108
[INFO GPL-0011] Number of pins:                 647460
[INFO GPL-0012] Die BBox:  (  0.000  0.000 ) ( 1350.000 1300.000 ) um
[INFO GPL-0013] Core BBox: ( 10.070 11.200 ) ( 1339.880 1289.400 ) um
[INFO GPL-0016] Core area:                  1699763.142 um^2
[INFO GPL-0014] Region name: top-level.
[INFO GPL-0015] Region area:                1699763.142 um^2
[INFO GPL-0017] Fixed instances area:       450730.616 um^2
[INFO GPL-0018] Movable instances area:     318277.819 um^2
[INFO GPL-0019] Utilization:                    25.482 %
[INFO GPL-0020] Standard cells area:        318277.819 um^2
[INFO GPL-0021] Large instances area:            0.000 um^2
[INFO GPL-0005] ---- Execute Conjugate Gradient Initial Placement.
[INFO GPL-0051] Source of initial instance position counters:
	Odb location = 0	Core center = 187757	Region center = 0
[InitialPlace]  Iter: 1 conjugate gradient residual: 0.00724857 HPWL: 14162349654
[InitialPlace]  Iter: 2 conjugate gradient residual: 0.00076018 HPWL: 10181363233
[InitialPlace]  Iter: 3 conjugate gradient residual: 0.00037953 HPWL: 9795305249
[InitialPlace]  Iter: 4 conjugate gradient residual: 0.00015360 HPWL: 9509167928
[InitialPlace]  Iter: 5 conjugate gradient residual: 0.00015058 HPWL: 9310531463
[InitialPlace]  Iter: 6 conjugate gradient residual: 0.00012864 HPWL: 9163617631
[InitialPlace]  Iter: 7 conjugate gradient residual: 0.00010387 HPWL: 9019723803
[InitialPlace]  Iter: 8 conjugate gradient residual: 0.00008422 HPWL: 8914757136
[InitialPlace]  Iter: 9 conjugate gradient residual: 0.00007467 HPWL: 8859512982
[InitialPlace]  Iter: 10 conjugate gradient residual: 0.00007802 HPWL: 8827350003
[InitialPlace]  Iter: 11 conjugate gradient residual: 0.00006693 HPWL: 8803911023
[InitialPlace]  Iter: 12 conjugate gradient residual: 0.00007323 HPWL: 8778149882
[InitialPlace]  Iter: 13 conjugate gradient residual: 0.00006762 HPWL: 8752176817
[InitialPlace]  Iter: 14 conjugate gradient residual: 0.00005337 HPWL: 8735765070
[InitialPlace]  Iter: 15 conjugate gradient residual: 0.00006245 HPWL: 8725220509
[InitialPlace]  Iter: 16 conjugate gradient residual: 0.00005764 HPWL: 8720005745
[InitialPlace]  Iter: 17 conjugate gradient residual: 0.00005640 HPWL: 8712645970
[InitialPlace]  Iter: 18 conjugate gradient residual: 0.00006148 HPWL: 8705530897
[InitialPlace]  Iter: 19 conjugate gradient residual: 0.00006317 HPWL: 8698871104
[InitialPlace]  Iter: 20 conjugate gradient residual: 0.00006556 HPWL: 8693778149
[INFO GPL-0033] ---- Initialize Nesterov Region: Top-level
[INFO GPL-0023] Placement target density:       0.3070
[INFO GPL-0024] Movable insts average area:      1.695 um^2
[INFO GPL-0025] Ideal bin area:                  5.522 um^2
[INFO GPL-0026] Ideal bin count:                307833
[INFO GPL-0027] Total bin area:             1699763.142 um^2
[INFO GPL-0028] Bin count (X, Y):         512 ,    512
[INFO GPL-0029] Bin size (W * H):       2.597 *  2.496 um
[INFO GPL-0030] Number of bins:                 262144
[INFO GPL-0007] ---- Execute Nesterov Global Placement.
[INFO GPL-0031] HPWL: Half-Perimeter Wirelength
Iteration | Overflow |     HPWL (um) |  HPWL(%) |   Penalty | Group
---------------------------------------------------------------
        0 |   0.9775 |  3.421913e+06 |   +0.00% |  4.16e-16 |      
       10 |   0.9395 |  3.932510e+06 |  +14.92% |  5.78e-16 |      
       20 |   0.9195 |  4.193384e+06 |   +6.63% |  8.83e-16 |      
       30 |   0.9053 |  4.401726e+06 |   +4.97% |  1.37e-15 |      
       40 |   0.8958 |  4.569387e+06 |   +3.81% |  2.15e-15 |      
       50 |   0.8809 |  4.655866e+06 |   +1.89% |  3.44e-15 |      
       60 |   0.8680 |  4.689239e+06 |   +0.72% |  5.55e-15 |      
       70 |   0.8568 |  4.693493e+06 |   +0.09% |  9.03e-15 |      
       80 |   0.8495 |  4.677988e+06 |   -0.33% |  1.47e-14 |      
       90 |   0.8450 |  4.657826e+06 |   -0.43% |  2.40e-14 |      
      100 |   0.8409 |  4.619269e+06 |   -0.83% |  3.90e-14 |      
      110 |   0.8398 |  4.571057e+06 |   -1.04% |  6.36e-14 |      
      120 |   0.8403 |  4.523087e+06 |   -1.05% |  1.04e-13 |      
      130 |   0.8419 |  4.482792e+06 |   -0.89% |  1.69e-13 |      
      140 |   0.8439 |  4.462529e+06 |   -0.45% |  2.75e-13 |      
      150 |   0.8454 |  4.456706e+06 |   -0.13% |  4.47e-13 |      
      160 |   0.8456 |  4.460819e+06 |   +0.09% |  7.28e-13 |      
      170 |   0.8449 |  4.469418e+06 |   +0.19% |  1.18e-12 |      
      180 |   0.8430 |  4.482113e+06 |   +0.28% |  1.92e-12 |      
      190 |   0.8390 |  4.497751e+06 |   +0.35% |  3.12e-12 |      
      200 |   0.8334 |  4.514882e+06 |   +0.38% |  5.07e-12 |      
      210 |   0.8249 |  4.533007e+06 |   +0.40% |  8.22e-12 |      
      220 |   0.8123 |  4.552889e+06 |   +0.44% |  1.33e-11 |      
      230 |   0.7954 |  4.578277e+06 |   +0.56% |  2.16e-11 |      
      240 |   0.7717 |  4.610597e+06 |   +0.71% |  3.50e-11 |      
      250 |   0.7405 |  4.698136e+06 |   +1.90% |  5.59e-11 |      
      260 |   0.7039 |  4.675884e+06 |   -0.47% |  9.09e-11 |      
      270 |   0.6581 |  4.645710e+06 |   -0.65% |  1.48e-10 |      
[INFO GPL-0100] Timing-driven iteration 1/2, virtual: false.
[INFO GPL-0101]    Iter: 276, overflow: 0.634, keep resizer changes at: 1, HPWL: 9292073992
Iteration |   Area    | Resized | Buffers | Nets repaired | Remaining
---------------------------------------------------------------------
        0 |     +0.0% |       0 |       0 |             0 |    219108
    final |     +1.5% |    1411 |    4329 |          3134 |         0
---------------------------------------------------------------------
[INFO RSZ-0034] Found 1610 slew violations.
[INFO RSZ-0036] Found 2557 capacitance violations.
[INFO RSZ-0037] Found 399 long wires.
[INFO RSZ-0039] Resized 1411 instances.
[INFO RSZ-0038] Inserted 4329 buffers in 3134 nets.
   Iter   |    Area   | Removed | Inserted |   Pins
          |           | Buffers | Buffers  | Remaining
-------------------------------------------------------
        0 |     +0.0% |       0 |        0 |    207010
    20700 |     -0.0% |     651 |     1212 |    186310
    41400 |     -0.0% |     947 |     1763 |    165610
    62100 |     -0.0% |    1484 |     2645 |    144910
    82800 |     -0.0% |    2310 |     4128 |    124210
   103500 |     +0.0% |    2885 |     5497 |    103510
   124200 |     +0.0% |    3601 |     6806 |     82810
   144900 |     +0.0% |    3769 |     7224 |     62110
   165600 |     +0.1% |    3910 |     7682 |     41410
   186300 |     +0.1% |    4102 |     8037 |     20710
   207000 |     +0.1% |    4329 |     8639 |        10
    final |     +0.1% |    4329 |     8639 |         0
-------------------------------------------------------
[INFO GPL-0106] Timing-driven: worst slack -6.56e-09
[INFO GPL-0107] Timing-driven: repair_design delta area: 9104.485 um^2 (+2.86%)
[INFO GPL-0108] Timing-driven: repair_design, gpl delta gcells: 8639 (+4.60%)
[INFO GPL-0109] Timing-driven: repair_design, gcells created: 12968, deleted: 4329
[INFO GPL-0110] Timing-driven: new target density: 0.3142892
Iteration | Overflow |     HPWL (um) |  HPWL(%) |   Penalty | Group
---------------------------------------------------------------
      280 |   0.6111 |  4.974935e+06 |   +7.09% |  2.26e-10 |      
      290 |   0.6099 |  4.864508e+06 |   -2.22% |  3.33e-10 |      
[INFO GPL-0038] Routability snapshot saved at iter = 297
      296 |   0.5989 |  4.901724e+06 |          |           |      
      300 |   0.5904 |  4.938386e+06 |   +1.52% |  5.31e-10 |      
      310 |   0.5671 |  5.044273e+06 |   +2.14% |  8.45e-10 |      
      320 |   0.5310 |  5.143177e+06 |   +1.96% |  1.34e-09 |      
      330 |   0.4869 |  5.303128e+06 |   +3.11% |  2.13e-09 |      
      340 |   0.4473 |  5.586140e+06 |   +5.34% |  3.20e-09 |      
      350 |   0.4198 |  5.597881e+06 |   +0.21% |  5.16e-09 |      
      360 |   0.3896 |  5.629922e+06 |   +0.57% |  8.31e-09 |      
      370 |   0.3617 |  5.567929e+06 |   -1.10% |  1.35e-08 |      
      380 |   0.3373 |  5.546005e+06 |   -0.39% |  2.09e-08 |      
      390 |   0.3226 |  5.428914e+06 |   -2.11% |  3.08e-08 |      
      400 |   0.3000 |  5.353056e+06 |   -1.40% |  4.53e-08 |      
[INFO GPL-0040] Routability iteration: 1
[WARNING GRT-0281] Net clk_i has a large fanout of 28679 terminals.
[WARNING GRT-0281] Net multi_top.me.network/_27292_ has a large fanout of 1047 terminals.
[INFO GPL-0041] Total routing overflow: 192.3438
[INFO GPL-0042] Number of overflowed tiles: 1671 (0.77%)
[INFO GPL-0043] Average top 0.5% routing congestion: 1.1713
[INFO GPL-0044] Average top 1.0% routing congestion: 1.0874
[INFO GPL-0045] Average top 2.0% routing congestion: 1.0242
[INFO GPL-0046] Average top 5.0% routing congestion: 0.9537
[INFO GPL-0047] Routability iteration weighted routing congestion: 1.1293
[INFO GPL-0048] Routing congestion (1.1293) lower than previous minimum (1e+30). Updating minimum.
[INFO GPL-0051] Inflated area:                 248.430 um^2 (+0.08%)
[INFO GPL-0052] Placement target density:       0.3143
[INFO GPL-0076] Removing fillers, count: Before: 39042, After: 38894 (-0.38%)
[INFO GPL-0077] Filler area (um^2)     : Before: 65175.152, After: 64927.553 (-0.38%)
[INFO GPL-0078] Removed fillers count: 148, area removed: 247.063 um^2. Remaining area to be compensated by modifying density: 1.367 um^2
[INFO GPL-0058] White space area:           1249032.526 um^2 (+0.00%)
[INFO GPL-0059] Movable instances area:     392557.462 um^2 (+0.00%)
[INFO GPL-0060] Total filler area:           64927.553 um^2 (-0.38%)
[INFO GPL-0061] Total non-inflated area:    392558.288 um^2 (+0.00%)
[INFO GPL-0062] Total inflated area:        392806.718 um^2 (+0.00%)
[INFO GPL-0063] New Target Density:             0.3143
[INFO GPL-0087] Routability end iteration: increase inflation and revert back to snapshot.
Iteration | Overflow |     HPWL (um) |  HPWL(%) |   Penalty | Group
---------------------------------------------------------------
      410 |   0.5805 |  4.986596e+06 |   -6.85% |  6.21e-10 |      
      420 |   0.5601 |  5.077399e+06 |   +1.82% |  9.01e-10 |      
      430 |   0.5275 |  5.140615e+06 |   +1.25% |  1.31e-09 |      
      440 |   0.4910 |  5.247889e+06 |   +2.09% |  1.90e-09 |      
      450 |   0.4626 |  5.398640e+06 |   +2.87% |  2.72e-09 |      
      460 |   0.4371 |  5.425047e+06 |   +0.49% |  3.98e-09 |      
      470 |   0.4175 |  5.406874e+06 |   -0.33% |  5.84e-09 |      
      480 |   0.3955 |  5.348742e+06 |   -1.08% |  8.60e-09 |      
      490 |   0.3720 |  5.355242e+06 |   +0.12% |  1.26e-08 |      
      500 |   0.3543 |  5.316490e+06 |   -0.72% |  1.86e-08 |      
      510 |   0.3330 |  5.247654e+06 |   -1.29% |  2.74e-08 |      
      520 |   0.3120 |  5.202960e+06 |   -0.85% |  4.03e-08 |      
[INFO GPL-0040] Routability iteration: 2
[INFO GPL-0041] Total routing overflow: 191.7021
[INFO GPL-0042] Number of overflowed tiles: 1774 (0.82%)
[INFO GPL-0043] Average top 0.5% routing congestion: 1.1689
[INFO GPL-0044] Average top 1.0% routing congestion: 1.0878
[INFO GPL-0045] Average top 2.0% routing congestion: 1.0246
[INFO GPL-0046] Average top 5.0% routing congestion: 0.9525
[INFO GPL-0047] Routability iteration weighted routing congestion: 1.1283
[INFO GPL-0048] Routing congestion (1.1283) lower than previous minimum (1.129). Updating minimum.
[INFO GPL-0051] Inflated area:                 257.495 um^2 (+0.08%)
[INFO GPL-0052] Placement target density:       0.3143
[INFO GPL-0076] Removing fillers, count: Before: 38894, After: 38740 (-0.40%)
[INFO GPL-0077] Filler area (um^2)     : Before: 64927.553, After: 64670.474 (-0.40%)
[INFO GPL-0078] Removed fillers count: 154, area removed: 257.079 um^2. Remaining area to be compensated by modifying density: 0.416 um^2
[INFO GPL-0058] White space area:           1249032.526 um^2 (+0.00%)
[INFO GPL-0059] Movable instances area:     392557.462 um^2 (+0.00%)
[INFO GPL-0060] Total filler area:           64670.474 um^2 (-0.40%)
[INFO GPL-0061] Total non-inflated area:    392558.704 um^2 (+0.00%)
[INFO GPL-0062] Total inflated area:        392816.199 um^2 (+0.00%)
[INFO GPL-0063] New Target Density:             0.3143
[INFO GPL-0087] Routability end iteration: increase inflation and revert back to snapshot.
Iteration | Overflow |     HPWL (um) |  HPWL(%) |   Penalty | Group
---------------------------------------------------------------
      530 |   0.5909 |  4.938502e+06 |   -5.08% |  5.17e-10 |      
      540 |   0.5710 |  5.031654e+06 |   +1.89% |  7.48e-10 |      
      550 |   0.5439 |  5.114591e+06 |   +1.65% |  1.09e-09 |      
      560 |   0.5102 |  5.182527e+06 |   +1.33% |  1.58e-09 |      
      570 |   0.4744 |  5.383201e+06 |   +3.87% |  2.25e-09 |      
      580 |   0.4516 |  5.395159e+06 |   +0.22% |  3.30e-09 |      
      590 |   0.4272 |  5.420075e+06 |   +0.46% |  4.82e-09 |      
      600 |   0.4067 |  5.384088e+06 |   -0.66% |  7.10e-09 |      
      610 |   0.3827 |  5.359684e+06 |   -0.45% |  1.04e-08 |      
      620 |   0.3643 |  5.346784e+06 |   -0.24% |  1.54e-08 |      
      630 |   0.3451 |  5.271892e+06 |   -1.40% |  2.26e-08 |      
      640 |   0.3233 |  5.225807e+06 |   -0.87% |  3.33e-08 |      
      650 |   0.3005 |  5.181639e+06 |   -0.85% |  4.91e-08 |      
[INFO GPL-0040] Routability iteration: 3
[INFO GPL-0041] Total routing overflow: 177.1954
[INFO GPL-0042] Number of overflowed tiles: 1745 (0.81%)
[INFO GPL-0043] Average top 0.5% routing congestion: 1.1562
[INFO GPL-0044] Average top 1.0% routing congestion: 1.0807
[INFO GPL-0045] Average top 2.0% routing congestion: 1.0207
[INFO GPL-0046] Average top 5.0% routing congestion: 0.9506
[INFO GPL-0047] Routability iteration weighted routing congestion: 1.1185
[INFO GPL-0048] Routing congestion (1.1185) lower than previous minimum (1.128). Updating minimum.
[INFO GPL-0051] Inflated area:                 241.996 um^2 (+0.07%)
[INFO GPL-0052] Placement target density:       0.3143
[INFO GPL-0076] Removing fillers, count: Before: 38740, After: 38596 (-0.37%)
[INFO GPL-0077] Filler area (um^2)     : Before: 64670.474, After: 64430.088 (-0.37%)
[INFO GPL-0078] Removed fillers count: 144, area removed: 240.386 um^2. Remaining area to be compensated by modifying density: 1.610 um^2
[INFO GPL-0058] White space area:           1249032.526 um^2 (+0.00%)
[INFO GPL-0059] Movable instances area:     392557.462 um^2 (+0.00%)
[INFO GPL-0060] Total filler area:           64430.088 um^2 (-0.37%)
[INFO GPL-0061] Total non-inflated area:    392560.314 um^2 (+0.00%)
[INFO GPL-0062] Total inflated area:        392802.310 um^2 (+0.00%)
[INFO GPL-0063] New Target Density:             0.3143
[INFO GPL-0087] Routability end iteration: increase inflation and revert back to snapshot.
Iteration | Overflow |     HPWL (um) |  HPWL(%) |   Penalty | Group
---------------------------------------------------------------
      660 |   0.5808 |  4.988205e+06 |   -3.73% |  6.21e-10 |      
      670 |   0.5604 |  5.076567e+06 |   +1.77% |  9.01e-10 |      
      680 |   0.5279 |  5.143262e+06 |   +1.31% |  1.31e-09 |      
      690 |   0.4914 |  5.253252e+06 |   +2.14% |  1.90e-09 |      
      700 |   0.4631 |  5.402669e+06 |   +2.84% |  2.72e-09 |      
      710 |   0.4375 |  5.430623e+06 |   +0.52% |  3.98e-09 |      
      720 |   0.4172 |  5.414936e+06 |   -0.29% |  5.83e-09 |      
      730 |   0.3957 |  5.353594e+06 |   -1.13% |  8.59e-09 |      
      740 |   0.3722 |  5.360046e+06 |   +0.12% |  1.26e-08 |      
      750 |   0.3540 |  5.330049e+06 |   -0.56% |  1.85e-08 |      
      760 |   0.3325 |  5.255365e+06 |   -1.40% |  2.73e-08 |      
      770 |   0.3116 |  5.204921e+06 |   -0.96% |  4.02e-08 |      
[INFO GPL-0040] Routability iteration: 4
[INFO GPL-0041] Total routing overflow: 178.5998
[INFO GPL-0042] Number of overflowed tiles: 1702 (0.79%)
[INFO GPL-0043] Average top 0.5% routing congestion: 1.1585
[INFO GPL-0044] Average top 1.0% routing congestion: 1.0813
[INFO GPL-0045] Average top 2.0% routing congestion: 1.0213
[INFO GPL-0046] Average top 5.0% routing congestion: 0.9512
[INFO GPL-0047] Routability iteration weighted routing congestion: 1.1199
[INFO GPL-0049] Routing congestion (1.1199) higher than minimum (1.1185). Consecutive non-improvement count: 1.
[INFO GPL-0051] Inflated area:                 189.201 um^2 (+0.06%)
[INFO GPL-0052] Placement target density:       0.3143
[INFO GPL-0076] Removing fillers, count: Before: 38596, After: 38483 (-0.29%)
[INFO GPL-0077] Filler area (um^2)     : Before: 64430.088, After: 64241.452 (-0.29%)
[INFO GPL-0078] Removed fillers count: 113, area removed: 188.636 um^2. Remaining area to be compensated by modifying density: 0.565 um^2
[INFO GPL-0058] White space area:           1249032.526 um^2 (+0.00%)
[INFO GPL-0059] Movable instances area:     392557.462 um^2 (+0.00%)
[INFO GPL-0060] Total filler area:           64241.452 um^2 (-0.29%)
[INFO GPL-0061] Total non-inflated area:    392560.879 um^2 (+0.00%)
[INFO GPL-0062] Total inflated area:        392750.080 um^2 (+0.00%)
[INFO GPL-0063] New Target Density:             0.3143
[INFO GPL-0087] Routability end iteration: increase inflation and revert back to snapshot.
Iteration | Overflow |     HPWL (um) |  HPWL(%) |   Penalty | Group
---------------------------------------------------------------
      780 |   0.5913 |  4.939134e+06 |   -5.11% |  5.17e-10 |      
      790 |   0.5712 |  5.034830e+06 |   +1.94% |  7.48e-10 |      
      800 |   0.5441 |  5.110444e+06 |   +1.50% |  1.09e-09 |      
      810 |   0.5107 |  5.183727e+06 |   +1.43% |  1.58e-09 |      
      820 |   0.4747 |  5.374804e+06 |   +3.69% |  2.25e-09 |      
      830 |   0.4523 |  5.394104e+06 |   +0.36% |  3.29e-09 |      
      840 |   0.4273 |  5.433212e+06 |   +0.73% |  4.82e-09 |      
      850 |   0.4070 |  5.387867e+06 |   -0.83% |  7.09e-09 |      
      860 |   0.3835 |  5.357194e+06 |   -0.57% |  1.04e-08 |      
      870 |   0.3639 |  5.358391e+06 |   +0.02% |  1.53e-08 |      
      880 |   0.3458 |  5.281107e+06 |   -1.44% |  2.26e-08 |      
      890 |   0.3221 |  5.231812e+06 |   -0.93% |  3.33e-08 |      
      900 |   0.3006 |  5.182381e+06 |   -0.94% |  4.90e-08 |      
[INFO GPL-0040] Routability iteration: 5
[INFO GPL-0041] Total routing overflow: 179.0500
[INFO GPL-0042] Number of overflowed tiles: 1658 (0.77%)
[INFO GPL-0043] Average top 0.5% routing congestion: 1.1592
[INFO GPL-0044] Average top 1.0% routing congestion: 1.0810
[INFO GPL-0045] Average top 2.0% routing congestion: 1.0206
[INFO GPL-0046] Average top 5.0% routing congestion: 0.9506
[INFO GPL-0047] Routability iteration weighted routing congestion: 1.1201
[INFO GPL-0049] Routing congestion (1.1201) higher than minimum (1.1185). Consecutive non-improvement count: 2.
[INFO GPL-0051] Inflated area:                 159.196 um^2 (+0.05%)
[INFO GPL-0052] Placement target density:       0.3143
[INFO GPL-0076] Removing fillers, count: Before: 38483, After: 38388 (-0.25%)
[INFO GPL-0077] Filler area (um^2)     : Before: 64241.452, After: 64082.864 (-0.25%)
[INFO GPL-0078] Removed fillers count: 95, area removed: 158.588 um^2. Remaining area to be compensated by modifying density: 0.608 um^2
[INFO GPL-0058] White space area:           1249032.526 um^2 (+0.00%)
[INFO GPL-0059] Movable instances area:     392557.462 um^2 (+0.00%)
[INFO GPL-0060] Total filler area:           64082.864 um^2 (-0.25%)
[INFO GPL-0061] Total non-inflated area:    392561.487 um^2 (+0.00%)
[INFO GPL-0062] Total inflated area:        392720.683 um^2 (+0.00%)
[INFO GPL-0063] New Target Density:             0.3143
[INFO GPL-0087] Routability end iteration: increase inflation and revert back to snapshot.
Iteration | Overflow |     HPWL (um) |  HPWL(%) |   Penalty | Group
---------------------------------------------------------------
      910 |   0.5811 |  4.989206e+06 |   -3.73% |  6.21e-10 |      
      920 |   0.5605 |  5.082426e+06 |   +1.87% |  9.01e-10 |      
      930 |   0.5282 |  5.144538e+06 |   +1.22% |  1.31e-09 |      
      940 |   0.4917 |  5.251916e+06 |   +2.09% |  1.90e-09 |      
      950 |   0.4631 |  5.407174e+06 |   +2.96% |  2.71e-09 |      
      960 |   0.4377 |  5.428099e+06 |   +0.39% |  3.98e-09 |      
      970 |   0.4171 |  5.420652e+06 |   -0.14% |  5.84e-09 |      
      980 |   0.3957 |  5.358765e+06 |   -1.14% |  8.61e-09 |      
      990 |   0.3719 |  5.366168e+06 |   +0.14% |  1.27e-08 |      
     1000 |   0.3542 |  5.325938e+06 |   -0.75% |  1.86e-08 |      
     1010 |   0.3327 |  5.249864e+06 |   -1.43% |  2.75e-08 |      
     1020 |   0.3118 |  5.210485e+06 |   -0.75% |  4.05e-08 |      
[INFO GPL-0040] Routability iteration: 6
[INFO GPL-0041] Total routing overflow: 171.8173
[INFO GPL-0042] Number of overflowed tiles: 1624 (0.75%)
[INFO GPL-0043] Average top 0.5% routing congestion: 1.1536
[INFO GPL-0044] Average top 1.0% routing congestion: 1.0775
[INFO GPL-0045] Average top 2.0% routing congestion: 1.0187
[INFO GPL-0046] Average top 5.0% routing congestion: 0.9500
[INFO GPL-0047] Routability iteration weighted routing congestion: 1.1156
[INFO GPL-0048] Routing congestion (1.1156) lower than previous minimum (1.118). Updating minimum.
[INFO GPL-0051] Inflated area:                 147.917 um^2 (+0.05%)
[INFO GPL-0052] Placement target density:       0.3143
[INFO GPL-0076] Removing fillers, count: Before: 38388, After: 38300 (-0.23%)
[INFO GPL-0077] Filler area (um^2)     : Before: 64082.864, After: 63935.961 (-0.23%)
[INFO GPL-0078] Removed fillers count: 88, area removed: 146.902 um^2. Remaining area to be compensated by modifying density: 1.015 um^2
[INFO GPL-0058] White space area:           1249032.526 um^2 (+0.00%)
[INFO GPL-0059] Movable instances area:     392557.462 um^2 (+0.00%)
[INFO GPL-0060] Total filler area:           63935.961 um^2 (-0.23%)
[INFO GPL-0061] Total non-inflated area:    392562.502 um^2 (+0.00%)
[INFO GPL-0062] Total inflated area:        392710.419 um^2 (+0.00%)
[INFO GPL-0063] New Target Density:             0.3143
[INFO GPL-0087] Routability end iteration: increase inflation and revert back to snapshot.
Iteration | Overflow |     HPWL (um) |  HPWL(%) |   Penalty | Group
---------------------------------------------------------------
     1030 |   0.5916 |  4.939552e+06 |   -5.20% |  5.17e-10 |      
     1040 |   0.5714 |  5.034520e+06 |   +1.92% |  7.48e-10 |      
     1050 |   0.5441 |  5.114440e+06 |   +1.59% |  1.08e-09 |      
     1060 |   0.5109 |  5.183612e+06 |   +1.35% |  1.58e-09 |      
     1070 |   0.4750 |  5.387350e+06 |   +3.93% |  2.25e-09 |      
     1080 |   0.4520 |  5.394528e+06 |   +0.13% |  3.28e-09 |      
     1090 |   0.4279 |  5.424818e+06 |   +0.56% |  4.80e-09 |      
     1100 |   0.4074 |  5.385352e+06 |   -0.73% |  7.06e-09 |      
     1110 |   0.3839 |  5.359266e+06 |   -0.48% |  1.04e-08 |      
     1120 |   0.3640 |  5.354559e+06 |   -0.09% |  1.53e-08 |      
make[1]: *** [Makefile:459: do-3_3_place_gp] Error 130
make: *** [Makefile:459: results/nangate45/bp/base/3_3_place_gp.odb] Interrupt
rm -f ./results/nangate45/mempool_group/base/2_*floorplan*.odb ./results/nangate45/mempool_group/base/2_floorplan.sdc ./results/nangate45/mempool_group/base/2_*.v ./results/nangate45/mempool_group/base/2_*.def
rm -f ./reports/nangate45/mempool_group/base/2_*
rm -f ./logs/nangate45/mempool_group/base/2_*
/home/piohuang/OpenROAD-flow-scripts/flow/scripts/flow.sh 2_1_floorplan floorplan
Running floorplan.tcl, stage 2_1_floorplan
read_liberty /home/piohuang/OpenROAD-flow-scripts/flow/platforms/nangate45/lib/NangateOpenCellLibrary_typical.lib
read_liberty /home/piohuang/OpenROAD-flow-scripts/flow/platforms/nangate45/lib/fakeram45_256x32.lib
read_liberty /home/piohuang/OpenROAD-flow-scripts/flow/platforms/nangate45/lib/fakeram45_64x64.lib
read_db ./results/nangate45/mempool_group/base/1_synth.odb
read_sdc ./results/nangate45/mempool_group/base/1_synth.sdc
source /home/piohuang/OpenROAD-flow-scripts/flow/platforms/nangate45/setRC.tcl
Removed 5536 unused instances and 6296 unused nets.

==========================================================================
Floorplan check_setup
--------------------------------------------------------------------------
Warning: There are 560 input ports missing set_input_delay.
Warning: There are 680 output ports missing set_output_delay.
Warning: There are 1450 unconstrained endpoints.
number instances in verilog is 162251
[WARNING IFP-0028] Core area lower left (10.000, 12.000) snapped to (10.070, 12.600).
[INFO IFP-0001] Added 769 rows of 5683 site FreePDK45_38x28_10R_NP_162NW_34O.
[INFO IFP-0100] Die BBox:  (  0.000  0.000 ) ( 1100.000 1100.000 ) um
[INFO IFP-0101] Core BBox: ( 10.070 12.600 ) ( 1089.840 1089.200 ) um
[INFO IFP-0102] Core area:                      1162480.382 um^2
[INFO IFP-0103] Total instances area:            390548.610 um^2
[INFO IFP-0104] Effective utilization:                0.336
[INFO IFP-0105] Number of instances:                 162251
source /home/piohuang/OpenROAD-flow-scripts/flow/platforms/nangate45/make_tracks.tcl
source /home/piohuang/OpenROAD-flow-scripts/flow/platforms/nangate45/fastroute.tcl
Repair tie lo fanout...
[INFO RSZ-0042] Inserted 1889 tie LOGIC0_X1 instances.
Repair tie hi fanout...
[INFO RSZ-0042] Inserted 204 tie LOGIC1_X1 instances.
repair_timing -setup_margin 0 -hold_margin 0 -repair_tns 100 -setup -skip_last_gasp -sequence unbuffer,sizeup,swap,vt_swap -verbose
[WARNING EST-0027] no estimated parasitics. Using wire load models.
[INFO RSZ-0100] Repair move sequence: UnbufferMove SizeUpMove SwapPinsMove 
[INFO RSZ-0094] Found 8692 endpoints with setup violations.
[INFO RSZ-0099] Repairing 8692 out of 8692 (100.00%) violating endpoints...
   Iter   | Removed | Resized | Inserted | Cloned |  Pin  |   Area   |    WNS   |   TNS      |  Viol  | Worst
          | Buffers |  Gates  | Buffers  |  Gates | Swaps |          |          |            | Endpts | Endpt
--------------------------------------------------------------------------------------------------------------
        0 |       0 |       0 |        0 |      0 |     0 |    +0.0% |   -2.429 |   -13634.9 |   8692 | gen_tiles[0].i_tile/i_tile/gen_cores[1].gen_mempool_cc.riscv_core/i_snitch/i_snitch_lsu/metadata_q[40]$_DFFE_PP0P_/D
       10 |       0 |       9 |        0 |      0 |     0 |    +0.0% |   -2.337 |   -13135.7 |   8692 | gen_tiles[0].i_tile/i_tile/gen_cores[1].gen_mempool_cc.riscv_core/i_snitch/i_snitch_lsu/metadata_q[40]$_DFFE_PP0P_/D
       20 |       0 |      16 |        0 |      0 |     3 |    +0.0% |   -2.280 |   -12990.4 |   8692 | gen_tiles[0].i_tile/i_tile/gen_cores[1].gen_mempool_cc.riscv_core/i_snitch/i_snitch_lsu/metadata_q[40]$_DFFE_PP0P_/D
       30 |       0 |      24 |        0 |      0 |     5 |    +0.0% |   -2.241 |   -12807.2 |   8692 | gen_tiles[0].i_tile/i_tile/gen_cores[1].gen_mempool_cc.riscv_core/i_snitch/i_snitch_lsu/metadata_q[40]$_DFFE_PP0P_/D
       40 |       0 |      33 |        0 |      0 |     6 |    +0.0% |   -2.225 |   -12772.4 |   8692 | gen_tiles[0].i_tile/i_tile/gen_cores[1].gen_mempool_cc.riscv_core/i_snitch/i_snitch_lsu/metadata_q[40]$_DFFE_PP0P_/D
       50 |       0 |      43 |        0 |      0 |     6 |    +0.0% |   -2.212 |   -12759.8 |   8692 | gen_tiles[0].i_tile/i_tile/gen_cores[2].gen_mempool_cc.riscv_core/i_snitch/i_snitch_lsu/metadata_q[40]$_DFFE_PP0P_/D
       60 |       0 |      53 |        0 |      0 |     6 |    +0.0% |   -2.194 |   -12737.9 |   8692 | gen_tiles[0].i_tile/i_tile/gen_cores[1].gen_mempool_cc.riscv_core/i_snitch/i_snitch_lsu/metadata_q[60]$_DFFE_PP0P_/D
       70 |       0 |      63 |        0 |      0 |     6 |    +0.0% |   -2.189 |   -12736.6 |   8692 | gen_tiles[0].i_tile/i_tile/gen_cores[3].gen_mempool_cc.riscv_core/i_snitch/i_snitch_lsu/metadata_q[60]$_DFFE_PP0P_/D
       78 |       0 |      71 |        0 |      0 |     6 |    +0.0% |   -2.177 |   -12669.4 |   8692 | tcdm_master_bypass_resp_ready_o
       80 |       0 |      72 |        0 |      0 |     6 |    +0.0% |   -2.177 |   -12652.0 |   8692 | tcdm_master_bypass_resp_ready_o
       90 |       0 |      82 |        0 |      0 |     6 |    +0.0% |   -2.177 |   -12438.8 |   8692 | tcdm_master_bypass_resp_ready_o
      100 |       0 |      91 |        0 |      0 |     7 |    +0.0% |   -2.177 |   -12392.8 |   8692 | tcdm_master_bypass_resp_ready_o
      110 |       0 |      99 |        0 |      0 |     9 |    +0.0% |   -2.177 |   -12334.2 |   8692 | tcdm_master_bypass_resp_ready_o
      120 |       0 |     105 |        0 |      0 |    13 |    +0.0% |   -2.177 |   -12196.5 |   8692 | tcdm_master_bypass_resp_ready_o
      130 |       0 |     112 |        0 |      0 |    16 |    +0.0% |   -2.177 |   -12173.2 |   8692 | tcdm_master_bypass_resp_ready_o
      140 |       0 |     120 |        0 |      0 |    18 |    +0.0% |   -2.177 |   -12196.5 |   8692 | tcdm_master_bypass_resp_ready_o
      150 |       0 |     129 |        0 |      0 |    19 |    +0.0% |   -2.177 |   -12149.7 |   8692 | tcdm_master_bypass_resp_ready_o
      160 |       0 |     137 |        0 |      0 |    21 |    +0.0% |   -2.177 |   -12103.9 |   8692 | tcdm_master_bypass_resp_ready_o
      170 |       0 |     144 |        0 |      0 |    24 |    +0.0% |   -2.177 |   -12051.1 |   8692 | tcdm_master_bypass_resp_ready_o
      180 |       0 |     154 |        0 |      0 |    24 |    +0.0% |   -2.177 |   -12017.5 |   8692 | tcdm_master_bypass_resp_ready_o
      190 |       0 |     161 |        0 |      0 |    27 |    +0.0% |   -2.177 |   -11988.8 |   8692 | tcdm_master_bypass_resp_ready_o
      200 |       0 |     168 |        0 |      0 |    30 |    +0.0% |   -2.177 |   -11938.6 |   8692 | tcdm_master_bypass_resp_ready_o
      210 |       0 |     173 |        0 |      0 |    35 |    +0.0% |   -2.177 |   -11938.5 |   8692 | tcdm_master_bypass_resp_ready_o
      220 |       0 |     178 |        0 |      0 |    40 |    +0.0% |   -2.177 |   -11907.6 |   8692 | tcdm_master_bypass_resp_ready_o
      230 |       0 |     187 |        0 |      0 |    41 |    +0.0% |   -2.177 |   -11841.8 |   8692 | tcdm_master_bypass_resp_ready_o
      240 |       0 |     194 |        0 |      0 |    44 |    +0.0% |   -2.177 |   -11751.8 |   8692 | tcdm_master_bypass_resp_ready_o
      250 |       0 |     202 |        0 |      0 |    46 |    +0.0% |   -2.177 |   -11746.1 |   8692 | tcdm_master_bypass_resp_ready_o
      260 |       0 |     210 |        0 |      0 |    48 |    +0.0% |   -2.177 |   -11741.3 |   8692 | tcdm_master_bypass_resp_ready_o
      270 |       0 |     219 |        0 |      0 |    49 |    +0.0% |   -2.177 |   -11718.1 |   8692 | tcdm_master_bypass_resp_ready_o
      280 |       0 |     226 |        0 |      0 |    52 |    +0.0% |   -2.177 |   -11696.2 |   8692 | tcdm_master_bypass_resp_ready_o
      290 |       0 |     235 |        0 |      0 |    53 |    +0.0% |   -2.177 |   -11668.6 |   8692 | tcdm_master_bypass_resp_ready_o
      300 |       0 |     244 |        0 |      0 |    54 |    +0.1% |   -2.177 |   -11596.5 |   8692 | tcdm_master_bypass_resp_ready_o
      310 |       0 |     253 |        0 |      0 |    55 |    +0.1% |   -2.177 |   -11563.1 |   8692 | tcdm_master_bypass_resp_ready_o
      320 |       0 |     262 |        0 |      0 |    56 |    +0.1% |   -2.177 |   -11543.4 |   8692 | tcdm_master_bypass_resp_ready_o
      330 |       0 |     270 |        0 |      0 |    58 |    +0.1% |   -2.177 |   -11541.3 |   8692 | tcdm_master_bypass_resp_ready_o
      340 |       0 |     279 |        0 |      0 |    59 |    +0.1% |   -2.177 |   -11544.3 |   8692 | tcdm_master_bypass_resp_ready_o
      350 |       0 |     287 |        0 |      0 |    61 |    +0.1% |   -2.177 |   -11516.4 |   8692 | tcdm_master_bypass_resp_ready_o
      360 |       0 |     294 |        0 |      0 |    64 |    +0.1% |   -2.177 |   -11483.3 |   8692 | tcdm_master_bypass_resp_ready_o
      370 |       0 |     302 |        0 |      0 |    66 |    +0.1% |   -2.177 |   -11468.0 |   8692 | tcdm_master_bypass_resp_ready_o
      380 |       0 |     312 |        0 |      0 |    66 |    +0.1% |   -2.177 |   -11459.8 |   8692 | tcdm_master_bypass_resp_ready_o
      390 |       0 |     321 |        0 |      0 |    67 |    +0.1% |   -2.177 |   -11435.6 |   8692 | tcdm_master_bypass_resp_ready_o
      400 |       0 |     329 |        0 |      0 |    69 |    +0.1% |   -2.177 |   -11435.3 |   8692 | tcdm_master_bypass_resp_ready_o
      410 |       0 |     339 |        0 |      0 |    69 |    +0.1% |   -2.177 |   -11414.6 |   8692 | tcdm_master_bypass_resp_ready_o
      420 |       0 |     347 |        0 |      0 |    71 |    +0.1% |   -2.177 |   -11378.5 |   8692 | tcdm_master_bypass_resp_ready_o
      430 |       0 |     353 |        0 |      0 |    75 |    +0.1% |   -2.177 |   -11323.2 |   8692 | tcdm_master_bypass_resp_ready_o
      440 |       0 |     361 |        0 |      0 |    77 |    +0.1% |   -2.177 |   -11291.9 |   8692 | tcdm_master_bypass_resp_ready_o
      450 |       0 |     368 |        0 |      0 |    80 |    +0.1% |   -2.177 |   -11283.8 |   8692 | tcdm_master_bypass_resp_ready_o
      460 |       0 |     376 |        0 |      0 |    82 |    +0.1% |   -2.177 |   -11268.9 |   8692 | tcdm_master_bypass_resp_ready_o
      470 |       0 |     381 |        0 |      0 |    87 |    +0.1% |   -2.177 |   -11266.1 |   8692 | tcdm_master_bypass_resp_ready_o
      480 |       0 |     388 |        0 |      0 |    90 |    +0.1% |   -2.177 |   -11242.3 |   8692 | tcdm_master_bypass_resp_ready_o
      490 |       0 |     395 |        0 |      0 |    93 |    +0.1% |   -2.177 |   -11277.3 |   8692 | tcdm_master_bypass_resp_ready_o
      500 |       0 |     400 |        0 |      0 |    98 |    +0.1% |   -2.177 |   -11262.5 |   8692 | tcdm_master_bypass_resp_ready_o
      510 |       0 |     409 |        0 |      0 |    99 |    +0.1% |   -2.177 |   -11252.9 |   8692 | tcdm_master_bypass_resp_ready_o
      520 |       0 |     417 |        0 |      0 |   101 |    +0.1% |   -2.177 |   -11245.9 |   8692 | tcdm_master_bypass_resp_ready_o
      530 |       0 |     423 |        0 |      0 |   105 |    +0.1% |   -2.177 |   -11313.2 |   8692 | tcdm_master_bypass_resp_ready_o
      531 |       0 |     389 |        0 |      0 |    90 |    +0.1% |   -2.177 |   -11242.2 |   8692 | tcdm_master_bypass_resp_ready_o
      540 |       0 |     395 |        0 |      0 |    92 |    +0.1% |   -2.177 |   -11257.2 |   8692 | tcdm_master_bypass_resp_ready_o
      550 |       0 |     404 |        0 |      0 |    93 |    +0.1% |   -2.177 |   -11187.5 |   8692 | tcdm_master_bypass_resp_ready_o
      560 |       0 |     413 |        0 |      0 |    94 |    +0.1% |   -2.177 |   -11176.3 |   8692 | tcdm_master_bypass_resp_ready_o
      570 |       0 |     423 |        0 |      0 |    94 |    +0.1% |   -2.177 |   -11151.4 |   8692 | tcdm_master_bypass_resp_ready_o
      580 |       0 |     431 |        0 |      0 |    96 |    +0.1% |   -2.177 |   -11141.9 |   8692 | tcdm_master_bypass_resp_ready_o
      590 |       0 |     440 |        0 |      0 |    97 |    +0.1% |   -2.177 |   -11133.6 |   8692 | tcdm_master_bypass_resp_ready_o
      600 |       0 |     448 |        0 |      0 |    99 |    +0.1% |   -2.177 |   -11123.4 |   8692 | tcdm_master_bypass_resp_ready_o
      610 |       0 |     454 |        0 |      0 |   103 |    +0.1% |   -2.177 |   -11124.5 |   8692 | tcdm_master_bypass_resp_ready_o
      620 |       0 |     463 |        0 |      0 |   104 |    +0.1% |   -2.177 |   -11125.0 |   8692 | tcdm_master_bypass_resp_ready_o
      630 |       0 |     469 |        0 |      0 |   108 |    +0.1% |   -2.177 |   -11105.3 |   8692 | tcdm_master_bypass_resp_ready_o
      640 |       0 |     476 |        0 |      0 |   111 |    +0.1% |   -2.177 |   -11104.3 |   8692 | tcdm_master_bypass_resp_ready_o
      650 |       0 |     481 |        0 |      0 |   116 |    +0.1% |   -2.177 |   -11072.4 |   8692 | tcdm_master_bypass_resp_ready_o
      660 |       0 |     489 |        0 |      0 |   118 |    +0.1% |   -2.177 |   -11060.7 |   8692 | tcdm_master_bypass_resp_ready_o
      670 |       0 |     497 |        0 |      0 |   120 |    +0.1% |   -2.177 |   -11041.3 |   8692 | tcdm_master_bypass_resp_ready_o
      680 |       0 |     503 |        0 |      0 |   124 |    +0.1% |   -2.177 |   -11034.9 |   8692 | tcdm_master_bypass_resp_ready_o
      690 |       0 |     511 |        0 |      0 |   126 |    +0.1% |   -2.177 |   -10992.5 |   8692 | tcdm_master_bypass_resp_ready_o
      700 |       0 |     518 |        0 |      0 |   129 |    +0.1% |   -2.177 |   -11000.6 |   8692 | tcdm_master_bypass_resp_ready_o
      710 |       0 |     523 |        0 |      0 |   134 |    +0.1% |   -2.177 |   -10990.1 |   8692 | tcdm_master_bypass_resp_ready_o
      720 |       0 |     531 |        0 |      0 |   136 |    +0.1% |   -2.177 |   -11024.7 |   8692 | tcdm_master_bypass_resp_ready_o
      730 |       0 |     538 |        0 |      0 |   139 |    +0.1% |   -2.177 |   -10991.1 |   8692 | tcdm_master_bypass_resp_ready_o
      740 |       0 |     545 |        0 |      0 |   142 |    +0.1% |   -2.177 |   -10981.0 |   8692 | tcdm_master_bypass_resp_ready_o
      742 |       0 |     513 |        0 |      0 |   126 |    +0.1% |   -2.177 |   -10991.0 |   8692 | tcdm_master_bypass_resp_ready_o
      750 |       0 |     520 |        0 |      0 |   126 |    +0.1% |   -2.177 |   -10986.6 |   8692 | tcdm_master_bypass_resp_ready_o
      760 |       0 |     528 |        0 |      0 |   128 |    +0.1% |   -2.177 |   -11005.6 |   8692 | tcdm_master_bypass_resp_ready_o
      761 |       0 |     522 |        0 |      0 |   126 |    +0.1% |   -2.177 |   -10993.1 |   8692 | tcdm_master_bypass_resp_ready_o
      767 |       0 |     522 |        0 |      0 |   126 |    +0.1% |   -2.177 |   -10993.1 |   8692 | tcdm_master_bypass_resp_ready_o
      770 |       0 |     524 |        0 |      0 |   126 |    +0.1% |   -2.177 |   -11000.7 |   8692 | tcdm_master_bypass_resp_ready_o
      773 |       0 |     522 |        0 |      0 |   126 |    +0.1% |   -2.177 |   -10993.1 |   8692 | tcdm_master_bypass_resp_ready_o
      779 |       0 |     522 |        0 |      0 |   126 |    +0.1% |   -2.177 |   -10993.1 |   8692 | tcdm_master_bypass_resp_ready_o
      780 |       0 |     522 |        0 |      0 |   126 |    +0.1% |   -2.177 |   -10993.1 |   8692 | tcdm_master_bypass_resp_ready_o
      785 |       0 |     522 |        0 |      0 |   126 |    +0.1% |   -2.177 |   -10993.1 |   8692 | tcdm_master_bypass_resp_ready_o
      790 |       0 |     526 |        0 |      0 |   126 |    +0.1% |   -2.177 |   -11002.5 |   8692 | tcdm_master_bypass_resp_ready_o
      791 |       0 |     522 |        0 |      0 |   126 |    +0.1% |   -2.177 |   -10993.1 |   8692 | tcdm_master_bypass_resp_ready_o
      799 |       0 |     525 |        0 |      0 |   127 |    +0.1% |   -2.177 |   -11000.5 |   8692 | tcdm_master_bypass_resp_ready_o
      800 |       0 |     525 |        0 |      0 |   127 |    +0.1% |   -2.177 |   -11000.5 |   8692 | tcdm_master_bypass_resp_ready_o
      805 |       0 |     526 |        0 |      0 |   128 |    +0.1% |   -2.177 |   -11000.2 |   8692 | tcdm_master_bypass_resp_ready_o
      810 |       0 |     529 |        0 |      0 |   129 |    +0.1% |   -2.177 |   -11001.8 |   8692 | tcdm_master_bypass_resp_ready_o
      811 |       0 |     527 |        0 |      0 |   129 |    +0.1% |   -2.177 |   -11000.0 |   8692 | tcdm_master_bypass_resp_ready_o
      815 |       0 |     527 |        0 |      0 |   129 |    +0.1% |   -2.177 |   -11000.0 |   8692 | tcdm_master_bypass_resp_ready_o
      819 |       0 |     527 |        0 |      0 |   129 |    +0.1% |   -2.177 |   -11000.0 |   8692 | tcdm_master_bypass_resp_ready_o
      820 |       0 |     527 |        0 |      0 |   129 |    +0.1% |   -2.177 |   -11000.0 |   8692 | tcdm_master_bypass_resp_ready_o
      823 |       0 |     527 |        0 |      0 |   129 |    +0.1% |   -2.177 |   -11000.0 |   8692 | tcdm_master_bypass_resp_ready_o
      827 |       0 |     527 |        0 |      0 |   129 |    +0.1% |   -2.177 |   -11000.0 |   8692 | tcdm_master_bypass_resp_ready_o
      830 |       0 |     529 |        0 |      0 |   129 |    +0.1% |   -2.177 |   -11001.8 |   8692 | tcdm_master_bypass_resp_ready_o
      831 |       0 |     527 |        0 |      0 |   129 |    +0.1% |   -2.177 |   -11000.0 |   8692 | tcdm_master_bypass_resp_ready_o
      835 |       0 |     527 |        0 |      0 |   129 |    +0.1% |   -2.177 |   -11000.0 |   8692 | tcdm_master_bypass_resp_ready_o
      839 |       0 |     527 |        0 |      0 |   129 |    +0.1% |   -2.177 |   -11000.0 |   8692 | tcdm_master_bypass_resp_ready_o
      840 |       0 |     527 |        0 |      0 |   129 |    +0.1% |   -2.177 |   -11000.0 |   8692 | tcdm_master_bypass_resp_ready_o
      843 |       0 |     527 |        0 |      0 |   129 |    +0.1% |   -2.177 |   -11000.0 |   8692 | tcdm_master_bypass_resp_ready_o
      847 |       0 |     527 |        0 |      0 |   129 |    +0.1% |   -2.177 |   -11000.0 |   8692 | tcdm_master_bypass_resp_ready_o
      850 |       0 |     529 |        0 |      0 |   129 |    +0.1% |   -2.177 |   -11001.8 |   8692 | tcdm_master_bypass_resp_ready_o
      851 |       0 |     527 |        0 |      0 |   129 |    +0.1% |   -2.177 |   -11000.0 |   8692 | tcdm_master_bypass_resp_ready_o
      855 |       0 |     527 |        0 |      0 |   129 |    +0.1% |   -2.177 |   -11000.0 |   8692 | tcdm_master_bypass_resp_ready_o
      859 |       0 |     527 |        0 |      0 |   129 |    +0.1% |   -2.177 |   -11000.0 |   8692 | tcdm_master_bypass_resp_ready_o
      860 |       0 |     527 |        0 |      0 |   129 |    +0.1% |   -2.177 |   -11000.0 |   8692 | tcdm_master_bypass_resp_ready_o
      863 |       0 |     527 |        0 |      0 |   129 |    +0.1% |   -2.177 |   -11000.0 |   8692 | tcdm_master_bypass_resp_ready_o
      867 |       0 |     527 |        0 |      0 |   129 |    +0.1% |   -2.177 |   -11000.0 |   8692 | tcdm_master_bypass_resp_ready_o
      870 |       0 |     529 |        0 |      0 |   129 |    +0.1% |   -2.177 |   -11001.8 |   8692 | tcdm_master_bypass_resp_ready_o
      871 |       0 |     527 |        0 |      0 |   129 |    +0.1% |   -2.177 |   -11000.0 |   8692 | tcdm_master_bypass_resp_ready_o
      875 |       0 |     527 |        0 |      0 |   129 |    +0.1% |   -2.177 |   -11000.0 |   8692 | tcdm_master_bypass_resp_ready_o
      879 |       0 |     527 |        0 |      0 |   129 |    +0.1% |   -2.177 |   -11000.0 |   8692 | tcdm_master_bypass_resp_ready_o
      880 |       0 |     527 |        0 |      0 |   129 |    +0.1% |   -2.177 |   -11000.0 |   8692 | tcdm_master_bypass_resp_ready_o
      883 |       0 |     527 |        0 |      0 |   129 |    +0.1% |   -2.177 |   -11000.0 |   8692 | tcdm_master_bypass_resp_ready_o
      887 |       0 |     527 |        0 |      0 |   129 |    +0.1% |   -2.177 |   -11000.0 |   8692 | tcdm_master_bypass_resp_ready_o
      890 |       0 |     529 |        0 |      0 |   129 |    +0.1% |   -2.177 |   -11001.8 |   8692 | tcdm_master_bypass_resp_ready_o
      891 |       0 |     527 |        0 |      0 |   129 |    +0.1% |   -2.177 |   -11000.0 |   8692 | tcdm_master_bypass_resp_ready_o
      895 |       0 |     527 |        0 |      0 |   129 |    +0.1% |   -2.177 |   -11000.0 |   8692 | tcdm_master_bypass_resp_ready_o
      899 |       0 |     527 |        0 |      0 |   129 |    +0.1% |   -2.177 |   -11000.0 |   8692 | tcdm_master_bypass_resp_ready_o
      900 |       0 |     527 |        0 |      0 |   129 |    +0.1% |   -2.177 |   -11000.0 |   8692 | tcdm_master_bypass_resp_ready_o
      903 |       0 |     527 |        0 |      0 |   129 |    +0.1% |   -2.177 |   -11000.0 |   8692 | tcdm_master_bypass_resp_ready_o
      907 |       0 |     527 |        0 |      0 |   129 |    +0.1% |   -2.177 |   -11000.0 |   8692 | tcdm_master_bypass_resp_ready_o
      910 |       0 |     529 |        0 |      0 |   129 |    +0.1% |   -2.177 |   -11000.0 |   8692 | tcdm_master_bypass_resp_ready_o
      920 |       0 |     536 |        0 |      0 |   132 |    +0.1% |   -2.177 |   -10991.3 |   8692 | tcdm_master_bypass_resp_ready_o
      930 |       0 |     542 |        0 |      0 |   136 |    +0.1% |   -2.177 |   -10990.4 |   8692 | tcdm_master_bypass_resp_ready_o
      931 |       0 |     541 |        0 |      0 |   135 |    +0.1% |   -2.177 |   -10989.1 |   8692 | tcdm_master_bypass_resp_ready_o
      933 |       0 |     541 |        0 |      0 |   135 |    +0.1% |   -2.177 |   -10989.1 |   8692 | tcdm_master_bypass_resp_ready_o
      935 |       0 |     541 |        0 |      0 |   135 |    +0.1% |   -2.177 |   -10989.1 |   8692 | tcdm_master_bypass_resp_ready_o
      937 |       0 |     541 |        0 |      0 |   135 |    +0.1% |   -2.177 |   -10989.1 |   8692 | tcdm_master_bypass_resp_ready_o
      939 |       0 |     541 |        0 |      0 |   135 |    +0.1% |   -2.177 |   -10989.1 |   8692 | tcdm_master_bypass_resp_ready_o
      940 |       0 |     541 |        0 |      0 |   135 |    +0.1% |   -2.177 |   -10989.1 |   8692 | tcdm_master_bypass_resp_ready_o
      941 |       0 |     541 |        0 |      0 |   135 |    +0.1% |   -2.177 |   -10989.1 |   8692 | tcdm_master_bypass_resp_ready_o
      943 |       0 |     541 |        0 |      0 |   135 |    +0.1% |   -2.177 |   -10989.1 |   8692 | tcdm_master_bypass_resp_ready_o
      945 |       0 |     541 |        0 |      0 |   135 |    +0.1% |   -2.177 |   -10989.1 |   8692 | tcdm_master_bypass_resp_ready_o
      947 |       0 |     541 |        0 |      0 |   135 |    +0.1% |   -2.177 |   -10989.1 |   8692 | tcdm_master_bypass_resp_ready_o
      950 |       0 |     542 |        0 |      0 |   136 |    +0.1% |   -2.177 |   -10988.8 |   8692 | tcdm_master_bypass_resp_ready_o
      951 |       0 |     542 |        0 |      0 |   136 |    +0.1% |   -2.177 |   -10988.8 |   8692 | tcdm_master_bypass_resp_ready_o
      955 |       0 |     543 |        0 |      0 |   137 |    +0.1% |   -2.177 |   -10988.6 |   8692 | tcdm_master_bypass_resp_ready_o
      959 |       0 |     544 |        0 |      0 |   138 |    +0.1% |   -2.177 |   -10988.3 |   8692 | tcdm_master_bypass_resp_ready_o
      960 |       0 |     544 |        0 |      0 |   138 |    +0.1% |   -2.177 |   -10988.3 |   8692 | tcdm_master_bypass_resp_ready_o
      961 |       0 |     544 |        0 |      0 |   138 |    +0.1% |   -2.177 |   -10988.3 |   8692 | tcdm_master_bypass_resp_ready_o
      963 |       0 |     544 |        0 |      0 |   138 |    +0.1% |   -2.177 |   -10988.3 |   8692 | tcdm_master_bypass_resp_ready_o
      965 |       0 |     544 |        0 |      0 |   138 |    +0.1% |   -2.177 |   -10988.3 |   8692 | tcdm_master_bypass_resp_ready_o
      967 |       0 |     544 |        0 |      0 |   138 |    +0.1% |   -2.177 |   -10988.3 |   8692 | tcdm_master_bypass_resp_ready_o
      969 |       0 |     544 |        0 |      0 |   138 |    +0.1% |   -2.177 |   -10988.3 |   8692 | tcdm_master_bypass_resp_ready_o
      970 |       0 |     544 |        0 |      0 |   138 |    +0.1% |   -2.177 |   -10988.3 |   8692 | tcdm_master_bypass_resp_ready_o
      971 |       0 |     544 |        0 |      0 |   138 |    +0.1% |   -2.177 |   -10988.3 |   8692 | tcdm_master_bypass_resp_ready_o
      973 |       0 |     544 |        0 |      0 |   138 |    +0.1% |   -2.177 |   -10988.3 |   8692 | tcdm_master_bypass_resp_ready_o
      975 |       0 |     544 |        0 |      0 |   138 |    +0.1% |   -2.177 |   -10988.3 |   8692 | tcdm_master_bypass_resp_ready_o
      977 |       0 |     544 |        0 |      0 |   138 |    +0.1% |   -2.177 |   -10988.3 |   8692 | tcdm_master_bypass_resp_ready_o
      979 |       0 |     544 |        0 |      0 |   138 |    +0.1% |   -2.177 |   -10988.3 |   8692 | tcdm_master_bypass_resp_ready_o
      980 |       0 |     544 |        0 |      0 |   138 |    +0.1% |   -2.177 |   -10988.3 |   8692 | tcdm_master_bypass_resp_ready_o
      981 |       0 |     544 |        0 |      0 |   138 |    +0.1% |   -2.177 |   -10988.3 |   8692 | tcdm_master_bypass_resp_ready_o
      983 |       0 |     544 |        0 |      0 |   138 |    +0.1% |   -2.177 |   -10988.3 |   8692 | tcdm_master_bypass_resp_ready_o
      985 |       0 |     544 |        0 |      0 |   138 |    +0.1% |   -2.177 |   -10988.3 |   8692 | tcdm_master_bypass_resp_ready_o
      987 |       0 |     544 |        0 |      0 |   138 |    +0.1% |   -2.177 |   -10988.3 |   8692 | tcdm_master_bypass_resp_ready_o
      989 |       0 |     544 |        0 |      0 |   138 |    +0.1% |   -2.177 |   -10988.3 |   8692 | tcdm_master_bypass_resp_ready_o
      990 |       0 |     544 |        0 |      0 |   138 |    +0.1% |   -2.177 |   -10988.3 |   8692 | tcdm_master_bypass_resp_ready_o
      991 |       0 |     544 |        0 |      0 |   138 |    +0.1% |   -2.177 |   -10988.3 |   8692 | tcdm_master_bypass_resp_ready_o
      993 |       0 |     544 |        0 |      0 |   138 |    +0.1% |   -2.177 |   -10988.3 |   8692 | tcdm_master_bypass_resp_ready_o
      995 |       0 |     544 |        0 |      0 |   138 |    +0.1% |   -2.177 |   -10988.3 |   8692 | tcdm_master_bypass_resp_ready_o
      997 |       0 |     544 |        0 |      0 |   138 |    +0.1% |   -2.177 |   -10988.3 |   8692 | tcdm_master_bypass_resp_ready_o
      999 |       0 |     544 |        0 |      0 |   138 |    +0.1% |   -2.177 |   -10988.3 |   8692 | tcdm_master_bypass_resp_ready_o
     1000 |       0 |     544 |        0 |      0 |   138 |    +0.1% |   -2.177 |   -10988.3 |   8692 | tcdm_master_bypass_resp_ready_o
     1001 |       0 |     544 |        0 |      0 |   138 |    +0.1% |   -2.177 |   -10988.3 |   8692 | tcdm_master_bypass_resp_ready_o
     1003 |       0 |     544 |        0 |      0 |   138 |    +0.1% |   -2.177 |   -10988.3 |   8692 | tcdm_master_bypass_resp_ready_o
     1005 |       0 |     544 |        0 |      0 |   138 |    +0.1% |   -2.177 |   -10988.3 |   8692 | tcdm_master_bypass_resp_ready_o
     1007 |       0 |     544 |        0 |      0 |   138 |    +0.1% |   -2.177 |   -10988.3 |   8692 | tcdm_master_bypass_resp_ready_o
     1010 |       0 |     546 |        0 |      0 |   138 |    +0.1% |   -2.177 |   -10988.3 |   8692 | tcdm_master_bypass_resp_ready_o
     1020 |       0 |     553 |        0 |      0 |   141 |    +0.1% |   -2.177 |   -10986.4 |   8692 | tcdm_master_bypass_resp_ready_o
     1030 |       0 |     561 |        0 |      0 |   143 |    +0.1% |   -2.177 |   -10984.5 |   8692 | tcdm_master_bypass_resp_ready_o
     1037 |       0 |     561 |        0 |      0 |   143 |    +0.1% |   -2.177 |   -10984.5 |   8692 | tcdm_master_bypass_resp_ready_o
     1040 |       0 |     563 |        0 |      0 |   143 |    +0.1% |   -2.177 |   -10984.7 |   8692 | tcdm_master_bypass_resp_ready_o
     1041 |       0 |     561 |        0 |      0 |   143 |    +0.1% |   -2.177 |   -10984.5 |   8692 | tcdm_master_bypass_resp_ready_o
     1045 |       0 |     561 |        0 |      0 |   143 |    +0.1% |   -2.177 |   -10984.5 |   8692 | tcdm_master_bypass_resp_ready_o
     1049 |       0 |     561 |        0 |      0 |   143 |    +0.1% |   -2.177 |   -10984.5 |   8692 | tcdm_master_bypass_resp_ready_o
     1050 |       0 |     561 |        0 |      0 |   143 |    +0.1% |   -2.177 |   -10984.5 |   8692 | tcdm_master_bypass_resp_ready_o
     1053 |       0 |     561 |        0 |      0 |   143 |    +0.1% |   -2.177 |   -10984.5 |   8692 | tcdm_master_bypass_resp_ready_o
     1057 |       0 |     561 |        0 |      0 |   143 |    +0.1% |   -2.177 |   -10984.5 |   8692 | tcdm_master_bypass_resp_ready_o
     1060 |       0 |     563 |        0 |      0 |   143 |    +0.1% |   -2.177 |   -10984.7 |   8692 | tcdm_master_bypass_resp_ready_o
     1061 |       0 |     561 |        0 |      0 |   143 |    +0.1% |   -2.177 |   -10984.5 |   8692 | tcdm_master_bypass_resp_ready_o
     1065 |       0 |     561 |        0 |      0 |   143 |    +0.1% |   -2.177 |   -10984.5 |   8692 | tcdm_master_bypass_resp_ready_o
     1069 |       0 |     561 |        0 |      0 |   143 |    +0.1% |   -2.177 |   -10984.5 |   8692 | tcdm_master_bypass_resp_ready_o
     1070 |       0 |     561 |        0 |      0 |   143 |    +0.1% |   -2.177 |   -10984.5 |   8692 | tcdm_master_bypass_resp_ready_o
     1076 |       0 |     563 |        0 |      0 |   144 |    +0.1% |   -2.177 |   -10984.2 |   8692 | tcdm_master_bypass_resp_ready_o
     1080 |       0 |     565 |        0 |      0 |   145 |    +0.1% |   -2.177 |   -10983.9 |   8692 | tcdm_master_bypass_resp_ready_o
     1083 |       0 |     565 |        0 |      0 |   145 |    +0.1% |   -2.177 |   -10983.9 |   8692 | tcdm_master_bypass_resp_ready_o
     1090 |       0 |     570 |        0 |      0 |   146 |    +0.1% |   -2.177 |   -10985.5 |   8692 | tcdm_master_bypass_resp_ready_o
     1090 |       0 |     567 |        0 |      0 |   146 |    +0.1% |   -2.177 |   -10983.6 |   8692 | tcdm_master_bypass_resp_ready_o
     1094 |       0 |     567 |        0 |      0 |   146 |    +0.1% |   -2.177 |   -10983.6 |   8692 | tcdm_master_bypass_resp_ready_o
     1098 |       0 |     567 |        0 |      0 |   146 |    +0.1% |   -2.177 |   -10983.6 |   8692 | tcdm_master_bypass_resp_ready_o
     1100 |       0 |     568 |        0 |      0 |   146 |    +0.1% |   -2.177 |   -10983.5 |   8692 | tcdm_master_bypass_resp_ready_o
     1102 |       0 |     567 |        0 |      0 |   146 |    +0.1% |   -2.177 |   -10983.6 |   8692 | tcdm_master_bypass_resp_ready_o
     1106 |       0 |     567 |        0 |      0 |   146 |    +0.1% |   -2.177 |   -10983.6 |   8692 | tcdm_master_bypass_resp_ready_o
     1110 |       0 |     570 |        0 |      0 |   146 |    +0.1% |   -2.177 |   -10985.5 |   8692 | tcdm_master_bypass_resp_ready_o
     1110 |       0 |     567 |        0 |      0 |   146 |    +0.1% |   -2.177 |   -10983.6 |   8692 | tcdm_master_bypass_resp_ready_o
     1114 |       0 |     567 |        0 |      0 |   146 |    +0.1% |   -2.177 |   -10983.6 |   8692 | tcdm_master_bypass_resp_ready_o
     1118 |       0 |     567 |        0 |      0 |   146 |    +0.1% |   -2.177 |   -10983.6 |   8692 | tcdm_master_bypass_resp_ready_o
     1120 |       0 |     568 |        0 |      0 |   146 |    +0.1% |   -2.177 |   -10983.5 |   8692 | tcdm_master_bypass_resp_ready_o
     1122 |       0 |     567 |        0 |      0 |   146 |    +0.1% |   -2.177 |   -10983.6 |   8692 | tcdm_master_bypass_resp_ready_o
     1126 |       0 |     567 |        0 |      0 |   146 |    +0.1% |   -2.177 |   -10983.6 |   8692 | tcdm_master_bypass_resp_ready_o
     1130 |       0 |     570 |        0 |      0 |   146 |    +0.1% |   -2.177 |   -10985.5 |   8692 | tcdm_master_bypass_resp_ready_o
     1130 |       0 |     567 |        0 |      0 |   146 |    +0.1% |   -2.177 |   -10983.6 |   8692 | tcdm_master_bypass_resp_ready_o
     1134 |       0 |     567 |        0 |      0 |   146 |    +0.1% |   -2.177 |   -10983.6 |   8692 | tcdm_master_bypass_resp_ready_o
     1138 |       0 |     567 |        0 |      0 |   146 |    +0.1% |   -2.177 |   -10983.6 |   8692 | tcdm_master_bypass_resp_ready_o
     1140 |       0 |     568 |        0 |      0 |   146 |    +0.1% |   -2.177 |   -10983.5 |   8692 | tcdm_master_bypass_resp_ready_o
     1142 |       0 |     567 |        0 |      0 |   146 |    +0.1% |   -2.177 |   -10983.6 |   8692 | tcdm_master_bypass_resp_ready_o
     1146 |       0 |     567 |        0 |      0 |   146 |    +0.1% |   -2.177 |   -10983.6 |   8692 | tcdm_master_bypass_resp_ready_o
     1150 |       0 |     570 |        0 |      0 |   146 |    +0.1% |   -2.177 |   -10985.5 |   8692 | tcdm_master_bypass_resp_ready_o
     1150 |       0 |     567 |        0 |      0 |   146 |    +0.1% |   -2.177 |   -10983.6 |   8692 | tcdm_master_bypass_resp_ready_o
     1154 |       0 |     567 |        0 |      0 |   146 |    +0.1% |   -2.177 |   -10983.6 |   8692 | tcdm_master_bypass_resp_ready_o
     1158 |       0 |     567 |        0 |      0 |   146 |    +0.1% |   -2.177 |   -10983.6 |   8692 | tcdm_master_bypass_resp_ready_o
     1160 |       0 |     568 |        0 |      0 |   146 |    +0.1% |   -2.177 |   -10983.5 |   8692 | tcdm_master_bypass_resp_ready_o
     1162 |       0 |     567 |        0 |      0 |   146 |    +0.1% |   -2.177 |   -10983.6 |   8692 | tcdm_master_bypass_resp_ready_o
     1166 |       0 |     567 |        0 |      0 |   146 |    +0.1% |   -2.177 |   -10983.6 |   8692 | tcdm_master_bypass_resp_ready_o
     1170 |       0 |     570 |        0 |      0 |   146 |    +0.1% |   -2.177 |   -10985.5 |   8692 | tcdm_master_bypass_resp_ready_o
     1170 |       0 |     567 |        0 |      0 |   146 |    +0.1% |   -2.177 |   -10983.6 |   8692 | tcdm_master_bypass_resp_ready_o
     1174 |       0 |     567 |        0 |      0 |   146 |    +0.1% |   -2.177 |   -10983.6 |   8692 | tcdm_master_bypass_resp_ready_o
     1178 |       0 |     567 |        0 |      0 |   146 |    +0.1% |   -2.177 |   -10983.6 |   8692 | tcdm_master_bypass_resp_ready_o
     1180 |       0 |     568 |        0 |      0 |   146 |    +0.1% |   -2.177 |   -10983.5 |   8692 | tcdm_master_bypass_resp_ready_o
     1182 |       0 |     567 |        0 |      0 |   146 |    +0.1% |   -2.177 |   -10983.6 |   8692 | tcdm_master_bypass_resp_ready_o
     1186 |       0 |     567 |        0 |      0 |   146 |    +0.1% |   -2.177 |   -10983.6 |   8692 | tcdm_master_bypass_resp_ready_o
     1190 |       0 |     570 |        0 |      0 |   146 |    +0.1% |   -2.177 |   -10983.6 |   8692 | tcdm_master_bypass_resp_ready_o
     1200 |       0 |     577 |        0 |      0 |   149 |    +0.1% |   -2.177 |   -10991.3 |   8692 | tcdm_master_bypass_resp_ready_o
     1200 |       0 |     577 |        0 |      0 |   149 |    +0.1% |   -2.177 |   -10991.3 |   8692 | tcdm_master_bypass_resp_ready_o
     1210 |       0 |     583 |        0 |      0 |   152 |    +0.1% |   -2.177 |   -11015.7 |   8692 | tcdm_master_bypass_resp_ready_o
     1213 |       0 |     580 |        0 |      0 |   150 |    +0.1% |   -2.177 |   -10990.1 |   8692 | tcdm_master_bypass_resp_ready_o
     1218 |       0 |     580 |        0 |      0 |   150 |    +0.1% |   -2.177 |   -10990.1 |   8692 | tcdm_master_bypass_resp_ready_o
     1220 |       0 |     581 |        0 |      0 |   150 |    +0.1% |   -2.177 |   -10990.2 |   8692 | tcdm_master_bypass_resp_ready_o
     1223 |       0 |     580 |        0 |      0 |   150 |    +0.1% |   -2.177 |   -10990.1 |   8692 | tcdm_master_bypass_resp_ready_o
     1228 |       0 |     580 |        0 |      0 |   150 |    +0.1% |   -2.177 |   -10990.1 |   8692 | tcdm_master_bypass_resp_ready_o
     1230 |       0 |     581 |        0 |      0 |   150 |    +0.1% |   -2.177 |   -10990.2 |   8692 | tcdm_master_bypass_resp_ready_o
     1233 |       0 |     580 |        0 |      0 |   150 |    +0.1% |   -2.177 |   -10990.1 |   8692 | tcdm_master_bypass_resp_ready_o
     1238 |       0 |     580 |        0 |      0 |   150 |    +0.1% |   -2.177 |   -10990.1 |   8692 | tcdm_master_bypass_resp_ready_o
     1240 |       0 |     581 |        0 |      0 |   150 |    +0.1% |   -2.177 |   -10990.2 |   8692 | tcdm_master_bypass_resp_ready_o
     1243 |       0 |     580 |        0 |      0 |   150 |    +0.1% |   -2.177 |   -10990.1 |   8692 | tcdm_master_bypass_resp_ready_o
     1248 |       0 |     580 |        0 |      0 |   150 |    +0.1% |   -2.177 |   -10990.1 |   8692 | tcdm_master_bypass_resp_ready_o
     1250 |       0 |     581 |        0 |      0 |   150 |    +0.1% |   -2.177 |   -10990.0 |   8692 | tcdm_master_bypass_resp_ready_o
     1256 |       0 |     582 |        0 |      0 |   151 |    +0.1% |   -2.177 |   -10989.8 |   8692 | tcdm_master_bypass_resp_ready_o
     1260 |       0 |     584 |        0 |      0 |   152 |    +0.1% |   -2.177 |   -10989.5 |   8692 | tcdm_master_bypass_resp_ready_o
     1264 |       0 |     584 |        0 |      0 |   152 |    +0.1% |   -2.177 |   -10989.5 |   8692 | tcdm_master_bypass_resp_ready_o
     1270 |       0 |     588 |        0 |      0 |   153 |    +0.1% |   -2.177 |   -11013.9 |   8692 | tcdm_master_bypass_resp_ready_o
     1272 |       0 |     586 |        0 |      0 |   153 |    +0.1% |   -2.177 |   -10989.2 |   8692 | tcdm_master_bypass_resp_ready_o
     1277 |       0 |     586 |        0 |      0 |   153 |    +0.1% |   -2.177 |   -10989.2 |   8692 | tcdm_master_bypass_resp_ready_o
     1280 |       0 |     588 |        0 |      0 |   153 |    +0.1% |   -2.177 |   -11013.9 |   8692 | tcdm_master_bypass_resp_ready_o
     1282 |       0 |     586 |        0 |      0 |   153 |    +0.1% |   -2.177 |   -10989.2 |   8692 | tcdm_master_bypass_resp_ready_o
     1287 |       0 |     586 |        0 |      0 |   153 |    +0.1% |   -2.177 |   -10989.2 |   8692 | tcdm_master_bypass_resp_ready_o
     1290 |       0 |     588 |        0 |      0 |   153 |    +0.1% |   -2.177 |   -11013.9 |   8692 | tcdm_master_bypass_resp_ready_o
     1292 |       0 |     586 |        0 |      0 |   153 |    +0.1% |   -2.177 |   -10989.2 |   8692 | tcdm_master_bypass_resp_ready_o
     1297 |       0 |     586 |        0 |      0 |   153 |    +0.1% |   -2.177 |   -10989.2 |   8692 | tcdm_master_bypass_resp_ready_o
     1300 |       0 |     588 |        0 |      0 |   153 |    +0.1% |   -2.177 |   -11013.9 |   8692 | tcdm_master_bypass_resp_ready_o
     1300 |       0 |     586 |        0 |      0 |   153 |    +0.1% |   -2.177 |   -10989.2 |   8692 | tcdm_master_bypass_resp_ready_o
    final |       0 |     586 |        0 |      0 |   153 |    +0.1% |   -2.177 |   -10989.2 |   8692 | tcdm_master_bypass_resp_ready_o
--------------------------------------------------------------------------------------------------------------
[INFO RSZ-0051] Resized 586 instances: 586 up, 0 up match, 0 down, 0 VT
[INFO RSZ-0043] Swapped pins on 153 instances.
[WARNING RSZ-0062] Unable to repair all setup violations.
Took 443 seconds: repair_timing -setup_margin 0 -hold_margin 0 -repair_tns 100 -setup -skip_last_gasp -sequence unbuffer,sizeup,swap,vt_swap -verbose
Default units for flow
 time 1ns
 capacitance 1fF
 resistance 1kohm
 voltage 1v
 current 1mA
 power 1nW
 distance 1um
   Layer   | Unit Resistance | Unit Capacitance 
           |       (kohm/um) |          (fF/um)
------------------------------------------------
    metal1 |        5.43e-03 |         7.42e-02
    metal2 |        3.71e-03 |         8.34e-02
    metal3 |        3.58e-03 |         1.04e-01
    metal4 |        1.47e-03 |         1.19e-01
    metal5 |        1.49e-03 |         1.09e-01
    metal6 |        1.50e-03 |         1.14e-01
    metal7 |        2.64e-04 |         1.17e-01
    metal8 |        1.89e-04 |         9.45e-02
    metal9 |        3.43e-05 |         1.06e-01
   metal10 |        3.87e-05 |         7.37e-01
------------------------------------------------

   Layer   | Via Resistance 
           |         (kohm) 
----------------------------
      via1 |       5.00e-03 
      via2 |       5.00e-03 
      via3 |       5.00e-03 
      via4 |       3.00e-03 
      via5 |       3.00e-03 
      via6 |       3.00e-03 
      via7 |       1.00e-03 
      via8 |       1.00e-03 
      via9 |       5.00e-04 
----------------------------
Report metrics stage 2, floorplan final...

==========================================================================
floorplan final report_design_area
--------------------------------------------------------------------------
Design area 392093 um^2 34% utilization.
write_db ./results/nangate45/mempool_group/base/2_1_floorplan.odb
write_sdc -no_timestamp ./results/nangate45/mempool_group/base/2_1_floorplan.sdc
Elapsed time: 8:33.05[h:]min:sec. CPU time: user 3373.24 sys 1582.76 (965%). Peak memory: 844648KB.
Log                        Elapsed/s Peak Memory/MB  sha1sum .odb [0:20)
2_1_floorplan                    513            824 12946d2785f5aa20f5c2
/home/piohuang/OpenROAD-flow-scripts/flow/scripts/flow.sh 2_2_floorplan_macro macro_place
Running macro_place.tcl, stage 2_2_floorplan_macro
read_liberty /home/piohuang/OpenROAD-flow-scripts/flow/platforms/nangate45/lib/NangateOpenCellLibrary_typical.lib
read_liberty /home/piohuang/OpenROAD-flow-scripts/flow/platforms/nangate45/lib/fakeram45_256x32.lib
read_liberty /home/piohuang/OpenROAD-flow-scripts/flow/platforms/nangate45/lib/fakeram45_64x64.lib
read_db ./results/nangate45/mempool_group/base/2_1_floorplan.odb
read_sdc ./results/nangate45/mempool_group/base/2_1_floorplan.sdc
source /home/piohuang/OpenROAD-flow-scripts/flow/platforms/nangate45/setRC.tcl
rtl_macro_placer -max_num_level 2 -halo_width 10 -halo_height 10 -min_ar 0.33 -area_weight 0.1 -wirelength_weight 100.0 -outline_weight 100.0 -boundary_weight 50.0 -notch_weight 50.0 -report_directory ./objects/nangate45/mempool_group/base/rtlmp -fence_lx 0.0 -fence_ly 0.0 -fence_ux 0.0 -fence_uy 0.0 -target_util 0.3
Die Area: (0.00, 0.00) (1100.00, 1100.00),  Floorplan Area: (10.07, 12.60) (1089.84, 1089.20)
	Number of std cell instances: 164174
	Area of std cell instances: 291660.22
	Number of macros: 20
	Area of macros: 100432.78
	Default halo (L, B, R, T): (10.00, 10.00, 10.00, 10.00)
	Area of macros with halos: 165419.98
	Area of std cell instances + Area of macros: 392093.01
	Floorplan area: 1162480.38
	Design Utilization: 0.34
	Floorplan Utilization: 0.27
	Manufacturing Grid: 10

[WARNING MPL-0055] Couldn't find a solution for the specified utilization. The utilization was adjusted to 0.3429406.
Took 32 seconds: rtl_macro_placer -max_num_level 2 -halo_width 10 -halo_height 10 -min_ar 0.33 -area_weight 0.1 -wirelength_weight 100.0 -outline_weight 100.0 -boundary_weight 50.0 -notch_weight 50.0 -report_directory ./objects/nangate45/mempool_group/base/rtlmp -fence_lx 0.0 -fence_ly 0.0 -fence_ux 0.0 -fence_uy 0.0 -target_util 0.3
Design area 392093 um^2 34% utilization.
write_db ./results/nangate45/mempool_group/base/2_2_floorplan_macro.odb
Elapsed time: 0:35.87[h:]min:sec. CPU time: user 247.11 sys 0.63 (690%). Peak memory: 425716KB.
Log                        Elapsed/s Peak Memory/MB  sha1sum .odb [0:20)
2_2_floorplan_macro               35            415 ef6fb2eab3f9d749347d
/home/piohuang/OpenROAD-flow-scripts/flow/scripts/flow.sh 2_3_floorplan_tapcell tapcell
Running tapcell.tcl, stage 2_3_floorplan_tapcell
read_liberty /home/piohuang/OpenROAD-flow-scripts/flow/platforms/nangate45/lib/NangateOpenCellLibrary_typical.lib
read_liberty /home/piohuang/OpenROAD-flow-scripts/flow/platforms/nangate45/lib/fakeram45_256x32.lib
read_liberty /home/piohuang/OpenROAD-flow-scripts/flow/platforms/nangate45/lib/fakeram45_64x64.lib
read_db ./results/nangate45/mempool_group/base/2_2_floorplan_macro.odb
read_sdc ./results/nangate45/mempool_group/base/2_1_floorplan.sdc
source /home/piohuang/OpenROAD-flow-scripts/flow/platforms/nangate45/setRC.tcl
[INFO ODB-0303] The initial 769 rows (4370227 sites) were cut with 20 shapes for a total of 1762 rows (3938055 sites).
[INFO TAP-0004] Inserted 1538 endcaps.
[INFO TAP-0005] Inserted 2872 tapcells.
Design area 393794 um^2 34% utilization.
write_db ./results/nangate45/mempool_group/base/2_3_floorplan_tapcell.odb
Elapsed time: 0:02.37[h:]min:sec. CPU time: user 1.47 sys 0.39 (78%). Peak memory: 321972KB.
Log                        Elapsed/s Peak Memory/MB  sha1sum .odb [0:20)
2_3_floorplan_tapcell              2            314 c5e563373efa0a4c6594
/home/piohuang/OpenROAD-flow-scripts/flow/scripts/flow.sh 2_4_floorplan_pdn pdn
Running pdn.tcl, stage 2_4_floorplan_pdn
read_liberty /home/piohuang/OpenROAD-flow-scripts/flow/platforms/nangate45/lib/NangateOpenCellLibrary_typical.lib
read_liberty /home/piohuang/OpenROAD-flow-scripts/flow/platforms/nangate45/lib/fakeram45_256x32.lib
read_liberty /home/piohuang/OpenROAD-flow-scripts/flow/platforms/nangate45/lib/fakeram45_64x64.lib
read_db ./results/nangate45/mempool_group/base/2_3_floorplan_tapcell.odb
read_sdc ./results/nangate45/mempool_group/base/2_1_floorplan.sdc
source /home/piohuang/OpenROAD-flow-scripts/flow/platforms/nangate45/setRC.tcl
[INFO PDN-0001] Inserting grid: grid
[INFO PDN-0001] Inserting grid: CORE_macro_grid_1 - gen_tiles\[0\].i_tile/i_tile/gen_banks\[0\].mem_bank/genblk1.sram_instance
[INFO PDN-0001] Inserting grid: CORE_macro_grid_1 - gen_tiles\[0\].i_tile/i_tile/gen_banks\[10\].mem_bank/genblk1.sram_instance
[INFO PDN-0001] Inserting grid: CORE_macro_grid_1 - gen_tiles\[0\].i_tile/i_tile/gen_banks\[11\].mem_bank/genblk1.sram_instance
[INFO PDN-0001] Inserting grid: CORE_macro_grid_1 - gen_tiles\[0\].i_tile/i_tile/gen_banks\[12\].mem_bank/genblk1.sram_instance
[INFO PDN-0001] Inserting grid: CORE_macro_grid_1 - gen_tiles\[0\].i_tile/i_tile/gen_banks\[13\].mem_bank/genblk1.sram_instance
[INFO PDN-0001] Inserting grid: CORE_macro_grid_1 - gen_tiles\[0\].i_tile/i_tile/gen_banks\[14\].mem_bank/genblk1.sram_instance
[INFO PDN-0001] Inserting grid: CORE_macro_grid_1 - gen_tiles\[0\].i_tile/i_tile/gen_banks\[15\].mem_bank/genblk1.sram_instance
[INFO PDN-0001] Inserting grid: CORE_macro_grid_1 - gen_tiles\[0\].i_tile/i_tile/gen_banks\[1\].mem_bank/genblk1.sram_instance
[INFO PDN-0001] Inserting grid: CORE_macro_grid_1 - gen_tiles\[0\].i_tile/i_tile/gen_banks\[2\].mem_bank/genblk1.sram_instance
[INFO PDN-0001] Inserting grid: CORE_macro_grid_1 - gen_tiles\[0\].i_tile/i_tile/gen_banks\[3\].mem_bank/genblk1.sram_instance
[INFO PDN-0001] Inserting grid: CORE_macro_grid_1 - gen_tiles\[0\].i_tile/i_tile/gen_banks\[4\].mem_bank/genblk1.sram_instance
[INFO PDN-0001] Inserting grid: CORE_macro_grid_1 - gen_tiles\[0\].i_tile/i_tile/gen_banks\[5\].mem_bank/genblk1.sram_instance
[INFO PDN-0001] Inserting grid: CORE_macro_grid_1 - gen_tiles\[0\].i_tile/i_tile/gen_banks\[6\].mem_bank/genblk1.sram_instance
[INFO PDN-0001] Inserting grid: CORE_macro_grid_1 - gen_tiles\[0\].i_tile/i_tile/gen_banks\[7\].mem_bank/genblk1.sram_instance
[INFO PDN-0001] Inserting grid: CORE_macro_grid_1 - gen_tiles\[0\].i_tile/i_tile/gen_banks\[8\].mem_bank/genblk1.sram_instance
[INFO PDN-0001] Inserting grid: CORE_macro_grid_1 - gen_tiles\[0\].i_tile/i_tile/gen_banks\[9\].mem_bank/genblk1.sram_instance
[INFO PDN-0001] Inserting grid: CORE_macro_grid_1 - gen_tiles\[0\].i_tile/i_tile/gen_caches\[0\].i_snitch_icache/i_lookup/i_data/genblk1.fr_sp_instance0
[INFO PDN-0001] Inserting grid: CORE_macro_grid_1 - gen_tiles\[0\].i_tile/i_tile/gen_caches\[0\].i_snitch_icache/i_lookup/i_data/genblk1.fr_sp_instance1
[INFO PDN-0001] Inserting grid: CORE_macro_grid_1 - gen_tiles\[0\].i_tile/i_tile/gen_caches\[0\].i_snitch_icache/i_lookup/i_data/genblk1.fr_sp_instance2
[INFO PDN-0001] Inserting grid: CORE_macro_grid_1 - gen_tiles\[0\].i_tile/i_tile/gen_caches\[0\].i_snitch_icache/i_lookup/i_data/genblk1.fr_sp_instance3
[WARNING PDN-0195] Removing 1 via(s) between metal4 and metal5 at (1003.9800 um, 333.0600 um) for VSS
[WARNING PDN-0195] Removing 1 via(s) between metal4 and metal5 at (1008.4600 um, 333.0600 um) for VSS
[WARNING PDN-0195] Removing 1 via(s) between metal4 and metal5 at (1012.9400 um, 333.0600 um) for VSS
[WARNING PDN-0195] Removing 1 via(s) between metal4 and metal5 at (1017.4200 um, 333.0600 um) for VSS
[WARNING PDN-0195] Removing 1 via(s) between metal4 and metal5 at (1021.9000 um, 333.0600 um) for VSS
[WARNING PDN-0195] Removing 1 via(s) between metal4 and metal5 at (1026.3800 um, 333.0600 um) for VSS
[WARNING PDN-0195] Removing 1 via(s) between metal4 and metal5 at (1030.8600 um, 333.0600 um) for VSS
[WARNING PDN-0195] Removing 1 via(s) between metal4 and metal5 at (1035.3400 um, 333.0600 um) for VSS
[WARNING PDN-0195] Removing 1 via(s) between metal4 and metal5 at (1039.8200 um, 333.0600 um) for VSS
[WARNING PDN-0195] Removing 1 via(s) between metal4 and metal5 at (1044.3000 um, 333.0600 um) for VSS
[WARNING PDN-0195] Removing 1 via(s) between metal4 and metal5 at (1048.7800 um, 333.0600 um) for VSS
[WARNING PDN-0195] Removing 1 via(s) between metal4 and metal5 at (1053.2600 um, 333.0600 um) for VSS
[WARNING PDN-0195] Removing 1 via(s) between metal4 and metal5 at (1057.7400 um, 333.0600 um) for VSS
[WARNING PDN-0195] Removing 1 via(s) between metal4 and metal5 at (1062.2200 um, 333.0600 um) for VSS
[WARNING PDN-0195] Removing 1 via(s) between metal4 and metal5 at (1066.7000 um, 333.0600 um) for VSS
[WARNING PDN-0195] Removing 1 via(s) between metal4 and metal5 at (1071.1800 um, 333.0600 um) for VSS
[WARNING PDN-0195] Removing 1 via(s) between metal4 and metal5 at (1075.6600 um, 333.0600 um) for VSS
[WARNING PDN-0195] Removing 1 via(s) between metal4 and metal5 at (905.3200 um, 991.9700 um) for VSS
[WARNING PDN-0195] Removing 1 via(s) between metal4 and metal5 at (909.8000 um, 991.9700 um) for VSS
[WARNING PDN-0195] Removing 1 via(s) between metal4 and metal5 at (914.2800 um, 991.9700 um) for VSS
[WARNING PDN-0195] Removing 1 via(s) between metal4 and metal5 at (918.7600 um, 991.9700 um) for VSS
[WARNING PDN-0195] Removing 1 via(s) between metal4 and metal5 at (923.2400 um, 991.9700 um) for VSS
[WARNING PDN-0195] Removing 1 via(s) between metal4 and metal5 at (927.7200 um, 991.9700 um) for VSS
[WARNING PDN-0195] Removing 1 via(s) between metal4 and metal5 at (932.2000 um, 991.9700 um) for VSS
[WARNING PDN-0195] Removing 1 via(s) between metal4 and metal5 at (936.6800 um, 991.9700 um) for VSS
[WARNING PDN-0195] Removing 1 via(s) between metal4 and metal5 at (941.1600 um, 991.9700 um) for VSS
[WARNING PDN-0195] Removing 1 via(s) between metal4 and metal5 at (945.6400 um, 991.9700 um) for VSS
[WARNING PDN-0195] Removing 1 via(s) between metal4 and metal5 at (950.1200 um, 991.9700 um) for VSS
[WARNING PDN-0195] Removing 1 via(s) between metal4 and metal5 at (954.6000 um, 991.9700 um) for VSS
[WARNING PDN-0195] Removing 1 via(s) between metal4 and metal5 at (959.0800 um, 991.9700 um) for VSS
[WARNING PDN-0195] Removing 1 via(s) between metal4 and metal5 at (963.5600 um, 991.9700 um) for VSS
[WARNING PDN-0195] Removing 1 via(s) between metal4 and metal5 at (968.0400 um, 991.9700 um) for VSS
[WARNING PDN-0195] Removing 1 via(s) between metal4 and metal5 at (972.5200 um, 991.9700 um) for VSS
[WARNING PDN-0195] Removing 1 via(s) between metal4 and metal5 at (977.0000 um, 991.9700 um) for VSS
[WARNING PDN-0195] Removing 1 via(s) between metal4 and metal5 at (1003.9800 um, 907.6900 um) for VSS
[WARNING PDN-0195] Removing 1 via(s) between metal4 and metal5 at (1008.4600 um, 907.6900 um) for VSS
[WARNING PDN-0195] Removing 1 via(s) between metal4 and metal5 at (1012.9400 um, 907.6900 um) for VSS
[WARNING PDN-0195] Removing 1 via(s) between metal4 and metal5 at (1017.4200 um, 907.6900 um) for VSS
[WARNING PDN-0195] Removing 1 via(s) between metal4 and metal5 at (1021.9000 um, 907.6900 um) for VSS
[WARNING PDN-0195] Removing 1 via(s) between metal4 and metal5 at (1026.3800 um, 907.6900 um) for VSS
[WARNING PDN-0195] Removing 1 via(s) between metal4 and metal5 at (1030.8600 um, 907.6900 um) for VSS
[WARNING PDN-0195] Removing 1 via(s) between metal4 and metal5 at (1035.3400 um, 907.6900 um) for VSS
[WARNING PDN-0195] Removing 1 via(s) between metal4 and metal5 at (1039.8200 um, 907.6900 um) for VSS
[WARNING PDN-0195] Removing 1 via(s) between metal4 and metal5 at (1044.3000 um, 907.6900 um) for VSS
[WARNING PDN-0195] Removing 1 via(s) between metal4 and metal5 at (1048.7800 um, 907.6900 um) for VSS
[WARNING PDN-0195] Removing 1 via(s) between metal4 and metal5 at (1053.2600 um, 907.6900 um) for VSS
[WARNING PDN-0195] Removing 1 via(s) between metal4 and metal5 at (1057.7400 um, 907.6900 um) for VSS
[WARNING PDN-0195] Removing 1 via(s) between metal4 and metal5 at (1062.2200 um, 907.6900 um) for VSS
[WARNING PDN-0195] Removing 1 via(s) between metal4 and metal5 at (1066.7000 um, 907.6900 um) for VSS
[WARNING PDN-0195] Removing 1 via(s) between metal4 and metal5 at (1071.1800 um, 907.6900 um) for VSS
[WARNING PDN-0195] Removing 1 via(s) between metal4 and metal5 at (1075.6600 um, 907.6900 um) for VSS
[WARNING PDN-0195] Removing 1 via(s) between metal4 and metal5 at (24.2500 um, 168.7000 um) for VSS
[WARNING PDN-0195] Removing 1 via(s) between metal4 and metal5 at (28.7300 um, 168.7000 um) for VSS
[WARNING PDN-0195] Removing 1 via(s) between metal4 and metal5 at (33.2100 um, 168.7000 um) for VSS
[WARNING PDN-0195] Removing 1 via(s) between metal4 and metal5 at (37.6900 um, 168.7000 um) for VSS
[WARNING PDN-0195] Removing 1 via(s) between metal4 and metal5 at (42.1700 um, 168.7000 um) for VSS
[WARNING PDN-0195] Removing 1 via(s) between metal4 and metal5 at (46.6500 um, 168.7000 um) for VSS
[WARNING PDN-0195] Removing 1 via(s) between metal4 and metal5 at (51.1300 um, 168.7000 um) for VSS
[WARNING PDN-0195] Removing 1 via(s) between metal4 and metal5 at (55.6100 um, 168.7000 um) for VSS
[WARNING PDN-0195] Removing 1 via(s) between metal4 and metal5 at (60.0900 um, 168.7000 um) for VSS
[WARNING PDN-0195] Removing 1 via(s) between metal4 and metal5 at (64.5700 um, 168.7000 um) for VSS
[WARNING PDN-0195] Removing 1 via(s) between metal4 and metal5 at (69.0500 um, 168.7000 um) for VSS
[WARNING PDN-0195] Removing 1 via(s) between metal4 and metal5 at (73.5300 um, 168.7000 um) for VSS
[WARNING PDN-0195] Removing 1 via(s) between metal4 and metal5 at (78.0100 um, 168.7000 um) for VSS
[WARNING PDN-0195] Removing 1 via(s) between metal4 and metal5 at (82.4900 um, 168.7000 um) for VSS
[WARNING PDN-0195] Removing 1 via(s) between metal4 and metal5 at (86.9700 um, 168.7000 um) for VSS
[WARNING PDN-0195] Removing 1 via(s) between metal4 and metal5 at (91.4500 um, 168.7000 um) for VSS
[WARNING PDN-0195] Removing 1 via(s) between metal4 and metal5 at (95.9300 um, 168.7000 um) for VSS
[WARNING PDN-0195] Removing 1 via(s) between metal4 and metal5 at (1003.9800 um, 84.2800 um) for VSS
[WARNING PDN-0195] Removing 1 via(s) between metal4 and metal5 at (1008.4600 um, 84.2800 um) for VSS
[WARNING PDN-0195] Removing 1 via(s) between metal4 and metal5 at (1012.9400 um, 84.2800 um) for VSS
[WARNING PDN-0195] Removing 1 via(s) between metal4 and metal5 at (1017.4200 um, 84.2800 um) for VSS
[WARNING PDN-0195] Removing 1 via(s) between metal4 and metal5 at (1021.9000 um, 84.2800 um) for VSS
[WARNING PDN-0195] Removing 1 via(s) between metal4 and metal5 at (1026.3800 um, 84.2800 um) for VSS
[WARNING PDN-0195] Removing 1 via(s) between metal4 and metal5 at (1030.8600 um, 84.2800 um) for VSS
[WARNING PDN-0195] Removing 1 via(s) between metal4 and metal5 at (1035.3400 um, 84.2800 um) for VSS
[WARNING PDN-0195] Removing 1 via(s) between metal4 and metal5 at (1039.8200 um, 84.2800 um) for VSS
[WARNING PDN-0195] Removing 1 via(s) between metal4 and metal5 at (1044.3000 um, 84.2800 um) for VSS
[WARNING PDN-0195] Removing 1 via(s) between metal4 and metal5 at (1048.7800 um, 84.2800 um) for VSS
[WARNING PDN-0195] Removing 1 via(s) between metal4 and metal5 at (1053.2600 um, 84.2800 um) for VSS
[WARNING PDN-0195] Removing 1 via(s) between metal4 and metal5 at (1057.7400 um, 84.2800 um) for VSS
[WARNING PDN-0195] Removing 1 via(s) between metal4 and metal5 at (1062.2200 um, 84.2800 um) for VSS
[WARNING PDN-0195] Removing 1 via(s) between metal4 and metal5 at (1066.7000 um, 84.2800 um) for VSS
[WARNING PDN-0195] Removing 1 via(s) between metal4 and metal5 at (1071.1800 um, 84.2800 um) for VSS
[WARNING PDN-0195] Removing 1 via(s) between metal4 and metal5 at (1075.6600 um, 84.2800 um) for VSS
[WARNING PDN-0195] Removing 1 via(s) between metal4 and metal5 at (1003.9800 um, 1076.3900 um) for VSS
[WARNING PDN-0195] Removing 1 via(s) between metal4 and metal5 at (1008.4600 um, 1076.3900 um) for VSS
[WARNING PDN-0195] Removing 1 via(s) between metal4 and metal5 at (1012.9400 um, 1076.3900 um) for VSS
[WARNING PDN-0195] Removing 1 via(s) between metal4 and metal5 at (1017.4200 um, 1076.3900 um) for VSS
[WARNING PDN-0195] Removing 1 via(s) between metal4 and metal5 at (1021.9000 um, 1076.3900 um) for VSS
[WARNING PDN-0195] Removing 1 via(s) between metal4 and metal5 at (1026.3800 um, 1076.3900 um) for VSS
[WARNING PDN-0195] Removing 1 via(s) between metal4 and metal5 at (1030.8600 um, 1076.3900 um) for VSS
[WARNING PDN-0195] Removing 1 via(s) between metal4 and metal5 at (1035.3400 um, 1076.3900 um) for VSS
[WARNING PDN-0195] Removing 1 via(s) between metal4 and metal5 at (1039.8200 um, 1076.3900 um) for VSS
[WARNING PDN-0195] Removing 1 via(s) between metal4 and metal5 at (1044.3000 um, 1076.3900 um) for VSS
[WARNING PDN-0195] Removing 1 via(s) between metal4 and metal5 at (1048.7800 um, 1076.3900 um) for VSS
[WARNING PDN-0195] Removing 1 via(s) between metal4 and metal5 at (1053.2600 um, 1076.3900 um) for VSS
[WARNING PDN-0195] Removing 1 via(s) between metal4 and metal5 at (1057.7400 um, 1076.3900 um) for VSS
[WARNING PDN-0195] Removing 1 via(s) between metal4 and metal5 at (1062.2200 um, 1076.3900 um) for VSS
[WARNING PDN-0195] Removing 1 via(s) between metal4 and metal5 at (1066.7000 um, 1076.3900 um) for VSS
[WARNING PDN-0195] Removing 1 via(s) between metal4 and metal5 at (1071.1800 um, 1076.3900 um) for VSS
[WARNING PDN-0195] Removing 1 via(s) between metal4 and metal5 at (1075.6600 um, 1076.3900 um) for VSS
[WARNING PDN-0195] Removing 1 via(s) between metal4 and metal5 at (24.2500 um, 1076.3900 um) for VSS
[WARNING PDN-0195] Removing 1 via(s) between metal4 and metal5 at (28.7300 um, 1076.3900 um) for VSS
[WARNING PDN-0195] Removing 1 via(s) between metal4 and metal5 at (33.2100 um, 1076.3900 um) for VSS
[WARNING PDN-0195] Removing 1 via(s) between metal4 and metal5 at (37.6900 um, 1076.3900 um) for VSS
[WARNING PDN-0195] Removing 1 via(s) between metal4 and metal5 at (42.1700 um, 1076.3900 um) for VSS
[WARNING PDN-0195] Removing 1 via(s) between metal4 and metal5 at (46.6500 um, 1076.3900 um) for VSS
[WARNING PDN-0195] Removing 1 via(s) between metal4 and metal5 at (51.1300 um, 1076.3900 um) for VSS
[WARNING PDN-0195] Removing 1 via(s) between metal4 and metal5 at (55.6100 um, 1076.3900 um) for VSS
[WARNING PDN-0195] Removing 1 via(s) between metal4 and metal5 at (60.0900 um, 1076.3900 um) for VSS
[WARNING PDN-0195] Removing 1 via(s) between metal4 and metal5 at (64.5700 um, 1076.3900 um) for VSS
[WARNING PDN-0195] Removing 1 via(s) between metal4 and metal5 at (69.0500 um, 1076.3900 um) for VSS
[WARNING PDN-0195] Removing 1 via(s) between metal4 and metal5 at (73.5300 um, 1076.3900 um) for VSS
[WARNING PDN-0195] Removing 1 via(s) between metal4 and metal5 at (78.0100 um, 1076.3900 um) for VSS
[WARNING PDN-0195] Removing 1 via(s) between metal4 and metal5 at (82.4900 um, 1076.3900 um) for VSS
[WARNING PDN-0195] Removing 1 via(s) between metal4 and metal5 at (86.9700 um, 1076.3900 um) for VSS
[WARNING PDN-0195] Removing 1 via(s) between metal4 and metal5 at (91.4500 um, 1076.3900 um) for VSS
[WARNING PDN-0195] Removing 1 via(s) between metal4 and metal5 at (95.9300 um, 1076.3900 um) for VSS
[WARNING PDN-0195] Removing 1 via(s) between metal4 and metal5 at (24.2500 um, 84.2800 um) for VSS
[WARNING PDN-0195] Removing 1 via(s) between metal4 and metal5 at (28.7300 um, 84.2800 um) for VSS
[WARNING PDN-0195] Removing 1 via(s) between metal4 and metal5 at (33.2100 um, 84.2800 um) for VSS
[WARNING PDN-0195] Removing 1 via(s) between metal4 and metal5 at (37.6900 um, 84.2800 um) for VSS
[WARNING PDN-0195] Removing 1 via(s) between metal4 and metal5 at (42.1700 um, 84.2800 um) for VSS
[WARNING PDN-0195] Removing 1 via(s) between metal4 and metal5 at (46.6500 um, 84.2800 um) for VSS
[WARNING PDN-0195] Removing 1 via(s) between metal4 and metal5 at (51.1300 um, 84.2800 um) for VSS
[WARNING PDN-0195] Removing 1 via(s) between metal4 and metal5 at (55.6100 um, 84.2800 um) for VSS
[WARNING PDN-0195] Removing 1 via(s) between metal4 and metal5 at (60.0900 um, 84.2800 um) for VSS
[WARNING PDN-0195] Removing 1 via(s) between metal4 and metal5 at (64.5700 um, 84.2800 um) for VSS
[WARNING PDN-0195] Removing 1 via(s) between metal4 and metal5 at (69.0500 um, 84.2800 um) for VSS
[WARNING PDN-0195] Removing 1 via(s) between metal4 and metal5 at (73.5300 um, 84.2800 um) for VSS
[WARNING PDN-0195] Removing 1 via(s) between metal4 and metal5 at (78.0100 um, 84.2800 um) for VSS
[WARNING PDN-0195] Removing 1 via(s) between metal4 and metal5 at (82.4900 um, 84.2800 um) for VSS
[WARNING PDN-0195] Removing 1 via(s) between metal4 and metal5 at (86.9700 um, 84.2800 um) for VSS
[WARNING PDN-0195] Removing 1 via(s) between metal4 and metal5 at (91.4500 um, 84.2800 um) for VSS
[WARNING PDN-0195] Removing 1 via(s) between metal4 and metal5 at (95.9300 um, 84.2800 um) for VSS
[WARNING PDN-0195] Removing 1 via(s) between metal4 and metal5 at (24.2500 um, 252.9800 um) for VSS
[WARNING PDN-0195] Removing 1 via(s) between metal4 and metal5 at (28.7300 um, 252.9800 um) for VSS
[WARNING PDN-0195] Removing 1 via(s) between metal4 and metal5 at (33.2100 um, 252.9800 um) for VSS
[WARNING PDN-0195] Removing 1 via(s) between metal4 and metal5 at (37.6900 um, 252.9800 um) for VSS
[WARNING PDN-0195] Removing 1 via(s) between metal4 and metal5 at (42.1700 um, 252.9800 um) for VSS
[WARNING PDN-0195] Removing 1 via(s) between metal4 and metal5 at (46.6500 um, 252.9800 um) for VSS
[WARNING PDN-0195] Removing 1 via(s) between metal4 and metal5 at (51.1300 um, 252.9800 um) for VSS
[WARNING PDN-0195] Removing 1 via(s) between metal4 and metal5 at (55.6100 um, 252.9800 um) for VSS
[WARNING PDN-0195] Removing 1 via(s) between metal4 and metal5 at (60.0900 um, 252.9800 um) for VSS
[WARNING PDN-0195] Removing 1 via(s) between metal4 and metal5 at (64.5700 um, 252.9800 um) for VSS
[WARNING PDN-0195] Removing 1 via(s) between metal4 and metal5 at (69.0500 um, 252.9800 um) for VSS
[WARNING PDN-0195] Removing 1 via(s) between metal4 and metal5 at (73.5300 um, 252.9800 um) for VSS
[WARNING PDN-0195] Removing 1 via(s) between metal4 and metal5 at (78.0100 um, 252.9800 um) for VSS
[WARNING PDN-0195] Removing 1 via(s) between metal4 and metal5 at (82.4900 um, 252.9800 um) for VSS
[WARNING PDN-0195] Removing 1 via(s) between metal4 and metal5 at (86.9700 um, 252.9800 um) for VSS
[WARNING PDN-0195] Removing 1 via(s) between metal4 and metal5 at (91.4500 um, 252.9800 um) for VSS
[WARNING PDN-0195] Removing 1 via(s) between metal4 and metal5 at (95.9300 um, 252.9800 um) for VSS
[WARNING PDN-0195] Removing 1 via(s) between metal4 and metal5 at (24.2500 um, 991.9700 um) for VSS
[WARNING PDN-0195] Removing 1 via(s) between metal4 and metal5 at (28.7300 um, 991.9700 um) for VSS
[WARNING PDN-0195] Removing 1 via(s) between metal4 and metal5 at (33.2100 um, 991.9700 um) for VSS
[WARNING PDN-0195] Removing 1 via(s) between metal4 and metal5 at (37.6900 um, 991.9700 um) for VSS
[WARNING PDN-0195] Removing 1 via(s) between metal4 and metal5 at (42.1700 um, 991.9700 um) for VSS
[WARNING PDN-0195] Removing 1 via(s) between metal4 and metal5 at (46.6500 um, 991.9700 um) for VSS
[WARNING PDN-0195] Removing 1 via(s) between metal4 and metal5 at (51.1300 um, 991.9700 um) for VSS
[WARNING PDN-0195] Removing 1 via(s) between metal4 and metal5 at (55.6100 um, 991.9700 um) for VSS
[WARNING PDN-0195] Removing 1 via(s) between metal4 and metal5 at (60.0900 um, 991.9700 um) for VSS
[WARNING PDN-0195] Removing 1 via(s) between metal4 and metal5 at (64.5700 um, 991.9700 um) for VSS
[WARNING PDN-0195] Removing 1 via(s) between metal4 and metal5 at (69.0500 um, 991.9700 um) for VSS
[WARNING PDN-0195] Removing 1 via(s) between metal4 and metal5 at (73.5300 um, 991.9700 um) for VSS
[WARNING PDN-0195] Removing 1 via(s) between metal4 and metal5 at (78.0100 um, 991.9700 um) for VSS
[WARNING PDN-0195] Removing 1 via(s) between metal4 and metal5 at (82.4900 um, 991.9700 um) for VSS
[WARNING PDN-0195] Removing 1 via(s) between metal4 and metal5 at (86.9700 um, 991.9700 um) for VSS
[WARNING PDN-0195] Removing 1 via(s) between metal4 and metal5 at (91.4500 um, 991.9700 um) for VSS
[WARNING PDN-0195] Removing 1 via(s) between metal4 and metal5 at (95.9300 um, 991.9700 um) for VSS
[WARNING PDN-0195] Removing 1 via(s) between metal4 and metal5 at (1003.9800 um, 991.9700 um) for VSS
[WARNING PDN-0195] Removing 1 via(s) between metal4 and metal5 at (1008.4600 um, 991.9700 um) for VSS
[WARNING PDN-0195] Removing 1 via(s) between metal4 and metal5 at (1012.9400 um, 991.9700 um) for VSS
[WARNING PDN-0195] Removing 1 via(s) between metal4 and metal5 at (1017.4200 um, 991.9700 um) for VSS
[WARNING PDN-0195] Removing 1 via(s) between metal4 and metal5 at (1021.9000 um, 991.9700 um) for VSS
[WARNING PDN-0195] Removing 1 via(s) between metal4 and metal5 at (1026.3800 um, 991.9700 um) for VSS
[WARNING PDN-0195] Removing 1 via(s) between metal4 and metal5 at (1030.8600 um, 991.9700 um) for VSS
[WARNING PDN-0195] Removing 1 via(s) between metal4 and metal5 at (1035.3400 um, 991.9700 um) for VSS
[WARNING PDN-0195] Removing 1 via(s) between metal4 and metal5 at (1039.8200 um, 991.9700 um) for VSS
[WARNING PDN-0195] Removing 1 via(s) between metal4 and metal5 at (1044.3000 um, 991.9700 um) for VSS
[WARNING PDN-0195] Removing 1 via(s) between metal4 and metal5 at (1048.7800 um, 991.9700 um) for VSS
[WARNING PDN-0195] Removing 1 via(s) between metal4 and metal5 at (1053.2600 um, 991.9700 um) for VSS
[WARNING PDN-0195] Removing 1 via(s) between metal4 and metal5 at (1057.7400 um, 991.9700 um) for VSS
[WARNING PDN-0195] Removing 1 via(s) between metal4 and metal5 at (1062.2200 um, 991.9700 um) for VSS
[WARNING PDN-0195] Removing 1 via(s) between metal4 and metal5 at (1066.7000 um, 991.9700 um) for VSS
[WARNING PDN-0195] Removing 1 via(s) between metal4 and metal5 at (1071.1800 um, 991.9700 um) for VSS
[WARNING PDN-0195] Removing 1 via(s) between metal4 and metal5 at (1075.6600 um, 991.9700 um) for VSS
[WARNING PDN-0195] Removing 1 via(s) between metal4 and metal5 at (805.7250 um, 1076.3900 um) for VSS
[WARNING PDN-0195] Removing 1 via(s) between metal4 and metal5 at (810.2050 um, 1076.3900 um) for VSS
[WARNING PDN-0195] Removing 1 via(s) between metal4 and metal5 at (814.6850 um, 1076.3900 um) for VSS
[WARNING PDN-0195] Removing 1 via(s) between metal4 and metal5 at (819.1650 um, 1076.3900 um) for VSS
[WARNING PDN-0195] Removing 1 via(s) between metal4 and metal5 at (823.6450 um, 1076.3900 um) for VSS
[WARNING PDN-0195] Removing 1 via(s) between metal4 and metal5 at (828.1250 um, 1076.3900 um) for VSS
[WARNING PDN-0195] Removing 1 via(s) between metal4 and metal5 at (832.6050 um, 1076.3900 um) for VSS
[WARNING PDN-0195] Removing 1 via(s) between metal4 and metal5 at (837.0850 um, 1076.3900 um) for VSS
[WARNING PDN-0195] Removing 1 via(s) between metal4 and metal5 at (841.5650 um, 1076.3900 um) for VSS
[WARNING PDN-0195] Removing 1 via(s) between metal4 and metal5 at (846.0450 um, 1076.3900 um) for VSS
[WARNING PDN-0195] Removing 1 via(s) between metal4 and metal5 at (850.5250 um, 1076.3900 um) for VSS
[WARNING PDN-0195] Removing 1 via(s) between metal4 and metal5 at (855.0050 um, 1076.3900 um) for VSS
[WARNING PDN-0195] Removing 1 via(s) between metal4 and metal5 at (859.4850 um, 1076.3900 um) for VSS
[WARNING PDN-0195] Removing 1 via(s) between metal4 and metal5 at (863.9650 um, 1076.3900 um) for VSS
[WARNING PDN-0195] Removing 1 via(s) between metal4 and metal5 at (868.4450 um, 1076.3900 um) for VSS
[WARNING PDN-0195] Removing 1 via(s) between metal4 and metal5 at (872.9250 um, 1076.3900 um) for VSS
[WARNING PDN-0195] Removing 1 via(s) between metal4 and metal5 at (877.4050 um, 1076.3900 um) for VSS
[WARNING PDN-0195] Removing 1 via(s) between metal4 and metal5 at (905.0000 um, 84.2800 um) for VSS
[WARNING PDN-0195] Removing 1 via(s) between metal4 and metal5 at (909.4800 um, 84.2800 um) for VSS
[WARNING PDN-0195] Removing 1 via(s) between metal4 and metal5 at (913.9600 um, 84.2800 um) for VSS
[WARNING PDN-0195] Removing 1 via(s) between metal4 and metal5 at (918.4400 um, 84.2800 um) for VSS
[WARNING PDN-0195] Removing 1 via(s) between metal4 and metal5 at (922.9200 um, 84.2800 um) for VSS
[WARNING PDN-0195] Removing 1 via(s) between metal4 and metal5 at (927.4000 um, 84.2800 um) for VSS
[WARNING PDN-0195] Removing 1 via(s) between metal4 and metal5 at (931.8800 um, 84.2800 um) for VSS
[WARNING PDN-0195] Removing 1 via(s) between metal4 and metal5 at (936.3600 um, 84.2800 um) for VSS
[WARNING PDN-0195] Removing 1 via(s) between metal4 and metal5 at (940.8400 um, 84.2800 um) for VSS
[WARNING PDN-0195] Removing 1 via(s) between metal4 and metal5 at (945.3200 um, 84.2800 um) for VSS
[WARNING PDN-0195] Removing 1 via(s) between metal4 and metal5 at (949.8000 um, 84.2800 um) for VSS
[WARNING PDN-0195] Removing 1 via(s) between metal4 and metal5 at (954.2800 um, 84.2800 um) for VSS
[WARNING PDN-0195] Removing 1 via(s) between metal4 and metal5 at (958.7600 um, 84.2800 um) for VSS
[WARNING PDN-0195] Removing 1 via(s) between metal4 and metal5 at (963.2400 um, 84.2800 um) for VSS
[WARNING PDN-0195] Removing 1 via(s) between metal4 and metal5 at (967.7200 um, 84.2800 um) for VSS
[WARNING PDN-0195] Removing 1 via(s) between metal4 and metal5 at (972.2000 um, 84.2800 um) for VSS
[WARNING PDN-0195] Removing 1 via(s) between metal4 and metal5 at (976.6800 um, 84.2800 um) for VSS
[WARNING PDN-0195] Removing 1 via(s) between metal4 and metal5 at (905.3200 um, 1076.3900 um) for VSS
[WARNING PDN-0195] Removing 1 via(s) between metal4 and metal5 at (909.8000 um, 1076.3900 um) for VSS
[WARNING PDN-0195] Removing 1 via(s) between metal4 and metal5 at (914.2800 um, 1076.3900 um) for VSS
[WARNING PDN-0195] Removing 1 via(s) between metal4 and metal5 at (918.7600 um, 1076.3900 um) for VSS
[WARNING PDN-0195] Removing 1 via(s) between metal4 and metal5 at (923.2400 um, 1076.3900 um) for VSS
[WARNING PDN-0195] Removing 1 via(s) between metal4 and metal5 at (927.7200 um, 1076.3900 um) for VSS
[WARNING PDN-0195] Removing 1 via(s) between metal4 and metal5 at (932.2000 um, 1076.3900 um) for VSS
[WARNING PDN-0195] Removing 1 via(s) between metal4 and metal5 at (936.6800 um, 1076.3900 um) for VSS
[WARNING PDN-0195] Removing 1 via(s) between metal4 and metal5 at (941.1600 um, 1076.3900 um) for VSS
[WARNING PDN-0195] Removing 1 via(s) between metal4 and metal5 at (945.6400 um, 1076.3900 um) for VSS
[WARNING PDN-0195] Removing 1 via(s) between metal4 and metal5 at (950.1200 um, 1076.3900 um) for VSS
[WARNING PDN-0195] Removing 1 via(s) between metal4 and metal5 at (954.6000 um, 1076.3900 um) for VSS
[WARNING PDN-0195] Removing 1 via(s) between metal4 and metal5 at (959.0800 um, 1076.3900 um) for VSS
[WARNING PDN-0195] Removing 1 via(s) between metal4 and metal5 at (963.5600 um, 1076.3900 um) for VSS
[WARNING PDN-0195] Removing 1 via(s) between metal4 and metal5 at (968.0400 um, 1076.3900 um) for VSS
[WARNING PDN-0195] Removing 1 via(s) between metal4 and metal5 at (972.5200 um, 1076.3900 um) for VSS
[WARNING PDN-0195] Removing 1 via(s) between metal4 and metal5 at (977.0000 um, 1076.3900 um) for VSS
[WARNING PDN-0195] Removing 1 via(s) between metal4 and metal5 at (122.9100 um, 1076.3900 um) for VSS
[WARNING PDN-0195] Removing 1 via(s) between metal4 and metal5 at (127.3900 um, 1076.3900 um) for VSS
[WARNING PDN-0195] Removing 1 via(s) between metal4 and metal5 at (131.8700 um, 1076.3900 um) for VSS
[WARNING PDN-0195] Removing 1 via(s) between metal4 and metal5 at (136.3500 um, 1076.3900 um) for VSS
[WARNING PDN-0195] Removing 1 via(s) between metal4 and metal5 at (140.8300 um, 1076.3900 um) for VSS
[WARNING PDN-0195] Removing 1 via(s) between metal4 and metal5 at (145.3100 um, 1076.3900 um) for VSS
[WARNING PDN-0195] Removing 1 via(s) between metal4 and metal5 at (149.7900 um, 1076.3900 um) for VSS
[WARNING PDN-0195] Removing 1 via(s) between metal4 and metal5 at (154.2700 um, 1076.3900 um) for VSS
[WARNING PDN-0195] Removing 1 via(s) between metal4 and metal5 at (158.7500 um, 1076.3900 um) for VSS
[WARNING PDN-0195] Removing 1 via(s) between metal4 and metal5 at (163.2300 um, 1076.3900 um) for VSS
[WARNING PDN-0195] Removing 1 via(s) between metal4 and metal5 at (167.7100 um, 1076.3900 um) for VSS
[WARNING PDN-0195] Removing 1 via(s) between metal4 and metal5 at (172.1900 um, 1076.3900 um) for VSS
[WARNING PDN-0195] Removing 1 via(s) between metal4 and metal5 at (176.6700 um, 1076.3900 um) for VSS
[WARNING PDN-0195] Removing 1 via(s) between metal4 and metal5 at (181.1500 um, 1076.3900 um) for VSS
[WARNING PDN-0195] Removing 1 via(s) between metal4 and metal5 at (185.6300 um, 1076.3900 um) for VSS
[WARNING PDN-0195] Removing 1 via(s) between metal4 and metal5 at (190.1100 um, 1076.3900 um) for VSS
[WARNING PDN-0195] Removing 1 via(s) between metal4 and metal5 at (194.5900 um, 1076.3900 um) for VSS
[WARNING PDN-0195] Removing 1 via(s) between metal4 and metal5 at (905.3200 um, 907.6900 um) for VSS
[WARNING PDN-0195] Removing 1 via(s) between metal4 and metal5 at (909.8000 um, 907.6900 um) for VSS
[WARNING PDN-0195] Removing 1 via(s) between metal4 and metal5 at (914.2800 um, 907.6900 um) for VSS
[WARNING PDN-0195] Removing 1 via(s) between metal4 and metal5 at (918.7600 um, 907.6900 um) for VSS
[WARNING PDN-0195] Removing 1 via(s) between metal4 and metal5 at (923.2400 um, 907.6900 um) for VSS
[WARNING PDN-0195] Removing 1 via(s) between metal4 and metal5 at (927.7200 um, 907.6900 um) for VSS
[WARNING PDN-0195] Removing 1 via(s) between metal4 and metal5 at (932.2000 um, 907.6900 um) for VSS
[WARNING PDN-0195] Removing 1 via(s) between metal4 and metal5 at (936.6800 um, 907.6900 um) for VSS
[WARNING PDN-0195] Removing 1 via(s) between metal4 and metal5 at (941.1600 um, 907.6900 um) for VSS
[WARNING PDN-0195] Removing 1 via(s) between metal4 and metal5 at (945.6400 um, 907.6900 um) for VSS
[WARNING PDN-0195] Removing 1 via(s) between metal4 and metal5 at (950.1200 um, 907.6900 um) for VSS
[WARNING PDN-0195] Removing 1 via(s) between metal4 and metal5 at (954.6000 um, 907.6900 um) for VSS
[WARNING PDN-0195] Removing 1 via(s) between metal4 and metal5 at (959.0800 um, 907.6900 um) for VSS
[WARNING PDN-0195] Removing 1 via(s) between metal4 and metal5 at (963.5600 um, 907.6900 um) for VSS
[WARNING PDN-0195] Removing 1 via(s) between metal4 and metal5 at (968.0400 um, 907.6900 um) for VSS
[WARNING PDN-0195] Removing 1 via(s) between metal4 and metal5 at (972.5200 um, 907.6900 um) for VSS
[WARNING PDN-0195] Removing 1 via(s) between metal4 and metal5 at (977.0000 um, 907.6900 um) for VSS
source /home/piohuang/OpenROAD-flow-scripts/flow/designs/nangate45/mempool_group/apply_soft_regions_post_pdn.tcl
AUTO_SOFT_REGION: wrote ./objects/nangate45/mempool_group/base/mempool_group_auto_soft_regions.tcl via Python planner.
AUTO_SOFT_REGION: wrote ./reports/nangate45/mempool_group/base/auto_soft_regions.csv
Soft module region: name=auto_gen_tiles__0___i_tile_i_tile_gen_caches__0___i_snitch_icache type=SUGGESTED microns=(207.390 345.895 659.071 797.576) leaf_insts_assigned=33962
Soft module region: name=auto_gen_tiles__0___i_tile_i_tile_i_local_resp_interco type=SUGGESTED microns=(991.940 345.895 1089.840 831.013) leaf_insts_assigned=10492
Soft module region: name=auto_gen_tiles__0___i_tile_i_tile_axi_mst_slice type=SUGGESTED microns=(207.390 181.535 521.580 261.405) leaf_insts_assigned=2270
Soft module region: name=auto_gen_tiles__0___i_tile_i_tile_i_axi_mux type=SUGGESTED microns=(521.580 181.535 705.749 261.405) leaf_insts_assigned=2401
Soft module region: name=auto_gen_tiles__0___i_tile_i_tile_i_snitch_cache_axi_adapter type=SUGGESTED microns=(207.390 797.576 508.841 836.125) leaf_insts_assigned=1464
Soft module region: name=auto_gen_tiles__0___i_tile_i_tile_i_remote_req_interco type=SUGGESTED microns=(508.841 797.576 750.707 836.125) leaf_insts_assigned=1904
Soft module region: name=auto_gen_tiles__0___i_tile_i_tile_gen_banks__0___i_tcdm_adapter type=SUGGESTED microns=(108.730 97.135 207.134 179.205) leaf_insts_assigned=1399
Soft module region: name=auto_gen_tiles__0___i_tile_i_tile_gen_banks__10___i_tcdm_adapter type=SUGGESTED microns=(792.925 97.135 891.329 179.205) leaf_insts_assigned=1399
Soft module region: name=auto_gen_tiles__0___i_tile_i_tile_gen_banks__11___i_tcdm_adapter type=SUGGESTED microns=(10.070 836.125 105.893 920.405) leaf_insts_assigned=1399
Soft module region: name=auto_gen_tiles__0___i_tile_i_tile_gen_banks__12___i_tcdm_adapter type=SUGGESTED microns=(108.730 836.125 204.553 920.405) leaf_insts_assigned=1399
Soft module region: name=auto_gen_tiles__0___i_tile_i_tile_gen_banks__13___i_tcdm_adapter type=SUGGESTED microns=(108.730 920.525 204.553 1004.805) leaf_insts_assigned=1399
Soft module region: name=auto_gen_tiles__0___i_tile_i_tile_gen_banks__14___i_tcdm_adapter type=SUGGESTED microns=(792.925 836.125 888.748 920.405) leaf_insts_assigned=1399
Soft module region: name=auto_gen_tiles__0___i_tile_i_tile_gen_banks__15___i_tcdm_adapter type=SUGGESTED microns=(792.925 920.525 888.748 1004.805) leaf_insts_assigned=1399
Soft module region: name=auto_gen_tiles__0___i_tile_i_tile_gen_banks__1___i_tcdm_adapter type=SUGGESTED microns=(108.730 12.715 204.417 97.115) leaf_insts_assigned=1399
Soft module region: name=auto_gen_tiles__0___i_tile_i_tile_gen_banks__2___i_tcdm_adapter type=SUGGESTED microns=(792.925 12.715 888.612 97.115) leaf_insts_assigned=1399
Soft module region: name=auto_gen_tiles__0___i_tile_i_tile_gen_banks__3___i_tcdm_adapter type=SUGGESTED microns=(207.390 265.815 308.239 345.895) leaf_insts_assigned=1399
Soft module region: name=auto_gen_tiles__0___i_tile_i_tile_gen_banks__4___i_tcdm_adapter type=SUGGESTED microns=(308.239 265.815 409.088 345.895) leaf_insts_assigned=1399
Soft module region: name=auto_gen_tiles__0___i_tile_i_tile_gen_banks__5___i_tcdm_adapter type=SUGGESTED microns=(409.088 265.815 509.937 345.895) leaf_insts_assigned=1399
Soft module region: name=auto_gen_tiles__0___i_tile_i_tile_gen_banks__6___i_tcdm_adapter type=SUGGESTED microns=(509.937 265.815 610.786 345.895) leaf_insts_assigned=1399
Soft module region: name=auto_gen_tiles__0___i_tile_i_tile_gen_banks__7___i_tcdm_adapter type=SUGGESTED microns=(610.786 265.815 711.635 345.895) leaf_insts_assigned=1399
Soft module region: name=auto_gen_tiles__0___i_tile_i_tile_gen_banks__8___i_tcdm_adapter type=SUGGESTED microns=(894.040 345.895 983.907 435.762) leaf_insts_assigned=1399
Soft module region: name=auto_gen_tiles__0___i_tile_i_tile_gen_banks__9___i_tcdm_adapter type=SUGGESTED microns=(894.040 265.815 988.040 345.895) leaf_insts_assigned=1272
Soft module region: name=auto_gen_tiles__0___i_tile_i_tile_i_remote_resp_interco type=SUGGESTED microns=(711.635 265.815 785.808 339.988) leaf_insts_assigned=960
Soft module region: name=auto_gen_tiles__0___i_tile_i_tile_i_snitch_core_axi_adapter type=SUGGESTED microns=(705.749 181.535 776.957 252.744) leaf_insts_assigned=821
Soft module region: name=auto_gen_tiles__0___i_tile_i_tile_i_snitch_demux_data type=SUGGESTED microns=(108.730 181.535 175.977 248.782) leaf_insts_assigned=920
Soft module region: name=auto_gen_tiles__0___i_tile_i_tile_gen_core_mux__2___gen_tcdm_shim_i_tcdm_shim type=SUGGESTED microns=(792.925 181.535 857.125 245.735) leaf_insts_assigned=871
Soft module region: name=auto_gen_tiles__0___i_tile_i_tile_gen_core_mux__1___gen_tcdm_shim_i_tcdm_shim type=SUGGESTED microns=(108.730 265.815 172.708 329.793) leaf_insts_assigned=871
Soft module region: name=auto_gen_tiles__0___i_tile_i_tile_gen_core_mux__0___gen_tcdm_shim_i_tcdm_shim type=SUGGESTED microns=(10.070 265.815 73.803 329.548) leaf_insts_assigned=871
Soft module region: name=auto_gen_tiles__0___i_tile_i_tile_gen_core_mux__3___gen_tcdm_shim_i_tcdm_shim type=SUGGESTED microns=(792.925 265.815 856.644 329.534) leaf_insts_assigned=871
Soft module region: name=auto_gen_tiles__0___i_tile_i_tile_gen_tcdm_registers__1___i_tcdm_master_req_register type=SUGGESTED microns=(894.040 435.762 952.941 494.662) leaf_insts_assigned=324
Soft module region: name=auto_gen_tiles__0___i_tile_i_tile_gen_tcdm_registers__2___i_tcdm_master_req_register type=SUGGESTED microns=(894.040 494.662 952.941 553.563) leaf_insts_assigned=324
Soft module region: name=auto_gen_tiles__0___i_tile_i_tile_gen_tcdm_registers__3___i_tcdm_master_req_register type=SUGGESTED microns=(894.040 553.563 952.941 612.463) leaf_insts_assigned=324
Soft module region: name=auto_gen_tiles__0___i_tile_i_tile_gen_tcdm_registers__0___i_tcdm_master_req_register type=SUGGESTED microns=(894.040 612.463 951.006 669.429) leaf_insts_assigned=304
Soft module region: name=auto_gen_tiles__0___i_tile_i_tile_gen_tcdm_registers__1___i_tcdm_slave_resp_register type=SUGGESTED microns=(894.040 669.429 943.929 719.318) leaf_insts_assigned=233
Soft module region: name=auto_gen_tiles__0___i_tile_i_tile_gen_tcdm_registers__2___i_tcdm_slave_resp_register type=SUGGESTED microns=(894.040 719.318 943.929 769.208) leaf_insts_assigned=233
Soft module region: name=auto_gen_tiles__0___i_tile_i_tile_gen_tcdm_registers__3___i_tcdm_slave_resp_register type=SUGGESTED microns=(894.040 769.208 943.929 819.097) leaf_insts_assigned=233
Soft module region: name=auto_gen_tiles__0___i_tile_i_tile_gen_tcdm_registers__0___i_tcdm_slave_resp_register type=SUGGESTED microns=(951.006 612.463 990.860 669.290) leaf_insts_assigned=213
Soft module region: name=auto_gen_tiles__0___i_tile_i_tile_gen_tcdm_registers__0___i_tcdm_slave_req_register type=SUGGESTED microns=(175.977 181.535 207.390 243.571) leaf_insts_assigned=206
Soft module region: name=auto_gen_tiles__0___i_tile_i_tile_gen_tcdm_registers__1___i_tcdm_slave_req_register type=SUGGESTED microns=(857.125 181.535 891.585 238.085) leaf_insts_assigned=206
Soft module region: name=auto_gen_tiles__0___i_tile_i_tile_gen_tcdm_registers__2___i_tcdm_slave_req_register type=SUGGESTED microns=(172.708 265.815 207.390 322.002) leaf_insts_assigned=206
Soft module region: name=auto_gen_tiles__0___i_tile_i_tile_gen_tcdm_registers__3___i_tcdm_slave_req_register type=SUGGESTED microns=(73.803 265.815 108.730 321.609) leaf_insts_assigned=206
Soft module region: name=auto_i_axi_interco_gen_axi_level_final_i_axi_id_remap type=SUGGESTED microns=(750.707 797.576 790.152 836.125) leaf_insts_assigned=639
Soft module region: name=auto_i_axi_interco_gen_axi_level_final_i_axi_mux type=SUGGESTED microns=(856.644 265.815 890.708 299.880) leaf_insts_assigned=421
Design area 393794 um^2 34% utilization.
write_db ./results/nangate45/mempool_group/base/2_4_floorplan_pdn.odb
Elapsed time: 0:33.03[h:]min:sec. CPU time: user 31.76 sys 0.72 (98%). Peak memory: 518576KB.
Log                        Elapsed/s Peak Memory/MB  sha1sum .odb [0:20)
2_4_floorplan_pdn                 33            506 f6550ffaa2d1f45aa607
cp ./results/nangate45/mempool_group/base/2_4_floorplan_pdn.odb ./results/nangate45/mempool_group/base/2_floorplan.odb
cp ./results/nangate45/mempool_group/base/2_1_floorplan.sdc ./results/nangate45/mempool_group/base/2_floorplan.sdc
/home/piohuang/OpenROAD-flow-scripts/flow/scripts/flow.sh 3_1_place_gp_skip_io global_place_skip_io
Running global_place_skip_io.tcl, stage 3_1_place_gp_skip_io
read_liberty /home/piohuang/OpenROAD-flow-scripts/flow/platforms/nangate45/lib/NangateOpenCellLibrary_typical.lib
read_liberty /home/piohuang/OpenROAD-flow-scripts/flow/platforms/nangate45/lib/fakeram45_256x32.lib
read_liberty /home/piohuang/OpenROAD-flow-scripts/flow/platforms/nangate45/lib/fakeram45_64x64.lib
read_db ./results/nangate45/mempool_group/base/2_floorplan.odb
read_sdc ./results/nangate45/mempool_group/base/2_floorplan.sdc
source /home/piohuang/OpenROAD-flow-scripts/flow/platforms/nangate45/setRC.tcl
global_placement -skip_io -density 0.3 -pad_left 0 -pad_right 0
[INFO GPL-0001] ---- Initialize GPL Main Data Structures
[INFO GPL-0002] DBU: 2000
[INFO GPL-0003] SiteSize: (  0.190  1.400 ) um
[INFO GPL-0004] CoreBBox: ( 10.070 12.600 ) ( 1089.840 1089.200 ) um
[INFO GPL-0036] Movable instances area:     291660.222 um^2
[INFO GPL-0037] Total instances area:       396053.518 um^2
[INFO GPL-0035] Pin density area adjust:     18555.161 um^2
[INFO GPL-0032] ---- Initialize Region: Top-level
[INFO GPL-0006] Number of instances:             92363
[INFO GPL-0007] Movable instances:               79167
[INFO GPL-0008] Fixed instances:                  6416
[INFO GPL-0009] Dummy instances:                  6780
[INFO GPL-0010] Number of nets:                 186888
[INFO GPL-0011] Number of pins:                 584854
[INFO GPL-0012] Die BBox:  (  0.000  0.000 ) ( 1100.000 1100.000 ) um
[INFO GPL-0013] Core BBox: ( 10.070 12.600 ) ( 1089.840 1089.200 ) um
[INFO GPL-0016] Core area:                  1162480.382 um^2
[INFO GPL-0014] Region name: top-level.
[INFO GPL-0015] Region area:                1162480.382 um^2
[INFO GPL-0017] Fixed instances area:       676593.610 um^2
[INFO GPL-0018] Movable instances area:     152101.371 um^2
[INFO GPL-0019] Utilization:                    31.304 %
[INFO GPL-0020] Standard cells area:        152101.371 um^2
[INFO GPL-0021] Large instances area:            0.000 um^2
[INFO GPL-0032] ---- Initialize Region: auto_gen_tiles__0___i_tile_i_tile_gen_caches__0___i_snitch_icache
[INFO GPL-0006] Number of instances:             34745
[INFO GPL-0007] Movable instances:               33962
[INFO GPL-0008] Fixed instances:                     0
[INFO GPL-0009] Dummy instances:                   783
[INFO GPL-0010] Number of nets:                 186888
[INFO GPL-0011] Number of pins:                 584854
[INFO GPL-0012] Die BBox:  (  0.000  0.000 ) ( 1100.000 1100.000 ) um
[INFO GPL-0013] Core BBox: ( 10.070 12.600 ) ( 1089.840 1089.200 ) um
[INFO GPL-0016] Core area:                  1162480.382 um^2
[INFO GPL-0014] Region name: auto_gen_tiles__0___i_tile_i_tile_gen_caches__0___i_snitch_icache.
[INFO GPL-0015] Region area:                204015.726 um^2
[INFO GPL-0017] Fixed instances area:       166070.716 um^2
[INFO GPL-0018] Movable instances area:      63536.702 um^2
[INFO GPL-0019] Utilization:                   167.444 %
[INFO GPL-0020] Standard cells area:         63536.702 um^2
[INFO GPL-0021] Large instances area:            0.000 um^2
[ERROR GPL-0301] Utilization 167.444 % exceeds 100%.
Error: global_place_skip_io.tcl, 15 GPL-0301
Command exited with non-zero status 1
Elapsed time: 0:02.01[h:]min:sec. CPU time: user 1.66 sys 0.32 (99%). Peak memory: 442364KB.
make[1]: *** [Makefile:453: do-3_1_place_gp_skip_io] Error 1
make: *** [Makefile:453: results/nangate45/mempool_group/base/3_1_place_gp_skip_io.odb] Error 2
