from	to	kind	resistance_ohm
0	1	wire	0.00147397
0	20	wire	0.00147397
1	2	wire	0.00147397
1	21	wire	0.00147397
2	3	wire	0.00147397
2	22	wire	0.00147397
3	4	wire	0.00147397
3	23	wire	0.00147397
4	5	wire	0.00147397
4	24	wire	0.00147397
5	6	wire	0.00147397
5	25	wire	0.00147397
6	7	wire	0.00147397
6	26	wire	0.00147397
7	8	wire	0.00147397
7	27	wire	0.00147397
8	9	wire	0.00147397
8	28	wire	0.00147397
9	10	wire	0.00147397
9	29	wire	0.00147397
10	11	wire	0.00147397
10	30	wire	0.00147397
11	12	wire	0.00147397
11	31	wire	0.00147397
12	13	wire	0.00147397
12	32	wire	0.00147397
13	14	wire	0.00147397
13	33	wire	0.00147397
14	15	wire	0.00147397
14	34	wire	0.00147397
15	16	wire	0.00147397
15	35	wire	0.00147397
16	17	wire	0.00147397
16	36	wire	0.00147397
17	18	wire	0.00147397
17	37	wire	0.00147397
18	19	wire	0.00147397
18	38	wire	0.00147397
19	39	wire	0.00147397
20	21	wire	0.00147397
20	40	wire	0.00147397
21	22	wire	0.00147397
21	41	wire	0.00147397
22	23	wire	0.00147397
22	42	wire	0.00147397
23	24	wire	0.00147397
23	43	wire	0.00147397
24	25	wire	0.00147397
24	44	wire	0.00147397
25	26	wire	0.00147397
25	45	wire	0.00147397
26	27	wire	0.00147397
26	46	wire	0.00147397
27	28	wire	0.00147397
27	47	wire	0.00147397
28	29	wire	0.00147397
28	48	wire	0.00147397
29	30	wire	0.00147397
29	49	wire	0.00147397
30	31	wire	0.00147397
30	50	wire	0.00147397
31	32	wire	0.00147397
31	51	wire	0.00147397
32	33	wire	0.00147397
32	52	wire	0.00147397
33	34	wire	0.00147397
33	53	wire	0.00147397
34	35	wire	0.00147397
34	54	wire	0.00147397
35	36	wire	0.00147397
35	55	wire	0.00147397
36	37	wire	0.00147397
36	56	wire	0.00147397
37	38	wire	0.00147397
37	57	wire	0.00147397
38	39	wire	0.00147397
38	58	wire	0.00147397
39	59	wire	0.00147397
40	41	wire	0.00147397
40	60	wire	0.00147397
41	42	wire	0.00147397
41	61	wire	0.00147397
42	43	wire	0.00147397
42	62	wire	0.00147397
43	44	wire	0.00147397
43	63	wire	0.00147397
44	45	wire	0.00147397
44	64	wire	0.00147397
45	46	wire	0.00147397
45	65	wire	0.00147397
46	47	wire	0.00147397
46	66	wire	0.00147397
47	48	wire	0.00147397
47	67	wire	0.00147397
48	49	wire	0.00147397
48	68	wire	0.00147397
49	50	wire	0.00147397
49	69	wire	0.00147397
50	51	wire	0.00147397
50	70	wire	0.00147397
51	52	wire	0.00147397
51	71	wire	0.00147397
52	53	wire	0.00147397
52	72	wire	0.00147397
53	54	wire	0.00147397
53	73	wire	0.00147397
54	55	wire	0.00147397
54	74	wire	0.00147397
55	56	wire	0.00147397
55	75	wire	0.00147397
56	57	wire	0.00147397
56	76	wire	0.00147397
57	58	wire	0.00147397
57	77	wire	0.00147397
58	59	wire	0.00147397
58	78	wire	0.00147397
59	79	wire	0.00147397
60	61	wire	0.00147397
60	80	wire	0.00147397
61	62	wire	0.00147397
61	81	wire	0.00147397
62	63	wire	0.00147397
62	82	wire	0.00147397
63	64	wire	0.00147397
63	83	wire	0.00147397
64	65	wire	0.00147397
64	84	wire	0.00147397
65	66	wire	0.00147397
65	85	wire	0.00147397
66	67	wire	0.00147397
66	86	wire	0.00147397
67	68	wire	0.00147397
67	87	wire	0.00147397
68	69	wire	0.00147397
68	88	wire	0.00147397
69	70	wire	0.00147397
69	89	wire	0.00147397
70	71	wire	0.00147397
70	90	wire	0.00147397
71	72	wire	0.00147397
71	91	wire	0.00147397
72	73	wire	0.00147397
72	92	wire	0.00147397
73	74	wire	0.00147397
73	93	wire	0.00147397
74	75	wire	0.00147397
74	94	wire	0.00147397
75	76	wire	0.00147397
75	95	wire	0.00147397
76	77	wire	0.00147397
76	96	wire	0.00147397
77	78	wire	0.00147397
77	97	wire	0.00147397
78	79	wire	0.00147397
78	98	wire	0.00147397
79	99	wire	0.00147397
80	81	wire	0.00147397
80	100	wire	0.00147397
81	82	wire	0.00147397
81	101	wire	0.00147397
82	83	wire	0.00147397
82	102	wire	0.00147397
83	84	wire	0.00147397
83	103	wire	0.00147397
84	85	wire	0.00147397
84	104	wire	0.00147397
85	86	wire	0.00147397
85	105	wire	0.00147397
86	87	wire	0.00147397
86	106	wire	0.00147397
87	88	wire	0.00147397
87	107	wire	0.00147397
88	89	wire	0.00147397
88	108	wire	0.00147397
89	90	wire	0.00147397
89	109	wire	0.00147397
90	91	wire	0.00147397
90	110	wire	0.00147397
91	92	wire	0.00147397
91	111	wire	0.00147397
92	93	wire	0.00147397
92	112	wire	0.00147397
93	94	wire	0.00147397
93	113	wire	0.00147397
94	95	wire	0.00147397
94	114	wire	0.00147397
95	96	wire	0.00147397
95	115	wire	0.00147397
96	97	wire	0.00147397
96	116	wire	0.00147397
97	98	wire	0.00147397
97	117	wire	0.00147397
98	99	wire	0.00147397
98	118	wire	0.00147397
99	119	wire	0.00147397
100	101	wire	0.00147397
100	120	wire	0.00147397
101	102	wire	0.00147397
101	121	wire	0.00147397
102	103	wire	0.00147397
102	122	wire	0.00147397
103	104	wire	0.00147397
103	123	wire	0.00147397
104	105	wire	0.00147397
104	124	wire	0.00147397
105	106	wire	0.00147397
105	125	wire	0.00147397
106	107	wire	0.00147397
106	126	wire	0.00147397
107	108	wire	0.00147397
107	127	wire	0.00147397
108	109	wire	0.00147397
108	128	wire	0.00147397
109	110	wire	0.00147397
109	129	wire	0.00147397
110	111	wire	0.00147397
110	130	wire	0.00147397
111	112	wire	0.00147397
111	131	wire	0.00147397
112	113	wire	0.00147397
112	132	wire	0.00147397
113	114	wire	0.00147397
113	133	wire	0.00147397
114	115	wire	0.00147397
114	134	wire	0.00147397
115	116	wire	0.00147397
115	135	wire	0.00147397
116	117	wire	0.00147397
116	136	wire	0.00147397
117	118	wire	0.00147397
117	137	wire	0.00147397
118	119	wire	0.00147397
118	138	wire	0.00147397
119	139	wire	0.00147397
120	121	wire	0.00147397
120	140	wire	0.00147397
121	122	wire	0.00147397
121	141	wire	0.00147397
122	123	wire	0.00147397
122	142	wire	0.00147397
123	124	wire	0.00147397
123	143	wire	0.00147397
124	125	wire	0.00147397
124	144	wire	0.00147397
125	126	wire	0.00147397
125	145	wire	0.00147397
126	127	wire	0.00147397
126	146	wire	0.00147397
127	128	wire	0.00147397
127	147	wire	0.00147397
128	129	wire	0.00147397
128	148	wire	0.00147397
129	130	wire	0.00147397
129	149	wire	0.00147397
130	131	wire	0.00147397
130	150	wire	0.00147397
131	132	wire	0.00147397
131	151	wire	0.00147397
132	133	wire	0.00147397
132	152	wire	0.00147397
133	134	wire	0.00147397
133	153	wire	0.00147397
134	135	wire	0.00147397
134	154	wire	0.00147397
135	136	wire	0.00147397
135	155	wire	0.00147397
136	137	wire	0.00147397
136	156	wire	0.00147397
137	138	wire	0.00147397
137	157	wire	0.00147397
138	139	wire	0.00147397
138	158	wire	0.00147397
139	159	wire	0.00147397
140	141	wire	0.00147397
140	160	wire	0.00147397
141	142	wire	0.00147397
141	161	wire	0.00147397
142	143	wire	0.00147397
142	162	wire	0.00147397
143	144	wire	0.00147397
143	163	wire	0.00147397
144	145	wire	0.00147397
144	164	wire	0.00147397
145	146	wire	0.00147397
145	165	wire	0.00147397
146	147	wire	0.00147397
146	166	wire	0.00147397
147	148	wire	0.00147397
147	167	wire	0.00147397
148	149	wire	0.00147397
148	168	wire	0.00147397
149	150	wire	0.00147397
149	169	wire	0.00147397
150	151	wire	0.00147397
150	170	wire	0.00147397
151	152	wire	0.00147397
151	171	wire	0.00147397
152	153	wire	0.00147397
152	172	wire	0.00147397
153	154	wire	0.00147397
153	173	wire	0.00147397
154	155	wire	0.00147397
154	174	wire	0.00147397
155	156	wire	0.00147397
155	175	wire	0.00147397
156	157	wire	0.00147397
156	176	wire	0.00147397
157	158	wire	0.00147397
157	177	wire	0.00147397
158	159	wire	0.00147397
158	178	wire	0.00147397
159	179	wire	0.00147397
160	161	wire	0.00147397
160	180	wire	0.00147397
161	162	wire	0.00147397
161	181	wire	0.00147397
162	163	wire	0.00147397
162	182	wire	0.00147397
163	164	wire	0.00147397
163	183	wire	0.00147397
164	165	wire	0.00147397
164	184	wire	0.00147397
165	166	wire	0.00147397
165	185	wire	0.00147397
166	167	wire	0.00147397
166	186	wire	0.00147397
167	168	wire	0.00147397
167	187	wire	0.00147397
168	169	wire	0.00147397
168	188	wire	0.00147397
169	170	wire	0.00147397
169	189	wire	0.00147397
170	171	wire	0.00147397
170	190	wire	0.00147397
171	172	wire	0.00147397
171	191	wire	0.00147397
172	173	wire	0.00147397
172	192	wire	0.00147397
173	174	wire	0.00147397
173	193	wire	0.00147397
174	175	wire	0.00147397
174	194	wire	0.00147397
175	176	wire	0.00147397
175	195	wire	0.00147397
176	177	wire	0.00147397
176	196	wire	0.00147397
177	178	wire	0.00147397
177	197	wire	0.00147397
178	179	wire	0.00147397
178	198	wire	0.00147397
179	199	wire	0.00147397
180	181	wire	0.00147397
180	200	wire	0.00147397
181	182	wire	0.00147397
181	201	wire	0.00147397
182	183	wire	0.00147397
182	202	wire	0.00147397
183	184	wire	0.00147397
183	203	wire	0.00147397
184	185	wire	0.00147397
184	204	wire	0.00147397
185	186	wire	0.00147397
185	205	wire	0.00147397
186	187	wire	0.00147397
186	206	wire	0.00147397
187	188	wire	0.00147397
187	207	wire	0.00147397
188	189	wire	0.00147397
188	208	wire	0.00147397
189	190	wire	0.00147397
189	209	wire	0.00147397
190	191	wire	0.00147397
190	210	wire	0.00147397
191	192	wire	0.00147397
191	211	wire	0.00147397
192	193	wire	0.00147397
192	212	wire	0.00147397
193	194	wire	0.00147397
193	213	wire	0.00147397
194	195	wire	0.00147397
194	214	wire	0.00147397
195	196	wire	0.00147397
195	215	wire	0.00147397
196	197	wire	0.00147397
196	216	wire	0.00147397
197	198	wire	0.00147397
197	217	wire	0.00147397
198	199	wire	0.00147397
198	218	wire	0.00147397
199	219	wire	0.00147397
200	201	wire	0.00147397
200	220	wire	0.00147397
201	202	wire	0.00147397
201	221	wire	0.00147397
202	203	wire	0.00147397
202	222	wire	0.00147397
203	204	wire	0.00147397
203	223	wire	0.00147397
204	205	wire	0.00147397
204	224	wire	0.00147397
205	206	wire	0.00147397
205	225	wire	0.00147397
206	207	wire	0.00147397
206	226	wire	0.00147397
207	208	wire	0.00147397
207	227	wire	0.00147397
208	209	wire	0.00147397
208	228	wire	0.00147397
209	210	wire	0.00147397
209	229	wire	0.00147397
210	211	wire	0.00147397
210	230	wire	0.00147397
211	212	wire	0.00147397
211	231	wire	0.00147397
212	213	wire	0.00147397
212	232	wire	0.00147397
213	214	wire	0.00147397
213	233	wire	0.00147397
214	215	wire	0.00147397
214	234	wire	0.00147397
215	216	wire	0.00147397
215	235	wire	0.00147397
216	217	wire	0.00147397
216	236	wire	0.00147397
217	218	wire	0.00147397
217	237	wire	0.00147397
218	219	wire	0.00147397
218	238	wire	0.00147397
219	239	wire	0.00147397
220	221	wire	0.00147397
220	240	wire	0.00147397
221	222	wire	0.00147397
221	241	wire	0.00147397
222	223	wire	0.00147397
222	242	wire	0.00147397
223	224	wire	0.00147397
223	243	wire	0.00147397
224	225	wire	0.00147397
224	244	wire	0.00147397
225	226	wire	0.00147397
225	245	wire	0.00147397
226	227	wire	0.00147397
226	246	wire	0.00147397
227	228	wire	0.00147397
227	247	wire	0.00147397
228	229	wire	0.00147397
228	248	wire	0.00147397
229	230	wire	0.00147397
229	249	wire	0.00147397
230	231	wire	0.00147397
230	250	wire	0.00147397
231	232	wire	0.00147397
231	251	wire	0.00147397
232	233	wire	0.00147397
232	252	wire	0.00147397
233	234	wire	0.00147397
233	253	wire	0.00147397
234	235	wire	0.00147397
234	254	wire	0.00147397
235	236	wire	0.00147397
235	255	wire	0.00147397
236	237	wire	0.00147397
236	256	wire	0.00147397
237	238	wire	0.00147397
237	257	wire	0.00147397
238	239	wire	0.00147397
238	258	wire	0.00147397
239	259	wire	0.00147397
240	241	wire	0.00147397
240	260	wire	0.00147397
241	242	wire	0.00147397
241	261	wire	0.00147397
242	243	wire	0.00147397
242	262	wire	0.00147397
243	244	wire	0.00147397
243	263	wire	0.00147397
244	245	wire	0.00147397
244	264	wire	0.00147397
245	246	wire	0.00147397
245	265	wire	0.00147397
246	247	wire	0.00147397
246	266	wire	0.00147397
247	248	wire	0.00147397
247	267	wire	0.00147397
248	249	wire	0.00147397
248	268	wire	0.00147397
249	250	wire	0.00147397
249	269	wire	0.00147397
250	251	wire	0.00147397
250	270	wire	0.00147397
251	252	wire	0.00147397
251	271	wire	0.00147397
252	253	wire	0.00147397
252	272	wire	0.00147397
253	254	wire	0.00147397
253	273	wire	0.00147397
254	255	wire	0.00147397
254	274	wire	0.00147397
255	256	wire	0.00147397
255	275	wire	0.00147397
256	257	wire	0.00147397
256	276	wire	0.00147397
257	258	wire	0.00147397
257	277	wire	0.00147397
258	259	wire	0.00147397
258	278	wire	0.00147397
259	279	wire	0.00147397
260	261	wire	0.00147397
260	280	wire	0.00147397
261	262	wire	0.00147397
261	281	wire	0.00147397
262	263	wire	0.00147397
262	282	wire	0.00147397
263	264	wire	0.00147397
263	283	wire	0.00147397
264	265	wire	0.00147397
264	284	wire	0.00147397
265	266	wire	0.00147397
265	285	wire	0.00147397
266	267	wire	0.00147397
266	286	wire	0.00147397
267	268	wire	0.00147397
267	287	wire	0.00147397
268	269	wire	0.00147397
268	288	wire	0.00147397
269	270	wire	0.00147397
269	289	wire	0.00147397
270	271	wire	0.00147397
270	290	wire	0.00147397
271	272	wire	0.00147397
271	291	wire	0.00147397
272	273	wire	0.00147397
272	292	wire	0.00147397
273	274	wire	0.00147397
273	293	wire	0.00147397
274	275	wire	0.00147397
274	294	wire	0.00147397
275	276	wire	0.00147397
275	295	wire	0.00147397
276	277	wire	0.00147397
276	296	wire	0.00147397
277	278	wire	0.00147397
277	297	wire	0.00147397
278	279	wire	0.00147397
278	298	wire	0.00147397
279	299	wire	0.00147397
280	281	wire	0.00147397
280	300	wire	0.00147397
281	282	wire	0.00147397
281	301	wire	0.00147397
282	283	wire	0.00147397
282	302	wire	0.00147397
283	284	wire	0.00147397
283	303	wire	0.00147397
284	285	wire	0.00147397
284	304	wire	0.00147397
285	286	wire	0.00147397
285	305	wire	0.00147397
286	287	wire	0.00147397
286	306	wire	0.00147397
287	288	wire	0.00147397
287	307	wire	0.00147397
288	289	wire	0.00147397
288	308	wire	0.00147397
289	290	wire	0.00147397
289	309	wire	0.00147397
290	291	wire	0.00147397
290	310	wire	0.00147397
291	292	wire	0.00147397
291	311	wire	0.00147397
292	293	wire	0.00147397
292	312	wire	0.00147397
293	294	wire	0.00147397
293	313	wire	0.00147397
294	295	wire	0.00147397
294	314	wire	0.00147397
295	296	wire	0.00147397
295	315	wire	0.00147397
296	297	wire	0.00147397
296	316	wire	0.00147397
297	298	wire	0.00147397
297	317	wire	0.00147397
298	299	wire	0.00147397
298	318	wire	0.00147397
299	319	wire	0.00147397
300	301	wire	0.00147397
300	320	wire	0.00147397
301	302	wire	0.00147397
301	321	wire	0.00147397
302	303	wire	0.00147397
302	322	wire	0.00147397
303	304	wire	0.00147397
303	323	wire	0.00147397
304	305	wire	0.00147397
304	324	wire	0.00147397
305	306	wire	0.00147397
305	325	wire	0.00147397
306	307	wire	0.00147397
306	326	wire	0.00147397
307	308	wire	0.00147397
307	327	wire	0.00147397
308	309	wire	0.00147397
308	328	wire	0.00147397
309	310	wire	0.00147397
309	329	wire	0.00147397
310	311	wire	0.00147397
310	330	wire	0.00147397
311	312	wire	0.00147397
311	331	wire	0.00147397
312	313	wire	0.00147397
312	332	wire	0.00147397
313	314	wire	0.00147397
313	333	wire	0.00147397
314	315	wire	0.00147397
314	334	wire	0.00147397
315	316	wire	0.00147397
315	335	wire	0.00147397
316	317	wire	0.00147397
316	336	wire	0.00147397
317	318	wire	0.00147397
317	337	wire	0.00147397
318	319	wire	0.00147397
318	338	wire	0.00147397
319	339	wire	0.00147397
320	321	wire	0.00147397
320	340	wire	0.00147397
321	322	wire	0.00147397
321	341	wire	0.00147397
322	323	wire	0.00147397
322	342	wire	0.00147397
323	324	wire	0.00147397
323	343	wire	0.00147397
324	325	wire	0.00147397
324	344	wire	0.00147397
325	326	wire	0.00147397
325	345	wire	0.00147397
326	327	wire	0.00147397
326	346	wire	0.00147397
327	328	wire	0.00147397
327	347	wire	0.00147397
328	329	wire	0.00147397
328	348	wire	0.00147397
329	330	wire	0.00147397
329	349	wire	0.00147397
330	331	wire	0.00147397
330	350	wire	0.00147397
331	332	wire	0.00147397
331	351	wire	0.00147397
332	333	wire	0.00147397
332	352	wire	0.00147397
333	334	wire	0.00147397
333	353	wire	0.00147397
334	335	wire	0.00147397
334	354	wire	0.00147397
335	336	wire	0.00147397
335	355	wire	0.00147397
336	337	wire	0.00147397
336	356	wire	0.00147397
337	338	wire	0.00147397
337	357	wire	0.00147397
338	339	wire	0.00147397
338	358	wire	0.00147397
339	359	wire	0.00147397
340	341	wire	0.00147397
340	360	wire	0.00147397
341	342	wire	0.00147397
341	361	wire	0.00147397
342	343	wire	0.00147397
342	362	wire	0.00147397
343	344	wire	0.00147397
343	363	wire	0.00147397
344	345	wire	0.00147397
344	364	wire	0.00147397
345	346	wire	0.00147397
345	365	wire	0.00147397
346	347	wire	0.00147397
346	366	wire	0.00147397
347	348	wire	0.00147397
347	367	wire	0.00147397
348	349	wire	0.00147397
348	368	wire	0.00147397
349	350	wire	0.00147397
349	369	wire	0.00147397
350	351	wire	0.00147397
350	370	wire	0.00147397
351	352	wire	0.00147397
351	371	wire	0.00147397
352	353	wire	0.00147397
352	372	wire	0.00147397
353	354	wire	0.00147397
353	373	wire	0.00147397
354	355	wire	0.00147397
354	374	wire	0.00147397
355	356	wire	0.00147397
355	375	wire	0.00147397
356	357	wire	0.00147397
356	376	wire	0.00147397
357	358	wire	0.00147397
357	377	wire	0.00147397
358	359	wire	0.00147397
358	378	wire	0.00147397
359	379	wire	0.00147397
360	361	wire	0.00147397
360	380	wire	0.00147397
361	362	wire	0.00147397
361	381	wire	0.00147397
362	363	wire	0.00147397
362	382	wire	0.00147397
363	364	wire	0.00147397
363	383	wire	0.00147397
364	365	wire	0.00147397
364	384	wire	0.00147397
365	366	wire	0.00147397
365	385	wire	0.00147397
366	367	wire	0.00147397
366	386	wire	0.00147397
367	368	wire	0.00147397
367	387	wire	0.00147397
368	369	wire	0.00147397
368	388	wire	0.00147397
369	370	wire	0.00147397
369	389	wire	0.00147397
370	371	wire	0.00147397
370	390	wire	0.00147397
371	372	wire	0.00147397
371	391	wire	0.00147397
372	373	wire	0.00147397
372	392	wire	0.00147397
373	374	wire	0.00147397
373	393	wire	0.00147397
374	375	wire	0.00147397
374	394	wire	0.00147397
375	376	wire	0.00147397
375	395	wire	0.00147397
376	377	wire	0.00147397
376	396	wire	0.00147397
377	378	wire	0.00147397
377	397	wire	0.00147397
378	379	wire	0.00147397
378	398	wire	0.00147397
379	399	wire	0.00147397
380	381	wire	0.00147397
381	382	wire	0.00147397
382	383	wire	0.00147397
383	384	wire	0.00147397
384	385	wire	0.00147397
385	386	wire	0.00147397
386	387	wire	0.00147397
387	388	wire	0.00147397
388	389	wire	0.00147397
389	390	wire	0.00147397
390	391	wire	0.00147397
391	392	wire	0.00147397
392	393	wire	0.00147397
393	394	wire	0.00147397
394	395	wire	0.00147397
395	396	wire	0.00147397
396	397	wire	0.00147397
397	398	wire	0.00147397
398	399	wire	0.00147397
400	401	wire	0.0160285
401	402	wire	0.0160285
402	403	wire	0.0160285
403	404	wire	0.0160285
404	405	wire	0.0160285
405	406	wire	0.0160285
406	407	wire	0.0160285
407	408	wire	0.0160285
408	409	wire	0.0160285
409	410	wire	0.0160285
410	411	wire	0.0160285
411	412	wire	0.0160285
412	413	wire	0.0160285
413	414	wire	0.0160285
414	415	wire	0.0160285
415	416	wire	0.0160285
416	417	wire	0.0160285
417	418	wire	0.0160285
418	419	wire	0.0160285
419	420	wire	0.0160285
420	421	wire	0.0160285
421	422	wire	0.0160285
422	423	wire	0.0160285
423	424	wire	0.0160285
424	425	wire	0.0160285
425	426	wire	0.0160285
426	427	wire	0.0160285
427	428	wire	0.0160285
428	429	wire	0.0160285
429	430	wire	0.0160285
430	431	wire	0.0160285
431	432	wire	0.0160285
432	433	wire	0.0160285
433	434	wire	0.0160285
434	435	wire	0.0160285
435	436	wire	0.0160285
436	437	wire	0.0160285
437	438	wire	0.0160285
438	439	wire	0.0160285
439	440	wire	0.0160285
440	441	wire	0.0160285
441	442	wire	0.0160285
442	443	wire	0.0160285
443	444	wire	0.0160285
444	445	wire	0.0160285
445	446	wire	0.0160285
446	447	wire	0.0160285
447	448	wire	0.0160285
448	449	wire	0.0160285
449	450	wire	0.0160285
450	451	wire	0.0160285
451	452	wire	0.0160285
452	453	wire	0.0160285
453	454	wire	0.0160285
454	455	wire	0.0160285
455	456	wire	0.0160285
456	457	wire	0.0160285
457	458	wire	0.0160285
458	459	wire	0.0160285
459	460	wire	0.0160285
460	461	wire	0.0160285
461	462	wire	0.0160285
462	463	wire	0.0160285
463	464	wire	0.0160285
464	465	wire	0.0160285
465	466	wire	0.0160285
466	467	wire	0.0160285
467	468	wire	0.0160285
468	469	wire	0.0160285
469	470	wire	0.0160285
470	471	wire	0.0160285
471	472	wire	0.0160285
472	473	wire	0.0160285
473	474	wire	0.0160285
474	475	wire	0.0160285
475	476	wire	0.0160285
476	477	wire	0.0160285
477	478	wire	0.0160285
478	479	wire	0.0160285
479	480	wire	0.0160285
480	481	wire	0.0160285
481	482	wire	0.0160285
482	483	wire	0.0160285
483	484	wire	0.0160285
484	485	wire	0.0160285
485	486	wire	0.0160285
486	487	wire	0.0160285
487	488	wire	0.0160285
488	489	wire	0.0160285
489	490	wire	0.0160285
490	491	wire	0.0160285
491	492	wire	0.0160285
492	493	wire	0.0160285
493	494	wire	0.0160285
494	495	wire	0.0160285
495	496	wire	0.0160285
496	497	wire	0.0160285
497	498	wire	0.0160285
498	499	wire	0.0160285
499	500	wire	0.0160285
500	501	wire	0.0160285
501	502	wire	0.0160285
502	503	wire	0.0160285
503	504	wire	0.0160285
504	505	wire	0.0160285
505	506	wire	0.0160285
506	507	wire	0.0160285
507	508	wire	0.0160285
509	510	wire	0.0160285
510	511	wire	0.0160285
511	512	wire	0.0160285
512	513	wire	0.0160285
513	514	wire	0.0160285
514	515	wire	0.0160285
515	516	wire	0.0160285
516	517	wire	0.0160285
517	518	wire	0.0160285
518	519	wire	0.0160285
519	520	wire	0.0160285
520	521	wire	0.0160285
521	522	wire	0.0160285
522	523	wire	0.0160285
523	524	wire	0.0160285
524	525	wire	0.0160285
525	526	wire	0.0160285
526	527	wire	0.0160285
527	528	wire	0.0160285
528	529	wire	0.0160285
529	530	wire	0.0160285
530	531	wire	0.0160285
531	532	wire	0.0160285
532	533	wire	0.0160285
533	534	wire	0.0160285
534	535	wire	0.0160285
535	536	wire	0.0160285
536	537	wire	0.0160285
537	538	wire	0.0160285
538	539	wire	0.0160285
539	540	wire	0.0160285
540	541	wire	0.0160285
541	542	wire	0.0160285
542	543	wire	0.0160285
543	544	wire	0.0160285
544	545	wire	0.0160285
545	546	wire	0.0160285
546	547	wire	0.0160285
547	548	wire	0.0160285
548	549	wire	0.0160285
549	550	wire	0.0160285
550	551	wire	0.0160285
551	552	wire	0.0160285
552	553	wire	0.0160285
553	554	wire	0.0160285
554	555	wire	0.0160285
555	556	wire	0.0160285
556	557	wire	0.0160285
557	558	wire	0.0160285
558	559	wire	0.0160285
559	560	wire	0.0160285
560	561	wire	0.0160285
561	562	wire	0.0160285
562	563	wire	0.0160285
563	564	wire	0.0160285
564	565	wire	0.0160285
565	566	wire	0.0160285
566	567	wire	0.0160285
567	568	wire	0.0160285
568	569	wire	0.0160285
569	570	wire	0.0160285
570	571	wire	0.0160285
571	572	wire	0.0160285
572	573	wire	0.0160285
573	574	wire	0.0160285
574	575	wire	0.0160285
575	576	wire	0.0160285
576	577	wire	0.0160285
577	578	wire	0.0160285
578	579	wire	0.0160285
579	580	wire	0.0160285
580	581	wire	0.0160285
581	582	wire	0.0160285
582	583	wire	0.0160285
583	584	wire	0.0160285
584	585	wire	0.0160285
585	586	wire	0.0160285
586	587	wire	0.0160285
587	588	wire	0.0160285
588	589	wire	0.0160285
589	590	wire	0.0160285
590	591	wire	0.0160285
591	592	wire	0.0160285
592	593	wire	0.0160285
593	594	wire	0.0160285
594	595	wire	0.0160285
595	596	wire	0.0160285
596	597	wire	0.0160285
597	598	wire	0.0160285
598	599	wire	0.0160285
599	600	wire	0.0160285
600	601	wire	0.0160285
601	602	wire	0.0160285
602	603	wire	0.0160285
603	604	wire	0.0160285
604	605	wire	0.0160285
605	606	wire	0.0160285
606	607	wire	0.0160285
607	608	wire	0.0160285
608	609	wire	0.0160285
609	610	wire	0.0160285
610	611	wire	0.0160285
611	612	wire	0.0160285
612	613	wire	0.0160285
613	614	wire	0.0160285
614	615	wire	0.0160285
615	616	wire	0.0160285
616	617	wire	0.0160285
618	619	wire	0.0160285
619	620	wire	0.0160285
620	621	wire	0.0160285
621	622	wire	0.0160285
622	623	wire	0.0160285
623	624	wire	0.0160285
624	625	wire	0.0160285
625	626	wire	0.0160285
626	627	wire	0.0160285
627	628	wire	0.0160285
628	629	wire	0.0160285
629	630	wire	0.0160285
630	631	wire	0.0160285
631	632	wire	0.0160285
632	633	wire	0.0160285
633	634	wire	0.0160285
634	635	wire	0.0160285
635	636	wire	0.0160285
636	637	wire	0.0160285
637	638	wire	0.0160285
638	639	wire	0.0160285
639	640	wire	0.0160285
640	641	wire	0.0160285
641	642	wire	0.0160285
642	643	wire	0.0160285
643	644	wire	0.0160285
644	645	wire	0.0160285
645	646	wire	0.0160285
646	647	wire	0.0160285
647	648	wire	0.0160285
648	649	wire	0.0160285
649	650	wire	0.0160285
650	651	wire	0.0160285
651	652	wire	0.0160285
652	653	wire	0.0160285
653	654	wire	0.0160285
654	655	wire	0.0160285
655	656	wire	0.0160285
656	657	wire	0.0160285
657	658	wire	0.0160285
658	659	wire	0.0160285
659	660	wire	0.0160285
660	661	wire	0.0160285
661	662	wire	0.0160285
662	663	wire	0.0160285
663	664	wire	0.0160285
664	665	wire	0.0160285
665	666	wire	0.0160285
666	667	wire	0.0160285
667	668	wire	0.0160285
668	669	wire	0.0160285
669	670	wire	0.0160285
670	671	wire	0.0160285
671	672	wire	0.0160285
672	673	wire	0.0160285
673	674	wire	0.0160285
674	675	wire	0.0160285
675	676	wire	0.0160285
676	677	wire	0.0160285
677	678	wire	0.0160285
678	679	wire	0.0160285
679	680	wire	0.0160285
680	681	wire	0.0160285
681	682	wire	0.0160285
682	683	wire	0.0160285
683	684	wire	0.0160285
684	685	wire	0.0160285
685	686	wire	0.0160285
686	687	wire	0.0160285
687	688	wire	0.0160285
688	689	wire	0.0160285
689	690	wire	0.0160285
690	691	wire	0.0160285
691	692	wire	0.0160285
692	693	wire	0.0160285
693	694	wire	0.0160285
694	695	wire	0.0160285
695	696	wire	0.0160285
696	697	wire	0.0160285
697	698	wire	0.0160285
698	699	wire	0.0160285
699	700	wire	0.0160285
700	701	wire	0.0160285
701	702	wire	0.0160285
702	703	wire	0.0160285
703	704	wire	0.0160285
704	705	wire	0.0160285
705	706	wire	0.0160285
706	707	wire	0.0160285
707	708	wire	0.0160285
708	709	wire	0.0160285
709	710	wire	0.0160285
710	711	wire	0.0160285
711	712	wire	0.0160285
712	713	wire	0.0160285
713	714	wire	0.0160285
714	715	wire	0.0160285
715	716	wire	0.0160285
716	717	wire	0.0160285
717	718	wire	0.0160285
718	719	wire	0.0160285
719	720	wire	0.0160285
720	721	wire	0.0160285
721	722	wire	0.0160285
722	723	wire	0.0160285
723	724	wire	0.0160285
724	725	wire	0.0160285
725	726	wire	0.0160285
727	728	wire	0.0160285
728	729	wire	0.0160285
729	730	wire	0.0160285
730	731	wire	0.0160285
731	732	wire	0.0160285
732	733	wire	0.0160285
733	734	wire	0.0160285
734	735	wire	0.0160285
735	736	wire	0.0160285
736	737	wire	0.0160285
737	738	wire	0.0160285
738	739	wire	0.0160285
739	740	wire	0.0160285
740	741	wire	0.0160285
741	742	wire	0.0160285
742	743	wire	0.0160285
743	744	wire	0.0160285
744	745	wire	0.0160285
745	746	wire	0.0160285
746	747	wire	0.0160285
747	748	wire	0.0160285
748	749	wire	0.0160285
749	750	wire	0.0160285
750	751	wire	0.0160285
751	752	wire	0.0160285
752	753	wire	0.0160285
753	754	wire	0.0160285
754	755	wire	0.0160285
755	756	wire	0.0160285
756	757	wire	0.0160285
757	758	wire	0.0160285
758	759	wire	0.0160285
759	760	wire	0.0160285
760	761	wire	0.0160285
761	762	wire	0.0160285
762	763	wire	0.0160285
763	764	wire	0.0160285
764	765	wire	0.0160285
765	766	wire	0.0160285
766	767	wire	0.0160285
767	768	wire	0.0160285
768	769	wire	0.0160285
769	770	wire	0.0160285
770	771	wire	0.0160285
771	772	wire	0.0160285
772	773	wire	0.0160285
773	774	wire	0.0160285
774	775	wire	0.0160285
775	776	wire	0.0160285
776	777	wire	0.0160285
777	778	wire	0.0160285
778	779	wire	0.0160285
779	780	wire	0.0160285
780	781	wire	0.0160285
781	782	wire	0.0160285
782	783	wire	0.0160285
783	784	wire	0.0160285
784	785	wire	0.0160285
785	786	wire	0.0160285
786	787	wire	0.0160285
787	788	wire	0.0160285
788	789	wire	0.0160285
789	790	wire	0.0160285
790	791	wire	0.0160285
791	792	wire	0.0160285
792	793	wire	0.0160285
793	794	wire	0.0160285
794	795	wire	0.0160285
795	796	wire	0.0160285
796	797	wire	0.0160285
797	798	wire	0.0160285
798	799	wire	0.0160285
799	800	wire	0.0160285
800	801	wire	0.0160285
801	802	wire	0.0160285
802	803	wire	0.0160285
803	804	wire	0.0160285
804	805	wire	0.0160285
805	806	wire	0.0160285
806	807	wire	0.0160285
807	808	wire	0.0160285
808	809	wire	0.0160285
809	810	wire	0.0160285
810	811	wire	0.0160285
811	812	wire	0.0160285
812	813	wire	0.0160285
813	814	wire	0.0160285
814	815	wire	0.0160285
815	816	wire	0.0160285
816	817	wire	0.0160285
817	818	wire	0.0160285
818	819	wire	0.0160285
819	820	wire	0.0160285
820	821	wire	0.0160285
821	822	wire	0.0160285
822	823	wire	0.0160285
823	824	wire	0.0160285
824	825	wire	0.0160285
825	826	wire	0.0160285
826	827	wire	0.0160285
827	828	wire	0.0160285
828	829	wire	0.0160285
829	830	wire	0.0160285
830	831	wire	0.0160285
831	832	wire	0.0160285
832	833	wire	0.0160285
833	834	wire	0.0160285
834	835	wire	0.0160285
836	837	wire	0.0160285
837	838	wire	0.0160285
838	839	wire	0.0160285
839	840	wire	0.0160285
840	841	wire	0.0160285
841	842	wire	0.0160285
842	843	wire	0.0160285
843	844	wire	0.0160285
844	845	wire	0.0160285
845	846	wire	0.0160285
846	847	wire	0.0160285
847	848	wire	0.0160285
848	849	wire	0.0160285
849	850	wire	0.0160285
850	851	wire	0.0160285
851	852	wire	0.0160285
852	853	wire	0.0160285
853	854	wire	0.0160285
854	855	wire	0.0160285
855	856	wire	0.0160285
856	857	wire	0.0160285
857	858	wire	0.0160285
858	859	wire	0.0160285
859	860	wire	0.0160285
860	861	wire	0.0160285
861	862	wire	0.0160285
862	863	wire	0.0160285
863	864	wire	0.0160285
864	865	wire	0.0160285
865	866	wire	0.0160285
866	867	wire	0.0160285
867	868	wire	0.0160285
868	869	wire	0.0160285
869	870	wire	0.0160285
870	871	wire	0.0160285
871	872	wire	0.0160285
872	873	wire	0.0160285
873	874	wire	0.0160285
874	875	wire	0.0160285
875	876	wire	0.0160285
876	877	wire	0.0160285
877	878	wire	0.0160285
878	879	wire	0.0160285
879	880	wire	0.0160285
880	881	wire	0.0160285
881	882	wire	0.0160285
882	883	wire	0.0160285
883	884	wire	0.0160285
884	885	wire	0.0160285
885	886	wire	0.0160285
886	887	wire	0.0160285
887	888	wire	0.0160285
888	889	wire	0.0160285
889	890	wire	0.0160285
890	891	wire	0.0160285
891	892	wire	0.0160285
892	893	wire	0.0160285
893	894	wire	0.0160285
894	895	wire	0.0160285
895	896	wire	0.0160285
896	897	wire	0.0160285
897	898	wire	0.0160285
898	899	wire	0.0160285
899	900	wire	0.0160285
900	901	wire	0.0160285
901	902	wire	0.0160285
902	903	wire	0.0160285
903	904	wire	0.0160285
904	905	wire	0.0160285
905	906	wire	0.0160285
906	907	wire	0.0160285
907	908	wire	0.0160285
908	909	wire	0.0160285
909	910	wire	0.0160285
910	911	wire	0.0160285
911	912	wire	0.0160285
912	913	wire	0.0160285
913	914	wire	0.0160285
914	915	wire	0.0160285
915	916	wire	0.0160285
916	917	wire	0.0160285
917	918	wire	0.0160285
918	919	wire	0.0160285
919	920	wire	0.0160285
920	921	wire	0.0160285
921	922	wire	0.0160285
922	923	wire	0.0160285
923	924	wire	0.0160285
924	925	wire	0.0160285
925	926	wire	0.0160285
926	927	wire	0.0160285
927	928	wire	0.0160285
928	929	wire	0.0160285
929	930	wire	0.0160285
930	931	wire	0.0160285
931	932	wire	0.0160285
932	933	wire	0.0160285
933	934	wire	0.0160285
934	935	wire	0.0160285
935	936	wire	0.0160285
936	937	wire	0.0160285
937	938	wire	0.0160285
938	939	wire	0.0160285
939	940	wire	0.0160285
940	941	wire	0.0160285
941	942	wire	0.0160285
942	943	wire	0.0160285
943	944	wire	0.0160285
945	946	wire	0.0160285
946	947	wire	0.0160285
947	948	wire	0.0160285
948	949	wire	0.0160285
949	950	wire	0.0160285
950	951	wire	0.0160285
951	952	wire	0.0160285
952	953	wire	0.0160285
953	954	wire	0.0160285
954	955	wire	0.0160285
955	956	wire	0.0160285
956	957	wire	0.0160285
957	958	wire	0.0160285
958	959	wire	0.0160285
959	960	wire	0.0160285
960	961	wire	0.0160285
961	962	wire	0.0160285
962	963	wire	0.0160285
963	964	wire	0.0160285
964	965	wire	0.0160285
965	966	wire	0.0160285
966	967	wire	0.0160285
967	968	wire	0.0160285
968	969	wire	0.0160285
969	970	wire	0.0160285
970	971	wire	0.0160285
971	972	wire	0.0160285
972	973	wire	0.0160285
973	974	wire	0.0160285
974	975	wire	0.0160285
975	976	wire	0.0160285
976	977	wire	0.0160285
977	978	wire	0.0160285
978	979	wire	0.0160285
979	980	wire	0.0160285
980	981	wire	0.0160285
981	982	wire	0.0160285
982	983	wire	0.0160285
983	984	wire	0.0160285
984	985	wire	0.0160285
985	986	wire	0.0160285
986	987	wire	0.0160285
987	988	wire	0.0160285
988	989	wire	0.0160285
989	990	wire	0.0160285
990	991	wire	0.0160285
991	992	wire	0.0160285
992	993	wire	0.0160285
993	994	wire	0.0160285
994	995	wire	0.0160285
995	996	wire	0.0160285
996	997	wire	0.0160285
997	998	wire	0.0160285
998	999	wire	0.0160285
999	1000	wire	0.0160285
1000	1001	wire	0.0160285
1001	1002	wire	0.0160285
1002	1003	wire	0.0160285
1003	1004	wire	0.0160285
1004	1005	wire	0.0160285
1005	1006	wire	0.0160285
1006	1007	wire	0.0160285
1007	1008	wire	0.0160285
1008	1009	wire	0.0160285
1009	1010	wire	0.0160285
1010	1011	wire	0.0160285
1011	1012	wire	0.0160285
1012	1013	wire	0.0160285
1013	1014	wire	0.0160285
1014	1015	wire	0.0160285
1015	1016	wire	0.0160285
1016	1017	wire	0.0160285
1017	1018	wire	0.0160285
1018	1019	wire	0.0160285
1019	1020	wire	0.0160285
1020	1021	wire	0.0160285
1021	1022	wire	0.0160285
1022	1023	wire	0.0160285
1023	1024	wire	0.0160285
1024	1025	wire	0.0160285
1025	1026	wire	0.0160285
1026	1027	wire	0.0160285
1027	1028	wire	0.0160285
1028	1029	wire	0.0160285
1029	1030	wire	0.0160285
1030	1031	wire	0.0160285
1031	1032	wire	0.0160285
1032	1033	wire	0.0160285
1033	1034	wire	0.0160285
1034	1035	wire	0.0160285
1035	1036	wire	0.0160285
1036	1037	wire	0.0160285
1037	1038	wire	0.0160285
1038	1039	wire	0.0160285
1039	1040	wire	0.0160285
1040	1041	wire	0.0160285
1041	1042	wire	0.0160285
1042	1043	wire	0.0160285
1043	1044	wire	0.0160285
1044	1045	wire	0.0160285
1045	1046	wire	0.0160285
1046	1047	wire	0.0160285
1047	1048	wire	0.0160285
1048	1049	wire	0.0160285
1049	1050	wire	0.0160285
1050	1051	wire	0.0160285
1051	1052	wire	0.0160285
1052	1053	wire	0.0160285
1054	1055	wire	0.0160285
1055	1056	wire	0.0160285
1056	1057	wire	0.0160285
1057	1058	wire	0.0160285
1058	1059	wire	0.0160285
1059	1060	wire	0.0160285
1060	1061	wire	0.0160285
1061	1062	wire	0.0160285
1062	1063	wire	0.0160285
1063	1064	wire	0.0160285
1064	1065	wire	0.0160285
1065	1066	wire	0.0160285
1066	1067	wire	0.0160285
1067	1068	wire	0.0160285
1068	1069	wire	0.0160285
1069	1070	wire	0.0160285
1070	1071	wire	0.0160285
1071	1072	wire	0.0160285
1072	1073	wire	0.0160285
1073	1074	wire	0.0160285
1074	1075	wire	0.0160285
1075	1076	wire	0.0160285
1076	1077	wire	0.0160285
1077	1078	wire	0.0160285
1078	1079	wire	0.0160285
1079	1080	wire	0.0160285
1080	1081	wire	0.0160285
1081	1082	wire	0.0160285
1082	1083	wire	0.0160285
1083	1084	wire	0.0160285
1084	1085	wire	0.0160285
1085	1086	wire	0.0160285
1086	1087	wire	0.0160285
1087	1088	wire	0.0160285
1088	1089	wire	0.0160285
1089	1090	wire	0.0160285
1090	1091	wire	0.0160285
1091	1092	wire	0.0160285
1092	1093	wire	0.0160285
1093	1094	wire	0.0160285
1094	1095	wire	0.0160285
1095	1096	wire	0.0160285
1096	1097	wire	0.0160285
1097	1098	wire	0.0160285
1098	1099	wire	0.0160285
1099	1100	wire	0.0160285
1100	1101	wire	0.0160285
1101	1102	wire	0.0160285
1102	1103	wire	0.0160285
1103	1104	wire	0.0160285
1104	1105	wire	0.0160285
1105	1106	wire	0.0160285
1106	1107	wire	0.0160285
1107	1108	wire	0.0160285
1108	1109	wire	0.0160285
1109	1110	wire	0.0160285
1110	1111	wire	0.0160285
1111	1112	wire	0.0160285
1112	1113	wire	0.0160285
1113	1114	wire	0.0160285
1114	1115	wire	0.0160285
1115	1116	wire	0.0160285
1116	1117	wire	0.0160285
1117	1118	wire	0.0160285
1118	1119	wire	0.0160285
1119	1120	wire	0.0160285
1120	1121	wire	0.0160285
1121	1122	wire	0.0160285
1122	1123	wire	0.0160285
1123	1124	wire	0.0160285
1124	1125	wire	0.0160285
1125	1126	wire	0.0160285
1126	1127	wire	0.0160285
1127	1128	wire	0.0160285
1128	1129	wire	0.0160285
1129	1130	wire	0.0160285
1130	1131	wire	0.0160285
1131	1132	wire	0.0160285
1132	1133	wire	0.0160285
1133	1134	wire	0.0160285
1134	1135	wire	0.0160285
1135	1136	wire	0.0160285
1136	1137	wire	0.0160285
1137	1138	wire	0.0160285
1138	1139	wire	0.0160285
1139	1140	wire	0.0160285
1140	1141	wire	0.0160285
1141	1142	wire	0.0160285
1142	1143	wire	0.0160285
1143	1144	wire	0.0160285
1144	1145	wire	0.0160285
1145	1146	wire	0.0160285
1146	1147	wire	0.0160285
1147	1148	wire	0.0160285
1148	1149	wire	0.0160285
1149	1150	wire	0.0160285
1150	1151	wire	0.0160285
1151	1152	wire	0.0160285
1152	1153	wire	0.0160285
1153	1154	wire	0.0160285
1154	1155	wire	0.0160285
1155	1156	wire	0.0160285
1156	1157	wire	0.0160285
1157	1158	wire	0.0160285
1158	1159	wire	0.0160285
1159	1160	wire	0.0160285
1160	1161	wire	0.0160285
1161	1162	wire	0.0160285
1163	1164	wire	0.0160285
1164	1165	wire	0.0160285
1165	1166	wire	0.0160285
1166	1167	wire	0.0160285
1167	1168	wire	0.0160285
1168	1169	wire	0.0160285
1169	1170	wire	0.0160285
1170	1171	wire	0.0160285
1171	1172	wire	0.0160285
1172	1173	wire	0.0160285
1173	1174	wire	0.0160285
1174	1175	wire	0.0160285
1175	1176	wire	0.0160285
1176	1177	wire	0.0160285
1177	1178	wire	0.0160285
1178	1179	wire	0.0160285
1179	1180	wire	0.0160285
1180	1181	wire	0.0160285
1181	1182	wire	0.0160285
1182	1183	wire	0.0160285
1183	1184	wire	0.0160285
1184	1185	wire	0.0160285
1185	1186	wire	0.0160285
1186	1187	wire	0.0160285
1187	1188	wire	0.0160285
1188	1189	wire	0.0160285
1189	1190	wire	0.0160285
1190	1191	wire	0.0160285
1191	1192	wire	0.0160285
1192	1193	wire	0.0160285
1193	1194	wire	0.0160285
1194	1195	wire	0.0160285
1195	1196	wire	0.0160285
1196	1197	wire	0.0160285
1197	1198	wire	0.0160285
1198	1199	wire	0.0160285
1199	1200	wire	0.0160285
1200	1201	wire	0.0160285
1201	1202	wire	0.0160285
1202	1203	wire	0.0160285
1203	1204	wire	0.0160285
1204	1205	wire	0.0160285
1205	1206	wire	0.0160285
1206	1207	wire	0.0160285
1207	1208	wire	0.0160285
1208	1209	wire	0.0160285
1209	1210	wire	0.0160285
1210	1211	wire	0.0160285
1211	1212	wire	0.0160285
1212	1213	wire	0.0160285
1213	1214	wire	0.0160285
1214	1215	wire	0.0160285
1215	1216	wire	0.0160285
1216	1217	wire	0.0160285
1217	1218	wire	0.0160285
1218	1219	wire	0.0160285
1219	1220	wire	0.0160285
1220	1221	wire	0.0160285
1221	1222	wire	0.0160285
1222	1223	wire	0.0160285
1223	1224	wire	0.0160285
1224	1225	wire	0.0160285
1225	1226	wire	0.0160285
1226	1227	wire	0.0160285
1227	1228	wire	0.0160285
1228	1229	wire	0.0160285
1229	1230	wire	0.0160285
1230	1231	wire	0.0160285
1231	1232	wire	0.0160285
1232	1233	wire	0.0160285
1233	1234	wire	0.0160285
1234	1235	wire	0.0160285
1235	1236	wire	0.0160285
1236	1237	wire	0.0160285
1237	1238	wire	0.0160285
1238	1239	wire	0.0160285
1239	1240	wire	0.0160285
1240	1241	wire	0.0160285
1241	1242	wire	0.0160285
1242	1243	wire	0.0160285
1243	1244	wire	0.0160285
1244	1245	wire	0.0160285
1245	1246	wire	0.0160285
1246	1247	wire	0.0160285
1247	1248	wire	0.0160285
1248	1249	wire	0.0160285
1249	1250	wire	0.0160285
1250	1251	wire	0.0160285
1251	1252	wire	0.0160285
1252	1253	wire	0.0160285
1253	1254	wire	0.0160285
1254	1255	wire	0.0160285
1255	1256	wire	0.0160285
1256	1257	wire	0.0160285
1257	1258	wire	0.0160285
1258	1259	wire	0.0160285
1259	1260	wire	0.0160285
1260	1261	wire	0.0160285
1261	1262	wire	0.0160285
1262	1263	wire	0.0160285
1263	1264	wire	0.0160285
1264	1265	wire	0.0160285
1265	1266	wire	0.0160285
1266	1267	wire	0.0160285
1267	1268	wire	0.0160285
1268	1269	wire	0.0160285
1269	1270	wire	0.0160285
1270	1271	wire	0.0160285
1272	1273	wire	0.0160285
1273	1274	wire	0.0160285
1274	1275	wire	0.0160285
1275	1276	wire	0.0160285
1276	1277	wire	0.0160285
1277	1278	wire	0.0160285
1278	1279	wire	0.0160285
1279	1280	wire	0.0160285
1280	1281	wire	0.0160285
1281	1282	wire	0.0160285
1282	1283	wire	0.0160285
1283	1284	wire	0.0160285
1284	1285	wire	0.0160285
1285	1286	wire	0.0160285
1286	1287	wire	0.0160285
1287	1288	wire	0.0160285
1288	1289	wire	0.0160285
1289	1290	wire	0.0160285
1290	1291	wire	0.0160285
1291	1292	wire	0.0160285
1292	1293	wire	0.0160285
1293	1294	wire	0.0160285
1294	1295	wire	0.0160285
1295	1296	wire	0.0160285
1296	1297	wire	0.0160285
1297	1298	wire	0.0160285
1298	1299	wire	0.0160285
1299	1300	wire	0.0160285
1300	1301	wire	0.0160285
1301	1302	wire	0.0160285
1302	1303	wire	0.0160285
1303	1304	wire	0.0160285
1304	1305	wire	0.0160285
1305	1306	wire	0.0160285
1306	1307	wire	0.0160285
1307	1308	wire	0.0160285
1308	1309	wire	0.0160285
1309	1310	wire	0.0160285
1310	1311	wire	0.0160285
1311	1312	wire	0.0160285
1312	1313	wire	0.0160285
1313	1314	wire	0.0160285
1314	1315	wire	0.0160285
1315	1316	wire	0.0160285
1316	1317	wire	0.0160285
1317	1318	wire	0.0160285
1318	1319	wire	0.0160285
1319	1320	wire	0.0160285
1320	1321	wire	0.0160285
1321	1322	wire	0.0160285
1322	1323	wire	0.0160285
1323	1324	wire	0.0160285
1324	1325	wire	0.0160285
1325	1326	wire	0.0160285
1326	1327	wire	0.0160285
1327	1328	wire	0.0160285
1328	1329	wire	0.0160285
1329	1330	wire	0.0160285
1330	1331	wire	0.0160285
1331	1332	wire	0.0160285
1332	1333	wire	0.0160285
1333	1334	wire	0.0160285
1334	1335	wire	0.0160285
1335	1336	wire	0.0160285
1336	1337	wire	0.0160285
1337	1338	wire	0.0160285
1338	1339	wire	0.0160285
1339	1340	wire	0.0160285
1340	1341	wire	0.0160285
1341	1342	wire	0.0160285
1342	1343	wire	0.0160285
1343	1344	wire	0.0160285
1344	1345	wire	0.0160285
1345	1346	wire	0.0160285
1346	1347	wire	0.0160285
1347	1348	wire	0.0160285
1348	1349	wire	0.0160285
1349	1350	wire	0.0160285
1350	1351	wire	0.0160285
1351	1352	wire	0.0160285
1352	1353	wire	0.0160285
1353	1354	wire	0.0160285
1354	1355	wire	0.0160285
1355	1356	wire	0.0160285
1356	1357	wire	0.0160285
1357	1358	wire	0.0160285
1358	1359	wire	0.0160285
1359	1360	wire	0.0160285
1360	1361	wire	0.0160285
1361	1362	wire	0.0160285
1362	1363	wire	0.0160285
1363	1364	wire	0.0160285
1364	1365	wire	0.0160285
1365	1366	wire	0.0160285
1366	1367	wire	0.0160285
1367	1368	wire	0.0160285
1368	1369	wire	0.0160285
1369	1370	wire	0.0160285
1370	1371	wire	0.0160285
1371	1372	wire	0.0160285
1372	1373	wire	0.0160285
1373	1374	wire	0.0160285
1374	1375	wire	0.0160285
1375	1376	wire	0.0160285
1376	1377	wire	0.0160285
1377	1378	wire	0.0160285
1378	1379	wire	0.0160285
1379	1380	wire	0.0160285
1381	1382	wire	0.0160285
1382	1383	wire	0.0160285
1383	1384	wire	0.0160285
1384	1385	wire	0.0160285
1385	1386	wire	0.0160285
1386	1387	wire	0.0160285
1387	1388	wire	0.0160285
1388	1389	wire	0.0160285
1389	1390	wire	0.0160285
1390	1391	wire	0.0160285
1391	1392	wire	0.0160285
1392	1393	wire	0.0160285
1393	1394	wire	0.0160285
1394	1395	wire	0.0160285
1395	1396	wire	0.0160285
1396	1397	wire	0.0160285
1397	1398	wire	0.0160285
1398	1399	wire	0.0160285
1399	1400	wire	0.0160285
1400	1401	wire	0.0160285
1401	1402	wire	0.0160285
1402	1403	wire	0.0160285
1403	1404	wire	0.0160285
1404	1405	wire	0.0160285
1405	1406	wire	0.0160285
1406	1407	wire	0.0160285
1407	1408	wire	0.0160285
1408	1409	wire	0.0160285
1409	1410	wire	0.0160285
1410	1411	wire	0.0160285
1411	1412	wire	0.0160285
1412	1413	wire	0.0160285
1413	1414	wire	0.0160285
1414	1415	wire	0.0160285
1415	1416	wire	0.0160285
1416	1417	wire	0.0160285
1417	1418	wire	0.0160285
1418	1419	wire	0.0160285
1419	1420	wire	0.0160285
1420	1421	wire	0.0160285
1421	1422	wire	0.0160285
1422	1423	wire	0.0160285
1423	1424	wire	0.0160285
1424	1425	wire	0.0160285
1425	1426	wire	0.0160285
1426	1427	wire	0.0160285
1427	1428	wire	0.0160285
1428	1429	wire	0.0160285
1429	1430	wire	0.0160285
1430	1431	wire	0.0160285
1431	1432	wire	0.0160285
1432	1433	wire	0.0160285
1433	1434	wire	0.0160285
1434	1435	wire	0.0160285
1435	1436	wire	0.0160285
1436	1437	wire	0.0160285
1437	1438	wire	0.0160285
1438	1439	wire	0.0160285
1439	1440	wire	0.0160285
1440	1441	wire	0.0160285
1441	1442	wire	0.0160285
1442	1443	wire	0.0160285
1443	1444	wire	0.0160285
1444	1445	wire	0.0160285
1445	1446	wire	0.0160285
1446	1447	wire	0.0160285
1447	1448	wire	0.0160285
1448	1449	wire	0.0160285
1449	1450	wire	0.0160285
1450	1451	wire	0.0160285
1451	1452	wire	0.0160285
1452	1453	wire	0.0160285
1453	1454	wire	0.0160285
1454	1455	wire	0.0160285
1455	1456	wire	0.0160285
1456	1457	wire	0.0160285
1457	1458	wire	0.0160285
1458	1459	wire	0.0160285
1459	1460	wire	0.0160285
1460	1461	wire	0.0160285
1461	1462	wire	0.0160285
1462	1463	wire	0.0160285
1463	1464	wire	0.0160285
1464	1465	wire	0.0160285
1465	1466	wire	0.0160285
1466	1467	wire	0.0160285
1467	1468	wire	0.0160285
1468	1469	wire	0.0160285
1469	1470	wire	0.0160285
1470	1471	wire	0.0160285
1471	1472	wire	0.0160285
1472	1473	wire	0.0160285
1473	1474	wire	0.0160285
1474	1475	wire	0.0160285
1475	1476	wire	0.0160285
1476	1477	wire	0.0160285
1477	1478	wire	0.0160285
1478	1479	wire	0.0160285
1479	1480	wire	0.0160285
1480	1481	wire	0.0160285
1481	1482	wire	0.0160285
1482	1483	wire	0.0160285
1483	1484	wire	0.0160285
1484	1485	wire	0.0160285
1485	1486	wire	0.0160285
1486	1487	wire	0.0160285
1487	1488	wire	0.0160285
1488	1489	wire	0.0160285
1490	1491	wire	0.0160285
1491	1492	wire	0.0160285
1492	1493	wire	0.0160285
1493	1494	wire	0.0160285
1494	1495	wire	0.0160285
1495	1496	wire	0.0160285
1496	1497	wire	0.0160285
1497	1498	wire	0.0160285
1498	1499	wire	0.0160285
1499	1500	wire	0.0160285
1500	1501	wire	0.0160285
1501	1502	wire	0.0160285
1502	1503	wire	0.0160285
1503	1504	wire	0.0160285
1504	1505	wire	0.0160285
1505	1506	wire	0.0160285
1506	1507	wire	0.0160285
1507	1508	wire	0.0160285
1508	1509	wire	0.0160285
1509	1510	wire	0.0160285
1510	1511	wire	0.0160285
1511	1512	wire	0.0160285
1512	1513	wire	0.0160285
1513	1514	wire	0.0160285
1514	1515	wire	0.0160285
1515	1516	wire	0.0160285
1516	1517	wire	0.0160285
1517	1518	wire	0.0160285
1518	1519	wire	0.0160285
1519	1520	wire	0.0160285
1520	1521	wire	0.0160285
1521	1522	wire	0.0160285
1522	1523	wire	0.0160285
1523	1524	wire	0.0160285
1524	1525	wire	0.0160285
1525	1526	wire	0.0160285
1526	1527	wire	0.0160285
1527	1528	wire	0.0160285
1528	1529	wire	0.0160285
1529	1530	wire	0.0160285
1530	1531	wire	0.0160285
1531	1532	wire	0.0160285
1532	1533	wire	0.0160285
1533	1534	wire	0.0160285
1534	1535	wire	0.0160285
1535	1536	wire	0.0160285
1536	1537	wire	0.0160285
1537	1538	wire	0.0160285
1538	1539	wire	0.0160285
1539	1540	wire	0.0160285
1540	1541	wire	0.0160285
1541	1542	wire	0.0160285
1542	1543	wire	0.0160285
1543	1544	wire	0.0160285
1544	1545	wire	0.0160285
1545	1546	wire	0.0160285
1546	1547	wire	0.0160285
1547	1548	wire	0.0160285
1548	1549	wire	0.0160285
1549	1550	wire	0.0160285
1550	1551	wire	0.0160285
1551	1552	wire	0.0160285
1552	1553	wire	0.0160285
1553	1554	wire	0.0160285
1554	1555	wire	0.0160285
1555	1556	wire	0.0160285
1556	1557	wire	0.0160285
1557	1558	wire	0.0160285
1558	1559	wire	0.0160285
1559	1560	wire	0.0160285
1560	1561	wire	0.0160285
1561	1562	wire	0.0160285
1562	1563	wire	0.0160285
1563	1564	wire	0.0160285
1564	1565	wire	0.0160285
1565	1566	wire	0.0160285
1566	1567	wire	0.0160285
1567	1568	wire	0.0160285
1568	1569	wire	0.0160285
1569	1570	wire	0.0160285
1570	1571	wire	0.0160285
1571	1572	wire	0.0160285
1572	1573	wire	0.0160285
1573	1574	wire	0.0160285
1574	1575	wire	0.0160285
1575	1576	wire	0.0160285
1576	1577	wire	0.0160285
1577	1578	wire	0.0160285
1578	1579	wire	0.0160285
1579	1580	wire	0.0160285
1580	1581	wire	0.0160285
1581	1582	wire	0.0160285
1582	1583	wire	0.0160285
1583	1584	wire	0.0160285
1584	1585	wire	0.0160285
1585	1586	wire	0.0160285
1586	1587	wire	0.0160285
1587	1588	wire	0.0160285
1588	1589	wire	0.0160285
1589	1590	wire	0.0160285
1590	1591	wire	0.0160285
1591	1592	wire	0.0160285
1592	1593	wire	0.0160285
1593	1594	wire	0.0160285
1594	1595	wire	0.0160285
1595	1596	wire	0.0160285
1596	1597	wire	0.0160285
1597	1598	wire	0.0160285
1599	1600	wire	0.0160285
1600	1601	wire	0.0160285
1601	1602	wire	0.0160285
1602	1603	wire	0.0160285
1603	1604	wire	0.0160285
1604	1605	wire	0.0160285
1605	1606	wire	0.0160285
1606	1607	wire	0.0160285
1607	1608	wire	0.0160285
1608	1609	wire	0.0160285
1609	1610	wire	0.0160285
1610	1611	wire	0.0160285
1611	1612	wire	0.0160285
1612	1613	wire	0.0160285
1613	1614	wire	0.0160285
1614	1615	wire	0.0160285
1615	1616	wire	0.0160285
1616	1617	wire	0.0160285
1617	1618	wire	0.0160285
1618	1619	wire	0.0160285
1619	1620	wire	0.0160285
1620	1621	wire	0.0160285
1621	1622	wire	0.0160285
1622	1623	wire	0.0160285
1623	1624	wire	0.0160285
1624	1625	wire	0.0160285
1625	1626	wire	0.0160285
1626	1627	wire	0.0160285
1627	1628	wire	0.0160285
1628	1629	wire	0.0160285
1629	1630	wire	0.0160285
1630	1631	wire	0.0160285
1631	1632	wire	0.0160285
1632	1633	wire	0.0160285
1633	1634	wire	0.0160285
1634	1635	wire	0.0160285
1635	1636	wire	0.0160285
1636	1637	wire	0.0160285
1637	1638	wire	0.0160285
1638	1639	wire	0.0160285
1639	1640	wire	0.0160285
1640	1641	wire	0.0160285
1641	1642	wire	0.0160285
1642	1643	wire	0.0160285
1643	1644	wire	0.0160285
1644	1645	wire	0.0160285
1645	1646	wire	0.0160285
1646	1647	wire	0.0160285
1647	1648	wire	0.0160285
1648	1649	wire	0.0160285
1649	1650	wire	0.0160285
1650	1651	wire	0.0160285
1651	1652	wire	0.0160285
1652	1653	wire	0.0160285
1653	1654	wire	0.0160285
1654	1655	wire	0.0160285
1655	1656	wire	0.0160285
1656	1657	wire	0.0160285
1657	1658	wire	0.0160285
1658	1659	wire	0.0160285
1659	1660	wire	0.0160285
1660	1661	wire	0.0160285
1661	1662	wire	0.0160285
1662	1663	wire	0.0160285
1663	1664	wire	0.0160285
1664	1665	wire	0.0160285
1665	1666	wire	0.0160285
1666	1667	wire	0.0160285
1667	1668	wire	0.0160285
1668	1669	wire	0.0160285
1669	1670	wire	0.0160285
1670	1671	wire	0.0160285
1671	1672	wire	0.0160285
1672	1673	wire	0.0160285
1673	1674	wire	0.0160285
1674	1675	wire	0.0160285
1675	1676	wire	0.0160285
1676	1677	wire	0.0160285
1677	1678	wire	0.0160285
1678	1679	wire	0.0160285
1679	1680	wire	0.0160285
1680	1681	wire	0.0160285
1681	1682	wire	0.0160285
1682	1683	wire	0.0160285
1683	1684	wire	0.0160285
1684	1685	wire	0.0160285
1685	1686	wire	0.0160285
1686	1687	wire	0.0160285
1687	1688	wire	0.0160285
1688	1689	wire	0.0160285
1689	1690	wire	0.0160285
1690	1691	wire	0.0160285
1691	1692	wire	0.0160285
1692	1693	wire	0.0160285
1693	1694	wire	0.0160285
1694	1695	wire	0.0160285
1695	1696	wire	0.0160285
1696	1697	wire	0.0160285
1697	1698	wire	0.0160285
1698	1699	wire	0.0160285
1699	1700	wire	0.0160285
1700	1701	wire	0.0160285
1701	1702	wire	0.0160285
1702	1703	wire	0.0160285
1703	1704	wire	0.0160285
1704	1705	wire	0.0160285
1705	1706	wire	0.0160285
1706	1707	wire	0.0160285
1708	1709	wire	0.0160285
1709	1710	wire	0.0160285
1710	1711	wire	0.0160285
1711	1712	wire	0.0160285
1712	1713	wire	0.0160285
1713	1714	wire	0.0160285
1714	1715	wire	0.0160285
1715	1716	wire	0.0160285
1716	1717	wire	0.0160285
1717	1718	wire	0.0160285
1718	1719	wire	0.0160285
1719	1720	wire	0.0160285
1720	1721	wire	0.0160285
1721	1722	wire	0.0160285
1722	1723	wire	0.0160285
1723	1724	wire	0.0160285
1724	1725	wire	0.0160285
1725	1726	wire	0.0160285
1726	1727	wire	0.0160285
1727	1728	wire	0.0160285
1728	1729	wire	0.0160285
1729	1730	wire	0.0160285
1730	1731	wire	0.0160285
1731	1732	wire	0.0160285
1732	1733	wire	0.0160285
1733	1734	wire	0.0160285
1734	1735	wire	0.0160285
1735	1736	wire	0.0160285
1736	1737	wire	0.0160285
1737	1738	wire	0.0160285
1738	1739	wire	0.0160285
1739	1740	wire	0.0160285
1740	1741	wire	0.0160285
1741	1742	wire	0.0160285
1742	1743	wire	0.0160285
1743	1744	wire	0.0160285
1744	1745	wire	0.0160285
1745	1746	wire	0.0160285
1746	1747	wire	0.0160285
1747	1748	wire	0.0160285
1748	1749	wire	0.0160285
1749	1750	wire	0.0160285
1750	1751	wire	0.0160285
1751	1752	wire	0.0160285
1752	1753	wire	0.0160285
1753	1754	wire	0.0160285
1754	1755	wire	0.0160285
1755	1756	wire	0.0160285
1756	1757	wire	0.0160285
1757	1758	wire	0.0160285
1758	1759	wire	0.0160285
1759	1760	wire	0.0160285
1760	1761	wire	0.0160285
1761	1762	wire	0.0160285
1762	1763	wire	0.0160285
1763	1764	wire	0.0160285
1764	1765	wire	0.0160285
1765	1766	wire	0.0160285
1766	1767	wire	0.0160285
1767	1768	wire	0.0160285
1768	1769	wire	0.0160285
1769	1770	wire	0.0160285
1770	1771	wire	0.0160285
1771	1772	wire	0.0160285
1772	1773	wire	0.0160285
1773	1774	wire	0.0160285
1774	1775	wire	0.0160285
1775	1776	wire	0.0160285
1776	1777	wire	0.0160285
1777	1778	wire	0.0160285
1778	1779	wire	0.0160285
1779	1780	wire	0.0160285
1780	1781	wire	0.0160285
1781	1782	wire	0.0160285
1782	1783	wire	0.0160285
1783	1784	wire	0.0160285
1784	1785	wire	0.0160285
1785	1786	wire	0.0160285
1786	1787	wire	0.0160285
1787	1788	wire	0.0160285
1788	1789	wire	0.0160285
1789	1790	wire	0.0160285
1790	1791	wire	0.0160285
1791	1792	wire	0.0160285
1792	1793	wire	0.0160285
1793	1794	wire	0.0160285
1794	1795	wire	0.0160285
1795	1796	wire	0.0160285
1796	1797	wire	0.0160285
1797	1798	wire	0.0160285
1798	1799	wire	0.0160285
1799	1800	wire	0.0160285
1800	1801	wire	0.0160285
1801	1802	wire	0.0160285
1802	1803	wire	0.0160285
1803	1804	wire	0.0160285
1804	1805	wire	0.0160285
1805	1806	wire	0.0160285
1806	1807	wire	0.0160285
1807	1808	wire	0.0160285
1808	1809	wire	0.0160285
1809	1810	wire	0.0160285
1810	1811	wire	0.0160285
1811	1812	wire	0.0160285
1812	1813	wire	0.0160285
1813	1814	wire	0.0160285
1814	1815	wire	0.0160285
1815	1816	wire	0.0160285
1817	1818	wire	0.0160285
1818	1819	wire	0.0160285
1819	1820	wire	0.0160285
1820	1821	wire	0.0160285
1821	1822	wire	0.0160285
1822	1823	wire	0.0160285
1823	1824	wire	0.0160285
1824	1825	wire	0.0160285
1825	1826	wire	0.0160285
1826	1827	wire	0.0160285
1827	1828	wire	0.0160285
1828	1829	wire	0.0160285
1829	1830	wire	0.0160285
1830	1831	wire	0.0160285
1831	1832	wire	0.0160285
1832	1833	wire	0.0160285
1833	1834	wire	0.0160285
1834	1835	wire	0.0160285
1835	1836	wire	0.0160285
1836	1837	wire	0.0160285
1837	1838	wire	0.0160285
1838	1839	wire	0.0160285
1839	1840	wire	0.0160285
1840	1841	wire	0.0160285
1841	1842	wire	0.0160285
1842	1843	wire	0.0160285
1843	1844	wire	0.0160285
1844	1845	wire	0.0160285
1845	1846	wire	0.0160285
1846	1847	wire	0.0160285
1847	1848	wire	0.0160285
1848	1849	wire	0.0160285
1849	1850	wire	0.0160285
1850	1851	wire	0.0160285
1851	1852	wire	0.0160285
1852	1853	wire	0.0160285
1853	1854	wire	0.0160285
1854	1855	wire	0.0160285
1855	1856	wire	0.0160285
1856	1857	wire	0.0160285
1857	1858	wire	0.0160285
1858	1859	wire	0.0160285
1859	1860	wire	0.0160285
1860	1861	wire	0.0160285
1861	1862	wire	0.0160285
1862	1863	wire	0.0160285
1863	1864	wire	0.0160285
1864	1865	wire	0.0160285
1865	1866	wire	0.0160285
1866	1867	wire	0.0160285
1867	1868	wire	0.0160285
1868	1869	wire	0.0160285
1869	1870	wire	0.0160285
1870	1871	wire	0.0160285
1871	1872	wire	0.0160285
1872	1873	wire	0.0160285
1873	1874	wire	0.0160285
1874	1875	wire	0.0160285
1875	1876	wire	0.0160285
1876	1877	wire	0.0160285
1877	1878	wire	0.0160285
1878	1879	wire	0.0160285
1879	1880	wire	0.0160285
1880	1881	wire	0.0160285
1881	1882	wire	0.0160285
1882	1883	wire	0.0160285
1883	1884	wire	0.0160285
1884	1885	wire	0.0160285
1885	1886	wire	0.0160285
1886	1887	wire	0.0160285
1887	1888	wire	0.0160285
1888	1889	wire	0.0160285
1889	1890	wire	0.0160285
1890	1891	wire	0.0160285
1891	1892	wire	0.0160285
1892	1893	wire	0.0160285
1893	1894	wire	0.0160285
1894	1895	wire	0.0160285
1895	1896	wire	0.0160285
1896	1897	wire	0.0160285
1897	1898	wire	0.0160285
1898	1899	wire	0.0160285
1899	1900	wire	0.0160285
1900	1901	wire	0.0160285
1901	1902	wire	0.0160285
1902	1903	wire	0.0160285
1903	1904	wire	0.0160285
1904	1905	wire	0.0160285
1905	1906	wire	0.0160285
1906	1907	wire	0.0160285
1907	1908	wire	0.0160285
1908	1909	wire	0.0160285
1909	1910	wire	0.0160285
1910	1911	wire	0.0160285
1911	1912	wire	0.0160285
1912	1913	wire	0.0160285
1913	1914	wire	0.0160285
1914	1915	wire	0.0160285
1915	1916	wire	0.0160285
1916	1917	wire	0.0160285
1917	1918	wire	0.0160285
1918	1919	wire	0.0160285
1919	1920	wire	0.0160285
1920	1921	wire	0.0160285
1921	1922	wire	0.0160285
1922	1923	wire	0.0160285
1923	1924	wire	0.0160285
1924	1925	wire	0.0160285
1926	1927	wire	0.0160285
1927	1928	wire	0.0160285
1928	1929	wire	0.0160285
1929	1930	wire	0.0160285
1930	1931	wire	0.0160285
1931	1932	wire	0.0160285
1932	1933	wire	0.0160285
1933	1934	wire	0.0160285
1934	1935	wire	0.0160285
1935	1936	wire	0.0160285
1936	1937	wire	0.0160285
1937	1938	wire	0.0160285
1938	1939	wire	0.0160285
1939	1940	wire	0.0160285
1940	1941	wire	0.0160285
1941	1942	wire	0.0160285
1942	1943	wire	0.0160285
1943	1944	wire	0.0160285
1944	1945	wire	0.0160285
1945	1946	wire	0.0160285
1946	1947	wire	0.0160285
1947	1948	wire	0.0160285
1948	1949	wire	0.0160285
1949	1950	wire	0.0160285
1950	1951	wire	0.0160285
1951	1952	wire	0.0160285
1952	1953	wire	0.0160285
1953	1954	wire	0.0160285
1954	1955	wire	0.0160285
1955	1956	wire	0.0160285
1956	1957	wire	0.0160285
1957	1958	wire	0.0160285
1958	1959	wire	0.0160285
1959	1960	wire	0.0160285
1960	1961	wire	0.0160285
1961	1962	wire	0.0160285
1962	1963	wire	0.0160285
1963	1964	wire	0.0160285
1964	1965	wire	0.0160285
1965	1966	wire	0.0160285
1966	1967	wire	0.0160285
1967	1968	wire	0.0160285
1968	1969	wire	0.0160285
1969	1970	wire	0.0160285
1970	1971	wire	0.0160285
1971	1972	wire	0.0160285
1972	1973	wire	0.0160285
1973	1974	wire	0.0160285
1974	1975	wire	0.0160285
1975	1976	wire	0.0160285
1976	1977	wire	0.0160285
1977	1978	wire	0.0160285
1978	1979	wire	0.0160285
1979	1980	wire	0.0160285
1980	1981	wire	0.0160285
1981	1982	wire	0.0160285
1982	1983	wire	0.0160285
1983	1984	wire	0.0160285
1984	1985	wire	0.0160285
1985	1986	wire	0.0160285
1986	1987	wire	0.0160285
1987	1988	wire	0.0160285
1988	1989	wire	0.0160285
1989	1990	wire	0.0160285
1990	1991	wire	0.0160285
1991	1992	wire	0.0160285
1992	1993	wire	0.0160285
1993	1994	wire	0.0160285
1994	1995	wire	0.0160285
1995	1996	wire	0.0160285
1996	1997	wire	0.0160285
1997	1998	wire	0.0160285
1998	1999	wire	0.0160285
1999	2000	wire	0.0160285
2000	2001	wire	0.0160285
2001	2002	wire	0.0160285
2002	2003	wire	0.0160285
2003	2004	wire	0.0160285
2004	2005	wire	0.0160285
2005	2006	wire	0.0160285
2006	2007	wire	0.0160285
2007	2008	wire	0.0160285
2008	2009	wire	0.0160285
2009	2010	wire	0.0160285
2010	2011	wire	0.0160285
2011	2012	wire	0.0160285
2012	2013	wire	0.0160285
2013	2014	wire	0.0160285
2014	2015	wire	0.0160285
2015	2016	wire	0.0160285
2016	2017	wire	0.0160285
2017	2018	wire	0.0160285
2018	2019	wire	0.0160285
2019	2020	wire	0.0160285
2020	2021	wire	0.0160285
2021	2022	wire	0.0160285
2022	2023	wire	0.0160285
2023	2024	wire	0.0160285
2024	2025	wire	0.0160285
2025	2026	wire	0.0160285
2026	2027	wire	0.0160285
2027	2028	wire	0.0160285
2028	2029	wire	0.0160285
2029	2030	wire	0.0160285
2030	2031	wire	0.0160285
2031	2032	wire	0.0160285
2032	2033	wire	0.0160285
2033	2034	wire	0.0160285
2035	2036	wire	0.0160285
2036	2037	wire	0.0160285
2037	2038	wire	0.0160285
2038	2039	wire	0.0160285
2039	2040	wire	0.0160285
2040	2041	wire	0.0160285
2041	2042	wire	0.0160285
2042	2043	wire	0.0160285
2043	2044	wire	0.0160285
2044	2045	wire	0.0160285
2045	2046	wire	0.0160285
2046	2047	wire	0.0160285
2047	2048	wire	0.0160285
2048	2049	wire	0.0160285
2049	2050	wire	0.0160285
2050	2051	wire	0.0160285
2051	2052	wire	0.0160285
2052	2053	wire	0.0160285
2053	2054	wire	0.0160285
2054	2055	wire	0.0160285
2055	2056	wire	0.0160285
2056	2057	wire	0.0160285
2057	2058	wire	0.0160285
2058	2059	wire	0.0160285
2059	2060	wire	0.0160285
2060	2061	wire	0.0160285
2061	2062	wire	0.0160285
2062	2063	wire	0.0160285
2063	2064	wire	0.0160285
2064	2065	wire	0.0160285
2065	2066	wire	0.0160285
2066	2067	wire	0.0160285
2067	2068	wire	0.0160285
2068	2069	wire	0.0160285
2069	2070	wire	0.0160285
2070	2071	wire	0.0160285
2071	2072	wire	0.0160285
2072	2073	wire	0.0160285
2073	2074	wire	0.0160285
2074	2075	wire	0.0160285
2075	2076	wire	0.0160285
2076	2077	wire	0.0160285
2077	2078	wire	0.0160285
2078	2079	wire	0.0160285
2079	2080	wire	0.0160285
2080	2081	wire	0.0160285
2081	2082	wire	0.0160285
2082	2083	wire	0.0160285
2083	2084	wire	0.0160285
2084	2085	wire	0.0160285
2085	2086	wire	0.0160285
2086	2087	wire	0.0160285
2087	2088	wire	0.0160285
2088	2089	wire	0.0160285
2089	2090	wire	0.0160285
2090	2091	wire	0.0160285
2091	2092	wire	0.0160285
2092	2093	wire	0.0160285
2093	2094	wire	0.0160285
2094	2095	wire	0.0160285
2095	2096	wire	0.0160285
2096	2097	wire	0.0160285
2097	2098	wire	0.0160285
2098	2099	wire	0.0160285
2099	2100	wire	0.0160285
2100	2101	wire	0.0160285
2101	2102	wire	0.0160285
2102	2103	wire	0.0160285
2103	2104	wire	0.0160285
2104	2105	wire	0.0160285
2105	2106	wire	0.0160285
2106	2107	wire	0.0160285
2107	2108	wire	0.0160285
2108	2109	wire	0.0160285
2109	2110	wire	0.0160285
2110	2111	wire	0.0160285
2111	2112	wire	0.0160285
2112	2113	wire	0.0160285
2113	2114	wire	0.0160285
2114	2115	wire	0.0160285
2115	2116	wire	0.0160285
2116	2117	wire	0.0160285
2117	2118	wire	0.0160285
2118	2119	wire	0.0160285
2119	2120	wire	0.0160285
2120	2121	wire	0.0160285
2121	2122	wire	0.0160285
2122	2123	wire	0.0160285
2123	2124	wire	0.0160285
2124	2125	wire	0.0160285
2125	2126	wire	0.0160285
2126	2127	wire	0.0160285
2127	2128	wire	0.0160285
2128	2129	wire	0.0160285
2129	2130	wire	0.0160285
2130	2131	wire	0.0160285
2131	2132	wire	0.0160285
2132	2133	wire	0.0160285
2133	2134	wire	0.0160285
2134	2135	wire	0.0160285
2135	2136	wire	0.0160285
2136	2137	wire	0.0160285
2137	2138	wire	0.0160285
2138	2139	wire	0.0160285
2139	2140	wire	0.0160285
2140	2141	wire	0.0160285
2141	2142	wire	0.0160285
2142	2143	wire	0.0160285
2144	2145	wire	0.0160285
2145	2146	wire	0.0160285
2146	2147	wire	0.0160285
2147	2148	wire	0.0160285
2148	2149	wire	0.0160285
2149	2150	wire	0.0160285
2150	2151	wire	0.0160285
2151	2152	wire	0.0160285
2152	2153	wire	0.0160285
2153	2154	wire	0.0160285
2154	2155	wire	0.0160285
2155	2156	wire	0.0160285
2156	2157	wire	0.0160285
2157	2158	wire	0.0160285
2158	2159	wire	0.0160285
2159	2160	wire	0.0160285
2160	2161	wire	0.0160285
2161	2162	wire	0.0160285
2162	2163	wire	0.0160285
2163	2164	wire	0.0160285
2164	2165	wire	0.0160285
2165	2166	wire	0.0160285
2166	2167	wire	0.0160285
2167	2168	wire	0.0160285
2168	2169	wire	0.0160285
2169	2170	wire	0.0160285
2170	2171	wire	0.0160285
2171	2172	wire	0.0160285
2172	2173	wire	0.0160285
2173	2174	wire	0.0160285
2174	2175	wire	0.0160285
2175	2176	wire	0.0160285
2176	2177	wire	0.0160285
2177	2178	wire	0.0160285
2178	2179	wire	0.0160285
2179	2180	wire	0.0160285
2180	2181	wire	0.0160285
2181	2182	wire	0.0160285
2182	2183	wire	0.0160285
2183	2184	wire	0.0160285
2184	2185	wire	0.0160285
2185	2186	wire	0.0160285
2186	2187	wire	0.0160285
2187	2188	wire	0.0160285
2188	2189	wire	0.0160285
2189	2190	wire	0.0160285
2190	2191	wire	0.0160285
2191	2192	wire	0.0160285
2192	2193	wire	0.0160285
2193	2194	wire	0.0160285
2194	2195	wire	0.0160285
2195	2196	wire	0.0160285
2196	2197	wire	0.0160285
2197	2198	wire	0.0160285
2198	2199	wire	0.0160285
2199	2200	wire	0.0160285
2200	2201	wire	0.0160285
2201	2202	wire	0.0160285
2202	2203	wire	0.0160285
2203	2204	wire	0.0160285
2204	2205	wire	0.0160285
2205	2206	wire	0.0160285
2206	2207	wire	0.0160285
2207	2208	wire	0.0160285
2208	2209	wire	0.0160285
2209	2210	wire	0.0160285
2210	2211	wire	0.0160285
2211	2212	wire	0.0160285
2212	2213	wire	0.0160285
2213	2214	wire	0.0160285
2214	2215	wire	0.0160285
2215	2216	wire	0.0160285
2216	2217	wire	0.0160285
2217	2218	wire	0.0160285
2218	2219	wire	0.0160285
2219	2220	wire	0.0160285
2220	2221	wire	0.0160285
2221	2222	wire	0.0160285
2222	2223	wire	0.0160285
2223	2224	wire	0.0160285
2224	2225	wire	0.0160285
2225	2226	wire	0.0160285
2226	2227	wire	0.0160285
2227	2228	wire	0.0160285
2228	2229	wire	0.0160285
2229	2230	wire	0.0160285
2230	2231	wire	0.0160285
2231	2232	wire	0.0160285
2232	2233	wire	0.0160285
2233	2234	wire	0.0160285
2234	2235	wire	0.0160285
2235	2236	wire	0.0160285
2236	2237	wire	0.0160285
2237	2238	wire	0.0160285
2238	2239	wire	0.0160285
2239	2240	wire	0.0160285
2240	2241	wire	0.0160285
2241	2242	wire	0.0160285
2242	2243	wire	0.0160285
2243	2244	wire	0.0160285
2244	2245	wire	0.0160285
2245	2246	wire	0.0160285
2246	2247	wire	0.0160285
2247	2248	wire	0.0160285
2248	2249	wire	0.0160285
2249	2250	wire	0.0160285
2250	2251	wire	0.0160285
2251	2252	wire	0.0160285
2253	2254	wire	0.0160285
2254	2255	wire	0.0160285
2255	2256	wire	0.0160285
2256	2257	wire	0.0160285
2257	2258	wire	0.0160285
2258	2259	wire	0.0160285
2259	2260	wire	0.0160285
2260	2261	wire	0.0160285
2261	2262	wire	0.0160285
2262	2263	wire	0.0160285
2263	2264	wire	0.0160285
2264	2265	wire	0.0160285
2265	2266	wire	0.0160285
2266	2267	wire	0.0160285
2267	2268	wire	0.0160285
2268	2269	wire	0.0160285
2269	2270	wire	0.0160285
2270	2271	wire	0.0160285
2271	2272	wire	0.0160285
2272	2273	wire	0.0160285
2273	2274	wire	0.0160285
2274	2275	wire	0.0160285
2275	2276	wire	0.0160285
2276	2277	wire	0.0160285
2277	2278	wire	0.0160285
2278	2279	wire	0.0160285
2279	2280	wire	0.0160285
2280	2281	wire	0.0160285
2281	2282	wire	0.0160285
2282	2283	wire	0.0160285
2283	2284	wire	0.0160285
2284	2285	wire	0.0160285
2285	2286	wire	0.0160285
2286	2287	wire	0.0160285
2287	2288	wire	0.0160285
2288	2289	wire	0.0160285
2289	2290	wire	0.0160285
2290	2291	wire	0.0160285
2291	2292	wire	0.0160285
2292	2293	wire	0.0160285
2293	2294	wire	0.0160285
2294	2295	wire	0.0160285
2295	2296	wire	0.0160285
2296	2297	wire	0.0160285
2297	2298	wire	0.0160285
2298	2299	wire	0.0160285
2299	2300	wire	0.0160285
2300	2301	wire	0.0160285
2301	2302	wire	0.0160285
2302	2303	wire	0.0160285
2303	2304	wire	0.0160285
2304	2305	wire	0.0160285
2305	2306	wire	0.0160285
2306	2307	wire	0.0160285
2307	2308	wire	0.0160285
2308	2309	wire	0.0160285
2309	2310	wire	0.0160285
2310	2311	wire	0.0160285
2311	2312	wire	0.0160285
2312	2313	wire	0.0160285
2313	2314	wire	0.0160285
2314	2315	wire	0.0160285
2315	2316	wire	0.0160285
2316	2317	wire	0.0160285
2317	2318	wire	0.0160285
2318	2319	wire	0.0160285
2319	2320	wire	0.0160285
2320	2321	wire	0.0160285
2321	2322	wire	0.0160285
2322	2323	wire	0.0160285
2323	2324	wire	0.0160285
2324	2325	wire	0.0160285
2325	2326	wire	0.0160285
2326	2327	wire	0.0160285
2327	2328	wire	0.0160285
2328	2329	wire	0.0160285
2329	2330	wire	0.0160285
2330	2331	wire	0.0160285
2331	2332	wire	0.0160285
2332	2333	wire	0.0160285
2333	2334	wire	0.0160285
2334	2335	wire	0.0160285
2335	2336	wire	0.0160285
2336	2337	wire	0.0160285
2337	2338	wire	0.0160285
2338	2339	wire	0.0160285
2339	2340	wire	0.0160285
2340	2341	wire	0.0160285
2341	2342	wire	0.0160285
2342	2343	wire	0.0160285
2343	2344	wire	0.0160285
2344	2345	wire	0.0160285
2345	2346	wire	0.0160285
2346	2347	wire	0.0160285
2347	2348	wire	0.0160285
2348	2349	wire	0.0160285
2349	2350	wire	0.0160285
2350	2351	wire	0.0160285
2351	2352	wire	0.0160285
2352	2353	wire	0.0160285
2353	2354	wire	0.0160285
2354	2355	wire	0.0160285
2355	2356	wire	0.0160285
2356	2357	wire	0.0160285
2357	2358	wire	0.0160285
2358	2359	wire	0.0160285
2359	2360	wire	0.0160285
2360	2361	wire	0.0160285
2362	2363	wire	0.0160285
2363	2364	wire	0.0160285
2364	2365	wire	0.0160285
2365	2366	wire	0.0160285
2366	2367	wire	0.0160285
2367	2368	wire	0.0160285
2368	2369	wire	0.0160285
2369	2370	wire	0.0160285
2370	2371	wire	0.0160285
2371	2372	wire	0.0160285
2372	2373	wire	0.0160285
2373	2374	wire	0.0160285
2374	2375	wire	0.0160285
2375	2376	wire	0.0160285
2376	2377	wire	0.0160285
2377	2378	wire	0.0160285
2378	2379	wire	0.0160285
2379	2380	wire	0.0160285
2380	2381	wire	0.0160285
2381	2382	wire	0.0160285
2382	2383	wire	0.0160285
2383	2384	wire	0.0160285
2384	2385	wire	0.0160285
2385	2386	wire	0.0160285
2386	2387	wire	0.0160285
2387	2388	wire	0.0160285
2388	2389	wire	0.0160285
2389	2390	wire	0.0160285
2390	2391	wire	0.0160285
2391	2392	wire	0.0160285
2392	2393	wire	0.0160285
2393	2394	wire	0.0160285
2394	2395	wire	0.0160285
2395	2396	wire	0.0160285
2396	2397	wire	0.0160285
2397	2398	wire	0.0160285
2398	2399	wire	0.0160285
2399	2400	wire	0.0160285
2400	2401	wire	0.0160285
2401	2402	wire	0.0160285
2402	2403	wire	0.0160285
2403	2404	wire	0.0160285
2404	2405	wire	0.0160285
2405	2406	wire	0.0160285
2406	2407	wire	0.0160285
2407	2408	wire	0.0160285
2408	2409	wire	0.0160285
2409	2410	wire	0.0160285
2410	2411	wire	0.0160285
2411	2412	wire	0.0160285
2412	2413	wire	0.0160285
2413	2414	wire	0.0160285
2414	2415	wire	0.0160285
2415	2416	wire	0.0160285
2416	2417	wire	0.0160285
2417	2418	wire	0.0160285
2418	2419	wire	0.0160285
2419	2420	wire	0.0160285
2420	2421	wire	0.0160285
2421	2422	wire	0.0160285
2422	2423	wire	0.0160285
2423	2424	wire	0.0160285
2424	2425	wire	0.0160285
2425	2426	wire	0.0160285
2426	2427	wire	0.0160285
2427	2428	wire	0.0160285
2428	2429	wire	0.0160285
2429	2430	wire	0.0160285
2430	2431	wire	0.0160285
2431	2432	wire	0.0160285
2432	2433	wire	0.0160285
2433	2434	wire	0.0160285
2434	2435	wire	0.0160285
2435	2436	wire	0.0160285
2436	2437	wire	0.0160285
2437	2438	wire	0.0160285
2438	2439	wire	0.0160285
2439	2440	wire	0.0160285
2440	2441	wire	0.0160285
2441	2442	wire	0.0160285
2442	2443	wire	0.0160285
2443	2444	wire	0.0160285
2444	2445	wire	0.0160285
2445	2446	wire	0.0160285
2446	2447	wire	0.0160285
2447	2448	wire	0.0160285
2448	2449	wire	0.0160285
2449	2450	wire	0.0160285
2450	2451	wire	0.0160285
2451	2452	wire	0.0160285
2452	2453	wire	0.0160285
2453	2454	wire	0.0160285
2454	2455	wire	0.0160285
2455	2456	wire	0.0160285
2456	2457	wire	0.0160285
2457	2458	wire	0.0160285
2458	2459	wire	0.0160285
2459	2460	wire	0.0160285
2460	2461	wire	0.0160285
2461	2462	wire	0.0160285
2462	2463	wire	0.0160285
2463	2464	wire	0.0160285
2464	2465	wire	0.0160285
2465	2466	wire	0.0160285
2466	2467	wire	0.0160285
2467	2468	wire	0.0160285
2468	2469	wire	0.0160285
2469	2470	wire	0.0160285
2471	2472	wire	0.0160285
2472	2473	wire	0.0160285
2473	2474	wire	0.0160285
2474	2475	wire	0.0160285
2475	2476	wire	0.0160285
2476	2477	wire	0.0160285
2477	2478	wire	0.0160285
2478	2479	wire	0.0160285
2479	2480	wire	0.0160285
2480	2481	wire	0.0160285
2481	2482	wire	0.0160285
2482	2483	wire	0.0160285
2483	2484	wire	0.0160285
2484	2485	wire	0.0160285
2485	2486	wire	0.0160285
2486	2487	wire	0.0160285
2487	2488	wire	0.0160285
2488	2489	wire	0.0160285
2489	2490	wire	0.0160285
2490	2491	wire	0.0160285
2491	2492	wire	0.0160285
2492	2493	wire	0.0160285
2493	2494	wire	0.0160285
2494	2495	wire	0.0160285
2495	2496	wire	0.0160285
2496	2497	wire	0.0160285
2497	2498	wire	0.0160285
2498	2499	wire	0.0160285
2499	2500	wire	0.0160285
2500	2501	wire	0.0160285
2501	2502	wire	0.0160285
2502	2503	wire	0.0160285
2503	2504	wire	0.0160285
2504	2505	wire	0.0160285
2505	2506	wire	0.0160285
2506	2507	wire	0.0160285
2507	2508	wire	0.0160285
2508	2509	wire	0.0160285
2509	2510	wire	0.0160285
2510	2511	wire	0.0160285
2511	2512	wire	0.0160285
2512	2513	wire	0.0160285
2513	2514	wire	0.0160285
2514	2515	wire	0.0160285
2515	2516	wire	0.0160285
2516	2517	wire	0.0160285
2517	2518	wire	0.0160285
2518	2519	wire	0.0160285
2519	2520	wire	0.0160285
2520	2521	wire	0.0160285
2521	2522	wire	0.0160285
2522	2523	wire	0.0160285
2523	2524	wire	0.0160285
2524	2525	wire	0.0160285
2525	2526	wire	0.0160285
2526	2527	wire	0.0160285
2527	2528	wire	0.0160285
2528	2529	wire	0.0160285
2529	2530	wire	0.0160285
2530	2531	wire	0.0160285
2531	2532	wire	0.0160285
2532	2533	wire	0.0160285
2533	2534	wire	0.0160285
2534	2535	wire	0.0160285
2535	2536	wire	0.0160285
2536	2537	wire	0.0160285
2537	2538	wire	0.0160285
2538	2539	wire	0.0160285
2539	2540	wire	0.0160285
2540	2541	wire	0.0160285
2541	2542	wire	0.0160285
2542	2543	wire	0.0160285
2543	2544	wire	0.0160285
2544	2545	wire	0.0160285
2545	2546	wire	0.0160285
2546	2547	wire	0.0160285
2547	2548	wire	0.0160285
2548	2549	wire	0.0160285
2549	2550	wire	0.0160285
2550	2551	wire	0.0160285
2551	2552	wire	0.0160285
2552	2553	wire	0.0160285
2553	2554	wire	0.0160285
2554	2555	wire	0.0160285
2555	2556	wire	0.0160285
2556	2557	wire	0.0160285
2557	2558	wire	0.0160285
2558	2559	wire	0.0160285
2559	2560	wire	0.0160285
2560	2561	wire	0.0160285
2561	2562	wire	0.0160285
2562	2563	wire	0.0160285
2563	2564	wire	0.0160285
2564	2565	wire	0.0160285
2565	2566	wire	0.0160285
2566	2567	wire	0.0160285
2567	2568	wire	0.0160285
2568	2569	wire	0.0160285
2569	2570	wire	0.0160285
2570	2571	wire	0.0160285
2571	2572	wire	0.0160285
2572	2573	wire	0.0160285
2573	2574	wire	0.0160285
2574	2575	wire	0.0160285
2575	2576	wire	0.0160285
2576	2577	wire	0.0160285
2577	2578	wire	0.0160285
2578	2579	wire	0.0160285
2580	2581	wire	0.0160285
2581	2582	wire	0.0160285
2582	2583	wire	0.0160285
2583	2584	wire	0.0160285
2584	2585	wire	0.0160285
2585	2586	wire	0.0160285
2586	2587	wire	0.0160285
2587	2588	wire	0.0160285
2588	2589	wire	0.0160285
2589	2590	wire	0.0160285
2590	2591	wire	0.0160285
2591	2592	wire	0.0160285
2592	2593	wire	0.0160285
2593	2594	wire	0.0160285
2594	2595	wire	0.0160285
2595	2596	wire	0.0160285
2596	2597	wire	0.0160285
2597	2598	wire	0.0160285
2598	2599	wire	0.0160285
2599	2600	wire	0.0160285
2600	2601	wire	0.0160285
2601	2602	wire	0.0160285
2602	2603	wire	0.0160285
2603	2604	wire	0.0160285
2604	2605	wire	0.0160285
2605	2606	wire	0.0160285
2606	2607	wire	0.0160285
2607	2608	wire	0.0160285
2608	2609	wire	0.0160285
2609	2610	wire	0.0160285
2610	2611	wire	0.0160285
2611	2612	wire	0.0160285
2612	2613	wire	0.0160285
2613	2614	wire	0.0160285
2614	2615	wire	0.0160285
2615	2616	wire	0.0160285
2616	2617	wire	0.0160285
2617	2618	wire	0.0160285
2618	2619	wire	0.0160285
2619	2620	wire	0.0160285
2620	2621	wire	0.0160285
2621	2622	wire	0.0160285
2622	2623	wire	0.0160285
2623	2624	wire	0.0160285
2624	2625	wire	0.0160285
2625	2626	wire	0.0160285
2626	2627	wire	0.0160285
2627	2628	wire	0.0160285
2628	2629	wire	0.0160285
2629	2630	wire	0.0160285
2630	2631	wire	0.0160285
2631	2632	wire	0.0160285
2632	2633	wire	0.0160285
2633	2634	wire	0.0160285
2634	2635	wire	0.0160285
2635	2636	wire	0.0160285
2636	2637	wire	0.0160285
2637	2638	wire	0.0160285
2638	2639	wire	0.0160285
2639	2640	wire	0.0160285
2640	2641	wire	0.0160285
2641	2642	wire	0.0160285
2642	2643	wire	0.0160285
2643	2644	wire	0.0160285
2644	2645	wire	0.0160285
2645	2646	wire	0.0160285
2646	2647	wire	0.0160285
2647	2648	wire	0.0160285
2648	2649	wire	0.0160285
2649	2650	wire	0.0160285
2650	2651	wire	0.0160285
2651	2652	wire	0.0160285
2652	2653	wire	0.0160285
2653	2654	wire	0.0160285
2654	2655	wire	0.0160285
2655	2656	wire	0.0160285
2656	2657	wire	0.0160285
2657	2658	wire	0.0160285
2658	2659	wire	0.0160285
2659	2660	wire	0.0160285
2660	2661	wire	0.0160285
2661	2662	wire	0.0160285
2662	2663	wire	0.0160285
2663	2664	wire	0.0160285
2664	2665	wire	0.0160285
2665	2666	wire	0.0160285
2666	2667	wire	0.0160285
2667	2668	wire	0.0160285
2668	2669	wire	0.0160285
2669	2670	wire	0.0160285
2670	2671	wire	0.0160285
2671	2672	wire	0.0160285
2672	2673	wire	0.0160285
2673	2674	wire	0.0160285
2674	2675	wire	0.0160285
2675	2676	wire	0.0160285
2676	2677	wire	0.0160285
2677	2678	wire	0.0160285
2678	2679	wire	0.0160285
2679	2680	wire	0.0160285
2680	2681	wire	0.0160285
2681	2682	wire	0.0160285
2682	2683	wire	0.0160285
2683	2684	wire	0.0160285
2684	2685	wire	0.0160285
2685	2686	wire	0.0160285
2686	2687	wire	0.0160285
2687	2688	wire	0.0160285
2689	2690	wire	0.0160285
2690	2691	wire	0.0160285
2691	2692	wire	0.0160285
2692	2693	wire	0.0160285
2693	2694	wire	0.0160285
2694	2695	wire	0.0160285
2695	2696	wire	0.0160285
2696	2697	wire	0.0160285
2697	2698	wire	0.0160285
2698	2699	wire	0.0160285
2699	2700	wire	0.0160285
2700	2701	wire	0.0160285
2701	2702	wire	0.0160285
2702	2703	wire	0.0160285
2703	2704	wire	0.0160285
2704	2705	wire	0.0160285
2705	2706	wire	0.0160285
2706	2707	wire	0.0160285
2707	2708	wire	0.0160285
2708	2709	wire	0.0160285
2709	2710	wire	0.0160285
2710	2711	wire	0.0160285
2711	2712	wire	0.0160285
2712	2713	wire	0.0160285
2713	2714	wire	0.0160285
2714	2715	wire	0.0160285
2715	2716	wire	0.0160285
2716	2717	wire	0.0160285
2717	2718	wire	0.0160285
2718	2719	wire	0.0160285
2719	2720	wire	0.0160285
2720	2721	wire	0.0160285
2721	2722	wire	0.0160285
2722	2723	wire	0.0160285
2723	2724	wire	0.0160285
2724	2725	wire	0.0160285
2725	2726	wire	0.0160285
2726	2727	wire	0.0160285
2727	2728	wire	0.0160285
2728	2729	wire	0.0160285
2729	2730	wire	0.0160285
2730	2731	wire	0.0160285
2731	2732	wire	0.0160285
2732	2733	wire	0.0160285
2733	2734	wire	0.0160285
2734	2735	wire	0.0160285
2735	2736	wire	0.0160285
2736	2737	wire	0.0160285
2737	2738	wire	0.0160285
2738	2739	wire	0.0160285
2739	2740	wire	0.0160285
2740	2741	wire	0.0160285
2741	2742	wire	0.0160285
2742	2743	wire	0.0160285
2743	2744	wire	0.0160285
2744	2745	wire	0.0160285
2745	2746	wire	0.0160285
2746	2747	wire	0.0160285
2747	2748	wire	0.0160285
2748	2749	wire	0.0160285
2749	2750	wire	0.0160285
2750	2751	wire	0.0160285
2751	2752	wire	0.0160285
2752	2753	wire	0.0160285
2753	2754	wire	0.0160285
2754	2755	wire	0.0160285
2755	2756	wire	0.0160285
2756	2757	wire	0.0160285
2757	2758	wire	0.0160285
2758	2759	wire	0.0160285
2759	2760	wire	0.0160285
2760	2761	wire	0.0160285
2761	2762	wire	0.0160285
2762	2763	wire	0.0160285
2763	2764	wire	0.0160285
2764	2765	wire	0.0160285
2765	2766	wire	0.0160285
2766	2767	wire	0.0160285
2767	2768	wire	0.0160285
2768	2769	wire	0.0160285
2769	2770	wire	0.0160285
2770	2771	wire	0.0160285
2771	2772	wire	0.0160285
2772	2773	wire	0.0160285
2773	2774	wire	0.0160285
2774	2775	wire	0.0160285
2775	2776	wire	0.0160285
2776	2777	wire	0.0160285
2777	2778	wire	0.0160285
2778	2779	wire	0.0160285
2779	2780	wire	0.0160285
2780	2781	wire	0.0160285
2781	2782	wire	0.0160285
2782	2783	wire	0.0160285
2783	2784	wire	0.0160285
2784	2785	wire	0.0160285
2785	2786	wire	0.0160285
2786	2787	wire	0.0160285
2787	2788	wire	0.0160285
2788	2789	wire	0.0160285
2789	2790	wire	0.0160285
2790	2791	wire	0.0160285
2791	2792	wire	0.0160285
2792	2793	wire	0.0160285
2793	2794	wire	0.0160285
2794	2795	wire	0.0160285
2795	2796	wire	0.0160285
2796	2797	wire	0.0160285
2798	2799	wire	0.0160285
2799	2800	wire	0.0160285
2800	2801	wire	0.0160285
2801	2802	wire	0.0160285
2802	2803	wire	0.0160285
2803	2804	wire	0.0160285
2804	2805	wire	0.0160285
2805	2806	wire	0.0160285
2806	2807	wire	0.0160285
2807	2808	wire	0.0160285
2808	2809	wire	0.0160285
2809	2810	wire	0.0160285
2810	2811	wire	0.0160285
2811	2812	wire	0.0160285
2812	2813	wire	0.0160285
2813	2814	wire	0.0160285
2814	2815	wire	0.0160285
2815	2816	wire	0.0160285
2816	2817	wire	0.0160285
2817	2818	wire	0.0160285
2818	2819	wire	0.0160285
2819	2820	wire	0.0160285
2820	2821	wire	0.0160285
2821	2822	wire	0.0160285
2822	2823	wire	0.0160285
2823	2824	wire	0.0160285
2824	2825	wire	0.0160285
2825	2826	wire	0.0160285
2826	2827	wire	0.0160285
2827	2828	wire	0.0160285
2828	2829	wire	0.0160285
2829	2830	wire	0.0160285
2830	2831	wire	0.0160285
2831	2832	wire	0.0160285
2832	2833	wire	0.0160285
2833	2834	wire	0.0160285
2834	2835	wire	0.0160285
2835	2836	wire	0.0160285
2836	2837	wire	0.0160285
2837	2838	wire	0.0160285
2838	2839	wire	0.0160285
2839	2840	wire	0.0160285
2840	2841	wire	0.0160285
2841	2842	wire	0.0160285
2842	2843	wire	0.0160285
2843	2844	wire	0.0160285
2844	2845	wire	0.0160285
2845	2846	wire	0.0160285
2846	2847	wire	0.0160285
2847	2848	wire	0.0160285
2848	2849	wire	0.0160285
2849	2850	wire	0.0160285
2850	2851	wire	0.0160285
2851	2852	wire	0.0160285
2852	2853	wire	0.0160285
2853	2854	wire	0.0160285
2854	2855	wire	0.0160285
2855	2856	wire	0.0160285
2856	2857	wire	0.0160285
2857	2858	wire	0.0160285
2858	2859	wire	0.0160285
2859	2860	wire	0.0160285
2860	2861	wire	0.0160285
2861	2862	wire	0.0160285
2862	2863	wire	0.0160285
2863	2864	wire	0.0160285
2864	2865	wire	0.0160285
2865	2866	wire	0.0160285
2866	2867	wire	0.0160285
2867	2868	wire	0.0160285
2868	2869	wire	0.0160285
2869	2870	wire	0.0160285
2870	2871	wire	0.0160285
2871	2872	wire	0.0160285
2872	2873	wire	0.0160285
2873	2874	wire	0.0160285
2874	2875	wire	0.0160285
2875	2876	wire	0.0160285
2876	2877	wire	0.0160285
2877	2878	wire	0.0160285
2878	2879	wire	0.0160285
2879	2880	wire	0.0160285
2880	2881	wire	0.0160285
2881	2882	wire	0.0160285
2882	2883	wire	0.0160285
2883	2884	wire	0.0160285
2884	2885	wire	0.0160285
2885	2886	wire	0.0160285
2886	2887	wire	0.0160285
2887	2888	wire	0.0160285
2888	2889	wire	0.0160285
2889	2890	wire	0.0160285
2890	2891	wire	0.0160285
2891	2892	wire	0.0160285
2892	2893	wire	0.0160285
2893	2894	wire	0.0160285
2894	2895	wire	0.0160285
2895	2896	wire	0.0160285
2896	2897	wire	0.0160285
2897	2898	wire	0.0160285
2898	2899	wire	0.0160285
2899	2900	wire	0.0160285
2900	2901	wire	0.0160285
2901	2902	wire	0.0160285
2902	2903	wire	0.0160285
2903	2904	wire	0.0160285
2904	2905	wire	0.0160285
2905	2906	wire	0.0160285
2907	2908	wire	0.0160285
2908	2909	wire	0.0160285
2909	2910	wire	0.0160285
2910	2911	wire	0.0160285
2911	2912	wire	0.0160285
2912	2913	wire	0.0160285
2913	2914	wire	0.0160285
2914	2915	wire	0.0160285
2915	2916	wire	0.0160285
2916	2917	wire	0.0160285
2917	2918	wire	0.0160285
2918	2919	wire	0.0160285
2919	2920	wire	0.0160285
2920	2921	wire	0.0160285
2921	2922	wire	0.0160285
2922	2923	wire	0.0160285
2923	2924	wire	0.0160285
2924	2925	wire	0.0160285
2925	2926	wire	0.0160285
2926	2927	wire	0.0160285
2927	2928	wire	0.0160285
2928	2929	wire	0.0160285
2929	2930	wire	0.0160285
2930	2931	wire	0.0160285
2931	2932	wire	0.0160285
2932	2933	wire	0.0160285
2933	2934	wire	0.0160285
2934	2935	wire	0.0160285
2935	2936	wire	0.0160285
2936	2937	wire	0.0160285
2937	2938	wire	0.0160285
2938	2939	wire	0.0160285
2939	2940	wire	0.0160285
2940	2941	wire	0.0160285
2941	2942	wire	0.0160285
2942	2943	wire	0.0160285
2943	2944	wire	0.0160285
2944	2945	wire	0.0160285
2945	2946	wire	0.0160285
2946	2947	wire	0.0160285
2947	2948	wire	0.0160285
2948	2949	wire	0.0160285
2949	2950	wire	0.0160285
2950	2951	wire	0.0160285
2951	2952	wire	0.0160285
2952	2953	wire	0.0160285
2953	2954	wire	0.0160285
2954	2955	wire	0.0160285
2955	2956	wire	0.0160285
2956	2957	wire	0.0160285
2957	2958	wire	0.0160285
2958	2959	wire	0.0160285
2959	2960	wire	0.0160285
2960	2961	wire	0.0160285
2961	2962	wire	0.0160285
2962	2963	wire	0.0160285
2963	2964	wire	0.0160285
2964	2965	wire	0.0160285
2965	2966	wire	0.0160285
2966	2967	wire	0.0160285
2967	2968	wire	0.0160285
2968	2969	wire	0.0160285
2969	2970	wire	0.0160285
2970	2971	wire	0.0160285
2971	2972	wire	0.0160285
2972	2973	wire	0.0160285
2973	2974	wire	0.0160285
2974	2975	wire	0.0160285
2975	2976	wire	0.0160285
2976	2977	wire	0.0160285
2977	2978	wire	0.0160285
2978	2979	wire	0.0160285
2979	2980	wire	0.0160285
2980	2981	wire	0.0160285
2981	2982	wire	0.0160285
2982	2983	wire	0.0160285
2983	2984	wire	0.0160285
2984	2985	wire	0.0160285
2985	2986	wire	0.0160285
2986	2987	wire	0.0160285
2987	2988	wire	0.0160285
2988	2989	wire	0.0160285
2989	2990	wire	0.0160285
2990	2991	wire	0.0160285
2991	2992	wire	0.0160285
2992	2993	wire	0.0160285
2993	2994	wire	0.0160285
2994	2995	wire	0.0160285
2995	2996	wire	0.0160285
2996	2997	wire	0.0160285
2997	2998	wire	0.0160285
2998	2999	wire	0.0160285
2999	3000	wire	0.0160285
3000	3001	wire	0.0160285
3001	3002	wire	0.0160285
3002	3003	wire	0.0160285
3003	3004	wire	0.0160285
3004	3005	wire	0.0160285
3005	3006	wire	0.0160285
3006	3007	wire	0.0160285
3007	3008	wire	0.0160285
3008	3009	wire	0.0160285
3009	3010	wire	0.0160285
3010	3011	wire	0.0160285
3011	3012	wire	0.0160285
3012	3013	wire	0.0160285
3013	3014	wire	0.0160285
3014	3015	wire	0.0160285
3016	3017	wire	0.0160285
3017	3018	wire	0.0160285
3018	3019	wire	0.0160285
3019	3020	wire	0.0160285
3020	3021	wire	0.0160285
3021	3022	wire	0.0160285
3022	3023	wire	0.0160285
3023	3024	wire	0.0160285
3024	3025	wire	0.0160285
3025	3026	wire	0.0160285
3026	3027	wire	0.0160285
3027	3028	wire	0.0160285
3028	3029	wire	0.0160285
3029	3030	wire	0.0160285
3030	3031	wire	0.0160285
3031	3032	wire	0.0160285
3032	3033	wire	0.0160285
3033	3034	wire	0.0160285
3034	3035	wire	0.0160285
3035	3036	wire	0.0160285
3036	3037	wire	0.0160285
3037	3038	wire	0.0160285
3038	3039	wire	0.0160285
3039	3040	wire	0.0160285
3040	3041	wire	0.0160285
3041	3042	wire	0.0160285
3042	3043	wire	0.0160285
3043	3044	wire	0.0160285
3044	3045	wire	0.0160285
3045	3046	wire	0.0160285
3046	3047	wire	0.0160285
3047	3048	wire	0.0160285
3048	3049	wire	0.0160285
3049	3050	wire	0.0160285
3050	3051	wire	0.0160285
3051	3052	wire	0.0160285
3052	3053	wire	0.0160285
3053	3054	wire	0.0160285
3054	3055	wire	0.0160285
3055	3056	wire	0.0160285
3056	3057	wire	0.0160285
3057	3058	wire	0.0160285
3058	3059	wire	0.0160285
3059	3060	wire	0.0160285
3060	3061	wire	0.0160285
3061	3062	wire	0.0160285
3062	3063	wire	0.0160285
3063	3064	wire	0.0160285
3064	3065	wire	0.0160285
3065	3066	wire	0.0160285
3066	3067	wire	0.0160285
3067	3068	wire	0.0160285
3068	3069	wire	0.0160285
3069	3070	wire	0.0160285
3070	3071	wire	0.0160285
3071	3072	wire	0.0160285
3072	3073	wire	0.0160285
3073	3074	wire	0.0160285
3074	3075	wire	0.0160285
3075	3076	wire	0.0160285
3076	3077	wire	0.0160285
3077	3078	wire	0.0160285
3078	3079	wire	0.0160285
3079	3080	wire	0.0160285
3080	3081	wire	0.0160285
3081	3082	wire	0.0160285
3082	3083	wire	0.0160285
3083	3084	wire	0.0160285
3084	3085	wire	0.0160285
3085	3086	wire	0.0160285
3086	3087	wire	0.0160285
3087	3088	wire	0.0160285
3088	3089	wire	0.0160285
3089	3090	wire	0.0160285
3090	3091	wire	0.0160285
3091	3092	wire	0.0160285
3092	3093	wire	0.0160285
3093	3094	wire	0.0160285
3094	3095	wire	0.0160285
3095	3096	wire	0.0160285
3096	3097	wire	0.0160285
3097	3098	wire	0.0160285
3098	3099	wire	0.0160285
3099	3100	wire	0.0160285
3100	3101	wire	0.0160285
3101	3102	wire	0.0160285
3102	3103	wire	0.0160285
3103	3104	wire	0.0160285
3104	3105	wire	0.0160285
3105	3106	wire	0.0160285
3106	3107	wire	0.0160285
3107	3108	wire	0.0160285
3108	3109	wire	0.0160285
3109	3110	wire	0.0160285
3110	3111	wire	0.0160285
3111	3112	wire	0.0160285
3112	3113	wire	0.0160285
3113	3114	wire	0.0160285
3114	3115	wire	0.0160285
3115	3116	wire	0.0160285
3116	3117	wire	0.0160285
3117	3118	wire	0.0160285
3118	3119	wire	0.0160285
3119	3120	wire	0.0160285
3120	3121	wire	0.0160285
3121	3122	wire	0.0160285
3122	3123	wire	0.0160285
3123	3124	wire	0.0160285
3125	3126	wire	0.0160285
3126	3127	wire	0.0160285
3127	3128	wire	0.0160285
3128	3129	wire	0.0160285
3129	3130	wire	0.0160285
3130	3131	wire	0.0160285
3131	3132	wire	0.0160285
3132	3133	wire	0.0160285
3133	3134	wire	0.0160285
3134	3135	wire	0.0160285
3135	3136	wire	0.0160285
3136	3137	wire	0.0160285
3137	3138	wire	0.0160285
3138	3139	wire	0.0160285
3139	3140	wire	0.0160285
3140	3141	wire	0.0160285
3141	3142	wire	0.0160285
3142	3143	wire	0.0160285
3143	3144	wire	0.0160285
3144	3145	wire	0.0160285
3145	3146	wire	0.0160285
3146	3147	wire	0.0160285
3147	3148	wire	0.0160285
3148	3149	wire	0.0160285
3149	3150	wire	0.0160285
3150	3151	wire	0.0160285
3151	3152	wire	0.0160285
3152	3153	wire	0.0160285
3153	3154	wire	0.0160285
3154	3155	wire	0.0160285
3155	3156	wire	0.0160285
3156	3157	wire	0.0160285
3157	3158	wire	0.0160285
3158	3159	wire	0.0160285
3159	3160	wire	0.0160285
3160	3161	wire	0.0160285
3161	3162	wire	0.0160285
3162	3163	wire	0.0160285
3163	3164	wire	0.0160285
3164	3165	wire	0.0160285
3165	3166	wire	0.0160285
3166	3167	wire	0.0160285
3167	3168	wire	0.0160285
3168	3169	wire	0.0160285
3169	3170	wire	0.0160285
3170	3171	wire	0.0160285
3171	3172	wire	0.0160285
3172	3173	wire	0.0160285
3173	3174	wire	0.0160285
3174	3175	wire	0.0160285
3175	3176	wire	0.0160285
3176	3177	wire	0.0160285
3177	3178	wire	0.0160285
3178	3179	wire	0.0160285
3179	3180	wire	0.0160285
3180	3181	wire	0.0160285
3181	3182	wire	0.0160285
3182	3183	wire	0.0160285
3183	3184	wire	0.0160285
3184	3185	wire	0.0160285
3185	3186	wire	0.0160285
3186	3187	wire	0.0160285
3187	3188	wire	0.0160285
3188	3189	wire	0.0160285
3189	3190	wire	0.0160285
3190	3191	wire	0.0160285
3191	3192	wire	0.0160285
3192	3193	wire	0.0160285
3193	3194	wire	0.0160285
3194	3195	wire	0.0160285
3195	3196	wire	0.0160285
3196	3197	wire	0.0160285
3197	3198	wire	0.0160285
3198	3199	wire	0.0160285
3199	3200	wire	0.0160285
3200	3201	wire	0.0160285
3201	3202	wire	0.0160285
3202	3203	wire	0.0160285
3203	3204	wire	0.0160285
3204	3205	wire	0.0160285
3205	3206	wire	0.0160285
3206	3207	wire	0.0160285
3207	3208	wire	0.0160285
3208	3209	wire	0.0160285
3209	3210	wire	0.0160285
3210	3211	wire	0.0160285
3211	3212	wire	0.0160285
3212	3213	wire	0.0160285
3213	3214	wire	0.0160285
3214	3215	wire	0.0160285
3215	3216	wire	0.0160285
3216	3217	wire	0.0160285
3217	3218	wire	0.0160285
3218	3219	wire	0.0160285
3219	3220	wire	0.0160285
3220	3221	wire	0.0160285
3221	3222	wire	0.0160285
3222	3223	wire	0.0160285
3223	3224	wire	0.0160285
3224	3225	wire	0.0160285
3225	3226	wire	0.0160285
3226	3227	wire	0.0160285
3227	3228	wire	0.0160285
3228	3229	wire	0.0160285
3229	3230	wire	0.0160285
3230	3231	wire	0.0160285
3231	3232	wire	0.0160285
3232	3233	wire	0.0160285
3234	3235	wire	0.0160285
3235	3236	wire	0.0160285
3236	3237	wire	0.0160285
3237	3238	wire	0.0160285
3238	3239	wire	0.0160285
3239	3240	wire	0.0160285
3240	3241	wire	0.0160285
3241	3242	wire	0.0160285
3242	3243	wire	0.0160285
3243	3244	wire	0.0160285
3244	3245	wire	0.0160285
3245	3246	wire	0.0160285
3246	3247	wire	0.0160285
3247	3248	wire	0.0160285
3248	3249	wire	0.0160285
3249	3250	wire	0.0160285
3250	3251	wire	0.0160285
3251	3252	wire	0.0160285
3252	3253	wire	0.0160285
3253	3254	wire	0.0160285
3254	3255	wire	0.0160285
3255	3256	wire	0.0160285
3256	3257	wire	0.0160285
3257	3258	wire	0.0160285
3258	3259	wire	0.0160285
3259	3260	wire	0.0160285
3260	3261	wire	0.0160285
3261	3262	wire	0.0160285
3262	3263	wire	0.0160285
3263	3264	wire	0.0160285
3264	3265	wire	0.0160285
3265	3266	wire	0.0160285
3266	3267	wire	0.0160285
3267	3268	wire	0.0160285
3268	3269	wire	0.0160285
3269	3270	wire	0.0160285
3270	3271	wire	0.0160285
3271	3272	wire	0.0160285
3272	3273	wire	0.0160285
3273	3274	wire	0.0160285
3274	3275	wire	0.0160285
3275	3276	wire	0.0160285
3276	3277	wire	0.0160285
3277	3278	wire	0.0160285
3278	3279	wire	0.0160285
3279	3280	wire	0.0160285
3280	3281	wire	0.0160285
3281	3282	wire	0.0160285
3282	3283	wire	0.0160285
3283	3284	wire	0.0160285
3284	3285	wire	0.0160285
3285	3286	wire	0.0160285
3286	3287	wire	0.0160285
3287	3288	wire	0.0160285
3288	3289	wire	0.0160285
3289	3290	wire	0.0160285
3290	3291	wire	0.0160285
3291	3292	wire	0.0160285
3292	3293	wire	0.0160285
3293	3294	wire	0.0160285
3294	3295	wire	0.0160285
3295	3296	wire	0.0160285
3296	3297	wire	0.0160285
3297	3298	wire	0.0160285
3298	3299	wire	0.0160285
3299	3300	wire	0.0160285
3300	3301	wire	0.0160285
3301	3302	wire	0.0160285
3302	3303	wire	0.0160285
3303	3304	wire	0.0160285
3304	3305	wire	0.0160285
3305	3306	wire	0.0160285
3306	3307	wire	0.0160285
3307	3308	wire	0.0160285
3308	3309	wire	0.0160285
3309	3310	wire	0.0160285
3310	3311	wire	0.0160285
3311	3312	wire	0.0160285
3312	3313	wire	0.0160285
3313	3314	wire	0.0160285
3314	3315	wire	0.0160285
3315	3316	wire	0.0160285
3316	3317	wire	0.0160285
3317	3318	wire	0.0160285
3318	3319	wire	0.0160285
3319	3320	wire	0.0160285
3320	3321	wire	0.0160285
3321	3322	wire	0.0160285
3322	3323	wire	0.0160285
3323	3324	wire	0.0160285
3324	3325	wire	0.0160285
3325	3326	wire	0.0160285
3326	3327	wire	0.0160285
3327	3328	wire	0.0160285
3328	3329	wire	0.0160285
3329	3330	wire	0.0160285
3330	3331	wire	0.0160285
3331	3332	wire	0.0160285
3332	3333	wire	0.0160285
3333	3334	wire	0.0160285
3334	3335	wire	0.0160285
3335	3336	wire	0.0160285
3336	3337	wire	0.0160285
3337	3338	wire	0.0160285
3338	3339	wire	0.0160285
3339	3340	wire	0.0160285
3340	3341	wire	0.0160285
3341	3342	wire	0.0160285
3343	3344	wire	0.0160285
3344	3345	wire	0.0160285
3345	3346	wire	0.0160285
3346	3347	wire	0.0160285
3347	3348	wire	0.0160285
3348	3349	wire	0.0160285
3349	3350	wire	0.0160285
3350	3351	wire	0.0160285
3351	3352	wire	0.0160285
3352	3353	wire	0.0160285
3353	3354	wire	0.0160285
3354	3355	wire	0.0160285
3355	3356	wire	0.0160285
3356	3357	wire	0.0160285
3357	3358	wire	0.0160285
3358	3359	wire	0.0160285
3359	3360	wire	0.0160285
3360	3361	wire	0.0160285
3361	3362	wire	0.0160285
3362	3363	wire	0.0160285
3363	3364	wire	0.0160285
3364	3365	wire	0.0160285
3365	3366	wire	0.0160285
3366	3367	wire	0.0160285
3367	3368	wire	0.0160285
3368	3369	wire	0.0160285
3369	3370	wire	0.0160285
3370	3371	wire	0.0160285
3371	3372	wire	0.0160285
3372	3373	wire	0.0160285
3373	3374	wire	0.0160285
3374	3375	wire	0.0160285
3375	3376	wire	0.0160285
3376	3377	wire	0.0160285
3377	3378	wire	0.0160285
3378	3379	wire	0.0160285
3379	3380	wire	0.0160285
3380	3381	wire	0.0160285
3381	3382	wire	0.0160285
3382	3383	wire	0.0160285
3383	3384	wire	0.0160285
3384	3385	wire	0.0160285
3385	3386	wire	0.0160285
3386	3387	wire	0.0160285
3387	3388	wire	0.0160285
3388	3389	wire	0.0160285
3389	3390	wire	0.0160285
3390	3391	wire	0.0160285
3391	3392	wire	0.0160285
3392	3393	wire	0.0160285
3393	3394	wire	0.0160285
3394	3395	wire	0.0160285
3395	3396	wire	0.0160285
3396	3397	wire	0.0160285
3397	3398	wire	0.0160285
3398	3399	wire	0.0160285
3399	3400	wire	0.0160285
3400	3401	wire	0.0160285
3401	3402	wire	0.0160285
3402	3403	wire	0.0160285
3403	3404	wire	0.0160285
3404	3405	wire	0.0160285
3405	3406	wire	0.0160285
3406	3407	wire	0.0160285
3407	3408	wire	0.0160285
3408	3409	wire	0.0160285
3409	3410	wire	0.0160285
3410	3411	wire	0.0160285
3411	3412	wire	0.0160285
3412	3413	wire	0.0160285
3413	3414	wire	0.0160285
3414	3415	wire	0.0160285
3415	3416	wire	0.0160285
3416	3417	wire	0.0160285
3417	3418	wire	0.0160285
3418	3419	wire	0.0160285
3419	3420	wire	0.0160285
3420	3421	wire	0.0160285
3421	3422	wire	0.0160285
3422	3423	wire	0.0160285
3423	3424	wire	0.0160285
3424	3425	wire	0.0160285
3425	3426	wire	0.0160285
3426	3427	wire	0.0160285
3427	3428	wire	0.0160285
3428	3429	wire	0.0160285
3429	3430	wire	0.0160285
3430	3431	wire	0.0160285
3431	3432	wire	0.0160285
3432	3433	wire	0.0160285
3433	3434	wire	0.0160285
3434	3435	wire	0.0160285
3435	3436	wire	0.0160285
3436	3437	wire	0.0160285
3437	3438	wire	0.0160285
3438	3439	wire	0.0160285
3439	3440	wire	0.0160285
3440	3441	wire	0.0160285
3441	3442	wire	0.0160285
3442	3443	wire	0.0160285
3443	3444	wire	0.0160285
3444	3445	wire	0.0160285
3445	3446	wire	0.0160285
3446	3447	wire	0.0160285
3447	3448	wire	0.0160285
3448	3449	wire	0.0160285
3449	3450	wire	0.0160285
3450	3451	wire	0.0160285
3452	3453	wire	0.0160285
3453	3454	wire	0.0160285
3454	3455	wire	0.0160285
3455	3456	wire	0.0160285
3456	3457	wire	0.0160285
3457	3458	wire	0.0160285
3458	3459	wire	0.0160285
3459	3460	wire	0.0160285
3460	3461	wire	0.0160285
3461	3462	wire	0.0160285
3462	3463	wire	0.0160285
3463	3464	wire	0.0160285
3464	3465	wire	0.0160285
3465	3466	wire	0.0160285
3466	3467	wire	0.0160285
3467	3468	wire	0.0160285
3468	3469	wire	0.0160285
3469	3470	wire	0.0160285
3470	3471	wire	0.0160285
3471	3472	wire	0.0160285
3472	3473	wire	0.0160285
3473	3474	wire	0.0160285
3474	3475	wire	0.0160285
3475	3476	wire	0.0160285
3476	3477	wire	0.0160285
3477	3478	wire	0.0160285
3478	3479	wire	0.0160285
3479	3480	wire	0.0160285
3480	3481	wire	0.0160285
3481	3482	wire	0.0160285
3482	3483	wire	0.0160285
3483	3484	wire	0.0160285
3484	3485	wire	0.0160285
3485	3486	wire	0.0160285
3486	3487	wire	0.0160285
3487	3488	wire	0.0160285
3488	3489	wire	0.0160285
3489	3490	wire	0.0160285
3490	3491	wire	0.0160285
3491	3492	wire	0.0160285
3492	3493	wire	0.0160285
3493	3494	wire	0.0160285
3494	3495	wire	0.0160285
3495	3496	wire	0.0160285
3496	3497	wire	0.0160285
3497	3498	wire	0.0160285
3498	3499	wire	0.0160285
3499	3500	wire	0.0160285
3500	3501	wire	0.0160285
3501	3502	wire	0.0160285
3502	3503	wire	0.0160285
3503	3504	wire	0.0160285
3504	3505	wire	0.0160285
3505	3506	wire	0.0160285
3506	3507	wire	0.0160285
3507	3508	wire	0.0160285
3508	3509	wire	0.0160285
3509	3510	wire	0.0160285
3510	3511	wire	0.0160285
3511	3512	wire	0.0160285
3512	3513	wire	0.0160285
3513	3514	wire	0.0160285
3514	3515	wire	0.0160285
3515	3516	wire	0.0160285
3516	3517	wire	0.0160285
3517	3518	wire	0.0160285
3518	3519	wire	0.0160285
3519	3520	wire	0.0160285
3520	3521	wire	0.0160285
3521	3522	wire	0.0160285
3522	3523	wire	0.0160285
3523	3524	wire	0.0160285
3524	3525	wire	0.0160285
3525	3526	wire	0.0160285
3526	3527	wire	0.0160285
3527	3528	wire	0.0160285
3528	3529	wire	0.0160285
3529	3530	wire	0.0160285
3530	3531	wire	0.0160285
3531	3532	wire	0.0160285
3532	3533	wire	0.0160285
3533	3534	wire	0.0160285
3534	3535	wire	0.0160285
3535	3536	wire	0.0160285
3536	3537	wire	0.0160285
3537	3538	wire	0.0160285
3538	3539	wire	0.0160285
3539	3540	wire	0.0160285
3540	3541	wire	0.0160285
3541	3542	wire	0.0160285
3542	3543	wire	0.0160285
3543	3544	wire	0.0160285
3544	3545	wire	0.0160285
3545	3546	wire	0.0160285
3546	3547	wire	0.0160285
3547	3548	wire	0.0160285
3548	3549	wire	0.0160285
3549	3550	wire	0.0160285
3550	3551	wire	0.0160285
3551	3552	wire	0.0160285
3552	3553	wire	0.0160285
3553	3554	wire	0.0160285
3554	3555	wire	0.0160285
3555	3556	wire	0.0160285
3556	3557	wire	0.0160285
3557	3558	wire	0.0160285
3558	3559	wire	0.0160285
3559	3560	wire	0.0160285
3561	3562	wire	0.0160285
3562	3563	wire	0.0160285
3563	3564	wire	0.0160285
3564	3565	wire	0.0160285
3565	3566	wire	0.0160285
3566	3567	wire	0.0160285
3567	3568	wire	0.0160285
3568	3569	wire	0.0160285
3569	3570	wire	0.0160285
3570	3571	wire	0.0160285
3571	3572	wire	0.0160285
3572	3573	wire	0.0160285
3573	3574	wire	0.0160285
3574	3575	wire	0.0160285
3575	3576	wire	0.0160285
3576	3577	wire	0.0160285
3577	3578	wire	0.0160285
3578	3579	wire	0.0160285
3579	3580	wire	0.0160285
3580	3581	wire	0.0160285
3581	3582	wire	0.0160285
3582	3583	wire	0.0160285
3583	3584	wire	0.0160285
3584	3585	wire	0.0160285
3585	3586	wire	0.0160285
3586	3587	wire	0.0160285
3587	3588	wire	0.0160285
3588	3589	wire	0.0160285
3589	3590	wire	0.0160285
3590	3591	wire	0.0160285
3591	3592	wire	0.0160285
3592	3593	wire	0.0160285
3593	3594	wire	0.0160285
3594	3595	wire	0.0160285
3595	3596	wire	0.0160285
3596	3597	wire	0.0160285
3597	3598	wire	0.0160285
3598	3599	wire	0.0160285
3599	3600	wire	0.0160285
3600	3601	wire	0.0160285
3601	3602	wire	0.0160285
3602	3603	wire	0.0160285
3603	3604	wire	0.0160285
3604	3605	wire	0.0160285
3605	3606	wire	0.0160285
3606	3607	wire	0.0160285
3607	3608	wire	0.0160285
3608	3609	wire	0.0160285
3609	3610	wire	0.0160285
3610	3611	wire	0.0160285
3611	3612	wire	0.0160285
3612	3613	wire	0.0160285
3613	3614	wire	0.0160285
3614	3615	wire	0.0160285
3615	3616	wire	0.0160285
3616	3617	wire	0.0160285
3617	3618	wire	0.0160285
3618	3619	wire	0.0160285
3619	3620	wire	0.0160285
3620	3621	wire	0.0160285
3621	3622	wire	0.0160285
3622	3623	wire	0.0160285
3623	3624	wire	0.0160285
3624	3625	wire	0.0160285
3625	3626	wire	0.0160285
3626	3627	wire	0.0160285
3627	3628	wire	0.0160285
3628	3629	wire	0.0160285
3629	3630	wire	0.0160285
3630	3631	wire	0.0160285
3631	3632	wire	0.0160285
3632	3633	wire	0.0160285
3633	3634	wire	0.0160285
3634	3635	wire	0.0160285
3635	3636	wire	0.0160285
3636	3637	wire	0.0160285
3637	3638	wire	0.0160285
3638	3639	wire	0.0160285
3639	3640	wire	0.0160285
3640	3641	wire	0.0160285
3641	3642	wire	0.0160285
3642	3643	wire	0.0160285
3643	3644	wire	0.0160285
3644	3645	wire	0.0160285
3645	3646	wire	0.0160285
3646	3647	wire	0.0160285
3647	3648	wire	0.0160285
3648	3649	wire	0.0160285
3649	3650	wire	0.0160285
3650	3651	wire	0.0160285
3651	3652	wire	0.0160285
3652	3653	wire	0.0160285
3653	3654	wire	0.0160285
3654	3655	wire	0.0160285
3655	3656	wire	0.0160285
3656	3657	wire	0.0160285
3657	3658	wire	0.0160285
3658	3659	wire	0.0160285
3659	3660	wire	0.0160285
3660	3661	wire	0.0160285
3661	3662	wire	0.0160285
3662	3663	wire	0.0160285
3663	3664	wire	0.0160285
3664	3665	wire	0.0160285
3665	3666	wire	0.0160285
3666	3667	wire	0.0160285
3667	3668	wire	0.0160285
3668	3669	wire	0.0160285
3670	3671	wire	0.0160285
3671	3672	wire	0.0160285
3672	3673	wire	0.0160285
3673	3674	wire	0.0160285
3674	3675	wire	0.0160285
3675	3676	wire	0.0160285
3676	3677	wire	0.0160285
3677	3678	wire	0.0160285
3678	3679	wire	0.0160285
3679	3680	wire	0.0160285
3680	3681	wire	0.0160285
3681	3682	wire	0.0160285
3682	3683	wire	0.0160285
3683	3684	wire	0.0160285
3684	3685	wire	0.0160285
3685	3686	wire	0.0160285
3686	3687	wire	0.0160285
3687	3688	wire	0.0160285
3688	3689	wire	0.0160285
3689	3690	wire	0.0160285
3690	3691	wire	0.0160285
3691	3692	wire	0.0160285
3692	3693	wire	0.0160285
3693	3694	wire	0.0160285
3694	3695	wire	0.0160285
3695	3696	wire	0.0160285
3696	3697	wire	0.0160285
3697	3698	wire	0.0160285
3698	3699	wire	0.0160285
3699	3700	wire	0.0160285
3700	3701	wire	0.0160285
3701	3702	wire	0.0160285
3702	3703	wire	0.0160285
3703	3704	wire	0.0160285
3704	3705	wire	0.0160285
3705	3706	wire	0.0160285
3706	3707	wire	0.0160285
3707	3708	wire	0.0160285
3708	3709	wire	0.0160285
3709	3710	wire	0.0160285
3710	3711	wire	0.0160285
3711	3712	wire	0.0160285
3712	3713	wire	0.0160285
3713	3714	wire	0.0160285
3714	3715	wire	0.0160285
3715	3716	wire	0.0160285
3716	3717	wire	0.0160285
3717	3718	wire	0.0160285
3718	3719	wire	0.0160285
3719	3720	wire	0.0160285
3720	3721	wire	0.0160285
3721	3722	wire	0.0160285
3722	3723	wire	0.0160285
3723	3724	wire	0.0160285
3724	3725	wire	0.0160285
3725	3726	wire	0.0160285
3726	3727	wire	0.0160285
3727	3728	wire	0.0160285
3728	3729	wire	0.0160285
3729	3730	wire	0.0160285
3730	3731	wire	0.0160285
3731	3732	wire	0.0160285
3732	3733	wire	0.0160285
3733	3734	wire	0.0160285
3734	3735	wire	0.0160285
3735	3736	wire	0.0160285
3736	3737	wire	0.0160285
3737	3738	wire	0.0160285
3738	3739	wire	0.0160285
3739	3740	wire	0.0160285
3740	3741	wire	0.0160285
3741	3742	wire	0.0160285
3742	3743	wire	0.0160285
3743	3744	wire	0.0160285
3744	3745	wire	0.0160285
3745	3746	wire	0.0160285
3746	3747	wire	0.0160285
3747	3748	wire	0.0160285
3748	3749	wire	0.0160285
3749	3750	wire	0.0160285
3750	3751	wire	0.0160285
3751	3752	wire	0.0160285
3752	3753	wire	0.0160285
3753	3754	wire	0.0160285
3754	3755	wire	0.0160285
3755	3756	wire	0.0160285
3756	3757	wire	0.0160285
3757	3758	wire	0.0160285
3758	3759	wire	0.0160285
3759	3760	wire	0.0160285
3760	3761	wire	0.0160285
3761	3762	wire	0.0160285
3762	3763	wire	0.0160285
3763	3764	wire	0.0160285
3764	3765	wire	0.0160285
3765	3766	wire	0.0160285
3766	3767	wire	0.0160285
3767	3768	wire	0.0160285
3768	3769	wire	0.0160285
3769	3770	wire	0.0160285
3770	3771	wire	0.0160285
3771	3772	wire	0.0160285
3772	3773	wire	0.0160285
3773	3774	wire	0.0160285
3774	3775	wire	0.0160285
3775	3776	wire	0.0160285
3776	3777	wire	0.0160285
3777	3778	wire	0.0160285
3779	3780	wire	0.0160285
3780	3781	wire	0.0160285
3781	3782	wire	0.0160285
3782	3783	wire	0.0160285
3783	3784	wire	0.0160285
3784	3785	wire	0.0160285
3785	3786	wire	0.0160285
3786	3787	wire	0.0160285
3787	3788	wire	0.0160285
3788	3789	wire	0.0160285
3789	3790	wire	0.0160285
3790	3791	wire	0.0160285
3791	3792	wire	0.0160285
3792	3793	wire	0.0160285
3793	3794	wire	0.0160285
3794	3795	wire	0.0160285
3795	3796	wire	0.0160285
3796	3797	wire	0.0160285
3797	3798	wire	0.0160285
3798	3799	wire	0.0160285
3799	3800	wire	0.0160285
3800	3801	wire	0.0160285
3801	3802	wire	0.0160285
3802	3803	wire	0.0160285
3803	3804	wire	0.0160285
3804	3805	wire	0.0160285
3805	3806	wire	0.0160285
3806	3807	wire	0.0160285
3807	3808	wire	0.0160285
3808	3809	wire	0.0160285
3809	3810	wire	0.0160285
3810	3811	wire	0.0160285
3811	3812	wire	0.0160285
3812	3813	wire	0.0160285
3813	3814	wire	0.0160285
3814	3815	wire	0.0160285
3815	3816	wire	0.0160285
3816	3817	wire	0.0160285
3817	3818	wire	0.0160285
3818	3819	wire	0.0160285
3819	3820	wire	0.0160285
3820	3821	wire	0.0160285
3821	3822	wire	0.0160285
3822	3823	wire	0.0160285
3823	3824	wire	0.0160285
3824	3825	wire	0.0160285
3825	3826	wire	0.0160285
3826	3827	wire	0.0160285
3827	3828	wire	0.0160285
3828	3829	wire	0.0160285
3829	3830	wire	0.0160285
3830	3831	wire	0.0160285
3831	3832	wire	0.0160285
3832	3833	wire	0.0160285
3833	3834	wire	0.0160285
3834	3835	wire	0.0160285
3835	3836	wire	0.0160285
3836	3837	wire	0.0160285
3837	3838	wire	0.0160285
3838	3839	wire	0.0160285
3839	3840	wire	0.0160285
3840	3841	wire	0.0160285
3841	3842	wire	0.0160285
3842	3843	wire	0.0160285
3843	3844	wire	0.0160285
3844	3845	wire	0.0160285
3845	3846	wire	0.0160285
3846	3847	wire	0.0160285
3847	3848	wire	0.0160285
3848	3849	wire	0.0160285
3849	3850	wire	0.0160285
3850	3851	wire	0.0160285
3851	3852	wire	0.0160285
3852	3853	wire	0.0160285
3853	3854	wire	0.0160285
3854	3855	wire	0.0160285
3855	3856	wire	0.0160285
3856	3857	wire	0.0160285
3857	3858	wire	0.0160285
3858	3859	wire	0.0160285
3859	3860	wire	0.0160285
3860	3861	wire	0.0160285
3861	3862	wire	0.0160285
3862	3863	wire	0.0160285
3863	3864	wire	0.0160285
3864	3865	wire	0.0160285
3865	3866	wire	0.0160285
3866	3867	wire	0.0160285
3867	3868	wire	0.0160285
3868	3869	wire	0.0160285
3869	3870	wire	0.0160285
3870	3871	wire	0.0160285
3871	3872	wire	0.0160285
3872	3873	wire	0.0160285
3873	3874	wire	0.0160285
3874	3875	wire	0.0160285
3875	3876	wire	0.0160285
3876	3877	wire	0.0160285
3877	3878	wire	0.0160285
3878	3879	wire	0.0160285
3879	3880	wire	0.0160285
3880	3881	wire	0.0160285
3881	3882	wire	0.0160285
3882	3883	wire	0.0160285
3883	3884	wire	0.0160285
3884	3885	wire	0.0160285
3885	3886	wire	0.0160285
3886	3887	wire	0.0160285
3888	3889	wire	0.0160285
3889	3890	wire	0.0160285
3890	3891	wire	0.0160285
3891	3892	wire	0.0160285
3892	3893	wire	0.0160285
3893	3894	wire	0.0160285
3894	3895	wire	0.0160285
3895	3896	wire	0.0160285
3896	3897	wire	0.0160285
3897	3898	wire	0.0160285
3898	3899	wire	0.0160285
3899	3900	wire	0.0160285
3900	3901	wire	0.0160285
3901	3902	wire	0.0160285
3902	3903	wire	0.0160285
3903	3904	wire	0.0160285
3904	3905	wire	0.0160285
3905	3906	wire	0.0160285
3906	3907	wire	0.0160285
3907	3908	wire	0.0160285
3908	3909	wire	0.0160285
3909	3910	wire	0.0160285
3910	3911	wire	0.0160285
3911	3912	wire	0.0160285
3912	3913	wire	0.0160285
3913	3914	wire	0.0160285
3914	3915	wire	0.0160285
3915	3916	wire	0.0160285
3916	3917	wire	0.0160285
3917	3918	wire	0.0160285
3918	3919	wire	0.0160285
3919	3920	wire	0.0160285
3920	3921	wire	0.0160285
3921	3922	wire	0.0160285
3922	3923	wire	0.0160285
3923	3924	wire	0.0160285
3924	3925	wire	0.0160285
3925	3926	wire	0.0160285
3926	3927	wire	0.0160285
3927	3928	wire	0.0160285
3928	3929	wire	0.0160285
3929	3930	wire	0.0160285
3930	3931	wire	0.0160285
3931	3932	wire	0.0160285
3932	3933	wire	0.0160285
3933	3934	wire	0.0160285
3934	3935	wire	0.0160285
3935	3936	wire	0.0160285
3936	3937	wire	0.0160285
3937	3938	wire	0.0160285
3938	3939	wire	0.0160285
3939	3940	wire	0.0160285
3940	3941	wire	0.0160285
3941	3942	wire	0.0160285
3942	3943	wire	0.0160285
3943	3944	wire	0.0160285
3944	3945	wire	0.0160285
3945	3946	wire	0.0160285
3946	3947	wire	0.0160285
3947	3948	wire	0.0160285
3948	3949	wire	0.0160285
3949	3950	wire	0.0160285
3950	3951	wire	0.0160285
3951	3952	wire	0.0160285
3952	3953	wire	0.0160285
3953	3954	wire	0.0160285
3954	3955	wire	0.0160285
3955	3956	wire	0.0160285
3956	3957	wire	0.0160285
3957	3958	wire	0.0160285
3958	3959	wire	0.0160285
3959	3960	wire	0.0160285
3960	3961	wire	0.0160285
3961	3962	wire	0.0160285
3962	3963	wire	0.0160285
3963	3964	wire	0.0160285
3964	3965	wire	0.0160285
3965	3966	wire	0.0160285
3966	3967	wire	0.0160285
3967	3968	wire	0.0160285
3968	3969	wire	0.0160285
3969	3970	wire	0.0160285
3970	3971	wire	0.0160285
3971	3972	wire	0.0160285
3972	3973	wire	0.0160285
3973	3974	wire	0.0160285
3974	3975	wire	0.0160285
3975	3976	wire	0.0160285
3976	3977	wire	0.0160285
3977	3978	wire	0.0160285
3978	3979	wire	0.0160285
3979	3980	wire	0.0160285
3980	3981	wire	0.0160285
3981	3982	wire	0.0160285
3982	3983	wire	0.0160285
3983	3984	wire	0.0160285
3984	3985	wire	0.0160285
3985	3986	wire	0.0160285
3986	3987	wire	0.0160285
3987	3988	wire	0.0160285
3988	3989	wire	0.0160285
3989	3990	wire	0.0160285
3990	3991	wire	0.0160285
3991	3992	wire	0.0160285
3992	3993	wire	0.0160285
3993	3994	wire	0.0160285
3994	3995	wire	0.0160285
3995	3996	wire	0.0160285
3997	3998	wire	0.0160285
3998	3999	wire	0.0160285
3999	4000	wire	0.0160285
4000	4001	wire	0.0160285
4001	4002	wire	0.0160285
4002	4003	wire	0.0160285
4003	4004	wire	0.0160285
4004	4005	wire	0.0160285
4005	4006	wire	0.0160285
4006	4007	wire	0.0160285
4007	4008	wire	0.0160285
4008	4009	wire	0.0160285
4009	4010	wire	0.0160285
4010	4011	wire	0.0160285
4011	4012	wire	0.0160285
4012	4013	wire	0.0160285
4013	4014	wire	0.0160285
4014	4015	wire	0.0160285
4015	4016	wire	0.0160285
4016	4017	wire	0.0160285
4017	4018	wire	0.0160285
4018	4019	wire	0.0160285
4019	4020	wire	0.0160285
4020	4021	wire	0.0160285
4021	4022	wire	0.0160285
4022	4023	wire	0.0160285
4023	4024	wire	0.0160285
4024	4025	wire	0.0160285
4025	4026	wire	0.0160285
4026	4027	wire	0.0160285
4027	4028	wire	0.0160285
4028	4029	wire	0.0160285
4029	4030	wire	0.0160285
4030	4031	wire	0.0160285
4031	4032	wire	0.0160285
4032	4033	wire	0.0160285
4033	4034	wire	0.0160285
4034	4035	wire	0.0160285
4035	4036	wire	0.0160285
4036	4037	wire	0.0160285
4037	4038	wire	0.0160285
4038	4039	wire	0.0160285
4039	4040	wire	0.0160285
4040	4041	wire	0.0160285
4041	4042	wire	0.0160285
4042	4043	wire	0.0160285
4043	4044	wire	0.0160285
4044	4045	wire	0.0160285
4045	4046	wire	0.0160285
4046	4047	wire	0.0160285
4047	4048	wire	0.0160285
4048	4049	wire	0.0160285
4049	4050	wire	0.0160285
4050	4051	wire	0.0160285
4051	4052	wire	0.0160285
4052	4053	wire	0.0160285
4053	4054	wire	0.0160285
4054	4055	wire	0.0160285
4055	4056	wire	0.0160285
4056	4057	wire	0.0160285
4057	4058	wire	0.0160285
4058	4059	wire	0.0160285
4059	4060	wire	0.0160285
4060	4061	wire	0.0160285
4061	4062	wire	0.0160285
4062	4063	wire	0.0160285
4063	4064	wire	0.0160285
4064	4065	wire	0.0160285
4065	4066	wire	0.0160285
4066	4067	wire	0.0160285
4067	4068	wire	0.0160285
4068	4069	wire	0.0160285
4069	4070	wire	0.0160285
4070	4071	wire	0.0160285
4071	4072	wire	0.0160285
4072	4073	wire	0.0160285
4073	4074	wire	0.0160285
4074	4075	wire	0.0160285
4075	4076	wire	0.0160285
4076	4077	wire	0.0160285
4077	4078	wire	0.0160285
4078	4079	wire	0.0160285
4079	4080	wire	0.0160285
4080	4081	wire	0.0160285
4081	4082	wire	0.0160285
4082	4083	wire	0.0160285
4083	4084	wire	0.0160285
4084	4085	wire	0.0160285
4085	4086	wire	0.0160285
4086	4087	wire	0.0160285
4087	4088	wire	0.0160285
4088	4089	wire	0.0160285
4089	4090	wire	0.0160285
4090	4091	wire	0.0160285
4091	4092	wire	0.0160285
4092	4093	wire	0.0160285
4093	4094	wire	0.0160285
4094	4095	wire	0.0160285
4095	4096	wire	0.0160285
4096	4097	wire	0.0160285
4097	4098	wire	0.0160285
4098	4099	wire	0.0160285
4099	4100	wire	0.0160285
4100	4101	wire	0.0160285
4101	4102	wire	0.0160285
4102	4103	wire	0.0160285
4103	4104	wire	0.0160285
4104	4105	wire	0.0160285
4106	4107	wire	0.0160285
4107	4108	wire	0.0160285
4108	4109	wire	0.0160285
4109	4110	wire	0.0160285
4110	4111	wire	0.0160285
4111	4112	wire	0.0160285
4112	4113	wire	0.0160285
4113	4114	wire	0.0160285
4114	4115	wire	0.0160285
4115	4116	wire	0.0160285
4116	4117	wire	0.0160285
4117	4118	wire	0.0160285
4118	4119	wire	0.0160285
4119	4120	wire	0.0160285
4120	4121	wire	0.0160285
4121	4122	wire	0.0160285
4122	4123	wire	0.0160285
4123	4124	wire	0.0160285
4124	4125	wire	0.0160285
4125	4126	wire	0.0160285
4126	4127	wire	0.0160285
4127	4128	wire	0.0160285
4128	4129	wire	0.0160285
4129	4130	wire	0.0160285
4130	4131	wire	0.0160285
4131	4132	wire	0.0160285
4132	4133	wire	0.0160285
4133	4134	wire	0.0160285
4134	4135	wire	0.0160285
4135	4136	wire	0.0160285
4136	4137	wire	0.0160285
4137	4138	wire	0.0160285
4138	4139	wire	0.0160285
4139	4140	wire	0.0160285
4140	4141	wire	0.0160285
4141	4142	wire	0.0160285
4142	4143	wire	0.0160285
4143	4144	wire	0.0160285
4144	4145	wire	0.0160285
4145	4146	wire	0.0160285
4146	4147	wire	0.0160285
4147	4148	wire	0.0160285
4148	4149	wire	0.0160285
4149	4150	wire	0.0160285
4150	4151	wire	0.0160285
4151	4152	wire	0.0160285
4152	4153	wire	0.0160285
4153	4154	wire	0.0160285
4154	4155	wire	0.0160285
4155	4156	wire	0.0160285
4156	4157	wire	0.0160285
4157	4158	wire	0.0160285
4158	4159	wire	0.0160285
4159	4160	wire	0.0160285
4160	4161	wire	0.0160285
4161	4162	wire	0.0160285
4162	4163	wire	0.0160285
4163	4164	wire	0.0160285
4164	4165	wire	0.0160285
4165	4166	wire	0.0160285
4166	4167	wire	0.0160285
4167	4168	wire	0.0160285
4168	4169	wire	0.0160285
4169	4170	wire	0.0160285
4170	4171	wire	0.0160285
4171	4172	wire	0.0160285
4172	4173	wire	0.0160285
4173	4174	wire	0.0160285
4174	4175	wire	0.0160285
4175	4176	wire	0.0160285
4176	4177	wire	0.0160285
4177	4178	wire	0.0160285
4178	4179	wire	0.0160285
4179	4180	wire	0.0160285
4180	4181	wire	0.0160285
4181	4182	wire	0.0160285
4182	4183	wire	0.0160285
4183	4184	wire	0.0160285
4184	4185	wire	0.0160285
4185	4186	wire	0.0160285
4186	4187	wire	0.0160285
4187	4188	wire	0.0160285
4188	4189	wire	0.0160285
4189	4190	wire	0.0160285
4190	4191	wire	0.0160285
4191	4192	wire	0.0160285
4192	4193	wire	0.0160285
4193	4194	wire	0.0160285
4194	4195	wire	0.0160285
4195	4196	wire	0.0160285
4196	4197	wire	0.0160285
4197	4198	wire	0.0160285
4198	4199	wire	0.0160285
4199	4200	wire	0.0160285
4200	4201	wire	0.0160285
4201	4202	wire	0.0160285
4202	4203	wire	0.0160285
4203	4204	wire	0.0160285
4204	4205	wire	0.0160285
4205	4206	wire	0.0160285
4206	4207	wire	0.0160285
4207	4208	wire	0.0160285
4208	4209	wire	0.0160285
4209	4210	wire	0.0160285
4210	4211	wire	0.0160285
4211	4212	wire	0.0160285
4212	4213	wire	0.0160285
4213	4214	wire	0.0160285
4215	4216	wire	0.0160285
4216	4217	wire	0.0160285
4217	4218	wire	0.0160285
4218	4219	wire	0.0160285
4219	4220	wire	0.0160285
4220	4221	wire	0.0160285
4221	4222	wire	0.0160285
4222	4223	wire	0.0160285
4223	4224	wire	0.0160285
4224	4225	wire	0.0160285
4225	4226	wire	0.0160285
4226	4227	wire	0.0160285
4227	4228	wire	0.0160285
4228	4229	wire	0.0160285
4229	4230	wire	0.0160285
4230	4231	wire	0.0160285
4231	4232	wire	0.0160285
4232	4233	wire	0.0160285
4233	4234	wire	0.0160285
4234	4235	wire	0.0160285
4235	4236	wire	0.0160285
4236	4237	wire	0.0160285
4237	4238	wire	0.0160285
4238	4239	wire	0.0160285
4239	4240	wire	0.0160285
4240	4241	wire	0.0160285
4241	4242	wire	0.0160285
4242	4243	wire	0.0160285
4243	4244	wire	0.0160285
4244	4245	wire	0.0160285
4245	4246	wire	0.0160285
4246	4247	wire	0.0160285
4247	4248	wire	0.0160285
4248	4249	wire	0.0160285
4249	4250	wire	0.0160285
4250	4251	wire	0.0160285
4251	4252	wire	0.0160285
4252	4253	wire	0.0160285
4253	4254	wire	0.0160285
4254	4255	wire	0.0160285
4255	4256	wire	0.0160285
4256	4257	wire	0.0160285
4257	4258	wire	0.0160285
4258	4259	wire	0.0160285
4259	4260	wire	0.0160285
4260	4261	wire	0.0160285
4261	4262	wire	0.0160285
4262	4263	wire	0.0160285
4263	4264	wire	0.0160285
4264	4265	wire	0.0160285
4265	4266	wire	0.0160285
4266	4267	wire	0.0160285
4267	4268	wire	0.0160285
4268	4269	wire	0.0160285
4269	4270	wire	0.0160285
4270	4271	wire	0.0160285
4271	4272	wire	0.0160285
4272	4273	wire	0.0160285
4273	4274	wire	0.0160285
4274	4275	wire	0.0160285
4275	4276	wire	0.0160285
4276	4277	wire	0.0160285
4277	4278	wire	0.0160285
4278	4279	wire	0.0160285
4279	4280	wire	0.0160285
4280	4281	wire	0.0160285
4281	4282	wire	0.0160285
4282	4283	wire	0.0160285
4283	4284	wire	0.0160285
4284	4285	wire	0.0160285
4285	4286	wire	0.0160285
4286	4287	wire	0.0160285
4287	4288	wire	0.0160285
4288	4289	wire	0.0160285
4289	4290	wire	0.0160285
4290	4291	wire	0.0160285
4291	4292	wire	0.0160285
4292	4293	wire	0.0160285
4293	4294	wire	0.0160285
4294	4295	wire	0.0160285
4295	4296	wire	0.0160285
4296	4297	wire	0.0160285
4297	4298	wire	0.0160285
4298	4299	wire	0.0160285
4299	4300	wire	0.0160285
4300	4301	wire	0.0160285
4301	4302	wire	0.0160285
4302	4303	wire	0.0160285
4303	4304	wire	0.0160285
4304	4305	wire	0.0160285
4305	4306	wire	0.0160285
4306	4307	wire	0.0160285
4307	4308	wire	0.0160285
4308	4309	wire	0.0160285
4309	4310	wire	0.0160285
4310	4311	wire	0.0160285
4311	4312	wire	0.0160285
4312	4313	wire	0.0160285
4313	4314	wire	0.0160285
4314	4315	wire	0.0160285
4315	4316	wire	0.0160285
4316	4317	wire	0.0160285
4317	4318	wire	0.0160285
4318	4319	wire	0.0160285
4319	4320	wire	0.0160285
4320	4321	wire	0.0160285
4321	4322	wire	0.0160285
4322	4323	wire	0.0160285
4324	4325	wire	0.0160285
4325	4326	wire	0.0160285
4326	4327	wire	0.0160285
4327	4328	wire	0.0160285
4328	4329	wire	0.0160285
4329	4330	wire	0.0160285
4330	4331	wire	0.0160285
4331	4332	wire	0.0160285
4332	4333	wire	0.0160285
4333	4334	wire	0.0160285
4334	4335	wire	0.0160285
4335	4336	wire	0.0160285
4336	4337	wire	0.0160285
4337	4338	wire	0.0160285
4338	4339	wire	0.0160285
4339	4340	wire	0.0160285
4340	4341	wire	0.0160285
4341	4342	wire	0.0160285
4342	4343	wire	0.0160285
4343	4344	wire	0.0160285
4344	4345	wire	0.0160285
4345	4346	wire	0.0160285
4346	4347	wire	0.0160285
4347	4348	wire	0.0160285
4348	4349	wire	0.0160285
4349	4350	wire	0.0160285
4350	4351	wire	0.0160285
4351	4352	wire	0.0160285
4352	4353	wire	0.0160285
4353	4354	wire	0.0160285
4354	4355	wire	0.0160285
4355	4356	wire	0.0160285
4356	4357	wire	0.0160285
4357	4358	wire	0.0160285
4358	4359	wire	0.0160285
4359	4360	wire	0.0160285
4360	4361	wire	0.0160285
4361	4362	wire	0.0160285
4362	4363	wire	0.0160285
4363	4364	wire	0.0160285
4364	4365	wire	0.0160285
4365	4366	wire	0.0160285
4366	4367	wire	0.0160285
4367	4368	wire	0.0160285
4368	4369	wire	0.0160285
4369	4370	wire	0.0160285
4370	4371	wire	0.0160285
4371	4372	wire	0.0160285
4372	4373	wire	0.0160285
4373	4374	wire	0.0160285
4374	4375	wire	0.0160285
4375	4376	wire	0.0160285
4376	4377	wire	0.0160285
4377	4378	wire	0.0160285
4378	4379	wire	0.0160285
4379	4380	wire	0.0160285
4380	4381	wire	0.0160285
4381	4382	wire	0.0160285
4382	4383	wire	0.0160285
4383	4384	wire	0.0160285
4384	4385	wire	0.0160285
4385	4386	wire	0.0160285
4386	4387	wire	0.0160285
4387	4388	wire	0.0160285
4388	4389	wire	0.0160285
4389	4390	wire	0.0160285
4390	4391	wire	0.0160285
4391	4392	wire	0.0160285
4392	4393	wire	0.0160285
4393	4394	wire	0.0160285
4394	4395	wire	0.0160285
4395	4396	wire	0.0160285
4396	4397	wire	0.0160285
4397	4398	wire	0.0160285
4398	4399	wire	0.0160285
4399	4400	wire	0.0160285
4400	4401	wire	0.0160285
4401	4402	wire	0.0160285
4402	4403	wire	0.0160285
4403	4404	wire	0.0160285
4404	4405	wire	0.0160285
4405	4406	wire	0.0160285
4406	4407	wire	0.0160285
4407	4408	wire	0.0160285
4408	4409	wire	0.0160285
4409	4410	wire	0.0160285
4410	4411	wire	0.0160285
4411	4412	wire	0.0160285
4412	4413	wire	0.0160285
4413	4414	wire	0.0160285
4414	4415	wire	0.0160285
4415	4416	wire	0.0160285
4416	4417	wire	0.0160285
4417	4418	wire	0.0160285
4418	4419	wire	0.0160285
4419	4420	wire	0.0160285
4420	4421	wire	0.0160285
4421	4422	wire	0.0160285
4422	4423	wire	0.0160285
4423	4424	wire	0.0160285
4424	4425	wire	0.0160285
4425	4426	wire	0.0160285
4426	4427	wire	0.0160285
4427	4428	wire	0.0160285
4428	4429	wire	0.0160285
4429	4430	wire	0.0160285
4430	4431	wire	0.0160285
4431	4432	wire	0.0160285
4433	4434	wire	0.0160285
4434	4435	wire	0.0160285
4435	4436	wire	0.0160285
4436	4437	wire	0.0160285
4437	4438	wire	0.0160285
4438	4439	wire	0.0160285
4439	4440	wire	0.0160285
4440	4441	wire	0.0160285
4441	4442	wire	0.0160285
4442	4443	wire	0.0160285
4443	4444	wire	0.0160285
4444	4445	wire	0.0160285
4445	4446	wire	0.0160285
4446	4447	wire	0.0160285
4447	4448	wire	0.0160285
4448	4449	wire	0.0160285
4449	4450	wire	0.0160285
4450	4451	wire	0.0160285
4451	4452	wire	0.0160285
4452	4453	wire	0.0160285
4453	4454	wire	0.0160285
4454	4455	wire	0.0160285
4455	4456	wire	0.0160285
4456	4457	wire	0.0160285
4457	4458	wire	0.0160285
4458	4459	wire	0.0160285
4459	4460	wire	0.0160285
4460	4461	wire	0.0160285
4461	4462	wire	0.0160285
4462	4463	wire	0.0160285
4463	4464	wire	0.0160285
4464	4465	wire	0.0160285
4465	4466	wire	0.0160285
4466	4467	wire	0.0160285
4467	4468	wire	0.0160285
4468	4469	wire	0.0160285
4469	4470	wire	0.0160285
4470	4471	wire	0.0160285
4471	4472	wire	0.0160285
4472	4473	wire	0.0160285
4473	4474	wire	0.0160285
4474	4475	wire	0.0160285
4475	4476	wire	0.0160285
4476	4477	wire	0.0160285
4477	4478	wire	0.0160285
4478	4479	wire	0.0160285
4479	4480	wire	0.0160285
4480	4481	wire	0.0160285
4481	4482	wire	0.0160285
4482	4483	wire	0.0160285
4483	4484	wire	0.0160285
4484	4485	wire	0.0160285
4485	4486	wire	0.0160285
4486	4487	wire	0.0160285
4487	4488	wire	0.0160285
4488	4489	wire	0.0160285
4489	4490	wire	0.0160285
4490	4491	wire	0.0160285
4491	4492	wire	0.0160285
4492	4493	wire	0.0160285
4493	4494	wire	0.0160285
4494	4495	wire	0.0160285
4495	4496	wire	0.0160285
4496	4497	wire	0.0160285
4497	4498	wire	0.0160285
4498	4499	wire	0.0160285
4499	4500	wire	0.0160285
4500	4501	wire	0.0160285
4501	4502	wire	0.0160285
4502	4503	wire	0.0160285
4503	4504	wire	0.0160285
4504	4505	wire	0.0160285
4505	4506	wire	0.0160285
4506	4507	wire	0.0160285
4507	4508	wire	0.0160285
4508	4509	wire	0.0160285
4509	4510	wire	0.0160285
4510	4511	wire	0.0160285
4511	4512	wire	0.0160285
4512	4513	wire	0.0160285
4513	4514	wire	0.0160285
4514	4515	wire	0.0160285
4515	4516	wire	0.0160285
4516	4517	wire	0.0160285
4517	4518	wire	0.0160285
4518	4519	wire	0.0160285
4519	4520	wire	0.0160285
4520	4521	wire	0.0160285
4521	4522	wire	0.0160285
4522	4523	wire	0.0160285
4523	4524	wire	0.0160285
4524	4525	wire	0.0160285
4525	4526	wire	0.0160285
4526	4527	wire	0.0160285
4527	4528	wire	0.0160285
4528	4529	wire	0.0160285
4529	4530	wire	0.0160285
4530	4531	wire	0.0160285
4531	4532	wire	0.0160285
4532	4533	wire	0.0160285
4533	4534	wire	0.0160285
4534	4535	wire	0.0160285
4535	4536	wire	0.0160285
4536	4537	wire	0.0160285
4537	4538	wire	0.0160285
4538	4539	wire	0.0160285
4539	4540	wire	0.0160285
4540	4541	wire	0.0160285
4542	4543	wire	0.0160285
4543	4544	wire	0.0160285
4544	4545	wire	0.0160285
4545	4546	wire	0.0160285
4546	4547	wire	0.0160285
4547	4548	wire	0.0160285
4548	4549	wire	0.0160285
4549	4550	wire	0.0160285
4550	4551	wire	0.0160285
4551	4552	wire	0.0160285
4552	4553	wire	0.0160285
4553	4554	wire	0.0160285
4554	4555	wire	0.0160285
4555	4556	wire	0.0160285
4556	4557	wire	0.0160285
4557	4558	wire	0.0160285
4558	4559	wire	0.0160285
4559	4560	wire	0.0160285
4560	4561	wire	0.0160285
4561	4562	wire	0.0160285
4562	4563	wire	0.0160285
4563	4564	wire	0.0160285
4564	4565	wire	0.0160285
4565	4566	wire	0.0160285
4566	4567	wire	0.0160285
4567	4568	wire	0.0160285
4568	4569	wire	0.0160285
4569	4570	wire	0.0160285
4570	4571	wire	0.0160285
4571	4572	wire	0.0160285
4572	4573	wire	0.0160285
4573	4574	wire	0.0160285
4574	4575	wire	0.0160285
4575	4576	wire	0.0160285
4576	4577	wire	0.0160285
4577	4578	wire	0.0160285
4578	4579	wire	0.0160285
4579	4580	wire	0.0160285
4580	4581	wire	0.0160285
4581	4582	wire	0.0160285
4582	4583	wire	0.0160285
4583	4584	wire	0.0160285
4584	4585	wire	0.0160285
4585	4586	wire	0.0160285
4586	4587	wire	0.0160285
4587	4588	wire	0.0160285
4588	4589	wire	0.0160285
4589	4590	wire	0.0160285
4590	4591	wire	0.0160285
4591	4592	wire	0.0160285
4592	4593	wire	0.0160285
4593	4594	wire	0.0160285
4594	4595	wire	0.0160285
4595	4596	wire	0.0160285
4596	4597	wire	0.0160285
4597	4598	wire	0.0160285
4598	4599	wire	0.0160285
4599	4600	wire	0.0160285
4600	4601	wire	0.0160285
4601	4602	wire	0.0160285
4602	4603	wire	0.0160285
4603	4604	wire	0.0160285
4604	4605	wire	0.0160285
4605	4606	wire	0.0160285
4606	4607	wire	0.0160285
4607	4608	wire	0.0160285
4608	4609	wire	0.0160285
4609	4610	wire	0.0160285
4610	4611	wire	0.0160285
4611	4612	wire	0.0160285
4612	4613	wire	0.0160285
4613	4614	wire	0.0160285
4614	4615	wire	0.0160285
4615	4616	wire	0.0160285
4616	4617	wire	0.0160285
4617	4618	wire	0.0160285
4618	4619	wire	0.0160285
4619	4620	wire	0.0160285
4620	4621	wire	0.0160285
4621	4622	wire	0.0160285
4622	4623	wire	0.0160285
4623	4624	wire	0.0160285
4624	4625	wire	0.0160285
4625	4626	wire	0.0160285
4626	4627	wire	0.0160285
4627	4628	wire	0.0160285
4628	4629	wire	0.0160285
4629	4630	wire	0.0160285
4630	4631	wire	0.0160285
4631	4632	wire	0.0160285
4632	4633	wire	0.0160285
4633	4634	wire	0.0160285
4634	4635	wire	0.0160285
4635	4636	wire	0.0160285
4636	4637	wire	0.0160285
4637	4638	wire	0.0160285
4638	4639	wire	0.0160285
4639	4640	wire	0.0160285
4640	4641	wire	0.0160285
4641	4642	wire	0.0160285
4642	4643	wire	0.0160285
4643	4644	wire	0.0160285
4644	4645	wire	0.0160285
4645	4646	wire	0.0160285
4646	4647	wire	0.0160285
4647	4648	wire	0.0160285
4648	4649	wire	0.0160285
4649	4650	wire	0.0160285
4651	4652	wire	0.0160285
4652	4653	wire	0.0160285
4653	4654	wire	0.0160285
4654	4655	wire	0.0160285
4655	4656	wire	0.0160285
4656	4657	wire	0.0160285
4657	4658	wire	0.0160285
4658	4659	wire	0.0160285
4659	4660	wire	0.0160285
4660	4661	wire	0.0160285
4661	4662	wire	0.0160285
4662	4663	wire	0.0160285
4663	4664	wire	0.0160285
4664	4665	wire	0.0160285
4665	4666	wire	0.0160285
4666	4667	wire	0.0160285
4667	4668	wire	0.0160285
4668	4669	wire	0.0160285
4669	4670	wire	0.0160285
4670	4671	wire	0.0160285
4671	4672	wire	0.0160285
4672	4673	wire	0.0160285
4673	4674	wire	0.0160285
4674	4675	wire	0.0160285
4675	4676	wire	0.0160285
4676	4677	wire	0.0160285
4677	4678	wire	0.0160285
4678	4679	wire	0.0160285
4679	4680	wire	0.0160285
4680	4681	wire	0.0160285
4681	4682	wire	0.0160285
4682	4683	wire	0.0160285
4683	4684	wire	0.0160285
4684	4685	wire	0.0160285
4685	4686	wire	0.0160285
4686	4687	wire	0.0160285
4687	4688	wire	0.0160285
4688	4689	wire	0.0160285
4689	4690	wire	0.0160285
4690	4691	wire	0.0160285
4691	4692	wire	0.0160285
4692	4693	wire	0.0160285
4693	4694	wire	0.0160285
4694	4695	wire	0.0160285
4695	4696	wire	0.0160285
4696	4697	wire	0.0160285
4697	4698	wire	0.0160285
4698	4699	wire	0.0160285
4699	4700	wire	0.0160285
4700	4701	wire	0.0160285
4701	4702	wire	0.0160285
4702	4703	wire	0.0160285
4703	4704	wire	0.0160285
4704	4705	wire	0.0160285
4705	4706	wire	0.0160285
4706	4707	wire	0.0160285
4707	4708	wire	0.0160285
4708	4709	wire	0.0160285
4709	4710	wire	0.0160285
4710	4711	wire	0.0160285
4711	4712	wire	0.0160285
4712	4713	wire	0.0160285
4713	4714	wire	0.0160285
4714	4715	wire	0.0160285
4715	4716	wire	0.0160285
4716	4717	wire	0.0160285
4717	4718	wire	0.0160285
4718	4719	wire	0.0160285
4719	4720	wire	0.0160285
4720	4721	wire	0.0160285
4721	4722	wire	0.0160285
4722	4723	wire	0.0160285
4723	4724	wire	0.0160285
4724	4725	wire	0.0160285
4725	4726	wire	0.0160285
4726	4727	wire	0.0160285
4727	4728	wire	0.0160285
4728	4729	wire	0.0160285
4729	4730	wire	0.0160285
4730	4731	wire	0.0160285
4731	4732	wire	0.0160285
4732	4733	wire	0.0160285
4733	4734	wire	0.0160285
4734	4735	wire	0.0160285
4735	4736	wire	0.0160285
4736	4737	wire	0.0160285
4737	4738	wire	0.0160285
4738	4739	wire	0.0160285
4739	4740	wire	0.0160285
4740	4741	wire	0.0160285
4741	4742	wire	0.0160285
4742	4743	wire	0.0160285
4743	4744	wire	0.0160285
4744	4745	wire	0.0160285
4745	4746	wire	0.0160285
4746	4747	wire	0.0160285
4747	4748	wire	0.0160285
4748	4749	wire	0.0160285
4749	4750	wire	0.0160285
4750	4751	wire	0.0160285
4751	4752	wire	0.0160285
4752	4753	wire	0.0160285
4753	4754	wire	0.0160285
4754	4755	wire	0.0160285
4755	4756	wire	0.0160285
4756	4757	wire	0.0160285
4757	4758	wire	0.0160285
4758	4759	wire	0.0160285
4760	4761	wire	0.0160285
4761	4762	wire	0.0160285
4762	4763	wire	0.0160285
4763	4764	wire	0.0160285
4764	4765	wire	0.0160285
4765	4766	wire	0.0160285
4766	4767	wire	0.0160285
4767	4768	wire	0.0160285
4768	4769	wire	0.0160285
4769	4770	wire	0.0160285
4770	4771	wire	0.0160285
4771	4772	wire	0.0160285
4772	4773	wire	0.0160285
4773	4774	wire	0.0160285
4774	4775	wire	0.0160285
4775	4776	wire	0.0160285
4776	4777	wire	0.0160285
4777	4778	wire	0.0160285
4778	4779	wire	0.0160285
4779	4780	wire	0.0160285
4780	4781	wire	0.0160285
4781	4782	wire	0.0160285
4782	4783	wire	0.0160285
4783	4784	wire	0.0160285
4784	4785	wire	0.0160285
4785	4786	wire	0.0160285
4786	4787	wire	0.0160285
4787	4788	wire	0.0160285
4788	4789	wire	0.0160285
4789	4790	wire	0.0160285
4790	4791	wire	0.0160285
4791	4792	wire	0.0160285
4792	4793	wire	0.0160285
4793	4794	wire	0.0160285
4794	4795	wire	0.0160285
4795	4796	wire	0.0160285
4796	4797	wire	0.0160285
4797	4798	wire	0.0160285
4798	4799	wire	0.0160285
4799	4800	wire	0.0160285
4800	4801	wire	0.0160285
4801	4802	wire	0.0160285
4802	4803	wire	0.0160285
4803	4804	wire	0.0160285
4804	4805	wire	0.0160285
4805	4806	wire	0.0160285
4806	4807	wire	0.0160285
4807	4808	wire	0.0160285
4808	4809	wire	0.0160285
4809	4810	wire	0.0160285
4810	4811	wire	0.0160285
4811	4812	wire	0.0160285
4812	4813	wire	0.0160285
4813	4814	wire	0.0160285
4814	4815	wire	0.0160285
4815	4816	wire	0.0160285
4816	4817	wire	0.0160285
4817	4818	wire	0.0160285
4818	4819	wire	0.0160285
4819	4820	wire	0.0160285
4820	4821	wire	0.0160285
4821	4822	wire	0.0160285
4822	4823	wire	0.0160285
4823	4824	wire	0.0160285
4824	4825	wire	0.0160285
4825	4826	wire	0.0160285
4826	4827	wire	0.0160285
4827	4828	wire	0.0160285
4828	4829	wire	0.0160285
4829	4830	wire	0.0160285
4830	4831	wire	0.0160285
4831	4832	wire	0.0160285
4832	4833	wire	0.0160285
4833	4834	wire	0.0160285
4834	4835	wire	0.0160285
4835	4836	wire	0.0160285
4836	4837	wire	0.0160285
4837	4838	wire	0.0160285
4838	4839	wire	0.0160285
4839	4840	wire	0.0160285
4840	4841	wire	0.0160285
4841	4842	wire	0.0160285
4842	4843	wire	0.0160285
4843	4844	wire	0.0160285
4844	4845	wire	0.0160285
4845	4846	wire	0.0160285
4846	4847	wire	0.0160285
4847	4848	wire	0.0160285
4848	4849	wire	0.0160285
4849	4850	wire	0.0160285
4850	4851	wire	0.0160285
4851	4852	wire	0.0160285
4852	4853	wire	0.0160285
4853	4854	wire	0.0160285
4854	4855	wire	0.0160285
4855	4856	wire	0.0160285
4856	4857	wire	0.0160285
4857	4858	wire	0.0160285
4858	4859	wire	0.0160285
4859	4860	wire	0.0160285
4860	4861	wire	0.0160285
4861	4862	wire	0.0160285
4862	4863	wire	0.0160285
4863	4864	wire	0.0160285
4864	4865	wire	0.0160285
4865	4866	wire	0.0160285
4866	4867	wire	0.0160285
4867	4868	wire	0.0160285
4869	4870	wire	0.0160285
4870	4871	wire	0.0160285
4871	4872	wire	0.0160285
4872	4873	wire	0.0160285
4873	4874	wire	0.0160285
4874	4875	wire	0.0160285
4875	4876	wire	0.0160285
4876	4877	wire	0.0160285
4877	4878	wire	0.0160285
4878	4879	wire	0.0160285
4879	4880	wire	0.0160285
4880	4881	wire	0.0160285
4881	4882	wire	0.0160285
4882	4883	wire	0.0160285
4883	4884	wire	0.0160285
4884	4885	wire	0.0160285
4885	4886	wire	0.0160285
4886	4887	wire	0.0160285
4887	4888	wire	0.0160285
4888	4889	wire	0.0160285
4889	4890	wire	0.0160285
4890	4891	wire	0.0160285
4891	4892	wire	0.0160285
4892	4893	wire	0.0160285
4893	4894	wire	0.0160285
4894	4895	wire	0.0160285
4895	4896	wire	0.0160285
4896	4897	wire	0.0160285
4897	4898	wire	0.0160285
4898	4899	wire	0.0160285
4899	4900	wire	0.0160285
4900	4901	wire	0.0160285
4901	4902	wire	0.0160285
4902	4903	wire	0.0160285
4903	4904	wire	0.0160285
4904	4905	wire	0.0160285
4905	4906	wire	0.0160285
4906	4907	wire	0.0160285
4907	4908	wire	0.0160285
4908	4909	wire	0.0160285
4909	4910	wire	0.0160285
4910	4911	wire	0.0160285
4911	4912	wire	0.0160285
4912	4913	wire	0.0160285
4913	4914	wire	0.0160285
4914	4915	wire	0.0160285
4915	4916	wire	0.0160285
4916	4917	wire	0.0160285
4917	4918	wire	0.0160285
4918	4919	wire	0.0160285
4919	4920	wire	0.0160285
4920	4921	wire	0.0160285
4921	4922	wire	0.0160285
4922	4923	wire	0.0160285
4923	4924	wire	0.0160285
4924	4925	wire	0.0160285
4925	4926	wire	0.0160285
4926	4927	wire	0.0160285
4927	4928	wire	0.0160285
4928	4929	wire	0.0160285
4929	4930	wire	0.0160285
4930	4931	wire	0.0160285
4931	4932	wire	0.0160285
4932	4933	wire	0.0160285
4933	4934	wire	0.0160285
4934	4935	wire	0.0160285
4935	4936	wire	0.0160285
4936	4937	wire	0.0160285
4937	4938	wire	0.0160285
4938	4939	wire	0.0160285
4939	4940	wire	0.0160285
4940	4941	wire	0.0160285
4941	4942	wire	0.0160285
4942	4943	wire	0.0160285
4943	4944	wire	0.0160285
4944	4945	wire	0.0160285
4945	4946	wire	0.0160285
4946	4947	wire	0.0160285
4947	4948	wire	0.0160285
4948	4949	wire	0.0160285
4949	4950	wire	0.0160285
4950	4951	wire	0.0160285
4951	4952	wire	0.0160285
4952	4953	wire	0.0160285
4953	4954	wire	0.0160285
4954	4955	wire	0.0160285
4955	4956	wire	0.0160285
4956	4957	wire	0.0160285
4957	4958	wire	0.0160285
4958	4959	wire	0.0160285
4959	4960	wire	0.0160285
4960	4961	wire	0.0160285
4961	4962	wire	0.0160285
4962	4963	wire	0.0160285
4963	4964	wire	0.0160285
4964	4965	wire	0.0160285
4965	4966	wire	0.0160285
4966	4967	wire	0.0160285
4967	4968	wire	0.0160285
4968	4969	wire	0.0160285
4969	4970	wire	0.0160285
4970	4971	wire	0.0160285
4971	4972	wire	0.0160285
4972	4973	wire	0.0160285
4973	4974	wire	0.0160285
4974	4975	wire	0.0160285
4975	4976	wire	0.0160285
4976	4977	wire	0.0160285
4978	4979	wire	0.0160285
4979	4980	wire	0.0160285
4980	4981	wire	0.0160285
4981	4982	wire	0.0160285
4982	4983	wire	0.0160285
4983	4984	wire	0.0160285
4984	4985	wire	0.0160285
4985	4986	wire	0.0160285
4986	4987	wire	0.0160285
4987	4988	wire	0.0160285
4988	4989	wire	0.0160285
4989	4990	wire	0.0160285
4990	4991	wire	0.0160285
4991	4992	wire	0.0160285
4992	4993	wire	0.0160285
4993	4994	wire	0.0160285
4994	4995	wire	0.0160285
4995	4996	wire	0.0160285
4996	4997	wire	0.0160285
4997	4998	wire	0.0160285
4998	4999	wire	0.0160285
4999	5000	wire	0.0160285
5000	5001	wire	0.0160285
5001	5002	wire	0.0160285
5002	5003	wire	0.0160285
5003	5004	wire	0.0160285
5004	5005	wire	0.0160285
5005	5006	wire	0.0160285
5006	5007	wire	0.0160285
5007	5008	wire	0.0160285
5008	5009	wire	0.0160285
5009	5010	wire	0.0160285
5010	5011	wire	0.0160285
5011	5012	wire	0.0160285
5012	5013	wire	0.0160285
5013	5014	wire	0.0160285
5014	5015	wire	0.0160285
5015	5016	wire	0.0160285
5016	5017	wire	0.0160285
5017	5018	wire	0.0160285
5018	5019	wire	0.0160285
5019	5020	wire	0.0160285
5020	5021	wire	0.0160285
5021	5022	wire	0.0160285
5022	5023	wire	0.0160285
5023	5024	wire	0.0160285
5024	5025	wire	0.0160285
5025	5026	wire	0.0160285
5026	5027	wire	0.0160285
5027	5028	wire	0.0160285
5028	5029	wire	0.0160285
5029	5030	wire	0.0160285
5030	5031	wire	0.0160285
5031	5032	wire	0.0160285
5032	5033	wire	0.0160285
5033	5034	wire	0.0160285
5034	5035	wire	0.0160285
5035	5036	wire	0.0160285
5036	5037	wire	0.0160285
5037	5038	wire	0.0160285
5038	5039	wire	0.0160285
5039	5040	wire	0.0160285
5040	5041	wire	0.0160285
5041	5042	wire	0.0160285
5042	5043	wire	0.0160285
5043	5044	wire	0.0160285
5044	5045	wire	0.0160285
5045	5046	wire	0.0160285
5046	5047	wire	0.0160285
5047	5048	wire	0.0160285
5048	5049	wire	0.0160285
5049	5050	wire	0.0160285
5050	5051	wire	0.0160285
5051	5052	wire	0.0160285
5052	5053	wire	0.0160285
5053	5054	wire	0.0160285
5054	5055	wire	0.0160285
5055	5056	wire	0.0160285
5056	5057	wire	0.0160285
5057	5058	wire	0.0160285
5058	5059	wire	0.0160285
5059	5060	wire	0.0160285
5060	5061	wire	0.0160285
5061	5062	wire	0.0160285
5062	5063	wire	0.0160285
5063	5064	wire	0.0160285
5064	5065	wire	0.0160285
5065	5066	wire	0.0160285
5066	5067	wire	0.0160285
5067	5068	wire	0.0160285
5068	5069	wire	0.0160285
5069	5070	wire	0.0160285
5070	5071	wire	0.0160285
5071	5072	wire	0.0160285
5072	5073	wire	0.0160285
5073	5074	wire	0.0160285
5074	5075	wire	0.0160285
5075	5076	wire	0.0160285
5076	5077	wire	0.0160285
5077	5078	wire	0.0160285
5078	5079	wire	0.0160285
5079	5080	wire	0.0160285
5080	5081	wire	0.0160285
5081	5082	wire	0.0160285
5082	5083	wire	0.0160285
5083	5084	wire	0.0160285
5084	5085	wire	0.0160285
5085	5086	wire	0.0160285
5087	5088	wire	0.0160285
5088	5089	wire	0.0160285
5089	5090	wire	0.0160285
5090	5091	wire	0.0160285
5091	5092	wire	0.0160285
5092	5093	wire	0.0160285
5093	5094	wire	0.0160285
5094	5095	wire	0.0160285
5095	5096	wire	0.0160285
5096	5097	wire	0.0160285
5097	5098	wire	0.0160285
5098	5099	wire	0.0160285
5099	5100	wire	0.0160285
5100	5101	wire	0.0160285
5101	5102	wire	0.0160285
5102	5103	wire	0.0160285
5103	5104	wire	0.0160285
5104	5105	wire	0.0160285
5105	5106	wire	0.0160285
5106	5107	wire	0.0160285
5107	5108	wire	0.0160285
5108	5109	wire	0.0160285
5109	5110	wire	0.0160285
5110	5111	wire	0.0160285
5111	5112	wire	0.0160285
5112	5113	wire	0.0160285
5113	5114	wire	0.0160285
5114	5115	wire	0.0160285
5115	5116	wire	0.0160285
5116	5117	wire	0.0160285
5117	5118	wire	0.0160285
5118	5119	wire	0.0160285
5119	5120	wire	0.0160285
5120	5121	wire	0.0160285
5121	5122	wire	0.0160285
5122	5123	wire	0.0160285
5123	5124	wire	0.0160285
5124	5125	wire	0.0160285
5125	5126	wire	0.0160285
5126	5127	wire	0.0160285
5127	5128	wire	0.0160285
5128	5129	wire	0.0160285
5129	5130	wire	0.0160285
5130	5131	wire	0.0160285
5131	5132	wire	0.0160285
5132	5133	wire	0.0160285
5133	5134	wire	0.0160285
5134	5135	wire	0.0160285
5135	5136	wire	0.0160285
5136	5137	wire	0.0160285
5137	5138	wire	0.0160285
5138	5139	wire	0.0160285
5139	5140	wire	0.0160285
5140	5141	wire	0.0160285
5141	5142	wire	0.0160285
5142	5143	wire	0.0160285
5143	5144	wire	0.0160285
5144	5145	wire	0.0160285
5145	5146	wire	0.0160285
5146	5147	wire	0.0160285
5147	5148	wire	0.0160285
5148	5149	wire	0.0160285
5149	5150	wire	0.0160285
5150	5151	wire	0.0160285
5151	5152	wire	0.0160285
5152	5153	wire	0.0160285
5153	5154	wire	0.0160285
5154	5155	wire	0.0160285
5155	5156	wire	0.0160285
5156	5157	wire	0.0160285
5157	5158	wire	0.0160285
5158	5159	wire	0.0160285
5159	5160	wire	0.0160285
5160	5161	wire	0.0160285
5161	5162	wire	0.0160285
5162	5163	wire	0.0160285
5163	5164	wire	0.0160285
5164	5165	wire	0.0160285
5165	5166	wire	0.0160285
5166	5167	wire	0.0160285
5167	5168	wire	0.0160285
5168	5169	wire	0.0160285
5169	5170	wire	0.0160285
5170	5171	wire	0.0160285
5171	5172	wire	0.0160285
5172	5173	wire	0.0160285
5173	5174	wire	0.0160285
5174	5175	wire	0.0160285
5175	5176	wire	0.0160285
5176	5177	wire	0.0160285
5177	5178	wire	0.0160285
5178	5179	wire	0.0160285
5179	5180	wire	0.0160285
5180	5181	wire	0.0160285
5181	5182	wire	0.0160285
5182	5183	wire	0.0160285
5183	5184	wire	0.0160285
5184	5185	wire	0.0160285
5185	5186	wire	0.0160285
5186	5187	wire	0.0160285
5187	5188	wire	0.0160285
5188	5189	wire	0.0160285
5189	5190	wire	0.0160285
5190	5191	wire	0.0160285
5191	5192	wire	0.0160285
5192	5193	wire	0.0160285
5193	5194	wire	0.0160285
5194	5195	wire	0.0160285
5196	5197	wire	0.0160285
5197	5198	wire	0.0160285
5198	5199	wire	0.0160285
5199	5200	wire	0.0160285
5200	5201	wire	0.0160285
5201	5202	wire	0.0160285
5202	5203	wire	0.0160285
5203	5204	wire	0.0160285
5204	5205	wire	0.0160285
5205	5206	wire	0.0160285
5206	5207	wire	0.0160285
5207	5208	wire	0.0160285
5208	5209	wire	0.0160285
5209	5210	wire	0.0160285
5210	5211	wire	0.0160285
5211	5212	wire	0.0160285
5212	5213	wire	0.0160285
5213	5214	wire	0.0160285
5214	5215	wire	0.0160285
5215	5216	wire	0.0160285
5216	5217	wire	0.0160285
5217	5218	wire	0.0160285
5218	5219	wire	0.0160285
5219	5220	wire	0.0160285
5220	5221	wire	0.0160285
5221	5222	wire	0.0160285
5222	5223	wire	0.0160285
5223	5224	wire	0.0160285
5224	5225	wire	0.0160285
5225	5226	wire	0.0160285
5226	5227	wire	0.0160285
5227	5228	wire	0.0160285
5228	5229	wire	0.0160285
5229	5230	wire	0.0160285
5230	5231	wire	0.0160285
5231	5232	wire	0.0160285
5232	5233	wire	0.0160285
5233	5234	wire	0.0160285
5234	5235	wire	0.0160285
5235	5236	wire	0.0160285
5236	5237	wire	0.0160285
5237	5238	wire	0.0160285
5238	5239	wire	0.0160285
5239	5240	wire	0.0160285
5240	5241	wire	0.0160285
5241	5242	wire	0.0160285
5242	5243	wire	0.0160285
5243	5244	wire	0.0160285
5244	5245	wire	0.0160285
5245	5246	wire	0.0160285
5246	5247	wire	0.0160285
5247	5248	wire	0.0160285
5248	5249	wire	0.0160285
5249	5250	wire	0.0160285
5250	5251	wire	0.0160285
5251	5252	wire	0.0160285
5252	5253	wire	0.0160285
5253	5254	wire	0.0160285
5254	5255	wire	0.0160285
5255	5256	wire	0.0160285
5256	5257	wire	0.0160285
5257	5258	wire	0.0160285
5258	5259	wire	0.0160285
5259	5260	wire	0.0160285
5260	5261	wire	0.0160285
5261	5262	wire	0.0160285
5262	5263	wire	0.0160285
5263	5264	wire	0.0160285
5264	5265	wire	0.0160285
5265	5266	wire	0.0160285
5266	5267	wire	0.0160285
5267	5268	wire	0.0160285
5268	5269	wire	0.0160285
5269	5270	wire	0.0160285
5270	5271	wire	0.0160285
5271	5272	wire	0.0160285
5272	5273	wire	0.0160285
5273	5274	wire	0.0160285
5274	5275	wire	0.0160285
5275	5276	wire	0.0160285
5276	5277	wire	0.0160285
5277	5278	wire	0.0160285
5278	5279	wire	0.0160285
5279	5280	wire	0.0160285
5280	5281	wire	0.0160285
5281	5282	wire	0.0160285
5282	5283	wire	0.0160285
5283	5284	wire	0.0160285
5284	5285	wire	0.0160285
5285	5286	wire	0.0160285
5286	5287	wire	0.0160285
5287	5288	wire	0.0160285
5288	5289	wire	0.0160285
5289	5290	wire	0.0160285
5290	5291	wire	0.0160285
5291	5292	wire	0.0160285
5292	5293	wire	0.0160285
5293	5294	wire	0.0160285
5294	5295	wire	0.0160285
5295	5296	wire	0.0160285
5296	5297	wire	0.0160285
5297	5298	wire	0.0160285
5298	5299	wire	0.0160285
5299	5300	wire	0.0160285
5300	5301	wire	0.0160285
5301	5302	wire	0.0160285
5302	5303	wire	0.0160285
5303	5304	wire	0.0160285
5305	5306	wire	0.0160285
5306	5307	wire	0.0160285
5307	5308	wire	0.0160285
5308	5309	wire	0.0160285
5309	5310	wire	0.0160285
5310	5311	wire	0.0160285
5311	5312	wire	0.0160285
5312	5313	wire	0.0160285
5313	5314	wire	0.0160285
5314	5315	wire	0.0160285
5315	5316	wire	0.0160285
5316	5317	wire	0.0160285
5317	5318	wire	0.0160285
5318	5319	wire	0.0160285
5319	5320	wire	0.0160285
5320	5321	wire	0.0160285
5321	5322	wire	0.0160285
5322	5323	wire	0.0160285
5323	5324	wire	0.0160285
5324	5325	wire	0.0160285
5325	5326	wire	0.0160285
5326	5327	wire	0.0160285
5327	5328	wire	0.0160285
5328	5329	wire	0.0160285
5329	5330	wire	0.0160285
5330	5331	wire	0.0160285
5331	5332	wire	0.0160285
5332	5333	wire	0.0160285
5333	5334	wire	0.0160285
5334	5335	wire	0.0160285
5335	5336	wire	0.0160285
5336	5337	wire	0.0160285
5337	5338	wire	0.0160285
5338	5339	wire	0.0160285
5339	5340	wire	0.0160285
5340	5341	wire	0.0160285
5341	5342	wire	0.0160285
5342	5343	wire	0.0160285
5343	5344	wire	0.0160285
5344	5345	wire	0.0160285
5345	5346	wire	0.0160285
5346	5347	wire	0.0160285
5347	5348	wire	0.0160285
5348	5349	wire	0.0160285
5349	5350	wire	0.0160285
5350	5351	wire	0.0160285
5351	5352	wire	0.0160285
5352	5353	wire	0.0160285
5353	5354	wire	0.0160285
5354	5355	wire	0.0160285
5355	5356	wire	0.0160285
5356	5357	wire	0.0160285
5357	5358	wire	0.0160285
5358	5359	wire	0.0160285
5359	5360	wire	0.0160285
5360	5361	wire	0.0160285
5361	5362	wire	0.0160285
5362	5363	wire	0.0160285
5363	5364	wire	0.0160285
5364	5365	wire	0.0160285
5365	5366	wire	0.0160285
5366	5367	wire	0.0160285
5367	5368	wire	0.0160285
5368	5369	wire	0.0160285
5369	5370	wire	0.0160285
5370	5371	wire	0.0160285
5371	5372	wire	0.0160285
5372	5373	wire	0.0160285
5373	5374	wire	0.0160285
5374	5375	wire	0.0160285
5375	5376	wire	0.0160285
5376	5377	wire	0.0160285
5377	5378	wire	0.0160285
5378	5379	wire	0.0160285
5379	5380	wire	0.0160285
5380	5381	wire	0.0160285
5381	5382	wire	0.0160285
5382	5383	wire	0.0160285
5383	5384	wire	0.0160285
5384	5385	wire	0.0160285
5385	5386	wire	0.0160285
5386	5387	wire	0.0160285
5387	5388	wire	0.0160285
5388	5389	wire	0.0160285
5389	5390	wire	0.0160285
5390	5391	wire	0.0160285
5391	5392	wire	0.0160285
5392	5393	wire	0.0160285
5393	5394	wire	0.0160285
5394	5395	wire	0.0160285
5395	5396	wire	0.0160285
5396	5397	wire	0.0160285
5397	5398	wire	0.0160285
5398	5399	wire	0.0160285
5399	5400	wire	0.0160285
5400	5401	wire	0.0160285
5401	5402	wire	0.0160285
5402	5403	wire	0.0160285
5403	5404	wire	0.0160285
5404	5405	wire	0.0160285
5405	5406	wire	0.0160285
5406	5407	wire	0.0160285
5407	5408	wire	0.0160285
5408	5409	wire	0.0160285
5409	5410	wire	0.0160285
5410	5411	wire	0.0160285
5411	5412	wire	0.0160285
5412	5413	wire	0.0160285
5414	5415	wire	0.0160285
5415	5416	wire	0.0160285
5416	5417	wire	0.0160285
5417	5418	wire	0.0160285
5418	5419	wire	0.0160285
5419	5420	wire	0.0160285
5420	5421	wire	0.0160285
5421	5422	wire	0.0160285
5422	5423	wire	0.0160285
5423	5424	wire	0.0160285
5424	5425	wire	0.0160285
5425	5426	wire	0.0160285
5426	5427	wire	0.0160285
5427	5428	wire	0.0160285
5428	5429	wire	0.0160285
5429	5430	wire	0.0160285
5430	5431	wire	0.0160285
5431	5432	wire	0.0160285
5432	5433	wire	0.0160285
5433	5434	wire	0.0160285
5434	5435	wire	0.0160285
5435	5436	wire	0.0160285
5436	5437	wire	0.0160285
5437	5438	wire	0.0160285
5438	5439	wire	0.0160285
5439	5440	wire	0.0160285
5440	5441	wire	0.0160285
5441	5442	wire	0.0160285
5442	5443	wire	0.0160285
5443	5444	wire	0.0160285
5444	5445	wire	0.0160285
5445	5446	wire	0.0160285
5446	5447	wire	0.0160285
5447	5448	wire	0.0160285
5448	5449	wire	0.0160285
5449	5450	wire	0.0160285
5450	5451	wire	0.0160285
5451	5452	wire	0.0160285
5452	5453	wire	0.0160285
5453	5454	wire	0.0160285
5454	5455	wire	0.0160285
5455	5456	wire	0.0160285
5456	5457	wire	0.0160285
5457	5458	wire	0.0160285
5458	5459	wire	0.0160285
5459	5460	wire	0.0160285
5460	5461	wire	0.0160285
5461	5462	wire	0.0160285
5462	5463	wire	0.0160285
5463	5464	wire	0.0160285
5464	5465	wire	0.0160285
5465	5466	wire	0.0160285
5466	5467	wire	0.0160285
5467	5468	wire	0.0160285
5468	5469	wire	0.0160285
5469	5470	wire	0.0160285
5470	5471	wire	0.0160285
5471	5472	wire	0.0160285
5472	5473	wire	0.0160285
5473	5474	wire	0.0160285
5474	5475	wire	0.0160285
5475	5476	wire	0.0160285
5476	5477	wire	0.0160285
5477	5478	wire	0.0160285
5478	5479	wire	0.0160285
5479	5480	wire	0.0160285
5480	5481	wire	0.0160285
5481	5482	wire	0.0160285
5482	5483	wire	0.0160285
5483	5484	wire	0.0160285
5484	5485	wire	0.0160285
5485	5486	wire	0.0160285
5486	5487	wire	0.0160285
5487	5488	wire	0.0160285
5488	5489	wire	0.0160285
5489	5490	wire	0.0160285
5490	5491	wire	0.0160285
5491	5492	wire	0.0160285
5492	5493	wire	0.0160285
5493	5494	wire	0.0160285
5494	5495	wire	0.0160285
5495	5496	wire	0.0160285
5496	5497	wire	0.0160285
5497	5498	wire	0.0160285
5498	5499	wire	0.0160285
5499	5500	wire	0.0160285
5500	5501	wire	0.0160285
5501	5502	wire	0.0160285
5502	5503	wire	0.0160285
5503	5504	wire	0.0160285
5504	5505	wire	0.0160285
5505	5506	wire	0.0160285
5506	5507	wire	0.0160285
5507	5508	wire	0.0160285
5508	5509	wire	0.0160285
5509	5510	wire	0.0160285
5510	5511	wire	0.0160285
5511	5512	wire	0.0160285
5512	5513	wire	0.0160285
5513	5514	wire	0.0160285
5514	5515	wire	0.0160285
5515	5516	wire	0.0160285
5516	5517	wire	0.0160285
5517	5518	wire	0.0160285
5518	5519	wire	0.0160285
5519	5520	wire	0.0160285
5520	5521	wire	0.0160285
5521	5522	wire	0.0160285
5523	5524	wire	0.0160285
5524	5525	wire	0.0160285
5525	5526	wire	0.0160285
5526	5527	wire	0.0160285
5527	5528	wire	0.0160285
5528	5529	wire	0.0160285
5529	5530	wire	0.0160285
5530	5531	wire	0.0160285
5531	5532	wire	0.0160285
5532	5533	wire	0.0160285
5533	5534	wire	0.0160285
5534	5535	wire	0.0160285
5535	5536	wire	0.0160285
5536	5537	wire	0.0160285
5537	5538	wire	0.0160285
5538	5539	wire	0.0160285
5539	5540	wire	0.0160285
5540	5541	wire	0.0160285
5541	5542	wire	0.0160285
5542	5543	wire	0.0160285
5543	5544	wire	0.0160285
5544	5545	wire	0.0160285
5545	5546	wire	0.0160285
5546	5547	wire	0.0160285
5547	5548	wire	0.0160285
5548	5549	wire	0.0160285
5549	5550	wire	0.0160285
5550	5551	wire	0.0160285
5551	5552	wire	0.0160285
5552	5553	wire	0.0160285
5553	5554	wire	0.0160285
5554	5555	wire	0.0160285
5555	5556	wire	0.0160285
5556	5557	wire	0.0160285
5557	5558	wire	0.0160285
5558	5559	wire	0.0160285
5559	5560	wire	0.0160285
5560	5561	wire	0.0160285
5561	5562	wire	0.0160285
5562	5563	wire	0.0160285
5563	5564	wire	0.0160285
5564	5565	wire	0.0160285
5565	5566	wire	0.0160285
5566	5567	wire	0.0160285
5567	5568	wire	0.0160285
5568	5569	wire	0.0160285
5569	5570	wire	0.0160285
5570	5571	wire	0.0160285
5571	5572	wire	0.0160285
5572	5573	wire	0.0160285
5573	5574	wire	0.0160285
5574	5575	wire	0.0160285
5575	5576	wire	0.0160285
5576	5577	wire	0.0160285
5577	5578	wire	0.0160285
5578	5579	wire	0.0160285
5579	5580	wire	0.0160285
5580	5581	wire	0.0160285
5581	5582	wire	0.0160285
5582	5583	wire	0.0160285
5583	5584	wire	0.0160285
5584	5585	wire	0.0160285
5585	5586	wire	0.0160285
5586	5587	wire	0.0160285
5587	5588	wire	0.0160285
5588	5589	wire	0.0160285
5589	5590	wire	0.0160285
5590	5591	wire	0.0160285
5591	5592	wire	0.0160285
5592	5593	wire	0.0160285
5593	5594	wire	0.0160285
5594	5595	wire	0.0160285
5595	5596	wire	0.0160285
5596	5597	wire	0.0160285
5597	5598	wire	0.0160285
5598	5599	wire	0.0160285
5599	5600	wire	0.0160285
5600	5601	wire	0.0160285
5601	5602	wire	0.0160285
5602	5603	wire	0.0160285
5603	5604	wire	0.0160285
5604	5605	wire	0.0160285
5605	5606	wire	0.0160285
5606	5607	wire	0.0160285
5607	5608	wire	0.0160285
5608	5609	wire	0.0160285
5609	5610	wire	0.0160285
5610	5611	wire	0.0160285
5611	5612	wire	0.0160285
5612	5613	wire	0.0160285
5613	5614	wire	0.0160285
5614	5615	wire	0.0160285
5615	5616	wire	0.0160285
5616	5617	wire	0.0160285
5617	5618	wire	0.0160285
5618	5619	wire	0.0160285
5619	5620	wire	0.0160285
5620	5621	wire	0.0160285
5621	5622	wire	0.0160285
5622	5623	wire	0.0160285
5623	5624	wire	0.0160285
5624	5625	wire	0.0160285
5625	5626	wire	0.0160285
5626	5627	wire	0.0160285
5627	5628	wire	0.0160285
5628	5629	wire	0.0160285
5629	5630	wire	0.0160285
5630	5631	wire	0.0160285
5632	5633	wire	0.0160285
5633	5634	wire	0.0160285
5634	5635	wire	0.0160285
5635	5636	wire	0.0160285
5636	5637	wire	0.0160285
5637	5638	wire	0.0160285
5638	5639	wire	0.0160285
5639	5640	wire	0.0160285
5640	5641	wire	0.0160285
5641	5642	wire	0.0160285
5642	5643	wire	0.0160285
5643	5644	wire	0.0160285
5644	5645	wire	0.0160285
5645	5646	wire	0.0160285
5646	5647	wire	0.0160285
5647	5648	wire	0.0160285
5648	5649	wire	0.0160285
5649	5650	wire	0.0160285
5650	5651	wire	0.0160285
5651	5652	wire	0.0160285
5652	5653	wire	0.0160285
5653	5654	wire	0.0160285
5654	5655	wire	0.0160285
5655	5656	wire	0.0160285
5656	5657	wire	0.0160285
5657	5658	wire	0.0160285
5658	5659	wire	0.0160285
5659	5660	wire	0.0160285
5660	5661	wire	0.0160285
5661	5662	wire	0.0160285
5662	5663	wire	0.0160285
5663	5664	wire	0.0160285
5664	5665	wire	0.0160285
5665	5666	wire	0.0160285
5666	5667	wire	0.0160285
5667	5668	wire	0.0160285
5668	5669	wire	0.0160285
5669	5670	wire	0.0160285
5670	5671	wire	0.0160285
5671	5672	wire	0.0160285
5672	5673	wire	0.0160285
5673	5674	wire	0.0160285
5674	5675	wire	0.0160285
5675	5676	wire	0.0160285
5676	5677	wire	0.0160285
5677	5678	wire	0.0160285
5678	5679	wire	0.0160285
5679	5680	wire	0.0160285
5680	5681	wire	0.0160285
5681	5682	wire	0.0160285
5682	5683	wire	0.0160285
5683	5684	wire	0.0160285
5684	5685	wire	0.0160285
5685	5686	wire	0.0160285
5686	5687	wire	0.0160285
5687	5688	wire	0.0160285
5688	5689	wire	0.0160285
5689	5690	wire	0.0160285
5690	5691	wire	0.0160285
5691	5692	wire	0.0160285
5692	5693	wire	0.0160285
5693	5694	wire	0.0160285
5694	5695	wire	0.0160285
5695	5696	wire	0.0160285
5696	5697	wire	0.0160285
5697	5698	wire	0.0160285
5698	5699	wire	0.0160285
5699	5700	wire	0.0160285
5700	5701	wire	0.0160285
5701	5702	wire	0.0160285
5702	5703	wire	0.0160285
5703	5704	wire	0.0160285
5704	5705	wire	0.0160285
5705	5706	wire	0.0160285
5706	5707	wire	0.0160285
5707	5708	wire	0.0160285
5708	5709	wire	0.0160285
5709	5710	wire	0.0160285
5710	5711	wire	0.0160285
5711	5712	wire	0.0160285
5712	5713	wire	0.0160285
5713	5714	wire	0.0160285
5714	5715	wire	0.0160285
5715	5716	wire	0.0160285
5716	5717	wire	0.0160285
5717	5718	wire	0.0160285
5718	5719	wire	0.0160285
5719	5720	wire	0.0160285
5720	5721	wire	0.0160285
5721	5722	wire	0.0160285
5722	5723	wire	0.0160285
5723	5724	wire	0.0160285
5724	5725	wire	0.0160285
5725	5726	wire	0.0160285
5726	5727	wire	0.0160285
5727	5728	wire	0.0160285
5728	5729	wire	0.0160285
5729	5730	wire	0.0160285
5730	5731	wire	0.0160285
5731	5732	wire	0.0160285
5732	5733	wire	0.0160285
5733	5734	wire	0.0160285
5734	5735	wire	0.0160285
5735	5736	wire	0.0160285
5736	5737	wire	0.0160285
5737	5738	wire	0.0160285
5738	5739	wire	0.0160285
5739	5740	wire	0.0160285
5741	5742	wire	0.0160285
5742	5743	wire	0.0160285
5743	5744	wire	0.0160285
5744	5745	wire	0.0160285
5745	5746	wire	0.0160285
5746	5747	wire	0.0160285
5747	5748	wire	0.0160285
5748	5749	wire	0.0160285
5749	5750	wire	0.0160285
5750	5751	wire	0.0160285
5751	5752	wire	0.0160285
5752	5753	wire	0.0160285
5753	5754	wire	0.0160285
5754	5755	wire	0.0160285
5755	5756	wire	0.0160285
5756	5757	wire	0.0160285
5757	5758	wire	0.0160285
5758	5759	wire	0.0160285
5759	5760	wire	0.0160285
5760	5761	wire	0.0160285
5761	5762	wire	0.0160285
5762	5763	wire	0.0160285
5763	5764	wire	0.0160285
5764	5765	wire	0.0160285
5765	5766	wire	0.0160285
5766	5767	wire	0.0160285
5767	5768	wire	0.0160285
5768	5769	wire	0.0160285
5769	5770	wire	0.0160285
5770	5771	wire	0.0160285
5771	5772	wire	0.0160285
5772	5773	wire	0.0160285
5773	5774	wire	0.0160285
5774	5775	wire	0.0160285
5775	5776	wire	0.0160285
5776	5777	wire	0.0160285
5777	5778	wire	0.0160285
5778	5779	wire	0.0160285
5779	5780	wire	0.0160285
5780	5781	wire	0.0160285
5781	5782	wire	0.0160285
5782	5783	wire	0.0160285
5783	5784	wire	0.0160285
5784	5785	wire	0.0160285
5785	5786	wire	0.0160285
5786	5787	wire	0.0160285
5787	5788	wire	0.0160285
5788	5789	wire	0.0160285
5789	5790	wire	0.0160285
5790	5791	wire	0.0160285
5791	5792	wire	0.0160285
5792	5793	wire	0.0160285
5793	5794	wire	0.0160285
5794	5795	wire	0.0160285
5795	5796	wire	0.0160285
5796	5797	wire	0.0160285
5797	5798	wire	0.0160285
5798	5799	wire	0.0160285
5799	5800	wire	0.0160285
5800	5801	wire	0.0160285
5801	5802	wire	0.0160285
5802	5803	wire	0.0160285
5803	5804	wire	0.0160285
5804	5805	wire	0.0160285
5805	5806	wire	0.0160285
5806	5807	wire	0.0160285
5807	5808	wire	0.0160285
5808	5809	wire	0.0160285
5809	5810	wire	0.0160285
5810	5811	wire	0.0160285
5811	5812	wire	0.0160285
5812	5813	wire	0.0160285
5813	5814	wire	0.0160285
5814	5815	wire	0.0160285
5815	5816	wire	0.0160285
5816	5817	wire	0.0160285
5817	5818	wire	0.0160285
5818	5819	wire	0.0160285
5819	5820	wire	0.0160285
5820	5821	wire	0.0160285
5821	5822	wire	0.0160285
5822	5823	wire	0.0160285
5823	5824	wire	0.0160285
5824	5825	wire	0.0160285
5825	5826	wire	0.0160285
5826	5827	wire	0.0160285
5827	5828	wire	0.0160285
5828	5829	wire	0.0160285
5829	5830	wire	0.0160285
5830	5831	wire	0.0160285
5831	5832	wire	0.0160285
5832	5833	wire	0.0160285
5833	5834	wire	0.0160285
5834	5835	wire	0.0160285
5835	5836	wire	0.0160285
5836	5837	wire	0.0160285
5837	5838	wire	0.0160285
5838	5839	wire	0.0160285
5839	5840	wire	0.0160285
5840	5841	wire	0.0160285
5841	5842	wire	0.0160285
5842	5843	wire	0.0160285
5843	5844	wire	0.0160285
5844	5845	wire	0.0160285
5845	5846	wire	0.0160285
5846	5847	wire	0.0160285
5847	5848	wire	0.0160285
5848	5849	wire	0.0160285
5850	5851	wire	0.0160285
5851	5852	wire	0.0160285
5852	5853	wire	0.0160285
5853	5854	wire	0.0160285
5854	5855	wire	0.0160285
5855	5856	wire	0.0160285
5856	5857	wire	0.0160285
5857	5858	wire	0.0160285
5858	5859	wire	0.0160285
5859	5860	wire	0.0160285
5860	5861	wire	0.0160285
5861	5862	wire	0.0160285
5862	5863	wire	0.0160285
5863	5864	wire	0.0160285
5864	5865	wire	0.0160285
5865	5866	wire	0.0160285
5866	5867	wire	0.0160285
5867	5868	wire	0.0160285
5868	5869	wire	0.0160285
5869	5870	wire	0.0160285
5870	5871	wire	0.0160285
5871	5872	wire	0.0160285
5872	5873	wire	0.0160285
5873	5874	wire	0.0160285
5874	5875	wire	0.0160285
5875	5876	wire	0.0160285
5876	5877	wire	0.0160285
5877	5878	wire	0.0160285
5878	5879	wire	0.0160285
5879	5880	wire	0.0160285
5880	5881	wire	0.0160285
5881	5882	wire	0.0160285
5882	5883	wire	0.0160285
5883	5884	wire	0.0160285
5884	5885	wire	0.0160285
5885	5886	wire	0.0160285
5886	5887	wire	0.0160285
5887	5888	wire	0.0160285
5888	5889	wire	0.0160285
5889	5890	wire	0.0160285
5890	5891	wire	0.0160285
5891	5892	wire	0.0160285
5892	5893	wire	0.0160285
5893	5894	wire	0.0160285
5894	5895	wire	0.0160285
5895	5896	wire	0.0160285
5896	5897	wire	0.0160285
5897	5898	wire	0.0160285
5898	5899	wire	0.0160285
5899	5900	wire	0.0160285
5900	5901	wire	0.0160285
5901	5902	wire	0.0160285
5902	5903	wire	0.0160285
5903	5904	wire	0.0160285
5904	5905	wire	0.0160285
5905	5906	wire	0.0160285
5906	5907	wire	0.0160285
5907	5908	wire	0.0160285
5908	5909	wire	0.0160285
5909	5910	wire	0.0160285
5910	5911	wire	0.0160285
5911	5912	wire	0.0160285
5912	5913	wire	0.0160285
5913	5914	wire	0.0160285
5914	5915	wire	0.0160285
5915	5916	wire	0.0160285
5916	5917	wire	0.0160285
5917	5918	wire	0.0160285
5918	5919	wire	0.0160285
5919	5920	wire	0.0160285
5920	5921	wire	0.0160285
5921	5922	wire	0.0160285
5922	5923	wire	0.0160285
5923	5924	wire	0.0160285
5924	5925	wire	0.0160285
5925	5926	wire	0.0160285
5926	5927	wire	0.0160285
5927	5928	wire	0.0160285
5928	5929	wire	0.0160285
5929	5930	wire	0.0160285
5930	5931	wire	0.0160285
5931	5932	wire	0.0160285
5932	5933	wire	0.0160285
5933	5934	wire	0.0160285
5934	5935	wire	0.0160285
5935	5936	wire	0.0160285
5936	5937	wire	0.0160285
5937	5938	wire	0.0160285
5938	5939	wire	0.0160285
5939	5940	wire	0.0160285
5940	5941	wire	0.0160285
5941	5942	wire	0.0160285
5942	5943	wire	0.0160285
5943	5944	wire	0.0160285
5944	5945	wire	0.0160285
5945	5946	wire	0.0160285
5946	5947	wire	0.0160285
5947	5948	wire	0.0160285
5948	5949	wire	0.0160285
5949	5950	wire	0.0160285
5950	5951	wire	0.0160285
5951	5952	wire	0.0160285
5952	5953	wire	0.0160285
5953	5954	wire	0.0160285
5954	5955	wire	0.0160285
5955	5956	wire	0.0160285
5956	5957	wire	0.0160285
5957	5958	wire	0.0160285
5959	5960	wire	0.0160285
5960	5961	wire	0.0160285
5961	5962	wire	0.0160285
5962	5963	wire	0.0160285
5963	5964	wire	0.0160285
5964	5965	wire	0.0160285
5965	5966	wire	0.0160285
5966	5967	wire	0.0160285
5967	5968	wire	0.0160285
5968	5969	wire	0.0160285
5969	5970	wire	0.0160285
5970	5971	wire	0.0160285
5971	5972	wire	0.0160285
5972	5973	wire	0.0160285
5973	5974	wire	0.0160285
5974	5975	wire	0.0160285
5975	5976	wire	0.0160285
5976	5977	wire	0.0160285
5977	5978	wire	0.0160285
5978	5979	wire	0.0160285
5979	5980	wire	0.0160285
5980	5981	wire	0.0160285
5981	5982	wire	0.0160285
5982	5983	wire	0.0160285
5983	5984	wire	0.0160285
5984	5985	wire	0.0160285
5985	5986	wire	0.0160285
5986	5987	wire	0.0160285
5987	5988	wire	0.0160285
5988	5989	wire	0.0160285
5989	5990	wire	0.0160285
5990	5991	wire	0.0160285
5991	5992	wire	0.0160285
5992	5993	wire	0.0160285
5993	5994	wire	0.0160285
5994	5995	wire	0.0160285
5995	5996	wire	0.0160285
5996	5997	wire	0.0160285
5997	5998	wire	0.0160285
5998	5999	wire	0.0160285
5999	6000	wire	0.0160285
6000	6001	wire	0.0160285
6001	6002	wire	0.0160285
6002	6003	wire	0.0160285
6003	6004	wire	0.0160285
6004	6005	wire	0.0160285
6005	6006	wire	0.0160285
6006	6007	wire	0.0160285
6007	6008	wire	0.0160285
6008	6009	wire	0.0160285
6009	6010	wire	0.0160285
6010	6011	wire	0.0160285
6011	6012	wire	0.0160285
6012	6013	wire	0.0160285
6013	6014	wire	0.0160285
6014	6015	wire	0.0160285
6015	6016	wire	0.0160285
6016	6017	wire	0.0160285
6017	6018	wire	0.0160285
6018	6019	wire	0.0160285
6019	6020	wire	0.0160285
6020	6021	wire	0.0160285
6021	6022	wire	0.0160285
6022	6023	wire	0.0160285
6023	6024	wire	0.0160285
6024	6025	wire	0.0160285
6025	6026	wire	0.0160285
6026	6027	wire	0.0160285
6027	6028	wire	0.0160285
6028	6029	wire	0.0160285
6029	6030	wire	0.0160285
6030	6031	wire	0.0160285
6031	6032	wire	0.0160285
6032	6033	wire	0.0160285
6033	6034	wire	0.0160285
6034	6035	wire	0.0160285
6035	6036	wire	0.0160285
6036	6037	wire	0.0160285
6037	6038	wire	0.0160285
6038	6039	wire	0.0160285
6039	6040	wire	0.0160285
6040	6041	wire	0.0160285
6041	6042	wire	0.0160285
6042	6043	wire	0.0160285
6043	6044	wire	0.0160285
6044	6045	wire	0.0160285
6045	6046	wire	0.0160285
6046	6047	wire	0.0160285
6047	6048	wire	0.0160285
6048	6049	wire	0.0160285
6049	6050	wire	0.0160285
6050	6051	wire	0.0160285
6051	6052	wire	0.0160285
6052	6053	wire	0.0160285
6053	6054	wire	0.0160285
6054	6055	wire	0.0160285
6055	6056	wire	0.0160285
6056	6057	wire	0.0160285
6057	6058	wire	0.0160285
6058	6059	wire	0.0160285
6059	6060	wire	0.0160285
6060	6061	wire	0.0160285
6061	6062	wire	0.0160285
6062	6063	wire	0.0160285
6063	6064	wire	0.0160285
6064	6065	wire	0.0160285
6065	6066	wire	0.0160285
6066	6067	wire	0.0160285
6068	6069	wire	0.0160285
6069	6070	wire	0.0160285
6070	6071	wire	0.0160285
6071	6072	wire	0.0160285
6072	6073	wire	0.0160285
6073	6074	wire	0.0160285
6074	6075	wire	0.0160285
6075	6076	wire	0.0160285
6076	6077	wire	0.0160285
6077	6078	wire	0.0160285
6078	6079	wire	0.0160285
6079	6080	wire	0.0160285
6080	6081	wire	0.0160285
6081	6082	wire	0.0160285
6082	6083	wire	0.0160285
6083	6084	wire	0.0160285
6084	6085	wire	0.0160285
6085	6086	wire	0.0160285
6086	6087	wire	0.0160285
6087	6088	wire	0.0160285
6088	6089	wire	0.0160285
6089	6090	wire	0.0160285
6090	6091	wire	0.0160285
6091	6092	wire	0.0160285
6092	6093	wire	0.0160285
6093	6094	wire	0.0160285
6094	6095	wire	0.0160285
6095	6096	wire	0.0160285
6096	6097	wire	0.0160285
6097	6098	wire	0.0160285
6098	6099	wire	0.0160285
6099	6100	wire	0.0160285
6100	6101	wire	0.0160285
6101	6102	wire	0.0160285
6102	6103	wire	0.0160285
6103	6104	wire	0.0160285
6104	6105	wire	0.0160285
6105	6106	wire	0.0160285
6106	6107	wire	0.0160285
6107	6108	wire	0.0160285
6108	6109	wire	0.0160285
6109	6110	wire	0.0160285
6110	6111	wire	0.0160285
6111	6112	wire	0.0160285
6112	6113	wire	0.0160285
6113	6114	wire	0.0160285
6114	6115	wire	0.0160285
6115	6116	wire	0.0160285
6116	6117	wire	0.0160285
6117	6118	wire	0.0160285
6118	6119	wire	0.0160285
6119	6120	wire	0.0160285
6120	6121	wire	0.0160285
6121	6122	wire	0.0160285
6122	6123	wire	0.0160285
6123	6124	wire	0.0160285
6124	6125	wire	0.0160285
6125	6126	wire	0.0160285
6126	6127	wire	0.0160285
6127	6128	wire	0.0160285
6128	6129	wire	0.0160285
6129	6130	wire	0.0160285
6130	6131	wire	0.0160285
6131	6132	wire	0.0160285
6132	6133	wire	0.0160285
6133	6134	wire	0.0160285
6134	6135	wire	0.0160285
6135	6136	wire	0.0160285
6136	6137	wire	0.0160285
6137	6138	wire	0.0160285
6138	6139	wire	0.0160285
6139	6140	wire	0.0160285
6140	6141	wire	0.0160285
6141	6142	wire	0.0160285
6142	6143	wire	0.0160285
6143	6144	wire	0.0160285
6144	6145	wire	0.0160285
6145	6146	wire	0.0160285
6146	6147	wire	0.0160285
6147	6148	wire	0.0160285
6148	6149	wire	0.0160285
6149	6150	wire	0.0160285
6150	6151	wire	0.0160285
6151	6152	wire	0.0160285
6152	6153	wire	0.0160285
6153	6154	wire	0.0160285
6154	6155	wire	0.0160285
6155	6156	wire	0.0160285
6156	6157	wire	0.0160285
6157	6158	wire	0.0160285
6158	6159	wire	0.0160285
6159	6160	wire	0.0160285
6160	6161	wire	0.0160285
6161	6162	wire	0.0160285
6162	6163	wire	0.0160285
6163	6164	wire	0.0160285
6164	6165	wire	0.0160285
6165	6166	wire	0.0160285
6166	6167	wire	0.0160285
6167	6168	wire	0.0160285
6168	6169	wire	0.0160285
6169	6170	wire	0.0160285
6170	6171	wire	0.0160285
6171	6172	wire	0.0160285
6172	6173	wire	0.0160285
6173	6174	wire	0.0160285
6174	6175	wire	0.0160285
6175	6176	wire	0.0160285
6177	6178	wire	0.0160285
6178	6179	wire	0.0160285
6179	6180	wire	0.0160285
6180	6181	wire	0.0160285
6181	6182	wire	0.0160285
6182	6183	wire	0.0160285
6183	6184	wire	0.0160285
6184	6185	wire	0.0160285
6185	6186	wire	0.0160285
6186	6187	wire	0.0160285
6187	6188	wire	0.0160285
6188	6189	wire	0.0160285
6189	6190	wire	0.0160285
6190	6191	wire	0.0160285
6191	6192	wire	0.0160285
6192	6193	wire	0.0160285
6193	6194	wire	0.0160285
6194	6195	wire	0.0160285
6195	6196	wire	0.0160285
6196	6197	wire	0.0160285
6197	6198	wire	0.0160285
6198	6199	wire	0.0160285
6199	6200	wire	0.0160285
6200	6201	wire	0.0160285
6201	6202	wire	0.0160285
6202	6203	wire	0.0160285
6203	6204	wire	0.0160285
6204	6205	wire	0.0160285
6205	6206	wire	0.0160285
6206	6207	wire	0.0160285
6207	6208	wire	0.0160285
6208	6209	wire	0.0160285
6209	6210	wire	0.0160285
6210	6211	wire	0.0160285
6211	6212	wire	0.0160285
6212	6213	wire	0.0160285
6213	6214	wire	0.0160285
6214	6215	wire	0.0160285
6215	6216	wire	0.0160285
6216	6217	wire	0.0160285
6217	6218	wire	0.0160285
6218	6219	wire	0.0160285
6219	6220	wire	0.0160285
6220	6221	wire	0.0160285
6221	6222	wire	0.0160285
6222	6223	wire	0.0160285
6223	6224	wire	0.0160285
6224	6225	wire	0.0160285
6225	6226	wire	0.0160285
6226	6227	wire	0.0160285
6227	6228	wire	0.0160285
6228	6229	wire	0.0160285
6229	6230	wire	0.0160285
6230	6231	wire	0.0160285
6231	6232	wire	0.0160285
6232	6233	wire	0.0160285
6233	6234	wire	0.0160285
6234	6235	wire	0.0160285
6235	6236	wire	0.0160285
6236	6237	wire	0.0160285
6237	6238	wire	0.0160285
6238	6239	wire	0.0160285
6239	6240	wire	0.0160285
6240	6241	wire	0.0160285
6241	6242	wire	0.0160285
6242	6243	wire	0.0160285
6243	6244	wire	0.0160285
6244	6245	wire	0.0160285
6245	6246	wire	0.0160285
6246	6247	wire	0.0160285
6247	6248	wire	0.0160285
6248	6249	wire	0.0160285
6249	6250	wire	0.0160285
6250	6251	wire	0.0160285
6251	6252	wire	0.0160285
6252	6253	wire	0.0160285
6253	6254	wire	0.0160285
6254	6255	wire	0.0160285
6255	6256	wire	0.0160285
6256	6257	wire	0.0160285
6257	6258	wire	0.0160285
6258	6259	wire	0.0160285
6259	6260	wire	0.0160285
6260	6261	wire	0.0160285
6261	6262	wire	0.0160285
6262	6263	wire	0.0160285
6263	6264	wire	0.0160285
6264	6265	wire	0.0160285
6265	6266	wire	0.0160285
6266	6267	wire	0.0160285
6267	6268	wire	0.0160285
6268	6269	wire	0.0160285
6269	6270	wire	0.0160285
6270	6271	wire	0.0160285
6271	6272	wire	0.0160285
6272	6273	wire	0.0160285
6273	6274	wire	0.0160285
6274	6275	wire	0.0160285
6275	6276	wire	0.0160285
6276	6277	wire	0.0160285
6277	6278	wire	0.0160285
6278	6279	wire	0.0160285
6279	6280	wire	0.0160285
6280	6281	wire	0.0160285
6281	6282	wire	0.0160285
6282	6283	wire	0.0160285
6283	6284	wire	0.0160285
6284	6285	wire	0.0160285
6286	6287	wire	0.0160285
6287	6288	wire	0.0160285
6288	6289	wire	0.0160285
6289	6290	wire	0.0160285
6290	6291	wire	0.0160285
6291	6292	wire	0.0160285
6292	6293	wire	0.0160285
6293	6294	wire	0.0160285
6294	6295	wire	0.0160285
6295	6296	wire	0.0160285
6296	6297	wire	0.0160285
6297	6298	wire	0.0160285
6298	6299	wire	0.0160285
6299	6300	wire	0.0160285
6300	6301	wire	0.0160285
6301	6302	wire	0.0160285
6302	6303	wire	0.0160285
6303	6304	wire	0.0160285
6304	6305	wire	0.0160285
6305	6306	wire	0.0160285
6306	6307	wire	0.0160285
6307	6308	wire	0.0160285
6308	6309	wire	0.0160285
6309	6310	wire	0.0160285
6310	6311	wire	0.0160285
6311	6312	wire	0.0160285
6312	6313	wire	0.0160285
6313	6314	wire	0.0160285
6314	6315	wire	0.0160285
6315	6316	wire	0.0160285
6316	6317	wire	0.0160285
6317	6318	wire	0.0160285
6318	6319	wire	0.0160285
6319	6320	wire	0.0160285
6320	6321	wire	0.0160285
6321	6322	wire	0.0160285
6322	6323	wire	0.0160285
6323	6324	wire	0.0160285
6324	6325	wire	0.0160285
6325	6326	wire	0.0160285
6326	6327	wire	0.0160285
6327	6328	wire	0.0160285
6328	6329	wire	0.0160285
6329	6330	wire	0.0160285
6330	6331	wire	0.0160285
6331	6332	wire	0.0160285
6332	6333	wire	0.0160285
6333	6334	wire	0.0160285
6334	6335	wire	0.0160285
6335	6336	wire	0.0160285
6336	6337	wire	0.0160285
6337	6338	wire	0.0160285
6338	6339	wire	0.0160285
6339	6340	wire	0.0160285
6340	6341	wire	0.0160285
6341	6342	wire	0.0160285
6342	6343	wire	0.0160285
6343	6344	wire	0.0160285
6344	6345	wire	0.0160285
6345	6346	wire	0.0160285
6346	6347	wire	0.0160285
6347	6348	wire	0.0160285
6348	6349	wire	0.0160285
6349	6350	wire	0.0160285
6350	6351	wire	0.0160285
6351	6352	wire	0.0160285
6352	6353	wire	0.0160285
6353	6354	wire	0.0160285
6354	6355	wire	0.0160285
6355	6356	wire	0.0160285
6356	6357	wire	0.0160285
6357	6358	wire	0.0160285
6358	6359	wire	0.0160285
6359	6360	wire	0.0160285
6360	6361	wire	0.0160285
6361	6362	wire	0.0160285
6362	6363	wire	0.0160285
6363	6364	wire	0.0160285
6364	6365	wire	0.0160285
6365	6366	wire	0.0160285
6366	6367	wire	0.0160285
6367	6368	wire	0.0160285
6368	6369	wire	0.0160285
6369	6370	wire	0.0160285
6370	6371	wire	0.0160285
6371	6372	wire	0.0160285
6372	6373	wire	0.0160285
6373	6374	wire	0.0160285
6374	6375	wire	0.0160285
6375	6376	wire	0.0160285
6376	6377	wire	0.0160285
6377	6378	wire	0.0160285
6378	6379	wire	0.0160285
6379	6380	wire	0.0160285
6380	6381	wire	0.0160285
6381	6382	wire	0.0160285
6382	6383	wire	0.0160285
6383	6384	wire	0.0160285
6384	6385	wire	0.0160285
6385	6386	wire	0.0160285
6386	6387	wire	0.0160285
6387	6388	wire	0.0160285
6388	6389	wire	0.0160285
6389	6390	wire	0.0160285
6390	6391	wire	0.0160285
6391	6392	wire	0.0160285
6392	6393	wire	0.0160285
6393	6394	wire	0.0160285
6395	6396	wire	0.0160285
6396	6397	wire	0.0160285
6397	6398	wire	0.0160285
6398	6399	wire	0.0160285
6399	6400	wire	0.0160285
6400	6401	wire	0.0160285
6401	6402	wire	0.0160285
6402	6403	wire	0.0160285
6403	6404	wire	0.0160285
6404	6405	wire	0.0160285
6405	6406	wire	0.0160285
6406	6407	wire	0.0160285
6407	6408	wire	0.0160285
6408	6409	wire	0.0160285
6409	6410	wire	0.0160285
6410	6411	wire	0.0160285
6411	6412	wire	0.0160285
6412	6413	wire	0.0160285
6413	6414	wire	0.0160285
6414	6415	wire	0.0160285
6415	6416	wire	0.0160285
6416	6417	wire	0.0160285
6417	6418	wire	0.0160285
6418	6419	wire	0.0160285
6419	6420	wire	0.0160285
6420	6421	wire	0.0160285
6421	6422	wire	0.0160285
6422	6423	wire	0.0160285
6423	6424	wire	0.0160285
6424	6425	wire	0.0160285
6425	6426	wire	0.0160285
6426	6427	wire	0.0160285
6427	6428	wire	0.0160285
6428	6429	wire	0.0160285
6429	6430	wire	0.0160285
6430	6431	wire	0.0160285
6431	6432	wire	0.0160285
6432	6433	wire	0.0160285
6433	6434	wire	0.0160285
6434	6435	wire	0.0160285
6435	6436	wire	0.0160285
6436	6437	wire	0.0160285
6437	6438	wire	0.0160285
6438	6439	wire	0.0160285
6439	6440	wire	0.0160285
6440	6441	wire	0.0160285
6441	6442	wire	0.0160285
6442	6443	wire	0.0160285
6443	6444	wire	0.0160285
6444	6445	wire	0.0160285
6445	6446	wire	0.0160285
6446	6447	wire	0.0160285
6447	6448	wire	0.0160285
6448	6449	wire	0.0160285
6449	6450	wire	0.0160285
6450	6451	wire	0.0160285
6451	6452	wire	0.0160285
6452	6453	wire	0.0160285
6453	6454	wire	0.0160285
6454	6455	wire	0.0160285
6455	6456	wire	0.0160285
6456	6457	wire	0.0160285
6457	6458	wire	0.0160285
6458	6459	wire	0.0160285
6459	6460	wire	0.0160285
6460	6461	wire	0.0160285
6461	6462	wire	0.0160285
6462	6463	wire	0.0160285
6463	6464	wire	0.0160285
6464	6465	wire	0.0160285
6465	6466	wire	0.0160285
6466	6467	wire	0.0160285
6467	6468	wire	0.0160285
6468	6469	wire	0.0160285
6469	6470	wire	0.0160285
6470	6471	wire	0.0160285
6471	6472	wire	0.0160285
6472	6473	wire	0.0160285
6473	6474	wire	0.0160285
6474	6475	wire	0.0160285
6475	6476	wire	0.0160285
6476	6477	wire	0.0160285
6477	6478	wire	0.0160285
6478	6479	wire	0.0160285
6479	6480	wire	0.0160285
6480	6481	wire	0.0160285
6481	6482	wire	0.0160285
6482	6483	wire	0.0160285
6483	6484	wire	0.0160285
6484	6485	wire	0.0160285
6485	6486	wire	0.0160285
6486	6487	wire	0.0160285
6487	6488	wire	0.0160285
6488	6489	wire	0.0160285
6489	6490	wire	0.0160285
6490	6491	wire	0.0160285
6491	6492	wire	0.0160285
6492	6493	wire	0.0160285
6493	6494	wire	0.0160285
6494	6495	wire	0.0160285
6495	6496	wire	0.0160285
6496	6497	wire	0.0160285
6497	6498	wire	0.0160285
6498	6499	wire	0.0160285
6499	6500	wire	0.0160285
6500	6501	wire	0.0160285
6501	6502	wire	0.0160285
6502	6503	wire	0.0160285
6504	6505	wire	0.0160285
6505	6506	wire	0.0160285
6506	6507	wire	0.0160285
6507	6508	wire	0.0160285
6508	6509	wire	0.0160285
6509	6510	wire	0.0160285
6510	6511	wire	0.0160285
6511	6512	wire	0.0160285
6512	6513	wire	0.0160285
6513	6514	wire	0.0160285
6514	6515	wire	0.0160285
6515	6516	wire	0.0160285
6516	6517	wire	0.0160285
6517	6518	wire	0.0160285
6518	6519	wire	0.0160285
6519	6520	wire	0.0160285
6520	6521	wire	0.0160285
6521	6522	wire	0.0160285
6522	6523	wire	0.0160285
6523	6524	wire	0.0160285
6524	6525	wire	0.0160285
6525	6526	wire	0.0160285
6526	6527	wire	0.0160285
6527	6528	wire	0.0160285
6528	6529	wire	0.0160285
6529	6530	wire	0.0160285
6530	6531	wire	0.0160285
6531	6532	wire	0.0160285
6532	6533	wire	0.0160285
6533	6534	wire	0.0160285
6534	6535	wire	0.0160285
6535	6536	wire	0.0160285
6536	6537	wire	0.0160285
6537	6538	wire	0.0160285
6538	6539	wire	0.0160285
6539	6540	wire	0.0160285
6540	6541	wire	0.0160285
6541	6542	wire	0.0160285
6542	6543	wire	0.0160285
6543	6544	wire	0.0160285
6544	6545	wire	0.0160285
6545	6546	wire	0.0160285
6546	6547	wire	0.0160285
6547	6548	wire	0.0160285
6548	6549	wire	0.0160285
6549	6550	wire	0.0160285
6550	6551	wire	0.0160285
6551	6552	wire	0.0160285
6552	6553	wire	0.0160285
6553	6554	wire	0.0160285
6554	6555	wire	0.0160285
6555	6556	wire	0.0160285
6556	6557	wire	0.0160285
6557	6558	wire	0.0160285
6558	6559	wire	0.0160285
6559	6560	wire	0.0160285
6560	6561	wire	0.0160285
6561	6562	wire	0.0160285
6562	6563	wire	0.0160285
6563	6564	wire	0.0160285
6564	6565	wire	0.0160285
6565	6566	wire	0.0160285
6566	6567	wire	0.0160285
6567	6568	wire	0.0160285
6568	6569	wire	0.0160285
6569	6570	wire	0.0160285
6570	6571	wire	0.0160285
6571	6572	wire	0.0160285
6572	6573	wire	0.0160285
6573	6574	wire	0.0160285
6574	6575	wire	0.0160285
6575	6576	wire	0.0160285
6576	6577	wire	0.0160285
6577	6578	wire	0.0160285
6578	6579	wire	0.0160285
6579	6580	wire	0.0160285
6580	6581	wire	0.0160285
6581	6582	wire	0.0160285
6582	6583	wire	0.0160285
6583	6584	wire	0.0160285
6584	6585	wire	0.0160285
6585	6586	wire	0.0160285
6586	6587	wire	0.0160285
6587	6588	wire	0.0160285
6588	6589	wire	0.0160285
6589	6590	wire	0.0160285
6590	6591	wire	0.0160285
6591	6592	wire	0.0160285
6592	6593	wire	0.0160285
6593	6594	wire	0.0160285
6594	6595	wire	0.0160285
6595	6596	wire	0.0160285
6596	6597	wire	0.0160285
6597	6598	wire	0.0160285
6598	6599	wire	0.0160285
6599	6600	wire	0.0160285
6600	6601	wire	0.0160285
6601	6602	wire	0.0160285
6602	6603	wire	0.0160285
6603	6604	wire	0.0160285
6604	6605	wire	0.0160285
6605	6606	wire	0.0160285
6606	6607	wire	0.0160285
6607	6608	wire	0.0160285
6608	6609	wire	0.0160285
6609	6610	wire	0.0160285
6610	6611	wire	0.0160285
6611	6612	wire	0.0160285
6613	6614	wire	0.0160285
6614	6615	wire	0.0160285
6615	6616	wire	0.0160285
6616	6617	wire	0.0160285
6617	6618	wire	0.0160285
6618	6619	wire	0.0160285
6619	6620	wire	0.0160285
6620	6621	wire	0.0160285
6621	6622	wire	0.0160285
6622	6623	wire	0.0160285
6623	6624	wire	0.0160285
6624	6625	wire	0.0160285
6625	6626	wire	0.0160285
6626	6627	wire	0.0160285
6627	6628	wire	0.0160285
6628	6629	wire	0.0160285
6629	6630	wire	0.0160285
6630	6631	wire	0.0160285
6631	6632	wire	0.0160285
6632	6633	wire	0.0160285
6633	6634	wire	0.0160285
6634	6635	wire	0.0160285
6635	6636	wire	0.0160285
6636	6637	wire	0.0160285
6637	6638	wire	0.0160285
6638	6639	wire	0.0160285
6639	6640	wire	0.0160285
6640	6641	wire	0.0160285
6641	6642	wire	0.0160285
6642	6643	wire	0.0160285
6643	6644	wire	0.0160285
6644	6645	wire	0.0160285
6645	6646	wire	0.0160285
6646	6647	wire	0.0160285
6647	6648	wire	0.0160285
6648	6649	wire	0.0160285
6649	6650	wire	0.0160285
6650	6651	wire	0.0160285
6651	6652	wire	0.0160285
6652	6653	wire	0.0160285
6653	6654	wire	0.0160285
6654	6655	wire	0.0160285
6655	6656	wire	0.0160285
6656	6657	wire	0.0160285
6657	6658	wire	0.0160285
6658	6659	wire	0.0160285
6659	6660	wire	0.0160285
6660	6661	wire	0.0160285
6661	6662	wire	0.0160285
6662	6663	wire	0.0160285
6663	6664	wire	0.0160285
6664	6665	wire	0.0160285
6665	6666	wire	0.0160285
6666	6667	wire	0.0160285
6667	6668	wire	0.0160285
6668	6669	wire	0.0160285
6669	6670	wire	0.0160285
6670	6671	wire	0.0160285
6671	6672	wire	0.0160285
6672	6673	wire	0.0160285
6673	6674	wire	0.0160285
6674	6675	wire	0.0160285
6675	6676	wire	0.0160285
6676	6677	wire	0.0160285
6677	6678	wire	0.0160285
6678	6679	wire	0.0160285
6679	6680	wire	0.0160285
6680	6681	wire	0.0160285
6681	6682	wire	0.0160285
6682	6683	wire	0.0160285
6683	6684	wire	0.0160285
6684	6685	wire	0.0160285
6685	6686	wire	0.0160285
6686	6687	wire	0.0160285
6687	6688	wire	0.0160285
6688	6689	wire	0.0160285
6689	6690	wire	0.0160285
6690	6691	wire	0.0160285
6691	6692	wire	0.0160285
6692	6693	wire	0.0160285
6693	6694	wire	0.0160285
6694	6695	wire	0.0160285
6695	6696	wire	0.0160285
6696	6697	wire	0.0160285
6697	6698	wire	0.0160285
6698	6699	wire	0.0160285
6699	6700	wire	0.0160285
6700	6701	wire	0.0160285
6701	6702	wire	0.0160285
6702	6703	wire	0.0160285
6703	6704	wire	0.0160285
6704	6705	wire	0.0160285
6705	6706	wire	0.0160285
6706	6707	wire	0.0160285
6707	6708	wire	0.0160285
6708	6709	wire	0.0160285
6709	6710	wire	0.0160285
6710	6711	wire	0.0160285
6711	6712	wire	0.0160285
6712	6713	wire	0.0160285
6713	6714	wire	0.0160285
6714	6715	wire	0.0160285
6715	6716	wire	0.0160285
6716	6717	wire	0.0160285
6717	6718	wire	0.0160285
6718	6719	wire	0.0160285
6719	6720	wire	0.0160285
6720	6721	wire	0.0160285
6722	6723	wire	0.0160285
6723	6724	wire	0.0160285
6724	6725	wire	0.0160285
6725	6726	wire	0.0160285
6726	6727	wire	0.0160285
6727	6728	wire	0.0160285
6728	6729	wire	0.0160285
6729	6730	wire	0.0160285
6730	6731	wire	0.0160285
6731	6732	wire	0.0160285
6732	6733	wire	0.0160285
6733	6734	wire	0.0160285
6734	6735	wire	0.0160285
6735	6736	wire	0.0160285
6736	6737	wire	0.0160285
6737	6738	wire	0.0160285
6738	6739	wire	0.0160285
6739	6740	wire	0.0160285
6740	6741	wire	0.0160285
6741	6742	wire	0.0160285
6742	6743	wire	0.0160285
6743	6744	wire	0.0160285
6744	6745	wire	0.0160285
6745	6746	wire	0.0160285
6746	6747	wire	0.0160285
6747	6748	wire	0.0160285
6748	6749	wire	0.0160285
6749	6750	wire	0.0160285
6750	6751	wire	0.0160285
6751	6752	wire	0.0160285
6752	6753	wire	0.0160285
6753	6754	wire	0.0160285
6754	6755	wire	0.0160285
6755	6756	wire	0.0160285
6756	6757	wire	0.0160285
6757	6758	wire	0.0160285
6758	6759	wire	0.0160285
6759	6760	wire	0.0160285
6760	6761	wire	0.0160285
6761	6762	wire	0.0160285
6762	6763	wire	0.0160285
6763	6764	wire	0.0160285
6764	6765	wire	0.0160285
6765	6766	wire	0.0160285
6766	6767	wire	0.0160285
6767	6768	wire	0.0160285
6768	6769	wire	0.0160285
6769	6770	wire	0.0160285
6770	6771	wire	0.0160285
6771	6772	wire	0.0160285
6772	6773	wire	0.0160285
6773	6774	wire	0.0160285
6774	6775	wire	0.0160285
6775	6776	wire	0.0160285
6776	6777	wire	0.0160285
6777	6778	wire	0.0160285
6778	6779	wire	0.0160285
6779	6780	wire	0.0160285
6780	6781	wire	0.0160285
6781	6782	wire	0.0160285
6782	6783	wire	0.0160285
6783	6784	wire	0.0160285
6784	6785	wire	0.0160285
6785	6786	wire	0.0160285
6786	6787	wire	0.0160285
6787	6788	wire	0.0160285
6788	6789	wire	0.0160285
6789	6790	wire	0.0160285
6790	6791	wire	0.0160285
6791	6792	wire	0.0160285
6792	6793	wire	0.0160285
6793	6794	wire	0.0160285
6794	6795	wire	0.0160285
6795	6796	wire	0.0160285
6796	6797	wire	0.0160285
6797	6798	wire	0.0160285
6798	6799	wire	0.0160285
6799	6800	wire	0.0160285
6800	6801	wire	0.0160285
6801	6802	wire	0.0160285
6802	6803	wire	0.0160285
6803	6804	wire	0.0160285
6804	6805	wire	0.0160285
6805	6806	wire	0.0160285
6806	6807	wire	0.0160285
6807	6808	wire	0.0160285
6808	6809	wire	0.0160285
6809	6810	wire	0.0160285
6810	6811	wire	0.0160285
6811	6812	wire	0.0160285
6812	6813	wire	0.0160285
6813	6814	wire	0.0160285
6814	6815	wire	0.0160285
6815	6816	wire	0.0160285
6816	6817	wire	0.0160285
6817	6818	wire	0.0160285
6818	6819	wire	0.0160285
6819	6820	wire	0.0160285
6820	6821	wire	0.0160285
6821	6822	wire	0.0160285
6822	6823	wire	0.0160285
6823	6824	wire	0.0160285
6824	6825	wire	0.0160285
6825	6826	wire	0.0160285
6826	6827	wire	0.0160285
6827	6828	wire	0.0160285
6828	6829	wire	0.0160285
6829	6830	wire	0.0160285
6831	6832	wire	0.0160285
6832	6833	wire	0.0160285
6833	6834	wire	0.0160285
6834	6835	wire	0.0160285
6835	6836	wire	0.0160285
6836	6837	wire	0.0160285
6837	6838	wire	0.0160285
6838	6839	wire	0.0160285
6839	6840	wire	0.0160285
6840	6841	wire	0.0160285
6841	6842	wire	0.0160285
6842	6843	wire	0.0160285
6843	6844	wire	0.0160285
6844	6845	wire	0.0160285
6845	6846	wire	0.0160285
6846	6847	wire	0.0160285
6847	6848	wire	0.0160285
6848	6849	wire	0.0160285
6849	6850	wire	0.0160285
6850	6851	wire	0.0160285
6851	6852	wire	0.0160285
6852	6853	wire	0.0160285
6853	6854	wire	0.0160285
6854	6855	wire	0.0160285
6855	6856	wire	0.0160285
6856	6857	wire	0.0160285
6857	6858	wire	0.0160285
6858	6859	wire	0.0160285
6859	6860	wire	0.0160285
6860	6861	wire	0.0160285
6861	6862	wire	0.0160285
6862	6863	wire	0.0160285
6863	6864	wire	0.0160285
6864	6865	wire	0.0160285
6865	6866	wire	0.0160285
6866	6867	wire	0.0160285
6867	6868	wire	0.0160285
6868	6869	wire	0.0160285
6869	6870	wire	0.0160285
6870	6871	wire	0.0160285
6871	6872	wire	0.0160285
6872	6873	wire	0.0160285
6873	6874	wire	0.0160285
6874	6875	wire	0.0160285
6875	6876	wire	0.0160285
6876	6877	wire	0.0160285
6877	6878	wire	0.0160285
6878	6879	wire	0.0160285
6879	6880	wire	0.0160285
6880	6881	wire	0.0160285
6881	6882	wire	0.0160285
6882	6883	wire	0.0160285
6883	6884	wire	0.0160285
6884	6885	wire	0.0160285
6885	6886	wire	0.0160285
6886	6887	wire	0.0160285
6887	6888	wire	0.0160285
6888	6889	wire	0.0160285
6889	6890	wire	0.0160285
6890	6891	wire	0.0160285
6891	6892	wire	0.0160285
6892	6893	wire	0.0160285
6893	6894	wire	0.0160285
6894	6895	wire	0.0160285
6895	6896	wire	0.0160285
6896	6897	wire	0.0160285
6897	6898	wire	0.0160285
6898	6899	wire	0.0160285
6899	6900	wire	0.0160285
6900	6901	wire	0.0160285
6901	6902	wire	0.0160285
6902	6903	wire	0.0160285
6903	6904	wire	0.0160285
6904	6905	wire	0.0160285
6905	6906	wire	0.0160285
6906	6907	wire	0.0160285
6907	6908	wire	0.0160285
6908	6909	wire	0.0160285
6909	6910	wire	0.0160285
6910	6911	wire	0.0160285
6911	6912	wire	0.0160285
6912	6913	wire	0.0160285
6913	6914	wire	0.0160285
6914	6915	wire	0.0160285
6915	6916	wire	0.0160285
6916	6917	wire	0.0160285
6917	6918	wire	0.0160285
6918	6919	wire	0.0160285
6919	6920	wire	0.0160285
6920	6921	wire	0.0160285
6921	6922	wire	0.0160285
6922	6923	wire	0.0160285
6923	6924	wire	0.0160285
6924	6925	wire	0.0160285
6925	6926	wire	0.0160285
6926	6927	wire	0.0160285
6927	6928	wire	0.0160285
6928	6929	wire	0.0160285
6929	6930	wire	0.0160285
6930	6931	wire	0.0160285
6931	6932	wire	0.0160285
6932	6933	wire	0.0160285
6933	6934	wire	0.0160285
6934	6935	wire	0.0160285
6935	6936	wire	0.0160285
6936	6937	wire	0.0160285
6937	6938	wire	0.0160285
6938	6939	wire	0.0160285
6940	6941	wire	0.0160285
6941	6942	wire	0.0160285
6942	6943	wire	0.0160285
6943	6944	wire	0.0160285
6944	6945	wire	0.0160285
6945	6946	wire	0.0160285
6946	6947	wire	0.0160285
6947	6948	wire	0.0160285
6948	6949	wire	0.0160285
6949	6950	wire	0.0160285
6950	6951	wire	0.0160285
6951	6952	wire	0.0160285
6952	6953	wire	0.0160285
6953	6954	wire	0.0160285
6954	6955	wire	0.0160285
6955	6956	wire	0.0160285
6956	6957	wire	0.0160285
6957	6958	wire	0.0160285
6958	6959	wire	0.0160285
6959	6960	wire	0.0160285
6960	6961	wire	0.0160285
6961	6962	wire	0.0160285
6962	6963	wire	0.0160285
6963	6964	wire	0.0160285
6964	6965	wire	0.0160285
6965	6966	wire	0.0160285
6966	6967	wire	0.0160285
6967	6968	wire	0.0160285
6968	6969	wire	0.0160285
6969	6970	wire	0.0160285
6970	6971	wire	0.0160285
6971	6972	wire	0.0160285
6972	6973	wire	0.0160285
6973	6974	wire	0.0160285
6974	6975	wire	0.0160285
6975	6976	wire	0.0160285
6976	6977	wire	0.0160285
6977	6978	wire	0.0160285
6978	6979	wire	0.0160285
6979	6980	wire	0.0160285
6980	6981	wire	0.0160285
6981	6982	wire	0.0160285
6982	6983	wire	0.0160285
6983	6984	wire	0.0160285
6984	6985	wire	0.0160285
6985	6986	wire	0.0160285
6986	6987	wire	0.0160285
6987	6988	wire	0.0160285
6988	6989	wire	0.0160285
6989	6990	wire	0.0160285
6990	6991	wire	0.0160285
6991	6992	wire	0.0160285
6992	6993	wire	0.0160285
6993	6994	wire	0.0160285
6994	6995	wire	0.0160285
6995	6996	wire	0.0160285
6996	6997	wire	0.0160285
6997	6998	wire	0.0160285
6998	6999	wire	0.0160285
6999	7000	wire	0.0160285
7000	7001	wire	0.0160285
7001	7002	wire	0.0160285
7002	7003	wire	0.0160285
7003	7004	wire	0.0160285
7004	7005	wire	0.0160285
7005	7006	wire	0.0160285
7006	7007	wire	0.0160285
7007	7008	wire	0.0160285
7008	7009	wire	0.0160285
7009	7010	wire	0.0160285
7010	7011	wire	0.0160285
7011	7012	wire	0.0160285
7012	7013	wire	0.0160285
7013	7014	wire	0.0160285
7014	7015	wire	0.0160285
7015	7016	wire	0.0160285
7016	7017	wire	0.0160285
7017	7018	wire	0.0160285
7018	7019	wire	0.0160285
7019	7020	wire	0.0160285
7020	7021	wire	0.0160285
7021	7022	wire	0.0160285
7022	7023	wire	0.0160285
7023	7024	wire	0.0160285
7024	7025	wire	0.0160285
7025	7026	wire	0.0160285
7026	7027	wire	0.0160285
7027	7028	wire	0.0160285
7028	7029	wire	0.0160285
7029	7030	wire	0.0160285
7030	7031	wire	0.0160285
7031	7032	wire	0.0160285
7032	7033	wire	0.0160285
7033	7034	wire	0.0160285
7034	7035	wire	0.0160285
7035	7036	wire	0.0160285
7036	7037	wire	0.0160285
7037	7038	wire	0.0160285
7038	7039	wire	0.0160285
7039	7040	wire	0.0160285
7040	7041	wire	0.0160285
7041	7042	wire	0.0160285
7042	7043	wire	0.0160285
7043	7044	wire	0.0160285
7044	7045	wire	0.0160285
7045	7046	wire	0.0160285
7046	7047	wire	0.0160285
7047	7048	wire	0.0160285
7049	7050	wire	0.0160285
7050	7051	wire	0.0160285
7051	7052	wire	0.0160285
7052	7053	wire	0.0160285
7053	7054	wire	0.0160285
7054	7055	wire	0.0160285
7055	7056	wire	0.0160285
7056	7057	wire	0.0160285
7057	7058	wire	0.0160285
7058	7059	wire	0.0160285
7059	7060	wire	0.0160285
7060	7061	wire	0.0160285
7061	7062	wire	0.0160285
7062	7063	wire	0.0160285
7063	7064	wire	0.0160285
7064	7065	wire	0.0160285
7065	7066	wire	0.0160285
7066	7067	wire	0.0160285
7067	7068	wire	0.0160285
7068	7069	wire	0.0160285
7069	7070	wire	0.0160285
7070	7071	wire	0.0160285
7071	7072	wire	0.0160285
7072	7073	wire	0.0160285
7073	7074	wire	0.0160285
7074	7075	wire	0.0160285
7075	7076	wire	0.0160285
7076	7077	wire	0.0160285
7077	7078	wire	0.0160285
7078	7079	wire	0.0160285
7079	7080	wire	0.0160285
7080	7081	wire	0.0160285
7081	7082	wire	0.0160285
7082	7083	wire	0.0160285
7083	7084	wire	0.0160285
7084	7085	wire	0.0160285
7085	7086	wire	0.0160285
7086	7087	wire	0.0160285
7087	7088	wire	0.0160285
7088	7089	wire	0.0160285
7089	7090	wire	0.0160285
7090	7091	wire	0.0160285
7091	7092	wire	0.0160285
7092	7093	wire	0.0160285
7093	7094	wire	0.0160285
7094	7095	wire	0.0160285
7095	7096	wire	0.0160285
7096	7097	wire	0.0160285
7097	7098	wire	0.0160285
7098	7099	wire	0.0160285
7099	7100	wire	0.0160285
7100	7101	wire	0.0160285
7101	7102	wire	0.0160285
7102	7103	wire	0.0160285
7103	7104	wire	0.0160285
7104	7105	wire	0.0160285
7105	7106	wire	0.0160285
7106	7107	wire	0.0160285
7107	7108	wire	0.0160285
7108	7109	wire	0.0160285
7109	7110	wire	0.0160285
7110	7111	wire	0.0160285
7111	7112	wire	0.0160285
7112	7113	wire	0.0160285
7113	7114	wire	0.0160285
7114	7115	wire	0.0160285
7115	7116	wire	0.0160285
7116	7117	wire	0.0160285
7117	7118	wire	0.0160285
7118	7119	wire	0.0160285
7119	7120	wire	0.0160285
7120	7121	wire	0.0160285
7121	7122	wire	0.0160285
7122	7123	wire	0.0160285
7123	7124	wire	0.0160285
7124	7125	wire	0.0160285
7125	7126	wire	0.0160285
7126	7127	wire	0.0160285
7127	7128	wire	0.0160285
7128	7129	wire	0.0160285
7129	7130	wire	0.0160285
7130	7131	wire	0.0160285
7131	7132	wire	0.0160285
7132	7133	wire	0.0160285
7133	7134	wire	0.0160285
7134	7135	wire	0.0160285
7135	7136	wire	0.0160285
7136	7137	wire	0.0160285
7137	7138	wire	0.0160285
7138	7139	wire	0.0160285
7139	7140	wire	0.0160285
7140	7141	wire	0.0160285
7141	7142	wire	0.0160285
7142	7143	wire	0.0160285
7143	7144	wire	0.0160285
7144	7145	wire	0.0160285
7145	7146	wire	0.0160285
7146	7147	wire	0.0160285
7147	7148	wire	0.0160285
7148	7149	wire	0.0160285
7149	7150	wire	0.0160285
7150	7151	wire	0.0160285
7151	7152	wire	0.0160285
7152	7153	wire	0.0160285
7153	7154	wire	0.0160285
7154	7155	wire	0.0160285
7155	7156	wire	0.0160285
7156	7157	wire	0.0160285
7158	7159	wire	0.0160285
7159	7160	wire	0.0160285
7160	7161	wire	0.0160285
7161	7162	wire	0.0160285
7162	7163	wire	0.0160285
7163	7164	wire	0.0160285
7164	7165	wire	0.0160285
7165	7166	wire	0.0160285
7166	7167	wire	0.0160285
7167	7168	wire	0.0160285
7168	7169	wire	0.0160285
7169	7170	wire	0.0160285
7170	7171	wire	0.0160285
7171	7172	wire	0.0160285
7172	7173	wire	0.0160285
7173	7174	wire	0.0160285
7174	7175	wire	0.0160285
7175	7176	wire	0.0160285
7176	7177	wire	0.0160285
7177	7178	wire	0.0160285
7178	7179	wire	0.0160285
7179	7180	wire	0.0160285
7180	7181	wire	0.0160285
7181	7182	wire	0.0160285
7182	7183	wire	0.0160285
7183	7184	wire	0.0160285
7184	7185	wire	0.0160285
7185	7186	wire	0.0160285
7186	7187	wire	0.0160285
7187	7188	wire	0.0160285
7188	7189	wire	0.0160285
7189	7190	wire	0.0160285
7190	7191	wire	0.0160285
7191	7192	wire	0.0160285
7192	7193	wire	0.0160285
7193	7194	wire	0.0160285
7194	7195	wire	0.0160285
7195	7196	wire	0.0160285
7196	7197	wire	0.0160285
7197	7198	wire	0.0160285
7198	7199	wire	0.0160285
7199	7200	wire	0.0160285
7200	7201	wire	0.0160285
7201	7202	wire	0.0160285
7202	7203	wire	0.0160285
7203	7204	wire	0.0160285
7204	7205	wire	0.0160285
7205	7206	wire	0.0160285
7206	7207	wire	0.0160285
7207	7208	wire	0.0160285
7208	7209	wire	0.0160285
7209	7210	wire	0.0160285
7210	7211	wire	0.0160285
7211	7212	wire	0.0160285
7212	7213	wire	0.0160285
7213	7214	wire	0.0160285
7214	7215	wire	0.0160285
7215	7216	wire	0.0160285
7216	7217	wire	0.0160285
7217	7218	wire	0.0160285
7218	7219	wire	0.0160285
7219	7220	wire	0.0160285
7220	7221	wire	0.0160285
7221	7222	wire	0.0160285
7222	7223	wire	0.0160285
7223	7224	wire	0.0160285
7224	7225	wire	0.0160285
7225	7226	wire	0.0160285
7226	7227	wire	0.0160285
7227	7228	wire	0.0160285
7228	7229	wire	0.0160285
7229	7230	wire	0.0160285
7230	7231	wire	0.0160285
7231	7232	wire	0.0160285
7232	7233	wire	0.0160285
7233	7234	wire	0.0160285
7234	7235	wire	0.0160285
7235	7236	wire	0.0160285
7236	7237	wire	0.0160285
7237	7238	wire	0.0160285
7238	7239	wire	0.0160285
7239	7240	wire	0.0160285
7240	7241	wire	0.0160285
7241	7242	wire	0.0160285
7242	7243	wire	0.0160285
7243	7244	wire	0.0160285
7244	7245	wire	0.0160285
7245	7246	wire	0.0160285
7246	7247	wire	0.0160285
7247	7248	wire	0.0160285
7248	7249	wire	0.0160285
7249	7250	wire	0.0160285
7250	7251	wire	0.0160285
7251	7252	wire	0.0160285
7252	7253	wire	0.0160285
7253	7254	wire	0.0160285
7254	7255	wire	0.0160285
7255	7256	wire	0.0160285
7256	7257	wire	0.0160285
7257	7258	wire	0.0160285
7258	7259	wire	0.0160285
7259	7260	wire	0.0160285
7260	7261	wire	0.0160285
7261	7262	wire	0.0160285
7262	7263	wire	0.0160285
7263	7264	wire	0.0160285
7264	7265	wire	0.0160285
7265	7266	wire	0.0160285
7267	7268	wire	0.0160285
7268	7269	wire	0.0160285
7269	7270	wire	0.0160285
7270	7271	wire	0.0160285
7271	7272	wire	0.0160285
7272	7273	wire	0.0160285
7273	7274	wire	0.0160285
7274	7275	wire	0.0160285
7275	7276	wire	0.0160285
7276	7277	wire	0.0160285
7277	7278	wire	0.0160285
7278	7279	wire	0.0160285
7279	7280	wire	0.0160285
7280	7281	wire	0.0160285
7281	7282	wire	0.0160285
7282	7283	wire	0.0160285
7283	7284	wire	0.0160285
7284	7285	wire	0.0160285
7285	7286	wire	0.0160285
7286	7287	wire	0.0160285
7287	7288	wire	0.0160285
7288	7289	wire	0.0160285
7289	7290	wire	0.0160285
7290	7291	wire	0.0160285
7291	7292	wire	0.0160285
7292	7293	wire	0.0160285
7293	7294	wire	0.0160285
7294	7295	wire	0.0160285
7295	7296	wire	0.0160285
7296	7297	wire	0.0160285
7297	7298	wire	0.0160285
7298	7299	wire	0.0160285
7299	7300	wire	0.0160285
7300	7301	wire	0.0160285
7301	7302	wire	0.0160285
7302	7303	wire	0.0160285
7303	7304	wire	0.0160285
7304	7305	wire	0.0160285
7305	7306	wire	0.0160285
7306	7307	wire	0.0160285
7307	7308	wire	0.0160285
7308	7309	wire	0.0160285
7309	7310	wire	0.0160285
7310	7311	wire	0.0160285
7311	7312	wire	0.0160285
7312	7313	wire	0.0160285
7313	7314	wire	0.0160285
7314	7315	wire	0.0160285
7315	7316	wire	0.0160285
7316	7317	wire	0.0160285
7317	7318	wire	0.0160285
7318	7319	wire	0.0160285
7319	7320	wire	0.0160285
7320	7321	wire	0.0160285
7321	7322	wire	0.0160285
7322	7323	wire	0.0160285
7323	7324	wire	0.0160285
7324	7325	wire	0.0160285
7325	7326	wire	0.0160285
7326	7327	wire	0.0160285
7327	7328	wire	0.0160285
7328	7329	wire	0.0160285
7329	7330	wire	0.0160285
7330	7331	wire	0.0160285
7331	7332	wire	0.0160285
7332	7333	wire	0.0160285
7333	7334	wire	0.0160285
7334	7335	wire	0.0160285
7335	7336	wire	0.0160285
7336	7337	wire	0.0160285
7337	7338	wire	0.0160285
7338	7339	wire	0.0160285
7339	7340	wire	0.0160285
7340	7341	wire	0.0160285
7341	7342	wire	0.0160285
7342	7343	wire	0.0160285
7343	7344	wire	0.0160285
7344	7345	wire	0.0160285
7345	7346	wire	0.0160285
7346	7347	wire	0.0160285
7347	7348	wire	0.0160285
7348	7349	wire	0.0160285
7349	7350	wire	0.0160285
7350	7351	wire	0.0160285
7351	7352	wire	0.0160285
7352	7353	wire	0.0160285
7353	7354	wire	0.0160285
7354	7355	wire	0.0160285
7355	7356	wire	0.0160285
7356	7357	wire	0.0160285
7357	7358	wire	0.0160285
7358	7359	wire	0.0160285
7359	7360	wire	0.0160285
7360	7361	wire	0.0160285
7361	7362	wire	0.0160285
7362	7363	wire	0.0160285
7363	7364	wire	0.0160285
7364	7365	wire	0.0160285
7365	7366	wire	0.0160285
7366	7367	wire	0.0160285
7367	7368	wire	0.0160285
7368	7369	wire	0.0160285
7369	7370	wire	0.0160285
7370	7371	wire	0.0160285
7371	7372	wire	0.0160285
7372	7373	wire	0.0160285
7373	7374	wire	0.0160285
7374	7375	wire	0.0160285
7376	7377	wire	0.0160285
7377	7378	wire	0.0160285
7378	7379	wire	0.0160285
7379	7380	wire	0.0160285
7380	7381	wire	0.0160285
7381	7382	wire	0.0160285
7382	7383	wire	0.0160285
7383	7384	wire	0.0160285
7384	7385	wire	0.0160285
7385	7386	wire	0.0160285
7386	7387	wire	0.0160285
7387	7388	wire	0.0160285
7388	7389	wire	0.0160285
7389	7390	wire	0.0160285
7390	7391	wire	0.0160285
7391	7392	wire	0.0160285
7392	7393	wire	0.0160285
7393	7394	wire	0.0160285
7394	7395	wire	0.0160285
7395	7396	wire	0.0160285
7396	7397	wire	0.0160285
7397	7398	wire	0.0160285
7398	7399	wire	0.0160285
7399	7400	wire	0.0160285
7400	7401	wire	0.0160285
7401	7402	wire	0.0160285
7402	7403	wire	0.0160285
7403	7404	wire	0.0160285
7404	7405	wire	0.0160285
7405	7406	wire	0.0160285
7406	7407	wire	0.0160285
7407	7408	wire	0.0160285
7408	7409	wire	0.0160285
7409	7410	wire	0.0160285
7410	7411	wire	0.0160285
7411	7412	wire	0.0160285
7412	7413	wire	0.0160285
7413	7414	wire	0.0160285
7414	7415	wire	0.0160285
7415	7416	wire	0.0160285
7416	7417	wire	0.0160285
7417	7418	wire	0.0160285
7418	7419	wire	0.0160285
7419	7420	wire	0.0160285
7420	7421	wire	0.0160285
7421	7422	wire	0.0160285
7422	7423	wire	0.0160285
7423	7424	wire	0.0160285
7424	7425	wire	0.0160285
7425	7426	wire	0.0160285
7426	7427	wire	0.0160285
7427	7428	wire	0.0160285
7428	7429	wire	0.0160285
7429	7430	wire	0.0160285
7430	7431	wire	0.0160285
7431	7432	wire	0.0160285
7432	7433	wire	0.0160285
7433	7434	wire	0.0160285
7434	7435	wire	0.0160285
7435	7436	wire	0.0160285
7436	7437	wire	0.0160285
7437	7438	wire	0.0160285
7438	7439	wire	0.0160285
7439	7440	wire	0.0160285
7440	7441	wire	0.0160285
7441	7442	wire	0.0160285
7442	7443	wire	0.0160285
7443	7444	wire	0.0160285
7444	7445	wire	0.0160285
7445	7446	wire	0.0160285
7446	7447	wire	0.0160285
7447	7448	wire	0.0160285
7448	7449	wire	0.0160285
7449	7450	wire	0.0160285
7450	7451	wire	0.0160285
7451	7452	wire	0.0160285
7452	7453	wire	0.0160285
7453	7454	wire	0.0160285
7454	7455	wire	0.0160285
7455	7456	wire	0.0160285
7456	7457	wire	0.0160285
7457	7458	wire	0.0160285
7458	7459	wire	0.0160285
7459	7460	wire	0.0160285
7460	7461	wire	0.0160285
7461	7462	wire	0.0160285
7462	7463	wire	0.0160285
7463	7464	wire	0.0160285
7464	7465	wire	0.0160285
7465	7466	wire	0.0160285
7466	7467	wire	0.0160285
7467	7468	wire	0.0160285
7468	7469	wire	0.0160285
7469	7470	wire	0.0160285
7470	7471	wire	0.0160285
7471	7472	wire	0.0160285
7472	7473	wire	0.0160285
7473	7474	wire	0.0160285
7474	7475	wire	0.0160285
7475	7476	wire	0.0160285
7476	7477	wire	0.0160285
7477	7478	wire	0.0160285
7478	7479	wire	0.0160285
7479	7480	wire	0.0160285
7480	7481	wire	0.0160285
7481	7482	wire	0.0160285
7482	7483	wire	0.0160285
7483	7484	wire	0.0160285
7485	7486	wire	0.0160285
7486	7487	wire	0.0160285
7487	7488	wire	0.0160285
7488	7489	wire	0.0160285
7489	7490	wire	0.0160285
7490	7491	wire	0.0160285
7491	7492	wire	0.0160285
7492	7493	wire	0.0160285
7493	7494	wire	0.0160285
7494	7495	wire	0.0160285
7495	7496	wire	0.0160285
7496	7497	wire	0.0160285
7497	7498	wire	0.0160285
7498	7499	wire	0.0160285
7499	7500	wire	0.0160285
7500	7501	wire	0.0160285
7501	7502	wire	0.0160285
7502	7503	wire	0.0160285
7503	7504	wire	0.0160285
7504	7505	wire	0.0160285
7505	7506	wire	0.0160285
7506	7507	wire	0.0160285
7507	7508	wire	0.0160285
7508	7509	wire	0.0160285
7509	7510	wire	0.0160285
7510	7511	wire	0.0160285
7511	7512	wire	0.0160285
7512	7513	wire	0.0160285
7513	7514	wire	0.0160285
7514	7515	wire	0.0160285
7515	7516	wire	0.0160285
7516	7517	wire	0.0160285
7517	7518	wire	0.0160285
7518	7519	wire	0.0160285
7519	7520	wire	0.0160285
7520	7521	wire	0.0160285
7521	7522	wire	0.0160285
7522	7523	wire	0.0160285
7523	7524	wire	0.0160285
7524	7525	wire	0.0160285
7525	7526	wire	0.0160285
7526	7527	wire	0.0160285
7527	7528	wire	0.0160285
7528	7529	wire	0.0160285
7529	7530	wire	0.0160285
7530	7531	wire	0.0160285
7531	7532	wire	0.0160285
7532	7533	wire	0.0160285
7533	7534	wire	0.0160285
7534	7535	wire	0.0160285
7535	7536	wire	0.0160285
7536	7537	wire	0.0160285
7537	7538	wire	0.0160285
7538	7539	wire	0.0160285
7539	7540	wire	0.0160285
7540	7541	wire	0.0160285
7541	7542	wire	0.0160285
7542	7543	wire	0.0160285
7543	7544	wire	0.0160285
7544	7545	wire	0.0160285
7545	7546	wire	0.0160285
7546	7547	wire	0.0160285
7547	7548	wire	0.0160285
7548	7549	wire	0.0160285
7549	7550	wire	0.0160285
7550	7551	wire	0.0160285
7551	7552	wire	0.0160285
7552	7553	wire	0.0160285
7553	7554	wire	0.0160285
7554	7555	wire	0.0160285
7555	7556	wire	0.0160285
7556	7557	wire	0.0160285
7557	7558	wire	0.0160285
7558	7559	wire	0.0160285
7559	7560	wire	0.0160285
7560	7561	wire	0.0160285
7561	7562	wire	0.0160285
7562	7563	wire	0.0160285
7563	7564	wire	0.0160285
7564	7565	wire	0.0160285
7565	7566	wire	0.0160285
7566	7567	wire	0.0160285
7567	7568	wire	0.0160285
7568	7569	wire	0.0160285
7569	7570	wire	0.0160285
7570	7571	wire	0.0160285
7571	7572	wire	0.0160285
7572	7573	wire	0.0160285
7573	7574	wire	0.0160285
7574	7575	wire	0.0160285
7575	7576	wire	0.0160285
7576	7577	wire	0.0160285
7577	7578	wire	0.0160285
7578	7579	wire	0.0160285
7579	7580	wire	0.0160285
7580	7581	wire	0.0160285
7581	7582	wire	0.0160285
7582	7583	wire	0.0160285
7583	7584	wire	0.0160285
7584	7585	wire	0.0160285
7585	7586	wire	0.0160285
7586	7587	wire	0.0160285
7587	7588	wire	0.0160285
7588	7589	wire	0.0160285
7589	7590	wire	0.0160285
7590	7591	wire	0.0160285
7591	7592	wire	0.0160285
7592	7593	wire	0.0160285
7594	7595	wire	0.0160285
7595	7596	wire	0.0160285
7596	7597	wire	0.0160285
7597	7598	wire	0.0160285
7598	7599	wire	0.0160285
7599	7600	wire	0.0160285
7600	7601	wire	0.0160285
7601	7602	wire	0.0160285
7602	7603	wire	0.0160285
7603	7604	wire	0.0160285
7604	7605	wire	0.0160285
7605	7606	wire	0.0160285
7606	7607	wire	0.0160285
7607	7608	wire	0.0160285
7608	7609	wire	0.0160285
7609	7610	wire	0.0160285
7610	7611	wire	0.0160285
7611	7612	wire	0.0160285
7612	7613	wire	0.0160285
7613	7614	wire	0.0160285
7614	7615	wire	0.0160285
7615	7616	wire	0.0160285
7616	7617	wire	0.0160285
7617	7618	wire	0.0160285
7618	7619	wire	0.0160285
7619	7620	wire	0.0160285
7620	7621	wire	0.0160285
7621	7622	wire	0.0160285
7622	7623	wire	0.0160285
7623	7624	wire	0.0160285
7624	7625	wire	0.0160285
7625	7626	wire	0.0160285
7626	7627	wire	0.0160285
7627	7628	wire	0.0160285
7628	7629	wire	0.0160285
7629	7630	wire	0.0160285
7630	7631	wire	0.0160285
7631	7632	wire	0.0160285
7632	7633	wire	0.0160285
7633	7634	wire	0.0160285
7634	7635	wire	0.0160285
7635	7636	wire	0.0160285
7636	7637	wire	0.0160285
7637	7638	wire	0.0160285
7638	7639	wire	0.0160285
7639	7640	wire	0.0160285
7640	7641	wire	0.0160285
7641	7642	wire	0.0160285
7642	7643	wire	0.0160285
7643	7644	wire	0.0160285
7644	7645	wire	0.0160285
7645	7646	wire	0.0160285
7646	7647	wire	0.0160285
7647	7648	wire	0.0160285
7648	7649	wire	0.0160285
7649	7650	wire	0.0160285
7650	7651	wire	0.0160285
7651	7652	wire	0.0160285
7652	7653	wire	0.0160285
7653	7654	wire	0.0160285
7654	7655	wire	0.0160285
7655	7656	wire	0.0160285
7656	7657	wire	0.0160285
7657	7658	wire	0.0160285
7658	7659	wire	0.0160285
7659	7660	wire	0.0160285
7660	7661	wire	0.0160285
7661	7662	wire	0.0160285
7662	7663	wire	0.0160285
7663	7664	wire	0.0160285
7664	7665	wire	0.0160285
7665	7666	wire	0.0160285
7666	7667	wire	0.0160285
7667	7668	wire	0.0160285
7668	7669	wire	0.0160285
7669	7670	wire	0.0160285
7670	7671	wire	0.0160285
7671	7672	wire	0.0160285
7672	7673	wire	0.0160285
7673	7674	wire	0.0160285
7674	7675	wire	0.0160285
7675	7676	wire	0.0160285
7676	7677	wire	0.0160285
7677	7678	wire	0.0160285
7678	7679	wire	0.0160285
7679	7680	wire	0.0160285
7680	7681	wire	0.0160285
7681	7682	wire	0.0160285
7682	7683	wire	0.0160285
7683	7684	wire	0.0160285
7684	7685	wire	0.0160285
7685	7686	wire	0.0160285
7686	7687	wire	0.0160285
7687	7688	wire	0.0160285
7688	7689	wire	0.0160285
7689	7690	wire	0.0160285
7690	7691	wire	0.0160285
7691	7692	wire	0.0160285
7692	7693	wire	0.0160285
7693	7694	wire	0.0160285
7694	7695	wire	0.0160285
7695	7696	wire	0.0160285
7696	7697	wire	0.0160285
7697	7698	wire	0.0160285
7698	7699	wire	0.0160285
7699	7700	wire	0.0160285
7700	7701	wire	0.0160285
7701	7702	wire	0.0160285
7703	7704	wire	0.0160285
7704	7705	wire	0.0160285
7705	7706	wire	0.0160285
7706	7707	wire	0.0160285
7707	7708	wire	0.0160285
7708	7709	wire	0.0160285
7709	7710	wire	0.0160285
7710	7711	wire	0.0160285
7711	7712	wire	0.0160285
7712	7713	wire	0.0160285
7713	7714	wire	0.0160285
7714	7715	wire	0.0160285
7715	7716	wire	0.0160285
7716	7717	wire	0.0160285
7717	7718	wire	0.0160285
7718	7719	wire	0.0160285
7719	7720	wire	0.0160285
7720	7721	wire	0.0160285
7721	7722	wire	0.0160285
7722	7723	wire	0.0160285
7723	7724	wire	0.0160285
7724	7725	wire	0.0160285
7725	7726	wire	0.0160285
7726	7727	wire	0.0160285
7727	7728	wire	0.0160285
7728	7729	wire	0.0160285
7729	7730	wire	0.0160285
7730	7731	wire	0.0160285
7731	7732	wire	0.0160285
7732	7733	wire	0.0160285
7733	7734	wire	0.0160285
7734	7735	wire	0.0160285
7735	7736	wire	0.0160285
7736	7737	wire	0.0160285
7737	7738	wire	0.0160285
7738	7739	wire	0.0160285
7739	7740	wire	0.0160285
7740	7741	wire	0.0160285
7741	7742	wire	0.0160285
7742	7743	wire	0.0160285
7743	7744	wire	0.0160285
7744	7745	wire	0.0160285
7745	7746	wire	0.0160285
7746	7747	wire	0.0160285
7747	7748	wire	0.0160285
7748	7749	wire	0.0160285
7749	7750	wire	0.0160285
7750	7751	wire	0.0160285
7751	7752	wire	0.0160285
7752	7753	wire	0.0160285
7753	7754	wire	0.0160285
7754	7755	wire	0.0160285
7755	7756	wire	0.0160285
7756	7757	wire	0.0160285
7757	7758	wire	0.0160285
7758	7759	wire	0.0160285
7759	7760	wire	0.0160285
7760	7761	wire	0.0160285
7761	7762	wire	0.0160285
7762	7763	wire	0.0160285
7763	7764	wire	0.0160285
7764	7765	wire	0.0160285
7765	7766	wire	0.0160285
7766	7767	wire	0.0160285
7767	7768	wire	0.0160285
7768	7769	wire	0.0160285
7769	7770	wire	0.0160285
7770	7771	wire	0.0160285
7771	7772	wire	0.0160285
7772	7773	wire	0.0160285
7773	7774	wire	0.0160285
7774	7775	wire	0.0160285
7775	7776	wire	0.0160285
7776	7777	wire	0.0160285
7777	7778	wire	0.0160285
7778	7779	wire	0.0160285
7779	7780	wire	0.0160285
7780	7781	wire	0.0160285
7781	7782	wire	0.0160285
7782	7783	wire	0.0160285
7783	7784	wire	0.0160285
7784	7785	wire	0.0160285
7785	7786	wire	0.0160285
7786	7787	wire	0.0160285
7787	7788	wire	0.0160285
7788	7789	wire	0.0160285
7789	7790	wire	0.0160285
7790	7791	wire	0.0160285
7791	7792	wire	0.0160285
7792	7793	wire	0.0160285
7793	7794	wire	0.0160285
7794	7795	wire	0.0160285
7795	7796	wire	0.0160285
7796	7797	wire	0.0160285
7797	7798	wire	0.0160285
7798	7799	wire	0.0160285
7799	7800	wire	0.0160285
7800	7801	wire	0.0160285
7801	7802	wire	0.0160285
7802	7803	wire	0.0160285
7803	7804	wire	0.0160285
7804	7805	wire	0.0160285
7805	7806	wire	0.0160285
7806	7807	wire	0.0160285
7807	7808	wire	0.0160285
7808	7809	wire	0.0160285
7809	7810	wire	0.0160285
7810	7811	wire	0.0160285
7812	7813	wire	0.0160285
7813	7814	wire	0.0160285
7814	7815	wire	0.0160285
7815	7816	wire	0.0160285
7816	7817	wire	0.0160285
7817	7818	wire	0.0160285
7818	7819	wire	0.0160285
7819	7820	wire	0.0160285
7820	7821	wire	0.0160285
7821	7822	wire	0.0160285
7822	7823	wire	0.0160285
7823	7824	wire	0.0160285
7824	7825	wire	0.0160285
7825	7826	wire	0.0160285
7826	7827	wire	0.0160285
7827	7828	wire	0.0160285
7828	7829	wire	0.0160285
7829	7830	wire	0.0160285
7830	7831	wire	0.0160285
7831	7832	wire	0.0160285
7832	7833	wire	0.0160285
7833	7834	wire	0.0160285
7834	7835	wire	0.0160285
7835	7836	wire	0.0160285
7836	7837	wire	0.0160285
7837	7838	wire	0.0160285
7838	7839	wire	0.0160285
7839	7840	wire	0.0160285
7840	7841	wire	0.0160285
7841	7842	wire	0.0160285
7842	7843	wire	0.0160285
7843	7844	wire	0.0160285
7844	7845	wire	0.0160285
7845	7846	wire	0.0160285
7846	7847	wire	0.0160285
7847	7848	wire	0.0160285
7848	7849	wire	0.0160285
7849	7850	wire	0.0160285
7850	7851	wire	0.0160285
7851	7852	wire	0.0160285
7852	7853	wire	0.0160285
7853	7854	wire	0.0160285
7854	7855	wire	0.0160285
7855	7856	wire	0.0160285
7856	7857	wire	0.0160285
7857	7858	wire	0.0160285
7858	7859	wire	0.0160285
7859	7860	wire	0.0160285
7860	7861	wire	0.0160285
7861	7862	wire	0.0160285
7862	7863	wire	0.0160285
7863	7864	wire	0.0160285
7864	7865	wire	0.0160285
7865	7866	wire	0.0160285
7866	7867	wire	0.0160285
7867	7868	wire	0.0160285
7868	7869	wire	0.0160285
7869	7870	wire	0.0160285
7870	7871	wire	0.0160285
7871	7872	wire	0.0160285
7872	7873	wire	0.0160285
7873	7874	wire	0.0160285
7874	7875	wire	0.0160285
7875	7876	wire	0.0160285
7876	7877	wire	0.0160285
7877	7878	wire	0.0160285
7878	7879	wire	0.0160285
7879	7880	wire	0.0160285
7880	7881	wire	0.0160285
7881	7882	wire	0.0160285
7882	7883	wire	0.0160285
7883	7884	wire	0.0160285
7884	7885	wire	0.0160285
7885	7886	wire	0.0160285
7886	7887	wire	0.0160285
7887	7888	wire	0.0160285
7888	7889	wire	0.0160285
7889	7890	wire	0.0160285
7890	7891	wire	0.0160285
7891	7892	wire	0.0160285
7892	7893	wire	0.0160285
7893	7894	wire	0.0160285
7894	7895	wire	0.0160285
7895	7896	wire	0.0160285
7896	7897	wire	0.0160285
7897	7898	wire	0.0160285
7898	7899	wire	0.0160285
7899	7900	wire	0.0160285
7900	7901	wire	0.0160285
7901	7902	wire	0.0160285
7902	7903	wire	0.0160285
7903	7904	wire	0.0160285
7904	7905	wire	0.0160285
7905	7906	wire	0.0160285
7906	7907	wire	0.0160285
7907	7908	wire	0.0160285
7908	7909	wire	0.0160285
7909	7910	wire	0.0160285
7910	7911	wire	0.0160285
7911	7912	wire	0.0160285
7912	7913	wire	0.0160285
7913	7914	wire	0.0160285
7914	7915	wire	0.0160285
7915	7916	wire	0.0160285
7916	7917	wire	0.0160285
7917	7918	wire	0.0160285
7918	7919	wire	0.0160285
7919	7920	wire	0.0160285
7921	7922	wire	0.0160285
7922	7923	wire	0.0160285
7923	7924	wire	0.0160285
7924	7925	wire	0.0160285
7925	7926	wire	0.0160285
7926	7927	wire	0.0160285
7927	7928	wire	0.0160285
7928	7929	wire	0.0160285
7929	7930	wire	0.0160285
7930	7931	wire	0.0160285
7931	7932	wire	0.0160285
7932	7933	wire	0.0160285
7933	7934	wire	0.0160285
7934	7935	wire	0.0160285
7935	7936	wire	0.0160285
7936	7937	wire	0.0160285
7937	7938	wire	0.0160285
7938	7939	wire	0.0160285
7939	7940	wire	0.0160285
7940	7941	wire	0.0160285
7941	7942	wire	0.0160285
7942	7943	wire	0.0160285
7943	7944	wire	0.0160285
7944	7945	wire	0.0160285
7945	7946	wire	0.0160285
7946	7947	wire	0.0160285
7947	7948	wire	0.0160285
7948	7949	wire	0.0160285
7949	7950	wire	0.0160285
7950	7951	wire	0.0160285
7951	7952	wire	0.0160285
7952	7953	wire	0.0160285
7953	7954	wire	0.0160285
7954	7955	wire	0.0160285
7955	7956	wire	0.0160285
7956	7957	wire	0.0160285
7957	7958	wire	0.0160285
7958	7959	wire	0.0160285
7959	7960	wire	0.0160285
7960	7961	wire	0.0160285
7961	7962	wire	0.0160285
7962	7963	wire	0.0160285
7963	7964	wire	0.0160285
7964	7965	wire	0.0160285
7965	7966	wire	0.0160285
7966	7967	wire	0.0160285
7967	7968	wire	0.0160285
7968	7969	wire	0.0160285
7969	7970	wire	0.0160285
7970	7971	wire	0.0160285
7971	7972	wire	0.0160285
7972	7973	wire	0.0160285
7973	7974	wire	0.0160285
7974	7975	wire	0.0160285
7975	7976	wire	0.0160285
7976	7977	wire	0.0160285
7977	7978	wire	0.0160285
7978	7979	wire	0.0160285
7979	7980	wire	0.0160285
7980	7981	wire	0.0160285
7981	7982	wire	0.0160285
7982	7983	wire	0.0160285
7983	7984	wire	0.0160285
7984	7985	wire	0.0160285
7985	7986	wire	0.0160285
7986	7987	wire	0.0160285
7987	7988	wire	0.0160285
7988	7989	wire	0.0160285
7989	7990	wire	0.0160285
7990	7991	wire	0.0160285
7991	7992	wire	0.0160285
7992	7993	wire	0.0160285
7993	7994	wire	0.0160285
7994	7995	wire	0.0160285
7995	7996	wire	0.0160285
7996	7997	wire	0.0160285
7997	7998	wire	0.0160285
7998	7999	wire	0.0160285
7999	8000	wire	0.0160285
8000	8001	wire	0.0160285
8001	8002	wire	0.0160285
8002	8003	wire	0.0160285
8003	8004	wire	0.0160285
8004	8005	wire	0.0160285
8005	8006	wire	0.0160285
8006	8007	wire	0.0160285
8007	8008	wire	0.0160285
8008	8009	wire	0.0160285
8009	8010	wire	0.0160285
8010	8011	wire	0.0160285
8011	8012	wire	0.0160285
8012	8013	wire	0.0160285
8013	8014	wire	0.0160285
8014	8015	wire	0.0160285
8015	8016	wire	0.0160285
8016	8017	wire	0.0160285
8017	8018	wire	0.0160285
8018	8019	wire	0.0160285
8019	8020	wire	0.0160285
8020	8021	wire	0.0160285
8021	8022	wire	0.0160285
8022	8023	wire	0.0160285
8023	8024	wire	0.0160285
8024	8025	wire	0.0160285
8025	8026	wire	0.0160285
8026	8027	wire	0.0160285
8027	8028	wire	0.0160285
8028	8029	wire	0.0160285
8030	8031	wire	0.0160285
8031	8032	wire	0.0160285
8032	8033	wire	0.0160285
8033	8034	wire	0.0160285
8034	8035	wire	0.0160285
8035	8036	wire	0.0160285
8036	8037	wire	0.0160285
8037	8038	wire	0.0160285
8038	8039	wire	0.0160285
8039	8040	wire	0.0160285
8040	8041	wire	0.0160285
8041	8042	wire	0.0160285
8042	8043	wire	0.0160285
8043	8044	wire	0.0160285
8044	8045	wire	0.0160285
8045	8046	wire	0.0160285
8046	8047	wire	0.0160285
8047	8048	wire	0.0160285
8048	8049	wire	0.0160285
8049	8050	wire	0.0160285
8050	8051	wire	0.0160285
8051	8052	wire	0.0160285
8052	8053	wire	0.0160285
8053	8054	wire	0.0160285
8054	8055	wire	0.0160285
8055	8056	wire	0.0160285
8056	8057	wire	0.0160285
8057	8058	wire	0.0160285
8058	8059	wire	0.0160285
8059	8060	wire	0.0160285
8060	8061	wire	0.0160285
8061	8062	wire	0.0160285
8062	8063	wire	0.0160285
8063	8064	wire	0.0160285
8064	8065	wire	0.0160285
8065	8066	wire	0.0160285
8066	8067	wire	0.0160285
8067	8068	wire	0.0160285
8068	8069	wire	0.0160285
8069	8070	wire	0.0160285
8070	8071	wire	0.0160285
8071	8072	wire	0.0160285
8072	8073	wire	0.0160285
8073	8074	wire	0.0160285
8074	8075	wire	0.0160285
8075	8076	wire	0.0160285
8076	8077	wire	0.0160285
8077	8078	wire	0.0160285
8078	8079	wire	0.0160285
8079	8080	wire	0.0160285
8080	8081	wire	0.0160285
8081	8082	wire	0.0160285
8082	8083	wire	0.0160285
8083	8084	wire	0.0160285
8084	8085	wire	0.0160285
8085	8086	wire	0.0160285
8086	8087	wire	0.0160285
8087	8088	wire	0.0160285
8088	8089	wire	0.0160285
8089	8090	wire	0.0160285
8090	8091	wire	0.0160285
8091	8092	wire	0.0160285
8092	8093	wire	0.0160285
8093	8094	wire	0.0160285
8094	8095	wire	0.0160285
8095	8096	wire	0.0160285
8096	8097	wire	0.0160285
8097	8098	wire	0.0160285
8098	8099	wire	0.0160285
8099	8100	wire	0.0160285
8100	8101	wire	0.0160285
8101	8102	wire	0.0160285
8102	8103	wire	0.0160285
8103	8104	wire	0.0160285
8104	8105	wire	0.0160285
8105	8106	wire	0.0160285
8106	8107	wire	0.0160285
8107	8108	wire	0.0160285
8108	8109	wire	0.0160285
8109	8110	wire	0.0160285
8110	8111	wire	0.0160285
8111	8112	wire	0.0160285
8112	8113	wire	0.0160285
8113	8114	wire	0.0160285
8114	8115	wire	0.0160285
8115	8116	wire	0.0160285
8116	8117	wire	0.0160285
8117	8118	wire	0.0160285
8118	8119	wire	0.0160285
8119	8120	wire	0.0160285
8120	8121	wire	0.0160285
8121	8122	wire	0.0160285
8122	8123	wire	0.0160285
8123	8124	wire	0.0160285
8124	8125	wire	0.0160285
8125	8126	wire	0.0160285
8126	8127	wire	0.0160285
8127	8128	wire	0.0160285
8128	8129	wire	0.0160285
8129	8130	wire	0.0160285
8130	8131	wire	0.0160285
8131	8132	wire	0.0160285
8132	8133	wire	0.0160285
8133	8134	wire	0.0160285
8134	8135	wire	0.0160285
8135	8136	wire	0.0160285
8136	8137	wire	0.0160285
8137	8138	wire	0.0160285
8139	8140	wire	0.0160285
8140	8141	wire	0.0160285
8141	8142	wire	0.0160285
8142	8143	wire	0.0160285
8143	8144	wire	0.0160285
8144	8145	wire	0.0160285
8145	8146	wire	0.0160285
8146	8147	wire	0.0160285
8147	8148	wire	0.0160285
8148	8149	wire	0.0160285
8149	8150	wire	0.0160285
8150	8151	wire	0.0160285
8151	8152	wire	0.0160285
8152	8153	wire	0.0160285
8153	8154	wire	0.0160285
8154	8155	wire	0.0160285
8155	8156	wire	0.0160285
8156	8157	wire	0.0160285
8157	8158	wire	0.0160285
8158	8159	wire	0.0160285
8159	8160	wire	0.0160285
8160	8161	wire	0.0160285
8161	8162	wire	0.0160285
8162	8163	wire	0.0160285
8163	8164	wire	0.0160285
8164	8165	wire	0.0160285
8165	8166	wire	0.0160285
8166	8167	wire	0.0160285
8167	8168	wire	0.0160285
8168	8169	wire	0.0160285
8169	8170	wire	0.0160285
8170	8171	wire	0.0160285
8171	8172	wire	0.0160285
8172	8173	wire	0.0160285
8173	8174	wire	0.0160285
8174	8175	wire	0.0160285
8175	8176	wire	0.0160285
8176	8177	wire	0.0160285
8177	8178	wire	0.0160285
8178	8179	wire	0.0160285
8179	8180	wire	0.0160285
8180	8181	wire	0.0160285
8181	8182	wire	0.0160285
8182	8183	wire	0.0160285
8183	8184	wire	0.0160285
8184	8185	wire	0.0160285
8185	8186	wire	0.0160285
8186	8187	wire	0.0160285
8187	8188	wire	0.0160285
8188	8189	wire	0.0160285
8189	8190	wire	0.0160285
8190	8191	wire	0.0160285
8191	8192	wire	0.0160285
8192	8193	wire	0.0160285
8193	8194	wire	0.0160285
8194	8195	wire	0.0160285
8195	8196	wire	0.0160285
8196	8197	wire	0.0160285
8197	8198	wire	0.0160285
8198	8199	wire	0.0160285
8199	8200	wire	0.0160285
8200	8201	wire	0.0160285
8201	8202	wire	0.0160285
8202	8203	wire	0.0160285
8203	8204	wire	0.0160285
8204	8205	wire	0.0160285
8205	8206	wire	0.0160285
8206	8207	wire	0.0160285
8207	8208	wire	0.0160285
8208	8209	wire	0.0160285
8209	8210	wire	0.0160285
8210	8211	wire	0.0160285
8211	8212	wire	0.0160285
8212	8213	wire	0.0160285
8213	8214	wire	0.0160285
8214	8215	wire	0.0160285
8215	8216	wire	0.0160285
8216	8217	wire	0.0160285
8217	8218	wire	0.0160285
8218	8219	wire	0.0160285
8219	8220	wire	0.0160285
8220	8221	wire	0.0160285
8221	8222	wire	0.0160285
8222	8223	wire	0.0160285
8223	8224	wire	0.0160285
8224	8225	wire	0.0160285
8225	8226	wire	0.0160285
8226	8227	wire	0.0160285
8227	8228	wire	0.0160285
8228	8229	wire	0.0160285
8229	8230	wire	0.0160285
8230	8231	wire	0.0160285
8231	8232	wire	0.0160285
8232	8233	wire	0.0160285
8233	8234	wire	0.0160285
8234	8235	wire	0.0160285
8235	8236	wire	0.0160285
8236	8237	wire	0.0160285
8237	8238	wire	0.0160285
8238	8239	wire	0.0160285
8239	8240	wire	0.0160285
8240	8241	wire	0.0160285
8241	8242	wire	0.0160285
8242	8243	wire	0.0160285
8243	8244	wire	0.0160285
8244	8245	wire	0.0160285
8245	8246	wire	0.0160285
8246	8247	wire	0.0160285
8248	8249	wire	0.0160285
8249	8250	wire	0.0160285
8250	8251	wire	0.0160285
8251	8252	wire	0.0160285
8252	8253	wire	0.0160285
8253	8254	wire	0.0160285
8254	8255	wire	0.0160285
8255	8256	wire	0.0160285
8256	8257	wire	0.0160285
8257	8258	wire	0.0160285
8258	8259	wire	0.0160285
8259	8260	wire	0.0160285
8260	8261	wire	0.0160285
8261	8262	wire	0.0160285
8262	8263	wire	0.0160285
8263	8264	wire	0.0160285
8264	8265	wire	0.0160285
8265	8266	wire	0.0160285
8266	8267	wire	0.0160285
8267	8268	wire	0.0160285
8268	8269	wire	0.0160285
8269	8270	wire	0.0160285
8270	8271	wire	0.0160285
8271	8272	wire	0.0160285
8272	8273	wire	0.0160285
8273	8274	wire	0.0160285
8274	8275	wire	0.0160285
8275	8276	wire	0.0160285
8276	8277	wire	0.0160285
8277	8278	wire	0.0160285
8278	8279	wire	0.0160285
8279	8280	wire	0.0160285
8280	8281	wire	0.0160285
8281	8282	wire	0.0160285
8282	8283	wire	0.0160285
8283	8284	wire	0.0160285
8284	8285	wire	0.0160285
8285	8286	wire	0.0160285
8286	8287	wire	0.0160285
8287	8288	wire	0.0160285
8288	8289	wire	0.0160285
8289	8290	wire	0.0160285
8290	8291	wire	0.0160285
8291	8292	wire	0.0160285
8292	8293	wire	0.0160285
8293	8294	wire	0.0160285
8294	8295	wire	0.0160285
8295	8296	wire	0.0160285
8296	8297	wire	0.0160285
8297	8298	wire	0.0160285
8298	8299	wire	0.0160285
8299	8300	wire	0.0160285
8300	8301	wire	0.0160285
8301	8302	wire	0.0160285
8302	8303	wire	0.0160285
8303	8304	wire	0.0160285
8304	8305	wire	0.0160285
8305	8306	wire	0.0160285
8306	8307	wire	0.0160285
8307	8308	wire	0.0160285
8308	8309	wire	0.0160285
8309	8310	wire	0.0160285
8310	8311	wire	0.0160285
8311	8312	wire	0.0160285
8312	8313	wire	0.0160285
8313	8314	wire	0.0160285
8314	8315	wire	0.0160285
8315	8316	wire	0.0160285
8316	8317	wire	0.0160285
8317	8318	wire	0.0160285
8318	8319	wire	0.0160285
8319	8320	wire	0.0160285
8320	8321	wire	0.0160285
8321	8322	wire	0.0160285
8322	8323	wire	0.0160285
8323	8324	wire	0.0160285
8324	8325	wire	0.0160285
8325	8326	wire	0.0160285
8326	8327	wire	0.0160285
8327	8328	wire	0.0160285
8328	8329	wire	0.0160285
8329	8330	wire	0.0160285
8330	8331	wire	0.0160285
8331	8332	wire	0.0160285
8332	8333	wire	0.0160285
8333	8334	wire	0.0160285
8334	8335	wire	0.0160285
8335	8336	wire	0.0160285
8336	8337	wire	0.0160285
8337	8338	wire	0.0160285
8338	8339	wire	0.0160285
8339	8340	wire	0.0160285
8340	8341	wire	0.0160285
8341	8342	wire	0.0160285
8342	8343	wire	0.0160285
8343	8344	wire	0.0160285
8344	8345	wire	0.0160285
8345	8346	wire	0.0160285
8346	8347	wire	0.0160285
8347	8348	wire	0.0160285
8348	8349	wire	0.0160285
8349	8350	wire	0.0160285
8350	8351	wire	0.0160285
8351	8352	wire	0.0160285
8352	8353	wire	0.0160285
8353	8354	wire	0.0160285
8354	8355	wire	0.0160285
8355	8356	wire	0.0160285
8357	8358	wire	0.0160285
8358	8359	wire	0.0160285
8359	8360	wire	0.0160285
8360	8361	wire	0.0160285
8361	8362	wire	0.0160285
8362	8363	wire	0.0160285
8363	8364	wire	0.0160285
8364	8365	wire	0.0160285
8365	8366	wire	0.0160285
8366	8367	wire	0.0160285
8367	8368	wire	0.0160285
8368	8369	wire	0.0160285
8369	8370	wire	0.0160285
8370	8371	wire	0.0160285
8371	8372	wire	0.0160285
8372	8373	wire	0.0160285
8373	8374	wire	0.0160285
8374	8375	wire	0.0160285
8375	8376	wire	0.0160285
8376	8377	wire	0.0160285
8377	8378	wire	0.0160285
8378	8379	wire	0.0160285
8379	8380	wire	0.0160285
8380	8381	wire	0.0160285
8381	8382	wire	0.0160285
8382	8383	wire	0.0160285
8383	8384	wire	0.0160285
8384	8385	wire	0.0160285
8385	8386	wire	0.0160285
8386	8387	wire	0.0160285
8387	8388	wire	0.0160285
8388	8389	wire	0.0160285
8389	8390	wire	0.0160285
8390	8391	wire	0.0160285
8391	8392	wire	0.0160285
8392	8393	wire	0.0160285
8393	8394	wire	0.0160285
8394	8395	wire	0.0160285
8395	8396	wire	0.0160285
8396	8397	wire	0.0160285
8397	8398	wire	0.0160285
8398	8399	wire	0.0160285
8399	8400	wire	0.0160285
8400	8401	wire	0.0160285
8401	8402	wire	0.0160285
8402	8403	wire	0.0160285
8403	8404	wire	0.0160285
8404	8405	wire	0.0160285
8405	8406	wire	0.0160285
8406	8407	wire	0.0160285
8407	8408	wire	0.0160285
8408	8409	wire	0.0160285
8409	8410	wire	0.0160285
8410	8411	wire	0.0160285
8411	8412	wire	0.0160285
8412	8413	wire	0.0160285
8413	8414	wire	0.0160285
8414	8415	wire	0.0160285
8415	8416	wire	0.0160285
8416	8417	wire	0.0160285
8417	8418	wire	0.0160285
8418	8419	wire	0.0160285
8419	8420	wire	0.0160285
8420	8421	wire	0.0160285
8421	8422	wire	0.0160285
8422	8423	wire	0.0160285
8423	8424	wire	0.0160285
8424	8425	wire	0.0160285
8425	8426	wire	0.0160285
8426	8427	wire	0.0160285
8427	8428	wire	0.0160285
8428	8429	wire	0.0160285
8429	8430	wire	0.0160285
8430	8431	wire	0.0160285
8431	8432	wire	0.0160285
8432	8433	wire	0.0160285
8433	8434	wire	0.0160285
8434	8435	wire	0.0160285
8435	8436	wire	0.0160285
8436	8437	wire	0.0160285
8437	8438	wire	0.0160285
8438	8439	wire	0.0160285
8439	8440	wire	0.0160285
8440	8441	wire	0.0160285
8441	8442	wire	0.0160285
8442	8443	wire	0.0160285
8443	8444	wire	0.0160285
8444	8445	wire	0.0160285
8445	8446	wire	0.0160285
8446	8447	wire	0.0160285
8447	8448	wire	0.0160285
8448	8449	wire	0.0160285
8449	8450	wire	0.0160285
8450	8451	wire	0.0160285
8451	8452	wire	0.0160285
8452	8453	wire	0.0160285
8453	8454	wire	0.0160285
8454	8455	wire	0.0160285
8455	8456	wire	0.0160285
8456	8457	wire	0.0160285
8457	8458	wire	0.0160285
8458	8459	wire	0.0160285
8459	8460	wire	0.0160285
8460	8461	wire	0.0160285
8461	8462	wire	0.0160285
8462	8463	wire	0.0160285
8463	8464	wire	0.0160285
8464	8465	wire	0.0160285
8466	8467	wire	0.0160285
8467	8468	wire	0.0160285
8468	8469	wire	0.0160285
8469	8470	wire	0.0160285
8470	8471	wire	0.0160285
8471	8472	wire	0.0160285
8472	8473	wire	0.0160285
8473	8474	wire	0.0160285
8474	8475	wire	0.0160285
8475	8476	wire	0.0160285
8476	8477	wire	0.0160285
8477	8478	wire	0.0160285
8478	8479	wire	0.0160285
8479	8480	wire	0.0160285
8480	8481	wire	0.0160285
8481	8482	wire	0.0160285
8482	8483	wire	0.0160285
8483	8484	wire	0.0160285
8484	8485	wire	0.0160285
8485	8486	wire	0.0160285
8486	8487	wire	0.0160285
8487	8488	wire	0.0160285
8488	8489	wire	0.0160285
8489	8490	wire	0.0160285
8490	8491	wire	0.0160285
8491	8492	wire	0.0160285
8492	8493	wire	0.0160285
8493	8494	wire	0.0160285
8494	8495	wire	0.0160285
8495	8496	wire	0.0160285
8496	8497	wire	0.0160285
8497	8498	wire	0.0160285
8498	8499	wire	0.0160285
8499	8500	wire	0.0160285
8500	8501	wire	0.0160285
8501	8502	wire	0.0160285
8502	8503	wire	0.0160285
8503	8504	wire	0.0160285
8504	8505	wire	0.0160285
8505	8506	wire	0.0160285
8506	8507	wire	0.0160285
8507	8508	wire	0.0160285
8508	8509	wire	0.0160285
8509	8510	wire	0.0160285
8510	8511	wire	0.0160285
8511	8512	wire	0.0160285
8512	8513	wire	0.0160285
8513	8514	wire	0.0160285
8514	8515	wire	0.0160285
8515	8516	wire	0.0160285
8516	8517	wire	0.0160285
8517	8518	wire	0.0160285
8518	8519	wire	0.0160285
8519	8520	wire	0.0160285
8520	8521	wire	0.0160285
8521	8522	wire	0.0160285
8522	8523	wire	0.0160285
8523	8524	wire	0.0160285
8524	8525	wire	0.0160285
8525	8526	wire	0.0160285
8526	8527	wire	0.0160285
8527	8528	wire	0.0160285
8528	8529	wire	0.0160285
8529	8530	wire	0.0160285
8530	8531	wire	0.0160285
8531	8532	wire	0.0160285
8532	8533	wire	0.0160285
8533	8534	wire	0.0160285
8534	8535	wire	0.0160285
8535	8536	wire	0.0160285
8536	8537	wire	0.0160285
8537	8538	wire	0.0160285
8538	8539	wire	0.0160285
8539	8540	wire	0.0160285
8540	8541	wire	0.0160285
8541	8542	wire	0.0160285
8542	8543	wire	0.0160285
8543	8544	wire	0.0160285
8544	8545	wire	0.0160285
8545	8546	wire	0.0160285
8546	8547	wire	0.0160285
8547	8548	wire	0.0160285
8548	8549	wire	0.0160285
8549	8550	wire	0.0160285
8550	8551	wire	0.0160285
8551	8552	wire	0.0160285
8552	8553	wire	0.0160285
8553	8554	wire	0.0160285
8554	8555	wire	0.0160285
8555	8556	wire	0.0160285
8556	8557	wire	0.0160285
8557	8558	wire	0.0160285
8558	8559	wire	0.0160285
8559	8560	wire	0.0160285
8560	8561	wire	0.0160285
8561	8562	wire	0.0160285
8562	8563	wire	0.0160285
8563	8564	wire	0.0160285
8564	8565	wire	0.0160285
8565	8566	wire	0.0160285
8566	8567	wire	0.0160285
8567	8568	wire	0.0160285
8568	8569	wire	0.0160285
8569	8570	wire	0.0160285
8570	8571	wire	0.0160285
8571	8572	wire	0.0160285
8572	8573	wire	0.0160285
8573	8574	wire	0.0160285
8575	8576	wire	0.0160285
8576	8577	wire	0.0160285
8577	8578	wire	0.0160285
8578	8579	wire	0.0160285
8579	8580	wire	0.0160285
8580	8581	wire	0.0160285
8581	8582	wire	0.0160285
8582	8583	wire	0.0160285
8583	8584	wire	0.0160285
8584	8585	wire	0.0160285
8585	8586	wire	0.0160285
8586	8587	wire	0.0160285
8587	8588	wire	0.0160285
8588	8589	wire	0.0160285
8589	8590	wire	0.0160285
8590	8591	wire	0.0160285
8591	8592	wire	0.0160285
8592	8593	wire	0.0160285
8593	8594	wire	0.0160285
8594	8595	wire	0.0160285
8595	8596	wire	0.0160285
8596	8597	wire	0.0160285
8597	8598	wire	0.0160285
8598	8599	wire	0.0160285
8599	8600	wire	0.0160285
8600	8601	wire	0.0160285
8601	8602	wire	0.0160285
8602	8603	wire	0.0160285
8603	8604	wire	0.0160285
8604	8605	wire	0.0160285
8605	8606	wire	0.0160285
8606	8607	wire	0.0160285
8607	8608	wire	0.0160285
8608	8609	wire	0.0160285
8609	8610	wire	0.0160285
8610	8611	wire	0.0160285
8611	8612	wire	0.0160285
8612	8613	wire	0.0160285
8613	8614	wire	0.0160285
8614	8615	wire	0.0160285
8615	8616	wire	0.0160285
8616	8617	wire	0.0160285
8617	8618	wire	0.0160285
8618	8619	wire	0.0160285
8619	8620	wire	0.0160285
8620	8621	wire	0.0160285
8621	8622	wire	0.0160285
8622	8623	wire	0.0160285
8623	8624	wire	0.0160285
8624	8625	wire	0.0160285
8625	8626	wire	0.0160285
8626	8627	wire	0.0160285
8627	8628	wire	0.0160285
8628	8629	wire	0.0160285
8629	8630	wire	0.0160285
8630	8631	wire	0.0160285
8631	8632	wire	0.0160285
8632	8633	wire	0.0160285
8633	8634	wire	0.0160285
8634	8635	wire	0.0160285
8635	8636	wire	0.0160285
8636	8637	wire	0.0160285
8637	8638	wire	0.0160285
8638	8639	wire	0.0160285
8639	8640	wire	0.0160285
8640	8641	wire	0.0160285
8641	8642	wire	0.0160285
8642	8643	wire	0.0160285
8643	8644	wire	0.0160285
8644	8645	wire	0.0160285
8645	8646	wire	0.0160285
8646	8647	wire	0.0160285
8647	8648	wire	0.0160285
8648	8649	wire	0.0160285
8649	8650	wire	0.0160285
8650	8651	wire	0.0160285
8651	8652	wire	0.0160285
8652	8653	wire	0.0160285
8653	8654	wire	0.0160285
8654	8655	wire	0.0160285
8655	8656	wire	0.0160285
8656	8657	wire	0.0160285
8657	8658	wire	0.0160285
8658	8659	wire	0.0160285
8659	8660	wire	0.0160285
8660	8661	wire	0.0160285
8661	8662	wire	0.0160285
8662	8663	wire	0.0160285
8663	8664	wire	0.0160285
8664	8665	wire	0.0160285
8665	8666	wire	0.0160285
8666	8667	wire	0.0160285
8667	8668	wire	0.0160285
8668	8669	wire	0.0160285
8669	8670	wire	0.0160285
8670	8671	wire	0.0160285
8671	8672	wire	0.0160285
8672	8673	wire	0.0160285
8673	8674	wire	0.0160285
8674	8675	wire	0.0160285
8675	8676	wire	0.0160285
8676	8677	wire	0.0160285
8677	8678	wire	0.0160285
8678	8679	wire	0.0160285
8679	8680	wire	0.0160285
8680	8681	wire	0.0160285
8681	8682	wire	0.0160285
8682	8683	wire	0.0160285
8684	8685	wire	0.0160285
8685	8686	wire	0.0160285
8686	8687	wire	0.0160285
8687	8688	wire	0.0160285
8688	8689	wire	0.0160285
8689	8690	wire	0.0160285
8690	8691	wire	0.0160285
8691	8692	wire	0.0160285
8692	8693	wire	0.0160285
8693	8694	wire	0.0160285
8694	8695	wire	0.0160285
8695	8696	wire	0.0160285
8696	8697	wire	0.0160285
8697	8698	wire	0.0160285
8698	8699	wire	0.0160285
8699	8700	wire	0.0160285
8700	8701	wire	0.0160285
8701	8702	wire	0.0160285
8702	8703	wire	0.0160285
8703	8704	wire	0.0160285
8704	8705	wire	0.0160285
8705	8706	wire	0.0160285
8706	8707	wire	0.0160285
8707	8708	wire	0.0160285
8708	8709	wire	0.0160285
8709	8710	wire	0.0160285
8710	8711	wire	0.0160285
8711	8712	wire	0.0160285
8712	8713	wire	0.0160285
8713	8714	wire	0.0160285
8714	8715	wire	0.0160285
8715	8716	wire	0.0160285
8716	8717	wire	0.0160285
8717	8718	wire	0.0160285
8718	8719	wire	0.0160285
8719	8720	wire	0.0160285
8720	8721	wire	0.0160285
8721	8722	wire	0.0160285
8722	8723	wire	0.0160285
8723	8724	wire	0.0160285
8724	8725	wire	0.0160285
8725	8726	wire	0.0160285
8726	8727	wire	0.0160285
8727	8728	wire	0.0160285
8728	8729	wire	0.0160285
8729	8730	wire	0.0160285
8730	8731	wire	0.0160285
8731	8732	wire	0.0160285
8732	8733	wire	0.0160285
8733	8734	wire	0.0160285
8734	8735	wire	0.0160285
8735	8736	wire	0.0160285
8736	8737	wire	0.0160285
8737	8738	wire	0.0160285
8738	8739	wire	0.0160285
8739	8740	wire	0.0160285
8740	8741	wire	0.0160285
8741	8742	wire	0.0160285
8742	8743	wire	0.0160285
8743	8744	wire	0.0160285
8744	8745	wire	0.0160285
8745	8746	wire	0.0160285
8746	8747	wire	0.0160285
8747	8748	wire	0.0160285
8748	8749	wire	0.0160285
8749	8750	wire	0.0160285
8750	8751	wire	0.0160285
8751	8752	wire	0.0160285
8752	8753	wire	0.0160285
8753	8754	wire	0.0160285
8754	8755	wire	0.0160285
8755	8756	wire	0.0160285
8756	8757	wire	0.0160285
8757	8758	wire	0.0160285
8758	8759	wire	0.0160285
8759	8760	wire	0.0160285
8760	8761	wire	0.0160285
8761	8762	wire	0.0160285
8762	8763	wire	0.0160285
8763	8764	wire	0.0160285
8764	8765	wire	0.0160285
8765	8766	wire	0.0160285
8766	8767	wire	0.0160285
8767	8768	wire	0.0160285
8768	8769	wire	0.0160285
8769	8770	wire	0.0160285
8770	8771	wire	0.0160285
8771	8772	wire	0.0160285
8772	8773	wire	0.0160285
8773	8774	wire	0.0160285
8774	8775	wire	0.0160285
8775	8776	wire	0.0160285
8776	8777	wire	0.0160285
8777	8778	wire	0.0160285
8778	8779	wire	0.0160285
8779	8780	wire	0.0160285
8780	8781	wire	0.0160285
8781	8782	wire	0.0160285
8782	8783	wire	0.0160285
8783	8784	wire	0.0160285
8784	8785	wire	0.0160285
8785	8786	wire	0.0160285
8786	8787	wire	0.0160285
8787	8788	wire	0.0160285
8788	8789	wire	0.0160285
8789	8790	wire	0.0160285
8790	8791	wire	0.0160285
8791	8792	wire	0.0160285
8793	8794	wire	0.0160285
8794	8795	wire	0.0160285
8795	8796	wire	0.0160285
8796	8797	wire	0.0160285
8797	8798	wire	0.0160285
8798	8799	wire	0.0160285
8799	8800	wire	0.0160285
8800	8801	wire	0.0160285
8801	8802	wire	0.0160285
8802	8803	wire	0.0160285
8803	8804	wire	0.0160285
8804	8805	wire	0.0160285
8805	8806	wire	0.0160285
8806	8807	wire	0.0160285
8807	8808	wire	0.0160285
8808	8809	wire	0.0160285
8809	8810	wire	0.0160285
8810	8811	wire	0.0160285
8811	8812	wire	0.0160285
8812	8813	wire	0.0160285
8813	8814	wire	0.0160285
8814	8815	wire	0.0160285
8815	8816	wire	0.0160285
8816	8817	wire	0.0160285
8817	8818	wire	0.0160285
8818	8819	wire	0.0160285
8819	8820	wire	0.0160285
8820	8821	wire	0.0160285
8821	8822	wire	0.0160285
8822	8823	wire	0.0160285
8823	8824	wire	0.0160285
8824	8825	wire	0.0160285
8825	8826	wire	0.0160285
8826	8827	wire	0.0160285
8827	8828	wire	0.0160285
8828	8829	wire	0.0160285
8829	8830	wire	0.0160285
8830	8831	wire	0.0160285
8831	8832	wire	0.0160285
8832	8833	wire	0.0160285
8833	8834	wire	0.0160285
8834	8835	wire	0.0160285
8835	8836	wire	0.0160285
8836	8837	wire	0.0160285
8837	8838	wire	0.0160285
8838	8839	wire	0.0160285
8839	8840	wire	0.0160285
8840	8841	wire	0.0160285
8841	8842	wire	0.0160285
8842	8843	wire	0.0160285
8843	8844	wire	0.0160285
8844	8845	wire	0.0160285
8845	8846	wire	0.0160285
8846	8847	wire	0.0160285
8847	8848	wire	0.0160285
8848	8849	wire	0.0160285
8849	8850	wire	0.0160285
8850	8851	wire	0.0160285
8851	8852	wire	0.0160285
8852	8853	wire	0.0160285
8853	8854	wire	0.0160285
8854	8855	wire	0.0160285
8855	8856	wire	0.0160285
8856	8857	wire	0.0160285
8857	8858	wire	0.0160285
8858	8859	wire	0.0160285
8859	8860	wire	0.0160285
8860	8861	wire	0.0160285
8861	8862	wire	0.0160285
8862	8863	wire	0.0160285
8863	8864	wire	0.0160285
8864	8865	wire	0.0160285
8865	8866	wire	0.0160285
8866	8867	wire	0.0160285
8867	8868	wire	0.0160285
8868	8869	wire	0.0160285
8869	8870	wire	0.0160285
8870	8871	wire	0.0160285
8871	8872	wire	0.0160285
8872	8873	wire	0.0160285
8873	8874	wire	0.0160285
8874	8875	wire	0.0160285
8875	8876	wire	0.0160285
8876	8877	wire	0.0160285
8877	8878	wire	0.0160285
8878	8879	wire	0.0160285
8879	8880	wire	0.0160285
8880	8881	wire	0.0160285
8881	8882	wire	0.0160285
8882	8883	wire	0.0160285
8883	8884	wire	0.0160285
8884	8885	wire	0.0160285
8885	8886	wire	0.0160285
8886	8887	wire	0.0160285
8887	8888	wire	0.0160285
8888	8889	wire	0.0160285
8889	8890	wire	0.0160285
8890	8891	wire	0.0160285
8891	8892	wire	0.0160285
8892	8893	wire	0.0160285
8893	8894	wire	0.0160285
8894	8895	wire	0.0160285
8895	8896	wire	0.0160285
8896	8897	wire	0.0160285
8897	8898	wire	0.0160285
8898	8899	wire	0.0160285
8899	8900	wire	0.0160285
8900	8901	wire	0.0160285
8902	8903	wire	0.0160285
8903	8904	wire	0.0160285
8904	8905	wire	0.0160285
8905	8906	wire	0.0160285
8906	8907	wire	0.0160285
8907	8908	wire	0.0160285
8908	8909	wire	0.0160285
8909	8910	wire	0.0160285
8910	8911	wire	0.0160285
8911	8912	wire	0.0160285
8912	8913	wire	0.0160285
8913	8914	wire	0.0160285
8914	8915	wire	0.0160285
8915	8916	wire	0.0160285
8916	8917	wire	0.0160285
8917	8918	wire	0.0160285
8918	8919	wire	0.0160285
8919	8920	wire	0.0160285
8920	8921	wire	0.0160285
8921	8922	wire	0.0160285
8922	8923	wire	0.0160285
8923	8924	wire	0.0160285
8924	8925	wire	0.0160285
8925	8926	wire	0.0160285
8926	8927	wire	0.0160285
8927	8928	wire	0.0160285
8928	8929	wire	0.0160285
8929	8930	wire	0.0160285
8930	8931	wire	0.0160285
8931	8932	wire	0.0160285
8932	8933	wire	0.0160285
8933	8934	wire	0.0160285
8934	8935	wire	0.0160285
8935	8936	wire	0.0160285
8936	8937	wire	0.0160285
8937	8938	wire	0.0160285
8938	8939	wire	0.0160285
8939	8940	wire	0.0160285
8940	8941	wire	0.0160285
8941	8942	wire	0.0160285
8942	8943	wire	0.0160285
8943	8944	wire	0.0160285
8944	8945	wire	0.0160285
8945	8946	wire	0.0160285
8946	8947	wire	0.0160285
8947	8948	wire	0.0160285
8948	8949	wire	0.0160285
8949	8950	wire	0.0160285
8950	8951	wire	0.0160285
8951	8952	wire	0.0160285
8952	8953	wire	0.0160285
8953	8954	wire	0.0160285
8954	8955	wire	0.0160285
8955	8956	wire	0.0160285
8956	8957	wire	0.0160285
8957	8958	wire	0.0160285
8958	8959	wire	0.0160285
8959	8960	wire	0.0160285
8960	8961	wire	0.0160285
8961	8962	wire	0.0160285
8962	8963	wire	0.0160285
8963	8964	wire	0.0160285
8964	8965	wire	0.0160285
8965	8966	wire	0.0160285
8966	8967	wire	0.0160285
8967	8968	wire	0.0160285
8968	8969	wire	0.0160285
8969	8970	wire	0.0160285
8970	8971	wire	0.0160285
8971	8972	wire	0.0160285
8972	8973	wire	0.0160285
8973	8974	wire	0.0160285
8974	8975	wire	0.0160285
8975	8976	wire	0.0160285
8976	8977	wire	0.0160285
8977	8978	wire	0.0160285
8978	8979	wire	0.0160285
8979	8980	wire	0.0160285
8980	8981	wire	0.0160285
8981	8982	wire	0.0160285
8982	8983	wire	0.0160285
8983	8984	wire	0.0160285
8984	8985	wire	0.0160285
8985	8986	wire	0.0160285
8986	8987	wire	0.0160285
8987	8988	wire	0.0160285
8988	8989	wire	0.0160285
8989	8990	wire	0.0160285
8990	8991	wire	0.0160285
8991	8992	wire	0.0160285
8992	8993	wire	0.0160285
8993	8994	wire	0.0160285
8994	8995	wire	0.0160285
8995	8996	wire	0.0160285
8996	8997	wire	0.0160285
8997	8998	wire	0.0160285
8998	8999	wire	0.0160285
8999	9000	wire	0.0160285
9000	9001	wire	0.0160285
9001	9002	wire	0.0160285
9002	9003	wire	0.0160285
9003	9004	wire	0.0160285
9004	9005	wire	0.0160285
9005	9006	wire	0.0160285
9006	9007	wire	0.0160285
9007	9008	wire	0.0160285
9008	9009	wire	0.0160285
9009	9010	wire	0.0160285
9011	9012	wire	0.0160285
9012	9013	wire	0.0160285
9013	9014	wire	0.0160285
9014	9015	wire	0.0160285
9015	9016	wire	0.0160285
9016	9017	wire	0.0160285
9017	9018	wire	0.0160285
9018	9019	wire	0.0160285
9019	9020	wire	0.0160285
9020	9021	wire	0.0160285
9021	9022	wire	0.0160285
9022	9023	wire	0.0160285
9023	9024	wire	0.0160285
9024	9025	wire	0.0160285
9025	9026	wire	0.0160285
9026	9027	wire	0.0160285
9027	9028	wire	0.0160285
9028	9029	wire	0.0160285
9029	9030	wire	0.0160285
9030	9031	wire	0.0160285
9031	9032	wire	0.0160285
9032	9033	wire	0.0160285
9033	9034	wire	0.0160285
9034	9035	wire	0.0160285
9035	9036	wire	0.0160285
9036	9037	wire	0.0160285
9037	9038	wire	0.0160285
9038	9039	wire	0.0160285
9039	9040	wire	0.0160285
9040	9041	wire	0.0160285
9041	9042	wire	0.0160285
9042	9043	wire	0.0160285
9043	9044	wire	0.0160285
9044	9045	wire	0.0160285
9045	9046	wire	0.0160285
9046	9047	wire	0.0160285
9047	9048	wire	0.0160285
9048	9049	wire	0.0160285
9049	9050	wire	0.0160285
9050	9051	wire	0.0160285
9051	9052	wire	0.0160285
9052	9053	wire	0.0160285
9053	9054	wire	0.0160285
9054	9055	wire	0.0160285
9055	9056	wire	0.0160285
9056	9057	wire	0.0160285
9057	9058	wire	0.0160285
9058	9059	wire	0.0160285
9059	9060	wire	0.0160285
9060	9061	wire	0.0160285
9061	9062	wire	0.0160285
9062	9063	wire	0.0160285
9063	9064	wire	0.0160285
9064	9065	wire	0.0160285
9065	9066	wire	0.0160285
9066	9067	wire	0.0160285
9067	9068	wire	0.0160285
9068	9069	wire	0.0160285
9069	9070	wire	0.0160285
9070	9071	wire	0.0160285
9071	9072	wire	0.0160285
9072	9073	wire	0.0160285
9073	9074	wire	0.0160285
9074	9075	wire	0.0160285
9075	9076	wire	0.0160285
9076	9077	wire	0.0160285
9077	9078	wire	0.0160285
9078	9079	wire	0.0160285
9079	9080	wire	0.0160285
9080	9081	wire	0.0160285
9081	9082	wire	0.0160285
9082	9083	wire	0.0160285
9083	9084	wire	0.0160285
9084	9085	wire	0.0160285
9085	9086	wire	0.0160285
9086	9087	wire	0.0160285
9087	9088	wire	0.0160285
9088	9089	wire	0.0160285
9089	9090	wire	0.0160285
9090	9091	wire	0.0160285
9091	9092	wire	0.0160285
9092	9093	wire	0.0160285
9093	9094	wire	0.0160285
9094	9095	wire	0.0160285
9095	9096	wire	0.0160285
9096	9097	wire	0.0160285
9097	9098	wire	0.0160285
9098	9099	wire	0.0160285
9099	9100	wire	0.0160285
9100	9101	wire	0.0160285
9101	9102	wire	0.0160285
9102	9103	wire	0.0160285
9103	9104	wire	0.0160285
9104	9105	wire	0.0160285
9105	9106	wire	0.0160285
9106	9107	wire	0.0160285
9107	9108	wire	0.0160285
9108	9109	wire	0.0160285
9109	9110	wire	0.0160285
9110	9111	wire	0.0160285
9111	9112	wire	0.0160285
9112	9113	wire	0.0160285
9113	9114	wire	0.0160285
9114	9115	wire	0.0160285
9115	9116	wire	0.0160285
9116	9117	wire	0.0160285
9117	9118	wire	0.0160285
9118	9119	wire	0.0160285
9120	9121	wire	0.0160285
9121	9122	wire	0.0160285
9122	9123	wire	0.0160285
9123	9124	wire	0.0160285
9124	9125	wire	0.0160285
9125	9126	wire	0.0160285
9126	9127	wire	0.0160285
9127	9128	wire	0.0160285
9128	9129	wire	0.0160285
9129	9130	wire	0.0160285
9130	9131	wire	0.0160285
9131	9132	wire	0.0160285
9132	9133	wire	0.0160285
9133	9134	wire	0.0160285
9134	9135	wire	0.0160285
9135	9136	wire	0.0160285
9136	9137	wire	0.0160285
9137	9138	wire	0.0160285
9138	9139	wire	0.0160285
9139	9140	wire	0.0160285
9140	9141	wire	0.0160285
9141	9142	wire	0.0160285
9142	9143	wire	0.0160285
9143	9144	wire	0.0160285
9144	9145	wire	0.0160285
9145	9146	wire	0.0160285
9146	9147	wire	0.0160285
9147	9148	wire	0.0160285
9148	9149	wire	0.0160285
9149	9150	wire	0.0160285
9150	9151	wire	0.0160285
9151	9152	wire	0.0160285
9152	9153	wire	0.0160285
9153	9154	wire	0.0160285
9154	9155	wire	0.0160285
9155	9156	wire	0.0160285
9156	9157	wire	0.0160285
9157	9158	wire	0.0160285
9158	9159	wire	0.0160285
9159	9160	wire	0.0160285
9160	9161	wire	0.0160285
9161	9162	wire	0.0160285
9162	9163	wire	0.0160285
9163	9164	wire	0.0160285
9164	9165	wire	0.0160285
9165	9166	wire	0.0160285
9166	9167	wire	0.0160285
9167	9168	wire	0.0160285
9168	9169	wire	0.0160285
9169	9170	wire	0.0160285
9170	9171	wire	0.0160285
9171	9172	wire	0.0160285
9172	9173	wire	0.0160285
9173	9174	wire	0.0160285
9174	9175	wire	0.0160285
9175	9176	wire	0.0160285
9176	9177	wire	0.0160285
9177	9178	wire	0.0160285
9178	9179	wire	0.0160285
9179	9180	wire	0.0160285
9180	9181	wire	0.0160285
9181	9182	wire	0.0160285
9182	9183	wire	0.0160285
9183	9184	wire	0.0160285
9184	9185	wire	0.0160285
9185	9186	wire	0.0160285
9186	9187	wire	0.0160285
9187	9188	wire	0.0160285
9188	9189	wire	0.0160285
9189	9190	wire	0.0160285
9190	9191	wire	0.0160285
9191	9192	wire	0.0160285
9192	9193	wire	0.0160285
9193	9194	wire	0.0160285
9194	9195	wire	0.0160285
9195	9196	wire	0.0160285
9196	9197	wire	0.0160285
9197	9198	wire	0.0160285
9198	9199	wire	0.0160285
9199	9200	wire	0.0160285
9200	9201	wire	0.0160285
9201	9202	wire	0.0160285
9202	9203	wire	0.0160285
9203	9204	wire	0.0160285
9204	9205	wire	0.0160285
9205	9206	wire	0.0160285
9206	9207	wire	0.0160285
9207	9208	wire	0.0160285
9208	9209	wire	0.0160285
9209	9210	wire	0.0160285
9210	9211	wire	0.0160285
9211	9212	wire	0.0160285
9212	9213	wire	0.0160285
9213	9214	wire	0.0160285
9214	9215	wire	0.0160285
9215	9216	wire	0.0160285
9216	9217	wire	0.0160285
9217	9218	wire	0.0160285
9218	9219	wire	0.0160285
9219	9220	wire	0.0160285
9220	9221	wire	0.0160285
9221	9222	wire	0.0160285
9222	9223	wire	0.0160285
9223	9224	wire	0.0160285
9224	9225	wire	0.0160285
9225	9226	wire	0.0160285
9226	9227	wire	0.0160285
9227	9228	wire	0.0160285
9229	9230	wire	0.0160285
9230	9231	wire	0.0160285
9231	9232	wire	0.0160285
9232	9233	wire	0.0160285
9233	9234	wire	0.0160285
9234	9235	wire	0.0160285
9235	9236	wire	0.0160285
9236	9237	wire	0.0160285
9237	9238	wire	0.0160285
9238	9239	wire	0.0160285
9239	9240	wire	0.0160285
9240	9241	wire	0.0160285
9241	9242	wire	0.0160285
9242	9243	wire	0.0160285
9243	9244	wire	0.0160285
9244	9245	wire	0.0160285
9245	9246	wire	0.0160285
9246	9247	wire	0.0160285
9247	9248	wire	0.0160285
9248	9249	wire	0.0160285
9249	9250	wire	0.0160285
9250	9251	wire	0.0160285
9251	9252	wire	0.0160285
9252	9253	wire	0.0160285
9253	9254	wire	0.0160285
9254	9255	wire	0.0160285
9255	9256	wire	0.0160285
9256	9257	wire	0.0160285
9257	9258	wire	0.0160285
9258	9259	wire	0.0160285
9259	9260	wire	0.0160285
9260	9261	wire	0.0160285
9261	9262	wire	0.0160285
9262	9263	wire	0.0160285
9263	9264	wire	0.0160285
9264	9265	wire	0.0160285
9265	9266	wire	0.0160285
9266	9267	wire	0.0160285
9267	9268	wire	0.0160285
9268	9269	wire	0.0160285
9269	9270	wire	0.0160285
9270	9271	wire	0.0160285
9271	9272	wire	0.0160285
9272	9273	wire	0.0160285
9273	9274	wire	0.0160285
9274	9275	wire	0.0160285
9275	9276	wire	0.0160285
9276	9277	wire	0.0160285
9277	9278	wire	0.0160285
9278	9279	wire	0.0160285
9279	9280	wire	0.0160285
9280	9281	wire	0.0160285
9281	9282	wire	0.0160285
9282	9283	wire	0.0160285
9283	9284	wire	0.0160285
9284	9285	wire	0.0160285
9285	9286	wire	0.0160285
9286	9287	wire	0.0160285
9287	9288	wire	0.0160285
9288	9289	wire	0.0160285
9289	9290	wire	0.0160285
9290	9291	wire	0.0160285
9291	9292	wire	0.0160285
9292	9293	wire	0.0160285
9293	9294	wire	0.0160285
9294	9295	wire	0.0160285
9295	9296	wire	0.0160285
9296	9297	wire	0.0160285
9297	9298	wire	0.0160285
9298	9299	wire	0.0160285
9299	9300	wire	0.0160285
9300	9301	wire	0.0160285
9301	9302	wire	0.0160285
9302	9303	wire	0.0160285
9303	9304	wire	0.0160285
9304	9305	wire	0.0160285
9305	9306	wire	0.0160285
9306	9307	wire	0.0160285
9307	9308	wire	0.0160285
9308	9309	wire	0.0160285
9309	9310	wire	0.0160285
9310	9311	wire	0.0160285
9311	9312	wire	0.0160285
9312	9313	wire	0.0160285
9313	9314	wire	0.0160285
9314	9315	wire	0.0160285
9315	9316	wire	0.0160285
9316	9317	wire	0.0160285
9317	9318	wire	0.0160285
9318	9319	wire	0.0160285
9319	9320	wire	0.0160285
9320	9321	wire	0.0160285
9321	9322	wire	0.0160285
9322	9323	wire	0.0160285
9323	9324	wire	0.0160285
9324	9325	wire	0.0160285
9325	9326	wire	0.0160285
9326	9327	wire	0.0160285
9327	9328	wire	0.0160285
9328	9329	wire	0.0160285
9329	9330	wire	0.0160285
9330	9331	wire	0.0160285
9331	9332	wire	0.0160285
9332	9333	wire	0.0160285
9333	9334	wire	0.0160285
9334	9335	wire	0.0160285
9335	9336	wire	0.0160285
9336	9337	wire	0.0160285
9338	9339	wire	0.0160285
9339	9340	wire	0.0160285
9340	9341	wire	0.0160285
9341	9342	wire	0.0160285
9342	9343	wire	0.0160285
9343	9344	wire	0.0160285
9344	9345	wire	0.0160285
9345	9346	wire	0.0160285
9346	9347	wire	0.0160285
9347	9348	wire	0.0160285
9348	9349	wire	0.0160285
9349	9350	wire	0.0160285
9350	9351	wire	0.0160285
9351	9352	wire	0.0160285
9352	9353	wire	0.0160285
9353	9354	wire	0.0160285
9354	9355	wire	0.0160285
9355	9356	wire	0.0160285
9356	9357	wire	0.0160285
9357	9358	wire	0.0160285
9358	9359	wire	0.0160285
9359	9360	wire	0.0160285
9360	9361	wire	0.0160285
9361	9362	wire	0.0160285
9362	9363	wire	0.0160285
9363	9364	wire	0.0160285
9364	9365	wire	0.0160285
9365	9366	wire	0.0160285
9366	9367	wire	0.0160285
9367	9368	wire	0.0160285
9368	9369	wire	0.0160285
9369	9370	wire	0.0160285
9370	9371	wire	0.0160285
9371	9372	wire	0.0160285
9372	9373	wire	0.0160285
9373	9374	wire	0.0160285
9374	9375	wire	0.0160285
9375	9376	wire	0.0160285
9376	9377	wire	0.0160285
9377	9378	wire	0.0160285
9378	9379	wire	0.0160285
9379	9380	wire	0.0160285
9380	9381	wire	0.0160285
9381	9382	wire	0.0160285
9382	9383	wire	0.0160285
9383	9384	wire	0.0160285
9384	9385	wire	0.0160285
9385	9386	wire	0.0160285
9386	9387	wire	0.0160285
9387	9388	wire	0.0160285
9388	9389	wire	0.0160285
9389	9390	wire	0.0160285
9390	9391	wire	0.0160285
9391	9392	wire	0.0160285
9392	9393	wire	0.0160285
9393	9394	wire	0.0160285
9394	9395	wire	0.0160285
9395	9396	wire	0.0160285
9396	9397	wire	0.0160285
9397	9398	wire	0.0160285
9398	9399	wire	0.0160285
9399	9400	wire	0.0160285
9400	9401	wire	0.0160285
9401	9402	wire	0.0160285
9402	9403	wire	0.0160285
9403	9404	wire	0.0160285
9404	9405	wire	0.0160285
9405	9406	wire	0.0160285
9406	9407	wire	0.0160285
9407	9408	wire	0.0160285
9408	9409	wire	0.0160285
9409	9410	wire	0.0160285
9410	9411	wire	0.0160285
9411	9412	wire	0.0160285
9412	9413	wire	0.0160285
9413	9414	wire	0.0160285
9414	9415	wire	0.0160285
9415	9416	wire	0.0160285
9416	9417	wire	0.0160285
9417	9418	wire	0.0160285
9418	9419	wire	0.0160285
9419	9420	wire	0.0160285
9420	9421	wire	0.0160285
9421	9422	wire	0.0160285
9422	9423	wire	0.0160285
9423	9424	wire	0.0160285
9424	9425	wire	0.0160285
9425	9426	wire	0.0160285
9426	9427	wire	0.0160285
9427	9428	wire	0.0160285
9428	9429	wire	0.0160285
9429	9430	wire	0.0160285
9430	9431	wire	0.0160285
9431	9432	wire	0.0160285
9432	9433	wire	0.0160285
9433	9434	wire	0.0160285
9434	9435	wire	0.0160285
9435	9436	wire	0.0160285
9436	9437	wire	0.0160285
9437	9438	wire	0.0160285
9438	9439	wire	0.0160285
9439	9440	wire	0.0160285
9440	9441	wire	0.0160285
9441	9442	wire	0.0160285
9442	9443	wire	0.0160285
9443	9444	wire	0.0160285
9444	9445	wire	0.0160285
9445	9446	wire	0.0160285
9447	9448	wire	0.0160285
9448	9449	wire	0.0160285
9449	9450	wire	0.0160285
9450	9451	wire	0.0160285
9451	9452	wire	0.0160285
9452	9453	wire	0.0160285
9453	9454	wire	0.0160285
9454	9455	wire	0.0160285
9455	9456	wire	0.0160285
9456	9457	wire	0.0160285
9457	9458	wire	0.0160285
9458	9459	wire	0.0160285
9459	9460	wire	0.0160285
9460	9461	wire	0.0160285
9461	9462	wire	0.0160285
9462	9463	wire	0.0160285
9463	9464	wire	0.0160285
9464	9465	wire	0.0160285
9465	9466	wire	0.0160285
9466	9467	wire	0.0160285
9467	9468	wire	0.0160285
9468	9469	wire	0.0160285
9469	9470	wire	0.0160285
9470	9471	wire	0.0160285
9471	9472	wire	0.0160285
9472	9473	wire	0.0160285
9473	9474	wire	0.0160285
9474	9475	wire	0.0160285
9475	9476	wire	0.0160285
9476	9477	wire	0.0160285
9477	9478	wire	0.0160285
9478	9479	wire	0.0160285
9479	9480	wire	0.0160285
9480	9481	wire	0.0160285
9481	9482	wire	0.0160285
9482	9483	wire	0.0160285
9483	9484	wire	0.0160285
9484	9485	wire	0.0160285
9485	9486	wire	0.0160285
9486	9487	wire	0.0160285
9487	9488	wire	0.0160285
9488	9489	wire	0.0160285
9489	9490	wire	0.0160285
9490	9491	wire	0.0160285
9491	9492	wire	0.0160285
9492	9493	wire	0.0160285
9493	9494	wire	0.0160285
9494	9495	wire	0.0160285
9495	9496	wire	0.0160285
9496	9497	wire	0.0160285
9497	9498	wire	0.0160285
9498	9499	wire	0.0160285
9499	9500	wire	0.0160285
9500	9501	wire	0.0160285
9501	9502	wire	0.0160285
9502	9503	wire	0.0160285
9503	9504	wire	0.0160285
9504	9505	wire	0.0160285
9505	9506	wire	0.0160285
9506	9507	wire	0.0160285
9507	9508	wire	0.0160285
9508	9509	wire	0.0160285
9509	9510	wire	0.0160285
9510	9511	wire	0.0160285
9511	9512	wire	0.0160285
9512	9513	wire	0.0160285
9513	9514	wire	0.0160285
9514	9515	wire	0.0160285
9515	9516	wire	0.0160285
9516	9517	wire	0.0160285
9517	9518	wire	0.0160285
9518	9519	wire	0.0160285
9519	9520	wire	0.0160285
9520	9521	wire	0.0160285
9521	9522	wire	0.0160285
9522	9523	wire	0.0160285
9523	9524	wire	0.0160285
9524	9525	wire	0.0160285
9525	9526	wire	0.0160285
9526	9527	wire	0.0160285
9527	9528	wire	0.0160285
9528	9529	wire	0.0160285
9529	9530	wire	0.0160285
9530	9531	wire	0.0160285
9531	9532	wire	0.0160285
9532	9533	wire	0.0160285
9533	9534	wire	0.0160285
9534	9535	wire	0.0160285
9535	9536	wire	0.0160285
9536	9537	wire	0.0160285
9537	9538	wire	0.0160285
9538	9539	wire	0.0160285
9539	9540	wire	0.0160285
9540	9541	wire	0.0160285
9541	9542	wire	0.0160285
9542	9543	wire	0.0160285
9543	9544	wire	0.0160285
9544	9545	wire	0.0160285
9545	9546	wire	0.0160285
9546	9547	wire	0.0160285
9547	9548	wire	0.0160285
9548	9549	wire	0.0160285
9549	9550	wire	0.0160285
9550	9551	wire	0.0160285
9551	9552	wire	0.0160285
9552	9553	wire	0.0160285
9553	9554	wire	0.0160285
9554	9555	wire	0.0160285
9556	9557	wire	0.0160285
9557	9558	wire	0.0160285
9558	9559	wire	0.0160285
9559	9560	wire	0.0160285
9560	9561	wire	0.0160285
9561	9562	wire	0.0160285
9562	9563	wire	0.0160285
9563	9564	wire	0.0160285
9564	9565	wire	0.0160285
9565	9566	wire	0.0160285
9566	9567	wire	0.0160285
9567	9568	wire	0.0160285
9568	9569	wire	0.0160285
9569	9570	wire	0.0160285
9570	9571	wire	0.0160285
9571	9572	wire	0.0160285
9572	9573	wire	0.0160285
9573	9574	wire	0.0160285
9574	9575	wire	0.0160285
9575	9576	wire	0.0160285
9576	9577	wire	0.0160285
9577	9578	wire	0.0160285
9578	9579	wire	0.0160285
9579	9580	wire	0.0160285
9580	9581	wire	0.0160285
9581	9582	wire	0.0160285
9582	9583	wire	0.0160285
9583	9584	wire	0.0160285
9584	9585	wire	0.0160285
9585	9586	wire	0.0160285
9586	9587	wire	0.0160285
9587	9588	wire	0.0160285
9588	9589	wire	0.0160285
9589	9590	wire	0.0160285
9590	9591	wire	0.0160285
9591	9592	wire	0.0160285
9592	9593	wire	0.0160285
9593	9594	wire	0.0160285
9594	9595	wire	0.0160285
9595	9596	wire	0.0160285
9596	9597	wire	0.0160285
9597	9598	wire	0.0160285
9598	9599	wire	0.0160285
9599	9600	wire	0.0160285
9600	9601	wire	0.0160285
9601	9602	wire	0.0160285
9602	9603	wire	0.0160285
9603	9604	wire	0.0160285
9604	9605	wire	0.0160285
9605	9606	wire	0.0160285
9606	9607	wire	0.0160285
9607	9608	wire	0.0160285
9608	9609	wire	0.0160285
9609	9610	wire	0.0160285
9610	9611	wire	0.0160285
9611	9612	wire	0.0160285
9612	9613	wire	0.0160285
9613	9614	wire	0.0160285
9614	9615	wire	0.0160285
9615	9616	wire	0.0160285
9616	9617	wire	0.0160285
9617	9618	wire	0.0160285
9618	9619	wire	0.0160285
9619	9620	wire	0.0160285
9620	9621	wire	0.0160285
9621	9622	wire	0.0160285
9622	9623	wire	0.0160285
9623	9624	wire	0.0160285
9624	9625	wire	0.0160285
9625	9626	wire	0.0160285
9626	9627	wire	0.0160285
9627	9628	wire	0.0160285
9628	9629	wire	0.0160285
9629	9630	wire	0.0160285
9630	9631	wire	0.0160285
9631	9632	wire	0.0160285
9632	9633	wire	0.0160285
9633	9634	wire	0.0160285
9634	9635	wire	0.0160285
9635	9636	wire	0.0160285
9636	9637	wire	0.0160285
9637	9638	wire	0.0160285
9638	9639	wire	0.0160285
9639	9640	wire	0.0160285
9640	9641	wire	0.0160285
9641	9642	wire	0.0160285
9642	9643	wire	0.0160285
9643	9644	wire	0.0160285
9644	9645	wire	0.0160285
9645	9646	wire	0.0160285
9646	9647	wire	0.0160285
9647	9648	wire	0.0160285
9648	9649	wire	0.0160285
9649	9650	wire	0.0160285
9650	9651	wire	0.0160285
9651	9652	wire	0.0160285
9652	9653	wire	0.0160285
9653	9654	wire	0.0160285
9654	9655	wire	0.0160285
9655	9656	wire	0.0160285
9656	9657	wire	0.0160285
9657	9658	wire	0.0160285
9658	9659	wire	0.0160285
9659	9660	wire	0.0160285
9660	9661	wire	0.0160285
9661	9662	wire	0.0160285
9662	9663	wire	0.0160285
9663	9664	wire	0.0160285
9665	9666	wire	0.0160285
9666	9667	wire	0.0160285
9667	9668	wire	0.0160285
9668	9669	wire	0.0160285
9669	9670	wire	0.0160285
9670	9671	wire	0.0160285
9671	9672	wire	0.0160285
9672	9673	wire	0.0160285
9673	9674	wire	0.0160285
9674	9675	wire	0.0160285
9675	9676	wire	0.0160285
9676	9677	wire	0.0160285
9677	9678	wire	0.0160285
9678	9679	wire	0.0160285
9679	9680	wire	0.0160285
9680	9681	wire	0.0160285
9681	9682	wire	0.0160285
9682	9683	wire	0.0160285
9683	9684	wire	0.0160285
9684	9685	wire	0.0160285
9685	9686	wire	0.0160285
9686	9687	wire	0.0160285
9687	9688	wire	0.0160285
9688	9689	wire	0.0160285
9689	9690	wire	0.0160285
9690	9691	wire	0.0160285
9691	9692	wire	0.0160285
9692	9693	wire	0.0160285
9693	9694	wire	0.0160285
9694	9695	wire	0.0160285
9695	9696	wire	0.0160285
9696	9697	wire	0.0160285
9697	9698	wire	0.0160285
9698	9699	wire	0.0160285
9699	9700	wire	0.0160285
9700	9701	wire	0.0160285
9701	9702	wire	0.0160285
9702	9703	wire	0.0160285
9703	9704	wire	0.0160285
9704	9705	wire	0.0160285
9705	9706	wire	0.0160285
9706	9707	wire	0.0160285
9707	9708	wire	0.0160285
9708	9709	wire	0.0160285
9709	9710	wire	0.0160285
9710	9711	wire	0.0160285
9711	9712	wire	0.0160285
9712	9713	wire	0.0160285
9713	9714	wire	0.0160285
9714	9715	wire	0.0160285
9715	9716	wire	0.0160285
9716	9717	wire	0.0160285
9717	9718	wire	0.0160285
9718	9719	wire	0.0160285
9719	9720	wire	0.0160285
9720	9721	wire	0.0160285
9721	9722	wire	0.0160285
9722	9723	wire	0.0160285
9723	9724	wire	0.0160285
9724	9725	wire	0.0160285
9725	9726	wire	0.0160285
9726	9727	wire	0.0160285
9727	9728	wire	0.0160285
9728	9729	wire	0.0160285
9729	9730	wire	0.0160285
9730	9731	wire	0.0160285
9731	9732	wire	0.0160285
9732	9733	wire	0.0160285
9733	9734	wire	0.0160285
9734	9735	wire	0.0160285
9735	9736	wire	0.0160285
9736	9737	wire	0.0160285
9737	9738	wire	0.0160285
9738	9739	wire	0.0160285
9739	9740	wire	0.0160285
9740	9741	wire	0.0160285
9741	9742	wire	0.0160285
9742	9743	wire	0.0160285
9743	9744	wire	0.0160285
9744	9745	wire	0.0160285
9745	9746	wire	0.0160285
9746	9747	wire	0.0160285
9747	9748	wire	0.0160285
9748	9749	wire	0.0160285
9749	9750	wire	0.0160285
9750	9751	wire	0.0160285
9751	9752	wire	0.0160285
9752	9753	wire	0.0160285
9753	9754	wire	0.0160285
9754	9755	wire	0.0160285
9755	9756	wire	0.0160285
9756	9757	wire	0.0160285
9757	9758	wire	0.0160285
9758	9759	wire	0.0160285
9759	9760	wire	0.0160285
9760	9761	wire	0.0160285
9761	9762	wire	0.0160285
9762	9763	wire	0.0160285
9763	9764	wire	0.0160285
9764	9765	wire	0.0160285
9765	9766	wire	0.0160285
9766	9767	wire	0.0160285
9767	9768	wire	0.0160285
9768	9769	wire	0.0160285
9769	9770	wire	0.0160285
9770	9771	wire	0.0160285
9771	9772	wire	0.0160285
9772	9773	wire	0.0160285
9774	9775	wire	0.0160285
9775	9776	wire	0.0160285
9776	9777	wire	0.0160285
9777	9778	wire	0.0160285
9778	9779	wire	0.0160285
9779	9780	wire	0.0160285
9780	9781	wire	0.0160285
9781	9782	wire	0.0160285
9782	9783	wire	0.0160285
9783	9784	wire	0.0160285
9784	9785	wire	0.0160285
9785	9786	wire	0.0160285
9786	9787	wire	0.0160285
9787	9788	wire	0.0160285
9788	9789	wire	0.0160285
9789	9790	wire	0.0160285
9790	9791	wire	0.0160285
9791	9792	wire	0.0160285
9792	9793	wire	0.0160285
9793	9794	wire	0.0160285
9794	9795	wire	0.0160285
9795	9796	wire	0.0160285
9796	9797	wire	0.0160285
9797	9798	wire	0.0160285
9798	9799	wire	0.0160285
9799	9800	wire	0.0160285
9800	9801	wire	0.0160285
9801	9802	wire	0.0160285
9802	9803	wire	0.0160285
9803	9804	wire	0.0160285
9804	9805	wire	0.0160285
9805	9806	wire	0.0160285
9806	9807	wire	0.0160285
9807	9808	wire	0.0160285
9808	9809	wire	0.0160285
9809	9810	wire	0.0160285
9810	9811	wire	0.0160285
9811	9812	wire	0.0160285
9812	9813	wire	0.0160285
9813	9814	wire	0.0160285
9814	9815	wire	0.0160285
9815	9816	wire	0.0160285
9816	9817	wire	0.0160285
9817	9818	wire	0.0160285
9818	9819	wire	0.0160285
9819	9820	wire	0.0160285
9820	9821	wire	0.0160285
9821	9822	wire	0.0160285
9822	9823	wire	0.0160285
9823	9824	wire	0.0160285
9824	9825	wire	0.0160285
9825	9826	wire	0.0160285
9826	9827	wire	0.0160285
9827	9828	wire	0.0160285
9828	9829	wire	0.0160285
9829	9830	wire	0.0160285
9830	9831	wire	0.0160285
9831	9832	wire	0.0160285
9832	9833	wire	0.0160285
9833	9834	wire	0.0160285
9834	9835	wire	0.0160285
9835	9836	wire	0.0160285
9836	9837	wire	0.0160285
9837	9838	wire	0.0160285
9838	9839	wire	0.0160285
9839	9840	wire	0.0160285
9840	9841	wire	0.0160285
9841	9842	wire	0.0160285
9842	9843	wire	0.0160285
9843	9844	wire	0.0160285
9844	9845	wire	0.0160285
9845	9846	wire	0.0160285
9846	9847	wire	0.0160285
9847	9848	wire	0.0160285
9848	9849	wire	0.0160285
9849	9850	wire	0.0160285
9850	9851	wire	0.0160285
9851	9852	wire	0.0160285
9852	9853	wire	0.0160285
9853	9854	wire	0.0160285
9854	9855	wire	0.0160285
9855	9856	wire	0.0160285
9856	9857	wire	0.0160285
9857	9858	wire	0.0160285
9858	9859	wire	0.0160285
9859	9860	wire	0.0160285
9860	9861	wire	0.0160285
9861	9862	wire	0.0160285
9862	9863	wire	0.0160285
9863	9864	wire	0.0160285
9864	9865	wire	0.0160285
9865	9866	wire	0.0160285
9866	9867	wire	0.0160285
9867	9868	wire	0.0160285
9868	9869	wire	0.0160285
9869	9870	wire	0.0160285
9870	9871	wire	0.0160285
9871	9872	wire	0.0160285
9872	9873	wire	0.0160285
9873	9874	wire	0.0160285
9874	9875	wire	0.0160285
9875	9876	wire	0.0160285
9876	9877	wire	0.0160285
9877	9878	wire	0.0160285
9878	9879	wire	0.0160285
9879	9880	wire	0.0160285
9880	9881	wire	0.0160285
9881	9882	wire	0.0160285
9883	9884	wire	0.0160285
9884	9885	wire	0.0160285
9885	9886	wire	0.0160285
9886	9887	wire	0.0160285
9887	9888	wire	0.0160285
9888	9889	wire	0.0160285
9889	9890	wire	0.0160285
9890	9891	wire	0.0160285
9891	9892	wire	0.0160285
9892	9893	wire	0.0160285
9893	9894	wire	0.0160285
9894	9895	wire	0.0160285
9895	9896	wire	0.0160285
9896	9897	wire	0.0160285
9897	9898	wire	0.0160285
9898	9899	wire	0.0160285
9899	9900	wire	0.0160285
9900	9901	wire	0.0160285
9901	9902	wire	0.0160285
9902	9903	wire	0.0160285
9903	9904	wire	0.0160285
9904	9905	wire	0.0160285
9905	9906	wire	0.0160285
9906	9907	wire	0.0160285
9907	9908	wire	0.0160285
9908	9909	wire	0.0160285
9909	9910	wire	0.0160285
9910	9911	wire	0.0160285
9911	9912	wire	0.0160285
9912	9913	wire	0.0160285
9913	9914	wire	0.0160285
9914	9915	wire	0.0160285
9915	9916	wire	0.0160285
9916	9917	wire	0.0160285
9917	9918	wire	0.0160285
9918	9919	wire	0.0160285
9919	9920	wire	0.0160285
9920	9921	wire	0.0160285
9921	9922	wire	0.0160285
9922	9923	wire	0.0160285
9923	9924	wire	0.0160285
9924	9925	wire	0.0160285
9925	9926	wire	0.0160285
9926	9927	wire	0.0160285
9927	9928	wire	0.0160285
9928	9929	wire	0.0160285
9929	9930	wire	0.0160285
9930	9931	wire	0.0160285
9931	9932	wire	0.0160285
9932	9933	wire	0.0160285
9933	9934	wire	0.0160285
9934	9935	wire	0.0160285
9935	9936	wire	0.0160285
9936	9937	wire	0.0160285
9937	9938	wire	0.0160285
9938	9939	wire	0.0160285
9939	9940	wire	0.0160285
9940	9941	wire	0.0160285
9941	9942	wire	0.0160285
9942	9943	wire	0.0160285
9943	9944	wire	0.0160285
9944	9945	wire	0.0160285
9945	9946	wire	0.0160285
9946	9947	wire	0.0160285
9947	9948	wire	0.0160285
9948	9949	wire	0.0160285
9949	9950	wire	0.0160285
9950	9951	wire	0.0160285
9951	9952	wire	0.0160285
9952	9953	wire	0.0160285
9953	9954	wire	0.0160285
9954	9955	wire	0.0160285
9955	9956	wire	0.0160285
9956	9957	wire	0.0160285
9957	9958	wire	0.0160285
9958	9959	wire	0.0160285
9959	9960	wire	0.0160285
9960	9961	wire	0.0160285
9961	9962	wire	0.0160285
9962	9963	wire	0.0160285
9963	9964	wire	0.0160285
9964	9965	wire	0.0160285
9965	9966	wire	0.0160285
9966	9967	wire	0.0160285
9967	9968	wire	0.0160285
9968	9969	wire	0.0160285
9969	9970	wire	0.0160285
9970	9971	wire	0.0160285
9971	9972	wire	0.0160285
9972	9973	wire	0.0160285
9973	9974	wire	0.0160285
9974	9975	wire	0.0160285
9975	9976	wire	0.0160285
9976	9977	wire	0.0160285
9977	9978	wire	0.0160285
9978	9979	wire	0.0160285
9979	9980	wire	0.0160285
9980	9981	wire	0.0160285
9981	9982	wire	0.0160285
9982	9983	wire	0.0160285
9983	9984	wire	0.0160285
9984	9985	wire	0.0160285
9985	9986	wire	0.0160285
9986	9987	wire	0.0160285
9987	9988	wire	0.0160285
9988	9989	wire	0.0160285
9989	9990	wire	0.0160285
9990	9991	wire	0.0160285
9992	9993	wire	0.0160285
9993	9994	wire	0.0160285
9994	9995	wire	0.0160285
9995	9996	wire	0.0160285
9996	9997	wire	0.0160285
9997	9998	wire	0.0160285
9998	9999	wire	0.0160285
9999	10000	wire	0.0160285
10000	10001	wire	0.0160285
10001	10002	wire	0.0160285
10002	10003	wire	0.0160285
10003	10004	wire	0.0160285
10004	10005	wire	0.0160285
10005	10006	wire	0.0160285
10006	10007	wire	0.0160285
10007	10008	wire	0.0160285
10008	10009	wire	0.0160285
10009	10010	wire	0.0160285
10010	10011	wire	0.0160285
10011	10012	wire	0.0160285
10012	10013	wire	0.0160285
10013	10014	wire	0.0160285
10014	10015	wire	0.0160285
10015	10016	wire	0.0160285
10016	10017	wire	0.0160285
10017	10018	wire	0.0160285
10018	10019	wire	0.0160285
10019	10020	wire	0.0160285
10020	10021	wire	0.0160285
10021	10022	wire	0.0160285
10022	10023	wire	0.0160285
10023	10024	wire	0.0160285
10024	10025	wire	0.0160285
10025	10026	wire	0.0160285
10026	10027	wire	0.0160285
10027	10028	wire	0.0160285
10028	10029	wire	0.0160285
10029	10030	wire	0.0160285
10030	10031	wire	0.0160285
10031	10032	wire	0.0160285
10032	10033	wire	0.0160285
10033	10034	wire	0.0160285
10034	10035	wire	0.0160285
10035	10036	wire	0.0160285
10036	10037	wire	0.0160285
10037	10038	wire	0.0160285
10038	10039	wire	0.0160285
10039	10040	wire	0.0160285
10040	10041	wire	0.0160285
10041	10042	wire	0.0160285
10042	10043	wire	0.0160285
10043	10044	wire	0.0160285
10044	10045	wire	0.0160285
10045	10046	wire	0.0160285
10046	10047	wire	0.0160285
10047	10048	wire	0.0160285
10048	10049	wire	0.0160285
10049	10050	wire	0.0160285
10050	10051	wire	0.0160285
10051	10052	wire	0.0160285
10052	10053	wire	0.0160285
10053	10054	wire	0.0160285
10054	10055	wire	0.0160285
10055	10056	wire	0.0160285
10056	10057	wire	0.0160285
10057	10058	wire	0.0160285
10058	10059	wire	0.0160285
10059	10060	wire	0.0160285
10060	10061	wire	0.0160285
10061	10062	wire	0.0160285
10062	10063	wire	0.0160285
10063	10064	wire	0.0160285
10064	10065	wire	0.0160285
10065	10066	wire	0.0160285
10066	10067	wire	0.0160285
10067	10068	wire	0.0160285
10068	10069	wire	0.0160285
10069	10070	wire	0.0160285
10070	10071	wire	0.0160285
10071	10072	wire	0.0160285
10072	10073	wire	0.0160285
10073	10074	wire	0.0160285
10074	10075	wire	0.0160285
10075	10076	wire	0.0160285
10076	10077	wire	0.0160285
10077	10078	wire	0.0160285
10078	10079	wire	0.0160285
10079	10080	wire	0.0160285
10080	10081	wire	0.0160285
10081	10082	wire	0.0160285
10082	10083	wire	0.0160285
10083	10084	wire	0.0160285
10084	10085	wire	0.0160285
10085	10086	wire	0.0160285
10086	10087	wire	0.0160285
10087	10088	wire	0.0160285
10088	10089	wire	0.0160285
10089	10090	wire	0.0160285
10090	10091	wire	0.0160285
10091	10092	wire	0.0160285
10092	10093	wire	0.0160285
10093	10094	wire	0.0160285
10094	10095	wire	0.0160285
10095	10096	wire	0.0160285
10096	10097	wire	0.0160285
10097	10098	wire	0.0160285
10098	10099	wire	0.0160285
10099	10100	wire	0.0160285
10101	10102	wire	0.0160285
10102	10103	wire	0.0160285
10103	10104	wire	0.0160285
10104	10105	wire	0.0160285
10105	10106	wire	0.0160285
10106	10107	wire	0.0160285
10107	10108	wire	0.0160285
10108	10109	wire	0.0160285
10109	10110	wire	0.0160285
10110	10111	wire	0.0160285
10111	10112	wire	0.0160285
10112	10113	wire	0.0160285
10113	10114	wire	0.0160285
10114	10115	wire	0.0160285
10115	10116	wire	0.0160285
10116	10117	wire	0.0160285
10117	10118	wire	0.0160285
10118	10119	wire	0.0160285
10119	10120	wire	0.0160285
10120	10121	wire	0.0160285
10121	10122	wire	0.0160285
10122	10123	wire	0.0160285
10123	10124	wire	0.0160285
10124	10125	wire	0.0160285
10125	10126	wire	0.0160285
10126	10127	wire	0.0160285
10127	10128	wire	0.0160285
10128	10129	wire	0.0160285
10129	10130	wire	0.0160285
10130	10131	wire	0.0160285
10131	10132	wire	0.0160285
10132	10133	wire	0.0160285
10133	10134	wire	0.0160285
10134	10135	wire	0.0160285
10135	10136	wire	0.0160285
10136	10137	wire	0.0160285
10137	10138	wire	0.0160285
10138	10139	wire	0.0160285
10139	10140	wire	0.0160285
10140	10141	wire	0.0160285
10141	10142	wire	0.0160285
10142	10143	wire	0.0160285
10143	10144	wire	0.0160285
10144	10145	wire	0.0160285
10145	10146	wire	0.0160285
10146	10147	wire	0.0160285
10147	10148	wire	0.0160285
10148	10149	wire	0.0160285
10149	10150	wire	0.0160285
10150	10151	wire	0.0160285
10151	10152	wire	0.0160285
10152	10153	wire	0.0160285
10153	10154	wire	0.0160285
10154	10155	wire	0.0160285
10155	10156	wire	0.0160285
10156	10157	wire	0.0160285
10157	10158	wire	0.0160285
10158	10159	wire	0.0160285
10159	10160	wire	0.0160285
10160	10161	wire	0.0160285
10161	10162	wire	0.0160285
10162	10163	wire	0.0160285
10163	10164	wire	0.0160285
10164	10165	wire	0.0160285
10165	10166	wire	0.0160285
10166	10167	wire	0.0160285
10167	10168	wire	0.0160285
10168	10169	wire	0.0160285
10169	10170	wire	0.0160285
10170	10171	wire	0.0160285
10171	10172	wire	0.0160285
10172	10173	wire	0.0160285
10173	10174	wire	0.0160285
10174	10175	wire	0.0160285
10175	10176	wire	0.0160285
10176	10177	wire	0.0160285
10177	10178	wire	0.0160285
10178	10179	wire	0.0160285
10179	10180	wire	0.0160285
10180	10181	wire	0.0160285
10181	10182	wire	0.0160285
10182	10183	wire	0.0160285
10183	10184	wire	0.0160285
10184	10185	wire	0.0160285
10185	10186	wire	0.0160285
10186	10187	wire	0.0160285
10187	10188	wire	0.0160285
10188	10189	wire	0.0160285
10189	10190	wire	0.0160285
10190	10191	wire	0.0160285
10191	10192	wire	0.0160285
10192	10193	wire	0.0160285
10193	10194	wire	0.0160285
10194	10195	wire	0.0160285
10195	10196	wire	0.0160285
10196	10197	wire	0.0160285
10197	10198	wire	0.0160285
10198	10199	wire	0.0160285
10199	10200	wire	0.0160285
10200	10201	wire	0.0160285
10201	10202	wire	0.0160285
10202	10203	wire	0.0160285
10203	10204	wire	0.0160285
10204	10205	wire	0.0160285
10205	10206	wire	0.0160285
10206	10207	wire	0.0160285
10207	10208	wire	0.0160285
10208	10209	wire	0.0160285
10210	10211	wire	0.0160285
10211	10212	wire	0.0160285
10212	10213	wire	0.0160285
10213	10214	wire	0.0160285
10214	10215	wire	0.0160285
10215	10216	wire	0.0160285
10216	10217	wire	0.0160285
10217	10218	wire	0.0160285
10218	10219	wire	0.0160285
10219	10220	wire	0.0160285
10220	10221	wire	0.0160285
10221	10222	wire	0.0160285
10222	10223	wire	0.0160285
10223	10224	wire	0.0160285
10224	10225	wire	0.0160285
10225	10226	wire	0.0160285
10226	10227	wire	0.0160285
10227	10228	wire	0.0160285
10228	10229	wire	0.0160285
10229	10230	wire	0.0160285
10230	10231	wire	0.0160285
10231	10232	wire	0.0160285
10232	10233	wire	0.0160285
10233	10234	wire	0.0160285
10234	10235	wire	0.0160285
10235	10236	wire	0.0160285
10236	10237	wire	0.0160285
10237	10238	wire	0.0160285
10238	10239	wire	0.0160285
10239	10240	wire	0.0160285
10240	10241	wire	0.0160285
10241	10242	wire	0.0160285
10242	10243	wire	0.0160285
10243	10244	wire	0.0160285
10244	10245	wire	0.0160285
10245	10246	wire	0.0160285
10246	10247	wire	0.0160285
10247	10248	wire	0.0160285
10248	10249	wire	0.0160285
10249	10250	wire	0.0160285
10250	10251	wire	0.0160285
10251	10252	wire	0.0160285
10252	10253	wire	0.0160285
10253	10254	wire	0.0160285
10254	10255	wire	0.0160285
10255	10256	wire	0.0160285
10256	10257	wire	0.0160285
10257	10258	wire	0.0160285
10258	10259	wire	0.0160285
10259	10260	wire	0.0160285
10260	10261	wire	0.0160285
10261	10262	wire	0.0160285
10262	10263	wire	0.0160285
10263	10264	wire	0.0160285
10264	10265	wire	0.0160285
10265	10266	wire	0.0160285
10266	10267	wire	0.0160285
10267	10268	wire	0.0160285
10268	10269	wire	0.0160285
10269	10270	wire	0.0160285
10270	10271	wire	0.0160285
10271	10272	wire	0.0160285
10272	10273	wire	0.0160285
10273	10274	wire	0.0160285
10274	10275	wire	0.0160285
10275	10276	wire	0.0160285
10276	10277	wire	0.0160285
10277	10278	wire	0.0160285
10278	10279	wire	0.0160285
10279	10280	wire	0.0160285
10280	10281	wire	0.0160285
10281	10282	wire	0.0160285
10282	10283	wire	0.0160285
10283	10284	wire	0.0160285
10284	10285	wire	0.0160285
10285	10286	wire	0.0160285
10286	10287	wire	0.0160285
10287	10288	wire	0.0160285
10288	10289	wire	0.0160285
10289	10290	wire	0.0160285
10290	10291	wire	0.0160285
10291	10292	wire	0.0160285
10292	10293	wire	0.0160285
10293	10294	wire	0.0160285
10294	10295	wire	0.0160285
10295	10296	wire	0.0160285
10296	10297	wire	0.0160285
10297	10298	wire	0.0160285
10298	10299	wire	0.0160285
10299	10300	wire	0.0160285
10300	10301	wire	0.0160285
10301	10302	wire	0.0160285
10302	10303	wire	0.0160285
10303	10304	wire	0.0160285
10304	10305	wire	0.0160285
10305	10306	wire	0.0160285
10306	10307	wire	0.0160285
10307	10308	wire	0.0160285
10308	10309	wire	0.0160285
10309	10310	wire	0.0160285
10310	10311	wire	0.0160285
10311	10312	wire	0.0160285
10312	10313	wire	0.0160285
10313	10314	wire	0.0160285
10314	10315	wire	0.0160285
10315	10316	wire	0.0160285
10316	10317	wire	0.0160285
10317	10318	wire	0.0160285
10319	10320	wire	0.0160285
10320	10321	wire	0.0160285
10321	10322	wire	0.0160285
10322	10323	wire	0.0160285
10323	10324	wire	0.0160285
10324	10325	wire	0.0160285
10325	10326	wire	0.0160285
10326	10327	wire	0.0160285
10327	10328	wire	0.0160285
10328	10329	wire	0.0160285
10329	10330	wire	0.0160285
10330	10331	wire	0.0160285
10331	10332	wire	0.0160285
10332	10333	wire	0.0160285
10333	10334	wire	0.0160285
10334	10335	wire	0.0160285
10335	10336	wire	0.0160285
10336	10337	wire	0.0160285
10337	10338	wire	0.0160285
10338	10339	wire	0.0160285
10339	10340	wire	0.0160285
10340	10341	wire	0.0160285
10341	10342	wire	0.0160285
10342	10343	wire	0.0160285
10343	10344	wire	0.0160285
10344	10345	wire	0.0160285
10345	10346	wire	0.0160285
10346	10347	wire	0.0160285
10347	10348	wire	0.0160285
10348	10349	wire	0.0160285
10349	10350	wire	0.0160285
10350	10351	wire	0.0160285
10351	10352	wire	0.0160285
10352	10353	wire	0.0160285
10353	10354	wire	0.0160285
10354	10355	wire	0.0160285
10355	10356	wire	0.0160285
10356	10357	wire	0.0160285
10357	10358	wire	0.0160285
10358	10359	wire	0.0160285
10359	10360	wire	0.0160285
10360	10361	wire	0.0160285
10361	10362	wire	0.0160285
10362	10363	wire	0.0160285
10363	10364	wire	0.0160285
10364	10365	wire	0.0160285
10365	10366	wire	0.0160285
10366	10367	wire	0.0160285
10367	10368	wire	0.0160285
10368	10369	wire	0.0160285
10369	10370	wire	0.0160285
10370	10371	wire	0.0160285
10371	10372	wire	0.0160285
10372	10373	wire	0.0160285
10373	10374	wire	0.0160285
10374	10375	wire	0.0160285
10375	10376	wire	0.0160285
10376	10377	wire	0.0160285
10377	10378	wire	0.0160285
10378	10379	wire	0.0160285
10379	10380	wire	0.0160285
10380	10381	wire	0.0160285
10381	10382	wire	0.0160285
10382	10383	wire	0.0160285
10383	10384	wire	0.0160285
10384	10385	wire	0.0160285
10385	10386	wire	0.0160285
10386	10387	wire	0.0160285
10387	10388	wire	0.0160285
10388	10389	wire	0.0160285
10389	10390	wire	0.0160285
10390	10391	wire	0.0160285
10391	10392	wire	0.0160285
10392	10393	wire	0.0160285
10393	10394	wire	0.0160285
10394	10395	wire	0.0160285
10395	10396	wire	0.0160285
10396	10397	wire	0.0160285
10397	10398	wire	0.0160285
10398	10399	wire	0.0160285
10399	10400	wire	0.0160285
10400	10401	wire	0.0160285
10401	10402	wire	0.0160285
10402	10403	wire	0.0160285
10403	10404	wire	0.0160285
10404	10405	wire	0.0160285
10405	10406	wire	0.0160285
10406	10407	wire	0.0160285
10407	10408	wire	0.0160285
10408	10409	wire	0.0160285
10409	10410	wire	0.0160285
10410	10411	wire	0.0160285
10411	10412	wire	0.0160285
10412	10413	wire	0.0160285
10413	10414	wire	0.0160285
10414	10415	wire	0.0160285
10415	10416	wire	0.0160285
10416	10417	wire	0.0160285
10417	10418	wire	0.0160285
10418	10419	wire	0.0160285
10419	10420	wire	0.0160285
10420	10421	wire	0.0160285
10421	10422	wire	0.0160285
10422	10423	wire	0.0160285
10423	10424	wire	0.0160285
10424	10425	wire	0.0160285
10425	10426	wire	0.0160285
10426	10427	wire	0.0160285
10428	10429	wire	0.0160285
10429	10430	wire	0.0160285
10430	10431	wire	0.0160285
10431	10432	wire	0.0160285
10432	10433	wire	0.0160285
10433	10434	wire	0.0160285
10434	10435	wire	0.0160285
10435	10436	wire	0.0160285
10436	10437	wire	0.0160285
10437	10438	wire	0.0160285
10438	10439	wire	0.0160285
10439	10440	wire	0.0160285
10440	10441	wire	0.0160285
10441	10442	wire	0.0160285
10442	10443	wire	0.0160285
10443	10444	wire	0.0160285
10444	10445	wire	0.0160285
10445	10446	wire	0.0160285
10446	10447	wire	0.0160285
10447	10448	wire	0.0160285
10448	10449	wire	0.0160285
10449	10450	wire	0.0160285
10450	10451	wire	0.0160285
10451	10452	wire	0.0160285
10452	10453	wire	0.0160285
10453	10454	wire	0.0160285
10454	10455	wire	0.0160285
10455	10456	wire	0.0160285
10456	10457	wire	0.0160285
10457	10458	wire	0.0160285
10458	10459	wire	0.0160285
10459	10460	wire	0.0160285
10460	10461	wire	0.0160285
10461	10462	wire	0.0160285
10462	10463	wire	0.0160285
10463	10464	wire	0.0160285
10464	10465	wire	0.0160285
10465	10466	wire	0.0160285
10466	10467	wire	0.0160285
10467	10468	wire	0.0160285
10468	10469	wire	0.0160285
10469	10470	wire	0.0160285
10470	10471	wire	0.0160285
10471	10472	wire	0.0160285
10472	10473	wire	0.0160285
10473	10474	wire	0.0160285
10474	10475	wire	0.0160285
10475	10476	wire	0.0160285
10476	10477	wire	0.0160285
10477	10478	wire	0.0160285
10478	10479	wire	0.0160285
10479	10480	wire	0.0160285
10480	10481	wire	0.0160285
10481	10482	wire	0.0160285
10482	10483	wire	0.0160285
10483	10484	wire	0.0160285
10484	10485	wire	0.0160285
10485	10486	wire	0.0160285
10486	10487	wire	0.0160285
10487	10488	wire	0.0160285
10488	10489	wire	0.0160285
10489	10490	wire	0.0160285
10490	10491	wire	0.0160285
10491	10492	wire	0.0160285
10492	10493	wire	0.0160285
10493	10494	wire	0.0160285
10494	10495	wire	0.0160285
10495	10496	wire	0.0160285
10496	10497	wire	0.0160285
10497	10498	wire	0.0160285
10498	10499	wire	0.0160285
10499	10500	wire	0.0160285
10500	10501	wire	0.0160285
10501	10502	wire	0.0160285
10502	10503	wire	0.0160285
10503	10504	wire	0.0160285
10504	10505	wire	0.0160285
10505	10506	wire	0.0160285
10506	10507	wire	0.0160285
10507	10508	wire	0.0160285
10508	10509	wire	0.0160285
10509	10510	wire	0.0160285
10510	10511	wire	0.0160285
10511	10512	wire	0.0160285
10512	10513	wire	0.0160285
10513	10514	wire	0.0160285
10514	10515	wire	0.0160285
10515	10516	wire	0.0160285
10516	10517	wire	0.0160285
10517	10518	wire	0.0160285
10518	10519	wire	0.0160285
10519	10520	wire	0.0160285
10520	10521	wire	0.0160285
10521	10522	wire	0.0160285
10522	10523	wire	0.0160285
10523	10524	wire	0.0160285
10524	10525	wire	0.0160285
10525	10526	wire	0.0160285
10526	10527	wire	0.0160285
10527	10528	wire	0.0160285
10528	10529	wire	0.0160285
10529	10530	wire	0.0160285
10530	10531	wire	0.0160285
10531	10532	wire	0.0160285
10532	10533	wire	0.0160285
10533	10534	wire	0.0160285
10534	10535	wire	0.0160285
10535	10536	wire	0.0160285
10537	10538	wire	0.0160285
10538	10539	wire	0.0160285
10539	10540	wire	0.0160285
10540	10541	wire	0.0160285
10541	10542	wire	0.0160285
10542	10543	wire	0.0160285
10543	10544	wire	0.0160285
10544	10545	wire	0.0160285
10545	10546	wire	0.0160285
10546	10547	wire	0.0160285
10547	10548	wire	0.0160285
10548	10549	wire	0.0160285
10549	10550	wire	0.0160285
10550	10551	wire	0.0160285
10551	10552	wire	0.0160285
10552	10553	wire	0.0160285
10553	10554	wire	0.0160285
10554	10555	wire	0.0160285
10555	10556	wire	0.0160285
10556	10557	wire	0.0160285
10557	10558	wire	0.0160285
10558	10559	wire	0.0160285
10559	10560	wire	0.0160285
10560	10561	wire	0.0160285
10561	10562	wire	0.0160285
10562	10563	wire	0.0160285
10563	10564	wire	0.0160285
10564	10565	wire	0.0160285
10565	10566	wire	0.0160285
10566	10567	wire	0.0160285
10567	10568	wire	0.0160285
10568	10569	wire	0.0160285
10569	10570	wire	0.0160285
10570	10571	wire	0.0160285
10571	10572	wire	0.0160285
10572	10573	wire	0.0160285
10573	10574	wire	0.0160285
10574	10575	wire	0.0160285
10575	10576	wire	0.0160285
10576	10577	wire	0.0160285
10577	10578	wire	0.0160285
10578	10579	wire	0.0160285
10579	10580	wire	0.0160285
10580	10581	wire	0.0160285
10581	10582	wire	0.0160285
10582	10583	wire	0.0160285
10583	10584	wire	0.0160285
10584	10585	wire	0.0160285
10585	10586	wire	0.0160285
10586	10587	wire	0.0160285
10587	10588	wire	0.0160285
10588	10589	wire	0.0160285
10589	10590	wire	0.0160285
10590	10591	wire	0.0160285
10591	10592	wire	0.0160285
10592	10593	wire	0.0160285
10593	10594	wire	0.0160285
10594	10595	wire	0.0160285
10595	10596	wire	0.0160285
10596	10597	wire	0.0160285
10597	10598	wire	0.0160285
10598	10599	wire	0.0160285
10599	10600	wire	0.0160285
10600	10601	wire	0.0160285
10601	10602	wire	0.0160285
10602	10603	wire	0.0160285
10603	10604	wire	0.0160285
10604	10605	wire	0.0160285
10605	10606	wire	0.0160285
10606	10607	wire	0.0160285
10607	10608	wire	0.0160285
10608	10609	wire	0.0160285
10609	10610	wire	0.0160285
10610	10611	wire	0.0160285
10611	10612	wire	0.0160285
10612	10613	wire	0.0160285
10613	10614	wire	0.0160285
10614	10615	wire	0.0160285
10615	10616	wire	0.0160285
10616	10617	wire	0.0160285
10617	10618	wire	0.0160285
10618	10619	wire	0.0160285
10619	10620	wire	0.0160285
10620	10621	wire	0.0160285
10621	10622	wire	0.0160285
10622	10623	wire	0.0160285
10623	10624	wire	0.0160285
10624	10625	wire	0.0160285
10625	10626	wire	0.0160285
10626	10627	wire	0.0160285
10627	10628	wire	0.0160285
10628	10629	wire	0.0160285
10629	10630	wire	0.0160285
10630	10631	wire	0.0160285
10631	10632	wire	0.0160285
10632	10633	wire	0.0160285
10633	10634	wire	0.0160285
10634	10635	wire	0.0160285
10635	10636	wire	0.0160285
10636	10637	wire	0.0160285
10637	10638	wire	0.0160285
10638	10639	wire	0.0160285
10639	10640	wire	0.0160285
10640	10641	wire	0.0160285
10641	10642	wire	0.0160285
10642	10643	wire	0.0160285
10643	10644	wire	0.0160285
10644	10645	wire	0.0160285
10646	10647	wire	0.0160285
10647	10648	wire	0.0160285
10648	10649	wire	0.0160285
10649	10650	wire	0.0160285
10650	10651	wire	0.0160285
10651	10652	wire	0.0160285
10652	10653	wire	0.0160285
10653	10654	wire	0.0160285
10654	10655	wire	0.0160285
10655	10656	wire	0.0160285
10656	10657	wire	0.0160285
10657	10658	wire	0.0160285
10658	10659	wire	0.0160285
10659	10660	wire	0.0160285
10660	10661	wire	0.0160285
10661	10662	wire	0.0160285
10662	10663	wire	0.0160285
10663	10664	wire	0.0160285
10664	10665	wire	0.0160285
10665	10666	wire	0.0160285
10666	10667	wire	0.0160285
10667	10668	wire	0.0160285
10668	10669	wire	0.0160285
10669	10670	wire	0.0160285
10670	10671	wire	0.0160285
10671	10672	wire	0.0160285
10672	10673	wire	0.0160285
10673	10674	wire	0.0160285
10674	10675	wire	0.0160285
10675	10676	wire	0.0160285
10676	10677	wire	0.0160285
10677	10678	wire	0.0160285
10678	10679	wire	0.0160285
10679	10680	wire	0.0160285
10680	10681	wire	0.0160285
10681	10682	wire	0.0160285
10682	10683	wire	0.0160285
10683	10684	wire	0.0160285
10684	10685	wire	0.0160285
10685	10686	wire	0.0160285
10686	10687	wire	0.0160285
10687	10688	wire	0.0160285
10688	10689	wire	0.0160285
10689	10690	wire	0.0160285
10690	10691	wire	0.0160285
10691	10692	wire	0.0160285
10692	10693	wire	0.0160285
10693	10694	wire	0.0160285
10694	10695	wire	0.0160285
10695	10696	wire	0.0160285
10696	10697	wire	0.0160285
10697	10698	wire	0.0160285
10698	10699	wire	0.0160285
10699	10700	wire	0.0160285
10700	10701	wire	0.0160285
10701	10702	wire	0.0160285
10702	10703	wire	0.0160285
10703	10704	wire	0.0160285
10704	10705	wire	0.0160285
10705	10706	wire	0.0160285
10706	10707	wire	0.0160285
10707	10708	wire	0.0160285
10708	10709	wire	0.0160285
10709	10710	wire	0.0160285
10710	10711	wire	0.0160285
10711	10712	wire	0.0160285
10712	10713	wire	0.0160285
10713	10714	wire	0.0160285
10714	10715	wire	0.0160285
10715	10716	wire	0.0160285
10716	10717	wire	0.0160285
10717	10718	wire	0.0160285
10718	10719	wire	0.0160285
10719	10720	wire	0.0160285
10720	10721	wire	0.0160285
10721	10722	wire	0.0160285
10722	10723	wire	0.0160285
10723	10724	wire	0.0160285
10724	10725	wire	0.0160285
10725	10726	wire	0.0160285
10726	10727	wire	0.0160285
10727	10728	wire	0.0160285
10728	10729	wire	0.0160285
10729	10730	wire	0.0160285
10730	10731	wire	0.0160285
10731	10732	wire	0.0160285
10732	10733	wire	0.0160285
10733	10734	wire	0.0160285
10734	10735	wire	0.0160285
10735	10736	wire	0.0160285
10736	10737	wire	0.0160285
10737	10738	wire	0.0160285
10738	10739	wire	0.0160285
10739	10740	wire	0.0160285
10740	10741	wire	0.0160285
10741	10742	wire	0.0160285
10742	10743	wire	0.0160285
10743	10744	wire	0.0160285
10744	10745	wire	0.0160285
10745	10746	wire	0.0160285
10746	10747	wire	0.0160285
10747	10748	wire	0.0160285
10748	10749	wire	0.0160285
10749	10750	wire	0.0160285
10750	10751	wire	0.0160285
10751	10752	wire	0.0160285
10752	10753	wire	0.0160285
10753	10754	wire	0.0160285
10755	10756	wire	0.0160285
10756	10757	wire	0.0160285
10757	10758	wire	0.0160285
10758	10759	wire	0.0160285
10759	10760	wire	0.0160285
10760	10761	wire	0.0160285
10761	10762	wire	0.0160285
10762	10763	wire	0.0160285
10763	10764	wire	0.0160285
10764	10765	wire	0.0160285
10765	10766	wire	0.0160285
10766	10767	wire	0.0160285
10767	10768	wire	0.0160285
10768	10769	wire	0.0160285
10769	10770	wire	0.0160285
10770	10771	wire	0.0160285
10771	10772	wire	0.0160285
10772	10773	wire	0.0160285
10773	10774	wire	0.0160285
10774	10775	wire	0.0160285
10775	10776	wire	0.0160285
10776	10777	wire	0.0160285
10777	10778	wire	0.0160285
10778	10779	wire	0.0160285
10779	10780	wire	0.0160285
10780	10781	wire	0.0160285
10781	10782	wire	0.0160285
10782	10783	wire	0.0160285
10783	10784	wire	0.0160285
10784	10785	wire	0.0160285
10785	10786	wire	0.0160285
10786	10787	wire	0.0160285
10787	10788	wire	0.0160285
10788	10789	wire	0.0160285
10789	10790	wire	0.0160285
10790	10791	wire	0.0160285
10791	10792	wire	0.0160285
10792	10793	wire	0.0160285
10793	10794	wire	0.0160285
10794	10795	wire	0.0160285
10795	10796	wire	0.0160285
10796	10797	wire	0.0160285
10797	10798	wire	0.0160285
10798	10799	wire	0.0160285
10799	10800	wire	0.0160285
10800	10801	wire	0.0160285
10801	10802	wire	0.0160285
10802	10803	wire	0.0160285
10803	10804	wire	0.0160285
10804	10805	wire	0.0160285
10805	10806	wire	0.0160285
10806	10807	wire	0.0160285
10807	10808	wire	0.0160285
10808	10809	wire	0.0160285
10809	10810	wire	0.0160285
10810	10811	wire	0.0160285
10811	10812	wire	0.0160285
10812	10813	wire	0.0160285
10813	10814	wire	0.0160285
10814	10815	wire	0.0160285
10815	10816	wire	0.0160285
10816	10817	wire	0.0160285
10817	10818	wire	0.0160285
10818	10819	wire	0.0160285
10819	10820	wire	0.0160285
10820	10821	wire	0.0160285
10821	10822	wire	0.0160285
10822	10823	wire	0.0160285
10823	10824	wire	0.0160285
10824	10825	wire	0.0160285
10825	10826	wire	0.0160285
10826	10827	wire	0.0160285
10827	10828	wire	0.0160285
10828	10829	wire	0.0160285
10829	10830	wire	0.0160285
10830	10831	wire	0.0160285
10831	10832	wire	0.0160285
10832	10833	wire	0.0160285
10833	10834	wire	0.0160285
10834	10835	wire	0.0160285
10835	10836	wire	0.0160285
10836	10837	wire	0.0160285
10837	10838	wire	0.0160285
10838	10839	wire	0.0160285
10839	10840	wire	0.0160285
10840	10841	wire	0.0160285
10841	10842	wire	0.0160285
10842	10843	wire	0.0160285
10843	10844	wire	0.0160285
10844	10845	wire	0.0160285
10845	10846	wire	0.0160285
10846	10847	wire	0.0160285
10847	10848	wire	0.0160285
10848	10849	wire	0.0160285
10849	10850	wire	0.0160285
10850	10851	wire	0.0160285
10851	10852	wire	0.0160285
10852	10853	wire	0.0160285
10853	10854	wire	0.0160285
10854	10855	wire	0.0160285
10855	10856	wire	0.0160285
10856	10857	wire	0.0160285
10857	10858	wire	0.0160285
10858	10859	wire	0.0160285
10859	10860	wire	0.0160285
10860	10861	wire	0.0160285
10861	10862	wire	0.0160285
10862	10863	wire	0.0160285
10864	10865	wire	0.0160285
10865	10866	wire	0.0160285
10866	10867	wire	0.0160285
10867	10868	wire	0.0160285
10868	10869	wire	0.0160285
10869	10870	wire	0.0160285
10870	10871	wire	0.0160285
10871	10872	wire	0.0160285
10872	10873	wire	0.0160285
10873	10874	wire	0.0160285
10874	10875	wire	0.0160285
10875	10876	wire	0.0160285
10876	10877	wire	0.0160285
10877	10878	wire	0.0160285
10878	10879	wire	0.0160285
10879	10880	wire	0.0160285
10880	10881	wire	0.0160285
10881	10882	wire	0.0160285
10882	10883	wire	0.0160285
10883	10884	wire	0.0160285
10884	10885	wire	0.0160285
10885	10886	wire	0.0160285
10886	10887	wire	0.0160285
10887	10888	wire	0.0160285
10888	10889	wire	0.0160285
10889	10890	wire	0.0160285
10890	10891	wire	0.0160285
10891	10892	wire	0.0160285
10892	10893	wire	0.0160285
10893	10894	wire	0.0160285
10894	10895	wire	0.0160285
10895	10896	wire	0.0160285
10896	10897	wire	0.0160285
10897	10898	wire	0.0160285
10898	10899	wire	0.0160285
10899	10900	wire	0.0160285
10900	10901	wire	0.0160285
10901	10902	wire	0.0160285
10902	10903	wire	0.0160285
10903	10904	wire	0.0160285
10904	10905	wire	0.0160285
10905	10906	wire	0.0160285
10906	10907	wire	0.0160285
10907	10908	wire	0.0160285
10908	10909	wire	0.0160285
10909	10910	wire	0.0160285
10910	10911	wire	0.0160285
10911	10912	wire	0.0160285
10912	10913	wire	0.0160285
10913	10914	wire	0.0160285
10914	10915	wire	0.0160285
10915	10916	wire	0.0160285
10916	10917	wire	0.0160285
10917	10918	wire	0.0160285
10918	10919	wire	0.0160285
10919	10920	wire	0.0160285
10920	10921	wire	0.0160285
10921	10922	wire	0.0160285
10922	10923	wire	0.0160285
10923	10924	wire	0.0160285
10924	10925	wire	0.0160285
10925	10926	wire	0.0160285
10926	10927	wire	0.0160285
10927	10928	wire	0.0160285
10928	10929	wire	0.0160285
10929	10930	wire	0.0160285
10930	10931	wire	0.0160285
10931	10932	wire	0.0160285
10932	10933	wire	0.0160285
10933	10934	wire	0.0160285
10934	10935	wire	0.0160285
10935	10936	wire	0.0160285
10936	10937	wire	0.0160285
10937	10938	wire	0.0160285
10938	10939	wire	0.0160285
10939	10940	wire	0.0160285
10940	10941	wire	0.0160285
10941	10942	wire	0.0160285
10942	10943	wire	0.0160285
10943	10944	wire	0.0160285
10944	10945	wire	0.0160285
10945	10946	wire	0.0160285
10946	10947	wire	0.0160285
10947	10948	wire	0.0160285
10948	10949	wire	0.0160285
10949	10950	wire	0.0160285
10950	10951	wire	0.0160285
10951	10952	wire	0.0160285
10952	10953	wire	0.0160285
10953	10954	wire	0.0160285
10954	10955	wire	0.0160285
10955	10956	wire	0.0160285
10956	10957	wire	0.0160285
10957	10958	wire	0.0160285
10958	10959	wire	0.0160285
10959	10960	wire	0.0160285
10960	10961	wire	0.0160285
10961	10962	wire	0.0160285
10962	10963	wire	0.0160285
10963	10964	wire	0.0160285
10964	10965	wire	0.0160285
10965	10966	wire	0.0160285
10966	10967	wire	0.0160285
10967	10968	wire	0.0160285
10968	10969	wire	0.0160285
10969	10970	wire	0.0160285
10970	10971	wire	0.0160285
10971	10972	wire	0.0160285
10973	10974	wire	0.0160285
10974	10975	wire	0.0160285
10975	10976	wire	0.0160285
10976	10977	wire	0.0160285
10977	10978	wire	0.0160285
10978	10979	wire	0.0160285
10979	10980	wire	0.0160285
10980	10981	wire	0.0160285
10981	10982	wire	0.0160285
10982	10983	wire	0.0160285
10983	10984	wire	0.0160285
10984	10985	wire	0.0160285
10985	10986	wire	0.0160285
10986	10987	wire	0.0160285
10987	10988	wire	0.0160285
10988	10989	wire	0.0160285
10989	10990	wire	0.0160285
10990	10991	wire	0.0160285
10991	10992	wire	0.0160285
10992	10993	wire	0.0160285
10993	10994	wire	0.0160285
10994	10995	wire	0.0160285
10995	10996	wire	0.0160285
10996	10997	wire	0.0160285
10997	10998	wire	0.0160285
10998	10999	wire	0.0160285
10999	11000	wire	0.0160285
11000	11001	wire	0.0160285
11001	11002	wire	0.0160285
11002	11003	wire	0.0160285
11003	11004	wire	0.0160285
11004	11005	wire	0.0160285
11005	11006	wire	0.0160285
11006	11007	wire	0.0160285
11007	11008	wire	0.0160285
11008	11009	wire	0.0160285
11009	11010	wire	0.0160285
11010	11011	wire	0.0160285
11011	11012	wire	0.0160285
11012	11013	wire	0.0160285
11013	11014	wire	0.0160285
11014	11015	wire	0.0160285
11015	11016	wire	0.0160285
11016	11017	wire	0.0160285
11017	11018	wire	0.0160285
11018	11019	wire	0.0160285
11019	11020	wire	0.0160285
11020	11021	wire	0.0160285
11021	11022	wire	0.0160285
11022	11023	wire	0.0160285
11023	11024	wire	0.0160285
11024	11025	wire	0.0160285
11025	11026	wire	0.0160285
11026	11027	wire	0.0160285
11027	11028	wire	0.0160285
11028	11029	wire	0.0160285
11029	11030	wire	0.0160285
11030	11031	wire	0.0160285
11031	11032	wire	0.0160285
11032	11033	wire	0.0160285
11033	11034	wire	0.0160285
11034	11035	wire	0.0160285
11035	11036	wire	0.0160285
11036	11037	wire	0.0160285
11037	11038	wire	0.0160285
11038	11039	wire	0.0160285
11039	11040	wire	0.0160285
11040	11041	wire	0.0160285
11041	11042	wire	0.0160285
11042	11043	wire	0.0160285
11043	11044	wire	0.0160285
11044	11045	wire	0.0160285
11045	11046	wire	0.0160285
11046	11047	wire	0.0160285
11047	11048	wire	0.0160285
11048	11049	wire	0.0160285
11049	11050	wire	0.0160285
11050	11051	wire	0.0160285
11051	11052	wire	0.0160285
11052	11053	wire	0.0160285
11053	11054	wire	0.0160285
11054	11055	wire	0.0160285
11055	11056	wire	0.0160285
11056	11057	wire	0.0160285
11057	11058	wire	0.0160285
11058	11059	wire	0.0160285
11059	11060	wire	0.0160285
11060	11061	wire	0.0160285
11061	11062	wire	0.0160285
11062	11063	wire	0.0160285
11063	11064	wire	0.0160285
11064	11065	wire	0.0160285
11065	11066	wire	0.0160285
11066	11067	wire	0.0160285
11067	11068	wire	0.0160285
11068	11069	wire	0.0160285
11069	11070	wire	0.0160285
11070	11071	wire	0.0160285
11071	11072	wire	0.0160285
11072	11073	wire	0.0160285
11073	11074	wire	0.0160285
11074	11075	wire	0.0160285
11075	11076	wire	0.0160285
11076	11077	wire	0.0160285
11077	11078	wire	0.0160285
11078	11079	wire	0.0160285
11079	11080	wire	0.0160285
11080	11081	wire	0.0160285
11082	11083	wire	0.0160285
11083	11084	wire	0.0160285
11084	11085	wire	0.0160285
11085	11086	wire	0.0160285
11086	11087	wire	0.0160285
11087	11088	wire	0.0160285
11088	11089	wire	0.0160285
11089	11090	wire	0.0160285
11090	11091	wire	0.0160285
11091	11092	wire	0.0160285
11092	11093	wire	0.0160285
11093	11094	wire	0.0160285
11094	11095	wire	0.0160285
11095	11096	wire	0.0160285
11096	11097	wire	0.0160285
11097	11098	wire	0.0160285
11098	11099	wire	0.0160285
11099	11100	wire	0.0160285
11100	11101	wire	0.0160285
11101	11102	wire	0.0160285
11102	11103	wire	0.0160285
11103	11104	wire	0.0160285
11104	11105	wire	0.0160285
11105	11106	wire	0.0160285
11106	11107	wire	0.0160285
11107	11108	wire	0.0160285
11108	11109	wire	0.0160285
11109	11110	wire	0.0160285
11110	11111	wire	0.0160285
11111	11112	wire	0.0160285
11112	11113	wire	0.0160285
11113	11114	wire	0.0160285
11114	11115	wire	0.0160285
11115	11116	wire	0.0160285
11116	11117	wire	0.0160285
11117	11118	wire	0.0160285
11118	11119	wire	0.0160285
11119	11120	wire	0.0160285
11120	11121	wire	0.0160285
11121	11122	wire	0.0160285
11122	11123	wire	0.0160285
11123	11124	wire	0.0160285
11124	11125	wire	0.0160285
11125	11126	wire	0.0160285
11126	11127	wire	0.0160285
11127	11128	wire	0.0160285
11128	11129	wire	0.0160285
11129	11130	wire	0.0160285
11130	11131	wire	0.0160285
11131	11132	wire	0.0160285
11132	11133	wire	0.0160285
11133	11134	wire	0.0160285
11134	11135	wire	0.0160285
11135	11136	wire	0.0160285
11136	11137	wire	0.0160285
11137	11138	wire	0.0160285
11138	11139	wire	0.0160285
11139	11140	wire	0.0160285
11140	11141	wire	0.0160285
11141	11142	wire	0.0160285
11142	11143	wire	0.0160285
11143	11144	wire	0.0160285
11144	11145	wire	0.0160285
11145	11146	wire	0.0160285
11146	11147	wire	0.0160285
11147	11148	wire	0.0160285
11148	11149	wire	0.0160285
11149	11150	wire	0.0160285
11150	11151	wire	0.0160285
11151	11152	wire	0.0160285
11152	11153	wire	0.0160285
11153	11154	wire	0.0160285
11154	11155	wire	0.0160285
11155	11156	wire	0.0160285
11156	11157	wire	0.0160285
11157	11158	wire	0.0160285
11158	11159	wire	0.0160285
11159	11160	wire	0.0160285
11160	11161	wire	0.0160285
11161	11162	wire	0.0160285
11162	11163	wire	0.0160285
11163	11164	wire	0.0160285
11164	11165	wire	0.0160285
11165	11166	wire	0.0160285
11166	11167	wire	0.0160285
11167	11168	wire	0.0160285
11168	11169	wire	0.0160285
11169	11170	wire	0.0160285
11170	11171	wire	0.0160285
11171	11172	wire	0.0160285
11172	11173	wire	0.0160285
11173	11174	wire	0.0160285
11174	11175	wire	0.0160285
11175	11176	wire	0.0160285
11176	11177	wire	0.0160285
11177	11178	wire	0.0160285
11178	11179	wire	0.0160285
11179	11180	wire	0.0160285
11180	11181	wire	0.0160285
11181	11182	wire	0.0160285
11182	11183	wire	0.0160285
11183	11184	wire	0.0160285
11184	11185	wire	0.0160285
11185	11186	wire	0.0160285
11186	11187	wire	0.0160285
11187	11188	wire	0.0160285
11188	11189	wire	0.0160285
11189	11190	wire	0.0160285
11191	11192	wire	0.0160285
11192	11193	wire	0.0160285
11193	11194	wire	0.0160285
11194	11195	wire	0.0160285
11195	11196	wire	0.0160285
11196	11197	wire	0.0160285
11197	11198	wire	0.0160285
11198	11199	wire	0.0160285
11199	11200	wire	0.0160285
11200	11201	wire	0.0160285
11201	11202	wire	0.0160285
11202	11203	wire	0.0160285
11203	11204	wire	0.0160285
11204	11205	wire	0.0160285
11205	11206	wire	0.0160285
11206	11207	wire	0.0160285
11207	11208	wire	0.0160285
11208	11209	wire	0.0160285
11209	11210	wire	0.0160285
11210	11211	wire	0.0160285
11211	11212	wire	0.0160285
11212	11213	wire	0.0160285
11213	11214	wire	0.0160285
11214	11215	wire	0.0160285
11215	11216	wire	0.0160285
11216	11217	wire	0.0160285
11217	11218	wire	0.0160285
11218	11219	wire	0.0160285
11219	11220	wire	0.0160285
11220	11221	wire	0.0160285
11221	11222	wire	0.0160285
11222	11223	wire	0.0160285
11223	11224	wire	0.0160285
11224	11225	wire	0.0160285
11225	11226	wire	0.0160285
11226	11227	wire	0.0160285
11227	11228	wire	0.0160285
11228	11229	wire	0.0160285
11229	11230	wire	0.0160285
11230	11231	wire	0.0160285
11231	11232	wire	0.0160285
11232	11233	wire	0.0160285
11233	11234	wire	0.0160285
11234	11235	wire	0.0160285
11235	11236	wire	0.0160285
11236	11237	wire	0.0160285
11237	11238	wire	0.0160285
11238	11239	wire	0.0160285
11239	11240	wire	0.0160285
11240	11241	wire	0.0160285
11241	11242	wire	0.0160285
11242	11243	wire	0.0160285
11243	11244	wire	0.0160285
11244	11245	wire	0.0160285
11245	11246	wire	0.0160285
11246	11247	wire	0.0160285
11247	11248	wire	0.0160285
11248	11249	wire	0.0160285
11249	11250	wire	0.0160285
11250	11251	wire	0.0160285
11251	11252	wire	0.0160285
11252	11253	wire	0.0160285
11253	11254	wire	0.0160285
11254	11255	wire	0.0160285
11255	11256	wire	0.0160285
11256	11257	wire	0.0160285
11257	11258	wire	0.0160285
11258	11259	wire	0.0160285
11259	11260	wire	0.0160285
11260	11261	wire	0.0160285
11261	11262	wire	0.0160285
11262	11263	wire	0.0160285
11263	11264	wire	0.0160285
11264	11265	wire	0.0160285
11265	11266	wire	0.0160285
11266	11267	wire	0.0160285
11267	11268	wire	0.0160285
11268	11269	wire	0.0160285
11269	11270	wire	0.0160285
11270	11271	wire	0.0160285
11271	11272	wire	0.0160285
11272	11273	wire	0.0160285
11273	11274	wire	0.0160285
11274	11275	wire	0.0160285
11275	11276	wire	0.0160285
11276	11277	wire	0.0160285
11277	11278	wire	0.0160285
11278	11279	wire	0.0160285
11279	11280	wire	0.0160285
11280	11281	wire	0.0160285
11281	11282	wire	0.0160285
11282	11283	wire	0.0160285
11283	11284	wire	0.0160285
11284	11285	wire	0.0160285
11285	11286	wire	0.0160285
11286	11287	wire	0.0160285
11287	11288	wire	0.0160285
11288	11289	wire	0.0160285
11289	11290	wire	0.0160285
11290	11291	wire	0.0160285
11291	11292	wire	0.0160285
11292	11293	wire	0.0160285
11293	11294	wire	0.0160285
11294	11295	wire	0.0160285
11295	11296	wire	0.0160285
11296	11297	wire	0.0160285
11297	11298	wire	0.0160285
11298	11299	wire	0.0160285
11300	11301	wire	0.0160285
11301	11302	wire	0.0160285
11302	11303	wire	0.0160285
11303	11304	wire	0.0160285
11304	11305	wire	0.0160285
11305	11306	wire	0.0160285
11306	11307	wire	0.0160285
11307	11308	wire	0.0160285
11308	11309	wire	0.0160285
11309	11310	wire	0.0160285
11310	11311	wire	0.0160285
11311	11312	wire	0.0160285
11312	11313	wire	0.0160285
11313	11314	wire	0.0160285
11314	11315	wire	0.0160285
11315	11316	wire	0.0160285
11316	11317	wire	0.0160285
11317	11318	wire	0.0160285
11318	11319	wire	0.0160285
11319	11320	wire	0.0160285
11320	11321	wire	0.0160285
11321	11322	wire	0.0160285
11322	11323	wire	0.0160285
11323	11324	wire	0.0160285
11324	11325	wire	0.0160285
11325	11326	wire	0.0160285
11326	11327	wire	0.0160285
11327	11328	wire	0.0160285
11328	11329	wire	0.0160285
11329	11330	wire	0.0160285
11330	11331	wire	0.0160285
11331	11332	wire	0.0160285
11332	11333	wire	0.0160285
11333	11334	wire	0.0160285
11334	11335	wire	0.0160285
11335	11336	wire	0.0160285
11336	11337	wire	0.0160285
11337	11338	wire	0.0160285
11338	11339	wire	0.0160285
11339	11340	wire	0.0160285
11340	11341	wire	0.0160285
11341	11342	wire	0.0160285
11342	11343	wire	0.0160285
11343	11344	wire	0.0160285
11344	11345	wire	0.0160285
11345	11346	wire	0.0160285
11346	11347	wire	0.0160285
11347	11348	wire	0.0160285
11348	11349	wire	0.0160285
11349	11350	wire	0.0160285
11350	11351	wire	0.0160285
11351	11352	wire	0.0160285
11352	11353	wire	0.0160285
11353	11354	wire	0.0160285
11354	11355	wire	0.0160285
11355	11356	wire	0.0160285
11356	11357	wire	0.0160285
11357	11358	wire	0.0160285
11358	11359	wire	0.0160285
11359	11360	wire	0.0160285
11360	11361	wire	0.0160285
11361	11362	wire	0.0160285
11362	11363	wire	0.0160285
11363	11364	wire	0.0160285
11364	11365	wire	0.0160285
11365	11366	wire	0.0160285
11366	11367	wire	0.0160285
11367	11368	wire	0.0160285
11368	11369	wire	0.0160285
11369	11370	wire	0.0160285
11370	11371	wire	0.0160285
11371	11372	wire	0.0160285
11372	11373	wire	0.0160285
11373	11374	wire	0.0160285
11374	11375	wire	0.0160285
11375	11376	wire	0.0160285
11376	11377	wire	0.0160285
11377	11378	wire	0.0160285
11378	11379	wire	0.0160285
11379	11380	wire	0.0160285
11380	11381	wire	0.0160285
11381	11382	wire	0.0160285
11382	11383	wire	0.0160285
11383	11384	wire	0.0160285
11384	11385	wire	0.0160285
11385	11386	wire	0.0160285
11386	11387	wire	0.0160285
11387	11388	wire	0.0160285
11388	11389	wire	0.0160285
11389	11390	wire	0.0160285
11390	11391	wire	0.0160285
11391	11392	wire	0.0160285
11392	11393	wire	0.0160285
11393	11394	wire	0.0160285
11394	11395	wire	0.0160285
11395	11396	wire	0.0160285
11396	11397	wire	0.0160285
11397	11398	wire	0.0160285
11398	11399	wire	0.0160285
11399	11400	wire	0.0160285
11400	11401	wire	0.0160285
11401	11402	wire	0.0160285
11402	11403	wire	0.0160285
11403	11404	wire	0.0160285
11404	11405	wire	0.0160285
11405	11406	wire	0.0160285
11406	11407	wire	0.0160285
11407	11408	wire	0.0160285
11409	11410	wire	0.0160285
11410	11411	wire	0.0160285
11411	11412	wire	0.0160285
11412	11413	wire	0.0160285
11413	11414	wire	0.0160285
11414	11415	wire	0.0160285
11415	11416	wire	0.0160285
11416	11417	wire	0.0160285
11417	11418	wire	0.0160285
11418	11419	wire	0.0160285
11419	11420	wire	0.0160285
11420	11421	wire	0.0160285
11421	11422	wire	0.0160285
11422	11423	wire	0.0160285
11423	11424	wire	0.0160285
11424	11425	wire	0.0160285
11425	11426	wire	0.0160285
11426	11427	wire	0.0160285
11427	11428	wire	0.0160285
11428	11429	wire	0.0160285
11429	11430	wire	0.0160285
11430	11431	wire	0.0160285
11431	11432	wire	0.0160285
11432	11433	wire	0.0160285
11433	11434	wire	0.0160285
11434	11435	wire	0.0160285
11435	11436	wire	0.0160285
11436	11437	wire	0.0160285
11437	11438	wire	0.0160285
11438	11439	wire	0.0160285
11439	11440	wire	0.0160285
11440	11441	wire	0.0160285
11441	11442	wire	0.0160285
11442	11443	wire	0.0160285
11443	11444	wire	0.0160285
11444	11445	wire	0.0160285
11445	11446	wire	0.0160285
11446	11447	wire	0.0160285
11447	11448	wire	0.0160285
11448	11449	wire	0.0160285
11449	11450	wire	0.0160285
11450	11451	wire	0.0160285
11451	11452	wire	0.0160285
11452	11453	wire	0.0160285
11453	11454	wire	0.0160285
11454	11455	wire	0.0160285
11455	11456	wire	0.0160285
11456	11457	wire	0.0160285
11457	11458	wire	0.0160285
11458	11459	wire	0.0160285
11459	11460	wire	0.0160285
11460	11461	wire	0.0160285
11461	11462	wire	0.0160285
11462	11463	wire	0.0160285
11463	11464	wire	0.0160285
11464	11465	wire	0.0160285
11465	11466	wire	0.0160285
11466	11467	wire	0.0160285
11467	11468	wire	0.0160285
11468	11469	wire	0.0160285
11469	11470	wire	0.0160285
11470	11471	wire	0.0160285
11471	11472	wire	0.0160285
11472	11473	wire	0.0160285
11473	11474	wire	0.0160285
11474	11475	wire	0.0160285
11475	11476	wire	0.0160285
11476	11477	wire	0.0160285
11477	11478	wire	0.0160285
11478	11479	wire	0.0160285
11479	11480	wire	0.0160285
11480	11481	wire	0.0160285
11481	11482	wire	0.0160285
11482	11483	wire	0.0160285
11483	11484	wire	0.0160285
11484	11485	wire	0.0160285
11485	11486	wire	0.0160285
11486	11487	wire	0.0160285
11487	11488	wire	0.0160285
11488	11489	wire	0.0160285
11489	11490	wire	0.0160285
11490	11491	wire	0.0160285
11491	11492	wire	0.0160285
11492	11493	wire	0.0160285
11493	11494	wire	0.0160285
11494	11495	wire	0.0160285
11495	11496	wire	0.0160285
11496	11497	wire	0.0160285
11497	11498	wire	0.0160285
11498	11499	wire	0.0160285
11499	11500	wire	0.0160285
11500	11501	wire	0.0160285
11501	11502	wire	0.0160285
11502	11503	wire	0.0160285
11503	11504	wire	0.0160285
11504	11505	wire	0.0160285
11505	11506	wire	0.0160285
11506	11507	wire	0.0160285
11507	11508	wire	0.0160285
11508	11509	wire	0.0160285
11509	11510	wire	0.0160285
11510	11511	wire	0.0160285
11511	11512	wire	0.0160285
11512	11513	wire	0.0160285
11513	11514	wire	0.0160285
11514	11515	wire	0.0160285
11515	11516	wire	0.0160285
11516	11517	wire	0.0160285
11518	11519	wire	0.0160285
11519	11520	wire	0.0160285
11520	11521	wire	0.0160285
11521	11522	wire	0.0160285
11522	11523	wire	0.0160285
11523	11524	wire	0.0160285
11524	11525	wire	0.0160285
11525	11526	wire	0.0160285
11526	11527	wire	0.0160285
11527	11528	wire	0.0160285
11528	11529	wire	0.0160285
11529	11530	wire	0.0160285
11530	11531	wire	0.0160285
11531	11532	wire	0.0160285
11532	11533	wire	0.0160285
11533	11534	wire	0.0160285
11534	11535	wire	0.0160285
11535	11536	wire	0.0160285
11536	11537	wire	0.0160285
11537	11538	wire	0.0160285
11538	11539	wire	0.0160285
11539	11540	wire	0.0160285
11540	11541	wire	0.0160285
11541	11542	wire	0.0160285
11542	11543	wire	0.0160285
11543	11544	wire	0.0160285
11544	11545	wire	0.0160285
11545	11546	wire	0.0160285
11546	11547	wire	0.0160285
11547	11548	wire	0.0160285
11548	11549	wire	0.0160285
11549	11550	wire	0.0160285
11550	11551	wire	0.0160285
11551	11552	wire	0.0160285
11552	11553	wire	0.0160285
11553	11554	wire	0.0160285
11554	11555	wire	0.0160285
11555	11556	wire	0.0160285
11556	11557	wire	0.0160285
11557	11558	wire	0.0160285
11558	11559	wire	0.0160285
11559	11560	wire	0.0160285
11560	11561	wire	0.0160285
11561	11562	wire	0.0160285
11562	11563	wire	0.0160285
11563	11564	wire	0.0160285
11564	11565	wire	0.0160285
11565	11566	wire	0.0160285
11566	11567	wire	0.0160285
11567	11568	wire	0.0160285
11568	11569	wire	0.0160285
11569	11570	wire	0.0160285
11570	11571	wire	0.0160285
11571	11572	wire	0.0160285
11572	11573	wire	0.0160285
11573	11574	wire	0.0160285
11574	11575	wire	0.0160285
11575	11576	wire	0.0160285
11576	11577	wire	0.0160285
11577	11578	wire	0.0160285
11578	11579	wire	0.0160285
11579	11580	wire	0.0160285
11580	11581	wire	0.0160285
11581	11582	wire	0.0160285
11582	11583	wire	0.0160285
11583	11584	wire	0.0160285
11584	11585	wire	0.0160285
11585	11586	wire	0.0160285
11586	11587	wire	0.0160285
11587	11588	wire	0.0160285
11588	11589	wire	0.0160285
11589	11590	wire	0.0160285
11590	11591	wire	0.0160285
11591	11592	wire	0.0160285
11592	11593	wire	0.0160285
11593	11594	wire	0.0160285
11594	11595	wire	0.0160285
11595	11596	wire	0.0160285
11596	11597	wire	0.0160285
11597	11598	wire	0.0160285
11598	11599	wire	0.0160285
11599	11600	wire	0.0160285
11600	11601	wire	0.0160285
11601	11602	wire	0.0160285
11602	11603	wire	0.0160285
11603	11604	wire	0.0160285
11604	11605	wire	0.0160285
11605	11606	wire	0.0160285
11606	11607	wire	0.0160285
11607	11608	wire	0.0160285
11608	11609	wire	0.0160285
11609	11610	wire	0.0160285
11610	11611	wire	0.0160285
11611	11612	wire	0.0160285
11612	11613	wire	0.0160285
11613	11614	wire	0.0160285
11614	11615	wire	0.0160285
11615	11616	wire	0.0160285
11616	11617	wire	0.0160285
11617	11618	wire	0.0160285
11618	11619	wire	0.0160285
11619	11620	wire	0.0160285
11620	11621	wire	0.0160285
11621	11622	wire	0.0160285
11622	11623	wire	0.0160285
11623	11624	wire	0.0160285
11624	11625	wire	0.0160285
11625	11626	wire	0.0160285
11627	11628	wire	0.0160285
11628	11629	wire	0.0160285
11629	11630	wire	0.0160285
11630	11631	wire	0.0160285
11631	11632	wire	0.0160285
11632	11633	wire	0.0160285
11633	11634	wire	0.0160285
11634	11635	wire	0.0160285
11635	11636	wire	0.0160285
11636	11637	wire	0.0160285
11637	11638	wire	0.0160285
11638	11639	wire	0.0160285
11639	11640	wire	0.0160285
11640	11641	wire	0.0160285
11641	11642	wire	0.0160285
11642	11643	wire	0.0160285
11643	11644	wire	0.0160285
11644	11645	wire	0.0160285
11645	11646	wire	0.0160285
11646	11647	wire	0.0160285
11647	11648	wire	0.0160285
11648	11649	wire	0.0160285
11649	11650	wire	0.0160285
11650	11651	wire	0.0160285
11651	11652	wire	0.0160285
11652	11653	wire	0.0160285
11653	11654	wire	0.0160285
11654	11655	wire	0.0160285
11655	11656	wire	0.0160285
11656	11657	wire	0.0160285
11657	11658	wire	0.0160285
11658	11659	wire	0.0160285
11659	11660	wire	0.0160285
11660	11661	wire	0.0160285
11661	11662	wire	0.0160285
11662	11663	wire	0.0160285
11663	11664	wire	0.0160285
11664	11665	wire	0.0160285
11665	11666	wire	0.0160285
11666	11667	wire	0.0160285
11667	11668	wire	0.0160285
11668	11669	wire	0.0160285
11669	11670	wire	0.0160285
11670	11671	wire	0.0160285
11671	11672	wire	0.0160285
11672	11673	wire	0.0160285
11673	11674	wire	0.0160285
11674	11675	wire	0.0160285
11675	11676	wire	0.0160285
11676	11677	wire	0.0160285
11677	11678	wire	0.0160285
11678	11679	wire	0.0160285
11679	11680	wire	0.0160285
11680	11681	wire	0.0160285
11681	11682	wire	0.0160285
11682	11683	wire	0.0160285
11683	11684	wire	0.0160285
11684	11685	wire	0.0160285
11685	11686	wire	0.0160285
11686	11687	wire	0.0160285
11687	11688	wire	0.0160285
11688	11689	wire	0.0160285
11689	11690	wire	0.0160285
11690	11691	wire	0.0160285
11691	11692	wire	0.0160285
11692	11693	wire	0.0160285
11693	11694	wire	0.0160285
11694	11695	wire	0.0160285
11695	11696	wire	0.0160285
11696	11697	wire	0.0160285
11697	11698	wire	0.0160285
11698	11699	wire	0.0160285
11699	11700	wire	0.0160285
11700	11701	wire	0.0160285
11701	11702	wire	0.0160285
11702	11703	wire	0.0160285
11703	11704	wire	0.0160285
11704	11705	wire	0.0160285
11705	11706	wire	0.0160285
11706	11707	wire	0.0160285
11707	11708	wire	0.0160285
11708	11709	wire	0.0160285
11709	11710	wire	0.0160285
11710	11711	wire	0.0160285
11711	11712	wire	0.0160285
11712	11713	wire	0.0160285
11713	11714	wire	0.0160285
11714	11715	wire	0.0160285
11715	11716	wire	0.0160285
11716	11717	wire	0.0160285
11717	11718	wire	0.0160285
11718	11719	wire	0.0160285
11719	11720	wire	0.0160285
11720	11721	wire	0.0160285
11721	11722	wire	0.0160285
11722	11723	wire	0.0160285
11723	11724	wire	0.0160285
11724	11725	wire	0.0160285
11725	11726	wire	0.0160285
11726	11727	wire	0.0160285
11727	11728	wire	0.0160285
11728	11729	wire	0.0160285
11729	11730	wire	0.0160285
11730	11731	wire	0.0160285
11731	11732	wire	0.0160285
11732	11733	wire	0.0160285
11733	11734	wire	0.0160285
11734	11735	wire	0.0160285
11736	11737	wire	0.0160285
11737	11738	wire	0.0160285
11738	11739	wire	0.0160285
11739	11740	wire	0.0160285
11740	11741	wire	0.0160285
11741	11742	wire	0.0160285
11742	11743	wire	0.0160285
11743	11744	wire	0.0160285
11744	11745	wire	0.0160285
11745	11746	wire	0.0160285
11746	11747	wire	0.0160285
11747	11748	wire	0.0160285
11748	11749	wire	0.0160285
11749	11750	wire	0.0160285
11750	11751	wire	0.0160285
11751	11752	wire	0.0160285
11752	11753	wire	0.0160285
11753	11754	wire	0.0160285
11754	11755	wire	0.0160285
11755	11756	wire	0.0160285
11756	11757	wire	0.0160285
11757	11758	wire	0.0160285
11758	11759	wire	0.0160285
11759	11760	wire	0.0160285
11760	11761	wire	0.0160285
11761	11762	wire	0.0160285
11762	11763	wire	0.0160285
11763	11764	wire	0.0160285
11764	11765	wire	0.0160285
11765	11766	wire	0.0160285
11766	11767	wire	0.0160285
11767	11768	wire	0.0160285
11768	11769	wire	0.0160285
11769	11770	wire	0.0160285
11770	11771	wire	0.0160285
11771	11772	wire	0.0160285
11772	11773	wire	0.0160285
11773	11774	wire	0.0160285
11774	11775	wire	0.0160285
11775	11776	wire	0.0160285
11776	11777	wire	0.0160285
11777	11778	wire	0.0160285
11778	11779	wire	0.0160285
11779	11780	wire	0.0160285
11780	11781	wire	0.0160285
11781	11782	wire	0.0160285
11782	11783	wire	0.0160285
11783	11784	wire	0.0160285
11784	11785	wire	0.0160285
11785	11786	wire	0.0160285
11786	11787	wire	0.0160285
11787	11788	wire	0.0160285
11788	11789	wire	0.0160285
11789	11790	wire	0.0160285
11790	11791	wire	0.0160285
11791	11792	wire	0.0160285
11792	11793	wire	0.0160285
11793	11794	wire	0.0160285
11794	11795	wire	0.0160285
11795	11796	wire	0.0160285
11796	11797	wire	0.0160285
11797	11798	wire	0.0160285
11798	11799	wire	0.0160285
11799	11800	wire	0.0160285
11800	11801	wire	0.0160285
11801	11802	wire	0.0160285
11802	11803	wire	0.0160285
11803	11804	wire	0.0160285
11804	11805	wire	0.0160285
11805	11806	wire	0.0160285
11806	11807	wire	0.0160285
11807	11808	wire	0.0160285
11808	11809	wire	0.0160285
11809	11810	wire	0.0160285
11810	11811	wire	0.0160285
11811	11812	wire	0.0160285
11812	11813	wire	0.0160285
11813	11814	wire	0.0160285
11814	11815	wire	0.0160285
11815	11816	wire	0.0160285
11816	11817	wire	0.0160285
11817	11818	wire	0.0160285
11818	11819	wire	0.0160285
11819	11820	wire	0.0160285
11820	11821	wire	0.0160285
11821	11822	wire	0.0160285
11822	11823	wire	0.0160285
11823	11824	wire	0.0160285
11824	11825	wire	0.0160285
11825	11826	wire	0.0160285
11826	11827	wire	0.0160285
11827	11828	wire	0.0160285
11828	11829	wire	0.0160285
11829	11830	wire	0.0160285
11830	11831	wire	0.0160285
11831	11832	wire	0.0160285
11832	11833	wire	0.0160285
11833	11834	wire	0.0160285
11834	11835	wire	0.0160285
11835	11836	wire	0.0160285
11836	11837	wire	0.0160285
11837	11838	wire	0.0160285
11838	11839	wire	0.0160285
11839	11840	wire	0.0160285
11840	11841	wire	0.0160285
11841	11842	wire	0.0160285
11842	11843	wire	0.0160285
11843	11844	wire	0.0160285
11845	11846	wire	0.0160285
11846	11847	wire	0.0160285
11847	11848	wire	0.0160285
11848	11849	wire	0.0160285
11849	11850	wire	0.0160285
11850	11851	wire	0.0160285
11851	11852	wire	0.0160285
11852	11853	wire	0.0160285
11853	11854	wire	0.0160285
11854	11855	wire	0.0160285
11855	11856	wire	0.0160285
11856	11857	wire	0.0160285
11857	11858	wire	0.0160285
11858	11859	wire	0.0160285
11859	11860	wire	0.0160285
11860	11861	wire	0.0160285
11861	11862	wire	0.0160285
11862	11863	wire	0.0160285
11863	11864	wire	0.0160285
11864	11865	wire	0.0160285
11865	11866	wire	0.0160285
11866	11867	wire	0.0160285
11867	11868	wire	0.0160285
11868	11869	wire	0.0160285
11869	11870	wire	0.0160285
11870	11871	wire	0.0160285
11871	11872	wire	0.0160285
11872	11873	wire	0.0160285
11873	11874	wire	0.0160285
11874	11875	wire	0.0160285
11875	11876	wire	0.0160285
11876	11877	wire	0.0160285
11877	11878	wire	0.0160285
11878	11879	wire	0.0160285
11879	11880	wire	0.0160285
11880	11881	wire	0.0160285
11881	11882	wire	0.0160285
11882	11883	wire	0.0160285
11883	11884	wire	0.0160285
11884	11885	wire	0.0160285
11885	11886	wire	0.0160285
11886	11887	wire	0.0160285
11887	11888	wire	0.0160285
11888	11889	wire	0.0160285
11889	11890	wire	0.0160285
11890	11891	wire	0.0160285
11891	11892	wire	0.0160285
11892	11893	wire	0.0160285
11893	11894	wire	0.0160285
11894	11895	wire	0.0160285
11895	11896	wire	0.0160285
11896	11897	wire	0.0160285
11897	11898	wire	0.0160285
11898	11899	wire	0.0160285
11899	11900	wire	0.0160285
11900	11901	wire	0.0160285
11901	11902	wire	0.0160285
11902	11903	wire	0.0160285
11903	11904	wire	0.0160285
11904	11905	wire	0.0160285
11905	11906	wire	0.0160285
11906	11907	wire	0.0160285
11907	11908	wire	0.0160285
11908	11909	wire	0.0160285
11909	11910	wire	0.0160285
11910	11911	wire	0.0160285
11911	11912	wire	0.0160285
11912	11913	wire	0.0160285
11913	11914	wire	0.0160285
11914	11915	wire	0.0160285
11915	11916	wire	0.0160285
11916	11917	wire	0.0160285
11917	11918	wire	0.0160285
11918	11919	wire	0.0160285
11919	11920	wire	0.0160285
11920	11921	wire	0.0160285
11921	11922	wire	0.0160285
11922	11923	wire	0.0160285
11923	11924	wire	0.0160285
11924	11925	wire	0.0160285
11925	11926	wire	0.0160285
11926	11927	wire	0.0160285
11927	11928	wire	0.0160285
11928	11929	wire	0.0160285
11929	11930	wire	0.0160285
11930	11931	wire	0.0160285
11931	11932	wire	0.0160285
11932	11933	wire	0.0160285
11933	11934	wire	0.0160285
11934	11935	wire	0.0160285
11935	11936	wire	0.0160285
11936	11937	wire	0.0160285
11937	11938	wire	0.0160285
11938	11939	wire	0.0160285
11939	11940	wire	0.0160285
11940	11941	wire	0.0160285
11941	11942	wire	0.0160285
11942	11943	wire	0.0160285
11943	11944	wire	0.0160285
11944	11945	wire	0.0160285
11945	11946	wire	0.0160285
11946	11947	wire	0.0160285
11947	11948	wire	0.0160285
11948	11949	wire	0.0160285
11949	11950	wire	0.0160285
11950	11951	wire	0.0160285
11951	11952	wire	0.0160285
11952	11953	wire	0.0160285
11954	11955	wire	0.0160285
11955	11956	wire	0.0160285
11956	11957	wire	0.0160285
11957	11958	wire	0.0160285
11958	11959	wire	0.0160285
11959	11960	wire	0.0160285
11960	11961	wire	0.0160285
11961	11962	wire	0.0160285
11962	11963	wire	0.0160285
11963	11964	wire	0.0160285
11964	11965	wire	0.0160285
11965	11966	wire	0.0160285
11966	11967	wire	0.0160285
11967	11968	wire	0.0160285
11968	11969	wire	0.0160285
11969	11970	wire	0.0160285
11970	11971	wire	0.0160285
11971	11972	wire	0.0160285
11972	11973	wire	0.0160285
11973	11974	wire	0.0160285
11974	11975	wire	0.0160285
11975	11976	wire	0.0160285
11976	11977	wire	0.0160285
11977	11978	wire	0.0160285
11978	11979	wire	0.0160285
11979	11980	wire	0.0160285
11980	11981	wire	0.0160285
11981	11982	wire	0.0160285
11982	11983	wire	0.0160285
11983	11984	wire	0.0160285
11984	11985	wire	0.0160285
11985	11986	wire	0.0160285
11986	11987	wire	0.0160285
11987	11988	wire	0.0160285
11988	11989	wire	0.0160285
11989	11990	wire	0.0160285
11990	11991	wire	0.0160285
11991	11992	wire	0.0160285
11992	11993	wire	0.0160285
11993	11994	wire	0.0160285
11994	11995	wire	0.0160285
11995	11996	wire	0.0160285
11996	11997	wire	0.0160285
11997	11998	wire	0.0160285
11998	11999	wire	0.0160285
11999	12000	wire	0.0160285
12000	12001	wire	0.0160285
12001	12002	wire	0.0160285
12002	12003	wire	0.0160285
12003	12004	wire	0.0160285
12004	12005	wire	0.0160285
12005	12006	wire	0.0160285
12006	12007	wire	0.0160285
12007	12008	wire	0.0160285
12008	12009	wire	0.0160285
12009	12010	wire	0.0160285
12010	12011	wire	0.0160285
12011	12012	wire	0.0160285
12012	12013	wire	0.0160285
12013	12014	wire	0.0160285
12014	12015	wire	0.0160285
12015	12016	wire	0.0160285
12016	12017	wire	0.0160285
12017	12018	wire	0.0160285
12018	12019	wire	0.0160285
12019	12020	wire	0.0160285
12020	12021	wire	0.0160285
12021	12022	wire	0.0160285
12022	12023	wire	0.0160285
12023	12024	wire	0.0160285
12024	12025	wire	0.0160285
12025	12026	wire	0.0160285
12026	12027	wire	0.0160285
12027	12028	wire	0.0160285
12028	12029	wire	0.0160285
12029	12030	wire	0.0160285
12030	12031	wire	0.0160285
12031	12032	wire	0.0160285
12032	12033	wire	0.0160285
12033	12034	wire	0.0160285
12034	12035	wire	0.0160285
12035	12036	wire	0.0160285
12036	12037	wire	0.0160285
12037	12038	wire	0.0160285
12038	12039	wire	0.0160285
12039	12040	wire	0.0160285
12040	12041	wire	0.0160285
12041	12042	wire	0.0160285
12042	12043	wire	0.0160285
12043	12044	wire	0.0160285
12044	12045	wire	0.0160285
12045	12046	wire	0.0160285
12046	12047	wire	0.0160285
12047	12048	wire	0.0160285
12048	12049	wire	0.0160285
12049	12050	wire	0.0160285
12050	12051	wire	0.0160285
12051	12052	wire	0.0160285
12052	12053	wire	0.0160285
12053	12054	wire	0.0160285
12054	12055	wire	0.0160285
12055	12056	wire	0.0160285
12056	12057	wire	0.0160285
12057	12058	wire	0.0160285
12058	12059	wire	0.0160285
12059	12060	wire	0.0160285
12060	12061	wire	0.0160285
12061	12062	wire	0.0160285
12063	12064	wire	0.0160285
12064	12065	wire	0.0160285
12065	12066	wire	0.0160285
12066	12067	wire	0.0160285
12067	12068	wire	0.0160285
12068	12069	wire	0.0160285
12069	12070	wire	0.0160285
12070	12071	wire	0.0160285
12071	12072	wire	0.0160285
12072	12073	wire	0.0160285
12073	12074	wire	0.0160285
12074	12075	wire	0.0160285
12075	12076	wire	0.0160285
12076	12077	wire	0.0160285
12077	12078	wire	0.0160285
12078	12079	wire	0.0160285
12079	12080	wire	0.0160285
12080	12081	wire	0.0160285
12081	12082	wire	0.0160285
12082	12083	wire	0.0160285
12083	12084	wire	0.0160285
12084	12085	wire	0.0160285
12085	12086	wire	0.0160285
12086	12087	wire	0.0160285
12087	12088	wire	0.0160285
12088	12089	wire	0.0160285
12089	12090	wire	0.0160285
12090	12091	wire	0.0160285
12091	12092	wire	0.0160285
12092	12093	wire	0.0160285
12093	12094	wire	0.0160285
12094	12095	wire	0.0160285
12095	12096	wire	0.0160285
12096	12097	wire	0.0160285
12097	12098	wire	0.0160285
12098	12099	wire	0.0160285
12099	12100	wire	0.0160285
12100	12101	wire	0.0160285
12101	12102	wire	0.0160285
12102	12103	wire	0.0160285
12103	12104	wire	0.0160285
12104	12105	wire	0.0160285
12105	12106	wire	0.0160285
12106	12107	wire	0.0160285
12107	12108	wire	0.0160285
12108	12109	wire	0.0160285
12109	12110	wire	0.0160285
12110	12111	wire	0.0160285
12111	12112	wire	0.0160285
12112	12113	wire	0.0160285
12113	12114	wire	0.0160285
12114	12115	wire	0.0160285
12115	12116	wire	0.0160285
12116	12117	wire	0.0160285
12117	12118	wire	0.0160285
12118	12119	wire	0.0160285
12119	12120	wire	0.0160285
12120	12121	wire	0.0160285
12121	12122	wire	0.0160285
12122	12123	wire	0.0160285
12123	12124	wire	0.0160285
12124	12125	wire	0.0160285
12125	12126	wire	0.0160285
12126	12127	wire	0.0160285
12127	12128	wire	0.0160285
12128	12129	wire	0.0160285
12129	12130	wire	0.0160285
12130	12131	wire	0.0160285
12131	12132	wire	0.0160285
12132	12133	wire	0.0160285
12133	12134	wire	0.0160285
12134	12135	wire	0.0160285
12135	12136	wire	0.0160285
12136	12137	wire	0.0160285
12137	12138	wire	0.0160285
12138	12139	wire	0.0160285
12139	12140	wire	0.0160285
12140	12141	wire	0.0160285
12141	12142	wire	0.0160285
12142	12143	wire	0.0160285
12143	12144	wire	0.0160285
12144	12145	wire	0.0160285
12145	12146	wire	0.0160285
12146	12147	wire	0.0160285
12147	12148	wire	0.0160285
12148	12149	wire	0.0160285
12149	12150	wire	0.0160285
12150	12151	wire	0.0160285
12151	12152	wire	0.0160285
12152	12153	wire	0.0160285
12153	12154	wire	0.0160285
12154	12155	wire	0.0160285
12155	12156	wire	0.0160285
12156	12157	wire	0.0160285
12157	12158	wire	0.0160285
12158	12159	wire	0.0160285
12159	12160	wire	0.0160285
12160	12161	wire	0.0160285
12161	12162	wire	0.0160285
12162	12163	wire	0.0160285
12163	12164	wire	0.0160285
12164	12165	wire	0.0160285
12165	12166	wire	0.0160285
12166	12167	wire	0.0160285
12167	12168	wire	0.0160285
12168	12169	wire	0.0160285
12169	12170	wire	0.0160285
12170	12171	wire	0.0160285
12172	12281	wire	0.0161575
12173	12282	wire	0.0161575
12174	12283	wire	0.0161575
12175	12284	wire	0.0161575
12176	12285	wire	0.0161575
12177	12286	wire	0.0161575
12178	12287	wire	0.0161575
12179	12288	wire	0.0161575
12180	12289	wire	0.0161575
12181	12290	wire	0.0161575
12182	12291	wire	0.0161575
12183	12292	wire	0.0161575
12184	12293	wire	0.0161575
12185	12294	wire	0.0161575
12186	12295	wire	0.0161575
12187	12296	wire	0.0161575
12188	12297	wire	0.0161575
12189	12298	wire	0.0161575
12190	12299	wire	0.0161575
12191	12300	wire	0.0161575
12192	12301	wire	0.0161575
12193	12302	wire	0.0161575
12194	12303	wire	0.0161575
12195	12304	wire	0.0161575
12196	12305	wire	0.0161575
12197	12306	wire	0.0161575
12198	12307	wire	0.0161575
12199	12308	wire	0.0161575
12200	12309	wire	0.0161575
12201	12310	wire	0.0161575
12202	12311	wire	0.0161575
12203	12312	wire	0.0161575
12204	12313	wire	0.0161575
12205	12314	wire	0.0161575
12206	12315	wire	0.0161575
12207	12316	wire	0.0161575
12208	12317	wire	0.0161575
12209	12318	wire	0.0161575
12210	12319	wire	0.0161575
12211	12320	wire	0.0161575
12212	12321	wire	0.0161575
12213	12322	wire	0.0161575
12214	12323	wire	0.0161575
12215	12324	wire	0.0161575
12216	12325	wire	0.0161575
12217	12326	wire	0.0161575
12218	12327	wire	0.0161575
12219	12328	wire	0.0161575
12220	12329	wire	0.0161575
12221	12330	wire	0.0161575
12222	12331	wire	0.0161575
12223	12332	wire	0.0161575
12224	12333	wire	0.0161575
12225	12334	wire	0.0161575
12226	12335	wire	0.0161575
12227	12336	wire	0.0161575
12228	12337	wire	0.0161575
12229	12338	wire	0.0161575
12230	12339	wire	0.0161575
12231	12340	wire	0.0161575
12232	12341	wire	0.0161575
12233	12342	wire	0.0161575
12234	12343	wire	0.0161575
12235	12344	wire	0.0161575
12236	12345	wire	0.0161575
12237	12346	wire	0.0161575
12238	12347	wire	0.0161575
12239	12348	wire	0.0161575
12240	12349	wire	0.0161575
12241	12350	wire	0.0161575
12242	12351	wire	0.0161575
12243	12352	wire	0.0161575
12244	12353	wire	0.0161575
12245	12354	wire	0.0161575
12246	12355	wire	0.0161575
12247	12356	wire	0.0161575
12248	12357	wire	0.0161575
12249	12358	wire	0.0161575
12250	12359	wire	0.0161575
12251	12360	wire	0.0161575
12252	12361	wire	0.0161575
12253	12362	wire	0.0161575
12254	12363	wire	0.0161575
12255	12364	wire	0.0161575
12256	12365	wire	0.0161575
12257	12366	wire	0.0161575
12258	12367	wire	0.0161575
12259	12368	wire	0.0161575
12260	12369	wire	0.0161575
12261	12370	wire	0.0161575
12262	12371	wire	0.0161575
12263	12372	wire	0.0161575
12264	12373	wire	0.0161575
12265	12374	wire	0.0161575
12266	12375	wire	0.0161575
12267	12376	wire	0.0161575
12268	12377	wire	0.0161575
12269	12378	wire	0.0161575
12270	12379	wire	0.0161575
12271	12380	wire	0.0161575
12272	12381	wire	0.0161575
12273	12382	wire	0.0161575
12274	12383	wire	0.0161575
12275	12384	wire	0.0161575
12276	12385	wire	0.0161575
12277	12386	wire	0.0161575
12278	12387	wire	0.0161575
12279	12388	wire	0.0161575
12280	12389	wire	0.0161575
12281	12390	wire	0.0161575
12282	12391	wire	0.0161575
12283	12392	wire	0.0161575
12284	12393	wire	0.0161575
12285	12394	wire	0.0161575
12286	12395	wire	0.0161575
12287	12396	wire	0.0161575
12288	12397	wire	0.0161575
12289	12398	wire	0.0161575
12290	12399	wire	0.0161575
12291	12400	wire	0.0161575
12292	12401	wire	0.0161575
12293	12402	wire	0.0161575
12294	12403	wire	0.0161575
12295	12404	wire	0.0161575
12296	12405	wire	0.0161575
12297	12406	wire	0.0161575
12298	12407	wire	0.0161575
12299	12408	wire	0.0161575
12300	12409	wire	0.0161575
12301	12410	wire	0.0161575
12302	12411	wire	0.0161575
12303	12412	wire	0.0161575
12304	12413	wire	0.0161575
12305	12414	wire	0.0161575
12306	12415	wire	0.0161575
12307	12416	wire	0.0161575
12308	12417	wire	0.0161575
12309	12418	wire	0.0161575
12310	12419	wire	0.0161575
12311	12420	wire	0.0161575
12312	12421	wire	0.0161575
12313	12422	wire	0.0161575
12314	12423	wire	0.0161575
12315	12424	wire	0.0161575
12316	12425	wire	0.0161575
12317	12426	wire	0.0161575
12318	12427	wire	0.0161575
12319	12428	wire	0.0161575
12320	12429	wire	0.0161575
12321	12430	wire	0.0161575
12322	12431	wire	0.0161575
12323	12432	wire	0.0161575
12324	12433	wire	0.0161575
12325	12434	wire	0.0161575
12326	12435	wire	0.0161575
12327	12436	wire	0.0161575
12328	12437	wire	0.0161575
12329	12438	wire	0.0161575
12330	12439	wire	0.0161575
12331	12440	wire	0.0161575
12332	12441	wire	0.0161575
12333	12442	wire	0.0161575
12334	12443	wire	0.0161575
12335	12444	wire	0.0161575
12336	12445	wire	0.0161575
12337	12446	wire	0.0161575
12338	12447	wire	0.0161575
12339	12448	wire	0.0161575
12340	12449	wire	0.0161575
12341	12450	wire	0.0161575
12342	12451	wire	0.0161575
12343	12452	wire	0.0161575
12344	12453	wire	0.0161575
12345	12454	wire	0.0161575
12346	12455	wire	0.0161575
12347	12456	wire	0.0161575
12348	12457	wire	0.0161575
12349	12458	wire	0.0161575
12350	12459	wire	0.0161575
12351	12460	wire	0.0161575
12352	12461	wire	0.0161575
12353	12462	wire	0.0161575
12354	12463	wire	0.0161575
12355	12464	wire	0.0161575
12356	12465	wire	0.0161575
12357	12466	wire	0.0161575
12358	12467	wire	0.0161575
12359	12468	wire	0.0161575
12360	12469	wire	0.0161575
12361	12470	wire	0.0161575
12362	12471	wire	0.0161575
12363	12472	wire	0.0161575
12364	12473	wire	0.0161575
12365	12474	wire	0.0161575
12366	12475	wire	0.0161575
12367	12476	wire	0.0161575
12368	12477	wire	0.0161575
12369	12478	wire	0.0161575
12370	12479	wire	0.0161575
12371	12480	wire	0.0161575
12372	12481	wire	0.0161575
12373	12482	wire	0.0161575
12374	12483	wire	0.0161575
12375	12484	wire	0.0161575
12376	12485	wire	0.0161575
12377	12486	wire	0.0161575
12378	12487	wire	0.0161575
12379	12488	wire	0.0161575
12380	12489	wire	0.0161575
12381	12490	wire	0.0161575
12382	12491	wire	0.0161575
12383	12492	wire	0.0161575
12384	12493	wire	0.0161575
12385	12494	wire	0.0161575
12386	12495	wire	0.0161575
12387	12496	wire	0.0161575
12388	12497	wire	0.0161575
12389	12498	wire	0.0161575
12390	12499	wire	0.0161575
12391	12500	wire	0.0161575
12392	12501	wire	0.0161575
12393	12502	wire	0.0161575
12394	12503	wire	0.0161575
12395	12504	wire	0.0161575
12396	12505	wire	0.0161575
12397	12506	wire	0.0161575
12398	12507	wire	0.0161575
12399	12508	wire	0.0161575
12400	12509	wire	0.0161575
12401	12510	wire	0.0161575
12402	12511	wire	0.0161575
12403	12512	wire	0.0161575
12404	12513	wire	0.0161575
12405	12514	wire	0.0161575
12406	12515	wire	0.0161575
12407	12516	wire	0.0161575
12408	12517	wire	0.0161575
12409	12518	wire	0.0161575
12410	12519	wire	0.0161575
12411	12520	wire	0.0161575
12412	12521	wire	0.0161575
12413	12522	wire	0.0161575
12414	12523	wire	0.0161575
12415	12524	wire	0.0161575
12416	12525	wire	0.0161575
12417	12526	wire	0.0161575
12418	12527	wire	0.0161575
12419	12528	wire	0.0161575
12420	12529	wire	0.0161575
12421	12530	wire	0.0161575
12422	12531	wire	0.0161575
12423	12532	wire	0.0161575
12424	12533	wire	0.0161575
12425	12534	wire	0.0161575
12426	12535	wire	0.0161575
12427	12536	wire	0.0161575
12428	12537	wire	0.0161575
12429	12538	wire	0.0161575
12430	12539	wire	0.0161575
12431	12540	wire	0.0161575
12432	12541	wire	0.0161575
12433	12542	wire	0.0161575
12434	12543	wire	0.0161575
12435	12544	wire	0.0161575
12436	12545	wire	0.0161575
12437	12546	wire	0.0161575
12438	12547	wire	0.0161575
12439	12548	wire	0.0161575
12440	12549	wire	0.0161575
12441	12550	wire	0.0161575
12442	12551	wire	0.0161575
12443	12552	wire	0.0161575
12444	12553	wire	0.0161575
12445	12554	wire	0.0161575
12446	12555	wire	0.0161575
12447	12556	wire	0.0161575
12448	12557	wire	0.0161575
12449	12558	wire	0.0161575
12450	12559	wire	0.0161575
12451	12560	wire	0.0161575
12452	12561	wire	0.0161575
12453	12562	wire	0.0161575
12454	12563	wire	0.0161575
12455	12564	wire	0.0161575
12456	12565	wire	0.0161575
12457	12566	wire	0.0161575
12458	12567	wire	0.0161575
12459	12568	wire	0.0161575
12460	12569	wire	0.0161575
12461	12570	wire	0.0161575
12462	12571	wire	0.0161575
12463	12572	wire	0.0161575
12464	12573	wire	0.0161575
12465	12574	wire	0.0161575
12466	12575	wire	0.0161575
12467	12576	wire	0.0161575
12468	12577	wire	0.0161575
12469	12578	wire	0.0161575
12470	12579	wire	0.0161575
12471	12580	wire	0.0161575
12472	12581	wire	0.0161575
12473	12582	wire	0.0161575
12474	12583	wire	0.0161575
12475	12584	wire	0.0161575
12476	12585	wire	0.0161575
12477	12586	wire	0.0161575
12478	12587	wire	0.0161575
12479	12588	wire	0.0161575
12480	12589	wire	0.0161575
12481	12590	wire	0.0161575
12482	12591	wire	0.0161575
12483	12592	wire	0.0161575
12484	12593	wire	0.0161575
12485	12594	wire	0.0161575
12486	12595	wire	0.0161575
12487	12596	wire	0.0161575
12488	12597	wire	0.0161575
12489	12598	wire	0.0161575
12490	12599	wire	0.0161575
12491	12600	wire	0.0161575
12492	12601	wire	0.0161575
12493	12602	wire	0.0161575
12494	12603	wire	0.0161575
12495	12604	wire	0.0161575
12496	12605	wire	0.0161575
12497	12606	wire	0.0161575
12498	12607	wire	0.0161575
12499	12608	wire	0.0161575
12500	12609	wire	0.0161575
12501	12610	wire	0.0161575
12502	12611	wire	0.0161575
12503	12612	wire	0.0161575
12504	12613	wire	0.0161575
12505	12614	wire	0.0161575
12506	12615	wire	0.0161575
12507	12616	wire	0.0161575
12508	12617	wire	0.0161575
12509	12618	wire	0.0161575
12510	12619	wire	0.0161575
12511	12620	wire	0.0161575
12512	12621	wire	0.0161575
12513	12622	wire	0.0161575
12514	12623	wire	0.0161575
12515	12624	wire	0.0161575
12516	12625	wire	0.0161575
12517	12626	wire	0.0161575
12518	12627	wire	0.0161575
12519	12628	wire	0.0161575
12520	12629	wire	0.0161575
12521	12630	wire	0.0161575
12522	12631	wire	0.0161575
12523	12632	wire	0.0161575
12524	12633	wire	0.0161575
12525	12634	wire	0.0161575
12526	12635	wire	0.0161575
12527	12636	wire	0.0161575
12528	12637	wire	0.0161575
12529	12638	wire	0.0161575
12530	12639	wire	0.0161575
12531	12640	wire	0.0161575
12532	12641	wire	0.0161575
12533	12642	wire	0.0161575
12534	12643	wire	0.0161575
12535	12644	wire	0.0161575
12536	12645	wire	0.0161575
12537	12646	wire	0.0161575
12538	12647	wire	0.0161575
12539	12648	wire	0.0161575
12540	12649	wire	0.0161575
12541	12650	wire	0.0161575
12542	12651	wire	0.0161575
12543	12652	wire	0.0161575
12544	12653	wire	0.0161575
12545	12654	wire	0.0161575
12546	12655	wire	0.0161575
12547	12656	wire	0.0161575
12548	12657	wire	0.0161575
12549	12658	wire	0.0161575
12550	12659	wire	0.0161575
12551	12660	wire	0.0161575
12552	12661	wire	0.0161575
12553	12662	wire	0.0161575
12554	12663	wire	0.0161575
12555	12664	wire	0.0161575
12556	12665	wire	0.0161575
12557	12666	wire	0.0161575
12558	12667	wire	0.0161575
12559	12668	wire	0.0161575
12560	12669	wire	0.0161575
12561	12670	wire	0.0161575
12562	12671	wire	0.0161575
12563	12672	wire	0.0161575
12564	12673	wire	0.0161575
12565	12674	wire	0.0161575
12566	12675	wire	0.0161575
12567	12676	wire	0.0161575
12568	12677	wire	0.0161575
12569	12678	wire	0.0161575
12570	12679	wire	0.0161575
12571	12680	wire	0.0161575
12572	12681	wire	0.0161575
12573	12682	wire	0.0161575
12574	12683	wire	0.0161575
12575	12684	wire	0.0161575
12576	12685	wire	0.0161575
12577	12686	wire	0.0161575
12578	12687	wire	0.0161575
12579	12688	wire	0.0161575
12580	12689	wire	0.0161575
12581	12690	wire	0.0161575
12582	12691	wire	0.0161575
12583	12692	wire	0.0161575
12584	12693	wire	0.0161575
12585	12694	wire	0.0161575
12586	12695	wire	0.0161575
12587	12696	wire	0.0161575
12588	12697	wire	0.0161575
12589	12698	wire	0.0161575
12590	12699	wire	0.0161575
12591	12700	wire	0.0161575
12592	12701	wire	0.0161575
12593	12702	wire	0.0161575
12594	12703	wire	0.0161575
12595	12704	wire	0.0161575
12596	12705	wire	0.0161575
12597	12706	wire	0.0161575
12598	12707	wire	0.0161575
12599	12708	wire	0.0161575
12600	12709	wire	0.0161575
12601	12710	wire	0.0161575
12602	12711	wire	0.0161575
12603	12712	wire	0.0161575
12604	12713	wire	0.0161575
12605	12714	wire	0.0161575
12606	12715	wire	0.0161575
12607	12716	wire	0.0161575
12608	12717	wire	0.0161575
12609	12718	wire	0.0161575
12610	12719	wire	0.0161575
12611	12720	wire	0.0161575
12612	12721	wire	0.0161575
12613	12722	wire	0.0161575
12614	12723	wire	0.0161575
12615	12724	wire	0.0161575
12616	12725	wire	0.0161575
12617	12726	wire	0.0161575
12618	12727	wire	0.0161575
12619	12728	wire	0.0161575
12620	12729	wire	0.0161575
12621	12730	wire	0.0161575
12622	12731	wire	0.0161575
12623	12732	wire	0.0161575
12624	12733	wire	0.0161575
12625	12734	wire	0.0161575
12626	12735	wire	0.0161575
12627	12736	wire	0.0161575
12628	12737	wire	0.0161575
12629	12738	wire	0.0161575
12630	12739	wire	0.0161575
12631	12740	wire	0.0161575
12632	12741	wire	0.0161575
12633	12742	wire	0.0161575
12634	12743	wire	0.0161575
12635	12744	wire	0.0161575
12636	12745	wire	0.0161575
12637	12746	wire	0.0161575
12638	12747	wire	0.0161575
12639	12748	wire	0.0161575
12640	12749	wire	0.0161575
12641	12750	wire	0.0161575
12642	12751	wire	0.0161575
12643	12752	wire	0.0161575
12644	12753	wire	0.0161575
12645	12754	wire	0.0161575
12646	12755	wire	0.0161575
12647	12756	wire	0.0161575
12648	12757	wire	0.0161575
12649	12758	wire	0.0161575
12650	12759	wire	0.0161575
12651	12760	wire	0.0161575
12652	12761	wire	0.0161575
12653	12762	wire	0.0161575
12654	12763	wire	0.0161575
12655	12764	wire	0.0161575
12656	12765	wire	0.0161575
12657	12766	wire	0.0161575
12658	12767	wire	0.0161575
12659	12768	wire	0.0161575
12660	12769	wire	0.0161575
12661	12770	wire	0.0161575
12662	12771	wire	0.0161575
12663	12772	wire	0.0161575
12664	12773	wire	0.0161575
12665	12774	wire	0.0161575
12666	12775	wire	0.0161575
12667	12776	wire	0.0161575
12668	12777	wire	0.0161575
12669	12778	wire	0.0161575
12670	12779	wire	0.0161575
12671	12780	wire	0.0161575
12672	12781	wire	0.0161575
12673	12782	wire	0.0161575
12674	12783	wire	0.0161575
12675	12784	wire	0.0161575
12676	12785	wire	0.0161575
12677	12786	wire	0.0161575
12678	12787	wire	0.0161575
12679	12788	wire	0.0161575
12680	12789	wire	0.0161575
12681	12790	wire	0.0161575
12682	12791	wire	0.0161575
12683	12792	wire	0.0161575
12684	12793	wire	0.0161575
12685	12794	wire	0.0161575
12686	12795	wire	0.0161575
12687	12796	wire	0.0161575
12688	12797	wire	0.0161575
12689	12798	wire	0.0161575
12690	12799	wire	0.0161575
12691	12800	wire	0.0161575
12692	12801	wire	0.0161575
12693	12802	wire	0.0161575
12694	12803	wire	0.0161575
12695	12804	wire	0.0161575
12696	12805	wire	0.0161575
12697	12806	wire	0.0161575
12698	12807	wire	0.0161575
12699	12808	wire	0.0161575
12700	12809	wire	0.0161575
12701	12810	wire	0.0161575
12702	12811	wire	0.0161575
12703	12812	wire	0.0161575
12704	12813	wire	0.0161575
12705	12814	wire	0.0161575
12706	12815	wire	0.0161575
12707	12816	wire	0.0161575
12708	12817	wire	0.0161575
12709	12818	wire	0.0161575
12710	12819	wire	0.0161575
12711	12820	wire	0.0161575
12712	12821	wire	0.0161575
12713	12822	wire	0.0161575
12714	12823	wire	0.0161575
12715	12824	wire	0.0161575
12716	12825	wire	0.0161575
12717	12826	wire	0.0161575
12718	12827	wire	0.0161575
12719	12828	wire	0.0161575
12720	12829	wire	0.0161575
12721	12830	wire	0.0161575
12722	12831	wire	0.0161575
12723	12832	wire	0.0161575
12724	12833	wire	0.0161575
12725	12834	wire	0.0161575
12726	12835	wire	0.0161575
12727	12836	wire	0.0161575
12728	12837	wire	0.0161575
12729	12838	wire	0.0161575
12730	12839	wire	0.0161575
12731	12840	wire	0.0161575
12732	12841	wire	0.0161575
12733	12842	wire	0.0161575
12734	12843	wire	0.0161575
12735	12844	wire	0.0161575
12736	12845	wire	0.0161575
12737	12846	wire	0.0161575
12738	12847	wire	0.0161575
12739	12848	wire	0.0161575
12740	12849	wire	0.0161575
12741	12850	wire	0.0161575
12742	12851	wire	0.0161575
12743	12852	wire	0.0161575
12744	12853	wire	0.0161575
12745	12854	wire	0.0161575
12746	12855	wire	0.0161575
12747	12856	wire	0.0161575
12748	12857	wire	0.0161575
12749	12858	wire	0.0161575
12750	12859	wire	0.0161575
12751	12860	wire	0.0161575
12752	12861	wire	0.0161575
12753	12862	wire	0.0161575
12754	12863	wire	0.0161575
12755	12864	wire	0.0161575
12756	12865	wire	0.0161575
12757	12866	wire	0.0161575
12758	12867	wire	0.0161575
12759	12868	wire	0.0161575
12760	12869	wire	0.0161575
12761	12870	wire	0.0161575
12762	12871	wire	0.0161575
12763	12872	wire	0.0161575
12764	12873	wire	0.0161575
12765	12874	wire	0.0161575
12766	12875	wire	0.0161575
12767	12876	wire	0.0161575
12768	12877	wire	0.0161575
12769	12878	wire	0.0161575
12770	12879	wire	0.0161575
12771	12880	wire	0.0161575
12772	12881	wire	0.0161575
12773	12882	wire	0.0161575
12774	12883	wire	0.0161575
12775	12884	wire	0.0161575
12776	12885	wire	0.0161575
12777	12886	wire	0.0161575
12778	12887	wire	0.0161575
12779	12888	wire	0.0161575
12780	12889	wire	0.0161575
12781	12890	wire	0.0161575
12782	12891	wire	0.0161575
12783	12892	wire	0.0161575
12784	12893	wire	0.0161575
12785	12894	wire	0.0161575
12786	12895	wire	0.0161575
12787	12896	wire	0.0161575
12788	12897	wire	0.0161575
12789	12898	wire	0.0161575
12790	12899	wire	0.0161575
12791	12900	wire	0.0161575
12792	12901	wire	0.0161575
12793	12902	wire	0.0161575
12794	12903	wire	0.0161575
12795	12904	wire	0.0161575
12796	12905	wire	0.0161575
12797	12906	wire	0.0161575
12798	12907	wire	0.0161575
12799	12908	wire	0.0161575
12800	12909	wire	0.0161575
12801	12910	wire	0.0161575
12802	12911	wire	0.0161575
12803	12912	wire	0.0161575
12804	12913	wire	0.0161575
12805	12914	wire	0.0161575
12806	12915	wire	0.0161575
12807	12916	wire	0.0161575
12808	12917	wire	0.0161575
12809	12918	wire	0.0161575
12810	12919	wire	0.0161575
12811	12920	wire	0.0161575
12812	12921	wire	0.0161575
12813	12922	wire	0.0161575
12814	12923	wire	0.0161575
12815	12924	wire	0.0161575
12816	12925	wire	0.0161575
12817	12926	wire	0.0161575
12818	12927	wire	0.0161575
12819	12928	wire	0.0161575
12820	12929	wire	0.0161575
12821	12930	wire	0.0161575
12822	12931	wire	0.0161575
12823	12932	wire	0.0161575
12824	12933	wire	0.0161575
12825	12934	wire	0.0161575
12826	12935	wire	0.0161575
12827	12936	wire	0.0161575
12828	12937	wire	0.0161575
12829	12938	wire	0.0161575
12830	12939	wire	0.0161575
12831	12940	wire	0.0161575
12832	12941	wire	0.0161575
12833	12942	wire	0.0161575
12834	12943	wire	0.0161575
12835	12944	wire	0.0161575
12836	12945	wire	0.0161575
12837	12946	wire	0.0161575
12838	12947	wire	0.0161575
12839	12948	wire	0.0161575
12840	12949	wire	0.0161575
12841	12950	wire	0.0161575
12842	12951	wire	0.0161575
12843	12952	wire	0.0161575
12844	12953	wire	0.0161575
12845	12954	wire	0.0161575
12846	12955	wire	0.0161575
12847	12956	wire	0.0161575
12848	12957	wire	0.0161575
12849	12958	wire	0.0161575
12850	12959	wire	0.0161575
12851	12960	wire	0.0161575
12852	12961	wire	0.0161575
12853	12962	wire	0.0161575
12854	12963	wire	0.0161575
12855	12964	wire	0.0161575
12856	12965	wire	0.0161575
12857	12966	wire	0.0161575
12858	12967	wire	0.0161575
12859	12968	wire	0.0161575
12860	12969	wire	0.0161575
12861	12970	wire	0.0161575
12862	12971	wire	0.0161575
12863	12972	wire	0.0161575
12864	12973	wire	0.0161575
12865	12974	wire	0.0161575
12866	12975	wire	0.0161575
12867	12976	wire	0.0161575
12868	12977	wire	0.0161575
12869	12978	wire	0.0161575
12870	12979	wire	0.0161575
12871	12980	wire	0.0161575
12872	12981	wire	0.0161575
12873	12982	wire	0.0161575
12874	12983	wire	0.0161575
12875	12984	wire	0.0161575
12876	12985	wire	0.0161575
12877	12986	wire	0.0161575
12878	12987	wire	0.0161575
12879	12988	wire	0.0161575
12880	12989	wire	0.0161575
12881	12990	wire	0.0161575
12882	12991	wire	0.0161575
12883	12992	wire	0.0161575
12884	12993	wire	0.0161575
12885	12994	wire	0.0161575
12886	12995	wire	0.0161575
12887	12996	wire	0.0161575
12888	12997	wire	0.0161575
12889	12998	wire	0.0161575
12890	12999	wire	0.0161575
12891	13000	wire	0.0161575
12892	13001	wire	0.0161575
12893	13002	wire	0.0161575
12894	13003	wire	0.0161575
12895	13004	wire	0.0161575
12896	13005	wire	0.0161575
12897	13006	wire	0.0161575
12898	13007	wire	0.0161575
12899	13008	wire	0.0161575
12900	13009	wire	0.0161575
12901	13010	wire	0.0161575
12902	13011	wire	0.0161575
12903	13012	wire	0.0161575
12904	13013	wire	0.0161575
12905	13014	wire	0.0161575
12906	13015	wire	0.0161575
12907	13016	wire	0.0161575
12908	13017	wire	0.0161575
12909	13018	wire	0.0161575
12910	13019	wire	0.0161575
12911	13020	wire	0.0161575
12912	13021	wire	0.0161575
12913	13022	wire	0.0161575
12914	13023	wire	0.0161575
12915	13024	wire	0.0161575
12916	13025	wire	0.0161575
12917	13026	wire	0.0161575
12918	13027	wire	0.0161575
12919	13028	wire	0.0161575
12920	13029	wire	0.0161575
12921	13030	wire	0.0161575
12922	13031	wire	0.0161575
12923	13032	wire	0.0161575
12924	13033	wire	0.0161575
12925	13034	wire	0.0161575
12926	13035	wire	0.0161575
12927	13036	wire	0.0161575
12928	13037	wire	0.0161575
12929	13038	wire	0.0161575
12930	13039	wire	0.0161575
12931	13040	wire	0.0161575
12932	13041	wire	0.0161575
12933	13042	wire	0.0161575
12934	13043	wire	0.0161575
12935	13044	wire	0.0161575
12936	13045	wire	0.0161575
12937	13046	wire	0.0161575
12938	13047	wire	0.0161575
12939	13048	wire	0.0161575
12940	13049	wire	0.0161575
12941	13050	wire	0.0161575
12942	13051	wire	0.0161575
12943	13052	wire	0.0161575
12944	13053	wire	0.0161575
12945	13054	wire	0.0161575
12946	13055	wire	0.0161575
12947	13056	wire	0.0161575
12948	13057	wire	0.0161575
12949	13058	wire	0.0161575
12950	13059	wire	0.0161575
12951	13060	wire	0.0161575
12952	13061	wire	0.0161575
12953	13062	wire	0.0161575
12954	13063	wire	0.0161575
12955	13064	wire	0.0161575
12956	13065	wire	0.0161575
12957	13066	wire	0.0161575
12958	13067	wire	0.0161575
12959	13068	wire	0.0161575
12960	13069	wire	0.0161575
12961	13070	wire	0.0161575
12962	13071	wire	0.0161575
12963	13072	wire	0.0161575
12964	13073	wire	0.0161575
12965	13074	wire	0.0161575
12966	13075	wire	0.0161575
12967	13076	wire	0.0161575
12968	13077	wire	0.0161575
12969	13078	wire	0.0161575
12970	13079	wire	0.0161575
12971	13080	wire	0.0161575
12972	13081	wire	0.0161575
12973	13082	wire	0.0161575
12974	13083	wire	0.0161575
12975	13084	wire	0.0161575
12976	13085	wire	0.0161575
12977	13086	wire	0.0161575
12978	13087	wire	0.0161575
12979	13088	wire	0.0161575
12980	13089	wire	0.0161575
12981	13090	wire	0.0161575
12982	13091	wire	0.0161575
12983	13092	wire	0.0161575
12984	13093	wire	0.0161575
12985	13094	wire	0.0161575
12986	13095	wire	0.0161575
12987	13096	wire	0.0161575
12988	13097	wire	0.0161575
12989	13098	wire	0.0161575
12990	13099	wire	0.0161575
12991	13100	wire	0.0161575
12992	13101	wire	0.0161575
12993	13102	wire	0.0161575
12994	13103	wire	0.0161575
12995	13104	wire	0.0161575
12996	13105	wire	0.0161575
12997	13106	wire	0.0161575
12998	13107	wire	0.0161575
12999	13108	wire	0.0161575
13000	13109	wire	0.0161575
13001	13110	wire	0.0161575
13002	13111	wire	0.0161575
13003	13112	wire	0.0161575
13004	13113	wire	0.0161575
13005	13114	wire	0.0161575
13006	13115	wire	0.0161575
13007	13116	wire	0.0161575
13008	13117	wire	0.0161575
13009	13118	wire	0.0161575
13010	13119	wire	0.0161575
13011	13120	wire	0.0161575
13012	13121	wire	0.0161575
13013	13122	wire	0.0161575
13014	13123	wire	0.0161575
13015	13124	wire	0.0161575
13016	13125	wire	0.0161575
13017	13126	wire	0.0161575
13018	13127	wire	0.0161575
13019	13128	wire	0.0161575
13020	13129	wire	0.0161575
13021	13130	wire	0.0161575
13022	13131	wire	0.0161575
13023	13132	wire	0.0161575
13024	13133	wire	0.0161575
13025	13134	wire	0.0161575
13026	13135	wire	0.0161575
13027	13136	wire	0.0161575
13028	13137	wire	0.0161575
13029	13138	wire	0.0161575
13030	13139	wire	0.0161575
13031	13140	wire	0.0161575
13032	13141	wire	0.0161575
13033	13142	wire	0.0161575
13034	13143	wire	0.0161575
13035	13144	wire	0.0161575
13036	13145	wire	0.0161575
13037	13146	wire	0.0161575
13038	13147	wire	0.0161575
13039	13148	wire	0.0161575
13040	13149	wire	0.0161575
13041	13150	wire	0.0161575
13042	13151	wire	0.0161575
13043	13152	wire	0.0161575
13044	13153	wire	0.0161575
13045	13154	wire	0.0161575
13046	13155	wire	0.0161575
13047	13156	wire	0.0161575
13048	13157	wire	0.0161575
13049	13158	wire	0.0161575
13050	13159	wire	0.0161575
13051	13160	wire	0.0161575
13052	13161	wire	0.0161575
13053	13162	wire	0.0161575
13054	13163	wire	0.0161575
13055	13164	wire	0.0161575
13056	13165	wire	0.0161575
13057	13166	wire	0.0161575
13058	13167	wire	0.0161575
13059	13168	wire	0.0161575
13060	13169	wire	0.0161575
13061	13170	wire	0.0161575
13062	13171	wire	0.0161575
13063	13172	wire	0.0161575
13064	13173	wire	0.0161575
13065	13174	wire	0.0161575
13066	13175	wire	0.0161575
13067	13176	wire	0.0161575
13068	13177	wire	0.0161575
13069	13178	wire	0.0161575
13070	13179	wire	0.0161575
13071	13180	wire	0.0161575
13072	13181	wire	0.0161575
13073	13182	wire	0.0161575
13074	13183	wire	0.0161575
13075	13184	wire	0.0161575
13076	13185	wire	0.0161575
13077	13186	wire	0.0161575
13078	13187	wire	0.0161575
13079	13188	wire	0.0161575
13080	13189	wire	0.0161575
13081	13190	wire	0.0161575
13082	13191	wire	0.0161575
13083	13192	wire	0.0161575
13084	13193	wire	0.0161575
13085	13194	wire	0.0161575
13086	13195	wire	0.0161575
13087	13196	wire	0.0161575
13088	13197	wire	0.0161575
13089	13198	wire	0.0161575
13090	13199	wire	0.0161575
13091	13200	wire	0.0161575
13092	13201	wire	0.0161575
13093	13202	wire	0.0161575
13094	13203	wire	0.0161575
13095	13204	wire	0.0161575
13096	13205	wire	0.0161575
13097	13206	wire	0.0161575
13098	13207	wire	0.0161575
13099	13208	wire	0.0161575
13100	13209	wire	0.0161575
13101	13210	wire	0.0161575
13102	13211	wire	0.0161575
13103	13212	wire	0.0161575
13104	13213	wire	0.0161575
13105	13214	wire	0.0161575
13106	13215	wire	0.0161575
13107	13216	wire	0.0161575
13108	13217	wire	0.0161575
13109	13218	wire	0.0161575
13110	13219	wire	0.0161575
13111	13220	wire	0.0161575
13112	13221	wire	0.0161575
13113	13222	wire	0.0161575
13114	13223	wire	0.0161575
13115	13224	wire	0.0161575
13116	13225	wire	0.0161575
13117	13226	wire	0.0161575
13118	13227	wire	0.0161575
13119	13228	wire	0.0161575
13120	13229	wire	0.0161575
13121	13230	wire	0.0161575
13122	13231	wire	0.0161575
13123	13232	wire	0.0161575
13124	13233	wire	0.0161575
13125	13234	wire	0.0161575
13126	13235	wire	0.0161575
13127	13236	wire	0.0161575
13128	13237	wire	0.0161575
13129	13238	wire	0.0161575
13130	13239	wire	0.0161575
13131	13240	wire	0.0161575
13132	13241	wire	0.0161575
13133	13242	wire	0.0161575
13134	13243	wire	0.0161575
13135	13244	wire	0.0161575
13136	13245	wire	0.0161575
13137	13246	wire	0.0161575
13138	13247	wire	0.0161575
13139	13248	wire	0.0161575
13140	13249	wire	0.0161575
13141	13250	wire	0.0161575
13142	13251	wire	0.0161575
13143	13252	wire	0.0161575
13144	13253	wire	0.0161575
13145	13254	wire	0.0161575
13146	13255	wire	0.0161575
13147	13256	wire	0.0161575
13148	13257	wire	0.0161575
13149	13258	wire	0.0161575
13150	13259	wire	0.0161575
13151	13260	wire	0.0161575
13152	13261	wire	0.0161575
13153	13262	wire	0.0161575
13154	13263	wire	0.0161575
13155	13264	wire	0.0161575
13156	13265	wire	0.0161575
13157	13266	wire	0.0161575
13158	13267	wire	0.0161575
13159	13268	wire	0.0161575
13160	13269	wire	0.0161575
13161	13270	wire	0.0161575
13162	13271	wire	0.0161575
13163	13272	wire	0.0161575
13164	13273	wire	0.0161575
13165	13274	wire	0.0161575
13166	13275	wire	0.0161575
13167	13276	wire	0.0161575
13168	13277	wire	0.0161575
13169	13278	wire	0.0161575
13170	13279	wire	0.0161575
13171	13280	wire	0.0161575
13172	13281	wire	0.0161575
13173	13282	wire	0.0161575
13174	13283	wire	0.0161575
13175	13284	wire	0.0161575
13176	13285	wire	0.0161575
13177	13286	wire	0.0161575
13178	13287	wire	0.0161575
13179	13288	wire	0.0161575
13180	13289	wire	0.0161575
13181	13290	wire	0.0161575
13182	13291	wire	0.0161575
13183	13292	wire	0.0161575
13184	13293	wire	0.0161575
13185	13294	wire	0.0161575
13186	13295	wire	0.0161575
13187	13296	wire	0.0161575
13188	13297	wire	0.0161575
13189	13298	wire	0.0161575
13190	13299	wire	0.0161575
13191	13300	wire	0.0161575
13192	13301	wire	0.0161575
13193	13302	wire	0.0161575
13194	13303	wire	0.0161575
13195	13304	wire	0.0161575
13196	13305	wire	0.0161575
13197	13306	wire	0.0161575
13198	13307	wire	0.0161575
13199	13308	wire	0.0161575
13200	13309	wire	0.0161575
13201	13310	wire	0.0161575
13202	13311	wire	0.0161575
13203	13312	wire	0.0161575
13204	13313	wire	0.0161575
13205	13314	wire	0.0161575
13206	13315	wire	0.0161575
13207	13316	wire	0.0161575
13208	13317	wire	0.0161575
13209	13318	wire	0.0161575
13210	13319	wire	0.0161575
13211	13320	wire	0.0161575
13212	13321	wire	0.0161575
13213	13322	wire	0.0161575
13214	13323	wire	0.0161575
13215	13324	wire	0.0161575
13216	13325	wire	0.0161575
13217	13326	wire	0.0161575
13218	13327	wire	0.0161575
13219	13328	wire	0.0161575
13220	13329	wire	0.0161575
13221	13330	wire	0.0161575
13222	13331	wire	0.0161575
13223	13332	wire	0.0161575
13224	13333	wire	0.0161575
13225	13334	wire	0.0161575
13226	13335	wire	0.0161575
13227	13336	wire	0.0161575
13228	13337	wire	0.0161575
13229	13338	wire	0.0161575
13230	13339	wire	0.0161575
13231	13340	wire	0.0161575
13232	13341	wire	0.0161575
13233	13342	wire	0.0161575
13234	13343	wire	0.0161575
13235	13344	wire	0.0161575
13236	13345	wire	0.0161575
13237	13346	wire	0.0161575
13238	13347	wire	0.0161575
13239	13348	wire	0.0161575
13240	13349	wire	0.0161575
13241	13350	wire	0.0161575
13242	13351	wire	0.0161575
13243	13352	wire	0.0161575
13244	13353	wire	0.0161575
13245	13354	wire	0.0161575
13246	13355	wire	0.0161575
13247	13356	wire	0.0161575
13248	13357	wire	0.0161575
13249	13358	wire	0.0161575
13250	13359	wire	0.0161575
13251	13360	wire	0.0161575
13252	13361	wire	0.0161575
13253	13362	wire	0.0161575
13254	13363	wire	0.0161575
13255	13364	wire	0.0161575
13256	13365	wire	0.0161575
13257	13366	wire	0.0161575
13258	13367	wire	0.0161575
13259	13368	wire	0.0161575
13260	13369	wire	0.0161575
13261	13370	wire	0.0161575
13262	13371	wire	0.0161575
13263	13372	wire	0.0161575
13264	13373	wire	0.0161575
13265	13374	wire	0.0161575
13266	13375	wire	0.0161575
13267	13376	wire	0.0161575
13268	13377	wire	0.0161575
13269	13378	wire	0.0161575
13270	13379	wire	0.0161575
13271	13380	wire	0.0161575
13272	13381	wire	0.0161575
13273	13382	wire	0.0161575
13274	13383	wire	0.0161575
13275	13384	wire	0.0161575
13276	13385	wire	0.0161575
13277	13386	wire	0.0161575
13278	13387	wire	0.0161575
13279	13388	wire	0.0161575
13280	13389	wire	0.0161575
13281	13390	wire	0.0161575
13282	13391	wire	0.0161575
13283	13392	wire	0.0161575
13284	13393	wire	0.0161575
13285	13394	wire	0.0161575
13286	13395	wire	0.0161575
13287	13396	wire	0.0161575
13288	13397	wire	0.0161575
13289	13398	wire	0.0161575
13290	13399	wire	0.0161575
13291	13400	wire	0.0161575
13292	13401	wire	0.0161575
13293	13402	wire	0.0161575
13294	13403	wire	0.0161575
13295	13404	wire	0.0161575
13296	13405	wire	0.0161575
13297	13406	wire	0.0161575
13298	13407	wire	0.0161575
13299	13408	wire	0.0161575
13300	13409	wire	0.0161575
13301	13410	wire	0.0161575
13302	13411	wire	0.0161575
13303	13412	wire	0.0161575
13304	13413	wire	0.0161575
13305	13414	wire	0.0161575
13306	13415	wire	0.0161575
13307	13416	wire	0.0161575
13308	13417	wire	0.0161575
13309	13418	wire	0.0161575
13310	13419	wire	0.0161575
13311	13420	wire	0.0161575
13312	13421	wire	0.0161575
13313	13422	wire	0.0161575
13314	13423	wire	0.0161575
13315	13424	wire	0.0161575
13316	13425	wire	0.0161575
13317	13426	wire	0.0161575
13318	13427	wire	0.0161575
13319	13428	wire	0.0161575
13320	13429	wire	0.0161575
13321	13430	wire	0.0161575
13322	13431	wire	0.0161575
13323	13432	wire	0.0161575
13324	13433	wire	0.0161575
13325	13434	wire	0.0161575
13326	13435	wire	0.0161575
13327	13436	wire	0.0161575
13328	13437	wire	0.0161575
13329	13438	wire	0.0161575
13330	13439	wire	0.0161575
13331	13440	wire	0.0161575
13332	13441	wire	0.0161575
13333	13442	wire	0.0161575
13334	13443	wire	0.0161575
13335	13444	wire	0.0161575
13336	13445	wire	0.0161575
13337	13446	wire	0.0161575
13338	13447	wire	0.0161575
13339	13448	wire	0.0161575
13340	13449	wire	0.0161575
13341	13450	wire	0.0161575
13342	13451	wire	0.0161575
13343	13452	wire	0.0161575
13344	13453	wire	0.0161575
13345	13454	wire	0.0161575
13346	13455	wire	0.0161575
13347	13456	wire	0.0161575
13348	13457	wire	0.0161575
13349	13458	wire	0.0161575
13350	13459	wire	0.0161575
13351	13460	wire	0.0161575
13352	13461	wire	0.0161575
13353	13462	wire	0.0161575
13354	13463	wire	0.0161575
13355	13464	wire	0.0161575
13356	13465	wire	0.0161575
13357	13466	wire	0.0161575
13358	13467	wire	0.0161575
13359	13468	wire	0.0161575
13360	13469	wire	0.0161575
13361	13470	wire	0.0161575
13362	13471	wire	0.0161575
13363	13472	wire	0.0161575
13364	13473	wire	0.0161575
13365	13474	wire	0.0161575
13366	13475	wire	0.0161575
13367	13476	wire	0.0161575
13368	13477	wire	0.0161575
13369	13478	wire	0.0161575
13370	13479	wire	0.0161575
13371	13480	wire	0.0161575
13372	13481	wire	0.0161575
13373	13482	wire	0.0161575
13374	13483	wire	0.0161575
13375	13484	wire	0.0161575
13376	13485	wire	0.0161575
13377	13486	wire	0.0161575
13378	13487	wire	0.0161575
13379	13488	wire	0.0161575
13380	13489	wire	0.0161575
13381	13490	wire	0.0161575
13382	13491	wire	0.0161575
13383	13492	wire	0.0161575
13384	13493	wire	0.0161575
13385	13494	wire	0.0161575
13386	13495	wire	0.0161575
13387	13496	wire	0.0161575
13388	13497	wire	0.0161575
13389	13498	wire	0.0161575
13390	13499	wire	0.0161575
13391	13500	wire	0.0161575
13392	13501	wire	0.0161575
13393	13502	wire	0.0161575
13394	13503	wire	0.0161575
13395	13504	wire	0.0161575
13396	13505	wire	0.0161575
13397	13506	wire	0.0161575
13398	13507	wire	0.0161575
13399	13508	wire	0.0161575
13400	13509	wire	0.0161575
13401	13510	wire	0.0161575
13402	13511	wire	0.0161575
13403	13512	wire	0.0161575
13404	13513	wire	0.0161575
13405	13514	wire	0.0161575
13406	13515	wire	0.0161575
13407	13516	wire	0.0161575
13408	13517	wire	0.0161575
13409	13518	wire	0.0161575
13410	13519	wire	0.0161575
13411	13520	wire	0.0161575
13412	13521	wire	0.0161575
13413	13522	wire	0.0161575
13414	13523	wire	0.0161575
13415	13524	wire	0.0161575
13416	13525	wire	0.0161575
13417	13526	wire	0.0161575
13418	13527	wire	0.0161575
13419	13528	wire	0.0161575
13420	13529	wire	0.0161575
13421	13530	wire	0.0161575
13422	13531	wire	0.0161575
13423	13532	wire	0.0161575
13424	13533	wire	0.0161575
13425	13534	wire	0.0161575
13426	13535	wire	0.0161575
13427	13536	wire	0.0161575
13428	13537	wire	0.0161575
13429	13538	wire	0.0161575
13430	13539	wire	0.0161575
13431	13540	wire	0.0161575
13432	13541	wire	0.0161575
13433	13542	wire	0.0161575
13434	13543	wire	0.0161575
13435	13544	wire	0.0161575
13436	13545	wire	0.0161575
13437	13546	wire	0.0161575
13438	13547	wire	0.0161575
13439	13548	wire	0.0161575
13440	13549	wire	0.0161575
13441	13550	wire	0.0161575
13442	13551	wire	0.0161575
13443	13552	wire	0.0161575
13444	13553	wire	0.0161575
13445	13554	wire	0.0161575
13446	13555	wire	0.0161575
13447	13556	wire	0.0161575
13448	13557	wire	0.0161575
13449	13558	wire	0.0161575
13450	13559	wire	0.0161575
13451	13560	wire	0.0161575
13452	13561	wire	0.0161575
13453	13562	wire	0.0161575
13454	13563	wire	0.0161575
13455	13564	wire	0.0161575
13456	13565	wire	0.0161575
13457	13566	wire	0.0161575
13458	13567	wire	0.0161575
13459	13568	wire	0.0161575
13460	13569	wire	0.0161575
13461	13570	wire	0.0161575
13462	13571	wire	0.0161575
13463	13572	wire	0.0161575
13464	13573	wire	0.0161575
13465	13574	wire	0.0161575
13466	13575	wire	0.0161575
13467	13576	wire	0.0161575
13468	13577	wire	0.0161575
13469	13578	wire	0.0161575
13470	13579	wire	0.0161575
13471	13580	wire	0.0161575
13472	13581	wire	0.0161575
13473	13582	wire	0.0161575
13474	13583	wire	0.0161575
13475	13584	wire	0.0161575
13476	13585	wire	0.0161575
13477	13586	wire	0.0161575
13478	13587	wire	0.0161575
13479	13588	wire	0.0161575
13480	13589	wire	0.0161575
13481	13590	wire	0.0161575
13482	13591	wire	0.0161575
13483	13592	wire	0.0161575
13484	13593	wire	0.0161575
13485	13594	wire	0.0161575
13486	13595	wire	0.0161575
13487	13596	wire	0.0161575
13488	13597	wire	0.0161575
13489	13598	wire	0.0161575
13490	13599	wire	0.0161575
13491	13600	wire	0.0161575
13492	13601	wire	0.0161575
13493	13602	wire	0.0161575
13494	13603	wire	0.0161575
13495	13604	wire	0.0161575
13496	13605	wire	0.0161575
13497	13606	wire	0.0161575
13498	13607	wire	0.0161575
13499	13608	wire	0.0161575
13500	13609	wire	0.0161575
13501	13610	wire	0.0161575
13502	13611	wire	0.0161575
13503	13612	wire	0.0161575
13504	13613	wire	0.0161575
13505	13614	wire	0.0161575
13506	13615	wire	0.0161575
13507	13616	wire	0.0161575
13508	13617	wire	0.0161575
13509	13618	wire	0.0161575
13510	13619	wire	0.0161575
13511	13620	wire	0.0161575
13512	13621	wire	0.0161575
13513	13622	wire	0.0161575
13514	13623	wire	0.0161575
13515	13624	wire	0.0161575
13516	13625	wire	0.0161575
13517	13626	wire	0.0161575
13518	13627	wire	0.0161575
13519	13628	wire	0.0161575
13520	13629	wire	0.0161575
13521	13630	wire	0.0161575
13522	13631	wire	0.0161575
13523	13632	wire	0.0161575
13524	13633	wire	0.0161575
13525	13634	wire	0.0161575
13526	13635	wire	0.0161575
13527	13636	wire	0.0161575
13528	13637	wire	0.0161575
13529	13638	wire	0.0161575
13530	13639	wire	0.0161575
13531	13640	wire	0.0161575
13532	13641	wire	0.0161575
13533	13642	wire	0.0161575
13534	13643	wire	0.0161575
13535	13644	wire	0.0161575
13536	13645	wire	0.0161575
13537	13646	wire	0.0161575
13538	13647	wire	0.0161575
13539	13648	wire	0.0161575
13540	13649	wire	0.0161575
13541	13650	wire	0.0161575
13542	13651	wire	0.0161575
13543	13652	wire	0.0161575
13544	13653	wire	0.0161575
13545	13654	wire	0.0161575
13546	13655	wire	0.0161575
13547	13656	wire	0.0161575
13548	13657	wire	0.0161575
13549	13658	wire	0.0161575
13550	13659	wire	0.0161575
13551	13660	wire	0.0161575
13552	13661	wire	0.0161575
13553	13662	wire	0.0161575
13554	13663	wire	0.0161575
13555	13664	wire	0.0161575
13556	13665	wire	0.0161575
13557	13666	wire	0.0161575
13558	13667	wire	0.0161575
13559	13668	wire	0.0161575
13560	13669	wire	0.0161575
13561	13670	wire	0.0161575
13562	13671	wire	0.0161575
13563	13672	wire	0.0161575
13564	13673	wire	0.0161575
13565	13674	wire	0.0161575
13566	13675	wire	0.0161575
13567	13676	wire	0.0161575
13568	13677	wire	0.0161575
13569	13678	wire	0.0161575
13570	13679	wire	0.0161575
13571	13680	wire	0.0161575
13572	13681	wire	0.0161575
13573	13682	wire	0.0161575
13574	13683	wire	0.0161575
13575	13684	wire	0.0161575
13576	13685	wire	0.0161575
13577	13686	wire	0.0161575
13578	13687	wire	0.0161575
13579	13688	wire	0.0161575
13580	13689	wire	0.0161575
13581	13690	wire	0.0161575
13582	13691	wire	0.0161575
13583	13692	wire	0.0161575
13584	13693	wire	0.0161575
13585	13694	wire	0.0161575
13586	13695	wire	0.0161575
13587	13696	wire	0.0161575
13588	13697	wire	0.0161575
13589	13698	wire	0.0161575
13590	13699	wire	0.0161575
13591	13700	wire	0.0161575
13592	13701	wire	0.0161575
13593	13702	wire	0.0161575
13594	13703	wire	0.0161575
13595	13704	wire	0.0161575
13596	13705	wire	0.0161575
13597	13706	wire	0.0161575
13598	13707	wire	0.0161575
13599	13708	wire	0.0161575
13600	13709	wire	0.0161575
13601	13710	wire	0.0161575
13602	13711	wire	0.0161575
13603	13712	wire	0.0161575
13604	13713	wire	0.0161575
13605	13714	wire	0.0161575
13606	13715	wire	0.0161575
13607	13716	wire	0.0161575
13608	13717	wire	0.0161575
13609	13718	wire	0.0161575
13610	13719	wire	0.0161575
13611	13720	wire	0.0161575
13612	13721	wire	0.0161575
13613	13722	wire	0.0161575
13614	13723	wire	0.0161575
13615	13724	wire	0.0161575
13616	13725	wire	0.0161575
13617	13726	wire	0.0161575
13618	13727	wire	0.0161575
13619	13728	wire	0.0161575
13620	13729	wire	0.0161575
13621	13730	wire	0.0161575
13622	13731	wire	0.0161575
13623	13732	wire	0.0161575
13624	13733	wire	0.0161575
13625	13734	wire	0.0161575
13626	13735	wire	0.0161575
13627	13736	wire	0.0161575
13628	13737	wire	0.0161575
13629	13738	wire	0.0161575
13630	13739	wire	0.0161575
13631	13740	wire	0.0161575
13632	13741	wire	0.0161575
13633	13742	wire	0.0161575
13634	13743	wire	0.0161575
13635	13744	wire	0.0161575
13636	13745	wire	0.0161575
13637	13746	wire	0.0161575
13638	13747	wire	0.0161575
13639	13748	wire	0.0161575
13640	13749	wire	0.0161575
13641	13750	wire	0.0161575
13642	13751	wire	0.0161575
13643	13752	wire	0.0161575
13644	13753	wire	0.0161575
13645	13754	wire	0.0161575
13646	13755	wire	0.0161575
13647	13756	wire	0.0161575
13648	13757	wire	0.0161575
13649	13758	wire	0.0161575
13650	13759	wire	0.0161575
13651	13760	wire	0.0161575
13652	13761	wire	0.0161575
13653	13762	wire	0.0161575
13654	13763	wire	0.0161575
13655	13764	wire	0.0161575
13656	13765	wire	0.0161575
13657	13766	wire	0.0161575
13658	13767	wire	0.0161575
13659	13768	wire	0.0161575
13660	13769	wire	0.0161575
13661	13770	wire	0.0161575
13662	13771	wire	0.0161575
13663	13772	wire	0.0161575
13664	13773	wire	0.0161575
13665	13774	wire	0.0161575
13666	13775	wire	0.0161575
13667	13776	wire	0.0161575
13668	13777	wire	0.0161575
13669	13778	wire	0.0161575
13670	13779	wire	0.0161575
13671	13780	wire	0.0161575
13672	13781	wire	0.0161575
13673	13782	wire	0.0161575
13674	13783	wire	0.0161575
13675	13784	wire	0.0161575
13676	13785	wire	0.0161575
13677	13786	wire	0.0161575
13678	13787	wire	0.0161575
13679	13788	wire	0.0161575
13680	13789	wire	0.0161575
13681	13790	wire	0.0161575
13682	13791	wire	0.0161575
13683	13792	wire	0.0161575
13684	13793	wire	0.0161575
13685	13794	wire	0.0161575
13686	13795	wire	0.0161575
13687	13796	wire	0.0161575
13688	13797	wire	0.0161575
13689	13798	wire	0.0161575
13690	13799	wire	0.0161575
13691	13800	wire	0.0161575
13692	13801	wire	0.0161575
13693	13802	wire	0.0161575
13694	13803	wire	0.0161575
13695	13804	wire	0.0161575
13696	13805	wire	0.0161575
13697	13806	wire	0.0161575
13698	13807	wire	0.0161575
13699	13808	wire	0.0161575
13700	13809	wire	0.0161575
13701	13810	wire	0.0161575
13702	13811	wire	0.0161575
13703	13812	wire	0.0161575
13704	13813	wire	0.0161575
13705	13814	wire	0.0161575
13706	13815	wire	0.0161575
13707	13816	wire	0.0161575
13708	13817	wire	0.0161575
13709	13818	wire	0.0161575
13710	13819	wire	0.0161575
13711	13820	wire	0.0161575
13712	13821	wire	0.0161575
13713	13822	wire	0.0161575
13714	13823	wire	0.0161575
13715	13824	wire	0.0161575
13716	13825	wire	0.0161575
13717	13826	wire	0.0161575
13718	13827	wire	0.0161575
13719	13828	wire	0.0161575
13720	13829	wire	0.0161575
13721	13830	wire	0.0161575
13722	13831	wire	0.0161575
13723	13832	wire	0.0161575
13724	13833	wire	0.0161575
13725	13834	wire	0.0161575
13726	13835	wire	0.0161575
13727	13836	wire	0.0161575
13728	13837	wire	0.0161575
13729	13838	wire	0.0161575
13730	13839	wire	0.0161575
13731	13840	wire	0.0161575
13732	13841	wire	0.0161575
13733	13842	wire	0.0161575
13734	13843	wire	0.0161575
13735	13844	wire	0.0161575
13736	13845	wire	0.0161575
13737	13846	wire	0.0161575
13738	13847	wire	0.0161575
13739	13848	wire	0.0161575
13740	13849	wire	0.0161575
13741	13850	wire	0.0161575
13742	13851	wire	0.0161575
13743	13852	wire	0.0161575
13744	13853	wire	0.0161575
13745	13854	wire	0.0161575
13746	13855	wire	0.0161575
13747	13856	wire	0.0161575
13748	13857	wire	0.0161575
13749	13858	wire	0.0161575
13750	13859	wire	0.0161575
13751	13860	wire	0.0161575
13752	13861	wire	0.0161575
13753	13862	wire	0.0161575
13754	13863	wire	0.0161575
13755	13864	wire	0.0161575
13756	13865	wire	0.0161575
13757	13866	wire	0.0161575
13758	13867	wire	0.0161575
13759	13868	wire	0.0161575
13760	13869	wire	0.0161575
13761	13870	wire	0.0161575
13762	13871	wire	0.0161575
13763	13872	wire	0.0161575
13764	13873	wire	0.0161575
13765	13874	wire	0.0161575
13766	13875	wire	0.0161575
13767	13876	wire	0.0161575
13768	13877	wire	0.0161575
13769	13878	wire	0.0161575
13770	13879	wire	0.0161575
13771	13880	wire	0.0161575
13772	13881	wire	0.0161575
13773	13882	wire	0.0161575
13774	13883	wire	0.0161575
13775	13884	wire	0.0161575
13776	13885	wire	0.0161575
13777	13886	wire	0.0161575
13778	13887	wire	0.0161575
13779	13888	wire	0.0161575
13780	13889	wire	0.0161575
13781	13890	wire	0.0161575
13782	13891	wire	0.0161575
13783	13892	wire	0.0161575
13784	13893	wire	0.0161575
13785	13894	wire	0.0161575
13786	13895	wire	0.0161575
13787	13896	wire	0.0161575
13788	13897	wire	0.0161575
13789	13898	wire	0.0161575
13790	13899	wire	0.0161575
13791	13900	wire	0.0161575
13792	13901	wire	0.0161575
13793	13902	wire	0.0161575
13794	13903	wire	0.0161575
13795	13904	wire	0.0161575
13796	13905	wire	0.0161575
13797	13906	wire	0.0161575
13798	13907	wire	0.0161575
13799	13908	wire	0.0161575
13800	13909	wire	0.0161575
13801	13910	wire	0.0161575
13802	13911	wire	0.0161575
13803	13912	wire	0.0161575
13804	13913	wire	0.0161575
13805	13914	wire	0.0161575
13806	13915	wire	0.0161575
13807	13916	wire	0.0161575
13808	13917	wire	0.0161575
13809	13918	wire	0.0161575
13810	13919	wire	0.0161575
13811	13920	wire	0.0161575
13812	13921	wire	0.0161575
13813	13922	wire	0.0161575
13814	13923	wire	0.0161575
13815	13924	wire	0.0161575
13816	13925	wire	0.0161575
13817	13926	wire	0.0161575
13818	13927	wire	0.0161575
13819	13928	wire	0.0161575
13820	13929	wire	0.0161575
13821	13930	wire	0.0161575
13822	13931	wire	0.0161575
13823	13932	wire	0.0161575
13824	13933	wire	0.0161575
13825	13934	wire	0.0161575
13826	13935	wire	0.0161575
13827	13936	wire	0.0161575
13828	13937	wire	0.0161575
13829	13938	wire	0.0161575
13830	13939	wire	0.0161575
13831	13940	wire	0.0161575
13832	13941	wire	0.0161575
13833	13942	wire	0.0161575
13834	13943	wire	0.0161575
13835	13944	wire	0.0161575
13836	13945	wire	0.0161575
13837	13946	wire	0.0161575
13838	13947	wire	0.0161575
13839	13948	wire	0.0161575
13840	13949	wire	0.0161575
13841	13950	wire	0.0161575
13842	13951	wire	0.0161575
13843	13952	wire	0.0161575
13844	13953	wire	0.0161575
13845	13954	wire	0.0161575
13846	13955	wire	0.0161575
13847	13956	wire	0.0161575
13848	13957	wire	0.0161575
13849	13958	wire	0.0161575
13850	13959	wire	0.0161575
13851	13960	wire	0.0161575
13852	13961	wire	0.0161575
13853	13962	wire	0.0161575
13854	13963	wire	0.0161575
13855	13964	wire	0.0161575
13856	13965	wire	0.0161575
13857	13966	wire	0.0161575
13858	13967	wire	0.0161575
13859	13968	wire	0.0161575
13860	13969	wire	0.0161575
13861	13970	wire	0.0161575
13862	13971	wire	0.0161575
13863	13972	wire	0.0161575
13864	13973	wire	0.0161575
13865	13974	wire	0.0161575
13866	13975	wire	0.0161575
13867	13976	wire	0.0161575
13868	13977	wire	0.0161575
13869	13978	wire	0.0161575
13870	13979	wire	0.0161575
13871	13980	wire	0.0161575
13872	13981	wire	0.0161575
13873	13982	wire	0.0161575
13874	13983	wire	0.0161575
13875	13984	wire	0.0161575
13876	13985	wire	0.0161575
13877	13986	wire	0.0161575
13878	13987	wire	0.0161575
13879	13988	wire	0.0161575
13880	13989	wire	0.0161575
13881	13990	wire	0.0161575
13882	13991	wire	0.0161575
13883	13992	wire	0.0161575
13884	13993	wire	0.0161575
13885	13994	wire	0.0161575
13886	13995	wire	0.0161575
13887	13996	wire	0.0161575
13888	13997	wire	0.0161575
13889	13998	wire	0.0161575
13890	13999	wire	0.0161575
13891	14000	wire	0.0161575
13892	14001	wire	0.0161575
13893	14002	wire	0.0161575
13894	14003	wire	0.0161575
13895	14004	wire	0.0161575
13896	14005	wire	0.0161575
13897	14006	wire	0.0161575
13898	14007	wire	0.0161575
13899	14008	wire	0.0161575
13900	14009	wire	0.0161575
13901	14010	wire	0.0161575
13902	14011	wire	0.0161575
13903	14012	wire	0.0161575
13904	14013	wire	0.0161575
13905	14014	wire	0.0161575
13906	14015	wire	0.0161575
13907	14016	wire	0.0161575
13908	14017	wire	0.0161575
13909	14018	wire	0.0161575
13910	14019	wire	0.0161575
13911	14020	wire	0.0161575
13912	14021	wire	0.0161575
13913	14022	wire	0.0161575
13914	14023	wire	0.0161575
13915	14024	wire	0.0161575
13916	14025	wire	0.0161575
13917	14026	wire	0.0161575
13918	14027	wire	0.0161575
13919	14028	wire	0.0161575
13920	14029	wire	0.0161575
13921	14030	wire	0.0161575
13922	14031	wire	0.0161575
13923	14032	wire	0.0161575
13924	14033	wire	0.0161575
13925	14034	wire	0.0161575
13926	14035	wire	0.0161575
13927	14036	wire	0.0161575
13928	14037	wire	0.0161575
13929	14038	wire	0.0161575
13930	14039	wire	0.0161575
13931	14040	wire	0.0161575
13932	14041	wire	0.0161575
13933	14042	wire	0.0161575
13934	14043	wire	0.0161575
13935	14044	wire	0.0161575
13936	14045	wire	0.0161575
13937	14046	wire	0.0161575
13938	14047	wire	0.0161575
13939	14048	wire	0.0161575
13940	14049	wire	0.0161575
13941	14050	wire	0.0161575
13942	14051	wire	0.0161575
13943	14052	wire	0.0161575
13944	14053	wire	0.0161575
13945	14054	wire	0.0161575
13946	14055	wire	0.0161575
13947	14056	wire	0.0161575
13948	14057	wire	0.0161575
13949	14058	wire	0.0161575
13950	14059	wire	0.0161575
13951	14060	wire	0.0161575
13952	14061	wire	0.0161575
13953	14062	wire	0.0161575
13954	14063	wire	0.0161575
13955	14064	wire	0.0161575
13956	14065	wire	0.0161575
13957	14066	wire	0.0161575
13958	14067	wire	0.0161575
13959	14068	wire	0.0161575
13960	14069	wire	0.0161575
13961	14070	wire	0.0161575
13962	14071	wire	0.0161575
13963	14072	wire	0.0161575
13964	14073	wire	0.0161575
13965	14074	wire	0.0161575
13966	14075	wire	0.0161575
13967	14076	wire	0.0161575
13968	14077	wire	0.0161575
13969	14078	wire	0.0161575
13970	14079	wire	0.0161575
13971	14080	wire	0.0161575
13972	14081	wire	0.0161575
13973	14082	wire	0.0161575
13974	14083	wire	0.0161575
13975	14084	wire	0.0161575
13976	14085	wire	0.0161575
13977	14086	wire	0.0161575
13978	14087	wire	0.0161575
13979	14088	wire	0.0161575
13980	14089	wire	0.0161575
13981	14090	wire	0.0161575
13982	14091	wire	0.0161575
13983	14092	wire	0.0161575
13984	14093	wire	0.0161575
13985	14094	wire	0.0161575
13986	14095	wire	0.0161575
13987	14096	wire	0.0161575
13988	14097	wire	0.0161575
13989	14098	wire	0.0161575
13990	14099	wire	0.0161575
13991	14100	wire	0.0161575
13992	14101	wire	0.0161575
13993	14102	wire	0.0161575
13994	14103	wire	0.0161575
13995	14104	wire	0.0161575
13996	14105	wire	0.0161575
13997	14106	wire	0.0161575
13998	14107	wire	0.0161575
13999	14108	wire	0.0161575
14000	14109	wire	0.0161575
14001	14110	wire	0.0161575
14002	14111	wire	0.0161575
14003	14112	wire	0.0161575
14004	14113	wire	0.0161575
14005	14114	wire	0.0161575
14006	14115	wire	0.0161575
14007	14116	wire	0.0161575
14008	14117	wire	0.0161575
14009	14118	wire	0.0161575
14010	14119	wire	0.0161575
14011	14120	wire	0.0161575
14012	14121	wire	0.0161575
14013	14122	wire	0.0161575
14014	14123	wire	0.0161575
14015	14124	wire	0.0161575
14016	14125	wire	0.0161575
14017	14126	wire	0.0161575
14018	14127	wire	0.0161575
14019	14128	wire	0.0161575
14020	14129	wire	0.0161575
14021	14130	wire	0.0161575
14022	14131	wire	0.0161575
14023	14132	wire	0.0161575
14024	14133	wire	0.0161575
14025	14134	wire	0.0161575
14026	14135	wire	0.0161575
14027	14136	wire	0.0161575
14028	14137	wire	0.0161575
14029	14138	wire	0.0161575
14030	14139	wire	0.0161575
14031	14140	wire	0.0161575
14032	14141	wire	0.0161575
14033	14142	wire	0.0161575
14034	14143	wire	0.0161575
14035	14144	wire	0.0161575
14036	14145	wire	0.0161575
14037	14146	wire	0.0161575
14038	14147	wire	0.0161575
14039	14148	wire	0.0161575
14040	14149	wire	0.0161575
14041	14150	wire	0.0161575
14042	14151	wire	0.0161575
14043	14152	wire	0.0161575
14044	14153	wire	0.0161575
14045	14154	wire	0.0161575
14046	14155	wire	0.0161575
14047	14156	wire	0.0161575
14048	14157	wire	0.0161575
14049	14158	wire	0.0161575
14050	14159	wire	0.0161575
14051	14160	wire	0.0161575
14052	14161	wire	0.0161575
14053	14162	wire	0.0161575
14054	14163	wire	0.0161575
14055	14164	wire	0.0161575
14056	14165	wire	0.0161575
14057	14166	wire	0.0161575
14058	14167	wire	0.0161575
14059	14168	wire	0.0161575
14060	14169	wire	0.0161575
14061	14170	wire	0.0161575
14062	14171	wire	0.0161575
14063	14172	wire	0.0161575
14064	14173	wire	0.0161575
14065	14174	wire	0.0161575
14066	14175	wire	0.0161575
14067	14176	wire	0.0161575
14068	14177	wire	0.0161575
14069	14178	wire	0.0161575
14070	14179	wire	0.0161575
14071	14180	wire	0.0161575
14072	14181	wire	0.0161575
14073	14182	wire	0.0161575
14074	14183	wire	0.0161575
14075	14184	wire	0.0161575
14076	14185	wire	0.0161575
14077	14186	wire	0.0161575
14078	14187	wire	0.0161575
14079	14188	wire	0.0161575
14080	14189	wire	0.0161575
14081	14190	wire	0.0161575
14082	14191	wire	0.0161575
14083	14192	wire	0.0161575
14084	14193	wire	0.0161575
14085	14194	wire	0.0161575
14086	14195	wire	0.0161575
14087	14196	wire	0.0161575
14088	14197	wire	0.0161575
14089	14198	wire	0.0161575
14090	14199	wire	0.0161575
14091	14200	wire	0.0161575
14092	14201	wire	0.0161575
14093	14202	wire	0.0161575
14094	14203	wire	0.0161575
14095	14204	wire	0.0161575
14096	14205	wire	0.0161575
14097	14206	wire	0.0161575
14098	14207	wire	0.0161575
14099	14208	wire	0.0161575
14100	14209	wire	0.0161575
14101	14210	wire	0.0161575
14102	14211	wire	0.0161575
14103	14212	wire	0.0161575
14104	14213	wire	0.0161575
14105	14214	wire	0.0161575
14106	14215	wire	0.0161575
14107	14216	wire	0.0161575
14108	14217	wire	0.0161575
14109	14218	wire	0.0161575
14110	14219	wire	0.0161575
14111	14220	wire	0.0161575
14112	14221	wire	0.0161575
14113	14222	wire	0.0161575
14114	14223	wire	0.0161575
14115	14224	wire	0.0161575
14116	14225	wire	0.0161575
14117	14226	wire	0.0161575
14118	14227	wire	0.0161575
14119	14228	wire	0.0161575
14120	14229	wire	0.0161575
14121	14230	wire	0.0161575
14122	14231	wire	0.0161575
14123	14232	wire	0.0161575
14124	14233	wire	0.0161575
14125	14234	wire	0.0161575
14126	14235	wire	0.0161575
14127	14236	wire	0.0161575
14128	14237	wire	0.0161575
14129	14238	wire	0.0161575
14130	14239	wire	0.0161575
14131	14240	wire	0.0161575
14132	14241	wire	0.0161575
14133	14242	wire	0.0161575
14134	14243	wire	0.0161575
14135	14244	wire	0.0161575
14136	14245	wire	0.0161575
14137	14246	wire	0.0161575
14138	14247	wire	0.0161575
14139	14248	wire	0.0161575
14140	14249	wire	0.0161575
14141	14250	wire	0.0161575
14142	14251	wire	0.0161575
14143	14252	wire	0.0161575
14144	14253	wire	0.0161575
14145	14254	wire	0.0161575
14146	14255	wire	0.0161575
14147	14256	wire	0.0161575
14148	14257	wire	0.0161575
14149	14258	wire	0.0161575
14150	14259	wire	0.0161575
14151	14260	wire	0.0161575
14152	14261	wire	0.0161575
14153	14262	wire	0.0161575
14154	14263	wire	0.0161575
14155	14264	wire	0.0161575
14156	14265	wire	0.0161575
14157	14266	wire	0.0161575
14158	14267	wire	0.0161575
14159	14268	wire	0.0161575
14160	14269	wire	0.0161575
14161	14270	wire	0.0161575
14162	14271	wire	0.0161575
14163	14272	wire	0.0161575
14164	14273	wire	0.0161575
14165	14274	wire	0.0161575
14166	14275	wire	0.0161575
14167	14276	wire	0.0161575
14168	14277	wire	0.0161575
14169	14278	wire	0.0161575
14170	14279	wire	0.0161575
14171	14280	wire	0.0161575
14172	14281	wire	0.0161575
14173	14282	wire	0.0161575
14174	14283	wire	0.0161575
14175	14284	wire	0.0161575
14176	14285	wire	0.0161575
14177	14286	wire	0.0161575
14178	14287	wire	0.0161575
14179	14288	wire	0.0161575
14180	14289	wire	0.0161575
14181	14290	wire	0.0161575
14182	14291	wire	0.0161575
14183	14292	wire	0.0161575
14184	14293	wire	0.0161575
14185	14294	wire	0.0161575
14186	14295	wire	0.0161575
14187	14296	wire	0.0161575
14188	14297	wire	0.0161575
14189	14298	wire	0.0161575
14190	14299	wire	0.0161575
14191	14300	wire	0.0161575
14192	14301	wire	0.0161575
14193	14302	wire	0.0161575
14194	14303	wire	0.0161575
14195	14304	wire	0.0161575
14196	14305	wire	0.0161575
14197	14306	wire	0.0161575
14198	14307	wire	0.0161575
14199	14308	wire	0.0161575
14200	14309	wire	0.0161575
14201	14310	wire	0.0161575
14202	14311	wire	0.0161575
14203	14312	wire	0.0161575
14204	14313	wire	0.0161575
14205	14314	wire	0.0161575
14206	14315	wire	0.0161575
14207	14316	wire	0.0161575
14208	14317	wire	0.0161575
14209	14318	wire	0.0161575
14210	14319	wire	0.0161575
14211	14320	wire	0.0161575
14212	14321	wire	0.0161575
14213	14322	wire	0.0161575
14214	14323	wire	0.0161575
14215	14324	wire	0.0161575
14216	14325	wire	0.0161575
14217	14326	wire	0.0161575
14218	14327	wire	0.0161575
14219	14328	wire	0.0161575
14220	14329	wire	0.0161575
14221	14330	wire	0.0161575
14222	14331	wire	0.0161575
14223	14332	wire	0.0161575
14224	14333	wire	0.0161575
14225	14334	wire	0.0161575
14226	14335	wire	0.0161575
14227	14336	wire	0.0161575
14228	14337	wire	0.0161575
14229	14338	wire	0.0161575
14230	14339	wire	0.0161575
14231	14340	wire	0.0161575
14232	14341	wire	0.0161575
14233	14342	wire	0.0161575
14234	14343	wire	0.0161575
14235	14344	wire	0.0161575
14236	14345	wire	0.0161575
14237	14346	wire	0.0161575
14238	14347	wire	0.0161575
14239	14348	wire	0.0161575
14240	14349	wire	0.0161575
14241	14350	wire	0.0161575
14242	14351	wire	0.0161575
14243	14352	wire	0.0161575
14244	14353	wire	0.0161575
14245	14354	wire	0.0161575
14246	14355	wire	0.0161575
14247	14356	wire	0.0161575
14248	14357	wire	0.0161575
14249	14358	wire	0.0161575
14250	14359	wire	0.0161575
14251	14360	wire	0.0161575
14252	14361	wire	0.0161575
14253	14362	wire	0.0161575
14254	14363	wire	0.0161575
14255	14364	wire	0.0161575
14256	14365	wire	0.0161575
14257	14366	wire	0.0161575
14258	14367	wire	0.0161575
14259	14368	wire	0.0161575
14260	14369	wire	0.0161575
14261	14370	wire	0.0161575
14262	14371	wire	0.0161575
14263	14372	wire	0.0161575
14264	14373	wire	0.0161575
14265	14374	wire	0.0161575
14266	14375	wire	0.0161575
14267	14376	wire	0.0161575
14268	14377	wire	0.0161575
14269	14378	wire	0.0161575
14270	14379	wire	0.0161575
14271	14380	wire	0.0161575
14272	14381	wire	0.0161575
14273	14382	wire	0.0161575
14274	14383	wire	0.0161575
14275	14384	wire	0.0161575
14276	14385	wire	0.0161575
14277	14386	wire	0.0161575
14278	14387	wire	0.0161575
14279	14388	wire	0.0161575
14280	14389	wire	0.0161575
14281	14390	wire	0.0161575
14282	14391	wire	0.0161575
14283	14392	wire	0.0161575
14284	14393	wire	0.0161575
14285	14394	wire	0.0161575
14286	14395	wire	0.0161575
14287	14396	wire	0.0161575
14288	14397	wire	0.0161575
14289	14398	wire	0.0161575
14290	14399	wire	0.0161575
14291	14400	wire	0.0161575
14292	14401	wire	0.0161575
14293	14402	wire	0.0161575
14294	14403	wire	0.0161575
14295	14404	wire	0.0161575
14296	14405	wire	0.0161575
14297	14406	wire	0.0161575
14298	14407	wire	0.0161575
14299	14408	wire	0.0161575
14300	14409	wire	0.0161575
14301	14410	wire	0.0161575
14302	14411	wire	0.0161575
14303	14412	wire	0.0161575
14304	14413	wire	0.0161575
14305	14414	wire	0.0161575
14306	14415	wire	0.0161575
14307	14416	wire	0.0161575
14308	14417	wire	0.0161575
14309	14418	wire	0.0161575
14310	14419	wire	0.0161575
14311	14420	wire	0.0161575
14312	14421	wire	0.0161575
14313	14422	wire	0.0161575
14314	14423	wire	0.0161575
14315	14424	wire	0.0161575
14316	14425	wire	0.0161575
14317	14426	wire	0.0161575
14318	14427	wire	0.0161575
14319	14428	wire	0.0161575
14320	14429	wire	0.0161575
14321	14430	wire	0.0161575
14322	14431	wire	0.0161575
14323	14432	wire	0.0161575
14324	14433	wire	0.0161575
14325	14434	wire	0.0161575
14326	14435	wire	0.0161575
14327	14436	wire	0.0161575
14328	14437	wire	0.0161575
14329	14438	wire	0.0161575
14330	14439	wire	0.0161575
14331	14440	wire	0.0161575
14332	14441	wire	0.0161575
14333	14442	wire	0.0161575
14334	14443	wire	0.0161575
14335	14444	wire	0.0161575
14336	14445	wire	0.0161575
14337	14446	wire	0.0161575
14338	14447	wire	0.0161575
14339	14448	wire	0.0161575
14340	14449	wire	0.0161575
14341	14450	wire	0.0161575
14342	14451	wire	0.0161575
14343	14452	wire	0.0161575
14344	14453	wire	0.0161575
14345	14454	wire	0.0161575
14346	14455	wire	0.0161575
14347	14456	wire	0.0161575
14348	14457	wire	0.0161575
14349	14458	wire	0.0161575
14350	14459	wire	0.0161575
14351	14460	wire	0.0161575
14352	14461	wire	0.0161575
14353	14462	wire	0.0161575
14354	14463	wire	0.0161575
14355	14464	wire	0.0161575
14356	14465	wire	0.0161575
14357	14466	wire	0.0161575
14358	14467	wire	0.0161575
14359	14468	wire	0.0161575
14360	14469	wire	0.0161575
14361	14470	wire	0.0161575
14362	14471	wire	0.0161575
14363	14472	wire	0.0161575
14364	14473	wire	0.0161575
14365	14474	wire	0.0161575
14366	14475	wire	0.0161575
14367	14476	wire	0.0161575
14368	14477	wire	0.0161575
14369	14478	wire	0.0161575
14370	14479	wire	0.0161575
14371	14480	wire	0.0161575
14372	14481	wire	0.0161575
14373	14482	wire	0.0161575
14374	14483	wire	0.0161575
14375	14484	wire	0.0161575
14376	14485	wire	0.0161575
14377	14486	wire	0.0161575
14378	14487	wire	0.0161575
14379	14488	wire	0.0161575
14380	14489	wire	0.0161575
14381	14490	wire	0.0161575
14382	14491	wire	0.0161575
14383	14492	wire	0.0161575
14384	14493	wire	0.0161575
14385	14494	wire	0.0161575
14386	14495	wire	0.0161575
14387	14496	wire	0.0161575
14388	14497	wire	0.0161575
14389	14498	wire	0.0161575
14390	14499	wire	0.0161575
14391	14500	wire	0.0161575
14392	14501	wire	0.0161575
14393	14502	wire	0.0161575
14394	14503	wire	0.0161575
14395	14504	wire	0.0161575
14396	14505	wire	0.0161575
14397	14506	wire	0.0161575
14398	14507	wire	0.0161575
14399	14508	wire	0.0161575
14400	14509	wire	0.0161575
14401	14510	wire	0.0161575
14402	14511	wire	0.0161575
14403	14512	wire	0.0161575
14404	14513	wire	0.0161575
14405	14514	wire	0.0161575
14406	14515	wire	0.0161575
14407	14516	wire	0.0161575
14408	14517	wire	0.0161575
14409	14518	wire	0.0161575
14410	14519	wire	0.0161575
14411	14520	wire	0.0161575
14412	14521	wire	0.0161575
14413	14522	wire	0.0161575
14414	14523	wire	0.0161575
14415	14524	wire	0.0161575
14416	14525	wire	0.0161575
14417	14526	wire	0.0161575
14418	14527	wire	0.0161575
14419	14528	wire	0.0161575
14420	14529	wire	0.0161575
14421	14530	wire	0.0161575
14422	14531	wire	0.0161575
14423	14532	wire	0.0161575
14424	14533	wire	0.0161575
14425	14534	wire	0.0161575
14426	14535	wire	0.0161575
14427	14536	wire	0.0161575
14428	14537	wire	0.0161575
14429	14538	wire	0.0161575
14430	14539	wire	0.0161575
14431	14540	wire	0.0161575
14432	14541	wire	0.0161575
14433	14542	wire	0.0161575
14434	14543	wire	0.0161575
14435	14544	wire	0.0161575
14436	14545	wire	0.0161575
14437	14546	wire	0.0161575
14438	14547	wire	0.0161575
14439	14548	wire	0.0161575
14440	14549	wire	0.0161575
14441	14550	wire	0.0161575
14442	14551	wire	0.0161575
14443	14552	wire	0.0161575
14444	14553	wire	0.0161575
14445	14554	wire	0.0161575
14446	14555	wire	0.0161575
14447	14556	wire	0.0161575
14448	14557	wire	0.0161575
14449	14558	wire	0.0161575
14450	14559	wire	0.0161575
14451	14560	wire	0.0161575
14452	14561	wire	0.0161575
14453	14562	wire	0.0161575
14454	14563	wire	0.0161575
14455	14564	wire	0.0161575
14456	14565	wire	0.0161575
14457	14566	wire	0.0161575
14458	14567	wire	0.0161575
14459	14568	wire	0.0161575
14460	14569	wire	0.0161575
14461	14570	wire	0.0161575
14462	14571	wire	0.0161575
14463	14572	wire	0.0161575
14464	14573	wire	0.0161575
14465	14574	wire	0.0161575
14466	14575	wire	0.0161575
14467	14576	wire	0.0161575
14468	14577	wire	0.0161575
14469	14578	wire	0.0161575
14470	14579	wire	0.0161575
14471	14580	wire	0.0161575
14472	14581	wire	0.0161575
14473	14582	wire	0.0161575
14474	14583	wire	0.0161575
14475	14584	wire	0.0161575
14476	14585	wire	0.0161575
14477	14586	wire	0.0161575
14478	14587	wire	0.0161575
14479	14588	wire	0.0161575
14480	14589	wire	0.0161575
14481	14590	wire	0.0161575
14482	14591	wire	0.0161575
14483	14592	wire	0.0161575
14484	14593	wire	0.0161575
14485	14594	wire	0.0161575
14486	14595	wire	0.0161575
14487	14596	wire	0.0161575
14488	14597	wire	0.0161575
14489	14598	wire	0.0161575
14490	14599	wire	0.0161575
14491	14600	wire	0.0161575
14492	14601	wire	0.0161575
14493	14602	wire	0.0161575
14494	14603	wire	0.0161575
14495	14604	wire	0.0161575
14496	14605	wire	0.0161575
14497	14606	wire	0.0161575
14498	14607	wire	0.0161575
14499	14608	wire	0.0161575
14500	14609	wire	0.0161575
14501	14610	wire	0.0161575
14502	14611	wire	0.0161575
14503	14612	wire	0.0161575
14504	14613	wire	0.0161575
14505	14614	wire	0.0161575
14506	14615	wire	0.0161575
14507	14616	wire	0.0161575
14508	14617	wire	0.0161575
14509	14618	wire	0.0161575
14510	14619	wire	0.0161575
14511	14620	wire	0.0161575
14512	14621	wire	0.0161575
14513	14622	wire	0.0161575
14514	14623	wire	0.0161575
14515	14624	wire	0.0161575
14516	14625	wire	0.0161575
14517	14626	wire	0.0161575
14518	14627	wire	0.0161575
14519	14628	wire	0.0161575
14520	14629	wire	0.0161575
14521	14630	wire	0.0161575
14522	14631	wire	0.0161575
14523	14632	wire	0.0161575
14524	14633	wire	0.0161575
14525	14634	wire	0.0161575
14526	14635	wire	0.0161575
14527	14636	wire	0.0161575
14528	14637	wire	0.0161575
14529	14638	wire	0.0161575
14530	14639	wire	0.0161575
14531	14640	wire	0.0161575
14532	14641	wire	0.0161575
14533	14642	wire	0.0161575
14534	14643	wire	0.0161575
14535	14644	wire	0.0161575
14536	14645	wire	0.0161575
14537	14646	wire	0.0161575
14538	14647	wire	0.0161575
14539	14648	wire	0.0161575
14540	14649	wire	0.0161575
14541	14650	wire	0.0161575
14542	14651	wire	0.0161575
14543	14652	wire	0.0161575
14544	14653	wire	0.0161575
14545	14654	wire	0.0161575
14546	14655	wire	0.0161575
14547	14656	wire	0.0161575
14548	14657	wire	0.0161575
14549	14658	wire	0.0161575
14550	14659	wire	0.0161575
14551	14660	wire	0.0161575
14552	14661	wire	0.0161575
14553	14662	wire	0.0161575
14554	14663	wire	0.0161575
14555	14664	wire	0.0161575
14556	14665	wire	0.0161575
14557	14666	wire	0.0161575
14558	14667	wire	0.0161575
14559	14668	wire	0.0161575
14560	14669	wire	0.0161575
14561	14670	wire	0.0161575
14562	14671	wire	0.0161575
14563	14672	wire	0.0161575
14564	14673	wire	0.0161575
14565	14674	wire	0.0161575
14566	14675	wire	0.0161575
14567	14676	wire	0.0161575
14568	14677	wire	0.0161575
14569	14678	wire	0.0161575
14570	14679	wire	0.0161575
14571	14680	wire	0.0161575
14572	14681	wire	0.0161575
14573	14682	wire	0.0161575
14574	14683	wire	0.0161575
14575	14684	wire	0.0161575
14576	14685	wire	0.0161575
14577	14686	wire	0.0161575
14578	14687	wire	0.0161575
14579	14688	wire	0.0161575
14580	14689	wire	0.0161575
14581	14690	wire	0.0161575
14582	14691	wire	0.0161575
14583	14692	wire	0.0161575
14584	14693	wire	0.0161575
14585	14694	wire	0.0161575
14586	14695	wire	0.0161575
14587	14696	wire	0.0161575
14588	14697	wire	0.0161575
14589	14698	wire	0.0161575
14590	14699	wire	0.0161575
14591	14700	wire	0.0161575
14592	14701	wire	0.0161575
14593	14702	wire	0.0161575
14594	14703	wire	0.0161575
14595	14704	wire	0.0161575
14596	14705	wire	0.0161575
14597	14706	wire	0.0161575
14598	14707	wire	0.0161575
14599	14708	wire	0.0161575
14600	14709	wire	0.0161575
14601	14710	wire	0.0161575
14602	14711	wire	0.0161575
14603	14712	wire	0.0161575
14604	14713	wire	0.0161575
14605	14714	wire	0.0161575
14606	14715	wire	0.0161575
14607	14716	wire	0.0161575
14608	14717	wire	0.0161575
14609	14718	wire	0.0161575
14610	14719	wire	0.0161575
14611	14720	wire	0.0161575
14612	14721	wire	0.0161575
14613	14722	wire	0.0161575
14614	14723	wire	0.0161575
14615	14724	wire	0.0161575
14616	14725	wire	0.0161575
14617	14726	wire	0.0161575
14618	14727	wire	0.0161575
14619	14728	wire	0.0161575
14620	14729	wire	0.0161575
14621	14730	wire	0.0161575
14622	14731	wire	0.0161575
14623	14732	wire	0.0161575
14624	14733	wire	0.0161575
14625	14734	wire	0.0161575
14626	14735	wire	0.0161575
14627	14736	wire	0.0161575
14628	14737	wire	0.0161575
14629	14738	wire	0.0161575
14630	14739	wire	0.0161575
14631	14740	wire	0.0161575
14632	14741	wire	0.0161575
14633	14742	wire	0.0161575
14634	14743	wire	0.0161575
14635	14744	wire	0.0161575
14636	14745	wire	0.0161575
14637	14746	wire	0.0161575
14638	14747	wire	0.0161575
14639	14748	wire	0.0161575
14640	14749	wire	0.0161575
14641	14750	wire	0.0161575
14642	14751	wire	0.0161575
14643	14752	wire	0.0161575
14644	14753	wire	0.0161575
14645	14754	wire	0.0161575
14646	14755	wire	0.0161575
14647	14756	wire	0.0161575
14648	14757	wire	0.0161575
14649	14758	wire	0.0161575
14650	14759	wire	0.0161575
14651	14760	wire	0.0161575
14652	14761	wire	0.0161575
14653	14762	wire	0.0161575
14654	14763	wire	0.0161575
14655	14764	wire	0.0161575
14656	14765	wire	0.0161575
14657	14766	wire	0.0161575
14658	14767	wire	0.0161575
14659	14768	wire	0.0161575
14660	14769	wire	0.0161575
14661	14770	wire	0.0161575
14662	14771	wire	0.0161575
14663	14772	wire	0.0161575
14664	14773	wire	0.0161575
14665	14774	wire	0.0161575
14666	14775	wire	0.0161575
14667	14776	wire	0.0161575
14668	14777	wire	0.0161575
14669	14778	wire	0.0161575
14670	14779	wire	0.0161575
14671	14780	wire	0.0161575
14672	14781	wire	0.0161575
14673	14782	wire	0.0161575
14674	14783	wire	0.0161575
14675	14784	wire	0.0161575
14676	14785	wire	0.0161575
14677	14786	wire	0.0161575
14678	14787	wire	0.0161575
14679	14788	wire	0.0161575
14680	14789	wire	0.0161575
14681	14790	wire	0.0161575
14682	14791	wire	0.0161575
14683	14792	wire	0.0161575
14684	14793	wire	0.0161575
14685	14794	wire	0.0161575
14686	14795	wire	0.0161575
14687	14796	wire	0.0161575
14688	14797	wire	0.0161575
14689	14798	wire	0.0161575
14690	14799	wire	0.0161575
14691	14800	wire	0.0161575
14692	14801	wire	0.0161575
14693	14802	wire	0.0161575
14694	14803	wire	0.0161575
14695	14804	wire	0.0161575
14696	14805	wire	0.0161575
14697	14806	wire	0.0161575
14698	14807	wire	0.0161575
14699	14808	wire	0.0161575
14700	14809	wire	0.0161575
14701	14810	wire	0.0161575
14702	14811	wire	0.0161575
14703	14812	wire	0.0161575
14704	14813	wire	0.0161575
14705	14814	wire	0.0161575
14706	14815	wire	0.0161575
14707	14816	wire	0.0161575
14708	14817	wire	0.0161575
14709	14818	wire	0.0161575
14710	14819	wire	0.0161575
14711	14820	wire	0.0161575
14712	14821	wire	0.0161575
14713	14822	wire	0.0161575
14714	14823	wire	0.0161575
14715	14824	wire	0.0161575
14716	14825	wire	0.0161575
14717	14826	wire	0.0161575
14718	14827	wire	0.0161575
14719	14828	wire	0.0161575
14720	14829	wire	0.0161575
14721	14830	wire	0.0161575
14722	14831	wire	0.0161575
14723	14832	wire	0.0161575
14724	14833	wire	0.0161575
14725	14834	wire	0.0161575
14726	14835	wire	0.0161575
14727	14836	wire	0.0161575
14728	14837	wire	0.0161575
14729	14838	wire	0.0161575
14730	14839	wire	0.0161575
14731	14840	wire	0.0161575
14732	14841	wire	0.0161575
14733	14842	wire	0.0161575
14734	14843	wire	0.0161575
14735	14844	wire	0.0161575
14736	14845	wire	0.0161575
14737	14846	wire	0.0161575
14738	14847	wire	0.0161575
14739	14848	wire	0.0161575
14740	14849	wire	0.0161575
14741	14850	wire	0.0161575
14742	14851	wire	0.0161575
14743	14852	wire	0.0161575
14744	14853	wire	0.0161575
14745	14854	wire	0.0161575
14746	14855	wire	0.0161575
14747	14856	wire	0.0161575
14748	14857	wire	0.0161575
14749	14858	wire	0.0161575
14750	14859	wire	0.0161575
14751	14860	wire	0.0161575
14752	14861	wire	0.0161575
14753	14862	wire	0.0161575
14754	14863	wire	0.0161575
14755	14864	wire	0.0161575
14756	14865	wire	0.0161575
14757	14866	wire	0.0161575
14758	14867	wire	0.0161575
14759	14868	wire	0.0161575
14760	14869	wire	0.0161575
14761	14870	wire	0.0161575
14762	14871	wire	0.0161575
14763	14872	wire	0.0161575
14764	14873	wire	0.0161575
14765	14874	wire	0.0161575
14766	14875	wire	0.0161575
14767	14876	wire	0.0161575
14768	14877	wire	0.0161575
14769	14878	wire	0.0161575
14770	14879	wire	0.0161575
14771	14880	wire	0.0161575
14772	14881	wire	0.0161575
14773	14882	wire	0.0161575
14774	14883	wire	0.0161575
14775	14884	wire	0.0161575
14776	14885	wire	0.0161575
14777	14886	wire	0.0161575
14778	14887	wire	0.0161575
14779	14888	wire	0.0161575
14780	14889	wire	0.0161575
14781	14890	wire	0.0161575
14782	14891	wire	0.0161575
14783	14892	wire	0.0161575
14784	14893	wire	0.0161575
14785	14894	wire	0.0161575
14786	14895	wire	0.0161575
14787	14896	wire	0.0161575
14788	14897	wire	0.0161575
14789	14898	wire	0.0161575
14790	14899	wire	0.0161575
14791	14900	wire	0.0161575
14792	14901	wire	0.0161575
14793	14902	wire	0.0161575
14794	14903	wire	0.0161575
14795	14904	wire	0.0161575
14796	14905	wire	0.0161575
14797	14906	wire	0.0161575
14798	14907	wire	0.0161575
14799	14908	wire	0.0161575
14800	14909	wire	0.0161575
14801	14910	wire	0.0161575
14802	14911	wire	0.0161575
14803	14912	wire	0.0161575
14804	14913	wire	0.0161575
14805	14914	wire	0.0161575
14806	14915	wire	0.0161575
14807	14916	wire	0.0161575
14808	14917	wire	0.0161575
14809	14918	wire	0.0161575
14810	14919	wire	0.0161575
14811	14920	wire	0.0161575
14812	14921	wire	0.0161575
14813	14922	wire	0.0161575
14814	14923	wire	0.0161575
14815	14924	wire	0.0161575
14816	14925	wire	0.0161575
14817	14926	wire	0.0161575
14818	14927	wire	0.0161575
14819	14928	wire	0.0161575
14820	14929	wire	0.0161575
14821	14930	wire	0.0161575
14822	14931	wire	0.0161575
14823	14932	wire	0.0161575
14824	14933	wire	0.0161575
14825	14934	wire	0.0161575
14826	14935	wire	0.0161575
14827	14936	wire	0.0161575
14828	14937	wire	0.0161575
14829	14938	wire	0.0161575
14830	14939	wire	0.0161575
14831	14940	wire	0.0161575
14832	14941	wire	0.0161575
14833	14942	wire	0.0161575
14834	14943	wire	0.0161575
14835	14944	wire	0.0161575
14836	14945	wire	0.0161575
14837	14946	wire	0.0161575
14838	14947	wire	0.0161575
14839	14948	wire	0.0161575
14840	14949	wire	0.0161575
14841	14950	wire	0.0161575
14842	14951	wire	0.0161575
14843	14952	wire	0.0161575
14844	14953	wire	0.0161575
14845	14954	wire	0.0161575
14846	14955	wire	0.0161575
14847	14956	wire	0.0161575
14848	14957	wire	0.0161575
14849	14958	wire	0.0161575
14850	14959	wire	0.0161575
14851	14960	wire	0.0161575
14852	14961	wire	0.0161575
14853	14962	wire	0.0161575
14854	14963	wire	0.0161575
14855	14964	wire	0.0161575
14856	14965	wire	0.0161575
14857	14966	wire	0.0161575
14858	14967	wire	0.0161575
14859	14968	wire	0.0161575
14860	14969	wire	0.0161575
14861	14970	wire	0.0161575
14862	14971	wire	0.0161575
14863	14972	wire	0.0161575
14864	14973	wire	0.0161575
14865	14974	wire	0.0161575
14866	14975	wire	0.0161575
14867	14976	wire	0.0161575
14868	14977	wire	0.0161575
14869	14978	wire	0.0161575
14870	14979	wire	0.0161575
14871	14980	wire	0.0161575
14872	14981	wire	0.0161575
14873	14982	wire	0.0161575
14874	14983	wire	0.0161575
14875	14984	wire	0.0161575
14876	14985	wire	0.0161575
14877	14986	wire	0.0161575
14878	14987	wire	0.0161575
14879	14988	wire	0.0161575
14880	14989	wire	0.0161575
14881	14990	wire	0.0161575
14882	14991	wire	0.0161575
14883	14992	wire	0.0161575
14884	14993	wire	0.0161575
14885	14994	wire	0.0161575
14886	14995	wire	0.0161575
14887	14996	wire	0.0161575
14888	14997	wire	0.0161575
14889	14998	wire	0.0161575
14890	14999	wire	0.0161575
14891	15000	wire	0.0161575
14892	15001	wire	0.0161575
14893	15002	wire	0.0161575
14894	15003	wire	0.0161575
14895	15004	wire	0.0161575
14896	15005	wire	0.0161575
14897	15006	wire	0.0161575
14898	15007	wire	0.0161575
14899	15008	wire	0.0161575
14900	15009	wire	0.0161575
14901	15010	wire	0.0161575
14902	15011	wire	0.0161575
14903	15012	wire	0.0161575
14904	15013	wire	0.0161575
14905	15014	wire	0.0161575
14906	15015	wire	0.0161575
14907	15016	wire	0.0161575
14908	15017	wire	0.0161575
14909	15018	wire	0.0161575
14910	15019	wire	0.0161575
14911	15020	wire	0.0161575
14912	15021	wire	0.0161575
14913	15022	wire	0.0161575
14914	15023	wire	0.0161575
14915	15024	wire	0.0161575
14916	15025	wire	0.0161575
14917	15026	wire	0.0161575
14918	15027	wire	0.0161575
14919	15028	wire	0.0161575
14920	15029	wire	0.0161575
14921	15030	wire	0.0161575
14922	15031	wire	0.0161575
14923	15032	wire	0.0161575
14924	15033	wire	0.0161575
14925	15034	wire	0.0161575
14926	15035	wire	0.0161575
14927	15036	wire	0.0161575
14928	15037	wire	0.0161575
14929	15038	wire	0.0161575
14930	15039	wire	0.0161575
14931	15040	wire	0.0161575
14932	15041	wire	0.0161575
14933	15042	wire	0.0161575
14934	15043	wire	0.0161575
14935	15044	wire	0.0161575
14936	15045	wire	0.0161575
14937	15046	wire	0.0161575
14938	15047	wire	0.0161575
14939	15048	wire	0.0161575
14940	15049	wire	0.0161575
14941	15050	wire	0.0161575
14942	15051	wire	0.0161575
14943	15052	wire	0.0161575
14944	15053	wire	0.0161575
14945	15054	wire	0.0161575
14946	15055	wire	0.0161575
14947	15056	wire	0.0161575
14948	15057	wire	0.0161575
14949	15058	wire	0.0161575
14950	15059	wire	0.0161575
14951	15060	wire	0.0161575
14952	15061	wire	0.0161575
14953	15062	wire	0.0161575
14954	15063	wire	0.0161575
14955	15064	wire	0.0161575
14956	15065	wire	0.0161575
14957	15066	wire	0.0161575
14958	15067	wire	0.0161575
14959	15068	wire	0.0161575
14960	15069	wire	0.0161575
14961	15070	wire	0.0161575
14962	15071	wire	0.0161575
14963	15072	wire	0.0161575
14964	15073	wire	0.0161575
14965	15074	wire	0.0161575
14966	15075	wire	0.0161575
14967	15076	wire	0.0161575
14968	15077	wire	0.0161575
14969	15078	wire	0.0161575
14970	15079	wire	0.0161575
14971	15080	wire	0.0161575
14972	15081	wire	0.0161575
14973	15082	wire	0.0161575
14974	15083	wire	0.0161575
14975	15084	wire	0.0161575
14976	15085	wire	0.0161575
14977	15086	wire	0.0161575
14978	15087	wire	0.0161575
14979	15088	wire	0.0161575
14980	15089	wire	0.0161575
14981	15090	wire	0.0161575
14982	15091	wire	0.0161575
14983	15092	wire	0.0161575
14984	15093	wire	0.0161575
14985	15094	wire	0.0161575
14986	15095	wire	0.0161575
14987	15096	wire	0.0161575
14988	15097	wire	0.0161575
14989	15098	wire	0.0161575
14990	15099	wire	0.0161575
14991	15100	wire	0.0161575
14992	15101	wire	0.0161575
14993	15102	wire	0.0161575
14994	15103	wire	0.0161575
14995	15104	wire	0.0161575
14996	15105	wire	0.0161575
14997	15106	wire	0.0161575
14998	15107	wire	0.0161575
14999	15108	wire	0.0161575
15000	15109	wire	0.0161575
15001	15110	wire	0.0161575
15002	15111	wire	0.0161575
15003	15112	wire	0.0161575
15004	15113	wire	0.0161575
15005	15114	wire	0.0161575
15006	15115	wire	0.0161575
15007	15116	wire	0.0161575
15008	15117	wire	0.0161575
15009	15118	wire	0.0161575
15010	15119	wire	0.0161575
15011	15120	wire	0.0161575
15012	15121	wire	0.0161575
15013	15122	wire	0.0161575
15014	15123	wire	0.0161575
15015	15124	wire	0.0161575
15016	15125	wire	0.0161575
15017	15126	wire	0.0161575
15018	15127	wire	0.0161575
15019	15128	wire	0.0161575
15020	15129	wire	0.0161575
15021	15130	wire	0.0161575
15022	15131	wire	0.0161575
15023	15132	wire	0.0161575
15024	15133	wire	0.0161575
15025	15134	wire	0.0161575
15026	15135	wire	0.0161575
15027	15136	wire	0.0161575
15028	15137	wire	0.0161575
15029	15138	wire	0.0161575
15030	15139	wire	0.0161575
15031	15140	wire	0.0161575
15032	15141	wire	0.0161575
15033	15142	wire	0.0161575
15034	15143	wire	0.0161575
15035	15144	wire	0.0161575
15036	15145	wire	0.0161575
15037	15146	wire	0.0161575
15038	15147	wire	0.0161575
15039	15148	wire	0.0161575
15040	15149	wire	0.0161575
15041	15150	wire	0.0161575
15042	15151	wire	0.0161575
15043	15152	wire	0.0161575
15044	15153	wire	0.0161575
15045	15154	wire	0.0161575
15046	15155	wire	0.0161575
15047	15156	wire	0.0161575
15048	15157	wire	0.0161575
15049	15158	wire	0.0161575
15050	15159	wire	0.0161575
15051	15160	wire	0.0161575
15052	15161	wire	0.0161575
15053	15162	wire	0.0161575
15054	15163	wire	0.0161575
15055	15164	wire	0.0161575
15056	15165	wire	0.0161575
15057	15166	wire	0.0161575
15058	15167	wire	0.0161575
15059	15168	wire	0.0161575
15060	15169	wire	0.0161575
15061	15170	wire	0.0161575
15062	15171	wire	0.0161575
15063	15172	wire	0.0161575
15064	15173	wire	0.0161575
15065	15174	wire	0.0161575
15066	15175	wire	0.0161575
15067	15176	wire	0.0161575
15068	15177	wire	0.0161575
15069	15178	wire	0.0161575
15070	15179	wire	0.0161575
15071	15180	wire	0.0161575
15072	15181	wire	0.0161575
15073	15182	wire	0.0161575
15074	15183	wire	0.0161575
15075	15184	wire	0.0161575
15076	15185	wire	0.0161575
15077	15186	wire	0.0161575
15078	15187	wire	0.0161575
15079	15188	wire	0.0161575
15080	15189	wire	0.0161575
15081	15190	wire	0.0161575
15082	15191	wire	0.0161575
15083	15192	wire	0.0161575
15084	15193	wire	0.0161575
15085	15194	wire	0.0161575
15086	15195	wire	0.0161575
15087	15196	wire	0.0161575
15088	15197	wire	0.0161575
15089	15198	wire	0.0161575
15090	15199	wire	0.0161575
15091	15200	wire	0.0161575
15092	15201	wire	0.0161575
15093	15202	wire	0.0161575
15094	15203	wire	0.0161575
15095	15204	wire	0.0161575
15096	15205	wire	0.0161575
15097	15206	wire	0.0161575
15098	15207	wire	0.0161575
15099	15208	wire	0.0161575
15100	15209	wire	0.0161575
15101	15210	wire	0.0161575
15102	15211	wire	0.0161575
15103	15212	wire	0.0161575
15104	15213	wire	0.0161575
15105	15214	wire	0.0161575
15106	15215	wire	0.0161575
15107	15216	wire	0.0161575
15108	15217	wire	0.0161575
15109	15218	wire	0.0161575
15110	15219	wire	0.0161575
15111	15220	wire	0.0161575
15112	15221	wire	0.0161575
15113	15222	wire	0.0161575
15114	15223	wire	0.0161575
15115	15224	wire	0.0161575
15116	15225	wire	0.0161575
15117	15226	wire	0.0161575
15118	15227	wire	0.0161575
15119	15228	wire	0.0161575
15120	15229	wire	0.0161575
15121	15230	wire	0.0161575
15122	15231	wire	0.0161575
15123	15232	wire	0.0161575
15124	15233	wire	0.0161575
15125	15234	wire	0.0161575
15126	15235	wire	0.0161575
15127	15236	wire	0.0161575
15128	15237	wire	0.0161575
15129	15238	wire	0.0161575
15130	15239	wire	0.0161575
15131	15240	wire	0.0161575
15132	15241	wire	0.0161575
15133	15242	wire	0.0161575
15134	15243	wire	0.0161575
15135	15244	wire	0.0161575
15136	15245	wire	0.0161575
15137	15246	wire	0.0161575
15138	15247	wire	0.0161575
15139	15248	wire	0.0161575
15140	15249	wire	0.0161575
15141	15250	wire	0.0161575
15142	15251	wire	0.0161575
15143	15252	wire	0.0161575
15144	15253	wire	0.0161575
15145	15254	wire	0.0161575
15146	15255	wire	0.0161575
15147	15256	wire	0.0161575
15148	15257	wire	0.0161575
15149	15258	wire	0.0161575
15150	15259	wire	0.0161575
15151	15260	wire	0.0161575
15152	15261	wire	0.0161575
15153	15262	wire	0.0161575
15154	15263	wire	0.0161575
15155	15264	wire	0.0161575
15156	15265	wire	0.0161575
15157	15266	wire	0.0161575
15158	15267	wire	0.0161575
15159	15268	wire	0.0161575
15160	15269	wire	0.0161575
15161	15270	wire	0.0161575
15162	15271	wire	0.0161575
15163	15272	wire	0.0161575
15164	15273	wire	0.0161575
15165	15274	wire	0.0161575
15166	15275	wire	0.0161575
15167	15276	wire	0.0161575
15168	15277	wire	0.0161575
15169	15278	wire	0.0161575
15170	15279	wire	0.0161575
15171	15280	wire	0.0161575
15172	15281	wire	0.0161575
15173	15282	wire	0.0161575
15174	15283	wire	0.0161575
15175	15284	wire	0.0161575
15176	15285	wire	0.0161575
15177	15286	wire	0.0161575
15178	15287	wire	0.0161575
15179	15288	wire	0.0161575
15180	15289	wire	0.0161575
15181	15290	wire	0.0161575
15182	15291	wire	0.0161575
15183	15292	wire	0.0161575
15184	15293	wire	0.0161575
15185	15294	wire	0.0161575
15186	15295	wire	0.0161575
15187	15296	wire	0.0161575
15188	15297	wire	0.0161575
15189	15298	wire	0.0161575
15190	15299	wire	0.0161575
15191	15300	wire	0.0161575
15192	15301	wire	0.0161575
15193	15302	wire	0.0161575
15194	15303	wire	0.0161575
15195	15304	wire	0.0161575
15196	15305	wire	0.0161575
15197	15306	wire	0.0161575
15198	15307	wire	0.0161575
15199	15308	wire	0.0161575
15200	15309	wire	0.0161575
15201	15310	wire	0.0161575
15202	15311	wire	0.0161575
15203	15312	wire	0.0161575
15204	15313	wire	0.0161575
15205	15314	wire	0.0161575
15206	15315	wire	0.0161575
15207	15316	wire	0.0161575
15208	15317	wire	0.0161575
15209	15318	wire	0.0161575
15210	15319	wire	0.0161575
15211	15320	wire	0.0161575
15212	15321	wire	0.0161575
15213	15322	wire	0.0161575
15214	15323	wire	0.0161575
15215	15324	wire	0.0161575
15216	15325	wire	0.0161575
15217	15326	wire	0.0161575
15218	15327	wire	0.0161575
15219	15328	wire	0.0161575
15220	15329	wire	0.0161575
15221	15330	wire	0.0161575
15222	15331	wire	0.0161575
15223	15332	wire	0.0161575
15224	15333	wire	0.0161575
15225	15334	wire	0.0161575
15226	15335	wire	0.0161575
15227	15336	wire	0.0161575
15228	15337	wire	0.0161575
15229	15338	wire	0.0161575
15230	15339	wire	0.0161575
15231	15340	wire	0.0161575
15232	15341	wire	0.0161575
15233	15342	wire	0.0161575
15234	15343	wire	0.0161575
15235	15344	wire	0.0161575
15236	15345	wire	0.0161575
15237	15346	wire	0.0161575
15238	15347	wire	0.0161575
15239	15348	wire	0.0161575
15240	15349	wire	0.0161575
15241	15350	wire	0.0161575
15242	15351	wire	0.0161575
15243	15352	wire	0.0161575
15244	15353	wire	0.0161575
15245	15354	wire	0.0161575
15246	15355	wire	0.0161575
15247	15356	wire	0.0161575
15248	15357	wire	0.0161575
15249	15358	wire	0.0161575
15250	15359	wire	0.0161575
15251	15360	wire	0.0161575
15252	15361	wire	0.0161575
15253	15362	wire	0.0161575
15254	15363	wire	0.0161575
15255	15364	wire	0.0161575
15256	15365	wire	0.0161575
15257	15366	wire	0.0161575
15258	15367	wire	0.0161575
15259	15368	wire	0.0161575
15260	15369	wire	0.0161575
15261	15370	wire	0.0161575
15262	15371	wire	0.0161575
15263	15372	wire	0.0161575
15264	15373	wire	0.0161575
15265	15374	wire	0.0161575
15266	15375	wire	0.0161575
15267	15376	wire	0.0161575
15268	15377	wire	0.0161575
15269	15378	wire	0.0161575
15270	15379	wire	0.0161575
15271	15380	wire	0.0161575
15272	15381	wire	0.0161575
15273	15382	wire	0.0161575
15274	15383	wire	0.0161575
15275	15384	wire	0.0161575
15276	15385	wire	0.0161575
15277	15386	wire	0.0161575
15278	15387	wire	0.0161575
15279	15388	wire	0.0161575
15280	15389	wire	0.0161575
15281	15390	wire	0.0161575
15282	15391	wire	0.0161575
15283	15392	wire	0.0161575
15284	15393	wire	0.0161575
15285	15394	wire	0.0161575
15286	15395	wire	0.0161575
15287	15396	wire	0.0161575
15288	15397	wire	0.0161575
15289	15398	wire	0.0161575
15290	15399	wire	0.0161575
15291	15400	wire	0.0161575
15292	15401	wire	0.0161575
15293	15402	wire	0.0161575
15294	15403	wire	0.0161575
15295	15404	wire	0.0161575
15296	15405	wire	0.0161575
15297	15406	wire	0.0161575
15298	15407	wire	0.0161575
15299	15408	wire	0.0161575
15300	15409	wire	0.0161575
15301	15410	wire	0.0161575
15302	15411	wire	0.0161575
15303	15412	wire	0.0161575
15304	15413	wire	0.0161575
15305	15414	wire	0.0161575
15306	15415	wire	0.0161575
15307	15416	wire	0.0161575
15308	15417	wire	0.0161575
15309	15418	wire	0.0161575
15310	15419	wire	0.0161575
15311	15420	wire	0.0161575
15312	15421	wire	0.0161575
15313	15422	wire	0.0161575
15314	15423	wire	0.0161575
15315	15424	wire	0.0161575
15316	15425	wire	0.0161575
15317	15426	wire	0.0161575
15318	15427	wire	0.0161575
15319	15428	wire	0.0161575
15320	15429	wire	0.0161575
15321	15430	wire	0.0161575
15322	15431	wire	0.0161575
15323	15432	wire	0.0161575
15324	15433	wire	0.0161575
15325	15434	wire	0.0161575
15326	15435	wire	0.0161575
15327	15436	wire	0.0161575
15328	15437	wire	0.0161575
15329	15438	wire	0.0161575
15330	15439	wire	0.0161575
15331	15440	wire	0.0161575
15332	15441	wire	0.0161575
15333	15442	wire	0.0161575
15334	15443	wire	0.0161575
15335	15444	wire	0.0161575
15336	15445	wire	0.0161575
15337	15446	wire	0.0161575
15338	15447	wire	0.0161575
15339	15448	wire	0.0161575
15340	15449	wire	0.0161575
15341	15450	wire	0.0161575
15342	15451	wire	0.0161575
15343	15452	wire	0.0161575
15344	15453	wire	0.0161575
15345	15454	wire	0.0161575
15346	15455	wire	0.0161575
15347	15456	wire	0.0161575
15348	15457	wire	0.0161575
15349	15458	wire	0.0161575
15350	15459	wire	0.0161575
15351	15460	wire	0.0161575
15352	15461	wire	0.0161575
15353	15462	wire	0.0161575
15354	15463	wire	0.0161575
15355	15464	wire	0.0161575
15356	15465	wire	0.0161575
15357	15466	wire	0.0161575
15358	15467	wire	0.0161575
15359	15468	wire	0.0161575
15360	15469	wire	0.0161575
15361	15470	wire	0.0161575
15362	15471	wire	0.0161575
15363	15472	wire	0.0161575
15364	15473	wire	0.0161575
15365	15474	wire	0.0161575
15366	15475	wire	0.0161575
15367	15476	wire	0.0161575
15368	15477	wire	0.0161575
15369	15478	wire	0.0161575
15370	15479	wire	0.0161575
15371	15480	wire	0.0161575
15372	15481	wire	0.0161575
15373	15482	wire	0.0161575
15374	15483	wire	0.0161575
15375	15484	wire	0.0161575
15376	15485	wire	0.0161575
15377	15486	wire	0.0161575
15378	15487	wire	0.0161575
15379	15488	wire	0.0161575
15380	15489	wire	0.0161575
15381	15490	wire	0.0161575
15382	15491	wire	0.0161575
15383	15492	wire	0.0161575
15384	15493	wire	0.0161575
15385	15494	wire	0.0161575
15386	15495	wire	0.0161575
15387	15496	wire	0.0161575
15388	15497	wire	0.0161575
15389	15498	wire	0.0161575
15390	15499	wire	0.0161575
15391	15500	wire	0.0161575
15392	15501	wire	0.0161575
15393	15502	wire	0.0161575
15394	15503	wire	0.0161575
15395	15504	wire	0.0161575
15396	15505	wire	0.0161575
15397	15506	wire	0.0161575
15398	15507	wire	0.0161575
15399	15508	wire	0.0161575
15400	15509	wire	0.0161575
15401	15510	wire	0.0161575
15402	15511	wire	0.0161575
15403	15512	wire	0.0161575
15404	15513	wire	0.0161575
15405	15514	wire	0.0161575
15406	15515	wire	0.0161575
15407	15516	wire	0.0161575
15408	15517	wire	0.0161575
15409	15518	wire	0.0161575
15410	15519	wire	0.0161575
15411	15520	wire	0.0161575
15412	15521	wire	0.0161575
15413	15522	wire	0.0161575
15414	15523	wire	0.0161575
15415	15524	wire	0.0161575
15416	15525	wire	0.0161575
15417	15526	wire	0.0161575
15418	15527	wire	0.0161575
15419	15528	wire	0.0161575
15420	15529	wire	0.0161575
15421	15530	wire	0.0161575
15422	15531	wire	0.0161575
15423	15532	wire	0.0161575
15424	15533	wire	0.0161575
15425	15534	wire	0.0161575
15426	15535	wire	0.0161575
15427	15536	wire	0.0161575
15428	15537	wire	0.0161575
15429	15538	wire	0.0161575
15430	15539	wire	0.0161575
15431	15540	wire	0.0161575
15432	15541	wire	0.0161575
15433	15542	wire	0.0161575
15434	15543	wire	0.0161575
15435	15544	wire	0.0161575
15436	15545	wire	0.0161575
15437	15546	wire	0.0161575
15438	15547	wire	0.0161575
15439	15548	wire	0.0161575
15440	15549	wire	0.0161575
15441	15550	wire	0.0161575
15442	15551	wire	0.0161575
15443	15552	wire	0.0161575
15444	15553	wire	0.0161575
15445	15554	wire	0.0161575
15446	15555	wire	0.0161575
15447	15556	wire	0.0161575
15448	15557	wire	0.0161575
15449	15558	wire	0.0161575
15450	15559	wire	0.0161575
15451	15560	wire	0.0161575
15452	15561	wire	0.0161575
15453	15562	wire	0.0161575
15454	15563	wire	0.0161575
15455	15564	wire	0.0161575
15456	15565	wire	0.0161575
15457	15566	wire	0.0161575
15458	15567	wire	0.0161575
15459	15568	wire	0.0161575
15460	15569	wire	0.0161575
15461	15570	wire	0.0161575
15462	15571	wire	0.0161575
15463	15572	wire	0.0161575
15464	15573	wire	0.0161575
15465	15574	wire	0.0161575
15466	15575	wire	0.0161575
15467	15576	wire	0.0161575
15468	15577	wire	0.0161575
15469	15578	wire	0.0161575
15470	15579	wire	0.0161575
15471	15580	wire	0.0161575
15472	15581	wire	0.0161575
15473	15582	wire	0.0161575
15474	15583	wire	0.0161575
15475	15584	wire	0.0161575
15476	15585	wire	0.0161575
15477	15586	wire	0.0161575
15478	15587	wire	0.0161575
15479	15588	wire	0.0161575
15480	15589	wire	0.0161575
15481	15590	wire	0.0161575
15482	15591	wire	0.0161575
15483	15592	wire	0.0161575
15484	15593	wire	0.0161575
15485	15594	wire	0.0161575
15486	15595	wire	0.0161575
15487	15596	wire	0.0161575
15488	15597	wire	0.0161575
15489	15598	wire	0.0161575
15490	15599	wire	0.0161575
15491	15600	wire	0.0161575
15492	15601	wire	0.0161575
15493	15602	wire	0.0161575
15494	15603	wire	0.0161575
15495	15604	wire	0.0161575
15496	15605	wire	0.0161575
15497	15606	wire	0.0161575
15498	15607	wire	0.0161575
15499	15608	wire	0.0161575
15500	15609	wire	0.0161575
15501	15610	wire	0.0161575
15502	15611	wire	0.0161575
15503	15612	wire	0.0161575
15504	15613	wire	0.0161575
15505	15614	wire	0.0161575
15506	15615	wire	0.0161575
15507	15616	wire	0.0161575
15508	15617	wire	0.0161575
15509	15618	wire	0.0161575
15510	15619	wire	0.0161575
15511	15620	wire	0.0161575
15512	15621	wire	0.0161575
15513	15622	wire	0.0161575
15514	15623	wire	0.0161575
15515	15624	wire	0.0161575
15516	15625	wire	0.0161575
15517	15626	wire	0.0161575
15518	15627	wire	0.0161575
15519	15628	wire	0.0161575
15520	15629	wire	0.0161575
15521	15630	wire	0.0161575
15522	15631	wire	0.0161575
15523	15632	wire	0.0161575
15524	15633	wire	0.0161575
15525	15634	wire	0.0161575
15526	15635	wire	0.0161575
15527	15636	wire	0.0161575
15528	15637	wire	0.0161575
15529	15638	wire	0.0161575
15530	15639	wire	0.0161575
15531	15640	wire	0.0161575
15532	15641	wire	0.0161575
15533	15642	wire	0.0161575
15534	15643	wire	0.0161575
15535	15644	wire	0.0161575
15536	15645	wire	0.0161575
15537	15646	wire	0.0161575
15538	15647	wire	0.0161575
15539	15648	wire	0.0161575
15540	15649	wire	0.0161575
15541	15650	wire	0.0161575
15542	15651	wire	0.0161575
15543	15652	wire	0.0161575
15544	15653	wire	0.0161575
15545	15654	wire	0.0161575
15546	15655	wire	0.0161575
15547	15656	wire	0.0161575
15548	15657	wire	0.0161575
15549	15658	wire	0.0161575
15550	15659	wire	0.0161575
15551	15660	wire	0.0161575
15552	15661	wire	0.0161575
15553	15662	wire	0.0161575
15554	15663	wire	0.0161575
15555	15664	wire	0.0161575
15556	15665	wire	0.0161575
15557	15666	wire	0.0161575
15558	15667	wire	0.0161575
15559	15668	wire	0.0161575
15560	15669	wire	0.0161575
15561	15670	wire	0.0161575
15562	15671	wire	0.0161575
15563	15672	wire	0.0161575
15564	15673	wire	0.0161575
15565	15674	wire	0.0161575
15566	15675	wire	0.0161575
15567	15676	wire	0.0161575
15568	15677	wire	0.0161575
15569	15678	wire	0.0161575
15570	15679	wire	0.0161575
15571	15680	wire	0.0161575
15572	15681	wire	0.0161575
15573	15682	wire	0.0161575
15574	15683	wire	0.0161575
15575	15684	wire	0.0161575
15576	15685	wire	0.0161575
15577	15686	wire	0.0161575
15578	15687	wire	0.0161575
15579	15688	wire	0.0161575
15580	15689	wire	0.0161575
15581	15690	wire	0.0161575
15582	15691	wire	0.0161575
15583	15692	wire	0.0161575
15584	15693	wire	0.0161575
15585	15694	wire	0.0161575
15586	15695	wire	0.0161575
15587	15696	wire	0.0161575
15588	15697	wire	0.0161575
15589	15698	wire	0.0161575
15590	15699	wire	0.0161575
15591	15700	wire	0.0161575
15592	15701	wire	0.0161575
15593	15702	wire	0.0161575
15594	15703	wire	0.0161575
15595	15704	wire	0.0161575
15596	15705	wire	0.0161575
15597	15706	wire	0.0161575
15598	15707	wire	0.0161575
15599	15708	wire	0.0161575
15600	15709	wire	0.0161575
15601	15710	wire	0.0161575
15602	15711	wire	0.0161575
15603	15712	wire	0.0161575
15604	15713	wire	0.0161575
15605	15714	wire	0.0161575
15606	15715	wire	0.0161575
15607	15716	wire	0.0161575
15608	15717	wire	0.0161575
15609	15718	wire	0.0161575
15610	15719	wire	0.0161575
15611	15720	wire	0.0161575
15612	15721	wire	0.0161575
15613	15722	wire	0.0161575
15614	15723	wire	0.0161575
15615	15724	wire	0.0161575
15616	15725	wire	0.0161575
15617	15726	wire	0.0161575
15618	15727	wire	0.0161575
15619	15728	wire	0.0161575
15620	15729	wire	0.0161575
15621	15730	wire	0.0161575
15622	15731	wire	0.0161575
15623	15732	wire	0.0161575
15624	15733	wire	0.0161575
15625	15734	wire	0.0161575
15626	15735	wire	0.0161575
15627	15736	wire	0.0161575
15628	15737	wire	0.0161575
15629	15738	wire	0.0161575
15630	15739	wire	0.0161575
15631	15740	wire	0.0161575
15632	15741	wire	0.0161575
15633	15742	wire	0.0161575
15634	15743	wire	0.0161575
15635	15744	wire	0.0161575
15636	15745	wire	0.0161575
15637	15746	wire	0.0161575
15638	15747	wire	0.0161575
15639	15748	wire	0.0161575
15640	15749	wire	0.0161575
15641	15750	wire	0.0161575
15642	15751	wire	0.0161575
15643	15752	wire	0.0161575
15644	15753	wire	0.0161575
15645	15754	wire	0.0161575
15646	15755	wire	0.0161575
15647	15756	wire	0.0161575
15648	15757	wire	0.0161575
15649	15758	wire	0.0161575
15650	15759	wire	0.0161575
15651	15760	wire	0.0161575
15652	15761	wire	0.0161575
15653	15762	wire	0.0161575
15654	15763	wire	0.0161575
15655	15764	wire	0.0161575
15656	15765	wire	0.0161575
15657	15766	wire	0.0161575
15658	15767	wire	0.0161575
15659	15768	wire	0.0161575
15660	15769	wire	0.0161575
15661	15770	wire	0.0161575
15662	15771	wire	0.0161575
15663	15772	wire	0.0161575
15664	15773	wire	0.0161575
15665	15774	wire	0.0161575
15666	15775	wire	0.0161575
15667	15776	wire	0.0161575
15668	15777	wire	0.0161575
15669	15778	wire	0.0161575
15670	15779	wire	0.0161575
15671	15780	wire	0.0161575
15672	15781	wire	0.0161575
15673	15782	wire	0.0161575
15674	15783	wire	0.0161575
15675	15784	wire	0.0161575
15676	15785	wire	0.0161575
15677	15786	wire	0.0161575
15678	15787	wire	0.0161575
15679	15788	wire	0.0161575
15680	15789	wire	0.0161575
15681	15790	wire	0.0161575
15682	15791	wire	0.0161575
15683	15792	wire	0.0161575
15684	15793	wire	0.0161575
15685	15794	wire	0.0161575
15686	15795	wire	0.0161575
15687	15796	wire	0.0161575
15688	15797	wire	0.0161575
15689	15798	wire	0.0161575
15690	15799	wire	0.0161575
15691	15800	wire	0.0161575
15692	15801	wire	0.0161575
15693	15802	wire	0.0161575
15694	15803	wire	0.0161575
15695	15804	wire	0.0161575
15696	15805	wire	0.0161575
15697	15806	wire	0.0161575
15698	15807	wire	0.0161575
15699	15808	wire	0.0161575
15700	15809	wire	0.0161575
15701	15810	wire	0.0161575
15702	15811	wire	0.0161575
15703	15812	wire	0.0161575
15704	15813	wire	0.0161575
15705	15814	wire	0.0161575
15706	15815	wire	0.0161575
15707	15816	wire	0.0161575
15708	15817	wire	0.0161575
15709	15818	wire	0.0161575
15710	15819	wire	0.0161575
15711	15820	wire	0.0161575
15712	15821	wire	0.0161575
15713	15822	wire	0.0161575
15714	15823	wire	0.0161575
15715	15824	wire	0.0161575
15716	15825	wire	0.0161575
15717	15826	wire	0.0161575
15718	15827	wire	0.0161575
15719	15828	wire	0.0161575
15720	15829	wire	0.0161575
15721	15830	wire	0.0161575
15722	15831	wire	0.0161575
15723	15832	wire	0.0161575
15724	15833	wire	0.0161575
15725	15834	wire	0.0161575
15726	15835	wire	0.0161575
15727	15836	wire	0.0161575
15728	15837	wire	0.0161575
15729	15838	wire	0.0161575
15730	15839	wire	0.0161575
15731	15840	wire	0.0161575
15732	15841	wire	0.0161575
15733	15842	wire	0.0161575
15734	15843	wire	0.0161575
15735	15844	wire	0.0161575
15736	15845	wire	0.0161575
15737	15846	wire	0.0161575
15738	15847	wire	0.0161575
15739	15848	wire	0.0161575
15740	15849	wire	0.0161575
15741	15850	wire	0.0161575
15742	15851	wire	0.0161575
15743	15852	wire	0.0161575
15744	15853	wire	0.0161575
15745	15854	wire	0.0161575
15746	15855	wire	0.0161575
15747	15856	wire	0.0161575
15748	15857	wire	0.0161575
15749	15858	wire	0.0161575
15750	15859	wire	0.0161575
15751	15860	wire	0.0161575
15752	15861	wire	0.0161575
15753	15862	wire	0.0161575
15754	15863	wire	0.0161575
15755	15864	wire	0.0161575
15756	15865	wire	0.0161575
15757	15866	wire	0.0161575
15758	15867	wire	0.0161575
15759	15868	wire	0.0161575
15760	15869	wire	0.0161575
15761	15870	wire	0.0161575
15762	15871	wire	0.0161575
15763	15872	wire	0.0161575
15764	15873	wire	0.0161575
15765	15874	wire	0.0161575
15766	15875	wire	0.0161575
15767	15876	wire	0.0161575
15768	15877	wire	0.0161575
15769	15878	wire	0.0161575
15770	15879	wire	0.0161575
15771	15880	wire	0.0161575
15772	15881	wire	0.0161575
15773	15882	wire	0.0161575
15774	15883	wire	0.0161575
15775	15884	wire	0.0161575
15776	15885	wire	0.0161575
15777	15886	wire	0.0161575
15778	15887	wire	0.0161575
15779	15888	wire	0.0161575
15780	15889	wire	0.0161575
15781	15890	wire	0.0161575
15782	15891	wire	0.0161575
15783	15892	wire	0.0161575
15784	15893	wire	0.0161575
15785	15894	wire	0.0161575
15786	15895	wire	0.0161575
15787	15896	wire	0.0161575
15788	15897	wire	0.0161575
15789	15898	wire	0.0161575
15790	15899	wire	0.0161575
15791	15900	wire	0.0161575
15792	15901	wire	0.0161575
15793	15902	wire	0.0161575
15794	15903	wire	0.0161575
15795	15904	wire	0.0161575
15796	15905	wire	0.0161575
15797	15906	wire	0.0161575
15798	15907	wire	0.0161575
15799	15908	wire	0.0161575
15800	15909	wire	0.0161575
15801	15910	wire	0.0161575
15802	15911	wire	0.0161575
15803	15912	wire	0.0161575
15804	15913	wire	0.0161575
15805	15914	wire	0.0161575
15806	15915	wire	0.0161575
15807	15916	wire	0.0161575
15808	15917	wire	0.0161575
15809	15918	wire	0.0161575
15810	15919	wire	0.0161575
15811	15920	wire	0.0161575
15812	15921	wire	0.0161575
15813	15922	wire	0.0161575
15814	15923	wire	0.0161575
15815	15924	wire	0.0161575
15816	15925	wire	0.0161575
15817	15926	wire	0.0161575
15818	15927	wire	0.0161575
15819	15928	wire	0.0161575
15820	15929	wire	0.0161575
15821	15930	wire	0.0161575
15822	15931	wire	0.0161575
15823	15932	wire	0.0161575
15824	15933	wire	0.0161575
15825	15934	wire	0.0161575
15826	15935	wire	0.0161575
15827	15936	wire	0.0161575
15828	15937	wire	0.0161575
15829	15938	wire	0.0161575
15830	15939	wire	0.0161575
15831	15940	wire	0.0161575
15832	15941	wire	0.0161575
15833	15942	wire	0.0161575
15834	15943	wire	0.0161575
15835	15944	wire	0.0161575
15836	15945	wire	0.0161575
15837	15946	wire	0.0161575
15838	15947	wire	0.0161575
15839	15948	wire	0.0161575
15840	15949	wire	0.0161575
15841	15950	wire	0.0161575
15842	15951	wire	0.0161575
15843	15952	wire	0.0161575
15844	15953	wire	0.0161575
15845	15954	wire	0.0161575
15846	15955	wire	0.0161575
15847	15956	wire	0.0161575
15848	15957	wire	0.0161575
15849	15958	wire	0.0161575
15850	15959	wire	0.0161575
15851	15960	wire	0.0161575
15852	15961	wire	0.0161575
15853	15962	wire	0.0161575
15854	15963	wire	0.0161575
15855	15964	wire	0.0161575
15856	15965	wire	0.0161575
15857	15966	wire	0.0161575
15858	15967	wire	0.0161575
15859	15968	wire	0.0161575
15860	15969	wire	0.0161575
15861	15970	wire	0.0161575
15862	15971	wire	0.0161575
15863	15972	wire	0.0161575
15864	15973	wire	0.0161575
15865	15974	wire	0.0161575
15866	15975	wire	0.0161575
15867	15976	wire	0.0161575
15868	15977	wire	0.0161575
15869	15978	wire	0.0161575
15870	15979	wire	0.0161575
15871	15980	wire	0.0161575
15872	15981	wire	0.0161575
15873	15982	wire	0.0161575
15874	15983	wire	0.0161575
15875	15984	wire	0.0161575
15876	15985	wire	0.0161575
15877	15986	wire	0.0161575
15878	15987	wire	0.0161575
15879	15988	wire	0.0161575
15880	15989	wire	0.0161575
15881	15990	wire	0.0161575
15882	15991	wire	0.0161575
15883	15992	wire	0.0161575
15884	15993	wire	0.0161575
15885	15994	wire	0.0161575
15886	15995	wire	0.0161575
15887	15996	wire	0.0161575
15888	15997	wire	0.0161575
15889	15998	wire	0.0161575
15890	15999	wire	0.0161575
15891	16000	wire	0.0161575
15892	16001	wire	0.0161575
15893	16002	wire	0.0161575
15894	16003	wire	0.0161575
15895	16004	wire	0.0161575
15896	16005	wire	0.0161575
15897	16006	wire	0.0161575
15898	16007	wire	0.0161575
15899	16008	wire	0.0161575
15900	16009	wire	0.0161575
15901	16010	wire	0.0161575
15902	16011	wire	0.0161575
15903	16012	wire	0.0161575
15904	16013	wire	0.0161575
15905	16014	wire	0.0161575
15906	16015	wire	0.0161575
15907	16016	wire	0.0161575
15908	16017	wire	0.0161575
15909	16018	wire	0.0161575
15910	16019	wire	0.0161575
15911	16020	wire	0.0161575
15912	16021	wire	0.0161575
15913	16022	wire	0.0161575
15914	16023	wire	0.0161575
15915	16024	wire	0.0161575
15916	16025	wire	0.0161575
15917	16026	wire	0.0161575
15918	16027	wire	0.0161575
15919	16028	wire	0.0161575
15920	16029	wire	0.0161575
15921	16030	wire	0.0161575
15922	16031	wire	0.0161575
15923	16032	wire	0.0161575
15924	16033	wire	0.0161575
15925	16034	wire	0.0161575
15926	16035	wire	0.0161575
15927	16036	wire	0.0161575
15928	16037	wire	0.0161575
15929	16038	wire	0.0161575
15930	16039	wire	0.0161575
15931	16040	wire	0.0161575
15932	16041	wire	0.0161575
15933	16042	wire	0.0161575
15934	16043	wire	0.0161575
15935	16044	wire	0.0161575
15936	16045	wire	0.0161575
15937	16046	wire	0.0161575
15938	16047	wire	0.0161575
15939	16048	wire	0.0161575
15940	16049	wire	0.0161575
15941	16050	wire	0.0161575
15942	16051	wire	0.0161575
15943	16052	wire	0.0161575
15944	16053	wire	0.0161575
15945	16054	wire	0.0161575
15946	16055	wire	0.0161575
15947	16056	wire	0.0161575
15948	16057	wire	0.0161575
15949	16058	wire	0.0161575
15950	16059	wire	0.0161575
15951	16060	wire	0.0161575
15952	16061	wire	0.0161575
15953	16062	wire	0.0161575
15954	16063	wire	0.0161575
15955	16064	wire	0.0161575
15956	16065	wire	0.0161575
15957	16066	wire	0.0161575
15958	16067	wire	0.0161575
15959	16068	wire	0.0161575
15960	16069	wire	0.0161575
15961	16070	wire	0.0161575
15962	16071	wire	0.0161575
15963	16072	wire	0.0161575
15964	16073	wire	0.0161575
15965	16074	wire	0.0161575
15966	16075	wire	0.0161575
15967	16076	wire	0.0161575
15968	16077	wire	0.0161575
15969	16078	wire	0.0161575
15970	16079	wire	0.0161575
15971	16080	wire	0.0161575
15972	16081	wire	0.0161575
15973	16082	wire	0.0161575
15974	16083	wire	0.0161575
15975	16084	wire	0.0161575
15976	16085	wire	0.0161575
15977	16086	wire	0.0161575
15978	16087	wire	0.0161575
15979	16088	wire	0.0161575
15980	16089	wire	0.0161575
15981	16090	wire	0.0161575
15982	16091	wire	0.0161575
15983	16092	wire	0.0161575
15984	16093	wire	0.0161575
15985	16094	wire	0.0161575
15986	16095	wire	0.0161575
15987	16096	wire	0.0161575
15988	16097	wire	0.0161575
15989	16098	wire	0.0161575
15990	16099	wire	0.0161575
15991	16100	wire	0.0161575
15992	16101	wire	0.0161575
15993	16102	wire	0.0161575
15994	16103	wire	0.0161575
15995	16104	wire	0.0161575
15996	16105	wire	0.0161575
15997	16106	wire	0.0161575
15998	16107	wire	0.0161575
15999	16108	wire	0.0161575
16000	16109	wire	0.0161575
16001	16110	wire	0.0161575
16002	16111	wire	0.0161575
16003	16112	wire	0.0161575
16004	16113	wire	0.0161575
16005	16114	wire	0.0161575
16006	16115	wire	0.0161575
16007	16116	wire	0.0161575
16008	16117	wire	0.0161575
16009	16118	wire	0.0161575
16010	16119	wire	0.0161575
16011	16120	wire	0.0161575
16012	16121	wire	0.0161575
16013	16122	wire	0.0161575
16014	16123	wire	0.0161575
16015	16124	wire	0.0161575
16016	16125	wire	0.0161575
16017	16126	wire	0.0161575
16018	16127	wire	0.0161575
16019	16128	wire	0.0161575
16020	16129	wire	0.0161575
16021	16130	wire	0.0161575
16022	16131	wire	0.0161575
16023	16132	wire	0.0161575
16024	16133	wire	0.0161575
16025	16134	wire	0.0161575
16026	16135	wire	0.0161575
16027	16136	wire	0.0161575
16028	16137	wire	0.0161575
16029	16138	wire	0.0161575
16030	16139	wire	0.0161575
16031	16140	wire	0.0161575
16032	16141	wire	0.0161575
16033	16142	wire	0.0161575
16034	16143	wire	0.0161575
16035	16144	wire	0.0161575
16036	16145	wire	0.0161575
16037	16146	wire	0.0161575
16038	16147	wire	0.0161575
16039	16148	wire	0.0161575
16040	16149	wire	0.0161575
16041	16150	wire	0.0161575
16042	16151	wire	0.0161575
16043	16152	wire	0.0161575
16044	16153	wire	0.0161575
16045	16154	wire	0.0161575
16046	16155	wire	0.0161575
16047	16156	wire	0.0161575
16048	16157	wire	0.0161575
16049	16158	wire	0.0161575
16050	16159	wire	0.0161575
16051	16160	wire	0.0161575
16052	16161	wire	0.0161575
16053	16162	wire	0.0161575
16054	16163	wire	0.0161575
16055	16164	wire	0.0161575
16056	16165	wire	0.0161575
16057	16166	wire	0.0161575
16058	16167	wire	0.0161575
16059	16168	wire	0.0161575
16060	16169	wire	0.0161575
16061	16170	wire	0.0161575
16062	16171	wire	0.0161575
16063	16172	wire	0.0161575
16064	16173	wire	0.0161575
16065	16174	wire	0.0161575
16066	16175	wire	0.0161575
16067	16176	wire	0.0161575
16068	16177	wire	0.0161575
16069	16178	wire	0.0161575
16070	16179	wire	0.0161575
16071	16180	wire	0.0161575
16072	16181	wire	0.0161575
16073	16182	wire	0.0161575
16074	16183	wire	0.0161575
16075	16184	wire	0.0161575
16076	16185	wire	0.0161575
16077	16186	wire	0.0161575
16078	16187	wire	0.0161575
16079	16188	wire	0.0161575
16080	16189	wire	0.0161575
16081	16190	wire	0.0161575
16082	16191	wire	0.0161575
16083	16192	wire	0.0161575
16084	16193	wire	0.0161575
16085	16194	wire	0.0161575
16086	16195	wire	0.0161575
16087	16196	wire	0.0161575
16088	16197	wire	0.0161575
16089	16198	wire	0.0161575
16090	16199	wire	0.0161575
16091	16200	wire	0.0161575
16092	16201	wire	0.0161575
16093	16202	wire	0.0161575
16094	16203	wire	0.0161575
16095	16204	wire	0.0161575
16096	16205	wire	0.0161575
16097	16206	wire	0.0161575
16098	16207	wire	0.0161575
16099	16208	wire	0.0161575
16100	16209	wire	0.0161575
16101	16210	wire	0.0161575
16102	16211	wire	0.0161575
16103	16212	wire	0.0161575
16104	16213	wire	0.0161575
16105	16214	wire	0.0161575
16106	16215	wire	0.0161575
16107	16216	wire	0.0161575
16108	16217	wire	0.0161575
16109	16218	wire	0.0161575
16110	16219	wire	0.0161575
16111	16220	wire	0.0161575
16112	16221	wire	0.0161575
16113	16222	wire	0.0161575
16114	16223	wire	0.0161575
16115	16224	wire	0.0161575
16116	16225	wire	0.0161575
16117	16226	wire	0.0161575
16118	16227	wire	0.0161575
16119	16228	wire	0.0161575
16120	16229	wire	0.0161575
16121	16230	wire	0.0161575
16122	16231	wire	0.0161575
16123	16232	wire	0.0161575
16124	16233	wire	0.0161575
16125	16234	wire	0.0161575
16126	16235	wire	0.0161575
16127	16236	wire	0.0161575
16128	16237	wire	0.0161575
16129	16238	wire	0.0161575
16130	16239	wire	0.0161575
16131	16240	wire	0.0161575
16132	16241	wire	0.0161575
16133	16242	wire	0.0161575
16134	16243	wire	0.0161575
16135	16244	wire	0.0161575
16136	16245	wire	0.0161575
16137	16246	wire	0.0161575
16138	16247	wire	0.0161575
16139	16248	wire	0.0161575
16140	16249	wire	0.0161575
16141	16250	wire	0.0161575
16142	16251	wire	0.0161575
16143	16252	wire	0.0161575
16144	16253	wire	0.0161575
16145	16254	wire	0.0161575
16146	16255	wire	0.0161575
16147	16256	wire	0.0161575
16148	16257	wire	0.0161575
16149	16258	wire	0.0161575
16150	16259	wire	0.0161575
16151	16260	wire	0.0161575
16152	16261	wire	0.0161575
16153	16262	wire	0.0161575
16154	16263	wire	0.0161575
16155	16264	wire	0.0161575
16156	16265	wire	0.0161575
16157	16266	wire	0.0161575
16158	16267	wire	0.0161575
16159	16268	wire	0.0161575
16160	16269	wire	0.0161575
16161	16270	wire	0.0161575
16162	16271	wire	0.0161575
16163	16272	wire	0.0161575
16164	16273	wire	0.0161575
16165	16274	wire	0.0161575
16166	16275	wire	0.0161575
16167	16276	wire	0.0161575
16168	16277	wire	0.0161575
16169	16278	wire	0.0161575
16170	16279	wire	0.0161575
16171	16280	wire	0.0161575
16172	16281	wire	0.0161575
16173	16282	wire	0.0161575
16174	16283	wire	0.0161575
16175	16284	wire	0.0161575
16176	16285	wire	0.0161575
16177	16286	wire	0.0161575
16178	16287	wire	0.0161575
16179	16288	wire	0.0161575
16180	16289	wire	0.0161575
16181	16290	wire	0.0161575
16182	16291	wire	0.0161575
16183	16292	wire	0.0161575
16184	16293	wire	0.0161575
16185	16294	wire	0.0161575
16186	16295	wire	0.0161575
16187	16296	wire	0.0161575
16188	16297	wire	0.0161575
16189	16298	wire	0.0161575
16190	16299	wire	0.0161575
16191	16300	wire	0.0161575
16192	16301	wire	0.0161575
16193	16302	wire	0.0161575
16194	16303	wire	0.0161575
16195	16304	wire	0.0161575
16196	16305	wire	0.0161575
16197	16306	wire	0.0161575
16198	16307	wire	0.0161575
16199	16308	wire	0.0161575
16200	16309	wire	0.0161575
16201	16310	wire	0.0161575
16202	16311	wire	0.0161575
16203	16312	wire	0.0161575
16204	16313	wire	0.0161575
16205	16314	wire	0.0161575
16206	16315	wire	0.0161575
16207	16316	wire	0.0161575
16208	16317	wire	0.0161575
16209	16318	wire	0.0161575
16210	16319	wire	0.0161575
16211	16320	wire	0.0161575
16212	16321	wire	0.0161575
16213	16322	wire	0.0161575
16214	16323	wire	0.0161575
16215	16324	wire	0.0161575
16216	16325	wire	0.0161575
16217	16326	wire	0.0161575
16218	16327	wire	0.0161575
16219	16328	wire	0.0161575
16220	16329	wire	0.0161575
16221	16330	wire	0.0161575
16222	16331	wire	0.0161575
16223	16332	wire	0.0161575
16224	16333	wire	0.0161575
16225	16334	wire	0.0161575
16226	16335	wire	0.0161575
16227	16336	wire	0.0161575
16228	16337	wire	0.0161575
16229	16338	wire	0.0161575
16230	16339	wire	0.0161575
16231	16340	wire	0.0161575
16232	16341	wire	0.0161575
16233	16342	wire	0.0161575
16234	16343	wire	0.0161575
16235	16344	wire	0.0161575
16236	16345	wire	0.0161575
16237	16346	wire	0.0161575
16238	16347	wire	0.0161575
16239	16348	wire	0.0161575
16240	16349	wire	0.0161575
16241	16350	wire	0.0161575
16242	16351	wire	0.0161575
16243	16352	wire	0.0161575
16244	16353	wire	0.0161575
16245	16354	wire	0.0161575
16246	16355	wire	0.0161575
16247	16356	wire	0.0161575
16248	16357	wire	0.0161575
16249	16358	wire	0.0161575
16250	16359	wire	0.0161575
16251	16360	wire	0.0161575
16252	16361	wire	0.0161575
16253	16362	wire	0.0161575
16254	16363	wire	0.0161575
16255	16364	wire	0.0161575
16256	16365	wire	0.0161575
16257	16366	wire	0.0161575
16258	16367	wire	0.0161575
16259	16368	wire	0.0161575
16260	16369	wire	0.0161575
16261	16370	wire	0.0161575
16262	16371	wire	0.0161575
16263	16372	wire	0.0161575
16264	16373	wire	0.0161575
16265	16374	wire	0.0161575
16266	16375	wire	0.0161575
16267	16376	wire	0.0161575
16268	16377	wire	0.0161575
16269	16378	wire	0.0161575
16270	16379	wire	0.0161575
16271	16380	wire	0.0161575
16272	16381	wire	0.0161575
16273	16382	wire	0.0161575
16274	16383	wire	0.0161575
16275	16384	wire	0.0161575
16276	16385	wire	0.0161575
16277	16386	wire	0.0161575
16278	16387	wire	0.0161575
16279	16388	wire	0.0161575
16280	16389	wire	0.0161575
16281	16390	wire	0.0161575
16282	16391	wire	0.0161575
16283	16392	wire	0.0161575
16284	16393	wire	0.0161575
16285	16394	wire	0.0161575
16286	16395	wire	0.0161575
16287	16396	wire	0.0161575
16288	16397	wire	0.0161575
16289	16398	wire	0.0161575
16290	16399	wire	0.0161575
16291	16400	wire	0.0161575
16292	16401	wire	0.0161575
16293	16402	wire	0.0161575
16294	16403	wire	0.0161575
16295	16404	wire	0.0161575
16296	16405	wire	0.0161575
16297	16406	wire	0.0161575
16298	16407	wire	0.0161575
16299	16408	wire	0.0161575
16300	16409	wire	0.0161575
16301	16410	wire	0.0161575
16302	16411	wire	0.0161575
16303	16412	wire	0.0161575
16304	16413	wire	0.0161575
16305	16414	wire	0.0161575
16306	16415	wire	0.0161575
16307	16416	wire	0.0161575
16308	16417	wire	0.0161575
16309	16418	wire	0.0161575
16310	16419	wire	0.0161575
16311	16420	wire	0.0161575
16312	16421	wire	0.0161575
16313	16422	wire	0.0161575
16314	16423	wire	0.0161575
16315	16424	wire	0.0161575
16316	16425	wire	0.0161575
16317	16426	wire	0.0161575
16318	16427	wire	0.0161575
16319	16428	wire	0.0161575
16320	16429	wire	0.0161575
16321	16430	wire	0.0161575
16322	16431	wire	0.0161575
16323	16432	wire	0.0161575
16324	16433	wire	0.0161575
16325	16434	wire	0.0161575
16326	16435	wire	0.0161575
16327	16436	wire	0.0161575
16328	16437	wire	0.0161575
16329	16438	wire	0.0161575
16330	16439	wire	0.0161575
16331	16440	wire	0.0161575
16332	16441	wire	0.0161575
16333	16442	wire	0.0161575
16334	16443	wire	0.0161575
16335	16444	wire	0.0161575
16336	16445	wire	0.0161575
16337	16446	wire	0.0161575
16338	16447	wire	0.0161575
16339	16448	wire	0.0161575
16340	16449	wire	0.0161575
16341	16450	wire	0.0161575
16342	16451	wire	0.0161575
16343	16452	wire	0.0161575
16344	16453	wire	0.0161575
16345	16454	wire	0.0161575
16346	16455	wire	0.0161575
16347	16456	wire	0.0161575
16348	16457	wire	0.0161575
16349	16458	wire	0.0161575
16350	16459	wire	0.0161575
16351	16460	wire	0.0161575
16352	16461	wire	0.0161575
16353	16462	wire	0.0161575
16354	16463	wire	0.0161575
16355	16464	wire	0.0161575
16356	16465	wire	0.0161575
16357	16466	wire	0.0161575
16358	16467	wire	0.0161575
16359	16468	wire	0.0161575
16360	16469	wire	0.0161575
16361	16470	wire	0.0161575
16362	16471	wire	0.0161575
16363	16472	wire	0.0161575
16364	16473	wire	0.0161575
16365	16474	wire	0.0161575
16366	16475	wire	0.0161575
16367	16476	wire	0.0161575
16368	16477	wire	0.0161575
16369	16478	wire	0.0161575
16370	16479	wire	0.0161575
16371	16480	wire	0.0161575
16372	16481	wire	0.0161575
16373	16482	wire	0.0161575
16374	16483	wire	0.0161575
16375	16484	wire	0.0161575
16376	16485	wire	0.0161575
16377	16486	wire	0.0161575
16378	16487	wire	0.0161575
16379	16488	wire	0.0161575
16380	16489	wire	0.0161575
16381	16490	wire	0.0161575
16382	16491	wire	0.0161575
16383	16492	wire	0.0161575
16384	16493	wire	0.0161575
16385	16494	wire	0.0161575
16386	16495	wire	0.0161575
16387	16496	wire	0.0161575
16388	16497	wire	0.0161575
16389	16498	wire	0.0161575
16390	16499	wire	0.0161575
16391	16500	wire	0.0161575
16392	16501	wire	0.0161575
16393	16502	wire	0.0161575
16394	16503	wire	0.0161575
16395	16504	wire	0.0161575
16396	16505	wire	0.0161575
16397	16506	wire	0.0161575
16398	16507	wire	0.0161575
16399	16508	wire	0.0161575
16400	16509	wire	0.0161575
16401	16510	wire	0.0161575
16402	16511	wire	0.0161575
16403	16512	wire	0.0161575
16404	16513	wire	0.0161575
16405	16514	wire	0.0161575
16406	16515	wire	0.0161575
16407	16516	wire	0.0161575
16408	16517	wire	0.0161575
16409	16518	wire	0.0161575
16410	16519	wire	0.0161575
16411	16520	wire	0.0161575
16412	16521	wire	0.0161575
16413	16522	wire	0.0161575
16414	16523	wire	0.0161575
16415	16524	wire	0.0161575
16416	16525	wire	0.0161575
16417	16526	wire	0.0161575
16418	16527	wire	0.0161575
16419	16528	wire	0.0161575
16420	16529	wire	0.0161575
16421	16530	wire	0.0161575
16422	16531	wire	0.0161575
16423	16532	wire	0.0161575
16424	16533	wire	0.0161575
16425	16534	wire	0.0161575
16426	16535	wire	0.0161575
16427	16536	wire	0.0161575
16428	16537	wire	0.0161575
16429	16538	wire	0.0161575
16430	16539	wire	0.0161575
16431	16540	wire	0.0161575
16432	16541	wire	0.0161575
16433	16542	wire	0.0161575
16434	16543	wire	0.0161575
16435	16544	wire	0.0161575
16436	16545	wire	0.0161575
16437	16546	wire	0.0161575
16438	16547	wire	0.0161575
16439	16548	wire	0.0161575
16440	16549	wire	0.0161575
16441	16550	wire	0.0161575
16442	16551	wire	0.0161575
16443	16552	wire	0.0161575
16444	16553	wire	0.0161575
16445	16554	wire	0.0161575
16446	16555	wire	0.0161575
16447	16556	wire	0.0161575
16448	16557	wire	0.0161575
16449	16558	wire	0.0161575
16450	16559	wire	0.0161575
16451	16560	wire	0.0161575
16452	16561	wire	0.0161575
16453	16562	wire	0.0161575
16454	16563	wire	0.0161575
16455	16564	wire	0.0161575
16456	16565	wire	0.0161575
16457	16566	wire	0.0161575
16458	16567	wire	0.0161575
16459	16568	wire	0.0161575
16460	16569	wire	0.0161575
16461	16570	wire	0.0161575
16462	16571	wire	0.0161575
16463	16572	wire	0.0161575
16464	16573	wire	0.0161575
16465	16574	wire	0.0161575
16466	16575	wire	0.0161575
16467	16576	wire	0.0161575
16468	16577	wire	0.0161575
16469	16578	wire	0.0161575
16470	16579	wire	0.0161575
16471	16580	wire	0.0161575
16472	16581	wire	0.0161575
16473	16582	wire	0.0161575
16474	16583	wire	0.0161575
16475	16584	wire	0.0161575
16476	16585	wire	0.0161575
16477	16586	wire	0.0161575
16478	16587	wire	0.0161575
16479	16588	wire	0.0161575
16480	16589	wire	0.0161575
16481	16590	wire	0.0161575
16482	16591	wire	0.0161575
16483	16592	wire	0.0161575
16484	16593	wire	0.0161575
16485	16594	wire	0.0161575
16486	16595	wire	0.0161575
16487	16596	wire	0.0161575
16488	16597	wire	0.0161575
16489	16598	wire	0.0161575
16490	16599	wire	0.0161575
16491	16600	wire	0.0161575
16492	16601	wire	0.0161575
16493	16602	wire	0.0161575
16494	16603	wire	0.0161575
16495	16604	wire	0.0161575
16496	16605	wire	0.0161575
16497	16606	wire	0.0161575
16498	16607	wire	0.0161575
16499	16608	wire	0.0161575
16500	16609	wire	0.0161575
16501	16610	wire	0.0161575
16502	16611	wire	0.0161575
16503	16612	wire	0.0161575
16504	16613	wire	0.0161575
16505	16614	wire	0.0161575
16506	16615	wire	0.0161575
16507	16616	wire	0.0161575
16508	16617	wire	0.0161575
16509	16618	wire	0.0161575
16510	16619	wire	0.0161575
16511	16620	wire	0.0161575
16512	16621	wire	0.0161575
16513	16622	wire	0.0161575
16514	16623	wire	0.0161575
16515	16624	wire	0.0161575
16516	16625	wire	0.0161575
16517	16626	wire	0.0161575
16518	16627	wire	0.0161575
16519	16628	wire	0.0161575
16520	16629	wire	0.0161575
16521	16630	wire	0.0161575
16522	16631	wire	0.0161575
16523	16632	wire	0.0161575
16524	16633	wire	0.0161575
16525	16634	wire	0.0161575
16526	16635	wire	0.0161575
16527	16636	wire	0.0161575
16528	16637	wire	0.0161575
16529	16638	wire	0.0161575
16530	16639	wire	0.0161575
16531	16640	wire	0.0161575
16532	16641	wire	0.0161575
16533	16642	wire	0.0161575
16534	16643	wire	0.0161575
16535	16644	wire	0.0161575
16536	16645	wire	0.0161575
16537	16646	wire	0.0161575
16538	16647	wire	0.0161575
16539	16648	wire	0.0161575
16540	16649	wire	0.0161575
16541	16650	wire	0.0161575
16542	16651	wire	0.0161575
16543	16652	wire	0.0161575
16544	16653	wire	0.0161575
16545	16654	wire	0.0161575
16546	16655	wire	0.0161575
16547	16656	wire	0.0161575
16548	16657	wire	0.0161575
16549	16658	wire	0.0161575
16550	16659	wire	0.0161575
16551	16660	wire	0.0161575
16552	16661	wire	0.0161575
16553	16662	wire	0.0161575
16554	16663	wire	0.0161575
16555	16664	wire	0.0161575
16556	16665	wire	0.0161575
16557	16666	wire	0.0161575
16558	16667	wire	0.0161575
16559	16668	wire	0.0161575
16560	16669	wire	0.0161575
16561	16670	wire	0.0161575
16562	16671	wire	0.0161575
16563	16672	wire	0.0161575
16564	16673	wire	0.0161575
16565	16674	wire	0.0161575
16566	16675	wire	0.0161575
16567	16676	wire	0.0161575
16568	16677	wire	0.0161575
16569	16678	wire	0.0161575
16570	16679	wire	0.0161575
16571	16680	wire	0.0161575
16572	16681	wire	0.0161575
16573	16682	wire	0.0161575
16574	16683	wire	0.0161575
16575	16684	wire	0.0161575
16576	16685	wire	0.0161575
16577	16686	wire	0.0161575
16578	16687	wire	0.0161575
16579	16688	wire	0.0161575
16580	16689	wire	0.0161575
16581	16690	wire	0.0161575
16582	16691	wire	0.0161575
16583	16692	wire	0.0161575
16584	16693	wire	0.0161575
16585	16694	wire	0.0161575
16586	16695	wire	0.0161575
16587	16696	wire	0.0161575
16588	16697	wire	0.0161575
16589	16698	wire	0.0161575
16590	16699	wire	0.0161575
16591	16700	wire	0.0161575
16592	16701	wire	0.0161575
16593	16702	wire	0.0161575
16594	16703	wire	0.0161575
16595	16704	wire	0.0161575
16596	16705	wire	0.0161575
16597	16706	wire	0.0161575
16598	16707	wire	0.0161575
16599	16708	wire	0.0161575
16600	16709	wire	0.0161575
16601	16710	wire	0.0161575
16602	16711	wire	0.0161575
16603	16712	wire	0.0161575
16604	16713	wire	0.0161575
16605	16714	wire	0.0161575
16606	16715	wire	0.0161575
16607	16716	wire	0.0161575
16608	16717	wire	0.0161575
16609	16718	wire	0.0161575
16610	16719	wire	0.0161575
16611	16720	wire	0.0161575
16612	16721	wire	0.0161575
16613	16722	wire	0.0161575
16614	16723	wire	0.0161575
16615	16724	wire	0.0161575
16616	16725	wire	0.0161575
16617	16726	wire	0.0161575
16618	16727	wire	0.0161575
16619	16728	wire	0.0161575
16620	16729	wire	0.0161575
16621	16730	wire	0.0161575
16622	16731	wire	0.0161575
16623	16732	wire	0.0161575
16624	16733	wire	0.0161575
16625	16734	wire	0.0161575
16626	16735	wire	0.0161575
16627	16736	wire	0.0161575
16628	16737	wire	0.0161575
16629	16738	wire	0.0161575
16630	16739	wire	0.0161575
16631	16740	wire	0.0161575
16632	16741	wire	0.0161575
16633	16742	wire	0.0161575
16634	16743	wire	0.0161575
16635	16744	wire	0.0161575
16636	16745	wire	0.0161575
16637	16746	wire	0.0161575
16638	16747	wire	0.0161575
16639	16748	wire	0.0161575
16640	16749	wire	0.0161575
16641	16750	wire	0.0161575
16642	16751	wire	0.0161575
16643	16752	wire	0.0161575
16644	16753	wire	0.0161575
16645	16754	wire	0.0161575
16646	16755	wire	0.0161575
16647	16756	wire	0.0161575
16648	16757	wire	0.0161575
16649	16758	wire	0.0161575
16650	16759	wire	0.0161575
16651	16760	wire	0.0161575
16652	16761	wire	0.0161575
16653	16762	wire	0.0161575
16654	16763	wire	0.0161575
16655	16764	wire	0.0161575
16656	16765	wire	0.0161575
16657	16766	wire	0.0161575
16658	16767	wire	0.0161575
16659	16768	wire	0.0161575
16660	16769	wire	0.0161575
16661	16770	wire	0.0161575
16662	16771	wire	0.0161575
16663	16772	wire	0.0161575
16664	16773	wire	0.0161575
16665	16774	wire	0.0161575
16666	16775	wire	0.0161575
16667	16776	wire	0.0161575
16668	16777	wire	0.0161575
16669	16778	wire	0.0161575
16670	16779	wire	0.0161575
16671	16780	wire	0.0161575
16672	16781	wire	0.0161575
16673	16782	wire	0.0161575
16674	16783	wire	0.0161575
16675	16784	wire	0.0161575
16676	16785	wire	0.0161575
16677	16786	wire	0.0161575
16678	16787	wire	0.0161575
16679	16788	wire	0.0161575
16680	16789	wire	0.0161575
16681	16790	wire	0.0161575
16682	16791	wire	0.0161575
16683	16792	wire	0.0161575
16684	16793	wire	0.0161575
16685	16794	wire	0.0161575
16686	16795	wire	0.0161575
16687	16796	wire	0.0161575
16688	16797	wire	0.0161575
16689	16798	wire	0.0161575
16690	16799	wire	0.0161575
16691	16800	wire	0.0161575
16692	16801	wire	0.0161575
16693	16802	wire	0.0161575
16694	16803	wire	0.0161575
16695	16804	wire	0.0161575
16696	16805	wire	0.0161575
16697	16806	wire	0.0161575
16698	16807	wire	0.0161575
16699	16808	wire	0.0161575
16700	16809	wire	0.0161575
16701	16810	wire	0.0161575
16702	16811	wire	0.0161575
16703	16812	wire	0.0161575
16704	16813	wire	0.0161575
16705	16814	wire	0.0161575
16706	16815	wire	0.0161575
16707	16816	wire	0.0161575
16708	16817	wire	0.0161575
16709	16818	wire	0.0161575
16710	16819	wire	0.0161575
16711	16820	wire	0.0161575
16712	16821	wire	0.0161575
16713	16822	wire	0.0161575
16714	16823	wire	0.0161575
16715	16824	wire	0.0161575
16716	16825	wire	0.0161575
16717	16826	wire	0.0161575
16718	16827	wire	0.0161575
16719	16828	wire	0.0161575
16720	16829	wire	0.0161575
16721	16830	wire	0.0161575
16722	16831	wire	0.0161575
16723	16832	wire	0.0161575
16724	16833	wire	0.0161575
16725	16834	wire	0.0161575
16726	16835	wire	0.0161575
16727	16836	wire	0.0161575
16728	16837	wire	0.0161575
16729	16838	wire	0.0161575
16730	16839	wire	0.0161575
16731	16840	wire	0.0161575
16732	16841	wire	0.0161575
16733	16842	wire	0.0161575
16734	16843	wire	0.0161575
16735	16844	wire	0.0161575
16736	16845	wire	0.0161575
16737	16846	wire	0.0161575
16738	16847	wire	0.0161575
16739	16848	wire	0.0161575
16740	16849	wire	0.0161575
16741	16850	wire	0.0161575
16742	16851	wire	0.0161575
16743	16852	wire	0.0161575
16744	16853	wire	0.0161575
16745	16854	wire	0.0161575
16746	16855	wire	0.0161575
16747	16856	wire	0.0161575
16748	16857	wire	0.0161575
16749	16858	wire	0.0161575
16750	16859	wire	0.0161575
16751	16860	wire	0.0161575
16752	16861	wire	0.0161575
16753	16862	wire	0.0161575
16754	16863	wire	0.0161575
16755	16864	wire	0.0161575
16756	16865	wire	0.0161575
16757	16866	wire	0.0161575
16758	16867	wire	0.0161575
16759	16868	wire	0.0161575
16760	16869	wire	0.0161575
16761	16870	wire	0.0161575
16762	16871	wire	0.0161575
16763	16872	wire	0.0161575
16764	16873	wire	0.0161575
16765	16874	wire	0.0161575
16766	16875	wire	0.0161575
16767	16876	wire	0.0161575
16768	16877	wire	0.0161575
16769	16878	wire	0.0161575
16770	16879	wire	0.0161575
16771	16880	wire	0.0161575
16772	16881	wire	0.0161575
16773	16882	wire	0.0161575
16774	16883	wire	0.0161575
16775	16884	wire	0.0161575
16776	16885	wire	0.0161575
16777	16886	wire	0.0161575
16778	16887	wire	0.0161575
16779	16888	wire	0.0161575
16780	16889	wire	0.0161575
16781	16890	wire	0.0161575
16782	16891	wire	0.0161575
16783	16892	wire	0.0161575
16784	16893	wire	0.0161575
16785	16894	wire	0.0161575
16786	16895	wire	0.0161575
16787	16896	wire	0.0161575
16788	16897	wire	0.0161575
16789	16898	wire	0.0161575
16790	16899	wire	0.0161575
16791	16900	wire	0.0161575
16792	16901	wire	0.0161575
16793	16902	wire	0.0161575
16794	16903	wire	0.0161575
16795	16904	wire	0.0161575
16796	16905	wire	0.0161575
16797	16906	wire	0.0161575
16798	16907	wire	0.0161575
16799	16908	wire	0.0161575
16800	16909	wire	0.0161575
16801	16910	wire	0.0161575
16802	16911	wire	0.0161575
16803	16912	wire	0.0161575
16804	16913	wire	0.0161575
16805	16914	wire	0.0161575
16806	16915	wire	0.0161575
16807	16916	wire	0.0161575
16808	16917	wire	0.0161575
16809	16918	wire	0.0161575
16810	16919	wire	0.0161575
16811	16920	wire	0.0161575
16812	16921	wire	0.0161575
16813	16922	wire	0.0161575
16814	16923	wire	0.0161575
16815	16924	wire	0.0161575
16816	16925	wire	0.0161575
16817	16926	wire	0.0161575
16818	16927	wire	0.0161575
16819	16928	wire	0.0161575
16820	16929	wire	0.0161575
16821	16930	wire	0.0161575
16822	16931	wire	0.0161575
16823	16932	wire	0.0161575
16824	16933	wire	0.0161575
16825	16934	wire	0.0161575
16826	16935	wire	0.0161575
16827	16936	wire	0.0161575
16828	16937	wire	0.0161575
16829	16938	wire	0.0161575
16830	16939	wire	0.0161575
16831	16940	wire	0.0161575
16832	16941	wire	0.0161575
16833	16942	wire	0.0161575
16834	16943	wire	0.0161575
16835	16944	wire	0.0161575
16836	16945	wire	0.0161575
16837	16946	wire	0.0161575
16838	16947	wire	0.0161575
16839	16948	wire	0.0161575
16840	16949	wire	0.0161575
16841	16950	wire	0.0161575
16842	16951	wire	0.0161575
16843	16952	wire	0.0161575
16844	16953	wire	0.0161575
16845	16954	wire	0.0161575
16846	16955	wire	0.0161575
16847	16956	wire	0.0161575
16848	16957	wire	0.0161575
16849	16958	wire	0.0161575
16850	16959	wire	0.0161575
16851	16960	wire	0.0161575
16852	16961	wire	0.0161575
16853	16962	wire	0.0161575
16854	16963	wire	0.0161575
16855	16964	wire	0.0161575
16856	16965	wire	0.0161575
16857	16966	wire	0.0161575
16858	16967	wire	0.0161575
16859	16968	wire	0.0161575
16860	16969	wire	0.0161575
16861	16970	wire	0.0161575
16862	16971	wire	0.0161575
16863	16972	wire	0.0161575
16864	16973	wire	0.0161575
16865	16974	wire	0.0161575
16866	16975	wire	0.0161575
16867	16976	wire	0.0161575
16868	16977	wire	0.0161575
16869	16978	wire	0.0161575
16870	16979	wire	0.0161575
16871	16980	wire	0.0161575
16872	16981	wire	0.0161575
16873	16982	wire	0.0161575
16874	16983	wire	0.0161575
16875	16984	wire	0.0161575
16876	16985	wire	0.0161575
16877	16986	wire	0.0161575
16878	16987	wire	0.0161575
16879	16988	wire	0.0161575
16880	16989	wire	0.0161575
16881	16990	wire	0.0161575
16882	16991	wire	0.0161575
16883	16992	wire	0.0161575
16884	16993	wire	0.0161575
16885	16994	wire	0.0161575
16886	16995	wire	0.0161575
16887	16996	wire	0.0161575
16888	16997	wire	0.0161575
16889	16998	wire	0.0161575
16890	16999	wire	0.0161575
16891	17000	wire	0.0161575
16892	17001	wire	0.0161575
16893	17002	wire	0.0161575
16894	17003	wire	0.0161575
16895	17004	wire	0.0161575
16896	17005	wire	0.0161575
16897	17006	wire	0.0161575
16898	17007	wire	0.0161575
16899	17008	wire	0.0161575
16900	17009	wire	0.0161575
16901	17010	wire	0.0161575
16902	17011	wire	0.0161575
16903	17012	wire	0.0161575
16904	17013	wire	0.0161575
16905	17014	wire	0.0161575
16906	17015	wire	0.0161575
16907	17016	wire	0.0161575
16908	17017	wire	0.0161575
16909	17018	wire	0.0161575
16910	17019	wire	0.0161575
16911	17020	wire	0.0161575
16912	17021	wire	0.0161575
16913	17022	wire	0.0161575
16914	17023	wire	0.0161575
16915	17024	wire	0.0161575
16916	17025	wire	0.0161575
16917	17026	wire	0.0161575
16918	17027	wire	0.0161575
16919	17028	wire	0.0161575
16920	17029	wire	0.0161575
16921	17030	wire	0.0161575
16922	17031	wire	0.0161575
16923	17032	wire	0.0161575
16924	17033	wire	0.0161575
16925	17034	wire	0.0161575
16926	17035	wire	0.0161575
16927	17036	wire	0.0161575
16928	17037	wire	0.0161575
16929	17038	wire	0.0161575
16930	17039	wire	0.0161575
16931	17040	wire	0.0161575
16932	17041	wire	0.0161575
16933	17042	wire	0.0161575
16934	17043	wire	0.0161575
16935	17044	wire	0.0161575
16936	17045	wire	0.0161575
16937	17046	wire	0.0161575
16938	17047	wire	0.0161575
16939	17048	wire	0.0161575
16940	17049	wire	0.0161575
16941	17050	wire	0.0161575
16942	17051	wire	0.0161575
16943	17052	wire	0.0161575
16944	17053	wire	0.0161575
16945	17054	wire	0.0161575
16946	17055	wire	0.0161575
16947	17056	wire	0.0161575
16948	17057	wire	0.0161575
16949	17058	wire	0.0161575
16950	17059	wire	0.0161575
16951	17060	wire	0.0161575
16952	17061	wire	0.0161575
16953	17062	wire	0.0161575
16954	17063	wire	0.0161575
16955	17064	wire	0.0161575
16956	17065	wire	0.0161575
16957	17066	wire	0.0161575
16958	17067	wire	0.0161575
16959	17068	wire	0.0161575
16960	17069	wire	0.0161575
16961	17070	wire	0.0161575
16962	17071	wire	0.0161575
16963	17072	wire	0.0161575
16964	17073	wire	0.0161575
16965	17074	wire	0.0161575
16966	17075	wire	0.0161575
16967	17076	wire	0.0161575
16968	17077	wire	0.0161575
16969	17078	wire	0.0161575
16970	17079	wire	0.0161575
16971	17080	wire	0.0161575
16972	17081	wire	0.0161575
16973	17082	wire	0.0161575
16974	17083	wire	0.0161575
16975	17084	wire	0.0161575
16976	17085	wire	0.0161575
16977	17086	wire	0.0161575
16978	17087	wire	0.0161575
16979	17088	wire	0.0161575
16980	17089	wire	0.0161575
16981	17090	wire	0.0161575
16982	17091	wire	0.0161575
16983	17092	wire	0.0161575
16984	17093	wire	0.0161575
16985	17094	wire	0.0161575
16986	17095	wire	0.0161575
16987	17096	wire	0.0161575
16988	17097	wire	0.0161575
16989	17098	wire	0.0161575
16990	17099	wire	0.0161575
16991	17100	wire	0.0161575
16992	17101	wire	0.0161575
16993	17102	wire	0.0161575
16994	17103	wire	0.0161575
16995	17104	wire	0.0161575
16996	17105	wire	0.0161575
16997	17106	wire	0.0161575
16998	17107	wire	0.0161575
16999	17108	wire	0.0161575
17000	17109	wire	0.0161575
17001	17110	wire	0.0161575
17002	17111	wire	0.0161575
17003	17112	wire	0.0161575
17004	17113	wire	0.0161575
17005	17114	wire	0.0161575
17006	17115	wire	0.0161575
17007	17116	wire	0.0161575
17008	17117	wire	0.0161575
17009	17118	wire	0.0161575
17010	17119	wire	0.0161575
17011	17120	wire	0.0161575
17012	17121	wire	0.0161575
17013	17122	wire	0.0161575
17014	17123	wire	0.0161575
17015	17124	wire	0.0161575
17016	17125	wire	0.0161575
17017	17126	wire	0.0161575
17018	17127	wire	0.0161575
17019	17128	wire	0.0161575
17020	17129	wire	0.0161575
17021	17130	wire	0.0161575
17022	17131	wire	0.0161575
17023	17132	wire	0.0161575
17024	17133	wire	0.0161575
17025	17134	wire	0.0161575
17026	17135	wire	0.0161575
17027	17136	wire	0.0161575
17028	17137	wire	0.0161575
17029	17138	wire	0.0161575
17030	17139	wire	0.0161575
17031	17140	wire	0.0161575
17032	17141	wire	0.0161575
17033	17142	wire	0.0161575
17034	17143	wire	0.0161575
17035	17144	wire	0.0161575
17036	17145	wire	0.0161575
17037	17146	wire	0.0161575
17038	17147	wire	0.0161575
17039	17148	wire	0.0161575
17040	17149	wire	0.0161575
17041	17150	wire	0.0161575
17042	17151	wire	0.0161575
17043	17152	wire	0.0161575
17044	17153	wire	0.0161575
17045	17154	wire	0.0161575
17046	17155	wire	0.0161575
17047	17156	wire	0.0161575
17048	17157	wire	0.0161575
17049	17158	wire	0.0161575
17050	17159	wire	0.0161575
17051	17160	wire	0.0161575
17052	17161	wire	0.0161575
17053	17162	wire	0.0161575
17054	17163	wire	0.0161575
17055	17164	wire	0.0161575
17056	17165	wire	0.0161575
17057	17166	wire	0.0161575
17058	17167	wire	0.0161575
17059	17168	wire	0.0161575
17060	17169	wire	0.0161575
17061	17170	wire	0.0161575
17062	17171	wire	0.0161575
17063	17172	wire	0.0161575
17064	17173	wire	0.0161575
17065	17174	wire	0.0161575
17066	17175	wire	0.0161575
17067	17176	wire	0.0161575
17068	17177	wire	0.0161575
17069	17178	wire	0.0161575
17070	17179	wire	0.0161575
17071	17180	wire	0.0161575
17072	17181	wire	0.0161575
17073	17182	wire	0.0161575
17074	17183	wire	0.0161575
17075	17184	wire	0.0161575
17076	17185	wire	0.0161575
17077	17186	wire	0.0161575
17078	17187	wire	0.0161575
17079	17188	wire	0.0161575
17080	17189	wire	0.0161575
17081	17190	wire	0.0161575
17082	17191	wire	0.0161575
17083	17192	wire	0.0161575
17084	17193	wire	0.0161575
17085	17194	wire	0.0161575
17086	17195	wire	0.0161575
17087	17196	wire	0.0161575
17088	17197	wire	0.0161575
17089	17198	wire	0.0161575
17090	17199	wire	0.0161575
17091	17200	wire	0.0161575
17092	17201	wire	0.0161575
17093	17202	wire	0.0161575
17094	17203	wire	0.0161575
17095	17204	wire	0.0161575
17096	17205	wire	0.0161575
17097	17206	wire	0.0161575
17098	17207	wire	0.0161575
17099	17208	wire	0.0161575
17100	17209	wire	0.0161575
17101	17210	wire	0.0161575
17102	17211	wire	0.0161575
17103	17212	wire	0.0161575
17104	17213	wire	0.0161575
17105	17214	wire	0.0161575
17106	17215	wire	0.0161575
17107	17216	wire	0.0161575
17108	17217	wire	0.0161575
17109	17218	wire	0.0161575
17110	17219	wire	0.0161575
17111	17220	wire	0.0161575
17112	17221	wire	0.0161575
17113	17222	wire	0.0161575
17114	17223	wire	0.0161575
17115	17224	wire	0.0161575
17116	17225	wire	0.0161575
17117	17226	wire	0.0161575
17118	17227	wire	0.0161575
17119	17228	wire	0.0161575
17120	17229	wire	0.0161575
17121	17230	wire	0.0161575
17122	17231	wire	0.0161575
17123	17232	wire	0.0161575
17124	17233	wire	0.0161575
17125	17234	wire	0.0161575
17126	17235	wire	0.0161575
17127	17236	wire	0.0161575
17128	17237	wire	0.0161575
17129	17238	wire	0.0161575
17130	17239	wire	0.0161575
17131	17240	wire	0.0161575
17132	17241	wire	0.0161575
17133	17242	wire	0.0161575
17134	17243	wire	0.0161575
17135	17244	wire	0.0161575
17136	17245	wire	0.0161575
17137	17246	wire	0.0161575
17138	17247	wire	0.0161575
17139	17248	wire	0.0161575
17140	17249	wire	0.0161575
17141	17250	wire	0.0161575
17142	17251	wire	0.0161575
17143	17252	wire	0.0161575
17144	17253	wire	0.0161575
17145	17254	wire	0.0161575
17146	17255	wire	0.0161575
17147	17256	wire	0.0161575
17148	17257	wire	0.0161575
17149	17258	wire	0.0161575
17150	17259	wire	0.0161575
17151	17260	wire	0.0161575
17152	17261	wire	0.0161575
17153	17262	wire	0.0161575
17154	17263	wire	0.0161575
17155	17264	wire	0.0161575
17156	17265	wire	0.0161575
17157	17266	wire	0.0161575
17158	17267	wire	0.0161575
17159	17268	wire	0.0161575
17160	17269	wire	0.0161575
17161	17270	wire	0.0161575
17162	17271	wire	0.0161575
17163	17272	wire	0.0161575
17164	17273	wire	0.0161575
17165	17274	wire	0.0161575
17166	17275	wire	0.0161575
17167	17276	wire	0.0161575
17168	17277	wire	0.0161575
17169	17278	wire	0.0161575
17170	17279	wire	0.0161575
17171	17280	wire	0.0161575
17172	17281	wire	0.0161575
17173	17282	wire	0.0161575
17174	17283	wire	0.0161575
17175	17284	wire	0.0161575
17176	17285	wire	0.0161575
17177	17286	wire	0.0161575
17178	17287	wire	0.0161575
17179	17288	wire	0.0161575
17180	17289	wire	0.0161575
17181	17290	wire	0.0161575
17182	17291	wire	0.0161575
17183	17292	wire	0.0161575
17184	17293	wire	0.0161575
17185	17294	wire	0.0161575
17186	17295	wire	0.0161575
17187	17296	wire	0.0161575
17188	17297	wire	0.0161575
17189	17298	wire	0.0161575
17190	17299	wire	0.0161575
17191	17300	wire	0.0161575
17192	17301	wire	0.0161575
17193	17302	wire	0.0161575
17194	17303	wire	0.0161575
17195	17304	wire	0.0161575
17196	17305	wire	0.0161575
17197	17306	wire	0.0161575
17198	17307	wire	0.0161575
17199	17308	wire	0.0161575
17200	17309	wire	0.0161575
17201	17310	wire	0.0161575
17202	17311	wire	0.0161575
17203	17312	wire	0.0161575
17204	17313	wire	0.0161575
17205	17314	wire	0.0161575
17206	17315	wire	0.0161575
17207	17316	wire	0.0161575
17208	17317	wire	0.0161575
17209	17318	wire	0.0161575
17210	17319	wire	0.0161575
17211	17320	wire	0.0161575
17212	17321	wire	0.0161575
17213	17322	wire	0.0161575
17214	17323	wire	0.0161575
17215	17324	wire	0.0161575
17216	17325	wire	0.0161575
17217	17326	wire	0.0161575
17218	17327	wire	0.0161575
17219	17328	wire	0.0161575
17220	17329	wire	0.0161575
17221	17330	wire	0.0161575
17222	17331	wire	0.0161575
17223	17332	wire	0.0161575
17224	17333	wire	0.0161575
17225	17334	wire	0.0161575
17226	17335	wire	0.0161575
17227	17336	wire	0.0161575
17228	17337	wire	0.0161575
17229	17338	wire	0.0161575
17230	17339	wire	0.0161575
17231	17340	wire	0.0161575
17232	17341	wire	0.0161575
17233	17342	wire	0.0161575
17234	17343	wire	0.0161575
17235	17344	wire	0.0161575
17236	17345	wire	0.0161575
17237	17346	wire	0.0161575
17238	17347	wire	0.0161575
17239	17348	wire	0.0161575
17240	17349	wire	0.0161575
17241	17350	wire	0.0161575
17242	17351	wire	0.0161575
17243	17352	wire	0.0161575
17244	17353	wire	0.0161575
17245	17354	wire	0.0161575
17246	17355	wire	0.0161575
17247	17356	wire	0.0161575
17248	17357	wire	0.0161575
17249	17358	wire	0.0161575
17250	17359	wire	0.0161575
17251	17360	wire	0.0161575
17252	17361	wire	0.0161575
17253	17362	wire	0.0161575
17254	17363	wire	0.0161575
17255	17364	wire	0.0161575
17256	17365	wire	0.0161575
17257	17366	wire	0.0161575
17258	17367	wire	0.0161575
17259	17368	wire	0.0161575
17260	17369	wire	0.0161575
17261	17370	wire	0.0161575
17262	17371	wire	0.0161575
17263	17372	wire	0.0161575
17264	17373	wire	0.0161575
17265	17374	wire	0.0161575
17266	17375	wire	0.0161575
17267	17376	wire	0.0161575
17268	17377	wire	0.0161575
17269	17378	wire	0.0161575
17270	17379	wire	0.0161575
17271	17380	wire	0.0161575
17272	17381	wire	0.0161575
17273	17382	wire	0.0161575
17274	17383	wire	0.0161575
17275	17384	wire	0.0161575
17276	17385	wire	0.0161575
17277	17386	wire	0.0161575
17278	17387	wire	0.0161575
17279	17388	wire	0.0161575
17280	17389	wire	0.0161575
17281	17390	wire	0.0161575
17282	17391	wire	0.0161575
17283	17392	wire	0.0161575
17284	17393	wire	0.0161575
17285	17394	wire	0.0161575
17286	17395	wire	0.0161575
17287	17396	wire	0.0161575
17288	17397	wire	0.0161575
17289	17398	wire	0.0161575
17290	17399	wire	0.0161575
17291	17400	wire	0.0161575
17292	17401	wire	0.0161575
17293	17402	wire	0.0161575
17294	17403	wire	0.0161575
17295	17404	wire	0.0161575
17296	17405	wire	0.0161575
17297	17406	wire	0.0161575
17298	17407	wire	0.0161575
17299	17408	wire	0.0161575
17300	17409	wire	0.0161575
17301	17410	wire	0.0161575
17302	17411	wire	0.0161575
17303	17412	wire	0.0161575
17304	17413	wire	0.0161575
17305	17414	wire	0.0161575
17306	17415	wire	0.0161575
17307	17416	wire	0.0161575
17308	17417	wire	0.0161575
17309	17418	wire	0.0161575
17310	17419	wire	0.0161575
17311	17420	wire	0.0161575
17312	17421	wire	0.0161575
17313	17422	wire	0.0161575
17314	17423	wire	0.0161575
17315	17424	wire	0.0161575
17316	17425	wire	0.0161575
17317	17426	wire	0.0161575
17318	17427	wire	0.0161575
17319	17428	wire	0.0161575
17320	17429	wire	0.0161575
17321	17430	wire	0.0161575
17322	17431	wire	0.0161575
17323	17432	wire	0.0161575
17324	17433	wire	0.0161575
17325	17434	wire	0.0161575
17326	17435	wire	0.0161575
17327	17436	wire	0.0161575
17328	17437	wire	0.0161575
17329	17438	wire	0.0161575
17330	17439	wire	0.0161575
17331	17440	wire	0.0161575
17332	17441	wire	0.0161575
17333	17442	wire	0.0161575
17334	17443	wire	0.0161575
17335	17444	wire	0.0161575
17336	17445	wire	0.0161575
17337	17446	wire	0.0161575
17338	17447	wire	0.0161575
17339	17448	wire	0.0161575
17340	17449	wire	0.0161575
17341	17450	wire	0.0161575
17342	17451	wire	0.0161575
17343	17452	wire	0.0161575
17344	17453	wire	0.0161575
17345	17454	wire	0.0161575
17346	17455	wire	0.0161575
17347	17456	wire	0.0161575
17348	17457	wire	0.0161575
17349	17458	wire	0.0161575
17350	17459	wire	0.0161575
17351	17460	wire	0.0161575
17352	17461	wire	0.0161575
17353	17462	wire	0.0161575
17354	17463	wire	0.0161575
17355	17464	wire	0.0161575
17356	17465	wire	0.0161575
17357	17466	wire	0.0161575
17358	17467	wire	0.0161575
17359	17468	wire	0.0161575
17360	17469	wire	0.0161575
17361	17470	wire	0.0161575
17362	17471	wire	0.0161575
17363	17472	wire	0.0161575
17364	17473	wire	0.0161575
17365	17474	wire	0.0161575
17366	17475	wire	0.0161575
17367	17476	wire	0.0161575
17368	17477	wire	0.0161575
17369	17478	wire	0.0161575
17370	17479	wire	0.0161575
17371	17480	wire	0.0161575
17372	17481	wire	0.0161575
17373	17482	wire	0.0161575
17374	17483	wire	0.0161575
17375	17484	wire	0.0161575
17376	17485	wire	0.0161575
17377	17486	wire	0.0161575
17378	17487	wire	0.0161575
17379	17488	wire	0.0161575
17380	17489	wire	0.0161575
17381	17490	wire	0.0161575
17382	17491	wire	0.0161575
17383	17492	wire	0.0161575
17384	17493	wire	0.0161575
17385	17494	wire	0.0161575
17386	17495	wire	0.0161575
17387	17496	wire	0.0161575
17388	17497	wire	0.0161575
17389	17498	wire	0.0161575
17390	17499	wire	0.0161575
17391	17500	wire	0.0161575
17392	17501	wire	0.0161575
17393	17502	wire	0.0161575
17394	17503	wire	0.0161575
17395	17504	wire	0.0161575
17396	17505	wire	0.0161575
17397	17506	wire	0.0161575
17398	17507	wire	0.0161575
17399	17508	wire	0.0161575
17400	17509	wire	0.0161575
17401	17510	wire	0.0161575
17402	17511	wire	0.0161575
17403	17512	wire	0.0161575
17404	17513	wire	0.0161575
17405	17514	wire	0.0161575
17406	17515	wire	0.0161575
17407	17516	wire	0.0161575
17408	17517	wire	0.0161575
17409	17518	wire	0.0161575
17410	17519	wire	0.0161575
17411	17520	wire	0.0161575
17412	17521	wire	0.0161575
17413	17522	wire	0.0161575
17414	17523	wire	0.0161575
17415	17524	wire	0.0161575
17416	17525	wire	0.0161575
17417	17526	wire	0.0161575
17418	17527	wire	0.0161575
17419	17528	wire	0.0161575
17420	17529	wire	0.0161575
17421	17530	wire	0.0161575
17422	17531	wire	0.0161575
17423	17532	wire	0.0161575
17424	17533	wire	0.0161575
17425	17534	wire	0.0161575
17426	17535	wire	0.0161575
17427	17536	wire	0.0161575
17428	17537	wire	0.0161575
17429	17538	wire	0.0161575
17430	17539	wire	0.0161575
17431	17540	wire	0.0161575
17432	17541	wire	0.0161575
17433	17542	wire	0.0161575
17434	17543	wire	0.0161575
17435	17544	wire	0.0161575
17436	17545	wire	0.0161575
17437	17546	wire	0.0161575
17438	17547	wire	0.0161575
17439	17548	wire	0.0161575
17440	17549	wire	0.0161575
17441	17550	wire	0.0161575
17442	17551	wire	0.0161575
17443	17552	wire	0.0161575
17444	17553	wire	0.0161575
17445	17554	wire	0.0161575
17446	17555	wire	0.0161575
17447	17556	wire	0.0161575
17448	17557	wire	0.0161575
17449	17558	wire	0.0161575
17450	17559	wire	0.0161575
17451	17560	wire	0.0161575
17452	17561	wire	0.0161575
17453	17562	wire	0.0161575
17454	17563	wire	0.0161575
17455	17564	wire	0.0161575
17456	17565	wire	0.0161575
17457	17566	wire	0.0161575
17458	17567	wire	0.0161575
17459	17568	wire	0.0161575
17460	17569	wire	0.0161575
17461	17570	wire	0.0161575
17462	17571	wire	0.0161575
17463	17572	wire	0.0161575
17464	17573	wire	0.0161575
17465	17574	wire	0.0161575
17466	17575	wire	0.0161575
17467	17576	wire	0.0161575
17468	17577	wire	0.0161575
17469	17578	wire	0.0161575
17470	17579	wire	0.0161575
17471	17580	wire	0.0161575
17472	17581	wire	0.0161575
17473	17582	wire	0.0161575
17474	17583	wire	0.0161575
17475	17584	wire	0.0161575
17476	17585	wire	0.0161575
17477	17586	wire	0.0161575
17478	17587	wire	0.0161575
17479	17588	wire	0.0161575
17480	17589	wire	0.0161575
17481	17590	wire	0.0161575
17482	17591	wire	0.0161575
17483	17592	wire	0.0161575
17484	17593	wire	0.0161575
17485	17594	wire	0.0161575
17486	17595	wire	0.0161575
17487	17596	wire	0.0161575
17488	17597	wire	0.0161575
17489	17598	wire	0.0161575
17490	17599	wire	0.0161575
17491	17600	wire	0.0161575
17492	17601	wire	0.0161575
17493	17602	wire	0.0161575
17494	17603	wire	0.0161575
17495	17604	wire	0.0161575
17496	17605	wire	0.0161575
17497	17606	wire	0.0161575
17498	17607	wire	0.0161575
17499	17608	wire	0.0161575
17500	17609	wire	0.0161575
17501	17610	wire	0.0161575
17502	17611	wire	0.0161575
17503	17612	wire	0.0161575
17504	17613	wire	0.0161575
17505	17614	wire	0.0161575
17506	17615	wire	0.0161575
17507	17616	wire	0.0161575
17508	17617	wire	0.0161575
17509	17618	wire	0.0161575
17510	17619	wire	0.0161575
17511	17620	wire	0.0161575
17512	17621	wire	0.0161575
17513	17622	wire	0.0161575
17514	17623	wire	0.0161575
17515	17624	wire	0.0161575
17516	17625	wire	0.0161575
17517	17626	wire	0.0161575
17518	17627	wire	0.0161575
17519	17628	wire	0.0161575
17520	17629	wire	0.0161575
17521	17630	wire	0.0161575
17522	17631	wire	0.0161575
17523	17632	wire	0.0161575
17524	17633	wire	0.0161575
17525	17634	wire	0.0161575
17526	17635	wire	0.0161575
17527	17636	wire	0.0161575
17528	17637	wire	0.0161575
17529	17638	wire	0.0161575
17530	17639	wire	0.0161575
17531	17640	wire	0.0161575
17532	17641	wire	0.0161575
17533	17642	wire	0.0161575
17534	17643	wire	0.0161575
17535	17644	wire	0.0161575
17536	17645	wire	0.0161575
17537	17646	wire	0.0161575
17538	17647	wire	0.0161575
17539	17648	wire	0.0161575
17540	17649	wire	0.0161575
17541	17650	wire	0.0161575
17542	17651	wire	0.0161575
17543	17652	wire	0.0161575
17544	17653	wire	0.0161575
17545	17654	wire	0.0161575
17546	17655	wire	0.0161575
17547	17656	wire	0.0161575
17548	17657	wire	0.0161575
17549	17658	wire	0.0161575
17550	17659	wire	0.0161575
17551	17660	wire	0.0161575
17552	17661	wire	0.0161575
17553	17662	wire	0.0161575
17554	17663	wire	0.0161575
17555	17664	wire	0.0161575
17556	17665	wire	0.0161575
17557	17666	wire	0.0161575
17558	17667	wire	0.0161575
17559	17668	wire	0.0161575
17560	17669	wire	0.0161575
17561	17670	wire	0.0161575
17562	17671	wire	0.0161575
17563	17672	wire	0.0161575
17564	17673	wire	0.0161575
17565	17674	wire	0.0161575
17566	17675	wire	0.0161575
17567	17676	wire	0.0161575
17568	17677	wire	0.0161575
17569	17678	wire	0.0161575
17570	17679	wire	0.0161575
17571	17680	wire	0.0161575
17572	17681	wire	0.0161575
17573	17682	wire	0.0161575
17574	17683	wire	0.0161575
17575	17684	wire	0.0161575
17576	17685	wire	0.0161575
17577	17686	wire	0.0161575
17578	17687	wire	0.0161575
17579	17688	wire	0.0161575
17580	17689	wire	0.0161575
17581	17690	wire	0.0161575
17582	17691	wire	0.0161575
17583	17692	wire	0.0161575
17584	17693	wire	0.0161575
17585	17694	wire	0.0161575
17586	17695	wire	0.0161575
17587	17696	wire	0.0161575
17588	17697	wire	0.0161575
17589	17698	wire	0.0161575
17590	17699	wire	0.0161575
17591	17700	wire	0.0161575
17592	17701	wire	0.0161575
17593	17702	wire	0.0161575
17594	17703	wire	0.0161575
17595	17704	wire	0.0161575
17596	17705	wire	0.0161575
17597	17706	wire	0.0161575
17598	17707	wire	0.0161575
17599	17708	wire	0.0161575
17600	17709	wire	0.0161575
17601	17710	wire	0.0161575
17602	17711	wire	0.0161575
17603	17712	wire	0.0161575
17604	17713	wire	0.0161575
17605	17714	wire	0.0161575
17606	17715	wire	0.0161575
17607	17716	wire	0.0161575
17608	17717	wire	0.0161575
17609	17718	wire	0.0161575
17610	17719	wire	0.0161575
17611	17720	wire	0.0161575
17612	17721	wire	0.0161575
17613	17722	wire	0.0161575
17614	17723	wire	0.0161575
17615	17724	wire	0.0161575
17616	17725	wire	0.0161575
17617	17726	wire	0.0161575
17618	17727	wire	0.0161575
17619	17728	wire	0.0161575
17620	17729	wire	0.0161575
17621	17730	wire	0.0161575
17622	17731	wire	0.0161575
17623	17732	wire	0.0161575
17624	17733	wire	0.0161575
17625	17734	wire	0.0161575
17626	17735	wire	0.0161575
17627	17736	wire	0.0161575
17628	17737	wire	0.0161575
17629	17738	wire	0.0161575
17630	17739	wire	0.0161575
17631	17740	wire	0.0161575
17632	17741	wire	0.0161575
17633	17742	wire	0.0161575
17634	17743	wire	0.0161575
17635	17744	wire	0.0161575
17636	17745	wire	0.0161575
17637	17746	wire	0.0161575
17638	17747	wire	0.0161575
17639	17748	wire	0.0161575
17640	17749	wire	0.0161575
17641	17750	wire	0.0161575
17642	17751	wire	0.0161575
17643	17752	wire	0.0161575
17644	17753	wire	0.0161575
17645	17754	wire	0.0161575
17646	17755	wire	0.0161575
17647	17756	wire	0.0161575
17648	17757	wire	0.0161575
17649	17758	wire	0.0161575
17650	17759	wire	0.0161575
17651	17760	wire	0.0161575
17652	17761	wire	0.0161575
17653	17762	wire	0.0161575
17654	17763	wire	0.0161575
17655	17764	wire	0.0161575
17656	17765	wire	0.0161575
17657	17766	wire	0.0161575
17658	17767	wire	0.0161575
17659	17768	wire	0.0161575
17660	17769	wire	0.0161575
17661	17770	wire	0.0161575
17662	17771	wire	0.0161575
17663	17772	wire	0.0161575
17664	17773	wire	0.0161575
17665	17774	wire	0.0161575
17666	17775	wire	0.0161575
17667	17776	wire	0.0161575
17668	17777	wire	0.0161575
17669	17778	wire	0.0161575
17670	17779	wire	0.0161575
17671	17780	wire	0.0161575
17672	17781	wire	0.0161575
17673	17782	wire	0.0161575
17674	17783	wire	0.0161575
17675	17784	wire	0.0161575
17676	17785	wire	0.0161575
17677	17786	wire	0.0161575
17678	17787	wire	0.0161575
17679	17788	wire	0.0161575
17680	17789	wire	0.0161575
17681	17790	wire	0.0161575
17682	17791	wire	0.0161575
17683	17792	wire	0.0161575
17684	17793	wire	0.0161575
17685	17794	wire	0.0161575
17686	17795	wire	0.0161575
17687	17796	wire	0.0161575
17688	17797	wire	0.0161575
17689	17798	wire	0.0161575
17690	17799	wire	0.0161575
17691	17800	wire	0.0161575
17692	17801	wire	0.0161575
17693	17802	wire	0.0161575
17694	17803	wire	0.0161575
17695	17804	wire	0.0161575
17696	17805	wire	0.0161575
17697	17806	wire	0.0161575
17698	17807	wire	0.0161575
17699	17808	wire	0.0161575
17700	17809	wire	0.0161575
17701	17810	wire	0.0161575
17702	17811	wire	0.0161575
17703	17812	wire	0.0161575
17704	17813	wire	0.0161575
17705	17814	wire	0.0161575
17706	17815	wire	0.0161575
17707	17816	wire	0.0161575
17708	17817	wire	0.0161575
17709	17818	wire	0.0161575
17710	17819	wire	0.0161575
17711	17820	wire	0.0161575
17712	17821	wire	0.0161575
17713	17822	wire	0.0161575
17714	17823	wire	0.0161575
17715	17824	wire	0.0161575
17716	17825	wire	0.0161575
17717	17826	wire	0.0161575
17718	17827	wire	0.0161575
17719	17828	wire	0.0161575
17720	17829	wire	0.0161575
17721	17830	wire	0.0161575
17722	17831	wire	0.0161575
17723	17832	wire	0.0161575
17724	17833	wire	0.0161575
17725	17834	wire	0.0161575
17726	17835	wire	0.0161575
17727	17836	wire	0.0161575
17728	17837	wire	0.0161575
17729	17838	wire	0.0161575
17730	17839	wire	0.0161575
17731	17840	wire	0.0161575
17732	17841	wire	0.0161575
17733	17842	wire	0.0161575
17734	17843	wire	0.0161575
17735	17844	wire	0.0161575
17736	17845	wire	0.0161575
17737	17846	wire	0.0161575
17738	17847	wire	0.0161575
17739	17848	wire	0.0161575
17740	17849	wire	0.0161575
17741	17850	wire	0.0161575
17742	17851	wire	0.0161575
17743	17852	wire	0.0161575
17744	17853	wire	0.0161575
17745	17854	wire	0.0161575
17746	17855	wire	0.0161575
17747	17856	wire	0.0161575
17748	17857	wire	0.0161575
17749	17858	wire	0.0161575
17750	17859	wire	0.0161575
17751	17860	wire	0.0161575
17752	17861	wire	0.0161575
17753	17862	wire	0.0161575
17754	17863	wire	0.0161575
17755	17864	wire	0.0161575
17756	17865	wire	0.0161575
17757	17866	wire	0.0161575
17758	17867	wire	0.0161575
17759	17868	wire	0.0161575
17760	17869	wire	0.0161575
17761	17870	wire	0.0161575
17762	17871	wire	0.0161575
17763	17872	wire	0.0161575
17764	17873	wire	0.0161575
17765	17874	wire	0.0161575
17766	17875	wire	0.0161575
17767	17876	wire	0.0161575
17768	17877	wire	0.0161575
17769	17878	wire	0.0161575
17770	17879	wire	0.0161575
17771	17880	wire	0.0161575
17772	17881	wire	0.0161575
17773	17882	wire	0.0161575
17774	17883	wire	0.0161575
17775	17884	wire	0.0161575
17776	17885	wire	0.0161575
17777	17886	wire	0.0161575
17778	17887	wire	0.0161575
17779	17888	wire	0.0161575
17780	17889	wire	0.0161575
17781	17890	wire	0.0161575
17782	17891	wire	0.0161575
17783	17892	wire	0.0161575
17784	17893	wire	0.0161575
17785	17894	wire	0.0161575
17786	17895	wire	0.0161575
17787	17896	wire	0.0161575
17788	17897	wire	0.0161575
17789	17898	wire	0.0161575
17790	17899	wire	0.0161575
17791	17900	wire	0.0161575
17792	17901	wire	0.0161575
17793	17902	wire	0.0161575
17794	17903	wire	0.0161575
17795	17904	wire	0.0161575
17796	17905	wire	0.0161575
17797	17906	wire	0.0161575
17798	17907	wire	0.0161575
17799	17908	wire	0.0161575
17800	17909	wire	0.0161575
17801	17910	wire	0.0161575
17802	17911	wire	0.0161575
17803	17912	wire	0.0161575
17804	17913	wire	0.0161575
17805	17914	wire	0.0161575
17806	17915	wire	0.0161575
17807	17916	wire	0.0161575
17808	17917	wire	0.0161575
17809	17918	wire	0.0161575
17810	17919	wire	0.0161575
17811	17920	wire	0.0161575
17812	17921	wire	0.0161575
17813	17922	wire	0.0161575
17814	17923	wire	0.0161575
17815	17924	wire	0.0161575
17816	17925	wire	0.0161575
17817	17926	wire	0.0161575
17818	17927	wire	0.0161575
17819	17928	wire	0.0161575
17820	17929	wire	0.0161575
17821	17930	wire	0.0161575
17822	17931	wire	0.0161575
17823	17932	wire	0.0161575
17824	17933	wire	0.0161575
17825	17934	wire	0.0161575
17826	17935	wire	0.0161575
17827	17936	wire	0.0161575
17828	17937	wire	0.0161575
17829	17938	wire	0.0161575
17830	17939	wire	0.0161575
17831	17940	wire	0.0161575
17832	17941	wire	0.0161575
17833	17942	wire	0.0161575
17834	17943	wire	0.0161575
17835	17944	wire	0.0161575
17836	17945	wire	0.0161575
17837	17946	wire	0.0161575
17838	17947	wire	0.0161575
17839	17948	wire	0.0161575
17840	17949	wire	0.0161575
17841	17950	wire	0.0161575
17842	17951	wire	0.0161575
17843	17952	wire	0.0161575
17844	17953	wire	0.0161575
17845	17954	wire	0.0161575
17846	17955	wire	0.0161575
17847	17956	wire	0.0161575
17848	17957	wire	0.0161575
17849	17958	wire	0.0161575
17850	17959	wire	0.0161575
17851	17960	wire	0.0161575
17852	17961	wire	0.0161575
17853	17962	wire	0.0161575
17854	17963	wire	0.0161575
17855	17964	wire	0.0161575
17856	17965	wire	0.0161575
17857	17966	wire	0.0161575
17858	17967	wire	0.0161575
17859	17968	wire	0.0161575
17860	17969	wire	0.0161575
17861	17970	wire	0.0161575
17862	17971	wire	0.0161575
17863	17972	wire	0.0161575
17864	17973	wire	0.0161575
17865	17974	wire	0.0161575
17866	17975	wire	0.0161575
17867	17976	wire	0.0161575
17868	17977	wire	0.0161575
17869	17978	wire	0.0161575
17870	17979	wire	0.0161575
17871	17980	wire	0.0161575
17872	17981	wire	0.0161575
17873	17982	wire	0.0161575
17874	17983	wire	0.0161575
17875	17984	wire	0.0161575
17876	17985	wire	0.0161575
17877	17986	wire	0.0161575
17878	17987	wire	0.0161575
17879	17988	wire	0.0161575
17880	17989	wire	0.0161575
17881	17990	wire	0.0161575
17882	17991	wire	0.0161575
17883	17992	wire	0.0161575
17884	17993	wire	0.0161575
17885	17994	wire	0.0161575
17886	17995	wire	0.0161575
17887	17996	wire	0.0161575
17888	17997	wire	0.0161575
17889	17998	wire	0.0161575
17890	17999	wire	0.0161575
17891	18000	wire	0.0161575
17892	18001	wire	0.0161575
17893	18002	wire	0.0161575
17894	18003	wire	0.0161575
17895	18004	wire	0.0161575
17896	18005	wire	0.0161575
17897	18006	wire	0.0161575
17898	18007	wire	0.0161575
17899	18008	wire	0.0161575
17900	18009	wire	0.0161575
17901	18010	wire	0.0161575
17902	18011	wire	0.0161575
17903	18012	wire	0.0161575
17904	18013	wire	0.0161575
17905	18014	wire	0.0161575
17906	18015	wire	0.0161575
17907	18016	wire	0.0161575
17908	18017	wire	0.0161575
17909	18018	wire	0.0161575
17910	18019	wire	0.0161575
17911	18020	wire	0.0161575
17912	18021	wire	0.0161575
17913	18022	wire	0.0161575
17914	18023	wire	0.0161575
17915	18024	wire	0.0161575
17916	18025	wire	0.0161575
17917	18026	wire	0.0161575
17918	18027	wire	0.0161575
17919	18028	wire	0.0161575
17920	18029	wire	0.0161575
17921	18030	wire	0.0161575
17922	18031	wire	0.0161575
17923	18032	wire	0.0161575
17924	18033	wire	0.0161575
17925	18034	wire	0.0161575
17926	18035	wire	0.0161575
17927	18036	wire	0.0161575
17928	18037	wire	0.0161575
17929	18038	wire	0.0161575
17930	18039	wire	0.0161575
17931	18040	wire	0.0161575
17932	18041	wire	0.0161575
17933	18042	wire	0.0161575
17934	18043	wire	0.0161575
17935	18044	wire	0.0161575
17936	18045	wire	0.0161575
17937	18046	wire	0.0161575
17938	18047	wire	0.0161575
17939	18048	wire	0.0161575
17940	18049	wire	0.0161575
17941	18050	wire	0.0161575
17942	18051	wire	0.0161575
17943	18052	wire	0.0161575
17944	18053	wire	0.0161575
17945	18054	wire	0.0161575
17946	18055	wire	0.0161575
17947	18056	wire	0.0161575
17948	18057	wire	0.0161575
17949	18058	wire	0.0161575
17950	18059	wire	0.0161575
17951	18060	wire	0.0161575
17952	18061	wire	0.0161575
17953	18062	wire	0.0161575
17954	18063	wire	0.0161575
17955	18064	wire	0.0161575
17956	18065	wire	0.0161575
17957	18066	wire	0.0161575
17958	18067	wire	0.0161575
17959	18068	wire	0.0161575
17960	18069	wire	0.0161575
17961	18070	wire	0.0161575
17962	18071	wire	0.0161575
17963	18072	wire	0.0161575
17964	18073	wire	0.0161575
17965	18074	wire	0.0161575
17966	18075	wire	0.0161575
17967	18076	wire	0.0161575
17968	18077	wire	0.0161575
17969	18078	wire	0.0161575
17970	18079	wire	0.0161575
17971	18080	wire	0.0161575
17972	18081	wire	0.0161575
17973	18082	wire	0.0161575
17974	18083	wire	0.0161575
17975	18084	wire	0.0161575
17976	18085	wire	0.0161575
17977	18086	wire	0.0161575
17978	18087	wire	0.0161575
17979	18088	wire	0.0161575
17980	18089	wire	0.0161575
17981	18090	wire	0.0161575
17982	18091	wire	0.0161575
17983	18092	wire	0.0161575
17984	18093	wire	0.0161575
17985	18094	wire	0.0161575
17986	18095	wire	0.0161575
17987	18096	wire	0.0161575
17988	18097	wire	0.0161575
17989	18098	wire	0.0161575
17990	18099	wire	0.0161575
17991	18100	wire	0.0161575
17992	18101	wire	0.0161575
17993	18102	wire	0.0161575
17994	18103	wire	0.0161575
17995	18104	wire	0.0161575
17996	18105	wire	0.0161575
17997	18106	wire	0.0161575
17998	18107	wire	0.0161575
17999	18108	wire	0.0161575
18000	18109	wire	0.0161575
18001	18110	wire	0.0161575
18002	18111	wire	0.0161575
18003	18112	wire	0.0161575
18004	18113	wire	0.0161575
18005	18114	wire	0.0161575
18006	18115	wire	0.0161575
18007	18116	wire	0.0161575
18008	18117	wire	0.0161575
18009	18118	wire	0.0161575
18010	18119	wire	0.0161575
18011	18120	wire	0.0161575
18012	18121	wire	0.0161575
18013	18122	wire	0.0161575
18014	18123	wire	0.0161575
18015	18124	wire	0.0161575
18016	18125	wire	0.0161575
18017	18126	wire	0.0161575
18018	18127	wire	0.0161575
18019	18128	wire	0.0161575
18020	18129	wire	0.0161575
18021	18130	wire	0.0161575
18022	18131	wire	0.0161575
18023	18132	wire	0.0161575
18024	18133	wire	0.0161575
18025	18134	wire	0.0161575
18026	18135	wire	0.0161575
18027	18136	wire	0.0161575
18028	18137	wire	0.0161575
18029	18138	wire	0.0161575
18030	18139	wire	0.0161575
18031	18140	wire	0.0161575
18032	18141	wire	0.0161575
18033	18142	wire	0.0161575
18034	18143	wire	0.0161575
18035	18144	wire	0.0161575
18036	18145	wire	0.0161575
18037	18146	wire	0.0161575
18038	18147	wire	0.0161575
18039	18148	wire	0.0161575
18040	18149	wire	0.0161575
18041	18150	wire	0.0161575
18042	18151	wire	0.0161575
18043	18152	wire	0.0161575
18044	18153	wire	0.0161575
18045	18154	wire	0.0161575
18046	18155	wire	0.0161575
18047	18156	wire	0.0161575
18048	18157	wire	0.0161575
18049	18158	wire	0.0161575
18050	18159	wire	0.0161575
18051	18160	wire	0.0161575
18052	18161	wire	0.0161575
18053	18162	wire	0.0161575
18054	18163	wire	0.0161575
18055	18164	wire	0.0161575
18056	18165	wire	0.0161575
18057	18166	wire	0.0161575
18058	18167	wire	0.0161575
18059	18168	wire	0.0161575
18060	18169	wire	0.0161575
18061	18170	wire	0.0161575
18062	18171	wire	0.0161575
18063	18172	wire	0.0161575
18064	18173	wire	0.0161575
18065	18174	wire	0.0161575
18066	18175	wire	0.0161575
18067	18176	wire	0.0161575
18068	18177	wire	0.0161575
18069	18178	wire	0.0161575
18070	18179	wire	0.0161575
18071	18180	wire	0.0161575
18072	18181	wire	0.0161575
18073	18182	wire	0.0161575
18074	18183	wire	0.0161575
18075	18184	wire	0.0161575
18076	18185	wire	0.0161575
18077	18186	wire	0.0161575
18078	18187	wire	0.0161575
18079	18188	wire	0.0161575
18080	18189	wire	0.0161575
18081	18190	wire	0.0161575
18082	18191	wire	0.0161575
18083	18192	wire	0.0161575
18084	18193	wire	0.0161575
18085	18194	wire	0.0161575
18086	18195	wire	0.0161575
18087	18196	wire	0.0161575
18088	18197	wire	0.0161575
18089	18198	wire	0.0161575
18090	18199	wire	0.0161575
18091	18200	wire	0.0161575
18092	18201	wire	0.0161575
18093	18202	wire	0.0161575
18094	18203	wire	0.0161575
18095	18204	wire	0.0161575
18096	18205	wire	0.0161575
18097	18206	wire	0.0161575
18098	18207	wire	0.0161575
18099	18208	wire	0.0161575
18100	18209	wire	0.0161575
18101	18210	wire	0.0161575
18102	18211	wire	0.0161575
18103	18212	wire	0.0161575
18104	18213	wire	0.0161575
18105	18214	wire	0.0161575
18106	18215	wire	0.0161575
18107	18216	wire	0.0161575
18108	18217	wire	0.0161575
18109	18218	wire	0.0161575
18110	18219	wire	0.0161575
18111	18220	wire	0.0161575
18112	18221	wire	0.0161575
18113	18222	wire	0.0161575
18114	18223	wire	0.0161575
18115	18224	wire	0.0161575
18116	18225	wire	0.0161575
18117	18226	wire	0.0161575
18118	18227	wire	0.0161575
18119	18228	wire	0.0161575
18120	18229	wire	0.0161575
18121	18230	wire	0.0161575
18122	18231	wire	0.0161575
18123	18232	wire	0.0161575
18124	18233	wire	0.0161575
18125	18234	wire	0.0161575
18126	18235	wire	0.0161575
18127	18236	wire	0.0161575
18128	18237	wire	0.0161575
18129	18238	wire	0.0161575
18130	18239	wire	0.0161575
18131	18240	wire	0.0161575
18132	18241	wire	0.0161575
18133	18242	wire	0.0161575
18134	18243	wire	0.0161575
18135	18244	wire	0.0161575
18136	18245	wire	0.0161575
18137	18246	wire	0.0161575
18138	18247	wire	0.0161575
18139	18248	wire	0.0161575
18140	18249	wire	0.0161575
18141	18250	wire	0.0161575
18142	18251	wire	0.0161575
18143	18252	wire	0.0161575
18144	18253	wire	0.0161575
18145	18254	wire	0.0161575
18146	18255	wire	0.0161575
18147	18256	wire	0.0161575
18148	18257	wire	0.0161575
18149	18258	wire	0.0161575
18150	18259	wire	0.0161575
18151	18260	wire	0.0161575
18152	18261	wire	0.0161575
18153	18262	wire	0.0161575
18154	18263	wire	0.0161575
18155	18264	wire	0.0161575
18156	18265	wire	0.0161575
18157	18266	wire	0.0161575
18158	18267	wire	0.0161575
18159	18268	wire	0.0161575
18160	18269	wire	0.0161575
18161	18270	wire	0.0161575
18162	18271	wire	0.0161575
18163	18272	wire	0.0161575
18164	18273	wire	0.0161575
18165	18274	wire	0.0161575
18166	18275	wire	0.0161575
18167	18276	wire	0.0161575
18168	18277	wire	0.0161575
18169	18278	wire	0.0161575
18170	18279	wire	0.0161575
18171	18280	wire	0.0161575
18172	18281	wire	0.0161575
18173	18282	wire	0.0161575
18174	18283	wire	0.0161575
18175	18284	wire	0.0161575
18176	18285	wire	0.0161575
18177	18286	wire	0.0161575
18178	18287	wire	0.0161575
18179	18288	wire	0.0161575
18180	18289	wire	0.0161575
18181	18290	wire	0.0161575
18182	18291	wire	0.0161575
18183	18292	wire	0.0161575
18184	18293	wire	0.0161575
18185	18294	wire	0.0161575
18186	18295	wire	0.0161575
18187	18296	wire	0.0161575
18188	18297	wire	0.0161575
18189	18298	wire	0.0161575
18190	18299	wire	0.0161575
18191	18300	wire	0.0161575
18192	18301	wire	0.0161575
18193	18302	wire	0.0161575
18194	18303	wire	0.0161575
18195	18304	wire	0.0161575
18196	18305	wire	0.0161575
18197	18306	wire	0.0161575
18198	18307	wire	0.0161575
18199	18308	wire	0.0161575
18200	18309	wire	0.0161575
18201	18310	wire	0.0161575
18202	18311	wire	0.0161575
18203	18312	wire	0.0161575
18204	18313	wire	0.0161575
18205	18314	wire	0.0161575
18206	18315	wire	0.0161575
18207	18316	wire	0.0161575
18208	18317	wire	0.0161575
18209	18318	wire	0.0161575
18210	18319	wire	0.0161575
18211	18320	wire	0.0161575
18212	18321	wire	0.0161575
18213	18322	wire	0.0161575
18214	18323	wire	0.0161575
18215	18324	wire	0.0161575
18216	18325	wire	0.0161575
18217	18326	wire	0.0161575
18218	18327	wire	0.0161575
18219	18328	wire	0.0161575
18220	18329	wire	0.0161575
18221	18330	wire	0.0161575
18222	18331	wire	0.0161575
18223	18332	wire	0.0161575
18224	18333	wire	0.0161575
18225	18334	wire	0.0161575
18226	18335	wire	0.0161575
18227	18336	wire	0.0161575
18228	18337	wire	0.0161575
18229	18338	wire	0.0161575
18230	18339	wire	0.0161575
18231	18340	wire	0.0161575
18232	18341	wire	0.0161575
18233	18342	wire	0.0161575
18234	18343	wire	0.0161575
18235	18344	wire	0.0161575
18236	18345	wire	0.0161575
18237	18346	wire	0.0161575
18238	18347	wire	0.0161575
18239	18348	wire	0.0161575
18240	18349	wire	0.0161575
18241	18350	wire	0.0161575
18242	18351	wire	0.0161575
18243	18352	wire	0.0161575
18244	18353	wire	0.0161575
18245	18354	wire	0.0161575
18246	18355	wire	0.0161575
18247	18356	wire	0.0161575
18248	18357	wire	0.0161575
18249	18358	wire	0.0161575
18250	18359	wire	0.0161575
18251	18360	wire	0.0161575
18252	18361	wire	0.0161575
18253	18362	wire	0.0161575
18254	18363	wire	0.0161575
18255	18364	wire	0.0161575
18256	18365	wire	0.0161575
18257	18366	wire	0.0161575
18258	18367	wire	0.0161575
18259	18368	wire	0.0161575
18260	18369	wire	0.0161575
18261	18370	wire	0.0161575
18262	18371	wire	0.0161575
18263	18372	wire	0.0161575
18264	18373	wire	0.0161575
18265	18374	wire	0.0161575
18266	18375	wire	0.0161575
18267	18376	wire	0.0161575
18268	18377	wire	0.0161575
18269	18378	wire	0.0161575
18270	18379	wire	0.0161575
18271	18380	wire	0.0161575
18272	18381	wire	0.0161575
18273	18382	wire	0.0161575
18274	18383	wire	0.0161575
18275	18384	wire	0.0161575
18276	18385	wire	0.0161575
18277	18386	wire	0.0161575
18278	18387	wire	0.0161575
18279	18388	wire	0.0161575
18280	18389	wire	0.0161575
18281	18390	wire	0.0161575
18282	18391	wire	0.0161575
18283	18392	wire	0.0161575
18284	18393	wire	0.0161575
18285	18394	wire	0.0161575
18286	18395	wire	0.0161575
18287	18396	wire	0.0161575
18288	18397	wire	0.0161575
18289	18398	wire	0.0161575
18290	18399	wire	0.0161575
18291	18400	wire	0.0161575
18292	18401	wire	0.0161575
18293	18402	wire	0.0161575
18294	18403	wire	0.0161575
18295	18404	wire	0.0161575
18296	18405	wire	0.0161575
18297	18406	wire	0.0161575
18298	18407	wire	0.0161575
18299	18408	wire	0.0161575
18300	18409	wire	0.0161575
18301	18410	wire	0.0161575
18302	18411	wire	0.0161575
18303	18412	wire	0.0161575
18304	18413	wire	0.0161575
18305	18414	wire	0.0161575
18306	18415	wire	0.0161575
18307	18416	wire	0.0161575
18308	18417	wire	0.0161575
18309	18418	wire	0.0161575
18310	18419	wire	0.0161575
18311	18420	wire	0.0161575
18312	18421	wire	0.0161575
18313	18422	wire	0.0161575
18314	18423	wire	0.0161575
18315	18424	wire	0.0161575
18316	18425	wire	0.0161575
18317	18426	wire	0.0161575
18318	18427	wire	0.0161575
18319	18428	wire	0.0161575
18320	18429	wire	0.0161575
18321	18430	wire	0.0161575
18322	18431	wire	0.0161575
18323	18432	wire	0.0161575
18324	18433	wire	0.0161575
18325	18434	wire	0.0161575
18326	18435	wire	0.0161575
18327	18436	wire	0.0161575
18328	18437	wire	0.0161575
18329	18438	wire	0.0161575
18330	18439	wire	0.0161575
18331	18440	wire	0.0161575
18332	18441	wire	0.0161575
18333	18442	wire	0.0161575
18334	18443	wire	0.0161575
18335	18444	wire	0.0161575
18336	18445	wire	0.0161575
18337	18446	wire	0.0161575
18338	18447	wire	0.0161575
18339	18448	wire	0.0161575
18340	18449	wire	0.0161575
18341	18450	wire	0.0161575
18342	18451	wire	0.0161575
18343	18452	wire	0.0161575
18344	18453	wire	0.0161575
18345	18454	wire	0.0161575
18346	18455	wire	0.0161575
18347	18456	wire	0.0161575
18348	18457	wire	0.0161575
18349	18458	wire	0.0161575
18350	18459	wire	0.0161575
18351	18460	wire	0.0161575
18352	18461	wire	0.0161575
18353	18462	wire	0.0161575
18354	18463	wire	0.0161575
18355	18464	wire	0.0161575
18356	18465	wire	0.0161575
18357	18466	wire	0.0161575
18358	18467	wire	0.0161575
18359	18468	wire	0.0161575
18360	18469	wire	0.0161575
18361	18470	wire	0.0161575
18362	18471	wire	0.0161575
18363	18472	wire	0.0161575
18364	18473	wire	0.0161575
18365	18474	wire	0.0161575
18366	18475	wire	0.0161575
18367	18476	wire	0.0161575
18368	18477	wire	0.0161575
18369	18478	wire	0.0161575
18370	18479	wire	0.0161575
18371	18480	wire	0.0161575
18372	18481	wire	0.0161575
18373	18482	wire	0.0161575
18374	18483	wire	0.0161575
18375	18484	wire	0.0161575
18376	18485	wire	0.0161575
18377	18486	wire	0.0161575
18378	18487	wire	0.0161575
18379	18488	wire	0.0161575
18380	18489	wire	0.0161575
18381	18490	wire	0.0161575
18382	18491	wire	0.0161575
18383	18492	wire	0.0161575
18384	18493	wire	0.0161575
18385	18494	wire	0.0161575
18386	18495	wire	0.0161575
18387	18496	wire	0.0161575
18388	18497	wire	0.0161575
18389	18498	wire	0.0161575
18390	18499	wire	0.0161575
18391	18500	wire	0.0161575
18392	18501	wire	0.0161575
18393	18502	wire	0.0161575
18394	18503	wire	0.0161575
18395	18504	wire	0.0161575
18396	18505	wire	0.0161575
18397	18506	wire	0.0161575
18398	18507	wire	0.0161575
18399	18508	wire	0.0161575
18400	18509	wire	0.0161575
18401	18510	wire	0.0161575
18402	18511	wire	0.0161575
18403	18512	wire	0.0161575
18404	18513	wire	0.0161575
18405	18514	wire	0.0161575
18406	18515	wire	0.0161575
18407	18516	wire	0.0161575
18408	18517	wire	0.0161575
18409	18518	wire	0.0161575
18410	18519	wire	0.0161575
18411	18520	wire	0.0161575
18412	18521	wire	0.0161575
18413	18522	wire	0.0161575
18414	18523	wire	0.0161575
18415	18524	wire	0.0161575
18416	18525	wire	0.0161575
18417	18526	wire	0.0161575
18418	18527	wire	0.0161575
18419	18528	wire	0.0161575
18420	18529	wire	0.0161575
18421	18530	wire	0.0161575
18422	18531	wire	0.0161575
18423	18532	wire	0.0161575
18424	18533	wire	0.0161575
18425	18534	wire	0.0161575
18426	18535	wire	0.0161575
18427	18536	wire	0.0161575
18428	18537	wire	0.0161575
18429	18538	wire	0.0161575
18430	18539	wire	0.0161575
18431	18540	wire	0.0161575
18432	18541	wire	0.0161575
18433	18542	wire	0.0161575
18434	18543	wire	0.0161575
18435	18544	wire	0.0161575
18436	18545	wire	0.0161575
18437	18546	wire	0.0161575
18438	18547	wire	0.0161575
18439	18548	wire	0.0161575
18440	18549	wire	0.0161575
18441	18550	wire	0.0161575
18442	18551	wire	0.0161575
18443	18552	wire	0.0161575
18444	18553	wire	0.0161575
18445	18554	wire	0.0161575
18446	18555	wire	0.0161575
18447	18556	wire	0.0161575
18448	18557	wire	0.0161575
18449	18558	wire	0.0161575
18450	18559	wire	0.0161575
18451	18560	wire	0.0161575
18452	18561	wire	0.0161575
18453	18562	wire	0.0161575
18454	18563	wire	0.0161575
18455	18564	wire	0.0161575
18456	18565	wire	0.0161575
18457	18566	wire	0.0161575
18458	18567	wire	0.0161575
18459	18568	wire	0.0161575
18460	18569	wire	0.0161575
18461	18570	wire	0.0161575
18462	18571	wire	0.0161575
18463	18572	wire	0.0161575
18464	18573	wire	0.0161575
18465	18574	wire	0.0161575
18466	18575	wire	0.0161575
18467	18576	wire	0.0161575
18468	18577	wire	0.0161575
18469	18578	wire	0.0161575
18470	18579	wire	0.0161575
18471	18580	wire	0.0161575
18472	18581	wire	0.0161575
18473	18582	wire	0.0161575
18474	18583	wire	0.0161575
18475	18584	wire	0.0161575
18476	18585	wire	0.0161575
18477	18586	wire	0.0161575
18478	18587	wire	0.0161575
18479	18588	wire	0.0161575
18480	18589	wire	0.0161575
18481	18590	wire	0.0161575
18482	18591	wire	0.0161575
18483	18592	wire	0.0161575
18484	18593	wire	0.0161575
18485	18594	wire	0.0161575
18486	18595	wire	0.0161575
18487	18596	wire	0.0161575
18488	18597	wire	0.0161575
18489	18598	wire	0.0161575
18490	18599	wire	0.0161575
18491	18600	wire	0.0161575
18492	18601	wire	0.0161575
18493	18602	wire	0.0161575
18494	18603	wire	0.0161575
18495	18604	wire	0.0161575
18496	18605	wire	0.0161575
18497	18606	wire	0.0161575
18498	18607	wire	0.0161575
18499	18608	wire	0.0161575
18500	18609	wire	0.0161575
18501	18610	wire	0.0161575
18502	18611	wire	0.0161575
18503	18612	wire	0.0161575
18504	18613	wire	0.0161575
18505	18614	wire	0.0161575
18506	18615	wire	0.0161575
18507	18616	wire	0.0161575
18508	18617	wire	0.0161575
18509	18618	wire	0.0161575
18510	18619	wire	0.0161575
18511	18620	wire	0.0161575
18512	18621	wire	0.0161575
18513	18622	wire	0.0161575
18514	18623	wire	0.0161575
18515	18624	wire	0.0161575
18516	18625	wire	0.0161575
18517	18626	wire	0.0161575
18518	18627	wire	0.0161575
18519	18628	wire	0.0161575
18520	18629	wire	0.0161575
18521	18630	wire	0.0161575
18522	18631	wire	0.0161575
18523	18632	wire	0.0161575
18524	18633	wire	0.0161575
18525	18634	wire	0.0161575
18526	18635	wire	0.0161575
18527	18636	wire	0.0161575
18528	18637	wire	0.0161575
18529	18638	wire	0.0161575
18530	18639	wire	0.0161575
18531	18640	wire	0.0161575
18532	18641	wire	0.0161575
18533	18642	wire	0.0161575
18534	18643	wire	0.0161575
18535	18644	wire	0.0161575
18536	18645	wire	0.0161575
18537	18646	wire	0.0161575
18538	18647	wire	0.0161575
18539	18648	wire	0.0161575
18540	18649	wire	0.0161575
18541	18650	wire	0.0161575
18542	18651	wire	0.0161575
18543	18652	wire	0.0161575
18544	18653	wire	0.0161575
18545	18654	wire	0.0161575
18546	18655	wire	0.0161575
18547	18656	wire	0.0161575
18548	18657	wire	0.0161575
18549	18658	wire	0.0161575
18550	18659	wire	0.0161575
18551	18660	wire	0.0161575
18552	18661	wire	0.0161575
18553	18662	wire	0.0161575
18554	18663	wire	0.0161575
18555	18664	wire	0.0161575
18556	18665	wire	0.0161575
18557	18666	wire	0.0161575
18558	18667	wire	0.0161575
18559	18668	wire	0.0161575
18560	18669	wire	0.0161575
18561	18670	wire	0.0161575
18562	18671	wire	0.0161575
18563	18672	wire	0.0161575
18564	18673	wire	0.0161575
18565	18674	wire	0.0161575
18566	18675	wire	0.0161575
18567	18676	wire	0.0161575
18568	18677	wire	0.0161575
18569	18678	wire	0.0161575
18570	18679	wire	0.0161575
18571	18680	wire	0.0161575
18572	18681	wire	0.0161575
18573	18682	wire	0.0161575
18574	18683	wire	0.0161575
18575	18684	wire	0.0161575
18576	18685	wire	0.0161575
18577	18686	wire	0.0161575
18578	18687	wire	0.0161575
18579	18688	wire	0.0161575
18580	18689	wire	0.0161575
18581	18690	wire	0.0161575
18582	18691	wire	0.0161575
18583	18692	wire	0.0161575
18584	18693	wire	0.0161575
18585	18694	wire	0.0161575
18586	18695	wire	0.0161575
18587	18696	wire	0.0161575
18588	18697	wire	0.0161575
18589	18698	wire	0.0161575
18590	18699	wire	0.0161575
18591	18700	wire	0.0161575
18592	18701	wire	0.0161575
18593	18702	wire	0.0161575
18594	18703	wire	0.0161575
18595	18704	wire	0.0161575
18596	18705	wire	0.0161575
18597	18706	wire	0.0161575
18598	18707	wire	0.0161575
18599	18708	wire	0.0161575
18600	18709	wire	0.0161575
18601	18710	wire	0.0161575
18602	18711	wire	0.0161575
18603	18712	wire	0.0161575
18604	18713	wire	0.0161575
18605	18714	wire	0.0161575
18606	18715	wire	0.0161575
18607	18716	wire	0.0161575
18608	18717	wire	0.0161575
18609	18718	wire	0.0161575
18610	18719	wire	0.0161575
18611	18720	wire	0.0161575
18612	18721	wire	0.0161575
18613	18722	wire	0.0161575
18614	18723	wire	0.0161575
18615	18724	wire	0.0161575
18616	18725	wire	0.0161575
18617	18726	wire	0.0161575
18618	18727	wire	0.0161575
18619	18728	wire	0.0161575
18620	18729	wire	0.0161575
18621	18730	wire	0.0161575
18622	18731	wire	0.0161575
18623	18732	wire	0.0161575
18624	18733	wire	0.0161575
18625	18734	wire	0.0161575
18626	18735	wire	0.0161575
18627	18736	wire	0.0161575
18628	18737	wire	0.0161575
18629	18738	wire	0.0161575
18630	18739	wire	0.0161575
18631	18740	wire	0.0161575
18632	18741	wire	0.0161575
18633	18742	wire	0.0161575
18634	18743	wire	0.0161575
18635	18744	wire	0.0161575
18636	18745	wire	0.0161575
18637	18746	wire	0.0161575
18638	18747	wire	0.0161575
18639	18748	wire	0.0161575
18640	18749	wire	0.0161575
18641	18750	wire	0.0161575
18642	18751	wire	0.0161575
18643	18752	wire	0.0161575
18644	18753	wire	0.0161575
18645	18754	wire	0.0161575
18646	18755	wire	0.0161575
18647	18756	wire	0.0161575
18648	18757	wire	0.0161575
18649	18758	wire	0.0161575
18650	18759	wire	0.0161575
18651	18760	wire	0.0161575
18652	18761	wire	0.0161575
18653	18762	wire	0.0161575
18654	18763	wire	0.0161575
18655	18764	wire	0.0161575
18656	18765	wire	0.0161575
18657	18766	wire	0.0161575
18658	18767	wire	0.0161575
18659	18768	wire	0.0161575
18660	18769	wire	0.0161575
18661	18770	wire	0.0161575
18662	18771	wire	0.0161575
18663	18772	wire	0.0161575
18664	18773	wire	0.0161575
18665	18774	wire	0.0161575
18666	18775	wire	0.0161575
18667	18776	wire	0.0161575
18668	18777	wire	0.0161575
18669	18778	wire	0.0161575
18670	18779	wire	0.0161575
18671	18780	wire	0.0161575
18672	18781	wire	0.0161575
18673	18782	wire	0.0161575
18674	18783	wire	0.0161575
18675	18784	wire	0.0161575
18676	18785	wire	0.0161575
18677	18786	wire	0.0161575
18678	18787	wire	0.0161575
18679	18788	wire	0.0161575
18680	18789	wire	0.0161575
18681	18790	wire	0.0161575
18682	18791	wire	0.0161575
18683	18792	wire	0.0161575
18684	18793	wire	0.0161575
18685	18794	wire	0.0161575
18686	18795	wire	0.0161575
18687	18796	wire	0.0161575
18688	18797	wire	0.0161575
18689	18798	wire	0.0161575
18690	18799	wire	0.0161575
18691	18800	wire	0.0161575
18692	18801	wire	0.0161575
18693	18802	wire	0.0161575
18694	18803	wire	0.0161575
18695	18804	wire	0.0161575
18696	18805	wire	0.0161575
18697	18806	wire	0.0161575
18698	18807	wire	0.0161575
18699	18808	wire	0.0161575
18700	18809	wire	0.0161575
18701	18810	wire	0.0161575
18702	18811	wire	0.0161575
18703	18812	wire	0.0161575
18704	18813	wire	0.0161575
18705	18814	wire	0.0161575
18706	18815	wire	0.0161575
18707	18816	wire	0.0161575
18708	18817	wire	0.0161575
18709	18818	wire	0.0161575
18710	18819	wire	0.0161575
18711	18820	wire	0.0161575
18712	18821	wire	0.0161575
18713	18822	wire	0.0161575
18714	18823	wire	0.0161575
18715	18824	wire	0.0161575
18716	18825	wire	0.0161575
18717	18826	wire	0.0161575
18718	18827	wire	0.0161575
18719	18828	wire	0.0161575
18720	18829	wire	0.0161575
18721	18830	wire	0.0161575
18722	18831	wire	0.0161575
18723	18832	wire	0.0161575
18724	18833	wire	0.0161575
18725	18834	wire	0.0161575
18726	18835	wire	0.0161575
18727	18836	wire	0.0161575
18728	18837	wire	0.0161575
18729	18838	wire	0.0161575
18730	18839	wire	0.0161575
18731	18840	wire	0.0161575
18732	18841	wire	0.0161575
18733	18842	wire	0.0161575
18734	18843	wire	0.0161575
18735	18844	wire	0.0161575
18736	18845	wire	0.0161575
18737	18846	wire	0.0161575
18738	18847	wire	0.0161575
18739	18848	wire	0.0161575
18740	18849	wire	0.0161575
18741	18850	wire	0.0161575
18742	18851	wire	0.0161575
18743	18852	wire	0.0161575
18744	18853	wire	0.0161575
18745	18854	wire	0.0161575
18746	18855	wire	0.0161575
18747	18856	wire	0.0161575
18748	18857	wire	0.0161575
18749	18858	wire	0.0161575
18750	18859	wire	0.0161575
18751	18860	wire	0.0161575
18752	18861	wire	0.0161575
18753	18862	wire	0.0161575
18754	18863	wire	0.0161575
18755	18864	wire	0.0161575
18756	18865	wire	0.0161575
18757	18866	wire	0.0161575
18758	18867	wire	0.0161575
18759	18868	wire	0.0161575
18760	18869	wire	0.0161575
18761	18870	wire	0.0161575
18762	18871	wire	0.0161575
18763	18872	wire	0.0161575
18764	18873	wire	0.0161575
18765	18874	wire	0.0161575
18766	18875	wire	0.0161575
18767	18876	wire	0.0161575
18768	18877	wire	0.0161575
18769	18878	wire	0.0161575
18770	18879	wire	0.0161575
18771	18880	wire	0.0161575
18772	18881	wire	0.0161575
18773	18882	wire	0.0161575
18774	18883	wire	0.0161575
18775	18884	wire	0.0161575
18776	18885	wire	0.0161575
18777	18886	wire	0.0161575
18778	18887	wire	0.0161575
18779	18888	wire	0.0161575
18780	18889	wire	0.0161575
18781	18890	wire	0.0161575
18782	18891	wire	0.0161575
18783	18892	wire	0.0161575
18784	18893	wire	0.0161575
18785	18894	wire	0.0161575
18786	18895	wire	0.0161575
18787	18896	wire	0.0161575
18788	18897	wire	0.0161575
18789	18898	wire	0.0161575
18790	18899	wire	0.0161575
18791	18900	wire	0.0161575
18792	18901	wire	0.0161575
18793	18902	wire	0.0161575
18794	18903	wire	0.0161575
18795	18904	wire	0.0161575
18796	18905	wire	0.0161575
18797	18906	wire	0.0161575
18798	18907	wire	0.0161575
18799	18908	wire	0.0161575
18800	18909	wire	0.0161575
18801	18910	wire	0.0161575
18802	18911	wire	0.0161575
18803	18912	wire	0.0161575
18804	18913	wire	0.0161575
18805	18914	wire	0.0161575
18806	18915	wire	0.0161575
18807	18916	wire	0.0161575
18808	18917	wire	0.0161575
18809	18918	wire	0.0161575
18810	18919	wire	0.0161575
18811	18920	wire	0.0161575
18812	18921	wire	0.0161575
18813	18922	wire	0.0161575
18814	18923	wire	0.0161575
18815	18924	wire	0.0161575
18816	18925	wire	0.0161575
18817	18926	wire	0.0161575
18818	18927	wire	0.0161575
18819	18928	wire	0.0161575
18820	18929	wire	0.0161575
18821	18930	wire	0.0161575
18822	18931	wire	0.0161575
18823	18932	wire	0.0161575
18824	18933	wire	0.0161575
18825	18934	wire	0.0161575
18826	18935	wire	0.0161575
18827	18936	wire	0.0161575
18828	18937	wire	0.0161575
18829	18938	wire	0.0161575
18830	18939	wire	0.0161575
18831	18940	wire	0.0161575
18832	18941	wire	0.0161575
18833	18942	wire	0.0161575
18834	18943	wire	0.0161575
18835	18944	wire	0.0161575
18836	18945	wire	0.0161575
18837	18946	wire	0.0161575
18838	18947	wire	0.0161575
18839	18948	wire	0.0161575
18840	18949	wire	0.0161575
18841	18950	wire	0.0161575
18842	18951	wire	0.0161575
18843	18952	wire	0.0161575
18844	18953	wire	0.0161575
18845	18954	wire	0.0161575
18846	18955	wire	0.0161575
18847	18956	wire	0.0161575
18848	18957	wire	0.0161575
18849	18958	wire	0.0161575
18850	18959	wire	0.0161575
18851	18960	wire	0.0161575
18852	18961	wire	0.0161575
18853	18962	wire	0.0161575
18854	18963	wire	0.0161575
18855	18964	wire	0.0161575
18856	18965	wire	0.0161575
18857	18966	wire	0.0161575
18858	18967	wire	0.0161575
18859	18968	wire	0.0161575
18860	18969	wire	0.0161575
18861	18970	wire	0.0161575
18862	18971	wire	0.0161575
18863	18972	wire	0.0161575
18864	18973	wire	0.0161575
18865	18974	wire	0.0161575
18866	18975	wire	0.0161575
18867	18976	wire	0.0161575
18868	18977	wire	0.0161575
18869	18978	wire	0.0161575
18870	18979	wire	0.0161575
18871	18980	wire	0.0161575
18872	18981	wire	0.0161575
18873	18982	wire	0.0161575
18874	18983	wire	0.0161575
18875	18984	wire	0.0161575
18876	18985	wire	0.0161575
18877	18986	wire	0.0161575
18878	18987	wire	0.0161575
18879	18988	wire	0.0161575
18880	18989	wire	0.0161575
18881	18990	wire	0.0161575
18882	18991	wire	0.0161575
18883	18992	wire	0.0161575
18884	18993	wire	0.0161575
18885	18994	wire	0.0161575
18886	18995	wire	0.0161575
18887	18996	wire	0.0161575
18888	18997	wire	0.0161575
18889	18998	wire	0.0161575
18890	18999	wire	0.0161575
18891	19000	wire	0.0161575
18892	19001	wire	0.0161575
18893	19002	wire	0.0161575
18894	19003	wire	0.0161575
18895	19004	wire	0.0161575
18896	19005	wire	0.0161575
18897	19006	wire	0.0161575
18898	19007	wire	0.0161575
18899	19008	wire	0.0161575
18900	19009	wire	0.0161575
18901	19010	wire	0.0161575
18902	19011	wire	0.0161575
18903	19012	wire	0.0161575
18904	19013	wire	0.0161575
18905	19014	wire	0.0161575
18906	19015	wire	0.0161575
18907	19016	wire	0.0161575
18908	19017	wire	0.0161575
18909	19018	wire	0.0161575
18910	19019	wire	0.0161575
18911	19020	wire	0.0161575
18912	19021	wire	0.0161575
18913	19022	wire	0.0161575
18914	19023	wire	0.0161575
18915	19024	wire	0.0161575
18916	19025	wire	0.0161575
18917	19026	wire	0.0161575
18918	19027	wire	0.0161575
18919	19028	wire	0.0161575
18920	19029	wire	0.0161575
18921	19030	wire	0.0161575
18922	19031	wire	0.0161575
18923	19032	wire	0.0161575
18924	19033	wire	0.0161575
18925	19034	wire	0.0161575
18926	19035	wire	0.0161575
18927	19036	wire	0.0161575
18928	19037	wire	0.0161575
18929	19038	wire	0.0161575
18930	19039	wire	0.0161575
18931	19040	wire	0.0161575
18932	19041	wire	0.0161575
18933	19042	wire	0.0161575
18934	19043	wire	0.0161575
18935	19044	wire	0.0161575
18936	19045	wire	0.0161575
18937	19046	wire	0.0161575
18938	19047	wire	0.0161575
18939	19048	wire	0.0161575
18940	19049	wire	0.0161575
18941	19050	wire	0.0161575
18942	19051	wire	0.0161575
18943	19052	wire	0.0161575
18944	19053	wire	0.0161575
18945	19054	wire	0.0161575
18946	19055	wire	0.0161575
18947	19056	wire	0.0161575
18948	19057	wire	0.0161575
18949	19058	wire	0.0161575
18950	19059	wire	0.0161575
18951	19060	wire	0.0161575
18952	19061	wire	0.0161575
18953	19062	wire	0.0161575
18954	19063	wire	0.0161575
18955	19064	wire	0.0161575
18956	19065	wire	0.0161575
18957	19066	wire	0.0161575
18958	19067	wire	0.0161575
18959	19068	wire	0.0161575
18960	19069	wire	0.0161575
18961	19070	wire	0.0161575
18962	19071	wire	0.0161575
18963	19072	wire	0.0161575
18964	19073	wire	0.0161575
18965	19074	wire	0.0161575
18966	19075	wire	0.0161575
18967	19076	wire	0.0161575
18968	19077	wire	0.0161575
18969	19078	wire	0.0161575
18970	19079	wire	0.0161575
18971	19080	wire	0.0161575
18972	19081	wire	0.0161575
18973	19082	wire	0.0161575
18974	19083	wire	0.0161575
18975	19084	wire	0.0161575
18976	19085	wire	0.0161575
18977	19086	wire	0.0161575
18978	19087	wire	0.0161575
18979	19088	wire	0.0161575
18980	19089	wire	0.0161575
18981	19090	wire	0.0161575
18982	19091	wire	0.0161575
18983	19092	wire	0.0161575
18984	19093	wire	0.0161575
18985	19094	wire	0.0161575
18986	19095	wire	0.0161575
18987	19096	wire	0.0161575
18988	19097	wire	0.0161575
18989	19098	wire	0.0161575
18990	19099	wire	0.0161575
18991	19100	wire	0.0161575
18992	19101	wire	0.0161575
18993	19102	wire	0.0161575
18994	19103	wire	0.0161575
18995	19104	wire	0.0161575
18996	19105	wire	0.0161575
18997	19106	wire	0.0161575
18998	19107	wire	0.0161575
18999	19108	wire	0.0161575
19000	19109	wire	0.0161575
19001	19110	wire	0.0161575
19002	19111	wire	0.0161575
19003	19112	wire	0.0161575
19004	19113	wire	0.0161575
19005	19114	wire	0.0161575
19006	19115	wire	0.0161575
19007	19116	wire	0.0161575
19008	19117	wire	0.0161575
19009	19118	wire	0.0161575
19010	19119	wire	0.0161575
19011	19120	wire	0.0161575
19012	19121	wire	0.0161575
19013	19122	wire	0.0161575
19014	19123	wire	0.0161575
19015	19124	wire	0.0161575
19016	19125	wire	0.0161575
19017	19126	wire	0.0161575
19018	19127	wire	0.0161575
19019	19128	wire	0.0161575
19020	19129	wire	0.0161575
19021	19130	wire	0.0161575
19022	19131	wire	0.0161575
19023	19132	wire	0.0161575
19024	19133	wire	0.0161575
19025	19134	wire	0.0161575
19026	19135	wire	0.0161575
19027	19136	wire	0.0161575
19028	19137	wire	0.0161575
19029	19138	wire	0.0161575
19030	19139	wire	0.0161575
19031	19140	wire	0.0161575
19032	19141	wire	0.0161575
19033	19142	wire	0.0161575
19034	19143	wire	0.0161575
19035	19144	wire	0.0161575
19036	19145	wire	0.0161575
19037	19146	wire	0.0161575
19038	19147	wire	0.0161575
19039	19148	wire	0.0161575
19040	19149	wire	0.0161575
19041	19150	wire	0.0161575
19042	19151	wire	0.0161575
19043	19152	wire	0.0161575
19044	19153	wire	0.0161575
19045	19154	wire	0.0161575
19046	19155	wire	0.0161575
19047	19156	wire	0.0161575
19048	19157	wire	0.0161575
19049	19158	wire	0.0161575
19050	19159	wire	0.0161575
19051	19160	wire	0.0161575
19052	19161	wire	0.0161575
19053	19162	wire	0.0161575
19054	19163	wire	0.0161575
19055	19164	wire	0.0161575
19056	19165	wire	0.0161575
19057	19166	wire	0.0161575
19058	19167	wire	0.0161575
19059	19168	wire	0.0161575
19060	19169	wire	0.0161575
19061	19170	wire	0.0161575
19062	19171	wire	0.0161575
19063	19172	wire	0.0161575
19064	19173	wire	0.0161575
19065	19174	wire	0.0161575
19066	19175	wire	0.0161575
19067	19176	wire	0.0161575
19068	19177	wire	0.0161575
19069	19178	wire	0.0161575
19070	19179	wire	0.0161575
19071	19180	wire	0.0161575
19072	19181	wire	0.0161575
19073	19182	wire	0.0161575
19074	19183	wire	0.0161575
19075	19184	wire	0.0161575
19076	19185	wire	0.0161575
19077	19186	wire	0.0161575
19078	19187	wire	0.0161575
19079	19188	wire	0.0161575
19080	19189	wire	0.0161575
19081	19190	wire	0.0161575
19082	19191	wire	0.0161575
19083	19192	wire	0.0161575
19084	19193	wire	0.0161575
19085	19194	wire	0.0161575
19086	19195	wire	0.0161575
19087	19196	wire	0.0161575
19088	19197	wire	0.0161575
19089	19198	wire	0.0161575
19090	19199	wire	0.0161575
19091	19200	wire	0.0161575
19092	19201	wire	0.0161575
19093	19202	wire	0.0161575
19094	19203	wire	0.0161575
19095	19204	wire	0.0161575
19096	19205	wire	0.0161575
19097	19206	wire	0.0161575
19098	19207	wire	0.0161575
19099	19208	wire	0.0161575
19100	19209	wire	0.0161575
19101	19210	wire	0.0161575
19102	19211	wire	0.0161575
19103	19212	wire	0.0161575
19104	19213	wire	0.0161575
19105	19214	wire	0.0161575
19106	19215	wire	0.0161575
19107	19216	wire	0.0161575
19108	19217	wire	0.0161575
19109	19218	wire	0.0161575
19110	19219	wire	0.0161575
19111	19220	wire	0.0161575
19112	19221	wire	0.0161575
19113	19222	wire	0.0161575
19114	19223	wire	0.0161575
19115	19224	wire	0.0161575
19116	19225	wire	0.0161575
19117	19226	wire	0.0161575
19118	19227	wire	0.0161575
19119	19228	wire	0.0161575
19120	19229	wire	0.0161575
19121	19230	wire	0.0161575
19122	19231	wire	0.0161575
19123	19232	wire	0.0161575
19124	19233	wire	0.0161575
19125	19234	wire	0.0161575
19126	19235	wire	0.0161575
19127	19236	wire	0.0161575
19128	19237	wire	0.0161575
19129	19238	wire	0.0161575
19130	19239	wire	0.0161575
19131	19240	wire	0.0161575
19132	19241	wire	0.0161575
19133	19242	wire	0.0161575
19134	19243	wire	0.0161575
19135	19244	wire	0.0161575
19136	19245	wire	0.0161575
19137	19246	wire	0.0161575
19138	19247	wire	0.0161575
19139	19248	wire	0.0161575
19140	19249	wire	0.0161575
19141	19250	wire	0.0161575
19142	19251	wire	0.0161575
19143	19252	wire	0.0161575
19144	19253	wire	0.0161575
19145	19254	wire	0.0161575
19146	19255	wire	0.0161575
19147	19256	wire	0.0161575
19148	19257	wire	0.0161575
19149	19258	wire	0.0161575
19150	19259	wire	0.0161575
19151	19260	wire	0.0161575
19152	19261	wire	0.0161575
19153	19262	wire	0.0161575
19154	19263	wire	0.0161575
19155	19264	wire	0.0161575
19156	19265	wire	0.0161575
19157	19266	wire	0.0161575
19158	19267	wire	0.0161575
19159	19268	wire	0.0161575
19160	19269	wire	0.0161575
19161	19270	wire	0.0161575
19162	19271	wire	0.0161575
19163	19272	wire	0.0161575
19164	19273	wire	0.0161575
19165	19274	wire	0.0161575
19166	19275	wire	0.0161575
19167	19276	wire	0.0161575
19168	19277	wire	0.0161575
19169	19278	wire	0.0161575
19170	19279	wire	0.0161575
19171	19280	wire	0.0161575
19172	19281	wire	0.0161575
19173	19282	wire	0.0161575
19174	19283	wire	0.0161575
19175	19284	wire	0.0161575
19176	19285	wire	0.0161575
19177	19286	wire	0.0161575
19178	19287	wire	0.0161575
19179	19288	wire	0.0161575
19180	19289	wire	0.0161575
19181	19290	wire	0.0161575
19182	19291	wire	0.0161575
19183	19292	wire	0.0161575
19184	19293	wire	0.0161575
19185	19294	wire	0.0161575
19186	19295	wire	0.0161575
19187	19296	wire	0.0161575
19188	19297	wire	0.0161575
19189	19298	wire	0.0161575
19190	19299	wire	0.0161575
19191	19300	wire	0.0161575
19192	19301	wire	0.0161575
19193	19302	wire	0.0161575
19194	19303	wire	0.0161575
19195	19304	wire	0.0161575
19196	19305	wire	0.0161575
19197	19306	wire	0.0161575
19198	19307	wire	0.0161575
19199	19308	wire	0.0161575
19200	19309	wire	0.0161575
19201	19310	wire	0.0161575
19202	19311	wire	0.0161575
19203	19312	wire	0.0161575
19204	19313	wire	0.0161575
19205	19314	wire	0.0161575
19206	19315	wire	0.0161575
19207	19316	wire	0.0161575
19208	19317	wire	0.0161575
19209	19318	wire	0.0161575
19210	19319	wire	0.0161575
19211	19320	wire	0.0161575
19212	19321	wire	0.0161575
19213	19322	wire	0.0161575
19214	19323	wire	0.0161575
19215	19324	wire	0.0161575
19216	19325	wire	0.0161575
19217	19326	wire	0.0161575
19218	19327	wire	0.0161575
19219	19328	wire	0.0161575
19220	19329	wire	0.0161575
19221	19330	wire	0.0161575
19222	19331	wire	0.0161575
19223	19332	wire	0.0161575
19224	19333	wire	0.0161575
19225	19334	wire	0.0161575
19226	19335	wire	0.0161575
19227	19336	wire	0.0161575
19228	19337	wire	0.0161575
19229	19338	wire	0.0161575
19230	19339	wire	0.0161575
19231	19340	wire	0.0161575
19232	19341	wire	0.0161575
19233	19342	wire	0.0161575
19234	19343	wire	0.0161575
19235	19344	wire	0.0161575
19236	19345	wire	0.0161575
19237	19346	wire	0.0161575
19238	19347	wire	0.0161575
19239	19348	wire	0.0161575
19240	19349	wire	0.0161575
19241	19350	wire	0.0161575
19242	19351	wire	0.0161575
19243	19352	wire	0.0161575
19244	19353	wire	0.0161575
19245	19354	wire	0.0161575
19246	19355	wire	0.0161575
19247	19356	wire	0.0161575
19248	19357	wire	0.0161575
19249	19358	wire	0.0161575
19250	19359	wire	0.0161575
19251	19360	wire	0.0161575
19252	19361	wire	0.0161575
19253	19362	wire	0.0161575
19254	19363	wire	0.0161575
19255	19364	wire	0.0161575
19256	19365	wire	0.0161575
19257	19366	wire	0.0161575
19258	19367	wire	0.0161575
19259	19368	wire	0.0161575
19260	19369	wire	0.0161575
19261	19370	wire	0.0161575
19262	19371	wire	0.0161575
19263	19372	wire	0.0161575
19264	19373	wire	0.0161575
19265	19374	wire	0.0161575
19266	19375	wire	0.0161575
19267	19376	wire	0.0161575
19268	19377	wire	0.0161575
19269	19378	wire	0.0161575
19270	19379	wire	0.0161575
19271	19380	wire	0.0161575
19272	19381	wire	0.0161575
19273	19382	wire	0.0161575
19274	19383	wire	0.0161575
19275	19384	wire	0.0161575
19276	19385	wire	0.0161575
19277	19386	wire	0.0161575
19278	19387	wire	0.0161575
19279	19388	wire	0.0161575
19280	19389	wire	0.0161575
19281	19390	wire	0.0161575
19282	19391	wire	0.0161575
19283	19392	wire	0.0161575
19284	19393	wire	0.0161575
19285	19394	wire	0.0161575
19286	19395	wire	0.0161575
19287	19396	wire	0.0161575
19288	19397	wire	0.0161575
19289	19398	wire	0.0161575
19290	19399	wire	0.0161575
19291	19400	wire	0.0161575
19292	19401	wire	0.0161575
19293	19402	wire	0.0161575
19294	19403	wire	0.0161575
19295	19404	wire	0.0161575
19296	19405	wire	0.0161575
19297	19406	wire	0.0161575
19298	19407	wire	0.0161575
19299	19408	wire	0.0161575
19300	19409	wire	0.0161575
19301	19410	wire	0.0161575
19302	19411	wire	0.0161575
19303	19412	wire	0.0161575
19304	19413	wire	0.0161575
19305	19414	wire	0.0161575
19306	19415	wire	0.0161575
19307	19416	wire	0.0161575
19308	19417	wire	0.0161575
19309	19418	wire	0.0161575
19310	19419	wire	0.0161575
19311	19420	wire	0.0161575
19312	19421	wire	0.0161575
19313	19422	wire	0.0161575
19314	19423	wire	0.0161575
19315	19424	wire	0.0161575
19316	19425	wire	0.0161575
19317	19426	wire	0.0161575
19318	19427	wire	0.0161575
19319	19428	wire	0.0161575
19320	19429	wire	0.0161575
19321	19430	wire	0.0161575
19322	19431	wire	0.0161575
19323	19432	wire	0.0161575
19324	19433	wire	0.0161575
19325	19434	wire	0.0161575
19326	19435	wire	0.0161575
19327	19436	wire	0.0161575
19328	19437	wire	0.0161575
19329	19438	wire	0.0161575
19330	19439	wire	0.0161575
19331	19440	wire	0.0161575
19332	19441	wire	0.0161575
19333	19442	wire	0.0161575
19334	19443	wire	0.0161575
19335	19444	wire	0.0161575
19336	19445	wire	0.0161575
19337	19446	wire	0.0161575
19338	19447	wire	0.0161575
19339	19448	wire	0.0161575
19340	19449	wire	0.0161575
19341	19450	wire	0.0161575
19342	19451	wire	0.0161575
19343	19452	wire	0.0161575
19344	19453	wire	0.0161575
19345	19454	wire	0.0161575
19346	19455	wire	0.0161575
19347	19456	wire	0.0161575
19348	19457	wire	0.0161575
19349	19458	wire	0.0161575
19350	19459	wire	0.0161575
19351	19460	wire	0.0161575
19352	19461	wire	0.0161575
19353	19462	wire	0.0161575
19354	19463	wire	0.0161575
19355	19464	wire	0.0161575
19356	19465	wire	0.0161575
19357	19466	wire	0.0161575
19358	19467	wire	0.0161575
19359	19468	wire	0.0161575
19360	19469	wire	0.0161575
19361	19470	wire	0.0161575
19362	19471	wire	0.0161575
19363	19472	wire	0.0161575
19364	19473	wire	0.0161575
19365	19474	wire	0.0161575
19366	19475	wire	0.0161575
19367	19476	wire	0.0161575
19368	19477	wire	0.0161575
19369	19478	wire	0.0161575
19370	19479	wire	0.0161575
19371	19480	wire	0.0161575
19372	19481	wire	0.0161575
19373	19482	wire	0.0161575
19374	19483	wire	0.0161575
19375	19484	wire	0.0161575
19376	19485	wire	0.0161575
19377	19486	wire	0.0161575
19378	19487	wire	0.0161575
19379	19488	wire	0.0161575
19380	19489	wire	0.0161575
19381	19490	wire	0.0161575
19382	19491	wire	0.0161575
19383	19492	wire	0.0161575
19384	19493	wire	0.0161575
19385	19494	wire	0.0161575
19386	19495	wire	0.0161575
19387	19496	wire	0.0161575
19388	19497	wire	0.0161575
19389	19498	wire	0.0161575
19390	19499	wire	0.0161575
19391	19500	wire	0.0161575
19392	19501	wire	0.0161575
19393	19502	wire	0.0161575
19394	19503	wire	0.0161575
19395	19504	wire	0.0161575
19396	19505	wire	0.0161575
19397	19506	wire	0.0161575
19398	19507	wire	0.0161575
19399	19508	wire	0.0161575
19400	19509	wire	0.0161575
19401	19510	wire	0.0161575
19402	19511	wire	0.0161575
19403	19512	wire	0.0161575
19404	19513	wire	0.0161575
19405	19514	wire	0.0161575
19406	19515	wire	0.0161575
19407	19516	wire	0.0161575
19408	19517	wire	0.0161575
19409	19518	wire	0.0161575
19410	19519	wire	0.0161575
19411	19520	wire	0.0161575
19412	19521	wire	0.0161575
19413	19522	wire	0.0161575
19414	19523	wire	0.0161575
19415	19524	wire	0.0161575
19416	19525	wire	0.0161575
19417	19526	wire	0.0161575
19418	19527	wire	0.0161575
19419	19528	wire	0.0161575
19420	19529	wire	0.0161575
19421	19530	wire	0.0161575
19422	19531	wire	0.0161575
19423	19532	wire	0.0161575
19424	19533	wire	0.0161575
19425	19534	wire	0.0161575
19426	19535	wire	0.0161575
19427	19536	wire	0.0161575
19428	19537	wire	0.0161575
19429	19538	wire	0.0161575
19430	19539	wire	0.0161575
19431	19540	wire	0.0161575
19432	19541	wire	0.0161575
19433	19542	wire	0.0161575
19434	19543	wire	0.0161575
19435	19544	wire	0.0161575
19436	19545	wire	0.0161575
19437	19546	wire	0.0161575
19438	19547	wire	0.0161575
19439	19548	wire	0.0161575
19440	19549	wire	0.0161575
19441	19550	wire	0.0161575
19442	19551	wire	0.0161575
19443	19552	wire	0.0161575
19444	19553	wire	0.0161575
19445	19554	wire	0.0161575
19446	19555	wire	0.0161575
19447	19556	wire	0.0161575
19448	19557	wire	0.0161575
19449	19558	wire	0.0161575
19450	19559	wire	0.0161575
19451	19560	wire	0.0161575
19452	19561	wire	0.0161575
19453	19562	wire	0.0161575
19454	19563	wire	0.0161575
19455	19564	wire	0.0161575
19456	19565	wire	0.0161575
19457	19566	wire	0.0161575
19458	19567	wire	0.0161575
19459	19568	wire	0.0161575
19460	19569	wire	0.0161575
19461	19570	wire	0.0161575
19462	19571	wire	0.0161575
19463	19572	wire	0.0161575
19464	19573	wire	0.0161575
19465	19574	wire	0.0161575
19466	19575	wire	0.0161575
19467	19576	wire	0.0161575
19468	19577	wire	0.0161575
19469	19578	wire	0.0161575
19470	19579	wire	0.0161575
19471	19580	wire	0.0161575
19472	19581	wire	0.0161575
19473	19582	wire	0.0161575
19474	19583	wire	0.0161575
19475	19584	wire	0.0161575
19476	19585	wire	0.0161575
19477	19586	wire	0.0161575
19478	19587	wire	0.0161575
19479	19588	wire	0.0161575
19480	19589	wire	0.0161575
19481	19590	wire	0.0161575
19482	19591	wire	0.0161575
19483	19592	wire	0.0161575
19484	19593	wire	0.0161575
19485	19594	wire	0.0161575
19486	19595	wire	0.0161575
19487	19596	wire	0.0161575
19488	19597	wire	0.0161575
19489	19598	wire	0.0161575
19490	19599	wire	0.0161575
19491	19600	wire	0.0161575
19492	19601	wire	0.0161575
19493	19602	wire	0.0161575
19494	19603	wire	0.0161575
19495	19604	wire	0.0161575
19496	19605	wire	0.0161575
19497	19606	wire	0.0161575
19498	19607	wire	0.0161575
19499	19608	wire	0.0161575
19500	19609	wire	0.0161575
19501	19610	wire	0.0161575
19502	19611	wire	0.0161575
19503	19612	wire	0.0161575
19504	19613	wire	0.0161575
19505	19614	wire	0.0161575
19506	19615	wire	0.0161575
19507	19616	wire	0.0161575
19508	19617	wire	0.0161575
19509	19618	wire	0.0161575
19510	19619	wire	0.0161575
19511	19620	wire	0.0161575
19512	19621	wire	0.0161575
19513	19622	wire	0.0161575
19514	19623	wire	0.0161575
19515	19624	wire	0.0161575
19516	19625	wire	0.0161575
19517	19626	wire	0.0161575
19518	19627	wire	0.0161575
19519	19628	wire	0.0161575
19520	19629	wire	0.0161575
19521	19630	wire	0.0161575
19522	19631	wire	0.0161575
19523	19632	wire	0.0161575
19524	19633	wire	0.0161575
19525	19634	wire	0.0161575
19526	19635	wire	0.0161575
19527	19636	wire	0.0161575
19528	19637	wire	0.0161575
19529	19638	wire	0.0161575
19530	19639	wire	0.0161575
19531	19640	wire	0.0161575
19532	19641	wire	0.0161575
19533	19642	wire	0.0161575
19534	19643	wire	0.0161575
19535	19644	wire	0.0161575
19536	19645	wire	0.0161575
19537	19646	wire	0.0161575
19538	19647	wire	0.0161575
19539	19648	wire	0.0161575
19540	19649	wire	0.0161575
19541	19650	wire	0.0161575
19542	19651	wire	0.0161575
19543	19652	wire	0.0161575
19544	19653	wire	0.0161575
19545	19654	wire	0.0161575
19546	19655	wire	0.0161575
19547	19656	wire	0.0161575
19548	19657	wire	0.0161575
19549	19658	wire	0.0161575
19550	19659	wire	0.0161575
19551	19660	wire	0.0161575
19552	19661	wire	0.0161575
19553	19662	wire	0.0161575
19554	19663	wire	0.0161575
19555	19664	wire	0.0161575
19556	19665	wire	0.0161575
19557	19666	wire	0.0161575
19558	19667	wire	0.0161575
19559	19668	wire	0.0161575
19560	19669	wire	0.0161575
19561	19670	wire	0.0161575
19562	19671	wire	0.0161575
19563	19672	wire	0.0161575
19564	19673	wire	0.0161575
19565	19674	wire	0.0161575
19566	19675	wire	0.0161575
19567	19676	wire	0.0161575
19568	19677	wire	0.0161575
19569	19678	wire	0.0161575
19570	19679	wire	0.0161575
19571	19680	wire	0.0161575
19572	19681	wire	0.0161575
19573	19682	wire	0.0161575
19574	19683	wire	0.0161575
19575	19684	wire	0.0161575
19576	19685	wire	0.0161575
19577	19686	wire	0.0161575
19578	19687	wire	0.0161575
19579	19688	wire	0.0161575
19580	19689	wire	0.0161575
19581	19690	wire	0.0161575
19582	19691	wire	0.0161575
19583	19692	wire	0.0161575
19584	19693	wire	0.0161575
19585	19694	wire	0.0161575
19586	19695	wire	0.0161575
19587	19696	wire	0.0161575
19588	19697	wire	0.0161575
19589	19698	wire	0.0161575
19590	19699	wire	0.0161575
19591	19700	wire	0.0161575
19592	19701	wire	0.0161575
19593	19702	wire	0.0161575
19594	19703	wire	0.0161575
19595	19704	wire	0.0161575
19596	19705	wire	0.0161575
19597	19706	wire	0.0161575
19598	19707	wire	0.0161575
19599	19708	wire	0.0161575
19600	19709	wire	0.0161575
19601	19710	wire	0.0161575
19602	19711	wire	0.0161575
19603	19712	wire	0.0161575
19604	19713	wire	0.0161575
19605	19714	wire	0.0161575
19606	19715	wire	0.0161575
19607	19716	wire	0.0161575
19608	19717	wire	0.0161575
19609	19718	wire	0.0161575
19610	19719	wire	0.0161575
19611	19720	wire	0.0161575
19612	19721	wire	0.0161575
19613	19722	wire	0.0161575
19614	19723	wire	0.0161575
19615	19724	wire	0.0161575
19616	19725	wire	0.0161575
19617	19726	wire	0.0161575
19618	19727	wire	0.0161575
19619	19728	wire	0.0161575
19620	19729	wire	0.0161575
19621	19730	wire	0.0161575
19622	19731	wire	0.0161575
19623	19732	wire	0.0161575
19624	19733	wire	0.0161575
19625	19734	wire	0.0161575
19626	19735	wire	0.0161575
19627	19736	wire	0.0161575
19628	19737	wire	0.0161575
19629	19738	wire	0.0161575
19630	19739	wire	0.0161575
19631	19740	wire	0.0161575
19632	19741	wire	0.0161575
19633	19742	wire	0.0161575
19634	19743	wire	0.0161575
19635	19744	wire	0.0161575
19636	19745	wire	0.0161575
19637	19746	wire	0.0161575
19638	19747	wire	0.0161575
19639	19748	wire	0.0161575
19640	19749	wire	0.0161575
19641	19750	wire	0.0161575
19642	19751	wire	0.0161575
19643	19752	wire	0.0161575
19644	19753	wire	0.0161575
19645	19754	wire	0.0161575
19646	19755	wire	0.0161575
19647	19756	wire	0.0161575
19648	19757	wire	0.0161575
19649	19758	wire	0.0161575
19650	19759	wire	0.0161575
19651	19760	wire	0.0161575
19652	19761	wire	0.0161575
19653	19762	wire	0.0161575
19654	19763	wire	0.0161575
19655	19764	wire	0.0161575
19656	19765	wire	0.0161575
19657	19766	wire	0.0161575
19658	19767	wire	0.0161575
19659	19768	wire	0.0161575
19660	19769	wire	0.0161575
19661	19770	wire	0.0161575
19662	19771	wire	0.0161575
19663	19772	wire	0.0161575
19664	19773	wire	0.0161575
19665	19774	wire	0.0161575
19666	19775	wire	0.0161575
19667	19776	wire	0.0161575
19668	19777	wire	0.0161575
19669	19778	wire	0.0161575
19670	19779	wire	0.0161575
19671	19780	wire	0.0161575
19672	19781	wire	0.0161575
19673	19782	wire	0.0161575
19674	19783	wire	0.0161575
19675	19784	wire	0.0161575
19676	19785	wire	0.0161575
19677	19786	wire	0.0161575
19678	19787	wire	0.0161575
19679	19788	wire	0.0161575
19680	19789	wire	0.0161575
19681	19790	wire	0.0161575
19682	19791	wire	0.0161575
19683	19792	wire	0.0161575
19684	19793	wire	0.0161575
19685	19794	wire	0.0161575
19686	19795	wire	0.0161575
19687	19796	wire	0.0161575
19688	19797	wire	0.0161575
19689	19798	wire	0.0161575
19690	19799	wire	0.0161575
19691	19800	wire	0.0161575
19692	19801	wire	0.0161575
19693	19802	wire	0.0161575
19694	19803	wire	0.0161575
19695	19804	wire	0.0161575
19696	19805	wire	0.0161575
19697	19806	wire	0.0161575
19698	19807	wire	0.0161575
19699	19808	wire	0.0161575
19700	19809	wire	0.0161575
19701	19810	wire	0.0161575
19702	19811	wire	0.0161575
19703	19812	wire	0.0161575
19704	19813	wire	0.0161575
19705	19814	wire	0.0161575
19706	19815	wire	0.0161575
19707	19816	wire	0.0161575
19708	19817	wire	0.0161575
19709	19818	wire	0.0161575
19710	19819	wire	0.0161575
19711	19820	wire	0.0161575
19712	19821	wire	0.0161575
19713	19822	wire	0.0161575
19714	19823	wire	0.0161575
19715	19824	wire	0.0161575
19716	19825	wire	0.0161575
19717	19826	wire	0.0161575
19718	19827	wire	0.0161575
19719	19828	wire	0.0161575
19720	19829	wire	0.0161575
19721	19830	wire	0.0161575
19722	19831	wire	0.0161575
19723	19832	wire	0.0161575
19724	19833	wire	0.0161575
19725	19834	wire	0.0161575
19726	19835	wire	0.0161575
19727	19836	wire	0.0161575
19728	19837	wire	0.0161575
19729	19838	wire	0.0161575
19730	19839	wire	0.0161575
19731	19840	wire	0.0161575
19732	19841	wire	0.0161575
19733	19842	wire	0.0161575
19734	19843	wire	0.0161575
19735	19844	wire	0.0161575
19736	19845	wire	0.0161575
19737	19846	wire	0.0161575
19738	19847	wire	0.0161575
19739	19848	wire	0.0161575
19740	19849	wire	0.0161575
19741	19850	wire	0.0161575
19742	19851	wire	0.0161575
19743	19852	wire	0.0161575
19744	19853	wire	0.0161575
19745	19854	wire	0.0161575
19746	19855	wire	0.0161575
19747	19856	wire	0.0161575
19748	19857	wire	0.0161575
19749	19858	wire	0.0161575
19750	19859	wire	0.0161575
19751	19860	wire	0.0161575
19752	19861	wire	0.0161575
19753	19862	wire	0.0161575
19754	19863	wire	0.0161575
19755	19864	wire	0.0161575
19756	19865	wire	0.0161575
19757	19866	wire	0.0161575
19758	19867	wire	0.0161575
19759	19868	wire	0.0161575
19760	19869	wire	0.0161575
19761	19870	wire	0.0161575
19762	19871	wire	0.0161575
19763	19872	wire	0.0161575
19764	19873	wire	0.0161575
19765	19874	wire	0.0161575
19766	19875	wire	0.0161575
19767	19876	wire	0.0161575
19768	19877	wire	0.0161575
19769	19878	wire	0.0161575
19770	19879	wire	0.0161575
19771	19880	wire	0.0161575
19772	19881	wire	0.0161575
19773	19882	wire	0.0161575
19774	19883	wire	0.0161575
19775	19884	wire	0.0161575
19776	19885	wire	0.0161575
19777	19886	wire	0.0161575
19778	19887	wire	0.0161575
19779	19888	wire	0.0161575
19780	19889	wire	0.0161575
19781	19890	wire	0.0161575
19782	19891	wire	0.0161575
19783	19892	wire	0.0161575
19784	19893	wire	0.0161575
19785	19894	wire	0.0161575
19786	19895	wire	0.0161575
19787	19896	wire	0.0161575
19788	19897	wire	0.0161575
19789	19898	wire	0.0161575
19790	19899	wire	0.0161575
19791	19900	wire	0.0161575
19792	19901	wire	0.0161575
19793	19902	wire	0.0161575
19794	19903	wire	0.0161575
19795	19904	wire	0.0161575
19796	19905	wire	0.0161575
19797	19906	wire	0.0161575
19798	19907	wire	0.0161575
19799	19908	wire	0.0161575
19800	19909	wire	0.0161575
19801	19910	wire	0.0161575
19802	19911	wire	0.0161575
19803	19912	wire	0.0161575
19804	19913	wire	0.0161575
19805	19914	wire	0.0161575
19806	19915	wire	0.0161575
19807	19916	wire	0.0161575
19808	19917	wire	0.0161575
19809	19918	wire	0.0161575
19810	19919	wire	0.0161575
19811	19920	wire	0.0161575
19812	19921	wire	0.0161575
19813	19922	wire	0.0161575
19814	19923	wire	0.0161575
19815	19924	wire	0.0161575
19816	19925	wire	0.0161575
19817	19926	wire	0.0161575
19818	19927	wire	0.0161575
19819	19928	wire	0.0161575
19820	19929	wire	0.0161575
19821	19930	wire	0.0161575
19822	19931	wire	0.0161575
19823	19932	wire	0.0161575
19824	19933	wire	0.0161575
19825	19934	wire	0.0161575
19826	19935	wire	0.0161575
19827	19936	wire	0.0161575
19828	19937	wire	0.0161575
19829	19938	wire	0.0161575
19830	19939	wire	0.0161575
19831	19940	wire	0.0161575
19832	19941	wire	0.0161575
19833	19942	wire	0.0161575
19834	19943	wire	0.0161575
19835	19944	wire	0.0161575
19836	19945	wire	0.0161575
19837	19946	wire	0.0161575
19838	19947	wire	0.0161575
19839	19948	wire	0.0161575
19840	19949	wire	0.0161575
19841	19950	wire	0.0161575
19842	19951	wire	0.0161575
19843	19952	wire	0.0161575
19844	19953	wire	0.0161575
19845	19954	wire	0.0161575
19846	19955	wire	0.0161575
19847	19956	wire	0.0161575
19848	19957	wire	0.0161575
19849	19958	wire	0.0161575
19850	19959	wire	0.0161575
19851	19960	wire	0.0161575
19852	19961	wire	0.0161575
19853	19962	wire	0.0161575
19854	19963	wire	0.0161575
19855	19964	wire	0.0161575
19856	19965	wire	0.0161575
19857	19966	wire	0.0161575
19858	19967	wire	0.0161575
19859	19968	wire	0.0161575
19860	19969	wire	0.0161575
19861	19970	wire	0.0161575
19862	19971	wire	0.0161575
19863	19972	wire	0.0161575
19864	19973	wire	0.0161575
19865	19974	wire	0.0161575
19866	19975	wire	0.0161575
19867	19976	wire	0.0161575
19868	19977	wire	0.0161575
19869	19978	wire	0.0161575
19870	19979	wire	0.0161575
19871	19980	wire	0.0161575
19872	19981	wire	0.0161575
19873	19982	wire	0.0161575
19874	19983	wire	0.0161575
19875	19984	wire	0.0161575
19876	19985	wire	0.0161575
19877	19986	wire	0.0161575
19878	19987	wire	0.0161575
19879	19988	wire	0.0161575
19880	19989	wire	0.0161575
19881	19990	wire	0.0161575
19882	19991	wire	0.0161575
19883	19992	wire	0.0161575
19884	19993	wire	0.0161575
19885	19994	wire	0.0161575
19886	19995	wire	0.0161575
19887	19996	wire	0.0161575
19888	19997	wire	0.0161575
19889	19998	wire	0.0161575
19890	19999	wire	0.0161575
19891	20000	wire	0.0161575
19892	20001	wire	0.0161575
19893	20002	wire	0.0161575
19894	20003	wire	0.0161575
19895	20004	wire	0.0161575
19896	20005	wire	0.0161575
19897	20006	wire	0.0161575
19898	20007	wire	0.0161575
19899	20008	wire	0.0161575
19900	20009	wire	0.0161575
19901	20010	wire	0.0161575
19902	20011	wire	0.0161575
19903	20012	wire	0.0161575
19904	20013	wire	0.0161575
19905	20014	wire	0.0161575
19906	20015	wire	0.0161575
19907	20016	wire	0.0161575
19908	20017	wire	0.0161575
19909	20018	wire	0.0161575
19910	20019	wire	0.0161575
19911	20020	wire	0.0161575
19912	20021	wire	0.0161575
19913	20022	wire	0.0161575
19914	20023	wire	0.0161575
19915	20024	wire	0.0161575
19916	20025	wire	0.0161575
19917	20026	wire	0.0161575
19918	20027	wire	0.0161575
19919	20028	wire	0.0161575
19920	20029	wire	0.0161575
19921	20030	wire	0.0161575
19922	20031	wire	0.0161575
19923	20032	wire	0.0161575
19924	20033	wire	0.0161575
19925	20034	wire	0.0161575
19926	20035	wire	0.0161575
19927	20036	wire	0.0161575
19928	20037	wire	0.0161575
19929	20038	wire	0.0161575
19930	20039	wire	0.0161575
19931	20040	wire	0.0161575
19932	20041	wire	0.0161575
19933	20042	wire	0.0161575
19934	20043	wire	0.0161575
19935	20044	wire	0.0161575
19936	20045	wire	0.0161575
19937	20046	wire	0.0161575
19938	20047	wire	0.0161575
19939	20048	wire	0.0161575
19940	20049	wire	0.0161575
19941	20050	wire	0.0161575
19942	20051	wire	0.0161575
19943	20052	wire	0.0161575
19944	20053	wire	0.0161575
19945	20054	wire	0.0161575
19946	20055	wire	0.0161575
19947	20056	wire	0.0161575
19948	20057	wire	0.0161575
19949	20058	wire	0.0161575
19950	20059	wire	0.0161575
19951	20060	wire	0.0161575
19952	20061	wire	0.0161575
19953	20062	wire	0.0161575
19954	20063	wire	0.0161575
19955	20064	wire	0.0161575
19956	20065	wire	0.0161575
19957	20066	wire	0.0161575
19958	20067	wire	0.0161575
19959	20068	wire	0.0161575
19960	20069	wire	0.0161575
19961	20070	wire	0.0161575
19962	20071	wire	0.0161575
19963	20072	wire	0.0161575
19964	20073	wire	0.0161575
19965	20074	wire	0.0161575
19966	20075	wire	0.0161575
19967	20076	wire	0.0161575
19968	20077	wire	0.0161575
19969	20078	wire	0.0161575
19970	20079	wire	0.0161575
19971	20080	wire	0.0161575
19972	20081	wire	0.0161575
19973	20082	wire	0.0161575
19974	20083	wire	0.0161575
19975	20084	wire	0.0161575
19976	20085	wire	0.0161575
19977	20086	wire	0.0161575
19978	20087	wire	0.0161575
19979	20088	wire	0.0161575
19980	20089	wire	0.0161575
19981	20090	wire	0.0161575
19982	20091	wire	0.0161575
19983	20092	wire	0.0161575
19984	20093	wire	0.0161575
19985	20094	wire	0.0161575
19986	20095	wire	0.0161575
19987	20096	wire	0.0161575
19988	20097	wire	0.0161575
19989	20098	wire	0.0161575
19990	20099	wire	0.0161575
19991	20100	wire	0.0161575
19992	20101	wire	0.0161575
19993	20102	wire	0.0161575
19994	20103	wire	0.0161575
19995	20104	wire	0.0161575
19996	20105	wire	0.0161575
19997	20106	wire	0.0161575
19998	20107	wire	0.0161575
19999	20108	wire	0.0161575
20000	20109	wire	0.0161575
20001	20110	wire	0.0161575
20002	20111	wire	0.0161575
20003	20112	wire	0.0161575
20004	20113	wire	0.0161575
20005	20114	wire	0.0161575
20006	20115	wire	0.0161575
20007	20116	wire	0.0161575
20008	20117	wire	0.0161575
20009	20118	wire	0.0161575
20010	20119	wire	0.0161575
20011	20120	wire	0.0161575
20012	20121	wire	0.0161575
20013	20122	wire	0.0161575
20014	20123	wire	0.0161575
20015	20124	wire	0.0161575
20016	20125	wire	0.0161575
20017	20126	wire	0.0161575
20018	20127	wire	0.0161575
20019	20128	wire	0.0161575
20020	20129	wire	0.0161575
20021	20130	wire	0.0161575
20022	20131	wire	0.0161575
20023	20132	wire	0.0161575
20024	20133	wire	0.0161575
20025	20134	wire	0.0161575
20026	20135	wire	0.0161575
20027	20136	wire	0.0161575
20028	20137	wire	0.0161575
20029	20138	wire	0.0161575
20030	20139	wire	0.0161575
20031	20140	wire	0.0161575
20032	20141	wire	0.0161575
20033	20142	wire	0.0161575
20034	20143	wire	0.0161575
20035	20144	wire	0.0161575
20036	20145	wire	0.0161575
20037	20146	wire	0.0161575
20038	20147	wire	0.0161575
20039	20148	wire	0.0161575
20040	20149	wire	0.0161575
20041	20150	wire	0.0161575
20042	20151	wire	0.0161575
20043	20152	wire	0.0161575
20044	20153	wire	0.0161575
20045	20154	wire	0.0161575
20046	20155	wire	0.0161575
20047	20156	wire	0.0161575
20048	20157	wire	0.0161575
20049	20158	wire	0.0161575
20050	20159	wire	0.0161575
20051	20160	wire	0.0161575
20052	20161	wire	0.0161575
20053	20162	wire	0.0161575
20054	20163	wire	0.0161575
20055	20164	wire	0.0161575
20056	20165	wire	0.0161575
20057	20166	wire	0.0161575
20058	20167	wire	0.0161575
20059	20168	wire	0.0161575
20060	20169	wire	0.0161575
20061	20170	wire	0.0161575
20062	20171	wire	0.0161575
20063	20172	wire	0.0161575
20064	20173	wire	0.0161575
20065	20174	wire	0.0161575
20066	20175	wire	0.0161575
20067	20176	wire	0.0161575
20068	20177	wire	0.0161575
20069	20178	wire	0.0161575
20070	20179	wire	0.0161575
20071	20180	wire	0.0161575
20072	20181	wire	0.0161575
20073	20182	wire	0.0161575
20074	20183	wire	0.0161575
20075	20184	wire	0.0161575
20076	20185	wire	0.0161575
20077	20186	wire	0.0161575
20078	20187	wire	0.0161575
20079	20188	wire	0.0161575
20080	20189	wire	0.0161575
20081	20190	wire	0.0161575
20082	20191	wire	0.0161575
20083	20192	wire	0.0161575
20084	20193	wire	0.0161575
20085	20194	wire	0.0161575
20086	20195	wire	0.0161575
20087	20196	wire	0.0161575
20088	20197	wire	0.0161575
20089	20198	wire	0.0161575
20090	20199	wire	0.0161575
20091	20200	wire	0.0161575
20092	20201	wire	0.0161575
20093	20202	wire	0.0161575
20094	20203	wire	0.0161575
20095	20204	wire	0.0161575
20096	20205	wire	0.0161575
20097	20206	wire	0.0161575
20098	20207	wire	0.0161575
20099	20208	wire	0.0161575
20100	20209	wire	0.0161575
20101	20210	wire	0.0161575
20102	20211	wire	0.0161575
20103	20212	wire	0.0161575
20104	20213	wire	0.0161575
20105	20214	wire	0.0161575
20106	20215	wire	0.0161575
20107	20216	wire	0.0161575
20108	20217	wire	0.0161575
20109	20218	wire	0.0161575
20110	20219	wire	0.0161575
20111	20220	wire	0.0161575
20112	20221	wire	0.0161575
20113	20222	wire	0.0161575
20114	20223	wire	0.0161575
20115	20224	wire	0.0161575
20116	20225	wire	0.0161575
20117	20226	wire	0.0161575
20118	20227	wire	0.0161575
20119	20228	wire	0.0161575
20120	20229	wire	0.0161575
20121	20230	wire	0.0161575
20122	20231	wire	0.0161575
20123	20232	wire	0.0161575
20124	20233	wire	0.0161575
20125	20234	wire	0.0161575
20126	20235	wire	0.0161575
20127	20236	wire	0.0161575
20128	20237	wire	0.0161575
20129	20238	wire	0.0161575
20130	20239	wire	0.0161575
20131	20240	wire	0.0161575
20132	20241	wire	0.0161575
20133	20242	wire	0.0161575
20134	20243	wire	0.0161575
20135	20244	wire	0.0161575
20136	20245	wire	0.0161575
20137	20246	wire	0.0161575
20138	20247	wire	0.0161575
20139	20248	wire	0.0161575
20140	20249	wire	0.0161575
20141	20250	wire	0.0161575
20142	20251	wire	0.0161575
20143	20252	wire	0.0161575
20144	20253	wire	0.0161575
20145	20254	wire	0.0161575
20146	20255	wire	0.0161575
20147	20256	wire	0.0161575
20148	20257	wire	0.0161575
20149	20258	wire	0.0161575
20150	20259	wire	0.0161575
20151	20260	wire	0.0161575
20152	20261	wire	0.0161575
20153	20262	wire	0.0161575
20154	20263	wire	0.0161575
20155	20264	wire	0.0161575
20156	20265	wire	0.0161575
20157	20266	wire	0.0161575
20158	20267	wire	0.0161575
20159	20268	wire	0.0161575
20160	20269	wire	0.0161575
20161	20270	wire	0.0161575
20162	20271	wire	0.0161575
20163	20272	wire	0.0161575
20164	20273	wire	0.0161575
20165	20274	wire	0.0161575
20166	20275	wire	0.0161575
20167	20276	wire	0.0161575
20168	20277	wire	0.0161575
20169	20278	wire	0.0161575
20170	20279	wire	0.0161575
20171	20280	wire	0.0161575
20172	20281	wire	0.0161575
20173	20282	wire	0.0161575
20174	20283	wire	0.0161575
20175	20284	wire	0.0161575
20176	20285	wire	0.0161575
20177	20286	wire	0.0161575
20178	20287	wire	0.0161575
20179	20288	wire	0.0161575
20180	20289	wire	0.0161575
20181	20290	wire	0.0161575
20182	20291	wire	0.0161575
20183	20292	wire	0.0161575
20184	20293	wire	0.0161575
20185	20294	wire	0.0161575
20186	20295	wire	0.0161575
20187	20296	wire	0.0161575
20188	20297	wire	0.0161575
20189	20298	wire	0.0161575
20190	20299	wire	0.0161575
20191	20300	wire	0.0161575
20192	20301	wire	0.0161575
20193	20302	wire	0.0161575
20194	20303	wire	0.0161575
20195	20304	wire	0.0161575
20196	20305	wire	0.0161575
20197	20306	wire	0.0161575
20198	20307	wire	0.0161575
20199	20308	wire	0.0161575
20200	20309	wire	0.0161575
20201	20310	wire	0.0161575
20202	20311	wire	0.0161575
20203	20312	wire	0.0161575
20204	20313	wire	0.0161575
20205	20314	wire	0.0161575
20206	20315	wire	0.0161575
20207	20316	wire	0.0161575
20208	20317	wire	0.0161575
20209	20318	wire	0.0161575
20210	20319	wire	0.0161575
20211	20320	wire	0.0161575
20212	20321	wire	0.0161575
20213	20322	wire	0.0161575
20214	20323	wire	0.0161575
20215	20324	wire	0.0161575
20216	20325	wire	0.0161575
20217	20326	wire	0.0161575
20218	20327	wire	0.0161575
20219	20328	wire	0.0161575
20220	20329	wire	0.0161575
20221	20330	wire	0.0161575
20222	20331	wire	0.0161575
20223	20332	wire	0.0161575
20224	20333	wire	0.0161575
20225	20334	wire	0.0161575
20226	20335	wire	0.0161575
20227	20336	wire	0.0161575
20228	20337	wire	0.0161575
20229	20338	wire	0.0161575
20230	20339	wire	0.0161575
20231	20340	wire	0.0161575
20232	20341	wire	0.0161575
20233	20342	wire	0.0161575
20234	20343	wire	0.0161575
20235	20344	wire	0.0161575
20236	20345	wire	0.0161575
20237	20346	wire	0.0161575
20238	20347	wire	0.0161575
20239	20348	wire	0.0161575
20240	20349	wire	0.0161575
20241	20350	wire	0.0161575
20242	20351	wire	0.0161575
20243	20352	wire	0.0161575
20244	20353	wire	0.0161575
20245	20354	wire	0.0161575
20246	20355	wire	0.0161575
20247	20356	wire	0.0161575
20248	20357	wire	0.0161575
20249	20358	wire	0.0161575
20250	20359	wire	0.0161575
20251	20360	wire	0.0161575
20252	20361	wire	0.0161575
20253	20362	wire	0.0161575
20254	20363	wire	0.0161575
20255	20364	wire	0.0161575
20256	20365	wire	0.0161575
20257	20366	wire	0.0161575
20258	20367	wire	0.0161575
20259	20368	wire	0.0161575
20260	20369	wire	0.0161575
20261	20370	wire	0.0161575
20262	20371	wire	0.0161575
20263	20372	wire	0.0161575
20264	20373	wire	0.0161575
20265	20374	wire	0.0161575
20266	20375	wire	0.0161575
20267	20376	wire	0.0161575
20268	20377	wire	0.0161575
20269	20378	wire	0.0161575
20270	20379	wire	0.0161575
20271	20380	wire	0.0161575
20272	20381	wire	0.0161575
20273	20382	wire	0.0161575
20274	20383	wire	0.0161575
20275	20384	wire	0.0161575
20276	20385	wire	0.0161575
20277	20386	wire	0.0161575
20278	20387	wire	0.0161575
20279	20388	wire	0.0161575
20280	20389	wire	0.0161575
20281	20390	wire	0.0161575
20282	20391	wire	0.0161575
20283	20392	wire	0.0161575
20284	20393	wire	0.0161575
20285	20394	wire	0.0161575
20286	20395	wire	0.0161575
20287	20396	wire	0.0161575
20288	20397	wire	0.0161575
20289	20398	wire	0.0161575
20290	20399	wire	0.0161575
20291	20400	wire	0.0161575
20292	20401	wire	0.0161575
20293	20402	wire	0.0161575
20294	20403	wire	0.0161575
20295	20404	wire	0.0161575
20296	20405	wire	0.0161575
20297	20406	wire	0.0161575
20298	20407	wire	0.0161575
20299	20408	wire	0.0161575
20300	20409	wire	0.0161575
20301	20410	wire	0.0161575
20302	20411	wire	0.0161575
20303	20412	wire	0.0161575
20304	20413	wire	0.0161575
20305	20414	wire	0.0161575
20306	20415	wire	0.0161575
20307	20416	wire	0.0161575
20308	20417	wire	0.0161575
20309	20418	wire	0.0161575
20310	20419	wire	0.0161575
20311	20420	wire	0.0161575
20312	20421	wire	0.0161575
20313	20422	wire	0.0161575
20314	20423	wire	0.0161575
20315	20424	wire	0.0161575
20316	20425	wire	0.0161575
20317	20426	wire	0.0161575
20318	20427	wire	0.0161575
20319	20428	wire	0.0161575
20320	20429	wire	0.0161575
20321	20430	wire	0.0161575
20322	20431	wire	0.0161575
20323	20432	wire	0.0161575
20324	20433	wire	0.0161575
20325	20434	wire	0.0161575
20326	20435	wire	0.0161575
20327	20436	wire	0.0161575
20328	20437	wire	0.0161575
20329	20438	wire	0.0161575
20330	20439	wire	0.0161575
20331	20440	wire	0.0161575
20332	20441	wire	0.0161575
20333	20442	wire	0.0161575
20334	20443	wire	0.0161575
20335	20444	wire	0.0161575
20336	20445	wire	0.0161575
20337	20446	wire	0.0161575
20338	20447	wire	0.0161575
20339	20448	wire	0.0161575
20340	20449	wire	0.0161575
20341	20450	wire	0.0161575
20342	20451	wire	0.0161575
20343	20452	wire	0.0161575
20344	20453	wire	0.0161575
20345	20454	wire	0.0161575
20346	20455	wire	0.0161575
20347	20456	wire	0.0161575
20348	20457	wire	0.0161575
20349	20458	wire	0.0161575
20350	20459	wire	0.0161575
20351	20460	wire	0.0161575
20352	20461	wire	0.0161575
20353	20462	wire	0.0161575
20354	20463	wire	0.0161575
20355	20464	wire	0.0161575
20356	20465	wire	0.0161575
20357	20466	wire	0.0161575
20358	20467	wire	0.0161575
20359	20468	wire	0.0161575
20360	20469	wire	0.0161575
20361	20470	wire	0.0161575
20362	20471	wire	0.0161575
20363	20472	wire	0.0161575
20364	20473	wire	0.0161575
20365	20474	wire	0.0161575
20366	20475	wire	0.0161575
20367	20476	wire	0.0161575
20368	20477	wire	0.0161575
20369	20478	wire	0.0161575
20370	20479	wire	0.0161575
20371	20480	wire	0.0161575
20372	20481	wire	0.0161575
20373	20482	wire	0.0161575
20374	20483	wire	0.0161575
20375	20484	wire	0.0161575
20376	20485	wire	0.0161575
20377	20486	wire	0.0161575
20378	20487	wire	0.0161575
20379	20488	wire	0.0161575
20380	20489	wire	0.0161575
20381	20490	wire	0.0161575
20382	20491	wire	0.0161575
20383	20492	wire	0.0161575
20384	20493	wire	0.0161575
20385	20494	wire	0.0161575
20386	20495	wire	0.0161575
20387	20496	wire	0.0161575
20388	20497	wire	0.0161575
20389	20498	wire	0.0161575
20390	20499	wire	0.0161575
20391	20500	wire	0.0161575
20392	20501	wire	0.0161575
20393	20502	wire	0.0161575
20394	20503	wire	0.0161575
20395	20504	wire	0.0161575
20396	20505	wire	0.0161575
20397	20506	wire	0.0161575
20398	20507	wire	0.0161575
20399	20508	wire	0.0161575
20400	20509	wire	0.0161575
20401	20510	wire	0.0161575
20402	20511	wire	0.0161575
20403	20512	wire	0.0161575
20404	20513	wire	0.0161575
20405	20514	wire	0.0161575
20406	20515	wire	0.0161575
20407	20516	wire	0.0161575
20408	20517	wire	0.0161575
20409	20518	wire	0.0161575
20410	20519	wire	0.0161575
20411	20520	wire	0.0161575
20412	20521	wire	0.0161575
20413	20522	wire	0.0161575
20414	20523	wire	0.0161575
20415	20524	wire	0.0161575
20416	20525	wire	0.0161575
20417	20526	wire	0.0161575
20418	20527	wire	0.0161575
20419	20528	wire	0.0161575
20420	20529	wire	0.0161575
20421	20530	wire	0.0161575
20422	20531	wire	0.0161575
20423	20532	wire	0.0161575
20424	20533	wire	0.0161575
20425	20534	wire	0.0161575
20426	20535	wire	0.0161575
20427	20536	wire	0.0161575
20428	20537	wire	0.0161575
20429	20538	wire	0.0161575
20430	20539	wire	0.0161575
20431	20540	wire	0.0161575
20432	20541	wire	0.0161575
20433	20542	wire	0.0161575
20434	20543	wire	0.0161575
20435	20544	wire	0.0161575
20436	20545	wire	0.0161575
20437	20546	wire	0.0161575
20438	20547	wire	0.0161575
20439	20548	wire	0.0161575
20440	20549	wire	0.0161575
20441	20550	wire	0.0161575
20442	20551	wire	0.0161575
20443	20552	wire	0.0161575
20444	20553	wire	0.0161575
20445	20554	wire	0.0161575
20446	20555	wire	0.0161575
20447	20556	wire	0.0161575
20448	20557	wire	0.0161575
20449	20558	wire	0.0161575
20450	20559	wire	0.0161575
20451	20560	wire	0.0161575
20452	20561	wire	0.0161575
20453	20562	wire	0.0161575
20454	20563	wire	0.0161575
20455	20564	wire	0.0161575
20456	20565	wire	0.0161575
20457	20566	wire	0.0161575
20458	20567	wire	0.0161575
20459	20568	wire	0.0161575
20460	20569	wire	0.0161575
20461	20570	wire	0.0161575
20462	20571	wire	0.0161575
20463	20572	wire	0.0161575
20464	20573	wire	0.0161575
20465	20574	wire	0.0161575
20466	20575	wire	0.0161575
20467	20576	wire	0.0161575
20468	20577	wire	0.0161575
20469	20578	wire	0.0161575
20470	20579	wire	0.0161575
20471	20580	wire	0.0161575
20472	20581	wire	0.0161575
20473	20582	wire	0.0161575
20474	20583	wire	0.0161575
20475	20584	wire	0.0161575
20476	20585	wire	0.0161575
20477	20586	wire	0.0161575
20478	20587	wire	0.0161575
20479	20588	wire	0.0161575
20480	20589	wire	0.0161575
20481	20590	wire	0.0161575
20482	20591	wire	0.0161575
20483	20592	wire	0.0161575
20484	20593	wire	0.0161575
20485	20594	wire	0.0161575
20486	20595	wire	0.0161575
20487	20596	wire	0.0161575
20488	20597	wire	0.0161575
20489	20598	wire	0.0161575
20490	20599	wire	0.0161575
20491	20600	wire	0.0161575
20492	20601	wire	0.0161575
20493	20602	wire	0.0161575
20494	20603	wire	0.0161575
20495	20604	wire	0.0161575
20496	20605	wire	0.0161575
20497	20606	wire	0.0161575
20498	20607	wire	0.0161575
20499	20608	wire	0.0161575
20500	20609	wire	0.0161575
20501	20610	wire	0.0161575
20502	20611	wire	0.0161575
20503	20612	wire	0.0161575
20504	20613	wire	0.0161575
20505	20614	wire	0.0161575
20506	20615	wire	0.0161575
20507	20616	wire	0.0161575
20508	20617	wire	0.0161575
20509	20618	wire	0.0161575
20510	20619	wire	0.0161575
20511	20620	wire	0.0161575
20512	20621	wire	0.0161575
20513	20622	wire	0.0161575
20514	20623	wire	0.0161575
20515	20624	wire	0.0161575
20516	20625	wire	0.0161575
20517	20626	wire	0.0161575
20518	20627	wire	0.0161575
20519	20628	wire	0.0161575
20520	20629	wire	0.0161575
20521	20630	wire	0.0161575
20522	20631	wire	0.0161575
20523	20632	wire	0.0161575
20524	20633	wire	0.0161575
20525	20634	wire	0.0161575
20526	20635	wire	0.0161575
20527	20636	wire	0.0161575
20528	20637	wire	0.0161575
20529	20638	wire	0.0161575
20530	20639	wire	0.0161575
20531	20640	wire	0.0161575
20532	20641	wire	0.0161575
20533	20642	wire	0.0161575
20534	20643	wire	0.0161575
20535	20644	wire	0.0161575
20536	20645	wire	0.0161575
20537	20646	wire	0.0161575
20538	20647	wire	0.0161575
20539	20648	wire	0.0161575
20540	20649	wire	0.0161575
20541	20650	wire	0.0161575
20542	20651	wire	0.0161575
20543	20652	wire	0.0161575
20544	20653	wire	0.0161575
20545	20654	wire	0.0161575
20546	20655	wire	0.0161575
20547	20656	wire	0.0161575
20548	20657	wire	0.0161575
20549	20658	wire	0.0161575
20550	20659	wire	0.0161575
20551	20660	wire	0.0161575
20552	20661	wire	0.0161575
20553	20662	wire	0.0161575
20554	20663	wire	0.0161575
20555	20664	wire	0.0161575
20556	20665	wire	0.0161575
20557	20666	wire	0.0161575
20558	20667	wire	0.0161575
20559	20668	wire	0.0161575
20560	20669	wire	0.0161575
20561	20670	wire	0.0161575
20562	20671	wire	0.0161575
20563	20672	wire	0.0161575
20564	20673	wire	0.0161575
20565	20674	wire	0.0161575
20566	20675	wire	0.0161575
20567	20676	wire	0.0161575
20568	20677	wire	0.0161575
20569	20678	wire	0.0161575
20570	20679	wire	0.0161575
20571	20680	wire	0.0161575
20572	20681	wire	0.0161575
20573	20682	wire	0.0161575
20574	20683	wire	0.0161575
20575	20684	wire	0.0161575
20576	20685	wire	0.0161575
20577	20686	wire	0.0161575
20578	20687	wire	0.0161575
20579	20688	wire	0.0161575
20580	20689	wire	0.0161575
20581	20690	wire	0.0161575
20582	20691	wire	0.0161575
20583	20692	wire	0.0161575
20584	20693	wire	0.0161575
20585	20694	wire	0.0161575
20586	20695	wire	0.0161575
20587	20696	wire	0.0161575
20588	20697	wire	0.0161575
20589	20698	wire	0.0161575
20590	20699	wire	0.0161575
20591	20700	wire	0.0161575
20592	20701	wire	0.0161575
20593	20702	wire	0.0161575
20594	20703	wire	0.0161575
20595	20704	wire	0.0161575
20596	20705	wire	0.0161575
20597	20706	wire	0.0161575
20598	20707	wire	0.0161575
20599	20708	wire	0.0161575
20600	20709	wire	0.0161575
20601	20710	wire	0.0161575
20602	20711	wire	0.0161575
20603	20712	wire	0.0161575
20604	20713	wire	0.0161575
20605	20714	wire	0.0161575
20606	20715	wire	0.0161575
20607	20716	wire	0.0161575
20608	20717	wire	0.0161575
20609	20718	wire	0.0161575
20610	20719	wire	0.0161575
20611	20720	wire	0.0161575
20612	20721	wire	0.0161575
20613	20722	wire	0.0161575
20614	20723	wire	0.0161575
20615	20724	wire	0.0161575
20616	20725	wire	0.0161575
20617	20726	wire	0.0161575
20618	20727	wire	0.0161575
20619	20728	wire	0.0161575
20620	20729	wire	0.0161575
20621	20730	wire	0.0161575
20622	20731	wire	0.0161575
20623	20732	wire	0.0161575
20624	20733	wire	0.0161575
20625	20734	wire	0.0161575
20626	20735	wire	0.0161575
20627	20736	wire	0.0161575
20628	20737	wire	0.0161575
20629	20738	wire	0.0161575
20630	20739	wire	0.0161575
20631	20740	wire	0.0161575
20632	20741	wire	0.0161575
20633	20742	wire	0.0161575
20634	20743	wire	0.0161575
20635	20744	wire	0.0161575
20636	20745	wire	0.0161575
20637	20746	wire	0.0161575
20638	20747	wire	0.0161575
20639	20748	wire	0.0161575
20640	20749	wire	0.0161575
20641	20750	wire	0.0161575
20642	20751	wire	0.0161575
20643	20752	wire	0.0161575
20644	20753	wire	0.0161575
20645	20754	wire	0.0161575
20646	20755	wire	0.0161575
20647	20756	wire	0.0161575
20648	20757	wire	0.0161575
20649	20758	wire	0.0161575
20650	20759	wire	0.0161575
20651	20760	wire	0.0161575
20652	20761	wire	0.0161575
20653	20762	wire	0.0161575
20654	20763	wire	0.0161575
20655	20764	wire	0.0161575
20656	20765	wire	0.0161575
20657	20766	wire	0.0161575
20658	20767	wire	0.0161575
20659	20768	wire	0.0161575
20660	20769	wire	0.0161575
20661	20770	wire	0.0161575
20662	20771	wire	0.0161575
20663	20772	wire	0.0161575
20664	20773	wire	0.0161575
20665	20774	wire	0.0161575
20666	20775	wire	0.0161575
20667	20776	wire	0.0161575
20668	20777	wire	0.0161575
20669	20778	wire	0.0161575
20670	20779	wire	0.0161575
20671	20780	wire	0.0161575
20672	20781	wire	0.0161575
20673	20782	wire	0.0161575
20674	20783	wire	0.0161575
20675	20784	wire	0.0161575
20676	20785	wire	0.0161575
20677	20786	wire	0.0161575
20678	20787	wire	0.0161575
20679	20788	wire	0.0161575
20680	20789	wire	0.0161575
20681	20790	wire	0.0161575
20682	20791	wire	0.0161575
20683	20792	wire	0.0161575
20684	20793	wire	0.0161575
20685	20794	wire	0.0161575
20686	20795	wire	0.0161575
20687	20796	wire	0.0161575
20688	20797	wire	0.0161575
20689	20798	wire	0.0161575
20690	20799	wire	0.0161575
20691	20800	wire	0.0161575
20692	20801	wire	0.0161575
20693	20802	wire	0.0161575
20694	20803	wire	0.0161575
20695	20804	wire	0.0161575
20696	20805	wire	0.0161575
20697	20806	wire	0.0161575
20698	20807	wire	0.0161575
20699	20808	wire	0.0161575
20700	20809	wire	0.0161575
20701	20810	wire	0.0161575
20702	20811	wire	0.0161575
20703	20812	wire	0.0161575
20704	20813	wire	0.0161575
20705	20814	wire	0.0161575
20706	20815	wire	0.0161575
20707	20816	wire	0.0161575
20708	20817	wire	0.0161575
20709	20818	wire	0.0161575
20710	20819	wire	0.0161575
20711	20820	wire	0.0161575
20712	20821	wire	0.0161575
20713	20822	wire	0.0161575
20714	20823	wire	0.0161575
20715	20824	wire	0.0161575
20716	20825	wire	0.0161575
20717	20826	wire	0.0161575
20718	20827	wire	0.0161575
20719	20828	wire	0.0161575
20720	20829	wire	0.0161575
20721	20830	wire	0.0161575
20722	20831	wire	0.0161575
20723	20832	wire	0.0161575
20724	20833	wire	0.0161575
20725	20834	wire	0.0161575
20726	20835	wire	0.0161575
20727	20836	wire	0.0161575
20728	20837	wire	0.0161575
20729	20838	wire	0.0161575
20730	20839	wire	0.0161575
20731	20840	wire	0.0161575
20732	20841	wire	0.0161575
20733	20842	wire	0.0161575
20734	20843	wire	0.0161575
20735	20844	wire	0.0161575
20736	20845	wire	0.0161575
20737	20846	wire	0.0161575
20738	20847	wire	0.0161575
20739	20848	wire	0.0161575
20740	20849	wire	0.0161575
20741	20850	wire	0.0161575
20742	20851	wire	0.0161575
20743	20852	wire	0.0161575
20744	20853	wire	0.0161575
20745	20854	wire	0.0161575
20746	20855	wire	0.0161575
20747	20856	wire	0.0161575
20748	20857	wire	0.0161575
20749	20858	wire	0.0161575
20750	20859	wire	0.0161575
20751	20860	wire	0.0161575
20752	20861	wire	0.0161575
20753	20862	wire	0.0161575
20754	20863	wire	0.0161575
20755	20864	wire	0.0161575
20756	20865	wire	0.0161575
20757	20866	wire	0.0161575
20758	20867	wire	0.0161575
20759	20868	wire	0.0161575
20760	20869	wire	0.0161575
20761	20870	wire	0.0161575
20762	20871	wire	0.0161575
20763	20872	wire	0.0161575
20764	20873	wire	0.0161575
20765	20874	wire	0.0161575
20766	20875	wire	0.0161575
20767	20876	wire	0.0161575
20768	20877	wire	0.0161575
20769	20878	wire	0.0161575
20770	20879	wire	0.0161575
20771	20880	wire	0.0161575
20772	20881	wire	0.0161575
20773	20882	wire	0.0161575
20774	20883	wire	0.0161575
20775	20884	wire	0.0161575
20776	20885	wire	0.0161575
20777	20886	wire	0.0161575
20778	20887	wire	0.0161575
20779	20888	wire	0.0161575
20780	20889	wire	0.0161575
20781	20890	wire	0.0161575
20782	20891	wire	0.0161575
20783	20892	wire	0.0161575
20784	20893	wire	0.0161575
20785	20894	wire	0.0161575
20786	20895	wire	0.0161575
20787	20896	wire	0.0161575
20788	20897	wire	0.0161575
20789	20898	wire	0.0161575
20790	20899	wire	0.0161575
20791	20900	wire	0.0161575
20792	20901	wire	0.0161575
20793	20902	wire	0.0161575
20794	20903	wire	0.0161575
20795	20904	wire	0.0161575
20796	20905	wire	0.0161575
20797	20906	wire	0.0161575
20798	20907	wire	0.0161575
20799	20908	wire	0.0161575
20800	20909	wire	0.0161575
20801	20910	wire	0.0161575
20802	20911	wire	0.0161575
20803	20912	wire	0.0161575
20804	20913	wire	0.0161575
20805	20914	wire	0.0161575
20806	20915	wire	0.0161575
20807	20916	wire	0.0161575
20808	20917	wire	0.0161575
20809	20918	wire	0.0161575
20810	20919	wire	0.0161575
20811	20920	wire	0.0161575
20812	20921	wire	0.0161575
20813	20922	wire	0.0161575
20814	20923	wire	0.0161575
20815	20924	wire	0.0161575
20816	20925	wire	0.0161575
20817	20926	wire	0.0161575
20818	20927	wire	0.0161575
20819	20928	wire	0.0161575
20820	20929	wire	0.0161575
20821	20930	wire	0.0161575
20822	20931	wire	0.0161575
20823	20932	wire	0.0161575
20824	20933	wire	0.0161575
20825	20934	wire	0.0161575
20826	20935	wire	0.0161575
20827	20936	wire	0.0161575
20828	20937	wire	0.0161575
20829	20938	wire	0.0161575
20830	20939	wire	0.0161575
20831	20940	wire	0.0161575
20832	20941	wire	0.0161575
20833	20942	wire	0.0161575
20834	20943	wire	0.0161575
20835	20944	wire	0.0161575
20836	20945	wire	0.0161575
20837	20946	wire	0.0161575
20838	20947	wire	0.0161575
20839	20948	wire	0.0161575
20840	20949	wire	0.0161575
20841	20950	wire	0.0161575
20842	20951	wire	0.0161575
20843	20952	wire	0.0161575
20844	20953	wire	0.0161575
20845	20954	wire	0.0161575
20846	20955	wire	0.0161575
20847	20956	wire	0.0161575
20848	20957	wire	0.0161575
20849	20958	wire	0.0161575
20850	20959	wire	0.0161575
20851	20960	wire	0.0161575
20852	20961	wire	0.0161575
20853	20962	wire	0.0161575
20854	20963	wire	0.0161575
20855	20964	wire	0.0161575
20856	20965	wire	0.0161575
20857	20966	wire	0.0161575
20858	20967	wire	0.0161575
20859	20968	wire	0.0161575
20860	20969	wire	0.0161575
20861	20970	wire	0.0161575
20862	20971	wire	0.0161575
20863	20972	wire	0.0161575
20864	20973	wire	0.0161575
20865	20974	wire	0.0161575
20866	20975	wire	0.0161575
20867	20976	wire	0.0161575
20868	20977	wire	0.0161575
20869	20978	wire	0.0161575
20870	20979	wire	0.0161575
20871	20980	wire	0.0161575
20872	20981	wire	0.0161575
20873	20982	wire	0.0161575
20874	20983	wire	0.0161575
20875	20984	wire	0.0161575
20876	20985	wire	0.0161575
20877	20986	wire	0.0161575
20878	20987	wire	0.0161575
20879	20988	wire	0.0161575
20880	20989	wire	0.0161575
20881	20990	wire	0.0161575
20882	20991	wire	0.0161575
20883	20992	wire	0.0161575
20884	20993	wire	0.0161575
20885	20994	wire	0.0161575
20886	20995	wire	0.0161575
20887	20996	wire	0.0161575
20888	20997	wire	0.0161575
20889	20998	wire	0.0161575
20890	20999	wire	0.0161575
20891	21000	wire	0.0161575
20892	21001	wire	0.0161575
20893	21002	wire	0.0161575
20894	21003	wire	0.0161575
20895	21004	wire	0.0161575
20896	21005	wire	0.0161575
20897	21006	wire	0.0161575
20898	21007	wire	0.0161575
20899	21008	wire	0.0161575
20900	21009	wire	0.0161575
20901	21010	wire	0.0161575
20902	21011	wire	0.0161575
20903	21012	wire	0.0161575
20904	21013	wire	0.0161575
20905	21014	wire	0.0161575
20906	21015	wire	0.0161575
20907	21016	wire	0.0161575
20908	21017	wire	0.0161575
20909	21018	wire	0.0161575
20910	21019	wire	0.0161575
20911	21020	wire	0.0161575
20912	21021	wire	0.0161575
20913	21022	wire	0.0161575
20914	21023	wire	0.0161575
20915	21024	wire	0.0161575
20916	21025	wire	0.0161575
20917	21026	wire	0.0161575
20918	21027	wire	0.0161575
20919	21028	wire	0.0161575
20920	21029	wire	0.0161575
20921	21030	wire	0.0161575
20922	21031	wire	0.0161575
20923	21032	wire	0.0161575
20924	21033	wire	0.0161575
20925	21034	wire	0.0161575
20926	21035	wire	0.0161575
20927	21036	wire	0.0161575
20928	21037	wire	0.0161575
20929	21038	wire	0.0161575
20930	21039	wire	0.0161575
20931	21040	wire	0.0161575
20932	21041	wire	0.0161575
20933	21042	wire	0.0161575
20934	21043	wire	0.0161575
20935	21044	wire	0.0161575
20936	21045	wire	0.0161575
20937	21046	wire	0.0161575
20938	21047	wire	0.0161575
20939	21048	wire	0.0161575
20940	21049	wire	0.0161575
20941	21050	wire	0.0161575
20942	21051	wire	0.0161575
20943	21052	wire	0.0161575
20944	21053	wire	0.0161575
20945	21054	wire	0.0161575
20946	21055	wire	0.0161575
20947	21056	wire	0.0161575
20948	21057	wire	0.0161575
20949	21058	wire	0.0161575
20950	21059	wire	0.0161575
20951	21060	wire	0.0161575
20952	21061	wire	0.0161575
20953	21062	wire	0.0161575
20954	21063	wire	0.0161575
20955	21064	wire	0.0161575
20956	21065	wire	0.0161575
20957	21066	wire	0.0161575
20958	21067	wire	0.0161575
20959	21068	wire	0.0161575
20960	21069	wire	0.0161575
20961	21070	wire	0.0161575
20962	21071	wire	0.0161575
20963	21072	wire	0.0161575
20964	21073	wire	0.0161575
20965	21074	wire	0.0161575
20966	21075	wire	0.0161575
20967	21076	wire	0.0161575
20968	21077	wire	0.0161575
20969	21078	wire	0.0161575
20970	21079	wire	0.0161575
20971	21080	wire	0.0161575
20972	21081	wire	0.0161575
20973	21082	wire	0.0161575
20974	21083	wire	0.0161575
20975	21084	wire	0.0161575
20976	21085	wire	0.0161575
20977	21086	wire	0.0161575
20978	21087	wire	0.0161575
20979	21088	wire	0.0161575
20980	21089	wire	0.0161575
20981	21090	wire	0.0161575
20982	21091	wire	0.0161575
20983	21092	wire	0.0161575
20984	21093	wire	0.0161575
20985	21094	wire	0.0161575
20986	21095	wire	0.0161575
20987	21096	wire	0.0161575
20988	21097	wire	0.0161575
20989	21098	wire	0.0161575
20990	21099	wire	0.0161575
20991	21100	wire	0.0161575
20992	21101	wire	0.0161575
20993	21102	wire	0.0161575
20994	21103	wire	0.0161575
20995	21104	wire	0.0161575
20996	21105	wire	0.0161575
20997	21106	wire	0.0161575
20998	21107	wire	0.0161575
20999	21108	wire	0.0161575
21000	21109	wire	0.0161575
21001	21110	wire	0.0161575
21002	21111	wire	0.0161575
21003	21112	wire	0.0161575
21004	21113	wire	0.0161575
21005	21114	wire	0.0161575
21006	21115	wire	0.0161575
21007	21116	wire	0.0161575
21008	21117	wire	0.0161575
21009	21118	wire	0.0161575
21010	21119	wire	0.0161575
21011	21120	wire	0.0161575
21012	21121	wire	0.0161575
21013	21122	wire	0.0161575
21014	21123	wire	0.0161575
21015	21124	wire	0.0161575
21016	21125	wire	0.0161575
21017	21126	wire	0.0161575
21018	21127	wire	0.0161575
21019	21128	wire	0.0161575
21020	21129	wire	0.0161575
21021	21130	wire	0.0161575
21022	21131	wire	0.0161575
21023	21132	wire	0.0161575
21024	21133	wire	0.0161575
21025	21134	wire	0.0161575
21026	21135	wire	0.0161575
21027	21136	wire	0.0161575
21028	21137	wire	0.0161575
21029	21138	wire	0.0161575
21030	21139	wire	0.0161575
21031	21140	wire	0.0161575
21032	21141	wire	0.0161575
21033	21142	wire	0.0161575
21034	21143	wire	0.0161575
21035	21144	wire	0.0161575
21036	21145	wire	0.0161575
21037	21146	wire	0.0161575
21038	21147	wire	0.0161575
21039	21148	wire	0.0161575
21040	21149	wire	0.0161575
21041	21150	wire	0.0161575
21042	21151	wire	0.0161575
21043	21152	wire	0.0161575
21044	21153	wire	0.0161575
21045	21154	wire	0.0161575
21046	21155	wire	0.0161575
21047	21156	wire	0.0161575
21048	21157	wire	0.0161575
21049	21158	wire	0.0161575
21050	21159	wire	0.0161575
21051	21160	wire	0.0161575
21052	21161	wire	0.0161575
21053	21162	wire	0.0161575
21054	21163	wire	0.0161575
21055	21164	wire	0.0161575
21056	21165	wire	0.0161575
21057	21166	wire	0.0161575
21058	21167	wire	0.0161575
21059	21168	wire	0.0161575
21060	21169	wire	0.0161575
21061	21170	wire	0.0161575
21062	21171	wire	0.0161575
21063	21172	wire	0.0161575
21064	21173	wire	0.0161575
21065	21174	wire	0.0161575
21066	21175	wire	0.0161575
21067	21176	wire	0.0161575
21068	21177	wire	0.0161575
21069	21178	wire	0.0161575
21070	21179	wire	0.0161575
21071	21180	wire	0.0161575
21072	21181	wire	0.0161575
21073	21182	wire	0.0161575
21074	21183	wire	0.0161575
21075	21184	wire	0.0161575
21076	21185	wire	0.0161575
21077	21186	wire	0.0161575
21078	21187	wire	0.0161575
21079	21188	wire	0.0161575
21080	21189	wire	0.0161575
21081	21190	wire	0.0161575
21082	21191	wire	0.0161575
21083	21192	wire	0.0161575
21084	21193	wire	0.0161575
21085	21194	wire	0.0161575
21086	21195	wire	0.0161575
21087	21196	wire	0.0161575
21088	21197	wire	0.0161575
21089	21198	wire	0.0161575
21090	21199	wire	0.0161575
21091	21200	wire	0.0161575
21092	21201	wire	0.0161575
21093	21202	wire	0.0161575
21094	21203	wire	0.0161575
21095	21204	wire	0.0161575
21096	21205	wire	0.0161575
21097	21206	wire	0.0161575
21098	21207	wire	0.0161575
21099	21208	wire	0.0161575
21100	21209	wire	0.0161575
21101	21210	wire	0.0161575
21102	21211	wire	0.0161575
21103	21212	wire	0.0161575
21104	21213	wire	0.0161575
21105	21214	wire	0.0161575
21106	21215	wire	0.0161575
21107	21216	wire	0.0161575
21108	21217	wire	0.0161575
21109	21218	wire	0.0161575
21110	21219	wire	0.0161575
21111	21220	wire	0.0161575
21112	21221	wire	0.0161575
21113	21222	wire	0.0161575
21114	21223	wire	0.0161575
21115	21224	wire	0.0161575
21116	21225	wire	0.0161575
21117	21226	wire	0.0161575
21118	21227	wire	0.0161575
21119	21228	wire	0.0161575
21120	21229	wire	0.0161575
21121	21230	wire	0.0161575
21122	21231	wire	0.0161575
21123	21232	wire	0.0161575
21124	21233	wire	0.0161575
21125	21234	wire	0.0161575
21126	21235	wire	0.0161575
21127	21236	wire	0.0161575
21128	21237	wire	0.0161575
21129	21238	wire	0.0161575
21130	21239	wire	0.0161575
21131	21240	wire	0.0161575
21132	21241	wire	0.0161575
21133	21242	wire	0.0161575
21134	21243	wire	0.0161575
21135	21244	wire	0.0161575
21136	21245	wire	0.0161575
21137	21246	wire	0.0161575
21138	21247	wire	0.0161575
21139	21248	wire	0.0161575
21140	21249	wire	0.0161575
21141	21250	wire	0.0161575
21142	21251	wire	0.0161575
21143	21252	wire	0.0161575
21144	21253	wire	0.0161575
21145	21254	wire	0.0161575
21146	21255	wire	0.0161575
21147	21256	wire	0.0161575
21148	21257	wire	0.0161575
21149	21258	wire	0.0161575
21150	21259	wire	0.0161575
21151	21260	wire	0.0161575
21152	21261	wire	0.0161575
21153	21262	wire	0.0161575
21154	21263	wire	0.0161575
21155	21264	wire	0.0161575
21156	21265	wire	0.0161575
21157	21266	wire	0.0161575
21158	21267	wire	0.0161575
21159	21268	wire	0.0161575
21160	21269	wire	0.0161575
21161	21270	wire	0.0161575
21162	21271	wire	0.0161575
21163	21272	wire	0.0161575
21164	21273	wire	0.0161575
21165	21274	wire	0.0161575
21166	21275	wire	0.0161575
21167	21276	wire	0.0161575
21168	21277	wire	0.0161575
21169	21278	wire	0.0161575
21170	21279	wire	0.0161575
21171	21280	wire	0.0161575
21172	21281	wire	0.0161575
21173	21282	wire	0.0161575
21174	21283	wire	0.0161575
21175	21284	wire	0.0161575
21176	21285	wire	0.0161575
21177	21286	wire	0.0161575
21178	21287	wire	0.0161575
21179	21288	wire	0.0161575
21180	21289	wire	0.0161575
21181	21290	wire	0.0161575
21182	21291	wire	0.0161575
21183	21292	wire	0.0161575
21184	21293	wire	0.0161575
21185	21294	wire	0.0161575
21186	21295	wire	0.0161575
21187	21296	wire	0.0161575
21188	21297	wire	0.0161575
21189	21298	wire	0.0161575
21190	21299	wire	0.0161575
21191	21300	wire	0.0161575
21192	21301	wire	0.0161575
21193	21302	wire	0.0161575
21194	21303	wire	0.0161575
21195	21304	wire	0.0161575
21196	21305	wire	0.0161575
21197	21306	wire	0.0161575
21198	21307	wire	0.0161575
21199	21308	wire	0.0161575
21200	21309	wire	0.0161575
21201	21310	wire	0.0161575
21202	21311	wire	0.0161575
21203	21312	wire	0.0161575
21204	21313	wire	0.0161575
21205	21314	wire	0.0161575
21206	21315	wire	0.0161575
21207	21316	wire	0.0161575
21208	21317	wire	0.0161575
21209	21318	wire	0.0161575
21210	21319	wire	0.0161575
21211	21320	wire	0.0161575
21212	21321	wire	0.0161575
21213	21322	wire	0.0161575
21214	21323	wire	0.0161575
21215	21324	wire	0.0161575
21216	21325	wire	0.0161575
21217	21326	wire	0.0161575
21218	21327	wire	0.0161575
21219	21328	wire	0.0161575
21220	21329	wire	0.0161575
21221	21330	wire	0.0161575
21222	21331	wire	0.0161575
21223	21332	wire	0.0161575
21224	21333	wire	0.0161575
21225	21334	wire	0.0161575
21226	21335	wire	0.0161575
21227	21336	wire	0.0161575
21228	21337	wire	0.0161575
21229	21338	wire	0.0161575
21230	21339	wire	0.0161575
21231	21340	wire	0.0161575
21232	21341	wire	0.0161575
21233	21342	wire	0.0161575
21234	21343	wire	0.0161575
21235	21344	wire	0.0161575
21236	21345	wire	0.0161575
21237	21346	wire	0.0161575
21238	21347	wire	0.0161575
21239	21348	wire	0.0161575
21240	21349	wire	0.0161575
21241	21350	wire	0.0161575
21242	21351	wire	0.0161575
21243	21352	wire	0.0161575
21244	21353	wire	0.0161575
21245	21354	wire	0.0161575
21246	21355	wire	0.0161575
21247	21356	wire	0.0161575
21248	21357	wire	0.0161575
21249	21358	wire	0.0161575
21250	21359	wire	0.0161575
21251	21360	wire	0.0161575
21252	21361	wire	0.0161575
21253	21362	wire	0.0161575
21254	21363	wire	0.0161575
21255	21364	wire	0.0161575
21256	21365	wire	0.0161575
21257	21366	wire	0.0161575
21258	21367	wire	0.0161575
21259	21368	wire	0.0161575
21260	21369	wire	0.0161575
21261	21370	wire	0.0161575
21262	21371	wire	0.0161575
21263	21372	wire	0.0161575
21264	21373	wire	0.0161575
21265	21374	wire	0.0161575
21266	21375	wire	0.0161575
21267	21376	wire	0.0161575
21268	21377	wire	0.0161575
21269	21378	wire	0.0161575
21270	21379	wire	0.0161575
21271	21380	wire	0.0161575
21272	21381	wire	0.0161575
21273	21382	wire	0.0161575
21274	21383	wire	0.0161575
21275	21384	wire	0.0161575
21276	21385	wire	0.0161575
21277	21386	wire	0.0161575
21278	21387	wire	0.0161575
21279	21388	wire	0.0161575
21280	21389	wire	0.0161575
21281	21390	wire	0.0161575
21282	21391	wire	0.0161575
21283	21392	wire	0.0161575
21284	21393	wire	0.0161575
21285	21394	wire	0.0161575
21286	21395	wire	0.0161575
21287	21396	wire	0.0161575
21288	21397	wire	0.0161575
21289	21398	wire	0.0161575
21290	21399	wire	0.0161575
21291	21400	wire	0.0161575
21292	21401	wire	0.0161575
21293	21402	wire	0.0161575
21294	21403	wire	0.0161575
21295	21404	wire	0.0161575
21296	21405	wire	0.0161575
21297	21406	wire	0.0161575
21298	21407	wire	0.0161575
21299	21408	wire	0.0161575
21300	21409	wire	0.0161575
21301	21410	wire	0.0161575
21302	21411	wire	0.0161575
21303	21412	wire	0.0161575
21304	21413	wire	0.0161575
21305	21414	wire	0.0161575
21306	21415	wire	0.0161575
21307	21416	wire	0.0161575
21308	21417	wire	0.0161575
21309	21418	wire	0.0161575
21310	21419	wire	0.0161575
21311	21420	wire	0.0161575
21312	21421	wire	0.0161575
21313	21422	wire	0.0161575
21314	21423	wire	0.0161575
21315	21424	wire	0.0161575
21316	21425	wire	0.0161575
21317	21426	wire	0.0161575
21318	21427	wire	0.0161575
21319	21428	wire	0.0161575
21320	21429	wire	0.0161575
21321	21430	wire	0.0161575
21322	21431	wire	0.0161575
21323	21432	wire	0.0161575
21324	21433	wire	0.0161575
21325	21434	wire	0.0161575
21326	21435	wire	0.0161575
21327	21436	wire	0.0161575
21328	21437	wire	0.0161575
21329	21438	wire	0.0161575
21330	21439	wire	0.0161575
21331	21440	wire	0.0161575
21332	21441	wire	0.0161575
21333	21442	wire	0.0161575
21334	21443	wire	0.0161575
21335	21444	wire	0.0161575
21336	21445	wire	0.0161575
21337	21446	wire	0.0161575
21338	21447	wire	0.0161575
21339	21448	wire	0.0161575
21340	21449	wire	0.0161575
21341	21450	wire	0.0161575
21342	21451	wire	0.0161575
21343	21452	wire	0.0161575
21344	21453	wire	0.0161575
21345	21454	wire	0.0161575
21346	21455	wire	0.0161575
21347	21456	wire	0.0161575
21348	21457	wire	0.0161575
21349	21458	wire	0.0161575
21350	21459	wire	0.0161575
21351	21460	wire	0.0161575
21352	21461	wire	0.0161575
21353	21462	wire	0.0161575
21354	21463	wire	0.0161575
21355	21464	wire	0.0161575
21356	21465	wire	0.0161575
21357	21466	wire	0.0161575
21358	21467	wire	0.0161575
21359	21468	wire	0.0161575
21360	21469	wire	0.0161575
21361	21470	wire	0.0161575
21362	21471	wire	0.0161575
21363	21472	wire	0.0161575
21364	21473	wire	0.0161575
21365	21474	wire	0.0161575
21366	21475	wire	0.0161575
21367	21476	wire	0.0161575
21368	21477	wire	0.0161575
21369	21478	wire	0.0161575
21370	21479	wire	0.0161575
21371	21480	wire	0.0161575
21372	21481	wire	0.0161575
21373	21482	wire	0.0161575
21374	21483	wire	0.0161575
21375	21484	wire	0.0161575
21376	21485	wire	0.0161575
21377	21486	wire	0.0161575
21378	21487	wire	0.0161575
21379	21488	wire	0.0161575
21380	21489	wire	0.0161575
21381	21490	wire	0.0161575
21382	21491	wire	0.0161575
21383	21492	wire	0.0161575
21384	21493	wire	0.0161575
21385	21494	wire	0.0161575
21386	21495	wire	0.0161575
21387	21496	wire	0.0161575
21388	21497	wire	0.0161575
21389	21498	wire	0.0161575
21390	21499	wire	0.0161575
21391	21500	wire	0.0161575
21392	21501	wire	0.0161575
21393	21502	wire	0.0161575
21394	21503	wire	0.0161575
21395	21504	wire	0.0161575
21396	21505	wire	0.0161575
21397	21506	wire	0.0161575
21398	21507	wire	0.0161575
21399	21508	wire	0.0161575
21400	21509	wire	0.0161575
21401	21510	wire	0.0161575
21402	21511	wire	0.0161575
21403	21512	wire	0.0161575
21404	21513	wire	0.0161575
21405	21514	wire	0.0161575
21406	21515	wire	0.0161575
21407	21516	wire	0.0161575
21408	21517	wire	0.0161575
21409	21518	wire	0.0161575
21410	21519	wire	0.0161575
21411	21520	wire	0.0161575
21412	21521	wire	0.0161575
21413	21522	wire	0.0161575
21414	21523	wire	0.0161575
21415	21524	wire	0.0161575
21416	21525	wire	0.0161575
21417	21526	wire	0.0161575
21418	21527	wire	0.0161575
21419	21528	wire	0.0161575
21420	21529	wire	0.0161575
21421	21530	wire	0.0161575
21422	21531	wire	0.0161575
21423	21532	wire	0.0161575
21424	21533	wire	0.0161575
21425	21534	wire	0.0161575
21426	21535	wire	0.0161575
21427	21536	wire	0.0161575
21428	21537	wire	0.0161575
21429	21538	wire	0.0161575
21430	21539	wire	0.0161575
21431	21540	wire	0.0161575
21432	21541	wire	0.0161575
21433	21542	wire	0.0161575
21434	21543	wire	0.0161575
21435	21544	wire	0.0161575
21436	21545	wire	0.0161575
21437	21546	wire	0.0161575
21438	21547	wire	0.0161575
21439	21548	wire	0.0161575
21440	21549	wire	0.0161575
21441	21550	wire	0.0161575
21442	21551	wire	0.0161575
21443	21552	wire	0.0161575
21444	21553	wire	0.0161575
21445	21554	wire	0.0161575
21446	21555	wire	0.0161575
21447	21556	wire	0.0161575
21448	21557	wire	0.0161575
21449	21558	wire	0.0161575
21450	21559	wire	0.0161575
21451	21560	wire	0.0161575
21452	21561	wire	0.0161575
21453	21562	wire	0.0161575
21454	21563	wire	0.0161575
21455	21564	wire	0.0161575
21456	21565	wire	0.0161575
21457	21566	wire	0.0161575
21458	21567	wire	0.0161575
21459	21568	wire	0.0161575
21460	21569	wire	0.0161575
21461	21570	wire	0.0161575
21462	21571	wire	0.0161575
21463	21572	wire	0.0161575
21464	21573	wire	0.0161575
21465	21574	wire	0.0161575
21466	21575	wire	0.0161575
21467	21576	wire	0.0161575
21468	21577	wire	0.0161575
21469	21578	wire	0.0161575
21470	21579	wire	0.0161575
21471	21580	wire	0.0161575
21472	21581	wire	0.0161575
21473	21582	wire	0.0161575
21474	21583	wire	0.0161575
21475	21584	wire	0.0161575
21476	21585	wire	0.0161575
21477	21586	wire	0.0161575
21478	21587	wire	0.0161575
21479	21588	wire	0.0161575
21480	21589	wire	0.0161575
21481	21590	wire	0.0161575
21482	21591	wire	0.0161575
21483	21592	wire	0.0161575
21484	21593	wire	0.0161575
21485	21594	wire	0.0161575
21486	21595	wire	0.0161575
21487	21596	wire	0.0161575
21488	21597	wire	0.0161575
21489	21598	wire	0.0161575
21490	21599	wire	0.0161575
21491	21600	wire	0.0161575
21492	21601	wire	0.0161575
21493	21602	wire	0.0161575
21494	21603	wire	0.0161575
21495	21604	wire	0.0161575
21496	21605	wire	0.0161575
21497	21606	wire	0.0161575
21498	21607	wire	0.0161575
21499	21608	wire	0.0161575
21500	21609	wire	0.0161575
21501	21610	wire	0.0161575
21502	21611	wire	0.0161575
21503	21612	wire	0.0161575
21504	21613	wire	0.0161575
21505	21614	wire	0.0161575
21506	21615	wire	0.0161575
21507	21616	wire	0.0161575
21508	21617	wire	0.0161575
21509	21618	wire	0.0161575
21510	21619	wire	0.0161575
21511	21620	wire	0.0161575
21512	21621	wire	0.0161575
21513	21622	wire	0.0161575
21514	21623	wire	0.0161575
21515	21624	wire	0.0161575
21516	21625	wire	0.0161575
21517	21626	wire	0.0161575
21518	21627	wire	0.0161575
21519	21628	wire	0.0161575
21520	21629	wire	0.0161575
21521	21630	wire	0.0161575
21522	21631	wire	0.0161575
21523	21632	wire	0.0161575
21524	21633	wire	0.0161575
21525	21634	wire	0.0161575
21526	21635	wire	0.0161575
21527	21636	wire	0.0161575
21528	21637	wire	0.0161575
21529	21638	wire	0.0161575
21530	21639	wire	0.0161575
21531	21640	wire	0.0161575
21532	21641	wire	0.0161575
21533	21642	wire	0.0161575
21534	21643	wire	0.0161575
21535	21644	wire	0.0161575
21536	21645	wire	0.0161575
21537	21646	wire	0.0161575
21538	21647	wire	0.0161575
21539	21648	wire	0.0161575
21540	21649	wire	0.0161575
21541	21650	wire	0.0161575
21542	21651	wire	0.0161575
21543	21652	wire	0.0161575
21544	21653	wire	0.0161575
21545	21654	wire	0.0161575
21546	21655	wire	0.0161575
21547	21656	wire	0.0161575
21548	21657	wire	0.0161575
21549	21658	wire	0.0161575
21550	21659	wire	0.0161575
21551	21660	wire	0.0161575
21552	21661	wire	0.0161575
21553	21662	wire	0.0161575
21554	21663	wire	0.0161575
21555	21664	wire	0.0161575
21556	21665	wire	0.0161575
21557	21666	wire	0.0161575
21558	21667	wire	0.0161575
21559	21668	wire	0.0161575
21560	21669	wire	0.0161575
21561	21670	wire	0.0161575
21562	21671	wire	0.0161575
21563	21672	wire	0.0161575
21564	21673	wire	0.0161575
21565	21674	wire	0.0161575
21566	21675	wire	0.0161575
21567	21676	wire	0.0161575
21568	21677	wire	0.0161575
21569	21678	wire	0.0161575
21570	21679	wire	0.0161575
21571	21680	wire	0.0161575
21572	21681	wire	0.0161575
21573	21682	wire	0.0161575
21574	21683	wire	0.0161575
21575	21684	wire	0.0161575
21576	21685	wire	0.0161575
21577	21686	wire	0.0161575
21578	21687	wire	0.0161575
21579	21688	wire	0.0161575
21580	21689	wire	0.0161575
21581	21690	wire	0.0161575
21582	21691	wire	0.0161575
21583	21692	wire	0.0161575
21584	21693	wire	0.0161575
21585	21694	wire	0.0161575
21586	21695	wire	0.0161575
21587	21696	wire	0.0161575
21588	21697	wire	0.0161575
21589	21698	wire	0.0161575
21590	21699	wire	0.0161575
21591	21700	wire	0.0161575
21592	21701	wire	0.0161575
21593	21702	wire	0.0161575
21594	21703	wire	0.0161575
21595	21704	wire	0.0161575
21596	21705	wire	0.0161575
21597	21706	wire	0.0161575
21598	21707	wire	0.0161575
21599	21708	wire	0.0161575
21600	21709	wire	0.0161575
21601	21710	wire	0.0161575
21602	21711	wire	0.0161575
21603	21712	wire	0.0161575
21604	21713	wire	0.0161575
21605	21714	wire	0.0161575
21606	21715	wire	0.0161575
21607	21716	wire	0.0161575
21608	21717	wire	0.0161575
21609	21718	wire	0.0161575
21610	21719	wire	0.0161575
21611	21720	wire	0.0161575
21612	21721	wire	0.0161575
21613	21722	wire	0.0161575
21614	21723	wire	0.0161575
21615	21724	wire	0.0161575
21616	21725	wire	0.0161575
21617	21726	wire	0.0161575
21618	21727	wire	0.0161575
21619	21728	wire	0.0161575
21620	21729	wire	0.0161575
21621	21730	wire	0.0161575
21622	21731	wire	0.0161575
21623	21732	wire	0.0161575
21624	21733	wire	0.0161575
21625	21734	wire	0.0161575
21626	21735	wire	0.0161575
21627	21736	wire	0.0161575
21628	21737	wire	0.0161575
21629	21738	wire	0.0161575
21630	21739	wire	0.0161575
21631	21740	wire	0.0161575
21632	21741	wire	0.0161575
21633	21742	wire	0.0161575
21634	21743	wire	0.0161575
21635	21744	wire	0.0161575
21636	21745	wire	0.0161575
21637	21746	wire	0.0161575
21638	21747	wire	0.0161575
21639	21748	wire	0.0161575
21640	21749	wire	0.0161575
21641	21750	wire	0.0161575
21642	21751	wire	0.0161575
21643	21752	wire	0.0161575
21644	21753	wire	0.0161575
21645	21754	wire	0.0161575
21646	21755	wire	0.0161575
21647	21756	wire	0.0161575
21648	21757	wire	0.0161575
21649	21758	wire	0.0161575
21650	21759	wire	0.0161575
21651	21760	wire	0.0161575
21652	21761	wire	0.0161575
21653	21762	wire	0.0161575
21654	21763	wire	0.0161575
21655	21764	wire	0.0161575
21656	21765	wire	0.0161575
21657	21766	wire	0.0161575
21658	21767	wire	0.0161575
21659	21768	wire	0.0161575
21660	21769	wire	0.0161575
21661	21770	wire	0.0161575
21662	21771	wire	0.0161575
21663	21772	wire	0.0161575
21664	21773	wire	0.0161575
21665	21774	wire	0.0161575
21666	21775	wire	0.0161575
21667	21776	wire	0.0161575
21668	21777	wire	0.0161575
21669	21778	wire	0.0161575
21670	21779	wire	0.0161575
21671	21780	wire	0.0161575
21672	21781	wire	0.0161575
21673	21782	wire	0.0161575
21674	21783	wire	0.0161575
21675	21784	wire	0.0161575
21676	21785	wire	0.0161575
21677	21786	wire	0.0161575
21678	21787	wire	0.0161575
21679	21788	wire	0.0161575
21680	21789	wire	0.0161575
21681	21790	wire	0.0161575
21682	21791	wire	0.0161575
21683	21792	wire	0.0161575
21684	21793	wire	0.0161575
21685	21794	wire	0.0161575
21686	21795	wire	0.0161575
21687	21796	wire	0.0161575
21688	21797	wire	0.0161575
21689	21798	wire	0.0161575
21690	21799	wire	0.0161575
21691	21800	wire	0.0161575
21692	21801	wire	0.0161575
21693	21802	wire	0.0161575
21694	21803	wire	0.0161575
21695	21804	wire	0.0161575
21696	21805	wire	0.0161575
21697	21806	wire	0.0161575
21698	21807	wire	0.0161575
21699	21808	wire	0.0161575
21700	21809	wire	0.0161575
21701	21810	wire	0.0161575
21702	21811	wire	0.0161575
21703	21812	wire	0.0161575
21704	21813	wire	0.0161575
21705	21814	wire	0.0161575
21706	21815	wire	0.0161575
21707	21816	wire	0.0161575
21708	21817	wire	0.0161575
21709	21818	wire	0.0161575
21710	21819	wire	0.0161575
21711	21820	wire	0.0161575
21712	21821	wire	0.0161575
21713	21822	wire	0.0161575
21714	21823	wire	0.0161575
21715	21824	wire	0.0161575
21716	21825	wire	0.0161575
21717	21826	wire	0.0161575
21718	21827	wire	0.0161575
21719	21828	wire	0.0161575
21720	21829	wire	0.0161575
21721	21830	wire	0.0161575
21722	21831	wire	0.0161575
21723	21832	wire	0.0161575
21724	21833	wire	0.0161575
21725	21834	wire	0.0161575
21726	21835	wire	0.0161575
21727	21836	wire	0.0161575
21728	21837	wire	0.0161575
21729	21838	wire	0.0161575
21730	21839	wire	0.0161575
21731	21840	wire	0.0161575
21732	21841	wire	0.0161575
21733	21842	wire	0.0161575
21734	21843	wire	0.0161575
21735	21844	wire	0.0161575
21736	21845	wire	0.0161575
21737	21846	wire	0.0161575
21738	21847	wire	0.0161575
21739	21848	wire	0.0161575
21740	21849	wire	0.0161575
21741	21850	wire	0.0161575
21742	21851	wire	0.0161575
21743	21852	wire	0.0161575
21744	21853	wire	0.0161575
21745	21854	wire	0.0161575
21746	21855	wire	0.0161575
21747	21856	wire	0.0161575
21748	21857	wire	0.0161575
21749	21858	wire	0.0161575
21750	21859	wire	0.0161575
21751	21860	wire	0.0161575
21752	21861	wire	0.0161575
21753	21862	wire	0.0161575
21754	21863	wire	0.0161575
21755	21864	wire	0.0161575
21756	21865	wire	0.0161575
21757	21866	wire	0.0161575
21758	21867	wire	0.0161575
21759	21868	wire	0.0161575
21760	21869	wire	0.0161575
21761	21870	wire	0.0161575
21762	21871	wire	0.0161575
21763	21872	wire	0.0161575
21764	21873	wire	0.0161575
21765	21874	wire	0.0161575
21766	21875	wire	0.0161575
21767	21876	wire	0.0161575
21768	21877	wire	0.0161575
21769	21878	wire	0.0161575
21770	21879	wire	0.0161575
21771	21880	wire	0.0161575
21772	21881	wire	0.0161575
21773	21882	wire	0.0161575
21774	21883	wire	0.0161575
21775	21884	wire	0.0161575
21776	21885	wire	0.0161575
21777	21886	wire	0.0161575
21778	21887	wire	0.0161575
21779	21888	wire	0.0161575
21780	21889	wire	0.0161575
21781	21890	wire	0.0161575
21782	21891	wire	0.0161575
21783	21892	wire	0.0161575
21784	21893	wire	0.0161575
21785	21894	wire	0.0161575
21786	21895	wire	0.0161575
21787	21896	wire	0.0161575
21788	21897	wire	0.0161575
21789	21898	wire	0.0161575
21790	21899	wire	0.0161575
21791	21900	wire	0.0161575
21792	21901	wire	0.0161575
21793	21902	wire	0.0161575
21794	21903	wire	0.0161575
21795	21904	wire	0.0161575
21796	21905	wire	0.0161575
21797	21906	wire	0.0161575
21798	21907	wire	0.0161575
21799	21908	wire	0.0161575
21800	21909	wire	0.0161575
21801	21910	wire	0.0161575
21802	21911	wire	0.0161575
21803	21912	wire	0.0161575
21804	21913	wire	0.0161575
21805	21914	wire	0.0161575
21806	21915	wire	0.0161575
21807	21916	wire	0.0161575
21808	21917	wire	0.0161575
21809	21918	wire	0.0161575
21810	21919	wire	0.0161575
21811	21920	wire	0.0161575
21812	21921	wire	0.0161575
21813	21922	wire	0.0161575
21814	21923	wire	0.0161575
21815	21924	wire	0.0161575
21816	21925	wire	0.0161575
21817	21926	wire	0.0161575
21818	21927	wire	0.0161575
21819	21928	wire	0.0161575
21820	21929	wire	0.0161575
21821	21930	wire	0.0161575
21822	21931	wire	0.0161575
21823	21932	wire	0.0161575
21824	21933	wire	0.0161575
21825	21934	wire	0.0161575
21826	21935	wire	0.0161575
21827	21936	wire	0.0161575
21828	21937	wire	0.0161575
21829	21938	wire	0.0161575
21830	21939	wire	0.0161575
21831	21940	wire	0.0161575
21832	21941	wire	0.0161575
21833	21942	wire	0.0161575
21834	21943	wire	0.0161575
21835	21944	wire	0.0161575
21836	21945	wire	0.0161575
21837	21946	wire	0.0161575
21838	21947	wire	0.0161575
21839	21948	wire	0.0161575
21840	21949	wire	0.0161575
21841	21950	wire	0.0161575
21842	21951	wire	0.0161575
21843	21952	wire	0.0161575
21844	21953	wire	0.0161575
21845	21954	wire	0.0161575
21846	21955	wire	0.0161575
21847	21956	wire	0.0161575
21848	21957	wire	0.0161575
21849	21958	wire	0.0161575
21850	21959	wire	0.0161575
21851	21960	wire	0.0161575
21852	21961	wire	0.0161575
21853	21962	wire	0.0161575
21854	21963	wire	0.0161575
21855	21964	wire	0.0161575
21856	21965	wire	0.0161575
21857	21966	wire	0.0161575
21858	21967	wire	0.0161575
21859	21968	wire	0.0161575
21860	21969	wire	0.0161575
21861	21970	wire	0.0161575
21862	21971	wire	0.0161575
21863	21972	wire	0.0161575
21864	21973	wire	0.0161575
21865	21974	wire	0.0161575
21866	21975	wire	0.0161575
21867	21976	wire	0.0161575
21868	21977	wire	0.0161575
21869	21978	wire	0.0161575
21870	21979	wire	0.0161575
21871	21980	wire	0.0161575
21872	21981	wire	0.0161575
21873	21982	wire	0.0161575
21874	21983	wire	0.0161575
21875	21984	wire	0.0161575
21876	21985	wire	0.0161575
21877	21986	wire	0.0161575
21878	21987	wire	0.0161575
21879	21988	wire	0.0161575
21880	21989	wire	0.0161575
21881	21990	wire	0.0161575
21882	21991	wire	0.0161575
21883	21992	wire	0.0161575
21884	21993	wire	0.0161575
21885	21994	wire	0.0161575
21886	21995	wire	0.0161575
21887	21996	wire	0.0161575
21888	21997	wire	0.0161575
21889	21998	wire	0.0161575
21890	21999	wire	0.0161575
21891	22000	wire	0.0161575
21892	22001	wire	0.0161575
21893	22002	wire	0.0161575
21894	22003	wire	0.0161575
21895	22004	wire	0.0161575
21896	22005	wire	0.0161575
21897	22006	wire	0.0161575
21898	22007	wire	0.0161575
21899	22008	wire	0.0161575
21900	22009	wire	0.0161575
21901	22010	wire	0.0161575
21902	22011	wire	0.0161575
21903	22012	wire	0.0161575
21904	22013	wire	0.0161575
21905	22014	wire	0.0161575
21906	22015	wire	0.0161575
21907	22016	wire	0.0161575
21908	22017	wire	0.0161575
21909	22018	wire	0.0161575
21910	22019	wire	0.0161575
21911	22020	wire	0.0161575
21912	22021	wire	0.0161575
21913	22022	wire	0.0161575
21914	22023	wire	0.0161575
21915	22024	wire	0.0161575
21916	22025	wire	0.0161575
21917	22026	wire	0.0161575
21918	22027	wire	0.0161575
21919	22028	wire	0.0161575
21920	22029	wire	0.0161575
21921	22030	wire	0.0161575
21922	22031	wire	0.0161575
21923	22032	wire	0.0161575
21924	22033	wire	0.0161575
21925	22034	wire	0.0161575
21926	22035	wire	0.0161575
21927	22036	wire	0.0161575
21928	22037	wire	0.0161575
21929	22038	wire	0.0161575
21930	22039	wire	0.0161575
21931	22040	wire	0.0161575
21932	22041	wire	0.0161575
21933	22042	wire	0.0161575
21934	22043	wire	0.0161575
21935	22044	wire	0.0161575
21936	22045	wire	0.0161575
21937	22046	wire	0.0161575
21938	22047	wire	0.0161575
21939	22048	wire	0.0161575
21940	22049	wire	0.0161575
21941	22050	wire	0.0161575
21942	22051	wire	0.0161575
21943	22052	wire	0.0161575
21944	22053	wire	0.0161575
21945	22054	wire	0.0161575
21946	22055	wire	0.0161575
21947	22056	wire	0.0161575
21948	22057	wire	0.0161575
21949	22058	wire	0.0161575
21950	22059	wire	0.0161575
21951	22060	wire	0.0161575
21952	22061	wire	0.0161575
21953	22062	wire	0.0161575
21954	22063	wire	0.0161575
21955	22064	wire	0.0161575
21956	22065	wire	0.0161575
21957	22066	wire	0.0161575
21958	22067	wire	0.0161575
21959	22068	wire	0.0161575
21960	22069	wire	0.0161575
21961	22070	wire	0.0161575
21962	22071	wire	0.0161575
21963	22072	wire	0.0161575
21964	22073	wire	0.0161575
21965	22074	wire	0.0161575
21966	22075	wire	0.0161575
21967	22076	wire	0.0161575
21968	22077	wire	0.0161575
21969	22078	wire	0.0161575
21970	22079	wire	0.0161575
21971	22080	wire	0.0161575
21972	22081	wire	0.0161575
21973	22082	wire	0.0161575
21974	22083	wire	0.0161575
21975	22084	wire	0.0161575
21976	22085	wire	0.0161575
21977	22086	wire	0.0161575
21978	22087	wire	0.0161575
21979	22088	wire	0.0161575
21980	22089	wire	0.0161575
21981	22090	wire	0.0161575
21982	22091	wire	0.0161575
21983	22092	wire	0.0161575
21984	22093	wire	0.0161575
21985	22094	wire	0.0161575
21986	22095	wire	0.0161575
21987	22096	wire	0.0161575
21988	22097	wire	0.0161575
21989	22098	wire	0.0161575
21990	22099	wire	0.0161575
21991	22100	wire	0.0161575
21992	22101	wire	0.0161575
21993	22102	wire	0.0161575
21994	22103	wire	0.0161575
21995	22104	wire	0.0161575
21996	22105	wire	0.0161575
21997	22106	wire	0.0161575
21998	22107	wire	0.0161575
21999	22108	wire	0.0161575
22000	22109	wire	0.0161575
22001	22110	wire	0.0161575
22002	22111	wire	0.0161575
22003	22112	wire	0.0161575
22004	22113	wire	0.0161575
22005	22114	wire	0.0161575
22006	22115	wire	0.0161575
22007	22116	wire	0.0161575
22008	22117	wire	0.0161575
22009	22118	wire	0.0161575
22010	22119	wire	0.0161575
22011	22120	wire	0.0161575
22012	22121	wire	0.0161575
22013	22122	wire	0.0161575
22014	22123	wire	0.0161575
22015	22124	wire	0.0161575
22016	22125	wire	0.0161575
22017	22126	wire	0.0161575
22018	22127	wire	0.0161575
22019	22128	wire	0.0161575
22020	22129	wire	0.0161575
22021	22130	wire	0.0161575
22022	22131	wire	0.0161575
22023	22132	wire	0.0161575
22024	22133	wire	0.0161575
22025	22134	wire	0.0161575
22026	22135	wire	0.0161575
22027	22136	wire	0.0161575
22028	22137	wire	0.0161575
22029	22138	wire	0.0161575
22030	22139	wire	0.0161575
22031	22140	wire	0.0161575
22032	22141	wire	0.0161575
22033	22142	wire	0.0161575
22034	22143	wire	0.0161575
22035	22144	wire	0.0161575
22036	22145	wire	0.0161575
22037	22146	wire	0.0161575
22038	22147	wire	0.0161575
22039	22148	wire	0.0161575
22040	22149	wire	0.0161575
22041	22150	wire	0.0161575
22042	22151	wire	0.0161575
22043	22152	wire	0.0161575
22044	22153	wire	0.0161575
22045	22154	wire	0.0161575
22046	22155	wire	0.0161575
22047	22156	wire	0.0161575
22048	22157	wire	0.0161575
22049	22158	wire	0.0161575
22050	22159	wire	0.0161575
22051	22160	wire	0.0161575
22052	22161	wire	0.0161575
22053	22162	wire	0.0161575
22054	22163	wire	0.0161575
22055	22164	wire	0.0161575
22056	22165	wire	0.0161575
22057	22166	wire	0.0161575
22058	22167	wire	0.0161575
22059	22168	wire	0.0161575
22060	22169	wire	0.0161575
22061	22170	wire	0.0161575
22062	22171	wire	0.0161575
22063	22172	wire	0.0161575
22064	22173	wire	0.0161575
22065	22174	wire	0.0161575
22066	22175	wire	0.0161575
22067	22176	wire	0.0161575
22068	22177	wire	0.0161575
22069	22178	wire	0.0161575
22070	22179	wire	0.0161575
22071	22180	wire	0.0161575
22072	22181	wire	0.0161575
22073	22182	wire	0.0161575
22074	22183	wire	0.0161575
22075	22184	wire	0.0161575
22076	22185	wire	0.0161575
22077	22186	wire	0.0161575
22078	22187	wire	0.0161575
22079	22188	wire	0.0161575
22080	22189	wire	0.0161575
22081	22190	wire	0.0161575
22082	22191	wire	0.0161575
22083	22192	wire	0.0161575
22084	22193	wire	0.0161575
22085	22194	wire	0.0161575
22086	22195	wire	0.0161575
22087	22196	wire	0.0161575
22088	22197	wire	0.0161575
22089	22198	wire	0.0161575
22090	22199	wire	0.0161575
22091	22200	wire	0.0161575
22092	22201	wire	0.0161575
22093	22202	wire	0.0161575
22094	22203	wire	0.0161575
22095	22204	wire	0.0161575
22096	22205	wire	0.0161575
22097	22206	wire	0.0161575
22098	22207	wire	0.0161575
22099	22208	wire	0.0161575
22100	22209	wire	0.0161575
22101	22210	wire	0.0161575
22102	22211	wire	0.0161575
22103	22212	wire	0.0161575
22104	22213	wire	0.0161575
22105	22214	wire	0.0161575
22106	22215	wire	0.0161575
22107	22216	wire	0.0161575
22108	22217	wire	0.0161575
22109	22218	wire	0.0161575
22110	22219	wire	0.0161575
22111	22220	wire	0.0161575
22112	22221	wire	0.0161575
22113	22222	wire	0.0161575
22114	22223	wire	0.0161575
22115	22224	wire	0.0161575
22116	22225	wire	0.0161575
22117	22226	wire	0.0161575
22118	22227	wire	0.0161575
22119	22228	wire	0.0161575
22120	22229	wire	0.0161575
22121	22230	wire	0.0161575
22122	22231	wire	0.0161575
22123	22232	wire	0.0161575
22124	22233	wire	0.0161575
22125	22234	wire	0.0161575
22126	22235	wire	0.0161575
22127	22236	wire	0.0161575
22128	22237	wire	0.0161575
22129	22238	wire	0.0161575
22130	22239	wire	0.0161575
22131	22240	wire	0.0161575
22132	22241	wire	0.0161575
22133	22242	wire	0.0161575
22134	22243	wire	0.0161575
22135	22244	wire	0.0161575
22136	22245	wire	0.0161575
22137	22246	wire	0.0161575
22138	22247	wire	0.0161575
22139	22248	wire	0.0161575
22140	22249	wire	0.0161575
22141	22250	wire	0.0161575
22142	22251	wire	0.0161575
22143	22252	wire	0.0161575
22144	22253	wire	0.0161575
22145	22254	wire	0.0161575
22146	22255	wire	0.0161575
22147	22256	wire	0.0161575
22148	22257	wire	0.0161575
22149	22258	wire	0.0161575
22150	22259	wire	0.0161575
22151	22260	wire	0.0161575
22152	22261	wire	0.0161575
22153	22262	wire	0.0161575
22154	22263	wire	0.0161575
22155	22264	wire	0.0161575
22156	22265	wire	0.0161575
22157	22266	wire	0.0161575
22158	22267	wire	0.0161575
22159	22268	wire	0.0161575
22160	22269	wire	0.0161575
22161	22270	wire	0.0161575
22162	22271	wire	0.0161575
22163	22272	wire	0.0161575
22164	22273	wire	0.0161575
22165	22274	wire	0.0161575
22166	22275	wire	0.0161575
22167	22276	wire	0.0161575
22168	22277	wire	0.0161575
22169	22278	wire	0.0161575
22170	22279	wire	0.0161575
22171	22280	wire	0.0161575
22172	22281	wire	0.0161575
22173	22282	wire	0.0161575
22174	22283	wire	0.0161575
22175	22284	wire	0.0161575
22176	22285	wire	0.0161575
22177	22286	wire	0.0161575
22178	22287	wire	0.0161575
22179	22288	wire	0.0161575
22180	22289	wire	0.0161575
22181	22290	wire	0.0161575
22182	22291	wire	0.0161575
22183	22292	wire	0.0161575
22184	22293	wire	0.0161575
22185	22294	wire	0.0161575
22186	22295	wire	0.0161575
22187	22296	wire	0.0161575
22188	22297	wire	0.0161575
22189	22298	wire	0.0161575
22190	22299	wire	0.0161575
22191	22300	wire	0.0161575
22192	22301	wire	0.0161575
22193	22302	wire	0.0161575
22194	22303	wire	0.0161575
22195	22304	wire	0.0161575
22196	22305	wire	0.0161575
22197	22306	wire	0.0161575
22198	22307	wire	0.0161575
22199	22308	wire	0.0161575
22200	22309	wire	0.0161575
22201	22310	wire	0.0161575
22202	22311	wire	0.0161575
22203	22312	wire	0.0161575
22204	22313	wire	0.0161575
22205	22314	wire	0.0161575
22206	22315	wire	0.0161575
22207	22316	wire	0.0161575
22208	22317	wire	0.0161575
22209	22318	wire	0.0161575
22210	22319	wire	0.0161575
22211	22320	wire	0.0161575
22212	22321	wire	0.0161575
22213	22322	wire	0.0161575
22214	22323	wire	0.0161575
22215	22324	wire	0.0161575
22216	22325	wire	0.0161575
22217	22326	wire	0.0161575
22218	22327	wire	0.0161575
22219	22328	wire	0.0161575
22220	22329	wire	0.0161575
22221	22330	wire	0.0161575
22222	22331	wire	0.0161575
22223	22332	wire	0.0161575
22224	22333	wire	0.0161575
22225	22334	wire	0.0161575
22226	22335	wire	0.0161575
22227	22336	wire	0.0161575
22228	22337	wire	0.0161575
22229	22338	wire	0.0161575
22230	22339	wire	0.0161575
22231	22340	wire	0.0161575
22232	22341	wire	0.0161575
22233	22342	wire	0.0161575
22234	22343	wire	0.0161575
22235	22344	wire	0.0161575
22236	22345	wire	0.0161575
22237	22346	wire	0.0161575
22238	22347	wire	0.0161575
22239	22348	wire	0.0161575
22240	22349	wire	0.0161575
22241	22350	wire	0.0161575
22242	22351	wire	0.0161575
22243	22352	wire	0.0161575
22244	22353	wire	0.0161575
22245	22354	wire	0.0161575
22246	22355	wire	0.0161575
22247	22356	wire	0.0161575
22248	22357	wire	0.0161575
22249	22358	wire	0.0161575
22250	22359	wire	0.0161575
22251	22360	wire	0.0161575
22252	22361	wire	0.0161575
22253	22362	wire	0.0161575
22254	22363	wire	0.0161575
22255	22364	wire	0.0161575
22256	22365	wire	0.0161575
22257	22366	wire	0.0161575
22258	22367	wire	0.0161575
22259	22368	wire	0.0161575
22260	22369	wire	0.0161575
22261	22370	wire	0.0161575
22262	22371	wire	0.0161575
22263	22372	wire	0.0161575
22264	22373	wire	0.0161575
22265	22374	wire	0.0161575
22266	22375	wire	0.0161575
22267	22376	wire	0.0161575
22268	22377	wire	0.0161575
22269	22378	wire	0.0161575
22270	22379	wire	0.0161575
22271	22380	wire	0.0161575
22272	22381	wire	0.0161575
22273	22382	wire	0.0161575
22274	22383	wire	0.0161575
22275	22384	wire	0.0161575
22276	22385	wire	0.0161575
22277	22386	wire	0.0161575
22278	22387	wire	0.0161575
22279	22388	wire	0.0161575
22280	22389	wire	0.0161575
22281	22390	wire	0.0161575
22282	22391	wire	0.0161575
22283	22392	wire	0.0161575
22284	22393	wire	0.0161575
22285	22394	wire	0.0161575
22286	22395	wire	0.0161575
22287	22396	wire	0.0161575
22288	22397	wire	0.0161575
22289	22398	wire	0.0161575
22290	22399	wire	0.0161575
22291	22400	wire	0.0161575
22292	22401	wire	0.0161575
22293	22402	wire	0.0161575
22294	22403	wire	0.0161575
22295	22404	wire	0.0161575
22296	22405	wire	0.0161575
22297	22406	wire	0.0161575
22298	22407	wire	0.0161575
22299	22408	wire	0.0161575
22300	22409	wire	0.0161575
22301	22410	wire	0.0161575
22302	22411	wire	0.0161575
22303	22412	wire	0.0161575
22304	22413	wire	0.0161575
22305	22414	wire	0.0161575
22306	22415	wire	0.0161575
22307	22416	wire	0.0161575
22308	22417	wire	0.0161575
22309	22418	wire	0.0161575
22310	22419	wire	0.0161575
22311	22420	wire	0.0161575
22312	22421	wire	0.0161575
22313	22422	wire	0.0161575
22314	22423	wire	0.0161575
22315	22424	wire	0.0161575
22316	22425	wire	0.0161575
22317	22426	wire	0.0161575
22318	22427	wire	0.0161575
22319	22428	wire	0.0161575
22320	22429	wire	0.0161575
22321	22430	wire	0.0161575
22322	22431	wire	0.0161575
22323	22432	wire	0.0161575
22324	22433	wire	0.0161575
22325	22434	wire	0.0161575
22326	22435	wire	0.0161575
22327	22436	wire	0.0161575
22328	22437	wire	0.0161575
22329	22438	wire	0.0161575
22330	22439	wire	0.0161575
22331	22440	wire	0.0161575
22332	22441	wire	0.0161575
22333	22442	wire	0.0161575
22334	22443	wire	0.0161575
22335	22444	wire	0.0161575
22336	22445	wire	0.0161575
22337	22446	wire	0.0161575
22338	22447	wire	0.0161575
22339	22448	wire	0.0161575
22340	22449	wire	0.0161575
22341	22450	wire	0.0161575
22342	22451	wire	0.0161575
22343	22452	wire	0.0161575
22344	22453	wire	0.0161575
22345	22454	wire	0.0161575
22346	22455	wire	0.0161575
22347	22456	wire	0.0161575
22348	22457	wire	0.0161575
22349	22458	wire	0.0161575
22350	22459	wire	0.0161575
22351	22460	wire	0.0161575
22352	22461	wire	0.0161575
22353	22462	wire	0.0161575
22354	22463	wire	0.0161575
22355	22464	wire	0.0161575
22356	22465	wire	0.0161575
22357	22466	wire	0.0161575
22358	22467	wire	0.0161575
22359	22468	wire	0.0161575
22360	22469	wire	0.0161575
22361	22470	wire	0.0161575
22362	22471	wire	0.0161575
22363	22472	wire	0.0161575
22364	22473	wire	0.0161575
22365	22474	wire	0.0161575
22366	22475	wire	0.0161575
22367	22476	wire	0.0161575
22368	22477	wire	0.0161575
22369	22478	wire	0.0161575
22370	22479	wire	0.0161575
22371	22480	wire	0.0161575
22372	22481	wire	0.0161575
22373	22482	wire	0.0161575
22374	22483	wire	0.0161575
22375	22484	wire	0.0161575
22376	22485	wire	0.0161575
22377	22486	wire	0.0161575
22378	22487	wire	0.0161575
22379	22488	wire	0.0161575
22380	22489	wire	0.0161575
22381	22490	wire	0.0161575
22382	22491	wire	0.0161575
22383	22492	wire	0.0161575
22384	22493	wire	0.0161575
22385	22494	wire	0.0161575
22386	22495	wire	0.0161575
22387	22496	wire	0.0161575
22388	22497	wire	0.0161575
22389	22498	wire	0.0161575
22390	22499	wire	0.0161575
22391	22500	wire	0.0161575
22392	22501	wire	0.0161575
22393	22502	wire	0.0161575
22394	22503	wire	0.0161575
22395	22504	wire	0.0161575
22396	22505	wire	0.0161575
22397	22506	wire	0.0161575
22398	22507	wire	0.0161575
22399	22508	wire	0.0161575
22400	22509	wire	0.0161575
22401	22510	wire	0.0161575
22402	22511	wire	0.0161575
22403	22512	wire	0.0161575
22404	22513	wire	0.0161575
22405	22514	wire	0.0161575
22406	22515	wire	0.0161575
22407	22516	wire	0.0161575
22408	22517	wire	0.0161575
22409	22518	wire	0.0161575
22410	22519	wire	0.0161575
22411	22520	wire	0.0161575
22412	22521	wire	0.0161575
22413	22522	wire	0.0161575
22414	22523	wire	0.0161575
22415	22524	wire	0.0161575
22416	22525	wire	0.0161575
22417	22526	wire	0.0161575
22418	22527	wire	0.0161575
22419	22528	wire	0.0161575
22420	22529	wire	0.0161575
22421	22530	wire	0.0161575
22422	22531	wire	0.0161575
22423	22532	wire	0.0161575
22424	22533	wire	0.0161575
22425	22534	wire	0.0161575
22426	22535	wire	0.0161575
22427	22536	wire	0.0161575
22428	22537	wire	0.0161575
22429	22538	wire	0.0161575
22430	22539	wire	0.0161575
22431	22540	wire	0.0161575
22432	22541	wire	0.0161575
22433	22542	wire	0.0161575
22434	22543	wire	0.0161575
22435	22544	wire	0.0161575
22436	22545	wire	0.0161575
22437	22546	wire	0.0161575
22438	22547	wire	0.0161575
22439	22548	wire	0.0161575
22440	22549	wire	0.0161575
22441	22550	wire	0.0161575
22442	22551	wire	0.0161575
22443	22552	wire	0.0161575
22444	22553	wire	0.0161575
22445	22554	wire	0.0161575
22446	22555	wire	0.0161575
22447	22556	wire	0.0161575
22448	22557	wire	0.0161575
22449	22558	wire	0.0161575
22450	22559	wire	0.0161575
22451	22560	wire	0.0161575
22452	22561	wire	0.0161575
22453	22562	wire	0.0161575
22454	22563	wire	0.0161575
22455	22564	wire	0.0161575
22456	22565	wire	0.0161575
22457	22566	wire	0.0161575
22458	22567	wire	0.0161575
22459	22568	wire	0.0161575
22460	22569	wire	0.0161575
22461	22570	wire	0.0161575
22462	22571	wire	0.0161575
22463	22572	wire	0.0161575
22464	22573	wire	0.0161575
22465	22574	wire	0.0161575
22466	22575	wire	0.0161575
22467	22576	wire	0.0161575
22468	22577	wire	0.0161575
22469	22578	wire	0.0161575
22470	22579	wire	0.0161575
22471	22580	wire	0.0161575
22472	22581	wire	0.0161575
22473	22582	wire	0.0161575
22474	22583	wire	0.0161575
22475	22584	wire	0.0161575
22476	22585	wire	0.0161575
22477	22586	wire	0.0161575
22478	22587	wire	0.0161575
22479	22588	wire	0.0161575
22480	22589	wire	0.0161575
22481	22590	wire	0.0161575
22482	22591	wire	0.0161575
22483	22592	wire	0.0161575
22484	22593	wire	0.0161575
22485	22594	wire	0.0161575
22486	22595	wire	0.0161575
22487	22596	wire	0.0161575
22488	22597	wire	0.0161575
22489	22598	wire	0.0161575
22490	22599	wire	0.0161575
22491	22600	wire	0.0161575
22492	22601	wire	0.0161575
22493	22602	wire	0.0161575
22494	22603	wire	0.0161575
22495	22604	wire	0.0161575
22496	22605	wire	0.0161575
22497	22606	wire	0.0161575
22498	22607	wire	0.0161575
22499	22608	wire	0.0161575
22500	22609	wire	0.0161575
22501	22610	wire	0.0161575
22502	22611	wire	0.0161575
22503	22612	wire	0.0161575
22504	22613	wire	0.0161575
22505	22614	wire	0.0161575
22506	22615	wire	0.0161575
22507	22616	wire	0.0161575
22508	22617	wire	0.0161575
22509	22618	wire	0.0161575
22510	22619	wire	0.0161575
22511	22620	wire	0.0161575
22512	22621	wire	0.0161575
22513	22622	wire	0.0161575
22514	22623	wire	0.0161575
22515	22624	wire	0.0161575
22516	22625	wire	0.0161575
22517	22626	wire	0.0161575
22518	22627	wire	0.0161575
22519	22628	wire	0.0161575
22520	22629	wire	0.0161575
22521	22630	wire	0.0161575
22522	22631	wire	0.0161575
22523	22632	wire	0.0161575
22524	22633	wire	0.0161575
22525	22634	wire	0.0161575
22526	22635	wire	0.0161575
22527	22636	wire	0.0161575
22528	22637	wire	0.0161575
22529	22638	wire	0.0161575
22530	22639	wire	0.0161575
22531	22640	wire	0.0161575
22532	22641	wire	0.0161575
22533	22642	wire	0.0161575
22534	22643	wire	0.0161575
22535	22644	wire	0.0161575
22536	22645	wire	0.0161575
22537	22646	wire	0.0161575
22538	22647	wire	0.0161575
22539	22648	wire	0.0161575
22540	22649	wire	0.0161575
22541	22650	wire	0.0161575
22542	22651	wire	0.0161575
22543	22652	wire	0.0161575
22544	22653	wire	0.0161575
22545	22654	wire	0.0161575
22546	22655	wire	0.0161575
22547	22656	wire	0.0161575
22548	22657	wire	0.0161575
22549	22658	wire	0.0161575
22550	22659	wire	0.0161575
22551	22660	wire	0.0161575
22552	22661	wire	0.0161575
22553	22662	wire	0.0161575
22554	22663	wire	0.0161575
22555	22664	wire	0.0161575
22556	22665	wire	0.0161575
22557	22666	wire	0.0161575
22558	22667	wire	0.0161575
22559	22668	wire	0.0161575
22560	22669	wire	0.0161575
22561	22670	wire	0.0161575
22562	22671	wire	0.0161575
22563	22672	wire	0.0161575
22564	22673	wire	0.0161575
22565	22674	wire	0.0161575
22566	22675	wire	0.0161575
22567	22676	wire	0.0161575
22568	22677	wire	0.0161575
22569	22678	wire	0.0161575
22570	22679	wire	0.0161575
22571	22680	wire	0.0161575
22572	22681	wire	0.0161575
22573	22682	wire	0.0161575
22574	22683	wire	0.0161575
22575	22684	wire	0.0161575
22576	22685	wire	0.0161575
22577	22686	wire	0.0161575
22578	22687	wire	0.0161575
22579	22688	wire	0.0161575
22580	22689	wire	0.0161575
22581	22690	wire	0.0161575
22582	22691	wire	0.0161575
22583	22692	wire	0.0161575
22584	22693	wire	0.0161575
22585	22694	wire	0.0161575
22586	22695	wire	0.0161575
22587	22696	wire	0.0161575
22588	22697	wire	0.0161575
22589	22698	wire	0.0161575
22590	22699	wire	0.0161575
22591	22700	wire	0.0161575
22592	22701	wire	0.0161575
22593	22702	wire	0.0161575
22594	22703	wire	0.0161575
22595	22704	wire	0.0161575
22596	22705	wire	0.0161575
22597	22706	wire	0.0161575
22598	22707	wire	0.0161575
22599	22708	wire	0.0161575
22600	22709	wire	0.0161575
22601	22710	wire	0.0161575
22602	22711	wire	0.0161575
22603	22712	wire	0.0161575
22604	22713	wire	0.0161575
22605	22714	wire	0.0161575
22606	22715	wire	0.0161575
22607	22716	wire	0.0161575
22608	22717	wire	0.0161575
22609	22718	wire	0.0161575
22610	22719	wire	0.0161575
22611	22720	wire	0.0161575
22612	22721	wire	0.0161575
22613	22722	wire	0.0161575
22614	22723	wire	0.0161575
22615	22724	wire	0.0161575
22616	22725	wire	0.0161575
22617	22726	wire	0.0161575
22618	22727	wire	0.0161575
22619	22728	wire	0.0161575
22620	22729	wire	0.0161575
22621	22730	wire	0.0161575
22622	22731	wire	0.0161575
22623	22732	wire	0.0161575
22624	22733	wire	0.0161575
22625	22734	wire	0.0161575
22626	22735	wire	0.0161575
22627	22736	wire	0.0161575
22628	22737	wire	0.0161575
22629	22738	wire	0.0161575
22630	22739	wire	0.0161575
22631	22740	wire	0.0161575
22632	22741	wire	0.0161575
22633	22742	wire	0.0161575
22634	22743	wire	0.0161575
22635	22744	wire	0.0161575
22636	22745	wire	0.0161575
22637	22746	wire	0.0161575
22638	22747	wire	0.0161575
22639	22748	wire	0.0161575
22640	22749	wire	0.0161575
22641	22750	wire	0.0161575
22642	22751	wire	0.0161575
22643	22752	wire	0.0161575
22644	22753	wire	0.0161575
22645	22754	wire	0.0161575
22646	22755	wire	0.0161575
22647	22756	wire	0.0161575
22648	22757	wire	0.0161575
22649	22758	wire	0.0161575
22650	22759	wire	0.0161575
22651	22760	wire	0.0161575
22652	22761	wire	0.0161575
22653	22762	wire	0.0161575
22654	22763	wire	0.0161575
22655	22764	wire	0.0161575
22656	22765	wire	0.0161575
22657	22766	wire	0.0161575
22658	22767	wire	0.0161575
22659	22768	wire	0.0161575
22660	22769	wire	0.0161575
22661	22770	wire	0.0161575
22662	22771	wire	0.0161575
22663	22772	wire	0.0161575
22664	22773	wire	0.0161575
22665	22774	wire	0.0161575
22666	22775	wire	0.0161575
22667	22776	wire	0.0161575
22668	22777	wire	0.0161575
22669	22778	wire	0.0161575
22670	22779	wire	0.0161575
22671	22780	wire	0.0161575
22672	22781	wire	0.0161575
22673	22782	wire	0.0161575
22674	22783	wire	0.0161575
22675	22784	wire	0.0161575
22676	22785	wire	0.0161575
22677	22786	wire	0.0161575
22678	22787	wire	0.0161575
22679	22788	wire	0.0161575
22680	22789	wire	0.0161575
22681	22790	wire	0.0161575
22682	22791	wire	0.0161575
22683	22792	wire	0.0161575
22684	22793	wire	0.0161575
22685	22794	wire	0.0161575
22686	22795	wire	0.0161575
22687	22796	wire	0.0161575
22688	22797	wire	0.0161575
22689	22798	wire	0.0161575
22690	22799	wire	0.0161575
22691	22800	wire	0.0161575
22692	22801	wire	0.0161575
22693	22802	wire	0.0161575
22694	22803	wire	0.0161575
22695	22804	wire	0.0161575
22696	22805	wire	0.0161575
22697	22806	wire	0.0161575
22698	22807	wire	0.0161575
22699	22808	wire	0.0161575
22700	22809	wire	0.0161575
22701	22810	wire	0.0161575
22702	22811	wire	0.0161575
22703	22812	wire	0.0161575
22704	22813	wire	0.0161575
22705	22814	wire	0.0161575
22706	22815	wire	0.0161575
22707	22816	wire	0.0161575
22708	22817	wire	0.0161575
22709	22818	wire	0.0161575
22710	22819	wire	0.0161575
22711	22820	wire	0.0161575
22712	22821	wire	0.0161575
22713	22822	wire	0.0161575
22714	22823	wire	0.0161575
22715	22824	wire	0.0161575
22716	22825	wire	0.0161575
22717	22826	wire	0.0161575
22718	22827	wire	0.0161575
22719	22828	wire	0.0161575
22720	22829	wire	0.0161575
22721	22830	wire	0.0161575
22722	22831	wire	0.0161575
22723	22832	wire	0.0161575
22724	22833	wire	0.0161575
22725	22834	wire	0.0161575
22726	22835	wire	0.0161575
22727	22836	wire	0.0161575
22728	22837	wire	0.0161575
22729	22838	wire	0.0161575
22730	22839	wire	0.0161575
22731	22840	wire	0.0161575
22732	22841	wire	0.0161575
22733	22842	wire	0.0161575
22734	22843	wire	0.0161575
22735	22844	wire	0.0161575
22736	22845	wire	0.0161575
22737	22846	wire	0.0161575
22738	22847	wire	0.0161575
22739	22848	wire	0.0161575
22740	22849	wire	0.0161575
22741	22850	wire	0.0161575
22742	22851	wire	0.0161575
22743	22852	wire	0.0161575
22744	22853	wire	0.0161575
22745	22854	wire	0.0161575
22746	22855	wire	0.0161575
22747	22856	wire	0.0161575
22748	22857	wire	0.0161575
22749	22858	wire	0.0161575
22750	22859	wire	0.0161575
22751	22860	wire	0.0161575
22752	22861	wire	0.0161575
22753	22862	wire	0.0161575
22754	22863	wire	0.0161575
22755	22864	wire	0.0161575
22756	22865	wire	0.0161575
22757	22866	wire	0.0161575
22758	22867	wire	0.0161575
22759	22868	wire	0.0161575
22760	22869	wire	0.0161575
22761	22870	wire	0.0161575
22762	22871	wire	0.0161575
22763	22872	wire	0.0161575
22764	22873	wire	0.0161575
22765	22874	wire	0.0161575
22766	22875	wire	0.0161575
22767	22876	wire	0.0161575
22768	22877	wire	0.0161575
22769	22878	wire	0.0161575
22770	22879	wire	0.0161575
22771	22880	wire	0.0161575
22772	22881	wire	0.0161575
22773	22882	wire	0.0161575
22774	22883	wire	0.0161575
22775	22884	wire	0.0161575
22776	22885	wire	0.0161575
22777	22886	wire	0.0161575
22778	22887	wire	0.0161575
22779	22888	wire	0.0161575
22780	22889	wire	0.0161575
22781	22890	wire	0.0161575
22782	22891	wire	0.0161575
22783	22892	wire	0.0161575
22784	22893	wire	0.0161575
22785	22894	wire	0.0161575
22786	22895	wire	0.0161575
22787	22896	wire	0.0161575
22788	22897	wire	0.0161575
22789	22898	wire	0.0161575
22790	22899	wire	0.0161575
22791	22900	wire	0.0161575
22792	22901	wire	0.0161575
22793	22902	wire	0.0161575
22794	22903	wire	0.0161575
22795	22904	wire	0.0161575
22796	22905	wire	0.0161575
22797	22906	wire	0.0161575
22798	22907	wire	0.0161575
22799	22908	wire	0.0161575
22800	22909	wire	0.0161575
22801	22910	wire	0.0161575
22802	22911	wire	0.0161575
22803	22912	wire	0.0161575
22804	22913	wire	0.0161575
22805	22914	wire	0.0161575
22806	22915	wire	0.0161575
22807	22916	wire	0.0161575
22808	22917	wire	0.0161575
22809	22918	wire	0.0161575
22810	22919	wire	0.0161575
22811	22920	wire	0.0161575
22812	22921	wire	0.0161575
22813	22922	wire	0.0161575
22814	22923	wire	0.0161575
22815	22924	wire	0.0161575
22816	22925	wire	0.0161575
22817	22926	wire	0.0161575
22818	22927	wire	0.0161575
22819	22928	wire	0.0161575
22820	22929	wire	0.0161575
22821	22930	wire	0.0161575
22822	22931	wire	0.0161575
22823	22932	wire	0.0161575
22824	22933	wire	0.0161575
22825	22934	wire	0.0161575
22826	22935	wire	0.0161575
22827	22936	wire	0.0161575
22828	22937	wire	0.0161575
22829	22938	wire	0.0161575
22830	22939	wire	0.0161575
22831	22940	wire	0.0161575
22832	22941	wire	0.0161575
22833	22942	wire	0.0161575
22834	22943	wire	0.0161575
22835	22944	wire	0.0161575
22836	22945	wire	0.0161575
22837	22946	wire	0.0161575
22838	22947	wire	0.0161575
22839	22948	wire	0.0161575
22840	22949	wire	0.0161575
22841	22950	wire	0.0161575
22842	22951	wire	0.0161575
22843	22952	wire	0.0161575
22844	22953	wire	0.0161575
22845	22954	wire	0.0161575
22846	22955	wire	0.0161575
22847	22956	wire	0.0161575
22848	22957	wire	0.0161575
22849	22958	wire	0.0161575
22850	22959	wire	0.0161575
22851	22960	wire	0.0161575
22852	22961	wire	0.0161575
22853	22962	wire	0.0161575
22854	22963	wire	0.0161575
22855	22964	wire	0.0161575
22856	22965	wire	0.0161575
22857	22966	wire	0.0161575
22858	22967	wire	0.0161575
22859	22968	wire	0.0161575
22860	22969	wire	0.0161575
22861	22970	wire	0.0161575
22862	22971	wire	0.0161575
22863	22972	wire	0.0161575
22864	22973	wire	0.0161575
22865	22974	wire	0.0161575
22866	22975	wire	0.0161575
22867	22976	wire	0.0161575
22868	22977	wire	0.0161575
22869	22978	wire	0.0161575
22870	22979	wire	0.0161575
22871	22980	wire	0.0161575
22872	22981	wire	0.0161575
22873	22982	wire	0.0161575
22874	22983	wire	0.0161575
22875	22984	wire	0.0161575
22876	22985	wire	0.0161575
22877	22986	wire	0.0161575
22878	22987	wire	0.0161575
22879	22988	wire	0.0161575
22880	22989	wire	0.0161575
22881	22990	wire	0.0161575
22882	22991	wire	0.0161575
22883	22992	wire	0.0161575
22884	22993	wire	0.0161575
22885	22994	wire	0.0161575
22886	22995	wire	0.0161575
22887	22996	wire	0.0161575
22888	22997	wire	0.0161575
22889	22998	wire	0.0161575
22890	22999	wire	0.0161575
22891	23000	wire	0.0161575
22892	23001	wire	0.0161575
22893	23002	wire	0.0161575
22894	23003	wire	0.0161575
22895	23004	wire	0.0161575
22896	23005	wire	0.0161575
22897	23006	wire	0.0161575
22898	23007	wire	0.0161575
22899	23008	wire	0.0161575
22900	23009	wire	0.0161575
22901	23010	wire	0.0161575
22902	23011	wire	0.0161575
22903	23012	wire	0.0161575
22904	23013	wire	0.0161575
22905	23014	wire	0.0161575
22906	23015	wire	0.0161575
22907	23016	wire	0.0161575
22908	23017	wire	0.0161575
22909	23018	wire	0.0161575
22910	23019	wire	0.0161575
22911	23020	wire	0.0161575
22912	23021	wire	0.0161575
22913	23022	wire	0.0161575
22914	23023	wire	0.0161575
22915	23024	wire	0.0161575
22916	23025	wire	0.0161575
22917	23026	wire	0.0161575
22918	23027	wire	0.0161575
22919	23028	wire	0.0161575
22920	23029	wire	0.0161575
22921	23030	wire	0.0161575
22922	23031	wire	0.0161575
22923	23032	wire	0.0161575
22924	23033	wire	0.0161575
22925	23034	wire	0.0161575
22926	23035	wire	0.0161575
22927	23036	wire	0.0161575
22928	23037	wire	0.0161575
22929	23038	wire	0.0161575
22930	23039	wire	0.0161575
22931	23040	wire	0.0161575
22932	23041	wire	0.0161575
22933	23042	wire	0.0161575
22934	23043	wire	0.0161575
22935	23044	wire	0.0161575
22936	23045	wire	0.0161575
22937	23046	wire	0.0161575
22938	23047	wire	0.0161575
22939	23048	wire	0.0161575
22940	23049	wire	0.0161575
22941	23050	wire	0.0161575
22942	23051	wire	0.0161575
22943	23052	wire	0.0161575
22944	23053	wire	0.0161575
22945	23054	wire	0.0161575
22946	23055	wire	0.0161575
22947	23056	wire	0.0161575
22948	23057	wire	0.0161575
22949	23058	wire	0.0161575
22950	23059	wire	0.0161575
22951	23060	wire	0.0161575
22952	23061	wire	0.0161575
22953	23062	wire	0.0161575
22954	23063	wire	0.0161575
22955	23064	wire	0.0161575
22956	23065	wire	0.0161575
22957	23066	wire	0.0161575
22958	23067	wire	0.0161575
22959	23068	wire	0.0161575
22960	23069	wire	0.0161575
22961	23070	wire	0.0161575
22962	23071	wire	0.0161575
22963	23072	wire	0.0161575
22964	23073	wire	0.0161575
22965	23074	wire	0.0161575
22966	23075	wire	0.0161575
22967	23076	wire	0.0161575
22968	23077	wire	0.0161575
22969	23078	wire	0.0161575
22970	23079	wire	0.0161575
22971	23080	wire	0.0161575
22972	23081	wire	0.0161575
22973	23082	wire	0.0161575
22974	23083	wire	0.0161575
22975	23084	wire	0.0161575
22976	23085	wire	0.0161575
22977	23086	wire	0.0161575
22978	23087	wire	0.0161575
22979	23088	wire	0.0161575
22980	23089	wire	0.0161575
22981	23090	wire	0.0161575
22982	23091	wire	0.0161575
22983	23092	wire	0.0161575
22984	23093	wire	0.0161575
22985	23094	wire	0.0161575
22986	23095	wire	0.0161575
22987	23096	wire	0.0161575
22988	23097	wire	0.0161575
22989	23098	wire	0.0161575
22990	23099	wire	0.0161575
22991	23100	wire	0.0161575
22992	23101	wire	0.0161575
22993	23102	wire	0.0161575
22994	23103	wire	0.0161575
22995	23104	wire	0.0161575
22996	23105	wire	0.0161575
22997	23106	wire	0.0161575
22998	23107	wire	0.0161575
22999	23108	wire	0.0161575
23000	23109	wire	0.0161575
23001	23110	wire	0.0161575
23002	23111	wire	0.0161575
23003	23112	wire	0.0161575
23004	23113	wire	0.0161575
23005	23114	wire	0.0161575
23006	23115	wire	0.0161575
23007	23116	wire	0.0161575
23008	23117	wire	0.0161575
23009	23118	wire	0.0161575
23010	23119	wire	0.0161575
23011	23120	wire	0.0161575
23012	23121	wire	0.0161575
23013	23122	wire	0.0161575
23014	23123	wire	0.0161575
23015	23124	wire	0.0161575
23016	23125	wire	0.0161575
23017	23126	wire	0.0161575
23018	23127	wire	0.0161575
23019	23128	wire	0.0161575
23020	23129	wire	0.0161575
23021	23130	wire	0.0161575
23022	23131	wire	0.0161575
23023	23132	wire	0.0161575
23024	23133	wire	0.0161575
23025	23134	wire	0.0161575
23026	23135	wire	0.0161575
23027	23136	wire	0.0161575
23028	23137	wire	0.0161575
23029	23138	wire	0.0161575
23030	23139	wire	0.0161575
23031	23140	wire	0.0161575
23032	23141	wire	0.0161575
23033	23142	wire	0.0161575
23034	23143	wire	0.0161575
23035	23144	wire	0.0161575
23036	23145	wire	0.0161575
23037	23146	wire	0.0161575
23038	23147	wire	0.0161575
23039	23148	wire	0.0161575
23040	23149	wire	0.0161575
23041	23150	wire	0.0161575
23042	23151	wire	0.0161575
23043	23152	wire	0.0161575
23044	23153	wire	0.0161575
23045	23154	wire	0.0161575
23046	23155	wire	0.0161575
23047	23156	wire	0.0161575
23048	23157	wire	0.0161575
23049	23158	wire	0.0161575
23050	23159	wire	0.0161575
23051	23160	wire	0.0161575
23052	23161	wire	0.0161575
23053	23162	wire	0.0161575
23054	23163	wire	0.0161575
23055	23164	wire	0.0161575
23056	23165	wire	0.0161575
23057	23166	wire	0.0161575
23058	23167	wire	0.0161575
23059	23168	wire	0.0161575
23060	23169	wire	0.0161575
23061	23170	wire	0.0161575
23062	23171	wire	0.0161575
23063	23172	wire	0.0161575
23064	23173	wire	0.0161575
23065	23174	wire	0.0161575
23066	23175	wire	0.0161575
23067	23176	wire	0.0161575
23068	23177	wire	0.0161575
23069	23178	wire	0.0161575
23070	23179	wire	0.0161575
23071	23180	wire	0.0161575
23072	23181	wire	0.0161575
23073	23182	wire	0.0161575
23074	23183	wire	0.0161575
23075	23184	wire	0.0161575
23076	23185	wire	0.0161575
23077	23186	wire	0.0161575
23078	23187	wire	0.0161575
23079	23188	wire	0.0161575
23080	23189	wire	0.0161575
23081	23190	wire	0.0161575
23082	23191	wire	0.0161575
23083	23192	wire	0.0161575
23084	23193	wire	0.0161575
23085	23194	wire	0.0161575
23086	23195	wire	0.0161575
23087	23196	wire	0.0161575
23088	23197	wire	0.0161575
23089	23198	wire	0.0161575
23090	23199	wire	0.0161575
23091	23200	wire	0.0161575
23092	23201	wire	0.0161575
23093	23202	wire	0.0161575
23094	23203	wire	0.0161575
23095	23204	wire	0.0161575
23096	23205	wire	0.0161575
23097	23206	wire	0.0161575
23098	23207	wire	0.0161575
23099	23208	wire	0.0161575
23100	23209	wire	0.0161575
23101	23210	wire	0.0161575
23102	23211	wire	0.0161575
23103	23212	wire	0.0161575
23104	23213	wire	0.0161575
23105	23214	wire	0.0161575
23106	23215	wire	0.0161575
23107	23216	wire	0.0161575
23108	23217	wire	0.0161575
23109	23218	wire	0.0161575
23110	23219	wire	0.0161575
23111	23220	wire	0.0161575
23112	23221	wire	0.0161575
23113	23222	wire	0.0161575
23114	23223	wire	0.0161575
23115	23224	wire	0.0161575
23116	23225	wire	0.0161575
23117	23226	wire	0.0161575
23118	23227	wire	0.0161575
23119	23228	wire	0.0161575
23120	23229	wire	0.0161575
23121	23230	wire	0.0161575
23122	23231	wire	0.0161575
23123	23232	wire	0.0161575
23124	23233	wire	0.0161575
23125	23234	wire	0.0161575
23126	23235	wire	0.0161575
23127	23236	wire	0.0161575
23128	23237	wire	0.0161575
23129	23238	wire	0.0161575
23130	23239	wire	0.0161575
23131	23240	wire	0.0161575
23132	23241	wire	0.0161575
23133	23242	wire	0.0161575
23134	23243	wire	0.0161575
23135	23244	wire	0.0161575
23136	23245	wire	0.0161575
23137	23246	wire	0.0161575
23138	23247	wire	0.0161575
23139	23248	wire	0.0161575
23140	23249	wire	0.0161575
23141	23250	wire	0.0161575
23142	23251	wire	0.0161575
23143	23252	wire	0.0161575
23144	23253	wire	0.0161575
23145	23254	wire	0.0161575
23146	23255	wire	0.0161575
23147	23256	wire	0.0161575
23148	23257	wire	0.0161575
23149	23258	wire	0.0161575
23150	23259	wire	0.0161575
23151	23260	wire	0.0161575
23152	23261	wire	0.0161575
23153	23262	wire	0.0161575
23154	23263	wire	0.0161575
23155	23264	wire	0.0161575
23156	23265	wire	0.0161575
23157	23266	wire	0.0161575
23158	23267	wire	0.0161575
23159	23268	wire	0.0161575
23160	23269	wire	0.0161575
23161	23270	wire	0.0161575
23162	23271	wire	0.0161575
23163	23272	wire	0.0161575
23164	23273	wire	0.0161575
23165	23274	wire	0.0161575
23166	23275	wire	0.0161575
23167	23276	wire	0.0161575
23168	23277	wire	0.0161575
23169	23278	wire	0.0161575
23170	23279	wire	0.0161575
23171	23280	wire	0.0161575
23172	23281	wire	0.0161575
23173	23282	wire	0.0161575
23174	23283	wire	0.0161575
23175	23284	wire	0.0161575
23176	23285	wire	0.0161575
23177	23286	wire	0.0161575
23178	23287	wire	0.0161575
23179	23288	wire	0.0161575
23180	23289	wire	0.0161575
23181	23290	wire	0.0161575
23182	23291	wire	0.0161575
23183	23292	wire	0.0161575
23184	23293	wire	0.0161575
23185	23294	wire	0.0161575
23186	23295	wire	0.0161575
23187	23296	wire	0.0161575
23188	23297	wire	0.0161575
23189	23298	wire	0.0161575
23190	23299	wire	0.0161575
23191	23300	wire	0.0161575
23192	23301	wire	0.0161575
23193	23302	wire	0.0161575
23194	23303	wire	0.0161575
23195	23304	wire	0.0161575
23196	23305	wire	0.0161575
23197	23306	wire	0.0161575
23198	23307	wire	0.0161575
23199	23308	wire	0.0161575
23200	23309	wire	0.0161575
23201	23310	wire	0.0161575
23202	23311	wire	0.0161575
23203	23312	wire	0.0161575
23204	23313	wire	0.0161575
23205	23314	wire	0.0161575
23206	23315	wire	0.0161575
23207	23316	wire	0.0161575
23208	23317	wire	0.0161575
23209	23318	wire	0.0161575
23210	23319	wire	0.0161575
23211	23320	wire	0.0161575
23212	23321	wire	0.0161575
23213	23322	wire	0.0161575
23214	23323	wire	0.0161575
23215	23324	wire	0.0161575
23216	23325	wire	0.0161575
23217	23326	wire	0.0161575
23218	23327	wire	0.0161575
23219	23328	wire	0.0161575
23220	23329	wire	0.0161575
23221	23330	wire	0.0161575
23222	23331	wire	0.0161575
23223	23332	wire	0.0161575
23224	23333	wire	0.0161575
23225	23334	wire	0.0161575
23226	23335	wire	0.0161575
23227	23336	wire	0.0161575
23228	23337	wire	0.0161575
23229	23338	wire	0.0161575
23230	23339	wire	0.0161575
23231	23340	wire	0.0161575
23232	23341	wire	0.0161575
23233	23342	wire	0.0161575
23234	23343	wire	0.0161575
23235	23344	wire	0.0161575
23236	23345	wire	0.0161575
23237	23346	wire	0.0161575
23238	23347	wire	0.0161575
23239	23348	wire	0.0161575
23240	23349	wire	0.0161575
23241	23350	wire	0.0161575
23242	23351	wire	0.0161575
23243	23352	wire	0.0161575
23244	23353	wire	0.0161575
23245	23354	wire	0.0161575
23246	23355	wire	0.0161575
23247	23356	wire	0.0161575
23248	23357	wire	0.0161575
23249	23358	wire	0.0161575
23250	23359	wire	0.0161575
23251	23360	wire	0.0161575
23252	23361	wire	0.0161575
23253	23362	wire	0.0161575
23254	23363	wire	0.0161575
23255	23364	wire	0.0161575
23256	23365	wire	0.0161575
23257	23366	wire	0.0161575
23258	23367	wire	0.0161575
23259	23368	wire	0.0161575
23260	23369	wire	0.0161575
23261	23370	wire	0.0161575
23262	23371	wire	0.0161575
23263	23372	wire	0.0161575
23264	23373	wire	0.0161575
23265	23374	wire	0.0161575
23266	23375	wire	0.0161575
23267	23376	wire	0.0161575
23268	23377	wire	0.0161575
23269	23378	wire	0.0161575
23270	23379	wire	0.0161575
23271	23380	wire	0.0161575
23272	23381	wire	0.0161575
23273	23382	wire	0.0161575
23274	23383	wire	0.0161575
23275	23384	wire	0.0161575
23276	23385	wire	0.0161575
23277	23386	wire	0.0161575
23278	23387	wire	0.0161575
23279	23388	wire	0.0161575
23280	23389	wire	0.0161575
23281	23390	wire	0.0161575
23282	23391	wire	0.0161575
23283	23392	wire	0.0161575
23284	23393	wire	0.0161575
23285	23394	wire	0.0161575
23286	23395	wire	0.0161575
23287	23396	wire	0.0161575
23288	23397	wire	0.0161575
23289	23398	wire	0.0161575
23290	23399	wire	0.0161575
23291	23400	wire	0.0161575
23292	23401	wire	0.0161575
23293	23402	wire	0.0161575
23294	23403	wire	0.0161575
23295	23404	wire	0.0161575
23296	23405	wire	0.0161575
23297	23406	wire	0.0161575
23298	23407	wire	0.0161575
23299	23408	wire	0.0161575
23300	23409	wire	0.0161575
23301	23410	wire	0.0161575
23302	23411	wire	0.0161575
23303	23412	wire	0.0161575
23304	23413	wire	0.0161575
23305	23414	wire	0.0161575
23306	23415	wire	0.0161575
23307	23416	wire	0.0161575
23308	23417	wire	0.0161575
23309	23418	wire	0.0161575
23310	23419	wire	0.0161575
23311	23420	wire	0.0161575
23312	23421	wire	0.0161575
23313	23422	wire	0.0161575
23314	23423	wire	0.0161575
23315	23424	wire	0.0161575
23316	23425	wire	0.0161575
23317	23426	wire	0.0161575
23318	23427	wire	0.0161575
23319	23428	wire	0.0161575
23320	23429	wire	0.0161575
23321	23430	wire	0.0161575
23322	23431	wire	0.0161575
23323	23432	wire	0.0161575
23324	23433	wire	0.0161575
23325	23434	wire	0.0161575
23326	23435	wire	0.0161575
23327	23436	wire	0.0161575
23328	23437	wire	0.0161575
23329	23438	wire	0.0161575
23330	23439	wire	0.0161575
23331	23440	wire	0.0161575
23332	23441	wire	0.0161575
23333	23442	wire	0.0161575
23334	23443	wire	0.0161575
23335	23444	wire	0.0161575
23336	23445	wire	0.0161575
23337	23446	wire	0.0161575
23338	23447	wire	0.0161575
23339	23448	wire	0.0161575
23340	23449	wire	0.0161575
23341	23450	wire	0.0161575
23342	23451	wire	0.0161575
23343	23452	wire	0.0161575
23344	23453	wire	0.0161575
23345	23454	wire	0.0161575
23346	23455	wire	0.0161575
23347	23456	wire	0.0161575
23348	23457	wire	0.0161575
23349	23458	wire	0.0161575
23350	23459	wire	0.0161575
23351	23460	wire	0.0161575
23352	23461	wire	0.0161575
23353	23462	wire	0.0161575
23354	23463	wire	0.0161575
23355	23464	wire	0.0161575
23356	23465	wire	0.0161575
23357	23466	wire	0.0161575
23358	23467	wire	0.0161575
23359	23468	wire	0.0161575
23360	23469	wire	0.0161575
23361	23470	wire	0.0161575
23362	23471	wire	0.0161575
23363	23472	wire	0.0161575
23364	23473	wire	0.0161575
23365	23474	wire	0.0161575
23366	23475	wire	0.0161575
23367	23476	wire	0.0161575
23368	23477	wire	0.0161575
23369	23478	wire	0.0161575
23370	23479	wire	0.0161575
23371	23480	wire	0.0161575
23372	23481	wire	0.0161575
23373	23482	wire	0.0161575
23374	23483	wire	0.0161575
23375	23484	wire	0.0161575
23376	23485	wire	0.0161575
23377	23486	wire	0.0161575
23378	23487	wire	0.0161575
23379	23488	wire	0.0161575
23380	23489	wire	0.0161575
23381	23490	wire	0.0161575
23382	23491	wire	0.0161575
23383	23492	wire	0.0161575
23384	23493	wire	0.0161575
23385	23494	wire	0.0161575
23386	23495	wire	0.0161575
23387	23496	wire	0.0161575
23388	23497	wire	0.0161575
23389	23498	wire	0.0161575
23390	23499	wire	0.0161575
23391	23500	wire	0.0161575
23392	23501	wire	0.0161575
23393	23502	wire	0.0161575
23394	23503	wire	0.0161575
23395	23504	wire	0.0161575
23396	23505	wire	0.0161575
23397	23506	wire	0.0161575
23398	23507	wire	0.0161575
23399	23508	wire	0.0161575
23400	23509	wire	0.0161575
23401	23510	wire	0.0161575
23402	23511	wire	0.0161575
23403	23512	wire	0.0161575
23404	23513	wire	0.0161575
23405	23514	wire	0.0161575
23406	23515	wire	0.0161575
23407	23516	wire	0.0161575
23408	23517	wire	0.0161575
23409	23518	wire	0.0161575
23410	23519	wire	0.0161575
23411	23520	wire	0.0161575
23412	23521	wire	0.0161575
23413	23522	wire	0.0161575
23414	23523	wire	0.0161575
23415	23524	wire	0.0161575
23416	23525	wire	0.0161575
23417	23526	wire	0.0161575
23418	23527	wire	0.0161575
23419	23528	wire	0.0161575
23420	23529	wire	0.0161575
23421	23530	wire	0.0161575
23422	23531	wire	0.0161575
23423	23532	wire	0.0161575
23424	23533	wire	0.0161575
23425	23534	wire	0.0161575
23426	23535	wire	0.0161575
23427	23536	wire	0.0161575
23428	23537	wire	0.0161575
23429	23538	wire	0.0161575
23430	23539	wire	0.0161575
23431	23540	wire	0.0161575
23432	23541	wire	0.0161575
23433	23542	wire	0.0161575
23434	23543	wire	0.0161575
23435	23544	wire	0.0161575
23436	23545	wire	0.0161575
23437	23546	wire	0.0161575
23438	23547	wire	0.0161575
23439	23548	wire	0.0161575
23440	23549	wire	0.0161575
23441	23550	wire	0.0161575
23442	23551	wire	0.0161575
23443	23552	wire	0.0161575
23444	23553	wire	0.0161575
23445	23554	wire	0.0161575
23446	23555	wire	0.0161575
23447	23556	wire	0.0161575
23448	23557	wire	0.0161575
23449	23558	wire	0.0161575
23450	23559	wire	0.0161575
23451	23560	wire	0.0161575
23452	23561	wire	0.0161575
23453	23562	wire	0.0161575
23454	23563	wire	0.0161575
23455	23564	wire	0.0161575
23456	23565	wire	0.0161575
23457	23566	wire	0.0161575
23458	23567	wire	0.0161575
23459	23568	wire	0.0161575
23460	23569	wire	0.0161575
23461	23570	wire	0.0161575
23462	23571	wire	0.0161575
23463	23572	wire	0.0161575
23464	23573	wire	0.0161575
23465	23574	wire	0.0161575
23466	23575	wire	0.0161575
23467	23576	wire	0.0161575
23468	23577	wire	0.0161575
23469	23578	wire	0.0161575
23470	23579	wire	0.0161575
23471	23580	wire	0.0161575
23472	23581	wire	0.0161575
23473	23582	wire	0.0161575
23474	23583	wire	0.0161575
23475	23584	wire	0.0161575
23476	23585	wire	0.0161575
23477	23586	wire	0.0161575
23478	23587	wire	0.0161575
23479	23588	wire	0.0161575
23480	23589	wire	0.0161575
23481	23590	wire	0.0161575
23482	23591	wire	0.0161575
23483	23592	wire	0.0161575
23484	23593	wire	0.0161575
23485	23594	wire	0.0161575
23486	23595	wire	0.0161575
23487	23596	wire	0.0161575
23488	23597	wire	0.0161575
23489	23598	wire	0.0161575
23490	23599	wire	0.0161575
23491	23600	wire	0.0161575
23492	23601	wire	0.0161575
23493	23602	wire	0.0161575
23494	23603	wire	0.0161575
23495	23604	wire	0.0161575
23496	23605	wire	0.0161575
23497	23606	wire	0.0161575
23498	23607	wire	0.0161575
23499	23608	wire	0.0161575
23500	23609	wire	0.0161575
23501	23610	wire	0.0161575
23502	23611	wire	0.0161575
23503	23612	wire	0.0161575
23504	23613	wire	0.0161575
23505	23614	wire	0.0161575
23506	23615	wire	0.0161575
23507	23616	wire	0.0161575
23508	23617	wire	0.0161575
23509	23618	wire	0.0161575
23510	23619	wire	0.0161575
23511	23620	wire	0.0161575
23512	23621	wire	0.0161575
23513	23622	wire	0.0161575
23514	23623	wire	0.0161575
23515	23624	wire	0.0161575
23516	23625	wire	0.0161575
23517	23626	wire	0.0161575
23518	23627	wire	0.0161575
23519	23628	wire	0.0161575
23520	23629	wire	0.0161575
23521	23630	wire	0.0161575
23522	23631	wire	0.0161575
23523	23632	wire	0.0161575
23524	23633	wire	0.0161575
23525	23634	wire	0.0161575
23526	23635	wire	0.0161575
23527	23636	wire	0.0161575
23528	23637	wire	0.0161575
23529	23638	wire	0.0161575
23530	23639	wire	0.0161575
23531	23640	wire	0.0161575
23532	23641	wire	0.0161575
23533	23642	wire	0.0161575
23534	23643	wire	0.0161575
23535	23644	wire	0.0161575
23536	23645	wire	0.0161575
23537	23646	wire	0.0161575
23538	23647	wire	0.0161575
23539	23648	wire	0.0161575
23540	23649	wire	0.0161575
23541	23650	wire	0.0161575
23542	23651	wire	0.0161575
23543	23652	wire	0.0161575
23544	23653	wire	0.0161575
23545	23654	wire	0.0161575
23546	23655	wire	0.0161575
23547	23656	wire	0.0161575
23548	23657	wire	0.0161575
23549	23658	wire	0.0161575
23550	23659	wire	0.0161575
23551	23660	wire	0.0161575
23552	23661	wire	0.0161575
23553	23662	wire	0.0161575
23554	23663	wire	0.0161575
23555	23664	wire	0.0161575
23556	23665	wire	0.0161575
23557	23666	wire	0.0161575
23558	23667	wire	0.0161575
23559	23668	wire	0.0161575
23560	23669	wire	0.0161575
23561	23670	wire	0.0161575
23562	23671	wire	0.0161575
23563	23672	wire	0.0161575
23564	23673	wire	0.0161575
23565	23674	wire	0.0161575
23566	23675	wire	0.0161575
23567	23676	wire	0.0161575
23568	23677	wire	0.0161575
23569	23678	wire	0.0161575
23570	23679	wire	0.0161575
23571	23680	wire	0.0161575
23572	23681	wire	0.0161575
23573	23682	wire	0.0161575
23574	23683	wire	0.0161575
23575	23684	wire	0.0161575
23576	23685	wire	0.0161575
23577	23686	wire	0.0161575
23578	23687	wire	0.0161575
23579	23688	wire	0.0161575
23580	23689	wire	0.0161575
23581	23690	wire	0.0161575
23582	23691	wire	0.0161575
23583	23692	wire	0.0161575
23584	23693	wire	0.0161575
23585	23694	wire	0.0161575
23586	23695	wire	0.0161575
23587	23696	wire	0.0161575
23588	23697	wire	0.0161575
23589	23698	wire	0.0161575
23590	23699	wire	0.0161575
23591	23700	wire	0.0161575
23592	23701	wire	0.0161575
23593	23702	wire	0.0161575
23594	23703	wire	0.0161575
23595	23704	wire	0.0161575
23596	23705	wire	0.0161575
23597	23706	wire	0.0161575
23598	23707	wire	0.0161575
23599	23708	wire	0.0161575
23600	23709	wire	0.0161575
23601	23710	wire	0.0161575
23602	23711	wire	0.0161575
23603	23712	wire	0.0161575
23604	23713	wire	0.0161575
23605	23714	wire	0.0161575
23606	23715	wire	0.0161575
23607	23716	wire	0.0161575
23608	23717	wire	0.0161575
23609	23718	wire	0.0161575
23610	23719	wire	0.0161575
23611	23720	wire	0.0161575
23612	23721	wire	0.0161575
23613	23722	wire	0.0161575
23614	23723	wire	0.0161575
23615	23724	wire	0.0161575
23616	23725	wire	0.0161575
23617	23726	wire	0.0161575
23618	23727	wire	0.0161575
23619	23728	wire	0.0161575
23620	23729	wire	0.0161575
23621	23730	wire	0.0161575
23622	23731	wire	0.0161575
23623	23732	wire	0.0161575
23624	23733	wire	0.0161575
23625	23734	wire	0.0161575
23626	23735	wire	0.0161575
23627	23736	wire	0.0161575
23628	23737	wire	0.0161575
23629	23738	wire	0.0161575
23630	23739	wire	0.0161575
23631	23740	wire	0.0161575
23632	23741	wire	0.0161575
23633	23742	wire	0.0161575
23634	23743	wire	0.0161575
23635	23744	wire	0.0161575
23636	23745	wire	0.0161575
23637	23746	wire	0.0161575
23638	23747	wire	0.0161575
23639	23748	wire	0.0161575
23640	23749	wire	0.0161575
23641	23750	wire	0.0161575
23642	23751	wire	0.0161575
23643	23752	wire	0.0161575
23644	23753	wire	0.0161575
23645	23754	wire	0.0161575
23646	23755	wire	0.0161575
23647	23756	wire	0.0161575
23648	23757	wire	0.0161575
23649	23758	wire	0.0161575
23650	23759	wire	0.0161575
23651	23760	wire	0.0161575
23652	23761	wire	0.0161575
23653	23762	wire	0.0161575
23654	23763	wire	0.0161575
23655	23764	wire	0.0161575
23656	23765	wire	0.0161575
23657	23766	wire	0.0161575
23658	23767	wire	0.0161575
23659	23768	wire	0.0161575
23660	23769	wire	0.0161575
23661	23770	wire	0.0161575
23662	23771	wire	0.0161575
23663	23772	wire	0.0161575
23664	23773	wire	0.0161575
23665	23774	wire	0.0161575
23666	23775	wire	0.0161575
23667	23776	wire	0.0161575
23668	23777	wire	0.0161575
23669	23778	wire	0.0161575
23670	23779	wire	0.0161575
23671	23780	wire	0.0161575
23672	23781	wire	0.0161575
23673	23782	wire	0.0161575
23674	23783	wire	0.0161575
23675	23784	wire	0.0161575
23676	23785	wire	0.0161575
23677	23786	wire	0.0161575
23678	23787	wire	0.0161575
23679	23788	wire	0.0161575
23680	23789	wire	0.0161575
23681	23790	wire	0.0161575
23682	23791	wire	0.0161575
23683	23792	wire	0.0161575
23684	23793	wire	0.0161575
23685	23794	wire	0.0161575
23686	23795	wire	0.0161575
23687	23796	wire	0.0161575
23688	23797	wire	0.0161575
23689	23798	wire	0.0161575
23690	23799	wire	0.0161575
23691	23800	wire	0.0161575
23692	23801	wire	0.0161575
23693	23802	wire	0.0161575
23694	23803	wire	0.0161575
23695	23804	wire	0.0161575
23696	23805	wire	0.0161575
23697	23806	wire	0.0161575
23698	23807	wire	0.0161575
23699	23808	wire	0.0161575
23700	23809	wire	0.0161575
23701	23810	wire	0.0161575
23702	23811	wire	0.0161575
23703	23812	wire	0.0161575
23704	23813	wire	0.0161575
23705	23814	wire	0.0161575
23706	23815	wire	0.0161575
23707	23816	wire	0.0161575
23708	23817	wire	0.0161575
23709	23818	wire	0.0161575
23710	23819	wire	0.0161575
23711	23820	wire	0.0161575
23712	23821	wire	0.0161575
23713	23822	wire	0.0161575
23714	23823	wire	0.0161575
23715	23824	wire	0.0161575
23716	23825	wire	0.0161575
23717	23826	wire	0.0161575
23718	23827	wire	0.0161575
23719	23828	wire	0.0161575
23720	23829	wire	0.0161575
23721	23830	wire	0.0161575
23722	23831	wire	0.0161575
23723	23832	wire	0.0161575
23724	23833	wire	0.0161575
23725	23834	wire	0.0161575
23726	23835	wire	0.0161575
23727	23836	wire	0.0161575
23728	23837	wire	0.0161575
23729	23838	wire	0.0161575
23730	23839	wire	0.0161575
23731	23840	wire	0.0161575
23732	23841	wire	0.0161575
23733	23842	wire	0.0161575
23734	23843	wire	0.0161575
23735	23844	wire	0.0161575
23736	23845	wire	0.0161575
23737	23846	wire	0.0161575
23738	23847	wire	0.0161575
23739	23848	wire	0.0161575
23740	23849	wire	0.0161575
23741	23850	wire	0.0161575
23742	23851	wire	0.0161575
23743	23852	wire	0.0161575
23744	23853	wire	0.0161575
23745	23854	wire	0.0161575
23746	23855	wire	0.0161575
23747	23856	wire	0.0161575
23748	23857	wire	0.0161575
23749	23858	wire	0.0161575
23750	23859	wire	0.0161575
23751	23860	wire	0.0161575
23752	23861	wire	0.0161575
23753	23862	wire	0.0161575
23754	23863	wire	0.0161575
23755	23864	wire	0.0161575
23756	23865	wire	0.0161575
23757	23866	wire	0.0161575
23758	23867	wire	0.0161575
23759	23868	wire	0.0161575
23760	23869	wire	0.0161575
23761	23870	wire	0.0161575
23762	23871	wire	0.0161575
23763	23872	wire	0.0161575
23764	23873	wire	0.0161575
23765	23874	wire	0.0161575
23766	23875	wire	0.0161575
23767	23876	wire	0.0161575
23768	23877	wire	0.0161575
23769	23878	wire	0.0161575
23770	23879	wire	0.0161575
23771	23880	wire	0.0161575
23772	23881	wire	0.0161575
23773	23882	wire	0.0161575
23774	23883	wire	0.0161575
23775	23884	wire	0.0161575
23776	23885	wire	0.0161575
23777	23886	wire	0.0161575
23778	23887	wire	0.0161575
23779	23888	wire	0.0161575
23780	23889	wire	0.0161575
23781	23890	wire	0.0161575
23782	23891	wire	0.0161575
23783	23892	wire	0.0161575
23784	23893	wire	0.0161575
23785	23894	wire	0.0161575
23786	23895	wire	0.0161575
23787	23896	wire	0.0161575
23788	23897	wire	0.0161575
23789	23898	wire	0.0161575
23790	23899	wire	0.0161575
23791	23900	wire	0.0161575
23792	23901	wire	0.0161575
23793	23902	wire	0.0161575
23794	23903	wire	0.0161575
23795	23904	wire	0.0161575
23796	23905	wire	0.0161575
23797	23906	wire	0.0161575
23798	23907	wire	0.0161575
23799	23908	wire	0.0161575
23800	23909	wire	0.0161575
23801	23910	wire	0.0161575
23802	23911	wire	0.0161575
23803	23912	wire	0.0161575
23804	23913	wire	0.0161575
23805	23914	wire	0.0161575
23806	23915	wire	0.0161575
23807	23916	wire	0.0161575
23808	23917	wire	0.0161575
23809	23918	wire	0.0161575
23810	23919	wire	0.0161575
23811	23920	wire	0.0161575
23812	23921	wire	0.0161575
23813	23922	wire	0.0161575
23814	23923	wire	0.0161575
23815	23924	wire	0.0161575
23816	23925	wire	0.0161575
23817	23926	wire	0.0161575
23818	23927	wire	0.0161575
23819	23928	wire	0.0161575
23820	23929	wire	0.0161575
23821	23930	wire	0.0161575
23822	23931	wire	0.0161575
23823	23932	wire	0.0161575
23824	23933	wire	0.0161575
23825	23934	wire	0.0161575
23826	23935	wire	0.0161575
23827	23936	wire	0.0161575
23828	23937	wire	0.0161575
23829	23938	wire	0.0161575
23830	23939	wire	0.0161575
23831	23940	wire	0.0161575
23832	23941	wire	0.0161575
23833	23942	wire	0.0161575
23834	23943	wire	0.0161575
23944	23945	wire	0.0056589
23945	23946	wire	0.0056589
23946	23947	wire	0.0056589
23947	23948	wire	0.0056589
23948	23949	wire	0.0056589
23949	23950	wire	0.0056589
23950	23951	wire	0.0056589
23951	23952	wire	0.0056589
23952	23953	wire	0.0056589
23953	23954	wire	0.0056589
23954	23955	wire	0.0056589
23955	23956	wire	0.0056589
23956	23957	wire	0.0056589
23957	23958	wire	0.0056589
23958	23959	wire	0.0056589
23959	23960	wire	0.0056589
23960	23961	wire	0.0056589
23961	23962	wire	0.0056589
23962	23963	wire	0.0056589
23963	23964	wire	0.0056589
23964	23965	wire	0.0056589
23965	23966	wire	0.0056589
23966	23967	wire	0.0056589
23967	23968	wire	0.0056589
23968	23969	wire	0.0056589
23969	23970	wire	0.0056589
23970	23971	wire	0.0056589
23971	23972	wire	0.0056589
23972	23973	wire	0.0056589
23973	23974	wire	0.0056589
23974	23975	wire	0.0056589
23975	23976	wire	0.0056589
23976	23977	wire	0.0056589
23977	23978	wire	0.0056589
23978	23979	wire	0.0056589
23979	23980	wire	0.0056589
23981	23982	wire	0.0056589
23982	23983	wire	0.0056589
23983	23984	wire	0.0056589
23984	23985	wire	0.0056589
23985	23986	wire	0.0056589
23986	23987	wire	0.0056589
23987	23988	wire	0.0056589
23988	23989	wire	0.0056589
23989	23990	wire	0.0056589
23990	23991	wire	0.0056589
23991	23992	wire	0.0056589
23992	23993	wire	0.0056589
23993	23994	wire	0.0056589
23994	23995	wire	0.0056589
23995	23996	wire	0.0056589
23996	23997	wire	0.0056589
23997	23998	wire	0.0056589
23998	23999	wire	0.0056589
23999	24000	wire	0.0056589
24000	24001	wire	0.0056589
24001	24002	wire	0.0056589
24002	24003	wire	0.0056589
24003	24004	wire	0.0056589
24004	24005	wire	0.0056589
24005	24006	wire	0.0056589
24006	24007	wire	0.0056589
24007	24008	wire	0.0056589
24008	24009	wire	0.0056589
24009	24010	wire	0.0056589
24010	24011	wire	0.0056589
24011	24012	wire	0.0056589
24012	24013	wire	0.0056589
24013	24014	wire	0.0056589
24014	24015	wire	0.0056589
24015	24016	wire	0.0056589
24016	24017	wire	0.0056589
24018	24019	wire	0.0056589
24019	24020	wire	0.0056589
24020	24021	wire	0.0056589
24021	24022	wire	0.0056589
24022	24023	wire	0.0056589
24023	24024	wire	0.0056589
24024	24025	wire	0.0056589
24025	24026	wire	0.0056589
24026	24027	wire	0.0056589
24027	24028	wire	0.0056589
24028	24029	wire	0.0056589
24029	24030	wire	0.0056589
24030	24031	wire	0.0056589
24031	24032	wire	0.0056589
24032	24033	wire	0.0056589
24033	24034	wire	0.0056589
24034	24035	wire	0.0056589
24035	24036	wire	0.0056589
24036	24037	wire	0.0056589
24037	24038	wire	0.0056589
24038	24039	wire	0.0056589
24039	24040	wire	0.0056589
24040	24041	wire	0.0056589
24041	24042	wire	0.0056589
24042	24043	wire	0.0056589
24043	24044	wire	0.0056589
24044	24045	wire	0.0056589
24045	24046	wire	0.0056589
24046	24047	wire	0.0056589
24047	24048	wire	0.0056589
24048	24049	wire	0.0056589
24049	24050	wire	0.0056589
24050	24051	wire	0.0056589
24051	24052	wire	0.0056589
24052	24053	wire	0.0056589
24053	24054	wire	0.0056589
24055	24056	wire	0.0056589
24056	24057	wire	0.0056589
24057	24058	wire	0.0056589
24058	24059	wire	0.0056589
24059	24060	wire	0.0056589
24060	24061	wire	0.0056589
24061	24062	wire	0.0056589
24062	24063	wire	0.0056589
24063	24064	wire	0.0056589
24064	24065	wire	0.0056589
24065	24066	wire	0.0056589
24066	24067	wire	0.0056589
24067	24068	wire	0.0056589
24068	24069	wire	0.0056589
24069	24070	wire	0.0056589
24070	24071	wire	0.0056589
24071	24072	wire	0.0056589
24072	24073	wire	0.0056589
24073	24074	wire	0.0056589
24074	24075	wire	0.0056589
24075	24076	wire	0.0056589
24076	24077	wire	0.0056589
24077	24078	wire	0.0056589
24078	24079	wire	0.0056589
24079	24080	wire	0.0056589
24080	24081	wire	0.0056589
24081	24082	wire	0.0056589
24082	24083	wire	0.0056589
24083	24084	wire	0.0056589
24084	24085	wire	0.0056589
24085	24086	wire	0.0056589
24086	24087	wire	0.0056589
24087	24088	wire	0.0056589
24088	24089	wire	0.0056589
24089	24090	wire	0.0056589
24090	24091	wire	0.0056589
24092	24093	wire	0.0056589
24093	24094	wire	0.0056589
24094	24095	wire	0.0056589
24095	24096	wire	0.0056589
24096	24097	wire	0.0056589
24097	24098	wire	0.0056589
24098	24099	wire	0.0056589
24099	24100	wire	0.0056589
24100	24101	wire	0.0056589
24101	24102	wire	0.0056589
24102	24103	wire	0.0056589
24103	24104	wire	0.0056589
24104	24105	wire	0.0056589
24105	24106	wire	0.0056589
24106	24107	wire	0.0056589
24107	24108	wire	0.0056589
24108	24109	wire	0.0056589
24109	24110	wire	0.0056589
24110	24111	wire	0.0056589
24111	24112	wire	0.0056589
24112	24113	wire	0.0056589
24113	24114	wire	0.0056589
24114	24115	wire	0.0056589
24115	24116	wire	0.0056589
24116	24117	wire	0.0056589
24117	24118	wire	0.0056589
24118	24119	wire	0.0056589
24119	24120	wire	0.0056589
24120	24121	wire	0.0056589
24121	24122	wire	0.0056589
24122	24123	wire	0.0056589
24123	24124	wire	0.0056589
24124	24125	wire	0.0056589
24125	24126	wire	0.0056589
24126	24127	wire	0.0056589
24127	24128	wire	0.0056589
24129	24130	wire	0.0056589
24130	24131	wire	0.0056589
24131	24132	wire	0.0056589
24132	24133	wire	0.0056589
24133	24134	wire	0.0056589
24134	24135	wire	0.0056589
24135	24136	wire	0.0056589
24136	24137	wire	0.0056589
24137	24138	wire	0.0056589
24138	24139	wire	0.0056589
24139	24140	wire	0.0056589
24140	24141	wire	0.0056589
24141	24142	wire	0.0056589
24142	24143	wire	0.0056589
24143	24144	wire	0.0056589
24144	24145	wire	0.0056589
24145	24146	wire	0.0056589
24146	24147	wire	0.0056589
24147	24148	wire	0.0056589
24148	24149	wire	0.0056589
24149	24150	wire	0.0056589
24150	24151	wire	0.0056589
24151	24152	wire	0.0056589
24152	24153	wire	0.0056589
24153	24154	wire	0.0056589
24154	24155	wire	0.0056589
24155	24156	wire	0.0056589
24156	24157	wire	0.0056589
24157	24158	wire	0.0056589
24158	24159	wire	0.0056589
24159	24160	wire	0.0056589
24160	24161	wire	0.0056589
24161	24162	wire	0.0056589
24162	24163	wire	0.0056589
24163	24164	wire	0.0056589
24164	24165	wire	0.0056589
24166	24167	wire	0.0056589
24167	24168	wire	0.0056589
24168	24169	wire	0.0056589
24169	24170	wire	0.0056589
24170	24171	wire	0.0056589
24171	24172	wire	0.0056589
24172	24173	wire	0.0056589
24173	24174	wire	0.0056589
24174	24175	wire	0.0056589
24175	24176	wire	0.0056589
24176	24177	wire	0.0056589
24177	24178	wire	0.0056589
24178	24179	wire	0.0056589
24179	24180	wire	0.0056589
24180	24181	wire	0.0056589
24181	24182	wire	0.0056589
24182	24183	wire	0.0056589
24183	24184	wire	0.0056589
24184	24185	wire	0.0056589
24185	24186	wire	0.0056589
24186	24187	wire	0.0056589
24187	24188	wire	0.0056589
24188	24189	wire	0.0056589
24189	24190	wire	0.0056589
24190	24191	wire	0.0056589
24191	24192	wire	0.0056589
24192	24193	wire	0.0056589
24193	24194	wire	0.0056589
24194	24195	wire	0.0056589
24195	24196	wire	0.0056589
24196	24197	wire	0.0056589
24197	24198	wire	0.0056589
24198	24199	wire	0.0056589
24199	24200	wire	0.0056589
24200	24201	wire	0.0056589
24201	24202	wire	0.0056589
24203	24204	wire	0.0056589
24204	24205	wire	0.0056589
24205	24206	wire	0.0056589
24206	24207	wire	0.0056589
24207	24208	wire	0.0056589
24208	24209	wire	0.0056589
24209	24210	wire	0.0056589
24210	24211	wire	0.0056589
24211	24212	wire	0.0056589
24212	24213	wire	0.0056589
24213	24214	wire	0.0056589
24214	24215	wire	0.0056589
24215	24216	wire	0.0056589
24216	24217	wire	0.0056589
24217	24218	wire	0.0056589
24218	24219	wire	0.0056589
24219	24220	wire	0.0056589
24220	24221	wire	0.0056589
24221	24222	wire	0.0056589
24222	24223	wire	0.0056589
24223	24224	wire	0.0056589
24224	24225	wire	0.0056589
24225	24226	wire	0.0056589
24226	24227	wire	0.0056589
24227	24228	wire	0.0056589
24228	24229	wire	0.0056589
24229	24230	wire	0.0056589
24230	24231	wire	0.0056589
24231	24232	wire	0.0056589
24232	24233	wire	0.0056589
24233	24234	wire	0.0056589
24234	24235	wire	0.0056589
24235	24236	wire	0.0056589
24236	24237	wire	0.0056589
24237	24238	wire	0.0056589
24238	24239	wire	0.0056589
24240	24241	wire	0.0056589
24241	24242	wire	0.0056589
24242	24243	wire	0.0056589
24243	24244	wire	0.0056589
24244	24245	wire	0.0056589
24245	24246	wire	0.0056589
24246	24247	wire	0.0056589
24247	24248	wire	0.0056589
24248	24249	wire	0.0056589
24249	24250	wire	0.0056589
24250	24251	wire	0.0056589
24251	24252	wire	0.0056589
24252	24253	wire	0.0056589
24253	24254	wire	0.0056589
24254	24255	wire	0.0056589
24255	24256	wire	0.0056589
24256	24257	wire	0.0056589
24257	24258	wire	0.0056589
24258	24259	wire	0.0056589
24259	24260	wire	0.0056589
24260	24261	wire	0.0056589
24261	24262	wire	0.0056589
24262	24263	wire	0.0056589
24263	24264	wire	0.0056589
24264	24265	wire	0.0056589
24265	24266	wire	0.0056589
24266	24267	wire	0.0056589
24267	24268	wire	0.0056589
24268	24269	wire	0.0056589
24269	24270	wire	0.0056589
24270	24271	wire	0.0056589
24271	24272	wire	0.0056589
24272	24273	wire	0.0056589
24273	24274	wire	0.0056589
24274	24275	wire	0.0056589
24275	24276	wire	0.0056589
24277	24278	wire	0.0056589
24278	24279	wire	0.0056589
24279	24280	wire	0.0056589
24280	24281	wire	0.0056589
24281	24282	wire	0.0056589
24282	24283	wire	0.0056589
24283	24284	wire	0.0056589
24284	24285	wire	0.0056589
24285	24286	wire	0.0056589
24286	24287	wire	0.0056589
24287	24288	wire	0.0056589
24288	24289	wire	0.0056589
24289	24290	wire	0.0056589
24290	24291	wire	0.0056589
24291	24292	wire	0.0056589
24292	24293	wire	0.0056589
24293	24294	wire	0.0056589
24294	24295	wire	0.0056589
24295	24296	wire	0.0056589
24296	24297	wire	0.0056589
24297	24298	wire	0.0056589
24298	24299	wire	0.0056589
24299	24300	wire	0.0056589
24300	24301	wire	0.0056589
24301	24302	wire	0.0056589
24302	24303	wire	0.0056589
24303	24304	wire	0.0056589
24304	24305	wire	0.0056589
24305	24306	wire	0.0056589
24306	24307	wire	0.0056589
24307	24308	wire	0.0056589
24308	24309	wire	0.0056589
24309	24310	wire	0.0056589
24310	24311	wire	0.0056589
24311	24312	wire	0.0056589
24312	24313	wire	0.0056589
24314	24315	wire	0.0056589
24315	24316	wire	0.0056589
24316	24317	wire	0.0056589
24317	24318	wire	0.0056589
24318	24319	wire	0.0056589
24319	24320	wire	0.0056589
24320	24321	wire	0.0056589
24321	24322	wire	0.0056589
24322	24323	wire	0.0056589
24323	24324	wire	0.0056589
24324	24325	wire	0.0056589
24325	24326	wire	0.0056589
24326	24327	wire	0.0056589
24327	24328	wire	0.0056589
24328	24329	wire	0.0056589
24329	24330	wire	0.0056589
24330	24331	wire	0.0056589
24331	24332	wire	0.0056589
24332	24333	wire	0.0056589
24333	24334	wire	0.0056589
24334	24335	wire	0.0056589
24335	24336	wire	0.0056589
24336	24337	wire	0.0056589
24337	24338	wire	0.0056589
24338	24339	wire	0.0056589
24339	24340	wire	0.0056589
24340	24341	wire	0.0056589
24341	24342	wire	0.0056589
24342	24343	wire	0.0056589
24343	24344	wire	0.0056589
24344	24345	wire	0.0056589
24345	24346	wire	0.0056589
24346	24347	wire	0.0056589
24347	24348	wire	0.0056589
24348	24349	wire	0.0056589
24349	24350	wire	0.0056589
24351	24352	wire	0.0056589
24352	24353	wire	0.0056589
24353	24354	wire	0.0056589
24354	24355	wire	0.0056589
24355	24356	wire	0.0056589
24356	24357	wire	0.0056589
24357	24358	wire	0.0056589
24358	24359	wire	0.0056589
24359	24360	wire	0.0056589
24360	24361	wire	0.0056589
24361	24362	wire	0.0056589
24362	24363	wire	0.0056589
24363	24364	wire	0.0056589
24364	24365	wire	0.0056589
24365	24366	wire	0.0056589
24366	24367	wire	0.0056589
24367	24368	wire	0.0056589
24368	24369	wire	0.0056589
24369	24370	wire	0.0056589
24370	24371	wire	0.0056589
24371	24372	wire	0.0056589
24372	24373	wire	0.0056589
24373	24374	wire	0.0056589
24374	24375	wire	0.0056589
24375	24376	wire	0.0056589
24376	24377	wire	0.0056589
24377	24378	wire	0.0056589
24378	24379	wire	0.0056589
24379	24380	wire	0.0056589
24380	24381	wire	0.0056589
24381	24382	wire	0.0056589
24382	24383	wire	0.0056589
24383	24384	wire	0.0056589
24384	24385	wire	0.0056589
24385	24386	wire	0.0056589
24386	24387	wire	0.0056589
24388	24389	wire	0.0056589
24389	24390	wire	0.0056589
24390	24391	wire	0.0056589
24391	24392	wire	0.0056589
24392	24393	wire	0.0056589
24393	24394	wire	0.0056589
24394	24395	wire	0.0056589
24395	24396	wire	0.0056589
24396	24397	wire	0.0056589
24397	24398	wire	0.0056589
24398	24399	wire	0.0056589
24399	24400	wire	0.0056589
24400	24401	wire	0.0056589
24401	24402	wire	0.0056589
24402	24403	wire	0.0056589
24403	24404	wire	0.0056589
24404	24405	wire	0.0056589
24405	24406	wire	0.0056589
24406	24407	wire	0.0056589
24407	24408	wire	0.0056589
24408	24409	wire	0.0056589
24409	24410	wire	0.0056589
24410	24411	wire	0.0056589
24411	24412	wire	0.0056589
24412	24413	wire	0.0056589
24413	24414	wire	0.0056589
24414	24415	wire	0.0056589
24415	24416	wire	0.0056589
24416	24417	wire	0.0056589
24417	24418	wire	0.0056589
24418	24419	wire	0.0056589
24419	24420	wire	0.0056589
24420	24421	wire	0.0056589
24421	24422	wire	0.0056589
24422	24423	wire	0.0056589
24423	24424	wire	0.0056589
24425	24426	wire	0.0056589
24426	24427	wire	0.0056589
24427	24428	wire	0.0056589
24428	24429	wire	0.0056589
24429	24430	wire	0.0056589
24430	24431	wire	0.0056589
24431	24432	wire	0.0056589
24432	24433	wire	0.0056589
24433	24434	wire	0.0056589
24434	24435	wire	0.0056589
24435	24436	wire	0.0056589
24436	24437	wire	0.0056589
24437	24438	wire	0.0056589
24438	24439	wire	0.0056589
24439	24440	wire	0.0056589
24440	24441	wire	0.0056589
24441	24442	wire	0.0056589
24442	24443	wire	0.0056589
24443	24444	wire	0.0056589
24444	24445	wire	0.0056589
24445	24446	wire	0.0056589
24446	24447	wire	0.0056589
24447	24448	wire	0.0056589
24448	24449	wire	0.0056589
24449	24450	wire	0.0056589
24450	24451	wire	0.0056589
24451	24452	wire	0.0056589
24452	24453	wire	0.0056589
24453	24454	wire	0.0056589
24454	24455	wire	0.0056589
24455	24456	wire	0.0056589
24456	24457	wire	0.0056589
24457	24458	wire	0.0056589
24458	24459	wire	0.0056589
24459	24460	wire	0.0056589
24460	24461	wire	0.0056589
24462	24463	wire	0.0056589
24463	24464	wire	0.0056589
24464	24465	wire	0.0056589
24465	24466	wire	0.0056589
24466	24467	wire	0.0056589
24467	24468	wire	0.0056589
24468	24469	wire	0.0056589
24469	24470	wire	0.0056589
24470	24471	wire	0.0056589
24471	24472	wire	0.0056589
24472	24473	wire	0.0056589
24473	24474	wire	0.0056589
24474	24475	wire	0.0056589
24475	24476	wire	0.0056589
24476	24477	wire	0.0056589
24477	24478	wire	0.0056589
24478	24479	wire	0.0056589
24479	24480	wire	0.0056589
24480	24481	wire	0.0056589
24481	24482	wire	0.0056589
24482	24483	wire	0.0056589
24483	24484	wire	0.0056589
24484	24485	wire	0.0056589
24485	24486	wire	0.0056589
24486	24487	wire	0.0056589
24487	24488	wire	0.0056589
24488	24489	wire	0.0056589
24489	24490	wire	0.0056589
24490	24491	wire	0.0056589
24491	24492	wire	0.0056589
24492	24493	wire	0.0056589
24493	24494	wire	0.0056589
24494	24495	wire	0.0056589
24495	24496	wire	0.0056589
24496	24497	wire	0.0056589
24497	24498	wire	0.0056589
24499	24500	wire	0.0056589
24500	24501	wire	0.0056589
24501	24502	wire	0.0056589
24502	24503	wire	0.0056589
24503	24504	wire	0.0056589
24504	24505	wire	0.0056589
24505	24506	wire	0.0056589
24506	24507	wire	0.0056589
24507	24508	wire	0.0056589
24508	24509	wire	0.0056589
24509	24510	wire	0.0056589
24510	24511	wire	0.0056589
24511	24512	wire	0.0056589
24512	24513	wire	0.0056589
24513	24514	wire	0.0056589
24514	24515	wire	0.0056589
24515	24516	wire	0.0056589
24516	24517	wire	0.0056589
24517	24518	wire	0.0056589
24518	24519	wire	0.0056589
24519	24520	wire	0.0056589
24520	24521	wire	0.0056589
24521	24522	wire	0.0056589
24522	24523	wire	0.0056589
24523	24524	wire	0.0056589
24524	24525	wire	0.0056589
24525	24526	wire	0.0056589
24526	24527	wire	0.0056589
24527	24528	wire	0.0056589
24528	24529	wire	0.0056589
24529	24530	wire	0.0056589
24530	24531	wire	0.0056589
24531	24532	wire	0.0056589
24532	24533	wire	0.0056589
24533	24534	wire	0.0056589
24534	24535	wire	0.0056589
24536	24537	wire	0.0056589
24537	24538	wire	0.0056589
24538	24539	wire	0.0056589
24539	24540	wire	0.0056589
24540	24541	wire	0.0056589
24541	24542	wire	0.0056589
24542	24543	wire	0.0056589
24543	24544	wire	0.0056589
24544	24545	wire	0.0056589
24545	24546	wire	0.0056589
24546	24547	wire	0.0056589
24547	24548	wire	0.0056589
24548	24549	wire	0.0056589
24549	24550	wire	0.0056589
24550	24551	wire	0.0056589
24551	24552	wire	0.0056589
24552	24553	wire	0.0056589
24553	24554	wire	0.0056589
24554	24555	wire	0.0056589
24555	24556	wire	0.0056589
24556	24557	wire	0.0056589
24557	24558	wire	0.0056589
24558	24559	wire	0.0056589
24559	24560	wire	0.0056589
24560	24561	wire	0.0056589
24561	24562	wire	0.0056589
24562	24563	wire	0.0056589
24563	24564	wire	0.0056589
24564	24565	wire	0.0056589
24565	24566	wire	0.0056589
24566	24567	wire	0.0056589
24567	24568	wire	0.0056589
24568	24569	wire	0.0056589
24569	24570	wire	0.0056589
24570	24571	wire	0.0056589
24571	24572	wire	0.0056589
24573	24574	wire	0.0056589
24574	24575	wire	0.0056589
24575	24576	wire	0.0056589
24576	24577	wire	0.0056589
24577	24578	wire	0.0056589
24578	24579	wire	0.0056589
24579	24580	wire	0.0056589
24580	24581	wire	0.0056589
24581	24582	wire	0.0056589
24582	24583	wire	0.0056589
24583	24584	wire	0.0056589
24584	24585	wire	0.0056589
24585	24586	wire	0.0056589
24586	24587	wire	0.0056589
24587	24588	wire	0.0056589
24588	24589	wire	0.0056589
24589	24590	wire	0.0056589
24590	24591	wire	0.0056589
24591	24592	wire	0.0056589
24592	24593	wire	0.0056589
24593	24594	wire	0.0056589
24594	24595	wire	0.0056589
24595	24596	wire	0.0056589
24596	24597	wire	0.0056589
24597	24598	wire	0.0056589
24598	24599	wire	0.0056589
24599	24600	wire	0.0056589
24600	24601	wire	0.0056589
24601	24602	wire	0.0056589
24602	24603	wire	0.0056589
24603	24604	wire	0.0056589
24604	24605	wire	0.0056589
24605	24606	wire	0.0056589
24606	24607	wire	0.0056589
24607	24608	wire	0.0056589
24608	24609	wire	0.0056589
24610	24611	wire	0.0056589
24611	24612	wire	0.0056589
24612	24613	wire	0.0056589
24613	24614	wire	0.0056589
24614	24615	wire	0.0056589
24615	24616	wire	0.0056589
24616	24617	wire	0.0056589
24617	24618	wire	0.0056589
24618	24619	wire	0.0056589
24619	24620	wire	0.0056589
24620	24621	wire	0.0056589
24621	24622	wire	0.0056589
24622	24623	wire	0.0056589
24623	24624	wire	0.0056589
24624	24625	wire	0.0056589
24625	24626	wire	0.0056589
24626	24627	wire	0.0056589
24627	24628	wire	0.0056589
24628	24629	wire	0.0056589
24629	24630	wire	0.0056589
24630	24631	wire	0.0056589
24631	24632	wire	0.0056589
24632	24633	wire	0.0056589
24633	24634	wire	0.0056589
24634	24635	wire	0.0056589
24635	24636	wire	0.0056589
24636	24637	wire	0.0056589
24637	24638	wire	0.0056589
24638	24639	wire	0.0056589
24639	24640	wire	0.0056589
24640	24641	wire	0.0056589
24641	24642	wire	0.0056589
24642	24643	wire	0.0056589
24643	24644	wire	0.0056589
24644	24645	wire	0.0056589
24645	24646	wire	0.0056589
24647	24648	wire	0.0056589
24648	24649	wire	0.0056589
24649	24650	wire	0.0056589
24650	24651	wire	0.0056589
24651	24652	wire	0.0056589
24652	24653	wire	0.0056589
24653	24654	wire	0.0056589
24654	24655	wire	0.0056589
24655	24656	wire	0.0056589
24656	24657	wire	0.0056589
24657	24658	wire	0.0056589
24658	24659	wire	0.0056589
24659	24660	wire	0.0056589
24660	24661	wire	0.0056589
24661	24662	wire	0.0056589
24662	24663	wire	0.0056589
24663	24664	wire	0.0056589
24664	24665	wire	0.0056589
24665	24666	wire	0.0056589
24666	24667	wire	0.0056589
24667	24668	wire	0.0056589
24668	24669	wire	0.0056589
24669	24670	wire	0.0056589
24670	24671	wire	0.0056589
24671	24672	wire	0.0056589
24672	24673	wire	0.0056589
24673	24674	wire	0.0056589
24674	24675	wire	0.0056589
24675	24676	wire	0.0056589
24676	24677	wire	0.0056589
24677	24678	wire	0.0056589
24678	24679	wire	0.0056589
24679	24680	wire	0.0056589
24680	24681	wire	0.0056589
24681	24682	wire	0.0056589
24682	24683	wire	0.0056589
24684	24685	wire	0.0056589
24685	24686	wire	0.0056589
24686	24687	wire	0.0056589
24687	24688	wire	0.0056589
24688	24689	wire	0.0056589
24689	24690	wire	0.0056589
24690	24691	wire	0.0056589
24691	24692	wire	0.0056589
24692	24693	wire	0.0056589
24693	24694	wire	0.0056589
24694	24695	wire	0.0056589
24695	24696	wire	0.0056589
24696	24697	wire	0.0056589
24697	24698	wire	0.0056589
24698	24699	wire	0.0056589
24699	24700	wire	0.0056589
24700	24701	wire	0.0056589
24701	24702	wire	0.0056589
24702	24703	wire	0.0056589
24703	24704	wire	0.0056589
24704	24705	wire	0.0056589
24705	24706	wire	0.0056589
24706	24707	wire	0.0056589
24707	24708	wire	0.0056589
24708	24709	wire	0.0056589
24709	24710	wire	0.0056589
24710	24711	wire	0.0056589
24711	24712	wire	0.0056589
24712	24713	wire	0.0056589
24713	24714	wire	0.0056589
24714	24715	wire	0.0056589
24715	24716	wire	0.0056589
24716	24717	wire	0.0056589
24717	24718	wire	0.0056589
24718	24719	wire	0.0056589
24719	24720	wire	0.0056589
24721	24722	wire	0.0056589
24722	24723	wire	0.0056589
24723	24724	wire	0.0056589
24724	24725	wire	0.0056589
24725	24726	wire	0.0056589
24726	24727	wire	0.0056589
24727	24728	wire	0.0056589
24728	24729	wire	0.0056589
24729	24730	wire	0.0056589
24730	24731	wire	0.0056589
24731	24732	wire	0.0056589
24732	24733	wire	0.0056589
24733	24734	wire	0.0056589
24734	24735	wire	0.0056589
24735	24736	wire	0.0056589
24736	24737	wire	0.0056589
24737	24738	wire	0.0056589
24738	24739	wire	0.0056589
24739	24740	wire	0.0056589
24740	24741	wire	0.0056589
24741	24742	wire	0.0056589
24742	24743	wire	0.0056589
24743	24744	wire	0.0056589
24744	24745	wire	0.0056589
24745	24746	wire	0.0056589
24746	24747	wire	0.0056589
24747	24748	wire	0.0056589
24748	24749	wire	0.0056589
24749	24750	wire	0.0056589
24750	24751	wire	0.0056589
24751	24752	wire	0.0056589
24752	24753	wire	0.0056589
24753	24754	wire	0.0056589
24754	24755	wire	0.0056589
24755	24756	wire	0.0056589
24756	24757	wire	0.0056589
24758	24759	wire	0.0056589
24759	24760	wire	0.0056589
24760	24761	wire	0.0056589
24761	24762	wire	0.0056589
24762	24763	wire	0.0056589
24763	24764	wire	0.0056589
24764	24765	wire	0.0056589
24765	24766	wire	0.0056589
24766	24767	wire	0.0056589
24767	24768	wire	0.0056589
24768	24769	wire	0.0056589
24769	24770	wire	0.0056589
24770	24771	wire	0.0056589
24771	24772	wire	0.0056589
24772	24773	wire	0.0056589
24773	24774	wire	0.0056589
24774	24775	wire	0.0056589
24775	24776	wire	0.0056589
24776	24777	wire	0.0056589
24777	24778	wire	0.0056589
24778	24779	wire	0.0056589
24779	24780	wire	0.0056589
24780	24781	wire	0.0056589
24781	24782	wire	0.0056589
24782	24783	wire	0.0056589
24783	24784	wire	0.0056589
24784	24785	wire	0.0056589
24785	24786	wire	0.0056589
24786	24787	wire	0.0056589
24787	24788	wire	0.0056589
24788	24789	wire	0.0056589
24789	24790	wire	0.0056589
24790	24791	wire	0.0056589
24791	24792	wire	0.0056589
24792	24793	wire	0.0056589
24793	24794	wire	0.0056589
24795	24796	wire	0.0056589
24796	24797	wire	0.0056589
24797	24798	wire	0.0056589
24798	24799	wire	0.0056589
24799	24800	wire	0.0056589
24800	24801	wire	0.0056589
24801	24802	wire	0.0056589
24802	24803	wire	0.0056589
24803	24804	wire	0.0056589
24804	24805	wire	0.0056589
24805	24806	wire	0.0056589
24806	24807	wire	0.0056589
24807	24808	wire	0.0056589
24808	24809	wire	0.0056589
24809	24810	wire	0.0056589
24810	24811	wire	0.0056589
24811	24812	wire	0.0056589
24812	24813	wire	0.0056589
24813	24814	wire	0.0056589
24814	24815	wire	0.0056589
24815	24816	wire	0.0056589
24816	24817	wire	0.0056589
24817	24818	wire	0.0056589
24818	24819	wire	0.0056589
24819	24820	wire	0.0056589
24820	24821	wire	0.0056589
24821	24822	wire	0.0056589
24822	24823	wire	0.0056589
24823	24824	wire	0.0056589
24824	24825	wire	0.0056589
24825	24826	wire	0.0056589
24826	24827	wire	0.0056589
24827	24828	wire	0.0056589
24828	24829	wire	0.0056589
24829	24830	wire	0.0056589
24830	24831	wire	0.0056589
24832	24833	wire	0.0056589
24833	24834	wire	0.0056589
24834	24835	wire	0.0056589
24835	24836	wire	0.0056589
24836	24837	wire	0.0056589
24837	24838	wire	0.0056589
24838	24839	wire	0.0056589
24839	24840	wire	0.0056589
24840	24841	wire	0.0056589
24841	24842	wire	0.0056589
24842	24843	wire	0.0056589
24843	24844	wire	0.0056589
24844	24845	wire	0.0056589
24845	24846	wire	0.0056589
24846	24847	wire	0.0056589
24847	24848	wire	0.0056589
24848	24849	wire	0.0056589
24849	24850	wire	0.0056589
24850	24851	wire	0.0056589
24851	24852	wire	0.0056589
24852	24853	wire	0.0056589
24853	24854	wire	0.0056589
24854	24855	wire	0.0056589
24855	24856	wire	0.0056589
24856	24857	wire	0.0056589
24857	24858	wire	0.0056589
24858	24859	wire	0.0056589
24859	24860	wire	0.0056589
24860	24861	wire	0.0056589
24861	24862	wire	0.0056589
24862	24863	wire	0.0056589
24863	24864	wire	0.0056589
24864	24865	wire	0.0056589
24865	24866	wire	0.0056589
24866	24867	wire	0.0056589
24867	24868	wire	0.0056589
24869	24870	wire	0.0056589
24870	24871	wire	0.0056589
24871	24872	wire	0.0056589
24872	24873	wire	0.0056589
24873	24874	wire	0.0056589
24874	24875	wire	0.0056589
24875	24876	wire	0.0056589
24876	24877	wire	0.0056589
24877	24878	wire	0.0056589
24878	24879	wire	0.0056589
24879	24880	wire	0.0056589
24880	24881	wire	0.0056589
24881	24882	wire	0.0056589
24882	24883	wire	0.0056589
24883	24884	wire	0.0056589
24884	24885	wire	0.0056589
24885	24886	wire	0.0056589
24886	24887	wire	0.0056589
24887	24888	wire	0.0056589
24888	24889	wire	0.0056589
24889	24890	wire	0.0056589
24890	24891	wire	0.0056589
24891	24892	wire	0.0056589
24892	24893	wire	0.0056589
24893	24894	wire	0.0056589
24894	24895	wire	0.0056589
24895	24896	wire	0.0056589
24896	24897	wire	0.0056589
24897	24898	wire	0.0056589
24898	24899	wire	0.0056589
24899	24900	wire	0.0056589
24900	24901	wire	0.0056589
24901	24902	wire	0.0056589
24902	24903	wire	0.0056589
24903	24904	wire	0.0056589
24904	24905	wire	0.0056589
24906	24907	wire	0.0056589
24907	24908	wire	0.0056589
24908	24909	wire	0.0056589
24909	24910	wire	0.0056589
24910	24911	wire	0.0056589
24911	24912	wire	0.0056589
24912	24913	wire	0.0056589
24913	24914	wire	0.0056589
24914	24915	wire	0.0056589
24915	24916	wire	0.0056589
24916	24917	wire	0.0056589
24917	24918	wire	0.0056589
24918	24919	wire	0.0056589
24919	24920	wire	0.0056589
24920	24921	wire	0.0056589
24921	24922	wire	0.0056589
24922	24923	wire	0.0056589
24923	24924	wire	0.0056589
24924	24925	wire	0.0056589
24925	24926	wire	0.0056589
24926	24927	wire	0.0056589
24927	24928	wire	0.0056589
24928	24929	wire	0.0056589
24929	24930	wire	0.0056589
24930	24931	wire	0.0056589
24931	24932	wire	0.0056589
24932	24933	wire	0.0056589
24933	24934	wire	0.0056589
24934	24935	wire	0.0056589
24935	24936	wire	0.0056589
24936	24937	wire	0.0056589
24937	24938	wire	0.0056589
24938	24939	wire	0.0056589
24939	24940	wire	0.0056589
24940	24941	wire	0.0056589
24941	24942	wire	0.0056589
24943	24944	wire	0.0056589
24944	24945	wire	0.0056589
24945	24946	wire	0.0056589
24946	24947	wire	0.0056589
24947	24948	wire	0.0056589
24948	24949	wire	0.0056589
24949	24950	wire	0.0056589
24950	24951	wire	0.0056589
24951	24952	wire	0.0056589
24952	24953	wire	0.0056589
24953	24954	wire	0.0056589
24954	24955	wire	0.0056589
24955	24956	wire	0.0056589
24956	24957	wire	0.0056589
24957	24958	wire	0.0056589
24958	24959	wire	0.0056589
24959	24960	wire	0.0056589
24960	24961	wire	0.0056589
24961	24962	wire	0.0056589
24962	24963	wire	0.0056589
24963	24964	wire	0.0056589
24964	24965	wire	0.0056589
24965	24966	wire	0.0056589
24966	24967	wire	0.0056589
24967	24968	wire	0.0056589
24968	24969	wire	0.0056589
24969	24970	wire	0.0056589
24970	24971	wire	0.0056589
24971	24972	wire	0.0056589
24972	24973	wire	0.0056589
24973	24974	wire	0.0056589
24974	24975	wire	0.0056589
24975	24976	wire	0.0056589
24976	24977	wire	0.0056589
24977	24978	wire	0.0056589
24978	24979	wire	0.0056589
24980	24981	wire	0.0056589
24981	24982	wire	0.0056589
24982	24983	wire	0.0056589
24983	24984	wire	0.0056589
24984	24985	wire	0.0056589
24985	24986	wire	0.0056589
24986	24987	wire	0.0056589
24987	24988	wire	0.0056589
24988	24989	wire	0.0056589
24989	24990	wire	0.0056589
24990	24991	wire	0.0056589
24991	24992	wire	0.0056589
24992	24993	wire	0.0056589
24993	24994	wire	0.0056589
24994	24995	wire	0.0056589
24995	24996	wire	0.0056589
24996	24997	wire	0.0056589
24997	24998	wire	0.0056589
24998	24999	wire	0.0056589
24999	25000	wire	0.0056589
25000	25001	wire	0.0056589
25001	25002	wire	0.0056589
25002	25003	wire	0.0056589
25003	25004	wire	0.0056589
25004	25005	wire	0.0056589
25005	25006	wire	0.0056589
25006	25007	wire	0.0056589
25007	25008	wire	0.0056589
25008	25009	wire	0.0056589
25009	25010	wire	0.0056589
25010	25011	wire	0.0056589
25011	25012	wire	0.0056589
25012	25013	wire	0.0056589
25013	25014	wire	0.0056589
25014	25015	wire	0.0056589
25015	25016	wire	0.0056589
25017	25018	wire	0.0056589
25018	25019	wire	0.0056589
25019	25020	wire	0.0056589
25020	25021	wire	0.0056589
25021	25022	wire	0.0056589
25022	25023	wire	0.0056589
25023	25024	wire	0.0056589
25024	25025	wire	0.0056589
25025	25026	wire	0.0056589
25026	25027	wire	0.0056589
25027	25028	wire	0.0056589
25028	25029	wire	0.0056589
25029	25030	wire	0.0056589
25030	25031	wire	0.0056589
25031	25032	wire	0.0056589
25032	25033	wire	0.0056589
25033	25034	wire	0.0056589
25034	25035	wire	0.0056589
25035	25036	wire	0.0056589
25036	25037	wire	0.0056589
25037	25038	wire	0.0056589
25038	25039	wire	0.0056589
25039	25040	wire	0.0056589
25040	25041	wire	0.0056589
25041	25042	wire	0.0056589
25042	25043	wire	0.0056589
25043	25044	wire	0.0056589
25044	25045	wire	0.0056589
25045	25046	wire	0.0056589
25046	25047	wire	0.0056589
25047	25048	wire	0.0056589
25048	25049	wire	0.0056589
25049	25050	wire	0.0056589
25050	25051	wire	0.0056589
25051	25052	wire	0.0056589
25052	25053	wire	0.0056589
25054	25055	wire	0.0056589
25055	25056	wire	0.0056589
25056	25057	wire	0.0056589
25057	25058	wire	0.0056589
25058	25059	wire	0.0056589
25059	25060	wire	0.0056589
25060	25061	wire	0.0056589
25061	25062	wire	0.0056589
25062	25063	wire	0.0056589
25063	25064	wire	0.0056589
25064	25065	wire	0.0056589
25065	25066	wire	0.0056589
25066	25067	wire	0.0056589
25067	25068	wire	0.0056589
25068	25069	wire	0.0056589
25069	25070	wire	0.0056589
25070	25071	wire	0.0056589
25071	25072	wire	0.0056589
25072	25073	wire	0.0056589
25073	25074	wire	0.0056589
25074	25075	wire	0.0056589
25075	25076	wire	0.0056589
25076	25077	wire	0.0056589
25077	25078	wire	0.0056589
25078	25079	wire	0.0056589
25079	25080	wire	0.0056589
25080	25081	wire	0.0056589
25081	25082	wire	0.0056589
25082	25083	wire	0.0056589
25083	25084	wire	0.0056589
25084	25085	wire	0.0056589
25085	25086	wire	0.0056589
25086	25087	wire	0.0056589
25087	25088	wire	0.0056589
25088	25089	wire	0.0056589
25089	25090	wire	0.0056589
25091	25092	wire	0.0056589
25092	25093	wire	0.0056589
25093	25094	wire	0.0056589
25094	25095	wire	0.0056589
25095	25096	wire	0.0056589
25096	25097	wire	0.0056589
25097	25098	wire	0.0056589
25098	25099	wire	0.0056589
25099	25100	wire	0.0056589
25100	25101	wire	0.0056589
25101	25102	wire	0.0056589
25102	25103	wire	0.0056589
25103	25104	wire	0.0056589
25104	25105	wire	0.0056589
25105	25106	wire	0.0056589
25106	25107	wire	0.0056589
25107	25108	wire	0.0056589
25108	25109	wire	0.0056589
25109	25110	wire	0.0056589
25110	25111	wire	0.0056589
25111	25112	wire	0.0056589
25112	25113	wire	0.0056589
25113	25114	wire	0.0056589
25114	25115	wire	0.0056589
25115	25116	wire	0.0056589
25116	25117	wire	0.0056589
25117	25118	wire	0.0056589
25118	25119	wire	0.0056589
25119	25120	wire	0.0056589
25120	25121	wire	0.0056589
25121	25122	wire	0.0056589
25122	25123	wire	0.0056589
25123	25124	wire	0.0056589
25124	25125	wire	0.0056589
25125	25126	wire	0.0056589
25126	25127	wire	0.0056589
25128	25129	wire	0.0056589
25129	25130	wire	0.0056589
25130	25131	wire	0.0056589
25131	25132	wire	0.0056589
25132	25133	wire	0.0056589
25133	25134	wire	0.0056589
25134	25135	wire	0.0056589
25135	25136	wire	0.0056589
25136	25137	wire	0.0056589
25137	25138	wire	0.0056589
25138	25139	wire	0.0056589
25139	25140	wire	0.0056589
25140	25141	wire	0.0056589
25141	25142	wire	0.0056589
25142	25143	wire	0.0056589
25143	25144	wire	0.0056589
25144	25145	wire	0.0056589
25145	25146	wire	0.0056589
25146	25147	wire	0.0056589
25147	25148	wire	0.0056589
25148	25149	wire	0.0056589
25149	25150	wire	0.0056589
25150	25151	wire	0.0056589
25151	25152	wire	0.0056589
25152	25153	wire	0.0056589
25153	25154	wire	0.0056589
25154	25155	wire	0.0056589
25155	25156	wire	0.0056589
25156	25157	wire	0.0056589
25157	25158	wire	0.0056589
25158	25159	wire	0.0056589
25159	25160	wire	0.0056589
25160	25161	wire	0.0056589
25161	25162	wire	0.0056589
25162	25163	wire	0.0056589
25163	25164	wire	0.0056589
25165	25166	wire	0.0056589
25166	25167	wire	0.0056589
25167	25168	wire	0.0056589
25168	25169	wire	0.0056589
25169	25170	wire	0.0056589
25170	25171	wire	0.0056589
25171	25172	wire	0.0056589
25172	25173	wire	0.0056589
25173	25174	wire	0.0056589
25174	25175	wire	0.0056589
25175	25176	wire	0.0056589
25176	25177	wire	0.0056589
25177	25178	wire	0.0056589
25178	25179	wire	0.0056589
25179	25180	wire	0.0056589
25180	25181	wire	0.0056589
25181	25182	wire	0.0056589
25182	25183	wire	0.0056589
25183	25184	wire	0.0056589
25184	25185	wire	0.0056589
25185	25186	wire	0.0056589
25186	25187	wire	0.0056589
25187	25188	wire	0.0056589
25188	25189	wire	0.0056589
25189	25190	wire	0.0056589
25190	25191	wire	0.0056589
25191	25192	wire	0.0056589
25192	25193	wire	0.0056589
25193	25194	wire	0.0056589
25194	25195	wire	0.0056589
25195	25196	wire	0.0056589
25196	25197	wire	0.0056589
25197	25198	wire	0.0056589
25198	25199	wire	0.0056589
25199	25200	wire	0.0056589
25200	25201	wire	0.0056589
25202	25203	wire	0.0056589
25203	25204	wire	0.0056589
25204	25205	wire	0.0056589
25205	25206	wire	0.0056589
25206	25207	wire	0.0056589
25207	25208	wire	0.0056589
25208	25209	wire	0.0056589
25209	25210	wire	0.0056589
25210	25211	wire	0.0056589
25211	25212	wire	0.0056589
25212	25213	wire	0.0056589
25213	25214	wire	0.0056589
25214	25215	wire	0.0056589
25215	25216	wire	0.0056589
25216	25217	wire	0.0056589
25217	25218	wire	0.0056589
25218	25219	wire	0.0056589
25219	25220	wire	0.0056589
25220	25221	wire	0.0056589
25221	25222	wire	0.0056589
25222	25223	wire	0.0056589
25223	25224	wire	0.0056589
25224	25225	wire	0.0056589
25225	25226	wire	0.0056589
25226	25227	wire	0.0056589
25227	25228	wire	0.0056589
25228	25229	wire	0.0056589
25229	25230	wire	0.0056589
25230	25231	wire	0.0056589
25231	25232	wire	0.0056589
25232	25233	wire	0.0056589
25233	25234	wire	0.0056589
25234	25235	wire	0.0056589
25235	25236	wire	0.0056589
25236	25237	wire	0.0056589
25237	25238	wire	0.0056589
25239	25240	wire	0.0056589
25240	25241	wire	0.0056589
25241	25242	wire	0.0056589
25242	25243	wire	0.0056589
25243	25244	wire	0.0056589
25244	25245	wire	0.0056589
25245	25246	wire	0.0056589
25246	25247	wire	0.0056589
25247	25248	wire	0.0056589
25248	25249	wire	0.0056589
25249	25250	wire	0.0056589
25250	25251	wire	0.0056589
25251	25252	wire	0.0056589
25252	25253	wire	0.0056589
25253	25254	wire	0.0056589
25254	25255	wire	0.0056589
25255	25256	wire	0.0056589
25256	25257	wire	0.0056589
25257	25258	wire	0.0056589
25258	25259	wire	0.0056589
25259	25260	wire	0.0056589
25260	25261	wire	0.0056589
25261	25262	wire	0.0056589
25262	25263	wire	0.0056589
25263	25264	wire	0.0056589
25264	25265	wire	0.0056589
25265	25266	wire	0.0056589
25266	25267	wire	0.0056589
25267	25268	wire	0.0056589
25268	25269	wire	0.0056589
25269	25270	wire	0.0056589
25270	25271	wire	0.0056589
25271	25272	wire	0.0056589
25272	25273	wire	0.0056589
25273	25274	wire	0.0056589
25274	25275	wire	0.0056589
0	400	via	0.01
1	406	via	0.01
2	411	via	0.01
3	417	via	0.01
4	422	via	0.01
5	428	via	0.01
6	434	via	0.01
7	439	via	0.01
8	445	via	0.01
9	450	via	0.01
10	456	via	0.01
11	462	via	0.01
12	467	via	0.01
13	473	via	0.01
14	478	via	0.01
15	484	via	0.01
16	490	via	0.01
17	495	via	0.01
18	501	via	0.01
19	506	via	0.01
20	1054	via	0.01
21	1060	via	0.01
22	1065	via	0.01
23	1071	via	0.01
24	1076	via	0.01
25	1082	via	0.01
26	1088	via	0.01
27	1093	via	0.01
28	1099	via	0.01
29	1104	via	0.01
30	1110	via	0.01
31	1116	via	0.01
32	1121	via	0.01
33	1127	via	0.01
34	1132	via	0.01
35	1138	via	0.01
36	1144	via	0.01
37	1149	via	0.01
38	1155	via	0.01
39	1160	via	0.01
40	1599	via	0.01
41	1605	via	0.01
42	1610	via	0.01
43	1616	via	0.01
44	1621	via	0.01
45	1627	via	0.01
46	1633	via	0.01
47	1638	via	0.01
48	1644	via	0.01
49	1649	via	0.01
50	1655	via	0.01
51	1661	via	0.01
52	1666	via	0.01
53	1672	via	0.01
54	1677	via	0.01
55	1683	via	0.01
56	1689	via	0.01
57	1694	via	0.01
58	1700	via	0.01
59	1705	via	0.01
60	2253	via	0.01
61	2259	via	0.01
62	2264	via	0.01
63	2270	via	0.01
64	2275	via	0.01
65	2281	via	0.01
66	2287	via	0.01
67	2292	via	0.01
68	2298	via	0.01
69	2303	via	0.01
70	2309	via	0.01
71	2315	via	0.01
72	2320	via	0.01
73	2326	via	0.01
74	2331	via	0.01
75	2337	via	0.01
76	2343	via	0.01
77	2348	via	0.01
78	2354	via	0.01
79	2359	via	0.01
80	2798	via	0.01
81	2804	via	0.01
82	2809	via	0.01
83	2815	via	0.01
84	2820	via	0.01
85	2826	via	0.01
86	2832	via	0.01
87	2837	via	0.01
88	2843	via	0.01
89	2848	via	0.01
90	2854	via	0.01
91	2860	via	0.01
92	2865	via	0.01
93	2871	via	0.01
94	2876	via	0.01
95	2882	via	0.01
96	2888	via	0.01
97	2893	via	0.01
98	2899	via	0.01
99	2904	via	0.01
100	3452	via	0.01
101	3458	via	0.01
102	3463	via	0.01
103	3469	via	0.01
104	3474	via	0.01
105	3480	via	0.01
106	3486	via	0.01
107	3491	via	0.01
108	3497	via	0.01
109	3502	via	0.01
110	3508	via	0.01
111	3514	via	0.01
112	3519	via	0.01
113	3525	via	0.01
114	3530	via	0.01
115	3536	via	0.01
116	3542	via	0.01
117	3547	via	0.01
118	3553	via	0.01
119	3558	via	0.01
120	4106	via	0.01
121	4112	via	0.01
122	4117	via	0.01
123	4123	via	0.01
124	4128	via	0.01
125	4134	via	0.01
126	4140	via	0.01
127	4145	via	0.01
128	4151	via	0.01
129	4156	via	0.01
130	4162	via	0.01
131	4168	via	0.01
132	4173	via	0.01
133	4179	via	0.01
134	4184	via	0.01
135	4190	via	0.01
136	4196	via	0.01
137	4201	via	0.01
138	4207	via	0.01
139	4212	via	0.01
140	4651	via	0.01
141	4657	via	0.01
142	4662	via	0.01
143	4668	via	0.01
144	4673	via	0.01
145	4679	via	0.01
146	4685	via	0.01
147	4690	via	0.01
148	4696	via	0.01
149	4701	via	0.01
150	4707	via	0.01
151	4713	via	0.01
152	4718	via	0.01
153	4724	via	0.01
154	4729	via	0.01
155	4735	via	0.01
156	4741	via	0.01
157	4746	via	0.01
158	4752	via	0.01
159	4757	via	0.01
160	5305	via	0.01
161	5311	via	0.01
162	5316	via	0.01
163	5322	via	0.01
164	5327	via	0.01
165	5333	via	0.01
166	5339	via	0.01
167	5344	via	0.01
168	5350	via	0.01
169	5355	via	0.01
170	5361	via	0.01
171	5367	via	0.01
172	5372	via	0.01
173	5378	via	0.01
174	5383	via	0.01
175	5389	via	0.01
176	5395	via	0.01
177	5400	via	0.01
178	5406	via	0.01
179	5411	via	0.01
180	5850	via	0.01
181	5856	via	0.01
182	5861	via	0.01
183	5867	via	0.01
184	5872	via	0.01
185	5878	via	0.01
186	5884	via	0.01
187	5889	via	0.01
188	5895	via	0.01
189	5900	via	0.01
190	5906	via	0.01
191	5912	via	0.01
192	5917	via	0.01
193	5923	via	0.01
194	5928	via	0.01
195	5934	via	0.01
196	5940	via	0.01
197	5945	via	0.01
198	5951	via	0.01
199	5956	via	0.01
200	6504	via	0.01
201	6510	via	0.01
202	6515	via	0.01
203	6521	via	0.01
204	6526	via	0.01
205	6532	via	0.01
206	6538	via	0.01
207	6543	via	0.01
208	6549	via	0.01
209	6554	via	0.01
210	6560	via	0.01
211	6566	via	0.01
212	6571	via	0.01
213	6577	via	0.01
214	6582	via	0.01
215	6588	via	0.01
216	6594	via	0.01
217	6599	via	0.01
218	6605	via	0.01
219	6610	via	0.01
220	7158	via	0.01
221	7164	via	0.01
222	7169	via	0.01
223	7175	via	0.01
224	7180	via	0.01
225	7186	via	0.01
226	7192	via	0.01
227	7197	via	0.01
228	7203	via	0.01
229	7208	via	0.01
230	7214	via	0.01
231	7220	via	0.01
232	7225	via	0.01
233	7231	via	0.01
234	7236	via	0.01
235	7242	via	0.01
236	7248	via	0.01
237	7253	via	0.01
238	7259	via	0.01
239	7264	via	0.01
240	7703	via	0.01
241	7709	via	0.01
242	7714	via	0.01
243	7720	via	0.01
244	7725	via	0.01
245	7731	via	0.01
246	7737	via	0.01
247	7742	via	0.01
248	7748	via	0.01
249	7753	via	0.01
250	7759	via	0.01
251	7765	via	0.01
252	7770	via	0.01
253	7776	via	0.01
254	7781	via	0.01
255	7787	via	0.01
256	7793	via	0.01
257	7798	via	0.01
258	7804	via	0.01
259	7809	via	0.01
260	8357	via	0.01
261	8363	via	0.01
262	8368	via	0.01
263	8374	via	0.01
264	8379	via	0.01
265	8385	via	0.01
266	8391	via	0.01
267	8396	via	0.01
268	8402	via	0.01
269	8407	via	0.01
270	8413	via	0.01
271	8419	via	0.01
272	8424	via	0.01
273	8430	via	0.01
274	8435	via	0.01
275	8441	via	0.01
276	8447	via	0.01
277	8452	via	0.01
278	8458	via	0.01
279	8463	via	0.01
280	8902	via	0.01
281	8908	via	0.01
282	8913	via	0.01
283	8919	via	0.01
284	8924	via	0.01
285	8930	via	0.01
286	8936	via	0.01
287	8941	via	0.01
288	8947	via	0.01
289	8952	via	0.01
290	8958	via	0.01
291	8964	via	0.01
292	8969	via	0.01
293	8975	via	0.01
294	8980	via	0.01
295	8986	via	0.01
296	8992	via	0.01
297	8997	via	0.01
298	9003	via	0.01
299	9008	via	0.01
300	9556	via	0.01
301	9562	via	0.01
302	9567	via	0.01
303	9573	via	0.01
304	9578	via	0.01
305	9584	via	0.01
306	9590	via	0.01
307	9595	via	0.01
308	9601	via	0.01
309	9606	via	0.01
310	9612	via	0.01
311	9618	via	0.01
312	9623	via	0.01
313	9629	via	0.01
314	9634	via	0.01
315	9640	via	0.01
316	9646	via	0.01
317	9651	via	0.01
318	9657	via	0.01
319	9662	via	0.01
320	10210	via	0.01
321	10216	via	0.01
322	10221	via	0.01
323	10227	via	0.01
324	10232	via	0.01
325	10238	via	0.01
326	10244	via	0.01
327	10249	via	0.01
328	10255	via	0.01
329	10260	via	0.01
330	10266	via	0.01
331	10272	via	0.01
332	10277	via	0.01
333	10283	via	0.01
334	10288	via	0.01
335	10294	via	0.01
336	10300	via	0.01
337	10305	via	0.01
338	10311	via	0.01
339	10316	via	0.01
340	10755	via	0.01
341	10761	via	0.01
342	10766	via	0.01
343	10772	via	0.01
344	10777	via	0.01
345	10783	via	0.01
346	10789	via	0.01
347	10794	via	0.01
348	10800	via	0.01
349	10805	via	0.01
350	10811	via	0.01
351	10817	via	0.01
352	10822	via	0.01
353	10828	via	0.01
354	10833	via	0.01
355	10839	via	0.01
356	10845	via	0.01
357	10850	via	0.01
358	10856	via	0.01
359	10861	via	0.01
360	11409	via	0.01
361	11415	via	0.01
362	11420	via	0.01
363	11426	via	0.01
364	11431	via	0.01
365	11437	via	0.01
366	11443	via	0.01
367	11448	via	0.01
368	11454	via	0.01
369	11459	via	0.01
370	11465	via	0.01
371	11471	via	0.01
372	11476	via	0.01
373	11482	via	0.01
374	11487	via	0.01
375	11493	via	0.01
376	11499	via	0.01
377	11504	via	0.01
378	11510	via	0.01
379	11515	via	0.01
380	11954	via	0.01
381	11960	via	0.01
382	11965	via	0.01
383	11971	via	0.01
384	11976	via	0.01
385	11982	via	0.01
386	11988	via	0.01
387	11993	via	0.01
388	11999	via	0.01
389	12004	via	0.01
390	12010	via	0.01
391	12016	via	0.01
392	12021	via	0.01
393	12027	via	0.01
394	12032	via	0.01
395	12038	via	0.01
396	12044	via	0.01
397	12049	via	0.01
398	12055	via	0.01
399	12060	via	0.01
400	12172	via	0.01
401	12173	via	0.01
402	12174	via	0.01
403	12175	via	0.01
404	12176	via	0.01
405	12177	via	0.01
406	12178	via	0.01
407	12179	via	0.01
408	12180	via	0.01
409	12181	via	0.01
410	12182	via	0.01
411	12183	via	0.01
412	12184	via	0.01
413	12185	via	0.01
414	12186	via	0.01
415	12187	via	0.01
416	12188	via	0.01
417	12189	via	0.01
418	12190	via	0.01
419	12191	via	0.01
420	12192	via	0.01
421	12193	via	0.01
422	12194	via	0.01
423	12195	via	0.01
424	12196	via	0.01
425	12197	via	0.01
426	12198	via	0.01
427	12199	via	0.01
428	12200	via	0.01
429	12201	via	0.01
430	12202	via	0.01
431	12203	via	0.01
432	12204	via	0.01
433	12205	via	0.01
434	12206	via	0.01
435	12207	via	0.01
436	12208	via	0.01
437	12209	via	0.01
438	12210	via	0.01
439	12211	via	0.01
440	12212	via	0.01
441	12213	via	0.01
442	12214	via	0.01
443	12215	via	0.01
444	12216	via	0.01
445	12217	via	0.01
446	12218	via	0.01
447	12219	via	0.01
448	12220	via	0.01
449	12221	via	0.01
450	12222	via	0.01
451	12223	via	0.01
452	12224	via	0.01
453	12225	via	0.01
454	12226	via	0.01
455	12227	via	0.01
456	12228	via	0.01
457	12229	via	0.01
458	12230	via	0.01
459	12231	via	0.01
460	12232	via	0.01
461	12233	via	0.01
462	12234	via	0.01
463	12235	via	0.01
464	12236	via	0.01
465	12237	via	0.01
466	12238	via	0.01
467	12239	via	0.01
468	12240	via	0.01
469	12241	via	0.01
470	12242	via	0.01
471	12243	via	0.01
472	12244	via	0.01
473	12245	via	0.01
474	12246	via	0.01
475	12247	via	0.01
476	12248	via	0.01
477	12249	via	0.01
478	12250	via	0.01
479	12251	via	0.01
480	12252	via	0.01
481	12253	via	0.01
482	12254	via	0.01
483	12255	via	0.01
484	12256	via	0.01
485	12257	via	0.01
486	12258	via	0.01
487	12259	via	0.01
488	12260	via	0.01
489	12261	via	0.01
490	12262	via	0.01
491	12263	via	0.01
492	12264	via	0.01
493	12265	via	0.01
494	12266	via	0.01
495	12267	via	0.01
496	12268	via	0.01
497	12269	via	0.01
498	12270	via	0.01
499	12271	via	0.01
500	12272	via	0.01
501	12273	via	0.01
502	12274	via	0.01
503	12275	via	0.01
504	12276	via	0.01
505	12277	via	0.01
506	12278	via	0.01
507	12279	via	0.01
508	12280	via	0.01
509	12281	via	0.01
510	12282	via	0.01
511	12283	via	0.01
512	12284	via	0.01
513	12285	via	0.01
514	12286	via	0.01
515	12287	via	0.01
516	12288	via	0.01
517	12289	via	0.01
518	12290	via	0.01
519	12291	via	0.01
520	12292	via	0.01
521	12293	via	0.01
522	12294	via	0.01
523	12295	via	0.01
524	12296	via	0.01
525	12297	via	0.01
526	12298	via	0.01
527	12299	via	0.01
528	12300	via	0.01
529	12301	via	0.01
530	12302	via	0.01
531	12303	via	0.01
532	12304	via	0.01
533	12305	via	0.01
534	12306	via	0.01
535	12307	via	0.01
536	12308	via	0.01
537	12309	via	0.01
538	12310	via	0.01
539	12311	via	0.01
540	12312	via	0.01
541	12313	via	0.01
542	12314	via	0.01
543	12315	via	0.01
544	12316	via	0.01
545	12317	via	0.01
546	12318	via	0.01
547	12319	via	0.01
548	12320	via	0.01
549	12321	via	0.01
550	12322	via	0.01
551	12323	via	0.01
552	12324	via	0.01
553	12325	via	0.01
554	12326	via	0.01
555	12327	via	0.01
556	12328	via	0.01
557	12329	via	0.01
558	12330	via	0.01
559	12331	via	0.01
560	12332	via	0.01
561	12333	via	0.01
562	12334	via	0.01
563	12335	via	0.01
564	12336	via	0.01
565	12337	via	0.01
566	12338	via	0.01
567	12339	via	0.01
568	12340	via	0.01
569	12341	via	0.01
570	12342	via	0.01
571	12343	via	0.01
572	12344	via	0.01
573	12345	via	0.01
574	12346	via	0.01
575	12347	via	0.01
576	12348	via	0.01
577	12349	via	0.01
578	12350	via	0.01
579	12351	via	0.01
580	12352	via	0.01
581	12353	via	0.01
582	12354	via	0.01
583	12355	via	0.01
584	12356	via	0.01
585	12357	via	0.01
586	12358	via	0.01
587	12359	via	0.01
588	12360	via	0.01
589	12361	via	0.01
590	12362	via	0.01
591	12363	via	0.01
592	12364	via	0.01
593	12365	via	0.01
594	12366	via	0.01
595	12367	via	0.01
596	12368	via	0.01
597	12369	via	0.01
598	12370	via	0.01
599	12371	via	0.01
600	12372	via	0.01
601	12373	via	0.01
602	12374	via	0.01
603	12375	via	0.01
604	12376	via	0.01
605	12377	via	0.01
606	12378	via	0.01
607	12379	via	0.01
608	12380	via	0.01
609	12381	via	0.01
610	12382	via	0.01
611	12383	via	0.01
612	12384	via	0.01
613	12385	via	0.01
614	12386	via	0.01
615	12387	via	0.01
616	12388	via	0.01
617	12389	via	0.01
618	12390	via	0.01
619	12391	via	0.01
620	12392	via	0.01
621	12393	via	0.01
622	12394	via	0.01
623	12395	via	0.01
624	12396	via	0.01
625	12397	via	0.01
626	12398	via	0.01
627	12399	via	0.01
628	12400	via	0.01
629	12401	via	0.01
630	12402	via	0.01
631	12403	via	0.01
632	12404	via	0.01
633	12405	via	0.01
634	12406	via	0.01
635	12407	via	0.01
636	12408	via	0.01
637	12409	via	0.01
638	12410	via	0.01
639	12411	via	0.01
640	12412	via	0.01
641	12413	via	0.01
642	12414	via	0.01
643	12415	via	0.01
644	12416	via	0.01
645	12417	via	0.01
646	12418	via	0.01
647	12419	via	0.01
648	12420	via	0.01
649	12421	via	0.01
650	12422	via	0.01
651	12423	via	0.01
652	12424	via	0.01
653	12425	via	0.01
654	12426	via	0.01
655	12427	via	0.01
656	12428	via	0.01
657	12429	via	0.01
658	12430	via	0.01
659	12431	via	0.01
660	12432	via	0.01
661	12433	via	0.01
662	12434	via	0.01
663	12435	via	0.01
664	12436	via	0.01
665	12437	via	0.01
666	12438	via	0.01
667	12439	via	0.01
668	12440	via	0.01
669	12441	via	0.01
670	12442	via	0.01
671	12443	via	0.01
672	12444	via	0.01
673	12445	via	0.01
674	12446	via	0.01
675	12447	via	0.01
676	12448	via	0.01
677	12449	via	0.01
678	12450	via	0.01
679	12451	via	0.01
680	12452	via	0.01
681	12453	via	0.01
682	12454	via	0.01
683	12455	via	0.01
684	12456	via	0.01
685	12457	via	0.01
686	12458	via	0.01
687	12459	via	0.01
688	12460	via	0.01
689	12461	via	0.01
690	12462	via	0.01
691	12463	via	0.01
692	12464	via	0.01
693	12465	via	0.01
694	12466	via	0.01
695	12467	via	0.01
696	12468	via	0.01
697	12469	via	0.01
698	12470	via	0.01
699	12471	via	0.01
700	12472	via	0.01
701	12473	via	0.01
702	12474	via	0.01
703	12475	via	0.01
704	12476	via	0.01
705	12477	via	0.01
706	12478	via	0.01
707	12479	via	0.01
708	12480	via	0.01
709	12481	via	0.01
710	12482	via	0.01
711	12483	via	0.01
712	12484	via	0.01
713	12485	via	0.01
714	12486	via	0.01
715	12487	via	0.01
716	12488	via	0.01
717	12489	via	0.01
718	12490	via	0.01
719	12491	via	0.01
720	12492	via	0.01
721	12493	via	0.01
722	12494	via	0.01
723	12495	via	0.01
724	12496	via	0.01
725	12497	via	0.01
726	12498	via	0.01
727	12499	via	0.01
728	12500	via	0.01
729	12501	via	0.01
730	12502	via	0.01
731	12503	via	0.01
732	12504	via	0.01
733	12505	via	0.01
734	12506	via	0.01
735	12507	via	0.01
736	12508	via	0.01
737	12509	via	0.01
738	12510	via	0.01
739	12511	via	0.01
740	12512	via	0.01
741	12513	via	0.01
742	12514	via	0.01
743	12515	via	0.01
744	12516	via	0.01
745	12517	via	0.01
746	12518	via	0.01
747	12519	via	0.01
748	12520	via	0.01
749	12521	via	0.01
750	12522	via	0.01
751	12523	via	0.01
752	12524	via	0.01
753	12525	via	0.01
754	12526	via	0.01
755	12527	via	0.01
756	12528	via	0.01
757	12529	via	0.01
758	12530	via	0.01
759	12531	via	0.01
760	12532	via	0.01
761	12533	via	0.01
762	12534	via	0.01
763	12535	via	0.01
764	12536	via	0.01
765	12537	via	0.01
766	12538	via	0.01
767	12539	via	0.01
768	12540	via	0.01
769	12541	via	0.01
770	12542	via	0.01
771	12543	via	0.01
772	12544	via	0.01
773	12545	via	0.01
774	12546	via	0.01
775	12547	via	0.01
776	12548	via	0.01
777	12549	via	0.01
778	12550	via	0.01
779	12551	via	0.01
780	12552	via	0.01
781	12553	via	0.01
782	12554	via	0.01
783	12555	via	0.01
784	12556	via	0.01
785	12557	via	0.01
786	12558	via	0.01
787	12559	via	0.01
788	12560	via	0.01
789	12561	via	0.01
790	12562	via	0.01
791	12563	via	0.01
792	12564	via	0.01
793	12565	via	0.01
794	12566	via	0.01
795	12567	via	0.01
796	12568	via	0.01
797	12569	via	0.01
798	12570	via	0.01
799	12571	via	0.01
800	12572	via	0.01
801	12573	via	0.01
802	12574	via	0.01
803	12575	via	0.01
804	12576	via	0.01
805	12577	via	0.01
806	12578	via	0.01
807	12579	via	0.01
808	12580	via	0.01
809	12581	via	0.01
810	12582	via	0.01
811	12583	via	0.01
812	12584	via	0.01
813	12585	via	0.01
814	12586	via	0.01
815	12587	via	0.01
816	12588	via	0.01
817	12589	via	0.01
818	12590	via	0.01
819	12591	via	0.01
820	12592	via	0.01
821	12593	via	0.01
822	12594	via	0.01
823	12595	via	0.01
824	12596	via	0.01
825	12597	via	0.01
826	12598	via	0.01
827	12599	via	0.01
828	12600	via	0.01
829	12601	via	0.01
830	12602	via	0.01
831	12603	via	0.01
832	12604	via	0.01
833	12605	via	0.01
834	12606	via	0.01
835	12607	via	0.01
836	12608	via	0.01
837	12609	via	0.01
838	12610	via	0.01
839	12611	via	0.01
840	12612	via	0.01
841	12613	via	0.01
842	12614	via	0.01
843	12615	via	0.01
844	12616	via	0.01
845	12617	via	0.01
846	12618	via	0.01
847	12619	via	0.01
848	12620	via	0.01
849	12621	via	0.01
850	12622	via	0.01
851	12623	via	0.01
852	12624	via	0.01
853	12625	via	0.01
854	12626	via	0.01
855	12627	via	0.01
856	12628	via	0.01
857	12629	via	0.01
858	12630	via	0.01
859	12631	via	0.01
860	12632	via	0.01
861	12633	via	0.01
862	12634	via	0.01
863	12635	via	0.01
864	12636	via	0.01
865	12637	via	0.01
866	12638	via	0.01
867	12639	via	0.01
868	12640	via	0.01
869	12641	via	0.01
870	12642	via	0.01
871	12643	via	0.01
872	12644	via	0.01
873	12645	via	0.01
874	12646	via	0.01
875	12647	via	0.01
876	12648	via	0.01
877	12649	via	0.01
878	12650	via	0.01
879	12651	via	0.01
880	12652	via	0.01
881	12653	via	0.01
882	12654	via	0.01
883	12655	via	0.01
884	12656	via	0.01
885	12657	via	0.01
886	12658	via	0.01
887	12659	via	0.01
888	12660	via	0.01
889	12661	via	0.01
890	12662	via	0.01
891	12663	via	0.01
892	12664	via	0.01
893	12665	via	0.01
894	12666	via	0.01
895	12667	via	0.01
896	12668	via	0.01
897	12669	via	0.01
898	12670	via	0.01
899	12671	via	0.01
900	12672	via	0.01
901	12673	via	0.01
902	12674	via	0.01
903	12675	via	0.01
904	12676	via	0.01
905	12677	via	0.01
906	12678	via	0.01
907	12679	via	0.01
908	12680	via	0.01
909	12681	via	0.01
910	12682	via	0.01
911	12683	via	0.01
912	12684	via	0.01
913	12685	via	0.01
914	12686	via	0.01
915	12687	via	0.01
916	12688	via	0.01
917	12689	via	0.01
918	12690	via	0.01
919	12691	via	0.01
920	12692	via	0.01
921	12693	via	0.01
922	12694	via	0.01
923	12695	via	0.01
924	12696	via	0.01
925	12697	via	0.01
926	12698	via	0.01
927	12699	via	0.01
928	12700	via	0.01
929	12701	via	0.01
930	12702	via	0.01
931	12703	via	0.01
932	12704	via	0.01
933	12705	via	0.01
934	12706	via	0.01
935	12707	via	0.01
936	12708	via	0.01
937	12709	via	0.01
938	12710	via	0.01
939	12711	via	0.01
940	12712	via	0.01
941	12713	via	0.01
942	12714	via	0.01
943	12715	via	0.01
944	12716	via	0.01
945	12717	via	0.01
946	12718	via	0.01
947	12719	via	0.01
948	12720	via	0.01
949	12721	via	0.01
950	12722	via	0.01
951	12723	via	0.01
952	12724	via	0.01
953	12725	via	0.01
954	12726	via	0.01
955	12727	via	0.01
956	12728	via	0.01
957	12729	via	0.01
958	12730	via	0.01
959	12731	via	0.01
960	12732	via	0.01
961	12733	via	0.01
962	12734	via	0.01
963	12735	via	0.01
964	12736	via	0.01
965	12737	via	0.01
966	12738	via	0.01
967	12739	via	0.01
968	12740	via	0.01
969	12741	via	0.01
970	12742	via	0.01
971	12743	via	0.01
972	12744	via	0.01
973	12745	via	0.01
974	12746	via	0.01
975	12747	via	0.01
976	12748	via	0.01
977	12749	via	0.01
978	12750	via	0.01
979	12751	via	0.01
980	12752	via	0.01
981	12753	via	0.01
982	12754	via	0.01
983	12755	via	0.01
984	12756	via	0.01
985	12757	via	0.01
986	12758	via	0.01
987	12759	via	0.01
988	12760	via	0.01
989	12761	via	0.01
990	12762	via	0.01
991	12763	via	0.01
992	12764	via	0.01
993	12765	via	0.01
994	12766	via	0.01
995	12767	via	0.01
996	12768	via	0.01
997	12769	via	0.01
998	12770	via	0.01
999	12771	via	0.01
1000	12772	via	0.01
1001	12773	via	0.01
1002	12774	via	0.01
1003	12775	via	0.01
1004	12776	via	0.01
1005	12777	via	0.01
1006	12778	via	0.01
1007	12779	via	0.01
1008	12780	via	0.01
1009	12781	via	0.01
1010	12782	via	0.01
1011	12783	via	0.01
1012	12784	via	0.01
1013	12785	via	0.01
1014	12786	via	0.01
1015	12787	via	0.01
1016	12788	via	0.01
1017	12789	via	0.01
1018	12790	via	0.01
1019	12791	via	0.01
1020	12792	via	0.01
1021	12793	via	0.01
1022	12794	via	0.01
1023	12795	via	0.01
1024	12796	via	0.01
1025	12797	via	0.01
1026	12798	via	0.01
1027	12799	via	0.01
1028	12800	via	0.01
1029	12801	via	0.01
1030	12802	via	0.01
1031	12803	via	0.01
1032	12804	via	0.01
1033	12805	via	0.01
1034	12806	via	0.01
1035	12807	via	0.01
1036	12808	via	0.01
1037	12809	via	0.01
1038	12810	via	0.01
1039	12811	via	0.01
1040	12812	via	0.01
1041	12813	via	0.01
1042	12814	via	0.01
1043	12815	via	0.01
1044	12816	via	0.01
1045	12817	via	0.01
1046	12818	via	0.01
1047	12819	via	0.01
1048	12820	via	0.01
1049	12821	via	0.01
1050	12822	via	0.01
1051	12823	via	0.01
1052	12824	via	0.01
1053	12825	via	0.01
1054	12826	via	0.01
1055	12827	via	0.01
1056	12828	via	0.01
1057	12829	via	0.01
1058	12830	via	0.01
1059	12831	via	0.01
1060	12832	via	0.01
1061	12833	via	0.01
1062	12834	via	0.01
1063	12835	via	0.01
1064	12836	via	0.01
1065	12837	via	0.01
1066	12838	via	0.01
1067	12839	via	0.01
1068	12840	via	0.01
1069	12841	via	0.01
1070	12842	via	0.01
1071	12843	via	0.01
1072	12844	via	0.01
1073	12845	via	0.01
1074	12846	via	0.01
1075	12847	via	0.01
1076	12848	via	0.01
1077	12849	via	0.01
1078	12850	via	0.01
1079	12851	via	0.01
1080	12852	via	0.01
1081	12853	via	0.01
1082	12854	via	0.01
1083	12855	via	0.01
1084	12856	via	0.01
1085	12857	via	0.01
1086	12858	via	0.01
1087	12859	via	0.01
1088	12860	via	0.01
1089	12861	via	0.01
1090	12862	via	0.01
1091	12863	via	0.01
1092	12864	via	0.01
1093	12865	via	0.01
1094	12866	via	0.01
1095	12867	via	0.01
1096	12868	via	0.01
1097	12869	via	0.01
1098	12870	via	0.01
1099	12871	via	0.01
1100	12872	via	0.01
1101	12873	via	0.01
1102	12874	via	0.01
1103	12875	via	0.01
1104	12876	via	0.01
1105	12877	via	0.01
1106	12878	via	0.01
1107	12879	via	0.01
1108	12880	via	0.01
1109	12881	via	0.01
1110	12882	via	0.01
1111	12883	via	0.01
1112	12884	via	0.01
1113	12885	via	0.01
1114	12886	via	0.01
1115	12887	via	0.01
1116	12888	via	0.01
1117	12889	via	0.01
1118	12890	via	0.01
1119	12891	via	0.01
1120	12892	via	0.01
1121	12893	via	0.01
1122	12894	via	0.01
1123	12895	via	0.01
1124	12896	via	0.01
1125	12897	via	0.01
1126	12898	via	0.01
1127	12899	via	0.01
1128	12900	via	0.01
1129	12901	via	0.01
1130	12902	via	0.01
1131	12903	via	0.01
1132	12904	via	0.01
1133	12905	via	0.01
1134	12906	via	0.01
1135	12907	via	0.01
1136	12908	via	0.01
1137	12909	via	0.01
1138	12910	via	0.01
1139	12911	via	0.01
1140	12912	via	0.01
1141	12913	via	0.01
1142	12914	via	0.01
1143	12915	via	0.01
1144	12916	via	0.01
1145	12917	via	0.01
1146	12918	via	0.01
1147	12919	via	0.01
1148	12920	via	0.01
1149	12921	via	0.01
1150	12922	via	0.01
1151	12923	via	0.01
1152	12924	via	0.01
1153	12925	via	0.01
1154	12926	via	0.01
1155	12927	via	0.01
1156	12928	via	0.01
1157	12929	via	0.01
1158	12930	via	0.01
1159	12931	via	0.01
1160	12932	via	0.01
1161	12933	via	0.01
1162	12934	via	0.01
1163	12935	via	0.01
1164	12936	via	0.01
1165	12937	via	0.01
1166	12938	via	0.01
1167	12939	via	0.01
1168	12940	via	0.01
1169	12941	via	0.01
1170	12942	via	0.01
1171	12943	via	0.01
1172	12944	via	0.01
1173	12945	via	0.01
1174	12946	via	0.01
1175	12947	via	0.01
1176	12948	via	0.01
1177	12949	via	0.01
1178	12950	via	0.01
1179	12951	via	0.01
1180	12952	via	0.01
1181	12953	via	0.01
1182	12954	via	0.01
1183	12955	via	0.01
1184	12956	via	0.01
1185	12957	via	0.01
1186	12958	via	0.01
1187	12959	via	0.01
1188	12960	via	0.01
1189	12961	via	0.01
1190	12962	via	0.01
1191	12963	via	0.01
1192	12964	via	0.01
1193	12965	via	0.01
1194	12966	via	0.01
1195	12967	via	0.01
1196	12968	via	0.01
1197	12969	via	0.01
1198	12970	via	0.01
1199	12971	via	0.01
1200	12972	via	0.01
1201	12973	via	0.01
1202	12974	via	0.01
1203	12975	via	0.01
1204	12976	via	0.01
1205	12977	via	0.01
1206	12978	via	0.01
1207	12979	via	0.01
1208	12980	via	0.01
1209	12981	via	0.01
1210	12982	via	0.01
1211	12983	via	0.01
1212	12984	via	0.01
1213	12985	via	0.01
1214	12986	via	0.01
1215	12987	via	0.01
1216	12988	via	0.01
1217	12989	via	0.01
1218	12990	via	0.01
1219	12991	via	0.01
1220	12992	via	0.01
1221	12993	via	0.01
1222	12994	via	0.01
1223	12995	via	0.01
1224	12996	via	0.01
1225	12997	via	0.01
1226	12998	via	0.01
1227	12999	via	0.01
1228	13000	via	0.01
1229	13001	via	0.01
1230	13002	via	0.01
1231	13003	via	0.01
1232	13004	via	0.01
1233	13005	via	0.01
1234	13006	via	0.01
1235	13007	via	0.01
1236	13008	via	0.01
1237	13009	via	0.01
1238	13010	via	0.01
1239	13011	via	0.01
1240	13012	via	0.01
1241	13013	via	0.01
1242	13014	via	0.01
1243	13015	via	0.01
1244	13016	via	0.01
1245	13017	via	0.01
1246	13018	via	0.01
1247	13019	via	0.01
1248	13020	via	0.01
1249	13021	via	0.01
1250	13022	via	0.01
1251	13023	via	0.01
1252	13024	via	0.01
1253	13025	via	0.01
1254	13026	via	0.01
1255	13027	via	0.01
1256	13028	via	0.01
1257	13029	via	0.01
1258	13030	via	0.01
1259	13031	via	0.01
1260	13032	via	0.01
1261	13033	via	0.01
1262	13034	via	0.01
1263	13035	via	0.01
1264	13036	via	0.01
1265	13037	via	0.01
1266	13038	via	0.01
1267	13039	via	0.01
1268	13040	via	0.01
1269	13041	via	0.01
1270	13042	via	0.01
1271	13043	via	0.01
1272	13044	via	0.01
1273	13045	via	0.01
1274	13046	via	0.01
1275	13047	via	0.01
1276	13048	via	0.01
1277	13049	via	0.01
1278	13050	via	0.01
1279	13051	via	0.01
1280	13052	via	0.01
1281	13053	via	0.01
1282	13054	via	0.01
1283	13055	via	0.01
1284	13056	via	0.01
1285	13057	via	0.01
1286	13058	via	0.01
1287	13059	via	0.01
1288	13060	via	0.01
1289	13061	via	0.01
1290	13062	via	0.01
1291	13063	via	0.01
1292	13064	via	0.01
1293	13065	via	0.01
1294	13066	via	0.01
1295	13067	via	0.01
1296	13068	via	0.01
1297	13069	via	0.01
1298	13070	via	0.01
1299	13071	via	0.01
1300	13072	via	0.01
1301	13073	via	0.01
1302	13074	via	0.01
1303	13075	via	0.01
1304	13076	via	0.01
1305	13077	via	0.01
1306	13078	via	0.01
1307	13079	via	0.01
1308	13080	via	0.01
1309	13081	via	0.01
1310	13082	via	0.01
1311	13083	via	0.01
1312	13084	via	0.01
1313	13085	via	0.01
1314	13086	via	0.01
1315	13087	via	0.01
1316	13088	via	0.01
1317	13089	via	0.01
1318	13090	via	0.01
1319	13091	via	0.01
1320	13092	via	0.01
1321	13093	via	0.01
1322	13094	via	0.01
1323	13095	via	0.01
1324	13096	via	0.01
1325	13097	via	0.01
1326	13098	via	0.01
1327	13099	via	0.01
1328	13100	via	0.01
1329	13101	via	0.01
1330	13102	via	0.01
1331	13103	via	0.01
1332	13104	via	0.01
1333	13105	via	0.01
1334	13106	via	0.01
1335	13107	via	0.01
1336	13108	via	0.01
1337	13109	via	0.01
1338	13110	via	0.01
1339	13111	via	0.01
1340	13112	via	0.01
1341	13113	via	0.01
1342	13114	via	0.01
1343	13115	via	0.01
1344	13116	via	0.01
1345	13117	via	0.01
1346	13118	via	0.01
1347	13119	via	0.01
1348	13120	via	0.01
1349	13121	via	0.01
1350	13122	via	0.01
1351	13123	via	0.01
1352	13124	via	0.01
1353	13125	via	0.01
1354	13126	via	0.01
1355	13127	via	0.01
1356	13128	via	0.01
1357	13129	via	0.01
1358	13130	via	0.01
1359	13131	via	0.01
1360	13132	via	0.01
1361	13133	via	0.01
1362	13134	via	0.01
1363	13135	via	0.01
1364	13136	via	0.01
1365	13137	via	0.01
1366	13138	via	0.01
1367	13139	via	0.01
1368	13140	via	0.01
1369	13141	via	0.01
1370	13142	via	0.01
1371	13143	via	0.01
1372	13144	via	0.01
1373	13145	via	0.01
1374	13146	via	0.01
1375	13147	via	0.01
1376	13148	via	0.01
1377	13149	via	0.01
1378	13150	via	0.01
1379	13151	via	0.01
1380	13152	via	0.01
1381	13153	via	0.01
1382	13154	via	0.01
1383	13155	via	0.01
1384	13156	via	0.01
1385	13157	via	0.01
1386	13158	via	0.01
1387	13159	via	0.01
1388	13160	via	0.01
1389	13161	via	0.01
1390	13162	via	0.01
1391	13163	via	0.01
1392	13164	via	0.01
1393	13165	via	0.01
1394	13166	via	0.01
1395	13167	via	0.01
1396	13168	via	0.01
1397	13169	via	0.01
1398	13170	via	0.01
1399	13171	via	0.01
1400	13172	via	0.01
1401	13173	via	0.01
1402	13174	via	0.01
1403	13175	via	0.01
1404	13176	via	0.01
1405	13177	via	0.01
1406	13178	via	0.01
1407	13179	via	0.01
1408	13180	via	0.01
1409	13181	via	0.01
1410	13182	via	0.01
1411	13183	via	0.01
1412	13184	via	0.01
1413	13185	via	0.01
1414	13186	via	0.01
1415	13187	via	0.01
1416	13188	via	0.01
1417	13189	via	0.01
1418	13190	via	0.01
1419	13191	via	0.01
1420	13192	via	0.01
1421	13193	via	0.01
1422	13194	via	0.01
1423	13195	via	0.01
1424	13196	via	0.01
1425	13197	via	0.01
1426	13198	via	0.01
1427	13199	via	0.01
1428	13200	via	0.01
1429	13201	via	0.01
1430	13202	via	0.01
1431	13203	via	0.01
1432	13204	via	0.01
1433	13205	via	0.01
1434	13206	via	0.01
1435	13207	via	0.01
1436	13208	via	0.01
1437	13209	via	0.01
1438	13210	via	0.01
1439	13211	via	0.01
1440	13212	via	0.01
1441	13213	via	0.01
1442	13214	via	0.01
1443	13215	via	0.01
1444	13216	via	0.01
1445	13217	via	0.01
1446	13218	via	0.01
1447	13219	via	0.01
1448	13220	via	0.01
1449	13221	via	0.01
1450	13222	via	0.01
1451	13223	via	0.01
1452	13224	via	0.01
1453	13225	via	0.01
1454	13226	via	0.01
1455	13227	via	0.01
1456	13228	via	0.01
1457	13229	via	0.01
1458	13230	via	0.01
1459	13231	via	0.01
1460	13232	via	0.01
1461	13233	via	0.01
1462	13234	via	0.01
1463	13235	via	0.01
1464	13236	via	0.01
1465	13237	via	0.01
1466	13238	via	0.01
1467	13239	via	0.01
1468	13240	via	0.01
1469	13241	via	0.01
1470	13242	via	0.01
1471	13243	via	0.01
1472	13244	via	0.01
1473	13245	via	0.01
1474	13246	via	0.01
1475	13247	via	0.01
1476	13248	via	0.01
1477	13249	via	0.01
1478	13250	via	0.01
1479	13251	via	0.01
1480	13252	via	0.01
1481	13253	via	0.01
1482	13254	via	0.01
1483	13255	via	0.01
1484	13256	via	0.01
1485	13257	via	0.01
1486	13258	via	0.01
1487	13259	via	0.01
1488	13260	via	0.01
1489	13261	via	0.01
1490	13262	via	0.01
1491	13263	via	0.01
1492	13264	via	0.01
1493	13265	via	0.01
1494	13266	via	0.01
1495	13267	via	0.01
1496	13268	via	0.01
1497	13269	via	0.01
1498	13270	via	0.01
1499	13271	via	0.01
1500	13272	via	0.01
1501	13273	via	0.01
1502	13274	via	0.01
1503	13275	via	0.01
1504	13276	via	0.01
1505	13277	via	0.01
1506	13278	via	0.01
1507	13279	via	0.01
1508	13280	via	0.01
1509	13281	via	0.01
1510	13282	via	0.01
1511	13283	via	0.01
1512	13284	via	0.01
1513	13285	via	0.01
1514	13286	via	0.01
1515	13287	via	0.01
1516	13288	via	0.01
1517	13289	via	0.01
1518	13290	via	0.01
1519	13291	via	0.01
1520	13292	via	0.01
1521	13293	via	0.01
1522	13294	via	0.01
1523	13295	via	0.01
1524	13296	via	0.01
1525	13297	via	0.01
1526	13298	via	0.01
1527	13299	via	0.01
1528	13300	via	0.01
1529	13301	via	0.01
1530	13302	via	0.01
1531	13303	via	0.01
1532	13304	via	0.01
1533	13305	via	0.01
1534	13306	via	0.01
1535	13307	via	0.01
1536	13308	via	0.01
1537	13309	via	0.01
1538	13310	via	0.01
1539	13311	via	0.01
1540	13312	via	0.01
1541	13313	via	0.01
1542	13314	via	0.01
1543	13315	via	0.01
1544	13316	via	0.01
1545	13317	via	0.01
1546	13318	via	0.01
1547	13319	via	0.01
1548	13320	via	0.01
1549	13321	via	0.01
1550	13322	via	0.01
1551	13323	via	0.01
1552	13324	via	0.01
1553	13325	via	0.01
1554	13326	via	0.01
1555	13327	via	0.01
1556	13328	via	0.01
1557	13329	via	0.01
1558	13330	via	0.01
1559	13331	via	0.01
1560	13332	via	0.01
1561	13333	via	0.01
1562	13334	via	0.01
1563	13335	via	0.01
1564	13336	via	0.01
1565	13337	via	0.01
1566	13338	via	0.01
1567	13339	via	0.01
1568	13340	via	0.01
1569	13341	via	0.01
1570	13342	via	0.01
1571	13343	via	0.01
1572	13344	via	0.01
1573	13345	via	0.01
1574	13346	via	0.01
1575	13347	via	0.01
1576	13348	via	0.01
1577	13349	via	0.01
1578	13350	via	0.01
1579	13351	via	0.01
1580	13352	via	0.01
1581	13353	via	0.01
1582	13354	via	0.01
1583	13355	via	0.01
1584	13356	via	0.01
1585	13357	via	0.01
1586	13358	via	0.01
1587	13359	via	0.01
1588	13360	via	0.01
1589	13361	via	0.01
1590	13362	via	0.01
1591	13363	via	0.01
1592	13364	via	0.01
1593	13365	via	0.01
1594	13366	via	0.01
1595	13367	via	0.01
1596	13368	via	0.01
1597	13369	via	0.01
1598	13370	via	0.01
1599	13371	via	0.01
1600	13372	via	0.01
1601	13373	via	0.01
1602	13374	via	0.01
1603	13375	via	0.01
1604	13376	via	0.01
1605	13377	via	0.01
1606	13378	via	0.01
1607	13379	via	0.01
1608	13380	via	0.01
1609	13381	via	0.01
1610	13382	via	0.01
1611	13383	via	0.01
1612	13384	via	0.01
1613	13385	via	0.01
1614	13386	via	0.01
1615	13387	via	0.01
1616	13388	via	0.01
1617	13389	via	0.01
1618	13390	via	0.01
1619	13391	via	0.01
1620	13392	via	0.01
1621	13393	via	0.01
1622	13394	via	0.01
1623	13395	via	0.01
1624	13396	via	0.01
1625	13397	via	0.01
1626	13398	via	0.01
1627	13399	via	0.01
1628	13400	via	0.01
1629	13401	via	0.01
1630	13402	via	0.01
1631	13403	via	0.01
1632	13404	via	0.01
1633	13405	via	0.01
1634	13406	via	0.01
1635	13407	via	0.01
1636	13408	via	0.01
1637	13409	via	0.01
1638	13410	via	0.01
1639	13411	via	0.01
1640	13412	via	0.01
1641	13413	via	0.01
1642	13414	via	0.01
1643	13415	via	0.01
1644	13416	via	0.01
1645	13417	via	0.01
1646	13418	via	0.01
1647	13419	via	0.01
1648	13420	via	0.01
1649	13421	via	0.01
1650	13422	via	0.01
1651	13423	via	0.01
1652	13424	via	0.01
1653	13425	via	0.01
1654	13426	via	0.01
1655	13427	via	0.01
1656	13428	via	0.01
1657	13429	via	0.01
1658	13430	via	0.01
1659	13431	via	0.01
1660	13432	via	0.01
1661	13433	via	0.01
1662	13434	via	0.01
1663	13435	via	0.01
1664	13436	via	0.01
1665	13437	via	0.01
1666	13438	via	0.01
1667	13439	via	0.01
1668	13440	via	0.01
1669	13441	via	0.01
1670	13442	via	0.01
1671	13443	via	0.01
1672	13444	via	0.01
1673	13445	via	0.01
1674	13446	via	0.01
1675	13447	via	0.01
1676	13448	via	0.01
1677	13449	via	0.01
1678	13450	via	0.01
1679	13451	via	0.01
1680	13452	via	0.01
1681	13453	via	0.01
1682	13454	via	0.01
1683	13455	via	0.01
1684	13456	via	0.01
1685	13457	via	0.01
1686	13458	via	0.01
1687	13459	via	0.01
1688	13460	via	0.01
1689	13461	via	0.01
1690	13462	via	0.01
1691	13463	via	0.01
1692	13464	via	0.01
1693	13465	via	0.01
1694	13466	via	0.01
1695	13467	via	0.01
1696	13468	via	0.01
1697	13469	via	0.01
1698	13470	via	0.01
1699	13471	via	0.01
1700	13472	via	0.01
1701	13473	via	0.01
1702	13474	via	0.01
1703	13475	via	0.01
1704	13476	via	0.01
1705	13477	via	0.01
1706	13478	via	0.01
1707	13479	via	0.01
1708	13480	via	0.01
1709	13481	via	0.01
1710	13482	via	0.01
1711	13483	via	0.01
1712	13484	via	0.01
1713	13485	via	0.01
1714	13486	via	0.01
1715	13487	via	0.01
1716	13488	via	0.01
1717	13489	via	0.01
1718	13490	via	0.01
1719	13491	via	0.01
1720	13492	via	0.01
1721	13493	via	0.01
1722	13494	via	0.01
1723	13495	via	0.01
1724	13496	via	0.01
1725	13497	via	0.01
1726	13498	via	0.01
1727	13499	via	0.01
1728	13500	via	0.01
1729	13501	via	0.01
1730	13502	via	0.01
1731	13503	via	0.01
1732	13504	via	0.01
1733	13505	via	0.01
1734	13506	via	0.01
1735	13507	via	0.01
1736	13508	via	0.01
1737	13509	via	0.01
1738	13510	via	0.01
1739	13511	via	0.01
1740	13512	via	0.01
1741	13513	via	0.01
1742	13514	via	0.01
1743	13515	via	0.01
1744	13516	via	0.01
1745	13517	via	0.01
1746	13518	via	0.01
1747	13519	via	0.01
1748	13520	via	0.01
1749	13521	via	0.01
1750	13522	via	0.01
1751	13523	via	0.01
1752	13524	via	0.01
1753	13525	via	0.01
1754	13526	via	0.01
1755	13527	via	0.01
1756	13528	via	0.01
1757	13529	via	0.01
1758	13530	via	0.01
1759	13531	via	0.01
1760	13532	via	0.01
1761	13533	via	0.01
1762	13534	via	0.01
1763	13535	via	0.01
1764	13536	via	0.01
1765	13537	via	0.01
1766	13538	via	0.01
1767	13539	via	0.01
1768	13540	via	0.01
1769	13541	via	0.01
1770	13542	via	0.01
1771	13543	via	0.01
1772	13544	via	0.01
1773	13545	via	0.01
1774	13546	via	0.01
1775	13547	via	0.01
1776	13548	via	0.01
1777	13549	via	0.01
1778	13550	via	0.01
1779	13551	via	0.01
1780	13552	via	0.01
1781	13553	via	0.01
1782	13554	via	0.01
1783	13555	via	0.01
1784	13556	via	0.01
1785	13557	via	0.01
1786	13558	via	0.01
1787	13559	via	0.01
1788	13560	via	0.01
1789	13561	via	0.01
1790	13562	via	0.01
1791	13563	via	0.01
1792	13564	via	0.01
1793	13565	via	0.01
1794	13566	via	0.01
1795	13567	via	0.01
1796	13568	via	0.01
1797	13569	via	0.01
1798	13570	via	0.01
1799	13571	via	0.01
1800	13572	via	0.01
1801	13573	via	0.01
1802	13574	via	0.01
1803	13575	via	0.01
1804	13576	via	0.01
1805	13577	via	0.01
1806	13578	via	0.01
1807	13579	via	0.01
1808	13580	via	0.01
1809	13581	via	0.01
1810	13582	via	0.01
1811	13583	via	0.01
1812	13584	via	0.01
1813	13585	via	0.01
1814	13586	via	0.01
1815	13587	via	0.01
1816	13588	via	0.01
1817	13589	via	0.01
1818	13590	via	0.01
1819	13591	via	0.01
1820	13592	via	0.01
1821	13593	via	0.01
1822	13594	via	0.01
1823	13595	via	0.01
1824	13596	via	0.01
1825	13597	via	0.01
1826	13598	via	0.01
1827	13599	via	0.01
1828	13600	via	0.01
1829	13601	via	0.01
1830	13602	via	0.01
1831	13603	via	0.01
1832	13604	via	0.01
1833	13605	via	0.01
1834	13606	via	0.01
1835	13607	via	0.01
1836	13608	via	0.01
1837	13609	via	0.01
1838	13610	via	0.01
1839	13611	via	0.01
1840	13612	via	0.01
1841	13613	via	0.01
1842	13614	via	0.01
1843	13615	via	0.01
1844	13616	via	0.01
1845	13617	via	0.01
1846	13618	via	0.01
1847	13619	via	0.01
1848	13620	via	0.01
1849	13621	via	0.01
1850	13622	via	0.01
1851	13623	via	0.01
1852	13624	via	0.01
1853	13625	via	0.01
1854	13626	via	0.01
1855	13627	via	0.01
1856	13628	via	0.01
1857	13629	via	0.01
1858	13630	via	0.01
1859	13631	via	0.01
1860	13632	via	0.01
1861	13633	via	0.01
1862	13634	via	0.01
1863	13635	via	0.01
1864	13636	via	0.01
1865	13637	via	0.01
1866	13638	via	0.01
1867	13639	via	0.01
1868	13640	via	0.01
1869	13641	via	0.01
1870	13642	via	0.01
1871	13643	via	0.01
1872	13644	via	0.01
1873	13645	via	0.01
1874	13646	via	0.01
1875	13647	via	0.01
1876	13648	via	0.01
1877	13649	via	0.01
1878	13650	via	0.01
1879	13651	via	0.01
1880	13652	via	0.01
1881	13653	via	0.01
1882	13654	via	0.01
1883	13655	via	0.01
1884	13656	via	0.01
1885	13657	via	0.01
1886	13658	via	0.01
1887	13659	via	0.01
1888	13660	via	0.01
1889	13661	via	0.01
1890	13662	via	0.01
1891	13663	via	0.01
1892	13664	via	0.01
1893	13665	via	0.01
1894	13666	via	0.01
1895	13667	via	0.01
1896	13668	via	0.01
1897	13669	via	0.01
1898	13670	via	0.01
1899	13671	via	0.01
1900	13672	via	0.01
1901	13673	via	0.01
1902	13674	via	0.01
1903	13675	via	0.01
1904	13676	via	0.01
1905	13677	via	0.01
1906	13678	via	0.01
1907	13679	via	0.01
1908	13680	via	0.01
1909	13681	via	0.01
1910	13682	via	0.01
1911	13683	via	0.01
1912	13684	via	0.01
1913	13685	via	0.01
1914	13686	via	0.01
1915	13687	via	0.01
1916	13688	via	0.01
1917	13689	via	0.01
1918	13690	via	0.01
1919	13691	via	0.01
1920	13692	via	0.01
1921	13693	via	0.01
1922	13694	via	0.01
1923	13695	via	0.01
1924	13696	via	0.01
1925	13697	via	0.01
1926	13698	via	0.01
1927	13699	via	0.01
1928	13700	via	0.01
1929	13701	via	0.01
1930	13702	via	0.01
1931	13703	via	0.01
1932	13704	via	0.01
1933	13705	via	0.01
1934	13706	via	0.01
1935	13707	via	0.01
1936	13708	via	0.01
1937	13709	via	0.01
1938	13710	via	0.01
1939	13711	via	0.01
1940	13712	via	0.01
1941	13713	via	0.01
1942	13714	via	0.01
1943	13715	via	0.01
1944	13716	via	0.01
1945	13717	via	0.01
1946	13718	via	0.01
1947	13719	via	0.01
1948	13720	via	0.01
1949	13721	via	0.01
1950	13722	via	0.01
1951	13723	via	0.01
1952	13724	via	0.01
1953	13725	via	0.01
1954	13726	via	0.01
1955	13727	via	0.01
1956	13728	via	0.01
1957	13729	via	0.01
1958	13730	via	0.01
1959	13731	via	0.01
1960	13732	via	0.01
1961	13733	via	0.01
1962	13734	via	0.01
1963	13735	via	0.01
1964	13736	via	0.01
1965	13737	via	0.01
1966	13738	via	0.01
1967	13739	via	0.01
1968	13740	via	0.01
1969	13741	via	0.01
1970	13742	via	0.01
1971	13743	via	0.01
1972	13744	via	0.01
1973	13745	via	0.01
1974	13746	via	0.01
1975	13747	via	0.01
1976	13748	via	0.01
1977	13749	via	0.01
1978	13750	via	0.01
1979	13751	via	0.01
1980	13752	via	0.01
1981	13753	via	0.01
1982	13754	via	0.01
1983	13755	via	0.01
1984	13756	via	0.01
1985	13757	via	0.01
1986	13758	via	0.01
1987	13759	via	0.01
1988	13760	via	0.01
1989	13761	via	0.01
1990	13762	via	0.01
1991	13763	via	0.01
1992	13764	via	0.01
1993	13765	via	0.01
1994	13766	via	0.01
1995	13767	via	0.01
1996	13768	via	0.01
1997	13769	via	0.01
1998	13770	via	0.01
1999	13771	via	0.01
2000	13772	via	0.01
2001	13773	via	0.01
2002	13774	via	0.01
2003	13775	via	0.01
2004	13776	via	0.01
2005	13777	via	0.01
2006	13778	via	0.01
2007	13779	via	0.01
2008	13780	via	0.01
2009	13781	via	0.01
2010	13782	via	0.01
2011	13783	via	0.01
2012	13784	via	0.01
2013	13785	via	0.01
2014	13786	via	0.01
2015	13787	via	0.01
2016	13788	via	0.01
2017	13789	via	0.01
2018	13790	via	0.01
2019	13791	via	0.01
2020	13792	via	0.01
2021	13793	via	0.01
2022	13794	via	0.01
2023	13795	via	0.01
2024	13796	via	0.01
2025	13797	via	0.01
2026	13798	via	0.01
2027	13799	via	0.01
2028	13800	via	0.01
2029	13801	via	0.01
2030	13802	via	0.01
2031	13803	via	0.01
2032	13804	via	0.01
2033	13805	via	0.01
2034	13806	via	0.01
2035	13807	via	0.01
2036	13808	via	0.01
2037	13809	via	0.01
2038	13810	via	0.01
2039	13811	via	0.01
2040	13812	via	0.01
2041	13813	via	0.01
2042	13814	via	0.01
2043	13815	via	0.01
2044	13816	via	0.01
2045	13817	via	0.01
2046	13818	via	0.01
2047	13819	via	0.01
2048	13820	via	0.01
2049	13821	via	0.01
2050	13822	via	0.01
2051	13823	via	0.01
2052	13824	via	0.01
2053	13825	via	0.01
2054	13826	via	0.01
2055	13827	via	0.01
2056	13828	via	0.01
2057	13829	via	0.01
2058	13830	via	0.01
2059	13831	via	0.01
2060	13832	via	0.01
2061	13833	via	0.01
2062	13834	via	0.01
2063	13835	via	0.01
2064	13836	via	0.01
2065	13837	via	0.01
2066	13838	via	0.01
2067	13839	via	0.01
2068	13840	via	0.01
2069	13841	via	0.01
2070	13842	via	0.01
2071	13843	via	0.01
2072	13844	via	0.01
2073	13845	via	0.01
2074	13846	via	0.01
2075	13847	via	0.01
2076	13848	via	0.01
2077	13849	via	0.01
2078	13850	via	0.01
2079	13851	via	0.01
2080	13852	via	0.01
2081	13853	via	0.01
2082	13854	via	0.01
2083	13855	via	0.01
2084	13856	via	0.01
2085	13857	via	0.01
2086	13858	via	0.01
2087	13859	via	0.01
2088	13860	via	0.01
2089	13861	via	0.01
2090	13862	via	0.01
2091	13863	via	0.01
2092	13864	via	0.01
2093	13865	via	0.01
2094	13866	via	0.01
2095	13867	via	0.01
2096	13868	via	0.01
2097	13869	via	0.01
2098	13870	via	0.01
2099	13871	via	0.01
2100	13872	via	0.01
2101	13873	via	0.01
2102	13874	via	0.01
2103	13875	via	0.01
2104	13876	via	0.01
2105	13877	via	0.01
2106	13878	via	0.01
2107	13879	via	0.01
2108	13880	via	0.01
2109	13881	via	0.01
2110	13882	via	0.01
2111	13883	via	0.01
2112	13884	via	0.01
2113	13885	via	0.01
2114	13886	via	0.01
2115	13887	via	0.01
2116	13888	via	0.01
2117	13889	via	0.01
2118	13890	via	0.01
2119	13891	via	0.01
2120	13892	via	0.01
2121	13893	via	0.01
2122	13894	via	0.01
2123	13895	via	0.01
2124	13896	via	0.01
2125	13897	via	0.01
2126	13898	via	0.01
2127	13899	via	0.01
2128	13900	via	0.01
2129	13901	via	0.01
2130	13902	via	0.01
2131	13903	via	0.01
2132	13904	via	0.01
2133	13905	via	0.01
2134	13906	via	0.01
2135	13907	via	0.01
2136	13908	via	0.01
2137	13909	via	0.01
2138	13910	via	0.01
2139	13911	via	0.01
2140	13912	via	0.01
2141	13913	via	0.01
2142	13914	via	0.01
2143	13915	via	0.01
2144	13916	via	0.01
2145	13917	via	0.01
2146	13918	via	0.01
2147	13919	via	0.01
2148	13920	via	0.01
2149	13921	via	0.01
2150	13922	via	0.01
2151	13923	via	0.01
2152	13924	via	0.01
2153	13925	via	0.01
2154	13926	via	0.01
2155	13927	via	0.01
2156	13928	via	0.01
2157	13929	via	0.01
2158	13930	via	0.01
2159	13931	via	0.01
2160	13932	via	0.01
2161	13933	via	0.01
2162	13934	via	0.01
2163	13935	via	0.01
2164	13936	via	0.01
2165	13937	via	0.01
2166	13938	via	0.01
2167	13939	via	0.01
2168	13940	via	0.01
2169	13941	via	0.01
2170	13942	via	0.01
2171	13943	via	0.01
2172	13944	via	0.01
2173	13945	via	0.01
2174	13946	via	0.01
2175	13947	via	0.01
2176	13948	via	0.01
2177	13949	via	0.01
2178	13950	via	0.01
2179	13951	via	0.01
2180	13952	via	0.01
2181	13953	via	0.01
2182	13954	via	0.01
2183	13955	via	0.01
2184	13956	via	0.01
2185	13957	via	0.01
2186	13958	via	0.01
2187	13959	via	0.01
2188	13960	via	0.01
2189	13961	via	0.01
2190	13962	via	0.01
2191	13963	via	0.01
2192	13964	via	0.01
2193	13965	via	0.01
2194	13966	via	0.01
2195	13967	via	0.01
2196	13968	via	0.01
2197	13969	via	0.01
2198	13970	via	0.01
2199	13971	via	0.01
2200	13972	via	0.01
2201	13973	via	0.01
2202	13974	via	0.01
2203	13975	via	0.01
2204	13976	via	0.01
2205	13977	via	0.01
2206	13978	via	0.01
2207	13979	via	0.01
2208	13980	via	0.01
2209	13981	via	0.01
2210	13982	via	0.01
2211	13983	via	0.01
2212	13984	via	0.01
2213	13985	via	0.01
2214	13986	via	0.01
2215	13987	via	0.01
2216	13988	via	0.01
2217	13989	via	0.01
2218	13990	via	0.01
2219	13991	via	0.01
2220	13992	via	0.01
2221	13993	via	0.01
2222	13994	via	0.01
2223	13995	via	0.01
2224	13996	via	0.01
2225	13997	via	0.01
2226	13998	via	0.01
2227	13999	via	0.01
2228	14000	via	0.01
2229	14001	via	0.01
2230	14002	via	0.01
2231	14003	via	0.01
2232	14004	via	0.01
2233	14005	via	0.01
2234	14006	via	0.01
2235	14007	via	0.01
2236	14008	via	0.01
2237	14009	via	0.01
2238	14010	via	0.01
2239	14011	via	0.01
2240	14012	via	0.01
2241	14013	via	0.01
2242	14014	via	0.01
2243	14015	via	0.01
2244	14016	via	0.01
2245	14017	via	0.01
2246	14018	via	0.01
2247	14019	via	0.01
2248	14020	via	0.01
2249	14021	via	0.01
2250	14022	via	0.01
2251	14023	via	0.01
2252	14024	via	0.01
2253	14025	via	0.01
2254	14026	via	0.01
2255	14027	via	0.01
2256	14028	via	0.01
2257	14029	via	0.01
2258	14030	via	0.01
2259	14031	via	0.01
2260	14032	via	0.01
2261	14033	via	0.01
2262	14034	via	0.01
2263	14035	via	0.01
2264	14036	via	0.01
2265	14037	via	0.01
2266	14038	via	0.01
2267	14039	via	0.01
2268	14040	via	0.01
2269	14041	via	0.01
2270	14042	via	0.01
2271	14043	via	0.01
2272	14044	via	0.01
2273	14045	via	0.01
2274	14046	via	0.01
2275	14047	via	0.01
2276	14048	via	0.01
2277	14049	via	0.01
2278	14050	via	0.01
2279	14051	via	0.01
2280	14052	via	0.01
2281	14053	via	0.01
2282	14054	via	0.01
2283	14055	via	0.01
2284	14056	via	0.01
2285	14057	via	0.01
2286	14058	via	0.01
2287	14059	via	0.01
2288	14060	via	0.01
2289	14061	via	0.01
2290	14062	via	0.01
2291	14063	via	0.01
2292	14064	via	0.01
2293	14065	via	0.01
2294	14066	via	0.01
2295	14067	via	0.01
2296	14068	via	0.01
2297	14069	via	0.01
2298	14070	via	0.01
2299	14071	via	0.01
2300	14072	via	0.01
2301	14073	via	0.01
2302	14074	via	0.01
2303	14075	via	0.01
2304	14076	via	0.01
2305	14077	via	0.01
2306	14078	via	0.01
2307	14079	via	0.01
2308	14080	via	0.01
2309	14081	via	0.01
2310	14082	via	0.01
2311	14083	via	0.01
2312	14084	via	0.01
2313	14085	via	0.01
2314	14086	via	0.01
2315	14087	via	0.01
2316	14088	via	0.01
2317	14089	via	0.01
2318	14090	via	0.01
2319	14091	via	0.01
2320	14092	via	0.01
2321	14093	via	0.01
2322	14094	via	0.01
2323	14095	via	0.01
2324	14096	via	0.01
2325	14097	via	0.01
2326	14098	via	0.01
2327	14099	via	0.01
2328	14100	via	0.01
2329	14101	via	0.01
2330	14102	via	0.01
2331	14103	via	0.01
2332	14104	via	0.01
2333	14105	via	0.01
2334	14106	via	0.01
2335	14107	via	0.01
2336	14108	via	0.01
2337	14109	via	0.01
2338	14110	via	0.01
2339	14111	via	0.01
2340	14112	via	0.01
2341	14113	via	0.01
2342	14114	via	0.01
2343	14115	via	0.01
2344	14116	via	0.01
2345	14117	via	0.01
2346	14118	via	0.01
2347	14119	via	0.01
2348	14120	via	0.01
2349	14121	via	0.01
2350	14122	via	0.01
2351	14123	via	0.01
2352	14124	via	0.01
2353	14125	via	0.01
2354	14126	via	0.01
2355	14127	via	0.01
2356	14128	via	0.01
2357	14129	via	0.01
2358	14130	via	0.01
2359	14131	via	0.01
2360	14132	via	0.01
2361	14133	via	0.01
2362	14134	via	0.01
2363	14135	via	0.01
2364	14136	via	0.01
2365	14137	via	0.01
2366	14138	via	0.01
2367	14139	via	0.01
2368	14140	via	0.01
2369	14141	via	0.01
2370	14142	via	0.01
2371	14143	via	0.01
2372	14144	via	0.01
2373	14145	via	0.01
2374	14146	via	0.01
2375	14147	via	0.01
2376	14148	via	0.01
2377	14149	via	0.01
2378	14150	via	0.01
2379	14151	via	0.01
2380	14152	via	0.01
2381	14153	via	0.01
2382	14154	via	0.01
2383	14155	via	0.01
2384	14156	via	0.01
2385	14157	via	0.01
2386	14158	via	0.01
2387	14159	via	0.01
2388	14160	via	0.01
2389	14161	via	0.01
2390	14162	via	0.01
2391	14163	via	0.01
2392	14164	via	0.01
2393	14165	via	0.01
2394	14166	via	0.01
2395	14167	via	0.01
2396	14168	via	0.01
2397	14169	via	0.01
2398	14170	via	0.01
2399	14171	via	0.01
2400	14172	via	0.01
2401	14173	via	0.01
2402	14174	via	0.01
2403	14175	via	0.01
2404	14176	via	0.01
2405	14177	via	0.01
2406	14178	via	0.01
2407	14179	via	0.01
2408	14180	via	0.01
2409	14181	via	0.01
2410	14182	via	0.01
2411	14183	via	0.01
2412	14184	via	0.01
2413	14185	via	0.01
2414	14186	via	0.01
2415	14187	via	0.01
2416	14188	via	0.01
2417	14189	via	0.01
2418	14190	via	0.01
2419	14191	via	0.01
2420	14192	via	0.01
2421	14193	via	0.01
2422	14194	via	0.01
2423	14195	via	0.01
2424	14196	via	0.01
2425	14197	via	0.01
2426	14198	via	0.01
2427	14199	via	0.01
2428	14200	via	0.01
2429	14201	via	0.01
2430	14202	via	0.01
2431	14203	via	0.01
2432	14204	via	0.01
2433	14205	via	0.01
2434	14206	via	0.01
2435	14207	via	0.01
2436	14208	via	0.01
2437	14209	via	0.01
2438	14210	via	0.01
2439	14211	via	0.01
2440	14212	via	0.01
2441	14213	via	0.01
2442	14214	via	0.01
2443	14215	via	0.01
2444	14216	via	0.01
2445	14217	via	0.01
2446	14218	via	0.01
2447	14219	via	0.01
2448	14220	via	0.01
2449	14221	via	0.01
2450	14222	via	0.01
2451	14223	via	0.01
2452	14224	via	0.01
2453	14225	via	0.01
2454	14226	via	0.01
2455	14227	via	0.01
2456	14228	via	0.01
2457	14229	via	0.01
2458	14230	via	0.01
2459	14231	via	0.01
2460	14232	via	0.01
2461	14233	via	0.01
2462	14234	via	0.01
2463	14235	via	0.01
2464	14236	via	0.01
2465	14237	via	0.01
2466	14238	via	0.01
2467	14239	via	0.01
2468	14240	via	0.01
2469	14241	via	0.01
2470	14242	via	0.01
2471	14243	via	0.01
2472	14244	via	0.01
2473	14245	via	0.01
2474	14246	via	0.01
2475	14247	via	0.01
2476	14248	via	0.01
2477	14249	via	0.01
2478	14250	via	0.01
2479	14251	via	0.01
2480	14252	via	0.01
2481	14253	via	0.01
2482	14254	via	0.01
2483	14255	via	0.01
2484	14256	via	0.01
2485	14257	via	0.01
2486	14258	via	0.01
2487	14259	via	0.01
2488	14260	via	0.01
2489	14261	via	0.01
2490	14262	via	0.01
2491	14263	via	0.01
2492	14264	via	0.01
2493	14265	via	0.01
2494	14266	via	0.01
2495	14267	via	0.01
2496	14268	via	0.01
2497	14269	via	0.01
2498	14270	via	0.01
2499	14271	via	0.01
2500	14272	via	0.01
2501	14273	via	0.01
2502	14274	via	0.01
2503	14275	via	0.01
2504	14276	via	0.01
2505	14277	via	0.01
2506	14278	via	0.01
2507	14279	via	0.01
2508	14280	via	0.01
2509	14281	via	0.01
2510	14282	via	0.01
2511	14283	via	0.01
2512	14284	via	0.01
2513	14285	via	0.01
2514	14286	via	0.01
2515	14287	via	0.01
2516	14288	via	0.01
2517	14289	via	0.01
2518	14290	via	0.01
2519	14291	via	0.01
2520	14292	via	0.01
2521	14293	via	0.01
2522	14294	via	0.01
2523	14295	via	0.01
2524	14296	via	0.01
2525	14297	via	0.01
2526	14298	via	0.01
2527	14299	via	0.01
2528	14300	via	0.01
2529	14301	via	0.01
2530	14302	via	0.01
2531	14303	via	0.01
2532	14304	via	0.01
2533	14305	via	0.01
2534	14306	via	0.01
2535	14307	via	0.01
2536	14308	via	0.01
2537	14309	via	0.01
2538	14310	via	0.01
2539	14311	via	0.01
2540	14312	via	0.01
2541	14313	via	0.01
2542	14314	via	0.01
2543	14315	via	0.01
2544	14316	via	0.01
2545	14317	via	0.01
2546	14318	via	0.01
2547	14319	via	0.01
2548	14320	via	0.01
2549	14321	via	0.01
2550	14322	via	0.01
2551	14323	via	0.01
2552	14324	via	0.01
2553	14325	via	0.01
2554	14326	via	0.01
2555	14327	via	0.01
2556	14328	via	0.01
2557	14329	via	0.01
2558	14330	via	0.01
2559	14331	via	0.01
2560	14332	via	0.01
2561	14333	via	0.01
2562	14334	via	0.01
2563	14335	via	0.01
2564	14336	via	0.01
2565	14337	via	0.01
2566	14338	via	0.01
2567	14339	via	0.01
2568	14340	via	0.01
2569	14341	via	0.01
2570	14342	via	0.01
2571	14343	via	0.01
2572	14344	via	0.01
2573	14345	via	0.01
2574	14346	via	0.01
2575	14347	via	0.01
2576	14348	via	0.01
2577	14349	via	0.01
2578	14350	via	0.01
2579	14351	via	0.01
2580	14352	via	0.01
2581	14353	via	0.01
2582	14354	via	0.01
2583	14355	via	0.01
2584	14356	via	0.01
2585	14357	via	0.01
2586	14358	via	0.01
2587	14359	via	0.01
2588	14360	via	0.01
2589	14361	via	0.01
2590	14362	via	0.01
2591	14363	via	0.01
2592	14364	via	0.01
2593	14365	via	0.01
2594	14366	via	0.01
2595	14367	via	0.01
2596	14368	via	0.01
2597	14369	via	0.01
2598	14370	via	0.01
2599	14371	via	0.01
2600	14372	via	0.01
2601	14373	via	0.01
2602	14374	via	0.01
2603	14375	via	0.01
2604	14376	via	0.01
2605	14377	via	0.01
2606	14378	via	0.01
2607	14379	via	0.01
2608	14380	via	0.01
2609	14381	via	0.01
2610	14382	via	0.01
2611	14383	via	0.01
2612	14384	via	0.01
2613	14385	via	0.01
2614	14386	via	0.01
2615	14387	via	0.01
2616	14388	via	0.01
2617	14389	via	0.01
2618	14390	via	0.01
2619	14391	via	0.01
2620	14392	via	0.01
2621	14393	via	0.01
2622	14394	via	0.01
2623	14395	via	0.01
2624	14396	via	0.01
2625	14397	via	0.01
2626	14398	via	0.01
2627	14399	via	0.01
2628	14400	via	0.01
2629	14401	via	0.01
2630	14402	via	0.01
2631	14403	via	0.01
2632	14404	via	0.01
2633	14405	via	0.01
2634	14406	via	0.01
2635	14407	via	0.01
2636	14408	via	0.01
2637	14409	via	0.01
2638	14410	via	0.01
2639	14411	via	0.01
2640	14412	via	0.01
2641	14413	via	0.01
2642	14414	via	0.01
2643	14415	via	0.01
2644	14416	via	0.01
2645	14417	via	0.01
2646	14418	via	0.01
2647	14419	via	0.01
2648	14420	via	0.01
2649	14421	via	0.01
2650	14422	via	0.01
2651	14423	via	0.01
2652	14424	via	0.01
2653	14425	via	0.01
2654	14426	via	0.01
2655	14427	via	0.01
2656	14428	via	0.01
2657	14429	via	0.01
2658	14430	via	0.01
2659	14431	via	0.01
2660	14432	via	0.01
2661	14433	via	0.01
2662	14434	via	0.01
2663	14435	via	0.01
2664	14436	via	0.01
2665	14437	via	0.01
2666	14438	via	0.01
2667	14439	via	0.01
2668	14440	via	0.01
2669	14441	via	0.01
2670	14442	via	0.01
2671	14443	via	0.01
2672	14444	via	0.01
2673	14445	via	0.01
2674	14446	via	0.01
2675	14447	via	0.01
2676	14448	via	0.01
2677	14449	via	0.01
2678	14450	via	0.01
2679	14451	via	0.01
2680	14452	via	0.01
2681	14453	via	0.01
2682	14454	via	0.01
2683	14455	via	0.01
2684	14456	via	0.01
2685	14457	via	0.01
2686	14458	via	0.01
2687	14459	via	0.01
2688	14460	via	0.01
2689	14461	via	0.01
2690	14462	via	0.01
2691	14463	via	0.01
2692	14464	via	0.01
2693	14465	via	0.01
2694	14466	via	0.01
2695	14467	via	0.01
2696	14468	via	0.01
2697	14469	via	0.01
2698	14470	via	0.01
2699	14471	via	0.01
2700	14472	via	0.01
2701	14473	via	0.01
2702	14474	via	0.01
2703	14475	via	0.01
2704	14476	via	0.01
2705	14477	via	0.01
2706	14478	via	0.01
2707	14479	via	0.01
2708	14480	via	0.01
2709	14481	via	0.01
2710	14482	via	0.01
2711	14483	via	0.01
2712	14484	via	0.01
2713	14485	via	0.01
2714	14486	via	0.01
2715	14487	via	0.01
2716	14488	via	0.01
2717	14489	via	0.01
2718	14490	via	0.01
2719	14491	via	0.01
2720	14492	via	0.01
2721	14493	via	0.01
2722	14494	via	0.01
2723	14495	via	0.01
2724	14496	via	0.01
2725	14497	via	0.01
2726	14498	via	0.01
2727	14499	via	0.01
2728	14500	via	0.01
2729	14501	via	0.01
2730	14502	via	0.01
2731	14503	via	0.01
2732	14504	via	0.01
2733	14505	via	0.01
2734	14506	via	0.01
2735	14507	via	0.01
2736	14508	via	0.01
2737	14509	via	0.01
2738	14510	via	0.01
2739	14511	via	0.01
2740	14512	via	0.01
2741	14513	via	0.01
2742	14514	via	0.01
2743	14515	via	0.01
2744	14516	via	0.01
2745	14517	via	0.01
2746	14518	via	0.01
2747	14519	via	0.01
2748	14520	via	0.01
2749	14521	via	0.01
2750	14522	via	0.01
2751	14523	via	0.01
2752	14524	via	0.01
2753	14525	via	0.01
2754	14526	via	0.01
2755	14527	via	0.01
2756	14528	via	0.01
2757	14529	via	0.01
2758	14530	via	0.01
2759	14531	via	0.01
2760	14532	via	0.01
2761	14533	via	0.01
2762	14534	via	0.01
2763	14535	via	0.01
2764	14536	via	0.01
2765	14537	via	0.01
2766	14538	via	0.01
2767	14539	via	0.01
2768	14540	via	0.01
2769	14541	via	0.01
2770	14542	via	0.01
2771	14543	via	0.01
2772	14544	via	0.01
2773	14545	via	0.01
2774	14546	via	0.01
2775	14547	via	0.01
2776	14548	via	0.01
2777	14549	via	0.01
2778	14550	via	0.01
2779	14551	via	0.01
2780	14552	via	0.01
2781	14553	via	0.01
2782	14554	via	0.01
2783	14555	via	0.01
2784	14556	via	0.01
2785	14557	via	0.01
2786	14558	via	0.01
2787	14559	via	0.01
2788	14560	via	0.01
2789	14561	via	0.01
2790	14562	via	0.01
2791	14563	via	0.01
2792	14564	via	0.01
2793	14565	via	0.01
2794	14566	via	0.01
2795	14567	via	0.01
2796	14568	via	0.01
2797	14569	via	0.01
2798	14570	via	0.01
2799	14571	via	0.01
2800	14572	via	0.01
2801	14573	via	0.01
2802	14574	via	0.01
2803	14575	via	0.01
2804	14576	via	0.01
2805	14577	via	0.01
2806	14578	via	0.01
2807	14579	via	0.01
2808	14580	via	0.01
2809	14581	via	0.01
2810	14582	via	0.01
2811	14583	via	0.01
2812	14584	via	0.01
2813	14585	via	0.01
2814	14586	via	0.01
2815	14587	via	0.01
2816	14588	via	0.01
2817	14589	via	0.01
2818	14590	via	0.01
2819	14591	via	0.01
2820	14592	via	0.01
2821	14593	via	0.01
2822	14594	via	0.01
2823	14595	via	0.01
2824	14596	via	0.01
2825	14597	via	0.01
2826	14598	via	0.01
2827	14599	via	0.01
2828	14600	via	0.01
2829	14601	via	0.01
2830	14602	via	0.01
2831	14603	via	0.01
2832	14604	via	0.01
2833	14605	via	0.01
2834	14606	via	0.01
2835	14607	via	0.01
2836	14608	via	0.01
2837	14609	via	0.01
2838	14610	via	0.01
2839	14611	via	0.01
2840	14612	via	0.01
2841	14613	via	0.01
2842	14614	via	0.01
2843	14615	via	0.01
2844	14616	via	0.01
2845	14617	via	0.01
2846	14618	via	0.01
2847	14619	via	0.01
2848	14620	via	0.01
2849	14621	via	0.01
2850	14622	via	0.01
2851	14623	via	0.01
2852	14624	via	0.01
2853	14625	via	0.01
2854	14626	via	0.01
2855	14627	via	0.01
2856	14628	via	0.01
2857	14629	via	0.01
2858	14630	via	0.01
2859	14631	via	0.01
2860	14632	via	0.01
2861	14633	via	0.01
2862	14634	via	0.01
2863	14635	via	0.01
2864	14636	via	0.01
2865	14637	via	0.01
2866	14638	via	0.01
2867	14639	via	0.01
2868	14640	via	0.01
2869	14641	via	0.01
2870	14642	via	0.01
2871	14643	via	0.01
2872	14644	via	0.01
2873	14645	via	0.01
2874	14646	via	0.01
2875	14647	via	0.01
2876	14648	via	0.01
2877	14649	via	0.01
2878	14650	via	0.01
2879	14651	via	0.01
2880	14652	via	0.01
2881	14653	via	0.01
2882	14654	via	0.01
2883	14655	via	0.01
2884	14656	via	0.01
2885	14657	via	0.01
2886	14658	via	0.01
2887	14659	via	0.01
2888	14660	via	0.01
2889	14661	via	0.01
2890	14662	via	0.01
2891	14663	via	0.01
2892	14664	via	0.01
2893	14665	via	0.01
2894	14666	via	0.01
2895	14667	via	0.01
2896	14668	via	0.01
2897	14669	via	0.01
2898	14670	via	0.01
2899	14671	via	0.01
2900	14672	via	0.01
2901	14673	via	0.01
2902	14674	via	0.01
2903	14675	via	0.01
2904	14676	via	0.01
2905	14677	via	0.01
2906	14678	via	0.01
2907	14679	via	0.01
2908	14680	via	0.01
2909	14681	via	0.01
2910	14682	via	0.01
2911	14683	via	0.01
2912	14684	via	0.01
2913	14685	via	0.01
2914	14686	via	0.01
2915	14687	via	0.01
2916	14688	via	0.01
2917	14689	via	0.01
2918	14690	via	0.01
2919	14691	via	0.01
2920	14692	via	0.01
2921	14693	via	0.01
2922	14694	via	0.01
2923	14695	via	0.01
2924	14696	via	0.01
2925	14697	via	0.01
2926	14698	via	0.01
2927	14699	via	0.01
2928	14700	via	0.01
2929	14701	via	0.01
2930	14702	via	0.01
2931	14703	via	0.01
2932	14704	via	0.01
2933	14705	via	0.01
2934	14706	via	0.01
2935	14707	via	0.01
2936	14708	via	0.01
2937	14709	via	0.01
2938	14710	via	0.01
2939	14711	via	0.01
2940	14712	via	0.01
2941	14713	via	0.01
2942	14714	via	0.01
2943	14715	via	0.01
2944	14716	via	0.01
2945	14717	via	0.01
2946	14718	via	0.01
2947	14719	via	0.01
2948	14720	via	0.01
2949	14721	via	0.01
2950	14722	via	0.01
2951	14723	via	0.01
2952	14724	via	0.01
2953	14725	via	0.01
2954	14726	via	0.01
2955	14727	via	0.01
2956	14728	via	0.01
2957	14729	via	0.01
2958	14730	via	0.01
2959	14731	via	0.01
2960	14732	via	0.01
2961	14733	via	0.01
2962	14734	via	0.01
2963	14735	via	0.01
2964	14736	via	0.01
2965	14737	via	0.01
2966	14738	via	0.01
2967	14739	via	0.01
2968	14740	via	0.01
2969	14741	via	0.01
2970	14742	via	0.01
2971	14743	via	0.01
2972	14744	via	0.01
2973	14745	via	0.01
2974	14746	via	0.01
2975	14747	via	0.01
2976	14748	via	0.01
2977	14749	via	0.01
2978	14750	via	0.01
2979	14751	via	0.01
2980	14752	via	0.01
2981	14753	via	0.01
2982	14754	via	0.01
2983	14755	via	0.01
2984	14756	via	0.01
2985	14757	via	0.01
2986	14758	via	0.01
2987	14759	via	0.01
2988	14760	via	0.01
2989	14761	via	0.01
2990	14762	via	0.01
2991	14763	via	0.01
2992	14764	via	0.01
2993	14765	via	0.01
2994	14766	via	0.01
2995	14767	via	0.01
2996	14768	via	0.01
2997	14769	via	0.01
2998	14770	via	0.01
2999	14771	via	0.01
3000	14772	via	0.01
3001	14773	via	0.01
3002	14774	via	0.01
3003	14775	via	0.01
3004	14776	via	0.01
3005	14777	via	0.01
3006	14778	via	0.01
3007	14779	via	0.01
3008	14780	via	0.01
3009	14781	via	0.01
3010	14782	via	0.01
3011	14783	via	0.01
3012	14784	via	0.01
3013	14785	via	0.01
3014	14786	via	0.01
3015	14787	via	0.01
3016	14788	via	0.01
3017	14789	via	0.01
3018	14790	via	0.01
3019	14791	via	0.01
3020	14792	via	0.01
3021	14793	via	0.01
3022	14794	via	0.01
3023	14795	via	0.01
3024	14796	via	0.01
3025	14797	via	0.01
3026	14798	via	0.01
3027	14799	via	0.01
3028	14800	via	0.01
3029	14801	via	0.01
3030	14802	via	0.01
3031	14803	via	0.01
3032	14804	via	0.01
3033	14805	via	0.01
3034	14806	via	0.01
3035	14807	via	0.01
3036	14808	via	0.01
3037	14809	via	0.01
3038	14810	via	0.01
3039	14811	via	0.01
3040	14812	via	0.01
3041	14813	via	0.01
3042	14814	via	0.01
3043	14815	via	0.01
3044	14816	via	0.01
3045	14817	via	0.01
3046	14818	via	0.01
3047	14819	via	0.01
3048	14820	via	0.01
3049	14821	via	0.01
3050	14822	via	0.01
3051	14823	via	0.01
3052	14824	via	0.01
3053	14825	via	0.01
3054	14826	via	0.01
3055	14827	via	0.01
3056	14828	via	0.01
3057	14829	via	0.01
3058	14830	via	0.01
3059	14831	via	0.01
3060	14832	via	0.01
3061	14833	via	0.01
3062	14834	via	0.01
3063	14835	via	0.01
3064	14836	via	0.01
3065	14837	via	0.01
3066	14838	via	0.01
3067	14839	via	0.01
3068	14840	via	0.01
3069	14841	via	0.01
3070	14842	via	0.01
3071	14843	via	0.01
3072	14844	via	0.01
3073	14845	via	0.01
3074	14846	via	0.01
3075	14847	via	0.01
3076	14848	via	0.01
3077	14849	via	0.01
3078	14850	via	0.01
3079	14851	via	0.01
3080	14852	via	0.01
3081	14853	via	0.01
3082	14854	via	0.01
3083	14855	via	0.01
3084	14856	via	0.01
3085	14857	via	0.01
3086	14858	via	0.01
3087	14859	via	0.01
3088	14860	via	0.01
3089	14861	via	0.01
3090	14862	via	0.01
3091	14863	via	0.01
3092	14864	via	0.01
3093	14865	via	0.01
3094	14866	via	0.01
3095	14867	via	0.01
3096	14868	via	0.01
3097	14869	via	0.01
3098	14870	via	0.01
3099	14871	via	0.01
3100	14872	via	0.01
3101	14873	via	0.01
3102	14874	via	0.01
3103	14875	via	0.01
3104	14876	via	0.01
3105	14877	via	0.01
3106	14878	via	0.01
3107	14879	via	0.01
3108	14880	via	0.01
3109	14881	via	0.01
3110	14882	via	0.01
3111	14883	via	0.01
3112	14884	via	0.01
3113	14885	via	0.01
3114	14886	via	0.01
3115	14887	via	0.01
3116	14888	via	0.01
3117	14889	via	0.01
3118	14890	via	0.01
3119	14891	via	0.01
3120	14892	via	0.01
3121	14893	via	0.01
3122	14894	via	0.01
3123	14895	via	0.01
3124	14896	via	0.01
3125	14897	via	0.01
3126	14898	via	0.01
3127	14899	via	0.01
3128	14900	via	0.01
3129	14901	via	0.01
3130	14902	via	0.01
3131	14903	via	0.01
3132	14904	via	0.01
3133	14905	via	0.01
3134	14906	via	0.01
3135	14907	via	0.01
3136	14908	via	0.01
3137	14909	via	0.01
3138	14910	via	0.01
3139	14911	via	0.01
3140	14912	via	0.01
3141	14913	via	0.01
3142	14914	via	0.01
3143	14915	via	0.01
3144	14916	via	0.01
3145	14917	via	0.01
3146	14918	via	0.01
3147	14919	via	0.01
3148	14920	via	0.01
3149	14921	via	0.01
3150	14922	via	0.01
3151	14923	via	0.01
3152	14924	via	0.01
3153	14925	via	0.01
3154	14926	via	0.01
3155	14927	via	0.01
3156	14928	via	0.01
3157	14929	via	0.01
3158	14930	via	0.01
3159	14931	via	0.01
3160	14932	via	0.01
3161	14933	via	0.01
3162	14934	via	0.01
3163	14935	via	0.01
3164	14936	via	0.01
3165	14937	via	0.01
3166	14938	via	0.01
3167	14939	via	0.01
3168	14940	via	0.01
3169	14941	via	0.01
3170	14942	via	0.01
3171	14943	via	0.01
3172	14944	via	0.01
3173	14945	via	0.01
3174	14946	via	0.01
3175	14947	via	0.01
3176	14948	via	0.01
3177	14949	via	0.01
3178	14950	via	0.01
3179	14951	via	0.01
3180	14952	via	0.01
3181	14953	via	0.01
3182	14954	via	0.01
3183	14955	via	0.01
3184	14956	via	0.01
3185	14957	via	0.01
3186	14958	via	0.01
3187	14959	via	0.01
3188	14960	via	0.01
3189	14961	via	0.01
3190	14962	via	0.01
3191	14963	via	0.01
3192	14964	via	0.01
3193	14965	via	0.01
3194	14966	via	0.01
3195	14967	via	0.01
3196	14968	via	0.01
3197	14969	via	0.01
3198	14970	via	0.01
3199	14971	via	0.01
3200	14972	via	0.01
3201	14973	via	0.01
3202	14974	via	0.01
3203	14975	via	0.01
3204	14976	via	0.01
3205	14977	via	0.01
3206	14978	via	0.01
3207	14979	via	0.01
3208	14980	via	0.01
3209	14981	via	0.01
3210	14982	via	0.01
3211	14983	via	0.01
3212	14984	via	0.01
3213	14985	via	0.01
3214	14986	via	0.01
3215	14987	via	0.01
3216	14988	via	0.01
3217	14989	via	0.01
3218	14990	via	0.01
3219	14991	via	0.01
3220	14992	via	0.01
3221	14993	via	0.01
3222	14994	via	0.01
3223	14995	via	0.01
3224	14996	via	0.01
3225	14997	via	0.01
3226	14998	via	0.01
3227	14999	via	0.01
3228	15000	via	0.01
3229	15001	via	0.01
3230	15002	via	0.01
3231	15003	via	0.01
3232	15004	via	0.01
3233	15005	via	0.01
3234	15006	via	0.01
3235	15007	via	0.01
3236	15008	via	0.01
3237	15009	via	0.01
3238	15010	via	0.01
3239	15011	via	0.01
3240	15012	via	0.01
3241	15013	via	0.01
3242	15014	via	0.01
3243	15015	via	0.01
3244	15016	via	0.01
3245	15017	via	0.01
3246	15018	via	0.01
3247	15019	via	0.01
3248	15020	via	0.01
3249	15021	via	0.01
3250	15022	via	0.01
3251	15023	via	0.01
3252	15024	via	0.01
3253	15025	via	0.01
3254	15026	via	0.01
3255	15027	via	0.01
3256	15028	via	0.01
3257	15029	via	0.01
3258	15030	via	0.01
3259	15031	via	0.01
3260	15032	via	0.01
3261	15033	via	0.01
3262	15034	via	0.01
3263	15035	via	0.01
3264	15036	via	0.01
3265	15037	via	0.01
3266	15038	via	0.01
3267	15039	via	0.01
3268	15040	via	0.01
3269	15041	via	0.01
3270	15042	via	0.01
3271	15043	via	0.01
3272	15044	via	0.01
3273	15045	via	0.01
3274	15046	via	0.01
3275	15047	via	0.01
3276	15048	via	0.01
3277	15049	via	0.01
3278	15050	via	0.01
3279	15051	via	0.01
3280	15052	via	0.01
3281	15053	via	0.01
3282	15054	via	0.01
3283	15055	via	0.01
3284	15056	via	0.01
3285	15057	via	0.01
3286	15058	via	0.01
3287	15059	via	0.01
3288	15060	via	0.01
3289	15061	via	0.01
3290	15062	via	0.01
3291	15063	via	0.01
3292	15064	via	0.01
3293	15065	via	0.01
3294	15066	via	0.01
3295	15067	via	0.01
3296	15068	via	0.01
3297	15069	via	0.01
3298	15070	via	0.01
3299	15071	via	0.01
3300	15072	via	0.01
3301	15073	via	0.01
3302	15074	via	0.01
3303	15075	via	0.01
3304	15076	via	0.01
3305	15077	via	0.01
3306	15078	via	0.01
3307	15079	via	0.01
3308	15080	via	0.01
3309	15081	via	0.01
3310	15082	via	0.01
3311	15083	via	0.01
3312	15084	via	0.01
3313	15085	via	0.01
3314	15086	via	0.01
3315	15087	via	0.01
3316	15088	via	0.01
3317	15089	via	0.01
3318	15090	via	0.01
3319	15091	via	0.01
3320	15092	via	0.01
3321	15093	via	0.01
3322	15094	via	0.01
3323	15095	via	0.01
3324	15096	via	0.01
3325	15097	via	0.01
3326	15098	via	0.01
3327	15099	via	0.01
3328	15100	via	0.01
3329	15101	via	0.01
3330	15102	via	0.01
3331	15103	via	0.01
3332	15104	via	0.01
3333	15105	via	0.01
3334	15106	via	0.01
3335	15107	via	0.01
3336	15108	via	0.01
3337	15109	via	0.01
3338	15110	via	0.01
3339	15111	via	0.01
3340	15112	via	0.01
3341	15113	via	0.01
3342	15114	via	0.01
3343	15115	via	0.01
3344	15116	via	0.01
3345	15117	via	0.01
3346	15118	via	0.01
3347	15119	via	0.01
3348	15120	via	0.01
3349	15121	via	0.01
3350	15122	via	0.01
3351	15123	via	0.01
3352	15124	via	0.01
3353	15125	via	0.01
3354	15126	via	0.01
3355	15127	via	0.01
3356	15128	via	0.01
3357	15129	via	0.01
3358	15130	via	0.01
3359	15131	via	0.01
3360	15132	via	0.01
3361	15133	via	0.01
3362	15134	via	0.01
3363	15135	via	0.01
3364	15136	via	0.01
3365	15137	via	0.01
3366	15138	via	0.01
3367	15139	via	0.01
3368	15140	via	0.01
3369	15141	via	0.01
3370	15142	via	0.01
3371	15143	via	0.01
3372	15144	via	0.01
3373	15145	via	0.01
3374	15146	via	0.01
3375	15147	via	0.01
3376	15148	via	0.01
3377	15149	via	0.01
3378	15150	via	0.01
3379	15151	via	0.01
3380	15152	via	0.01
3381	15153	via	0.01
3382	15154	via	0.01
3383	15155	via	0.01
3384	15156	via	0.01
3385	15157	via	0.01
3386	15158	via	0.01
3387	15159	via	0.01
3388	15160	via	0.01
3389	15161	via	0.01
3390	15162	via	0.01
3391	15163	via	0.01
3392	15164	via	0.01
3393	15165	via	0.01
3394	15166	via	0.01
3395	15167	via	0.01
3396	15168	via	0.01
3397	15169	via	0.01
3398	15170	via	0.01
3399	15171	via	0.01
3400	15172	via	0.01
3401	15173	via	0.01
3402	15174	via	0.01
3403	15175	via	0.01
3404	15176	via	0.01
3405	15177	via	0.01
3406	15178	via	0.01
3407	15179	via	0.01
3408	15180	via	0.01
3409	15181	via	0.01
3410	15182	via	0.01
3411	15183	via	0.01
3412	15184	via	0.01
3413	15185	via	0.01
3414	15186	via	0.01
3415	15187	via	0.01
3416	15188	via	0.01
3417	15189	via	0.01
3418	15190	via	0.01
3419	15191	via	0.01
3420	15192	via	0.01
3421	15193	via	0.01
3422	15194	via	0.01
3423	15195	via	0.01
3424	15196	via	0.01
3425	15197	via	0.01
3426	15198	via	0.01
3427	15199	via	0.01
3428	15200	via	0.01
3429	15201	via	0.01
3430	15202	via	0.01
3431	15203	via	0.01
3432	15204	via	0.01
3433	15205	via	0.01
3434	15206	via	0.01
3435	15207	via	0.01
3436	15208	via	0.01
3437	15209	via	0.01
3438	15210	via	0.01
3439	15211	via	0.01
3440	15212	via	0.01
3441	15213	via	0.01
3442	15214	via	0.01
3443	15215	via	0.01
3444	15216	via	0.01
3445	15217	via	0.01
3446	15218	via	0.01
3447	15219	via	0.01
3448	15220	via	0.01
3449	15221	via	0.01
3450	15222	via	0.01
3451	15223	via	0.01
3452	15224	via	0.01
3453	15225	via	0.01
3454	15226	via	0.01
3455	15227	via	0.01
3456	15228	via	0.01
3457	15229	via	0.01
3458	15230	via	0.01
3459	15231	via	0.01
3460	15232	via	0.01
3461	15233	via	0.01
3462	15234	via	0.01
3463	15235	via	0.01
3464	15236	via	0.01
3465	15237	via	0.01
3466	15238	via	0.01
3467	15239	via	0.01
3468	15240	via	0.01
3469	15241	via	0.01
3470	15242	via	0.01
3471	15243	via	0.01
3472	15244	via	0.01
3473	15245	via	0.01
3474	15246	via	0.01
3475	15247	via	0.01
3476	15248	via	0.01
3477	15249	via	0.01
3478	15250	via	0.01
3479	15251	via	0.01
3480	15252	via	0.01
3481	15253	via	0.01
3482	15254	via	0.01
3483	15255	via	0.01
3484	15256	via	0.01
3485	15257	via	0.01
3486	15258	via	0.01
3487	15259	via	0.01
3488	15260	via	0.01
3489	15261	via	0.01
3490	15262	via	0.01
3491	15263	via	0.01
3492	15264	via	0.01
3493	15265	via	0.01
3494	15266	via	0.01
3495	15267	via	0.01
3496	15268	via	0.01
3497	15269	via	0.01
3498	15270	via	0.01
3499	15271	via	0.01
3500	15272	via	0.01
3501	15273	via	0.01
3502	15274	via	0.01
3503	15275	via	0.01
3504	15276	via	0.01
3505	15277	via	0.01
3506	15278	via	0.01
3507	15279	via	0.01
3508	15280	via	0.01
3509	15281	via	0.01
3510	15282	via	0.01
3511	15283	via	0.01
3512	15284	via	0.01
3513	15285	via	0.01
3514	15286	via	0.01
3515	15287	via	0.01
3516	15288	via	0.01
3517	15289	via	0.01
3518	15290	via	0.01
3519	15291	via	0.01
3520	15292	via	0.01
3521	15293	via	0.01
3522	15294	via	0.01
3523	15295	via	0.01
3524	15296	via	0.01
3525	15297	via	0.01
3526	15298	via	0.01
3527	15299	via	0.01
3528	15300	via	0.01
3529	15301	via	0.01
3530	15302	via	0.01
3531	15303	via	0.01
3532	15304	via	0.01
3533	15305	via	0.01
3534	15306	via	0.01
3535	15307	via	0.01
3536	15308	via	0.01
3537	15309	via	0.01
3538	15310	via	0.01
3539	15311	via	0.01
3540	15312	via	0.01
3541	15313	via	0.01
3542	15314	via	0.01
3543	15315	via	0.01
3544	15316	via	0.01
3545	15317	via	0.01
3546	15318	via	0.01
3547	15319	via	0.01
3548	15320	via	0.01
3549	15321	via	0.01
3550	15322	via	0.01
3551	15323	via	0.01
3552	15324	via	0.01
3553	15325	via	0.01
3554	15326	via	0.01
3555	15327	via	0.01
3556	15328	via	0.01
3557	15329	via	0.01
3558	15330	via	0.01
3559	15331	via	0.01
3560	15332	via	0.01
3561	15333	via	0.01
3562	15334	via	0.01
3563	15335	via	0.01
3564	15336	via	0.01
3565	15337	via	0.01
3566	15338	via	0.01
3567	15339	via	0.01
3568	15340	via	0.01
3569	15341	via	0.01
3570	15342	via	0.01
3571	15343	via	0.01
3572	15344	via	0.01
3573	15345	via	0.01
3574	15346	via	0.01
3575	15347	via	0.01
3576	15348	via	0.01
3577	15349	via	0.01
3578	15350	via	0.01
3579	15351	via	0.01
3580	15352	via	0.01
3581	15353	via	0.01
3582	15354	via	0.01
3583	15355	via	0.01
3584	15356	via	0.01
3585	15357	via	0.01
3586	15358	via	0.01
3587	15359	via	0.01
3588	15360	via	0.01
3589	15361	via	0.01
3590	15362	via	0.01
3591	15363	via	0.01
3592	15364	via	0.01
3593	15365	via	0.01
3594	15366	via	0.01
3595	15367	via	0.01
3596	15368	via	0.01
3597	15369	via	0.01
3598	15370	via	0.01
3599	15371	via	0.01
3600	15372	via	0.01
3601	15373	via	0.01
3602	15374	via	0.01
3603	15375	via	0.01
3604	15376	via	0.01
3605	15377	via	0.01
3606	15378	via	0.01
3607	15379	via	0.01
3608	15380	via	0.01
3609	15381	via	0.01
3610	15382	via	0.01
3611	15383	via	0.01
3612	15384	via	0.01
3613	15385	via	0.01
3614	15386	via	0.01
3615	15387	via	0.01
3616	15388	via	0.01
3617	15389	via	0.01
3618	15390	via	0.01
3619	15391	via	0.01
3620	15392	via	0.01
3621	15393	via	0.01
3622	15394	via	0.01
3623	15395	via	0.01
3624	15396	via	0.01
3625	15397	via	0.01
3626	15398	via	0.01
3627	15399	via	0.01
3628	15400	via	0.01
3629	15401	via	0.01
3630	15402	via	0.01
3631	15403	via	0.01
3632	15404	via	0.01
3633	15405	via	0.01
3634	15406	via	0.01
3635	15407	via	0.01
3636	15408	via	0.01
3637	15409	via	0.01
3638	15410	via	0.01
3639	15411	via	0.01
3640	15412	via	0.01
3641	15413	via	0.01
3642	15414	via	0.01
3643	15415	via	0.01
3644	15416	via	0.01
3645	15417	via	0.01
3646	15418	via	0.01
3647	15419	via	0.01
3648	15420	via	0.01
3649	15421	via	0.01
3650	15422	via	0.01
3651	15423	via	0.01
3652	15424	via	0.01
3653	15425	via	0.01
3654	15426	via	0.01
3655	15427	via	0.01
3656	15428	via	0.01
3657	15429	via	0.01
3658	15430	via	0.01
3659	15431	via	0.01
3660	15432	via	0.01
3661	15433	via	0.01
3662	15434	via	0.01
3663	15435	via	0.01
3664	15436	via	0.01
3665	15437	via	0.01
3666	15438	via	0.01
3667	15439	via	0.01
3668	15440	via	0.01
3669	15441	via	0.01
3670	15442	via	0.01
3671	15443	via	0.01
3672	15444	via	0.01
3673	15445	via	0.01
3674	15446	via	0.01
3675	15447	via	0.01
3676	15448	via	0.01
3677	15449	via	0.01
3678	15450	via	0.01
3679	15451	via	0.01
3680	15452	via	0.01
3681	15453	via	0.01
3682	15454	via	0.01
3683	15455	via	0.01
3684	15456	via	0.01
3685	15457	via	0.01
3686	15458	via	0.01
3687	15459	via	0.01
3688	15460	via	0.01
3689	15461	via	0.01
3690	15462	via	0.01
3691	15463	via	0.01
3692	15464	via	0.01
3693	15465	via	0.01
3694	15466	via	0.01
3695	15467	via	0.01
3696	15468	via	0.01
3697	15469	via	0.01
3698	15470	via	0.01
3699	15471	via	0.01
3700	15472	via	0.01
3701	15473	via	0.01
3702	15474	via	0.01
3703	15475	via	0.01
3704	15476	via	0.01
3705	15477	via	0.01
3706	15478	via	0.01
3707	15479	via	0.01
3708	15480	via	0.01
3709	15481	via	0.01
3710	15482	via	0.01
3711	15483	via	0.01
3712	15484	via	0.01
3713	15485	via	0.01
3714	15486	via	0.01
3715	15487	via	0.01
3716	15488	via	0.01
3717	15489	via	0.01
3718	15490	via	0.01
3719	15491	via	0.01
3720	15492	via	0.01
3721	15493	via	0.01
3722	15494	via	0.01
3723	15495	via	0.01
3724	15496	via	0.01
3725	15497	via	0.01
3726	15498	via	0.01
3727	15499	via	0.01
3728	15500	via	0.01
3729	15501	via	0.01
3730	15502	via	0.01
3731	15503	via	0.01
3732	15504	via	0.01
3733	15505	via	0.01
3734	15506	via	0.01
3735	15507	via	0.01
3736	15508	via	0.01
3737	15509	via	0.01
3738	15510	via	0.01
3739	15511	via	0.01
3740	15512	via	0.01
3741	15513	via	0.01
3742	15514	via	0.01
3743	15515	via	0.01
3744	15516	via	0.01
3745	15517	via	0.01
3746	15518	via	0.01
3747	15519	via	0.01
3748	15520	via	0.01
3749	15521	via	0.01
3750	15522	via	0.01
3751	15523	via	0.01
3752	15524	via	0.01
3753	15525	via	0.01
3754	15526	via	0.01
3755	15527	via	0.01
3756	15528	via	0.01
3757	15529	via	0.01
3758	15530	via	0.01
3759	15531	via	0.01
3760	15532	via	0.01
3761	15533	via	0.01
3762	15534	via	0.01
3763	15535	via	0.01
3764	15536	via	0.01
3765	15537	via	0.01
3766	15538	via	0.01
3767	15539	via	0.01
3768	15540	via	0.01
3769	15541	via	0.01
3770	15542	via	0.01
3771	15543	via	0.01
3772	15544	via	0.01
3773	15545	via	0.01
3774	15546	via	0.01
3775	15547	via	0.01
3776	15548	via	0.01
3777	15549	via	0.01
3778	15550	via	0.01
3779	15551	via	0.01
3780	15552	via	0.01
3781	15553	via	0.01
3782	15554	via	0.01
3783	15555	via	0.01
3784	15556	via	0.01
3785	15557	via	0.01
3786	15558	via	0.01
3787	15559	via	0.01
3788	15560	via	0.01
3789	15561	via	0.01
3790	15562	via	0.01
3791	15563	via	0.01
3792	15564	via	0.01
3793	15565	via	0.01
3794	15566	via	0.01
3795	15567	via	0.01
3796	15568	via	0.01
3797	15569	via	0.01
3798	15570	via	0.01
3799	15571	via	0.01
3800	15572	via	0.01
3801	15573	via	0.01
3802	15574	via	0.01
3803	15575	via	0.01
3804	15576	via	0.01
3805	15577	via	0.01
3806	15578	via	0.01
3807	15579	via	0.01
3808	15580	via	0.01
3809	15581	via	0.01
3810	15582	via	0.01
3811	15583	via	0.01
3812	15584	via	0.01
3813	15585	via	0.01
3814	15586	via	0.01
3815	15587	via	0.01
3816	15588	via	0.01
3817	15589	via	0.01
3818	15590	via	0.01
3819	15591	via	0.01
3820	15592	via	0.01
3821	15593	via	0.01
3822	15594	via	0.01
3823	15595	via	0.01
3824	15596	via	0.01
3825	15597	via	0.01
3826	15598	via	0.01
3827	15599	via	0.01
3828	15600	via	0.01
3829	15601	via	0.01
3830	15602	via	0.01
3831	15603	via	0.01
3832	15604	via	0.01
3833	15605	via	0.01
3834	15606	via	0.01
3835	15607	via	0.01
3836	15608	via	0.01
3837	15609	via	0.01
3838	15610	via	0.01
3839	15611	via	0.01
3840	15612	via	0.01
3841	15613	via	0.01
3842	15614	via	0.01
3843	15615	via	0.01
3844	15616	via	0.01
3845	15617	via	0.01
3846	15618	via	0.01
3847	15619	via	0.01
3848	15620	via	0.01
3849	15621	via	0.01
3850	15622	via	0.01
3851	15623	via	0.01
3852	15624	via	0.01
3853	15625	via	0.01
3854	15626	via	0.01
3855	15627	via	0.01
3856	15628	via	0.01
3857	15629	via	0.01
3858	15630	via	0.01
3859	15631	via	0.01
3860	15632	via	0.01
3861	15633	via	0.01
3862	15634	via	0.01
3863	15635	via	0.01
3864	15636	via	0.01
3865	15637	via	0.01
3866	15638	via	0.01
3867	15639	via	0.01
3868	15640	via	0.01
3869	15641	via	0.01
3870	15642	via	0.01
3871	15643	via	0.01
3872	15644	via	0.01
3873	15645	via	0.01
3874	15646	via	0.01
3875	15647	via	0.01
3876	15648	via	0.01
3877	15649	via	0.01
3878	15650	via	0.01
3879	15651	via	0.01
3880	15652	via	0.01
3881	15653	via	0.01
3882	15654	via	0.01
3883	15655	via	0.01
3884	15656	via	0.01
3885	15657	via	0.01
3886	15658	via	0.01
3887	15659	via	0.01
3888	15660	via	0.01
3889	15661	via	0.01
3890	15662	via	0.01
3891	15663	via	0.01
3892	15664	via	0.01
3893	15665	via	0.01
3894	15666	via	0.01
3895	15667	via	0.01
3896	15668	via	0.01
3897	15669	via	0.01
3898	15670	via	0.01
3899	15671	via	0.01
3900	15672	via	0.01
3901	15673	via	0.01
3902	15674	via	0.01
3903	15675	via	0.01
3904	15676	via	0.01
3905	15677	via	0.01
3906	15678	via	0.01
3907	15679	via	0.01
3908	15680	via	0.01
3909	15681	via	0.01
3910	15682	via	0.01
3911	15683	via	0.01
3912	15684	via	0.01
3913	15685	via	0.01
3914	15686	via	0.01
3915	15687	via	0.01
3916	15688	via	0.01
3917	15689	via	0.01
3918	15690	via	0.01
3919	15691	via	0.01
3920	15692	via	0.01
3921	15693	via	0.01
3922	15694	via	0.01
3923	15695	via	0.01
3924	15696	via	0.01
3925	15697	via	0.01
3926	15698	via	0.01
3927	15699	via	0.01
3928	15700	via	0.01
3929	15701	via	0.01
3930	15702	via	0.01
3931	15703	via	0.01
3932	15704	via	0.01
3933	15705	via	0.01
3934	15706	via	0.01
3935	15707	via	0.01
3936	15708	via	0.01
3937	15709	via	0.01
3938	15710	via	0.01
3939	15711	via	0.01
3940	15712	via	0.01
3941	15713	via	0.01
3942	15714	via	0.01
3943	15715	via	0.01
3944	15716	via	0.01
3945	15717	via	0.01
3946	15718	via	0.01
3947	15719	via	0.01
3948	15720	via	0.01
3949	15721	via	0.01
3950	15722	via	0.01
3951	15723	via	0.01
3952	15724	via	0.01
3953	15725	via	0.01
3954	15726	via	0.01
3955	15727	via	0.01
3956	15728	via	0.01
3957	15729	via	0.01
3958	15730	via	0.01
3959	15731	via	0.01
3960	15732	via	0.01
3961	15733	via	0.01
3962	15734	via	0.01
3963	15735	via	0.01
3964	15736	via	0.01
3965	15737	via	0.01
3966	15738	via	0.01
3967	15739	via	0.01
3968	15740	via	0.01
3969	15741	via	0.01
3970	15742	via	0.01
3971	15743	via	0.01
3972	15744	via	0.01
3973	15745	via	0.01
3974	15746	via	0.01
3975	15747	via	0.01
3976	15748	via	0.01
3977	15749	via	0.01
3978	15750	via	0.01
3979	15751	via	0.01
3980	15752	via	0.01
3981	15753	via	0.01
3982	15754	via	0.01
3983	15755	via	0.01
3984	15756	via	0.01
3985	15757	via	0.01
3986	15758	via	0.01
3987	15759	via	0.01
3988	15760	via	0.01
3989	15761	via	0.01
3990	15762	via	0.01
3991	15763	via	0.01
3992	15764	via	0.01
3993	15765	via	0.01
3994	15766	via	0.01
3995	15767	via	0.01
3996	15768	via	0.01
3997	15769	via	0.01
3998	15770	via	0.01
3999	15771	via	0.01
4000	15772	via	0.01
4001	15773	via	0.01
4002	15774	via	0.01
4003	15775	via	0.01
4004	15776	via	0.01
4005	15777	via	0.01
4006	15778	via	0.01
4007	15779	via	0.01
4008	15780	via	0.01
4009	15781	via	0.01
4010	15782	via	0.01
4011	15783	via	0.01
4012	15784	via	0.01
4013	15785	via	0.01
4014	15786	via	0.01
4015	15787	via	0.01
4016	15788	via	0.01
4017	15789	via	0.01
4018	15790	via	0.01
4019	15791	via	0.01
4020	15792	via	0.01
4021	15793	via	0.01
4022	15794	via	0.01
4023	15795	via	0.01
4024	15796	via	0.01
4025	15797	via	0.01
4026	15798	via	0.01
4027	15799	via	0.01
4028	15800	via	0.01
4029	15801	via	0.01
4030	15802	via	0.01
4031	15803	via	0.01
4032	15804	via	0.01
4033	15805	via	0.01
4034	15806	via	0.01
4035	15807	via	0.01
4036	15808	via	0.01
4037	15809	via	0.01
4038	15810	via	0.01
4039	15811	via	0.01
4040	15812	via	0.01
4041	15813	via	0.01
4042	15814	via	0.01
4043	15815	via	0.01
4044	15816	via	0.01
4045	15817	via	0.01
4046	15818	via	0.01
4047	15819	via	0.01
4048	15820	via	0.01
4049	15821	via	0.01
4050	15822	via	0.01
4051	15823	via	0.01
4052	15824	via	0.01
4053	15825	via	0.01
4054	15826	via	0.01
4055	15827	via	0.01
4056	15828	via	0.01
4057	15829	via	0.01
4058	15830	via	0.01
4059	15831	via	0.01
4060	15832	via	0.01
4061	15833	via	0.01
4062	15834	via	0.01
4063	15835	via	0.01
4064	15836	via	0.01
4065	15837	via	0.01
4066	15838	via	0.01
4067	15839	via	0.01
4068	15840	via	0.01
4069	15841	via	0.01
4070	15842	via	0.01
4071	15843	via	0.01
4072	15844	via	0.01
4073	15845	via	0.01
4074	15846	via	0.01
4075	15847	via	0.01
4076	15848	via	0.01
4077	15849	via	0.01
4078	15850	via	0.01
4079	15851	via	0.01
4080	15852	via	0.01
4081	15853	via	0.01
4082	15854	via	0.01
4083	15855	via	0.01
4084	15856	via	0.01
4085	15857	via	0.01
4086	15858	via	0.01
4087	15859	via	0.01
4088	15860	via	0.01
4089	15861	via	0.01
4090	15862	via	0.01
4091	15863	via	0.01
4092	15864	via	0.01
4093	15865	via	0.01
4094	15866	via	0.01
4095	15867	via	0.01
4096	15868	via	0.01
4097	15869	via	0.01
4098	15870	via	0.01
4099	15871	via	0.01
4100	15872	via	0.01
4101	15873	via	0.01
4102	15874	via	0.01
4103	15875	via	0.01
4104	15876	via	0.01
4105	15877	via	0.01
4106	15878	via	0.01
4107	15879	via	0.01
4108	15880	via	0.01
4109	15881	via	0.01
4110	15882	via	0.01
4111	15883	via	0.01
4112	15884	via	0.01
4113	15885	via	0.01
4114	15886	via	0.01
4115	15887	via	0.01
4116	15888	via	0.01
4117	15889	via	0.01
4118	15890	via	0.01
4119	15891	via	0.01
4120	15892	via	0.01
4121	15893	via	0.01
4122	15894	via	0.01
4123	15895	via	0.01
4124	15896	via	0.01
4125	15897	via	0.01
4126	15898	via	0.01
4127	15899	via	0.01
4128	15900	via	0.01
4129	15901	via	0.01
4130	15902	via	0.01
4131	15903	via	0.01
4132	15904	via	0.01
4133	15905	via	0.01
4134	15906	via	0.01
4135	15907	via	0.01
4136	15908	via	0.01
4137	15909	via	0.01
4138	15910	via	0.01
4139	15911	via	0.01
4140	15912	via	0.01
4141	15913	via	0.01
4142	15914	via	0.01
4143	15915	via	0.01
4144	15916	via	0.01
4145	15917	via	0.01
4146	15918	via	0.01
4147	15919	via	0.01
4148	15920	via	0.01
4149	15921	via	0.01
4150	15922	via	0.01
4151	15923	via	0.01
4152	15924	via	0.01
4153	15925	via	0.01
4154	15926	via	0.01
4155	15927	via	0.01
4156	15928	via	0.01
4157	15929	via	0.01
4158	15930	via	0.01
4159	15931	via	0.01
4160	15932	via	0.01
4161	15933	via	0.01
4162	15934	via	0.01
4163	15935	via	0.01
4164	15936	via	0.01
4165	15937	via	0.01
4166	15938	via	0.01
4167	15939	via	0.01
4168	15940	via	0.01
4169	15941	via	0.01
4170	15942	via	0.01
4171	15943	via	0.01
4172	15944	via	0.01
4173	15945	via	0.01
4174	15946	via	0.01
4175	15947	via	0.01
4176	15948	via	0.01
4177	15949	via	0.01
4178	15950	via	0.01
4179	15951	via	0.01
4180	15952	via	0.01
4181	15953	via	0.01
4182	15954	via	0.01
4183	15955	via	0.01
4184	15956	via	0.01
4185	15957	via	0.01
4186	15958	via	0.01
4187	15959	via	0.01
4188	15960	via	0.01
4189	15961	via	0.01
4190	15962	via	0.01
4191	15963	via	0.01
4192	15964	via	0.01
4193	15965	via	0.01
4194	15966	via	0.01
4195	15967	via	0.01
4196	15968	via	0.01
4197	15969	via	0.01
4198	15970	via	0.01
4199	15971	via	0.01
4200	15972	via	0.01
4201	15973	via	0.01
4202	15974	via	0.01
4203	15975	via	0.01
4204	15976	via	0.01
4205	15977	via	0.01
4206	15978	via	0.01
4207	15979	via	0.01
4208	15980	via	0.01
4209	15981	via	0.01
4210	15982	via	0.01
4211	15983	via	0.01
4212	15984	via	0.01
4213	15985	via	0.01
4214	15986	via	0.01
4215	15987	via	0.01
4216	15988	via	0.01
4217	15989	via	0.01
4218	15990	via	0.01
4219	15991	via	0.01
4220	15992	via	0.01
4221	15993	via	0.01
4222	15994	via	0.01
4223	15995	via	0.01
4224	15996	via	0.01
4225	15997	via	0.01
4226	15998	via	0.01
4227	15999	via	0.01
4228	16000	via	0.01
4229	16001	via	0.01
4230	16002	via	0.01
4231	16003	via	0.01
4232	16004	via	0.01
4233	16005	via	0.01
4234	16006	via	0.01
4235	16007	via	0.01
4236	16008	via	0.01
4237	16009	via	0.01
4238	16010	via	0.01
4239	16011	via	0.01
4240	16012	via	0.01
4241	16013	via	0.01
4242	16014	via	0.01
4243	16015	via	0.01
4244	16016	via	0.01
4245	16017	via	0.01
4246	16018	via	0.01
4247	16019	via	0.01
4248	16020	via	0.01
4249	16021	via	0.01
4250	16022	via	0.01
4251	16023	via	0.01
4252	16024	via	0.01
4253	16025	via	0.01
4254	16026	via	0.01
4255	16027	via	0.01
4256	16028	via	0.01
4257	16029	via	0.01
4258	16030	via	0.01
4259	16031	via	0.01
4260	16032	via	0.01
4261	16033	via	0.01
4262	16034	via	0.01
4263	16035	via	0.01
4264	16036	via	0.01
4265	16037	via	0.01
4266	16038	via	0.01
4267	16039	via	0.01
4268	16040	via	0.01
4269	16041	via	0.01
4270	16042	via	0.01
4271	16043	via	0.01
4272	16044	via	0.01
4273	16045	via	0.01
4274	16046	via	0.01
4275	16047	via	0.01
4276	16048	via	0.01
4277	16049	via	0.01
4278	16050	via	0.01
4279	16051	via	0.01
4280	16052	via	0.01
4281	16053	via	0.01
4282	16054	via	0.01
4283	16055	via	0.01
4284	16056	via	0.01
4285	16057	via	0.01
4286	16058	via	0.01
4287	16059	via	0.01
4288	16060	via	0.01
4289	16061	via	0.01
4290	16062	via	0.01
4291	16063	via	0.01
4292	16064	via	0.01
4293	16065	via	0.01
4294	16066	via	0.01
4295	16067	via	0.01
4296	16068	via	0.01
4297	16069	via	0.01
4298	16070	via	0.01
4299	16071	via	0.01
4300	16072	via	0.01
4301	16073	via	0.01
4302	16074	via	0.01
4303	16075	via	0.01
4304	16076	via	0.01
4305	16077	via	0.01
4306	16078	via	0.01
4307	16079	via	0.01
4308	16080	via	0.01
4309	16081	via	0.01
4310	16082	via	0.01
4311	16083	via	0.01
4312	16084	via	0.01
4313	16085	via	0.01
4314	16086	via	0.01
4315	16087	via	0.01
4316	16088	via	0.01
4317	16089	via	0.01
4318	16090	via	0.01
4319	16091	via	0.01
4320	16092	via	0.01
4321	16093	via	0.01
4322	16094	via	0.01
4323	16095	via	0.01
4324	16096	via	0.01
4325	16097	via	0.01
4326	16098	via	0.01
4327	16099	via	0.01
4328	16100	via	0.01
4329	16101	via	0.01
4330	16102	via	0.01
4331	16103	via	0.01
4332	16104	via	0.01
4333	16105	via	0.01
4334	16106	via	0.01
4335	16107	via	0.01
4336	16108	via	0.01
4337	16109	via	0.01
4338	16110	via	0.01
4339	16111	via	0.01
4340	16112	via	0.01
4341	16113	via	0.01
4342	16114	via	0.01
4343	16115	via	0.01
4344	16116	via	0.01
4345	16117	via	0.01
4346	16118	via	0.01
4347	16119	via	0.01
4348	16120	via	0.01
4349	16121	via	0.01
4350	16122	via	0.01
4351	16123	via	0.01
4352	16124	via	0.01
4353	16125	via	0.01
4354	16126	via	0.01
4355	16127	via	0.01
4356	16128	via	0.01
4357	16129	via	0.01
4358	16130	via	0.01
4359	16131	via	0.01
4360	16132	via	0.01
4361	16133	via	0.01
4362	16134	via	0.01
4363	16135	via	0.01
4364	16136	via	0.01
4365	16137	via	0.01
4366	16138	via	0.01
4367	16139	via	0.01
4368	16140	via	0.01
4369	16141	via	0.01
4370	16142	via	0.01
4371	16143	via	0.01
4372	16144	via	0.01
4373	16145	via	0.01
4374	16146	via	0.01
4375	16147	via	0.01
4376	16148	via	0.01
4377	16149	via	0.01
4378	16150	via	0.01
4379	16151	via	0.01
4380	16152	via	0.01
4381	16153	via	0.01
4382	16154	via	0.01
4383	16155	via	0.01
4384	16156	via	0.01
4385	16157	via	0.01
4386	16158	via	0.01
4387	16159	via	0.01
4388	16160	via	0.01
4389	16161	via	0.01
4390	16162	via	0.01
4391	16163	via	0.01
4392	16164	via	0.01
4393	16165	via	0.01
4394	16166	via	0.01
4395	16167	via	0.01
4396	16168	via	0.01
4397	16169	via	0.01
4398	16170	via	0.01
4399	16171	via	0.01
4400	16172	via	0.01
4401	16173	via	0.01
4402	16174	via	0.01
4403	16175	via	0.01
4404	16176	via	0.01
4405	16177	via	0.01
4406	16178	via	0.01
4407	16179	via	0.01
4408	16180	via	0.01
4409	16181	via	0.01
4410	16182	via	0.01
4411	16183	via	0.01
4412	16184	via	0.01
4413	16185	via	0.01
4414	16186	via	0.01
4415	16187	via	0.01
4416	16188	via	0.01
4417	16189	via	0.01
4418	16190	via	0.01
4419	16191	via	0.01
4420	16192	via	0.01
4421	16193	via	0.01
4422	16194	via	0.01
4423	16195	via	0.01
4424	16196	via	0.01
4425	16197	via	0.01
4426	16198	via	0.01
4427	16199	via	0.01
4428	16200	via	0.01
4429	16201	via	0.01
4430	16202	via	0.01
4431	16203	via	0.01
4432	16204	via	0.01
4433	16205	via	0.01
4434	16206	via	0.01
4435	16207	via	0.01
4436	16208	via	0.01
4437	16209	via	0.01
4438	16210	via	0.01
4439	16211	via	0.01
4440	16212	via	0.01
4441	16213	via	0.01
4442	16214	via	0.01
4443	16215	via	0.01
4444	16216	via	0.01
4445	16217	via	0.01
4446	16218	via	0.01
4447	16219	via	0.01
4448	16220	via	0.01
4449	16221	via	0.01
4450	16222	via	0.01
4451	16223	via	0.01
4452	16224	via	0.01
4453	16225	via	0.01
4454	16226	via	0.01
4455	16227	via	0.01
4456	16228	via	0.01
4457	16229	via	0.01
4458	16230	via	0.01
4459	16231	via	0.01
4460	16232	via	0.01
4461	16233	via	0.01
4462	16234	via	0.01
4463	16235	via	0.01
4464	16236	via	0.01
4465	16237	via	0.01
4466	16238	via	0.01
4467	16239	via	0.01
4468	16240	via	0.01
4469	16241	via	0.01
4470	16242	via	0.01
4471	16243	via	0.01
4472	16244	via	0.01
4473	16245	via	0.01
4474	16246	via	0.01
4475	16247	via	0.01
4476	16248	via	0.01
4477	16249	via	0.01
4478	16250	via	0.01
4479	16251	via	0.01
4480	16252	via	0.01
4481	16253	via	0.01
4482	16254	via	0.01
4483	16255	via	0.01
4484	16256	via	0.01
4485	16257	via	0.01
4486	16258	via	0.01
4487	16259	via	0.01
4488	16260	via	0.01
4489	16261	via	0.01
4490	16262	via	0.01
4491	16263	via	0.01
4492	16264	via	0.01
4493	16265	via	0.01
4494	16266	via	0.01
4495	16267	via	0.01
4496	16268	via	0.01
4497	16269	via	0.01
4498	16270	via	0.01
4499	16271	via	0.01
4500	16272	via	0.01
4501	16273	via	0.01
4502	16274	via	0.01
4503	16275	via	0.01
4504	16276	via	0.01
4505	16277	via	0.01
4506	16278	via	0.01
4507	16279	via	0.01
4508	16280	via	0.01
4509	16281	via	0.01
4510	16282	via	0.01
4511	16283	via	0.01
4512	16284	via	0.01
4513	16285	via	0.01
4514	16286	via	0.01
4515	16287	via	0.01
4516	16288	via	0.01
4517	16289	via	0.01
4518	16290	via	0.01
4519	16291	via	0.01
4520	16292	via	0.01
4521	16293	via	0.01
4522	16294	via	0.01
4523	16295	via	0.01
4524	16296	via	0.01
4525	16297	via	0.01
4526	16298	via	0.01
4527	16299	via	0.01
4528	16300	via	0.01
4529	16301	via	0.01
4530	16302	via	0.01
4531	16303	via	0.01
4532	16304	via	0.01
4533	16305	via	0.01
4534	16306	via	0.01
4535	16307	via	0.01
4536	16308	via	0.01
4537	16309	via	0.01
4538	16310	via	0.01
4539	16311	via	0.01
4540	16312	via	0.01
4541	16313	via	0.01
4542	16314	via	0.01
4543	16315	via	0.01
4544	16316	via	0.01
4545	16317	via	0.01
4546	16318	via	0.01
4547	16319	via	0.01
4548	16320	via	0.01
4549	16321	via	0.01
4550	16322	via	0.01
4551	16323	via	0.01
4552	16324	via	0.01
4553	16325	via	0.01
4554	16326	via	0.01
4555	16327	via	0.01
4556	16328	via	0.01
4557	16329	via	0.01
4558	16330	via	0.01
4559	16331	via	0.01
4560	16332	via	0.01
4561	16333	via	0.01
4562	16334	via	0.01
4563	16335	via	0.01
4564	16336	via	0.01
4565	16337	via	0.01
4566	16338	via	0.01
4567	16339	via	0.01
4568	16340	via	0.01
4569	16341	via	0.01
4570	16342	via	0.01
4571	16343	via	0.01
4572	16344	via	0.01
4573	16345	via	0.01
4574	16346	via	0.01
4575	16347	via	0.01
4576	16348	via	0.01
4577	16349	via	0.01
4578	16350	via	0.01
4579	16351	via	0.01
4580	16352	via	0.01
4581	16353	via	0.01
4582	16354	via	0.01
4583	16355	via	0.01
4584	16356	via	0.01
4585	16357	via	0.01
4586	16358	via	0.01
4587	16359	via	0.01
4588	16360	via	0.01
4589	16361	via	0.01
4590	16362	via	0.01
4591	16363	via	0.01
4592	16364	via	0.01
4593	16365	via	0.01
4594	16366	via	0.01
4595	16367	via	0.01
4596	16368	via	0.01
4597	16369	via	0.01
4598	16370	via	0.01
4599	16371	via	0.01
4600	16372	via	0.01
4601	16373	via	0.01
4602	16374	via	0.01
4603	16375	via	0.01
4604	16376	via	0.01
4605	16377	via	0.01
4606	16378	via	0.01
4607	16379	via	0.01
4608	16380	via	0.01
4609	16381	via	0.01
4610	16382	via	0.01
4611	16383	via	0.01
4612	16384	via	0.01
4613	16385	via	0.01
4614	16386	via	0.01
4615	16387	via	0.01
4616	16388	via	0.01
4617	16389	via	0.01
4618	16390	via	0.01
4619	16391	via	0.01
4620	16392	via	0.01
4621	16393	via	0.01
4622	16394	via	0.01
4623	16395	via	0.01
4624	16396	via	0.01
4625	16397	via	0.01
4626	16398	via	0.01
4627	16399	via	0.01
4628	16400	via	0.01
4629	16401	via	0.01
4630	16402	via	0.01
4631	16403	via	0.01
4632	16404	via	0.01
4633	16405	via	0.01
4634	16406	via	0.01
4635	16407	via	0.01
4636	16408	via	0.01
4637	16409	via	0.01
4638	16410	via	0.01
4639	16411	via	0.01
4640	16412	via	0.01
4641	16413	via	0.01
4642	16414	via	0.01
4643	16415	via	0.01
4644	16416	via	0.01
4645	16417	via	0.01
4646	16418	via	0.01
4647	16419	via	0.01
4648	16420	via	0.01
4649	16421	via	0.01
4650	16422	via	0.01
4651	16423	via	0.01
4652	16424	via	0.01
4653	16425	via	0.01
4654	16426	via	0.01
4655	16427	via	0.01
4656	16428	via	0.01
4657	16429	via	0.01
4658	16430	via	0.01
4659	16431	via	0.01
4660	16432	via	0.01
4661	16433	via	0.01
4662	16434	via	0.01
4663	16435	via	0.01
4664	16436	via	0.01
4665	16437	via	0.01
4666	16438	via	0.01
4667	16439	via	0.01
4668	16440	via	0.01
4669	16441	via	0.01
4670	16442	via	0.01
4671	16443	via	0.01
4672	16444	via	0.01
4673	16445	via	0.01
4674	16446	via	0.01
4675	16447	via	0.01
4676	16448	via	0.01
4677	16449	via	0.01
4678	16450	via	0.01
4679	16451	via	0.01
4680	16452	via	0.01
4681	16453	via	0.01
4682	16454	via	0.01
4683	16455	via	0.01
4684	16456	via	0.01
4685	16457	via	0.01
4686	16458	via	0.01
4687	16459	via	0.01
4688	16460	via	0.01
4689	16461	via	0.01
4690	16462	via	0.01
4691	16463	via	0.01
4692	16464	via	0.01
4693	16465	via	0.01
4694	16466	via	0.01
4695	16467	via	0.01
4696	16468	via	0.01
4697	16469	via	0.01
4698	16470	via	0.01
4699	16471	via	0.01
4700	16472	via	0.01
4701	16473	via	0.01
4702	16474	via	0.01
4703	16475	via	0.01
4704	16476	via	0.01
4705	16477	via	0.01
4706	16478	via	0.01
4707	16479	via	0.01
4708	16480	via	0.01
4709	16481	via	0.01
4710	16482	via	0.01
4711	16483	via	0.01
4712	16484	via	0.01
4713	16485	via	0.01
4714	16486	via	0.01
4715	16487	via	0.01
4716	16488	via	0.01
4717	16489	via	0.01
4718	16490	via	0.01
4719	16491	via	0.01
4720	16492	via	0.01
4721	16493	via	0.01
4722	16494	via	0.01
4723	16495	via	0.01
4724	16496	via	0.01
4725	16497	via	0.01
4726	16498	via	0.01
4727	16499	via	0.01
4728	16500	via	0.01
4729	16501	via	0.01
4730	16502	via	0.01
4731	16503	via	0.01
4732	16504	via	0.01
4733	16505	via	0.01
4734	16506	via	0.01
4735	16507	via	0.01
4736	16508	via	0.01
4737	16509	via	0.01
4738	16510	via	0.01
4739	16511	via	0.01
4740	16512	via	0.01
4741	16513	via	0.01
4742	16514	via	0.01
4743	16515	via	0.01
4744	16516	via	0.01
4745	16517	via	0.01
4746	16518	via	0.01
4747	16519	via	0.01
4748	16520	via	0.01
4749	16521	via	0.01
4750	16522	via	0.01
4751	16523	via	0.01
4752	16524	via	0.01
4753	16525	via	0.01
4754	16526	via	0.01
4755	16527	via	0.01
4756	16528	via	0.01
4757	16529	via	0.01
4758	16530	via	0.01
4759	16531	via	0.01
4760	16532	via	0.01
4761	16533	via	0.01
4762	16534	via	0.01
4763	16535	via	0.01
4764	16536	via	0.01
4765	16537	via	0.01
4766	16538	via	0.01
4767	16539	via	0.01
4768	16540	via	0.01
4769	16541	via	0.01
4770	16542	via	0.01
4771	16543	via	0.01
4772	16544	via	0.01
4773	16545	via	0.01
4774	16546	via	0.01
4775	16547	via	0.01
4776	16548	via	0.01
4777	16549	via	0.01
4778	16550	via	0.01
4779	16551	via	0.01
4780	16552	via	0.01
4781	16553	via	0.01
4782	16554	via	0.01
4783	16555	via	0.01
4784	16556	via	0.01
4785	16557	via	0.01
4786	16558	via	0.01
4787	16559	via	0.01
4788	16560	via	0.01
4789	16561	via	0.01
4790	16562	via	0.01
4791	16563	via	0.01
4792	16564	via	0.01
4793	16565	via	0.01
4794	16566	via	0.01
4795	16567	via	0.01
4796	16568	via	0.01
4797	16569	via	0.01
4798	16570	via	0.01
4799	16571	via	0.01
4800	16572	via	0.01
4801	16573	via	0.01
4802	16574	via	0.01
4803	16575	via	0.01
4804	16576	via	0.01
4805	16577	via	0.01
4806	16578	via	0.01
4807	16579	via	0.01
4808	16580	via	0.01
4809	16581	via	0.01
4810	16582	via	0.01
4811	16583	via	0.01
4812	16584	via	0.01
4813	16585	via	0.01
4814	16586	via	0.01
4815	16587	via	0.01
4816	16588	via	0.01
4817	16589	via	0.01
4818	16590	via	0.01
4819	16591	via	0.01
4820	16592	via	0.01
4821	16593	via	0.01
4822	16594	via	0.01
4823	16595	via	0.01
4824	16596	via	0.01
4825	16597	via	0.01
4826	16598	via	0.01
4827	16599	via	0.01
4828	16600	via	0.01
4829	16601	via	0.01
4830	16602	via	0.01
4831	16603	via	0.01
4832	16604	via	0.01
4833	16605	via	0.01
4834	16606	via	0.01
4835	16607	via	0.01
4836	16608	via	0.01
4837	16609	via	0.01
4838	16610	via	0.01
4839	16611	via	0.01
4840	16612	via	0.01
4841	16613	via	0.01
4842	16614	via	0.01
4843	16615	via	0.01
4844	16616	via	0.01
4845	16617	via	0.01
4846	16618	via	0.01
4847	16619	via	0.01
4848	16620	via	0.01
4849	16621	via	0.01
4850	16622	via	0.01
4851	16623	via	0.01
4852	16624	via	0.01
4853	16625	via	0.01
4854	16626	via	0.01
4855	16627	via	0.01
4856	16628	via	0.01
4857	16629	via	0.01
4858	16630	via	0.01
4859	16631	via	0.01
4860	16632	via	0.01
4861	16633	via	0.01
4862	16634	via	0.01
4863	16635	via	0.01
4864	16636	via	0.01
4865	16637	via	0.01
4866	16638	via	0.01
4867	16639	via	0.01
4868	16640	via	0.01
4869	16641	via	0.01
4870	16642	via	0.01
4871	16643	via	0.01
4872	16644	via	0.01
4873	16645	via	0.01
4874	16646	via	0.01
4875	16647	via	0.01
4876	16648	via	0.01
4877	16649	via	0.01
4878	16650	via	0.01
4879	16651	via	0.01
4880	16652	via	0.01
4881	16653	via	0.01
4882	16654	via	0.01
4883	16655	via	0.01
4884	16656	via	0.01
4885	16657	via	0.01
4886	16658	via	0.01
4887	16659	via	0.01
4888	16660	via	0.01
4889	16661	via	0.01
4890	16662	via	0.01
4891	16663	via	0.01
4892	16664	via	0.01
4893	16665	via	0.01
4894	16666	via	0.01
4895	16667	via	0.01
4896	16668	via	0.01
4897	16669	via	0.01
4898	16670	via	0.01
4899	16671	via	0.01
4900	16672	via	0.01
4901	16673	via	0.01
4902	16674	via	0.01
4903	16675	via	0.01
4904	16676	via	0.01
4905	16677	via	0.01
4906	16678	via	0.01
4907	16679	via	0.01
4908	16680	via	0.01
4909	16681	via	0.01
4910	16682	via	0.01
4911	16683	via	0.01
4912	16684	via	0.01
4913	16685	via	0.01
4914	16686	via	0.01
4915	16687	via	0.01
4916	16688	via	0.01
4917	16689	via	0.01
4918	16690	via	0.01
4919	16691	via	0.01
4920	16692	via	0.01
4921	16693	via	0.01
4922	16694	via	0.01
4923	16695	via	0.01
4924	16696	via	0.01
4925	16697	via	0.01
4926	16698	via	0.01
4927	16699	via	0.01
4928	16700	via	0.01
4929	16701	via	0.01
4930	16702	via	0.01
4931	16703	via	0.01
4932	16704	via	0.01
4933	16705	via	0.01
4934	16706	via	0.01
4935	16707	via	0.01
4936	16708	via	0.01
4937	16709	via	0.01
4938	16710	via	0.01
4939	16711	via	0.01
4940	16712	via	0.01
4941	16713	via	0.01
4942	16714	via	0.01
4943	16715	via	0.01
4944	16716	via	0.01
4945	16717	via	0.01
4946	16718	via	0.01
4947	16719	via	0.01
4948	16720	via	0.01
4949	16721	via	0.01
4950	16722	via	0.01
4951	16723	via	0.01
4952	16724	via	0.01
4953	16725	via	0.01
4954	16726	via	0.01
4955	16727	via	0.01
4956	16728	via	0.01
4957	16729	via	0.01
4958	16730	via	0.01
4959	16731	via	0.01
4960	16732	via	0.01
4961	16733	via	0.01
4962	16734	via	0.01
4963	16735	via	0.01
4964	16736	via	0.01
4965	16737	via	0.01
4966	16738	via	0.01
4967	16739	via	0.01
4968	16740	via	0.01
4969	16741	via	0.01
4970	16742	via	0.01
4971	16743	via	0.01
4972	16744	via	0.01
4973	16745	via	0.01
4974	16746	via	0.01
4975	16747	via	0.01
4976	16748	via	0.01
4977	16749	via	0.01
4978	16750	via	0.01
4979	16751	via	0.01
4980	16752	via	0.01
4981	16753	via	0.01
4982	16754	via	0.01
4983	16755	via	0.01
4984	16756	via	0.01
4985	16757	via	0.01
4986	16758	via	0.01
4987	16759	via	0.01
4988	16760	via	0.01
4989	16761	via	0.01
4990	16762	via	0.01
4991	16763	via	0.01
4992	16764	via	0.01
4993	16765	via	0.01
4994	16766	via	0.01
4995	16767	via	0.01
4996	16768	via	0.01
4997	16769	via	0.01
4998	16770	via	0.01
4999	16771	via	0.01
5000	16772	via	0.01
5001	16773	via	0.01
5002	16774	via	0.01
5003	16775	via	0.01
5004	16776	via	0.01
5005	16777	via	0.01
5006	16778	via	0.01
5007	16779	via	0.01
5008	16780	via	0.01
5009	16781	via	0.01
5010	16782	via	0.01
5011	16783	via	0.01
5012	16784	via	0.01
5013	16785	via	0.01
5014	16786	via	0.01
5015	16787	via	0.01
5016	16788	via	0.01
5017	16789	via	0.01
5018	16790	via	0.01
5019	16791	via	0.01
5020	16792	via	0.01
5021	16793	via	0.01
5022	16794	via	0.01
5023	16795	via	0.01
5024	16796	via	0.01
5025	16797	via	0.01
5026	16798	via	0.01
5027	16799	via	0.01
5028	16800	via	0.01
5029	16801	via	0.01
5030	16802	via	0.01
5031	16803	via	0.01
5032	16804	via	0.01
5033	16805	via	0.01
5034	16806	via	0.01
5035	16807	via	0.01
5036	16808	via	0.01
5037	16809	via	0.01
5038	16810	via	0.01
5039	16811	via	0.01
5040	16812	via	0.01
5041	16813	via	0.01
5042	16814	via	0.01
5043	16815	via	0.01
5044	16816	via	0.01
5045	16817	via	0.01
5046	16818	via	0.01
5047	16819	via	0.01
5048	16820	via	0.01
5049	16821	via	0.01
5050	16822	via	0.01
5051	16823	via	0.01
5052	16824	via	0.01
5053	16825	via	0.01
5054	16826	via	0.01
5055	16827	via	0.01
5056	16828	via	0.01
5057	16829	via	0.01
5058	16830	via	0.01
5059	16831	via	0.01
5060	16832	via	0.01
5061	16833	via	0.01
5062	16834	via	0.01
5063	16835	via	0.01
5064	16836	via	0.01
5065	16837	via	0.01
5066	16838	via	0.01
5067	16839	via	0.01
5068	16840	via	0.01
5069	16841	via	0.01
5070	16842	via	0.01
5071	16843	via	0.01
5072	16844	via	0.01
5073	16845	via	0.01
5074	16846	via	0.01
5075	16847	via	0.01
5076	16848	via	0.01
5077	16849	via	0.01
5078	16850	via	0.01
5079	16851	via	0.01
5080	16852	via	0.01
5081	16853	via	0.01
5082	16854	via	0.01
5083	16855	via	0.01
5084	16856	via	0.01
5085	16857	via	0.01
5086	16858	via	0.01
5087	16859	via	0.01
5088	16860	via	0.01
5089	16861	via	0.01
5090	16862	via	0.01
5091	16863	via	0.01
5092	16864	via	0.01
5093	16865	via	0.01
5094	16866	via	0.01
5095	16867	via	0.01
5096	16868	via	0.01
5097	16869	via	0.01
5098	16870	via	0.01
5099	16871	via	0.01
5100	16872	via	0.01
5101	16873	via	0.01
5102	16874	via	0.01
5103	16875	via	0.01
5104	16876	via	0.01
5105	16877	via	0.01
5106	16878	via	0.01
5107	16879	via	0.01
5108	16880	via	0.01
5109	16881	via	0.01
5110	16882	via	0.01
5111	16883	via	0.01
5112	16884	via	0.01
5113	16885	via	0.01
5114	16886	via	0.01
5115	16887	via	0.01
5116	16888	via	0.01
5117	16889	via	0.01
5118	16890	via	0.01
5119	16891	via	0.01
5120	16892	via	0.01
5121	16893	via	0.01
5122	16894	via	0.01
5123	16895	via	0.01
5124	16896	via	0.01
5125	16897	via	0.01
5126	16898	via	0.01
5127	16899	via	0.01
5128	16900	via	0.01
5129	16901	via	0.01
5130	16902	via	0.01
5131	16903	via	0.01
5132	16904	via	0.01
5133	16905	via	0.01
5134	16906	via	0.01
5135	16907	via	0.01
5136	16908	via	0.01
5137	16909	via	0.01
5138	16910	via	0.01
5139	16911	via	0.01
5140	16912	via	0.01
5141	16913	via	0.01
5142	16914	via	0.01
5143	16915	via	0.01
5144	16916	via	0.01
5145	16917	via	0.01
5146	16918	via	0.01
5147	16919	via	0.01
5148	16920	via	0.01
5149	16921	via	0.01
5150	16922	via	0.01
5151	16923	via	0.01
5152	16924	via	0.01
5153	16925	via	0.01
5154	16926	via	0.01
5155	16927	via	0.01
5156	16928	via	0.01
5157	16929	via	0.01
5158	16930	via	0.01
5159	16931	via	0.01
5160	16932	via	0.01
5161	16933	via	0.01
5162	16934	via	0.01
5163	16935	via	0.01
5164	16936	via	0.01
5165	16937	via	0.01
5166	16938	via	0.01
5167	16939	via	0.01
5168	16940	via	0.01
5169	16941	via	0.01
5170	16942	via	0.01
5171	16943	via	0.01
5172	16944	via	0.01
5173	16945	via	0.01
5174	16946	via	0.01
5175	16947	via	0.01
5176	16948	via	0.01
5177	16949	via	0.01
5178	16950	via	0.01
5179	16951	via	0.01
5180	16952	via	0.01
5181	16953	via	0.01
5182	16954	via	0.01
5183	16955	via	0.01
5184	16956	via	0.01
5185	16957	via	0.01
5186	16958	via	0.01
5187	16959	via	0.01
5188	16960	via	0.01
5189	16961	via	0.01
5190	16962	via	0.01
5191	16963	via	0.01
5192	16964	via	0.01
5193	16965	via	0.01
5194	16966	via	0.01
5195	16967	via	0.01
5196	16968	via	0.01
5197	16969	via	0.01
5198	16970	via	0.01
5199	16971	via	0.01
5200	16972	via	0.01
5201	16973	via	0.01
5202	16974	via	0.01
5203	16975	via	0.01
5204	16976	via	0.01
5205	16977	via	0.01
5206	16978	via	0.01
5207	16979	via	0.01
5208	16980	via	0.01
5209	16981	via	0.01
5210	16982	via	0.01
5211	16983	via	0.01
5212	16984	via	0.01
5213	16985	via	0.01
5214	16986	via	0.01
5215	16987	via	0.01
5216	16988	via	0.01
5217	16989	via	0.01
5218	16990	via	0.01
5219	16991	via	0.01
5220	16992	via	0.01
5221	16993	via	0.01
5222	16994	via	0.01
5223	16995	via	0.01
5224	16996	via	0.01
5225	16997	via	0.01
5226	16998	via	0.01
5227	16999	via	0.01
5228	17000	via	0.01
5229	17001	via	0.01
5230	17002	via	0.01
5231	17003	via	0.01
5232	17004	via	0.01
5233	17005	via	0.01
5234	17006	via	0.01
5235	17007	via	0.01
5236	17008	via	0.01
5237	17009	via	0.01
5238	17010	via	0.01
5239	17011	via	0.01
5240	17012	via	0.01
5241	17013	via	0.01
5242	17014	via	0.01
5243	17015	via	0.01
5244	17016	via	0.01
5245	17017	via	0.01
5246	17018	via	0.01
5247	17019	via	0.01
5248	17020	via	0.01
5249	17021	via	0.01
5250	17022	via	0.01
5251	17023	via	0.01
5252	17024	via	0.01
5253	17025	via	0.01
5254	17026	via	0.01
5255	17027	via	0.01
5256	17028	via	0.01
5257	17029	via	0.01
5258	17030	via	0.01
5259	17031	via	0.01
5260	17032	via	0.01
5261	17033	via	0.01
5262	17034	via	0.01
5263	17035	via	0.01
5264	17036	via	0.01
5265	17037	via	0.01
5266	17038	via	0.01
5267	17039	via	0.01
5268	17040	via	0.01
5269	17041	via	0.01
5270	17042	via	0.01
5271	17043	via	0.01
5272	17044	via	0.01
5273	17045	via	0.01
5274	17046	via	0.01
5275	17047	via	0.01
5276	17048	via	0.01
5277	17049	via	0.01
5278	17050	via	0.01
5279	17051	via	0.01
5280	17052	via	0.01
5281	17053	via	0.01
5282	17054	via	0.01
5283	17055	via	0.01
5284	17056	via	0.01
5285	17057	via	0.01
5286	17058	via	0.01
5287	17059	via	0.01
5288	17060	via	0.01
5289	17061	via	0.01
5290	17062	via	0.01
5291	17063	via	0.01
5292	17064	via	0.01
5293	17065	via	0.01
5294	17066	via	0.01
5295	17067	via	0.01
5296	17068	via	0.01
5297	17069	via	0.01
5298	17070	via	0.01
5299	17071	via	0.01
5300	17072	via	0.01
5301	17073	via	0.01
5302	17074	via	0.01
5303	17075	via	0.01
5304	17076	via	0.01
5305	17077	via	0.01
5306	17078	via	0.01
5307	17079	via	0.01
5308	17080	via	0.01
5309	17081	via	0.01
5310	17082	via	0.01
5311	17083	via	0.01
5312	17084	via	0.01
5313	17085	via	0.01
5314	17086	via	0.01
5315	17087	via	0.01
5316	17088	via	0.01
5317	17089	via	0.01
5318	17090	via	0.01
5319	17091	via	0.01
5320	17092	via	0.01
5321	17093	via	0.01
5322	17094	via	0.01
5323	17095	via	0.01
5324	17096	via	0.01
5325	17097	via	0.01
5326	17098	via	0.01
5327	17099	via	0.01
5328	17100	via	0.01
5329	17101	via	0.01
5330	17102	via	0.01
5331	17103	via	0.01
5332	17104	via	0.01
5333	17105	via	0.01
5334	17106	via	0.01
5335	17107	via	0.01
5336	17108	via	0.01
5337	17109	via	0.01
5338	17110	via	0.01
5339	17111	via	0.01
5340	17112	via	0.01
5341	17113	via	0.01
5342	17114	via	0.01
5343	17115	via	0.01
5344	17116	via	0.01
5345	17117	via	0.01
5346	17118	via	0.01
5347	17119	via	0.01
5348	17120	via	0.01
5349	17121	via	0.01
5350	17122	via	0.01
5351	17123	via	0.01
5352	17124	via	0.01
5353	17125	via	0.01
5354	17126	via	0.01
5355	17127	via	0.01
5356	17128	via	0.01
5357	17129	via	0.01
5358	17130	via	0.01
5359	17131	via	0.01
5360	17132	via	0.01
5361	17133	via	0.01
5362	17134	via	0.01
5363	17135	via	0.01
5364	17136	via	0.01
5365	17137	via	0.01
5366	17138	via	0.01
5367	17139	via	0.01
5368	17140	via	0.01
5369	17141	via	0.01
5370	17142	via	0.01
5371	17143	via	0.01
5372	17144	via	0.01
5373	17145	via	0.01
5374	17146	via	0.01
5375	17147	via	0.01
5376	17148	via	0.01
5377	17149	via	0.01
5378	17150	via	0.01
5379	17151	via	0.01
5380	17152	via	0.01
5381	17153	via	0.01
5382	17154	via	0.01
5383	17155	via	0.01
5384	17156	via	0.01
5385	17157	via	0.01
5386	17158	via	0.01
5387	17159	via	0.01
5388	17160	via	0.01
5389	17161	via	0.01
5390	17162	via	0.01
5391	17163	via	0.01
5392	17164	via	0.01
5393	17165	via	0.01
5394	17166	via	0.01
5395	17167	via	0.01
5396	17168	via	0.01
5397	17169	via	0.01
5398	17170	via	0.01
5399	17171	via	0.01
5400	17172	via	0.01
5401	17173	via	0.01
5402	17174	via	0.01
5403	17175	via	0.01
5404	17176	via	0.01
5405	17177	via	0.01
5406	17178	via	0.01
5407	17179	via	0.01
5408	17180	via	0.01
5409	17181	via	0.01
5410	17182	via	0.01
5411	17183	via	0.01
5412	17184	via	0.01
5413	17185	via	0.01
5414	17186	via	0.01
5415	17187	via	0.01
5416	17188	via	0.01
5417	17189	via	0.01
5418	17190	via	0.01
5419	17191	via	0.01
5420	17192	via	0.01
5421	17193	via	0.01
5422	17194	via	0.01
5423	17195	via	0.01
5424	17196	via	0.01
5425	17197	via	0.01
5426	17198	via	0.01
5427	17199	via	0.01
5428	17200	via	0.01
5429	17201	via	0.01
5430	17202	via	0.01
5431	17203	via	0.01
5432	17204	via	0.01
5433	17205	via	0.01
5434	17206	via	0.01
5435	17207	via	0.01
5436	17208	via	0.01
5437	17209	via	0.01
5438	17210	via	0.01
5439	17211	via	0.01
5440	17212	via	0.01
5441	17213	via	0.01
5442	17214	via	0.01
5443	17215	via	0.01
5444	17216	via	0.01
5445	17217	via	0.01
5446	17218	via	0.01
5447	17219	via	0.01
5448	17220	via	0.01
5449	17221	via	0.01
5450	17222	via	0.01
5451	17223	via	0.01
5452	17224	via	0.01
5453	17225	via	0.01
5454	17226	via	0.01
5455	17227	via	0.01
5456	17228	via	0.01
5457	17229	via	0.01
5458	17230	via	0.01
5459	17231	via	0.01
5460	17232	via	0.01
5461	17233	via	0.01
5462	17234	via	0.01
5463	17235	via	0.01
5464	17236	via	0.01
5465	17237	via	0.01
5466	17238	via	0.01
5467	17239	via	0.01
5468	17240	via	0.01
5469	17241	via	0.01
5470	17242	via	0.01
5471	17243	via	0.01
5472	17244	via	0.01
5473	17245	via	0.01
5474	17246	via	0.01
5475	17247	via	0.01
5476	17248	via	0.01
5477	17249	via	0.01
5478	17250	via	0.01
5479	17251	via	0.01
5480	17252	via	0.01
5481	17253	via	0.01
5482	17254	via	0.01
5483	17255	via	0.01
5484	17256	via	0.01
5485	17257	via	0.01
5486	17258	via	0.01
5487	17259	via	0.01
5488	17260	via	0.01
5489	17261	via	0.01
5490	17262	via	0.01
5491	17263	via	0.01
5492	17264	via	0.01
5493	17265	via	0.01
5494	17266	via	0.01
5495	17267	via	0.01
5496	17268	via	0.01
5497	17269	via	0.01
5498	17270	via	0.01
5499	17271	via	0.01
5500	17272	via	0.01
5501	17273	via	0.01
5502	17274	via	0.01
5503	17275	via	0.01
5504	17276	via	0.01
5505	17277	via	0.01
5506	17278	via	0.01
5507	17279	via	0.01
5508	17280	via	0.01
5509	17281	via	0.01
5510	17282	via	0.01
5511	17283	via	0.01
5512	17284	via	0.01
5513	17285	via	0.01
5514	17286	via	0.01
5515	17287	via	0.01
5516	17288	via	0.01
5517	17289	via	0.01
5518	17290	via	0.01
5519	17291	via	0.01
5520	17292	via	0.01
5521	17293	via	0.01
5522	17294	via	0.01
5523	17295	via	0.01
5524	17296	via	0.01
5525	17297	via	0.01
5526	17298	via	0.01
5527	17299	via	0.01
5528	17300	via	0.01
5529	17301	via	0.01
5530	17302	via	0.01
5531	17303	via	0.01
5532	17304	via	0.01
5533	17305	via	0.01
5534	17306	via	0.01
5535	17307	via	0.01
5536	17308	via	0.01
5537	17309	via	0.01
5538	17310	via	0.01
5539	17311	via	0.01
5540	17312	via	0.01
5541	17313	via	0.01
5542	17314	via	0.01
5543	17315	via	0.01
5544	17316	via	0.01
5545	17317	via	0.01
5546	17318	via	0.01
5547	17319	via	0.01
5548	17320	via	0.01
5549	17321	via	0.01
5550	17322	via	0.01
5551	17323	via	0.01
5552	17324	via	0.01
5553	17325	via	0.01
5554	17326	via	0.01
5555	17327	via	0.01
5556	17328	via	0.01
5557	17329	via	0.01
5558	17330	via	0.01
5559	17331	via	0.01
5560	17332	via	0.01
5561	17333	via	0.01
5562	17334	via	0.01
5563	17335	via	0.01
5564	17336	via	0.01
5565	17337	via	0.01
5566	17338	via	0.01
5567	17339	via	0.01
5568	17340	via	0.01
5569	17341	via	0.01
5570	17342	via	0.01
5571	17343	via	0.01
5572	17344	via	0.01
5573	17345	via	0.01
5574	17346	via	0.01
5575	17347	via	0.01
5576	17348	via	0.01
5577	17349	via	0.01
5578	17350	via	0.01
5579	17351	via	0.01
5580	17352	via	0.01
5581	17353	via	0.01
5582	17354	via	0.01
5583	17355	via	0.01
5584	17356	via	0.01
5585	17357	via	0.01
5586	17358	via	0.01
5587	17359	via	0.01
5588	17360	via	0.01
5589	17361	via	0.01
5590	17362	via	0.01
5591	17363	via	0.01
5592	17364	via	0.01
5593	17365	via	0.01
5594	17366	via	0.01
5595	17367	via	0.01
5596	17368	via	0.01
5597	17369	via	0.01
5598	17370	via	0.01
5599	17371	via	0.01
5600	17372	via	0.01
5601	17373	via	0.01
5602	17374	via	0.01
5603	17375	via	0.01
5604	17376	via	0.01
5605	17377	via	0.01
5606	17378	via	0.01
5607	17379	via	0.01
5608	17380	via	0.01
5609	17381	via	0.01
5610	17382	via	0.01
5611	17383	via	0.01
5612	17384	via	0.01
5613	17385	via	0.01
5614	17386	via	0.01
5615	17387	via	0.01
5616	17388	via	0.01
5617	17389	via	0.01
5618	17390	via	0.01
5619	17391	via	0.01
5620	17392	via	0.01
5621	17393	via	0.01
5622	17394	via	0.01
5623	17395	via	0.01
5624	17396	via	0.01
5625	17397	via	0.01
5626	17398	via	0.01
5627	17399	via	0.01
5628	17400	via	0.01
5629	17401	via	0.01
5630	17402	via	0.01
5631	17403	via	0.01
5632	17404	via	0.01
5633	17405	via	0.01
5634	17406	via	0.01
5635	17407	via	0.01
5636	17408	via	0.01
5637	17409	via	0.01
5638	17410	via	0.01
5639	17411	via	0.01
5640	17412	via	0.01
5641	17413	via	0.01
5642	17414	via	0.01
5643	17415	via	0.01
5644	17416	via	0.01
5645	17417	via	0.01
5646	17418	via	0.01
5647	17419	via	0.01
5648	17420	via	0.01
5649	17421	via	0.01
5650	17422	via	0.01
5651	17423	via	0.01
5652	17424	via	0.01
5653	17425	via	0.01
5654	17426	via	0.01
5655	17427	via	0.01
5656	17428	via	0.01
5657	17429	via	0.01
5658	17430	via	0.01
5659	17431	via	0.01
5660	17432	via	0.01
5661	17433	via	0.01
5662	17434	via	0.01
5663	17435	via	0.01
5664	17436	via	0.01
5665	17437	via	0.01
5666	17438	via	0.01
5667	17439	via	0.01
5668	17440	via	0.01
5669	17441	via	0.01
5670	17442	via	0.01
5671	17443	via	0.01
5672	17444	via	0.01
5673	17445	via	0.01
5674	17446	via	0.01
5675	17447	via	0.01
5676	17448	via	0.01
5677	17449	via	0.01
5678	17450	via	0.01
5679	17451	via	0.01
5680	17452	via	0.01
5681	17453	via	0.01
5682	17454	via	0.01
5683	17455	via	0.01
5684	17456	via	0.01
5685	17457	via	0.01
5686	17458	via	0.01
5687	17459	via	0.01
5688	17460	via	0.01
5689	17461	via	0.01
5690	17462	via	0.01
5691	17463	via	0.01
5692	17464	via	0.01
5693	17465	via	0.01
5694	17466	via	0.01
5695	17467	via	0.01
5696	17468	via	0.01
5697	17469	via	0.01
5698	17470	via	0.01
5699	17471	via	0.01
5700	17472	via	0.01
5701	17473	via	0.01
5702	17474	via	0.01
5703	17475	via	0.01
5704	17476	via	0.01
5705	17477	via	0.01
5706	17478	via	0.01
5707	17479	via	0.01
5708	17480	via	0.01
5709	17481	via	0.01
5710	17482	via	0.01
5711	17483	via	0.01
5712	17484	via	0.01
5713	17485	via	0.01
5714	17486	via	0.01
5715	17487	via	0.01
5716	17488	via	0.01
5717	17489	via	0.01
5718	17490	via	0.01
5719	17491	via	0.01
5720	17492	via	0.01
5721	17493	via	0.01
5722	17494	via	0.01
5723	17495	via	0.01
5724	17496	via	0.01
5725	17497	via	0.01
5726	17498	via	0.01
5727	17499	via	0.01
5728	17500	via	0.01
5729	17501	via	0.01
5730	17502	via	0.01
5731	17503	via	0.01
5732	17504	via	0.01
5733	17505	via	0.01
5734	17506	via	0.01
5735	17507	via	0.01
5736	17508	via	0.01
5737	17509	via	0.01
5738	17510	via	0.01
5739	17511	via	0.01
5740	17512	via	0.01
5741	17513	via	0.01
5742	17514	via	0.01
5743	17515	via	0.01
5744	17516	via	0.01
5745	17517	via	0.01
5746	17518	via	0.01
5747	17519	via	0.01
5748	17520	via	0.01
5749	17521	via	0.01
5750	17522	via	0.01
5751	17523	via	0.01
5752	17524	via	0.01
5753	17525	via	0.01
5754	17526	via	0.01
5755	17527	via	0.01
5756	17528	via	0.01
5757	17529	via	0.01
5758	17530	via	0.01
5759	17531	via	0.01
5760	17532	via	0.01
5761	17533	via	0.01
5762	17534	via	0.01
5763	17535	via	0.01
5764	17536	via	0.01
5765	17537	via	0.01
5766	17538	via	0.01
5767	17539	via	0.01
5768	17540	via	0.01
5769	17541	via	0.01
5770	17542	via	0.01
5771	17543	via	0.01
5772	17544	via	0.01
5773	17545	via	0.01
5774	17546	via	0.01
5775	17547	via	0.01
5776	17548	via	0.01
5777	17549	via	0.01
5778	17550	via	0.01
5779	17551	via	0.01
5780	17552	via	0.01
5781	17553	via	0.01
5782	17554	via	0.01
5783	17555	via	0.01
5784	17556	via	0.01
5785	17557	via	0.01
5786	17558	via	0.01
5787	17559	via	0.01
5788	17560	via	0.01
5789	17561	via	0.01
5790	17562	via	0.01
5791	17563	via	0.01
5792	17564	via	0.01
5793	17565	via	0.01
5794	17566	via	0.01
5795	17567	via	0.01
5796	17568	via	0.01
5797	17569	via	0.01
5798	17570	via	0.01
5799	17571	via	0.01
5800	17572	via	0.01
5801	17573	via	0.01
5802	17574	via	0.01
5803	17575	via	0.01
5804	17576	via	0.01
5805	17577	via	0.01
5806	17578	via	0.01
5807	17579	via	0.01
5808	17580	via	0.01
5809	17581	via	0.01
5810	17582	via	0.01
5811	17583	via	0.01
5812	17584	via	0.01
5813	17585	via	0.01
5814	17586	via	0.01
5815	17587	via	0.01
5816	17588	via	0.01
5817	17589	via	0.01
5818	17590	via	0.01
5819	17591	via	0.01
5820	17592	via	0.01
5821	17593	via	0.01
5822	17594	via	0.01
5823	17595	via	0.01
5824	17596	via	0.01
5825	17597	via	0.01
5826	17598	via	0.01
5827	17599	via	0.01
5828	17600	via	0.01
5829	17601	via	0.01
5830	17602	via	0.01
5831	17603	via	0.01
5832	17604	via	0.01
5833	17605	via	0.01
5834	17606	via	0.01
5835	17607	via	0.01
5836	17608	via	0.01
5837	17609	via	0.01
5838	17610	via	0.01
5839	17611	via	0.01
5840	17612	via	0.01
5841	17613	via	0.01
5842	17614	via	0.01
5843	17615	via	0.01
5844	17616	via	0.01
5845	17617	via	0.01
5846	17618	via	0.01
5847	17619	via	0.01
5848	17620	via	0.01
5849	17621	via	0.01
5850	17622	via	0.01
5851	17623	via	0.01
5852	17624	via	0.01
5853	17625	via	0.01
5854	17626	via	0.01
5855	17627	via	0.01
5856	17628	via	0.01
5857	17629	via	0.01
5858	17630	via	0.01
5859	17631	via	0.01
5860	17632	via	0.01
5861	17633	via	0.01
5862	17634	via	0.01
5863	17635	via	0.01
5864	17636	via	0.01
5865	17637	via	0.01
5866	17638	via	0.01
5867	17639	via	0.01
5868	17640	via	0.01
5869	17641	via	0.01
5870	17642	via	0.01
5871	17643	via	0.01
5872	17644	via	0.01
5873	17645	via	0.01
5874	17646	via	0.01
5875	17647	via	0.01
5876	17648	via	0.01
5877	17649	via	0.01
5878	17650	via	0.01
5879	17651	via	0.01
5880	17652	via	0.01
5881	17653	via	0.01
5882	17654	via	0.01
5883	17655	via	0.01
5884	17656	via	0.01
5885	17657	via	0.01
5886	17658	via	0.01
5887	17659	via	0.01
5888	17660	via	0.01
5889	17661	via	0.01
5890	17662	via	0.01
5891	17663	via	0.01
5892	17664	via	0.01
5893	17665	via	0.01
5894	17666	via	0.01
5895	17667	via	0.01
5896	17668	via	0.01
5897	17669	via	0.01
5898	17670	via	0.01
5899	17671	via	0.01
5900	17672	via	0.01
5901	17673	via	0.01
5902	17674	via	0.01
5903	17675	via	0.01
5904	17676	via	0.01
5905	17677	via	0.01
5906	17678	via	0.01
5907	17679	via	0.01
5908	17680	via	0.01
5909	17681	via	0.01
5910	17682	via	0.01
5911	17683	via	0.01
5912	17684	via	0.01
5913	17685	via	0.01
5914	17686	via	0.01
5915	17687	via	0.01
5916	17688	via	0.01
5917	17689	via	0.01
5918	17690	via	0.01
5919	17691	via	0.01
5920	17692	via	0.01
5921	17693	via	0.01
5922	17694	via	0.01
5923	17695	via	0.01
5924	17696	via	0.01
5925	17697	via	0.01
5926	17698	via	0.01
5927	17699	via	0.01
5928	17700	via	0.01
5929	17701	via	0.01
5930	17702	via	0.01
5931	17703	via	0.01
5932	17704	via	0.01
5933	17705	via	0.01
5934	17706	via	0.01
5935	17707	via	0.01
5936	17708	via	0.01
5937	17709	via	0.01
5938	17710	via	0.01
5939	17711	via	0.01
5940	17712	via	0.01
5941	17713	via	0.01
5942	17714	via	0.01
5943	17715	via	0.01
5944	17716	via	0.01
5945	17717	via	0.01
5946	17718	via	0.01
5947	17719	via	0.01
5948	17720	via	0.01
5949	17721	via	0.01
5950	17722	via	0.01
5951	17723	via	0.01
5952	17724	via	0.01
5953	17725	via	0.01
5954	17726	via	0.01
5955	17727	via	0.01
5956	17728	via	0.01
5957	17729	via	0.01
5958	17730	via	0.01
5959	17731	via	0.01
5960	17732	via	0.01
5961	17733	via	0.01
5962	17734	via	0.01
5963	17735	via	0.01
5964	17736	via	0.01
5965	17737	via	0.01
5966	17738	via	0.01
5967	17739	via	0.01
5968	17740	via	0.01
5969	17741	via	0.01
5970	17742	via	0.01
5971	17743	via	0.01
5972	17744	via	0.01
5973	17745	via	0.01
5974	17746	via	0.01
5975	17747	via	0.01
5976	17748	via	0.01
5977	17749	via	0.01
5978	17750	via	0.01
5979	17751	via	0.01
5980	17752	via	0.01
5981	17753	via	0.01
5982	17754	via	0.01
5983	17755	via	0.01
5984	17756	via	0.01
5985	17757	via	0.01
5986	17758	via	0.01
5987	17759	via	0.01
5988	17760	via	0.01
5989	17761	via	0.01
5990	17762	via	0.01
5991	17763	via	0.01
5992	17764	via	0.01
5993	17765	via	0.01
5994	17766	via	0.01
5995	17767	via	0.01
5996	17768	via	0.01
5997	17769	via	0.01
5998	17770	via	0.01
5999	17771	via	0.01
6000	17772	via	0.01
6001	17773	via	0.01
6002	17774	via	0.01
6003	17775	via	0.01
6004	17776	via	0.01
6005	17777	via	0.01
6006	17778	via	0.01
6007	17779	via	0.01
6008	17780	via	0.01
6009	17781	via	0.01
6010	17782	via	0.01
6011	17783	via	0.01
6012	17784	via	0.01
6013	17785	via	0.01
6014	17786	via	0.01
6015	17787	via	0.01
6016	17788	via	0.01
6017	17789	via	0.01
6018	17790	via	0.01
6019	17791	via	0.01
6020	17792	via	0.01
6021	17793	via	0.01
6022	17794	via	0.01
6023	17795	via	0.01
6024	17796	via	0.01
6025	17797	via	0.01
6026	17798	via	0.01
6027	17799	via	0.01
6028	17800	via	0.01
6029	17801	via	0.01
6030	17802	via	0.01
6031	17803	via	0.01
6032	17804	via	0.01
6033	17805	via	0.01
6034	17806	via	0.01
6035	17807	via	0.01
6036	17808	via	0.01
6037	17809	via	0.01
6038	17810	via	0.01
6039	17811	via	0.01
6040	17812	via	0.01
6041	17813	via	0.01
6042	17814	via	0.01
6043	17815	via	0.01
6044	17816	via	0.01
6045	17817	via	0.01
6046	17818	via	0.01
6047	17819	via	0.01
6048	17820	via	0.01
6049	17821	via	0.01
6050	17822	via	0.01
6051	17823	via	0.01
6052	17824	via	0.01
6053	17825	via	0.01
6054	17826	via	0.01
6055	17827	via	0.01
6056	17828	via	0.01
6057	17829	via	0.01
6058	17830	via	0.01
6059	17831	via	0.01
6060	17832	via	0.01
6061	17833	via	0.01
6062	17834	via	0.01
6063	17835	via	0.01
6064	17836	via	0.01
6065	17837	via	0.01
6066	17838	via	0.01
6067	17839	via	0.01
6068	17840	via	0.01
6069	17841	via	0.01
6070	17842	via	0.01
6071	17843	via	0.01
6072	17844	via	0.01
6073	17845	via	0.01
6074	17846	via	0.01
6075	17847	via	0.01
6076	17848	via	0.01
6077	17849	via	0.01
6078	17850	via	0.01
6079	17851	via	0.01
6080	17852	via	0.01
6081	17853	via	0.01
6082	17854	via	0.01
6083	17855	via	0.01
6084	17856	via	0.01
6085	17857	via	0.01
6086	17858	via	0.01
6087	17859	via	0.01
6088	17860	via	0.01
6089	17861	via	0.01
6090	17862	via	0.01
6091	17863	via	0.01
6092	17864	via	0.01
6093	17865	via	0.01
6094	17866	via	0.01
6095	17867	via	0.01
6096	17868	via	0.01
6097	17869	via	0.01
6098	17870	via	0.01
6099	17871	via	0.01
6100	17872	via	0.01
6101	17873	via	0.01
6102	17874	via	0.01
6103	17875	via	0.01
6104	17876	via	0.01
6105	17877	via	0.01
6106	17878	via	0.01
6107	17879	via	0.01
6108	17880	via	0.01
6109	17881	via	0.01
6110	17882	via	0.01
6111	17883	via	0.01
6112	17884	via	0.01
6113	17885	via	0.01
6114	17886	via	0.01
6115	17887	via	0.01
6116	17888	via	0.01
6117	17889	via	0.01
6118	17890	via	0.01
6119	17891	via	0.01
6120	17892	via	0.01
6121	17893	via	0.01
6122	17894	via	0.01
6123	17895	via	0.01
6124	17896	via	0.01
6125	17897	via	0.01
6126	17898	via	0.01
6127	17899	via	0.01
6128	17900	via	0.01
6129	17901	via	0.01
6130	17902	via	0.01
6131	17903	via	0.01
6132	17904	via	0.01
6133	17905	via	0.01
6134	17906	via	0.01
6135	17907	via	0.01
6136	17908	via	0.01
6137	17909	via	0.01
6138	17910	via	0.01
6139	17911	via	0.01
6140	17912	via	0.01
6141	17913	via	0.01
6142	17914	via	0.01
6143	17915	via	0.01
6144	17916	via	0.01
6145	17917	via	0.01
6146	17918	via	0.01
6147	17919	via	0.01
6148	17920	via	0.01
6149	17921	via	0.01
6150	17922	via	0.01
6151	17923	via	0.01
6152	17924	via	0.01
6153	17925	via	0.01
6154	17926	via	0.01
6155	17927	via	0.01
6156	17928	via	0.01
6157	17929	via	0.01
6158	17930	via	0.01
6159	17931	via	0.01
6160	17932	via	0.01
6161	17933	via	0.01
6162	17934	via	0.01
6163	17935	via	0.01
6164	17936	via	0.01
6165	17937	via	0.01
6166	17938	via	0.01
6167	17939	via	0.01
6168	17940	via	0.01
6169	17941	via	0.01
6170	17942	via	0.01
6171	17943	via	0.01
6172	17944	via	0.01
6173	17945	via	0.01
6174	17946	via	0.01
6175	17947	via	0.01
6176	17948	via	0.01
6177	17949	via	0.01
6178	17950	via	0.01
6179	17951	via	0.01
6180	17952	via	0.01
6181	17953	via	0.01
6182	17954	via	0.01
6183	17955	via	0.01
6184	17956	via	0.01
6185	17957	via	0.01
6186	17958	via	0.01
6187	17959	via	0.01
6188	17960	via	0.01
6189	17961	via	0.01
6190	17962	via	0.01
6191	17963	via	0.01
6192	17964	via	0.01
6193	17965	via	0.01
6194	17966	via	0.01
6195	17967	via	0.01
6196	17968	via	0.01
6197	17969	via	0.01
6198	17970	via	0.01
6199	17971	via	0.01
6200	17972	via	0.01
6201	17973	via	0.01
6202	17974	via	0.01
6203	17975	via	0.01
6204	17976	via	0.01
6205	17977	via	0.01
6206	17978	via	0.01
6207	17979	via	0.01
6208	17980	via	0.01
6209	17981	via	0.01
6210	17982	via	0.01
6211	17983	via	0.01
6212	17984	via	0.01
6213	17985	via	0.01
6214	17986	via	0.01
6215	17987	via	0.01
6216	17988	via	0.01
6217	17989	via	0.01
6218	17990	via	0.01
6219	17991	via	0.01
6220	17992	via	0.01
6221	17993	via	0.01
6222	17994	via	0.01
6223	17995	via	0.01
6224	17996	via	0.01
6225	17997	via	0.01
6226	17998	via	0.01
6227	17999	via	0.01
6228	18000	via	0.01
6229	18001	via	0.01
6230	18002	via	0.01
6231	18003	via	0.01
6232	18004	via	0.01
6233	18005	via	0.01
6234	18006	via	0.01
6235	18007	via	0.01
6236	18008	via	0.01
6237	18009	via	0.01
6238	18010	via	0.01
6239	18011	via	0.01
6240	18012	via	0.01
6241	18013	via	0.01
6242	18014	via	0.01
6243	18015	via	0.01
6244	18016	via	0.01
6245	18017	via	0.01
6246	18018	via	0.01
6247	18019	via	0.01
6248	18020	via	0.01
6249	18021	via	0.01
6250	18022	via	0.01
6251	18023	via	0.01
6252	18024	via	0.01
6253	18025	via	0.01
6254	18026	via	0.01
6255	18027	via	0.01
6256	18028	via	0.01
6257	18029	via	0.01
6258	18030	via	0.01
6259	18031	via	0.01
6260	18032	via	0.01
6261	18033	via	0.01
6262	18034	via	0.01
6263	18035	via	0.01
6264	18036	via	0.01
6265	18037	via	0.01
6266	18038	via	0.01
6267	18039	via	0.01
6268	18040	via	0.01
6269	18041	via	0.01
6270	18042	via	0.01
6271	18043	via	0.01
6272	18044	via	0.01
6273	18045	via	0.01
6274	18046	via	0.01
6275	18047	via	0.01
6276	18048	via	0.01
6277	18049	via	0.01
6278	18050	via	0.01
6279	18051	via	0.01
6280	18052	via	0.01
6281	18053	via	0.01
6282	18054	via	0.01
6283	18055	via	0.01
6284	18056	via	0.01
6285	18057	via	0.01
6286	18058	via	0.01
6287	18059	via	0.01
6288	18060	via	0.01
6289	18061	via	0.01
6290	18062	via	0.01
6291	18063	via	0.01
6292	18064	via	0.01
6293	18065	via	0.01
6294	18066	via	0.01
6295	18067	via	0.01
6296	18068	via	0.01
6297	18069	via	0.01
6298	18070	via	0.01
6299	18071	via	0.01
6300	18072	via	0.01
6301	18073	via	0.01
6302	18074	via	0.01
6303	18075	via	0.01
6304	18076	via	0.01
6305	18077	via	0.01
6306	18078	via	0.01
6307	18079	via	0.01
6308	18080	via	0.01
6309	18081	via	0.01
6310	18082	via	0.01
6311	18083	via	0.01
6312	18084	via	0.01
6313	18085	via	0.01
6314	18086	via	0.01
6315	18087	via	0.01
6316	18088	via	0.01
6317	18089	via	0.01
6318	18090	via	0.01
6319	18091	via	0.01
6320	18092	via	0.01
6321	18093	via	0.01
6322	18094	via	0.01
6323	18095	via	0.01
6324	18096	via	0.01
6325	18097	via	0.01
6326	18098	via	0.01
6327	18099	via	0.01
6328	18100	via	0.01
6329	18101	via	0.01
6330	18102	via	0.01
6331	18103	via	0.01
6332	18104	via	0.01
6333	18105	via	0.01
6334	18106	via	0.01
6335	18107	via	0.01
6336	18108	via	0.01
6337	18109	via	0.01
6338	18110	via	0.01
6339	18111	via	0.01
6340	18112	via	0.01
6341	18113	via	0.01
6342	18114	via	0.01
6343	18115	via	0.01
6344	18116	via	0.01
6345	18117	via	0.01
6346	18118	via	0.01
6347	18119	via	0.01
6348	18120	via	0.01
6349	18121	via	0.01
6350	18122	via	0.01
6351	18123	via	0.01
6352	18124	via	0.01
6353	18125	via	0.01
6354	18126	via	0.01
6355	18127	via	0.01
6356	18128	via	0.01
6357	18129	via	0.01
6358	18130	via	0.01
6359	18131	via	0.01
6360	18132	via	0.01
6361	18133	via	0.01
6362	18134	via	0.01
6363	18135	via	0.01
6364	18136	via	0.01
6365	18137	via	0.01
6366	18138	via	0.01
6367	18139	via	0.01
6368	18140	via	0.01
6369	18141	via	0.01
6370	18142	via	0.01
6371	18143	via	0.01
6372	18144	via	0.01
6373	18145	via	0.01
6374	18146	via	0.01
6375	18147	via	0.01
6376	18148	via	0.01
6377	18149	via	0.01
6378	18150	via	0.01
6379	18151	via	0.01
6380	18152	via	0.01
6381	18153	via	0.01
6382	18154	via	0.01
6383	18155	via	0.01
6384	18156	via	0.01
6385	18157	via	0.01
6386	18158	via	0.01
6387	18159	via	0.01
6388	18160	via	0.01
6389	18161	via	0.01
6390	18162	via	0.01
6391	18163	via	0.01
6392	18164	via	0.01
6393	18165	via	0.01
6394	18166	via	0.01
6395	18167	via	0.01
6396	18168	via	0.01
6397	18169	via	0.01
6398	18170	via	0.01
6399	18171	via	0.01
6400	18172	via	0.01
6401	18173	via	0.01
6402	18174	via	0.01
6403	18175	via	0.01
6404	18176	via	0.01
6405	18177	via	0.01
6406	18178	via	0.01
6407	18179	via	0.01
6408	18180	via	0.01
6409	18181	via	0.01
6410	18182	via	0.01
6411	18183	via	0.01
6412	18184	via	0.01
6413	18185	via	0.01
6414	18186	via	0.01
6415	18187	via	0.01
6416	18188	via	0.01
6417	18189	via	0.01
6418	18190	via	0.01
6419	18191	via	0.01
6420	18192	via	0.01
6421	18193	via	0.01
6422	18194	via	0.01
6423	18195	via	0.01
6424	18196	via	0.01
6425	18197	via	0.01
6426	18198	via	0.01
6427	18199	via	0.01
6428	18200	via	0.01
6429	18201	via	0.01
6430	18202	via	0.01
6431	18203	via	0.01
6432	18204	via	0.01
6433	18205	via	0.01
6434	18206	via	0.01
6435	18207	via	0.01
6436	18208	via	0.01
6437	18209	via	0.01
6438	18210	via	0.01
6439	18211	via	0.01
6440	18212	via	0.01
6441	18213	via	0.01
6442	18214	via	0.01
6443	18215	via	0.01
6444	18216	via	0.01
6445	18217	via	0.01
6446	18218	via	0.01
6447	18219	via	0.01
6448	18220	via	0.01
6449	18221	via	0.01
6450	18222	via	0.01
6451	18223	via	0.01
6452	18224	via	0.01
6453	18225	via	0.01
6454	18226	via	0.01
6455	18227	via	0.01
6456	18228	via	0.01
6457	18229	via	0.01
6458	18230	via	0.01
6459	18231	via	0.01
6460	18232	via	0.01
6461	18233	via	0.01
6462	18234	via	0.01
6463	18235	via	0.01
6464	18236	via	0.01
6465	18237	via	0.01
6466	18238	via	0.01
6467	18239	via	0.01
6468	18240	via	0.01
6469	18241	via	0.01
6470	18242	via	0.01
6471	18243	via	0.01
6472	18244	via	0.01
6473	18245	via	0.01
6474	18246	via	0.01
6475	18247	via	0.01
6476	18248	via	0.01
6477	18249	via	0.01
6478	18250	via	0.01
6479	18251	via	0.01
6480	18252	via	0.01
6481	18253	via	0.01
6482	18254	via	0.01
6483	18255	via	0.01
6484	18256	via	0.01
6485	18257	via	0.01
6486	18258	via	0.01
6487	18259	via	0.01
6488	18260	via	0.01
6489	18261	via	0.01
6490	18262	via	0.01
6491	18263	via	0.01
6492	18264	via	0.01
6493	18265	via	0.01
6494	18266	via	0.01
6495	18267	via	0.01
6496	18268	via	0.01
6497	18269	via	0.01
6498	18270	via	0.01
6499	18271	via	0.01
6500	18272	via	0.01
6501	18273	via	0.01
6502	18274	via	0.01
6503	18275	via	0.01
6504	18276	via	0.01
6505	18277	via	0.01
6506	18278	via	0.01
6507	18279	via	0.01
6508	18280	via	0.01
6509	18281	via	0.01
6510	18282	via	0.01
6511	18283	via	0.01
6512	18284	via	0.01
6513	18285	via	0.01
6514	18286	via	0.01
6515	18287	via	0.01
6516	18288	via	0.01
6517	18289	via	0.01
6518	18290	via	0.01
6519	18291	via	0.01
6520	18292	via	0.01
6521	18293	via	0.01
6522	18294	via	0.01
6523	18295	via	0.01
6524	18296	via	0.01
6525	18297	via	0.01
6526	18298	via	0.01
6527	18299	via	0.01
6528	18300	via	0.01
6529	18301	via	0.01
6530	18302	via	0.01
6531	18303	via	0.01
6532	18304	via	0.01
6533	18305	via	0.01
6534	18306	via	0.01
6535	18307	via	0.01
6536	18308	via	0.01
6537	18309	via	0.01
6538	18310	via	0.01
6539	18311	via	0.01
6540	18312	via	0.01
6541	18313	via	0.01
6542	18314	via	0.01
6543	18315	via	0.01
6544	18316	via	0.01
6545	18317	via	0.01
6546	18318	via	0.01
6547	18319	via	0.01
6548	18320	via	0.01
6549	18321	via	0.01
6550	18322	via	0.01
6551	18323	via	0.01
6552	18324	via	0.01
6553	18325	via	0.01
6554	18326	via	0.01
6555	18327	via	0.01
6556	18328	via	0.01
6557	18329	via	0.01
6558	18330	via	0.01
6559	18331	via	0.01
6560	18332	via	0.01
6561	18333	via	0.01
6562	18334	via	0.01
6563	18335	via	0.01
6564	18336	via	0.01
6565	18337	via	0.01
6566	18338	via	0.01
6567	18339	via	0.01
6568	18340	via	0.01
6569	18341	via	0.01
6570	18342	via	0.01
6571	18343	via	0.01
6572	18344	via	0.01
6573	18345	via	0.01
6574	18346	via	0.01
6575	18347	via	0.01
6576	18348	via	0.01
6577	18349	via	0.01
6578	18350	via	0.01
6579	18351	via	0.01
6580	18352	via	0.01
6581	18353	via	0.01
6582	18354	via	0.01
6583	18355	via	0.01
6584	18356	via	0.01
6585	18357	via	0.01
6586	18358	via	0.01
6587	18359	via	0.01
6588	18360	via	0.01
6589	18361	via	0.01
6590	18362	via	0.01
6591	18363	via	0.01
6592	18364	via	0.01
6593	18365	via	0.01
6594	18366	via	0.01
6595	18367	via	0.01
6596	18368	via	0.01
6597	18369	via	0.01
6598	18370	via	0.01
6599	18371	via	0.01
6600	18372	via	0.01
6601	18373	via	0.01
6602	18374	via	0.01
6603	18375	via	0.01
6604	18376	via	0.01
6605	18377	via	0.01
6606	18378	via	0.01
6607	18379	via	0.01
6608	18380	via	0.01
6609	18381	via	0.01
6610	18382	via	0.01
6611	18383	via	0.01
6612	18384	via	0.01
6613	18385	via	0.01
6614	18386	via	0.01
6615	18387	via	0.01
6616	18388	via	0.01
6617	18389	via	0.01
6618	18390	via	0.01
6619	18391	via	0.01
6620	18392	via	0.01
6621	18393	via	0.01
6622	18394	via	0.01
6623	18395	via	0.01
6624	18396	via	0.01
6625	18397	via	0.01
6626	18398	via	0.01
6627	18399	via	0.01
6628	18400	via	0.01
6629	18401	via	0.01
6630	18402	via	0.01
6631	18403	via	0.01
6632	18404	via	0.01
6633	18405	via	0.01
6634	18406	via	0.01
6635	18407	via	0.01
6636	18408	via	0.01
6637	18409	via	0.01
6638	18410	via	0.01
6639	18411	via	0.01
6640	18412	via	0.01
6641	18413	via	0.01
6642	18414	via	0.01
6643	18415	via	0.01
6644	18416	via	0.01
6645	18417	via	0.01
6646	18418	via	0.01
6647	18419	via	0.01
6648	18420	via	0.01
6649	18421	via	0.01
6650	18422	via	0.01
6651	18423	via	0.01
6652	18424	via	0.01
6653	18425	via	0.01
6654	18426	via	0.01
6655	18427	via	0.01
6656	18428	via	0.01
6657	18429	via	0.01
6658	18430	via	0.01
6659	18431	via	0.01
6660	18432	via	0.01
6661	18433	via	0.01
6662	18434	via	0.01
6663	18435	via	0.01
6664	18436	via	0.01
6665	18437	via	0.01
6666	18438	via	0.01
6667	18439	via	0.01
6668	18440	via	0.01
6669	18441	via	0.01
6670	18442	via	0.01
6671	18443	via	0.01
6672	18444	via	0.01
6673	18445	via	0.01
6674	18446	via	0.01
6675	18447	via	0.01
6676	18448	via	0.01
6677	18449	via	0.01
6678	18450	via	0.01
6679	18451	via	0.01
6680	18452	via	0.01
6681	18453	via	0.01
6682	18454	via	0.01
6683	18455	via	0.01
6684	18456	via	0.01
6685	18457	via	0.01
6686	18458	via	0.01
6687	18459	via	0.01
6688	18460	via	0.01
6689	18461	via	0.01
6690	18462	via	0.01
6691	18463	via	0.01
6692	18464	via	0.01
6693	18465	via	0.01
6694	18466	via	0.01
6695	18467	via	0.01
6696	18468	via	0.01
6697	18469	via	0.01
6698	18470	via	0.01
6699	18471	via	0.01
6700	18472	via	0.01
6701	18473	via	0.01
6702	18474	via	0.01
6703	18475	via	0.01
6704	18476	via	0.01
6705	18477	via	0.01
6706	18478	via	0.01
6707	18479	via	0.01
6708	18480	via	0.01
6709	18481	via	0.01
6710	18482	via	0.01
6711	18483	via	0.01
6712	18484	via	0.01
6713	18485	via	0.01
6714	18486	via	0.01
6715	18487	via	0.01
6716	18488	via	0.01
6717	18489	via	0.01
6718	18490	via	0.01
6719	18491	via	0.01
6720	18492	via	0.01
6721	18493	via	0.01
6722	18494	via	0.01
6723	18495	via	0.01
6724	18496	via	0.01
6725	18497	via	0.01
6726	18498	via	0.01
6727	18499	via	0.01
6728	18500	via	0.01
6729	18501	via	0.01
6730	18502	via	0.01
6731	18503	via	0.01
6732	18504	via	0.01
6733	18505	via	0.01
6734	18506	via	0.01
6735	18507	via	0.01
6736	18508	via	0.01
6737	18509	via	0.01
6738	18510	via	0.01
6739	18511	via	0.01
6740	18512	via	0.01
6741	18513	via	0.01
6742	18514	via	0.01
6743	18515	via	0.01
6744	18516	via	0.01
6745	18517	via	0.01
6746	18518	via	0.01
6747	18519	via	0.01
6748	18520	via	0.01
6749	18521	via	0.01
6750	18522	via	0.01
6751	18523	via	0.01
6752	18524	via	0.01
6753	18525	via	0.01
6754	18526	via	0.01
6755	18527	via	0.01
6756	18528	via	0.01
6757	18529	via	0.01
6758	18530	via	0.01
6759	18531	via	0.01
6760	18532	via	0.01
6761	18533	via	0.01
6762	18534	via	0.01
6763	18535	via	0.01
6764	18536	via	0.01
6765	18537	via	0.01
6766	18538	via	0.01
6767	18539	via	0.01
6768	18540	via	0.01
6769	18541	via	0.01
6770	18542	via	0.01
6771	18543	via	0.01
6772	18544	via	0.01
6773	18545	via	0.01
6774	18546	via	0.01
6775	18547	via	0.01
6776	18548	via	0.01
6777	18549	via	0.01
6778	18550	via	0.01
6779	18551	via	0.01
6780	18552	via	0.01
6781	18553	via	0.01
6782	18554	via	0.01
6783	18555	via	0.01
6784	18556	via	0.01
6785	18557	via	0.01
6786	18558	via	0.01
6787	18559	via	0.01
6788	18560	via	0.01
6789	18561	via	0.01
6790	18562	via	0.01
6791	18563	via	0.01
6792	18564	via	0.01
6793	18565	via	0.01
6794	18566	via	0.01
6795	18567	via	0.01
6796	18568	via	0.01
6797	18569	via	0.01
6798	18570	via	0.01
6799	18571	via	0.01
6800	18572	via	0.01
6801	18573	via	0.01
6802	18574	via	0.01
6803	18575	via	0.01
6804	18576	via	0.01
6805	18577	via	0.01
6806	18578	via	0.01
6807	18579	via	0.01
6808	18580	via	0.01
6809	18581	via	0.01
6810	18582	via	0.01
6811	18583	via	0.01
6812	18584	via	0.01
6813	18585	via	0.01
6814	18586	via	0.01
6815	18587	via	0.01
6816	18588	via	0.01
6817	18589	via	0.01
6818	18590	via	0.01
6819	18591	via	0.01
6820	18592	via	0.01
6821	18593	via	0.01
6822	18594	via	0.01
6823	18595	via	0.01
6824	18596	via	0.01
6825	18597	via	0.01
6826	18598	via	0.01
6827	18599	via	0.01
6828	18600	via	0.01
6829	18601	via	0.01
6830	18602	via	0.01
6831	18603	via	0.01
6832	18604	via	0.01
6833	18605	via	0.01
6834	18606	via	0.01
6835	18607	via	0.01
6836	18608	via	0.01
6837	18609	via	0.01
6838	18610	via	0.01
6839	18611	via	0.01
6840	18612	via	0.01
6841	18613	via	0.01
6842	18614	via	0.01
6843	18615	via	0.01
6844	18616	via	0.01
6845	18617	via	0.01
6846	18618	via	0.01
6847	18619	via	0.01
6848	18620	via	0.01
6849	18621	via	0.01
6850	18622	via	0.01
6851	18623	via	0.01
6852	18624	via	0.01
6853	18625	via	0.01
6854	18626	via	0.01
6855	18627	via	0.01
6856	18628	via	0.01
6857	18629	via	0.01
6858	18630	via	0.01
6859	18631	via	0.01
6860	18632	via	0.01
6861	18633	via	0.01
6862	18634	via	0.01
6863	18635	via	0.01
6864	18636	via	0.01
6865	18637	via	0.01
6866	18638	via	0.01
6867	18639	via	0.01
6868	18640	via	0.01
6869	18641	via	0.01
6870	18642	via	0.01
6871	18643	via	0.01
6872	18644	via	0.01
6873	18645	via	0.01
6874	18646	via	0.01
6875	18647	via	0.01
6876	18648	via	0.01
6877	18649	via	0.01
6878	18650	via	0.01
6879	18651	via	0.01
6880	18652	via	0.01
6881	18653	via	0.01
6882	18654	via	0.01
6883	18655	via	0.01
6884	18656	via	0.01
6885	18657	via	0.01
6886	18658	via	0.01
6887	18659	via	0.01
6888	18660	via	0.01
6889	18661	via	0.01
6890	18662	via	0.01
6891	18663	via	0.01
6892	18664	via	0.01
6893	18665	via	0.01
6894	18666	via	0.01
6895	18667	via	0.01
6896	18668	via	0.01
6897	18669	via	0.01
6898	18670	via	0.01
6899	18671	via	0.01
6900	18672	via	0.01
6901	18673	via	0.01
6902	18674	via	0.01
6903	18675	via	0.01
6904	18676	via	0.01
6905	18677	via	0.01
6906	18678	via	0.01
6907	18679	via	0.01
6908	18680	via	0.01
6909	18681	via	0.01
6910	18682	via	0.01
6911	18683	via	0.01
6912	18684	via	0.01
6913	18685	via	0.01
6914	18686	via	0.01
6915	18687	via	0.01
6916	18688	via	0.01
6917	18689	via	0.01
6918	18690	via	0.01
6919	18691	via	0.01
6920	18692	via	0.01
6921	18693	via	0.01
6922	18694	via	0.01
6923	18695	via	0.01
6924	18696	via	0.01
6925	18697	via	0.01
6926	18698	via	0.01
6927	18699	via	0.01
6928	18700	via	0.01
6929	18701	via	0.01
6930	18702	via	0.01
6931	18703	via	0.01
6932	18704	via	0.01
6933	18705	via	0.01
6934	18706	via	0.01
6935	18707	via	0.01
6936	18708	via	0.01
6937	18709	via	0.01
6938	18710	via	0.01
6939	18711	via	0.01
6940	18712	via	0.01
6941	18713	via	0.01
6942	18714	via	0.01
6943	18715	via	0.01
6944	18716	via	0.01
6945	18717	via	0.01
6946	18718	via	0.01
6947	18719	via	0.01
6948	18720	via	0.01
6949	18721	via	0.01
6950	18722	via	0.01
6951	18723	via	0.01
6952	18724	via	0.01
6953	18725	via	0.01
6954	18726	via	0.01
6955	18727	via	0.01
6956	18728	via	0.01
6957	18729	via	0.01
6958	18730	via	0.01
6959	18731	via	0.01
6960	18732	via	0.01
6961	18733	via	0.01
6962	18734	via	0.01
6963	18735	via	0.01
6964	18736	via	0.01
6965	18737	via	0.01
6966	18738	via	0.01
6967	18739	via	0.01
6968	18740	via	0.01
6969	18741	via	0.01
6970	18742	via	0.01
6971	18743	via	0.01
6972	18744	via	0.01
6973	18745	via	0.01
6974	18746	via	0.01
6975	18747	via	0.01
6976	18748	via	0.01
6977	18749	via	0.01
6978	18750	via	0.01
6979	18751	via	0.01
6980	18752	via	0.01
6981	18753	via	0.01
6982	18754	via	0.01
6983	18755	via	0.01
6984	18756	via	0.01
6985	18757	via	0.01
6986	18758	via	0.01
6987	18759	via	0.01
6988	18760	via	0.01
6989	18761	via	0.01
6990	18762	via	0.01
6991	18763	via	0.01
6992	18764	via	0.01
6993	18765	via	0.01
6994	18766	via	0.01
6995	18767	via	0.01
6996	18768	via	0.01
6997	18769	via	0.01
6998	18770	via	0.01
6999	18771	via	0.01
7000	18772	via	0.01
7001	18773	via	0.01
7002	18774	via	0.01
7003	18775	via	0.01
7004	18776	via	0.01
7005	18777	via	0.01
7006	18778	via	0.01
7007	18779	via	0.01
7008	18780	via	0.01
7009	18781	via	0.01
7010	18782	via	0.01
7011	18783	via	0.01
7012	18784	via	0.01
7013	18785	via	0.01
7014	18786	via	0.01
7015	18787	via	0.01
7016	18788	via	0.01
7017	18789	via	0.01
7018	18790	via	0.01
7019	18791	via	0.01
7020	18792	via	0.01
7021	18793	via	0.01
7022	18794	via	0.01
7023	18795	via	0.01
7024	18796	via	0.01
7025	18797	via	0.01
7026	18798	via	0.01
7027	18799	via	0.01
7028	18800	via	0.01
7029	18801	via	0.01
7030	18802	via	0.01
7031	18803	via	0.01
7032	18804	via	0.01
7033	18805	via	0.01
7034	18806	via	0.01
7035	18807	via	0.01
7036	18808	via	0.01
7037	18809	via	0.01
7038	18810	via	0.01
7039	18811	via	0.01
7040	18812	via	0.01
7041	18813	via	0.01
7042	18814	via	0.01
7043	18815	via	0.01
7044	18816	via	0.01
7045	18817	via	0.01
7046	18818	via	0.01
7047	18819	via	0.01
7048	18820	via	0.01
7049	18821	via	0.01
7050	18822	via	0.01
7051	18823	via	0.01
7052	18824	via	0.01
7053	18825	via	0.01
7054	18826	via	0.01
7055	18827	via	0.01
7056	18828	via	0.01
7057	18829	via	0.01
7058	18830	via	0.01
7059	18831	via	0.01
7060	18832	via	0.01
7061	18833	via	0.01
7062	18834	via	0.01
7063	18835	via	0.01
7064	18836	via	0.01
7065	18837	via	0.01
7066	18838	via	0.01
7067	18839	via	0.01
7068	18840	via	0.01
7069	18841	via	0.01
7070	18842	via	0.01
7071	18843	via	0.01
7072	18844	via	0.01
7073	18845	via	0.01
7074	18846	via	0.01
7075	18847	via	0.01
7076	18848	via	0.01
7077	18849	via	0.01
7078	18850	via	0.01
7079	18851	via	0.01
7080	18852	via	0.01
7081	18853	via	0.01
7082	18854	via	0.01
7083	18855	via	0.01
7084	18856	via	0.01
7085	18857	via	0.01
7086	18858	via	0.01
7087	18859	via	0.01
7088	18860	via	0.01
7089	18861	via	0.01
7090	18862	via	0.01
7091	18863	via	0.01
7092	18864	via	0.01
7093	18865	via	0.01
7094	18866	via	0.01
7095	18867	via	0.01
7096	18868	via	0.01
7097	18869	via	0.01
7098	18870	via	0.01
7099	18871	via	0.01
7100	18872	via	0.01
7101	18873	via	0.01
7102	18874	via	0.01
7103	18875	via	0.01
7104	18876	via	0.01
7105	18877	via	0.01
7106	18878	via	0.01
7107	18879	via	0.01
7108	18880	via	0.01
7109	18881	via	0.01
7110	18882	via	0.01
7111	18883	via	0.01
7112	18884	via	0.01
7113	18885	via	0.01
7114	18886	via	0.01
7115	18887	via	0.01
7116	18888	via	0.01
7117	18889	via	0.01
7118	18890	via	0.01
7119	18891	via	0.01
7120	18892	via	0.01
7121	18893	via	0.01
7122	18894	via	0.01
7123	18895	via	0.01
7124	18896	via	0.01
7125	18897	via	0.01
7126	18898	via	0.01
7127	18899	via	0.01
7128	18900	via	0.01
7129	18901	via	0.01
7130	18902	via	0.01
7131	18903	via	0.01
7132	18904	via	0.01
7133	18905	via	0.01
7134	18906	via	0.01
7135	18907	via	0.01
7136	18908	via	0.01
7137	18909	via	0.01
7138	18910	via	0.01
7139	18911	via	0.01
7140	18912	via	0.01
7141	18913	via	0.01
7142	18914	via	0.01
7143	18915	via	0.01
7144	18916	via	0.01
7145	18917	via	0.01
7146	18918	via	0.01
7147	18919	via	0.01
7148	18920	via	0.01
7149	18921	via	0.01
7150	18922	via	0.01
7151	18923	via	0.01
7152	18924	via	0.01
7153	18925	via	0.01
7154	18926	via	0.01
7155	18927	via	0.01
7156	18928	via	0.01
7157	18929	via	0.01
7158	18930	via	0.01
7159	18931	via	0.01
7160	18932	via	0.01
7161	18933	via	0.01
7162	18934	via	0.01
7163	18935	via	0.01
7164	18936	via	0.01
7165	18937	via	0.01
7166	18938	via	0.01
7167	18939	via	0.01
7168	18940	via	0.01
7169	18941	via	0.01
7170	18942	via	0.01
7171	18943	via	0.01
7172	18944	via	0.01
7173	18945	via	0.01
7174	18946	via	0.01
7175	18947	via	0.01
7176	18948	via	0.01
7177	18949	via	0.01
7178	18950	via	0.01
7179	18951	via	0.01
7180	18952	via	0.01
7181	18953	via	0.01
7182	18954	via	0.01
7183	18955	via	0.01
7184	18956	via	0.01
7185	18957	via	0.01
7186	18958	via	0.01
7187	18959	via	0.01
7188	18960	via	0.01
7189	18961	via	0.01
7190	18962	via	0.01
7191	18963	via	0.01
7192	18964	via	0.01
7193	18965	via	0.01
7194	18966	via	0.01
7195	18967	via	0.01
7196	18968	via	0.01
7197	18969	via	0.01
7198	18970	via	0.01
7199	18971	via	0.01
7200	18972	via	0.01
7201	18973	via	0.01
7202	18974	via	0.01
7203	18975	via	0.01
7204	18976	via	0.01
7205	18977	via	0.01
7206	18978	via	0.01
7207	18979	via	0.01
7208	18980	via	0.01
7209	18981	via	0.01
7210	18982	via	0.01
7211	18983	via	0.01
7212	18984	via	0.01
7213	18985	via	0.01
7214	18986	via	0.01
7215	18987	via	0.01
7216	18988	via	0.01
7217	18989	via	0.01
7218	18990	via	0.01
7219	18991	via	0.01
7220	18992	via	0.01
7221	18993	via	0.01
7222	18994	via	0.01
7223	18995	via	0.01
7224	18996	via	0.01
7225	18997	via	0.01
7226	18998	via	0.01
7227	18999	via	0.01
7228	19000	via	0.01
7229	19001	via	0.01
7230	19002	via	0.01
7231	19003	via	0.01
7232	19004	via	0.01
7233	19005	via	0.01
7234	19006	via	0.01
7235	19007	via	0.01
7236	19008	via	0.01
7237	19009	via	0.01
7238	19010	via	0.01
7239	19011	via	0.01
7240	19012	via	0.01
7241	19013	via	0.01
7242	19014	via	0.01
7243	19015	via	0.01
7244	19016	via	0.01
7245	19017	via	0.01
7246	19018	via	0.01
7247	19019	via	0.01
7248	19020	via	0.01
7249	19021	via	0.01
7250	19022	via	0.01
7251	19023	via	0.01
7252	19024	via	0.01
7253	19025	via	0.01
7254	19026	via	0.01
7255	19027	via	0.01
7256	19028	via	0.01
7257	19029	via	0.01
7258	19030	via	0.01
7259	19031	via	0.01
7260	19032	via	0.01
7261	19033	via	0.01
7262	19034	via	0.01
7263	19035	via	0.01
7264	19036	via	0.01
7265	19037	via	0.01
7266	19038	via	0.01
7267	19039	via	0.01
7268	19040	via	0.01
7269	19041	via	0.01
7270	19042	via	0.01
7271	19043	via	0.01
7272	19044	via	0.01
7273	19045	via	0.01
7274	19046	via	0.01
7275	19047	via	0.01
7276	19048	via	0.01
7277	19049	via	0.01
7278	19050	via	0.01
7279	19051	via	0.01
7280	19052	via	0.01
7281	19053	via	0.01
7282	19054	via	0.01
7283	19055	via	0.01
7284	19056	via	0.01
7285	19057	via	0.01
7286	19058	via	0.01
7287	19059	via	0.01
7288	19060	via	0.01
7289	19061	via	0.01
7290	19062	via	0.01
7291	19063	via	0.01
7292	19064	via	0.01
7293	19065	via	0.01
7294	19066	via	0.01
7295	19067	via	0.01
7296	19068	via	0.01
7297	19069	via	0.01
7298	19070	via	0.01
7299	19071	via	0.01
7300	19072	via	0.01
7301	19073	via	0.01
7302	19074	via	0.01
7303	19075	via	0.01
7304	19076	via	0.01
7305	19077	via	0.01
7306	19078	via	0.01
7307	19079	via	0.01
7308	19080	via	0.01
7309	19081	via	0.01
7310	19082	via	0.01
7311	19083	via	0.01
7312	19084	via	0.01
7313	19085	via	0.01
7314	19086	via	0.01
7315	19087	via	0.01
7316	19088	via	0.01
7317	19089	via	0.01
7318	19090	via	0.01
7319	19091	via	0.01
7320	19092	via	0.01
7321	19093	via	0.01
7322	19094	via	0.01
7323	19095	via	0.01
7324	19096	via	0.01
7325	19097	via	0.01
7326	19098	via	0.01
7327	19099	via	0.01
7328	19100	via	0.01
7329	19101	via	0.01
7330	19102	via	0.01
7331	19103	via	0.01
7332	19104	via	0.01
7333	19105	via	0.01
7334	19106	via	0.01
7335	19107	via	0.01
7336	19108	via	0.01
7337	19109	via	0.01
7338	19110	via	0.01
7339	19111	via	0.01
7340	19112	via	0.01
7341	19113	via	0.01
7342	19114	via	0.01
7343	19115	via	0.01
7344	19116	via	0.01
7345	19117	via	0.01
7346	19118	via	0.01
7347	19119	via	0.01
7348	19120	via	0.01
7349	19121	via	0.01
7350	19122	via	0.01
7351	19123	via	0.01
7352	19124	via	0.01
7353	19125	via	0.01
7354	19126	via	0.01
7355	19127	via	0.01
7356	19128	via	0.01
7357	19129	via	0.01
7358	19130	via	0.01
7359	19131	via	0.01
7360	19132	via	0.01
7361	19133	via	0.01
7362	19134	via	0.01
7363	19135	via	0.01
7364	19136	via	0.01
7365	19137	via	0.01
7366	19138	via	0.01
7367	19139	via	0.01
7368	19140	via	0.01
7369	19141	via	0.01
7370	19142	via	0.01
7371	19143	via	0.01
7372	19144	via	0.01
7373	19145	via	0.01
7374	19146	via	0.01
7375	19147	via	0.01
7376	19148	via	0.01
7377	19149	via	0.01
7378	19150	via	0.01
7379	19151	via	0.01
7380	19152	via	0.01
7381	19153	via	0.01
7382	19154	via	0.01
7383	19155	via	0.01
7384	19156	via	0.01
7385	19157	via	0.01
7386	19158	via	0.01
7387	19159	via	0.01
7388	19160	via	0.01
7389	19161	via	0.01
7390	19162	via	0.01
7391	19163	via	0.01
7392	19164	via	0.01
7393	19165	via	0.01
7394	19166	via	0.01
7395	19167	via	0.01
7396	19168	via	0.01
7397	19169	via	0.01
7398	19170	via	0.01
7399	19171	via	0.01
7400	19172	via	0.01
7401	19173	via	0.01
7402	19174	via	0.01
7403	19175	via	0.01
7404	19176	via	0.01
7405	19177	via	0.01
7406	19178	via	0.01
7407	19179	via	0.01
7408	19180	via	0.01
7409	19181	via	0.01
7410	19182	via	0.01
7411	19183	via	0.01
7412	19184	via	0.01
7413	19185	via	0.01
7414	19186	via	0.01
7415	19187	via	0.01
7416	19188	via	0.01
7417	19189	via	0.01
7418	19190	via	0.01
7419	19191	via	0.01
7420	19192	via	0.01
7421	19193	via	0.01
7422	19194	via	0.01
7423	19195	via	0.01
7424	19196	via	0.01
7425	19197	via	0.01
7426	19198	via	0.01
7427	19199	via	0.01
7428	19200	via	0.01
7429	19201	via	0.01
7430	19202	via	0.01
7431	19203	via	0.01
7432	19204	via	0.01
7433	19205	via	0.01
7434	19206	via	0.01
7435	19207	via	0.01
7436	19208	via	0.01
7437	19209	via	0.01
7438	19210	via	0.01
7439	19211	via	0.01
7440	19212	via	0.01
7441	19213	via	0.01
7442	19214	via	0.01
7443	19215	via	0.01
7444	19216	via	0.01
7445	19217	via	0.01
7446	19218	via	0.01
7447	19219	via	0.01
7448	19220	via	0.01
7449	19221	via	0.01
7450	19222	via	0.01
7451	19223	via	0.01
7452	19224	via	0.01
7453	19225	via	0.01
7454	19226	via	0.01
7455	19227	via	0.01
7456	19228	via	0.01
7457	19229	via	0.01
7458	19230	via	0.01
7459	19231	via	0.01
7460	19232	via	0.01
7461	19233	via	0.01
7462	19234	via	0.01
7463	19235	via	0.01
7464	19236	via	0.01
7465	19237	via	0.01
7466	19238	via	0.01
7467	19239	via	0.01
7468	19240	via	0.01
7469	19241	via	0.01
7470	19242	via	0.01
7471	19243	via	0.01
7472	19244	via	0.01
7473	19245	via	0.01
7474	19246	via	0.01
7475	19247	via	0.01
7476	19248	via	0.01
7477	19249	via	0.01
7478	19250	via	0.01
7479	19251	via	0.01
7480	19252	via	0.01
7481	19253	via	0.01
7482	19254	via	0.01
7483	19255	via	0.01
7484	19256	via	0.01
7485	19257	via	0.01
7486	19258	via	0.01
7487	19259	via	0.01
7488	19260	via	0.01
7489	19261	via	0.01
7490	19262	via	0.01
7491	19263	via	0.01
7492	19264	via	0.01
7493	19265	via	0.01
7494	19266	via	0.01
7495	19267	via	0.01
7496	19268	via	0.01
7497	19269	via	0.01
7498	19270	via	0.01
7499	19271	via	0.01
7500	19272	via	0.01
7501	19273	via	0.01
7502	19274	via	0.01
7503	19275	via	0.01
7504	19276	via	0.01
7505	19277	via	0.01
7506	19278	via	0.01
7507	19279	via	0.01
7508	19280	via	0.01
7509	19281	via	0.01
7510	19282	via	0.01
7511	19283	via	0.01
7512	19284	via	0.01
7513	19285	via	0.01
7514	19286	via	0.01
7515	19287	via	0.01
7516	19288	via	0.01
7517	19289	via	0.01
7518	19290	via	0.01
7519	19291	via	0.01
7520	19292	via	0.01
7521	19293	via	0.01
7522	19294	via	0.01
7523	19295	via	0.01
7524	19296	via	0.01
7525	19297	via	0.01
7526	19298	via	0.01
7527	19299	via	0.01
7528	19300	via	0.01
7529	19301	via	0.01
7530	19302	via	0.01
7531	19303	via	0.01
7532	19304	via	0.01
7533	19305	via	0.01
7534	19306	via	0.01
7535	19307	via	0.01
7536	19308	via	0.01
7537	19309	via	0.01
7538	19310	via	0.01
7539	19311	via	0.01
7540	19312	via	0.01
7541	19313	via	0.01
7542	19314	via	0.01
7543	19315	via	0.01
7544	19316	via	0.01
7545	19317	via	0.01
7546	19318	via	0.01
7547	19319	via	0.01
7548	19320	via	0.01
7549	19321	via	0.01
7550	19322	via	0.01
7551	19323	via	0.01
7552	19324	via	0.01
7553	19325	via	0.01
7554	19326	via	0.01
7555	19327	via	0.01
7556	19328	via	0.01
7557	19329	via	0.01
7558	19330	via	0.01
7559	19331	via	0.01
7560	19332	via	0.01
7561	19333	via	0.01
7562	19334	via	0.01
7563	19335	via	0.01
7564	19336	via	0.01
7565	19337	via	0.01
7566	19338	via	0.01
7567	19339	via	0.01
7568	19340	via	0.01
7569	19341	via	0.01
7570	19342	via	0.01
7571	19343	via	0.01
7572	19344	via	0.01
7573	19345	via	0.01
7574	19346	via	0.01
7575	19347	via	0.01
7576	19348	via	0.01
7577	19349	via	0.01
7578	19350	via	0.01
7579	19351	via	0.01
7580	19352	via	0.01
7581	19353	via	0.01
7582	19354	via	0.01
7583	19355	via	0.01
7584	19356	via	0.01
7585	19357	via	0.01
7586	19358	via	0.01
7587	19359	via	0.01
7588	19360	via	0.01
7589	19361	via	0.01
7590	19362	via	0.01
7591	19363	via	0.01
7592	19364	via	0.01
7593	19365	via	0.01
7594	19366	via	0.01
7595	19367	via	0.01
7596	19368	via	0.01
7597	19369	via	0.01
7598	19370	via	0.01
7599	19371	via	0.01
7600	19372	via	0.01
7601	19373	via	0.01
7602	19374	via	0.01
7603	19375	via	0.01
7604	19376	via	0.01
7605	19377	via	0.01
7606	19378	via	0.01
7607	19379	via	0.01
7608	19380	via	0.01
7609	19381	via	0.01
7610	19382	via	0.01
7611	19383	via	0.01
7612	19384	via	0.01
7613	19385	via	0.01
7614	19386	via	0.01
7615	19387	via	0.01
7616	19388	via	0.01
7617	19389	via	0.01
7618	19390	via	0.01
7619	19391	via	0.01
7620	19392	via	0.01
7621	19393	via	0.01
7622	19394	via	0.01
7623	19395	via	0.01
7624	19396	via	0.01
7625	19397	via	0.01
7626	19398	via	0.01
7627	19399	via	0.01
7628	19400	via	0.01
7629	19401	via	0.01
7630	19402	via	0.01
7631	19403	via	0.01
7632	19404	via	0.01
7633	19405	via	0.01
7634	19406	via	0.01
7635	19407	via	0.01
7636	19408	via	0.01
7637	19409	via	0.01
7638	19410	via	0.01
7639	19411	via	0.01
7640	19412	via	0.01
7641	19413	via	0.01
7642	19414	via	0.01
7643	19415	via	0.01
7644	19416	via	0.01
7645	19417	via	0.01
7646	19418	via	0.01
7647	19419	via	0.01
7648	19420	via	0.01
7649	19421	via	0.01
7650	19422	via	0.01
7651	19423	via	0.01
7652	19424	via	0.01
7653	19425	via	0.01
7654	19426	via	0.01
7655	19427	via	0.01
7656	19428	via	0.01
7657	19429	via	0.01
7658	19430	via	0.01
7659	19431	via	0.01
7660	19432	via	0.01
7661	19433	via	0.01
7662	19434	via	0.01
7663	19435	via	0.01
7664	19436	via	0.01
7665	19437	via	0.01
7666	19438	via	0.01
7667	19439	via	0.01
7668	19440	via	0.01
7669	19441	via	0.01
7670	19442	via	0.01
7671	19443	via	0.01
7672	19444	via	0.01
7673	19445	via	0.01
7674	19446	via	0.01
7675	19447	via	0.01
7676	19448	via	0.01
7677	19449	via	0.01
7678	19450	via	0.01
7679	19451	via	0.01
7680	19452	via	0.01
7681	19453	via	0.01
7682	19454	via	0.01
7683	19455	via	0.01
7684	19456	via	0.01
7685	19457	via	0.01
7686	19458	via	0.01
7687	19459	via	0.01
7688	19460	via	0.01
7689	19461	via	0.01
7690	19462	via	0.01
7691	19463	via	0.01
7692	19464	via	0.01
7693	19465	via	0.01
7694	19466	via	0.01
7695	19467	via	0.01
7696	19468	via	0.01
7697	19469	via	0.01
7698	19470	via	0.01
7699	19471	via	0.01
7700	19472	via	0.01
7701	19473	via	0.01
7702	19474	via	0.01
7703	19475	via	0.01
7704	19476	via	0.01
7705	19477	via	0.01
7706	19478	via	0.01
7707	19479	via	0.01
7708	19480	via	0.01
7709	19481	via	0.01
7710	19482	via	0.01
7711	19483	via	0.01
7712	19484	via	0.01
7713	19485	via	0.01
7714	19486	via	0.01
7715	19487	via	0.01
7716	19488	via	0.01
7717	19489	via	0.01
7718	19490	via	0.01
7719	19491	via	0.01
7720	19492	via	0.01
7721	19493	via	0.01
7722	19494	via	0.01
7723	19495	via	0.01
7724	19496	via	0.01
7725	19497	via	0.01
7726	19498	via	0.01
7727	19499	via	0.01
7728	19500	via	0.01
7729	19501	via	0.01
7730	19502	via	0.01
7731	19503	via	0.01
7732	19504	via	0.01
7733	19505	via	0.01
7734	19506	via	0.01
7735	19507	via	0.01
7736	19508	via	0.01
7737	19509	via	0.01
7738	19510	via	0.01
7739	19511	via	0.01
7740	19512	via	0.01
7741	19513	via	0.01
7742	19514	via	0.01
7743	19515	via	0.01
7744	19516	via	0.01
7745	19517	via	0.01
7746	19518	via	0.01
7747	19519	via	0.01
7748	19520	via	0.01
7749	19521	via	0.01
7750	19522	via	0.01
7751	19523	via	0.01
7752	19524	via	0.01
7753	19525	via	0.01
7754	19526	via	0.01
7755	19527	via	0.01
7756	19528	via	0.01
7757	19529	via	0.01
7758	19530	via	0.01
7759	19531	via	0.01
7760	19532	via	0.01
7761	19533	via	0.01
7762	19534	via	0.01
7763	19535	via	0.01
7764	19536	via	0.01
7765	19537	via	0.01
7766	19538	via	0.01
7767	19539	via	0.01
7768	19540	via	0.01
7769	19541	via	0.01
7770	19542	via	0.01
7771	19543	via	0.01
7772	19544	via	0.01
7773	19545	via	0.01
7774	19546	via	0.01
7775	19547	via	0.01
7776	19548	via	0.01
7777	19549	via	0.01
7778	19550	via	0.01
7779	19551	via	0.01
7780	19552	via	0.01
7781	19553	via	0.01
7782	19554	via	0.01
7783	19555	via	0.01
7784	19556	via	0.01
7785	19557	via	0.01
7786	19558	via	0.01
7787	19559	via	0.01
7788	19560	via	0.01
7789	19561	via	0.01
7790	19562	via	0.01
7791	19563	via	0.01
7792	19564	via	0.01
7793	19565	via	0.01
7794	19566	via	0.01
7795	19567	via	0.01
7796	19568	via	0.01
7797	19569	via	0.01
7798	19570	via	0.01
7799	19571	via	0.01
7800	19572	via	0.01
7801	19573	via	0.01
7802	19574	via	0.01
7803	19575	via	0.01
7804	19576	via	0.01
7805	19577	via	0.01
7806	19578	via	0.01
7807	19579	via	0.01
7808	19580	via	0.01
7809	19581	via	0.01
7810	19582	via	0.01
7811	19583	via	0.01
7812	19584	via	0.01
7813	19585	via	0.01
7814	19586	via	0.01
7815	19587	via	0.01
7816	19588	via	0.01
7817	19589	via	0.01
7818	19590	via	0.01
7819	19591	via	0.01
7820	19592	via	0.01
7821	19593	via	0.01
7822	19594	via	0.01
7823	19595	via	0.01
7824	19596	via	0.01
7825	19597	via	0.01
7826	19598	via	0.01
7827	19599	via	0.01
7828	19600	via	0.01
7829	19601	via	0.01
7830	19602	via	0.01
7831	19603	via	0.01
7832	19604	via	0.01
7833	19605	via	0.01
7834	19606	via	0.01
7835	19607	via	0.01
7836	19608	via	0.01
7837	19609	via	0.01
7838	19610	via	0.01
7839	19611	via	0.01
7840	19612	via	0.01
7841	19613	via	0.01
7842	19614	via	0.01
7843	19615	via	0.01
7844	19616	via	0.01
7845	19617	via	0.01
7846	19618	via	0.01
7847	19619	via	0.01
7848	19620	via	0.01
7849	19621	via	0.01
7850	19622	via	0.01
7851	19623	via	0.01
7852	19624	via	0.01
7853	19625	via	0.01
7854	19626	via	0.01
7855	19627	via	0.01
7856	19628	via	0.01
7857	19629	via	0.01
7858	19630	via	0.01
7859	19631	via	0.01
7860	19632	via	0.01
7861	19633	via	0.01
7862	19634	via	0.01
7863	19635	via	0.01
7864	19636	via	0.01
7865	19637	via	0.01
7866	19638	via	0.01
7867	19639	via	0.01
7868	19640	via	0.01
7869	19641	via	0.01
7870	19642	via	0.01
7871	19643	via	0.01
7872	19644	via	0.01
7873	19645	via	0.01
7874	19646	via	0.01
7875	19647	via	0.01
7876	19648	via	0.01
7877	19649	via	0.01
7878	19650	via	0.01
7879	19651	via	0.01
7880	19652	via	0.01
7881	19653	via	0.01
7882	19654	via	0.01
7883	19655	via	0.01
7884	19656	via	0.01
7885	19657	via	0.01
7886	19658	via	0.01
7887	19659	via	0.01
7888	19660	via	0.01
7889	19661	via	0.01
7890	19662	via	0.01
7891	19663	via	0.01
7892	19664	via	0.01
7893	19665	via	0.01
7894	19666	via	0.01
7895	19667	via	0.01
7896	19668	via	0.01
7897	19669	via	0.01
7898	19670	via	0.01
7899	19671	via	0.01
7900	19672	via	0.01
7901	19673	via	0.01
7902	19674	via	0.01
7903	19675	via	0.01
7904	19676	via	0.01
7905	19677	via	0.01
7906	19678	via	0.01
7907	19679	via	0.01
7908	19680	via	0.01
7909	19681	via	0.01
7910	19682	via	0.01
7911	19683	via	0.01
7912	19684	via	0.01
7913	19685	via	0.01
7914	19686	via	0.01
7915	19687	via	0.01
7916	19688	via	0.01
7917	19689	via	0.01
7918	19690	via	0.01
7919	19691	via	0.01
7920	19692	via	0.01
7921	19693	via	0.01
7922	19694	via	0.01
7923	19695	via	0.01
7924	19696	via	0.01
7925	19697	via	0.01
7926	19698	via	0.01
7927	19699	via	0.01
7928	19700	via	0.01
7929	19701	via	0.01
7930	19702	via	0.01
7931	19703	via	0.01
7932	19704	via	0.01
7933	19705	via	0.01
7934	19706	via	0.01
7935	19707	via	0.01
7936	19708	via	0.01
7937	19709	via	0.01
7938	19710	via	0.01
7939	19711	via	0.01
7940	19712	via	0.01
7941	19713	via	0.01
7942	19714	via	0.01
7943	19715	via	0.01
7944	19716	via	0.01
7945	19717	via	0.01
7946	19718	via	0.01
7947	19719	via	0.01
7948	19720	via	0.01
7949	19721	via	0.01
7950	19722	via	0.01
7951	19723	via	0.01
7952	19724	via	0.01
7953	19725	via	0.01
7954	19726	via	0.01
7955	19727	via	0.01
7956	19728	via	0.01
7957	19729	via	0.01
7958	19730	via	0.01
7959	19731	via	0.01
7960	19732	via	0.01
7961	19733	via	0.01
7962	19734	via	0.01
7963	19735	via	0.01
7964	19736	via	0.01
7965	19737	via	0.01
7966	19738	via	0.01
7967	19739	via	0.01
7968	19740	via	0.01
7969	19741	via	0.01
7970	19742	via	0.01
7971	19743	via	0.01
7972	19744	via	0.01
7973	19745	via	0.01
7974	19746	via	0.01
7975	19747	via	0.01
7976	19748	via	0.01
7977	19749	via	0.01
7978	19750	via	0.01
7979	19751	via	0.01
7980	19752	via	0.01
7981	19753	via	0.01
7982	19754	via	0.01
7983	19755	via	0.01
7984	19756	via	0.01
7985	19757	via	0.01
7986	19758	via	0.01
7987	19759	via	0.01
7988	19760	via	0.01
7989	19761	via	0.01
7990	19762	via	0.01
7991	19763	via	0.01
7992	19764	via	0.01
7993	19765	via	0.01
7994	19766	via	0.01
7995	19767	via	0.01
7996	19768	via	0.01
7997	19769	via	0.01
7998	19770	via	0.01
7999	19771	via	0.01
8000	19772	via	0.01
8001	19773	via	0.01
8002	19774	via	0.01
8003	19775	via	0.01
8004	19776	via	0.01
8005	19777	via	0.01
8006	19778	via	0.01
8007	19779	via	0.01
8008	19780	via	0.01
8009	19781	via	0.01
8010	19782	via	0.01
8011	19783	via	0.01
8012	19784	via	0.01
8013	19785	via	0.01
8014	19786	via	0.01
8015	19787	via	0.01
8016	19788	via	0.01
8017	19789	via	0.01
8018	19790	via	0.01
8019	19791	via	0.01
8020	19792	via	0.01
8021	19793	via	0.01
8022	19794	via	0.01
8023	19795	via	0.01
8024	19796	via	0.01
8025	19797	via	0.01
8026	19798	via	0.01
8027	19799	via	0.01
8028	19800	via	0.01
8029	19801	via	0.01
8030	19802	via	0.01
8031	19803	via	0.01
8032	19804	via	0.01
8033	19805	via	0.01
8034	19806	via	0.01
8035	19807	via	0.01
8036	19808	via	0.01
8037	19809	via	0.01
8038	19810	via	0.01
8039	19811	via	0.01
8040	19812	via	0.01
8041	19813	via	0.01
8042	19814	via	0.01
8043	19815	via	0.01
8044	19816	via	0.01
8045	19817	via	0.01
8046	19818	via	0.01
8047	19819	via	0.01
8048	19820	via	0.01
8049	19821	via	0.01
8050	19822	via	0.01
8051	19823	via	0.01
8052	19824	via	0.01
8053	19825	via	0.01
8054	19826	via	0.01
8055	19827	via	0.01
8056	19828	via	0.01
8057	19829	via	0.01
8058	19830	via	0.01
8059	19831	via	0.01
8060	19832	via	0.01
8061	19833	via	0.01
8062	19834	via	0.01
8063	19835	via	0.01
8064	19836	via	0.01
8065	19837	via	0.01
8066	19838	via	0.01
8067	19839	via	0.01
8068	19840	via	0.01
8069	19841	via	0.01
8070	19842	via	0.01
8071	19843	via	0.01
8072	19844	via	0.01
8073	19845	via	0.01
8074	19846	via	0.01
8075	19847	via	0.01
8076	19848	via	0.01
8077	19849	via	0.01
8078	19850	via	0.01
8079	19851	via	0.01
8080	19852	via	0.01
8081	19853	via	0.01
8082	19854	via	0.01
8083	19855	via	0.01
8084	19856	via	0.01
8085	19857	via	0.01
8086	19858	via	0.01
8087	19859	via	0.01
8088	19860	via	0.01
8089	19861	via	0.01
8090	19862	via	0.01
8091	19863	via	0.01
8092	19864	via	0.01
8093	19865	via	0.01
8094	19866	via	0.01
8095	19867	via	0.01
8096	19868	via	0.01
8097	19869	via	0.01
8098	19870	via	0.01
8099	19871	via	0.01
8100	19872	via	0.01
8101	19873	via	0.01
8102	19874	via	0.01
8103	19875	via	0.01
8104	19876	via	0.01
8105	19877	via	0.01
8106	19878	via	0.01
8107	19879	via	0.01
8108	19880	via	0.01
8109	19881	via	0.01
8110	19882	via	0.01
8111	19883	via	0.01
8112	19884	via	0.01
8113	19885	via	0.01
8114	19886	via	0.01
8115	19887	via	0.01
8116	19888	via	0.01
8117	19889	via	0.01
8118	19890	via	0.01
8119	19891	via	0.01
8120	19892	via	0.01
8121	19893	via	0.01
8122	19894	via	0.01
8123	19895	via	0.01
8124	19896	via	0.01
8125	19897	via	0.01
8126	19898	via	0.01
8127	19899	via	0.01
8128	19900	via	0.01
8129	19901	via	0.01
8130	19902	via	0.01
8131	19903	via	0.01
8132	19904	via	0.01
8133	19905	via	0.01
8134	19906	via	0.01
8135	19907	via	0.01
8136	19908	via	0.01
8137	19909	via	0.01
8138	19910	via	0.01
8139	19911	via	0.01
8140	19912	via	0.01
8141	19913	via	0.01
8142	19914	via	0.01
8143	19915	via	0.01
8144	19916	via	0.01
8145	19917	via	0.01
8146	19918	via	0.01
8147	19919	via	0.01
8148	19920	via	0.01
8149	19921	via	0.01
8150	19922	via	0.01
8151	19923	via	0.01
8152	19924	via	0.01
8153	19925	via	0.01
8154	19926	via	0.01
8155	19927	via	0.01
8156	19928	via	0.01
8157	19929	via	0.01
8158	19930	via	0.01
8159	19931	via	0.01
8160	19932	via	0.01
8161	19933	via	0.01
8162	19934	via	0.01
8163	19935	via	0.01
8164	19936	via	0.01
8165	19937	via	0.01
8166	19938	via	0.01
8167	19939	via	0.01
8168	19940	via	0.01
8169	19941	via	0.01
8170	19942	via	0.01
8171	19943	via	0.01
8172	19944	via	0.01
8173	19945	via	0.01
8174	19946	via	0.01
8175	19947	via	0.01
8176	19948	via	0.01
8177	19949	via	0.01
8178	19950	via	0.01
8179	19951	via	0.01
8180	19952	via	0.01
8181	19953	via	0.01
8182	19954	via	0.01
8183	19955	via	0.01
8184	19956	via	0.01
8185	19957	via	0.01
8186	19958	via	0.01
8187	19959	via	0.01
8188	19960	via	0.01
8189	19961	via	0.01
8190	19962	via	0.01
8191	19963	via	0.01
8192	19964	via	0.01
8193	19965	via	0.01
8194	19966	via	0.01
8195	19967	via	0.01
8196	19968	via	0.01
8197	19969	via	0.01
8198	19970	via	0.01
8199	19971	via	0.01
8200	19972	via	0.01
8201	19973	via	0.01
8202	19974	via	0.01
8203	19975	via	0.01
8204	19976	via	0.01
8205	19977	via	0.01
8206	19978	via	0.01
8207	19979	via	0.01
8208	19980	via	0.01
8209	19981	via	0.01
8210	19982	via	0.01
8211	19983	via	0.01
8212	19984	via	0.01
8213	19985	via	0.01
8214	19986	via	0.01
8215	19987	via	0.01
8216	19988	via	0.01
8217	19989	via	0.01
8218	19990	via	0.01
8219	19991	via	0.01
8220	19992	via	0.01
8221	19993	via	0.01
8222	19994	via	0.01
8223	19995	via	0.01
8224	19996	via	0.01
8225	19997	via	0.01
8226	19998	via	0.01
8227	19999	via	0.01
8228	20000	via	0.01
8229	20001	via	0.01
8230	20002	via	0.01
8231	20003	via	0.01
8232	20004	via	0.01
8233	20005	via	0.01
8234	20006	via	0.01
8235	20007	via	0.01
8236	20008	via	0.01
8237	20009	via	0.01
8238	20010	via	0.01
8239	20011	via	0.01
8240	20012	via	0.01
8241	20013	via	0.01
8242	20014	via	0.01
8243	20015	via	0.01
8244	20016	via	0.01
8245	20017	via	0.01
8246	20018	via	0.01
8247	20019	via	0.01
8248	20020	via	0.01
8249	20021	via	0.01
8250	20022	via	0.01
8251	20023	via	0.01
8252	20024	via	0.01
8253	20025	via	0.01
8254	20026	via	0.01
8255	20027	via	0.01
8256	20028	via	0.01
8257	20029	via	0.01
8258	20030	via	0.01
8259	20031	via	0.01
8260	20032	via	0.01
8261	20033	via	0.01
8262	20034	via	0.01
8263	20035	via	0.01
8264	20036	via	0.01
8265	20037	via	0.01
8266	20038	via	0.01
8267	20039	via	0.01
8268	20040	via	0.01
8269	20041	via	0.01
8270	20042	via	0.01
8271	20043	via	0.01
8272	20044	via	0.01
8273	20045	via	0.01
8274	20046	via	0.01
8275	20047	via	0.01
8276	20048	via	0.01
8277	20049	via	0.01
8278	20050	via	0.01
8279	20051	via	0.01
8280	20052	via	0.01
8281	20053	via	0.01
8282	20054	via	0.01
8283	20055	via	0.01
8284	20056	via	0.01
8285	20057	via	0.01
8286	20058	via	0.01
8287	20059	via	0.01
8288	20060	via	0.01
8289	20061	via	0.01
8290	20062	via	0.01
8291	20063	via	0.01
8292	20064	via	0.01
8293	20065	via	0.01
8294	20066	via	0.01
8295	20067	via	0.01
8296	20068	via	0.01
8297	20069	via	0.01
8298	20070	via	0.01
8299	20071	via	0.01
8300	20072	via	0.01
8301	20073	via	0.01
8302	20074	via	0.01
8303	20075	via	0.01
8304	20076	via	0.01
8305	20077	via	0.01
8306	20078	via	0.01
8307	20079	via	0.01
8308	20080	via	0.01
8309	20081	via	0.01
8310	20082	via	0.01
8311	20083	via	0.01
8312	20084	via	0.01
8313	20085	via	0.01
8314	20086	via	0.01
8315	20087	via	0.01
8316	20088	via	0.01
8317	20089	via	0.01
8318	20090	via	0.01
8319	20091	via	0.01
8320	20092	via	0.01
8321	20093	via	0.01
8322	20094	via	0.01
8323	20095	via	0.01
8324	20096	via	0.01
8325	20097	via	0.01
8326	20098	via	0.01
8327	20099	via	0.01
8328	20100	via	0.01
8329	20101	via	0.01
8330	20102	via	0.01
8331	20103	via	0.01
8332	20104	via	0.01
8333	20105	via	0.01
8334	20106	via	0.01
8335	20107	via	0.01
8336	20108	via	0.01
8337	20109	via	0.01
8338	20110	via	0.01
8339	20111	via	0.01
8340	20112	via	0.01
8341	20113	via	0.01
8342	20114	via	0.01
8343	20115	via	0.01
8344	20116	via	0.01
8345	20117	via	0.01
8346	20118	via	0.01
8347	20119	via	0.01
8348	20120	via	0.01
8349	20121	via	0.01
8350	20122	via	0.01
8351	20123	via	0.01
8352	20124	via	0.01
8353	20125	via	0.01
8354	20126	via	0.01
8355	20127	via	0.01
8356	20128	via	0.01
8357	20129	via	0.01
8358	20130	via	0.01
8359	20131	via	0.01
8360	20132	via	0.01
8361	20133	via	0.01
8362	20134	via	0.01
8363	20135	via	0.01
8364	20136	via	0.01
8365	20137	via	0.01
8366	20138	via	0.01
8367	20139	via	0.01
8368	20140	via	0.01
8369	20141	via	0.01
8370	20142	via	0.01
8371	20143	via	0.01
8372	20144	via	0.01
8373	20145	via	0.01
8374	20146	via	0.01
8375	20147	via	0.01
8376	20148	via	0.01
8377	20149	via	0.01
8378	20150	via	0.01
8379	20151	via	0.01
8380	20152	via	0.01
8381	20153	via	0.01
8382	20154	via	0.01
8383	20155	via	0.01
8384	20156	via	0.01
8385	20157	via	0.01
8386	20158	via	0.01
8387	20159	via	0.01
8388	20160	via	0.01
8389	20161	via	0.01
8390	20162	via	0.01
8391	20163	via	0.01
8392	20164	via	0.01
8393	20165	via	0.01
8394	20166	via	0.01
8395	20167	via	0.01
8396	20168	via	0.01
8397	20169	via	0.01
8398	20170	via	0.01
8399	20171	via	0.01
8400	20172	via	0.01
8401	20173	via	0.01
8402	20174	via	0.01
8403	20175	via	0.01
8404	20176	via	0.01
8405	20177	via	0.01
8406	20178	via	0.01
8407	20179	via	0.01
8408	20180	via	0.01
8409	20181	via	0.01
8410	20182	via	0.01
8411	20183	via	0.01
8412	20184	via	0.01
8413	20185	via	0.01
8414	20186	via	0.01
8415	20187	via	0.01
8416	20188	via	0.01
8417	20189	via	0.01
8418	20190	via	0.01
8419	20191	via	0.01
8420	20192	via	0.01
8421	20193	via	0.01
8422	20194	via	0.01
8423	20195	via	0.01
8424	20196	via	0.01
8425	20197	via	0.01
8426	20198	via	0.01
8427	20199	via	0.01
8428	20200	via	0.01
8429	20201	via	0.01
8430	20202	via	0.01
8431	20203	via	0.01
8432	20204	via	0.01
8433	20205	via	0.01
8434	20206	via	0.01
8435	20207	via	0.01
8436	20208	via	0.01
8437	20209	via	0.01
8438	20210	via	0.01
8439	20211	via	0.01
8440	20212	via	0.01
8441	20213	via	0.01
8442	20214	via	0.01
8443	20215	via	0.01
8444	20216	via	0.01
8445	20217	via	0.01
8446	20218	via	0.01
8447	20219	via	0.01
8448	20220	via	0.01
8449	20221	via	0.01
8450	20222	via	0.01
8451	20223	via	0.01
8452	20224	via	0.01
8453	20225	via	0.01
8454	20226	via	0.01
8455	20227	via	0.01
8456	20228	via	0.01
8457	20229	via	0.01
8458	20230	via	0.01
8459	20231	via	0.01
8460	20232	via	0.01
8461	20233	via	0.01
8462	20234	via	0.01
8463	20235	via	0.01
8464	20236	via	0.01
8465	20237	via	0.01
8466	20238	via	0.01
8467	20239	via	0.01
8468	20240	via	0.01
8469	20241	via	0.01
8470	20242	via	0.01
8471	20243	via	0.01
8472	20244	via	0.01
8473	20245	via	0.01
8474	20246	via	0.01
8475	20247	via	0.01
8476	20248	via	0.01
8477	20249	via	0.01
8478	20250	via	0.01
8479	20251	via	0.01
8480	20252	via	0.01
8481	20253	via	0.01
8482	20254	via	0.01
8483	20255	via	0.01
8484	20256	via	0.01
8485	20257	via	0.01
8486	20258	via	0.01
8487	20259	via	0.01
8488	20260	via	0.01
8489	20261	via	0.01
8490	20262	via	0.01
8491	20263	via	0.01
8492	20264	via	0.01
8493	20265	via	0.01
8494	20266	via	0.01
8495	20267	via	0.01
8496	20268	via	0.01
8497	20269	via	0.01
8498	20270	via	0.01
8499	20271	via	0.01
8500	20272	via	0.01
8501	20273	via	0.01
8502	20274	via	0.01
8503	20275	via	0.01
8504	20276	via	0.01
8505	20277	via	0.01
8506	20278	via	0.01
8507	20279	via	0.01
8508	20280	via	0.01
8509	20281	via	0.01
8510	20282	via	0.01
8511	20283	via	0.01
8512	20284	via	0.01
8513	20285	via	0.01
8514	20286	via	0.01
8515	20287	via	0.01
8516	20288	via	0.01
8517	20289	via	0.01
8518	20290	via	0.01
8519	20291	via	0.01
8520	20292	via	0.01
8521	20293	via	0.01
8522	20294	via	0.01
8523	20295	via	0.01
8524	20296	via	0.01
8525	20297	via	0.01
8526	20298	via	0.01
8527	20299	via	0.01
8528	20300	via	0.01
8529	20301	via	0.01
8530	20302	via	0.01
8531	20303	via	0.01
8532	20304	via	0.01
8533	20305	via	0.01
8534	20306	via	0.01
8535	20307	via	0.01
8536	20308	via	0.01
8537	20309	via	0.01
8538	20310	via	0.01
8539	20311	via	0.01
8540	20312	via	0.01
8541	20313	via	0.01
8542	20314	via	0.01
8543	20315	via	0.01
8544	20316	via	0.01
8545	20317	via	0.01
8546	20318	via	0.01
8547	20319	via	0.01
8548	20320	via	0.01
8549	20321	via	0.01
8550	20322	via	0.01
8551	20323	via	0.01
8552	20324	via	0.01
8553	20325	via	0.01
8554	20326	via	0.01
8555	20327	via	0.01
8556	20328	via	0.01
8557	20329	via	0.01
8558	20330	via	0.01
8559	20331	via	0.01
8560	20332	via	0.01
8561	20333	via	0.01
8562	20334	via	0.01
8563	20335	via	0.01
8564	20336	via	0.01
8565	20337	via	0.01
8566	20338	via	0.01
8567	20339	via	0.01
8568	20340	via	0.01
8569	20341	via	0.01
8570	20342	via	0.01
8571	20343	via	0.01
8572	20344	via	0.01
8573	20345	via	0.01
8574	20346	via	0.01
8575	20347	via	0.01
8576	20348	via	0.01
8577	20349	via	0.01
8578	20350	via	0.01
8579	20351	via	0.01
8580	20352	via	0.01
8581	20353	via	0.01
8582	20354	via	0.01
8583	20355	via	0.01
8584	20356	via	0.01
8585	20357	via	0.01
8586	20358	via	0.01
8587	20359	via	0.01
8588	20360	via	0.01
8589	20361	via	0.01
8590	20362	via	0.01
8591	20363	via	0.01
8592	20364	via	0.01
8593	20365	via	0.01
8594	20366	via	0.01
8595	20367	via	0.01
8596	20368	via	0.01
8597	20369	via	0.01
8598	20370	via	0.01
8599	20371	via	0.01
8600	20372	via	0.01
8601	20373	via	0.01
8602	20374	via	0.01
8603	20375	via	0.01
8604	20376	via	0.01
8605	20377	via	0.01
8606	20378	via	0.01
8607	20379	via	0.01
8608	20380	via	0.01
8609	20381	via	0.01
8610	20382	via	0.01
8611	20383	via	0.01
8612	20384	via	0.01
8613	20385	via	0.01
8614	20386	via	0.01
8615	20387	via	0.01
8616	20388	via	0.01
8617	20389	via	0.01
8618	20390	via	0.01
8619	20391	via	0.01
8620	20392	via	0.01
8621	20393	via	0.01
8622	20394	via	0.01
8623	20395	via	0.01
8624	20396	via	0.01
8625	20397	via	0.01
8626	20398	via	0.01
8627	20399	via	0.01
8628	20400	via	0.01
8629	20401	via	0.01
8630	20402	via	0.01
8631	20403	via	0.01
8632	20404	via	0.01
8633	20405	via	0.01
8634	20406	via	0.01
8635	20407	via	0.01
8636	20408	via	0.01
8637	20409	via	0.01
8638	20410	via	0.01
8639	20411	via	0.01
8640	20412	via	0.01
8641	20413	via	0.01
8642	20414	via	0.01
8643	20415	via	0.01
8644	20416	via	0.01
8645	20417	via	0.01
8646	20418	via	0.01
8647	20419	via	0.01
8648	20420	via	0.01
8649	20421	via	0.01
8650	20422	via	0.01
8651	20423	via	0.01
8652	20424	via	0.01
8653	20425	via	0.01
8654	20426	via	0.01
8655	20427	via	0.01
8656	20428	via	0.01
8657	20429	via	0.01
8658	20430	via	0.01
8659	20431	via	0.01
8660	20432	via	0.01
8661	20433	via	0.01
8662	20434	via	0.01
8663	20435	via	0.01
8664	20436	via	0.01
8665	20437	via	0.01
8666	20438	via	0.01
8667	20439	via	0.01
8668	20440	via	0.01
8669	20441	via	0.01
8670	20442	via	0.01
8671	20443	via	0.01
8672	20444	via	0.01
8673	20445	via	0.01
8674	20446	via	0.01
8675	20447	via	0.01
8676	20448	via	0.01
8677	20449	via	0.01
8678	20450	via	0.01
8679	20451	via	0.01
8680	20452	via	0.01
8681	20453	via	0.01
8682	20454	via	0.01
8683	20455	via	0.01
8684	20456	via	0.01
8685	20457	via	0.01
8686	20458	via	0.01
8687	20459	via	0.01
8688	20460	via	0.01
8689	20461	via	0.01
8690	20462	via	0.01
8691	20463	via	0.01
8692	20464	via	0.01
8693	20465	via	0.01
8694	20466	via	0.01
8695	20467	via	0.01
8696	20468	via	0.01
8697	20469	via	0.01
8698	20470	via	0.01
8699	20471	via	0.01
8700	20472	via	0.01
8701	20473	via	0.01
8702	20474	via	0.01
8703	20475	via	0.01
8704	20476	via	0.01
8705	20477	via	0.01
8706	20478	via	0.01
8707	20479	via	0.01
8708	20480	via	0.01
8709	20481	via	0.01
8710	20482	via	0.01
8711	20483	via	0.01
8712	20484	via	0.01
8713	20485	via	0.01
8714	20486	via	0.01
8715	20487	via	0.01
8716	20488	via	0.01
8717	20489	via	0.01
8718	20490	via	0.01
8719	20491	via	0.01
8720	20492	via	0.01
8721	20493	via	0.01
8722	20494	via	0.01
8723	20495	via	0.01
8724	20496	via	0.01
8725	20497	via	0.01
8726	20498	via	0.01
8727	20499	via	0.01
8728	20500	via	0.01
8729	20501	via	0.01
8730	20502	via	0.01
8731	20503	via	0.01
8732	20504	via	0.01
8733	20505	via	0.01
8734	20506	via	0.01
8735	20507	via	0.01
8736	20508	via	0.01
8737	20509	via	0.01
8738	20510	via	0.01
8739	20511	via	0.01
8740	20512	via	0.01
8741	20513	via	0.01
8742	20514	via	0.01
8743	20515	via	0.01
8744	20516	via	0.01
8745	20517	via	0.01
8746	20518	via	0.01
8747	20519	via	0.01
8748	20520	via	0.01
8749	20521	via	0.01
8750	20522	via	0.01
8751	20523	via	0.01
8752	20524	via	0.01
8753	20525	via	0.01
8754	20526	via	0.01
8755	20527	via	0.01
8756	20528	via	0.01
8757	20529	via	0.01
8758	20530	via	0.01
8759	20531	via	0.01
8760	20532	via	0.01
8761	20533	via	0.01
8762	20534	via	0.01
8763	20535	via	0.01
8764	20536	via	0.01
8765	20537	via	0.01
8766	20538	via	0.01
8767	20539	via	0.01
8768	20540	via	0.01
8769	20541	via	0.01
8770	20542	via	0.01
8771	20543	via	0.01
8772	20544	via	0.01
8773	20545	via	0.01
8774	20546	via	0.01
8775	20547	via	0.01
8776	20548	via	0.01
8777	20549	via	0.01
8778	20550	via	0.01
8779	20551	via	0.01
8780	20552	via	0.01
8781	20553	via	0.01
8782	20554	via	0.01
8783	20555	via	0.01
8784	20556	via	0.01
8785	20557	via	0.01
8786	20558	via	0.01
8787	20559	via	0.01
8788	20560	via	0.01
8789	20561	via	0.01
8790	20562	via	0.01
8791	20563	via	0.01
8792	20564	via	0.01
8793	20565	via	0.01
8794	20566	via	0.01
8795	20567	via	0.01
8796	20568	via	0.01
8797	20569	via	0.01
8798	20570	via	0.01
8799	20571	via	0.01
8800	20572	via	0.01
8801	20573	via	0.01
8802	20574	via	0.01
8803	20575	via	0.01
8804	20576	via	0.01
8805	20577	via	0.01
8806	20578	via	0.01
8807	20579	via	0.01
8808	20580	via	0.01
8809	20581	via	0.01
8810	20582	via	0.01
8811	20583	via	0.01
8812	20584	via	0.01
8813	20585	via	0.01
8814	20586	via	0.01
8815	20587	via	0.01
8816	20588	via	0.01
8817	20589	via	0.01
8818	20590	via	0.01
8819	20591	via	0.01
8820	20592	via	0.01
8821	20593	via	0.01
8822	20594	via	0.01
8823	20595	via	0.01
8824	20596	via	0.01
8825	20597	via	0.01
8826	20598	via	0.01
8827	20599	via	0.01
8828	20600	via	0.01
8829	20601	via	0.01
8830	20602	via	0.01
8831	20603	via	0.01
8832	20604	via	0.01
8833	20605	via	0.01
8834	20606	via	0.01
8835	20607	via	0.01
8836	20608	via	0.01
8837	20609	via	0.01
8838	20610	via	0.01
8839	20611	via	0.01
8840	20612	via	0.01
8841	20613	via	0.01
8842	20614	via	0.01
8843	20615	via	0.01
8844	20616	via	0.01
8845	20617	via	0.01
8846	20618	via	0.01
8847	20619	via	0.01
8848	20620	via	0.01
8849	20621	via	0.01
8850	20622	via	0.01
8851	20623	via	0.01
8852	20624	via	0.01
8853	20625	via	0.01
8854	20626	via	0.01
8855	20627	via	0.01
8856	20628	via	0.01
8857	20629	via	0.01
8858	20630	via	0.01
8859	20631	via	0.01
8860	20632	via	0.01
8861	20633	via	0.01
8862	20634	via	0.01
8863	20635	via	0.01
8864	20636	via	0.01
8865	20637	via	0.01
8866	20638	via	0.01
8867	20639	via	0.01
8868	20640	via	0.01
8869	20641	via	0.01
8870	20642	via	0.01
8871	20643	via	0.01
8872	20644	via	0.01
8873	20645	via	0.01
8874	20646	via	0.01
8875	20647	via	0.01
8876	20648	via	0.01
8877	20649	via	0.01
8878	20650	via	0.01
8879	20651	via	0.01
8880	20652	via	0.01
8881	20653	via	0.01
8882	20654	via	0.01
8883	20655	via	0.01
8884	20656	via	0.01
8885	20657	via	0.01
8886	20658	via	0.01
8887	20659	via	0.01
8888	20660	via	0.01
8889	20661	via	0.01
8890	20662	via	0.01
8891	20663	via	0.01
8892	20664	via	0.01
8893	20665	via	0.01
8894	20666	via	0.01
8895	20667	via	0.01
8896	20668	via	0.01
8897	20669	via	0.01
8898	20670	via	0.01
8899	20671	via	0.01
8900	20672	via	0.01
8901	20673	via	0.01
8902	20674	via	0.01
8903	20675	via	0.01
8904	20676	via	0.01
8905	20677	via	0.01
8906	20678	via	0.01
8907	20679	via	0.01
8908	20680	via	0.01
8909	20681	via	0.01
8910	20682	via	0.01
8911	20683	via	0.01
8912	20684	via	0.01
8913	20685	via	0.01
8914	20686	via	0.01
8915	20687	via	0.01
8916	20688	via	0.01
8917	20689	via	0.01
8918	20690	via	0.01
8919	20691	via	0.01
8920	20692	via	0.01
8921	20693	via	0.01
8922	20694	via	0.01
8923	20695	via	0.01
8924	20696	via	0.01
8925	20697	via	0.01
8926	20698	via	0.01
8927	20699	via	0.01
8928	20700	via	0.01
8929	20701	via	0.01
8930	20702	via	0.01
8931	20703	via	0.01
8932	20704	via	0.01
8933	20705	via	0.01
8934	20706	via	0.01
8935	20707	via	0.01
8936	20708	via	0.01
8937	20709	via	0.01
8938	20710	via	0.01
8939	20711	via	0.01
8940	20712	via	0.01
8941	20713	via	0.01
8942	20714	via	0.01
8943	20715	via	0.01
8944	20716	via	0.01
8945	20717	via	0.01
8946	20718	via	0.01
8947	20719	via	0.01
8948	20720	via	0.01
8949	20721	via	0.01
8950	20722	via	0.01
8951	20723	via	0.01
8952	20724	via	0.01
8953	20725	via	0.01
8954	20726	via	0.01
8955	20727	via	0.01
8956	20728	via	0.01
8957	20729	via	0.01
8958	20730	via	0.01
8959	20731	via	0.01
8960	20732	via	0.01
8961	20733	via	0.01
8962	20734	via	0.01
8963	20735	via	0.01
8964	20736	via	0.01
8965	20737	via	0.01
8966	20738	via	0.01
8967	20739	via	0.01
8968	20740	via	0.01
8969	20741	via	0.01
8970	20742	via	0.01
8971	20743	via	0.01
8972	20744	via	0.01
8973	20745	via	0.01
8974	20746	via	0.01
8975	20747	via	0.01
8976	20748	via	0.01
8977	20749	via	0.01
8978	20750	via	0.01
8979	20751	via	0.01
8980	20752	via	0.01
8981	20753	via	0.01
8982	20754	via	0.01
8983	20755	via	0.01
8984	20756	via	0.01
8985	20757	via	0.01
8986	20758	via	0.01
8987	20759	via	0.01
8988	20760	via	0.01
8989	20761	via	0.01
8990	20762	via	0.01
8991	20763	via	0.01
8992	20764	via	0.01
8993	20765	via	0.01
8994	20766	via	0.01
8995	20767	via	0.01
8996	20768	via	0.01
8997	20769	via	0.01
8998	20770	via	0.01
8999	20771	via	0.01
9000	20772	via	0.01
9001	20773	via	0.01
9002	20774	via	0.01
9003	20775	via	0.01
9004	20776	via	0.01
9005	20777	via	0.01
9006	20778	via	0.01
9007	20779	via	0.01
9008	20780	via	0.01
9009	20781	via	0.01
9010	20782	via	0.01
9011	20783	via	0.01
9012	20784	via	0.01
9013	20785	via	0.01
9014	20786	via	0.01
9015	20787	via	0.01
9016	20788	via	0.01
9017	20789	via	0.01
9018	20790	via	0.01
9019	20791	via	0.01
9020	20792	via	0.01
9021	20793	via	0.01
9022	20794	via	0.01
9023	20795	via	0.01
9024	20796	via	0.01
9025	20797	via	0.01
9026	20798	via	0.01
9027	20799	via	0.01
9028	20800	via	0.01
9029	20801	via	0.01
9030	20802	via	0.01
9031	20803	via	0.01
9032	20804	via	0.01
9033	20805	via	0.01
9034	20806	via	0.01
9035	20807	via	0.01
9036	20808	via	0.01
9037	20809	via	0.01
9038	20810	via	0.01
9039	20811	via	0.01
9040	20812	via	0.01
9041	20813	via	0.01
9042	20814	via	0.01
9043	20815	via	0.01
9044	20816	via	0.01
9045	20817	via	0.01
9046	20818	via	0.01
9047	20819	via	0.01
9048	20820	via	0.01
9049	20821	via	0.01
9050	20822	via	0.01
9051	20823	via	0.01
9052	20824	via	0.01
9053	20825	via	0.01
9054	20826	via	0.01
9055	20827	via	0.01
9056	20828	via	0.01
9057	20829	via	0.01
9058	20830	via	0.01
9059	20831	via	0.01
9060	20832	via	0.01
9061	20833	via	0.01
9062	20834	via	0.01
9063	20835	via	0.01
9064	20836	via	0.01
9065	20837	via	0.01
9066	20838	via	0.01
9067	20839	via	0.01
9068	20840	via	0.01
9069	20841	via	0.01
9070	20842	via	0.01
9071	20843	via	0.01
9072	20844	via	0.01
9073	20845	via	0.01
9074	20846	via	0.01
9075	20847	via	0.01
9076	20848	via	0.01
9077	20849	via	0.01
9078	20850	via	0.01
9079	20851	via	0.01
9080	20852	via	0.01
9081	20853	via	0.01
9082	20854	via	0.01
9083	20855	via	0.01
9084	20856	via	0.01
9085	20857	via	0.01
9086	20858	via	0.01
9087	20859	via	0.01
9088	20860	via	0.01
9089	20861	via	0.01
9090	20862	via	0.01
9091	20863	via	0.01
9092	20864	via	0.01
9093	20865	via	0.01
9094	20866	via	0.01
9095	20867	via	0.01
9096	20868	via	0.01
9097	20869	via	0.01
9098	20870	via	0.01
9099	20871	via	0.01
9100	20872	via	0.01
9101	20873	via	0.01
9102	20874	via	0.01
9103	20875	via	0.01
9104	20876	via	0.01
9105	20877	via	0.01
9106	20878	via	0.01
9107	20879	via	0.01
9108	20880	via	0.01
9109	20881	via	0.01
9110	20882	via	0.01
9111	20883	via	0.01
9112	20884	via	0.01
9113	20885	via	0.01
9114	20886	via	0.01
9115	20887	via	0.01
9116	20888	via	0.01
9117	20889	via	0.01
9118	20890	via	0.01
9119	20891	via	0.01
9120	20892	via	0.01
9121	20893	via	0.01
9122	20894	via	0.01
9123	20895	via	0.01
9124	20896	via	0.01
9125	20897	via	0.01
9126	20898	via	0.01
9127	20899	via	0.01
9128	20900	via	0.01
9129	20901	via	0.01
9130	20902	via	0.01
9131	20903	via	0.01
9132	20904	via	0.01
9133	20905	via	0.01
9134	20906	via	0.01
9135	20907	via	0.01
9136	20908	via	0.01
9137	20909	via	0.01
9138	20910	via	0.01
9139	20911	via	0.01
9140	20912	via	0.01
9141	20913	via	0.01
9142	20914	via	0.01
9143	20915	via	0.01
9144	20916	via	0.01
9145	20917	via	0.01
9146	20918	via	0.01
9147	20919	via	0.01
9148	20920	via	0.01
9149	20921	via	0.01
9150	20922	via	0.01
9151	20923	via	0.01
9152	20924	via	0.01
9153	20925	via	0.01
9154	20926	via	0.01
9155	20927	via	0.01
9156	20928	via	0.01
9157	20929	via	0.01
9158	20930	via	0.01
9159	20931	via	0.01
9160	20932	via	0.01
9161	20933	via	0.01
9162	20934	via	0.01
9163	20935	via	0.01
9164	20936	via	0.01
9165	20937	via	0.01
9166	20938	via	0.01
9167	20939	via	0.01
9168	20940	via	0.01
9169	20941	via	0.01
9170	20942	via	0.01
9171	20943	via	0.01
9172	20944	via	0.01
9173	20945	via	0.01
9174	20946	via	0.01
9175	20947	via	0.01
9176	20948	via	0.01
9177	20949	via	0.01
9178	20950	via	0.01
9179	20951	via	0.01
9180	20952	via	0.01
9181	20953	via	0.01
9182	20954	via	0.01
9183	20955	via	0.01
9184	20956	via	0.01
9185	20957	via	0.01
9186	20958	via	0.01
9187	20959	via	0.01
9188	20960	via	0.01
9189	20961	via	0.01
9190	20962	via	0.01
9191	20963	via	0.01
9192	20964	via	0.01
9193	20965	via	0.01
9194	20966	via	0.01
9195	20967	via	0.01
9196	20968	via	0.01
9197	20969	via	0.01
9198	20970	via	0.01
9199	20971	via	0.01
9200	20972	via	0.01
9201	20973	via	0.01
9202	20974	via	0.01
9203	20975	via	0.01
9204	20976	via	0.01
9205	20977	via	0.01
9206	20978	via	0.01
9207	20979	via	0.01
9208	20980	via	0.01
9209	20981	via	0.01
9210	20982	via	0.01
9211	20983	via	0.01
9212	20984	via	0.01
9213	20985	via	0.01
9214	20986	via	0.01
9215	20987	via	0.01
9216	20988	via	0.01
9217	20989	via	0.01
9218	20990	via	0.01
9219	20991	via	0.01
9220	20992	via	0.01
9221	20993	via	0.01
9222	20994	via	0.01
9223	20995	via	0.01
9224	20996	via	0.01
9225	20997	via	0.01
9226	20998	via	0.01
9227	20999	via	0.01
9228	21000	via	0.01
9229	21001	via	0.01
9230	21002	via	0.01
9231	21003	via	0.01
9232	21004	via	0.01
9233	21005	via	0.01
9234	21006	via	0.01
9235	21007	via	0.01
9236	21008	via	0.01
9237	21009	via	0.01
9238	21010	via	0.01
9239	21011	via	0.01
9240	21012	via	0.01
9241	21013	via	0.01
9242	21014	via	0.01
9243	21015	via	0.01
9244	21016	via	0.01
9245	21017	via	0.01
9246	21018	via	0.01
9247	21019	via	0.01
9248	21020	via	0.01
9249	21021	via	0.01
9250	21022	via	0.01
9251	21023	via	0.01
9252	21024	via	0.01
9253	21025	via	0.01
9254	21026	via	0.01
9255	21027	via	0.01
9256	21028	via	0.01
9257	21029	via	0.01
9258	21030	via	0.01
9259	21031	via	0.01
9260	21032	via	0.01
9261	21033	via	0.01
9262	21034	via	0.01
9263	21035	via	0.01
9264	21036	via	0.01
9265	21037	via	0.01
9266	21038	via	0.01
9267	21039	via	0.01
9268	21040	via	0.01
9269	21041	via	0.01
9270	21042	via	0.01
9271	21043	via	0.01
9272	21044	via	0.01
9273	21045	via	0.01
9274	21046	via	0.01
9275	21047	via	0.01
9276	21048	via	0.01
9277	21049	via	0.01
9278	21050	via	0.01
9279	21051	via	0.01
9280	21052	via	0.01
9281	21053	via	0.01
9282	21054	via	0.01
9283	21055	via	0.01
9284	21056	via	0.01
9285	21057	via	0.01
9286	21058	via	0.01
9287	21059	via	0.01
9288	21060	via	0.01
9289	21061	via	0.01
9290	21062	via	0.01
9291	21063	via	0.01
9292	21064	via	0.01
9293	21065	via	0.01
9294	21066	via	0.01
9295	21067	via	0.01
9296	21068	via	0.01
9297	21069	via	0.01
9298	21070	via	0.01
9299	21071	via	0.01
9300	21072	via	0.01
9301	21073	via	0.01
9302	21074	via	0.01
9303	21075	via	0.01
9304	21076	via	0.01
9305	21077	via	0.01
9306	21078	via	0.01
9307	21079	via	0.01
9308	21080	via	0.01
9309	21081	via	0.01
9310	21082	via	0.01
9311	21083	via	0.01
9312	21084	via	0.01
9313	21085	via	0.01
9314	21086	via	0.01
9315	21087	via	0.01
9316	21088	via	0.01
9317	21089	via	0.01
9318	21090	via	0.01
9319	21091	via	0.01
9320	21092	via	0.01
9321	21093	via	0.01
9322	21094	via	0.01
9323	21095	via	0.01
9324	21096	via	0.01
9325	21097	via	0.01
9326	21098	via	0.01
9327	21099	via	0.01
9328	21100	via	0.01
9329	21101	via	0.01
9330	21102	via	0.01
9331	21103	via	0.01
9332	21104	via	0.01
9333	21105	via	0.01
9334	21106	via	0.01
9335	21107	via	0.01
9336	21108	via	0.01
9337	21109	via	0.01
9338	21110	via	0.01
9339	21111	via	0.01
9340	21112	via	0.01
9341	21113	via	0.01
9342	21114	via	0.01
9343	21115	via	0.01
9344	21116	via	0.01
9345	21117	via	0.01
9346	21118	via	0.01
9347	21119	via	0.01
9348	21120	via	0.01
9349	21121	via	0.01
9350	21122	via	0.01
9351	21123	via	0.01
9352	21124	via	0.01
9353	21125	via	0.01
9354	21126	via	0.01
9355	21127	via	0.01
9356	21128	via	0.01
9357	21129	via	0.01
9358	21130	via	0.01
9359	21131	via	0.01
9360	21132	via	0.01
9361	21133	via	0.01
9362	21134	via	0.01
9363	21135	via	0.01
9364	21136	via	0.01
9365	21137	via	0.01
9366	21138	via	0.01
9367	21139	via	0.01
9368	21140	via	0.01
9369	21141	via	0.01
9370	21142	via	0.01
9371	21143	via	0.01
9372	21144	via	0.01
9373	21145	via	0.01
9374	21146	via	0.01
9375	21147	via	0.01
9376	21148	via	0.01
9377	21149	via	0.01
9378	21150	via	0.01
9379	21151	via	0.01
9380	21152	via	0.01
9381	21153	via	0.01
9382	21154	via	0.01
9383	21155	via	0.01
9384	21156	via	0.01
9385	21157	via	0.01
9386	21158	via	0.01
9387	21159	via	0.01
9388	21160	via	0.01
9389	21161	via	0.01
9390	21162	via	0.01
9391	21163	via	0.01
9392	21164	via	0.01
9393	21165	via	0.01
9394	21166	via	0.01
9395	21167	via	0.01
9396	21168	via	0.01
9397	21169	via	0.01
9398	21170	via	0.01
9399	21171	via	0.01
9400	21172	via	0.01
9401	21173	via	0.01
9402	21174	via	0.01
9403	21175	via	0.01
9404	21176	via	0.01
9405	21177	via	0.01
9406	21178	via	0.01
9407	21179	via	0.01
9408	21180	via	0.01
9409	21181	via	0.01
9410	21182	via	0.01
9411	21183	via	0.01
9412	21184	via	0.01
9413	21185	via	0.01
9414	21186	via	0.01
9415	21187	via	0.01
9416	21188	via	0.01
9417	21189	via	0.01
9418	21190	via	0.01
9419	21191	via	0.01
9420	21192	via	0.01
9421	21193	via	0.01
9422	21194	via	0.01
9423	21195	via	0.01
9424	21196	via	0.01
9425	21197	via	0.01
9426	21198	via	0.01
9427	21199	via	0.01
9428	21200	via	0.01
9429	21201	via	0.01
9430	21202	via	0.01
9431	21203	via	0.01
9432	21204	via	0.01
9433	21205	via	0.01
9434	21206	via	0.01
9435	21207	via	0.01
9436	21208	via	0.01
9437	21209	via	0.01
9438	21210	via	0.01
9439	21211	via	0.01
9440	21212	via	0.01
9441	21213	via	0.01
9442	21214	via	0.01
9443	21215	via	0.01
9444	21216	via	0.01
9445	21217	via	0.01
9446	21218	via	0.01
9447	21219	via	0.01
9448	21220	via	0.01
9449	21221	via	0.01
9450	21222	via	0.01
9451	21223	via	0.01
9452	21224	via	0.01
9453	21225	via	0.01
9454	21226	via	0.01
9455	21227	via	0.01
9456	21228	via	0.01
9457	21229	via	0.01
9458	21230	via	0.01
9459	21231	via	0.01
9460	21232	via	0.01
9461	21233	via	0.01
9462	21234	via	0.01
9463	21235	via	0.01
9464	21236	via	0.01
9465	21237	via	0.01
9466	21238	via	0.01
9467	21239	via	0.01
9468	21240	via	0.01
9469	21241	via	0.01
9470	21242	via	0.01
9471	21243	via	0.01
9472	21244	via	0.01
9473	21245	via	0.01
9474	21246	via	0.01
9475	21247	via	0.01
9476	21248	via	0.01
9477	21249	via	0.01
9478	21250	via	0.01
9479	21251	via	0.01
9480	21252	via	0.01
9481	21253	via	0.01
9482	21254	via	0.01
9483	21255	via	0.01
9484	21256	via	0.01
9485	21257	via	0.01
9486	21258	via	0.01
9487	21259	via	0.01
9488	21260	via	0.01
9489	21261	via	0.01
9490	21262	via	0.01
9491	21263	via	0.01
9492	21264	via	0.01
9493	21265	via	0.01
9494	21266	via	0.01
9495	21267	via	0.01
9496	21268	via	0.01
9497	21269	via	0.01
9498	21270	via	0.01
9499	21271	via	0.01
9500	21272	via	0.01
9501	21273	via	0.01
9502	21274	via	0.01
9503	21275	via	0.01
9504	21276	via	0.01
9505	21277	via	0.01
9506	21278	via	0.01
9507	21279	via	0.01
9508	21280	via	0.01
9509	21281	via	0.01
9510	21282	via	0.01
9511	21283	via	0.01
9512	21284	via	0.01
9513	21285	via	0.01
9514	21286	via	0.01
9515	21287	via	0.01
9516	21288	via	0.01
9517	21289	via	0.01
9518	21290	via	0.01
9519	21291	via	0.01
9520	21292	via	0.01
9521	21293	via	0.01
9522	21294	via	0.01
9523	21295	via	0.01
9524	21296	via	0.01
9525	21297	via	0.01
9526	21298	via	0.01
9527	21299	via	0.01
9528	21300	via	0.01
9529	21301	via	0.01
9530	21302	via	0.01
9531	21303	via	0.01
9532	21304	via	0.01
9533	21305	via	0.01
9534	21306	via	0.01
9535	21307	via	0.01
9536	21308	via	0.01
9537	21309	via	0.01
9538	21310	via	0.01
9539	21311	via	0.01
9540	21312	via	0.01
9541	21313	via	0.01
9542	21314	via	0.01
9543	21315	via	0.01
9544	21316	via	0.01
9545	21317	via	0.01
9546	21318	via	0.01
9547	21319	via	0.01
9548	21320	via	0.01
9549	21321	via	0.01
9550	21322	via	0.01
9551	21323	via	0.01
9552	21324	via	0.01
9553	21325	via	0.01
9554	21326	via	0.01
9555	21327	via	0.01
9556	21328	via	0.01
9557	21329	via	0.01
9558	21330	via	0.01
9559	21331	via	0.01
9560	21332	via	0.01
9561	21333	via	0.01
9562	21334	via	0.01
9563	21335	via	0.01
9564	21336	via	0.01
9565	21337	via	0.01
9566	21338	via	0.01
9567	21339	via	0.01
9568	21340	via	0.01
9569	21341	via	0.01
9570	21342	via	0.01
9571	21343	via	0.01
9572	21344	via	0.01
9573	21345	via	0.01
9574	21346	via	0.01
9575	21347	via	0.01
9576	21348	via	0.01
9577	21349	via	0.01
9578	21350	via	0.01
9579	21351	via	0.01
9580	21352	via	0.01
9581	21353	via	0.01
9582	21354	via	0.01
9583	21355	via	0.01
9584	21356	via	0.01
9585	21357	via	0.01
9586	21358	via	0.01
9587	21359	via	0.01
9588	21360	via	0.01
9589	21361	via	0.01
9590	21362	via	0.01
9591	21363	via	0.01
9592	21364	via	0.01
9593	21365	via	0.01
9594	21366	via	0.01
9595	21367	via	0.01
9596	21368	via	0.01
9597	21369	via	0.01
9598	21370	via	0.01
9599	21371	via	0.01
9600	21372	via	0.01
9601	21373	via	0.01
9602	21374	via	0.01
9603	21375	via	0.01
9604	21376	via	0.01
9605	21377	via	0.01
9606	21378	via	0.01
9607	21379	via	0.01
9608	21380	via	0.01
9609	21381	via	0.01
9610	21382	via	0.01
9611	21383	via	0.01
9612	21384	via	0.01
9613	21385	via	0.01
9614	21386	via	0.01
9615	21387	via	0.01
9616	21388	via	0.01
9617	21389	via	0.01
9618	21390	via	0.01
9619	21391	via	0.01
9620	21392	via	0.01
9621	21393	via	0.01
9622	21394	via	0.01
9623	21395	via	0.01
9624	21396	via	0.01
9625	21397	via	0.01
9626	21398	via	0.01
9627	21399	via	0.01
9628	21400	via	0.01
9629	21401	via	0.01
9630	21402	via	0.01
9631	21403	via	0.01
9632	21404	via	0.01
9633	21405	via	0.01
9634	21406	via	0.01
9635	21407	via	0.01
9636	21408	via	0.01
9637	21409	via	0.01
9638	21410	via	0.01
9639	21411	via	0.01
9640	21412	via	0.01
9641	21413	via	0.01
9642	21414	via	0.01
9643	21415	via	0.01
9644	21416	via	0.01
9645	21417	via	0.01
9646	21418	via	0.01
9647	21419	via	0.01
9648	21420	via	0.01
9649	21421	via	0.01
9650	21422	via	0.01
9651	21423	via	0.01
9652	21424	via	0.01
9653	21425	via	0.01
9654	21426	via	0.01
9655	21427	via	0.01
9656	21428	via	0.01
9657	21429	via	0.01
9658	21430	via	0.01
9659	21431	via	0.01
9660	21432	via	0.01
9661	21433	via	0.01
9662	21434	via	0.01
9663	21435	via	0.01
9664	21436	via	0.01
9665	21437	via	0.01
9666	21438	via	0.01
9667	21439	via	0.01
9668	21440	via	0.01
9669	21441	via	0.01
9670	21442	via	0.01
9671	21443	via	0.01
9672	21444	via	0.01
9673	21445	via	0.01
9674	21446	via	0.01
9675	21447	via	0.01
9676	21448	via	0.01
9677	21449	via	0.01
9678	21450	via	0.01
9679	21451	via	0.01
9680	21452	via	0.01
9681	21453	via	0.01
9682	21454	via	0.01
9683	21455	via	0.01
9684	21456	via	0.01
9685	21457	via	0.01
9686	21458	via	0.01
9687	21459	via	0.01
9688	21460	via	0.01
9689	21461	via	0.01
9690	21462	via	0.01
9691	21463	via	0.01
9692	21464	via	0.01
9693	21465	via	0.01
9694	21466	via	0.01
9695	21467	via	0.01
9696	21468	via	0.01
9697	21469	via	0.01
9698	21470	via	0.01
9699	21471	via	0.01
9700	21472	via	0.01
9701	21473	via	0.01
9702	21474	via	0.01
9703	21475	via	0.01
9704	21476	via	0.01
9705	21477	via	0.01
9706	21478	via	0.01
9707	21479	via	0.01
9708	21480	via	0.01
9709	21481	via	0.01
9710	21482	via	0.01
9711	21483	via	0.01
9712	21484	via	0.01
9713	21485	via	0.01
9714	21486	via	0.01
9715	21487	via	0.01
9716	21488	via	0.01
9717	21489	via	0.01
9718	21490	via	0.01
9719	21491	via	0.01
9720	21492	via	0.01
9721	21493	via	0.01
9722	21494	via	0.01
9723	21495	via	0.01
9724	21496	via	0.01
9725	21497	via	0.01
9726	21498	via	0.01
9727	21499	via	0.01
9728	21500	via	0.01
9729	21501	via	0.01
9730	21502	via	0.01
9731	21503	via	0.01
9732	21504	via	0.01
9733	21505	via	0.01
9734	21506	via	0.01
9735	21507	via	0.01
9736	21508	via	0.01
9737	21509	via	0.01
9738	21510	via	0.01
9739	21511	via	0.01
9740	21512	via	0.01
9741	21513	via	0.01
9742	21514	via	0.01
9743	21515	via	0.01
9744	21516	via	0.01
9745	21517	via	0.01
9746	21518	via	0.01
9747	21519	via	0.01
9748	21520	via	0.01
9749	21521	via	0.01
9750	21522	via	0.01
9751	21523	via	0.01
9752	21524	via	0.01
9753	21525	via	0.01
9754	21526	via	0.01
9755	21527	via	0.01
9756	21528	via	0.01
9757	21529	via	0.01
9758	21530	via	0.01
9759	21531	via	0.01
9760	21532	via	0.01
9761	21533	via	0.01
9762	21534	via	0.01
9763	21535	via	0.01
9764	21536	via	0.01
9765	21537	via	0.01
9766	21538	via	0.01
9767	21539	via	0.01
9768	21540	via	0.01
9769	21541	via	0.01
9770	21542	via	0.01
9771	21543	via	0.01
9772	21544	via	0.01
9773	21545	via	0.01
9774	21546	via	0.01
9775	21547	via	0.01
9776	21548	via	0.01
9777	21549	via	0.01
9778	21550	via	0.01
9779	21551	via	0.01
9780	21552	via	0.01
9781	21553	via	0.01
9782	21554	via	0.01
9783	21555	via	0.01
9784	21556	via	0.01
9785	21557	via	0.01
9786	21558	via	0.01
9787	21559	via	0.01
9788	21560	via	0.01
9789	21561	via	0.01
9790	21562	via	0.01
9791	21563	via	0.01
9792	21564	via	0.01
9793	21565	via	0.01
9794	21566	via	0.01
9795	21567	via	0.01
9796	21568	via	0.01
9797	21569	via	0.01
9798	21570	via	0.01
9799	21571	via	0.01
9800	21572	via	0.01
9801	21573	via	0.01
9802	21574	via	0.01
9803	21575	via	0.01
9804	21576	via	0.01
9805	21577	via	0.01
9806	21578	via	0.01
9807	21579	via	0.01
9808	21580	via	0.01
9809	21581	via	0.01
9810	21582	via	0.01
9811	21583	via	0.01
9812	21584	via	0.01
9813	21585	via	0.01
9814	21586	via	0.01
9815	21587	via	0.01
9816	21588	via	0.01
9817	21589	via	0.01
9818	21590	via	0.01
9819	21591	via	0.01
9820	21592	via	0.01
9821	21593	via	0.01
9822	21594	via	0.01
9823	21595	via	0.01
9824	21596	via	0.01
9825	21597	via	0.01
9826	21598	via	0.01
9827	21599	via	0.01
9828	21600	via	0.01
9829	21601	via	0.01
9830	21602	via	0.01
9831	21603	via	0.01
9832	21604	via	0.01
9833	21605	via	0.01
9834	21606	via	0.01
9835	21607	via	0.01
9836	21608	via	0.01
9837	21609	via	0.01
9838	21610	via	0.01
9839	21611	via	0.01
9840	21612	via	0.01
9841	21613	via	0.01
9842	21614	via	0.01
9843	21615	via	0.01
9844	21616	via	0.01
9845	21617	via	0.01
9846	21618	via	0.01
9847	21619	via	0.01
9848	21620	via	0.01
9849	21621	via	0.01
9850	21622	via	0.01
9851	21623	via	0.01
9852	21624	via	0.01
9853	21625	via	0.01
9854	21626	via	0.01
9855	21627	via	0.01
9856	21628	via	0.01
9857	21629	via	0.01
9858	21630	via	0.01
9859	21631	via	0.01
9860	21632	via	0.01
9861	21633	via	0.01
9862	21634	via	0.01
9863	21635	via	0.01
9864	21636	via	0.01
9865	21637	via	0.01
9866	21638	via	0.01
9867	21639	via	0.01
9868	21640	via	0.01
9869	21641	via	0.01
9870	21642	via	0.01
9871	21643	via	0.01
9872	21644	via	0.01
9873	21645	via	0.01
9874	21646	via	0.01
9875	21647	via	0.01
9876	21648	via	0.01
9877	21649	via	0.01
9878	21650	via	0.01
9879	21651	via	0.01
9880	21652	via	0.01
9881	21653	via	0.01
9882	21654	via	0.01
9883	21655	via	0.01
9884	21656	via	0.01
9885	21657	via	0.01
9886	21658	via	0.01
9887	21659	via	0.01
9888	21660	via	0.01
9889	21661	via	0.01
9890	21662	via	0.01
9891	21663	via	0.01
9892	21664	via	0.01
9893	21665	via	0.01
9894	21666	via	0.01
9895	21667	via	0.01
9896	21668	via	0.01
9897	21669	via	0.01
9898	21670	via	0.01
9899	21671	via	0.01
9900	21672	via	0.01
9901	21673	via	0.01
9902	21674	via	0.01
9903	21675	via	0.01
9904	21676	via	0.01
9905	21677	via	0.01
9906	21678	via	0.01
9907	21679	via	0.01
9908	21680	via	0.01
9909	21681	via	0.01
9910	21682	via	0.01
9911	21683	via	0.01
9912	21684	via	0.01
9913	21685	via	0.01
9914	21686	via	0.01
9915	21687	via	0.01
9916	21688	via	0.01
9917	21689	via	0.01
9918	21690	via	0.01
9919	21691	via	0.01
9920	21692	via	0.01
9921	21693	via	0.01
9922	21694	via	0.01
9923	21695	via	0.01
9924	21696	via	0.01
9925	21697	via	0.01
9926	21698	via	0.01
9927	21699	via	0.01
9928	21700	via	0.01
9929	21701	via	0.01
9930	21702	via	0.01
9931	21703	via	0.01
9932	21704	via	0.01
9933	21705	via	0.01
9934	21706	via	0.01
9935	21707	via	0.01
9936	21708	via	0.01
9937	21709	via	0.01
9938	21710	via	0.01
9939	21711	via	0.01
9940	21712	via	0.01
9941	21713	via	0.01
9942	21714	via	0.01
9943	21715	via	0.01
9944	21716	via	0.01
9945	21717	via	0.01
9946	21718	via	0.01
9947	21719	via	0.01
9948	21720	via	0.01
9949	21721	via	0.01
9950	21722	via	0.01
9951	21723	via	0.01
9952	21724	via	0.01
9953	21725	via	0.01
9954	21726	via	0.01
9955	21727	via	0.01
9956	21728	via	0.01
9957	21729	via	0.01
9958	21730	via	0.01
9959	21731	via	0.01
9960	21732	via	0.01
9961	21733	via	0.01
9962	21734	via	0.01
9963	21735	via	0.01
9964	21736	via	0.01
9965	21737	via	0.01
9966	21738	via	0.01
9967	21739	via	0.01
9968	21740	via	0.01
9969	21741	via	0.01
9970	21742	via	0.01
9971	21743	via	0.01
9972	21744	via	0.01
9973	21745	via	0.01
9974	21746	via	0.01
9975	21747	via	0.01
9976	21748	via	0.01
9977	21749	via	0.01
9978	21750	via	0.01
9979	21751	via	0.01
9980	21752	via	0.01
9981	21753	via	0.01
9982	21754	via	0.01
9983	21755	via	0.01
9984	21756	via	0.01
9985	21757	via	0.01
9986	21758	via	0.01
9987	21759	via	0.01
9988	21760	via	0.01
9989	21761	via	0.01
9990	21762	via	0.01
9991	21763	via	0.01
9992	21764	via	0.01
9993	21765	via	0.01
9994	21766	via	0.01
9995	21767	via	0.01
9996	21768	via	0.01
9997	21769	via	0.01
9998	21770	via	0.01
9999	21771	via	0.01
10000	21772	via	0.01
10001	21773	via	0.01
10002	21774	via	0.01
10003	21775	via	0.01
10004	21776	via	0.01
10005	21777	via	0.01
10006	21778	via	0.01
10007	21779	via	0.01
10008	21780	via	0.01
10009	21781	via	0.01
10010	21782	via	0.01
10011	21783	via	0.01
10012	21784	via	0.01
10013	21785	via	0.01
10014	21786	via	0.01
10015	21787	via	0.01
10016	21788	via	0.01
10017	21789	via	0.01
10018	21790	via	0.01
10019	21791	via	0.01
10020	21792	via	0.01
10021	21793	via	0.01
10022	21794	via	0.01
10023	21795	via	0.01
10024	21796	via	0.01
10025	21797	via	0.01
10026	21798	via	0.01
10027	21799	via	0.01
10028	21800	via	0.01
10029	21801	via	0.01
10030	21802	via	0.01
10031	21803	via	0.01
10032	21804	via	0.01
10033	21805	via	0.01
10034	21806	via	0.01
10035	21807	via	0.01
10036	21808	via	0.01
10037	21809	via	0.01
10038	21810	via	0.01
10039	21811	via	0.01
10040	21812	via	0.01
10041	21813	via	0.01
10042	21814	via	0.01
10043	21815	via	0.01
10044	21816	via	0.01
10045	21817	via	0.01
10046	21818	via	0.01
10047	21819	via	0.01
10048	21820	via	0.01
10049	21821	via	0.01
10050	21822	via	0.01
10051	21823	via	0.01
10052	21824	via	0.01
10053	21825	via	0.01
10054	21826	via	0.01
10055	21827	via	0.01
10056	21828	via	0.01
10057	21829	via	0.01
10058	21830	via	0.01
10059	21831	via	0.01
10060	21832	via	0.01
10061	21833	via	0.01
10062	21834	via	0.01
10063	21835	via	0.01
10064	21836	via	0.01
10065	21837	via	0.01
10066	21838	via	0.01
10067	21839	via	0.01
10068	21840	via	0.01
10069	21841	via	0.01
10070	21842	via	0.01
10071	21843	via	0.01
10072	21844	via	0.01
10073	21845	via	0.01
10074	21846	via	0.01
10075	21847	via	0.01
10076	21848	via	0.01
10077	21849	via	0.01
10078	21850	via	0.01
10079	21851	via	0.01
10080	21852	via	0.01
10081	21853	via	0.01
10082	21854	via	0.01
10083	21855	via	0.01
10084	21856	via	0.01
10085	21857	via	0.01
10086	21858	via	0.01
10087	21859	via	0.01
10088	21860	via	0.01
10089	21861	via	0.01
10090	21862	via	0.01
10091	21863	via	0.01
10092	21864	via	0.01
10093	21865	via	0.01
10094	21866	via	0.01
10095	21867	via	0.01
10096	21868	via	0.01
10097	21869	via	0.01
10098	21870	via	0.01
10099	21871	via	0.01
10100	21872	via	0.01
10101	21873	via	0.01
10102	21874	via	0.01
10103	21875	via	0.01
10104	21876	via	0.01
10105	21877	via	0.01
10106	21878	via	0.01
10107	21879	via	0.01
10108	21880	via	0.01
10109	21881	via	0.01
10110	21882	via	0.01
10111	21883	via	0.01
10112	21884	via	0.01
10113	21885	via	0.01
10114	21886	via	0.01
10115	21887	via	0.01
10116	21888	via	0.01
10117	21889	via	0.01
10118	21890	via	0.01
10119	21891	via	0.01
10120	21892	via	0.01
10121	21893	via	0.01
10122	21894	via	0.01
10123	21895	via	0.01
10124	21896	via	0.01
10125	21897	via	0.01
10126	21898	via	0.01
10127	21899	via	0.01
10128	21900	via	0.01
10129	21901	via	0.01
10130	21902	via	0.01
10131	21903	via	0.01
10132	21904	via	0.01
10133	21905	via	0.01
10134	21906	via	0.01
10135	21907	via	0.01
10136	21908	via	0.01
10137	21909	via	0.01
10138	21910	via	0.01
10139	21911	via	0.01
10140	21912	via	0.01
10141	21913	via	0.01
10142	21914	via	0.01
10143	21915	via	0.01
10144	21916	via	0.01
10145	21917	via	0.01
10146	21918	via	0.01
10147	21919	via	0.01
10148	21920	via	0.01
10149	21921	via	0.01
10150	21922	via	0.01
10151	21923	via	0.01
10152	21924	via	0.01
10153	21925	via	0.01
10154	21926	via	0.01
10155	21927	via	0.01
10156	21928	via	0.01
10157	21929	via	0.01
10158	21930	via	0.01
10159	21931	via	0.01
10160	21932	via	0.01
10161	21933	via	0.01
10162	21934	via	0.01
10163	21935	via	0.01
10164	21936	via	0.01
10165	21937	via	0.01
10166	21938	via	0.01
10167	21939	via	0.01
10168	21940	via	0.01
10169	21941	via	0.01
10170	21942	via	0.01
10171	21943	via	0.01
10172	21944	via	0.01
10173	21945	via	0.01
10174	21946	via	0.01
10175	21947	via	0.01
10176	21948	via	0.01
10177	21949	via	0.01
10178	21950	via	0.01
10179	21951	via	0.01
10180	21952	via	0.01
10181	21953	via	0.01
10182	21954	via	0.01
10183	21955	via	0.01
10184	21956	via	0.01
10185	21957	via	0.01
10186	21958	via	0.01
10187	21959	via	0.01
10188	21960	via	0.01
10189	21961	via	0.01
10190	21962	via	0.01
10191	21963	via	0.01
10192	21964	via	0.01
10193	21965	via	0.01
10194	21966	via	0.01
10195	21967	via	0.01
10196	21968	via	0.01
10197	21969	via	0.01
10198	21970	via	0.01
10199	21971	via	0.01
10200	21972	via	0.01
10201	21973	via	0.01
10202	21974	via	0.01
10203	21975	via	0.01
10204	21976	via	0.01
10205	21977	via	0.01
10206	21978	via	0.01
10207	21979	via	0.01
10208	21980	via	0.01
10209	21981	via	0.01
10210	21982	via	0.01
10211	21983	via	0.01
10212	21984	via	0.01
10213	21985	via	0.01
10214	21986	via	0.01
10215	21987	via	0.01
10216	21988	via	0.01
10217	21989	via	0.01
10218	21990	via	0.01
10219	21991	via	0.01
10220	21992	via	0.01
10221	21993	via	0.01
10222	21994	via	0.01
10223	21995	via	0.01
10224	21996	via	0.01
10225	21997	via	0.01
10226	21998	via	0.01
10227	21999	via	0.01
10228	22000	via	0.01
10229	22001	via	0.01
10230	22002	via	0.01
10231	22003	via	0.01
10232	22004	via	0.01
10233	22005	via	0.01
10234	22006	via	0.01
10235	22007	via	0.01
10236	22008	via	0.01
10237	22009	via	0.01
10238	22010	via	0.01
10239	22011	via	0.01
10240	22012	via	0.01
10241	22013	via	0.01
10242	22014	via	0.01
10243	22015	via	0.01
10244	22016	via	0.01
10245	22017	via	0.01
10246	22018	via	0.01
10247	22019	via	0.01
10248	22020	via	0.01
10249	22021	via	0.01
10250	22022	via	0.01
10251	22023	via	0.01
10252	22024	via	0.01
10253	22025	via	0.01
10254	22026	via	0.01
10255	22027	via	0.01
10256	22028	via	0.01
10257	22029	via	0.01
10258	22030	via	0.01
10259	22031	via	0.01
10260	22032	via	0.01
10261	22033	via	0.01
10262	22034	via	0.01
10263	22035	via	0.01
10264	22036	via	0.01
10265	22037	via	0.01
10266	22038	via	0.01
10267	22039	via	0.01
10268	22040	via	0.01
10269	22041	via	0.01
10270	22042	via	0.01
10271	22043	via	0.01
10272	22044	via	0.01
10273	22045	via	0.01
10274	22046	via	0.01
10275	22047	via	0.01
10276	22048	via	0.01
10277	22049	via	0.01
10278	22050	via	0.01
10279	22051	via	0.01
10280	22052	via	0.01
10281	22053	via	0.01
10282	22054	via	0.01
10283	22055	via	0.01
10284	22056	via	0.01
10285	22057	via	0.01
10286	22058	via	0.01
10287	22059	via	0.01
10288	22060	via	0.01
10289	22061	via	0.01
10290	22062	via	0.01
10291	22063	via	0.01
10292	22064	via	0.01
10293	22065	via	0.01
10294	22066	via	0.01
10295	22067	via	0.01
10296	22068	via	0.01
10297	22069	via	0.01
10298	22070	via	0.01
10299	22071	via	0.01
10300	22072	via	0.01
10301	22073	via	0.01
10302	22074	via	0.01
10303	22075	via	0.01
10304	22076	via	0.01
10305	22077	via	0.01
10306	22078	via	0.01
10307	22079	via	0.01
10308	22080	via	0.01
10309	22081	via	0.01
10310	22082	via	0.01
10311	22083	via	0.01
10312	22084	via	0.01
10313	22085	via	0.01
10314	22086	via	0.01
10315	22087	via	0.01
10316	22088	via	0.01
10317	22089	via	0.01
10318	22090	via	0.01
10319	22091	via	0.01
10320	22092	via	0.01
10321	22093	via	0.01
10322	22094	via	0.01
10323	22095	via	0.01
10324	22096	via	0.01
10325	22097	via	0.01
10326	22098	via	0.01
10327	22099	via	0.01
10328	22100	via	0.01
10329	22101	via	0.01
10330	22102	via	0.01
10331	22103	via	0.01
10332	22104	via	0.01
10333	22105	via	0.01
10334	22106	via	0.01
10335	22107	via	0.01
10336	22108	via	0.01
10337	22109	via	0.01
10338	22110	via	0.01
10339	22111	via	0.01
10340	22112	via	0.01
10341	22113	via	0.01
10342	22114	via	0.01
10343	22115	via	0.01
10344	22116	via	0.01
10345	22117	via	0.01
10346	22118	via	0.01
10347	22119	via	0.01
10348	22120	via	0.01
10349	22121	via	0.01
10350	22122	via	0.01
10351	22123	via	0.01
10352	22124	via	0.01
10353	22125	via	0.01
10354	22126	via	0.01
10355	22127	via	0.01
10356	22128	via	0.01
10357	22129	via	0.01
10358	22130	via	0.01
10359	22131	via	0.01
10360	22132	via	0.01
10361	22133	via	0.01
10362	22134	via	0.01
10363	22135	via	0.01
10364	22136	via	0.01
10365	22137	via	0.01
10366	22138	via	0.01
10367	22139	via	0.01
10368	22140	via	0.01
10369	22141	via	0.01
10370	22142	via	0.01
10371	22143	via	0.01
10372	22144	via	0.01
10373	22145	via	0.01
10374	22146	via	0.01
10375	22147	via	0.01
10376	22148	via	0.01
10377	22149	via	0.01
10378	22150	via	0.01
10379	22151	via	0.01
10380	22152	via	0.01
10381	22153	via	0.01
10382	22154	via	0.01
10383	22155	via	0.01
10384	22156	via	0.01
10385	22157	via	0.01
10386	22158	via	0.01
10387	22159	via	0.01
10388	22160	via	0.01
10389	22161	via	0.01
10390	22162	via	0.01
10391	22163	via	0.01
10392	22164	via	0.01
10393	22165	via	0.01
10394	22166	via	0.01
10395	22167	via	0.01
10396	22168	via	0.01
10397	22169	via	0.01
10398	22170	via	0.01
10399	22171	via	0.01
10400	22172	via	0.01
10401	22173	via	0.01
10402	22174	via	0.01
10403	22175	via	0.01
10404	22176	via	0.01
10405	22177	via	0.01
10406	22178	via	0.01
10407	22179	via	0.01
10408	22180	via	0.01
10409	22181	via	0.01
10410	22182	via	0.01
10411	22183	via	0.01
10412	22184	via	0.01
10413	22185	via	0.01
10414	22186	via	0.01
10415	22187	via	0.01
10416	22188	via	0.01
10417	22189	via	0.01
10418	22190	via	0.01
10419	22191	via	0.01
10420	22192	via	0.01
10421	22193	via	0.01
10422	22194	via	0.01
10423	22195	via	0.01
10424	22196	via	0.01
10425	22197	via	0.01
10426	22198	via	0.01
10427	22199	via	0.01
10428	22200	via	0.01
10429	22201	via	0.01
10430	22202	via	0.01
10431	22203	via	0.01
10432	22204	via	0.01
10433	22205	via	0.01
10434	22206	via	0.01
10435	22207	via	0.01
10436	22208	via	0.01
10437	22209	via	0.01
10438	22210	via	0.01
10439	22211	via	0.01
10440	22212	via	0.01
10441	22213	via	0.01
10442	22214	via	0.01
10443	22215	via	0.01
10444	22216	via	0.01
10445	22217	via	0.01
10446	22218	via	0.01
10447	22219	via	0.01
10448	22220	via	0.01
10449	22221	via	0.01
10450	22222	via	0.01
10451	22223	via	0.01
10452	22224	via	0.01
10453	22225	via	0.01
10454	22226	via	0.01
10455	22227	via	0.01
10456	22228	via	0.01
10457	22229	via	0.01
10458	22230	via	0.01
10459	22231	via	0.01
10460	22232	via	0.01
10461	22233	via	0.01
10462	22234	via	0.01
10463	22235	via	0.01
10464	22236	via	0.01
10465	22237	via	0.01
10466	22238	via	0.01
10467	22239	via	0.01
10468	22240	via	0.01
10469	22241	via	0.01
10470	22242	via	0.01
10471	22243	via	0.01
10472	22244	via	0.01
10473	22245	via	0.01
10474	22246	via	0.01
10475	22247	via	0.01
10476	22248	via	0.01
10477	22249	via	0.01
10478	22250	via	0.01
10479	22251	via	0.01
10480	22252	via	0.01
10481	22253	via	0.01
10482	22254	via	0.01
10483	22255	via	0.01
10484	22256	via	0.01
10485	22257	via	0.01
10486	22258	via	0.01
10487	22259	via	0.01
10488	22260	via	0.01
10489	22261	via	0.01
10490	22262	via	0.01
10491	22263	via	0.01
10492	22264	via	0.01
10493	22265	via	0.01
10494	22266	via	0.01
10495	22267	via	0.01
10496	22268	via	0.01
10497	22269	via	0.01
10498	22270	via	0.01
10499	22271	via	0.01
10500	22272	via	0.01
10501	22273	via	0.01
10502	22274	via	0.01
10503	22275	via	0.01
10504	22276	via	0.01
10505	22277	via	0.01
10506	22278	via	0.01
10507	22279	via	0.01
10508	22280	via	0.01
10509	22281	via	0.01
10510	22282	via	0.01
10511	22283	via	0.01
10512	22284	via	0.01
10513	22285	via	0.01
10514	22286	via	0.01
10515	22287	via	0.01
10516	22288	via	0.01
10517	22289	via	0.01
10518	22290	via	0.01
10519	22291	via	0.01
10520	22292	via	0.01
10521	22293	via	0.01
10522	22294	via	0.01
10523	22295	via	0.01
10524	22296	via	0.01
10525	22297	via	0.01
10526	22298	via	0.01
10527	22299	via	0.01
10528	22300	via	0.01
10529	22301	via	0.01
10530	22302	via	0.01
10531	22303	via	0.01
10532	22304	via	0.01
10533	22305	via	0.01
10534	22306	via	0.01
10535	22307	via	0.01
10536	22308	via	0.01
10537	22309	via	0.01
10538	22310	via	0.01
10539	22311	via	0.01
10540	22312	via	0.01
10541	22313	via	0.01
10542	22314	via	0.01
10543	22315	via	0.01
10544	22316	via	0.01
10545	22317	via	0.01
10546	22318	via	0.01
10547	22319	via	0.01
10548	22320	via	0.01
10549	22321	via	0.01
10550	22322	via	0.01
10551	22323	via	0.01
10552	22324	via	0.01
10553	22325	via	0.01
10554	22326	via	0.01
10555	22327	via	0.01
10556	22328	via	0.01
10557	22329	via	0.01
10558	22330	via	0.01
10559	22331	via	0.01
10560	22332	via	0.01
10561	22333	via	0.01
10562	22334	via	0.01
10563	22335	via	0.01
10564	22336	via	0.01
10565	22337	via	0.01
10566	22338	via	0.01
10567	22339	via	0.01
10568	22340	via	0.01
10569	22341	via	0.01
10570	22342	via	0.01
10571	22343	via	0.01
10572	22344	via	0.01
10573	22345	via	0.01
10574	22346	via	0.01
10575	22347	via	0.01
10576	22348	via	0.01
10577	22349	via	0.01
10578	22350	via	0.01
10579	22351	via	0.01
10580	22352	via	0.01
10581	22353	via	0.01
10582	22354	via	0.01
10583	22355	via	0.01
10584	22356	via	0.01
10585	22357	via	0.01
10586	22358	via	0.01
10587	22359	via	0.01
10588	22360	via	0.01
10589	22361	via	0.01
10590	22362	via	0.01
10591	22363	via	0.01
10592	22364	via	0.01
10593	22365	via	0.01
10594	22366	via	0.01
10595	22367	via	0.01
10596	22368	via	0.01
10597	22369	via	0.01
10598	22370	via	0.01
10599	22371	via	0.01
10600	22372	via	0.01
10601	22373	via	0.01
10602	22374	via	0.01
10603	22375	via	0.01
10604	22376	via	0.01
10605	22377	via	0.01
10606	22378	via	0.01
10607	22379	via	0.01
10608	22380	via	0.01
10609	22381	via	0.01
10610	22382	via	0.01
10611	22383	via	0.01
10612	22384	via	0.01
10613	22385	via	0.01
10614	22386	via	0.01
10615	22387	via	0.01
10616	22388	via	0.01
10617	22389	via	0.01
10618	22390	via	0.01
10619	22391	via	0.01
10620	22392	via	0.01
10621	22393	via	0.01
10622	22394	via	0.01
10623	22395	via	0.01
10624	22396	via	0.01
10625	22397	via	0.01
10626	22398	via	0.01
10627	22399	via	0.01
10628	22400	via	0.01
10629	22401	via	0.01
10630	22402	via	0.01
10631	22403	via	0.01
10632	22404	via	0.01
10633	22405	via	0.01
10634	22406	via	0.01
10635	22407	via	0.01
10636	22408	via	0.01
10637	22409	via	0.01
10638	22410	via	0.01
10639	22411	via	0.01
10640	22412	via	0.01
10641	22413	via	0.01
10642	22414	via	0.01
10643	22415	via	0.01
10644	22416	via	0.01
10645	22417	via	0.01
10646	22418	via	0.01
10647	22419	via	0.01
10648	22420	via	0.01
10649	22421	via	0.01
10650	22422	via	0.01
10651	22423	via	0.01
10652	22424	via	0.01
10653	22425	via	0.01
10654	22426	via	0.01
10655	22427	via	0.01
10656	22428	via	0.01
10657	22429	via	0.01
10658	22430	via	0.01
10659	22431	via	0.01
10660	22432	via	0.01
10661	22433	via	0.01
10662	22434	via	0.01
10663	22435	via	0.01
10664	22436	via	0.01
10665	22437	via	0.01
10666	22438	via	0.01
10667	22439	via	0.01
10668	22440	via	0.01
10669	22441	via	0.01
10670	22442	via	0.01
10671	22443	via	0.01
10672	22444	via	0.01
10673	22445	via	0.01
10674	22446	via	0.01
10675	22447	via	0.01
10676	22448	via	0.01
10677	22449	via	0.01
10678	22450	via	0.01
10679	22451	via	0.01
10680	22452	via	0.01
10681	22453	via	0.01
10682	22454	via	0.01
10683	22455	via	0.01
10684	22456	via	0.01
10685	22457	via	0.01
10686	22458	via	0.01
10687	22459	via	0.01
10688	22460	via	0.01
10689	22461	via	0.01
10690	22462	via	0.01
10691	22463	via	0.01
10692	22464	via	0.01
10693	22465	via	0.01
10694	22466	via	0.01
10695	22467	via	0.01
10696	22468	via	0.01
10697	22469	via	0.01
10698	22470	via	0.01
10699	22471	via	0.01
10700	22472	via	0.01
10701	22473	via	0.01
10702	22474	via	0.01
10703	22475	via	0.01
10704	22476	via	0.01
10705	22477	via	0.01
10706	22478	via	0.01
10707	22479	via	0.01
10708	22480	via	0.01
10709	22481	via	0.01
10710	22482	via	0.01
10711	22483	via	0.01
10712	22484	via	0.01
10713	22485	via	0.01
10714	22486	via	0.01
10715	22487	via	0.01
10716	22488	via	0.01
10717	22489	via	0.01
10718	22490	via	0.01
10719	22491	via	0.01
10720	22492	via	0.01
10721	22493	via	0.01
10722	22494	via	0.01
10723	22495	via	0.01
10724	22496	via	0.01
10725	22497	via	0.01
10726	22498	via	0.01
10727	22499	via	0.01
10728	22500	via	0.01
10729	22501	via	0.01
10730	22502	via	0.01
10731	22503	via	0.01
10732	22504	via	0.01
10733	22505	via	0.01
10734	22506	via	0.01
10735	22507	via	0.01
10736	22508	via	0.01
10737	22509	via	0.01
10738	22510	via	0.01
10739	22511	via	0.01
10740	22512	via	0.01
10741	22513	via	0.01
10742	22514	via	0.01
10743	22515	via	0.01
10744	22516	via	0.01
10745	22517	via	0.01
10746	22518	via	0.01
10747	22519	via	0.01
10748	22520	via	0.01
10749	22521	via	0.01
10750	22522	via	0.01
10751	22523	via	0.01
10752	22524	via	0.01
10753	22525	via	0.01
10754	22526	via	0.01
10755	22527	via	0.01
10756	22528	via	0.01
10757	22529	via	0.01
10758	22530	via	0.01
10759	22531	via	0.01
10760	22532	via	0.01
10761	22533	via	0.01
10762	22534	via	0.01
10763	22535	via	0.01
10764	22536	via	0.01
10765	22537	via	0.01
10766	22538	via	0.01
10767	22539	via	0.01
10768	22540	via	0.01
10769	22541	via	0.01
10770	22542	via	0.01
10771	22543	via	0.01
10772	22544	via	0.01
10773	22545	via	0.01
10774	22546	via	0.01
10775	22547	via	0.01
10776	22548	via	0.01
10777	22549	via	0.01
10778	22550	via	0.01
10779	22551	via	0.01
10780	22552	via	0.01
10781	22553	via	0.01
10782	22554	via	0.01
10783	22555	via	0.01
10784	22556	via	0.01
10785	22557	via	0.01
10786	22558	via	0.01
10787	22559	via	0.01
10788	22560	via	0.01
10789	22561	via	0.01
10790	22562	via	0.01
10791	22563	via	0.01
10792	22564	via	0.01
10793	22565	via	0.01
10794	22566	via	0.01
10795	22567	via	0.01
10796	22568	via	0.01
10797	22569	via	0.01
10798	22570	via	0.01
10799	22571	via	0.01
10800	22572	via	0.01
10801	22573	via	0.01
10802	22574	via	0.01
10803	22575	via	0.01
10804	22576	via	0.01
10805	22577	via	0.01
10806	22578	via	0.01
10807	22579	via	0.01
10808	22580	via	0.01
10809	22581	via	0.01
10810	22582	via	0.01
10811	22583	via	0.01
10812	22584	via	0.01
10813	22585	via	0.01
10814	22586	via	0.01
10815	22587	via	0.01
10816	22588	via	0.01
10817	22589	via	0.01
10818	22590	via	0.01
10819	22591	via	0.01
10820	22592	via	0.01
10821	22593	via	0.01
10822	22594	via	0.01
10823	22595	via	0.01
10824	22596	via	0.01
10825	22597	via	0.01
10826	22598	via	0.01
10827	22599	via	0.01
10828	22600	via	0.01
10829	22601	via	0.01
10830	22602	via	0.01
10831	22603	via	0.01
10832	22604	via	0.01
10833	22605	via	0.01
10834	22606	via	0.01
10835	22607	via	0.01
10836	22608	via	0.01
10837	22609	via	0.01
10838	22610	via	0.01
10839	22611	via	0.01
10840	22612	via	0.01
10841	22613	via	0.01
10842	22614	via	0.01
10843	22615	via	0.01
10844	22616	via	0.01
10845	22617	via	0.01
10846	22618	via	0.01
10847	22619	via	0.01
10848	22620	via	0.01
10849	22621	via	0.01
10850	22622	via	0.01
10851	22623	via	0.01
10852	22624	via	0.01
10853	22625	via	0.01
10854	22626	via	0.01
10855	22627	via	0.01
10856	22628	via	0.01
10857	22629	via	0.01
10858	22630	via	0.01
10859	22631	via	0.01
10860	22632	via	0.01
10861	22633	via	0.01
10862	22634	via	0.01
10863	22635	via	0.01
10864	22636	via	0.01
10865	22637	via	0.01
10866	22638	via	0.01
10867	22639	via	0.01
10868	22640	via	0.01
10869	22641	via	0.01
10870	22642	via	0.01
10871	22643	via	0.01
10872	22644	via	0.01
10873	22645	via	0.01
10874	22646	via	0.01
10875	22647	via	0.01
10876	22648	via	0.01
10877	22649	via	0.01
10878	22650	via	0.01
10879	22651	via	0.01
10880	22652	via	0.01
10881	22653	via	0.01
10882	22654	via	0.01
10883	22655	via	0.01
10884	22656	via	0.01
10885	22657	via	0.01
10886	22658	via	0.01
10887	22659	via	0.01
10888	22660	via	0.01
10889	22661	via	0.01
10890	22662	via	0.01
10891	22663	via	0.01
10892	22664	via	0.01
10893	22665	via	0.01
10894	22666	via	0.01
10895	22667	via	0.01
10896	22668	via	0.01
10897	22669	via	0.01
10898	22670	via	0.01
10899	22671	via	0.01
10900	22672	via	0.01
10901	22673	via	0.01
10902	22674	via	0.01
10903	22675	via	0.01
10904	22676	via	0.01
10905	22677	via	0.01
10906	22678	via	0.01
10907	22679	via	0.01
10908	22680	via	0.01
10909	22681	via	0.01
10910	22682	via	0.01
10911	22683	via	0.01
10912	22684	via	0.01
10913	22685	via	0.01
10914	22686	via	0.01
10915	22687	via	0.01
10916	22688	via	0.01
10917	22689	via	0.01
10918	22690	via	0.01
10919	22691	via	0.01
10920	22692	via	0.01
10921	22693	via	0.01
10922	22694	via	0.01
10923	22695	via	0.01
10924	22696	via	0.01
10925	22697	via	0.01
10926	22698	via	0.01
10927	22699	via	0.01
10928	22700	via	0.01
10929	22701	via	0.01
10930	22702	via	0.01
10931	22703	via	0.01
10932	22704	via	0.01
10933	22705	via	0.01
10934	22706	via	0.01
10935	22707	via	0.01
10936	22708	via	0.01
10937	22709	via	0.01
10938	22710	via	0.01
10939	22711	via	0.01
10940	22712	via	0.01
10941	22713	via	0.01
10942	22714	via	0.01
10943	22715	via	0.01
10944	22716	via	0.01
10945	22717	via	0.01
10946	22718	via	0.01
10947	22719	via	0.01
10948	22720	via	0.01
10949	22721	via	0.01
10950	22722	via	0.01
10951	22723	via	0.01
10952	22724	via	0.01
10953	22725	via	0.01
10954	22726	via	0.01
10955	22727	via	0.01
10956	22728	via	0.01
10957	22729	via	0.01
10958	22730	via	0.01
10959	22731	via	0.01
10960	22732	via	0.01
10961	22733	via	0.01
10962	22734	via	0.01
10963	22735	via	0.01
10964	22736	via	0.01
10965	22737	via	0.01
10966	22738	via	0.01
10967	22739	via	0.01
10968	22740	via	0.01
10969	22741	via	0.01
10970	22742	via	0.01
10971	22743	via	0.01
10972	22744	via	0.01
10973	22745	via	0.01
10974	22746	via	0.01
10975	22747	via	0.01
10976	22748	via	0.01
10977	22749	via	0.01
10978	22750	via	0.01
10979	22751	via	0.01
10980	22752	via	0.01
10981	22753	via	0.01
10982	22754	via	0.01
10983	22755	via	0.01
10984	22756	via	0.01
10985	22757	via	0.01
10986	22758	via	0.01
10987	22759	via	0.01
10988	22760	via	0.01
10989	22761	via	0.01
10990	22762	via	0.01
10991	22763	via	0.01
10992	22764	via	0.01
10993	22765	via	0.01
10994	22766	via	0.01
10995	22767	via	0.01
10996	22768	via	0.01
10997	22769	via	0.01
10998	22770	via	0.01
10999	22771	via	0.01
11000	22772	via	0.01
11001	22773	via	0.01
11002	22774	via	0.01
11003	22775	via	0.01
11004	22776	via	0.01
11005	22777	via	0.01
11006	22778	via	0.01
11007	22779	via	0.01
11008	22780	via	0.01
11009	22781	via	0.01
11010	22782	via	0.01
11011	22783	via	0.01
11012	22784	via	0.01
11013	22785	via	0.01
11014	22786	via	0.01
11015	22787	via	0.01
11016	22788	via	0.01
11017	22789	via	0.01
11018	22790	via	0.01
11019	22791	via	0.01
11020	22792	via	0.01
11021	22793	via	0.01
11022	22794	via	0.01
11023	22795	via	0.01
11024	22796	via	0.01
11025	22797	via	0.01
11026	22798	via	0.01
11027	22799	via	0.01
11028	22800	via	0.01
11029	22801	via	0.01
11030	22802	via	0.01
11031	22803	via	0.01
11032	22804	via	0.01
11033	22805	via	0.01
11034	22806	via	0.01
11035	22807	via	0.01
11036	22808	via	0.01
11037	22809	via	0.01
11038	22810	via	0.01
11039	22811	via	0.01
11040	22812	via	0.01
11041	22813	via	0.01
11042	22814	via	0.01
11043	22815	via	0.01
11044	22816	via	0.01
11045	22817	via	0.01
11046	22818	via	0.01
11047	22819	via	0.01
11048	22820	via	0.01
11049	22821	via	0.01
11050	22822	via	0.01
11051	22823	via	0.01
11052	22824	via	0.01
11053	22825	via	0.01
11054	22826	via	0.01
11055	22827	via	0.01
11056	22828	via	0.01
11057	22829	via	0.01
11058	22830	via	0.01
11059	22831	via	0.01
11060	22832	via	0.01
11061	22833	via	0.01
11062	22834	via	0.01
11063	22835	via	0.01
11064	22836	via	0.01
11065	22837	via	0.01
11066	22838	via	0.01
11067	22839	via	0.01
11068	22840	via	0.01
11069	22841	via	0.01
11070	22842	via	0.01
11071	22843	via	0.01
11072	22844	via	0.01
11073	22845	via	0.01
11074	22846	via	0.01
11075	22847	via	0.01
11076	22848	via	0.01
11077	22849	via	0.01
11078	22850	via	0.01
11079	22851	via	0.01
11080	22852	via	0.01
11081	22853	via	0.01
11082	22854	via	0.01
11083	22855	via	0.01
11084	22856	via	0.01
11085	22857	via	0.01
11086	22858	via	0.01
11087	22859	via	0.01
11088	22860	via	0.01
11089	22861	via	0.01
11090	22862	via	0.01
11091	22863	via	0.01
11092	22864	via	0.01
11093	22865	via	0.01
11094	22866	via	0.01
11095	22867	via	0.01
11096	22868	via	0.01
11097	22869	via	0.01
11098	22870	via	0.01
11099	22871	via	0.01
11100	22872	via	0.01
11101	22873	via	0.01
11102	22874	via	0.01
11103	22875	via	0.01
11104	22876	via	0.01
11105	22877	via	0.01
11106	22878	via	0.01
11107	22879	via	0.01
11108	22880	via	0.01
11109	22881	via	0.01
11110	22882	via	0.01
11111	22883	via	0.01
11112	22884	via	0.01
11113	22885	via	0.01
11114	22886	via	0.01
11115	22887	via	0.01
11116	22888	via	0.01
11117	22889	via	0.01
11118	22890	via	0.01
11119	22891	via	0.01
11120	22892	via	0.01
11121	22893	via	0.01
11122	22894	via	0.01
11123	22895	via	0.01
11124	22896	via	0.01
11125	22897	via	0.01
11126	22898	via	0.01
11127	22899	via	0.01
11128	22900	via	0.01
11129	22901	via	0.01
11130	22902	via	0.01
11131	22903	via	0.01
11132	22904	via	0.01
11133	22905	via	0.01
11134	22906	via	0.01
11135	22907	via	0.01
11136	22908	via	0.01
11137	22909	via	0.01
11138	22910	via	0.01
11139	22911	via	0.01
11140	22912	via	0.01
11141	22913	via	0.01
11142	22914	via	0.01
11143	22915	via	0.01
11144	22916	via	0.01
11145	22917	via	0.01
11146	22918	via	0.01
11147	22919	via	0.01
11148	22920	via	0.01
11149	22921	via	0.01
11150	22922	via	0.01
11151	22923	via	0.01
11152	22924	via	0.01
11153	22925	via	0.01
11154	22926	via	0.01
11155	22927	via	0.01
11156	22928	via	0.01
11157	22929	via	0.01
11158	22930	via	0.01
11159	22931	via	0.01
11160	22932	via	0.01
11161	22933	via	0.01
11162	22934	via	0.01
11163	22935	via	0.01
11164	22936	via	0.01
11165	22937	via	0.01
11166	22938	via	0.01
11167	22939	via	0.01
11168	22940	via	0.01
11169	22941	via	0.01
11170	22942	via	0.01
11171	22943	via	0.01
11172	22944	via	0.01
11173	22945	via	0.01
11174	22946	via	0.01
11175	22947	via	0.01
11176	22948	via	0.01
11177	22949	via	0.01
11178	22950	via	0.01
11179	22951	via	0.01
11180	22952	via	0.01
11181	22953	via	0.01
11182	22954	via	0.01
11183	22955	via	0.01
11184	22956	via	0.01
11185	22957	via	0.01
11186	22958	via	0.01
11187	22959	via	0.01
11188	22960	via	0.01
11189	22961	via	0.01
11190	22962	via	0.01
11191	22963	via	0.01
11192	22964	via	0.01
11193	22965	via	0.01
11194	22966	via	0.01
11195	22967	via	0.01
11196	22968	via	0.01
11197	22969	via	0.01
11198	22970	via	0.01
11199	22971	via	0.01
11200	22972	via	0.01
11201	22973	via	0.01
11202	22974	via	0.01
11203	22975	via	0.01
11204	22976	via	0.01
11205	22977	via	0.01
11206	22978	via	0.01
11207	22979	via	0.01
11208	22980	via	0.01
11209	22981	via	0.01
11210	22982	via	0.01
11211	22983	via	0.01
11212	22984	via	0.01
11213	22985	via	0.01
11214	22986	via	0.01
11215	22987	via	0.01
11216	22988	via	0.01
11217	22989	via	0.01
11218	22990	via	0.01
11219	22991	via	0.01
11220	22992	via	0.01
11221	22993	via	0.01
11222	22994	via	0.01
11223	22995	via	0.01
11224	22996	via	0.01
11225	22997	via	0.01
11226	22998	via	0.01
11227	22999	via	0.01
11228	23000	via	0.01
11229	23001	via	0.01
11230	23002	via	0.01
11231	23003	via	0.01
11232	23004	via	0.01
11233	23005	via	0.01
11234	23006	via	0.01
11235	23007	via	0.01
11236	23008	via	0.01
11237	23009	via	0.01
11238	23010	via	0.01
11239	23011	via	0.01
11240	23012	via	0.01
11241	23013	via	0.01
11242	23014	via	0.01
11243	23015	via	0.01
11244	23016	via	0.01
11245	23017	via	0.01
11246	23018	via	0.01
11247	23019	via	0.01
11248	23020	via	0.01
11249	23021	via	0.01
11250	23022	via	0.01
11251	23023	via	0.01
11252	23024	via	0.01
11253	23025	via	0.01
11254	23026	via	0.01
11255	23027	via	0.01
11256	23028	via	0.01
11257	23029	via	0.01
11258	23030	via	0.01
11259	23031	via	0.01
11260	23032	via	0.01
11261	23033	via	0.01
11262	23034	via	0.01
11263	23035	via	0.01
11264	23036	via	0.01
11265	23037	via	0.01
11266	23038	via	0.01
11267	23039	via	0.01
11268	23040	via	0.01
11269	23041	via	0.01
11270	23042	via	0.01
11271	23043	via	0.01
11272	23044	via	0.01
11273	23045	via	0.01
11274	23046	via	0.01
11275	23047	via	0.01
11276	23048	via	0.01
11277	23049	via	0.01
11278	23050	via	0.01
11279	23051	via	0.01
11280	23052	via	0.01
11281	23053	via	0.01
11282	23054	via	0.01
11283	23055	via	0.01
11284	23056	via	0.01
11285	23057	via	0.01
11286	23058	via	0.01
11287	23059	via	0.01
11288	23060	via	0.01
11289	23061	via	0.01
11290	23062	via	0.01
11291	23063	via	0.01
11292	23064	via	0.01
11293	23065	via	0.01
11294	23066	via	0.01
11295	23067	via	0.01
11296	23068	via	0.01
11297	23069	via	0.01
11298	23070	via	0.01
11299	23071	via	0.01
11300	23072	via	0.01
11301	23073	via	0.01
11302	23074	via	0.01
11303	23075	via	0.01
11304	23076	via	0.01
11305	23077	via	0.01
11306	23078	via	0.01
11307	23079	via	0.01
11308	23080	via	0.01
11309	23081	via	0.01
11310	23082	via	0.01
11311	23083	via	0.01
11312	23084	via	0.01
11313	23085	via	0.01
11314	23086	via	0.01
11315	23087	via	0.01
11316	23088	via	0.01
11317	23089	via	0.01
11318	23090	via	0.01
11319	23091	via	0.01
11320	23092	via	0.01
11321	23093	via	0.01
11322	23094	via	0.01
11323	23095	via	0.01
11324	23096	via	0.01
11325	23097	via	0.01
11326	23098	via	0.01
11327	23099	via	0.01
11328	23100	via	0.01
11329	23101	via	0.01
11330	23102	via	0.01
11331	23103	via	0.01
11332	23104	via	0.01
11333	23105	via	0.01
11334	23106	via	0.01
11335	23107	via	0.01
11336	23108	via	0.01
11337	23109	via	0.01
11338	23110	via	0.01
11339	23111	via	0.01
11340	23112	via	0.01
11341	23113	via	0.01
11342	23114	via	0.01
11343	23115	via	0.01
11344	23116	via	0.01
11345	23117	via	0.01
11346	23118	via	0.01
11347	23119	via	0.01
11348	23120	via	0.01
11349	23121	via	0.01
11350	23122	via	0.01
11351	23123	via	0.01
11352	23124	via	0.01
11353	23125	via	0.01
11354	23126	via	0.01
11355	23127	via	0.01
11356	23128	via	0.01
11357	23129	via	0.01
11358	23130	via	0.01
11359	23131	via	0.01
11360	23132	via	0.01
11361	23133	via	0.01
11362	23134	via	0.01
11363	23135	via	0.01
11364	23136	via	0.01
11365	23137	via	0.01
11366	23138	via	0.01
11367	23139	via	0.01
11368	23140	via	0.01
11369	23141	via	0.01
11370	23142	via	0.01
11371	23143	via	0.01
11372	23144	via	0.01
11373	23145	via	0.01
11374	23146	via	0.01
11375	23147	via	0.01
11376	23148	via	0.01
11377	23149	via	0.01
11378	23150	via	0.01
11379	23151	via	0.01
11380	23152	via	0.01
11381	23153	via	0.01
11382	23154	via	0.01
11383	23155	via	0.01
11384	23156	via	0.01
11385	23157	via	0.01
11386	23158	via	0.01
11387	23159	via	0.01
11388	23160	via	0.01
11389	23161	via	0.01
11390	23162	via	0.01
11391	23163	via	0.01
11392	23164	via	0.01
11393	23165	via	0.01
11394	23166	via	0.01
11395	23167	via	0.01
11396	23168	via	0.01
11397	23169	via	0.01
11398	23170	via	0.01
11399	23171	via	0.01
11400	23172	via	0.01
11401	23173	via	0.01
11402	23174	via	0.01
11403	23175	via	0.01
11404	23176	via	0.01
11405	23177	via	0.01
11406	23178	via	0.01
11407	23179	via	0.01
11408	23180	via	0.01
11409	23181	via	0.01
11410	23182	via	0.01
11411	23183	via	0.01
11412	23184	via	0.01
11413	23185	via	0.01
11414	23186	via	0.01
11415	23187	via	0.01
11416	23188	via	0.01
11417	23189	via	0.01
11418	23190	via	0.01
11419	23191	via	0.01
11420	23192	via	0.01
11421	23193	via	0.01
11422	23194	via	0.01
11423	23195	via	0.01
11424	23196	via	0.01
11425	23197	via	0.01
11426	23198	via	0.01
11427	23199	via	0.01
11428	23200	via	0.01
11429	23201	via	0.01
11430	23202	via	0.01
11431	23203	via	0.01
11432	23204	via	0.01
11433	23205	via	0.01
11434	23206	via	0.01
11435	23207	via	0.01
11436	23208	via	0.01
11437	23209	via	0.01
11438	23210	via	0.01
11439	23211	via	0.01
11440	23212	via	0.01
11441	23213	via	0.01
11442	23214	via	0.01
11443	23215	via	0.01
11444	23216	via	0.01
11445	23217	via	0.01
11446	23218	via	0.01
11447	23219	via	0.01
11448	23220	via	0.01
11449	23221	via	0.01
11450	23222	via	0.01
11451	23223	via	0.01
11452	23224	via	0.01
11453	23225	via	0.01
11454	23226	via	0.01
11455	23227	via	0.01
11456	23228	via	0.01
11457	23229	via	0.01
11458	23230	via	0.01
11459	23231	via	0.01
11460	23232	via	0.01
11461	23233	via	0.01
11462	23234	via	0.01
11463	23235	via	0.01
11464	23236	via	0.01
11465	23237	via	0.01
11466	23238	via	0.01
11467	23239	via	0.01
11468	23240	via	0.01
11469	23241	via	0.01
11470	23242	via	0.01
11471	23243	via	0.01
11472	23244	via	0.01
11473	23245	via	0.01
11474	23246	via	0.01
11475	23247	via	0.01
11476	23248	via	0.01
11477	23249	via	0.01
11478	23250	via	0.01
11479	23251	via	0.01
11480	23252	via	0.01
11481	23253	via	0.01
11482	23254	via	0.01
11483	23255	via	0.01
11484	23256	via	0.01
11485	23257	via	0.01
11486	23258	via	0.01
11487	23259	via	0.01
11488	23260	via	0.01
11489	23261	via	0.01
11490	23262	via	0.01
11491	23263	via	0.01
11492	23264	via	0.01
11493	23265	via	0.01
11494	23266	via	0.01
11495	23267	via	0.01
11496	23268	via	0.01
11497	23269	via	0.01
11498	23270	via	0.01
11499	23271	via	0.01
11500	23272	via	0.01
11501	23273	via	0.01
11502	23274	via	0.01
11503	23275	via	0.01
11504	23276	via	0.01
11505	23277	via	0.01
11506	23278	via	0.01
11507	23279	via	0.01
11508	23280	via	0.01
11509	23281	via	0.01
11510	23282	via	0.01
11511	23283	via	0.01
11512	23284	via	0.01
11513	23285	via	0.01
11514	23286	via	0.01
11515	23287	via	0.01
11516	23288	via	0.01
11517	23289	via	0.01
11518	23290	via	0.01
11519	23291	via	0.01
11520	23292	via	0.01
11521	23293	via	0.01
11522	23294	via	0.01
11523	23295	via	0.01
11524	23296	via	0.01
11525	23297	via	0.01
11526	23298	via	0.01
11527	23299	via	0.01
11528	23300	via	0.01
11529	23301	via	0.01
11530	23302	via	0.01
11531	23303	via	0.01
11532	23304	via	0.01
11533	23305	via	0.01
11534	23306	via	0.01
11535	23307	via	0.01
11536	23308	via	0.01
11537	23309	via	0.01
11538	23310	via	0.01
11539	23311	via	0.01
11540	23312	via	0.01
11541	23313	via	0.01
11542	23314	via	0.01
11543	23315	via	0.01
11544	23316	via	0.01
11545	23317	via	0.01
11546	23318	via	0.01
11547	23319	via	0.01
11548	23320	via	0.01
11549	23321	via	0.01
11550	23322	via	0.01
11551	23323	via	0.01
11552	23324	via	0.01
11553	23325	via	0.01
11554	23326	via	0.01
11555	23327	via	0.01
11556	23328	via	0.01
11557	23329	via	0.01
11558	23330	via	0.01
11559	23331	via	0.01
11560	23332	via	0.01
11561	23333	via	0.01
11562	23334	via	0.01
11563	23335	via	0.01
11564	23336	via	0.01
11565	23337	via	0.01
11566	23338	via	0.01
11567	23339	via	0.01
11568	23340	via	0.01
11569	23341	via	0.01
11570	23342	via	0.01
11571	23343	via	0.01
11572	23344	via	0.01
11573	23345	via	0.01
11574	23346	via	0.01
11575	23347	via	0.01
11576	23348	via	0.01
11577	23349	via	0.01
11578	23350	via	0.01
11579	23351	via	0.01
11580	23352	via	0.01
11581	23353	via	0.01
11582	23354	via	0.01
11583	23355	via	0.01
11584	23356	via	0.01
11585	23357	via	0.01
11586	23358	via	0.01
11587	23359	via	0.01
11588	23360	via	0.01
11589	23361	via	0.01
11590	23362	via	0.01
11591	23363	via	0.01
11592	23364	via	0.01
11593	23365	via	0.01
11594	23366	via	0.01
11595	23367	via	0.01
11596	23368	via	0.01
11597	23369	via	0.01
11598	23370	via	0.01
11599	23371	via	0.01
11600	23372	via	0.01
11601	23373	via	0.01
11602	23374	via	0.01
11603	23375	via	0.01
11604	23376	via	0.01
11605	23377	via	0.01
11606	23378	via	0.01
11607	23379	via	0.01
11608	23380	via	0.01
11609	23381	via	0.01
11610	23382	via	0.01
11611	23383	via	0.01
11612	23384	via	0.01
11613	23385	via	0.01
11614	23386	via	0.01
11615	23387	via	0.01
11616	23388	via	0.01
11617	23389	via	0.01
11618	23390	via	0.01
11619	23391	via	0.01
11620	23392	via	0.01
11621	23393	via	0.01
11622	23394	via	0.01
11623	23395	via	0.01
11624	23396	via	0.01
11625	23397	via	0.01
11626	23398	via	0.01
11627	23399	via	0.01
11628	23400	via	0.01
11629	23401	via	0.01
11630	23402	via	0.01
11631	23403	via	0.01
11632	23404	via	0.01
11633	23405	via	0.01
11634	23406	via	0.01
11635	23407	via	0.01
11636	23408	via	0.01
11637	23409	via	0.01
11638	23410	via	0.01
11639	23411	via	0.01
11640	23412	via	0.01
11641	23413	via	0.01
11642	23414	via	0.01
11643	23415	via	0.01
11644	23416	via	0.01
11645	23417	via	0.01
11646	23418	via	0.01
11647	23419	via	0.01
11648	23420	via	0.01
11649	23421	via	0.01
11650	23422	via	0.01
11651	23423	via	0.01
11652	23424	via	0.01
11653	23425	via	0.01
11654	23426	via	0.01
11655	23427	via	0.01
11656	23428	via	0.01
11657	23429	via	0.01
11658	23430	via	0.01
11659	23431	via	0.01
11660	23432	via	0.01
11661	23433	via	0.01
11662	23434	via	0.01
11663	23435	via	0.01
11664	23436	via	0.01
11665	23437	via	0.01
11666	23438	via	0.01
11667	23439	via	0.01
11668	23440	via	0.01
11669	23441	via	0.01
11670	23442	via	0.01
11671	23443	via	0.01
11672	23444	via	0.01
11673	23445	via	0.01
11674	23446	via	0.01
11675	23447	via	0.01
11676	23448	via	0.01
11677	23449	via	0.01
11678	23450	via	0.01
11679	23451	via	0.01
11680	23452	via	0.01
11681	23453	via	0.01
11682	23454	via	0.01
11683	23455	via	0.01
11684	23456	via	0.01
11685	23457	via	0.01
11686	23458	via	0.01
11687	23459	via	0.01
11688	23460	via	0.01
11689	23461	via	0.01
11690	23462	via	0.01
11691	23463	via	0.01
11692	23464	via	0.01
11693	23465	via	0.01
11694	23466	via	0.01
11695	23467	via	0.01
11696	23468	via	0.01
11697	23469	via	0.01
11698	23470	via	0.01
11699	23471	via	0.01
11700	23472	via	0.01
11701	23473	via	0.01
11702	23474	via	0.01
11703	23475	via	0.01
11704	23476	via	0.01
11705	23477	via	0.01
11706	23478	via	0.01
11707	23479	via	0.01
11708	23480	via	0.01
11709	23481	via	0.01
11710	23482	via	0.01
11711	23483	via	0.01
11712	23484	via	0.01
11713	23485	via	0.01
11714	23486	via	0.01
11715	23487	via	0.01
11716	23488	via	0.01
11717	23489	via	0.01
11718	23490	via	0.01
11719	23491	via	0.01
11720	23492	via	0.01
11721	23493	via	0.01
11722	23494	via	0.01
11723	23495	via	0.01
11724	23496	via	0.01
11725	23497	via	0.01
11726	23498	via	0.01
11727	23499	via	0.01
11728	23500	via	0.01
11729	23501	via	0.01
11730	23502	via	0.01
11731	23503	via	0.01
11732	23504	via	0.01
11733	23505	via	0.01
11734	23506	via	0.01
11735	23507	via	0.01
11736	23508	via	0.01
11737	23509	via	0.01
11738	23510	via	0.01
11739	23511	via	0.01
11740	23512	via	0.01
11741	23513	via	0.01
11742	23514	via	0.01
11743	23515	via	0.01
11744	23516	via	0.01
11745	23517	via	0.01
11746	23518	via	0.01
11747	23519	via	0.01
11748	23520	via	0.01
11749	23521	via	0.01
11750	23522	via	0.01
11751	23523	via	0.01
11752	23524	via	0.01
11753	23525	via	0.01
11754	23526	via	0.01
11755	23527	via	0.01
11756	23528	via	0.01
11757	23529	via	0.01
11758	23530	via	0.01
11759	23531	via	0.01
11760	23532	via	0.01
11761	23533	via	0.01
11762	23534	via	0.01
11763	23535	via	0.01
11764	23536	via	0.01
11765	23537	via	0.01
11766	23538	via	0.01
11767	23539	via	0.01
11768	23540	via	0.01
11769	23541	via	0.01
11770	23542	via	0.01
11771	23543	via	0.01
11772	23544	via	0.01
11773	23545	via	0.01
11774	23546	via	0.01
11775	23547	via	0.01
11776	23548	via	0.01
11777	23549	via	0.01
11778	23550	via	0.01
11779	23551	via	0.01
11780	23552	via	0.01
11781	23553	via	0.01
11782	23554	via	0.01
11783	23555	via	0.01
11784	23556	via	0.01
11785	23557	via	0.01
11786	23558	via	0.01
11787	23559	via	0.01
11788	23560	via	0.01
11789	23561	via	0.01
11790	23562	via	0.01
11791	23563	via	0.01
11792	23564	via	0.01
11793	23565	via	0.01
11794	23566	via	0.01
11795	23567	via	0.01
11796	23568	via	0.01
11797	23569	via	0.01
11798	23570	via	0.01
11799	23571	via	0.01
11800	23572	via	0.01
11801	23573	via	0.01
11802	23574	via	0.01
11803	23575	via	0.01
11804	23576	via	0.01
11805	23577	via	0.01
11806	23578	via	0.01
11807	23579	via	0.01
11808	23580	via	0.01
11809	23581	via	0.01
11810	23582	via	0.01
11811	23583	via	0.01
11812	23584	via	0.01
11813	23585	via	0.01
11814	23586	via	0.01
11815	23587	via	0.01
11816	23588	via	0.01
11817	23589	via	0.01
11818	23590	via	0.01
11819	23591	via	0.01
11820	23592	via	0.01
11821	23593	via	0.01
11822	23594	via	0.01
11823	23595	via	0.01
11824	23596	via	0.01
11825	23597	via	0.01
11826	23598	via	0.01
11827	23599	via	0.01
11828	23600	via	0.01
11829	23601	via	0.01
11830	23602	via	0.01
11831	23603	via	0.01
11832	23604	via	0.01
11833	23605	via	0.01
11834	23606	via	0.01
11835	23607	via	0.01
11836	23608	via	0.01
11837	23609	via	0.01
11838	23610	via	0.01
11839	23611	via	0.01
11840	23612	via	0.01
11841	23613	via	0.01
11842	23614	via	0.01
11843	23615	via	0.01
11844	23616	via	0.01
11845	23617	via	0.01
11846	23618	via	0.01
11847	23619	via	0.01
11848	23620	via	0.01
11849	23621	via	0.01
11850	23622	via	0.01
11851	23623	via	0.01
11852	23624	via	0.01
11853	23625	via	0.01
11854	23626	via	0.01
11855	23627	via	0.01
11856	23628	via	0.01
11857	23629	via	0.01
11858	23630	via	0.01
11859	23631	via	0.01
11860	23632	via	0.01
11861	23633	via	0.01
11862	23634	via	0.01
11863	23635	via	0.01
11864	23636	via	0.01
11865	23637	via	0.01
11866	23638	via	0.01
11867	23639	via	0.01
11868	23640	via	0.01
11869	23641	via	0.01
11870	23642	via	0.01
11871	23643	via	0.01
11872	23644	via	0.01
11873	23645	via	0.01
11874	23646	via	0.01
11875	23647	via	0.01
11876	23648	via	0.01
11877	23649	via	0.01
11878	23650	via	0.01
11879	23651	via	0.01
11880	23652	via	0.01
11881	23653	via	0.01
11882	23654	via	0.01
11883	23655	via	0.01
11884	23656	via	0.01
11885	23657	via	0.01
11886	23658	via	0.01
11887	23659	via	0.01
11888	23660	via	0.01
11889	23661	via	0.01
11890	23662	via	0.01
11891	23663	via	0.01
11892	23664	via	0.01
11893	23665	via	0.01
11894	23666	via	0.01
11895	23667	via	0.01
11896	23668	via	0.01
11897	23669	via	0.01
11898	23670	via	0.01
11899	23671	via	0.01
11900	23672	via	0.01
11901	23673	via	0.01
11902	23674	via	0.01
11903	23675	via	0.01
11904	23676	via	0.01
11905	23677	via	0.01
11906	23678	via	0.01
11907	23679	via	0.01
11908	23680	via	0.01
11909	23681	via	0.01
11910	23682	via	0.01
11911	23683	via	0.01
11912	23684	via	0.01
11913	23685	via	0.01
11914	23686	via	0.01
11915	23687	via	0.01
11916	23688	via	0.01
11917	23689	via	0.01
11918	23690	via	0.01
11919	23691	via	0.01
11920	23692	via	0.01
11921	23693	via	0.01
11922	23694	via	0.01
11923	23695	via	0.01
11924	23696	via	0.01
11925	23697	via	0.01
11926	23698	via	0.01
11927	23699	via	0.01
11928	23700	via	0.01
11929	23701	via	0.01
11930	23702	via	0.01
11931	23703	via	0.01
11932	23704	via	0.01
11933	23705	via	0.01
11934	23706	via	0.01
11935	23707	via	0.01
11936	23708	via	0.01
11937	23709	via	0.01
11938	23710	via	0.01
11939	23711	via	0.01
11940	23712	via	0.01
11941	23713	via	0.01
11942	23714	via	0.01
11943	23715	via	0.01
11944	23716	via	0.01
11945	23717	via	0.01
11946	23718	via	0.01
11947	23719	via	0.01
11948	23720	via	0.01
11949	23721	via	0.01
11950	23722	via	0.01
11951	23723	via	0.01
11952	23724	via	0.01
11953	23725	via	0.01
11954	23726	via	0.01
11955	23727	via	0.01
11956	23728	via	0.01
11957	23729	via	0.01
11958	23730	via	0.01
11959	23731	via	0.01
11960	23732	via	0.01
11961	23733	via	0.01
11962	23734	via	0.01
11963	23735	via	0.01
11964	23736	via	0.01
11965	23737	via	0.01
11966	23738	via	0.01
11967	23739	via	0.01
11968	23740	via	0.01
11969	23741	via	0.01
11970	23742	via	0.01
11971	23743	via	0.01
11972	23744	via	0.01
11973	23745	via	0.01
11974	23746	via	0.01
11975	23747	via	0.01
11976	23748	via	0.01
11977	23749	via	0.01
11978	23750	via	0.01
11979	23751	via	0.01
11980	23752	via	0.01
11981	23753	via	0.01
11982	23754	via	0.01
11983	23755	via	0.01
11984	23756	via	0.01
11985	23757	via	0.01
11986	23758	via	0.01
11987	23759	via	0.01
11988	23760	via	0.01
11989	23761	via	0.01
11990	23762	via	0.01
11991	23763	via	0.01
11992	23764	via	0.01
11993	23765	via	0.01
11994	23766	via	0.01
11995	23767	via	0.01
11996	23768	via	0.01
11997	23769	via	0.01
11998	23770	via	0.01
11999	23771	via	0.01
12000	23772	via	0.01
12001	23773	via	0.01
12002	23774	via	0.01
12003	23775	via	0.01
12004	23776	via	0.01
12005	23777	via	0.01
12006	23778	via	0.01
12007	23779	via	0.01
12008	23780	via	0.01
12009	23781	via	0.01
12010	23782	via	0.01
12011	23783	via	0.01
12012	23784	via	0.01
12013	23785	via	0.01
12014	23786	via	0.01
12015	23787	via	0.01
12016	23788	via	0.01
12017	23789	via	0.01
12018	23790	via	0.01
12019	23791	via	0.01
12020	23792	via	0.01
12021	23793	via	0.01
12022	23794	via	0.01
12023	23795	via	0.01
12024	23796	via	0.01
12025	23797	via	0.01
12026	23798	via	0.01
12027	23799	via	0.01
12028	23800	via	0.01
12029	23801	via	0.01
12030	23802	via	0.01
12031	23803	via	0.01
12032	23804	via	0.01
12033	23805	via	0.01
12034	23806	via	0.01
12035	23807	via	0.01
12036	23808	via	0.01
12037	23809	via	0.01
12038	23810	via	0.01
12039	23811	via	0.01
12040	23812	via	0.01
12041	23813	via	0.01
12042	23814	via	0.01
12043	23815	via	0.01
12044	23816	via	0.01
12045	23817	via	0.01
12046	23818	via	0.01
12047	23819	via	0.01
12048	23820	via	0.01
12049	23821	via	0.01
12050	23822	via	0.01
12051	23823	via	0.01
12052	23824	via	0.01
12053	23825	via	0.01
12054	23826	via	0.01
12055	23827	via	0.01
12056	23828	via	0.01
12057	23829	via	0.01
12058	23830	via	0.01
12059	23831	via	0.01
12060	23832	via	0.01
12061	23833	via	0.01
12062	23834	via	0.01
12063	23835	via	0.01
12064	23836	via	0.01
12065	23837	via	0.01
12066	23838	via	0.01
12067	23839	via	0.01
12068	23840	via	0.01
12069	23841	via	0.01
12070	23842	via	0.01
12071	23843	via	0.01
12072	23844	via	0.01
12073	23845	via	0.01
12074	23846	via	0.01
12075	23847	via	0.01
12076	23848	via	0.01
12077	23849	via	0.01
12078	23850	via	0.01
12079	23851	via	0.01
12080	23852	via	0.01
12081	23853	via	0.01
12082	23854	via	0.01
12083	23855	via	0.01
12084	23856	via	0.01
12085	23857	via	0.01
12086	23858	via	0.01
12087	23859	via	0.01
12088	23860	via	0.01
12089	23861	via	0.01
12090	23862	via	0.01
12091	23863	via	0.01
12092	23864	via	0.01
12093	23865	via	0.01
12094	23866	via	0.01
12095	23867	via	0.01
12096	23868	via	0.01
12097	23869	via	0.01
12098	23870	via	0.01
12099	23871	via	0.01
12100	23872	via	0.01
12101	23873	via	0.01
12102	23874	via	0.01
12103	23875	via	0.01
12104	23876	via	0.01
12105	23877	via	0.01
12106	23878	via	0.01
12107	23879	via	0.01
12108	23880	via	0.01
12109	23881	via	0.01
12110	23882	via	0.01
12111	23883	via	0.01
12112	23884	via	0.01
12113	23885	via	0.01
12114	23886	via	0.01
12115	23887	via	0.01
12116	23888	via	0.01
12117	23889	via	0.01
12118	23890	via	0.01
12119	23891	via	0.01
12120	23892	via	0.01
12121	23893	via	0.01
12122	23894	via	0.01
12123	23895	via	0.01
12124	23896	via	0.01
12125	23897	via	0.01
12126	23898	via	0.01
12127	23899	via	0.01
12128	23900	via	0.01
12129	23901	via	0.01
12130	23902	via	0.01
12131	23903	via	0.01
12132	23904	via	0.01
12133	23905	via	0.01
12134	23906	via	0.01
12135	23907	via	0.01
12136	23908	via	0.01
12137	23909	via	0.01
12138	23910	via	0.01
12139	23911	via	0.01
12140	23912	via	0.01
12141	23913	via	0.01
12142	23914	via	0.01
12143	23915	via	0.01
12144	23916	via	0.01
12145	23917	via	0.01
12146	23918	via	0.01
12147	23919	via	0.01
12148	23920	via	0.01
12149	23921	via	0.01
12150	23922	via	0.01
12151	23923	via	0.01
12152	23924	via	0.01
12153	23925	via	0.01
12154	23926	via	0.01
12155	23927	via	0.01
12156	23928	via	0.01
12157	23929	via	0.01
12158	23930	via	0.01
12159	23931	via	0.01
12160	23932	via	0.01
12161	23933	via	0.01
12162	23934	via	0.01
12163	23935	via	0.01
12164	23936	via	0.01
12165	23937	via	0.01
12166	23938	via	0.01
12167	23939	via	0.01
12168	23940	via	0.01
12169	23941	via	0.01
12170	23942	via	0.01
12171	23943	via	0.01
12172	23944	via	0.01
12175	23945	via	0.01
12178	23946	via	0.01
12181	23947	via	0.01
12184	23948	via	0.01
12187	23949	via	0.01
12190	23950	via	0.01
12193	23951	via	0.01
12196	23952	via	0.01
12199	23953	via	0.01
12202	23954	via	0.01
12205	23955	via	0.01
12208	23956	via	0.01
12211	23957	via	0.01
12214	23958	via	0.01
12217	23959	via	0.01
12220	23960	via	0.01
12223	23961	via	0.01
12226	23962	via	0.01
12229	23963	via	0.01
12232	23964	via	0.01
12235	23965	via	0.01
12238	23966	via	0.01
12241	23967	via	0.01
12244	23968	via	0.01
12247	23969	via	0.01
12250	23970	via	0.01
12253	23971	via	0.01
12256	23972	via	0.01
12259	23973	via	0.01
12262	23974	via	0.01
12265	23975	via	0.01
12268	23976	via	0.01
12271	23977	via	0.01
12274	23978	via	0.01
12277	23979	via	0.01
12280	23980	via	0.01
12499	23981	via	0.01
12502	23982	via	0.01
12505	23983	via	0.01
12508	23984	via	0.01
12511	23985	via	0.01
12514	23986	via	0.01
12517	23987	via	0.01
12520	23988	via	0.01
12523	23989	via	0.01
12526	23990	via	0.01
12529	23991	via	0.01
12532	23992	via	0.01
12535	23993	via	0.01
12538	23994	via	0.01
12541	23995	via	0.01
12544	23996	via	0.01
12547	23997	via	0.01
12550	23998	via	0.01
12553	23999	via	0.01
12556	24000	via	0.01
12559	24001	via	0.01
12562	24002	via	0.01
12565	24003	via	0.01
12568	24004	via	0.01
12571	24005	via	0.01
12574	24006	via	0.01
12577	24007	via	0.01
12580	24008	via	0.01
12583	24009	via	0.01
12586	24010	via	0.01
12589	24011	via	0.01
12592	24012	via	0.01
12595	24013	via	0.01
12598	24014	via	0.01
12601	24015	via	0.01
12604	24016	via	0.01
12607	24017	via	0.01
12826	24018	via	0.01
12829	24019	via	0.01
12832	24020	via	0.01
12835	24021	via	0.01
12838	24022	via	0.01
12841	24023	via	0.01
12844	24024	via	0.01
12847	24025	via	0.01
12850	24026	via	0.01
12853	24027	via	0.01
12856	24028	via	0.01
12859	24029	via	0.01
12862	24030	via	0.01
12865	24031	via	0.01
12868	24032	via	0.01
12871	24033	via	0.01
12874	24034	via	0.01
12877	24035	via	0.01
12880	24036	via	0.01
12883	24037	via	0.01
12886	24038	via	0.01
12889	24039	via	0.01
12892	24040	via	0.01
12895	24041	via	0.01
12898	24042	via	0.01
12901	24043	via	0.01
12904	24044	via	0.01
12907	24045	via	0.01
12910	24046	via	0.01
12913	24047	via	0.01
12916	24048	via	0.01
12919	24049	via	0.01
12922	24050	via	0.01
12925	24051	via	0.01
12928	24052	via	0.01
12931	24053	via	0.01
12934	24054	via	0.01
13153	24055	via	0.01
13156	24056	via	0.01
13159	24057	via	0.01
13162	24058	via	0.01
13165	24059	via	0.01
13168	24060	via	0.01
13171	24061	via	0.01
13174	24062	via	0.01
13177	24063	via	0.01
13180	24064	via	0.01
13183	24065	via	0.01
13186	24066	via	0.01
13189	24067	via	0.01
13192	24068	via	0.01
13195	24069	via	0.01
13198	24070	via	0.01
13201	24071	via	0.01
13204	24072	via	0.01
13207	24073	via	0.01
13210	24074	via	0.01
13213	24075	via	0.01
13216	24076	via	0.01
13219	24077	via	0.01
13222	24078	via	0.01
13225	24079	via	0.01
13228	24080	via	0.01
13231	24081	via	0.01
13234	24082	via	0.01
13237	24083	via	0.01
13240	24084	via	0.01
13243	24085	via	0.01
13246	24086	via	0.01
13249	24087	via	0.01
13252	24088	via	0.01
13255	24089	via	0.01
13258	24090	via	0.01
13261	24091	via	0.01
13480	24092	via	0.01
13483	24093	via	0.01
13486	24094	via	0.01
13489	24095	via	0.01
13492	24096	via	0.01
13495	24097	via	0.01
13498	24098	via	0.01
13501	24099	via	0.01
13504	24100	via	0.01
13507	24101	via	0.01
13510	24102	via	0.01
13513	24103	via	0.01
13516	24104	via	0.01
13519	24105	via	0.01
13522	24106	via	0.01
13525	24107	via	0.01
13528	24108	via	0.01
13531	24109	via	0.01
13534	24110	via	0.01
13537	24111	via	0.01
13540	24112	via	0.01
13543	24113	via	0.01
13546	24114	via	0.01
13549	24115	via	0.01
13552	24116	via	0.01
13555	24117	via	0.01
13558	24118	via	0.01
13561	24119	via	0.01
13564	24120	via	0.01
13567	24121	via	0.01
13570	24122	via	0.01
13573	24123	via	0.01
13576	24124	via	0.01
13579	24125	via	0.01
13582	24126	via	0.01
13585	24127	via	0.01
13588	24128	via	0.01
13807	24129	via	0.01
13810	24130	via	0.01
13813	24131	via	0.01
13816	24132	via	0.01
13819	24133	via	0.01
13822	24134	via	0.01
13825	24135	via	0.01
13828	24136	via	0.01
13831	24137	via	0.01
13834	24138	via	0.01
13837	24139	via	0.01
13840	24140	via	0.01
13843	24141	via	0.01
13846	24142	via	0.01
13849	24143	via	0.01
13852	24144	via	0.01
13855	24145	via	0.01
13858	24146	via	0.01
13861	24147	via	0.01
13864	24148	via	0.01
13867	24149	via	0.01
13870	24150	via	0.01
13873	24151	via	0.01
13876	24152	via	0.01
13879	24153	via	0.01
13882	24154	via	0.01
13885	24155	via	0.01
13888	24156	via	0.01
13891	24157	via	0.01
13894	24158	via	0.01
13897	24159	via	0.01
13900	24160	via	0.01
13903	24161	via	0.01
13906	24162	via	0.01
13909	24163	via	0.01
13912	24164	via	0.01
13915	24165	via	0.01
14134	24166	via	0.01
14137	24167	via	0.01
14140	24168	via	0.01
14143	24169	via	0.01
14146	24170	via	0.01
14149	24171	via	0.01
14152	24172	via	0.01
14155	24173	via	0.01
14158	24174	via	0.01
14161	24175	via	0.01
14164	24176	via	0.01
14167	24177	via	0.01
14170	24178	via	0.01
14173	24179	via	0.01
14176	24180	via	0.01
14179	24181	via	0.01
14182	24182	via	0.01
14185	24183	via	0.01
14188	24184	via	0.01
14191	24185	via	0.01
14194	24186	via	0.01
14197	24187	via	0.01
14200	24188	via	0.01
14203	24189	via	0.01
14206	24190	via	0.01
14209	24191	via	0.01
14212	24192	via	0.01
14215	24193	via	0.01
14218	24194	via	0.01
14221	24195	via	0.01
14224	24196	via	0.01
14227	24197	via	0.01
14230	24198	via	0.01
14233	24199	via	0.01
14236	24200	via	0.01
14239	24201	via	0.01
14242	24202	via	0.01
14461	24203	via	0.01
14464	24204	via	0.01
14467	24205	via	0.01
14470	24206	via	0.01
14473	24207	via	0.01
14476	24208	via	0.01
14479	24209	via	0.01
14482	24210	via	0.01
14485	24211	via	0.01
14488	24212	via	0.01
14491	24213	via	0.01
14494	24214	via	0.01
14497	24215	via	0.01
14500	24216	via	0.01
14503	24217	via	0.01
14506	24218	via	0.01
14509	24219	via	0.01
14512	24220	via	0.01
14515	24221	via	0.01
14518	24222	via	0.01
14521	24223	via	0.01
14524	24224	via	0.01
14527	24225	via	0.01
14530	24226	via	0.01
14533	24227	via	0.01
14536	24228	via	0.01
14539	24229	via	0.01
14542	24230	via	0.01
14545	24231	via	0.01
14548	24232	via	0.01
14551	24233	via	0.01
14554	24234	via	0.01
14557	24235	via	0.01
14560	24236	via	0.01
14563	24237	via	0.01
14566	24238	via	0.01
14569	24239	via	0.01
14788	24240	via	0.01
14791	24241	via	0.01
14794	24242	via	0.01
14797	24243	via	0.01
14800	24244	via	0.01
14803	24245	via	0.01
14806	24246	via	0.01
14809	24247	via	0.01
14812	24248	via	0.01
14815	24249	via	0.01
14818	24250	via	0.01
14821	24251	via	0.01
14824	24252	via	0.01
14827	24253	via	0.01
14830	24254	via	0.01
14833	24255	via	0.01
14836	24256	via	0.01
14839	24257	via	0.01
14842	24258	via	0.01
14845	24259	via	0.01
14848	24260	via	0.01
14851	24261	via	0.01
14854	24262	via	0.01
14857	24263	via	0.01
14860	24264	via	0.01
14863	24265	via	0.01
14866	24266	via	0.01
14869	24267	via	0.01
14872	24268	via	0.01
14875	24269	via	0.01
14878	24270	via	0.01
14881	24271	via	0.01
14884	24272	via	0.01
14887	24273	via	0.01
14890	24274	via	0.01
14893	24275	via	0.01
14896	24276	via	0.01
15115	24277	via	0.01
15118	24278	via	0.01
15121	24279	via	0.01
15124	24280	via	0.01
15127	24281	via	0.01
15130	24282	via	0.01
15133	24283	via	0.01
15136	24284	via	0.01
15139	24285	via	0.01
15142	24286	via	0.01
15145	24287	via	0.01
15148	24288	via	0.01
15151	24289	via	0.01
15154	24290	via	0.01
15157	24291	via	0.01
15160	24292	via	0.01
15163	24293	via	0.01
15166	24294	via	0.01
15169	24295	via	0.01
15172	24296	via	0.01
15175	24297	via	0.01
15178	24298	via	0.01
15181	24299	via	0.01
15184	24300	via	0.01
15187	24301	via	0.01
15190	24302	via	0.01
15193	24303	via	0.01
15196	24304	via	0.01
15199	24305	via	0.01
15202	24306	via	0.01
15205	24307	via	0.01
15208	24308	via	0.01
15211	24309	via	0.01
15214	24310	via	0.01
15217	24311	via	0.01
15220	24312	via	0.01
15223	24313	via	0.01
15442	24314	via	0.01
15445	24315	via	0.01
15448	24316	via	0.01
15451	24317	via	0.01
15454	24318	via	0.01
15457	24319	via	0.01
15460	24320	via	0.01
15463	24321	via	0.01
15466	24322	via	0.01
15469	24323	via	0.01
15472	24324	via	0.01
15475	24325	via	0.01
15478	24326	via	0.01
15481	24327	via	0.01
15484	24328	via	0.01
15487	24329	via	0.01
15490	24330	via	0.01
15493	24331	via	0.01
15496	24332	via	0.01
15499	24333	via	0.01
15502	24334	via	0.01
15505	24335	via	0.01
15508	24336	via	0.01
15511	24337	via	0.01
15514	24338	via	0.01
15517	24339	via	0.01
15520	24340	via	0.01
15523	24341	via	0.01
15526	24342	via	0.01
15529	24343	via	0.01
15532	24344	via	0.01
15535	24345	via	0.01
15538	24346	via	0.01
15541	24347	via	0.01
15544	24348	via	0.01
15547	24349	via	0.01
15550	24350	via	0.01
15769	24351	via	0.01
15772	24352	via	0.01
15775	24353	via	0.01
15778	24354	via	0.01
15781	24355	via	0.01
15784	24356	via	0.01
15787	24357	via	0.01
15790	24358	via	0.01
15793	24359	via	0.01
15796	24360	via	0.01
15799	24361	via	0.01
15802	24362	via	0.01
15805	24363	via	0.01
15808	24364	via	0.01
15811	24365	via	0.01
15814	24366	via	0.01
15817	24367	via	0.01
15820	24368	via	0.01
15823	24369	via	0.01
15826	24370	via	0.01
15829	24371	via	0.01
15832	24372	via	0.01
15835	24373	via	0.01
15838	24374	via	0.01
15841	24375	via	0.01
15844	24376	via	0.01
15847	24377	via	0.01
15850	24378	via	0.01
15853	24379	via	0.01
15856	24380	via	0.01
15859	24381	via	0.01
15862	24382	via	0.01
15865	24383	via	0.01
15868	24384	via	0.01
15871	24385	via	0.01
15874	24386	via	0.01
15877	24387	via	0.01
16096	24388	via	0.01
16099	24389	via	0.01
16102	24390	via	0.01
16105	24391	via	0.01
16108	24392	via	0.01
16111	24393	via	0.01
16114	24394	via	0.01
16117	24395	via	0.01
16120	24396	via	0.01
16123	24397	via	0.01
16126	24398	via	0.01
16129	24399	via	0.01
16132	24400	via	0.01
16135	24401	via	0.01
16138	24402	via	0.01
16141	24403	via	0.01
16144	24404	via	0.01
16147	24405	via	0.01
16150	24406	via	0.01
16153	24407	via	0.01
16156	24408	via	0.01
16159	24409	via	0.01
16162	24410	via	0.01
16165	24411	via	0.01
16168	24412	via	0.01
16171	24413	via	0.01
16174	24414	via	0.01
16177	24415	via	0.01
16180	24416	via	0.01
16183	24417	via	0.01
16186	24418	via	0.01
16189	24419	via	0.01
16192	24420	via	0.01
16195	24421	via	0.01
16198	24422	via	0.01
16201	24423	via	0.01
16204	24424	via	0.01
16423	24425	via	0.01
16426	24426	via	0.01
16429	24427	via	0.01
16432	24428	via	0.01
16435	24429	via	0.01
16438	24430	via	0.01
16441	24431	via	0.01
16444	24432	via	0.01
16447	24433	via	0.01
16450	24434	via	0.01
16453	24435	via	0.01
16456	24436	via	0.01
16459	24437	via	0.01
16462	24438	via	0.01
16465	24439	via	0.01
16468	24440	via	0.01
16471	24441	via	0.01
16474	24442	via	0.01
16477	24443	via	0.01
16480	24444	via	0.01
16483	24445	via	0.01
16486	24446	via	0.01
16489	24447	via	0.01
16492	24448	via	0.01
16495	24449	via	0.01
16498	24450	via	0.01
16501	24451	via	0.01
16504	24452	via	0.01
16507	24453	via	0.01
16510	24454	via	0.01
16513	24455	via	0.01
16516	24456	via	0.01
16519	24457	via	0.01
16522	24458	via	0.01
16525	24459	via	0.01
16528	24460	via	0.01
16531	24461	via	0.01
16750	24462	via	0.01
16753	24463	via	0.01
16756	24464	via	0.01
16759	24465	via	0.01
16762	24466	via	0.01
16765	24467	via	0.01
16768	24468	via	0.01
16771	24469	via	0.01
16774	24470	via	0.01
16777	24471	via	0.01
16780	24472	via	0.01
16783	24473	via	0.01
16786	24474	via	0.01
16789	24475	via	0.01
16792	24476	via	0.01
16795	24477	via	0.01
16798	24478	via	0.01
16801	24479	via	0.01
16804	24480	via	0.01
16807	24481	via	0.01
16810	24482	via	0.01
16813	24483	via	0.01
16816	24484	via	0.01
16819	24485	via	0.01
16822	24486	via	0.01
16825	24487	via	0.01
16828	24488	via	0.01
16831	24489	via	0.01
16834	24490	via	0.01
16837	24491	via	0.01
16840	24492	via	0.01
16843	24493	via	0.01
16846	24494	via	0.01
16849	24495	via	0.01
16852	24496	via	0.01
16855	24497	via	0.01
16858	24498	via	0.01
17077	24499	via	0.01
17080	24500	via	0.01
17083	24501	via	0.01
17086	24502	via	0.01
17089	24503	via	0.01
17092	24504	via	0.01
17095	24505	via	0.01
17098	24506	via	0.01
17101	24507	via	0.01
17104	24508	via	0.01
17107	24509	via	0.01
17110	24510	via	0.01
17113	24511	via	0.01
17116	24512	via	0.01
17119	24513	via	0.01
17122	24514	via	0.01
17125	24515	via	0.01
17128	24516	via	0.01
17131	24517	via	0.01
17134	24518	via	0.01
17137	24519	via	0.01
17140	24520	via	0.01
17143	24521	via	0.01
17146	24522	via	0.01
17149	24523	via	0.01
17152	24524	via	0.01
17155	24525	via	0.01
17158	24526	via	0.01
17161	24527	via	0.01
17164	24528	via	0.01
17167	24529	via	0.01
17170	24530	via	0.01
17173	24531	via	0.01
17176	24532	via	0.01
17179	24533	via	0.01
17182	24534	via	0.01
17185	24535	via	0.01
17404	24536	via	0.01
17407	24537	via	0.01
17410	24538	via	0.01
17413	24539	via	0.01
17416	24540	via	0.01
17419	24541	via	0.01
17422	24542	via	0.01
17425	24543	via	0.01
17428	24544	via	0.01
17431	24545	via	0.01
17434	24546	via	0.01
17437	24547	via	0.01
17440	24548	via	0.01
17443	24549	via	0.01
17446	24550	via	0.01
17449	24551	via	0.01
17452	24552	via	0.01
17455	24553	via	0.01
17458	24554	via	0.01
17461	24555	via	0.01
17464	24556	via	0.01
17467	24557	via	0.01
17470	24558	via	0.01
17473	24559	via	0.01
17476	24560	via	0.01
17479	24561	via	0.01
17482	24562	via	0.01
17485	24563	via	0.01
17488	24564	via	0.01
17491	24565	via	0.01
17494	24566	via	0.01
17497	24567	via	0.01
17500	24568	via	0.01
17503	24569	via	0.01
17506	24570	via	0.01
17509	24571	via	0.01
17512	24572	via	0.01
17731	24573	via	0.01
17734	24574	via	0.01
17737	24575	via	0.01
17740	24576	via	0.01
17743	24577	via	0.01
17746	24578	via	0.01
17749	24579	via	0.01
17752	24580	via	0.01
17755	24581	via	0.01
17758	24582	via	0.01
17761	24583	via	0.01
17764	24584	via	0.01
17767	24585	via	0.01
17770	24586	via	0.01
17773	24587	via	0.01
17776	24588	via	0.01
17779	24589	via	0.01
17782	24590	via	0.01
17785	24591	via	0.01
17788	24592	via	0.01
17791	24593	via	0.01
17794	24594	via	0.01
17797	24595	via	0.01
17800	24596	via	0.01
17803	24597	via	0.01
17806	24598	via	0.01
17809	24599	via	0.01
17812	24600	via	0.01
17815	24601	via	0.01
17818	24602	via	0.01
17821	24603	via	0.01
17824	24604	via	0.01
17827	24605	via	0.01
17830	24606	via	0.01
17833	24607	via	0.01
17836	24608	via	0.01
17839	24609	via	0.01
18058	24610	via	0.01
18061	24611	via	0.01
18064	24612	via	0.01
18067	24613	via	0.01
18070	24614	via	0.01
18073	24615	via	0.01
18076	24616	via	0.01
18079	24617	via	0.01
18082	24618	via	0.01
18085	24619	via	0.01
18088	24620	via	0.01
18091	24621	via	0.01
18094	24622	via	0.01
18097	24623	via	0.01
18100	24624	via	0.01
18103	24625	via	0.01
18106	24626	via	0.01
18109	24627	via	0.01
18112	24628	via	0.01
18115	24629	via	0.01
18118	24630	via	0.01
18121	24631	via	0.01
18124	24632	via	0.01
18127	24633	via	0.01
18130	24634	via	0.01
18133	24635	via	0.01
18136	24636	via	0.01
18139	24637	via	0.01
18142	24638	via	0.01
18145	24639	via	0.01
18148	24640	via	0.01
18151	24641	via	0.01
18154	24642	via	0.01
18157	24643	via	0.01
18160	24644	via	0.01
18163	24645	via	0.01
18166	24646	via	0.01
18385	24647	via	0.01
18388	24648	via	0.01
18391	24649	via	0.01
18394	24650	via	0.01
18397	24651	via	0.01
18400	24652	via	0.01
18403	24653	via	0.01
18406	24654	via	0.01
18409	24655	via	0.01
18412	24656	via	0.01
18415	24657	via	0.01
18418	24658	via	0.01
18421	24659	via	0.01
18424	24660	via	0.01
18427	24661	via	0.01
18430	24662	via	0.01
18433	24663	via	0.01
18436	24664	via	0.01
18439	24665	via	0.01
18442	24666	via	0.01
18445	24667	via	0.01
18448	24668	via	0.01
18451	24669	via	0.01
18454	24670	via	0.01
18457	24671	via	0.01
18460	24672	via	0.01
18463	24673	via	0.01
18466	24674	via	0.01
18469	24675	via	0.01
18472	24676	via	0.01
18475	24677	via	0.01
18478	24678	via	0.01
18481	24679	via	0.01
18484	24680	via	0.01
18487	24681	via	0.01
18490	24682	via	0.01
18493	24683	via	0.01
18712	24684	via	0.01
18715	24685	via	0.01
18718	24686	via	0.01
18721	24687	via	0.01
18724	24688	via	0.01
18727	24689	via	0.01
18730	24690	via	0.01
18733	24691	via	0.01
18736	24692	via	0.01
18739	24693	via	0.01
18742	24694	via	0.01
18745	24695	via	0.01
18748	24696	via	0.01
18751	24697	via	0.01
18754	24698	via	0.01
18757	24699	via	0.01
18760	24700	via	0.01
18763	24701	via	0.01
18766	24702	via	0.01
18769	24703	via	0.01
18772	24704	via	0.01
18775	24705	via	0.01
18778	24706	via	0.01
18781	24707	via	0.01
18784	24708	via	0.01
18787	24709	via	0.01
18790	24710	via	0.01
18793	24711	via	0.01
18796	24712	via	0.01
18799	24713	via	0.01
18802	24714	via	0.01
18805	24715	via	0.01
18808	24716	via	0.01
18811	24717	via	0.01
18814	24718	via	0.01
18817	24719	via	0.01
18820	24720	via	0.01
19039	24721	via	0.01
19042	24722	via	0.01
19045	24723	via	0.01
19048	24724	via	0.01
19051	24725	via	0.01
19054	24726	via	0.01
19057	24727	via	0.01
19060	24728	via	0.01
19063	24729	via	0.01
19066	24730	via	0.01
19069	24731	via	0.01
19072	24732	via	0.01
19075	24733	via	0.01
19078	24734	via	0.01
19081	24735	via	0.01
19084	24736	via	0.01
19087	24737	via	0.01
19090	24738	via	0.01
19093	24739	via	0.01
19096	24740	via	0.01
19099	24741	via	0.01
19102	24742	via	0.01
19105	24743	via	0.01
19108	24744	via	0.01
19111	24745	via	0.01
19114	24746	via	0.01
19117	24747	via	0.01
19120	24748	via	0.01
19123	24749	via	0.01
19126	24750	via	0.01
19129	24751	via	0.01
19132	24752	via	0.01
19135	24753	via	0.01
19138	24754	via	0.01
19141	24755	via	0.01
19144	24756	via	0.01
19147	24757	via	0.01
19366	24758	via	0.01
19369	24759	via	0.01
19372	24760	via	0.01
19375	24761	via	0.01
19378	24762	via	0.01
19381	24763	via	0.01
19384	24764	via	0.01
19387	24765	via	0.01
19390	24766	via	0.01
19393	24767	via	0.01
19396	24768	via	0.01
19399	24769	via	0.01
19402	24770	via	0.01
19405	24771	via	0.01
19408	24772	via	0.01
19411	24773	via	0.01
19414	24774	via	0.01
19417	24775	via	0.01
19420	24776	via	0.01
19423	24777	via	0.01
19426	24778	via	0.01
19429	24779	via	0.01
19432	24780	via	0.01
19435	24781	via	0.01
19438	24782	via	0.01
19441	24783	via	0.01
19444	24784	via	0.01
19447	24785	via	0.01
19450	24786	via	0.01
19453	24787	via	0.01
19456	24788	via	0.01
19459	24789	via	0.01
19462	24790	via	0.01
19465	24791	via	0.01
19468	24792	via	0.01
19471	24793	via	0.01
19474	24794	via	0.01
19693	24795	via	0.01
19696	24796	via	0.01
19699	24797	via	0.01
19702	24798	via	0.01
19705	24799	via	0.01
19708	24800	via	0.01
19711	24801	via	0.01
19714	24802	via	0.01
19717	24803	via	0.01
19720	24804	via	0.01
19723	24805	via	0.01
19726	24806	via	0.01
19729	24807	via	0.01
19732	24808	via	0.01
19735	24809	via	0.01
19738	24810	via	0.01
19741	24811	via	0.01
19744	24812	via	0.01
19747	24813	via	0.01
19750	24814	via	0.01
19753	24815	via	0.01
19756	24816	via	0.01
19759	24817	via	0.01
19762	24818	via	0.01
19765	24819	via	0.01
19768	24820	via	0.01
19771	24821	via	0.01
19774	24822	via	0.01
19777	24823	via	0.01
19780	24824	via	0.01
19783	24825	via	0.01
19786	24826	via	0.01
19789	24827	via	0.01
19792	24828	via	0.01
19795	24829	via	0.01
19798	24830	via	0.01
19801	24831	via	0.01
20020	24832	via	0.01
20023	24833	via	0.01
20026	24834	via	0.01
20029	24835	via	0.01
20032	24836	via	0.01
20035	24837	via	0.01
20038	24838	via	0.01
20041	24839	via	0.01
20044	24840	via	0.01
20047	24841	via	0.01
20050	24842	via	0.01
20053	24843	via	0.01
20056	24844	via	0.01
20059	24845	via	0.01
20062	24846	via	0.01
20065	24847	via	0.01
20068	24848	via	0.01
20071	24849	via	0.01
20074	24850	via	0.01
20077	24851	via	0.01
20080	24852	via	0.01
20083	24853	via	0.01
20086	24854	via	0.01
20089	24855	via	0.01
20092	24856	via	0.01
20095	24857	via	0.01
20098	24858	via	0.01
20101	24859	via	0.01
20104	24860	via	0.01
20107	24861	via	0.01
20110	24862	via	0.01
20113	24863	via	0.01
20116	24864	via	0.01
20119	24865	via	0.01
20122	24866	via	0.01
20125	24867	via	0.01
20128	24868	via	0.01
20347	24869	via	0.01
20350	24870	via	0.01
20353	24871	via	0.01
20356	24872	via	0.01
20359	24873	via	0.01
20362	24874	via	0.01
20365	24875	via	0.01
20368	24876	via	0.01
20371	24877	via	0.01
20374	24878	via	0.01
20377	24879	via	0.01
20380	24880	via	0.01
20383	24881	via	0.01
20386	24882	via	0.01
20389	24883	via	0.01
20392	24884	via	0.01
20395	24885	via	0.01
20398	24886	via	0.01
20401	24887	via	0.01
20404	24888	via	0.01
20407	24889	via	0.01
20410	24890	via	0.01
20413	24891	via	0.01
20416	24892	via	0.01
20419	24893	via	0.01
20422	24894	via	0.01
20425	24895	via	0.01
20428	24896	via	0.01
20431	24897	via	0.01
20434	24898	via	0.01
20437	24899	via	0.01
20440	24900	via	0.01
20443	24901	via	0.01
20446	24902	via	0.01
20449	24903	via	0.01
20452	24904	via	0.01
20455	24905	via	0.01
20674	24906	via	0.01
20677	24907	via	0.01
20680	24908	via	0.01
20683	24909	via	0.01
20686	24910	via	0.01
20689	24911	via	0.01
20692	24912	via	0.01
20695	24913	via	0.01
20698	24914	via	0.01
20701	24915	via	0.01
20704	24916	via	0.01
20707	24917	via	0.01
20710	24918	via	0.01
20713	24919	via	0.01
20716	24920	via	0.01
20719	24921	via	0.01
20722	24922	via	0.01
20725	24923	via	0.01
20728	24924	via	0.01
20731	24925	via	0.01
20734	24926	via	0.01
20737	24927	via	0.01
20740	24928	via	0.01
20743	24929	via	0.01
20746	24930	via	0.01
20749	24931	via	0.01
20752	24932	via	0.01
20755	24933	via	0.01
20758	24934	via	0.01
20761	24935	via	0.01
20764	24936	via	0.01
20767	24937	via	0.01
20770	24938	via	0.01
20773	24939	via	0.01
20776	24940	via	0.01
20779	24941	via	0.01
20782	24942	via	0.01
21001	24943	via	0.01
21004	24944	via	0.01
21007	24945	via	0.01
21010	24946	via	0.01
21013	24947	via	0.01
21016	24948	via	0.01
21019	24949	via	0.01
21022	24950	via	0.01
21025	24951	via	0.01
21028	24952	via	0.01
21031	24953	via	0.01
21034	24954	via	0.01
21037	24955	via	0.01
21040	24956	via	0.01
21043	24957	via	0.01
21046	24958	via	0.01
21049	24959	via	0.01
21052	24960	via	0.01
21055	24961	via	0.01
21058	24962	via	0.01
21061	24963	via	0.01
21064	24964	via	0.01
21067	24965	via	0.01
21070	24966	via	0.01
21073	24967	via	0.01
21076	24968	via	0.01
21079	24969	via	0.01
21082	24970	via	0.01
21085	24971	via	0.01
21088	24972	via	0.01
21091	24973	via	0.01
21094	24974	via	0.01
21097	24975	via	0.01
21100	24976	via	0.01
21103	24977	via	0.01
21106	24978	via	0.01
21109	24979	via	0.01
21328	24980	via	0.01
21331	24981	via	0.01
21334	24982	via	0.01
21337	24983	via	0.01
21340	24984	via	0.01
21343	24985	via	0.01
21346	24986	via	0.01
21349	24987	via	0.01
21352	24988	via	0.01
21355	24989	via	0.01
21358	24990	via	0.01
21361	24991	via	0.01
21364	24992	via	0.01
21367	24993	via	0.01
21370	24994	via	0.01
21373	24995	via	0.01
21376	24996	via	0.01
21379	24997	via	0.01
21382	24998	via	0.01
21385	24999	via	0.01
21388	25000	via	0.01
21391	25001	via	0.01
21394	25002	via	0.01
21397	25003	via	0.01
21400	25004	via	0.01
21403	25005	via	0.01
21406	25006	via	0.01
21409	25007	via	0.01
21412	25008	via	0.01
21415	25009	via	0.01
21418	25010	via	0.01
21421	25011	via	0.01
21424	25012	via	0.01
21427	25013	via	0.01
21430	25014	via	0.01
21433	25015	via	0.01
21436	25016	via	0.01
21655	25017	via	0.01
21658	25018	via	0.01
21661	25019	via	0.01
21664	25020	via	0.01
21667	25021	via	0.01
21670	25022	via	0.01
21673	25023	via	0.01
21676	25024	via	0.01
21679	25025	via	0.01
21682	25026	via	0.01
21685	25027	via	0.01
21688	25028	via	0.01
21691	25029	via	0.01
21694	25030	via	0.01
21697	25031	via	0.01
21700	25032	via	0.01
21703	25033	via	0.01
21706	25034	via	0.01
21709	25035	via	0.01
21712	25036	via	0.01
21715	25037	via	0.01
21718	25038	via	0.01
21721	25039	via	0.01
21724	25040	via	0.01
21727	25041	via	0.01
21730	25042	via	0.01
21733	25043	via	0.01
21736	25044	via	0.01
21739	25045	via	0.01
21742	25046	via	0.01
21745	25047	via	0.01
21748	25048	via	0.01
21751	25049	via	0.01
21754	25050	via	0.01
21757	25051	via	0.01
21760	25052	via	0.01
21763	25053	via	0.01
21982	25054	via	0.01
21985	25055	via	0.01
21988	25056	via	0.01
21991	25057	via	0.01
21994	25058	via	0.01
21997	25059	via	0.01
22000	25060	via	0.01
22003	25061	via	0.01
22006	25062	via	0.01
22009	25063	via	0.01
22012	25064	via	0.01
22015	25065	via	0.01
22018	25066	via	0.01
22021	25067	via	0.01
22024	25068	via	0.01
22027	25069	via	0.01
22030	25070	via	0.01
22033	25071	via	0.01
22036	25072	via	0.01
22039	25073	via	0.01
22042	25074	via	0.01
22045	25075	via	0.01
22048	25076	via	0.01
22051	25077	via	0.01
22054	25078	via	0.01
22057	25079	via	0.01
22060	25080	via	0.01
22063	25081	via	0.01
22066	25082	via	0.01
22069	25083	via	0.01
22072	25084	via	0.01
22075	25085	via	0.01
22078	25086	via	0.01
22081	25087	via	0.01
22084	25088	via	0.01
22087	25089	via	0.01
22090	25090	via	0.01
22309	25091	via	0.01
22312	25092	via	0.01
22315	25093	via	0.01
22318	25094	via	0.01
22321	25095	via	0.01
22324	25096	via	0.01
22327	25097	via	0.01
22330	25098	via	0.01
22333	25099	via	0.01
22336	25100	via	0.01
22339	25101	via	0.01
22342	25102	via	0.01
22345	25103	via	0.01
22348	25104	via	0.01
22351	25105	via	0.01
22354	25106	via	0.01
22357	25107	via	0.01
22360	25108	via	0.01
22363	25109	via	0.01
22366	25110	via	0.01
22369	25111	via	0.01
22372	25112	via	0.01
22375	25113	via	0.01
22378	25114	via	0.01
22381	25115	via	0.01
22384	25116	via	0.01
22387	25117	via	0.01
22390	25118	via	0.01
22393	25119	via	0.01
22396	25120	via	0.01
22399	25121	via	0.01
22402	25122	via	0.01
22405	25123	via	0.01
22408	25124	via	0.01
22411	25125	via	0.01
22414	25126	via	0.01
22417	25127	via	0.01
22636	25128	via	0.01
22639	25129	via	0.01
22642	25130	via	0.01
22645	25131	via	0.01
22648	25132	via	0.01
22651	25133	via	0.01
22654	25134	via	0.01
22657	25135	via	0.01
22660	25136	via	0.01
22663	25137	via	0.01
22666	25138	via	0.01
22669	25139	via	0.01
22672	25140	via	0.01
22675	25141	via	0.01
22678	25142	via	0.01
22681	25143	via	0.01
22684	25144	via	0.01
22687	25145	via	0.01
22690	25146	via	0.01
22693	25147	via	0.01
22696	25148	via	0.01
22699	25149	via	0.01
22702	25150	via	0.01
22705	25151	via	0.01
22708	25152	via	0.01
22711	25153	via	0.01
22714	25154	via	0.01
22717	25155	via	0.01
22720	25156	via	0.01
22723	25157	via	0.01
22726	25158	via	0.01
22729	25159	via	0.01
22732	25160	via	0.01
22735	25161	via	0.01
22738	25162	via	0.01
22741	25163	via	0.01
22744	25164	via	0.01
22963	25165	via	0.01
22966	25166	via	0.01
22969	25167	via	0.01
22972	25168	via	0.01
22975	25169	via	0.01
22978	25170	via	0.01
22981	25171	via	0.01
22984	25172	via	0.01
22987	25173	via	0.01
22990	25174	via	0.01
22993	25175	via	0.01
22996	25176	via	0.01
22999	25177	via	0.01
23002	25178	via	0.01
23005	25179	via	0.01
23008	25180	via	0.01
23011	25181	via	0.01
23014	25182	via	0.01
23017	25183	via	0.01
23020	25184	via	0.01
23023	25185	via	0.01
23026	25186	via	0.01
23029	25187	via	0.01
23032	25188	via	0.01
23035	25189	via	0.01
23038	25190	via	0.01
23041	25191	via	0.01
23044	25192	via	0.01
23047	25193	via	0.01
23050	25194	via	0.01
23053	25195	via	0.01
23056	25196	via	0.01
23059	25197	via	0.01
23062	25198	via	0.01
23065	25199	via	0.01
23068	25200	via	0.01
23071	25201	via	0.01
23290	25202	via	0.01
23293	25203	via	0.01
23296	25204	via	0.01
23299	25205	via	0.01
23302	25206	via	0.01
23305	25207	via	0.01
23308	25208	via	0.01
23311	25209	via	0.01
23314	25210	via	0.01
23317	25211	via	0.01
23320	25212	via	0.01
23323	25213	via	0.01
23326	25214	via	0.01
23329	25215	via	0.01
23332	25216	via	0.01
23335	25217	via	0.01
23338	25218	via	0.01
23341	25219	via	0.01
23344	25220	via	0.01
23347	25221	via	0.01
23350	25222	via	0.01
23353	25223	via	0.01
23356	25224	via	0.01
23359	25225	via	0.01
23362	25226	via	0.01
23365	25227	via	0.01
23368	25228	via	0.01
23371	25229	via	0.01
23374	25230	via	0.01
23377	25231	via	0.01
23380	25232	via	0.01
23383	25233	via	0.01
23386	25234	via	0.01
23389	25235	via	0.01
23392	25236	via	0.01
23395	25237	via	0.01
23398	25238	via	0.01
23617	25239	via	0.01
23620	25240	via	0.01
23623	25241	via	0.01
23626	25242	via	0.01
23629	25243	via	0.01
23632	25244	via	0.01
23635	25245	via	0.01
23638	25246	via	0.01
23641	25247	via	0.01
23644	25248	via	0.01
23647	25249	via	0.01
23650	25250	via	0.01
23653	25251	via	0.01
23656	25252	via	0.01
23659	25253	via	0.01
23662	25254	via	0.01
23665	25255	via	0.01
23668	25256	via	0.01
23671	25257	via	0.01
23674	25258	via	0.01
23677	25259	via	0.01
23680	25260	via	0.01
23683	25261	via	0.01
23686	25262	via	0.01
23689	25263	via	0.01
23692	25264	via	0.01
23695	25265	via	0.01
23698	25266	via	0.01
23701	25267	via	0.01
23704	25268	via	0.01
23707	25269	via	0.01
23710	25270	via	0.01
23713	25271	via	0.01
23716	25272	via	0.01
23719	25273	via	0.01
23722	25274	via	0.01
23725	25275	via	0.01
