id	layer_index	layer_name	x_um	y_um	fixed_voltage	fixed_voltage_v	injected_current_a	voltage_v
0	0	metal4	10	12	0	0	0	0.999941
1	0	metal4	66	12	0	0	0	0.999941
2	0	metal4	122	12	0	0	-1.95455e-06	0.999942
3	0	metal4	178	12	0	0	0	0.999944
4	0	metal4	234	12	0	0	0	0.999945
5	0	metal4	290	12	0	0	-1.98182e-06	0.999947
6	0	metal4	346	12	0	0	0	0.999949
7	0	metal4	402	12	0	0	0	0.999952
8	0	metal4	458	12	0	0	0	0.999953
9	0	metal4	514	12	0	0	0	0.999954
10	0	metal4	570	12	0	0	0	0.999954
11	0	metal4	626	12	0	0	0	0.999952
12	0	metal4	682	12	0	0	0	0.999949
13	0	metal4	738	12	0	0	0	0.999948
14	0	metal4	794	12	0	0	0	0.999948
15	0	metal4	850	12	0	0	0	0.999947
16	0	metal4	906	12	0	0	0	0.999946
17	0	metal4	962	12	0	0	0	0.999945
18	0	metal4	1018	12	0	0	0	0.999944
19	0	metal4	1074	12	0	0	0	0.999943
20	0	metal4	10	68	0	0	0	0.99994
21	0	metal4	66	68	0	0	-0.00283636	0.999939
22	0	metal4	122	68	0	0	-0.000709091	0.999941
23	0	metal4	178	68	0	0	-0.00212727	0.999942
24	0	metal4	234	68	0	0	-0.00212727	0.999944
25	0	metal4	290	68	0	0	-0.000709091	0.999946
26	0	metal4	346	68	0	0	-0.00228073	0.999948
27	0	metal4	402	68	0	0	0	0.999951
28	0	metal4	458	68	0	0	0	0.999954
29	0	metal4	514	68	0	0	0	0.999954
30	0	metal4	570	68	0	0	0	0.999954
31	0	metal4	626	68	0	0	0	0.999951
32	0	metal4	682	68	0	0	-0.00884348	0.999946
33	0	metal4	738	68	0	0	0	0.999948
34	0	metal4	794	68	0	0	0	0.999947
35	0	metal4	850	68	0	0	0	0.999946
36	0	metal4	906	68	0	0	-0.000709091	0.999944
37	0	metal4	962	68	0	0	-0.00212727	0.999942
38	0	metal4	1018	68	0	0	-0.00212727	0.999942
39	0	metal4	1074	68	0	0	-0.000709091	0.999942
40	0	metal4	10	124	0	0	0	0.999939
41	0	metal4	66	124	0	0	-0.00242929	0.999939
42	0	metal4	122	124	0	0	-0.000747475	0.99994
43	0	metal4	178	124	0	0	-0.00243121	0.999941
44	0	metal4	234	124	0	0	0	0.999944
45	0	metal4	290	124	0	0	0	0.999946
46	0	metal4	346	124	0	0	0	0.999949
47	0	metal4	402	124	0	0	0	0.999952
48	0	metal4	458	124	0	0	0	0.999954
49	0	metal4	514	124	0	0	0	0.999954
50	0	metal4	570	124	0	0	0	0.999954
51	0	metal4	626	124	0	0	0	0.999952
52	0	metal4	682	124	0	0	0	0.999949
53	0	metal4	738	124	0	0	0	0.999948
54	0	metal4	794	124	0	0	0	0.999947
55	0	metal4	850	124	0	0	0	0.999946
56	0	metal4	906	124	0	0	-0.000711009	0.999944
57	0	metal4	962	124	0	0	-0.00212727	0.999942
58	0	metal4	1018	124	0	0	-0.00212917	0.999941
59	0	metal4	1074	124	0	0	-0.000709091	0.999941
60	0	metal4	10	180	0	0	0	0.999939
61	0	metal4	66	180	0	0	-0.000747475	0.999939
62	0	metal4	122	180	0	0	-0.000747475	0.99994
63	0	metal4	178	180	0	0	-0.000747475	0.999941
64	0	metal4	234	180	0	0	0	0.999944
65	0	metal4	290	180	0	0	0	0.999946
66	0	metal4	346	180	0	0	-0.00223818	0.999948
67	0	metal4	402	180	0	0	0	0.999951
68	0	metal4	458	180	0	0	0	0.999954
69	0	metal4	514	180	0	0	0	0.999954
70	0	metal4	570	180	0	0	-0.0022378	0.999953
71	0	metal4	626	180	0	0	0	0.999952
72	0	metal4	682	180	0	0	-0.00216856	0.999949
73	0	metal4	738	180	0	0	0	0.999948
74	0	metal4	794	180	0	0	0	0.999947
75	0	metal4	850	180	0	0	0	0.999945
76	0	metal4	906	180	0	0	-1.91818e-06	0.999944
77	0	metal4	962	180	0	0	0	0.999942
78	0	metal4	1018	180	0	0	-1.83636e-06	0.999941
79	0	metal4	1074	180	0	0	0	0.999941
80	0	metal4	10	236	0	0	0	0.999939
81	0	metal4	66	236	0	0	-0.00242929	0.999939
82	0	metal4	122	236	0	0	-0.000747475	0.99994
83	0	metal4	178	236	0	0	-0.00242929	0.999941
84	0	metal4	234	236	0	0	0	0.999944
85	0	metal4	290	236	0	0	0	0.999947
86	0	metal4	346	236	0	0	-0.000339058	0.999949
87	0	metal4	402	236	0	0	0	0.999952
88	0	metal4	458	236	0	0	0	0.999954
89	0	metal4	514	236	0	0	0	0.999954
90	0	metal4	570	236	0	0	0	0.999953
91	0	metal4	626	236	0	0	0	0.999952
92	0	metal4	682	236	0	0	0	0.99995
93	0	metal4	738	236	0	0	0	0.999948
94	0	metal4	794	236	0	0	0	0.999946
95	0	metal4	850	236	0	0	-0.002238	0.999944
96	0	metal4	906	236	0	0	0	0.999943
97	0	metal4	962	236	0	0	0	0.999943
98	0	metal4	1018	236	0	0	-0.00212727	0.999941
99	0	metal4	1074	236	0	0	-0.000709091	0.999941
100	0	metal4	10	292	0	0	0	0.99994
101	0	metal4	66	292	0	0	-0.00283636	0.999939
102	0	metal4	122	292	0	0	0	0.999941
103	0	metal4	178	292	0	0	0	0.999943
104	0	metal4	234	292	0	0	0	0.999945
105	0	metal4	290	292	0	0	-0.00220693	0.999946
106	0	metal4	346	292	0	0	0	0.999949
107	0	metal4	402	292	0	0	0	0.999952
108	0	metal4	458	292	0	0	0	0.999954
109	0	metal4	514	292	0	0	0	0.999953
110	0	metal4	570	292	0	0	-0.00900437	0.99995
111	0	metal4	626	292	0	0	0	0.999951
112	0	metal4	682	292	0	0	-0.00220671	0.999949
113	0	metal4	738	292	0	0	0	0.999947
114	0	metal4	794	292	0	0	-0.00444042	0.999944
115	0	metal4	850	292	0	0	0	0.999944
116	0	metal4	906	292	0	0	-0.0022067	0.999943
117	0	metal4	962	292	0	0	0	0.999943
118	0	metal4	1018	292	0	0	-0.00212917	0.999942
119	0	metal4	1074	292	0	0	-0.000709091	0.999942
120	0	metal4	10	348	0	0	0	0.999941
121	0	metal4	66	348	0	0	-0.00106366	0.999941
122	0	metal4	122	348	0	0	0	0.999943
123	0	metal4	178	348	0	0	0	0.999944
124	0	metal4	234	348	0	0	0	0.999945
125	0	metal4	290	348	0	0	-0.00227375	0.999947
126	0	metal4	346	348	0	0	0	0.99995
127	0	metal4	402	348	0	0	0	0.999952
128	0	metal4	458	348	0	0	-3.22349e-05	0.999954
129	0	metal4	514	348	0	0	0	0.999954
130	0	metal4	570	348	0	0	0	0.999953
131	0	metal4	626	348	0	0	0	0.999952
132	0	metal4	682	348	0	0	-0.00205698	0.999949
133	0	metal4	738	348	0	0	0	0.999948
134	0	metal4	794	348	0	0	-0.00228598	0.999946
135	0	metal4	850	348	0	0	0	0.999945
136	0	metal4	906	348	0	0	0	0.999945
137	0	metal4	962	348	0	0	0	0.999944
138	0	metal4	1018	348	0	0	-1.91818e-06	0.999944
139	0	metal4	1074	348	0	0	0	0.999944
140	0	metal4	10	404	0	0	0	0.999942
141	0	metal4	66	404	0	0	-0.000188998	0.999943
142	0	metal4	122	404	0	0	0	0.999944
143	0	metal4	178	404	0	0	0	0.999945
144	0	metal4	234	404	0	0	0	0.999946
145	0	metal4	290	404	0	0	0	0.999948
146	0	metal4	346	404	0	0	0	0.99995
147	0	metal4	402	404	0	0	-0.00025354	0.999953
148	0	metal4	458	404	0	0	0	0.999954
149	0	metal4	514	404	0	0	0	0.999955
150	0	metal4	570	404	0	0	0	0.999955
151	0	metal4	626	404	0	0	0	0.999953
152	0	metal4	682	404	0	0	0	0.99995
153	0	metal4	738	404	0	0	0	0.999949
154	0	metal4	794	404	0	0	0	0.999948
155	0	metal4	850	404	0	0	-0.00223818	0.999946
156	0	metal4	906	404	0	0	0	0.999946
157	0	metal4	962	404	0	0	-0.000547042	0.999946
158	0	metal4	1018	404	0	0	0	0.999946
159	0	metal4	1074	404	0	0	0	0.999945
160	0	metal4	10	460	0	0	0	0.999943
161	0	metal4	66	460	0	0	0	0.999944
162	0	metal4	122	460	0	0	0	0.999944
163	0	metal4	178	460	0	0	0	0.999945
164	0	metal4	234	460	0	0	0	0.999946
165	0	metal4	290	460	0	0	0	0.999948
166	0	metal4	346	460	0	0	0	0.999951
167	0	metal4	402	460	0	0	0	0.999953
168	0	metal4	458	460	0	0	0	0.999955
169	0	metal4	514	460	0	0	-0.00215583	0.999955
170	0	metal4	570	460	0	0	0	0.999955
171	0	metal4	626	460	0	0	0	0.999953
172	0	metal4	682	460	0	0	-0.0111858	0.999947
173	0	metal4	738	460	0	0	0	0.99995
174	0	metal4	794	460	0	0	0	0.999949
175	0	metal4	850	460	0	0	0	0.999948
176	0	metal4	906	460	0	0	0	0.999948
177	0	metal4	962	460	0	0	0	0.999947
178	0	metal4	1018	460	0	0	0	0.999947
179	0	metal4	1074	460	0	0	0	0.999947
180	0	metal4	10	516	0	0	0	0.999944
181	0	metal4	66	516	0	0	0	0.999944
182	0	metal4	122	516	0	0	0	0.999944
183	0	metal4	178	516	0	0	0	0.999944
184	0	metal4	234	516	0	0	0	0.999945
185	0	metal4	290	516	0	0	0	0.999948
186	0	metal4	346	516	0	0	0	0.999951
187	0	metal4	402	516	0	0	0	0.999953
188	0	metal4	458	516	0	0	0	0.999955
189	0	metal4	514	516	0	0	-0.00228177	0.999956
190	0	metal4	570	516	0	0	0	0.999956
191	0	metal4	626	516	0	0	0	0.999955
192	0	metal4	682	516	0	0	0	0.999952
193	0	metal4	738	516	0	0	0	0.999952
194	0	metal4	794	516	0	0	0	0.999951
195	0	metal4	850	516	0	0	0	0.99995
196	0	metal4	906	516	0	0	0	0.999949
197	0	metal4	962	516	0	0	-0.000488911	0.999948
198	0	metal4	1018	516	0	0	0	0.999948
199	0	metal4	1074	516	0	0	0	0.999948
200	0	metal4	10	572	0	0	0	0.999944
201	0	metal4	66	572	0	0	0	0.999944
202	0	metal4	122	572	0	0	0	0.999944
203	0	metal4	178	572	0	0	0	0.999943
204	0	metal4	234	572	0	0	0	0.999942
205	0	metal4	290	572	0	0	0	0.999946
206	0	metal4	346	572	0	0	0	0.99995
207	0	metal4	402	572	0	0	0	0.999954
208	0	metal4	458	572	0	0	0	0.999956
209	0	metal4	514	572	0	0	0	0.999957
210	0	metal4	570	572	0	0	0	0.999958
211	0	metal4	626	572	0	0	0	0.999956
212	0	metal4	682	572	0	0	0	0.999955
213	0	metal4	738	572	0	0	0	0.999953
214	0	metal4	794	572	0	0	0	0.999953
215	0	metal4	850	572	0	0	0	0.999951
216	0	metal4	906	572	0	0	0	0.99995
217	0	metal4	962	572	0	0	-0.000767507	0.999949
218	0	metal4	1018	572	0	0	0	0.999949
219	0	metal4	1074	572	0	0	0	0.999949
220	0	metal4	10	628	0	0	-0.00225091	0.999944
221	0	metal4	66	628	0	0	0	0.999945
222	0	metal4	122	628	0	0	0	0.999944
223	0	metal4	178	628	0	0	0	0.999942
224	0	metal4	234	628	0	0	-0.0281471	0.999933
225	0	metal4	290	628	0	0	0	0.999945
226	0	metal4	346	628	0	0	0	0.99995
227	0	metal4	402	628	0	0	0	0.999954
228	0	metal4	458	628	0	0	0	0.999956
229	0	metal4	514	628	0	0	-0.000272658	0.999958
230	0	metal4	570	628	0	0	0	0.999958
231	0	metal4	626	628	0	0	0	0.999957
232	0	metal4	682	628	0	0	0	0.999955
233	0	metal4	738	628	0	0	0	0.999954
234	0	metal4	794	628	0	0	0	0.999954
235	0	metal4	850	628	0	0	0	0.999953
236	0	metal4	906	628	0	0	0	0.999951
237	0	metal4	962	628	0	0	0	0.99995
238	0	metal4	1018	628	0	0	0	0.99995
239	0	metal4	1074	628	0	0	-0.00059652	0.99995
240	0	metal4	10	684	0	0	0	0.999947
241	0	metal4	66	684	0	0	0	0.999947
242	0	metal4	122	684	0	0	0	0.999947
243	0	metal4	178	684	0	0	0	0.999946
244	0	metal4	234	684	0	0	0	0.999944
245	0	metal4	290	684	0	0	0	0.999948
246	0	metal4	346	684	0	0	0	0.999952
247	0	metal4	402	684	0	0	0	0.999954
248	0	metal4	458	684	0	0	0	0.999956
249	0	metal4	514	684	0	0	0	0.999958
250	0	metal4	570	684	0	0	0	0.999959
251	0	metal4	626	684	0	0	0	0.999958
252	0	metal4	682	684	0	0	-0.00905664	0.999953
253	0	metal4	738	684	0	0	0	0.999955
254	0	metal4	794	684	0	0	0	0.999955
255	0	metal4	850	684	0	0	0	0.999954
256	0	metal4	906	684	0	0	0	0.999952
257	0	metal4	962	684	0	0	-0.00323774	0.99995
258	0	metal4	1018	684	0	0	0	0.999951
259	0	metal4	1074	684	0	0	0	0.999951
260	0	metal4	10	740	0	0	0	0.999949
261	0	metal4	66	740	0	0	0	0.999949
262	0	metal4	122	740	0	0	0	0.999949
263	0	metal4	178	740	0	0	0	0.999949
264	0	metal4	234	740	0	0	0	0.99995
265	0	metal4	290	740	0	0	0	0.999952
266	0	metal4	346	740	0	0	0	0.999954
267	0	metal4	402	740	0	0	0	0.999955
268	0	metal4	458	740	0	0	-0.010216	0.999954
269	0	metal4	514	740	0	0	-0.000272093	0.999959
270	0	metal4	570	740	0	0	0	0.99996
271	0	metal4	626	740	0	0	0	0.999959
272	0	metal4	682	740	0	0	0	0.999957
273	0	metal4	738	740	0	0	0	0.999957
274	0	metal4	794	740	0	0	0	0.999956
275	0	metal4	850	740	0	0	0	0.999955
276	0	metal4	906	740	0	0	0	0.999953
277	0	metal4	962	740	0	0	0	0.999952
278	0	metal4	1018	740	0	0	0	0.999952
279	0	metal4	1074	740	0	0	0	0.999952
280	0	metal4	10	796	0	0	0	0.999951
281	0	metal4	66	796	0	0	0	0.999951
282	0	metal4	122	796	0	0	0	0.999952
283	0	metal4	178	796	0	0	0	0.999952
284	0	metal4	234	796	0	0	0	0.999953
285	0	metal4	290	796	0	0	0	0.999955
286	0	metal4	346	796	0	0	0	0.999956
287	0	metal4	402	796	0	0	0	0.999958
288	0	metal4	458	796	0	0	0	0.999959
289	0	metal4	514	796	0	0	0	0.999961
290	0	metal4	570	796	0	0	0	0.999962
291	0	metal4	626	796	0	0	0	0.999961
292	0	metal4	682	796	0	0	0	0.999959
293	0	metal4	738	796	0	0	0	0.999958
294	0	metal4	794	796	0	0	0	0.999957
295	0	metal4	850	796	0	0	0	0.999956
296	0	metal4	906	796	0	0	0	0.999954
297	0	metal4	962	796	0	0	0	0.999953
298	0	metal4	1018	796	0	0	0	0.999953
299	0	metal4	1074	796	0	0	0	0.999952
300	0	metal4	10	852	0	0	0	0.999953
301	0	metal4	66	852	0	0	0	0.999953
302	0	metal4	122	852	0	0	0	0.999954
303	0	metal4	178	852	0	0	0	0.999955
304	0	metal4	234	852	0	0	0	0.999956
305	0	metal4	290	852	0	0	0	0.999957
306	0	metal4	346	852	0	0	0	0.999959
307	0	metal4	402	852	0	0	0	0.99996
308	0	metal4	458	852	0	0	0	0.999962
309	0	metal4	514	852	0	0	0	0.999963
310	0	metal4	570	852	0	0	0	0.999963
311	0	metal4	626	852	0	0	0	0.999962
312	0	metal4	682	852	0	0	0	0.99996
313	0	metal4	738	852	0	0	0	0.999959
314	0	metal4	794	852	0	0	0	0.999958
315	0	metal4	850	852	0	0	0	0.999956
316	0	metal4	906	852	0	0	0	0.999955
317	0	metal4	962	852	0	0	-0.00220556	0.999953
318	0	metal4	1018	852	0	0	0	0.999953
319	0	metal4	1074	852	0	0	0	0.999953
320	0	metal4	10	908	0	0	0	0.999955
321	0	metal4	66	908	0	0	-3.89091e-06	0.999955
322	0	metal4	122	908	0	0	0	0.999956
323	0	metal4	178	908	0	0	0	0.999956
324	0	metal4	234	908	0	0	0	0.999958
325	0	metal4	290	908	0	0	0	0.999959
326	0	metal4	346	908	0	0	0	0.999961
327	0	metal4	402	908	0	0	0	0.999962
328	0	metal4	458	908	0	0	0	0.999963
329	0	metal4	514	908	0	0	0	0.999964
330	0	metal4	570	908	0	0	0	0.999964
331	0	metal4	626	908	0	0	0	0.999962
332	0	metal4	682	908	0	0	0	0.99996
333	0	metal4	738	908	0	0	0	0.999959
334	0	metal4	794	908	0	0	0	0.999958
335	0	metal4	850	908	0	0	0	0.999957
336	0	metal4	906	908	0	0	0	0.999955
337	0	metal4	962	908	0	0	0	0.999954
338	0	metal4	1018	908	0	0	0	0.999953
339	0	metal4	1074	908	0	0	0	0.999953
340	0	metal4	10	964	0	0	0	0.999956
341	0	metal4	66	964	0	0	-0.00283636	0.999955
342	0	metal4	122	964	0	0	0	0.999957
343	0	metal4	178	964	0	0	0	0.999958
344	0	metal4	234	964	0	0	0	0.999959
345	0	metal4	290	964	0	0	0	0.99996
346	0	metal4	346	964	0	0	0	0.999962
347	0	metal4	402	964	0	0	0	0.999963
348	0	metal4	458	964	0	0	0	0.999965
349	0	metal4	514	964	0	0	0	0.999965
350	0	metal4	570	964	0	0	0	0.999965
351	0	metal4	626	964	0	0	0	0.999962
352	0	metal4	682	964	0	0	-0.00940201	0.999957
353	0	metal4	738	964	0	0	0	0.999959
354	0	metal4	794	964	0	0	0	0.999958
355	0	metal4	850	964	0	0	0	0.999957
356	0	metal4	906	964	0	0	0	0.999956
357	0	metal4	962	964	0	0	-0.000272093	0.999954
358	0	metal4	1018	964	0	0	-0.00212917	0.999953
359	0	metal4	1074	964	0	0	-0.000709091	0.999953
360	0	metal4	10	1020	0	0	0	0.999957
361	0	metal4	66	1020	0	0	-0.00212727	0.999956
362	0	metal4	122	1020	0	0	-0.000354545	0.999958
363	0	metal4	178	1020	0	0	-0.00177273	0.999958
364	0	metal4	234	1020	0	0	0	0.99996
365	0	metal4	290	1020	0	0	0	0.999961
366	0	metal4	346	1020	0	0	0	0.999963
367	0	metal4	402	1020	0	0	0	0.999964
368	0	metal4	458	1020	0	0	0	0.999965
369	0	metal4	514	1020	0	0	0	0.999966
370	0	metal4	570	1020	0	0	0	0.999965
371	0	metal4	626	1020	0	0	0	0.999963
372	0	metal4	682	1020	0	0	0	0.999961
373	0	metal4	738	1020	0	0	0	0.99996
374	0	metal4	794	1020	0	0	0	0.999959
375	0	metal4	850	1020	0	0	0	0.999958
376	0	metal4	906	1020	0	0	-0.000354545	0.999956
377	0	metal4	962	1020	0	0	-0.00177273	0.999954
378	0	metal4	1018	1020	0	0	-0.0017766	0.999953
379	0	metal4	1074	1020	0	0	-0.000354545	0.999953
380	0	metal4	10	1076	0	0	0	0.999958
381	0	metal4	66	1076	0	0	-0.000709091	0.999958
382	0	metal4	122	1076	0	0	-0.000354545	0.999958
383	0	metal4	178	1076	0	0	-0.000354545	0.999959
384	0	metal4	234	1076	0	0	-1.95455e-06	0.999961
385	0	metal4	290	1076	0	0	0	0.999962
386	0	metal4	346	1076	0	0	0	0.999963
387	0	metal4	402	1076	0	0	0	0.999964
388	0	metal4	458	1076	0	0	0	0.999965
389	0	metal4	514	1076	0	0	0	0.999966
390	0	metal4	570	1076	0	0	0	0.999965
391	0	metal4	626	1076	0	0	0	0.999964
392	0	metal4	682	1076	0	0	0	0.999962
393	0	metal4	738	1076	0	0	0	0.999961
394	0	metal4	794	1076	0	0	0	0.999959
395	0	metal4	850	1076	0	0	0	0.999958
396	0	metal4	906	1076	0	0	-0.000354545	0.999957
397	0	metal4	962	1076	0	0	-0.000354545	0.999956
398	0	metal4	1018	1076	0	0	-0.000354545	0.999955
399	0	metal4	1074	1076	0	0	-0.000354545	0.999954
400	1	metal5	10	12	0	0	0	0.999947
401	1	metal5	20	12	0	0	0	0.999949
402	1	metal5	30	12	0	0	0	0.999951
403	1	metal5	40	12	0	0	0	0.999953
404	1	metal5	50	12	0	0	0	0.999952
405	1	metal5	60	12	0	0	0	0.999951
406	1	metal5	70	12	0	0	0	0.99995
407	1	metal5	80	12	0	0	0	0.999953
408	1	metal5	90	12	0	0	0	0.999956
409	1	metal5	100	12	0	0	0	0.999959
410	1	metal5	110	12	0	0	0	0.999956
411	1	metal5	120	12	0	0	0	0.999953
412	1	metal5	130	12	0	0	0	0.999964
413	1	metal5	140	12	0	0	0	0.999965
414	1	metal5	150	12	0	0	0	0.999968
415	1	metal5	160	12	0	0	0	0.999974
416	1	metal5	170	12	0	0	0	0.999964
417	1	metal5	180	12	0	0	0	0.999956
418	1	metal5	190	12	0	0	0	0.999965
419	1	metal5	200	12	0	0	0	0.999962
420	1	metal5	210	12	0	0	0	0.999961
421	1	metal5	220	12	0	0	0	0.999961
422	1	metal5	230	12	0	0	0	0.999953
423	1	metal5	240	12	0	0	0	0.999956
424	1	metal5	250	12	0	0	0	0.999959
425	1	metal5	260	12	0	0	0	0.999958
426	1	metal5	270	12	0	0	0	0.999957
427	1	metal5	280	12	0	0	0	0.999957
428	1	metal5	290	12	0	0	0	0.999952
429	1	metal5	300	12	0	0	0	0.999955
430	1	metal5	310	12	0	0	0	0.999957
431	1	metal5	320	12	0	0	0	0.999957
432	1	metal5	330	12	0	0	0	0.999957
433	1	metal5	340	12	0	0	0	0.999956
434	1	metal5	350	12	0	0	0	0.999953
435	1	metal5	360	12	0	0	0	0.999956
436	1	metal5	370	12	0	0	0	0.999958
437	1	metal5	380	12	0	0	0	0.999958
438	1	metal5	390	12	0	0	0	0.999957
439	1	metal5	400	12	0	0	0	0.999956
440	1	metal5	410	12	0	0	0	0.999959
441	1	metal5	420	12	0	0	0	0.999961
442	1	metal5	430	12	0	0	0	0.999961
443	1	metal5	440	12	0	0	0	0.999962
444	1	metal5	450	12	0	0	0	0.999961
445	1	metal5	460	12	0	0	0	0.999959
446	1	metal5	470	12	0	0	0	0.999963
447	1	metal5	480	12	0	0	0	0.999965
448	1	metal5	490	12	0	0	0	0.999965
449	1	metal5	500	12	0	0	0	0.999965
450	1	metal5	510	12	0	0	0	0.999962
451	1	metal5	520	12	0	0	0	0.999966
452	1	metal5	530	12	0	0	0	0.999969
453	1	metal5	540	12	0	0	0	0.99997
454	1	metal5	550	12	0	0	0	0.999969
455	1	metal5	560	12	0	0	0	0.999967
456	1	metal5	570	12	0	0	0	0.999962
457	1	metal5	580	12	0	0	0	0.999966
458	1	metal5	590	12	0	0	0	0.999967
459	1	metal5	600	12	0	0	0	0.999967
460	1	metal5	610	12	0	0	0	0.999965
461	1	metal5	620	12	0	0	0	0.999962
462	1	metal5	630	12	0	0	0	0.999958
463	1	metal5	640	12	0	0	0	0.999961
464	1	metal5	650	12	0	0	0	0.999961
465	1	metal5	660	12	0	0	0	0.99996
466	1	metal5	670	12	0	0	0	0.999958
467	1	metal5	680	12	0	0	0	0.999954
468	1	metal5	690	12	0	0	0	0.999957
469	1	metal5	700	12	0	0	0	0.999958
470	1	metal5	710	12	0	0	0	0.999957
471	1	metal5	720	12	0	0	0	0.999957
472	1	metal5	730	12	0	0	0	0.999955
473	1	metal5	740	12	0	0	0	0.999952
474	1	metal5	750	12	0	0	0	0.999954
475	1	metal5	760	12	0	0	0	0.999955
476	1	metal5	770	12	0	0	0	0.999955
477	1	metal5	780	12	0	0	0	0.999954
478	1	metal5	790	12	0	0	0	0.999952
479	1	metal5	800	12	0	0	0	0.999954
480	1	metal5	810	12	0	0	0	0.999955
481	1	metal5	820	12	0	0	0	0.999956
482	1	metal5	830	12	0	0	0	0.999955
483	1	metal5	840	12	0	0	0	0.999954
484	1	metal5	850	12	0	0	0	0.999953
485	1	metal5	860	12	0	0	0	0.999955
486	1	metal5	870	12	0	0	0	0.999957
487	1	metal5	880	12	0	0	0	0.999959
488	1	metal5	890	12	0	0	0	0.999958
489	1	metal5	900	12	0	0	0	0.999957
490	1	metal5	910	12	0	0	0	0.999956
491	1	metal5	920	12	0	0	0	0.999959
492	1	metal5	930	12	0	0	0	0.999962
493	1	metal5	940	12	0	0	0	0.999967
494	1	metal5	950	12	0	0	0	0.999962
495	1	metal5	960	12	0	0	0	0.999957
496	1	metal5	970	12	0	0	0	0.999971
497	1	metal5	980	12	0	0	0	0.999968
498	1	metal5	990	12	0	0	0	0.999967
499	1	metal5	1000	12	0	0	0	0.999968
500	1	metal5	1010	12	0	0	0	0.999961
501	1	metal5	1020	12	0	0	0	0.999954
502	1	metal5	1030	12	0	0	0	0.99996
503	1	metal5	1040	12	0	0	0	0.999959
504	1	metal5	1050	12	0	0	0	0.999958
505	1	metal5	1060	12	0	0	0	0.999958
506	1	metal5	1070	12	0	0	0	0.999951
507	1	metal5	1080	12	0	0	0	0.999955
508	1	metal5	1090	12	0	0	0	0.999959
509	1	metal5	10	22	0	0	0	0.99995
510	1	metal5	20	22	0	0	0	0.99995
511	1	metal5	30	22	0	0	0	0.999951
512	1	metal5	40	22	0	0	0	0.999952
513	1	metal5	50	22	0	0	0	0.999952
514	1	metal5	60	22	0	0	0	0.999952
515	1	metal5	70	22	0	0	0	0.999953
516	1	metal5	80	22	0	0	0	0.999954
517	1	metal5	90	22	0	0	0	0.999955
518	1	metal5	100	22	0	0	0	0.999957
519	1	metal5	110	22	0	0	0	0.999957
520	1	metal5	120	22	0	0	0	0.999958
521	1	metal5	130	22	0	0	0	0.999962
522	1	metal5	140	22	0	0	0	0.999963
523	1	metal5	150	22	0	0	0	0.999964
524	1	metal5	160	22	0	0	0	0.999967
525	1	metal5	170	22	0	0	0	0.999963
526	1	metal5	180	22	0	0	0	0.999961
527	1	metal5	190	22	0	0	0	0.999963
528	1	metal5	200	22	0	0	0	0.999961
529	1	metal5	210	22	0	0	0	0.99996
530	1	metal5	220	22	0	0	0	0.99996
531	1	metal5	230	22	0	0	0	0.999958
532	1	metal5	240	22	0	0	0	0.999957
533	1	metal5	250	22	0	0	0	0.999958
534	1	metal5	260	22	0	0	0	0.999957
535	1	metal5	270	22	0	0	0	0.999957
536	1	metal5	280	22	0	0	0	0.999957
537	1	metal5	290	22	0	0	0	0.999956
538	1	metal5	300	22	0	0	0	0.999956
539	1	metal5	310	22	0	0	0	0.999957
540	1	metal5	320	22	0	0	0	0.999957
541	1	metal5	330	22	0	0	0	0.999957
542	1	metal5	340	22	0	0	0	0.999957
543	1	metal5	350	22	0	0	0	0.999957
544	1	metal5	360	22	0	0	0	0.999957
545	1	metal5	370	22	0	0	0	0.999958
546	1	metal5	380	22	0	0	0	0.999959
547	1	metal5	390	22	0	0	0	0.999959
548	1	metal5	400	22	0	0	0	0.99996
549	1	metal5	410	22	0	0	0	0.999961
550	1	metal5	420	22	0	0	0	0.999962
551	1	metal5	430	22	0	0	0	0.999963
552	1	metal5	440	22	0	0	0	0.999963
553	1	metal5	450	22	0	0	0	0.999964
554	1	metal5	460	22	0	0	0	0.999965
555	1	metal5	470	22	0	0	0	0.999966
556	1	metal5	480	22	0	0	0	0.999967
557	1	metal5	490	22	0	0	0	0.999968
558	1	metal5	500	22	0	0	0	0.999968
559	1	metal5	510	22	0	0	0	0.999969
560	1	metal5	520	22	0	0	0	0.999971
561	1	metal5	530	22	0	0	0	0.999972
562	1	metal5	540	22	0	0	0	0.999973
563	1	metal5	550	22	0	0	0	0.999973
564	1	metal5	560	22	0	0	0	0.999972
565	1	metal5	570	22	0	0	0	0.999971
566	1	metal5	580	22	0	0	0	0.99997
567	1	metal5	590	22	0	0	0	0.99997
568	1	metal5	600	22	0	0	0	0.999969
569	1	metal5	610	22	0	0	0	0.999967
570	1	metal5	620	22	0	0	0	0.999966
571	1	metal5	630	22	0	0	0	0.999964
572	1	metal5	640	22	0	0	0	0.999964
573	1	metal5	650	22	0	0	0	0.999963
574	1	metal5	660	22	0	0	0	0.999962
575	1	metal5	670	22	0	0	0	0.999961
576	1	metal5	680	22	0	0	0	0.999959
577	1	metal5	690	22	0	0	0	0.999959
578	1	metal5	700	22	0	0	0	0.999959
579	1	metal5	710	22	0	0	0	0.999958
580	1	metal5	720	22	0	0	0	0.999957
581	1	metal5	730	22	0	0	0	0.999957
582	1	metal5	740	22	0	0	0	0.999956
583	1	metal5	750	22	0	0	0	0.999955
584	1	metal5	760	22	0	0	0	0.999956
585	1	metal5	770	22	0	0	0	0.999955
586	1	metal5	780	22	0	0	0	0.999955
587	1	metal5	790	22	0	0	0	0.999955
588	1	metal5	800	22	0	0	0	0.999955
589	1	metal5	810	22	0	0	0	0.999955
590	1	metal5	820	22	0	0	0	0.999955
591	1	metal5	830	22	0	0	0	0.999955
592	1	metal5	840	22	0	0	0	0.999955
593	1	metal5	850	22	0	0	0	0.999955
594	1	metal5	860	22	0	0	0	0.999956
595	1	metal5	870	22	0	0	0	0.999956
596	1	metal5	880	22	0	0	0	0.999957
597	1	metal5	890	22	0	0	0	0.999957
598	1	metal5	900	22	0	0	0	0.999958
599	1	metal5	910	22	0	0	0	0.999959
600	1	metal5	920	22	0	0	0	0.99996
601	1	metal5	930	22	0	0	0	0.999961
602	1	metal5	940	22	0	0	0	0.999963
603	1	metal5	950	22	0	0	0	0.999962
604	1	metal5	960	22	0	0	0	0.999963
605	1	metal5	970	22	0	0	0	0.999966
606	1	metal5	980	22	0	0	0	0.999965
607	1	metal5	990	22	0	0	0	0.999964
608	1	metal5	1000	22	0	0	0	0.999964
609	1	metal5	1010	22	0	0	0	0.999961
610	1	metal5	1020	22	0	0	0	0.999959
611	1	metal5	1030	22	0	0	0	0.999959
612	1	metal5	1040	22	0	0	0	0.999958
613	1	metal5	1050	22	0	0	0	0.999957
614	1	metal5	1060	22	0	0	0	0.999957
615	1	metal5	1070	22	0	0	0	0.999956
616	1	metal5	1080	22	0	0	0	0.999956
617	1	metal5	1090	22	0	0	0	0.999957
618	1	metal5	10	32	0	0	0	0.99995
619	1	metal5	20	32	0	0	0	0.99995
620	1	metal5	30	32	0	0	0	0.99995
621	1	metal5	40	32	0	0	0	0.999951
622	1	metal5	50	32	0	0	0	0.999951
623	1	metal5	60	32	0	0	0	0.999951
624	1	metal5	70	32	0	0	0	0.999952
625	1	metal5	80	32	0	0	0	0.999953
626	1	metal5	90	32	0	0	0	0.999954
627	1	metal5	100	32	0	0	0	0.999955
628	1	metal5	110	32	0	0	0	0.999955
629	1	metal5	120	32	0	0	0	0.999956
630	1	metal5	130	32	0	0	0	0.999958
631	1	metal5	140	32	0	0	0	0.999959
632	1	metal5	150	32	0	0	0	0.99996
633	1	metal5	160	32	0	0	0	0.999961
634	1	metal5	170	32	0	0	0	0.99996
635	1	metal5	180	32	0	0	0	0.999959
636	1	metal5	190	32	0	0	0	0.99996
637	1	metal5	200	32	0	0	0	0.999959
638	1	metal5	210	32	0	0	0	0.999958
639	1	metal5	220	32	0	0	0	0.999958
640	1	metal5	230	32	0	0	0	0.999957
641	1	metal5	240	32	0	0	0	0.999957
642	1	metal5	250	32	0	0	0	0.999957
643	1	metal5	260	32	0	0	0	0.999957
644	1	metal5	270	32	0	0	0	0.999956
645	1	metal5	280	32	0	0	0	0.999956
646	1	metal5	290	32	0	0	0	0.999956
647	1	metal5	300	32	0	0	0	0.999956
648	1	metal5	310	32	0	0	0	0.999957
649	1	metal5	320	32	0	0	0	0.999957
650	1	metal5	330	32	0	0	0	0.999957
651	1	metal5	340	32	0	0	0	0.999957
652	1	metal5	350	32	0	0	0	0.999957
653	1	metal5	360	32	0	0	0	0.999958
654	1	metal5	370	32	0	0	0	0.999959
655	1	metal5	380	32	0	0	0	0.999959
656	1	metal5	390	32	0	0	0	0.99996
657	1	metal5	400	32	0	0	0	0.999961
658	1	metal5	410	32	0	0	0	0.999961
659	1	metal5	420	32	0	0	0	0.999962
660	1	metal5	430	32	0	0	0	0.999964
661	1	metal5	440	32	0	0	0	0.999964
662	1	metal5	450	32	0	0	0	0.999965
663	1	metal5	460	32	0	0	0	0.999967
664	1	metal5	470	32	0	0	0	0.999968
665	1	metal5	480	32	0	0	0	0.999969
666	1	metal5	490	32	0	0	0	0.99997
667	1	metal5	500	32	0	0	0	0.999971
668	1	metal5	510	32	0	0	0	0.999972
669	1	metal5	520	32	0	0	0	0.999974
670	1	metal5	530	32	0	0	0	0.999975
671	1	metal5	540	32	0	0	0	0.999976
672	1	metal5	550	32	0	0	0	0.999977
673	1	metal5	560	32	0	0	0	0.999976
674	1	metal5	570	32	0	0	0	0.999974
675	1	metal5	580	32	0	0	0	0.999974
676	1	metal5	590	32	0	0	0	0.999972
677	1	metal5	600	32	0	0	0	0.999971
678	1	metal5	610	32	0	0	0	0.99997
679	1	metal5	620	32	0	0	0	0.999968
680	1	metal5	630	32	0	0	0	0.999966
681	1	metal5	640	32	0	0	0	0.999965
682	1	metal5	650	32	0	0	0	0.999964
683	1	metal5	660	32	0	0	0	0.999963
684	1	metal5	670	32	0	0	0	0.999962
685	1	metal5	680	32	0	0	0	0.99996
686	1	metal5	690	32	0	0	0	0.99996
687	1	metal5	700	32	0	0	0	0.999959
688	1	metal5	710	32	0	0	0	0.999959
689	1	metal5	720	32	0	0	0	0.999958
690	1	metal5	730	32	0	0	0	0.999957
691	1	metal5	740	32	0	0	0	0.999956
692	1	metal5	750	32	0	0	0	0.999956
693	1	metal5	760	32	0	0	0	0.999956
694	1	metal5	770	32	0	0	0	0.999955
695	1	metal5	780	32	0	0	0	0.999955
696	1	metal5	790	32	0	0	0	0.999955
697	1	metal5	800	32	0	0	0	0.999955
698	1	metal5	810	32	0	0	0	0.999955
699	1	metal5	820	32	0	0	0	0.999955
700	1	metal5	830	32	0	0	0	0.999955
701	1	metal5	840	32	0	0	0	0.999955
702	1	metal5	850	32	0	0	0	0.999955
703	1	metal5	860	32	0	0	0	0.999955
704	1	metal5	870	32	0	0	0	0.999956
705	1	metal5	880	32	0	0	0	0.999956
706	1	metal5	890	32	0	0	0	0.999956
707	1	metal5	900	32	0	0	0	0.999957
708	1	metal5	910	32	0	0	0	0.999958
709	1	metal5	920	32	0	0	0	0.999958
710	1	metal5	930	32	0	0	0	0.999959
711	1	metal5	940	32	0	0	0	0.99996
712	1	metal5	950	32	0	0	0	0.99996
713	1	metal5	960	32	0	0	0	0.99996
714	1	metal5	970	32	0	0	0	0.999962
715	1	metal5	980	32	0	0	0	0.999961
716	1	metal5	990	32	0	0	0	0.999961
717	1	metal5	1000	32	0	0	0	0.99996
718	1	metal5	1010	32	0	0	0	0.999959
719	1	metal5	1020	32	0	0	0	0.999958
720	1	metal5	1030	32	0	0	0	0.999957
721	1	metal5	1040	32	0	0	0	0.999957
722	1	metal5	1050	32	0	0	0	0.999956
723	1	metal5	1060	32	0	0	0	0.999956
724	1	metal5	1070	32	0	0	0	0.999955
725	1	metal5	1080	32	0	0	0	0.999955
726	1	metal5	1090	32	0	0	0	0.999956
727	1	metal5	10	42	0	0	0	0.99995
728	1	metal5	20	42	0	0	0	0.999949
729	1	metal5	30	42	0	0	0	0.99995
730	1	metal5	40	42	0	0	0	0.99995
731	1	metal5	50	42	0	0	0	0.99995
732	1	metal5	60	42	0	0	0	0.999951
733	1	metal5	70	42	0	0	0	0.999951
734	1	metal5	80	42	0	0	0	0.999952
735	1	metal5	90	42	0	0	0	0.999952
736	1	metal5	100	42	0	0	0	0.999953
737	1	metal5	110	42	0	0	0	0.999954
738	1	metal5	120	42	0	0	0	0.999954
739	1	metal5	130	42	0	0	0	0.999956
740	1	metal5	140	42	0	0	0	0.999956
741	1	metal5	150	42	0	0	0	0.999957
742	1	metal5	160	42	0	0	0	0.999957
743	1	metal5	170	42	0	0	0	0.999957
744	1	metal5	180	42	0	0	0	0.999957
745	1	metal5	190	42	0	0	0	0.999957
746	1	metal5	200	42	0	0	0	0.999957
747	1	metal5	210	42	0	0	0	0.999956
748	1	metal5	220	42	0	0	0	0.999956
749	1	metal5	230	42	0	0	0	0.999956
750	1	metal5	240	42	0	0	0	0.999956
751	1	metal5	250	42	0	0	0	0.999956
752	1	metal5	260	42	0	0	0	0.999956
753	1	metal5	270	42	0	0	0	0.999956
754	1	metal5	280	42	0	0	0	0.999956
755	1	metal5	290	42	0	0	0	0.999956
756	1	metal5	300	42	0	0	0	0.999956
757	1	metal5	310	42	0	0	0	0.999957
758	1	metal5	320	42	0	0	0	0.999957
759	1	metal5	330	42	0	0	0	0.999957
760	1	metal5	340	42	0	0	0	0.999958
761	1	metal5	350	42	0	0	0	0.999958
762	1	metal5	360	42	0	0	0	0.999958
763	1	metal5	370	42	0	0	0	0.999959
764	1	metal5	380	42	0	0	0	0.99996
765	1	metal5	390	42	0	0	0	0.99996
766	1	metal5	400	42	0	0	0	0.999962
767	1	metal5	410	42	0	0	0	0.999962
768	1	metal5	420	42	0	0	0	0.999963
769	1	metal5	430	42	0	0	0	0.999965
770	1	metal5	440	42	0	0	0	0.999965
771	1	metal5	450	42	0	0	0	0.999967
772	1	metal5	460	42	0	0	0	0.999968
773	1	metal5	470	42	0	0	0	0.999969
774	1	metal5	480	42	0	0	0	0.999971
775	1	metal5	490	42	0	0	0	0.999973
776	1	metal5	500	42	0	0	0	0.999973
777	1	metal5	510	42	0	0	0	0.999975
778	1	metal5	520	42	0	0	0	0.999979
779	1	metal5	530	42	0	0	0	0.999979
780	1	metal5	540	42	0	0	0	0.99998
781	1	metal5	550	42	0	0	0	0.999983
782	1	metal5	560	42	0	0	0	0.99998
783	1	metal5	570	42	0	0	0	0.999978
784	1	metal5	580	42	0	0	0	0.999978
785	1	metal5	590	42	0	0	0	0.999975
786	1	metal5	600	42	0	0	0	0.999973
787	1	metal5	610	42	0	0	0	0.999973
788	1	metal5	620	42	0	0	0	0.99997
789	1	metal5	630	42	0	0	0	0.999968
790	1	metal5	640	42	0	0	0	0.999967
791	1	metal5	650	42	0	0	0	0.999965
792	1	metal5	660	42	0	0	0	0.999964
793	1	metal5	670	42	0	0	0	0.999963
794	1	metal5	680	42	0	0	0	0.999961
795	1	metal5	690	42	0	0	0	0.999961
796	1	metal5	700	42	0	0	0	0.99996
797	1	metal5	710	42	0	0	0	0.999959
798	1	metal5	720	42	0	0	0	0.999958
799	1	metal5	730	42	0	0	0	0.999958
800	1	metal5	740	42	0	0	0	0.999957
801	1	metal5	750	42	0	0	0	0.999956
802	1	metal5	760	42	0	0	0	0.999956
803	1	metal5	770	42	0	0	0	0.999956
804	1	metal5	780	42	0	0	0	0.999955
805	1	metal5	790	42	0	0	0	0.999955
806	1	metal5	800	42	0	0	0	0.999955
807	1	metal5	810	42	0	0	0	0.999955
808	1	metal5	820	42	0	0	0	0.999955
809	1	metal5	830	42	0	0	0	0.999955
810	1	metal5	840	42	0	0	0	0.999955
811	1	metal5	850	42	0	0	0	0.999955
812	1	metal5	860	42	0	0	0	0.999955
813	1	metal5	870	42	0	0	0	0.999955
814	1	metal5	880	42	0	0	0	0.999955
815	1	metal5	890	42	0	0	0	0.999955
816	1	metal5	900	42	0	0	0	0.999956
817	1	metal5	910	42	0	0	0	0.999956
818	1	metal5	920	42	0	0	0	0.999956
819	1	metal5	930	42	0	0	0	0.999957
820	1	metal5	940	42	0	0	0	0.999957
821	1	metal5	950	42	0	0	0	0.999957
822	1	metal5	960	42	0	0	0	0.999958
823	1	metal5	970	42	0	0	0	0.999958
824	1	metal5	980	42	0	0	0	0.999958
825	1	metal5	990	42	0	0	0	0.999958
826	1	metal5	1000	42	0	0	0	0.999957
827	1	metal5	1010	42	0	0	0	0.999956
828	1	metal5	1020	42	0	0	0	0.999956
829	1	metal5	1030	42	0	0	0	0.999956
830	1	metal5	1040	42	0	0	0	0.999955
831	1	metal5	1050	42	0	0	0	0.999955
832	1	metal5	1060	42	0	0	0	0.999954
833	1	metal5	1070	42	0	0	0	0.999954
834	1	metal5	1080	42	0	0	0	0.999954
835	1	metal5	1090	42	0	0	0	0.999954
836	1	metal5	10	52	0	0	0	0.999948
837	1	metal5	20	52	0	0	0	0.999948
838	1	metal5	30	52	0	0	0	0.999949
839	1	metal5	40	52	0	0	0	0.999949
840	1	metal5	50	52	0	0	0	0.999949
841	1	metal5	60	52	0	0	0	0.999949
842	1	metal5	70	52	0	0	0	0.99995
843	1	metal5	80	52	0	0	0	0.99995
844	1	metal5	90	52	0	0	0	0.999951
845	1	metal5	100	52	0	0	0	0.999951
846	1	metal5	110	52	0	0	0	0.999952
847	1	metal5	120	52	0	0	0	0.999952
848	1	metal5	130	52	0	0	0	0.999953
849	1	metal5	140	52	0	0	0	0.999954
850	1	metal5	150	52	0	0	0	0.999955
851	1	metal5	160	52	0	0	0	0.999955
852	1	metal5	170	52	0	0	0	0.999955
853	1	metal5	180	52	0	0	0	0.999955
854	1	metal5	190	52	0	0	0	0.999955
855	1	metal5	200	52	0	0	0	0.999955
856	1	metal5	210	52	0	0	0	0.999955
857	1	metal5	220	52	0	0	0	0.999954
858	1	metal5	230	52	0	0	0	0.999954
859	1	metal5	240	52	0	0	0	0.999954
860	1	metal5	250	52	0	0	0	0.999955
861	1	metal5	260	52	0	0	0	0.999955
862	1	metal5	270	52	0	0	0	0.999955
863	1	metal5	280	52	0	0	0	0.999955
864	1	metal5	290	52	0	0	0	0.999955
865	1	metal5	300	52	0	0	0	0.999955
866	1	metal5	310	52	0	0	0	0.999956
867	1	metal5	320	52	0	0	0	0.999956
868	1	metal5	330	52	0	0	0	0.999956
869	1	metal5	340	52	0	0	0	0.999957
870	1	metal5	350	52	0	0	0	0.999957
871	1	metal5	360	52	0	0	0	0.999958
872	1	metal5	370	52	0	0	0	0.999959
873	1	metal5	380	52	0	0	0	0.999959
874	1	metal5	390	52	0	0	0	0.99996
875	1	metal5	400	52	0	0	0	0.999961
876	1	metal5	410	52	0	0	0	0.999962
877	1	metal5	420	52	0	0	0	0.999963
878	1	metal5	430	52	0	0	0	0.999965
879	1	metal5	440	52	0	0	0	0.999965
880	1	metal5	450	52	0	0	0	0.999967
881	1	metal5	460	52	0	0	0	0.999968
882	1	metal5	470	52	0	0	0	0.999969
883	1	metal5	480	52	0	0	0	0.999971
884	1	metal5	490	52	0	0	0	0.999973
885	1	metal5	500	52	0	0	0	0.999974
886	1	metal5	510	52	0	0	0	0.999975
887	1	metal5	520	52	0	0	0	0.999978
888	1	metal5	530	52	0	0	0	0.999979
889	1	metal5	540	52	0	0	0	0.99998
890	1	metal5	550	52	0	0	0	0.999982
891	1	metal5	560	52	0	0	0	0.999979
892	1	metal5	570	52	0	0	0	0.999978
893	1	metal5	580	52	0	0	0	0.999978
894	1	metal5	590	52	0	0	0	0.999975
895	1	metal5	600	52	0	0	0	0.999974
896	1	metal5	610	52	0	0	0	0.999972
897	1	metal5	620	52	0	0	0	0.99997
898	1	metal5	630	52	0	0	0	0.999968
899	1	metal5	640	52	0	0	0	0.999967
900	1	metal5	650	52	0	0	0	0.999965
901	1	metal5	660	52	0	0	0	0.999964
902	1	metal5	670	52	0	0	0	0.999963
903	1	metal5	680	52	0	0	0	0.999961
904	1	metal5	690	52	0	0	0	0.99996
905	1	metal5	700	52	0	0	0	0.99996
906	1	metal5	710	52	0	0	0	0.999959
907	1	metal5	720	52	0	0	0	0.999958
908	1	metal5	730	52	0	0	0	0.999958
909	1	metal5	740	52	0	0	0	0.999957
910	1	metal5	750	52	0	0	0	0.999956
911	1	metal5	760	52	0	0	0	0.999956
912	1	metal5	770	52	0	0	0	0.999955
913	1	metal5	780	52	0	0	0	0.999955
914	1	metal5	790	52	0	0	0	0.999955
915	1	metal5	800	52	0	0	0	0.999954
916	1	metal5	810	52	0	0	0	0.999954
917	1	metal5	820	52	0	0	0	0.999954
918	1	metal5	830	52	0	0	0	0.999954
919	1	metal5	840	52	0	0	0	0.999954
920	1	metal5	850	52	0	0	0	0.999954
921	1	metal5	860	52	0	0	0	0.999954
922	1	metal5	870	52	0	0	0	0.999954
923	1	metal5	880	52	0	0	0	0.999954
924	1	metal5	890	52	0	0	0	0.999954
925	1	metal5	900	52	0	0	0	0.999954
926	1	metal5	910	52	0	0	0	0.999954
927	1	metal5	920	52	0	0	0	0.999955
928	1	metal5	930	52	0	0	0	0.999955
929	1	metal5	940	52	0	0	0	0.999955
930	1	metal5	950	52	0	0	0	0.999955
931	1	metal5	960	52	0	0	0	0.999955
932	1	metal5	970	52	0	0	0	0.999955
933	1	metal5	980	52	0	0	0	0.999956
934	1	metal5	990	52	0	0	0	0.999955
935	1	metal5	1000	52	0	0	0	0.999955
936	1	metal5	1010	52	0	0	0	0.999954
937	1	metal5	1020	52	0	0	0	0.999954
938	1	metal5	1030	52	0	0	0	0.999954
939	1	metal5	1040	52	0	0	0	0.999953
940	1	metal5	1050	52	0	0	0	0.999953
941	1	metal5	1060	52	0	0	0	0.999953
942	1	metal5	1070	52	0	0	0	0.999952
943	1	metal5	1080	52	0	0	0	0.999952
944	1	metal5	1090	52	0	0	0	0.999953
945	1	metal5	10	62	0	0	0	0.999947
946	1	metal5	20	62	0	0	0	0.999947
947	1	metal5	30	62	0	0	0	0.999947
948	1	metal5	40	62	0	0	0	0.999948
949	1	metal5	50	62	0	0	0	0.999948
950	1	metal5	60	62	0	0	0	0.999948
951	1	metal5	70	62	0	0	0	0.999948
952	1	metal5	80	62	0	0	0	0.999949
953	1	metal5	90	62	0	0	0	0.999949
954	1	metal5	100	62	0	0	0	0.99995
955	1	metal5	110	62	0	0	0	0.99995
956	1	metal5	120	62	0	0	0	0.99995
957	1	metal5	130	62	0	0	0	0.999951
958	1	metal5	140	62	0	0	0	0.999952
959	1	metal5	150	62	0	0	0	0.999952
960	1	metal5	160	62	0	0	0	0.999952
961	1	metal5	170	62	0	0	0	0.999952
962	1	metal5	180	62	0	0	0	0.999952
963	1	metal5	190	62	0	0	0	0.999952
964	1	metal5	200	62	0	0	0	0.999953
965	1	metal5	210	62	0	0	0	0.999953
966	1	metal5	220	62	0	0	0	0.999953
967	1	metal5	230	62	0	0	0	0.999953
968	1	metal5	240	62	0	0	0	0.999953
969	1	metal5	250	62	0	0	0	0.999953
970	1	metal5	260	62	0	0	0	0.999954
971	1	metal5	270	62	0	0	0	0.999954
972	1	metal5	280	62	0	0	0	0.999954
973	1	metal5	290	62	0	0	0	0.999954
974	1	metal5	300	62	0	0	0	0.999954
975	1	metal5	310	62	0	0	0	0.999955
976	1	metal5	320	62	0	0	0	0.999956
977	1	metal5	330	62	0	0	0	0.999956
978	1	metal5	340	62	0	0	0	0.999956
979	1	metal5	350	62	0	0	0	0.999957
980	1	metal5	360	62	0	0	0	0.999957
981	1	metal5	370	62	0	0	0	0.999958
982	1	metal5	380	62	0	0	0	0.999959
983	1	metal5	390	62	0	0	0	0.99996
984	1	metal5	400	62	0	0	0	0.999961
985	1	metal5	410	62	0	0	0	0.999962
986	1	metal5	420	62	0	0	0	0.999963
987	1	metal5	430	62	0	0	0	0.999965
988	1	metal5	440	62	0	0	0	0.999965
989	1	metal5	450	62	0	0	0	0.999966
990	1	metal5	460	62	0	0	0	0.999968
991	1	metal5	470	62	0	0	0	0.999969
992	1	metal5	480	62	0	0	0	0.999971
993	1	metal5	490	62	0	0	0	0.999973
994	1	metal5	500	62	0	0	0	0.999973
995	1	metal5	510	62	0	0	0	0.999975
996	1	metal5	520	62	0	0	0	0.999978
997	1	metal5	530	62	0	0	0	0.999979
998	1	metal5	540	62	0	0	0	0.999981
999	1	metal5	550	62	0	0	0	0.999982
1000	1	metal5	560	62	0	0	0	0.999979
1001	1	metal5	570	62	0	0	0	0.999977
1002	1	metal5	580	62	0	0	0	0.999977
1003	1	metal5	590	62	0	0	0	0.999976
1004	1	metal5	600	62	0	0	0	0.999974
1005	1	metal5	610	62	0	0	0	0.999973
1006	1	metal5	620	62	0	0	0	0.99997
1007	1	metal5	630	62	0	0	0	0.999968
1008	1	metal5	640	62	0	0	0	0.999967
1009	1	metal5	650	62	0	0	0	0.999965
1010	1	metal5	660	62	0	0	0	0.999964
1011	1	metal5	670	62	0	0	0	0.999963
1012	1	metal5	680	62	0	0	0	0.999961
1013	1	metal5	690	62	0	0	0	0.99996
1014	1	metal5	700	62	0	0	0	0.99996
1015	1	metal5	710	62	0	0	0	0.999959
1016	1	metal5	720	62	0	0	0	0.999958
1017	1	metal5	730	62	0	0	0	0.999957
1018	1	metal5	740	62	0	0	0	0.999956
1019	1	metal5	750	62	0	0	0	0.999956
1020	1	metal5	760	62	0	0	0	0.999955
1021	1	metal5	770	62	0	0	0	0.999955
1022	1	metal5	780	62	0	0	0	0.999954
1023	1	metal5	790	62	0	0	0	0.999954
1024	1	metal5	800	62	0	0	0	0.999954
1025	1	metal5	810	62	0	0	0	0.999954
1026	1	metal5	820	62	0	0	0	0.999954
1027	1	metal5	830	62	0	0	0	0.999953
1028	1	metal5	840	62	0	0	0	0.999953
1029	1	metal5	850	62	0	0	0	0.999953
1030	1	metal5	860	62	0	0	0	0.999953
1031	1	metal5	870	62	0	0	0	0.999953
1032	1	metal5	880	62	0	0	0	0.999953
1033	1	metal5	890	62	0	0	0	0.999953
1034	1	metal5	900	62	0	0	0	0.999953
1035	1	metal5	910	62	0	0	0	0.999953
1036	1	metal5	920	62	0	0	0	0.999953
1037	1	metal5	930	62	0	0	0	0.999953
1038	1	metal5	940	62	0	0	0	0.999953
1039	1	metal5	950	62	0	0	0	0.999953
1040	1	metal5	960	62	0	0	0	0.999953
1041	1	metal5	970	62	0	0	0	0.999953
1042	1	metal5	980	62	0	0	0	0.999953
1043	1	metal5	990	62	0	0	0	0.999953
1044	1	metal5	1000	62	0	0	0	0.999953
1045	1	metal5	1010	62	0	0	0	0.999952
1046	1	metal5	1020	62	0	0	0	0.999952
1047	1	metal5	1030	62	0	0	0	0.999952
1048	1	metal5	1040	62	0	0	0	0.999951
1049	1	metal5	1050	62	0	0	0	0.999951
1050	1	metal5	1060	62	0	0	0	0.999951
1051	1	metal5	1070	62	0	0	0	0.99995
1052	1	metal5	1080	62	0	0	0	0.999951
1053	1	metal5	1090	62	0	0	0	0.999951
1054	1	metal5	10	72	0	0	0	0.999943
1055	1	metal5	20	72	0	0	0	0.999945
1056	1	metal5	30	72	0	0	0	0.999946
1057	1	metal5	40	72	0	0	0	0.999946
1058	1	metal5	50	72	0	0	0	0.999946
1059	1	metal5	60	72	0	0	0	0.999946
1060	1	metal5	70	72	0	0	0	0.999944
1061	1	metal5	80	72	0	0	0	0.999946
1062	1	metal5	90	72	0	0	0	0.999947
1063	1	metal5	100	72	0	0	0	0.999948
1064	1	metal5	110	72	0	0	0	0.999947
1065	1	metal5	120	72	0	0	0	0.999945
1066	1	metal5	130	72	0	0	0	0.999948
1067	1	metal5	140	72	0	0	0	0.99995
1068	1	metal5	150	72	0	0	0	0.99995
1069	1	metal5	160	72	0	0	0	0.99995
1070	1	metal5	170	72	0	0	0	0.999949
1071	1	metal5	180	72	0	0	0	0.999947
1072	1	metal5	190	72	0	0	0	0.99995
1073	1	metal5	200	72	0	0	0	0.999951
1074	1	metal5	210	72	0	0	0	0.999951
1075	1	metal5	220	72	0	0	0	0.99995
1076	1	metal5	230	72	0	0	0	0.999948
1077	1	metal5	240	72	0	0	0	0.999951
1078	1	metal5	250	72	0	0	0	0.999952
1079	1	metal5	260	72	0	0	0	0.999952
1080	1	metal5	270	72	0	0	0	0.999953
1081	1	metal5	280	72	0	0	0	0.999952
1082	1	metal5	290	72	0	0	0	0.99995
1083	1	metal5	300	72	0	0	0	0.999953
1084	1	metal5	310	72	0	0	0	0.999954
1085	1	metal5	320	72	0	0	0	0.999955
1086	1	metal5	330	72	0	0	0	0.999955
1087	1	metal5	340	72	0	0	0	0.999955
1088	1	metal5	350	72	0	0	0	0.999953
1089	1	metal5	360	72	0	0	0	0.999956
1090	1	metal5	370	72	0	0	0	0.999958
1091	1	metal5	380	72	0	0	0	0.999958
1092	1	metal5	390	72	0	0	0	0.999958
1093	1	metal5	400	72	0	0	0	0.999957
1094	1	metal5	410	72	0	0	0	0.999961
1095	1	metal5	420	72	0	0	0	0.999963
1096	1	metal5	430	72	0	0	0	0.999964
1097	1	metal5	440	72	0	0	0	0.999965
1098	1	metal5	450	72	0	0	0	0.999965
1099	1	metal5	460	72	0	0	0	0.999963
1100	1	metal5	470	72	0	0	0	0.999967
1101	1	metal5	480	72	0	0	0	0.99997
1102	1	metal5	490	72	0	0	0	0.999972
1103	1	metal5	500	72	0	0	0	0.999971
1104	1	metal5	510	72	0	0	0	0.999967
1105	1	metal5	520	72	0	0	0	0.999977
1106	1	metal5	530	72	0	0	0	0.999979
1107	1	metal5	540	72	0	0	0	0.999981
1108	1	metal5	550	72	0	0	0	0.999984
1109	1	metal5	560	72	0	0	0	0.999977
1110	1	metal5	570	72	0	0	0	0.999968
1111	1	metal5	580	72	0	0	0	0.999976
1112	1	metal5	590	72	0	0	0	0.999975
1113	1	metal5	600	72	0	0	0	0.999974
1114	1	metal5	610	72	0	0	0	0.999973
1115	1	metal5	620	72	0	0	0	0.999968
1116	1	metal5	630	72	0	0	0	0.999961
1117	1	metal5	640	72	0	0	0	0.999965
1118	1	metal5	650	72	0	0	0	0.999964
1119	1	metal5	660	72	0	0	0	0.999963
1120	1	metal5	670	72	0	0	0	0.999961
1121	1	metal5	680	72	0	0	0	0.999955
1122	1	metal5	690	72	0	0	0	0.999958
1123	1	metal5	700	72	0	0	0	0.999959
1124	1	metal5	710	72	0	0	0	0.999959
1125	1	metal5	720	72	0	0	0	0.999958
1126	1	metal5	730	72	0	0	0	0.999956
1127	1	metal5	740	72	0	0	0	0.999953
1128	1	metal5	750	72	0	0	0	0.999954
1129	1	metal5	760	72	0	0	0	0.999955
1130	1	metal5	770	72	0	0	0	0.999954
1131	1	metal5	780	72	0	0	0	0.999953
1132	1	metal5	790	72	0	0	0	0.999951
1133	1	metal5	800	72	0	0	0	0.999953
1134	1	metal5	810	72	0	0	0	0.999953
1135	1	metal5	820	72	0	0	0	0.999953
1136	1	metal5	830	72	0	0	0	0.999952
1137	1	metal5	840	72	0	0	0	0.999952
1138	1	metal5	850	72	0	0	0	0.99995
1139	1	metal5	860	72	0	0	0	0.999951
1140	1	metal5	870	72	0	0	0	0.999952
1141	1	metal5	880	72	0	0	0	0.999952
1142	1	metal5	890	72	0	0	0	0.999951
1143	1	metal5	900	72	0	0	0	0.999951
1144	1	metal5	910	72	0	0	0	0.999949
1145	1	metal5	920	72	0	0	0	0.99995
1146	1	metal5	930	72	0	0	0	0.999951
1147	1	metal5	940	72	0	0	0	0.999951
1148	1	metal5	950	72	0	0	0	0.99995
1149	1	metal5	960	72	0	0	0	0.999947
1150	1	metal5	970	72	0	0	0	0.99995
1151	1	metal5	980	72	0	0	0	0.999951
1152	1	metal5	990	72	0	0	0	0.999951
1153	1	metal5	1000	72	0	0	0	0.99995
1154	1	metal5	1010	72	0	0	0	0.999949
1155	1	metal5	1020	72	0	0	0	0.999946
1156	1	metal5	1030	72	0	0	0	0.999949
1157	1	metal5	1040	72	0	0	0	0.999949
1158	1	metal5	1050	72	0	0	0	0.999949
1159	1	metal5	1060	72	0	0	0	0.999948
1160	1	metal5	1070	72	0	0	0	0.999946
1161	1	metal5	1080	72	0	0	0	0.999948
1162	1	metal5	1090	72	0	0	0	0.999949
1163	1	metal5	10	82	0	0	0	0.999945
1164	1	metal5	20	82	0	0	0	0.999945
1165	1	metal5	30	82	0	0	0	0.999946
1166	1	metal5	40	82	0	0	0	0.999946
1167	1	metal5	50	82	0	0	0	0.999946
1168	1	metal5	60	82	0	0	0	0.999946
1169	1	metal5	70	82	0	0	0	0.999946
1170	1	metal5	80	82	0	0	0	0.999946
1171	1	metal5	90	82	0	0	0	0.999947
1172	1	metal5	100	82	0	0	0	0.999947
1173	1	metal5	110	82	0	0	0	0.999947
1174	1	metal5	120	82	0	0	0	0.999948
1175	1	metal5	130	82	0	0	0	0.999948
1176	1	metal5	140	82	0	0	0	0.999949
1177	1	metal5	150	82	0	0	0	0.999949
1178	1	metal5	160	82	0	0	0	0.999949
1179	1	metal5	170	82	0	0	0	0.999949
1180	1	metal5	180	82	0	0	0	0.999949
1181	1	metal5	190	82	0	0	0	0.99995
1182	1	metal5	200	82	0	0	0	0.99995
1183	1	metal5	210	82	0	0	0	0.99995
1184	1	metal5	220	82	0	0	0	0.999951
1185	1	metal5	230	82	0	0	0	0.999951
1186	1	metal5	240	82	0	0	0	0.999951
1187	1	metal5	250	82	0	0	0	0.999952
1188	1	metal5	260	82	0	0	0	0.999952
1189	1	metal5	270	82	0	0	0	0.999953
1190	1	metal5	280	82	0	0	0	0.999953
1191	1	metal5	290	82	0	0	0	0.999953
1192	1	metal5	300	82	0	0	0	0.999954
1193	1	metal5	310	82	0	0	0	0.999954
1194	1	metal5	320	82	0	0	0	0.999955
1195	1	metal5	330	82	0	0	0	0.999955
1196	1	metal5	340	82	0	0	0	0.999956
1197	1	metal5	350	82	0	0	0	0.999956
1198	1	metal5	360	82	0	0	0	0.999957
1199	1	metal5	370	82	0	0	0	0.999958
1200	1	metal5	380	82	0	0	0	0.999959
1201	1	metal5	390	82	0	0	0	0.99996
1202	1	metal5	400	82	0	0	0	0.999961
1203	1	metal5	410	82	0	0	0	0.999962
1204	1	metal5	420	82	0	0	0	0.999963
1205	1	metal5	430	82	0	0	0	0.999965
1206	1	metal5	440	82	0	0	0	0.999966
1207	1	metal5	450	82	0	0	0	0.999967
1208	1	metal5	460	82	0	0	0	0.999968
1209	1	metal5	470	82	0	0	0	0.99997
1210	1	metal5	480	82	0	0	0	0.999972
1211	1	metal5	490	82	0	0	0	0.999974
1212	1	metal5	500	82	0	0	0	0.999974
1213	1	metal5	510	82	0	0	0	0.999976
1214	1	metal5	520	82	0	0	0	0.999979
1215	1	metal5	530	82	0	0	0	0.99998
1216	1	metal5	540	82	0	0	0	0.999982
1217	1	metal5	550	82	0	0	0	0.999983
1218	1	metal5	560	82	0	0	0	0.999981
1219	1	metal5	570	82	0	0	0	0.999978
1220	1	metal5	580	82	0	0	0	0.999978
1221	1	metal5	590	82	0	0	0	0.999977
1222	1	metal5	600	82	0	0	0	0.999975
1223	1	metal5	610	82	0	0	0	0.999973
1224	1	metal5	620	82	0	0	0	0.999971
1225	1	metal5	630	82	0	0	0	0.999968
1226	1	metal5	640	82	0	0	0	0.999967
1227	1	metal5	650	82	0	0	0	0.999966
1228	1	metal5	660	82	0	0	0	0.999964
1229	1	metal5	670	82	0	0	0	0.999963
1230	1	metal5	680	82	0	0	0	0.999961
1231	1	metal5	690	82	0	0	0	0.99996
1232	1	metal5	700	82	0	0	0	0.99996
1233	1	metal5	710	82	0	0	0	0.999959
1234	1	metal5	720	82	0	0	0	0.999958
1235	1	metal5	730	82	0	0	0	0.999957
1236	1	metal5	740	82	0	0	0	0.999956
1237	1	metal5	750	82	0	0	0	0.999956
1238	1	metal5	760	82	0	0	0	0.999955
1239	1	metal5	770	82	0	0	0	0.999955
1240	1	metal5	780	82	0	0	0	0.999954
1241	1	metal5	790	82	0	0	0	0.999954
1242	1	metal5	800	82	0	0	0	0.999953
1243	1	metal5	810	82	0	0	0	0.999953
1244	1	metal5	820	82	0	0	0	0.999953
1245	1	metal5	830	82	0	0	0	0.999952
1246	1	metal5	840	82	0	0	0	0.999952
1247	1	metal5	850	82	0	0	0	0.999952
1248	1	metal5	860	82	0	0	0	0.999952
1249	1	metal5	870	82	0	0	0	0.999951
1250	1	metal5	880	82	0	0	0	0.999951
1251	1	metal5	890	82	0	0	0	0.999951
1252	1	metal5	900	82	0	0	0	0.999951
1253	1	metal5	910	82	0	0	0	0.999951
1254	1	metal5	920	82	0	0	0	0.999951
1255	1	metal5	930	82	0	0	0	0.99995
1256	1	metal5	940	82	0	0	0	0.99995
1257	1	metal5	950	82	0	0	0	0.99995
1258	1	metal5	960	82	0	0	0	0.99995
1259	1	metal5	970	82	0	0	0	0.99995
1260	1	metal5	980	82	0	0	0	0.99995
1261	1	metal5	990	82	0	0	0	0.99995
1262	1	metal5	1000	82	0	0	0	0.99995
1263	1	metal5	1010	82	0	0	0	0.999949
1264	1	metal5	1020	82	0	0	0	0.999949
1265	1	metal5	1030	82	0	0	0	0.999949
1266	1	metal5	1040	82	0	0	0	0.999949
1267	1	metal5	1050	82	0	0	0	0.999949
1268	1	metal5	1060	82	0	0	0	0.999948
1269	1	metal5	1070	82	0	0	0	0.999948
1270	1	metal5	1080	82	0	0	0	0.999948
1271	1	metal5	1090	82	0	0	0	0.999948
1272	1	metal5	10	92	0	0	0	0.999945
1273	1	metal5	20	92	0	0	0	0.999945
1274	1	metal5	30	92	0	0	0	0.999945
1275	1	metal5	40	92	0	0	0	0.999945
1276	1	metal5	50	92	0	0	0	0.999945
1277	1	metal5	60	92	0	0	0	0.999946
1278	1	metal5	70	92	0	0	0	0.999946
1279	1	metal5	80	92	0	0	0	0.999946
1280	1	metal5	90	92	0	0	0	0.999946
1281	1	metal5	100	92	0	0	0	0.999947
1282	1	metal5	110	92	0	0	0	0.999947
1283	1	metal5	120	92	0	0	0	0.999947
1284	1	metal5	130	92	0	0	0	0.999947
1285	1	metal5	140	92	0	0	0	0.999948
1286	1	metal5	150	92	0	0	0	0.999948
1287	1	metal5	160	92	0	0	0	0.999949
1288	1	metal5	170	92	0	0	0	0.999949
1289	1	metal5	180	92	0	0	0	0.999949
1290	1	metal5	190	92	0	0	0	0.999949
1291	1	metal5	200	92	0	0	0	0.99995
1292	1	metal5	210	92	0	0	0	0.99995
1293	1	metal5	220	92	0	0	0	0.99995
1294	1	metal5	230	92	0	0	0	0.99995
1295	1	metal5	240	92	0	0	0	0.999951
1296	1	metal5	250	92	0	0	0	0.999951
1297	1	metal5	260	92	0	0	0	0.999952
1298	1	metal5	270	92	0	0	0	0.999952
1299	1	metal5	280	92	0	0	0	0.999953
1300	1	metal5	290	92	0	0	0	0.999953
1301	1	metal5	300	92	0	0	0	0.999954
1302	1	metal5	310	92	0	0	0	0.999954
1303	1	metal5	320	92	0	0	0	0.999955
1304	1	metal5	330	92	0	0	0	0.999955
1305	1	metal5	340	92	0	0	0	0.999956
1306	1	metal5	350	92	0	0	0	0.999956
1307	1	metal5	360	92	0	0	0	0.999957
1308	1	metal5	370	92	0	0	0	0.999958
1309	1	metal5	380	92	0	0	0	0.999959
1310	1	metal5	390	92	0	0	0	0.99996
1311	1	metal5	400	92	0	0	0	0.999961
1312	1	metal5	410	92	0	0	0	0.999962
1313	1	metal5	420	92	0	0	0	0.999964
1314	1	metal5	430	92	0	0	0	0.999965
1315	1	metal5	440	92	0	0	0	0.999966
1316	1	metal5	450	92	0	0	0	0.999968
1317	1	metal5	460	92	0	0	0	0.999969
1318	1	metal5	470	92	0	0	0	0.999971
1319	1	metal5	480	92	0	0	0	0.999972
1320	1	metal5	490	92	0	0	0	0.999974
1321	1	metal5	500	92	0	0	0	0.999975
1322	1	metal5	510	92	0	0	0	0.999977
1323	1	metal5	520	92	0	0	0	0.99998
1324	1	metal5	530	92	0	0	0	0.999981
1325	1	metal5	540	92	0	0	0	0.999983
1326	1	metal5	550	92	0	0	0	0.999984
1327	1	metal5	560	92	0	0	0	0.999982
1328	1	metal5	570	92	0	0	0	0.99998
1329	1	metal5	580	92	0	0	0	0.999979
1330	1	metal5	590	92	0	0	0	0.999977
1331	1	metal5	600	92	0	0	0	0.999976
1332	1	metal5	610	92	0	0	0	0.999974
1333	1	metal5	620	92	0	0	0	0.999971
1334	1	metal5	630	92	0	0	0	0.999969
1335	1	metal5	640	92	0	0	0	0.999968
1336	1	metal5	650	92	0	0	0	0.999966
1337	1	metal5	660	92	0	0	0	0.999965
1338	1	metal5	670	92	0	0	0	0.999964
1339	1	metal5	680	92	0	0	0	0.999962
1340	1	metal5	690	92	0	0	0	0.999961
1341	1	metal5	700	92	0	0	0	0.99996
1342	1	metal5	710	92	0	0	0	0.999959
1343	1	metal5	720	92	0	0	0	0.999958
1344	1	metal5	730	92	0	0	0	0.999958
1345	1	metal5	740	92	0	0	0	0.999956
1346	1	metal5	750	92	0	0	0	0.999956
1347	1	metal5	760	92	0	0	0	0.999955
1348	1	metal5	770	92	0	0	0	0.999955
1349	1	metal5	780	92	0	0	0	0.999954
1350	1	metal5	790	92	0	0	0	0.999954
1351	1	metal5	800	92	0	0	0	0.999953
1352	1	metal5	810	92	0	0	0	0.999953
1353	1	metal5	820	92	0	0	0	0.999953
1354	1	metal5	830	92	0	0	0	0.999952
1355	1	metal5	840	92	0	0	0	0.999952
1356	1	metal5	850	92	0	0	0	0.999952
1357	1	metal5	860	92	0	0	0	0.999951
1358	1	metal5	870	92	0	0	0	0.999951
1359	1	metal5	880	92	0	0	0	0.999951
1360	1	metal5	890	92	0	0	0	0.999951
1361	1	metal5	900	92	0	0	0	0.99995
1362	1	metal5	910	92	0	0	0	0.99995
1363	1	metal5	920	92	0	0	0	0.99995
1364	1	metal5	930	92	0	0	0	0.99995
1365	1	metal5	940	92	0	0	0	0.99995
1366	1	metal5	950	92	0	0	0	0.999949
1367	1	metal5	960	92	0	0	0	0.999949
1368	1	metal5	970	92	0	0	0	0.999949
1369	1	metal5	980	92	0	0	0	0.999949
1370	1	metal5	990	92	0	0	0	0.999949
1371	1	metal5	1000	92	0	0	0	0.999949
1372	1	metal5	1010	92	0	0	0	0.999949
1373	1	metal5	1020	92	0	0	0	0.999948
1374	1	metal5	1030	92	0	0	0	0.999948
1375	1	metal5	1040	92	0	0	0	0.999948
1376	1	metal5	1050	92	0	0	0	0.999948
1377	1	metal5	1060	92	0	0	0	0.999948
1378	1	metal5	1070	92	0	0	0	0.999948
1379	1	metal5	1080	92	0	0	0	0.999948
1380	1	metal5	1090	92	0	0	0	0.999948
1381	1	metal5	10	102	0	0	0	0.999945
1382	1	metal5	20	102	0	0	0	0.999945
1383	1	metal5	30	102	0	0	0	0.999945
1384	1	metal5	40	102	0	0	0	0.999945
1385	1	metal5	50	102	0	0	0	0.999945
1386	1	metal5	60	102	0	0	0	0.999945
1387	1	metal5	70	102	0	0	0	0.999945
1388	1	metal5	80	102	0	0	0	0.999945
1389	1	metal5	90	102	0	0	0	0.999946
1390	1	metal5	100	102	0	0	0	0.999946
1391	1	metal5	110	102	0	0	0	0.999946
1392	1	metal5	120	102	0	0	0	0.999946
1393	1	metal5	130	102	0	0	0	0.999947
1394	1	metal5	140	102	0	0	0	0.999947
1395	1	metal5	150	102	0	0	0	0.999948
1396	1	metal5	160	102	0	0	0	0.999948
1397	1	metal5	170	102	0	0	0	0.999948
1398	1	metal5	180	102	0	0	0	0.999948
1399	1	metal5	190	102	0	0	0	0.999949
1400	1	metal5	200	102	0	0	0	0.999949
1401	1	metal5	210	102	0	0	0	0.999949
1402	1	metal5	220	102	0	0	0	0.99995
1403	1	metal5	230	102	0	0	0	0.99995
1404	1	metal5	240	102	0	0	0	0.99995
1405	1	metal5	250	102	0	0	0	0.999951
1406	1	metal5	260	102	0	0	0	0.999951
1407	1	metal5	270	102	0	0	0	0.999952
1408	1	metal5	280	102	0	0	0	0.999952
1409	1	metal5	290	102	0	0	0	0.999953
1410	1	metal5	300	102	0	0	0	0.999953
1411	1	metal5	310	102	0	0	0	0.999954
1412	1	metal5	320	102	0	0	0	0.999955
1413	1	metal5	330	102	0	0	0	0.999955
1414	1	metal5	340	102	0	0	0	0.999956
1415	1	metal5	350	102	0	0	0	0.999957
1416	1	metal5	360	102	0	0	0	0.999958
1417	1	metal5	370	102	0	0	0	0.999959
1418	1	metal5	380	102	0	0	0	0.999959
1419	1	metal5	390	102	0	0	0	0.99996
1420	1	metal5	400	102	0	0	0	0.999962
1421	1	metal5	410	102	0	0	0	0.999963
1422	1	metal5	420	102	0	0	0	0.999964
1423	1	metal5	430	102	0	0	0	0.999966
1424	1	metal5	440	102	0	0	0	0.999967
1425	1	metal5	450	102	0	0	0	0.999968
1426	1	metal5	460	102	0	0	0	0.99997
1427	1	metal5	470	102	0	0	0	0.999971
1428	1	metal5	480	102	0	0	0	0.999973
1429	1	metal5	490	102	0	0	0	0.999975
1430	1	metal5	500	102	0	0	0	0.999976
1431	1	metal5	510	102	0	0	0	0.999978
1432	1	metal5	520	102	0	0	0	0.999981
1433	1	metal5	530	102	0	0	0	0.999982
1434	1	metal5	540	102	0	0	0	0.999984
1435	1	metal5	550	102	0	0	0	0.999987
1436	1	metal5	560	102	0	0	0	0.999983
1437	1	metal5	570	102	0	0	0	0.999981
1438	1	metal5	580	102	0	0	0	0.999981
1439	1	metal5	590	102	0	0	0	0.999978
1440	1	metal5	600	102	0	0	0	0.999976
1441	1	metal5	610	102	0	0	0	0.999975
1442	1	metal5	620	102	0	0	0	0.999972
1443	1	metal5	630	102	0	0	0	0.99997
1444	1	metal5	640	102	0	0	0	0.999969
1445	1	metal5	650	102	0	0	0	0.999967
1446	1	metal5	660	102	0	0	0	0.999965
1447	1	metal5	670	102	0	0	0	0.999964
1448	1	metal5	680	102	0	0	0	0.999962
1449	1	metal5	690	102	0	0	0	0.999961
1450	1	metal5	700	102	0	0	0	0.999961
1451	1	metal5	710	102	0	0	0	0.99996
1452	1	metal5	720	102	0	0	0	0.999959
1453	1	metal5	730	102	0	0	0	0.999958
1454	1	metal5	740	102	0	0	0	0.999957
1455	1	metal5	750	102	0	0	0	0.999956
1456	1	metal5	760	102	0	0	0	0.999956
1457	1	metal5	770	102	0	0	0	0.999955
1458	1	metal5	780	102	0	0	0	0.999954
1459	1	metal5	790	102	0	0	0	0.999954
1460	1	metal5	800	102	0	0	0	0.999953
1461	1	metal5	810	102	0	0	0	0.999953
1462	1	metal5	820	102	0	0	0	0.999953
1463	1	metal5	830	102	0	0	0	0.999952
1464	1	metal5	840	102	0	0	0	0.999952
1465	1	metal5	850	102	0	0	0	0.999951
1466	1	metal5	860	102	0	0	0	0.999951
1467	1	metal5	870	102	0	0	0	0.999951
1468	1	metal5	880	102	0	0	0	0.999951
1469	1	metal5	890	102	0	0	0	0.99995
1470	1	metal5	900	102	0	0	0	0.99995
1471	1	metal5	910	102	0	0	0	0.99995
1472	1	metal5	920	102	0	0	0	0.999949
1473	1	metal5	930	102	0	0	0	0.999949
1474	1	metal5	940	102	0	0	0	0.999949
1475	1	metal5	950	102	0	0	0	0.999949
1476	1	metal5	960	102	0	0	0	0.999948
1477	1	metal5	970	102	0	0	0	0.999948
1478	1	metal5	980	102	0	0	0	0.999948
1479	1	metal5	990	102	0	0	0	0.999948
1480	1	metal5	1000	102	0	0	0	0.999948
1481	1	metal5	1010	102	0	0	0	0.999948
1482	1	metal5	1020	102	0	0	0	0.999947
1483	1	metal5	1030	102	0	0	0	0.999947
1484	1	metal5	1040	102	0	0	0	0.999947
1485	1	metal5	1050	102	0	0	0	0.999947
1486	1	metal5	1060	102	0	0	0	0.999947
1487	1	metal5	1070	102	0	0	0	0.999947
1488	1	metal5	1080	102	0	0	0	0.999947
1489	1	metal5	1090	102	0	0	0	0.999947
1490	1	metal5	10	112	0	0	0	0.999944
1491	1	metal5	20	112	0	0	0	0.999944
1492	1	metal5	30	112	0	0	0	0.999944
1493	1	metal5	40	112	0	0	0	0.999944
1494	1	metal5	50	112	0	0	0	0.999944
1495	1	metal5	60	112	0	0	0	0.999944
1496	1	metal5	70	112	0	0	0	0.999944
1497	1	metal5	80	112	0	0	0	0.999945
1498	1	metal5	90	112	0	0	0	0.999945
1499	1	metal5	100	112	0	0	0	0.999945
1500	1	metal5	110	112	0	0	0	0.999945
1501	1	metal5	120	112	0	0	0	0.999945
1502	1	metal5	130	112	0	0	0	0.999946
1503	1	metal5	140	112	0	0	0	0.999946
1504	1	metal5	150	112	0	0	0	0.999947
1505	1	metal5	160	112	0	0	0	0.999947
1506	1	metal5	170	112	0	0	0	0.999947
1507	1	metal5	180	112	0	0	0	0.999947
1508	1	metal5	190	112	0	0	0	0.999948
1509	1	metal5	200	112	0	0	0	0.999948
1510	1	metal5	210	112	0	0	0	0.999949
1511	1	metal5	220	112	0	0	0	0.999949
1512	1	metal5	230	112	0	0	0	0.999949
1513	1	metal5	240	112	0	0	0	0.99995
1514	1	metal5	250	112	0	0	0	0.99995
1515	1	metal5	260	112	0	0	0	0.999951
1516	1	metal5	270	112	0	0	0	0.999951
1517	1	metal5	280	112	0	0	0	0.999952
1518	1	metal5	290	112	0	0	0	0.999952
1519	1	metal5	300	112	0	0	0	0.999953
1520	1	metal5	310	112	0	0	0	0.999954
1521	1	metal5	320	112	0	0	0	0.999954
1522	1	metal5	330	112	0	0	0	0.999955
1523	1	metal5	340	112	0	0	0	0.999956
1524	1	metal5	350	112	0	0	0	0.999956
1525	1	metal5	360	112	0	0	0	0.999957
1526	1	metal5	370	112	0	0	0	0.999958
1527	1	metal5	380	112	0	0	0	0.999959
1528	1	metal5	390	112	0	0	0	0.99996
1529	1	metal5	400	112	0	0	0	0.999961
1530	1	metal5	410	112	0	0	0	0.999962
1531	1	metal5	420	112	0	0	0	0.999964
1532	1	metal5	430	112	0	0	0	0.999965
1533	1	metal5	440	112	0	0	0	0.999966
1534	1	metal5	450	112	0	0	0	0.999967
1535	1	metal5	460	112	0	0	0	0.999969
1536	1	metal5	470	112	0	0	0	0.99997
1537	1	metal5	480	112	0	0	0	0.999972
1538	1	metal5	490	112	0	0	0	0.999974
1539	1	metal5	500	112	0	0	0	0.999975
1540	1	metal5	510	112	0	0	0	0.999976
1541	1	metal5	520	112	0	0	0	0.999979
1542	1	metal5	530	112	0	0	0	0.999981
1543	1	metal5	540	112	0	0	0	0.999983
1544	1	metal5	550	112	0	0	0	0.999984
1545	1	metal5	560	112	0	0	0	0.999981
1546	1	metal5	570	112	0	0	0	0.999979
1547	1	metal5	580	112	0	0	0	0.999979
1548	1	metal5	590	112	0	0	0	0.999977
1549	1	metal5	600	112	0	0	0	0.999976
1550	1	metal5	610	112	0	0	0	0.999974
1551	1	metal5	620	112	0	0	0	0.999971
1552	1	metal5	630	112	0	0	0	0.999969
1553	1	metal5	640	112	0	0	0	0.999968
1554	1	metal5	650	112	0	0	0	0.999966
1555	1	metal5	660	112	0	0	0	0.999965
1556	1	metal5	670	112	0	0	0	0.999964
1557	1	metal5	680	112	0	0	0	0.999962
1558	1	metal5	690	112	0	0	0	0.999961
1559	1	metal5	700	112	0	0	0	0.99996
1560	1	metal5	710	112	0	0	0	0.999959
1561	1	metal5	720	112	0	0	0	0.999958
1562	1	metal5	730	112	0	0	0	0.999957
1563	1	metal5	740	112	0	0	0	0.999956
1564	1	metal5	750	112	0	0	0	0.999956
1565	1	metal5	760	112	0	0	0	0.999955
1566	1	metal5	770	112	0	0	0	0.999954
1567	1	metal5	780	112	0	0	0	0.999954
1568	1	metal5	790	112	0	0	0	0.999953
1569	1	metal5	800	112	0	0	0	0.999953
1570	1	metal5	810	112	0	0	0	0.999952
1571	1	metal5	820	112	0	0	0	0.999952
1572	1	metal5	830	112	0	0	0	0.999952
1573	1	metal5	840	112	0	0	0	0.999951
1574	1	metal5	850	112	0	0	0	0.999951
1575	1	metal5	860	112	0	0	0	0.99995
1576	1	metal5	870	112	0	0	0	0.99995
1577	1	metal5	880	112	0	0	0	0.99995
1578	1	metal5	890	112	0	0	0	0.99995
1579	1	metal5	900	112	0	0	0	0.999949
1580	1	metal5	910	112	0	0	0	0.999949
1581	1	metal5	920	112	0	0	0	0.999949
1582	1	metal5	930	112	0	0	0	0.999948
1583	1	metal5	940	112	0	0	0	0.999948
1584	1	metal5	950	112	0	0	0	0.999948
1585	1	metal5	960	112	0	0	0	0.999948
1586	1	metal5	970	112	0	0	0	0.999948
1587	1	metal5	980	112	0	0	0	0.999948
1588	1	metal5	990	112	0	0	0	0.999947
1589	1	metal5	1000	112	0	0	0	0.999947
1590	1	metal5	1010	112	0	0	0	0.999947
1591	1	metal5	1020	112	0	0	0	0.999947
1592	1	metal5	1030	112	0	0	0	0.999947
1593	1	metal5	1040	112	0	0	0	0.999947
1594	1	metal5	1050	112	0	0	0	0.999947
1595	1	metal5	1060	112	0	0	0	0.999946
1596	1	metal5	1070	112	0	0	0	0.999946
1597	1	metal5	1080	112	0	0	0	0.999946
1598	1	metal5	1090	112	0	0	0	0.999946
1599	1	metal5	10	122	0	0	0	0.999941
1600	1	metal5	20	122	0	0	0	0.999943
1601	1	metal5	30	122	0	0	0	0.999943
1602	1	metal5	40	122	0	0	0	0.999944
1603	1	metal5	50	122	0	0	0	0.999944
1604	1	metal5	60	122	0	0	0	0.999943
1605	1	metal5	70	122	0	0	0	0.999942
1606	1	metal5	80	122	0	0	0	0.999943
1607	1	metal5	90	122	0	0	0	0.999944
1608	1	metal5	100	122	0	0	0	0.999944
1609	1	metal5	110	122	0	0	0	0.999944
1610	1	metal5	120	122	0	0	0	0.999943
1611	1	metal5	130	122	0	0	0	0.999945
1612	1	metal5	140	122	0	0	0	0.999946
1613	1	metal5	150	122	0	0	0	0.999946
1614	1	metal5	160	122	0	0	0	0.999946
1615	1	metal5	170	122	0	0	0	0.999946
1616	1	metal5	180	122	0	0	0	0.999944
1617	1	metal5	190	122	0	0	0	0.999946
1618	1	metal5	200	122	0	0	0	0.999947
1619	1	metal5	210	122	0	0	0	0.999948
1620	1	metal5	220	122	0	0	0	0.999948
1621	1	metal5	230	122	0	0	0	0.999947
1622	1	metal5	240	122	0	0	0	0.999949
1623	1	metal5	250	122	0	0	0	0.99995
1624	1	metal5	260	122	0	0	0	0.99995
1625	1	metal5	270	122	0	0	0	0.999951
1626	1	metal5	280	122	0	0	0	0.999951
1627	1	metal5	290	122	0	0	0	0.99995
1628	1	metal5	300	122	0	0	0	0.999952
1629	1	metal5	310	122	0	0	0	0.999953
1630	1	metal5	320	122	0	0	0	0.999954
1631	1	metal5	330	122	0	0	0	0.999954
1632	1	metal5	340	122	0	0	0	0.999954
1633	1	metal5	350	122	0	0	0	0.999953
1634	1	metal5	360	122	0	0	0	0.999956
1635	1	metal5	370	122	0	0	0	0.999958
1636	1	metal5	380	122	0	0	0	0.999958
1637	1	metal5	390	122	0	0	0	0.999958
1638	1	metal5	400	122	0	0	0	0.999957
1639	1	metal5	410	122	0	0	0	0.999961
1640	1	metal5	420	122	0	0	0	0.999963
1641	1	metal5	430	122	0	0	0	0.999965
1642	1	metal5	440	122	0	0	0	0.999965
1643	1	metal5	450	122	0	0	0	0.999965
1644	1	metal5	460	122	0	0	0	0.999962
1645	1	metal5	470	122	0	0	0	0.999968
1646	1	metal5	480	122	0	0	0	0.999971
1647	1	metal5	490	122	0	0	0	0.999973
1648	1	metal5	500	122	0	0	0	0.999972
1649	1	metal5	510	122	0	0	0	0.999967
1650	1	metal5	520	122	0	0	0	0.999976
1651	1	metal5	530	122	0	0	0	0.99998
1652	1	metal5	540	122	0	0	0	0.999982
1653	1	metal5	550	122	0	0	0	0.999982
1654	1	metal5	560	122	0	0	0	0.999977
1655	1	metal5	570	122	0	0	0	0.999969
1656	1	metal5	580	122	0	0	0	0.999975
1657	1	metal5	590	122	0	0	0	0.999976
1658	1	metal5	600	122	0	0	0	0.999975
1659	1	metal5	610	122	0	0	0	0.999973
1660	1	metal5	620	122	0	0	0	0.999969
1661	1	metal5	630	122	0	0	0	0.999962
1662	1	metal5	640	122	0	0	0	0.999965
1663	1	metal5	650	122	0	0	0	0.999965
1664	1	metal5	660	122	0	0	0	0.999964
1665	1	metal5	670	122	0	0	0	0.999962
1666	1	metal5	680	122	0	0	0	0.999956
1667	1	metal5	690	122	0	0	0	0.999959
1668	1	metal5	700	122	0	0	0	0.99996
1669	1	metal5	710	122	0	0	0	0.999959
1670	1	metal5	720	122	0	0	0	0.999958
1671	1	metal5	730	122	0	0	0	0.999956
1672	1	metal5	740	122	0	0	0	0.999953
1673	1	metal5	750	122	0	0	0	0.999954
1674	1	metal5	760	122	0	0	0	0.999955
1675	1	metal5	770	122	0	0	0	0.999954
1676	1	metal5	780	122	0	0	0	0.999953
1677	1	metal5	790	122	0	0	0	0.999951
1678	1	metal5	800	122	0	0	0	0.999952
1679	1	metal5	810	122	0	0	0	0.999952
1680	1	metal5	820	122	0	0	0	0.999952
1681	1	metal5	830	122	0	0	0	0.999951
1682	1	metal5	840	122	0	0	0	0.99995
1683	1	metal5	850	122	0	0	0	0.999948
1684	1	metal5	860	122	0	0	0	0.999949
1685	1	metal5	870	122	0	0	0	0.99995
1686	1	metal5	880	122	0	0	0	0.999949
1687	1	metal5	890	122	0	0	0	0.999949
1688	1	metal5	900	122	0	0	0	0.999948
1689	1	metal5	910	122	0	0	0	0.999946
1690	1	metal5	920	122	0	0	0	0.999947
1691	1	metal5	930	122	0	0	0	0.999948
1692	1	metal5	940	122	0	0	0	0.999947
1693	1	metal5	950	122	0	0	0	0.999946
1694	1	metal5	960	122	0	0	0	0.999945
1695	1	metal5	970	122	0	0	0	0.999946
1696	1	metal5	980	122	0	0	0	0.999947
1697	1	metal5	990	122	0	0	0	0.999947
1698	1	metal5	1000	122	0	0	0	0.999946
1699	1	metal5	1010	122	0	0	0	0.999945
1700	1	metal5	1020	122	0	0	0	0.999944
1701	1	metal5	1030	122	0	0	0	0.999945
1702	1	metal5	1040	122	0	0	0	0.999946
1703	1	metal5	1050	122	0	0	0	0.999946
1704	1	metal5	1060	122	0	0	0	0.999945
1705	1	metal5	1070	122	0	0	0	0.999944
1706	1	metal5	1080	122	0	0	0	0.999945
1707	1	metal5	1090	122	0	0	0	0.999945
1708	1	metal5	10	132	0	0	0	0.999943
1709	1	metal5	20	132	0	0	0	0.999943
1710	1	metal5	30	132	0	0	0	0.999943
1711	1	metal5	40	132	0	0	0	0.999944
1712	1	metal5	50	132	0	0	0	0.999944
1713	1	metal5	60	132	0	0	0	0.999944
1714	1	metal5	70	132	0	0	0	0.999944
1715	1	metal5	80	132	0	0	0	0.999944
1716	1	metal5	90	132	0	0	0	0.999944
1717	1	metal5	100	132	0	0	0	0.999944
1718	1	metal5	110	132	0	0	0	0.999945
1719	1	metal5	120	132	0	0	0	0.999945
1720	1	metal5	130	132	0	0	0	0.999945
1721	1	metal5	140	132	0	0	0	0.999946
1722	1	metal5	150	132	0	0	0	0.999946
1723	1	metal5	160	132	0	0	0	0.999946
1724	1	metal5	170	132	0	0	0	0.999946
1725	1	metal5	180	132	0	0	0	0.999946
1726	1	metal5	190	132	0	0	0	0.999947
1727	1	metal5	200	132	0	0	0	0.999948
1728	1	metal5	210	132	0	0	0	0.999948
1729	1	metal5	220	132	0	0	0	0.999948
1730	1	metal5	230	132	0	0	0	0.999949
1731	1	metal5	240	132	0	0	0	0.999949
1732	1	metal5	250	132	0	0	0	0.99995
1733	1	metal5	260	132	0	0	0	0.999951
1734	1	metal5	270	132	0	0	0	0.999951
1735	1	metal5	280	132	0	0	0	0.999952
1736	1	metal5	290	132	0	0	0	0.999952
1737	1	metal5	300	132	0	0	0	0.999953
1738	1	metal5	310	132	0	0	0	0.999954
1739	1	metal5	320	132	0	0	0	0.999954
1740	1	metal5	330	132	0	0	0	0.999955
1741	1	metal5	340	132	0	0	0	0.999956
1742	1	metal5	350	132	0	0	0	0.999956
1743	1	metal5	360	132	0	0	0	0.999957
1744	1	metal5	370	132	0	0	0	0.999959
1745	1	metal5	380	132	0	0	0	0.999959
1746	1	metal5	390	132	0	0	0	0.99996
1747	1	metal5	400	132	0	0	0	0.999962
1748	1	metal5	410	132	0	0	0	0.999963
1749	1	metal5	420	132	0	0	0	0.999964
1750	1	metal5	430	132	0	0	0	0.999966
1751	1	metal5	440	132	0	0	0	0.999967
1752	1	metal5	450	132	0	0	0	0.999968
1753	1	metal5	460	132	0	0	0	0.99997
1754	1	metal5	470	132	0	0	0	0.999971
1755	1	metal5	480	132	0	0	0	0.999973
1756	1	metal5	490	132	0	0	0	0.999976
1757	1	metal5	500	132	0	0	0	0.999976
1758	1	metal5	510	132	0	0	0	0.999978
1759	1	metal5	520	132	0	0	0	0.999981
1760	1	metal5	530	132	0	0	0	0.999982
1761	1	metal5	540	132	0	0	0	0.999984
1762	1	metal5	550	132	0	0	0	0.999987
1763	1	metal5	560	132	0	0	0	0.999983
1764	1	metal5	570	132	0	0	0	0.99998
1765	1	metal5	580	132	0	0	0	0.999981
1766	1	metal5	590	132	0	0	0	0.999979
1767	1	metal5	600	132	0	0	0	0.999977
1768	1	metal5	610	132	0	0	0	0.999975
1769	1	metal5	620	132	0	0	0	0.999972
1770	1	metal5	630	132	0	0	0	0.99997
1771	1	metal5	640	132	0	0	0	0.999969
1772	1	metal5	650	132	0	0	0	0.999967
1773	1	metal5	660	132	0	0	0	0.999966
1774	1	metal5	670	132	0	0	0	0.999965
1775	1	metal5	680	132	0	0	0	0.999962
1776	1	metal5	690	132	0	0	0	0.999961
1777	1	metal5	700	132	0	0	0	0.999961
1778	1	metal5	710	132	0	0	0	0.99996
1779	1	metal5	720	132	0	0	0	0.999959
1780	1	metal5	730	132	0	0	0	0.999958
1781	1	metal5	740	132	0	0	0	0.999956
1782	1	metal5	750	132	0	0	0	0.999956
1783	1	metal5	760	132	0	0	0	0.999955
1784	1	metal5	770	132	0	0	0	0.999955
1785	1	metal5	780	132	0	0	0	0.999954
1786	1	metal5	790	132	0	0	0	0.999953
1787	1	metal5	800	132	0	0	0	0.999953
1788	1	metal5	810	132	0	0	0	0.999952
1789	1	metal5	820	132	0	0	0	0.999952
1790	1	metal5	830	132	0	0	0	0.999951
1791	1	metal5	840	132	0	0	0	0.999951
1792	1	metal5	850	132	0	0	0	0.99995
1793	1	metal5	860	132	0	0	0	0.99995
1794	1	metal5	870	132	0	0	0	0.99995
1795	1	metal5	880	132	0	0	0	0.999949
1796	1	metal5	890	132	0	0	0	0.999949
1797	1	metal5	900	132	0	0	0	0.999949
1798	1	metal5	910	132	0	0	0	0.999948
1799	1	metal5	920	132	0	0	0	0.999948
1800	1	metal5	930	132	0	0	0	0.999948
1801	1	metal5	940	132	0	0	0	0.999947
1802	1	metal5	950	132	0	0	0	0.999947
1803	1	metal5	960	132	0	0	0	0.999947
1804	1	metal5	970	132	0	0	0	0.999947
1805	1	metal5	980	132	0	0	0	0.999947
1806	1	metal5	990	132	0	0	0	0.999946
1807	1	metal5	1000	132	0	0	0	0.999946
1808	1	metal5	1010	132	0	0	0	0.999946
1809	1	metal5	1020	132	0	0	0	0.999946
1810	1	metal5	1030	132	0	0	0	0.999946
1811	1	metal5	1040	132	0	0	0	0.999946
1812	1	metal5	1050	132	0	0	0	0.999946
1813	1	metal5	1060	132	0	0	0	0.999946
1814	1	metal5	1070	132	0	0	0	0.999945
1815	1	metal5	1080	132	0	0	0	0.999945
1816	1	metal5	1090	132	0	0	0	0.999946
1817	1	metal5	10	142	0	0	0	0.999943
1818	1	metal5	20	142	0	0	0	0.999943
1819	1	metal5	30	142	0	0	0	0.999943
1820	1	metal5	40	142	0	0	0	0.999943
1821	1	metal5	50	142	0	0	0	0.999943
1822	1	metal5	60	142	0	0	0	0.999944
1823	1	metal5	70	142	0	0	0	0.999944
1824	1	metal5	80	142	0	0	0	0.999944
1825	1	metal5	90	142	0	0	0	0.999944
1826	1	metal5	100	142	0	0	0	0.999944
1827	1	metal5	110	142	0	0	0	0.999944
1828	1	metal5	120	142	0	0	0	0.999945
1829	1	metal5	130	142	0	0	0	0.999945
1830	1	metal5	140	142	0	0	0	0.999945
1831	1	metal5	150	142	0	0	0	0.999946
1832	1	metal5	160	142	0	0	0	0.999946
1833	1	metal5	170	142	0	0	0	0.999946
1834	1	metal5	180	142	0	0	0	0.999946
1835	1	metal5	190	142	0	0	0	0.999947
1836	1	metal5	200	142	0	0	0	0.999947
1837	1	metal5	210	142	0	0	0	0.999948
1838	1	metal5	220	142	0	0	0	0.999948
1839	1	metal5	230	142	0	0	0	0.999949
1840	1	metal5	240	142	0	0	0	0.999949
1841	1	metal5	250	142	0	0	0	0.99995
1842	1	metal5	260	142	0	0	0	0.999951
1843	1	metal5	270	142	0	0	0	0.999951
1844	1	metal5	280	142	0	0	0	0.999952
1845	1	metal5	290	142	0	0	0	0.999952
1846	1	metal5	300	142	0	0	0	0.999953
1847	1	metal5	310	142	0	0	0	0.999954
1848	1	metal5	320	142	0	0	0	0.999954
1849	1	metal5	330	142	0	0	0	0.999955
1850	1	metal5	340	142	0	0	0	0.999956
1851	1	metal5	350	142	0	0	0	0.999956
1852	1	metal5	360	142	0	0	0	0.999957
1853	1	metal5	370	142	0	0	0	0.999959
1854	1	metal5	380	142	0	0	0	0.99996
1855	1	metal5	390	142	0	0	0	0.999961
1856	1	metal5	400	142	0	0	0	0.999962
1857	1	metal5	410	142	0	0	0	0.999963
1858	1	metal5	420	142	0	0	0	0.999964
1859	1	metal5	430	142	0	0	0	0.999966
1860	1	metal5	440	142	0	0	0	0.999967
1861	1	metal5	450	142	0	0	0	0.999968
1862	1	metal5	460	142	0	0	0	0.99997
1863	1	metal5	470	142	0	0	0	0.999972
1864	1	metal5	480	142	0	0	0	0.999973
1865	1	metal5	490	142	0	0	0	0.999975
1866	1	metal5	500	142	0	0	0	0.999977
1867	1	metal5	510	142	0	0	0	0.999978
1868	1	metal5	520	142	0	0	0	0.999981
1869	1	metal5	530	142	0	0	0	0.999982
1870	1	metal5	540	142	0	0	0	0.999984
1871	1	metal5	550	142	0	0	0	0.999985
1872	1	metal5	560	142	0	0	0	0.999983
1873	1	metal5	570	142	0	0	0	0.999981
1874	1	metal5	580	142	0	0	0	0.999981
1875	1	metal5	590	142	0	0	0	0.999979
1876	1	metal5	600	142	0	0	0	0.999977
1877	1	metal5	610	142	0	0	0	0.999975
1878	1	metal5	620	142	0	0	0	0.999973
1879	1	metal5	630	142	0	0	0	0.999971
1880	1	metal5	640	142	0	0	0	0.999969
1881	1	metal5	650	142	0	0	0	0.999968
1882	1	metal5	660	142	0	0	0	0.999966
1883	1	metal5	670	142	0	0	0	0.999965
1884	1	metal5	680	142	0	0	0	0.999963
1885	1	metal5	690	142	0	0	0	0.999962
1886	1	metal5	700	142	0	0	0	0.999961
1887	1	metal5	710	142	0	0	0	0.99996
1888	1	metal5	720	142	0	0	0	0.999959
1889	1	metal5	730	142	0	0	0	0.999958
1890	1	metal5	740	142	0	0	0	0.999957
1891	1	metal5	750	142	0	0	0	0.999956
1892	1	metal5	760	142	0	0	0	0.999955
1893	1	metal5	770	142	0	0	0	0.999955
1894	1	metal5	780	142	0	0	0	0.999954
1895	1	metal5	790	142	0	0	0	0.999953
1896	1	metal5	800	142	0	0	0	0.999953
1897	1	metal5	810	142	0	0	0	0.999952
1898	1	metal5	820	142	0	0	0	0.999952
1899	1	metal5	830	142	0	0	0	0.999951
1900	1	metal5	840	142	0	0	0	0.999951
1901	1	metal5	850	142	0	0	0	0.99995
1902	1	metal5	860	142	0	0	0	0.99995
1903	1	metal5	870	142	0	0	0	0.99995
1904	1	metal5	880	142	0	0	0	0.999949
1905	1	metal5	890	142	0	0	0	0.999949
1906	1	metal5	900	142	0	0	0	0.999948
1907	1	metal5	910	142	0	0	0	0.999948
1908	1	metal5	920	142	0	0	0	0.999948
1909	1	metal5	930	142	0	0	0	0.999947
1910	1	metal5	940	142	0	0	0	0.999947
1911	1	metal5	950	142	0	0	0	0.999947
1912	1	metal5	960	142	0	0	0	0.999947
1913	1	metal5	970	142	0	0	0	0.999947
1914	1	metal5	980	142	0	0	0	0.999946
1915	1	metal5	990	142	0	0	0	0.999946
1916	1	metal5	1000	142	0	0	0	0.999946
1917	1	metal5	1010	142	0	0	0	0.999946
1918	1	metal5	1020	142	0	0	0	0.999946
1919	1	metal5	1030	142	0	0	0	0.999946
1920	1	metal5	1040	142	0	0	0	0.999945
1921	1	metal5	1050	142	0	0	0	0.999945
1922	1	metal5	1060	142	0	0	0	0.999945
1923	1	metal5	1070	142	0	0	0	0.999945
1924	1	metal5	1080	142	0	0	0	0.999945
1925	1	metal5	1090	142	0	0	0	0.999945
1926	1	metal5	10	152	0	0	0	0.999943
1927	1	metal5	20	152	0	0	0	0.999943
1928	1	metal5	30	152	0	0	0	0.999943
1929	1	metal5	40	152	0	0	0	0.999943
1930	1	metal5	50	152	0	0	0	0.999943
1931	1	metal5	60	152	0	0	0	0.999943
1932	1	metal5	70	152	0	0	0	0.999944
1933	1	metal5	80	152	0	0	0	0.999944
1934	1	metal5	90	152	0	0	0	0.999944
1935	1	metal5	100	152	0	0	0	0.999944
1936	1	metal5	110	152	0	0	0	0.999944
1937	1	metal5	120	152	0	0	0	0.999944
1938	1	metal5	130	152	0	0	0	0.999945
1939	1	metal5	140	152	0	0	0	0.999945
1940	1	metal5	150	152	0	0	0	0.999946
1941	1	metal5	160	152	0	0	0	0.999946
1942	1	metal5	170	152	0	0	0	0.999946
1943	1	metal5	180	152	0	0	0	0.999946
1944	1	metal5	190	152	0	0	0	0.999947
1945	1	metal5	200	152	0	0	0	0.999947
1946	1	metal5	210	152	0	0	0	0.999948
1947	1	metal5	220	152	0	0	0	0.999948
1948	1	metal5	230	152	0	0	0	0.999949
1949	1	metal5	240	152	0	0	0	0.999949
1950	1	metal5	250	152	0	0	0	0.99995
1951	1	metal5	260	152	0	0	0	0.99995
1952	1	metal5	270	152	0	0	0	0.999951
1953	1	metal5	280	152	0	0	0	0.999952
1954	1	metal5	290	152	0	0	0	0.999952
1955	1	metal5	300	152	0	0	0	0.999953
1956	1	metal5	310	152	0	0	0	0.999954
1957	1	metal5	320	152	0	0	0	0.999954
1958	1	metal5	330	152	0	0	0	0.999955
1959	1	metal5	340	152	0	0	0	0.999956
1960	1	metal5	350	152	0	0	0	0.999957
1961	1	metal5	360	152	0	0	0	0.999958
1962	1	metal5	370	152	0	0	0	0.999959
1963	1	metal5	380	152	0	0	0	0.99996
1964	1	metal5	390	152	0	0	0	0.999961
1965	1	metal5	400	152	0	0	0	0.999962
1966	1	metal5	410	152	0	0	0	0.999963
1967	1	metal5	420	152	0	0	0	0.999965
1968	1	metal5	430	152	0	0	0	0.999966
1969	1	metal5	440	152	0	0	0	0.999967
1970	1	metal5	450	152	0	0	0	0.999969
1971	1	metal5	460	152	0	0	0	0.99997
1972	1	metal5	470	152	0	0	0	0.999972
1973	1	metal5	480	152	0	0	0	0.999974
1974	1	metal5	490	152	0	0	0	0.999976
1975	1	metal5	500	152	0	0	0	0.999977
1976	1	metal5	510	152	0	0	0	0.999979
1977	1	metal5	520	152	0	0	0	0.999981
1978	1	metal5	530	152	0	0	0	0.999983
1979	1	metal5	540	152	0	0	0	0.999984
1980	1	metal5	550	152	0	0	0	0.999985
1981	1	metal5	560	152	0	0	0	0.999983
1982	1	metal5	570	152	0	0	0	0.999982
1983	1	metal5	580	152	0	0	0	0.999981
1984	1	metal5	590	152	0	0	0	0.999979
1985	1	metal5	600	152	0	0	0	0.999977
1986	1	metal5	610	152	0	0	0	0.999976
1987	1	metal5	620	152	0	0	0	0.999973
1988	1	metal5	630	152	0	0	0	0.999971
1989	1	metal5	640	152	0	0	0	0.99997
1990	1	metal5	650	152	0	0	0	0.999968
1991	1	metal5	660	152	0	0	0	0.999966
1992	1	metal5	670	152	0	0	0	0.999965
1993	1	metal5	680	152	0	0	0	0.999963
1994	1	metal5	690	152	0	0	0	0.999962
1995	1	metal5	700	152	0	0	0	0.999961
1996	1	metal5	710	152	0	0	0	0.99996
1997	1	metal5	720	152	0	0	0	0.999959
1998	1	metal5	730	152	0	0	0	0.999958
1999	1	metal5	740	152	0	0	0	0.999957
2000	1	metal5	750	152	0	0	0	0.999956
2001	1	metal5	760	152	0	0	0	0.999955
2002	1	metal5	770	152	0	0	0	0.999955
2003	1	metal5	780	152	0	0	0	0.999954
2004	1	metal5	790	152	0	0	0	0.999953
2005	1	metal5	800	152	0	0	0	0.999953
2006	1	metal5	810	152	0	0	0	0.999952
2007	1	metal5	820	152	0	0	0	0.999952
2008	1	metal5	830	152	0	0	0	0.999951
2009	1	metal5	840	152	0	0	0	0.999951
2010	1	metal5	850	152	0	0	0	0.99995
2011	1	metal5	860	152	0	0	0	0.99995
2012	1	metal5	870	152	0	0	0	0.999949
2013	1	metal5	880	152	0	0	0	0.999949
2014	1	metal5	890	152	0	0	0	0.999949
2015	1	metal5	900	152	0	0	0	0.999948
2016	1	metal5	910	152	0	0	0	0.999948
2017	1	metal5	920	152	0	0	0	0.999948
2018	1	metal5	930	152	0	0	0	0.999947
2019	1	metal5	940	152	0	0	0	0.999947
2020	1	metal5	950	152	0	0	0	0.999947
2021	1	metal5	960	152	0	0	0	0.999947
2022	1	metal5	970	152	0	0	0	0.999946
2023	1	metal5	980	152	0	0	0	0.999946
2024	1	metal5	990	152	0	0	0	0.999946
2025	1	metal5	1000	152	0	0	0	0.999946
2026	1	metal5	1010	152	0	0	0	0.999946
2027	1	metal5	1020	152	0	0	0	0.999945
2028	1	metal5	1030	152	0	0	0	0.999945
2029	1	metal5	1040	152	0	0	0	0.999945
2030	1	metal5	1050	152	0	0	0	0.999945
2031	1	metal5	1060	152	0	0	0	0.999945
2032	1	metal5	1070	152	0	0	0	0.999945
2033	1	metal5	1080	152	0	0	0	0.999945
2034	1	metal5	1090	152	0	0	0	0.999945
2035	1	metal5	10	162	0	0	0	0.999943
2036	1	metal5	20	162	0	0	0	0.999943
2037	1	metal5	30	162	0	0	0	0.999943
2038	1	metal5	40	162	0	0	0	0.999943
2039	1	metal5	50	162	0	0	0	0.999943
2040	1	metal5	60	162	0	0	0	0.999943
2041	1	metal5	70	162	0	0	0	0.999943
2042	1	metal5	80	162	0	0	0	0.999943
2043	1	metal5	90	162	0	0	0	0.999944
2044	1	metal5	100	162	0	0	0	0.999944
2045	1	metal5	110	162	0	0	0	0.999944
2046	1	metal5	120	162	0	0	0	0.999944
2047	1	metal5	130	162	0	0	0	0.999945
2048	1	metal5	140	162	0	0	0	0.999945
2049	1	metal5	150	162	0	0	0	0.999945
2050	1	metal5	160	162	0	0	0	0.999946
2051	1	metal5	170	162	0	0	0	0.999946
2052	1	metal5	180	162	0	0	0	0.999946
2053	1	metal5	190	162	0	0	0	0.999947
2054	1	metal5	200	162	0	0	0	0.999947
2055	1	metal5	210	162	0	0	0	0.999948
2056	1	metal5	220	162	0	0	0	0.999948
2057	1	metal5	230	162	0	0	0	0.999949
2058	1	metal5	240	162	0	0	0	0.999949
2059	1	metal5	250	162	0	0	0	0.99995
2060	1	metal5	260	162	0	0	0	0.99995
2061	1	metal5	270	162	0	0	0	0.999951
2062	1	metal5	280	162	0	0	0	0.999952
2063	1	metal5	290	162	0	0	0	0.999952
2064	1	metal5	300	162	0	0	0	0.999953
2065	1	metal5	310	162	0	0	0	0.999954
2066	1	metal5	320	162	0	0	0	0.999954
2067	1	metal5	330	162	0	0	0	0.999955
2068	1	metal5	340	162	0	0	0	0.999956
2069	1	metal5	350	162	0	0	0	0.999957
2070	1	metal5	360	162	0	0	0	0.999958
2071	1	metal5	370	162	0	0	0	0.999959
2072	1	metal5	380	162	0	0	0	0.99996
2073	1	metal5	390	162	0	0	0	0.999961
2074	1	metal5	400	162	0	0	0	0.999962
2075	1	metal5	410	162	0	0	0	0.999963
2076	1	metal5	420	162	0	0	0	0.999965
2077	1	metal5	430	162	0	0	0	0.999966
2078	1	metal5	440	162	0	0	0	0.999967
2079	1	metal5	450	162	0	0	0	0.999969
2080	1	metal5	460	162	0	0	0	0.999971
2081	1	metal5	470	162	0	0	0	0.999972
2082	1	metal5	480	162	0	0	0	0.999974
2083	1	metal5	490	162	0	0	0	0.999976
2084	1	metal5	500	162	0	0	0	0.999977
2085	1	metal5	510	162	0	0	0	0.999979
2086	1	metal5	520	162	0	0	0	0.999982
2087	1	metal5	530	162	0	0	0	0.999983
2088	1	metal5	540	162	0	0	0	0.999985
2089	1	metal5	550	162	0	0	0	0.999987
2090	1	metal5	560	162	0	0	0	0.999984
2091	1	metal5	570	162	0	0	0	0.999982
2092	1	metal5	580	162	0	0	0	0.999982
2093	1	metal5	590	162	0	0	0	0.999979
2094	1	metal5	600	162	0	0	0	0.999977
2095	1	metal5	610	162	0	0	0	0.999976
2096	1	metal5	620	162	0	0	0	0.999973
2097	1	metal5	630	162	0	0	0	0.999971
2098	1	metal5	640	162	0	0	0	0.99997
2099	1	metal5	650	162	0	0	0	0.999968
2100	1	metal5	660	162	0	0	0	0.999966
2101	1	metal5	670	162	0	0	0	0.999965
2102	1	metal5	680	162	0	0	0	0.999963
2103	1	metal5	690	162	0	0	0	0.999962
2104	1	metal5	700	162	0	0	0	0.999962
2105	1	metal5	710	162	0	0	0	0.99996
2106	1	metal5	720	162	0	0	0	0.999959
2107	1	metal5	730	162	0	0	0	0.999958
2108	1	metal5	740	162	0	0	0	0.999957
2109	1	metal5	750	162	0	0	0	0.999956
2110	1	metal5	760	162	0	0	0	0.999956
2111	1	metal5	770	162	0	0	0	0.999955
2112	1	metal5	780	162	0	0	0	0.999954
2113	1	metal5	790	162	0	0	0	0.999953
2114	1	metal5	800	162	0	0	0	0.999953
2115	1	metal5	810	162	0	0	0	0.999952
2116	1	metal5	820	162	0	0	0	0.999952
2117	1	metal5	830	162	0	0	0	0.999951
2118	1	metal5	840	162	0	0	0	0.999951
2119	1	metal5	850	162	0	0	0	0.99995
2120	1	metal5	860	162	0	0	0	0.99995
2121	1	metal5	870	162	0	0	0	0.999949
2122	1	metal5	880	162	0	0	0	0.999949
2123	1	metal5	890	162	0	0	0	0.999948
2124	1	metal5	900	162	0	0	0	0.999948
2125	1	metal5	910	162	0	0	0	0.999948
2126	1	metal5	920	162	0	0	0	0.999947
2127	1	metal5	930	162	0	0	0	0.999947
2128	1	metal5	940	162	0	0	0	0.999947
2129	1	metal5	950	162	0	0	0	0.999947
2130	1	metal5	960	162	0	0	0	0.999946
2131	1	metal5	970	162	0	0	0	0.999946
2132	1	metal5	980	162	0	0	0	0.999946
2133	1	metal5	990	162	0	0	0	0.999946
2134	1	metal5	1000	162	0	0	0	0.999946
2135	1	metal5	1010	162	0	0	0	0.999945
2136	1	metal5	1020	162	0	0	0	0.999945
2137	1	metal5	1030	162	0	0	0	0.999945
2138	1	metal5	1040	162	0	0	0	0.999945
2139	1	metal5	1050	162	0	0	0	0.999945
2140	1	metal5	1060	162	0	0	0	0.999945
2141	1	metal5	1070	162	0	0	0	0.999945
2142	1	metal5	1080	162	0	0	0	0.999945
2143	1	metal5	1090	162	0	0	0	0.999945
2144	1	metal5	10	172	0	0	0	0.999942
2145	1	metal5	20	172	0	0	0	0.999943
2146	1	metal5	30	172	0	0	0	0.999943
2147	1	metal5	40	172	0	0	0	0.999943
2148	1	metal5	50	172	0	0	0	0.999943
2149	1	metal5	60	172	0	0	0	0.999943
2150	1	metal5	70	172	0	0	0	0.999943
2151	1	metal5	80	172	0	0	0	0.999943
2152	1	metal5	90	172	0	0	0	0.999943
2153	1	metal5	100	172	0	0	0	0.999944
2154	1	metal5	110	172	0	0	0	0.999944
2155	1	metal5	120	172	0	0	0	0.999944
2156	1	metal5	130	172	0	0	0	0.999944
2157	1	metal5	140	172	0	0	0	0.999945
2158	1	metal5	150	172	0	0	0	0.999945
2159	1	metal5	160	172	0	0	0	0.999945
2160	1	metal5	170	172	0	0	0	0.999945
2161	1	metal5	180	172	0	0	0	0.999946
2162	1	metal5	190	172	0	0	0	0.999946
2163	1	metal5	200	172	0	0	0	0.999947
2164	1	metal5	210	172	0	0	0	0.999947
2165	1	metal5	220	172	0	0	0	0.999948
2166	1	metal5	230	172	0	0	0	0.999948
2167	1	metal5	240	172	0	0	0	0.999949
2168	1	metal5	250	172	0	0	0	0.999949
2169	1	metal5	260	172	0	0	0	0.99995
2170	1	metal5	270	172	0	0	0	0.999951
2171	1	metal5	280	172	0	0	0	0.999951
2172	1	metal5	290	172	0	0	0	0.999952
2173	1	metal5	300	172	0	0	0	0.999952
2174	1	metal5	310	172	0	0	0	0.999953
2175	1	metal5	320	172	0	0	0	0.999954
2176	1	metal5	330	172	0	0	0	0.999955
2177	1	metal5	340	172	0	0	0	0.999955
2178	1	metal5	350	172	0	0	0	0.999956
2179	1	metal5	360	172	0	0	0	0.999957
2180	1	metal5	370	172	0	0	0	0.999958
2181	1	metal5	380	172	0	0	0	0.999959
2182	1	metal5	390	172	0	0	0	0.99996
2183	1	metal5	400	172	0	0	0	0.999961
2184	1	metal5	410	172	0	0	0	0.999963
2185	1	metal5	420	172	0	0	0	0.999964
2186	1	metal5	430	172	0	0	0	0.999966
2187	1	metal5	440	172	0	0	0	0.999967
2188	1	metal5	450	172	0	0	0	0.999968
2189	1	metal5	460	172	0	0	0	0.999969
2190	1	metal5	470	172	0	0	0	0.999971
2191	1	metal5	480	172	0	0	0	0.999973
2192	1	metal5	490	172	0	0	0	0.999975
2193	1	metal5	500	172	0	0	0	0.999976
2194	1	metal5	510	172	0	0	0	0.999977
2195	1	metal5	520	172	0	0	0	0.99998
2196	1	metal5	530	172	0	0	0	0.999982
2197	1	metal5	540	172	0	0	0	0.999983
2198	1	metal5	550	172	0	0	0	0.999984
2199	1	metal5	560	172	0	0	0	0.999982
2200	1	metal5	570	172	0	0	0	0.99998
2201	1	metal5	580	172	0	0	0	0.99998
2202	1	metal5	590	172	0	0	0	0.999978
2203	1	metal5	600	172	0	0	0	0.999976
2204	1	metal5	610	172	0	0	0	0.999975
2205	1	metal5	620	172	0	0	0	0.999972
2206	1	metal5	630	172	0	0	0	0.99997
2207	1	metal5	640	172	0	0	0	0.999969
2208	1	metal5	650	172	0	0	0	0.999967
2209	1	metal5	660	172	0	0	0	0.999966
2210	1	metal5	670	172	0	0	0	0.999964
2211	1	metal5	680	172	0	0	0	0.999962
2212	1	metal5	690	172	0	0	0	0.999961
2213	1	metal5	700	172	0	0	0	0.999961
2214	1	metal5	710	172	0	0	0	0.99996
2215	1	metal5	720	172	0	0	0	0.999959
2216	1	metal5	730	172	0	0	0	0.999958
2217	1	metal5	740	172	0	0	0	0.999956
2218	1	metal5	750	172	0	0	0	0.999955
2219	1	metal5	760	172	0	0	0	0.999955
2220	1	metal5	770	172	0	0	0	0.999954
2221	1	metal5	780	172	0	0	0	0.999953
2222	1	metal5	790	172	0	0	0	0.999953
2223	1	metal5	800	172	0	0	0	0.999952
2224	1	metal5	810	172	0	0	0	0.999952
2225	1	metal5	820	172	0	0	0	0.999951
2226	1	metal5	830	172	0	0	0	0.999951
2227	1	metal5	840	172	0	0	0	0.99995
2228	1	metal5	850	172	0	0	0	0.99995
2229	1	metal5	860	172	0	0	0	0.999949
2230	1	metal5	870	172	0	0	0	0.999949
2231	1	metal5	880	172	0	0	0	0.999949
2232	1	metal5	890	172	0	0	0	0.999948
2233	1	metal5	900	172	0	0	0	0.999948
2234	1	metal5	910	172	0	0	0	0.999947
2235	1	metal5	920	172	0	0	0	0.999947
2236	1	metal5	930	172	0	0	0	0.999947
2237	1	metal5	940	172	0	0	0	0.999947
2238	1	metal5	950	172	0	0	0	0.999946
2239	1	metal5	960	172	0	0	0	0.999946
2240	1	metal5	970	172	0	0	0	0.999946
2241	1	metal5	980	172	0	0	0	0.999946
2242	1	metal5	990	172	0	0	0	0.999946
2243	1	metal5	1000	172	0	0	0	0.999945
2244	1	metal5	1010	172	0	0	0	0.999945
2245	1	metal5	1020	172	0	0	0	0.999945
2246	1	metal5	1030	172	0	0	0	0.999945
2247	1	metal5	1040	172	0	0	0	0.999945
2248	1	metal5	1050	172	0	0	0	0.999945
2249	1	metal5	1060	172	0	0	0	0.999945
2250	1	metal5	1070	172	0	0	0	0.999944
2251	1	metal5	1080	172	0	0	0	0.999944
2252	1	metal5	1090	172	0	0	0	0.999945
2253	1	metal5	10	182	0	0	0	0.999941
2254	1	metal5	20	182	0	0	0	0.999942
2255	1	metal5	30	182	0	0	0	0.999942
2256	1	metal5	40	182	0	0	0	0.999942
2257	1	metal5	50	182	0	0	0	0.999942
2258	1	metal5	60	182	0	0	0	0.999942
2259	1	metal5	70	182	0	0	0	0.999941
2260	1	metal5	80	182	0	0	0	0.999942
2261	1	metal5	90	182	0	0	0	0.999943
2262	1	metal5	100	182	0	0	0	0.999943
2263	1	metal5	110	182	0	0	0	0.999943
2264	1	metal5	120	182	0	0	0	0.999942
2265	1	metal5	130	182	0	0	0	0.999943
2266	1	metal5	140	182	0	0	0	0.999944
2267	1	metal5	150	182	0	0	0	0.999945
2268	1	metal5	160	182	0	0	0	0.999945
2269	1	metal5	170	182	0	0	0	0.999945
2270	1	metal5	180	182	0	0	0	0.999944
2271	1	metal5	190	182	0	0	0	0.999945
2272	1	metal5	200	182	0	0	0	0.999946
2273	1	metal5	210	182	0	0	0	0.999947
2274	1	metal5	220	182	0	0	0	0.999947
2275	1	metal5	230	182	0	0	0	0.999946
2276	1	metal5	240	182	0	0	0	0.999948
2277	1	metal5	250	182	0	0	0	0.999949
2278	1	metal5	260	182	0	0	0	0.99995
2279	1	metal5	270	182	0	0	0	0.99995
2280	1	metal5	280	182	0	0	0	0.99995
2281	1	metal5	290	182	0	0	0	0.999949
2282	1	metal5	300	182	0	0	0	0.999951
2283	1	metal5	310	182	0	0	0	0.999953
2284	1	metal5	320	182	0	0	0	0.999954
2285	1	metal5	330	182	0	0	0	0.999954
2286	1	metal5	340	182	0	0	0	0.999954
2287	1	metal5	350	182	0	0	0	0.999953
2288	1	metal5	360	182	0	0	0	0.999956
2289	1	metal5	370	182	0	0	0	0.999957
2290	1	metal5	380	182	0	0	0	0.999958
2291	1	metal5	390	182	0	0	0	0.999958
2292	1	metal5	400	182	0	0	0	0.999957
2293	1	metal5	410	182	0	0	0	0.999961
2294	1	metal5	420	182	0	0	0	0.999963
2295	1	metal5	430	182	0	0	0	0.999965
2296	1	metal5	440	182	0	0	0	0.999966
2297	1	metal5	450	182	0	0	0	0.999965
2298	1	metal5	460	182	0	0	0	0.999962
2299	1	metal5	470	182	0	0	0	0.999968
2300	1	metal5	480	182	0	0	0	0.999971
2301	1	metal5	490	182	0	0	0	0.999973
2302	1	metal5	500	182	0	0	0	0.999972
2303	1	metal5	510	182	0	0	0	0.999967
2304	1	metal5	520	182	0	0	0	0.999976
2305	1	metal5	530	182	0	0	0	0.99998
2306	1	metal5	540	182	0	0	0	0.999982
2307	1	metal5	550	182	0	0	0	0.999982
2308	1	metal5	560	182	0	0	0	0.999977
2309	1	metal5	570	182	0	0	0	0.999968
2310	1	metal5	580	182	0	0	0	0.999975
2311	1	metal5	590	182	0	0	0	0.999976
2312	1	metal5	600	182	0	0	0	0.999975
2313	1	metal5	610	182	0	0	0	0.999973
2314	1	metal5	620	182	0	0	0	0.999969
2315	1	metal5	630	182	0	0	0	0.999962
2316	1	metal5	640	182	0	0	0	0.999965
2317	1	metal5	650	182	0	0	0	0.999965
2318	1	metal5	660	182	0	0	0	0.999964
2319	1	metal5	670	182	0	0	0	0.999962
2320	1	metal5	680	182	0	0	0	0.999957
2321	1	metal5	690	182	0	0	0	0.999959
2322	1	metal5	700	182	0	0	0	0.99996
2323	1	metal5	710	182	0	0	0	0.999959
2324	1	metal5	720	182	0	0	0	0.999958
2325	1	metal5	730	182	0	0	0	0.999956
2326	1	metal5	740	182	0	0	0	0.999953
2327	1	metal5	750	182	0	0	0	0.999954
2328	1	metal5	760	182	0	0	0	0.999954
2329	1	metal5	770	182	0	0	0	0.999953
2330	1	metal5	780	182	0	0	0	0.999952
2331	1	metal5	790	182	0	0	0	0.99995
2332	1	metal5	800	182	0	0	0	0.999951
2333	1	metal5	810	182	0	0	0	0.999951
2334	1	metal5	820	182	0	0	0	0.999951
2335	1	metal5	830	182	0	0	0	0.99995
2336	1	metal5	840	182	0	0	0	0.999949
2337	1	metal5	850	182	0	0	0	0.999948
2338	1	metal5	860	182	0	0	0	0.999948
2339	1	metal5	870	182	0	0	0	0.999948
2340	1	metal5	880	182	0	0	0	0.999948
2341	1	metal5	890	182	0	0	0	0.999948
2342	1	metal5	900	182	0	0	0	0.999947
2343	1	metal5	910	182	0	0	0	0.999946
2344	1	metal5	920	182	0	0	0	0.999946
2345	1	metal5	930	182	0	0	0	0.999946
2346	1	metal5	940	182	0	0	0	0.999946
2347	1	metal5	950	182	0	0	0	0.999945
2348	1	metal5	960	182	0	0	0	0.999944
2349	1	metal5	970	182	0	0	0	0.999945
2350	1	metal5	980	182	0	0	0	0.999945
2351	1	metal5	990	182	0	0	0	0.999945
2352	1	metal5	1000	182	0	0	0	0.999945
2353	1	metal5	1010	182	0	0	0	0.999944
2354	1	metal5	1020	182	0	0	0	0.999943
2355	1	metal5	1030	182	0	0	0	0.999944
2356	1	metal5	1040	182	0	0	0	0.999944
2357	1	metal5	1050	182	0	0	0	0.999944
2358	1	metal5	1060	182	0	0	0	0.999944
2359	1	metal5	1070	182	0	0	0	0.999943
2360	1	metal5	1080	182	0	0	0	0.999944
2361	1	metal5	1090	182	0	0	0	0.999944
2362	1	metal5	10	192	0	0	0	0.999942
2363	1	metal5	20	192	0	0	0	0.999942
2364	1	metal5	30	192	0	0	0	0.999942
2365	1	metal5	40	192	0	0	0	0.999943
2366	1	metal5	50	192	0	0	0	0.999943
2367	1	metal5	60	192	0	0	0	0.999943
2368	1	metal5	70	192	0	0	0	0.999943
2369	1	metal5	80	192	0	0	0	0.999943
2370	1	metal5	90	192	0	0	0	0.999943
2371	1	metal5	100	192	0	0	0	0.999943
2372	1	metal5	110	192	0	0	0	0.999943
2373	1	metal5	120	192	0	0	0	0.999944
2374	1	metal5	130	192	0	0	0	0.999944
2375	1	metal5	140	192	0	0	0	0.999944
2376	1	metal5	150	192	0	0	0	0.999945
2377	1	metal5	160	192	0	0	0	0.999945
2378	1	metal5	170	192	0	0	0	0.999945
2379	1	metal5	180	192	0	0	0	0.999946
2380	1	metal5	190	192	0	0	0	0.999946
2381	1	metal5	200	192	0	0	0	0.999947
2382	1	metal5	210	192	0	0	0	0.999947
2383	1	metal5	220	192	0	0	0	0.999948
2384	1	metal5	230	192	0	0	0	0.999948
2385	1	metal5	240	192	0	0	0	0.999949
2386	1	metal5	250	192	0	0	0	0.999949
2387	1	metal5	260	192	0	0	0	0.99995
2388	1	metal5	270	192	0	0	0	0.99995
2389	1	metal5	280	192	0	0	0	0.999951
2390	1	metal5	290	192	0	0	0	0.999951
2391	1	metal5	300	192	0	0	0	0.999952
2392	1	metal5	310	192	0	0	0	0.999953
2393	1	metal5	320	192	0	0	0	0.999954
2394	1	metal5	330	192	0	0	0	0.999955
2395	1	metal5	340	192	0	0	0	0.999955
2396	1	metal5	350	192	0	0	0	0.999956
2397	1	metal5	360	192	0	0	0	0.999957
2398	1	metal5	370	192	0	0	0	0.999958
2399	1	metal5	380	192	0	0	0	0.999959
2400	1	metal5	390	192	0	0	0	0.99996
2401	1	metal5	400	192	0	0	0	0.999962
2402	1	metal5	410	192	0	0	0	0.999963
2403	1	metal5	420	192	0	0	0	0.999964
2404	1	metal5	430	192	0	0	0	0.999966
2405	1	metal5	440	192	0	0	0	0.999967
2406	1	metal5	450	192	0	0	0	0.999968
2407	1	metal5	460	192	0	0	0	0.99997
2408	1	metal5	470	192	0	0	0	0.999971
2409	1	metal5	480	192	0	0	0	0.999973
2410	1	metal5	490	192	0	0	0	0.999975
2411	1	metal5	500	192	0	0	0	0.999976
2412	1	metal5	510	192	0	0	0	0.999977
2413	1	metal5	520	192	0	0	0	0.999981
2414	1	metal5	530	192	0	0	0	0.999982
2415	1	metal5	540	192	0	0	0	0.999984
2416	1	metal5	550	192	0	0	0	0.999987
2417	1	metal5	560	192	0	0	0	0.999983
2418	1	metal5	570	192	0	0	0	0.99998
2419	1	metal5	580	192	0	0	0	0.999981
2420	1	metal5	590	192	0	0	0	0.999978
2421	1	metal5	600	192	0	0	0	0.999977
2422	1	metal5	610	192	0	0	0	0.999975
2423	1	metal5	620	192	0	0	0	0.999972
2424	1	metal5	630	192	0	0	0	0.99997
2425	1	metal5	640	192	0	0	0	0.999969
2426	1	metal5	650	192	0	0	0	0.999967
2427	1	metal5	660	192	0	0	0	0.999966
2428	1	metal5	670	192	0	0	0	0.999964
2429	1	metal5	680	192	0	0	0	0.999962
2430	1	metal5	690	192	0	0	0	0.999961
2431	1	metal5	700	192	0	0	0	0.999961
2432	1	metal5	710	192	0	0	0	0.99996
2433	1	metal5	720	192	0	0	0	0.999959
2434	1	metal5	730	192	0	0	0	0.999958
2435	1	metal5	740	192	0	0	0	0.999956
2436	1	metal5	750	192	0	0	0	0.999955
2437	1	metal5	760	192	0	0	0	0.999955
2438	1	metal5	770	192	0	0	0	0.999954
2439	1	metal5	780	192	0	0	0	0.999953
2440	1	metal5	790	192	0	0	0	0.999953
2441	1	metal5	800	192	0	0	0	0.999952
2442	1	metal5	810	192	0	0	0	0.999952
2443	1	metal5	820	192	0	0	0	0.999951
2444	1	metal5	830	192	0	0	0	0.999951
2445	1	metal5	840	192	0	0	0	0.99995
2446	1	metal5	850	192	0	0	0	0.999949
2447	1	metal5	860	192	0	0	0	0.999949
2448	1	metal5	870	192	0	0	0	0.999949
2449	1	metal5	880	192	0	0	0	0.999948
2450	1	metal5	890	192	0	0	0	0.999948
2451	1	metal5	900	192	0	0	0	0.999947
2452	1	metal5	910	192	0	0	0	0.999947
2453	1	metal5	920	192	0	0	0	0.999947
2454	1	metal5	930	192	0	0	0	0.999947
2455	1	metal5	940	192	0	0	0	0.999946
2456	1	metal5	950	192	0	0	0	0.999946
2457	1	metal5	960	192	0	0	0	0.999946
2458	1	metal5	970	192	0	0	0	0.999946
2459	1	metal5	980	192	0	0	0	0.999945
2460	1	metal5	990	192	0	0	0	0.999945
2461	1	metal5	1000	192	0	0	0	0.999945
2462	1	metal5	1010	192	0	0	0	0.999945
2463	1	metal5	1020	192	0	0	0	0.999945
2464	1	metal5	1030	192	0	0	0	0.999945
2465	1	metal5	1040	192	0	0	0	0.999944
2466	1	metal5	1050	192	0	0	0	0.999944
2467	1	metal5	1060	192	0	0	0	0.999944
2468	1	metal5	1070	192	0	0	0	0.999944
2469	1	metal5	1080	192	0	0	0	0.999944
2470	1	metal5	1090	192	0	0	0	0.999944
2471	1	metal5	10	202	0	0	0	0.999942
2472	1	metal5	20	202	0	0	0	0.999942
2473	1	metal5	30	202	0	0	0	0.999942
2474	1	metal5	40	202	0	0	0	0.999943
2475	1	metal5	50	202	0	0	0	0.999943
2476	1	metal5	60	202	0	0	0	0.999943
2477	1	metal5	70	202	0	0	0	0.999943
2478	1	metal5	80	202	0	0	0	0.999943
2479	1	metal5	90	202	0	0	0	0.999943
2480	1	metal5	100	202	0	0	0	0.999943
2481	1	metal5	110	202	0	0	0	0.999943
2482	1	metal5	120	202	0	0	0	0.999944
2483	1	metal5	130	202	0	0	0	0.999944
2484	1	metal5	140	202	0	0	0	0.999944
2485	1	metal5	150	202	0	0	0	0.999945
2486	1	metal5	160	202	0	0	0	0.999945
2487	1	metal5	170	202	0	0	0	0.999945
2488	1	metal5	180	202	0	0	0	0.999946
2489	1	metal5	190	202	0	0	0	0.999946
2490	1	metal5	200	202	0	0	0	0.999947
2491	1	metal5	210	202	0	0	0	0.999947
2492	1	metal5	220	202	0	0	0	0.999948
2493	1	metal5	230	202	0	0	0	0.999948
2494	1	metal5	240	202	0	0	0	0.999949
2495	1	metal5	250	202	0	0	0	0.999949
2496	1	metal5	260	202	0	0	0	0.99995
2497	1	metal5	270	202	0	0	0	0.999951
2498	1	metal5	280	202	0	0	0	0.999951
2499	1	metal5	290	202	0	0	0	0.999952
2500	1	metal5	300	202	0	0	0	0.999952
2501	1	metal5	310	202	0	0	0	0.999953
2502	1	metal5	320	202	0	0	0	0.999954
2503	1	metal5	330	202	0	0	0	0.999955
2504	1	metal5	340	202	0	0	0	0.999955
2505	1	metal5	350	202	0	0	0	0.999956
2506	1	metal5	360	202	0	0	0	0.999957
2507	1	metal5	370	202	0	0	0	0.999958
2508	1	metal5	380	202	0	0	0	0.999959
2509	1	metal5	390	202	0	0	0	0.99996
2510	1	metal5	400	202	0	0	0	0.999962
2511	1	metal5	410	202	0	0	0	0.999963
2512	1	metal5	420	202	0	0	0	0.999964
2513	1	metal5	430	202	0	0	0	0.999966
2514	1	metal5	440	202	0	0	0	0.999967
2515	1	metal5	450	202	0	0	0	0.999968
2516	1	metal5	460	202	0	0	0	0.99997
2517	1	metal5	470	202	0	0	0	0.999971
2518	1	metal5	480	202	0	0	0	0.999973
2519	1	metal5	490	202	0	0	0	0.999975
2520	1	metal5	500	202	0	0	0	0.999976
2521	1	metal5	510	202	0	0	0	0.999978
2522	1	metal5	520	202	0	0	0	0.999981
2523	1	metal5	530	202	0	0	0	0.999982
2524	1	metal5	540	202	0	0	0	0.999983
2525	1	metal5	550	202	0	0	0	0.999985
2526	1	metal5	560	202	0	0	0	0.999982
2527	1	metal5	570	202	0	0	0	0.999981
2528	1	metal5	580	202	0	0	0	0.99998
2529	1	metal5	590	202	0	0	0	0.999978
2530	1	metal5	600	202	0	0	0	0.999977
2531	1	metal5	610	202	0	0	0	0.999975
2532	1	metal5	620	202	0	0	0	0.999972
2533	1	metal5	630	202	0	0	0	0.99997
2534	1	metal5	640	202	0	0	0	0.999969
2535	1	metal5	650	202	0	0	0	0.999967
2536	1	metal5	660	202	0	0	0	0.999966
2537	1	metal5	670	202	0	0	0	0.999964
2538	1	metal5	680	202	0	0	0	0.999963
2539	1	metal5	690	202	0	0	0	0.999962
2540	1	metal5	700	202	0	0	0	0.999961
2541	1	metal5	710	202	0	0	0	0.99996
2542	1	metal5	720	202	0	0	0	0.999959
2543	1	metal5	730	202	0	0	0	0.999958
2544	1	metal5	740	202	0	0	0	0.999956
2545	1	metal5	750	202	0	0	0	0.999956
2546	1	metal5	760	202	0	0	0	0.999955
2547	1	metal5	770	202	0	0	0	0.999954
2548	1	metal5	780	202	0	0	0	0.999953
2549	1	metal5	790	202	0	0	0	0.999953
2550	1	metal5	800	202	0	0	0	0.999952
2551	1	metal5	810	202	0	0	0	0.999952
2552	1	metal5	820	202	0	0	0	0.999951
2553	1	metal5	830	202	0	0	0	0.99995
2554	1	metal5	840	202	0	0	0	0.99995
2555	1	metal5	850	202	0	0	0	0.999949
2556	1	metal5	860	202	0	0	0	0.999949
2557	1	metal5	870	202	0	0	0	0.999949
2558	1	metal5	880	202	0	0	0	0.999948
2559	1	metal5	890	202	0	0	0	0.999948
2560	1	metal5	900	202	0	0	0	0.999947
2561	1	metal5	910	202	0	0	0	0.999947
2562	1	metal5	920	202	0	0	0	0.999947
2563	1	metal5	930	202	0	0	0	0.999947
2564	1	metal5	940	202	0	0	0	0.999946
2565	1	metal5	950	202	0	0	0	0.999946
2566	1	metal5	960	202	0	0	0	0.999946
2567	1	metal5	970	202	0	0	0	0.999946
2568	1	metal5	980	202	0	0	0	0.999945
2569	1	metal5	990	202	0	0	0	0.999945
2570	1	metal5	1000	202	0	0	0	0.999945
2571	1	metal5	1010	202	0	0	0	0.999945
2572	1	metal5	1020	202	0	0	0	0.999945
2573	1	metal5	1030	202	0	0	0	0.999945
2574	1	metal5	1040	202	0	0	0	0.999944
2575	1	metal5	1050	202	0	0	0	0.999944
2576	1	metal5	1060	202	0	0	0	0.999944
2577	1	metal5	1070	202	0	0	0	0.999944
2578	1	metal5	1080	202	0	0	0	0.999944
2579	1	metal5	1090	202	0	0	0	0.999944
2580	1	metal5	10	212	0	0	0	0.999942
2581	1	metal5	20	212	0	0	0	0.999942
2582	1	metal5	30	212	0	0	0	0.999942
2583	1	metal5	40	212	0	0	0	0.999942
2584	1	metal5	50	212	0	0	0	0.999943
2585	1	metal5	60	212	0	0	0	0.999943
2586	1	metal5	70	212	0	0	0	0.999943
2587	1	metal5	80	212	0	0	0	0.999943
2588	1	metal5	90	212	0	0	0	0.999943
2589	1	metal5	100	212	0	0	0	0.999943
2590	1	metal5	110	212	0	0	0	0.999943
2591	1	metal5	120	212	0	0	0	0.999944
2592	1	metal5	130	212	0	0	0	0.999944
2593	1	metal5	140	212	0	0	0	0.999944
2594	1	metal5	150	212	0	0	0	0.999945
2595	1	metal5	160	212	0	0	0	0.999945
2596	1	metal5	170	212	0	0	0	0.999945
2597	1	metal5	180	212	0	0	0	0.999946
2598	1	metal5	190	212	0	0	0	0.999946
2599	1	metal5	200	212	0	0	0	0.999947
2600	1	metal5	210	212	0	0	0	0.999947
2601	1	metal5	220	212	0	0	0	0.999948
2602	1	metal5	230	212	0	0	0	0.999948
2603	1	metal5	240	212	0	0	0	0.999949
2604	1	metal5	250	212	0	0	0	0.999949
2605	1	metal5	260	212	0	0	0	0.99995
2606	1	metal5	270	212	0	0	0	0.999951
2607	1	metal5	280	212	0	0	0	0.999951
2608	1	metal5	290	212	0	0	0	0.999952
2609	1	metal5	300	212	0	0	0	0.999952
2610	1	metal5	310	212	0	0	0	0.999953
2611	1	metal5	320	212	0	0	0	0.999954
2612	1	metal5	330	212	0	0	0	0.999955
2613	1	metal5	340	212	0	0	0	0.999956
2614	1	metal5	350	212	0	0	0	0.999956
2615	1	metal5	360	212	0	0	0	0.999957
2616	1	metal5	370	212	0	0	0	0.999958
2617	1	metal5	380	212	0	0	0	0.999959
2618	1	metal5	390	212	0	0	0	0.99996
2619	1	metal5	400	212	0	0	0	0.999962
2620	1	metal5	410	212	0	0	0	0.999963
2621	1	metal5	420	212	0	0	0	0.999964
2622	1	metal5	430	212	0	0	0	0.999966
2623	1	metal5	440	212	0	0	0	0.999967
2624	1	metal5	450	212	0	0	0	0.999968
2625	1	metal5	460	212	0	0	0	0.99997
2626	1	metal5	470	212	0	0	0	0.999971
2627	1	metal5	480	212	0	0	0	0.999973
2628	1	metal5	490	212	0	0	0	0.999975
2629	1	metal5	500	212	0	0	0	0.999976
2630	1	metal5	510	212	0	0	0	0.999978
2631	1	metal5	520	212	0	0	0	0.999981
2632	1	metal5	530	212	0	0	0	0.999982
2633	1	metal5	540	212	0	0	0	0.999983
2634	1	metal5	550	212	0	0	0	0.999985
2635	1	metal5	560	212	0	0	0	0.999982
2636	1	metal5	570	212	0	0	0	0.999981
2637	1	metal5	580	212	0	0	0	0.99998
2638	1	metal5	590	212	0	0	0	0.999978
2639	1	metal5	600	212	0	0	0	0.999977
2640	1	metal5	610	212	0	0	0	0.999975
2641	1	metal5	620	212	0	0	0	0.999972
2642	1	metal5	630	212	0	0	0	0.99997
2643	1	metal5	640	212	0	0	0	0.999969
2644	1	metal5	650	212	0	0	0	0.999967
2645	1	metal5	660	212	0	0	0	0.999966
2646	1	metal5	670	212	0	0	0	0.999964
2647	1	metal5	680	212	0	0	0	0.999963
2648	1	metal5	690	212	0	0	0	0.999962
2649	1	metal5	700	212	0	0	0	0.999961
2650	1	metal5	710	212	0	0	0	0.99996
2651	1	metal5	720	212	0	0	0	0.999959
2652	1	metal5	730	212	0	0	0	0.999958
2653	1	metal5	740	212	0	0	0	0.999956
2654	1	metal5	750	212	0	0	0	0.999955
2655	1	metal5	760	212	0	0	0	0.999955
2656	1	metal5	770	212	0	0	0	0.999954
2657	1	metal5	780	212	0	0	0	0.999953
2658	1	metal5	790	212	0	0	0	0.999953
2659	1	metal5	800	212	0	0	0	0.999952
2660	1	metal5	810	212	0	0	0	0.999951
2661	1	metal5	820	212	0	0	0	0.999951
2662	1	metal5	830	212	0	0	0	0.99995
2663	1	metal5	840	212	0	0	0	0.99995
2664	1	metal5	850	212	0	0	0	0.999949
2665	1	metal5	860	212	0	0	0	0.999949
2666	1	metal5	870	212	0	0	0	0.999949
2667	1	metal5	880	212	0	0	0	0.999948
2668	1	metal5	890	212	0	0	0	0.999948
2669	1	metal5	900	212	0	0	0	0.999947
2670	1	metal5	910	212	0	0	0	0.999947
2671	1	metal5	920	212	0	0	0	0.999947
2672	1	metal5	930	212	0	0	0	0.999946
2673	1	metal5	940	212	0	0	0	0.999946
2674	1	metal5	950	212	0	0	0	0.999946
2675	1	metal5	960	212	0	0	0	0.999946
2676	1	metal5	970	212	0	0	0	0.999945
2677	1	metal5	980	212	0	0	0	0.999945
2678	1	metal5	990	212	0	0	0	0.999945
2679	1	metal5	1000	212	0	0	0	0.999945
2680	1	metal5	1010	212	0	0	0	0.999945
2681	1	metal5	1020	212	0	0	0	0.999944
2682	1	metal5	1030	212	0	0	0	0.999944
2683	1	metal5	1040	212	0	0	0	0.999944
2684	1	metal5	1050	212	0	0	0	0.999944
2685	1	metal5	1060	212	0	0	0	0.999944
2686	1	metal5	1070	212	0	0	0	0.999944
2687	1	metal5	1080	212	0	0	0	0.999944
2688	1	metal5	1090	212	0	0	0	0.999944
2689	1	metal5	10	222	0	0	0	0.999942
2690	1	metal5	20	222	0	0	0	0.999942
2691	1	metal5	30	222	0	0	0	0.999942
2692	1	metal5	40	222	0	0	0	0.999942
2693	1	metal5	50	222	0	0	0	0.999942
2694	1	metal5	60	222	0	0	0	0.999942
2695	1	metal5	70	222	0	0	0	0.999943
2696	1	metal5	80	222	0	0	0	0.999943
2697	1	metal5	90	222	0	0	0	0.999943
2698	1	metal5	100	222	0	0	0	0.999943
2699	1	metal5	110	222	0	0	0	0.999943
2700	1	metal5	120	222	0	0	0	0.999944
2701	1	metal5	130	222	0	0	0	0.999944
2702	1	metal5	140	222	0	0	0	0.999944
2703	1	metal5	150	222	0	0	0	0.999945
2704	1	metal5	160	222	0	0	0	0.999945
2705	1	metal5	170	222	0	0	0	0.999945
2706	1	metal5	180	222	0	0	0	0.999945
2707	1	metal5	190	222	0	0	0	0.999946
2708	1	metal5	200	222	0	0	0	0.999947
2709	1	metal5	210	222	0	0	0	0.999947
2710	1	metal5	220	222	0	0	0	0.999948
2711	1	metal5	230	222	0	0	0	0.999948
2712	1	metal5	240	222	0	0	0	0.999949
2713	1	metal5	250	222	0	0	0	0.999949
2714	1	metal5	260	222	0	0	0	0.99995
2715	1	metal5	270	222	0	0	0	0.99995
2716	1	metal5	280	222	0	0	0	0.999951
2717	1	metal5	290	222	0	0	0	0.999951
2718	1	metal5	300	222	0	0	0	0.999952
2719	1	metal5	310	222	0	0	0	0.999953
2720	1	metal5	320	222	0	0	0	0.999954
2721	1	metal5	330	222	0	0	0	0.999955
2722	1	metal5	340	222	0	0	0	0.999956
2723	1	metal5	350	222	0	0	0	0.999956
2724	1	metal5	360	222	0	0	0	0.999957
2725	1	metal5	370	222	0	0	0	0.999958
2726	1	metal5	380	222	0	0	0	0.999959
2727	1	metal5	390	222	0	0	0	0.99996
2728	1	metal5	400	222	0	0	0	0.999962
2729	1	metal5	410	222	0	0	0	0.999963
2730	1	metal5	420	222	0	0	0	0.999964
2731	1	metal5	430	222	0	0	0	0.999966
2732	1	metal5	440	222	0	0	0	0.999967
2733	1	metal5	450	222	0	0	0	0.999968
2734	1	metal5	460	222	0	0	0	0.99997
2735	1	metal5	470	222	0	0	0	0.999971
2736	1	metal5	480	222	0	0	0	0.999973
2737	1	metal5	490	222	0	0	0	0.999975
2738	1	metal5	500	222	0	0	0	0.999976
2739	1	metal5	510	222	0	0	0	0.999977
2740	1	metal5	520	222	0	0	0	0.999981
2741	1	metal5	530	222	0	0	0	0.999982
2742	1	metal5	540	222	0	0	0	0.999984
2743	1	metal5	550	222	0	0	0	0.999987
2744	1	metal5	560	222	0	0	0	0.999983
2745	1	metal5	570	222	0	0	0	0.99998
2746	1	metal5	580	222	0	0	0	0.999981
2747	1	metal5	590	222	0	0	0	0.999978
2748	1	metal5	600	222	0	0	0	0.999977
2749	1	metal5	610	222	0	0	0	0.999975
2750	1	metal5	620	222	0	0	0	0.999972
2751	1	metal5	630	222	0	0	0	0.99997
2752	1	metal5	640	222	0	0	0	0.999969
2753	1	metal5	650	222	0	0	0	0.999967
2754	1	metal5	660	222	0	0	0	0.999966
2755	1	metal5	670	222	0	0	0	0.999965
2756	1	metal5	680	222	0	0	0	0.999962
2757	1	metal5	690	222	0	0	0	0.999961
2758	1	metal5	700	222	0	0	0	0.999961
2759	1	metal5	710	222	0	0	0	0.99996
2760	1	metal5	720	222	0	0	0	0.999959
2761	1	metal5	730	222	0	0	0	0.999958
2762	1	metal5	740	222	0	0	0	0.999956
2763	1	metal5	750	222	0	0	0	0.999955
2764	1	metal5	760	222	0	0	0	0.999955
2765	1	metal5	770	222	0	0	0	0.999954
2766	1	metal5	780	222	0	0	0	0.999953
2767	1	metal5	790	222	0	0	0	0.999953
2768	1	metal5	800	222	0	0	0	0.999952
2769	1	metal5	810	222	0	0	0	0.999951
2770	1	metal5	820	222	0	0	0	0.999951
2771	1	metal5	830	222	0	0	0	0.99995
2772	1	metal5	840	222	0	0	0	0.99995
2773	1	metal5	850	222	0	0	0	0.999949
2774	1	metal5	860	222	0	0	0	0.999949
2775	1	metal5	870	222	0	0	0	0.999948
2776	1	metal5	880	222	0	0	0	0.999948
2777	1	metal5	890	222	0	0	0	0.999948
2778	1	metal5	900	222	0	0	0	0.999947
2779	1	metal5	910	222	0	0	0	0.999947
2780	1	metal5	920	222	0	0	0	0.999947
2781	1	metal5	930	222	0	0	0	0.999946
2782	1	metal5	940	222	0	0	0	0.999946
2783	1	metal5	950	222	0	0	0	0.999946
2784	1	metal5	960	222	0	0	0	0.999945
2785	1	metal5	970	222	0	0	0	0.999945
2786	1	metal5	980	222	0	0	0	0.999945
2787	1	metal5	990	222	0	0	0	0.999945
2788	1	metal5	1000	222	0	0	0	0.999945
2789	1	metal5	1010	222	0	0	0	0.999945
2790	1	metal5	1020	222	0	0	0	0.999944
2791	1	metal5	1030	222	0	0	0	0.999944
2792	1	metal5	1040	222	0	0	0	0.999944
2793	1	metal5	1050	222	0	0	0	0.999944
2794	1	metal5	1060	222	0	0	0	0.999944
2795	1	metal5	1070	222	0	0	0	0.999944
2796	1	metal5	1080	222	0	0	0	0.999944
2797	1	metal5	1090	222	0	0	0	0.999944
2798	1	metal5	10	232	0	0	0	0.999941
2799	1	metal5	20	232	0	0	0	0.999942
2800	1	metal5	30	232	0	0	0	0.999942
2801	1	metal5	40	232	0	0	0	0.999942
2802	1	metal5	50	232	0	0	0	0.999942
2803	1	metal5	60	232	0	0	0	0.999942
2804	1	metal5	70	232	0	0	0	0.999941
2805	1	metal5	80	232	0	0	0	0.999942
2806	1	metal5	90	232	0	0	0	0.999943
2807	1	metal5	100	232	0	0	0	0.999943
2808	1	metal5	110	232	0	0	0	0.999943
2809	1	metal5	120	232	0	0	0	0.999942
2810	1	metal5	130	232	0	0	0	0.999943
2811	1	metal5	140	232	0	0	0	0.999944
2812	1	metal5	150	232	0	0	0	0.999945
2813	1	metal5	160	232	0	0	0	0.999945
2814	1	metal5	170	232	0	0	0	0.999945
2815	1	metal5	180	232	0	0	0	0.999944
2816	1	metal5	190	232	0	0	0	0.999945
2817	1	metal5	200	232	0	0	0	0.999946
2818	1	metal5	210	232	0	0	0	0.999947
2819	1	metal5	220	232	0	0	0	0.999947
2820	1	metal5	230	232	0	0	0	0.999946
2821	1	metal5	240	232	0	0	0	0.999948
2822	1	metal5	250	232	0	0	0	0.999949
2823	1	metal5	260	232	0	0	0	0.99995
2824	1	metal5	270	232	0	0	0	0.99995
2825	1	metal5	280	232	0	0	0	0.99995
2826	1	metal5	290	232	0	0	0	0.999949
2827	1	metal5	300	232	0	0	0	0.999951
2828	1	metal5	310	232	0	0	0	0.999953
2829	1	metal5	320	232	0	0	0	0.999954
2830	1	metal5	330	232	0	0	0	0.999954
2831	1	metal5	340	232	0	0	0	0.999954
2832	1	metal5	350	232	0	0	0	0.999953
2833	1	metal5	360	232	0	0	0	0.999956
2834	1	metal5	370	232	0	0	0	0.999958
2835	1	metal5	380	232	0	0	0	0.999958
2836	1	metal5	390	232	0	0	0	0.999959
2837	1	metal5	400	232	0	0	0	0.999957
2838	1	metal5	410	232	0	0	0	0.999961
2839	1	metal5	420	232	0	0	0	0.999963
2840	1	metal5	430	232	0	0	0	0.999965
2841	1	metal5	440	232	0	0	0	0.999966
2842	1	metal5	450	232	0	0	0	0.999965
2843	1	metal5	460	232	0	0	0	0.999963
2844	1	metal5	470	232	0	0	0	0.999968
2845	1	metal5	480	232	0	0	0	0.999971
2846	1	metal5	490	232	0	0	0	0.999973
2847	1	metal5	500	232	0	0	0	0.999972
2848	1	metal5	510	232	0	0	0	0.999967
2849	1	metal5	520	232	0	0	0	0.999976
2850	1	metal5	530	232	0	0	0	0.99998
2851	1	metal5	540	232	0	0	0	0.999982
2852	1	metal5	550	232	0	0	0	0.999982
2853	1	metal5	560	232	0	0	0	0.999977
2854	1	metal5	570	232	0	0	0	0.999968
2855	1	metal5	580	232	0	0	0	0.999975
2856	1	metal5	590	232	0	0	0	0.999976
2857	1	metal5	600	232	0	0	0	0.999975
2858	1	metal5	610	232	0	0	0	0.999973
2859	1	metal5	620	232	0	0	0	0.999969
2860	1	metal5	630	232	0	0	0	0.999962
2861	1	metal5	640	232	0	0	0	0.999966
2862	1	metal5	650	232	0	0	0	0.999966
2863	1	metal5	660	232	0	0	0	0.999964
2864	1	metal5	670	232	0	0	0	0.999962
2865	1	metal5	680	232	0	0	0	0.999957
2866	1	metal5	690	232	0	0	0	0.999959
2867	1	metal5	700	232	0	0	0	0.99996
2868	1	metal5	710	232	0	0	0	0.999959
2869	1	metal5	720	232	0	0	0	0.999958
2870	1	metal5	730	232	0	0	0	0.999956
2871	1	metal5	740	232	0	0	0	0.999953
2872	1	metal5	750	232	0	0	0	0.999954
2873	1	metal5	760	232	0	0	0	0.999954
2874	1	metal5	770	232	0	0	0	0.999953
2875	1	metal5	780	232	0	0	0	0.999952
2876	1	metal5	790	232	0	0	0	0.99995
2877	1	metal5	800	232	0	0	0	0.999951
2878	1	metal5	810	232	0	0	0	0.999951
2879	1	metal5	820	232	0	0	0	0.999951
2880	1	metal5	830	232	0	0	0	0.99995
2881	1	metal5	840	232	0	0	0	0.999949
2882	1	metal5	850	232	0	0	0	0.999947
2883	1	metal5	860	232	0	0	0	0.999948
2884	1	metal5	870	232	0	0	0	0.999948
2885	1	metal5	880	232	0	0	0	0.999948
2886	1	metal5	890	232	0	0	0	0.999947
2887	1	metal5	900	232	0	0	0	0.999947
2888	1	metal5	910	232	0	0	0	0.999945
2889	1	metal5	920	232	0	0	0	0.999946
2890	1	metal5	930	232	0	0	0	0.999946
2891	1	metal5	940	232	0	0	0	0.999946
2892	1	metal5	950	232	0	0	0	0.999945
2893	1	metal5	960	232	0	0	0	0.999944
2894	1	metal5	970	232	0	0	0	0.999945
2895	1	metal5	980	232	0	0	0	0.999945
2896	1	metal5	990	232	0	0	0	0.999945
2897	1	metal5	1000	232	0	0	0	0.999945
2898	1	metal5	1010	232	0	0	0	0.999944
2899	1	metal5	1020	232	0	0	0	0.999943
2900	1	metal5	1030	232	0	0	0	0.999944
2901	1	metal5	1040	232	0	0	0	0.999944
2902	1	metal5	1050	232	0	0	0	0.999944
2903	1	metal5	1060	232	0	0	0	0.999944
2904	1	metal5	1070	232	0	0	0	0.999943
2905	1	metal5	1080	232	0	0	0	0.999944
2906	1	metal5	1090	232	0	0	0	0.999944
2907	1	metal5	10	242	0	0	0	0.999942
2908	1	metal5	20	242	0	0	0	0.999942
2909	1	metal5	30	242	0	0	0	0.999942
2910	1	metal5	40	242	0	0	0	0.999943
2911	1	metal5	50	242	0	0	0	0.999943
2912	1	metal5	60	242	0	0	0	0.999943
2913	1	metal5	70	242	0	0	0	0.999943
2914	1	metal5	80	242	0	0	0	0.999943
2915	1	metal5	90	242	0	0	0	0.999943
2916	1	metal5	100	242	0	0	0	0.999943
2917	1	metal5	110	242	0	0	0	0.999943
2918	1	metal5	120	242	0	0	0	0.999944
2919	1	metal5	130	242	0	0	0	0.999944
2920	1	metal5	140	242	0	0	0	0.999944
2921	1	metal5	150	242	0	0	0	0.999945
2922	1	metal5	160	242	0	0	0	0.999945
2923	1	metal5	170	242	0	0	0	0.999945
2924	1	metal5	180	242	0	0	0	0.999946
2925	1	metal5	190	242	0	0	0	0.999946
2926	1	metal5	200	242	0	0	0	0.999947
2927	1	metal5	210	242	0	0	0	0.999947
2928	1	metal5	220	242	0	0	0	0.999948
2929	1	metal5	230	242	0	0	0	0.999948
2930	1	metal5	240	242	0	0	0	0.999949
2931	1	metal5	250	242	0	0	0	0.999949
2932	1	metal5	260	242	0	0	0	0.99995
2933	1	metal5	270	242	0	0	0	0.999951
2934	1	metal5	280	242	0	0	0	0.999951
2935	1	metal5	290	242	0	0	0	0.999952
2936	1	metal5	300	242	0	0	0	0.999952
2937	1	metal5	310	242	0	0	0	0.999953
2938	1	metal5	320	242	0	0	0	0.999954
2939	1	metal5	330	242	0	0	0	0.999955
2940	1	metal5	340	242	0	0	0	0.999956
2941	1	metal5	350	242	0	0	0	0.999956
2942	1	metal5	360	242	0	0	0	0.999957
2943	1	metal5	370	242	0	0	0	0.999958
2944	1	metal5	380	242	0	0	0	0.999959
2945	1	metal5	390	242	0	0	0	0.99996
2946	1	metal5	400	242	0	0	0	0.999961
2947	1	metal5	410	242	0	0	0	0.999963
2948	1	metal5	420	242	0	0	0	0.999964
2949	1	metal5	430	242	0	0	0	0.999966
2950	1	metal5	440	242	0	0	0	0.999967
2951	1	metal5	450	242	0	0	0	0.999968
2952	1	metal5	460	242	0	0	0	0.999969
2953	1	metal5	470	242	0	0	0	0.999971
2954	1	metal5	480	242	0	0	0	0.999973
2955	1	metal5	490	242	0	0	0	0.999975
2956	1	metal5	500	242	0	0	0	0.999976
2957	1	metal5	510	242	0	0	0	0.999977
2958	1	metal5	520	242	0	0	0	0.99998
2959	1	metal5	530	242	0	0	0	0.999982
2960	1	metal5	540	242	0	0	0	0.999983
2961	1	metal5	550	242	0	0	0	0.999984
2962	1	metal5	560	242	0	0	0	0.999982
2963	1	metal5	570	242	0	0	0	0.99998
2964	1	metal5	580	242	0	0	0	0.99998
2965	1	metal5	590	242	0	0	0	0.999978
2966	1	metal5	600	242	0	0	0	0.999976
2967	1	metal5	610	242	0	0	0	0.999975
2968	1	metal5	620	242	0	0	0	0.999972
2969	1	metal5	630	242	0	0	0	0.99997
2970	1	metal5	640	242	0	0	0	0.999969
2971	1	metal5	650	242	0	0	0	0.999967
2972	1	metal5	660	242	0	0	0	0.999966
2973	1	metal5	670	242	0	0	0	0.999964
2974	1	metal5	680	242	0	0	0	0.999962
2975	1	metal5	690	242	0	0	0	0.999961
2976	1	metal5	700	242	0	0	0	0.999961
2977	1	metal5	710	242	0	0	0	0.99996
2978	1	metal5	720	242	0	0	0	0.999959
2979	1	metal5	730	242	0	0	0	0.999957
2980	1	metal5	740	242	0	0	0	0.999956
2981	1	metal5	750	242	0	0	0	0.999955
2982	1	metal5	760	242	0	0	0	0.999955
2983	1	metal5	770	242	0	0	0	0.999954
2984	1	metal5	780	242	0	0	0	0.999953
2985	1	metal5	790	242	0	0	0	0.999952
2986	1	metal5	800	242	0	0	0	0.999952
2987	1	metal5	810	242	0	0	0	0.999951
2988	1	metal5	820	242	0	0	0	0.999951
2989	1	metal5	830	242	0	0	0	0.99995
2990	1	metal5	840	242	0	0	0	0.99995
2991	1	metal5	850	242	0	0	0	0.999949
2992	1	metal5	860	242	0	0	0	0.999949
2993	1	metal5	870	242	0	0	0	0.999948
2994	1	metal5	880	242	0	0	0	0.999948
2995	1	metal5	890	242	0	0	0	0.999948
2996	1	metal5	900	242	0	0	0	0.999947
2997	1	metal5	910	242	0	0	0	0.999947
2998	1	metal5	920	242	0	0	0	0.999947
2999	1	metal5	930	242	0	0	0	0.999946
3000	1	metal5	940	242	0	0	0	0.999946
3001	1	metal5	950	242	0	0	0	0.999946
3002	1	metal5	960	242	0	0	0	0.999945
3003	1	metal5	970	242	0	0	0	0.999945
3004	1	metal5	980	242	0	0	0	0.999945
3005	1	metal5	990	242	0	0	0	0.999945
3006	1	metal5	1000	242	0	0	0	0.999945
3007	1	metal5	1010	242	0	0	0	0.999945
3008	1	metal5	1020	242	0	0	0	0.999944
3009	1	metal5	1030	242	0	0	0	0.999944
3010	1	metal5	1040	242	0	0	0	0.999944
3011	1	metal5	1050	242	0	0	0	0.999944
3012	1	metal5	1060	242	0	0	0	0.999944
3013	1	metal5	1070	242	0	0	0	0.999944
3014	1	metal5	1080	242	0	0	0	0.999944
3015	1	metal5	1090	242	0	0	0	0.999944
3016	1	metal5	10	252	0	0	0	0.999943
3017	1	metal5	20	252	0	0	0	0.999943
3018	1	metal5	30	252	0	0	0	0.999943
3019	1	metal5	40	252	0	0	0	0.999943
3020	1	metal5	50	252	0	0	0	0.999943
3021	1	metal5	60	252	0	0	0	0.999943
3022	1	metal5	70	252	0	0	0	0.999943
3023	1	metal5	80	252	0	0	0	0.999943
3024	1	metal5	90	252	0	0	0	0.999943
3025	1	metal5	100	252	0	0	0	0.999944
3026	1	metal5	110	252	0	0	0	0.999944
3027	1	metal5	120	252	0	0	0	0.999944
3028	1	metal5	130	252	0	0	0	0.999944
3029	1	metal5	140	252	0	0	0	0.999945
3030	1	metal5	150	252	0	0	0	0.999945
3031	1	metal5	160	252	0	0	0	0.999945
3032	1	metal5	170	252	0	0	0	0.999946
3033	1	metal5	180	252	0	0	0	0.999946
3034	1	metal5	190	252	0	0	0	0.999947
3035	1	metal5	200	252	0	0	0	0.999947
3036	1	metal5	210	252	0	0	0	0.999947
3037	1	metal5	220	252	0	0	0	0.999948
3038	1	metal5	230	252	0	0	0	0.999948
3039	1	metal5	240	252	0	0	0	0.999949
3040	1	metal5	250	252	0	0	0	0.99995
3041	1	metal5	260	252	0	0	0	0.99995
3042	1	metal5	270	252	0	0	0	0.999951
3043	1	metal5	280	252	0	0	0	0.999952
3044	1	metal5	290	252	0	0	0	0.999952
3045	1	metal5	300	252	0	0	0	0.999953
3046	1	metal5	310	252	0	0	0	0.999954
3047	1	metal5	320	252	0	0	0	0.999954
3048	1	metal5	330	252	0	0	0	0.999955
3049	1	metal5	340	252	0	0	0	0.999956
3050	1	metal5	350	252	0	0	0	0.999957
3051	1	metal5	360	252	0	0	0	0.999958
3052	1	metal5	370	252	0	0	0	0.999959
3053	1	metal5	380	252	0	0	0	0.99996
3054	1	metal5	390	252	0	0	0	0.999961
3055	1	metal5	400	252	0	0	0	0.999962
3056	1	metal5	410	252	0	0	0	0.999964
3057	1	metal5	420	252	0	0	0	0.999965
3058	1	metal5	430	252	0	0	0	0.999967
3059	1	metal5	440	252	0	0	0	0.999968
3060	1	metal5	450	252	0	0	0	0.999969
3061	1	metal5	460	252	0	0	0	0.999971
3062	1	metal5	470	252	0	0	0	0.999972
3063	1	metal5	480	252	0	0	0	0.999974
3064	1	metal5	490	252	0	0	0	0.999977
3065	1	metal5	500	252	0	0	0	0.999977
3066	1	metal5	510	252	0	0	0	0.999979
3067	1	metal5	520	252	0	0	0	0.999982
3068	1	metal5	530	252	0	0	0	0.999983
3069	1	metal5	540	252	0	0	0	0.999985
3070	1	metal5	550	252	0	0	0	0.999987
3071	1	metal5	560	252	0	0	0	0.999984
3072	1	metal5	570	252	0	0	0	0.999982
3073	1	metal5	580	252	0	0	0	0.999982
3074	1	metal5	590	252	0	0	0	0.999979
3075	1	metal5	600	252	0	0	0	0.999978
3076	1	metal5	610	252	0	0	0	0.999976
3077	1	metal5	620	252	0	0	0	0.999973
3078	1	metal5	630	252	0	0	0	0.999971
3079	1	metal5	640	252	0	0	0	0.99997
3080	1	metal5	650	252	0	0	0	0.999968
3081	1	metal5	660	252	0	0	0	0.999966
3082	1	metal5	670	252	0	0	0	0.999965
3083	1	metal5	680	252	0	0	0	0.999963
3084	1	metal5	690	252	0	0	0	0.999962
3085	1	metal5	700	252	0	0	0	0.999962
3086	1	metal5	710	252	0	0	0	0.99996
3087	1	metal5	720	252	0	0	0	0.999959
3088	1	metal5	730	252	0	0	0	0.999958
3089	1	metal5	740	252	0	0	0	0.999957
3090	1	metal5	750	252	0	0	0	0.999956
3091	1	metal5	760	252	0	0	0	0.999955
3092	1	metal5	770	252	0	0	0	0.999954
3093	1	metal5	780	252	0	0	0	0.999953
3094	1	metal5	790	252	0	0	0	0.999953
3095	1	metal5	800	252	0	0	0	0.999952
3096	1	metal5	810	252	0	0	0	0.999952
3097	1	metal5	820	252	0	0	0	0.999951
3098	1	metal5	830	252	0	0	0	0.99995
3099	1	metal5	840	252	0	0	0	0.99995
3100	1	metal5	850	252	0	0	0	0.99995
3101	1	metal5	860	252	0	0	0	0.999949
3102	1	metal5	870	252	0	0	0	0.999949
3103	1	metal5	880	252	0	0	0	0.999948
3104	1	metal5	890	252	0	0	0	0.999948
3105	1	metal5	900	252	0	0	0	0.999947
3106	1	metal5	910	252	0	0	0	0.999947
3107	1	metal5	920	252	0	0	0	0.999947
3108	1	metal5	930	252	0	0	0	0.999947
3109	1	metal5	940	252	0	0	0	0.999946
3110	1	metal5	950	252	0	0	0	0.999946
3111	1	metal5	960	252	0	0	0	0.999946
3112	1	metal5	970	252	0	0	0	0.999946
3113	1	metal5	980	252	0	0	0	0.999945
3114	1	metal5	990	252	0	0	0	0.999945
3115	1	metal5	1000	252	0	0	0	0.999945
3116	1	metal5	1010	252	0	0	0	0.999945
3117	1	metal5	1020	252	0	0	0	0.999945
3118	1	metal5	1030	252	0	0	0	0.999945
3119	1	metal5	1040	252	0	0	0	0.999944
3120	1	metal5	1050	252	0	0	0	0.999944
3121	1	metal5	1060	252	0	0	0	0.999944
3122	1	metal5	1070	252	0	0	0	0.999944
3123	1	metal5	1080	252	0	0	0	0.999944
3124	1	metal5	1090	252	0	0	0	0.999944
3125	1	metal5	10	262	0	0	0	0.999943
3126	1	metal5	20	262	0	0	0	0.999943
3127	1	metal5	30	262	0	0	0	0.999943
3128	1	metal5	40	262	0	0	0	0.999943
3129	1	metal5	50	262	0	0	0	0.999943
3130	1	metal5	60	262	0	0	0	0.999943
3131	1	metal5	70	262	0	0	0	0.999943
3132	1	metal5	80	262	0	0	0	0.999943
3133	1	metal5	90	262	0	0	0	0.999943
3134	1	metal5	100	262	0	0	0	0.999944
3135	1	metal5	110	262	0	0	0	0.999944
3136	1	metal5	120	262	0	0	0	0.999944
3137	1	metal5	130	262	0	0	0	0.999944
3138	1	metal5	140	262	0	0	0	0.999945
3139	1	metal5	150	262	0	0	0	0.999945
3140	1	metal5	160	262	0	0	0	0.999945
3141	1	metal5	170	262	0	0	0	0.999946
3142	1	metal5	180	262	0	0	0	0.999946
3143	1	metal5	190	262	0	0	0	0.999947
3144	1	metal5	200	262	0	0	0	0.999947
3145	1	metal5	210	262	0	0	0	0.999947
3146	1	metal5	220	262	0	0	0	0.999948
3147	1	metal5	230	262	0	0	0	0.999948
3148	1	metal5	240	262	0	0	0	0.999949
3149	1	metal5	250	262	0	0	0	0.99995
3150	1	metal5	260	262	0	0	0	0.99995
3151	1	metal5	270	262	0	0	0	0.999951
3152	1	metal5	280	262	0	0	0	0.999952
3153	1	metal5	290	262	0	0	0	0.999952
3154	1	metal5	300	262	0	0	0	0.999953
3155	1	metal5	310	262	0	0	0	0.999954
3156	1	metal5	320	262	0	0	0	0.999954
3157	1	metal5	330	262	0	0	0	0.999955
3158	1	metal5	340	262	0	0	0	0.999956
3159	1	metal5	350	262	0	0	0	0.999957
3160	1	metal5	360	262	0	0	0	0.999958
3161	1	metal5	370	262	0	0	0	0.999959
3162	1	metal5	380	262	0	0	0	0.99996
3163	1	metal5	390	262	0	0	0	0.999961
3164	1	metal5	400	262	0	0	0	0.999962
3165	1	metal5	410	262	0	0	0	0.999964
3166	1	metal5	420	262	0	0	0	0.999965
3167	1	metal5	430	262	0	0	0	0.999967
3168	1	metal5	440	262	0	0	0	0.999968
3169	1	metal5	450	262	0	0	0	0.999969
3170	1	metal5	460	262	0	0	0	0.999971
3171	1	metal5	470	262	0	0	0	0.999972
3172	1	metal5	480	262	0	0	0	0.999974
3173	1	metal5	490	262	0	0	0	0.999976
3174	1	metal5	500	262	0	0	0	0.999977
3175	1	metal5	510	262	0	0	0	0.999979
3176	1	metal5	520	262	0	0	0	0.999982
3177	1	metal5	530	262	0	0	0	0.999983
3178	1	metal5	540	262	0	0	0	0.999984
3179	1	metal5	550	262	0	0	0	0.999985
3180	1	metal5	560	262	0	0	0	0.999983
3181	1	metal5	570	262	0	0	0	0.999982
3182	1	metal5	580	262	0	0	0	0.999981
3183	1	metal5	590	262	0	0	0	0.999979
3184	1	metal5	600	262	0	0	0	0.999977
3185	1	metal5	610	262	0	0	0	0.999976
3186	1	metal5	620	262	0	0	0	0.999973
3187	1	metal5	630	262	0	0	0	0.999971
3188	1	metal5	640	262	0	0	0	0.99997
3189	1	metal5	650	262	0	0	0	0.999968
3190	1	metal5	660	262	0	0	0	0.999966
3191	1	metal5	670	262	0	0	0	0.999965
3192	1	metal5	680	262	0	0	0	0.999963
3193	1	metal5	690	262	0	0	0	0.999962
3194	1	metal5	700	262	0	0	0	0.999961
3195	1	metal5	710	262	0	0	0	0.99996
3196	1	metal5	720	262	0	0	0	0.999959
3197	1	metal5	730	262	0	0	0	0.999958
3198	1	metal5	740	262	0	0	0	0.999957
3199	1	metal5	750	262	0	0	0	0.999956
3200	1	metal5	760	262	0	0	0	0.999955
3201	1	metal5	770	262	0	0	0	0.999954
3202	1	metal5	780	262	0	0	0	0.999953
3203	1	metal5	790	262	0	0	0	0.999953
3204	1	metal5	800	262	0	0	0	0.999952
3205	1	metal5	810	262	0	0	0	0.999952
3206	1	metal5	820	262	0	0	0	0.999951
3207	1	metal5	830	262	0	0	0	0.99995
3208	1	metal5	840	262	0	0	0	0.99995
3209	1	metal5	850	262	0	0	0	0.99995
3210	1	metal5	860	262	0	0	0	0.999949
3211	1	metal5	870	262	0	0	0	0.999949
3212	1	metal5	880	262	0	0	0	0.999948
3213	1	metal5	890	262	0	0	0	0.999948
3214	1	metal5	900	262	0	0	0	0.999947
3215	1	metal5	910	262	0	0	0	0.999947
3216	1	metal5	920	262	0	0	0	0.999947
3217	1	metal5	930	262	0	0	0	0.999947
3218	1	metal5	940	262	0	0	0	0.999946
3219	1	metal5	950	262	0	0	0	0.999946
3220	1	metal5	960	262	0	0	0	0.999946
3221	1	metal5	970	262	0	0	0	0.999946
3222	1	metal5	980	262	0	0	0	0.999945
3223	1	metal5	990	262	0	0	0	0.999945
3224	1	metal5	1000	262	0	0	0	0.999945
3225	1	metal5	1010	262	0	0	0	0.999945
3226	1	metal5	1020	262	0	0	0	0.999945
3227	1	metal5	1030	262	0	0	0	0.999945
3228	1	metal5	1040	262	0	0	0	0.999945
3229	1	metal5	1050	262	0	0	0	0.999944
3230	1	metal5	1060	262	0	0	0	0.999944
3231	1	metal5	1070	262	0	0	0	0.999944
3232	1	metal5	1080	262	0	0	0	0.999944
3233	1	metal5	1090	262	0	0	0	0.999944
3234	1	metal5	10	272	0	0	0	0.999943
3235	1	metal5	20	272	0	0	0	0.999943
3236	1	metal5	30	272	0	0	0	0.999943
3237	1	metal5	40	272	0	0	0	0.999943
3238	1	metal5	50	272	0	0	0	0.999943
3239	1	metal5	60	272	0	0	0	0.999943
3240	1	metal5	70	272	0	0	0	0.999943
3241	1	metal5	80	272	0	0	0	0.999943
3242	1	metal5	90	272	0	0	0	0.999943
3243	1	metal5	100	272	0	0	0	0.999944
3244	1	metal5	110	272	0	0	0	0.999944
3245	1	metal5	120	272	0	0	0	0.999944
3246	1	metal5	130	272	0	0	0	0.999945
3247	1	metal5	140	272	0	0	0	0.999945
3248	1	metal5	150	272	0	0	0	0.999945
3249	1	metal5	160	272	0	0	0	0.999946
3250	1	metal5	170	272	0	0	0	0.999946
3251	1	metal5	180	272	0	0	0	0.999946
3252	1	metal5	190	272	0	0	0	0.999947
3253	1	metal5	200	272	0	0	0	0.999947
3254	1	metal5	210	272	0	0	0	0.999948
3255	1	metal5	220	272	0	0	0	0.999948
3256	1	metal5	230	272	0	0	0	0.999948
3257	1	metal5	240	272	0	0	0	0.999949
3258	1	metal5	250	272	0	0	0	0.99995
3259	1	metal5	260	272	0	0	0	0.99995
3260	1	metal5	270	272	0	0	0	0.999951
3261	1	metal5	280	272	0	0	0	0.999951
3262	1	metal5	290	272	0	0	0	0.999952
3263	1	metal5	300	272	0	0	0	0.999953
3264	1	metal5	310	272	0	0	0	0.999954
3265	1	metal5	320	272	0	0	0	0.999954
3266	1	metal5	330	272	0	0	0	0.999955
3267	1	metal5	340	272	0	0	0	0.999956
3268	1	metal5	350	272	0	0	0	0.999957
3269	1	metal5	360	272	0	0	0	0.999958
3270	1	metal5	370	272	0	0	0	0.999959
3271	1	metal5	380	272	0	0	0	0.99996
3272	1	metal5	390	272	0	0	0	0.999961
3273	1	metal5	400	272	0	0	0	0.999962
3274	1	metal5	410	272	0	0	0	0.999963
3275	1	metal5	420	272	0	0	0	0.999965
3276	1	metal5	430	272	0	0	0	0.999966
3277	1	metal5	440	272	0	0	0	0.999968
3278	1	metal5	450	272	0	0	0	0.999969
3279	1	metal5	460	272	0	0	0	0.999971
3280	1	metal5	470	272	0	0	0	0.999972
3281	1	metal5	480	272	0	0	0	0.999974
3282	1	metal5	490	272	0	0	0	0.999976
3283	1	metal5	500	272	0	0	0	0.999977
3284	1	metal5	510	272	0	0	0	0.999979
3285	1	metal5	520	272	0	0	0	0.999981
3286	1	metal5	530	272	0	0	0	0.999983
3287	1	metal5	540	272	0	0	0	0.999984
3288	1	metal5	550	272	0	0	0	0.999985
3289	1	metal5	560	272	0	0	0	0.999983
3290	1	metal5	570	272	0	0	0	0.999981
3291	1	metal5	580	272	0	0	0	0.999981
3292	1	metal5	590	272	0	0	0	0.999979
3293	1	metal5	600	272	0	0	0	0.999977
3294	1	metal5	610	272	0	0	0	0.999976
3295	1	metal5	620	272	0	0	0	0.999973
3296	1	metal5	630	272	0	0	0	0.999971
3297	1	metal5	640	272	0	0	0	0.99997
3298	1	metal5	650	272	0	0	0	0.999968
3299	1	metal5	660	272	0	0	0	0.999966
3300	1	metal5	670	272	0	0	0	0.999965
3301	1	metal5	680	272	0	0	0	0.999963
3302	1	metal5	690	272	0	0	0	0.999962
3303	1	metal5	700	272	0	0	0	0.999961
3304	1	metal5	710	272	0	0	0	0.99996
3305	1	metal5	720	272	0	0	0	0.999959
3306	1	metal5	730	272	0	0	0	0.999958
3307	1	metal5	740	272	0	0	0	0.999957
3308	1	metal5	750	272	0	0	0	0.999956
3309	1	metal5	760	272	0	0	0	0.999955
3310	1	metal5	770	272	0	0	0	0.999954
3311	1	metal5	780	272	0	0	0	0.999953
3312	1	metal5	790	272	0	0	0	0.999953
3313	1	metal5	800	272	0	0	0	0.999952
3314	1	metal5	810	272	0	0	0	0.999951
3315	1	metal5	820	272	0	0	0	0.999951
3316	1	metal5	830	272	0	0	0	0.99995
3317	1	metal5	840	272	0	0	0	0.99995
3318	1	metal5	850	272	0	0	0	0.999949
3319	1	metal5	860	272	0	0	0	0.999949
3320	1	metal5	870	272	0	0	0	0.999949
3321	1	metal5	880	272	0	0	0	0.999948
3322	1	metal5	890	272	0	0	0	0.999948
3323	1	metal5	900	272	0	0	0	0.999947
3324	1	metal5	910	272	0	0	0	0.999947
3325	1	metal5	920	272	0	0	0	0.999947
3326	1	metal5	930	272	0	0	0	0.999947
3327	1	metal5	940	272	0	0	0	0.999946
3328	1	metal5	950	272	0	0	0	0.999946
3329	1	metal5	960	272	0	0	0	0.999946
3330	1	metal5	970	272	0	0	0	0.999946
3331	1	metal5	980	272	0	0	0	0.999945
3332	1	metal5	990	272	0	0	0	0.999945
3333	1	metal5	1000	272	0	0	0	0.999945
3334	1	metal5	1010	272	0	0	0	0.999945
3335	1	metal5	1020	272	0	0	0	0.999945
3336	1	metal5	1030	272	0	0	0	0.999945
3337	1	metal5	1040	272	0	0	0	0.999945
3338	1	metal5	1050	272	0	0	0	0.999945
3339	1	metal5	1060	272	0	0	0	0.999945
3340	1	metal5	1070	272	0	0	0	0.999944
3341	1	metal5	1080	272	0	0	0	0.999944
3342	1	metal5	1090	272	0	0	0	0.999944
3343	1	metal5	10	282	0	0	0	0.999943
3344	1	metal5	20	282	0	0	0	0.999943
3345	1	metal5	30	282	0	0	0	0.999943
3346	1	metal5	40	282	0	0	0	0.999943
3347	1	metal5	50	282	0	0	0	0.999943
3348	1	metal5	60	282	0	0	0	0.999943
3349	1	metal5	70	282	0	0	0	0.999943
3350	1	metal5	80	282	0	0	0	0.999943
3351	1	metal5	90	282	0	0	0	0.999943
3352	1	metal5	100	282	0	0	0	0.999944
3353	1	metal5	110	282	0	0	0	0.999944
3354	1	metal5	120	282	0	0	0	0.999944
3355	1	metal5	130	282	0	0	0	0.999945
3356	1	metal5	140	282	0	0	0	0.999945
3357	1	metal5	150	282	0	0	0	0.999945
3358	1	metal5	160	282	0	0	0	0.999946
3359	1	metal5	170	282	0	0	0	0.999946
3360	1	metal5	180	282	0	0	0	0.999946
3361	1	metal5	190	282	0	0	0	0.999947
3362	1	metal5	200	282	0	0	0	0.999947
3363	1	metal5	210	282	0	0	0	0.999948
3364	1	metal5	220	282	0	0	0	0.999948
3365	1	metal5	230	282	0	0	0	0.999948
3366	1	metal5	240	282	0	0	0	0.999949
3367	1	metal5	250	282	0	0	0	0.99995
3368	1	metal5	260	282	0	0	0	0.99995
3369	1	metal5	270	282	0	0	0	0.999951
3370	1	metal5	280	282	0	0	0	0.999951
3371	1	metal5	290	282	0	0	0	0.999952
3372	1	metal5	300	282	0	0	0	0.999953
3373	1	metal5	310	282	0	0	0	0.999954
3374	1	metal5	320	282	0	0	0	0.999954
3375	1	metal5	330	282	0	0	0	0.999955
3376	1	metal5	340	282	0	0	0	0.999956
3377	1	metal5	350	282	0	0	0	0.999956
3378	1	metal5	360	282	0	0	0	0.999958
3379	1	metal5	370	282	0	0	0	0.999959
3380	1	metal5	380	282	0	0	0	0.99996
3381	1	metal5	390	282	0	0	0	0.999961
3382	1	metal5	400	282	0	0	0	0.999962
3383	1	metal5	410	282	0	0	0	0.999963
3384	1	metal5	420	282	0	0	0	0.999965
3385	1	metal5	430	282	0	0	0	0.999967
3386	1	metal5	440	282	0	0	0	0.999967
3387	1	metal5	450	282	0	0	0	0.999969
3388	1	metal5	460	282	0	0	0	0.99997
3389	1	metal5	470	282	0	0	0	0.999972
3390	1	metal5	480	282	0	0	0	0.999974
3391	1	metal5	490	282	0	0	0	0.999976
3392	1	metal5	500	282	0	0	0	0.999976
3393	1	metal5	510	282	0	0	0	0.999978
3394	1	metal5	520	282	0	0	0	0.999982
3395	1	metal5	530	282	0	0	0	0.999983
3396	1	metal5	540	282	0	0	0	0.999984
3397	1	metal5	550	282	0	0	0	0.999987
3398	1	metal5	560	282	0	0	0	0.999983
3399	1	metal5	570	282	0	0	0	0.99998
3400	1	metal5	580	282	0	0	0	0.999981
3401	1	metal5	590	282	0	0	0	0.999979
3402	1	metal5	600	282	0	0	0	0.999977
3403	1	metal5	610	282	0	0	0	0.999976
3404	1	metal5	620	282	0	0	0	0.999972
3405	1	metal5	630	282	0	0	0	0.99997
3406	1	metal5	640	282	0	0	0	0.999969
3407	1	metal5	650	282	0	0	0	0.999968
3408	1	metal5	660	282	0	0	0	0.999966
3409	1	metal5	670	282	0	0	0	0.999965
3410	1	metal5	680	282	0	0	0	0.999963
3411	1	metal5	690	282	0	0	0	0.999962
3412	1	metal5	700	282	0	0	0	0.999961
3413	1	metal5	710	282	0	0	0	0.99996
3414	1	metal5	720	282	0	0	0	0.999959
3415	1	metal5	730	282	0	0	0	0.999958
3416	1	metal5	740	282	0	0	0	0.999956
3417	1	metal5	750	282	0	0	0	0.999955
3418	1	metal5	760	282	0	0	0	0.999955
3419	1	metal5	770	282	0	0	0	0.999954
3420	1	metal5	780	282	0	0	0	0.999953
3421	1	metal5	790	282	0	0	0	0.999953
3422	1	metal5	800	282	0	0	0	0.999952
3423	1	metal5	810	282	0	0	0	0.999951
3424	1	metal5	820	282	0	0	0	0.999951
3425	1	metal5	830	282	0	0	0	0.99995
3426	1	metal5	840	282	0	0	0	0.99995
3427	1	metal5	850	282	0	0	0	0.999949
3428	1	metal5	860	282	0	0	0	0.999949
3429	1	metal5	870	282	0	0	0	0.999949
3430	1	metal5	880	282	0	0	0	0.999948
3431	1	metal5	890	282	0	0	0	0.999948
3432	1	metal5	900	282	0	0	0	0.999947
3433	1	metal5	910	282	0	0	0	0.999947
3434	1	metal5	920	282	0	0	0	0.999947
3435	1	metal5	930	282	0	0	0	0.999947
3436	1	metal5	940	282	0	0	0	0.999946
3437	1	metal5	950	282	0	0	0	0.999946
3438	1	metal5	960	282	0	0	0	0.999946
3439	1	metal5	970	282	0	0	0	0.999946
3440	1	metal5	980	282	0	0	0	0.999946
3441	1	metal5	990	282	0	0	0	0.999945
3442	1	metal5	1000	282	0	0	0	0.999945
3443	1	metal5	1010	282	0	0	0	0.999945
3444	1	metal5	1020	282	0	0	0	0.999945
3445	1	metal5	1030	282	0	0	0	0.999945
3446	1	metal5	1040	282	0	0	0	0.999945
3447	1	metal5	1050	282	0	0	0	0.999945
3448	1	metal5	1060	282	0	0	0	0.999945
3449	1	metal5	1070	282	0	0	0	0.999944
3450	1	metal5	1080	282	0	0	0	0.999944
3451	1	metal5	1090	282	0	0	0	0.999945
3452	1	metal5	10	292	0	0	0	0.999941
3453	1	metal5	20	292	0	0	0	0.999942
3454	1	metal5	30	292	0	0	0	0.999943
3455	1	metal5	40	292	0	0	0	0.999943
3456	1	metal5	50	292	0	0	0	0.999943
3457	1	metal5	60	292	0	0	0	0.999942
3458	1	metal5	70	292	0	0	0	0.999941
3459	1	metal5	80	292	0	0	0	0.999943
3460	1	metal5	90	292	0	0	0	0.999943
3461	1	metal5	100	292	0	0	0	0.999944
3462	1	metal5	110	292	0	0	0	0.999943
3463	1	metal5	120	292	0	0	0	0.999943
3464	1	metal5	130	292	0	0	0	0.999944
3465	1	metal5	140	292	0	0	0	0.999945
3466	1	metal5	150	292	0	0	0	0.999945
3467	1	metal5	160	292	0	0	0	0.999945
3468	1	metal5	170	292	0	0	0	0.999945
3469	1	metal5	180	292	0	0	0	0.999945
3470	1	metal5	190	292	0	0	0	0.999946
3471	1	metal5	200	292	0	0	0	0.999947
3472	1	metal5	210	292	0	0	0	0.999947
3473	1	metal5	220	292	0	0	0	0.999947
3474	1	metal5	230	292	0	0	0	0.999947
3475	1	metal5	240	292	0	0	0	0.999948
3476	1	metal5	250	292	0	0	0	0.999949
3477	1	metal5	260	292	0	0	0	0.99995
3478	1	metal5	270	292	0	0	0	0.99995
3479	1	metal5	280	292	0	0	0	0.99995
3480	1	metal5	290	292	0	0	0	0.999949
3481	1	metal5	300	292	0	0	0	0.999952
3482	1	metal5	310	292	0	0	0	0.999953
3483	1	metal5	320	292	0	0	0	0.999954
3484	1	metal5	330	292	0	0	0	0.999955
3485	1	metal5	340	292	0	0	0	0.999955
3486	1	metal5	350	292	0	0	0	0.999953
3487	1	metal5	360	292	0	0	0	0.999956
3488	1	metal5	370	292	0	0	0	0.999958
3489	1	metal5	380	292	0	0	0	0.999959
3490	1	metal5	390	292	0	0	0	0.999959
3491	1	metal5	400	292	0	0	0	0.999958
3492	1	metal5	410	292	0	0	0	0.999961
3493	1	metal5	420	292	0	0	0	0.999964
3494	1	metal5	430	292	0	0	0	0.999966
3495	1	metal5	440	292	0	0	0	0.999966
3496	1	metal5	450	292	0	0	0	0.999966
3497	1	metal5	460	292	0	0	0	0.999963
3498	1	metal5	470	292	0	0	0	0.999968
3499	1	metal5	480	292	0	0	0	0.999972
3500	1	metal5	490	292	0	0	0	0.999973
3501	1	metal5	500	292	0	0	0	0.999972
3502	1	metal5	510	292	0	0	0	0.999967
3503	1	metal5	520	292	0	0	0	0.999976
3504	1	metal5	530	292	0	0	0	0.99998
3505	1	metal5	540	292	0	0	0	0.999982
3506	1	metal5	550	292	0	0	0	0.999982
3507	1	metal5	560	292	0	0	0	0.999977
3508	1	metal5	570	292	0	0	0	0.999967
3509	1	metal5	580	292	0	0	0	0.999975
3510	1	metal5	590	292	0	0	0	0.999976
3511	1	metal5	600	292	0	0	0	0.999975
3512	1	metal5	610	292	0	0	0	0.999973
3513	1	metal5	620	292	0	0	0	0.999969
3514	1	metal5	630	292	0	0	0	0.999962
3515	1	metal5	640	292	0	0	0	0.999966
3516	1	metal5	650	292	0	0	0	0.999966
3517	1	metal5	660	292	0	0	0	0.999964
3518	1	metal5	670	292	0	0	0	0.999962
3519	1	metal5	680	292	0	0	0	0.999957
3520	1	metal5	690	292	0	0	0	0.999959
3521	1	metal5	700	292	0	0	0	0.99996
3522	1	metal5	710	292	0	0	0	0.999959
3523	1	metal5	720	292	0	0	0	0.999958
3524	1	metal5	730	292	0	0	0	0.999956
3525	1	metal5	740	292	0	0	0	0.999952
3526	1	metal5	750	292	0	0	0	0.999954
3527	1	metal5	760	292	0	0	0	0.999954
3528	1	metal5	770	292	0	0	0	0.999953
3529	1	metal5	780	292	0	0	0	0.999952
3530	1	metal5	790	292	0	0	0	0.999949
3531	1	metal5	800	292	0	0	0	0.99995
3532	1	metal5	810	292	0	0	0	0.999951
3533	1	metal5	820	292	0	0	0	0.999951
3534	1	metal5	830	292	0	0	0	0.99995
3535	1	metal5	840	292	0	0	0	0.999949
3536	1	metal5	850	292	0	0	0	0.999947
3537	1	metal5	860	292	0	0	0	0.999948
3538	1	metal5	870	292	0	0	0	0.999948
3539	1	metal5	880	292	0	0	0	0.999948
3540	1	metal5	890	292	0	0	0	0.999948
3541	1	metal5	900	292	0	0	0	0.999947
3542	1	metal5	910	292	0	0	0	0.999945
3543	1	metal5	920	292	0	0	0	0.999946
3544	1	metal5	930	292	0	0	0	0.999946
3545	1	metal5	940	292	0	0	0	0.999946
3546	1	metal5	950	292	0	0	0	0.999946
3547	1	metal5	960	292	0	0	0	0.999945
3548	1	metal5	970	292	0	0	0	0.999945
3549	1	metal5	980	292	0	0	0	0.999945
3550	1	metal5	990	292	0	0	0	0.999945
3551	1	metal5	1000	292	0	0	0	0.999945
3552	1	metal5	1010	292	0	0	0	0.999945
3553	1	metal5	1020	292	0	0	0	0.999944
3554	1	metal5	1030	292	0	0	0	0.999944
3555	1	metal5	1040	292	0	0	0	0.999944
3556	1	metal5	1050	292	0	0	0	0.999944
3557	1	metal5	1060	292	0	0	0	0.999944
3558	1	metal5	1070	292	0	0	0	0.999943
3559	1	metal5	1080	292	0	0	0	0.999944
3560	1	metal5	1090	292	0	0	0	0.999944
3561	1	metal5	10	302	0	0	0	0.999943
3562	1	metal5	20	302	0	0	0	0.999943
3563	1	metal5	30	302	0	0	0	0.999943
3564	1	metal5	40	302	0	0	0	0.999943
3565	1	metal5	50	302	0	0	0	0.999943
3566	1	metal5	60	302	0	0	0	0.999943
3567	1	metal5	70	302	0	0	0	0.999943
3568	1	metal5	80	302	0	0	0	0.999943
3569	1	metal5	90	302	0	0	0	0.999944
3570	1	metal5	100	302	0	0	0	0.999944
3571	1	metal5	110	302	0	0	0	0.999944
3572	1	metal5	120	302	0	0	0	0.999944
3573	1	metal5	130	302	0	0	0	0.999945
3574	1	metal5	140	302	0	0	0	0.999945
3575	1	metal5	150	302	0	0	0	0.999945
3576	1	metal5	160	302	0	0	0	0.999946
3577	1	metal5	170	302	0	0	0	0.999946
3578	1	metal5	180	302	0	0	0	0.999946
3579	1	metal5	190	302	0	0	0	0.999947
3580	1	metal5	200	302	0	0	0	0.999947
3581	1	metal5	210	302	0	0	0	0.999948
3582	1	metal5	220	302	0	0	0	0.999948
3583	1	metal5	230	302	0	0	0	0.999948
3584	1	metal5	240	302	0	0	0	0.999949
3585	1	metal5	250	302	0	0	0	0.99995
3586	1	metal5	260	302	0	0	0	0.99995
3587	1	metal5	270	302	0	0	0	0.999951
3588	1	metal5	280	302	0	0	0	0.999951
3589	1	metal5	290	302	0	0	0	0.999952
3590	1	metal5	300	302	0	0	0	0.999953
3591	1	metal5	310	302	0	0	0	0.999954
3592	1	metal5	320	302	0	0	0	0.999954
3593	1	metal5	330	302	0	0	0	0.999955
3594	1	metal5	340	302	0	0	0	0.999956
3595	1	metal5	350	302	0	0	0	0.999956
3596	1	metal5	360	302	0	0	0	0.999958
3597	1	metal5	370	302	0	0	0	0.999959
3598	1	metal5	380	302	0	0	0	0.99996
3599	1	metal5	390	302	0	0	0	0.999961
3600	1	metal5	400	302	0	0	0	0.999962
3601	1	metal5	410	302	0	0	0	0.999963
3602	1	metal5	420	302	0	0	0	0.999965
3603	1	metal5	430	302	0	0	0	0.999966
3604	1	metal5	440	302	0	0	0	0.999967
3605	1	metal5	450	302	0	0	0	0.999968
3606	1	metal5	460	302	0	0	0	0.99997
3607	1	metal5	470	302	0	0	0	0.999971
3608	1	metal5	480	302	0	0	0	0.999973
3609	1	metal5	490	302	0	0	0	0.999975
3610	1	metal5	500	302	0	0	0	0.999976
3611	1	metal5	510	302	0	0	0	0.999977
3612	1	metal5	520	302	0	0	0	0.99998
3613	1	metal5	530	302	0	0	0	0.999982
3614	1	metal5	540	302	0	0	0	0.999983
3615	1	metal5	550	302	0	0	0	0.999984
3616	1	metal5	560	302	0	0	0	0.999982
3617	1	metal5	570	302	0	0	0	0.999979
3618	1	metal5	580	302	0	0	0	0.999979
3619	1	metal5	590	302	0	0	0	0.999978
3620	1	metal5	600	302	0	0	0	0.999977
3621	1	metal5	610	302	0	0	0	0.999975
3622	1	metal5	620	302	0	0	0	0.999972
3623	1	metal5	630	302	0	0	0	0.99997
3624	1	metal5	640	302	0	0	0	0.999969
3625	1	metal5	650	302	0	0	0	0.999967
3626	1	metal5	660	302	0	0	0	0.999966
3627	1	metal5	670	302	0	0	0	0.999964
3628	1	metal5	680	302	0	0	0	0.999962
3629	1	metal5	690	302	0	0	0	0.999961
3630	1	metal5	700	302	0	0	0	0.999961
3631	1	metal5	710	302	0	0	0	0.99996
3632	1	metal5	720	302	0	0	0	0.999959
3633	1	metal5	730	302	0	0	0	0.999958
3634	1	metal5	740	302	0	0	0	0.999956
3635	1	metal5	750	302	0	0	0	0.999955
3636	1	metal5	760	302	0	0	0	0.999955
3637	1	metal5	770	302	0	0	0	0.999954
3638	1	metal5	780	302	0	0	0	0.999953
3639	1	metal5	790	302	0	0	0	0.999952
3640	1	metal5	800	302	0	0	0	0.999952
3641	1	metal5	810	302	0	0	0	0.999951
3642	1	metal5	820	302	0	0	0	0.999951
3643	1	metal5	830	302	0	0	0	0.99995
3644	1	metal5	840	302	0	0	0	0.99995
3645	1	metal5	850	302	0	0	0	0.999949
3646	1	metal5	860	302	0	0	0	0.999949
3647	1	metal5	870	302	0	0	0	0.999949
3648	1	metal5	880	302	0	0	0	0.999948
3649	1	metal5	890	302	0	0	0	0.999948
3650	1	metal5	900	302	0	0	0	0.999948
3651	1	metal5	910	302	0	0	0	0.999947
3652	1	metal5	920	302	0	0	0	0.999947
3653	1	metal5	930	302	0	0	0	0.999947
3654	1	metal5	940	302	0	0	0	0.999947
3655	1	metal5	950	302	0	0	0	0.999946
3656	1	metal5	960	302	0	0	0	0.999946
3657	1	metal5	970	302	0	0	0	0.999946
3658	1	metal5	980	302	0	0	0	0.999946
3659	1	metal5	990	302	0	0	0	0.999946
3660	1	metal5	1000	302	0	0	0	0.999945
3661	1	metal5	1010	302	0	0	0	0.999945
3662	1	metal5	1020	302	0	0	0	0.999945
3663	1	metal5	1030	302	0	0	0	0.999945
3664	1	metal5	1040	302	0	0	0	0.999945
3665	1	metal5	1050	302	0	0	0	0.999945
3666	1	metal5	1060	302	0	0	0	0.999945
3667	1	metal5	1070	302	0	0	0	0.999945
3668	1	metal5	1080	302	0	0	0	0.999945
3669	1	metal5	1090	302	0	0	0	0.999945
3670	1	metal5	10	312	0	0	0	0.999943
3671	1	metal5	20	312	0	0	0	0.999943
3672	1	metal5	30	312	0	0	0	0.999943
3673	1	metal5	40	312	0	0	0	0.999943
3674	1	metal5	50	312	0	0	0	0.999943
3675	1	metal5	60	312	0	0	0	0.999943
3676	1	metal5	70	312	0	0	0	0.999944
3677	1	metal5	80	312	0	0	0	0.999944
3678	1	metal5	90	312	0	0	0	0.999944
3679	1	metal5	100	312	0	0	0	0.999944
3680	1	metal5	110	312	0	0	0	0.999944
3681	1	metal5	120	312	0	0	0	0.999945
3682	1	metal5	130	312	0	0	0	0.999945
3683	1	metal5	140	312	0	0	0	0.999945
3684	1	metal5	150	312	0	0	0	0.999946
3685	1	metal5	160	312	0	0	0	0.999946
3686	1	metal5	170	312	0	0	0	0.999946
3687	1	metal5	180	312	0	0	0	0.999947
3688	1	metal5	190	312	0	0	0	0.999947
3689	1	metal5	200	312	0	0	0	0.999947
3690	1	metal5	210	312	0	0	0	0.999948
3691	1	metal5	220	312	0	0	0	0.999948
3692	1	metal5	230	312	0	0	0	0.999949
3693	1	metal5	240	312	0	0	0	0.999949
3694	1	metal5	250	312	0	0	0	0.99995
3695	1	metal5	260	312	0	0	0	0.999951
3696	1	metal5	270	312	0	0	0	0.999951
3697	1	metal5	280	312	0	0	0	0.999952
3698	1	metal5	290	312	0	0	0	0.999952
3699	1	metal5	300	312	0	0	0	0.999953
3700	1	metal5	310	312	0	0	0	0.999954
3701	1	metal5	320	312	0	0	0	0.999955
3702	1	metal5	330	312	0	0	0	0.999956
3703	1	metal5	340	312	0	0	0	0.999956
3704	1	metal5	350	312	0	0	0	0.999957
3705	1	metal5	360	312	0	0	0	0.999958
3706	1	metal5	370	312	0	0	0	0.999959
3707	1	metal5	380	312	0	0	0	0.99996
3708	1	metal5	390	312	0	0	0	0.999961
3709	1	metal5	400	312	0	0	0	0.999963
3710	1	metal5	410	312	0	0	0	0.999964
3711	1	metal5	420	312	0	0	0	0.999965
3712	1	metal5	430	312	0	0	0	0.999967
3713	1	metal5	440	312	0	0	0	0.999968
3714	1	metal5	450	312	0	0	0	0.999969
3715	1	metal5	460	312	0	0	0	0.999971
3716	1	metal5	470	312	0	0	0	0.999972
3717	1	metal5	480	312	0	0	0	0.999974
3718	1	metal5	490	312	0	0	0	0.999977
3719	1	metal5	500	312	0	0	0	0.999977
3720	1	metal5	510	312	0	0	0	0.999979
3721	1	metal5	520	312	0	0	0	0.999983
3722	1	metal5	530	312	0	0	0	0.999983
3723	1	metal5	540	312	0	0	0	0.999985
3724	1	metal5	550	312	0	0	0	0.999987
3725	1	metal5	560	312	0	0	0	0.999984
3726	1	metal5	570	312	0	0	0	0.999982
3727	1	metal5	580	312	0	0	0	0.999982
3728	1	metal5	590	312	0	0	0	0.999979
3729	1	metal5	600	312	0	0	0	0.999978
3730	1	metal5	610	312	0	0	0	0.999976
3731	1	metal5	620	312	0	0	0	0.999973
3732	1	metal5	630	312	0	0	0	0.999971
3733	1	metal5	640	312	0	0	0	0.99997
3734	1	metal5	650	312	0	0	0	0.999968
3735	1	metal5	660	312	0	0	0	0.999967
3736	1	metal5	670	312	0	0	0	0.999965
3737	1	metal5	680	312	0	0	0	0.999963
3738	1	metal5	690	312	0	0	0	0.999962
3739	1	metal5	700	312	0	0	0	0.999962
3740	1	metal5	710	312	0	0	0	0.99996
3741	1	metal5	720	312	0	0	0	0.999959
3742	1	metal5	730	312	0	0	0	0.999958
3743	1	metal5	740	312	0	0	0	0.999957
3744	1	metal5	750	312	0	0	0	0.999956
3745	1	metal5	760	312	0	0	0	0.999955
3746	1	metal5	770	312	0	0	0	0.999954
3747	1	metal5	780	312	0	0	0	0.999954
3748	1	metal5	790	312	0	0	0	0.999953
3749	1	metal5	800	312	0	0	0	0.999952
3750	1	metal5	810	312	0	0	0	0.999952
3751	1	metal5	820	312	0	0	0	0.999951
3752	1	metal5	830	312	0	0	0	0.999951
3753	1	metal5	840	312	0	0	0	0.99995
3754	1	metal5	850	312	0	0	0	0.99995
3755	1	metal5	860	312	0	0	0	0.999949
3756	1	metal5	870	312	0	0	0	0.999949
3757	1	metal5	880	312	0	0	0	0.999949
3758	1	metal5	890	312	0	0	0	0.999948
3759	1	metal5	900	312	0	0	0	0.999948
3760	1	metal5	910	312	0	0	0	0.999948
3761	1	metal5	920	312	0	0	0	0.999947
3762	1	metal5	930	312	0	0	0	0.999947
3763	1	metal5	940	312	0	0	0	0.999947
3764	1	metal5	950	312	0	0	0	0.999947
3765	1	metal5	960	312	0	0	0	0.999946
3766	1	metal5	970	312	0	0	0	0.999946
3767	1	metal5	980	312	0	0	0	0.999946
3768	1	metal5	990	312	0	0	0	0.999946
3769	1	metal5	1000	312	0	0	0	0.999946
3770	1	metal5	1010	312	0	0	0	0.999945
3771	1	metal5	1020	312	0	0	0	0.999945
3772	1	metal5	1030	312	0	0	0	0.999945
3773	1	metal5	1040	312	0	0	0	0.999945
3774	1	metal5	1050	312	0	0	0	0.999945
3775	1	metal5	1060	312	0	0	0	0.999945
3776	1	metal5	1070	312	0	0	0	0.999945
3777	1	metal5	1080	312	0	0	0	0.999945
3778	1	metal5	1090	312	0	0	0	0.999945
3779	1	metal5	10	322	0	0	0	0.999943
3780	1	metal5	20	322	0	0	0	0.999943
3781	1	metal5	30	322	0	0	0	0.999943
3782	1	metal5	40	322	0	0	0	0.999944
3783	1	metal5	50	322	0	0	0	0.999944
3784	1	metal5	60	322	0	0	0	0.999944
3785	1	metal5	70	322	0	0	0	0.999944
3786	1	metal5	80	322	0	0	0	0.999944
3787	1	metal5	90	322	0	0	0	0.999944
3788	1	metal5	100	322	0	0	0	0.999944
3789	1	metal5	110	322	0	0	0	0.999945
3790	1	metal5	120	322	0	0	0	0.999945
3791	1	metal5	130	322	0	0	0	0.999945
3792	1	metal5	140	322	0	0	0	0.999945
3793	1	metal5	150	322	0	0	0	0.999946
3794	1	metal5	160	322	0	0	0	0.999946
3795	1	metal5	170	322	0	0	0	0.999946
3796	1	metal5	180	322	0	0	0	0.999947
3797	1	metal5	190	322	0	0	0	0.999947
3798	1	metal5	200	322	0	0	0	0.999948
3799	1	metal5	210	322	0	0	0	0.999948
3800	1	metal5	220	322	0	0	0	0.999949
3801	1	metal5	230	322	0	0	0	0.999949
3802	1	metal5	240	322	0	0	0	0.999949
3803	1	metal5	250	322	0	0	0	0.99995
3804	1	metal5	260	322	0	0	0	0.999951
3805	1	metal5	270	322	0	0	0	0.999951
3806	1	metal5	280	322	0	0	0	0.999952
3807	1	metal5	290	322	0	0	0	0.999952
3808	1	metal5	300	322	0	0	0	0.999953
3809	1	metal5	310	322	0	0	0	0.999954
3810	1	metal5	320	322	0	0	0	0.999955
3811	1	metal5	330	322	0	0	0	0.999956
3812	1	metal5	340	322	0	0	0	0.999956
3813	1	metal5	350	322	0	0	0	0.999957
3814	1	metal5	360	322	0	0	0	0.999958
3815	1	metal5	370	322	0	0	0	0.999959
3816	1	metal5	380	322	0	0	0	0.99996
3817	1	metal5	390	322	0	0	0	0.999961
3818	1	metal5	400	322	0	0	0	0.999963
3819	1	metal5	410	322	0	0	0	0.999964
3820	1	metal5	420	322	0	0	0	0.999965
3821	1	metal5	430	322	0	0	0	0.999967
3822	1	metal5	440	322	0	0	0	0.999968
3823	1	metal5	450	322	0	0	0	0.999969
3824	1	metal5	460	322	0	0	0	0.999971
3825	1	metal5	470	322	0	0	0	0.999972
3826	1	metal5	480	322	0	0	0	0.999974
3827	1	metal5	490	322	0	0	0	0.999976
3828	1	metal5	500	322	0	0	0	0.999977
3829	1	metal5	510	322	0	0	0	0.999979
3830	1	metal5	520	322	0	0	0	0.999982
3831	1	metal5	530	322	0	0	0	0.999983
3832	1	metal5	540	322	0	0	0	0.999984
3833	1	metal5	550	322	0	0	0	0.999986
3834	1	metal5	560	322	0	0	0	0.999983
3835	1	metal5	570	322	0	0	0	0.999982
3836	1	metal5	580	322	0	0	0	0.999981
3837	1	metal5	590	322	0	0	0	0.999979
3838	1	metal5	600	322	0	0	0	0.999977
3839	1	metal5	610	322	0	0	0	0.999976
3840	1	metal5	620	322	0	0	0	0.999973
3841	1	metal5	630	322	0	0	0	0.999971
3842	1	metal5	640	322	0	0	0	0.99997
3843	1	metal5	650	322	0	0	0	0.999968
3844	1	metal5	660	322	0	0	0	0.999967
3845	1	metal5	670	322	0	0	0	0.999965
3846	1	metal5	680	322	0	0	0	0.999963
3847	1	metal5	690	322	0	0	0	0.999962
3848	1	metal5	700	322	0	0	0	0.999961
3849	1	metal5	710	322	0	0	0	0.99996
3850	1	metal5	720	322	0	0	0	0.999959
3851	1	metal5	730	322	0	0	0	0.999958
3852	1	metal5	740	322	0	0	0	0.999957
3853	1	metal5	750	322	0	0	0	0.999956
3854	1	metal5	760	322	0	0	0	0.999955
3855	1	metal5	770	322	0	0	0	0.999954
3856	1	metal5	780	322	0	0	0	0.999954
3857	1	metal5	790	322	0	0	0	0.999953
3858	1	metal5	800	322	0	0	0	0.999952
3859	1	metal5	810	322	0	0	0	0.999952
3860	1	metal5	820	322	0	0	0	0.999951
3861	1	metal5	830	322	0	0	0	0.999951
3862	1	metal5	840	322	0	0	0	0.99995
3863	1	metal5	850	322	0	0	0	0.99995
3864	1	metal5	860	322	0	0	0	0.999949
3865	1	metal5	870	322	0	0	0	0.999949
3866	1	metal5	880	322	0	0	0	0.999949
3867	1	metal5	890	322	0	0	0	0.999948
3868	1	metal5	900	322	0	0	0	0.999948
3869	1	metal5	910	322	0	0	0	0.999948
3870	1	metal5	920	322	0	0	0	0.999947
3871	1	metal5	930	322	0	0	0	0.999947
3872	1	metal5	940	322	0	0	0	0.999947
3873	1	metal5	950	322	0	0	0	0.999947
3874	1	metal5	960	322	0	0	0	0.999946
3875	1	metal5	970	322	0	0	0	0.999946
3876	1	metal5	980	322	0	0	0	0.999946
3877	1	metal5	990	322	0	0	0	0.999946
3878	1	metal5	1000	322	0	0	0	0.999946
3879	1	metal5	1010	322	0	0	0	0.999946
3880	1	metal5	1020	322	0	0	0	0.999946
3881	1	metal5	1030	322	0	0	0	0.999945
3882	1	metal5	1040	322	0	0	0	0.999945
3883	1	metal5	1050	322	0	0	0	0.999945
3884	1	metal5	1060	322	0	0	0	0.999945
3885	1	metal5	1070	322	0	0	0	0.999945
3886	1	metal5	1080	322	0	0	0	0.999945
3887	1	metal5	1090	322	0	0	0	0.999945
3888	1	metal5	10	332	0	0	0	0.999943
3889	1	metal5	20	332	0	0	0	0.999943
3890	1	metal5	30	332	0	0	0	0.999944
3891	1	metal5	40	332	0	0	0	0.999944
3892	1	metal5	50	332	0	0	0	0.999944
3893	1	metal5	60	332	0	0	0	0.999944
3894	1	metal5	70	332	0	0	0	0.999944
3895	1	metal5	80	332	0	0	0	0.999944
3896	1	metal5	90	332	0	0	0	0.999944
3897	1	metal5	100	332	0	0	0	0.999944
3898	1	metal5	110	332	0	0	0	0.999945
3899	1	metal5	120	332	0	0	0	0.999945
3900	1	metal5	130	332	0	0	0	0.999945
3901	1	metal5	140	332	0	0	0	0.999946
3902	1	metal5	150	332	0	0	0	0.999946
3903	1	metal5	160	332	0	0	0	0.999946
3904	1	metal5	170	332	0	0	0	0.999946
3905	1	metal5	180	332	0	0	0	0.999947
3906	1	metal5	190	332	0	0	0	0.999947
3907	1	metal5	200	332	0	0	0	0.999948
3908	1	metal5	210	332	0	0	0	0.999948
3909	1	metal5	220	332	0	0	0	0.999949
3910	1	metal5	230	332	0	0	0	0.999949
3911	1	metal5	240	332	0	0	0	0.999949
3912	1	metal5	250	332	0	0	0	0.99995
3913	1	metal5	260	332	0	0	0	0.999951
3914	1	metal5	270	332	0	0	0	0.999951
3915	1	metal5	280	332	0	0	0	0.999952
3916	1	metal5	290	332	0	0	0	0.999952
3917	1	metal5	300	332	0	0	0	0.999953
3918	1	metal5	310	332	0	0	0	0.999954
3919	1	metal5	320	332	0	0	0	0.999955
3920	1	metal5	330	332	0	0	0	0.999955
3921	1	metal5	340	332	0	0	0	0.999956
3922	1	metal5	350	332	0	0	0	0.999957
3923	1	metal5	360	332	0	0	0	0.999958
3924	1	metal5	370	332	0	0	0	0.999959
3925	1	metal5	380	332	0	0	0	0.99996
3926	1	metal5	390	332	0	0	0	0.999961
3927	1	metal5	400	332	0	0	0	0.999962
3928	1	metal5	410	332	0	0	0	0.999964
3929	1	metal5	420	332	0	0	0	0.999965
3930	1	metal5	430	332	0	0	0	0.999967
3931	1	metal5	440	332	0	0	0	0.999968
3932	1	metal5	450	332	0	0	0	0.999969
3933	1	metal5	460	332	0	0	0	0.999971
3934	1	metal5	470	332	0	0	0	0.999972
3935	1	metal5	480	332	0	0	0	0.999974
3936	1	metal5	490	332	0	0	0	0.999976
3937	1	metal5	500	332	0	0	0	0.999977
3938	1	metal5	510	332	0	0	0	0.999979
3939	1	metal5	520	332	0	0	0	0.999981
3940	1	metal5	530	332	0	0	0	0.999983
3941	1	metal5	540	332	0	0	0	0.999984
3942	1	metal5	550	332	0	0	0	0.999985
3943	1	metal5	560	332	0	0	0	0.999983
3944	1	metal5	570	332	0	0	0	0.999981
3945	1	metal5	580	332	0	0	0	0.999981
3946	1	metal5	590	332	0	0	0	0.999979
3947	1	metal5	600	332	0	0	0	0.999977
3948	1	metal5	610	332	0	0	0	0.999976
3949	1	metal5	620	332	0	0	0	0.999973
3950	1	metal5	630	332	0	0	0	0.999971
3951	1	metal5	640	332	0	0	0	0.99997
3952	1	metal5	650	332	0	0	0	0.999968
3953	1	metal5	660	332	0	0	0	0.999966
3954	1	metal5	670	332	0	0	0	0.999965
3955	1	metal5	680	332	0	0	0	0.999963
3956	1	metal5	690	332	0	0	0	0.999962
3957	1	metal5	700	332	0	0	0	0.999961
3958	1	metal5	710	332	0	0	0	0.99996
3959	1	metal5	720	332	0	0	0	0.999959
3960	1	metal5	730	332	0	0	0	0.999958
3961	1	metal5	740	332	0	0	0	0.999957
3962	1	metal5	750	332	0	0	0	0.999956
3963	1	metal5	760	332	0	0	0	0.999955
3964	1	metal5	770	332	0	0	0	0.999954
3965	1	metal5	780	332	0	0	0	0.999954
3966	1	metal5	790	332	0	0	0	0.999953
3967	1	metal5	800	332	0	0	0	0.999952
3968	1	metal5	810	332	0	0	0	0.999952
3969	1	metal5	820	332	0	0	0	0.999951
3970	1	metal5	830	332	0	0	0	0.999951
3971	1	metal5	840	332	0	0	0	0.99995
3972	1	metal5	850	332	0	0	0	0.99995
3973	1	metal5	860	332	0	0	0	0.99995
3974	1	metal5	870	332	0	0	0	0.999949
3975	1	metal5	880	332	0	0	0	0.999949
3976	1	metal5	890	332	0	0	0	0.999948
3977	1	metal5	900	332	0	0	0	0.999948
3978	1	metal5	910	332	0	0	0	0.999948
3979	1	metal5	920	332	0	0	0	0.999948
3980	1	metal5	930	332	0	0	0	0.999947
3981	1	metal5	940	332	0	0	0	0.999947
3982	1	metal5	950	332	0	0	0	0.999947
3983	1	metal5	960	332	0	0	0	0.999947
3984	1	metal5	970	332	0	0	0	0.999946
3985	1	metal5	980	332	0	0	0	0.999946
3986	1	metal5	990	332	0	0	0	0.999946
3987	1	metal5	1000	332	0	0	0	0.999946
3988	1	metal5	1010	332	0	0	0	0.999946
3989	1	metal5	1020	332	0	0	0	0.999946
3990	1	metal5	1030	332	0	0	0	0.999946
3991	1	metal5	1040	332	0	0	0	0.999946
3992	1	metal5	1050	332	0	0	0	0.999945
3993	1	metal5	1060	332	0	0	0	0.999945
3994	1	metal5	1070	332	0	0	0	0.999945
3995	1	metal5	1080	332	0	0	0	0.999945
3996	1	metal5	1090	332	0	0	0	0.999945
3997	1	metal5	10	342	0	0	0	0.999944
3998	1	metal5	20	342	0	0	0	0.999944
3999	1	metal5	30	342	0	0	0	0.999944
4000	1	metal5	40	342	0	0	0	0.999944
4001	1	metal5	50	342	0	0	0	0.999944
4002	1	metal5	60	342	0	0	0	0.999944
4003	1	metal5	70	342	0	0	0	0.999944
4004	1	metal5	80	342	0	0	0	0.999944
4005	1	metal5	90	342	0	0	0	0.999944
4006	1	metal5	100	342	0	0	0	0.999945
4007	1	metal5	110	342	0	0	0	0.999945
4008	1	metal5	120	342	0	0	0	0.999945
4009	1	metal5	130	342	0	0	0	0.999945
4010	1	metal5	140	342	0	0	0	0.999946
4011	1	metal5	150	342	0	0	0	0.999946
4012	1	metal5	160	342	0	0	0	0.999946
4013	1	metal5	170	342	0	0	0	0.999946
4014	1	metal5	180	342	0	0	0	0.999947
4015	1	metal5	190	342	0	0	0	0.999947
4016	1	metal5	200	342	0	0	0	0.999948
4017	1	metal5	210	342	0	0	0	0.999948
4018	1	metal5	220	342	0	0	0	0.999949
4019	1	metal5	230	342	0	0	0	0.999949
4020	1	metal5	240	342	0	0	0	0.999949
4021	1	metal5	250	342	0	0	0	0.99995
4022	1	metal5	260	342	0	0	0	0.999951
4023	1	metal5	270	342	0	0	0	0.999951
4024	1	metal5	280	342	0	0	0	0.999952
4025	1	metal5	290	342	0	0	0	0.999952
4026	1	metal5	300	342	0	0	0	0.999953
4027	1	metal5	310	342	0	0	0	0.999954
4028	1	metal5	320	342	0	0	0	0.999955
4029	1	metal5	330	342	0	0	0	0.999955
4030	1	metal5	340	342	0	0	0	0.999956
4031	1	metal5	350	342	0	0	0	0.999957
4032	1	metal5	360	342	0	0	0	0.999958
4033	1	metal5	370	342	0	0	0	0.999959
4034	1	metal5	380	342	0	0	0	0.99996
4035	1	metal5	390	342	0	0	0	0.999961
4036	1	metal5	400	342	0	0	0	0.999962
4037	1	metal5	410	342	0	0	0	0.999963
4038	1	metal5	420	342	0	0	0	0.999965
4039	1	metal5	430	342	0	0	0	0.999967
4040	1	metal5	440	342	0	0	0	0.999967
4041	1	metal5	450	342	0	0	0	0.999969
4042	1	metal5	460	342	0	0	0	0.99997
4043	1	metal5	470	342	0	0	0	0.999972
4044	1	metal5	480	342	0	0	0	0.999974
4045	1	metal5	490	342	0	0	0	0.999976
4046	1	metal5	500	342	0	0	0	0.999976
4047	1	metal5	510	342	0	0	0	0.999978
4048	1	metal5	520	342	0	0	0	0.999982
4049	1	metal5	530	342	0	0	0	0.999983
4050	1	metal5	540	342	0	0	0	0.999984
4051	1	metal5	550	342	0	0	0	0.999987
4052	1	metal5	560	342	0	0	0	0.999983
4053	1	metal5	570	342	0	0	0	0.999981
4054	1	metal5	580	342	0	0	0	0.999981
4055	1	metal5	590	342	0	0	0	0.999979
4056	1	metal5	600	342	0	0	0	0.999977
4057	1	metal5	610	342	0	0	0	0.999976
4058	1	metal5	620	342	0	0	0	0.999973
4059	1	metal5	630	342	0	0	0	0.99997
4060	1	metal5	640	342	0	0	0	0.99997
4061	1	metal5	650	342	0	0	0	0.999968
4062	1	metal5	660	342	0	0	0	0.999966
4063	1	metal5	670	342	0	0	0	0.999965
4064	1	metal5	680	342	0	0	0	0.999963
4065	1	metal5	690	342	0	0	0	0.999962
4066	1	metal5	700	342	0	0	0	0.999961
4067	1	metal5	710	342	0	0	0	0.99996
4068	1	metal5	720	342	0	0	0	0.999959
4069	1	metal5	730	342	0	0	0	0.999958
4070	1	metal5	740	342	0	0	0	0.999956
4071	1	metal5	750	342	0	0	0	0.999956
4072	1	metal5	760	342	0	0	0	0.999955
4073	1	metal5	770	342	0	0	0	0.999954
4074	1	metal5	780	342	0	0	0	0.999953
4075	1	metal5	790	342	0	0	0	0.999953
4076	1	metal5	800	342	0	0	0	0.999952
4077	1	metal5	810	342	0	0	0	0.999952
4078	1	metal5	820	342	0	0	0	0.999952
4079	1	metal5	830	342	0	0	0	0.999951
4080	1	metal5	840	342	0	0	0	0.99995
4081	1	metal5	850	342	0	0	0	0.99995
4082	1	metal5	860	342	0	0	0	0.999949
4083	1	metal5	870	342	0	0	0	0.999949
4084	1	metal5	880	342	0	0	0	0.999949
4085	1	metal5	890	342	0	0	0	0.999949
4086	1	metal5	900	342	0	0	0	0.999948
4087	1	metal5	910	342	0	0	0	0.999948
4088	1	metal5	920	342	0	0	0	0.999948
4089	1	metal5	930	342	0	0	0	0.999947
4090	1	metal5	940	342	0	0	0	0.999947
4091	1	metal5	950	342	0	0	0	0.999947
4092	1	metal5	960	342	0	0	0	0.999947
4093	1	metal5	970	342	0	0	0	0.999947
4094	1	metal5	980	342	0	0	0	0.999946
4095	1	metal5	990	342	0	0	0	0.999946
4096	1	metal5	1000	342	0	0	0	0.999946
4097	1	metal5	1010	342	0	0	0	0.999946
4098	1	metal5	1020	342	0	0	0	0.999946
4099	1	metal5	1030	342	0	0	0	0.999946
4100	1	metal5	1040	342	0	0	0	0.999946
4101	1	metal5	1050	342	0	0	0	0.999946
4102	1	metal5	1060	342	0	0	0	0.999946
4103	1	metal5	1070	342	0	0	0	0.999945
4104	1	metal5	1080	342	0	0	0	0.999946
4105	1	metal5	1090	342	0	0	0	0.999946
4106	1	metal5	10	352	0	0	0	0.999942
4107	1	metal5	20	352	0	0	0	0.999943
4108	1	metal5	30	352	0	0	0	0.999943
4109	1	metal5	40	352	0	0	0	0.999944
4110	1	metal5	50	352	0	0	0	0.999944
4111	1	metal5	60	352	0	0	0	0.999943
4112	1	metal5	70	352	0	0	0	0.999943
4113	1	metal5	80	352	0	0	0	0.999944
4114	1	metal5	90	352	0	0	0	0.999944
4115	1	metal5	100	352	0	0	0	0.999944
4116	1	metal5	110	352	0	0	0	0.999944
4117	1	metal5	120	352	0	0	0	0.999944
4118	1	metal5	130	352	0	0	0	0.999945
4119	1	metal5	140	352	0	0	0	0.999945
4120	1	metal5	150	352	0	0	0	0.999946
4121	1	metal5	160	352	0	0	0	0.999946
4122	1	metal5	170	352	0	0	0	0.999946
4123	1	metal5	180	352	0	0	0	0.999946
4124	1	metal5	190	352	0	0	0	0.999947
4125	1	metal5	200	352	0	0	0	0.999947
4126	1	metal5	210	352	0	0	0	0.999948
4127	1	metal5	220	352	0	0	0	0.999948
4128	1	metal5	230	352	0	0	0	0.999947
4129	1	metal5	240	352	0	0	0	0.999949
4130	1	metal5	250	352	0	0	0	0.99995
4131	1	metal5	260	352	0	0	0	0.99995
4132	1	metal5	270	352	0	0	0	0.999951
4133	1	metal5	280	352	0	0	0	0.999951
4134	1	metal5	290	352	0	0	0	0.99995
4135	1	metal5	300	352	0	0	0	0.999952
4136	1	metal5	310	352	0	0	0	0.999953
4137	1	metal5	320	352	0	0	0	0.999954
4138	1	metal5	330	352	0	0	0	0.999955
4139	1	metal5	340	352	0	0	0	0.999955
4140	1	metal5	350	352	0	0	0	0.999954
4141	1	metal5	360	352	0	0	0	0.999956
4142	1	metal5	370	352	0	0	0	0.999958
4143	1	metal5	380	352	0	0	0	0.999959
4144	1	metal5	390	352	0	0	0	0.999959
4145	1	metal5	400	352	0	0	0	0.999958
4146	1	metal5	410	352	0	0	0	0.999962
4147	1	metal5	420	352	0	0	0	0.999964
4148	1	metal5	430	352	0	0	0	0.999966
4149	1	metal5	440	352	0	0	0	0.999966
4150	1	metal5	450	352	0	0	0	0.999966
4151	1	metal5	460	352	0	0	0	0.999963
4152	1	metal5	470	352	0	0	0	0.999968
4153	1	metal5	480	352	0	0	0	0.999972
4154	1	metal5	490	352	0	0	0	0.999973
4155	1	metal5	500	352	0	0	0	0.999972
4156	1	metal5	510	352	0	0	0	0.999968
4157	1	metal5	520	352	0	0	0	0.999976
4158	1	metal5	530	352	0	0	0	0.99998
4159	1	metal5	540	352	0	0	0	0.999982
4160	1	metal5	550	352	0	0	0	0.999983
4161	1	metal5	560	352	0	0	0	0.999977
4162	1	metal5	570	352	0	0	0	0.999969
4163	1	metal5	580	352	0	0	0	0.999975
4164	1	metal5	590	352	0	0	0	0.999976
4165	1	metal5	600	352	0	0	0	0.999975
4166	1	metal5	610	352	0	0	0	0.999974
4167	1	metal5	620	352	0	0	0	0.999969
4168	1	metal5	630	352	0	0	0	0.999962
4169	1	metal5	640	352	0	0	0	0.999966
4170	1	metal5	650	352	0	0	0	0.999966
4171	1	metal5	660	352	0	0	0	0.999964
4172	1	metal5	670	352	0	0	0	0.999962
4173	1	metal5	680	352	0	0	0	0.999957
4174	1	metal5	690	352	0	0	0	0.999959
4175	1	metal5	700	352	0	0	0	0.99996
4176	1	metal5	710	352	0	0	0	0.999959
4177	1	metal5	720	352	0	0	0	0.999958
4178	1	metal5	730	352	0	0	0	0.999956
4179	1	metal5	740	352	0	0	0	0.999953
4180	1	metal5	750	352	0	0	0	0.999954
4181	1	metal5	760	352	0	0	0	0.999954
4182	1	metal5	770	352	0	0	0	0.999954
4183	1	metal5	780	352	0	0	0	0.999952
4184	1	metal5	790	352	0	0	0	0.99995
4185	1	metal5	800	352	0	0	0	0.999951
4186	1	metal5	810	352	0	0	0	0.999951
4187	1	metal5	820	352	0	0	0	0.999951
4188	1	metal5	830	352	0	0	0	0.999951
4189	1	metal5	840	352	0	0	0	0.99995
4190	1	metal5	850	352	0	0	0	0.999948
4191	1	metal5	860	352	0	0	0	0.999949
4192	1	metal5	870	352	0	0	0	0.999949
4193	1	metal5	880	352	0	0	0	0.999949
4194	1	metal5	890	352	0	0	0	0.999948
4195	1	metal5	900	352	0	0	0	0.999948
4196	1	metal5	910	352	0	0	0	0.999947
4197	1	metal5	920	352	0	0	0	0.999947
4198	1	metal5	930	352	0	0	0	0.999947
4199	1	metal5	940	352	0	0	0	0.999947
4200	1	metal5	950	352	0	0	0	0.999947
4201	1	metal5	960	352	0	0	0	0.999946
4202	1	metal5	970	352	0	0	0	0.999946
4203	1	metal5	980	352	0	0	0	0.999946
4204	1	metal5	990	352	0	0	0	0.999946
4205	1	metal5	1000	352	0	0	0	0.999946
4206	1	metal5	1010	352	0	0	0	0.999946
4207	1	metal5	1020	352	0	0	0	0.999945
4208	1	metal5	1030	352	0	0	0	0.999946
4209	1	metal5	1040	352	0	0	0	0.999946
4210	1	metal5	1050	352	0	0	0	0.999946
4211	1	metal5	1060	352	0	0	0	0.999945
4212	1	metal5	1070	352	0	0	0	0.999945
4213	1	metal5	1080	352	0	0	0	0.999945
4214	1	metal5	1090	352	0	0	0	0.999946
4215	1	metal5	10	362	0	0	0	0.999944
4216	1	metal5	20	362	0	0	0	0.999944
4217	1	metal5	30	362	0	0	0	0.999944
4218	1	metal5	40	362	0	0	0	0.999944
4219	1	metal5	50	362	0	0	0	0.999944
4220	1	metal5	60	362	0	0	0	0.999944
4221	1	metal5	70	362	0	0	0	0.999944
4222	1	metal5	80	362	0	0	0	0.999944
4223	1	metal5	90	362	0	0	0	0.999944
4224	1	metal5	100	362	0	0	0	0.999945
4225	1	metal5	110	362	0	0	0	0.999945
4226	1	metal5	120	362	0	0	0	0.999945
4227	1	metal5	130	362	0	0	0	0.999945
4228	1	metal5	140	362	0	0	0	0.999946
4229	1	metal5	150	362	0	0	0	0.999946
4230	1	metal5	160	362	0	0	0	0.999946
4231	1	metal5	170	362	0	0	0	0.999947
4232	1	metal5	180	362	0	0	0	0.999947
4233	1	metal5	190	362	0	0	0	0.999947
4234	1	metal5	200	362	0	0	0	0.999948
4235	1	metal5	210	362	0	0	0	0.999948
4236	1	metal5	220	362	0	0	0	0.999949
4237	1	metal5	230	362	0	0	0	0.999949
4238	1	metal5	240	362	0	0	0	0.999949
4239	1	metal5	250	362	0	0	0	0.99995
4240	1	metal5	260	362	0	0	0	0.999951
4241	1	metal5	270	362	0	0	0	0.999951
4242	1	metal5	280	362	0	0	0	0.999952
4243	1	metal5	290	362	0	0	0	0.999952
4244	1	metal5	300	362	0	0	0	0.999953
4245	1	metal5	310	362	0	0	0	0.999954
4246	1	metal5	320	362	0	0	0	0.999955
4247	1	metal5	330	362	0	0	0	0.999955
4248	1	metal5	340	362	0	0	0	0.999956
4249	1	metal5	350	362	0	0	0	0.999957
4250	1	metal5	360	362	0	0	0	0.999958
4251	1	metal5	370	362	0	0	0	0.999959
4252	1	metal5	380	362	0	0	0	0.99996
4253	1	metal5	390	362	0	0	0	0.999961
4254	1	metal5	400	362	0	0	0	0.999962
4255	1	metal5	410	362	0	0	0	0.999963
4256	1	metal5	420	362	0	0	0	0.999965
4257	1	metal5	430	362	0	0	0	0.999966
4258	1	metal5	440	362	0	0	0	0.999967
4259	1	metal5	450	362	0	0	0	0.999968
4260	1	metal5	460	362	0	0	0	0.999969
4261	1	metal5	470	362	0	0	0	0.999971
4262	1	metal5	480	362	0	0	0	0.999973
4263	1	metal5	490	362	0	0	0	0.999975
4264	1	metal5	500	362	0	0	0	0.999976
4265	1	metal5	510	362	0	0	0	0.999977
4266	1	metal5	520	362	0	0	0	0.99998
4267	1	metal5	530	362	0	0	0	0.999982
4268	1	metal5	540	362	0	0	0	0.999983
4269	1	metal5	550	362	0	0	0	0.999984
4270	1	metal5	560	362	0	0	0	0.999982
4271	1	metal5	570	362	0	0	0	0.99998
4272	1	metal5	580	362	0	0	0	0.99998
4273	1	metal5	590	362	0	0	0	0.999978
4274	1	metal5	600	362	0	0	0	0.999976
4275	1	metal5	610	362	0	0	0	0.999975
4276	1	metal5	620	362	0	0	0	0.999972
4277	1	metal5	630	362	0	0	0	0.99997
4278	1	metal5	640	362	0	0	0	0.999969
4279	1	metal5	650	362	0	0	0	0.999967
4280	1	metal5	660	362	0	0	0	0.999966
4281	1	metal5	670	362	0	0	0	0.999964
4282	1	metal5	680	362	0	0	0	0.999962
4283	1	metal5	690	362	0	0	0	0.999961
4284	1	metal5	700	362	0	0	0	0.999961
4285	1	metal5	710	362	0	0	0	0.99996
4286	1	metal5	720	362	0	0	0	0.999959
4287	1	metal5	730	362	0	0	0	0.999958
4288	1	metal5	740	362	0	0	0	0.999956
4289	1	metal5	750	362	0	0	0	0.999956
4290	1	metal5	760	362	0	0	0	0.999955
4291	1	metal5	770	362	0	0	0	0.999954
4292	1	metal5	780	362	0	0	0	0.999953
4293	1	metal5	790	362	0	0	0	0.999953
4294	1	metal5	800	362	0	0	0	0.999952
4295	1	metal5	810	362	0	0	0	0.999952
4296	1	metal5	820	362	0	0	0	0.999952
4297	1	metal5	830	362	0	0	0	0.999951
4298	1	metal5	840	362	0	0	0	0.99995
4299	1	metal5	850	362	0	0	0	0.99995
4300	1	metal5	860	362	0	0	0	0.99995
4301	1	metal5	870	362	0	0	0	0.999949
4302	1	metal5	880	362	0	0	0	0.999949
4303	1	metal5	890	362	0	0	0	0.999949
4304	1	metal5	900	362	0	0	0	0.999948
4305	1	metal5	910	362	0	0	0	0.999948
4306	1	metal5	920	362	0	0	0	0.999948
4307	1	metal5	930	362	0	0	0	0.999948
4308	1	metal5	940	362	0	0	0	0.999947
4309	1	metal5	950	362	0	0	0	0.999947
4310	1	metal5	960	362	0	0	0	0.999947
4311	1	metal5	970	362	0	0	0	0.999947
4312	1	metal5	980	362	0	0	0	0.999947
4313	1	metal5	990	362	0	0	0	0.999947
4314	1	metal5	1000	362	0	0	0	0.999947
4315	1	metal5	1010	362	0	0	0	0.999946
4316	1	metal5	1020	362	0	0	0	0.999946
4317	1	metal5	1030	362	0	0	0	0.999946
4318	1	metal5	1040	362	0	0	0	0.999946
4319	1	metal5	1050	362	0	0	0	0.999946
4320	1	metal5	1060	362	0	0	0	0.999946
4321	1	metal5	1070	362	0	0	0	0.999946
4322	1	metal5	1080	362	0	0	0	0.999946
4323	1	metal5	1090	362	0	0	0	0.999946
4324	1	metal5	10	372	0	0	0	0.999944
4325	1	metal5	20	372	0	0	0	0.999944
4326	1	metal5	30	372	0	0	0	0.999944
4327	1	metal5	40	372	0	0	0	0.999944
4328	1	metal5	50	372	0	0	0	0.999944
4329	1	metal5	60	372	0	0	0	0.999944
4330	1	metal5	70	372	0	0	0	0.999944
4331	1	metal5	80	372	0	0	0	0.999945
4332	1	metal5	90	372	0	0	0	0.999945
4333	1	metal5	100	372	0	0	0	0.999945
4334	1	metal5	110	372	0	0	0	0.999945
4335	1	metal5	120	372	0	0	0	0.999945
4336	1	metal5	130	372	0	0	0	0.999946
4337	1	metal5	140	372	0	0	0	0.999946
4338	1	metal5	150	372	0	0	0	0.999946
4339	1	metal5	160	372	0	0	0	0.999947
4340	1	metal5	170	372	0	0	0	0.999947
4341	1	metal5	180	372	0	0	0	0.999947
4342	1	metal5	190	372	0	0	0	0.999948
4343	1	metal5	200	372	0	0	0	0.999948
4344	1	metal5	210	372	0	0	0	0.999948
4345	1	metal5	220	372	0	0	0	0.999949
4346	1	metal5	230	372	0	0	0	0.999949
4347	1	metal5	240	372	0	0	0	0.99995
4348	1	metal5	250	372	0	0	0	0.99995
4349	1	metal5	260	372	0	0	0	0.999951
4350	1	metal5	270	372	0	0	0	0.999951
4351	1	metal5	280	372	0	0	0	0.999952
4352	1	metal5	290	372	0	0	0	0.999952
4353	1	metal5	300	372	0	0	0	0.999953
4354	1	metal5	310	372	0	0	0	0.999954
4355	1	metal5	320	372	0	0	0	0.999955
4356	1	metal5	330	372	0	0	0	0.999956
4357	1	metal5	340	372	0	0	0	0.999957
4358	1	metal5	350	372	0	0	0	0.999957
4359	1	metal5	360	372	0	0	0	0.999958
4360	1	metal5	370	372	0	0	0	0.999959
4361	1	metal5	380	372	0	0	0	0.99996
4362	1	metal5	390	372	0	0	0	0.999961
4363	1	metal5	400	372	0	0	0	0.999963
4364	1	metal5	410	372	0	0	0	0.999964
4365	1	metal5	420	372	0	0	0	0.999965
4366	1	metal5	430	372	0	0	0	0.999967
4367	1	metal5	440	372	0	0	0	0.999968
4368	1	metal5	450	372	0	0	0	0.999969
4369	1	metal5	460	372	0	0	0	0.999971
4370	1	metal5	470	372	0	0	0	0.999972
4371	1	metal5	480	372	0	0	0	0.999974
4372	1	metal5	490	372	0	0	0	0.999976
4373	1	metal5	500	372	0	0	0	0.999977
4374	1	metal5	510	372	0	0	0	0.999979
4375	1	metal5	520	372	0	0	0	0.999982
4376	1	metal5	530	372	0	0	0	0.999983
4377	1	metal5	540	372	0	0	0	0.999985
4378	1	metal5	550	372	0	0	0	0.999987
4379	1	metal5	560	372	0	0	0	0.999984
4380	1	metal5	570	372	0	0	0	0.999982
4381	1	metal5	580	372	0	0	0	0.999982
4382	1	metal5	590	372	0	0	0	0.999979
4383	1	metal5	600	372	0	0	0	0.999977
4384	1	metal5	610	372	0	0	0	0.999976
4385	1	metal5	620	372	0	0	0	0.999973
4386	1	metal5	630	372	0	0	0	0.999971
4387	1	metal5	640	372	0	0	0	0.99997
4388	1	metal5	650	372	0	0	0	0.999968
4389	1	metal5	660	372	0	0	0	0.999966
4390	1	metal5	670	372	0	0	0	0.999965
4391	1	metal5	680	372	0	0	0	0.999963
4392	1	metal5	690	372	0	0	0	0.999962
4393	1	metal5	700	372	0	0	0	0.999962
4394	1	metal5	710	372	0	0	0	0.99996
4395	1	metal5	720	372	0	0	0	0.999959
4396	1	metal5	730	372	0	0	0	0.999958
4397	1	metal5	740	372	0	0	0	0.999957
4398	1	metal5	750	372	0	0	0	0.999956
4399	1	metal5	760	372	0	0	0	0.999956
4400	1	metal5	770	372	0	0	0	0.999955
4401	1	metal5	780	372	0	0	0	0.999954
4402	1	metal5	790	372	0	0	0	0.999954
4403	1	metal5	800	372	0	0	0	0.999953
4404	1	metal5	810	372	0	0	0	0.999952
4405	1	metal5	820	372	0	0	0	0.999952
4406	1	metal5	830	372	0	0	0	0.999951
4407	1	metal5	840	372	0	0	0	0.999951
4408	1	metal5	850	372	0	0	0	0.999951
4409	1	metal5	860	372	0	0	0	0.99995
4410	1	metal5	870	372	0	0	0	0.99995
4411	1	metal5	880	372	0	0	0	0.99995
4412	1	metal5	890	372	0	0	0	0.999949
4413	1	metal5	900	372	0	0	0	0.999949
4414	1	metal5	910	372	0	0	0	0.999949
4415	1	metal5	920	372	0	0	0	0.999948
4416	1	metal5	930	372	0	0	0	0.999948
4417	1	metal5	940	372	0	0	0	0.999948
4418	1	metal5	950	372	0	0	0	0.999948
4419	1	metal5	960	372	0	0	0	0.999947
4420	1	metal5	970	372	0	0	0	0.999947
4421	1	metal5	980	372	0	0	0	0.999947
4422	1	metal5	990	372	0	0	0	0.999947
4423	1	metal5	1000	372	0	0	0	0.999947
4424	1	metal5	1010	372	0	0	0	0.999947
4425	1	metal5	1020	372	0	0	0	0.999947
4426	1	metal5	1030	372	0	0	0	0.999947
4427	1	metal5	1040	372	0	0	0	0.999946
4428	1	metal5	1050	372	0	0	0	0.999946
4429	1	metal5	1060	372	0	0	0	0.999946
4430	1	metal5	1070	372	0	0	0	0.999946
4431	1	metal5	1080	372	0	0	0	0.999946
4432	1	metal5	1090	372	0	0	0	0.999946
4433	1	metal5	10	382	0	0	0	0.999944
4434	1	metal5	20	382	0	0	0	0.999944
4435	1	metal5	30	382	0	0	0	0.999944
4436	1	metal5	40	382	0	0	0	0.999944
4437	1	metal5	50	382	0	0	0	0.999944
4438	1	metal5	60	382	0	0	0	0.999944
4439	1	metal5	70	382	0	0	0	0.999945
4440	1	metal5	80	382	0	0	0	0.999945
4441	1	metal5	90	382	0	0	0	0.999945
4442	1	metal5	100	382	0	0	0	0.999945
4443	1	metal5	110	382	0	0	0	0.999945
4444	1	metal5	120	382	0	0	0	0.999945
4445	1	metal5	130	382	0	0	0	0.999946
4446	1	metal5	140	382	0	0	0	0.999946
4447	1	metal5	150	382	0	0	0	0.999946
4448	1	metal5	160	382	0	0	0	0.999947
4449	1	metal5	170	382	0	0	0	0.999947
4450	1	metal5	180	382	0	0	0	0.999947
4451	1	metal5	190	382	0	0	0	0.999948
4452	1	metal5	200	382	0	0	0	0.999948
4453	1	metal5	210	382	0	0	0	0.999948
4454	1	metal5	220	382	0	0	0	0.999949
4455	1	metal5	230	382	0	0	0	0.999949
4456	1	metal5	240	382	0	0	0	0.99995
4457	1	metal5	250	382	0	0	0	0.99995
4458	1	metal5	260	382	0	0	0	0.999951
4459	1	metal5	270	382	0	0	0	0.999951
4460	1	metal5	280	382	0	0	0	0.999952
4461	1	metal5	290	382	0	0	0	0.999952
4462	1	metal5	300	382	0	0	0	0.999953
4463	1	metal5	310	382	0	0	0	0.999954
4464	1	metal5	320	382	0	0	0	0.999955
4465	1	metal5	330	382	0	0	0	0.999956
4466	1	metal5	340	382	0	0	0	0.999956
4467	1	metal5	350	382	0	0	0	0.999957
4468	1	metal5	360	382	0	0	0	0.999958
4469	1	metal5	370	382	0	0	0	0.999959
4470	1	metal5	380	382	0	0	0	0.99996
4471	1	metal5	390	382	0	0	0	0.999961
4472	1	metal5	400	382	0	0	0	0.999962
4473	1	metal5	410	382	0	0	0	0.999963
4474	1	metal5	420	382	0	0	0	0.999965
4475	1	metal5	430	382	0	0	0	0.999966
4476	1	metal5	440	382	0	0	0	0.999967
4477	1	metal5	450	382	0	0	0	0.999969
4478	1	metal5	460	382	0	0	0	0.99997
4479	1	metal5	470	382	0	0	0	0.999972
4480	1	metal5	480	382	0	0	0	0.999974
4481	1	metal5	490	382	0	0	0	0.999976
4482	1	metal5	500	382	0	0	0	0.999977
4483	1	metal5	510	382	0	0	0	0.999978
4484	1	metal5	520	382	0	0	0	0.999981
4485	1	metal5	530	382	0	0	0	0.999982
4486	1	metal5	540	382	0	0	0	0.999984
4487	1	metal5	550	382	0	0	0	0.999985
4488	1	metal5	560	382	0	0	0	0.999983
4489	1	metal5	570	382	0	0	0	0.999981
4490	1	metal5	580	382	0	0	0	0.999981
4491	1	metal5	590	382	0	0	0	0.999979
4492	1	metal5	600	382	0	0	0	0.999977
4493	1	metal5	610	382	0	0	0	0.999975
4494	1	metal5	620	382	0	0	0	0.999973
4495	1	metal5	630	382	0	0	0	0.999971
4496	1	metal5	640	382	0	0	0	0.999969
4497	1	metal5	650	382	0	0	0	0.999968
4498	1	metal5	660	382	0	0	0	0.999966
4499	1	metal5	670	382	0	0	0	0.999965
4500	1	metal5	680	382	0	0	0	0.999963
4501	1	metal5	690	382	0	0	0	0.999962
4502	1	metal5	700	382	0	0	0	0.999961
4503	1	metal5	710	382	0	0	0	0.99996
4504	1	metal5	720	382	0	0	0	0.999959
4505	1	metal5	730	382	0	0	0	0.999958
4506	1	metal5	740	382	0	0	0	0.999957
4507	1	metal5	750	382	0	0	0	0.999956
4508	1	metal5	760	382	0	0	0	0.999956
4509	1	metal5	770	382	0	0	0	0.999955
4510	1	metal5	780	382	0	0	0	0.999954
4511	1	metal5	790	382	0	0	0	0.999953
4512	1	metal5	800	382	0	0	0	0.999953
4513	1	metal5	810	382	0	0	0	0.999952
4514	1	metal5	820	382	0	0	0	0.999952
4515	1	metal5	830	382	0	0	0	0.999951
4516	1	metal5	840	382	0	0	0	0.999951
4517	1	metal5	850	382	0	0	0	0.999951
4518	1	metal5	860	382	0	0	0	0.99995
4519	1	metal5	870	382	0	0	0	0.99995
4520	1	metal5	880	382	0	0	0	0.99995
4521	1	metal5	890	382	0	0	0	0.999949
4522	1	metal5	900	382	0	0	0	0.999949
4523	1	metal5	910	382	0	0	0	0.999949
4524	1	metal5	920	382	0	0	0	0.999948
4525	1	metal5	930	382	0	0	0	0.999948
4526	1	metal5	940	382	0	0	0	0.999948
4527	1	metal5	950	382	0	0	0	0.999948
4528	1	metal5	960	382	0	0	0	0.999947
4529	1	metal5	970	382	0	0	0	0.999947
4530	1	metal5	980	382	0	0	0	0.999947
4531	1	metal5	990	382	0	0	0	0.999947
4532	1	metal5	1000	382	0	0	0	0.999947
4533	1	metal5	1010	382	0	0	0	0.999947
4534	1	metal5	1020	382	0	0	0	0.999947
4535	1	metal5	1030	382	0	0	0	0.999947
4536	1	metal5	1040	382	0	0	0	0.999947
4537	1	metal5	1050	382	0	0	0	0.999947
4538	1	metal5	1060	382	0	0	0	0.999946
4539	1	metal5	1070	382	0	0	0	0.999946
4540	1	metal5	1080	382	0	0	0	0.999946
4541	1	metal5	1090	382	0	0	0	0.999946
4542	1	metal5	10	392	0	0	0	0.999944
4543	1	metal5	20	392	0	0	0	0.999944
4544	1	metal5	30	392	0	0	0	0.999944
4545	1	metal5	40	392	0	0	0	0.999944
4546	1	metal5	50	392	0	0	0	0.999944
4547	1	metal5	60	392	0	0	0	0.999944
4548	1	metal5	70	392	0	0	0	0.999945
4549	1	metal5	80	392	0	0	0	0.999945
4550	1	metal5	90	392	0	0	0	0.999945
4551	1	metal5	100	392	0	0	0	0.999945
4552	1	metal5	110	392	0	0	0	0.999945
4553	1	metal5	120	392	0	0	0	0.999945
4554	1	metal5	130	392	0	0	0	0.999946
4555	1	metal5	140	392	0	0	0	0.999946
4556	1	metal5	150	392	0	0	0	0.999946
4557	1	metal5	160	392	0	0	0	0.999947
4558	1	metal5	170	392	0	0	0	0.999947
4559	1	metal5	180	392	0	0	0	0.999947
4560	1	metal5	190	392	0	0	0	0.999948
4561	1	metal5	200	392	0	0	0	0.999948
4562	1	metal5	210	392	0	0	0	0.999948
4563	1	metal5	220	392	0	0	0	0.999949
4564	1	metal5	230	392	0	0	0	0.999949
4565	1	metal5	240	392	0	0	0	0.99995
4566	1	metal5	250	392	0	0	0	0.99995
4567	1	metal5	260	392	0	0	0	0.999951
4568	1	metal5	270	392	0	0	0	0.999951
4569	1	metal5	280	392	0	0	0	0.999952
4570	1	metal5	290	392	0	0	0	0.999952
4571	1	metal5	300	392	0	0	0	0.999953
4572	1	metal5	310	392	0	0	0	0.999954
4573	1	metal5	320	392	0	0	0	0.999955
4574	1	metal5	330	392	0	0	0	0.999955
4575	1	metal5	340	392	0	0	0	0.999956
4576	1	metal5	350	392	0	0	0	0.999957
4577	1	metal5	360	392	0	0	0	0.999958
4578	1	metal5	370	392	0	0	0	0.999959
4579	1	metal5	380	392	0	0	0	0.99996
4580	1	metal5	390	392	0	0	0	0.999961
4581	1	metal5	400	392	0	0	0	0.999962
4582	1	metal5	410	392	0	0	0	0.999963
4583	1	metal5	420	392	0	0	0	0.999965
4584	1	metal5	430	392	0	0	0	0.999966
4585	1	metal5	440	392	0	0	0	0.999967
4586	1	metal5	450	392	0	0	0	0.999968
4587	1	metal5	460	392	0	0	0	0.99997
4588	1	metal5	470	392	0	0	0	0.999971
4589	1	metal5	480	392	0	0	0	0.999973
4590	1	metal5	490	392	0	0	0	0.999975
4591	1	metal5	500	392	0	0	0	0.999976
4592	1	metal5	510	392	0	0	0	0.999977
4593	1	metal5	520	392	0	0	0	0.99998
4594	1	metal5	530	392	0	0	0	0.999982
4595	1	metal5	540	392	0	0	0	0.999983
4596	1	metal5	550	392	0	0	0	0.999985
4597	1	metal5	560	392	0	0	0	0.999982
4598	1	metal5	570	392	0	0	0	0.99998
4599	1	metal5	580	392	0	0	0	0.99998
4600	1	metal5	590	392	0	0	0	0.999978
4601	1	metal5	600	392	0	0	0	0.999977
4602	1	metal5	610	392	0	0	0	0.999975
4603	1	metal5	620	392	0	0	0	0.999972
4604	1	metal5	630	392	0	0	0	0.99997
4605	1	metal5	640	392	0	0	0	0.999969
4606	1	metal5	650	392	0	0	0	0.999967
4607	1	metal5	660	392	0	0	0	0.999966
4608	1	metal5	670	392	0	0	0	0.999964
4609	1	metal5	680	392	0	0	0	0.999963
4610	1	metal5	690	392	0	0	0	0.999962
4611	1	metal5	700	392	0	0	0	0.999961
4612	1	metal5	710	392	0	0	0	0.99996
4613	1	metal5	720	392	0	0	0	0.999959
4614	1	metal5	730	392	0	0	0	0.999958
4615	1	metal5	740	392	0	0	0	0.999957
4616	1	metal5	750	392	0	0	0	0.999956
4617	1	metal5	760	392	0	0	0	0.999956
4618	1	metal5	770	392	0	0	0	0.999955
4619	1	metal5	780	392	0	0	0	0.999954
4620	1	metal5	790	392	0	0	0	0.999953
4621	1	metal5	800	392	0	0	0	0.999953
4622	1	metal5	810	392	0	0	0	0.999952
4623	1	metal5	820	392	0	0	0	0.999952
4624	1	metal5	830	392	0	0	0	0.999952
4625	1	metal5	840	392	0	0	0	0.999951
4626	1	metal5	850	392	0	0	0	0.999951
4627	1	metal5	860	392	0	0	0	0.99995
4628	1	metal5	870	392	0	0	0	0.99995
4629	1	metal5	880	392	0	0	0	0.99995
4630	1	metal5	890	392	0	0	0	0.999949
4631	1	metal5	900	392	0	0	0	0.999949
4632	1	metal5	910	392	0	0	0	0.999949
4633	1	metal5	920	392	0	0	0	0.999948
4634	1	metal5	930	392	0	0	0	0.999948
4635	1	metal5	940	392	0	0	0	0.999948
4636	1	metal5	950	392	0	0	0	0.999948
4637	1	metal5	960	392	0	0	0	0.999948
4638	1	metal5	970	392	0	0	0	0.999948
4639	1	metal5	980	392	0	0	0	0.999947
4640	1	metal5	990	392	0	0	0	0.999947
4641	1	metal5	1000	392	0	0	0	0.999947
4642	1	metal5	1010	392	0	0	0	0.999947
4643	1	metal5	1020	392	0	0	0	0.999947
4644	1	metal5	1030	392	0	0	0	0.999947
4645	1	metal5	1040	392	0	0	0	0.999947
4646	1	metal5	1050	392	0	0	0	0.999947
4647	1	metal5	1060	392	0	0	0	0.999947
4648	1	metal5	1070	392	0	0	0	0.999947
4649	1	metal5	1080	392	0	0	0	0.999947
4650	1	metal5	1090	392	0	0	0	0.999947
4651	1	metal5	10	402	0	0	0	0.999943
4652	1	metal5	20	402	0	0	0	0.999944
4653	1	metal5	30	402	0	0	0	0.999944
4654	1	metal5	40	402	0	0	0	0.999944
4655	1	metal5	50	402	0	0	0	0.999944
4656	1	metal5	60	402	0	0	0	0.999944
4657	1	metal5	70	402	0	0	0	0.999944
4658	1	metal5	80	402	0	0	0	0.999945
4659	1	metal5	90	402	0	0	0	0.999945
4660	1	metal5	100	402	0	0	0	0.999945
4661	1	metal5	110	402	0	0	0	0.999945
4662	1	metal5	120	402	0	0	0	0.999945
4663	1	metal5	130	402	0	0	0	0.999946
4664	1	metal5	140	402	0	0	0	0.999946
4665	1	metal5	150	402	0	0	0	0.999946
4666	1	metal5	160	402	0	0	0	0.999947
4667	1	metal5	170	402	0	0	0	0.999947
4668	1	metal5	180	402	0	0	0	0.999946
4669	1	metal5	190	402	0	0	0	0.999947
4670	1	metal5	200	402	0	0	0	0.999948
4671	1	metal5	210	402	0	0	0	0.999948
4672	1	metal5	220	402	0	0	0	0.999949
4673	1	metal5	230	402	0	0	0	0.999948
4674	1	metal5	240	402	0	0	0	0.999949
4675	1	metal5	250	402	0	0	0	0.99995
4676	1	metal5	260	402	0	0	0	0.999951
4677	1	metal5	270	402	0	0	0	0.999951
4678	1	metal5	280	402	0	0	0	0.999951
4679	1	metal5	290	402	0	0	0	0.999951
4680	1	metal5	300	402	0	0	0	0.999953
4681	1	metal5	310	402	0	0	0	0.999954
4682	1	metal5	320	402	0	0	0	0.999955
4683	1	metal5	330	402	0	0	0	0.999955
4684	1	metal5	340	402	0	0	0	0.999955
4685	1	metal5	350	402	0	0	0	0.999954
4686	1	metal5	360	402	0	0	0	0.999957
4687	1	metal5	370	402	0	0	0	0.999959
4688	1	metal5	380	402	0	0	0	0.999959
4689	1	metal5	390	402	0	0	0	0.999959
4690	1	metal5	400	402	0	0	0	0.999958
4691	1	metal5	410	402	0	0	0	0.999962
4692	1	metal5	420	402	0	0	0	0.999964
4693	1	metal5	430	402	0	0	0	0.999966
4694	1	metal5	440	402	0	0	0	0.999966
4695	1	metal5	450	402	0	0	0	0.999966
4696	1	metal5	460	402	0	0	0	0.999964
4697	1	metal5	470	402	0	0	0	0.999969
4698	1	metal5	480	402	0	0	0	0.999972
4699	1	metal5	490	402	0	0	0	0.999974
4700	1	metal5	500	402	0	0	0	0.999973
4701	1	metal5	510	402	0	0	0	0.999968
4702	1	metal5	520	402	0	0	0	0.999978
4703	1	metal5	530	402	0	0	0	0.999981
4704	1	metal5	540	402	0	0	0	0.999983
4705	1	metal5	550	402	0	0	0	0.999985
4706	1	metal5	560	402	0	0	0	0.999979
4707	1	metal5	570	402	0	0	0	0.99997
4708	1	metal5	580	402	0	0	0	0.999977
4709	1	metal5	590	402	0	0	0	0.999977
4710	1	metal5	600	402	0	0	0	0.999976
4711	1	metal5	610	402	0	0	0	0.999975
4712	1	metal5	620	402	0	0	0	0.99997
4713	1	metal5	630	402	0	0	0	0.999963
4714	1	metal5	640	402	0	0	0	0.999967
4715	1	metal5	650	402	0	0	0	0.999967
4716	1	metal5	660	402	0	0	0	0.999965
4717	1	metal5	670	402	0	0	0	0.999963
4718	1	metal5	680	402	0	0	0	0.999957
4719	1	metal5	690	402	0	0	0	0.99996
4720	1	metal5	700	402	0	0	0	0.999961
4721	1	metal5	710	402	0	0	0	0.99996
4722	1	metal5	720	402	0	0	0	0.999959
4723	1	metal5	730	402	0	0	0	0.999957
4724	1	metal5	740	402	0	0	0	0.999954
4725	1	metal5	750	402	0	0	0	0.999955
4726	1	metal5	760	402	0	0	0	0.999955
4727	1	metal5	770	402	0	0	0	0.999954
4728	1	metal5	780	402	0	0	0	0.999953
4729	1	metal5	790	402	0	0	0	0.999951
4730	1	metal5	800	402	0	0	0	0.999952
4731	1	metal5	810	402	0	0	0	0.999952
4732	1	metal5	820	402	0	0	0	0.999952
4733	1	metal5	830	402	0	0	0	0.999951
4734	1	metal5	840	402	0	0	0	0.99995
4735	1	metal5	850	402	0	0	0	0.999949
4736	1	metal5	860	402	0	0	0	0.99995
4737	1	metal5	870	402	0	0	0	0.99995
4738	1	metal5	880	402	0	0	0	0.99995
4739	1	metal5	890	402	0	0	0	0.999949
4740	1	metal5	900	402	0	0	0	0.999949
4741	1	metal5	910	402	0	0	0	0.999948
4742	1	metal5	920	402	0	0	0	0.999948
4743	1	metal5	930	402	0	0	0	0.999948
4744	1	metal5	940	402	0	0	0	0.999948
4745	1	metal5	950	402	0	0	0	0.999948
4746	1	metal5	960	402	0	0	0	0.999947
4747	1	metal5	970	402	0	0	0	0.999947
4748	1	metal5	980	402	0	0	0	0.999948
4749	1	metal5	990	402	0	0	0	0.999947
4750	1	metal5	1000	402	0	0	0	0.999947
4751	1	metal5	1010	402	0	0	0	0.999947
4752	1	metal5	1020	402	0	0	0	0.999946
4753	1	metal5	1030	402	0	0	0	0.999947
4754	1	metal5	1040	402	0	0	0	0.999947
4755	1	metal5	1050	402	0	0	0	0.999947
4756	1	metal5	1060	402	0	0	0	0.999947
4757	1	metal5	1070	402	0	0	0	0.999946
4758	1	metal5	1080	402	0	0	0	0.999947
4759	1	metal5	1090	402	0	0	0	0.999947
4760	1	metal5	10	412	0	0	0	0.999944
4761	1	metal5	20	412	0	0	0	0.999944
4762	1	metal5	30	412	0	0	0	0.999945
4763	1	metal5	40	412	0	0	0	0.999945
4764	1	metal5	50	412	0	0	0	0.999945
4765	1	metal5	60	412	0	0	0	0.999945
4766	1	metal5	70	412	0	0	0	0.999945
4767	1	metal5	80	412	0	0	0	0.999945
4768	1	metal5	90	412	0	0	0	0.999945
4769	1	metal5	100	412	0	0	0	0.999945
4770	1	metal5	110	412	0	0	0	0.999946
4771	1	metal5	120	412	0	0	0	0.999946
4772	1	metal5	130	412	0	0	0	0.999946
4773	1	metal5	140	412	0	0	0	0.999946
4774	1	metal5	150	412	0	0	0	0.999947
4775	1	metal5	160	412	0	0	0	0.999947
4776	1	metal5	170	412	0	0	0	0.999947
4777	1	metal5	180	412	0	0	0	0.999947
4778	1	metal5	190	412	0	0	0	0.999948
4779	1	metal5	200	412	0	0	0	0.999948
4780	1	metal5	210	412	0	0	0	0.999949
4781	1	metal5	220	412	0	0	0	0.999949
4782	1	metal5	230	412	0	0	0	0.999949
4783	1	metal5	240	412	0	0	0	0.99995
4784	1	metal5	250	412	0	0	0	0.999951
4785	1	metal5	260	412	0	0	0	0.999951
4786	1	metal5	270	412	0	0	0	0.999952
4787	1	metal5	280	412	0	0	0	0.999952
4788	1	metal5	290	412	0	0	0	0.999953
4789	1	metal5	300	412	0	0	0	0.999953
4790	1	metal5	310	412	0	0	0	0.999954
4791	1	metal5	320	412	0	0	0	0.999955
4792	1	metal5	330	412	0	0	0	0.999956
4793	1	metal5	340	412	0	0	0	0.999956
4794	1	metal5	350	412	0	0	0	0.999957
4795	1	metal5	360	412	0	0	0	0.999958
4796	1	metal5	370	412	0	0	0	0.999959
4797	1	metal5	380	412	0	0	0	0.99996
4798	1	metal5	390	412	0	0	0	0.999961
4799	1	metal5	400	412	0	0	0	0.999962
4800	1	metal5	410	412	0	0	0	0.999963
4801	1	metal5	420	412	0	0	0	0.999965
4802	1	metal5	430	412	0	0	0	0.999966
4803	1	metal5	440	412	0	0	0	0.999967
4804	1	metal5	450	412	0	0	0	0.999969
4805	1	metal5	460	412	0	0	0	0.99997
4806	1	metal5	470	412	0	0	0	0.999972
4807	1	metal5	480	412	0	0	0	0.999973
4808	1	metal5	490	412	0	0	0	0.999975
4809	1	metal5	500	412	0	0	0	0.999976
4810	1	metal5	510	412	0	0	0	0.999978
4811	1	metal5	520	412	0	0	0	0.999981
4812	1	metal5	530	412	0	0	0	0.999982
4813	1	metal5	540	412	0	0	0	0.999984
4814	1	metal5	550	412	0	0	0	0.999985
4815	1	metal5	560	412	0	0	0	0.999982
4816	1	metal5	570	412	0	0	0	0.99998
4817	1	metal5	580	412	0	0	0	0.99998
4818	1	metal5	590	412	0	0	0	0.999979
4819	1	metal5	600	412	0	0	0	0.999977
4820	1	metal5	610	412	0	0	0	0.999975
4821	1	metal5	620	412	0	0	0	0.999973
4822	1	metal5	630	412	0	0	0	0.99997
4823	1	metal5	640	412	0	0	0	0.999969
4824	1	metal5	650	412	0	0	0	0.999968
4825	1	metal5	660	412	0	0	0	0.999966
4826	1	metal5	670	412	0	0	0	0.999965
4827	1	metal5	680	412	0	0	0	0.999963
4828	1	metal5	690	412	0	0	0	0.999962
4829	1	metal5	700	412	0	0	0	0.999961
4830	1	metal5	710	412	0	0	0	0.99996
4831	1	metal5	720	412	0	0	0	0.999959
4832	1	metal5	730	412	0	0	0	0.999958
4833	1	metal5	740	412	0	0	0	0.999957
4834	1	metal5	750	412	0	0	0	0.999956
4835	1	metal5	760	412	0	0	0	0.999956
4836	1	metal5	770	412	0	0	0	0.999955
4837	1	metal5	780	412	0	0	0	0.999954
4838	1	metal5	790	412	0	0	0	0.999954
4839	1	metal5	800	412	0	0	0	0.999953
4840	1	metal5	810	412	0	0	0	0.999953
4841	1	metal5	820	412	0	0	0	0.999953
4842	1	metal5	830	412	0	0	0	0.999952
4843	1	metal5	840	412	0	0	0	0.999951
4844	1	metal5	850	412	0	0	0	0.999951
4845	1	metal5	860	412	0	0	0	0.999951
4846	1	metal5	870	412	0	0	0	0.99995
4847	1	metal5	880	412	0	0	0	0.99995
4848	1	metal5	890	412	0	0	0	0.99995
4849	1	metal5	900	412	0	0	0	0.999949
4850	1	metal5	910	412	0	0	0	0.999949
4851	1	metal5	920	412	0	0	0	0.999949
4852	1	metal5	930	412	0	0	0	0.999949
4853	1	metal5	940	412	0	0	0	0.999949
4854	1	metal5	950	412	0	0	0	0.999948
4855	1	metal5	960	412	0	0	0	0.999948
4856	1	metal5	970	412	0	0	0	0.999948
4857	1	metal5	980	412	0	0	0	0.999948
4858	1	metal5	990	412	0	0	0	0.999948
4859	1	metal5	1000	412	0	0	0	0.999948
4860	1	metal5	1010	412	0	0	0	0.999948
4861	1	metal5	1020	412	0	0	0	0.999947
4862	1	metal5	1030	412	0	0	0	0.999947
4863	1	metal5	1040	412	0	0	0	0.999947
4864	1	metal5	1050	412	0	0	0	0.999947
4865	1	metal5	1060	412	0	0	0	0.999947
4866	1	metal5	1070	412	0	0	0	0.999947
4867	1	metal5	1080	412	0	0	0	0.999947
4868	1	metal5	1090	412	0	0	0	0.999947
4869	1	metal5	10	422	0	0	0	0.999945
4870	1	metal5	20	422	0	0	0	0.999945
4871	1	metal5	30	422	0	0	0	0.999945
4872	1	metal5	40	422	0	0	0	0.999945
4873	1	metal5	50	422	0	0	0	0.999945
4874	1	metal5	60	422	0	0	0	0.999945
4875	1	metal5	70	422	0	0	0	0.999945
4876	1	metal5	80	422	0	0	0	0.999945
4877	1	metal5	90	422	0	0	0	0.999945
4878	1	metal5	100	422	0	0	0	0.999946
4879	1	metal5	110	422	0	0	0	0.999946
4880	1	metal5	120	422	0	0	0	0.999946
4881	1	metal5	130	422	0	0	0	0.999946
4882	1	metal5	140	422	0	0	0	0.999947
4883	1	metal5	150	422	0	0	0	0.999947
4884	1	metal5	160	422	0	0	0	0.999947
4885	1	metal5	170	422	0	0	0	0.999947
4886	1	metal5	180	422	0	0	0	0.999948
4887	1	metal5	190	422	0	0	0	0.999948
4888	1	metal5	200	422	0	0	0	0.999948
4889	1	metal5	210	422	0	0	0	0.999949
4890	1	metal5	220	422	0	0	0	0.999949
4891	1	metal5	230	422	0	0	0	0.99995
4892	1	metal5	240	422	0	0	0	0.99995
4893	1	metal5	250	422	0	0	0	0.999951
4894	1	metal5	260	422	0	0	0	0.999951
4895	1	metal5	270	422	0	0	0	0.999952
4896	1	metal5	280	422	0	0	0	0.999952
4897	1	metal5	290	422	0	0	0	0.999953
4898	1	metal5	300	422	0	0	0	0.999954
4899	1	metal5	310	422	0	0	0	0.999954
4900	1	metal5	320	422	0	0	0	0.999955
4901	1	metal5	330	422	0	0	0	0.999956
4902	1	metal5	340	422	0	0	0	0.999957
4903	1	metal5	350	422	0	0	0	0.999957
4904	1	metal5	360	422	0	0	0	0.999958
4905	1	metal5	370	422	0	0	0	0.99996
4906	1	metal5	380	422	0	0	0	0.99996
4907	1	metal5	390	422	0	0	0	0.999961
4908	1	metal5	400	422	0	0	0	0.999963
4909	1	metal5	410	422	0	0	0	0.999964
4910	1	metal5	420	422	0	0	0	0.999965
4911	1	metal5	430	422	0	0	0	0.999967
4912	1	metal5	440	422	0	0	0	0.999968
4913	1	metal5	450	422	0	0	0	0.999969
4914	1	metal5	460	422	0	0	0	0.999971
4915	1	metal5	470	422	0	0	0	0.999972
4916	1	metal5	480	422	0	0	0	0.999974
4917	1	metal5	490	422	0	0	0	0.999976
4918	1	metal5	500	422	0	0	0	0.999977
4919	1	metal5	510	422	0	0	0	0.999979
4920	1	metal5	520	422	0	0	0	0.999982
4921	1	metal5	530	422	0	0	0	0.999983
4922	1	metal5	540	422	0	0	0	0.999984
4923	1	metal5	550	422	0	0	0	0.999986
4924	1	metal5	560	422	0	0	0	0.999984
4925	1	metal5	570	422	0	0	0	0.999982
4926	1	metal5	580	422	0	0	0	0.999981
4927	1	metal5	590	422	0	0	0	0.999979
4928	1	metal5	600	422	0	0	0	0.999978
4929	1	metal5	610	422	0	0	0	0.999976
4930	1	metal5	620	422	0	0	0	0.999974
4931	1	metal5	630	422	0	0	0	0.999971
4932	1	metal5	640	422	0	0	0	0.99997
4933	1	metal5	650	422	0	0	0	0.999968
4934	1	metal5	660	422	0	0	0	0.999967
4935	1	metal5	670	422	0	0	0	0.999966
4936	1	metal5	680	422	0	0	0	0.999964
4937	1	metal5	690	422	0	0	0	0.999963
4938	1	metal5	700	422	0	0	0	0.999962
4939	1	metal5	710	422	0	0	0	0.999961
4940	1	metal5	720	422	0	0	0	0.99996
4941	1	metal5	730	422	0	0	0	0.999959
4942	1	metal5	740	422	0	0	0	0.999958
4943	1	metal5	750	422	0	0	0	0.999957
4944	1	metal5	760	422	0	0	0	0.999956
4945	1	metal5	770	422	0	0	0	0.999956
4946	1	metal5	780	422	0	0	0	0.999955
4947	1	metal5	790	422	0	0	0	0.999954
4948	1	metal5	800	422	0	0	0	0.999954
4949	1	metal5	810	422	0	0	0	0.999953
4950	1	metal5	820	422	0	0	0	0.999953
4951	1	metal5	830	422	0	0	0	0.999952
4952	1	metal5	840	422	0	0	0	0.999952
4953	1	metal5	850	422	0	0	0	0.999951
4954	1	metal5	860	422	0	0	0	0.999951
4955	1	metal5	870	422	0	0	0	0.999951
4956	1	metal5	880	422	0	0	0	0.999951
4957	1	metal5	890	422	0	0	0	0.99995
4958	1	metal5	900	422	0	0	0	0.99995
4959	1	metal5	910	422	0	0	0	0.99995
4960	1	metal5	920	422	0	0	0	0.999949
4961	1	metal5	930	422	0	0	0	0.999949
4962	1	metal5	940	422	0	0	0	0.999949
4963	1	metal5	950	422	0	0	0	0.999949
4964	1	metal5	960	422	0	0	0	0.999948
4965	1	metal5	970	422	0	0	0	0.999948
4966	1	metal5	980	422	0	0	0	0.999948
4967	1	metal5	990	422	0	0	0	0.999948
4968	1	metal5	1000	422	0	0	0	0.999948
4969	1	metal5	1010	422	0	0	0	0.999948
4970	1	metal5	1020	422	0	0	0	0.999948
4971	1	metal5	1030	422	0	0	0	0.999948
4972	1	metal5	1040	422	0	0	0	0.999948
4973	1	metal5	1050	422	0	0	0	0.999948
4974	1	metal5	1060	422	0	0	0	0.999947
4975	1	metal5	1070	422	0	0	0	0.999947
4976	1	metal5	1080	422	0	0	0	0.999947
4977	1	metal5	1090	422	0	0	0	0.999947
4978	1	metal5	10	432	0	0	0	0.999945
4979	1	metal5	20	432	0	0	0	0.999945
4980	1	metal5	30	432	0	0	0	0.999945
4981	1	metal5	40	432	0	0	0	0.999945
4982	1	metal5	50	432	0	0	0	0.999945
4983	1	metal5	60	432	0	0	0	0.999945
4984	1	metal5	70	432	0	0	0	0.999945
4985	1	metal5	80	432	0	0	0	0.999945
4986	1	metal5	90	432	0	0	0	0.999946
4987	1	metal5	100	432	0	0	0	0.999946
4988	1	metal5	110	432	0	0	0	0.999946
4989	1	metal5	120	432	0	0	0	0.999946
4990	1	metal5	130	432	0	0	0	0.999946
4991	1	metal5	140	432	0	0	0	0.999947
4992	1	metal5	150	432	0	0	0	0.999947
4993	1	metal5	160	432	0	0	0	0.999947
4994	1	metal5	170	432	0	0	0	0.999947
4995	1	metal5	180	432	0	0	0	0.999948
4996	1	metal5	190	432	0	0	0	0.999948
4997	1	metal5	200	432	0	0	0	0.999949
4998	1	metal5	210	432	0	0	0	0.999949
4999	1	metal5	220	432	0	0	0	0.999949
5000	1	metal5	230	432	0	0	0	0.99995
5001	1	metal5	240	432	0	0	0	0.99995
5002	1	metal5	250	432	0	0	0	0.999951
5003	1	metal5	260	432	0	0	0	0.999951
5004	1	metal5	270	432	0	0	0	0.999952
5005	1	metal5	280	432	0	0	0	0.999953
5006	1	metal5	290	432	0	0	0	0.999953
5007	1	metal5	300	432	0	0	0	0.999954
5008	1	metal5	310	432	0	0	0	0.999955
5009	1	metal5	320	432	0	0	0	0.999955
5010	1	metal5	330	432	0	0	0	0.999956
5011	1	metal5	340	432	0	0	0	0.999957
5012	1	metal5	350	432	0	0	0	0.999958
5013	1	metal5	360	432	0	0	0	0.999959
5014	1	metal5	370	432	0	0	0	0.99996
5015	1	metal5	380	432	0	0	0	0.999961
5016	1	metal5	390	432	0	0	0	0.999962
5017	1	metal5	400	432	0	0	0	0.999963
5018	1	metal5	410	432	0	0	0	0.999964
5019	1	metal5	420	432	0	0	0	0.999966
5020	1	metal5	430	432	0	0	0	0.999967
5021	1	metal5	440	432	0	0	0	0.999968
5022	1	metal5	450	432	0	0	0	0.99997
5023	1	metal5	460	432	0	0	0	0.999972
5024	1	metal5	470	432	0	0	0	0.999973
5025	1	metal5	480	432	0	0	0	0.999975
5026	1	metal5	490	432	0	0	0	0.999977
5027	1	metal5	500	432	0	0	0	0.999978
5028	1	metal5	510	432	0	0	0	0.99998
5029	1	metal5	520	432	0	0	0	0.999983
5030	1	metal5	530	432	0	0	0	0.999984
5031	1	metal5	540	432	0	0	0	0.999985
5032	1	metal5	550	432	0	0	0	0.999988
5033	1	metal5	560	432	0	0	0	0.999985
5034	1	metal5	570	432	0	0	0	0.999983
5035	1	metal5	580	432	0	0	0	0.999983
5036	1	metal5	590	432	0	0	0	0.99998
5037	1	metal5	600	432	0	0	0	0.999978
5038	1	metal5	610	432	0	0	0	0.999977
5039	1	metal5	620	432	0	0	0	0.999974
5040	1	metal5	630	432	0	0	0	0.999972
5041	1	metal5	640	432	0	0	0	0.999971
5042	1	metal5	650	432	0	0	0	0.999969
5043	1	metal5	660	432	0	0	0	0.999967
5044	1	metal5	670	432	0	0	0	0.999966
5045	1	metal5	680	432	0	0	0	0.999964
5046	1	metal5	690	432	0	0	0	0.999963
5047	1	metal5	700	432	0	0	0	0.999963
5048	1	metal5	710	432	0	0	0	0.999961
5049	1	metal5	720	432	0	0	0	0.99996
5050	1	metal5	730	432	0	0	0	0.99996
5051	1	metal5	740	432	0	0	0	0.999958
5052	1	metal5	750	432	0	0	0	0.999957
5053	1	metal5	760	432	0	0	0	0.999957
5054	1	metal5	770	432	0	0	0	0.999956
5055	1	metal5	780	432	0	0	0	0.999955
5056	1	metal5	790	432	0	0	0	0.999955
5057	1	metal5	800	432	0	0	0	0.999954
5058	1	metal5	810	432	0	0	0	0.999954
5059	1	metal5	820	432	0	0	0	0.999953
5060	1	metal5	830	432	0	0	0	0.999953
5061	1	metal5	840	432	0	0	0	0.999952
5062	1	metal5	850	432	0	0	0	0.999952
5063	1	metal5	860	432	0	0	0	0.999951
5064	1	metal5	870	432	0	0	0	0.999951
5065	1	metal5	880	432	0	0	0	0.999951
5066	1	metal5	890	432	0	0	0	0.99995
5067	1	metal5	900	432	0	0	0	0.99995
5068	1	metal5	910	432	0	0	0	0.99995
5069	1	metal5	920	432	0	0	0	0.99995
5070	1	metal5	930	432	0	0	0	0.999949
5071	1	metal5	940	432	0	0	0	0.999949
5072	1	metal5	950	432	0	0	0	0.999949
5073	1	metal5	960	432	0	0	0	0.999949
5074	1	metal5	970	432	0	0	0	0.999949
5075	1	metal5	980	432	0	0	0	0.999948
5076	1	metal5	990	432	0	0	0	0.999948
5077	1	metal5	1000	432	0	0	0	0.999948
5078	1	metal5	1010	432	0	0	0	0.999948
5079	1	metal5	1020	432	0	0	0	0.999948
5080	1	metal5	1030	432	0	0	0	0.999948
5081	1	metal5	1040	432	0	0	0	0.999948
5082	1	metal5	1050	432	0	0	0	0.999948
5083	1	metal5	1060	432	0	0	0	0.999948
5084	1	metal5	1070	432	0	0	0	0.999948
5085	1	metal5	1080	432	0	0	0	0.999948
5086	1	metal5	1090	432	0	0	0	0.999948
5087	1	metal5	10	442	0	0	0	0.999945
5088	1	metal5	20	442	0	0	0	0.999945
5089	1	metal5	30	442	0	0	0	0.999945
5090	1	metal5	40	442	0	0	0	0.999945
5091	1	metal5	50	442	0	0	0	0.999945
5092	1	metal5	60	442	0	0	0	0.999945
5093	1	metal5	70	442	0	0	0	0.999945
5094	1	metal5	80	442	0	0	0	0.999945
5095	1	metal5	90	442	0	0	0	0.999946
5096	1	metal5	100	442	0	0	0	0.999946
5097	1	metal5	110	442	0	0	0	0.999946
5098	1	metal5	120	442	0	0	0	0.999946
5099	1	metal5	130	442	0	0	0	0.999946
5100	1	metal5	140	442	0	0	0	0.999947
5101	1	metal5	150	442	0	0	0	0.999947
5102	1	metal5	160	442	0	0	0	0.999947
5103	1	metal5	170	442	0	0	0	0.999947
5104	1	metal5	180	442	0	0	0	0.999948
5105	1	metal5	190	442	0	0	0	0.999948
5106	1	metal5	200	442	0	0	0	0.999948
5107	1	metal5	210	442	0	0	0	0.999949
5108	1	metal5	220	442	0	0	0	0.999949
5109	1	metal5	230	442	0	0	0	0.99995
5110	1	metal5	240	442	0	0	0	0.99995
5111	1	metal5	250	442	0	0	0	0.999951
5112	1	metal5	260	442	0	0	0	0.999951
5113	1	metal5	270	442	0	0	0	0.999952
5114	1	metal5	280	442	0	0	0	0.999953
5115	1	metal5	290	442	0	0	0	0.999953
5116	1	metal5	300	442	0	0	0	0.999954
5117	1	metal5	310	442	0	0	0	0.999955
5118	1	metal5	320	442	0	0	0	0.999955
5119	1	metal5	330	442	0	0	0	0.999956
5120	1	metal5	340	442	0	0	0	0.999957
5121	1	metal5	350	442	0	0	0	0.999957
5122	1	metal5	360	442	0	0	0	0.999958
5123	1	metal5	370	442	0	0	0	0.99996
5124	1	metal5	380	442	0	0	0	0.999961
5125	1	metal5	390	442	0	0	0	0.999962
5126	1	metal5	400	442	0	0	0	0.999963
5127	1	metal5	410	442	0	0	0	0.999964
5128	1	metal5	420	442	0	0	0	0.999965
5129	1	metal5	430	442	0	0	0	0.999967
5130	1	metal5	440	442	0	0	0	0.999968
5131	1	metal5	450	442	0	0	0	0.999969
5132	1	metal5	460	442	0	0	0	0.999971
5133	1	metal5	470	442	0	0	0	0.999972
5134	1	metal5	480	442	0	0	0	0.999974
5135	1	metal5	490	442	0	0	0	0.999976
5136	1	metal5	500	442	0	0	0	0.999977
5137	1	metal5	510	442	0	0	0	0.999979
5138	1	metal5	520	442	0	0	0	0.999982
5139	1	metal5	530	442	0	0	0	0.999983
5140	1	metal5	540	442	0	0	0	0.999984
5141	1	metal5	550	442	0	0	0	0.999986
5142	1	metal5	560	442	0	0	0	0.999984
5143	1	metal5	570	442	0	0	0	0.999982
5144	1	metal5	580	442	0	0	0	0.999982
5145	1	metal5	590	442	0	0	0	0.99998
5146	1	metal5	600	442	0	0	0	0.999978
5147	1	metal5	610	442	0	0	0	0.999976
5148	1	metal5	620	442	0	0	0	0.999974
5149	1	metal5	630	442	0	0	0	0.999972
5150	1	metal5	640	442	0	0	0	0.99997
5151	1	metal5	650	442	0	0	0	0.999969
5152	1	metal5	660	442	0	0	0	0.999967
5153	1	metal5	670	442	0	0	0	0.999966
5154	1	metal5	680	442	0	0	0	0.999964
5155	1	metal5	690	442	0	0	0	0.999963
5156	1	metal5	700	442	0	0	0	0.999962
5157	1	metal5	710	442	0	0	0	0.999961
5158	1	metal5	720	442	0	0	0	0.99996
5159	1	metal5	730	442	0	0	0	0.999959
5160	1	metal5	740	442	0	0	0	0.999958
5161	1	metal5	750	442	0	0	0	0.999957
5162	1	metal5	760	442	0	0	0	0.999957
5163	1	metal5	770	442	0	0	0	0.999956
5164	1	metal5	780	442	0	0	0	0.999955
5165	1	metal5	790	442	0	0	0	0.999955
5166	1	metal5	800	442	0	0	0	0.999954
5167	1	metal5	810	442	0	0	0	0.999954
5168	1	metal5	820	442	0	0	0	0.999953
5169	1	metal5	830	442	0	0	0	0.999953
5170	1	metal5	840	442	0	0	0	0.999952
5171	1	metal5	850	442	0	0	0	0.999952
5172	1	metal5	860	442	0	0	0	0.999952
5173	1	metal5	870	442	0	0	0	0.999951
5174	1	metal5	880	442	0	0	0	0.999951
5175	1	metal5	890	442	0	0	0	0.999951
5176	1	metal5	900	442	0	0	0	0.99995
5177	1	metal5	910	442	0	0	0	0.99995
5178	1	metal5	920	442	0	0	0	0.99995
5179	1	metal5	930	442	0	0	0	0.99995
5180	1	metal5	940	442	0	0	0	0.999949
5181	1	metal5	950	442	0	0	0	0.999949
5182	1	metal5	960	442	0	0	0	0.999949
5183	1	metal5	970	442	0	0	0	0.999949
5184	1	metal5	980	442	0	0	0	0.999949
5185	1	metal5	990	442	0	0	0	0.999949
5186	1	metal5	1000	442	0	0	0	0.999948
5187	1	metal5	1010	442	0	0	0	0.999948
5188	1	metal5	1020	442	0	0	0	0.999948
5189	1	metal5	1030	442	0	0	0	0.999948
5190	1	metal5	1040	442	0	0	0	0.999948
5191	1	metal5	1050	442	0	0	0	0.999948
5192	1	metal5	1060	442	0	0	0	0.999948
5193	1	metal5	1070	442	0	0	0	0.999948
5194	1	metal5	1080	442	0	0	0	0.999948
5195	1	metal5	1090	442	0	0	0	0.999948
5196	1	metal5	10	452	0	0	0	0.999945
5197	1	metal5	20	452	0	0	0	0.999945
5198	1	metal5	30	452	0	0	0	0.999945
5199	1	metal5	40	452	0	0	0	0.999945
5200	1	metal5	50	452	0	0	0	0.999945
5201	1	metal5	60	452	0	0	0	0.999945
5202	1	metal5	70	452	0	0	0	0.999945
5203	1	metal5	80	452	0	0	0	0.999945
5204	1	metal5	90	452	0	0	0	0.999946
5205	1	metal5	100	452	0	0	0	0.999946
5206	1	metal5	110	452	0	0	0	0.999946
5207	1	metal5	120	452	0	0	0	0.999946
5208	1	metal5	130	452	0	0	0	0.999946
5209	1	metal5	140	452	0	0	0	0.999947
5210	1	metal5	150	452	0	0	0	0.999947
5211	1	metal5	160	452	0	0	0	0.999947
5212	1	metal5	170	452	0	0	0	0.999947
5213	1	metal5	180	452	0	0	0	0.999948
5214	1	metal5	190	452	0	0	0	0.999948
5215	1	metal5	200	452	0	0	0	0.999948
5216	1	metal5	210	452	0	0	0	0.999949
5217	1	metal5	220	452	0	0	0	0.999949
5218	1	metal5	230	452	0	0	0	0.999949
5219	1	metal5	240	452	0	0	0	0.99995
5220	1	metal5	250	452	0	0	0	0.999951
5221	1	metal5	260	452	0	0	0	0.999951
5222	1	metal5	270	452	0	0	0	0.999952
5223	1	metal5	280	452	0	0	0	0.999952
5224	1	metal5	290	452	0	0	0	0.999953
5225	1	metal5	300	452	0	0	0	0.999954
5226	1	metal5	310	452	0	0	0	0.999954
5227	1	metal5	320	452	0	0	0	0.999955
5228	1	metal5	330	452	0	0	0	0.999956
5229	1	metal5	340	452	0	0	0	0.999957
5230	1	metal5	350	452	0	0	0	0.999957
5231	1	metal5	360	452	0	0	0	0.999958
5232	1	metal5	370	452	0	0	0	0.999959
5233	1	metal5	380	452	0	0	0	0.99996
5234	1	metal5	390	452	0	0	0	0.999961
5235	1	metal5	400	452	0	0	0	0.999962
5236	1	metal5	410	452	0	0	0	0.999964
5237	1	metal5	420	452	0	0	0	0.999965
5238	1	metal5	430	452	0	0	0	0.999967
5239	1	metal5	440	452	0	0	0	0.999968
5240	1	metal5	450	452	0	0	0	0.999969
5241	1	metal5	460	452	0	0	0	0.99997
5242	1	metal5	470	452	0	0	0	0.999972
5243	1	metal5	480	452	0	0	0	0.999974
5244	1	metal5	490	452	0	0	0	0.999975
5245	1	metal5	500	452	0	0	0	0.999976
5246	1	metal5	510	452	0	0	0	0.999978
5247	1	metal5	520	452	0	0	0	0.999981
5248	1	metal5	530	452	0	0	0	0.999982
5249	1	metal5	540	452	0	0	0	0.999984
5250	1	metal5	550	452	0	0	0	0.999985
5251	1	metal5	560	452	0	0	0	0.999983
5252	1	metal5	570	452	0	0	0	0.999981
5253	1	metal5	580	452	0	0	0	0.999981
5254	1	metal5	590	452	0	0	0	0.999979
5255	1	metal5	600	452	0	0	0	0.999977
5256	1	metal5	610	452	0	0	0	0.999976
5257	1	metal5	620	452	0	0	0	0.999973
5258	1	metal5	630	452	0	0	0	0.999971
5259	1	metal5	640	452	0	0	0	0.99997
5260	1	metal5	650	452	0	0	0	0.999968
5261	1	metal5	660	452	0	0	0	0.999967
5262	1	metal5	670	452	0	0	0	0.999965
5263	1	metal5	680	452	0	0	0	0.999963
5264	1	metal5	690	452	0	0	0	0.999962
5265	1	metal5	700	452	0	0	0	0.999962
5266	1	metal5	710	452	0	0	0	0.999961
5267	1	metal5	720	452	0	0	0	0.99996
5268	1	metal5	730	452	0	0	0	0.999959
5269	1	metal5	740	452	0	0	0	0.999958
5270	1	metal5	750	452	0	0	0	0.999957
5271	1	metal5	760	452	0	0	0	0.999957
5272	1	metal5	770	452	0	0	0	0.999956
5273	1	metal5	780	452	0	0	0	0.999955
5274	1	metal5	790	452	0	0	0	0.999955
5275	1	metal5	800	452	0	0	0	0.999954
5276	1	metal5	810	452	0	0	0	0.999954
5277	1	metal5	820	452	0	0	0	0.999953
5278	1	metal5	830	452	0	0	0	0.999953
5279	1	metal5	840	452	0	0	0	0.999952
5280	1	metal5	850	452	0	0	0	0.999952
5281	1	metal5	860	452	0	0	0	0.999952
5282	1	metal5	870	452	0	0	0	0.999951
5283	1	metal5	880	452	0	0	0	0.999951
5284	1	metal5	890	452	0	0	0	0.999951
5285	1	metal5	900	452	0	0	0	0.99995
5286	1	metal5	910	452	0	0	0	0.99995
5287	1	metal5	920	452	0	0	0	0.99995
5288	1	metal5	930	452	0	0	0	0.99995
5289	1	metal5	940	452	0	0	0	0.999949
5290	1	metal5	950	452	0	0	0	0.999949
5291	1	metal5	960	452	0	0	0	0.999949
5292	1	metal5	970	452	0	0	0	0.999949
5293	1	metal5	980	452	0	0	0	0.999949
5294	1	metal5	990	452	0	0	0	0.999949
5295	1	metal5	1000	452	0	0	0	0.999949
5296	1	metal5	1010	452	0	0	0	0.999948
5297	1	metal5	1020	452	0	0	0	0.999948
5298	1	metal5	1030	452	0	0	0	0.999948
5299	1	metal5	1040	452	0	0	0	0.999948
5300	1	metal5	1050	452	0	0	0	0.999948
5301	1	metal5	1060	452	0	0	0	0.999948
5302	1	metal5	1070	452	0	0	0	0.999948
5303	1	metal5	1080	452	0	0	0	0.999948
5304	1	metal5	1090	452	0	0	0	0.999948
5305	1	metal5	10	462	0	0	0	0.999944
5306	1	metal5	20	462	0	0	0	0.999945
5307	1	metal5	30	462	0	0	0	0.999945
5308	1	metal5	40	462	0	0	0	0.999945
5309	1	metal5	50	462	0	0	0	0.999945
5310	1	metal5	60	462	0	0	0	0.999945
5311	1	metal5	70	462	0	0	0	0.999945
5312	1	metal5	80	462	0	0	0	0.999945
5313	1	metal5	90	462	0	0	0	0.999946
5314	1	metal5	100	462	0	0	0	0.999946
5315	1	metal5	110	462	0	0	0	0.999946
5316	1	metal5	120	462	0	0	0	0.999945
5317	1	metal5	130	462	0	0	0	0.999946
5318	1	metal5	140	462	0	0	0	0.999947
5319	1	metal5	150	462	0	0	0	0.999947
5320	1	metal5	160	462	0	0	0	0.999947
5321	1	metal5	170	462	0	0	0	0.999947
5322	1	metal5	180	462	0	0	0	0.999946
5323	1	metal5	190	462	0	0	0	0.999948
5324	1	metal5	200	462	0	0	0	0.999948
5325	1	metal5	210	462	0	0	0	0.999949
5326	1	metal5	220	462	0	0	0	0.999949
5327	1	metal5	230	462	0	0	0	0.999948
5328	1	metal5	240	462	0	0	0	0.99995
5329	1	metal5	250	462	0	0	0	0.999951
5330	1	metal5	260	462	0	0	0	0.999951
5331	1	metal5	270	462	0	0	0	0.999952
5332	1	metal5	280	462	0	0	0	0.999952
5333	1	metal5	290	462	0	0	0	0.999951
5334	1	metal5	300	462	0	0	0	0.999953
5335	1	metal5	310	462	0	0	0	0.999954
5336	1	metal5	320	462	0	0	0	0.999955
5337	1	metal5	330	462	0	0	0	0.999955
5338	1	metal5	340	462	0	0	0	0.999956
5339	1	metal5	350	462	0	0	0	0.999954
5340	1	metal5	360	462	0	0	0	0.999957
5341	1	metal5	370	462	0	0	0	0.999959
5342	1	metal5	380	462	0	0	0	0.99996
5343	1	metal5	390	462	0	0	0	0.99996
5344	1	metal5	400	462	0	0	0	0.999959
5345	1	metal5	410	462	0	0	0	0.999962
5346	1	metal5	420	462	0	0	0	0.999964
5347	1	metal5	430	462	0	0	0	0.999966
5348	1	metal5	440	462	0	0	0	0.999967
5349	1	metal5	450	462	0	0	0	0.999966
5350	1	metal5	460	462	0	0	0	0.999964
5351	1	metal5	470	462	0	0	0	0.999969
5352	1	metal5	480	462	0	0	0	0.999972
5353	1	metal5	490	462	0	0	0	0.999974
5354	1	metal5	500	462	0	0	0	0.999973
5355	1	metal5	510	462	0	0	0	0.999968
5356	1	metal5	520	462	0	0	0	0.999978
5357	1	metal5	530	462	0	0	0	0.999981
5358	1	metal5	540	462	0	0	0	0.999984
5359	1	metal5	550	462	0	0	0	0.999986
5360	1	metal5	560	462	0	0	0	0.999979
5361	1	metal5	570	462	0	0	0	0.99997
5362	1	metal5	580	462	0	0	0	0.999978
5363	1	metal5	590	462	0	0	0	0.999978
5364	1	metal5	600	462	0	0	0	0.999977
5365	1	metal5	610	462	0	0	0	0.999975
5366	1	metal5	620	462	0	0	0	0.99997
5367	1	metal5	630	462	0	0	0	0.999963
5368	1	metal5	640	462	0	0	0	0.999967
5369	1	metal5	650	462	0	0	0	0.999967
5370	1	metal5	660	462	0	0	0	0.999965
5371	1	metal5	670	462	0	0	0	0.999963
5372	1	metal5	680	462	0	0	0	0.999957
5373	1	metal5	690	462	0	0	0	0.99996
5374	1	metal5	700	462	0	0	0	0.999961
5375	1	metal5	710	462	0	0	0	0.999961
5376	1	metal5	720	462	0	0	0	0.999959
5377	1	metal5	730	462	0	0	0	0.999958
5378	1	metal5	740	462	0	0	0	0.999954
5379	1	metal5	750	462	0	0	0	0.999956
5380	1	metal5	760	462	0	0	0	0.999956
5381	1	metal5	770	462	0	0	0	0.999956
5382	1	metal5	780	462	0	0	0	0.999955
5383	1	metal5	790	462	0	0	0	0.999953
5384	1	metal5	800	462	0	0	0	0.999954
5385	1	metal5	810	462	0	0	0	0.999954
5386	1	metal5	820	462	0	0	0	0.999953
5387	1	metal5	830	462	0	0	0	0.999953
5388	1	metal5	840	462	0	0	0	0.999952
5389	1	metal5	850	462	0	0	0	0.999951
5390	1	metal5	860	462	0	0	0	0.999951
5391	1	metal5	870	462	0	0	0	0.999951
5392	1	metal5	880	462	0	0	0	0.999951
5393	1	metal5	890	462	0	0	0	0.999951
5394	1	metal5	900	462	0	0	0	0.99995
5395	1	metal5	910	462	0	0	0	0.999949
5396	1	metal5	920	462	0	0	0	0.99995
5397	1	metal5	930	462	0	0	0	0.99995
5398	1	metal5	940	462	0	0	0	0.99995
5399	1	metal5	950	462	0	0	0	0.999949
5400	1	metal5	960	462	0	0	0	0.999948
5401	1	metal5	970	462	0	0	0	0.999949
5402	1	metal5	980	462	0	0	0	0.999949
5403	1	metal5	990	462	0	0	0	0.999949
5404	1	metal5	1000	462	0	0	0	0.999949
5405	1	metal5	1010	462	0	0	0	0.999948
5406	1	metal5	1020	462	0	0	0	0.999948
5407	1	metal5	1030	462	0	0	0	0.999948
5408	1	metal5	1040	462	0	0	0	0.999948
5409	1	metal5	1050	462	0	0	0	0.999948
5410	1	metal5	1060	462	0	0	0	0.999948
5411	1	metal5	1070	462	0	0	0	0.999948
5412	1	metal5	1080	462	0	0	0	0.999948
5413	1	metal5	1090	462	0	0	0	0.999948
5414	1	metal5	10	472	0	0	0	0.999945
5415	1	metal5	20	472	0	0	0	0.999945
5416	1	metal5	30	472	0	0	0	0.999945
5417	1	metal5	40	472	0	0	0	0.999945
5418	1	metal5	50	472	0	0	0	0.999945
5419	1	metal5	60	472	0	0	0	0.999945
5420	1	metal5	70	472	0	0	0	0.999945
5421	1	metal5	80	472	0	0	0	0.999946
5422	1	metal5	90	472	0	0	0	0.999946
5423	1	metal5	100	472	0	0	0	0.999946
5424	1	metal5	110	472	0	0	0	0.999946
5425	1	metal5	120	472	0	0	0	0.999946
5426	1	metal5	130	472	0	0	0	0.999946
5427	1	metal5	140	472	0	0	0	0.999947
5428	1	metal5	150	472	0	0	0	0.999947
5429	1	metal5	160	472	0	0	0	0.999947
5430	1	metal5	170	472	0	0	0	0.999947
5431	1	metal5	180	472	0	0	0	0.999948
5432	1	metal5	190	472	0	0	0	0.999948
5433	1	metal5	200	472	0	0	0	0.999948
5434	1	metal5	210	472	0	0	0	0.999949
5435	1	metal5	220	472	0	0	0	0.999949
5436	1	metal5	230	472	0	0	0	0.999949
5437	1	metal5	240	472	0	0	0	0.99995
5438	1	metal5	250	472	0	0	0	0.999951
5439	1	metal5	260	472	0	0	0	0.999951
5440	1	metal5	270	472	0	0	0	0.999952
5441	1	metal5	280	472	0	0	0	0.999952
5442	1	metal5	290	472	0	0	0	0.999953
5443	1	metal5	300	472	0	0	0	0.999953
5444	1	metal5	310	472	0	0	0	0.999954
5445	1	metal5	320	472	0	0	0	0.999955
5446	1	metal5	330	472	0	0	0	0.999956
5447	1	metal5	340	472	0	0	0	0.999956
5448	1	metal5	350	472	0	0	0	0.999957
5449	1	metal5	360	472	0	0	0	0.999958
5450	1	metal5	370	472	0	0	0	0.999959
5451	1	metal5	380	472	0	0	0	0.99996
5452	1	metal5	390	472	0	0	0	0.999961
5453	1	metal5	400	472	0	0	0	0.999962
5454	1	metal5	410	472	0	0	0	0.999964
5455	1	metal5	420	472	0	0	0	0.999965
5456	1	metal5	430	472	0	0	0	0.999966
5457	1	metal5	440	472	0	0	0	0.999967
5458	1	metal5	450	472	0	0	0	0.999969
5459	1	metal5	460	472	0	0	0	0.99997
5460	1	metal5	470	472	0	0	0	0.999971
5461	1	metal5	480	472	0	0	0	0.999973
5462	1	metal5	490	472	0	0	0	0.999975
5463	1	metal5	500	472	0	0	0	0.999976
5464	1	metal5	510	472	0	0	0	0.999977
5465	1	metal5	520	472	0	0	0	0.999981
5466	1	metal5	530	472	0	0	0	0.999982
5467	1	metal5	540	472	0	0	0	0.999984
5468	1	metal5	550	472	0	0	0	0.999985
5469	1	metal5	560	472	0	0	0	0.999982
5470	1	metal5	570	472	0	0	0	0.99998
5471	1	metal5	580	472	0	0	0	0.99998
5472	1	metal5	590	472	0	0	0	0.999979
5473	1	metal5	600	472	0	0	0	0.999977
5474	1	metal5	610	472	0	0	0	0.999976
5475	1	metal5	620	472	0	0	0	0.999973
5476	1	metal5	630	472	0	0	0	0.999971
5477	1	metal5	640	472	0	0	0	0.99997
5478	1	metal5	650	472	0	0	0	0.999968
5479	1	metal5	660	472	0	0	0	0.999967
5480	1	metal5	670	472	0	0	0	0.999965
5481	1	metal5	680	472	0	0	0	0.999963
5482	1	metal5	690	472	0	0	0	0.999962
5483	1	metal5	700	472	0	0	0	0.999962
5484	1	metal5	710	472	0	0	0	0.999961
5485	1	metal5	720	472	0	0	0	0.99996
5486	1	metal5	730	472	0	0	0	0.999959
5487	1	metal5	740	472	0	0	0	0.999958
5488	1	metal5	750	472	0	0	0	0.999957
5489	1	metal5	760	472	0	0	0	0.999957
5490	1	metal5	770	472	0	0	0	0.999956
5491	1	metal5	780	472	0	0	0	0.999956
5492	1	metal5	790	472	0	0	0	0.999955
5493	1	metal5	800	472	0	0	0	0.999955
5494	1	metal5	810	472	0	0	0	0.999954
5495	1	metal5	820	472	0	0	0	0.999954
5496	1	metal5	830	472	0	0	0	0.999953
5497	1	metal5	840	472	0	0	0	0.999953
5498	1	metal5	850	472	0	0	0	0.999952
5499	1	metal5	860	472	0	0	0	0.999952
5500	1	metal5	870	472	0	0	0	0.999952
5501	1	metal5	880	472	0	0	0	0.999952
5502	1	metal5	890	472	0	0	0	0.999951
5503	1	metal5	900	472	0	0	0	0.999951
5504	1	metal5	910	472	0	0	0	0.999951
5505	1	metal5	920	472	0	0	0	0.99995
5506	1	metal5	930	472	0	0	0	0.99995
5507	1	metal5	940	472	0	0	0	0.99995
5508	1	metal5	950	472	0	0	0	0.99995
5509	1	metal5	960	472	0	0	0	0.999949
5510	1	metal5	970	472	0	0	0	0.999949
5511	1	metal5	980	472	0	0	0	0.999949
5512	1	metal5	990	472	0	0	0	0.999949
5513	1	metal5	1000	472	0	0	0	0.999949
5514	1	metal5	1010	472	0	0	0	0.999949
5515	1	metal5	1020	472	0	0	0	0.999949
5516	1	metal5	1030	472	0	0	0	0.999949
5517	1	metal5	1040	472	0	0	0	0.999949
5518	1	metal5	1050	472	0	0	0	0.999949
5519	1	metal5	1060	472	0	0	0	0.999949
5520	1	metal5	1070	472	0	0	0	0.999948
5521	1	metal5	1080	472	0	0	0	0.999948
5522	1	metal5	1090	472	0	0	0	0.999949
5523	1	metal5	10	482	0	0	0	0.999945
5524	1	metal5	20	482	0	0	0	0.999945
5525	1	metal5	30	482	0	0	0	0.999945
5526	1	metal5	40	482	0	0	0	0.999945
5527	1	metal5	50	482	0	0	0	0.999945
5528	1	metal5	60	482	0	0	0	0.999946
5529	1	metal5	70	482	0	0	0	0.999946
5530	1	metal5	80	482	0	0	0	0.999946
5531	1	metal5	90	482	0	0	0	0.999946
5532	1	metal5	100	482	0	0	0	0.999946
5533	1	metal5	110	482	0	0	0	0.999946
5534	1	metal5	120	482	0	0	0	0.999946
5535	1	metal5	130	482	0	0	0	0.999947
5536	1	metal5	140	482	0	0	0	0.999947
5537	1	metal5	150	482	0	0	0	0.999947
5538	1	metal5	160	482	0	0	0	0.999947
5539	1	metal5	170	482	0	0	0	0.999947
5540	1	metal5	180	482	0	0	0	0.999948
5541	1	metal5	190	482	0	0	0	0.999948
5542	1	metal5	200	482	0	0	0	0.999948
5543	1	metal5	210	482	0	0	0	0.999949
5544	1	metal5	220	482	0	0	0	0.999949
5545	1	metal5	230	482	0	0	0	0.99995
5546	1	metal5	240	482	0	0	0	0.99995
5547	1	metal5	250	482	0	0	0	0.999951
5548	1	metal5	260	482	0	0	0	0.999951
5549	1	metal5	270	482	0	0	0	0.999952
5550	1	metal5	280	482	0	0	0	0.999952
5551	1	metal5	290	482	0	0	0	0.999953
5552	1	metal5	300	482	0	0	0	0.999954
5553	1	metal5	310	482	0	0	0	0.999955
5554	1	metal5	320	482	0	0	0	0.999955
5555	1	metal5	330	482	0	0	0	0.999956
5556	1	metal5	340	482	0	0	0	0.999957
5557	1	metal5	350	482	0	0	0	0.999957
5558	1	metal5	360	482	0	0	0	0.999958
5559	1	metal5	370	482	0	0	0	0.99996
5560	1	metal5	380	482	0	0	0	0.99996
5561	1	metal5	390	482	0	0	0	0.999961
5562	1	metal5	400	482	0	0	0	0.999963
5563	1	metal5	410	482	0	0	0	0.999964
5564	1	metal5	420	482	0	0	0	0.999965
5565	1	metal5	430	482	0	0	0	0.999967
5566	1	metal5	440	482	0	0	0	0.999968
5567	1	metal5	450	482	0	0	0	0.999969
5568	1	metal5	460	482	0	0	0	0.999971
5569	1	metal5	470	482	0	0	0	0.999972
5570	1	metal5	480	482	0	0	0	0.999974
5571	1	metal5	490	482	0	0	0	0.999976
5572	1	metal5	500	482	0	0	0	0.999977
5573	1	metal5	510	482	0	0	0	0.999978
5574	1	metal5	520	482	0	0	0	0.999981
5575	1	metal5	530	482	0	0	0	0.999983
5576	1	metal5	540	482	0	0	0	0.999984
5577	1	metal5	550	482	0	0	0	0.999985
5578	1	metal5	560	482	0	0	0	0.999983
5579	1	metal5	570	482	0	0	0	0.999982
5580	1	metal5	580	482	0	0	0	0.999981
5581	1	metal5	590	482	0	0	0	0.999979
5582	1	metal5	600	482	0	0	0	0.999978
5583	1	metal5	610	482	0	0	0	0.999976
5584	1	metal5	620	482	0	0	0	0.999974
5585	1	metal5	630	482	0	0	0	0.999972
5586	1	metal5	640	482	0	0	0	0.99997
5587	1	metal5	650	482	0	0	0	0.999969
5588	1	metal5	660	482	0	0	0	0.999967
5589	1	metal5	670	482	0	0	0	0.999966
5590	1	metal5	680	482	0	0	0	0.999964
5591	1	metal5	690	482	0	0	0	0.999963
5592	1	metal5	700	482	0	0	0	0.999963
5593	1	metal5	710	482	0	0	0	0.999962
5594	1	metal5	720	482	0	0	0	0.999961
5595	1	metal5	730	482	0	0	0	0.99996
5596	1	metal5	740	482	0	0	0	0.999959
5597	1	metal5	750	482	0	0	0	0.999958
5598	1	metal5	760	482	0	0	0	0.999957
5599	1	metal5	770	482	0	0	0	0.999957
5600	1	metal5	780	482	0	0	0	0.999956
5601	1	metal5	790	482	0	0	0	0.999956
5602	1	metal5	800	482	0	0	0	0.999955
5603	1	metal5	810	482	0	0	0	0.999955
5604	1	metal5	820	482	0	0	0	0.999954
5605	1	metal5	830	482	0	0	0	0.999954
5606	1	metal5	840	482	0	0	0	0.999953
5607	1	metal5	850	482	0	0	0	0.999953
5608	1	metal5	860	482	0	0	0	0.999952
5609	1	metal5	870	482	0	0	0	0.999952
5610	1	metal5	880	482	0	0	0	0.999952
5611	1	metal5	890	482	0	0	0	0.999952
5612	1	metal5	900	482	0	0	0	0.999951
5613	1	metal5	910	482	0	0	0	0.999951
5614	1	metal5	920	482	0	0	0	0.999951
5615	1	metal5	930	482	0	0	0	0.99995
5616	1	metal5	940	482	0	0	0	0.99995
5617	1	metal5	950	482	0	0	0	0.99995
5618	1	metal5	960	482	0	0	0	0.99995
5619	1	metal5	970	482	0	0	0	0.99995
5620	1	metal5	980	482	0	0	0	0.99995
5621	1	metal5	990	482	0	0	0	0.999949
5622	1	metal5	1000	482	0	0	0	0.999949
5623	1	metal5	1010	482	0	0	0	0.999949
5624	1	metal5	1020	482	0	0	0	0.999949
5625	1	metal5	1030	482	0	0	0	0.999949
5626	1	metal5	1040	482	0	0	0	0.999949
5627	1	metal5	1050	482	0	0	0	0.999949
5628	1	metal5	1060	482	0	0	0	0.999949
5629	1	metal5	1070	482	0	0	0	0.999949
5630	1	metal5	1080	482	0	0	0	0.999949
5631	1	metal5	1090	482	0	0	0	0.999949
5632	1	metal5	10	492	0	0	0	0.999945
5633	1	metal5	20	492	0	0	0	0.999945
5634	1	metal5	30	492	0	0	0	0.999945
5635	1	metal5	40	492	0	0	0	0.999946
5636	1	metal5	50	492	0	0	0	0.999946
5637	1	metal5	60	492	0	0	0	0.999946
5638	1	metal5	70	492	0	0	0	0.999946
5639	1	metal5	80	492	0	0	0	0.999946
5640	1	metal5	90	492	0	0	0	0.999946
5641	1	metal5	100	492	0	0	0	0.999946
5642	1	metal5	110	492	0	0	0	0.999946
5643	1	metal5	120	492	0	0	0	0.999946
5644	1	metal5	130	492	0	0	0	0.999947
5645	1	metal5	140	492	0	0	0	0.999947
5646	1	metal5	150	492	0	0	0	0.999947
5647	1	metal5	160	492	0	0	0	0.999947
5648	1	metal5	170	492	0	0	0	0.999948
5649	1	metal5	180	492	0	0	0	0.999948
5650	1	metal5	190	492	0	0	0	0.999948
5651	1	metal5	200	492	0	0	0	0.999949
5652	1	metal5	210	492	0	0	0	0.999949
5653	1	metal5	220	492	0	0	0	0.999949
5654	1	metal5	230	492	0	0	0	0.99995
5655	1	metal5	240	492	0	0	0	0.99995
5656	1	metal5	250	492	0	0	0	0.999951
5657	1	metal5	260	492	0	0	0	0.999951
5658	1	metal5	270	492	0	0	0	0.999952
5659	1	metal5	280	492	0	0	0	0.999953
5660	1	metal5	290	492	0	0	0	0.999953
5661	1	metal5	300	492	0	0	0	0.999954
5662	1	metal5	310	492	0	0	0	0.999955
5663	1	metal5	320	492	0	0	0	0.999955
5664	1	metal5	330	492	0	0	0	0.999956
5665	1	metal5	340	492	0	0	0	0.999957
5666	1	metal5	350	492	0	0	0	0.999958
5667	1	metal5	360	492	0	0	0	0.999959
5668	1	metal5	370	492	0	0	0	0.99996
5669	1	metal5	380	492	0	0	0	0.999961
5670	1	metal5	390	492	0	0	0	0.999962
5671	1	metal5	400	492	0	0	0	0.999963
5672	1	metal5	410	492	0	0	0	0.999964
5673	1	metal5	420	492	0	0	0	0.999966
5674	1	metal5	430	492	0	0	0	0.999967
5675	1	metal5	440	492	0	0	0	0.999968
5676	1	metal5	450	492	0	0	0	0.999969
5677	1	metal5	460	492	0	0	0	0.999971
5678	1	metal5	470	492	0	0	0	0.999972
5679	1	metal5	480	492	0	0	0	0.999974
5680	1	metal5	490	492	0	0	0	0.999977
5681	1	metal5	500	492	0	0	0	0.999977
5682	1	metal5	510	492	0	0	0	0.999979
5683	1	metal5	520	492	0	0	0	0.999983
5684	1	metal5	530	492	0	0	0	0.999983
5685	1	metal5	540	492	0	0	0	0.999985
5686	1	metal5	550	492	0	0	0	0.999988
5687	1	metal5	560	492	0	0	0	0.999984
5688	1	metal5	570	492	0	0	0	0.999982
5689	1	metal5	580	492	0	0	0	0.999983
5690	1	metal5	590	492	0	0	0	0.99998
5691	1	metal5	600	492	0	0	0	0.999978
5692	1	metal5	610	492	0	0	0	0.999977
5693	1	metal5	620	492	0	0	0	0.999974
5694	1	metal5	630	492	0	0	0	0.999972
5695	1	metal5	640	492	0	0	0	0.999971
5696	1	metal5	650	492	0	0	0	0.999969
5697	1	metal5	660	492	0	0	0	0.999968
5698	1	metal5	670	492	0	0	0	0.999967
5699	1	metal5	680	492	0	0	0	0.999965
5700	1	metal5	690	492	0	0	0	0.999964
5701	1	metal5	700	492	0	0	0	0.999963
5702	1	metal5	710	492	0	0	0	0.999962
5703	1	metal5	720	492	0	0	0	0.999961
5704	1	metal5	730	492	0	0	0	0.99996
5705	1	metal5	740	492	0	0	0	0.999959
5706	1	metal5	750	492	0	0	0	0.999958
5707	1	metal5	760	492	0	0	0	0.999958
5708	1	metal5	770	492	0	0	0	0.999957
5709	1	metal5	780	492	0	0	0	0.999956
5710	1	metal5	790	492	0	0	0	0.999956
5711	1	metal5	800	492	0	0	0	0.999955
5712	1	metal5	810	492	0	0	0	0.999955
5713	1	metal5	820	492	0	0	0	0.999955
5714	1	metal5	830	492	0	0	0	0.999954
5715	1	metal5	840	492	0	0	0	0.999954
5716	1	metal5	850	492	0	0	0	0.999953
5717	1	metal5	860	492	0	0	0	0.999953
5718	1	metal5	870	492	0	0	0	0.999952
5719	1	metal5	880	492	0	0	0	0.999952
5720	1	metal5	890	492	0	0	0	0.999952
5721	1	metal5	900	492	0	0	0	0.999952
5722	1	metal5	910	492	0	0	0	0.999951
5723	1	metal5	920	492	0	0	0	0.999951
5724	1	metal5	930	492	0	0	0	0.999951
5725	1	metal5	940	492	0	0	0	0.999951
5726	1	metal5	950	492	0	0	0	0.99995
5727	1	metal5	960	492	0	0	0	0.99995
5728	1	metal5	970	492	0	0	0	0.99995
5729	1	metal5	980	492	0	0	0	0.99995
5730	1	metal5	990	492	0	0	0	0.99995
5731	1	metal5	1000	492	0	0	0	0.99995
5732	1	metal5	1010	492	0	0	0	0.999949
5733	1	metal5	1020	492	0	0	0	0.999949
5734	1	metal5	1030	492	0	0	0	0.999949
5735	1	metal5	1040	492	0	0	0	0.999949
5736	1	metal5	1050	492	0	0	0	0.999949
5737	1	metal5	1060	492	0	0	0	0.999949
5738	1	metal5	1070	492	0	0	0	0.999949
5739	1	metal5	1080	492	0	0	0	0.999949
5740	1	metal5	1090	492	0	0	0	0.999949
5741	1	metal5	10	502	0	0	0	0.999945
5742	1	metal5	20	502	0	0	0	0.999945
5743	1	metal5	30	502	0	0	0	0.999945
5744	1	metal5	40	502	0	0	0	0.999946
5745	1	metal5	50	502	0	0	0	0.999946
5746	1	metal5	60	502	0	0	0	0.999946
5747	1	metal5	70	502	0	0	0	0.999946
5748	1	metal5	80	502	0	0	0	0.999946
5749	1	metal5	90	502	0	0	0	0.999946
5750	1	metal5	100	502	0	0	0	0.999946
5751	1	metal5	110	502	0	0	0	0.999946
5752	1	metal5	120	502	0	0	0	0.999946
5753	1	metal5	130	502	0	0	0	0.999947
5754	1	metal5	140	502	0	0	0	0.999947
5755	1	metal5	150	502	0	0	0	0.999947
5756	1	metal5	160	502	0	0	0	0.999947
5757	1	metal5	170	502	0	0	0	0.999947
5758	1	metal5	180	502	0	0	0	0.999948
5759	1	metal5	190	502	0	0	0	0.999948
5760	1	metal5	200	502	0	0	0	0.999948
5761	1	metal5	210	502	0	0	0	0.999949
5762	1	metal5	220	502	0	0	0	0.999949
5763	1	metal5	230	502	0	0	0	0.999949
5764	1	metal5	240	502	0	0	0	0.99995
5765	1	metal5	250	502	0	0	0	0.999951
5766	1	metal5	260	502	0	0	0	0.999951
5767	1	metal5	270	502	0	0	0	0.999952
5768	1	metal5	280	502	0	0	0	0.999952
5769	1	metal5	290	502	0	0	0	0.999953
5770	1	metal5	300	502	0	0	0	0.999953
5771	1	metal5	310	502	0	0	0	0.999954
5772	1	metal5	320	502	0	0	0	0.999955
5773	1	metal5	330	502	0	0	0	0.999956
5774	1	metal5	340	502	0	0	0	0.999957
5775	1	metal5	350	502	0	0	0	0.999957
5776	1	metal5	360	502	0	0	0	0.999958
5777	1	metal5	370	502	0	0	0	0.999959
5778	1	metal5	380	502	0	0	0	0.99996
5779	1	metal5	390	502	0	0	0	0.999961
5780	1	metal5	400	502	0	0	0	0.999962
5781	1	metal5	410	502	0	0	0	0.999964
5782	1	metal5	420	502	0	0	0	0.999965
5783	1	metal5	430	502	0	0	0	0.999967
5784	1	metal5	440	502	0	0	0	0.999968
5785	1	metal5	450	502	0	0	0	0.999969
5786	1	metal5	460	502	0	0	0	0.99997
5787	1	metal5	470	502	0	0	0	0.999972
5788	1	metal5	480	502	0	0	0	0.999974
5789	1	metal5	490	502	0	0	0	0.999975
5790	1	metal5	500	502	0	0	0	0.999976
5791	1	metal5	510	502	0	0	0	0.999978
5792	1	metal5	520	502	0	0	0	0.999981
5793	1	metal5	530	502	0	0	0	0.999982
5794	1	metal5	540	502	0	0	0	0.999984
5795	1	metal5	550	502	0	0	0	0.999985
5796	1	metal5	560	502	0	0	0	0.999983
5797	1	metal5	570	502	0	0	0	0.999981
5798	1	metal5	580	502	0	0	0	0.999981
5799	1	metal5	590	502	0	0	0	0.999979
5800	1	metal5	600	502	0	0	0	0.999978
5801	1	metal5	610	502	0	0	0	0.999976
5802	1	metal5	620	502	0	0	0	0.999974
5803	1	metal5	630	502	0	0	0	0.999971
5804	1	metal5	640	502	0	0	0	0.99997
5805	1	metal5	650	502	0	0	0	0.999969
5806	1	metal5	660	502	0	0	0	0.999967
5807	1	metal5	670	502	0	0	0	0.999966
5808	1	metal5	680	502	0	0	0	0.999964
5809	1	metal5	690	502	0	0	0	0.999963
5810	1	metal5	700	502	0	0	0	0.999963
5811	1	metal5	710	502	0	0	0	0.999962
5812	1	metal5	720	502	0	0	0	0.999961
5813	1	metal5	730	502	0	0	0	0.99996
5814	1	metal5	740	502	0	0	0	0.999959
5815	1	metal5	750	502	0	0	0	0.999958
5816	1	metal5	760	502	0	0	0	0.999958
5817	1	metal5	770	502	0	0	0	0.999957
5818	1	metal5	780	502	0	0	0	0.999956
5819	1	metal5	790	502	0	0	0	0.999956
5820	1	metal5	800	502	0	0	0	0.999955
5821	1	metal5	810	502	0	0	0	0.999955
5822	1	metal5	820	502	0	0	0	0.999955
5823	1	metal5	830	502	0	0	0	0.999954
5824	1	metal5	840	502	0	0	0	0.999954
5825	1	metal5	850	502	0	0	0	0.999953
5826	1	metal5	860	502	0	0	0	0.999953
5827	1	metal5	870	502	0	0	0	0.999953
5828	1	metal5	880	502	0	0	0	0.999952
5829	1	metal5	890	502	0	0	0	0.999952
5830	1	metal5	900	502	0	0	0	0.999952
5831	1	metal5	910	502	0	0	0	0.999951
5832	1	metal5	920	502	0	0	0	0.999951
5833	1	metal5	930	502	0	0	0	0.999951
5834	1	metal5	940	502	0	0	0	0.999951
5835	1	metal5	950	502	0	0	0	0.99995
5836	1	metal5	960	502	0	0	0	0.99995
5837	1	metal5	970	502	0	0	0	0.99995
5838	1	metal5	980	502	0	0	0	0.99995
5839	1	metal5	990	502	0	0	0	0.99995
5840	1	metal5	1000	502	0	0	0	0.99995
5841	1	metal5	1010	502	0	0	0	0.99995
5842	1	metal5	1020	502	0	0	0	0.999949
5843	1	metal5	1030	502	0	0	0	0.999949
5844	1	metal5	1040	502	0	0	0	0.999949
5845	1	metal5	1050	502	0	0	0	0.999949
5846	1	metal5	1060	502	0	0	0	0.999949
5847	1	metal5	1070	502	0	0	0	0.999949
5848	1	metal5	1080	502	0	0	0	0.999949
5849	1	metal5	1090	502	0	0	0	0.999949
5850	1	metal5	10	512	0	0	0	0.999945
5851	1	metal5	20	512	0	0	0	0.999945
5852	1	metal5	30	512	0	0	0	0.999945
5853	1	metal5	40	512	0	0	0	0.999946
5854	1	metal5	50	512	0	0	0	0.999946
5855	1	metal5	60	512	0	0	0	0.999945
5856	1	metal5	70	512	0	0	0	0.999945
5857	1	metal5	80	512	0	0	0	0.999946
5858	1	metal5	90	512	0	0	0	0.999946
5859	1	metal5	100	512	0	0	0	0.999946
5860	1	metal5	110	512	0	0	0	0.999946
5861	1	metal5	120	512	0	0	0	0.999945
5862	1	metal5	130	512	0	0	0	0.999946
5863	1	metal5	140	512	0	0	0	0.999947
5864	1	metal5	150	512	0	0	0	0.999947
5865	1	metal5	160	512	0	0	0	0.999947
5866	1	metal5	170	512	0	0	0	0.999947
5867	1	metal5	180	512	0	0	0	0.999946
5868	1	metal5	190	512	0	0	0	0.999947
5869	1	metal5	200	512	0	0	0	0.999948
5870	1	metal5	210	512	0	0	0	0.999948
5871	1	metal5	220	512	0	0	0	0.999948
5872	1	metal5	230	512	0	0	0	0.999948
5873	1	metal5	240	512	0	0	0	0.999949
5874	1	metal5	250	512	0	0	0	0.99995
5875	1	metal5	260	512	0	0	0	0.999951
5876	1	metal5	270	512	0	0	0	0.999951
5877	1	metal5	280	512	0	0	0	0.999951
5878	1	metal5	290	512	0	0	0	0.999951
5879	1	metal5	300	512	0	0	0	0.999953
5880	1	metal5	310	512	0	0	0	0.999954
5881	1	metal5	320	512	0	0	0	0.999955
5882	1	metal5	330	512	0	0	0	0.999955
5883	1	metal5	340	512	0	0	0	0.999956
5884	1	metal5	350	512	0	0	0	0.999954
5885	1	metal5	360	512	0	0	0	0.999957
5886	1	metal5	370	512	0	0	0	0.999959
5887	1	metal5	380	512	0	0	0	0.99996
5888	1	metal5	390	512	0	0	0	0.99996
5889	1	metal5	400	512	0	0	0	0.999959
5890	1	metal5	410	512	0	0	0	0.999962
5891	1	metal5	420	512	0	0	0	0.999965
5892	1	metal5	430	512	0	0	0	0.999966
5893	1	metal5	440	512	0	0	0	0.999967
5894	1	metal5	450	512	0	0	0	0.999966
5895	1	metal5	460	512	0	0	0	0.999964
5896	1	metal5	470	512	0	0	0	0.999969
5897	1	metal5	480	512	0	0	0	0.999972
5898	1	metal5	490	512	0	0	0	0.999974
5899	1	metal5	500	512	0	0	0	0.999973
5900	1	metal5	510	512	0	0	0	0.999968
5901	1	metal5	520	512	0	0	0	0.999977
5902	1	metal5	530	512	0	0	0	0.999981
5903	1	metal5	540	512	0	0	0	0.999983
5904	1	metal5	550	512	0	0	0	0.999983
5905	1	metal5	560	512	0	0	0	0.999979
5906	1	metal5	570	512	0	0	0	0.999971
5907	1	metal5	580	512	0	0	0	0.999977
5908	1	metal5	590	512	0	0	0	0.999978
5909	1	metal5	600	512	0	0	0	0.999977
5910	1	metal5	610	512	0	0	0	0.999975
5911	1	metal5	620	512	0	0	0	0.999971
5912	1	metal5	630	512	0	0	0	0.999964
5913	1	metal5	640	512	0	0	0	0.999968
5914	1	metal5	650	512	0	0	0	0.999968
5915	1	metal5	660	512	0	0	0	0.999967
5916	1	metal5	670	512	0	0	0	0.999964
5917	1	metal5	680	512	0	0	0	0.999959
5918	1	metal5	690	512	0	0	0	0.999962
5919	1	metal5	700	512	0	0	0	0.999962
5920	1	metal5	710	512	0	0	0	0.999962
5921	1	metal5	720	512	0	0	0	0.999961
5922	1	metal5	730	512	0	0	0	0.999959
5923	1	metal5	740	512	0	0	0	0.999956
5924	1	metal5	750	512	0	0	0	0.999957
5925	1	metal5	760	512	0	0	0	0.999958
5926	1	metal5	770	512	0	0	0	0.999957
5927	1	metal5	780	512	0	0	0	0.999956
5928	1	metal5	790	512	0	0	0	0.999954
5929	1	metal5	800	512	0	0	0	0.999955
5930	1	metal5	810	512	0	0	0	0.999955
5931	1	metal5	820	512	0	0	0	0.999955
5932	1	metal5	830	512	0	0	0	0.999954
5933	1	metal5	840	512	0	0	0	0.999953
5934	1	metal5	850	512	0	0	0	0.999952
5935	1	metal5	860	512	0	0	0	0.999953
5936	1	metal5	870	512	0	0	0	0.999953
5937	1	metal5	880	512	0	0	0	0.999952
5938	1	metal5	890	512	0	0	0	0.999952
5939	1	metal5	900	512	0	0	0	0.999951
5940	1	metal5	910	512	0	0	0	0.999951
5941	1	metal5	920	512	0	0	0	0.999951
5942	1	metal5	930	512	0	0	0	0.999951
5943	1	metal5	940	512	0	0	0	0.999951
5944	1	metal5	950	512	0	0	0	0.99995
5945	1	metal5	960	512	0	0	0	0.99995
5946	1	metal5	970	512	0	0	0	0.99995
5947	1	metal5	980	512	0	0	0	0.99995
5948	1	metal5	990	512	0	0	0	0.99995
5949	1	metal5	1000	512	0	0	0	0.99995
5950	1	metal5	1010	512	0	0	0	0.99995
5951	1	metal5	1020	512	0	0	0	0.999949
5952	1	metal5	1030	512	0	0	0	0.999949
5953	1	metal5	1040	512	0	0	0	0.999949
5954	1	metal5	1050	512	0	0	0	0.999949
5955	1	metal5	1060	512	0	0	0	0.999949
5956	1	metal5	1070	512	0	0	0	0.999949
5957	1	metal5	1080	512	0	0	0	0.999949
5958	1	metal5	1090	512	0	0	0	0.999949
5959	1	metal5	10	522	0	0	0	0.999946
5960	1	metal5	20	522	0	0	0	0.999946
5961	1	metal5	30	522	0	0	0	0.999946
5962	1	metal5	40	522	0	0	0	0.999946
5963	1	metal5	50	522	0	0	0	0.999946
5964	1	metal5	60	522	0	0	0	0.999946
5965	1	metal5	70	522	0	0	0	0.999946
5966	1	metal5	80	522	0	0	0	0.999946
5967	1	metal5	90	522	0	0	0	0.999946
5968	1	metal5	100	522	0	0	0	0.999946
5969	1	metal5	110	522	0	0	0	0.999946
5970	1	metal5	120	522	0	0	0	0.999946
5971	1	metal5	130	522	0	0	0	0.999947
5972	1	metal5	140	522	0	0	0	0.999947
5973	1	metal5	150	522	0	0	0	0.999947
5974	1	metal5	160	522	0	0	0	0.999947
5975	1	metal5	170	522	0	0	0	0.999947
5976	1	metal5	180	522	0	0	0	0.999948
5977	1	metal5	190	522	0	0	0	0.999948
5978	1	metal5	200	522	0	0	0	0.999948
5979	1	metal5	210	522	0	0	0	0.999949
5980	1	metal5	220	522	0	0	0	0.999949
5981	1	metal5	230	522	0	0	0	0.999949
5982	1	metal5	240	522	0	0	0	0.99995
5983	1	metal5	250	522	0	0	0	0.999951
5984	1	metal5	260	522	0	0	0	0.999951
5985	1	metal5	270	522	0	0	0	0.999952
5986	1	metal5	280	522	0	0	0	0.999952
5987	1	metal5	290	522	0	0	0	0.999953
5988	1	metal5	300	522	0	0	0	0.999954
5989	1	metal5	310	522	0	0	0	0.999955
5990	1	metal5	320	522	0	0	0	0.999955
5991	1	metal5	330	522	0	0	0	0.999956
5992	1	metal5	340	522	0	0	0	0.999957
5993	1	metal5	350	522	0	0	0	0.999957
5994	1	metal5	360	522	0	0	0	0.999958
5995	1	metal5	370	522	0	0	0	0.99996
5996	1	metal5	380	522	0	0	0	0.999961
5997	1	metal5	390	522	0	0	0	0.999962
5998	1	metal5	400	522	0	0	0	0.999963
5999	1	metal5	410	522	0	0	0	0.999964
6000	1	metal5	420	522	0	0	0	0.999966
6001	1	metal5	430	522	0	0	0	0.999967
6002	1	metal5	440	522	0	0	0	0.999968
6003	1	metal5	450	522	0	0	0	0.999969
6004	1	metal5	460	522	0	0	0	0.999971
6005	1	metal5	470	522	0	0	0	0.999972
6006	1	metal5	480	522	0	0	0	0.999974
6007	1	metal5	490	522	0	0	0	0.999977
6008	1	metal5	500	522	0	0	0	0.999977
6009	1	metal5	510	522	0	0	0	0.999979
6010	1	metal5	520	522	0	0	0	0.999982
6011	1	metal5	530	522	0	0	0	0.999983
6012	1	metal5	540	522	0	0	0	0.999985
6013	1	metal5	550	522	0	0	0	0.999988
6014	1	metal5	560	522	0	0	0	0.999984
6015	1	metal5	570	522	0	0	0	0.999982
6016	1	metal5	580	522	0	0	0	0.999983
6017	1	metal5	590	522	0	0	0	0.99998
6018	1	metal5	600	522	0	0	0	0.999979
6019	1	metal5	610	522	0	0	0	0.999977
6020	1	metal5	620	522	0	0	0	0.999974
6021	1	metal5	630	522	0	0	0	0.999972
6022	1	metal5	640	522	0	0	0	0.999972
6023	1	metal5	650	522	0	0	0	0.99997
6024	1	metal5	660	522	0	0	0	0.999968
6025	1	metal5	670	522	0	0	0	0.999967
6026	1	metal5	680	522	0	0	0	0.999965
6027	1	metal5	690	522	0	0	0	0.999964
6028	1	metal5	700	522	0	0	0	0.999964
6029	1	metal5	710	522	0	0	0	0.999963
6030	1	metal5	720	522	0	0	0	0.999962
6031	1	metal5	730	522	0	0	0	0.999961
6032	1	metal5	740	522	0	0	0	0.99996
6033	1	metal5	750	522	0	0	0	0.999959
6034	1	metal5	760	522	0	0	0	0.999959
6035	1	metal5	770	522	0	0	0	0.999958
6036	1	metal5	780	522	0	0	0	0.999957
6037	1	metal5	790	522	0	0	0	0.999957
6038	1	metal5	800	522	0	0	0	0.999956
6039	1	metal5	810	522	0	0	0	0.999956
6040	1	metal5	820	522	0	0	0	0.999955
6041	1	metal5	830	522	0	0	0	0.999955
6042	1	metal5	840	522	0	0	0	0.999954
6043	1	metal5	850	522	0	0	0	0.999954
6044	1	metal5	860	522	0	0	0	0.999953
6045	1	metal5	870	522	0	0	0	0.999953
6046	1	metal5	880	522	0	0	0	0.999953
6047	1	metal5	890	522	0	0	0	0.999953
6048	1	metal5	900	522	0	0	0	0.999952
6049	1	metal5	910	522	0	0	0	0.999952
6050	1	metal5	920	522	0	0	0	0.999952
6051	1	metal5	930	522	0	0	0	0.999951
6052	1	metal5	940	522	0	0	0	0.999951
6053	1	metal5	950	522	0	0	0	0.999951
6054	1	metal5	960	522	0	0	0	0.999951
6055	1	metal5	970	522	0	0	0	0.999951
6056	1	metal5	980	522	0	0	0	0.99995
6057	1	metal5	990	522	0	0	0	0.99995
6058	1	metal5	1000	522	0	0	0	0.99995
6059	1	metal5	1010	522	0	0	0	0.99995
6060	1	metal5	1020	522	0	0	0	0.99995
6061	1	metal5	1030	522	0	0	0	0.99995
6062	1	metal5	1040	522	0	0	0	0.99995
6063	1	metal5	1050	522	0	0	0	0.99995
6064	1	metal5	1060	522	0	0	0	0.99995
6065	1	metal5	1070	522	0	0	0	0.99995
6066	1	metal5	1080	522	0	0	0	0.99995
6067	1	metal5	1090	522	0	0	0	0.99995
6068	1	metal5	10	532	0	0	0	0.999946
6069	1	metal5	20	532	0	0	0	0.999946
6070	1	metal5	30	532	0	0	0	0.999946
6071	1	metal5	40	532	0	0	0	0.999946
6072	1	metal5	50	532	0	0	0	0.999946
6073	1	metal5	60	532	0	0	0	0.999946
6074	1	metal5	70	532	0	0	0	0.999946
6075	1	metal5	80	532	0	0	0	0.999946
6076	1	metal5	90	532	0	0	0	0.999946
6077	1	metal5	100	532	0	0	0	0.999946
6078	1	metal5	110	532	0	0	0	0.999946
6079	1	metal5	120	532	0	0	0	0.999947
6080	1	metal5	130	532	0	0	0	0.999947
6081	1	metal5	140	532	0	0	0	0.999947
6082	1	metal5	150	532	0	0	0	0.999947
6083	1	metal5	160	532	0	0	0	0.999947
6084	1	metal5	170	532	0	0	0	0.999948
6085	1	metal5	180	532	0	0	0	0.999948
6086	1	metal5	190	532	0	0	0	0.999948
6087	1	metal5	200	532	0	0	0	0.999948
6088	1	metal5	210	532	0	0	0	0.999949
6089	1	metal5	220	532	0	0	0	0.999949
6090	1	metal5	230	532	0	0	0	0.99995
6091	1	metal5	240	532	0	0	0	0.99995
6092	1	metal5	250	532	0	0	0	0.999951
6093	1	metal5	260	532	0	0	0	0.999951
6094	1	metal5	270	532	0	0	0	0.999952
6095	1	metal5	280	532	0	0	0	0.999952
6096	1	metal5	290	532	0	0	0	0.999953
6097	1	metal5	300	532	0	0	0	0.999954
6098	1	metal5	310	532	0	0	0	0.999955
6099	1	metal5	320	532	0	0	0	0.999955
6100	1	metal5	330	532	0	0	0	0.999956
6101	1	metal5	340	532	0	0	0	0.999957
6102	1	metal5	350	532	0	0	0	0.999958
6103	1	metal5	360	532	0	0	0	0.999959
6104	1	metal5	370	532	0	0	0	0.99996
6105	1	metal5	380	532	0	0	0	0.999961
6106	1	metal5	390	532	0	0	0	0.999962
6107	1	metal5	400	532	0	0	0	0.999963
6108	1	metal5	410	532	0	0	0	0.999964
6109	1	metal5	420	532	0	0	0	0.999966
6110	1	metal5	430	532	0	0	0	0.999967
6111	1	metal5	440	532	0	0	0	0.999969
6112	1	metal5	450	532	0	0	0	0.99997
6113	1	metal5	460	532	0	0	0	0.999971
6114	1	metal5	470	532	0	0	0	0.999973
6115	1	metal5	480	532	0	0	0	0.999975
6116	1	metal5	490	532	0	0	0	0.999977
6117	1	metal5	500	532	0	0	0	0.999978
6118	1	metal5	510	532	0	0	0	0.999979
6119	1	metal5	520	532	0	0	0	0.999982
6120	1	metal5	530	532	0	0	0	0.999983
6121	1	metal5	540	532	0	0	0	0.999985
6122	1	metal5	550	532	0	0	0	0.999986
6123	1	metal5	560	532	0	0	0	0.999984
6124	1	metal5	570	532	0	0	0	0.999983
6125	1	metal5	580	532	0	0	0	0.999982
6126	1	metal5	590	532	0	0	0	0.999981
6127	1	metal5	600	532	0	0	0	0.999979
6128	1	metal5	610	532	0	0	0	0.999977
6129	1	metal5	620	532	0	0	0	0.999975
6130	1	metal5	630	532	0	0	0	0.999973
6131	1	metal5	640	532	0	0	0	0.999972
6132	1	metal5	650	532	0	0	0	0.99997
6133	1	metal5	660	532	0	0	0	0.999969
6134	1	metal5	670	532	0	0	0	0.999968
6135	1	metal5	680	532	0	0	0	0.999966
6136	1	metal5	690	532	0	0	0	0.999965
6137	1	metal5	700	532	0	0	0	0.999964
6138	1	metal5	710	532	0	0	0	0.999963
6139	1	metal5	720	532	0	0	0	0.999962
6140	1	metal5	730	532	0	0	0	0.999961
6141	1	metal5	740	532	0	0	0	0.99996
6142	1	metal5	750	532	0	0	0	0.99996
6143	1	metal5	760	532	0	0	0	0.999959
6144	1	metal5	770	532	0	0	0	0.999958
6145	1	metal5	780	532	0	0	0	0.999958
6146	1	metal5	790	532	0	0	0	0.999957
6147	1	metal5	800	532	0	0	0	0.999956
6148	1	metal5	810	532	0	0	0	0.999956
6149	1	metal5	820	532	0	0	0	0.999956
6150	1	metal5	830	532	0	0	0	0.999955
6151	1	metal5	840	532	0	0	0	0.999955
6152	1	metal5	850	532	0	0	0	0.999954
6153	1	metal5	860	532	0	0	0	0.999954
6154	1	metal5	870	532	0	0	0	0.999953
6155	1	metal5	880	532	0	0	0	0.999953
6156	1	metal5	890	532	0	0	0	0.999953
6157	1	metal5	900	532	0	0	0	0.999952
6158	1	metal5	910	532	0	0	0	0.999952
6159	1	metal5	920	532	0	0	0	0.999952
6160	1	metal5	930	532	0	0	0	0.999952
6161	1	metal5	940	532	0	0	0	0.999951
6162	1	metal5	950	532	0	0	0	0.999951
6163	1	metal5	960	532	0	0	0	0.999951
6164	1	metal5	970	532	0	0	0	0.999951
6165	1	metal5	980	532	0	0	0	0.999951
6166	1	metal5	990	532	0	0	0	0.999951
6167	1	metal5	1000	532	0	0	0	0.99995
6168	1	metal5	1010	532	0	0	0	0.99995
6169	1	metal5	1020	532	0	0	0	0.99995
6170	1	metal5	1030	532	0	0	0	0.99995
6171	1	metal5	1040	532	0	0	0	0.99995
6172	1	metal5	1050	532	0	0	0	0.99995
6173	1	metal5	1060	532	0	0	0	0.99995
6174	1	metal5	1070	532	0	0	0	0.99995
6175	1	metal5	1080	532	0	0	0	0.99995
6176	1	metal5	1090	532	0	0	0	0.99995
6177	1	metal5	10	542	0	0	0	0.999946
6178	1	metal5	20	542	0	0	0	0.999946
6179	1	metal5	30	542	0	0	0	0.999946
6180	1	metal5	40	542	0	0	0	0.999946
6181	1	metal5	50	542	0	0	0	0.999946
6182	1	metal5	60	542	0	0	0	0.999946
6183	1	metal5	70	542	0	0	0	0.999946
6184	1	metal5	80	542	0	0	0	0.999946
6185	1	metal5	90	542	0	0	0	0.999946
6186	1	metal5	100	542	0	0	0	0.999946
6187	1	metal5	110	542	0	0	0	0.999947
6188	1	metal5	120	542	0	0	0	0.999947
6189	1	metal5	130	542	0	0	0	0.999947
6190	1	metal5	140	542	0	0	0	0.999947
6191	1	metal5	150	542	0	0	0	0.999947
6192	1	metal5	160	542	0	0	0	0.999947
6193	1	metal5	170	542	0	0	0	0.999948
6194	1	metal5	180	542	0	0	0	0.999948
6195	1	metal5	190	542	0	0	0	0.999948
6196	1	metal5	200	542	0	0	0	0.999948
6197	1	metal5	210	542	0	0	0	0.999949
6198	1	metal5	220	542	0	0	0	0.999949
6199	1	metal5	230	542	0	0	0	0.999949
6200	1	metal5	240	542	0	0	0	0.99995
6201	1	metal5	250	542	0	0	0	0.999951
6202	1	metal5	260	542	0	0	0	0.999951
6203	1	metal5	270	542	0	0	0	0.999952
6204	1	metal5	280	542	0	0	0	0.999953
6205	1	metal5	290	542	0	0	0	0.999953
6206	1	metal5	300	542	0	0	0	0.999954
6207	1	metal5	310	542	0	0	0	0.999955
6208	1	metal5	320	542	0	0	0	0.999955
6209	1	metal5	330	542	0	0	0	0.999956
6210	1	metal5	340	542	0	0	0	0.999957
6211	1	metal5	350	542	0	0	0	0.999958
6212	1	metal5	360	542	0	0	0	0.999959
6213	1	metal5	370	542	0	0	0	0.99996
6214	1	metal5	380	542	0	0	0	0.999961
6215	1	metal5	390	542	0	0	0	0.999962
6216	1	metal5	400	542	0	0	0	0.999963
6217	1	metal5	410	542	0	0	0	0.999965
6218	1	metal5	420	542	0	0	0	0.999966
6219	1	metal5	430	542	0	0	0	0.999968
6220	1	metal5	440	542	0	0	0	0.999969
6221	1	metal5	450	542	0	0	0	0.99997
6222	1	metal5	460	542	0	0	0	0.999972
6223	1	metal5	470	542	0	0	0	0.999973
6224	1	metal5	480	542	0	0	0	0.999975
6225	1	metal5	490	542	0	0	0	0.999977
6226	1	metal5	500	542	0	0	0	0.999978
6227	1	metal5	510	542	0	0	0	0.99998
6228	1	metal5	520	542	0	0	0	0.999983
6229	1	metal5	530	542	0	0	0	0.999984
6230	1	metal5	540	542	0	0	0	0.999985
6231	1	metal5	550	542	0	0	0	0.999987
6232	1	metal5	560	542	0	0	0	0.999985
6233	1	metal5	570	542	0	0	0	0.999983
6234	1	metal5	580	542	0	0	0	0.999983
6235	1	metal5	590	542	0	0	0	0.999981
6236	1	metal5	600	542	0	0	0	0.999979
6237	1	metal5	610	542	0	0	0	0.999978
6238	1	metal5	620	542	0	0	0	0.999976
6239	1	metal5	630	542	0	0	0	0.999974
6240	1	metal5	640	542	0	0	0	0.999972
6241	1	metal5	650	542	0	0	0	0.999971
6242	1	metal5	660	542	0	0	0	0.999969
6243	1	metal5	670	542	0	0	0	0.999968
6244	1	metal5	680	542	0	0	0	0.999967
6245	1	metal5	690	542	0	0	0	0.999965
6246	1	metal5	700	542	0	0	0	0.999965
6247	1	metal5	710	542	0	0	0	0.999964
6248	1	metal5	720	542	0	0	0	0.999963
6249	1	metal5	730	542	0	0	0	0.999962
6250	1	metal5	740	542	0	0	0	0.999961
6251	1	metal5	750	542	0	0	0	0.99996
6252	1	metal5	760	542	0	0	0	0.999959
6253	1	metal5	770	542	0	0	0	0.999959
6254	1	metal5	780	542	0	0	0	0.999958
6255	1	metal5	790	542	0	0	0	0.999957
6256	1	metal5	800	542	0	0	0	0.999957
6257	1	metal5	810	542	0	0	0	0.999956
6258	1	metal5	820	542	0	0	0	0.999956
6259	1	metal5	830	542	0	0	0	0.999955
6260	1	metal5	840	542	0	0	0	0.999955
6261	1	metal5	850	542	0	0	0	0.999955
6262	1	metal5	860	542	0	0	0	0.999954
6263	1	metal5	870	542	0	0	0	0.999954
6264	1	metal5	880	542	0	0	0	0.999953
6265	1	metal5	890	542	0	0	0	0.999953
6266	1	metal5	900	542	0	0	0	0.999953
6267	1	metal5	910	542	0	0	0	0.999952
6268	1	metal5	920	542	0	0	0	0.999952
6269	1	metal5	930	542	0	0	0	0.999952
6270	1	metal5	940	542	0	0	0	0.999952
6271	1	metal5	950	542	0	0	0	0.999951
6272	1	metal5	960	542	0	0	0	0.999951
6273	1	metal5	970	542	0	0	0	0.999951
6274	1	metal5	980	542	0	0	0	0.999951
6275	1	metal5	990	542	0	0	0	0.999951
6276	1	metal5	1000	542	0	0	0	0.999951
6277	1	metal5	1010	542	0	0	0	0.999951
6278	1	metal5	1020	542	0	0	0	0.99995
6279	1	metal5	1030	542	0	0	0	0.99995
6280	1	metal5	1040	542	0	0	0	0.99995
6281	1	metal5	1050	542	0	0	0	0.99995
6282	1	metal5	1060	542	0	0	0	0.99995
6283	1	metal5	1070	542	0	0	0	0.99995
6284	1	metal5	1080	542	0	0	0	0.99995
6285	1	metal5	1090	542	0	0	0	0.99995
6286	1	metal5	10	552	0	0	0	0.999946
6287	1	metal5	20	552	0	0	0	0.999946
6288	1	metal5	30	552	0	0	0	0.999946
6289	1	metal5	40	552	0	0	0	0.999946
6290	1	metal5	50	552	0	0	0	0.999946
6291	1	metal5	60	552	0	0	0	0.999946
6292	1	metal5	70	552	0	0	0	0.999946
6293	1	metal5	80	552	0	0	0	0.999946
6294	1	metal5	90	552	0	0	0	0.999946
6295	1	metal5	100	552	0	0	0	0.999947
6296	1	metal5	110	552	0	0	0	0.999947
6297	1	metal5	120	552	0	0	0	0.999947
6298	1	metal5	130	552	0	0	0	0.999947
6299	1	metal5	140	552	0	0	0	0.999947
6300	1	metal5	150	552	0	0	0	0.999947
6301	1	metal5	160	552	0	0	0	0.999947
6302	1	metal5	170	552	0	0	0	0.999948
6303	1	metal5	180	552	0	0	0	0.999948
6304	1	metal5	190	552	0	0	0	0.999948
6305	1	metal5	200	552	0	0	0	0.999948
6306	1	metal5	210	552	0	0	0	0.999949
6307	1	metal5	220	552	0	0	0	0.999949
6308	1	metal5	230	552	0	0	0	0.999949
6309	1	metal5	240	552	0	0	0	0.99995
6310	1	metal5	250	552	0	0	0	0.999951
6311	1	metal5	260	552	0	0	0	0.999951
6312	1	metal5	270	552	0	0	0	0.999952
6313	1	metal5	280	552	0	0	0	0.999953
6314	1	metal5	290	552	0	0	0	0.999953
6315	1	metal5	300	552	0	0	0	0.999954
6316	1	metal5	310	552	0	0	0	0.999955
6317	1	metal5	320	552	0	0	0	0.999955
6318	1	metal5	330	552	0	0	0	0.999956
6319	1	metal5	340	552	0	0	0	0.999957
6320	1	metal5	350	552	0	0	0	0.999958
6321	1	metal5	360	552	0	0	0	0.999959
6322	1	metal5	370	552	0	0	0	0.99996
6323	1	metal5	380	552	0	0	0	0.999961
6324	1	metal5	390	552	0	0	0	0.999962
6325	1	metal5	400	552	0	0	0	0.999964
6326	1	metal5	410	552	0	0	0	0.999965
6327	1	metal5	420	552	0	0	0	0.999966
6328	1	metal5	430	552	0	0	0	0.999968
6329	1	metal5	440	552	0	0	0	0.999969
6330	1	metal5	450	552	0	0	0	0.99997
6331	1	metal5	460	552	0	0	0	0.999972
6332	1	metal5	470	552	0	0	0	0.999973
6333	1	metal5	480	552	0	0	0	0.999975
6334	1	metal5	490	552	0	0	0	0.999978
6335	1	metal5	500	552	0	0	0	0.999978
6336	1	metal5	510	552	0	0	0	0.99998
6337	1	metal5	520	552	0	0	0	0.999984
6338	1	metal5	530	552	0	0	0	0.999984
6339	1	metal5	540	552	0	0	0	0.999986
6340	1	metal5	550	552	0	0	0	0.999988
6341	1	metal5	560	552	0	0	0	0.999985
6342	1	metal5	570	552	0	0	0	0.999984
6343	1	metal5	580	552	0	0	0	0.999984
6344	1	metal5	590	552	0	0	0	0.999981
6345	1	metal5	600	552	0	0	0	0.99998
6346	1	metal5	610	552	0	0	0	0.999979
6347	1	metal5	620	552	0	0	0	0.999976
6348	1	metal5	630	552	0	0	0	0.999974
6349	1	metal5	640	552	0	0	0	0.999973
6350	1	metal5	650	552	0	0	0	0.999971
6351	1	metal5	660	552	0	0	0	0.99997
6352	1	metal5	670	552	0	0	0	0.999969
6353	1	metal5	680	552	0	0	0	0.999967
6354	1	metal5	690	552	0	0	0	0.999966
6355	1	metal5	700	552	0	0	0	0.999965
6356	1	metal5	710	552	0	0	0	0.999964
6357	1	metal5	720	552	0	0	0	0.999963
6358	1	metal5	730	552	0	0	0	0.999962
6359	1	metal5	740	552	0	0	0	0.999961
6360	1	metal5	750	552	0	0	0	0.99996
6361	1	metal5	760	552	0	0	0	0.99996
6362	1	metal5	770	552	0	0	0	0.999959
6363	1	metal5	780	552	0	0	0	0.999958
6364	1	metal5	790	552	0	0	0	0.999958
6365	1	metal5	800	552	0	0	0	0.999957
6366	1	metal5	810	552	0	0	0	0.999957
6367	1	metal5	820	552	0	0	0	0.999956
6368	1	metal5	830	552	0	0	0	0.999956
6369	1	metal5	840	552	0	0	0	0.999955
6370	1	metal5	850	552	0	0	0	0.999955
6371	1	metal5	860	552	0	0	0	0.999954
6372	1	metal5	870	552	0	0	0	0.999954
6373	1	metal5	880	552	0	0	0	0.999954
6374	1	metal5	890	552	0	0	0	0.999953
6375	1	metal5	900	552	0	0	0	0.999953
6376	1	metal5	910	552	0	0	0	0.999953
6377	1	metal5	920	552	0	0	0	0.999952
6378	1	metal5	930	552	0	0	0	0.999952
6379	1	metal5	940	552	0	0	0	0.999952
6380	1	metal5	950	552	0	0	0	0.999952
6381	1	metal5	960	552	0	0	0	0.999951
6382	1	metal5	970	552	0	0	0	0.999951
6383	1	metal5	980	552	0	0	0	0.999951
6384	1	metal5	990	552	0	0	0	0.999951
6385	1	metal5	1000	552	0	0	0	0.999951
6386	1	metal5	1010	552	0	0	0	0.999951
6387	1	metal5	1020	552	0	0	0	0.999951
6388	1	metal5	1030	552	0	0	0	0.999951
6389	1	metal5	1040	552	0	0	0	0.99995
6390	1	metal5	1050	552	0	0	0	0.99995
6391	1	metal5	1060	552	0	0	0	0.99995
6392	1	metal5	1070	552	0	0	0	0.99995
6393	1	metal5	1080	552	0	0	0	0.99995
6394	1	metal5	1090	552	0	0	0	0.99995
6395	1	metal5	10	562	0	0	0	0.999946
6396	1	metal5	20	562	0	0	0	0.999946
6397	1	metal5	30	562	0	0	0	0.999946
6398	1	metal5	40	562	0	0	0	0.999946
6399	1	metal5	50	562	0	0	0	0.999946
6400	1	metal5	60	562	0	0	0	0.999946
6401	1	metal5	70	562	0	0	0	0.999946
6402	1	metal5	80	562	0	0	0	0.999946
6403	1	metal5	90	562	0	0	0	0.999946
6404	1	metal5	100	562	0	0	0	0.999946
6405	1	metal5	110	562	0	0	0	0.999946
6406	1	metal5	120	562	0	0	0	0.999947
6407	1	metal5	130	562	0	0	0	0.999947
6408	1	metal5	140	562	0	0	0	0.999947
6409	1	metal5	150	562	0	0	0	0.999947
6410	1	metal5	160	562	0	0	0	0.999947
6411	1	metal5	170	562	0	0	0	0.999947
6412	1	metal5	180	562	0	0	0	0.999947
6413	1	metal5	190	562	0	0	0	0.999948
6414	1	metal5	200	562	0	0	0	0.999948
6415	1	metal5	210	562	0	0	0	0.999948
6416	1	metal5	220	562	0	0	0	0.999949
6417	1	metal5	230	562	0	0	0	0.999949
6418	1	metal5	240	562	0	0	0	0.999949
6419	1	metal5	250	562	0	0	0	0.99995
6420	1	metal5	260	562	0	0	0	0.999951
6421	1	metal5	270	562	0	0	0	0.999951
6422	1	metal5	280	562	0	0	0	0.999952
6423	1	metal5	290	562	0	0	0	0.999952
6424	1	metal5	300	562	0	0	0	0.999953
6425	1	metal5	310	562	0	0	0	0.999954
6426	1	metal5	320	562	0	0	0	0.999955
6427	1	metal5	330	562	0	0	0	0.999956
6428	1	metal5	340	562	0	0	0	0.999957
6429	1	metal5	350	562	0	0	0	0.999957
6430	1	metal5	360	562	0	0	0	0.999958
6431	1	metal5	370	562	0	0	0	0.99996
6432	1	metal5	380	562	0	0	0	0.999961
6433	1	metal5	390	562	0	0	0	0.999962
6434	1	metal5	400	562	0	0	0	0.999963
6435	1	metal5	410	562	0	0	0	0.999964
6436	1	metal5	420	562	0	0	0	0.999966
6437	1	metal5	430	562	0	0	0	0.999967
6438	1	metal5	440	562	0	0	0	0.999968
6439	1	metal5	450	562	0	0	0	0.999969
6440	1	metal5	460	562	0	0	0	0.999971
6441	1	metal5	470	562	0	0	0	0.999972
6442	1	metal5	480	562	0	0	0	0.999974
6443	1	metal5	490	562	0	0	0	0.999976
6444	1	metal5	500	562	0	0	0	0.999977
6445	1	metal5	510	562	0	0	0	0.999978
6446	1	metal5	520	562	0	0	0	0.999981
6447	1	metal5	530	562	0	0	0	0.999983
6448	1	metal5	540	562	0	0	0	0.999985
6449	1	metal5	550	562	0	0	0	0.999986
6450	1	metal5	560	562	0	0	0	0.999984
6451	1	metal5	570	562	0	0	0	0.999982
6452	1	metal5	580	562	0	0	0	0.999982
6453	1	metal5	590	562	0	0	0	0.99998
6454	1	metal5	600	562	0	0	0	0.999979
6455	1	metal5	610	562	0	0	0	0.999977
6456	1	metal5	620	562	0	0	0	0.999975
6457	1	metal5	630	562	0	0	0	0.999973
6458	1	metal5	640	562	0	0	0	0.999972
6459	1	metal5	650	562	0	0	0	0.99997
6460	1	metal5	660	562	0	0	0	0.999969
6461	1	metal5	670	562	0	0	0	0.999968
6462	1	metal5	680	562	0	0	0	0.999966
6463	1	metal5	690	562	0	0	0	0.999965
6464	1	metal5	700	562	0	0	0	0.999965
6465	1	metal5	710	562	0	0	0	0.999964
6466	1	metal5	720	562	0	0	0	0.999963
6467	1	metal5	730	562	0	0	0	0.999962
6468	1	metal5	740	562	0	0	0	0.999961
6469	1	metal5	750	562	0	0	0	0.99996
6470	1	metal5	760	562	0	0	0	0.999959
6471	1	metal5	770	562	0	0	0	0.999959
6472	1	metal5	780	562	0	0	0	0.999958
6473	1	metal5	790	562	0	0	0	0.999957
6474	1	metal5	800	562	0	0	0	0.999957
6475	1	metal5	810	562	0	0	0	0.999957
6476	1	metal5	820	562	0	0	0	0.999956
6477	1	metal5	830	562	0	0	0	0.999956
6478	1	metal5	840	562	0	0	0	0.999955
6479	1	metal5	850	562	0	0	0	0.999955
6480	1	metal5	860	562	0	0	0	0.999954
6481	1	metal5	870	562	0	0	0	0.999954
6482	1	metal5	880	562	0	0	0	0.999954
6483	1	metal5	890	562	0	0	0	0.999953
6484	1	metal5	900	562	0	0	0	0.999953
6485	1	metal5	910	562	0	0	0	0.999953
6486	1	metal5	920	562	0	0	0	0.999952
6487	1	metal5	930	562	0	0	0	0.999952
6488	1	metal5	940	562	0	0	0	0.999952
6489	1	metal5	950	562	0	0	0	0.999952
6490	1	metal5	960	562	0	0	0	0.999951
6491	1	metal5	970	562	0	0	0	0.999951
6492	1	metal5	980	562	0	0	0	0.999951
6493	1	metal5	990	562	0	0	0	0.999951
6494	1	metal5	1000	562	0	0	0	0.999951
6495	1	metal5	1010	562	0	0	0	0.999951
6496	1	metal5	1020	562	0	0	0	0.999951
6497	1	metal5	1030	562	0	0	0	0.999951
6498	1	metal5	1040	562	0	0	0	0.999951
6499	1	metal5	1050	562	0	0	0	0.999951
6500	1	metal5	1060	562	0	0	0	0.99995
6501	1	metal5	1070	562	0	0	0	0.99995
6502	1	metal5	1080	562	0	0	0	0.99995
6503	1	metal5	1090	562	0	0	0	0.99995
6504	1	metal5	10	572	0	0	0	0.999945
6505	1	metal5	20	572	0	0	0	0.999946
6506	1	metal5	30	572	0	0	0	0.999946
6507	1	metal5	40	572	0	0	0	0.999946
6508	1	metal5	50	572	0	0	0	0.999946
6509	1	metal5	60	572	0	0	0	0.999946
6510	1	metal5	70	572	0	0	0	0.999945
6511	1	metal5	80	572	0	0	0	0.999946
6512	1	metal5	90	572	0	0	0	0.999946
6513	1	metal5	100	572	0	0	0	0.999946
6514	1	metal5	110	572	0	0	0	0.999946
6515	1	metal5	120	572	0	0	0	0.999946
6516	1	metal5	130	572	0	0	0	0.999946
6517	1	metal5	140	572	0	0	0	0.999947
6518	1	metal5	150	572	0	0	0	0.999947
6519	1	metal5	160	572	0	0	0	0.999947
6520	1	metal5	170	572	0	0	0	0.999947
6521	1	metal5	180	572	0	0	0	0.999946
6522	1	metal5	190	572	0	0	0	0.999947
6523	1	metal5	200	572	0	0	0	0.999948
6524	1	metal5	210	572	0	0	0	0.999948
6525	1	metal5	220	572	0	0	0	0.999947
6526	1	metal5	230	572	0	0	0	0.999946
6527	1	metal5	240	572	0	0	0	0.999948
6528	1	metal5	250	572	0	0	0	0.99995
6529	1	metal5	260	572	0	0	0	0.99995
6530	1	metal5	270	572	0	0	0	0.999951
6531	1	metal5	280	572	0	0	0	0.999951
6532	1	metal5	290	572	0	0	0	0.99995
6533	1	metal5	300	572	0	0	0	0.999952
6534	1	metal5	310	572	0	0	0	0.999954
6535	1	metal5	320	572	0	0	0	0.999955
6536	1	metal5	330	572	0	0	0	0.999955
6537	1	metal5	340	572	0	0	0	0.999956
6538	1	metal5	350	572	0	0	0	0.999954
6539	1	metal5	360	572	0	0	0	0.999957
6540	1	metal5	370	572	0	0	0	0.999959
6541	1	metal5	380	572	0	0	0	0.99996
6542	1	metal5	390	572	0	0	0	0.99996
6543	1	metal5	400	572	0	0	0	0.999959
6544	1	metal5	410	572	0	0	0	0.999963
6545	1	metal5	420	572	0	0	0	0.999965
6546	1	metal5	430	572	0	0	0	0.999967
6547	1	metal5	440	572	0	0	0	0.999967
6548	1	metal5	450	572	0	0	0	0.999967
6549	1	metal5	460	572	0	0	0	0.999964
6550	1	metal5	470	572	0	0	0	0.99997
6551	1	metal5	480	572	0	0	0	0.999973
6552	1	metal5	490	572	0	0	0	0.999975
6553	1	metal5	500	572	0	0	0	0.999974
6554	1	metal5	510	572	0	0	0	0.999969
6555	1	metal5	520	572	0	0	0	0.999978
6556	1	metal5	530	572	0	0	0	0.999981
6557	1	metal5	540	572	0	0	0	0.999983
6558	1	metal5	550	572	0	0	0	0.999984
6559	1	metal5	560	572	0	0	0	0.99998
6560	1	metal5	570	572	0	0	0	0.999972
6561	1	metal5	580	572	0	0	0	0.999978
6562	1	metal5	590	572	0	0	0	0.999979
6563	1	metal5	600	572	0	0	0	0.999978
6564	1	metal5	610	572	0	0	0	0.999976
6565	1	metal5	620	572	0	0	0	0.999972
6566	1	metal5	630	572	0	0	0	0.999966
6567	1	metal5	640	572	0	0	0	0.999969
6568	1	metal5	650	572	0	0	0	0.999969
6569	1	metal5	660	572	0	0	0	0.999968
6570	1	metal5	670	572	0	0	0	0.999966
6571	1	metal5	680	572	0	0	0	0.999961
6572	1	metal5	690	572	0	0	0	0.999963
6573	1	metal5	700	572	0	0	0	0.999964
6574	1	metal5	710	572	0	0	0	0.999963
6575	1	metal5	720	572	0	0	0	0.999962
6576	1	metal5	730	572	0	0	0	0.999961
6577	1	metal5	740	572	0	0	0	0.999958
6578	1	metal5	750	572	0	0	0	0.999959
6579	1	metal5	760	572	0	0	0	0.999959
6580	1	metal5	770	572	0	0	0	0.999958
6581	1	metal5	780	572	0	0	0	0.999957
6582	1	metal5	790	572	0	0	0	0.999955
6583	1	metal5	800	572	0	0	0	0.999956
6584	1	metal5	810	572	0	0	0	0.999956
6585	1	metal5	820	572	0	0	0	0.999956
6586	1	metal5	830	572	0	0	0	0.999956
6587	1	metal5	840	572	0	0	0	0.999955
6588	1	metal5	850	572	0	0	0	0.999953
6589	1	metal5	860	572	0	0	0	0.999954
6590	1	metal5	870	572	0	0	0	0.999954
6591	1	metal5	880	572	0	0	0	0.999954
6592	1	metal5	890	572	0	0	0	0.999953
6593	1	metal5	900	572	0	0	0	0.999953
6594	1	metal5	910	572	0	0	0	0.999952
6595	1	metal5	920	572	0	0	0	0.999952
6596	1	metal5	930	572	0	0	0	0.999952
6597	1	metal5	940	572	0	0	0	0.999952
6598	1	metal5	950	572	0	0	0	0.999951
6599	1	metal5	960	572	0	0	0	0.999951
6600	1	metal5	970	572	0	0	0	0.999951
6601	1	metal5	980	572	0	0	0	0.999951
6602	1	metal5	990	572	0	0	0	0.999951
6603	1	metal5	1000	572	0	0	0	0.999951
6604	1	metal5	1010	572	0	0	0	0.999951
6605	1	metal5	1020	572	0	0	0	0.99995
6606	1	metal5	1030	572	0	0	0	0.999951
6607	1	metal5	1040	572	0	0	0	0.999951
6608	1	metal5	1050	572	0	0	0	0.999951
6609	1	metal5	1060	572	0	0	0	0.99995
6610	1	metal5	1070	572	0	0	0	0.99995
6611	1	metal5	1080	572	0	0	0	0.99995
6612	1	metal5	1090	572	0	0	0	0.99995
6613	1	metal5	10	582	0	0	0	0.999946
6614	1	metal5	20	582	0	0	0	0.999946
6615	1	metal5	30	582	0	0	0	0.999946
6616	1	metal5	40	582	0	0	0	0.999946
6617	1	metal5	50	582	0	0	0	0.999946
6618	1	metal5	60	582	0	0	0	0.999946
6619	1	metal5	70	582	0	0	0	0.999946
6620	1	metal5	80	582	0	0	0	0.999946
6621	1	metal5	90	582	0	0	0	0.999946
6622	1	metal5	100	582	0	0	0	0.999947
6623	1	metal5	110	582	0	0	0	0.999947
6624	1	metal5	120	582	0	0	0	0.999947
6625	1	metal5	130	582	0	0	0	0.999947
6626	1	metal5	140	582	0	0	0	0.999947
6627	1	metal5	150	582	0	0	0	0.999947
6628	1	metal5	160	582	0	0	0	0.999947
6629	1	metal5	170	582	0	0	0	0.999947
6630	1	metal5	180	582	0	0	0	0.999947
6631	1	metal5	190	582	0	0	0	0.999948
6632	1	metal5	200	582	0	0	0	0.999948
6633	1	metal5	210	582	0	0	0	0.999948
6634	1	metal5	220	582	0	0	0	0.999949
6635	1	metal5	230	582	0	0	0	0.999949
6636	1	metal5	240	582	0	0	0	0.999949
6637	1	metal5	250	582	0	0	0	0.99995
6638	1	metal5	260	582	0	0	0	0.999951
6639	1	metal5	270	582	0	0	0	0.999951
6640	1	metal5	280	582	0	0	0	0.999952
6641	1	metal5	290	582	0	0	0	0.999952
6642	1	metal5	300	582	0	0	0	0.999953
6643	1	metal5	310	582	0	0	0	0.999955
6644	1	metal5	320	582	0	0	0	0.999955
6645	1	metal5	330	582	0	0	0	0.999956
6646	1	metal5	340	582	0	0	0	0.999957
6647	1	metal5	350	582	0	0	0	0.999957
6648	1	metal5	360	582	0	0	0	0.999959
6649	1	metal5	370	582	0	0	0	0.99996
6650	1	metal5	380	582	0	0	0	0.999961
6651	1	metal5	390	582	0	0	0	0.999962
6652	1	metal5	400	582	0	0	0	0.999963
6653	1	metal5	410	582	0	0	0	0.999964
6654	1	metal5	420	582	0	0	0	0.999966
6655	1	metal5	430	582	0	0	0	0.999968
6656	1	metal5	440	582	0	0	0	0.999969
6657	1	metal5	450	582	0	0	0	0.99997
6658	1	metal5	460	582	0	0	0	0.999972
6659	1	metal5	470	582	0	0	0	0.999973
6660	1	metal5	480	582	0	0	0	0.999975
6661	1	metal5	490	582	0	0	0	0.999977
6662	1	metal5	500	582	0	0	0	0.999978
6663	1	metal5	510	582	0	0	0	0.999979
6664	1	metal5	520	582	0	0	0	0.999983
6665	1	metal5	530	582	0	0	0	0.999984
6666	1	metal5	540	582	0	0	0	0.999986
6667	1	metal5	550	582	0	0	0	0.999988
6668	1	metal5	560	582	0	0	0	0.999985
6669	1	metal5	570	582	0	0	0	0.999983
6670	1	metal5	580	582	0	0	0	0.999983
6671	1	metal5	590	582	0	0	0	0.999981
6672	1	metal5	600	582	0	0	0	0.999979
6673	1	metal5	610	582	0	0	0	0.999978
6674	1	metal5	620	582	0	0	0	0.999975
6675	1	metal5	630	582	0	0	0	0.999973
6676	1	metal5	640	582	0	0	0	0.999973
6677	1	metal5	650	582	0	0	0	0.999971
6678	1	metal5	660	582	0	0	0	0.99997
6679	1	metal5	670	582	0	0	0	0.999969
6680	1	metal5	680	582	0	0	0	0.999967
6681	1	metal5	690	582	0	0	0	0.999966
6682	1	metal5	700	582	0	0	0	0.999965
6683	1	metal5	710	582	0	0	0	0.999964
6684	1	metal5	720	582	0	0	0	0.999963
6685	1	metal5	730	582	0	0	0	0.999962
6686	1	metal5	740	582	0	0	0	0.999961
6687	1	metal5	750	582	0	0	0	0.99996
6688	1	metal5	760	582	0	0	0	0.99996
6689	1	metal5	770	582	0	0	0	0.999959
6690	1	metal5	780	582	0	0	0	0.999959
6691	1	metal5	790	582	0	0	0	0.999958
6692	1	metal5	800	582	0	0	0	0.999957
6693	1	metal5	810	582	0	0	0	0.999957
6694	1	metal5	820	582	0	0	0	0.999957
6695	1	metal5	830	582	0	0	0	0.999956
6696	1	metal5	840	582	0	0	0	0.999956
6697	1	metal5	850	582	0	0	0	0.999955
6698	1	metal5	860	582	0	0	0	0.999955
6699	1	metal5	870	582	0	0	0	0.999954
6700	1	metal5	880	582	0	0	0	0.999954
6701	1	metal5	890	582	0	0	0	0.999954
6702	1	metal5	900	582	0	0	0	0.999953
6703	1	metal5	910	582	0	0	0	0.999953
6704	1	metal5	920	582	0	0	0	0.999953
6705	1	metal5	930	582	0	0	0	0.999953
6706	1	metal5	940	582	0	0	0	0.999952
6707	1	metal5	950	582	0	0	0	0.999952
6708	1	metal5	960	582	0	0	0	0.999952
6709	1	metal5	970	582	0	0	0	0.999952
6710	1	metal5	980	582	0	0	0	0.999952
6711	1	metal5	990	582	0	0	0	0.999952
6712	1	metal5	1000	582	0	0	0	0.999951
6713	1	metal5	1010	582	0	0	0	0.999951
6714	1	metal5	1020	582	0	0	0	0.999951
6715	1	metal5	1030	582	0	0	0	0.999951
6716	1	metal5	1040	582	0	0	0	0.999951
6717	1	metal5	1050	582	0	0	0	0.999951
6718	1	metal5	1060	582	0	0	0	0.999951
6719	1	metal5	1070	582	0	0	0	0.999951
6720	1	metal5	1080	582	0	0	0	0.999951
6721	1	metal5	1090	582	0	0	0	0.999951
6722	1	metal5	10	592	0	0	0	0.999946
6723	1	metal5	20	592	0	0	0	0.999946
6724	1	metal5	30	592	0	0	0	0.999946
6725	1	metal5	40	592	0	0	0	0.999946
6726	1	metal5	50	592	0	0	0	0.999946
6727	1	metal5	60	592	0	0	0	0.999946
6728	1	metal5	70	592	0	0	0	0.999946
6729	1	metal5	80	592	0	0	0	0.999947
6730	1	metal5	90	592	0	0	0	0.999947
6731	1	metal5	100	592	0	0	0	0.999947
6732	1	metal5	110	592	0	0	0	0.999947
6733	1	metal5	120	592	0	0	0	0.999947
6734	1	metal5	130	592	0	0	0	0.999947
6735	1	metal5	140	592	0	0	0	0.999947
6736	1	metal5	150	592	0	0	0	0.999947
6737	1	metal5	160	592	0	0	0	0.999947
6738	1	metal5	170	592	0	0	0	0.999947
6739	1	metal5	180	592	0	0	0	0.999947
6740	1	metal5	190	592	0	0	0	0.999948
6741	1	metal5	200	592	0	0	0	0.999948
6742	1	metal5	210	592	0	0	0	0.999948
6743	1	metal5	220	592	0	0	0	0.999949
6744	1	metal5	230	592	0	0	0	0.999949
6745	1	metal5	240	592	0	0	0	0.999949
6746	1	metal5	250	592	0	0	0	0.99995
6747	1	metal5	260	592	0	0	0	0.999951
6748	1	metal5	270	592	0	0	0	0.999951
6749	1	metal5	280	592	0	0	0	0.999952
6750	1	metal5	290	592	0	0	0	0.999953
6751	1	metal5	300	592	0	0	0	0.999954
6752	1	metal5	310	592	0	0	0	0.999955
6753	1	metal5	320	592	0	0	0	0.999955
6754	1	metal5	330	592	0	0	0	0.999956
6755	1	metal5	340	592	0	0	0	0.999957
6756	1	metal5	350	592	0	0	0	0.999958
6757	1	metal5	360	592	0	0	0	0.999959
6758	1	metal5	370	592	0	0	0	0.99996
6759	1	metal5	380	592	0	0	0	0.999961
6760	1	metal5	390	592	0	0	0	0.999962
6761	1	metal5	400	592	0	0	0	0.999964
6762	1	metal5	410	592	0	0	0	0.999965
6763	1	metal5	420	592	0	0	0	0.999966
6764	1	metal5	430	592	0	0	0	0.999968
6765	1	metal5	440	592	0	0	0	0.999969
6766	1	metal5	450	592	0	0	0	0.99997
6767	1	metal5	460	592	0	0	0	0.999972
6768	1	metal5	470	592	0	0	0	0.999973
6769	1	metal5	480	592	0	0	0	0.999975
6770	1	metal5	490	592	0	0	0	0.999977
6771	1	metal5	500	592	0	0	0	0.999978
6772	1	metal5	510	592	0	0	0	0.99998
6773	1	metal5	520	592	0	0	0	0.999983
6774	1	metal5	530	592	0	0	0	0.999984
6775	1	metal5	540	592	0	0	0	0.999985
6776	1	metal5	550	592	0	0	0	0.999987
6777	1	metal5	560	592	0	0	0	0.999985
6778	1	metal5	570	592	0	0	0	0.999983
6779	1	metal5	580	592	0	0	0	0.999983
6780	1	metal5	590	592	0	0	0	0.999981
6781	1	metal5	600	592	0	0	0	0.99998
6782	1	metal5	610	592	0	0	0	0.999978
6783	1	metal5	620	592	0	0	0	0.999976
6784	1	metal5	630	592	0	0	0	0.999974
6785	1	metal5	640	592	0	0	0	0.999973
6786	1	metal5	650	592	0	0	0	0.999971
6787	1	metal5	660	592	0	0	0	0.99997
6788	1	metal5	670	592	0	0	0	0.999969
6789	1	metal5	680	592	0	0	0	0.999967
6790	1	metal5	690	592	0	0	0	0.999966
6791	1	metal5	700	592	0	0	0	0.999965
6792	1	metal5	710	592	0	0	0	0.999964
6793	1	metal5	720	592	0	0	0	0.999963
6794	1	metal5	730	592	0	0	0	0.999963
6795	1	metal5	740	592	0	0	0	0.999961
6796	1	metal5	750	592	0	0	0	0.999961
6797	1	metal5	760	592	0	0	0	0.99996
6798	1	metal5	770	592	0	0	0	0.999959
6799	1	metal5	780	592	0	0	0	0.999959
6800	1	metal5	790	592	0	0	0	0.999958
6801	1	metal5	800	592	0	0	0	0.999958
6802	1	metal5	810	592	0	0	0	0.999957
6803	1	metal5	820	592	0	0	0	0.999957
6804	1	metal5	830	592	0	0	0	0.999956
6805	1	metal5	840	592	0	0	0	0.999956
6806	1	metal5	850	592	0	0	0	0.999955
6807	1	metal5	860	592	0	0	0	0.999955
6808	1	metal5	870	592	0	0	0	0.999955
6809	1	metal5	880	592	0	0	0	0.999954
6810	1	metal5	890	592	0	0	0	0.999954
6811	1	metal5	900	592	0	0	0	0.999954
6812	1	metal5	910	592	0	0	0	0.999953
6813	1	metal5	920	592	0	0	0	0.999953
6814	1	metal5	930	592	0	0	0	0.999953
6815	1	metal5	940	592	0	0	0	0.999953
6816	1	metal5	950	592	0	0	0	0.999952
6817	1	metal5	960	592	0	0	0	0.999952
6818	1	metal5	970	592	0	0	0	0.999952
6819	1	metal5	980	592	0	0	0	0.999952
6820	1	metal5	990	592	0	0	0	0.999952
6821	1	metal5	1000	592	0	0	0	0.999952
6822	1	metal5	1010	592	0	0	0	0.999951
6823	1	metal5	1020	592	0	0	0	0.999951
6824	1	metal5	1030	592	0	0	0	0.999951
6825	1	metal5	1040	592	0	0	0	0.999951
6826	1	metal5	1050	592	0	0	0	0.999951
6827	1	metal5	1060	592	0	0	0	0.999951
6828	1	metal5	1070	592	0	0	0	0.999951
6829	1	metal5	1080	592	0	0	0	0.999951
6830	1	metal5	1090	592	0	0	0	0.999951
6831	1	metal5	10	602	0	0	0	0.999946
6832	1	metal5	20	602	0	0	0	0.999946
6833	1	metal5	30	602	0	0	0	0.999946
6834	1	metal5	40	602	0	0	0	0.999946
6835	1	metal5	50	602	0	0	0	0.999946
6836	1	metal5	60	602	0	0	0	0.999947
6837	1	metal5	70	602	0	0	0	0.999947
6838	1	metal5	80	602	0	0	0	0.999947
6839	1	metal5	90	602	0	0	0	0.999947
6840	1	metal5	100	602	0	0	0	0.999947
6841	1	metal5	110	602	0	0	0	0.999947
6842	1	metal5	120	602	0	0	0	0.999947
6843	1	metal5	130	602	0	0	0	0.999947
6844	1	metal5	140	602	0	0	0	0.999947
6845	1	metal5	150	602	0	0	0	0.999947
6846	1	metal5	160	602	0	0	0	0.999947
6847	1	metal5	170	602	0	0	0	0.999947
6848	1	metal5	180	602	0	0	0	0.999948
6849	1	metal5	190	602	0	0	0	0.999948
6850	1	metal5	200	602	0	0	0	0.999948
6851	1	metal5	210	602	0	0	0	0.999948
6852	1	metal5	220	602	0	0	0	0.999949
6853	1	metal5	230	602	0	0	0	0.999949
6854	1	metal5	240	602	0	0	0	0.999949
6855	1	metal5	250	602	0	0	0	0.99995
6856	1	metal5	260	602	0	0	0	0.999951
6857	1	metal5	270	602	0	0	0	0.999951
6858	1	metal5	280	602	0	0	0	0.999952
6859	1	metal5	290	602	0	0	0	0.999953
6860	1	metal5	300	602	0	0	0	0.999954
6861	1	metal5	310	602	0	0	0	0.999955
6862	1	metal5	320	602	0	0	0	0.999955
6863	1	metal5	330	602	0	0	0	0.999956
6864	1	metal5	340	602	0	0	0	0.999957
6865	1	metal5	350	602	0	0	0	0.999958
6866	1	metal5	360	602	0	0	0	0.999959
6867	1	metal5	370	602	0	0	0	0.99996
6868	1	metal5	380	602	0	0	0	0.999961
6869	1	metal5	390	602	0	0	0	0.999962
6870	1	metal5	400	602	0	0	0	0.999964
6871	1	metal5	410	602	0	0	0	0.999965
6872	1	metal5	420	602	0	0	0	0.999966
6873	1	metal5	430	602	0	0	0	0.999968
6874	1	metal5	440	602	0	0	0	0.999969
6875	1	metal5	450	602	0	0	0	0.99997
6876	1	metal5	460	602	0	0	0	0.999972
6877	1	metal5	470	602	0	0	0	0.999974
6878	1	metal5	480	602	0	0	0	0.999975
6879	1	metal5	490	602	0	0	0	0.999977
6880	1	metal5	500	602	0	0	0	0.999979
6881	1	metal5	510	602	0	0	0	0.99998
6882	1	metal5	520	602	0	0	0	0.999983
6883	1	metal5	530	602	0	0	0	0.999984
6884	1	metal5	540	602	0	0	0	0.999985
6885	1	metal5	550	602	0	0	0	0.999987
6886	1	metal5	560	602	0	0	0	0.999985
6887	1	metal5	570	602	0	0	0	0.999984
6888	1	metal5	580	602	0	0	0	0.999983
6889	1	metal5	590	602	0	0	0	0.999981
6890	1	metal5	600	602	0	0	0	0.99998
6891	1	metal5	610	602	0	0	0	0.999978
6892	1	metal5	620	602	0	0	0	0.999976
6893	1	metal5	630	602	0	0	0	0.999974
6894	1	metal5	640	602	0	0	0	0.999973
6895	1	metal5	650	602	0	0	0	0.999972
6896	1	metal5	660	602	0	0	0	0.99997
6897	1	metal5	670	602	0	0	0	0.999969
6898	1	metal5	680	602	0	0	0	0.999967
6899	1	metal5	690	602	0	0	0	0.999966
6900	1	metal5	700	602	0	0	0	0.999966
6901	1	metal5	710	602	0	0	0	0.999965
6902	1	metal5	720	602	0	0	0	0.999964
6903	1	metal5	730	602	0	0	0	0.999963
6904	1	metal5	740	602	0	0	0	0.999962
6905	1	metal5	750	602	0	0	0	0.999961
6906	1	metal5	760	602	0	0	0	0.99996
6907	1	metal5	770	602	0	0	0	0.99996
6908	1	metal5	780	602	0	0	0	0.999959
6909	1	metal5	790	602	0	0	0	0.999959
6910	1	metal5	800	602	0	0	0	0.999958
6911	1	metal5	810	602	0	0	0	0.999957
6912	1	metal5	820	602	0	0	0	0.999957
6913	1	metal5	830	602	0	0	0	0.999957
6914	1	metal5	840	602	0	0	0	0.999956
6915	1	metal5	850	602	0	0	0	0.999956
6916	1	metal5	860	602	0	0	0	0.999955
6917	1	metal5	870	602	0	0	0	0.999955
6918	1	metal5	880	602	0	0	0	0.999955
6919	1	metal5	890	602	0	0	0	0.999954
6920	1	metal5	900	602	0	0	0	0.999954
6921	1	metal5	910	602	0	0	0	0.999954
6922	1	metal5	920	602	0	0	0	0.999953
6923	1	metal5	930	602	0	0	0	0.999953
6924	1	metal5	940	602	0	0	0	0.999953
6925	1	metal5	950	602	0	0	0	0.999953
6926	1	metal5	960	602	0	0	0	0.999952
6927	1	metal5	970	602	0	0	0	0.999952
6928	1	metal5	980	602	0	0	0	0.999952
6929	1	metal5	990	602	0	0	0	0.999952
6930	1	metal5	1000	602	0	0	0	0.999952
6931	1	metal5	1010	602	0	0	0	0.999952
6932	1	metal5	1020	602	0	0	0	0.999951
6933	1	metal5	1030	602	0	0	0	0.999951
6934	1	metal5	1040	602	0	0	0	0.999951
6935	1	metal5	1050	602	0	0	0	0.999951
6936	1	metal5	1060	602	0	0	0	0.999951
6937	1	metal5	1070	602	0	0	0	0.999951
6938	1	metal5	1080	602	0	0	0	0.999951
6939	1	metal5	1090	602	0	0	0	0.999951
6940	1	metal5	10	612	0	0	0	0.999946
6941	1	metal5	20	612	0	0	0	0.999946
6942	1	metal5	30	612	0	0	0	0.999947
6943	1	metal5	40	612	0	0	0	0.999947
6944	1	metal5	50	612	0	0	0	0.999947
6945	1	metal5	60	612	0	0	0	0.999947
6946	1	metal5	70	612	0	0	0	0.999947
6947	1	metal5	80	612	0	0	0	0.999947
6948	1	metal5	90	612	0	0	0	0.999947
6949	1	metal5	100	612	0	0	0	0.999947
6950	1	metal5	110	612	0	0	0	0.999947
6951	1	metal5	120	612	0	0	0	0.999947
6952	1	metal5	130	612	0	0	0	0.999947
6953	1	metal5	140	612	0	0	0	0.999947
6954	1	metal5	150	612	0	0	0	0.999947
6955	1	metal5	160	612	0	0	0	0.999947
6956	1	metal5	170	612	0	0	0	0.999947
6957	1	metal5	180	612	0	0	0	0.999947
6958	1	metal5	190	612	0	0	0	0.999948
6959	1	metal5	200	612	0	0	0	0.999948
6960	1	metal5	210	612	0	0	0	0.999948
6961	1	metal5	220	612	0	0	0	0.999948
6962	1	metal5	230	612	0	0	0	0.999948
6963	1	metal5	240	612	0	0	0	0.999949
6964	1	metal5	250	612	0	0	0	0.99995
6965	1	metal5	260	612	0	0	0	0.999951
6966	1	metal5	270	612	0	0	0	0.999951
6967	1	metal5	280	612	0	0	0	0.999952
6968	1	metal5	290	612	0	0	0	0.999953
6969	1	metal5	300	612	0	0	0	0.999954
6970	1	metal5	310	612	0	0	0	0.999955
6971	1	metal5	320	612	0	0	0	0.999955
6972	1	metal5	330	612	0	0	0	0.999956
6973	1	metal5	340	612	0	0	0	0.999957
6974	1	metal5	350	612	0	0	0	0.999958
6975	1	metal5	360	612	0	0	0	0.999959
6976	1	metal5	370	612	0	0	0	0.99996
6977	1	metal5	380	612	0	0	0	0.999961
6978	1	metal5	390	612	0	0	0	0.999962
6979	1	metal5	400	612	0	0	0	0.999964
6980	1	metal5	410	612	0	0	0	0.999965
6981	1	metal5	420	612	0	0	0	0.999966
6982	1	metal5	430	612	0	0	0	0.999968
6983	1	metal5	440	612	0	0	0	0.999969
6984	1	metal5	450	612	0	0	0	0.99997
6985	1	metal5	460	612	0	0	0	0.999972
6986	1	metal5	470	612	0	0	0	0.999974
6987	1	metal5	480	612	0	0	0	0.999975
6988	1	metal5	490	612	0	0	0	0.999978
6989	1	metal5	500	612	0	0	0	0.999979
6990	1	metal5	510	612	0	0	0	0.99998
6991	1	metal5	520	612	0	0	0	0.999984
6992	1	metal5	530	612	0	0	0	0.999985
6993	1	metal5	540	612	0	0	0	0.999986
6994	1	metal5	550	612	0	0	0	0.999989
6995	1	metal5	560	612	0	0	0	0.999986
6996	1	metal5	570	612	0	0	0	0.999984
6997	1	metal5	580	612	0	0	0	0.999984
6998	1	metal5	590	612	0	0	0	0.999982
6999	1	metal5	600	612	0	0	0	0.99998
7000	1	metal5	610	612	0	0	0	0.999979
7001	1	metal5	620	612	0	0	0	0.999976
7002	1	metal5	630	612	0	0	0	0.999974
7003	1	metal5	640	612	0	0	0	0.999974
7004	1	metal5	650	612	0	0	0	0.999972
7005	1	metal5	660	612	0	0	0	0.99997
7006	1	metal5	670	612	0	0	0	0.999969
7007	1	metal5	680	612	0	0	0	0.999967
7008	1	metal5	690	612	0	0	0	0.999966
7009	1	metal5	700	612	0	0	0	0.999966
7010	1	metal5	710	612	0	0	0	0.999965
7011	1	metal5	720	612	0	0	0	0.999964
7012	1	metal5	730	612	0	0	0	0.999963
7013	1	metal5	740	612	0	0	0	0.999962
7014	1	metal5	750	612	0	0	0	0.999961
7015	1	metal5	760	612	0	0	0	0.999961
7016	1	metal5	770	612	0	0	0	0.99996
7017	1	metal5	780	612	0	0	0	0.999959
7018	1	metal5	790	612	0	0	0	0.999959
7019	1	metal5	800	612	0	0	0	0.999958
7020	1	metal5	810	612	0	0	0	0.999958
7021	1	metal5	820	612	0	0	0	0.999957
7022	1	metal5	830	612	0	0	0	0.999957
7023	1	metal5	840	612	0	0	0	0.999956
7024	1	metal5	850	612	0	0	0	0.999956
7025	1	metal5	860	612	0	0	0	0.999955
7026	1	metal5	870	612	0	0	0	0.999955
7027	1	metal5	880	612	0	0	0	0.999955
7028	1	metal5	890	612	0	0	0	0.999954
7029	1	metal5	900	612	0	0	0	0.999954
7030	1	metal5	910	612	0	0	0	0.999954
7031	1	metal5	920	612	0	0	0	0.999953
7032	1	metal5	930	612	0	0	0	0.999953
7033	1	metal5	940	612	0	0	0	0.999953
7034	1	metal5	950	612	0	0	0	0.999953
7035	1	metal5	960	612	0	0	0	0.999952
7036	1	metal5	970	612	0	0	0	0.999952
7037	1	metal5	980	612	0	0	0	0.999952
7038	1	metal5	990	612	0	0	0	0.999952
7039	1	metal5	1000	612	0	0	0	0.999952
7040	1	metal5	1010	612	0	0	0	0.999952
7041	1	metal5	1020	612	0	0	0	0.999952
7042	1	metal5	1030	612	0	0	0	0.999952
7043	1	metal5	1040	612	0	0	0	0.999951
7044	1	metal5	1050	612	0	0	0	0.999951
7045	1	metal5	1060	612	0	0	0	0.999951
7046	1	metal5	1070	612	0	0	0	0.999951
7047	1	metal5	1080	612	0	0	0	0.999951
7048	1	metal5	1090	612	0	0	0	0.999951
7049	1	metal5	10	622	0	0	0	0.999946
7050	1	metal5	20	622	0	0	0	0.999946
7051	1	metal5	30	622	0	0	0	0.999947
7052	1	metal5	40	622	0	0	0	0.999947
7053	1	metal5	50	622	0	0	0	0.999947
7054	1	metal5	60	622	0	0	0	0.999947
7055	1	metal5	70	622	0	0	0	0.999947
7056	1	metal5	80	622	0	0	0	0.999947
7057	1	metal5	90	622	0	0	0	0.999947
7058	1	metal5	100	622	0	0	0	0.999947
7059	1	metal5	110	622	0	0	0	0.999947
7060	1	metal5	120	622	0	0	0	0.999947
7061	1	metal5	130	622	0	0	0	0.999947
7062	1	metal5	140	622	0	0	0	0.999947
7063	1	metal5	150	622	0	0	0	0.999947
7064	1	metal5	160	622	0	0	0	0.999947
7065	1	metal5	170	622	0	0	0	0.999947
7066	1	metal5	180	622	0	0	0	0.999947
7067	1	metal5	190	622	0	0	0	0.999947
7068	1	metal5	200	622	0	0	0	0.999948
7069	1	metal5	210	622	0	0	0	0.999948
7070	1	metal5	220	622	0	0	0	0.999948
7071	1	metal5	230	622	0	0	0	0.999947
7072	1	metal5	240	622	0	0	0	0.999948
7073	1	metal5	250	622	0	0	0	0.999949
7074	1	metal5	260	622	0	0	0	0.99995
7075	1	metal5	270	622	0	0	0	0.999951
7076	1	metal5	280	622	0	0	0	0.999952
7077	1	metal5	290	622	0	0	0	0.999952
7078	1	metal5	300	622	0	0	0	0.999953
7079	1	metal5	310	622	0	0	0	0.999954
7080	1	metal5	320	622	0	0	0	0.999955
7081	1	metal5	330	622	0	0	0	0.999956
7082	1	metal5	340	622	0	0	0	0.999957
7083	1	metal5	350	622	0	0	0	0.999957
7084	1	metal5	360	622	0	0	0	0.999959
7085	1	metal5	370	622	0	0	0	0.99996
7086	1	metal5	380	622	0	0	0	0.999961
7087	1	metal5	390	622	0	0	0	0.999962
7088	1	metal5	400	622	0	0	0	0.999963
7089	1	metal5	410	622	0	0	0	0.999964
7090	1	metal5	420	622	0	0	0	0.999966
7091	1	metal5	430	622	0	0	0	0.999967
7092	1	metal5	440	622	0	0	0	0.999968
7093	1	metal5	450	622	0	0	0	0.99997
7094	1	metal5	460	622	0	0	0	0.999971
7095	1	metal5	470	622	0	0	0	0.999973
7096	1	metal5	480	622	0	0	0	0.999974
7097	1	metal5	490	622	0	0	0	0.999976
7098	1	metal5	500	622	0	0	0	0.999977
7099	1	metal5	510	622	0	0	0	0.999979
7100	1	metal5	520	622	0	0	0	0.999982
7101	1	metal5	530	622	0	0	0	0.999983
7102	1	metal5	540	622	0	0	0	0.999985
7103	1	metal5	550	622	0	0	0	0.999986
7104	1	metal5	560	622	0	0	0	0.999984
7105	1	metal5	570	622	0	0	0	0.999982
7106	1	metal5	580	622	0	0	0	0.999982
7107	1	metal5	590	622	0	0	0	0.999981
7108	1	metal5	600	622	0	0	0	0.999979
7109	1	metal5	610	622	0	0	0	0.999978
7110	1	metal5	620	622	0	0	0	0.999975
7111	1	metal5	630	622	0	0	0	0.999973
7112	1	metal5	640	622	0	0	0	0.999972
7113	1	metal5	650	622	0	0	0	0.999971
7114	1	metal5	660	622	0	0	0	0.99997
7115	1	metal5	670	622	0	0	0	0.999968
7116	1	metal5	680	622	0	0	0	0.999967
7117	1	metal5	690	622	0	0	0	0.999966
7118	1	metal5	700	622	0	0	0	0.999965
7119	1	metal5	710	622	0	0	0	0.999964
7120	1	metal5	720	622	0	0	0	0.999963
7121	1	metal5	730	622	0	0	0	0.999963
7122	1	metal5	740	622	0	0	0	0.999961
7123	1	metal5	750	622	0	0	0	0.999961
7124	1	metal5	760	622	0	0	0	0.99996
7125	1	metal5	770	622	0	0	0	0.99996
7126	1	metal5	780	622	0	0	0	0.999959
7127	1	metal5	790	622	0	0	0	0.999958
7128	1	metal5	800	622	0	0	0	0.999958
7129	1	metal5	810	622	0	0	0	0.999958
7130	1	metal5	820	622	0	0	0	0.999957
7131	1	metal5	830	622	0	0	0	0.999957
7132	1	metal5	840	622	0	0	0	0.999956
7133	1	metal5	850	622	0	0	0	0.999956
7134	1	metal5	860	622	0	0	0	0.999955
7135	1	metal5	870	622	0	0	0	0.999955
7136	1	metal5	880	622	0	0	0	0.999955
7137	1	metal5	890	622	0	0	0	0.999954
7138	1	metal5	900	622	0	0	0	0.999954
7139	1	metal5	910	622	0	0	0	0.999954
7140	1	metal5	920	622	0	0	0	0.999953
7141	1	metal5	930	622	0	0	0	0.999953
7142	1	metal5	940	622	0	0	0	0.999953
7143	1	metal5	950	622	0	0	0	0.999953
7144	1	metal5	960	622	0	0	0	0.999952
7145	1	metal5	970	622	0	0	0	0.999952
7146	1	metal5	980	622	0	0	0	0.999952
7147	1	metal5	990	622	0	0	0	0.999952
7148	1	metal5	1000	622	0	0	0	0.999952
7149	1	metal5	1010	622	0	0	0	0.999952
7150	1	metal5	1020	622	0	0	0	0.999952
7151	1	metal5	1030	622	0	0	0	0.999952
7152	1	metal5	1040	622	0	0	0	0.999952
7153	1	metal5	1050	622	0	0	0	0.999951
7154	1	metal5	1060	622	0	0	0	0.999951
7155	1	metal5	1070	622	0	0	0	0.999951
7156	1	metal5	1080	622	0	0	0	0.999951
7157	1	metal5	1090	622	0	0	0	0.999951
7158	1	metal5	10	632	0	0	0	0.999945
7159	1	metal5	20	632	0	0	0	0.999946
7160	1	metal5	30	632	0	0	0	0.999947
7161	1	metal5	40	632	0	0	0	0.999947
7162	1	metal5	50	632	0	0	0	0.999947
7163	1	metal5	60	632	0	0	0	0.999947
7164	1	metal5	70	632	0	0	0	0.999946
7165	1	metal5	80	632	0	0	0	0.999947
7166	1	metal5	90	632	0	0	0	0.999947
7167	1	metal5	100	632	0	0	0	0.999947
7168	1	metal5	110	632	0	0	0	0.999947
7169	1	metal5	120	632	0	0	0	0.999946
7170	1	metal5	130	632	0	0	0	0.999947
7171	1	metal5	140	632	0	0	0	0.999947
7172	1	metal5	150	632	0	0	0	0.999947
7173	1	metal5	160	632	0	0	0	0.999947
7174	1	metal5	170	632	0	0	0	0.999946
7175	1	metal5	180	632	0	0	0	0.999945
7176	1	metal5	190	632	0	0	0	0.999946
7177	1	metal5	200	632	0	0	0	0.999947
7178	1	metal5	210	632	0	0	0	0.999947
7179	1	metal5	220	632	0	0	0	0.999945
7180	1	metal5	230	632	0	0	0	0.999941
7181	1	metal5	240	632	0	0	0	0.999946
7182	1	metal5	250	632	0	0	0	0.999949
7183	1	metal5	260	632	0	0	0	0.99995
7184	1	metal5	270	632	0	0	0	0.99995
7185	1	metal5	280	632	0	0	0	0.99995
7186	1	metal5	290	632	0	0	0	0.999949
7187	1	metal5	300	632	0	0	0	0.999952
7188	1	metal5	310	632	0	0	0	0.999954
7189	1	metal5	320	632	0	0	0	0.999955
7190	1	metal5	330	632	0	0	0	0.999955
7191	1	metal5	340	632	0	0	0	0.999956
7192	1	metal5	350	632	0	0	0	0.999954
7193	1	metal5	360	632	0	0	0	0.999957
7194	1	metal5	370	632	0	0	0	0.999959
7195	1	metal5	380	632	0	0	0	0.99996
7196	1	metal5	390	632	0	0	0	0.99996
7197	1	metal5	400	632	0	0	0	0.999959
7198	1	metal5	410	632	0	0	0	0.999963
7199	1	metal5	420	632	0	0	0	0.999965
7200	1	metal5	430	632	0	0	0	0.999967
7201	1	metal5	440	632	0	0	0	0.999967
7202	1	metal5	450	632	0	0	0	0.999967
7203	1	metal5	460	632	0	0	0	0.999965
7204	1	metal5	470	632	0	0	0	0.99997
7205	1	metal5	480	632	0	0	0	0.999973
7206	1	metal5	490	632	0	0	0	0.999975
7207	1	metal5	500	632	0	0	0	0.999974
7208	1	metal5	510	632	0	0	0	0.99997
7209	1	metal5	520	632	0	0	0	0.999978
7210	1	metal5	530	632	0	0	0	0.999982
7211	1	metal5	540	632	0	0	0	0.999983
7212	1	metal5	550	632	0	0	0	0.999984
7213	1	metal5	560	632	0	0	0	0.99998
7214	1	metal5	570	632	0	0	0	0.999972
7215	1	metal5	580	632	0	0	0	0.999978
7216	1	metal5	590	632	0	0	0	0.999979
7217	1	metal5	600	632	0	0	0	0.999978
7218	1	metal5	610	632	0	0	0	0.999976
7219	1	metal5	620	632	0	0	0	0.999973
7220	1	metal5	630	632	0	0	0	0.999966
7221	1	metal5	640	632	0	0	0	0.99997
7222	1	metal5	650	632	0	0	0	0.99997
7223	1	metal5	660	632	0	0	0	0.999968
7224	1	metal5	670	632	0	0	0	0.999966
7225	1	metal5	680	632	0	0	0	0.999962
7226	1	metal5	690	632	0	0	0	0.999964
7227	1	metal5	700	632	0	0	0	0.999965
7228	1	metal5	710	632	0	0	0	0.999964
7229	1	metal5	720	632	0	0	0	0.999963
7230	1	metal5	730	632	0	0	0	0.999961
7231	1	metal5	740	632	0	0	0	0.999958
7232	1	metal5	750	632	0	0	0	0.99996
7233	1	metal5	760	632	0	0	0	0.99996
7234	1	metal5	770	632	0	0	0	0.999959
7235	1	metal5	780	632	0	0	0	0.999958
7236	1	metal5	790	632	0	0	0	0.999956
7237	1	metal5	800	632	0	0	0	0.999957
7238	1	metal5	810	632	0	0	0	0.999957
7239	1	metal5	820	632	0	0	0	0.999957
7240	1	metal5	830	632	0	0	0	0.999957
7241	1	metal5	840	632	0	0	0	0.999956
7242	1	metal5	850	632	0	0	0	0.999954
7243	1	metal5	860	632	0	0	0	0.999955
7244	1	metal5	870	632	0	0	0	0.999955
7245	1	metal5	880	632	0	0	0	0.999955
7246	1	metal5	890	632	0	0	0	0.999954
7247	1	metal5	900	632	0	0	0	0.999954
7248	1	metal5	910	632	0	0	0	0.999953
7249	1	metal5	920	632	0	0	0	0.999953
7250	1	metal5	930	632	0	0	0	0.999953
7251	1	metal5	940	632	0	0	0	0.999953
7252	1	metal5	950	632	0	0	0	0.999952
7253	1	metal5	960	632	0	0	0	0.999952
7254	1	metal5	970	632	0	0	0	0.999952
7255	1	metal5	980	632	0	0	0	0.999952
7256	1	metal5	990	632	0	0	0	0.999952
7257	1	metal5	1000	632	0	0	0	0.999952
7258	1	metal5	1010	632	0	0	0	0.999952
7259	1	metal5	1020	632	0	0	0	0.999951
7260	1	metal5	1030	632	0	0	0	0.999951
7261	1	metal5	1040	632	0	0	0	0.999951
7262	1	metal5	1050	632	0	0	0	0.999951
7263	1	metal5	1060	632	0	0	0	0.999951
7264	1	metal5	1070	632	0	0	0	0.999951
7265	1	metal5	1080	632	0	0	0	0.999951
7266	1	metal5	1090	632	0	0	0	0.999951
7267	1	metal5	10	642	0	0	0	0.999947
7268	1	metal5	20	642	0	0	0	0.999947
7269	1	metal5	30	642	0	0	0	0.999947
7270	1	metal5	40	642	0	0	0	0.999947
7271	1	metal5	50	642	0	0	0	0.999947
7272	1	metal5	60	642	0	0	0	0.999947
7273	1	metal5	70	642	0	0	0	0.999947
7274	1	metal5	80	642	0	0	0	0.999947
7275	1	metal5	90	642	0	0	0	0.999947
7276	1	metal5	100	642	0	0	0	0.999947
7277	1	metal5	110	642	0	0	0	0.999947
7278	1	metal5	120	642	0	0	0	0.999947
7279	1	metal5	130	642	0	0	0	0.999948
7280	1	metal5	140	642	0	0	0	0.999948
7281	1	metal5	150	642	0	0	0	0.999948
7282	1	metal5	160	642	0	0	0	0.999948
7283	1	metal5	170	642	0	0	0	0.999948
7284	1	metal5	180	642	0	0	0	0.999948
7285	1	metal5	190	642	0	0	0	0.999948
7286	1	metal5	200	642	0	0	0	0.999948
7287	1	metal5	210	642	0	0	0	0.999948
7288	1	metal5	220	642	0	0	0	0.999948
7289	1	metal5	230	642	0	0	0	0.999948
7290	1	metal5	240	642	0	0	0	0.999949
7291	1	metal5	250	642	0	0	0	0.99995
7292	1	metal5	260	642	0	0	0	0.999951
7293	1	metal5	270	642	0	0	0	0.999951
7294	1	metal5	280	642	0	0	0	0.999952
7295	1	metal5	290	642	0	0	0	0.999952
7296	1	metal5	300	642	0	0	0	0.999953
7297	1	metal5	310	642	0	0	0	0.999955
7298	1	metal5	320	642	0	0	0	0.999955
7299	1	metal5	330	642	0	0	0	0.999956
7300	1	metal5	340	642	0	0	0	0.999957
7301	1	metal5	350	642	0	0	0	0.999958
7302	1	metal5	360	642	0	0	0	0.999959
7303	1	metal5	370	642	0	0	0	0.99996
7304	1	metal5	380	642	0	0	0	0.999961
7305	1	metal5	390	642	0	0	0	0.999962
7306	1	metal5	400	642	0	0	0	0.999963
7307	1	metal5	410	642	0	0	0	0.999965
7308	1	metal5	420	642	0	0	0	0.999966
7309	1	metal5	430	642	0	0	0	0.999968
7310	1	metal5	440	642	0	0	0	0.999969
7311	1	metal5	450	642	0	0	0	0.99997
7312	1	metal5	460	642	0	0	0	0.999972
7313	1	metal5	470	642	0	0	0	0.999973
7314	1	metal5	480	642	0	0	0	0.999975
7315	1	metal5	490	642	0	0	0	0.999977
7316	1	metal5	500	642	0	0	0	0.999978
7317	1	metal5	510	642	0	0	0	0.999979
7318	1	metal5	520	642	0	0	0	0.999983
7319	1	metal5	530	642	0	0	0	0.999984
7320	1	metal5	540	642	0	0	0	0.999985
7321	1	metal5	550	642	0	0	0	0.999988
7322	1	metal5	560	642	0	0	0	0.999985
7323	1	metal5	570	642	0	0	0	0.999983
7324	1	metal5	580	642	0	0	0	0.999983
7325	1	metal5	590	642	0	0	0	0.999981
7326	1	metal5	600	642	0	0	0	0.999979
7327	1	metal5	610	642	0	0	0	0.999978
7328	1	metal5	620	642	0	0	0	0.999976
7329	1	metal5	630	642	0	0	0	0.999973
7330	1	metal5	640	642	0	0	0	0.999973
7331	1	metal5	650	642	0	0	0	0.999971
7332	1	metal5	660	642	0	0	0	0.99997
7333	1	metal5	670	642	0	0	0	0.999969
7334	1	metal5	680	642	0	0	0	0.999967
7335	1	metal5	690	642	0	0	0	0.999966
7336	1	metal5	700	642	0	0	0	0.999966
7337	1	metal5	710	642	0	0	0	0.999965
7338	1	metal5	720	642	0	0	0	0.999964
7339	1	metal5	730	642	0	0	0	0.999963
7340	1	metal5	740	642	0	0	0	0.999962
7341	1	metal5	750	642	0	0	0	0.999961
7342	1	metal5	760	642	0	0	0	0.999961
7343	1	metal5	770	642	0	0	0	0.99996
7344	1	metal5	780	642	0	0	0	0.999959
7345	1	metal5	790	642	0	0	0	0.999959
7346	1	metal5	800	642	0	0	0	0.999958
7347	1	metal5	810	642	0	0	0	0.999958
7348	1	metal5	820	642	0	0	0	0.999958
7349	1	metal5	830	642	0	0	0	0.999957
7350	1	metal5	840	642	0	0	0	0.999956
7351	1	metal5	850	642	0	0	0	0.999956
7352	1	metal5	860	642	0	0	0	0.999956
7353	1	metal5	870	642	0	0	0	0.999955
7354	1	metal5	880	642	0	0	0	0.999955
7355	1	metal5	890	642	0	0	0	0.999955
7356	1	metal5	900	642	0	0	0	0.999954
7357	1	metal5	910	642	0	0	0	0.999954
7358	1	metal5	920	642	0	0	0	0.999954
7359	1	metal5	930	642	0	0	0	0.999953
7360	1	metal5	940	642	0	0	0	0.999953
7361	1	metal5	950	642	0	0	0	0.999953
7362	1	metal5	960	642	0	0	0	0.999953
7363	1	metal5	970	642	0	0	0	0.999953
7364	1	metal5	980	642	0	0	0	0.999953
7365	1	metal5	990	642	0	0	0	0.999952
7366	1	metal5	1000	642	0	0	0	0.999952
7367	1	metal5	1010	642	0	0	0	0.999952
7368	1	metal5	1020	642	0	0	0	0.999952
7369	1	metal5	1030	642	0	0	0	0.999952
7370	1	metal5	1040	642	0	0	0	0.999952
7371	1	metal5	1050	642	0	0	0	0.999952
7372	1	metal5	1060	642	0	0	0	0.999952
7373	1	metal5	1070	642	0	0	0	0.999952
7374	1	metal5	1080	642	0	0	0	0.999952
7375	1	metal5	1090	642	0	0	0	0.999952
7376	1	metal5	10	652	0	0	0	0.999947
7377	1	metal5	20	652	0	0	0	0.999947
7378	1	metal5	30	652	0	0	0	0.999947
7379	1	metal5	40	652	0	0	0	0.999947
7380	1	metal5	50	652	0	0	0	0.999947
7381	1	metal5	60	652	0	0	0	0.999947
7382	1	metal5	70	652	0	0	0	0.999947
7383	1	metal5	80	652	0	0	0	0.999948
7384	1	metal5	90	652	0	0	0	0.999948
7385	1	metal5	100	652	0	0	0	0.999948
7386	1	metal5	110	652	0	0	0	0.999948
7387	1	metal5	120	652	0	0	0	0.999948
7388	1	metal5	130	652	0	0	0	0.999948
7389	1	metal5	140	652	0	0	0	0.999948
7390	1	metal5	150	652	0	0	0	0.999948
7391	1	metal5	160	652	0	0	0	0.999948
7392	1	metal5	170	652	0	0	0	0.999948
7393	1	metal5	180	652	0	0	0	0.999948
7394	1	metal5	190	652	0	0	0	0.999948
7395	1	metal5	200	652	0	0	0	0.999948
7396	1	metal5	210	652	0	0	0	0.999949
7397	1	metal5	220	652	0	0	0	0.999949
7398	1	metal5	230	652	0	0	0	0.999949
7399	1	metal5	240	652	0	0	0	0.99995
7400	1	metal5	250	652	0	0	0	0.99995
7401	1	metal5	260	652	0	0	0	0.999951
7402	1	metal5	270	652	0	0	0	0.999952
7403	1	metal5	280	652	0	0	0	0.999952
7404	1	metal5	290	652	0	0	0	0.999953
7405	1	metal5	300	652	0	0	0	0.999954
7406	1	metal5	310	652	0	0	0	0.999955
7407	1	metal5	320	652	0	0	0	0.999956
7408	1	metal5	330	652	0	0	0	0.999956
7409	1	metal5	340	652	0	0	0	0.999957
7410	1	metal5	350	652	0	0	0	0.999958
7411	1	metal5	360	652	0	0	0	0.999959
7412	1	metal5	370	652	0	0	0	0.99996
7413	1	metal5	380	652	0	0	0	0.999961
7414	1	metal5	390	652	0	0	0	0.999962
7415	1	metal5	400	652	0	0	0	0.999964
7416	1	metal5	410	652	0	0	0	0.999965
7417	1	metal5	420	652	0	0	0	0.999966
7418	1	metal5	430	652	0	0	0	0.999968
7419	1	metal5	440	652	0	0	0	0.999969
7420	1	metal5	450	652	0	0	0	0.99997
7421	1	metal5	460	652	0	0	0	0.999972
7422	1	metal5	470	652	0	0	0	0.999973
7423	1	metal5	480	652	0	0	0	0.999975
7424	1	metal5	490	652	0	0	0	0.999977
7425	1	metal5	500	652	0	0	0	0.999978
7426	1	metal5	510	652	0	0	0	0.99998
7427	1	metal5	520	652	0	0	0	0.999982
7428	1	metal5	530	652	0	0	0	0.999984
7429	1	metal5	540	652	0	0	0	0.999985
7430	1	metal5	550	652	0	0	0	0.999986
7431	1	metal5	560	652	0	0	0	0.999984
7432	1	metal5	570	652	0	0	0	0.999983
7433	1	metal5	580	652	0	0	0	0.999983
7434	1	metal5	590	652	0	0	0	0.999981
7435	1	metal5	600	652	0	0	0	0.999979
7436	1	metal5	610	652	0	0	0	0.999978
7437	1	metal5	620	652	0	0	0	0.999976
7438	1	metal5	630	652	0	0	0	0.999974
7439	1	metal5	640	652	0	0	0	0.999973
7440	1	metal5	650	652	0	0	0	0.999971
7441	1	metal5	660	652	0	0	0	0.99997
7442	1	metal5	670	652	0	0	0	0.999969
7443	1	metal5	680	652	0	0	0	0.999967
7444	1	metal5	690	652	0	0	0	0.999966
7445	1	metal5	700	652	0	0	0	0.999966
7446	1	metal5	710	652	0	0	0	0.999965
7447	1	metal5	720	652	0	0	0	0.999964
7448	1	metal5	730	652	0	0	0	0.999963
7449	1	metal5	740	652	0	0	0	0.999962
7450	1	metal5	750	652	0	0	0	0.999961
7451	1	metal5	760	652	0	0	0	0.999961
7452	1	metal5	770	652	0	0	0	0.99996
7453	1	metal5	780	652	0	0	0	0.999959
7454	1	metal5	790	652	0	0	0	0.999959
7455	1	metal5	800	652	0	0	0	0.999958
7456	1	metal5	810	652	0	0	0	0.999958
7457	1	metal5	820	652	0	0	0	0.999958
7458	1	metal5	830	652	0	0	0	0.999957
7459	1	metal5	840	652	0	0	0	0.999957
7460	1	metal5	850	652	0	0	0	0.999956
7461	1	metal5	860	652	0	0	0	0.999956
7462	1	metal5	870	652	0	0	0	0.999956
7463	1	metal5	880	652	0	0	0	0.999955
7464	1	metal5	890	652	0	0	0	0.999955
7465	1	metal5	900	652	0	0	0	0.999955
7466	1	metal5	910	652	0	0	0	0.999954
7467	1	metal5	920	652	0	0	0	0.999954
7468	1	metal5	930	652	0	0	0	0.999954
7469	1	metal5	940	652	0	0	0	0.999953
7470	1	metal5	950	652	0	0	0	0.999953
7471	1	metal5	960	652	0	0	0	0.999953
7472	1	metal5	970	652	0	0	0	0.999953
7473	1	metal5	980	652	0	0	0	0.999953
7474	1	metal5	990	652	0	0	0	0.999953
7475	1	metal5	1000	652	0	0	0	0.999952
7476	1	metal5	1010	652	0	0	0	0.999952
7477	1	metal5	1020	652	0	0	0	0.999952
7478	1	metal5	1030	652	0	0	0	0.999952
7479	1	metal5	1040	652	0	0	0	0.999952
7480	1	metal5	1050	652	0	0	0	0.999952
7481	1	metal5	1060	652	0	0	0	0.999952
7482	1	metal5	1070	652	0	0	0	0.999952
7483	1	metal5	1080	652	0	0	0	0.999952
7484	1	metal5	1090	652	0	0	0	0.999952
7485	1	metal5	10	662	0	0	0	0.999948
7486	1	metal5	20	662	0	0	0	0.999948
7487	1	metal5	30	662	0	0	0	0.999948
7488	1	metal5	40	662	0	0	0	0.999948
7489	1	metal5	50	662	0	0	0	0.999948
7490	1	metal5	60	662	0	0	0	0.999948
7491	1	metal5	70	662	0	0	0	0.999948
7492	1	metal5	80	662	0	0	0	0.999948
7493	1	metal5	90	662	0	0	0	0.999948
7494	1	metal5	100	662	0	0	0	0.999948
7495	1	metal5	110	662	0	0	0	0.999948
7496	1	metal5	120	662	0	0	0	0.999948
7497	1	metal5	130	662	0	0	0	0.999948
7498	1	metal5	140	662	0	0	0	0.999948
7499	1	metal5	150	662	0	0	0	0.999948
7500	1	metal5	160	662	0	0	0	0.999948
7501	1	metal5	170	662	0	0	0	0.999948
7502	1	metal5	180	662	0	0	0	0.999949
7503	1	metal5	190	662	0	0	0	0.999949
7504	1	metal5	200	662	0	0	0	0.999949
7505	1	metal5	210	662	0	0	0	0.999949
7506	1	metal5	220	662	0	0	0	0.999949
7507	1	metal5	230	662	0	0	0	0.999949
7508	1	metal5	240	662	0	0	0	0.99995
7509	1	metal5	250	662	0	0	0	0.999951
7510	1	metal5	260	662	0	0	0	0.999952
7511	1	metal5	270	662	0	0	0	0.999952
7512	1	metal5	280	662	0	0	0	0.999953
7513	1	metal5	290	662	0	0	0	0.999953
7514	1	metal5	300	662	0	0	0	0.999954
7515	1	metal5	310	662	0	0	0	0.999955
7516	1	metal5	320	662	0	0	0	0.999956
7517	1	metal5	330	662	0	0	0	0.999957
7518	1	metal5	340	662	0	0	0	0.999958
7519	1	metal5	350	662	0	0	0	0.999958
7520	1	metal5	360	662	0	0	0	0.999959
7521	1	metal5	370	662	0	0	0	0.99996
7522	1	metal5	380	662	0	0	0	0.999961
7523	1	metal5	390	662	0	0	0	0.999962
7524	1	metal5	400	662	0	0	0	0.999964
7525	1	metal5	410	662	0	0	0	0.999965
7526	1	metal5	420	662	0	0	0	0.999966
7527	1	metal5	430	662	0	0	0	0.999968
7528	1	metal5	440	662	0	0	0	0.999969
7529	1	metal5	450	662	0	0	0	0.99997
7530	1	metal5	460	662	0	0	0	0.999972
7531	1	metal5	470	662	0	0	0	0.999973
7532	1	metal5	480	662	0	0	0	0.999975
7533	1	metal5	490	662	0	0	0	0.999977
7534	1	metal5	500	662	0	0	0	0.999978
7535	1	metal5	510	662	0	0	0	0.99998
7536	1	metal5	520	662	0	0	0	0.999982
7537	1	metal5	530	662	0	0	0	0.999984
7538	1	metal5	540	662	0	0	0	0.999985
7539	1	metal5	550	662	0	0	0	0.999986
7540	1	metal5	560	662	0	0	0	0.999984
7541	1	metal5	570	662	0	0	0	0.999983
7542	1	metal5	580	662	0	0	0	0.999983
7543	1	metal5	590	662	0	0	0	0.999981
7544	1	metal5	600	662	0	0	0	0.99998
7545	1	metal5	610	662	0	0	0	0.999978
7546	1	metal5	620	662	0	0	0	0.999976
7547	1	metal5	630	662	0	0	0	0.999974
7548	1	metal5	640	662	0	0	0	0.999973
7549	1	metal5	650	662	0	0	0	0.999971
7550	1	metal5	660	662	0	0	0	0.99997
7551	1	metal5	670	662	0	0	0	0.999969
7552	1	metal5	680	662	0	0	0	0.999967
7553	1	metal5	690	662	0	0	0	0.999966
7554	1	metal5	700	662	0	0	0	0.999966
7555	1	metal5	710	662	0	0	0	0.999965
7556	1	metal5	720	662	0	0	0	0.999964
7557	1	metal5	730	662	0	0	0	0.999963
7558	1	metal5	740	662	0	0	0	0.999962
7559	1	metal5	750	662	0	0	0	0.999961
7560	1	metal5	760	662	0	0	0	0.999961
7561	1	metal5	770	662	0	0	0	0.99996
7562	1	metal5	780	662	0	0	0	0.99996
7563	1	metal5	790	662	0	0	0	0.999959
7564	1	metal5	800	662	0	0	0	0.999959
7565	1	metal5	810	662	0	0	0	0.999958
7566	1	metal5	820	662	0	0	0	0.999958
7567	1	metal5	830	662	0	0	0	0.999957
7568	1	metal5	840	662	0	0	0	0.999957
7569	1	metal5	850	662	0	0	0	0.999956
7570	1	metal5	860	662	0	0	0	0.999956
7571	1	metal5	870	662	0	0	0	0.999956
7572	1	metal5	880	662	0	0	0	0.999955
7573	1	metal5	890	662	0	0	0	0.999955
7574	1	metal5	900	662	0	0	0	0.999955
7575	1	metal5	910	662	0	0	0	0.999954
7576	1	metal5	920	662	0	0	0	0.999954
7577	1	metal5	930	662	0	0	0	0.999954
7578	1	metal5	940	662	0	0	0	0.999954
7579	1	metal5	950	662	0	0	0	0.999953
7580	1	metal5	960	662	0	0	0	0.999953
7581	1	metal5	970	662	0	0	0	0.999953
7582	1	metal5	980	662	0	0	0	0.999953
7583	1	metal5	990	662	0	0	0	0.999953
7584	1	metal5	1000	662	0	0	0	0.999953
7585	1	metal5	1010	662	0	0	0	0.999952
7586	1	metal5	1020	662	0	0	0	0.999952
7587	1	metal5	1030	662	0	0	0	0.999952
7588	1	metal5	1040	662	0	0	0	0.999952
7589	1	metal5	1050	662	0	0	0	0.999952
7590	1	metal5	1060	662	0	0	0	0.999952
7591	1	metal5	1070	662	0	0	0	0.999952
7592	1	metal5	1080	662	0	0	0	0.999952
7593	1	metal5	1090	662	0	0	0	0.999952
7594	1	metal5	10	672	0	0	0	0.999948
7595	1	metal5	20	672	0	0	0	0.999948
7596	1	metal5	30	672	0	0	0	0.999948
7597	1	metal5	40	672	0	0	0	0.999948
7598	1	metal5	50	672	0	0	0	0.999948
7599	1	metal5	60	672	0	0	0	0.999948
7600	1	metal5	70	672	0	0	0	0.999948
7601	1	metal5	80	672	0	0	0	0.999948
7602	1	metal5	90	672	0	0	0	0.999948
7603	1	metal5	100	672	0	0	0	0.999948
7604	1	metal5	110	672	0	0	0	0.999948
7605	1	metal5	120	672	0	0	0	0.999948
7606	1	metal5	130	672	0	0	0	0.999949
7607	1	metal5	140	672	0	0	0	0.999949
7608	1	metal5	150	672	0	0	0	0.999949
7609	1	metal5	160	672	0	0	0	0.999949
7610	1	metal5	170	672	0	0	0	0.999949
7611	1	metal5	180	672	0	0	0	0.999949
7612	1	metal5	190	672	0	0	0	0.999949
7613	1	metal5	200	672	0	0	0	0.999949
7614	1	metal5	210	672	0	0	0	0.99995
7615	1	metal5	220	672	0	0	0	0.99995
7616	1	metal5	230	672	0	0	0	0.99995
7617	1	metal5	240	672	0	0	0	0.999951
7618	1	metal5	250	672	0	0	0	0.999951
7619	1	metal5	260	672	0	0	0	0.999952
7620	1	metal5	270	672	0	0	0	0.999953
7621	1	metal5	280	672	0	0	0	0.999953
7622	1	metal5	290	672	0	0	0	0.999954
7623	1	metal5	300	672	0	0	0	0.999954
7624	1	metal5	310	672	0	0	0	0.999956
7625	1	metal5	320	672	0	0	0	0.999956
7626	1	metal5	330	672	0	0	0	0.999957
7627	1	metal5	340	672	0	0	0	0.999958
7628	1	metal5	350	672	0	0	0	0.999958
7629	1	metal5	360	672	0	0	0	0.999959
7630	1	metal5	370	672	0	0	0	0.999961
7631	1	metal5	380	672	0	0	0	0.999962
7632	1	metal5	390	672	0	0	0	0.999962
7633	1	metal5	400	672	0	0	0	0.999964
7634	1	metal5	410	672	0	0	0	0.999965
7635	1	metal5	420	672	0	0	0	0.999966
7636	1	metal5	430	672	0	0	0	0.999968
7637	1	metal5	440	672	0	0	0	0.999969
7638	1	metal5	450	672	0	0	0	0.99997
7639	1	metal5	460	672	0	0	0	0.999972
7640	1	metal5	470	672	0	0	0	0.999973
7641	1	metal5	480	672	0	0	0	0.999975
7642	1	metal5	490	672	0	0	0	0.999977
7643	1	metal5	500	672	0	0	0	0.999978
7644	1	metal5	510	672	0	0	0	0.999979
7645	1	metal5	520	672	0	0	0	0.999983
7646	1	metal5	530	672	0	0	0	0.999984
7647	1	metal5	540	672	0	0	0	0.999986
7648	1	metal5	550	672	0	0	0	0.999988
7649	1	metal5	560	672	0	0	0	0.999985
7650	1	metal5	570	672	0	0	0	0.999983
7651	1	metal5	580	672	0	0	0	0.999983
7652	1	metal5	590	672	0	0	0	0.999981
7653	1	metal5	600	672	0	0	0	0.99998
7654	1	metal5	610	672	0	0	0	0.999979
7655	1	metal5	620	672	0	0	0	0.999976
7656	1	metal5	630	672	0	0	0	0.999974
7657	1	metal5	640	672	0	0	0	0.999973
7658	1	metal5	650	672	0	0	0	0.999971
7659	1	metal5	660	672	0	0	0	0.99997
7660	1	metal5	670	672	0	0	0	0.999969
7661	1	metal5	680	672	0	0	0	0.999967
7662	1	metal5	690	672	0	0	0	0.999966
7663	1	metal5	700	672	0	0	0	0.999966
7664	1	metal5	710	672	0	0	0	0.999965
7665	1	metal5	720	672	0	0	0	0.999964
7666	1	metal5	730	672	0	0	0	0.999963
7667	1	metal5	740	672	0	0	0	0.999962
7668	1	metal5	750	672	0	0	0	0.999961
7669	1	metal5	760	672	0	0	0	0.999961
7670	1	metal5	770	672	0	0	0	0.99996
7671	1	metal5	780	672	0	0	0	0.99996
7672	1	metal5	790	672	0	0	0	0.999959
7673	1	metal5	800	672	0	0	0	0.999959
7674	1	metal5	810	672	0	0	0	0.999958
7675	1	metal5	820	672	0	0	0	0.999958
7676	1	metal5	830	672	0	0	0	0.999957
7677	1	metal5	840	672	0	0	0	0.999957
7678	1	metal5	850	672	0	0	0	0.999957
7679	1	metal5	860	672	0	0	0	0.999956
7680	1	metal5	870	672	0	0	0	0.999956
7681	1	metal5	880	672	0	0	0	0.999956
7682	1	metal5	890	672	0	0	0	0.999955
7683	1	metal5	900	672	0	0	0	0.999955
7684	1	metal5	910	672	0	0	0	0.999955
7685	1	metal5	920	672	0	0	0	0.999954
7686	1	metal5	930	672	0	0	0	0.999954
7687	1	metal5	940	672	0	0	0	0.999954
7688	1	metal5	950	672	0	0	0	0.999953
7689	1	metal5	960	672	0	0	0	0.999953
7690	1	metal5	970	672	0	0	0	0.999953
7691	1	metal5	980	672	0	0	0	0.999953
7692	1	metal5	990	672	0	0	0	0.999953
7693	1	metal5	1000	672	0	0	0	0.999953
7694	1	metal5	1010	672	0	0	0	0.999953
7695	1	metal5	1020	672	0	0	0	0.999952
7696	1	metal5	1030	672	0	0	0	0.999952
7697	1	metal5	1040	672	0	0	0	0.999952
7698	1	metal5	1050	672	0	0	0	0.999952
7699	1	metal5	1060	672	0	0	0	0.999952
7700	1	metal5	1070	672	0	0	0	0.999952
7701	1	metal5	1080	672	0	0	0	0.999952
7702	1	metal5	1090	672	0	0	0	0.999952
7703	1	metal5	10	682	0	0	0	0.999948
7704	1	metal5	20	682	0	0	0	0.999948
7705	1	metal5	30	682	0	0	0	0.999948
7706	1	metal5	40	682	0	0	0	0.999948
7707	1	metal5	50	682	0	0	0	0.999948
7708	1	metal5	60	682	0	0	0	0.999948
7709	1	metal5	70	682	0	0	0	0.999948
7710	1	metal5	80	682	0	0	0	0.999948
7711	1	metal5	90	682	0	0	0	0.999948
7712	1	metal5	100	682	0	0	0	0.999948
7713	1	metal5	110	682	0	0	0	0.999948
7714	1	metal5	120	682	0	0	0	0.999948
7715	1	metal5	130	682	0	0	0	0.999949
7716	1	metal5	140	682	0	0	0	0.999949
7717	1	metal5	150	682	0	0	0	0.999949
7718	1	metal5	160	682	0	0	0	0.999949
7719	1	metal5	170	682	0	0	0	0.999949
7720	1	metal5	180	682	0	0	0	0.999948
7721	1	metal5	190	682	0	0	0	0.999949
7722	1	metal5	200	682	0	0	0	0.999949
7723	1	metal5	210	682	0	0	0	0.99995
7724	1	metal5	220	682	0	0	0	0.999949
7725	1	metal5	230	682	0	0	0	0.999948
7726	1	metal5	240	682	0	0	0	0.99995
7727	1	metal5	250	682	0	0	0	0.999951
7728	1	metal5	260	682	0	0	0	0.999952
7729	1	metal5	270	682	0	0	0	0.999952
7730	1	metal5	280	682	0	0	0	0.999953
7731	1	metal5	290	682	0	0	0	0.999952
7732	1	metal5	300	682	0	0	0	0.999954
7733	1	metal5	310	682	0	0	0	0.999955
7734	1	metal5	320	682	0	0	0	0.999956
7735	1	metal5	330	682	0	0	0	0.999957
7736	1	metal5	340	682	0	0	0	0.999957
7737	1	metal5	350	682	0	0	0	0.999956
7738	1	metal5	360	682	0	0	0	0.999958
7739	1	metal5	370	682	0	0	0	0.99996
7740	1	metal5	380	682	0	0	0	0.999961
7741	1	metal5	390	682	0	0	0	0.999961
7742	1	metal5	400	682	0	0	0	0.99996
7743	1	metal5	410	682	0	0	0	0.999963
7744	1	metal5	420	682	0	0	0	0.999966
7745	1	metal5	430	682	0	0	0	0.999967
7746	1	metal5	440	682	0	0	0	0.999968
7747	1	metal5	450	682	0	0	0	0.999967
7748	1	metal5	460	682	0	0	0	0.999965
7749	1	metal5	470	682	0	0	0	0.99997
7750	1	metal5	480	682	0	0	0	0.999973
7751	1	metal5	490	682	0	0	0	0.999975
7752	1	metal5	500	682	0	0	0	0.999974
7753	1	metal5	510	682	0	0	0	0.99997
7754	1	metal5	520	682	0	0	0	0.999978
7755	1	metal5	530	682	0	0	0	0.999982
7756	1	metal5	540	682	0	0	0	0.999984
7757	1	metal5	550	682	0	0	0	0.999984
7758	1	metal5	560	682	0	0	0	0.99998
7759	1	metal5	570	682	0	0	0	0.999972
7760	1	metal5	580	682	0	0	0	0.999978
7761	1	metal5	590	682	0	0	0	0.999979
7762	1	metal5	600	682	0	0	0	0.999978
7763	1	metal5	610	682	0	0	0	0.999977
7764	1	metal5	620	682	0	0	0	0.999973
7765	1	metal5	630	682	0	0	0	0.999967
7766	1	metal5	640	682	0	0	0	0.99997
7767	1	metal5	650	682	0	0	0	0.99997
7768	1	metal5	660	682	0	0	0	0.999969
7769	1	metal5	670	682	0	0	0	0.999966
7770	1	metal5	680	682	0	0	0	0.999961
7771	1	metal5	690	682	0	0	0	0.999964
7772	1	metal5	700	682	0	0	0	0.999965
7773	1	metal5	710	682	0	0	0	0.999964
7774	1	metal5	720	682	0	0	0	0.999963
7775	1	metal5	730	682	0	0	0	0.999962
7776	1	metal5	740	682	0	0	0	0.999959
7777	1	metal5	750	682	0	0	0	0.99996
7778	1	metal5	760	682	0	0	0	0.999961
7779	1	metal5	770	682	0	0	0	0.99996
7780	1	metal5	780	682	0	0	0	0.999959
7781	1	metal5	790	682	0	0	0	0.999957
7782	1	metal5	800	682	0	0	0	0.999958
7783	1	metal5	810	682	0	0	0	0.999958
7784	1	metal5	820	682	0	0	0	0.999958
7785	1	metal5	830	682	0	0	0	0.999957
7786	1	metal5	840	682	0	0	0	0.999957
7787	1	metal5	850	682	0	0	0	0.999955
7788	1	metal5	860	682	0	0	0	0.999956
7789	1	metal5	870	682	0	0	0	0.999956
7790	1	metal5	880	682	0	0	0	0.999956
7791	1	metal5	890	682	0	0	0	0.999955
7792	1	metal5	900	682	0	0	0	0.999955
7793	1	metal5	910	682	0	0	0	0.999954
7794	1	metal5	920	682	0	0	0	0.999954
7795	1	metal5	930	682	0	0	0	0.999954
7796	1	metal5	940	682	0	0	0	0.999954
7797	1	metal5	950	682	0	0	0	0.999953
7798	1	metal5	960	682	0	0	0	0.999952
7799	1	metal5	970	682	0	0	0	0.999953
7800	1	metal5	980	682	0	0	0	0.999953
7801	1	metal5	990	682	0	0	0	0.999953
7802	1	metal5	1000	682	0	0	0	0.999953
7803	1	metal5	1010	682	0	0	0	0.999952
7804	1	metal5	1020	682	0	0	0	0.999952
7805	1	metal5	1030	682	0	0	0	0.999952
7806	1	metal5	1040	682	0	0	0	0.999952
7807	1	metal5	1050	682	0	0	0	0.999952
7808	1	metal5	1060	682	0	0	0	0.999952
7809	1	metal5	1070	682	0	0	0	0.999952
7810	1	metal5	1080	682	0	0	0	0.999952
7811	1	metal5	1090	682	0	0	0	0.999952
7812	1	metal5	10	692	0	0	0	0.999949
7813	1	metal5	20	692	0	0	0	0.999949
7814	1	metal5	30	692	0	0	0	0.999949
7815	1	metal5	40	692	0	0	0	0.999949
7816	1	metal5	50	692	0	0	0	0.999949
7817	1	metal5	60	692	0	0	0	0.999949
7818	1	metal5	70	692	0	0	0	0.999949
7819	1	metal5	80	692	0	0	0	0.999949
7820	1	metal5	90	692	0	0	0	0.999949
7821	1	metal5	100	692	0	0	0	0.999949
7822	1	metal5	110	692	0	0	0	0.999949
7823	1	metal5	120	692	0	0	0	0.999949
7824	1	metal5	130	692	0	0	0	0.999949
7825	1	metal5	140	692	0	0	0	0.999949
7826	1	metal5	150	692	0	0	0	0.99995
7827	1	metal5	160	692	0	0	0	0.99995
7828	1	metal5	170	692	0	0	0	0.99995
7829	1	metal5	180	692	0	0	0	0.99995
7830	1	metal5	190	692	0	0	0	0.99995
7831	1	metal5	200	692	0	0	0	0.99995
7832	1	metal5	210	692	0	0	0	0.999951
7833	1	metal5	220	692	0	0	0	0.999951
7834	1	metal5	230	692	0	0	0	0.999951
7835	1	metal5	240	692	0	0	0	0.999952
7836	1	metal5	250	692	0	0	0	0.999952
7837	1	metal5	260	692	0	0	0	0.999953
7838	1	metal5	270	692	0	0	0	0.999953
7839	1	metal5	280	692	0	0	0	0.999954
7840	1	metal5	290	692	0	0	0	0.999954
7841	1	metal5	300	692	0	0	0	0.999955
7842	1	metal5	310	692	0	0	0	0.999956
7843	1	metal5	320	692	0	0	0	0.999957
7844	1	metal5	330	692	0	0	0	0.999958
7845	1	metal5	340	692	0	0	0	0.999958
7846	1	metal5	350	692	0	0	0	0.999959
7847	1	metal5	360	692	0	0	0	0.99996
7848	1	metal5	370	692	0	0	0	0.999961
7849	1	metal5	380	692	0	0	0	0.999962
7850	1	metal5	390	692	0	0	0	0.999963
7851	1	metal5	400	692	0	0	0	0.999964
7852	1	metal5	410	692	0	0	0	0.999965
7853	1	metal5	420	692	0	0	0	0.999967
7854	1	metal5	430	692	0	0	0	0.999968
7855	1	metal5	440	692	0	0	0	0.999969
7856	1	metal5	450	692	0	0	0	0.99997
7857	1	metal5	460	692	0	0	0	0.999971
7858	1	metal5	470	692	0	0	0	0.999973
7859	1	metal5	480	692	0	0	0	0.999975
7860	1	metal5	490	692	0	0	0	0.999977
7861	1	metal5	500	692	0	0	0	0.999978
7862	1	metal5	510	692	0	0	0	0.999979
7863	1	metal5	520	692	0	0	0	0.999982
7864	1	metal5	530	692	0	0	0	0.999983
7865	1	metal5	540	692	0	0	0	0.999985
7866	1	metal5	550	692	0	0	0	0.999986
7867	1	metal5	560	692	0	0	0	0.999984
7868	1	metal5	570	692	0	0	0	0.999982
7869	1	metal5	580	692	0	0	0	0.999982
7870	1	metal5	590	692	0	0	0	0.999981
7871	1	metal5	600	692	0	0	0	0.99998
7872	1	metal5	610	692	0	0	0	0.999978
7873	1	metal5	620	692	0	0	0	0.999976
7874	1	metal5	630	692	0	0	0	0.999974
7875	1	metal5	640	692	0	0	0	0.999973
7876	1	metal5	650	692	0	0	0	0.999971
7877	1	metal5	660	692	0	0	0	0.99997
7878	1	metal5	670	692	0	0	0	0.999969
7879	1	metal5	680	692	0	0	0	0.999967
7880	1	metal5	690	692	0	0	0	0.999966
7881	1	metal5	700	692	0	0	0	0.999966
7882	1	metal5	710	692	0	0	0	0.999965
7883	1	metal5	720	692	0	0	0	0.999964
7884	1	metal5	730	692	0	0	0	0.999963
7885	1	metal5	740	692	0	0	0	0.999962
7886	1	metal5	750	692	0	0	0	0.999962
7887	1	metal5	760	692	0	0	0	0.999961
7888	1	metal5	770	692	0	0	0	0.999961
7889	1	metal5	780	692	0	0	0	0.99996
7890	1	metal5	790	692	0	0	0	0.999959
7891	1	metal5	800	692	0	0	0	0.999959
7892	1	metal5	810	692	0	0	0	0.999959
7893	1	metal5	820	692	0	0	0	0.999958
7894	1	metal5	830	692	0	0	0	0.999958
7895	1	metal5	840	692	0	0	0	0.999957
7896	1	metal5	850	692	0	0	0	0.999957
7897	1	metal5	860	692	0	0	0	0.999956
7898	1	metal5	870	692	0	0	0	0.999956
7899	1	metal5	880	692	0	0	0	0.999956
7900	1	metal5	890	692	0	0	0	0.999956
7901	1	metal5	900	692	0	0	0	0.999955
7902	1	metal5	910	692	0	0	0	0.999955
7903	1	metal5	920	692	0	0	0	0.999954
7904	1	metal5	930	692	0	0	0	0.999954
7905	1	metal5	940	692	0	0	0	0.999954
7906	1	metal5	950	692	0	0	0	0.999954
7907	1	metal5	960	692	0	0	0	0.999953
7908	1	metal5	970	692	0	0	0	0.999953
7909	1	metal5	980	692	0	0	0	0.999953
7910	1	metal5	990	692	0	0	0	0.999953
7911	1	metal5	1000	692	0	0	0	0.999953
7912	1	metal5	1010	692	0	0	0	0.999953
7913	1	metal5	1020	692	0	0	0	0.999953
7914	1	metal5	1030	692	0	0	0	0.999953
7915	1	metal5	1040	692	0	0	0	0.999953
7916	1	metal5	1050	692	0	0	0	0.999953
7917	1	metal5	1060	692	0	0	0	0.999953
7918	1	metal5	1070	692	0	0	0	0.999952
7919	1	metal5	1080	692	0	0	0	0.999952
7920	1	metal5	1090	692	0	0	0	0.999952
7921	1	metal5	10	702	0	0	0	0.999949
7922	1	metal5	20	702	0	0	0	0.999949
7923	1	metal5	30	702	0	0	0	0.999949
7924	1	metal5	40	702	0	0	0	0.999949
7925	1	metal5	50	702	0	0	0	0.999949
7926	1	metal5	60	702	0	0	0	0.999949
7927	1	metal5	70	702	0	0	0	0.999949
7928	1	metal5	80	702	0	0	0	0.999949
7929	1	metal5	90	702	0	0	0	0.999949
7930	1	metal5	100	702	0	0	0	0.99995
7931	1	metal5	110	702	0	0	0	0.99995
7932	1	metal5	120	702	0	0	0	0.99995
7933	1	metal5	130	702	0	0	0	0.99995
7934	1	metal5	140	702	0	0	0	0.99995
7935	1	metal5	150	702	0	0	0	0.99995
7936	1	metal5	160	702	0	0	0	0.99995
7937	1	metal5	170	702	0	0	0	0.99995
7938	1	metal5	180	702	0	0	0	0.999951
7939	1	metal5	190	702	0	0	0	0.999951
7940	1	metal5	200	702	0	0	0	0.999951
7941	1	metal5	210	702	0	0	0	0.999951
7942	1	metal5	220	702	0	0	0	0.999952
7943	1	metal5	230	702	0	0	0	0.999952
7944	1	metal5	240	702	0	0	0	0.999952
7945	1	metal5	250	702	0	0	0	0.999953
7946	1	metal5	260	702	0	0	0	0.999954
7947	1	metal5	270	702	0	0	0	0.999954
7948	1	metal5	280	702	0	0	0	0.999955
7949	1	metal5	290	702	0	0	0	0.999955
7950	1	metal5	300	702	0	0	0	0.999956
7951	1	metal5	310	702	0	0	0	0.999957
7952	1	metal5	320	702	0	0	0	0.999957
7953	1	metal5	330	702	0	0	0	0.999958
7954	1	metal5	340	702	0	0	0	0.999959
7955	1	metal5	350	702	0	0	0	0.99996
7956	1	metal5	360	702	0	0	0	0.999961
7957	1	metal5	370	702	0	0	0	0.999962
7958	1	metal5	380	702	0	0	0	0.999963
7959	1	metal5	390	702	0	0	0	0.999964
7960	1	metal5	400	702	0	0	0	0.999965
7961	1	metal5	410	702	0	0	0	0.999966
7962	1	metal5	420	702	0	0	0	0.999967
7963	1	metal5	430	702	0	0	0	0.999969
7964	1	metal5	440	702	0	0	0	0.99997
7965	1	metal5	450	702	0	0	0	0.999971
7966	1	metal5	460	702	0	0	0	0.999973
7967	1	metal5	470	702	0	0	0	0.999974
7968	1	metal5	480	702	0	0	0	0.999976
7969	1	metal5	490	702	0	0	0	0.999978
7970	1	metal5	500	702	0	0	0	0.999979
7971	1	metal5	510	702	0	0	0	0.999981
7972	1	metal5	520	702	0	0	0	0.999984
7973	1	metal5	530	702	0	0	0	0.999985
7974	1	metal5	540	702	0	0	0	0.999986
7975	1	metal5	550	702	0	0	0	0.999989
7976	1	metal5	560	702	0	0	0	0.999986
7977	1	metal5	570	702	0	0	0	0.999984
7978	1	metal5	580	702	0	0	0	0.999985
7979	1	metal5	590	702	0	0	0	0.999982
7980	1	metal5	600	702	0	0	0	0.999981
7981	1	metal5	610	702	0	0	0	0.99998
7982	1	metal5	620	702	0	0	0	0.999977
7983	1	metal5	630	702	0	0	0	0.999975
7984	1	metal5	640	702	0	0	0	0.999974
7985	1	metal5	650	702	0	0	0	0.999972
7986	1	metal5	660	702	0	0	0	0.999971
7987	1	metal5	670	702	0	0	0	0.99997
7988	1	metal5	680	702	0	0	0	0.999968
7989	1	metal5	690	702	0	0	0	0.999967
7990	1	metal5	700	702	0	0	0	0.999967
7991	1	metal5	710	702	0	0	0	0.999966
7992	1	metal5	720	702	0	0	0	0.999965
7993	1	metal5	730	702	0	0	0	0.999964
7994	1	metal5	740	702	0	0	0	0.999963
7995	1	metal5	750	702	0	0	0	0.999962
7996	1	metal5	760	702	0	0	0	0.999962
7997	1	metal5	770	702	0	0	0	0.999961
7998	1	metal5	780	702	0	0	0	0.999961
7999	1	metal5	790	702	0	0	0	0.99996
8000	1	metal5	800	702	0	0	0	0.999959
8001	1	metal5	810	702	0	0	0	0.999959
8002	1	metal5	820	702	0	0	0	0.999959
8003	1	metal5	830	702	0	0	0	0.999958
8004	1	metal5	840	702	0	0	0	0.999958
8005	1	metal5	850	702	0	0	0	0.999957
8006	1	metal5	860	702	0	0	0	0.999957
8007	1	metal5	870	702	0	0	0	0.999956
8008	1	metal5	880	702	0	0	0	0.999956
8009	1	metal5	890	702	0	0	0	0.999956
8010	1	metal5	900	702	0	0	0	0.999955
8011	1	metal5	910	702	0	0	0	0.999955
8012	1	metal5	920	702	0	0	0	0.999955
8013	1	metal5	930	702	0	0	0	0.999955
8014	1	metal5	940	702	0	0	0	0.999954
8015	1	metal5	950	702	0	0	0	0.999954
8016	1	metal5	960	702	0	0	0	0.999954
8017	1	metal5	970	702	0	0	0	0.999954
8018	1	metal5	980	702	0	0	0	0.999954
8019	1	metal5	990	702	0	0	0	0.999953
8020	1	metal5	1000	702	0	0	0	0.999953
8021	1	metal5	1010	702	0	0	0	0.999953
8022	1	metal5	1020	702	0	0	0	0.999953
8023	1	metal5	1030	702	0	0	0	0.999953
8024	1	metal5	1040	702	0	0	0	0.999953
8025	1	metal5	1050	702	0	0	0	0.999953
8026	1	metal5	1060	702	0	0	0	0.999953
8027	1	metal5	1070	702	0	0	0	0.999953
8028	1	metal5	1080	702	0	0	0	0.999953
8029	1	metal5	1090	702	0	0	0	0.999953
8030	1	metal5	10	712	0	0	0	0.99995
8031	1	metal5	20	712	0	0	0	0.99995
8032	1	metal5	30	712	0	0	0	0.99995
8033	1	metal5	40	712	0	0	0	0.99995
8034	1	metal5	50	712	0	0	0	0.99995
8035	1	metal5	60	712	0	0	0	0.99995
8036	1	metal5	70	712	0	0	0	0.99995
8037	1	metal5	80	712	0	0	0	0.99995
8038	1	metal5	90	712	0	0	0	0.99995
8039	1	metal5	100	712	0	0	0	0.99995
8040	1	metal5	110	712	0	0	0	0.99995
8041	1	metal5	120	712	0	0	0	0.99995
8042	1	metal5	130	712	0	0	0	0.99995
8043	1	metal5	140	712	0	0	0	0.99995
8044	1	metal5	150	712	0	0	0	0.999951
8045	1	metal5	160	712	0	0	0	0.999951
8046	1	metal5	170	712	0	0	0	0.999951
8047	1	metal5	180	712	0	0	0	0.999951
8048	1	metal5	190	712	0	0	0	0.999951
8049	1	metal5	200	712	0	0	0	0.999952
8050	1	metal5	210	712	0	0	0	0.999952
8051	1	metal5	220	712	0	0	0	0.999952
8052	1	metal5	230	712	0	0	0	0.999952
8053	1	metal5	240	712	0	0	0	0.999953
8054	1	metal5	250	712	0	0	0	0.999954
8055	1	metal5	260	712	0	0	0	0.999954
8056	1	metal5	270	712	0	0	0	0.999955
8057	1	metal5	280	712	0	0	0	0.999955
8058	1	metal5	290	712	0	0	0	0.999956
8059	1	metal5	300	712	0	0	0	0.999956
8060	1	metal5	310	712	0	0	0	0.999957
8061	1	metal5	320	712	0	0	0	0.999958
8062	1	metal5	330	712	0	0	0	0.999959
8063	1	metal5	340	712	0	0	0	0.999959
8064	1	metal5	350	712	0	0	0	0.99996
8065	1	metal5	360	712	0	0	0	0.999961
8066	1	metal5	370	712	0	0	0	0.999962
8067	1	metal5	380	712	0	0	0	0.999963
8068	1	metal5	390	712	0	0	0	0.999964
8069	1	metal5	400	712	0	0	0	0.999965
8070	1	metal5	410	712	0	0	0	0.999966
8071	1	metal5	420	712	0	0	0	0.999967
8072	1	metal5	430	712	0	0	0	0.999969
8073	1	metal5	440	712	0	0	0	0.99997
8074	1	metal5	450	712	0	0	0	0.999971
8075	1	metal5	460	712	0	0	0	0.999973
8076	1	metal5	470	712	0	0	0	0.999974
8077	1	metal5	480	712	0	0	0	0.999976
8078	1	metal5	490	712	0	0	0	0.999978
8079	1	metal5	500	712	0	0	0	0.999979
8080	1	metal5	510	712	0	0	0	0.999981
8081	1	metal5	520	712	0	0	0	0.999983
8082	1	metal5	530	712	0	0	0	0.999984
8083	1	metal5	540	712	0	0	0	0.999986
8084	1	metal5	550	712	0	0	0	0.999987
8085	1	metal5	560	712	0	0	0	0.999986
8086	1	metal5	570	712	0	0	0	0.999984
8087	1	metal5	580	712	0	0	0	0.999984
8088	1	metal5	590	712	0	0	0	0.999982
8089	1	metal5	600	712	0	0	0	0.999981
8090	1	metal5	610	712	0	0	0	0.999979
8091	1	metal5	620	712	0	0	0	0.999977
8092	1	metal5	630	712	0	0	0	0.999975
8093	1	metal5	640	712	0	0	0	0.999974
8094	1	metal5	650	712	0	0	0	0.999973
8095	1	metal5	660	712	0	0	0	0.999971
8096	1	metal5	670	712	0	0	0	0.99997
8097	1	metal5	680	712	0	0	0	0.999969
8098	1	metal5	690	712	0	0	0	0.999968
8099	1	metal5	700	712	0	0	0	0.999967
8100	1	metal5	710	712	0	0	0	0.999966
8101	1	metal5	720	712	0	0	0	0.999965
8102	1	metal5	730	712	0	0	0	0.999964
8103	1	metal5	740	712	0	0	0	0.999963
8104	1	metal5	750	712	0	0	0	0.999963
8105	1	metal5	760	712	0	0	0	0.999962
8106	1	metal5	770	712	0	0	0	0.999961
8107	1	metal5	780	712	0	0	0	0.999961
8108	1	metal5	790	712	0	0	0	0.99996
8109	1	metal5	800	712	0	0	0	0.99996
8110	1	metal5	810	712	0	0	0	0.999959
8111	1	metal5	820	712	0	0	0	0.999959
8112	1	metal5	830	712	0	0	0	0.999958
8113	1	metal5	840	712	0	0	0	0.999958
8114	1	metal5	850	712	0	0	0	0.999957
8115	1	metal5	860	712	0	0	0	0.999957
8116	1	metal5	870	712	0	0	0	0.999957
8117	1	metal5	880	712	0	0	0	0.999956
8118	1	metal5	890	712	0	0	0	0.999956
8119	1	metal5	900	712	0	0	0	0.999956
8120	1	metal5	910	712	0	0	0	0.999955
8121	1	metal5	920	712	0	0	0	0.999955
8122	1	metal5	930	712	0	0	0	0.999955
8123	1	metal5	940	712	0	0	0	0.999955
8124	1	metal5	950	712	0	0	0	0.999954
8125	1	metal5	960	712	0	0	0	0.999954
8126	1	metal5	970	712	0	0	0	0.999954
8127	1	metal5	980	712	0	0	0	0.999954
8128	1	metal5	990	712	0	0	0	0.999954
8129	1	metal5	1000	712	0	0	0	0.999953
8130	1	metal5	1010	712	0	0	0	0.999953
8131	1	metal5	1020	712	0	0	0	0.999953
8132	1	metal5	1030	712	0	0	0	0.999953
8133	1	metal5	1040	712	0	0	0	0.999953
8134	1	metal5	1050	712	0	0	0	0.999953
8135	1	metal5	1060	712	0	0	0	0.999953
8136	1	metal5	1070	712	0	0	0	0.999953
8137	1	metal5	1080	712	0	0	0	0.999953
8138	1	metal5	1090	712	0	0	0	0.999953
8139	1	metal5	10	722	0	0	0	0.99995
8140	1	metal5	20	722	0	0	0	0.99995
8141	1	metal5	30	722	0	0	0	0.99995
8142	1	metal5	40	722	0	0	0	0.99995
8143	1	metal5	50	722	0	0	0	0.99995
8144	1	metal5	60	722	0	0	0	0.99995
8145	1	metal5	70	722	0	0	0	0.99995
8146	1	metal5	80	722	0	0	0	0.99995
8147	1	metal5	90	722	0	0	0	0.99995
8148	1	metal5	100	722	0	0	0	0.99995
8149	1	metal5	110	722	0	0	0	0.99995
8150	1	metal5	120	722	0	0	0	0.999951
8151	1	metal5	130	722	0	0	0	0.999951
8152	1	metal5	140	722	0	0	0	0.999951
8153	1	metal5	150	722	0	0	0	0.999951
8154	1	metal5	160	722	0	0	0	0.999951
8155	1	metal5	170	722	0	0	0	0.999951
8156	1	metal5	180	722	0	0	0	0.999951
8157	1	metal5	190	722	0	0	0	0.999952
8158	1	metal5	200	722	0	0	0	0.999952
8159	1	metal5	210	722	0	0	0	0.999952
8160	1	metal5	220	722	0	0	0	0.999953
8161	1	metal5	230	722	0	0	0	0.999953
8162	1	metal5	240	722	0	0	0	0.999953
8163	1	metal5	250	722	0	0	0	0.999954
8164	1	metal5	260	722	0	0	0	0.999954
8165	1	metal5	270	722	0	0	0	0.999955
8166	1	metal5	280	722	0	0	0	0.999956
8167	1	metal5	290	722	0	0	0	0.999956
8168	1	metal5	300	722	0	0	0	0.999957
8169	1	metal5	310	722	0	0	0	0.999957
8170	1	metal5	320	722	0	0	0	0.999958
8171	1	metal5	330	722	0	0	0	0.999959
8172	1	metal5	340	722	0	0	0	0.99996
8173	1	metal5	350	722	0	0	0	0.99996
8174	1	metal5	360	722	0	0	0	0.999961
8175	1	metal5	370	722	0	0	0	0.999962
8176	1	metal5	380	722	0	0	0	0.999963
8177	1	metal5	390	722	0	0	0	0.999964
8178	1	metal5	400	722	0	0	0	0.999965
8179	1	metal5	410	722	0	0	0	0.999966
8180	1	metal5	420	722	0	0	0	0.999967
8181	1	metal5	430	722	0	0	0	0.999969
8182	1	metal5	440	722	0	0	0	0.99997
8183	1	metal5	450	722	0	0	0	0.999971
8184	1	metal5	460	722	0	0	0	0.999973
8185	1	metal5	470	722	0	0	0	0.999974
8186	1	metal5	480	722	0	0	0	0.999976
8187	1	metal5	490	722	0	0	0	0.999978
8188	1	metal5	500	722	0	0	0	0.999979
8189	1	metal5	510	722	0	0	0	0.99998
8190	1	metal5	520	722	0	0	0	0.999983
8191	1	metal5	530	722	0	0	0	0.999984
8192	1	metal5	540	722	0	0	0	0.999986
8193	1	metal5	550	722	0	0	0	0.999987
8194	1	metal5	560	722	0	0	0	0.999985
8195	1	metal5	570	722	0	0	0	0.999984
8196	1	metal5	580	722	0	0	0	0.999984
8197	1	metal5	590	722	0	0	0	0.999982
8198	1	metal5	600	722	0	0	0	0.99998
8199	1	metal5	610	722	0	0	0	0.999979
8200	1	metal5	620	722	0	0	0	0.999977
8201	1	metal5	630	722	0	0	0	0.999975
8202	1	metal5	640	722	0	0	0	0.999974
8203	1	metal5	650	722	0	0	0	0.999973
8204	1	metal5	660	722	0	0	0	0.999971
8205	1	metal5	670	722	0	0	0	0.99997
8206	1	metal5	680	722	0	0	0	0.999969
8207	1	metal5	690	722	0	0	0	0.999968
8208	1	metal5	700	722	0	0	0	0.999967
8209	1	metal5	710	722	0	0	0	0.999966
8210	1	metal5	720	722	0	0	0	0.999965
8211	1	metal5	730	722	0	0	0	0.999964
8212	1	metal5	740	722	0	0	0	0.999963
8213	1	metal5	750	722	0	0	0	0.999963
8214	1	metal5	760	722	0	0	0	0.999962
8215	1	metal5	770	722	0	0	0	0.999961
8216	1	metal5	780	722	0	0	0	0.999961
8217	1	metal5	790	722	0	0	0	0.99996
8218	1	metal5	800	722	0	0	0	0.99996
8219	1	metal5	810	722	0	0	0	0.999959
8220	1	metal5	820	722	0	0	0	0.999959
8221	1	metal5	830	722	0	0	0	0.999958
8222	1	metal5	840	722	0	0	0	0.999958
8223	1	metal5	850	722	0	0	0	0.999958
8224	1	metal5	860	722	0	0	0	0.999957
8225	1	metal5	870	722	0	0	0	0.999957
8226	1	metal5	880	722	0	0	0	0.999956
8227	1	metal5	890	722	0	0	0	0.999956
8228	1	metal5	900	722	0	0	0	0.999956
8229	1	metal5	910	722	0	0	0	0.999955
8230	1	metal5	920	722	0	0	0	0.999955
8231	1	metal5	930	722	0	0	0	0.999955
8232	1	metal5	940	722	0	0	0	0.999955
8233	1	metal5	950	722	0	0	0	0.999954
8234	1	metal5	960	722	0	0	0	0.999954
8235	1	metal5	970	722	0	0	0	0.999954
8236	1	metal5	980	722	0	0	0	0.999954
8237	1	metal5	990	722	0	0	0	0.999954
8238	1	metal5	1000	722	0	0	0	0.999954
8239	1	metal5	1010	722	0	0	0	0.999953
8240	1	metal5	1020	722	0	0	0	0.999953
8241	1	metal5	1030	722	0	0	0	0.999953
8242	1	metal5	1040	722	0	0	0	0.999953
8243	1	metal5	1050	722	0	0	0	0.999953
8244	1	metal5	1060	722	0	0	0	0.999953
8245	1	metal5	1070	722	0	0	0	0.999953
8246	1	metal5	1080	722	0	0	0	0.999953
8247	1	metal5	1090	722	0	0	0	0.999953
8248	1	metal5	10	732	0	0	0	0.99995
8249	1	metal5	20	732	0	0	0	0.99995
8250	1	metal5	30	732	0	0	0	0.99995
8251	1	metal5	40	732	0	0	0	0.99995
8252	1	metal5	50	732	0	0	0	0.99995
8253	1	metal5	60	732	0	0	0	0.99995
8254	1	metal5	70	732	0	0	0	0.99995
8255	1	metal5	80	732	0	0	0	0.999951
8256	1	metal5	90	732	0	0	0	0.999951
8257	1	metal5	100	732	0	0	0	0.999951
8258	1	metal5	110	732	0	0	0	0.999951
8259	1	metal5	120	732	0	0	0	0.999951
8260	1	metal5	130	732	0	0	0	0.999951
8261	1	metal5	140	732	0	0	0	0.999951
8262	1	metal5	150	732	0	0	0	0.999951
8263	1	metal5	160	732	0	0	0	0.999952
8264	1	metal5	170	732	0	0	0	0.999952
8265	1	metal5	180	732	0	0	0	0.999952
8266	1	metal5	190	732	0	0	0	0.999952
8267	1	metal5	200	732	0	0	0	0.999952
8268	1	metal5	210	732	0	0	0	0.999953
8269	1	metal5	220	732	0	0	0	0.999953
8270	1	metal5	230	732	0	0	0	0.999953
8271	1	metal5	240	732	0	0	0	0.999954
8272	1	metal5	250	732	0	0	0	0.999954
8273	1	metal5	260	732	0	0	0	0.999955
8274	1	metal5	270	732	0	0	0	0.999955
8275	1	metal5	280	732	0	0	0	0.999956
8276	1	metal5	290	732	0	0	0	0.999956
8277	1	metal5	300	732	0	0	0	0.999957
8278	1	metal5	310	732	0	0	0	0.999958
8279	1	metal5	320	732	0	0	0	0.999958
8280	1	metal5	330	732	0	0	0	0.999959
8281	1	metal5	340	732	0	0	0	0.99996
8282	1	metal5	350	732	0	0	0	0.99996
8283	1	metal5	360	732	0	0	0	0.999961
8284	1	metal5	370	732	0	0	0	0.999962
8285	1	metal5	380	732	0	0	0	0.999963
8286	1	metal5	390	732	0	0	0	0.999964
8287	1	metal5	400	732	0	0	0	0.999965
8288	1	metal5	410	732	0	0	0	0.999966
8289	1	metal5	420	732	0	0	0	0.999967
8290	1	metal5	430	732	0	0	0	0.999969
8291	1	metal5	440	732	0	0	0	0.99997
8292	1	metal5	450	732	0	0	0	0.999971
8293	1	metal5	460	732	0	0	0	0.999972
8294	1	metal5	470	732	0	0	0	0.999974
8295	1	metal5	480	732	0	0	0	0.999975
8296	1	metal5	490	732	0	0	0	0.999978
8297	1	metal5	500	732	0	0	0	0.999978
8298	1	metal5	510	732	0	0	0	0.99998
8299	1	metal5	520	732	0	0	0	0.999983
8300	1	metal5	530	732	0	0	0	0.999984
8301	1	metal5	540	732	0	0	0	0.999986
8302	1	metal5	550	732	0	0	0	0.999989
8303	1	metal5	560	732	0	0	0	0.999985
8304	1	metal5	570	732	0	0	0	0.999983
8305	1	metal5	580	732	0	0	0	0.999984
8306	1	metal5	590	732	0	0	0	0.999982
8307	1	metal5	600	732	0	0	0	0.99998
8308	1	metal5	610	732	0	0	0	0.999979
8309	1	metal5	620	732	0	0	0	0.999977
8310	1	metal5	630	732	0	0	0	0.999975
8311	1	metal5	640	732	0	0	0	0.999974
8312	1	metal5	650	732	0	0	0	0.999972
8313	1	metal5	660	732	0	0	0	0.999971
8314	1	metal5	670	732	0	0	0	0.99997
8315	1	metal5	680	732	0	0	0	0.999968
8316	1	metal5	690	732	0	0	0	0.999967
8317	1	metal5	700	732	0	0	0	0.999967
8318	1	metal5	710	732	0	0	0	0.999966
8319	1	metal5	720	732	0	0	0	0.999965
8320	1	metal5	730	732	0	0	0	0.999964
8321	1	metal5	740	732	0	0	0	0.999963
8322	1	metal5	750	732	0	0	0	0.999963
8323	1	metal5	760	732	0	0	0	0.999962
8324	1	metal5	770	732	0	0	0	0.999961
8325	1	metal5	780	732	0	0	0	0.999961
8326	1	metal5	790	732	0	0	0	0.99996
8327	1	metal5	800	732	0	0	0	0.99996
8328	1	metal5	810	732	0	0	0	0.999959
8329	1	metal5	820	732	0	0	0	0.999959
8330	1	metal5	830	732	0	0	0	0.999958
8331	1	metal5	840	732	0	0	0	0.999958
8332	1	metal5	850	732	0	0	0	0.999958
8333	1	metal5	860	732	0	0	0	0.999957
8334	1	metal5	870	732	0	0	0	0.999957
8335	1	metal5	880	732	0	0	0	0.999957
8336	1	metal5	890	732	0	0	0	0.999956
8337	1	metal5	900	732	0	0	0	0.999956
8338	1	metal5	910	732	0	0	0	0.999956
8339	1	metal5	920	732	0	0	0	0.999955
8340	1	metal5	930	732	0	0	0	0.999955
8341	1	metal5	940	732	0	0	0	0.999955
8342	1	metal5	950	732	0	0	0	0.999954
8343	1	metal5	960	732	0	0	0	0.999954
8344	1	metal5	970	732	0	0	0	0.999954
8345	1	metal5	980	732	0	0	0	0.999954
8346	1	metal5	990	732	0	0	0	0.999954
8347	1	metal5	1000	732	0	0	0	0.999954
8348	1	metal5	1010	732	0	0	0	0.999954
8349	1	metal5	1020	732	0	0	0	0.999953
8350	1	metal5	1030	732	0	0	0	0.999953
8351	1	metal5	1040	732	0	0	0	0.999953
8352	1	metal5	1050	732	0	0	0	0.999953
8353	1	metal5	1060	732	0	0	0	0.999953
8354	1	metal5	1070	732	0	0	0	0.999953
8355	1	metal5	1080	732	0	0	0	0.999953
8356	1	metal5	1090	732	0	0	0	0.999953
8357	1	metal5	10	742	0	0	0	0.99995
8358	1	metal5	20	742	0	0	0	0.99995
8359	1	metal5	30	742	0	0	0	0.999951
8360	1	metal5	40	742	0	0	0	0.999951
8361	1	metal5	50	742	0	0	0	0.999951
8362	1	metal5	60	742	0	0	0	0.999951
8363	1	metal5	70	742	0	0	0	0.99995
8364	1	metal5	80	742	0	0	0	0.999951
8365	1	metal5	90	742	0	0	0	0.999951
8366	1	metal5	100	742	0	0	0	0.999951
8367	1	metal5	110	742	0	0	0	0.999951
8368	1	metal5	120	742	0	0	0	0.99995
8369	1	metal5	130	742	0	0	0	0.999951
8370	1	metal5	140	742	0	0	0	0.999951
8371	1	metal5	150	742	0	0	0	0.999952
8372	1	metal5	160	742	0	0	0	0.999952
8373	1	metal5	170	742	0	0	0	0.999952
8374	1	metal5	180	742	0	0	0	0.999951
8375	1	metal5	190	742	0	0	0	0.999952
8376	1	metal5	200	742	0	0	0	0.999953
8377	1	metal5	210	742	0	0	0	0.999953
8378	1	metal5	220	742	0	0	0	0.999953
8379	1	metal5	230	742	0	0	0	0.999952
8380	1	metal5	240	742	0	0	0	0.999953
8381	1	metal5	250	742	0	0	0	0.999954
8382	1	metal5	260	742	0	0	0	0.999955
8383	1	metal5	270	742	0	0	0	0.999955
8384	1	metal5	280	742	0	0	0	0.999955
8385	1	metal5	290	742	0	0	0	0.999954
8386	1	metal5	300	742	0	0	0	0.999956
8387	1	metal5	310	742	0	0	0	0.999958
8388	1	metal5	320	742	0	0	0	0.999958
8389	1	metal5	330	742	0	0	0	0.999959
8390	1	metal5	340	742	0	0	0	0.999959
8391	1	metal5	350	742	0	0	0	0.999958
8392	1	metal5	360	742	0	0	0	0.99996
8393	1	metal5	370	742	0	0	0	0.999962
8394	1	metal5	380	742	0	0	0	0.999962
8395	1	metal5	390	742	0	0	0	0.999962
8396	1	metal5	400	742	0	0	0	0.999961
8397	1	metal5	410	742	0	0	0	0.999964
8398	1	metal5	420	742	0	0	0	0.999967
8399	1	metal5	430	742	0	0	0	0.999968
8400	1	metal5	440	742	0	0	0	0.999968
8401	1	metal5	450	742	0	0	0	0.999967
8402	1	metal5	460	742	0	0	0	0.999964
8403	1	metal5	470	742	0	0	0	0.99997
8404	1	metal5	480	742	0	0	0	0.999973
8405	1	metal5	490	742	0	0	0	0.999975
8406	1	metal5	500	742	0	0	0	0.999974
8407	1	metal5	510	742	0	0	0	0.999971
8408	1	metal5	520	742	0	0	0	0.999979
8409	1	metal5	530	742	0	0	0	0.999982
8410	1	metal5	540	742	0	0	0	0.999984
8411	1	metal5	550	742	0	0	0	0.999985
8412	1	metal5	560	742	0	0	0	0.999981
8413	1	metal5	570	742	0	0	0	0.999973
8414	1	metal5	580	742	0	0	0	0.999979
8415	1	metal5	590	742	0	0	0	0.99998
8416	1	metal5	600	742	0	0	0	0.999979
8417	1	metal5	610	742	0	0	0	0.999978
8418	1	metal5	620	742	0	0	0	0.999974
8419	1	metal5	630	742	0	0	0	0.999968
8420	1	metal5	640	742	0	0	0	0.999971
8421	1	metal5	650	742	0	0	0	0.999971
8422	1	metal5	660	742	0	0	0	0.99997
8423	1	metal5	670	742	0	0	0	0.999968
8424	1	metal5	680	742	0	0	0	0.999964
8425	1	metal5	690	742	0	0	0	0.999966
8426	1	metal5	700	742	0	0	0	0.999966
8427	1	metal5	710	742	0	0	0	0.999966
8428	1	metal5	720	742	0	0	0	0.999965
8429	1	metal5	730	742	0	0	0	0.999963
8430	1	metal5	740	742	0	0	0	0.99996
8431	1	metal5	750	742	0	0	0	0.999961
8432	1	metal5	760	742	0	0	0	0.999962
8433	1	metal5	770	742	0	0	0	0.999961
8434	1	metal5	780	742	0	0	0	0.99996
8435	1	metal5	790	742	0	0	0	0.999958
8436	1	metal5	800	742	0	0	0	0.999959
8437	1	metal5	810	742	0	0	0	0.999959
8438	1	metal5	820	742	0	0	0	0.999959
8439	1	metal5	830	742	0	0	0	0.999958
8440	1	metal5	840	742	0	0	0	0.999958
8441	1	metal5	850	742	0	0	0	0.999956
8442	1	metal5	860	742	0	0	0	0.999957
8443	1	metal5	870	742	0	0	0	0.999957
8444	1	metal5	880	742	0	0	0	0.999957
8445	1	metal5	890	742	0	0	0	0.999956
8446	1	metal5	900	742	0	0	0	0.999956
8447	1	metal5	910	742	0	0	0	0.999955
8448	1	metal5	920	742	0	0	0	0.999955
8449	1	metal5	930	742	0	0	0	0.999955
8450	1	metal5	940	742	0	0	0	0.999955
8451	1	metal5	950	742	0	0	0	0.999954
8452	1	metal5	960	742	0	0	0	0.999953
8453	1	metal5	970	742	0	0	0	0.999954
8454	1	metal5	980	742	0	0	0	0.999954
8455	1	metal5	990	742	0	0	0	0.999954
8456	1	metal5	1000	742	0	0	0	0.999954
8457	1	metal5	1010	742	0	0	0	0.999953
8458	1	metal5	1020	742	0	0	0	0.999953
8459	1	metal5	1030	742	0	0	0	0.999953
8460	1	metal5	1040	742	0	0	0	0.999953
8461	1	metal5	1050	742	0	0	0	0.999953
8462	1	metal5	1060	742	0	0	0	0.999953
8463	1	metal5	1070	742	0	0	0	0.999953
8464	1	metal5	1080	742	0	0	0	0.999953
8465	1	metal5	1090	742	0	0	0	0.999953
8466	1	metal5	10	752	0	0	0	0.999951
8467	1	metal5	20	752	0	0	0	0.999951
8468	1	metal5	30	752	0	0	0	0.999951
8469	1	metal5	40	752	0	0	0	0.999951
8470	1	metal5	50	752	0	0	0	0.999951
8471	1	metal5	60	752	0	0	0	0.999951
8472	1	metal5	70	752	0	0	0	0.999951
8473	1	metal5	80	752	0	0	0	0.999951
8474	1	metal5	90	752	0	0	0	0.999951
8475	1	metal5	100	752	0	0	0	0.999952
8476	1	metal5	110	752	0	0	0	0.999952
8477	1	metal5	120	752	0	0	0	0.999952
8478	1	metal5	130	752	0	0	0	0.999952
8479	1	metal5	140	752	0	0	0	0.999952
8480	1	metal5	150	752	0	0	0	0.999952
8481	1	metal5	160	752	0	0	0	0.999952
8482	1	metal5	170	752	0	0	0	0.999952
8483	1	metal5	180	752	0	0	0	0.999953
8484	1	metal5	190	752	0	0	0	0.999953
8485	1	metal5	200	752	0	0	0	0.999953
8486	1	metal5	210	752	0	0	0	0.999954
8487	1	metal5	220	752	0	0	0	0.999954
8488	1	metal5	230	752	0	0	0	0.999954
8489	1	metal5	240	752	0	0	0	0.999955
8490	1	metal5	250	752	0	0	0	0.999955
8491	1	metal5	260	752	0	0	0	0.999956
8492	1	metal5	270	752	0	0	0	0.999956
8493	1	metal5	280	752	0	0	0	0.999957
8494	1	metal5	290	752	0	0	0	0.999957
8495	1	metal5	300	752	0	0	0	0.999958
8496	1	metal5	310	752	0	0	0	0.999958
8497	1	metal5	320	752	0	0	0	0.999959
8498	1	metal5	330	752	0	0	0	0.99996
8499	1	metal5	340	752	0	0	0	0.99996
8500	1	metal5	350	752	0	0	0	0.999961
8501	1	metal5	360	752	0	0	0	0.999962
8502	1	metal5	370	752	0	0	0	0.999963
8503	1	metal5	380	752	0	0	0	0.999963
8504	1	metal5	390	752	0	0	0	0.999964
8505	1	metal5	400	752	0	0	0	0.999965
8506	1	metal5	410	752	0	0	0	0.999966
8507	1	metal5	420	752	0	0	0	0.999968
8508	1	metal5	430	752	0	0	0	0.999969
8509	1	metal5	440	752	0	0	0	0.99997
8510	1	metal5	450	752	0	0	0	0.999971
8511	1	metal5	460	752	0	0	0	0.999972
8512	1	metal5	470	752	0	0	0	0.999973
8513	1	metal5	480	752	0	0	0	0.999975
8514	1	metal5	490	752	0	0	0	0.999977
8515	1	metal5	500	752	0	0	0	0.999978
8516	1	metal5	510	752	0	0	0	0.999979
8517	1	metal5	520	752	0	0	0	0.999982
8518	1	metal5	530	752	0	0	0	0.999984
8519	1	metal5	540	752	0	0	0	0.999985
8520	1	metal5	550	752	0	0	0	0.999986
8521	1	metal5	560	752	0	0	0	0.999984
8522	1	metal5	570	752	0	0	0	0.999983
8523	1	metal5	580	752	0	0	0	0.999983
8524	1	metal5	590	752	0	0	0	0.999981
8525	1	metal5	600	752	0	0	0	0.99998
8526	1	metal5	610	752	0	0	0	0.999979
8527	1	metal5	620	752	0	0	0	0.999976
8528	1	metal5	630	752	0	0	0	0.999974
8529	1	metal5	640	752	0	0	0	0.999974
8530	1	metal5	650	752	0	0	0	0.999972
8531	1	metal5	660	752	0	0	0	0.999971
8532	1	metal5	670	752	0	0	0	0.99997
8533	1	metal5	680	752	0	0	0	0.999968
8534	1	metal5	690	752	0	0	0	0.999968
8535	1	metal5	700	752	0	0	0	0.999967
8536	1	metal5	710	752	0	0	0	0.999966
8537	1	metal5	720	752	0	0	0	0.999965
8538	1	metal5	730	752	0	0	0	0.999964
8539	1	metal5	740	752	0	0	0	0.999963
8540	1	metal5	750	752	0	0	0	0.999963
8541	1	metal5	760	752	0	0	0	0.999962
8542	1	metal5	770	752	0	0	0	0.999962
8543	1	metal5	780	752	0	0	0	0.999961
8544	1	metal5	790	752	0	0	0	0.99996
8545	1	metal5	800	752	0	0	0	0.99996
8546	1	metal5	810	752	0	0	0	0.99996
8547	1	metal5	820	752	0	0	0	0.999959
8548	1	metal5	830	752	0	0	0	0.999959
8549	1	metal5	840	752	0	0	0	0.999958
8550	1	metal5	850	752	0	0	0	0.999958
8551	1	metal5	860	752	0	0	0	0.999957
8552	1	metal5	870	752	0	0	0	0.999957
8553	1	metal5	880	752	0	0	0	0.999957
8554	1	metal5	890	752	0	0	0	0.999956
8555	1	metal5	900	752	0	0	0	0.999956
8556	1	metal5	910	752	0	0	0	0.999956
8557	1	metal5	920	752	0	0	0	0.999955
8558	1	metal5	930	752	0	0	0	0.999955
8559	1	metal5	940	752	0	0	0	0.999955
8560	1	metal5	950	752	0	0	0	0.999955
8561	1	metal5	960	752	0	0	0	0.999954
8562	1	metal5	970	752	0	0	0	0.999954
8563	1	metal5	980	752	0	0	0	0.999954
8564	1	metal5	990	752	0	0	0	0.999954
8565	1	metal5	1000	752	0	0	0	0.999954
8566	1	metal5	1010	752	0	0	0	0.999954
8567	1	metal5	1020	752	0	0	0	0.999954
8568	1	metal5	1030	752	0	0	0	0.999954
8569	1	metal5	1040	752	0	0	0	0.999954
8570	1	metal5	1050	752	0	0	0	0.999953
8571	1	metal5	1060	752	0	0	0	0.999953
8572	1	metal5	1070	752	0	0	0	0.999953
8573	1	metal5	1080	752	0	0	0	0.999953
8574	1	metal5	1090	752	0	0	0	0.999953
8575	1	metal5	10	762	0	0	0	0.999952
8576	1	metal5	20	762	0	0	0	0.999952
8577	1	metal5	30	762	0	0	0	0.999952
8578	1	metal5	40	762	0	0	0	0.999952
8579	1	metal5	50	762	0	0	0	0.999952
8580	1	metal5	60	762	0	0	0	0.999952
8581	1	metal5	70	762	0	0	0	0.999952
8582	1	metal5	80	762	0	0	0	0.999952
8583	1	metal5	90	762	0	0	0	0.999952
8584	1	metal5	100	762	0	0	0	0.999952
8585	1	metal5	110	762	0	0	0	0.999952
8586	1	metal5	120	762	0	0	0	0.999952
8587	1	metal5	130	762	0	0	0	0.999952
8588	1	metal5	140	762	0	0	0	0.999953
8589	1	metal5	150	762	0	0	0	0.999953
8590	1	metal5	160	762	0	0	0	0.999953
8591	1	metal5	170	762	0	0	0	0.999953
8592	1	metal5	180	762	0	0	0	0.999953
8593	1	metal5	190	762	0	0	0	0.999954
8594	1	metal5	200	762	0	0	0	0.999954
8595	1	metal5	210	762	0	0	0	0.999954
8596	1	metal5	220	762	0	0	0	0.999955
8597	1	metal5	230	762	0	0	0	0.999955
8598	1	metal5	240	762	0	0	0	0.999955
8599	1	metal5	250	762	0	0	0	0.999956
8600	1	metal5	260	762	0	0	0	0.999956
8601	1	metal5	270	762	0	0	0	0.999957
8602	1	metal5	280	762	0	0	0	0.999957
8603	1	metal5	290	762	0	0	0	0.999958
8604	1	metal5	300	762	0	0	0	0.999958
8605	1	metal5	310	762	0	0	0	0.999959
8606	1	metal5	320	762	0	0	0	0.99996
8607	1	metal5	330	762	0	0	0	0.99996
8608	1	metal5	340	762	0	0	0	0.999961
8609	1	metal5	350	762	0	0	0	0.999961
8610	1	metal5	360	762	0	0	0	0.999962
8611	1	metal5	370	762	0	0	0	0.999963
8612	1	metal5	380	762	0	0	0	0.999964
8613	1	metal5	390	762	0	0	0	0.999965
8614	1	metal5	400	762	0	0	0	0.999966
8615	1	metal5	410	762	0	0	0	0.999967
8616	1	metal5	420	762	0	0	0	0.999968
8617	1	metal5	430	762	0	0	0	0.99997
8618	1	metal5	440	762	0	0	0	0.999971
8619	1	metal5	450	762	0	0	0	0.999972
8620	1	metal5	460	762	0	0	0	0.999973
8621	1	metal5	470	762	0	0	0	0.999974
8622	1	metal5	480	762	0	0	0	0.999976
8623	1	metal5	490	762	0	0	0	0.999979
8624	1	metal5	500	762	0	0	0	0.999979
8625	1	metal5	510	762	0	0	0	0.999981
8626	1	metal5	520	762	0	0	0	0.999984
8627	1	metal5	530	762	0	0	0	0.999985
8628	1	metal5	540	762	0	0	0	0.999987
8629	1	metal5	550	762	0	0	0	0.999989
8630	1	metal5	560	762	0	0	0	0.999986
8631	1	metal5	570	762	0	0	0	0.999984
8632	1	metal5	580	762	0	0	0	0.999985
8633	1	metal5	590	762	0	0	0	0.999982
8634	1	metal5	600	762	0	0	0	0.999981
8635	1	metal5	610	762	0	0	0	0.99998
8636	1	metal5	620	762	0	0	0	0.999977
8637	1	metal5	630	762	0	0	0	0.999976
8638	1	metal5	640	762	0	0	0	0.999975
8639	1	metal5	650	762	0	0	0	0.999973
8640	1	metal5	660	762	0	0	0	0.999972
8641	1	metal5	670	762	0	0	0	0.999971
8642	1	metal5	680	762	0	0	0	0.999969
8643	1	metal5	690	762	0	0	0	0.999968
8644	1	metal5	700	762	0	0	0	0.999968
8645	1	metal5	710	762	0	0	0	0.999967
8646	1	metal5	720	762	0	0	0	0.999966
8647	1	metal5	730	762	0	0	0	0.999965
8648	1	metal5	740	762	0	0	0	0.999964
8649	1	metal5	750	762	0	0	0	0.999963
8650	1	metal5	760	762	0	0	0	0.999963
8651	1	metal5	770	762	0	0	0	0.999962
8652	1	metal5	780	762	0	0	0	0.999961
8653	1	metal5	790	762	0	0	0	0.999961
8654	1	metal5	800	762	0	0	0	0.99996
8655	1	metal5	810	762	0	0	0	0.99996
8656	1	metal5	820	762	0	0	0	0.99996
8657	1	metal5	830	762	0	0	0	0.999959
8658	1	metal5	840	762	0	0	0	0.999959
8659	1	metal5	850	762	0	0	0	0.999958
8660	1	metal5	860	762	0	0	0	0.999958
8661	1	metal5	870	762	0	0	0	0.999957
8662	1	metal5	880	762	0	0	0	0.999957
8663	1	metal5	890	762	0	0	0	0.999957
8664	1	metal5	900	762	0	0	0	0.999956
8665	1	metal5	910	762	0	0	0	0.999956
8666	1	metal5	920	762	0	0	0	0.999956
8667	1	metal5	930	762	0	0	0	0.999955
8668	1	metal5	940	762	0	0	0	0.999955
8669	1	metal5	950	762	0	0	0	0.999955
8670	1	metal5	960	762	0	0	0	0.999955
8671	1	metal5	970	762	0	0	0	0.999955
8672	1	metal5	980	762	0	0	0	0.999954
8673	1	metal5	990	762	0	0	0	0.999954
8674	1	metal5	1000	762	0	0	0	0.999954
8675	1	metal5	1010	762	0	0	0	0.999954
8676	1	metal5	1020	762	0	0	0	0.999954
8677	1	metal5	1030	762	0	0	0	0.999954
8678	1	metal5	1040	762	0	0	0	0.999954
8679	1	metal5	1050	762	0	0	0	0.999954
8680	1	metal5	1060	762	0	0	0	0.999954
8681	1	metal5	1070	762	0	0	0	0.999954
8682	1	metal5	1080	762	0	0	0	0.999954
8683	1	metal5	1090	762	0	0	0	0.999954
8684	1	metal5	10	772	0	0	0	0.999952
8685	1	metal5	20	772	0	0	0	0.999952
8686	1	metal5	30	772	0	0	0	0.999952
8687	1	metal5	40	772	0	0	0	0.999952
8688	1	metal5	50	772	0	0	0	0.999952
8689	1	metal5	60	772	0	0	0	0.999952
8690	1	metal5	70	772	0	0	0	0.999952
8691	1	metal5	80	772	0	0	0	0.999952
8692	1	metal5	90	772	0	0	0	0.999952
8693	1	metal5	100	772	0	0	0	0.999952
8694	1	metal5	110	772	0	0	0	0.999953
8695	1	metal5	120	772	0	0	0	0.999953
8696	1	metal5	130	772	0	0	0	0.999953
8697	1	metal5	140	772	0	0	0	0.999953
8698	1	metal5	150	772	0	0	0	0.999953
8699	1	metal5	160	772	0	0	0	0.999953
8700	1	metal5	170	772	0	0	0	0.999954
8701	1	metal5	180	772	0	0	0	0.999954
8702	1	metal5	190	772	0	0	0	0.999954
8703	1	metal5	200	772	0	0	0	0.999954
8704	1	metal5	210	772	0	0	0	0.999955
8705	1	metal5	220	772	0	0	0	0.999955
8706	1	metal5	230	772	0	0	0	0.999955
8707	1	metal5	240	772	0	0	0	0.999956
8708	1	metal5	250	772	0	0	0	0.999956
8709	1	metal5	260	772	0	0	0	0.999957
8710	1	metal5	270	772	0	0	0	0.999957
8711	1	metal5	280	772	0	0	0	0.999958
8712	1	metal5	290	772	0	0	0	0.999958
8713	1	metal5	300	772	0	0	0	0.999959
8714	1	metal5	310	772	0	0	0	0.999959
8715	1	metal5	320	772	0	0	0	0.99996
8716	1	metal5	330	772	0	0	0	0.99996
8717	1	metal5	340	772	0	0	0	0.999961
8718	1	metal5	350	772	0	0	0	0.999962
8719	1	metal5	360	772	0	0	0	0.999962
8720	1	metal5	370	772	0	0	0	0.999963
8721	1	metal5	380	772	0	0	0	0.999964
8722	1	metal5	390	772	0	0	0	0.999965
8723	1	metal5	400	772	0	0	0	0.999966
8724	1	metal5	410	772	0	0	0	0.999967
8725	1	metal5	420	772	0	0	0	0.999968
8726	1	metal5	430	772	0	0	0	0.99997
8727	1	metal5	440	772	0	0	0	0.999971
8728	1	metal5	450	772	0	0	0	0.999972
8729	1	metal5	460	772	0	0	0	0.999973
8730	1	metal5	470	772	0	0	0	0.999974
8731	1	metal5	480	772	0	0	0	0.999976
8732	1	metal5	490	772	0	0	0	0.999978
8733	1	metal5	500	772	0	0	0	0.999979
8734	1	metal5	510	772	0	0	0	0.999981
8735	1	metal5	520	772	0	0	0	0.999983
8736	1	metal5	530	772	0	0	0	0.999984
8737	1	metal5	540	772	0	0	0	0.999986
8738	1	metal5	550	772	0	0	0	0.999987
8739	1	metal5	560	772	0	0	0	0.999985
8740	1	metal5	570	772	0	0	0	0.999984
8741	1	metal5	580	772	0	0	0	0.999984
8742	1	metal5	590	772	0	0	0	0.999982
8743	1	metal5	600	772	0	0	0	0.999981
8744	1	metal5	610	772	0	0	0	0.999979
8745	1	metal5	620	772	0	0	0	0.999977
8746	1	metal5	630	772	0	0	0	0.999975
8747	1	metal5	640	772	0	0	0	0.999974
8748	1	metal5	650	772	0	0	0	0.999973
8749	1	metal5	660	772	0	0	0	0.999972
8750	1	metal5	670	772	0	0	0	0.999971
8751	1	metal5	680	772	0	0	0	0.999969
8752	1	metal5	690	772	0	0	0	0.999968
8753	1	metal5	700	772	0	0	0	0.999968
8754	1	metal5	710	772	0	0	0	0.999967
8755	1	metal5	720	772	0	0	0	0.999966
8756	1	metal5	730	772	0	0	0	0.999965
8757	1	metal5	740	772	0	0	0	0.999964
8758	1	metal5	750	772	0	0	0	0.999963
8759	1	metal5	760	772	0	0	0	0.999963
8760	1	metal5	770	772	0	0	0	0.999962
8761	1	metal5	780	772	0	0	0	0.999961
8762	1	metal5	790	772	0	0	0	0.999961
8763	1	metal5	800	772	0	0	0	0.99996
8764	1	metal5	810	772	0	0	0	0.99996
8765	1	metal5	820	772	0	0	0	0.99996
8766	1	metal5	830	772	0	0	0	0.999959
8767	1	metal5	840	772	0	0	0	0.999959
8768	1	metal5	850	772	0	0	0	0.999958
8769	1	metal5	860	772	0	0	0	0.999958
8770	1	metal5	870	772	0	0	0	0.999957
8771	1	metal5	880	772	0	0	0	0.999957
8772	1	metal5	890	772	0	0	0	0.999957
8773	1	metal5	900	772	0	0	0	0.999956
8774	1	metal5	910	772	0	0	0	0.999956
8775	1	metal5	920	772	0	0	0	0.999956
8776	1	metal5	930	772	0	0	0	0.999956
8777	1	metal5	940	772	0	0	0	0.999955
8778	1	metal5	950	772	0	0	0	0.999955
8779	1	metal5	960	772	0	0	0	0.999955
8780	1	metal5	970	772	0	0	0	0.999955
8781	1	metal5	980	772	0	0	0	0.999955
8782	1	metal5	990	772	0	0	0	0.999954
8783	1	metal5	1000	772	0	0	0	0.999954
8784	1	metal5	1010	772	0	0	0	0.999954
8785	1	metal5	1020	772	0	0	0	0.999954
8786	1	metal5	1030	772	0	0	0	0.999954
8787	1	metal5	1040	772	0	0	0	0.999954
8788	1	metal5	1050	772	0	0	0	0.999954
8789	1	metal5	1060	772	0	0	0	0.999954
8790	1	metal5	1070	772	0	0	0	0.999954
8791	1	metal5	1080	772	0	0	0	0.999954
8792	1	metal5	1090	772	0	0	0	0.999954
8793	1	metal5	10	782	0	0	0	0.999952
8794	1	metal5	20	782	0	0	0	0.999952
8795	1	metal5	30	782	0	0	0	0.999952
8796	1	metal5	40	782	0	0	0	0.999952
8797	1	metal5	50	782	0	0	0	0.999952
8798	1	metal5	60	782	0	0	0	0.999952
8799	1	metal5	70	782	0	0	0	0.999953
8800	1	metal5	80	782	0	0	0	0.999953
8801	1	metal5	90	782	0	0	0	0.999953
8802	1	metal5	100	782	0	0	0	0.999953
8803	1	metal5	110	782	0	0	0	0.999953
8804	1	metal5	120	782	0	0	0	0.999953
8805	1	metal5	130	782	0	0	0	0.999953
8806	1	metal5	140	782	0	0	0	0.999953
8807	1	metal5	150	782	0	0	0	0.999954
8808	1	metal5	160	782	0	0	0	0.999954
8809	1	metal5	170	782	0	0	0	0.999954
8810	1	metal5	180	782	0	0	0	0.999954
8811	1	metal5	190	782	0	0	0	0.999954
8812	1	metal5	200	782	0	0	0	0.999955
8813	1	metal5	210	782	0	0	0	0.999955
8814	1	metal5	220	782	0	0	0	0.999955
8815	1	metal5	230	782	0	0	0	0.999956
8816	1	metal5	240	782	0	0	0	0.999956
8817	1	metal5	250	782	0	0	0	0.999957
8818	1	metal5	260	782	0	0	0	0.999957
8819	1	metal5	270	782	0	0	0	0.999957
8820	1	metal5	280	782	0	0	0	0.999958
8821	1	metal5	290	782	0	0	0	0.999958
8822	1	metal5	300	782	0	0	0	0.999959
8823	1	metal5	310	782	0	0	0	0.99996
8824	1	metal5	320	782	0	0	0	0.99996
8825	1	metal5	330	782	0	0	0	0.999961
8826	1	metal5	340	782	0	0	0	0.999961
8827	1	metal5	350	782	0	0	0	0.999962
8828	1	metal5	360	782	0	0	0	0.999963
8829	1	metal5	370	782	0	0	0	0.999964
8830	1	metal5	380	782	0	0	0	0.999964
8831	1	metal5	390	782	0	0	0	0.999965
8832	1	metal5	400	782	0	0	0	0.999966
8833	1	metal5	410	782	0	0	0	0.999967
8834	1	metal5	420	782	0	0	0	0.999969
8835	1	metal5	430	782	0	0	0	0.99997
8836	1	metal5	440	782	0	0	0	0.999971
8837	1	metal5	450	782	0	0	0	0.999972
8838	1	metal5	460	782	0	0	0	0.999973
8839	1	metal5	470	782	0	0	0	0.999974
8840	1	metal5	480	782	0	0	0	0.999976
8841	1	metal5	490	782	0	0	0	0.999978
8842	1	metal5	500	782	0	0	0	0.999979
8843	1	metal5	510	782	0	0	0	0.99998
8844	1	metal5	520	782	0	0	0	0.999983
8845	1	metal5	530	782	0	0	0	0.999984
8846	1	metal5	540	782	0	0	0	0.999986
8847	1	metal5	550	782	0	0	0	0.999987
8848	1	metal5	560	782	0	0	0	0.999985
8849	1	metal5	570	782	0	0	0	0.999983
8850	1	metal5	580	782	0	0	0	0.999983
8851	1	metal5	590	782	0	0	0	0.999982
8852	1	metal5	600	782	0	0	0	0.999981
8853	1	metal5	610	782	0	0	0	0.999979
8854	1	metal5	620	782	0	0	0	0.999977
8855	1	metal5	630	782	0	0	0	0.999975
8856	1	metal5	640	782	0	0	0	0.999974
8857	1	metal5	650	782	0	0	0	0.999973
8858	1	metal5	660	782	0	0	0	0.999972
8859	1	metal5	670	782	0	0	0	0.99997
8860	1	metal5	680	782	0	0	0	0.999969
8861	1	metal5	690	782	0	0	0	0.999968
8862	1	metal5	700	782	0	0	0	0.999968
8863	1	metal5	710	782	0	0	0	0.999967
8864	1	metal5	720	782	0	0	0	0.999966
8865	1	metal5	730	782	0	0	0	0.999965
8866	1	metal5	740	782	0	0	0	0.999964
8867	1	metal5	750	782	0	0	0	0.999963
8868	1	metal5	760	782	0	0	0	0.999963
8869	1	metal5	770	782	0	0	0	0.999962
8870	1	metal5	780	782	0	0	0	0.999962
8871	1	metal5	790	782	0	0	0	0.999961
8872	1	metal5	800	782	0	0	0	0.99996
8873	1	metal5	810	782	0	0	0	0.99996
8874	1	metal5	820	782	0	0	0	0.99996
8875	1	metal5	830	782	0	0	0	0.999959
8876	1	metal5	840	782	0	0	0	0.999959
8877	1	metal5	850	782	0	0	0	0.999958
8878	1	metal5	860	782	0	0	0	0.999958
8879	1	metal5	870	782	0	0	0	0.999958
8880	1	metal5	880	782	0	0	0	0.999957
8881	1	metal5	890	782	0	0	0	0.999957
8882	1	metal5	900	782	0	0	0	0.999957
8883	1	metal5	910	782	0	0	0	0.999956
8884	1	metal5	920	782	0	0	0	0.999956
8885	1	metal5	930	782	0	0	0	0.999956
8886	1	metal5	940	782	0	0	0	0.999955
8887	1	metal5	950	782	0	0	0	0.999955
8888	1	metal5	960	782	0	0	0	0.999955
8889	1	metal5	970	782	0	0	0	0.999955
8890	1	metal5	980	782	0	0	0	0.999955
8891	1	metal5	990	782	0	0	0	0.999955
8892	1	metal5	1000	782	0	0	0	0.999954
8893	1	metal5	1010	782	0	0	0	0.999954
8894	1	metal5	1020	782	0	0	0	0.999954
8895	1	metal5	1030	782	0	0	0	0.999954
8896	1	metal5	1040	782	0	0	0	0.999954
8897	1	metal5	1050	782	0	0	0	0.999954
8898	1	metal5	1060	782	0	0	0	0.999954
8899	1	metal5	1070	782	0	0	0	0.999954
8900	1	metal5	1080	782	0	0	0	0.999954
8901	1	metal5	1090	782	0	0	0	0.999954
8902	1	metal5	10	792	0	0	0	0.999952
8903	1	metal5	20	792	0	0	0	0.999952
8904	1	metal5	30	792	0	0	0	0.999953
8905	1	metal5	40	792	0	0	0	0.999953
8906	1	metal5	50	792	0	0	0	0.999953
8907	1	metal5	60	792	0	0	0	0.999953
8908	1	metal5	70	792	0	0	0	0.999952
8909	1	metal5	80	792	0	0	0	0.999953
8910	1	metal5	90	792	0	0	0	0.999953
8911	1	metal5	100	792	0	0	0	0.999953
8912	1	metal5	110	792	0	0	0	0.999953
8913	1	metal5	120	792	0	0	0	0.999953
8914	1	metal5	130	792	0	0	0	0.999953
8915	1	metal5	140	792	0	0	0	0.999954
8916	1	metal5	150	792	0	0	0	0.999954
8917	1	metal5	160	792	0	0	0	0.999954
8918	1	metal5	170	792	0	0	0	0.999954
8919	1	metal5	180	792	0	0	0	0.999954
8920	1	metal5	190	792	0	0	0	0.999955
8921	1	metal5	200	792	0	0	0	0.999955
8922	1	metal5	210	792	0	0	0	0.999955
8923	1	metal5	220	792	0	0	0	0.999955
8924	1	metal5	230	792	0	0	0	0.999955
8925	1	metal5	240	792	0	0	0	0.999956
8926	1	metal5	250	792	0	0	0	0.999957
8927	1	metal5	260	792	0	0	0	0.999957
8928	1	metal5	270	792	0	0	0	0.999958
8929	1	metal5	280	792	0	0	0	0.999958
8930	1	metal5	290	792	0	0	0	0.999957
8931	1	metal5	300	792	0	0	0	0.999959
8932	1	metal5	310	792	0	0	0	0.99996
8933	1	metal5	320	792	0	0	0	0.99996
8934	1	metal5	330	792	0	0	0	0.999961
8935	1	metal5	340	792	0	0	0	0.999961
8936	1	metal5	350	792	0	0	0	0.99996
8937	1	metal5	360	792	0	0	0	0.999962
8938	1	metal5	370	792	0	0	0	0.999964
8939	1	metal5	380	792	0	0	0	0.999964
8940	1	metal5	390	792	0	0	0	0.999964
8941	1	metal5	400	792	0	0	0	0.999963
8942	1	metal5	410	792	0	0	0	0.999966
8943	1	metal5	420	792	0	0	0	0.999968
8944	1	metal5	430	792	0	0	0	0.99997
8945	1	metal5	440	792	0	0	0	0.99997
8946	1	metal5	450	792	0	0	0	0.99997
8947	1	metal5	460	792	0	0	0	0.999968
8948	1	metal5	470	792	0	0	0	0.999972
8949	1	metal5	480	792	0	0	0	0.999975
8950	1	metal5	490	792	0	0	0	0.999977
8951	1	metal5	500	792	0	0	0	0.999976
8952	1	metal5	510	792	0	0	0	0.999972
8953	1	metal5	520	792	0	0	0	0.999981
8954	1	metal5	530	792	0	0	0	0.999984
8955	1	metal5	540	792	0	0	0	0.999986
8956	1	metal5	550	792	0	0	0	0.999988
8957	1	metal5	560	792	0	0	0	0.999982
8958	1	metal5	570	792	0	0	0	0.999975
8959	1	metal5	580	792	0	0	0	0.999981
8960	1	metal5	590	792	0	0	0	0.999981
8961	1	metal5	600	792	0	0	0	0.99998
8962	1	metal5	610	792	0	0	0	0.999979
8963	1	metal5	620	792	0	0	0	0.999975
8964	1	metal5	630	792	0	0	0	0.999969
8965	1	metal5	640	792	0	0	0	0.999973
8966	1	metal5	650	792	0	0	0	0.999972
8967	1	metal5	660	792	0	0	0	0.999971
8968	1	metal5	670	792	0	0	0	0.999969
8969	1	metal5	680	792	0	0	0	0.999965
8970	1	metal5	690	792	0	0	0	0.999967
8971	1	metal5	700	792	0	0	0	0.999967
8972	1	metal5	710	792	0	0	0	0.999967
8973	1	metal5	720	792	0	0	0	0.999966
8974	1	metal5	730	792	0	0	0	0.999964
8975	1	metal5	740	792	0	0	0	0.999962
8976	1	metal5	750	792	0	0	0	0.999963
8977	1	metal5	760	792	0	0	0	0.999963
8978	1	metal5	770	792	0	0	0	0.999962
8979	1	metal5	780	792	0	0	0	0.999961
8980	1	metal5	790	792	0	0	0	0.999959
8981	1	metal5	800	792	0	0	0	0.99996
8982	1	metal5	810	792	0	0	0	0.99996
8983	1	metal5	820	792	0	0	0	0.99996
8984	1	metal5	830	792	0	0	0	0.999959
8985	1	metal5	840	792	0	0	0	0.999958
8986	1	metal5	850	792	0	0	0	0.999957
8987	1	metal5	860	792	0	0	0	0.999958
8988	1	metal5	870	792	0	0	0	0.999958
8989	1	metal5	880	792	0	0	0	0.999957
8990	1	metal5	890	792	0	0	0	0.999957
8991	1	metal5	900	792	0	0	0	0.999956
8992	1	metal5	910	792	0	0	0	0.999956
8993	1	metal5	920	792	0	0	0	0.999956
8994	1	metal5	930	792	0	0	0	0.999956
8995	1	metal5	940	792	0	0	0	0.999955
8996	1	metal5	950	792	0	0	0	0.999955
8997	1	metal5	960	792	0	0	0	0.999954
8998	1	metal5	970	792	0	0	0	0.999955
8999	1	metal5	980	792	0	0	0	0.999955
9000	1	metal5	990	792	0	0	0	0.999955
9001	1	metal5	1000	792	0	0	0	0.999955
9002	1	metal5	1010	792	0	0	0	0.999954
9003	1	metal5	1020	792	0	0	0	0.999954
9004	1	metal5	1030	792	0	0	0	0.999954
9005	1	metal5	1040	792	0	0	0	0.999954
9006	1	metal5	1050	792	0	0	0	0.999954
9007	1	metal5	1060	792	0	0	0	0.999954
9008	1	metal5	1070	792	0	0	0	0.999953
9009	1	metal5	1080	792	0	0	0	0.999954
9010	1	metal5	1090	792	0	0	0	0.999954
9011	1	metal5	10	802	0	0	0	0.999953
9012	1	metal5	20	802	0	0	0	0.999953
9013	1	metal5	30	802	0	0	0	0.999953
9014	1	metal5	40	802	0	0	0	0.999953
9015	1	metal5	50	802	0	0	0	0.999953
9016	1	metal5	60	802	0	0	0	0.999953
9017	1	metal5	70	802	0	0	0	0.999953
9018	1	metal5	80	802	0	0	0	0.999954
9019	1	metal5	90	802	0	0	0	0.999954
9020	1	metal5	100	802	0	0	0	0.999954
9021	1	metal5	110	802	0	0	0	0.999954
9022	1	metal5	120	802	0	0	0	0.999954
9023	1	metal5	130	802	0	0	0	0.999954
9024	1	metal5	140	802	0	0	0	0.999954
9025	1	metal5	150	802	0	0	0	0.999955
9026	1	metal5	160	802	0	0	0	0.999955
9027	1	metal5	170	802	0	0	0	0.999955
9028	1	metal5	180	802	0	0	0	0.999955
9029	1	metal5	190	802	0	0	0	0.999955
9030	1	metal5	200	802	0	0	0	0.999956
9031	1	metal5	210	802	0	0	0	0.999956
9032	1	metal5	220	802	0	0	0	0.999956
9033	1	metal5	230	802	0	0	0	0.999957
9034	1	metal5	240	802	0	0	0	0.999957
9035	1	metal5	250	802	0	0	0	0.999958
9036	1	metal5	260	802	0	0	0	0.999958
9037	1	metal5	270	802	0	0	0	0.999958
9038	1	metal5	280	802	0	0	0	0.999959
9039	1	metal5	290	802	0	0	0	0.999959
9040	1	metal5	300	802	0	0	0	0.99996
9041	1	metal5	310	802	0	0	0	0.99996
9042	1	metal5	320	802	0	0	0	0.999961
9043	1	metal5	330	802	0	0	0	0.999962
9044	1	metal5	340	802	0	0	0	0.999962
9045	1	metal5	350	802	0	0	0	0.999963
9046	1	metal5	360	802	0	0	0	0.999963
9047	1	metal5	370	802	0	0	0	0.999964
9048	1	metal5	380	802	0	0	0	0.999965
9049	1	metal5	390	802	0	0	0	0.999966
9050	1	metal5	400	802	0	0	0	0.999967
9051	1	metal5	410	802	0	0	0	0.999968
9052	1	metal5	420	802	0	0	0	0.999969
9053	1	metal5	430	802	0	0	0	0.999971
9054	1	metal5	440	802	0	0	0	0.999971
9055	1	metal5	450	802	0	0	0	0.999972
9056	1	metal5	460	802	0	0	0	0.999974
9057	1	metal5	470	802	0	0	0	0.999975
9058	1	metal5	480	802	0	0	0	0.999977
9059	1	metal5	490	802	0	0	0	0.999979
9060	1	metal5	500	802	0	0	0	0.999979
9061	1	metal5	510	802	0	0	0	0.999981
9062	1	metal5	520	802	0	0	0	0.999983
9063	1	metal5	530	802	0	0	0	0.999985
9064	1	metal5	540	802	0	0	0	0.999986
9065	1	metal5	550	802	0	0	0	0.999987
9066	1	metal5	560	802	0	0	0	0.999985
9067	1	metal5	570	802	0	0	0	0.999984
9068	1	metal5	580	802	0	0	0	0.999984
9069	1	metal5	590	802	0	0	0	0.999982
9070	1	metal5	600	802	0	0	0	0.999981
9071	1	metal5	610	802	0	0	0	0.99998
9072	1	metal5	620	802	0	0	0	0.999977
9073	1	metal5	630	802	0	0	0	0.999975
9074	1	metal5	640	802	0	0	0	0.999975
9075	1	metal5	650	802	0	0	0	0.999973
9076	1	metal5	660	802	0	0	0	0.999972
9077	1	metal5	670	802	0	0	0	0.999971
9078	1	metal5	680	802	0	0	0	0.999969
9079	1	metal5	690	802	0	0	0	0.999969
9080	1	metal5	700	802	0	0	0	0.999968
9081	1	metal5	710	802	0	0	0	0.999967
9082	1	metal5	720	802	0	0	0	0.999966
9083	1	metal5	730	802	0	0	0	0.999965
9084	1	metal5	740	802	0	0	0	0.999964
9085	1	metal5	750	802	0	0	0	0.999964
9086	1	metal5	760	802	0	0	0	0.999963
9087	1	metal5	770	802	0	0	0	0.999963
9088	1	metal5	780	802	0	0	0	0.999962
9089	1	metal5	790	802	0	0	0	0.999961
9090	1	metal5	800	802	0	0	0	0.999961
9091	1	metal5	810	802	0	0	0	0.99996
9092	1	metal5	820	802	0	0	0	0.99996
9093	1	metal5	830	802	0	0	0	0.99996
9094	1	metal5	840	802	0	0	0	0.999959
9095	1	metal5	850	802	0	0	0	0.999959
9096	1	metal5	860	802	0	0	0	0.999958
9097	1	metal5	870	802	0	0	0	0.999958
9098	1	metal5	880	802	0	0	0	0.999958
9099	1	metal5	890	802	0	0	0	0.999957
9100	1	metal5	900	802	0	0	0	0.999957
9101	1	metal5	910	802	0	0	0	0.999957
9102	1	metal5	920	802	0	0	0	0.999956
9103	1	metal5	930	802	0	0	0	0.999956
9104	1	metal5	940	802	0	0	0	0.999956
9105	1	metal5	950	802	0	0	0	0.999955
9106	1	metal5	960	802	0	0	0	0.999955
9107	1	metal5	970	802	0	0	0	0.999955
9108	1	metal5	980	802	0	0	0	0.999955
9109	1	metal5	990	802	0	0	0	0.999955
9110	1	metal5	1000	802	0	0	0	0.999955
9111	1	metal5	1010	802	0	0	0	0.999955
9112	1	metal5	1020	802	0	0	0	0.999954
9113	1	metal5	1030	802	0	0	0	0.999954
9114	1	metal5	1040	802	0	0	0	0.999954
9115	1	metal5	1050	802	0	0	0	0.999954
9116	1	metal5	1060	802	0	0	0	0.999954
9117	1	metal5	1070	802	0	0	0	0.999954
9118	1	metal5	1080	802	0	0	0	0.999954
9119	1	metal5	1090	802	0	0	0	0.999954
9120	1	metal5	10	812	0	0	0	0.999954
9121	1	metal5	20	812	0	0	0	0.999954
9122	1	metal5	30	812	0	0	0	0.999954
9123	1	metal5	40	812	0	0	0	0.999954
9124	1	metal5	50	812	0	0	0	0.999954
9125	1	metal5	60	812	0	0	0	0.999954
9126	1	metal5	70	812	0	0	0	0.999954
9127	1	metal5	80	812	0	0	0	0.999954
9128	1	metal5	90	812	0	0	0	0.999954
9129	1	metal5	100	812	0	0	0	0.999954
9130	1	metal5	110	812	0	0	0	0.999954
9131	1	metal5	120	812	0	0	0	0.999954
9132	1	metal5	130	812	0	0	0	0.999955
9133	1	metal5	140	812	0	0	0	0.999955
9134	1	metal5	150	812	0	0	0	0.999955
9135	1	metal5	160	812	0	0	0	0.999955
9136	1	metal5	170	812	0	0	0	0.999955
9137	1	metal5	180	812	0	0	0	0.999956
9138	1	metal5	190	812	0	0	0	0.999956
9139	1	metal5	200	812	0	0	0	0.999956
9140	1	metal5	210	812	0	0	0	0.999957
9141	1	metal5	220	812	0	0	0	0.999957
9142	1	metal5	230	812	0	0	0	0.999957
9143	1	metal5	240	812	0	0	0	0.999958
9144	1	metal5	250	812	0	0	0	0.999958
9145	1	metal5	260	812	0	0	0	0.999958
9146	1	metal5	270	812	0	0	0	0.999959
9147	1	metal5	280	812	0	0	0	0.999959
9148	1	metal5	290	812	0	0	0	0.99996
9149	1	metal5	300	812	0	0	0	0.99996
9150	1	metal5	310	812	0	0	0	0.999961
9151	1	metal5	320	812	0	0	0	0.999962
9152	1	metal5	330	812	0	0	0	0.999962
9153	1	metal5	340	812	0	0	0	0.999963
9154	1	metal5	350	812	0	0	0	0.999963
9155	1	metal5	360	812	0	0	0	0.999964
9156	1	metal5	370	812	0	0	0	0.999965
9157	1	metal5	380	812	0	0	0	0.999966
9158	1	metal5	390	812	0	0	0	0.999967
9159	1	metal5	400	812	0	0	0	0.999968
9160	1	metal5	410	812	0	0	0	0.999969
9161	1	metal5	420	812	0	0	0	0.99997
9162	1	metal5	430	812	0	0	0	0.999971
9163	1	metal5	440	812	0	0	0	0.999972
9164	1	metal5	450	812	0	0	0	0.999973
9165	1	metal5	460	812	0	0	0	0.999975
9166	1	metal5	470	812	0	0	0	0.999976
9167	1	metal5	480	812	0	0	0	0.999978
9168	1	metal5	490	812	0	0	0	0.999979
9169	1	metal5	500	812	0	0	0	0.99998
9170	1	metal5	510	812	0	0	0	0.999982
9171	1	metal5	520	812	0	0	0	0.999984
9172	1	metal5	530	812	0	0	0	0.999985
9173	1	metal5	540	812	0	0	0	0.999987
9174	1	metal5	550	812	0	0	0	0.999988
9175	1	metal5	560	812	0	0	0	0.999986
9176	1	metal5	570	812	0	0	0	0.999985
9177	1	metal5	580	812	0	0	0	0.999985
9178	1	metal5	590	812	0	0	0	0.999983
9179	1	metal5	600	812	0	0	0	0.999982
9180	1	metal5	610	812	0	0	0	0.99998
9181	1	metal5	620	812	0	0	0	0.999978
9182	1	metal5	630	812	0	0	0	0.999976
9183	1	metal5	640	812	0	0	0	0.999975
9184	1	metal5	650	812	0	0	0	0.999974
9185	1	metal5	660	812	0	0	0	0.999973
9186	1	metal5	670	812	0	0	0	0.999972
9187	1	metal5	680	812	0	0	0	0.99997
9188	1	metal5	690	812	0	0	0	0.999969
9189	1	metal5	700	812	0	0	0	0.999969
9190	1	metal5	710	812	0	0	0	0.999968
9191	1	metal5	720	812	0	0	0	0.999967
9192	1	metal5	730	812	0	0	0	0.999966
9193	1	metal5	740	812	0	0	0	0.999965
9194	1	metal5	750	812	0	0	0	0.999964
9195	1	metal5	760	812	0	0	0	0.999964
9196	1	metal5	770	812	0	0	0	0.999963
9197	1	metal5	780	812	0	0	0	0.999962
9198	1	metal5	790	812	0	0	0	0.999962
9199	1	metal5	800	812	0	0	0	0.999961
9200	1	metal5	810	812	0	0	0	0.999961
9201	1	metal5	820	812	0	0	0	0.99996
9202	1	metal5	830	812	0	0	0	0.99996
9203	1	metal5	840	812	0	0	0	0.999959
9204	1	metal5	850	812	0	0	0	0.999959
9205	1	metal5	860	812	0	0	0	0.999959
9206	1	metal5	870	812	0	0	0	0.999958
9207	1	metal5	880	812	0	0	0	0.999958
9208	1	metal5	890	812	0	0	0	0.999957
9209	1	metal5	900	812	0	0	0	0.999957
9210	1	metal5	910	812	0	0	0	0.999957
9211	1	metal5	920	812	0	0	0	0.999957
9212	1	metal5	930	812	0	0	0	0.999956
9213	1	metal5	940	812	0	0	0	0.999956
9214	1	metal5	950	812	0	0	0	0.999956
9215	1	metal5	960	812	0	0	0	0.999955
9216	1	metal5	970	812	0	0	0	0.999955
9217	1	metal5	980	812	0	0	0	0.999955
9218	1	metal5	990	812	0	0	0	0.999955
9219	1	metal5	1000	812	0	0	0	0.999955
9220	1	metal5	1010	812	0	0	0	0.999955
9221	1	metal5	1020	812	0	0	0	0.999955
9222	1	metal5	1030	812	0	0	0	0.999955
9223	1	metal5	1040	812	0	0	0	0.999954
9224	1	metal5	1050	812	0	0	0	0.999954
9225	1	metal5	1060	812	0	0	0	0.999954
9226	1	metal5	1070	812	0	0	0	0.999954
9227	1	metal5	1080	812	0	0	0	0.999954
9228	1	metal5	1090	812	0	0	0	0.999954
9229	1	metal5	10	822	0	0	0	0.999954
9230	1	metal5	20	822	0	0	0	0.999954
9231	1	metal5	30	822	0	0	0	0.999954
9232	1	metal5	40	822	0	0	0	0.999954
9233	1	metal5	50	822	0	0	0	0.999954
9234	1	metal5	60	822	0	0	0	0.999954
9235	1	metal5	70	822	0	0	0	0.999954
9236	1	metal5	80	822	0	0	0	0.999955
9237	1	metal5	90	822	0	0	0	0.999955
9238	1	metal5	100	822	0	0	0	0.999955
9239	1	metal5	110	822	0	0	0	0.999955
9240	1	metal5	120	822	0	0	0	0.999955
9241	1	metal5	130	822	0	0	0	0.999955
9242	1	metal5	140	822	0	0	0	0.999955
9243	1	metal5	150	822	0	0	0	0.999956
9244	1	metal5	160	822	0	0	0	0.999956
9245	1	metal5	170	822	0	0	0	0.999956
9246	1	metal5	180	822	0	0	0	0.999956
9247	1	metal5	190	822	0	0	0	0.999957
9248	1	metal5	200	822	0	0	0	0.999957
9249	1	metal5	210	822	0	0	0	0.999957
9250	1	metal5	220	822	0	0	0	0.999958
9251	1	metal5	230	822	0	0	0	0.999958
9252	1	metal5	240	822	0	0	0	0.999958
9253	1	metal5	250	822	0	0	0	0.999959
9254	1	metal5	260	822	0	0	0	0.999959
9255	1	metal5	270	822	0	0	0	0.999959
9256	1	metal5	280	822	0	0	0	0.99996
9257	1	metal5	290	822	0	0	0	0.99996
9258	1	metal5	300	822	0	0	0	0.999961
9259	1	metal5	310	822	0	0	0	0.999962
9260	1	metal5	320	822	0	0	0	0.999962
9261	1	metal5	330	822	0	0	0	0.999963
9262	1	metal5	340	822	0	0	0	0.999964
9263	1	metal5	350	822	0	0	0	0.999964
9264	1	metal5	360	822	0	0	0	0.999965
9265	1	metal5	370	822	0	0	0	0.999966
9266	1	metal5	380	822	0	0	0	0.999966
9267	1	metal5	390	822	0	0	0	0.999967
9268	1	metal5	400	822	0	0	0	0.999969
9269	1	metal5	410	822	0	0	0	0.999969
9270	1	metal5	420	822	0	0	0	0.999971
9271	1	metal5	430	822	0	0	0	0.999972
9272	1	metal5	440	822	0	0	0	0.999973
9273	1	metal5	450	822	0	0	0	0.999974
9274	1	metal5	460	822	0	0	0	0.999976
9275	1	metal5	470	822	0	0	0	0.999977
9276	1	metal5	480	822	0	0	0	0.999978
9277	1	metal5	490	822	0	0	0	0.999981
9278	1	metal5	500	822	0	0	0	0.999981
9279	1	metal5	510	822	0	0	0	0.999983
9280	1	metal5	520	822	0	0	0	0.999986
9281	1	metal5	530	822	0	0	0	0.999986
9282	1	metal5	540	822	0	0	0	0.999988
9283	1	metal5	550	822	0	0	0	0.99999
9284	1	metal5	560	822	0	0	0	0.999987
9285	1	metal5	570	822	0	0	0	0.999986
9286	1	metal5	580	822	0	0	0	0.999986
9287	1	metal5	590	822	0	0	0	0.999984
9288	1	metal5	600	822	0	0	0	0.999982
9289	1	metal5	610	822	0	0	0	0.999981
9290	1	metal5	620	822	0	0	0	0.999979
9291	1	metal5	630	822	0	0	0	0.999977
9292	1	metal5	640	822	0	0	0	0.999976
9293	1	metal5	650	822	0	0	0	0.999975
9294	1	metal5	660	822	0	0	0	0.999973
9295	1	metal5	670	822	0	0	0	0.999972
9296	1	metal5	680	822	0	0	0	0.999971
9297	1	metal5	690	822	0	0	0	0.99997
9298	1	metal5	700	822	0	0	0	0.999969
9299	1	metal5	710	822	0	0	0	0.999968
9300	1	metal5	720	822	0	0	0	0.999967
9301	1	metal5	730	822	0	0	0	0.999966
9302	1	metal5	740	822	0	0	0	0.999965
9303	1	metal5	750	822	0	0	0	0.999965
9304	1	metal5	760	822	0	0	0	0.999964
9305	1	metal5	770	822	0	0	0	0.999963
9306	1	metal5	780	822	0	0	0	0.999963
9307	1	metal5	790	822	0	0	0	0.999962
9308	1	metal5	800	822	0	0	0	0.999961
9309	1	metal5	810	822	0	0	0	0.999961
9310	1	metal5	820	822	0	0	0	0.999961
9311	1	metal5	830	822	0	0	0	0.99996
9312	1	metal5	840	822	0	0	0	0.99996
9313	1	metal5	850	822	0	0	0	0.999959
9314	1	metal5	860	822	0	0	0	0.999959
9315	1	metal5	870	822	0	0	0	0.999958
9316	1	metal5	880	822	0	0	0	0.999958
9317	1	metal5	890	822	0	0	0	0.999958
9318	1	metal5	900	822	0	0	0	0.999957
9319	1	metal5	910	822	0	0	0	0.999957
9320	1	metal5	920	822	0	0	0	0.999957
9321	1	metal5	930	822	0	0	0	0.999956
9322	1	metal5	940	822	0	0	0	0.999956
9323	1	metal5	950	822	0	0	0	0.999956
9324	1	metal5	960	822	0	0	0	0.999956
9325	1	metal5	970	822	0	0	0	0.999956
9326	1	metal5	980	822	0	0	0	0.999955
9327	1	metal5	990	822	0	0	0	0.999955
9328	1	metal5	1000	822	0	0	0	0.999955
9329	1	metal5	1010	822	0	0	0	0.999955
9330	1	metal5	1020	822	0	0	0	0.999955
9331	1	metal5	1030	822	0	0	0	0.999955
9332	1	metal5	1040	822	0	0	0	0.999955
9333	1	metal5	1050	822	0	0	0	0.999955
9334	1	metal5	1060	822	0	0	0	0.999955
9335	1	metal5	1070	822	0	0	0	0.999954
9336	1	metal5	1080	822	0	0	0	0.999954
9337	1	metal5	1090	822	0	0	0	0.999955
9338	1	metal5	10	832	0	0	0	0.999955
9339	1	metal5	20	832	0	0	0	0.999955
9340	1	metal5	30	832	0	0	0	0.999955
9341	1	metal5	40	832	0	0	0	0.999955
9342	1	metal5	50	832	0	0	0	0.999955
9343	1	metal5	60	832	0	0	0	0.999955
9344	1	metal5	70	832	0	0	0	0.999955
9345	1	metal5	80	832	0	0	0	0.999955
9346	1	metal5	90	832	0	0	0	0.999955
9347	1	metal5	100	832	0	0	0	0.999955
9348	1	metal5	110	832	0	0	0	0.999955
9349	1	metal5	120	832	0	0	0	0.999955
9350	1	metal5	130	832	0	0	0	0.999956
9351	1	metal5	140	832	0	0	0	0.999956
9352	1	metal5	150	832	0	0	0	0.999956
9353	1	metal5	160	832	0	0	0	0.999956
9354	1	metal5	170	832	0	0	0	0.999956
9355	1	metal5	180	832	0	0	0	0.999957
9356	1	metal5	190	832	0	0	0	0.999957
9357	1	metal5	200	832	0	0	0	0.999957
9358	1	metal5	210	832	0	0	0	0.999957
9359	1	metal5	220	832	0	0	0	0.999958
9360	1	metal5	230	832	0	0	0	0.999958
9361	1	metal5	240	832	0	0	0	0.999958
9362	1	metal5	250	832	0	0	0	0.999959
9363	1	metal5	260	832	0	0	0	0.999959
9364	1	metal5	270	832	0	0	0	0.99996
9365	1	metal5	280	832	0	0	0	0.99996
9366	1	metal5	290	832	0	0	0	0.999961
9367	1	metal5	300	832	0	0	0	0.999961
9368	1	metal5	310	832	0	0	0	0.999962
9369	1	metal5	320	832	0	0	0	0.999962
9370	1	metal5	330	832	0	0	0	0.999963
9371	1	metal5	340	832	0	0	0	0.999964
9372	1	metal5	350	832	0	0	0	0.999964
9373	1	metal5	360	832	0	0	0	0.999965
9374	1	metal5	370	832	0	0	0	0.999966
9375	1	metal5	380	832	0	0	0	0.999967
9376	1	metal5	390	832	0	0	0	0.999967
9377	1	metal5	400	832	0	0	0	0.999969
9378	1	metal5	410	832	0	0	0	0.999969
9379	1	metal5	420	832	0	0	0	0.999971
9380	1	metal5	430	832	0	0	0	0.999972
9381	1	metal5	440	832	0	0	0	0.999973
9382	1	metal5	450	832	0	0	0	0.999974
9383	1	metal5	460	832	0	0	0	0.999975
9384	1	metal5	470	832	0	0	0	0.999977
9385	1	metal5	480	832	0	0	0	0.999978
9386	1	metal5	490	832	0	0	0	0.99998
9387	1	metal5	500	832	0	0	0	0.999981
9388	1	metal5	510	832	0	0	0	0.999982
9389	1	metal5	520	832	0	0	0	0.999985
9390	1	metal5	530	832	0	0	0	0.999986
9391	1	metal5	540	832	0	0	0	0.999987
9392	1	metal5	550	832	0	0	0	0.999988
9393	1	metal5	560	832	0	0	0	0.999987
9394	1	metal5	570	832	0	0	0	0.999985
9395	1	metal5	580	832	0	0	0	0.999985
9396	1	metal5	590	832	0	0	0	0.999983
9397	1	metal5	600	832	0	0	0	0.999982
9398	1	metal5	610	832	0	0	0	0.999981
9399	1	metal5	620	832	0	0	0	0.999978
9400	1	metal5	630	832	0	0	0	0.999977
9401	1	metal5	640	832	0	0	0	0.999976
9402	1	metal5	650	832	0	0	0	0.999974
9403	1	metal5	660	832	0	0	0	0.999973
9404	1	metal5	670	832	0	0	0	0.999972
9405	1	metal5	680	832	0	0	0	0.99997
9406	1	metal5	690	832	0	0	0	0.99997
9407	1	metal5	700	832	0	0	0	0.999969
9408	1	metal5	710	832	0	0	0	0.999968
9409	1	metal5	720	832	0	0	0	0.999967
9410	1	metal5	730	832	0	0	0	0.999966
9411	1	metal5	740	832	0	0	0	0.999965
9412	1	metal5	750	832	0	0	0	0.999964
9413	1	metal5	760	832	0	0	0	0.999964
9414	1	metal5	770	832	0	0	0	0.999963
9415	1	metal5	780	832	0	0	0	0.999963
9416	1	metal5	790	832	0	0	0	0.999962
9417	1	metal5	800	832	0	0	0	0.999962
9418	1	metal5	810	832	0	0	0	0.999961
9419	1	metal5	820	832	0	0	0	0.999961
9420	1	metal5	830	832	0	0	0	0.99996
9421	1	metal5	840	832	0	0	0	0.99996
9422	1	metal5	850	832	0	0	0	0.999959
9423	1	metal5	860	832	0	0	0	0.999959
9424	1	metal5	870	832	0	0	0	0.999958
9425	1	metal5	880	832	0	0	0	0.999958
9426	1	metal5	890	832	0	0	0	0.999958
9427	1	metal5	900	832	0	0	0	0.999957
9428	1	metal5	910	832	0	0	0	0.999957
9429	1	metal5	920	832	0	0	0	0.999957
9430	1	metal5	930	832	0	0	0	0.999956
9431	1	metal5	940	832	0	0	0	0.999956
9432	1	metal5	950	832	0	0	0	0.999956
9433	1	metal5	960	832	0	0	0	0.999956
9434	1	metal5	970	832	0	0	0	0.999956
9435	1	metal5	980	832	0	0	0	0.999955
9436	1	metal5	990	832	0	0	0	0.999955
9437	1	metal5	1000	832	0	0	0	0.999955
9438	1	metal5	1010	832	0	0	0	0.999955
9439	1	metal5	1020	832	0	0	0	0.999955
9440	1	metal5	1030	832	0	0	0	0.999955
9441	1	metal5	1040	832	0	0	0	0.999955
9442	1	metal5	1050	832	0	0	0	0.999955
9443	1	metal5	1060	832	0	0	0	0.999955
9444	1	metal5	1070	832	0	0	0	0.999955
9445	1	metal5	1080	832	0	0	0	0.999955
9446	1	metal5	1090	832	0	0	0	0.999955
9447	1	metal5	10	842	0	0	0	0.999955
9448	1	metal5	20	842	0	0	0	0.999955
9449	1	metal5	30	842	0	0	0	0.999955
9450	1	metal5	40	842	0	0	0	0.999955
9451	1	metal5	50	842	0	0	0	0.999955
9452	1	metal5	60	842	0	0	0	0.999955
9453	1	metal5	70	842	0	0	0	0.999955
9454	1	metal5	80	842	0	0	0	0.999955
9455	1	metal5	90	842	0	0	0	0.999955
9456	1	metal5	100	842	0	0	0	0.999956
9457	1	metal5	110	842	0	0	0	0.999956
9458	1	metal5	120	842	0	0	0	0.999956
9459	1	metal5	130	842	0	0	0	0.999956
9460	1	metal5	140	842	0	0	0	0.999956
9461	1	metal5	150	842	0	0	0	0.999956
9462	1	metal5	160	842	0	0	0	0.999957
9463	1	metal5	170	842	0	0	0	0.999957
9464	1	metal5	180	842	0	0	0	0.999957
9465	1	metal5	190	842	0	0	0	0.999957
9466	1	metal5	200	842	0	0	0	0.999957
9467	1	metal5	210	842	0	0	0	0.999958
9468	1	metal5	220	842	0	0	0	0.999958
9469	1	metal5	230	842	0	0	0	0.999958
9470	1	metal5	240	842	0	0	0	0.999959
9471	1	metal5	250	842	0	0	0	0.999959
9472	1	metal5	260	842	0	0	0	0.99996
9473	1	metal5	270	842	0	0	0	0.99996
9474	1	metal5	280	842	0	0	0	0.99996
9475	1	metal5	290	842	0	0	0	0.999961
9476	1	metal5	300	842	0	0	0	0.999961
9477	1	metal5	310	842	0	0	0	0.999962
9478	1	metal5	320	842	0	0	0	0.999963
9479	1	metal5	330	842	0	0	0	0.999963
9480	1	metal5	340	842	0	0	0	0.999964
9481	1	metal5	350	842	0	0	0	0.999964
9482	1	metal5	360	842	0	0	0	0.999965
9483	1	metal5	370	842	0	0	0	0.999966
9484	1	metal5	380	842	0	0	0	0.999967
9485	1	metal5	390	842	0	0	0	0.999967
9486	1	metal5	400	842	0	0	0	0.999968
9487	1	metal5	410	842	0	0	0	0.999969
9488	1	metal5	420	842	0	0	0	0.999971
9489	1	metal5	430	842	0	0	0	0.999972
9490	1	metal5	440	842	0	0	0	0.999973
9491	1	metal5	450	842	0	0	0	0.999974
9492	1	metal5	460	842	0	0	0	0.999975
9493	1	metal5	470	842	0	0	0	0.999976
9494	1	metal5	480	842	0	0	0	0.999978
9495	1	metal5	490	842	0	0	0	0.99998
9496	1	metal5	500	842	0	0	0	0.99998
9497	1	metal5	510	842	0	0	0	0.999981
9498	1	metal5	520	842	0	0	0	0.999984
9499	1	metal5	530	842	0	0	0	0.999985
9500	1	metal5	540	842	0	0	0	0.999987
9501	1	metal5	550	842	0	0	0	0.999988
9502	1	metal5	560	842	0	0	0	0.999986
9503	1	metal5	570	842	0	0	0	0.999984
9504	1	metal5	580	842	0	0	0	0.999984
9505	1	metal5	590	842	0	0	0	0.999983
9506	1	metal5	600	842	0	0	0	0.999981
9507	1	metal5	610	842	0	0	0	0.99998
9508	1	metal5	620	842	0	0	0	0.999978
9509	1	metal5	630	842	0	0	0	0.999976
9510	1	metal5	640	842	0	0	0	0.999975
9511	1	metal5	650	842	0	0	0	0.999974
9512	1	metal5	660	842	0	0	0	0.999973
9513	1	metal5	670	842	0	0	0	0.999972
9514	1	metal5	680	842	0	0	0	0.99997
9515	1	metal5	690	842	0	0	0	0.999969
9516	1	metal5	700	842	0	0	0	0.999969
9517	1	metal5	710	842	0	0	0	0.999968
9518	1	metal5	720	842	0	0	0	0.999967
9519	1	metal5	730	842	0	0	0	0.999966
9520	1	metal5	740	842	0	0	0	0.999965
9521	1	metal5	750	842	0	0	0	0.999964
9522	1	metal5	760	842	0	0	0	0.999964
9523	1	metal5	770	842	0	0	0	0.999963
9524	1	metal5	780	842	0	0	0	0.999963
9525	1	metal5	790	842	0	0	0	0.999962
9526	1	metal5	800	842	0	0	0	0.999961
9527	1	metal5	810	842	0	0	0	0.999961
9528	1	metal5	820	842	0	0	0	0.999961
9529	1	metal5	830	842	0	0	0	0.99996
9530	1	metal5	840	842	0	0	0	0.99996
9531	1	metal5	850	842	0	0	0	0.999959
9532	1	metal5	860	842	0	0	0	0.999959
9533	1	metal5	870	842	0	0	0	0.999959
9534	1	metal5	880	842	0	0	0	0.999958
9535	1	metal5	890	842	0	0	0	0.999958
9536	1	metal5	900	842	0	0	0	0.999957
9537	1	metal5	910	842	0	0	0	0.999957
9538	1	metal5	920	842	0	0	0	0.999957
9539	1	metal5	930	842	0	0	0	0.999957
9540	1	metal5	940	842	0	0	0	0.999956
9541	1	metal5	950	842	0	0	0	0.999956
9542	1	metal5	960	842	0	0	0	0.999956
9543	1	metal5	970	842	0	0	0	0.999956
9544	1	metal5	980	842	0	0	0	0.999955
9545	1	metal5	990	842	0	0	0	0.999955
9546	1	metal5	1000	842	0	0	0	0.999955
9547	1	metal5	1010	842	0	0	0	0.999955
9548	1	metal5	1020	842	0	0	0	0.999955
9549	1	metal5	1030	842	0	0	0	0.999955
9550	1	metal5	1040	842	0	0	0	0.999955
9551	1	metal5	1050	842	0	0	0	0.999955
9552	1	metal5	1060	842	0	0	0	0.999955
9553	1	metal5	1070	842	0	0	0	0.999955
9554	1	metal5	1080	842	0	0	0	0.999955
9555	1	metal5	1090	842	0	0	0	0.999955
9556	1	metal5	10	852	0	0	0	0.999954
9557	1	metal5	20	852	0	0	0	0.999955
9558	1	metal5	30	852	0	0	0	0.999955
9559	1	metal5	40	852	0	0	0	0.999955
9560	1	metal5	50	852	0	0	0	0.999955
9561	1	metal5	60	852	0	0	0	0.999955
9562	1	metal5	70	852	0	0	0	0.999955
9563	1	metal5	80	852	0	0	0	0.999955
9564	1	metal5	90	852	0	0	0	0.999956
9565	1	metal5	100	852	0	0	0	0.999956
9566	1	metal5	110	852	0	0	0	0.999956
9567	1	metal5	120	852	0	0	0	0.999955
9568	1	metal5	130	852	0	0	0	0.999956
9569	1	metal5	140	852	0	0	0	0.999956
9570	1	metal5	150	852	0	0	0	0.999957
9571	1	metal5	160	852	0	0	0	0.999957
9572	1	metal5	170	852	0	0	0	0.999957
9573	1	metal5	180	852	0	0	0	0.999956
9574	1	metal5	190	852	0	0	0	0.999957
9575	1	metal5	200	852	0	0	0	0.999958
9576	1	metal5	210	852	0	0	0	0.999958
9577	1	metal5	220	852	0	0	0	0.999958
9578	1	metal5	230	852	0	0	0	0.999957
9579	1	metal5	240	852	0	0	0	0.999959
9580	1	metal5	250	852	0	0	0	0.99996
9581	1	metal5	260	852	0	0	0	0.99996
9582	1	metal5	270	852	0	0	0	0.99996
9583	1	metal5	280	852	0	0	0	0.99996
9584	1	metal5	290	852	0	0	0	0.999959
9585	1	metal5	300	852	0	0	0	0.999961
9586	1	metal5	310	852	0	0	0	0.999962
9587	1	metal5	320	852	0	0	0	0.999963
9588	1	metal5	330	852	0	0	0	0.999963
9589	1	metal5	340	852	0	0	0	0.999963
9590	1	metal5	350	852	0	0	0	0.999962
9591	1	metal5	360	852	0	0	0	0.999964
9592	1	metal5	370	852	0	0	0	0.999966
9593	1	metal5	380	852	0	0	0	0.999966
9594	1	metal5	390	852	0	0	0	0.999966
9595	1	metal5	400	852	0	0	0	0.999965
9596	1	metal5	410	852	0	0	0	0.999968
9597	1	metal5	420	852	0	0	0	0.99997
9598	1	metal5	430	852	0	0	0	0.999972
9599	1	metal5	440	852	0	0	0	0.999972
9600	1	metal5	450	852	0	0	0	0.999972
9601	1	metal5	460	852	0	0	0	0.99997
9602	1	metal5	470	852	0	0	0	0.999974
9603	1	metal5	480	852	0	0	0	0.999977
9604	1	metal5	490	852	0	0	0	0.999979
9605	1	metal5	500	852	0	0	0	0.999978
9606	1	metal5	510	852	0	0	0	0.999974
9607	1	metal5	520	852	0	0	0	0.999982
9608	1	metal5	530	852	0	0	0	0.999985
9609	1	metal5	540	852	0	0	0	0.999987
9610	1	metal5	550	852	0	0	0	0.999988
9611	1	metal5	560	852	0	0	0	0.999983
9612	1	metal5	570	852	0	0	0	0.999976
9613	1	metal5	580	852	0	0	0	0.999982
9614	1	metal5	590	852	0	0	0	0.999982
9615	1	metal5	600	852	0	0	0	0.999981
9616	1	metal5	610	852	0	0	0	0.99998
9617	1	metal5	620	852	0	0	0	0.999976
9618	1	metal5	630	852	0	0	0	0.99997
9619	1	metal5	640	852	0	0	0	0.999973
9620	1	metal5	650	852	0	0	0	0.999973
9621	1	metal5	660	852	0	0	0	0.999972
9622	1	metal5	670	852	0	0	0	0.99997
9623	1	metal5	680	852	0	0	0	0.999966
9624	1	metal5	690	852	0	0	0	0.999968
9625	1	metal5	700	852	0	0	0	0.999968
9626	1	metal5	710	852	0	0	0	0.999968
9627	1	metal5	720	852	0	0	0	0.999967
9628	1	metal5	730	852	0	0	0	0.999965
9629	1	metal5	740	852	0	0	0	0.999962
9630	1	metal5	750	852	0	0	0	0.999963
9631	1	metal5	760	852	0	0	0	0.999964
9632	1	metal5	770	852	0	0	0	0.999963
9633	1	metal5	780	852	0	0	0	0.999962
9634	1	metal5	790	852	0	0	0	0.99996
9635	1	metal5	800	852	0	0	0	0.999961
9636	1	metal5	810	852	0	0	0	0.999961
9637	1	metal5	820	852	0	0	0	0.999961
9638	1	metal5	830	852	0	0	0	0.99996
9639	1	metal5	840	852	0	0	0	0.999959
9640	1	metal5	850	852	0	0	0	0.999958
9641	1	metal5	860	852	0	0	0	0.999958
9642	1	metal5	870	852	0	0	0	0.999958
9643	1	metal5	880	852	0	0	0	0.999958
9644	1	metal5	890	852	0	0	0	0.999958
9645	1	metal5	900	852	0	0	0	0.999957
9646	1	metal5	910	852	0	0	0	0.999956
9647	1	metal5	920	852	0	0	0	0.999957
9648	1	metal5	930	852	0	0	0	0.999956
9649	1	metal5	940	852	0	0	0	0.999956
9650	1	metal5	950	852	0	0	0	0.999956
9651	1	metal5	960	852	0	0	0	0.999955
9652	1	metal5	970	852	0	0	0	0.999955
9653	1	metal5	980	852	0	0	0	0.999955
9654	1	metal5	990	852	0	0	0	0.999955
9655	1	metal5	1000	852	0	0	0	0.999955
9656	1	metal5	1010	852	0	0	0	0.999955
9657	1	metal5	1020	852	0	0	0	0.999954
9658	1	metal5	1030	852	0	0	0	0.999955
9659	1	metal5	1040	852	0	0	0	0.999955
9660	1	metal5	1050	852	0	0	0	0.999955
9661	1	metal5	1060	852	0	0	0	0.999955
9662	1	metal5	1070	852	0	0	0	0.999954
9663	1	metal5	1080	852	0	0	0	0.999954
9664	1	metal5	1090	852	0	0	0	0.999955
9665	1	metal5	10	862	0	0	0	0.999956
9666	1	metal5	20	862	0	0	0	0.999956
9667	1	metal5	30	862	0	0	0	0.999956
9668	1	metal5	40	862	0	0	0	0.999956
9669	1	metal5	50	862	0	0	0	0.999956
9670	1	metal5	60	862	0	0	0	0.999956
9671	1	metal5	70	862	0	0	0	0.999956
9672	1	metal5	80	862	0	0	0	0.999956
9673	1	metal5	90	862	0	0	0	0.999956
9674	1	metal5	100	862	0	0	0	0.999957
9675	1	metal5	110	862	0	0	0	0.999957
9676	1	metal5	120	862	0	0	0	0.999957
9677	1	metal5	130	862	0	0	0	0.999957
9678	1	metal5	140	862	0	0	0	0.999957
9679	1	metal5	150	862	0	0	0	0.999957
9680	1	metal5	160	862	0	0	0	0.999957
9681	1	metal5	170	862	0	0	0	0.999958
9682	1	metal5	180	862	0	0	0	0.999958
9683	1	metal5	190	862	0	0	0	0.999958
9684	1	metal5	200	862	0	0	0	0.999958
9685	1	metal5	210	862	0	0	0	0.999959
9686	1	metal5	220	862	0	0	0	0.999959
9687	1	metal5	230	862	0	0	0	0.999959
9688	1	metal5	240	862	0	0	0	0.99996
9689	1	metal5	250	862	0	0	0	0.99996
9690	1	metal5	260	862	0	0	0	0.99996
9691	1	metal5	270	862	0	0	0	0.999961
9692	1	metal5	280	862	0	0	0	0.999961
9693	1	metal5	290	862	0	0	0	0.999961
9694	1	metal5	300	862	0	0	0	0.999962
9695	1	metal5	310	862	0	0	0	0.999963
9696	1	metal5	320	862	0	0	0	0.999963
9697	1	metal5	330	862	0	0	0	0.999964
9698	1	metal5	340	862	0	0	0	0.999964
9699	1	metal5	350	862	0	0	0	0.999965
9700	1	metal5	360	862	0	0	0	0.999966
9701	1	metal5	370	862	0	0	0	0.999967
9702	1	metal5	380	862	0	0	0	0.999967
9703	1	metal5	390	862	0	0	0	0.999968
9704	1	metal5	400	862	0	0	0	0.999969
9705	1	metal5	410	862	0	0	0	0.99997
9706	1	metal5	420	862	0	0	0	0.999971
9707	1	metal5	430	862	0	0	0	0.999972
9708	1	metal5	440	862	0	0	0	0.999973
9709	1	metal5	450	862	0	0	0	0.999974
9710	1	metal5	460	862	0	0	0	0.999975
9711	1	metal5	470	862	0	0	0	0.999977
9712	1	metal5	480	862	0	0	0	0.999978
9713	1	metal5	490	862	0	0	0	0.99998
9714	1	metal5	500	862	0	0	0	0.999981
9715	1	metal5	510	862	0	0	0	0.999982
9716	1	metal5	520	862	0	0	0	0.999984
9717	1	metal5	530	862	0	0	0	0.999986
9718	1	metal5	540	862	0	0	0	0.999987
9719	1	metal5	550	862	0	0	0	0.999988
9720	1	metal5	560	862	0	0	0	0.999986
9721	1	metal5	570	862	0	0	0	0.999984
9722	1	metal5	580	862	0	0	0	0.999984
9723	1	metal5	590	862	0	0	0	0.999983
9724	1	metal5	600	862	0	0	0	0.999982
9725	1	metal5	610	862	0	0	0	0.99998
9726	1	metal5	620	862	0	0	0	0.999978
9727	1	metal5	630	862	0	0	0	0.999976
9728	1	metal5	640	862	0	0	0	0.999975
9729	1	metal5	650	862	0	0	0	0.999974
9730	1	metal5	660	862	0	0	0	0.999973
9731	1	metal5	670	862	0	0	0	0.999972
9732	1	metal5	680	862	0	0	0	0.99997
9733	1	metal5	690	862	0	0	0	0.999969
9734	1	metal5	700	862	0	0	0	0.999969
9735	1	metal5	710	862	0	0	0	0.999968
9736	1	metal5	720	862	0	0	0	0.999967
9737	1	metal5	730	862	0	0	0	0.999966
9738	1	metal5	740	862	0	0	0	0.999965
9739	1	metal5	750	862	0	0	0	0.999965
9740	1	metal5	760	862	0	0	0	0.999964
9741	1	metal5	770	862	0	0	0	0.999963
9742	1	metal5	780	862	0	0	0	0.999963
9743	1	metal5	790	862	0	0	0	0.999962
9744	1	metal5	800	862	0	0	0	0.999962
9745	1	metal5	810	862	0	0	0	0.999961
9746	1	metal5	820	862	0	0	0	0.999961
9747	1	metal5	830	862	0	0	0	0.99996
9748	1	metal5	840	862	0	0	0	0.99996
9749	1	metal5	850	862	0	0	0	0.999959
9750	1	metal5	860	862	0	0	0	0.999959
9751	1	metal5	870	862	0	0	0	0.999959
9752	1	metal5	880	862	0	0	0	0.999958
9753	1	metal5	890	862	0	0	0	0.999958
9754	1	metal5	900	862	0	0	0	0.999958
9755	1	metal5	910	862	0	0	0	0.999957
9756	1	metal5	920	862	0	0	0	0.999957
9757	1	metal5	930	862	0	0	0	0.999957
9758	1	metal5	940	862	0	0	0	0.999957
9759	1	metal5	950	862	0	0	0	0.999956
9760	1	metal5	960	862	0	0	0	0.999956
9761	1	metal5	970	862	0	0	0	0.999956
9762	1	metal5	980	862	0	0	0	0.999956
9763	1	metal5	990	862	0	0	0	0.999956
9764	1	metal5	1000	862	0	0	0	0.999956
9765	1	metal5	1010	862	0	0	0	0.999955
9766	1	metal5	1020	862	0	0	0	0.999955
9767	1	metal5	1030	862	0	0	0	0.999955
9768	1	metal5	1040	862	0	0	0	0.999955
9769	1	metal5	1050	862	0	0	0	0.999955
9770	1	metal5	1060	862	0	0	0	0.999955
9771	1	metal5	1070	862	0	0	0	0.999955
9772	1	metal5	1080	862	0	0	0	0.999955
9773	1	metal5	1090	862	0	0	0	0.999955
9774	1	metal5	10	872	0	0	0	0.999957
9775	1	metal5	20	872	0	0	0	0.999957
9776	1	metal5	30	872	0	0	0	0.999957
9777	1	metal5	40	872	0	0	0	0.999957
9778	1	metal5	50	872	0	0	0	0.999957
9779	1	metal5	60	872	0	0	0	0.999957
9780	1	metal5	70	872	0	0	0	0.999957
9781	1	metal5	80	872	0	0	0	0.999957
9782	1	metal5	90	872	0	0	0	0.999957
9783	1	metal5	100	872	0	0	0	0.999957
9784	1	metal5	110	872	0	0	0	0.999957
9785	1	metal5	120	872	0	0	0	0.999957
9786	1	metal5	130	872	0	0	0	0.999958
9787	1	metal5	140	872	0	0	0	0.999958
9788	1	metal5	150	872	0	0	0	0.999958
9789	1	metal5	160	872	0	0	0	0.999958
9790	1	metal5	170	872	0	0	0	0.999958
9791	1	metal5	180	872	0	0	0	0.999958
9792	1	metal5	190	872	0	0	0	0.999959
9793	1	metal5	200	872	0	0	0	0.999959
9794	1	metal5	210	872	0	0	0	0.999959
9795	1	metal5	220	872	0	0	0	0.99996
9796	1	metal5	230	872	0	0	0	0.99996
9797	1	metal5	240	872	0	0	0	0.99996
9798	1	metal5	250	872	0	0	0	0.999961
9799	1	metal5	260	872	0	0	0	0.999961
9800	1	metal5	270	872	0	0	0	0.999961
9801	1	metal5	280	872	0	0	0	0.999962
9802	1	metal5	290	872	0	0	0	0.999962
9803	1	metal5	300	872	0	0	0	0.999963
9804	1	metal5	310	872	0	0	0	0.999963
9805	1	metal5	320	872	0	0	0	0.999964
9806	1	metal5	330	872	0	0	0	0.999964
9807	1	metal5	340	872	0	0	0	0.999965
9808	1	metal5	350	872	0	0	0	0.999965
9809	1	metal5	360	872	0	0	0	0.999966
9810	1	metal5	370	872	0	0	0	0.999967
9811	1	metal5	380	872	0	0	0	0.999968
9812	1	metal5	390	872	0	0	0	0.999969
9813	1	metal5	400	872	0	0	0	0.99997
9814	1	metal5	410	872	0	0	0	0.999971
9815	1	metal5	420	872	0	0	0	0.999972
9816	1	metal5	430	872	0	0	0	0.999973
9817	1	metal5	440	872	0	0	0	0.999974
9818	1	metal5	450	872	0	0	0	0.999975
9819	1	metal5	460	872	0	0	0	0.999976
9820	1	metal5	470	872	0	0	0	0.999977
9821	1	metal5	480	872	0	0	0	0.999979
9822	1	metal5	490	872	0	0	0	0.999981
9823	1	metal5	500	872	0	0	0	0.999982
9824	1	metal5	510	872	0	0	0	0.999983
9825	1	metal5	520	872	0	0	0	0.999985
9826	1	metal5	530	872	0	0	0	0.999986
9827	1	metal5	540	872	0	0	0	0.999987
9828	1	metal5	550	872	0	0	0	0.999988
9829	1	metal5	560	872	0	0	0	0.999987
9830	1	metal5	570	872	0	0	0	0.999985
9831	1	metal5	580	872	0	0	0	0.999985
9832	1	metal5	590	872	0	0	0	0.999983
9833	1	metal5	600	872	0	0	0	0.999982
9834	1	metal5	610	872	0	0	0	0.999981
9835	1	metal5	620	872	0	0	0	0.999979
9836	1	metal5	630	872	0	0	0	0.999977
9837	1	metal5	640	872	0	0	0	0.999976
9838	1	metal5	650	872	0	0	0	0.999975
9839	1	metal5	660	872	0	0	0	0.999973
9840	1	metal5	670	872	0	0	0	0.999972
9841	1	metal5	680	872	0	0	0	0.999971
9842	1	metal5	690	872	0	0	0	0.99997
9843	1	metal5	700	872	0	0	0	0.999969
9844	1	metal5	710	872	0	0	0	0.999968
9845	1	metal5	720	872	0	0	0	0.999967
9846	1	metal5	730	872	0	0	0	0.999967
9847	1	metal5	740	872	0	0	0	0.999966
9848	1	metal5	750	872	0	0	0	0.999965
9849	1	metal5	760	872	0	0	0	0.999964
9850	1	metal5	770	872	0	0	0	0.999964
9851	1	metal5	780	872	0	0	0	0.999963
9852	1	metal5	790	872	0	0	0	0.999963
9853	1	metal5	800	872	0	0	0	0.999962
9854	1	metal5	810	872	0	0	0	0.999962
9855	1	metal5	820	872	0	0	0	0.999961
9856	1	metal5	830	872	0	0	0	0.999961
9857	1	metal5	840	872	0	0	0	0.99996
9858	1	metal5	850	872	0	0	0	0.99996
9859	1	metal5	860	872	0	0	0	0.999959
9860	1	metal5	870	872	0	0	0	0.999959
9861	1	metal5	880	872	0	0	0	0.999959
9862	1	metal5	890	872	0	0	0	0.999958
9863	1	metal5	900	872	0	0	0	0.999958
9864	1	metal5	910	872	0	0	0	0.999958
9865	1	metal5	920	872	0	0	0	0.999957
9866	1	metal5	930	872	0	0	0	0.999957
9867	1	metal5	940	872	0	0	0	0.999957
9868	1	metal5	950	872	0	0	0	0.999957
9869	1	metal5	960	872	0	0	0	0.999956
9870	1	metal5	970	872	0	0	0	0.999956
9871	1	metal5	980	872	0	0	0	0.999956
9872	1	metal5	990	872	0	0	0	0.999956
9873	1	metal5	1000	872	0	0	0	0.999956
9874	1	metal5	1010	872	0	0	0	0.999956
9875	1	metal5	1020	872	0	0	0	0.999955
9876	1	metal5	1030	872	0	0	0	0.999955
9877	1	metal5	1040	872	0	0	0	0.999955
9878	1	metal5	1050	872	0	0	0	0.999955
9879	1	metal5	1060	872	0	0	0	0.999955
9880	1	metal5	1070	872	0	0	0	0.999955
9881	1	metal5	1080	872	0	0	0	0.999955
9882	1	metal5	1090	872	0	0	0	0.999955
9883	1	metal5	10	882	0	0	0	0.999957
9884	1	metal5	20	882	0	0	0	0.999957
9885	1	metal5	30	882	0	0	0	0.999957
9886	1	metal5	40	882	0	0	0	0.999957
9887	1	metal5	50	882	0	0	0	0.999957
9888	1	metal5	60	882	0	0	0	0.999957
9889	1	metal5	70	882	0	0	0	0.999957
9890	1	metal5	80	882	0	0	0	0.999957
9891	1	metal5	90	882	0	0	0	0.999958
9892	1	metal5	100	882	0	0	0	0.999958
9893	1	metal5	110	882	0	0	0	0.999958
9894	1	metal5	120	882	0	0	0	0.999958
9895	1	metal5	130	882	0	0	0	0.999958
9896	1	metal5	140	882	0	0	0	0.999958
9897	1	metal5	150	882	0	0	0	0.999958
9898	1	metal5	160	882	0	0	0	0.999959
9899	1	metal5	170	882	0	0	0	0.999959
9900	1	metal5	180	882	0	0	0	0.999959
9901	1	metal5	190	882	0	0	0	0.999959
9902	1	metal5	200	882	0	0	0	0.999959
9903	1	metal5	210	882	0	0	0	0.99996
9904	1	metal5	220	882	0	0	0	0.99996
9905	1	metal5	230	882	0	0	0	0.99996
9906	1	metal5	240	882	0	0	0	0.999961
9907	1	metal5	250	882	0	0	0	0.999961
9908	1	metal5	260	882	0	0	0	0.999961
9909	1	metal5	270	882	0	0	0	0.999962
9910	1	metal5	280	882	0	0	0	0.999962
9911	1	metal5	290	882	0	0	0	0.999963
9912	1	metal5	300	882	0	0	0	0.999963
9913	1	metal5	310	882	0	0	0	0.999964
9914	1	metal5	320	882	0	0	0	0.999964
9915	1	metal5	330	882	0	0	0	0.999965
9916	1	metal5	340	882	0	0	0	0.999966
9917	1	metal5	350	882	0	0	0	0.999966
9918	1	metal5	360	882	0	0	0	0.999967
9919	1	metal5	370	882	0	0	0	0.999968
9920	1	metal5	380	882	0	0	0	0.999968
9921	1	metal5	390	882	0	0	0	0.999969
9922	1	metal5	400	882	0	0	0	0.99997
9923	1	metal5	410	882	0	0	0	0.999971
9924	1	metal5	420	882	0	0	0	0.999972
9925	1	metal5	430	882	0	0	0	0.999974
9926	1	metal5	440	882	0	0	0	0.999974
9927	1	metal5	450	882	0	0	0	0.999975
9928	1	metal5	460	882	0	0	0	0.999977
9929	1	metal5	470	882	0	0	0	0.999978
9930	1	metal5	480	882	0	0	0	0.99998
9931	1	metal5	490	882	0	0	0	0.999982
9932	1	metal5	500	882	0	0	0	0.999982
9933	1	metal5	510	882	0	0	0	0.999984
9934	1	metal5	520	882	0	0	0	0.999986
9935	1	metal5	530	882	0	0	0	0.999987
9936	1	metal5	540	882	0	0	0	0.999988
9937	1	metal5	550	882	0	0	0	0.99999
9938	1	metal5	560	882	0	0	0	0.999988
9939	1	metal5	570	882	0	0	0	0.999986
9940	1	metal5	580	882	0	0	0	0.999986
9941	1	metal5	590	882	0	0	0	0.999984
9942	1	metal5	600	882	0	0	0	0.999983
9943	1	metal5	610	882	0	0	0	0.999982
9944	1	metal5	620	882	0	0	0	0.999979
9945	1	metal5	630	882	0	0	0	0.999978
9946	1	metal5	640	882	0	0	0	0.999977
9947	1	metal5	650	882	0	0	0	0.999975
9948	1	metal5	660	882	0	0	0	0.999974
9949	1	metal5	670	882	0	0	0	0.999973
9950	1	metal5	680	882	0	0	0	0.999971
9951	1	metal5	690	882	0	0	0	0.99997
9952	1	metal5	700	882	0	0	0	0.99997
9953	1	metal5	710	882	0	0	0	0.999969
9954	1	metal5	720	882	0	0	0	0.999968
9955	1	metal5	730	882	0	0	0	0.999967
9956	1	metal5	740	882	0	0	0	0.999966
9957	1	metal5	750	882	0	0	0	0.999965
9958	1	metal5	760	882	0	0	0	0.999965
9959	1	metal5	770	882	0	0	0	0.999964
9960	1	metal5	780	882	0	0	0	0.999963
9961	1	metal5	790	882	0	0	0	0.999963
9962	1	metal5	800	882	0	0	0	0.999962
9963	1	metal5	810	882	0	0	0	0.999962
9964	1	metal5	820	882	0	0	0	0.999961
9965	1	metal5	830	882	0	0	0	0.999961
9966	1	metal5	840	882	0	0	0	0.99996
9967	1	metal5	850	882	0	0	0	0.99996
9968	1	metal5	860	882	0	0	0	0.99996
9969	1	metal5	870	882	0	0	0	0.999959
9970	1	metal5	880	882	0	0	0	0.999959
9971	1	metal5	890	882	0	0	0	0.999959
9972	1	metal5	900	882	0	0	0	0.999958
9973	1	metal5	910	882	0	0	0	0.999958
9974	1	metal5	920	882	0	0	0	0.999958
9975	1	metal5	930	882	0	0	0	0.999957
9976	1	metal5	940	882	0	0	0	0.999957
9977	1	metal5	950	882	0	0	0	0.999957
9978	1	metal5	960	882	0	0	0	0.999957
9979	1	metal5	970	882	0	0	0	0.999956
9980	1	metal5	980	882	0	0	0	0.999956
9981	1	metal5	990	882	0	0	0	0.999956
9982	1	metal5	1000	882	0	0	0	0.999956
9983	1	metal5	1010	882	0	0	0	0.999956
9984	1	metal5	1020	882	0	0	0	0.999956
9985	1	metal5	1030	882	0	0	0	0.999956
9986	1	metal5	1040	882	0	0	0	0.999955
9987	1	metal5	1050	882	0	0	0	0.999955
9988	1	metal5	1060	882	0	0	0	0.999955
9989	1	metal5	1070	882	0	0	0	0.999955
9990	1	metal5	1080	882	0	0	0	0.999955
9991	1	metal5	1090	882	0	0	0	0.999955
9992	1	metal5	10	892	0	0	0	0.999958
9993	1	metal5	20	892	0	0	0	0.999958
9994	1	metal5	30	892	0	0	0	0.999958
9995	1	metal5	40	892	0	0	0	0.999958
9996	1	metal5	50	892	0	0	0	0.999958
9997	1	metal5	60	892	0	0	0	0.999958
9998	1	metal5	70	892	0	0	0	0.999958
9999	1	metal5	80	892	0	0	0	0.999958
10000	1	metal5	90	892	0	0	0	0.999958
10001	1	metal5	100	892	0	0	0	0.999958
10002	1	metal5	110	892	0	0	0	0.999958
10003	1	metal5	120	892	0	0	0	0.999958
10004	1	metal5	130	892	0	0	0	0.999959
10005	1	metal5	140	892	0	0	0	0.999959
10006	1	metal5	150	892	0	0	0	0.999959
10007	1	metal5	160	892	0	0	0	0.999959
10008	1	metal5	170	892	0	0	0	0.999959
10009	1	metal5	180	892	0	0	0	0.999959
10010	1	metal5	190	892	0	0	0	0.99996
10011	1	metal5	200	892	0	0	0	0.99996
10012	1	metal5	210	892	0	0	0	0.99996
10013	1	metal5	220	892	0	0	0	0.99996
10014	1	metal5	230	892	0	0	0	0.999961
10015	1	metal5	240	892	0	0	0	0.999961
10016	1	metal5	250	892	0	0	0	0.999961
10017	1	metal5	260	892	0	0	0	0.999962
10018	1	metal5	270	892	0	0	0	0.999962
10019	1	metal5	280	892	0	0	0	0.999963
10020	1	metal5	290	892	0	0	0	0.999963
10021	1	metal5	300	892	0	0	0	0.999963
10022	1	metal5	310	892	0	0	0	0.999964
10023	1	metal5	320	892	0	0	0	0.999964
10024	1	metal5	330	892	0	0	0	0.999965
10025	1	metal5	340	892	0	0	0	0.999966
10026	1	metal5	350	892	0	0	0	0.999966
10027	1	metal5	360	892	0	0	0	0.999967
10028	1	metal5	370	892	0	0	0	0.999968
10029	1	metal5	380	892	0	0	0	0.999968
10030	1	metal5	390	892	0	0	0	0.999969
10031	1	metal5	400	892	0	0	0	0.99997
10032	1	metal5	410	892	0	0	0	0.999971
10033	1	metal5	420	892	0	0	0	0.999972
10034	1	metal5	430	892	0	0	0	0.999973
10035	1	metal5	440	892	0	0	0	0.999974
10036	1	metal5	450	892	0	0	0	0.999975
10037	1	metal5	460	892	0	0	0	0.999977
10038	1	metal5	470	892	0	0	0	0.999978
10039	1	metal5	480	892	0	0	0	0.999979
10040	1	metal5	490	892	0	0	0	0.999981
10041	1	metal5	500	892	0	0	0	0.999982
10042	1	metal5	510	892	0	0	0	0.999983
10043	1	metal5	520	892	0	0	0	0.999985
10044	1	metal5	530	892	0	0	0	0.999986
10045	1	metal5	540	892	0	0	0	0.999987
10046	1	metal5	550	892	0	0	0	0.999988
10047	1	metal5	560	892	0	0	0	0.999987
10048	1	metal5	570	892	0	0	0	0.999985
10049	1	metal5	580	892	0	0	0	0.999985
10050	1	metal5	590	892	0	0	0	0.999984
10051	1	metal5	600	892	0	0	0	0.999982
10052	1	metal5	610	892	0	0	0	0.999981
10053	1	metal5	620	892	0	0	0	0.999979
10054	1	metal5	630	892	0	0	0	0.999977
10055	1	metal5	640	892	0	0	0	0.999976
10056	1	metal5	650	892	0	0	0	0.999975
10057	1	metal5	660	892	0	0	0	0.999973
10058	1	metal5	670	892	0	0	0	0.999972
10059	1	metal5	680	892	0	0	0	0.999971
10060	1	metal5	690	892	0	0	0	0.99997
10061	1	metal5	700	892	0	0	0	0.999969
10062	1	metal5	710	892	0	0	0	0.999968
10063	1	metal5	720	892	0	0	0	0.999967
10064	1	metal5	730	892	0	0	0	0.999967
10065	1	metal5	740	892	0	0	0	0.999966
10066	1	metal5	750	892	0	0	0	0.999965
10067	1	metal5	760	892	0	0	0	0.999964
10068	1	metal5	770	892	0	0	0	0.999964
10069	1	metal5	780	892	0	0	0	0.999963
10070	1	metal5	790	892	0	0	0	0.999963
10071	1	metal5	800	892	0	0	0	0.999962
10072	1	metal5	810	892	0	0	0	0.999962
10073	1	metal5	820	892	0	0	0	0.999961
10074	1	metal5	830	892	0	0	0	0.999961
10075	1	metal5	840	892	0	0	0	0.99996
10076	1	metal5	850	892	0	0	0	0.99996
10077	1	metal5	860	892	0	0	0	0.99996
10078	1	metal5	870	892	0	0	0	0.999959
10079	1	metal5	880	892	0	0	0	0.999959
10080	1	metal5	890	892	0	0	0	0.999959
10081	1	metal5	900	892	0	0	0	0.999958
10082	1	metal5	910	892	0	0	0	0.999958
10083	1	metal5	920	892	0	0	0	0.999958
10084	1	metal5	930	892	0	0	0	0.999957
10085	1	metal5	940	892	0	0	0	0.999957
10086	1	metal5	950	892	0	0	0	0.999957
10087	1	metal5	960	892	0	0	0	0.999957
10088	1	metal5	970	892	0	0	0	0.999956
10089	1	metal5	980	892	0	0	0	0.999956
10090	1	metal5	990	892	0	0	0	0.999956
10091	1	metal5	1000	892	0	0	0	0.999956
10092	1	metal5	1010	892	0	0	0	0.999956
10093	1	metal5	1020	892	0	0	0	0.999956
10094	1	metal5	1030	892	0	0	0	0.999956
10095	1	metal5	1040	892	0	0	0	0.999956
10096	1	metal5	1050	892	0	0	0	0.999955
10097	1	metal5	1060	892	0	0	0	0.999955
10098	1	metal5	1070	892	0	0	0	0.999955
10099	1	metal5	1080	892	0	0	0	0.999955
10100	1	metal5	1090	892	0	0	0	0.999955
10101	1	metal5	10	902	0	0	0	0.999958
10102	1	metal5	20	902	0	0	0	0.999958
10103	1	metal5	30	902	0	0	0	0.999958
10104	1	metal5	40	902	0	0	0	0.999958
10105	1	metal5	50	902	0	0	0	0.999958
10106	1	metal5	60	902	0	0	0	0.999958
10107	1	metal5	70	902	0	0	0	0.999958
10108	1	metal5	80	902	0	0	0	0.999958
10109	1	metal5	90	902	0	0	0	0.999959
10110	1	metal5	100	902	0	0	0	0.999959
10111	1	metal5	110	902	0	0	0	0.999959
10112	1	metal5	120	902	0	0	0	0.999959
10113	1	metal5	130	902	0	0	0	0.999959
10114	1	metal5	140	902	0	0	0	0.999959
10115	1	metal5	150	902	0	0	0	0.999959
10116	1	metal5	160	902	0	0	0	0.999959
10117	1	metal5	170	902	0	0	0	0.99996
10118	1	metal5	180	902	0	0	0	0.99996
10119	1	metal5	190	902	0	0	0	0.99996
10120	1	metal5	200	902	0	0	0	0.99996
10121	1	metal5	210	902	0	0	0	0.99996
10122	1	metal5	220	902	0	0	0	0.999961
10123	1	metal5	230	902	0	0	0	0.999961
10124	1	metal5	240	902	0	0	0	0.999961
10125	1	metal5	250	902	0	0	0	0.999962
10126	1	metal5	260	902	0	0	0	0.999962
10127	1	metal5	270	902	0	0	0	0.999962
10128	1	metal5	280	902	0	0	0	0.999963
10129	1	metal5	290	902	0	0	0	0.999963
10130	1	metal5	300	902	0	0	0	0.999963
10131	1	metal5	310	902	0	0	0	0.999964
10132	1	metal5	320	902	0	0	0	0.999965
10133	1	metal5	330	902	0	0	0	0.999965
10134	1	metal5	340	902	0	0	0	0.999966
10135	1	metal5	350	902	0	0	0	0.999966
10136	1	metal5	360	902	0	0	0	0.999967
10137	1	metal5	370	902	0	0	0	0.999968
10138	1	metal5	380	902	0	0	0	0.999968
10139	1	metal5	390	902	0	0	0	0.999969
10140	1	metal5	400	902	0	0	0	0.99997
10141	1	metal5	410	902	0	0	0	0.999971
10142	1	metal5	420	902	0	0	0	0.999972
10143	1	metal5	430	902	0	0	0	0.999973
10144	1	metal5	440	902	0	0	0	0.999974
10145	1	metal5	450	902	0	0	0	0.999975
10146	1	metal5	460	902	0	0	0	0.999976
10147	1	metal5	470	902	0	0	0	0.999977
10148	1	metal5	480	902	0	0	0	0.999979
10149	1	metal5	490	902	0	0	0	0.99998
10150	1	metal5	500	902	0	0	0	0.999981
10151	1	metal5	510	902	0	0	0	0.999982
10152	1	metal5	520	902	0	0	0	0.999985
10153	1	metal5	530	902	0	0	0	0.999986
10154	1	metal5	540	902	0	0	0	0.999987
10155	1	metal5	550	902	0	0	0	0.999988
10156	1	metal5	560	902	0	0	0	0.999986
10157	1	metal5	570	902	0	0	0	0.999984
10158	1	metal5	580	902	0	0	0	0.999984
10159	1	metal5	590	902	0	0	0	0.999983
10160	1	metal5	600	902	0	0	0	0.999982
10161	1	metal5	610	902	0	0	0	0.99998
10162	1	metal5	620	902	0	0	0	0.999978
10163	1	metal5	630	902	0	0	0	0.999976
10164	1	metal5	640	902	0	0	0	0.999975
10165	1	metal5	650	902	0	0	0	0.999974
10166	1	metal5	660	902	0	0	0	0.999973
10167	1	metal5	670	902	0	0	0	0.999972
10168	1	metal5	680	902	0	0	0	0.99997
10169	1	metal5	690	902	0	0	0	0.999969
10170	1	metal5	700	902	0	0	0	0.999969
10171	1	metal5	710	902	0	0	0	0.999968
10172	1	metal5	720	902	0	0	0	0.999967
10173	1	metal5	730	902	0	0	0	0.999966
10174	1	metal5	740	902	0	0	0	0.999965
10175	1	metal5	750	902	0	0	0	0.999965
10176	1	metal5	760	902	0	0	0	0.999964
10177	1	metal5	770	902	0	0	0	0.999964
10178	1	metal5	780	902	0	0	0	0.999963
10179	1	metal5	790	902	0	0	0	0.999963
10180	1	metal5	800	902	0	0	0	0.999962
10181	1	metal5	810	902	0	0	0	0.999962
10182	1	metal5	820	902	0	0	0	0.999961
10183	1	metal5	830	902	0	0	0	0.999961
10184	1	metal5	840	902	0	0	0	0.99996
10185	1	metal5	850	902	0	0	0	0.99996
10186	1	metal5	860	902	0	0	0	0.99996
10187	1	metal5	870	902	0	0	0	0.999959
10188	1	metal5	880	902	0	0	0	0.999959
10189	1	metal5	890	902	0	0	0	0.999959
10190	1	metal5	900	902	0	0	0	0.999958
10191	1	metal5	910	902	0	0	0	0.999958
10192	1	metal5	920	902	0	0	0	0.999958
10193	1	metal5	930	902	0	0	0	0.999957
10194	1	metal5	940	902	0	0	0	0.999957
10195	1	metal5	950	902	0	0	0	0.999957
10196	1	metal5	960	902	0	0	0	0.999957
10197	1	metal5	970	902	0	0	0	0.999957
10198	1	metal5	980	902	0	0	0	0.999956
10199	1	metal5	990	902	0	0	0	0.999956
10200	1	metal5	1000	902	0	0	0	0.999956
10201	1	metal5	1010	902	0	0	0	0.999956
10202	1	metal5	1020	902	0	0	0	0.999956
10203	1	metal5	1030	902	0	0	0	0.999956
10204	1	metal5	1040	902	0	0	0	0.999956
10205	1	metal5	1050	902	0	0	0	0.999956
10206	1	metal5	1060	902	0	0	0	0.999955
10207	1	metal5	1070	902	0	0	0	0.999955
10208	1	metal5	1080	902	0	0	0	0.999955
10209	1	metal5	1090	902	0	0	0	0.999955
10210	1	metal5	10	912	0	0	0	0.999957
10211	1	metal5	20	912	0	0	0	0.999958
10212	1	metal5	30	912	0	0	0	0.999959
10213	1	metal5	40	912	0	0	0	0.999959
10214	1	metal5	50	912	0	0	0	0.999959
10215	1	metal5	60	912	0	0	0	0.999958
10216	1	metal5	70	912	0	0	0	0.999957
10217	1	metal5	80	912	0	0	0	0.999958
10218	1	metal5	90	912	0	0	0	0.999959
10219	1	metal5	100	912	0	0	0	0.999959
10220	1	metal5	110	912	0	0	0	0.999959
10221	1	metal5	120	912	0	0	0	0.999958
10222	1	metal5	130	912	0	0	0	0.999959
10223	1	metal5	140	912	0	0	0	0.99996
10224	1	metal5	150	912	0	0	0	0.99996
10225	1	metal5	160	912	0	0	0	0.99996
10226	1	metal5	170	912	0	0	0	0.999959
10227	1	metal5	180	912	0	0	0	0.999959
10228	1	metal5	190	912	0	0	0	0.99996
10229	1	metal5	200	912	0	0	0	0.99996
10230	1	metal5	210	912	0	0	0	0.999961
10231	1	metal5	220	912	0	0	0	0.999961
10232	1	metal5	230	912	0	0	0	0.99996
10233	1	metal5	240	912	0	0	0	0.999961
10234	1	metal5	250	912	0	0	0	0.999962
10235	1	metal5	260	912	0	0	0	0.999962
10236	1	metal5	270	912	0	0	0	0.999962
10237	1	metal5	280	912	0	0	0	0.999962
10238	1	metal5	290	912	0	0	0	0.999962
10239	1	metal5	300	912	0	0	0	0.999963
10240	1	metal5	310	912	0	0	0	0.999964
10241	1	metal5	320	912	0	0	0	0.999965
10242	1	metal5	330	912	0	0	0	0.999965
10243	1	metal5	340	912	0	0	0	0.999965
10244	1	metal5	350	912	0	0	0	0.999964
10245	1	metal5	360	912	0	0	0	0.999966
10246	1	metal5	370	912	0	0	0	0.999967
10247	1	metal5	380	912	0	0	0	0.999968
10248	1	metal5	390	912	0	0	0	0.999968
10249	1	metal5	400	912	0	0	0	0.999967
10250	1	metal5	410	912	0	0	0	0.99997
10251	1	metal5	420	912	0	0	0	0.999972
10252	1	metal5	430	912	0	0	0	0.999973
10253	1	metal5	440	912	0	0	0	0.999973
10254	1	metal5	450	912	0	0	0	0.999973
10255	1	metal5	460	912	0	0	0	0.999971
10256	1	metal5	470	912	0	0	0	0.999975
10257	1	metal5	480	912	0	0	0	0.999978
10258	1	metal5	490	912	0	0	0	0.999979
10259	1	metal5	500	912	0	0	0	0.999978
10260	1	metal5	510	912	0	0	0	0.999975
10261	1	metal5	520	912	0	0	0	0.999983
10262	1	metal5	530	912	0	0	0	0.999985
10263	1	metal5	540	912	0	0	0	0.999987
10264	1	metal5	550	912	0	0	0	0.999988
10265	1	metal5	560	912	0	0	0	0.999983
10266	1	metal5	570	912	0	0	0	0.999976
10267	1	metal5	580	912	0	0	0	0.999982
10268	1	metal5	590	912	0	0	0	0.999982
10269	1	metal5	600	912	0	0	0	0.999981
10270	1	metal5	610	912	0	0	0	0.99998
10271	1	metal5	620	912	0	0	0	0.999976
10272	1	metal5	630	912	0	0	0	0.99997
10273	1	metal5	640	912	0	0	0	0.999974
10274	1	metal5	650	912	0	0	0	0.999973
10275	1	metal5	660	912	0	0	0	0.999972
10276	1	metal5	670	912	0	0	0	0.99997
10277	1	metal5	680	912	0	0	0	0.999966
10278	1	metal5	690	912	0	0	0	0.999968
10279	1	metal5	700	912	0	0	0	0.999968
10280	1	metal5	710	912	0	0	0	0.999968
10281	1	metal5	720	912	0	0	0	0.999967
10282	1	metal5	730	912	0	0	0	0.999966
10283	1	metal5	740	912	0	0	0	0.999963
10284	1	metal5	750	912	0	0	0	0.999964
10285	1	metal5	760	912	0	0	0	0.999964
10286	1	metal5	770	912	0	0	0	0.999963
10287	1	metal5	780	912	0	0	0	0.999962
10288	1	metal5	790	912	0	0	0	0.999961
10289	1	metal5	800	912	0	0	0	0.999961
10290	1	metal5	810	912	0	0	0	0.999961
10291	1	metal5	820	912	0	0	0	0.999961
10292	1	metal5	830	912	0	0	0	0.999961
10293	1	metal5	840	912	0	0	0	0.99996
10294	1	metal5	850	912	0	0	0	0.999959
10295	1	metal5	860	912	0	0	0	0.999959
10296	1	metal5	870	912	0	0	0	0.999959
10297	1	metal5	880	912	0	0	0	0.999959
10298	1	metal5	890	912	0	0	0	0.999959
10299	1	metal5	900	912	0	0	0	0.999958
10300	1	metal5	910	912	0	0	0	0.999957
10301	1	metal5	920	912	0	0	0	0.999957
10302	1	metal5	930	912	0	0	0	0.999957
10303	1	metal5	940	912	0	0	0	0.999957
10304	1	metal5	950	912	0	0	0	0.999957
10305	1	metal5	960	912	0	0	0	0.999956
10306	1	metal5	970	912	0	0	0	0.999956
10307	1	metal5	980	912	0	0	0	0.999956
10308	1	metal5	990	912	0	0	0	0.999956
10309	1	metal5	1000	912	0	0	0	0.999956
10310	1	metal5	1010	912	0	0	0	0.999956
10311	1	metal5	1020	912	0	0	0	0.999955
10312	1	metal5	1030	912	0	0	0	0.999955
10313	1	metal5	1040	912	0	0	0	0.999956
10314	1	metal5	1050	912	0	0	0	0.999956
10315	1	metal5	1060	912	0	0	0	0.999955
10316	1	metal5	1070	912	0	0	0	0.999954
10317	1	metal5	1080	912	0	0	0	0.999955
10318	1	metal5	1090	912	0	0	0	0.999955
10319	1	metal5	10	922	0	0	0	0.99996
10320	1	metal5	20	922	0	0	0	0.99996
10321	1	metal5	30	922	0	0	0	0.99996
10322	1	metal5	40	922	0	0	0	0.99996
10323	1	metal5	50	922	0	0	0	0.99996
10324	1	metal5	60	922	0	0	0	0.99996
10325	1	metal5	70	922	0	0	0	0.99996
10326	1	metal5	80	922	0	0	0	0.99996
10327	1	metal5	90	922	0	0	0	0.99996
10328	1	metal5	100	922	0	0	0	0.99996
10329	1	metal5	110	922	0	0	0	0.99996
10330	1	metal5	120	922	0	0	0	0.99996
10331	1	metal5	130	922	0	0	0	0.99996
10332	1	metal5	140	922	0	0	0	0.999961
10333	1	metal5	150	922	0	0	0	0.999961
10334	1	metal5	160	922	0	0	0	0.999961
10335	1	metal5	170	922	0	0	0	0.999961
10336	1	metal5	180	922	0	0	0	0.999961
10337	1	metal5	190	922	0	0	0	0.999961
10338	1	metal5	200	922	0	0	0	0.999961
10339	1	metal5	210	922	0	0	0	0.999961
10340	1	metal5	220	922	0	0	0	0.999962
10341	1	metal5	230	922	0	0	0	0.999962
10342	1	metal5	240	922	0	0	0	0.999962
10343	1	metal5	250	922	0	0	0	0.999963
10344	1	metal5	260	922	0	0	0	0.999963
10345	1	metal5	270	922	0	0	0	0.999963
10346	1	metal5	280	922	0	0	0	0.999963
10347	1	metal5	290	922	0	0	0	0.999964
10348	1	metal5	300	922	0	0	0	0.999964
10349	1	metal5	310	922	0	0	0	0.999965
10350	1	metal5	320	922	0	0	0	0.999965
10351	1	metal5	330	922	0	0	0	0.999966
10352	1	metal5	340	922	0	0	0	0.999966
10353	1	metal5	350	922	0	0	0	0.999966
10354	1	metal5	360	922	0	0	0	0.999967
10355	1	metal5	370	922	0	0	0	0.999968
10356	1	metal5	380	922	0	0	0	0.999969
10357	1	metal5	390	922	0	0	0	0.999969
10358	1	metal5	400	922	0	0	0	0.99997
10359	1	metal5	410	922	0	0	0	0.999971
10360	1	metal5	420	922	0	0	0	0.999972
10361	1	metal5	430	922	0	0	0	0.999973
10362	1	metal5	440	922	0	0	0	0.999974
10363	1	metal5	450	922	0	0	0	0.999975
10364	1	metal5	460	922	0	0	0	0.999976
10365	1	metal5	470	922	0	0	0	0.999977
10366	1	metal5	480	922	0	0	0	0.999979
10367	1	metal5	490	922	0	0	0	0.99998
10368	1	metal5	500	922	0	0	0	0.999981
10369	1	metal5	510	922	0	0	0	0.999982
10370	1	metal5	520	922	0	0	0	0.999985
10371	1	metal5	530	922	0	0	0	0.999986
10372	1	metal5	540	922	0	0	0	0.999987
10373	1	metal5	550	922	0	0	0	0.999988
10374	1	metal5	560	922	0	0	0	0.999986
10375	1	metal5	570	922	0	0	0	0.999984
10376	1	metal5	580	922	0	0	0	0.999984
10377	1	metal5	590	922	0	0	0	0.999983
10378	1	metal5	600	922	0	0	0	0.999981
10379	1	metal5	610	922	0	0	0	0.99998
10380	1	metal5	620	922	0	0	0	0.999978
10381	1	metal5	630	922	0	0	0	0.999976
10382	1	metal5	640	922	0	0	0	0.999975
10383	1	metal5	650	922	0	0	0	0.999974
10384	1	metal5	660	922	0	0	0	0.999973
10385	1	metal5	670	922	0	0	0	0.999972
10386	1	metal5	680	922	0	0	0	0.99997
10387	1	metal5	690	922	0	0	0	0.999969
10388	1	metal5	700	922	0	0	0	0.999969
10389	1	metal5	710	922	0	0	0	0.999968
10390	1	metal5	720	922	0	0	0	0.999967
10391	1	metal5	730	922	0	0	0	0.999966
10392	1	metal5	740	922	0	0	0	0.999965
10393	1	metal5	750	922	0	0	0	0.999965
10394	1	metal5	760	922	0	0	0	0.999964
10395	1	metal5	770	922	0	0	0	0.999964
10396	1	metal5	780	922	0	0	0	0.999963
10397	1	metal5	790	922	0	0	0	0.999963
10398	1	metal5	800	922	0	0	0	0.999962
10399	1	metal5	810	922	0	0	0	0.999962
10400	1	metal5	820	922	0	0	0	0.999962
10401	1	metal5	830	922	0	0	0	0.999961
10402	1	metal5	840	922	0	0	0	0.999961
10403	1	metal5	850	922	0	0	0	0.99996
10404	1	metal5	860	922	0	0	0	0.99996
10405	1	metal5	870	922	0	0	0	0.99996
10406	1	metal5	880	922	0	0	0	0.999959
10407	1	metal5	890	922	0	0	0	0.999959
10408	1	metal5	900	922	0	0	0	0.999959
10409	1	metal5	910	922	0	0	0	0.999958
10410	1	metal5	920	922	0	0	0	0.999958
10411	1	metal5	930	922	0	0	0	0.999958
10412	1	metal5	940	922	0	0	0	0.999958
10413	1	metal5	950	922	0	0	0	0.999957
10414	1	metal5	960	922	0	0	0	0.999957
10415	1	metal5	970	922	0	0	0	0.999957
10416	1	metal5	980	922	0	0	0	0.999957
10417	1	metal5	990	922	0	0	0	0.999957
10418	1	metal5	1000	922	0	0	0	0.999957
10419	1	metal5	1010	922	0	0	0	0.999956
10420	1	metal5	1020	922	0	0	0	0.999956
10421	1	metal5	1030	922	0	0	0	0.999956
10422	1	metal5	1040	922	0	0	0	0.999956
10423	1	metal5	1050	922	0	0	0	0.999956
10424	1	metal5	1060	922	0	0	0	0.999956
10425	1	metal5	1070	922	0	0	0	0.999956
10426	1	metal5	1080	922	0	0	0	0.999956
10427	1	metal5	1090	922	0	0	0	0.999956
10428	1	metal5	10	932	0	0	0	0.999961
10429	1	metal5	20	932	0	0	0	0.999961
10430	1	metal5	30	932	0	0	0	0.999961
10431	1	metal5	40	932	0	0	0	0.999961
10432	1	metal5	50	932	0	0	0	0.999961
10433	1	metal5	60	932	0	0	0	0.999961
10434	1	metal5	70	932	0	0	0	0.999961
10435	1	metal5	80	932	0	0	0	0.999961
10436	1	metal5	90	932	0	0	0	0.999961
10437	1	metal5	100	932	0	0	0	0.999961
10438	1	metal5	110	932	0	0	0	0.999961
10439	1	metal5	120	932	0	0	0	0.999961
10440	1	metal5	130	932	0	0	0	0.999961
10441	1	metal5	140	932	0	0	0	0.999962
10442	1	metal5	150	932	0	0	0	0.999962
10443	1	metal5	160	932	0	0	0	0.999962
10444	1	metal5	170	932	0	0	0	0.999962
10445	1	metal5	180	932	0	0	0	0.999962
10446	1	metal5	190	932	0	0	0	0.999962
10447	1	metal5	200	932	0	0	0	0.999962
10448	1	metal5	210	932	0	0	0	0.999962
10449	1	metal5	220	932	0	0	0	0.999962
10450	1	metal5	230	932	0	0	0	0.999962
10451	1	metal5	240	932	0	0	0	0.999963
10452	1	metal5	250	932	0	0	0	0.999963
10453	1	metal5	260	932	0	0	0	0.999963
10454	1	metal5	270	932	0	0	0	0.999964
10455	1	metal5	280	932	0	0	0	0.999964
10456	1	metal5	290	932	0	0	0	0.999964
10457	1	metal5	300	932	0	0	0	0.999965
10458	1	metal5	310	932	0	0	0	0.999965
10459	1	metal5	320	932	0	0	0	0.999966
10460	1	metal5	330	932	0	0	0	0.999966
10461	1	metal5	340	932	0	0	0	0.999967
10462	1	metal5	350	932	0	0	0	0.999967
10463	1	metal5	360	932	0	0	0	0.999968
10464	1	metal5	370	932	0	0	0	0.999969
10465	1	metal5	380	932	0	0	0	0.999969
10466	1	metal5	390	932	0	0	0	0.99997
10467	1	metal5	400	932	0	0	0	0.999971
10468	1	metal5	410	932	0	0	0	0.999972
10469	1	metal5	420	932	0	0	0	0.999973
10470	1	metal5	430	932	0	0	0	0.999974
10471	1	metal5	440	932	0	0	0	0.999975
10472	1	metal5	450	932	0	0	0	0.999976
10473	1	metal5	460	932	0	0	0	0.999977
10474	1	metal5	470	932	0	0	0	0.999978
10475	1	metal5	480	932	0	0	0	0.999979
10476	1	metal5	490	932	0	0	0	0.999981
10477	1	metal5	500	932	0	0	0	0.999982
10478	1	metal5	510	932	0	0	0	0.999983
10479	1	metal5	520	932	0	0	0	0.999985
10480	1	metal5	530	932	0	0	0	0.999986
10481	1	metal5	540	932	0	0	0	0.999987
10482	1	metal5	550	932	0	0	0	0.999988
10483	1	metal5	560	932	0	0	0	0.999986
10484	1	metal5	570	932	0	0	0	0.999985
10485	1	metal5	580	932	0	0	0	0.999985
10486	1	metal5	590	932	0	0	0	0.999983
10487	1	metal5	600	932	0	0	0	0.999982
10488	1	metal5	610	932	0	0	0	0.99998
10489	1	metal5	620	932	0	0	0	0.999978
10490	1	metal5	630	932	0	0	0	0.999977
10491	1	metal5	640	932	0	0	0	0.999976
10492	1	metal5	650	932	0	0	0	0.999974
10493	1	metal5	660	932	0	0	0	0.999973
10494	1	metal5	670	932	0	0	0	0.999972
10495	1	metal5	680	932	0	0	0	0.99997
10496	1	metal5	690	932	0	0	0	0.99997
10497	1	metal5	700	932	0	0	0	0.999969
10498	1	metal5	710	932	0	0	0	0.999968
10499	1	metal5	720	932	0	0	0	0.999967
10500	1	metal5	730	932	0	0	0	0.999967
10501	1	metal5	740	932	0	0	0	0.999966
10502	1	metal5	750	932	0	0	0	0.999965
10503	1	metal5	760	932	0	0	0	0.999965
10504	1	metal5	770	932	0	0	0	0.999964
10505	1	metal5	780	932	0	0	0	0.999963
10506	1	metal5	790	932	0	0	0	0.999963
10507	1	metal5	800	932	0	0	0	0.999963
10508	1	metal5	810	932	0	0	0	0.999962
10509	1	metal5	820	932	0	0	0	0.999962
10510	1	metal5	830	932	0	0	0	0.999961
10511	1	metal5	840	932	0	0	0	0.999961
10512	1	metal5	850	932	0	0	0	0.999961
10513	1	metal5	860	932	0	0	0	0.99996
10514	1	metal5	870	932	0	0	0	0.99996
10515	1	metal5	880	932	0	0	0	0.99996
10516	1	metal5	890	932	0	0	0	0.999959
10517	1	metal5	900	932	0	0	0	0.999959
10518	1	metal5	910	932	0	0	0	0.999959
10519	1	metal5	920	932	0	0	0	0.999958
10520	1	metal5	930	932	0	0	0	0.999958
10521	1	metal5	940	932	0	0	0	0.999958
10522	1	metal5	950	932	0	0	0	0.999958
10523	1	metal5	960	932	0	0	0	0.999957
10524	1	metal5	970	932	0	0	0	0.999957
10525	1	metal5	980	932	0	0	0	0.999957
10526	1	metal5	990	932	0	0	0	0.999957
10527	1	metal5	1000	932	0	0	0	0.999957
10528	1	metal5	1010	932	0	0	0	0.999957
10529	1	metal5	1020	932	0	0	0	0.999956
10530	1	metal5	1030	932	0	0	0	0.999956
10531	1	metal5	1040	932	0	0	0	0.999956
10532	1	metal5	1050	932	0	0	0	0.999956
10533	1	metal5	1060	932	0	0	0	0.999956
10534	1	metal5	1070	932	0	0	0	0.999956
10535	1	metal5	1080	932	0	0	0	0.999956
10536	1	metal5	1090	932	0	0	0	0.999956
10537	1	metal5	10	942	0	0	0	0.999962
10538	1	metal5	20	942	0	0	0	0.999962
10539	1	metal5	30	942	0	0	0	0.999962
10540	1	metal5	40	942	0	0	0	0.999962
10541	1	metal5	50	942	0	0	0	0.999962
10542	1	metal5	60	942	0	0	0	0.999962
10543	1	metal5	70	942	0	0	0	0.999962
10544	1	metal5	80	942	0	0	0	0.999962
10545	1	metal5	90	942	0	0	0	0.999962
10546	1	metal5	100	942	0	0	0	0.999962
10547	1	metal5	110	942	0	0	0	0.999962
10548	1	metal5	120	942	0	0	0	0.999962
10549	1	metal5	130	942	0	0	0	0.999962
10550	1	metal5	140	942	0	0	0	0.999962
10551	1	metal5	150	942	0	0	0	0.999963
10552	1	metal5	160	942	0	0	0	0.999963
10553	1	metal5	170	942	0	0	0	0.999962
10554	1	metal5	180	942	0	0	0	0.999962
10555	1	metal5	190	942	0	0	0	0.999963
10556	1	metal5	200	942	0	0	0	0.999963
10557	1	metal5	210	942	0	0	0	0.999963
10558	1	metal5	220	942	0	0	0	0.999963
10559	1	metal5	230	942	0	0	0	0.999963
10560	1	metal5	240	942	0	0	0	0.999963
10561	1	metal5	250	942	0	0	0	0.999964
10562	1	metal5	260	942	0	0	0	0.999964
10563	1	metal5	270	942	0	0	0	0.999964
10564	1	metal5	280	942	0	0	0	0.999965
10565	1	metal5	290	942	0	0	0	0.999965
10566	1	metal5	300	942	0	0	0	0.999965
10567	1	metal5	310	942	0	0	0	0.999966
10568	1	metal5	320	942	0	0	0	0.999966
10569	1	metal5	330	942	0	0	0	0.999967
10570	1	metal5	340	942	0	0	0	0.999967
10571	1	metal5	350	942	0	0	0	0.999967
10572	1	metal5	360	942	0	0	0	0.999968
10573	1	metal5	370	942	0	0	0	0.999969
10574	1	metal5	380	942	0	0	0	0.99997
10575	1	metal5	390	942	0	0	0	0.99997
10576	1	metal5	400	942	0	0	0	0.999971
10577	1	metal5	410	942	0	0	0	0.999972
10578	1	metal5	420	942	0	0	0	0.999973
10579	1	metal5	430	942	0	0	0	0.999974
10580	1	metal5	440	942	0	0	0	0.999975
10581	1	metal5	450	942	0	0	0	0.999976
10582	1	metal5	460	942	0	0	0	0.999977
10583	1	metal5	470	942	0	0	0	0.999978
10584	1	metal5	480	942	0	0	0	0.99998
10585	1	metal5	490	942	0	0	0	0.999982
10586	1	metal5	500	942	0	0	0	0.999982
10587	1	metal5	510	942	0	0	0	0.999983
10588	1	metal5	520	942	0	0	0	0.999986
10589	1	metal5	530	942	0	0	0	0.999987
10590	1	metal5	540	942	0	0	0	0.999988
10591	1	metal5	550	942	0	0	0	0.99999
10592	1	metal5	560	942	0	0	0	0.999987
10593	1	metal5	570	942	0	0	0	0.999986
10594	1	metal5	580	942	0	0	0	0.999986
10595	1	metal5	590	942	0	0	0	0.999984
10596	1	metal5	600	942	0	0	0	0.999982
10597	1	metal5	610	942	0	0	0	0.999981
10598	1	metal5	620	942	0	0	0	0.999979
10599	1	metal5	630	942	0	0	0	0.999977
10600	1	metal5	640	942	0	0	0	0.999976
10601	1	metal5	650	942	0	0	0	0.999974
10602	1	metal5	660	942	0	0	0	0.999973
10603	1	metal5	670	942	0	0	0	0.999972
10604	1	metal5	680	942	0	0	0	0.999971
10605	1	metal5	690	942	0	0	0	0.99997
10606	1	metal5	700	942	0	0	0	0.999969
10607	1	metal5	710	942	0	0	0	0.999968
10608	1	metal5	720	942	0	0	0	0.999968
10609	1	metal5	730	942	0	0	0	0.999967
10610	1	metal5	740	942	0	0	0	0.999966
10611	1	metal5	750	942	0	0	0	0.999965
10612	1	metal5	760	942	0	0	0	0.999965
10613	1	metal5	770	942	0	0	0	0.999964
10614	1	metal5	780	942	0	0	0	0.999964
10615	1	metal5	790	942	0	0	0	0.999963
10616	1	metal5	800	942	0	0	0	0.999963
10617	1	metal5	810	942	0	0	0	0.999962
10618	1	metal5	820	942	0	0	0	0.999962
10619	1	metal5	830	942	0	0	0	0.999962
10620	1	metal5	840	942	0	0	0	0.999961
10621	1	metal5	850	942	0	0	0	0.999961
10622	1	metal5	860	942	0	0	0	0.99996
10623	1	metal5	870	942	0	0	0	0.99996
10624	1	metal5	880	942	0	0	0	0.99996
10625	1	metal5	890	942	0	0	0	0.99996
10626	1	metal5	900	942	0	0	0	0.999959
10627	1	metal5	910	942	0	0	0	0.999959
10628	1	metal5	920	942	0	0	0	0.999959
10629	1	metal5	930	942	0	0	0	0.999958
10630	1	metal5	940	942	0	0	0	0.999958
10631	1	metal5	950	942	0	0	0	0.999958
10632	1	metal5	960	942	0	0	0	0.999958
10633	1	metal5	970	942	0	0	0	0.999958
10634	1	metal5	980	942	0	0	0	0.999957
10635	1	metal5	990	942	0	0	0	0.999957
10636	1	metal5	1000	942	0	0	0	0.999957
10637	1	metal5	1010	942	0	0	0	0.999957
10638	1	metal5	1020	942	0	0	0	0.999957
10639	1	metal5	1030	942	0	0	0	0.999957
10640	1	metal5	1040	942	0	0	0	0.999957
10641	1	metal5	1050	942	0	0	0	0.999957
10642	1	metal5	1060	942	0	0	0	0.999957
10643	1	metal5	1070	942	0	0	0	0.999956
10644	1	metal5	1080	942	0	0	0	0.999956
10645	1	metal5	1090	942	0	0	0	0.999956
10646	1	metal5	10	952	0	0	0	0.999963
10647	1	metal5	20	952	0	0	0	0.999963
10648	1	metal5	30	952	0	0	0	0.999964
10649	1	metal5	40	952	0	0	0	0.999964
10650	1	metal5	50	952	0	0	0	0.999964
10651	1	metal5	60	952	0	0	0	0.999964
10652	1	metal5	70	952	0	0	0	0.999963
10653	1	metal5	80	952	0	0	0	0.999963
10654	1	metal5	90	952	0	0	0	0.999964
10655	1	metal5	100	952	0	0	0	0.999964
10656	1	metal5	110	952	0	0	0	0.999963
10657	1	metal5	120	952	0	0	0	0.999963
10658	1	metal5	130	952	0	0	0	0.999963
10659	1	metal5	140	952	0	0	0	0.999963
10660	1	metal5	150	952	0	0	0	0.999963
10661	1	metal5	160	952	0	0	0	0.999963
10662	1	metal5	170	952	0	0	0	0.999963
10663	1	metal5	180	952	0	0	0	0.999963
10664	1	metal5	190	952	0	0	0	0.999963
10665	1	metal5	200	952	0	0	0	0.999963
10666	1	metal5	210	952	0	0	0	0.999963
10667	1	metal5	220	952	0	0	0	0.999963
10668	1	metal5	230	952	0	0	0	0.999963
10669	1	metal5	240	952	0	0	0	0.999964
10670	1	metal5	250	952	0	0	0	0.999964
10671	1	metal5	260	952	0	0	0	0.999964
10672	1	metal5	270	952	0	0	0	0.999965
10673	1	metal5	280	952	0	0	0	0.999965
10674	1	metal5	290	952	0	0	0	0.999965
10675	1	metal5	300	952	0	0	0	0.999965
10676	1	metal5	310	952	0	0	0	0.999966
10677	1	metal5	320	952	0	0	0	0.999966
10678	1	metal5	330	952	0	0	0	0.999967
10679	1	metal5	340	952	0	0	0	0.999967
10680	1	metal5	350	952	0	0	0	0.999967
10681	1	metal5	360	952	0	0	0	0.999968
10682	1	metal5	370	952	0	0	0	0.999969
10683	1	metal5	380	952	0	0	0	0.999969
10684	1	metal5	390	952	0	0	0	0.99997
10685	1	metal5	400	952	0	0	0	0.999971
10686	1	metal5	410	952	0	0	0	0.999972
10687	1	metal5	420	952	0	0	0	0.999973
10688	1	metal5	430	952	0	0	0	0.999974
10689	1	metal5	440	952	0	0	0	0.999975
10690	1	metal5	450	952	0	0	0	0.999975
10691	1	metal5	460	952	0	0	0	0.999976
10692	1	metal5	470	952	0	0	0	0.999978
10693	1	metal5	480	952	0	0	0	0.999979
10694	1	metal5	490	952	0	0	0	0.999981
10695	1	metal5	500	952	0	0	0	0.999981
10696	1	metal5	510	952	0	0	0	0.999982
10697	1	metal5	520	952	0	0	0	0.999985
10698	1	metal5	530	952	0	0	0	0.999986
10699	1	metal5	540	952	0	0	0	0.999987
10700	1	metal5	550	952	0	0	0	0.999988
10701	1	metal5	560	952	0	0	0	0.999986
10702	1	metal5	570	952	0	0	0	0.999984
10703	1	metal5	580	952	0	0	0	0.999984
10704	1	metal5	590	952	0	0	0	0.999983
10705	1	metal5	600	952	0	0	0	0.999981
10706	1	metal5	610	952	0	0	0	0.99998
10707	1	metal5	620	952	0	0	0	0.999978
10708	1	metal5	630	952	0	0	0	0.999976
10709	1	metal5	640	952	0	0	0	0.999975
10710	1	metal5	650	952	0	0	0	0.999974
10711	1	metal5	660	952	0	0	0	0.999973
10712	1	metal5	670	952	0	0	0	0.999971
10713	1	metal5	680	952	0	0	0	0.99997
10714	1	metal5	690	952	0	0	0	0.999969
10715	1	metal5	700	952	0	0	0	0.999969
10716	1	metal5	710	952	0	0	0	0.999968
10717	1	metal5	720	952	0	0	0	0.999967
10718	1	metal5	730	952	0	0	0	0.999967
10719	1	metal5	740	952	0	0	0	0.999966
10720	1	metal5	750	952	0	0	0	0.999965
10721	1	metal5	760	952	0	0	0	0.999965
10722	1	metal5	770	952	0	0	0	0.999964
10723	1	metal5	780	952	0	0	0	0.999964
10724	1	metal5	790	952	0	0	0	0.999963
10725	1	metal5	800	952	0	0	0	0.999963
10726	1	metal5	810	952	0	0	0	0.999962
10727	1	metal5	820	952	0	0	0	0.999962
10728	1	metal5	830	952	0	0	0	0.999962
10729	1	metal5	840	952	0	0	0	0.999961
10730	1	metal5	850	952	0	0	0	0.999961
10731	1	metal5	860	952	0	0	0	0.999961
10732	1	metal5	870	952	0	0	0	0.99996
10733	1	metal5	880	952	0	0	0	0.99996
10734	1	metal5	890	952	0	0	0	0.99996
10735	1	metal5	900	952	0	0	0	0.999959
10736	1	metal5	910	952	0	0	0	0.999959
10737	1	metal5	920	952	0	0	0	0.999959
10738	1	metal5	930	952	0	0	0	0.999959
10739	1	metal5	940	952	0	0	0	0.999958
10740	1	metal5	950	952	0	0	0	0.999958
10741	1	metal5	960	952	0	0	0	0.999958
10742	1	metal5	970	952	0	0	0	0.999958
10743	1	metal5	980	952	0	0	0	0.999958
10744	1	metal5	990	952	0	0	0	0.999958
10745	1	metal5	1000	952	0	0	0	0.999957
10746	1	metal5	1010	952	0	0	0	0.999957
10747	1	metal5	1020	952	0	0	0	0.999957
10748	1	metal5	1030	952	0	0	0	0.999957
10749	1	metal5	1040	952	0	0	0	0.999957
10750	1	metal5	1050	952	0	0	0	0.999957
10751	1	metal5	1060	952	0	0	0	0.999957
10752	1	metal5	1070	952	0	0	0	0.999956
10753	1	metal5	1080	952	0	0	0	0.999957
10754	1	metal5	1090	952	0	0	0	0.999957
10755	1	metal5	10	962	0	0	0	0.99996
10756	1	metal5	20	962	0	0	0	0.999963
10757	1	metal5	30	962	0	0	0	0.999965
10758	1	metal5	40	962	0	0	0	0.999965
10759	1	metal5	50	962	0	0	0	0.999965
10760	1	metal5	60	962	0	0	0	0.999964
10761	1	metal5	70	962	0	0	0	0.999961
10762	1	metal5	80	962	0	0	0	0.999964
10763	1	metal5	90	962	0	0	0	0.999965
10764	1	metal5	100	962	0	0	0	0.999964
10765	1	metal5	110	962	0	0	0	0.999963
10766	1	metal5	120	962	0	0	0	0.999961
10767	1	metal5	130	962	0	0	0	0.999963
10768	1	metal5	140	962	0	0	0	0.999964
10769	1	metal5	150	962	0	0	0	0.999964
10770	1	metal5	160	962	0	0	0	0.999964
10771	1	metal5	170	962	0	0	0	0.999963
10772	1	metal5	180	962	0	0	0	0.999961
10773	1	metal5	190	962	0	0	0	0.999963
10774	1	metal5	200	962	0	0	0	0.999964
10775	1	metal5	210	962	0	0	0	0.999964
10776	1	metal5	220	962	0	0	0	0.999963
10777	1	metal5	230	962	0	0	0	0.999962
10778	1	metal5	240	962	0	0	0	0.999963
10779	1	metal5	250	962	0	0	0	0.999964
10780	1	metal5	260	962	0	0	0	0.999965
10781	1	metal5	270	962	0	0	0	0.999965
10782	1	metal5	280	962	0	0	0	0.999964
10783	1	metal5	290	962	0	0	0	0.999963
10784	1	metal5	300	962	0	0	0	0.999965
10785	1	metal5	310	962	0	0	0	0.999966
10786	1	metal5	320	962	0	0	0	0.999966
10787	1	metal5	330	962	0	0	0	0.999967
10788	1	metal5	340	962	0	0	0	0.999967
10789	1	metal5	350	962	0	0	0	0.999965
10790	1	metal5	360	962	0	0	0	0.999967
10791	1	metal5	370	962	0	0	0	0.999969
10792	1	metal5	380	962	0	0	0	0.999969
10793	1	metal5	390	962	0	0	0	0.999969
10794	1	metal5	400	962	0	0	0	0.999968
10795	1	metal5	410	962	0	0	0	0.999971
10796	1	metal5	420	962	0	0	0	0.999973
10797	1	metal5	430	962	0	0	0	0.999974
10798	1	metal5	440	962	0	0	0	0.999974
10799	1	metal5	450	962	0	0	0	0.999974
10800	1	metal5	460	962	0	0	0	0.999972
10801	1	metal5	470	962	0	0	0	0.999976
10802	1	metal5	480	962	0	0	0	0.999978
10803	1	metal5	490	962	0	0	0	0.999979
10804	1	metal5	500	962	0	0	0	0.999978
10805	1	metal5	510	962	0	0	0	0.999975
10806	1	metal5	520	962	0	0	0	0.999982
10807	1	metal5	530	962	0	0	0	0.999985
10808	1	metal5	540	962	0	0	0	0.999986
10809	1	metal5	550	962	0	0	0	0.999986
10810	1	metal5	560	962	0	0	0	0.999983
10811	1	metal5	570	962	0	0	0	0.999976
10812	1	metal5	580	962	0	0	0	0.999981
10813	1	metal5	590	962	0	0	0	0.999981
10814	1	metal5	600	962	0	0	0	0.999981
10815	1	metal5	610	962	0	0	0	0.999979
10816	1	metal5	620	962	0	0	0	0.999976
10817	1	metal5	630	962	0	0	0	0.99997
10818	1	metal5	640	962	0	0	0	0.999973
10819	1	metal5	650	962	0	0	0	0.999973
10820	1	metal5	660	962	0	0	0	0.999972
10821	1	metal5	670	962	0	0	0	0.999969
10822	1	metal5	680	962	0	0	0	0.999965
10823	1	metal5	690	962	0	0	0	0.999967
10824	1	metal5	700	962	0	0	0	0.999968
10825	1	metal5	710	962	0	0	0	0.999968
10826	1	metal5	720	962	0	0	0	0.999967
10827	1	metal5	730	962	0	0	0	0.999966
10828	1	metal5	740	962	0	0	0	0.999963
10829	1	metal5	750	962	0	0	0	0.999964
10830	1	metal5	760	962	0	0	0	0.999964
10831	1	metal5	770	962	0	0	0	0.999964
10832	1	metal5	780	962	0	0	0	0.999963
10833	1	metal5	790	962	0	0	0	0.999961
10834	1	metal5	800	962	0	0	0	0.999962
10835	1	metal5	810	962	0	0	0	0.999962
10836	1	metal5	820	962	0	0	0	0.999962
10837	1	metal5	830	962	0	0	0	0.999962
10838	1	metal5	840	962	0	0	0	0.999961
10839	1	metal5	850	962	0	0	0	0.99996
10840	1	metal5	860	962	0	0	0	0.99996
10841	1	metal5	870	962	0	0	0	0.99996
10842	1	metal5	880	962	0	0	0	0.99996
10843	1	metal5	890	962	0	0	0	0.99996
10844	1	metal5	900	962	0	0	0	0.999959
10845	1	metal5	910	962	0	0	0	0.999958
10846	1	metal5	920	962	0	0	0	0.999959
10847	1	metal5	930	962	0	0	0	0.999959
10848	1	metal5	940	962	0	0	0	0.999959
10849	1	metal5	950	962	0	0	0	0.999958
10850	1	metal5	960	962	0	0	0	0.999957
10851	1	metal5	970	962	0	0	0	0.999958
10852	1	metal5	980	962	0	0	0	0.999958
10853	1	metal5	990	962	0	0	0	0.999958
10854	1	metal5	1000	962	0	0	0	0.999958
10855	1	metal5	1010	962	0	0	0	0.999957
10856	1	metal5	1020	962	0	0	0	0.999955
10857	1	metal5	1030	962	0	0	0	0.999957
10858	1	metal5	1040	962	0	0	0	0.999957
10859	1	metal5	1050	962	0	0	0	0.999957
10860	1	metal5	1060	962	0	0	0	0.999956
10861	1	metal5	1070	962	0	0	0	0.999955
10862	1	metal5	1080	962	0	0	0	0.999956
10863	1	metal5	1090	962	0	0	0	0.999957
10864	1	metal5	10	972	0	0	0	0.999967
10865	1	metal5	20	972	0	0	0	0.999967
10866	1	metal5	30	972	0	0	0	0.999968
10867	1	metal5	40	972	0	0	0	0.999968
10868	1	metal5	50	972	0	0	0	0.999968
10869	1	metal5	60	972	0	0	0	0.999968
10870	1	metal5	70	972	0	0	0	0.999968
10871	1	metal5	80	972	0	0	0	0.999968
10872	1	metal5	90	972	0	0	0	0.999967
10873	1	metal5	100	972	0	0	0	0.999967
10874	1	metal5	110	972	0	0	0	0.999967
10875	1	metal5	120	972	0	0	0	0.999966
10876	1	metal5	130	972	0	0	0	0.999966
10877	1	metal5	140	972	0	0	0	0.999966
10878	1	metal5	150	972	0	0	0	0.999966
10879	1	metal5	160	972	0	0	0	0.999966
10880	1	metal5	170	972	0	0	0	0.999965
10881	1	metal5	180	972	0	0	0	0.999965
10882	1	metal5	190	972	0	0	0	0.999965
10883	1	metal5	200	972	0	0	0	0.999965
10884	1	metal5	210	972	0	0	0	0.999965
10885	1	metal5	220	972	0	0	0	0.999965
10886	1	metal5	230	972	0	0	0	0.999965
10887	1	metal5	240	972	0	0	0	0.999965
10888	1	metal5	250	972	0	0	0	0.999965
10889	1	metal5	260	972	0	0	0	0.999966
10890	1	metal5	270	972	0	0	0	0.999966
10891	1	metal5	280	972	0	0	0	0.999966
10892	1	metal5	290	972	0	0	0	0.999966
10893	1	metal5	300	972	0	0	0	0.999966
10894	1	metal5	310	972	0	0	0	0.999967
10895	1	metal5	320	972	0	0	0	0.999967
10896	1	metal5	330	972	0	0	0	0.999968
10897	1	metal5	340	972	0	0	0	0.999968
10898	1	metal5	350	972	0	0	0	0.999968
10899	1	metal5	360	972	0	0	0	0.999969
10900	1	metal5	370	972	0	0	0	0.99997
10901	1	metal5	380	972	0	0	0	0.99997
10902	1	metal5	390	972	0	0	0	0.999971
10903	1	metal5	400	972	0	0	0	0.999972
10904	1	metal5	410	972	0	0	0	0.999972
10905	1	metal5	420	972	0	0	0	0.999974
10906	1	metal5	430	972	0	0	0	0.999975
10907	1	metal5	440	972	0	0	0	0.999975
10908	1	metal5	450	972	0	0	0	0.999976
10909	1	metal5	460	972	0	0	0	0.999978
10910	1	metal5	470	972	0	0	0	0.999978
10911	1	metal5	480	972	0	0	0	0.99998
10912	1	metal5	490	972	0	0	0	0.999982
10913	1	metal5	500	972	0	0	0	0.999982
10914	1	metal5	510	972	0	0	0	0.999983
10915	1	metal5	520	972	0	0	0	0.999986
10916	1	metal5	530	972	0	0	0	0.999987
10917	1	metal5	540	972	0	0	0	0.999988
10918	1	metal5	550	972	0	0	0	0.99999
10919	1	metal5	560	972	0	0	0	0.999987
10920	1	metal5	570	972	0	0	0	0.999985
10921	1	metal5	580	972	0	0	0	0.999985
10922	1	metal5	590	972	0	0	0	0.999984
10923	1	metal5	600	972	0	0	0	0.999982
10924	1	metal5	610	972	0	0	0	0.999981
10925	1	metal5	620	972	0	0	0	0.999978
10926	1	metal5	630	972	0	0	0	0.999977
10927	1	metal5	640	972	0	0	0	0.999976
10928	1	metal5	650	972	0	0	0	0.999974
10929	1	metal5	660	972	0	0	0	0.999973
10930	1	metal5	670	972	0	0	0	0.999972
10931	1	metal5	680	972	0	0	0	0.99997
10932	1	metal5	690	972	0	0	0	0.99997
10933	1	metal5	700	972	0	0	0	0.999969
10934	1	metal5	710	972	0	0	0	0.999969
10935	1	metal5	720	972	0	0	0	0.999968
10936	1	metal5	730	972	0	0	0	0.999967
10937	1	metal5	740	972	0	0	0	0.999966
10938	1	metal5	750	972	0	0	0	0.999966
10939	1	metal5	760	972	0	0	0	0.999965
10940	1	metal5	770	972	0	0	0	0.999965
10941	1	metal5	780	972	0	0	0	0.999964
10942	1	metal5	790	972	0	0	0	0.999964
10943	1	metal5	800	972	0	0	0	0.999963
10944	1	metal5	810	972	0	0	0	0.999963
10945	1	metal5	820	972	0	0	0	0.999963
10946	1	metal5	830	972	0	0	0	0.999962
10947	1	metal5	840	972	0	0	0	0.999962
10948	1	metal5	850	972	0	0	0	0.999962
10949	1	metal5	860	972	0	0	0	0.999961
10950	1	metal5	870	972	0	0	0	0.999961
10951	1	metal5	880	972	0	0	0	0.999961
10952	1	metal5	890	972	0	0	0	0.999961
10953	1	metal5	900	972	0	0	0	0.99996
10954	1	metal5	910	972	0	0	0	0.99996
10955	1	metal5	920	972	0	0	0	0.99996
10956	1	metal5	930	972	0	0	0	0.99996
10957	1	metal5	940	972	0	0	0	0.999959
10958	1	metal5	950	972	0	0	0	0.999959
10959	1	metal5	960	972	0	0	0	0.999959
10960	1	metal5	970	972	0	0	0	0.999959
10961	1	metal5	980	972	0	0	0	0.999959
10962	1	metal5	990	972	0	0	0	0.999959
10963	1	metal5	1000	972	0	0	0	0.999959
10964	1	metal5	1010	972	0	0	0	0.999958
10965	1	metal5	1020	972	0	0	0	0.999958
10966	1	metal5	1030	972	0	0	0	0.999958
10967	1	metal5	1040	972	0	0	0	0.999958
10968	1	metal5	1050	972	0	0	0	0.999958
10969	1	metal5	1060	972	0	0	0	0.999958
10970	1	metal5	1070	972	0	0	0	0.999957
10971	1	metal5	1080	972	0	0	0	0.999958
10972	1	metal5	1090	972	0	0	0	0.999958
10973	1	metal5	10	982	0	0	0	0.999971
10974	1	metal5	20	982	0	0	0	0.99997
10975	1	metal5	30	982	0	0	0	0.999971
10976	1	metal5	40	982	0	0	0	0.999971
10977	1	metal5	50	982	0	0	0	0.999971
10978	1	metal5	60	982	0	0	0	0.999971
10979	1	metal5	70	982	0	0	0	0.999971
10980	1	metal5	80	982	0	0	0	0.999971
10981	1	metal5	90	982	0	0	0	0.99997
10982	1	metal5	100	982	0	0	0	0.99997
10983	1	metal5	110	982	0	0	0	0.999969
10984	1	metal5	120	982	0	0	0	0.999969
10985	1	metal5	130	982	0	0	0	0.999969
10986	1	metal5	140	982	0	0	0	0.999968
10987	1	metal5	150	982	0	0	0	0.999968
10988	1	metal5	160	982	0	0	0	0.999967
10989	1	metal5	170	982	0	0	0	0.999967
10990	1	metal5	180	982	0	0	0	0.999966
10991	1	metal5	190	982	0	0	0	0.999966
10992	1	metal5	200	982	0	0	0	0.999966
10993	1	metal5	210	982	0	0	0	0.999966
10994	1	metal5	220	982	0	0	0	0.999966
10995	1	metal5	230	982	0	0	0	0.999966
10996	1	metal5	240	982	0	0	0	0.999966
10997	1	metal5	250	982	0	0	0	0.999966
10998	1	metal5	260	982	0	0	0	0.999966
10999	1	metal5	270	982	0	0	0	0.999966
11000	1	metal5	280	982	0	0	0	0.999967
11001	1	metal5	290	982	0	0	0	0.999967
11002	1	metal5	300	982	0	0	0	0.999967
11003	1	metal5	310	982	0	0	0	0.999967
11004	1	metal5	320	982	0	0	0	0.999968
11005	1	metal5	330	982	0	0	0	0.999968
11006	1	metal5	340	982	0	0	0	0.999968
11007	1	metal5	350	982	0	0	0	0.999969
11008	1	metal5	360	982	0	0	0	0.999969
11009	1	metal5	370	982	0	0	0	0.99997
11010	1	metal5	380	982	0	0	0	0.999971
11011	1	metal5	390	982	0	0	0	0.999971
11012	1	metal5	400	982	0	0	0	0.999972
11013	1	metal5	410	982	0	0	0	0.999973
11014	1	metal5	420	982	0	0	0	0.999974
11015	1	metal5	430	982	0	0	0	0.999975
11016	1	metal5	440	982	0	0	0	0.999976
11017	1	metal5	450	982	0	0	0	0.999977
11018	1	metal5	460	982	0	0	0	0.999978
11019	1	metal5	470	982	0	0	0	0.999979
11020	1	metal5	480	982	0	0	0	0.99998
11021	1	metal5	490	982	0	0	0	0.999982
11022	1	metal5	500	982	0	0	0	0.999982
11023	1	metal5	510	982	0	0	0	0.999984
11024	1	metal5	520	982	0	0	0	0.999986
11025	1	metal5	530	982	0	0	0	0.999987
11026	1	metal5	540	982	0	0	0	0.999988
11027	1	metal5	550	982	0	0	0	0.999989
11028	1	metal5	560	982	0	0	0	0.999987
11029	1	metal5	570	982	0	0	0	0.999986
11030	1	metal5	580	982	0	0	0	0.999985
11031	1	metal5	590	982	0	0	0	0.999984
11032	1	metal5	600	982	0	0	0	0.999982
11033	1	metal5	610	982	0	0	0	0.999981
11034	1	metal5	620	982	0	0	0	0.999979
11035	1	metal5	630	982	0	0	0	0.999977
11036	1	metal5	640	982	0	0	0	0.999976
11037	1	metal5	650	982	0	0	0	0.999975
11038	1	metal5	660	982	0	0	0	0.999973
11039	1	metal5	670	982	0	0	0	0.999972
11040	1	metal5	680	982	0	0	0	0.999971
11041	1	metal5	690	982	0	0	0	0.99997
11042	1	metal5	700	982	0	0	0	0.99997
11043	1	metal5	710	982	0	0	0	0.999969
11044	1	metal5	720	982	0	0	0	0.999968
11045	1	metal5	730	982	0	0	0	0.999967
11046	1	metal5	740	982	0	0	0	0.999966
11047	1	metal5	750	982	0	0	0	0.999966
11048	1	metal5	760	982	0	0	0	0.999966
11049	1	metal5	770	982	0	0	0	0.999965
11050	1	metal5	780	982	0	0	0	0.999964
11051	1	metal5	790	982	0	0	0	0.999964
11052	1	metal5	800	982	0	0	0	0.999964
11053	1	metal5	810	982	0	0	0	0.999963
11054	1	metal5	820	982	0	0	0	0.999963
11055	1	metal5	830	982	0	0	0	0.999963
11056	1	metal5	840	982	0	0	0	0.999962
11057	1	metal5	850	982	0	0	0	0.999962
11058	1	metal5	860	982	0	0	0	0.999962
11059	1	metal5	870	982	0	0	0	0.999962
11060	1	metal5	880	982	0	0	0	0.999961
11061	1	metal5	890	982	0	0	0	0.999961
11062	1	metal5	900	982	0	0	0	0.999961
11063	1	metal5	910	982	0	0	0	0.999961
11064	1	metal5	920	982	0	0	0	0.999961
11065	1	metal5	930	982	0	0	0	0.99996
11066	1	metal5	940	982	0	0	0	0.99996
11067	1	metal5	950	982	0	0	0	0.99996
11068	1	metal5	960	982	0	0	0	0.99996
11069	1	metal5	970	982	0	0	0	0.99996
11070	1	metal5	980	982	0	0	0	0.99996
11071	1	metal5	990	982	0	0	0	0.999959
11072	1	metal5	1000	982	0	0	0	0.999959
11073	1	metal5	1010	982	0	0	0	0.999959
11074	1	metal5	1020	982	0	0	0	0.999959
11075	1	metal5	1030	982	0	0	0	0.999959
11076	1	metal5	1040	982	0	0	0	0.999959
11077	1	metal5	1050	982	0	0	0	0.999958
11078	1	metal5	1060	982	0	0	0	0.999958
11079	1	metal5	1070	982	0	0	0	0.999958
11080	1	metal5	1080	982	0	0	0	0.999958
11081	1	metal5	1090	982	0	0	0	0.999958
11082	1	metal5	10	992	0	0	0	0.999974
11083	1	metal5	20	992	0	0	0	0.999973
11084	1	metal5	30	992	0	0	0	0.999973
11085	1	metal5	40	992	0	0	0	0.999974
11086	1	metal5	50	992	0	0	0	0.999974
11087	1	metal5	60	992	0	0	0	0.999974
11088	1	metal5	70	992	0	0	0	0.999975
11089	1	metal5	80	992	0	0	0	0.999974
11090	1	metal5	90	992	0	0	0	0.999973
11091	1	metal5	100	992	0	0	0	0.999973
11092	1	metal5	110	992	0	0	0	0.999972
11093	1	metal5	120	992	0	0	0	0.999971
11094	1	metal5	130	992	0	0	0	0.999971
11095	1	metal5	140	992	0	0	0	0.99997
11096	1	metal5	150	992	0	0	0	0.999969
11097	1	metal5	160	992	0	0	0	0.999969
11098	1	metal5	170	992	0	0	0	0.999968
11099	1	metal5	180	992	0	0	0	0.999968
11100	1	metal5	190	992	0	0	0	0.999968
11101	1	metal5	200	992	0	0	0	0.999967
11102	1	metal5	210	992	0	0	0	0.999967
11103	1	metal5	220	992	0	0	0	0.999967
11104	1	metal5	230	992	0	0	0	0.999967
11105	1	metal5	240	992	0	0	0	0.999967
11106	1	metal5	250	992	0	0	0	0.999967
11107	1	metal5	260	992	0	0	0	0.999967
11108	1	metal5	270	992	0	0	0	0.999967
11109	1	metal5	280	992	0	0	0	0.999967
11110	1	metal5	290	992	0	0	0	0.999967
11111	1	metal5	300	992	0	0	0	0.999967
11112	1	metal5	310	992	0	0	0	0.999968
11113	1	metal5	320	992	0	0	0	0.999968
11114	1	metal5	330	992	0	0	0	0.999968
11115	1	metal5	340	992	0	0	0	0.999969
11116	1	metal5	350	992	0	0	0	0.999969
11117	1	metal5	360	992	0	0	0	0.99997
11118	1	metal5	370	992	0	0	0	0.99997
11119	1	metal5	380	992	0	0	0	0.999971
11120	1	metal5	390	992	0	0	0	0.999971
11121	1	metal5	400	992	0	0	0	0.999972
11122	1	metal5	410	992	0	0	0	0.999973
11123	1	metal5	420	992	0	0	0	0.999974
11124	1	metal5	430	992	0	0	0	0.999975
11125	1	metal5	440	992	0	0	0	0.999976
11126	1	metal5	450	992	0	0	0	0.999977
11127	1	metal5	460	992	0	0	0	0.999978
11128	1	metal5	470	992	0	0	0	0.999979
11129	1	metal5	480	992	0	0	0	0.99998
11130	1	metal5	490	992	0	0	0	0.999982
11131	1	metal5	500	992	0	0	0	0.999983
11132	1	metal5	510	992	0	0	0	0.999984
11133	1	metal5	520	992	0	0	0	0.999986
11134	1	metal5	530	992	0	0	0	0.999987
11135	1	metal5	540	992	0	0	0	0.999988
11136	1	metal5	550	992	0	0	0	0.999989
11137	1	metal5	560	992	0	0	0	0.999987
11138	1	metal5	570	992	0	0	0	0.999986
11139	1	metal5	580	992	0	0	0	0.999985
11140	1	metal5	590	992	0	0	0	0.999984
11141	1	metal5	600	992	0	0	0	0.999982
11142	1	metal5	610	992	0	0	0	0.999981
11143	1	metal5	620	992	0	0	0	0.999979
11144	1	metal5	630	992	0	0	0	0.999977
11145	1	metal5	640	992	0	0	0	0.999976
11146	1	metal5	650	992	0	0	0	0.999975
11147	1	metal5	660	992	0	0	0	0.999974
11148	1	metal5	670	992	0	0	0	0.999973
11149	1	metal5	680	992	0	0	0	0.999971
11150	1	metal5	690	992	0	0	0	0.99997
11151	1	metal5	700	992	0	0	0	0.99997
11152	1	metal5	710	992	0	0	0	0.999969
11153	1	metal5	720	992	0	0	0	0.999968
11154	1	metal5	730	992	0	0	0	0.999968
11155	1	metal5	740	992	0	0	0	0.999967
11156	1	metal5	750	992	0	0	0	0.999966
11157	1	metal5	760	992	0	0	0	0.999966
11158	1	metal5	770	992	0	0	0	0.999965
11159	1	metal5	780	992	0	0	0	0.999965
11160	1	metal5	790	992	0	0	0	0.999964
11161	1	metal5	800	992	0	0	0	0.999964
11162	1	metal5	810	992	0	0	0	0.999964
11163	1	metal5	820	992	0	0	0	0.999963
11164	1	metal5	830	992	0	0	0	0.999963
11165	1	metal5	840	992	0	0	0	0.999963
11166	1	metal5	850	992	0	0	0	0.999962
11167	1	metal5	860	992	0	0	0	0.999962
11168	1	metal5	870	992	0	0	0	0.999962
11169	1	metal5	880	992	0	0	0	0.999962
11170	1	metal5	890	992	0	0	0	0.999962
11171	1	metal5	900	992	0	0	0	0.999961
11172	1	metal5	910	992	0	0	0	0.999961
11173	1	metal5	920	992	0	0	0	0.999961
11174	1	metal5	930	992	0	0	0	0.999961
11175	1	metal5	940	992	0	0	0	0.999961
11176	1	metal5	950	992	0	0	0	0.999961
11177	1	metal5	960	992	0	0	0	0.999961
11178	1	metal5	970	992	0	0	0	0.999961
11179	1	metal5	980	992	0	0	0	0.99996
11180	1	metal5	990	992	0	0	0	0.99996
11181	1	metal5	1000	992	0	0	0	0.99996
11182	1	metal5	1010	992	0	0	0	0.99996
11183	1	metal5	1020	992	0	0	0	0.99996
11184	1	metal5	1030	992	0	0	0	0.999959
11185	1	metal5	1040	992	0	0	0	0.999959
11186	1	metal5	1050	992	0	0	0	0.999959
11187	1	metal5	1060	992	0	0	0	0.999959
11188	1	metal5	1070	992	0	0	0	0.999959
11189	1	metal5	1080	992	0	0	0	0.999959
11190	1	metal5	1090	992	0	0	0	0.999959
11191	1	metal5	10	1002	0	0	0	0.999978
11192	1	metal5	20	1002	0	0	0	0.999975
11193	1	metal5	30	1002	0	0	0	0.999976
11194	1	metal5	40	1002	0	0	0	0.999978
11195	1	metal5	50	1002	0	0	0	0.999977
11196	1	metal5	60	1002	0	0	0	0.999977
11197	1	metal5	70	1002	0	0	0	0.999981
11198	1	metal5	80	1002	0	0	0	0.999977
11199	1	metal5	90	1002	0	0	0	0.999976
11200	1	metal5	100	1002	0	0	0	0.999977
11201	1	metal5	110	1002	0	0	0	0.999974
11202	1	metal5	120	1002	0	0	0	0.999973
11203	1	metal5	130	1002	0	0	0	0.999973
11204	1	metal5	140	1002	0	0	0	0.999972
11205	1	metal5	150	1002	0	0	0	0.999971
11206	1	metal5	160	1002	0	0	0	0.999971
11207	1	metal5	170	1002	0	0	0	0.999969
11208	1	metal5	180	1002	0	0	0	0.999969
11209	1	metal5	190	1002	0	0	0	0.999969
11210	1	metal5	200	1002	0	0	0	0.999968
11211	1	metal5	210	1002	0	0	0	0.999968
11212	1	metal5	220	1002	0	0	0	0.999968
11213	1	metal5	230	1002	0	0	0	0.999967
11214	1	metal5	240	1002	0	0	0	0.999967
11215	1	metal5	250	1002	0	0	0	0.999968
11216	1	metal5	260	1002	0	0	0	0.999967
11217	1	metal5	270	1002	0	0	0	0.999967
11218	1	metal5	280	1002	0	0	0	0.999968
11219	1	metal5	290	1002	0	0	0	0.999967
11220	1	metal5	300	1002	0	0	0	0.999968
11221	1	metal5	310	1002	0	0	0	0.999968
11222	1	metal5	320	1002	0	0	0	0.999968
11223	1	metal5	330	1002	0	0	0	0.999969
11224	1	metal5	340	1002	0	0	0	0.999969
11225	1	metal5	350	1002	0	0	0	0.999969
11226	1	metal5	360	1002	0	0	0	0.99997
11227	1	metal5	370	1002	0	0	0	0.999971
11228	1	metal5	380	1002	0	0	0	0.999971
11229	1	metal5	390	1002	0	0	0	0.999972
11230	1	metal5	400	1002	0	0	0	0.999973
11231	1	metal5	410	1002	0	0	0	0.999973
11232	1	metal5	420	1002	0	0	0	0.999974
11233	1	metal5	430	1002	0	0	0	0.999975
11234	1	metal5	440	1002	0	0	0	0.999976
11235	1	metal5	450	1002	0	0	0	0.999977
11236	1	metal5	460	1002	0	0	0	0.999978
11237	1	metal5	470	1002	0	0	0	0.999979
11238	1	metal5	480	1002	0	0	0	0.99998
11239	1	metal5	490	1002	0	0	0	0.999982
11240	1	metal5	500	1002	0	0	0	0.999983
11241	1	metal5	510	1002	0	0	0	0.999984
11242	1	metal5	520	1002	0	0	0	0.999987
11243	1	metal5	530	1002	0	0	0	0.999987
11244	1	metal5	540	1002	0	0	0	0.999988
11245	1	metal5	550	1002	0	0	0	0.99999
11246	1	metal5	560	1002	0	0	0	0.999988
11247	1	metal5	570	1002	0	0	0	0.999986
11248	1	metal5	580	1002	0	0	0	0.999986
11249	1	metal5	590	1002	0	0	0	0.999984
11250	1	metal5	600	1002	0	0	0	0.999983
11251	1	metal5	610	1002	0	0	0	0.999982
11252	1	metal5	620	1002	0	0	0	0.999979
11253	1	metal5	630	1002	0	0	0	0.999978
11254	1	metal5	640	1002	0	0	0	0.999977
11255	1	metal5	650	1002	0	0	0	0.999975
11256	1	metal5	660	1002	0	0	0	0.999974
11257	1	metal5	670	1002	0	0	0	0.999973
11258	1	metal5	680	1002	0	0	0	0.999971
11259	1	metal5	690	1002	0	0	0	0.999971
11260	1	metal5	700	1002	0	0	0	0.99997
11261	1	metal5	710	1002	0	0	0	0.999969
11262	1	metal5	720	1002	0	0	0	0.999968
11263	1	metal5	730	1002	0	0	0	0.999968
11264	1	metal5	740	1002	0	0	0	0.999967
11265	1	metal5	750	1002	0	0	0	0.999966
11266	1	metal5	760	1002	0	0	0	0.999966
11267	1	metal5	770	1002	0	0	0	0.999965
11268	1	metal5	780	1002	0	0	0	0.999965
11269	1	metal5	790	1002	0	0	0	0.999965
11270	1	metal5	800	1002	0	0	0	0.999964
11271	1	metal5	810	1002	0	0	0	0.999964
11272	1	metal5	820	1002	0	0	0	0.999964
11273	1	metal5	830	1002	0	0	0	0.999963
11274	1	metal5	840	1002	0	0	0	0.999963
11275	1	metal5	850	1002	0	0	0	0.999963
11276	1	metal5	860	1002	0	0	0	0.999963
11277	1	metal5	870	1002	0	0	0	0.999963
11278	1	metal5	880	1002	0	0	0	0.999962
11279	1	metal5	890	1002	0	0	0	0.999962
11280	1	metal5	900	1002	0	0	0	0.999962
11281	1	metal5	910	1002	0	0	0	0.999962
11282	1	metal5	920	1002	0	0	0	0.999962
11283	1	metal5	930	1002	0	0	0	0.999962
11284	1	metal5	940	1002	0	0	0	0.999962
11285	1	metal5	950	1002	0	0	0	0.999961
11286	1	metal5	960	1002	0	0	0	0.999961
11287	1	metal5	970	1002	0	0	0	0.999961
11288	1	metal5	980	1002	0	0	0	0.999961
11289	1	metal5	990	1002	0	0	0	0.999961
11290	1	metal5	1000	1002	0	0	0	0.999961
11291	1	metal5	1010	1002	0	0	0	0.999961
11292	1	metal5	1020	1002	0	0	0	0.99996
11293	1	metal5	1030	1002	0	0	0	0.99996
11294	1	metal5	1040	1002	0	0	0	0.99996
11295	1	metal5	1050	1002	0	0	0	0.99996
11296	1	metal5	1060	1002	0	0	0	0.99996
11297	1	metal5	1070	1002	0	0	0	0.99996
11298	1	metal5	1080	1002	0	0	0	0.99996
11299	1	metal5	1090	1002	0	0	0	0.99996
11300	1	metal5	10	1012	0	0	0	0.999974
11301	1	metal5	20	1012	0	0	0	0.999973
11302	1	metal5	30	1012	0	0	0	0.999974
11303	1	metal5	40	1012	0	0	0	0.999975
11304	1	metal5	50	1012	0	0	0	0.999975
11305	1	metal5	60	1012	0	0	0	0.999975
11306	1	metal5	70	1012	0	0	0	0.999976
11307	1	metal5	80	1012	0	0	0	0.999974
11308	1	metal5	90	1012	0	0	0	0.999974
11309	1	metal5	100	1012	0	0	0	0.999974
11310	1	metal5	110	1012	0	0	0	0.999973
11311	1	metal5	120	1012	0	0	0	0.999972
11312	1	metal5	130	1012	0	0	0	0.999972
11313	1	metal5	140	1012	0	0	0	0.999971
11314	1	metal5	150	1012	0	0	0	0.999971
11315	1	metal5	160	1012	0	0	0	0.99997
11316	1	metal5	170	1012	0	0	0	0.999969
11317	1	metal5	180	1012	0	0	0	0.999968
11318	1	metal5	190	1012	0	0	0	0.999968
11319	1	metal5	200	1012	0	0	0	0.999968
11320	1	metal5	210	1012	0	0	0	0.999968
11321	1	metal5	220	1012	0	0	0	0.999968
11322	1	metal5	230	1012	0	0	0	0.999967
11323	1	metal5	240	1012	0	0	0	0.999967
11324	1	metal5	250	1012	0	0	0	0.999967
11325	1	metal5	260	1012	0	0	0	0.999967
11326	1	metal5	270	1012	0	0	0	0.999967
11327	1	metal5	280	1012	0	0	0	0.999967
11328	1	metal5	290	1012	0	0	0	0.999967
11329	1	metal5	300	1012	0	0	0	0.999968
11330	1	metal5	310	1012	0	0	0	0.999968
11331	1	metal5	320	1012	0	0	0	0.999968
11332	1	metal5	330	1012	0	0	0	0.999968
11333	1	metal5	340	1012	0	0	0	0.999969
11334	1	metal5	350	1012	0	0	0	0.999969
11335	1	metal5	360	1012	0	0	0	0.999969
11336	1	metal5	370	1012	0	0	0	0.99997
11337	1	metal5	380	1012	0	0	0	0.999971
11338	1	metal5	390	1012	0	0	0	0.999971
11339	1	metal5	400	1012	0	0	0	0.999972
11340	1	metal5	410	1012	0	0	0	0.999973
11341	1	metal5	420	1012	0	0	0	0.999974
11342	1	metal5	430	1012	0	0	0	0.999975
11343	1	metal5	440	1012	0	0	0	0.999975
11344	1	metal5	450	1012	0	0	0	0.999976
11345	1	metal5	460	1012	0	0	0	0.999977
11346	1	metal5	470	1012	0	0	0	0.999978
11347	1	metal5	480	1012	0	0	0	0.99998
11348	1	metal5	490	1012	0	0	0	0.999981
11349	1	metal5	500	1012	0	0	0	0.999982
11350	1	metal5	510	1012	0	0	0	0.999983
11351	1	metal5	520	1012	0	0	0	0.999985
11352	1	metal5	530	1012	0	0	0	0.999986
11353	1	metal5	540	1012	0	0	0	0.999987
11354	1	metal5	550	1012	0	0	0	0.999988
11355	1	metal5	560	1012	0	0	0	0.999986
11356	1	metal5	570	1012	0	0	0	0.999984
11357	1	metal5	580	1012	0	0	0	0.999984
11358	1	metal5	590	1012	0	0	0	0.999983
11359	1	metal5	600	1012	0	0	0	0.999982
11360	1	metal5	610	1012	0	0	0	0.99998
11361	1	metal5	620	1012	0	0	0	0.999978
11362	1	metal5	630	1012	0	0	0	0.999976
11363	1	metal5	640	1012	0	0	0	0.999976
11364	1	metal5	650	1012	0	0	0	0.999974
11365	1	metal5	660	1012	0	0	0	0.999973
11366	1	metal5	670	1012	0	0	0	0.999972
11367	1	metal5	680	1012	0	0	0	0.999971
11368	1	metal5	690	1012	0	0	0	0.99997
11369	1	metal5	700	1012	0	0	0	0.99997
11370	1	metal5	710	1012	0	0	0	0.999969
11371	1	metal5	720	1012	0	0	0	0.999968
11372	1	metal5	730	1012	0	0	0	0.999967
11373	1	metal5	740	1012	0	0	0	0.999966
11374	1	metal5	750	1012	0	0	0	0.999966
11375	1	metal5	760	1012	0	0	0	0.999966
11376	1	metal5	770	1012	0	0	0	0.999965
11377	1	metal5	780	1012	0	0	0	0.999965
11378	1	metal5	790	1012	0	0	0	0.999964
11379	1	metal5	800	1012	0	0	0	0.999964
11380	1	metal5	810	1012	0	0	0	0.999964
11381	1	metal5	820	1012	0	0	0	0.999964
11382	1	metal5	830	1012	0	0	0	0.999963
11383	1	metal5	840	1012	0	0	0	0.999963
11384	1	metal5	850	1012	0	0	0	0.999963
11385	1	metal5	860	1012	0	0	0	0.999963
11386	1	metal5	870	1012	0	0	0	0.999963
11387	1	metal5	880	1012	0	0	0	0.999963
11388	1	metal5	890	1012	0	0	0	0.999963
11389	1	metal5	900	1012	0	0	0	0.999962
11390	1	metal5	910	1012	0	0	0	0.999962
11391	1	metal5	920	1012	0	0	0	0.999962
11392	1	metal5	930	1012	0	0	0	0.999962
11393	1	metal5	940	1012	0	0	0	0.999962
11394	1	metal5	950	1012	0	0	0	0.999962
11395	1	metal5	960	1012	0	0	0	0.999962
11396	1	metal5	970	1012	0	0	0	0.999962
11397	1	metal5	980	1012	0	0	0	0.999962
11398	1	metal5	990	1012	0	0	0	0.999962
11399	1	metal5	1000	1012	0	0	0	0.999962
11400	1	metal5	1010	1012	0	0	0	0.999961
11401	1	metal5	1020	1012	0	0	0	0.999961
11402	1	metal5	1030	1012	0	0	0	0.999961
11403	1	metal5	1040	1012	0	0	0	0.999961
11404	1	metal5	1050	1012	0	0	0	0.99996
11405	1	metal5	1060	1012	0	0	0	0.99996
11406	1	metal5	1070	1012	0	0	0	0.99996
11407	1	metal5	1080	1012	0	0	0	0.99996
11408	1	metal5	1090	1012	0	0	0	0.99996
11409	1	metal5	10	1022	0	0	0	0.999964
11410	1	metal5	20	1022	0	0	0	0.999969
11411	1	metal5	30	1022	0	0	0	0.999972
11412	1	metal5	40	1022	0	0	0	0.999973
11413	1	metal5	50	1022	0	0	0	0.999972
11414	1	metal5	60	1022	0	0	0	0.99997
11415	1	metal5	70	1022	0	0	0	0.999966
11416	1	metal5	80	1022	0	0	0	0.99997
11417	1	metal5	90	1022	0	0	0	0.999972
11418	1	metal5	100	1022	0	0	0	0.999972
11419	1	metal5	110	1022	0	0	0	0.99997
11420	1	metal5	120	1022	0	0	0	0.999966
11421	1	metal5	130	1022	0	0	0	0.99997
11422	1	metal5	140	1022	0	0	0	0.999971
11423	1	metal5	150	1022	0	0	0	0.999971
11424	1	metal5	160	1022	0	0	0	0.99997
11425	1	metal5	170	1022	0	0	0	0.999968
11426	1	metal5	180	1022	0	0	0	0.999964
11427	1	metal5	190	1022	0	0	0	0.999967
11428	1	metal5	200	1022	0	0	0	0.999968
11429	1	metal5	210	1022	0	0	0	0.999967
11430	1	metal5	220	1022	0	0	0	0.999967
11431	1	metal5	230	1022	0	0	0	0.999964
11432	1	metal5	240	1022	0	0	0	0.999966
11433	1	metal5	250	1022	0	0	0	0.999967
11434	1	metal5	260	1022	0	0	0	0.999967
11435	1	metal5	270	1022	0	0	0	0.999967
11436	1	metal5	280	1022	0	0	0	0.999967
11437	1	metal5	290	1022	0	0	0	0.999965
11438	1	metal5	300	1022	0	0	0	0.999967
11439	1	metal5	310	1022	0	0	0	0.999968
11440	1	metal5	320	1022	0	0	0	0.999968
11441	1	metal5	330	1022	0	0	0	0.999968
11442	1	metal5	340	1022	0	0	0	0.999968
11443	1	metal5	350	1022	0	0	0	0.999966
11444	1	metal5	360	1022	0	0	0	0.999968
11445	1	metal5	370	1022	0	0	0	0.99997
11446	1	metal5	380	1022	0	0	0	0.99997
11447	1	metal5	390	1022	0	0	0	0.99997
11448	1	metal5	400	1022	0	0	0	0.999969
11449	1	metal5	410	1022	0	0	0	0.999971
11450	1	metal5	420	1022	0	0	0	0.999973
11451	1	metal5	430	1022	0	0	0	0.999974
11452	1	metal5	440	1022	0	0	0	0.999974
11453	1	metal5	450	1022	0	0	0	0.999974
11454	1	metal5	460	1022	0	0	0	0.999972
11455	1	metal5	470	1022	0	0	0	0.999976
11456	1	metal5	480	1022	0	0	0	0.999978
11457	1	metal5	490	1022	0	0	0	0.999979
11458	1	metal5	500	1022	0	0	0	0.999979
11459	1	metal5	510	1022	0	0	0	0.999975
11460	1	metal5	520	1022	0	0	0	0.999982
11461	1	metal5	530	1022	0	0	0	0.999984
11462	1	metal5	540	1022	0	0	0	0.999986
11463	1	metal5	550	1022	0	0	0	0.999986
11464	1	metal5	560	1022	0	0	0	0.999983
11465	1	metal5	570	1022	0	0	0	0.999976
11466	1	metal5	580	1022	0	0	0	0.999981
11467	1	metal5	590	1022	0	0	0	0.999981
11468	1	metal5	600	1022	0	0	0	0.999981
11469	1	metal5	610	1022	0	0	0	0.999979
11470	1	metal5	620	1022	0	0	0	0.999976
11471	1	metal5	630	1022	0	0	0	0.999971
11472	1	metal5	640	1022	0	0	0	0.999973
11473	1	metal5	650	1022	0	0	0	0.999973
11474	1	metal5	660	1022	0	0	0	0.999972
11475	1	metal5	670	1022	0	0	0	0.99997
11476	1	metal5	680	1022	0	0	0	0.999966
11477	1	metal5	690	1022	0	0	0	0.999968
11478	1	metal5	700	1022	0	0	0	0.999969
11479	1	metal5	710	1022	0	0	0	0.999968
11480	1	metal5	720	1022	0	0	0	0.999968
11481	1	metal5	730	1022	0	0	0	0.999966
11482	1	metal5	740	1022	0	0	0	0.999964
11483	1	metal5	750	1022	0	0	0	0.999965
11484	1	metal5	760	1022	0	0	0	0.999965
11485	1	metal5	770	1022	0	0	0	0.999965
11486	1	metal5	780	1022	0	0	0	0.999964
11487	1	metal5	790	1022	0	0	0	0.999962
11488	1	metal5	800	1022	0	0	0	0.999963
11489	1	metal5	810	1022	0	0	0	0.999964
11490	1	metal5	820	1022	0	0	0	0.999964
11491	1	metal5	830	1022	0	0	0	0.999963
11492	1	metal5	840	1022	0	0	0	0.999963
11493	1	metal5	850	1022	0	0	0	0.999961
11494	1	metal5	860	1022	0	0	0	0.999962
11495	1	metal5	870	1022	0	0	0	0.999963
11496	1	metal5	880	1022	0	0	0	0.999963
11497	1	metal5	890	1022	0	0	0	0.999963
11498	1	metal5	900	1022	0	0	0	0.999962
11499	1	metal5	910	1022	0	0	0	0.99996
11500	1	metal5	920	1022	0	0	0	0.999962
11501	1	metal5	930	1022	0	0	0	0.999963
11502	1	metal5	940	1022	0	0	0	0.999963
11503	1	metal5	950	1022	0	0	0	0.999962
11504	1	metal5	960	1022	0	0	0	0.99996
11505	1	metal5	970	1022	0	0	0	0.999962
11506	1	metal5	980	1022	0	0	0	0.999963
11507	1	metal5	990	1022	0	0	0	0.999963
11508	1	metal5	1000	1022	0	0	0	0.999963
11509	1	metal5	1010	1022	0	0	0	0.999961
11510	1	metal5	1020	1022	0	0	0	0.999958
11511	1	metal5	1030	1022	0	0	0	0.99996
11512	1	metal5	1040	1022	0	0	0	0.999961
11513	1	metal5	1050	1022	0	0	0	0.999961
11514	1	metal5	1060	1022	0	0	0	0.99996
11515	1	metal5	1070	1022	0	0	0	0.999958
11516	1	metal5	1080	1022	0	0	0	0.99996
11517	1	metal5	1090	1022	0	0	0	0.999961
11518	1	metal5	10	1032	0	0	0	0.999971
11519	1	metal5	20	1032	0	0	0	0.999971
11520	1	metal5	30	1032	0	0	0	0.999972
11521	1	metal5	40	1032	0	0	0	0.999972
11522	1	metal5	50	1032	0	0	0	0.999972
11523	1	metal5	60	1032	0	0	0	0.999972
11524	1	metal5	70	1032	0	0	0	0.999972
11525	1	metal5	80	1032	0	0	0	0.999973
11526	1	metal5	90	1032	0	0	0	0.999973
11527	1	metal5	100	1032	0	0	0	0.999973
11528	1	metal5	110	1032	0	0	0	0.999972
11529	1	metal5	120	1032	0	0	0	0.999972
11530	1	metal5	130	1032	0	0	0	0.999972
11531	1	metal5	140	1032	0	0	0	0.999972
11532	1	metal5	150	1032	0	0	0	0.999972
11533	1	metal5	160	1032	0	0	0	0.999971
11534	1	metal5	170	1032	0	0	0	0.99997
11535	1	metal5	180	1032	0	0	0	0.99997
11536	1	metal5	190	1032	0	0	0	0.99997
11537	1	metal5	200	1032	0	0	0	0.999969
11538	1	metal5	210	1032	0	0	0	0.999969
11539	1	metal5	220	1032	0	0	0	0.999969
11540	1	metal5	230	1032	0	0	0	0.999968
11541	1	metal5	240	1032	0	0	0	0.999968
11542	1	metal5	250	1032	0	0	0	0.999968
11543	1	metal5	260	1032	0	0	0	0.999968
11544	1	metal5	270	1032	0	0	0	0.999968
11545	1	metal5	280	1032	0	0	0	0.999968
11546	1	metal5	290	1032	0	0	0	0.999968
11547	1	metal5	300	1032	0	0	0	0.999968
11548	1	metal5	310	1032	0	0	0	0.999968
11549	1	metal5	320	1032	0	0	0	0.999969
11550	1	metal5	330	1032	0	0	0	0.999969
11551	1	metal5	340	1032	0	0	0	0.999969
11552	1	metal5	350	1032	0	0	0	0.999969
11553	1	metal5	360	1032	0	0	0	0.99997
11554	1	metal5	370	1032	0	0	0	0.99997
11555	1	metal5	380	1032	0	0	0	0.999971
11556	1	metal5	390	1032	0	0	0	0.999971
11557	1	metal5	400	1032	0	0	0	0.999972
11558	1	metal5	410	1032	0	0	0	0.999973
11559	1	metal5	420	1032	0	0	0	0.999974
11560	1	metal5	430	1032	0	0	0	0.999975
11561	1	metal5	440	1032	0	0	0	0.999975
11562	1	metal5	450	1032	0	0	0	0.999976
11563	1	metal5	460	1032	0	0	0	0.999977
11564	1	metal5	470	1032	0	0	0	0.999978
11565	1	metal5	480	1032	0	0	0	0.999979
11566	1	metal5	490	1032	0	0	0	0.999981
11567	1	metal5	500	1032	0	0	0	0.999981
11568	1	metal5	510	1032	0	0	0	0.999983
11569	1	metal5	520	1032	0	0	0	0.999986
11570	1	metal5	530	1032	0	0	0	0.999986
11571	1	metal5	540	1032	0	0	0	0.999987
11572	1	metal5	550	1032	0	0	0	0.999989
11573	1	metal5	560	1032	0	0	0	0.999986
11574	1	metal5	570	1032	0	0	0	0.999984
11575	1	metal5	580	1032	0	0	0	0.999985
11576	1	metal5	590	1032	0	0	0	0.999983
11577	1	metal5	600	1032	0	0	0	0.999982
11578	1	metal5	610	1032	0	0	0	0.999981
11579	1	metal5	620	1032	0	0	0	0.999978
11580	1	metal5	630	1032	0	0	0	0.999976
11581	1	metal5	640	1032	0	0	0	0.999976
11582	1	metal5	650	1032	0	0	0	0.999974
11583	1	metal5	660	1032	0	0	0	0.999973
11584	1	metal5	670	1032	0	0	0	0.999972
11585	1	metal5	680	1032	0	0	0	0.999971
11586	1	metal5	690	1032	0	0	0	0.99997
11587	1	metal5	700	1032	0	0	0	0.99997
11588	1	metal5	710	1032	0	0	0	0.999969
11589	1	metal5	720	1032	0	0	0	0.999968
11590	1	metal5	730	1032	0	0	0	0.999968
11591	1	metal5	740	1032	0	0	0	0.999967
11592	1	metal5	750	1032	0	0	0	0.999966
11593	1	metal5	760	1032	0	0	0	0.999966
11594	1	metal5	770	1032	0	0	0	0.999966
11595	1	metal5	780	1032	0	0	0	0.999965
11596	1	metal5	790	1032	0	0	0	0.999965
11597	1	metal5	800	1032	0	0	0	0.999965
11598	1	metal5	810	1032	0	0	0	0.999965
11599	1	metal5	820	1032	0	0	0	0.999965
11600	1	metal5	830	1032	0	0	0	0.999964
11601	1	metal5	840	1032	0	0	0	0.999964
11602	1	metal5	850	1032	0	0	0	0.999964
11603	1	metal5	860	1032	0	0	0	0.999964
11604	1	metal5	870	1032	0	0	0	0.999964
11605	1	metal5	880	1032	0	0	0	0.999964
11606	1	metal5	890	1032	0	0	0	0.999964
11607	1	metal5	900	1032	0	0	0	0.999964
11608	1	metal5	910	1032	0	0	0	0.999965
11609	1	metal5	920	1032	0	0	0	0.999965
11610	1	metal5	930	1032	0	0	0	0.999965
11611	1	metal5	940	1032	0	0	0	0.999965
11612	1	metal5	950	1032	0	0	0	0.999965
11613	1	metal5	960	1032	0	0	0	0.999965
11614	1	metal5	970	1032	0	0	0	0.999966
11615	1	metal5	980	1032	0	0	0	0.999966
11616	1	metal5	990	1032	0	0	0	0.999965
11617	1	metal5	1000	1032	0	0	0	0.999965
11618	1	metal5	1010	1032	0	0	0	0.999964
11619	1	metal5	1020	1032	0	0	0	0.999963
11620	1	metal5	1030	1032	0	0	0	0.999963
11621	1	metal5	1040	1032	0	0	0	0.999963
11622	1	metal5	1050	1032	0	0	0	0.999963
11623	1	metal5	1060	1032	0	0	0	0.999963
11624	1	metal5	1070	1032	0	0	0	0.999962
11625	1	metal5	1080	1032	0	0	0	0.999962
11626	1	metal5	1090	1032	0	0	0	0.999962
11627	1	metal5	10	1042	0	0	0	0.999971
11628	1	metal5	20	1042	0	0	0	0.999972
11629	1	metal5	30	1042	0	0	0	0.999972
11630	1	metal5	40	1042	0	0	0	0.999972
11631	1	metal5	50	1042	0	0	0	0.999973
11632	1	metal5	60	1042	0	0	0	0.999973
11633	1	metal5	70	1042	0	0	0	0.999973
11634	1	metal5	80	1042	0	0	0	0.999973
11635	1	metal5	90	1042	0	0	0	0.999974
11636	1	metal5	100	1042	0	0	0	0.999974
11637	1	metal5	110	1042	0	0	0	0.999974
11638	1	metal5	120	1042	0	0	0	0.999974
11639	1	metal5	130	1042	0	0	0	0.999975
11640	1	metal5	140	1042	0	0	0	0.999974
11641	1	metal5	150	1042	0	0	0	0.999974
11642	1	metal5	160	1042	0	0	0	0.999973
11643	1	metal5	170	1042	0	0	0	0.999972
11644	1	metal5	180	1042	0	0	0	0.999971
11645	1	metal5	190	1042	0	0	0	0.999971
11646	1	metal5	200	1042	0	0	0	0.99997
11647	1	metal5	210	1042	0	0	0	0.99997
11648	1	metal5	220	1042	0	0	0	0.999969
11649	1	metal5	230	1042	0	0	0	0.999969
11650	1	metal5	240	1042	0	0	0	0.999968
11651	1	metal5	250	1042	0	0	0	0.999969
11652	1	metal5	260	1042	0	0	0	0.999968
11653	1	metal5	270	1042	0	0	0	0.999968
11654	1	metal5	280	1042	0	0	0	0.999968
11655	1	metal5	290	1042	0	0	0	0.999968
11656	1	metal5	300	1042	0	0	0	0.999968
11657	1	metal5	310	1042	0	0	0	0.999969
11658	1	metal5	320	1042	0	0	0	0.999969
11659	1	metal5	330	1042	0	0	0	0.999969
11660	1	metal5	340	1042	0	0	0	0.999969
11661	1	metal5	350	1042	0	0	0	0.999969
11662	1	metal5	360	1042	0	0	0	0.99997
11663	1	metal5	370	1042	0	0	0	0.99997
11664	1	metal5	380	1042	0	0	0	0.999971
11665	1	metal5	390	1042	0	0	0	0.999971
11666	1	metal5	400	1042	0	0	0	0.999972
11667	1	metal5	410	1042	0	0	0	0.999973
11668	1	metal5	420	1042	0	0	0	0.999974
11669	1	metal5	430	1042	0	0	0	0.999975
11670	1	metal5	440	1042	0	0	0	0.999975
11671	1	metal5	450	1042	0	0	0	0.999976
11672	1	metal5	460	1042	0	0	0	0.999977
11673	1	metal5	470	1042	0	0	0	0.999978
11674	1	metal5	480	1042	0	0	0	0.999979
11675	1	metal5	490	1042	0	0	0	0.999981
11676	1	metal5	500	1042	0	0	0	0.999981
11677	1	metal5	510	1042	0	0	0	0.999983
11678	1	metal5	520	1042	0	0	0	0.999985
11679	1	metal5	530	1042	0	0	0	0.999985
11680	1	metal5	540	1042	0	0	0	0.999987
11681	1	metal5	550	1042	0	0	0	0.999988
11682	1	metal5	560	1042	0	0	0	0.999986
11683	1	metal5	570	1042	0	0	0	0.999984
11684	1	metal5	580	1042	0	0	0	0.999984
11685	1	metal5	590	1042	0	0	0	0.999983
11686	1	metal5	600	1042	0	0	0	0.999981
11687	1	metal5	610	1042	0	0	0	0.99998
11688	1	metal5	620	1042	0	0	0	0.999978
11689	1	metal5	630	1042	0	0	0	0.999976
11690	1	metal5	640	1042	0	0	0	0.999976
11691	1	metal5	650	1042	0	0	0	0.999974
11692	1	metal5	660	1042	0	0	0	0.999973
11693	1	metal5	670	1042	0	0	0	0.999972
11694	1	metal5	680	1042	0	0	0	0.999971
11695	1	metal5	690	1042	0	0	0	0.99997
11696	1	metal5	700	1042	0	0	0	0.99997
11697	1	metal5	710	1042	0	0	0	0.999969
11698	1	metal5	720	1042	0	0	0	0.999968
11699	1	metal5	730	1042	0	0	0	0.999968
11700	1	metal5	740	1042	0	0	0	0.999967
11701	1	metal5	750	1042	0	0	0	0.999966
11702	1	metal5	760	1042	0	0	0	0.999966
11703	1	metal5	770	1042	0	0	0	0.999966
11704	1	metal5	780	1042	0	0	0	0.999965
11705	1	metal5	790	1042	0	0	0	0.999965
11706	1	metal5	800	1042	0	0	0	0.999965
11707	1	metal5	810	1042	0	0	0	0.999965
11708	1	metal5	820	1042	0	0	0	0.999965
11709	1	metal5	830	1042	0	0	0	0.999965
11710	1	metal5	840	1042	0	0	0	0.999965
11711	1	metal5	850	1042	0	0	0	0.999965
11712	1	metal5	860	1042	0	0	0	0.999965
11713	1	metal5	870	1042	0	0	0	0.999965
11714	1	metal5	880	1042	0	0	0	0.999966
11715	1	metal5	890	1042	0	0	0	0.999966
11716	1	metal5	900	1042	0	0	0	0.999966
11717	1	metal5	910	1042	0	0	0	0.999966
11718	1	metal5	920	1042	0	0	0	0.999967
11719	1	metal5	930	1042	0	0	0	0.999967
11720	1	metal5	940	1042	0	0	0	0.999968
11721	1	metal5	950	1042	0	0	0	0.999968
11722	1	metal5	960	1042	0	0	0	0.999968
11723	1	metal5	970	1042	0	0	0	0.999969
11724	1	metal5	980	1042	0	0	0	0.999968
11725	1	metal5	990	1042	0	0	0	0.999968
11726	1	metal5	1000	1042	0	0	0	0.999968
11727	1	metal5	1010	1042	0	0	0	0.999966
11728	1	metal5	1020	1042	0	0	0	0.999966
11729	1	metal5	1030	1042	0	0	0	0.999965
11730	1	metal5	1040	1042	0	0	0	0.999965
11731	1	metal5	1050	1042	0	0	0	0.999964
11732	1	metal5	1060	1042	0	0	0	0.999964
11733	1	metal5	1070	1042	0	0	0	0.999963
11734	1	metal5	1080	1042	0	0	0	0.999963
11735	1	metal5	1090	1042	0	0	0	0.999964
11736	1	metal5	10	1052	0	0	0	0.999972
11737	1	metal5	20	1052	0	0	0	0.999972
11738	1	metal5	30	1052	0	0	0	0.999972
11739	1	metal5	40	1052	0	0	0	0.999973
11740	1	metal5	50	1052	0	0	0	0.999973
11741	1	metal5	60	1052	0	0	0	0.999973
11742	1	metal5	70	1052	0	0	0	0.999974
11743	1	metal5	80	1052	0	0	0	0.999974
11744	1	metal5	90	1052	0	0	0	0.999975
11745	1	metal5	100	1052	0	0	0	0.999976
11746	1	metal5	110	1052	0	0	0	0.999975
11747	1	metal5	120	1052	0	0	0	0.999976
11748	1	metal5	130	1052	0	0	0	0.999978
11749	1	metal5	140	1052	0	0	0	0.999976
11750	1	metal5	150	1052	0	0	0	0.999976
11751	1	metal5	160	1052	0	0	0	0.999975
11752	1	metal5	170	1052	0	0	0	0.999973
11753	1	metal5	180	1052	0	0	0	0.999972
11754	1	metal5	190	1052	0	0	0	0.999972
11755	1	metal5	200	1052	0	0	0	0.999971
11756	1	metal5	210	1052	0	0	0	0.99997
11757	1	metal5	220	1052	0	0	0	0.99997
11758	1	metal5	230	1052	0	0	0	0.999969
11759	1	metal5	240	1052	0	0	0	0.999969
11760	1	metal5	250	1052	0	0	0	0.999969
11761	1	metal5	260	1052	0	0	0	0.999969
11762	1	metal5	270	1052	0	0	0	0.999969
11763	1	metal5	280	1052	0	0	0	0.999969
11764	1	metal5	290	1052	0	0	0	0.999968
11765	1	metal5	300	1052	0	0	0	0.999968
11766	1	metal5	310	1052	0	0	0	0.999969
11767	1	metal5	320	1052	0	0	0	0.999969
11768	1	metal5	330	1052	0	0	0	0.999969
11769	1	metal5	340	1052	0	0	0	0.999969
11770	1	metal5	350	1052	0	0	0	0.999969
11771	1	metal5	360	1052	0	0	0	0.99997
11772	1	metal5	370	1052	0	0	0	0.99997
11773	1	metal5	380	1052	0	0	0	0.999971
11774	1	metal5	390	1052	0	0	0	0.999971
11775	1	metal5	400	1052	0	0	0	0.999972
11776	1	metal5	410	1052	0	0	0	0.999973
11777	1	metal5	420	1052	0	0	0	0.999973
11778	1	metal5	430	1052	0	0	0	0.999974
11779	1	metal5	440	1052	0	0	0	0.999975
11780	1	metal5	450	1052	0	0	0	0.999976
11781	1	metal5	460	1052	0	0	0	0.999977
11782	1	metal5	470	1052	0	0	0	0.999978
11783	1	metal5	480	1052	0	0	0	0.999979
11784	1	metal5	490	1052	0	0	0	0.99998
11785	1	metal5	500	1052	0	0	0	0.999981
11786	1	metal5	510	1052	0	0	0	0.999982
11787	1	metal5	520	1052	0	0	0	0.999984
11788	1	metal5	530	1052	0	0	0	0.999985
11789	1	metal5	540	1052	0	0	0	0.999986
11790	1	metal5	550	1052	0	0	0	0.999987
11791	1	metal5	560	1052	0	0	0	0.999985
11792	1	metal5	570	1052	0	0	0	0.999984
11793	1	metal5	580	1052	0	0	0	0.999984
11794	1	metal5	590	1052	0	0	0	0.999982
11795	1	metal5	600	1052	0	0	0	0.999981
11796	1	metal5	610	1052	0	0	0	0.99998
11797	1	metal5	620	1052	0	0	0	0.999978
11798	1	metal5	630	1052	0	0	0	0.999976
11799	1	metal5	640	1052	0	0	0	0.999975
11800	1	metal5	650	1052	0	0	0	0.999974
11801	1	metal5	660	1052	0	0	0	0.999973
11802	1	metal5	670	1052	0	0	0	0.999972
11803	1	metal5	680	1052	0	0	0	0.999971
11804	1	metal5	690	1052	0	0	0	0.99997
11805	1	metal5	700	1052	0	0	0	0.99997
11806	1	metal5	710	1052	0	0	0	0.999969
11807	1	metal5	720	1052	0	0	0	0.999968
11808	1	metal5	730	1052	0	0	0	0.999968
11809	1	metal5	740	1052	0	0	0	0.999967
11810	1	metal5	750	1052	0	0	0	0.999966
11811	1	metal5	760	1052	0	0	0	0.999966
11812	1	metal5	770	1052	0	0	0	0.999966
11813	1	metal5	780	1052	0	0	0	0.999965
11814	1	metal5	790	1052	0	0	0	0.999965
11815	1	metal5	800	1052	0	0	0	0.999965
11816	1	metal5	810	1052	0	0	0	0.999965
11817	1	metal5	820	1052	0	0	0	0.999965
11818	1	metal5	830	1052	0	0	0	0.999965
11819	1	metal5	840	1052	0	0	0	0.999965
11820	1	metal5	850	1052	0	0	0	0.999965
11821	1	metal5	860	1052	0	0	0	0.999966
11822	1	metal5	870	1052	0	0	0	0.999966
11823	1	metal5	880	1052	0	0	0	0.999967
11824	1	metal5	890	1052	0	0	0	0.999967
11825	1	metal5	900	1052	0	0	0	0.999967
11826	1	metal5	910	1052	0	0	0	0.999968
11827	1	metal5	920	1052	0	0	0	0.999968
11828	1	metal5	930	1052	0	0	0	0.999969
11829	1	metal5	940	1052	0	0	0	0.999971
11830	1	metal5	950	1052	0	0	0	0.99997
11831	1	metal5	960	1052	0	0	0	0.999971
11832	1	metal5	970	1052	0	0	0	0.999973
11833	1	metal5	980	1052	0	0	0	0.999971
11834	1	metal5	990	1052	0	0	0	0.999971
11835	1	metal5	1000	1052	0	0	0	0.999971
11836	1	metal5	1010	1052	0	0	0	0.999969
11837	1	metal5	1020	1052	0	0	0	0.999967
11838	1	metal5	1030	1052	0	0	0	0.999967
11839	1	metal5	1040	1052	0	0	0	0.999966
11840	1	metal5	1050	1052	0	0	0	0.999966
11841	1	metal5	1060	1052	0	0	0	0.999965
11842	1	metal5	1070	1052	0	0	0	0.999965
11843	1	metal5	1080	1052	0	0	0	0.999965
11844	1	metal5	1090	1052	0	0	0	0.999965
11845	1	metal5	10	1062	0	0	0	0.999972
11846	1	metal5	20	1062	0	0	0	0.999971
11847	1	metal5	30	1062	0	0	0	0.999972
11848	1	metal5	40	1062	0	0	0	0.999973
11849	1	metal5	50	1062	0	0	0	0.999973
11850	1	metal5	60	1062	0	0	0	0.999973
11851	1	metal5	70	1062	0	0	0	0.999975
11852	1	metal5	80	1062	0	0	0	0.999974
11853	1	metal5	90	1062	0	0	0	0.999976
11854	1	metal5	100	1062	0	0	0	0.999978
11855	1	metal5	110	1062	0	0	0	0.999977
11856	1	metal5	120	1062	0	0	0	0.999977
11857	1	metal5	130	1062	0	0	0	0.999982
11858	1	metal5	140	1062	0	0	0	0.999978
11859	1	metal5	150	1062	0	0	0	0.999977
11860	1	metal5	160	1062	0	0	0	0.999978
11861	1	metal5	170	1062	0	0	0	0.999975
11862	1	metal5	180	1062	0	0	0	0.999973
11863	1	metal5	190	1062	0	0	0	0.999974
11864	1	metal5	200	1062	0	0	0	0.999972
11865	1	metal5	210	1062	0	0	0	0.999971
11866	1	metal5	220	1062	0	0	0	0.999971
11867	1	metal5	230	1062	0	0	0	0.999969
11868	1	metal5	240	1062	0	0	0	0.999969
11869	1	metal5	250	1062	0	0	0	0.99997
11870	1	metal5	260	1062	0	0	0	0.999969
11871	1	metal5	270	1062	0	0	0	0.999969
11872	1	metal5	280	1062	0	0	0	0.999969
11873	1	metal5	290	1062	0	0	0	0.999968
11874	1	metal5	300	1062	0	0	0	0.999968
11875	1	metal5	310	1062	0	0	0	0.999969
11876	1	metal5	320	1062	0	0	0	0.999969
11877	1	metal5	330	1062	0	0	0	0.999969
11878	1	metal5	340	1062	0	0	0	0.999969
11879	1	metal5	350	1062	0	0	0	0.999969
11880	1	metal5	360	1062	0	0	0	0.999969
11881	1	metal5	370	1062	0	0	0	0.99997
11882	1	metal5	380	1062	0	0	0	0.99997
11883	1	metal5	390	1062	0	0	0	0.999971
11884	1	metal5	400	1062	0	0	0	0.999972
11885	1	metal5	410	1062	0	0	0	0.999972
11886	1	metal5	420	1062	0	0	0	0.999973
11887	1	metal5	430	1062	0	0	0	0.999974
11888	1	metal5	440	1062	0	0	0	0.999975
11889	1	metal5	450	1062	0	0	0	0.999975
11890	1	metal5	460	1062	0	0	0	0.999977
11891	1	metal5	470	1062	0	0	0	0.999977
11892	1	metal5	480	1062	0	0	0	0.999979
11893	1	metal5	490	1062	0	0	0	0.99998
11894	1	metal5	500	1062	0	0	0	0.99998
11895	1	metal5	510	1062	0	0	0	0.999981
11896	1	metal5	520	1062	0	0	0	0.999984
11897	1	metal5	530	1062	0	0	0	0.999985
11898	1	metal5	540	1062	0	0	0	0.999986
11899	1	metal5	550	1062	0	0	0	0.999988
11900	1	metal5	560	1062	0	0	0	0.999985
11901	1	metal5	570	1062	0	0	0	0.999983
11902	1	metal5	580	1062	0	0	0	0.999984
11903	1	metal5	590	1062	0	0	0	0.999982
11904	1	metal5	600	1062	0	0	0	0.999981
11905	1	metal5	610	1062	0	0	0	0.99998
11906	1	metal5	620	1062	0	0	0	0.999977
11907	1	metal5	630	1062	0	0	0	0.999976
11908	1	metal5	640	1062	0	0	0	0.999975
11909	1	metal5	650	1062	0	0	0	0.999974
11910	1	metal5	660	1062	0	0	0	0.999973
11911	1	metal5	670	1062	0	0	0	0.999972
11912	1	metal5	680	1062	0	0	0	0.99997
11913	1	metal5	690	1062	0	0	0	0.99997
11914	1	metal5	700	1062	0	0	0	0.99997
11915	1	metal5	710	1062	0	0	0	0.999969
11916	1	metal5	720	1062	0	0	0	0.999968
11917	1	metal5	730	1062	0	0	0	0.999968
11918	1	metal5	740	1062	0	0	0	0.999967
11919	1	metal5	750	1062	0	0	0	0.999966
11920	1	metal5	760	1062	0	0	0	0.999966
11921	1	metal5	770	1062	0	0	0	0.999966
11922	1	metal5	780	1062	0	0	0	0.999965
11923	1	metal5	790	1062	0	0	0	0.999966
11924	1	metal5	800	1062	0	0	0	0.999965
11925	1	metal5	810	1062	0	0	0	0.999965
11926	1	metal5	820	1062	0	0	0	0.999966
11927	1	metal5	830	1062	0	0	0	0.999965
11928	1	metal5	840	1062	0	0	0	0.999965
11929	1	metal5	850	1062	0	0	0	0.999966
11930	1	metal5	860	1062	0	0	0	0.999966
11931	1	metal5	870	1062	0	0	0	0.999967
11932	1	metal5	880	1062	0	0	0	0.999968
11933	1	metal5	890	1062	0	0	0	0.999968
11934	1	metal5	900	1062	0	0	0	0.999968
11935	1	metal5	910	1062	0	0	0	0.99997
11936	1	metal5	920	1062	0	0	0	0.99997
11937	1	metal5	930	1062	0	0	0	0.999971
11938	1	metal5	940	1062	0	0	0	0.999974
11939	1	metal5	950	1062	0	0	0	0.999973
11940	1	metal5	960	1062	0	0	0	0.999973
11941	1	metal5	970	1062	0	0	0	0.999978
11942	1	metal5	980	1062	0	0	0	0.999975
11943	1	metal5	990	1062	0	0	0	0.999973
11944	1	metal5	1000	1062	0	0	0	0.999974
11945	1	metal5	1010	1062	0	0	0	0.99997
11946	1	metal5	1020	1062	0	0	0	0.999969
11947	1	metal5	1030	1062	0	0	0	0.99997
11948	1	metal5	1040	1062	0	0	0	0.999967
11949	1	metal5	1050	1062	0	0	0	0.999967
11950	1	metal5	1060	1062	0	0	0	0.999967
11951	1	metal5	1070	1062	0	0	0	0.999965
11952	1	metal5	1080	1062	0	0	0	0.999965
11953	1	metal5	1090	1062	0	0	0	0.999967
11954	1	metal5	10	1072	0	0	0	0.999964
11955	1	metal5	20	1072	0	0	0	0.999968
11956	1	metal5	30	1072	0	0	0	0.99997
11957	1	metal5	40	1072	0	0	0	0.999971
11958	1	metal5	50	1072	0	0	0	0.999971
11959	1	metal5	60	1072	0	0	0	0.999969
11960	1	metal5	70	1072	0	0	0	0.999966
11961	1	metal5	80	1072	0	0	0	0.999971
11962	1	metal5	90	1072	0	0	0	0.999973
11963	1	metal5	100	1072	0	0	0	0.999974
11964	1	metal5	110	1072	0	0	0	0.999972
11965	1	metal5	120	1072	0	0	0	0.999968
11966	1	metal5	130	1072	0	0	0	0.999975
11967	1	metal5	140	1072	0	0	0	0.999975
11968	1	metal5	150	1072	0	0	0	0.999975
11969	1	metal5	160	1072	0	0	0	0.999975
11970	1	metal5	170	1072	0	0	0	0.999971
11971	1	metal5	180	1072	0	0	0	0.999967
11972	1	metal5	190	1072	0	0	0	0.99997
11973	1	metal5	200	1072	0	0	0	0.99997
11974	1	metal5	210	1072	0	0	0	0.999969
11975	1	metal5	220	1072	0	0	0	0.999968
11976	1	metal5	230	1072	0	0	0	0.999965
11977	1	metal5	240	1072	0	0	0	0.999967
11978	1	metal5	250	1072	0	0	0	0.999968
11979	1	metal5	260	1072	0	0	0	0.999968
11980	1	metal5	270	1072	0	0	0	0.999968
11981	1	metal5	280	1072	0	0	0	0.999967
11982	1	metal5	290	1072	0	0	0	0.999965
11983	1	metal5	300	1072	0	0	0	0.999967
11984	1	metal5	310	1072	0	0	0	0.999968
11985	1	metal5	320	1072	0	0	0	0.999968
11986	1	metal5	330	1072	0	0	0	0.999968
11987	1	metal5	340	1072	0	0	0	0.999968
11988	1	metal5	350	1072	0	0	0	0.999966
11989	1	metal5	360	1072	0	0	0	0.999968
11990	1	metal5	370	1072	0	0	0	0.999969
11991	1	metal5	380	1072	0	0	0	0.999969
11992	1	metal5	390	1072	0	0	0	0.999969
11993	1	metal5	400	1072	0	0	0	0.999968
11994	1	metal5	410	1072	0	0	0	0.999971
11995	1	metal5	420	1072	0	0	0	0.999972
11996	1	metal5	430	1072	0	0	0	0.999973
11997	1	metal5	440	1072	0	0	0	0.999973
11998	1	metal5	450	1072	0	0	0	0.999973
11999	1	metal5	460	1072	0	0	0	0.999971
12000	1	metal5	470	1072	0	0	0	0.999975
12001	1	metal5	480	1072	0	0	0	0.999977
12002	1	metal5	490	1072	0	0	0	0.999978
12003	1	metal5	500	1072	0	0	0	0.999977
12004	1	metal5	510	1072	0	0	0	0.999974
12005	1	metal5	520	1072	0	0	0	0.99998
12006	1	metal5	530	1072	0	0	0	0.999982
12007	1	metal5	540	1072	0	0	0	0.999983
12008	1	metal5	550	1072	0	0	0	0.999984
12009	1	metal5	560	1072	0	0	0	0.99998
12010	1	metal5	570	1072	0	0	0	0.999975
12011	1	metal5	580	1072	0	0	0	0.999979
12012	1	metal5	590	1072	0	0	0	0.999979
12013	1	metal5	600	1072	0	0	0	0.999979
12014	1	metal5	610	1072	0	0	0	0.999978
12015	1	metal5	620	1072	0	0	0	0.999975
12016	1	metal5	630	1072	0	0	0	0.99997
12017	1	metal5	640	1072	0	0	0	0.999972
12018	1	metal5	650	1072	0	0	0	0.999972
12019	1	metal5	660	1072	0	0	0	0.999971
12020	1	metal5	670	1072	0	0	0	0.99997
12021	1	metal5	680	1072	0	0	0	0.999966
12022	1	metal5	690	1072	0	0	0	0.999968
12023	1	metal5	700	1072	0	0	0	0.999968
12024	1	metal5	710	1072	0	0	0	0.999968
12025	1	metal5	720	1072	0	0	0	0.999967
12026	1	metal5	730	1072	0	0	0	0.999966
12027	1	metal5	740	1072	0	0	0	0.999964
12028	1	metal5	750	1072	0	0	0	0.999965
12029	1	metal5	760	1072	0	0	0	0.999965
12030	1	metal5	770	1072	0	0	0	0.999965
12031	1	metal5	780	1072	0	0	0	0.999964
12032	1	metal5	790	1072	0	0	0	0.999963
12033	1	metal5	800	1072	0	0	0	0.999964
12034	1	metal5	810	1072	0	0	0	0.999965
12035	1	metal5	820	1072	0	0	0	0.999965
12036	1	metal5	830	1072	0	0	0	0.999965
12037	1	metal5	840	1072	0	0	0	0.999964
12038	1	metal5	850	1072	0	0	0	0.999962
12039	1	metal5	860	1072	0	0	0	0.999964
12040	1	metal5	870	1072	0	0	0	0.999966
12041	1	metal5	880	1072	0	0	0	0.999967
12042	1	metal5	890	1072	0	0	0	0.999966
12043	1	metal5	900	1072	0	0	0	0.999965
12044	1	metal5	910	1072	0	0	0	0.999963
12045	1	metal5	920	1072	0	0	0	0.999967
12046	1	metal5	930	1072	0	0	0	0.999969
12047	1	metal5	940	1072	0	0	0	0.99997
12048	1	metal5	950	1072	0	0	0	0.999968
12049	1	metal5	960	1072	0	0	0	0.999965
12050	1	metal5	970	1072	0	0	0	0.999971
12051	1	metal5	980	1072	0	0	0	0.999972
12052	1	metal5	990	1072	0	0	0	0.999971
12053	1	metal5	1000	1072	0	0	0	0.999971
12054	1	metal5	1010	1072	0	0	0	0.999967
12055	1	metal5	1020	1072	0	0	0	0.999962
12056	1	metal5	1030	1072	0	0	0	0.999966
12057	1	metal5	1040	1072	0	0	0	0.999966
12058	1	metal5	1050	1072	0	0	0	0.999965
12059	1	metal5	1060	1072	0	0	0	0.999964
12060	1	metal5	1070	1072	0	0	0	0.99996
12061	1	metal5	1080	1072	0	0	0	0.999963
12062	1	metal5	1090	1072	0	0	0	0.999965
12063	1	metal5	10	1082	0	0	0	0.999968
12064	1	metal5	20	1082	0	0	0	0.999969
12065	1	metal5	30	1082	0	0	0	0.99997
12066	1	metal5	40	1082	0	0	0	0.999971
12067	1	metal5	50	1082	0	0	0	0.999971
12068	1	metal5	60	1082	0	0	0	0.999971
12069	1	metal5	70	1082	0	0	0	0.999971
12070	1	metal5	80	1082	0	0	0	0.999972
12071	1	metal5	90	1082	0	0	0	0.999973
12072	1	metal5	100	1082	0	0	0	0.999974
12073	1	metal5	110	1082	0	0	0	0.999974
12074	1	metal5	120	1082	0	0	0	0.999974
12075	1	metal5	130	1082	0	0	0	0.999976
12076	1	metal5	140	1082	0	0	0	0.999976
12077	1	metal5	150	1082	0	0	0	0.999975
12078	1	metal5	160	1082	0	0	0	0.999975
12079	1	metal5	170	1082	0	0	0	0.999973
12080	1	metal5	180	1082	0	0	0	0.999971
12081	1	metal5	190	1082	0	0	0	0.999971
12082	1	metal5	200	1082	0	0	0	0.99997
12083	1	metal5	210	1082	0	0	0	0.99997
12084	1	metal5	220	1082	0	0	0	0.999969
12085	1	metal5	230	1082	0	0	0	0.999968
12086	1	metal5	240	1082	0	0	0	0.999968
12087	1	metal5	250	1082	0	0	0	0.999968
12088	1	metal5	260	1082	0	0	0	0.999968
12089	1	metal5	270	1082	0	0	0	0.999968
12090	1	metal5	280	1082	0	0	0	0.999968
12091	1	metal5	290	1082	0	0	0	0.999967
12092	1	metal5	300	1082	0	0	0	0.999968
12093	1	metal5	310	1082	0	0	0	0.999968
12094	1	metal5	320	1082	0	0	0	0.999968
12095	1	metal5	330	1082	0	0	0	0.999968
12096	1	metal5	340	1082	0	0	0	0.999968
12097	1	metal5	350	1082	0	0	0	0.999968
12098	1	metal5	360	1082	0	0	0	0.999969
12099	1	metal5	370	1082	0	0	0	0.999969
12100	1	metal5	380	1082	0	0	0	0.99997
12101	1	metal5	390	1082	0	0	0	0.99997
12102	1	metal5	400	1082	0	0	0	0.99997
12103	1	metal5	410	1082	0	0	0	0.999971
12104	1	metal5	420	1082	0	0	0	0.999972
12105	1	metal5	430	1082	0	0	0	0.999973
12106	1	metal5	440	1082	0	0	0	0.999974
12107	1	metal5	450	1082	0	0	0	0.999974
12108	1	metal5	460	1082	0	0	0	0.999975
12109	1	metal5	470	1082	0	0	0	0.999976
12110	1	metal5	480	1082	0	0	0	0.999977
12111	1	metal5	490	1082	0	0	0	0.999978
12112	1	metal5	500	1082	0	0	0	0.999978
12113	1	metal5	510	1082	0	0	0	0.999979
12114	1	metal5	520	1082	0	0	0	0.999981
12115	1	metal5	530	1082	0	0	0	0.999982
12116	1	metal5	540	1082	0	0	0	0.999983
12117	1	metal5	550	1082	0	0	0	0.999983
12118	1	metal5	560	1082	0	0	0	0.999982
12119	1	metal5	570	1082	0	0	0	0.99998
12120	1	metal5	580	1082	0	0	0	0.99998
12121	1	metal5	590	1082	0	0	0	0.99998
12122	1	metal5	600	1082	0	0	0	0.999979
12123	1	metal5	610	1082	0	0	0	0.999978
12124	1	metal5	620	1082	0	0	0	0.999976
12125	1	metal5	630	1082	0	0	0	0.999974
12126	1	metal5	640	1082	0	0	0	0.999973
12127	1	metal5	650	1082	0	0	0	0.999972
12128	1	metal5	660	1082	0	0	0	0.999972
12129	1	metal5	670	1082	0	0	0	0.99997
12130	1	metal5	680	1082	0	0	0	0.999969
12131	1	metal5	690	1082	0	0	0	0.999969
12132	1	metal5	700	1082	0	0	0	0.999969
12133	1	metal5	710	1082	0	0	0	0.999968
12134	1	metal5	720	1082	0	0	0	0.999967
12135	1	metal5	730	1082	0	0	0	0.999967
12136	1	metal5	740	1082	0	0	0	0.999966
12137	1	metal5	750	1082	0	0	0	0.999966
12138	1	metal5	760	1082	0	0	0	0.999966
12139	1	metal5	770	1082	0	0	0	0.999965
12140	1	metal5	780	1082	0	0	0	0.999965
12141	1	metal5	790	1082	0	0	0	0.999965
12142	1	metal5	800	1082	0	0	0	0.999965
12143	1	metal5	810	1082	0	0	0	0.999965
12144	1	metal5	820	1082	0	0	0	0.999965
12145	1	metal5	830	1082	0	0	0	0.999965
12146	1	metal5	840	1082	0	0	0	0.999965
12147	1	metal5	850	1082	0	0	0	0.999965
12148	1	metal5	860	1082	0	0	0	0.999965
12149	1	metal5	870	1082	0	0	0	0.999966
12150	1	metal5	880	1082	0	0	0	0.999967
12151	1	metal5	890	1082	0	0	0	0.999967
12152	1	metal5	900	1082	0	0	0	0.999967
12153	1	metal5	910	1082	0	0	0	0.999967
12154	1	metal5	920	1082	0	0	0	0.999968
12155	1	metal5	930	1082	0	0	0	0.999969
12156	1	metal5	940	1082	0	0	0	0.99997
12157	1	metal5	950	1082	0	0	0	0.99997
12158	1	metal5	960	1082	0	0	0	0.99997
12159	1	metal5	970	1082	0	0	0	0.999972
12160	1	metal5	980	1082	0	0	0	0.999972
12161	1	metal5	990	1082	0	0	0	0.999971
12162	1	metal5	1000	1082	0	0	0	0.999971
12163	1	metal5	1010	1082	0	0	0	0.999969
12164	1	metal5	1020	1082	0	0	0	0.999967
12165	1	metal5	1030	1082	0	0	0	0.999967
12166	1	metal5	1040	1082	0	0	0	0.999966
12167	1	metal5	1050	1082	0	0	0	0.999966
12168	1	metal5	1060	1082	0	0	0	0.999965
12169	1	metal5	1070	1082	0	0	0	0.999964
12170	1	metal5	1080	1082	0	0	0	0.999964
12171	1	metal5	1090	1082	0	0	0	0.999965
12172	2	metal6	10	12	0	0	0	0.999951
12173	2	metal6	20	12	0	0	0	0.999949
12174	2	metal6	30	12	0	0	0	0.999951
12175	2	metal6	40	12	0	0	0	0.999955
12176	2	metal6	50	12	0	0	0	0.999952
12177	2	metal6	60	12	0	0	0	0.999951
12178	2	metal6	70	12	0	0	0	0.999955
12179	2	metal6	80	12	0	0	0	0.999953
12180	2	metal6	90	12	0	0	0	0.999955
12181	2	metal6	100	12	0	0	0	0.999963
12182	2	metal6	110	12	0	0	0	0.999956
12183	2	metal6	120	12	0	0	0	0.999954
12184	2	metal6	130	12	0	0	0	0.999971
12185	2	metal6	140	12	0	0	0	0.999964
12186	2	metal6	150	12	0	0	0	0.999966
12187	2	metal6	160	12	0	0	0	0.999983
12188	2	metal6	170	12	0	0	0	0.999964
12189	2	metal6	180	12	0	0	0	0.999957
12190	2	metal6	190	12	0	0	0	0.999972
12191	2	metal6	200	12	0	0	0	0.999962
12192	2	metal6	210	12	0	0	0	0.999961
12193	2	metal6	220	12	0	0	0	0.999965
12194	2	metal6	230	12	0	0	0	0.999954
12195	2	metal6	240	12	0	0	0	0.999957
12196	2	metal6	250	12	0	0	0	0.999962
12197	2	metal6	260	12	0	0	0	0.999958
12198	2	metal6	270	12	0	0	0	0.999957
12199	2	metal6	280	12	0	0	0	0.999959
12200	2	metal6	290	12	0	0	0	0.999953
12201	2	metal6	300	12	0	0	0	0.999955
12202	2	metal6	310	12	0	0	0	0.999958
12203	2	metal6	320	12	0	0	0	0.999957
12204	2	metal6	330	12	0	0	0	0.999957
12205	2	metal6	340	12	0	0	0	0.999958
12206	2	metal6	350	12	0	0	0	0.999955
12207	2	metal6	360	12	0	0	0	0.999956
12208	2	metal6	370	12	0	0	0	0.999959
12209	2	metal6	380	12	0	0	0	0.999958
12210	2	metal6	390	12	0	0	0	0.999958
12211	2	metal6	400	12	0	0	0	0.999959
12212	2	metal6	410	12	0	0	0	0.99996
12213	2	metal6	420	12	0	0	0	0.999961
12214	2	metal6	430	12	0	0	0	0.999962
12215	2	metal6	440	12	0	0	0	0.999962
12216	2	metal6	450	12	0	0	0	0.999962
12217	2	metal6	460	12	0	0	0	0.999962
12218	2	metal6	470	12	0	0	0	0.999964
12219	2	metal6	480	12	0	0	0	0.999966
12220	2	metal6	490	12	0	0	0	0.999966
12221	2	metal6	500	12	0	0	0	0.999966
12222	2	metal6	510	12	0	0	0	0.999964
12223	2	metal6	520	12	0	0	0	0.999967
12224	2	metal6	530	12	0	0	0	0.99997
12225	2	metal6	540	12	0	0	0	0.999971
12226	2	metal6	550	12	0	0	0	0.999969
12227	2	metal6	560	12	0	0	0	0.999969
12228	2	metal6	570	12	0	0	0	0.999965
12229	2	metal6	580	12	0	0	0	0.999967
12230	2	metal6	590	12	0	0	0	0.999968
12231	2	metal6	600	12	0	0	0	0.999968
12232	2	metal6	610	12	0	0	0	0.999965
12233	2	metal6	620	12	0	0	0	0.999964
12234	2	metal6	630	12	0	0	0	0.99996
12235	2	metal6	640	12	0	0	0	0.999962
12236	2	metal6	650	12	0	0	0	0.999962
12237	2	metal6	660	12	0	0	0	0.999961
12238	2	metal6	670	12	0	0	0	0.99996
12239	2	metal6	680	12	0	0	0	0.999956
12240	2	metal6	690	12	0	0	0	0.999957
12241	2	metal6	700	12	0	0	0	0.999958
12242	2	metal6	710	12	0	0	0	0.999958
12243	2	metal6	720	12	0	0	0	0.999957
12244	2	metal6	730	12	0	0	0	0.999957
12245	2	metal6	740	12	0	0	0	0.999953
12246	2	metal6	750	12	0	0	0	0.999955
12247	2	metal6	760	12	0	0	0	0.999956
12248	2	metal6	770	12	0	0	0	0.999955
12249	2	metal6	780	12	0	0	0	0.999954
12250	2	metal6	790	12	0	0	0	0.999955
12251	2	metal6	800	12	0	0	0	0.999954
12252	2	metal6	810	12	0	0	0	0.999955
12253	2	metal6	820	12	0	0	0	0.999957
12254	2	metal6	830	12	0	0	0	0.999955
12255	2	metal6	840	12	0	0	0	0.999954
12256	2	metal6	850	12	0	0	0	0.999956
12257	2	metal6	860	12	0	0	0	0.999955
12258	2	metal6	870	12	0	0	0	0.999956
12259	2	metal6	880	12	0	0	0	0.999961
12260	2	metal6	890	12	0	0	0	0.999957
12261	2	metal6	900	12	0	0	0	0.999957
12262	2	metal6	910	12	0	0	0	0.999963
12263	2	metal6	920	12	0	0	0	0.999959
12264	2	metal6	930	12	0	0	0	0.999962
12265	2	metal6	940	12	0	0	0	0.999972
12266	2	metal6	950	12	0	0	0	0.999962
12267	2	metal6	960	12	0	0	0	0.999959
12268	2	metal6	970	12	0	0	0	0.999982
12269	2	metal6	980	12	0	0	0	0.999967
12270	2	metal6	990	12	0	0	0	0.999966
12271	2	metal6	1000	12	0	0	0	0.999974
12272	2	metal6	1010	12	0	0	0	0.99996
12273	2	metal6	1020	12	0	0	0	0.999955
12274	2	metal6	1030	12	0	0	0	0.999965
12275	2	metal6	1040	12	0	0	0	0.999958
12276	2	metal6	1050	12	0	0	0	0.999958
12277	2	metal6	1060	12	0	0	0	0.999962
12278	2	metal6	1070	12	0	0	0	0.999952
12279	2	metal6	1080	12	0	0	0	0.999955
12280	2	metal6	1090	12	0	0	0	0.999961
12281	2	metal6	10	22	0	0	0	0.99995
12282	2	metal6	20	22	0	0	0	0.99995
12283	2	metal6	30	22	0	0	0	0.999951
12284	2	metal6	40	22	0	0	0	0.999952
12285	2	metal6	50	22	0	0	0	0.999951
12286	2	metal6	60	22	0	0	0	0.999952
12287	2	metal6	70	22	0	0	0	0.999954
12288	2	metal6	80	22	0	0	0	0.999953
12289	2	metal6	90	22	0	0	0	0.999955
12290	2	metal6	100	22	0	0	0	0.999958
12291	2	metal6	110	22	0	0	0	0.999956
12292	2	metal6	120	22	0	0	0	0.999956
12293	2	metal6	130	22	0	0	0	0.999963
12294	2	metal6	140	22	0	0	0	0.999962
12295	2	metal6	150	22	0	0	0	0.999964
12296	2	metal6	160	22	0	0	0	0.99997
12297	2	metal6	170	22	0	0	0	0.999962
12298	2	metal6	180	22	0	0	0	0.999959
12299	2	metal6	190	22	0	0	0	0.999964
12300	2	metal6	200	22	0	0	0	0.999961
12301	2	metal6	210	22	0	0	0	0.99996
12302	2	metal6	220	22	0	0	0	0.999961
12303	2	metal6	230	22	0	0	0	0.999956
12304	2	metal6	240	22	0	0	0	0.999957
12305	2	metal6	250	22	0	0	0	0.999959
12306	2	metal6	260	22	0	0	0	0.999957
12307	2	metal6	270	22	0	0	0	0.999957
12308	2	metal6	280	22	0	0	0	0.999957
12309	2	metal6	290	22	0	0	0	0.999955
12310	2	metal6	300	22	0	0	0	0.999956
12311	2	metal6	310	22	0	0	0	0.999957
12312	2	metal6	320	22	0	0	0	0.999957
12313	2	metal6	330	22	0	0	0	0.999957
12314	2	metal6	340	22	0	0	0	0.999957
12315	2	metal6	350	22	0	0	0	0.999956
12316	2	metal6	360	22	0	0	0	0.999957
12317	2	metal6	370	22	0	0	0	0.999958
12318	2	metal6	380	22	0	0	0	0.999959
12319	2	metal6	390	22	0	0	0	0.999959
12320	2	metal6	400	22	0	0	0	0.99996
12321	2	metal6	410	22	0	0	0	0.999961
12322	2	metal6	420	22	0	0	0	0.999962
12323	2	metal6	430	22	0	0	0	0.999963
12324	2	metal6	440	22	0	0	0	0.999963
12325	2	metal6	450	22	0	0	0	0.999964
12326	2	metal6	460	22	0	0	0	0.999964
12327	2	metal6	470	22	0	0	0	0.999966
12328	2	metal6	480	22	0	0	0	0.999967
12329	2	metal6	490	22	0	0	0	0.999968
12330	2	metal6	500	22	0	0	0	0.999968
12331	2	metal6	510	22	0	0	0	0.999968
12332	2	metal6	520	22	0	0	0	0.999971
12333	2	metal6	530	22	0	0	0	0.999973
12334	2	metal6	540	22	0	0	0	0.999973
12335	2	metal6	550	22	0	0	0	0.999974
12336	2	metal6	560	22	0	0	0	0.999972
12337	2	metal6	570	22	0	0	0	0.99997
12338	2	metal6	580	22	0	0	0	0.999971
12339	2	metal6	590	22	0	0	0	0.99997
12340	2	metal6	600	22	0	0	0	0.999969
12341	2	metal6	610	22	0	0	0	0.999968
12342	2	metal6	620	22	0	0	0	0.999966
12343	2	metal6	630	22	0	0	0	0.999963
12344	2	metal6	640	22	0	0	0	0.999964
12345	2	metal6	650	22	0	0	0	0.999963
12346	2	metal6	660	22	0	0	0	0.999962
12347	2	metal6	670	22	0	0	0	0.999961
12348	2	metal6	680	22	0	0	0	0.999959
12349	2	metal6	690	22	0	0	0	0.999959
12350	2	metal6	700	22	0	0	0	0.999959
12351	2	metal6	710	22	0	0	0	0.999958
12352	2	metal6	720	22	0	0	0	0.999957
12353	2	metal6	730	22	0	0	0	0.999957
12354	2	metal6	740	22	0	0	0	0.999955
12355	2	metal6	750	22	0	0	0	0.999955
12356	2	metal6	760	22	0	0	0	0.999956
12357	2	metal6	770	22	0	0	0	0.999955
12358	2	metal6	780	22	0	0	0	0.999955
12359	2	metal6	790	22	0	0	0	0.999955
12360	2	metal6	800	22	0	0	0	0.999954
12361	2	metal6	810	22	0	0	0	0.999955
12362	2	metal6	820	22	0	0	0	0.999956
12363	2	metal6	830	22	0	0	0	0.999955
12364	2	metal6	840	22	0	0	0	0.999955
12365	2	metal6	850	22	0	0	0	0.999956
12366	2	metal6	860	22	0	0	0	0.999955
12367	2	metal6	870	22	0	0	0	0.999956
12368	2	metal6	880	22	0	0	0	0.999958
12369	2	metal6	890	22	0	0	0	0.999957
12370	2	metal6	900	22	0	0	0	0.999957
12371	2	metal6	910	22	0	0	0	0.99996
12372	2	metal6	920	22	0	0	0	0.999959
12373	2	metal6	930	22	0	0	0	0.999961
12374	2	metal6	940	22	0	0	0	0.999965
12375	2	metal6	950	22	0	0	0	0.999961
12376	2	metal6	960	22	0	0	0	0.999961
12377	2	metal6	970	22	0	0	0	0.99997
12378	2	metal6	980	22	0	0	0	0.999964
12379	2	metal6	990	22	0	0	0	0.999964
12380	2	metal6	1000	22	0	0	0	0.999966
12381	2	metal6	1010	22	0	0	0	0.99996
12382	2	metal6	1020	22	0	0	0	0.999957
12383	2	metal6	1030	22	0	0	0	0.999961
12384	2	metal6	1040	22	0	0	0	0.999958
12385	2	metal6	1050	22	0	0	0	0.999957
12386	2	metal6	1060	22	0	0	0	0.999958
12387	2	metal6	1070	22	0	0	0	0.999954
12388	2	metal6	1080	22	0	0	0	0.999955
12389	2	metal6	1090	22	0	0	0	0.999958
12390	2	metal6	10	32	0	0	0	0.99995
12391	2	metal6	20	32	0	0	0	0.99995
12392	2	metal6	30	32	0	0	0	0.99995
12393	2	metal6	40	32	0	0	0	0.999951
12394	2	metal6	50	32	0	0	0	0.999951
12395	2	metal6	60	32	0	0	0	0.999951
12396	2	metal6	70	32	0	0	0	0.999952
12397	2	metal6	80	32	0	0	0	0.999952
12398	2	metal6	90	32	0	0	0	0.999954
12399	2	metal6	100	32	0	0	0	0.999955
12400	2	metal6	110	32	0	0	0	0.999955
12401	2	metal6	120	32	0	0	0	0.999956
12402	2	metal6	130	32	0	0	0	0.999959
12403	2	metal6	140	32	0	0	0	0.999959
12404	2	metal6	150	32	0	0	0	0.999961
12405	2	metal6	160	32	0	0	0	0.999963
12406	2	metal6	170	32	0	0	0	0.99996
12407	2	metal6	180	32	0	0	0	0.999959
12408	2	metal6	190	32	0	0	0	0.99996
12409	2	metal6	200	32	0	0	0	0.999959
12410	2	metal6	210	32	0	0	0	0.999958
12411	2	metal6	220	32	0	0	0	0.999958
12412	2	metal6	230	32	0	0	0	0.999956
12413	2	metal6	240	32	0	0	0	0.999956
12414	2	metal6	250	32	0	0	0	0.999957
12415	2	metal6	260	32	0	0	0	0.999956
12416	2	metal6	270	32	0	0	0	0.999956
12417	2	metal6	280	32	0	0	0	0.999957
12418	2	metal6	290	32	0	0	0	0.999956
12419	2	metal6	300	32	0	0	0	0.999956
12420	2	metal6	310	32	0	0	0	0.999957
12421	2	metal6	320	32	0	0	0	0.999957
12422	2	metal6	330	32	0	0	0	0.999957
12423	2	metal6	340	32	0	0	0	0.999957
12424	2	metal6	350	32	0	0	0	0.999957
12425	2	metal6	360	32	0	0	0	0.999958
12426	2	metal6	370	32	0	0	0	0.999959
12427	2	metal6	380	32	0	0	0	0.999959
12428	2	metal6	390	32	0	0	0	0.99996
12429	2	metal6	400	32	0	0	0	0.999961
12430	2	metal6	410	32	0	0	0	0.999961
12431	2	metal6	420	32	0	0	0	0.999962
12432	2	metal6	430	32	0	0	0	0.999964
12433	2	metal6	440	32	0	0	0	0.999964
12434	2	metal6	450	32	0	0	0	0.999965
12435	2	metal6	460	32	0	0	0	0.999967
12436	2	metal6	470	32	0	0	0	0.999967
12437	2	metal6	480	32	0	0	0	0.999969
12438	2	metal6	490	32	0	0	0	0.999971
12439	2	metal6	500	32	0	0	0	0.999971
12440	2	metal6	510	32	0	0	0	0.999972
12441	2	metal6	520	32	0	0	0	0.999975
12442	2	metal6	530	32	0	0	0	0.999975
12443	2	metal6	540	32	0	0	0	0.999976
12444	2	metal6	550	32	0	0	0	0.999979
12445	2	metal6	560	32	0	0	0	0.999975
12446	2	metal6	570	32	0	0	0	0.999974
12447	2	metal6	580	32	0	0	0	0.999975
12448	2	metal6	590	32	0	0	0	0.999972
12449	2	metal6	600	32	0	0	0	0.999971
12450	2	metal6	610	32	0	0	0	0.99997
12451	2	metal6	620	32	0	0	0	0.999968
12452	2	metal6	630	32	0	0	0	0.999966
12453	2	metal6	640	32	0	0	0	0.999966
12454	2	metal6	650	32	0	0	0	0.999964
12455	2	metal6	660	32	0	0	0	0.999963
12456	2	metal6	670	32	0	0	0	0.999962
12457	2	metal6	680	32	0	0	0	0.99996
12458	2	metal6	690	32	0	0	0	0.99996
12459	2	metal6	700	32	0	0	0	0.99996
12460	2	metal6	710	32	0	0	0	0.999959
12461	2	metal6	720	32	0	0	0	0.999958
12462	2	metal6	730	32	0	0	0	0.999958
12463	2	metal6	740	32	0	0	0	0.999956
12464	2	metal6	750	32	0	0	0	0.999956
12465	2	metal6	760	32	0	0	0	0.999956
12466	2	metal6	770	32	0	0	0	0.999955
12467	2	metal6	780	32	0	0	0	0.999955
12468	2	metal6	790	32	0	0	0	0.999955
12469	2	metal6	800	32	0	0	0	0.999955
12470	2	metal6	810	32	0	0	0	0.999955
12471	2	metal6	820	32	0	0	0	0.999955
12472	2	metal6	830	32	0	0	0	0.999955
12473	2	metal6	840	32	0	0	0	0.999955
12474	2	metal6	850	32	0	0	0	0.999955
12475	2	metal6	860	32	0	0	0	0.999955
12476	2	metal6	870	32	0	0	0	0.999956
12477	2	metal6	880	32	0	0	0	0.999957
12478	2	metal6	890	32	0	0	0	0.999956
12479	2	metal6	900	32	0	0	0	0.999957
12480	2	metal6	910	32	0	0	0	0.999958
12481	2	metal6	920	32	0	0	0	0.999958
12482	2	metal6	930	32	0	0	0	0.999959
12483	2	metal6	940	32	0	0	0	0.999961
12484	2	metal6	950	32	0	0	0	0.99996
12485	2	metal6	960	32	0	0	0	0.99996
12486	2	metal6	970	32	0	0	0	0.999963
12487	2	metal6	980	32	0	0	0	0.999961
12488	2	metal6	990	32	0	0	0	0.999961
12489	2	metal6	1000	32	0	0	0	0.999961
12490	2	metal6	1010	32	0	0	0	0.999958
12491	2	metal6	1020	32	0	0	0	0.999957
12492	2	metal6	1030	32	0	0	0	0.999958
12493	2	metal6	1040	32	0	0	0	0.999956
12494	2	metal6	1050	32	0	0	0	0.999956
12495	2	metal6	1060	32	0	0	0	0.999956
12496	2	metal6	1070	32	0	0	0	0.999954
12497	2	metal6	1080	32	0	0	0	0.999955
12498	2	metal6	1090	32	0	0	0	0.999956
12499	2	metal6	10	42	0	0	0	0.99995
12500	2	metal6	20	42	0	0	0	0.999949
12501	2	metal6	30	42	0	0	0	0.99995
12502	2	metal6	40	42	0	0	0	0.999951
12503	2	metal6	50	42	0	0	0	0.99995
12504	2	metal6	60	42	0	0	0	0.99995
12505	2	metal6	70	42	0	0	0	0.999951
12506	2	metal6	80	42	0	0	0	0.999951
12507	2	metal6	90	42	0	0	0	0.999952
12508	2	metal6	100	42	0	0	0	0.999953
12509	2	metal6	110	42	0	0	0	0.999954
12510	2	metal6	120	42	0	0	0	0.999954
12511	2	metal6	130	42	0	0	0	0.999956
12512	2	metal6	140	42	0	0	0	0.999957
12513	2	metal6	150	42	0	0	0	0.999957
12514	2	metal6	160	42	0	0	0	0.999958
12515	2	metal6	170	42	0	0	0	0.999957
12516	2	metal6	180	42	0	0	0	0.999957
12517	2	metal6	190	42	0	0	0	0.999957
12518	2	metal6	200	42	0	0	0	0.999957
12519	2	metal6	210	42	0	0	0	0.999956
12520	2	metal6	220	42	0	0	0	0.999956
12521	2	metal6	230	42	0	0	0	0.999955
12522	2	metal6	240	42	0	0	0	0.999955
12523	2	metal6	250	42	0	0	0	0.999956
12524	2	metal6	260	42	0	0	0	0.999956
12525	2	metal6	270	42	0	0	0	0.999956
12526	2	metal6	280	42	0	0	0	0.999956
12527	2	metal6	290	42	0	0	0	0.999955
12528	2	metal6	300	42	0	0	0	0.999956
12529	2	metal6	310	42	0	0	0	0.999957
12530	2	metal6	320	42	0	0	0	0.999956
12531	2	metal6	330	42	0	0	0	0.999957
12532	2	metal6	340	42	0	0	0	0.999958
12533	2	metal6	350	42	0	0	0	0.999957
12534	2	metal6	360	42	0	0	0	0.999958
12535	2	metal6	370	42	0	0	0	0.99996
12536	2	metal6	380	42	0	0	0	0.999959
12537	2	metal6	390	42	0	0	0	0.99996
12538	2	metal6	400	42	0	0	0	0.999962
12539	2	metal6	410	42	0	0	0	0.999962
12540	2	metal6	420	42	0	0	0	0.999963
12541	2	metal6	430	42	0	0	0	0.999965
12542	2	metal6	440	42	0	0	0	0.999965
12543	2	metal6	450	42	0	0	0	0.999966
12544	2	metal6	460	42	0	0	0	0.999969
12545	2	metal6	470	42	0	0	0	0.999969
12546	2	metal6	480	42	0	0	0	0.99997
12547	2	metal6	490	42	0	0	0	0.999974
12548	2	metal6	500	42	0	0	0	0.999973
12549	2	metal6	510	42	0	0	0	0.999974
12550	2	metal6	520	42	0	0	0	0.999981
12551	2	metal6	530	42	0	0	0	0.999978
12552	2	metal6	540	42	0	0	0	0.999979
12553	2	metal6	550	42	0	0	0	0.999988
12554	2	metal6	560	42	0	0	0	0.999978
12555	2	metal6	570	42	0	0	0	0.999976
12556	2	metal6	580	42	0	0	0	0.99998
12557	2	metal6	590	42	0	0	0	0.999974
12558	2	metal6	600	42	0	0	0	0.999973
12559	2	metal6	610	42	0	0	0	0.999974
12560	2	metal6	620	42	0	0	0	0.999969
12561	2	metal6	630	42	0	0	0	0.999967
12562	2	metal6	640	42	0	0	0	0.999968
12563	2	metal6	650	42	0	0	0	0.999965
12564	2	metal6	660	42	0	0	0	0.999964
12565	2	metal6	670	42	0	0	0	0.999964
12566	2	metal6	680	42	0	0	0	0.999961
12567	2	metal6	690	42	0	0	0	0.99996
12568	2	metal6	700	42	0	0	0	0.999961
12569	2	metal6	710	42	0	0	0	0.999959
12570	2	metal6	720	42	0	0	0	0.999958
12571	2	metal6	730	42	0	0	0	0.999958
12572	2	metal6	740	42	0	0	0	0.999957
12573	2	metal6	750	42	0	0	0	0.999956
12574	2	metal6	760	42	0	0	0	0.999957
12575	2	metal6	770	42	0	0	0	0.999955
12576	2	metal6	780	42	0	0	0	0.999955
12577	2	metal6	790	42	0	0	0	0.999956
12578	2	metal6	800	42	0	0	0	0.999955
12579	2	metal6	810	42	0	0	0	0.999955
12580	2	metal6	820	42	0	0	0	0.999955
12581	2	metal6	830	42	0	0	0	0.999954
12582	2	metal6	840	42	0	0	0	0.999954
12583	2	metal6	850	42	0	0	0	0.999955
12584	2	metal6	860	42	0	0	0	0.999955
12585	2	metal6	870	42	0	0	0	0.999955
12586	2	metal6	880	42	0	0	0	0.999956
12587	2	metal6	890	42	0	0	0	0.999955
12588	2	metal6	900	42	0	0	0	0.999955
12589	2	metal6	910	42	0	0	0	0.999956
12590	2	metal6	920	42	0	0	0	0.999956
12591	2	metal6	930	42	0	0	0	0.999957
12592	2	metal6	940	42	0	0	0	0.999957
12593	2	metal6	950	42	0	0	0	0.999957
12594	2	metal6	960	42	0	0	0	0.999957
12595	2	metal6	970	42	0	0	0	0.999958
12596	2	metal6	980	42	0	0	0	0.999958
12597	2	metal6	990	42	0	0	0	0.999958
12598	2	metal6	1000	42	0	0	0	0.999957
12599	2	metal6	1010	42	0	0	0	0.999956
12600	2	metal6	1020	42	0	0	0	0.999955
12601	2	metal6	1030	42	0	0	0	0.999956
12602	2	metal6	1040	42	0	0	0	0.999955
12603	2	metal6	1050	42	0	0	0	0.999955
12604	2	metal6	1060	42	0	0	0	0.999955
12605	2	metal6	1070	42	0	0	0	0.999954
12606	2	metal6	1080	42	0	0	0	0.999954
12607	2	metal6	1090	42	0	0	0	0.999955
12608	2	metal6	10	52	0	0	0	0.999948
12609	2	metal6	20	52	0	0	0	0.999948
12610	2	metal6	30	52	0	0	0	0.999949
12611	2	metal6	40	52	0	0	0	0.999949
12612	2	metal6	50	52	0	0	0	0.999949
12613	2	metal6	60	52	0	0	0	0.999949
12614	2	metal6	70	52	0	0	0	0.99995
12615	2	metal6	80	52	0	0	0	0.99995
12616	2	metal6	90	52	0	0	0	0.999951
12617	2	metal6	100	52	0	0	0	0.999951
12618	2	metal6	110	52	0	0	0	0.999952
12619	2	metal6	120	52	0	0	0	0.999952
12620	2	metal6	130	52	0	0	0	0.999953
12621	2	metal6	140	52	0	0	0	0.999954
12622	2	metal6	150	52	0	0	0	0.999955
12623	2	metal6	160	52	0	0	0	0.999955
12624	2	metal6	170	52	0	0	0	0.999955
12625	2	metal6	180	52	0	0	0	0.999954
12626	2	metal6	190	52	0	0	0	0.999955
12627	2	metal6	200	52	0	0	0	0.999955
12628	2	metal6	210	52	0	0	0	0.999955
12629	2	metal6	220	52	0	0	0	0.999955
12630	2	metal6	230	52	0	0	0	0.999954
12631	2	metal6	240	52	0	0	0	0.999954
12632	2	metal6	250	52	0	0	0	0.999955
12633	2	metal6	260	52	0	0	0	0.999955
12634	2	metal6	270	52	0	0	0	0.999955
12635	2	metal6	280	52	0	0	0	0.999955
12636	2	metal6	290	52	0	0	0	0.999955
12637	2	metal6	300	52	0	0	0	0.999955
12638	2	metal6	310	52	0	0	0	0.999956
12639	2	metal6	320	52	0	0	0	0.999956
12640	2	metal6	330	52	0	0	0	0.999956
12641	2	metal6	340	52	0	0	0	0.999957
12642	2	metal6	350	52	0	0	0	0.999957
12643	2	metal6	360	52	0	0	0	0.999958
12644	2	metal6	370	52	0	0	0	0.999959
12645	2	metal6	380	52	0	0	0	0.999959
12646	2	metal6	390	52	0	0	0	0.99996
12647	2	metal6	400	52	0	0	0	0.999961
12648	2	metal6	410	52	0	0	0	0.999962
12649	2	metal6	420	52	0	0	0	0.999963
12650	2	metal6	430	52	0	0	0	0.999965
12651	2	metal6	440	52	0	0	0	0.999965
12652	2	metal6	450	52	0	0	0	0.999966
12653	2	metal6	460	52	0	0	0	0.999968
12654	2	metal6	470	52	0	0	0	0.999969
12655	2	metal6	480	52	0	0	0	0.999971
12656	2	metal6	490	52	0	0	0	0.999973
12657	2	metal6	500	52	0	0	0	0.999973
12658	2	metal6	510	52	0	0	0	0.999974
12659	2	metal6	520	52	0	0	0	0.999979
12660	2	metal6	530	52	0	0	0	0.999979
12661	2	metal6	540	52	0	0	0	0.99998
12662	2	metal6	550	52	0	0	0	0.999984
12663	2	metal6	560	52	0	0	0	0.999979
12664	2	metal6	570	52	0	0	0	0.999977
12665	2	metal6	580	52	0	0	0	0.999979
12666	2	metal6	590	52	0	0	0	0.999975
12667	2	metal6	600	52	0	0	0	0.999974
12668	2	metal6	610	52	0	0	0	0.999973
12669	2	metal6	620	52	0	0	0	0.99997
12670	2	metal6	630	52	0	0	0	0.999967
12671	2	metal6	640	52	0	0	0	0.999967
12672	2	metal6	650	52	0	0	0	0.999965
12673	2	metal6	660	52	0	0	0	0.999964
12674	2	metal6	670	52	0	0	0	0.999963
12675	2	metal6	680	52	0	0	0	0.999961
12676	2	metal6	690	52	0	0	0	0.99996
12677	2	metal6	700	52	0	0	0	0.99996
12678	2	metal6	710	52	0	0	0	0.999959
12679	2	metal6	720	52	0	0	0	0.999958
12680	2	metal6	730	52	0	0	0	0.999958
12681	2	metal6	740	52	0	0	0	0.999956
12682	2	metal6	750	52	0	0	0	0.999956
12683	2	metal6	760	52	0	0	0	0.999956
12684	2	metal6	770	52	0	0	0	0.999955
12685	2	metal6	780	52	0	0	0	0.999955
12686	2	metal6	790	52	0	0	0	0.999955
12687	2	metal6	800	52	0	0	0	0.999954
12688	2	metal6	810	52	0	0	0	0.999954
12689	2	metal6	820	52	0	0	0	0.999954
12690	2	metal6	830	52	0	0	0	0.999954
12691	2	metal6	840	52	0	0	0	0.999954
12692	2	metal6	850	52	0	0	0	0.999954
12693	2	metal6	860	52	0	0	0	0.999954
12694	2	metal6	870	52	0	0	0	0.999954
12695	2	metal6	880	52	0	0	0	0.999954
12696	2	metal6	890	52	0	0	0	0.999954
12697	2	metal6	900	52	0	0	0	0.999954
12698	2	metal6	910	52	0	0	0	0.999954
12699	2	metal6	920	52	0	0	0	0.999955
12700	2	metal6	930	52	0	0	0	0.999955
12701	2	metal6	940	52	0	0	0	0.999955
12702	2	metal6	950	52	0	0	0	0.999955
12703	2	metal6	960	52	0	0	0	0.999955
12704	2	metal6	970	52	0	0	0	0.999956
12705	2	metal6	980	52	0	0	0	0.999956
12706	2	metal6	990	52	0	0	0	0.999956
12707	2	metal6	1000	52	0	0	0	0.999955
12708	2	metal6	1010	52	0	0	0	0.999954
12709	2	metal6	1020	52	0	0	0	0.999954
12710	2	metal6	1030	52	0	0	0	0.999954
12711	2	metal6	1040	52	0	0	0	0.999953
12712	2	metal6	1050	52	0	0	0	0.999953
12713	2	metal6	1060	52	0	0	0	0.999953
12714	2	metal6	1070	52	0	0	0	0.999952
12715	2	metal6	1080	52	0	0	0	0.999952
12716	2	metal6	1090	52	0	0	0	0.999953
12717	2	metal6	10	62	0	0	0	0.999947
12718	2	metal6	20	62	0	0	0	0.999947
12719	2	metal6	30	62	0	0	0	0.999947
12720	2	metal6	40	62	0	0	0	0.999948
12721	2	metal6	50	62	0	0	0	0.999948
12722	2	metal6	60	62	0	0	0	0.999948
12723	2	metal6	70	62	0	0	0	0.999948
12724	2	metal6	80	62	0	0	0	0.999949
12725	2	metal6	90	62	0	0	0	0.999949
12726	2	metal6	100	62	0	0	0	0.99995
12727	2	metal6	110	62	0	0	0	0.99995
12728	2	metal6	120	62	0	0	0	0.99995
12729	2	metal6	130	62	0	0	0	0.999951
12730	2	metal6	140	62	0	0	0	0.999952
12731	2	metal6	150	62	0	0	0	0.999952
12732	2	metal6	160	62	0	0	0	0.999953
12733	2	metal6	170	62	0	0	0	0.999952
12734	2	metal6	180	62	0	0	0	0.999952
12735	2	metal6	190	62	0	0	0	0.999953
12736	2	metal6	200	62	0	0	0	0.999953
12737	2	metal6	210	62	0	0	0	0.999953
12738	2	metal6	220	62	0	0	0	0.999953
12739	2	metal6	230	62	0	0	0	0.999952
12740	2	metal6	240	62	0	0	0	0.999953
12741	2	metal6	250	62	0	0	0	0.999953
12742	2	metal6	260	62	0	0	0	0.999954
12743	2	metal6	270	62	0	0	0	0.999954
12744	2	metal6	280	62	0	0	0	0.999954
12745	2	metal6	290	62	0	0	0	0.999954
12746	2	metal6	300	62	0	0	0	0.999954
12747	2	metal6	310	62	0	0	0	0.999955
12748	2	metal6	320	62	0	0	0	0.999956
12749	2	metal6	330	62	0	0	0	0.999956
12750	2	metal6	340	62	0	0	0	0.999956
12751	2	metal6	350	62	0	0	0	0.999956
12752	2	metal6	360	62	0	0	0	0.999957
12753	2	metal6	370	62	0	0	0	0.999959
12754	2	metal6	380	62	0	0	0	0.999959
12755	2	metal6	390	62	0	0	0	0.99996
12756	2	metal6	400	62	0	0	0	0.999961
12757	2	metal6	410	62	0	0	0	0.999962
12758	2	metal6	420	62	0	0	0	0.999963
12759	2	metal6	430	62	0	0	0	0.999965
12760	2	metal6	440	62	0	0	0	0.999965
12761	2	metal6	450	62	0	0	0	0.999966
12762	2	metal6	460	62	0	0	0	0.999968
12763	2	metal6	470	62	0	0	0	0.999969
12764	2	metal6	480	62	0	0	0	0.999971
12765	2	metal6	490	62	0	0	0	0.999974
12766	2	metal6	500	62	0	0	0	0.999973
12767	2	metal6	510	62	0	0	0	0.999974
12768	2	metal6	520	62	0	0	0	0.999979
12769	2	metal6	530	62	0	0	0	0.999979
12770	2	metal6	540	62	0	0	0	0.999981
12771	2	metal6	550	62	0	0	0	0.999985
12772	2	metal6	560	62	0	0	0	0.999979
12773	2	metal6	570	62	0	0	0	0.999976
12774	2	metal6	580	62	0	0	0	0.999979
12775	2	metal6	590	62	0	0	0	0.999976
12776	2	metal6	600	62	0	0	0	0.999974
12777	2	metal6	610	62	0	0	0	0.999973
12778	2	metal6	620	62	0	0	0	0.99997
12779	2	metal6	630	62	0	0	0	0.999967
12780	2	metal6	640	62	0	0	0	0.999967
12781	2	metal6	650	62	0	0	0	0.999965
12782	2	metal6	660	62	0	0	0	0.999964
12783	2	metal6	670	62	0	0	0	0.999963
12784	2	metal6	680	62	0	0	0	0.99996
12785	2	metal6	690	62	0	0	0	0.99996
12786	2	metal6	700	62	0	0	0	0.99996
12787	2	metal6	710	62	0	0	0	0.999959
12788	2	metal6	720	62	0	0	0	0.999958
12789	2	metal6	730	62	0	0	0	0.999957
12790	2	metal6	740	62	0	0	0	0.999956
12791	2	metal6	750	62	0	0	0	0.999956
12792	2	metal6	760	62	0	0	0	0.999956
12793	2	metal6	770	62	0	0	0	0.999955
12794	2	metal6	780	62	0	0	0	0.999954
12795	2	metal6	790	62	0	0	0	0.999954
12796	2	metal6	800	62	0	0	0	0.999954
12797	2	metal6	810	62	0	0	0	0.999954
12798	2	metal6	820	62	0	0	0	0.999954
12799	2	metal6	830	62	0	0	0	0.999953
12800	2	metal6	840	62	0	0	0	0.999953
12801	2	metal6	850	62	0	0	0	0.999953
12802	2	metal6	860	62	0	0	0	0.999953
12803	2	metal6	870	62	0	0	0	0.999953
12804	2	metal6	880	62	0	0	0	0.999953
12805	2	metal6	890	62	0	0	0	0.999953
12806	2	metal6	900	62	0	0	0	0.999953
12807	2	metal6	910	62	0	0	0	0.999953
12808	2	metal6	920	62	0	0	0	0.999953
12809	2	metal6	930	62	0	0	0	0.999953
12810	2	metal6	940	62	0	0	0	0.999953
12811	2	metal6	950	62	0	0	0	0.999953
12812	2	metal6	960	62	0	0	0	0.999952
12813	2	metal6	970	62	0	0	0	0.999953
12814	2	metal6	980	62	0	0	0	0.999953
12815	2	metal6	990	62	0	0	0	0.999953
12816	2	metal6	1000	62	0	0	0	0.999953
12817	2	metal6	1010	62	0	0	0	0.999952
12818	2	metal6	1020	62	0	0	0	0.999951
12819	2	metal6	1030	62	0	0	0	0.999952
12820	2	metal6	1040	62	0	0	0	0.999951
12821	2	metal6	1050	62	0	0	0	0.999951
12822	2	metal6	1060	62	0	0	0	0.999951
12823	2	metal6	1070	62	0	0	0	0.99995
12824	2	metal6	1080	62	0	0	0	0.999951
12825	2	metal6	1090	62	0	0	0	0.999951
12826	2	metal6	10	72	0	0	0	0.999945
12827	2	metal6	20	72	0	0	0	0.999946
12828	2	metal6	30	72	0	0	0	0.999946
12829	2	metal6	40	72	0	0	0	0.999947
12830	2	metal6	50	72	0	0	0	0.999947
12831	2	metal6	60	72	0	0	0	0.999946
12832	2	metal6	70	72	0	0	0	0.999946
12833	2	metal6	80	72	0	0	0	0.999947
12834	2	metal6	90	72	0	0	0	0.999948
12835	2	metal6	100	72	0	0	0	0.999948
12836	2	metal6	110	72	0	0	0	0.999948
12837	2	metal6	120	72	0	0	0	0.999947
12838	2	metal6	130	72	0	0	0	0.999949
12839	2	metal6	140	72	0	0	0	0.99995
12840	2	metal6	150	72	0	0	0	0.999951
12841	2	metal6	160	72	0	0	0	0.99995
12842	2	metal6	170	72	0	0	0	0.99995
12843	2	metal6	180	72	0	0	0	0.999949
12844	2	metal6	190	72	0	0	0	0.999951
12845	2	metal6	200	72	0	0	0	0.999951
12846	2	metal6	210	72	0	0	0	0.999951
12847	2	metal6	220	72	0	0	0	0.999951
12848	2	metal6	230	72	0	0	0	0.99995
12849	2	metal6	240	72	0	0	0	0.999951
12850	2	metal6	250	72	0	0	0	0.999952
12851	2	metal6	260	72	0	0	0	0.999953
12852	2	metal6	270	72	0	0	0	0.999953
12853	2	metal6	280	72	0	0	0	0.999953
12854	2	metal6	290	72	0	0	0	0.999952
12855	2	metal6	300	72	0	0	0	0.999953
12856	2	metal6	310	72	0	0	0	0.999955
12857	2	metal6	320	72	0	0	0	0.999955
12858	2	metal6	330	72	0	0	0	0.999955
12859	2	metal6	340	72	0	0	0	0.999956
12860	2	metal6	350	72	0	0	0	0.999955
12861	2	metal6	360	72	0	0	0	0.999957
12862	2	metal6	370	72	0	0	0	0.999959
12863	2	metal6	380	72	0	0	0	0.999959
12864	2	metal6	390	72	0	0	0	0.999959
12865	2	metal6	400	72	0	0	0	0.99996
12866	2	metal6	410	72	0	0	0	0.999961
12867	2	metal6	420	72	0	0	0	0.999963
12868	2	metal6	430	72	0	0	0	0.999965
12869	2	metal6	440	72	0	0	0	0.999965
12870	2	metal6	450	72	0	0	0	0.999966
12871	2	metal6	460	72	0	0	0	0.999967
12872	2	metal6	470	72	0	0	0	0.999968
12873	2	metal6	480	72	0	0	0	0.999971
12874	2	metal6	490	72	0	0	0	0.999975
12875	2	metal6	500	72	0	0	0	0.999972
12876	2	metal6	510	72	0	0	0	0.999971
12877	2	metal6	520	72	0	0	0	0.999981
12878	2	metal6	530	72	0	0	0	0.99998
12879	2	metal6	540	72	0	0	0	0.999981
12880	2	metal6	550	72	0	0	0	0.999989
12881	2	metal6	560	72	0	0	0	0.999979
12882	2	metal6	570	72	0	0	0	0.999973
12883	2	metal6	580	72	0	0	0	0.999981
12884	2	metal6	590	72	0	0	0	0.999976
12885	2	metal6	600	72	0	0	0	0.999974
12886	2	metal6	610	72	0	0	0	0.999975
12887	2	metal6	620	72	0	0	0	0.999969
12888	2	metal6	630	72	0	0	0	0.999964
12889	2	metal6	640	72	0	0	0	0.999968
12890	2	metal6	650	72	0	0	0	0.999965
12891	2	metal6	660	72	0	0	0	0.999964
12892	2	metal6	670	72	0	0	0	0.999963
12893	2	metal6	680	72	0	0	0	0.999958
12894	2	metal6	690	72	0	0	0	0.999959
12895	2	metal6	700	72	0	0	0	0.99996
12896	2	metal6	710	72	0	0	0	0.999959
12897	2	metal6	720	72	0	0	0	0.999958
12898	2	metal6	730	72	0	0	0	0.999957
12899	2	metal6	740	72	0	0	0	0.999954
12900	2	metal6	750	72	0	0	0	0.999955
12901	2	metal6	760	72	0	0	0	0.999956
12902	2	metal6	770	72	0	0	0	0.999955
12903	2	metal6	780	72	0	0	0	0.999954
12904	2	metal6	790	72	0	0	0	0.999953
12905	2	metal6	800	72	0	0	0	0.999953
12906	2	metal6	810	72	0	0	0	0.999953
12907	2	metal6	820	72	0	0	0	0.999953
12908	2	metal6	830	72	0	0	0	0.999953
12909	2	metal6	840	72	0	0	0	0.999952
12910	2	metal6	850	72	0	0	0	0.999952
12911	2	metal6	860	72	0	0	0	0.999952
12912	2	metal6	870	72	0	0	0	0.999952
12913	2	metal6	880	72	0	0	0	0.999952
12914	2	metal6	890	72	0	0	0	0.999952
12915	2	metal6	900	72	0	0	0	0.999951
12916	2	metal6	910	72	0	0	0	0.999951
12917	2	metal6	920	72	0	0	0	0.999951
12918	2	metal6	930	72	0	0	0	0.999951
12919	2	metal6	940	72	0	0	0	0.999951
12920	2	metal6	950	72	0	0	0	0.999951
12921	2	metal6	960	72	0	0	0	0.999949
12922	2	metal6	970	72	0	0	0	0.999951
12923	2	metal6	980	72	0	0	0	0.999951
12924	2	metal6	990	72	0	0	0	0.999951
12925	2	metal6	1000	72	0	0	0	0.999951
12926	2	metal6	1010	72	0	0	0	0.99995
12927	2	metal6	1020	72	0	0	0	0.999948
12928	2	metal6	1030	72	0	0	0	0.99995
12929	2	metal6	1040	72	0	0	0	0.99995
12930	2	metal6	1050	72	0	0	0	0.99995
12931	2	metal6	1060	72	0	0	0	0.999949
12932	2	metal6	1070	72	0	0	0	0.999948
12933	2	metal6	1080	72	0	0	0	0.999949
12934	2	metal6	1090	72	0	0	0	0.999949
12935	2	metal6	10	82	0	0	0	0.999945
12936	2	metal6	20	82	0	0	0	0.999945
12937	2	metal6	30	82	0	0	0	0.999946
12938	2	metal6	40	82	0	0	0	0.999946
12939	2	metal6	50	82	0	0	0	0.999946
12940	2	metal6	60	82	0	0	0	0.999946
12941	2	metal6	70	82	0	0	0	0.999946
12942	2	metal6	80	82	0	0	0	0.999946
12943	2	metal6	90	82	0	0	0	0.999947
12944	2	metal6	100	82	0	0	0	0.999947
12945	2	metal6	110	82	0	0	0	0.999947
12946	2	metal6	120	82	0	0	0	0.999947
12947	2	metal6	130	82	0	0	0	0.999948
12948	2	metal6	140	82	0	0	0	0.999949
12949	2	metal6	150	82	0	0	0	0.999949
12950	2	metal6	160	82	0	0	0	0.999949
12951	2	metal6	170	82	0	0	0	0.999949
12952	2	metal6	180	82	0	0	0	0.999949
12953	2	metal6	190	82	0	0	0	0.99995
12954	2	metal6	200	82	0	0	0	0.99995
12955	2	metal6	210	82	0	0	0	0.999951
12956	2	metal6	220	82	0	0	0	0.999951
12957	2	metal6	230	82	0	0	0	0.99995
12958	2	metal6	240	82	0	0	0	0.999951
12959	2	metal6	250	82	0	0	0	0.999952
12960	2	metal6	260	82	0	0	0	0.999952
12961	2	metal6	270	82	0	0	0	0.999953
12962	2	metal6	280	82	0	0	0	0.999953
12963	2	metal6	290	82	0	0	0	0.999953
12964	2	metal6	300	82	0	0	0	0.999953
12965	2	metal6	310	82	0	0	0	0.999955
12966	2	metal6	320	82	0	0	0	0.999955
12967	2	metal6	330	82	0	0	0	0.999955
12968	2	metal6	340	82	0	0	0	0.999956
12969	2	metal6	350	82	0	0	0	0.999956
12970	2	metal6	360	82	0	0	0	0.999957
12971	2	metal6	370	82	0	0	0	0.999958
12972	2	metal6	380	82	0	0	0	0.999959
12973	2	metal6	390	82	0	0	0	0.99996
12974	2	metal6	400	82	0	0	0	0.999961
12975	2	metal6	410	82	0	0	0	0.999962
12976	2	metal6	420	82	0	0	0	0.999963
12977	2	metal6	430	82	0	0	0	0.999965
12978	2	metal6	440	82	0	0	0	0.999966
12979	2	metal6	450	82	0	0	0	0.999967
12980	2	metal6	460	82	0	0	0	0.999968
12981	2	metal6	470	82	0	0	0	0.999969
12982	2	metal6	480	82	0	0	0	0.999971
12983	2	metal6	490	82	0	0	0	0.999974
12984	2	metal6	500	82	0	0	0	0.999974
12985	2	metal6	510	82	0	0	0	0.999974
12986	2	metal6	520	82	0	0	0	0.99998
12987	2	metal6	530	82	0	0	0	0.99998
12988	2	metal6	540	82	0	0	0	0.999982
12989	2	metal6	550	82	0	0	0	0.999986
12990	2	metal6	560	82	0	0	0	0.99998
12991	2	metal6	570	82	0	0	0	0.999977
12992	2	metal6	580	82	0	0	0	0.99998
12993	2	metal6	590	82	0	0	0	0.999977
12994	2	metal6	600	82	0	0	0	0.999975
12995	2	metal6	610	82	0	0	0	0.999974
12996	2	metal6	620	82	0	0	0	0.99997
12997	2	metal6	630	82	0	0	0	0.999967
12998	2	metal6	640	82	0	0	0	0.999968
12999	2	metal6	650	82	0	0	0	0.999966
13000	2	metal6	660	82	0	0	0	0.999964
13001	2	metal6	670	82	0	0	0	0.999963
13002	2	metal6	680	82	0	0	0	0.99996
13003	2	metal6	690	82	0	0	0	0.99996
13004	2	metal6	700	82	0	0	0	0.99996
13005	2	metal6	710	82	0	0	0	0.999959
13006	2	metal6	720	82	0	0	0	0.999958
13007	2	metal6	730	82	0	0	0	0.999957
13008	2	metal6	740	82	0	0	0	0.999956
13009	2	metal6	750	82	0	0	0	0.999955
13010	2	metal6	760	82	0	0	0	0.999955
13011	2	metal6	770	82	0	0	0	0.999955
13012	2	metal6	780	82	0	0	0	0.999954
13013	2	metal6	790	82	0	0	0	0.999954
13014	2	metal6	800	82	0	0	0	0.999953
13015	2	metal6	810	82	0	0	0	0.999953
13016	2	metal6	820	82	0	0	0	0.999953
13017	2	metal6	830	82	0	0	0	0.999952
13018	2	metal6	840	82	0	0	0	0.999952
13019	2	metal6	850	82	0	0	0	0.999952
13020	2	metal6	860	82	0	0	0	0.999951
13021	2	metal6	870	82	0	0	0	0.999952
13022	2	metal6	880	82	0	0	0	0.999951
13023	2	metal6	890	82	0	0	0	0.999951
13024	2	metal6	900	82	0	0	0	0.999951
13025	2	metal6	910	82	0	0	0	0.99995
13026	2	metal6	920	82	0	0	0	0.999951
13027	2	metal6	930	82	0	0	0	0.999951
13028	2	metal6	940	82	0	0	0	0.99995
13029	2	metal6	950	82	0	0	0	0.99995
13030	2	metal6	960	82	0	0	0	0.999949
13031	2	metal6	970	82	0	0	0	0.99995
13032	2	metal6	980	82	0	0	0	0.99995
13033	2	metal6	990	82	0	0	0	0.99995
13034	2	metal6	1000	82	0	0	0	0.99995
13035	2	metal6	1010	82	0	0	0	0.999949
13036	2	metal6	1020	82	0	0	0	0.999948
13037	2	metal6	1030	82	0	0	0	0.999949
13038	2	metal6	1040	82	0	0	0	0.999949
13039	2	metal6	1050	82	0	0	0	0.999949
13040	2	metal6	1060	82	0	0	0	0.999949
13041	2	metal6	1070	82	0	0	0	0.999948
13042	2	metal6	1080	82	0	0	0	0.999948
13043	2	metal6	1090	82	0	0	0	0.999949
13044	2	metal6	10	92	0	0	0	0.999945
13045	2	metal6	20	92	0	0	0	0.999945
13046	2	metal6	30	92	0	0	0	0.999945
13047	2	metal6	40	92	0	0	0	0.999945
13048	2	metal6	50	92	0	0	0	0.999945
13049	2	metal6	60	92	0	0	0	0.999945
13050	2	metal6	70	92	0	0	0	0.999946
13051	2	metal6	80	92	0	0	0	0.999946
13052	2	metal6	90	92	0	0	0	0.999946
13053	2	metal6	100	92	0	0	0	0.999947
13054	2	metal6	110	92	0	0	0	0.999947
13055	2	metal6	120	92	0	0	0	0.999947
13056	2	metal6	130	92	0	0	0	0.999948
13057	2	metal6	140	92	0	0	0	0.999948
13058	2	metal6	150	92	0	0	0	0.999948
13059	2	metal6	160	92	0	0	0	0.999949
13060	2	metal6	170	92	0	0	0	0.999949
13061	2	metal6	180	92	0	0	0	0.999949
13062	2	metal6	190	92	0	0	0	0.999949
13063	2	metal6	200	92	0	0	0	0.99995
13064	2	metal6	210	92	0	0	0	0.99995
13065	2	metal6	220	92	0	0	0	0.99995
13066	2	metal6	230	92	0	0	0	0.99995
13067	2	metal6	240	92	0	0	0	0.999951
13068	2	metal6	250	92	0	0	0	0.999951
13069	2	metal6	260	92	0	0	0	0.999952
13070	2	metal6	270	92	0	0	0	0.999952
13071	2	metal6	280	92	0	0	0	0.999953
13072	2	metal6	290	92	0	0	0	0.999953
13073	2	metal6	300	92	0	0	0	0.999953
13074	2	metal6	310	92	0	0	0	0.999954
13075	2	metal6	320	92	0	0	0	0.999955
13076	2	metal6	330	92	0	0	0	0.999955
13077	2	metal6	340	92	0	0	0	0.999956
13078	2	metal6	350	92	0	0	0	0.999956
13079	2	metal6	360	92	0	0	0	0.999957
13080	2	metal6	370	92	0	0	0	0.999959
13081	2	metal6	380	92	0	0	0	0.999959
13082	2	metal6	390	92	0	0	0	0.99996
13083	2	metal6	400	92	0	0	0	0.999961
13084	2	metal6	410	92	0	0	0	0.999962
13085	2	metal6	420	92	0	0	0	0.999964
13086	2	metal6	430	92	0	0	0	0.999966
13087	2	metal6	440	92	0	0	0	0.999966
13088	2	metal6	450	92	0	0	0	0.999967
13089	2	metal6	460	92	0	0	0	0.999969
13090	2	metal6	470	92	0	0	0	0.99997
13091	2	metal6	480	92	0	0	0	0.999972
13092	2	metal6	490	92	0	0	0	0.999975
13093	2	metal6	500	92	0	0	0	0.999975
13094	2	metal6	510	92	0	0	0	0.999976
13095	2	metal6	520	92	0	0	0	0.999981
13096	2	metal6	530	92	0	0	0	0.999981
13097	2	metal6	540	92	0	0	0	0.999983
13098	2	metal6	550	92	0	0	0	0.999986
13099	2	metal6	560	92	0	0	0	0.999981
13100	2	metal6	570	92	0	0	0	0.999979
13101	2	metal6	580	92	0	0	0	0.99998
13102	2	metal6	590	92	0	0	0	0.999977
13103	2	metal6	600	92	0	0	0	0.999976
13104	2	metal6	610	92	0	0	0	0.999975
13105	2	metal6	620	92	0	0	0	0.999971
13106	2	metal6	630	92	0	0	0	0.999969
13107	2	metal6	640	92	0	0	0	0.999969
13108	2	metal6	650	92	0	0	0	0.999966
13109	2	metal6	660	92	0	0	0	0.999965
13110	2	metal6	670	92	0	0	0	0.999964
13111	2	metal6	680	92	0	0	0	0.999961
13112	2	metal6	690	92	0	0	0	0.999961
13113	2	metal6	700	92	0	0	0	0.999961
13114	2	metal6	710	92	0	0	0	0.999959
13115	2	metal6	720	92	0	0	0	0.999958
13116	2	metal6	730	92	0	0	0	0.999958
13117	2	metal6	740	92	0	0	0	0.999956
13118	2	metal6	750	92	0	0	0	0.999956
13119	2	metal6	760	92	0	0	0	0.999956
13120	2	metal6	770	92	0	0	0	0.999955
13121	2	metal6	780	92	0	0	0	0.999954
13122	2	metal6	790	92	0	0	0	0.999954
13123	2	metal6	800	92	0	0	0	0.999953
13124	2	metal6	810	92	0	0	0	0.999953
13125	2	metal6	820	92	0	0	0	0.999953
13126	2	metal6	830	92	0	0	0	0.999952
13127	2	metal6	840	92	0	0	0	0.999952
13128	2	metal6	850	92	0	0	0	0.999952
13129	2	metal6	860	92	0	0	0	0.999951
13130	2	metal6	870	92	0	0	0	0.999951
13131	2	metal6	880	92	0	0	0	0.999951
13132	2	metal6	890	92	0	0	0	0.999951
13133	2	metal6	900	92	0	0	0	0.99995
13134	2	metal6	910	92	0	0	0	0.99995
13135	2	metal6	920	92	0	0	0	0.99995
13136	2	metal6	930	92	0	0	0	0.99995
13137	2	metal6	940	92	0	0	0	0.99995
13138	2	metal6	950	92	0	0	0	0.999949
13139	2	metal6	960	92	0	0	0	0.999949
13140	2	metal6	970	92	0	0	0	0.999949
13141	2	metal6	980	92	0	0	0	0.999949
13142	2	metal6	990	92	0	0	0	0.999949
13143	2	metal6	1000	92	0	0	0	0.999949
13144	2	metal6	1010	92	0	0	0	0.999948
13145	2	metal6	1020	92	0	0	0	0.999948
13146	2	metal6	1030	92	0	0	0	0.999948
13147	2	metal6	1040	92	0	0	0	0.999948
13148	2	metal6	1050	92	0	0	0	0.999948
13149	2	metal6	1060	92	0	0	0	0.999948
13150	2	metal6	1070	92	0	0	0	0.999947
13151	2	metal6	1080	92	0	0	0	0.999948
13152	2	metal6	1090	92	0	0	0	0.999948
13153	2	metal6	10	102	0	0	0	0.999945
13154	2	metal6	20	102	0	0	0	0.999945
13155	2	metal6	30	102	0	0	0	0.999945
13156	2	metal6	40	102	0	0	0	0.999945
13157	2	metal6	50	102	0	0	0	0.999945
13158	2	metal6	60	102	0	0	0	0.999945
13159	2	metal6	70	102	0	0	0	0.999945
13160	2	metal6	80	102	0	0	0	0.999945
13161	2	metal6	90	102	0	0	0	0.999946
13162	2	metal6	100	102	0	0	0	0.999946
13163	2	metal6	110	102	0	0	0	0.999946
13164	2	metal6	120	102	0	0	0	0.999946
13165	2	metal6	130	102	0	0	0	0.999947
13166	2	metal6	140	102	0	0	0	0.999947
13167	2	metal6	150	102	0	0	0	0.999948
13168	2	metal6	160	102	0	0	0	0.999948
13169	2	metal6	170	102	0	0	0	0.999948
13170	2	metal6	180	102	0	0	0	0.999948
13171	2	metal6	190	102	0	0	0	0.999949
13172	2	metal6	200	102	0	0	0	0.999949
13173	2	metal6	210	102	0	0	0	0.999949
13174	2	metal6	220	102	0	0	0	0.99995
13175	2	metal6	230	102	0	0	0	0.99995
13176	2	metal6	240	102	0	0	0	0.99995
13177	2	metal6	250	102	0	0	0	0.999951
13178	2	metal6	260	102	0	0	0	0.999951
13179	2	metal6	270	102	0	0	0	0.999952
13180	2	metal6	280	102	0	0	0	0.999953
13181	2	metal6	290	102	0	0	0	0.999952
13182	2	metal6	300	102	0	0	0	0.999953
13183	2	metal6	310	102	0	0	0	0.999955
13184	2	metal6	320	102	0	0	0	0.999955
13185	2	metal6	330	102	0	0	0	0.999955
13186	2	metal6	340	102	0	0	0	0.999957
13187	2	metal6	350	102	0	0	0	0.999956
13188	2	metal6	360	102	0	0	0	0.999957
13189	2	metal6	370	102	0	0	0	0.999959
13190	2	metal6	380	102	0	0	0	0.999959
13191	2	metal6	390	102	0	0	0	0.99996
13192	2	metal6	400	102	0	0	0	0.999962
13193	2	metal6	410	102	0	0	0	0.999962
13194	2	metal6	420	102	0	0	0	0.999964
13195	2	metal6	430	102	0	0	0	0.999966
13196	2	metal6	440	102	0	0	0	0.999966
13197	2	metal6	450	102	0	0	0	0.999968
13198	2	metal6	460	102	0	0	0	0.999971
13199	2	metal6	470	102	0	0	0	0.999971
13200	2	metal6	480	102	0	0	0	0.999972
13201	2	metal6	490	102	0	0	0	0.999977
13202	2	metal6	500	102	0	0	0	0.999975
13203	2	metal6	510	102	0	0	0	0.999977
13204	2	metal6	520	102	0	0	0	0.999983
13205	2	metal6	530	102	0	0	0	0.999982
13206	2	metal6	540	102	0	0	0	0.999983
13207	2	metal6	550	102	0	0	0	0.999991
13208	2	metal6	560	102	0	0	0	0.999982
13209	2	metal6	570	102	0	0	0	0.99998
13210	2	metal6	580	102	0	0	0	0.999983
13211	2	metal6	590	102	0	0	0	0.999978
13212	2	metal6	600	102	0	0	0	0.999976
13213	2	metal6	610	102	0	0	0	0.999976
13214	2	metal6	620	102	0	0	0	0.999972
13215	2	metal6	630	102	0	0	0	0.999969
13216	2	metal6	640	102	0	0	0	0.99997
13217	2	metal6	650	102	0	0	0	0.999967
13218	2	metal6	660	102	0	0	0	0.999965
13219	2	metal6	670	102	0	0	0	0.999965
13220	2	metal6	680	102	0	0	0	0.999962
13221	2	metal6	690	102	0	0	0	0.999961
13222	2	metal6	700	102	0	0	0	0.999961
13223	2	metal6	710	102	0	0	0	0.999959
13224	2	metal6	720	102	0	0	0	0.999959
13225	2	metal6	730	102	0	0	0	0.999958
13226	2	metal6	740	102	0	0	0	0.999956
13227	2	metal6	750	102	0	0	0	0.999956
13228	2	metal6	760	102	0	0	0	0.999956
13229	2	metal6	770	102	0	0	0	0.999955
13230	2	metal6	780	102	0	0	0	0.999954
13231	2	metal6	790	102	0	0	0	0.999954
13232	2	metal6	800	102	0	0	0	0.999953
13233	2	metal6	810	102	0	0	0	0.999953
13234	2	metal6	820	102	0	0	0	0.999953
13235	2	metal6	830	102	0	0	0	0.999952
13236	2	metal6	840	102	0	0	0	0.999951
13237	2	metal6	850	102	0	0	0	0.999951
13238	2	metal6	860	102	0	0	0	0.999951
13239	2	metal6	870	102	0	0	0	0.999951
13240	2	metal6	880	102	0	0	0	0.999951
13241	2	metal6	890	102	0	0	0	0.99995
13242	2	metal6	900	102	0	0	0	0.99995
13243	2	metal6	910	102	0	0	0	0.99995
13244	2	metal6	920	102	0	0	0	0.999949
13245	2	metal6	930	102	0	0	0	0.999949
13246	2	metal6	940	102	0	0	0	0.999949
13247	2	metal6	950	102	0	0	0	0.999949
13248	2	metal6	960	102	0	0	0	0.999948
13249	2	metal6	970	102	0	0	0	0.999949
13250	2	metal6	980	102	0	0	0	0.999948
13251	2	metal6	990	102	0	0	0	0.999948
13252	2	metal6	1000	102	0	0	0	0.999948
13253	2	metal6	1010	102	0	0	0	0.999948
13254	2	metal6	1020	102	0	0	0	0.999947
13255	2	metal6	1030	102	0	0	0	0.999948
13256	2	metal6	1040	102	0	0	0	0.999947
13257	2	metal6	1050	102	0	0	0	0.999947
13258	2	metal6	1060	102	0	0	0	0.999947
13259	2	metal6	1070	102	0	0	0	0.999947
13260	2	metal6	1080	102	0	0	0	0.999947
13261	2	metal6	1090	102	0	0	0	0.999947
13262	2	metal6	10	112	0	0	0	0.999944
13263	2	metal6	20	112	0	0	0	0.999944
13264	2	metal6	30	112	0	0	0	0.999944
13265	2	metal6	40	112	0	0	0	0.999944
13266	2	metal6	50	112	0	0	0	0.999944
13267	2	metal6	60	112	0	0	0	0.999944
13268	2	metal6	70	112	0	0	0	0.999944
13269	2	metal6	80	112	0	0	0	0.999945
13270	2	metal6	90	112	0	0	0	0.999945
13271	2	metal6	100	112	0	0	0	0.999945
13272	2	metal6	110	112	0	0	0	0.999945
13273	2	metal6	120	112	0	0	0	0.999945
13274	2	metal6	130	112	0	0	0	0.999946
13275	2	metal6	140	112	0	0	0	0.999946
13276	2	metal6	150	112	0	0	0	0.999947
13277	2	metal6	160	112	0	0	0	0.999947
13278	2	metal6	170	112	0	0	0	0.999947
13279	2	metal6	180	112	0	0	0	0.999947
13280	2	metal6	190	112	0	0	0	0.999948
13281	2	metal6	200	112	0	0	0	0.999948
13282	2	metal6	210	112	0	0	0	0.999949
13283	2	metal6	220	112	0	0	0	0.999949
13284	2	metal6	230	112	0	0	0	0.999949
13285	2	metal6	240	112	0	0	0	0.99995
13286	2	metal6	250	112	0	0	0	0.999951
13287	2	metal6	260	112	0	0	0	0.999951
13288	2	metal6	270	112	0	0	0	0.999951
13289	2	metal6	280	112	0	0	0	0.999952
13290	2	metal6	290	112	0	0	0	0.999952
13291	2	metal6	300	112	0	0	0	0.999953
13292	2	metal6	310	112	0	0	0	0.999954
13293	2	metal6	320	112	0	0	0	0.999954
13294	2	metal6	330	112	0	0	0	0.999955
13295	2	metal6	340	112	0	0	0	0.999956
13296	2	metal6	350	112	0	0	0	0.999956
13297	2	metal6	360	112	0	0	0	0.999957
13298	2	metal6	370	112	0	0	0	0.999959
13299	2	metal6	380	112	0	0	0	0.999959
13300	2	metal6	390	112	0	0	0	0.99996
13301	2	metal6	400	112	0	0	0	0.999961
13302	2	metal6	410	112	0	0	0	0.999962
13303	2	metal6	420	112	0	0	0	0.999964
13304	2	metal6	430	112	0	0	0	0.999966
13305	2	metal6	440	112	0	0	0	0.999966
13306	2	metal6	450	112	0	0	0	0.999967
13307	2	metal6	460	112	0	0	0	0.999969
13308	2	metal6	470	112	0	0	0	0.99997
13309	2	metal6	480	112	0	0	0	0.999972
13310	2	metal6	490	112	0	0	0	0.999975
13311	2	metal6	500	112	0	0	0	0.999975
13312	2	metal6	510	112	0	0	0	0.999975
13313	2	metal6	520	112	0	0	0	0.999981
13314	2	metal6	530	112	0	0	0	0.999981
13315	2	metal6	540	112	0	0	0	0.999983
13316	2	metal6	550	112	0	0	0	0.999986
13317	2	metal6	560	112	0	0	0	0.999981
13318	2	metal6	570	112	0	0	0	0.999978
13319	2	metal6	580	112	0	0	0	0.99998
13320	2	metal6	590	112	0	0	0	0.999977
13321	2	metal6	600	112	0	0	0	0.999976
13322	2	metal6	610	112	0	0	0	0.999975
13323	2	metal6	620	112	0	0	0	0.999971
13324	2	metal6	630	112	0	0	0	0.999968
13325	2	metal6	640	112	0	0	0	0.999968
13326	2	metal6	650	112	0	0	0	0.999966
13327	2	metal6	660	112	0	0	0	0.999965
13328	2	metal6	670	112	0	0	0	0.999964
13329	2	metal6	680	112	0	0	0	0.999961
13330	2	metal6	690	112	0	0	0	0.999961
13331	2	metal6	700	112	0	0	0	0.999961
13332	2	metal6	710	112	0	0	0	0.999959
13333	2	metal6	720	112	0	0	0	0.999958
13334	2	metal6	730	112	0	0	0	0.999958
13335	2	metal6	740	112	0	0	0	0.999956
13336	2	metal6	750	112	0	0	0	0.999955
13337	2	metal6	760	112	0	0	0	0.999955
13338	2	metal6	770	112	0	0	0	0.999954
13339	2	metal6	780	112	0	0	0	0.999954
13340	2	metal6	790	112	0	0	0	0.999953
13341	2	metal6	800	112	0	0	0	0.999953
13342	2	metal6	810	112	0	0	0	0.999952
13343	2	metal6	820	112	0	0	0	0.999952
13344	2	metal6	830	112	0	0	0	0.999952
13345	2	metal6	840	112	0	0	0	0.999951
13346	2	metal6	850	112	0	0	0	0.999951
13347	2	metal6	860	112	0	0	0	0.99995
13348	2	metal6	870	112	0	0	0	0.99995
13349	2	metal6	880	112	0	0	0	0.99995
13350	2	metal6	890	112	0	0	0	0.99995
13351	2	metal6	900	112	0	0	0	0.999949
13352	2	metal6	910	112	0	0	0	0.999949
13353	2	metal6	920	112	0	0	0	0.999949
13354	2	metal6	930	112	0	0	0	0.999948
13355	2	metal6	940	112	0	0	0	0.999948
13356	2	metal6	950	112	0	0	0	0.999948
13357	2	metal6	960	112	0	0	0	0.999947
13358	2	metal6	970	112	0	0	0	0.999948
13359	2	metal6	980	112	0	0	0	0.999948
13360	2	metal6	990	112	0	0	0	0.999948
13361	2	metal6	1000	112	0	0	0	0.999947
13362	2	metal6	1010	112	0	0	0	0.999947
13363	2	metal6	1020	112	0	0	0	0.999946
13364	2	metal6	1030	112	0	0	0	0.999947
13365	2	metal6	1040	112	0	0	0	0.999947
13366	2	metal6	1050	112	0	0	0	0.999947
13367	2	metal6	1060	112	0	0	0	0.999946
13368	2	metal6	1070	112	0	0	0	0.999946
13369	2	metal6	1080	112	0	0	0	0.999946
13370	2	metal6	1090	112	0	0	0	0.999946
13371	2	metal6	10	122	0	0	0	0.999943
13372	2	metal6	20	122	0	0	0	0.999943
13373	2	metal6	30	122	0	0	0	0.999944
13374	2	metal6	40	122	0	0	0	0.999944
13375	2	metal6	50	122	0	0	0	0.999944
13376	2	metal6	60	122	0	0	0	0.999943
13377	2	metal6	70	122	0	0	0	0.999943
13378	2	metal6	80	122	0	0	0	0.999944
13379	2	metal6	90	122	0	0	0	0.999944
13380	2	metal6	100	122	0	0	0	0.999945
13381	2	metal6	110	122	0	0	0	0.999944
13382	2	metal6	120	122	0	0	0	0.999944
13383	2	metal6	130	122	0	0	0	0.999945
13384	2	metal6	140	122	0	0	0	0.999946
13385	2	metal6	150	122	0	0	0	0.999946
13386	2	metal6	160	122	0	0	0	0.999946
13387	2	metal6	170	122	0	0	0	0.999946
13388	2	metal6	180	122	0	0	0	0.999946
13389	2	metal6	190	122	0	0	0	0.999947
13390	2	metal6	200	122	0	0	0	0.999948
13391	2	metal6	210	122	0	0	0	0.999948
13392	2	metal6	220	122	0	0	0	0.999948
13393	2	metal6	230	122	0	0	0	0.999948
13394	2	metal6	240	122	0	0	0	0.999949
13395	2	metal6	250	122	0	0	0	0.99995
13396	2	metal6	260	122	0	0	0	0.999951
13397	2	metal6	270	122	0	0	0	0.999951
13398	2	metal6	280	122	0	0	0	0.999951
13399	2	metal6	290	122	0	0	0	0.999951
13400	2	metal6	300	122	0	0	0	0.999952
13401	2	metal6	310	122	0	0	0	0.999954
13402	2	metal6	320	122	0	0	0	0.999954
13403	2	metal6	330	122	0	0	0	0.999955
13404	2	metal6	340	122	0	0	0	0.999955
13405	2	metal6	350	122	0	0	0	0.999954
13406	2	metal6	360	122	0	0	0	0.999956
13407	2	metal6	370	122	0	0	0	0.999958
13408	2	metal6	380	122	0	0	0	0.999959
13409	2	metal6	390	122	0	0	0	0.999959
13410	2	metal6	400	122	0	0	0	0.999959
13411	2	metal6	410	122	0	0	0	0.999962
13412	2	metal6	420	122	0	0	0	0.999964
13413	2	metal6	430	122	0	0	0	0.999966
13414	2	metal6	440	122	0	0	0	0.999966
13415	2	metal6	450	122	0	0	0	0.999966
13416	2	metal6	460	122	0	0	0	0.999966
13417	2	metal6	470	122	0	0	0	0.999969
13418	2	metal6	480	122	0	0	0	0.999972
13419	2	metal6	490	122	0	0	0	0.999974
13420	2	metal6	500	122	0	0	0	0.999973
13421	2	metal6	510	122	0	0	0	0.999972
13422	2	metal6	520	122	0	0	0	0.999979
13423	2	metal6	530	122	0	0	0	0.999981
13424	2	metal6	540	122	0	0	0	0.999982
13425	2	metal6	550	122	0	0	0	0.999986
13426	2	metal6	560	122	0	0	0	0.99998
13427	2	metal6	570	122	0	0	0	0.999974
13428	2	metal6	580	122	0	0	0	0.999979
13429	2	metal6	590	122	0	0	0	0.999977
13430	2	metal6	600	122	0	0	0	0.999976
13431	2	metal6	610	122	0	0	0	0.999975
13432	2	metal6	620	122	0	0	0	0.99997
13433	2	metal6	630	122	0	0	0	0.999965
13434	2	metal6	640	122	0	0	0	0.999967
13435	2	metal6	650	122	0	0	0	0.999966
13436	2	metal6	660	122	0	0	0	0.999965
13437	2	metal6	670	122	0	0	0	0.999963
13438	2	metal6	680	122	0	0	0	0.999959
13439	2	metal6	690	122	0	0	0	0.99996
13440	2	metal6	700	122	0	0	0	0.99996
13441	2	metal6	710	122	0	0	0	0.999959
13442	2	metal6	720	122	0	0	0	0.999958
13443	2	metal6	730	122	0	0	0	0.999957
13444	2	metal6	740	122	0	0	0	0.999954
13445	2	metal6	750	122	0	0	0	0.999955
13446	2	metal6	760	122	0	0	0	0.999955
13447	2	metal6	770	122	0	0	0	0.999954
13448	2	metal6	780	122	0	0	0	0.999953
13449	2	metal6	790	122	0	0	0	0.999952
13450	2	metal6	800	122	0	0	0	0.999952
13451	2	metal6	810	122	0	0	0	0.999952
13452	2	metal6	820	122	0	0	0	0.999952
13453	2	metal6	830	122	0	0	0	0.999951
13454	2	metal6	840	122	0	0	0	0.999951
13455	2	metal6	850	122	0	0	0	0.99995
13456	2	metal6	860	122	0	0	0	0.99995
13457	2	metal6	870	122	0	0	0	0.99995
13458	2	metal6	880	122	0	0	0	0.99995
13459	2	metal6	890	122	0	0	0	0.999949
13460	2	metal6	900	122	0	0	0	0.999948
13461	2	metal6	910	122	0	0	0	0.999948
13462	2	metal6	920	122	0	0	0	0.999948
13463	2	metal6	930	122	0	0	0	0.999948
13464	2	metal6	940	122	0	0	0	0.999948
13465	2	metal6	950	122	0	0	0	0.999947
13466	2	metal6	960	122	0	0	0	0.999946
13467	2	metal6	970	122	0	0	0	0.999947
13468	2	metal6	980	122	0	0	0	0.999947
13469	2	metal6	990	122	0	0	0	0.999947
13470	2	metal6	1000	122	0	0	0	0.999947
13471	2	metal6	1010	122	0	0	0	0.999946
13472	2	metal6	1020	122	0	0	0	0.999945
13473	2	metal6	1030	122	0	0	0	0.999946
13474	2	metal6	1040	122	0	0	0	0.999946
13475	2	metal6	1050	122	0	0	0	0.999946
13476	2	metal6	1060	122	0	0	0	0.999946
13477	2	metal6	1070	122	0	0	0	0.999945
13478	2	metal6	1080	122	0	0	0	0.999945
13479	2	metal6	1090	122	0	0	0	0.999946
13480	2	metal6	10	132	0	0	0	0.999943
13481	2	metal6	20	132	0	0	0	0.999943
13482	2	metal6	30	132	0	0	0	0.999943
13483	2	metal6	40	132	0	0	0	0.999944
13484	2	metal6	50	132	0	0	0	0.999944
13485	2	metal6	60	132	0	0	0	0.999944
13486	2	metal6	70	132	0	0	0	0.999944
13487	2	metal6	80	132	0	0	0	0.999944
13488	2	metal6	90	132	0	0	0	0.999944
13489	2	metal6	100	132	0	0	0	0.999945
13490	2	metal6	110	132	0	0	0	0.999944
13491	2	metal6	120	132	0	0	0	0.999944
13492	2	metal6	130	132	0	0	0	0.999945
13493	2	metal6	140	132	0	0	0	0.999946
13494	2	metal6	150	132	0	0	0	0.999946
13495	2	metal6	160	132	0	0	0	0.999946
13496	2	metal6	170	132	0	0	0	0.999946
13497	2	metal6	180	132	0	0	0	0.999946
13498	2	metal6	190	132	0	0	0	0.999947
13499	2	metal6	200	132	0	0	0	0.999948
13500	2	metal6	210	132	0	0	0	0.999948
13501	2	metal6	220	132	0	0	0	0.999949
13502	2	metal6	230	132	0	0	0	0.999948
13503	2	metal6	240	132	0	0	0	0.999949
13504	2	metal6	250	132	0	0	0	0.99995
13505	2	metal6	260	132	0	0	0	0.999951
13506	2	metal6	270	132	0	0	0	0.999951
13507	2	metal6	280	132	0	0	0	0.999952
13508	2	metal6	290	132	0	0	0	0.999952
13509	2	metal6	300	132	0	0	0	0.999953
13510	2	metal6	310	132	0	0	0	0.999954
13511	2	metal6	320	132	0	0	0	0.999954
13512	2	metal6	330	132	0	0	0	0.999955
13513	2	metal6	340	132	0	0	0	0.999956
13514	2	metal6	350	132	0	0	0	0.999956
13515	2	metal6	360	132	0	0	0	0.999957
13516	2	metal6	370	132	0	0	0	0.999959
13517	2	metal6	380	132	0	0	0	0.999959
13518	2	metal6	390	132	0	0	0	0.99996
13519	2	metal6	400	132	0	0	0	0.999962
13520	2	metal6	410	132	0	0	0	0.999962
13521	2	metal6	420	132	0	0	0	0.999964
13522	2	metal6	430	132	0	0	0	0.999967
13523	2	metal6	440	132	0	0	0	0.999967
13524	2	metal6	450	132	0	0	0	0.999968
13525	2	metal6	460	132	0	0	0	0.99997
13526	2	metal6	470	132	0	0	0	0.999971
13527	2	metal6	480	132	0	0	0	0.999973
13528	2	metal6	490	132	0	0	0	0.999977
13529	2	metal6	500	132	0	0	0	0.999975
13530	2	metal6	510	132	0	0	0	0.999976
13531	2	metal6	520	132	0	0	0	0.999983
13532	2	metal6	530	132	0	0	0	0.999982
13533	2	metal6	540	132	0	0	0	0.999984
13534	2	metal6	550	132	0	0	0	0.999991
13535	2	metal6	560	132	0	0	0	0.999982
13536	2	metal6	570	132	0	0	0	0.999979
13537	2	metal6	580	132	0	0	0	0.999983
13538	2	metal6	590	132	0	0	0	0.999978
13539	2	metal6	600	132	0	0	0	0.999976
13540	2	metal6	610	132	0	0	0	0.999977
13541	2	metal6	620	132	0	0	0	0.999972
13542	2	metal6	630	132	0	0	0	0.999969
13543	2	metal6	640	132	0	0	0	0.99997
13544	2	metal6	650	132	0	0	0	0.999967
13545	2	metal6	660	132	0	0	0	0.999965
13546	2	metal6	670	132	0	0	0	0.999965
13547	2	metal6	680	132	0	0	0	0.999961
13548	2	metal6	690	132	0	0	0	0.999961
13549	2	metal6	700	132	0	0	0	0.999962
13550	2	metal6	710	132	0	0	0	0.99996
13551	2	metal6	720	132	0	0	0	0.999959
13552	2	metal6	730	132	0	0	0	0.999958
13553	2	metal6	740	132	0	0	0	0.999956
13554	2	metal6	750	132	0	0	0	0.999956
13555	2	metal6	760	132	0	0	0	0.999956
13556	2	metal6	770	132	0	0	0	0.999954
13557	2	metal6	780	132	0	0	0	0.999954
13558	2	metal6	790	132	0	0	0	0.999953
13559	2	metal6	800	132	0	0	0	0.999953
13560	2	metal6	810	132	0	0	0	0.999952
13561	2	metal6	820	132	0	0	0	0.999952
13562	2	metal6	830	132	0	0	0	0.999951
13563	2	metal6	840	132	0	0	0	0.999951
13564	2	metal6	850	132	0	0	0	0.99995
13565	2	metal6	860	132	0	0	0	0.99995
13566	2	metal6	870	132	0	0	0	0.99995
13567	2	metal6	880	132	0	0	0	0.99995
13568	2	metal6	890	132	0	0	0	0.999949
13569	2	metal6	900	132	0	0	0	0.999948
13570	2	metal6	910	132	0	0	0	0.999948
13571	2	metal6	920	132	0	0	0	0.999948
13572	2	metal6	930	132	0	0	0	0.999948
13573	2	metal6	940	132	0	0	0	0.999948
13574	2	metal6	950	132	0	0	0	0.999947
13575	2	metal6	960	132	0	0	0	0.999946
13576	2	metal6	970	132	0	0	0	0.999947
13577	2	metal6	980	132	0	0	0	0.999947
13578	2	metal6	990	132	0	0	0	0.999947
13579	2	metal6	1000	132	0	0	0	0.999946
13580	2	metal6	1010	132	0	0	0	0.999946
13581	2	metal6	1020	132	0	0	0	0.999945
13582	2	metal6	1030	132	0	0	0	0.999946
13583	2	metal6	1040	132	0	0	0	0.999946
13584	2	metal6	1050	132	0	0	0	0.999946
13585	2	metal6	1060	132	0	0	0	0.999946
13586	2	metal6	1070	132	0	0	0	0.999945
13587	2	metal6	1080	132	0	0	0	0.999945
13588	2	metal6	1090	132	0	0	0	0.999946
13589	2	metal6	10	142	0	0	0	0.999943
13590	2	metal6	20	142	0	0	0	0.999943
13591	2	metal6	30	142	0	0	0	0.999943
13592	2	metal6	40	142	0	0	0	0.999943
13593	2	metal6	50	142	0	0	0	0.999943
13594	2	metal6	60	142	0	0	0	0.999943
13595	2	metal6	70	142	0	0	0	0.999944
13596	2	metal6	80	142	0	0	0	0.999944
13597	2	metal6	90	142	0	0	0	0.999944
13598	2	metal6	100	142	0	0	0	0.999944
13599	2	metal6	110	142	0	0	0	0.999944
13600	2	metal6	120	142	0	0	0	0.999944
13601	2	metal6	130	142	0	0	0	0.999945
13602	2	metal6	140	142	0	0	0	0.999945
13603	2	metal6	150	142	0	0	0	0.999946
13604	2	metal6	160	142	0	0	0	0.999946
13605	2	metal6	170	142	0	0	0	0.999946
13606	2	metal6	180	142	0	0	0	0.999946
13607	2	metal6	190	142	0	0	0	0.999947
13608	2	metal6	200	142	0	0	0	0.999947
13609	2	metal6	210	142	0	0	0	0.999948
13610	2	metal6	220	142	0	0	0	0.999948
13611	2	metal6	230	142	0	0	0	0.999949
13612	2	metal6	240	142	0	0	0	0.999949
13613	2	metal6	250	142	0	0	0	0.99995
13614	2	metal6	260	142	0	0	0	0.999951
13615	2	metal6	270	142	0	0	0	0.999951
13616	2	metal6	280	142	0	0	0	0.999952
13617	2	metal6	290	142	0	0	0	0.999952
13618	2	metal6	300	142	0	0	0	0.999953
13619	2	metal6	310	142	0	0	0	0.999954
13620	2	metal6	320	142	0	0	0	0.999954
13621	2	metal6	330	142	0	0	0	0.999955
13622	2	metal6	340	142	0	0	0	0.999956
13623	2	metal6	350	142	0	0	0	0.999956
13624	2	metal6	360	142	0	0	0	0.999957
13625	2	metal6	370	142	0	0	0	0.999959
13626	2	metal6	380	142	0	0	0	0.999959
13627	2	metal6	390	142	0	0	0	0.99996
13628	2	metal6	400	142	0	0	0	0.999962
13629	2	metal6	410	142	0	0	0	0.999963
13630	2	metal6	420	142	0	0	0	0.999964
13631	2	metal6	430	142	0	0	0	0.999966
13632	2	metal6	440	142	0	0	0	0.999967
13633	2	metal6	450	142	0	0	0	0.999968
13634	2	metal6	460	142	0	0	0	0.99997
13635	2	metal6	470	142	0	0	0	0.999971
13636	2	metal6	480	142	0	0	0	0.999973
13637	2	metal6	490	142	0	0	0	0.999976
13638	2	metal6	500	142	0	0	0	0.999976
13639	2	metal6	510	142	0	0	0	0.999978
13640	2	metal6	520	142	0	0	0	0.999982
13641	2	metal6	530	142	0	0	0	0.999982
13642	2	metal6	540	142	0	0	0	0.999984
13643	2	metal6	550	142	0	0	0	0.999987
13644	2	metal6	560	142	0	0	0	0.999983
13645	2	metal6	570	142	0	0	0	0.999981
13646	2	metal6	580	142	0	0	0	0.999982
13647	2	metal6	590	142	0	0	0	0.999979
13648	2	metal6	600	142	0	0	0	0.999977
13649	2	metal6	610	142	0	0	0	0.999976
13650	2	metal6	620	142	0	0	0	0.999973
13651	2	metal6	630	142	0	0	0	0.99997
13652	2	metal6	640	142	0	0	0	0.99997
13653	2	metal6	650	142	0	0	0	0.999967
13654	2	metal6	660	142	0	0	0	0.999966
13655	2	metal6	670	142	0	0	0	0.999965
13656	2	metal6	680	142	0	0	0	0.999963
13657	2	metal6	690	142	0	0	0	0.999962
13658	2	metal6	700	142	0	0	0	0.999961
13659	2	metal6	710	142	0	0	0	0.99996
13660	2	metal6	720	142	0	0	0	0.999959
13661	2	metal6	730	142	0	0	0	0.999958
13662	2	metal6	740	142	0	0	0	0.999957
13663	2	metal6	750	142	0	0	0	0.999956
13664	2	metal6	760	142	0	0	0	0.999956
13665	2	metal6	770	142	0	0	0	0.999955
13666	2	metal6	780	142	0	0	0	0.999954
13667	2	metal6	790	142	0	0	0	0.999953
13668	2	metal6	800	142	0	0	0	0.999953
13669	2	metal6	810	142	0	0	0	0.999952
13670	2	metal6	820	142	0	0	0	0.999952
13671	2	metal6	830	142	0	0	0	0.999951
13672	2	metal6	840	142	0	0	0	0.999951
13673	2	metal6	850	142	0	0	0	0.99995
13674	2	metal6	860	142	0	0	0	0.99995
13675	2	metal6	870	142	0	0	0	0.99995
13676	2	metal6	880	142	0	0	0	0.999949
13677	2	metal6	890	142	0	0	0	0.999949
13678	2	metal6	900	142	0	0	0	0.999948
13679	2	metal6	910	142	0	0	0	0.999948
13680	2	metal6	920	142	0	0	0	0.999948
13681	2	metal6	930	142	0	0	0	0.999947
13682	2	metal6	940	142	0	0	0	0.999947
13683	2	metal6	950	142	0	0	0	0.999947
13684	2	metal6	960	142	0	0	0	0.999947
13685	2	metal6	970	142	0	0	0	0.999947
13686	2	metal6	980	142	0	0	0	0.999946
13687	2	metal6	990	142	0	0	0	0.999946
13688	2	metal6	1000	142	0	0	0	0.999946
13689	2	metal6	1010	142	0	0	0	0.999946
13690	2	metal6	1020	142	0	0	0	0.999945
13691	2	metal6	1030	142	0	0	0	0.999946
13692	2	metal6	1040	142	0	0	0	0.999945
13693	2	metal6	1050	142	0	0	0	0.999945
13694	2	metal6	1060	142	0	0	0	0.999945
13695	2	metal6	1070	142	0	0	0	0.999945
13696	2	metal6	1080	142	0	0	0	0.999945
13697	2	metal6	1090	142	0	0	0	0.999945
13698	2	metal6	10	152	0	0	0	0.999943
13699	2	metal6	20	152	0	0	0	0.999943
13700	2	metal6	30	152	0	0	0	0.999943
13701	2	metal6	40	152	0	0	0	0.999943
13702	2	metal6	50	152	0	0	0	0.999943
13703	2	metal6	60	152	0	0	0	0.999943
13704	2	metal6	70	152	0	0	0	0.999944
13705	2	metal6	80	152	0	0	0	0.999944
13706	2	metal6	90	152	0	0	0	0.999944
13707	2	metal6	100	152	0	0	0	0.999944
13708	2	metal6	110	152	0	0	0	0.999944
13709	2	metal6	120	152	0	0	0	0.999944
13710	2	metal6	130	152	0	0	0	0.999945
13711	2	metal6	140	152	0	0	0	0.999945
13712	2	metal6	150	152	0	0	0	0.999945
13713	2	metal6	160	152	0	0	0	0.999946
13714	2	metal6	170	152	0	0	0	0.999946
13715	2	metal6	180	152	0	0	0	0.999946
13716	2	metal6	190	152	0	0	0	0.999947
13717	2	metal6	200	152	0	0	0	0.999947
13718	2	metal6	210	152	0	0	0	0.999948
13719	2	metal6	220	152	0	0	0	0.999948
13720	2	metal6	230	152	0	0	0	0.999949
13721	2	metal6	240	152	0	0	0	0.999949
13722	2	metal6	250	152	0	0	0	0.99995
13723	2	metal6	260	152	0	0	0	0.99995
13724	2	metal6	270	152	0	0	0	0.999951
13725	2	metal6	280	152	0	0	0	0.999952
13726	2	metal6	290	152	0	0	0	0.999952
13727	2	metal6	300	152	0	0	0	0.999953
13728	2	metal6	310	152	0	0	0	0.999954
13729	2	metal6	320	152	0	0	0	0.999954
13730	2	metal6	330	152	0	0	0	0.999955
13731	2	metal6	340	152	0	0	0	0.999956
13732	2	metal6	350	152	0	0	0	0.999956
13733	2	metal6	360	152	0	0	0	0.999957
13734	2	metal6	370	152	0	0	0	0.999959
13735	2	metal6	380	152	0	0	0	0.99996
13736	2	metal6	390	152	0	0	0	0.999961
13737	2	metal6	400	152	0	0	0	0.999962
13738	2	metal6	410	152	0	0	0	0.999963
13739	2	metal6	420	152	0	0	0	0.999965
13740	2	metal6	430	152	0	0	0	0.999966
13741	2	metal6	440	152	0	0	0	0.999967
13742	2	metal6	450	152	0	0	0	0.999968
13743	2	metal6	460	152	0	0	0	0.999971
13744	2	metal6	470	152	0	0	0	0.999972
13745	2	metal6	480	152	0	0	0	0.999973
13746	2	metal6	490	152	0	0	0	0.999976
13747	2	metal6	500	152	0	0	0	0.999977
13748	2	metal6	510	152	0	0	0	0.999978
13749	2	metal6	520	152	0	0	0	0.999982
13750	2	metal6	530	152	0	0	0	0.999982
13751	2	metal6	540	152	0	0	0	0.999984
13752	2	metal6	550	152	0	0	0	0.999988
13753	2	metal6	560	152	0	0	0	0.999983
13754	2	metal6	570	152	0	0	0	0.999981
13755	2	metal6	580	152	0	0	0	0.999982
13756	2	metal6	590	152	0	0	0	0.999979
13757	2	metal6	600	152	0	0	0	0.999977
13758	2	metal6	610	152	0	0	0	0.999976
13759	2	metal6	620	152	0	0	0	0.999973
13760	2	metal6	630	152	0	0	0	0.999971
13761	2	metal6	640	152	0	0	0	0.99997
13762	2	metal6	650	152	0	0	0	0.999968
13763	2	metal6	660	152	0	0	0	0.999966
13764	2	metal6	670	152	0	0	0	0.999965
13765	2	metal6	680	152	0	0	0	0.999963
13766	2	metal6	690	152	0	0	0	0.999962
13767	2	metal6	700	152	0	0	0	0.999961
13768	2	metal6	710	152	0	0	0	0.99996
13769	2	metal6	720	152	0	0	0	0.999959
13770	2	metal6	730	152	0	0	0	0.999958
13771	2	metal6	740	152	0	0	0	0.999957
13772	2	metal6	750	152	0	0	0	0.999956
13773	2	metal6	760	152	0	0	0	0.999956
13774	2	metal6	770	152	0	0	0	0.999955
13775	2	metal6	780	152	0	0	0	0.999954
13776	2	metal6	790	152	0	0	0	0.999953
13777	2	metal6	800	152	0	0	0	0.999953
13778	2	metal6	810	152	0	0	0	0.999952
13779	2	metal6	820	152	0	0	0	0.999952
13780	2	metal6	830	152	0	0	0	0.999951
13781	2	metal6	840	152	0	0	0	0.999951
13782	2	metal6	850	152	0	0	0	0.99995
13783	2	metal6	860	152	0	0	0	0.99995
13784	2	metal6	870	152	0	0	0	0.999949
13785	2	metal6	880	152	0	0	0	0.999949
13786	2	metal6	890	152	0	0	0	0.999949
13787	2	metal6	900	152	0	0	0	0.999948
13788	2	metal6	910	152	0	0	0	0.999948
13789	2	metal6	920	152	0	0	0	0.999948
13790	2	metal6	930	152	0	0	0	0.999947
13791	2	metal6	940	152	0	0	0	0.999947
13792	2	metal6	950	152	0	0	0	0.999947
13793	2	metal6	960	152	0	0	0	0.999946
13794	2	metal6	970	152	0	0	0	0.999946
13795	2	metal6	980	152	0	0	0	0.999946
13796	2	metal6	990	152	0	0	0	0.999946
13797	2	metal6	1000	152	0	0	0	0.999946
13798	2	metal6	1010	152	0	0	0	0.999946
13799	2	metal6	1020	152	0	0	0	0.999945
13800	2	metal6	1030	152	0	0	0	0.999945
13801	2	metal6	1040	152	0	0	0	0.999945
13802	2	metal6	1050	152	0	0	0	0.999945
13803	2	metal6	1060	152	0	0	0	0.999945
13804	2	metal6	1070	152	0	0	0	0.999945
13805	2	metal6	1080	152	0	0	0	0.999945
13806	2	metal6	1090	152	0	0	0	0.999945
13807	2	metal6	10	162	0	0	0	0.999943
13808	2	metal6	20	162	0	0	0	0.999943
13809	2	metal6	30	162	0	0	0	0.999943
13810	2	metal6	40	162	0	0	0	0.999943
13811	2	metal6	50	162	0	0	0	0.999943
13812	2	metal6	60	162	0	0	0	0.999943
13813	2	metal6	70	162	0	0	0	0.999943
13814	2	metal6	80	162	0	0	0	0.999943
13815	2	metal6	90	162	0	0	0	0.999944
13816	2	metal6	100	162	0	0	0	0.999944
13817	2	metal6	110	162	0	0	0	0.999944
13818	2	metal6	120	162	0	0	0	0.999944
13819	2	metal6	130	162	0	0	0	0.999945
13820	2	metal6	140	162	0	0	0	0.999945
13821	2	metal6	150	162	0	0	0	0.999945
13822	2	metal6	160	162	0	0	0	0.999946
13823	2	metal6	170	162	0	0	0	0.999946
13824	2	metal6	180	162	0	0	0	0.999946
13825	2	metal6	190	162	0	0	0	0.999947
13826	2	metal6	200	162	0	0	0	0.999947
13827	2	metal6	210	162	0	0	0	0.999948
13828	2	metal6	220	162	0	0	0	0.999948
13829	2	metal6	230	162	0	0	0	0.999948
13830	2	metal6	240	162	0	0	0	0.999949
13831	2	metal6	250	162	0	0	0	0.99995
13832	2	metal6	260	162	0	0	0	0.99995
13833	2	metal6	270	162	0	0	0	0.999951
13834	2	metal6	280	162	0	0	0	0.999952
13835	2	metal6	290	162	0	0	0	0.999952
13836	2	metal6	300	162	0	0	0	0.999953
13837	2	metal6	310	162	0	0	0	0.999954
13838	2	metal6	320	162	0	0	0	0.999954
13839	2	metal6	330	162	0	0	0	0.999955
13840	2	metal6	340	162	0	0	0	0.999956
13841	2	metal6	350	162	0	0	0	0.999956
13842	2	metal6	360	162	0	0	0	0.999957
13843	2	metal6	370	162	0	0	0	0.999959
13844	2	metal6	380	162	0	0	0	0.999959
13845	2	metal6	390	162	0	0	0	0.99996
13846	2	metal6	400	162	0	0	0	0.999963
13847	2	metal6	410	162	0	0	0	0.999963
13848	2	metal6	420	162	0	0	0	0.999964
13849	2	metal6	430	162	0	0	0	0.999967
13850	2	metal6	440	162	0	0	0	0.999967
13851	2	metal6	450	162	0	0	0	0.999968
13852	2	metal6	460	162	0	0	0	0.999971
13853	2	metal6	470	162	0	0	0	0.999971
13854	2	metal6	480	162	0	0	0	0.999973
13855	2	metal6	490	162	0	0	0	0.999977
13856	2	metal6	500	162	0	0	0	0.999977
13857	2	metal6	510	162	0	0	0	0.999978
13858	2	metal6	520	162	0	0	0	0.999984
13859	2	metal6	530	162	0	0	0	0.999983
13860	2	metal6	540	162	0	0	0	0.999984
13861	2	metal6	550	162	0	0	0	0.999991
13862	2	metal6	560	162	0	0	0	0.999983
13863	2	metal6	570	162	0	0	0	0.999981
13864	2	metal6	580	162	0	0	0	0.999984
13865	2	metal6	590	162	0	0	0	0.999979
13866	2	metal6	600	162	0	0	0	0.999977
13867	2	metal6	610	162	0	0	0	0.999977
13868	2	metal6	620	162	0	0	0	0.999973
13869	2	metal6	630	162	0	0	0	0.99997
13870	2	metal6	640	162	0	0	0	0.999971
13871	2	metal6	650	162	0	0	0	0.999968
13872	2	metal6	660	162	0	0	0	0.999966
13873	2	metal6	670	162	0	0	0	0.999966
13874	2	metal6	680	162	0	0	0	0.999963
13875	2	metal6	690	162	0	0	0	0.999962
13876	2	metal6	700	162	0	0	0	0.999962
13877	2	metal6	710	162	0	0	0	0.99996
13878	2	metal6	720	162	0	0	0	0.999959
13879	2	metal6	730	162	0	0	0	0.999959
13880	2	metal6	740	162	0	0	0	0.999957
13881	2	metal6	750	162	0	0	0	0.999956
13882	2	metal6	760	162	0	0	0	0.999956
13883	2	metal6	770	162	0	0	0	0.999954
13884	2	metal6	780	162	0	0	0	0.999954
13885	2	metal6	790	162	0	0	0	0.999954
13886	2	metal6	800	162	0	0	0	0.999952
13887	2	metal6	810	162	0	0	0	0.999952
13888	2	metal6	820	162	0	0	0	0.999952
13889	2	metal6	830	162	0	0	0	0.999951
13890	2	metal6	840	162	0	0	0	0.99995
13891	2	metal6	850	162	0	0	0	0.99995
13892	2	metal6	860	162	0	0	0	0.99995
13893	2	metal6	870	162	0	0	0	0.999949
13894	2	metal6	880	162	0	0	0	0.999949
13895	2	metal6	890	162	0	0	0	0.999948
13896	2	metal6	900	162	0	0	0	0.999948
13897	2	metal6	910	162	0	0	0	0.999948
13898	2	metal6	920	162	0	0	0	0.999947
13899	2	metal6	930	162	0	0	0	0.999947
13900	2	metal6	940	162	0	0	0	0.999947
13901	2	metal6	950	162	0	0	0	0.999946
13902	2	metal6	960	162	0	0	0	0.999946
13903	2	metal6	970	162	0	0	0	0.999946
13904	2	metal6	980	162	0	0	0	0.999946
13905	2	metal6	990	162	0	0	0	0.999946
13906	2	metal6	1000	162	0	0	0	0.999946
13907	2	metal6	1010	162	0	0	0	0.999945
13908	2	metal6	1020	162	0	0	0	0.999945
13909	2	metal6	1030	162	0	0	0	0.999945
13910	2	metal6	1040	162	0	0	0	0.999945
13911	2	metal6	1050	162	0	0	0	0.999945
13912	2	metal6	1060	162	0	0	0	0.999945
13913	2	metal6	1070	162	0	0	0	0.999945
13914	2	metal6	1080	162	0	0	0	0.999945
13915	2	metal6	1090	162	0	0	0	0.999945
13916	2	metal6	10	172	0	0	0	0.999942
13917	2	metal6	20	172	0	0	0	0.999942
13918	2	metal6	30	172	0	0	0	0.999943
13919	2	metal6	40	172	0	0	0	0.999943
13920	2	metal6	50	172	0	0	0	0.999943
13921	2	metal6	60	172	0	0	0	0.999943
13922	2	metal6	70	172	0	0	0	0.999943
13923	2	metal6	80	172	0	0	0	0.999943
13924	2	metal6	90	172	0	0	0	0.999943
13925	2	metal6	100	172	0	0	0	0.999944
13926	2	metal6	110	172	0	0	0	0.999944
13927	2	metal6	120	172	0	0	0	0.999944
13928	2	metal6	130	172	0	0	0	0.999944
13929	2	metal6	140	172	0	0	0	0.999945
13930	2	metal6	150	172	0	0	0	0.999945
13931	2	metal6	160	172	0	0	0	0.999945
13932	2	metal6	170	172	0	0	0	0.999945
13933	2	metal6	180	172	0	0	0	0.999946
13934	2	metal6	190	172	0	0	0	0.999946
13935	2	metal6	200	172	0	0	0	0.999947
13936	2	metal6	210	172	0	0	0	0.999947
13937	2	metal6	220	172	0	0	0	0.999948
13938	2	metal6	230	172	0	0	0	0.999948
13939	2	metal6	240	172	0	0	0	0.999949
13940	2	metal6	250	172	0	0	0	0.99995
13941	2	metal6	260	172	0	0	0	0.99995
13942	2	metal6	270	172	0	0	0	0.999951
13943	2	metal6	280	172	0	0	0	0.999951
13944	2	metal6	290	172	0	0	0	0.999951
13945	2	metal6	300	172	0	0	0	0.999952
13946	2	metal6	310	172	0	0	0	0.999953
13947	2	metal6	320	172	0	0	0	0.999954
13948	2	metal6	330	172	0	0	0	0.999955
13949	2	metal6	340	172	0	0	0	0.999955
13950	2	metal6	350	172	0	0	0	0.999955
13951	2	metal6	360	172	0	0	0	0.999957
13952	2	metal6	370	172	0	0	0	0.999958
13953	2	metal6	380	172	0	0	0	0.999959
13954	2	metal6	390	172	0	0	0	0.99996
13955	2	metal6	400	172	0	0	0	0.999961
13956	2	metal6	410	172	0	0	0	0.999962
13957	2	metal6	420	172	0	0	0	0.999964
13958	2	metal6	430	172	0	0	0	0.999966
13959	2	metal6	440	172	0	0	0	0.999967
13960	2	metal6	450	172	0	0	0	0.999968
13961	2	metal6	460	172	0	0	0	0.999969
13962	2	metal6	470	172	0	0	0	0.999971
13963	2	metal6	480	172	0	0	0	0.999973
13964	2	metal6	490	172	0	0	0	0.999975
13965	2	metal6	500	172	0	0	0	0.999975
13966	2	metal6	510	172	0	0	0	0.999976
13967	2	metal6	520	172	0	0	0	0.999981
13968	2	metal6	530	172	0	0	0	0.999982
13969	2	metal6	540	172	0	0	0	0.999983
13970	2	metal6	550	172	0	0	0	0.999987
13971	2	metal6	560	172	0	0	0	0.999982
13972	2	metal6	570	172	0	0	0	0.999978
13973	2	metal6	580	172	0	0	0	0.99998
13974	2	metal6	590	172	0	0	0	0.999978
13975	2	metal6	600	172	0	0	0	0.999976
13976	2	metal6	610	172	0	0	0	0.999975
13977	2	metal6	620	172	0	0	0	0.999972
13978	2	metal6	630	172	0	0	0	0.999969
13979	2	metal6	640	172	0	0	0	0.999969
13980	2	metal6	650	172	0	0	0	0.999967
13981	2	metal6	660	172	0	0	0	0.999966
13982	2	metal6	670	172	0	0	0	0.999964
13983	2	metal6	680	172	0	0	0	0.999961
13984	2	metal6	690	172	0	0	0	0.999961
13985	2	metal6	700	172	0	0	0	0.999961
13986	2	metal6	710	172	0	0	0	0.99996
13987	2	metal6	720	172	0	0	0	0.999959
13988	2	metal6	730	172	0	0	0	0.999958
13989	2	metal6	740	172	0	0	0	0.999956
13990	2	metal6	750	172	0	0	0	0.999955
13991	2	metal6	760	172	0	0	0	0.999955
13992	2	metal6	770	172	0	0	0	0.999954
13993	2	metal6	780	172	0	0	0	0.999953
13994	2	metal6	790	172	0	0	0	0.999953
13995	2	metal6	800	172	0	0	0	0.999952
13996	2	metal6	810	172	0	0	0	0.999952
13997	2	metal6	820	172	0	0	0	0.999951
13998	2	metal6	830	172	0	0	0	0.999951
13999	2	metal6	840	172	0	0	0	0.99995
14000	2	metal6	850	172	0	0	0	0.99995
14001	2	metal6	860	172	0	0	0	0.999949
14002	2	metal6	870	172	0	0	0	0.999949
14003	2	metal6	880	172	0	0	0	0.999949
14004	2	metal6	890	172	0	0	0	0.999948
14005	2	metal6	900	172	0	0	0	0.999948
14006	2	metal6	910	172	0	0	0	0.999947
14007	2	metal6	920	172	0	0	0	0.999947
14008	2	metal6	930	172	0	0	0	0.999947
14009	2	metal6	940	172	0	0	0	0.999947
14010	2	metal6	950	172	0	0	0	0.999946
14011	2	metal6	960	172	0	0	0	0.999946
14012	2	metal6	970	172	0	0	0	0.999946
14013	2	metal6	980	172	0	0	0	0.999946
14014	2	metal6	990	172	0	0	0	0.999946
14015	2	metal6	1000	172	0	0	0	0.999945
14016	2	metal6	1010	172	0	0	0	0.999945
14017	2	metal6	1020	172	0	0	0	0.999945
14018	2	metal6	1030	172	0	0	0	0.999945
14019	2	metal6	1040	172	0	0	0	0.999945
14020	2	metal6	1050	172	0	0	0	0.999945
14021	2	metal6	1060	172	0	0	0	0.999945
14022	2	metal6	1070	172	0	0	0	0.999944
14023	2	metal6	1080	172	0	0	0	0.999944
14024	2	metal6	1090	172	0	0	0	0.999945
14025	2	metal6	10	182	0	0	0	0.999942
14026	2	metal6	20	182	0	0	0	0.999942
14027	2	metal6	30	182	0	0	0	0.999942
14028	2	metal6	40	182	0	0	0	0.999943
14029	2	metal6	50	182	0	0	0	0.999943
14030	2	metal6	60	182	0	0	0	0.999942
14031	2	metal6	70	182	0	0	0	0.999942
14032	2	metal6	80	182	0	0	0	0.999943
14033	2	metal6	90	182	0	0	0	0.999943
14034	2	metal6	100	182	0	0	0	0.999943
14035	2	metal6	110	182	0	0	0	0.999943
14036	2	metal6	120	182	0	0	0	0.999943
14037	2	metal6	130	182	0	0	0	0.999944
14038	2	metal6	140	182	0	0	0	0.999944
14039	2	metal6	150	182	0	0	0	0.999945
14040	2	metal6	160	182	0	0	0	0.999945
14041	2	metal6	170	182	0	0	0	0.999945
14042	2	metal6	180	182	0	0	0	0.999945
14043	2	metal6	190	182	0	0	0	0.999946
14044	2	metal6	200	182	0	0	0	0.999947
14045	2	metal6	210	182	0	0	0	0.999947
14046	2	metal6	220	182	0	0	0	0.999947
14047	2	metal6	230	182	0	0	0	0.999947
14048	2	metal6	240	182	0	0	0	0.999948
14049	2	metal6	250	182	0	0	0	0.999949
14050	2	metal6	260	182	0	0	0	0.99995
14051	2	metal6	270	182	0	0	0	0.99995
14052	2	metal6	280	182	0	0	0	0.999951
14053	2	metal6	290	182	0	0	0	0.99995
14054	2	metal6	300	182	0	0	0	0.999952
14055	2	metal6	310	182	0	0	0	0.999953
14056	2	metal6	320	182	0	0	0	0.999954
14057	2	metal6	330	182	0	0	0	0.999954
14058	2	metal6	340	182	0	0	0	0.999955
14059	2	metal6	350	182	0	0	0	0.999954
14060	2	metal6	360	182	0	0	0	0.999956
14061	2	metal6	370	182	0	0	0	0.999958
14062	2	metal6	380	182	0	0	0	0.999959
14063	2	metal6	390	182	0	0	0	0.999959
14064	2	metal6	400	182	0	0	0	0.999959
14065	2	metal6	410	182	0	0	0	0.999962
14066	2	metal6	420	182	0	0	0	0.999964
14067	2	metal6	430	182	0	0	0	0.999966
14068	2	metal6	440	182	0	0	0	0.999966
14069	2	metal6	450	182	0	0	0	0.999966
14070	2	metal6	460	182	0	0	0	0.999966
14071	2	metal6	470	182	0	0	0	0.999969
14072	2	metal6	480	182	0	0	0	0.999972
14073	2	metal6	490	182	0	0	0	0.999975
14074	2	metal6	500	182	0	0	0	0.999974
14075	2	metal6	510	182	0	0	0	0.999972
14076	2	metal6	520	182	0	0	0	0.999979
14077	2	metal6	530	182	0	0	0	0.999981
14078	2	metal6	540	182	0	0	0	0.999983
14079	2	metal6	550	182	0	0	0	0.999986
14080	2	metal6	560	182	0	0	0	0.99998
14081	2	metal6	570	182	0	0	0	0.999974
14082	2	metal6	580	182	0	0	0	0.999979
14083	2	metal6	590	182	0	0	0	0.999977
14084	2	metal6	600	182	0	0	0	0.999976
14085	2	metal6	610	182	0	0	0	0.999975
14086	2	metal6	620	182	0	0	0	0.99997
14087	2	metal6	630	182	0	0	0	0.999966
14088	2	metal6	640	182	0	0	0	0.999968
14089	2	metal6	650	182	0	0	0	0.999966
14090	2	metal6	660	182	0	0	0	0.999965
14091	2	metal6	670	182	0	0	0	0.999963
14092	2	metal6	680	182	0	0	0	0.999959
14093	2	metal6	690	182	0	0	0	0.99996
14094	2	metal6	700	182	0	0	0	0.999961
14095	2	metal6	710	182	0	0	0	0.999959
14096	2	metal6	720	182	0	0	0	0.999958
14097	2	metal6	730	182	0	0	0	0.999957
14098	2	metal6	740	182	0	0	0	0.999954
14099	2	metal6	750	182	0	0	0	0.999955
14100	2	metal6	760	182	0	0	0	0.999955
14101	2	metal6	770	182	0	0	0	0.999954
14102	2	metal6	780	182	0	0	0	0.999953
14103	2	metal6	790	182	0	0	0	0.999952
14104	2	metal6	800	182	0	0	0	0.999952
14105	2	metal6	810	182	0	0	0	0.999951
14106	2	metal6	820	182	0	0	0	0.999951
14107	2	metal6	830	182	0	0	0	0.99995
14108	2	metal6	840	182	0	0	0	0.99995
14109	2	metal6	850	182	0	0	0	0.999949
14110	2	metal6	860	182	0	0	0	0.999949
14111	2	metal6	870	182	0	0	0	0.999949
14112	2	metal6	880	182	0	0	0	0.999948
14113	2	metal6	890	182	0	0	0	0.999948
14114	2	metal6	900	182	0	0	0	0.999947
14115	2	metal6	910	182	0	0	0	0.999947
14116	2	metal6	920	182	0	0	0	0.999947
14117	2	metal6	930	182	0	0	0	0.999947
14118	2	metal6	940	182	0	0	0	0.999946
14119	2	metal6	950	182	0	0	0	0.999946
14120	2	metal6	960	182	0	0	0	0.999945
14121	2	metal6	970	182	0	0	0	0.999945
14122	2	metal6	980	182	0	0	0	0.999945
14123	2	metal6	990	182	0	0	0	0.999945
14124	2	metal6	1000	182	0	0	0	0.999945
14125	2	metal6	1010	182	0	0	0	0.999945
14126	2	metal6	1020	182	0	0	0	0.999944
14127	2	metal6	1030	182	0	0	0	0.999944
14128	2	metal6	1040	182	0	0	0	0.999944
14129	2	metal6	1050	182	0	0	0	0.999944
14130	2	metal6	1060	182	0	0	0	0.999944
14131	2	metal6	1070	182	0	0	0	0.999944
14132	2	metal6	1080	182	0	0	0	0.999944
14133	2	metal6	1090	182	0	0	0	0.999944
14134	2	metal6	10	192	0	0	0	0.999942
14135	2	metal6	20	192	0	0	0	0.999942
14136	2	metal6	30	192	0	0	0	0.999942
14137	2	metal6	40	192	0	0	0	0.999943
14138	2	metal6	50	192	0	0	0	0.999943
14139	2	metal6	60	192	0	0	0	0.999943
14140	2	metal6	70	192	0	0	0	0.999943
14141	2	metal6	80	192	0	0	0	0.999943
14142	2	metal6	90	192	0	0	0	0.999943
14143	2	metal6	100	192	0	0	0	0.999944
14144	2	metal6	110	192	0	0	0	0.999943
14145	2	metal6	120	192	0	0	0	0.999943
14146	2	metal6	130	192	0	0	0	0.999944
14147	2	metal6	140	192	0	0	0	0.999944
14148	2	metal6	150	192	0	0	0	0.999945
14149	2	metal6	160	192	0	0	0	0.999945
14150	2	metal6	170	192	0	0	0	0.999945
14151	2	metal6	180	192	0	0	0	0.999945
14152	2	metal6	190	192	0	0	0	0.999946
14153	2	metal6	200	192	0	0	0	0.999947
14154	2	metal6	210	192	0	0	0	0.999947
14155	2	metal6	220	192	0	0	0	0.999948
14156	2	metal6	230	192	0	0	0	0.999948
14157	2	metal6	240	192	0	0	0	0.999949
14158	2	metal6	250	192	0	0	0	0.99995
14159	2	metal6	260	192	0	0	0	0.99995
14160	2	metal6	270	192	0	0	0	0.99995
14161	2	metal6	280	192	0	0	0	0.999951
14162	2	metal6	290	192	0	0	0	0.999951
14163	2	metal6	300	192	0	0	0	0.999952
14164	2	metal6	310	192	0	0	0	0.999954
14165	2	metal6	320	192	0	0	0	0.999954
14166	2	metal6	330	192	0	0	0	0.999955
14167	2	metal6	340	192	0	0	0	0.999956
14168	2	metal6	350	192	0	0	0	0.999955
14169	2	metal6	360	192	0	0	0	0.999957
14170	2	metal6	370	192	0	0	0	0.999959
14171	2	metal6	380	192	0	0	0	0.999959
14172	2	metal6	390	192	0	0	0	0.99996
14173	2	metal6	400	192	0	0	0	0.999962
14174	2	metal6	410	192	0	0	0	0.999962
14175	2	metal6	420	192	0	0	0	0.999964
14176	2	metal6	430	192	0	0	0	0.999966
14177	2	metal6	440	192	0	0	0	0.999967
14178	2	metal6	450	192	0	0	0	0.999968
14179	2	metal6	460	192	0	0	0	0.99997
14180	2	metal6	470	192	0	0	0	0.999971
14181	2	metal6	480	192	0	0	0	0.999973
14182	2	metal6	490	192	0	0	0	0.999977
14183	2	metal6	500	192	0	0	0	0.999975
14184	2	metal6	510	192	0	0	0	0.999976
14185	2	metal6	520	192	0	0	0	0.999983
14186	2	metal6	530	192	0	0	0	0.999982
14187	2	metal6	540	192	0	0	0	0.999983
14188	2	metal6	550	192	0	0	0	0.999991
14189	2	metal6	560	192	0	0	0	0.999982
14190	2	metal6	570	192	0	0	0	0.999978
14191	2	metal6	580	192	0	0	0	0.999983
14192	2	metal6	590	192	0	0	0	0.999978
14193	2	metal6	600	192	0	0	0	0.999976
14194	2	metal6	610	192	0	0	0	0.999977
14195	2	metal6	620	192	0	0	0	0.999972
14196	2	metal6	630	192	0	0	0	0.999969
14197	2	metal6	640	192	0	0	0	0.99997
14198	2	metal6	650	192	0	0	0	0.999967
14199	2	metal6	660	192	0	0	0	0.999965
14200	2	metal6	670	192	0	0	0	0.999965
14201	2	metal6	680	192	0	0	0	0.999961
14202	2	metal6	690	192	0	0	0	0.999961
14203	2	metal6	700	192	0	0	0	0.999961
14204	2	metal6	710	192	0	0	0	0.99996
14205	2	metal6	720	192	0	0	0	0.999958
14206	2	metal6	730	192	0	0	0	0.999958
14207	2	metal6	740	192	0	0	0	0.999956
14208	2	metal6	750	192	0	0	0	0.999955
14209	2	metal6	760	192	0	0	0	0.999955
14210	2	metal6	770	192	0	0	0	0.999954
14211	2	metal6	780	192	0	0	0	0.999953
14212	2	metal6	790	192	0	0	0	0.999953
14213	2	metal6	800	192	0	0	0	0.999952
14214	2	metal6	810	192	0	0	0	0.999952
14215	2	metal6	820	192	0	0	0	0.999951
14216	2	metal6	830	192	0	0	0	0.99995
14217	2	metal6	840	192	0	0	0	0.99995
14218	2	metal6	850	192	0	0	0	0.99995
14219	2	metal6	860	192	0	0	0	0.999949
14220	2	metal6	870	192	0	0	0	0.999949
14221	2	metal6	880	192	0	0	0	0.999949
14222	2	metal6	890	192	0	0	0	0.999948
14223	2	metal6	900	192	0	0	0	0.999947
14224	2	metal6	910	192	0	0	0	0.999947
14225	2	metal6	920	192	0	0	0	0.999947
14226	2	metal6	930	192	0	0	0	0.999947
14227	2	metal6	940	192	0	0	0	0.999946
14228	2	metal6	950	192	0	0	0	0.999946
14229	2	metal6	960	192	0	0	0	0.999945
14230	2	metal6	970	192	0	0	0	0.999946
14231	2	metal6	980	192	0	0	0	0.999945
14232	2	metal6	990	192	0	0	0	0.999945
14233	2	metal6	1000	192	0	0	0	0.999945
14234	2	metal6	1010	192	0	0	0	0.999945
14235	2	metal6	1020	192	0	0	0	0.999944
14236	2	metal6	1030	192	0	0	0	0.999945
14237	2	metal6	1040	192	0	0	0	0.999944
14238	2	metal6	1050	192	0	0	0	0.999944
14239	2	metal6	1060	192	0	0	0	0.999944
14240	2	metal6	1070	192	0	0	0	0.999944
14241	2	metal6	1080	192	0	0	0	0.999944
14242	2	metal6	1090	192	0	0	0	0.999944
14243	2	metal6	10	202	0	0	0	0.999942
14244	2	metal6	20	202	0	0	0	0.999942
14245	2	metal6	30	202	0	0	0	0.999942
14246	2	metal6	40	202	0	0	0	0.999943
14247	2	metal6	50	202	0	0	0	0.999943
14248	2	metal6	60	202	0	0	0	0.999943
14249	2	metal6	70	202	0	0	0	0.999943
14250	2	metal6	80	202	0	0	0	0.999943
14251	2	metal6	90	202	0	0	0	0.999943
14252	2	metal6	100	202	0	0	0	0.999943
14253	2	metal6	110	202	0	0	0	0.999943
14254	2	metal6	120	202	0	0	0	0.999944
14255	2	metal6	130	202	0	0	0	0.999944
14256	2	metal6	140	202	0	0	0	0.999944
14257	2	metal6	150	202	0	0	0	0.999945
14258	2	metal6	160	202	0	0	0	0.999945
14259	2	metal6	170	202	0	0	0	0.999945
14260	2	metal6	180	202	0	0	0	0.999946
14261	2	metal6	190	202	0	0	0	0.999946
14262	2	metal6	200	202	0	0	0	0.999947
14263	2	metal6	210	202	0	0	0	0.999947
14264	2	metal6	220	202	0	0	0	0.999948
14265	2	metal6	230	202	0	0	0	0.999948
14266	2	metal6	240	202	0	0	0	0.999949
14267	2	metal6	250	202	0	0	0	0.999949
14268	2	metal6	260	202	0	0	0	0.99995
14269	2	metal6	270	202	0	0	0	0.99995
14270	2	metal6	280	202	0	0	0	0.999951
14271	2	metal6	290	202	0	0	0	0.999951
14272	2	metal6	300	202	0	0	0	0.999952
14273	2	metal6	310	202	0	0	0	0.999953
14274	2	metal6	320	202	0	0	0	0.999954
14275	2	metal6	330	202	0	0	0	0.999955
14276	2	metal6	340	202	0	0	0	0.999956
14277	2	metal6	350	202	0	0	0	0.999956
14278	2	metal6	360	202	0	0	0	0.999957
14279	2	metal6	370	202	0	0	0	0.999959
14280	2	metal6	380	202	0	0	0	0.999959
14281	2	metal6	390	202	0	0	0	0.99996
14282	2	metal6	400	202	0	0	0	0.999962
14283	2	metal6	410	202	0	0	0	0.999963
14284	2	metal6	420	202	0	0	0	0.999964
14285	2	metal6	430	202	0	0	0	0.999966
14286	2	metal6	440	202	0	0	0	0.999967
14287	2	metal6	450	202	0	0	0	0.999968
14288	2	metal6	460	202	0	0	0	0.99997
14289	2	metal6	470	202	0	0	0	0.999971
14290	2	metal6	480	202	0	0	0	0.999973
14291	2	metal6	490	202	0	0	0	0.999976
14292	2	metal6	500	202	0	0	0	0.999976
14293	2	metal6	510	202	0	0	0	0.999977
14294	2	metal6	520	202	0	0	0	0.999982
14295	2	metal6	530	202	0	0	0	0.999982
14296	2	metal6	540	202	0	0	0	0.999983
14297	2	metal6	550	202	0	0	0	0.999987
14298	2	metal6	560	202	0	0	0	0.999982
14299	2	metal6	570	202	0	0	0	0.99998
14300	2	metal6	580	202	0	0	0	0.999981
14301	2	metal6	590	202	0	0	0	0.999978
14302	2	metal6	600	202	0	0	0	0.999977
14303	2	metal6	610	202	0	0	0	0.999976
14304	2	metal6	620	202	0	0	0	0.999972
14305	2	metal6	630	202	0	0	0	0.99997
14306	2	metal6	640	202	0	0	0	0.999969
14307	2	metal6	650	202	0	0	0	0.999967
14308	2	metal6	660	202	0	0	0	0.999966
14309	2	metal6	670	202	0	0	0	0.999965
14310	2	metal6	680	202	0	0	0	0.999962
14311	2	metal6	690	202	0	0	0	0.999961
14312	2	metal6	700	202	0	0	0	0.999961
14313	2	metal6	710	202	0	0	0	0.99996
14314	2	metal6	720	202	0	0	0	0.999959
14315	2	metal6	730	202	0	0	0	0.999958
14316	2	metal6	740	202	0	0	0	0.999956
14317	2	metal6	750	202	0	0	0	0.999955
14318	2	metal6	760	202	0	0	0	0.999955
14319	2	metal6	770	202	0	0	0	0.999954
14320	2	metal6	780	202	0	0	0	0.999953
14321	2	metal6	790	202	0	0	0	0.999953
14322	2	metal6	800	202	0	0	0	0.999952
14323	2	metal6	810	202	0	0	0	0.999951
14324	2	metal6	820	202	0	0	0	0.999951
14325	2	metal6	830	202	0	0	0	0.99995
14326	2	metal6	840	202	0	0	0	0.99995
14327	2	metal6	850	202	0	0	0	0.999949
14328	2	metal6	860	202	0	0	0	0.999949
14329	2	metal6	870	202	0	0	0	0.999949
14330	2	metal6	880	202	0	0	0	0.999948
14331	2	metal6	890	202	0	0	0	0.999948
14332	2	metal6	900	202	0	0	0	0.999947
14333	2	metal6	910	202	0	0	0	0.999947
14334	2	metal6	920	202	0	0	0	0.999947
14335	2	metal6	930	202	0	0	0	0.999946
14336	2	metal6	940	202	0	0	0	0.999946
14337	2	metal6	950	202	0	0	0	0.999946
14338	2	metal6	960	202	0	0	0	0.999946
14339	2	metal6	970	202	0	0	0	0.999946
14340	2	metal6	980	202	0	0	0	0.999945
14341	2	metal6	990	202	0	0	0	0.999945
14342	2	metal6	1000	202	0	0	0	0.999945
14343	2	metal6	1010	202	0	0	0	0.999945
14344	2	metal6	1020	202	0	0	0	0.999944
14345	2	metal6	1030	202	0	0	0	0.999945
14346	2	metal6	1040	202	0	0	0	0.999944
14347	2	metal6	1050	202	0	0	0	0.999944
14348	2	metal6	1060	202	0	0	0	0.999944
14349	2	metal6	1070	202	0	0	0	0.999944
14350	2	metal6	1080	202	0	0	0	0.999944
14351	2	metal6	1090	202	0	0	0	0.999944
14352	2	metal6	10	212	0	0	0	0.999942
14353	2	metal6	20	212	0	0	0	0.999942
14354	2	metal6	30	212	0	0	0	0.999942
14355	2	metal6	40	212	0	0	0	0.999943
14356	2	metal6	50	212	0	0	0	0.999943
14357	2	metal6	60	212	0	0	0	0.999943
14358	2	metal6	70	212	0	0	0	0.999943
14359	2	metal6	80	212	0	0	0	0.999943
14360	2	metal6	90	212	0	0	0	0.999943
14361	2	metal6	100	212	0	0	0	0.999943
14362	2	metal6	110	212	0	0	0	0.999943
14363	2	metal6	120	212	0	0	0	0.999944
14364	2	metal6	130	212	0	0	0	0.999944
14365	2	metal6	140	212	0	0	0	0.999944
14366	2	metal6	150	212	0	0	0	0.999945
14367	2	metal6	160	212	0	0	0	0.999945
14368	2	metal6	170	212	0	0	0	0.999945
14369	2	metal6	180	212	0	0	0	0.999945
14370	2	metal6	190	212	0	0	0	0.999946
14371	2	metal6	200	212	0	0	0	0.999947
14372	2	metal6	210	212	0	0	0	0.999947
14373	2	metal6	220	212	0	0	0	0.999948
14374	2	metal6	230	212	0	0	0	0.999948
14375	2	metal6	240	212	0	0	0	0.999949
14376	2	metal6	250	212	0	0	0	0.999949
14377	2	metal6	260	212	0	0	0	0.99995
14378	2	metal6	270	212	0	0	0	0.99995
14379	2	metal6	280	212	0	0	0	0.999951
14380	2	metal6	290	212	0	0	0	0.999951
14381	2	metal6	300	212	0	0	0	0.999952
14382	2	metal6	310	212	0	0	0	0.999953
14383	2	metal6	320	212	0	0	0	0.999954
14384	2	metal6	330	212	0	0	0	0.999955
14385	2	metal6	340	212	0	0	0	0.999956
14386	2	metal6	350	212	0	0	0	0.999956
14387	2	metal6	360	212	0	0	0	0.999957
14388	2	metal6	370	212	0	0	0	0.999959
14389	2	metal6	380	212	0	0	0	0.999959
14390	2	metal6	390	212	0	0	0	0.99996
14391	2	metal6	400	212	0	0	0	0.999962
14392	2	metal6	410	212	0	0	0	0.999963
14393	2	metal6	420	212	0	0	0	0.999964
14394	2	metal6	430	212	0	0	0	0.999966
14395	2	metal6	440	212	0	0	0	0.999967
14396	2	metal6	450	212	0	0	0	0.999968
14397	2	metal6	460	212	0	0	0	0.99997
14398	2	metal6	470	212	0	0	0	0.999971
14399	2	metal6	480	212	0	0	0	0.999973
14400	2	metal6	490	212	0	0	0	0.999976
14401	2	metal6	500	212	0	0	0	0.999976
14402	2	metal6	510	212	0	0	0	0.999977
14403	2	metal6	520	212	0	0	0	0.999982
14404	2	metal6	530	212	0	0	0	0.999982
14405	2	metal6	540	212	0	0	0	0.999983
14406	2	metal6	550	212	0	0	0	0.999987
14407	2	metal6	560	212	0	0	0	0.999982
14408	2	metal6	570	212	0	0	0	0.99998
14409	2	metal6	580	212	0	0	0	0.999981
14410	2	metal6	590	212	0	0	0	0.999978
14411	2	metal6	600	212	0	0	0	0.999977
14412	2	metal6	610	212	0	0	0	0.999976
14413	2	metal6	620	212	0	0	0	0.999972
14414	2	metal6	630	212	0	0	0	0.99997
14415	2	metal6	640	212	0	0	0	0.999969
14416	2	metal6	650	212	0	0	0	0.999967
14417	2	metal6	660	212	0	0	0	0.999966
14418	2	metal6	670	212	0	0	0	0.999965
14419	2	metal6	680	212	0	0	0	0.999962
14420	2	metal6	690	212	0	0	0	0.999961
14421	2	metal6	700	212	0	0	0	0.999961
14422	2	metal6	710	212	0	0	0	0.99996
14423	2	metal6	720	212	0	0	0	0.999959
14424	2	metal6	730	212	0	0	0	0.999958
14425	2	metal6	740	212	0	0	0	0.999956
14426	2	metal6	750	212	0	0	0	0.999955
14427	2	metal6	760	212	0	0	0	0.999955
14428	2	metal6	770	212	0	0	0	0.999954
14429	2	metal6	780	212	0	0	0	0.999953
14430	2	metal6	790	212	0	0	0	0.999953
14431	2	metal6	800	212	0	0	0	0.999952
14432	2	metal6	810	212	0	0	0	0.999951
14433	2	metal6	820	212	0	0	0	0.999951
14434	2	metal6	830	212	0	0	0	0.99995
14435	2	metal6	840	212	0	0	0	0.99995
14436	2	metal6	850	212	0	0	0	0.999949
14437	2	metal6	860	212	0	0	0	0.999949
14438	2	metal6	870	212	0	0	0	0.999949
14439	2	metal6	880	212	0	0	0	0.999948
14440	2	metal6	890	212	0	0	0	0.999948
14441	2	metal6	900	212	0	0	0	0.999947
14442	2	metal6	910	212	0	0	0	0.999947
14443	2	metal6	920	212	0	0	0	0.999947
14444	2	metal6	930	212	0	0	0	0.999946
14445	2	metal6	940	212	0	0	0	0.999946
14446	2	metal6	950	212	0	0	0	0.999946
14447	2	metal6	960	212	0	0	0	0.999945
14448	2	metal6	970	212	0	0	0	0.999946
14449	2	metal6	980	212	0	0	0	0.999945
14450	2	metal6	990	212	0	0	0	0.999945
14451	2	metal6	1000	212	0	0	0	0.999945
14452	2	metal6	1010	212	0	0	0	0.999945
14453	2	metal6	1020	212	0	0	0	0.999944
14454	2	metal6	1030	212	0	0	0	0.999944
14455	2	metal6	1040	212	0	0	0	0.999944
14456	2	metal6	1050	212	0	0	0	0.999944
14457	2	metal6	1060	212	0	0	0	0.999944
14458	2	metal6	1070	212	0	0	0	0.999944
14459	2	metal6	1080	212	0	0	0	0.999944
14460	2	metal6	1090	212	0	0	0	0.999944
14461	2	metal6	10	222	0	0	0	0.999942
14462	2	metal6	20	222	0	0	0	0.999942
14463	2	metal6	30	222	0	0	0	0.999942
14464	2	metal6	40	222	0	0	0	0.999943
14465	2	metal6	50	222	0	0	0	0.999942
14466	2	metal6	60	222	0	0	0	0.999942
14467	2	metal6	70	222	0	0	0	0.999943
14468	2	metal6	80	222	0	0	0	0.999943
14469	2	metal6	90	222	0	0	0	0.999943
14470	2	metal6	100	222	0	0	0	0.999943
14471	2	metal6	110	222	0	0	0	0.999943
14472	2	metal6	120	222	0	0	0	0.999943
14473	2	metal6	130	222	0	0	0	0.999944
14474	2	metal6	140	222	0	0	0	0.999944
14475	2	metal6	150	222	0	0	0	0.999945
14476	2	metal6	160	222	0	0	0	0.999945
14477	2	metal6	170	222	0	0	0	0.999945
14478	2	metal6	180	222	0	0	0	0.999945
14479	2	metal6	190	222	0	0	0	0.999946
14480	2	metal6	200	222	0	0	0	0.999947
14481	2	metal6	210	222	0	0	0	0.999947
14482	2	metal6	220	222	0	0	0	0.999948
14483	2	metal6	230	222	0	0	0	0.999948
14484	2	metal6	240	222	0	0	0	0.999949
14485	2	metal6	250	222	0	0	0	0.99995
14486	2	metal6	260	222	0	0	0	0.99995
14487	2	metal6	270	222	0	0	0	0.99995
14488	2	metal6	280	222	0	0	0	0.999951
14489	2	metal6	290	222	0	0	0	0.999951
14490	2	metal6	300	222	0	0	0	0.999952
14491	2	metal6	310	222	0	0	0	0.999954
14492	2	metal6	320	222	0	0	0	0.999954
14493	2	metal6	330	222	0	0	0	0.999955
14494	2	metal6	340	222	0	0	0	0.999956
14495	2	metal6	350	222	0	0	0	0.999956
14496	2	metal6	360	222	0	0	0	0.999957
14497	2	metal6	370	222	0	0	0	0.999959
14498	2	metal6	380	222	0	0	0	0.999959
14499	2	metal6	390	222	0	0	0	0.99996
14500	2	metal6	400	222	0	0	0	0.999962
14501	2	metal6	410	222	0	0	0	0.999963
14502	2	metal6	420	222	0	0	0	0.999964
14503	2	metal6	430	222	0	0	0	0.999967
14504	2	metal6	440	222	0	0	0	0.999967
14505	2	metal6	450	222	0	0	0	0.999968
14506	2	metal6	460	222	0	0	0	0.99997
14507	2	metal6	470	222	0	0	0	0.999971
14508	2	metal6	480	222	0	0	0	0.999973
14509	2	metal6	490	222	0	0	0	0.999977
14510	2	metal6	500	222	0	0	0	0.999975
14511	2	metal6	510	222	0	0	0	0.999976
14512	2	metal6	520	222	0	0	0	0.999983
14513	2	metal6	530	222	0	0	0	0.999982
14514	2	metal6	540	222	0	0	0	0.999983
14515	2	metal6	550	222	0	0	0	0.999991
14516	2	metal6	560	222	0	0	0	0.999982
14517	2	metal6	570	222	0	0	0	0.999978
14518	2	metal6	580	222	0	0	0	0.999983
14519	2	metal6	590	222	0	0	0	0.999978
14520	2	metal6	600	222	0	0	0	0.999976
14521	2	metal6	610	222	0	0	0	0.999977
14522	2	metal6	620	222	0	0	0	0.999972
14523	2	metal6	630	222	0	0	0	0.999969
14524	2	metal6	640	222	0	0	0	0.99997
14525	2	metal6	650	222	0	0	0	0.999967
14526	2	metal6	660	222	0	0	0	0.999965
14527	2	metal6	670	222	0	0	0	0.999965
14528	2	metal6	680	222	0	0	0	0.999961
14529	2	metal6	690	222	0	0	0	0.999961
14530	2	metal6	700	222	0	0	0	0.999961
14531	2	metal6	710	222	0	0	0	0.99996
14532	2	metal6	720	222	0	0	0	0.999958
14533	2	metal6	730	222	0	0	0	0.999958
14534	2	metal6	740	222	0	0	0	0.999956
14535	2	metal6	750	222	0	0	0	0.999955
14536	2	metal6	760	222	0	0	0	0.999955
14537	2	metal6	770	222	0	0	0	0.999954
14538	2	metal6	780	222	0	0	0	0.999953
14539	2	metal6	790	222	0	0	0	0.999953
14540	2	metal6	800	222	0	0	0	0.999952
14541	2	metal6	810	222	0	0	0	0.999951
14542	2	metal6	820	222	0	0	0	0.999951
14543	2	metal6	830	222	0	0	0	0.99995
14544	2	metal6	840	222	0	0	0	0.99995
14545	2	metal6	850	222	0	0	0	0.999949
14546	2	metal6	860	222	0	0	0	0.999949
14547	2	metal6	870	222	0	0	0	0.999948
14548	2	metal6	880	222	0	0	0	0.999948
14549	2	metal6	890	222	0	0	0	0.999948
14550	2	metal6	900	222	0	0	0	0.999947
14551	2	metal6	910	222	0	0	0	0.999947
14552	2	metal6	920	222	0	0	0	0.999947
14553	2	metal6	930	222	0	0	0	0.999946
14554	2	metal6	940	222	0	0	0	0.999946
14555	2	metal6	950	222	0	0	0	0.999946
14556	2	metal6	960	222	0	0	0	0.999945
14557	2	metal6	970	222	0	0	0	0.999946
14558	2	metal6	980	222	0	0	0	0.999945
14559	2	metal6	990	222	0	0	0	0.999945
14560	2	metal6	1000	222	0	0	0	0.999945
14561	2	metal6	1010	222	0	0	0	0.999945
14562	2	metal6	1020	222	0	0	0	0.999944
14563	2	metal6	1030	222	0	0	0	0.999944
14564	2	metal6	1040	222	0	0	0	0.999944
14565	2	metal6	1050	222	0	0	0	0.999944
14566	2	metal6	1060	222	0	0	0	0.999944
14567	2	metal6	1070	222	0	0	0	0.999944
14568	2	metal6	1080	222	0	0	0	0.999944
14569	2	metal6	1090	222	0	0	0	0.999944
14570	2	metal6	10	232	0	0	0	0.999942
14571	2	metal6	20	232	0	0	0	0.999942
14572	2	metal6	30	232	0	0	0	0.999942
14573	2	metal6	40	232	0	0	0	0.999942
14574	2	metal6	50	232	0	0	0	0.999942
14575	2	metal6	60	232	0	0	0	0.999942
14576	2	metal6	70	232	0	0	0	0.999942
14577	2	metal6	80	232	0	0	0	0.999942
14578	2	metal6	90	232	0	0	0	0.999943
14579	2	metal6	100	232	0	0	0	0.999943
14580	2	metal6	110	232	0	0	0	0.999943
14581	2	metal6	120	232	0	0	0	0.999943
14582	2	metal6	130	232	0	0	0	0.999944
14583	2	metal6	140	232	0	0	0	0.999944
14584	2	metal6	150	232	0	0	0	0.999945
14585	2	metal6	160	232	0	0	0	0.999945
14586	2	metal6	170	232	0	0	0	0.999945
14587	2	metal6	180	232	0	0	0	0.999945
14588	2	metal6	190	232	0	0	0	0.999946
14589	2	metal6	200	232	0	0	0	0.999946
14590	2	metal6	210	232	0	0	0	0.999947
14591	2	metal6	220	232	0	0	0	0.999947
14592	2	metal6	230	232	0	0	0	0.999947
14593	2	metal6	240	232	0	0	0	0.999948
14594	2	metal6	250	232	0	0	0	0.999949
14595	2	metal6	260	232	0	0	0	0.99995
14596	2	metal6	270	232	0	0	0	0.99995
14597	2	metal6	280	232	0	0	0	0.999951
14598	2	metal6	290	232	0	0	0	0.99995
14599	2	metal6	300	232	0	0	0	0.999952
14600	2	metal6	310	232	0	0	0	0.999953
14601	2	metal6	320	232	0	0	0	0.999954
14602	2	metal6	330	232	0	0	0	0.999954
14603	2	metal6	340	232	0	0	0	0.999955
14604	2	metal6	350	232	0	0	0	0.999954
14605	2	metal6	360	232	0	0	0	0.999956
14606	2	metal6	370	232	0	0	0	0.999958
14607	2	metal6	380	232	0	0	0	0.999959
14608	2	metal6	390	232	0	0	0	0.999959
14609	2	metal6	400	232	0	0	0	0.99996
14610	2	metal6	410	232	0	0	0	0.999962
14611	2	metal6	420	232	0	0	0	0.999964
14612	2	metal6	430	232	0	0	0	0.999966
14613	2	metal6	440	232	0	0	0	0.999966
14614	2	metal6	450	232	0	0	0	0.999967
14615	2	metal6	460	232	0	0	0	0.999967
14616	2	metal6	470	232	0	0	0	0.99997
14617	2	metal6	480	232	0	0	0	0.999972
14618	2	metal6	490	232	0	0	0	0.999975
14619	2	metal6	500	232	0	0	0	0.999974
14620	2	metal6	510	232	0	0	0	0.999972
14621	2	metal6	520	232	0	0	0	0.999979
14622	2	metal6	530	232	0	0	0	0.999981
14623	2	metal6	540	232	0	0	0	0.999983
14624	2	metal6	550	232	0	0	0	0.999986
14625	2	metal6	560	232	0	0	0	0.99998
14626	2	metal6	570	232	0	0	0	0.999974
14627	2	metal6	580	232	0	0	0	0.999979
14628	2	metal6	590	232	0	0	0	0.999977
14629	2	metal6	600	232	0	0	0	0.999976
14630	2	metal6	610	232	0	0	0	0.999975
14631	2	metal6	620	232	0	0	0	0.99997
14632	2	metal6	630	232	0	0	0	0.999966
14633	2	metal6	640	232	0	0	0	0.999968
14634	2	metal6	650	232	0	0	0	0.999966
14635	2	metal6	660	232	0	0	0	0.999965
14636	2	metal6	670	232	0	0	0	0.999963
14637	2	metal6	680	232	0	0	0	0.999959
14638	2	metal6	690	232	0	0	0	0.99996
14639	2	metal6	700	232	0	0	0	0.999961
14640	2	metal6	710	232	0	0	0	0.999959
14641	2	metal6	720	232	0	0	0	0.999958
14642	2	metal6	730	232	0	0	0	0.999957
14643	2	metal6	740	232	0	0	0	0.999954
14644	2	metal6	750	232	0	0	0	0.999955
14645	2	metal6	760	232	0	0	0	0.999955
14646	2	metal6	770	232	0	0	0	0.999954
14647	2	metal6	780	232	0	0	0	0.999952
14648	2	metal6	790	232	0	0	0	0.999951
14649	2	metal6	800	232	0	0	0	0.999951
14650	2	metal6	810	232	0	0	0	0.999951
14651	2	metal6	820	232	0	0	0	0.999951
14652	2	metal6	830	232	0	0	0	0.99995
14653	2	metal6	840	232	0	0	0	0.999949
14654	2	metal6	850	232	0	0	0	0.999948
14655	2	metal6	860	232	0	0	0	0.999948
14656	2	metal6	870	232	0	0	0	0.999948
14657	2	metal6	880	232	0	0	0	0.999948
14658	2	metal6	890	232	0	0	0	0.999948
14659	2	metal6	900	232	0	0	0	0.999947
14660	2	metal6	910	232	0	0	0	0.999946
14661	2	metal6	920	232	0	0	0	0.999946
14662	2	metal6	930	232	0	0	0	0.999946
14663	2	metal6	940	232	0	0	0	0.999946
14664	2	metal6	950	232	0	0	0	0.999946
14665	2	metal6	960	232	0	0	0	0.999945
14666	2	metal6	970	232	0	0	0	0.999945
14667	2	metal6	980	232	0	0	0	0.999945
14668	2	metal6	990	232	0	0	0	0.999945
14669	2	metal6	1000	232	0	0	0	0.999945
14670	2	metal6	1010	232	0	0	0	0.999944
14671	2	metal6	1020	232	0	0	0	0.999944
14672	2	metal6	1030	232	0	0	0	0.999944
14673	2	metal6	1040	232	0	0	0	0.999944
14674	2	metal6	1050	232	0	0	0	0.999944
14675	2	metal6	1060	232	0	0	0	0.999944
14676	2	metal6	1070	232	0	0	0	0.999943
14677	2	metal6	1080	232	0	0	0	0.999944
14678	2	metal6	1090	232	0	0	0	0.999944
14679	2	metal6	10	242	0	0	0	0.999942
14680	2	metal6	20	242	0	0	0	0.999942
14681	2	metal6	30	242	0	0	0	0.999942
14682	2	metal6	40	242	0	0	0	0.999943
14683	2	metal6	50	242	0	0	0	0.999943
14684	2	metal6	60	242	0	0	0	0.999942
14685	2	metal6	70	242	0	0	0	0.999943
14686	2	metal6	80	242	0	0	0	0.999943
14687	2	metal6	90	242	0	0	0	0.999943
14688	2	metal6	100	242	0	0	0	0.999943
14689	2	metal6	110	242	0	0	0	0.999943
14690	2	metal6	120	242	0	0	0	0.999943
14691	2	metal6	130	242	0	0	0	0.999944
14692	2	metal6	140	242	0	0	0	0.999944
14693	2	metal6	150	242	0	0	0	0.999945
14694	2	metal6	160	242	0	0	0	0.999945
14695	2	metal6	170	242	0	0	0	0.999945
14696	2	metal6	180	242	0	0	0	0.999945
14697	2	metal6	190	242	0	0	0	0.999946
14698	2	metal6	200	242	0	0	0	0.999947
14699	2	metal6	210	242	0	0	0	0.999947
14700	2	metal6	220	242	0	0	0	0.999948
14701	2	metal6	230	242	0	0	0	0.999948
14702	2	metal6	240	242	0	0	0	0.999949
14703	2	metal6	250	242	0	0	0	0.99995
14704	2	metal6	260	242	0	0	0	0.99995
14705	2	metal6	270	242	0	0	0	0.999951
14706	2	metal6	280	242	0	0	0	0.999951
14707	2	metal6	290	242	0	0	0	0.999951
14708	2	metal6	300	242	0	0	0	0.999952
14709	2	metal6	310	242	0	0	0	0.999954
14710	2	metal6	320	242	0	0	0	0.999954
14711	2	metal6	330	242	0	0	0	0.999955
14712	2	metal6	340	242	0	0	0	0.999956
14713	2	metal6	350	242	0	0	0	0.999956
14714	2	metal6	360	242	0	0	0	0.999957
14715	2	metal6	370	242	0	0	0	0.999959
14716	2	metal6	380	242	0	0	0	0.999959
14717	2	metal6	390	242	0	0	0	0.99996
14718	2	metal6	400	242	0	0	0	0.999961
14719	2	metal6	410	242	0	0	0	0.999963
14720	2	metal6	420	242	0	0	0	0.999964
14721	2	metal6	430	242	0	0	0	0.999966
14722	2	metal6	440	242	0	0	0	0.999967
14723	2	metal6	450	242	0	0	0	0.999968
14724	2	metal6	460	242	0	0	0	0.999969
14725	2	metal6	470	242	0	0	0	0.999971
14726	2	metal6	480	242	0	0	0	0.999973
14727	2	metal6	490	242	0	0	0	0.999976
14728	2	metal6	500	242	0	0	0	0.999975
14729	2	metal6	510	242	0	0	0	0.999976
14730	2	metal6	520	242	0	0	0	0.999981
14731	2	metal6	530	242	0	0	0	0.999982
14732	2	metal6	540	242	0	0	0	0.999983
14733	2	metal6	550	242	0	0	0	0.999987
14734	2	metal6	560	242	0	0	0	0.999982
14735	2	metal6	570	242	0	0	0	0.999978
14736	2	metal6	580	242	0	0	0	0.99998
14737	2	metal6	590	242	0	0	0	0.999978
14738	2	metal6	600	242	0	0	0	0.999976
14739	2	metal6	610	242	0	0	0	0.999976
14740	2	metal6	620	242	0	0	0	0.999972
14741	2	metal6	630	242	0	0	0	0.999969
14742	2	metal6	640	242	0	0	0	0.999969
14743	2	metal6	650	242	0	0	0	0.999967
14744	2	metal6	660	242	0	0	0	0.999966
14745	2	metal6	670	242	0	0	0	0.999964
14746	2	metal6	680	242	0	0	0	0.999962
14747	2	metal6	690	242	0	0	0	0.999961
14748	2	metal6	700	242	0	0	0	0.999961
14749	2	metal6	710	242	0	0	0	0.99996
14750	2	metal6	720	242	0	0	0	0.999959
14751	2	metal6	730	242	0	0	0	0.999958
14752	2	metal6	740	242	0	0	0	0.999956
14753	2	metal6	750	242	0	0	0	0.999955
14754	2	metal6	760	242	0	0	0	0.999955
14755	2	metal6	770	242	0	0	0	0.999954
14756	2	metal6	780	242	0	0	0	0.999953
14757	2	metal6	790	242	0	0	0	0.999952
14758	2	metal6	800	242	0	0	0	0.999952
14759	2	metal6	810	242	0	0	0	0.999951
14760	2	metal6	820	242	0	0	0	0.999951
14761	2	metal6	830	242	0	0	0	0.99995
14762	2	metal6	840	242	0	0	0	0.99995
14763	2	metal6	850	242	0	0	0	0.999949
14764	2	metal6	860	242	0	0	0	0.999949
14765	2	metal6	870	242	0	0	0	0.999948
14766	2	metal6	880	242	0	0	0	0.999948
14767	2	metal6	890	242	0	0	0	0.999948
14768	2	metal6	900	242	0	0	0	0.999947
14769	2	metal6	910	242	0	0	0	0.999947
14770	2	metal6	920	242	0	0	0	0.999947
14771	2	metal6	930	242	0	0	0	0.999946
14772	2	metal6	940	242	0	0	0	0.999946
14773	2	metal6	950	242	0	0	0	0.999946
14774	2	metal6	960	242	0	0	0	0.999945
14775	2	metal6	970	242	0	0	0	0.999945
14776	2	metal6	980	242	0	0	0	0.999945
14777	2	metal6	990	242	0	0	0	0.999945
14778	2	metal6	1000	242	0	0	0	0.999945
14779	2	metal6	1010	242	0	0	0	0.999945
14780	2	metal6	1020	242	0	0	0	0.999944
14781	2	metal6	1030	242	0	0	0	0.999944
14782	2	metal6	1040	242	0	0	0	0.999944
14783	2	metal6	1050	242	0	0	0	0.999944
14784	2	metal6	1060	242	0	0	0	0.999944
14785	2	metal6	1070	242	0	0	0	0.999944
14786	2	metal6	1080	242	0	0	0	0.999944
14787	2	metal6	1090	242	0	0	0	0.999944
14788	2	metal6	10	252	0	0	0	0.999943
14789	2	metal6	20	252	0	0	0	0.999942
14790	2	metal6	30	252	0	0	0	0.999943
14791	2	metal6	40	252	0	0	0	0.999943
14792	2	metal6	50	252	0	0	0	0.999943
14793	2	metal6	60	252	0	0	0	0.999943
14794	2	metal6	70	252	0	0	0	0.999943
14795	2	metal6	80	252	0	0	0	0.999943
14796	2	metal6	90	252	0	0	0	0.999943
14797	2	metal6	100	252	0	0	0	0.999944
14798	2	metal6	110	252	0	0	0	0.999944
14799	2	metal6	120	252	0	0	0	0.999944
14800	2	metal6	130	252	0	0	0	0.999945
14801	2	metal6	140	252	0	0	0	0.999945
14802	2	metal6	150	252	0	0	0	0.999945
14803	2	metal6	160	252	0	0	0	0.999946
14804	2	metal6	170	252	0	0	0	0.999946
14805	2	metal6	180	252	0	0	0	0.999946
14806	2	metal6	190	252	0	0	0	0.999947
14807	2	metal6	200	252	0	0	0	0.999947
14808	2	metal6	210	252	0	0	0	0.999947
14809	2	metal6	220	252	0	0	0	0.999948
14810	2	metal6	230	252	0	0	0	0.999948
14811	2	metal6	240	252	0	0	0	0.999949
14812	2	metal6	250	252	0	0	0	0.99995
14813	2	metal6	260	252	0	0	0	0.99995
14814	2	metal6	270	252	0	0	0	0.999951
14815	2	metal6	280	252	0	0	0	0.999952
14816	2	metal6	290	252	0	0	0	0.999952
14817	2	metal6	300	252	0	0	0	0.999953
14818	2	metal6	310	252	0	0	0	0.999954
14819	2	metal6	320	252	0	0	0	0.999954
14820	2	metal6	330	252	0	0	0	0.999955
14821	2	metal6	340	252	0	0	0	0.999956
14822	2	metal6	350	252	0	0	0	0.999956
14823	2	metal6	360	252	0	0	0	0.999958
14824	2	metal6	370	252	0	0	0	0.999959
14825	2	metal6	380	252	0	0	0	0.99996
14826	2	metal6	390	252	0	0	0	0.999961
14827	2	metal6	400	252	0	0	0	0.999963
14828	2	metal6	410	252	0	0	0	0.999963
14829	2	metal6	420	252	0	0	0	0.999965
14830	2	metal6	430	252	0	0	0	0.999967
14831	2	metal6	440	252	0	0	0	0.999967
14832	2	metal6	450	252	0	0	0	0.999969
14833	2	metal6	460	252	0	0	0	0.999972
14834	2	metal6	470	252	0	0	0	0.999972
14835	2	metal6	480	252	0	0	0	0.999974
14836	2	metal6	490	252	0	0	0	0.999978
14837	2	metal6	500	252	0	0	0	0.999977
14838	2	metal6	510	252	0	0	0	0.999978
14839	2	metal6	520	252	0	0	0	0.999984
14840	2	metal6	530	252	0	0	0	0.999983
14841	2	metal6	540	252	0	0	0	0.999984
14842	2	metal6	550	252	0	0	0	0.999991
14843	2	metal6	560	252	0	0	0	0.999983
14844	2	metal6	570	252	0	0	0	0.999981
14845	2	metal6	580	252	0	0	0	0.999984
14846	2	metal6	590	252	0	0	0	0.999979
14847	2	metal6	600	252	0	0	0	0.999977
14848	2	metal6	610	252	0	0	0	0.999977
14849	2	metal6	620	252	0	0	0	0.999973
14850	2	metal6	630	252	0	0	0	0.99997
14851	2	metal6	640	252	0	0	0	0.999971
14852	2	metal6	650	252	0	0	0	0.999968
14853	2	metal6	660	252	0	0	0	0.999966
14854	2	metal6	670	252	0	0	0	0.999966
14855	2	metal6	680	252	0	0	0	0.999963
14856	2	metal6	690	252	0	0	0	0.999962
14857	2	metal6	700	252	0	0	0	0.999962
14858	2	metal6	710	252	0	0	0	0.99996
14859	2	metal6	720	252	0	0	0	0.999959
14860	2	metal6	730	252	0	0	0	0.999958
14861	2	metal6	740	252	0	0	0	0.999956
14862	2	metal6	750	252	0	0	0	0.999956
14863	2	metal6	760	252	0	0	0	0.999956
14864	2	metal6	770	252	0	0	0	0.999954
14865	2	metal6	780	252	0	0	0	0.999953
14866	2	metal6	790	252	0	0	0	0.999953
14867	2	metal6	800	252	0	0	0	0.999952
14868	2	metal6	810	252	0	0	0	0.999951
14869	2	metal6	820	252	0	0	0	0.999951
14870	2	metal6	830	252	0	0	0	0.99995
14871	2	metal6	840	252	0	0	0	0.99995
14872	2	metal6	850	252	0	0	0	0.99995
14873	2	metal6	860	252	0	0	0	0.999949
14874	2	metal6	870	252	0	0	0	0.999949
14875	2	metal6	880	252	0	0	0	0.999948
14876	2	metal6	890	252	0	0	0	0.999948
14877	2	metal6	900	252	0	0	0	0.999947
14878	2	metal6	910	252	0	0	0	0.999947
14879	2	metal6	920	252	0	0	0	0.999947
14880	2	metal6	930	252	0	0	0	0.999946
14881	2	metal6	940	252	0	0	0	0.999946
14882	2	metal6	950	252	0	0	0	0.999946
14883	2	metal6	960	252	0	0	0	0.999946
14884	2	metal6	970	252	0	0	0	0.999946
14885	2	metal6	980	252	0	0	0	0.999945
14886	2	metal6	990	252	0	0	0	0.999945
14887	2	metal6	1000	252	0	0	0	0.999945
14888	2	metal6	1010	252	0	0	0	0.999945
14889	2	metal6	1020	252	0	0	0	0.999945
14890	2	metal6	1030	252	0	0	0	0.999945
14891	2	metal6	1040	252	0	0	0	0.999944
14892	2	metal6	1050	252	0	0	0	0.999944
14893	2	metal6	1060	252	0	0	0	0.999944
14894	2	metal6	1070	252	0	0	0	0.999944
14895	2	metal6	1080	252	0	0	0	0.999944
14896	2	metal6	1090	252	0	0	0	0.999944
14897	2	metal6	10	262	0	0	0	0.999943
14898	2	metal6	20	262	0	0	0	0.999943
14899	2	metal6	30	262	0	0	0	0.999943
14900	2	metal6	40	262	0	0	0	0.999943
14901	2	metal6	50	262	0	0	0	0.999943
14902	2	metal6	60	262	0	0	0	0.999943
14903	2	metal6	70	262	0	0	0	0.999943
14904	2	metal6	80	262	0	0	0	0.999943
14905	2	metal6	90	262	0	0	0	0.999943
14906	2	metal6	100	262	0	0	0	0.999944
14907	2	metal6	110	262	0	0	0	0.999944
14908	2	metal6	120	262	0	0	0	0.999944
14909	2	metal6	130	262	0	0	0	0.999945
14910	2	metal6	140	262	0	0	0	0.999945
14911	2	metal6	150	262	0	0	0	0.999945
14912	2	metal6	160	262	0	0	0	0.999946
14913	2	metal6	170	262	0	0	0	0.999946
14914	2	metal6	180	262	0	0	0	0.999946
14915	2	metal6	190	262	0	0	0	0.999947
14916	2	metal6	200	262	0	0	0	0.999947
14917	2	metal6	210	262	0	0	0	0.999947
14918	2	metal6	220	262	0	0	0	0.999948
14919	2	metal6	230	262	0	0	0	0.999948
14920	2	metal6	240	262	0	0	0	0.999949
14921	2	metal6	250	262	0	0	0	0.99995
14922	2	metal6	260	262	0	0	0	0.99995
14923	2	metal6	270	262	0	0	0	0.999951
14924	2	metal6	280	262	0	0	0	0.999952
14925	2	metal6	290	262	0	0	0	0.999952
14926	2	metal6	300	262	0	0	0	0.999953
14927	2	metal6	310	262	0	0	0	0.999954
14928	2	metal6	320	262	0	0	0	0.999954
14929	2	metal6	330	262	0	0	0	0.999955
14930	2	metal6	340	262	0	0	0	0.999956
14931	2	metal6	350	262	0	0	0	0.999957
14932	2	metal6	360	262	0	0	0	0.999958
14933	2	metal6	370	262	0	0	0	0.999959
14934	2	metal6	380	262	0	0	0	0.99996
14935	2	metal6	390	262	0	0	0	0.999961
14936	2	metal6	400	262	0	0	0	0.999962
14937	2	metal6	410	262	0	0	0	0.999963
14938	2	metal6	420	262	0	0	0	0.999965
14939	2	metal6	430	262	0	0	0	0.999967
14940	2	metal6	440	262	0	0	0	0.999968
14941	2	metal6	450	262	0	0	0	0.999969
14942	2	metal6	460	262	0	0	0	0.999971
14943	2	metal6	470	262	0	0	0	0.999972
14944	2	metal6	480	262	0	0	0	0.999974
14945	2	metal6	490	262	0	0	0	0.999977
14946	2	metal6	500	262	0	0	0	0.999977
14947	2	metal6	510	262	0	0	0	0.999978
14948	2	metal6	520	262	0	0	0	0.999983
14949	2	metal6	530	262	0	0	0	0.999983
14950	2	metal6	540	262	0	0	0	0.999984
14951	2	metal6	550	262	0	0	0	0.999988
14952	2	metal6	560	262	0	0	0	0.999983
14953	2	metal6	570	262	0	0	0	0.999981
14954	2	metal6	580	262	0	0	0	0.999982
14955	2	metal6	590	262	0	0	0	0.999979
14956	2	metal6	600	262	0	0	0	0.999977
14957	2	metal6	610	262	0	0	0	0.999976
14958	2	metal6	620	262	0	0	0	0.999973
14959	2	metal6	630	262	0	0	0	0.999971
14960	2	metal6	640	262	0	0	0	0.99997
14961	2	metal6	650	262	0	0	0	0.999968
14962	2	metal6	660	262	0	0	0	0.999966
14963	2	metal6	670	262	0	0	0	0.999965
14964	2	metal6	680	262	0	0	0	0.999963
14965	2	metal6	690	262	0	0	0	0.999962
14966	2	metal6	700	262	0	0	0	0.999962
14967	2	metal6	710	262	0	0	0	0.99996
14968	2	metal6	720	262	0	0	0	0.999959
14969	2	metal6	730	262	0	0	0	0.999958
14970	2	metal6	740	262	0	0	0	0.999956
14971	2	metal6	750	262	0	0	0	0.999956
14972	2	metal6	760	262	0	0	0	0.999955
14973	2	metal6	770	262	0	0	0	0.999954
14974	2	metal6	780	262	0	0	0	0.999953
14975	2	metal6	790	262	0	0	0	0.999953
14976	2	metal6	800	262	0	0	0	0.999952
14977	2	metal6	810	262	0	0	0	0.999952
14978	2	metal6	820	262	0	0	0	0.999951
14979	2	metal6	830	262	0	0	0	0.99995
14980	2	metal6	840	262	0	0	0	0.99995
14981	2	metal6	850	262	0	0	0	0.99995
14982	2	metal6	860	262	0	0	0	0.999949
14983	2	metal6	870	262	0	0	0	0.999949
14984	2	metal6	880	262	0	0	0	0.999948
14985	2	metal6	890	262	0	0	0	0.999948
14986	2	metal6	900	262	0	0	0	0.999947
14987	2	metal6	910	262	0	0	0	0.999947
14988	2	metal6	920	262	0	0	0	0.999947
14989	2	metal6	930	262	0	0	0	0.999947
14990	2	metal6	940	262	0	0	0	0.999946
14991	2	metal6	950	262	0	0	0	0.999946
14992	2	metal6	960	262	0	0	0	0.999946
14993	2	metal6	970	262	0	0	0	0.999946
14994	2	metal6	980	262	0	0	0	0.999945
14995	2	metal6	990	262	0	0	0	0.999945
14996	2	metal6	1000	262	0	0	0	0.999945
14997	2	metal6	1010	262	0	0	0	0.999945
14998	2	metal6	1020	262	0	0	0	0.999945
14999	2	metal6	1030	262	0	0	0	0.999945
15000	2	metal6	1040	262	0	0	0	0.999945
15001	2	metal6	1050	262	0	0	0	0.999944
15002	2	metal6	1060	262	0	0	0	0.999944
15003	2	metal6	1070	262	0	0	0	0.999944
15004	2	metal6	1080	262	0	0	0	0.999944
15005	2	metal6	1090	262	0	0	0	0.999944
15006	2	metal6	10	272	0	0	0	0.999943
15007	2	metal6	20	272	0	0	0	0.999943
15008	2	metal6	30	272	0	0	0	0.999943
15009	2	metal6	40	272	0	0	0	0.999943
15010	2	metal6	50	272	0	0	0	0.999943
15011	2	metal6	60	272	0	0	0	0.999943
15012	2	metal6	70	272	0	0	0	0.999943
15013	2	metal6	80	272	0	0	0	0.999943
15014	2	metal6	90	272	0	0	0	0.999943
15015	2	metal6	100	272	0	0	0	0.999944
15016	2	metal6	110	272	0	0	0	0.999944
15017	2	metal6	120	272	0	0	0	0.999944
15018	2	metal6	130	272	0	0	0	0.999945
15019	2	metal6	140	272	0	0	0	0.999945
15020	2	metal6	150	272	0	0	0	0.999945
15021	2	metal6	160	272	0	0	0	0.999946
15022	2	metal6	170	272	0	0	0	0.999946
15023	2	metal6	180	272	0	0	0	0.999946
15024	2	metal6	190	272	0	0	0	0.999947
15025	2	metal6	200	272	0	0	0	0.999947
15026	2	metal6	210	272	0	0	0	0.999947
15027	2	metal6	220	272	0	0	0	0.999948
15028	2	metal6	230	272	0	0	0	0.999948
15029	2	metal6	240	272	0	0	0	0.999949
15030	2	metal6	250	272	0	0	0	0.99995
15031	2	metal6	260	272	0	0	0	0.99995
15032	2	metal6	270	272	0	0	0	0.999951
15033	2	metal6	280	272	0	0	0	0.999952
15034	2	metal6	290	272	0	0	0	0.999952
15035	2	metal6	300	272	0	0	0	0.999953
15036	2	metal6	310	272	0	0	0	0.999954
15037	2	metal6	320	272	0	0	0	0.999954
15038	2	metal6	330	272	0	0	0	0.999955
15039	2	metal6	340	272	0	0	0	0.999956
15040	2	metal6	350	272	0	0	0	0.999956
15041	2	metal6	360	272	0	0	0	0.999958
15042	2	metal6	370	272	0	0	0	0.999959
15043	2	metal6	380	272	0	0	0	0.99996
15044	2	metal6	390	272	0	0	0	0.999961
15045	2	metal6	400	272	0	0	0	0.999962
15046	2	metal6	410	272	0	0	0	0.999963
15047	2	metal6	420	272	0	0	0	0.999965
15048	2	metal6	430	272	0	0	0	0.999967
15049	2	metal6	440	272	0	0	0	0.999967
15050	2	metal6	450	272	0	0	0	0.999969
15051	2	metal6	460	272	0	0	0	0.999971
15052	2	metal6	470	272	0	0	0	0.999972
15053	2	metal6	480	272	0	0	0	0.999974
15054	2	metal6	490	272	0	0	0	0.999976
15055	2	metal6	500	272	0	0	0	0.999977
15056	2	metal6	510	272	0	0	0	0.999978
15057	2	metal6	520	272	0	0	0	0.999982
15058	2	metal6	530	272	0	0	0	0.999982
15059	2	metal6	540	272	0	0	0	0.999984
15060	2	metal6	550	272	0	0	0	0.999987
15061	2	metal6	560	272	0	0	0	0.999983
15062	2	metal6	570	272	0	0	0	0.99998
15063	2	metal6	580	272	0	0	0	0.999982
15064	2	metal6	590	272	0	0	0	0.999979
15065	2	metal6	600	272	0	0	0	0.999977
15066	2	metal6	610	272	0	0	0	0.999976
15067	2	metal6	620	272	0	0	0	0.999973
15068	2	metal6	630	272	0	0	0	0.99997
15069	2	metal6	640	272	0	0	0	0.99997
15070	2	metal6	650	272	0	0	0	0.999968
15071	2	metal6	660	272	0	0	0	0.999966
15072	2	metal6	670	272	0	0	0	0.999965
15073	2	metal6	680	272	0	0	0	0.999963
15074	2	metal6	690	272	0	0	0	0.999962
15075	2	metal6	700	272	0	0	0	0.999961
15076	2	metal6	710	272	0	0	0	0.99996
15077	2	metal6	720	272	0	0	0	0.999959
15078	2	metal6	730	272	0	0	0	0.999958
15079	2	metal6	740	272	0	0	0	0.999956
15080	2	metal6	750	272	0	0	0	0.999956
15081	2	metal6	760	272	0	0	0	0.999955
15082	2	metal6	770	272	0	0	0	0.999954
15083	2	metal6	780	272	0	0	0	0.999953
15084	2	metal6	790	272	0	0	0	0.999953
15085	2	metal6	800	272	0	0	0	0.999952
15086	2	metal6	810	272	0	0	0	0.999951
15087	2	metal6	820	272	0	0	0	0.999951
15088	2	metal6	830	272	0	0	0	0.99995
15089	2	metal6	840	272	0	0	0	0.99995
15090	2	metal6	850	272	0	0	0	0.999949
15091	2	metal6	860	272	0	0	0	0.999949
15092	2	metal6	870	272	0	0	0	0.999949
15093	2	metal6	880	272	0	0	0	0.999948
15094	2	metal6	890	272	0	0	0	0.999948
15095	2	metal6	900	272	0	0	0	0.999947
15096	2	metal6	910	272	0	0	0	0.999947
15097	2	metal6	920	272	0	0	0	0.999947
15098	2	metal6	930	272	0	0	0	0.999947
15099	2	metal6	940	272	0	0	0	0.999946
15100	2	metal6	950	272	0	0	0	0.999946
15101	2	metal6	960	272	0	0	0	0.999946
15102	2	metal6	970	272	0	0	0	0.999946
15103	2	metal6	980	272	0	0	0	0.999945
15104	2	metal6	990	272	0	0	0	0.999945
15105	2	metal6	1000	272	0	0	0	0.999945
15106	2	metal6	1010	272	0	0	0	0.999945
15107	2	metal6	1020	272	0	0	0	0.999945
15108	2	metal6	1030	272	0	0	0	0.999945
15109	2	metal6	1040	272	0	0	0	0.999945
15110	2	metal6	1050	272	0	0	0	0.999945
15111	2	metal6	1060	272	0	0	0	0.999945
15112	2	metal6	1070	272	0	0	0	0.999944
15113	2	metal6	1080	272	0	0	0	0.999944
15114	2	metal6	1090	272	0	0	0	0.999945
15115	2	metal6	10	282	0	0	0	0.999943
15116	2	metal6	20	282	0	0	0	0.999943
15117	2	metal6	30	282	0	0	0	0.999943
15118	2	metal6	40	282	0	0	0	0.999943
15119	2	metal6	50	282	0	0	0	0.999943
15120	2	metal6	60	282	0	0	0	0.999943
15121	2	metal6	70	282	0	0	0	0.999943
15122	2	metal6	80	282	0	0	0	0.999943
15123	2	metal6	90	282	0	0	0	0.999943
15124	2	metal6	100	282	0	0	0	0.999944
15125	2	metal6	110	282	0	0	0	0.999944
15126	2	metal6	120	282	0	0	0	0.999944
15127	2	metal6	130	282	0	0	0	0.999945
15128	2	metal6	140	282	0	0	0	0.999945
15129	2	metal6	150	282	0	0	0	0.999945
15130	2	metal6	160	282	0	0	0	0.999946
15131	2	metal6	170	282	0	0	0	0.999946
15132	2	metal6	180	282	0	0	0	0.999946
15133	2	metal6	190	282	0	0	0	0.999947
15134	2	metal6	200	282	0	0	0	0.999947
15135	2	metal6	210	282	0	0	0	0.999947
15136	2	metal6	220	282	0	0	0	0.999948
15137	2	metal6	230	282	0	0	0	0.999948
15138	2	metal6	240	282	0	0	0	0.999949
15139	2	metal6	250	282	0	0	0	0.99995
15140	2	metal6	260	282	0	0	0	0.99995
15141	2	metal6	270	282	0	0	0	0.999951
15142	2	metal6	280	282	0	0	0	0.999952
15143	2	metal6	290	282	0	0	0	0.999951
15144	2	metal6	300	282	0	0	0	0.999953
15145	2	metal6	310	282	0	0	0	0.999954
15146	2	metal6	320	282	0	0	0	0.999954
15147	2	metal6	330	282	0	0	0	0.999955
15148	2	metal6	340	282	0	0	0	0.999956
15149	2	metal6	350	282	0	0	0	0.999956
15150	2	metal6	360	282	0	0	0	0.999957
15151	2	metal6	370	282	0	0	0	0.999959
15152	2	metal6	380	282	0	0	0	0.99996
15153	2	metal6	390	282	0	0	0	0.999961
15154	2	metal6	400	282	0	0	0	0.999962
15155	2	metal6	410	282	0	0	0	0.999963
15156	2	metal6	420	282	0	0	0	0.999965
15157	2	metal6	430	282	0	0	0	0.999967
15158	2	metal6	440	282	0	0	0	0.999967
15159	2	metal6	450	282	0	0	0	0.999968
15160	2	metal6	460	282	0	0	0	0.999971
15161	2	metal6	470	282	0	0	0	0.999971
15162	2	metal6	480	282	0	0	0	0.999973
15163	2	metal6	490	282	0	0	0	0.999977
15164	2	metal6	500	282	0	0	0	0.999976
15165	2	metal6	510	282	0	0	0	0.999976
15166	2	metal6	520	282	0	0	0	0.999984
15167	2	metal6	530	282	0	0	0	0.999982
15168	2	metal6	540	282	0	0	0	0.999984
15169	2	metal6	550	282	0	0	0	0.999991
15170	2	metal6	560	282	0	0	0	0.999982
15171	2	metal6	570	282	0	0	0	0.999978
15172	2	metal6	580	282	0	0	0	0.999983
15173	2	metal6	590	282	0	0	0	0.999978
15174	2	metal6	600	282	0	0	0	0.999977
15175	2	metal6	610	282	0	0	0	0.999977
15176	2	metal6	620	282	0	0	0	0.999972
15177	2	metal6	630	282	0	0	0	0.999969
15178	2	metal6	640	282	0	0	0	0.99997
15179	2	metal6	650	282	0	0	0	0.999967
15180	2	metal6	660	282	0	0	0	0.999966
15181	2	metal6	670	282	0	0	0	0.999965
15182	2	metal6	680	282	0	0	0	0.999962
15183	2	metal6	690	282	0	0	0	0.999961
15184	2	metal6	700	282	0	0	0	0.999962
15185	2	metal6	710	282	0	0	0	0.99996
15186	2	metal6	720	282	0	0	0	0.999959
15187	2	metal6	730	282	0	0	0	0.999958
15188	2	metal6	740	282	0	0	0	0.999956
15189	2	metal6	750	282	0	0	0	0.999955
15190	2	metal6	760	282	0	0	0	0.999955
15191	2	metal6	770	282	0	0	0	0.999954
15192	2	metal6	780	282	0	0	0	0.999953
15193	2	metal6	790	282	0	0	0	0.999953
15194	2	metal6	800	282	0	0	0	0.999952
15195	2	metal6	810	282	0	0	0	0.999951
15196	2	metal6	820	282	0	0	0	0.999951
15197	2	metal6	830	282	0	0	0	0.99995
15198	2	metal6	840	282	0	0	0	0.99995
15199	2	metal6	850	282	0	0	0	0.999949
15200	2	metal6	860	282	0	0	0	0.999949
15201	2	metal6	870	282	0	0	0	0.999949
15202	2	metal6	880	282	0	0	0	0.999948
15203	2	metal6	890	282	0	0	0	0.999948
15204	2	metal6	900	282	0	0	0	0.999947
15205	2	metal6	910	282	0	0	0	0.999947
15206	2	metal6	920	282	0	0	0	0.999947
15207	2	metal6	930	282	0	0	0	0.999947
15208	2	metal6	940	282	0	0	0	0.999947
15209	2	metal6	950	282	0	0	0	0.999946
15210	2	metal6	960	282	0	0	0	0.999946
15211	2	metal6	970	282	0	0	0	0.999946
15212	2	metal6	980	282	0	0	0	0.999946
15213	2	metal6	990	282	0	0	0	0.999945
15214	2	metal6	1000	282	0	0	0	0.999945
15215	2	metal6	1010	282	0	0	0	0.999945
15216	2	metal6	1020	282	0	0	0	0.999945
15217	2	metal6	1030	282	0	0	0	0.999945
15218	2	metal6	1040	282	0	0	0	0.999945
15219	2	metal6	1050	282	0	0	0	0.999945
15220	2	metal6	1060	282	0	0	0	0.999945
15221	2	metal6	1070	282	0	0	0	0.999944
15222	2	metal6	1080	282	0	0	0	0.999944
15223	2	metal6	1090	282	0	0	0	0.999945
15224	2	metal6	10	292	0	0	0	0.999942
15225	2	metal6	20	292	0	0	0	0.999943
15226	2	metal6	30	292	0	0	0	0.999943
15227	2	metal6	40	292	0	0	0	0.999943
15228	2	metal6	50	292	0	0	0	0.999943
15229	2	metal6	60	292	0	0	0	0.999943
15230	2	metal6	70	292	0	0	0	0.999942
15231	2	metal6	80	292	0	0	0	0.999943
15232	2	metal6	90	292	0	0	0	0.999943
15233	2	metal6	100	292	0	0	0	0.999944
15234	2	metal6	110	292	0	0	0	0.999944
15235	2	metal6	120	292	0	0	0	0.999944
15236	2	metal6	130	292	0	0	0	0.999944
15237	2	metal6	140	292	0	0	0	0.999945
15238	2	metal6	150	292	0	0	0	0.999945
15239	2	metal6	160	292	0	0	0	0.999946
15240	2	metal6	170	292	0	0	0	0.999946
15241	2	metal6	180	292	0	0	0	0.999945
15242	2	metal6	190	292	0	0	0	0.999947
15243	2	metal6	200	292	0	0	0	0.999947
15244	2	metal6	210	292	0	0	0	0.999947
15245	2	metal6	220	292	0	0	0	0.999948
15246	2	metal6	230	292	0	0	0	0.999948
15247	2	metal6	240	292	0	0	0	0.999949
15248	2	metal6	250	292	0	0	0	0.99995
15249	2	metal6	260	292	0	0	0	0.99995
15250	2	metal6	270	292	0	0	0	0.999951
15251	2	metal6	280	292	0	0	0	0.999951
15252	2	metal6	290	292	0	0	0	0.999951
15253	2	metal6	300	292	0	0	0	0.999952
15254	2	metal6	310	292	0	0	0	0.999954
15255	2	metal6	320	292	0	0	0	0.999954
15256	2	metal6	330	292	0	0	0	0.999955
15257	2	metal6	340	292	0	0	0	0.999955
15258	2	metal6	350	292	0	0	0	0.999955
15259	2	metal6	360	292	0	0	0	0.999957
15260	2	metal6	370	292	0	0	0	0.999959
15261	2	metal6	380	292	0	0	0	0.999959
15262	2	metal6	390	292	0	0	0	0.99996
15263	2	metal6	400	292	0	0	0	0.99996
15264	2	metal6	410	292	0	0	0	0.999962
15265	2	metal6	420	292	0	0	0	0.999964
15266	2	metal6	430	292	0	0	0	0.999966
15267	2	metal6	440	292	0	0	0	0.999967
15268	2	metal6	450	292	0	0	0	0.999967
15269	2	metal6	460	292	0	0	0	0.999967
15270	2	metal6	470	292	0	0	0	0.99997
15271	2	metal6	480	292	0	0	0	0.999972
15272	2	metal6	490	292	0	0	0	0.999975
15273	2	metal6	500	292	0	0	0	0.999974
15274	2	metal6	510	292	0	0	0	0.999972
15275	2	metal6	520	292	0	0	0	0.99998
15276	2	metal6	530	292	0	0	0	0.999981
15277	2	metal6	540	292	0	0	0	0.999983
15278	2	metal6	550	292	0	0	0	0.999986
15279	2	metal6	560	292	0	0	0	0.999979
15280	2	metal6	570	292	0	0	0	0.999973
15281	2	metal6	580	292	0	0	0	0.999979
15282	2	metal6	590	292	0	0	0	0.999977
15283	2	metal6	600	292	0	0	0	0.999976
15284	2	metal6	610	292	0	0	0	0.999975
15285	2	metal6	620	292	0	0	0	0.999971
15286	2	metal6	630	292	0	0	0	0.999966
15287	2	metal6	640	292	0	0	0	0.999968
15288	2	metal6	650	292	0	0	0	0.999967
15289	2	metal6	660	292	0	0	0	0.999965
15290	2	metal6	670	292	0	0	0	0.999964
15291	2	metal6	680	292	0	0	0	0.999959
15292	2	metal6	690	292	0	0	0	0.99996
15293	2	metal6	700	292	0	0	0	0.999961
15294	2	metal6	710	292	0	0	0	0.999959
15295	2	metal6	720	292	0	0	0	0.999958
15296	2	metal6	730	292	0	0	0	0.999957
15297	2	metal6	740	292	0	0	0	0.999954
15298	2	metal6	750	292	0	0	0	0.999955
15299	2	metal6	760	292	0	0	0	0.999955
15300	2	metal6	770	292	0	0	0	0.999954
15301	2	metal6	780	292	0	0	0	0.999952
15302	2	metal6	790	292	0	0	0	0.999951
15303	2	metal6	800	292	0	0	0	0.999951
15304	2	metal6	810	292	0	0	0	0.999951
15305	2	metal6	820	292	0	0	0	0.999951
15306	2	metal6	830	292	0	0	0	0.99995
15307	2	metal6	840	292	0	0	0	0.999949
15308	2	metal6	850	292	0	0	0	0.999948
15309	2	metal6	860	292	0	0	0	0.999948
15310	2	metal6	870	292	0	0	0	0.999948
15311	2	metal6	880	292	0	0	0	0.999948
15312	2	metal6	890	292	0	0	0	0.999948
15313	2	metal6	900	292	0	0	0	0.999947
15314	2	metal6	910	292	0	0	0	0.999946
15315	2	metal6	920	292	0	0	0	0.999946
15316	2	metal6	930	292	0	0	0	0.999946
15317	2	metal6	940	292	0	0	0	0.999946
15318	2	metal6	950	292	0	0	0	0.999946
15319	2	metal6	960	292	0	0	0	0.999945
15320	2	metal6	970	292	0	0	0	0.999946
15321	2	metal6	980	292	0	0	0	0.999946
15322	2	metal6	990	292	0	0	0	0.999945
15323	2	metal6	1000	292	0	0	0	0.999945
15324	2	metal6	1010	292	0	0	0	0.999945
15325	2	metal6	1020	292	0	0	0	0.999944
15326	2	metal6	1030	292	0	0	0	0.999945
15327	2	metal6	1040	292	0	0	0	0.999945
15328	2	metal6	1050	292	0	0	0	0.999945
15329	2	metal6	1060	292	0	0	0	0.999944
15330	2	metal6	1070	292	0	0	0	0.999944
15331	2	metal6	1080	292	0	0	0	0.999944
15332	2	metal6	1090	292	0	0	0	0.999945
15333	2	metal6	10	302	0	0	0	0.999943
15334	2	metal6	20	302	0	0	0	0.999943
15335	2	metal6	30	302	0	0	0	0.999943
15336	2	metal6	40	302	0	0	0	0.999943
15337	2	metal6	50	302	0	0	0	0.999943
15338	2	metal6	60	302	0	0	0	0.999943
15339	2	metal6	70	302	0	0	0	0.999943
15340	2	metal6	80	302	0	0	0	0.999943
15341	2	metal6	90	302	0	0	0	0.999944
15342	2	metal6	100	302	0	0	0	0.999944
15343	2	metal6	110	302	0	0	0	0.999944
15344	2	metal6	120	302	0	0	0	0.999944
15345	2	metal6	130	302	0	0	0	0.999945
15346	2	metal6	140	302	0	0	0	0.999945
15347	2	metal6	150	302	0	0	0	0.999945
15348	2	metal6	160	302	0	0	0	0.999946
15349	2	metal6	170	302	0	0	0	0.999946
15350	2	metal6	180	302	0	0	0	0.999946
15351	2	metal6	190	302	0	0	0	0.999947
15352	2	metal6	200	302	0	0	0	0.999947
15353	2	metal6	210	302	0	0	0	0.999948
15354	2	metal6	220	302	0	0	0	0.999948
15355	2	metal6	230	302	0	0	0	0.999948
15356	2	metal6	240	302	0	0	0	0.999949
15357	2	metal6	250	302	0	0	0	0.99995
15358	2	metal6	260	302	0	0	0	0.99995
15359	2	metal6	270	302	0	0	0	0.999951
15360	2	metal6	280	302	0	0	0	0.999951
15361	2	metal6	290	302	0	0	0	0.999952
15362	2	metal6	300	302	0	0	0	0.999953
15363	2	metal6	310	302	0	0	0	0.999954
15364	2	metal6	320	302	0	0	0	0.999954
15365	2	metal6	330	302	0	0	0	0.999955
15366	2	metal6	340	302	0	0	0	0.999956
15367	2	metal6	350	302	0	0	0	0.999956
15368	2	metal6	360	302	0	0	0	0.999957
15369	2	metal6	370	302	0	0	0	0.999959
15370	2	metal6	380	302	0	0	0	0.99996
15371	2	metal6	390	302	0	0	0	0.999961
15372	2	metal6	400	302	0	0	0	0.999962
15373	2	metal6	410	302	0	0	0	0.999963
15374	2	metal6	420	302	0	0	0	0.999965
15375	2	metal6	430	302	0	0	0	0.999967
15376	2	metal6	440	302	0	0	0	0.999967
15377	2	metal6	450	302	0	0	0	0.999968
15378	2	metal6	460	302	0	0	0	0.999969
15379	2	metal6	470	302	0	0	0	0.999971
15380	2	metal6	480	302	0	0	0	0.999973
15381	2	metal6	490	302	0	0	0	0.999976
15382	2	metal6	500	302	0	0	0	0.999976
15383	2	metal6	510	302	0	0	0	0.999976
15384	2	metal6	520	302	0	0	0	0.999981
15385	2	metal6	530	302	0	0	0	0.999982
15386	2	metal6	540	302	0	0	0	0.999983
15387	2	metal6	550	302	0	0	0	0.999987
15388	2	metal6	560	302	0	0	0	0.999981
15389	2	metal6	570	302	0	0	0	0.999978
15390	2	metal6	580	302	0	0	0	0.99998
15391	2	metal6	590	302	0	0	0	0.999978
15392	2	metal6	600	302	0	0	0	0.999977
15393	2	metal6	610	302	0	0	0	0.999976
15394	2	metal6	620	302	0	0	0	0.999972
15395	2	metal6	630	302	0	0	0	0.999969
15396	2	metal6	640	302	0	0	0	0.999969
15397	2	metal6	650	302	0	0	0	0.999967
15398	2	metal6	660	302	0	0	0	0.999966
15399	2	metal6	670	302	0	0	0	0.999965
15400	2	metal6	680	302	0	0	0	0.999962
15401	2	metal6	690	302	0	0	0	0.999961
15402	2	metal6	700	302	0	0	0	0.999961
15403	2	metal6	710	302	0	0	0	0.99996
15404	2	metal6	720	302	0	0	0	0.999959
15405	2	metal6	730	302	0	0	0	0.999958
15406	2	metal6	740	302	0	0	0	0.999956
15407	2	metal6	750	302	0	0	0	0.999955
15408	2	metal6	760	302	0	0	0	0.999955
15409	2	metal6	770	302	0	0	0	0.999954
15410	2	metal6	780	302	0	0	0	0.999953
15411	2	metal6	790	302	0	0	0	0.999952
15412	2	metal6	800	302	0	0	0	0.999952
15413	2	metal6	810	302	0	0	0	0.999951
15414	2	metal6	820	302	0	0	0	0.999951
15415	2	metal6	830	302	0	0	0	0.99995
15416	2	metal6	840	302	0	0	0	0.99995
15417	2	metal6	850	302	0	0	0	0.999949
15418	2	metal6	860	302	0	0	0	0.999949
15419	2	metal6	870	302	0	0	0	0.999949
15420	2	metal6	880	302	0	0	0	0.999949
15421	2	metal6	890	302	0	0	0	0.999948
15422	2	metal6	900	302	0	0	0	0.999948
15423	2	metal6	910	302	0	0	0	0.999947
15424	2	metal6	920	302	0	0	0	0.999947
15425	2	metal6	930	302	0	0	0	0.999947
15426	2	metal6	940	302	0	0	0	0.999947
15427	2	metal6	950	302	0	0	0	0.999946
15428	2	metal6	960	302	0	0	0	0.999946
15429	2	metal6	970	302	0	0	0	0.999946
15430	2	metal6	980	302	0	0	0	0.999946
15431	2	metal6	990	302	0	0	0	0.999946
15432	2	metal6	1000	302	0	0	0	0.999945
15433	2	metal6	1010	302	0	0	0	0.999945
15434	2	metal6	1020	302	0	0	0	0.999945
15435	2	metal6	1030	302	0	0	0	0.999945
15436	2	metal6	1040	302	0	0	0	0.999945
15437	2	metal6	1050	302	0	0	0	0.999945
15438	2	metal6	1060	302	0	0	0	0.999945
15439	2	metal6	1070	302	0	0	0	0.999945
15440	2	metal6	1080	302	0	0	0	0.999945
15441	2	metal6	1090	302	0	0	0	0.999945
15442	2	metal6	10	312	0	0	0	0.999943
15443	2	metal6	20	312	0	0	0	0.999943
15444	2	metal6	30	312	0	0	0	0.999943
15445	2	metal6	40	312	0	0	0	0.999944
15446	2	metal6	50	312	0	0	0	0.999943
15447	2	metal6	60	312	0	0	0	0.999943
15448	2	metal6	70	312	0	0	0	0.999944
15449	2	metal6	80	312	0	0	0	0.999944
15450	2	metal6	90	312	0	0	0	0.999944
15451	2	metal6	100	312	0	0	0	0.999944
15452	2	metal6	110	312	0	0	0	0.999944
15453	2	metal6	120	312	0	0	0	0.999945
15454	2	metal6	130	312	0	0	0	0.999945
15455	2	metal6	140	312	0	0	0	0.999945
15456	2	metal6	150	312	0	0	0	0.999946
15457	2	metal6	160	312	0	0	0	0.999946
15458	2	metal6	170	312	0	0	0	0.999946
15459	2	metal6	180	312	0	0	0	0.999946
15460	2	metal6	190	312	0	0	0	0.999947
15461	2	metal6	200	312	0	0	0	0.999947
15462	2	metal6	210	312	0	0	0	0.999948
15463	2	metal6	220	312	0	0	0	0.999949
15464	2	metal6	230	312	0	0	0	0.999949
15465	2	metal6	240	312	0	0	0	0.999949
15466	2	metal6	250	312	0	0	0	0.99995
15467	2	metal6	260	312	0	0	0	0.999951
15468	2	metal6	270	312	0	0	0	0.999951
15469	2	metal6	280	312	0	0	0	0.999952
15470	2	metal6	290	312	0	0	0	0.999952
15471	2	metal6	300	312	0	0	0	0.999953
15472	2	metal6	310	312	0	0	0	0.999954
15473	2	metal6	320	312	0	0	0	0.999955
15474	2	metal6	330	312	0	0	0	0.999955
15475	2	metal6	340	312	0	0	0	0.999957
15476	2	metal6	350	312	0	0	0	0.999957
15477	2	metal6	360	312	0	0	0	0.999958
15478	2	metal6	370	312	0	0	0	0.99996
15479	2	metal6	380	312	0	0	0	0.99996
15480	2	metal6	390	312	0	0	0	0.999961
15481	2	metal6	400	312	0	0	0	0.999963
15482	2	metal6	410	312	0	0	0	0.999964
15483	2	metal6	420	312	0	0	0	0.999965
15484	2	metal6	430	312	0	0	0	0.999968
15485	2	metal6	440	312	0	0	0	0.999968
15486	2	metal6	450	312	0	0	0	0.999969
15487	2	metal6	460	312	0	0	0	0.999972
15488	2	metal6	470	312	0	0	0	0.999972
15489	2	metal6	480	312	0	0	0	0.999974
15490	2	metal6	490	312	0	0	0	0.999978
15491	2	metal6	500	312	0	0	0	0.999977
15492	2	metal6	510	312	0	0	0	0.999978
15493	2	metal6	520	312	0	0	0	0.999984
15494	2	metal6	530	312	0	0	0	0.999983
15495	2	metal6	540	312	0	0	0	0.999984
15496	2	metal6	550	312	0	0	0	0.999991
15497	2	metal6	560	312	0	0	0	0.999983
15498	2	metal6	570	312	0	0	0	0.999981
15499	2	metal6	580	312	0	0	0	0.999984
15500	2	metal6	590	312	0	0	0	0.999979
15501	2	metal6	600	312	0	0	0	0.999977
15502	2	metal6	610	312	0	0	0	0.999977
15503	2	metal6	620	312	0	0	0	0.999973
15504	2	metal6	630	312	0	0	0	0.99997
15505	2	metal6	640	312	0	0	0	0.999971
15506	2	metal6	650	312	0	0	0	0.999968
15507	2	metal6	660	312	0	0	0	0.999966
15508	2	metal6	670	312	0	0	0	0.999966
15509	2	metal6	680	312	0	0	0	0.999963
15510	2	metal6	690	312	0	0	0	0.999962
15511	2	metal6	700	312	0	0	0	0.999962
15512	2	metal6	710	312	0	0	0	0.99996
15513	2	metal6	720	312	0	0	0	0.999959
15514	2	metal6	730	312	0	0	0	0.999959
15515	2	metal6	740	312	0	0	0	0.999956
15516	2	metal6	750	312	0	0	0	0.999956
15517	2	metal6	760	312	0	0	0	0.999956
15518	2	metal6	770	312	0	0	0	0.999954
15519	2	metal6	780	312	0	0	0	0.999953
15520	2	metal6	790	312	0	0	0	0.999953
15521	2	metal6	800	312	0	0	0	0.999952
15522	2	metal6	810	312	0	0	0	0.999952
15523	2	metal6	820	312	0	0	0	0.999952
15524	2	metal6	830	312	0	0	0	0.999951
15525	2	metal6	840	312	0	0	0	0.99995
15526	2	metal6	850	312	0	0	0	0.99995
15527	2	metal6	860	312	0	0	0	0.999949
15528	2	metal6	870	312	0	0	0	0.999949
15529	2	metal6	880	312	0	0	0	0.999949
15530	2	metal6	890	312	0	0	0	0.999948
15531	2	metal6	900	312	0	0	0	0.999948
15532	2	metal6	910	312	0	0	0	0.999948
15533	2	metal6	920	312	0	0	0	0.999947
15534	2	metal6	930	312	0	0	0	0.999947
15535	2	metal6	940	312	0	0	0	0.999947
15536	2	metal6	950	312	0	0	0	0.999946
15537	2	metal6	960	312	0	0	0	0.999946
15538	2	metal6	970	312	0	0	0	0.999946
15539	2	metal6	980	312	0	0	0	0.999946
15540	2	metal6	990	312	0	0	0	0.999946
15541	2	metal6	1000	312	0	0	0	0.999946
15542	2	metal6	1010	312	0	0	0	0.999945
15543	2	metal6	1020	312	0	0	0	0.999945
15544	2	metal6	1030	312	0	0	0	0.999945
15545	2	metal6	1040	312	0	0	0	0.999945
15546	2	metal6	1050	312	0	0	0	0.999945
15547	2	metal6	1060	312	0	0	0	0.999945
15548	2	metal6	1070	312	0	0	0	0.999945
15549	2	metal6	1080	312	0	0	0	0.999945
15550	2	metal6	1090	312	0	0	0	0.999945
15551	2	metal6	10	322	0	0	0	0.999943
15552	2	metal6	20	322	0	0	0	0.999943
15553	2	metal6	30	322	0	0	0	0.999943
15554	2	metal6	40	322	0	0	0	0.999944
15555	2	metal6	50	322	0	0	0	0.999944
15556	2	metal6	60	322	0	0	0	0.999944
15557	2	metal6	70	322	0	0	0	0.999944
15558	2	metal6	80	322	0	0	0	0.999944
15559	2	metal6	90	322	0	0	0	0.999944
15560	2	metal6	100	322	0	0	0	0.999944
15561	2	metal6	110	322	0	0	0	0.999944
15562	2	metal6	120	322	0	0	0	0.999945
15563	2	metal6	130	322	0	0	0	0.999945
15564	2	metal6	140	322	0	0	0	0.999945
15565	2	metal6	150	322	0	0	0	0.999946
15566	2	metal6	160	322	0	0	0	0.999946
15567	2	metal6	170	322	0	0	0	0.999946
15568	2	metal6	180	322	0	0	0	0.999947
15569	2	metal6	190	322	0	0	0	0.999947
15570	2	metal6	200	322	0	0	0	0.999948
15571	2	metal6	210	322	0	0	0	0.999948
15572	2	metal6	220	322	0	0	0	0.999949
15573	2	metal6	230	322	0	0	0	0.999949
15574	2	metal6	240	322	0	0	0	0.999949
15575	2	metal6	250	322	0	0	0	0.99995
15576	2	metal6	260	322	0	0	0	0.999951
15577	2	metal6	270	322	0	0	0	0.999951
15578	2	metal6	280	322	0	0	0	0.999952
15579	2	metal6	290	322	0	0	0	0.999952
15580	2	metal6	300	322	0	0	0	0.999953
15581	2	metal6	310	322	0	0	0	0.999954
15582	2	metal6	320	322	0	0	0	0.999955
15583	2	metal6	330	322	0	0	0	0.999955
15584	2	metal6	340	322	0	0	0	0.999956
15585	2	metal6	350	322	0	0	0	0.999957
15586	2	metal6	360	322	0	0	0	0.999958
15587	2	metal6	370	322	0	0	0	0.999959
15588	2	metal6	380	322	0	0	0	0.99996
15589	2	metal6	390	322	0	0	0	0.999961
15590	2	metal6	400	322	0	0	0	0.999963
15591	2	metal6	410	322	0	0	0	0.999964
15592	2	metal6	420	322	0	0	0	0.999965
15593	2	metal6	430	322	0	0	0	0.999967
15594	2	metal6	440	322	0	0	0	0.999968
15595	2	metal6	450	322	0	0	0	0.999969
15596	2	metal6	460	322	0	0	0	0.999971
15597	2	metal6	470	322	0	0	0	0.999972
15598	2	metal6	480	322	0	0	0	0.999974
15599	2	metal6	490	322	0	0	0	0.999977
15600	2	metal6	500	322	0	0	0	0.999977
15601	2	metal6	510	322	0	0	0	0.999979
15602	2	metal6	520	322	0	0	0	0.999983
15603	2	metal6	530	322	0	0	0	0.999983
15604	2	metal6	540	322	0	0	0	0.999984
15605	2	metal6	550	322	0	0	0	0.999988
15606	2	metal6	560	322	0	0	0	0.999983
15607	2	metal6	570	322	0	0	0	0.999981
15608	2	metal6	580	322	0	0	0	0.999982
15609	2	metal6	590	322	0	0	0	0.999979
15610	2	metal6	600	322	0	0	0	0.999977
15611	2	metal6	610	322	0	0	0	0.999976
15612	2	metal6	620	322	0	0	0	0.999973
15613	2	metal6	630	322	0	0	0	0.999971
15614	2	metal6	640	322	0	0	0	0.99997
15615	2	metal6	650	322	0	0	0	0.999968
15616	2	metal6	660	322	0	0	0	0.999966
15617	2	metal6	670	322	0	0	0	0.999965
15618	2	metal6	680	322	0	0	0	0.999963
15619	2	metal6	690	322	0	0	0	0.999962
15620	2	metal6	700	322	0	0	0	0.999962
15621	2	metal6	710	322	0	0	0	0.99996
15622	2	metal6	720	322	0	0	0	0.999959
15623	2	metal6	730	322	0	0	0	0.999958
15624	2	metal6	740	322	0	0	0	0.999957
15625	2	metal6	750	322	0	0	0	0.999956
15626	2	metal6	760	322	0	0	0	0.999955
15627	2	metal6	770	322	0	0	0	0.999954
15628	2	metal6	780	322	0	0	0	0.999954
15629	2	metal6	790	322	0	0	0	0.999953
15630	2	metal6	800	322	0	0	0	0.999952
15631	2	metal6	810	322	0	0	0	0.999952
15632	2	metal6	820	322	0	0	0	0.999952
15633	2	metal6	830	322	0	0	0	0.999951
15634	2	metal6	840	322	0	0	0	0.99995
15635	2	metal6	850	322	0	0	0	0.99995
15636	2	metal6	860	322	0	0	0	0.999949
15637	2	metal6	870	322	0	0	0	0.999949
15638	2	metal6	880	322	0	0	0	0.999949
15639	2	metal6	890	322	0	0	0	0.999948
15640	2	metal6	900	322	0	0	0	0.999948
15641	2	metal6	910	322	0	0	0	0.999948
15642	2	metal6	920	322	0	0	0	0.999947
15643	2	metal6	930	322	0	0	0	0.999947
15644	2	metal6	940	322	0	0	0	0.999947
15645	2	metal6	950	322	0	0	0	0.999947
15646	2	metal6	960	322	0	0	0	0.999946
15647	2	metal6	970	322	0	0	0	0.999946
15648	2	metal6	980	322	0	0	0	0.999946
15649	2	metal6	990	322	0	0	0	0.999946
15650	2	metal6	1000	322	0	0	0	0.999946
15651	2	metal6	1010	322	0	0	0	0.999946
15652	2	metal6	1020	322	0	0	0	0.999945
15653	2	metal6	1030	322	0	0	0	0.999946
15654	2	metal6	1040	322	0	0	0	0.999945
15655	2	metal6	1050	322	0	0	0	0.999945
15656	2	metal6	1060	322	0	0	0	0.999945
15657	2	metal6	1070	322	0	0	0	0.999945
15658	2	metal6	1080	322	0	0	0	0.999945
15659	2	metal6	1090	322	0	0	0	0.999945
15660	2	metal6	10	332	0	0	0	0.999943
15661	2	metal6	20	332	0	0	0	0.999943
15662	2	metal6	30	332	0	0	0	0.999943
15663	2	metal6	40	332	0	0	0	0.999944
15664	2	metal6	50	332	0	0	0	0.999944
15665	2	metal6	60	332	0	0	0	0.999944
15666	2	metal6	70	332	0	0	0	0.999944
15667	2	metal6	80	332	0	0	0	0.999944
15668	2	metal6	90	332	0	0	0	0.999944
15669	2	metal6	100	332	0	0	0	0.999945
15670	2	metal6	110	332	0	0	0	0.999945
15671	2	metal6	120	332	0	0	0	0.999945
15672	2	metal6	130	332	0	0	0	0.999945
15673	2	metal6	140	332	0	0	0	0.999945
15674	2	metal6	150	332	0	0	0	0.999946
15675	2	metal6	160	332	0	0	0	0.999946
15676	2	metal6	170	332	0	0	0	0.999946
15677	2	metal6	180	332	0	0	0	0.999947
15678	2	metal6	190	332	0	0	0	0.999947
15679	2	metal6	200	332	0	0	0	0.999948
15680	2	metal6	210	332	0	0	0	0.999948
15681	2	metal6	220	332	0	0	0	0.999949
15682	2	metal6	230	332	0	0	0	0.999949
15683	2	metal6	240	332	0	0	0	0.999949
15684	2	metal6	250	332	0	0	0	0.99995
15685	2	metal6	260	332	0	0	0	0.999951
15686	2	metal6	270	332	0	0	0	0.999951
15687	2	metal6	280	332	0	0	0	0.999952
15688	2	metal6	290	332	0	0	0	0.999952
15689	2	metal6	300	332	0	0	0	0.999953
15690	2	metal6	310	332	0	0	0	0.999954
15691	2	metal6	320	332	0	0	0	0.999955
15692	2	metal6	330	332	0	0	0	0.999955
15693	2	metal6	340	332	0	0	0	0.999956
15694	2	metal6	350	332	0	0	0	0.999957
15695	2	metal6	360	332	0	0	0	0.999958
15696	2	metal6	370	332	0	0	0	0.999959
15697	2	metal6	380	332	0	0	0	0.99996
15698	2	metal6	390	332	0	0	0	0.999961
15699	2	metal6	400	332	0	0	0	0.999963
15700	2	metal6	410	332	0	0	0	0.999964
15701	2	metal6	420	332	0	0	0	0.999965
15702	2	metal6	430	332	0	0	0	0.999967
15703	2	metal6	440	332	0	0	0	0.999968
15704	2	metal6	450	332	0	0	0	0.999969
15705	2	metal6	460	332	0	0	0	0.999971
15706	2	metal6	470	332	0	0	0	0.999972
15707	2	metal6	480	332	0	0	0	0.999974
15708	2	metal6	490	332	0	0	0	0.999977
15709	2	metal6	500	332	0	0	0	0.999977
15710	2	metal6	510	332	0	0	0	0.999978
15711	2	metal6	520	332	0	0	0	0.999982
15712	2	metal6	530	332	0	0	0	0.999983
15713	2	metal6	540	332	0	0	0	0.999984
15714	2	metal6	550	332	0	0	0	0.999987
15715	2	metal6	560	332	0	0	0	0.999983
15716	2	metal6	570	332	0	0	0	0.999981
15717	2	metal6	580	332	0	0	0	0.999982
15718	2	metal6	590	332	0	0	0	0.999979
15719	2	metal6	600	332	0	0	0	0.999977
15720	2	metal6	610	332	0	0	0	0.999976
15721	2	metal6	620	332	0	0	0	0.999973
15722	2	metal6	630	332	0	0	0	0.99997
15723	2	metal6	640	332	0	0	0	0.99997
15724	2	metal6	650	332	0	0	0	0.999968
15725	2	metal6	660	332	0	0	0	0.999966
15726	2	metal6	670	332	0	0	0	0.999965
15727	2	metal6	680	332	0	0	0	0.999963
15728	2	metal6	690	332	0	0	0	0.999962
15729	2	metal6	700	332	0	0	0	0.999962
15730	2	metal6	710	332	0	0	0	0.99996
15731	2	metal6	720	332	0	0	0	0.999959
15732	2	metal6	730	332	0	0	0	0.999958
15733	2	metal6	740	332	0	0	0	0.999956
15734	2	metal6	750	332	0	0	0	0.999956
15735	2	metal6	760	332	0	0	0	0.999955
15736	2	metal6	770	332	0	0	0	0.999954
15737	2	metal6	780	332	0	0	0	0.999954
15738	2	metal6	790	332	0	0	0	0.999953
15739	2	metal6	800	332	0	0	0	0.999952
15740	2	metal6	810	332	0	0	0	0.999952
15741	2	metal6	820	332	0	0	0	0.999952
15742	2	metal6	830	332	0	0	0	0.999951
15743	2	metal6	840	332	0	0	0	0.99995
15744	2	metal6	850	332	0	0	0	0.99995
15745	2	metal6	860	332	0	0	0	0.999949
15746	2	metal6	870	332	0	0	0	0.999949
15747	2	metal6	880	332	0	0	0	0.999949
15748	2	metal6	890	332	0	0	0	0.999948
15749	2	metal6	900	332	0	0	0	0.999948
15750	2	metal6	910	332	0	0	0	0.999948
15751	2	metal6	920	332	0	0	0	0.999947
15752	2	metal6	930	332	0	0	0	0.999947
15753	2	metal6	940	332	0	0	0	0.999947
15754	2	metal6	950	332	0	0	0	0.999947
15755	2	metal6	960	332	0	0	0	0.999947
15756	2	metal6	970	332	0	0	0	0.999947
15757	2	metal6	980	332	0	0	0	0.999946
15758	2	metal6	990	332	0	0	0	0.999946
15759	2	metal6	1000	332	0	0	0	0.999946
15760	2	metal6	1010	332	0	0	0	0.999946
15761	2	metal6	1020	332	0	0	0	0.999946
15762	2	metal6	1030	332	0	0	0	0.999946
15763	2	metal6	1040	332	0	0	0	0.999946
15764	2	metal6	1050	332	0	0	0	0.999945
15765	2	metal6	1060	332	0	0	0	0.999945
15766	2	metal6	1070	332	0	0	0	0.999945
15767	2	metal6	1080	332	0	0	0	0.999945
15768	2	metal6	1090	332	0	0	0	0.999945
15769	2	metal6	10	342	0	0	0	0.999944
15770	2	metal6	20	342	0	0	0	0.999943
15771	2	metal6	30	342	0	0	0	0.999944
15772	2	metal6	40	342	0	0	0	0.999944
15773	2	metal6	50	342	0	0	0	0.999944
15774	2	metal6	60	342	0	0	0	0.999944
15775	2	metal6	70	342	0	0	0	0.999944
15776	2	metal6	80	342	0	0	0	0.999944
15777	2	metal6	90	342	0	0	0	0.999944
15778	2	metal6	100	342	0	0	0	0.999945
15779	2	metal6	110	342	0	0	0	0.999945
15780	2	metal6	120	342	0	0	0	0.999945
15781	2	metal6	130	342	0	0	0	0.999945
15782	2	metal6	140	342	0	0	0	0.999946
15783	2	metal6	150	342	0	0	0	0.999946
15784	2	metal6	160	342	0	0	0	0.999946
15785	2	metal6	170	342	0	0	0	0.999946
15786	2	metal6	180	342	0	0	0	0.999947
15787	2	metal6	190	342	0	0	0	0.999947
15788	2	metal6	200	342	0	0	0	0.999948
15789	2	metal6	210	342	0	0	0	0.999948
15790	2	metal6	220	342	0	0	0	0.999949
15791	2	metal6	230	342	0	0	0	0.999949
15792	2	metal6	240	342	0	0	0	0.999949
15793	2	metal6	250	342	0	0	0	0.99995
15794	2	metal6	260	342	0	0	0	0.999951
15795	2	metal6	270	342	0	0	0	0.999951
15796	2	metal6	280	342	0	0	0	0.999952
15797	2	metal6	290	342	0	0	0	0.999952
15798	2	metal6	300	342	0	0	0	0.999953
15799	2	metal6	310	342	0	0	0	0.999954
15800	2	metal6	320	342	0	0	0	0.999955
15801	2	metal6	330	342	0	0	0	0.999955
15802	2	metal6	340	342	0	0	0	0.999957
15803	2	metal6	350	342	0	0	0	0.999956
15804	2	metal6	360	342	0	0	0	0.999958
15805	2	metal6	370	342	0	0	0	0.99996
15806	2	metal6	380	342	0	0	0	0.99996
15807	2	metal6	390	342	0	0	0	0.999961
15808	2	metal6	400	342	0	0	0	0.999962
15809	2	metal6	410	342	0	0	0	0.999963
15810	2	metal6	420	342	0	0	0	0.999965
15811	2	metal6	430	342	0	0	0	0.999967
15812	2	metal6	440	342	0	0	0	0.999967
15813	2	metal6	450	342	0	0	0	0.999968
15814	2	metal6	460	342	0	0	0	0.999971
15815	2	metal6	470	342	0	0	0	0.999971
15816	2	metal6	480	342	0	0	0	0.999973
15817	2	metal6	490	342	0	0	0	0.999977
15818	2	metal6	500	342	0	0	0	0.999976
15819	2	metal6	510	342	0	0	0	0.999976
15820	2	metal6	520	342	0	0	0	0.999984
15821	2	metal6	530	342	0	0	0	0.999982
15822	2	metal6	540	342	0	0	0	0.999984
15823	2	metal6	550	342	0	0	0	0.999991
15824	2	metal6	560	342	0	0	0	0.999982
15825	2	metal6	570	342	0	0	0	0.999979
15826	2	metal6	580	342	0	0	0	0.999983
15827	2	metal6	590	342	0	0	0	0.999978
15828	2	metal6	600	342	0	0	0	0.999977
15829	2	metal6	610	342	0	0	0	0.999977
15830	2	metal6	620	342	0	0	0	0.999972
15831	2	metal6	630	342	0	0	0	0.999969
15832	2	metal6	640	342	0	0	0	0.99997
15833	2	metal6	650	342	0	0	0	0.999967
15834	2	metal6	660	342	0	0	0	0.999966
15835	2	metal6	670	342	0	0	0	0.999966
15836	2	metal6	680	342	0	0	0	0.999962
15837	2	metal6	690	342	0	0	0	0.999961
15838	2	metal6	700	342	0	0	0	0.999962
15839	2	metal6	710	342	0	0	0	0.99996
15840	2	metal6	720	342	0	0	0	0.999959
15841	2	metal6	730	342	0	0	0	0.999958
15842	2	metal6	740	342	0	0	0	0.999956
15843	2	metal6	750	342	0	0	0	0.999956
15844	2	metal6	760	342	0	0	0	0.999956
15845	2	metal6	770	342	0	0	0	0.999954
15846	2	metal6	780	342	0	0	0	0.999953
15847	2	metal6	790	342	0	0	0	0.999953
15848	2	metal6	800	342	0	0	0	0.999952
15849	2	metal6	810	342	0	0	0	0.999952
15850	2	metal6	820	342	0	0	0	0.999952
15851	2	metal6	830	342	0	0	0	0.999951
15852	2	metal6	840	342	0	0	0	0.99995
15853	2	metal6	850	342	0	0	0	0.99995
15854	2	metal6	860	342	0	0	0	0.999949
15855	2	metal6	870	342	0	0	0	0.999949
15856	2	metal6	880	342	0	0	0	0.999949
15857	2	metal6	890	342	0	0	0	0.999949
15858	2	metal6	900	342	0	0	0	0.999948
15859	2	metal6	910	342	0	0	0	0.999948
15860	2	metal6	920	342	0	0	0	0.999948
15861	2	metal6	930	342	0	0	0	0.999947
15862	2	metal6	940	342	0	0	0	0.999947
15863	2	metal6	950	342	0	0	0	0.999947
15864	2	metal6	960	342	0	0	0	0.999947
15865	2	metal6	970	342	0	0	0	0.999947
15866	2	metal6	980	342	0	0	0	0.999946
15867	2	metal6	990	342	0	0	0	0.999946
15868	2	metal6	1000	342	0	0	0	0.999946
15869	2	metal6	1010	342	0	0	0	0.999946
15870	2	metal6	1020	342	0	0	0	0.999946
15871	2	metal6	1030	342	0	0	0	0.999946
15872	2	metal6	1040	342	0	0	0	0.999946
15873	2	metal6	1050	342	0	0	0	0.999946
15874	2	metal6	1060	342	0	0	0	0.999946
15875	2	metal6	1070	342	0	0	0	0.999945
15876	2	metal6	1080	342	0	0	0	0.999945
15877	2	metal6	1090	342	0	0	0	0.999946
15878	2	metal6	10	352	0	0	0	0.999943
15879	2	metal6	20	352	0	0	0	0.999943
15880	2	metal6	30	352	0	0	0	0.999944
15881	2	metal6	40	352	0	0	0	0.999944
15882	2	metal6	50	352	0	0	0	0.999944
15883	2	metal6	60	352	0	0	0	0.999944
15884	2	metal6	70	352	0	0	0	0.999943
15885	2	metal6	80	352	0	0	0	0.999944
15886	2	metal6	90	352	0	0	0	0.999944
15887	2	metal6	100	352	0	0	0	0.999945
15888	2	metal6	110	352	0	0	0	0.999945
15889	2	metal6	120	352	0	0	0	0.999944
15890	2	metal6	130	352	0	0	0	0.999945
15891	2	metal6	140	352	0	0	0	0.999946
15892	2	metal6	150	352	0	0	0	0.999946
15893	2	metal6	160	352	0	0	0	0.999946
15894	2	metal6	170	352	0	0	0	0.999946
15895	2	metal6	180	352	0	0	0	0.999946
15896	2	metal6	190	352	0	0	0	0.999947
15897	2	metal6	200	352	0	0	0	0.999948
15898	2	metal6	210	352	0	0	0	0.999948
15899	2	metal6	220	352	0	0	0	0.999948
15900	2	metal6	230	352	0	0	0	0.999948
15901	2	metal6	240	352	0	0	0	0.999949
15902	2	metal6	250	352	0	0	0	0.99995
15903	2	metal6	260	352	0	0	0	0.999951
15904	2	metal6	270	352	0	0	0	0.999951
15905	2	metal6	280	352	0	0	0	0.999951
15906	2	metal6	290	352	0	0	0	0.999951
15907	2	metal6	300	352	0	0	0	0.999952
15908	2	metal6	310	352	0	0	0	0.999954
15909	2	metal6	320	352	0	0	0	0.999954
15910	2	metal6	330	352	0	0	0	0.999955
15911	2	metal6	340	352	0	0	0	0.999956
15912	2	metal6	350	352	0	0	0	0.999955
15913	2	metal6	360	352	0	0	0	0.999957
15914	2	metal6	370	352	0	0	0	0.999959
15915	2	metal6	380	352	0	0	0	0.999959
15916	2	metal6	390	352	0	0	0	0.99996
15917	2	metal6	400	352	0	0	0	0.99996
15918	2	metal6	410	352	0	0	0	0.999962
15919	2	metal6	420	352	0	0	0	0.999964
15920	2	metal6	430	352	0	0	0	0.999966
15921	2	metal6	440	352	0	0	0	0.999967
15922	2	metal6	450	352	0	0	0	0.999967
15923	2	metal6	460	352	0	0	0	0.999967
15924	2	metal6	470	352	0	0	0	0.99997
15925	2	metal6	480	352	0	0	0	0.999972
15926	2	metal6	490	352	0	0	0	0.999975
15927	2	metal6	500	352	0	0	0	0.999974
15928	2	metal6	510	352	0	0	0	0.999972
15929	2	metal6	520	352	0	0	0	0.99998
15930	2	metal6	530	352	0	0	0	0.999981
15931	2	metal6	540	352	0	0	0	0.999983
15932	2	metal6	550	352	0	0	0	0.999986
15933	2	metal6	560	352	0	0	0	0.99998
15934	2	metal6	570	352	0	0	0	0.999974
15935	2	metal6	580	352	0	0	0	0.999979
15936	2	metal6	590	352	0	0	0	0.999977
15937	2	metal6	600	352	0	0	0	0.999976
15938	2	metal6	610	352	0	0	0	0.999975
15939	2	metal6	620	352	0	0	0	0.999971
15940	2	metal6	630	352	0	0	0	0.999966
15941	2	metal6	640	352	0	0	0	0.999968
15942	2	metal6	650	352	0	0	0	0.999967
15943	2	metal6	660	352	0	0	0	0.999965
15944	2	metal6	670	352	0	0	0	0.999964
15945	2	metal6	680	352	0	0	0	0.999959
15946	2	metal6	690	352	0	0	0	0.99996
15947	2	metal6	700	352	0	0	0	0.999961
15948	2	metal6	710	352	0	0	0	0.99996
15949	2	metal6	720	352	0	0	0	0.999958
15950	2	metal6	730	352	0	0	0	0.999957
15951	2	metal6	740	352	0	0	0	0.999954
15952	2	metal6	750	352	0	0	0	0.999955
15953	2	metal6	760	352	0	0	0	0.999955
15954	2	metal6	770	352	0	0	0	0.999954
15955	2	metal6	780	352	0	0	0	0.999953
15956	2	metal6	790	352	0	0	0	0.999951
15957	2	metal6	800	352	0	0	0	0.999952
15958	2	metal6	810	352	0	0	0	0.999952
15959	2	metal6	820	352	0	0	0	0.999951
15960	2	metal6	830	352	0	0	0	0.999951
15961	2	metal6	840	352	0	0	0	0.99995
15962	2	metal6	850	352	0	0	0	0.999949
15963	2	metal6	860	352	0	0	0	0.999949
15964	2	metal6	870	352	0	0	0	0.999949
15965	2	metal6	880	352	0	0	0	0.999949
15966	2	metal6	890	352	0	0	0	0.999949
15967	2	metal6	900	352	0	0	0	0.999948
15968	2	metal6	910	352	0	0	0	0.999947
15969	2	metal6	920	352	0	0	0	0.999947
15970	2	metal6	930	352	0	0	0	0.999947
15971	2	metal6	940	352	0	0	0	0.999947
15972	2	metal6	950	352	0	0	0	0.999947
15973	2	metal6	960	352	0	0	0	0.999946
15974	2	metal6	970	352	0	0	0	0.999947
15975	2	metal6	980	352	0	0	0	0.999947
15976	2	metal6	990	352	0	0	0	0.999946
15977	2	metal6	1000	352	0	0	0	0.999946
15978	2	metal6	1010	352	0	0	0	0.999946
15979	2	metal6	1020	352	0	0	0	0.999946
15980	2	metal6	1030	352	0	0	0	0.999946
15981	2	metal6	1040	352	0	0	0	0.999946
15982	2	metal6	1050	352	0	0	0	0.999946
15983	2	metal6	1060	352	0	0	0	0.999946
15984	2	metal6	1070	352	0	0	0	0.999945
15985	2	metal6	1080	352	0	0	0	0.999946
15986	2	metal6	1090	352	0	0	0	0.999946
15987	2	metal6	10	362	0	0	0	0.999944
15988	2	metal6	20	362	0	0	0	0.999944
15989	2	metal6	30	362	0	0	0	0.999944
15990	2	metal6	40	362	0	0	0	0.999944
15991	2	metal6	50	362	0	0	0	0.999944
15992	2	metal6	60	362	0	0	0	0.999944
15993	2	metal6	70	362	0	0	0	0.999944
15994	2	metal6	80	362	0	0	0	0.999944
15995	2	metal6	90	362	0	0	0	0.999944
15996	2	metal6	100	362	0	0	0	0.999945
15997	2	metal6	110	362	0	0	0	0.999945
15998	2	metal6	120	362	0	0	0	0.999945
15999	2	metal6	130	362	0	0	0	0.999945
16000	2	metal6	140	362	0	0	0	0.999946
16001	2	metal6	150	362	0	0	0	0.999946
16002	2	metal6	160	362	0	0	0	0.999946
16003	2	metal6	170	362	0	0	0	0.999947
16004	2	metal6	180	362	0	0	0	0.999947
16005	2	metal6	190	362	0	0	0	0.999947
16006	2	metal6	200	362	0	0	0	0.999948
16007	2	metal6	210	362	0	0	0	0.999948
16008	2	metal6	220	362	0	0	0	0.999949
16009	2	metal6	230	362	0	0	0	0.999949
16010	2	metal6	240	362	0	0	0	0.999949
16011	2	metal6	250	362	0	0	0	0.99995
16012	2	metal6	260	362	0	0	0	0.999951
16013	2	metal6	270	362	0	0	0	0.999951
16014	2	metal6	280	362	0	0	0	0.999952
16015	2	metal6	290	362	0	0	0	0.999952
16016	2	metal6	300	362	0	0	0	0.999953
16017	2	metal6	310	362	0	0	0	0.999954
16018	2	metal6	320	362	0	0	0	0.999955
16019	2	metal6	330	362	0	0	0	0.999955
16020	2	metal6	340	362	0	0	0	0.999956
16021	2	metal6	350	362	0	0	0	0.999956
16022	2	metal6	360	362	0	0	0	0.999958
16023	2	metal6	370	362	0	0	0	0.999959
16024	2	metal6	380	362	0	0	0	0.99996
16025	2	metal6	390	362	0	0	0	0.999961
16026	2	metal6	400	362	0	0	0	0.999962
16027	2	metal6	410	362	0	0	0	0.999963
16028	2	metal6	420	362	0	0	0	0.999965
16029	2	metal6	430	362	0	0	0	0.999966
16030	2	metal6	440	362	0	0	0	0.999967
16031	2	metal6	450	362	0	0	0	0.999968
16032	2	metal6	460	362	0	0	0	0.999969
16033	2	metal6	470	362	0	0	0	0.999971
16034	2	metal6	480	362	0	0	0	0.999973
16035	2	metal6	490	362	0	0	0	0.999976
16036	2	metal6	500	362	0	0	0	0.999975
16037	2	metal6	510	362	0	0	0	0.999976
16038	2	metal6	520	362	0	0	0	0.999981
16039	2	metal6	530	362	0	0	0	0.999982
16040	2	metal6	540	362	0	0	0	0.999983
16041	2	metal6	550	362	0	0	0	0.999987
16042	2	metal6	560	362	0	0	0	0.999982
16043	2	metal6	570	362	0	0	0	0.999978
16044	2	metal6	580	362	0	0	0	0.999981
16045	2	metal6	590	362	0	0	0	0.999978
16046	2	metal6	600	362	0	0	0	0.999977
16047	2	metal6	610	362	0	0	0	0.999976
16048	2	metal6	620	362	0	0	0	0.999972
16049	2	metal6	630	362	0	0	0	0.999969
16050	2	metal6	640	362	0	0	0	0.999969
16051	2	metal6	650	362	0	0	0	0.999967
16052	2	metal6	660	362	0	0	0	0.999966
16053	2	metal6	670	362	0	0	0	0.999965
16054	2	metal6	680	362	0	0	0	0.999962
16055	2	metal6	690	362	0	0	0	0.999961
16056	2	metal6	700	362	0	0	0	0.999961
16057	2	metal6	710	362	0	0	0	0.99996
16058	2	metal6	720	362	0	0	0	0.999959
16059	2	metal6	730	362	0	0	0	0.999958
16060	2	metal6	740	362	0	0	0	0.999956
16061	2	metal6	750	362	0	0	0	0.999956
16062	2	metal6	760	362	0	0	0	0.999955
16063	2	metal6	770	362	0	0	0	0.999954
16064	2	metal6	780	362	0	0	0	0.999953
16065	2	metal6	790	362	0	0	0	0.999953
16066	2	metal6	800	362	0	0	0	0.999952
16067	2	metal6	810	362	0	0	0	0.999952
16068	2	metal6	820	362	0	0	0	0.999952
16069	2	metal6	830	362	0	0	0	0.999951
16070	2	metal6	840	362	0	0	0	0.99995
16071	2	metal6	850	362	0	0	0	0.99995
16072	2	metal6	860	362	0	0	0	0.99995
16073	2	metal6	870	362	0	0	0	0.999949
16074	2	metal6	880	362	0	0	0	0.999949
16075	2	metal6	890	362	0	0	0	0.999949
16076	2	metal6	900	362	0	0	0	0.999948
16077	2	metal6	910	362	0	0	0	0.999948
16078	2	metal6	920	362	0	0	0	0.999948
16079	2	metal6	930	362	0	0	0	0.999948
16080	2	metal6	940	362	0	0	0	0.999948
16081	2	metal6	950	362	0	0	0	0.999947
16082	2	metal6	960	362	0	0	0	0.999947
16083	2	metal6	970	362	0	0	0	0.999947
16084	2	metal6	980	362	0	0	0	0.999947
16085	2	metal6	990	362	0	0	0	0.999947
16086	2	metal6	1000	362	0	0	0	0.999947
16087	2	metal6	1010	362	0	0	0	0.999946
16088	2	metal6	1020	362	0	0	0	0.999946
16089	2	metal6	1030	362	0	0	0	0.999946
16090	2	metal6	1040	362	0	0	0	0.999946
16091	2	metal6	1050	362	0	0	0	0.999946
16092	2	metal6	1060	362	0	0	0	0.999946
16093	2	metal6	1070	362	0	0	0	0.999946
16094	2	metal6	1080	362	0	0	0	0.999946
16095	2	metal6	1090	362	0	0	0	0.999946
16096	2	metal6	10	372	0	0	0	0.999944
16097	2	metal6	20	372	0	0	0	0.999944
16098	2	metal6	30	372	0	0	0	0.999944
16099	2	metal6	40	372	0	0	0	0.999944
16100	2	metal6	50	372	0	0	0	0.999944
16101	2	metal6	60	372	0	0	0	0.999944
16102	2	metal6	70	372	0	0	0	0.999945
16103	2	metal6	80	372	0	0	0	0.999944
16104	2	metal6	90	372	0	0	0	0.999945
16105	2	metal6	100	372	0	0	0	0.999945
16106	2	metal6	110	372	0	0	0	0.999945
16107	2	metal6	120	372	0	0	0	0.999945
16108	2	metal6	130	372	0	0	0	0.999946
16109	2	metal6	140	372	0	0	0	0.999946
16110	2	metal6	150	372	0	0	0	0.999946
16111	2	metal6	160	372	0	0	0	0.999947
16112	2	metal6	170	372	0	0	0	0.999947
16113	2	metal6	180	372	0	0	0	0.999947
16114	2	metal6	190	372	0	0	0	0.999948
16115	2	metal6	200	372	0	0	0	0.999948
16116	2	metal6	210	372	0	0	0	0.999948
16117	2	metal6	220	372	0	0	0	0.999949
16118	2	metal6	230	372	0	0	0	0.999949
16119	2	metal6	240	372	0	0	0	0.99995
16120	2	metal6	250	372	0	0	0	0.999951
16121	2	metal6	260	372	0	0	0	0.999951
16122	2	metal6	270	372	0	0	0	0.999951
16123	2	metal6	280	372	0	0	0	0.999952
16124	2	metal6	290	372	0	0	0	0.999952
16125	2	metal6	300	372	0	0	0	0.999953
16126	2	metal6	310	372	0	0	0	0.999954
16127	2	metal6	320	372	0	0	0	0.999955
16128	2	metal6	330	372	0	0	0	0.999955
16129	2	metal6	340	372	0	0	0	0.999957
16130	2	metal6	350	372	0	0	0	0.999957
16131	2	metal6	360	372	0	0	0	0.999958
16132	2	metal6	370	372	0	0	0	0.99996
16133	2	metal6	380	372	0	0	0	0.99996
16134	2	metal6	390	372	0	0	0	0.999961
16135	2	metal6	400	372	0	0	0	0.999963
16136	2	metal6	410	372	0	0	0	0.999963
16137	2	metal6	420	372	0	0	0	0.999965
16138	2	metal6	430	372	0	0	0	0.999967
16139	2	metal6	440	372	0	0	0	0.999967
16140	2	metal6	450	372	0	0	0	0.999969
16141	2	metal6	460	372	0	0	0	0.999971
16142	2	metal6	470	372	0	0	0	0.999972
16143	2	metal6	480	372	0	0	0	0.999973
16144	2	metal6	490	372	0	0	0	0.999977
16145	2	metal6	500	372	0	0	0	0.999976
16146	2	metal6	510	372	0	0	0	0.999978
16147	2	metal6	520	372	0	0	0	0.999984
16148	2	metal6	530	372	0	0	0	0.999982
16149	2	metal6	540	372	0	0	0	0.999984
16150	2	metal6	550	372	0	0	0	0.999991
16151	2	metal6	560	372	0	0	0	0.999983
16152	2	metal6	570	372	0	0	0	0.99998
16153	2	metal6	580	372	0	0	0	0.999984
16154	2	metal6	590	372	0	0	0	0.999979
16155	2	metal6	600	372	0	0	0	0.999977
16156	2	metal6	610	372	0	0	0	0.999977
16157	2	metal6	620	372	0	0	0	0.999973
16158	2	metal6	630	372	0	0	0	0.99997
16159	2	metal6	640	372	0	0	0	0.999971
16160	2	metal6	650	372	0	0	0	0.999968
16161	2	metal6	660	372	0	0	0	0.999966
16162	2	metal6	670	372	0	0	0	0.999966
16163	2	metal6	680	372	0	0	0	0.999963
16164	2	metal6	690	372	0	0	0	0.999962
16165	2	metal6	700	372	0	0	0	0.999962
16166	2	metal6	710	372	0	0	0	0.99996
16167	2	metal6	720	372	0	0	0	0.999959
16168	2	metal6	730	372	0	0	0	0.999959
16169	2	metal6	740	372	0	0	0	0.999957
16170	2	metal6	750	372	0	0	0	0.999956
16171	2	metal6	760	372	0	0	0	0.999956
16172	2	metal6	770	372	0	0	0	0.999955
16173	2	metal6	780	372	0	0	0	0.999954
16174	2	metal6	790	372	0	0	0	0.999954
16175	2	metal6	800	372	0	0	0	0.999953
16176	2	metal6	810	372	0	0	0	0.999952
16177	2	metal6	820	372	0	0	0	0.999952
16178	2	metal6	830	372	0	0	0	0.999951
16179	2	metal6	840	372	0	0	0	0.999951
16180	2	metal6	850	372	0	0	0	0.999951
16181	2	metal6	860	372	0	0	0	0.99995
16182	2	metal6	870	372	0	0	0	0.99995
16183	2	metal6	880	372	0	0	0	0.99995
16184	2	metal6	890	372	0	0	0	0.999949
16185	2	metal6	900	372	0	0	0	0.999949
16186	2	metal6	910	372	0	0	0	0.999949
16187	2	metal6	920	372	0	0	0	0.999948
16188	2	metal6	930	372	0	0	0	0.999948
16189	2	metal6	940	372	0	0	0	0.999948
16190	2	metal6	950	372	0	0	0	0.999947
16191	2	metal6	960	372	0	0	0	0.999947
16192	2	metal6	970	372	0	0	0	0.999947
16193	2	metal6	980	372	0	0	0	0.999947
16194	2	metal6	990	372	0	0	0	0.999947
16195	2	metal6	1000	372	0	0	0	0.999947
16196	2	metal6	1010	372	0	0	0	0.999947
16197	2	metal6	1020	372	0	0	0	0.999946
16198	2	metal6	1030	372	0	0	0	0.999947
16199	2	metal6	1040	372	0	0	0	0.999946
16200	2	metal6	1050	372	0	0	0	0.999946
16201	2	metal6	1060	372	0	0	0	0.999946
16202	2	metal6	1070	372	0	0	0	0.999946
16203	2	metal6	1080	372	0	0	0	0.999946
16204	2	metal6	1090	372	0	0	0	0.999946
16205	2	metal6	10	382	0	0	0	0.999944
16206	2	metal6	20	382	0	0	0	0.999944
16207	2	metal6	30	382	0	0	0	0.999944
16208	2	metal6	40	382	0	0	0	0.999944
16209	2	metal6	50	382	0	0	0	0.999944
16210	2	metal6	60	382	0	0	0	0.999944
16211	2	metal6	70	382	0	0	0	0.999945
16212	2	metal6	80	382	0	0	0	0.999945
16213	2	metal6	90	382	0	0	0	0.999945
16214	2	metal6	100	382	0	0	0	0.999945
16215	2	metal6	110	382	0	0	0	0.999945
16216	2	metal6	120	382	0	0	0	0.999945
16217	2	metal6	130	382	0	0	0	0.999946
16218	2	metal6	140	382	0	0	0	0.999946
16219	2	metal6	150	382	0	0	0	0.999946
16220	2	metal6	160	382	0	0	0	0.999947
16221	2	metal6	170	382	0	0	0	0.999947
16222	2	metal6	180	382	0	0	0	0.999947
16223	2	metal6	190	382	0	0	0	0.999948
16224	2	metal6	200	382	0	0	0	0.999948
16225	2	metal6	210	382	0	0	0	0.999948
16226	2	metal6	220	382	0	0	0	0.999949
16227	2	metal6	230	382	0	0	0	0.999949
16228	2	metal6	240	382	0	0	0	0.99995
16229	2	metal6	250	382	0	0	0	0.99995
16230	2	metal6	260	382	0	0	0	0.999951
16231	2	metal6	270	382	0	0	0	0.999951
16232	2	metal6	280	382	0	0	0	0.999952
16233	2	metal6	290	382	0	0	0	0.999952
16234	2	metal6	300	382	0	0	0	0.999953
16235	2	metal6	310	382	0	0	0	0.999954
16236	2	metal6	320	382	0	0	0	0.999955
16237	2	metal6	330	382	0	0	0	0.999955
16238	2	metal6	340	382	0	0	0	0.999956
16239	2	metal6	350	382	0	0	0	0.999957
16240	2	metal6	360	382	0	0	0	0.999958
16241	2	metal6	370	382	0	0	0	0.999959
16242	2	metal6	380	382	0	0	0	0.99996
16243	2	metal6	390	382	0	0	0	0.999961
16244	2	metal6	400	382	0	0	0	0.999962
16245	2	metal6	410	382	0	0	0	0.999963
16246	2	metal6	420	382	0	0	0	0.999965
16247	2	metal6	430	382	0	0	0	0.999967
16248	2	metal6	440	382	0	0	0	0.999967
16249	2	metal6	450	382	0	0	0	0.999968
16250	2	metal6	460	382	0	0	0	0.99997
16251	2	metal6	470	382	0	0	0	0.999971
16252	2	metal6	480	382	0	0	0	0.999973
16253	2	metal6	490	382	0	0	0	0.999976
16254	2	metal6	500	382	0	0	0	0.999976
16255	2	metal6	510	382	0	0	0	0.999977
16256	2	metal6	520	382	0	0	0	0.999982
16257	2	metal6	530	382	0	0	0	0.999982
16258	2	metal6	540	382	0	0	0	0.999984
16259	2	metal6	550	382	0	0	0	0.999987
16260	2	metal6	560	382	0	0	0	0.999983
16261	2	metal6	570	382	0	0	0	0.99998
16262	2	metal6	580	382	0	0	0	0.999982
16263	2	metal6	590	382	0	0	0	0.999979
16264	2	metal6	600	382	0	0	0	0.999977
16265	2	metal6	610	382	0	0	0	0.999976
16266	2	metal6	620	382	0	0	0	0.999973
16267	2	metal6	630	382	0	0	0	0.99997
16268	2	metal6	640	382	0	0	0	0.99997
16269	2	metal6	650	382	0	0	0	0.999968
16270	2	metal6	660	382	0	0	0	0.999966
16271	2	metal6	670	382	0	0	0	0.999965
16272	2	metal6	680	382	0	0	0	0.999963
16273	2	metal6	690	382	0	0	0	0.999962
16274	2	metal6	700	382	0	0	0	0.999962
16275	2	metal6	710	382	0	0	0	0.99996
16276	2	metal6	720	382	0	0	0	0.999959
16277	2	metal6	730	382	0	0	0	0.999958
16278	2	metal6	740	382	0	0	0	0.999957
16279	2	metal6	750	382	0	0	0	0.999956
16280	2	metal6	760	382	0	0	0	0.999956
16281	2	metal6	770	382	0	0	0	0.999955
16282	2	metal6	780	382	0	0	0	0.999954
16283	2	metal6	790	382	0	0	0	0.999953
16284	2	metal6	800	382	0	0	0	0.999953
16285	2	metal6	810	382	0	0	0	0.999952
16286	2	metal6	820	382	0	0	0	0.999952
16287	2	metal6	830	382	0	0	0	0.999951
16288	2	metal6	840	382	0	0	0	0.999951
16289	2	metal6	850	382	0	0	0	0.999951
16290	2	metal6	860	382	0	0	0	0.99995
16291	2	metal6	870	382	0	0	0	0.99995
16292	2	metal6	880	382	0	0	0	0.99995
16293	2	metal6	890	382	0	0	0	0.999949
16294	2	metal6	900	382	0	0	0	0.999949
16295	2	metal6	910	382	0	0	0	0.999949
16296	2	metal6	920	382	0	0	0	0.999948
16297	2	metal6	930	382	0	0	0	0.999948
16298	2	metal6	940	382	0	0	0	0.999948
16299	2	metal6	950	382	0	0	0	0.999948
16300	2	metal6	960	382	0	0	0	0.999947
16301	2	metal6	970	382	0	0	0	0.999947
16302	2	metal6	980	382	0	0	0	0.999947
16303	2	metal6	990	382	0	0	0	0.999947
16304	2	metal6	1000	382	0	0	0	0.999947
16305	2	metal6	1010	382	0	0	0	0.999947
16306	2	metal6	1020	382	0	0	0	0.999947
16307	2	metal6	1030	382	0	0	0	0.999947
16308	2	metal6	1040	382	0	0	0	0.999947
16309	2	metal6	1050	382	0	0	0	0.999947
16310	2	metal6	1060	382	0	0	0	0.999947
16311	2	metal6	1070	382	0	0	0	0.999946
16312	2	metal6	1080	382	0	0	0	0.999946
16313	2	metal6	1090	382	0	0	0	0.999946
16314	2	metal6	10	392	0	0	0	0.999944
16315	2	metal6	20	392	0	0	0	0.999944
16316	2	metal6	30	392	0	0	0	0.999944
16317	2	metal6	40	392	0	0	0	0.999944
16318	2	metal6	50	392	0	0	0	0.999944
16319	2	metal6	60	392	0	0	0	0.999944
16320	2	metal6	70	392	0	0	0	0.999945
16321	2	metal6	80	392	0	0	0	0.999945
16322	2	metal6	90	392	0	0	0	0.999945
16323	2	metal6	100	392	0	0	0	0.999945
16324	2	metal6	110	392	0	0	0	0.999945
16325	2	metal6	120	392	0	0	0	0.999945
16326	2	metal6	130	392	0	0	0	0.999946
16327	2	metal6	140	392	0	0	0	0.999946
16328	2	metal6	150	392	0	0	0	0.999946
16329	2	metal6	160	392	0	0	0	0.999947
16330	2	metal6	170	392	0	0	0	0.999947
16331	2	metal6	180	392	0	0	0	0.999947
16332	2	metal6	190	392	0	0	0	0.999948
16333	2	metal6	200	392	0	0	0	0.999948
16334	2	metal6	210	392	0	0	0	0.999948
16335	2	metal6	220	392	0	0	0	0.999949
16336	2	metal6	230	392	0	0	0	0.999949
16337	2	metal6	240	392	0	0	0	0.99995
16338	2	metal6	250	392	0	0	0	0.99995
16339	2	metal6	260	392	0	0	0	0.999951
16340	2	metal6	270	392	0	0	0	0.999951
16341	2	metal6	280	392	0	0	0	0.999952
16342	2	metal6	290	392	0	0	0	0.999952
16343	2	metal6	300	392	0	0	0	0.999953
16344	2	metal6	310	392	0	0	0	0.999954
16345	2	metal6	320	392	0	0	0	0.999955
16346	2	metal6	330	392	0	0	0	0.999955
16347	2	metal6	340	392	0	0	0	0.999956
16348	2	metal6	350	392	0	0	0	0.999956
16349	2	metal6	360	392	0	0	0	0.999958
16350	2	metal6	370	392	0	0	0	0.999959
16351	2	metal6	380	392	0	0	0	0.99996
16352	2	metal6	390	392	0	0	0	0.999961
16353	2	metal6	400	392	0	0	0	0.999962
16354	2	metal6	410	392	0	0	0	0.999963
16355	2	metal6	420	392	0	0	0	0.999965
16356	2	metal6	430	392	0	0	0	0.999966
16357	2	metal6	440	392	0	0	0	0.999967
16358	2	metal6	450	392	0	0	0	0.999968
16359	2	metal6	460	392	0	0	0	0.99997
16360	2	metal6	470	392	0	0	0	0.999971
16361	2	metal6	480	392	0	0	0	0.999973
16362	2	metal6	490	392	0	0	0	0.999976
16363	2	metal6	500	392	0	0	0	0.999976
16364	2	metal6	510	392	0	0	0	0.999976
16365	2	metal6	520	392	0	0	0	0.999981
16366	2	metal6	530	392	0	0	0	0.999982
16367	2	metal6	540	392	0	0	0	0.999984
16368	2	metal6	550	392	0	0	0	0.999987
16369	2	metal6	560	392	0	0	0	0.999982
16370	2	metal6	570	392	0	0	0	0.999979
16371	2	metal6	580	392	0	0	0	0.999981
16372	2	metal6	590	392	0	0	0	0.999978
16373	2	metal6	600	392	0	0	0	0.999977
16374	2	metal6	610	392	0	0	0	0.999976
16375	2	metal6	620	392	0	0	0	0.999972
16376	2	metal6	630	392	0	0	0	0.999969
16377	2	metal6	640	392	0	0	0	0.999969
16378	2	metal6	650	392	0	0	0	0.999967
16379	2	metal6	660	392	0	0	0	0.999966
16380	2	metal6	670	392	0	0	0	0.999965
16381	2	metal6	680	392	0	0	0	0.999962
16382	2	metal6	690	392	0	0	0	0.999961
16383	2	metal6	700	392	0	0	0	0.999961
16384	2	metal6	710	392	0	0	0	0.99996
16385	2	metal6	720	392	0	0	0	0.999959
16386	2	metal6	730	392	0	0	0	0.999958
16387	2	metal6	740	392	0	0	0	0.999956
16388	2	metal6	750	392	0	0	0	0.999956
16389	2	metal6	760	392	0	0	0	0.999956
16390	2	metal6	770	392	0	0	0	0.999955
16391	2	metal6	780	392	0	0	0	0.999954
16392	2	metal6	790	392	0	0	0	0.999953
16393	2	metal6	800	392	0	0	0	0.999953
16394	2	metal6	810	392	0	0	0	0.999952
16395	2	metal6	820	392	0	0	0	0.999952
16396	2	metal6	830	392	0	0	0	0.999952
16397	2	metal6	840	392	0	0	0	0.999951
16398	2	metal6	850	392	0	0	0	0.99995
16399	2	metal6	860	392	0	0	0	0.99995
16400	2	metal6	870	392	0	0	0	0.99995
16401	2	metal6	880	392	0	0	0	0.99995
16402	2	metal6	890	392	0	0	0	0.999949
16403	2	metal6	900	392	0	0	0	0.999949
16404	2	metal6	910	392	0	0	0	0.999949
16405	2	metal6	920	392	0	0	0	0.999948
16406	2	metal6	930	392	0	0	0	0.999948
16407	2	metal6	940	392	0	0	0	0.999948
16408	2	metal6	950	392	0	0	0	0.999948
16409	2	metal6	960	392	0	0	0	0.999947
16410	2	metal6	970	392	0	0	0	0.999948
16411	2	metal6	980	392	0	0	0	0.999947
16412	2	metal6	990	392	0	0	0	0.999947
16413	2	metal6	1000	392	0	0	0	0.999947
16414	2	metal6	1010	392	0	0	0	0.999947
16415	2	metal6	1020	392	0	0	0	0.999947
16416	2	metal6	1030	392	0	0	0	0.999947
16417	2	metal6	1040	392	0	0	0	0.999947
16418	2	metal6	1050	392	0	0	0	0.999947
16419	2	metal6	1060	392	0	0	0	0.999947
16420	2	metal6	1070	392	0	0	0	0.999947
16421	2	metal6	1080	392	0	0	0	0.999947
16422	2	metal6	1090	392	0	0	0	0.999947
16423	2	metal6	10	402	0	0	0	0.999944
16424	2	metal6	20	402	0	0	0	0.999944
16425	2	metal6	30	402	0	0	0	0.999944
16426	2	metal6	40	402	0	0	0	0.999945
16427	2	metal6	50	402	0	0	0	0.999945
16428	2	metal6	60	402	0	0	0	0.999944
16429	2	metal6	70	402	0	0	0	0.999945
16430	2	metal6	80	402	0	0	0	0.999945
16431	2	metal6	90	402	0	0	0	0.999945
16432	2	metal6	100	402	0	0	0	0.999945
16433	2	metal6	110	402	0	0	0	0.999945
16434	2	metal6	120	402	0	0	0	0.999945
16435	2	metal6	130	402	0	0	0	0.999946
16436	2	metal6	140	402	0	0	0	0.999946
16437	2	metal6	150	402	0	0	0	0.999946
16438	2	metal6	160	402	0	0	0	0.999947
16439	2	metal6	170	402	0	0	0	0.999947
16440	2	metal6	180	402	0	0	0	0.999947
16441	2	metal6	190	402	0	0	0	0.999948
16442	2	metal6	200	402	0	0	0	0.999948
16443	2	metal6	210	402	0	0	0	0.999948
16444	2	metal6	220	402	0	0	0	0.999949
16445	2	metal6	230	402	0	0	0	0.999949
16446	2	metal6	240	402	0	0	0	0.99995
16447	2	metal6	250	402	0	0	0	0.999951
16448	2	metal6	260	402	0	0	0	0.999951
16449	2	metal6	270	402	0	0	0	0.999951
16450	2	metal6	280	402	0	0	0	0.999952
16451	2	metal6	290	402	0	0	0	0.999951
16452	2	metal6	300	402	0	0	0	0.999953
16453	2	metal6	310	402	0	0	0	0.999954
16454	2	metal6	320	402	0	0	0	0.999955
16455	2	metal6	330	402	0	0	0	0.999955
16456	2	metal6	340	402	0	0	0	0.999956
16457	2	metal6	350	402	0	0	0	0.999955
16458	2	metal6	360	402	0	0	0	0.999957
16459	2	metal6	370	402	0	0	0	0.999959
16460	2	metal6	380	402	0	0	0	0.99996
16461	2	metal6	390	402	0	0	0	0.99996
16462	2	metal6	400	402	0	0	0	0.999961
16463	2	metal6	410	402	0	0	0	0.999963
16464	2	metal6	420	402	0	0	0	0.999964
16465	2	metal6	430	402	0	0	0	0.999967
16466	2	metal6	440	402	0	0	0	0.999967
16467	2	metal6	450	402	0	0	0	0.999967
16468	2	metal6	460	402	0	0	0	0.999969
16469	2	metal6	470	402	0	0	0	0.99997
16470	2	metal6	480	402	0	0	0	0.999973
16471	2	metal6	490	402	0	0	0	0.999976
16472	2	metal6	500	402	0	0	0	0.999974
16473	2	metal6	510	402	0	0	0	0.999973
16474	2	metal6	520	402	0	0	0	0.999983
16475	2	metal6	530	402	0	0	0	0.999982
16476	2	metal6	540	402	0	0	0	0.999984
16477	2	metal6	550	402	0	0	0	0.999991
16478	2	metal6	560	402	0	0	0	0.999981
16479	2	metal6	570	402	0	0	0	0.999975
16480	2	metal6	580	402	0	0	0	0.999982
16481	2	metal6	590	402	0	0	0	0.999978
16482	2	metal6	600	402	0	0	0	0.999977
16483	2	metal6	610	402	0	0	0	0.999977
16484	2	metal6	620	402	0	0	0	0.999971
16485	2	metal6	630	402	0	0	0	0.999966
16486	2	metal6	640	402	0	0	0	0.99997
16487	2	metal6	650	402	0	0	0	0.999967
16488	2	metal6	660	402	0	0	0	0.999966
16489	2	metal6	670	402	0	0	0	0.999965
16490	2	metal6	680	402	0	0	0	0.99996
16491	2	metal6	690	402	0	0	0	0.999961
16492	2	metal6	700	402	0	0	0	0.999962
16493	2	metal6	710	402	0	0	0	0.99996
16494	2	metal6	720	402	0	0	0	0.999959
16495	2	metal6	730	402	0	0	0	0.999958
16496	2	metal6	740	402	0	0	0	0.999955
16497	2	metal6	750	402	0	0	0	0.999956
16498	2	metal6	760	402	0	0	0	0.999956
16499	2	metal6	770	402	0	0	0	0.999955
16500	2	metal6	780	402	0	0	0	0.999954
16501	2	metal6	790	402	0	0	0	0.999953
16502	2	metal6	800	402	0	0	0	0.999953
16503	2	metal6	810	402	0	0	0	0.999952
16504	2	metal6	820	402	0	0	0	0.999952
16505	2	metal6	830	402	0	0	0	0.999952
16506	2	metal6	840	402	0	0	0	0.999951
16507	2	metal6	850	402	0	0	0	0.99995
16508	2	metal6	860	402	0	0	0	0.99995
16509	2	metal6	870	402	0	0	0	0.99995
16510	2	metal6	880	402	0	0	0	0.99995
16511	2	metal6	890	402	0	0	0	0.999949
16512	2	metal6	900	402	0	0	0	0.999949
16513	2	metal6	910	402	0	0	0	0.999949
16514	2	metal6	920	402	0	0	0	0.999948
16515	2	metal6	930	402	0	0	0	0.999948
16516	2	metal6	940	402	0	0	0	0.999948
16517	2	metal6	950	402	0	0	0	0.999948
16518	2	metal6	960	402	0	0	0	0.999947
16519	2	metal6	970	402	0	0	0	0.999948
16520	2	metal6	980	402	0	0	0	0.999948
16521	2	metal6	990	402	0	0	0	0.999948
16522	2	metal6	1000	402	0	0	0	0.999947
16523	2	metal6	1010	402	0	0	0	0.999947
16524	2	metal6	1020	402	0	0	0	0.999947
16525	2	metal6	1030	402	0	0	0	0.999947
16526	2	metal6	1040	402	0	0	0	0.999947
16527	2	metal6	1050	402	0	0	0	0.999947
16528	2	metal6	1060	402	0	0	0	0.999947
16529	2	metal6	1070	402	0	0	0	0.999947
16530	2	metal6	1080	402	0	0	0	0.999947
16531	2	metal6	1090	402	0	0	0	0.999947
16532	2	metal6	10	412	0	0	0	0.999944
16533	2	metal6	20	412	0	0	0	0.999944
16534	2	metal6	30	412	0	0	0	0.999945
16535	2	metal6	40	412	0	0	0	0.999945
16536	2	metal6	50	412	0	0	0	0.999945
16537	2	metal6	60	412	0	0	0	0.999945
16538	2	metal6	70	412	0	0	0	0.999945
16539	2	metal6	80	412	0	0	0	0.999945
16540	2	metal6	90	412	0	0	0	0.999945
16541	2	metal6	100	412	0	0	0	0.999945
16542	2	metal6	110	412	0	0	0	0.999946
16543	2	metal6	120	412	0	0	0	0.999946
16544	2	metal6	130	412	0	0	0	0.999946
16545	2	metal6	140	412	0	0	0	0.999946
16546	2	metal6	150	412	0	0	0	0.999947
16547	2	metal6	160	412	0	0	0	0.999947
16548	2	metal6	170	412	0	0	0	0.999947
16549	2	metal6	180	412	0	0	0	0.999947
16550	2	metal6	190	412	0	0	0	0.999948
16551	2	metal6	200	412	0	0	0	0.999948
16552	2	metal6	210	412	0	0	0	0.999949
16553	2	metal6	220	412	0	0	0	0.999949
16554	2	metal6	230	412	0	0	0	0.999949
16555	2	metal6	240	412	0	0	0	0.99995
16556	2	metal6	250	412	0	0	0	0.999951
16557	2	metal6	260	412	0	0	0	0.999951
16558	2	metal6	270	412	0	0	0	0.999952
16559	2	metal6	280	412	0	0	0	0.999952
16560	2	metal6	290	412	0	0	0	0.999952
16561	2	metal6	300	412	0	0	0	0.999953
16562	2	metal6	310	412	0	0	0	0.999954
16563	2	metal6	320	412	0	0	0	0.999955
16564	2	metal6	330	412	0	0	0	0.999956
16565	2	metal6	340	412	0	0	0	0.999956
16566	2	metal6	350	412	0	0	0	0.999957
16567	2	metal6	360	412	0	0	0	0.999958
16568	2	metal6	370	412	0	0	0	0.999959
16569	2	metal6	380	412	0	0	0	0.99996
16570	2	metal6	390	412	0	0	0	0.999961
16571	2	metal6	400	412	0	0	0	0.999962
16572	2	metal6	410	412	0	0	0	0.999963
16573	2	metal6	420	412	0	0	0	0.999965
16574	2	metal6	430	412	0	0	0	0.999967
16575	2	metal6	440	412	0	0	0	0.999967
16576	2	metal6	450	412	0	0	0	0.999968
16577	2	metal6	460	412	0	0	0	0.99997
16578	2	metal6	470	412	0	0	0	0.999971
16579	2	metal6	480	412	0	0	0	0.999973
16580	2	metal6	490	412	0	0	0	0.999976
16581	2	metal6	500	412	0	0	0	0.999976
16582	2	metal6	510	412	0	0	0	0.999976
16583	2	metal6	520	412	0	0	0	0.999982
16584	2	metal6	530	412	0	0	0	0.999982
16585	2	metal6	540	412	0	0	0	0.999984
16586	2	metal6	550	412	0	0	0	0.999987
16587	2	metal6	560	412	0	0	0	0.999982
16588	2	metal6	570	412	0	0	0	0.999979
16589	2	metal6	580	412	0	0	0	0.999981
16590	2	metal6	590	412	0	0	0	0.999979
16591	2	metal6	600	412	0	0	0	0.999977
16592	2	metal6	610	412	0	0	0	0.999976
16593	2	metal6	620	412	0	0	0	0.999972
16594	2	metal6	630	412	0	0	0	0.999969
16595	2	metal6	640	412	0	0	0	0.99997
16596	2	metal6	650	412	0	0	0	0.999968
16597	2	metal6	660	412	0	0	0	0.999966
16598	2	metal6	670	412	0	0	0	0.999965
16599	2	metal6	680	412	0	0	0	0.999962
16600	2	metal6	690	412	0	0	0	0.999962
16601	2	metal6	700	412	0	0	0	0.999962
16602	2	metal6	710	412	0	0	0	0.99996
16603	2	metal6	720	412	0	0	0	0.999959
16604	2	metal6	730	412	0	0	0	0.999959
16605	2	metal6	740	412	0	0	0	0.999957
16606	2	metal6	750	412	0	0	0	0.999956
16607	2	metal6	760	412	0	0	0	0.999956
16608	2	metal6	770	412	0	0	0	0.999955
16609	2	metal6	780	412	0	0	0	0.999954
16610	2	metal6	790	412	0	0	0	0.999954
16611	2	metal6	800	412	0	0	0	0.999953
16612	2	metal6	810	412	0	0	0	0.999953
16613	2	metal6	820	412	0	0	0	0.999953
16614	2	metal6	830	412	0	0	0	0.999952
16615	2	metal6	840	412	0	0	0	0.999951
16616	2	metal6	850	412	0	0	0	0.999951
16617	2	metal6	860	412	0	0	0	0.999951
16618	2	metal6	870	412	0	0	0	0.99995
16619	2	metal6	880	412	0	0	0	0.99995
16620	2	metal6	890	412	0	0	0	0.99995
16621	2	metal6	900	412	0	0	0	0.999949
16622	2	metal6	910	412	0	0	0	0.999949
16623	2	metal6	920	412	0	0	0	0.999949
16624	2	metal6	930	412	0	0	0	0.999949
16625	2	metal6	940	412	0	0	0	0.999949
16626	2	metal6	950	412	0	0	0	0.999948
16627	2	metal6	960	412	0	0	0	0.999948
16628	2	metal6	970	412	0	0	0	0.999948
16629	2	metal6	980	412	0	0	0	0.999948
16630	2	metal6	990	412	0	0	0	0.999948
16631	2	metal6	1000	412	0	0	0	0.999948
16632	2	metal6	1010	412	0	0	0	0.999947
16633	2	metal6	1020	412	0	0	0	0.999947
16634	2	metal6	1030	412	0	0	0	0.999947
16635	2	metal6	1040	412	0	0	0	0.999947
16636	2	metal6	1050	412	0	0	0	0.999947
16637	2	metal6	1060	412	0	0	0	0.999947
16638	2	metal6	1070	412	0	0	0	0.999947
16639	2	metal6	1080	412	0	0	0	0.999947
16640	2	metal6	1090	412	0	0	0	0.999947
16641	2	metal6	10	422	0	0	0	0.999945
16642	2	metal6	20	422	0	0	0	0.999945
16643	2	metal6	30	422	0	0	0	0.999945
16644	2	metal6	40	422	0	0	0	0.999945
16645	2	metal6	50	422	0	0	0	0.999945
16646	2	metal6	60	422	0	0	0	0.999945
16647	2	metal6	70	422	0	0	0	0.999945
16648	2	metal6	80	422	0	0	0	0.999945
16649	2	metal6	90	422	0	0	0	0.999945
16650	2	metal6	100	422	0	0	0	0.999946
16651	2	metal6	110	422	0	0	0	0.999946
16652	2	metal6	120	422	0	0	0	0.999946
16653	2	metal6	130	422	0	0	0	0.999946
16654	2	metal6	140	422	0	0	0	0.999946
16655	2	metal6	150	422	0	0	0	0.999947
16656	2	metal6	160	422	0	0	0	0.999947
16657	2	metal6	170	422	0	0	0	0.999947
16658	2	metal6	180	422	0	0	0	0.999948
16659	2	metal6	190	422	0	0	0	0.999948
16660	2	metal6	200	422	0	0	0	0.999948
16661	2	metal6	210	422	0	0	0	0.999949
16662	2	metal6	220	422	0	0	0	0.999949
16663	2	metal6	230	422	0	0	0	0.999949
16664	2	metal6	240	422	0	0	0	0.99995
16665	2	metal6	250	422	0	0	0	0.999951
16666	2	metal6	260	422	0	0	0	0.999951
16667	2	metal6	270	422	0	0	0	0.999952
16668	2	metal6	280	422	0	0	0	0.999952
16669	2	metal6	290	422	0	0	0	0.999953
16670	2	metal6	300	422	0	0	0	0.999954
16671	2	metal6	310	422	0	0	0	0.999955
16672	2	metal6	320	422	0	0	0	0.999955
16673	2	metal6	330	422	0	0	0	0.999956
16674	2	metal6	340	422	0	0	0	0.999957
16675	2	metal6	350	422	0	0	0	0.999957
16676	2	metal6	360	422	0	0	0	0.999958
16677	2	metal6	370	422	0	0	0	0.99996
16678	2	metal6	380	422	0	0	0	0.99996
16679	2	metal6	390	422	0	0	0	0.999961
16680	2	metal6	400	422	0	0	0	0.999963
16681	2	metal6	410	422	0	0	0	0.999964
16682	2	metal6	420	422	0	0	0	0.999965
16683	2	metal6	430	422	0	0	0	0.999967
16684	2	metal6	440	422	0	0	0	0.999968
16685	2	metal6	450	422	0	0	0	0.999969
16686	2	metal6	460	422	0	0	0	0.999971
16687	2	metal6	470	422	0	0	0	0.999972
16688	2	metal6	480	422	0	0	0	0.999974
16689	2	metal6	490	422	0	0	0	0.999977
16690	2	metal6	500	422	0	0	0	0.999977
16691	2	metal6	510	422	0	0	0	0.999978
16692	2	metal6	520	422	0	0	0	0.999983
16693	2	metal6	530	422	0	0	0	0.999983
16694	2	metal6	540	422	0	0	0	0.999984
16695	2	metal6	550	422	0	0	0	0.999988
16696	2	metal6	560	422	0	0	0	0.999983
16697	2	metal6	570	422	0	0	0	0.999981
16698	2	metal6	580	422	0	0	0	0.999982
16699	2	metal6	590	422	0	0	0	0.999979
16700	2	metal6	600	422	0	0	0	0.999978
16701	2	metal6	610	422	0	0	0	0.999977
16702	2	metal6	620	422	0	0	0	0.999973
16703	2	metal6	630	422	0	0	0	0.999971
16704	2	metal6	640	422	0	0	0	0.999971
16705	2	metal6	650	422	0	0	0	0.999968
16706	2	metal6	660	422	0	0	0	0.999967
16707	2	metal6	670	422	0	0	0	0.999966
16708	2	metal6	680	422	0	0	0	0.999963
16709	2	metal6	690	422	0	0	0	0.999963
16710	2	metal6	700	422	0	0	0	0.999962
16711	2	metal6	710	422	0	0	0	0.999961
16712	2	metal6	720	422	0	0	0	0.99996
16713	2	metal6	730	422	0	0	0	0.999959
16714	2	metal6	740	422	0	0	0	0.999957
16715	2	metal6	750	422	0	0	0	0.999957
16716	2	metal6	760	422	0	0	0	0.999957
16717	2	metal6	770	422	0	0	0	0.999956
16718	2	metal6	780	422	0	0	0	0.999955
16719	2	metal6	790	422	0	0	0	0.999954
16720	2	metal6	800	422	0	0	0	0.999954
16721	2	metal6	810	422	0	0	0	0.999953
16722	2	metal6	820	422	0	0	0	0.999953
16723	2	metal6	830	422	0	0	0	0.999952
16724	2	metal6	840	422	0	0	0	0.999952
16725	2	metal6	850	422	0	0	0	0.999952
16726	2	metal6	860	422	0	0	0	0.999951
16727	2	metal6	870	422	0	0	0	0.999951
16728	2	metal6	880	422	0	0	0	0.999951
16729	2	metal6	890	422	0	0	0	0.99995
16730	2	metal6	900	422	0	0	0	0.99995
16731	2	metal6	910	422	0	0	0	0.99995
16732	2	metal6	920	422	0	0	0	0.999949
16733	2	metal6	930	422	0	0	0	0.999949
16734	2	metal6	940	422	0	0	0	0.999949
16735	2	metal6	950	422	0	0	0	0.999949
16736	2	metal6	960	422	0	0	0	0.999948
16737	2	metal6	970	422	0	0	0	0.999948
16738	2	metal6	980	422	0	0	0	0.999948
16739	2	metal6	990	422	0	0	0	0.999948
16740	2	metal6	1000	422	0	0	0	0.999948
16741	2	metal6	1010	422	0	0	0	0.999948
16742	2	metal6	1020	422	0	0	0	0.999948
16743	2	metal6	1030	422	0	0	0	0.999948
16744	2	metal6	1040	422	0	0	0	0.999948
16745	2	metal6	1050	422	0	0	0	0.999948
16746	2	metal6	1060	422	0	0	0	0.999948
16747	2	metal6	1070	422	0	0	0	0.999947
16748	2	metal6	1080	422	0	0	0	0.999947
16749	2	metal6	1090	422	0	0	0	0.999947
16750	2	metal6	10	432	0	0	0	0.999945
16751	2	metal6	20	432	0	0	0	0.999945
16752	2	metal6	30	432	0	0	0	0.999945
16753	2	metal6	40	432	0	0	0	0.999945
16754	2	metal6	50	432	0	0	0	0.999945
16755	2	metal6	60	432	0	0	0	0.999945
16756	2	metal6	70	432	0	0	0	0.999945
16757	2	metal6	80	432	0	0	0	0.999945
16758	2	metal6	90	432	0	0	0	0.999946
16759	2	metal6	100	432	0	0	0	0.999946
16760	2	metal6	110	432	0	0	0	0.999946
16761	2	metal6	120	432	0	0	0	0.999946
16762	2	metal6	130	432	0	0	0	0.999947
16763	2	metal6	140	432	0	0	0	0.999947
16764	2	metal6	150	432	0	0	0	0.999947
16765	2	metal6	160	432	0	0	0	0.999947
16766	2	metal6	170	432	0	0	0	0.999947
16767	2	metal6	180	432	0	0	0	0.999948
16768	2	metal6	190	432	0	0	0	0.999948
16769	2	metal6	200	432	0	0	0	0.999948
16770	2	metal6	210	432	0	0	0	0.999949
16771	2	metal6	220	432	0	0	0	0.99995
16772	2	metal6	230	432	0	0	0	0.99995
16773	2	metal6	240	432	0	0	0	0.99995
16774	2	metal6	250	432	0	0	0	0.999951
16775	2	metal6	260	432	0	0	0	0.999951
16776	2	metal6	270	432	0	0	0	0.999952
16777	2	metal6	280	432	0	0	0	0.999953
16778	2	metal6	290	432	0	0	0	0.999953
16779	2	metal6	300	432	0	0	0	0.999954
16780	2	metal6	310	432	0	0	0	0.999955
16781	2	metal6	320	432	0	0	0	0.999955
16782	2	metal6	330	432	0	0	0	0.999956
16783	2	metal6	340	432	0	0	0	0.999957
16784	2	metal6	350	432	0	0	0	0.999957
16785	2	metal6	360	432	0	0	0	0.999958
16786	2	metal6	370	432	0	0	0	0.99996
16787	2	metal6	380	432	0	0	0	0.999961
16788	2	metal6	390	432	0	0	0	0.999962
16789	2	metal6	400	432	0	0	0	0.999964
16790	2	metal6	410	432	0	0	0	0.999964
16791	2	metal6	420	432	0	0	0	0.999965
16792	2	metal6	430	432	0	0	0	0.999968
16793	2	metal6	440	432	0	0	0	0.999968
16794	2	metal6	450	432	0	0	0	0.999969
16795	2	metal6	460	432	0	0	0	0.999972
16796	2	metal6	470	432	0	0	0	0.999972
16797	2	metal6	480	432	0	0	0	0.999974
16798	2	metal6	490	432	0	0	0	0.999978
16799	2	metal6	500	432	0	0	0	0.999977
16800	2	metal6	510	432	0	0	0	0.999979
16801	2	metal6	520	432	0	0	0	0.999985
16802	2	metal6	530	432	0	0	0	0.999983
16803	2	metal6	540	432	0	0	0	0.999985
16804	2	metal6	550	432	0	0	0	0.999992
16805	2	metal6	560	432	0	0	0	0.999984
16806	2	metal6	570	432	0	0	0	0.999982
16807	2	metal6	580	432	0	0	0	0.999985
16808	2	metal6	590	432	0	0	0	0.99998
16809	2	metal6	600	432	0	0	0	0.999978
16810	2	metal6	610	432	0	0	0	0.999978
16811	2	metal6	620	432	0	0	0	0.999974
16812	2	metal6	630	432	0	0	0	0.999972
16813	2	metal6	640	432	0	0	0	0.999972
16814	2	metal6	650	432	0	0	0	0.999969
16815	2	metal6	660	432	0	0	0	0.999967
16816	2	metal6	670	432	0	0	0	0.999967
16817	2	metal6	680	432	0	0	0	0.999964
16818	2	metal6	690	432	0	0	0	0.999963
16819	2	metal6	700	432	0	0	0	0.999963
16820	2	metal6	710	432	0	0	0	0.999961
16821	2	metal6	720	432	0	0	0	0.99996
16822	2	metal6	730	432	0	0	0	0.99996
16823	2	metal6	740	432	0	0	0	0.999958
16824	2	metal6	750	432	0	0	0	0.999957
16825	2	metal6	760	432	0	0	0	0.999957
16826	2	metal6	770	432	0	0	0	0.999956
16827	2	metal6	780	432	0	0	0	0.999955
16828	2	metal6	790	432	0	0	0	0.999955
16829	2	metal6	800	432	0	0	0	0.999954
16830	2	metal6	810	432	0	0	0	0.999954
16831	2	metal6	820	432	0	0	0	0.999954
16832	2	metal6	830	432	0	0	0	0.999953
16833	2	metal6	840	432	0	0	0	0.999952
16834	2	metal6	850	432	0	0	0	0.999952
16835	2	metal6	860	432	0	0	0	0.999951
16836	2	metal6	870	432	0	0	0	0.999951
16837	2	metal6	880	432	0	0	0	0.999951
16838	2	metal6	890	432	0	0	0	0.99995
16839	2	metal6	900	432	0	0	0	0.99995
16840	2	metal6	910	432	0	0	0	0.99995
16841	2	metal6	920	432	0	0	0	0.99995
16842	2	metal6	930	432	0	0	0	0.999949
16843	2	metal6	940	432	0	0	0	0.999949
16844	2	metal6	950	432	0	0	0	0.999949
16845	2	metal6	960	432	0	0	0	0.999949
16846	2	metal6	970	432	0	0	0	0.999949
16847	2	metal6	980	432	0	0	0	0.999948
16848	2	metal6	990	432	0	0	0	0.999948
16849	2	metal6	1000	432	0	0	0	0.999948
16850	2	metal6	1010	432	0	0	0	0.999948
16851	2	metal6	1020	432	0	0	0	0.999948
16852	2	metal6	1030	432	0	0	0	0.999948
16853	2	metal6	1040	432	0	0	0	0.999948
16854	2	metal6	1050	432	0	0	0	0.999948
16855	2	metal6	1060	432	0	0	0	0.999948
16856	2	metal6	1070	432	0	0	0	0.999948
16857	2	metal6	1080	432	0	0	0	0.999948
16858	2	metal6	1090	432	0	0	0	0.999948
16859	2	metal6	10	442	0	0	0	0.999945
16860	2	metal6	20	442	0	0	0	0.999945
16861	2	metal6	30	442	0	0	0	0.999945
16862	2	metal6	40	442	0	0	0	0.999945
16863	2	metal6	50	442	0	0	0	0.999945
16864	2	metal6	60	442	0	0	0	0.999945
16865	2	metal6	70	442	0	0	0	0.999945
16866	2	metal6	80	442	0	0	0	0.999945
16867	2	metal6	90	442	0	0	0	0.999946
16868	2	metal6	100	442	0	0	0	0.999946
16869	2	metal6	110	442	0	0	0	0.999946
16870	2	metal6	120	442	0	0	0	0.999946
16871	2	metal6	130	442	0	0	0	0.999946
16872	2	metal6	140	442	0	0	0	0.999947
16873	2	metal6	150	442	0	0	0	0.999947
16874	2	metal6	160	442	0	0	0	0.999947
16875	2	metal6	170	442	0	0	0	0.999947
16876	2	metal6	180	442	0	0	0	0.999948
16877	2	metal6	190	442	0	0	0	0.999948
16878	2	metal6	200	442	0	0	0	0.999948
16879	2	metal6	210	442	0	0	0	0.999949
16880	2	metal6	220	442	0	0	0	0.999949
16881	2	metal6	230	442	0	0	0	0.99995
16882	2	metal6	240	442	0	0	0	0.99995
16883	2	metal6	250	442	0	0	0	0.999951
16884	2	metal6	260	442	0	0	0	0.999951
16885	2	metal6	270	442	0	0	0	0.999952
16886	2	metal6	280	442	0	0	0	0.999953
16887	2	metal6	290	442	0	0	0	0.999953
16888	2	metal6	300	442	0	0	0	0.999954
16889	2	metal6	310	442	0	0	0	0.999955
16890	2	metal6	320	442	0	0	0	0.999955
16891	2	metal6	330	442	0	0	0	0.999956
16892	2	metal6	340	442	0	0	0	0.999957
16893	2	metal6	350	442	0	0	0	0.999957
16894	2	metal6	360	442	0	0	0	0.999958
16895	2	metal6	370	442	0	0	0	0.99996
16896	2	metal6	380	442	0	0	0	0.99996
16897	2	metal6	390	442	0	0	0	0.999961
16898	2	metal6	400	442	0	0	0	0.999963
16899	2	metal6	410	442	0	0	0	0.999964
16900	2	metal6	420	442	0	0	0	0.999965
16901	2	metal6	430	442	0	0	0	0.999967
16902	2	metal6	440	442	0	0	0	0.999968
16903	2	metal6	450	442	0	0	0	0.999969
16904	2	metal6	460	442	0	0	0	0.999971
16905	2	metal6	470	442	0	0	0	0.999972
16906	2	metal6	480	442	0	0	0	0.999974
16907	2	metal6	490	442	0	0	0	0.999977
16908	2	metal6	500	442	0	0	0	0.999977
16909	2	metal6	510	442	0	0	0	0.999978
16910	2	metal6	520	442	0	0	0	0.999983
16911	2	metal6	530	442	0	0	0	0.999983
16912	2	metal6	540	442	0	0	0	0.999984
16913	2	metal6	550	442	0	0	0	0.999988
16914	2	metal6	560	442	0	0	0	0.999983
16915	2	metal6	570	442	0	0	0	0.999981
16916	2	metal6	580	442	0	0	0	0.999982
16917	2	metal6	590	442	0	0	0	0.999979
16918	2	metal6	600	442	0	0	0	0.999978
16919	2	metal6	610	442	0	0	0	0.999977
16920	2	metal6	620	442	0	0	0	0.999973
16921	2	metal6	630	442	0	0	0	0.999971
16922	2	metal6	640	442	0	0	0	0.999971
16923	2	metal6	650	442	0	0	0	0.999968
16924	2	metal6	660	442	0	0	0	0.999967
16925	2	metal6	670	442	0	0	0	0.999966
16926	2	metal6	680	442	0	0	0	0.999963
16927	2	metal6	690	442	0	0	0	0.999963
16928	2	metal6	700	442	0	0	0	0.999962
16929	2	metal6	710	442	0	0	0	0.999961
16930	2	metal6	720	442	0	0	0	0.99996
16931	2	metal6	730	442	0	0	0	0.999959
16932	2	metal6	740	442	0	0	0	0.999958
16933	2	metal6	750	442	0	0	0	0.999957
16934	2	metal6	760	442	0	0	0	0.999957
16935	2	metal6	770	442	0	0	0	0.999956
16936	2	metal6	780	442	0	0	0	0.999955
16937	2	metal6	790	442	0	0	0	0.999955
16938	2	metal6	800	442	0	0	0	0.999954
16939	2	metal6	810	442	0	0	0	0.999954
16940	2	metal6	820	442	0	0	0	0.999953
16941	2	metal6	830	442	0	0	0	0.999953
16942	2	metal6	840	442	0	0	0	0.999952
16943	2	metal6	850	442	0	0	0	0.999952
16944	2	metal6	860	442	0	0	0	0.999952
16945	2	metal6	870	442	0	0	0	0.999951
16946	2	metal6	880	442	0	0	0	0.999951
16947	2	metal6	890	442	0	0	0	0.999951
16948	2	metal6	900	442	0	0	0	0.99995
16949	2	metal6	910	442	0	0	0	0.99995
16950	2	metal6	920	442	0	0	0	0.99995
16951	2	metal6	930	442	0	0	0	0.99995
16952	2	metal6	940	442	0	0	0	0.999949
16953	2	metal6	950	442	0	0	0	0.999949
16954	2	metal6	960	442	0	0	0	0.999949
16955	2	metal6	970	442	0	0	0	0.999949
16956	2	metal6	980	442	0	0	0	0.999949
16957	2	metal6	990	442	0	0	0	0.999949
16958	2	metal6	1000	442	0	0	0	0.999948
16959	2	metal6	1010	442	0	0	0	0.999948
16960	2	metal6	1020	442	0	0	0	0.999948
16961	2	metal6	1030	442	0	0	0	0.999948
16962	2	metal6	1040	442	0	0	0	0.999948
16963	2	metal6	1050	442	0	0	0	0.999948
16964	2	metal6	1060	442	0	0	0	0.999948
16965	2	metal6	1070	442	0	0	0	0.999948
16966	2	metal6	1080	442	0	0	0	0.999948
16967	2	metal6	1090	442	0	0	0	0.999948
16968	2	metal6	10	452	0	0	0	0.999945
16969	2	metal6	20	452	0	0	0	0.999945
16970	2	metal6	30	452	0	0	0	0.999945
16971	2	metal6	40	452	0	0	0	0.999945
16972	2	metal6	50	452	0	0	0	0.999945
16973	2	metal6	60	452	0	0	0	0.999945
16974	2	metal6	70	452	0	0	0	0.999945
16975	2	metal6	80	452	0	0	0	0.999945
16976	2	metal6	90	452	0	0	0	0.999946
16977	2	metal6	100	452	0	0	0	0.999946
16978	2	metal6	110	452	0	0	0	0.999946
16979	2	metal6	120	452	0	0	0	0.999946
16980	2	metal6	130	452	0	0	0	0.999946
16981	2	metal6	140	452	0	0	0	0.999947
16982	2	metal6	150	452	0	0	0	0.999947
16983	2	metal6	160	452	0	0	0	0.999947
16984	2	metal6	170	452	0	0	0	0.999947
16985	2	metal6	180	452	0	0	0	0.999947
16986	2	metal6	190	452	0	0	0	0.999948
16987	2	metal6	200	452	0	0	0	0.999948
16988	2	metal6	210	452	0	0	0	0.999949
16989	2	metal6	220	452	0	0	0	0.999949
16990	2	metal6	230	452	0	0	0	0.999949
16991	2	metal6	240	452	0	0	0	0.99995
16992	2	metal6	250	452	0	0	0	0.999951
16993	2	metal6	260	452	0	0	0	0.999951
16994	2	metal6	270	452	0	0	0	0.999952
16995	2	metal6	280	452	0	0	0	0.999952
16996	2	metal6	290	452	0	0	0	0.999952
16997	2	metal6	300	452	0	0	0	0.999953
16998	2	metal6	310	452	0	0	0	0.999955
16999	2	metal6	320	452	0	0	0	0.999955
17000	2	metal6	330	452	0	0	0	0.999956
17001	2	metal6	340	452	0	0	0	0.999957
17002	2	metal6	350	452	0	0	0	0.999957
17003	2	metal6	360	452	0	0	0	0.999958
17004	2	metal6	370	452	0	0	0	0.999959
17005	2	metal6	380	452	0	0	0	0.99996
17006	2	metal6	390	452	0	0	0	0.999961
17007	2	metal6	400	452	0	0	0	0.999962
17008	2	metal6	410	452	0	0	0	0.999963
17009	2	metal6	420	452	0	0	0	0.999965
17010	2	metal6	430	452	0	0	0	0.999967
17011	2	metal6	440	452	0	0	0	0.999968
17012	2	metal6	450	452	0	0	0	0.999968
17013	2	metal6	460	452	0	0	0	0.99997
17014	2	metal6	470	452	0	0	0	0.999971
17015	2	metal6	480	452	0	0	0	0.999973
17016	2	metal6	490	452	0	0	0	0.999976
17017	2	metal6	500	452	0	0	0	0.999976
17018	2	metal6	510	452	0	0	0	0.999976
17019	2	metal6	520	452	0	0	0	0.999982
17020	2	metal6	530	452	0	0	0	0.999982
17021	2	metal6	540	452	0	0	0	0.999984
17022	2	metal6	550	452	0	0	0	0.999987
17023	2	metal6	560	452	0	0	0	0.999982
17024	2	metal6	570	452	0	0	0	0.999979
17025	2	metal6	580	452	0	0	0	0.999982
17026	2	metal6	590	452	0	0	0	0.999979
17027	2	metal6	600	452	0	0	0	0.999977
17028	2	metal6	610	452	0	0	0	0.999976
17029	2	metal6	620	452	0	0	0	0.999973
17030	2	metal6	630	452	0	0	0	0.99997
17031	2	metal6	640	452	0	0	0	0.99997
17032	2	metal6	650	452	0	0	0	0.999968
17033	2	metal6	660	452	0	0	0	0.999967
17034	2	metal6	670	452	0	0	0	0.999965
17035	2	metal6	680	452	0	0	0	0.999962
17036	2	metal6	690	452	0	0	0	0.999962
17037	2	metal6	700	452	0	0	0	0.999962
17038	2	metal6	710	452	0	0	0	0.999961
17039	2	metal6	720	452	0	0	0	0.99996
17040	2	metal6	730	452	0	0	0	0.999959
17041	2	metal6	740	452	0	0	0	0.999957
17042	2	metal6	750	452	0	0	0	0.999957
17043	2	metal6	760	452	0	0	0	0.999957
17044	2	metal6	770	452	0	0	0	0.999956
17045	2	metal6	780	452	0	0	0	0.999955
17046	2	metal6	790	452	0	0	0	0.999955
17047	2	metal6	800	452	0	0	0	0.999954
17048	2	metal6	810	452	0	0	0	0.999954
17049	2	metal6	820	452	0	0	0	0.999954
17050	2	metal6	830	452	0	0	0	0.999953
17051	2	metal6	840	452	0	0	0	0.999952
17052	2	metal6	850	452	0	0	0	0.999952
17053	2	metal6	860	452	0	0	0	0.999952
17054	2	metal6	870	452	0	0	0	0.999951
17055	2	metal6	880	452	0	0	0	0.999951
17056	2	metal6	890	452	0	0	0	0.999951
17057	2	metal6	900	452	0	0	0	0.99995
17058	2	metal6	910	452	0	0	0	0.99995
17059	2	metal6	920	452	0	0	0	0.99995
17060	2	metal6	930	452	0	0	0	0.99995
17061	2	metal6	940	452	0	0	0	0.99995
17062	2	metal6	950	452	0	0	0	0.999949
17063	2	metal6	960	452	0	0	0	0.999949
17064	2	metal6	970	452	0	0	0	0.999949
17065	2	metal6	980	452	0	0	0	0.999949
17066	2	metal6	990	452	0	0	0	0.999949
17067	2	metal6	1000	452	0	0	0	0.999949
17068	2	metal6	1010	452	0	0	0	0.999948
17069	2	metal6	1020	452	0	0	0	0.999948
17070	2	metal6	1030	452	0	0	0	0.999948
17071	2	metal6	1040	452	0	0	0	0.999948
17072	2	metal6	1050	452	0	0	0	0.999948
17073	2	metal6	1060	452	0	0	0	0.999948
17074	2	metal6	1070	452	0	0	0	0.999948
17075	2	metal6	1080	452	0	0	0	0.999948
17076	2	metal6	1090	452	0	0	0	0.999948
17077	2	metal6	10	462	0	0	0	0.999945
17078	2	metal6	20	462	0	0	0	0.999945
17079	2	metal6	30	462	0	0	0	0.999945
17080	2	metal6	40	462	0	0	0	0.999945
17081	2	metal6	50	462	0	0	0	0.999945
17082	2	metal6	60	462	0	0	0	0.999945
17083	2	metal6	70	462	0	0	0	0.999945
17084	2	metal6	80	462	0	0	0	0.999945
17085	2	metal6	90	462	0	0	0	0.999946
17086	2	metal6	100	462	0	0	0	0.999946
17087	2	metal6	110	462	0	0	0	0.999946
17088	2	metal6	120	462	0	0	0	0.999946
17089	2	metal6	130	462	0	0	0	0.999946
17090	2	metal6	140	462	0	0	0	0.999947
17091	2	metal6	150	462	0	0	0	0.999947
17092	2	metal6	160	462	0	0	0	0.999947
17093	2	metal6	170	462	0	0	0	0.999947
17094	2	metal6	180	462	0	0	0	0.999947
17095	2	metal6	190	462	0	0	0	0.999948
17096	2	metal6	200	462	0	0	0	0.999948
17097	2	metal6	210	462	0	0	0	0.999949
17098	2	metal6	220	462	0	0	0	0.999949
17099	2	metal6	230	462	0	0	0	0.999949
17100	2	metal6	240	462	0	0	0	0.99995
17101	2	metal6	250	462	0	0	0	0.999951
17102	2	metal6	260	462	0	0	0	0.999951
17103	2	metal6	270	462	0	0	0	0.999952
17104	2	metal6	280	462	0	0	0	0.999952
17105	2	metal6	290	462	0	0	0	0.999952
17106	2	metal6	300	462	0	0	0	0.999953
17107	2	metal6	310	462	0	0	0	0.999955
17108	2	metal6	320	462	0	0	0	0.999955
17109	2	metal6	330	462	0	0	0	0.999956
17110	2	metal6	340	462	0	0	0	0.999957
17111	2	metal6	350	462	0	0	0	0.999956
17112	2	metal6	360	462	0	0	0	0.999958
17113	2	metal6	370	462	0	0	0	0.99996
17114	2	metal6	380	462	0	0	0	0.99996
17115	2	metal6	390	462	0	0	0	0.99996
17116	2	metal6	400	462	0	0	0	0.999962
17117	2	metal6	410	462	0	0	0	0.999963
17118	2	metal6	420	462	0	0	0	0.999965
17119	2	metal6	430	462	0	0	0	0.999967
17120	2	metal6	440	462	0	0	0	0.999967
17121	2	metal6	450	462	0	0	0	0.999967
17122	2	metal6	460	462	0	0	0	0.999969
17123	2	metal6	470	462	0	0	0	0.99997
17124	2	metal6	480	462	0	0	0	0.999973
17125	2	metal6	490	462	0	0	0	0.999977
17126	2	metal6	500	462	0	0	0	0.999974
17127	2	metal6	510	462	0	0	0	0.999973
17128	2	metal6	520	462	0	0	0	0.999983
17129	2	metal6	530	462	0	0	0	0.999982
17130	2	metal6	540	462	0	0	0	0.999984
17131	2	metal6	550	462	0	0	0	0.999991
17132	2	metal6	560	462	0	0	0	0.999981
17133	2	metal6	570	462	0	0	0	0.999975
17134	2	metal6	580	462	0	0	0	0.999982
17135	2	metal6	590	462	0	0	0	0.999978
17136	2	metal6	600	462	0	0	0	0.999977
17137	2	metal6	610	462	0	0	0	0.999977
17138	2	metal6	620	462	0	0	0	0.999972
17139	2	metal6	630	462	0	0	0	0.999967
17140	2	metal6	640	462	0	0	0	0.99997
17141	2	metal6	650	462	0	0	0	0.999968
17142	2	metal6	660	462	0	0	0	0.999966
17143	2	metal6	670	462	0	0	0	0.999965
17144	2	metal6	680	462	0	0	0	0.99996
17145	2	metal6	690	462	0	0	0	0.999961
17146	2	metal6	700	462	0	0	0	0.999962
17147	2	metal6	710	462	0	0	0	0.999961
17148	2	metal6	720	462	0	0	0	0.99996
17149	2	metal6	730	462	0	0	0	0.999959
17150	2	metal6	740	462	0	0	0	0.999956
17151	2	metal6	750	462	0	0	0	0.999957
17152	2	metal6	760	462	0	0	0	0.999957
17153	2	metal6	770	462	0	0	0	0.999956
17154	2	metal6	780	462	0	0	0	0.999955
17155	2	metal6	790	462	0	0	0	0.999954
17156	2	metal6	800	462	0	0	0	0.999954
17157	2	metal6	810	462	0	0	0	0.999954
17158	2	metal6	820	462	0	0	0	0.999954
17159	2	metal6	830	462	0	0	0	0.999953
17160	2	metal6	840	462	0	0	0	0.999952
17161	2	metal6	850	462	0	0	0	0.999952
17162	2	metal6	860	462	0	0	0	0.999952
17163	2	metal6	870	462	0	0	0	0.999951
17164	2	metal6	880	462	0	0	0	0.999951
17165	2	metal6	890	462	0	0	0	0.999951
17166	2	metal6	900	462	0	0	0	0.99995
17167	2	metal6	910	462	0	0	0	0.99995
17168	2	metal6	920	462	0	0	0	0.99995
17169	2	metal6	930	462	0	0	0	0.99995
17170	2	metal6	940	462	0	0	0	0.99995
17171	2	metal6	950	462	0	0	0	0.999949
17172	2	metal6	960	462	0	0	0	0.999949
17173	2	metal6	970	462	0	0	0	0.999949
17174	2	metal6	980	462	0	0	0	0.999949
17175	2	metal6	990	462	0	0	0	0.999949
17176	2	metal6	1000	462	0	0	0	0.999949
17177	2	metal6	1010	462	0	0	0	0.999949
17178	2	metal6	1020	462	0	0	0	0.999948
17179	2	metal6	1030	462	0	0	0	0.999949
17180	2	metal6	1040	462	0	0	0	0.999948
17181	2	metal6	1050	462	0	0	0	0.999948
17182	2	metal6	1060	462	0	0	0	0.999948
17183	2	metal6	1070	462	0	0	0	0.999948
17184	2	metal6	1080	462	0	0	0	0.999948
17185	2	metal6	1090	462	0	0	0	0.999948
17186	2	metal6	10	472	0	0	0	0.999945
17187	2	metal6	20	472	0	0	0	0.999945
17188	2	metal6	30	472	0	0	0	0.999945
17189	2	metal6	40	472	0	0	0	0.999945
17190	2	metal6	50	472	0	0	0	0.999945
17191	2	metal6	60	472	0	0	0	0.999945
17192	2	metal6	70	472	0	0	0	0.999945
17193	2	metal6	80	472	0	0	0	0.999946
17194	2	metal6	90	472	0	0	0	0.999946
17195	2	metal6	100	472	0	0	0	0.999946
17196	2	metal6	110	472	0	0	0	0.999946
17197	2	metal6	120	472	0	0	0	0.999946
17198	2	metal6	130	472	0	0	0	0.999947
17199	2	metal6	140	472	0	0	0	0.999947
17200	2	metal6	150	472	0	0	0	0.999947
17201	2	metal6	160	472	0	0	0	0.999947
17202	2	metal6	170	472	0	0	0	0.999947
17203	2	metal6	180	472	0	0	0	0.999947
17204	2	metal6	190	472	0	0	0	0.999948
17205	2	metal6	200	472	0	0	0	0.999948
17206	2	metal6	210	472	0	0	0	0.999949
17207	2	metal6	220	472	0	0	0	0.999949
17208	2	metal6	230	472	0	0	0	0.999949
17209	2	metal6	240	472	0	0	0	0.99995
17210	2	metal6	250	472	0	0	0	0.999951
17211	2	metal6	260	472	0	0	0	0.999951
17212	2	metal6	270	472	0	0	0	0.999952
17213	2	metal6	280	472	0	0	0	0.999952
17214	2	metal6	290	472	0	0	0	0.999952
17215	2	metal6	300	472	0	0	0	0.999953
17216	2	metal6	310	472	0	0	0	0.999955
17217	2	metal6	320	472	0	0	0	0.999955
17218	2	metal6	330	472	0	0	0	0.999956
17219	2	metal6	340	472	0	0	0	0.999957
17220	2	metal6	350	472	0	0	0	0.999957
17221	2	metal6	360	472	0	0	0	0.999958
17222	2	metal6	370	472	0	0	0	0.999959
17223	2	metal6	380	472	0	0	0	0.99996
17224	2	metal6	390	472	0	0	0	0.999961
17225	2	metal6	400	472	0	0	0	0.999962
17226	2	metal6	410	472	0	0	0	0.999963
17227	2	metal6	420	472	0	0	0	0.999965
17228	2	metal6	430	472	0	0	0	0.999967
17229	2	metal6	440	472	0	0	0	0.999967
17230	2	metal6	450	472	0	0	0	0.999968
17231	2	metal6	460	472	0	0	0	0.99997
17232	2	metal6	470	472	0	0	0	0.999971
17233	2	metal6	480	472	0	0	0	0.999973
17234	2	metal6	490	472	0	0	0	0.999976
17235	2	metal6	500	472	0	0	0	0.999976
17236	2	metal6	510	472	0	0	0	0.999976
17237	2	metal6	520	472	0	0	0	0.999982
17238	2	metal6	530	472	0	0	0	0.999982
17239	2	metal6	540	472	0	0	0	0.999984
17240	2	metal6	550	472	0	0	0	0.999987
17241	2	metal6	560	472	0	0	0	0.999982
17242	2	metal6	570	472	0	0	0	0.999979
17243	2	metal6	580	472	0	0	0	0.999982
17244	2	metal6	590	472	0	0	0	0.999979
17245	2	metal6	600	472	0	0	0	0.999977
17246	2	metal6	610	472	0	0	0	0.999976
17247	2	metal6	620	472	0	0	0	0.999973
17248	2	metal6	630	472	0	0	0	0.99997
17249	2	metal6	640	472	0	0	0	0.99997
17250	2	metal6	650	472	0	0	0	0.999968
17251	2	metal6	660	472	0	0	0	0.999967
17252	2	metal6	670	472	0	0	0	0.999966
17253	2	metal6	680	472	0	0	0	0.999962
17254	2	metal6	690	472	0	0	0	0.999962
17255	2	metal6	700	472	0	0	0	0.999962
17256	2	metal6	710	472	0	0	0	0.999961
17257	2	metal6	720	472	0	0	0	0.99996
17258	2	metal6	730	472	0	0	0	0.999959
17259	2	metal6	740	472	0	0	0	0.999958
17260	2	metal6	750	472	0	0	0	0.999957
17261	2	metal6	760	472	0	0	0	0.999957
17262	2	metal6	770	472	0	0	0	0.999956
17263	2	metal6	780	472	0	0	0	0.999956
17264	2	metal6	790	472	0	0	0	0.999955
17265	2	metal6	800	472	0	0	0	0.999955
17266	2	metal6	810	472	0	0	0	0.999954
17267	2	metal6	820	472	0	0	0	0.999954
17268	2	metal6	830	472	0	0	0	0.999953
17269	2	metal6	840	472	0	0	0	0.999953
17270	2	metal6	850	472	0	0	0	0.999952
17271	2	metal6	860	472	0	0	0	0.999952
17272	2	metal6	870	472	0	0	0	0.999952
17273	2	metal6	880	472	0	0	0	0.999952
17274	2	metal6	890	472	0	0	0	0.999951
17275	2	metal6	900	472	0	0	0	0.999951
17276	2	metal6	910	472	0	0	0	0.999951
17277	2	metal6	920	472	0	0	0	0.99995
17278	2	metal6	930	472	0	0	0	0.99995
17279	2	metal6	940	472	0	0	0	0.99995
17280	2	metal6	950	472	0	0	0	0.99995
17281	2	metal6	960	472	0	0	0	0.999949
17282	2	metal6	970	472	0	0	0	0.999949
17283	2	metal6	980	472	0	0	0	0.999949
17284	2	metal6	990	472	0	0	0	0.999949
17285	2	metal6	1000	472	0	0	0	0.999949
17286	2	metal6	1010	472	0	0	0	0.999949
17287	2	metal6	1020	472	0	0	0	0.999949
17288	2	metal6	1030	472	0	0	0	0.999949
17289	2	metal6	1040	472	0	0	0	0.999949
17290	2	metal6	1050	472	0	0	0	0.999949
17291	2	metal6	1060	472	0	0	0	0.999949
17292	2	metal6	1070	472	0	0	0	0.999948
17293	2	metal6	1080	472	0	0	0	0.999948
17294	2	metal6	1090	472	0	0	0	0.999949
17295	2	metal6	10	482	0	0	0	0.999945
17296	2	metal6	20	482	0	0	0	0.999945
17297	2	metal6	30	482	0	0	0	0.999945
17298	2	metal6	40	482	0	0	0	0.999945
17299	2	metal6	50	482	0	0	0	0.999945
17300	2	metal6	60	482	0	0	0	0.999946
17301	2	metal6	70	482	0	0	0	0.999946
17302	2	metal6	80	482	0	0	0	0.999946
17303	2	metal6	90	482	0	0	0	0.999946
17304	2	metal6	100	482	0	0	0	0.999946
17305	2	metal6	110	482	0	0	0	0.999946
17306	2	metal6	120	482	0	0	0	0.999946
17307	2	metal6	130	482	0	0	0	0.999947
17308	2	metal6	140	482	0	0	0	0.999947
17309	2	metal6	150	482	0	0	0	0.999947
17310	2	metal6	160	482	0	0	0	0.999947
17311	2	metal6	170	482	0	0	0	0.999947
17312	2	metal6	180	482	0	0	0	0.999948
17313	2	metal6	190	482	0	0	0	0.999948
17314	2	metal6	200	482	0	0	0	0.999948
17315	2	metal6	210	482	0	0	0	0.999949
17316	2	metal6	220	482	0	0	0	0.999949
17317	2	metal6	230	482	0	0	0	0.999949
17318	2	metal6	240	482	0	0	0	0.99995
17319	2	metal6	250	482	0	0	0	0.999951
17320	2	metal6	260	482	0	0	0	0.999951
17321	2	metal6	270	482	0	0	0	0.999952
17322	2	metal6	280	482	0	0	0	0.999953
17323	2	metal6	290	482	0	0	0	0.999953
17324	2	metal6	300	482	0	0	0	0.999954
17325	2	metal6	310	482	0	0	0	0.999955
17326	2	metal6	320	482	0	0	0	0.999955
17327	2	metal6	330	482	0	0	0	0.999956
17328	2	metal6	340	482	0	0	0	0.999957
17329	2	metal6	350	482	0	0	0	0.999957
17330	2	metal6	360	482	0	0	0	0.999958
17331	2	metal6	370	482	0	0	0	0.99996
17332	2	metal6	380	482	0	0	0	0.99996
17333	2	metal6	390	482	0	0	0	0.999961
17334	2	metal6	400	482	0	0	0	0.999963
17335	2	metal6	410	482	0	0	0	0.999964
17336	2	metal6	420	482	0	0	0	0.999965
17337	2	metal6	430	482	0	0	0	0.999967
17338	2	metal6	440	482	0	0	0	0.999968
17339	2	metal6	450	482	0	0	0	0.999969
17340	2	metal6	460	482	0	0	0	0.999971
17341	2	metal6	470	482	0	0	0	0.999972
17342	2	metal6	480	482	0	0	0	0.999974
17343	2	metal6	490	482	0	0	0	0.999976
17344	2	metal6	500	482	0	0	0	0.999977
17345	2	metal6	510	482	0	0	0	0.999978
17346	2	metal6	520	482	0	0	0	0.999982
17347	2	metal6	530	482	0	0	0	0.999983
17348	2	metal6	540	482	0	0	0	0.999984
17349	2	metal6	550	482	0	0	0	0.999988
17350	2	metal6	560	482	0	0	0	0.999983
17351	2	metal6	570	482	0	0	0	0.999981
17352	2	metal6	580	482	0	0	0	0.999982
17353	2	metal6	590	482	0	0	0	0.999979
17354	2	metal6	600	482	0	0	0	0.999978
17355	2	metal6	610	482	0	0	0	0.999977
17356	2	metal6	620	482	0	0	0	0.999973
17357	2	metal6	630	482	0	0	0	0.999971
17358	2	metal6	640	482	0	0	0	0.999971
17359	2	metal6	650	482	0	0	0	0.999969
17360	2	metal6	660	482	0	0	0	0.999967
17361	2	metal6	670	482	0	0	0	0.999966
17362	2	metal6	680	482	0	0	0	0.999964
17363	2	metal6	690	482	0	0	0	0.999963
17364	2	metal6	700	482	0	0	0	0.999963
17365	2	metal6	710	482	0	0	0	0.999962
17366	2	metal6	720	482	0	0	0	0.999961
17367	2	metal6	730	482	0	0	0	0.99996
17368	2	metal6	740	482	0	0	0	0.999958
17369	2	metal6	750	482	0	0	0	0.999958
17370	2	metal6	760	482	0	0	0	0.999958
17371	2	metal6	770	482	0	0	0	0.999957
17372	2	metal6	780	482	0	0	0	0.999956
17373	2	metal6	790	482	0	0	0	0.999956
17374	2	metal6	800	482	0	0	0	0.999955
17375	2	metal6	810	482	0	0	0	0.999955
17376	2	metal6	820	482	0	0	0	0.999954
17377	2	metal6	830	482	0	0	0	0.999954
17378	2	metal6	840	482	0	0	0	0.999953
17379	2	metal6	850	482	0	0	0	0.999953
17380	2	metal6	860	482	0	0	0	0.999952
17381	2	metal6	870	482	0	0	0	0.999952
17382	2	metal6	880	482	0	0	0	0.999952
17383	2	metal6	890	482	0	0	0	0.999952
17384	2	metal6	900	482	0	0	0	0.999951
17385	2	metal6	910	482	0	0	0	0.999951
17386	2	metal6	920	482	0	0	0	0.999951
17387	2	metal6	930	482	0	0	0	0.99995
17388	2	metal6	940	482	0	0	0	0.99995
17389	2	metal6	950	482	0	0	0	0.99995
17390	2	metal6	960	482	0	0	0	0.99995
17391	2	metal6	970	482	0	0	0	0.99995
17392	2	metal6	980	482	0	0	0	0.99995
17393	2	metal6	990	482	0	0	0	0.999949
17394	2	metal6	1000	482	0	0	0	0.999949
17395	2	metal6	1010	482	0	0	0	0.999949
17396	2	metal6	1020	482	0	0	0	0.999949
17397	2	metal6	1030	482	0	0	0	0.999949
17398	2	metal6	1040	482	0	0	0	0.999949
17399	2	metal6	1050	482	0	0	0	0.999949
17400	2	metal6	1060	482	0	0	0	0.999949
17401	2	metal6	1070	482	0	0	0	0.999949
17402	2	metal6	1080	482	0	0	0	0.999949
17403	2	metal6	1090	482	0	0	0	0.999949
17404	2	metal6	10	492	0	0	0	0.999945
17405	2	metal6	20	492	0	0	0	0.999945
17406	2	metal6	30	492	0	0	0	0.999945
17407	2	metal6	40	492	0	0	0	0.999946
17408	2	metal6	50	492	0	0	0	0.999946
17409	2	metal6	60	492	0	0	0	0.999946
17410	2	metal6	70	492	0	0	0	0.999946
17411	2	metal6	80	492	0	0	0	0.999946
17412	2	metal6	90	492	0	0	0	0.999946
17413	2	metal6	100	492	0	0	0	0.999946
17414	2	metal6	110	492	0	0	0	0.999946
17415	2	metal6	120	492	0	0	0	0.999946
17416	2	metal6	130	492	0	0	0	0.999947
17417	2	metal6	140	492	0	0	0	0.999947
17418	2	metal6	150	492	0	0	0	0.999947
17419	2	metal6	160	492	0	0	0	0.999948
17420	2	metal6	170	492	0	0	0	0.999947
17421	2	metal6	180	492	0	0	0	0.999948
17422	2	metal6	190	492	0	0	0	0.999948
17423	2	metal6	200	492	0	0	0	0.999948
17424	2	metal6	210	492	0	0	0	0.999949
17425	2	metal6	220	492	0	0	0	0.99995
17426	2	metal6	230	492	0	0	0	0.999949
17427	2	metal6	240	492	0	0	0	0.99995
17428	2	metal6	250	492	0	0	0	0.999951
17429	2	metal6	260	492	0	0	0	0.999951
17430	2	metal6	270	492	0	0	0	0.999952
17431	2	metal6	280	492	0	0	0	0.999953
17432	2	metal6	290	492	0	0	0	0.999953
17433	2	metal6	300	492	0	0	0	0.999954
17434	2	metal6	310	492	0	0	0	0.999955
17435	2	metal6	320	492	0	0	0	0.999955
17436	2	metal6	330	492	0	0	0	0.999956
17437	2	metal6	340	492	0	0	0	0.999957
17438	2	metal6	350	492	0	0	0	0.999957
17439	2	metal6	360	492	0	0	0	0.999958
17440	2	metal6	370	492	0	0	0	0.99996
17441	2	metal6	380	492	0	0	0	0.99996
17442	2	metal6	390	492	0	0	0	0.999961
17443	2	metal6	400	492	0	0	0	0.999963
17444	2	metal6	410	492	0	0	0	0.999964
17445	2	metal6	420	492	0	0	0	0.999965
17446	2	metal6	430	492	0	0	0	0.999968
17447	2	metal6	440	492	0	0	0	0.999968
17448	2	metal6	450	492	0	0	0	0.999969
17449	2	metal6	460	492	0	0	0	0.999972
17450	2	metal6	470	492	0	0	0	0.999972
17451	2	metal6	480	492	0	0	0	0.999974
17452	2	metal6	490	492	0	0	0	0.999978
17453	2	metal6	500	492	0	0	0	0.999977
17454	2	metal6	510	492	0	0	0	0.999978
17455	2	metal6	520	492	0	0	0	0.999984
17456	2	metal6	530	492	0	0	0	0.999983
17457	2	metal6	540	492	0	0	0	0.999984
17458	2	metal6	550	492	0	0	0	0.999991
17459	2	metal6	560	492	0	0	0	0.999983
17460	2	metal6	570	492	0	0	0	0.999981
17461	2	metal6	580	492	0	0	0	0.999984
17462	2	metal6	590	492	0	0	0	0.99998
17463	2	metal6	600	492	0	0	0	0.999978
17464	2	metal6	610	492	0	0	0	0.999978
17465	2	metal6	620	492	0	0	0	0.999974
17466	2	metal6	630	492	0	0	0	0.999971
17467	2	metal6	640	492	0	0	0	0.999972
17468	2	metal6	650	492	0	0	0	0.999969
17469	2	metal6	660	492	0	0	0	0.999968
17470	2	metal6	670	492	0	0	0	0.999967
17471	2	metal6	680	492	0	0	0	0.999964
17472	2	metal6	690	492	0	0	0	0.999963
17473	2	metal6	700	492	0	0	0	0.999964
17474	2	metal6	710	492	0	0	0	0.999962
17475	2	metal6	720	492	0	0	0	0.999961
17476	2	metal6	730	492	0	0	0	0.999961
17477	2	metal6	740	492	0	0	0	0.999959
17478	2	metal6	750	492	0	0	0	0.999958
17479	2	metal6	760	492	0	0	0	0.999958
17480	2	metal6	770	492	0	0	0	0.999957
17481	2	metal6	780	492	0	0	0	0.999956
17482	2	metal6	790	492	0	0	0	0.999956
17483	2	metal6	800	492	0	0	0	0.999955
17484	2	metal6	810	492	0	0	0	0.999955
17485	2	metal6	820	492	0	0	0	0.999955
17486	2	metal6	830	492	0	0	0	0.999954
17487	2	metal6	840	492	0	0	0	0.999953
17488	2	metal6	850	492	0	0	0	0.999953
17489	2	metal6	860	492	0	0	0	0.999953
17490	2	metal6	870	492	0	0	0	0.999952
17491	2	metal6	880	492	0	0	0	0.999952
17492	2	metal6	890	492	0	0	0	0.999952
17493	2	metal6	900	492	0	0	0	0.999951
17494	2	metal6	910	492	0	0	0	0.999951
17495	2	metal6	920	492	0	0	0	0.999951
17496	2	metal6	930	492	0	0	0	0.999951
17497	2	metal6	940	492	0	0	0	0.999951
17498	2	metal6	950	492	0	0	0	0.99995
17499	2	metal6	960	492	0	0	0	0.99995
17500	2	metal6	970	492	0	0	0	0.99995
17501	2	metal6	980	492	0	0	0	0.99995
17502	2	metal6	990	492	0	0	0	0.99995
17503	2	metal6	1000	492	0	0	0	0.99995
17504	2	metal6	1010	492	0	0	0	0.999949
17505	2	metal6	1020	492	0	0	0	0.999949
17506	2	metal6	1030	492	0	0	0	0.999949
17507	2	metal6	1040	492	0	0	0	0.999949
17508	2	metal6	1050	492	0	0	0	0.999949
17509	2	metal6	1060	492	0	0	0	0.999949
17510	2	metal6	1070	492	0	0	0	0.999949
17511	2	metal6	1080	492	0	0	0	0.999949
17512	2	metal6	1090	492	0	0	0	0.999949
17513	2	metal6	10	502	0	0	0	0.999945
17514	2	metal6	20	502	0	0	0	0.999945
17515	2	metal6	30	502	0	0	0	0.999945
17516	2	metal6	40	502	0	0	0	0.999946
17517	2	metal6	50	502	0	0	0	0.999946
17518	2	metal6	60	502	0	0	0	0.999946
17519	2	metal6	70	502	0	0	0	0.999946
17520	2	metal6	80	502	0	0	0	0.999946
17521	2	metal6	90	502	0	0	0	0.999946
17522	2	metal6	100	502	0	0	0	0.999946
17523	2	metal6	110	502	0	0	0	0.999946
17524	2	metal6	120	502	0	0	0	0.999946
17525	2	metal6	130	502	0	0	0	0.999947
17526	2	metal6	140	502	0	0	0	0.999947
17527	2	metal6	150	502	0	0	0	0.999947
17528	2	metal6	160	502	0	0	0	0.999947
17529	2	metal6	170	502	0	0	0	0.999947
17530	2	metal6	180	502	0	0	0	0.999947
17531	2	metal6	190	502	0	0	0	0.999948
17532	2	metal6	200	502	0	0	0	0.999948
17533	2	metal6	210	502	0	0	0	0.999949
17534	2	metal6	220	502	0	0	0	0.999949
17535	2	metal6	230	502	0	0	0	0.999949
17536	2	metal6	240	502	0	0	0	0.99995
17537	2	metal6	250	502	0	0	0	0.999951
17538	2	metal6	260	502	0	0	0	0.999951
17539	2	metal6	270	502	0	0	0	0.999952
17540	2	metal6	280	502	0	0	0	0.999952
17541	2	metal6	290	502	0	0	0	0.999952
17542	2	metal6	300	502	0	0	0	0.999953
17543	2	metal6	310	502	0	0	0	0.999955
17544	2	metal6	320	502	0	0	0	0.999955
17545	2	metal6	330	502	0	0	0	0.999956
17546	2	metal6	340	502	0	0	0	0.999957
17547	2	metal6	350	502	0	0	0	0.999957
17548	2	metal6	360	502	0	0	0	0.999958
17549	2	metal6	370	502	0	0	0	0.99996
17550	2	metal6	380	502	0	0	0	0.99996
17551	2	metal6	390	502	0	0	0	0.999961
17552	2	metal6	400	502	0	0	0	0.999962
17553	2	metal6	410	502	0	0	0	0.999964
17554	2	metal6	420	502	0	0	0	0.999965
17555	2	metal6	430	502	0	0	0	0.999967
17556	2	metal6	440	502	0	0	0	0.999968
17557	2	metal6	450	502	0	0	0	0.999968
17558	2	metal6	460	502	0	0	0	0.99997
17559	2	metal6	470	502	0	0	0	0.999971
17560	2	metal6	480	502	0	0	0	0.999973
17561	2	metal6	490	502	0	0	0	0.999976
17562	2	metal6	500	502	0	0	0	0.999976
17563	2	metal6	510	502	0	0	0	0.999976
17564	2	metal6	520	502	0	0	0	0.999982
17565	2	metal6	530	502	0	0	0	0.999982
17566	2	metal6	540	502	0	0	0	0.999984
17567	2	metal6	550	502	0	0	0	0.999987
17568	2	metal6	560	502	0	0	0	0.999982
17569	2	metal6	570	502	0	0	0	0.999979
17570	2	metal6	580	502	0	0	0	0.999982
17571	2	metal6	590	502	0	0	0	0.999979
17572	2	metal6	600	502	0	0	0	0.999978
17573	2	metal6	610	502	0	0	0	0.999977
17574	2	metal6	620	502	0	0	0	0.999973
17575	2	metal6	630	502	0	0	0	0.99997
17576	2	metal6	640	502	0	0	0	0.999971
17577	2	metal6	650	502	0	0	0	0.999969
17578	2	metal6	660	502	0	0	0	0.999967
17579	2	metal6	670	502	0	0	0	0.999966
17580	2	metal6	680	502	0	0	0	0.999964
17581	2	metal6	690	502	0	0	0	0.999963
17582	2	metal6	700	502	0	0	0	0.999963
17583	2	metal6	710	502	0	0	0	0.999962
17584	2	metal6	720	502	0	0	0	0.999961
17585	2	metal6	730	502	0	0	0	0.99996
17586	2	metal6	740	502	0	0	0	0.999958
17587	2	metal6	750	502	0	0	0	0.999958
17588	2	metal6	760	502	0	0	0	0.999958
17589	2	metal6	770	502	0	0	0	0.999957
17590	2	metal6	780	502	0	0	0	0.999956
17591	2	metal6	790	502	0	0	0	0.999956
17592	2	metal6	800	502	0	0	0	0.999955
17593	2	metal6	810	502	0	0	0	0.999955
17594	2	metal6	820	502	0	0	0	0.999955
17595	2	metal6	830	502	0	0	0	0.999954
17596	2	metal6	840	502	0	0	0	0.999954
17597	2	metal6	850	502	0	0	0	0.999953
17598	2	metal6	860	502	0	0	0	0.999953
17599	2	metal6	870	502	0	0	0	0.999953
17600	2	metal6	880	502	0	0	0	0.999952
17601	2	metal6	890	502	0	0	0	0.999952
17602	2	metal6	900	502	0	0	0	0.999952
17603	2	metal6	910	502	0	0	0	0.999951
17604	2	metal6	920	502	0	0	0	0.999951
17605	2	metal6	930	502	0	0	0	0.999951
17606	2	metal6	940	502	0	0	0	0.999951
17607	2	metal6	950	502	0	0	0	0.99995
17608	2	metal6	960	502	0	0	0	0.99995
17609	2	metal6	970	502	0	0	0	0.99995
17610	2	metal6	980	502	0	0	0	0.99995
17611	2	metal6	990	502	0	0	0	0.99995
17612	2	metal6	1000	502	0	0	0	0.99995
17613	2	metal6	1010	502	0	0	0	0.99995
17614	2	metal6	1020	502	0	0	0	0.999949
17615	2	metal6	1030	502	0	0	0	0.999949
17616	2	metal6	1040	502	0	0	0	0.999949
17617	2	metal6	1050	502	0	0	0	0.999949
17618	2	metal6	1060	502	0	0	0	0.999949
17619	2	metal6	1070	502	0	0	0	0.999949
17620	2	metal6	1080	502	0	0	0	0.999949
17621	2	metal6	1090	502	0	0	0	0.999949
17622	2	metal6	10	512	0	0	0	0.999945
17623	2	metal6	20	512	0	0	0	0.999945
17624	2	metal6	30	512	0	0	0	0.999946
17625	2	metal6	40	512	0	0	0	0.999946
17626	2	metal6	50	512	0	0	0	0.999946
17627	2	metal6	60	512	0	0	0	0.999946
17628	2	metal6	70	512	0	0	0	0.999945
17629	2	metal6	80	512	0	0	0	0.999946
17630	2	metal6	90	512	0	0	0	0.999946
17631	2	metal6	100	512	0	0	0	0.999946
17632	2	metal6	110	512	0	0	0	0.999946
17633	2	metal6	120	512	0	0	0	0.999946
17634	2	metal6	130	512	0	0	0	0.999947
17635	2	metal6	140	512	0	0	0	0.999947
17636	2	metal6	150	512	0	0	0	0.999947
17637	2	metal6	160	512	0	0	0	0.999947
17638	2	metal6	170	512	0	0	0	0.999947
17639	2	metal6	180	512	0	0	0	0.999947
17640	2	metal6	190	512	0	0	0	0.999948
17641	2	metal6	200	512	0	0	0	0.999948
17642	2	metal6	210	512	0	0	0	0.999949
17643	2	metal6	220	512	0	0	0	0.999949
17644	2	metal6	230	512	0	0	0	0.999948
17645	2	metal6	240	512	0	0	0	0.99995
17646	2	metal6	250	512	0	0	0	0.999951
17647	2	metal6	260	512	0	0	0	0.999951
17648	2	metal6	270	512	0	0	0	0.999952
17649	2	metal6	280	512	0	0	0	0.999952
17650	2	metal6	290	512	0	0	0	0.999952
17651	2	metal6	300	512	0	0	0	0.999953
17652	2	metal6	310	512	0	0	0	0.999954
17653	2	metal6	320	512	0	0	0	0.999955
17654	2	metal6	330	512	0	0	0	0.999956
17655	2	metal6	340	512	0	0	0	0.999956
17656	2	metal6	350	512	0	0	0	0.999956
17657	2	metal6	360	512	0	0	0	0.999958
17658	2	metal6	370	512	0	0	0	0.999959
17659	2	metal6	380	512	0	0	0	0.99996
17660	2	metal6	390	512	0	0	0	0.999961
17661	2	metal6	400	512	0	0	0	0.999961
17662	2	metal6	410	512	0	0	0	0.999963
17663	2	metal6	420	512	0	0	0	0.999965
17664	2	metal6	430	512	0	0	0	0.999967
17665	2	metal6	440	512	0	0	0	0.999967
17666	2	metal6	450	512	0	0	0	0.999968
17667	2	metal6	460	512	0	0	0	0.999968
17668	2	metal6	470	512	0	0	0	0.999971
17669	2	metal6	480	512	0	0	0	0.999973
17670	2	metal6	490	512	0	0	0	0.999976
17671	2	metal6	500	512	0	0	0	0.999975
17672	2	metal6	510	512	0	0	0	0.999973
17673	2	metal6	520	512	0	0	0	0.99998
17674	2	metal6	530	512	0	0	0	0.999982
17675	2	metal6	540	512	0	0	0	0.999984
17676	2	metal6	550	512	0	0	0	0.999987
17677	2	metal6	560	512	0	0	0	0.999981
17678	2	metal6	570	512	0	0	0	0.999976
17679	2	metal6	580	512	0	0	0	0.99998
17680	2	metal6	590	512	0	0	0	0.999979
17681	2	metal6	600	512	0	0	0	0.999978
17682	2	metal6	610	512	0	0	0	0.999977
17683	2	metal6	620	512	0	0	0	0.999972
17684	2	metal6	630	512	0	0	0	0.999968
17685	2	metal6	640	512	0	0	0	0.99997
17686	2	metal6	650	512	0	0	0	0.999969
17687	2	metal6	660	512	0	0	0	0.999967
17688	2	metal6	670	512	0	0	0	0.999966
17689	2	metal6	680	512	0	0	0	0.999962
17690	2	metal6	690	512	0	0	0	0.999963
17691	2	metal6	700	512	0	0	0	0.999963
17692	2	metal6	710	512	0	0	0	0.999962
17693	2	metal6	720	512	0	0	0	0.999961
17694	2	metal6	730	512	0	0	0	0.99996
17695	2	metal6	740	512	0	0	0	0.999958
17696	2	metal6	750	512	0	0	0	0.999958
17697	2	metal6	760	512	0	0	0	0.999958
17698	2	metal6	770	512	0	0	0	0.999957
17699	2	metal6	780	512	0	0	0	0.999956
17700	2	metal6	790	512	0	0	0	0.999955
17701	2	metal6	800	512	0	0	0	0.999955
17702	2	metal6	810	512	0	0	0	0.999955
17703	2	metal6	820	512	0	0	0	0.999955
17704	2	metal6	830	512	0	0	0	0.999954
17705	2	metal6	840	512	0	0	0	0.999954
17706	2	metal6	850	512	0	0	0	0.999953
17707	2	metal6	860	512	0	0	0	0.999953
17708	2	metal6	870	512	0	0	0	0.999953
17709	2	metal6	880	512	0	0	0	0.999953
17710	2	metal6	890	512	0	0	0	0.999952
17711	2	metal6	900	512	0	0	0	0.999952
17712	2	metal6	910	512	0	0	0	0.999951
17713	2	metal6	920	512	0	0	0	0.999951
17714	2	metal6	930	512	0	0	0	0.999951
17715	2	metal6	940	512	0	0	0	0.999951
17716	2	metal6	950	512	0	0	0	0.99995
17717	2	metal6	960	512	0	0	0	0.99995
17718	2	metal6	970	512	0	0	0	0.99995
17719	2	metal6	980	512	0	0	0	0.99995
17720	2	metal6	990	512	0	0	0	0.99995
17721	2	metal6	1000	512	0	0	0	0.99995
17722	2	metal6	1010	512	0	0	0	0.99995
17723	2	metal6	1020	512	0	0	0	0.999949
17724	2	metal6	1030	512	0	0	0	0.99995
17725	2	metal6	1040	512	0	0	0	0.99995
17726	2	metal6	1050	512	0	0	0	0.999949
17727	2	metal6	1060	512	0	0	0	0.999949
17728	2	metal6	1070	512	0	0	0	0.999949
17729	2	metal6	1080	512	0	0	0	0.999949
17730	2	metal6	1090	512	0	0	0	0.999949
17731	2	metal6	10	522	0	0	0	0.999946
17732	2	metal6	20	522	0	0	0	0.999946
17733	2	metal6	30	522	0	0	0	0.999946
17734	2	metal6	40	522	0	0	0	0.999946
17735	2	metal6	50	522	0	0	0	0.999946
17736	2	metal6	60	522	0	0	0	0.999946
17737	2	metal6	70	522	0	0	0	0.999946
17738	2	metal6	80	522	0	0	0	0.999946
17739	2	metal6	90	522	0	0	0	0.999946
17740	2	metal6	100	522	0	0	0	0.999946
17741	2	metal6	110	522	0	0	0	0.999946
17742	2	metal6	120	522	0	0	0	0.999946
17743	2	metal6	130	522	0	0	0	0.999947
17744	2	metal6	140	522	0	0	0	0.999947
17745	2	metal6	150	522	0	0	0	0.999947
17746	2	metal6	160	522	0	0	0	0.999948
17747	2	metal6	170	522	0	0	0	0.999947
17748	2	metal6	180	522	0	0	0	0.999947
17749	2	metal6	190	522	0	0	0	0.999948
17750	2	metal6	200	522	0	0	0	0.999948
17751	2	metal6	210	522	0	0	0	0.999949
17752	2	metal6	220	522	0	0	0	0.999949
17753	2	metal6	230	522	0	0	0	0.999949
17754	2	metal6	240	522	0	0	0	0.99995
17755	2	metal6	250	522	0	0	0	0.999951
17756	2	metal6	260	522	0	0	0	0.999951
17757	2	metal6	270	522	0	0	0	0.999952
17758	2	metal6	280	522	0	0	0	0.999953
17759	2	metal6	290	522	0	0	0	0.999952
17760	2	metal6	300	522	0	0	0	0.999953
17761	2	metal6	310	522	0	0	0	0.999955
17762	2	metal6	320	522	0	0	0	0.999955
17763	2	metal6	330	522	0	0	0	0.999956
17764	2	metal6	340	522	0	0	0	0.999957
17765	2	metal6	350	522	0	0	0	0.999957
17766	2	metal6	360	522	0	0	0	0.999958
17767	2	metal6	370	522	0	0	0	0.99996
17768	2	metal6	380	522	0	0	0	0.999961
17769	2	metal6	390	522	0	0	0	0.999961
17770	2	metal6	400	522	0	0	0	0.999963
17771	2	metal6	410	522	0	0	0	0.999964
17772	2	metal6	420	522	0	0	0	0.999965
17773	2	metal6	430	522	0	0	0	0.999968
17774	2	metal6	440	522	0	0	0	0.999968
17775	2	metal6	450	522	0	0	0	0.999969
17776	2	metal6	460	522	0	0	0	0.999972
17777	2	metal6	470	522	0	0	0	0.999972
17778	2	metal6	480	522	0	0	0	0.999974
17779	2	metal6	490	522	0	0	0	0.999978
17780	2	metal6	500	522	0	0	0	0.999977
17781	2	metal6	510	522	0	0	0	0.999977
17782	2	metal6	520	522	0	0	0	0.999984
17783	2	metal6	530	522	0	0	0	0.999983
17784	2	metal6	540	522	0	0	0	0.999985
17785	2	metal6	550	522	0	0	0	0.999991
17786	2	metal6	560	522	0	0	0	0.999983
17787	2	metal6	570	522	0	0	0	0.99998
17788	2	metal6	580	522	0	0	0	0.999984
17789	2	metal6	590	522	0	0	0	0.99998
17790	2	metal6	600	522	0	0	0	0.999978
17791	2	metal6	610	522	0	0	0	0.999979
17792	2	metal6	620	522	0	0	0	0.999974
17793	2	metal6	630	522	0	0	0	0.999971
17794	2	metal6	640	522	0	0	0	0.999972
17795	2	metal6	650	522	0	0	0	0.99997
17796	2	metal6	660	522	0	0	0	0.999968
17797	2	metal6	670	522	0	0	0	0.999968
17798	2	metal6	680	522	0	0	0	0.999964
17799	2	metal6	690	522	0	0	0	0.999964
17800	2	metal6	700	522	0	0	0	0.999965
17801	2	metal6	710	522	0	0	0	0.999963
17802	2	metal6	720	522	0	0	0	0.999962
17803	2	metal6	730	522	0	0	0	0.999961
17804	2	metal6	740	522	0	0	0	0.999959
17805	2	metal6	750	522	0	0	0	0.999959
17806	2	metal6	760	522	0	0	0	0.999959
17807	2	metal6	770	522	0	0	0	0.999958
17808	2	metal6	780	522	0	0	0	0.999957
17809	2	metal6	790	522	0	0	0	0.999957
17810	2	metal6	800	522	0	0	0	0.999956
17811	2	metal6	810	522	0	0	0	0.999956
17812	2	metal6	820	522	0	0	0	0.999956
17813	2	metal6	830	522	0	0	0	0.999955
17814	2	metal6	840	522	0	0	0	0.999954
17815	2	metal6	850	522	0	0	0	0.999954
17816	2	metal6	860	522	0	0	0	0.999953
17817	2	metal6	870	522	0	0	0	0.999953
17818	2	metal6	880	522	0	0	0	0.999953
17819	2	metal6	890	522	0	0	0	0.999953
17820	2	metal6	900	522	0	0	0	0.999952
17821	2	metal6	910	522	0	0	0	0.999952
17822	2	metal6	920	522	0	0	0	0.999952
17823	2	metal6	930	522	0	0	0	0.999951
17824	2	metal6	940	522	0	0	0	0.999951
17825	2	metal6	950	522	0	0	0	0.999951
17826	2	metal6	960	522	0	0	0	0.999951
17827	2	metal6	970	522	0	0	0	0.999951
17828	2	metal6	980	522	0	0	0	0.99995
17829	2	metal6	990	522	0	0	0	0.99995
17830	2	metal6	1000	522	0	0	0	0.99995
17831	2	metal6	1010	522	0	0	0	0.99995
17832	2	metal6	1020	522	0	0	0	0.99995
17833	2	metal6	1030	522	0	0	0	0.99995
17834	2	metal6	1040	522	0	0	0	0.99995
17835	2	metal6	1050	522	0	0	0	0.99995
17836	2	metal6	1060	522	0	0	0	0.99995
17837	2	metal6	1070	522	0	0	0	0.99995
17838	2	metal6	1080	522	0	0	0	0.99995
17839	2	metal6	1090	522	0	0	0	0.99995
17840	2	metal6	10	532	0	0	0	0.999946
17841	2	metal6	20	532	0	0	0	0.999946
17842	2	metal6	30	532	0	0	0	0.999946
17843	2	metal6	40	532	0	0	0	0.999946
17844	2	metal6	50	532	0	0	0	0.999946
17845	2	metal6	60	532	0	0	0	0.999946
17846	2	metal6	70	532	0	0	0	0.999946
17847	2	metal6	80	532	0	0	0	0.999946
17848	2	metal6	90	532	0	0	0	0.999946
17849	2	metal6	100	532	0	0	0	0.999946
17850	2	metal6	110	532	0	0	0	0.999946
17851	2	metal6	120	532	0	0	0	0.999946
17852	2	metal6	130	532	0	0	0	0.999947
17853	2	metal6	140	532	0	0	0	0.999947
17854	2	metal6	150	532	0	0	0	0.999947
17855	2	metal6	160	532	0	0	0	0.999947
17856	2	metal6	170	532	0	0	0	0.999947
17857	2	metal6	180	532	0	0	0	0.999948
17858	2	metal6	190	532	0	0	0	0.999948
17859	2	metal6	200	532	0	0	0	0.999948
17860	2	metal6	210	532	0	0	0	0.999949
17861	2	metal6	220	532	0	0	0	0.999949
17862	2	metal6	230	532	0	0	0	0.999949
17863	2	metal6	240	532	0	0	0	0.99995
17864	2	metal6	250	532	0	0	0	0.999951
17865	2	metal6	260	532	0	0	0	0.999951
17866	2	metal6	270	532	0	0	0	0.999952
17867	2	metal6	280	532	0	0	0	0.999953
17868	2	metal6	290	532	0	0	0	0.999953
17869	2	metal6	300	532	0	0	0	0.999954
17870	2	metal6	310	532	0	0	0	0.999955
17871	2	metal6	320	532	0	0	0	0.999955
17872	2	metal6	330	532	0	0	0	0.999956
17873	2	metal6	340	532	0	0	0	0.999957
17874	2	metal6	350	532	0	0	0	0.999958
17875	2	metal6	360	532	0	0	0	0.999959
17876	2	metal6	370	532	0	0	0	0.99996
17877	2	metal6	380	532	0	0	0	0.999961
17878	2	metal6	390	532	0	0	0	0.999962
17879	2	metal6	400	532	0	0	0	0.999963
17880	2	metal6	410	532	0	0	0	0.999964
17881	2	metal6	420	532	0	0	0	0.999966
17882	2	metal6	430	532	0	0	0	0.999968
17883	2	metal6	440	532	0	0	0	0.999968
17884	2	metal6	450	532	0	0	0	0.99997
17885	2	metal6	460	532	0	0	0	0.999972
17886	2	metal6	470	532	0	0	0	0.999973
17887	2	metal6	480	532	0	0	0	0.999975
17888	2	metal6	490	532	0	0	0	0.999977
17889	2	metal6	500	532	0	0	0	0.999978
17890	2	metal6	510	532	0	0	0	0.999979
17891	2	metal6	520	532	0	0	0	0.999983
17892	2	metal6	530	532	0	0	0	0.999983
17893	2	metal6	540	532	0	0	0	0.999985
17894	2	metal6	550	532	0	0	0	0.999988
17895	2	metal6	560	532	0	0	0	0.999984
17896	2	metal6	570	532	0	0	0	0.999982
17897	2	metal6	580	532	0	0	0	0.999983
17898	2	metal6	590	532	0	0	0	0.99998
17899	2	metal6	600	532	0	0	0	0.999979
17900	2	metal6	610	532	0	0	0	0.999978
17901	2	metal6	620	532	0	0	0	0.999975
17902	2	metal6	630	532	0	0	0	0.999973
17903	2	metal6	640	532	0	0	0	0.999972
17904	2	metal6	650	532	0	0	0	0.99997
17905	2	metal6	660	532	0	0	0	0.999969
17906	2	metal6	670	532	0	0	0	0.999968
17907	2	metal6	680	532	0	0	0	0.999966
17908	2	metal6	690	532	0	0	0	0.999965
17909	2	metal6	700	532	0	0	0	0.999965
17910	2	metal6	710	532	0	0	0	0.999963
17911	2	metal6	720	532	0	0	0	0.999962
17912	2	metal6	730	532	0	0	0	0.999962
17913	2	metal6	740	532	0	0	0	0.99996
17914	2	metal6	750	532	0	0	0	0.999959
17915	2	metal6	760	532	0	0	0	0.999959
17916	2	metal6	770	532	0	0	0	0.999958
17917	2	metal6	780	532	0	0	0	0.999958
17918	2	metal6	790	532	0	0	0	0.999957
17919	2	metal6	800	532	0	0	0	0.999956
17920	2	metal6	810	532	0	0	0	0.999956
17921	2	metal6	820	532	0	0	0	0.999956
17922	2	metal6	830	532	0	0	0	0.999955
17923	2	metal6	840	532	0	0	0	0.999955
17924	2	metal6	850	532	0	0	0	0.999954
17925	2	metal6	860	532	0	0	0	0.999954
17926	2	metal6	870	532	0	0	0	0.999953
17927	2	metal6	880	532	0	0	0	0.999953
17928	2	metal6	890	532	0	0	0	0.999953
17929	2	metal6	900	532	0	0	0	0.999952
17930	2	metal6	910	532	0	0	0	0.999952
17931	2	metal6	920	532	0	0	0	0.999952
17932	2	metal6	930	532	0	0	0	0.999952
17933	2	metal6	940	532	0	0	0	0.999952
17934	2	metal6	950	532	0	0	0	0.999951
17935	2	metal6	960	532	0	0	0	0.999951
17936	2	metal6	970	532	0	0	0	0.999951
17937	2	metal6	980	532	0	0	0	0.999951
17938	2	metal6	990	532	0	0	0	0.999951
17939	2	metal6	1000	532	0	0	0	0.999951
17940	2	metal6	1010	532	0	0	0	0.99995
17941	2	metal6	1020	532	0	0	0	0.99995
17942	2	metal6	1030	532	0	0	0	0.99995
17943	2	metal6	1040	532	0	0	0	0.99995
17944	2	metal6	1050	532	0	0	0	0.99995
17945	2	metal6	1060	532	0	0	0	0.99995
17946	2	metal6	1070	532	0	0	0	0.99995
17947	2	metal6	1080	532	0	0	0	0.99995
17948	2	metal6	1090	532	0	0	0	0.99995
17949	2	metal6	10	542	0	0	0	0.999946
17950	2	metal6	20	542	0	0	0	0.999946
17951	2	metal6	30	542	0	0	0	0.999946
17952	2	metal6	40	542	0	0	0	0.999946
17953	2	metal6	50	542	0	0	0	0.999946
17954	2	metal6	60	542	0	0	0	0.999946
17955	2	metal6	70	542	0	0	0	0.999946
17956	2	metal6	80	542	0	0	0	0.999946
17957	2	metal6	90	542	0	0	0	0.999946
17958	2	metal6	100	542	0	0	0	0.999946
17959	2	metal6	110	542	0	0	0	0.999946
17960	2	metal6	120	542	0	0	0	0.999947
17961	2	metal6	130	542	0	0	0	0.999947
17962	2	metal6	140	542	0	0	0	0.999947
17963	2	metal6	150	542	0	0	0	0.999947
17964	2	metal6	160	542	0	0	0	0.999947
17965	2	metal6	170	542	0	0	0	0.999948
17966	2	metal6	180	542	0	0	0	0.999948
17967	2	metal6	190	542	0	0	0	0.999948
17968	2	metal6	200	542	0	0	0	0.999948
17969	2	metal6	210	542	0	0	0	0.999949
17970	2	metal6	220	542	0	0	0	0.999949
17971	2	metal6	230	542	0	0	0	0.999949
17972	2	metal6	240	542	0	0	0	0.99995
17973	2	metal6	250	542	0	0	0	0.999951
17974	2	metal6	260	542	0	0	0	0.999951
17975	2	metal6	270	542	0	0	0	0.999952
17976	2	metal6	280	542	0	0	0	0.999953
17977	2	metal6	290	542	0	0	0	0.999953
17978	2	metal6	300	542	0	0	0	0.999954
17979	2	metal6	310	542	0	0	0	0.999955
17980	2	metal6	320	542	0	0	0	0.999955
17981	2	metal6	330	542	0	0	0	0.999956
17982	2	metal6	340	542	0	0	0	0.999957
17983	2	metal6	350	542	0	0	0	0.999958
17984	2	metal6	360	542	0	0	0	0.999959
17985	2	metal6	370	542	0	0	0	0.99996
17986	2	metal6	380	542	0	0	0	0.999961
17987	2	metal6	390	542	0	0	0	0.999962
17988	2	metal6	400	542	0	0	0	0.999964
17989	2	metal6	410	542	0	0	0	0.999965
17990	2	metal6	420	542	0	0	0	0.999966
17991	2	metal6	430	542	0	0	0	0.999968
17992	2	metal6	440	542	0	0	0	0.999969
17993	2	metal6	450	542	0	0	0	0.99997
17994	2	metal6	460	542	0	0	0	0.999972
17995	2	metal6	470	542	0	0	0	0.999973
17996	2	metal6	480	542	0	0	0	0.999975
17997	2	metal6	490	542	0	0	0	0.999978
17998	2	metal6	500	542	0	0	0	0.999978
17999	2	metal6	510	542	0	0	0	0.999979
18000	2	metal6	520	542	0	0	0	0.999983
18001	2	metal6	530	542	0	0	0	0.999984
18002	2	metal6	540	542	0	0	0	0.999985
18003	2	metal6	550	542	0	0	0	0.999988
18004	2	metal6	560	542	0	0	0	0.999985
18005	2	metal6	570	542	0	0	0	0.999983
18006	2	metal6	580	542	0	0	0	0.999984
18007	2	metal6	590	542	0	0	0	0.999981
18008	2	metal6	600	542	0	0	0	0.999979
18009	2	metal6	610	542	0	0	0	0.999978
18010	2	metal6	620	542	0	0	0	0.999975
18011	2	metal6	630	542	0	0	0	0.999973
18012	2	metal6	640	542	0	0	0	0.999973
18013	2	metal6	650	542	0	0	0	0.999971
18014	2	metal6	660	542	0	0	0	0.999969
18015	2	metal6	670	542	0	0	0	0.999968
18016	2	metal6	680	542	0	0	0	0.999966
18017	2	metal6	690	542	0	0	0	0.999965
18018	2	metal6	700	542	0	0	0	0.999965
18019	2	metal6	710	542	0	0	0	0.999964
18020	2	metal6	720	542	0	0	0	0.999963
18021	2	metal6	730	542	0	0	0	0.999962
18022	2	metal6	740	542	0	0	0	0.99996
18023	2	metal6	750	542	0	0	0	0.99996
18024	2	metal6	760	542	0	0	0	0.999959
18025	2	metal6	770	542	0	0	0	0.999959
18026	2	metal6	780	542	0	0	0	0.999958
18027	2	metal6	790	542	0	0	0	0.999957
18028	2	metal6	800	542	0	0	0	0.999957
18029	2	metal6	810	542	0	0	0	0.999956
18030	2	metal6	820	542	0	0	0	0.999956
18031	2	metal6	830	542	0	0	0	0.999955
18032	2	metal6	840	542	0	0	0	0.999955
18033	2	metal6	850	542	0	0	0	0.999955
18034	2	metal6	860	542	0	0	0	0.999954
18035	2	metal6	870	542	0	0	0	0.999954
18036	2	metal6	880	542	0	0	0	0.999954
18037	2	metal6	890	542	0	0	0	0.999953
18038	2	metal6	900	542	0	0	0	0.999953
18039	2	metal6	910	542	0	0	0	0.999953
18040	2	metal6	920	542	0	0	0	0.999952
18041	2	metal6	930	542	0	0	0	0.999952
18042	2	metal6	940	542	0	0	0	0.999952
18043	2	metal6	950	542	0	0	0	0.999951
18044	2	metal6	960	542	0	0	0	0.999951
18045	2	metal6	970	542	0	0	0	0.999951
18046	2	metal6	980	542	0	0	0	0.999951
18047	2	metal6	990	542	0	0	0	0.999951
18048	2	metal6	1000	542	0	0	0	0.999951
18049	2	metal6	1010	542	0	0	0	0.999951
18050	2	metal6	1020	542	0	0	0	0.99995
18051	2	metal6	1030	542	0	0	0	0.99995
18052	2	metal6	1040	542	0	0	0	0.99995
18053	2	metal6	1050	542	0	0	0	0.99995
18054	2	metal6	1060	542	0	0	0	0.99995
18055	2	metal6	1070	542	0	0	0	0.99995
18056	2	metal6	1080	542	0	0	0	0.99995
18057	2	metal6	1090	542	0	0	0	0.99995
18058	2	metal6	10	552	0	0	0	0.999946
18059	2	metal6	20	552	0	0	0	0.999946
18060	2	metal6	30	552	0	0	0	0.999946
18061	2	metal6	40	552	0	0	0	0.999946
18062	2	metal6	50	552	0	0	0	0.999946
18063	2	metal6	60	552	0	0	0	0.999946
18064	2	metal6	70	552	0	0	0	0.999946
18065	2	metal6	80	552	0	0	0	0.999946
18066	2	metal6	90	552	0	0	0	0.999946
18067	2	metal6	100	552	0	0	0	0.999947
18068	2	metal6	110	552	0	0	0	0.999946
18069	2	metal6	120	552	0	0	0	0.999947
18070	2	metal6	130	552	0	0	0	0.999947
18071	2	metal6	140	552	0	0	0	0.999947
18072	2	metal6	150	552	0	0	0	0.999947
18073	2	metal6	160	552	0	0	0	0.999948
18074	2	metal6	170	552	0	0	0	0.999947
18075	2	metal6	180	552	0	0	0	0.999948
18076	2	metal6	190	552	0	0	0	0.999948
18077	2	metal6	200	552	0	0	0	0.999948
18078	2	metal6	210	552	0	0	0	0.999949
18079	2	metal6	220	552	0	0	0	0.999949
18080	2	metal6	230	552	0	0	0	0.999949
18081	2	metal6	240	552	0	0	0	0.99995
18082	2	metal6	250	552	0	0	0	0.999951
18083	2	metal6	260	552	0	0	0	0.999951
18084	2	metal6	270	552	0	0	0	0.999952
18085	2	metal6	280	552	0	0	0	0.999953
18086	2	metal6	290	552	0	0	0	0.999953
18087	2	metal6	300	552	0	0	0	0.999954
18088	2	metal6	310	552	0	0	0	0.999955
18089	2	metal6	320	552	0	0	0	0.999955
18090	2	metal6	330	552	0	0	0	0.999956
18091	2	metal6	340	552	0	0	0	0.999958
18092	2	metal6	350	552	0	0	0	0.999958
18093	2	metal6	360	552	0	0	0	0.999959
18094	2	metal6	370	552	0	0	0	0.999961
18095	2	metal6	380	552	0	0	0	0.999961
18096	2	metal6	390	552	0	0	0	0.999962
18097	2	metal6	400	552	0	0	0	0.999964
18098	2	metal6	410	552	0	0	0	0.999965
18099	2	metal6	420	552	0	0	0	0.999966
18100	2	metal6	430	552	0	0	0	0.999968
18101	2	metal6	440	552	0	0	0	0.999969
18102	2	metal6	450	552	0	0	0	0.99997
18103	2	metal6	460	552	0	0	0	0.999973
18104	2	metal6	470	552	0	0	0	0.999973
18105	2	metal6	480	552	0	0	0	0.999975
18106	2	metal6	490	552	0	0	0	0.999979
18107	2	metal6	500	552	0	0	0	0.999978
18108	2	metal6	510	552	0	0	0	0.999979
18109	2	metal6	520	552	0	0	0	0.999985
18110	2	metal6	530	552	0	0	0	0.999984
18111	2	metal6	540	552	0	0	0	0.999985
18112	2	metal6	550	552	0	0	0	0.999992
18113	2	metal6	560	552	0	0	0	0.999985
18114	2	metal6	570	552	0	0	0	0.999983
18115	2	metal6	580	552	0	0	0	0.999985
18116	2	metal6	590	552	0	0	0	0.999981
18117	2	metal6	600	552	0	0	0	0.999979
18118	2	metal6	610	552	0	0	0	0.999979
18119	2	metal6	620	552	0	0	0	0.999975
18120	2	metal6	630	552	0	0	0	0.999973
18121	2	metal6	640	552	0	0	0	0.999974
18122	2	metal6	650	552	0	0	0	0.999971
18123	2	metal6	660	552	0	0	0	0.999969
18124	2	metal6	670	552	0	0	0	0.999969
18125	2	metal6	680	552	0	0	0	0.999966
18126	2	metal6	690	552	0	0	0	0.999965
18127	2	metal6	700	552	0	0	0	0.999966
18128	2	metal6	710	552	0	0	0	0.999964
18129	2	metal6	720	552	0	0	0	0.999963
18130	2	metal6	730	552	0	0	0	0.999963
18131	2	metal6	740	552	0	0	0	0.999961
18132	2	metal6	750	552	0	0	0	0.99996
18133	2	metal6	760	552	0	0	0	0.99996
18134	2	metal6	770	552	0	0	0	0.999959
18135	2	metal6	780	552	0	0	0	0.999958
18136	2	metal6	790	552	0	0	0	0.999958
18137	2	metal6	800	552	0	0	0	0.999957
18138	2	metal6	810	552	0	0	0	0.999956
18139	2	metal6	820	552	0	0	0	0.999956
18140	2	metal6	830	552	0	0	0	0.999956
18141	2	metal6	840	552	0	0	0	0.999955
18142	2	metal6	850	552	0	0	0	0.999955
18143	2	metal6	860	552	0	0	0	0.999954
18144	2	metal6	870	552	0	0	0	0.999954
18145	2	metal6	880	552	0	0	0	0.999954
18146	2	metal6	890	552	0	0	0	0.999953
18147	2	metal6	900	552	0	0	0	0.999953
18148	2	metal6	910	552	0	0	0	0.999953
18149	2	metal6	920	552	0	0	0	0.999952
18150	2	metal6	930	552	0	0	0	0.999952
18151	2	metal6	940	552	0	0	0	0.999952
18152	2	metal6	950	552	0	0	0	0.999952
18153	2	metal6	960	552	0	0	0	0.999951
18154	2	metal6	970	552	0	0	0	0.999951
18155	2	metal6	980	552	0	0	0	0.999951
18156	2	metal6	990	552	0	0	0	0.999951
18157	2	metal6	1000	552	0	0	0	0.999951
18158	2	metal6	1010	552	0	0	0	0.999951
18159	2	metal6	1020	552	0	0	0	0.999951
18160	2	metal6	1030	552	0	0	0	0.999951
18161	2	metal6	1040	552	0	0	0	0.99995
18162	2	metal6	1050	552	0	0	0	0.99995
18163	2	metal6	1060	552	0	0	0	0.99995
18164	2	metal6	1070	552	0	0	0	0.99995
18165	2	metal6	1080	552	0	0	0	0.99995
18166	2	metal6	1090	552	0	0	0	0.99995
18167	2	metal6	10	562	0	0	0	0.999946
18168	2	metal6	20	562	0	0	0	0.999946
18169	2	metal6	30	562	0	0	0	0.999946
18170	2	metal6	40	562	0	0	0	0.999946
18171	2	metal6	50	562	0	0	0	0.999946
18172	2	metal6	60	562	0	0	0	0.999946
18173	2	metal6	70	562	0	0	0	0.999946
18174	2	metal6	80	562	0	0	0	0.999946
18175	2	metal6	90	562	0	0	0	0.999946
18176	2	metal6	100	562	0	0	0	0.999946
18177	2	metal6	110	562	0	0	0	0.999946
18178	2	metal6	120	562	0	0	0	0.999946
18179	2	metal6	130	562	0	0	0	0.999947
18180	2	metal6	140	562	0	0	0	0.999947
18181	2	metal6	150	562	0	0	0	0.999947
18182	2	metal6	160	562	0	0	0	0.999947
18183	2	metal6	170	562	0	0	0	0.999947
18184	2	metal6	180	562	0	0	0	0.999947
18185	2	metal6	190	562	0	0	0	0.999948
18186	2	metal6	200	562	0	0	0	0.999948
18187	2	metal6	210	562	0	0	0	0.999948
18188	2	metal6	220	562	0	0	0	0.999949
18189	2	metal6	230	562	0	0	0	0.999948
18190	2	metal6	240	562	0	0	0	0.999949
18191	2	metal6	250	562	0	0	0	0.99995
18192	2	metal6	260	562	0	0	0	0.999951
18193	2	metal6	270	562	0	0	0	0.999951
18194	2	metal6	280	562	0	0	0	0.999952
18195	2	metal6	290	562	0	0	0	0.999952
18196	2	metal6	300	562	0	0	0	0.999953
18197	2	metal6	310	562	0	0	0	0.999955
18198	2	metal6	320	562	0	0	0	0.999955
18199	2	metal6	330	562	0	0	0	0.999956
18200	2	metal6	340	562	0	0	0	0.999957
18201	2	metal6	350	562	0	0	0	0.999957
18202	2	metal6	360	562	0	0	0	0.999958
18203	2	metal6	370	562	0	0	0	0.99996
18204	2	metal6	380	562	0	0	0	0.999961
18205	2	metal6	390	562	0	0	0	0.999962
18206	2	metal6	400	562	0	0	0	0.999963
18207	2	metal6	410	562	0	0	0	0.999964
18208	2	metal6	420	562	0	0	0	0.999966
18209	2	metal6	430	562	0	0	0	0.999968
18210	2	metal6	440	562	0	0	0	0.999968
18211	2	metal6	450	562	0	0	0	0.999969
18212	2	metal6	460	562	0	0	0	0.999971
18213	2	metal6	470	562	0	0	0	0.999972
18214	2	metal6	480	562	0	0	0	0.999974
18215	2	metal6	490	562	0	0	0	0.999977
18216	2	metal6	500	562	0	0	0	0.999977
18217	2	metal6	510	562	0	0	0	0.999977
18218	2	metal6	520	562	0	0	0	0.999982
18219	2	metal6	530	562	0	0	0	0.999983
18220	2	metal6	540	562	0	0	0	0.999985
18221	2	metal6	550	562	0	0	0	0.999988
18222	2	metal6	560	562	0	0	0	0.999983
18223	2	metal6	570	562	0	0	0	0.999981
18224	2	metal6	580	562	0	0	0	0.999983
18225	2	metal6	590	562	0	0	0	0.99998
18226	2	metal6	600	562	0	0	0	0.999979
18227	2	metal6	610	562	0	0	0	0.999978
18228	2	metal6	620	562	0	0	0	0.999975
18229	2	metal6	630	562	0	0	0	0.999972
18230	2	metal6	640	562	0	0	0	0.999972
18231	2	metal6	650	562	0	0	0	0.99997
18232	2	metal6	660	562	0	0	0	0.999969
18233	2	metal6	670	562	0	0	0	0.999968
18234	2	metal6	680	562	0	0	0	0.999965
18235	2	metal6	690	562	0	0	0	0.999965
18236	2	metal6	700	562	0	0	0	0.999965
18237	2	metal6	710	562	0	0	0	0.999964
18238	2	metal6	720	562	0	0	0	0.999963
18239	2	metal6	730	562	0	0	0	0.999962
18240	2	metal6	740	562	0	0	0	0.99996
18241	2	metal6	750	562	0	0	0	0.99996
18242	2	metal6	760	562	0	0	0	0.99996
18243	2	metal6	770	562	0	0	0	0.999959
18244	2	metal6	780	562	0	0	0	0.999958
18245	2	metal6	790	562	0	0	0	0.999957
18246	2	metal6	800	562	0	0	0	0.999957
18247	2	metal6	810	562	0	0	0	0.999957
18248	2	metal6	820	562	0	0	0	0.999956
18249	2	metal6	830	562	0	0	0	0.999956
18250	2	metal6	840	562	0	0	0	0.999955
18251	2	metal6	850	562	0	0	0	0.999955
18252	2	metal6	860	562	0	0	0	0.999954
18253	2	metal6	870	562	0	0	0	0.999954
18254	2	metal6	880	562	0	0	0	0.999954
18255	2	metal6	890	562	0	0	0	0.999953
18256	2	metal6	900	562	0	0	0	0.999953
18257	2	metal6	910	562	0	0	0	0.999953
18258	2	metal6	920	562	0	0	0	0.999952
18259	2	metal6	930	562	0	0	0	0.999952
18260	2	metal6	940	562	0	0	0	0.999952
18261	2	metal6	950	562	0	0	0	0.999952
18262	2	metal6	960	562	0	0	0	0.999951
18263	2	metal6	970	562	0	0	0	0.999951
18264	2	metal6	980	562	0	0	0	0.999951
18265	2	metal6	990	562	0	0	0	0.999951
18266	2	metal6	1000	562	0	0	0	0.999951
18267	2	metal6	1010	562	0	0	0	0.999951
18268	2	metal6	1020	562	0	0	0	0.999951
18269	2	metal6	1030	562	0	0	0	0.999951
18270	2	metal6	1040	562	0	0	0	0.999951
18271	2	metal6	1050	562	0	0	0	0.999951
18272	2	metal6	1060	562	0	0	0	0.99995
18273	2	metal6	1070	562	0	0	0	0.99995
18274	2	metal6	1080	562	0	0	0	0.99995
18275	2	metal6	1090	562	0	0	0	0.99995
18276	2	metal6	10	572	0	0	0	0.999946
18277	2	metal6	20	572	0	0	0	0.999946
18278	2	metal6	30	572	0	0	0	0.999946
18279	2	metal6	40	572	0	0	0	0.999946
18280	2	metal6	50	572	0	0	0	0.999946
18281	2	metal6	60	572	0	0	0	0.999946
18282	2	metal6	70	572	0	0	0	0.999946
18283	2	metal6	80	572	0	0	0	0.999946
18284	2	metal6	90	572	0	0	0	0.999946
18285	2	metal6	100	572	0	0	0	0.999946
18286	2	metal6	110	572	0	0	0	0.999946
18287	2	metal6	120	572	0	0	0	0.999946
18288	2	metal6	130	572	0	0	0	0.999947
18289	2	metal6	140	572	0	0	0	0.999947
18290	2	metal6	150	572	0	0	0	0.999947
18291	2	metal6	160	572	0	0	0	0.999947
18292	2	metal6	170	572	0	0	0	0.999947
18293	2	metal6	180	572	0	0	0	0.999946
18294	2	metal6	190	572	0	0	0	0.999947
18295	2	metal6	200	572	0	0	0	0.999948
18296	2	metal6	210	572	0	0	0	0.999948
18297	2	metal6	220	572	0	0	0	0.999948
18298	2	metal6	230	572	0	0	0	0.999947
18299	2	metal6	240	572	0	0	0	0.999949
18300	2	metal6	250	572	0	0	0	0.99995
18301	2	metal6	260	572	0	0	0	0.999951
18302	2	metal6	270	572	0	0	0	0.999951
18303	2	metal6	280	572	0	0	0	0.999952
18304	2	metal6	290	572	0	0	0	0.999951
18305	2	metal6	300	572	0	0	0	0.999953
18306	2	metal6	310	572	0	0	0	0.999954
18307	2	metal6	320	572	0	0	0	0.999955
18308	2	metal6	330	572	0	0	0	0.999956
18309	2	metal6	340	572	0	0	0	0.999956
18310	2	metal6	350	572	0	0	0	0.999956
18311	2	metal6	360	572	0	0	0	0.999958
18312	2	metal6	370	572	0	0	0	0.99996
18313	2	metal6	380	572	0	0	0	0.99996
18314	2	metal6	390	572	0	0	0	0.999961
18315	2	metal6	400	572	0	0	0	0.999961
18316	2	metal6	410	572	0	0	0	0.999963
18317	2	metal6	420	572	0	0	0	0.999965
18318	2	metal6	430	572	0	0	0	0.999967
18319	2	metal6	440	572	0	0	0	0.999968
18320	2	metal6	450	572	0	0	0	0.999968
18321	2	metal6	460	572	0	0	0	0.999968
18322	2	metal6	470	572	0	0	0	0.999971
18323	2	metal6	480	572	0	0	0	0.999974
18324	2	metal6	490	572	0	0	0	0.999976
18325	2	metal6	500	572	0	0	0	0.999975
18326	2	metal6	510	572	0	0	0	0.999974
18327	2	metal6	520	572	0	0	0	0.999981
18328	2	metal6	530	572	0	0	0	0.999982
18329	2	metal6	540	572	0	0	0	0.999984
18330	2	metal6	550	572	0	0	0	0.999987
18331	2	metal6	560	572	0	0	0	0.999982
18332	2	metal6	570	572	0	0	0	0.999977
18333	2	metal6	580	572	0	0	0	0.999981
18334	2	metal6	590	572	0	0	0	0.99998
18335	2	metal6	600	572	0	0	0	0.999979
18336	2	metal6	610	572	0	0	0	0.999978
18337	2	metal6	620	572	0	0	0	0.999974
18338	2	metal6	630	572	0	0	0	0.999969
18339	2	metal6	640	572	0	0	0	0.999971
18340	2	metal6	650	572	0	0	0	0.99997
18341	2	metal6	660	572	0	0	0	0.999969
18342	2	metal6	670	572	0	0	0	0.999967
18343	2	metal6	680	572	0	0	0	0.999964
18344	2	metal6	690	572	0	0	0	0.999964
18345	2	metal6	700	572	0	0	0	0.999965
18346	2	metal6	710	572	0	0	0	0.999964
18347	2	metal6	720	572	0	0	0	0.999963
18348	2	metal6	730	572	0	0	0	0.999962
18349	2	metal6	740	572	0	0	0	0.999959
18350	2	metal6	750	572	0	0	0	0.99996
18351	2	metal6	760	572	0	0	0	0.99996
18352	2	metal6	770	572	0	0	0	0.999959
18353	2	metal6	780	572	0	0	0	0.999958
18354	2	metal6	790	572	0	0	0	0.999957
18355	2	metal6	800	572	0	0	0	0.999957
18356	2	metal6	810	572	0	0	0	0.999957
18357	2	metal6	820	572	0	0	0	0.999956
18358	2	metal6	830	572	0	0	0	0.999956
18359	2	metal6	840	572	0	0	0	0.999955
18360	2	metal6	850	572	0	0	0	0.999954
18361	2	metal6	860	572	0	0	0	0.999954
18362	2	metal6	870	572	0	0	0	0.999954
18363	2	metal6	880	572	0	0	0	0.999954
18364	2	metal6	890	572	0	0	0	0.999954
18365	2	metal6	900	572	0	0	0	0.999953
18366	2	metal6	910	572	0	0	0	0.999952
18367	2	metal6	920	572	0	0	0	0.999952
18368	2	metal6	930	572	0	0	0	0.999952
18369	2	metal6	940	572	0	0	0	0.999952
18370	2	metal6	950	572	0	0	0	0.999952
18371	2	metal6	960	572	0	0	0	0.999951
18372	2	metal6	970	572	0	0	0	0.999951
18373	2	metal6	980	572	0	0	0	0.999951
18374	2	metal6	990	572	0	0	0	0.999951
18375	2	metal6	1000	572	0	0	0	0.999951
18376	2	metal6	1010	572	0	0	0	0.999951
18377	2	metal6	1020	572	0	0	0	0.99995
18378	2	metal6	1030	572	0	0	0	0.999951
18379	2	metal6	1040	572	0	0	0	0.999951
18380	2	metal6	1050	572	0	0	0	0.999951
18381	2	metal6	1060	572	0	0	0	0.999951
18382	2	metal6	1070	572	0	0	0	0.99995
18383	2	metal6	1080	572	0	0	0	0.99995
18384	2	metal6	1090	572	0	0	0	0.999951
18385	2	metal6	10	582	0	0	0	0.999946
18386	2	metal6	20	582	0	0	0	0.999946
18387	2	metal6	30	582	0	0	0	0.999946
18388	2	metal6	40	582	0	0	0	0.999946
18389	2	metal6	50	582	0	0	0	0.999946
18390	2	metal6	60	582	0	0	0	0.999946
18391	2	metal6	70	582	0	0	0	0.999946
18392	2	metal6	80	582	0	0	0	0.999946
18393	2	metal6	90	582	0	0	0	0.999946
18394	2	metal6	100	582	0	0	0	0.999947
18395	2	metal6	110	582	0	0	0	0.999947
18396	2	metal6	120	582	0	0	0	0.999946
18397	2	metal6	130	582	0	0	0	0.999947
18398	2	metal6	140	582	0	0	0	0.999947
18399	2	metal6	150	582	0	0	0	0.999947
18400	2	metal6	160	582	0	0	0	0.999947
18401	2	metal6	170	582	0	0	0	0.999947
18402	2	metal6	180	582	0	0	0	0.999947
18403	2	metal6	190	582	0	0	0	0.999948
18404	2	metal6	200	582	0	0	0	0.999948
18405	2	metal6	210	582	0	0	0	0.999948
18406	2	metal6	220	582	0	0	0	0.999949
18407	2	metal6	230	582	0	0	0	0.999948
18408	2	metal6	240	582	0	0	0	0.999949
18409	2	metal6	250	582	0	0	0	0.999951
18410	2	metal6	260	582	0	0	0	0.999951
18411	2	metal6	270	582	0	0	0	0.999951
18412	2	metal6	280	582	0	0	0	0.999952
18413	2	metal6	290	582	0	0	0	0.999952
18414	2	metal6	300	582	0	0	0	0.999953
18415	2	metal6	310	582	0	0	0	0.999955
18416	2	metal6	320	582	0	0	0	0.999955
18417	2	metal6	330	582	0	0	0	0.999956
18418	2	metal6	340	582	0	0	0	0.999957
18419	2	metal6	350	582	0	0	0	0.999957
18420	2	metal6	360	582	0	0	0	0.999958
18421	2	metal6	370	582	0	0	0	0.99996
18422	2	metal6	380	582	0	0	0	0.999961
18423	2	metal6	390	582	0	0	0	0.999962
18424	2	metal6	400	582	0	0	0	0.999963
18425	2	metal6	410	582	0	0	0	0.999964
18426	2	metal6	420	582	0	0	0	0.999966
18427	2	metal6	430	582	0	0	0	0.999968
18428	2	metal6	440	582	0	0	0	0.999968
18429	2	metal6	450	582	0	0	0	0.999969
18430	2	metal6	460	582	0	0	0	0.999972
18431	2	metal6	470	582	0	0	0	0.999972
18432	2	metal6	480	582	0	0	0	0.999975
18433	2	metal6	490	582	0	0	0	0.999978
18434	2	metal6	500	582	0	0	0	0.999977
18435	2	metal6	510	582	0	0	0	0.999978
18436	2	metal6	520	582	0	0	0	0.999985
18437	2	metal6	530	582	0	0	0	0.999983
18438	2	metal6	540	582	0	0	0	0.999985
18439	2	metal6	550	582	0	0	0	0.999992
18440	2	metal6	560	582	0	0	0	0.999984
18441	2	metal6	570	582	0	0	0	0.999981
18442	2	metal6	580	582	0	0	0	0.999985
18443	2	metal6	590	582	0	0	0	0.999981
18444	2	metal6	600	582	0	0	0	0.999979
18445	2	metal6	610	582	0	0	0	0.999979
18446	2	metal6	620	582	0	0	0	0.999975
18447	2	metal6	630	582	0	0	0	0.999972
18448	2	metal6	640	582	0	0	0	0.999973
18449	2	metal6	650	582	0	0	0	0.999971
18450	2	metal6	660	582	0	0	0	0.999969
18451	2	metal6	670	582	0	0	0	0.999969
18452	2	metal6	680	582	0	0	0	0.999966
18453	2	metal6	690	582	0	0	0	0.999965
18454	2	metal6	700	582	0	0	0	0.999966
18455	2	metal6	710	582	0	0	0	0.999964
18456	2	metal6	720	582	0	0	0	0.999963
18457	2	metal6	730	582	0	0	0	0.999963
18458	2	metal6	740	582	0	0	0	0.999961
18459	2	metal6	750	582	0	0	0	0.99996
18460	2	metal6	760	582	0	0	0	0.99996
18461	2	metal6	770	582	0	0	0	0.999959
18462	2	metal6	780	582	0	0	0	0.999958
18463	2	metal6	790	582	0	0	0	0.999958
18464	2	metal6	800	582	0	0	0	0.999957
18465	2	metal6	810	582	0	0	0	0.999957
18466	2	metal6	820	582	0	0	0	0.999957
18467	2	metal6	830	582	0	0	0	0.999956
18468	2	metal6	840	582	0	0	0	0.999956
18469	2	metal6	850	582	0	0	0	0.999955
18470	2	metal6	860	582	0	0	0	0.999955
18471	2	metal6	870	582	0	0	0	0.999954
18472	2	metal6	880	582	0	0	0	0.999954
18473	2	metal6	890	582	0	0	0	0.999954
18474	2	metal6	900	582	0	0	0	0.999953
18475	2	metal6	910	582	0	0	0	0.999953
18476	2	metal6	920	582	0	0	0	0.999953
18477	2	metal6	930	582	0	0	0	0.999953
18478	2	metal6	940	582	0	0	0	0.999953
18479	2	metal6	950	582	0	0	0	0.999952
18480	2	metal6	960	582	0	0	0	0.999952
18481	2	metal6	970	582	0	0	0	0.999952
18482	2	metal6	980	582	0	0	0	0.999952
18483	2	metal6	990	582	0	0	0	0.999951
18484	2	metal6	1000	582	0	0	0	0.999952
18485	2	metal6	1010	582	0	0	0	0.999951
18486	2	metal6	1020	582	0	0	0	0.999951
18487	2	metal6	1030	582	0	0	0	0.999951
18488	2	metal6	1040	582	0	0	0	0.999951
18489	2	metal6	1050	582	0	0	0	0.999951
18490	2	metal6	1060	582	0	0	0	0.999951
18491	2	metal6	1070	582	0	0	0	0.999951
18492	2	metal6	1080	582	0	0	0	0.999951
18493	2	metal6	1090	582	0	0	0	0.999951
18494	2	metal6	10	592	0	0	0	0.999946
18495	2	metal6	20	592	0	0	0	0.999946
18496	2	metal6	30	592	0	0	0	0.999946
18497	2	metal6	40	592	0	0	0	0.999946
18498	2	metal6	50	592	0	0	0	0.999946
18499	2	metal6	60	592	0	0	0	0.999946
18500	2	metal6	70	592	0	0	0	0.999946
18501	2	metal6	80	592	0	0	0	0.999946
18502	2	metal6	90	592	0	0	0	0.999947
18503	2	metal6	100	592	0	0	0	0.999947
18504	2	metal6	110	592	0	0	0	0.999947
18505	2	metal6	120	592	0	0	0	0.999947
18506	2	metal6	130	592	0	0	0	0.999947
18507	2	metal6	140	592	0	0	0	0.999947
18508	2	metal6	150	592	0	0	0	0.999947
18509	2	metal6	160	592	0	0	0	0.999947
18510	2	metal6	170	592	0	0	0	0.999947
18511	2	metal6	180	592	0	0	0	0.999947
18512	2	metal6	190	592	0	0	0	0.999948
18513	2	metal6	200	592	0	0	0	0.999948
18514	2	metal6	210	592	0	0	0	0.999948
18515	2	metal6	220	592	0	0	0	0.999949
18516	2	metal6	230	592	0	0	0	0.999949
18517	2	metal6	240	592	0	0	0	0.999949
18518	2	metal6	250	592	0	0	0	0.99995
18519	2	metal6	260	592	0	0	0	0.999951
18520	2	metal6	270	592	0	0	0	0.999951
18521	2	metal6	280	592	0	0	0	0.999952
18522	2	metal6	290	592	0	0	0	0.999952
18523	2	metal6	300	592	0	0	0	0.999953
18524	2	metal6	310	592	0	0	0	0.999955
18525	2	metal6	320	592	0	0	0	0.999955
18526	2	metal6	330	592	0	0	0	0.999956
18527	2	metal6	340	592	0	0	0	0.999957
18528	2	metal6	350	592	0	0	0	0.999958
18529	2	metal6	360	592	0	0	0	0.999959
18530	2	metal6	370	592	0	0	0	0.99996
18531	2	metal6	380	592	0	0	0	0.999961
18532	2	metal6	390	592	0	0	0	0.999962
18533	2	metal6	400	592	0	0	0	0.999964
18534	2	metal6	410	592	0	0	0	0.999965
18535	2	metal6	420	592	0	0	0	0.999966
18536	2	metal6	430	592	0	0	0	0.999968
18537	2	metal6	440	592	0	0	0	0.999969
18538	2	metal6	450	592	0	0	0	0.99997
18539	2	metal6	460	592	0	0	0	0.999972
18540	2	metal6	470	592	0	0	0	0.999973
18541	2	metal6	480	592	0	0	0	0.999975
18542	2	metal6	490	592	0	0	0	0.999978
18543	2	metal6	500	592	0	0	0	0.999978
18544	2	metal6	510	592	0	0	0	0.999979
18545	2	metal6	520	592	0	0	0	0.999983
18546	2	metal6	530	592	0	0	0	0.999984
18547	2	metal6	540	592	0	0	0	0.999985
18548	2	metal6	550	592	0	0	0	0.999989
18549	2	metal6	560	592	0	0	0	0.999985
18550	2	metal6	570	592	0	0	0	0.999983
18551	2	metal6	580	592	0	0	0	0.999984
18552	2	metal6	590	592	0	0	0	0.999981
18553	2	metal6	600	592	0	0	0	0.99998
18554	2	metal6	610	592	0	0	0	0.999979
18555	2	metal6	620	592	0	0	0	0.999976
18556	2	metal6	630	592	0	0	0	0.999973
18557	2	metal6	640	592	0	0	0	0.999973
18558	2	metal6	650	592	0	0	0	0.999971
18559	2	metal6	660	592	0	0	0	0.99997
18560	2	metal6	670	592	0	0	0	0.999969
18561	2	metal6	680	592	0	0	0	0.999967
18562	2	metal6	690	592	0	0	0	0.999966
18563	2	metal6	700	592	0	0	0	0.999966
18564	2	metal6	710	592	0	0	0	0.999964
18565	2	metal6	720	592	0	0	0	0.999963
18566	2	metal6	730	592	0	0	0	0.999963
18567	2	metal6	740	592	0	0	0	0.999961
18568	2	metal6	750	592	0	0	0	0.999961
18569	2	metal6	760	592	0	0	0	0.99996
18570	2	metal6	770	592	0	0	0	0.999959
18571	2	metal6	780	592	0	0	0	0.999959
18572	2	metal6	790	592	0	0	0	0.999958
18573	2	metal6	800	592	0	0	0	0.999958
18574	2	metal6	810	592	0	0	0	0.999957
18575	2	metal6	820	592	0	0	0	0.999957
18576	2	metal6	830	592	0	0	0	0.999956
18577	2	metal6	840	592	0	0	0	0.999956
18578	2	metal6	850	592	0	0	0	0.999955
18579	2	metal6	860	592	0	0	0	0.999955
18580	2	metal6	870	592	0	0	0	0.999955
18581	2	metal6	880	592	0	0	0	0.999954
18582	2	metal6	890	592	0	0	0	0.999954
18583	2	metal6	900	592	0	0	0	0.999954
18584	2	metal6	910	592	0	0	0	0.999953
18585	2	metal6	920	592	0	0	0	0.999953
18586	2	metal6	930	592	0	0	0	0.999953
18587	2	metal6	940	592	0	0	0	0.999953
18588	2	metal6	950	592	0	0	0	0.999952
18589	2	metal6	960	592	0	0	0	0.999952
18590	2	metal6	970	592	0	0	0	0.999952
18591	2	metal6	980	592	0	0	0	0.999952
18592	2	metal6	990	592	0	0	0	0.999952
18593	2	metal6	1000	592	0	0	0	0.999952
18594	2	metal6	1010	592	0	0	0	0.999951
18595	2	metal6	1020	592	0	0	0	0.999951
18596	2	metal6	1030	592	0	0	0	0.999951
18597	2	metal6	1040	592	0	0	0	0.999951
18598	2	metal6	1050	592	0	0	0	0.999951
18599	2	metal6	1060	592	0	0	0	0.999951
18600	2	metal6	1070	592	0	0	0	0.999951
18601	2	metal6	1080	592	0	0	0	0.999951
18602	2	metal6	1090	592	0	0	0	0.999951
18603	2	metal6	10	602	0	0	0	0.999946
18604	2	metal6	20	602	0	0	0	0.999946
18605	2	metal6	30	602	0	0	0	0.999946
18606	2	metal6	40	602	0	0	0	0.999946
18607	2	metal6	50	602	0	0	0	0.999946
18608	2	metal6	60	602	0	0	0	0.999947
18609	2	metal6	70	602	0	0	0	0.999947
18610	2	metal6	80	602	0	0	0	0.999947
18611	2	metal6	90	602	0	0	0	0.999947
18612	2	metal6	100	602	0	0	0	0.999947
18613	2	metal6	110	602	0	0	0	0.999947
18614	2	metal6	120	602	0	0	0	0.999947
18615	2	metal6	130	602	0	0	0	0.999947
18616	2	metal6	140	602	0	0	0	0.999947
18617	2	metal6	150	602	0	0	0	0.999947
18618	2	metal6	160	602	0	0	0	0.999947
18619	2	metal6	170	602	0	0	0	0.999947
18620	2	metal6	180	602	0	0	0	0.999947
18621	2	metal6	190	602	0	0	0	0.999948
18622	2	metal6	200	602	0	0	0	0.999948
18623	2	metal6	210	602	0	0	0	0.999948
18624	2	metal6	220	602	0	0	0	0.999949
18625	2	metal6	230	602	0	0	0	0.999948
18626	2	metal6	240	602	0	0	0	0.999949
18627	2	metal6	250	602	0	0	0	0.99995
18628	2	metal6	260	602	0	0	0	0.999951
18629	2	metal6	270	602	0	0	0	0.999951
18630	2	metal6	280	602	0	0	0	0.999952
18631	2	metal6	290	602	0	0	0	0.999953
18632	2	metal6	300	602	0	0	0	0.999953
18633	2	metal6	310	602	0	0	0	0.999955
18634	2	metal6	320	602	0	0	0	0.999955
18635	2	metal6	330	602	0	0	0	0.999956
18636	2	metal6	340	602	0	0	0	0.999957
18637	2	metal6	350	602	0	0	0	0.999958
18638	2	metal6	360	602	0	0	0	0.999959
18639	2	metal6	370	602	0	0	0	0.99996
18640	2	metal6	380	602	0	0	0	0.999961
18641	2	metal6	390	602	0	0	0	0.999962
18642	2	metal6	400	602	0	0	0	0.999964
18643	2	metal6	410	602	0	0	0	0.999965
18644	2	metal6	420	602	0	0	0	0.999966
18645	2	metal6	430	602	0	0	0	0.999968
18646	2	metal6	440	602	0	0	0	0.999969
18647	2	metal6	450	602	0	0	0	0.99997
18648	2	metal6	460	602	0	0	0	0.999972
18649	2	metal6	470	602	0	0	0	0.999973
18650	2	metal6	480	602	0	0	0	0.999975
18651	2	metal6	490	602	0	0	0	0.999978
18652	2	metal6	500	602	0	0	0	0.999978
18653	2	metal6	510	602	0	0	0	0.99998
18654	2	metal6	520	602	0	0	0	0.999984
18655	2	metal6	530	602	0	0	0	0.999984
18656	2	metal6	540	602	0	0	0	0.999985
18657	2	metal6	550	602	0	0	0	0.999989
18658	2	metal6	560	602	0	0	0	0.999985
18659	2	metal6	570	602	0	0	0	0.999983
18660	2	metal6	580	602	0	0	0	0.999984
18661	2	metal6	590	602	0	0	0	0.999981
18662	2	metal6	600	602	0	0	0	0.99998
18663	2	metal6	610	602	0	0	0	0.999979
18664	2	metal6	620	602	0	0	0	0.999976
18665	2	metal6	630	602	0	0	0	0.999974
18666	2	metal6	640	602	0	0	0	0.999973
18667	2	metal6	650	602	0	0	0	0.999971
18668	2	metal6	660	602	0	0	0	0.99997
18669	2	metal6	670	602	0	0	0	0.999969
18670	2	metal6	680	602	0	0	0	0.999967
18671	2	metal6	690	602	0	0	0	0.999966
18672	2	metal6	700	602	0	0	0	0.999966
18673	2	metal6	710	602	0	0	0	0.999965
18674	2	metal6	720	602	0	0	0	0.999964
18675	2	metal6	730	602	0	0	0	0.999963
18676	2	metal6	740	602	0	0	0	0.999962
18677	2	metal6	750	602	0	0	0	0.999961
18678	2	metal6	760	602	0	0	0	0.999961
18679	2	metal6	770	602	0	0	0	0.99996
18680	2	metal6	780	602	0	0	0	0.999959
18681	2	metal6	790	602	0	0	0	0.999959
18682	2	metal6	800	602	0	0	0	0.999958
18683	2	metal6	810	602	0	0	0	0.999957
18684	2	metal6	820	602	0	0	0	0.999957
18685	2	metal6	830	602	0	0	0	0.999957
18686	2	metal6	840	602	0	0	0	0.999956
18687	2	metal6	850	602	0	0	0	0.999956
18688	2	metal6	860	602	0	0	0	0.999955
18689	2	metal6	870	602	0	0	0	0.999955
18690	2	metal6	880	602	0	0	0	0.999955
18691	2	metal6	890	602	0	0	0	0.999954
18692	2	metal6	900	602	0	0	0	0.999954
18693	2	metal6	910	602	0	0	0	0.999954
18694	2	metal6	920	602	0	0	0	0.999953
18695	2	metal6	930	602	0	0	0	0.999953
18696	2	metal6	940	602	0	0	0	0.999953
18697	2	metal6	950	602	0	0	0	0.999952
18698	2	metal6	960	602	0	0	0	0.999952
18699	2	metal6	970	602	0	0	0	0.999952
18700	2	metal6	980	602	0	0	0	0.999952
18701	2	metal6	990	602	0	0	0	0.999952
18702	2	metal6	1000	602	0	0	0	0.999952
18703	2	metal6	1010	602	0	0	0	0.999952
18704	2	metal6	1020	602	0	0	0	0.999951
18705	2	metal6	1030	602	0	0	0	0.999951
18706	2	metal6	1040	602	0	0	0	0.999951
18707	2	metal6	1050	602	0	0	0	0.999951
18708	2	metal6	1060	602	0	0	0	0.999951
18709	2	metal6	1070	602	0	0	0	0.999951
18710	2	metal6	1080	602	0	0	0	0.999951
18711	2	metal6	1090	602	0	0	0	0.999951
18712	2	metal6	10	612	0	0	0	0.999946
18713	2	metal6	20	612	0	0	0	0.999946
18714	2	metal6	30	612	0	0	0	0.999947
18715	2	metal6	40	612	0	0	0	0.999947
18716	2	metal6	50	612	0	0	0	0.999947
18717	2	metal6	60	612	0	0	0	0.999947
18718	2	metal6	70	612	0	0	0	0.999947
18719	2	metal6	80	612	0	0	0	0.999947
18720	2	metal6	90	612	0	0	0	0.999947
18721	2	metal6	100	612	0	0	0	0.999947
18722	2	metal6	110	612	0	0	0	0.999947
18723	2	metal6	120	612	0	0	0	0.999947
18724	2	metal6	130	612	0	0	0	0.999947
18725	2	metal6	140	612	0	0	0	0.999947
18726	2	metal6	150	612	0	0	0	0.999947
18727	2	metal6	160	612	0	0	0	0.999948
18728	2	metal6	170	612	0	0	0	0.999947
18729	2	metal6	180	612	0	0	0	0.999947
18730	2	metal6	190	612	0	0	0	0.999948
18731	2	metal6	200	612	0	0	0	0.999948
18732	2	metal6	210	612	0	0	0	0.999948
18733	2	metal6	220	612	0	0	0	0.999949
18734	2	metal6	230	612	0	0	0	0.999948
18735	2	metal6	240	612	0	0	0	0.999949
18736	2	metal6	250	612	0	0	0	0.99995
18737	2	metal6	260	612	0	0	0	0.999951
18738	2	metal6	270	612	0	0	0	0.999951
18739	2	metal6	280	612	0	0	0	0.999952
18740	2	metal6	290	612	0	0	0	0.999952
18741	2	metal6	300	612	0	0	0	0.999953
18742	2	metal6	310	612	0	0	0	0.999955
18743	2	metal6	320	612	0	0	0	0.999955
18744	2	metal6	330	612	0	0	0	0.999956
18745	2	metal6	340	612	0	0	0	0.999958
18746	2	metal6	350	612	0	0	0	0.999958
18747	2	metal6	360	612	0	0	0	0.999959
18748	2	metal6	370	612	0	0	0	0.999961
18749	2	metal6	380	612	0	0	0	0.999961
18750	2	metal6	390	612	0	0	0	0.999962
18751	2	metal6	400	612	0	0	0	0.999964
18752	2	metal6	410	612	0	0	0	0.999965
18753	2	metal6	420	612	0	0	0	0.999966
18754	2	metal6	430	612	0	0	0	0.999969
18755	2	metal6	440	612	0	0	0	0.999969
18756	2	metal6	450	612	0	0	0	0.99997
18757	2	metal6	460	612	0	0	0	0.999973
18758	2	metal6	470	612	0	0	0	0.999973
18759	2	metal6	480	612	0	0	0	0.999975
18760	2	metal6	490	612	0	0	0	0.999979
18761	2	metal6	500	612	0	0	0	0.999978
18762	2	metal6	510	612	0	0	0	0.999979
18763	2	metal6	520	612	0	0	0	0.999985
18764	2	metal6	530	612	0	0	0	0.999984
18765	2	metal6	540	612	0	0	0	0.999986
18766	2	metal6	550	612	0	0	0	0.999992
18767	2	metal6	560	612	0	0	0	0.999985
18768	2	metal6	570	612	0	0	0	0.999983
18769	2	metal6	580	612	0	0	0	0.999986
18770	2	metal6	590	612	0	0	0	0.999981
18771	2	metal6	600	612	0	0	0	0.99998
18772	2	metal6	610	612	0	0	0	0.99998
18773	2	metal6	620	612	0	0	0	0.999976
18774	2	metal6	630	612	0	0	0	0.999974
18775	2	metal6	640	612	0	0	0	0.999974
18776	2	metal6	650	612	0	0	0	0.999971
18777	2	metal6	660	612	0	0	0	0.99997
18778	2	metal6	670	612	0	0	0	0.99997
18779	2	metal6	680	612	0	0	0	0.999967
18780	2	metal6	690	612	0	0	0	0.999966
18781	2	metal6	700	612	0	0	0	0.999966
18782	2	metal6	710	612	0	0	0	0.999965
18783	2	metal6	720	612	0	0	0	0.999964
18784	2	metal6	730	612	0	0	0	0.999963
18785	2	metal6	740	612	0	0	0	0.999962
18786	2	metal6	750	612	0	0	0	0.999961
18787	2	metal6	760	612	0	0	0	0.999961
18788	2	metal6	770	612	0	0	0	0.99996
18789	2	metal6	780	612	0	0	0	0.999959
18790	2	metal6	790	612	0	0	0	0.999959
18791	2	metal6	800	612	0	0	0	0.999958
18792	2	metal6	810	612	0	0	0	0.999958
18793	2	metal6	820	612	0	0	0	0.999957
18794	2	metal6	830	612	0	0	0	0.999957
18795	2	metal6	840	612	0	0	0	0.999956
18796	2	metal6	850	612	0	0	0	0.999956
18797	2	metal6	860	612	0	0	0	0.999955
18798	2	metal6	870	612	0	0	0	0.999955
18799	2	metal6	880	612	0	0	0	0.999955
18800	2	metal6	890	612	0	0	0	0.999954
18801	2	metal6	900	612	0	0	0	0.999954
18802	2	metal6	910	612	0	0	0	0.999954
18803	2	metal6	920	612	0	0	0	0.999953
18804	2	metal6	930	612	0	0	0	0.999953
18805	2	metal6	940	612	0	0	0	0.999953
18806	2	metal6	950	612	0	0	0	0.999953
18807	2	metal6	960	612	0	0	0	0.999952
18808	2	metal6	970	612	0	0	0	0.999952
18809	2	metal6	980	612	0	0	0	0.999952
18810	2	metal6	990	612	0	0	0	0.999952
18811	2	metal6	1000	612	0	0	0	0.999952
18812	2	metal6	1010	612	0	0	0	0.999952
18813	2	metal6	1020	612	0	0	0	0.999952
18814	2	metal6	1030	612	0	0	0	0.999952
18815	2	metal6	1040	612	0	0	0	0.999951
18816	2	metal6	1050	612	0	0	0	0.999951
18817	2	metal6	1060	612	0	0	0	0.999951
18818	2	metal6	1070	612	0	0	0	0.999951
18819	2	metal6	1080	612	0	0	0	0.999951
18820	2	metal6	1090	612	0	0	0	0.999951
18821	2	metal6	10	622	0	0	0	0.999946
18822	2	metal6	20	622	0	0	0	0.999946
18823	2	metal6	30	622	0	0	0	0.999947
18824	2	metal6	40	622	0	0	0	0.999947
18825	2	metal6	50	622	0	0	0	0.999947
18826	2	metal6	60	622	0	0	0	0.999947
18827	2	metal6	70	622	0	0	0	0.999947
18828	2	metal6	80	622	0	0	0	0.999947
18829	2	metal6	90	622	0	0	0	0.999947
18830	2	metal6	100	622	0	0	0	0.999947
18831	2	metal6	110	622	0	0	0	0.999947
18832	2	metal6	120	622	0	0	0	0.999947
18833	2	metal6	130	622	0	0	0	0.999947
18834	2	metal6	140	622	0	0	0	0.999947
18835	2	metal6	150	622	0	0	0	0.999947
18836	2	metal6	160	622	0	0	0	0.999947
18837	2	metal6	170	622	0	0	0	0.999947
18838	2	metal6	180	622	0	0	0	0.999947
18839	2	metal6	190	622	0	0	0	0.999948
18840	2	metal6	200	622	0	0	0	0.999948
18841	2	metal6	210	622	0	0	0	0.999948
18842	2	metal6	220	622	0	0	0	0.999948
18843	2	metal6	230	622	0	0	0	0.999947
18844	2	metal6	240	622	0	0	0	0.999948
18845	2	metal6	250	622	0	0	0	0.99995
18846	2	metal6	260	622	0	0	0	0.99995
18847	2	metal6	270	622	0	0	0	0.999951
18848	2	metal6	280	622	0	0	0	0.999952
18849	2	metal6	290	622	0	0	0	0.999952
18850	2	metal6	300	622	0	0	0	0.999953
18851	2	metal6	310	622	0	0	0	0.999954
18852	2	metal6	320	622	0	0	0	0.999955
18853	2	metal6	330	622	0	0	0	0.999956
18854	2	metal6	340	622	0	0	0	0.999957
18855	2	metal6	350	622	0	0	0	0.999957
18856	2	metal6	360	622	0	0	0	0.999958
18857	2	metal6	370	622	0	0	0	0.99996
18858	2	metal6	380	622	0	0	0	0.999961
18859	2	metal6	390	622	0	0	0	0.999962
18860	2	metal6	400	622	0	0	0	0.999963
18861	2	metal6	410	622	0	0	0	0.999964
18862	2	metal6	420	622	0	0	0	0.999966
18863	2	metal6	430	622	0	0	0	0.999968
18864	2	metal6	440	622	0	0	0	0.999968
18865	2	metal6	450	622	0	0	0	0.999969
18866	2	metal6	460	622	0	0	0	0.999971
18867	2	metal6	470	622	0	0	0	0.999972
18868	2	metal6	480	622	0	0	0	0.999974
18869	2	metal6	490	622	0	0	0	0.999977
18870	2	metal6	500	622	0	0	0	0.999977
18871	2	metal6	510	622	0	0	0	0.999978
18872	2	metal6	520	622	0	0	0	0.999982
18873	2	metal6	530	622	0	0	0	0.999983
18874	2	metal6	540	622	0	0	0	0.999985
18875	2	metal6	550	622	0	0	0	0.999988
18876	2	metal6	560	622	0	0	0	0.999984
18877	2	metal6	570	622	0	0	0	0.999981
18878	2	metal6	580	622	0	0	0	0.999983
18879	2	metal6	590	622	0	0	0	0.999981
18880	2	metal6	600	622	0	0	0	0.999979
18881	2	metal6	610	622	0	0	0	0.999978
18882	2	metal6	620	622	0	0	0	0.999975
18883	2	metal6	630	622	0	0	0	0.999972
18884	2	metal6	640	622	0	0	0	0.999973
18885	2	metal6	650	622	0	0	0	0.999971
18886	2	metal6	660	622	0	0	0	0.99997
18887	2	metal6	670	622	0	0	0	0.999969
18888	2	metal6	680	622	0	0	0	0.999966
18889	2	metal6	690	622	0	0	0	0.999966
18890	2	metal6	700	622	0	0	0	0.999966
18891	2	metal6	710	622	0	0	0	0.999964
18892	2	metal6	720	622	0	0	0	0.999963
18893	2	metal6	730	622	0	0	0	0.999963
18894	2	metal6	740	622	0	0	0	0.999961
18895	2	metal6	750	622	0	0	0	0.999961
18896	2	metal6	760	622	0	0	0	0.999961
18897	2	metal6	770	622	0	0	0	0.99996
18898	2	metal6	780	622	0	0	0	0.999959
18899	2	metal6	790	622	0	0	0	0.999958
18900	2	metal6	800	622	0	0	0	0.999958
18901	2	metal6	810	622	0	0	0	0.999958
18902	2	metal6	820	622	0	0	0	0.999957
18903	2	metal6	830	622	0	0	0	0.999957
18904	2	metal6	840	622	0	0	0	0.999956
18905	2	metal6	850	622	0	0	0	0.999956
18906	2	metal6	860	622	0	0	0	0.999955
18907	2	metal6	870	622	0	0	0	0.999955
18908	2	metal6	880	622	0	0	0	0.999955
18909	2	metal6	890	622	0	0	0	0.999954
18910	2	metal6	900	622	0	0	0	0.999954
18911	2	metal6	910	622	0	0	0	0.999954
18912	2	metal6	920	622	0	0	0	0.999953
18913	2	metal6	930	622	0	0	0	0.999953
18914	2	metal6	940	622	0	0	0	0.999953
18915	2	metal6	950	622	0	0	0	0.999953
18916	2	metal6	960	622	0	0	0	0.999952
18917	2	metal6	970	622	0	0	0	0.999952
18918	2	metal6	980	622	0	0	0	0.999952
18919	2	metal6	990	622	0	0	0	0.999952
18920	2	metal6	1000	622	0	0	0	0.999952
18921	2	metal6	1010	622	0	0	0	0.999952
18922	2	metal6	1020	622	0	0	0	0.999952
18923	2	metal6	1030	622	0	0	0	0.999952
18924	2	metal6	1040	622	0	0	0	0.999952
18925	2	metal6	1050	622	0	0	0	0.999951
18926	2	metal6	1060	622	0	0	0	0.999951
18927	2	metal6	1070	622	0	0	0	0.999951
18928	2	metal6	1080	622	0	0	0	0.999951
18929	2	metal6	1090	622	0	0	0	0.999951
18930	2	metal6	10	632	0	0	0	0.999946
18931	2	metal6	20	632	0	0	0	0.999946
18932	2	metal6	30	632	0	0	0	0.999947
18933	2	metal6	40	632	0	0	0	0.999947
18934	2	metal6	50	632	0	0	0	0.999947
18935	2	metal6	60	632	0	0	0	0.999947
18936	2	metal6	70	632	0	0	0	0.999947
18937	2	metal6	80	632	0	0	0	0.999947
18938	2	metal6	90	632	0	0	0	0.999947
18939	2	metal6	100	632	0	0	0	0.999947
18940	2	metal6	110	632	0	0	0	0.999947
18941	2	metal6	120	632	0	0	0	0.999947
18942	2	metal6	130	632	0	0	0	0.999947
18943	2	metal6	140	632	0	0	0	0.999947
18944	2	metal6	150	632	0	0	0	0.999947
18945	2	metal6	160	632	0	0	0	0.999947
18946	2	metal6	170	632	0	0	0	0.999947
18947	2	metal6	180	632	0	0	0	0.999946
18948	2	metal6	190	632	0	0	0	0.999947
18949	2	metal6	200	632	0	0	0	0.999947
18950	2	metal6	210	632	0	0	0	0.999947
18951	2	metal6	220	632	0	0	0	0.999947
18952	2	metal6	230	632	0	0	0	0.999944
18953	2	metal6	240	632	0	0	0	0.999947
18954	2	metal6	250	632	0	0	0	0.999949
18955	2	metal6	260	632	0	0	0	0.99995
18956	2	metal6	270	632	0	0	0	0.999951
18957	2	metal6	280	632	0	0	0	0.999951
18958	2	metal6	290	632	0	0	0	0.999951
18959	2	metal6	300	632	0	0	0	0.999953
18960	2	metal6	310	632	0	0	0	0.999954
18961	2	metal6	320	632	0	0	0	0.999955
18962	2	metal6	330	632	0	0	0	0.999956
18963	2	metal6	340	632	0	0	0	0.999956
18964	2	metal6	350	632	0	0	0	0.999956
18965	2	metal6	360	632	0	0	0	0.999958
18966	2	metal6	370	632	0	0	0	0.99996
18967	2	metal6	380	632	0	0	0	0.999961
18968	2	metal6	390	632	0	0	0	0.999961
18969	2	metal6	400	632	0	0	0	0.999961
18970	2	metal6	410	632	0	0	0	0.999964
18971	2	metal6	420	632	0	0	0	0.999966
18972	2	metal6	430	632	0	0	0	0.999967
18973	2	metal6	440	632	0	0	0	0.999968
18974	2	metal6	450	632	0	0	0	0.999968
18975	2	metal6	460	632	0	0	0	0.999968
18976	2	metal6	470	632	0	0	0	0.999971
18977	2	metal6	480	632	0	0	0	0.999974
18978	2	metal6	490	632	0	0	0	0.999976
18979	2	metal6	500	632	0	0	0	0.999976
18980	2	metal6	510	632	0	0	0	0.999974
18981	2	metal6	520	632	0	0	0	0.999981
18982	2	metal6	530	632	0	0	0	0.999983
18983	2	metal6	540	632	0	0	0	0.999984
18984	2	metal6	550	632	0	0	0	0.999987
18985	2	metal6	560	632	0	0	0	0.999982
18986	2	metal6	570	632	0	0	0	0.999977
18987	2	metal6	580	632	0	0	0	0.999981
18988	2	metal6	590	632	0	0	0	0.99998
18989	2	metal6	600	632	0	0	0	0.999979
18990	2	metal6	610	632	0	0	0	0.999978
18991	2	metal6	620	632	0	0	0	0.999974
18992	2	metal6	630	632	0	0	0	0.99997
18993	2	metal6	640	632	0	0	0	0.999972
18994	2	metal6	650	632	0	0	0	0.99997
18995	2	metal6	660	632	0	0	0	0.999969
18996	2	metal6	670	632	0	0	0	0.999968
18997	2	metal6	680	632	0	0	0	0.999964
18998	2	metal6	690	632	0	0	0	0.999965
18999	2	metal6	700	632	0	0	0	0.999965
19000	2	metal6	710	632	0	0	0	0.999964
19001	2	metal6	720	632	0	0	0	0.999963
19002	2	metal6	730	632	0	0	0	0.999962
19003	2	metal6	740	632	0	0	0	0.99996
19004	2	metal6	750	632	0	0	0	0.99996
19005	2	metal6	760	632	0	0	0	0.99996
19006	2	metal6	770	632	0	0	0	0.99996
19007	2	metal6	780	632	0	0	0	0.999959
19008	2	metal6	790	632	0	0	0	0.999958
19009	2	metal6	800	632	0	0	0	0.999958
19010	2	metal6	810	632	0	0	0	0.999958
19011	2	metal6	820	632	0	0	0	0.999957
19012	2	metal6	830	632	0	0	0	0.999957
19013	2	metal6	840	632	0	0	0	0.999956
19014	2	metal6	850	632	0	0	0	0.999955
19015	2	metal6	860	632	0	0	0	0.999955
19016	2	metal6	870	632	0	0	0	0.999955
19017	2	metal6	880	632	0	0	0	0.999955
19018	2	metal6	890	632	0	0	0	0.999954
19019	2	metal6	900	632	0	0	0	0.999954
19020	2	metal6	910	632	0	0	0	0.999953
19021	2	metal6	920	632	0	0	0	0.999953
19022	2	metal6	930	632	0	0	0	0.999953
19023	2	metal6	940	632	0	0	0	0.999953
19024	2	metal6	950	632	0	0	0	0.999953
19025	2	metal6	960	632	0	0	0	0.999952
19026	2	metal6	970	632	0	0	0	0.999952
19027	2	metal6	980	632	0	0	0	0.999952
19028	2	metal6	990	632	0	0	0	0.999952
19029	2	metal6	1000	632	0	0	0	0.999952
19030	2	metal6	1010	632	0	0	0	0.999952
19031	2	metal6	1020	632	0	0	0	0.999951
19032	2	metal6	1030	632	0	0	0	0.999952
19033	2	metal6	1040	632	0	0	0	0.999952
19034	2	metal6	1050	632	0	0	0	0.999952
19035	2	metal6	1060	632	0	0	0	0.999951
19036	2	metal6	1070	632	0	0	0	0.999951
19037	2	metal6	1080	632	0	0	0	0.999951
19038	2	metal6	1090	632	0	0	0	0.999951
19039	2	metal6	10	642	0	0	0	0.999947
19040	2	metal6	20	642	0	0	0	0.999947
19041	2	metal6	30	642	0	0	0	0.999947
19042	2	metal6	40	642	0	0	0	0.999947
19043	2	metal6	50	642	0	0	0	0.999947
19044	2	metal6	60	642	0	0	0	0.999947
19045	2	metal6	70	642	0	0	0	0.999947
19046	2	metal6	80	642	0	0	0	0.999947
19047	2	metal6	90	642	0	0	0	0.999947
19048	2	metal6	100	642	0	0	0	0.999947
19049	2	metal6	110	642	0	0	0	0.999947
19050	2	metal6	120	642	0	0	0	0.999947
19051	2	metal6	130	642	0	0	0	0.999948
19052	2	metal6	140	642	0	0	0	0.999948
19053	2	metal6	150	642	0	0	0	0.999948
19054	2	metal6	160	642	0	0	0	0.999948
19055	2	metal6	170	642	0	0	0	0.999948
19056	2	metal6	180	642	0	0	0	0.999947
19057	2	metal6	190	642	0	0	0	0.999948
19058	2	metal6	200	642	0	0	0	0.999948
19059	2	metal6	210	642	0	0	0	0.999948
19060	2	metal6	220	642	0	0	0	0.999948
19061	2	metal6	230	642	0	0	0	0.999947
19062	2	metal6	240	642	0	0	0	0.999949
19063	2	metal6	250	642	0	0	0	0.99995
19064	2	metal6	260	642	0	0	0	0.999951
19065	2	metal6	270	642	0	0	0	0.999951
19066	2	metal6	280	642	0	0	0	0.999952
19067	2	metal6	290	642	0	0	0	0.999952
19068	2	metal6	300	642	0	0	0	0.999953
19069	2	metal6	310	642	0	0	0	0.999955
19070	2	metal6	320	642	0	0	0	0.999955
19071	2	metal6	330	642	0	0	0	0.999956
19072	2	metal6	340	642	0	0	0	0.999957
19073	2	metal6	350	642	0	0	0	0.999957
19074	2	metal6	360	642	0	0	0	0.999959
19075	2	metal6	370	642	0	0	0	0.999961
19076	2	metal6	380	642	0	0	0	0.999961
19077	2	metal6	390	642	0	0	0	0.999962
19078	2	metal6	400	642	0	0	0	0.999964
19079	2	metal6	410	642	0	0	0	0.999964
19080	2	metal6	420	642	0	0	0	0.999966
19081	2	metal6	430	642	0	0	0	0.999968
19082	2	metal6	440	642	0	0	0	0.999968
19083	2	metal6	450	642	0	0	0	0.999969
19084	2	metal6	460	642	0	0	0	0.999972
19085	2	metal6	470	642	0	0	0	0.999972
19086	2	metal6	480	642	0	0	0	0.999974
19087	2	metal6	490	642	0	0	0	0.999978
19088	2	metal6	500	642	0	0	0	0.999977
19089	2	metal6	510	642	0	0	0	0.999978
19090	2	metal6	520	642	0	0	0	0.999985
19091	2	metal6	530	642	0	0	0	0.999983
19092	2	metal6	540	642	0	0	0	0.999985
19093	2	metal6	550	642	0	0	0	0.999992
19094	2	metal6	560	642	0	0	0	0.999984
19095	2	metal6	570	642	0	0	0	0.999981
19096	2	metal6	580	642	0	0	0	0.999985
19097	2	metal6	590	642	0	0	0	0.999981
19098	2	metal6	600	642	0	0	0	0.999979
19099	2	metal6	610	642	0	0	0	0.999979
19100	2	metal6	620	642	0	0	0	0.999975
19101	2	metal6	630	642	0	0	0	0.999972
19102	2	metal6	640	642	0	0	0	0.999974
19103	2	metal6	650	642	0	0	0	0.999971
19104	2	metal6	660	642	0	0	0	0.99997
19105	2	metal6	670	642	0	0	0	0.999969
19106	2	metal6	680	642	0	0	0	0.999966
19107	2	metal6	690	642	0	0	0	0.999966
19108	2	metal6	700	642	0	0	0	0.999966
19109	2	metal6	710	642	0	0	0	0.999965
19110	2	metal6	720	642	0	0	0	0.999964
19111	2	metal6	730	642	0	0	0	0.999963
19112	2	metal6	740	642	0	0	0	0.999961
19113	2	metal6	750	642	0	0	0	0.999961
19114	2	metal6	760	642	0	0	0	0.999961
19115	2	metal6	770	642	0	0	0	0.99996
19116	2	metal6	780	642	0	0	0	0.999959
19117	2	metal6	790	642	0	0	0	0.999959
19118	2	metal6	800	642	0	0	0	0.999958
19119	2	metal6	810	642	0	0	0	0.999958
19120	2	metal6	820	642	0	0	0	0.999958
19121	2	metal6	830	642	0	0	0	0.999957
19122	2	metal6	840	642	0	0	0	0.999956
19123	2	metal6	850	642	0	0	0	0.999956
19124	2	metal6	860	642	0	0	0	0.999956
19125	2	metal6	870	642	0	0	0	0.999955
19126	2	metal6	880	642	0	0	0	0.999955
19127	2	metal6	890	642	0	0	0	0.999955
19128	2	metal6	900	642	0	0	0	0.999954
19129	2	metal6	910	642	0	0	0	0.999954
19130	2	metal6	920	642	0	0	0	0.999954
19131	2	metal6	930	642	0	0	0	0.999953
19132	2	metal6	940	642	0	0	0	0.999953
19133	2	metal6	950	642	0	0	0	0.999953
19134	2	metal6	960	642	0	0	0	0.999953
19135	2	metal6	970	642	0	0	0	0.999953
19136	2	metal6	980	642	0	0	0	0.999952
19137	2	metal6	990	642	0	0	0	0.999952
19138	2	metal6	1000	642	0	0	0	0.999952
19139	2	metal6	1010	642	0	0	0	0.999952
19140	2	metal6	1020	642	0	0	0	0.999952
19141	2	metal6	1030	642	0	0	0	0.999952
19142	2	metal6	1040	642	0	0	0	0.999952
19143	2	metal6	1050	642	0	0	0	0.999952
19144	2	metal6	1060	642	0	0	0	0.999952
19145	2	metal6	1070	642	0	0	0	0.999951
19146	2	metal6	1080	642	0	0	0	0.999952
19147	2	metal6	1090	642	0	0	0	0.999952
19148	2	metal6	10	652	0	0	0	0.999947
19149	2	metal6	20	652	0	0	0	0.999947
19150	2	metal6	30	652	0	0	0	0.999947
19151	2	metal6	40	652	0	0	0	0.999947
19152	2	metal6	50	652	0	0	0	0.999947
19153	2	metal6	60	652	0	0	0	0.999947
19154	2	metal6	70	652	0	0	0	0.999947
19155	2	metal6	80	652	0	0	0	0.999948
19156	2	metal6	90	652	0	0	0	0.999948
19157	2	metal6	100	652	0	0	0	0.999948
19158	2	metal6	110	652	0	0	0	0.999948
19159	2	metal6	120	652	0	0	0	0.999948
19160	2	metal6	130	652	0	0	0	0.999948
19161	2	metal6	140	652	0	0	0	0.999948
19162	2	metal6	150	652	0	0	0	0.999948
19163	2	metal6	160	652	0	0	0	0.999948
19164	2	metal6	170	652	0	0	0	0.999948
19165	2	metal6	180	652	0	0	0	0.999948
19166	2	metal6	190	652	0	0	0	0.999948
19167	2	metal6	200	652	0	0	0	0.999948
19168	2	metal6	210	652	0	0	0	0.999949
19169	2	metal6	220	652	0	0	0	0.999949
19170	2	metal6	230	652	0	0	0	0.999948
19171	2	metal6	240	652	0	0	0	0.999949
19172	2	metal6	250	652	0	0	0	0.999951
19173	2	metal6	260	652	0	0	0	0.999951
19174	2	metal6	270	652	0	0	0	0.999952
19175	2	metal6	280	652	0	0	0	0.999953
19176	2	metal6	290	652	0	0	0	0.999953
19177	2	metal6	300	652	0	0	0	0.999954
19178	2	metal6	310	652	0	0	0	0.999955
19179	2	metal6	320	652	0	0	0	0.999956
19180	2	metal6	330	652	0	0	0	0.999956
19181	2	metal6	340	652	0	0	0	0.999957
19182	2	metal6	350	652	0	0	0	0.999958
19183	2	metal6	360	652	0	0	0	0.999959
19184	2	metal6	370	652	0	0	0	0.99996
19185	2	metal6	380	652	0	0	0	0.999961
19186	2	metal6	390	652	0	0	0	0.999962
19187	2	metal6	400	652	0	0	0	0.999964
19188	2	metal6	410	652	0	0	0	0.999965
19189	2	metal6	420	652	0	0	0	0.999966
19190	2	metal6	430	652	0	0	0	0.999968
19191	2	metal6	440	652	0	0	0	0.999969
19192	2	metal6	450	652	0	0	0	0.99997
19193	2	metal6	460	652	0	0	0	0.999972
19194	2	metal6	470	652	0	0	0	0.999973
19195	2	metal6	480	652	0	0	0	0.999975
19196	2	metal6	490	652	0	0	0	0.999977
19197	2	metal6	500	652	0	0	0	0.999978
19198	2	metal6	510	652	0	0	0	0.999979
19199	2	metal6	520	652	0	0	0	0.999983
19200	2	metal6	530	652	0	0	0	0.999983
19201	2	metal6	540	652	0	0	0	0.999985
19202	2	metal6	550	652	0	0	0	0.999988
19203	2	metal6	560	652	0	0	0	0.999984
19204	2	metal6	570	652	0	0	0	0.999982
19205	2	metal6	580	652	0	0	0	0.999983
19206	2	metal6	590	652	0	0	0	0.999981
19207	2	metal6	600	652	0	0	0	0.999979
19208	2	metal6	610	652	0	0	0	0.999979
19209	2	metal6	620	652	0	0	0	0.999976
19210	2	metal6	630	652	0	0	0	0.999973
19211	2	metal6	640	652	0	0	0	0.999973
19212	2	metal6	650	652	0	0	0	0.999971
19213	2	metal6	660	652	0	0	0	0.99997
19214	2	metal6	670	652	0	0	0	0.999969
19215	2	metal6	680	652	0	0	0	0.999967
19216	2	metal6	690	652	0	0	0	0.999966
19217	2	metal6	700	652	0	0	0	0.999966
19218	2	metal6	710	652	0	0	0	0.999965
19219	2	metal6	720	652	0	0	0	0.999964
19220	2	metal6	730	652	0	0	0	0.999963
19221	2	metal6	740	652	0	0	0	0.999962
19222	2	metal6	750	652	0	0	0	0.999961
19223	2	metal6	760	652	0	0	0	0.999961
19224	2	metal6	770	652	0	0	0	0.99996
19225	2	metal6	780	652	0	0	0	0.999959
19226	2	metal6	790	652	0	0	0	0.999959
19227	2	metal6	800	652	0	0	0	0.999958
19228	2	metal6	810	652	0	0	0	0.999958
19229	2	metal6	820	652	0	0	0	0.999958
19230	2	metal6	830	652	0	0	0	0.999957
19231	2	metal6	840	652	0	0	0	0.999957
19232	2	metal6	850	652	0	0	0	0.999956
19233	2	metal6	860	652	0	0	0	0.999956
19234	2	metal6	870	652	0	0	0	0.999956
19235	2	metal6	880	652	0	0	0	0.999955
19236	2	metal6	890	652	0	0	0	0.999955
19237	2	metal6	900	652	0	0	0	0.999954
19238	2	metal6	910	652	0	0	0	0.999954
19239	2	metal6	920	652	0	0	0	0.999954
19240	2	metal6	930	652	0	0	0	0.999954
19241	2	metal6	940	652	0	0	0	0.999953
19242	2	metal6	950	652	0	0	0	0.999953
19243	2	metal6	960	652	0	0	0	0.999953
19244	2	metal6	970	652	0	0	0	0.999953
19245	2	metal6	980	652	0	0	0	0.999953
19246	2	metal6	990	652	0	0	0	0.999953
19247	2	metal6	1000	652	0	0	0	0.999952
19248	2	metal6	1010	652	0	0	0	0.999952
19249	2	metal6	1020	652	0	0	0	0.999952
19250	2	metal6	1030	652	0	0	0	0.999952
19251	2	metal6	1040	652	0	0	0	0.999952
19252	2	metal6	1050	652	0	0	0	0.999952
19253	2	metal6	1060	652	0	0	0	0.999952
19254	2	metal6	1070	652	0	0	0	0.999952
19255	2	metal6	1080	652	0	0	0	0.999952
19256	2	metal6	1090	652	0	0	0	0.999952
19257	2	metal6	10	662	0	0	0	0.999948
19258	2	metal6	20	662	0	0	0	0.999948
19259	2	metal6	30	662	0	0	0	0.999948
19260	2	metal6	40	662	0	0	0	0.999948
19261	2	metal6	50	662	0	0	0	0.999948
19262	2	metal6	60	662	0	0	0	0.999948
19263	2	metal6	70	662	0	0	0	0.999948
19264	2	metal6	80	662	0	0	0	0.999948
19265	2	metal6	90	662	0	0	0	0.999948
19266	2	metal6	100	662	0	0	0	0.999948
19267	2	metal6	110	662	0	0	0	0.999948
19268	2	metal6	120	662	0	0	0	0.999948
19269	2	metal6	130	662	0	0	0	0.999948
19270	2	metal6	140	662	0	0	0	0.999948
19271	2	metal6	150	662	0	0	0	0.999948
19272	2	metal6	160	662	0	0	0	0.999949
19273	2	metal6	170	662	0	0	0	0.999948
19274	2	metal6	180	662	0	0	0	0.999948
19275	2	metal6	190	662	0	0	0	0.999949
19276	2	metal6	200	662	0	0	0	0.999949
19277	2	metal6	210	662	0	0	0	0.999949
19278	2	metal6	220	662	0	0	0	0.999949
19279	2	metal6	230	662	0	0	0	0.999949
19280	2	metal6	240	662	0	0	0	0.99995
19281	2	metal6	250	662	0	0	0	0.999951
19282	2	metal6	260	662	0	0	0	0.999952
19283	2	metal6	270	662	0	0	0	0.999952
19284	2	metal6	280	662	0	0	0	0.999953
19285	2	metal6	290	662	0	0	0	0.999953
19286	2	metal6	300	662	0	0	0	0.999954
19287	2	metal6	310	662	0	0	0	0.999955
19288	2	metal6	320	662	0	0	0	0.999956
19289	2	metal6	330	662	0	0	0	0.999957
19290	2	metal6	340	662	0	0	0	0.999958
19291	2	metal6	350	662	0	0	0	0.999958
19292	2	metal6	360	662	0	0	0	0.999959
19293	2	metal6	370	662	0	0	0	0.999961
19294	2	metal6	380	662	0	0	0	0.999961
19295	2	metal6	390	662	0	0	0	0.999962
19296	2	metal6	400	662	0	0	0	0.999964
19297	2	metal6	410	662	0	0	0	0.999965
19298	2	metal6	420	662	0	0	0	0.999966
19299	2	metal6	430	662	0	0	0	0.999968
19300	2	metal6	440	662	0	0	0	0.999969
19301	2	metal6	450	662	0	0	0	0.99997
19302	2	metal6	460	662	0	0	0	0.999972
19303	2	metal6	470	662	0	0	0	0.999973
19304	2	metal6	480	662	0	0	0	0.999975
19305	2	metal6	490	662	0	0	0	0.999977
19306	2	metal6	500	662	0	0	0	0.999978
19307	2	metal6	510	662	0	0	0	0.999979
19308	2	metal6	520	662	0	0	0	0.999983
19309	2	metal6	530	662	0	0	0	0.999984
19310	2	metal6	540	662	0	0	0	0.999985
19311	2	metal6	550	662	0	0	0	0.999988
19312	2	metal6	560	662	0	0	0	0.999984
19313	2	metal6	570	662	0	0	0	0.999982
19314	2	metal6	580	662	0	0	0	0.999984
19315	2	metal6	590	662	0	0	0	0.999981
19316	2	metal6	600	662	0	0	0	0.999979
19317	2	metal6	610	662	0	0	0	0.999979
19318	2	metal6	620	662	0	0	0	0.999976
19319	2	metal6	630	662	0	0	0	0.999973
19320	2	metal6	640	662	0	0	0	0.999973
19321	2	metal6	650	662	0	0	0	0.999971
19322	2	metal6	660	662	0	0	0	0.99997
19323	2	metal6	670	662	0	0	0	0.999969
19324	2	metal6	680	662	0	0	0	0.999967
19325	2	metal6	690	662	0	0	0	0.999966
19326	2	metal6	700	662	0	0	0	0.999966
19327	2	metal6	710	662	0	0	0	0.999965
19328	2	metal6	720	662	0	0	0	0.999964
19329	2	metal6	730	662	0	0	0	0.999963
19330	2	metal6	740	662	0	0	0	0.999962
19331	2	metal6	750	662	0	0	0	0.999961
19332	2	metal6	760	662	0	0	0	0.999961
19333	2	metal6	770	662	0	0	0	0.99996
19334	2	metal6	780	662	0	0	0	0.99996
19335	2	metal6	790	662	0	0	0	0.999959
19336	2	metal6	800	662	0	0	0	0.999959
19337	2	metal6	810	662	0	0	0	0.999958
19338	2	metal6	820	662	0	0	0	0.999958
19339	2	metal6	830	662	0	0	0	0.999957
19340	2	metal6	840	662	0	0	0	0.999957
19341	2	metal6	850	662	0	0	0	0.999956
19342	2	metal6	860	662	0	0	0	0.999956
19343	2	metal6	870	662	0	0	0	0.999956
19344	2	metal6	880	662	0	0	0	0.999955
19345	2	metal6	890	662	0	0	0	0.999955
19346	2	metal6	900	662	0	0	0	0.999955
19347	2	metal6	910	662	0	0	0	0.999954
19348	2	metal6	920	662	0	0	0	0.999954
19349	2	metal6	930	662	0	0	0	0.999954
19350	2	metal6	940	662	0	0	0	0.999954
19351	2	metal6	950	662	0	0	0	0.999953
19352	2	metal6	960	662	0	0	0	0.999953
19353	2	metal6	970	662	0	0	0	0.999953
19354	2	metal6	980	662	0	0	0	0.999953
19355	2	metal6	990	662	0	0	0	0.999953
19356	2	metal6	1000	662	0	0	0	0.999953
19357	2	metal6	1010	662	0	0	0	0.999952
19358	2	metal6	1020	662	0	0	0	0.999952
19359	2	metal6	1030	662	0	0	0	0.999952
19360	2	metal6	1040	662	0	0	0	0.999952
19361	2	metal6	1050	662	0	0	0	0.999952
19362	2	metal6	1060	662	0	0	0	0.999952
19363	2	metal6	1070	662	0	0	0	0.999952
19364	2	metal6	1080	662	0	0	0	0.999952
19365	2	metal6	1090	662	0	0	0	0.999952
19366	2	metal6	10	672	0	0	0	0.999948
19367	2	metal6	20	672	0	0	0	0.999948
19368	2	metal6	30	672	0	0	0	0.999948
19369	2	metal6	40	672	0	0	0	0.999948
19370	2	metal6	50	672	0	0	0	0.999948
19371	2	metal6	60	672	0	0	0	0.999948
19372	2	metal6	70	672	0	0	0	0.999948
19373	2	metal6	80	672	0	0	0	0.999948
19374	2	metal6	90	672	0	0	0	0.999948
19375	2	metal6	100	672	0	0	0	0.999948
19376	2	metal6	110	672	0	0	0	0.999948
19377	2	metal6	120	672	0	0	0	0.999948
19378	2	metal6	130	672	0	0	0	0.999949
19379	2	metal6	140	672	0	0	0	0.999949
19380	2	metal6	150	672	0	0	0	0.999949
19381	2	metal6	160	672	0	0	0	0.999949
19382	2	metal6	170	672	0	0	0	0.999949
19383	2	metal6	180	672	0	0	0	0.999949
19384	2	metal6	190	672	0	0	0	0.999949
19385	2	metal6	200	672	0	0	0	0.999949
19386	2	metal6	210	672	0	0	0	0.999949
19387	2	metal6	220	672	0	0	0	0.99995
19388	2	metal6	230	672	0	0	0	0.999949
19389	2	metal6	240	672	0	0	0	0.99995
19390	2	metal6	250	672	0	0	0	0.999952
19391	2	metal6	260	672	0	0	0	0.999952
19392	2	metal6	270	672	0	0	0	0.999952
19393	2	metal6	280	672	0	0	0	0.999953
19394	2	metal6	290	672	0	0	0	0.999953
19395	2	metal6	300	672	0	0	0	0.999954
19396	2	metal6	310	672	0	0	0	0.999956
19397	2	metal6	320	672	0	0	0	0.999956
19398	2	metal6	330	672	0	0	0	0.999957
19399	2	metal6	340	672	0	0	0	0.999958
19400	2	metal6	350	672	0	0	0	0.999958
19401	2	metal6	360	672	0	0	0	0.999959
19402	2	metal6	370	672	0	0	0	0.999961
19403	2	metal6	380	672	0	0	0	0.999961
19404	2	metal6	390	672	0	0	0	0.999962
19405	2	metal6	400	672	0	0	0	0.999964
19406	2	metal6	410	672	0	0	0	0.999965
19407	2	metal6	420	672	0	0	0	0.999966
19408	2	metal6	430	672	0	0	0	0.999969
19409	2	metal6	440	672	0	0	0	0.999969
19410	2	metal6	450	672	0	0	0	0.99997
19411	2	metal6	460	672	0	0	0	0.999972
19412	2	metal6	470	672	0	0	0	0.999973
19413	2	metal6	480	672	0	0	0	0.999975
19414	2	metal6	490	672	0	0	0	0.999978
19415	2	metal6	500	672	0	0	0	0.999977
19416	2	metal6	510	672	0	0	0	0.999978
19417	2	metal6	520	672	0	0	0	0.999985
19418	2	metal6	530	672	0	0	0	0.999983
19419	2	metal6	540	672	0	0	0	0.999985
19420	2	metal6	550	672	0	0	0	0.999992
19421	2	metal6	560	672	0	0	0	0.999984
19422	2	metal6	570	672	0	0	0	0.999981
19423	2	metal6	580	672	0	0	0	0.999985
19424	2	metal6	590	672	0	0	0	0.999981
19425	2	metal6	600	672	0	0	0	0.999979
19426	2	metal6	610	672	0	0	0	0.99998
19427	2	metal6	620	672	0	0	0	0.999975
19428	2	metal6	630	672	0	0	0	0.999972
19429	2	metal6	640	672	0	0	0	0.999974
19430	2	metal6	650	672	0	0	0	0.999971
19431	2	metal6	660	672	0	0	0	0.99997
19432	2	metal6	670	672	0	0	0	0.999969
19433	2	metal6	680	672	0	0	0	0.999966
19434	2	metal6	690	672	0	0	0	0.999966
19435	2	metal6	700	672	0	0	0	0.999966
19436	2	metal6	710	672	0	0	0	0.999965
19437	2	metal6	720	672	0	0	0	0.999964
19438	2	metal6	730	672	0	0	0	0.999964
19439	2	metal6	740	672	0	0	0	0.999961
19440	2	metal6	750	672	0	0	0	0.999961
19441	2	metal6	760	672	0	0	0	0.999961
19442	2	metal6	770	672	0	0	0	0.99996
19443	2	metal6	780	672	0	0	0	0.99996
19444	2	metal6	790	672	0	0	0	0.999959
19445	2	metal6	800	672	0	0	0	0.999959
19446	2	metal6	810	672	0	0	0	0.999958
19447	2	metal6	820	672	0	0	0	0.999958
19448	2	metal6	830	672	0	0	0	0.999957
19449	2	metal6	840	672	0	0	0	0.999957
19450	2	metal6	850	672	0	0	0	0.999957
19451	2	metal6	860	672	0	0	0	0.999956
19452	2	metal6	870	672	0	0	0	0.999956
19453	2	metal6	880	672	0	0	0	0.999956
19454	2	metal6	890	672	0	0	0	0.999955
19455	2	metal6	900	672	0	0	0	0.999955
19456	2	metal6	910	672	0	0	0	0.999955
19457	2	metal6	920	672	0	0	0	0.999954
19458	2	metal6	930	672	0	0	0	0.999954
19459	2	metal6	940	672	0	0	0	0.999954
19460	2	metal6	950	672	0	0	0	0.999953
19461	2	metal6	960	672	0	0	0	0.999953
19462	2	metal6	970	672	0	0	0	0.999953
19463	2	metal6	980	672	0	0	0	0.999953
19464	2	metal6	990	672	0	0	0	0.999953
19465	2	metal6	1000	672	0	0	0	0.999953
19466	2	metal6	1010	672	0	0	0	0.999952
19467	2	metal6	1020	672	0	0	0	0.999952
19468	2	metal6	1030	672	0	0	0	0.999952
19469	2	metal6	1040	672	0	0	0	0.999952
19470	2	metal6	1050	672	0	0	0	0.999952
19471	2	metal6	1060	672	0	0	0	0.999952
19472	2	metal6	1070	672	0	0	0	0.999952
19473	2	metal6	1080	672	0	0	0	0.999952
19474	2	metal6	1090	672	0	0	0	0.999952
19475	2	metal6	10	682	0	0	0	0.999948
19476	2	metal6	20	682	0	0	0	0.999948
19477	2	metal6	30	682	0	0	0	0.999948
19478	2	metal6	40	682	0	0	0	0.999948
19479	2	metal6	50	682	0	0	0	0.999948
19480	2	metal6	60	682	0	0	0	0.999948
19481	2	metal6	70	682	0	0	0	0.999948
19482	2	metal6	80	682	0	0	0	0.999948
19483	2	metal6	90	682	0	0	0	0.999949
19484	2	metal6	100	682	0	0	0	0.999949
19485	2	metal6	110	682	0	0	0	0.999949
19486	2	metal6	120	682	0	0	0	0.999948
19487	2	metal6	130	682	0	0	0	0.999949
19488	2	metal6	140	682	0	0	0	0.999949
19489	2	metal6	150	682	0	0	0	0.999949
19490	2	metal6	160	682	0	0	0	0.999949
19491	2	metal6	170	682	0	0	0	0.999949
19492	2	metal6	180	682	0	0	0	0.999948
19493	2	metal6	190	682	0	0	0	0.999949
19494	2	metal6	200	682	0	0	0	0.99995
19495	2	metal6	210	682	0	0	0	0.99995
19496	2	metal6	220	682	0	0	0	0.99995
19497	2	metal6	230	682	0	0	0	0.999949
19498	2	metal6	240	682	0	0	0	0.99995
19499	2	metal6	250	682	0	0	0	0.999952
19500	2	metal6	260	682	0	0	0	0.999952
19501	2	metal6	270	682	0	0	0	0.999953
19502	2	metal6	280	682	0	0	0	0.999953
19503	2	metal6	290	682	0	0	0	0.999953
19504	2	metal6	300	682	0	0	0	0.999954
19505	2	metal6	310	682	0	0	0	0.999956
19506	2	metal6	320	682	0	0	0	0.999956
19507	2	metal6	330	682	0	0	0	0.999957
19508	2	metal6	340	682	0	0	0	0.999958
19509	2	metal6	350	682	0	0	0	0.999957
19510	2	metal6	360	682	0	0	0	0.999959
19511	2	metal6	370	682	0	0	0	0.999961
19512	2	metal6	380	682	0	0	0	0.999961
19513	2	metal6	390	682	0	0	0	0.999962
19514	2	metal6	400	682	0	0	0	0.999962
19515	2	metal6	410	682	0	0	0	0.999964
19516	2	metal6	420	682	0	0	0	0.999966
19517	2	metal6	430	682	0	0	0	0.999968
19518	2	metal6	440	682	0	0	0	0.999968
19519	2	metal6	450	682	0	0	0	0.999969
19520	2	metal6	460	682	0	0	0	0.999969
19521	2	metal6	470	682	0	0	0	0.999971
19522	2	metal6	480	682	0	0	0	0.999974
19523	2	metal6	490	682	0	0	0	0.999977
19524	2	metal6	500	682	0	0	0	0.999976
19525	2	metal6	510	682	0	0	0	0.999974
19526	2	metal6	520	682	0	0	0	0.999981
19527	2	metal6	530	682	0	0	0	0.999983
19528	2	metal6	540	682	0	0	0	0.999984
19529	2	metal6	550	682	0	0	0	0.999987
19530	2	metal6	560	682	0	0	0	0.999982
19531	2	metal6	570	682	0	0	0	0.999977
19532	2	metal6	580	682	0	0	0	0.999981
19533	2	metal6	590	682	0	0	0	0.99998
19534	2	metal6	600	682	0	0	0	0.999979
19535	2	metal6	610	682	0	0	0	0.999978
19536	2	metal6	620	682	0	0	0	0.999974
19537	2	metal6	630	682	0	0	0	0.99997
19538	2	metal6	640	682	0	0	0	0.999972
19539	2	metal6	650	682	0	0	0	0.999971
19540	2	metal6	660	682	0	0	0	0.999969
19541	2	metal6	670	682	0	0	0	0.999968
19542	2	metal6	680	682	0	0	0	0.999964
19543	2	metal6	690	682	0	0	0	0.999965
19544	2	metal6	700	682	0	0	0	0.999966
19545	2	metal6	710	682	0	0	0	0.999965
19546	2	metal6	720	682	0	0	0	0.999964
19547	2	metal6	730	682	0	0	0	0.999963
19548	2	metal6	740	682	0	0	0	0.99996
19549	2	metal6	750	682	0	0	0	0.999961
19550	2	metal6	760	682	0	0	0	0.999961
19551	2	metal6	770	682	0	0	0	0.99996
19552	2	metal6	780	682	0	0	0	0.999959
19553	2	metal6	790	682	0	0	0	0.999958
19554	2	metal6	800	682	0	0	0	0.999958
19555	2	metal6	810	682	0	0	0	0.999958
19556	2	metal6	820	682	0	0	0	0.999958
19557	2	metal6	830	682	0	0	0	0.999957
19558	2	metal6	840	682	0	0	0	0.999957
19559	2	metal6	850	682	0	0	0	0.999956
19560	2	metal6	860	682	0	0	0	0.999956
19561	2	metal6	870	682	0	0	0	0.999956
19562	2	metal6	880	682	0	0	0	0.999956
19563	2	metal6	890	682	0	0	0	0.999955
19564	2	metal6	900	682	0	0	0	0.999955
19565	2	metal6	910	682	0	0	0	0.999954
19566	2	metal6	920	682	0	0	0	0.999954
19567	2	metal6	930	682	0	0	0	0.999954
19568	2	metal6	940	682	0	0	0	0.999954
19569	2	metal6	950	682	0	0	0	0.999953
19570	2	metal6	960	682	0	0	0	0.999953
19571	2	metal6	970	682	0	0	0	0.999953
19572	2	metal6	980	682	0	0	0	0.999953
19573	2	metal6	990	682	0	0	0	0.999953
19574	2	metal6	1000	682	0	0	0	0.999953
19575	2	metal6	1010	682	0	0	0	0.999953
19576	2	metal6	1020	682	0	0	0	0.999952
19577	2	metal6	1030	682	0	0	0	0.999952
19578	2	metal6	1040	682	0	0	0	0.999952
19579	2	metal6	1050	682	0	0	0	0.999952
19580	2	metal6	1060	682	0	0	0	0.999952
19581	2	metal6	1070	682	0	0	0	0.999952
19582	2	metal6	1080	682	0	0	0	0.999952
19583	2	metal6	1090	682	0	0	0	0.999952
19584	2	metal6	10	692	0	0	0	0.999949
19585	2	metal6	20	692	0	0	0	0.999949
19586	2	metal6	30	692	0	0	0	0.999949
19587	2	metal6	40	692	0	0	0	0.999949
19588	2	metal6	50	692	0	0	0	0.999949
19589	2	metal6	60	692	0	0	0	0.999949
19590	2	metal6	70	692	0	0	0	0.999949
19591	2	metal6	80	692	0	0	0	0.999949
19592	2	metal6	90	692	0	0	0	0.999949
19593	2	metal6	100	692	0	0	0	0.999949
19594	2	metal6	110	692	0	0	0	0.999949
19595	2	metal6	120	692	0	0	0	0.999949
19596	2	metal6	130	692	0	0	0	0.999949
19597	2	metal6	140	692	0	0	0	0.999949
19598	2	metal6	150	692	0	0	0	0.99995
19599	2	metal6	160	692	0	0	0	0.99995
19600	2	metal6	170	692	0	0	0	0.99995
19601	2	metal6	180	692	0	0	0	0.99995
19602	2	metal6	190	692	0	0	0	0.99995
19603	2	metal6	200	692	0	0	0	0.99995
19604	2	metal6	210	692	0	0	0	0.999951
19605	2	metal6	220	692	0	0	0	0.999951
19606	2	metal6	230	692	0	0	0	0.999951
19607	2	metal6	240	692	0	0	0	0.999951
19608	2	metal6	250	692	0	0	0	0.999952
19609	2	metal6	260	692	0	0	0	0.999953
19610	2	metal6	270	692	0	0	0	0.999953
19611	2	metal6	280	692	0	0	0	0.999954
19612	2	metal6	290	692	0	0	0	0.999954
19613	2	metal6	300	692	0	0	0	0.999955
19614	2	metal6	310	692	0	0	0	0.999956
19615	2	metal6	320	692	0	0	0	0.999957
19616	2	metal6	330	692	0	0	0	0.999958
19617	2	metal6	340	692	0	0	0	0.999958
19618	2	metal6	350	692	0	0	0	0.999958
19619	2	metal6	360	692	0	0	0	0.99996
19620	2	metal6	370	692	0	0	0	0.999961
19621	2	metal6	380	692	0	0	0	0.999962
19622	2	metal6	390	692	0	0	0	0.999963
19623	2	metal6	400	692	0	0	0	0.999964
19624	2	metal6	410	692	0	0	0	0.999965
19625	2	metal6	420	692	0	0	0	0.999967
19626	2	metal6	430	692	0	0	0	0.999968
19627	2	metal6	440	692	0	0	0	0.999969
19628	2	metal6	450	692	0	0	0	0.99997
19629	2	metal6	460	692	0	0	0	0.999971
19630	2	metal6	470	692	0	0	0	0.999973
19631	2	metal6	480	692	0	0	0	0.999975
19632	2	metal6	490	692	0	0	0	0.999977
19633	2	metal6	500	692	0	0	0	0.999977
19634	2	metal6	510	692	0	0	0	0.999978
19635	2	metal6	520	692	0	0	0	0.999983
19636	2	metal6	530	692	0	0	0	0.999983
19637	2	metal6	540	692	0	0	0	0.999985
19638	2	metal6	550	692	0	0	0	0.999988
19639	2	metal6	560	692	0	0	0	0.999984
19640	2	metal6	570	692	0	0	0	0.999981
19641	2	metal6	580	692	0	0	0	0.999983
19642	2	metal6	590	692	0	0	0	0.999981
19643	2	metal6	600	692	0	0	0	0.99998
19644	2	metal6	610	692	0	0	0	0.999979
19645	2	metal6	620	692	0	0	0	0.999976
19646	2	metal6	630	692	0	0	0	0.999973
19647	2	metal6	640	692	0	0	0	0.999973
19648	2	metal6	650	692	0	0	0	0.999971
19649	2	metal6	660	692	0	0	0	0.99997
19650	2	metal6	670	692	0	0	0	0.999969
19651	2	metal6	680	692	0	0	0	0.999966
19652	2	metal6	690	692	0	0	0	0.999966
19653	2	metal6	700	692	0	0	0	0.999966
19654	2	metal6	710	692	0	0	0	0.999965
19655	2	metal6	720	692	0	0	0	0.999964
19656	2	metal6	730	692	0	0	0	0.999964
19657	2	metal6	740	692	0	0	0	0.999962
19658	2	metal6	750	692	0	0	0	0.999962
19659	2	metal6	760	692	0	0	0	0.999961
19660	2	metal6	770	692	0	0	0	0.999961
19661	2	metal6	780	692	0	0	0	0.99996
19662	2	metal6	790	692	0	0	0	0.999959
19663	2	metal6	800	692	0	0	0	0.999959
19664	2	metal6	810	692	0	0	0	0.999959
19665	2	metal6	820	692	0	0	0	0.999958
19666	2	metal6	830	692	0	0	0	0.999958
19667	2	metal6	840	692	0	0	0	0.999957
19668	2	metal6	850	692	0	0	0	0.999957
19669	2	metal6	860	692	0	0	0	0.999956
19670	2	metal6	870	692	0	0	0	0.999956
19671	2	metal6	880	692	0	0	0	0.999956
19672	2	metal6	890	692	0	0	0	0.999955
19673	2	metal6	900	692	0	0	0	0.999955
19674	2	metal6	910	692	0	0	0	0.999955
19675	2	metal6	920	692	0	0	0	0.999954
19676	2	metal6	930	692	0	0	0	0.999954
19677	2	metal6	940	692	0	0	0	0.999954
19678	2	metal6	950	692	0	0	0	0.999954
19679	2	metal6	960	692	0	0	0	0.999953
19680	2	metal6	970	692	0	0	0	0.999953
19681	2	metal6	980	692	0	0	0	0.999953
19682	2	metal6	990	692	0	0	0	0.999953
19683	2	metal6	1000	692	0	0	0	0.999953
19684	2	metal6	1010	692	0	0	0	0.999953
19685	2	metal6	1020	692	0	0	0	0.999953
19686	2	metal6	1030	692	0	0	0	0.999953
19687	2	metal6	1040	692	0	0	0	0.999953
19688	2	metal6	1050	692	0	0	0	0.999953
19689	2	metal6	1060	692	0	0	0	0.999953
19690	2	metal6	1070	692	0	0	0	0.999952
19691	2	metal6	1080	692	0	0	0	0.999952
19692	2	metal6	1090	692	0	0	0	0.999953
19693	2	metal6	10	702	0	0	0	0.999949
19694	2	metal6	20	702	0	0	0	0.999949
19695	2	metal6	30	702	0	0	0	0.999949
19696	2	metal6	40	702	0	0	0	0.999949
19697	2	metal6	50	702	0	0	0	0.999949
19698	2	metal6	60	702	0	0	0	0.999949
19699	2	metal6	70	702	0	0	0	0.999949
19700	2	metal6	80	702	0	0	0	0.999949
19701	2	metal6	90	702	0	0	0	0.999949
19702	2	metal6	100	702	0	0	0	0.99995
19703	2	metal6	110	702	0	0	0	0.99995
19704	2	metal6	120	702	0	0	0	0.99995
19705	2	metal6	130	702	0	0	0	0.99995
19706	2	metal6	140	702	0	0	0	0.99995
19707	2	metal6	150	702	0	0	0	0.99995
19708	2	metal6	160	702	0	0	0	0.99995
19709	2	metal6	170	702	0	0	0	0.99995
19710	2	metal6	180	702	0	0	0	0.99995
19711	2	metal6	190	702	0	0	0	0.999951
19712	2	metal6	200	702	0	0	0	0.999951
19713	2	metal6	210	702	0	0	0	0.999951
19714	2	metal6	220	702	0	0	0	0.999952
19715	2	metal6	230	702	0	0	0	0.999952
19716	2	metal6	240	702	0	0	0	0.999952
19717	2	metal6	250	702	0	0	0	0.999953
19718	2	metal6	260	702	0	0	0	0.999953
19719	2	metal6	270	702	0	0	0	0.999954
19720	2	metal6	280	702	0	0	0	0.999955
19721	2	metal6	290	702	0	0	0	0.999955
19722	2	metal6	300	702	0	0	0	0.999956
19723	2	metal6	310	702	0	0	0	0.999957
19724	2	metal6	320	702	0	0	0	0.999957
19725	2	metal6	330	702	0	0	0	0.999958
19726	2	metal6	340	702	0	0	0	0.999959
19727	2	metal6	350	702	0	0	0	0.999959
19728	2	metal6	360	702	0	0	0	0.99996
19729	2	metal6	370	702	0	0	0	0.999962
19730	2	metal6	380	702	0	0	0	0.999962
19731	2	metal6	390	702	0	0	0	0.999963
19732	2	metal6	400	702	0	0	0	0.999965
19733	2	metal6	410	702	0	0	0	0.999966
19734	2	metal6	420	702	0	0	0	0.999967
19735	2	metal6	430	702	0	0	0	0.999969
19736	2	metal6	440	702	0	0	0	0.99997
19737	2	metal6	450	702	0	0	0	0.999971
19738	2	metal6	460	702	0	0	0	0.999973
19739	2	metal6	470	702	0	0	0	0.999974
19740	2	metal6	480	702	0	0	0	0.999976
19741	2	metal6	490	702	0	0	0	0.999979
19742	2	metal6	500	702	0	0	0	0.999979
19743	2	metal6	510	702	0	0	0	0.99998
19744	2	metal6	520	702	0	0	0	0.999986
19745	2	metal6	530	702	0	0	0	0.999984
19746	2	metal6	540	702	0	0	0	0.999986
19747	2	metal6	550	702	0	0	0	0.999992
19748	2	metal6	560	702	0	0	0	0.999985
19749	2	metal6	570	702	0	0	0	0.999983
19750	2	metal6	580	702	0	0	0	0.999986
19751	2	metal6	590	702	0	0	0	0.999982
19752	2	metal6	600	702	0	0	0	0.99998
19753	2	metal6	610	702	0	0	0	0.99998
19754	2	metal6	620	702	0	0	0	0.999977
19755	2	metal6	630	702	0	0	0	0.999974
19756	2	metal6	640	702	0	0	0	0.999975
19757	2	metal6	650	702	0	0	0	0.999972
19758	2	metal6	660	702	0	0	0	0.999971
19759	2	metal6	670	702	0	0	0	0.999971
19760	2	metal6	680	702	0	0	0	0.999968
19761	2	metal6	690	702	0	0	0	0.999967
19762	2	metal6	700	702	0	0	0	0.999967
19763	2	metal6	710	702	0	0	0	0.999966
19764	2	metal6	720	702	0	0	0	0.999965
19765	2	metal6	730	702	0	0	0	0.999964
19766	2	metal6	740	702	0	0	0	0.999963
19767	2	metal6	750	702	0	0	0	0.999962
19768	2	metal6	760	702	0	0	0	0.999962
19769	2	metal6	770	702	0	0	0	0.999961
19770	2	metal6	780	702	0	0	0	0.99996
19771	2	metal6	790	702	0	0	0	0.99996
19772	2	metal6	800	702	0	0	0	0.999959
19773	2	metal6	810	702	0	0	0	0.999959
19774	2	metal6	820	702	0	0	0	0.999959
19775	2	metal6	830	702	0	0	0	0.999958
19776	2	metal6	840	702	0	0	0	0.999958
19777	2	metal6	850	702	0	0	0	0.999957
19778	2	metal6	860	702	0	0	0	0.999957
19779	2	metal6	870	702	0	0	0	0.999956
19780	2	metal6	880	702	0	0	0	0.999956
19781	2	metal6	890	702	0	0	0	0.999956
19782	2	metal6	900	702	0	0	0	0.999955
19783	2	metal6	910	702	0	0	0	0.999955
19784	2	metal6	920	702	0	0	0	0.999955
19785	2	metal6	930	702	0	0	0	0.999955
19786	2	metal6	940	702	0	0	0	0.999954
19787	2	metal6	950	702	0	0	0	0.999954
19788	2	metal6	960	702	0	0	0	0.999954
19789	2	metal6	970	702	0	0	0	0.999954
19790	2	metal6	980	702	0	0	0	0.999953
19791	2	metal6	990	702	0	0	0	0.999953
19792	2	metal6	1000	702	0	0	0	0.999953
19793	2	metal6	1010	702	0	0	0	0.999953
19794	2	metal6	1020	702	0	0	0	0.999953
19795	2	metal6	1030	702	0	0	0	0.999953
19796	2	metal6	1040	702	0	0	0	0.999953
19797	2	metal6	1050	702	0	0	0	0.999953
19798	2	metal6	1060	702	0	0	0	0.999953
19799	2	metal6	1070	702	0	0	0	0.999953
19800	2	metal6	1080	702	0	0	0	0.999953
19801	2	metal6	1090	702	0	0	0	0.999953
19802	2	metal6	10	712	0	0	0	0.99995
19803	2	metal6	20	712	0	0	0	0.99995
19804	2	metal6	30	712	0	0	0	0.99995
19805	2	metal6	40	712	0	0	0	0.99995
19806	2	metal6	50	712	0	0	0	0.99995
19807	2	metal6	60	712	0	0	0	0.99995
19808	2	metal6	70	712	0	0	0	0.99995
19809	2	metal6	80	712	0	0	0	0.99995
19810	2	metal6	90	712	0	0	0	0.99995
19811	2	metal6	100	712	0	0	0	0.99995
19812	2	metal6	110	712	0	0	0	0.99995
19813	2	metal6	120	712	0	0	0	0.99995
19814	2	metal6	130	712	0	0	0	0.99995
19815	2	metal6	140	712	0	0	0	0.99995
19816	2	metal6	150	712	0	0	0	0.999951
19817	2	metal6	160	712	0	0	0	0.999951
19818	2	metal6	170	712	0	0	0	0.999951
19819	2	metal6	180	712	0	0	0	0.999951
19820	2	metal6	190	712	0	0	0	0.999951
19821	2	metal6	200	712	0	0	0	0.999952
19822	2	metal6	210	712	0	0	0	0.999952
19823	2	metal6	220	712	0	0	0	0.999952
19824	2	metal6	230	712	0	0	0	0.999952
19825	2	metal6	240	712	0	0	0	0.999953
19826	2	metal6	250	712	0	0	0	0.999954
19827	2	metal6	260	712	0	0	0	0.999954
19828	2	metal6	270	712	0	0	0	0.999955
19829	2	metal6	280	712	0	0	0	0.999955
19830	2	metal6	290	712	0	0	0	0.999955
19831	2	metal6	300	712	0	0	0	0.999956
19832	2	metal6	310	712	0	0	0	0.999957
19833	2	metal6	320	712	0	0	0	0.999958
19834	2	metal6	330	712	0	0	0	0.999958
19835	2	metal6	340	712	0	0	0	0.999959
19836	2	metal6	350	712	0	0	0	0.99996
19837	2	metal6	360	712	0	0	0	0.999961
19838	2	metal6	370	712	0	0	0	0.999962
19839	2	metal6	380	712	0	0	0	0.999963
19840	2	metal6	390	712	0	0	0	0.999964
19841	2	metal6	400	712	0	0	0	0.999965
19842	2	metal6	410	712	0	0	0	0.999966
19843	2	metal6	420	712	0	0	0	0.999967
19844	2	metal6	430	712	0	0	0	0.999969
19845	2	metal6	440	712	0	0	0	0.99997
19846	2	metal6	450	712	0	0	0	0.999971
19847	2	metal6	460	712	0	0	0	0.999973
19848	2	metal6	470	712	0	0	0	0.999974
19849	2	metal6	480	712	0	0	0	0.999976
19850	2	metal6	490	712	0	0	0	0.999978
19851	2	metal6	500	712	0	0	0	0.999979
19852	2	metal6	510	712	0	0	0	0.99998
19853	2	metal6	520	712	0	0	0	0.999984
19854	2	metal6	530	712	0	0	0	0.999984
19855	2	metal6	540	712	0	0	0	0.999986
19856	2	metal6	550	712	0	0	0	0.999989
19857	2	metal6	560	712	0	0	0	0.999985
19858	2	metal6	570	712	0	0	0	0.999984
19859	2	metal6	580	712	0	0	0	0.999985
19860	2	metal6	590	712	0	0	0	0.999982
19861	2	metal6	600	712	0	0	0	0.99998
19862	2	metal6	610	712	0	0	0	0.99998
19863	2	metal6	620	712	0	0	0	0.999977
19864	2	metal6	630	712	0	0	0	0.999975
19865	2	metal6	640	712	0	0	0	0.999974
19866	2	metal6	650	712	0	0	0	0.999972
19867	2	metal6	660	712	0	0	0	0.999971
19868	2	metal6	670	712	0	0	0	0.99997
19869	2	metal6	680	712	0	0	0	0.999968
19870	2	metal6	690	712	0	0	0	0.999967
19871	2	metal6	700	712	0	0	0	0.999967
19872	2	metal6	710	712	0	0	0	0.999966
19873	2	metal6	720	712	0	0	0	0.999965
19874	2	metal6	730	712	0	0	0	0.999964
19875	2	metal6	740	712	0	0	0	0.999963
19876	2	metal6	750	712	0	0	0	0.999962
19877	2	metal6	760	712	0	0	0	0.999962
19878	2	metal6	770	712	0	0	0	0.999961
19879	2	metal6	780	712	0	0	0	0.999961
19880	2	metal6	790	712	0	0	0	0.99996
19881	2	metal6	800	712	0	0	0	0.99996
19882	2	metal6	810	712	0	0	0	0.999959
19883	2	metal6	820	712	0	0	0	0.999959
19884	2	metal6	830	712	0	0	0	0.999958
19885	2	metal6	840	712	0	0	0	0.999958
19886	2	metal6	850	712	0	0	0	0.999957
19887	2	metal6	860	712	0	0	0	0.999957
19888	2	metal6	870	712	0	0	0	0.999957
19889	2	metal6	880	712	0	0	0	0.999956
19890	2	metal6	890	712	0	0	0	0.999956
19891	2	metal6	900	712	0	0	0	0.999956
19892	2	metal6	910	712	0	0	0	0.999955
19893	2	metal6	920	712	0	0	0	0.999955
19894	2	metal6	930	712	0	0	0	0.999955
19895	2	metal6	940	712	0	0	0	0.999955
19896	2	metal6	950	712	0	0	0	0.999954
19897	2	metal6	960	712	0	0	0	0.999954
19898	2	metal6	970	712	0	0	0	0.999954
19899	2	metal6	980	712	0	0	0	0.999954
19900	2	metal6	990	712	0	0	0	0.999954
19901	2	metal6	1000	712	0	0	0	0.999954
19902	2	metal6	1010	712	0	0	0	0.999953
19903	2	metal6	1020	712	0	0	0	0.999953
19904	2	metal6	1030	712	0	0	0	0.999953
19905	2	metal6	1040	712	0	0	0	0.999953
19906	2	metal6	1050	712	0	0	0	0.999953
19907	2	metal6	1060	712	0	0	0	0.999953
19908	2	metal6	1070	712	0	0	0	0.999953
19909	2	metal6	1080	712	0	0	0	0.999953
19910	2	metal6	1090	712	0	0	0	0.999953
19911	2	metal6	10	722	0	0	0	0.99995
19912	2	metal6	20	722	0	0	0	0.99995
19913	2	metal6	30	722	0	0	0	0.99995
19914	2	metal6	40	722	0	0	0	0.99995
19915	2	metal6	50	722	0	0	0	0.99995
19916	2	metal6	60	722	0	0	0	0.99995
19917	2	metal6	70	722	0	0	0	0.99995
19918	2	metal6	80	722	0	0	0	0.99995
19919	2	metal6	90	722	0	0	0	0.99995
19920	2	metal6	100	722	0	0	0	0.99995
19921	2	metal6	110	722	0	0	0	0.99995
19922	2	metal6	120	722	0	0	0	0.99995
19923	2	metal6	130	722	0	0	0	0.999951
19924	2	metal6	140	722	0	0	0	0.999951
19925	2	metal6	150	722	0	0	0	0.999951
19926	2	metal6	160	722	0	0	0	0.999951
19927	2	metal6	170	722	0	0	0	0.999951
19928	2	metal6	180	722	0	0	0	0.999951
19929	2	metal6	190	722	0	0	0	0.999952
19930	2	metal6	200	722	0	0	0	0.999952
19931	2	metal6	210	722	0	0	0	0.999952
19932	2	metal6	220	722	0	0	0	0.999953
19933	2	metal6	230	722	0	0	0	0.999953
19934	2	metal6	240	722	0	0	0	0.999953
19935	2	metal6	250	722	0	0	0	0.999954
19936	2	metal6	260	722	0	0	0	0.999954
19937	2	metal6	270	722	0	0	0	0.999955
19938	2	metal6	280	722	0	0	0	0.999956
19939	2	metal6	290	722	0	0	0	0.999956
19940	2	metal6	300	722	0	0	0	0.999957
19941	2	metal6	310	722	0	0	0	0.999958
19942	2	metal6	320	722	0	0	0	0.999958
19943	2	metal6	330	722	0	0	0	0.999959
19944	2	metal6	340	722	0	0	0	0.99996
19945	2	metal6	350	722	0	0	0	0.99996
19946	2	metal6	360	722	0	0	0	0.999961
19947	2	metal6	370	722	0	0	0	0.999962
19948	2	metal6	380	722	0	0	0	0.999963
19949	2	metal6	390	722	0	0	0	0.999964
19950	2	metal6	400	722	0	0	0	0.999965
19951	2	metal6	410	722	0	0	0	0.999966
19952	2	metal6	420	722	0	0	0	0.999967
19953	2	metal6	430	722	0	0	0	0.999969
19954	2	metal6	440	722	0	0	0	0.99997
19955	2	metal6	450	722	0	0	0	0.999971
19956	2	metal6	460	722	0	0	0	0.999973
19957	2	metal6	470	722	0	0	0	0.999974
19958	2	metal6	480	722	0	0	0	0.999976
19959	2	metal6	490	722	0	0	0	0.999978
19960	2	metal6	500	722	0	0	0	0.999979
19961	2	metal6	510	722	0	0	0	0.99998
19962	2	metal6	520	722	0	0	0	0.999984
19963	2	metal6	530	722	0	0	0	0.999984
19964	2	metal6	540	722	0	0	0	0.999986
19965	2	metal6	550	722	0	0	0	0.999989
19966	2	metal6	560	722	0	0	0	0.999985
19967	2	metal6	570	722	0	0	0	0.999983
19968	2	metal6	580	722	0	0	0	0.999984
19969	2	metal6	590	722	0	0	0	0.999982
19970	2	metal6	600	722	0	0	0	0.99998
19971	2	metal6	610	722	0	0	0	0.99998
19972	2	metal6	620	722	0	0	0	0.999977
19973	2	metal6	630	722	0	0	0	0.999975
19974	2	metal6	640	722	0	0	0	0.999974
19975	2	metal6	650	722	0	0	0	0.999972
19976	2	metal6	660	722	0	0	0	0.999971
19977	2	metal6	670	722	0	0	0	0.99997
19978	2	metal6	680	722	0	0	0	0.999968
19979	2	metal6	690	722	0	0	0	0.999967
19980	2	metal6	700	722	0	0	0	0.999967
19981	2	metal6	710	722	0	0	0	0.999966
19982	2	metal6	720	722	0	0	0	0.999965
19983	2	metal6	730	722	0	0	0	0.999964
19984	2	metal6	740	722	0	0	0	0.999963
19985	2	metal6	750	722	0	0	0	0.999963
19986	2	metal6	760	722	0	0	0	0.999962
19987	2	metal6	770	722	0	0	0	0.999961
19988	2	metal6	780	722	0	0	0	0.999961
19989	2	metal6	790	722	0	0	0	0.99996
19990	2	metal6	800	722	0	0	0	0.99996
19991	2	metal6	810	722	0	0	0	0.999959
19992	2	metal6	820	722	0	0	0	0.999959
19993	2	metal6	830	722	0	0	0	0.999958
19994	2	metal6	840	722	0	0	0	0.999958
19995	2	metal6	850	722	0	0	0	0.999958
19996	2	metal6	860	722	0	0	0	0.999957
19997	2	metal6	870	722	0	0	0	0.999957
19998	2	metal6	880	722	0	0	0	0.999957
19999	2	metal6	890	722	0	0	0	0.999956
20000	2	metal6	900	722	0	0	0	0.999956
20001	2	metal6	910	722	0	0	0	0.999955
20002	2	metal6	920	722	0	0	0	0.999955
20003	2	metal6	930	722	0	0	0	0.999955
20004	2	metal6	940	722	0	0	0	0.999955
20005	2	metal6	950	722	0	0	0	0.999954
20006	2	metal6	960	722	0	0	0	0.999954
20007	2	metal6	970	722	0	0	0	0.999954
20008	2	metal6	980	722	0	0	0	0.999954
20009	2	metal6	990	722	0	0	0	0.999954
20010	2	metal6	1000	722	0	0	0	0.999954
20011	2	metal6	1010	722	0	0	0	0.999953
20012	2	metal6	1020	722	0	0	0	0.999953
20013	2	metal6	1030	722	0	0	0	0.999953
20014	2	metal6	1040	722	0	0	0	0.999953
20015	2	metal6	1050	722	0	0	0	0.999953
20016	2	metal6	1060	722	0	0	0	0.999953
20017	2	metal6	1070	722	0	0	0	0.999953
20018	2	metal6	1080	722	0	0	0	0.999953
20019	2	metal6	1090	722	0	0	0	0.999953
20020	2	metal6	10	732	0	0	0	0.99995
20021	2	metal6	20	732	0	0	0	0.99995
20022	2	metal6	30	732	0	0	0	0.99995
20023	2	metal6	40	732	0	0	0	0.99995
20024	2	metal6	50	732	0	0	0	0.99995
20025	2	metal6	60	732	0	0	0	0.99995
20026	2	metal6	70	732	0	0	0	0.99995
20027	2	metal6	80	732	0	0	0	0.99995
20028	2	metal6	90	732	0	0	0	0.999951
20029	2	metal6	100	732	0	0	0	0.999951
20030	2	metal6	110	732	0	0	0	0.999951
20031	2	metal6	120	732	0	0	0	0.999951
20032	2	metal6	130	732	0	0	0	0.999951
20033	2	metal6	140	732	0	0	0	0.999951
20034	2	metal6	150	732	0	0	0	0.999951
20035	2	metal6	160	732	0	0	0	0.999952
20036	2	metal6	170	732	0	0	0	0.999952
20037	2	metal6	180	732	0	0	0	0.999952
20038	2	metal6	190	732	0	0	0	0.999952
20039	2	metal6	200	732	0	0	0	0.999952
20040	2	metal6	210	732	0	0	0	0.999953
20041	2	metal6	220	732	0	0	0	0.999953
20042	2	metal6	230	732	0	0	0	0.999953
20043	2	metal6	240	732	0	0	0	0.999954
20044	2	metal6	250	732	0	0	0	0.999955
20045	2	metal6	260	732	0	0	0	0.999955
20046	2	metal6	270	732	0	0	0	0.999955
20047	2	metal6	280	732	0	0	0	0.999956
20048	2	metal6	290	732	0	0	0	0.999956
20049	2	metal6	300	732	0	0	0	0.999957
20050	2	metal6	310	732	0	0	0	0.999958
20051	2	metal6	320	732	0	0	0	0.999958
20052	2	metal6	330	732	0	0	0	0.999959
20053	2	metal6	340	732	0	0	0	0.99996
20054	2	metal6	350	732	0	0	0	0.99996
20055	2	metal6	360	732	0	0	0	0.999961
20056	2	metal6	370	732	0	0	0	0.999963
20057	2	metal6	380	732	0	0	0	0.999963
20058	2	metal6	390	732	0	0	0	0.999964
20059	2	metal6	400	732	0	0	0	0.999965
20060	2	metal6	410	732	0	0	0	0.999966
20061	2	metal6	420	732	0	0	0	0.999967
20062	2	metal6	430	732	0	0	0	0.999969
20063	2	metal6	440	732	0	0	0	0.99997
20064	2	metal6	450	732	0	0	0	0.99997
20065	2	metal6	460	732	0	0	0	0.999973
20066	2	metal6	470	732	0	0	0	0.999973
20067	2	metal6	480	732	0	0	0	0.999975
20068	2	metal6	490	732	0	0	0	0.999979
20069	2	metal6	500	732	0	0	0	0.999978
20070	2	metal6	510	732	0	0	0	0.999978
20071	2	metal6	520	732	0	0	0	0.999985
20072	2	metal6	530	732	0	0	0	0.999984
20073	2	metal6	540	732	0	0	0	0.999986
20074	2	metal6	550	732	0	0	0	0.999992
20075	2	metal6	560	732	0	0	0	0.999985
20076	2	metal6	570	732	0	0	0	0.999982
20077	2	metal6	580	732	0	0	0	0.999986
20078	2	metal6	590	732	0	0	0	0.999982
20079	2	metal6	600	732	0	0	0	0.99998
20080	2	metal6	610	732	0	0	0	0.99998
20081	2	metal6	620	732	0	0	0	0.999976
20082	2	metal6	630	732	0	0	0	0.999974
20083	2	metal6	640	732	0	0	0	0.999975
20084	2	metal6	650	732	0	0	0	0.999972
20085	2	metal6	660	732	0	0	0	0.999971
20086	2	metal6	670	732	0	0	0	0.999971
20087	2	metal6	680	732	0	0	0	0.999968
20088	2	metal6	690	732	0	0	0	0.999967
20089	2	metal6	700	732	0	0	0	0.999968
20090	2	metal6	710	732	0	0	0	0.999966
20091	2	metal6	720	732	0	0	0	0.999965
20092	2	metal6	730	732	0	0	0	0.999965
20093	2	metal6	740	732	0	0	0	0.999963
20094	2	metal6	750	732	0	0	0	0.999962
20095	2	metal6	760	732	0	0	0	0.999963
20096	2	metal6	770	732	0	0	0	0.999961
20097	2	metal6	780	732	0	0	0	0.999961
20098	2	metal6	790	732	0	0	0	0.99996
20099	2	metal6	800	732	0	0	0	0.99996
20100	2	metal6	810	732	0	0	0	0.999959
20101	2	metal6	820	732	0	0	0	0.999959
20102	2	metal6	830	732	0	0	0	0.999958
20103	2	metal6	840	732	0	0	0	0.999958
20104	2	metal6	850	732	0	0	0	0.999958
20105	2	metal6	860	732	0	0	0	0.999957
20106	2	metal6	870	732	0	0	0	0.999957
20107	2	metal6	880	732	0	0	0	0.999957
20108	2	metal6	890	732	0	0	0	0.999956
20109	2	metal6	900	732	0	0	0	0.999956
20110	2	metal6	910	732	0	0	0	0.999956
20111	2	metal6	920	732	0	0	0	0.999955
20112	2	metal6	930	732	0	0	0	0.999955
20113	2	metal6	940	732	0	0	0	0.999955
20114	2	metal6	950	732	0	0	0	0.999954
20115	2	metal6	960	732	0	0	0	0.999954
20116	2	metal6	970	732	0	0	0	0.999954
20117	2	metal6	980	732	0	0	0	0.999954
20118	2	metal6	990	732	0	0	0	0.999954
20119	2	metal6	1000	732	0	0	0	0.999954
20120	2	metal6	1010	732	0	0	0	0.999953
20121	2	metal6	1020	732	0	0	0	0.999953
20122	2	metal6	1030	732	0	0	0	0.999953
20123	2	metal6	1040	732	0	0	0	0.999953
20124	2	metal6	1050	732	0	0	0	0.999953
20125	2	metal6	1060	732	0	0	0	0.999953
20126	2	metal6	1070	732	0	0	0	0.999953
20127	2	metal6	1080	732	0	0	0	0.999953
20128	2	metal6	1090	732	0	0	0	0.999953
20129	2	metal6	10	742	0	0	0	0.99995
20130	2	metal6	20	742	0	0	0	0.99995
20131	2	metal6	30	742	0	0	0	0.999951
20132	2	metal6	40	742	0	0	0	0.999951
20133	2	metal6	50	742	0	0	0	0.999951
20134	2	metal6	60	742	0	0	0	0.999951
20135	2	metal6	70	742	0	0	0	0.999951
20136	2	metal6	80	742	0	0	0	0.999951
20137	2	metal6	90	742	0	0	0	0.999951
20138	2	metal6	100	742	0	0	0	0.999951
20139	2	metal6	110	742	0	0	0	0.999951
20140	2	metal6	120	742	0	0	0	0.999951
20141	2	metal6	130	742	0	0	0	0.999951
20142	2	metal6	140	742	0	0	0	0.999952
20143	2	metal6	150	742	0	0	0	0.999952
20144	2	metal6	160	742	0	0	0	0.999952
20145	2	metal6	170	742	0	0	0	0.999952
20146	2	metal6	180	742	0	0	0	0.999952
20147	2	metal6	190	742	0	0	0	0.999952
20148	2	metal6	200	742	0	0	0	0.999953
20149	2	metal6	210	742	0	0	0	0.999953
20150	2	metal6	220	742	0	0	0	0.999953
20151	2	metal6	230	742	0	0	0	0.999953
20152	2	metal6	240	742	0	0	0	0.999954
20153	2	metal6	250	742	0	0	0	0.999955
20154	2	metal6	260	742	0	0	0	0.999955
20155	2	metal6	270	742	0	0	0	0.999956
20156	2	metal6	280	742	0	0	0	0.999956
20157	2	metal6	290	742	0	0	0	0.999955
20158	2	metal6	300	742	0	0	0	0.999957
20159	2	metal6	310	742	0	0	0	0.999958
20160	2	metal6	320	742	0	0	0	0.999959
20161	2	metal6	330	742	0	0	0	0.999959
20162	2	metal6	340	742	0	0	0	0.99996
20163	2	metal6	350	742	0	0	0	0.999959
20164	2	metal6	360	742	0	0	0	0.999961
20165	2	metal6	370	742	0	0	0	0.999962
20166	2	metal6	380	742	0	0	0	0.999963
20167	2	metal6	390	742	0	0	0	0.999963
20168	2	metal6	400	742	0	0	0	0.999963
20169	2	metal6	410	742	0	0	0	0.999965
20170	2	metal6	420	742	0	0	0	0.999967
20171	2	metal6	430	742	0	0	0	0.999969
20172	2	metal6	440	742	0	0	0	0.999969
20173	2	metal6	450	742	0	0	0	0.999969
20174	2	metal6	460	742	0	0	0	0.999968
20175	2	metal6	470	742	0	0	0	0.999972
20176	2	metal6	480	742	0	0	0	0.999974
20177	2	metal6	490	742	0	0	0	0.999977
20178	2	metal6	500	742	0	0	0	0.999976
20179	2	metal6	510	742	0	0	0	0.999975
20180	2	metal6	520	742	0	0	0	0.999982
20181	2	metal6	530	742	0	0	0	0.999983
20182	2	metal6	540	742	0	0	0	0.999985
20183	2	metal6	550	742	0	0	0	0.999988
20184	2	metal6	560	742	0	0	0	0.999983
20185	2	metal6	570	742	0	0	0	0.999978
20186	2	metal6	580	742	0	0	0	0.999982
20187	2	metal6	590	742	0	0	0	0.999981
20188	2	metal6	600	742	0	0	0	0.99998
20189	2	metal6	610	742	0	0	0	0.999979
20190	2	metal6	620	742	0	0	0	0.999975
20191	2	metal6	630	742	0	0	0	0.999971
20192	2	metal6	640	742	0	0	0	0.999973
20193	2	metal6	650	742	0	0	0	0.999972
20194	2	metal6	660	742	0	0	0	0.999971
20195	2	metal6	670	742	0	0	0	0.999969
20196	2	metal6	680	742	0	0	0	0.999966
20197	2	metal6	690	742	0	0	0	0.999967
20198	2	metal6	700	742	0	0	0	0.999967
20199	2	metal6	710	742	0	0	0	0.999966
20200	2	metal6	720	742	0	0	0	0.999965
20201	2	metal6	730	742	0	0	0	0.999964
20202	2	metal6	740	742	0	0	0	0.999962
20203	2	metal6	750	742	0	0	0	0.999962
20204	2	metal6	760	742	0	0	0	0.999962
20205	2	metal6	770	742	0	0	0	0.999961
20206	2	metal6	780	742	0	0	0	0.99996
20207	2	metal6	790	742	0	0	0	0.999959
20208	2	metal6	800	742	0	0	0	0.999959
20209	2	metal6	810	742	0	0	0	0.999959
20210	2	metal6	820	742	0	0	0	0.999959
20211	2	metal6	830	742	0	0	0	0.999958
20212	2	metal6	840	742	0	0	0	0.999958
20213	2	metal6	850	742	0	0	0	0.999957
20214	2	metal6	860	742	0	0	0	0.999957
20215	2	metal6	870	742	0	0	0	0.999957
20216	2	metal6	880	742	0	0	0	0.999957
20217	2	metal6	890	742	0	0	0	0.999956
20218	2	metal6	900	742	0	0	0	0.999956
20219	2	metal6	910	742	0	0	0	0.999955
20220	2	metal6	920	742	0	0	0	0.999955
20221	2	metal6	930	742	0	0	0	0.999955
20222	2	metal6	940	742	0	0	0	0.999955
20223	2	metal6	950	742	0	0	0	0.999954
20224	2	metal6	960	742	0	0	0	0.999954
20225	2	metal6	970	742	0	0	0	0.999954
20226	2	metal6	980	742	0	0	0	0.999954
20227	2	metal6	990	742	0	0	0	0.999954
20228	2	metal6	1000	742	0	0	0	0.999954
20229	2	metal6	1010	742	0	0	0	0.999954
20230	2	metal6	1020	742	0	0	0	0.999953
20231	2	metal6	1030	742	0	0	0	0.999953
20232	2	metal6	1040	742	0	0	0	0.999953
20233	2	metal6	1050	742	0	0	0	0.999953
20234	2	metal6	1060	742	0	0	0	0.999953
20235	2	metal6	1070	742	0	0	0	0.999953
20236	2	metal6	1080	742	0	0	0	0.999953
20237	2	metal6	1090	742	0	0	0	0.999953
20238	2	metal6	10	752	0	0	0	0.999951
20239	2	metal6	20	752	0	0	0	0.999951
20240	2	metal6	30	752	0	0	0	0.999951
20241	2	metal6	40	752	0	0	0	0.999951
20242	2	metal6	50	752	0	0	0	0.999951
20243	2	metal6	60	752	0	0	0	0.999951
20244	2	metal6	70	752	0	0	0	0.999951
20245	2	metal6	80	752	0	0	0	0.999951
20246	2	metal6	90	752	0	0	0	0.999951
20247	2	metal6	100	752	0	0	0	0.999952
20248	2	metal6	110	752	0	0	0	0.999952
20249	2	metal6	120	752	0	0	0	0.999952
20250	2	metal6	130	752	0	0	0	0.999952
20251	2	metal6	140	752	0	0	0	0.999952
20252	2	metal6	150	752	0	0	0	0.999952
20253	2	metal6	160	752	0	0	0	0.999953
20254	2	metal6	170	752	0	0	0	0.999952
20255	2	metal6	180	752	0	0	0	0.999952
20256	2	metal6	190	752	0	0	0	0.999953
20257	2	metal6	200	752	0	0	0	0.999953
20258	2	metal6	210	752	0	0	0	0.999954
20259	2	metal6	220	752	0	0	0	0.999954
20260	2	metal6	230	752	0	0	0	0.999954
20261	2	metal6	240	752	0	0	0	0.999955
20262	2	metal6	250	752	0	0	0	0.999955
20263	2	metal6	260	752	0	0	0	0.999956
20264	2	metal6	270	752	0	0	0	0.999956
20265	2	metal6	280	752	0	0	0	0.999957
20266	2	metal6	290	752	0	0	0	0.999957
20267	2	metal6	300	752	0	0	0	0.999958
20268	2	metal6	310	752	0	0	0	0.999959
20269	2	metal6	320	752	0	0	0	0.999959
20270	2	metal6	330	752	0	0	0	0.99996
20271	2	metal6	340	752	0	0	0	0.99996
20272	2	metal6	350	752	0	0	0	0.99996
20273	2	metal6	360	752	0	0	0	0.999961
20274	2	metal6	370	752	0	0	0	0.999963
20275	2	metal6	380	752	0	0	0	0.999963
20276	2	metal6	390	752	0	0	0	0.999964
20277	2	metal6	400	752	0	0	0	0.999965
20278	2	metal6	410	752	0	0	0	0.999966
20279	2	metal6	420	752	0	0	0	0.999968
20280	2	metal6	430	752	0	0	0	0.999969
20281	2	metal6	440	752	0	0	0	0.99997
20282	2	metal6	450	752	0	0	0	0.99997
20283	2	metal6	460	752	0	0	0	0.999971
20284	2	metal6	470	752	0	0	0	0.999973
20285	2	metal6	480	752	0	0	0	0.999975
20286	2	metal6	490	752	0	0	0	0.999978
20287	2	metal6	500	752	0	0	0	0.999978
20288	2	metal6	510	752	0	0	0	0.999978
20289	2	metal6	520	752	0	0	0	0.999983
20290	2	metal6	530	752	0	0	0	0.999984
20291	2	metal6	540	752	0	0	0	0.999985
20292	2	metal6	550	752	0	0	0	0.999988
20293	2	metal6	560	752	0	0	0	0.999984
20294	2	metal6	570	752	0	0	0	0.999981
20295	2	metal6	580	752	0	0	0	0.999983
20296	2	metal6	590	752	0	0	0	0.999981
20297	2	metal6	600	752	0	0	0	0.99998
20298	2	metal6	610	752	0	0	0	0.999979
20299	2	metal6	620	752	0	0	0	0.999976
20300	2	metal6	630	752	0	0	0	0.999974
20301	2	metal6	640	752	0	0	0	0.999974
20302	2	metal6	650	752	0	0	0	0.999972
20303	2	metal6	660	752	0	0	0	0.999971
20304	2	metal6	670	752	0	0	0	0.99997
20305	2	metal6	680	752	0	0	0	0.999968
20306	2	metal6	690	752	0	0	0	0.999967
20307	2	metal6	700	752	0	0	0	0.999967
20308	2	metal6	710	752	0	0	0	0.999966
20309	2	metal6	720	752	0	0	0	0.999965
20310	2	metal6	730	752	0	0	0	0.999965
20311	2	metal6	740	752	0	0	0	0.999963
20312	2	metal6	750	752	0	0	0	0.999963
20313	2	metal6	760	752	0	0	0	0.999962
20314	2	metal6	770	752	0	0	0	0.999962
20315	2	metal6	780	752	0	0	0	0.999961
20316	2	metal6	790	752	0	0	0	0.99996
20317	2	metal6	800	752	0	0	0	0.99996
20318	2	metal6	810	752	0	0	0	0.99996
20319	2	metal6	820	752	0	0	0	0.999959
20320	2	metal6	830	752	0	0	0	0.999959
20321	2	metal6	840	752	0	0	0	0.999958
20322	2	metal6	850	752	0	0	0	0.999958
20323	2	metal6	860	752	0	0	0	0.999957
20324	2	metal6	870	752	0	0	0	0.999957
20325	2	metal6	880	752	0	0	0	0.999957
20326	2	metal6	890	752	0	0	0	0.999956
20327	2	metal6	900	752	0	0	0	0.999956
20328	2	metal6	910	752	0	0	0	0.999956
20329	2	metal6	920	752	0	0	0	0.999955
20330	2	metal6	930	752	0	0	0	0.999955
20331	2	metal6	940	752	0	0	0	0.999955
20332	2	metal6	950	752	0	0	0	0.999955
20333	2	metal6	960	752	0	0	0	0.999954
20334	2	metal6	970	752	0	0	0	0.999954
20335	2	metal6	980	752	0	0	0	0.999954
20336	2	metal6	990	752	0	0	0	0.999954
20337	2	metal6	1000	752	0	0	0	0.999954
20338	2	metal6	1010	752	0	0	0	0.999954
20339	2	metal6	1020	752	0	0	0	0.999954
20340	2	metal6	1030	752	0	0	0	0.999954
20341	2	metal6	1040	752	0	0	0	0.999954
20342	2	metal6	1050	752	0	0	0	0.999953
20343	2	metal6	1060	752	0	0	0	0.999953
20344	2	metal6	1070	752	0	0	0	0.999953
20345	2	metal6	1080	752	0	0	0	0.999953
20346	2	metal6	1090	752	0	0	0	0.999953
20347	2	metal6	10	762	0	0	0	0.999952
20348	2	metal6	20	762	0	0	0	0.999951
20349	2	metal6	30	762	0	0	0	0.999952
20350	2	metal6	40	762	0	0	0	0.999952
20351	2	metal6	50	762	0	0	0	0.999952
20352	2	metal6	60	762	0	0	0	0.999952
20353	2	metal6	70	762	0	0	0	0.999952
20354	2	metal6	80	762	0	0	0	0.999952
20355	2	metal6	90	762	0	0	0	0.999952
20356	2	metal6	100	762	0	0	0	0.999952
20357	2	metal6	110	762	0	0	0	0.999952
20358	2	metal6	120	762	0	0	0	0.999952
20359	2	metal6	130	762	0	0	0	0.999953
20360	2	metal6	140	762	0	0	0	0.999953
20361	2	metal6	150	762	0	0	0	0.999953
20362	2	metal6	160	762	0	0	0	0.999953
20363	2	metal6	170	762	0	0	0	0.999953
20364	2	metal6	180	762	0	0	0	0.999953
20365	2	metal6	190	762	0	0	0	0.999954
20366	2	metal6	200	762	0	0	0	0.999954
20367	2	metal6	210	762	0	0	0	0.999954
20368	2	metal6	220	762	0	0	0	0.999955
20369	2	metal6	230	762	0	0	0	0.999955
20370	2	metal6	240	762	0	0	0	0.999955
20371	2	metal6	250	762	0	0	0	0.999956
20372	2	metal6	260	762	0	0	0	0.999956
20373	2	metal6	270	762	0	0	0	0.999957
20374	2	metal6	280	762	0	0	0	0.999957
20375	2	metal6	290	762	0	0	0	0.999957
20376	2	metal6	300	762	0	0	0	0.999958
20377	2	metal6	310	762	0	0	0	0.999959
20378	2	metal6	320	762	0	0	0	0.999959
20379	2	metal6	330	762	0	0	0	0.99996
20380	2	metal6	340	762	0	0	0	0.999961
20381	2	metal6	350	762	0	0	0	0.999961
20382	2	metal6	360	762	0	0	0	0.999962
20383	2	metal6	370	762	0	0	0	0.999964
20384	2	metal6	380	762	0	0	0	0.999964
20385	2	metal6	390	762	0	0	0	0.999965
20386	2	metal6	400	762	0	0	0	0.999966
20387	2	metal6	410	762	0	0	0	0.999967
20388	2	metal6	420	762	0	0	0	0.999968
20389	2	metal6	430	762	0	0	0	0.99997
20390	2	metal6	440	762	0	0	0	0.99997
20391	2	metal6	450	762	0	0	0	0.999971
20392	2	metal6	460	762	0	0	0	0.999974
20393	2	metal6	470	762	0	0	0	0.999974
20394	2	metal6	480	762	0	0	0	0.999976
20395	2	metal6	490	762	0	0	0	0.99998
20396	2	metal6	500	762	0	0	0	0.999979
20397	2	metal6	510	762	0	0	0	0.99998
20398	2	metal6	520	762	0	0	0	0.999986
20399	2	metal6	530	762	0	0	0	0.999984
20400	2	metal6	540	762	0	0	0	0.999986
20401	2	metal6	550	762	0	0	0	0.999992
20402	2	metal6	560	762	0	0	0	0.999985
20403	2	metal6	570	762	0	0	0	0.999983
20404	2	metal6	580	762	0	0	0	0.999986
20405	2	metal6	590	762	0	0	0	0.999982
20406	2	metal6	600	762	0	0	0	0.999981
20407	2	metal6	610	762	0	0	0	0.999981
20408	2	metal6	620	762	0	0	0	0.999977
20409	2	metal6	630	762	0	0	0	0.999975
20410	2	metal6	640	762	0	0	0	0.999975
20411	2	metal6	650	762	0	0	0	0.999973
20412	2	metal6	660	762	0	0	0	0.999972
20413	2	metal6	670	762	0	0	0	0.999971
20414	2	metal6	680	762	0	0	0	0.999969
20415	2	metal6	690	762	0	0	0	0.999968
20416	2	metal6	700	762	0	0	0	0.999968
20417	2	metal6	710	762	0	0	0	0.999967
20418	2	metal6	720	762	0	0	0	0.999966
20419	2	metal6	730	762	0	0	0	0.999965
20420	2	metal6	740	762	0	0	0	0.999964
20421	2	metal6	750	762	0	0	0	0.999963
20422	2	metal6	760	762	0	0	0	0.999963
20423	2	metal6	770	762	0	0	0	0.999962
20424	2	metal6	780	762	0	0	0	0.999961
20425	2	metal6	790	762	0	0	0	0.999961
20426	2	metal6	800	762	0	0	0	0.99996
20427	2	metal6	810	762	0	0	0	0.99996
20428	2	metal6	820	762	0	0	0	0.99996
20429	2	metal6	830	762	0	0	0	0.999959
20430	2	metal6	840	762	0	0	0	0.999958
20431	2	metal6	850	762	0	0	0	0.999958
20432	2	metal6	860	762	0	0	0	0.999958
20433	2	metal6	870	762	0	0	0	0.999957
20434	2	metal6	880	762	0	0	0	0.999957
20435	2	metal6	890	762	0	0	0	0.999957
20436	2	metal6	900	762	0	0	0	0.999956
20437	2	metal6	910	762	0	0	0	0.999956
20438	2	metal6	920	762	0	0	0	0.999956
20439	2	metal6	930	762	0	0	0	0.999955
20440	2	metal6	940	762	0	0	0	0.999955
20441	2	metal6	950	762	0	0	0	0.999955
20442	2	metal6	960	762	0	0	0	0.999955
20443	2	metal6	970	762	0	0	0	0.999955
20444	2	metal6	980	762	0	0	0	0.999954
20445	2	metal6	990	762	0	0	0	0.999954
20446	2	metal6	1000	762	0	0	0	0.999954
20447	2	metal6	1010	762	0	0	0	0.999954
20448	2	metal6	1020	762	0	0	0	0.999954
20449	2	metal6	1030	762	0	0	0	0.999954
20450	2	metal6	1040	762	0	0	0	0.999954
20451	2	metal6	1050	762	0	0	0	0.999954
20452	2	metal6	1060	762	0	0	0	0.999954
20453	2	metal6	1070	762	0	0	0	0.999953
20454	2	metal6	1080	762	0	0	0	0.999954
20455	2	metal6	1090	762	0	0	0	0.999954
20456	2	metal6	10	772	0	0	0	0.999952
20457	2	metal6	20	772	0	0	0	0.999952
20458	2	metal6	30	772	0	0	0	0.999952
20459	2	metal6	40	772	0	0	0	0.999952
20460	2	metal6	50	772	0	0	0	0.999952
20461	2	metal6	60	772	0	0	0	0.999952
20462	2	metal6	70	772	0	0	0	0.999952
20463	2	metal6	80	772	0	0	0	0.999952
20464	2	metal6	90	772	0	0	0	0.999952
20465	2	metal6	100	772	0	0	0	0.999952
20466	2	metal6	110	772	0	0	0	0.999952
20467	2	metal6	120	772	0	0	0	0.999953
20468	2	metal6	130	772	0	0	0	0.999953
20469	2	metal6	140	772	0	0	0	0.999953
20470	2	metal6	150	772	0	0	0	0.999953
20471	2	metal6	160	772	0	0	0	0.999953
20472	2	metal6	170	772	0	0	0	0.999953
20473	2	metal6	180	772	0	0	0	0.999954
20474	2	metal6	190	772	0	0	0	0.999954
20475	2	metal6	200	772	0	0	0	0.999954
20476	2	metal6	210	772	0	0	0	0.999955
20477	2	metal6	220	772	0	0	0	0.999955
20478	2	metal6	230	772	0	0	0	0.999955
20479	2	metal6	240	772	0	0	0	0.999956
20480	2	metal6	250	772	0	0	0	0.999956
20481	2	metal6	260	772	0	0	0	0.999957
20482	2	metal6	270	772	0	0	0	0.999957
20483	2	metal6	280	772	0	0	0	0.999958
20484	2	metal6	290	772	0	0	0	0.999958
20485	2	metal6	300	772	0	0	0	0.999959
20486	2	metal6	310	772	0	0	0	0.999959
20487	2	metal6	320	772	0	0	0	0.99996
20488	2	metal6	330	772	0	0	0	0.99996
20489	2	metal6	340	772	0	0	0	0.999961
20490	2	metal6	350	772	0	0	0	0.999961
20491	2	metal6	360	772	0	0	0	0.999962
20492	2	metal6	370	772	0	0	0	0.999964
20493	2	metal6	380	772	0	0	0	0.999964
20494	2	metal6	390	772	0	0	0	0.999965
20495	2	metal6	400	772	0	0	0	0.999966
20496	2	metal6	410	772	0	0	0	0.999967
20497	2	metal6	420	772	0	0	0	0.999968
20498	2	metal6	430	772	0	0	0	0.99997
20499	2	metal6	440	772	0	0	0	0.999971
20500	2	metal6	450	772	0	0	0	0.999972
20501	2	metal6	460	772	0	0	0	0.999973
20502	2	metal6	470	772	0	0	0	0.999974
20503	2	metal6	480	772	0	0	0	0.999976
20504	2	metal6	490	772	0	0	0	0.999979
20505	2	metal6	500	772	0	0	0	0.999979
20506	2	metal6	510	772	0	0	0	0.99998
20507	2	metal6	520	772	0	0	0	0.999984
20508	2	metal6	530	772	0	0	0	0.999984
20509	2	metal6	540	772	0	0	0	0.999986
20510	2	metal6	550	772	0	0	0	0.999989
20511	2	metal6	560	772	0	0	0	0.999985
20512	2	metal6	570	772	0	0	0	0.999983
20513	2	metal6	580	772	0	0	0	0.999984
20514	2	metal6	590	772	0	0	0	0.999982
20515	2	metal6	600	772	0	0	0	0.999981
20516	2	metal6	610	772	0	0	0	0.99998
20517	2	metal6	620	772	0	0	0	0.999977
20518	2	metal6	630	772	0	0	0	0.999975
20519	2	metal6	640	772	0	0	0	0.999975
20520	2	metal6	650	772	0	0	0	0.999973
20521	2	metal6	660	772	0	0	0	0.999972
20522	2	metal6	670	772	0	0	0	0.999971
20523	2	metal6	680	772	0	0	0	0.999969
20524	2	metal6	690	772	0	0	0	0.999968
20525	2	metal6	700	772	0	0	0	0.999968
20526	2	metal6	710	772	0	0	0	0.999967
20527	2	metal6	720	772	0	0	0	0.999966
20528	2	metal6	730	772	0	0	0	0.999965
20529	2	metal6	740	772	0	0	0	0.999964
20530	2	metal6	750	772	0	0	0	0.999963
20531	2	metal6	760	772	0	0	0	0.999963
20532	2	metal6	770	772	0	0	0	0.999962
20533	2	metal6	780	772	0	0	0	0.999961
20534	2	metal6	790	772	0	0	0	0.999961
20535	2	metal6	800	772	0	0	0	0.99996
20536	2	metal6	810	772	0	0	0	0.99996
20537	2	metal6	820	772	0	0	0	0.99996
20538	2	metal6	830	772	0	0	0	0.999959
20539	2	metal6	840	772	0	0	0	0.999959
20540	2	metal6	850	772	0	0	0	0.999958
20541	2	metal6	860	772	0	0	0	0.999958
20542	2	metal6	870	772	0	0	0	0.999957
20543	2	metal6	880	772	0	0	0	0.999957
20544	2	metal6	890	772	0	0	0	0.999957
20545	2	metal6	900	772	0	0	0	0.999956
20546	2	metal6	910	772	0	0	0	0.999956
20547	2	metal6	920	772	0	0	0	0.999956
20548	2	metal6	930	772	0	0	0	0.999956
20549	2	metal6	940	772	0	0	0	0.999955
20550	2	metal6	950	772	0	0	0	0.999955
20551	2	metal6	960	772	0	0	0	0.999955
20552	2	metal6	970	772	0	0	0	0.999955
20553	2	metal6	980	772	0	0	0	0.999955
20554	2	metal6	990	772	0	0	0	0.999954
20555	2	metal6	1000	772	0	0	0	0.999954
20556	2	metal6	1010	772	0	0	0	0.999954
20557	2	metal6	1020	772	0	0	0	0.999954
20558	2	metal6	1030	772	0	0	0	0.999954
20559	2	metal6	1040	772	0	0	0	0.999954
20560	2	metal6	1050	772	0	0	0	0.999954
20561	2	metal6	1060	772	0	0	0	0.999954
20562	2	metal6	1070	772	0	0	0	0.999954
20563	2	metal6	1080	772	0	0	0	0.999954
20564	2	metal6	1090	772	0	0	0	0.999954
20565	2	metal6	10	782	0	0	0	0.999952
20566	2	metal6	20	782	0	0	0	0.999952
20567	2	metal6	30	782	0	0	0	0.999952
20568	2	metal6	40	782	0	0	0	0.999952
20569	2	metal6	50	782	0	0	0	0.999952
20570	2	metal6	60	782	0	0	0	0.999952
20571	2	metal6	70	782	0	0	0	0.999953
20572	2	metal6	80	782	0	0	0	0.999953
20573	2	metal6	90	782	0	0	0	0.999953
20574	2	metal6	100	782	0	0	0	0.999953
20575	2	metal6	110	782	0	0	0	0.999953
20576	2	metal6	120	782	0	0	0	0.999953
20577	2	metal6	130	782	0	0	0	0.999953
20578	2	metal6	140	782	0	0	0	0.999953
20579	2	metal6	150	782	0	0	0	0.999954
20580	2	metal6	160	782	0	0	0	0.999954
20581	2	metal6	170	782	0	0	0	0.999954
20582	2	metal6	180	782	0	0	0	0.999954
20583	2	metal6	190	782	0	0	0	0.999955
20584	2	metal6	200	782	0	0	0	0.999955
20585	2	metal6	210	782	0	0	0	0.999955
20586	2	metal6	220	782	0	0	0	0.999955
20587	2	metal6	230	782	0	0	0	0.999955
20588	2	metal6	240	782	0	0	0	0.999956
20589	2	metal6	250	782	0	0	0	0.999957
20590	2	metal6	260	782	0	0	0	0.999957
20591	2	metal6	270	782	0	0	0	0.999957
20592	2	metal6	280	782	0	0	0	0.999958
20593	2	metal6	290	782	0	0	0	0.999958
20594	2	metal6	300	782	0	0	0	0.999959
20595	2	metal6	310	782	0	0	0	0.99996
20596	2	metal6	320	782	0	0	0	0.99996
20597	2	metal6	330	782	0	0	0	0.999961
20598	2	metal6	340	782	0	0	0	0.999961
20599	2	metal6	350	782	0	0	0	0.999961
20600	2	metal6	360	782	0	0	0	0.999963
20601	2	metal6	370	782	0	0	0	0.999964
20602	2	metal6	380	782	0	0	0	0.999964
20603	2	metal6	390	782	0	0	0	0.999965
20604	2	metal6	400	782	0	0	0	0.999966
20605	2	metal6	410	782	0	0	0	0.999967
20606	2	metal6	420	782	0	0	0	0.999969
20607	2	metal6	430	782	0	0	0	0.99997
20608	2	metal6	440	782	0	0	0	0.999971
20609	2	metal6	450	782	0	0	0	0.999971
20610	2	metal6	460	782	0	0	0	0.999973
20611	2	metal6	470	782	0	0	0	0.999974
20612	2	metal6	480	782	0	0	0	0.999976
20613	2	metal6	490	782	0	0	0	0.999978
20614	2	metal6	500	782	0	0	0	0.999978
20615	2	metal6	510	782	0	0	0	0.999979
20616	2	metal6	520	782	0	0	0	0.999984
20617	2	metal6	530	782	0	0	0	0.999984
20618	2	metal6	540	782	0	0	0	0.999986
20619	2	metal6	550	782	0	0	0	0.999989
20620	2	metal6	560	782	0	0	0	0.999985
20621	2	metal6	570	782	0	0	0	0.999982
20622	2	metal6	580	782	0	0	0	0.999984
20623	2	metal6	590	782	0	0	0	0.999982
20624	2	metal6	600	782	0	0	0	0.999981
20625	2	metal6	610	782	0	0	0	0.99998
20626	2	metal6	620	782	0	0	0	0.999977
20627	2	metal6	630	782	0	0	0	0.999974
20628	2	metal6	640	782	0	0	0	0.999975
20629	2	metal6	650	782	0	0	0	0.999973
20630	2	metal6	660	782	0	0	0	0.999972
20631	2	metal6	670	782	0	0	0	0.999971
20632	2	metal6	680	782	0	0	0	0.999968
20633	2	metal6	690	782	0	0	0	0.999968
20634	2	metal6	700	782	0	0	0	0.999968
20635	2	metal6	710	782	0	0	0	0.999967
20636	2	metal6	720	782	0	0	0	0.999966
20637	2	metal6	730	782	0	0	0	0.999965
20638	2	metal6	740	782	0	0	0	0.999964
20639	2	metal6	750	782	0	0	0	0.999963
20640	2	metal6	760	782	0	0	0	0.999963
20641	2	metal6	770	782	0	0	0	0.999962
20642	2	metal6	780	782	0	0	0	0.999961
20643	2	metal6	790	782	0	0	0	0.999961
20644	2	metal6	800	782	0	0	0	0.99996
20645	2	metal6	810	782	0	0	0	0.99996
20646	2	metal6	820	782	0	0	0	0.99996
20647	2	metal6	830	782	0	0	0	0.999959
20648	2	metal6	840	782	0	0	0	0.999959
20649	2	metal6	850	782	0	0	0	0.999958
20650	2	metal6	860	782	0	0	0	0.999958
20651	2	metal6	870	782	0	0	0	0.999958
20652	2	metal6	880	782	0	0	0	0.999957
20653	2	metal6	890	782	0	0	0	0.999957
20654	2	metal6	900	782	0	0	0	0.999957
20655	2	metal6	910	782	0	0	0	0.999956
20656	2	metal6	920	782	0	0	0	0.999956
20657	2	metal6	930	782	0	0	0	0.999956
20658	2	metal6	940	782	0	0	0	0.999956
20659	2	metal6	950	782	0	0	0	0.999955
20660	2	metal6	960	782	0	0	0	0.999955
20661	2	metal6	970	782	0	0	0	0.999955
20662	2	metal6	980	782	0	0	0	0.999955
20663	2	metal6	990	782	0	0	0	0.999955
20664	2	metal6	1000	782	0	0	0	0.999954
20665	2	metal6	1010	782	0	0	0	0.999954
20666	2	metal6	1020	782	0	0	0	0.999954
20667	2	metal6	1030	782	0	0	0	0.999954
20668	2	metal6	1040	782	0	0	0	0.999954
20669	2	metal6	1050	782	0	0	0	0.999954
20670	2	metal6	1060	782	0	0	0	0.999954
20671	2	metal6	1070	782	0	0	0	0.999954
20672	2	metal6	1080	782	0	0	0	0.999954
20673	2	metal6	1090	782	0	0	0	0.999954
20674	2	metal6	10	792	0	0	0	0.999953
20675	2	metal6	20	792	0	0	0	0.999953
20676	2	metal6	30	792	0	0	0	0.999953
20677	2	metal6	40	792	0	0	0	0.999953
20678	2	metal6	50	792	0	0	0	0.999953
20679	2	metal6	60	792	0	0	0	0.999953
20680	2	metal6	70	792	0	0	0	0.999953
20681	2	metal6	80	792	0	0	0	0.999953
20682	2	metal6	90	792	0	0	0	0.999953
20683	2	metal6	100	792	0	0	0	0.999953
20684	2	metal6	110	792	0	0	0	0.999953
20685	2	metal6	120	792	0	0	0	0.999953
20686	2	metal6	130	792	0	0	0	0.999954
20687	2	metal6	140	792	0	0	0	0.999954
20688	2	metal6	150	792	0	0	0	0.999954
20689	2	metal6	160	792	0	0	0	0.999954
20690	2	metal6	170	792	0	0	0	0.999954
20691	2	metal6	180	792	0	0	0	0.999954
20692	2	metal6	190	792	0	0	0	0.999955
20693	2	metal6	200	792	0	0	0	0.999955
20694	2	metal6	210	792	0	0	0	0.999955
20695	2	metal6	220	792	0	0	0	0.999956
20696	2	metal6	230	792	0	0	0	0.999955
20697	2	metal6	240	792	0	0	0	0.999956
20698	2	metal6	250	792	0	0	0	0.999957
20699	2	metal6	260	792	0	0	0	0.999957
20700	2	metal6	270	792	0	0	0	0.999958
20701	2	metal6	280	792	0	0	0	0.999958
20702	2	metal6	290	792	0	0	0	0.999958
20703	2	metal6	300	792	0	0	0	0.999959
20704	2	metal6	310	792	0	0	0	0.99996
20705	2	metal6	320	792	0	0	0	0.999961
20706	2	metal6	330	792	0	0	0	0.999961
20707	2	metal6	340	792	0	0	0	0.999962
20708	2	metal6	350	792	0	0	0	0.999961
20709	2	metal6	360	792	0	0	0	0.999963
20710	2	metal6	370	792	0	0	0	0.999964
20711	2	metal6	380	792	0	0	0	0.999965
20712	2	metal6	390	792	0	0	0	0.999965
20713	2	metal6	400	792	0	0	0	0.999966
20714	2	metal6	410	792	0	0	0	0.999967
20715	2	metal6	420	792	0	0	0	0.999969
20716	2	metal6	430	792	0	0	0	0.999971
20717	2	metal6	440	792	0	0	0	0.999971
20718	2	metal6	450	792	0	0	0	0.999971
20719	2	metal6	460	792	0	0	0	0.999972
20720	2	metal6	470	792	0	0	0	0.999974
20721	2	metal6	480	792	0	0	0	0.999976
20722	2	metal6	490	792	0	0	0	0.999979
20723	2	metal6	500	792	0	0	0	0.999978
20724	2	metal6	510	792	0	0	0	0.999976
20725	2	metal6	520	792	0	0	0	0.999985
20726	2	metal6	530	792	0	0	0	0.999984
20727	2	metal6	540	792	0	0	0	0.999986
20728	2	metal6	550	792	0	0	0	0.999992
20729	2	metal6	560	792	0	0	0	0.999984
20730	2	metal6	570	792	0	0	0	0.999979
20731	2	metal6	580	792	0	0	0	0.999985
20732	2	metal6	590	792	0	0	0	0.999982
20733	2	metal6	600	792	0	0	0	0.999981
20734	2	metal6	610	792	0	0	0	0.999981
20735	2	metal6	620	792	0	0	0	0.999976
20736	2	metal6	630	792	0	0	0	0.999972
20737	2	metal6	640	792	0	0	0	0.999975
20738	2	metal6	650	792	0	0	0	0.999973
20739	2	metal6	660	792	0	0	0	0.999972
20740	2	metal6	670	792	0	0	0	0.999971
20741	2	metal6	680	792	0	0	0	0.999967
20742	2	metal6	690	792	0	0	0	0.999968
20743	2	metal6	700	792	0	0	0	0.999968
20744	2	metal6	710	792	0	0	0	0.999967
20745	2	metal6	720	792	0	0	0	0.999966
20746	2	metal6	730	792	0	0	0	0.999965
20747	2	metal6	740	792	0	0	0	0.999963
20748	2	metal6	750	792	0	0	0	0.999963
20749	2	metal6	760	792	0	0	0	0.999963
20750	2	metal6	770	792	0	0	0	0.999962
20751	2	metal6	780	792	0	0	0	0.999961
20752	2	metal6	790	792	0	0	0	0.999961
20753	2	metal6	800	792	0	0	0	0.99996
20754	2	metal6	810	792	0	0	0	0.99996
20755	2	metal6	820	792	0	0	0	0.99996
20756	2	metal6	830	792	0	0	0	0.999959
20757	2	metal6	840	792	0	0	0	0.999959
20758	2	metal6	850	792	0	0	0	0.999958
20759	2	metal6	860	792	0	0	0	0.999958
20760	2	metal6	870	792	0	0	0	0.999958
20761	2	metal6	880	792	0	0	0	0.999958
20762	2	metal6	890	792	0	0	0	0.999957
20763	2	metal6	900	792	0	0	0	0.999957
20764	2	metal6	910	792	0	0	0	0.999956
20765	2	metal6	920	792	0	0	0	0.999956
20766	2	metal6	930	792	0	0	0	0.999956
20767	2	metal6	940	792	0	0	0	0.999956
20768	2	metal6	950	792	0	0	0	0.999955
20769	2	metal6	960	792	0	0	0	0.999955
20770	2	metal6	970	792	0	0	0	0.999955
20771	2	metal6	980	792	0	0	0	0.999955
20772	2	metal6	990	792	0	0	0	0.999955
20773	2	metal6	1000	792	0	0	0	0.999955
20774	2	metal6	1010	792	0	0	0	0.999954
20775	2	metal6	1020	792	0	0	0	0.999954
20776	2	metal6	1030	792	0	0	0	0.999954
20777	2	metal6	1040	792	0	0	0	0.999954
20778	2	metal6	1050	792	0	0	0	0.999954
20779	2	metal6	1060	792	0	0	0	0.999954
20780	2	metal6	1070	792	0	0	0	0.999954
20781	2	metal6	1080	792	0	0	0	0.999954
20782	2	metal6	1090	792	0	0	0	0.999954
20783	2	metal6	10	802	0	0	0	0.999953
20784	2	metal6	20	802	0	0	0	0.999953
20785	2	metal6	30	802	0	0	0	0.999953
20786	2	metal6	40	802	0	0	0	0.999953
20787	2	metal6	50	802	0	0	0	0.999953
20788	2	metal6	60	802	0	0	0	0.999953
20789	2	metal6	70	802	0	0	0	0.999953
20790	2	metal6	80	802	0	0	0	0.999953
20791	2	metal6	90	802	0	0	0	0.999954
20792	2	metal6	100	802	0	0	0	0.999954
20793	2	metal6	110	802	0	0	0	0.999954
20794	2	metal6	120	802	0	0	0	0.999954
20795	2	metal6	130	802	0	0	0	0.999954
20796	2	metal6	140	802	0	0	0	0.999954
20797	2	metal6	150	802	0	0	0	0.999955
20798	2	metal6	160	802	0	0	0	0.999955
20799	2	metal6	170	802	0	0	0	0.999955
20800	2	metal6	180	802	0	0	0	0.999955
20801	2	metal6	190	802	0	0	0	0.999955
20802	2	metal6	200	802	0	0	0	0.999956
20803	2	metal6	210	802	0	0	0	0.999956
20804	2	metal6	220	802	0	0	0	0.999956
20805	2	metal6	230	802	0	0	0	0.999956
20806	2	metal6	240	802	0	0	0	0.999957
20807	2	metal6	250	802	0	0	0	0.999958
20808	2	metal6	260	802	0	0	0	0.999958
20809	2	metal6	270	802	0	0	0	0.999958
20810	2	metal6	280	802	0	0	0	0.999959
20811	2	metal6	290	802	0	0	0	0.999959
20812	2	metal6	300	802	0	0	0	0.99996
20813	2	metal6	310	802	0	0	0	0.999961
20814	2	metal6	320	802	0	0	0	0.999961
20815	2	metal6	330	802	0	0	0	0.999962
20816	2	metal6	340	802	0	0	0	0.999962
20817	2	metal6	350	802	0	0	0	0.999962
20818	2	metal6	360	802	0	0	0	0.999963
20819	2	metal6	370	802	0	0	0	0.999965
20820	2	metal6	380	802	0	0	0	0.999965
20821	2	metal6	390	802	0	0	0	0.999966
20822	2	metal6	400	802	0	0	0	0.999967
20823	2	metal6	410	802	0	0	0	0.999968
20824	2	metal6	420	802	0	0	0	0.999969
20825	2	metal6	430	802	0	0	0	0.999971
20826	2	metal6	440	802	0	0	0	0.999971
20827	2	metal6	450	802	0	0	0	0.999972
20828	2	metal6	460	802	0	0	0	0.999974
20829	2	metal6	470	802	0	0	0	0.999975
20830	2	metal6	480	802	0	0	0	0.999977
20831	2	metal6	490	802	0	0	0	0.999979
20832	2	metal6	500	802	0	0	0	0.999979
20833	2	metal6	510	802	0	0	0	0.99998
20834	2	metal6	520	802	0	0	0	0.999984
20835	2	metal6	530	802	0	0	0	0.999985
20836	2	metal6	540	802	0	0	0	0.999986
20837	2	metal6	550	802	0	0	0	0.999989
20838	2	metal6	560	802	0	0	0	0.999985
20839	2	metal6	570	802	0	0	0	0.999982
20840	2	metal6	580	802	0	0	0	0.999984
20841	2	metal6	590	802	0	0	0	0.999982
20842	2	metal6	600	802	0	0	0	0.999981
20843	2	metal6	610	802	0	0	0	0.99998
20844	2	metal6	620	802	0	0	0	0.999977
20845	2	metal6	630	802	0	0	0	0.999975
20846	2	metal6	640	802	0	0	0	0.999975
20847	2	metal6	650	802	0	0	0	0.999973
20848	2	metal6	660	802	0	0	0	0.999972
20849	2	metal6	670	802	0	0	0	0.999971
20850	2	metal6	680	802	0	0	0	0.999969
20851	2	metal6	690	802	0	0	0	0.999968
20852	2	metal6	700	802	0	0	0	0.999968
20853	2	metal6	710	802	0	0	0	0.999967
20854	2	metal6	720	802	0	0	0	0.999966
20855	2	metal6	730	802	0	0	0	0.999966
20856	2	metal6	740	802	0	0	0	0.999964
20857	2	metal6	750	802	0	0	0	0.999964
20858	2	metal6	760	802	0	0	0	0.999963
20859	2	metal6	770	802	0	0	0	0.999963
20860	2	metal6	780	802	0	0	0	0.999962
20861	2	metal6	790	802	0	0	0	0.999961
20862	2	metal6	800	802	0	0	0	0.999961
20863	2	metal6	810	802	0	0	0	0.99996
20864	2	metal6	820	802	0	0	0	0.99996
20865	2	metal6	830	802	0	0	0	0.99996
20866	2	metal6	840	802	0	0	0	0.999959
20867	2	metal6	850	802	0	0	0	0.999959
20868	2	metal6	860	802	0	0	0	0.999958
20869	2	metal6	870	802	0	0	0	0.999958
20870	2	metal6	880	802	0	0	0	0.999958
20871	2	metal6	890	802	0	0	0	0.999957
20872	2	metal6	900	802	0	0	0	0.999957
20873	2	metal6	910	802	0	0	0	0.999957
20874	2	metal6	920	802	0	0	0	0.999956
20875	2	metal6	930	802	0	0	0	0.999956
20876	2	metal6	940	802	0	0	0	0.999956
20877	2	metal6	950	802	0	0	0	0.999955
20878	2	metal6	960	802	0	0	0	0.999955
20879	2	metal6	970	802	0	0	0	0.999955
20880	2	metal6	980	802	0	0	0	0.999955
20881	2	metal6	990	802	0	0	0	0.999955
20882	2	metal6	1000	802	0	0	0	0.999955
20883	2	metal6	1010	802	0	0	0	0.999955
20884	2	metal6	1020	802	0	0	0	0.999954
20885	2	metal6	1030	802	0	0	0	0.999954
20886	2	metal6	1040	802	0	0	0	0.999954
20887	2	metal6	1050	802	0	0	0	0.999954
20888	2	metal6	1060	802	0	0	0	0.999954
20889	2	metal6	1070	802	0	0	0	0.999954
20890	2	metal6	1080	802	0	0	0	0.999954
20891	2	metal6	1090	802	0	0	0	0.999954
20892	2	metal6	10	812	0	0	0	0.999954
20893	2	metal6	20	812	0	0	0	0.999954
20894	2	metal6	30	812	0	0	0	0.999954
20895	2	metal6	40	812	0	0	0	0.999954
20896	2	metal6	50	812	0	0	0	0.999954
20897	2	metal6	60	812	0	0	0	0.999954
20898	2	metal6	70	812	0	0	0	0.999954
20899	2	metal6	80	812	0	0	0	0.999954
20900	2	metal6	90	812	0	0	0	0.999954
20901	2	metal6	100	812	0	0	0	0.999954
20902	2	metal6	110	812	0	0	0	0.999954
20903	2	metal6	120	812	0	0	0	0.999954
20904	2	metal6	130	812	0	0	0	0.999955
20905	2	metal6	140	812	0	0	0	0.999955
20906	2	metal6	150	812	0	0	0	0.999955
20907	2	metal6	160	812	0	0	0	0.999955
20908	2	metal6	170	812	0	0	0	0.999955
20909	2	metal6	180	812	0	0	0	0.999956
20910	2	metal6	190	812	0	0	0	0.999956
20911	2	metal6	200	812	0	0	0	0.999956
20912	2	metal6	210	812	0	0	0	0.999957
20913	2	metal6	220	812	0	0	0	0.999957
20914	2	metal6	230	812	0	0	0	0.999957
20915	2	metal6	240	812	0	0	0	0.999958
20916	2	metal6	250	812	0	0	0	0.999958
20917	2	metal6	260	812	0	0	0	0.999958
20918	2	metal6	270	812	0	0	0	0.999959
20919	2	metal6	280	812	0	0	0	0.999959
20920	2	metal6	290	812	0	0	0	0.99996
20921	2	metal6	300	812	0	0	0	0.99996
20922	2	metal6	310	812	0	0	0	0.999961
20923	2	metal6	320	812	0	0	0	0.999962
20924	2	metal6	330	812	0	0	0	0.999962
20925	2	metal6	340	812	0	0	0	0.999963
20926	2	metal6	350	812	0	0	0	0.999963
20927	2	metal6	360	812	0	0	0	0.999964
20928	2	metal6	370	812	0	0	0	0.999965
20929	2	metal6	380	812	0	0	0	0.999966
20930	2	metal6	390	812	0	0	0	0.999967
20931	2	metal6	400	812	0	0	0	0.999968
20932	2	metal6	410	812	0	0	0	0.999969
20933	2	metal6	420	812	0	0	0	0.99997
20934	2	metal6	430	812	0	0	0	0.999972
20935	2	metal6	440	812	0	0	0	0.999972
20936	2	metal6	450	812	0	0	0	0.999973
20937	2	metal6	460	812	0	0	0	0.999975
20938	2	metal6	470	812	0	0	0	0.999976
20939	2	metal6	480	812	0	0	0	0.999977
20940	2	metal6	490	812	0	0	0	0.99998
20941	2	metal6	500	812	0	0	0	0.99998
20942	2	metal6	510	812	0	0	0	0.999981
20943	2	metal6	520	812	0	0	0	0.999985
20944	2	metal6	530	812	0	0	0	0.999985
20945	2	metal6	540	812	0	0	0	0.999987
20946	2	metal6	550	812	0	0	0	0.99999
20947	2	metal6	560	812	0	0	0	0.999986
20948	2	metal6	570	812	0	0	0	0.999984
20949	2	metal6	580	812	0	0	0	0.999985
20950	2	metal6	590	812	0	0	0	0.999983
20951	2	metal6	600	812	0	0	0	0.999981
20952	2	metal6	610	812	0	0	0	0.999981
20953	2	metal6	620	812	0	0	0	0.999978
20954	2	metal6	630	812	0	0	0	0.999976
20955	2	metal6	640	812	0	0	0	0.999976
20956	2	metal6	650	812	0	0	0	0.999974
20957	2	metal6	660	812	0	0	0	0.999973
20958	2	metal6	670	812	0	0	0	0.999972
20959	2	metal6	680	812	0	0	0	0.99997
20960	2	metal6	690	812	0	0	0	0.999969
20961	2	metal6	700	812	0	0	0	0.999969
20962	2	metal6	710	812	0	0	0	0.999968
20963	2	metal6	720	812	0	0	0	0.999967
20964	2	metal6	730	812	0	0	0	0.999966
20965	2	metal6	740	812	0	0	0	0.999965
20966	2	metal6	750	812	0	0	0	0.999964
20967	2	metal6	760	812	0	0	0	0.999964
20968	2	metal6	770	812	0	0	0	0.999963
20969	2	metal6	780	812	0	0	0	0.999962
20970	2	metal6	790	812	0	0	0	0.999962
20971	2	metal6	800	812	0	0	0	0.999961
20972	2	metal6	810	812	0	0	0	0.999961
20973	2	metal6	820	812	0	0	0	0.99996
20974	2	metal6	830	812	0	0	0	0.99996
20975	2	metal6	840	812	0	0	0	0.999959
20976	2	metal6	850	812	0	0	0	0.999959
20977	2	metal6	860	812	0	0	0	0.999958
20978	2	metal6	870	812	0	0	0	0.999958
20979	2	metal6	880	812	0	0	0	0.999958
20980	2	metal6	890	812	0	0	0	0.999957
20981	2	metal6	900	812	0	0	0	0.999957
20982	2	metal6	910	812	0	0	0	0.999957
20983	2	metal6	920	812	0	0	0	0.999956
20984	2	metal6	930	812	0	0	0	0.999956
20985	2	metal6	940	812	0	0	0	0.999956
20986	2	metal6	950	812	0	0	0	0.999956
20987	2	metal6	960	812	0	0	0	0.999955
20988	2	metal6	970	812	0	0	0	0.999955
20989	2	metal6	980	812	0	0	0	0.999955
20990	2	metal6	990	812	0	0	0	0.999955
20991	2	metal6	1000	812	0	0	0	0.999955
20992	2	metal6	1010	812	0	0	0	0.999955
20993	2	metal6	1020	812	0	0	0	0.999955
20994	2	metal6	1030	812	0	0	0	0.999955
20995	2	metal6	1040	812	0	0	0	0.999954
20996	2	metal6	1050	812	0	0	0	0.999954
20997	2	metal6	1060	812	0	0	0	0.999954
20998	2	metal6	1070	812	0	0	0	0.999954
20999	2	metal6	1080	812	0	0	0	0.999954
21000	2	metal6	1090	812	0	0	0	0.999954
21001	2	metal6	10	822	0	0	0	0.999954
21002	2	metal6	20	822	0	0	0	0.999954
21003	2	metal6	30	822	0	0	0	0.999954
21004	2	metal6	40	822	0	0	0	0.999954
21005	2	metal6	50	822	0	0	0	0.999954
21006	2	metal6	60	822	0	0	0	0.999954
21007	2	metal6	70	822	0	0	0	0.999955
21008	2	metal6	80	822	0	0	0	0.999954
21009	2	metal6	90	822	0	0	0	0.999955
21010	2	metal6	100	822	0	0	0	0.999955
21011	2	metal6	110	822	0	0	0	0.999955
21012	2	metal6	120	822	0	0	0	0.999955
21013	2	metal6	130	822	0	0	0	0.999955
21014	2	metal6	140	822	0	0	0	0.999955
21015	2	metal6	150	822	0	0	0	0.999956
21016	2	metal6	160	822	0	0	0	0.999956
21017	2	metal6	170	822	0	0	0	0.999956
21018	2	metal6	180	822	0	0	0	0.999956
21019	2	metal6	190	822	0	0	0	0.999957
21020	2	metal6	200	822	0	0	0	0.999957
21021	2	metal6	210	822	0	0	0	0.999957
21022	2	metal6	220	822	0	0	0	0.999958
21023	2	metal6	230	822	0	0	0	0.999958
21024	2	metal6	240	822	0	0	0	0.999958
21025	2	metal6	250	822	0	0	0	0.999959
21026	2	metal6	260	822	0	0	0	0.999959
21027	2	metal6	270	822	0	0	0	0.999959
21028	2	metal6	280	822	0	0	0	0.99996
21029	2	metal6	290	822	0	0	0	0.99996
21030	2	metal6	300	822	0	0	0	0.999961
21031	2	metal6	310	822	0	0	0	0.999962
21032	2	metal6	320	822	0	0	0	0.999962
21033	2	metal6	330	822	0	0	0	0.999963
21034	2	metal6	340	822	0	0	0	0.999964
21035	2	metal6	350	822	0	0	0	0.999964
21036	2	metal6	360	822	0	0	0	0.999965
21037	2	metal6	370	822	0	0	0	0.999966
21038	2	metal6	380	822	0	0	0	0.999966
21039	2	metal6	390	822	0	0	0	0.999967
21040	2	metal6	400	822	0	0	0	0.999969
21041	2	metal6	410	822	0	0	0	0.999969
21042	2	metal6	420	822	0	0	0	0.99997
21043	2	metal6	430	822	0	0	0	0.999973
21044	2	metal6	440	822	0	0	0	0.999973
21045	2	metal6	450	822	0	0	0	0.999974
21046	2	metal6	460	822	0	0	0	0.999976
21047	2	metal6	470	822	0	0	0	0.999976
21048	2	metal6	480	822	0	0	0	0.999978
21049	2	metal6	490	822	0	0	0	0.999981
21050	2	metal6	500	822	0	0	0	0.999981
21051	2	metal6	510	822	0	0	0	0.999982
21052	2	metal6	520	822	0	0	0	0.999987
21053	2	metal6	530	822	0	0	0	0.999986
21054	2	metal6	540	822	0	0	0	0.999987
21055	2	metal6	550	822	0	0	0	0.999993
21056	2	metal6	560	822	0	0	0	0.999987
21057	2	metal6	570	822	0	0	0	0.999985
21058	2	metal6	580	822	0	0	0	0.999987
21059	2	metal6	590	822	0	0	0	0.999983
21060	2	metal6	600	822	0	0	0	0.999982
21061	2	metal6	610	822	0	0	0	0.999982
21062	2	metal6	620	822	0	0	0	0.999978
21063	2	metal6	630	822	0	0	0	0.999977
21064	2	metal6	640	822	0	0	0	0.999977
21065	2	metal6	650	822	0	0	0	0.999974
21066	2	metal6	660	822	0	0	0	0.999973
21067	2	metal6	670	822	0	0	0	0.999973
21068	2	metal6	680	822	0	0	0	0.99997
21069	2	metal6	690	822	0	0	0	0.999969
21070	2	metal6	700	822	0	0	0	0.99997
21071	2	metal6	710	822	0	0	0	0.999968
21072	2	metal6	720	822	0	0	0	0.999967
21073	2	metal6	730	822	0	0	0	0.999967
21074	2	metal6	740	822	0	0	0	0.999965
21075	2	metal6	750	822	0	0	0	0.999964
21076	2	metal6	760	822	0	0	0	0.999964
21077	2	metal6	770	822	0	0	0	0.999963
21078	2	metal6	780	822	0	0	0	0.999962
21079	2	metal6	790	822	0	0	0	0.999962
21080	2	metal6	800	822	0	0	0	0.999961
21081	2	metal6	810	822	0	0	0	0.999961
21082	2	metal6	820	822	0	0	0	0.999961
21083	2	metal6	830	822	0	0	0	0.99996
21084	2	metal6	840	822	0	0	0	0.99996
21085	2	metal6	850	822	0	0	0	0.999959
21086	2	metal6	860	822	0	0	0	0.999959
21087	2	metal6	870	822	0	0	0	0.999958
21088	2	metal6	880	822	0	0	0	0.999958
21089	2	metal6	890	822	0	0	0	0.999958
21090	2	metal6	900	822	0	0	0	0.999957
21091	2	metal6	910	822	0	0	0	0.999957
21092	2	metal6	920	822	0	0	0	0.999957
21093	2	metal6	930	822	0	0	0	0.999956
21094	2	metal6	940	822	0	0	0	0.999956
21095	2	metal6	950	822	0	0	0	0.999956
21096	2	metal6	960	822	0	0	0	0.999956
21097	2	metal6	970	822	0	0	0	0.999956
21098	2	metal6	980	822	0	0	0	0.999955
21099	2	metal6	990	822	0	0	0	0.999955
21100	2	metal6	1000	822	0	0	0	0.999955
21101	2	metal6	1010	822	0	0	0	0.999955
21102	2	metal6	1020	822	0	0	0	0.999955
21103	2	metal6	1030	822	0	0	0	0.999955
21104	2	metal6	1040	822	0	0	0	0.999955
21105	2	metal6	1050	822	0	0	0	0.999955
21106	2	metal6	1060	822	0	0	0	0.999955
21107	2	metal6	1070	822	0	0	0	0.999954
21108	2	metal6	1080	822	0	0	0	0.999954
21109	2	metal6	1090	822	0	0	0	0.999955
21110	2	metal6	10	832	0	0	0	0.999955
21111	2	metal6	20	832	0	0	0	0.999955
21112	2	metal6	30	832	0	0	0	0.999955
21113	2	metal6	40	832	0	0	0	0.999955
21114	2	metal6	50	832	0	0	0	0.999955
21115	2	metal6	60	832	0	0	0	0.999955
21116	2	metal6	70	832	0	0	0	0.999955
21117	2	metal6	80	832	0	0	0	0.999955
21118	2	metal6	90	832	0	0	0	0.999955
21119	2	metal6	100	832	0	0	0	0.999955
21120	2	metal6	110	832	0	0	0	0.999955
21121	2	metal6	120	832	0	0	0	0.999955
21122	2	metal6	130	832	0	0	0	0.999956
21123	2	metal6	140	832	0	0	0	0.999956
21124	2	metal6	150	832	0	0	0	0.999956
21125	2	metal6	160	832	0	0	0	0.999956
21126	2	metal6	170	832	0	0	0	0.999956
21127	2	metal6	180	832	0	0	0	0.999956
21128	2	metal6	190	832	0	0	0	0.999957
21129	2	metal6	200	832	0	0	0	0.999957
21130	2	metal6	210	832	0	0	0	0.999957
21131	2	metal6	220	832	0	0	0	0.999958
21132	2	metal6	230	832	0	0	0	0.999958
21133	2	metal6	240	832	0	0	0	0.999958
21134	2	metal6	250	832	0	0	0	0.999959
21135	2	metal6	260	832	0	0	0	0.999959
21136	2	metal6	270	832	0	0	0	0.99996
21137	2	metal6	280	832	0	0	0	0.99996
21138	2	metal6	290	832	0	0	0	0.99996
21139	2	metal6	300	832	0	0	0	0.999961
21140	2	metal6	310	832	0	0	0	0.999962
21141	2	metal6	320	832	0	0	0	0.999962
21142	2	metal6	330	832	0	0	0	0.999963
21143	2	metal6	340	832	0	0	0	0.999964
21144	2	metal6	350	832	0	0	0	0.999964
21145	2	metal6	360	832	0	0	0	0.999965
21146	2	metal6	370	832	0	0	0	0.999966
21147	2	metal6	380	832	0	0	0	0.999967
21148	2	metal6	390	832	0	0	0	0.999967
21149	2	metal6	400	832	0	0	0	0.999969
21150	2	metal6	410	832	0	0	0	0.999969
21151	2	metal6	420	832	0	0	0	0.999971
21152	2	metal6	430	832	0	0	0	0.999972
21153	2	metal6	440	832	0	0	0	0.999973
21154	2	metal6	450	832	0	0	0	0.999974
21155	2	metal6	460	832	0	0	0	0.999976
21156	2	metal6	470	832	0	0	0	0.999976
21157	2	metal6	480	832	0	0	0	0.999978
21158	2	metal6	490	832	0	0	0	0.99998
21159	2	metal6	500	832	0	0	0	0.999981
21160	2	metal6	510	832	0	0	0	0.999982
21161	2	metal6	520	832	0	0	0	0.999985
21162	2	metal6	530	832	0	0	0	0.999986
21163	2	metal6	540	832	0	0	0	0.999987
21164	2	metal6	550	832	0	0	0	0.99999
21165	2	metal6	560	832	0	0	0	0.999986
21166	2	metal6	570	832	0	0	0	0.999985
21167	2	metal6	580	832	0	0	0	0.999986
21168	2	metal6	590	832	0	0	0	0.999983
21169	2	metal6	600	832	0	0	0	0.999982
21170	2	metal6	610	832	0	0	0	0.999981
21171	2	metal6	620	832	0	0	0	0.999978
21172	2	metal6	630	832	0	0	0	0.999976
21173	2	metal6	640	832	0	0	0	0.999976
21174	2	metal6	650	832	0	0	0	0.999974
21175	2	metal6	660	832	0	0	0	0.999973
21176	2	metal6	670	832	0	0	0	0.999972
21177	2	metal6	680	832	0	0	0	0.99997
21178	2	metal6	690	832	0	0	0	0.999969
21179	2	metal6	700	832	0	0	0	0.999969
21180	2	metal6	710	832	0	0	0	0.999968
21181	2	metal6	720	832	0	0	0	0.999967
21182	2	metal6	730	832	0	0	0	0.999966
21183	2	metal6	740	832	0	0	0	0.999965
21184	2	metal6	750	832	0	0	0	0.999964
21185	2	metal6	760	832	0	0	0	0.999964
21186	2	metal6	770	832	0	0	0	0.999963
21187	2	metal6	780	832	0	0	0	0.999963
21188	2	metal6	790	832	0	0	0	0.999962
21189	2	metal6	800	832	0	0	0	0.999961
21190	2	metal6	810	832	0	0	0	0.999961
21191	2	metal6	820	832	0	0	0	0.999961
21192	2	metal6	830	832	0	0	0	0.99996
21193	2	metal6	840	832	0	0	0	0.99996
21194	2	metal6	850	832	0	0	0	0.999959
21195	2	metal6	860	832	0	0	0	0.999959
21196	2	metal6	870	832	0	0	0	0.999958
21197	2	metal6	880	832	0	0	0	0.999958
21198	2	metal6	890	832	0	0	0	0.999958
21199	2	metal6	900	832	0	0	0	0.999957
21200	2	metal6	910	832	0	0	0	0.999957
21201	2	metal6	920	832	0	0	0	0.999957
21202	2	metal6	930	832	0	0	0	0.999956
21203	2	metal6	940	832	0	0	0	0.999956
21204	2	metal6	950	832	0	0	0	0.999956
21205	2	metal6	960	832	0	0	0	0.999956
21206	2	metal6	970	832	0	0	0	0.999956
21207	2	metal6	980	832	0	0	0	0.999955
21208	2	metal6	990	832	0	0	0	0.999955
21209	2	metal6	1000	832	0	0	0	0.999955
21210	2	metal6	1010	832	0	0	0	0.999955
21211	2	metal6	1020	832	0	0	0	0.999955
21212	2	metal6	1030	832	0	0	0	0.999955
21213	2	metal6	1040	832	0	0	0	0.999955
21214	2	metal6	1050	832	0	0	0	0.999955
21215	2	metal6	1060	832	0	0	0	0.999955
21216	2	metal6	1070	832	0	0	0	0.999954
21217	2	metal6	1080	832	0	0	0	0.999955
21218	2	metal6	1090	832	0	0	0	0.999955
21219	2	metal6	10	842	0	0	0	0.999955
21220	2	metal6	20	842	0	0	0	0.999955
21221	2	metal6	30	842	0	0	0	0.999955
21222	2	metal6	40	842	0	0	0	0.999955
21223	2	metal6	50	842	0	0	0	0.999955
21224	2	metal6	60	842	0	0	0	0.999955
21225	2	metal6	70	842	0	0	0	0.999955
21226	2	metal6	80	842	0	0	0	0.999955
21227	2	metal6	90	842	0	0	0	0.999955
21228	2	metal6	100	842	0	0	0	0.999956
21229	2	metal6	110	842	0	0	0	0.999956
21230	2	metal6	120	842	0	0	0	0.999956
21231	2	metal6	130	842	0	0	0	0.999956
21232	2	metal6	140	842	0	0	0	0.999956
21233	2	metal6	150	842	0	0	0	0.999956
21234	2	metal6	160	842	0	0	0	0.999957
21235	2	metal6	170	842	0	0	0	0.999957
21236	2	metal6	180	842	0	0	0	0.999957
21237	2	metal6	190	842	0	0	0	0.999957
21238	2	metal6	200	842	0	0	0	0.999957
21239	2	metal6	210	842	0	0	0	0.999958
21240	2	metal6	220	842	0	0	0	0.999958
21241	2	metal6	230	842	0	0	0	0.999958
21242	2	metal6	240	842	0	0	0	0.999959
21243	2	metal6	250	842	0	0	0	0.999959
21244	2	metal6	260	842	0	0	0	0.99996
21245	2	metal6	270	842	0	0	0	0.99996
21246	2	metal6	280	842	0	0	0	0.999961
21247	2	metal6	290	842	0	0	0	0.999961
21248	2	metal6	300	842	0	0	0	0.999961
21249	2	metal6	310	842	0	0	0	0.999962
21250	2	metal6	320	842	0	0	0	0.999963
21251	2	metal6	330	842	0	0	0	0.999963
21252	2	metal6	340	842	0	0	0	0.999964
21253	2	metal6	350	842	0	0	0	0.999964
21254	2	metal6	360	842	0	0	0	0.999965
21255	2	metal6	370	842	0	0	0	0.999966
21256	2	metal6	380	842	0	0	0	0.999967
21257	2	metal6	390	842	0	0	0	0.999967
21258	2	metal6	400	842	0	0	0	0.999968
21259	2	metal6	410	842	0	0	0	0.999969
21260	2	metal6	420	842	0	0	0	0.999971
21261	2	metal6	430	842	0	0	0	0.999972
21262	2	metal6	440	842	0	0	0	0.999973
21263	2	metal6	450	842	0	0	0	0.999973
21264	2	metal6	460	842	0	0	0	0.999975
21265	2	metal6	470	842	0	0	0	0.999976
21266	2	metal6	480	842	0	0	0	0.999978
21267	2	metal6	490	842	0	0	0	0.99998
21268	2	metal6	500	842	0	0	0	0.99998
21269	2	metal6	510	842	0	0	0	0.99998
21270	2	metal6	520	842	0	0	0	0.999985
21271	2	metal6	530	842	0	0	0	0.999985
21272	2	metal6	540	842	0	0	0	0.999987
21273	2	metal6	550	842	0	0	0	0.99999
21274	2	metal6	560	842	0	0	0	0.999986
21275	2	metal6	570	842	0	0	0	0.999983
21276	2	metal6	580	842	0	0	0	0.999985
21277	2	metal6	590	842	0	0	0	0.999983
21278	2	metal6	600	842	0	0	0	0.999982
21279	2	metal6	610	842	0	0	0	0.999981
21280	2	metal6	620	842	0	0	0	0.999978
21281	2	metal6	630	842	0	0	0	0.999975
21282	2	metal6	640	842	0	0	0	0.999976
21283	2	metal6	650	842	0	0	0	0.999974
21284	2	metal6	660	842	0	0	0	0.999973
21285	2	metal6	670	842	0	0	0	0.999972
21286	2	metal6	680	842	0	0	0	0.999969
21287	2	metal6	690	842	0	0	0	0.999969
21288	2	metal6	700	842	0	0	0	0.999969
21289	2	metal6	710	842	0	0	0	0.999968
21290	2	metal6	720	842	0	0	0	0.999967
21291	2	metal6	730	842	0	0	0	0.999966
21292	2	metal6	740	842	0	0	0	0.999965
21293	2	metal6	750	842	0	0	0	0.999964
21294	2	metal6	760	842	0	0	0	0.999964
21295	2	metal6	770	842	0	0	0	0.999963
21296	2	metal6	780	842	0	0	0	0.999962
21297	2	metal6	790	842	0	0	0	0.999962
21298	2	metal6	800	842	0	0	0	0.999961
21299	2	metal6	810	842	0	0	0	0.999961
21300	2	metal6	820	842	0	0	0	0.999961
21301	2	metal6	830	842	0	0	0	0.99996
21302	2	metal6	840	842	0	0	0	0.99996
21303	2	metal6	850	842	0	0	0	0.999959
21304	2	metal6	860	842	0	0	0	0.999959
21305	2	metal6	870	842	0	0	0	0.999959
21306	2	metal6	880	842	0	0	0	0.999958
21307	2	metal6	890	842	0	0	0	0.999958
21308	2	metal6	900	842	0	0	0	0.999957
21309	2	metal6	910	842	0	0	0	0.999957
21310	2	metal6	920	842	0	0	0	0.999957
21311	2	metal6	930	842	0	0	0	0.999957
21312	2	metal6	940	842	0	0	0	0.999956
21313	2	metal6	950	842	0	0	0	0.999956
21314	2	metal6	960	842	0	0	0	0.999956
21315	2	metal6	970	842	0	0	0	0.999956
21316	2	metal6	980	842	0	0	0	0.999955
21317	2	metal6	990	842	0	0	0	0.999955
21318	2	metal6	1000	842	0	0	0	0.999955
21319	2	metal6	1010	842	0	0	0	0.999955
21320	2	metal6	1020	842	0	0	0	0.999955
21321	2	metal6	1030	842	0	0	0	0.999955
21322	2	metal6	1040	842	0	0	0	0.999955
21323	2	metal6	1050	842	0	0	0	0.999955
21324	2	metal6	1060	842	0	0	0	0.999955
21325	2	metal6	1070	842	0	0	0	0.999954
21326	2	metal6	1080	842	0	0	0	0.999955
21327	2	metal6	1090	842	0	0	0	0.999955
21328	2	metal6	10	852	0	0	0	0.999955
21329	2	metal6	20	852	0	0	0	0.999955
21330	2	metal6	30	852	0	0	0	0.999955
21331	2	metal6	40	852	0	0	0	0.999956
21332	2	metal6	50	852	0	0	0	0.999956
21333	2	metal6	60	852	0	0	0	0.999955
21334	2	metal6	70	852	0	0	0	0.999955
21335	2	metal6	80	852	0	0	0	0.999956
21336	2	metal6	90	852	0	0	0	0.999956
21337	2	metal6	100	852	0	0	0	0.999956
21338	2	metal6	110	852	0	0	0	0.999956
21339	2	metal6	120	852	0	0	0	0.999956
21340	2	metal6	130	852	0	0	0	0.999956
21341	2	metal6	140	852	0	0	0	0.999957
21342	2	metal6	150	852	0	0	0	0.999957
21343	2	metal6	160	852	0	0	0	0.999957
21344	2	metal6	170	852	0	0	0	0.999957
21345	2	metal6	180	852	0	0	0	0.999957
21346	2	metal6	190	852	0	0	0	0.999958
21347	2	metal6	200	852	0	0	0	0.999958
21348	2	metal6	210	852	0	0	0	0.999958
21349	2	metal6	220	852	0	0	0	0.999959
21350	2	metal6	230	852	0	0	0	0.999958
21351	2	metal6	240	852	0	0	0	0.999959
21352	2	metal6	250	852	0	0	0	0.99996
21353	2	metal6	260	852	0	0	0	0.99996
21354	2	metal6	270	852	0	0	0	0.99996
21355	2	metal6	280	852	0	0	0	0.999961
21356	2	metal6	290	852	0	0	0	0.99996
21357	2	metal6	300	852	0	0	0	0.999961
21358	2	metal6	310	852	0	0	0	0.999963
21359	2	metal6	320	852	0	0	0	0.999963
21360	2	metal6	330	852	0	0	0	0.999963
21361	2	metal6	340	852	0	0	0	0.999964
21362	2	metal6	350	852	0	0	0	0.999963
21363	2	metal6	360	852	0	0	0	0.999965
21364	2	metal6	370	852	0	0	0	0.999966
21365	2	metal6	380	852	0	0	0	0.999967
21366	2	metal6	390	852	0	0	0	0.999967
21367	2	metal6	400	852	0	0	0	0.999968
21368	2	metal6	410	852	0	0	0	0.999969
21369	2	metal6	420	852	0	0	0	0.999971
21370	2	metal6	430	852	0	0	0	0.999972
21371	2	metal6	440	852	0	0	0	0.999973
21372	2	metal6	450	852	0	0	0	0.999973
21373	2	metal6	460	852	0	0	0	0.999974
21374	2	metal6	470	852	0	0	0	0.999975
21375	2	metal6	480	852	0	0	0	0.999978
21376	2	metal6	490	852	0	0	0	0.999981
21377	2	metal6	500	852	0	0	0	0.999979
21378	2	metal6	510	852	0	0	0	0.999978
21379	2	metal6	520	852	0	0	0	0.999986
21380	2	metal6	530	852	0	0	0	0.999985
21381	2	metal6	540	852	0	0	0	0.999987
21382	2	metal6	550	852	0	0	0	0.999992
21383	2	metal6	560	852	0	0	0	0.999984
21384	2	metal6	570	852	0	0	0	0.99998
21385	2	metal6	580	852	0	0	0	0.999986
21386	2	metal6	590	852	0	0	0	0.999982
21387	2	metal6	600	852	0	0	0	0.999981
21388	2	metal6	610	852	0	0	0	0.999981
21389	2	metal6	620	852	0	0	0	0.999977
21390	2	metal6	630	852	0	0	0	0.999973
21391	2	metal6	640	852	0	0	0	0.999976
21392	2	metal6	650	852	0	0	0	0.999974
21393	2	metal6	660	852	0	0	0	0.999972
21394	2	metal6	670	852	0	0	0	0.999972
21395	2	metal6	680	852	0	0	0	0.999968
21396	2	metal6	690	852	0	0	0	0.999969
21397	2	metal6	700	852	0	0	0	0.999969
21398	2	metal6	710	852	0	0	0	0.999968
21399	2	metal6	720	852	0	0	0	0.999967
21400	2	metal6	730	852	0	0	0	0.999966
21401	2	metal6	740	852	0	0	0	0.999964
21402	2	metal6	750	852	0	0	0	0.999964
21403	2	metal6	760	852	0	0	0	0.999964
21404	2	metal6	770	852	0	0	0	0.999963
21405	2	metal6	780	852	0	0	0	0.999962
21406	2	metal6	790	852	0	0	0	0.999962
21407	2	metal6	800	852	0	0	0	0.999961
21408	2	metal6	810	852	0	0	0	0.999961
21409	2	metal6	820	852	0	0	0	0.999961
21410	2	metal6	830	852	0	0	0	0.99996
21411	2	metal6	840	852	0	0	0	0.99996
21412	2	metal6	850	852	0	0	0	0.999959
21413	2	metal6	860	852	0	0	0	0.999959
21414	2	metal6	870	852	0	0	0	0.999959
21415	2	metal6	880	852	0	0	0	0.999958
21416	2	metal6	890	852	0	0	0	0.999958
21417	2	metal6	900	852	0	0	0	0.999957
21418	2	metal6	910	852	0	0	0	0.999957
21419	2	metal6	920	852	0	0	0	0.999957
21420	2	metal6	930	852	0	0	0	0.999957
21421	2	metal6	940	852	0	0	0	0.999956
21422	2	metal6	950	852	0	0	0	0.999956
21423	2	metal6	960	852	0	0	0	0.999955
21424	2	metal6	970	852	0	0	0	0.999956
21425	2	metal6	980	852	0	0	0	0.999956
21426	2	metal6	990	852	0	0	0	0.999955
21427	2	metal6	1000	852	0	0	0	0.999955
21428	2	metal6	1010	852	0	0	0	0.999955
21429	2	metal6	1020	852	0	0	0	0.999955
21430	2	metal6	1030	852	0	0	0	0.999955
21431	2	metal6	1040	852	0	0	0	0.999955
21432	2	metal6	1050	852	0	0	0	0.999955
21433	2	metal6	1060	852	0	0	0	0.999955
21434	2	metal6	1070	852	0	0	0	0.999954
21435	2	metal6	1080	852	0	0	0	0.999955
21436	2	metal6	1090	852	0	0	0	0.999955
21437	2	metal6	10	862	0	0	0	0.999956
21438	2	metal6	20	862	0	0	0	0.999956
21439	2	metal6	30	862	0	0	0	0.999956
21440	2	metal6	40	862	0	0	0	0.999956
21441	2	metal6	50	862	0	0	0	0.999956
21442	2	metal6	60	862	0	0	0	0.999956
21443	2	metal6	70	862	0	0	0	0.999956
21444	2	metal6	80	862	0	0	0	0.999956
21445	2	metal6	90	862	0	0	0	0.999956
21446	2	metal6	100	862	0	0	0	0.999957
21447	2	metal6	110	862	0	0	0	0.999957
21448	2	metal6	120	862	0	0	0	0.999957
21449	2	metal6	130	862	0	0	0	0.999957
21450	2	metal6	140	862	0	0	0	0.999957
21451	2	metal6	150	862	0	0	0	0.999957
21452	2	metal6	160	862	0	0	0	0.999958
21453	2	metal6	170	862	0	0	0	0.999958
21454	2	metal6	180	862	0	0	0	0.999958
21455	2	metal6	190	862	0	0	0	0.999958
21456	2	metal6	200	862	0	0	0	0.999958
21457	2	metal6	210	862	0	0	0	0.999959
21458	2	metal6	220	862	0	0	0	0.999959
21459	2	metal6	230	862	0	0	0	0.999959
21460	2	metal6	240	862	0	0	0	0.99996
21461	2	metal6	250	862	0	0	0	0.99996
21462	2	metal6	260	862	0	0	0	0.99996
21463	2	metal6	270	862	0	0	0	0.999961
21464	2	metal6	280	862	0	0	0	0.999961
21465	2	metal6	290	862	0	0	0	0.999961
21466	2	metal6	300	862	0	0	0	0.999962
21467	2	metal6	310	862	0	0	0	0.999963
21468	2	metal6	320	862	0	0	0	0.999963
21469	2	metal6	330	862	0	0	0	0.999964
21470	2	metal6	340	862	0	0	0	0.999964
21471	2	metal6	350	862	0	0	0	0.999964
21472	2	metal6	360	862	0	0	0	0.999965
21473	2	metal6	370	862	0	0	0	0.999967
21474	2	metal6	380	862	0	0	0	0.999967
21475	2	metal6	390	862	0	0	0	0.999968
21476	2	metal6	400	862	0	0	0	0.999969
21477	2	metal6	410	862	0	0	0	0.99997
21478	2	metal6	420	862	0	0	0	0.999971
21479	2	metal6	430	862	0	0	0	0.999973
21480	2	metal6	440	862	0	0	0	0.999973
21481	2	metal6	450	862	0	0	0	0.999974
21482	2	metal6	460	862	0	0	0	0.999975
21483	2	metal6	470	862	0	0	0	0.999976
21484	2	metal6	480	862	0	0	0	0.999978
21485	2	metal6	490	862	0	0	0	0.99998
21486	2	metal6	500	862	0	0	0	0.99998
21487	2	metal6	510	862	0	0	0	0.999981
21488	2	metal6	520	862	0	0	0	0.999985
21489	2	metal6	530	862	0	0	0	0.999986
21490	2	metal6	540	862	0	0	0	0.999987
21491	2	metal6	550	862	0	0	0	0.99999
21492	2	metal6	560	862	0	0	0	0.999986
21493	2	metal6	570	862	0	0	0	0.999983
21494	2	metal6	580	862	0	0	0	0.999985
21495	2	metal6	590	862	0	0	0	0.999983
21496	2	metal6	600	862	0	0	0	0.999982
21497	2	metal6	610	862	0	0	0	0.999981
21498	2	metal6	620	862	0	0	0	0.999978
21499	2	metal6	630	862	0	0	0	0.999975
21500	2	metal6	640	862	0	0	0	0.999976
21501	2	metal6	650	862	0	0	0	0.999974
21502	2	metal6	660	862	0	0	0	0.999973
21503	2	metal6	670	862	0	0	0	0.999972
21504	2	metal6	680	862	0	0	0	0.99997
21505	2	metal6	690	862	0	0	0	0.999969
21506	2	metal6	700	862	0	0	0	0.999969
21507	2	metal6	710	862	0	0	0	0.999968
21508	2	metal6	720	862	0	0	0	0.999967
21509	2	metal6	730	862	0	0	0	0.999966
21510	2	metal6	740	862	0	0	0	0.999965
21511	2	metal6	750	862	0	0	0	0.999964
21512	2	metal6	760	862	0	0	0	0.999964
21513	2	metal6	770	862	0	0	0	0.999963
21514	2	metal6	780	862	0	0	0	0.999963
21515	2	metal6	790	862	0	0	0	0.999962
21516	2	metal6	800	862	0	0	0	0.999962
21517	2	metal6	810	862	0	0	0	0.999961
21518	2	metal6	820	862	0	0	0	0.999961
21519	2	metal6	830	862	0	0	0	0.99996
21520	2	metal6	840	862	0	0	0	0.99996
21521	2	metal6	850	862	0	0	0	0.999959
21522	2	metal6	860	862	0	0	0	0.999959
21523	2	metal6	870	862	0	0	0	0.999959
21524	2	metal6	880	862	0	0	0	0.999959
21525	2	metal6	890	862	0	0	0	0.999958
21526	2	metal6	900	862	0	0	0	0.999958
21527	2	metal6	910	862	0	0	0	0.999957
21528	2	metal6	920	862	0	0	0	0.999957
21529	2	metal6	930	862	0	0	0	0.999957
21530	2	metal6	940	862	0	0	0	0.999957
21531	2	metal6	950	862	0	0	0	0.999956
21532	2	metal6	960	862	0	0	0	0.999956
21533	2	metal6	970	862	0	0	0	0.999956
21534	2	metal6	980	862	0	0	0	0.999956
21535	2	metal6	990	862	0	0	0	0.999956
21536	2	metal6	1000	862	0	0	0	0.999956
21537	2	metal6	1010	862	0	0	0	0.999955
21538	2	metal6	1020	862	0	0	0	0.999955
21539	2	metal6	1030	862	0	0	0	0.999955
21540	2	metal6	1040	862	0	0	0	0.999955
21541	2	metal6	1050	862	0	0	0	0.999955
21542	2	metal6	1060	862	0	0	0	0.999955
21543	2	metal6	1070	862	0	0	0	0.999955
21544	2	metal6	1080	862	0	0	0	0.999955
21545	2	metal6	1090	862	0	0	0	0.999955
21546	2	metal6	10	872	0	0	0	0.999956
21547	2	metal6	20	872	0	0	0	0.999957
21548	2	metal6	30	872	0	0	0	0.999957
21549	2	metal6	40	872	0	0	0	0.999957
21550	2	metal6	50	872	0	0	0	0.999957
21551	2	metal6	60	872	0	0	0	0.999957
21552	2	metal6	70	872	0	0	0	0.999957
21553	2	metal6	80	872	0	0	0	0.999957
21554	2	metal6	90	872	0	0	0	0.999957
21555	2	metal6	100	872	0	0	0	0.999957
21556	2	metal6	110	872	0	0	0	0.999957
21557	2	metal6	120	872	0	0	0	0.999957
21558	2	metal6	130	872	0	0	0	0.999958
21559	2	metal6	140	872	0	0	0	0.999958
21560	2	metal6	150	872	0	0	0	0.999958
21561	2	metal6	160	872	0	0	0	0.999958
21562	2	metal6	170	872	0	0	0	0.999958
21563	2	metal6	180	872	0	0	0	0.999958
21564	2	metal6	190	872	0	0	0	0.999959
21565	2	metal6	200	872	0	0	0	0.999959
21566	2	metal6	210	872	0	0	0	0.999959
21567	2	metal6	220	872	0	0	0	0.99996
21568	2	metal6	230	872	0	0	0	0.99996
21569	2	metal6	240	872	0	0	0	0.99996
21570	2	metal6	250	872	0	0	0	0.999961
21571	2	metal6	260	872	0	0	0	0.999961
21572	2	metal6	270	872	0	0	0	0.999961
21573	2	metal6	280	872	0	0	0	0.999962
21574	2	metal6	290	872	0	0	0	0.999962
21575	2	metal6	300	872	0	0	0	0.999963
21576	2	metal6	310	872	0	0	0	0.999963
21577	2	metal6	320	872	0	0	0	0.999964
21578	2	metal6	330	872	0	0	0	0.999964
21579	2	metal6	340	872	0	0	0	0.999965
21580	2	metal6	350	872	0	0	0	0.999965
21581	2	metal6	360	872	0	0	0	0.999966
21582	2	metal6	370	872	0	0	0	0.999967
21583	2	metal6	380	872	0	0	0	0.999968
21584	2	metal6	390	872	0	0	0	0.999968
21585	2	metal6	400	872	0	0	0	0.99997
21586	2	metal6	410	872	0	0	0	0.99997
21587	2	metal6	420	872	0	0	0	0.999972
21588	2	metal6	430	872	0	0	0	0.999973
21589	2	metal6	440	872	0	0	0	0.999974
21590	2	metal6	450	872	0	0	0	0.999975
21591	2	metal6	460	872	0	0	0	0.999976
21592	2	metal6	470	872	0	0	0	0.999977
21593	2	metal6	480	872	0	0	0	0.999979
21594	2	metal6	490	872	0	0	0	0.999981
21595	2	metal6	500	872	0	0	0	0.999981
21596	2	metal6	510	872	0	0	0	0.999982
21597	2	metal6	520	872	0	0	0	0.999986
21598	2	metal6	530	872	0	0	0	0.999986
21599	2	metal6	540	872	0	0	0	0.999987
21600	2	metal6	550	872	0	0	0	0.99999
21601	2	metal6	560	872	0	0	0	0.999987
21602	2	metal6	570	872	0	0	0	0.999985
21603	2	metal6	580	872	0	0	0	0.999986
21604	2	metal6	590	872	0	0	0	0.999983
21605	2	metal6	600	872	0	0	0	0.999982
21606	2	metal6	610	872	0	0	0	0.999981
21607	2	metal6	620	872	0	0	0	0.999979
21608	2	metal6	630	872	0	0	0	0.999977
21609	2	metal6	640	872	0	0	0	0.999976
21610	2	metal6	650	872	0	0	0	0.999974
21611	2	metal6	660	872	0	0	0	0.999973
21612	2	metal6	670	872	0	0	0	0.999972
21613	2	metal6	680	872	0	0	0	0.99997
21614	2	metal6	690	872	0	0	0	0.99997
21615	2	metal6	700	872	0	0	0	0.999969
21616	2	metal6	710	872	0	0	0	0.999968
21617	2	metal6	720	872	0	0	0	0.999967
21618	2	metal6	730	872	0	0	0	0.999967
21619	2	metal6	740	872	0	0	0	0.999965
21620	2	metal6	750	872	0	0	0	0.999965
21621	2	metal6	760	872	0	0	0	0.999964
21622	2	metal6	770	872	0	0	0	0.999964
21623	2	metal6	780	872	0	0	0	0.999963
21624	2	metal6	790	872	0	0	0	0.999963
21625	2	metal6	800	872	0	0	0	0.999962
21626	2	metal6	810	872	0	0	0	0.999961
21627	2	metal6	820	872	0	0	0	0.999961
21628	2	metal6	830	872	0	0	0	0.999961
21629	2	metal6	840	872	0	0	0	0.99996
21630	2	metal6	850	872	0	0	0	0.99996
21631	2	metal6	860	872	0	0	0	0.999959
21632	2	metal6	870	872	0	0	0	0.999959
21633	2	metal6	880	872	0	0	0	0.999959
21634	2	metal6	890	872	0	0	0	0.999958
21635	2	metal6	900	872	0	0	0	0.999958
21636	2	metal6	910	872	0	0	0	0.999958
21637	2	metal6	920	872	0	0	0	0.999957
21638	2	metal6	930	872	0	0	0	0.999957
21639	2	metal6	940	872	0	0	0	0.999957
21640	2	metal6	950	872	0	0	0	0.999956
21641	2	metal6	960	872	0	0	0	0.999956
21642	2	metal6	970	872	0	0	0	0.999956
21643	2	metal6	980	872	0	0	0	0.999956
21644	2	metal6	990	872	0	0	0	0.999956
21645	2	metal6	1000	872	0	0	0	0.999956
21646	2	metal6	1010	872	0	0	0	0.999956
21647	2	metal6	1020	872	0	0	0	0.999955
21648	2	metal6	1030	872	0	0	0	0.999955
21649	2	metal6	1040	872	0	0	0	0.999955
21650	2	metal6	1050	872	0	0	0	0.999955
21651	2	metal6	1060	872	0	0	0	0.999955
21652	2	metal6	1070	872	0	0	0	0.999955
21653	2	metal6	1080	872	0	0	0	0.999955
21654	2	metal6	1090	872	0	0	0	0.999955
21655	2	metal6	10	882	0	0	0	0.999957
21656	2	metal6	20	882	0	0	0	0.999957
21657	2	metal6	30	882	0	0	0	0.999957
21658	2	metal6	40	882	0	0	0	0.999957
21659	2	metal6	50	882	0	0	0	0.999957
21660	2	metal6	60	882	0	0	0	0.999957
21661	2	metal6	70	882	0	0	0	0.999957
21662	2	metal6	80	882	0	0	0	0.999957
21663	2	metal6	90	882	0	0	0	0.999958
21664	2	metal6	100	882	0	0	0	0.999958
21665	2	metal6	110	882	0	0	0	0.999958
21666	2	metal6	120	882	0	0	0	0.999958
21667	2	metal6	130	882	0	0	0	0.999958
21668	2	metal6	140	882	0	0	0	0.999958
21669	2	metal6	150	882	0	0	0	0.999958
21670	2	metal6	160	882	0	0	0	0.999959
21671	2	metal6	170	882	0	0	0	0.999959
21672	2	metal6	180	882	0	0	0	0.999959
21673	2	metal6	190	882	0	0	0	0.999959
21674	2	metal6	200	882	0	0	0	0.999959
21675	2	metal6	210	882	0	0	0	0.99996
21676	2	metal6	220	882	0	0	0	0.99996
21677	2	metal6	230	882	0	0	0	0.99996
21678	2	metal6	240	882	0	0	0	0.999961
21679	2	metal6	250	882	0	0	0	0.999961
21680	2	metal6	260	882	0	0	0	0.999961
21681	2	metal6	270	882	0	0	0	0.999962
21682	2	metal6	280	882	0	0	0	0.999962
21683	2	metal6	290	882	0	0	0	0.999962
21684	2	metal6	300	882	0	0	0	0.999963
21685	2	metal6	310	882	0	0	0	0.999964
21686	2	metal6	320	882	0	0	0	0.999964
21687	2	metal6	330	882	0	0	0	0.999965
21688	2	metal6	340	882	0	0	0	0.999966
21689	2	metal6	350	882	0	0	0	0.999966
21690	2	metal6	360	882	0	0	0	0.999967
21691	2	metal6	370	882	0	0	0	0.999968
21692	2	metal6	380	882	0	0	0	0.999968
21693	2	metal6	390	882	0	0	0	0.999969
21694	2	metal6	400	882	0	0	0	0.999971
21695	2	metal6	410	882	0	0	0	0.999971
21696	2	metal6	420	882	0	0	0	0.999972
21697	2	metal6	430	882	0	0	0	0.999974
21698	2	metal6	440	882	0	0	0	0.999974
21699	2	metal6	450	882	0	0	0	0.999975
21700	2	metal6	460	882	0	0	0	0.999978
21701	2	metal6	470	882	0	0	0	0.999978
21702	2	metal6	480	882	0	0	0	0.999979
21703	2	metal6	490	882	0	0	0	0.999982
21704	2	metal6	500	882	0	0	0	0.999982
21705	2	metal6	510	882	0	0	0	0.999983
21706	2	metal6	520	882	0	0	0	0.999988
21707	2	metal6	530	882	0	0	0	0.999987
21708	2	metal6	540	882	0	0	0	0.999988
21709	2	metal6	550	882	0	0	0	0.999993
21710	2	metal6	560	882	0	0	0	0.999987
21711	2	metal6	570	882	0	0	0	0.999986
21712	2	metal6	580	882	0	0	0	0.999988
21713	2	metal6	590	882	0	0	0	0.999984
21714	2	metal6	600	882	0	0	0	0.999982
21715	2	metal6	610	882	0	0	0	0.999982
21716	2	metal6	620	882	0	0	0	0.999979
21717	2	metal6	630	882	0	0	0	0.999977
21718	2	metal6	640	882	0	0	0	0.999977
21719	2	metal6	650	882	0	0	0	0.999975
21720	2	metal6	660	882	0	0	0	0.999973
21721	2	metal6	670	882	0	0	0	0.999973
21722	2	metal6	680	882	0	0	0	0.999971
21723	2	metal6	690	882	0	0	0	0.99997
21724	2	metal6	700	882	0	0	0	0.99997
21725	2	metal6	710	882	0	0	0	0.999968
21726	2	metal6	720	882	0	0	0	0.999967
21727	2	metal6	730	882	0	0	0	0.999967
21728	2	metal6	740	882	0	0	0	0.999966
21729	2	metal6	750	882	0	0	0	0.999965
21730	2	metal6	760	882	0	0	0	0.999965
21731	2	metal6	770	882	0	0	0	0.999964
21732	2	metal6	780	882	0	0	0	0.999963
21733	2	metal6	790	882	0	0	0	0.999963
21734	2	metal6	800	882	0	0	0	0.999962
21735	2	metal6	810	882	0	0	0	0.999962
21736	2	metal6	820	882	0	0	0	0.999962
21737	2	metal6	830	882	0	0	0	0.999961
21738	2	metal6	840	882	0	0	0	0.99996
21739	2	metal6	850	882	0	0	0	0.99996
21740	2	metal6	860	882	0	0	0	0.999959
21741	2	metal6	870	882	0	0	0	0.999959
21742	2	metal6	880	882	0	0	0	0.999959
21743	2	metal6	890	882	0	0	0	0.999958
21744	2	metal6	900	882	0	0	0	0.999958
21745	2	metal6	910	882	0	0	0	0.999958
21746	2	metal6	920	882	0	0	0	0.999957
21747	2	metal6	930	882	0	0	0	0.999957
21748	2	metal6	940	882	0	0	0	0.999957
21749	2	metal6	950	882	0	0	0	0.999957
21750	2	metal6	960	882	0	0	0	0.999956
21751	2	metal6	970	882	0	0	0	0.999957
21752	2	metal6	980	882	0	0	0	0.999956
21753	2	metal6	990	882	0	0	0	0.999956
21754	2	metal6	1000	882	0	0	0	0.999956
21755	2	metal6	1010	882	0	0	0	0.999956
21756	2	metal6	1020	882	0	0	0	0.999956
21757	2	metal6	1030	882	0	0	0	0.999956
21758	2	metal6	1040	882	0	0	0	0.999955
21759	2	metal6	1050	882	0	0	0	0.999955
21760	2	metal6	1060	882	0	0	0	0.999955
21761	2	metal6	1070	882	0	0	0	0.999955
21762	2	metal6	1080	882	0	0	0	0.999955
21763	2	metal6	1090	882	0	0	0	0.999955
21764	2	metal6	10	892	0	0	0	0.999958
21765	2	metal6	20	892	0	0	0	0.999958
21766	2	metal6	30	892	0	0	0	0.999958
21767	2	metal6	40	892	0	0	0	0.999958
21768	2	metal6	50	892	0	0	0	0.999958
21769	2	metal6	60	892	0	0	0	0.999958
21770	2	metal6	70	892	0	0	0	0.999958
21771	2	metal6	80	892	0	0	0	0.999958
21772	2	metal6	90	892	0	0	0	0.999958
21773	2	metal6	100	892	0	0	0	0.999958
21774	2	metal6	110	892	0	0	0	0.999958
21775	2	metal6	120	892	0	0	0	0.999958
21776	2	metal6	130	892	0	0	0	0.999959
21777	2	metal6	140	892	0	0	0	0.999959
21778	2	metal6	150	892	0	0	0	0.999959
21779	2	metal6	160	892	0	0	0	0.999959
21780	2	metal6	170	892	0	0	0	0.999959
21781	2	metal6	180	892	0	0	0	0.999959
21782	2	metal6	190	892	0	0	0	0.99996
21783	2	metal6	200	892	0	0	0	0.99996
21784	2	metal6	210	892	0	0	0	0.99996
21785	2	metal6	220	892	0	0	0	0.99996
21786	2	metal6	230	892	0	0	0	0.99996
21787	2	metal6	240	892	0	0	0	0.999961
21788	2	metal6	250	892	0	0	0	0.999961
21789	2	metal6	260	892	0	0	0	0.999962
21790	2	metal6	270	892	0	0	0	0.999962
21791	2	metal6	280	892	0	0	0	0.999963
21792	2	metal6	290	892	0	0	0	0.999963
21793	2	metal6	300	892	0	0	0	0.999963
21794	2	metal6	310	892	0	0	0	0.999964
21795	2	metal6	320	892	0	0	0	0.999964
21796	2	metal6	330	892	0	0	0	0.999965
21797	2	metal6	340	892	0	0	0	0.999966
21798	2	metal6	350	892	0	0	0	0.999966
21799	2	metal6	360	892	0	0	0	0.999967
21800	2	metal6	370	892	0	0	0	0.999968
21801	2	metal6	380	892	0	0	0	0.999968
21802	2	metal6	390	892	0	0	0	0.999969
21803	2	metal6	400	892	0	0	0	0.99997
21804	2	metal6	410	892	0	0	0	0.999971
21805	2	metal6	420	892	0	0	0	0.999972
21806	2	metal6	430	892	0	0	0	0.999974
21807	2	metal6	440	892	0	0	0	0.999974
21808	2	metal6	450	892	0	0	0	0.999975
21809	2	metal6	460	892	0	0	0	0.999977
21810	2	metal6	470	892	0	0	0	0.999978
21811	2	metal6	480	892	0	0	0	0.999979
21812	2	metal6	490	892	0	0	0	0.999981
21813	2	metal6	500	892	0	0	0	0.999981
21814	2	metal6	510	892	0	0	0	0.999983
21815	2	metal6	520	892	0	0	0	0.999986
21816	2	metal6	530	892	0	0	0	0.999986
21817	2	metal6	540	892	0	0	0	0.999987
21818	2	metal6	550	892	0	0	0	0.99999
21819	2	metal6	560	892	0	0	0	0.999987
21820	2	metal6	570	892	0	0	0	0.999985
21821	2	metal6	580	892	0	0	0	0.999986
21822	2	metal6	590	892	0	0	0	0.999983
21823	2	metal6	600	892	0	0	0	0.999982
21824	2	metal6	610	892	0	0	0	0.999981
21825	2	metal6	620	892	0	0	0	0.999979
21826	2	metal6	630	892	0	0	0	0.999977
21827	2	metal6	640	892	0	0	0	0.999976
21828	2	metal6	650	892	0	0	0	0.999974
21829	2	metal6	660	892	0	0	0	0.999973
21830	2	metal6	670	892	0	0	0	0.999972
21831	2	metal6	680	892	0	0	0	0.99997
21832	2	metal6	690	892	0	0	0	0.99997
21833	2	metal6	700	892	0	0	0	0.999969
21834	2	metal6	710	892	0	0	0	0.999968
21835	2	metal6	720	892	0	0	0	0.999967
21836	2	metal6	730	892	0	0	0	0.999967
21837	2	metal6	740	892	0	0	0	0.999965
21838	2	metal6	750	892	0	0	0	0.999965
21839	2	metal6	760	892	0	0	0	0.999965
21840	2	metal6	770	892	0	0	0	0.999964
21841	2	metal6	780	892	0	0	0	0.999963
21842	2	metal6	790	892	0	0	0	0.999963
21843	2	metal6	800	892	0	0	0	0.999962
21844	2	metal6	810	892	0	0	0	0.999962
21845	2	metal6	820	892	0	0	0	0.999961
21846	2	metal6	830	892	0	0	0	0.999961
21847	2	metal6	840	892	0	0	0	0.99996
21848	2	metal6	850	892	0	0	0	0.99996
21849	2	metal6	860	892	0	0	0	0.99996
21850	2	metal6	870	892	0	0	0	0.999959
21851	2	metal6	880	892	0	0	0	0.999959
21852	2	metal6	890	892	0	0	0	0.999959
21853	2	metal6	900	892	0	0	0	0.999958
21854	2	metal6	910	892	0	0	0	0.999958
21855	2	metal6	920	892	0	0	0	0.999958
21856	2	metal6	930	892	0	0	0	0.999957
21857	2	metal6	940	892	0	0	0	0.999957
21858	2	metal6	950	892	0	0	0	0.999957
21859	2	metal6	960	892	0	0	0	0.999957
21860	2	metal6	970	892	0	0	0	0.999957
21861	2	metal6	980	892	0	0	0	0.999956
21862	2	metal6	990	892	0	0	0	0.999956
21863	2	metal6	1000	892	0	0	0	0.999956
21864	2	metal6	1010	892	0	0	0	0.999956
21865	2	metal6	1020	892	0	0	0	0.999956
21866	2	metal6	1030	892	0	0	0	0.999956
21867	2	metal6	1040	892	0	0	0	0.999956
21868	2	metal6	1050	892	0	0	0	0.999955
21869	2	metal6	1060	892	0	0	0	0.999955
21870	2	metal6	1070	892	0	0	0	0.999955
21871	2	metal6	1080	892	0	0	0	0.999955
21872	2	metal6	1090	892	0	0	0	0.999955
21873	2	metal6	10	902	0	0	0	0.999958
21874	2	metal6	20	902	0	0	0	0.999958
21875	2	metal6	30	902	0	0	0	0.999958
21876	2	metal6	40	902	0	0	0	0.999958
21877	2	metal6	50	902	0	0	0	0.999958
21878	2	metal6	60	902	0	0	0	0.999958
21879	2	metal6	70	902	0	0	0	0.999958
21880	2	metal6	80	902	0	0	0	0.999958
21881	2	metal6	90	902	0	0	0	0.999959
21882	2	metal6	100	902	0	0	0	0.999959
21883	2	metal6	110	902	0	0	0	0.999959
21884	2	metal6	120	902	0	0	0	0.999959
21885	2	metal6	130	902	0	0	0	0.999959
21886	2	metal6	140	902	0	0	0	0.999959
21887	2	metal6	150	902	0	0	0	0.999959
21888	2	metal6	160	902	0	0	0	0.99996
21889	2	metal6	170	902	0	0	0	0.999959
21890	2	metal6	180	902	0	0	0	0.999959
21891	2	metal6	190	902	0	0	0	0.99996
21892	2	metal6	200	902	0	0	0	0.99996
21893	2	metal6	210	902	0	0	0	0.99996
21894	2	metal6	220	902	0	0	0	0.999961
21895	2	metal6	230	902	0	0	0	0.999961
21896	2	metal6	240	902	0	0	0	0.999961
21897	2	metal6	250	902	0	0	0	0.999962
21898	2	metal6	260	902	0	0	0	0.999962
21899	2	metal6	270	902	0	0	0	0.999962
21900	2	metal6	280	902	0	0	0	0.999963
21901	2	metal6	290	902	0	0	0	0.999963
21902	2	metal6	300	902	0	0	0	0.999963
21903	2	metal6	310	902	0	0	0	0.999964
21904	2	metal6	320	902	0	0	0	0.999965
21905	2	metal6	330	902	0	0	0	0.999965
21906	2	metal6	340	902	0	0	0	0.999966
21907	2	metal6	350	902	0	0	0	0.999966
21908	2	metal6	360	902	0	0	0	0.999967
21909	2	metal6	370	902	0	0	0	0.999968
21910	2	metal6	380	902	0	0	0	0.999968
21911	2	metal6	390	902	0	0	0	0.999969
21912	2	metal6	400	902	0	0	0	0.99997
21913	2	metal6	410	902	0	0	0	0.999971
21914	2	metal6	420	902	0	0	0	0.999972
21915	2	metal6	430	902	0	0	0	0.999973
21916	2	metal6	440	902	0	0	0	0.999974
21917	2	metal6	450	902	0	0	0	0.999975
21918	2	metal6	460	902	0	0	0	0.999976
21919	2	metal6	470	902	0	0	0	0.999977
21920	2	metal6	480	902	0	0	0	0.999979
21921	2	metal6	490	902	0	0	0	0.999981
21922	2	metal6	500	902	0	0	0	0.999981
21923	2	metal6	510	902	0	0	0	0.999981
21924	2	metal6	520	902	0	0	0	0.999985
21925	2	metal6	530	902	0	0	0	0.999986
21926	2	metal6	540	902	0	0	0	0.999987
21927	2	metal6	550	902	0	0	0	0.99999
21928	2	metal6	560	902	0	0	0	0.999986
21929	2	metal6	570	902	0	0	0	0.999983
21930	2	metal6	580	902	0	0	0	0.999985
21931	2	metal6	590	902	0	0	0	0.999983
21932	2	metal6	600	902	0	0	0	0.999982
21933	2	metal6	610	902	0	0	0	0.999981
21934	2	metal6	620	902	0	0	0	0.999978
21935	2	metal6	630	902	0	0	0	0.999975
21936	2	metal6	640	902	0	0	0	0.999976
21937	2	metal6	650	902	0	0	0	0.999974
21938	2	metal6	660	902	0	0	0	0.999973
21939	2	metal6	670	902	0	0	0	0.999972
21940	2	metal6	680	902	0	0	0	0.99997
21941	2	metal6	690	902	0	0	0	0.999969
21942	2	metal6	700	902	0	0	0	0.999969
21943	2	metal6	710	902	0	0	0	0.999968
21944	2	metal6	720	902	0	0	0	0.999967
21945	2	metal6	730	902	0	0	0	0.999967
21946	2	metal6	740	902	0	0	0	0.999965
21947	2	metal6	750	902	0	0	0	0.999965
21948	2	metal6	760	902	0	0	0	0.999964
21949	2	metal6	770	902	0	0	0	0.999964
21950	2	metal6	780	902	0	0	0	0.999963
21951	2	metal6	790	902	0	0	0	0.999962
21952	2	metal6	800	902	0	0	0	0.999962
21953	2	metal6	810	902	0	0	0	0.999962
21954	2	metal6	820	902	0	0	0	0.999961
21955	2	metal6	830	902	0	0	0	0.999961
21956	2	metal6	840	902	0	0	0	0.99996
21957	2	metal6	850	902	0	0	0	0.99996
21958	2	metal6	860	902	0	0	0	0.99996
21959	2	metal6	870	902	0	0	0	0.999959
21960	2	metal6	880	902	0	0	0	0.999959
21961	2	metal6	890	902	0	0	0	0.999959
21962	2	metal6	900	902	0	0	0	0.999958
21963	2	metal6	910	902	0	0	0	0.999958
21964	2	metal6	920	902	0	0	0	0.999958
21965	2	metal6	930	902	0	0	0	0.999957
21966	2	metal6	940	902	0	0	0	0.999957
21967	2	metal6	950	902	0	0	0	0.999957
21968	2	metal6	960	902	0	0	0	0.999956
21969	2	metal6	970	902	0	0	0	0.999957
21970	2	metal6	980	902	0	0	0	0.999956
21971	2	metal6	990	902	0	0	0	0.999956
21972	2	metal6	1000	902	0	0	0	0.999956
21973	2	metal6	1010	902	0	0	0	0.999956
21974	2	metal6	1020	902	0	0	0	0.999956
21975	2	metal6	1030	902	0	0	0	0.999956
21976	2	metal6	1040	902	0	0	0	0.999956
21977	2	metal6	1050	902	0	0	0	0.999956
21978	2	metal6	1060	902	0	0	0	0.999956
21979	2	metal6	1070	902	0	0	0	0.999955
21980	2	metal6	1080	902	0	0	0	0.999955
21981	2	metal6	1090	902	0	0	0	0.999955
21982	2	metal6	10	912	0	0	0	0.999958
21983	2	metal6	20	912	0	0	0	0.999959
21984	2	metal6	30	912	0	0	0	0.999959
21985	2	metal6	40	912	0	0	0	0.999959
21986	2	metal6	50	912	0	0	0	0.999959
21987	2	metal6	60	912	0	0	0	0.999959
21988	2	metal6	70	912	0	0	0	0.999958
21989	2	metal6	80	912	0	0	0	0.999959
21990	2	metal6	90	912	0	0	0	0.999959
21991	2	metal6	100	912	0	0	0	0.999959
21992	2	metal6	110	912	0	0	0	0.999959
21993	2	metal6	120	912	0	0	0	0.999959
21994	2	metal6	130	912	0	0	0	0.99996
21995	2	metal6	140	912	0	0	0	0.99996
21996	2	metal6	150	912	0	0	0	0.99996
21997	2	metal6	160	912	0	0	0	0.99996
21998	2	metal6	170	912	0	0	0	0.99996
21999	2	metal6	180	912	0	0	0	0.999959
22000	2	metal6	190	912	0	0	0	0.99996
22001	2	metal6	200	912	0	0	0	0.999961
22002	2	metal6	210	912	0	0	0	0.999961
22003	2	metal6	220	912	0	0	0	0.999961
22004	2	metal6	230	912	0	0	0	0.99996
22005	2	metal6	240	912	0	0	0	0.999961
22006	2	metal6	250	912	0	0	0	0.999962
22007	2	metal6	260	912	0	0	0	0.999962
22008	2	metal6	270	912	0	0	0	0.999963
22009	2	metal6	280	912	0	0	0	0.999963
22010	2	metal6	290	912	0	0	0	0.999962
22011	2	metal6	300	912	0	0	0	0.999963
22012	2	metal6	310	912	0	0	0	0.999965
22013	2	metal6	320	912	0	0	0	0.999965
22014	2	metal6	330	912	0	0	0	0.999965
22015	2	metal6	340	912	0	0	0	0.999966
22016	2	metal6	350	912	0	0	0	0.999965
22017	2	metal6	360	912	0	0	0	0.999966
22018	2	metal6	370	912	0	0	0	0.999968
22019	2	metal6	380	912	0	0	0	0.999968
22020	2	metal6	390	912	0	0	0	0.999969
22021	2	metal6	400	912	0	0	0	0.999969
22022	2	metal6	410	912	0	0	0	0.99997
22023	2	metal6	420	912	0	0	0	0.999972
22024	2	metal6	430	912	0	0	0	0.999974
22025	2	metal6	440	912	0	0	0	0.999974
22026	2	metal6	450	912	0	0	0	0.999974
22027	2	metal6	460	912	0	0	0	0.999975
22028	2	metal6	470	912	0	0	0	0.999976
22029	2	metal6	480	912	0	0	0	0.999978
22030	2	metal6	490	912	0	0	0	0.999981
22031	2	metal6	500	912	0	0	0	0.99998
22032	2	metal6	510	912	0	0	0	0.999978
22033	2	metal6	520	912	0	0	0	0.999986
22034	2	metal6	530	912	0	0	0	0.999985
22035	2	metal6	540	912	0	0	0	0.999987
22036	2	metal6	550	912	0	0	0	0.999992
22037	2	metal6	560	912	0	0	0	0.999985
22038	2	metal6	570	912	0	0	0	0.99998
22039	2	metal6	580	912	0	0	0	0.999986
22040	2	metal6	590	912	0	0	0	0.999982
22041	2	metal6	600	912	0	0	0	0.999981
22042	2	metal6	610	912	0	0	0	0.999981
22043	2	metal6	620	912	0	0	0	0.999977
22044	2	metal6	630	912	0	0	0	0.999973
22045	2	metal6	640	912	0	0	0	0.999976
22046	2	metal6	650	912	0	0	0	0.999974
22047	2	metal6	660	912	0	0	0	0.999972
22048	2	metal6	670	912	0	0	0	0.999972
22049	2	metal6	680	912	0	0	0	0.999968
22050	2	metal6	690	912	0	0	0	0.999969
22051	2	metal6	700	912	0	0	0	0.999969
22052	2	metal6	710	912	0	0	0	0.999968
22053	2	metal6	720	912	0	0	0	0.999967
22054	2	metal6	730	912	0	0	0	0.999966
22055	2	metal6	740	912	0	0	0	0.999964
22056	2	metal6	750	912	0	0	0	0.999964
22057	2	metal6	760	912	0	0	0	0.999965
22058	2	metal6	770	912	0	0	0	0.999964
22059	2	metal6	780	912	0	0	0	0.999963
22060	2	metal6	790	912	0	0	0	0.999962
22061	2	metal6	800	912	0	0	0	0.999962
22062	2	metal6	810	912	0	0	0	0.999962
22063	2	metal6	820	912	0	0	0	0.999961
22064	2	metal6	830	912	0	0	0	0.999961
22065	2	metal6	840	912	0	0	0	0.99996
22066	2	metal6	850	912	0	0	0	0.99996
22067	2	metal6	860	912	0	0	0	0.999959
22068	2	metal6	870	912	0	0	0	0.999959
22069	2	metal6	880	912	0	0	0	0.999959
22070	2	metal6	890	912	0	0	0	0.999959
22071	2	metal6	900	912	0	0	0	0.999958
22072	2	metal6	910	912	0	0	0	0.999958
22073	2	metal6	920	912	0	0	0	0.999958
22074	2	metal6	930	912	0	0	0	0.999958
22075	2	metal6	940	912	0	0	0	0.999957
22076	2	metal6	950	912	0	0	0	0.999957
22077	2	metal6	960	912	0	0	0	0.999956
22078	2	metal6	970	912	0	0	0	0.999957
22079	2	metal6	980	912	0	0	0	0.999957
22080	2	metal6	990	912	0	0	0	0.999956
22081	2	metal6	1000	912	0	0	0	0.999956
22082	2	metal6	1010	912	0	0	0	0.999956
22083	2	metal6	1020	912	0	0	0	0.999955
22084	2	metal6	1030	912	0	0	0	0.999956
22085	2	metal6	1040	912	0	0	0	0.999956
22086	2	metal6	1050	912	0	0	0	0.999956
22087	2	metal6	1060	912	0	0	0	0.999956
22088	2	metal6	1070	912	0	0	0	0.999955
22089	2	metal6	1080	912	0	0	0	0.999955
22090	2	metal6	1090	912	0	0	0	0.999956
22091	2	metal6	10	922	0	0	0	0.99996
22092	2	metal6	20	922	0	0	0	0.99996
22093	2	metal6	30	922	0	0	0	0.99996
22094	2	metal6	40	922	0	0	0	0.99996
22095	2	metal6	50	922	0	0	0	0.99996
22096	2	metal6	60	922	0	0	0	0.99996
22097	2	metal6	70	922	0	0	0	0.99996
22098	2	metal6	80	922	0	0	0	0.99996
22099	2	metal6	90	922	0	0	0	0.99996
22100	2	metal6	100	922	0	0	0	0.99996
22101	2	metal6	110	922	0	0	0	0.99996
22102	2	metal6	120	922	0	0	0	0.99996
22103	2	metal6	130	922	0	0	0	0.99996
22104	2	metal6	140	922	0	0	0	0.999961
22105	2	metal6	150	922	0	0	0	0.999961
22106	2	metal6	160	922	0	0	0	0.999961
22107	2	metal6	170	922	0	0	0	0.999961
22108	2	metal6	180	922	0	0	0	0.999961
22109	2	metal6	190	922	0	0	0	0.999961
22110	2	metal6	200	922	0	0	0	0.999961
22111	2	metal6	210	922	0	0	0	0.999961
22112	2	metal6	220	922	0	0	0	0.999962
22113	2	metal6	230	922	0	0	0	0.999962
22114	2	metal6	240	922	0	0	0	0.999962
22115	2	metal6	250	922	0	0	0	0.999963
22116	2	metal6	260	922	0	0	0	0.999963
22117	2	metal6	270	922	0	0	0	0.999963
22118	2	metal6	280	922	0	0	0	0.999964
22119	2	metal6	290	922	0	0	0	0.999963
22120	2	metal6	300	922	0	0	0	0.999964
22121	2	metal6	310	922	0	0	0	0.999965
22122	2	metal6	320	922	0	0	0	0.999965
22123	2	metal6	330	922	0	0	0	0.999966
22124	2	metal6	340	922	0	0	0	0.999966
22125	2	metal6	350	922	0	0	0	0.999966
22126	2	metal6	360	922	0	0	0	0.999967
22127	2	metal6	370	922	0	0	0	0.999968
22128	2	metal6	380	922	0	0	0	0.999969
22129	2	metal6	390	922	0	0	0	0.999969
22130	2	metal6	400	922	0	0	0	0.99997
22131	2	metal6	410	922	0	0	0	0.999971
22132	2	metal6	420	922	0	0	0	0.999972
22133	2	metal6	430	922	0	0	0	0.999974
22134	2	metal6	440	922	0	0	0	0.999974
22135	2	metal6	450	922	0	0	0	0.999975
22136	2	metal6	460	922	0	0	0	0.999976
22137	2	metal6	470	922	0	0	0	0.999977
22138	2	metal6	480	922	0	0	0	0.999979
22139	2	metal6	490	922	0	0	0	0.999981
22140	2	metal6	500	922	0	0	0	0.999981
22141	2	metal6	510	922	0	0	0	0.999981
22142	2	metal6	520	922	0	0	0	0.999985
22143	2	metal6	530	922	0	0	0	0.999986
22144	2	metal6	540	922	0	0	0	0.999987
22145	2	metal6	550	922	0	0	0	0.99999
22146	2	metal6	560	922	0	0	0	0.999986
22147	2	metal6	570	922	0	0	0	0.999983
22148	2	metal6	580	922	0	0	0	0.999985
22149	2	metal6	590	922	0	0	0	0.999983
22150	2	metal6	600	922	0	0	0	0.999982
22151	2	metal6	610	922	0	0	0	0.999981
22152	2	metal6	620	922	0	0	0	0.999978
22153	2	metal6	630	922	0	0	0	0.999975
22154	2	metal6	640	922	0	0	0	0.999976
22155	2	metal6	650	922	0	0	0	0.999974
22156	2	metal6	660	922	0	0	0	0.999973
22157	2	metal6	670	922	0	0	0	0.999972
22158	2	metal6	680	922	0	0	0	0.999969
22159	2	metal6	690	922	0	0	0	0.999969
22160	2	metal6	700	922	0	0	0	0.999969
22161	2	metal6	710	922	0	0	0	0.999968
22162	2	metal6	720	922	0	0	0	0.999967
22163	2	metal6	730	922	0	0	0	0.999967
22164	2	metal6	740	922	0	0	0	0.999965
22165	2	metal6	750	922	0	0	0	0.999965
22166	2	metal6	760	922	0	0	0	0.999965
22167	2	metal6	770	922	0	0	0	0.999964
22168	2	metal6	780	922	0	0	0	0.999963
22169	2	metal6	790	922	0	0	0	0.999963
22170	2	metal6	800	922	0	0	0	0.999962
22171	2	metal6	810	922	0	0	0	0.999962
22172	2	metal6	820	922	0	0	0	0.999962
22173	2	metal6	830	922	0	0	0	0.999961
22174	2	metal6	840	922	0	0	0	0.999961
22175	2	metal6	850	922	0	0	0	0.99996
22176	2	metal6	860	922	0	0	0	0.99996
22177	2	metal6	870	922	0	0	0	0.99996
22178	2	metal6	880	922	0	0	0	0.999959
22179	2	metal6	890	922	0	0	0	0.999959
22180	2	metal6	900	922	0	0	0	0.999959
22181	2	metal6	910	922	0	0	0	0.999958
22182	2	metal6	920	922	0	0	0	0.999958
22183	2	metal6	930	922	0	0	0	0.999958
22184	2	metal6	940	922	0	0	0	0.999958
22185	2	metal6	950	922	0	0	0	0.999957
22186	2	metal6	960	922	0	0	0	0.999957
22187	2	metal6	970	922	0	0	0	0.999957
22188	2	metal6	980	922	0	0	0	0.999957
22189	2	metal6	990	922	0	0	0	0.999957
22190	2	metal6	1000	922	0	0	0	0.999957
22191	2	metal6	1010	922	0	0	0	0.999956
22192	2	metal6	1020	922	0	0	0	0.999956
22193	2	metal6	1030	922	0	0	0	0.999956
22194	2	metal6	1040	922	0	0	0	0.999956
22195	2	metal6	1050	922	0	0	0	0.999956
22196	2	metal6	1060	922	0	0	0	0.999956
22197	2	metal6	1070	922	0	0	0	0.999956
22198	2	metal6	1080	922	0	0	0	0.999956
22199	2	metal6	1090	922	0	0	0	0.999956
22200	2	metal6	10	932	0	0	0	0.999961
22201	2	metal6	20	932	0	0	0	0.999961
22202	2	metal6	30	932	0	0	0	0.999961
22203	2	metal6	40	932	0	0	0	0.999961
22204	2	metal6	50	932	0	0	0	0.999961
22205	2	metal6	60	932	0	0	0	0.999961
22206	2	metal6	70	932	0	0	0	0.999961
22207	2	metal6	80	932	0	0	0	0.999961
22208	2	metal6	90	932	0	0	0	0.999961
22209	2	metal6	100	932	0	0	0	0.999961
22210	2	metal6	110	932	0	0	0	0.999961
22211	2	metal6	120	932	0	0	0	0.999961
22212	2	metal6	130	932	0	0	0	0.999961
22213	2	metal6	140	932	0	0	0	0.999962
22214	2	metal6	150	932	0	0	0	0.999962
22215	2	metal6	160	932	0	0	0	0.999962
22216	2	metal6	170	932	0	0	0	0.999962
22217	2	metal6	180	932	0	0	0	0.999961
22218	2	metal6	190	932	0	0	0	0.999962
22219	2	metal6	200	932	0	0	0	0.999962
22220	2	metal6	210	932	0	0	0	0.999962
22221	2	metal6	220	932	0	0	0	0.999962
22222	2	metal6	230	932	0	0	0	0.999962
22223	2	metal6	240	932	0	0	0	0.999963
22224	2	metal6	250	932	0	0	0	0.999963
22225	2	metal6	260	932	0	0	0	0.999963
22226	2	metal6	270	932	0	0	0	0.999964
22227	2	metal6	280	932	0	0	0	0.999964
22228	2	metal6	290	932	0	0	0	0.999964
22229	2	metal6	300	932	0	0	0	0.999965
22230	2	metal6	310	932	0	0	0	0.999965
22231	2	metal6	320	932	0	0	0	0.999966
22232	2	metal6	330	932	0	0	0	0.999966
22233	2	metal6	340	932	0	0	0	0.999967
22234	2	metal6	350	932	0	0	0	0.999967
22235	2	metal6	360	932	0	0	0	0.999968
22236	2	metal6	370	932	0	0	0	0.999969
22237	2	metal6	380	932	0	0	0	0.999969
22238	2	metal6	390	932	0	0	0	0.99997
22239	2	metal6	400	932	0	0	0	0.999971
22240	2	metal6	410	932	0	0	0	0.999972
22241	2	metal6	420	932	0	0	0	0.999973
22242	2	metal6	430	932	0	0	0	0.999974
22243	2	metal6	440	932	0	0	0	0.999975
22244	2	metal6	450	932	0	0	0	0.999975
22245	2	metal6	460	932	0	0	0	0.999977
22246	2	metal6	470	932	0	0	0	0.999978
22247	2	metal6	480	932	0	0	0	0.999979
22248	2	metal6	490	932	0	0	0	0.999981
22249	2	metal6	500	932	0	0	0	0.999981
22250	2	metal6	510	932	0	0	0	0.999982
22251	2	metal6	520	932	0	0	0	0.999986
22252	2	metal6	530	932	0	0	0	0.999986
22253	2	metal6	540	932	0	0	0	0.999987
22254	2	metal6	550	932	0	0	0	0.99999
22255	2	metal6	560	932	0	0	0	0.999986
22256	2	metal6	570	932	0	0	0	0.999984
22257	2	metal6	580	932	0	0	0	0.999985
22258	2	metal6	590	932	0	0	0	0.999983
22259	2	metal6	600	932	0	0	0	0.999982
22260	2	metal6	610	932	0	0	0	0.999981
22261	2	metal6	620	932	0	0	0	0.999978
22262	2	metal6	630	932	0	0	0	0.999976
22263	2	metal6	640	932	0	0	0	0.999976
22264	2	metal6	650	932	0	0	0	0.999974
22265	2	metal6	660	932	0	0	0	0.999973
22266	2	metal6	670	932	0	0	0	0.999972
22267	2	metal6	680	932	0	0	0	0.99997
22268	2	metal6	690	932	0	0	0	0.999969
22269	2	metal6	700	932	0	0	0	0.999969
22270	2	metal6	710	932	0	0	0	0.999968
22271	2	metal6	720	932	0	0	0	0.999967
22272	2	metal6	730	932	0	0	0	0.999967
22273	2	metal6	740	932	0	0	0	0.999965
22274	2	metal6	750	932	0	0	0	0.999965
22275	2	metal6	760	932	0	0	0	0.999965
22276	2	metal6	770	932	0	0	0	0.999964
22277	2	metal6	780	932	0	0	0	0.999963
22278	2	metal6	790	932	0	0	0	0.999963
22279	2	metal6	800	932	0	0	0	0.999962
22280	2	metal6	810	932	0	0	0	0.999962
22281	2	metal6	820	932	0	0	0	0.999962
22282	2	metal6	830	932	0	0	0	0.999961
22283	2	metal6	840	932	0	0	0	0.999961
22284	2	metal6	850	932	0	0	0	0.999961
22285	2	metal6	860	932	0	0	0	0.99996
22286	2	metal6	870	932	0	0	0	0.99996
22287	2	metal6	880	932	0	0	0	0.99996
22288	2	metal6	890	932	0	0	0	0.999959
22289	2	metal6	900	932	0	0	0	0.999959
22290	2	metal6	910	932	0	0	0	0.999959
22291	2	metal6	920	932	0	0	0	0.999958
22292	2	metal6	930	932	0	0	0	0.999958
22293	2	metal6	940	932	0	0	0	0.999958
22294	2	metal6	950	932	0	0	0	0.999958
22295	2	metal6	960	932	0	0	0	0.999957
22296	2	metal6	970	932	0	0	0	0.999957
22297	2	metal6	980	932	0	0	0	0.999957
22298	2	metal6	990	932	0	0	0	0.999957
22299	2	metal6	1000	932	0	0	0	0.999957
22300	2	metal6	1010	932	0	0	0	0.999957
22301	2	metal6	1020	932	0	0	0	0.999956
22302	2	metal6	1030	932	0	0	0	0.999956
22303	2	metal6	1040	932	0	0	0	0.999956
22304	2	metal6	1050	932	0	0	0	0.999956
22305	2	metal6	1060	932	0	0	0	0.999956
22306	2	metal6	1070	932	0	0	0	0.999956
22307	2	metal6	1080	932	0	0	0	0.999956
22308	2	metal6	1090	932	0	0	0	0.999956
22309	2	metal6	10	942	0	0	0	0.999962
22310	2	metal6	20	942	0	0	0	0.999962
22311	2	metal6	30	942	0	0	0	0.999962
22312	2	metal6	40	942	0	0	0	0.999962
22313	2	metal6	50	942	0	0	0	0.999963
22314	2	metal6	60	942	0	0	0	0.999962
22315	2	metal6	70	942	0	0	0	0.999962
22316	2	metal6	80	942	0	0	0	0.999962
22317	2	metal6	90	942	0	0	0	0.999962
22318	2	metal6	100	942	0	0	0	0.999962
22319	2	metal6	110	942	0	0	0	0.999962
22320	2	metal6	120	942	0	0	0	0.999962
22321	2	metal6	130	942	0	0	0	0.999962
22322	2	metal6	140	942	0	0	0	0.999962
22323	2	metal6	150	942	0	0	0	0.999963
22324	2	metal6	160	942	0	0	0	0.999963
22325	2	metal6	170	942	0	0	0	0.999962
22326	2	metal6	180	942	0	0	0	0.999962
22327	2	metal6	190	942	0	0	0	0.999963
22328	2	metal6	200	942	0	0	0	0.999963
22329	2	metal6	210	942	0	0	0	0.999963
22330	2	metal6	220	942	0	0	0	0.999963
22331	2	metal6	230	942	0	0	0	0.999963
22332	2	metal6	240	942	0	0	0	0.999963
22333	2	metal6	250	942	0	0	0	0.999964
22334	2	metal6	260	942	0	0	0	0.999964
22335	2	metal6	270	942	0	0	0	0.999964
22336	2	metal6	280	942	0	0	0	0.999965
22337	2	metal6	290	942	0	0	0	0.999965
22338	2	metal6	300	942	0	0	0	0.999965
22339	2	metal6	310	942	0	0	0	0.999966
22340	2	metal6	320	942	0	0	0	0.999966
22341	2	metal6	330	942	0	0	0	0.999966
22342	2	metal6	340	942	0	0	0	0.999967
22343	2	metal6	350	942	0	0	0	0.999967
22344	2	metal6	360	942	0	0	0	0.999968
22345	2	metal6	370	942	0	0	0	0.999969
22346	2	metal6	380	942	0	0	0	0.999969
22347	2	metal6	390	942	0	0	0	0.99997
22348	2	metal6	400	942	0	0	0	0.999972
22349	2	metal6	410	942	0	0	0	0.999972
22350	2	metal6	420	942	0	0	0	0.999973
22351	2	metal6	430	942	0	0	0	0.999975
22352	2	metal6	440	942	0	0	0	0.999975
22353	2	metal6	450	942	0	0	0	0.999976
22354	2	metal6	460	942	0	0	0	0.999978
22355	2	metal6	470	942	0	0	0	0.999978
22356	2	metal6	480	942	0	0	0	0.999979
22357	2	metal6	490	942	0	0	0	0.999983
22358	2	metal6	500	942	0	0	0	0.999982
22359	2	metal6	510	942	0	0	0	0.999983
22360	2	metal6	520	942	0	0	0	0.999988
22361	2	metal6	530	942	0	0	0	0.999986
22362	2	metal6	540	942	0	0	0	0.999988
22363	2	metal6	550	942	0	0	0	0.999993
22364	2	metal6	560	942	0	0	0	0.999987
22365	2	metal6	570	942	0	0	0	0.999985
22366	2	metal6	580	942	0	0	0	0.999987
22367	2	metal6	590	942	0	0	0	0.999983
22368	2	metal6	600	942	0	0	0	0.999982
22369	2	metal6	610	942	0	0	0	0.999982
22370	2	metal6	620	942	0	0	0	0.999978
22371	2	metal6	630	942	0	0	0	0.999976
22372	2	metal6	640	942	0	0	0	0.999977
22373	2	metal6	650	942	0	0	0	0.999974
22374	2	metal6	660	942	0	0	0	0.999973
22375	2	metal6	670	942	0	0	0	0.999973
22376	2	metal6	680	942	0	0	0	0.99997
22377	2	metal6	690	942	0	0	0	0.999969
22378	2	metal6	700	942	0	0	0	0.99997
22379	2	metal6	710	942	0	0	0	0.999968
22380	2	metal6	720	942	0	0	0	0.999967
22381	2	metal6	730	942	0	0	0	0.999967
22382	2	metal6	740	942	0	0	0	0.999966
22383	2	metal6	750	942	0	0	0	0.999965
22384	2	metal6	760	942	0	0	0	0.999965
22385	2	metal6	770	942	0	0	0	0.999964
22386	2	metal6	780	942	0	0	0	0.999964
22387	2	metal6	790	942	0	0	0	0.999963
22388	2	metal6	800	942	0	0	0	0.999963
22389	2	metal6	810	942	0	0	0	0.999962
22390	2	metal6	820	942	0	0	0	0.999962
22391	2	metal6	830	942	0	0	0	0.999962
22392	2	metal6	840	942	0	0	0	0.999961
22393	2	metal6	850	942	0	0	0	0.999961
22394	2	metal6	860	942	0	0	0	0.99996
22395	2	metal6	870	942	0	0	0	0.99996
22396	2	metal6	880	942	0	0	0	0.99996
22397	2	metal6	890	942	0	0	0	0.99996
22398	2	metal6	900	942	0	0	0	0.999959
22399	2	metal6	910	942	0	0	0	0.999959
22400	2	metal6	920	942	0	0	0	0.999959
22401	2	metal6	930	942	0	0	0	0.999958
22402	2	metal6	940	942	0	0	0	0.999958
22403	2	metal6	950	942	0	0	0	0.999958
22404	2	metal6	960	942	0	0	0	0.999958
22405	2	metal6	970	942	0	0	0	0.999958
22406	2	metal6	980	942	0	0	0	0.999957
22407	2	metal6	990	942	0	0	0	0.999957
22408	2	metal6	1000	942	0	0	0	0.999957
22409	2	metal6	1010	942	0	0	0	0.999957
22410	2	metal6	1020	942	0	0	0	0.999957
22411	2	metal6	1030	942	0	0	0	0.999957
22412	2	metal6	1040	942	0	0	0	0.999957
22413	2	metal6	1050	942	0	0	0	0.999957
22414	2	metal6	1060	942	0	0	0	0.999957
22415	2	metal6	1070	942	0	0	0	0.999956
22416	2	metal6	1080	942	0	0	0	0.999956
22417	2	metal6	1090	942	0	0	0	0.999957
22418	2	metal6	10	952	0	0	0	0.999963
22419	2	metal6	20	952	0	0	0	0.999963
22420	2	metal6	30	952	0	0	0	0.999964
22421	2	metal6	40	952	0	0	0	0.999964
22422	2	metal6	50	952	0	0	0	0.999964
22423	2	metal6	60	952	0	0	0	0.999964
22424	2	metal6	70	952	0	0	0	0.999963
22425	2	metal6	80	952	0	0	0	0.999963
22426	2	metal6	90	952	0	0	0	0.999964
22427	2	metal6	100	952	0	0	0	0.999964
22428	2	metal6	110	952	0	0	0	0.999963
22429	2	metal6	120	952	0	0	0	0.999963
22430	2	metal6	130	952	0	0	0	0.999963
22431	2	metal6	140	952	0	0	0	0.999963
22432	2	metal6	150	952	0	0	0	0.999963
22433	2	metal6	160	952	0	0	0	0.999963
22434	2	metal6	170	952	0	0	0	0.999963
22435	2	metal6	180	952	0	0	0	0.999963
22436	2	metal6	190	952	0	0	0	0.999963
22437	2	metal6	200	952	0	0	0	0.999963
22438	2	metal6	210	952	0	0	0	0.999963
22439	2	metal6	220	952	0	0	0	0.999963
22440	2	metal6	230	952	0	0	0	0.999963
22441	2	metal6	240	952	0	0	0	0.999964
22442	2	metal6	250	952	0	0	0	0.999964
22443	2	metal6	260	952	0	0	0	0.999964
22444	2	metal6	270	952	0	0	0	0.999965
22445	2	metal6	280	952	0	0	0	0.999965
22446	2	metal6	290	952	0	0	0	0.999965
22447	2	metal6	300	952	0	0	0	0.999965
22448	2	metal6	310	952	0	0	0	0.999966
22449	2	metal6	320	952	0	0	0	0.999966
22450	2	metal6	330	952	0	0	0	0.999967
22451	2	metal6	340	952	0	0	0	0.999967
22452	2	metal6	350	952	0	0	0	0.999967
22453	2	metal6	360	952	0	0	0	0.999968
22454	2	metal6	370	952	0	0	0	0.999969
22455	2	metal6	380	952	0	0	0	0.999969
22456	2	metal6	390	952	0	0	0	0.99997
22457	2	metal6	400	952	0	0	0	0.999971
22458	2	metal6	410	952	0	0	0	0.999972
22459	2	metal6	420	952	0	0	0	0.999973
22460	2	metal6	430	952	0	0	0	0.999974
22461	2	metal6	440	952	0	0	0	0.999975
22462	2	metal6	450	952	0	0	0	0.999975
22463	2	metal6	460	952	0	0	0	0.999976
22464	2	metal6	470	952	0	0	0	0.999977
22465	2	metal6	480	952	0	0	0	0.999979
22466	2	metal6	490	952	0	0	0	0.999981
22467	2	metal6	500	952	0	0	0	0.999981
22468	2	metal6	510	952	0	0	0	0.999981
22469	2	metal6	520	952	0	0	0	0.999985
22470	2	metal6	530	952	0	0	0	0.999986
22471	2	metal6	540	952	0	0	0	0.999987
22472	2	metal6	550	952	0	0	0	0.99999
22473	2	metal6	560	952	0	0	0	0.999986
22474	2	metal6	570	952	0	0	0	0.999983
22475	2	metal6	580	952	0	0	0	0.999985
22476	2	metal6	590	952	0	0	0	0.999983
22477	2	metal6	600	952	0	0	0	0.999982
22478	2	metal6	610	952	0	0	0	0.999981
22479	2	metal6	620	952	0	0	0	0.999978
22480	2	metal6	630	952	0	0	0	0.999975
22481	2	metal6	640	952	0	0	0	0.999975
22482	2	metal6	650	952	0	0	0	0.999974
22483	2	metal6	660	952	0	0	0	0.999973
22484	2	metal6	670	952	0	0	0	0.999972
22485	2	metal6	680	952	0	0	0	0.999969
22486	2	metal6	690	952	0	0	0	0.999969
22487	2	metal6	700	952	0	0	0	0.999969
22488	2	metal6	710	952	0	0	0	0.999968
22489	2	metal6	720	952	0	0	0	0.999967
22490	2	metal6	730	952	0	0	0	0.999967
22491	2	metal6	740	952	0	0	0	0.999965
22492	2	metal6	750	952	0	0	0	0.999965
22493	2	metal6	760	952	0	0	0	0.999965
22494	2	metal6	770	952	0	0	0	0.999964
22495	2	metal6	780	952	0	0	0	0.999963
22496	2	metal6	790	952	0	0	0	0.999963
22497	2	metal6	800	952	0	0	0	0.999963
22498	2	metal6	810	952	0	0	0	0.999962
22499	2	metal6	820	952	0	0	0	0.999962
22500	2	metal6	830	952	0	0	0	0.999962
22501	2	metal6	840	952	0	0	0	0.999961
22502	2	metal6	850	952	0	0	0	0.999961
22503	2	metal6	860	952	0	0	0	0.999961
22504	2	metal6	870	952	0	0	0	0.99996
22505	2	metal6	880	952	0	0	0	0.99996
22506	2	metal6	890	952	0	0	0	0.99996
22507	2	metal6	900	952	0	0	0	0.999959
22508	2	metal6	910	952	0	0	0	0.999959
22509	2	metal6	920	952	0	0	0	0.999959
22510	2	metal6	930	952	0	0	0	0.999959
22511	2	metal6	940	952	0	0	0	0.999959
22512	2	metal6	950	952	0	0	0	0.999958
22513	2	metal6	960	952	0	0	0	0.999958
22514	2	metal6	970	952	0	0	0	0.999958
22515	2	metal6	980	952	0	0	0	0.999958
22516	2	metal6	990	952	0	0	0	0.999958
22517	2	metal6	1000	952	0	0	0	0.999958
22518	2	metal6	1010	952	0	0	0	0.999957
22519	2	metal6	1020	952	0	0	0	0.999957
22520	2	metal6	1030	952	0	0	0	0.999957
22521	2	metal6	1040	952	0	0	0	0.999957
22522	2	metal6	1050	952	0	0	0	0.999957
22523	2	metal6	1060	952	0	0	0	0.999957
22524	2	metal6	1070	952	0	0	0	0.999956
22525	2	metal6	1080	952	0	0	0	0.999957
22526	2	metal6	1090	952	0	0	0	0.999957
22527	2	metal6	10	962	0	0	0	0.999963
22528	2	metal6	20	962	0	0	0	0.999964
22529	2	metal6	30	962	0	0	0	0.999965
22530	2	metal6	40	962	0	0	0	0.999966
22531	2	metal6	50	962	0	0	0	0.999966
22532	2	metal6	60	962	0	0	0	0.999965
22533	2	metal6	70	962	0	0	0	0.999963
22534	2	metal6	80	962	0	0	0	0.999965
22535	2	metal6	90	962	0	0	0	0.999965
22536	2	metal6	100	962	0	0	0	0.999965
22537	2	metal6	110	962	0	0	0	0.999964
22538	2	metal6	120	962	0	0	0	0.999963
22539	2	metal6	130	962	0	0	0	0.999964
22540	2	metal6	140	962	0	0	0	0.999965
22541	2	metal6	150	962	0	0	0	0.999965
22542	2	metal6	160	962	0	0	0	0.999964
22543	2	metal6	170	962	0	0	0	0.999964
22544	2	metal6	180	962	0	0	0	0.999963
22545	2	metal6	190	962	0	0	0	0.999964
22546	2	metal6	200	962	0	0	0	0.999964
22547	2	metal6	210	962	0	0	0	0.999964
22548	2	metal6	220	962	0	0	0	0.999964
22549	2	metal6	230	962	0	0	0	0.999963
22550	2	metal6	240	962	0	0	0	0.999964
22551	2	metal6	250	962	0	0	0	0.999965
22552	2	metal6	260	962	0	0	0	0.999965
22553	2	metal6	270	962	0	0	0	0.999965
22554	2	metal6	280	962	0	0	0	0.999965
22555	2	metal6	290	962	0	0	0	0.999964
22556	2	metal6	300	962	0	0	0	0.999965
22557	2	metal6	310	962	0	0	0	0.999966
22558	2	metal6	320	962	0	0	0	0.999967
22559	2	metal6	330	962	0	0	0	0.999967
22560	2	metal6	340	962	0	0	0	0.999967
22561	2	metal6	350	962	0	0	0	0.999966
22562	2	metal6	360	962	0	0	0	0.999968
22563	2	metal6	370	962	0	0	0	0.999969
22564	2	metal6	380	962	0	0	0	0.999969
22565	2	metal6	390	962	0	0	0	0.99997
22566	2	metal6	400	962	0	0	0	0.99997
22567	2	metal6	410	962	0	0	0	0.999971
22568	2	metal6	420	962	0	0	0	0.999973
22569	2	metal6	430	962	0	0	0	0.999974
22570	2	metal6	440	962	0	0	0	0.999975
22571	2	metal6	450	962	0	0	0	0.999975
22572	2	metal6	460	962	0	0	0	0.999975
22573	2	metal6	470	962	0	0	0	0.999977
22574	2	metal6	480	962	0	0	0	0.999979
22575	2	metal6	490	962	0	0	0	0.999981
22576	2	metal6	500	962	0	0	0	0.99998
22577	2	metal6	510	962	0	0	0	0.999979
22578	2	metal6	520	962	0	0	0	0.999984
22579	2	metal6	530	962	0	0	0	0.999985
22580	2	metal6	540	962	0	0	0	0.999987
22581	2	metal6	550	962	0	0	0	0.999989
22582	2	metal6	560	962	0	0	0	0.999984
22583	2	metal6	570	962	0	0	0	0.99998
22584	2	metal6	580	962	0	0	0	0.999984
22585	2	metal6	590	962	0	0	0	0.999982
22586	2	metal6	600	962	0	0	0	0.999981
22587	2	metal6	610	962	0	0	0	0.99998
22588	2	metal6	620	962	0	0	0	0.999977
22589	2	metal6	630	962	0	0	0	0.999973
22590	2	metal6	640	962	0	0	0	0.999975
22591	2	metal6	650	962	0	0	0	0.999973
22592	2	metal6	660	962	0	0	0	0.999972
22593	2	metal6	670	962	0	0	0	0.999971
22594	2	metal6	680	962	0	0	0	0.999967
22595	2	metal6	690	962	0	0	0	0.999968
22596	2	metal6	700	962	0	0	0	0.999969
22597	2	metal6	710	962	0	0	0	0.999968
22598	2	metal6	720	962	0	0	0	0.999967
22599	2	metal6	730	962	0	0	0	0.999966
22600	2	metal6	740	962	0	0	0	0.999964
22601	2	metal6	750	962	0	0	0	0.999965
22602	2	metal6	760	962	0	0	0	0.999965
22603	2	metal6	770	962	0	0	0	0.999964
22604	2	metal6	780	962	0	0	0	0.999963
22605	2	metal6	790	962	0	0	0	0.999962
22606	2	metal6	800	962	0	0	0	0.999963
22607	2	metal6	810	962	0	0	0	0.999962
22608	2	metal6	820	962	0	0	0	0.999962
22609	2	metal6	830	962	0	0	0	0.999962
22610	2	metal6	840	962	0	0	0	0.999961
22611	2	metal6	850	962	0	0	0	0.99996
22612	2	metal6	860	962	0	0	0	0.999961
22613	2	metal6	870	962	0	0	0	0.999961
22614	2	metal6	880	962	0	0	0	0.99996
22615	2	metal6	890	962	0	0	0	0.99996
22616	2	metal6	900	962	0	0	0	0.99996
22617	2	metal6	910	962	0	0	0	0.999959
22618	2	metal6	920	962	0	0	0	0.999959
22619	2	metal6	930	962	0	0	0	0.999959
22620	2	metal6	940	962	0	0	0	0.999959
22621	2	metal6	950	962	0	0	0	0.999958
22622	2	metal6	960	962	0	0	0	0.999957
22623	2	metal6	970	962	0	0	0	0.999958
22624	2	metal6	980	962	0	0	0	0.999958
22625	2	metal6	990	962	0	0	0	0.999958
22626	2	metal6	1000	962	0	0	0	0.999958
22627	2	metal6	1010	962	0	0	0	0.999957
22628	2	metal6	1020	962	0	0	0	0.999956
22629	2	metal6	1030	962	0	0	0	0.999957
22630	2	metal6	1040	962	0	0	0	0.999957
22631	2	metal6	1050	962	0	0	0	0.999957
22632	2	metal6	1060	962	0	0	0	0.999957
22633	2	metal6	1070	962	0	0	0	0.999956
22634	2	metal6	1080	962	0	0	0	0.999957
22635	2	metal6	1090	962	0	0	0	0.999957
22636	2	metal6	10	972	0	0	0	0.999967
22637	2	metal6	20	972	0	0	0	0.999967
22638	2	metal6	30	972	0	0	0	0.999968
22639	2	metal6	40	972	0	0	0	0.999968
22640	2	metal6	50	972	0	0	0	0.999968
22641	2	metal6	60	972	0	0	0	0.999968
22642	2	metal6	70	972	0	0	0	0.999967
22643	2	metal6	80	972	0	0	0	0.999968
22644	2	metal6	90	972	0	0	0	0.999968
22645	2	metal6	100	972	0	0	0	0.999967
22646	2	metal6	110	972	0	0	0	0.999967
22647	2	metal6	120	972	0	0	0	0.999966
22648	2	metal6	130	972	0	0	0	0.999966
22649	2	metal6	140	972	0	0	0	0.999966
22650	2	metal6	150	972	0	0	0	0.999966
22651	2	metal6	160	972	0	0	0	0.999966
22652	2	metal6	170	972	0	0	0	0.999965
22653	2	metal6	180	972	0	0	0	0.999965
22654	2	metal6	190	972	0	0	0	0.999965
22655	2	metal6	200	972	0	0	0	0.999965
22656	2	metal6	210	972	0	0	0	0.999965
22657	2	metal6	220	972	0	0	0	0.999965
22658	2	metal6	230	972	0	0	0	0.999965
22659	2	metal6	240	972	0	0	0	0.999965
22660	2	metal6	250	972	0	0	0	0.999966
22661	2	metal6	260	972	0	0	0	0.999966
22662	2	metal6	270	972	0	0	0	0.999966
22663	2	metal6	280	972	0	0	0	0.999966
22664	2	metal6	290	972	0	0	0	0.999966
22665	2	metal6	300	972	0	0	0	0.999966
22666	2	metal6	310	972	0	0	0	0.999967
22667	2	metal6	320	972	0	0	0	0.999967
22668	2	metal6	330	972	0	0	0	0.999967
22669	2	metal6	340	972	0	0	0	0.999968
22670	2	metal6	350	972	0	0	0	0.999968
22671	2	metal6	360	972	0	0	0	0.999969
22672	2	metal6	370	972	0	0	0	0.99997
22673	2	metal6	380	972	0	0	0	0.99997
22674	2	metal6	390	972	0	0	0	0.999971
22675	2	metal6	400	972	0	0	0	0.999972
22676	2	metal6	410	972	0	0	0	0.999972
22677	2	metal6	420	972	0	0	0	0.999973
22678	2	metal6	430	972	0	0	0	0.999975
22679	2	metal6	440	972	0	0	0	0.999975
22680	2	metal6	450	972	0	0	0	0.999976
22681	2	metal6	460	972	0	0	0	0.999978
22682	2	metal6	470	972	0	0	0	0.999978
22683	2	metal6	480	972	0	0	0	0.99998
22684	2	metal6	490	972	0	0	0	0.999983
22685	2	metal6	500	972	0	0	0	0.999981
22686	2	metal6	510	972	0	0	0	0.999982
22687	2	metal6	520	972	0	0	0	0.999987
22688	2	metal6	530	972	0	0	0	0.999986
22689	2	metal6	540	972	0	0	0	0.999988
22690	2	metal6	550	972	0	0	0	0.999993
22691	2	metal6	560	972	0	0	0	0.999986
22692	2	metal6	570	972	0	0	0	0.999984
22693	2	metal6	580	972	0	0	0	0.999987
22694	2	metal6	590	972	0	0	0	0.999983
22695	2	metal6	600	972	0	0	0	0.999982
22696	2	metal6	610	972	0	0	0	0.999982
22697	2	metal6	620	972	0	0	0	0.999978
22698	2	metal6	630	972	0	0	0	0.999976
22699	2	metal6	640	972	0	0	0	0.999977
22700	2	metal6	650	972	0	0	0	0.999974
22701	2	metal6	660	972	0	0	0	0.999973
22702	2	metal6	670	972	0	0	0	0.999973
22703	2	metal6	680	972	0	0	0	0.99997
22704	2	metal6	690	972	0	0	0	0.999969
22705	2	metal6	700	972	0	0	0	0.99997
22706	2	metal6	710	972	0	0	0	0.999968
22707	2	metal6	720	972	0	0	0	0.999968
22708	2	metal6	730	972	0	0	0	0.999967
22709	2	metal6	740	972	0	0	0	0.999966
22710	2	metal6	750	972	0	0	0	0.999965
22711	2	metal6	760	972	0	0	0	0.999966
22712	2	metal6	770	972	0	0	0	0.999965
22713	2	metal6	780	972	0	0	0	0.999964
22714	2	metal6	790	972	0	0	0	0.999964
22715	2	metal6	800	972	0	0	0	0.999963
22716	2	metal6	810	972	0	0	0	0.999963
22717	2	metal6	820	972	0	0	0	0.999963
22718	2	metal6	830	972	0	0	0	0.999962
22719	2	metal6	840	972	0	0	0	0.999962
22720	2	metal6	850	972	0	0	0	0.999962
22721	2	metal6	860	972	0	0	0	0.999961
22722	2	metal6	870	972	0	0	0	0.999961
22723	2	metal6	880	972	0	0	0	0.999961
22724	2	metal6	890	972	0	0	0	0.999961
22725	2	metal6	900	972	0	0	0	0.99996
22726	2	metal6	910	972	0	0	0	0.99996
22727	2	metal6	920	972	0	0	0	0.99996
22728	2	metal6	930	972	0	0	0	0.99996
22729	2	metal6	940	972	0	0	0	0.99996
22730	2	metal6	950	972	0	0	0	0.999959
22731	2	metal6	960	972	0	0	0	0.999959
22732	2	metal6	970	972	0	0	0	0.999959
22733	2	metal6	980	972	0	0	0	0.999959
22734	2	metal6	990	972	0	0	0	0.999959
22735	2	metal6	1000	972	0	0	0	0.999959
22736	2	metal6	1010	972	0	0	0	0.999958
22737	2	metal6	1020	972	0	0	0	0.999958
22738	2	metal6	1030	972	0	0	0	0.999958
22739	2	metal6	1040	972	0	0	0	0.999958
22740	2	metal6	1050	972	0	0	0	0.999958
22741	2	metal6	1060	972	0	0	0	0.999958
22742	2	metal6	1070	972	0	0	0	0.999957
22743	2	metal6	1080	972	0	0	0	0.999957
22744	2	metal6	1090	972	0	0	0	0.999958
22745	2	metal6	10	982	0	0	0	0.999971
22746	2	metal6	20	982	0	0	0	0.99997
22747	2	metal6	30	982	0	0	0	0.99997
22748	2	metal6	40	982	0	0	0	0.999971
22749	2	metal6	50	982	0	0	0	0.999971
22750	2	metal6	60	982	0	0	0	0.999971
22751	2	metal6	70	982	0	0	0	0.999972
22752	2	metal6	80	982	0	0	0	0.99997
22753	2	metal6	90	982	0	0	0	0.99997
22754	2	metal6	100	982	0	0	0	0.99997
22755	2	metal6	110	982	0	0	0	0.999969
22756	2	metal6	120	982	0	0	0	0.999968
22757	2	metal6	130	982	0	0	0	0.999969
22758	2	metal6	140	982	0	0	0	0.999968
22759	2	metal6	150	982	0	0	0	0.999968
22760	2	metal6	160	982	0	0	0	0.999968
22761	2	metal6	170	982	0	0	0	0.999967
22762	2	metal6	180	982	0	0	0	0.999966
22763	2	metal6	190	982	0	0	0	0.999967
22764	2	metal6	200	982	0	0	0	0.999966
22765	2	metal6	210	982	0	0	0	0.999966
22766	2	metal6	220	982	0	0	0	0.999966
22767	2	metal6	230	982	0	0	0	0.999966
22768	2	metal6	240	982	0	0	0	0.999966
22769	2	metal6	250	982	0	0	0	0.999966
22770	2	metal6	260	982	0	0	0	0.999966
22771	2	metal6	270	982	0	0	0	0.999966
22772	2	metal6	280	982	0	0	0	0.999967
22773	2	metal6	290	982	0	0	0	0.999966
22774	2	metal6	300	982	0	0	0	0.999967
22775	2	metal6	310	982	0	0	0	0.999967
22776	2	metal6	320	982	0	0	0	0.999968
22777	2	metal6	330	982	0	0	0	0.999968
22778	2	metal6	340	982	0	0	0	0.999969
22779	2	metal6	350	982	0	0	0	0.999968
22780	2	metal6	360	982	0	0	0	0.999969
22781	2	metal6	370	982	0	0	0	0.99997
22782	2	metal6	380	982	0	0	0	0.99997
22783	2	metal6	390	982	0	0	0	0.999971
22784	2	metal6	400	982	0	0	0	0.999972
22785	2	metal6	410	982	0	0	0	0.999973
22786	2	metal6	420	982	0	0	0	0.999974
22787	2	metal6	430	982	0	0	0	0.999975
22788	2	metal6	440	982	0	0	0	0.999976
22789	2	metal6	450	982	0	0	0	0.999976
22790	2	metal6	460	982	0	0	0	0.999978
22791	2	metal6	470	982	0	0	0	0.999979
22792	2	metal6	480	982	0	0	0	0.99998
22793	2	metal6	490	982	0	0	0	0.999982
22794	2	metal6	500	982	0	0	0	0.999982
22795	2	metal6	510	982	0	0	0	0.999983
22796	2	metal6	520	982	0	0	0	0.999986
22797	2	metal6	530	982	0	0	0	0.999987
22798	2	metal6	540	982	0	0	0	0.999988
22799	2	metal6	550	982	0	0	0	0.99999
22800	2	metal6	560	982	0	0	0	0.999987
22801	2	metal6	570	982	0	0	0	0.999985
22802	2	metal6	580	982	0	0	0	0.999986
22803	2	metal6	590	982	0	0	0	0.999984
22804	2	metal6	600	982	0	0	0	0.999982
22805	2	metal6	610	982	0	0	0	0.999981
22806	2	metal6	620	982	0	0	0	0.999979
22807	2	metal6	630	982	0	0	0	0.999977
22808	2	metal6	640	982	0	0	0	0.999976
22809	2	metal6	650	982	0	0	0	0.999975
22810	2	metal6	660	982	0	0	0	0.999973
22811	2	metal6	670	982	0	0	0	0.999973
22812	2	metal6	680	982	0	0	0	0.999971
22813	2	metal6	690	982	0	0	0	0.99997
22814	2	metal6	700	982	0	0	0	0.99997
22815	2	metal6	710	982	0	0	0	0.999969
22816	2	metal6	720	982	0	0	0	0.999968
22817	2	metal6	730	982	0	0	0	0.999967
22818	2	metal6	740	982	0	0	0	0.999966
22819	2	metal6	750	982	0	0	0	0.999966
22820	2	metal6	760	982	0	0	0	0.999966
22821	2	metal6	770	982	0	0	0	0.999965
22822	2	metal6	780	982	0	0	0	0.999964
22823	2	metal6	790	982	0	0	0	0.999964
22824	2	metal6	800	982	0	0	0	0.999964
22825	2	metal6	810	982	0	0	0	0.999963
22826	2	metal6	820	982	0	0	0	0.999963
22827	2	metal6	830	982	0	0	0	0.999963
22828	2	metal6	840	982	0	0	0	0.999962
22829	2	metal6	850	982	0	0	0	0.999962
22830	2	metal6	860	982	0	0	0	0.999962
22831	2	metal6	870	982	0	0	0	0.999962
22832	2	metal6	880	982	0	0	0	0.999961
22833	2	metal6	890	982	0	0	0	0.999961
22834	2	metal6	900	982	0	0	0	0.999961
22835	2	metal6	910	982	0	0	0	0.999961
22836	2	metal6	920	982	0	0	0	0.99996
22837	2	metal6	930	982	0	0	0	0.99996
22838	2	metal6	940	982	0	0	0	0.99996
22839	2	metal6	950	982	0	0	0	0.99996
22840	2	metal6	960	982	0	0	0	0.99996
22841	2	metal6	970	982	0	0	0	0.99996
22842	2	metal6	980	982	0	0	0	0.99996
22843	2	metal6	990	982	0	0	0	0.99996
22844	2	metal6	1000	982	0	0	0	0.999959
22845	2	metal6	1010	982	0	0	0	0.999959
22846	2	metal6	1020	982	0	0	0	0.999959
22847	2	metal6	1030	982	0	0	0	0.999959
22848	2	metal6	1040	982	0	0	0	0.999959
22849	2	metal6	1050	982	0	0	0	0.999958
22850	2	metal6	1060	982	0	0	0	0.999958
22851	2	metal6	1070	982	0	0	0	0.999958
22852	2	metal6	1080	982	0	0	0	0.999958
22853	2	metal6	1090	982	0	0	0	0.999958
22854	2	metal6	10	992	0	0	0	0.999974
22855	2	metal6	20	992	0	0	0	0.999973
22856	2	metal6	30	992	0	0	0	0.999973
22857	2	metal6	40	992	0	0	0	0.999976
22858	2	metal6	50	992	0	0	0	0.999973
22859	2	metal6	60	992	0	0	0	0.999974
22860	2	metal6	70	992	0	0	0	0.999977
22861	2	metal6	80	992	0	0	0	0.999973
22862	2	metal6	90	992	0	0	0	0.999973
22863	2	metal6	100	992	0	0	0	0.999974
22864	2	metal6	110	992	0	0	0	0.999971
22865	2	metal6	120	992	0	0	0	0.99997
22866	2	metal6	130	992	0	0	0	0.999971
22867	2	metal6	140	992	0	0	0	0.99997
22868	2	metal6	150	992	0	0	0	0.999969
22869	2	metal6	160	992	0	0	0	0.999969
22870	2	metal6	170	992	0	0	0	0.999968
22871	2	metal6	180	992	0	0	0	0.999967
22872	2	metal6	190	992	0	0	0	0.999968
22873	2	metal6	200	992	0	0	0	0.999967
22874	2	metal6	210	992	0	0	0	0.999967
22875	2	metal6	220	992	0	0	0	0.999967
22876	2	metal6	230	992	0	0	0	0.999966
22877	2	metal6	240	992	0	0	0	0.999966
22878	2	metal6	250	992	0	0	0	0.999967
22879	2	metal6	260	992	0	0	0	0.999967
22880	2	metal6	270	992	0	0	0	0.999967
22881	2	metal6	280	992	0	0	0	0.999967
22882	2	metal6	290	992	0	0	0	0.999967
22883	2	metal6	300	992	0	0	0	0.999967
22884	2	metal6	310	992	0	0	0	0.999968
22885	2	metal6	320	992	0	0	0	0.999968
22886	2	metal6	330	992	0	0	0	0.999968
22887	2	metal6	340	992	0	0	0	0.999969
22888	2	metal6	350	992	0	0	0	0.999969
22889	2	metal6	360	992	0	0	0	0.999969
22890	2	metal6	370	992	0	0	0	0.99997
22891	2	metal6	380	992	0	0	0	0.999971
22892	2	metal6	390	992	0	0	0	0.999971
22893	2	metal6	400	992	0	0	0	0.999972
22894	2	metal6	410	992	0	0	0	0.999973
22895	2	metal6	420	992	0	0	0	0.999974
22896	2	metal6	430	992	0	0	0	0.999975
22897	2	metal6	440	992	0	0	0	0.999976
22898	2	metal6	450	992	0	0	0	0.999977
22899	2	metal6	460	992	0	0	0	0.999978
22900	2	metal6	470	992	0	0	0	0.999979
22901	2	metal6	480	992	0	0	0	0.99998
22902	2	metal6	490	992	0	0	0	0.999982
22903	2	metal6	500	992	0	0	0	0.999982
22904	2	metal6	510	992	0	0	0	0.999984
22905	2	metal6	520	992	0	0	0	0.999987
22906	2	metal6	530	992	0	0	0	0.999987
22907	2	metal6	540	992	0	0	0	0.999988
22908	2	metal6	550	992	0	0	0	0.99999
22909	2	metal6	560	992	0	0	0	0.999987
22910	2	metal6	570	992	0	0	0	0.999986
22911	2	metal6	580	992	0	0	0	0.999986
22912	2	metal6	590	992	0	0	0	0.999984
22913	2	metal6	600	992	0	0	0	0.999982
22914	2	metal6	610	992	0	0	0	0.999982
22915	2	metal6	620	992	0	0	0	0.999979
22916	2	metal6	630	992	0	0	0	0.999977
22917	2	metal6	640	992	0	0	0	0.999977
22918	2	metal6	650	992	0	0	0	0.999975
22919	2	metal6	660	992	0	0	0	0.999974
22920	2	metal6	670	992	0	0	0	0.999973
22921	2	metal6	680	992	0	0	0	0.999971
22922	2	metal6	690	992	0	0	0	0.99997
22923	2	metal6	700	992	0	0	0	0.99997
22924	2	metal6	710	992	0	0	0	0.999969
22925	2	metal6	720	992	0	0	0	0.999968
22926	2	metal6	730	992	0	0	0	0.999968
22927	2	metal6	740	992	0	0	0	0.999967
22928	2	metal6	750	992	0	0	0	0.999966
22929	2	metal6	760	992	0	0	0	0.999966
22930	2	metal6	770	992	0	0	0	0.999965
22931	2	metal6	780	992	0	0	0	0.999965
22932	2	metal6	790	992	0	0	0	0.999964
22933	2	metal6	800	992	0	0	0	0.999964
22934	2	metal6	810	992	0	0	0	0.999964
22935	2	metal6	820	992	0	0	0	0.999963
22936	2	metal6	830	992	0	0	0	0.999963
22937	2	metal6	840	992	0	0	0	0.999963
22938	2	metal6	850	992	0	0	0	0.999962
22939	2	metal6	860	992	0	0	0	0.999962
22940	2	metal6	870	992	0	0	0	0.999962
22941	2	metal6	880	992	0	0	0	0.999962
22942	2	metal6	890	992	0	0	0	0.999962
22943	2	metal6	900	992	0	0	0	0.999961
22944	2	metal6	910	992	0	0	0	0.999961
22945	2	metal6	920	992	0	0	0	0.999961
22946	2	metal6	930	992	0	0	0	0.999961
22947	2	metal6	940	992	0	0	0	0.999961
22948	2	metal6	950	992	0	0	0	0.999961
22949	2	metal6	960	992	0	0	0	0.99996
22950	2	metal6	970	992	0	0	0	0.999961
22951	2	metal6	980	992	0	0	0	0.999961
22952	2	metal6	990	992	0	0	0	0.99996
22953	2	metal6	1000	992	0	0	0	0.99996
22954	2	metal6	1010	992	0	0	0	0.99996
22955	2	metal6	1020	992	0	0	0	0.999959
22956	2	metal6	1030	992	0	0	0	0.999959
22957	2	metal6	1040	992	0	0	0	0.999959
22958	2	metal6	1050	992	0	0	0	0.999959
22959	2	metal6	1060	992	0	0	0	0.999959
22960	2	metal6	1070	992	0	0	0	0.999959
22961	2	metal6	1080	992	0	0	0	0.999959
22962	2	metal6	1090	992	0	0	0	0.999959
22963	2	metal6	10	1002	0	0	0	0.999979
22964	2	metal6	20	1002	0	0	0	0.999974
22965	2	metal6	30	1002	0	0	0	0.999974
22966	2	metal6	40	1002	0	0	0	0.999981
22967	2	metal6	50	1002	0	0	0	0.999975
22968	2	metal6	60	1002	0	0	0	0.999975
22969	2	metal6	70	1002	0	0	0	0.999985
22970	2	metal6	80	1002	0	0	0	0.999975
22971	2	metal6	90	1002	0	0	0	0.999974
22972	2	metal6	100	1002	0	0	0	0.999979
22973	2	metal6	110	1002	0	0	0	0.999973
22974	2	metal6	120	1002	0	0	0	0.999971
22975	2	metal6	130	1002	0	0	0	0.999975
22976	2	metal6	140	1002	0	0	0	0.999971
22977	2	metal6	150	1002	0	0	0	0.99997
22978	2	metal6	160	1002	0	0	0	0.999972
22979	2	metal6	170	1002	0	0	0	0.999969
22980	2	metal6	180	1002	0	0	0	0.999968
22981	2	metal6	190	1002	0	0	0	0.99997
22982	2	metal6	200	1002	0	0	0	0.999968
22983	2	metal6	210	1002	0	0	0	0.999968
22984	2	metal6	220	1002	0	0	0	0.999968
22985	2	metal6	230	1002	0	0	0	0.999967
22986	2	metal6	240	1002	0	0	0	0.999967
22987	2	metal6	250	1002	0	0	0	0.999968
22988	2	metal6	260	1002	0	0	0	0.999967
22989	2	metal6	270	1002	0	0	0	0.999967
22990	2	metal6	280	1002	0	0	0	0.999968
22991	2	metal6	290	1002	0	0	0	0.999967
22992	2	metal6	300	1002	0	0	0	0.999967
22993	2	metal6	310	1002	0	0	0	0.999969
22994	2	metal6	320	1002	0	0	0	0.999968
22995	2	metal6	330	1002	0	0	0	0.999968
22996	2	metal6	340	1002	0	0	0	0.999969
22997	2	metal6	350	1002	0	0	0	0.999969
22998	2	metal6	360	1002	0	0	0	0.99997
22999	2	metal6	370	1002	0	0	0	0.999971
23000	2	metal6	380	1002	0	0	0	0.999971
23001	2	metal6	390	1002	0	0	0	0.999971
23002	2	metal6	400	1002	0	0	0	0.999973
23003	2	metal6	410	1002	0	0	0	0.999973
23004	2	metal6	420	1002	0	0	0	0.999974
23005	2	metal6	430	1002	0	0	0	0.999976
23006	2	metal6	440	1002	0	0	0	0.999976
23007	2	metal6	450	1002	0	0	0	0.999977
23008	2	metal6	460	1002	0	0	0	0.999979
23009	2	metal6	470	1002	0	0	0	0.999979
23010	2	metal6	480	1002	0	0	0	0.99998
23011	2	metal6	490	1002	0	0	0	0.999983
23012	2	metal6	500	1002	0	0	0	0.999982
23013	2	metal6	510	1002	0	0	0	0.999983
23014	2	metal6	520	1002	0	0	0	0.999988
23015	2	metal6	530	1002	0	0	0	0.999987
23016	2	metal6	540	1002	0	0	0	0.999988
23017	2	metal6	550	1002	0	0	0	0.999993
23018	2	metal6	560	1002	0	0	0	0.999987
23019	2	metal6	570	1002	0	0	0	0.999985
23020	2	metal6	580	1002	0	0	0	0.999988
23021	2	metal6	590	1002	0	0	0	0.999984
23022	2	metal6	600	1002	0	0	0	0.999982
23023	2	metal6	610	1002	0	0	0	0.999982
23024	2	metal6	620	1002	0	0	0	0.999979
23025	2	metal6	630	1002	0	0	0	0.999977
23026	2	metal6	640	1002	0	0	0	0.999977
23027	2	metal6	650	1002	0	0	0	0.999975
23028	2	metal6	660	1002	0	0	0	0.999974
23029	2	metal6	670	1002	0	0	0	0.999974
23030	2	metal6	680	1002	0	0	0	0.999971
23031	2	metal6	690	1002	0	0	0	0.99997
23032	2	metal6	700	1002	0	0	0	0.999971
23033	2	metal6	710	1002	0	0	0	0.999969
23034	2	metal6	720	1002	0	0	0	0.999968
23035	2	metal6	730	1002	0	0	0	0.999968
23036	2	metal6	740	1002	0	0	0	0.999967
23037	2	metal6	750	1002	0	0	0	0.999966
23038	2	metal6	760	1002	0	0	0	0.999966
23039	2	metal6	770	1002	0	0	0	0.999965
23040	2	metal6	780	1002	0	0	0	0.999965
23041	2	metal6	790	1002	0	0	0	0.999965
23042	2	metal6	800	1002	0	0	0	0.999964
23043	2	metal6	810	1002	0	0	0	0.999964
23044	2	metal6	820	1002	0	0	0	0.999964
23045	2	metal6	830	1002	0	0	0	0.999963
23046	2	metal6	840	1002	0	0	0	0.999963
23047	2	metal6	850	1002	0	0	0	0.999963
23048	2	metal6	860	1002	0	0	0	0.999963
23049	2	metal6	870	1002	0	0	0	0.999963
23050	2	metal6	880	1002	0	0	0	0.999963
23051	2	metal6	890	1002	0	0	0	0.999962
23052	2	metal6	900	1002	0	0	0	0.999962
23053	2	metal6	910	1002	0	0	0	0.999962
23054	2	metal6	920	1002	0	0	0	0.999962
23055	2	metal6	930	1002	0	0	0	0.999962
23056	2	metal6	940	1002	0	0	0	0.999962
23057	2	metal6	950	1002	0	0	0	0.999961
23058	2	metal6	960	1002	0	0	0	0.999961
23059	2	metal6	970	1002	0	0	0	0.999961
23060	2	metal6	980	1002	0	0	0	0.999961
23061	2	metal6	990	1002	0	0	0	0.999961
23062	2	metal6	1000	1002	0	0	0	0.999961
23063	2	metal6	1010	1002	0	0	0	0.999961
23064	2	metal6	1020	1002	0	0	0	0.99996
23065	2	metal6	1030	1002	0	0	0	0.99996
23066	2	metal6	1040	1002	0	0	0	0.99996
23067	2	metal6	1050	1002	0	0	0	0.99996
23068	2	metal6	1060	1002	0	0	0	0.99996
23069	2	metal6	1070	1002	0	0	0	0.999959
23070	2	metal6	1080	1002	0	0	0	0.999959
23071	2	metal6	1090	1002	0	0	0	0.99996
23072	2	metal6	10	1012	0	0	0	0.999974
23073	2	metal6	20	1012	0	0	0	0.999973
23074	2	metal6	30	1012	0	0	0	0.999974
23075	2	metal6	40	1012	0	0	0	0.999977
23076	2	metal6	50	1012	0	0	0	0.999974
23077	2	metal6	60	1012	0	0	0	0.999974
23078	2	metal6	70	1012	0	0	0	0.999977
23079	2	metal6	80	1012	0	0	0	0.999974
23080	2	metal6	90	1012	0	0	0	0.999974
23081	2	metal6	100	1012	0	0	0	0.999975
23082	2	metal6	110	1012	0	0	0	0.999972
23083	2	metal6	120	1012	0	0	0	0.999971
23084	2	metal6	130	1012	0	0	0	0.999973
23085	2	metal6	140	1012	0	0	0	0.999971
23086	2	metal6	150	1012	0	0	0	0.999971
23087	2	metal6	160	1012	0	0	0	0.999971
23088	2	metal6	170	1012	0	0	0	0.999969
23089	2	metal6	180	1012	0	0	0	0.999968
23090	2	metal6	190	1012	0	0	0	0.999969
23091	2	metal6	200	1012	0	0	0	0.999968
23092	2	metal6	210	1012	0	0	0	0.999968
23093	2	metal6	220	1012	0	0	0	0.999968
23094	2	metal6	230	1012	0	0	0	0.999967
23095	2	metal6	240	1012	0	0	0	0.999967
23096	2	metal6	250	1012	0	0	0	0.999968
23097	2	metal6	260	1012	0	0	0	0.999967
23098	2	metal6	270	1012	0	0	0	0.999967
23099	2	metal6	280	1012	0	0	0	0.999968
23100	2	metal6	290	1012	0	0	0	0.999967
23101	2	metal6	300	1012	0	0	0	0.999967
23102	2	metal6	310	1012	0	0	0	0.999968
23103	2	metal6	320	1012	0	0	0	0.999968
23104	2	metal6	330	1012	0	0	0	0.999968
23105	2	metal6	340	1012	0	0	0	0.999969
23106	2	metal6	350	1012	0	0	0	0.999968
23107	2	metal6	360	1012	0	0	0	0.999969
23108	2	metal6	370	1012	0	0	0	0.99997
23109	2	metal6	380	1012	0	0	0	0.999971
23110	2	metal6	390	1012	0	0	0	0.999971
23111	2	metal6	400	1012	0	0	0	0.999972
23112	2	metal6	410	1012	0	0	0	0.999973
23113	2	metal6	420	1012	0	0	0	0.999974
23114	2	metal6	430	1012	0	0	0	0.999975
23115	2	metal6	440	1012	0	0	0	0.999975
23116	2	metal6	450	1012	0	0	0	0.999976
23117	2	metal6	460	1012	0	0	0	0.999977
23118	2	metal6	470	1012	0	0	0	0.999978
23119	2	metal6	480	1012	0	0	0	0.999979
23120	2	metal6	490	1012	0	0	0	0.999982
23121	2	metal6	500	1012	0	0	0	0.999981
23122	2	metal6	510	1012	0	0	0	0.999982
23123	2	metal6	520	1012	0	0	0	0.999986
23124	2	metal6	530	1012	0	0	0	0.999986
23125	2	metal6	540	1012	0	0	0	0.999987
23126	2	metal6	550	1012	0	0	0	0.99999
23127	2	metal6	560	1012	0	0	0	0.999986
23128	2	metal6	570	1012	0	0	0	0.999983
23129	2	metal6	580	1012	0	0	0	0.999985
23130	2	metal6	590	1012	0	0	0	0.999983
23131	2	metal6	600	1012	0	0	0	0.999982
23132	2	metal6	610	1012	0	0	0	0.999981
23133	2	metal6	620	1012	0	0	0	0.999978
23134	2	metal6	630	1012	0	0	0	0.999976
23135	2	metal6	640	1012	0	0	0	0.999976
23136	2	metal6	650	1012	0	0	0	0.999974
23137	2	metal6	660	1012	0	0	0	0.999973
23138	2	metal6	670	1012	0	0	0	0.999972
23139	2	metal6	680	1012	0	0	0	0.99997
23140	2	metal6	690	1012	0	0	0	0.99997
23141	2	metal6	700	1012	0	0	0	0.99997
23142	2	metal6	710	1012	0	0	0	0.999969
23143	2	metal6	720	1012	0	0	0	0.999968
23144	2	metal6	730	1012	0	0	0	0.999968
23145	2	metal6	740	1012	0	0	0	0.999966
23146	2	metal6	750	1012	0	0	0	0.999966
23147	2	metal6	760	1012	0	0	0	0.999966
23148	2	metal6	770	1012	0	0	0	0.999965
23149	2	metal6	780	1012	0	0	0	0.999965
23150	2	metal6	790	1012	0	0	0	0.999964
23151	2	metal6	800	1012	0	0	0	0.999964
23152	2	metal6	810	1012	0	0	0	0.999964
23153	2	metal6	820	1012	0	0	0	0.999964
23154	2	metal6	830	1012	0	0	0	0.999963
23155	2	metal6	840	1012	0	0	0	0.999963
23156	2	metal6	850	1012	0	0	0	0.999963
23157	2	metal6	860	1012	0	0	0	0.999963
23158	2	metal6	870	1012	0	0	0	0.999963
23159	2	metal6	880	1012	0	0	0	0.999963
23160	2	metal6	890	1012	0	0	0	0.999963
23161	2	metal6	900	1012	0	0	0	0.999962
23162	2	metal6	910	1012	0	0	0	0.999962
23163	2	metal6	920	1012	0	0	0	0.999962
23164	2	metal6	930	1012	0	0	0	0.999963
23165	2	metal6	940	1012	0	0	0	0.999963
23166	2	metal6	950	1012	0	0	0	0.999962
23167	2	metal6	960	1012	0	0	0	0.999962
23168	2	metal6	970	1012	0	0	0	0.999962
23169	2	metal6	980	1012	0	0	0	0.999962
23170	2	metal6	990	1012	0	0	0	0.999962
23171	2	metal6	1000	1012	0	0	0	0.999962
23172	2	metal6	1010	1012	0	0	0	0.999961
23173	2	metal6	1020	1012	0	0	0	0.99996
23174	2	metal6	1030	1012	0	0	0	0.999961
23175	2	metal6	1040	1012	0	0	0	0.999961
23176	2	metal6	1050	1012	0	0	0	0.999961
23177	2	metal6	1060	1012	0	0	0	0.99996
23178	2	metal6	1070	1012	0	0	0	0.99996
23179	2	metal6	1080	1012	0	0	0	0.99996
23180	2	metal6	1090	1012	0	0	0	0.99996
23181	2	metal6	10	1022	0	0	0	0.999969
23182	2	metal6	20	1022	0	0	0	0.999971
23183	2	metal6	30	1022	0	0	0	0.999972
23184	2	metal6	40	1022	0	0	0	0.999974
23185	2	metal6	50	1022	0	0	0	0.999973
23186	2	metal6	60	1022	0	0	0	0.999972
23187	2	metal6	70	1022	0	0	0	0.999971
23188	2	metal6	80	1022	0	0	0	0.999972
23189	2	metal6	90	1022	0	0	0	0.999973
23190	2	metal6	100	1022	0	0	0	0.999973
23191	2	metal6	110	1022	0	0	0	0.999971
23192	2	metal6	120	1022	0	0	0	0.999969
23193	2	metal6	130	1022	0	0	0	0.999971
23194	2	metal6	140	1022	0	0	0	0.999971
23195	2	metal6	150	1022	0	0	0	0.999971
23196	2	metal6	160	1022	0	0	0	0.999971
23197	2	metal6	170	1022	0	0	0	0.999969
23198	2	metal6	180	1022	0	0	0	0.999967
23199	2	metal6	190	1022	0	0	0	0.999968
23200	2	metal6	200	1022	0	0	0	0.999968
23201	2	metal6	210	1022	0	0	0	0.999968
23202	2	metal6	220	1022	0	0	0	0.999968
23203	2	metal6	230	1022	0	0	0	0.999966
23204	2	metal6	240	1022	0	0	0	0.999967
23205	2	metal6	250	1022	0	0	0	0.999968
23206	2	metal6	260	1022	0	0	0	0.999967
23207	2	metal6	270	1022	0	0	0	0.999967
23208	2	metal6	280	1022	0	0	0	0.999967
23209	2	metal6	290	1022	0	0	0	0.999966
23210	2	metal6	300	1022	0	0	0	0.999967
23211	2	metal6	310	1022	0	0	0	0.999968
23212	2	metal6	320	1022	0	0	0	0.999968
23213	2	metal6	330	1022	0	0	0	0.999968
23214	2	metal6	340	1022	0	0	0	0.999969
23215	2	metal6	350	1022	0	0	0	0.999968
23216	2	metal6	360	1022	0	0	0	0.999969
23217	2	metal6	370	1022	0	0	0	0.99997
23218	2	metal6	380	1022	0	0	0	0.99997
23219	2	metal6	390	1022	0	0	0	0.99997
23220	2	metal6	400	1022	0	0	0	0.99997
23221	2	metal6	410	1022	0	0	0	0.999972
23222	2	metal6	420	1022	0	0	0	0.999973
23223	2	metal6	430	1022	0	0	0	0.999975
23224	2	metal6	440	1022	0	0	0	0.999975
23225	2	metal6	450	1022	0	0	0	0.999975
23226	2	metal6	460	1022	0	0	0	0.999975
23227	2	metal6	470	1022	0	0	0	0.999977
23228	2	metal6	480	1022	0	0	0	0.999979
23229	2	metal6	490	1022	0	0	0	0.999981
23230	2	metal6	500	1022	0	0	0	0.99998
23231	2	metal6	510	1022	0	0	0	0.999979
23232	2	metal6	520	1022	0	0	0	0.999984
23233	2	metal6	530	1022	0	0	0	0.999985
23234	2	metal6	540	1022	0	0	0	0.999986
23235	2	metal6	550	1022	0	0	0	0.999989
23236	2	metal6	560	1022	0	0	0	0.999984
23237	2	metal6	570	1022	0	0	0	0.99998
23238	2	metal6	580	1022	0	0	0	0.999984
23239	2	metal6	590	1022	0	0	0	0.999982
23240	2	metal6	600	1022	0	0	0	0.999981
23241	2	metal6	610	1022	0	0	0	0.99998
23242	2	metal6	620	1022	0	0	0	0.999977
23243	2	metal6	630	1022	0	0	0	0.999973
23244	2	metal6	640	1022	0	0	0	0.999975
23245	2	metal6	650	1022	0	0	0	0.999974
23246	2	metal6	660	1022	0	0	0	0.999973
23247	2	metal6	670	1022	0	0	0	0.999972
23248	2	metal6	680	1022	0	0	0	0.999968
23249	2	metal6	690	1022	0	0	0	0.999969
23250	2	metal6	700	1022	0	0	0	0.99997
23251	2	metal6	710	1022	0	0	0	0.999969
23252	2	metal6	720	1022	0	0	0	0.999968
23253	2	metal6	730	1022	0	0	0	0.999967
23254	2	metal6	740	1022	0	0	0	0.999965
23255	2	metal6	750	1022	0	0	0	0.999966
23256	2	metal6	760	1022	0	0	0	0.999966
23257	2	metal6	770	1022	0	0	0	0.999965
23258	2	metal6	780	1022	0	0	0	0.999964
23259	2	metal6	790	1022	0	0	0	0.999964
23260	2	metal6	800	1022	0	0	0	0.999964
23261	2	metal6	810	1022	0	0	0	0.999964
23262	2	metal6	820	1022	0	0	0	0.999964
23263	2	metal6	830	1022	0	0	0	0.999964
23264	2	metal6	840	1022	0	0	0	0.999963
23265	2	metal6	850	1022	0	0	0	0.999962
23266	2	metal6	860	1022	0	0	0	0.999963
23267	2	metal6	870	1022	0	0	0	0.999963
23268	2	metal6	880	1022	0	0	0	0.999964
23269	2	metal6	890	1022	0	0	0	0.999963
23270	2	metal6	900	1022	0	0	0	0.999963
23271	2	metal6	910	1022	0	0	0	0.999962
23272	2	metal6	920	1022	0	0	0	0.999963
23273	2	metal6	930	1022	0	0	0	0.999964
23274	2	metal6	940	1022	0	0	0	0.999964
23275	2	metal6	950	1022	0	0	0	0.999963
23276	2	metal6	960	1022	0	0	0	0.999962
23277	2	metal6	970	1022	0	0	0	0.999963
23278	2	metal6	980	1022	0	0	0	0.999964
23279	2	metal6	990	1022	0	0	0	0.999964
23280	2	metal6	1000	1022	0	0	0	0.999963
23281	2	metal6	1010	1022	0	0	0	0.999962
23282	2	metal6	1020	1022	0	0	0	0.99996
23283	2	metal6	1030	1022	0	0	0	0.999961
23284	2	metal6	1040	1022	0	0	0	0.999962
23285	2	metal6	1050	1022	0	0	0	0.999961
23286	2	metal6	1060	1022	0	0	0	0.999961
23287	2	metal6	1070	1022	0	0	0	0.999959
23288	2	metal6	1080	1022	0	0	0	0.99996
23289	2	metal6	1090	1022	0	0	0	0.999961
23290	2	metal6	10	1032	0	0	0	0.999971
23291	2	metal6	20	1032	0	0	0	0.999971
23292	2	metal6	30	1032	0	0	0	0.999972
23293	2	metal6	40	1032	0	0	0	0.999973
23294	2	metal6	50	1032	0	0	0	0.999973
23295	2	metal6	60	1032	0	0	0	0.999972
23296	2	metal6	70	1032	0	0	0	0.999972
23297	2	metal6	80	1032	0	0	0	0.999973
23298	2	metal6	90	1032	0	0	0	0.999973
23299	2	metal6	100	1032	0	0	0	0.999973
23300	2	metal6	110	1032	0	0	0	0.999973
23301	2	metal6	120	1032	0	0	0	0.999972
23302	2	metal6	130	1032	0	0	0	0.999973
23303	2	metal6	140	1032	0	0	0	0.999973
23304	2	metal6	150	1032	0	0	0	0.999972
23305	2	metal6	160	1032	0	0	0	0.999972
23306	2	metal6	170	1032	0	0	0	0.99997
23307	2	metal6	180	1032	0	0	0	0.999969
23308	2	metal6	190	1032	0	0	0	0.99997
23309	2	metal6	200	1032	0	0	0	0.999969
23310	2	metal6	210	1032	0	0	0	0.999969
23311	2	metal6	220	1032	0	0	0	0.999969
23312	2	metal6	230	1032	0	0	0	0.999967
23313	2	metal6	240	1032	0	0	0	0.999968
23314	2	metal6	250	1032	0	0	0	0.999968
23315	2	metal6	260	1032	0	0	0	0.999968
23316	2	metal6	270	1032	0	0	0	0.999968
23317	2	metal6	280	1032	0	0	0	0.999968
23318	2	metal6	290	1032	0	0	0	0.999967
23319	2	metal6	300	1032	0	0	0	0.999968
23320	2	metal6	310	1032	0	0	0	0.999969
23321	2	metal6	320	1032	0	0	0	0.999968
23322	2	metal6	330	1032	0	0	0	0.999969
23323	2	metal6	340	1032	0	0	0	0.999969
23324	2	metal6	350	1032	0	0	0	0.999969
23325	2	metal6	360	1032	0	0	0	0.999969
23326	2	metal6	370	1032	0	0	0	0.999971
23327	2	metal6	380	1032	0	0	0	0.999971
23328	2	metal6	390	1032	0	0	0	0.999971
23329	2	metal6	400	1032	0	0	0	0.999972
23330	2	metal6	410	1032	0	0	0	0.999972
23331	2	metal6	420	1032	0	0	0	0.999974
23332	2	metal6	430	1032	0	0	0	0.999975
23333	2	metal6	440	1032	0	0	0	0.999975
23334	2	metal6	450	1032	0	0	0	0.999976
23335	2	metal6	460	1032	0	0	0	0.999978
23336	2	metal6	470	1032	0	0	0	0.999978
23337	2	metal6	480	1032	0	0	0	0.999979
23338	2	metal6	490	1032	0	0	0	0.999982
23339	2	metal6	500	1032	0	0	0	0.999981
23340	2	metal6	510	1032	0	0	0	0.999981
23341	2	metal6	520	1032	0	0	0	0.999987
23342	2	metal6	530	1032	0	0	0	0.999986
23343	2	metal6	540	1032	0	0	0	0.999987
23344	2	metal6	550	1032	0	0	0	0.999993
23345	2	metal6	560	1032	0	0	0	0.999986
23346	2	metal6	570	1032	0	0	0	0.999983
23347	2	metal6	580	1032	0	0	0	0.999986
23348	2	metal6	590	1032	0	0	0	0.999983
23349	2	metal6	600	1032	0	0	0	0.999981
23350	2	metal6	610	1032	0	0	0	0.999982
23351	2	metal6	620	1032	0	0	0	0.999978
23352	2	metal6	630	1032	0	0	0	0.999975
23353	2	metal6	640	1032	0	0	0	0.999977
23354	2	metal6	650	1032	0	0	0	0.999974
23355	2	metal6	660	1032	0	0	0	0.999973
23356	2	metal6	670	1032	0	0	0	0.999973
23357	2	metal6	680	1032	0	0	0	0.99997
23358	2	metal6	690	1032	0	0	0	0.99997
23359	2	metal6	700	1032	0	0	0	0.99997
23360	2	metal6	710	1032	0	0	0	0.999969
23361	2	metal6	720	1032	0	0	0	0.999968
23362	2	metal6	730	1032	0	0	0	0.999968
23363	2	metal6	740	1032	0	0	0	0.999966
23364	2	metal6	750	1032	0	0	0	0.999966
23365	2	metal6	760	1032	0	0	0	0.999967
23366	2	metal6	770	1032	0	0	0	0.999965
23367	2	metal6	780	1032	0	0	0	0.999965
23368	2	metal6	790	1032	0	0	0	0.999965
23369	2	metal6	800	1032	0	0	0	0.999964
23370	2	metal6	810	1032	0	0	0	0.999965
23371	2	metal6	820	1032	0	0	0	0.999965
23372	2	metal6	830	1032	0	0	0	0.999964
23373	2	metal6	840	1032	0	0	0	0.999964
23374	2	metal6	850	1032	0	0	0	0.999964
23375	2	metal6	860	1032	0	0	0	0.999964
23376	2	metal6	870	1032	0	0	0	0.999964
23377	2	metal6	880	1032	0	0	0	0.999965
23378	2	metal6	890	1032	0	0	0	0.999964
23379	2	metal6	900	1032	0	0	0	0.999964
23380	2	metal6	910	1032	0	0	0	0.999965
23381	2	metal6	920	1032	0	0	0	0.999965
23382	2	metal6	930	1032	0	0	0	0.999965
23383	2	metal6	940	1032	0	0	0	0.999965
23384	2	metal6	950	1032	0	0	0	0.999965
23385	2	metal6	960	1032	0	0	0	0.999965
23386	2	metal6	970	1032	0	0	0	0.999966
23387	2	metal6	980	1032	0	0	0	0.999966
23388	2	metal6	990	1032	0	0	0	0.999966
23389	2	metal6	1000	1032	0	0	0	0.999965
23390	2	metal6	1010	1032	0	0	0	0.999964
23391	2	metal6	1020	1032	0	0	0	0.999963
23392	2	metal6	1030	1032	0	0	0	0.999964
23393	2	metal6	1040	1032	0	0	0	0.999963
23394	2	metal6	1050	1032	0	0	0	0.999963
23395	2	metal6	1060	1032	0	0	0	0.999963
23396	2	metal6	1070	1032	0	0	0	0.999962
23397	2	metal6	1080	1032	0	0	0	0.999962
23398	2	metal6	1090	1032	0	0	0	0.999963
23399	2	metal6	10	1042	0	0	0	0.999971
23400	2	metal6	20	1042	0	0	0	0.999971
23401	2	metal6	30	1042	0	0	0	0.999972
23402	2	metal6	40	1042	0	0	0	0.999973
23403	2	metal6	50	1042	0	0	0	0.999973
23404	2	metal6	60	1042	0	0	0	0.999973
23405	2	metal6	70	1042	0	0	0	0.999973
23406	2	metal6	80	1042	0	0	0	0.999973
23407	2	metal6	90	1042	0	0	0	0.999974
23408	2	metal6	100	1042	0	0	0	0.999975
23409	2	metal6	110	1042	0	0	0	0.999974
23410	2	metal6	120	1042	0	0	0	0.999974
23411	2	metal6	130	1042	0	0	0	0.999975
23412	2	metal6	140	1042	0	0	0	0.999974
23413	2	metal6	150	1042	0	0	0	0.999974
23414	2	metal6	160	1042	0	0	0	0.999974
23415	2	metal6	170	1042	0	0	0	0.999972
23416	2	metal6	180	1042	0	0	0	0.999971
23417	2	metal6	190	1042	0	0	0	0.999971
23418	2	metal6	200	1042	0	0	0	0.99997
23419	2	metal6	210	1042	0	0	0	0.99997
23420	2	metal6	220	1042	0	0	0	0.999969
23421	2	metal6	230	1042	0	0	0	0.999968
23422	2	metal6	240	1042	0	0	0	0.999968
23423	2	metal6	250	1042	0	0	0	0.999969
23424	2	metal6	260	1042	0	0	0	0.999968
23425	2	metal6	270	1042	0	0	0	0.999968
23426	2	metal6	280	1042	0	0	0	0.999968
23427	2	metal6	290	1042	0	0	0	0.999968
23428	2	metal6	300	1042	0	0	0	0.999968
23429	2	metal6	310	1042	0	0	0	0.999969
23430	2	metal6	320	1042	0	0	0	0.999969
23431	2	metal6	330	1042	0	0	0	0.999969
23432	2	metal6	340	1042	0	0	0	0.999969
23433	2	metal6	350	1042	0	0	0	0.999969
23434	2	metal6	360	1042	0	0	0	0.99997
23435	2	metal6	370	1042	0	0	0	0.99997
23436	2	metal6	380	1042	0	0	0	0.999971
23437	2	metal6	390	1042	0	0	0	0.999971
23438	2	metal6	400	1042	0	0	0	0.999972
23439	2	metal6	410	1042	0	0	0	0.999973
23440	2	metal6	420	1042	0	0	0	0.999973
23441	2	metal6	430	1042	0	0	0	0.999975
23442	2	metal6	440	1042	0	0	0	0.999975
23443	2	metal6	450	1042	0	0	0	0.999976
23444	2	metal6	460	1042	0	0	0	0.999977
23445	2	metal6	470	1042	0	0	0	0.999978
23446	2	metal6	480	1042	0	0	0	0.999979
23447	2	metal6	490	1042	0	0	0	0.999981
23448	2	metal6	500	1042	0	0	0	0.999981
23449	2	metal6	510	1042	0	0	0	0.999982
23450	2	metal6	520	1042	0	0	0	0.999985
23451	2	metal6	530	1042	0	0	0	0.999985
23452	2	metal6	540	1042	0	0	0	0.999986
23453	2	metal6	550	1042	0	0	0	0.999989
23454	2	metal6	560	1042	0	0	0	0.999986
23455	2	metal6	570	1042	0	0	0	0.999984
23456	2	metal6	580	1042	0	0	0	0.999985
23457	2	metal6	590	1042	0	0	0	0.999982
23458	2	metal6	600	1042	0	0	0	0.999981
23459	2	metal6	610	1042	0	0	0	0.999981
23460	2	metal6	620	1042	0	0	0	0.999978
23461	2	metal6	630	1042	0	0	0	0.999976
23462	2	metal6	640	1042	0	0	0	0.999976
23463	2	metal6	650	1042	0	0	0	0.999974
23464	2	metal6	660	1042	0	0	0	0.999973
23465	2	metal6	670	1042	0	0	0	0.999972
23466	2	metal6	680	1042	0	0	0	0.999971
23467	2	metal6	690	1042	0	0	0	0.99997
23468	2	metal6	700	1042	0	0	0	0.99997
23469	2	metal6	710	1042	0	0	0	0.999969
23470	2	metal6	720	1042	0	0	0	0.999968
23471	2	metal6	730	1042	0	0	0	0.999968
23472	2	metal6	740	1042	0	0	0	0.999967
23473	2	metal6	750	1042	0	0	0	0.999966
23474	2	metal6	760	1042	0	0	0	0.999966
23475	2	metal6	770	1042	0	0	0	0.999966
23476	2	metal6	780	1042	0	0	0	0.999965
23477	2	metal6	790	1042	0	0	0	0.999965
23478	2	metal6	800	1042	0	0	0	0.999965
23479	2	metal6	810	1042	0	0	0	0.999965
23480	2	metal6	820	1042	0	0	0	0.999965
23481	2	metal6	830	1042	0	0	0	0.999965
23482	2	metal6	840	1042	0	0	0	0.999965
23483	2	metal6	850	1042	0	0	0	0.999965
23484	2	metal6	860	1042	0	0	0	0.999965
23485	2	metal6	870	1042	0	0	0	0.999965
23486	2	metal6	880	1042	0	0	0	0.999966
23487	2	metal6	890	1042	0	0	0	0.999966
23488	2	metal6	900	1042	0	0	0	0.999966
23489	2	metal6	910	1042	0	0	0	0.999966
23490	2	metal6	920	1042	0	0	0	0.999966
23491	2	metal6	930	1042	0	0	0	0.999967
23492	2	metal6	940	1042	0	0	0	0.999968
23493	2	metal6	950	1042	0	0	0	0.999968
23494	2	metal6	960	1042	0	0	0	0.999968
23495	2	metal6	970	1042	0	0	0	0.99997
23496	2	metal6	980	1042	0	0	0	0.999968
23497	2	metal6	990	1042	0	0	0	0.999968
23498	2	metal6	1000	1042	0	0	0	0.999968
23499	2	metal6	1010	1042	0	0	0	0.999966
23500	2	metal6	1020	1042	0	0	0	0.999965
23501	2	metal6	1030	1042	0	0	0	0.999966
23502	2	metal6	1040	1042	0	0	0	0.999965
23503	2	metal6	1050	1042	0	0	0	0.999964
23504	2	metal6	1060	1042	0	0	0	0.999964
23505	2	metal6	1070	1042	0	0	0	0.999963
23506	2	metal6	1080	1042	0	0	0	0.999963
23507	2	metal6	1090	1042	0	0	0	0.999964
23508	2	metal6	10	1052	0	0	0	0.999972
23509	2	metal6	20	1052	0	0	0	0.999971
23510	2	metal6	30	1052	0	0	0	0.999972
23511	2	metal6	40	1052	0	0	0	0.999973
23512	2	metal6	50	1052	0	0	0	0.999973
23513	2	metal6	60	1052	0	0	0	0.999973
23514	2	metal6	70	1052	0	0	0	0.999974
23515	2	metal6	80	1052	0	0	0	0.999974
23516	2	metal6	90	1052	0	0	0	0.999974
23517	2	metal6	100	1052	0	0	0	0.999977
23518	2	metal6	110	1052	0	0	0	0.999975
23519	2	metal6	120	1052	0	0	0	0.999975
23520	2	metal6	130	1052	0	0	0	0.999979
23521	2	metal6	140	1052	0	0	0	0.999976
23522	2	metal6	150	1052	0	0	0	0.999975
23523	2	metal6	160	1052	0	0	0	0.999976
23524	2	metal6	170	1052	0	0	0	0.999973
23525	2	metal6	180	1052	0	0	0	0.999972
23526	2	metal6	190	1052	0	0	0	0.999973
23527	2	metal6	200	1052	0	0	0	0.999971
23528	2	metal6	210	1052	0	0	0	0.99997
23529	2	metal6	220	1052	0	0	0	0.99997
23530	2	metal6	230	1052	0	0	0	0.999969
23531	2	metal6	240	1052	0	0	0	0.999969
23532	2	metal6	250	1052	0	0	0	0.999969
23533	2	metal6	260	1052	0	0	0	0.999969
23534	2	metal6	270	1052	0	0	0	0.999968
23535	2	metal6	280	1052	0	0	0	0.999969
23536	2	metal6	290	1052	0	0	0	0.999968
23537	2	metal6	300	1052	0	0	0	0.999968
23538	2	metal6	310	1052	0	0	0	0.999969
23539	2	metal6	320	1052	0	0	0	0.999969
23540	2	metal6	330	1052	0	0	0	0.999969
23541	2	metal6	340	1052	0	0	0	0.999969
23542	2	metal6	350	1052	0	0	0	0.999969
23543	2	metal6	360	1052	0	0	0	0.999969
23544	2	metal6	370	1052	0	0	0	0.99997
23545	2	metal6	380	1052	0	0	0	0.999971
23546	2	metal6	390	1052	0	0	0	0.999971
23547	2	metal6	400	1052	0	0	0	0.999972
23548	2	metal6	410	1052	0	0	0	0.999972
23549	2	metal6	420	1052	0	0	0	0.999973
23550	2	metal6	430	1052	0	0	0	0.999975
23551	2	metal6	440	1052	0	0	0	0.999975
23552	2	metal6	450	1052	0	0	0	0.999976
23553	2	metal6	460	1052	0	0	0	0.999977
23554	2	metal6	470	1052	0	0	0	0.999977
23555	2	metal6	480	1052	0	0	0	0.999979
23556	2	metal6	490	1052	0	0	0	0.999981
23557	2	metal6	500	1052	0	0	0	0.999981
23558	2	metal6	510	1052	0	0	0	0.999982
23559	2	metal6	520	1052	0	0	0	0.999985
23560	2	metal6	530	1052	0	0	0	0.999985
23561	2	metal6	540	1052	0	0	0	0.999986
23562	2	metal6	550	1052	0	0	0	0.999989
23563	2	metal6	560	1052	0	0	0	0.999985
23564	2	metal6	570	1052	0	0	0	0.999983
23565	2	metal6	580	1052	0	0	0	0.999985
23566	2	metal6	590	1052	0	0	0	0.999982
23567	2	metal6	600	1052	0	0	0	0.999981
23568	2	metal6	610	1052	0	0	0	0.99998
23569	2	metal6	620	1052	0	0	0	0.999978
23570	2	metal6	630	1052	0	0	0	0.999976
23571	2	metal6	640	1052	0	0	0	0.999976
23572	2	metal6	650	1052	0	0	0	0.999974
23573	2	metal6	660	1052	0	0	0	0.999973
23574	2	metal6	670	1052	0	0	0	0.999972
23575	2	metal6	680	1052	0	0	0	0.99997
23576	2	metal6	690	1052	0	0	0	0.99997
23577	2	metal6	700	1052	0	0	0	0.99997
23578	2	metal6	710	1052	0	0	0	0.999969
23579	2	metal6	720	1052	0	0	0	0.999968
23580	2	metal6	730	1052	0	0	0	0.999968
23581	2	metal6	740	1052	0	0	0	0.999967
23582	2	metal6	750	1052	0	0	0	0.999966
23583	2	metal6	760	1052	0	0	0	0.999966
23584	2	metal6	770	1052	0	0	0	0.999966
23585	2	metal6	780	1052	0	0	0	0.999965
23586	2	metal6	790	1052	0	0	0	0.999966
23587	2	metal6	800	1052	0	0	0	0.999965
23588	2	metal6	810	1052	0	0	0	0.999965
23589	2	metal6	820	1052	0	0	0	0.999966
23590	2	metal6	830	1052	0	0	0	0.999965
23591	2	metal6	840	1052	0	0	0	0.999965
23592	2	metal6	850	1052	0	0	0	0.999966
23593	2	metal6	860	1052	0	0	0	0.999965
23594	2	metal6	870	1052	0	0	0	0.999966
23595	2	metal6	880	1052	0	0	0	0.999967
23596	2	metal6	890	1052	0	0	0	0.999966
23597	2	metal6	900	1052	0	0	0	0.999967
23598	2	metal6	910	1052	0	0	0	0.999969
23599	2	metal6	920	1052	0	0	0	0.999968
23600	2	metal6	930	1052	0	0	0	0.999969
23601	2	metal6	940	1052	0	0	0	0.999972
23602	2	metal6	950	1052	0	0	0	0.99997
23603	2	metal6	960	1052	0	0	0	0.99997
23604	2	metal6	970	1052	0	0	0	0.999975
23605	2	metal6	980	1052	0	0	0	0.999971
23606	2	metal6	990	1052	0	0	0	0.99997
23607	2	metal6	1000	1052	0	0	0	0.999972
23608	2	metal6	1010	1052	0	0	0	0.999968
23609	2	metal6	1020	1052	0	0	0	0.999967
23610	2	metal6	1030	1052	0	0	0	0.999968
23611	2	metal6	1040	1052	0	0	0	0.999966
23612	2	metal6	1050	1052	0	0	0	0.999965
23613	2	metal6	1060	1052	0	0	0	0.999966
23614	2	metal6	1070	1052	0	0	0	0.999964
23615	2	metal6	1080	1052	0	0	0	0.999964
23616	2	metal6	1090	1052	0	0	0	0.999966
23617	2	metal6	10	1062	0	0	0	0.999972
23618	2	metal6	20	1062	0	0	0	0.999971
23619	2	metal6	30	1062	0	0	0	0.999971
23620	2	metal6	40	1062	0	0	0	0.999974
23621	2	metal6	50	1062	0	0	0	0.999972
23622	2	metal6	60	1062	0	0	0	0.999972
23623	2	metal6	70	1062	0	0	0	0.999976
23624	2	metal6	80	1062	0	0	0	0.999973
23625	2	metal6	90	1062	0	0	0	0.999975
23626	2	metal6	100	1062	0	0	0	0.999981
23627	2	metal6	110	1062	0	0	0	0.999975
23628	2	metal6	120	1062	0	0	0	0.999975
23629	2	metal6	130	1062	0	0	0	0.999986
23630	2	metal6	140	1062	0	0	0	0.999977
23631	2	metal6	150	1062	0	0	0	0.999976
23632	2	metal6	160	1062	0	0	0	0.99998
23633	2	metal6	170	1062	0	0	0	0.999974
23634	2	metal6	180	1062	0	0	0	0.999971
23635	2	metal6	190	1062	0	0	0	0.999975
23636	2	metal6	200	1062	0	0	0	0.999971
23637	2	metal6	210	1062	0	0	0	0.99997
23638	2	metal6	220	1062	0	0	0	0.999972
23639	2	metal6	230	1062	0	0	0	0.999969
23640	2	metal6	240	1062	0	0	0	0.999969
23641	2	metal6	250	1062	0	0	0	0.99997
23642	2	metal6	260	1062	0	0	0	0.999969
23643	2	metal6	270	1062	0	0	0	0.999968
23644	2	metal6	280	1062	0	0	0	0.999969
23645	2	metal6	290	1062	0	0	0	0.999968
23646	2	metal6	300	1062	0	0	0	0.999968
23647	2	metal6	310	1062	0	0	0	0.999969
23648	2	metal6	320	1062	0	0	0	0.999969
23649	2	metal6	330	1062	0	0	0	0.999969
23650	2	metal6	340	1062	0	0	0	0.99997
23651	2	metal6	350	1062	0	0	0	0.999969
23652	2	metal6	360	1062	0	0	0	0.999969
23653	2	metal6	370	1062	0	0	0	0.999971
23654	2	metal6	380	1062	0	0	0	0.99997
23655	2	metal6	390	1062	0	0	0	0.999971
23656	2	metal6	400	1062	0	0	0	0.999972
23657	2	metal6	410	1062	0	0	0	0.999972
23658	2	metal6	420	1062	0	0	0	0.999973
23659	2	metal6	430	1062	0	0	0	0.999975
23660	2	metal6	440	1062	0	0	0	0.999974
23661	2	metal6	450	1062	0	0	0	0.999975
23662	2	metal6	460	1062	0	0	0	0.999977
23663	2	metal6	470	1062	0	0	0	0.999977
23664	2	metal6	480	1062	0	0	0	0.999978
23665	2	metal6	490	1062	0	0	0	0.999981
23666	2	metal6	500	1062	0	0	0	0.99998
23667	2	metal6	510	1062	0	0	0	0.99998
23668	2	metal6	520	1062	0	0	0	0.999986
23669	2	metal6	530	1062	0	0	0	0.999984
23670	2	metal6	540	1062	0	0	0	0.999985
23671	2	metal6	550	1062	0	0	0	0.999992
23672	2	metal6	560	1062	0	0	0	0.999984
23673	2	metal6	570	1062	0	0	0	0.999982
23674	2	metal6	580	1062	0	0	0	0.999986
23675	2	metal6	590	1062	0	0	0	0.999981
23676	2	metal6	600	1062	0	0	0	0.99998
23677	2	metal6	610	1062	0	0	0	0.999981
23678	2	metal6	620	1062	0	0	0	0.999977
23679	2	metal6	630	1062	0	0	0	0.999975
23680	2	metal6	640	1062	0	0	0	0.999976
23681	2	metal6	650	1062	0	0	0	0.999973
23682	2	metal6	660	1062	0	0	0	0.999972
23683	2	metal6	670	1062	0	0	0	0.999973
23684	2	metal6	680	1062	0	0	0	0.99997
23685	2	metal6	690	1062	0	0	0	0.999969
23686	2	metal6	700	1062	0	0	0	0.99997
23687	2	metal6	710	1062	0	0	0	0.999969
23688	2	metal6	720	1062	0	0	0	0.999968
23689	2	metal6	730	1062	0	0	0	0.999968
23690	2	metal6	740	1062	0	0	0	0.999966
23691	2	metal6	750	1062	0	0	0	0.999966
23692	2	metal6	760	1062	0	0	0	0.999967
23693	2	metal6	770	1062	0	0	0	0.999966
23694	2	metal6	780	1062	0	0	0	0.999965
23695	2	metal6	790	1062	0	0	0	0.999966
23696	2	metal6	800	1062	0	0	0	0.999965
23697	2	metal6	810	1062	0	0	0	0.999965
23698	2	metal6	820	1062	0	0	0	0.999966
23699	2	metal6	830	1062	0	0	0	0.999965
23700	2	metal6	840	1062	0	0	0	0.999965
23701	2	metal6	850	1062	0	0	0	0.999967
23702	2	metal6	860	1062	0	0	0	0.999966
23703	2	metal6	870	1062	0	0	0	0.999966
23704	2	metal6	880	1062	0	0	0	0.999969
23705	2	metal6	890	1062	0	0	0	0.999967
23706	2	metal6	900	1062	0	0	0	0.999967
23707	2	metal6	910	1062	0	0	0	0.999971
23708	2	metal6	920	1062	0	0	0	0.999969
23709	2	metal6	930	1062	0	0	0	0.99997
23710	2	metal6	940	1062	0	0	0	0.999977
23711	2	metal6	950	1062	0	0	0	0.999971
23712	2	metal6	960	1062	0	0	0	0.999971
23713	2	metal6	970	1062	0	0	0	0.999984
23714	2	metal6	980	1062	0	0	0	0.999973
23715	2	metal6	990	1062	0	0	0	0.999972
23716	2	metal6	1000	1062	0	0	0	0.999977
23717	2	metal6	1010	1062	0	0	0	0.999969
23718	2	metal6	1020	1062	0	0	0	0.999967
23719	2	metal6	1030	1062	0	0	0	0.999972
23720	2	metal6	1040	1062	0	0	0	0.999967
23721	2	metal6	1050	1062	0	0	0	0.999966
23722	2	metal6	1060	1062	0	0	0	0.999968
23723	2	metal6	1070	1062	0	0	0	0.999964
23724	2	metal6	1080	1062	0	0	0	0.999965
23725	2	metal6	1090	1062	0	0	0	0.999968
23726	2	metal6	10	1072	0	0	0	0.999967
23727	2	metal6	20	1072	0	0	0	0.999969
23728	2	metal6	30	1072	0	0	0	0.99997
23729	2	metal6	40	1072	0	0	0	0.999972
23730	2	metal6	50	1072	0	0	0	0.999971
23731	2	metal6	60	1072	0	0	0	0.999971
23732	2	metal6	70	1072	0	0	0	0.99997
23733	2	metal6	80	1072	0	0	0	0.999972
23734	2	metal6	90	1072	0	0	0	0.999974
23735	2	metal6	100	1072	0	0	0	0.999976
23736	2	metal6	110	1072	0	0	0	0.999974
23737	2	metal6	120	1072	0	0	0	0.999971
23738	2	metal6	130	1072	0	0	0	0.999979
23739	2	metal6	140	1072	0	0	0	0.999976
23740	2	metal6	150	1072	0	0	0	0.999976
23741	2	metal6	160	1072	0	0	0	0.999976
23742	2	metal6	170	1072	0	0	0	0.999972
23743	2	metal6	180	1072	0	0	0	0.999969
23744	2	metal6	190	1072	0	0	0	0.999972
23745	2	metal6	200	1072	0	0	0	0.99997
23746	2	metal6	210	1072	0	0	0	0.99997
23747	2	metal6	220	1072	0	0	0	0.99997
23748	2	metal6	230	1072	0	0	0	0.999967
23749	2	metal6	240	1072	0	0	0	0.999968
23750	2	metal6	250	1072	0	0	0	0.999969
23751	2	metal6	260	1072	0	0	0	0.999968
23752	2	metal6	270	1072	0	0	0	0.999968
23753	2	metal6	280	1072	0	0	0	0.999968
23754	2	metal6	290	1072	0	0	0	0.999966
23755	2	metal6	300	1072	0	0	0	0.999967
23756	2	metal6	310	1072	0	0	0	0.999968
23757	2	metal6	320	1072	0	0	0	0.999968
23758	2	metal6	330	1072	0	0	0	0.999968
23759	2	metal6	340	1072	0	0	0	0.999968
23760	2	metal6	350	1072	0	0	0	0.999967
23761	2	metal6	360	1072	0	0	0	0.999969
23762	2	metal6	370	1072	0	0	0	0.99997
23763	2	metal6	380	1072	0	0	0	0.99997
23764	2	metal6	390	1072	0	0	0	0.99997
23765	2	metal6	400	1072	0	0	0	0.99997
23766	2	metal6	410	1072	0	0	0	0.999971
23767	2	metal6	420	1072	0	0	0	0.999972
23768	2	metal6	430	1072	0	0	0	0.999974
23769	2	metal6	440	1072	0	0	0	0.999974
23770	2	metal6	450	1072	0	0	0	0.999974
23771	2	metal6	460	1072	0	0	0	0.999974
23772	2	metal6	470	1072	0	0	0	0.999975
23773	2	metal6	480	1072	0	0	0	0.999977
23774	2	metal6	490	1072	0	0	0	0.999979
23775	2	metal6	500	1072	0	0	0	0.999978
23776	2	metal6	510	1072	0	0	0	0.999977
23777	2	metal6	520	1072	0	0	0	0.999982
23778	2	metal6	530	1072	0	0	0	0.999983
23779	2	metal6	540	1072	0	0	0	0.999984
23780	2	metal6	550	1072	0	0	0	0.999986
23781	2	metal6	560	1072	0	0	0	0.999982
23782	2	metal6	570	1072	0	0	0	0.999978
23783	2	metal6	580	1072	0	0	0	0.999981
23784	2	metal6	590	1072	0	0	0	0.99998
23785	2	metal6	600	1072	0	0	0	0.999979
23786	2	metal6	610	1072	0	0	0	0.999979
23787	2	metal6	620	1072	0	0	0	0.999975
23788	2	metal6	630	1072	0	0	0	0.999972
23789	2	metal6	640	1072	0	0	0	0.999974
23790	2	metal6	650	1072	0	0	0	0.999973
23791	2	metal6	660	1072	0	0	0	0.999972
23792	2	metal6	670	1072	0	0	0	0.999971
23793	2	metal6	680	1072	0	0	0	0.999968
23794	2	metal6	690	1072	0	0	0	0.999969
23795	2	metal6	700	1072	0	0	0	0.999969
23796	2	metal6	710	1072	0	0	0	0.999968
23797	2	metal6	720	1072	0	0	0	0.999968
23798	2	metal6	730	1072	0	0	0	0.999967
23799	2	metal6	740	1072	0	0	0	0.999965
23800	2	metal6	750	1072	0	0	0	0.999965
23801	2	metal6	760	1072	0	0	0	0.999966
23802	2	metal6	770	1072	0	0	0	0.999965
23803	2	metal6	780	1072	0	0	0	0.999965
23804	2	metal6	790	1072	0	0	0	0.999964
23805	2	metal6	800	1072	0	0	0	0.999964
23806	2	metal6	810	1072	0	0	0	0.999965
23807	2	metal6	820	1072	0	0	0	0.999965
23808	2	metal6	830	1072	0	0	0	0.999965
23809	2	metal6	840	1072	0	0	0	0.999964
23810	2	metal6	850	1072	0	0	0	0.999964
23811	2	metal6	860	1072	0	0	0	0.999965
23812	2	metal6	870	1072	0	0	0	0.999966
23813	2	metal6	880	1072	0	0	0	0.999967
23814	2	metal6	890	1072	0	0	0	0.999967
23815	2	metal6	900	1072	0	0	0	0.999966
23816	2	metal6	910	1072	0	0	0	0.999967
23817	2	metal6	920	1072	0	0	0	0.999968
23818	2	metal6	930	1072	0	0	0	0.999969
23819	2	metal6	940	1072	0	0	0	0.999972
23820	2	metal6	950	1072	0	0	0	0.99997
23821	2	metal6	960	1072	0	0	0	0.999968
23822	2	metal6	970	1072	0	0	0	0.999975
23823	2	metal6	980	1072	0	0	0	0.999972
23824	2	metal6	990	1072	0	0	0	0.999972
23825	2	metal6	1000	1072	0	0	0	0.999973
23826	2	metal6	1010	1072	0	0	0	0.999968
23827	2	metal6	1020	1072	0	0	0	0.999965
23828	2	metal6	1030	1072	0	0	0	0.999968
23829	2	metal6	1040	1072	0	0	0	0.999966
23830	2	metal6	1050	1072	0	0	0	0.999965
23831	2	metal6	1060	1072	0	0	0	0.999966
23832	2	metal6	1070	1072	0	0	0	0.999962
23833	2	metal6	1080	1072	0	0	0	0.999964
23834	2	metal6	1090	1072	0	0	0	0.999966
23835	2	metal6	10	1082	0	0	0	0.999968
23836	2	metal6	20	1082	0	0	0	0.999969
23837	2	metal6	30	1082	0	0	0	0.99997
23838	2	metal6	40	1082	0	0	0	0.999971
23839	2	metal6	50	1082	0	0	0	0.999971
23840	2	metal6	60	1082	0	0	0	0.999971
23841	2	metal6	70	1082	0	0	0	0.999971
23842	2	metal6	80	1082	0	0	0	0.999972
23843	2	metal6	90	1082	0	0	0	0.999973
23844	2	metal6	100	1082	0	0	0	0.999975
23845	2	metal6	110	1082	0	0	0	0.999974
23846	2	metal6	120	1082	0	0	0	0.999973
23847	2	metal6	130	1082	0	0	0	0.999977
23848	2	metal6	140	1082	0	0	0	0.999976
23849	2	metal6	150	1082	0	0	0	0.999975
23850	2	metal6	160	1082	0	0	0	0.999975
23851	2	metal6	170	1082	0	0	0	0.999973
23852	2	metal6	180	1082	0	0	0	0.99997
23853	2	metal6	190	1082	0	0	0	0.999971
23854	2	metal6	200	1082	0	0	0	0.99997
23855	2	metal6	210	1082	0	0	0	0.99997
23856	2	metal6	220	1082	0	0	0	0.999969
23857	2	metal6	230	1082	0	0	0	0.999968
23858	2	metal6	240	1082	0	0	0	0.999968
23859	2	metal6	250	1082	0	0	0	0.999969
23860	2	metal6	260	1082	0	0	0	0.999968
23861	2	metal6	270	1082	0	0	0	0.999968
23862	2	metal6	280	1082	0	0	0	0.999968
23863	2	metal6	290	1082	0	0	0	0.999967
23864	2	metal6	300	1082	0	0	0	0.999968
23865	2	metal6	310	1082	0	0	0	0.999968
23866	2	metal6	320	1082	0	0	0	0.999968
23867	2	metal6	330	1082	0	0	0	0.999968
23868	2	metal6	340	1082	0	0	0	0.999968
23869	2	metal6	350	1082	0	0	0	0.999968
23870	2	metal6	360	1082	0	0	0	0.999969
23871	2	metal6	370	1082	0	0	0	0.999969
23872	2	metal6	380	1082	0	0	0	0.99997
23873	2	metal6	390	1082	0	0	0	0.99997
23874	2	metal6	400	1082	0	0	0	0.99997
23875	2	metal6	410	1082	0	0	0	0.999971
23876	2	metal6	420	1082	0	0	0	0.999972
23877	2	metal6	430	1082	0	0	0	0.999973
23878	2	metal6	440	1082	0	0	0	0.999974
23879	2	metal6	450	1082	0	0	0	0.999974
23880	2	metal6	460	1082	0	0	0	0.999974
23881	2	metal6	470	1082	0	0	0	0.999976
23882	2	metal6	480	1082	0	0	0	0.999977
23883	2	metal6	490	1082	0	0	0	0.999978
23884	2	metal6	500	1082	0	0	0	0.999978
23885	2	metal6	510	1082	0	0	0	0.999978
23886	2	metal6	520	1082	0	0	0	0.999981
23887	2	metal6	530	1082	0	0	0	0.999982
23888	2	metal6	540	1082	0	0	0	0.999983
23889	2	metal6	550	1082	0	0	0	0.999984
23890	2	metal6	560	1082	0	0	0	0.999982
23891	2	metal6	570	1082	0	0	0	0.999979
23892	2	metal6	580	1082	0	0	0	0.999981
23893	2	metal6	590	1082	0	0	0	0.99998
23894	2	metal6	600	1082	0	0	0	0.999979
23895	2	metal6	610	1082	0	0	0	0.999978
23896	2	metal6	620	1082	0	0	0	0.999976
23897	2	metal6	630	1082	0	0	0	0.999973
23898	2	metal6	640	1082	0	0	0	0.999973
23899	2	metal6	650	1082	0	0	0	0.999973
23900	2	metal6	660	1082	0	0	0	0.999972
23901	2	metal6	670	1082	0	0	0	0.999971
23902	2	metal6	680	1082	0	0	0	0.999969
23903	2	metal6	690	1082	0	0	0	0.999969
23904	2	metal6	700	1082	0	0	0	0.999969
23905	2	metal6	710	1082	0	0	0	0.999968
23906	2	metal6	720	1082	0	0	0	0.999967
23907	2	metal6	730	1082	0	0	0	0.999967
23908	2	metal6	740	1082	0	0	0	0.999966
23909	2	metal6	750	1082	0	0	0	0.999966
23910	2	metal6	760	1082	0	0	0	0.999966
23911	2	metal6	770	1082	0	0	0	0.999965
23912	2	metal6	780	1082	0	0	0	0.999965
23913	2	metal6	790	1082	0	0	0	0.999964
23914	2	metal6	800	1082	0	0	0	0.999965
23915	2	metal6	810	1082	0	0	0	0.999965
23916	2	metal6	820	1082	0	0	0	0.999965
23917	2	metal6	830	1082	0	0	0	0.999965
23918	2	metal6	840	1082	0	0	0	0.999965
23919	2	metal6	850	1082	0	0	0	0.999965
23920	2	metal6	860	1082	0	0	0	0.999965
23921	2	metal6	870	1082	0	0	0	0.999966
23922	2	metal6	880	1082	0	0	0	0.999967
23923	2	metal6	890	1082	0	0	0	0.999967
23924	2	metal6	900	1082	0	0	0	0.999967
23925	2	metal6	910	1082	0	0	0	0.999967
23926	2	metal6	920	1082	0	0	0	0.999968
23927	2	metal6	930	1082	0	0	0	0.999969
23928	2	metal6	940	1082	0	0	0	0.999971
23929	2	metal6	950	1082	0	0	0	0.99997
23930	2	metal6	960	1082	0	0	0	0.999969
23931	2	metal6	970	1082	0	0	0	0.999973
23932	2	metal6	980	1082	0	0	0	0.999972
23933	2	metal6	990	1082	0	0	0	0.999971
23934	2	metal6	1000	1082	0	0	0	0.999971
23935	2	metal6	1010	1082	0	0	0	0.999968
23936	2	metal6	1020	1082	0	0	0	0.999966
23937	2	metal6	1030	1082	0	0	0	0.999967
23938	2	metal6	1040	1082	0	0	0	0.999966
23939	2	metal6	1050	1082	0	0	0	0.999965
23940	2	metal6	1060	1082	0	0	0	0.999965
23941	2	metal6	1070	1082	0	0	0	0.999963
23942	2	metal6	1080	1082	0	0	0	0.999964
23943	2	metal6	1090	1082	0	0	0	0.999965
23944	3	metal7	10	12	0	0	0	0.999955
23945	3	metal7	40	12	0	0	0	0.999958
23946	3	metal7	70	12	0	0	0	0.999962
23947	3	metal7	100	12	0	0	0	0.99997
23948	3	metal7	130	12	0	0	0	0.999982
23949	3	metal7	160	12	1	1	0	1
23950	3	metal7	190	12	0	0	0	0.999983
23951	3	metal7	220	12	0	0	0	0.999973
23952	3	metal7	250	12	0	0	0	0.999966
23953	3	metal7	280	12	0	0	0	0.999962
23954	3	metal7	310	12	0	0	0	0.99996
23955	3	metal7	340	12	0	0	0	0.999959
23956	3	metal7	370	12	0	0	0	0.999959
23957	3	metal7	400	12	0	0	0	0.99996
23958	3	metal7	430	12	0	0	0	0.999962
23959	3	metal7	460	12	0	0	0	0.999963
23960	3	metal7	490	12	0	0	0	0.999965
23961	3	metal7	520	12	0	0	0	0.999966
23962	3	metal7	550	12	0	0	0	0.999967
23963	3	metal7	580	12	0	0	0	0.999966
23964	3	metal7	610	12	0	0	0	0.999964
23965	3	metal7	640	12	0	0	0	0.999962
23966	3	metal7	670	12	0	0	0	0.99996
23967	3	metal7	700	12	0	0	0	0.999959
23968	3	metal7	730	12	0	0	0	0.999958
23969	3	metal7	760	12	0	0	0	0.999957
23970	3	metal7	790	12	0	0	0	0.999957
23971	3	metal7	820	12	0	0	0	0.999958
23972	3	metal7	850	12	0	0	0	0.99996
23973	3	metal7	880	12	0	0	0	0.999965
23974	3	metal7	910	12	0	0	0	0.999971
23975	3	metal7	940	12	0	0	0	0.999983
23976	3	metal7	970	12	1	1	0	1
23977	3	metal7	1000	12	0	0	0	0.999984
23978	3	metal7	1030	12	0	0	0	0.999973
23979	3	metal7	1060	12	0	0	0	0.999968
23980	3	metal7	1090	12	0	0	0	0.999965
23981	3	metal7	10	42	0	0	0	0.999951
23982	3	metal7	40	42	0	0	0	0.999951
23983	3	metal7	70	42	0	0	0	0.999952
23984	3	metal7	100	42	0	0	0	0.999954
23985	3	metal7	130	42	0	0	0	0.999955
23986	3	metal7	160	42	0	0	0	0.999956
23987	3	metal7	190	42	0	0	0	0.999956
23988	3	metal7	220	42	0	0	0	0.999956
23989	3	metal7	250	42	0	0	0	0.999957
23990	3	metal7	280	42	0	0	0	0.999957
23991	3	metal7	310	42	0	0	0	0.999958
23992	3	metal7	340	42	0	0	0	0.999959
23993	3	metal7	370	42	0	0	0	0.999961
23994	3	metal7	400	42	0	0	0	0.999964
23995	3	metal7	430	42	0	0	0	0.999967
23996	3	metal7	460	42	0	0	0	0.999972
23997	3	metal7	490	42	0	0	0	0.999979
23998	3	metal7	520	42	0	0	0	0.999987
23999	3	metal7	550	42	1	1	0	1
24000	3	metal7	580	42	0	0	0	0.999987
24001	3	metal7	610	42	0	0	0	0.999978
24002	3	metal7	640	42	0	0	0	0.999971
24003	3	metal7	670	42	0	0	0	0.999966
24004	3	metal7	700	42	0	0	0	0.999963
24005	3	metal7	730	42	0	0	0	0.99996
24006	3	metal7	760	42	0	0	0	0.999958
24007	3	metal7	790	42	0	0	0	0.999957
24008	3	metal7	820	42	0	0	0	0.999956
24009	3	metal7	850	42	0	0	0	0.999956
24010	3	metal7	880	42	0	0	0	0.999956
24011	3	metal7	910	42	0	0	0	0.999956
24012	3	metal7	940	42	0	0	0	0.999957
24013	3	metal7	970	42	0	0	0	0.999957
24014	3	metal7	1000	42	0	0	0	0.999957
24015	3	metal7	1030	42	0	0	0	0.999956
24016	3	metal7	1060	42	0	0	0	0.999955
24017	3	metal7	1090	42	0	0	0	0.999955
24018	3	metal7	10	72	0	0	0	0.999946
24019	3	metal7	40	72	0	0	0	0.999947
24020	3	metal7	70	72	0	0	0	0.999947
24021	3	metal7	100	72	0	0	0	0.999948
24022	3	metal7	130	72	0	0	0	0.999949
24023	3	metal7	160	72	0	0	0	0.99995
24024	3	metal7	190	72	0	0	0	0.999951
24025	3	metal7	220	72	0	0	0	0.999952
24026	3	metal7	250	72	0	0	0	0.999953
24027	3	metal7	280	72	0	0	0	0.999954
24028	3	metal7	310	72	0	0	0	0.999955
24029	3	metal7	340	72	0	0	0	0.999957
24030	3	metal7	370	72	0	0	0	0.99996
24031	3	metal7	400	72	0	0	0	0.999962
24032	3	metal7	430	72	0	0	0	0.999967
24033	3	metal7	460	72	0	0	0	0.999971
24034	3	metal7	490	72	0	0	0	0.999978
24035	3	metal7	520	72	0	0	0	0.999987
24036	3	metal7	550	72	1	1	0	1
24037	3	metal7	580	72	0	0	0	0.999987
24038	3	metal7	610	72	0	0	0	0.999978
24039	3	metal7	640	72	0	0	0	0.999971
24040	3	metal7	670	72	0	0	0	0.999966
24041	3	metal7	700	72	0	0	0	0.999962
24042	3	metal7	730	72	0	0	0	0.999959
24043	3	metal7	760	72	0	0	0	0.999956
24044	3	metal7	790	72	0	0	0	0.999955
24045	3	metal7	820	72	0	0	0	0.999953
24046	3	metal7	850	72	0	0	0	0.999952
24047	3	metal7	880	72	0	0	0	0.999952
24048	3	metal7	910	72	0	0	0	0.999951
24049	3	metal7	940	72	0	0	0	0.999951
24050	3	metal7	970	72	0	0	0	0.999951
24051	3	metal7	1000	72	0	0	0	0.99995
24052	3	metal7	1030	72	0	0	0	0.99995
24053	3	metal7	1060	72	0	0	0	0.99995
24054	3	metal7	1090	72	0	0	0	0.99995
24055	3	metal7	10	102	0	0	0	0.999945
24056	3	metal7	40	102	0	0	0	0.999945
24057	3	metal7	70	102	0	0	0	0.999946
24058	3	metal7	100	102	0	0	0	0.999946
24059	3	metal7	130	102	0	0	0	0.999947
24060	3	metal7	160	102	0	0	0	0.999948
24061	3	metal7	190	102	0	0	0	0.999949
24062	3	metal7	220	102	0	0	0	0.99995
24063	3	metal7	250	102	0	0	0	0.999952
24064	3	metal7	280	102	0	0	0	0.999953
24065	3	metal7	310	102	0	0	0	0.999955
24066	3	metal7	340	102	0	0	0	0.999957
24067	3	metal7	370	102	0	0	0	0.99996
24068	3	metal7	400	102	0	0	0	0.999964
24069	3	metal7	430	102	0	0	0	0.999968
24070	3	metal7	460	102	0	0	0	0.999973
24071	3	metal7	490	102	0	0	0	0.99998
24072	3	metal7	520	102	0	0	0	0.999989
24073	3	metal7	550	102	1	1	0	1
24074	3	metal7	580	102	0	0	0	0.999988
24075	3	metal7	610	102	0	0	0	0.99998
24076	3	metal7	640	102	0	0	0	0.999973
24077	3	metal7	670	102	0	0	0	0.999967
24078	3	metal7	700	102	0	0	0	0.999963
24079	3	metal7	730	102	0	0	0	0.99996
24080	3	metal7	760	102	0	0	0	0.999957
24081	3	metal7	790	102	0	0	0	0.999955
24082	3	metal7	820	102	0	0	0	0.999953
24083	3	metal7	850	102	0	0	0	0.999952
24084	3	metal7	880	102	0	0	0	0.999951
24085	3	metal7	910	102	0	0	0	0.99995
24086	3	metal7	940	102	0	0	0	0.999949
24087	3	metal7	970	102	0	0	0	0.999949
24088	3	metal7	1000	102	0	0	0	0.999948
24089	3	metal7	1030	102	0	0	0	0.999948
24090	3	metal7	1060	102	0	0	0	0.999948
24091	3	metal7	1090	102	0	0	0	0.999947
24092	3	metal7	10	132	0	0	0	0.999944
24093	3	metal7	40	132	0	0	0	0.999944
24094	3	metal7	70	132	0	0	0	0.999944
24095	3	metal7	100	132	0	0	0	0.999945
24096	3	metal7	130	132	0	0	0	0.999946
24097	3	metal7	160	132	0	0	0	0.999947
24098	3	metal7	190	132	0	0	0	0.999948
24099	3	metal7	220	132	0	0	0	0.999949
24100	3	metal7	250	132	0	0	0	0.999951
24101	3	metal7	280	132	0	0	0	0.999952
24102	3	metal7	310	132	0	0	0	0.999955
24103	3	metal7	340	132	0	0	0	0.999957
24104	3	metal7	370	132	0	0	0	0.99996
24105	3	metal7	400	132	0	0	0	0.999963
24106	3	metal7	430	132	0	0	0	0.999968
24107	3	metal7	460	132	0	0	0	0.999973
24108	3	metal7	490	132	0	0	0	0.99998
24109	3	metal7	520	132	0	0	0	0.999988
24110	3	metal7	550	132	1	1	0	1
24111	3	metal7	580	132	0	0	0	0.999988
24112	3	metal7	610	132	0	0	0	0.99998
24113	3	metal7	640	132	0	0	0	0.999973
24114	3	metal7	670	132	0	0	0	0.999967
24115	3	metal7	700	132	0	0	0	0.999963
24116	3	metal7	730	132	0	0	0	0.999959
24117	3	metal7	760	132	0	0	0	0.999957
24118	3	metal7	790	132	0	0	0	0.999954
24119	3	metal7	820	132	0	0	0	0.999953
24120	3	metal7	850	132	0	0	0	0.999951
24121	3	metal7	880	132	0	0	0	0.99995
24122	3	metal7	910	132	0	0	0	0.999949
24123	3	metal7	940	132	0	0	0	0.999948
24124	3	metal7	970	132	0	0	0	0.999947
24125	3	metal7	1000	132	0	0	0	0.999947
24126	3	metal7	1030	132	0	0	0	0.999946
24127	3	metal7	1060	132	0	0	0	0.999946
24128	3	metal7	1090	132	0	0	0	0.999946
24129	3	metal7	10	162	0	0	0	0.999943
24130	3	metal7	40	162	0	0	0	0.999944
24131	3	metal7	70	162	0	0	0	0.999944
24132	3	metal7	100	162	0	0	0	0.999944
24133	3	metal7	130	162	0	0	0	0.999945
24134	3	metal7	160	162	0	0	0	0.999946
24135	3	metal7	190	162	0	0	0	0.999947
24136	3	metal7	220	162	0	0	0	0.999949
24137	3	metal7	250	162	0	0	0	0.99995
24138	3	metal7	280	162	0	0	0	0.999952
24139	3	metal7	310	162	0	0	0	0.999955
24140	3	metal7	340	162	0	0	0	0.999957
24141	3	metal7	370	162	0	0	0	0.99996
24142	3	metal7	400	162	0	0	0	0.999964
24143	3	metal7	430	162	0	0	0	0.999968
24144	3	metal7	460	162	0	0	0	0.999974
24145	3	metal7	490	162	0	0	0	0.99998
24146	3	metal7	520	162	0	0	0	0.999989
24147	3	metal7	550	162	1	1	0	1
24148	3	metal7	580	162	0	0	0	0.999989
24149	3	metal7	610	162	0	0	0	0.99998
24150	3	metal7	640	162	0	0	0	0.999973
24151	3	metal7	670	162	0	0	0	0.999968
24152	3	metal7	700	162	0	0	0	0.999963
24153	3	metal7	730	162	0	0	0	0.99996
24154	3	metal7	760	162	0	0	0	0.999957
24155	3	metal7	790	162	0	0	0	0.999954
24156	3	metal7	820	162	0	0	0	0.999952
24157	3	metal7	850	162	0	0	0	0.999951
24158	3	metal7	880	162	0	0	0	0.999949
24159	3	metal7	910	162	0	0	0	0.999948
24160	3	metal7	940	162	0	0	0	0.999947
24161	3	metal7	970	162	0	0	0	0.999947
24162	3	metal7	1000	162	0	0	0	0.999946
24163	3	metal7	1030	162	0	0	0	0.999946
24164	3	metal7	1060	162	0	0	0	0.999945
24165	3	metal7	1090	162	0	0	0	0.999945
24166	3	metal7	10	192	0	0	0	0.999943
24167	3	metal7	40	192	0	0	0	0.999943
24168	3	metal7	70	192	0	0	0	0.999943
24169	3	metal7	100	192	0	0	0	0.999944
24170	3	metal7	130	192	0	0	0	0.999945
24171	3	metal7	160	192	0	0	0	0.999946
24172	3	metal7	190	192	0	0	0	0.999947
24173	3	metal7	220	192	0	0	0	0.999948
24174	3	metal7	250	192	0	0	0	0.99995
24175	3	metal7	280	192	0	0	0	0.999952
24176	3	metal7	310	192	0	0	0	0.999954
24177	3	metal7	340	192	0	0	0	0.999957
24178	3	metal7	370	192	0	0	0	0.99996
24179	3	metal7	400	192	0	0	0	0.999963
24180	3	metal7	430	192	0	0	0	0.999968
24181	3	metal7	460	192	0	0	0	0.999973
24182	3	metal7	490	192	0	0	0	0.99998
24183	3	metal7	520	192	0	0	0	0.999988
24184	3	metal7	550	192	1	1	0	1
24185	3	metal7	580	192	0	0	0	0.999988
24186	3	metal7	610	192	0	0	0	0.99998
24187	3	metal7	640	192	0	0	0	0.999973
24188	3	metal7	670	192	0	0	0	0.999967
24189	3	metal7	700	192	0	0	0	0.999963
24190	3	metal7	730	192	0	0	0	0.999959
24191	3	metal7	760	192	0	0	0	0.999956
24192	3	metal7	790	192	0	0	0	0.999954
24193	3	metal7	820	192	0	0	0	0.999952
24194	3	metal7	850	192	0	0	0	0.99995
24195	3	metal7	880	192	0	0	0	0.999949
24196	3	metal7	910	192	0	0	0	0.999948
24197	3	metal7	940	192	0	0	0	0.999947
24198	3	metal7	970	192	0	0	0	0.999946
24199	3	metal7	1000	192	0	0	0	0.999945
24200	3	metal7	1030	192	0	0	0	0.999945
24201	3	metal7	1060	192	0	0	0	0.999945
24202	3	metal7	1090	192	0	0	0	0.999945
24203	3	metal7	10	222	0	0	0	0.999943
24204	3	metal7	40	222	0	0	0	0.999943
24205	3	metal7	70	222	0	0	0	0.999943
24206	3	metal7	100	222	0	0	0	0.999944
24207	3	metal7	130	222	0	0	0	0.999945
24208	3	metal7	160	222	0	0	0	0.999946
24209	3	metal7	190	222	0	0	0	0.999947
24210	3	metal7	220	222	0	0	0	0.999948
24211	3	metal7	250	222	0	0	0	0.99995
24212	3	metal7	280	222	0	0	0	0.999952
24213	3	metal7	310	222	0	0	0	0.999954
24214	3	metal7	340	222	0	0	0	0.999957
24215	3	metal7	370	222	0	0	0	0.99996
24216	3	metal7	400	222	0	0	0	0.999963
24217	3	metal7	430	222	0	0	0	0.999968
24218	3	metal7	460	222	0	0	0	0.999973
24219	3	metal7	490	222	0	0	0	0.99998
24220	3	metal7	520	222	0	0	0	0.999988
24221	3	metal7	550	222	1	1	0	1
24222	3	metal7	580	222	0	0	0	0.999988
24223	3	metal7	610	222	0	0	0	0.99998
24224	3	metal7	640	222	0	0	0	0.999973
24225	3	metal7	670	222	0	0	0	0.999967
24226	3	metal7	700	222	0	0	0	0.999963
24227	3	metal7	730	222	0	0	0	0.999959
24228	3	metal7	760	222	0	0	0	0.999956
24229	3	metal7	790	222	0	0	0	0.999954
24230	3	metal7	820	222	0	0	0	0.999952
24231	3	metal7	850	222	0	0	0	0.99995
24232	3	metal7	880	222	0	0	0	0.999949
24233	3	metal7	910	222	0	0	0	0.999947
24234	3	metal7	940	222	0	0	0	0.999947
24235	3	metal7	970	222	0	0	0	0.999946
24236	3	metal7	1000	222	0	0	0	0.999945
24237	3	metal7	1030	222	0	0	0	0.999945
24238	3	metal7	1060	222	0	0	0	0.999945
24239	3	metal7	1090	222	0	0	0	0.999944
24240	3	metal7	10	252	0	0	0	0.999943
24241	3	metal7	40	252	0	0	0	0.999943
24242	3	metal7	70	252	0	0	0	0.999944
24243	3	metal7	100	252	0	0	0	0.999944
24244	3	metal7	130	252	0	0	0	0.999945
24245	3	metal7	160	252	0	0	0	0.999946
24246	3	metal7	190	252	0	0	0	0.999947
24247	3	metal7	220	252	0	0	0	0.999949
24248	3	metal7	250	252	0	0	0	0.99995
24249	3	metal7	280	252	0	0	0	0.999952
24250	3	metal7	310	252	0	0	0	0.999955
24251	3	metal7	340	252	0	0	0	0.999957
24252	3	metal7	370	252	0	0	0	0.99996
24253	3	metal7	400	252	0	0	0	0.999964
24254	3	metal7	430	252	0	0	0	0.999969
24255	3	metal7	460	252	0	0	0	0.999974
24256	3	metal7	490	252	0	0	0	0.999981
24257	3	metal7	520	252	0	0	0	0.999989
24258	3	metal7	550	252	1	1	0	1
24259	3	metal7	580	252	0	0	0	0.999989
24260	3	metal7	610	252	0	0	0	0.99998
24261	3	metal7	640	252	0	0	0	0.999973
24262	3	metal7	670	252	0	0	0	0.999968
24263	3	metal7	700	252	0	0	0	0.999963
24264	3	metal7	730	252	0	0	0	0.99996
24265	3	metal7	760	252	0	0	0	0.999957
24266	3	metal7	790	252	0	0	0	0.999954
24267	3	metal7	820	252	0	0	0	0.999952
24268	3	metal7	850	252	0	0	0	0.99995
24269	3	metal7	880	252	0	0	0	0.999949
24270	3	metal7	910	252	0	0	0	0.999948
24271	3	metal7	940	252	0	0	0	0.999947
24272	3	metal7	970	252	0	0	0	0.999946
24273	3	metal7	1000	252	0	0	0	0.999945
24274	3	metal7	1030	252	0	0	0	0.999945
24275	3	metal7	1060	252	0	0	0	0.999945
24276	3	metal7	1090	252	0	0	0	0.999945
24277	3	metal7	10	282	0	0	0	0.999943
24278	3	metal7	40	282	0	0	0	0.999943
24279	3	metal7	70	282	0	0	0	0.999944
24280	3	metal7	100	282	0	0	0	0.999944
24281	3	metal7	130	282	0	0	0	0.999945
24282	3	metal7	160	282	0	0	0	0.999946
24283	3	metal7	190	282	0	0	0	0.999947
24284	3	metal7	220	282	0	0	0	0.999949
24285	3	metal7	250	282	0	0	0	0.99995
24286	3	metal7	280	282	0	0	0	0.999952
24287	3	metal7	310	282	0	0	0	0.999955
24288	3	metal7	340	282	0	0	0	0.999957
24289	3	metal7	370	282	0	0	0	0.99996
24290	3	metal7	400	282	0	0	0	0.999964
24291	3	metal7	430	282	0	0	0	0.999968
24292	3	metal7	460	282	0	0	0	0.999973
24293	3	metal7	490	282	0	0	0	0.99998
24294	3	metal7	520	282	0	0	0	0.999989
24295	3	metal7	550	282	1	1	0	1
24296	3	metal7	580	282	0	0	0	0.999988
24297	3	metal7	610	282	0	0	0	0.99998
24298	3	metal7	640	282	0	0	0	0.999973
24299	3	metal7	670	282	0	0	0	0.999967
24300	3	metal7	700	282	0	0	0	0.999963
24301	3	metal7	730	282	0	0	0	0.999959
24302	3	metal7	760	282	0	0	0	0.999956
24303	3	metal7	790	282	0	0	0	0.999954
24304	3	metal7	820	282	0	0	0	0.999952
24305	3	metal7	850	282	0	0	0	0.99995
24306	3	metal7	880	282	0	0	0	0.999949
24307	3	metal7	910	282	0	0	0	0.999948
24308	3	metal7	940	282	0	0	0	0.999947
24309	3	metal7	970	282	0	0	0	0.999946
24310	3	metal7	1000	282	0	0	0	0.999946
24311	3	metal7	1030	282	0	0	0	0.999945
24312	3	metal7	1060	282	0	0	0	0.999945
24313	3	metal7	1090	282	0	0	0	0.999945
24314	3	metal7	10	312	0	0	0	0.999944
24315	3	metal7	40	312	0	0	0	0.999944
24316	3	metal7	70	312	0	0	0	0.999944
24317	3	metal7	100	312	0	0	0	0.999945
24318	3	metal7	130	312	0	0	0	0.999946
24319	3	metal7	160	312	0	0	0	0.999947
24320	3	metal7	190	312	0	0	0	0.999948
24321	3	metal7	220	312	0	0	0	0.999949
24322	3	metal7	250	312	0	0	0	0.999951
24323	3	metal7	280	312	0	0	0	0.999953
24324	3	metal7	310	312	0	0	0	0.999955
24325	3	metal7	340	312	0	0	0	0.999958
24326	3	metal7	370	312	0	0	0	0.999961
24327	3	metal7	400	312	0	0	0	0.999964
24328	3	metal7	430	312	0	0	0	0.999969
24329	3	metal7	460	312	0	0	0	0.999974
24330	3	metal7	490	312	0	0	0	0.999981
24331	3	metal7	520	312	0	0	0	0.999989
24332	3	metal7	550	312	1	1	0	1
24333	3	metal7	580	312	0	0	0	0.999989
24334	3	metal7	610	312	0	0	0	0.99998
24335	3	metal7	640	312	0	0	0	0.999973
24336	3	metal7	670	312	0	0	0	0.999968
24337	3	metal7	700	312	0	0	0	0.999963
24338	3	metal7	730	312	0	0	0	0.99996
24339	3	metal7	760	312	0	0	0	0.999957
24340	3	metal7	790	312	0	0	0	0.999954
24341	3	metal7	820	312	0	0	0	0.999952
24342	3	metal7	850	312	0	0	0	0.999951
24343	3	metal7	880	312	0	0	0	0.999949
24344	3	metal7	910	312	0	0	0	0.999948
24345	3	metal7	940	312	0	0	0	0.999947
24346	3	metal7	970	312	0	0	0	0.999947
24347	3	metal7	1000	312	0	0	0	0.999946
24348	3	metal7	1030	312	0	0	0	0.999946
24349	3	metal7	1060	312	0	0	0	0.999945
24350	3	metal7	1090	312	0	0	0	0.999945
24351	3	metal7	10	342	0	0	0	0.999944
24352	3	metal7	40	342	0	0	0	0.999944
24353	3	metal7	70	342	0	0	0	0.999944
24354	3	metal7	100	342	0	0	0	0.999945
24355	3	metal7	130	342	0	0	0	0.999946
24356	3	metal7	160	342	0	0	0	0.999947
24357	3	metal7	190	342	0	0	0	0.999948
24358	3	metal7	220	342	0	0	0	0.999949
24359	3	metal7	250	342	0	0	0	0.999951
24360	3	metal7	280	342	0	0	0	0.999953
24361	3	metal7	310	342	0	0	0	0.999955
24362	3	metal7	340	342	0	0	0	0.999957
24363	3	metal7	370	342	0	0	0	0.99996
24364	3	metal7	400	342	0	0	0	0.999964
24365	3	metal7	430	342	0	0	0	0.999968
24366	3	metal7	460	342	0	0	0	0.999974
24367	3	metal7	490	342	0	0	0	0.99998
24368	3	metal7	520	342	0	0	0	0.999989
24369	3	metal7	550	342	1	1	0	1
24370	3	metal7	580	342	0	0	0	0.999988
24371	3	metal7	610	342	0	0	0	0.99998
24372	3	metal7	640	342	0	0	0	0.999973
24373	3	metal7	670	342	0	0	0	0.999967
24374	3	metal7	700	342	0	0	0	0.999963
24375	3	metal7	730	342	0	0	0	0.99996
24376	3	metal7	760	342	0	0	0	0.999957
24377	3	metal7	790	342	0	0	0	0.999954
24378	3	metal7	820	342	0	0	0	0.999952
24379	3	metal7	850	342	0	0	0	0.999951
24380	3	metal7	880	342	0	0	0	0.999949
24381	3	metal7	910	342	0	0	0	0.999948
24382	3	metal7	940	342	0	0	0	0.999948
24383	3	metal7	970	342	0	0	0	0.999947
24384	3	metal7	1000	342	0	0	0	0.999947
24385	3	metal7	1030	342	0	0	0	0.999946
24386	3	metal7	1060	342	0	0	0	0.999946
24387	3	metal7	1090	342	0	0	0	0.999946
24388	3	metal7	10	372	0	0	0	0.999944
24389	3	metal7	40	372	0	0	0	0.999945
24390	3	metal7	70	372	0	0	0	0.999945
24391	3	metal7	100	372	0	0	0	0.999945
24392	3	metal7	130	372	0	0	0	0.999946
24393	3	metal7	160	372	0	0	0	0.999947
24394	3	metal7	190	372	0	0	0	0.999948
24395	3	metal7	220	372	0	0	0	0.999949
24396	3	metal7	250	372	0	0	0	0.999951
24397	3	metal7	280	372	0	0	0	0.999953
24398	3	metal7	310	372	0	0	0	0.999955
24399	3	metal7	340	372	0	0	0	0.999958
24400	3	metal7	370	372	0	0	0	0.999961
24401	3	metal7	400	372	0	0	0	0.999964
24402	3	metal7	430	372	0	0	0	0.999969
24403	3	metal7	460	372	0	0	0	0.999974
24404	3	metal7	490	372	0	0	0	0.999981
24405	3	metal7	520	372	0	0	0	0.999989
24406	3	metal7	550	372	1	1	0	1
24407	3	metal7	580	372	0	0	0	0.999989
24408	3	metal7	610	372	0	0	0	0.99998
24409	3	metal7	640	372	0	0	0	0.999973
24410	3	metal7	670	372	0	0	0	0.999968
24411	3	metal7	700	372	0	0	0	0.999963
24412	3	metal7	730	372	0	0	0	0.99996
24413	3	metal7	760	372	0	0	0	0.999957
24414	3	metal7	790	372	0	0	0	0.999955
24415	3	metal7	820	372	0	0	0	0.999953
24416	3	metal7	850	372	0	0	0	0.999951
24417	3	metal7	880	372	0	0	0	0.99995
24418	3	metal7	910	372	0	0	0	0.999949
24419	3	metal7	940	372	0	0	0	0.999948
24420	3	metal7	970	372	0	0	0	0.999948
24421	3	metal7	1000	372	0	0	0	0.999947
24422	3	metal7	1030	372	0	0	0	0.999947
24423	3	metal7	1060	372	0	0	0	0.999947
24424	3	metal7	1090	372	0	0	0	0.999946
24425	3	metal7	10	402	0	0	0	0.999944
24426	3	metal7	40	402	0	0	0	0.999945
24427	3	metal7	70	402	0	0	0	0.999945
24428	3	metal7	100	402	0	0	0	0.999946
24429	3	metal7	130	402	0	0	0	0.999946
24430	3	metal7	160	402	0	0	0	0.999947
24431	3	metal7	190	402	0	0	0	0.999948
24432	3	metal7	220	402	0	0	0	0.999949
24433	3	metal7	250	402	0	0	0	0.999951
24434	3	metal7	280	402	0	0	0	0.999953
24435	3	metal7	310	402	0	0	0	0.999955
24436	3	metal7	340	402	0	0	0	0.999957
24437	3	metal7	370	402	0	0	0	0.99996
24438	3	metal7	400	402	0	0	0	0.999963
24439	3	metal7	430	402	0	0	0	0.999968
24440	3	metal7	460	402	0	0	0	0.999972
24441	3	metal7	490	402	0	0	0	0.999979
24442	3	metal7	520	402	0	0	0	0.999988
24443	3	metal7	550	402	1	1	0	1
24444	3	metal7	580	402	0	0	0	0.999988
24445	3	metal7	610	402	0	0	0	0.999979
24446	3	metal7	640	402	0	0	0	0.999973
24447	3	metal7	670	402	0	0	0	0.999967
24448	3	metal7	700	402	0	0	0	0.999963
24449	3	metal7	730	402	0	0	0	0.99996
24450	3	metal7	760	402	0	0	0	0.999957
24451	3	metal7	790	402	0	0	0	0.999954
24452	3	metal7	820	402	0	0	0	0.999953
24453	3	metal7	850	402	0	0	0	0.999951
24454	3	metal7	880	402	0	0	0	0.99995
24455	3	metal7	910	402	0	0	0	0.999949
24456	3	metal7	940	402	0	0	0	0.999949
24457	3	metal7	970	402	0	0	0	0.999948
24458	3	metal7	1000	402	0	0	0	0.999948
24459	3	metal7	1030	402	0	0	0	0.999947
24460	3	metal7	1060	402	0	0	0	0.999947
24461	3	metal7	1090	402	0	0	0	0.999947
24462	3	metal7	10	432	0	0	0	0.999945
24463	3	metal7	40	432	0	0	0	0.999945
24464	3	metal7	70	432	0	0	0	0.999946
24465	3	metal7	100	432	0	0	0	0.999946
24466	3	metal7	130	432	0	0	0	0.999947
24467	3	metal7	160	432	0	0	0	0.999948
24468	3	metal7	190	432	0	0	0	0.999949
24469	3	metal7	220	432	0	0	0	0.99995
24470	3	metal7	250	432	0	0	0	0.999952
24471	3	metal7	280	432	0	0	0	0.999953
24472	3	metal7	310	432	0	0	0	0.999956
24473	3	metal7	340	432	0	0	0	0.999958
24474	3	metal7	370	432	0	0	0	0.999961
24475	3	metal7	400	432	0	0	0	0.999965
24476	3	metal7	430	432	0	0	0	0.999969
24477	3	metal7	460	432	0	0	0	0.999975
24478	3	metal7	490	432	0	0	0	0.999981
24479	3	metal7	520	432	0	0	0	0.999989
24480	3	metal7	550	432	1	1	0	1
24481	3	metal7	580	432	0	0	0	0.999989
24482	3	metal7	610	432	0	0	0	0.999981
24483	3	metal7	640	432	0	0	0	0.999974
24484	3	metal7	670	432	0	0	0	0.999969
24485	3	metal7	700	432	0	0	0	0.999965
24486	3	metal7	730	432	0	0	0	0.999961
24487	3	metal7	760	432	0	0	0	0.999958
24488	3	metal7	790	432	0	0	0	0.999956
24489	3	metal7	820	432	0	0	0	0.999954
24490	3	metal7	850	432	0	0	0	0.999953
24491	3	metal7	880	432	0	0	0	0.999951
24492	3	metal7	910	432	0	0	0	0.99995
24493	3	metal7	940	432	0	0	0	0.99995
24494	3	metal7	970	432	0	0	0	0.999949
24495	3	metal7	1000	432	0	0	0	0.999949
24496	3	metal7	1030	432	0	0	0	0.999948
24497	3	metal7	1060	432	0	0	0	0.999948
24498	3	metal7	1090	432	0	0	0	0.999948
24499	3	metal7	10	462	0	0	0	0.999945
24500	3	metal7	40	462	0	0	0	0.999945
24501	3	metal7	70	462	0	0	0	0.999946
24502	3	metal7	100	462	0	0	0	0.999946
24503	3	metal7	130	462	0	0	0	0.999947
24504	3	metal7	160	462	0	0	0	0.999948
24505	3	metal7	190	462	0	0	0	0.999949
24506	3	metal7	220	462	0	0	0	0.99995
24507	3	metal7	250	462	0	0	0	0.999951
24508	3	metal7	280	462	0	0	0	0.999953
24509	3	metal7	310	462	0	0	0	0.999955
24510	3	metal7	340	462	0	0	0	0.999957
24511	3	metal7	370	462	0	0	0	0.99996
24512	3	metal7	400	462	0	0	0	0.999963
24513	3	metal7	430	462	0	0	0	0.999968
24514	3	metal7	460	462	0	0	0	0.999973
24515	3	metal7	490	462	0	0	0	0.99998
24516	3	metal7	520	462	0	0	0	0.999988
24517	3	metal7	550	462	1	1	0	1
24518	3	metal7	580	462	0	0	0	0.999988
24519	3	metal7	610	462	0	0	0	0.99998
24520	3	metal7	640	462	0	0	0	0.999973
24521	3	metal7	670	462	0	0	0	0.999968
24522	3	metal7	700	462	0	0	0	0.999964
24523	3	metal7	730	462	0	0	0	0.99996
24524	3	metal7	760	462	0	0	0	0.999958
24525	3	metal7	790	462	0	0	0	0.999956
24526	3	metal7	820	462	0	0	0	0.999954
24527	3	metal7	850	462	0	0	0	0.999953
24528	3	metal7	880	462	0	0	0	0.999952
24529	3	metal7	910	462	0	0	0	0.999951
24530	3	metal7	940	462	0	0	0	0.99995
24531	3	metal7	970	462	0	0	0	0.999949
24532	3	metal7	1000	462	0	0	0	0.999949
24533	3	metal7	1030	462	0	0	0	0.999949
24534	3	metal7	1060	462	0	0	0	0.999949
24535	3	metal7	1090	462	0	0	0	0.999948
24536	3	metal7	10	492	0	0	0	0.999946
24537	3	metal7	40	492	0	0	0	0.999946
24538	3	metal7	70	492	0	0	0	0.999946
24539	3	metal7	100	492	0	0	0	0.999947
24540	3	metal7	130	492	0	0	0	0.999947
24541	3	metal7	160	492	0	0	0	0.999948
24542	3	metal7	190	492	0	0	0	0.999949
24543	3	metal7	220	492	0	0	0	0.99995
24544	3	metal7	250	492	0	0	0	0.999952
24545	3	metal7	280	492	0	0	0	0.999953
24546	3	metal7	310	492	0	0	0	0.999956
24547	3	metal7	340	492	0	0	0	0.999958
24548	3	metal7	370	492	0	0	0	0.999961
24549	3	metal7	400	492	0	0	0	0.999965
24550	3	metal7	430	492	0	0	0	0.999969
24551	3	metal7	460	492	0	0	0	0.999974
24552	3	metal7	490	492	0	0	0	0.999981
24553	3	metal7	520	492	0	0	0	0.999989
24554	3	metal7	550	492	1	1	0	1
24555	3	metal7	580	492	0	0	0	0.999989
24556	3	metal7	610	492	0	0	0	0.999981
24557	3	metal7	640	492	0	0	0	0.999974
24558	3	metal7	670	492	0	0	0	0.999969
24559	3	metal7	700	492	0	0	0	0.999965
24560	3	metal7	730	492	0	0	0	0.999962
24561	3	metal7	760	492	0	0	0	0.999959
24562	3	metal7	790	492	0	0	0	0.999957
24563	3	metal7	820	492	0	0	0	0.999955
24564	3	metal7	850	492	0	0	0	0.999954
24565	3	metal7	880	492	0	0	0	0.999953
24566	3	metal7	910	492	0	0	0	0.999952
24567	3	metal7	940	492	0	0	0	0.999951
24568	3	metal7	970	492	0	0	0	0.99995
24569	3	metal7	1000	492	0	0	0	0.99995
24570	3	metal7	1030	492	0	0	0	0.99995
24571	3	metal7	1060	492	0	0	0	0.999949
24572	3	metal7	1090	492	0	0	0	0.999949
24573	3	metal7	10	522	0	0	0	0.999946
24574	3	metal7	40	522	0	0	0	0.999946
24575	3	metal7	70	522	0	0	0	0.999946
24576	3	metal7	100	522	0	0	0	0.999947
24577	3	metal7	130	522	0	0	0	0.999947
24578	3	metal7	160	522	0	0	0	0.999948
24579	3	metal7	190	522	0	0	0	0.999949
24580	3	metal7	220	522	0	0	0	0.99995
24581	3	metal7	250	522	0	0	0	0.999952
24582	3	metal7	280	522	0	0	0	0.999953
24583	3	metal7	310	522	0	0	0	0.999956
24584	3	metal7	340	522	0	0	0	0.999958
24585	3	metal7	370	522	0	0	0	0.999961
24586	3	metal7	400	522	0	0	0	0.999965
24587	3	metal7	430	522	0	0	0	0.999969
24588	3	metal7	460	522	0	0	0	0.999974
24589	3	metal7	490	522	0	0	0	0.999981
24590	3	metal7	520	522	0	0	0	0.999989
24591	3	metal7	550	522	1	1	0	1
24592	3	metal7	580	522	0	0	0	0.999989
24593	3	metal7	610	522	0	0	0	0.999981
24594	3	metal7	640	522	0	0	0	0.999975
24595	3	metal7	670	522	0	0	0	0.99997
24596	3	metal7	700	522	0	0	0	0.999966
24597	3	metal7	730	522	0	0	0	0.999963
24598	3	metal7	760	522	0	0	0	0.99996
24599	3	metal7	790	522	0	0	0	0.999958
24600	3	metal7	820	522	0	0	0	0.999956
24601	3	metal7	850	522	0	0	0	0.999955
24602	3	metal7	880	522	0	0	0	0.999953
24603	3	metal7	910	522	0	0	0	0.999952
24604	3	metal7	940	522	0	0	0	0.999952
24605	3	metal7	970	522	0	0	0	0.999951
24606	3	metal7	1000	522	0	0	0	0.999951
24607	3	metal7	1030	522	0	0	0	0.99995
24608	3	metal7	1060	522	0	0	0	0.99995
24609	3	metal7	1090	522	0	0	0	0.99995
24610	3	metal7	10	552	0	0	0	0.999946
24611	3	metal7	40	552	0	0	0	0.999946
24612	3	metal7	70	552	0	0	0	0.999947
24613	3	metal7	100	552	0	0	0	0.999947
24614	3	metal7	130	552	0	0	0	0.999947
24615	3	metal7	160	552	0	0	0	0.999948
24616	3	metal7	190	552	0	0	0	0.999949
24617	3	metal7	220	552	0	0	0	0.99995
24618	3	metal7	250	552	0	0	0	0.999952
24619	3	metal7	280	552	0	0	0	0.999953
24620	3	metal7	310	552	0	0	0	0.999956
24621	3	metal7	340	552	0	0	0	0.999958
24622	3	metal7	370	552	0	0	0	0.999962
24623	3	metal7	400	552	0	0	0	0.999965
24624	3	metal7	430	552	0	0	0	0.99997
24625	3	metal7	460	552	0	0	0	0.999975
24626	3	metal7	490	552	0	0	0	0.999981
24627	3	metal7	520	552	0	0	0	0.999989
24628	3	metal7	550	552	1	1	0	1
24629	3	metal7	580	552	0	0	0	0.99999
24630	3	metal7	610	552	0	0	0	0.999982
24631	3	metal7	640	552	0	0	0	0.999976
24632	3	metal7	670	552	0	0	0	0.999971
24633	3	metal7	700	552	0	0	0	0.999967
24634	3	metal7	730	552	0	0	0	0.999964
24635	3	metal7	760	552	0	0	0	0.999961
24636	3	metal7	790	552	0	0	0	0.999959
24637	3	metal7	820	552	0	0	0	0.999957
24638	3	metal7	850	552	0	0	0	0.999955
24639	3	metal7	880	552	0	0	0	0.999954
24640	3	metal7	910	552	0	0	0	0.999953
24641	3	metal7	940	552	0	0	0	0.999952
24642	3	metal7	970	552	0	0	0	0.999952
24643	3	metal7	1000	552	0	0	0	0.999951
24644	3	metal7	1030	552	0	0	0	0.999951
24645	3	metal7	1060	552	0	0	0	0.999951
24646	3	metal7	1090	552	0	0	0	0.999951
24647	3	metal7	10	582	0	0	0	0.999946
24648	3	metal7	40	582	0	0	0	0.999946
24649	3	metal7	70	582	0	0	0	0.999947
24650	3	metal7	100	582	0	0	0	0.999947
24651	3	metal7	130	582	0	0	0	0.999947
24652	3	metal7	160	582	0	0	0	0.999948
24653	3	metal7	190	582	0	0	0	0.999949
24654	3	metal7	220	582	0	0	0	0.99995
24655	3	metal7	250	582	0	0	0	0.999951
24656	3	metal7	280	582	0	0	0	0.999953
24657	3	metal7	310	582	0	0	0	0.999955
24658	3	metal7	340	582	0	0	0	0.999958
24659	3	metal7	370	582	0	0	0	0.999961
24660	3	metal7	400	582	0	0	0	0.999965
24661	3	metal7	430	582	0	0	0	0.999969
24662	3	metal7	460	582	0	0	0	0.999974
24663	3	metal7	490	582	0	0	0	0.999981
24664	3	metal7	520	582	0	0	0	0.999989
24665	3	metal7	550	582	1	1	0	1
24666	3	metal7	580	582	0	0	0	0.99999
24667	3	metal7	610	582	0	0	0	0.999982
24668	3	metal7	640	582	0	0	0	0.999976
24669	3	metal7	670	582	0	0	0	0.999971
24670	3	metal7	700	582	0	0	0	0.999967
24671	3	metal7	730	582	0	0	0	0.999964
24672	3	metal7	760	582	0	0	0	0.999961
24673	3	metal7	790	582	0	0	0	0.999959
24674	3	metal7	820	582	0	0	0	0.999957
24675	3	metal7	850	582	0	0	0	0.999956
24676	3	metal7	880	582	0	0	0	0.999955
24677	3	metal7	910	582	0	0	0	0.999954
24678	3	metal7	940	582	0	0	0	0.999953
24679	3	metal7	970	582	0	0	0	0.999952
24680	3	metal7	1000	582	0	0	0	0.999952
24681	3	metal7	1030	582	0	0	0	0.999951
24682	3	metal7	1060	582	0	0	0	0.999951
24683	3	metal7	1090	582	0	0	0	0.999951
24684	3	metal7	10	612	0	0	0	0.999947
24685	3	metal7	40	612	0	0	0	0.999947
24686	3	metal7	70	612	0	0	0	0.999947
24687	3	metal7	100	612	0	0	0	0.999947
24688	3	metal7	130	612	0	0	0	0.999947
24689	3	metal7	160	612	0	0	0	0.999948
24690	3	metal7	190	612	0	0	0	0.999949
24691	3	metal7	220	612	0	0	0	0.99995
24692	3	metal7	250	612	0	0	0	0.999951
24693	3	metal7	280	612	0	0	0	0.999953
24694	3	metal7	310	612	0	0	0	0.999956
24695	3	metal7	340	612	0	0	0	0.999958
24696	3	metal7	370	612	0	0	0	0.999962
24697	3	metal7	400	612	0	0	0	0.999965
24698	3	metal7	430	612	0	0	0	0.99997
24699	3	metal7	460	612	0	0	0	0.999975
24700	3	metal7	490	612	0	0	0	0.999982
24701	3	metal7	520	612	0	0	0	0.99999
24702	3	metal7	550	612	1	1	0	1
24703	3	metal7	580	612	0	0	0	0.99999
24704	3	metal7	610	612	0	0	0	0.999982
24705	3	metal7	640	612	0	0	0	0.999976
24706	3	metal7	670	612	0	0	0	0.999972
24707	3	metal7	700	612	0	0	0	0.999968
24708	3	metal7	730	612	0	0	0	0.999964
24709	3	metal7	760	612	0	0	0	0.999962
24710	3	metal7	790	612	0	0	0	0.99996
24711	3	metal7	820	612	0	0	0	0.999958
24712	3	metal7	850	612	0	0	0	0.999956
24713	3	metal7	880	612	0	0	0	0.999955
24714	3	metal7	910	612	0	0	0	0.999954
24715	3	metal7	940	612	0	0	0	0.999953
24716	3	metal7	970	612	0	0	0	0.999953
24717	3	metal7	1000	612	0	0	0	0.999952
24718	3	metal7	1030	612	0	0	0	0.999952
24719	3	metal7	1060	612	0	0	0	0.999952
24720	3	metal7	1090	612	0	0	0	0.999952
24721	3	metal7	10	642	0	0	0	0.999947
24722	3	metal7	40	642	0	0	0	0.999947
24723	3	metal7	70	642	0	0	0	0.999947
24724	3	metal7	100	642	0	0	0	0.999948
24725	3	metal7	130	642	0	0	0	0.999948
24726	3	metal7	160	642	0	0	0	0.999948
24727	3	metal7	190	642	0	0	0	0.999949
24728	3	metal7	220	642	0	0	0	0.99995
24729	3	metal7	250	642	0	0	0	0.999951
24730	3	metal7	280	642	0	0	0	0.999953
24731	3	metal7	310	642	0	0	0	0.999955
24732	3	metal7	340	642	0	0	0	0.999958
24733	3	metal7	370	642	0	0	0	0.999961
24734	3	metal7	400	642	0	0	0	0.999965
24735	3	metal7	430	642	0	0	0	0.999969
24736	3	metal7	460	642	0	0	0	0.999974
24737	3	metal7	490	642	0	0	0	0.999981
24738	3	metal7	520	642	0	0	0	0.999989
24739	3	metal7	550	642	1	1	0	1
24740	3	metal7	580	642	0	0	0	0.99999
24741	3	metal7	610	642	0	0	0	0.999982
24742	3	metal7	640	642	0	0	0	0.999976
24743	3	metal7	670	642	0	0	0	0.999971
24744	3	metal7	700	642	0	0	0	0.999967
24745	3	metal7	730	642	0	0	0	0.999964
24746	3	metal7	760	642	0	0	0	0.999962
24747	3	metal7	790	642	0	0	0	0.99996
24748	3	metal7	820	642	0	0	0	0.999958
24749	3	metal7	850	642	0	0	0	0.999957
24750	3	metal7	880	642	0	0	0	0.999955
24751	3	metal7	910	642	0	0	0	0.999954
24752	3	metal7	940	642	0	0	0	0.999954
24753	3	metal7	970	642	0	0	0	0.999953
24754	3	metal7	1000	642	0	0	0	0.999953
24755	3	metal7	1030	642	0	0	0	0.999952
24756	3	metal7	1060	642	0	0	0	0.999952
24757	3	metal7	1090	642	0	0	0	0.999952
24758	3	metal7	10	672	0	0	0	0.999948
24759	3	metal7	40	672	0	0	0	0.999948
24760	3	metal7	70	672	0	0	0	0.999948
24761	3	metal7	100	672	0	0	0	0.999949
24762	3	metal7	130	672	0	0	0	0.999949
24763	3	metal7	160	672	0	0	0	0.999949
24764	3	metal7	190	672	0	0	0	0.99995
24765	3	metal7	220	672	0	0	0	0.999951
24766	3	metal7	250	672	0	0	0	0.999952
24767	3	metal7	280	672	0	0	0	0.999954
24768	3	metal7	310	672	0	0	0	0.999956
24769	3	metal7	340	672	0	0	0	0.999959
24770	3	metal7	370	672	0	0	0	0.999962
24771	3	metal7	400	672	0	0	0	0.999965
24772	3	metal7	430	672	0	0	0	0.99997
24773	3	metal7	460	672	0	0	0	0.999975
24774	3	metal7	490	672	0	0	0	0.999981
24775	3	metal7	520	672	0	0	0	0.999989
24776	3	metal7	550	672	1	1	0	1
24777	3	metal7	580	672	0	0	0	0.99999
24778	3	metal7	610	672	0	0	0	0.999982
24779	3	metal7	640	672	0	0	0	0.999976
24780	3	metal7	670	672	0	0	0	0.999971
24781	3	metal7	700	672	0	0	0	0.999968
24782	3	metal7	730	672	0	0	0	0.999965
24783	3	metal7	760	672	0	0	0	0.999962
24784	3	metal7	790	672	0	0	0	0.99996
24785	3	metal7	820	672	0	0	0	0.999958
24786	3	metal7	850	672	0	0	0	0.999957
24787	3	metal7	880	672	0	0	0	0.999956
24788	3	metal7	910	672	0	0	0	0.999955
24789	3	metal7	940	672	0	0	0	0.999954
24790	3	metal7	970	672	0	0	0	0.999953
24791	3	metal7	1000	672	0	0	0	0.999953
24792	3	metal7	1030	672	0	0	0	0.999953
24793	3	metal7	1060	672	0	0	0	0.999952
24794	3	metal7	1090	672	0	0	0	0.999952
24795	3	metal7	10	702	0	0	0	0.999949
24796	3	metal7	40	702	0	0	0	0.999949
24797	3	metal7	70	702	0	0	0	0.99995
24798	3	metal7	100	702	0	0	0	0.99995
24799	3	metal7	130	702	0	0	0	0.99995
24800	3	metal7	160	702	0	0	0	0.999951
24801	3	metal7	190	702	0	0	0	0.999952
24802	3	metal7	220	702	0	0	0	0.999953
24803	3	metal7	250	702	0	0	0	0.999954
24804	3	metal7	280	702	0	0	0	0.999956
24805	3	metal7	310	702	0	0	0	0.999958
24806	3	metal7	340	702	0	0	0	0.99996
24807	3	metal7	370	702	0	0	0	0.999963
24808	3	metal7	400	702	0	0	0	0.999967
24809	3	metal7	430	702	0	0	0	0.999971
24810	3	metal7	460	702	0	0	0	0.999976
24811	3	metal7	490	702	0	0	0	0.999982
24812	3	metal7	520	702	0	0	0	0.99999
24813	3	metal7	550	702	1	1	0	1
24814	3	metal7	580	702	0	0	0	0.99999
24815	3	metal7	610	702	0	0	0	0.999983
24816	3	metal7	640	702	0	0	0	0.999977
24817	3	metal7	670	702	0	0	0	0.999972
24818	3	metal7	700	702	0	0	0	0.999969
24819	3	metal7	730	702	0	0	0	0.999965
24820	3	metal7	760	702	0	0	0	0.999963
24821	3	metal7	790	702	0	0	0	0.999961
24822	3	metal7	820	702	0	0	0	0.999959
24823	3	metal7	850	702	0	0	0	0.999958
24824	3	metal7	880	702	0	0	0	0.999957
24825	3	metal7	910	702	0	0	0	0.999956
24826	3	metal7	940	702	0	0	0	0.999955
24827	3	metal7	970	702	0	0	0	0.999954
24828	3	metal7	1000	702	0	0	0	0.999954
24829	3	metal7	1030	702	0	0	0	0.999953
24830	3	metal7	1060	702	0	0	0	0.999953
24831	3	metal7	1090	702	0	0	0	0.999953
24832	3	metal7	10	732	0	0	0	0.99995
24833	3	metal7	40	732	0	0	0	0.999951
24834	3	metal7	70	732	0	0	0	0.999951
24835	3	metal7	100	732	0	0	0	0.999951
24836	3	metal7	130	732	0	0	0	0.999951
24837	3	metal7	160	732	0	0	0	0.999952
24838	3	metal7	190	732	0	0	0	0.999953
24839	3	metal7	220	732	0	0	0	0.999954
24840	3	metal7	250	732	0	0	0	0.999955
24841	3	metal7	280	732	0	0	0	0.999957
24842	3	metal7	310	732	0	0	0	0.999959
24843	3	metal7	340	732	0	0	0	0.999961
24844	3	metal7	370	732	0	0	0	0.999964
24845	3	metal7	400	732	0	0	0	0.999967
24846	3	metal7	430	732	0	0	0	0.999971
24847	3	metal7	460	732	0	0	0	0.999975
24848	3	metal7	490	732	0	0	0	0.999982
24849	3	metal7	520	732	0	0	0	0.99999
24850	3	metal7	550	732	1	1	0	1
24851	3	metal7	580	732	0	0	0	0.99999
24852	3	metal7	610	732	0	0	0	0.999983
24853	3	metal7	640	732	0	0	0	0.999977
24854	3	metal7	670	732	0	0	0	0.999972
24855	3	metal7	700	732	0	0	0	0.999969
24856	3	metal7	730	732	0	0	0	0.999966
24857	3	metal7	760	732	0	0	0	0.999963
24858	3	metal7	790	732	0	0	0	0.999961
24859	3	metal7	820	732	0	0	0	0.99996
24860	3	metal7	850	732	0	0	0	0.999958
24861	3	metal7	880	732	0	0	0	0.999957
24862	3	metal7	910	732	0	0	0	0.999956
24863	3	metal7	940	732	0	0	0	0.999955
24864	3	metal7	970	732	0	0	0	0.999955
24865	3	metal7	1000	732	0	0	0	0.999954
24866	3	metal7	1030	732	0	0	0	0.999954
24867	3	metal7	1060	732	0	0	0	0.999953
24868	3	metal7	1090	732	0	0	0	0.999953
24869	3	metal7	10	762	0	0	0	0.999952
24870	3	metal7	40	762	0	0	0	0.999952
24871	3	metal7	70	762	0	0	0	0.999952
24872	3	metal7	100	762	0	0	0	0.999952
24873	3	metal7	130	762	0	0	0	0.999953
24874	3	metal7	160	762	0	0	0	0.999953
24875	3	metal7	190	762	0	0	0	0.999954
24876	3	metal7	220	762	0	0	0	0.999955
24877	3	metal7	250	762	0	0	0	0.999956
24878	3	metal7	280	762	0	0	0	0.999958
24879	3	metal7	310	762	0	0	0	0.99996
24880	3	metal7	340	762	0	0	0	0.999962
24881	3	metal7	370	762	0	0	0	0.999965
24882	3	metal7	400	762	0	0	0	0.999968
24883	3	metal7	430	762	0	0	0	0.999972
24884	3	metal7	460	762	0	0	0	0.999976
24885	3	metal7	490	762	0	0	0	0.999982
24886	3	metal7	520	762	0	0	0	0.99999
24887	3	metal7	550	762	1	1	0	1
24888	3	metal7	580	762	0	0	0	0.99999
24889	3	metal7	610	762	0	0	0	0.999983
24890	3	metal7	640	762	0	0	0	0.999978
24891	3	metal7	670	762	0	0	0	0.999973
24892	3	metal7	700	762	0	0	0	0.999969
24893	3	metal7	730	762	0	0	0	0.999966
24894	3	metal7	760	762	0	0	0	0.999964
24895	3	metal7	790	762	0	0	0	0.999962
24896	3	metal7	820	762	0	0	0	0.99996
24897	3	metal7	850	762	0	0	0	0.999959
24898	3	metal7	880	762	0	0	0	0.999958
24899	3	metal7	910	762	0	0	0	0.999957
24900	3	metal7	940	762	0	0	0	0.999956
24901	3	metal7	970	762	0	0	0	0.999955
24902	3	metal7	1000	762	0	0	0	0.999955
24903	3	metal7	1030	762	0	0	0	0.999954
24904	3	metal7	1060	762	0	0	0	0.999954
24905	3	metal7	1090	762	0	0	0	0.999954
24906	3	metal7	10	792	0	0	0	0.999953
24907	3	metal7	40	792	0	0	0	0.999953
24908	3	metal7	70	792	0	0	0	0.999953
24909	3	metal7	100	792	0	0	0	0.999954
24910	3	metal7	130	792	0	0	0	0.999954
24911	3	metal7	160	792	0	0	0	0.999955
24912	3	metal7	190	792	0	0	0	0.999955
24913	3	metal7	220	792	0	0	0	0.999956
24914	3	metal7	250	792	0	0	0	0.999958
24915	3	metal7	280	792	0	0	0	0.999959
24916	3	metal7	310	792	0	0	0	0.999961
24917	3	metal7	340	792	0	0	0	0.999963
24918	3	metal7	370	792	0	0	0	0.999965
24919	3	metal7	400	792	0	0	0	0.999968
24920	3	metal7	430	792	0	0	0	0.999971
24921	3	metal7	460	792	0	0	0	0.999976
24922	3	metal7	490	792	0	0	0	0.999982
24923	3	metal7	520	792	0	0	0	0.99999
24924	3	metal7	550	792	1	1	0	1
24925	3	metal7	580	792	0	0	0	0.99999
24926	3	metal7	610	792	0	0	0	0.999983
24927	3	metal7	640	792	0	0	0	0.999977
24928	3	metal7	670	792	0	0	0	0.999973
24929	3	metal7	700	792	0	0	0	0.999969
24930	3	metal7	730	792	0	0	0	0.999966
24931	3	metal7	760	792	0	0	0	0.999964
24932	3	metal7	790	792	0	0	0	0.999962
24933	3	metal7	820	792	0	0	0	0.99996
24934	3	metal7	850	792	0	0	0	0.999959
24935	3	metal7	880	792	0	0	0	0.999958
24936	3	metal7	910	792	0	0	0	0.999957
24937	3	metal7	940	792	0	0	0	0.999956
24938	3	metal7	970	792	0	0	0	0.999955
24939	3	metal7	1000	792	0	0	0	0.999955
24940	3	metal7	1030	792	0	0	0	0.999954
24941	3	metal7	1060	792	0	0	0	0.999954
24942	3	metal7	1090	792	0	0	0	0.999954
24943	3	metal7	10	822	0	0	0	0.999954
24944	3	metal7	40	822	0	0	0	0.999955
24945	3	metal7	70	822	0	0	0	0.999955
24946	3	metal7	100	822	0	0	0	0.999955
24947	3	metal7	130	822	0	0	0	0.999956
24948	3	metal7	160	822	0	0	0	0.999956
24949	3	metal7	190	822	0	0	0	0.999957
24950	3	metal7	220	822	0	0	0	0.999958
24951	3	metal7	250	822	0	0	0	0.999959
24952	3	metal7	280	822	0	0	0	0.999961
24953	3	metal7	310	822	0	0	0	0.999962
24954	3	metal7	340	822	0	0	0	0.999965
24955	3	metal7	370	822	0	0	0	0.999967
24956	3	metal7	400	822	0	0	0	0.99997
24957	3	metal7	430	822	0	0	0	0.999974
24958	3	metal7	460	822	0	0	0	0.999978
24959	3	metal7	490	822	0	0	0	0.999984
24960	3	metal7	520	822	0	0	0	0.999991
24961	3	metal7	550	822	1	1	0	1
24962	3	metal7	580	822	0	0	0	0.999991
24963	3	metal7	610	822	0	0	0	0.999984
24964	3	metal7	640	822	0	0	0	0.999979
24965	3	metal7	670	822	0	0	0	0.999974
24966	3	metal7	700	822	0	0	0	0.999971
24967	3	metal7	730	822	0	0	0	0.999968
24968	3	metal7	760	822	0	0	0	0.999965
24969	3	metal7	790	822	0	0	0	0.999963
24970	3	metal7	820	822	0	0	0	0.999961
24971	3	metal7	850	822	0	0	0	0.99996
24972	3	metal7	880	822	0	0	0	0.999959
24973	3	metal7	910	822	0	0	0	0.999958
24974	3	metal7	940	822	0	0	0	0.999957
24975	3	metal7	970	822	0	0	0	0.999956
24976	3	metal7	1000	822	0	0	0	0.999955
24977	3	metal7	1030	822	0	0	0	0.999955
24978	3	metal7	1060	822	0	0	0	0.999955
24979	3	metal7	1090	822	0	0	0	0.999955
24980	3	metal7	10	852	0	0	0	0.999955
24981	3	metal7	40	852	0	0	0	0.999956
24982	3	metal7	70	852	0	0	0	0.999956
24983	3	metal7	100	852	0	0	0	0.999956
24984	3	metal7	130	852	0	0	0	0.999957
24985	3	metal7	160	852	0	0	0	0.999957
24986	3	metal7	190	852	0	0	0	0.999958
24987	3	metal7	220	852	0	0	0	0.999959
24988	3	metal7	250	852	0	0	0	0.99996
24989	3	metal7	280	852	0	0	0	0.999961
24990	3	metal7	310	852	0	0	0	0.999963
24991	3	metal7	340	852	0	0	0	0.999965
24992	3	metal7	370	852	0	0	0	0.999967
24993	3	metal7	400	852	0	0	0	0.99997
24994	3	metal7	430	852	0	0	0	0.999973
24995	3	metal7	460	852	0	0	0	0.999977
24996	3	metal7	490	852	0	0	0	0.999983
24997	3	metal7	520	852	0	0	0	0.99999
24998	3	metal7	550	852	1	1	0	1
24999	3	metal7	580	852	0	0	0	0.99999
25000	3	metal7	610	852	0	0	0	0.999984
25001	3	metal7	640	852	0	0	0	0.999978
25002	3	metal7	670	852	0	0	0	0.999974
25003	3	metal7	700	852	0	0	0	0.99997
25004	3	metal7	730	852	0	0	0	0.999967
25005	3	metal7	760	852	0	0	0	0.999965
25006	3	metal7	790	852	0	0	0	0.999963
25007	3	metal7	820	852	0	0	0	0.999961
25008	3	metal7	850	852	0	0	0	0.99996
25009	3	metal7	880	852	0	0	0	0.999959
25010	3	metal7	910	852	0	0	0	0.999957
25011	3	metal7	940	852	0	0	0	0.999957
25012	3	metal7	970	852	0	0	0	0.999956
25013	3	metal7	1000	852	0	0	0	0.999956
25014	3	metal7	1030	852	0	0	0	0.999955
25015	3	metal7	1060	852	0	0	0	0.999955
25016	3	metal7	1090	852	0	0	0	0.999955
25017	3	metal7	10	882	0	0	0	0.999957
25018	3	metal7	40	882	0	0	0	0.999958
25019	3	metal7	70	882	0	0	0	0.999958
25020	3	metal7	100	882	0	0	0	0.999958
25021	3	metal7	130	882	0	0	0	0.999958
25022	3	metal7	160	882	0	0	0	0.999959
25023	3	metal7	190	882	0	0	0	0.99996
25024	3	metal7	220	882	0	0	0	0.999961
25025	3	metal7	250	882	0	0	0	0.999962
25026	3	metal7	280	882	0	0	0	0.999963
25027	3	metal7	310	882	0	0	0	0.999965
25028	3	metal7	340	882	0	0	0	0.999967
25029	3	metal7	370	882	0	0	0	0.999969
25030	3	metal7	400	882	0	0	0	0.999972
25031	3	metal7	430	882	0	0	0	0.999975
25032	3	metal7	460	882	0	0	0	0.999979
25033	3	metal7	490	882	0	0	0	0.999985
25034	3	metal7	520	882	0	0	0	0.999991
25035	3	metal7	550	882	1	1	0	1
25036	3	metal7	580	882	0	0	0	0.999991
25037	3	metal7	610	882	0	0	0	0.999985
25038	3	metal7	640	882	0	0	0	0.999979
25039	3	metal7	670	882	0	0	0	0.999975
25040	3	metal7	700	882	0	0	0	0.999971
25041	3	metal7	730	882	0	0	0	0.999968
25042	3	metal7	760	882	0	0	0	0.999966
25043	3	metal7	790	882	0	0	0	0.999964
25044	3	metal7	820	882	0	0	0	0.999962
25045	3	metal7	850	882	0	0	0	0.999961
25046	3	metal7	880	882	0	0	0	0.999959
25047	3	metal7	910	882	0	0	0	0.999958
25048	3	metal7	940	882	0	0	0	0.999957
25049	3	metal7	970	882	0	0	0	0.999957
25050	3	metal7	1000	882	0	0	0	0.999956
25051	3	metal7	1030	882	0	0	0	0.999956
25052	3	metal7	1060	882	0	0	0	0.999956
25053	3	metal7	1090	882	0	0	0	0.999956
25054	3	metal7	10	912	0	0	0	0.999959
25055	3	metal7	40	912	0	0	0	0.999959
25056	3	metal7	70	912	0	0	0	0.999959
25057	3	metal7	100	912	0	0	0	0.999959
25058	3	metal7	130	912	0	0	0	0.99996
25059	3	metal7	160	912	0	0	0	0.99996
25060	3	metal7	190	912	0	0	0	0.999961
25061	3	metal7	220	912	0	0	0	0.999961
25062	3	metal7	250	912	0	0	0	0.999962
25063	3	metal7	280	912	0	0	0	0.999964
25064	3	metal7	310	912	0	0	0	0.999965
25065	3	metal7	340	912	0	0	0	0.999967
25066	3	metal7	370	912	0	0	0	0.999969
25067	3	metal7	400	912	0	0	0	0.999971
25068	3	metal7	430	912	0	0	0	0.999974
25069	3	metal7	460	912	0	0	0	0.999978
25070	3	metal7	490	912	0	0	0	0.999984
25071	3	metal7	520	912	0	0	0	0.999991
25072	3	metal7	550	912	1	1	0	1
25073	3	metal7	580	912	0	0	0	0.99999
25074	3	metal7	610	912	0	0	0	0.999984
25075	3	metal7	640	912	0	0	0	0.999978
25076	3	metal7	670	912	0	0	0	0.999974
25077	3	metal7	700	912	0	0	0	0.99997
25078	3	metal7	730	912	0	0	0	0.999967
25079	3	metal7	760	912	0	0	0	0.999965
25080	3	metal7	790	912	0	0	0	0.999963
25081	3	metal7	820	912	0	0	0	0.999962
25082	3	metal7	850	912	0	0	0	0.99996
25083	3	metal7	880	912	0	0	0	0.999959
25084	3	metal7	910	912	0	0	0	0.999958
25085	3	metal7	940	912	0	0	0	0.999958
25086	3	metal7	970	912	0	0	0	0.999957
25087	3	metal7	1000	912	0	0	0	0.999957
25088	3	metal7	1030	912	0	0	0	0.999956
25089	3	metal7	1060	912	0	0	0	0.999956
25090	3	metal7	1090	912	0	0	0	0.999956
25091	3	metal7	10	942	0	0	0	0.999962
25092	3	metal7	40	942	0	0	0	0.999962
25093	3	metal7	70	942	0	0	0	0.999962
25094	3	metal7	100	942	0	0	0	0.999962
25095	3	metal7	130	942	0	0	0	0.999963
25096	3	metal7	160	942	0	0	0	0.999963
25097	3	metal7	190	942	0	0	0	0.999963
25098	3	metal7	220	942	0	0	0	0.999964
25099	3	metal7	250	942	0	0	0	0.999964
25100	3	metal7	280	942	0	0	0	0.999965
25101	3	metal7	310	942	0	0	0	0.999967
25102	3	metal7	340	942	0	0	0	0.999968
25103	3	metal7	370	942	0	0	0	0.99997
25104	3	metal7	400	942	0	0	0	0.999973
25105	3	metal7	430	942	0	0	0	0.999976
25106	3	metal7	460	942	0	0	0	0.99998
25107	3	metal7	490	942	0	0	0	0.999985
25108	3	metal7	520	942	0	0	0	0.999991
25109	3	metal7	550	942	1	1	0	1
25110	3	metal7	580	942	0	0	0	0.999991
25111	3	metal7	610	942	0	0	0	0.999984
25112	3	metal7	640	942	0	0	0	0.999979
25113	3	metal7	670	942	0	0	0	0.999974
25114	3	metal7	700	942	0	0	0	0.999971
25115	3	metal7	730	942	0	0	0	0.999968
25116	3	metal7	760	942	0	0	0	0.999966
25117	3	metal7	790	942	0	0	0	0.999964
25118	3	metal7	820	942	0	0	0	0.999963
25119	3	metal7	850	942	0	0	0	0.999961
25120	3	metal7	880	942	0	0	0	0.99996
25121	3	metal7	910	942	0	0	0	0.999959
25122	3	metal7	940	942	0	0	0	0.999959
25123	3	metal7	970	942	0	0	0	0.999958
25124	3	metal7	1000	942	0	0	0	0.999957
25125	3	metal7	1030	942	0	0	0	0.999957
25126	3	metal7	1060	942	0	0	0	0.999957
25127	3	metal7	1090	942	0	0	0	0.999957
25128	3	metal7	10	972	0	0	0	0.999967
25129	3	metal7	40	972	0	0	0	0.999967
25130	3	metal7	70	972	0	0	0	0.999967
25131	3	metal7	100	972	0	0	0	0.999967
25132	3	metal7	130	972	0	0	0	0.999967
25133	3	metal7	160	972	0	0	0	0.999966
25134	3	metal7	190	972	0	0	0	0.999966
25135	3	metal7	220	972	0	0	0	0.999966
25136	3	metal7	250	972	0	0	0	0.999966
25137	3	metal7	280	972	0	0	0	0.999967
25138	3	metal7	310	972	0	0	0	0.999968
25139	3	metal7	340	972	0	0	0	0.999969
25140	3	metal7	370	972	0	0	0	0.999971
25141	3	metal7	400	972	0	0	0	0.999973
25142	3	metal7	430	972	0	0	0	0.999976
25143	3	metal7	460	972	0	0	0	0.99998
25144	3	metal7	490	972	0	0	0	0.999985
25145	3	metal7	520	972	0	0	0	0.999991
25146	3	metal7	550	972	1	1	0	1
25147	3	metal7	580	972	0	0	0	0.999991
25148	3	metal7	610	972	0	0	0	0.999984
25149	3	metal7	640	972	0	0	0	0.999979
25150	3	metal7	670	972	0	0	0	0.999974
25151	3	metal7	700	972	0	0	0	0.999971
25152	3	metal7	730	972	0	0	0	0.999968
25153	3	metal7	760	972	0	0	0	0.999966
25154	3	metal7	790	972	0	0	0	0.999965
25155	3	metal7	820	972	0	0	0	0.999963
25156	3	metal7	850	972	0	0	0	0.999962
25157	3	metal7	880	972	0	0	0	0.999961
25158	3	metal7	910	972	0	0	0	0.99996
25159	3	metal7	940	972	0	0	0	0.99996
25160	3	metal7	970	972	0	0	0	0.999959
25161	3	metal7	1000	972	0	0	0	0.999959
25162	3	metal7	1030	972	0	0	0	0.999958
25163	3	metal7	1060	972	0	0	0	0.999958
25164	3	metal7	1090	972	0	0	0	0.999958
25165	3	metal7	10	1002	0	0	0	0.999986
25166	3	metal7	40	1002	0	0	0	0.999991
25167	3	metal7	70	1002	1	1	0	1
25168	3	metal7	100	1002	0	0	0	0.999988
25169	3	metal7	130	1002	0	0	0	0.99998
25170	3	metal7	160	1002	0	0	0	0.999975
25171	3	metal7	190	1002	0	0	0	0.999972
25172	3	metal7	220	1002	0	0	0	0.99997
25173	3	metal7	250	1002	0	0	0	0.999969
25174	3	metal7	280	1002	0	0	0	0.999969
25175	3	metal7	310	1002	0	0	0	0.99997
25176	3	metal7	340	1002	0	0	0	0.999971
25177	3	metal7	370	1002	0	0	0	0.999972
25178	3	metal7	400	1002	0	0	0	0.999974
25179	3	metal7	430	1002	0	0	0	0.999977
25180	3	metal7	460	1002	0	0	0	0.999981
25181	3	metal7	490	1002	0	0	0	0.999986
25182	3	metal7	520	1002	0	0	0	0.999992
25183	3	metal7	550	1002	1	1	0	1
25184	3	metal7	580	1002	0	0	0	0.999991
25185	3	metal7	610	1002	0	0	0	0.999985
25186	3	metal7	640	1002	0	0	0	0.999979
25187	3	metal7	670	1002	0	0	0	0.999975
25188	3	metal7	700	1002	0	0	0	0.999972
25189	3	metal7	730	1002	0	0	0	0.999969
25190	3	metal7	760	1002	0	0	0	0.999967
25191	3	metal7	790	1002	0	0	0	0.999966
25192	3	metal7	820	1002	0	0	0	0.999964
25193	3	metal7	850	1002	0	0	0	0.999963
25194	3	metal7	880	1002	0	0	0	0.999963
25195	3	metal7	910	1002	0	0	0	0.999962
25196	3	metal7	940	1002	0	0	0	0.999962
25197	3	metal7	970	1002	0	0	0	0.999961
25198	3	metal7	1000	1002	0	0	0	0.999961
25199	3	metal7	1030	1002	0	0	0	0.999961
25200	3	metal7	1060	1002	0	0	0	0.99996
25201	3	metal7	1090	1002	0	0	0	0.99996
25202	3	metal7	10	1032	0	0	0	0.999972
25203	3	metal7	40	1032	0	0	0	0.999972
25204	3	metal7	70	1032	0	0	0	0.999972
25205	3	metal7	100	1032	0	0	0	0.999972
25206	3	metal7	130	1032	0	0	0	0.999972
25207	3	metal7	160	1032	0	0	0	0.999971
25208	3	metal7	190	1032	0	0	0	0.99997
25209	3	metal7	220	1032	0	0	0	0.999969
25210	3	metal7	250	1032	0	0	0	0.999969
25211	3	metal7	280	1032	0	0	0	0.999969
25212	3	metal7	310	1032	0	0	0	0.99997
25213	3	metal7	340	1032	0	0	0	0.99997
25214	3	metal7	370	1032	0	0	0	0.999972
25215	3	metal7	400	1032	0	0	0	0.999974
25216	3	metal7	430	1032	0	0	0	0.999977
25217	3	metal7	460	1032	0	0	0	0.99998
25218	3	metal7	490	1032	0	0	0	0.999985
25219	3	metal7	520	1032	0	0	0	0.999991
25220	3	metal7	550	1032	1	1	0	1
25221	3	metal7	580	1032	0	0	0	0.999991
25222	3	metal7	610	1032	0	0	0	0.999984
25223	3	metal7	640	1032	0	0	0	0.999979
25224	3	metal7	670	1032	0	0	0	0.999975
25225	3	metal7	700	1032	0	0	0	0.999972
25226	3	metal7	730	1032	0	0	0	0.999969
25227	3	metal7	760	1032	0	0	0	0.999967
25228	3	metal7	790	1032	0	0	0	0.999966
25229	3	metal7	820	1032	0	0	0	0.999965
25230	3	metal7	850	1032	0	0	0	0.999965
25231	3	metal7	880	1032	0	0	0	0.999965
25232	3	metal7	910	1032	0	0	0	0.999965
25233	3	metal7	940	1032	0	0	0	0.999965
25234	3	metal7	970	1032	0	0	0	0.999965
25235	3	metal7	1000	1032	0	0	0	0.999965
25236	3	metal7	1030	1032	0	0	0	0.999964
25237	3	metal7	1060	1032	0	0	0	0.999963
25238	3	metal7	1090	1032	0	0	0	0.999963
25239	3	metal7	10	1062	0	0	0	0.999976
25240	3	metal7	40	1062	0	0	0	0.999978
25241	3	metal7	70	1062	0	0	0	0.999981
25242	3	metal7	100	1062	0	0	0	0.999989
25243	3	metal7	130	1062	1	1	0	1
25244	3	metal7	160	1062	0	0	0	0.999988
25245	3	metal7	190	1062	0	0	0	0.99998
25246	3	metal7	220	1062	0	0	0	0.999976
25247	3	metal7	250	1062	0	0	0	0.999973
25248	3	metal7	280	1062	0	0	0	0.999971
25249	3	metal7	310	1062	0	0	0	0.999971
25250	3	metal7	340	1062	0	0	0	0.999971
25251	3	metal7	370	1062	0	0	0	0.999972
25252	3	metal7	400	1062	0	0	0	0.999974
25253	3	metal7	430	1062	0	0	0	0.999976
25254	3	metal7	460	1062	0	0	0	0.99998
25255	3	metal7	490	1062	0	0	0	0.999984
25256	3	metal7	520	1062	0	0	0	0.999991
25257	3	metal7	550	1062	1	1	0	1
25258	3	metal7	580	1062	0	0	0	0.99999
25259	3	metal7	610	1062	0	0	0	0.999984
25260	3	metal7	640	1062	0	0	0	0.999978
25261	3	metal7	670	1062	0	0	0	0.999974
25262	3	metal7	700	1062	0	0	0	0.999972
25263	3	metal7	730	1062	0	0	0	0.99997
25264	3	metal7	760	1062	0	0	0	0.999968
25265	3	metal7	790	1062	0	0	0	0.999968
25266	3	metal7	820	1062	0	0	0	0.999968
25267	3	metal7	850	1062	0	0	0	0.99997
25268	3	metal7	880	1062	0	0	0	0.999973
25269	3	metal7	910	1062	0	0	0	0.999978
25270	3	metal7	940	1062	0	0	0	0.999986
25271	3	metal7	970	1062	1	1	0	1
25272	3	metal7	1000	1062	0	0	0	0.999986
25273	3	metal7	1030	1062	0	0	0	0.999978
25274	3	metal7	1060	1062	0	0	0	0.999973
25275	3	metal7	1090	1062	0	0	0	0.999971
