============================================================
 OpenROAD -> DREAMPlace -> OpenROAD Flow
============================================================
All prerequisites found.

──────────────────────────────────────────────────────────────
 Step 1: Exporting DEF + Verilog from OpenROAD floorplan
──────────────────────────────────────────────────────────────
Reading floorplan ODB...
Writing DEF for DREAMPlace...
Writing Verilog for DREAMPlace...
Export complete.
  DEF:     /home/yenchulo/OpenROAD-flow-scripts/flow/results/nangate45/mempool_group/base/2_floorplan_for_dp.def
  Verilog: /home/yenchulo/OpenROAD-flow-scripts/flow/results/nangate45/mempool_group/base/2_floorplan_for_dp.v
Step 1 complete.

──────────────────────────────────────────────────────────────
 Step 2: Injecting RTLMP cluster fence regions into DEF
──────────────────────────────────────────────────────────────
Step 1: Parsing RTLMP cluster boundaries...
  Found 38 cluster regions
Step 2: Parsing instance-to-cluster mapping...
  Mapped 163798 instances to 38 clusters
Step 3: Injecting fence regions into DEF...
  Injecting 38 fence regions (163798 total instances)
  Stripped SPECIALNETS, existing GROUPS, and REGIONS sections
  Written: /home/yenchulo/OpenROAD-flow-scripts/flow/results/nangate45/mempool_group/base/2_floorplan_fenced.def
Done.
Step 2 complete.

──────────────────────────────────────────────────────────────
 Step 3: Running DREAMPlace placement
──────────────────────────────────────────────────────────────
========================================================
                       DREAMPlace
            Yibo Lin (http://yibolin.com)
   David Z. Pan (http://users.ece.utexas.edu/~dpan)
========================================================
[INFO   ] DREAMPlace - parameters = {'aux_input': '', 'lef_input': ['/home/yenchulo/OpenROAD-flow-scripts/flow/platforms/nangate45/lef/NangateOpenCellLibrary.tech.lef', '/home/yenchulo/OpenROAD-flow-scripts/flow/platforms/nangate45/lef/NangateOpenCellLibrary.macro.mod.lef', '/home/yenchulo/OpenROAD-flow-scripts/flow/platforms/nangate45/lef/fakeram45_256x32.lef', '/home/yenchulo/OpenROAD-flow-scripts/flow/platforms/nangate45/lef/fakeram45_64x64.lef'], 'def_input': '/home/yenchulo/OpenROAD-flow-scripts/flow/results/nangate45/mempool_group/base/2_floorplan_fenced.def', 'verilog_input': '/home/yenchulo/OpenROAD-flow-scripts/flow/results/nangate45/mempool_group/base/2_floorplan_for_dp.v', 'gpu': 0, 'num_bins_x': 256, 'num_bins_y': 256, 'global_place_stages': [{'num_bins_x': 256, 'num_bins_y': 256, 'iteration': 800, 'learning_rate': 0.01, 'wirelength': 'weighted_average', 'optimizer': 'nesterov'}, {'num_bins_x': 512, 'num_bins_y': 512, 'iteration': 800, 'learning_rate': 0.005, 'wirelength': 'weighted_average', 'optimizer': 'nesterov'}], 'target_density': 0.4, 'density_weight': 0.0008, 'random_seed': 1000, 'result_dir': '/home/yenchulo/OpenROAD-flow-scripts/flow/results/nangate45/mempool_group/base/dreamplace_results', 'scale_factor': 0.0, 'shift_factor': [0.0, 0.0], 'ignore_net_degree': 300, 'gp_noise_ratio': 0.025, 'enable_fillers': 1, 'global_place_flag': 1, 'legalize_flag': 1, 'abacus_legalize_flag': 1, 'detailed_place_flag': 0, 'stop_overflow': 0.07, 'dtype': 'float32', 'detailed_place_engine': '', 'detailed_place_command': '-nolegal -nodetail', 'plot_flag': 1, 'RePlAce_ref_hpwl': 350000, 'RePlAce_LOWER_PCOF': 0.95, 'RePlAce_UPPER_PCOF': 1.05, 'gamma': 6.0, 'RePlAce_skip_energy_flag': 0, 'random_center_init_flag': 1, 'gift_init_flag': 0, 'gift_init_scale': 0.7, 'sort_nets_by_degree': 0, 'num_threads': 8, 'dump_global_place_solution_flag': 0, 'dump_legalize_solution_flag': 0, 'routability_opt_flag': 1, 'route_num_bins_x': 256, 'route_num_bins_y': 256, 'node_area_adjust_overflow': 0.2, 'max_num_area_adjust': 5, 'adjust_nctugr_area_flag': 0, 'adjust_rudy_area_flag': 1, 'adjust_pin_area_flag': 1, 'area_adjust_stop_ratio': 0.01, 'route_area_adjust_stop_ratio': 0.01, 'pin_area_adjust_stop_ratio': 0.05, 'unit_horizontal_capacity': 1.5625, 'unit_vertical_capacity': 1.45, 'unit_pin_capacity': 0.058, 'max_route_opt_adjust_rate': 2.0, 'route_opt_adjust_exponent': 2.0, 'pin_stretch_ratio': 1.414213562, 'max_pin_opt_adjust_rate': 1.5, 'deterministic_flag': 0, 'timing_opt_flag': 0, 'early_lib_input': '', 'late_lib_input': '', 'lib_input': '', 'sdc_input': '', 'wire_resistance_per_micron': 0, 'wire_capacitance_per_micron': 0, 'net_weighting_scheme': 'lilith', 'momentum_decay_factor': 0.5, 'enable_net_weighting': 1, 'max_net_weight': 'inf', 'use_bb': 0, 'macro_place_flag': 0, 'two_stage_density_scaler': 1000, 'macro_halo_x': 0, 'macro_halo_y': 0}
[INFO   ] lef_input = /home/yenchulo/OpenROAD-flow-scripts/flow/platforms/nangate45/lef/NangateOpenCellLibrary.tech.lef /home/yenchulo/OpenROAD-flow-scripts/flow/platforms/nangate45/lef/NangateOpenCellLibrary.macro.mod.lef /home/yenchulo/OpenROAD-flow-scripts/flow/platforms/nangate45/lef/fakeram45_256x32.lef /home/yenchulo/OpenROAD-flow-scripts/flow/platforms/nangate45/lef/fakeram45_64x64.lef 
[INFO   ] def_input = /home/yenchulo/OpenROAD-flow-scripts/flow/results/nangate45/mempool_group/base/2_floorplan_fenced.def
[INFO   ] verilog_input = /home/yenchulo/OpenROAD-flow-scripts/flow/results/nangate45/mempool_group/base/2_floorplan_for_dp.v
[INFO   ] bookshelf_aux_input = 
[INFO   ] bookshelf_pl_input = 
[INFO   ] def_size_input = 
[INFO   ] def_output = 2_floorplan_fenced-out.def
[INFO   ] rpt_output = 
[INFO   ] target_util = 0
[INFO   ] max_displace = 0
[INFO   ] bin size = (10, 10) #rows
[INFO   ] sbin size = (5, 5) #rows
[INFO   ] bin_space_threshold = 0.2
[INFO   ] abu = 2,10 5,5 10,2 20,1 
[INFO   ] def_ignore_cells = 
[INFO   ] macro_obs_aware_layers = 
[INFO   ] enable_place = true
[INFO   ] enable_legalize = true
[INFO   ] evaluate_overlap = false
[INFO   ] move_multi_row_cell = true
[INFO   ] align_power_line = true
[INFO   ] cluster_cell = false
[INFO   ] sort_nets_by_degree = false
[INFO   ] file_format = DEF
[INFO   ] max_iters = 6
[INFO   ] reading /home/yenchulo/OpenROAD-flow-scripts/flow/platforms/nangate45/lef/NangateOpenCellLibrary.tech.lef
[INFO   ] reading /home/yenchulo/OpenROAD-flow-scripts/flow/platforms/nangate45/lef/NangateOpenCellLibrary.macro.mod.lef
[INFO   ] reading /home/yenchulo/OpenROAD-flow-scripts/flow/platforms/nangate45/lef/fakeram45_256x32.lef
[INFO   ] reading /home/yenchulo/OpenROAD-flow-scripts/flow/platforms/nangate45/lef/fakeram45_64x64.lef
[INFO   ] reading /home/yenchulo/OpenROAD-flow-scripts/flow/results/nangate45/mempool_group/base/2_floorplan_fenced.def
[INFO   ] detect 1762 rows, 170571 components, 1275 IO pins, 186888 nets, 12 blockages
[INFO   ] set CORE site to FreePDK45_38x28_10R_NP_162NW_34O, 380 x 2800, id = 0
[WARNING] Track definition in DEF ignored
[WARNING] Track definition in DEF ignored
[WARNING] Track definition in DEF ignored
[WARNING] Track definition in DEF ignored
[WARNING] Track definition in DEF ignored
[WARNING] Track definition in DEF ignored
[WARNING] Track definition in DEF ignored
[WARNING] Track definition in DEF ignored
[WARNING] Track definition in DEF ignored
[WARNING] Track definition in DEF ignored
[WARNING] Track definition in DEF ignored
[WARNING] Track definition in DEF ignored
[WARNING] Track definition in DEF ignored
[WARNING] Track definition in DEF ignored
[WARNING] Track definition in DEF ignored
[WARNING] Track definition in DEF ignored
[WARNING] Track definition in DEF ignored
[WARNING] Track definition in DEF ignored
[WARNING] Track definition in DEF ignored
[WARNING] Track definition in DEF ignored
[WARNING] Via definition in DEF ignored
- via1_2_960_340_1_3_300_300  ;
+ VIARULE 'Via1Array-0'
  + CUTSIZE 140 140
  + LAYERS metal1 via1 metal2
  + CUTSPACING 160 160
  + ENCLOSURE 70 100 70 70
  + ROWCOL 1 3
END VIAS
[WARNING] Via definition in DEF ignored
- via2_3_960_340_1_3_320_320  ;
+ VIARULE 'Via2Array-0'
  + CUTSIZE 140 140
  + LAYERS metal2 via2 metal3
  + CUTSPACING 180 180
  + ENCLOSURE 70 70 70 70
  + ROWCOL 1 3
END VIAS
[WARNING] Via definition in DEF ignored
- via3_4_960_340_1_3_320_320  ;
+ VIARULE 'Via3Array-0'
  + CUTSIZE 140 140
  + LAYERS metal3 via3 metal4
  + CUTSPACING 180 180
  + ENCLOSURE 70 70 90 70
  + ROWCOL 1 3
END VIAS
[WARNING] Via definition in DEF ignored
- via4_5_960_2800_5_2_600_600  ;
+ VIARULE 'Via4Array-0'
  + CUTSIZE 280 280
  + LAYERS metal4 via4 metal5
  + CUTSPACING 320 320
  + ENCLOSURE 40 0 0 0
  + ROWCOL 5 2
END VIAS
[WARNING] Via definition in DEF ignored
- via5_6_960_2800_5_2_600_600  ;
+ VIARULE 'Via5Array-0'
  + CUTSIZE 280 280
  + LAYERS metal5 via5 metal6
  + CUTSPACING 320 320
  + ENCLOSURE 0 0 0 0
  + ROWCOL 5 2
END VIAS
[WARNING] Via definition in DEF ignored
- via6_7_960_2800_4_1_600_600  ;
+ VIARULE 'Via6Array-0'
  + CUTSIZE 280 280
  + LAYERS metal6 via6 metal7
  + CUTSPACING 320 320
  + ENCLOSURE 0 0 260 360
  + ROWCOL 4 1
END VIAS
[WARNING] Via definition in DEF ignored
- via4_5_960_1570_3_2_600_600  ;
+ VIARULE 'Via4Array-0'
  + CUTSIZE 280 280
  + LAYERS metal4 via4 metal5
  + CUTSPACING 320 320
  + ENCLOSURE 40 0 0 0
  + ROWCOL 3 2
END VIAS
[WARNING] Via definition in DEF ignored
- via5_6_960_1570_3_2_600_600  ;
+ VIARULE 'Via5Array-0'
  + CUTSIZE 280 280
  + LAYERS metal5 via5 metal6
  + CUTSPACING 320 320
  + ENCLOSURE 0 0 0 0
  + ROWCOL 3 2
END VIAS
[WARNING] Via definition in DEF ignored
- via6_7_960_1570_2_1_600_600  ;
+ VIARULE 'Via6Array-0'
  + CUTSIZE 280 280
  + LAYERS metal6 via6 metal7
  + CUTSPACING 320 320
  + ENCLOSURE 0 0 260 340
  + ROWCOL 2 1
END VIAS
[WARNING] Via definition in DEF ignored
- via4_5_960_1830_3_2_600_600  ;
+ VIARULE 'Via4Array-0'
  + CUTSIZE 280 280
  + LAYERS metal4 via4 metal5
  + CUTSPACING 320 320
  + ENCLOSURE 40 0 0 0
  + ROWCOL 3 2
END VIAS
[WARNING] Via definition in DEF ignored
- via5_6_960_1830_3_2_600_600  ;
+ VIARULE 'Via5Array-0'
  + CUTSIZE 280 280
  + LAYERS metal5 via5 metal6
  + CUTSPACING 320 320
  + ENCLOSURE 0 0 0 0
  + ROWCOL 3 2
END VIAS
[WARNING] Via definition in DEF ignored
- via6_7_960_1830_2_1_600_600  ;
+ VIARULE 'Via6Array-0'
  + CUTSIZE 280 280
  + LAYERS metal6 via6 metal7
  + CUTSPACING 320 320
  + ENCLOSURE 0 0 260 470
  + ROWCOL 2 1
END VIAS
[WARNING] Via definition in DEF ignored
- via4_5_960_1930_3_2_600_600  ;
+ VIARULE 'Via4Array-0'
  + CUTSIZE 280 280
  + LAYERS metal4 via4 metal5
  + CUTSPACING 320 320
  + ENCLOSURE 40 0 0 0
  + ROWCOL 3 2
END VIAS
[WARNING] Via definition in DEF ignored
- via5_6_960_1930_3_2_600_600  ;
+ VIARULE 'Via5Array-0'
  + CUTSIZE 280 280
  + LAYERS metal5 via5 metal6
  + CUTSPACING 320 320
  + ENCLOSURE 0 0 0 0
  + ROWCOL 3 2
END VIAS
[WARNING] Via definition in DEF ignored
- via6_7_960_1930_2_1_600_600  ;
+ VIARULE 'Via6Array-0'
  + CUTSIZE 280 280
  + LAYERS metal6 via6 metal7
  + CUTSPACING 320 320
  + ENCLOSURE 0 0 260 520
  + ROWCOL 2 1
END VIAS
[WARNING] Via definition in DEF ignored
- via4_5_960_630_1_2_600_600  ;
+ VIARULE 'Via4Array-0'
  + CUTSIZE 280 280
  + LAYERS metal4 via4 metal5
  + CUTSPACING 320 320
  + ENCLOSURE 40 0 0 0
  + ROWCOL 1 2
END VIAS
[WARNING] Via definition in DEF ignored
- via5_6_960_630_1_2_600_600  ;
+ VIARULE 'Via5Array-0'
  + CUTSIZE 280 280
  + LAYERS metal5 via5 metal6
  + CUTSPACING 320 320
  + ENCLOSURE 0 0 0 0
  + ROWCOL 1 2
END VIAS
[WARNING] Via definition in DEF ignored
- via6_7_960_630_1_1_600_600  ;
+ VIARULE 'Via6Array-0'
  + CUTSIZE 280 280
  + LAYERS metal6 via6 metal7
  + CUTSPACING 320 320
  + ENCLOSURE 0 0 260 170
END VIAS
[WARNING] Via definition in DEF ignored
- via4_5_960_2110_4_2_600_600  ;
+ VIARULE 'Via4Array-0'
  + CUTSIZE 280 280
  + LAYERS metal4 via4 metal5
  + CUTSPACING 320 320
  + ENCLOSURE 40 0 0 0
  + ROWCOL 4 2
END VIAS
[WARNING] Via definition in DEF ignored
- via5_6_960_2110_4_2_600_600  ;
+ VIARULE 'Via5Array-0'
  + CUTSIZE 280 280
  + LAYERS metal5 via5 metal6
  + CUTSPACING 320 320
  + ENCLOSURE 0 0 0 0
  + ROWCOL 4 2
END VIAS
[WARNING] Via definition in DEF ignored
- via6_7_960_2110_3_1_600_600  ;
+ VIARULE 'Via6Array-0'
  + CUTSIZE 280 280
  + LAYERS metal6 via6 metal7
  + CUTSPACING 320 320
  + ENCLOSURE 0 0 260 310
  + ROWCOL 3 1
END VIAS
[WARNING] Via definition in DEF ignored
- via4_5_560_1860_3_1_600_600  ;
+ VIARULE 'Via4Array-0'
  + CUTSIZE 280 280
  + LAYERS metal4 via4 metal5
  + CUTSPACING 320 320
  + ENCLOSURE 140 190 0 190
  + ROWCOL 3 1
END VIAS
[WARNING] Via definition in DEF ignored
- via4_5_560_130_1_1_600_600  ;
+ VIARULE 'Via4Array-0'
  + CUTSIZE 280 280
  + LAYERS metal4 via4 metal5
  + CUTSPACING 320 320
  + ENCLOSURE 140 -70 0 -70
END VIAS
[WARNING] Via definition in DEF ignored
- via5_6_1860_1860_3_3_600_600  ;
+ VIARULE 'Via5Array-0'
  + CUTSIZE 280 280
  + LAYERS metal5 via5 metal6
  + CUTSPACING 320 320
  + ENCLOSURE 0 190 190 0
  + ROWCOL 3 3
END VIAS
[WARNING] Via definition in DEF ignored
- via6_7_1860_2800_4_2_600_600  ;
+ VIARULE 'Via6Array-0'
  + CUTSIZE 280 280
  + LAYERS metal6 via6 metal7
  + CUTSPACING 320 320
  + ENCLOSURE 490 0 260 360
  + ROWCOL 4 2
END VIAS
[WARNING] IO pin axi_mst_req_o[0]: no layer specified
[WARNING] IO pin: no position specified, set to (510635128, 0, 0, 0)
[WARNING] IO pin axi_mst_req_o[100]: no layer specified
[WARNING] IO pin: no position specified, set to (510377736, 0, 0, 0)
[WARNING] IO pin axi_mst_req_o[101]: no layer specified
[WARNING] IO pin: no position specified, set to (510496040, 0, 0, 0)
[WARNING] IO pin axi_mst_req_o[102]: no layer specified
[WARNING] IO pin: no position specified, set to (510495400, 0, 0, 0)
[WARNING] IO pin axi_mst_req_o[103]: no layer specified
[WARNING] IO pin: no position specified, set to (510635000, 0, 0, 0)
[WARNING] IO pin axi_mst_req_o[104]: no layer specified
[WARNING] IO pin: no position specified, set to (510377240, 0, 0, 0)
[WARNING] IO pin axi_mst_req_o[105]: no layer specified
[WARNING] IO pin: no position specified, set to (510491432, 0, 0, 0)
[WARNING] IO pin axi_mst_req_o[106]: no layer specified
[WARNING] IO pin: no position specified, set to (510491272, 0, 0, 0)
[WARNING] IO pin axi_mst_req_o[107]: no layer specified
[WARNING] IO pin: no position specified, set to (510490952, 0, 0, 0)
[WARNING] IO pin axi_mst_req_o[108]: no layer specified
[WARNING] IO pin: no position specified, set to (510447640, 0, 0, 0)
[WARNING] IO pin axi_mst_req_o[109]: no layer specified
[WARNING] IO pin: no position specified, set to (510457384, 0, 0, 0)
[WARNING] IO pin axi_mst_req_o[10]: no layer specified
[WARNING] IO pin: no position specified, set to (510533752, 0, 0, 0)
[WARNING] IO pin axi_mst_req_o[110]: no layer specified
[WARNING] IO pin: no position specified, set to (510533592, 0, 0, 0)
[WARNING] IO pin axi_mst_req_o[111]: no layer specified
[WARNING] IO pin: no position specified, set to (510533160, 0, 0, 0)
[WARNING] IO pin axi_mst_req_o[112]: no layer specified
[WARNING] IO pin: no position specified, set to (510669928, 0, 0, 0)
[WARNING] IO pin axi_mst_req_o[113]: no layer specified
[WARNING] IO pin: no position specified, set to (510502520, 0, 0, 0)
[WARNING] IO pin axi_mst_req_o[114]: no layer specified
[WARNING] IO pin: no position specified, set to (510670680, 0, 0, 0)
[WARNING] IO pin axi_mst_req_o[115]: no layer specified
[WARNING] IO pin: no position specified, set to (510409624, 0, 0, 0)
[WARNING] IO pin axi_mst_req_o[116]: no layer specified
[WARNING] IO pin: no position specified, set to (510409464, 0, 0, 0)
[WARNING] IO pin axi_mst_req_o[117]: no layer specified
[WARNING] IO pin: no position specified, set to (510705784, 0, 0, 0)
[WARNING] IO pin axi_mst_req_o[118]: no layer specified
[WARNING] IO pin: no position specified, set to (510492456, 0, 0, 0)
[WARNING] IO pin axi_mst_req_o[119]: no layer specified
[WARNING] IO pin: no position specified, set to (510492296, 0, 0, 0)
[WARNING] IO pin axi_mst_req_o[11]: no layer specified
[WARNING] IO pin: no position specified, set to (510708152, 0, 0, 0)
[WARNING] IO pin axi_mst_req_o[120]: no layer specified
[WARNING] IO pin: no position specified, set to (510396824, 0, 0, 0)
[WARNING] IO pin axi_mst_req_o[121]: no layer specified
[WARNING] IO pin: no position specified, set to (510392312, 0, 0, 0)
[WARNING] IO pin axi_mst_req_o[122]: no layer specified
[WARNING] IO pin: no position specified, set to (510741640, 0, 0, 0)
[WARNING] IO pin axi_mst_req_o[123]: no layer specified
[WARNING] IO pin: no position specified, set to (510707048, 0, 0, 0)
[WARNING] IO pin axi_mst_req_o[124]: no layer specified
[WARNING] IO pin: no position specified, set to (510396984, 0, 0, 0)
[WARNING] IO pin axi_mst_req_o[125]: no layer specified
[WARNING] IO pin: no position specified, set to (510371192, 0, 0, 0)
[WARNING] IO pin axi_mst_req_o[126]: no layer specified
[WARNING] IO pin: no position specified, set to (510447320, 0, 0, 0)
[WARNING] IO pin axi_mst_req_o[127]: no layer specified
[WARNING] IO pin: no position specified, set to (510384568, 0, 0, 0)
[WARNING] IO pin axi_mst_req_o[128]: no layer specified
[WARNING] IO pin: no position specified, set to (510408824, 0, 0, 0)
[WARNING] IO pin axi_mst_req_o[129]: no layer specified
[WARNING] IO pin: no position specified, set to (510408664, 0, 0, 0)
[WARNING] IO pin axi_mst_req_o[12]: no layer specified
[WARNING] IO pin: no position specified, set to (510529640, 0, 0, 0)
[WARNING] IO pin axi_mst_req_o[130]: no layer specified
[WARNING] IO pin: no position specified, set to (509024472, 0, 0, 0)
[WARNING] IO pin axi_mst_req_o[131]: no layer specified
[WARNING] IO pin: no position specified, set to (510376504, 0, 0, 0)
[WARNING] IO pin axi_mst_req_o[132]: no layer specified
[WARNING] IO pin: no position specified, set to (510398728, 0, 0, 0)
[WARNING] IO pin axi_mst_req_o[133]: no layer specified
[WARNING] IO pin: no position specified, set to (510398616, 0, 0, 0)
[WARNING] IO pin axi_mst_req_o[134]: no layer specified
[WARNING] IO pin: no position specified, set to (510386008, 0, 0, 0)
[WARNING] IO pin axi_mst_req_o[135]: no layer specified
[WARNING] IO pin: no position specified, set to (510503720, 0, 0, 0)
[WARNING] IO pin axi_mst_req_o[136]: no layer specified
[WARNING] IO pin: no position specified, set to (510462808, 0, 0, 0)
[WARNING] IO pin axi_mst_req_o[137]: no layer specified
[WARNING] IO pin: no position specified, set to (510465496, 0, 0, 0)
[WARNING] IO pin axi_mst_req_o[138]: no layer specified
[WARNING] IO pin: no position specified, set to (510381000, 0, 0, 0)
[WARNING] IO pin axi_mst_req_o[139]: no layer specified
[WARNING] IO pin: no position specified, set to (509504120, 0, 0, 0)
[WARNING] IO pin axi_mst_req_o[13]: no layer specified
[WARNING] IO pin: no position specified, set to (510359256, 0, 0, 0)
[WARNING] IO pin axi_mst_req_o[140]: no layer specified
[WARNING] IO pin: no position specified, set to (510544040, 0, 0, 0)
[WARNING] IO pin axi_mst_req_o[141]: no layer specified
[WARNING] IO pin: no position specified, set to (509468216, 0, 0, 0)
[WARNING] IO pin axi_mst_req_o[142]: no layer specified
[WARNING] IO pin: no position specified, set to (510343288, 0, 0, 0)
[WARNING] IO pin axi_mst_req_o[143]: no layer specified
[WARNING] IO pin: no position specified, set to (509468056, 0, 0, 0)
[WARNING] IO pin axi_mst_req_o[144]: no layer specified
[WARNING] IO pin: no position specified, set to (510543608, 0, 0, 0)
[WARNING] IO pin axi_mst_req_o[145]: no layer specified
[WARNING] IO pin: no position specified, set to (510387448, 0, 0, 0)
[WARNING] IO pin axi_mst_req_o[146]: no layer specified
[WARNING] IO pin: no position specified, set to (510575032, 0, 0, 0)
[WARNING] IO pin axi_mst_req_o[147]: no layer specified
[WARNING] IO pin: no position specified, set to (510475208, 0, 0, 0)
[WARNING] IO pin axi_mst_req_o[148]: no layer specified
[WARNING] IO pin: no position specified, set to (510474728, 0, 0, 0)
[WARNING] IO pin axi_mst_req_o[149]: no layer specified
[WARNING] IO pin: no position specified, set to (508647992, 0, 0, 0)
[WARNING] IO pin axi_mst_req_o[14]: no layer specified
[WARNING] IO pin: no position specified, set to (510565480, 0, 0, 0)
[WARNING] IO pin axi_mst_req_o[150]: no layer specified
[WARNING] IO pin: no position specified, set to (510473976, 0, 0, 0)
[WARNING] IO pin axi_mst_req_o[151]: no layer specified
[WARNING] IO pin: no position specified, set to (510473816, 0, 0, 0)
[WARNING] IO pin axi_mst_req_o[152]: no layer specified
[WARNING] IO pin: no position specified, set to (510575096, 0, 0, 0)
[WARNING] IO pin axi_mst_req_o[153]: no layer specified
[WARNING] IO pin: no position specified, set to (510565000, 0, 0, 0)
[WARNING] IO pin axi_mst_req_o[154]: no layer specified
[WARNING] IO pin: no position specified, set to (510563096, 0, 0, 0)
[WARNING] IO pin axi_mst_req_o[155]: no layer specified
[WARNING] IO pin: no position specified, set to (510476440, 0, 0, 0)
[WARNING] IO pin axi_mst_req_o[156]: no layer specified
[WARNING] IO pin: no position specified, set to (510476280, 0, 0, 0)
[WARNING] IO pin axi_mst_req_o[157]: no layer specified
[WARNING] IO pin: no position specified, set to (510475800, 0, 0, 0)
[WARNING] IO pin axi_mst_req_o[158]: no layer specified
[WARNING] IO pin: no position specified, set to (510562616, 0, 0, 0)
[WARNING] IO pin axi_mst_req_o[159]: no layer specified
[WARNING] IO pin: no position specified, set to (510379848, 0, 0, 0)
[WARNING] IO pin axi_mst_req_o[15]: no layer specified
[WARNING] IO pin: no position specified, set to (510696360, 0, 0, 0)
[WARNING] IO pin axi_mst_req_o[160]: no layer specified
[WARNING] IO pin: no position specified, set to (510380328, 0, 0, 0)
[WARNING] IO pin axi_mst_req_o[161]: no layer specified
[WARNING] IO pin: no position specified, set to (510697576, 0, 0, 0)
[WARNING] IO pin axi_mst_req_o[162]: no layer specified
[WARNING] IO pin: no position specified, set to (510513192, 0, 0, 0)
[WARNING] IO pin axi_mst_req_o[163]: no layer specified
[WARNING] IO pin: no position specified, set to (510513832, 0, 0, 0)
[WARNING] IO pin axi_mst_req_o[164]: no layer specified
[WARNING] IO pin: no position specified, set to (510704040, 0, 0, 0)
[WARNING] IO pin axi_mst_req_o[165]: no layer specified
[WARNING] IO pin: no position specified, set to (510575352, 0, 0, 0)
[WARNING] IO pin axi_mst_req_o[166]: no layer specified
[WARNING] IO pin: no position specified, set to (510710472, 0, 0, 0)
[WARNING] IO pin axi_mst_req_o[167]: no layer specified
[WARNING] IO pin: no position specified, set to (510401560, 0, 0, 0)
[WARNING] IO pin axi_mst_req_o[168]: no layer specified
[WARNING] IO pin: no position specified, set to (506730856, 0, 0, 0)
[WARNING] IO pin axi_mst_req_o[169]: no layer specified
[WARNING] IO pin: no position specified, set to (510711992, 0, 0, 0)
[WARNING] IO pin axi_mst_req_o[16]: no layer specified
[WARNING] IO pin: no position specified, set to (508334104, 0, 0, 0)
[WARNING] IO pin axi_mst_req_o[170]: no layer specified
[WARNING] IO pin: no position specified, set to (510716264, 0, 0, 0)
[WARNING] IO pin axi_mst_req_o[171]: no layer specified
[WARNING] IO pin: no position specified, set to (510405048, 0, 0, 0)
[WARNING] IO pin axi_mst_req_o[172]: no layer specified
[WARNING] IO pin: no position specified, set to (506531512, 0, 0, 0)
[WARNING] IO pin axi_mst_req_o[173]: no layer specified
[WARNING] IO pin: no position specified, set to (510717432, 0, 0, 0)
[WARNING] IO pin axi_mst_req_o[174]: no layer specified
[WARNING] IO pin: no position specified, set to (510718776, 0, 0, 0)
[WARNING] IO pin axi_mst_req_o[175]: no layer specified
[WARNING] IO pin: no position specified, set to (507600840, 0, 0, 0)
[WARNING] IO pin axi_mst_req_o[176]: no layer specified
[WARNING] IO pin: no position specified, set to (507600680, 0, 0, 0)
[WARNING] IO pin axi_mst_req_o[177]: no layer specified
[WARNING] IO pin: no position specified, set to (506345480, 0, 0, 0)
[WARNING] IO pin axi_mst_req_o[178]: no layer specified
[WARNING] IO pin: no position specified, set to (510727784, 0, 0, 0)
[WARNING] IO pin axi_mst_req_o[179]: no layer specified
[WARNING] IO pin: no position specified, set to (510524264, 0, 0, 0)
[WARNING] IO pin axi_mst_req_o[17]: no layer specified
[WARNING] IO pin: no position specified, set to (510728952, 0, 0, 0)
[WARNING] IO pin axi_mst_req_o[180]: no layer specified
[WARNING] IO pin: no position specified, set to (506498488, 0, 0, 0)
[WARNING] IO pin axi_mst_req_o[181]: no layer specified
[WARNING] IO pin: no position specified, set to (508920376, 0, 0, 0)
[WARNING] IO pin axi_mst_req_o[182]: no layer specified
[WARNING] IO pin: no position specified, set to (510730488, 0, 0, 0)
[WARNING] IO pin axi_mst_req_o[183]: no layer specified
[WARNING] IO pin: no position specified, set to (507228392, 0, 0, 0)
[WARNING] IO pin axi_mst_req_o[184]: no layer specified
[WARNING] IO pin: no position specified, set to (510742488, 0, 0, 0)
[WARNING] IO pin axi_mst_req_o[185]: no layer specified
[WARNING] IO pin: no position specified, set to (506766104, 0, 0, 0)
[WARNING] IO pin axi_mst_req_o[186]: no layer specified
[WARNING] IO pin: no position specified, set to (508094712, 0, 0, 0)
[WARNING] IO pin axi_mst_req_o[187]: no layer specified
[WARNING] IO pin: no position specified, set to (510743816, 0, 0, 0)
[WARNING] IO pin axi_mst_req_o[188]: no layer specified
[WARNING] IO pin: no position specified, set to (510745240, 0, 0, 0)
[WARNING] IO pin axi_mst_req_o[189]: no layer specified
[WARNING] IO pin: no position specified, set to (507057784, 0, 0, 0)
[WARNING] IO pin axi_mst_req_o[18]: no layer specified
[WARNING] IO pin: no position specified, set to (507449208, 0, 0, 0)
[WARNING] IO pin axi_mst_req_o[190]: no layer specified
[WARNING] IO pin: no position specified, set to (508107544, 0, 0, 0)
[WARNING] IO pin axi_mst_req_o[191]: no layer specified
[WARNING] IO pin: no position specified, set to (510770200, 0, 0, 0)
[WARNING] IO pin axi_mst_req_o[192]: no layer specified
[WARNING] IO pin: no position specified, set to (506664328, 0, 0, 0)
[WARNING] IO pin axi_mst_req_o[193]: no layer specified
[WARNING] IO pin: no position specified, set to (510771528, 0, 0, 0)
[WARNING] IO pin axi_mst_req_o[194]: no layer specified
[WARNING] IO pin: no position specified, set to (508194104, 0, 0, 0)
[WARNING] IO pin axi_mst_req_o[195]: no layer specified
[WARNING] IO pin: no position specified, set to (510148808, 0, 0, 0)
[WARNING] IO pin axi_mst_req_o[196]: no layer specified
[WARNING] IO pin: no position specified, set to (510772824, 0, 0, 0)
[WARNING] IO pin axi_mst_req_o[197]: no layer specified
[WARNING] IO pin: no position specified, set to (510580520, 0, 0, 0)
[WARNING] IO pin axi_mst_req_o[198]: no layer specified
[WARNING] IO pin: no position specified, set to (510484168, 0, 0, 0)
[WARNING] IO pin axi_mst_req_o[199]: no layer specified
[WARNING] IO pin: no position specified, set to (506697352, 0, 0, 0)
[WARNING] IO pin axi_mst_req_o[19]: no layer specified
[WARNING] IO pin: no position specified, set to (508560616, 0, 0, 0)
[WARNING] IO pin axi_mst_req_o[1]: no layer specified
[WARNING] IO pin: no position specified, set to (510462056, 0, 0, 0)
[WARNING] IO pin axi_mst_req_o[200]: no layer specified
[WARNING] IO pin: no position specified, set to (510460888, 0, 0, 0)
[WARNING] IO pin axi_mst_req_o[201]: no layer specified
[WARNING] IO pin: no position specified, set to (510574408, 0, 0, 0)
[WARNING] IO pin axi_mst_req_o[202]: no layer specified
[WARNING] IO pin: no position specified, set to (509661864, 0, 0, 0)
[WARNING] IO pin axi_mst_req_o[203]: no layer specified
[WARNING] IO pin: no position specified, set to (510538664, 0, 0, 0)
[WARNING] IO pin axi_mst_req_o[204]: no layer specified
[WARNING] IO pin: no position specified, set to (510459576, 0, 0, 0)
[WARNING] IO pin axi_mst_req_o[205]: no layer specified
[WARNING] IO pin: no position specified, set to (510566248, 0, 0, 0)
[WARNING] IO pin axi_mst_req_o[206]: no layer specified
[WARNING] IO pin: no position specified, set to (510450616, 0, 0, 0)
[WARNING] IO pin axi_mst_req_o[207]: no layer specified
[WARNING] IO pin: no position specified, set to (507001624, 0, 0, 0)
[WARNING] IO pin axi_mst_req_o[208]: no layer specified
[WARNING] IO pin: no position specified, set to (506076824, 0, 0, 0)
[WARNING] IO pin axi_mst_req_o[209]: no layer specified
[WARNING] IO pin: no position specified, set to (510462344, 0, 0, 0)
[WARNING] IO pin axi_mst_req_o[20]: no layer specified
[WARNING] IO pin: no position specified, set to (510395784, 0, 0, 0)
[WARNING] IO pin axi_mst_req_o[210]: no layer specified
[WARNING] IO pin: no position specified, set to (510574760, 0, 0, 0)
[WARNING] IO pin axi_mst_req_o[211]: no layer specified
[WARNING] IO pin: no position specified, set to (510460440, 0, 0, 0)
[WARNING] IO pin axi_mst_req_o[212]: no layer specified
[WARNING] IO pin: no position specified, set to (510549224, 0, 0, 0)
[WARNING] IO pin axi_mst_req_o[213]: no layer specified
[WARNING] IO pin: no position specified, set to (510561448, 0, 0, 0)
[WARNING] IO pin axi_mst_req_o[214]: no layer specified
[WARNING] IO pin: no position specified, set to (510368152, 0, 0, 0)
[WARNING] IO pin axi_mst_req_o[215]: no layer specified
[WARNING] IO pin: no position specified, set to (510635864, 0, 0, 0)
[WARNING] IO pin axi_mst_req_o[216]: no layer specified
[WARNING] IO pin: no position specified, set to (508920312, 0, 0, 0)
[WARNING] IO pin axi_mst_req_o[217]: no layer specified
[WARNING] IO pin: no position specified, set to (510446296, 0, 0, 0)
[WARNING] IO pin axi_mst_req_o[218]: no layer specified
[WARNING] IO pin: no position specified, set to (510560872, 0, 0, 0)
[WARNING] IO pin axi_mst_req_o[219]: no layer specified
[WARNING] IO pin: no position specified, set to (510368296, 0, 0, 0)
[WARNING] IO pin axi_mst_req_o[21]: no layer specified
[WARNING] IO pin: no position specified, set to (510460296, 0, 0, 0)
[WARNING] IO pin axi_mst_req_o[220]: no layer specified
[WARNING] IO pin: no position specified, set to (507001768, 0, 0, 0)
[WARNING] IO pin axi_mst_req_o[221]: no layer specified
[WARNING] IO pin: no position specified, set to (510549080, 0, 0, 0)
[WARNING] IO pin axi_mst_req_o[222]: no layer specified
[WARNING] IO pin: no position specified, set to (510551400, 0, 0, 0)
[WARNING] IO pin axi_mst_req_o[223]: no layer specified
[WARNING] IO pin: no position specified, set to (510351320, 0, 0, 0)
[WARNING] IO pin axi_mst_req_o[224]: no layer specified
[WARNING] IO pin: no position specified, set to (510540808, 0, 0, 0)
[WARNING] IO pin axi_mst_req_o[225]: no layer specified
[WARNING] IO pin: no position specified, set to (510411176, 0, 0, 0)
[WARNING] IO pin axi_mst_req_o[226]: no layer specified
[WARNING] IO pin: no position specified, set to (508075400, 0, 0, 0)
[WARNING] IO pin axi_mst_req_o[227]: no layer specified
[WARNING] IO pin: no position specified, set to (510460584, 0, 0, 0)
[WARNING] IO pin axi_mst_req_o[228]: no layer specified
[WARNING] IO pin: no position specified, set to (510540952, 0, 0, 0)
[WARNING] IO pin axi_mst_req_o[229]: no layer specified
[WARNING] IO pin: no position specified, set to (506158952, 0, 0, 0)
[WARNING] IO pin axi_mst_req_o[22]: no layer specified
[WARNING] IO pin: no position specified, set to (510307832, 0, 0, 0)
[WARNING] IO pin axi_mst_req_o[230]: no layer specified
[WARNING] IO pin: no position specified, set to (509642936, 0, 0, 0)
[WARNING] IO pin axi_mst_req_o[231]: no layer specified
[WARNING] IO pin: no position specified, set to (510580184, 0, 0, 0)
[WARNING] IO pin axi_mst_req_o[232]: no layer specified
[WARNING] IO pin: no position specified, set to (510702760, 0, 0, 0)
[WARNING] IO pin axi_mst_req_o[233]: no layer specified
[WARNING] IO pin: no position specified, set to (510395992, 0, 0, 0)
[WARNING] IO pin axi_mst_req_o[234]: no layer specified
[WARNING] IO pin: no position specified, set to (508956888, 0, 0, 0)
[WARNING] IO pin axi_mst_req_o[235]: no layer specified
[WARNING] IO pin: no position specified, set to (508837976, 0, 0, 0)
[WARNING] IO pin axi_mst_req_o[236]: no layer specified
[WARNING] IO pin: no position specified, set to (510577336, 0, 0, 0)
[WARNING] IO pin axi_mst_req_o[237]: no layer specified
[WARNING] IO pin: no position specified, set to (510567464, 0, 0, 0)
[WARNING] IO pin axi_mst_req_o[238]: no layer specified
[WARNING] IO pin: no position specified, set to (510575720, 0, 0, 0)
[WARNING] IO pin axi_mst_req_o[239]: no layer specified
[WARNING] IO pin: no position specified, set to (510576008, 0, 0, 0)
[WARNING] IO pin axi_mst_req_o[23]: no layer specified
[WARNING] IO pin: no position specified, set to (510800664, 0, 0, 0)
[WARNING] IO pin axi_mst_req_o[240]: no layer specified
[WARNING] IO pin: no position specified, set to (507494328, 0, 0, 0)
[WARNING] IO pin axi_mst_req_o[241]: no layer specified
[WARNING] IO pin: no position specified, set to (510705896, 0, 0, 0)
[WARNING] IO pin axi_mst_req_o[242]: no layer specified
[WARNING] IO pin: no position specified, set to (510726472, 0, 0, 0)
[WARNING] IO pin axi_mst_req_o[243]: no layer specified
[WARNING] IO pin: no position specified, set to (510800440, 0, 0, 0)
[WARNING] IO pin axi_mst_req_o[244]: no layer specified
[WARNING] IO pin: no position specified, set to (507331864, 0, 0, 0)
[WARNING] IO pin axi_mst_req_o[245]: no layer specified
[WARNING] IO pin: no position specified, set to (510478984, 0, 0, 0)
[WARNING] IO pin axi_mst_req_o[246]: no layer specified
[WARNING] IO pin: no position specified, set to (506523832, 0, 0, 0)
[WARNING] IO pin axi_mst_req_o[247]: no layer specified
[WARNING] IO pin: no position specified, set to (509480232, 0, 0, 0)
[WARNING] IO pin axi_mst_req_o[248]: no layer specified
[WARNING] IO pin: no position specified, set to (510667560, 0, 0, 0)
[WARNING] IO pin axi_mst_req_o[249]: no layer specified
[WARNING] IO pin: no position specified, set to (506612200, 0, 0, 0)
[WARNING] IO pin axi_mst_req_o[24]: no layer specified
[WARNING] IO pin: no position specified, set to (510564680, 0, 0, 0)
[WARNING] IO pin axi_mst_req_o[250]: no layer specified
[WARNING] IO pin: no position specified, set to (510704952, 0, 0, 0)
[WARNING] IO pin axi_mst_req_o[251]: no layer specified
[WARNING] IO pin: no position specified, set to (509529272, 0, 0, 0)
[WARNING] IO pin axi_mst_req_o[252]: no layer specified
[WARNING] IO pin: no position specified, set to (506205320, 0, 0, 0)
[WARNING] IO pin axi_mst_req_o[253]: no layer specified
[WARNING] IO pin: no position specified, set to (509933832, 0, 0, 0)
[WARNING] IO pin axi_mst_req_o[254]: no layer specified
[WARNING] IO pin: no position specified, set to (510576328, 0, 0, 0)
[WARNING] IO pin axi_mst_req_o[255]: no layer specified
[WARNING] IO pin: no position specified, set to (510519784, 0, 0, 0)
[WARNING] IO pin axi_mst_req_o[256]: no layer specified
[WARNING] IO pin: no position specified, set to (510517592, 0, 0, 0)
[WARNING] IO pin axi_mst_req_o[257]: no layer specified
[WARNING] IO pin: no position specified, set to (510367288, 0, 0, 0)
[WARNING] IO pin axi_mst_req_o[258]: no layer specified
[WARNING] IO pin: no position specified, set to (510365384, 0, 0, 0)
[WARNING] IO pin axi_mst_req_o[259]: no layer specified
[WARNING] IO pin: no position specified, set to (510364840, 0, 0, 0)
[WARNING] IO pin axi_mst_req_o[25]: no layer specified
[WARNING] IO pin: no position specified, set to (510682936, 0, 0, 0)
[WARNING] IO pin axi_mst_req_o[260]: no layer specified
[WARNING] IO pin: no position specified, set to (508917128, 0, 0, 0)
[WARNING] IO pin axi_mst_req_o[261]: no layer specified
[WARNING] IO pin: no position specified, set to (510081224, 0, 0, 0)
[WARNING] IO pin axi_mst_req_o[262]: no layer specified
[WARNING] IO pin: no position specified, set to (509555832, 0, 0, 0)
[WARNING] IO pin axi_mst_req_o[263]: no layer specified
[WARNING] IO pin: no position specified, set to (508876952, 0, 0, 0)
[WARNING] IO pin axi_mst_req_o[264]: no layer specified
[WARNING] IO pin: no position specified, set to (508807480, 0, 0, 0)
[WARNING] IO pin axi_mst_req_o[265]: no layer specified
[WARNING] IO pin: no position specified, set to (508446760, 0, 0, 0)
[WARNING] IO pin axi_mst_req_o[266]: no layer specified
[WARNING] IO pin: no position specified, set to (507986520, 0, 0, 0)
[WARNING] IO pin axi_mst_req_o[267]: no layer specified
[WARNING] IO pin: no position specified, set to (507825624, 0, 0, 0)
[WARNING] IO pin axi_mst_req_o[268]: no layer specified
[WARNING] IO pin: no position specified, set to (507850376, 0, 0, 0)
[WARNING] IO pin axi_mst_req_o[269]: no layer specified
[WARNING] IO pin: no position specified, set to (507786712, 0, 0, 0)
[WARNING] IO pin axi_mst_req_o[26]: no layer specified
[WARNING] IO pin: no position specified, set to (507719064, 0, 0, 0)
[WARNING] IO pin axi_mst_req_o[270]: no layer specified
[WARNING] IO pin: no position specified, set to (507453096, 0, 0, 0)
[WARNING] IO pin axi_mst_req_o[271]: no layer specified
[WARNING] IO pin: no position specified, set to (507285320, 0, 0, 0)
[WARNING] IO pin axi_mst_req_o[272]: no layer specified
[WARNING] IO pin: no position specified, set to (507275640, 0, 0, 0)
[WARNING] IO pin axi_mst_req_o[273]: no layer specified
[WARNING] IO pin: no position specified, set to (507166984, 0, 0, 0)
[WARNING] IO pin axi_mst_req_o[274]: no layer specified
[WARNING] IO pin: no position specified, set to (510667992, 0, 0, 0)
[WARNING] IO pin axi_mst_req_o[275]: no layer specified
[WARNING] IO pin: no position specified, set to (510708264, 0, 0, 0)
[WARNING] IO pin axi_mst_req_o[276]: no layer specified
[WARNING] IO pin: no position specified, set to (510706184, 0, 0, 0)
[WARNING] IO pin axi_mst_req_o[277]: no layer specified
[WARNING] IO pin: no position specified, set to (510709032, 0, 0, 0)
[WARNING] IO pin axi_mst_req_o[278]: no layer specified
[WARNING] IO pin: no position specified, set to (510801880, 0, 0, 0)
[WARNING] IO pin axi_mst_req_o[279]: no layer specified
[WARNING] IO pin: no position specified, set to (510729720, 0, 0, 0)
[WARNING] IO pin axi_mst_req_o[27]: no layer specified
[WARNING] IO pin: no position specified, set to (510729992, 0, 0, 0)
[WARNING] IO pin axi_mst_req_o[280]: no layer specified
[WARNING] IO pin: no position specified, set to (510664936, 0, 0, 0)
[WARNING] IO pin axi_mst_req_o[281]: no layer specified
[WARNING] IO pin: no position specified, set to (510650088, 0, 0, 0)
[WARNING] IO pin axi_mst_req_o[282]: no layer specified
[WARNING] IO pin: no position specified, set to (510636200, 0, 0, 0)
[WARNING] IO pin axi_mst_req_o[283]: no layer specified
[WARNING] IO pin: no position specified, set to (510777992, 0, 0, 0)
[WARNING] IO pin axi_mst_req_o[284]: no layer specified
[WARNING] IO pin: no position specified, set to (510727480, 0, 0, 0)
[WARNING] IO pin axi_mst_req_o[28]: no layer specified
[WARNING] IO pin: no position specified, set to (510727064, 0, 0, 0)
[WARNING] IO pin axi_mst_req_o[29]: no layer specified
[WARNING] IO pin: no position specified, set to (510712856, 0, 0, 0)
[WARNING] IO pin axi_mst_req_o[2]: no layer specified
[WARNING] IO pin: no position specified, set to (510706536, 0, 0, 0)
[WARNING] IO pin axi_mst_req_o[30]: no layer specified
[WARNING] IO pin: no position specified, set to (510706824, 0, 0, 0)
[WARNING] IO pin axi_mst_req_o[31]: no layer specified
[WARNING] IO pin: no position specified, set to (510705512, 0, 0, 0)
[WARNING] IO pin axi_mst_req_o[32]: no layer specified
[WARNING] IO pin: no position specified, set to (510693752, 0, 0, 0)
[WARNING] IO pin axi_mst_req_o[33]: no layer specified
[WARNING] IO pin: no position specified, set to (510691528, 0, 0, 0)
[WARNING] IO pin axi_mst_req_o[34]: no layer specified
[WARNING] IO pin: no position specified, set to (510666696, 0, 0, 0)
[WARNING] IO pin axi_mst_req_o[35]: no layer specified
[WARNING] IO pin: no position specified, set to (510666968, 0, 0, 0)
[WARNING] IO pin axi_mst_req_o[36]: no layer specified
[WARNING] IO pin: no position specified, set to (510719064, 0, 0, 0)
[WARNING] IO pin axi_mst_req_o[37]: no layer specified
[WARNING] IO pin: no position specified, set to (510719432, 0, 0, 0)
[WARNING] IO pin axi_mst_req_o[38]: no layer specified
[WARNING] IO pin: no position specified, set to (510802328, 0, 0, 0)
[WARNING] IO pin axi_mst_req_o[39]: no layer specified
[WARNING] IO pin: no position specified, set to (510779752, 0, 0, 0)
[WARNING] IO pin axi_mst_req_o[3]: no layer specified
[WARNING] IO pin: no position specified, set to (510712216, 0, 0, 0)
[WARNING] IO pin axi_mst_req_o[40]: no layer specified
[WARNING] IO pin: no position specified, set to (510772984, 0, 0, 0)
[WARNING] IO pin axi_mst_req_o[41]: no layer specified
[WARNING] IO pin: no position specified, set to (510773304, 0, 0, 0)
[WARNING] IO pin axi_mst_req_o[42]: no layer specified
[WARNING] IO pin: no position specified, set to (510745656, 0, 0, 0)
[WARNING] IO pin axi_mst_req_o[43]: no layer specified
[WARNING] IO pin: no position specified, set to (510717736, 0, 0, 0)
[WARNING] IO pin axi_mst_req_o[44]: no layer specified
[WARNING] IO pin: no position specified, set to (510704488, 0, 0, 0)
[WARNING] IO pin axi_mst_req_o[45]: no layer specified
[WARNING] IO pin: no position specified, set to (510650616, 0, 0, 0)
[WARNING] IO pin axi_mst_req_o[46]: no layer specified
[WARNING] IO pin: no position specified, set to (510650984, 0, 0, 0)
[WARNING] IO pin axi_mst_req_o[47]: no layer specified
[WARNING] IO pin: no position specified, set to (510801080, 0, 0, 0)
[WARNING] IO pin axi_mst_req_o[48]: no layer specified
[WARNING] IO pin: no position specified, set to (510666136, 0, 0, 0)
[WARNING] IO pin axi_mst_req_o[49]: no layer specified
[WARNING] IO pin: no position specified, set to (510682392, 0, 0, 0)
[WARNING] IO pin axi_mst_req_o[4]: no layer specified
[WARNING] IO pin: no position specified, set to (510769016, 0, 0, 0)
[WARNING] IO pin axi_mst_req_o[50]: no layer specified
[WARNING] IO pin: no position specified, set to (510769384, 0, 0, 0)
[WARNING] IO pin axi_mst_req_o[51]: no layer specified
[WARNING] IO pin: no position specified, set to (510741144, 0, 0, 0)
[WARNING] IO pin axi_mst_req_o[52]: no layer specified
[WARNING] IO pin: no position specified, set to (510730648, 0, 0, 0)
[WARNING] IO pin axi_mst_req_o[53]: no layer specified
[WARNING] IO pin: no position specified, set to (510725816, 0, 0, 0)
[WARNING] IO pin axi_mst_req_o[54]: no layer specified
[WARNING] IO pin: no position specified, set to (510726136, 0, 0, 0)
[WARNING] IO pin axi_mst_req_o[55]: no layer specified
[WARNING] IO pin: no position specified, set to (510718200, 0, 0, 0)
[WARNING] IO pin axi_mst_req_o[56]: no layer specified
[WARNING] IO pin: no position specified, set to (510718472, 0, 0, 0)
[WARNING] IO pin axi_mst_req_o[57]: no layer specified
[WARNING] IO pin: no position specified, set to (510754584, 0, 0, 0)
[WARNING] IO pin axi_mst_req_o[58]: no layer specified
[WARNING] IO pin: no position specified, set to (510748168, 0, 0, 0)
[WARNING] IO pin axi_mst_req_o[59]: no layer specified
[WARNING] IO pin: no position specified, set to (510671592, 0, 0, 0)
[WARNING] IO pin axi_mst_req_o[5]: no layer specified
[WARNING] IO pin: no position specified, set to (510671960, 0, 0, 0)
[WARNING] IO pin axi_mst_req_o[60]: no layer specified
[WARNING] IO pin: no position specified, set to (510657352, 0, 0, 0)
[WARNING] IO pin axi_mst_req_o[61]: no layer specified
[WARNING] IO pin: no position specified, set to (510649512, 0, 0, 0)
[WARNING] IO pin axi_mst_req_o[62]: no layer specified
[WARNING] IO pin: no position specified, set to (510787592, 0, 0, 0)
[WARNING] IO pin axi_mst_req_o[63]: no layer specified
[WARNING] IO pin: no position specified, set to (510787960, 0, 0, 0)
[WARNING] IO pin axi_mst_req_o[64]: no layer specified
[WARNING] IO pin: no position specified, set to (510741896, 0, 0, 0)
[WARNING] IO pin axi_mst_req_o[65]: no layer specified
[WARNING] IO pin: no position specified, set to (510788232, 0, 0, 0)
[WARNING] IO pin axi_mst_req_o[66]: no layer specified
[WARNING] IO pin: no position specified, set to (510788600, 0, 0, 0)
[WARNING] IO pin axi_mst_req_o[67]: no layer specified
[WARNING] IO pin: no position specified, set to (510665464, 0, 0, 0)
[WARNING] IO pin axi_mst_req_o[68]: no layer specified
[WARNING] IO pin: no position specified, set to (510778392, 0, 0, 0)
[WARNING] IO pin axi_mst_req_o[69]: no layer specified
[WARNING] IO pin: no position specified, set to (510778760, 0, 0, 0)
[WARNING] IO pin axi_mst_req_o[6]: no layer specified
[WARNING] IO pin: no position specified, set to (510668728, 0, 0, 0)
[WARNING] IO pin axi_mst_req_o[70]: no layer specified
[WARNING] IO pin: no position specified, set to (510670792, 0, 0, 0)
[WARNING] IO pin axi_mst_req_o[71]: no layer specified
[WARNING] IO pin: no position specified, set to (510671160, 0, 0, 0)
[WARNING] IO pin axi_mst_req_o[72]: no layer specified
[WARNING] IO pin: no position specified, set to (510670184, 0, 0, 0)
[WARNING] IO pin axi_mst_req_o[73]: no layer specified
[WARNING] IO pin: no position specified, set to (510669240, 0, 0, 0)
[WARNING] IO pin axi_mst_req_o[74]: no layer specified
[WARNING] IO pin: no position specified, set to (510669608, 0, 0, 0)
[WARNING] IO pin axi_mst_req_o[75]: no layer specified
[WARNING] IO pin: no position specified, set to (510653432, 0, 0, 0)
[WARNING] IO pin axi_mst_req_o[76]: no layer specified
[WARNING] IO pin: no position specified, set to (510653800, 0, 0, 0)
[WARNING] IO pin axi_mst_req_o[77]: no layer specified
[WARNING] IO pin: no position specified, set to (510744184, 0, 0, 0)
[WARNING] IO pin axi_mst_req_o[78]: no layer specified
[WARNING] IO pin: no position specified, set to (510744456, 0, 0, 0)
[WARNING] IO pin axi_mst_req_o[79]: no layer specified
[WARNING] IO pin: no position specified, set to (510714808, 0, 0, 0)
[WARNING] IO pin axi_mst_req_o[7]: no layer specified
[WARNING] IO pin: no position specified, set to (510729176, 0, 0, 0)
[WARNING] IO pin axi_mst_req_o[80]: no layer specified
[WARNING] IO pin: no position specified, set to (510729544, 0, 0, 0)
[WARNING] IO pin axi_mst_req_o[81]: no layer specified
[WARNING] IO pin: no position specified, set to (510797320, 0, 0, 0)
[WARNING] IO pin axi_mst_req_o[82]: no layer specified
[WARNING] IO pin: no position specified, set to (510797688, 0, 0, 0)
[WARNING] IO pin axi_mst_req_o[83]: no layer specified
[WARNING] IO pin: no position specified, set to (510725240, 0, 0, 0)
[WARNING] IO pin axi_mst_req_o[84]: no layer specified
[WARNING] IO pin: no position specified, set to (510725560, 0, 0, 0)
[WARNING] IO pin axi_mst_req_o[85]: no layer specified
[WARNING] IO pin: no position specified, set to (510713496, 0, 0, 0)
[WARNING] IO pin axi_mst_req_o[86]: no layer specified
[WARNING] IO pin: no position specified, set to (510713768, 0, 0, 0)
[WARNING] IO pin axi_mst_req_o[87]: no layer specified
[WARNING] IO pin: no position specified, set to (510680184, 0, 0, 0)
[WARNING] IO pin axi_mst_req_o[88]: no layer specified
[WARNING] IO pin: no position specified, set to (510678952, 0, 0, 0)
[WARNING] IO pin axi_mst_req_o[89]: no layer specified
[WARNING] IO pin: no position specified, set to (510679320, 0, 0, 0)
[WARNING] IO pin axi_mst_req_o[8]: no layer specified
[WARNING] IO pin: no position specified, set to (510652680, 0, 0, 0)
[WARNING] IO pin axi_mst_req_o[90]: no layer specified
[WARNING] IO pin: no position specified, set to (510653048, 0, 0, 0)
[WARNING] IO pin axi_mst_req_o[91]: no layer specified
[WARNING] IO pin: no position specified, set to (510703272, 0, 0, 0)
[WARNING] IO pin axi_mst_req_o[92]: no layer specified
[WARNING] IO pin: no position specified, set to (510703640, 0, 0, 0)
[WARNING] IO pin axi_mst_req_o[93]: no layer specified
[WARNING] IO pin: no position specified, set to (510746072, 0, 0, 0)
[WARNING] IO pin axi_mst_req_o[94]: no layer specified
[WARNING] IO pin: no position specified, set to (510746440, 0, 0, 0)
[WARNING] IO pin axi_mst_req_o[95]: no layer specified
[WARNING] IO pin: no position specified, set to (510700856, 0, 0, 0)
[WARNING] IO pin axi_mst_req_o[96]: no layer specified
[WARNING] IO pin: no position specified, set to (510701224, 0, 0, 0)
[WARNING] IO pin axi_mst_req_o[97]: no layer specified
[WARNING] IO pin: no position specified, set to (510699928, 0, 0, 0)
[WARNING] IO pin axi_mst_req_o[98]: no layer specified
[WARNING] IO pin: no position specified, set to (510700296, 0, 0, 0)
[WARNING] IO pin axi_mst_req_o[99]: no layer specified
[WARNING] IO pin: no position specified, set to (510699000, 0, 0, 0)
[WARNING] IO pin axi_mst_req_o[9]: no layer specified
[WARNING] IO pin: no position specified, set to (510699368, 0, 0, 0)
[WARNING] IO pin axi_mst_resp_i[0]: no layer specified
[WARNING] IO pin: no position specified, set to (510692712, 0, 0, 0)
[WARNING] IO pin axi_mst_resp_i[100]: no layer specified
[WARNING] IO pin: no position specified, set to (510693080, 0, 0, 0)
[WARNING] IO pin axi_mst_resp_i[101]: no layer specified
[WARNING] IO pin: no position specified, set to (510680968, 0, 0, 0)
[WARNING] IO pin axi_mst_resp_i[102]: no layer specified
[WARNING] IO pin: no position specified, set to (510681336, 0, 0, 0)
[WARNING] IO pin axi_mst_resp_i[103]: no layer specified
[WARNING] IO pin: no position specified, set to (510715480, 0, 0, 0)
[WARNING] IO pin axi_mst_resp_i[104]: no layer specified
[WARNING] IO pin: no position specified, set to (510715848, 0, 0, 0)
[WARNING] IO pin axi_mst_resp_i[105]: no layer specified
[WARNING] IO pin: no position specified, set to (510799256, 0, 0, 0)
[WARNING] IO pin axi_mst_resp_i[106]: no layer specified
[WARNING] IO pin: no position specified, set to (510799624, 0, 0, 0)
[WARNING] IO pin axi_mst_resp_i[107]: no layer specified
[WARNING] IO pin: no position specified, set to (510571320, 0, 0, 0)
[WARNING] IO pin axi_mst_resp_i[108]: no layer specified
[WARNING] IO pin: no position specified, set to (510571688, 0, 0, 0)
[WARNING] IO pin axi_mst_resp_i[109]: no layer specified
[WARNING] IO pin: no position specified, set to (510515016, 0, 0, 0)
[WARNING] IO pin axi_mst_resp_i[10]: no layer specified
[WARNING] IO pin: no position specified, set to (510515384, 0, 0, 0)
[WARNING] IO pin axi_mst_resp_i[110]: no layer specified
[WARNING] IO pin: no position specified, set to (510766952, 0, 0, 0)
[WARNING] IO pin axi_mst_resp_i[111]: no layer specified
[WARNING] IO pin: no position specified, set to (510767320, 0, 0, 0)
[WARNING] IO pin axi_mst_resp_i[112]: no layer specified
[WARNING] IO pin: no position specified, set to (510767688, 0, 0, 0)
[WARNING] IO pin axi_mst_resp_i[113]: no layer specified
[WARNING] IO pin: no position specified, set to (510768280, 0, 0, 0)
[WARNING] IO pin axi_mst_resp_i[114]: no layer specified
[WARNING] IO pin: no position specified, set to (510768648, 0, 0, 0)
[WARNING] IO pin axi_mst_resp_i[115]: no layer specified
[WARNING] IO pin: no position specified, set to (510402120, 0, 0, 0)
[WARNING] IO pin axi_mst_resp_i[116]: no layer specified
[WARNING] IO pin: no position specified, set to (510402488, 0, 0, 0)
[WARNING] IO pin axi_mst_resp_i[117]: no layer specified
[WARNING] IO pin: no position specified, set to (510498872, 0, 0, 0)
[WARNING] IO pin axi_mst_resp_i[118]: no layer specified
[WARNING] IO pin: no position specified, set to (510499240, 0, 0, 0)
[WARNING] IO pin axi_mst_resp_i[119]: no layer specified
[WARNING] IO pin: no position specified, set to (510544376, 0, 0, 0)
[WARNING] IO pin axi_mst_resp_i[11]: no layer specified
[WARNING] IO pin: no position specified, set to (510544744, 0, 0, 0)
[WARNING] IO pin axi_mst_resp_i[120]: no layer specified
[WARNING] IO pin: no position specified, set to (510545112, 0, 0, 0)
[WARNING] IO pin axi_mst_resp_i[121]: no layer specified
[WARNING] IO pin: no position specified, set to (510546680, 0, 0, 0)
[WARNING] IO pin axi_mst_resp_i[122]: no layer specified
[WARNING] IO pin: no position specified, set to (510547048, 0, 0, 0)
[WARNING] IO pin axi_mst_resp_i[123]: no layer specified
[WARNING] IO pin: no position specified, set to (510556584, 0, 0, 0)
[WARNING] IO pin axi_mst_resp_i[124]: no layer specified
[WARNING] IO pin: no position specified, set to (510556952, 0, 0, 0)
[WARNING] IO pin axi_mst_resp_i[125]: no layer specified
[WARNING] IO pin: no position specified, set to (510557272, 0, 0, 0)
[WARNING] IO pin axi_mst_resp_i[126]: no layer specified
[WARNING] IO pin: no position specified, set to (510461304, 0, 0, 0)
[WARNING] IO pin axi_mst_resp_i[127]: no layer specified
[WARNING] IO pin: no position specified, set to (510461672, 0, 0, 0)
[WARNING] IO pin axi_mst_resp_i[128]: no layer specified
[WARNING] IO pin: no position specified, set to (510728088, 0, 0, 0)
[WARNING] IO pin axi_mst_resp_i[129]: no layer specified
[WARNING] IO pin: no position specified, set to (510728456, 0, 0, 0)
[WARNING] IO pin axi_mst_resp_i[12]: no layer specified
[WARNING] IO pin: no position specified, set to (510716440, 0, 0, 0)
[WARNING] IO pin axi_mst_resp_i[130]: no layer specified
[WARNING] IO pin: no position specified, set to (510716808, 0, 0, 0)
[WARNING] IO pin axi_mst_resp_i[131]: no layer specified
[WARNING] IO pin: no position specified, set to (510717128, 0, 0, 0)
[WARNING] IO pin axi_mst_resp_i[132]: no layer specified
[WARNING] IO pin: no position specified, set to (510464824, 0, 0, 0)
[WARNING] IO pin axi_mst_resp_i[133]: no layer specified
[WARNING] IO pin: no position specified, set to (510465192, 0, 0, 0)
[WARNING] IO pin axi_mst_resp_i[134]: no layer specified
[WARNING] IO pin: no position specified, set to (510786904, 0, 0, 0)
[WARNING] IO pin axi_mst_resp_i[135]: no layer specified
[WARNING] IO pin: no position specified, set to (510787272, 0, 0, 0)
[WARNING] IO pin axi_mst_resp_i[136]: no layer specified
[WARNING] IO pin: no position specified, set to (510747096, 0, 0, 0)
[WARNING] IO pin axi_mst_resp_i[137]: no layer specified
[WARNING] IO pin: no position specified, set to (510747464, 0, 0, 0)
[WARNING] IO pin axi_mst_resp_i[138]: no layer specified
[WARNING] IO pin: no position specified, set to (510697640, 0, 0, 0)
[WARNING] IO pin axi_mst_resp_i[139]: no layer specified
[WARNING] IO pin: no position specified, set to (510697960, 0, 0, 0)
[WARNING] IO pin axi_mst_resp_i[13]: no layer specified
[WARNING] IO pin: no position specified, set to (510698328, 0, 0, 0)
[WARNING] IO pin axi_mst_resp_i[140]: no layer specified
[WARNING] IO pin: no position specified, set to (510696584, 0, 0, 0)
[WARNING] IO pin axi_mst_resp_i[141]: no layer specified
[WARNING] IO pin: no position specified, set to (510696952, 0, 0, 0)
[WARNING] IO pin axi_mst_resp_i[142]: no layer specified
[WARNING] IO pin: no position specified, set to (510697272, 0, 0, 0)
[WARNING] IO pin axi_mst_resp_i[143]: no layer specified
[WARNING] IO pin: no position specified, set to (510689064, 0, 0, 0)
[WARNING] IO pin axi_mst_resp_i[14]: no layer specified
[WARNING] IO pin: no position specified, set to (510689432, 0, 0, 0)
[WARNING] IO pin axi_mst_resp_i[15]: no layer specified
[WARNING] IO pin: no position specified, set to (510638280, 0, 0, 0)
[WARNING] IO pin axi_mst_resp_i[16]: no layer specified
[WARNING] IO pin: no position specified, set to (510638648, 0, 0, 0)
[WARNING] IO pin axi_mst_resp_i[17]: no layer specified
[WARNING] IO pin: no position specified, set to (510382392, 0, 0, 0)
[WARNING] IO pin axi_mst_resp_i[18]: no layer specified
[WARNING] IO pin: no position specified, set to (510382760, 0, 0, 0)
[WARNING] IO pin axi_mst_resp_i[19]: no layer specified
[WARNING] IO pin: no position specified, set to (510383128, 0, 0, 0)
[WARNING] IO pin axi_mst_resp_i[1]: no layer specified
[WARNING] IO pin: no position specified, set to (510710712, 0, 0, 0)
[WARNING] IO pin axi_mst_resp_i[20]: no layer specified
[WARNING] IO pin: no position specified, set to (510711080, 0, 0, 0)
[WARNING] IO pin axi_mst_resp_i[21]: no layer specified
[WARNING] IO pin: no position specified, set to (510636856, 0, 0, 0)
[WARNING] IO pin axi_mst_resp_i[22]: no layer specified
[WARNING] IO pin: no position specified, set to (510637224, 0, 0, 0)
[WARNING] IO pin axi_mst_resp_i[23]: no layer specified
[WARNING] IO pin: no position specified, set to (510637592, 0, 0, 0)
[WARNING] IO pin axi_mst_resp_i[24]: no layer specified
[WARNING] IO pin: no position specified, set to (510707272, 0, 0, 0)
[WARNING] IO pin axi_mst_resp_i[25]: no layer specified
[WARNING] IO pin: no position specified, set to (510707640, 0, 0, 0)
[WARNING] IO pin axi_mst_resp_i[26]: no layer specified
[WARNING] IO pin: no position specified, set to (510793016, 0, 0, 0)
[WARNING] IO pin axi_mst_resp_i[27]: no layer specified
[WARNING] IO pin: no position specified, set to (510793336, 0, 0, 0)
[WARNING] IO pin axi_mst_resp_i[28]: no layer specified
[WARNING] IO pin: no position specified, set to (510793704, 0, 0, 0)
[WARNING] IO pin axi_mst_resp_i[29]: no layer specified
[WARNING] IO pin: no position specified, set to (510397352, 0, 0, 0)
[WARNING] IO pin axi_mst_resp_i[2]: no layer specified
[WARNING] IO pin: no position specified, set to (510397720, 0, 0, 0)
[WARNING] IO pin axi_mst_resp_i[30]: no layer specified
[WARNING] IO pin: no position specified, set to (510398088, 0, 0, 0)
[WARNING] IO pin axi_mst_resp_i[31]: no layer specified
[WARNING] IO pin: no position specified, set to (510480520, 0, 0, 0)
[WARNING] IO pin axi_mst_resp_i[32]: no layer specified
[WARNING] IO pin: no position specified, set to (510480888, 0, 0, 0)
[WARNING] IO pin axi_mst_resp_i[33]: no layer specified
[WARNING] IO pin: no position specified, set to (510771592, 0, 0, 0)
[WARNING] IO pin axi_mst_resp_i[34]: no layer specified
[WARNING] IO pin: no position specified, set to (510771960, 0, 0, 0)
[WARNING] IO pin axi_mst_resp_i[35]: no layer specified
[WARNING] IO pin: no position specified, set to (510772328, 0, 0, 0)
[WARNING] IO pin axi_mst_resp_i[36]: no layer specified
[WARNING] IO pin: no position specified, set to (510709336, 0, 0, 0)
[WARNING] IO pin axi_mst_resp_i[37]: no layer specified
[WARNING] IO pin: no position specified, set to (510709704, 0, 0, 0)
[WARNING] IO pin axi_mst_resp_i[38]: no layer specified
[WARNING] IO pin: no position specified, set to (510710072, 0, 0, 0)
[WARNING] IO pin axi_mst_resp_i[39]: no layer specified
[WARNING] IO pin: no position specified, set to (510648280, 0, 0, 0)
[WARNING] IO pin axi_mst_resp_i[3]: no layer specified
[WARNING] IO pin: no position specified, set to (510648648, 0, 0, 0)
[WARNING] IO pin axi_mst_resp_i[40]: no layer specified
[WARNING] IO pin: no position specified, set to (510753112, 0, 0, 0)
[WARNING] IO pin axi_mst_resp_i[41]: no layer specified
[WARNING] IO pin: no position specified, set to (510753480, 0, 0, 0)
[WARNING] IO pin axi_mst_resp_i[42]: no layer specified
[WARNING] IO pin: no position specified, set to (510753848, 0, 0, 0)
[WARNING] IO pin axi_mst_resp_i[43]: no layer specified
[WARNING] IO pin: no position specified, set to (510742648, 0, 0, 0)
[WARNING] IO pin axi_mst_resp_i[44]: no layer specified
[WARNING] IO pin: no position specified, set to (510743016, 0, 0, 0)
[WARNING] IO pin axi_mst_resp_i[45]: no layer specified
[WARNING] IO pin: no position specified, set to (510743384, 0, 0, 0)
[WARNING] IO pin axi_mst_resp_i[46]: no layer specified
[WARNING] IO pin: no position specified, set to (510770440, 0, 0, 0)
[WARNING] IO pin axi_mst_resp_i[47]: no layer specified
[WARNING] IO pin: no position specified, set to (510770808, 0, 0, 0)
[WARNING] IO pin axi_mst_resp_i[48]: no layer specified
[WARNING] IO pin: no position specified, set to (510771176, 0, 0, 0)
[WARNING] IO pin axi_mst_resp_i[49]: no layer specified
[WARNING] IO pin: no position specified, set to (510449560, 0, 0, 0)
[WARNING] IO pin axi_mst_resp_i[4]: no layer specified
[WARNING] IO pin: no position specified, set to (510449928, 0, 0, 0)
[WARNING] IO pin axi_mst_resp_i[50]: no layer specified
[WARNING] IO pin: no position specified, set to (510797800, 0, 0, 0)
[WARNING] IO pin axi_mst_resp_i[51]: no layer specified
[WARNING] IO pin: no position specified, set to (510798168, 0, 0, 0)
[WARNING] IO pin axi_mst_resp_i[52]: no layer specified
[WARNING] IO pin: no position specified, set to (510798536, 0, 0, 0)
[WARNING] IO pin axi_mst_resp_i[53]: no layer specified
[WARNING] IO pin: no position specified, set to (510798808, 0, 0, 0)
[WARNING] IO pin axi_mst_resp_i[54]: no layer specified
[WARNING] IO pin: no position specified, set to (510662808, 0, 0, 0)
[WARNING] IO pin axi_mst_resp_i[55]: no layer specified
[WARNING] IO pin: no position specified, set to (510663176, 0, 0, 0)
[WARNING] IO pin axi_mst_resp_i[56]: no layer specified
[WARNING] IO pin: no position specified, set to (510690216, 0, 0, 0)
[WARNING] IO pin axi_mst_resp_i[57]: no layer specified
[WARNING] IO pin: no position specified, set to (510690584, 0, 0, 0)
[WARNING] IO pin axi_mst_resp_i[58]: no layer specified
[WARNING] IO pin: no position specified, set to (510690952, 0, 0, 0)
[WARNING] IO pin axi_mst_resp_i[59]: no layer specified
[WARNING] IO pin: no position specified, set to (510663624, 0, 0, 0)
[WARNING] IO pin axi_mst_resp_i[5]: no layer specified
[WARNING] IO pin: no position specified, set to (510663992, 0, 0, 0)
[WARNING] IO pin axi_mst_resp_i[60]: no layer specified
[WARNING] IO pin: no position specified, set to (510664360, 0, 0, 0)
[WARNING] IO pin axi_mst_resp_i[61]: no layer specified
[WARNING] IO pin: no position specified, set to (510664728, 0, 0, 0)
[WARNING] IO pin axi_mst_resp_i[62]: no layer specified
[WARNING] IO pin: no position specified, set to (510701832, 0, 0, 0)
[WARNING] IO pin axi_mst_resp_i[63]: no layer specified
[WARNING] IO pin: no position specified, set to (510702200, 0, 0, 0)
[WARNING] IO pin axi_mst_resp_i[64]: no layer specified
[WARNING] IO pin: no position specified, set to (510702568, 0, 0, 0)
[WARNING] IO pin axi_mst_resp_i[65]: no layer specified
[WARNING] IO pin: no position specified, set to (510762504, 0, 0, 0)
[WARNING] IO pin axi_mst_resp_i[66]: no layer specified
[WARNING] IO pin: no position specified, set to (510762872, 0, 0, 0)
[WARNING] IO pin axi_mst_resp_i[67]: no layer specified
[WARNING] IO pin: no position specified, set to (510763240, 0, 0, 0)
[WARNING] IO pin axi_mst_resp_i[68]: no layer specified
[WARNING] IO pin: no position specified, set to (510448072, 0, 0, 0)
[WARNING] IO pin axi_mst_resp_i[69]: no layer specified
[WARNING] IO pin: no position specified, set to (510448440, 0, 0, 0)
[WARNING] IO pin axi_mst_resp_i[6]: no layer specified
[WARNING] IO pin: no position specified, set to (510448808, 0, 0, 0)
[WARNING] IO pin axi_mst_resp_i[70]: no layer specified
[WARNING] IO pin: no position specified, set to (510675048, 0, 0, 0)
[WARNING] IO pin axi_mst_resp_i[71]: no layer specified
[WARNING] IO pin: no position specified, set to (510675416, 0, 0, 0)
[WARNING] IO pin axi_mst_resp_i[72]: no layer specified
[WARNING] IO pin: no position specified, set to (510675784, 0, 0, 0)
[WARNING] IO pin axi_mst_resp_i[73]: no layer specified
[WARNING] IO pin: no position specified, set to (510676152, 0, 0, 0)
[WARNING] IO pin axi_mst_resp_i[74]: no layer specified
[WARNING] IO pin: no position specified, set to (510780248, 0, 0, 0)
[WARNING] IO pin axi_mst_resp_i[75]: no layer specified
[WARNING] IO pin: no position specified, set to (510780616, 0, 0, 0)
[WARNING] IO pin axi_mst_resp_i[76]: no layer specified
[WARNING] IO pin: no position specified, set to (510780984, 0, 0, 0)
[WARNING] IO pin axi_mst_resp_i[77]: no layer specified
[WARNING] IO pin: no position specified, set to (510781256, 0, 0, 0)
[WARNING] IO pin axi_mst_resp_i[78]: no layer specified
[WARNING] IO pin: no position specified, set to (510684248, 0, 0, 0)
[WARNING] IO pin axi_mst_resp_i[79]: no layer specified
[WARNING] IO pin: no position specified, set to (510684616, 0, 0, 0)
[WARNING] IO pin axi_mst_resp_i[7]: no layer specified
[WARNING] IO pin: no position specified, set to (510684984, 0, 0, 0)
[WARNING] IO pin axi_mst_resp_i[80]: no layer specified
[WARNING] IO pin: no position specified, set to (510685352, 0, 0, 0)
[WARNING] IO pin axi_mst_resp_i[81]: no layer specified
[WARNING] IO pin: no position specified, set to (510789896, 0, 0, 0)
[WARNING] IO pin axi_mst_resp_i[82]: no layer specified
[WARNING] IO pin: no position specified, set to (510790264, 0, 0, 0)
[WARNING] IO pin axi_mst_resp_i[83]: no layer specified
[WARNING] IO pin: no position specified, set to (510790632, 0, 0, 0)
[WARNING] IO pin axi_mst_resp_i[84]: no layer specified
[WARNING] IO pin: no position specified, set to (510651096, 0, 0, 0)
[WARNING] IO pin axi_mst_resp_i[85]: no layer specified
[WARNING] IO pin: no position specified, set to (510651416, 0, 0, 0)
[WARNING] IO pin axi_mst_resp_i[86]: no layer specified
[WARNING] IO pin: no position specified, set to (510651784, 0, 0, 0)
[WARNING] IO pin axi_mst_resp_i[87]: no layer specified
[WARNING] IO pin: no position specified, set to (510652152, 0, 0, 0)
[WARNING] IO pin axi_mst_resp_i[88]: no layer specified
[WARNING] IO pin: no position specified, set to (510655560, 0, 0, 0)
[WARNING] IO pin axi_mst_resp_i[89]: no layer specified
[WARNING] IO pin: no position specified, set to (510655928, 0, 0, 0)
[WARNING] IO pin axi_mst_resp_i[8]: no layer specified
[WARNING] IO pin: no position specified, set to (510656296, 0, 0, 0)
[WARNING] IO pin axi_mst_resp_i[90]: no layer specified
[WARNING] IO pin: no position specified, set to (510656664, 0, 0, 0)
[WARNING] IO pin axi_mst_resp_i[91]: no layer specified
[WARNING] IO pin: no position specified, set to (510656936, 0, 0, 0)
[WARNING] IO pin axi_mst_resp_i[92]: no layer specified
[WARNING] IO pin: no position specified, set to (510677544, 0, 0, 0)
[WARNING] IO pin axi_mst_resp_i[93]: no layer specified
[WARNING] IO pin: no position specified, set to (510677912, 0, 0, 0)
[WARNING] IO pin axi_mst_resp_i[94]: no layer specified
[WARNING] IO pin: no position specified, set to (510678280, 0, 0, 0)
[WARNING] IO pin axi_mst_resp_i[95]: no layer specified
[WARNING] IO pin: no position specified, set to (510694680, 0, 0, 0)
[WARNING] IO pin axi_mst_resp_i[96]: no layer specified
[WARNING] IO pin: no position specified, set to (510695048, 0, 0, 0)
[WARNING] IO pin axi_mst_resp_i[97]: no layer specified
[WARNING] IO pin: no position specified, set to (510695416, 0, 0, 0)
[WARNING] IO pin axi_mst_resp_i[98]: no layer specified
[WARNING] IO pin: no position specified, set to (510695784, 0, 0, 0)
[WARNING] IO pin axi_mst_resp_i[99]: no layer specified
[WARNING] IO pin: no position specified, set to (510696056, 0, 0, 0)
[WARNING] IO pin axi_mst_resp_i[9]: no layer specified
[WARNING] IO pin: no position specified, set to (510654344, 0, 0, 0)
[WARNING] IO pin clk_i: no layer specified
[WARNING] IO pin: no position specified, set to (510667944, 0, 0, 0)
[WARNING] IO pin group_id_i[0]: no layer specified
[WARNING] IO pin: no position specified, set to (510654664, 0, 0, 0)
[WARNING] IO pin group_id_i[1]: no layer specified
[WARNING] IO pin: no position specified, set to (510654984, 0, 0, 0)
[WARNING] IO pin rst_ni: no layer specified
[WARNING] IO pin: no position specified, set to (510655272, 0, 0, 0)
[WARNING] IO pin scan_data_i: no layer specified
[WARNING] IO pin: no position specified, set to (510655416, 0, 0, 0)
[WARNING] IO pin scan_data_o: no layer specified
[WARNING] IO pin: no position specified, set to (510761016, 0, 0, 0)
[WARNING] IO pin scan_enable_i: no layer specified
[WARNING] IO pin: no position specified, set to (510761368, 0, 0, 0)
[WARNING] IO pin tcdm_master_bypass_req_o[0]: no layer specified
[WARNING] IO pin: no position specified, set to (510791608, 0, 0, 0)
[WARNING] IO pin tcdm_master_bypass_req_o[10]: no layer specified
[WARNING] IO pin: no position specified, set to (510791672, 0, 0, 0)
[WARNING] IO pin tcdm_master_bypass_req_o[11]: no layer specified
[WARNING] IO pin: no position specified, set to (510792088, 0, 0, 0)
[WARNING] IO pin tcdm_master_bypass_req_o[12]: no layer specified
[WARNING] IO pin: no position specified, set to (510792456, 0, 0, 0)
[WARNING] IO pin tcdm_master_bypass_req_o[13]: no layer specified
[WARNING] IO pin: no position specified, set to (510792824, 0, 0, 0)
[WARNING] IO pin tcdm_master_bypass_req_o[14]: no layer specified
[WARNING] IO pin: no position specified, set to (510736552, 0, 0, 0)
[WARNING] IO pin tcdm_master_bypass_req_o[15]: no layer specified
[WARNING] IO pin: no position specified, set to (510736920, 0, 0, 0)
[WARNING] IO pin tcdm_master_bypass_req_o[16]: no layer specified
[WARNING] IO pin: no position specified, set to (510737288, 0, 0, 0)
[WARNING] IO pin tcdm_master_bypass_req_o[17]: no layer specified
[WARNING] IO pin: no position specified, set to (510737656, 0, 0, 0)
[WARNING] IO pin tcdm_master_bypass_req_o[18]: no layer specified
[WARNING] IO pin: no position specified, set to (510737976, 0, 0, 0)
[WARNING] IO pin tcdm_master_bypass_req_o[19]: no layer specified
[WARNING] IO pin: no position specified, set to (510734744, 0, 0, 0)
[WARNING] IO pin tcdm_master_bypass_req_o[1]: no layer specified
[WARNING] IO pin: no position specified, set to (510735112, 0, 0, 0)
[WARNING] IO pin tcdm_master_bypass_req_o[20]: no layer specified
[WARNING] IO pin: no position specified, set to (510735480, 0, 0, 0)
[WARNING] IO pin tcdm_master_bypass_req_o[21]: no layer specified
[WARNING] IO pin: no position specified, set to (510735848, 0, 0, 0)
[WARNING] IO pin tcdm_master_bypass_req_o[22]: no layer specified
[WARNING] IO pin: no position specified, set to (510755464, 0, 0, 0)
[WARNING] IO pin tcdm_master_bypass_req_o[23]: no layer specified
[WARNING] IO pin: no position specified, set to (510755832, 0, 0, 0)
[WARNING] IO pin tcdm_master_bypass_req_o[24]: no layer specified
[WARNING] IO pin: no position specified, set to (510756200, 0, 0, 0)
[WARNING] IO pin tcdm_master_bypass_req_o[25]: no layer specified
[WARNING] IO pin: no position specified, set to (510756568, 0, 0, 0)
[WARNING] IO pin tcdm_master_bypass_req_o[26]: no layer specified
[WARNING] IO pin: no position specified, set to (510756936, 0, 0, 0)
[WARNING] IO pin tcdm_master_bypass_req_o[27]: no layer specified
[WARNING] IO pin: no position specified, set to (510660712, 0, 0, 0)
[WARNING] IO pin tcdm_master_bypass_req_o[28]: no layer specified
[WARNING] IO pin: no position specified, set to (510661080, 0, 0, 0)
[WARNING] IO pin tcdm_master_bypass_req_o[29]: no layer specified
[WARNING] IO pin: no position specified, set to (510661448, 0, 0, 0)
[WARNING] IO pin tcdm_master_bypass_req_o[2]: no layer specified
[WARNING] IO pin: no position specified, set to (510661816, 0, 0, 0)
[WARNING] IO pin tcdm_master_bypass_req_o[30]: no layer specified
[WARNING] IO pin: no position specified, set to (510662184, 0, 0, 0)
[WARNING] IO pin tcdm_master_bypass_req_o[31]: no layer specified
[WARNING] IO pin: no position specified, set to (510687064, 0, 0, 0)
[WARNING] IO pin tcdm_master_bypass_req_o[32]: no layer specified
[WARNING] IO pin: no position specified, set to (510687432, 0, 0, 0)
[WARNING] IO pin tcdm_master_bypass_req_o[33]: no layer specified
[WARNING] IO pin: no position specified, set to (510687800, 0, 0, 0)
[WARNING] IO pin tcdm_master_bypass_req_o[34]: no layer specified
[WARNING] IO pin: no position specified, set to (510688168, 0, 0, 0)
[WARNING] IO pin tcdm_master_bypass_req_o[35]: no layer specified
[WARNING] IO pin: no position specified, set to (510794632, 0, 0, 0)
[WARNING] IO pin tcdm_master_bypass_req_o[36]: no layer specified
[WARNING] IO pin: no position specified, set to (510795000, 0, 0, 0)
[WARNING] IO pin tcdm_master_bypass_req_o[37]: no layer specified
[WARNING] IO pin: no position specified, set to (510795368, 0, 0, 0)
[WARNING] IO pin tcdm_master_bypass_req_o[38]: no layer specified
[WARNING] IO pin: no position specified, set to (510795736, 0, 0, 0)
[WARNING] IO pin tcdm_master_bypass_req_o[39]: no layer specified
[WARNING] IO pin: no position specified, set to (510796104, 0, 0, 0)
[WARNING] IO pin tcdm_master_bypass_req_o[3]: no layer specified
[WARNING] IO pin: no position specified, set to (510796376, 0, 0, 0)
[WARNING] IO pin tcdm_master_bypass_req_o[40]: no layer specified
[WARNING] IO pin: no position specified, set to (510723208, 0, 0, 0)
[WARNING] IO pin tcdm_master_bypass_req_o[41]: no layer specified
[WARNING] IO pin: no position specified, set to (510723576, 0, 0, 0)
[WARNING] IO pin tcdm_master_bypass_req_o[42]: no layer specified
[WARNING] IO pin: no position specified, set to (510723944, 0, 0, 0)
[WARNING] IO pin tcdm_master_bypass_req_o[43]: no layer specified
[WARNING] IO pin: no position specified, set to (510724312, 0, 0, 0)
[WARNING] IO pin tcdm_master_bypass_req_o[44]: no layer specified
[WARNING] IO pin: no position specified, set to (510724680, 0, 0, 0)
[WARNING] IO pin tcdm_master_bypass_req_o[45]: no layer specified
[WARNING] IO pin: no position specified, set to (510578280, 0, 0, 0)
[WARNING] IO pin tcdm_master_bypass_req_o[46]: no layer specified
[WARNING] IO pin: no position specified, set to (510578648, 0, 0, 0)
[WARNING] IO pin tcdm_master_bypass_req_o[47]: no layer specified
[WARNING] IO pin: no position specified, set to (510579016, 0, 0, 0)
[WARNING] IO pin tcdm_master_bypass_req_o[48]: no layer specified
[WARNING] IO pin: no position specified, set to (510579384, 0, 0, 0)
[WARNING] IO pin tcdm_master_bypass_req_o[49]: no layer specified
[WARNING] IO pin: no position specified, set to (510579752, 0, 0, 0)
[WARNING] IO pin tcdm_master_bypass_req_o[4]: no layer specified
[WARNING] IO pin: no position specified, set to (510672328, 0, 0, 0)
[WARNING] IO pin tcdm_master_bypass_req_o[50]: no layer specified
[WARNING] IO pin: no position specified, set to (510672696, 0, 0, 0)
[WARNING] IO pin tcdm_master_bypass_req_o[51]: no layer specified
[WARNING] IO pin: no position specified, set to (510673064, 0, 0, 0)
[WARNING] IO pin tcdm_master_bypass_req_o[52]: no layer specified
[WARNING] IO pin: no position specified, set to (510673432, 0, 0, 0)
[WARNING] IO pin tcdm_master_bypass_req_o[53]: no layer specified
[WARNING] IO pin: no position specified, set to (510673800, 0, 0, 0)
[WARNING] IO pin tcdm_master_bypass_req_o[54]: no layer specified
[WARNING] IO pin: no position specified, set to (510674168, 0, 0, 0)
[WARNING] IO pin tcdm_master_bypass_req_o[55]: no layer specified
[WARNING] IO pin: no position specified, set to (510657896, 0, 0, 0)
[WARNING] IO pin tcdm_master_bypass_req_o[56]: no layer specified
[WARNING] IO pin: no position specified, set to (510658264, 0, 0, 0)
[WARNING] IO pin tcdm_master_bypass_req_o[57]: no layer specified
[WARNING] IO pin: no position specified, set to (510658632, 0, 0, 0)
[WARNING] IO pin tcdm_master_bypass_req_o[58]: no layer specified
[WARNING] IO pin: no position specified, set to (510659000, 0, 0, 0)
[WARNING] IO pin tcdm_master_bypass_req_o[5]: no layer specified
[WARNING] IO pin: no position specified, set to (510659368, 0, 0, 0)
[WARNING] IO pin tcdm_master_bypass_req_o[6]: no layer specified
[WARNING] IO pin: no position specified, set to (510659736, 0, 0, 0)
[WARNING] IO pin tcdm_master_bypass_req_o[7]: no layer specified
[WARNING] IO pin: no position specified, set to (510660104, 0, 0, 0)
[WARNING] IO pin tcdm_master_bypass_req_o[8]: no layer specified
[WARNING] IO pin: no position specified, set to (510757800, 0, 0, 0)
[WARNING] IO pin tcdm_master_bypass_req_o[9]: no layer specified
[WARNING] IO pin: no position specified, set to (510758168, 0, 0, 0)
[WARNING] IO pin tcdm_master_bypass_req_ready_i: no layer specified
[WARNING] IO pin: no position specified, set to (510758536, 0, 0, 0)
[WARNING] IO pin tcdm_master_bypass_req_valid_o: no layer specified
[WARNING] IO pin: no position specified, set to (510758904, 0, 0, 0)
[WARNING] IO pin tcdm_master_bypass_resp_i[0]: no layer specified
[WARNING] IO pin: no position specified, set to (510759272, 0, 0, 0)
[WARNING] IO pin tcdm_master_bypass_resp_i[10]: no layer specified
[WARNING] IO pin: no position specified, set to (510759640, 0, 0, 0)
[WARNING] IO pin tcdm_master_bypass_resp_i[11]: no layer specified
[WARNING] IO pin: no position specified, set to (510760008, 0, 0, 0)
[WARNING] IO pin tcdm_master_bypass_resp_i[12]: no layer specified
[WARNING] IO pin: no position specified, set to (510738392, 0, 0, 0)
[WARNING] IO pin tcdm_master_bypass_resp_i[13]: no layer specified
[WARNING] IO pin: no position specified, set to (510738456, 0, 0, 0)
[WARNING] IO pin tcdm_master_bypass_resp_i[14]: no layer specified
[WARNING] IO pin: no position specified, set to (510738744, 0, 0, 0)
[WARNING] IO pin tcdm_master_bypass_resp_i[15]: no layer specified
[WARNING] IO pin: no position specified, set to (510739112, 0, 0, 0)
[WARNING] IO pin tcdm_master_bypass_resp_i[16]: no layer specified
[WARNING] IO pin: no position specified, set to (510739480, 0, 0, 0)
[WARNING] IO pin tcdm_master_bypass_resp_i[17]: no layer specified
[WARNING] IO pin: no position specified, set to (510739848, 0, 0, 0)
[WARNING] IO pin tcdm_master_bypass_resp_i[18]: no layer specified
[WARNING] IO pin: no position specified, set to (510740216, 0, 0, 0)
[WARNING] IO pin tcdm_master_bypass_resp_i[19]: no layer specified
[WARNING] IO pin: no position specified, set to (510740584, 0, 0, 0)
[WARNING] IO pin tcdm_master_bypass_resp_i[1]: no layer specified
[WARNING] IO pin: no position specified, set to (510763976, 0, 0, 0)
[WARNING] IO pin tcdm_master_bypass_resp_i[20]: no layer specified
[WARNING] IO pin: no position specified, set to (510764344, 0, 0, 0)
[WARNING] IO pin tcdm_master_bypass_resp_i[21]: no layer specified
[WARNING] IO pin: no position specified, set to (510764712, 0, 0, 0)
[WARNING] IO pin tcdm_master_bypass_resp_i[22]: no layer specified
[WARNING] IO pin: no position specified, set to (510765080, 0, 0, 0)
[WARNING] IO pin tcdm_master_bypass_resp_i[23]: no layer specified
[WARNING] IO pin: no position specified, set to (510765448, 0, 0, 0)
[WARNING] IO pin tcdm_master_bypass_resp_i[24]: no layer specified
[WARNING] IO pin: no position specified, set to (510765816, 0, 0, 0)
[WARNING] IO pin tcdm_master_bypass_resp_i[25]: no layer specified
[WARNING] IO pin: no position specified, set to (510766184, 0, 0, 0)
[WARNING] IO pin tcdm_master_bypass_resp_i[26]: no layer specified
[WARNING] IO pin: no position specified, set to (510766552, 0, 0, 0)
[WARNING] IO pin tcdm_master_bypass_resp_i[27]: no layer specified
[WARNING] IO pin: no position specified, set to (510731400, 0, 0, 0)
[WARNING] IO pin tcdm_master_bypass_resp_i[28]: no layer specified
[WARNING] IO pin: no position specified, set to (510731768, 0, 0, 0)
[WARNING] IO pin tcdm_master_bypass_resp_i[29]: no layer specified
[WARNING] IO pin: no position specified, set to (510732136, 0, 0, 0)
[WARNING] IO pin tcdm_master_bypass_resp_i[2]: no layer specified
[WARNING] IO pin: no position specified, set to (510732504, 0, 0, 0)
[WARNING] IO pin tcdm_master_bypass_resp_i[30]: no layer specified
[WARNING] IO pin: no position specified, set to (510732872, 0, 0, 0)
[WARNING] IO pin tcdm_master_bypass_resp_i[31]: no layer specified
[WARNING] IO pin: no position specified, set to (510733240, 0, 0, 0)
[WARNING] IO pin tcdm_master_bypass_resp_i[32]: no layer specified
[WARNING] IO pin: no position specified, set to (510733608, 0, 0, 0)
[WARNING] IO pin tcdm_master_bypass_resp_i[33]: no layer specified
[WARNING] IO pin: no position specified, set to (510733976, 0, 0, 0)
[WARNING] IO pin tcdm_master_bypass_resp_i[34]: no layer specified
[WARNING] IO pin: no position specified, set to (510719784, 0, 0, 0)
[WARNING] IO pin tcdm_master_bypass_resp_i[35]: no layer specified
[WARNING] IO pin: no position specified, set to (510720152, 0, 0, 0)
[WARNING] IO pin tcdm_master_bypass_resp_i[36]: no layer specified
[WARNING] IO pin: no position specified, set to (510720520, 0, 0, 0)
[WARNING] IO pin tcdm_master_bypass_resp_i[37]: no layer specified
[WARNING] IO pin: no position specified, set to (510720888, 0, 0, 0)
[WARNING] IO pin tcdm_master_bypass_resp_i[38]: no layer specified
[WARNING] IO pin: no position specified, set to (510721256, 0, 0, 0)
[WARNING] IO pin tcdm_master_bypass_resp_i[39]: no layer specified
[WARNING] IO pin: no position specified, set to (510721624, 0, 0, 0)
[WARNING] IO pin tcdm_master_bypass_resp_i[3]: no layer specified
[WARNING] IO pin: no position specified, set to (510721992, 0, 0, 0)
[WARNING] IO pin tcdm_master_bypass_resp_i[40]: no layer specified
[WARNING] IO pin: no position specified, set to (510722360, 0, 0, 0)
[WARNING] IO pin tcdm_master_bypass_resp_i[4]: no layer specified
[WARNING] IO pin: no position specified, set to (510749000, 0, 0, 0)
[WARNING] IO pin tcdm_master_bypass_resp_i[5]: no layer specified
[WARNING] IO pin: no position specified, set to (510749368, 0, 0, 0)
[WARNING] IO pin tcdm_master_bypass_resp_i[6]: no layer specified
[WARNING] IO pin: no position specified, set to (510749736, 0, 0, 0)
[WARNING] IO pin tcdm_master_bypass_resp_i[7]: no layer specified
[WARNING] IO pin: no position specified, set to (510750104, 0, 0, 0)
[WARNING] IO pin tcdm_master_bypass_resp_i[8]: no layer specified
[WARNING] IO pin: no position specified, set to (510750472, 0, 0, 0)
[WARNING] IO pin tcdm_master_bypass_resp_i[9]: no layer specified
[WARNING] IO pin: no position specified, set to (510750840, 0, 0, 0)
[WARNING] IO pin tcdm_master_bypass_resp_ready_o: no layer specified
[WARNING] IO pin: no position specified, set to (510751208, 0, 0, 0)
[WARNING] IO pin tcdm_master_bypass_resp_valid_i: no layer specified
[WARNING] IO pin: no position specified, set to (510751576, 0, 0, 0)
[WARNING] IO pin tcdm_master_east_req_o[0]: no layer specified
[WARNING] IO pin: no position specified, set to (510751944, 0, 0, 0)
[WARNING] IO pin tcdm_master_east_req_o[10]: no layer specified
[WARNING] IO pin: no position specified, set to (510752312, 0, 0, 0)
[WARNING] IO pin tcdm_master_east_req_o[11]: no layer specified
[WARNING] IO pin: no position specified, set to (510782008, 0, 0, 0)
[WARNING] IO pin tcdm_master_east_req_o[12]: no layer specified
[WARNING] IO pin: no position specified, set to (510782376, 0, 0, 0)
[WARNING] IO pin tcdm_master_east_req_o[13]: no layer specified
[WARNING] IO pin: no position specified, set to (510782744, 0, 0, 0)
[WARNING] IO pin tcdm_master_east_req_o[14]: no layer specified
[WARNING] IO pin: no position specified, set to (510783112, 0, 0, 0)
[WARNING] IO pin tcdm_master_east_req_o[15]: no layer specified
[WARNING] IO pin: no position specified, set to (510783480, 0, 0, 0)
[WARNING] IO pin tcdm_master_east_req_o[16]: no layer specified
[WARNING] IO pin: no position specified, set to (510783848, 0, 0, 0)
[WARNING] IO pin tcdm_master_east_req_o[17]: no layer specified
[WARNING] IO pin: no position specified, set to (510784216, 0, 0, 0)
[WARNING] IO pin tcdm_master_east_req_o[18]: no layer specified
[WARNING] IO pin: no position specified, set to (510784584, 0, 0, 0)
[WARNING] IO pin tcdm_master_east_req_o[19]: no layer specified
[WARNING] IO pin: no position specified, set to (510784952, 0, 0, 0)
[WARNING] IO pin tcdm_master_east_req_o[1]: no layer specified
[WARNING] IO pin: no position specified, set to (510785320, 0, 0, 0)
[WARNING] IO pin tcdm_master_east_req_o[20]: no layer specified
[WARNING] IO pin: no position specified, set to (510265848, 0, 0, 0)
[WARNING] IO pin tcdm_master_east_req_o[21]: no layer specified
[WARNING] IO pin: no position specified, set to (510265912, 0, 0, 0)
[WARNING] IO pin tcdm_master_east_req_o[22]: no layer specified
[WARNING] IO pin: no position specified, set to (510266200, 0, 0, 0)
[WARNING] IO pin tcdm_master_east_req_o[23]: no layer specified
[WARNING] IO pin: no position specified, set to (510266568, 0, 0, 0)
[WARNING] IO pin tcdm_master_east_req_o[24]: no layer specified
[WARNING] IO pin: no position specified, set to (510266936, 0, 0, 0)
[WARNING] IO pin tcdm_master_east_req_o[25]: no layer specified
[WARNING] IO pin: no position specified, set to (510267304, 0, 0, 0)
[WARNING] IO pin tcdm_master_east_req_o[26]: no layer specified
[WARNING] IO pin: no position specified, set to (510267672, 0, 0, 0)
[WARNING] IO pin tcdm_master_east_req_o[27]: no layer specified
[WARNING] IO pin: no position specified, set to (510268040, 0, 0, 0)
[WARNING] IO pin tcdm_master_east_req_o[28]: no layer specified
[WARNING] IO pin: no position specified, set to (510268408, 0, 0, 0)
[WARNING] IO pin tcdm_master_east_req_o[29]: no layer specified
[WARNING] IO pin: no position specified, set to (510268776, 0, 0, 0)
[WARNING] IO pin tcdm_master_east_req_o[2]: no layer specified
[WARNING] IO pin: no position specified, set to (510269144, 0, 0, 0)
[WARNING] IO pin tcdm_master_east_req_o[30]: no layer specified
[WARNING] IO pin: no position specified, set to (510269512, 0, 0, 0)
[WARNING] IO pin tcdm_master_east_req_o[31]: no layer specified
[WARNING] IO pin: no position specified, set to (510773656, 0, 0, 0)
[WARNING] IO pin tcdm_master_east_req_o[32]: no layer specified
[WARNING] IO pin: no position specified, set to (510774024, 0, 0, 0)
[WARNING] IO pin tcdm_master_east_req_o[33]: no layer specified
[WARNING] IO pin: no position specified, set to (510774392, 0, 0, 0)
[WARNING] IO pin tcdm_master_east_req_o[34]: no layer specified
[WARNING] IO pin: no position specified, set to (510774760, 0, 0, 0)
[WARNING] IO pin tcdm_master_east_req_o[35]: no layer specified
[WARNING] IO pin: no position specified, set to (510775128, 0, 0, 0)
[WARNING] IO pin tcdm_master_east_req_o[36]: no layer specified
[WARNING] IO pin: no position specified, set to (510775496, 0, 0, 0)
[WARNING] IO pin tcdm_master_east_req_o[37]: no layer specified
[WARNING] IO pin: no position specified, set to (510775864, 0, 0, 0)
[WARNING] IO pin tcdm_master_east_req_o[38]: no layer specified
[WARNING] IO pin: no position specified, set to (510776232, 0, 0, 0)
[WARNING] IO pin tcdm_master_east_req_o[39]: no layer specified
[WARNING] IO pin: no position specified, set to (510776600, 0, 0, 0)
[WARNING] IO pin tcdm_master_east_req_o[3]: no layer specified
[WARNING] IO pin: no position specified, set to (510776968, 0, 0, 0)
[WARNING] IO pin tcdm_master_east_req_o[40]: no layer specified
[WARNING] IO pin: no position specified, set to (510777336, 0, 0, 0)
[WARNING] IO pin tcdm_master_east_req_o[41]: no layer specified
[WARNING] IO pin: no position specified, set to (510639320, 0, 0, 0)
[WARNING] IO pin tcdm_master_east_req_o[42]: no layer specified
[WARNING] IO pin: no position specified, set to (510639640, 0, 0, 0)
[WARNING] IO pin tcdm_master_east_req_o[43]: no layer specified
[WARNING] IO pin: no position specified, set to (510640008, 0, 0, 0)
[WARNING] IO pin tcdm_master_east_req_o[44]: no layer specified
[WARNING] IO pin: no position specified, set to (510640376, 0, 0, 0)
[WARNING] IO pin tcdm_master_east_req_o[45]: no layer specified
[WARNING] IO pin: no position specified, set to (510640744, 0, 0, 0)
[WARNING] IO pin tcdm_master_east_req_o[46]: no layer specified
[WARNING] IO pin: no position specified, set to (510641112, 0, 0, 0)
[WARNING] IO pin tcdm_master_east_req_o[47]: no layer specified
[WARNING] IO pin: no position specified, set to (510641480, 0, 0, 0)
[WARNING] IO pin tcdm_master_east_req_o[48]: no layer specified
[WARNING] IO pin: no position specified, set to (510641848, 0, 0, 0)
[WARNING] IO pin tcdm_master_east_req_o[49]: no layer specified
[WARNING] IO pin: no position specified, set to (510642216, 0, 0, 0)
[WARNING] IO pin tcdm_master_east_req_o[4]: no layer specified
[WARNING] IO pin: no position specified, set to (510642584, 0, 0, 0)
[WARNING] IO pin tcdm_master_east_req_o[50]: no layer specified
[WARNING] IO pin: no position specified, set to (510642952, 0, 0, 0)
[WARNING] IO pin tcdm_master_east_req_o[51]: no layer specified
[WARNING] IO pin: no position specified, set to (510643320, 0, 0, 0)
[WARNING] IO pin tcdm_master_east_req_o[52]: no layer specified
[WARNING] IO pin: no position specified, set to (510643688, 0, 0, 0)
[WARNING] IO pin tcdm_master_east_req_o[53]: no layer specified
[WARNING] IO pin: no position specified, set to (510644056, 0, 0, 0)
[WARNING] IO pin tcdm_master_east_req_o[54]: no layer specified
[WARNING] IO pin: no position specified, set to (510644424, 0, 0, 0)
[WARNING] IO pin tcdm_master_east_req_o[55]: no layer specified
[WARNING] IO pin: no position specified, set to (510644792, 0, 0, 0)
[WARNING] IO pin tcdm_master_east_req_o[56]: no layer specified
[WARNING] IO pin: no position specified, set to (510645160, 0, 0, 0)
[WARNING] IO pin tcdm_master_east_req_o[57]: no layer specified
[WARNING] IO pin: no position specified, set to (510645528, 0, 0, 0)
[WARNING] IO pin tcdm_master_east_req_o[58]: no layer specified
[WARNING] IO pin: no position specified, set to (510645896, 0, 0, 0)
[WARNING] IO pin tcdm_master_east_req_o[5]: no layer specified
[WARNING] IO pin: no position specified, set to (510646264, 0, 0, 0)
[WARNING] IO pin tcdm_master_east_req_o[6]: no layer specified
[WARNING] IO pin: no position specified, set to (510646632, 0, 0, 0)
[WARNING] IO pin tcdm_master_east_req_o[7]: no layer specified
[WARNING] IO pin: no position specified, set to (510647000, 0, 0, 0)
[WARNING] IO pin tcdm_master_east_req_o[8]: no layer specified
[WARNING] IO pin: no position specified, set to (510647368, 0, 0, 0)
[WARNING] IO pin tcdm_master_east_req_o[9]: no layer specified
[WARNING] IO pin: no position specified, set to (510802840, 0, 0, 0)
[WARNING] IO pin tcdm_master_east_req_ready_i: no layer specified
[WARNING] IO pin: no position specified, set to (510803208, 0, 0, 0)
[WARNING] IO pin tcdm_master_east_req_valid_o: no layer specified
[WARNING] IO pin: no position specified, set to (510803576, 0, 0, 0)
[WARNING] IO pin tcdm_master_east_resp_i[0]: no layer specified
[WARNING] IO pin: no position specified, set to (510803944, 0, 0, 0)
[WARNING] IO pin tcdm_master_east_resp_i[10]: no layer specified
[WARNING] IO pin: no position specified, set to (510804312, 0, 0, 0)
[WARNING] IO pin tcdm_master_east_resp_i[11]: no layer specified
[WARNING] IO pin: no position specified, set to (510804680, 0, 0, 0)
[WARNING] IO pin tcdm_master_east_resp_i[12]: no layer specified
[WARNING] IO pin: no position specified, set to (510805048, 0, 0, 0)
[WARNING] IO pin tcdm_master_east_resp_i[13]: no layer specified
[WARNING] IO pin: no position specified, set to (510805416, 0, 0, 0)
[WARNING] IO pin tcdm_master_east_resp_i[14]: no layer specified
[WARNING] IO pin: no position specified, set to (510805784, 0, 0, 0)
[WARNING] IO pin tcdm_master_east_resp_i[15]: no layer specified
[WARNING] IO pin: no position specified, set to (510806152, 0, 0, 0)
[WARNING] IO pin tcdm_master_east_resp_i[16]: no layer specified
[WARNING] IO pin: no position specified, set to (510806520, 0, 0, 0)
[WARNING] IO pin tcdm_master_east_resp_i[17]: no layer specified
[WARNING] IO pin: no position specified, set to (510806888, 0, 0, 0)
[WARNING] IO pin tcdm_master_east_resp_i[18]: no layer specified
[WARNING] IO pin: no position specified, set to (510807256, 0, 0, 0)
[WARNING] IO pin tcdm_master_east_resp_i[19]: no layer specified
[WARNING] IO pin: no position specified, set to (510807624, 0, 0, 0)
[WARNING] IO pin tcdm_master_east_resp_i[1]: no layer specified
[WARNING] IO pin: no position specified, set to (510807992, 0, 0, 0)
[WARNING] IO pin tcdm_master_east_resp_i[20]: no layer specified
[WARNING] IO pin: no position specified, set to (510808360, 0, 0, 0)
[WARNING] IO pin tcdm_master_east_resp_i[21]: no layer specified
[WARNING] IO pin: no position specified, set to (510808728, 0, 0, 0)
[WARNING] IO pin tcdm_master_east_resp_i[22]: no layer specified
[WARNING] IO pin: no position specified, set to (510809096, 0, 0, 0)
[WARNING] IO pin tcdm_master_east_resp_i[23]: no layer specified
[WARNING] IO pin: no position specified, set to (510809464, 0, 0, 0)
[WARNING] IO pin tcdm_master_east_resp_i[24]: no layer specified
[WARNING] IO pin: no position specified, set to (510809832, 0, 0, 0)
[WARNING] IO pin tcdm_master_east_resp_i[25]: no layer specified
[WARNING] IO pin: no position specified, set to (510810200, 0, 0, 0)
[WARNING] IO pin tcdm_master_east_resp_i[26]: no layer specified
[WARNING] IO pin: no position specified, set to (510810568, 0, 0, 0)
[WARNING] IO pin tcdm_master_east_resp_i[27]: no layer specified
[WARNING] IO pin: no position specified, set to (510810936, 0, 0, 0)
[WARNING] IO pin tcdm_master_east_resp_i[28]: no layer specified
[WARNING] IO pin: no position specified, set to (510811304, 0, 0, 0)
[WARNING] IO pin tcdm_master_east_resp_i[29]: no layer specified
[WARNING] IO pin: no position specified, set to (510811672, 0, 0, 0)
[WARNING] IO pin tcdm_master_east_resp_i[2]: no layer specified
[WARNING] IO pin: no position specified, set to (510812040, 0, 0, 0)
[WARNING] IO pin tcdm_master_east_resp_i[30]: no layer specified
[WARNING] IO pin: no position specified, set to (510812408, 0, 0, 0)
[WARNING] IO pin tcdm_master_east_resp_i[31]: no layer specified
[WARNING] IO pin: no position specified, set to (510812776, 0, 0, 0)
[WARNING] IO pin tcdm_master_east_resp_i[32]: no layer specified
[WARNING] IO pin: no position specified, set to (510813144, 0, 0, 0)
[WARNING] IO pin tcdm_master_east_resp_i[33]: no layer specified
[WARNING] IO pin: no position specified, set to (510813512, 0, 0, 0)
[WARNING] IO pin tcdm_master_east_resp_i[34]: no layer specified
[WARNING] IO pin: no position specified, set to (510813880, 0, 0, 0)
[WARNING] IO pin tcdm_master_east_resp_i[35]: no layer specified
[WARNING] IO pin: no position specified, set to (510814248, 0, 0, 0)
[WARNING] IO pin tcdm_master_east_resp_i[36]: no layer specified
[WARNING] IO pin: no position specified, set to (510814616, 0, 0, 0)
[WARNING] IO pin tcdm_master_east_resp_i[37]: no layer specified
[WARNING] IO pin: no position specified, set to (510814984, 0, 0, 0)
[WARNING] IO pin tcdm_master_east_resp_i[38]: no layer specified
[WARNING] IO pin: no position specified, set to (510815352, 0, 0, 0)
[WARNING] IO pin tcdm_master_east_resp_i[39]: no layer specified
[WARNING] IO pin: no position specified, set to (510815720, 0, 0, 0)
[WARNING] IO pin tcdm_master_east_resp_i[3]: no layer specified
[WARNING] IO pin: no position specified, set to (510816088, 0, 0, 0)
[WARNING] IO pin tcdm_master_east_resp_i[40]: no layer specified
[WARNING] IO pin: no position specified, set to (510816456, 0, 0, 0)
[WARNING] IO pin tcdm_master_east_resp_i[4]: no layer specified
[WARNING] IO pin: no position specified, set to (510816824, 0, 0, 0)
[WARNING] IO pin tcdm_master_east_resp_i[5]: no layer specified
[WARNING] IO pin: no position specified, set to (510817192, 0, 0, 0)
[WARNING] IO pin tcdm_master_east_resp_i[6]: no layer specified
[WARNING] IO pin: no position specified, set to (510817560, 0, 0, 0)
[WARNING] IO pin tcdm_master_east_resp_i[7]: no layer specified
[WARNING] IO pin: no position specified, set to (510817928, 0, 0, 0)
[WARNING] IO pin tcdm_master_east_resp_i[8]: no layer specified
[WARNING] IO pin: no position specified, set to (510818296, 0, 0, 0)
[WARNING] IO pin tcdm_master_east_resp_i[9]: no layer specified
[WARNING] IO pin: no position specified, set to (510818664, 0, 0, 0)
[WARNING] IO pin tcdm_master_east_resp_ready_o: no layer specified
[WARNING] IO pin: no position specified, set to (510819032, 0, 0, 0)
[WARNING] IO pin tcdm_master_east_resp_valid_i: no layer specified
[WARNING] IO pin: no position specified, set to (510819400, 0, 0, 0)
[WARNING] IO pin tcdm_master_north_req_o[0]: no layer specified
[WARNING] IO pin: no position specified, set to (510819768, 0, 0, 0)
[WARNING] IO pin tcdm_master_north_req_o[10]: no layer specified
[WARNING] IO pin: no position specified, set to (510820136, 0, 0, 0)
[WARNING] IO pin tcdm_master_north_req_o[11]: no layer specified
[WARNING] IO pin: no position specified, set to (510820504, 0, 0, 0)
[WARNING] IO pin tcdm_master_north_req_o[12]: no layer specified
[WARNING] IO pin: no position specified, set to (510820872, 0, 0, 0)
[WARNING] IO pin tcdm_master_north_req_o[13]: no layer specified
[WARNING] IO pin: no position specified, set to (510821240, 0, 0, 0)
[WARNING] IO pin tcdm_master_north_req_o[14]: no layer specified
[WARNING] IO pin: no position specified, set to (510821608, 0, 0, 0)
[WARNING] IO pin tcdm_master_north_req_o[15]: no layer specified
[WARNING] IO pin: no position specified, set to (510581656, 0, 0, 0)
[WARNING] IO pin tcdm_master_north_req_o[16]: no layer specified
[WARNING] IO pin: no position specified, set to (510582024, 0, 0, 0)
[WARNING] IO pin tcdm_master_north_req_o[17]: no layer specified
[WARNING] IO pin: no position specified, set to (510582392, 0, 0, 0)
[WARNING] IO pin tcdm_master_north_req_o[18]: no layer specified
[WARNING] IO pin: no position specified, set to (510582760, 0, 0, 0)
[WARNING] IO pin tcdm_master_north_req_o[19]: no layer specified
[WARNING] IO pin: no position specified, set to (510583128, 0, 0, 0)
[WARNING] IO pin tcdm_master_north_req_o[1]: no layer specified
[WARNING] IO pin: no position specified, set to (510583496, 0, 0, 0)
[WARNING] IO pin tcdm_master_north_req_o[20]: no layer specified
[WARNING] IO pin: no position specified, set to (510583864, 0, 0, 0)
[WARNING] IO pin tcdm_master_north_req_o[21]: no layer specified
[WARNING] IO pin: no position specified, set to (510584232, 0, 0, 0)
[WARNING] IO pin tcdm_master_north_req_o[22]: no layer specified
[WARNING] IO pin: no position specified, set to (510584600, 0, 0, 0)
[WARNING] IO pin tcdm_master_north_req_o[23]: no layer specified
[WARNING] IO pin: no position specified, set to (510584968, 0, 0, 0)
[WARNING] IO pin tcdm_master_north_req_o[24]: no layer specified
[WARNING] IO pin: no position specified, set to (510585336, 0, 0, 0)
[WARNING] IO pin tcdm_master_north_req_o[25]: no layer specified
[WARNING] IO pin: no position specified, set to (510585704, 0, 0, 0)
[WARNING] IO pin tcdm_master_north_req_o[26]: no layer specified
[WARNING] IO pin: no position specified, set to (510586072, 0, 0, 0)
[WARNING] IO pin tcdm_master_north_req_o[27]: no layer specified
[WARNING] IO pin: no position specified, set to (510586440, 0, 0, 0)
[WARNING] IO pin tcdm_master_north_req_o[28]: no layer specified
[WARNING] IO pin: no position specified, set to (510586808, 0, 0, 0)
[WARNING] IO pin tcdm_master_north_req_o[29]: no layer specified
[WARNING] IO pin: no position specified, set to (510587176, 0, 0, 0)
[WARNING] IO pin tcdm_master_north_req_o[2]: no layer specified
[WARNING] IO pin: no position specified, set to (510587544, 0, 0, 0)
[WARNING] IO pin tcdm_master_north_req_o[30]: no layer specified
[WARNING] IO pin: no position specified, set to (510587912, 0, 0, 0)
[WARNING] IO pin tcdm_master_north_req_o[31]: no layer specified
[WARNING] IO pin: no position specified, set to (510588280, 0, 0, 0)
[WARNING] IO pin tcdm_master_north_req_o[32]: no layer specified
[WARNING] IO pin: no position specified, set to (510588648, 0, 0, 0)
[WARNING] IO pin tcdm_master_north_req_o[33]: no layer specified
[WARNING] IO pin: no position specified, set to (510589016, 0, 0, 0)
[WARNING] IO pin tcdm_master_north_req_o[34]: no layer specified
[WARNING] IO pin: no position specified, set to (510589384, 0, 0, 0)
[WARNING] IO pin tcdm_master_north_req_o[35]: no layer specified
[WARNING] IO pin: no position specified, set to (510589752, 0, 0, 0)
[WARNING] IO pin tcdm_master_north_req_o[36]: no layer specified
[WARNING] IO pin: no position specified, set to (510590120, 0, 0, 0)
[WARNING] IO pin tcdm_master_north_req_o[37]: no layer specified
[WARNING] IO pin: no position specified, set to (510590488, 0, 0, 0)
[WARNING] IO pin tcdm_master_north_req_o[38]: no layer specified
[WARNING] IO pin: no position specified, set to (510590856, 0, 0, 0)
[WARNING] IO pin tcdm_master_north_req_o[39]: no layer specified
[WARNING] IO pin: no position specified, set to (510591224, 0, 0, 0)
[WARNING] IO pin tcdm_master_north_req_o[3]: no layer specified
[WARNING] IO pin: no position specified, set to (510591592, 0, 0, 0)
[WARNING] IO pin tcdm_master_north_req_o[40]: no layer specified
[WARNING] IO pin: no position specified, set to (510591960, 0, 0, 0)
[WARNING] IO pin tcdm_master_north_req_o[41]: no layer specified
[WARNING] IO pin: no position specified, set to (510592328, 0, 0, 0)
[WARNING] IO pin tcdm_master_north_req_o[42]: no layer specified
[WARNING] IO pin: no position specified, set to (510592696, 0, 0, 0)
[WARNING] IO pin tcdm_master_north_req_o[43]: no layer specified
[WARNING] IO pin: no position specified, set to (510593064, 0, 0, 0)
[WARNING] IO pin tcdm_master_north_req_o[44]: no layer specified
[WARNING] IO pin: no position specified, set to (510593432, 0, 0, 0)
[WARNING] IO pin tcdm_master_north_req_o[45]: no layer specified
[WARNING] IO pin: no position specified, set to (510593800, 0, 0, 0)
[WARNING] IO pin tcdm_master_north_req_o[46]: no layer specified
[WARNING] IO pin: no position specified, set to (510594168, 0, 0, 0)
[WARNING] IO pin tcdm_master_north_req_o[47]: no layer specified
[WARNING] IO pin: no position specified, set to (510594536, 0, 0, 0)
[WARNING] IO pin tcdm_master_north_req_o[48]: no layer specified
[WARNING] IO pin: no position specified, set to (510594904, 0, 0, 0)
[WARNING] IO pin tcdm_master_north_req_o[49]: no layer specified
[WARNING] IO pin: no position specified, set to (510595272, 0, 0, 0)
[WARNING] IO pin tcdm_master_north_req_o[4]: no layer specified
[WARNING] IO pin: no position specified, set to (510595640, 0, 0, 0)
[WARNING] IO pin tcdm_master_north_req_o[50]: no layer specified
[WARNING] IO pin: no position specified, set to (510596008, 0, 0, 0)
[WARNING] IO pin tcdm_master_north_req_o[51]: no layer specified
[WARNING] IO pin: no position specified, set to (510596376, 0, 0, 0)
[WARNING] IO pin tcdm_master_north_req_o[52]: no layer specified
[WARNING] IO pin: no position specified, set to (510596744, 0, 0, 0)
[WARNING] IO pin tcdm_master_north_req_o[53]: no layer specified
[WARNING] IO pin: no position specified, set to (510597112, 0, 0, 0)
[WARNING] IO pin tcdm_master_north_req_o[54]: no layer specified
[WARNING] IO pin: no position specified, set to (510597480, 0, 0, 0)
[WARNING] IO pin tcdm_master_north_req_o[55]: no layer specified
[WARNING] IO pin: no position specified, set to (510597848, 0, 0, 0)
[WARNING] IO pin tcdm_master_north_req_o[56]: no layer specified
[WARNING] IO pin: no position specified, set to (510598216, 0, 0, 0)
[WARNING] IO pin tcdm_master_north_req_o[57]: no layer specified
[WARNING] IO pin: no position specified, set to (510598584, 0, 0, 0)
[WARNING] IO pin tcdm_master_north_req_o[58]: no layer specified
[WARNING] IO pin: no position specified, set to (510598952, 0, 0, 0)
[WARNING] IO pin tcdm_master_north_req_o[5]: no layer specified
[WARNING] IO pin: no position specified, set to (510599320, 0, 0, 0)
[WARNING] IO pin tcdm_master_north_req_o[6]: no layer specified
[WARNING] IO pin: no position specified, set to (510599688, 0, 0, 0)
[WARNING] IO pin tcdm_master_north_req_o[7]: no layer specified
[WARNING] IO pin: no position specified, set to (510600056, 0, 0, 0)
[WARNING] IO pin tcdm_master_north_req_o[8]: no layer specified
[WARNING] IO pin: no position specified, set to (510600424, 0, 0, 0)
[WARNING] IO pin tcdm_master_north_req_o[9]: no layer specified
[WARNING] IO pin: no position specified, set to (510600792, 0, 0, 0)
[WARNING] IO pin tcdm_master_north_req_ready_i: no layer specified
[WARNING] IO pin: no position specified, set to (510601160, 0, 0, 0)
[WARNING] IO pin tcdm_master_north_req_valid_o: no layer specified
[WARNING] IO pin: no position specified, set to (510601528, 0, 0, 0)
[WARNING] IO pin tcdm_master_north_resp_i[0]: no layer specified
[WARNING] IO pin: no position specified, set to (510601896, 0, 0, 0)
[WARNING] IO pin tcdm_master_north_resp_i[10]: no layer specified
[WARNING] IO pin: no position specified, set to (510602264, 0, 0, 0)
[WARNING] IO pin tcdm_master_north_resp_i[11]: no layer specified
[WARNING] IO pin: no position specified, set to (510602632, 0, 0, 0)
[WARNING] IO pin tcdm_master_north_resp_i[12]: no layer specified
[WARNING] IO pin: no position specified, set to (510603000, 0, 0, 0)
[WARNING] IO pin tcdm_master_north_resp_i[13]: no layer specified
[WARNING] IO pin: no position specified, set to (510603368, 0, 0, 0)
[WARNING] IO pin tcdm_master_north_resp_i[14]: no layer specified
[WARNING] IO pin: no position specified, set to (510603736, 0, 0, 0)
[WARNING] IO pin tcdm_master_north_resp_i[15]: no layer specified
[WARNING] IO pin: no position specified, set to (510604104, 0, 0, 0)
[WARNING] IO pin tcdm_master_north_resp_i[16]: no layer specified
[WARNING] IO pin: no position specified, set to (510604472, 0, 0, 0)
[WARNING] IO pin tcdm_master_north_resp_i[17]: no layer specified
[WARNING] IO pin: no position specified, set to (510604840, 0, 0, 0)
[WARNING] IO pin tcdm_master_north_resp_i[18]: no layer specified
[WARNING] IO pin: no position specified, set to (510605208, 0, 0, 0)
[WARNING] IO pin tcdm_master_north_resp_i[19]: no layer specified
[WARNING] IO pin: no position specified, set to (510605576, 0, 0, 0)
[WARNING] IO pin tcdm_master_north_resp_i[1]: no layer specified
[WARNING] IO pin: no position specified, set to (510605944, 0, 0, 0)
[WARNING] IO pin tcdm_master_north_resp_i[20]: no layer specified
[WARNING] IO pin: no position specified, set to (510606312, 0, 0, 0)
[WARNING] IO pin tcdm_master_north_resp_i[21]: no layer specified
[WARNING] IO pin: no position specified, set to (510606680, 0, 0, 0)
[WARNING] IO pin tcdm_master_north_resp_i[22]: no layer specified
[WARNING] IO pin: no position specified, set to (510607048, 0, 0, 0)
[WARNING] IO pin tcdm_master_north_resp_i[23]: no layer specified
[WARNING] IO pin: no position specified, set to (510607416, 0, 0, 0)
[WARNING] IO pin tcdm_master_north_resp_i[24]: no layer specified
[WARNING] IO pin: no position specified, set to (510607784, 0, 0, 0)
[WARNING] IO pin tcdm_master_north_resp_i[25]: no layer specified
[WARNING] IO pin: no position specified, set to (510608152, 0, 0, 0)
[WARNING] IO pin tcdm_master_north_resp_i[26]: no layer specified
[WARNING] IO pin: no position specified, set to (510608520, 0, 0, 0)
[WARNING] IO pin tcdm_master_north_resp_i[27]: no layer specified
[WARNING] IO pin: no position specified, set to (510608888, 0, 0, 0)
[WARNING] IO pin tcdm_master_north_resp_i[28]: no layer specified
[WARNING] IO pin: no position specified, set to (510609256, 0, 0, 0)
[WARNING] IO pin tcdm_master_north_resp_i[29]: no layer specified
[WARNING] IO pin: no position specified, set to (510609624, 0, 0, 0)
[WARNING] IO pin tcdm_master_north_resp_i[2]: no layer specified
[WARNING] IO pin: no position specified, set to (510609992, 0, 0, 0)
[WARNING] IO pin tcdm_master_north_resp_i[30]: no layer specified
[WARNING] IO pin: no position specified, set to (510610360, 0, 0, 0)
[WARNING] IO pin tcdm_master_north_resp_i[31]: no layer specified
[WARNING] IO pin: no position specified, set to (510610728, 0, 0, 0)
[WARNING] IO pin tcdm_master_north_resp_i[32]: no layer specified
[WARNING] IO pin: no position specified, set to (510611096, 0, 0, 0)
[WARNING] IO pin tcdm_master_north_resp_i[33]: no layer specified
[WARNING] IO pin: no position specified, set to (510611464, 0, 0, 0)
[WARNING] IO pin tcdm_master_north_resp_i[34]: no layer specified
[WARNING] IO pin: no position specified, set to (510611832, 0, 0, 0)
[WARNING] IO pin tcdm_master_north_resp_i[35]: no layer specified
[WARNING] IO pin: no position specified, set to (510612200, 0, 0, 0)
[WARNING] IO pin tcdm_master_north_resp_i[36]: no layer specified
[WARNING] IO pin: no position specified, set to (510612568, 0, 0, 0)
[WARNING] IO pin tcdm_master_north_resp_i[37]: no layer specified
[WARNING] IO pin: no position specified, set to (510612936, 0, 0, 0)
[WARNING] IO pin tcdm_master_north_resp_i[38]: no layer specified
[WARNING] IO pin: no position specified, set to (510613304, 0, 0, 0)
[WARNING] IO pin tcdm_master_north_resp_i[39]: no layer specified
[WARNING] IO pin: no position specified, set to (510613672, 0, 0, 0)
[WARNING] IO pin tcdm_master_north_resp_i[3]: no layer specified
[WARNING] IO pin: no position specified, set to (510614040, 0, 0, 0)
[WARNING] IO pin tcdm_master_north_resp_i[40]: no layer specified
[WARNING] IO pin: no position specified, set to (510614408, 0, 0, 0)
[WARNING] IO pin tcdm_master_north_resp_i[4]: no layer specified
[WARNING] IO pin: no position specified, set to (510614776, 0, 0, 0)
[WARNING] IO pin tcdm_master_north_resp_i[5]: no layer specified
[WARNING] IO pin: no position specified, set to (510615144, 0, 0, 0)
[WARNING] IO pin tcdm_master_north_resp_i[6]: no layer specified
[WARNING] IO pin: no position specified, set to (510615512, 0, 0, 0)
[WARNING] IO pin tcdm_master_north_resp_i[7]: no layer specified
[WARNING] IO pin: no position specified, set to (510615880, 0, 0, 0)
[WARNING] IO pin tcdm_master_north_resp_i[8]: no layer specified
[WARNING] IO pin: no position specified, set to (510616248, 0, 0, 0)
[WARNING] IO pin tcdm_master_north_resp_i[9]: no layer specified
[WARNING] IO pin: no position specified, set to (510616616, 0, 0, 0)
[WARNING] IO pin tcdm_master_north_resp_ready_o: no layer specified
[WARNING] IO pin: no position specified, set to (510616984, 0, 0, 0)
[WARNING] IO pin tcdm_master_north_resp_valid_i: no layer specified
[WARNING] IO pin: no position specified, set to (510617352, 0, 0, 0)
[WARNING] IO pin tcdm_master_northeast_req_o[0]: no layer specified
[WARNING] IO pin: no position specified, set to (510617720, 0, 0, 0)
[WARNING] IO pin tcdm_master_northeast_req_o[10]: no layer specified
[WARNING] IO pin: no position specified, set to (510618088, 0, 0, 0)
[WARNING] IO pin tcdm_master_northeast_req_o[11]: no layer specified
[WARNING] IO pin: no position specified, set to (510618456, 0, 0, 0)
[WARNING] IO pin tcdm_master_northeast_req_o[12]: no layer specified
[WARNING] IO pin: no position specified, set to (510618824, 0, 0, 0)
[WARNING] IO pin tcdm_master_northeast_req_o[13]: no layer specified
[WARNING] IO pin: no position specified, set to (510619192, 0, 0, 0)
[WARNING] IO pin tcdm_master_northeast_req_o[14]: no layer specified
[WARNING] IO pin: no position specified, set to (510619560, 0, 0, 0)
[WARNING] IO pin tcdm_master_northeast_req_o[15]: no layer specified
[WARNING] IO pin: no position specified, set to (510619928, 0, 0, 0)
[WARNING] IO pin tcdm_master_northeast_req_o[16]: no layer specified
[WARNING] IO pin: no position specified, set to (510620296, 0, 0, 0)
[WARNING] IO pin tcdm_master_northeast_req_o[17]: no layer specified
[WARNING] IO pin: no position specified, set to (510620664, 0, 0, 0)
[WARNING] IO pin tcdm_master_northeast_req_o[18]: no layer specified
[WARNING] IO pin: no position specified, set to (510621032, 0, 0, 0)
[WARNING] IO pin tcdm_master_northeast_req_o[19]: no layer specified
[WARNING] IO pin: no position specified, set to (510621400, 0, 0, 0)
[WARNING] IO pin tcdm_master_northeast_req_o[1]: no layer specified
[WARNING] IO pin: no position specified, set to (510621768, 0, 0, 0)
[WARNING] IO pin tcdm_master_northeast_req_o[20]: no layer specified
[WARNING] IO pin: no position specified, set to (510622136, 0, 0, 0)
[WARNING] IO pin tcdm_master_northeast_req_o[21]: no layer specified
[WARNING] IO pin: no position specified, set to (510622504, 0, 0, 0)
[WARNING] IO pin tcdm_master_northeast_req_o[22]: no layer specified
[WARNING] IO pin: no position specified, set to (510622872, 0, 0, 0)
[WARNING] IO pin tcdm_master_northeast_req_o[23]: no layer specified
[WARNING] IO pin: no position specified, set to (510623240, 0, 0, 0)
[WARNING] IO pin tcdm_master_northeast_req_o[24]: no layer specified
[WARNING] IO pin: no position specified, set to (510623608, 0, 0, 0)
[WARNING] IO pin tcdm_master_northeast_req_o[25]: no layer specified
[WARNING] IO pin: no position specified, set to (510623976, 0, 0, 0)
[WARNING] IO pin tcdm_master_northeast_req_o[26]: no layer specified
[WARNING] IO pin: no position specified, set to (510624344, 0, 0, 0)
[WARNING] IO pin tcdm_master_northeast_req_o[27]: no layer specified
[WARNING] IO pin: no position specified, set to (510624712, 0, 0, 0)
[WARNING] IO pin tcdm_master_northeast_req_o[28]: no layer specified
[WARNING] IO pin: no position specified, set to (510625080, 0, 0, 0)
[WARNING] IO pin tcdm_master_northeast_req_o[29]: no layer specified
[WARNING] IO pin: no position specified, set to (510625448, 0, 0, 0)
[WARNING] IO pin tcdm_master_northeast_req_o[2]: no layer specified
[WARNING] IO pin: no position specified, set to (510625816, 0, 0, 0)
[WARNING] IO pin tcdm_master_northeast_req_o[30]: no layer specified
[WARNING] IO pin: no position specified, set to (510626184, 0, 0, 0)
[WARNING] IO pin tcdm_master_northeast_req_o[31]: no layer specified
[WARNING] IO pin: no position specified, set to (510626552, 0, 0, 0)
[WARNING] IO pin tcdm_master_northeast_req_o[32]: no layer specified
[WARNING] IO pin: no position specified, set to (510626920, 0, 0, 0)
[WARNING] IO pin tcdm_master_northeast_req_o[33]: no layer specified
[WARNING] IO pin: no position specified, set to (510627288, 0, 0, 0)
[WARNING] IO pin tcdm_master_northeast_req_o[34]: no layer specified
[WARNING] IO pin: no position specified, set to (510627656, 0, 0, 0)
[WARNING] IO pin tcdm_master_northeast_req_o[35]: no layer specified
[WARNING] IO pin: no position specified, set to (510628024, 0, 0, 0)
[WARNING] IO pin tcdm_master_northeast_req_o[36]: no layer specified
[WARNING] IO pin: no position specified, set to (510628392, 0, 0, 0)
[WARNING] IO pin tcdm_master_northeast_req_o[37]: no layer specified
[WARNING] IO pin: no position specified, set to (510628760, 0, 0, 0)
[WARNING] IO pin tcdm_master_northeast_req_o[38]: no layer specified
[WARNING] IO pin: no position specified, set to (510629128, 0, 0, 0)
[WARNING] IO pin tcdm_master_northeast_req_o[39]: no layer specified
[WARNING] IO pin: no position specified, set to (510629496, 0, 0, 0)
[WARNING] IO pin tcdm_master_northeast_req_o[3]: no layer specified
[WARNING] IO pin: no position specified, set to (510629864, 0, 0, 0)
[WARNING] IO pin tcdm_master_northeast_req_o[40]: no layer specified
[WARNING] IO pin: no position specified, set to (510630232, 0, 0, 0)
[WARNING] IO pin tcdm_master_northeast_req_o[41]: no layer specified
[WARNING] IO pin: no position specified, set to (510630600, 0, 0, 0)
[WARNING] IO pin tcdm_master_northeast_req_o[42]: no layer specified
[WARNING] IO pin: no position specified, set to (510630968, 0, 0, 0)
[WARNING] IO pin tcdm_master_northeast_req_o[43]: no layer specified
[WARNING] IO pin: no position specified, set to (510631336, 0, 0, 0)
[WARNING] IO pin tcdm_master_northeast_req_o[44]: no layer specified
[WARNING] IO pin: no position specified, set to (510631704, 0, 0, 0)
[WARNING] IO pin tcdm_master_northeast_req_o[45]: no layer specified
[WARNING] IO pin: no position specified, set to (510632072, 0, 0, 0)
[WARNING] IO pin tcdm_master_northeast_req_o[46]: no layer specified
[WARNING] IO pin: no position specified, set to (510632440, 0, 0, 0)
[WARNING] IO pin tcdm_master_northeast_req_o[47]: no layer specified
[WARNING] IO pin: no position specified, set to (510632808, 0, 0, 0)
[WARNING] IO pin tcdm_master_northeast_req_o[48]: no layer specified
[WARNING] IO pin: no position specified, set to (510633176, 0, 0, 0)
[WARNING] IO pin tcdm_master_northeast_req_o[49]: no layer specified
[WARNING] IO pin: no position specified, set to (510633544, 0, 0, 0)
[WARNING] IO pin tcdm_master_northeast_req_o[4]: no layer specified
[WARNING] IO pin: no position specified, set to (510633912, 0, 0, 0)
[WARNING] IO pin tcdm_master_northeast_req_o[50]: no layer specified
[WARNING] IO pin: no position specified, set to (510634280, 0, 0, 0)
[WARNING] IO pin tcdm_master_northeast_req_o[51]: no layer specified
[WARNING] IO pin: no position specified, set to (510634648, 0, 0, 0)
[WARNING] IO pin tcdm_master_northeast_req_o[52]: no layer specified
[WARNING] IO pin: no position specified, set to (549509192, 0, 0, 0)
[WARNING] IO pin tcdm_master_northeast_req_o[53]: no layer specified
[WARNING] IO pin: no position specified, set to (549509560, 0, 0, 0)
[WARNING] IO pin tcdm_master_northeast_req_o[54]: no layer specified
[WARNING] IO pin: no position specified, set to (549509928, 0, 0, 0)
[WARNING] IO pin tcdm_master_northeast_req_o[55]: no layer specified
[WARNING] IO pin: no position specified, set to (549510296, 0, 0, 0)
[WARNING] IO pin tcdm_master_northeast_req_o[56]: no layer specified
[WARNING] IO pin: no position specified, set to (549510664, 0, 0, 0)
[WARNING] IO pin tcdm_master_northeast_req_o[57]: no layer specified
[WARNING] IO pin: no position specified, set to (549511032, 0, 0, 0)
[WARNING] IO pin tcdm_master_northeast_req_o[58]: no layer specified
[WARNING] IO pin: no position specified, set to (549511400, 0, 0, 0)
[WARNING] IO pin tcdm_master_northeast_req_o[5]: no layer specified
[WARNING] IO pin: no position specified, set to (549511768, 0, 0, 0)
[WARNING] IO pin tcdm_master_northeast_req_o[6]: no layer specified
[WARNING] IO pin: no position specified, set to (549512136, 0, 0, 0)
[WARNING] IO pin tcdm_master_northeast_req_o[7]: no layer specified
[WARNING] IO pin: no position specified, set to (549512504, 0, 0, 0)
[WARNING] IO pin tcdm_master_northeast_req_o[8]: no layer specified
[WARNING] IO pin: no position specified, set to (549512872, 0, 0, 0)
[WARNING] IO pin tcdm_master_northeast_req_o[9]: no layer specified
[WARNING] IO pin: no position specified, set to (549513240, 0, 0, 0)
[WARNING] IO pin tcdm_master_northeast_req_ready_i: no layer specified
[WARNING] IO pin: no position specified, set to (549513976, 0, 0, 0)
[WARNING] IO pin tcdm_master_northeast_req_valid_o: no layer specified
[WARNING] IO pin: no position specified, set to (549514056, 0, 0, 0)
[WARNING] IO pin tcdm_master_northeast_resp_i[0]: no layer specified
[WARNING] IO pin: no position specified, set to (549514760, 0, 0, 0)
[WARNING] IO pin tcdm_master_northeast_resp_i[10]: no layer specified
[WARNING] IO pin: no position specified, set to (549515112, 0, 0, 0)
[WARNING] IO pin tcdm_master_northeast_resp_i[11]: no layer specified
[WARNING] IO pin: no position specified, set to (549515192, 0, 0, 0)
[WARNING] IO pin tcdm_master_northeast_resp_i[12]: no layer specified
[WARNING] IO pin: no position specified, set to (549515512, 0, 0, 0)
[WARNING] IO pin tcdm_master_northeast_resp_i[13]: no layer specified
[WARNING] IO pin: no position specified, set to (549515896, 0, 0, 0)
[WARNING] IO pin tcdm_master_northeast_resp_i[14]: no layer specified
[WARNING] IO pin: no position specified, set to (549516280, 0, 0, 0)
[WARNING] IO pin tcdm_master_northeast_resp_i[15]: no layer specified
[WARNING] IO pin: no position specified, set to (549516664, 0, 0, 0)
[WARNING] IO pin tcdm_master_northeast_resp_i[16]: no layer specified
[WARNING] IO pin: no position specified, set to (549517048, 0, 0, 0)
[WARNING] IO pin tcdm_master_northeast_resp_i[17]: no layer specified
[WARNING] IO pin: no position specified, set to (549517432, 0, 0, 0)
[WARNING] IO pin tcdm_master_northeast_resp_i[18]: no layer specified
[WARNING] IO pin: no position specified, set to (549517816, 0, 0, 0)
[WARNING] IO pin tcdm_master_northeast_resp_i[19]: no layer specified
[WARNING] IO pin: no position specified, set to (549518200, 0, 0, 0)
[WARNING] IO pin tcdm_master_northeast_resp_i[1]: no layer specified
[WARNING] IO pin: no position specified, set to (549518968, 0, 0, 0)
[WARNING] IO pin tcdm_master_northeast_resp_i[20]: no layer specified
[WARNING] IO pin: no position specified, set to (549519320, 0, 0, 0)
[WARNING] IO pin tcdm_master_northeast_resp_i[21]: no layer specified
[WARNING] IO pin: no position specified, set to (549519400, 0, 0, 0)
[WARNING] IO pin tcdm_master_northeast_resp_i[22]: no layer specified
[WARNING] IO pin: no position specified, set to (549519720, 0, 0, 0)
[WARNING] IO pin tcdm_master_northeast_resp_i[23]: no layer specified
[WARNING] IO pin: no position specified, set to (549520104, 0, 0, 0)
[WARNING] IO pin tcdm_master_northeast_resp_i[24]: no layer specified
[WARNING] IO pin: no position specified, set to (549520488, 0, 0, 0)
[WARNING] IO pin tcdm_master_northeast_resp_i[25]: no layer specified
[WARNING] IO pin: no position specified, set to (549520872, 0, 0, 0)
[WARNING] IO pin tcdm_master_northeast_resp_i[26]: no layer specified
[WARNING] IO pin: no position specified, set to (549521256, 0, 0, 0)
[WARNING] IO pin tcdm_master_northeast_resp_i[27]: no layer specified
[WARNING] IO pin: no position specified, set to (549521640, 0, 0, 0)
[WARNING] IO pin tcdm_master_northeast_resp_i[28]: no layer specified
[WARNING] IO pin: no position specified, set to (549522024, 0, 0, 0)
[WARNING] IO pin tcdm_master_northeast_resp_i[29]: no layer specified
[WARNING] IO pin: no position specified, set to (549522408, 0, 0, 0)
[WARNING] IO pin tcdm_master_northeast_resp_i[2]: no layer specified
[WARNING] IO pin: no position specified, set to (549523176, 0, 0, 0)
[WARNING] IO pin tcdm_master_northeast_resp_i[30]: no layer specified
[WARNING] IO pin: no position specified, set to (549523528, 0, 0, 0)
[WARNING] IO pin tcdm_master_northeast_resp_i[31]: no layer specified
[WARNING] IO pin: no position specified, set to (549523608, 0, 0, 0)
[WARNING] IO pin tcdm_master_northeast_resp_i[32]: no layer specified
[WARNING] IO pin: no position specified, set to (549523928, 0, 0, 0)
[WARNING] IO pin tcdm_master_northeast_resp_i[33]: no layer specified
[WARNING] IO pin: no position specified, set to (549524312, 0, 0, 0)
[WARNING] IO pin tcdm_master_northeast_resp_i[34]: no layer specified
[WARNING] IO pin: no position specified, set to (549524696, 0, 0, 0)
[WARNING] IO pin tcdm_master_northeast_resp_i[35]: no layer specified
[WARNING] IO pin: no position specified, set to (549525080, 0, 0, 0)
[WARNING] IO pin tcdm_master_northeast_resp_i[36]: no layer specified
[WARNING] IO pin: no position specified, set to (549525464, 0, 0, 0)
[WARNING] IO pin tcdm_master_northeast_resp_i[37]: no layer specified
[WARNING] IO pin: no position specified, set to (549525848, 0, 0, 0)
[WARNING] IO pin tcdm_master_northeast_resp_i[38]: no layer specified
[WARNING] IO pin: no position specified, set to (549526232, 0, 0, 0)
[WARNING] IO pin tcdm_master_northeast_resp_i[39]: no layer specified
[WARNING] IO pin: no position specified, set to (549526616, 0, 0, 0)
[WARNING] IO pin tcdm_master_northeast_resp_i[3]: no layer specified
[WARNING] IO pin: no position specified, set to (549527384, 0, 0, 0)
[WARNING] IO pin tcdm_master_northeast_resp_i[40]: no layer specified
[WARNING] IO pin: no position specified, set to (549527736, 0, 0, 0)
[WARNING] IO pin tcdm_master_northeast_resp_i[4]: no layer specified
[WARNING] IO pin: no position specified, set to (549528136, 0, 0, 0)
[WARNING] IO pin tcdm_master_northeast_resp_i[5]: no layer specified
[WARNING] IO pin: no position specified, set to (549528200, 0, 0, 0)
[WARNING] IO pin tcdm_master_northeast_resp_i[6]: no layer specified
[WARNING] IO pin: no position specified, set to (549528488, 0, 0, 0)
[WARNING] IO pin tcdm_master_northeast_resp_i[7]: no layer specified
[WARNING] IO pin: no position specified, set to (549528856, 0, 0, 0)
[WARNING] IO pin tcdm_master_northeast_resp_i[8]: no layer specified
[WARNING] IO pin: no position specified, set to (549529224, 0, 0, 0)
[WARNING] IO pin tcdm_master_northeast_resp_i[9]: no layer specified
[WARNING] IO pin: no position specified, set to (549529592, 0, 0, 0)
[WARNING] IO pin tcdm_master_northeast_resp_ready_o: no layer specified
[WARNING] IO pin: no position specified, set to (549530328, 0, 0, 0)
[WARNING] IO pin tcdm_master_northeast_resp_valid_i: no layer specified
[WARNING] IO pin: no position specified, set to (549530408, 0, 0, 0)
[WARNING] IO pin tcdm_slave_bypass_req_i[0]: no layer specified
[WARNING] IO pin: no position specified, set to (549531112, 0, 0, 0)
[WARNING] IO pin tcdm_slave_bypass_req_i[10]: no layer specified
[WARNING] IO pin: no position specified, set to (549531176, 0, 0, 0)
[WARNING] IO pin tcdm_slave_bypass_req_i[11]: no layer specified
[WARNING] IO pin: no position specified, set to (549531464, 0, 0, 0)
[WARNING] IO pin tcdm_slave_bypass_req_i[12]: no layer specified
[WARNING] IO pin: no position specified, set to (549531832, 0, 0, 0)
[WARNING] IO pin tcdm_slave_bypass_req_i[13]: no layer specified
[WARNING] IO pin: no position specified, set to (549532200, 0, 0, 0)
[WARNING] IO pin tcdm_slave_bypass_req_i[14]: no layer specified
[WARNING] IO pin: no position specified, set to (549532568, 0, 0, 0)
[WARNING] IO pin tcdm_slave_bypass_req_i[15]: no layer specified
[WARNING] IO pin: no position specified, set to (549532936, 0, 0, 0)
[WARNING] IO pin tcdm_slave_bypass_req_i[16]: no layer specified
[WARNING] IO pin: no position specified, set to (549533304, 0, 0, 0)
[WARNING] IO pin tcdm_slave_bypass_req_i[17]: no layer specified
[WARNING] IO pin: no position specified, set to (549533672, 0, 0, 0)
[WARNING] IO pin tcdm_slave_bypass_req_i[18]: no layer specified
[WARNING] IO pin: no position specified, set to (549534040, 0, 0, 0)
[WARNING] IO pin tcdm_slave_bypass_req_i[19]: no layer specified
[WARNING] IO pin: no position specified, set to (549534408, 0, 0, 0)
[WARNING] IO pin tcdm_slave_bypass_req_i[1]: no layer specified
[WARNING] IO pin: no position specified, set to (549534776, 0, 0, 0)
[WARNING] IO pin tcdm_slave_bypass_req_i[20]: no layer specified
[WARNING] IO pin: no position specified, set to (549535144, 0, 0, 0)
[WARNING] IO pin tcdm_slave_bypass_req_i[21]: no layer specified
[WARNING] IO pin: no position specified, set to (549535512, 0, 0, 0)
[WARNING] IO pin tcdm_slave_bypass_req_i[22]: no layer specified
[WARNING] IO pin: no position specified, set to (549535880, 0, 0, 0)
[WARNING] IO pin tcdm_slave_bypass_req_i[23]: no layer specified
[WARNING] IO pin: no position specified, set to (549536248, 0, 0, 0)
[WARNING] IO pin tcdm_slave_bypass_req_i[24]: no layer specified
[WARNING] IO pin: no position specified, set to (549536616, 0, 0, 0)
[WARNING] IO pin tcdm_slave_bypass_req_i[25]: no layer specified
[WARNING] IO pin: no position specified, set to (549536984, 0, 0, 0)
[WARNING] IO pin tcdm_slave_bypass_req_i[26]: no layer specified
[WARNING] IO pin: no position specified, set to (549537352, 0, 0, 0)
[WARNING] IO pin tcdm_slave_bypass_req_i[27]: no layer specified
[WARNING] IO pin: no position specified, set to (549537720, 0, 0, 0)
[WARNING] IO pin tcdm_slave_bypass_req_i[28]: no layer specified
[WARNING] IO pin: no position specified, set to (549538088, 0, 0, 0)
[WARNING] IO pin tcdm_slave_bypass_req_i[29]: no layer specified
[WARNING] IO pin: no position specified, set to (549538456, 0, 0, 0)
[WARNING] IO pin tcdm_slave_bypass_req_i[2]: no layer specified
[WARNING] IO pin: no position specified, set to (549538824, 0, 0, 0)
[WARNING] IO pin tcdm_slave_bypass_req_i[30]: no layer specified
[WARNING] IO pin: no position specified, set to (549539192, 0, 0, 0)
[WARNING] IO pin tcdm_slave_bypass_req_i[31]: no layer specified
[WARNING] IO pin: no position specified, set to (549539560, 0, 0, 0)
[WARNING] IO pin tcdm_slave_bypass_req_i[32]: no layer specified
[WARNING] IO pin: no position specified, set to (549539928, 0, 0, 0)
[WARNING] IO pin tcdm_slave_bypass_req_i[33]: no layer specified
[WARNING] IO pin: no position specified, set to (549540296, 0, 0, 0)
[WARNING] IO pin tcdm_slave_bypass_req_i[34]: no layer specified
[WARNING] IO pin: no position specified, set to (549540664, 0, 0, 0)
[WARNING] IO pin tcdm_slave_bypass_req_i[35]: no layer specified
[WARNING] IO pin: no position specified, set to (549541032, 0, 0, 0)
[WARNING] IO pin tcdm_slave_bypass_req_i[36]: no layer specified
[WARNING] IO pin: no position specified, set to (549541400, 0, 0, 0)
[WARNING] IO pin tcdm_slave_bypass_req_i[37]: no layer specified
[WARNING] IO pin: no position specified, set to (549541768, 0, 0, 0)
[WARNING] IO pin tcdm_slave_bypass_req_i[38]: no layer specified
[WARNING] IO pin: no position specified, set to (549542136, 0, 0, 0)
[WARNING] IO pin tcdm_slave_bypass_req_i[39]: no layer specified
[WARNING] IO pin: no position specified, set to (549542504, 0, 0, 0)
[WARNING] IO pin tcdm_slave_bypass_req_i[3]: no layer specified
[WARNING] IO pin: no position specified, set to (549542872, 0, 0, 0)
[WARNING] IO pin tcdm_slave_bypass_req_i[40]: no layer specified
[WARNING] IO pin: no position specified, set to (549543240, 0, 0, 0)
[WARNING] IO pin tcdm_slave_bypass_req_i[41]: no layer specified
[WARNING] IO pin: no position specified, set to (549543608, 0, 0, 0)
[WARNING] IO pin tcdm_slave_bypass_req_i[42]: no layer specified
[WARNING] IO pin: no position specified, set to (549543976, 0, 0, 0)
[WARNING] IO pin tcdm_slave_bypass_req_i[43]: no layer specified
[WARNING] IO pin: no position specified, set to (549544344, 0, 0, 0)
[WARNING] IO pin tcdm_slave_bypass_req_i[44]: no layer specified
[WARNING] IO pin: no position specified, set to (549544712, 0, 0, 0)
[WARNING] IO pin tcdm_slave_bypass_req_i[45]: no layer specified
[WARNING] IO pin: no position specified, set to (549545080, 0, 0, 0)
[WARNING] IO pin tcdm_slave_bypass_req_i[46]: no layer specified
[WARNING] IO pin: no position specified, set to (549545448, 0, 0, 0)
[WARNING] IO pin tcdm_slave_bypass_req_i[47]: no layer specified
[WARNING] IO pin: no position specified, set to (549545816, 0, 0, 0)
[WARNING] IO pin tcdm_slave_bypass_req_i[48]: no layer specified
[WARNING] IO pin: no position specified, set to (549546184, 0, 0, 0)
[WARNING] IO pin tcdm_slave_bypass_req_i[49]: no layer specified
[WARNING] IO pin: no position specified, set to (549546552, 0, 0, 0)
[WARNING] IO pin tcdm_slave_bypass_req_i[4]: no layer specified
[WARNING] IO pin: no position specified, set to (549546920, 0, 0, 0)
[WARNING] IO pin tcdm_slave_bypass_req_i[50]: no layer specified
[WARNING] IO pin: no position specified, set to (549547288, 0, 0, 0)
[WARNING] IO pin tcdm_slave_bypass_req_i[51]: no layer specified
[WARNING] IO pin: no position specified, set to (549547656, 0, 0, 0)
[WARNING] IO pin tcdm_slave_bypass_req_i[52]: no layer specified
[WARNING] IO pin: no position specified, set to (549548024, 0, 0, 0)
[WARNING] IO pin tcdm_slave_bypass_req_i[53]: no layer specified
[WARNING] IO pin: no position specified, set to (549548392, 0, 0, 0)
[WARNING] IO pin tcdm_slave_bypass_req_i[54]: no layer specified
[WARNING] IO pin: no position specified, set to (549548760, 0, 0, 0)
[WARNING] IO pin tcdm_slave_bypass_req_i[55]: no layer specified
[WARNING] IO pin: no position specified, set to (549549128, 0, 0, 0)
[WARNING] IO pin tcdm_slave_bypass_req_i[56]: no layer specified
[WARNING] IO pin: no position specified, set to (549549496, 0, 0, 0)
[WARNING] IO pin tcdm_slave_bypass_req_i[57]: no layer specified
[WARNING] IO pin: no position specified, set to (549549864, 0, 0, 0)
[WARNING] IO pin tcdm_slave_bypass_req_i[58]: no layer specified
[WARNING] IO pin: no position specified, set to (549550232, 0, 0, 0)
[WARNING] IO pin tcdm_slave_bypass_req_i[5]: no layer specified
[WARNING] IO pin: no position specified, set to (549550600, 0, 0, 0)
[WARNING] IO pin tcdm_slave_bypass_req_i[6]: no layer specified
[WARNING] IO pin: no position specified, set to (549550968, 0, 0, 0)
[WARNING] IO pin tcdm_slave_bypass_req_i[7]: no layer specified
[WARNING] IO pin: no position specified, set to (549551336, 0, 0, 0)
[WARNING] IO pin tcdm_slave_bypass_req_i[8]: no layer specified
[WARNING] IO pin: no position specified, set to (549551704, 0, 0, 0)
[WARNING] IO pin tcdm_slave_bypass_req_i[9]: no layer specified
[WARNING] IO pin: no position specified, set to (549552072, 0, 0, 0)
[WARNING] IO pin tcdm_slave_bypass_req_ready_o: no layer specified
[WARNING] IO pin: no position specified, set to (549552440, 0, 0, 0)
[WARNING] IO pin tcdm_slave_bypass_req_valid_i: no layer specified
[WARNING] IO pin: no position specified, set to (549552808, 0, 0, 0)
[WARNING] IO pin tcdm_slave_bypass_resp_o[0]: no layer specified
[WARNING] IO pin: no position specified, set to (549553176, 0, 0, 0)
[WARNING] IO pin tcdm_slave_bypass_resp_o[10]: no layer specified
[WARNING] IO pin: no position specified, set to (549553544, 0, 0, 0)
[WARNING] IO pin tcdm_slave_bypass_resp_o[11]: no layer specified
[WARNING] IO pin: no position specified, set to (549553912, 0, 0, 0)
[WARNING] IO pin tcdm_slave_bypass_resp_o[12]: no layer specified
[WARNING] IO pin: no position specified, set to (549554280, 0, 0, 0)
[WARNING] IO pin tcdm_slave_bypass_resp_o[13]: no layer specified
[WARNING] IO pin: no position specified, set to (549554648, 0, 0, 0)
[WARNING] IO pin tcdm_slave_bypass_resp_o[14]: no layer specified
[WARNING] IO pin: no position specified, set to (549555016, 0, 0, 0)
[WARNING] IO pin tcdm_slave_bypass_resp_o[15]: no layer specified
[WARNING] IO pin: no position specified, set to (549555384, 0, 0, 0)
[WARNING] IO pin tcdm_slave_bypass_resp_o[16]: no layer specified
[WARNING] IO pin: no position specified, set to (549555752, 0, 0, 0)
[WARNING] IO pin tcdm_slave_bypass_resp_o[17]: no layer specified
[WARNING] IO pin: no position specified, set to (549556120, 0, 0, 0)
[WARNING] IO pin tcdm_slave_bypass_resp_o[18]: no layer specified
[WARNING] IO pin: no position specified, set to (549556488, 0, 0, 0)
[WARNING] IO pin tcdm_slave_bypass_resp_o[19]: no layer specified
[WARNING] IO pin: no position specified, set to (549556856, 0, 0, 0)
[WARNING] IO pin tcdm_slave_bypass_resp_o[1]: no layer specified
[WARNING] IO pin: no position specified, set to (549557224, 0, 0, 0)
[WARNING] IO pin tcdm_slave_bypass_resp_o[20]: no layer specified
[WARNING] IO pin: no position specified, set to (549557592, 0, 0, 0)
[WARNING] IO pin tcdm_slave_bypass_resp_o[21]: no layer specified
[WARNING] IO pin: no position specified, set to (549557960, 0, 0, 0)
[WARNING] IO pin tcdm_slave_bypass_resp_o[22]: no layer specified
[WARNING] IO pin: no position specified, set to (549558328, 0, 0, 0)
[WARNING] IO pin tcdm_slave_bypass_resp_o[23]: no layer specified
[WARNING] IO pin: no position specified, set to (549558696, 0, 0, 0)
[WARNING] IO pin tcdm_slave_bypass_resp_o[24]: no layer specified
[WARNING] IO pin: no position specified, set to (549559064, 0, 0, 0)
[WARNING] IO pin tcdm_slave_bypass_resp_o[25]: no layer specified
[WARNING] IO pin: no position specified, set to (549559432, 0, 0, 0)
[WARNING] IO pin tcdm_slave_bypass_resp_o[26]: no layer specified
[WARNING] IO pin: no position specified, set to (549559800, 0, 0, 0)
[WARNING] IO pin tcdm_slave_bypass_resp_o[27]: no layer specified
[WARNING] IO pin: no position specified, set to (549560168, 0, 0, 0)
[WARNING] IO pin tcdm_slave_bypass_resp_o[28]: no layer specified
[WARNING] IO pin: no position specified, set to (549560536, 0, 0, 0)
[WARNING] IO pin tcdm_slave_bypass_resp_o[29]: no layer specified
[WARNING] IO pin: no position specified, set to (549560904, 0, 0, 0)
[WARNING] IO pin tcdm_slave_bypass_resp_o[2]: no layer specified
[WARNING] IO pin: no position specified, set to (549561272, 0, 0, 0)
[WARNING] IO pin tcdm_slave_bypass_resp_o[30]: no layer specified
[WARNING] IO pin: no position specified, set to (549561640, 0, 0, 0)
[WARNING] IO pin tcdm_slave_bypass_resp_o[31]: no layer specified
[WARNING] IO pin: no position specified, set to (549562008, 0, 0, 0)
[WARNING] IO pin tcdm_slave_bypass_resp_o[32]: no layer specified
[WARNING] IO pin: no position specified, set to (549562376, 0, 0, 0)
[WARNING] IO pin tcdm_slave_bypass_resp_o[33]: no layer specified
[WARNING] IO pin: no position specified, set to (549562744, 0, 0, 0)
[WARNING] IO pin tcdm_slave_bypass_resp_o[34]: no layer specified
[WARNING] IO pin: no position specified, set to (549563112, 0, 0, 0)
[WARNING] IO pin tcdm_slave_bypass_resp_o[35]: no layer specified
[WARNING] IO pin: no position specified, set to (549563480, 0, 0, 0)
[WARNING] IO pin tcdm_slave_bypass_resp_o[36]: no layer specified
[WARNING] IO pin: no position specified, set to (549563848, 0, 0, 0)
[WARNING] IO pin tcdm_slave_bypass_resp_o[37]: no layer specified
[WARNING] IO pin: no position specified, set to (549564216, 0, 0, 0)
[WARNING] IO pin tcdm_slave_bypass_resp_o[38]: no layer specified
[WARNING] IO pin: no position specified, set to (549564584, 0, 0, 0)
[WARNING] IO pin tcdm_slave_bypass_resp_o[39]: no layer specified
[WARNING] IO pin: no position specified, set to (549564952, 0, 0, 0)
[WARNING] IO pin tcdm_slave_bypass_resp_o[3]: no layer specified
[WARNING] IO pin: no position specified, set to (549565320, 0, 0, 0)
[WARNING] IO pin tcdm_slave_bypass_resp_o[40]: no layer specified
[WARNING] IO pin: no position specified, set to (549565688, 0, 0, 0)
[WARNING] IO pin tcdm_slave_bypass_resp_o[4]: no layer specified
[WARNING] IO pin: no position specified, set to (549566056, 0, 0, 0)
[WARNING] IO pin tcdm_slave_bypass_resp_o[5]: no layer specified
[WARNING] IO pin: no position specified, set to (549566424, 0, 0, 0)
[WARNING] IO pin tcdm_slave_bypass_resp_o[6]: no layer specified
[WARNING] IO pin: no position specified, set to (549566792, 0, 0, 0)
[WARNING] IO pin tcdm_slave_bypass_resp_o[7]: no layer specified
[WARNING] IO pin: no position specified, set to (549567160, 0, 0, 0)
[WARNING] IO pin tcdm_slave_bypass_resp_o[8]: no layer specified
[WARNING] IO pin: no position specified, set to (549567528, 0, 0, 0)
[WARNING] IO pin tcdm_slave_bypass_resp_o[9]: no layer specified
[WARNING] IO pin: no position specified, set to (549567896, 0, 0, 0)
[WARNING] IO pin tcdm_slave_bypass_resp_ready_i: no layer specified
[WARNING] IO pin: no position specified, set to (549568264, 0, 0, 0)
[WARNING] IO pin tcdm_slave_bypass_resp_valid_o: no layer specified
[WARNING] IO pin: no position specified, set to (549568632, 0, 0, 0)
[WARNING] IO pin tcdm_slave_east_req_i[0]: no layer specified
[WARNING] IO pin: no position specified, set to (549569000, 0, 0, 0)
[WARNING] IO pin tcdm_slave_east_req_i[10]: no layer specified
[WARNING] IO pin: no position specified, set to (549569368, 0, 0, 0)
[WARNING] IO pin tcdm_slave_east_req_i[11]: no layer specified
[WARNING] IO pin: no position specified, set to (549569736, 0, 0, 0)
[WARNING] IO pin tcdm_slave_east_req_i[12]: no layer specified
[WARNING] IO pin: no position specified, set to (549570104, 0, 0, 0)
[WARNING] IO pin tcdm_slave_east_req_i[13]: no layer specified
[WARNING] IO pin: no position specified, set to (549570472, 0, 0, 0)
[WARNING] IO pin tcdm_slave_east_req_i[14]: no layer specified
[WARNING] IO pin: no position specified, set to (549570840, 0, 0, 0)
[WARNING] IO pin tcdm_slave_east_req_i[15]: no layer specified
[WARNING] IO pin: no position specified, set to (549571208, 0, 0, 0)
[WARNING] IO pin tcdm_slave_east_req_i[16]: no layer specified
[WARNING] IO pin: no position specified, set to (549571576, 0, 0, 0)
[WARNING] IO pin tcdm_slave_east_req_i[17]: no layer specified
[WARNING] IO pin: no position specified, set to (549571944, 0, 0, 0)
[WARNING] IO pin tcdm_slave_east_req_i[18]: no layer specified
[WARNING] IO pin: no position specified, set to (549572312, 0, 0, 0)
[WARNING] IO pin tcdm_slave_east_req_i[19]: no layer specified
[WARNING] IO pin: no position specified, set to (549572680, 0, 0, 0)
[WARNING] IO pin tcdm_slave_east_req_i[1]: no layer specified
[WARNING] IO pin: no position specified, set to (549573048, 0, 0, 0)
[WARNING] IO pin tcdm_slave_east_req_i[20]: no layer specified
[WARNING] IO pin: no position specified, set to (549573416, 0, 0, 0)
[WARNING] IO pin tcdm_slave_east_req_i[21]: no layer specified
[WARNING] IO pin: no position specified, set to (549573784, 0, 0, 0)
[WARNING] IO pin tcdm_slave_east_req_i[22]: no layer specified
[WARNING] IO pin: no position specified, set to (549574152, 0, 0, 0)
[WARNING] IO pin tcdm_slave_east_req_i[23]: no layer specified
[WARNING] IO pin: no position specified, set to (549574520, 0, 0, 0)
[WARNING] IO pin tcdm_slave_east_req_i[24]: no layer specified
[WARNING] IO pin: no position specified, set to (510282808, 0, 0, 0)
[WARNING] IO pin tcdm_slave_east_req_i[25]: no layer specified
[WARNING] IO pin: no position specified, set to (510283176, 0, 0, 0)
[WARNING] IO pin tcdm_slave_east_req_i[26]: no layer specified
[WARNING] IO pin: no position specified, set to (510283544, 0, 0, 0)
[WARNING] IO pin tcdm_slave_east_req_i[27]: no layer specified
[WARNING] IO pin: no position specified, set to (510283912, 0, 0, 0)
[WARNING] IO pin tcdm_slave_east_req_i[28]: no layer specified
[WARNING] IO pin: no position specified, set to (510284280, 0, 0, 0)
[WARNING] IO pin tcdm_slave_east_req_i[29]: no layer specified
[WARNING] IO pin: no position specified, set to (510284648, 0, 0, 0)
[WARNING] IO pin tcdm_slave_east_req_i[2]: no layer specified
[WARNING] IO pin: no position specified, set to (510285016, 0, 0, 0)
[WARNING] IO pin tcdm_slave_east_req_i[30]: no layer specified
[WARNING] IO pin: no position specified, set to (510285384, 0, 0, 0)
[WARNING] IO pin tcdm_slave_east_req_i[31]: no layer specified
[WARNING] IO pin: no position specified, set to (510285752, 0, 0, 0)
[WARNING] IO pin tcdm_slave_east_req_i[32]: no layer specified
[WARNING] IO pin: no position specified, set to (510286120, 0, 0, 0)
[WARNING] IO pin tcdm_slave_east_req_i[33]: no layer specified
[WARNING] IO pin: no position specified, set to (510286488, 0, 0, 0)
[WARNING] IO pin tcdm_slave_east_req_i[34]: no layer specified
[WARNING] IO pin: no position specified, set to (510286856, 0, 0, 0)
[WARNING] IO pin tcdm_slave_east_req_i[35]: no layer specified
[WARNING] IO pin: no position specified, set to (510287224, 0, 0, 0)
[WARNING] IO pin tcdm_slave_east_req_i[36]: no layer specified
[WARNING] IO pin: no position specified, set to (510287592, 0, 0, 0)
[WARNING] IO pin tcdm_slave_east_req_i[37]: no layer specified
[WARNING] IO pin: no position specified, set to (510287960, 0, 0, 0)
[WARNING] IO pin tcdm_slave_east_req_i[38]: no layer specified
[WARNING] IO pin: no position specified, set to (510288328, 0, 0, 0)
[WARNING] IO pin tcdm_slave_east_req_i[39]: no layer specified
[WARNING] IO pin: no position specified, set to (510288696, 0, 0, 0)
[WARNING] IO pin tcdm_slave_east_req_i[3]: no layer specified
[WARNING] IO pin: no position specified, set to (510289064, 0, 0, 0)
[WARNING] IO pin tcdm_slave_east_req_i[40]: no layer specified
[WARNING] IO pin: no position specified, set to (510289432, 0, 0, 0)
[WARNING] IO pin tcdm_slave_east_req_i[41]: no layer specified
[WARNING] IO pin: no position specified, set to (510289800, 0, 0, 0)
[WARNING] IO pin tcdm_slave_east_req_i[42]: no layer specified
[WARNING] IO pin: no position specified, set to (510290168, 0, 0, 0)
[WARNING] IO pin tcdm_slave_east_req_i[43]: no layer specified
[WARNING] IO pin: no position specified, set to (510290536, 0, 0, 0)
[WARNING] IO pin tcdm_slave_east_req_i[44]: no layer specified
[WARNING] IO pin: no position specified, set to (510290904, 0, 0, 0)
[WARNING] IO pin tcdm_slave_east_req_i[45]: no layer specified
[WARNING] IO pin: no position specified, set to (510291272, 0, 0, 0)
[WARNING] IO pin tcdm_slave_east_req_i[46]: no layer specified
[WARNING] IO pin: no position specified, set to (549593704, 0, 0, 0)
[WARNING] IO pin tcdm_slave_east_req_i[47]: no layer specified
[WARNING] IO pin: no position specified, set to (549594072, 0, 0, 0)
[WARNING] IO pin tcdm_slave_east_req_i[48]: no layer specified
[WARNING] IO pin: no position specified, set to (549594440, 0, 0, 0)
[WARNING] IO pin tcdm_slave_east_req_i[49]: no layer specified
[WARNING] IO pin: no position specified, set to (549594808, 0, 0, 0)
[WARNING] IO pin tcdm_slave_east_req_i[4]: no layer specified
[WARNING] IO pin: no position specified, set to (549595176, 0, 0, 0)
[WARNING] IO pin tcdm_slave_east_req_i[50]: no layer specified
[WARNING] IO pin: no position specified, set to (549595544, 0, 0, 0)
[WARNING] IO pin tcdm_slave_east_req_i[51]: no layer specified
[WARNING] IO pin: no position specified, set to (549595912, 0, 0, 0)
[WARNING] IO pin tcdm_slave_east_req_i[52]: no layer specified
[WARNING] IO pin: no position specified, set to (549596280, 0, 0, 0)
[WARNING] IO pin tcdm_slave_east_req_i[53]: no layer specified
[WARNING] IO pin: no position specified, set to (549596648, 0, 0, 0)
[WARNING] IO pin tcdm_slave_east_req_i[54]: no layer specified
[WARNING] IO pin: no position specified, set to (549597016, 0, 0, 0)
[WARNING] IO pin tcdm_slave_east_req_i[55]: no layer specified
[WARNING] IO pin: no position specified, set to (549597384, 0, 0, 0)
[WARNING] IO pin tcdm_slave_east_req_i[56]: no layer specified
[WARNING] IO pin: no position specified, set to (549597752, 0, 0, 0)
[WARNING] IO pin tcdm_slave_east_req_i[57]: no layer specified
[WARNING] IO pin: no position specified, set to (549598120, 0, 0, 0)
[WARNING] IO pin tcdm_slave_east_req_i[58]: no layer specified
[WARNING] IO pin: no position specified, set to (549598488, 0, 0, 0)
[WARNING] IO pin tcdm_slave_east_req_i[5]: no layer specified
[WARNING] IO pin: no position specified, set to (549598856, 0, 0, 0)
[WARNING] IO pin tcdm_slave_east_req_i[6]: no layer specified
[WARNING] IO pin: no position specified, set to (549599224, 0, 0, 0)
[WARNING] IO pin tcdm_slave_east_req_i[7]: no layer specified
[WARNING] IO pin: no position specified, set to (549599592, 0, 0, 0)
[WARNING] IO pin tcdm_slave_east_req_i[8]: no layer specified
[WARNING] IO pin: no position specified, set to (549599960, 0, 0, 0)
[WARNING] IO pin tcdm_slave_east_req_i[9]: no layer specified
[WARNING] IO pin: no position specified, set to (549600328, 0, 0, 0)
[WARNING] IO pin tcdm_slave_east_req_ready_o: no layer specified
[WARNING] IO pin: no position specified, set to (549600696, 0, 0, 0)
[WARNING] IO pin tcdm_slave_east_req_valid_i: no layer specified
[WARNING] IO pin: no position specified, set to (549601064, 0, 0, 0)
[WARNING] IO pin tcdm_slave_east_resp_o[0]: no layer specified
[WARNING] IO pin: no position specified, set to (549601432, 0, 0, 0)
[WARNING] IO pin tcdm_slave_east_resp_o[10]: no layer specified
[WARNING] IO pin: no position specified, set to (549601800, 0, 0, 0)
[WARNING] IO pin tcdm_slave_east_resp_o[11]: no layer specified
[WARNING] IO pin: no position specified, set to (549602168, 0, 0, 0)
[WARNING] IO pin tcdm_slave_east_resp_o[12]: no layer specified
[WARNING] IO pin: no position specified, set to (549602536, 0, 0, 0)
[WARNING] IO pin tcdm_slave_east_resp_o[13]: no layer specified
[WARNING] IO pin: no position specified, set to (549602904, 0, 0, 0)
[WARNING] IO pin tcdm_slave_east_resp_o[14]: no layer specified
[WARNING] IO pin: no position specified, set to (549603272, 0, 0, 0)
[WARNING] IO pin tcdm_slave_east_resp_o[15]: no layer specified
[WARNING] IO pin: no position specified, set to (549603640, 0, 0, 0)
[WARNING] IO pin tcdm_slave_east_resp_o[16]: no layer specified
[WARNING] IO pin: no position specified, set to (549604008, 0, 0, 0)
[WARNING] IO pin tcdm_slave_east_resp_o[17]: no layer specified
[WARNING] IO pin: no position specified, set to (549604376, 0, 0, 0)
[WARNING] IO pin tcdm_slave_east_resp_o[18]: no layer specified
[WARNING] IO pin: no position specified, set to (549604744, 0, 0, 0)
[WARNING] IO pin tcdm_slave_east_resp_o[19]: no layer specified
[WARNING] IO pin: no position specified, set to (549605112, 0, 0, 0)
[WARNING] IO pin tcdm_slave_east_resp_o[1]: no layer specified
[WARNING] IO pin: no position specified, set to (549605480, 0, 0, 0)
[WARNING] IO pin tcdm_slave_east_resp_o[20]: no layer specified
[WARNING] IO pin: no position specified, set to (549605848, 0, 0, 0)
[WARNING] IO pin tcdm_slave_east_resp_o[21]: no layer specified
[WARNING] IO pin: no position specified, set to (549606216, 0, 0, 0)
[WARNING] IO pin tcdm_slave_east_resp_o[22]: no layer specified
[WARNING] IO pin: no position specified, set to (549606584, 0, 0, 0)
[WARNING] IO pin tcdm_slave_east_resp_o[23]: no layer specified
[WARNING] IO pin: no position specified, set to (549606952, 0, 0, 0)
[WARNING] IO pin tcdm_slave_east_resp_o[24]: no layer specified
[WARNING] IO pin: no position specified, set to (549607320, 0, 0, 0)
[WARNING] IO pin tcdm_slave_east_resp_o[25]: no layer specified
[WARNING] IO pin: no position specified, set to (549607688, 0, 0, 0)
[WARNING] IO pin tcdm_slave_east_resp_o[26]: no layer specified
[WARNING] IO pin: no position specified, set to (549608056, 0, 0, 0)
[WARNING] IO pin tcdm_slave_east_resp_o[27]: no layer specified
[WARNING] IO pin: no position specified, set to (549608424, 0, 0, 0)
[WARNING] IO pin tcdm_slave_east_resp_o[28]: no layer specified
[WARNING] IO pin: no position specified, set to (549608792, 0, 0, 0)
[WARNING] IO pin tcdm_slave_east_resp_o[29]: no layer specified
[WARNING] IO pin: no position specified, set to (549609160, 0, 0, 0)
[WARNING] IO pin tcdm_slave_east_resp_o[2]: no layer specified
[WARNING] IO pin: no position specified, set to (549609528, 0, 0, 0)
[WARNING] IO pin tcdm_slave_east_resp_o[30]: no layer specified
[WARNING] IO pin: no position specified, set to (549609896, 0, 0, 0)
[WARNING] IO pin tcdm_slave_east_resp_o[31]: no layer specified
[WARNING] IO pin: no position specified, set to (549610264, 0, 0, 0)
[WARNING] IO pin tcdm_slave_east_resp_o[32]: no layer specified
[WARNING] IO pin: no position specified, set to (549610632, 0, 0, 0)
[WARNING] IO pin tcdm_slave_east_resp_o[33]: no layer specified
[WARNING] IO pin: no position specified, set to (549611000, 0, 0, 0)
[WARNING] IO pin tcdm_slave_east_resp_o[34]: no layer specified
[WARNING] IO pin: no position specified, set to (549611368, 0, 0, 0)
[WARNING] IO pin tcdm_slave_east_resp_o[35]: no layer specified
[WARNING] IO pin: no position specified, set to (549611736, 0, 0, 0)
[WARNING] IO pin tcdm_slave_east_resp_o[36]: no layer specified
[WARNING] IO pin: no position specified, set to (549612104, 0, 0, 0)
[WARNING] IO pin tcdm_slave_east_resp_o[37]: no layer specified
[WARNING] IO pin: no position specified, set to (549612472, 0, 0, 0)
[WARNING] IO pin tcdm_slave_east_resp_o[38]: no layer specified
[WARNING] IO pin: no position specified, set to (549612840, 0, 0, 0)
[WARNING] IO pin tcdm_slave_east_resp_o[39]: no layer specified
[WARNING] IO pin: no position specified, set to (549613208, 0, 0, 0)
[WARNING] IO pin tcdm_slave_east_resp_o[3]: no layer specified
[WARNING] IO pin: no position specified, set to (549613576, 0, 0, 0)
[WARNING] IO pin tcdm_slave_east_resp_o[40]: no layer specified
[WARNING] IO pin: no position specified, set to (549613944, 0, 0, 0)
[WARNING] IO pin tcdm_slave_east_resp_o[4]: no layer specified
[WARNING] IO pin: no position specified, set to (549614312, 0, 0, 0)
[WARNING] IO pin tcdm_slave_east_resp_o[5]: no layer specified
[WARNING] IO pin: no position specified, set to (549614680, 0, 0, 0)
[WARNING] IO pin tcdm_slave_east_resp_o[6]: no layer specified
[WARNING] IO pin: no position specified, set to (549615048, 0, 0, 0)
[WARNING] IO pin tcdm_slave_east_resp_o[7]: no layer specified
[WARNING] IO pin: no position specified, set to (549615416, 0, 0, 0)
[WARNING] IO pin tcdm_slave_east_resp_o[8]: no layer specified
[WARNING] IO pin: no position specified, set to (549615784, 0, 0, 0)
[WARNING] IO pin tcdm_slave_east_resp_o[9]: no layer specified
[WARNING] IO pin: no position specified, set to (549616152, 0, 0, 0)
[WARNING] IO pin tcdm_slave_east_resp_ready_i: no layer specified
[WARNING] IO pin: no position specified, set to (549616520, 0, 0, 0)
[WARNING] IO pin tcdm_slave_east_resp_valid_o: no layer specified
[WARNING] IO pin: no position specified, set to (549616888, 0, 0, 0)
[WARNING] IO pin tcdm_slave_north_req_i[0]: no layer specified
[WARNING] IO pin: no position specified, set to (549617256, 0, 0, 0)
[WARNING] IO pin tcdm_slave_north_req_i[10]: no layer specified
[WARNING] IO pin: no position specified, set to (549617624, 0, 0, 0)
[WARNING] IO pin tcdm_slave_north_req_i[11]: no layer specified
[WARNING] IO pin: no position specified, set to (549617992, 0, 0, 0)
[WARNING] IO pin tcdm_slave_north_req_i[12]: no layer specified
[WARNING] IO pin: no position specified, set to (549618360, 0, 0, 0)
[WARNING] IO pin tcdm_slave_north_req_i[13]: no layer specified
[WARNING] IO pin: no position specified, set to (549618728, 0, 0, 0)
[WARNING] IO pin tcdm_slave_north_req_i[14]: no layer specified
[WARNING] IO pin: no position specified, set to (549619096, 0, 0, 0)
[WARNING] IO pin tcdm_slave_north_req_i[15]: no layer specified
[WARNING] IO pin: no position specified, set to (549619464, 0, 0, 0)
[WARNING] IO pin tcdm_slave_north_req_i[16]: no layer specified
[WARNING] IO pin: no position specified, set to (549619832, 0, 0, 0)
[WARNING] IO pin tcdm_slave_north_req_i[17]: no layer specified
[WARNING] IO pin: no position specified, set to (549620200, 0, 0, 0)
[WARNING] IO pin tcdm_slave_north_req_i[18]: no layer specified
[WARNING] IO pin: no position specified, set to (549620568, 0, 0, 0)
[WARNING] IO pin tcdm_slave_north_req_i[19]: no layer specified
[WARNING] IO pin: no position specified, set to (549620936, 0, 0, 0)
[WARNING] IO pin tcdm_slave_north_req_i[1]: no layer specified
[WARNING] IO pin: no position specified, set to (549621304, 0, 0, 0)
[WARNING] IO pin tcdm_slave_north_req_i[20]: no layer specified
[WARNING] IO pin: no position specified, set to (549621672, 0, 0, 0)
[WARNING] IO pin tcdm_slave_north_req_i[21]: no layer specified
[WARNING] IO pin: no position specified, set to (549622040, 0, 0, 0)
[WARNING] IO pin tcdm_slave_north_req_i[22]: no layer specified
[WARNING] IO pin: no position specified, set to (549622408, 0, 0, 0)
[WARNING] IO pin tcdm_slave_north_req_i[23]: no layer specified
[WARNING] IO pin: no position specified, set to (549622776, 0, 0, 0)
[WARNING] IO pin tcdm_slave_north_req_i[24]: no layer specified
[WARNING] IO pin: no position specified, set to (549623144, 0, 0, 0)
[WARNING] IO pin tcdm_slave_north_req_i[25]: no layer specified
[WARNING] IO pin: no position specified, set to (549623512, 0, 0, 0)
[WARNING] IO pin tcdm_slave_north_req_i[26]: no layer specified
[WARNING] IO pin: no position specified, set to (549623880, 0, 0, 0)
[WARNING] IO pin tcdm_slave_north_req_i[27]: no layer specified
[WARNING] IO pin: no position specified, set to (549624248, 0, 0, 0)
[WARNING] IO pin tcdm_slave_north_req_i[28]: no layer specified
[WARNING] IO pin: no position specified, set to (549624616, 0, 0, 0)
[WARNING] IO pin tcdm_slave_north_req_i[29]: no layer specified
[WARNING] IO pin: no position specified, set to (549624984, 0, 0, 0)
[WARNING] IO pin tcdm_slave_north_req_i[2]: no layer specified
[WARNING] IO pin: no position specified, set to (549625352, 0, 0, 0)
[WARNING] IO pin tcdm_slave_north_req_i[30]: no layer specified
[WARNING] IO pin: no position specified, set to (549625720, 0, 0, 0)
[WARNING] IO pin tcdm_slave_north_req_i[31]: no layer specified
[WARNING] IO pin: no position specified, set to (549626088, 0, 0, 0)
[WARNING] IO pin tcdm_slave_north_req_i[32]: no layer specified
[WARNING] IO pin: no position specified, set to (549626456, 0, 0, 0)
[WARNING] IO pin tcdm_slave_north_req_i[33]: no layer specified
[WARNING] IO pin: no position specified, set to (549626824, 0, 0, 0)
[WARNING] IO pin tcdm_slave_north_req_i[34]: no layer specified
[WARNING] IO pin: no position specified, set to (549627192, 0, 0, 0)
[WARNING] IO pin tcdm_slave_north_req_i[35]: no layer specified
[WARNING] IO pin: no position specified, set to (549627560, 0, 0, 0)
[WARNING] IO pin tcdm_slave_north_req_i[36]: no layer specified
[WARNING] IO pin: no position specified, set to (549627928, 0, 0, 0)
[WARNING] IO pin tcdm_slave_north_req_i[37]: no layer specified
[WARNING] IO pin: no position specified, set to (549628296, 0, 0, 0)
[WARNING] IO pin tcdm_slave_north_req_i[38]: no layer specified
[WARNING] IO pin: no position specified, set to (549628664, 0, 0, 0)
[WARNING] IO pin tcdm_slave_north_req_i[39]: no layer specified
[WARNING] IO pin: no position specified, set to (549629032, 0, 0, 0)
[WARNING] IO pin tcdm_slave_north_req_i[3]: no layer specified
[WARNING] IO pin: no position specified, set to (549629400, 0, 0, 0)
[WARNING] IO pin tcdm_slave_north_req_i[40]: no layer specified
[WARNING] IO pin: no position specified, set to (549629768, 0, 0, 0)
[WARNING] IO pin tcdm_slave_north_req_i[41]: no layer specified
[WARNING] IO pin: no position specified, set to (549630136, 0, 0, 0)
[WARNING] IO pin tcdm_slave_north_req_i[42]: no layer specified
[WARNING] IO pin: no position specified, set to (549630504, 0, 0, 0)
[WARNING] IO pin tcdm_slave_north_req_i[43]: no layer specified
[WARNING] IO pin: no position specified, set to (549630872, 0, 0, 0)
[WARNING] IO pin tcdm_slave_north_req_i[44]: no layer specified
[WARNING] IO pin: no position specified, set to (549631240, 0, 0, 0)
[WARNING] IO pin tcdm_slave_north_req_i[45]: no layer specified
[WARNING] IO pin: no position specified, set to (549631608, 0, 0, 0)
[WARNING] IO pin tcdm_slave_north_req_i[46]: no layer specified
[WARNING] IO pin: no position specified, set to (549631976, 0, 0, 0)
[WARNING] IO pin tcdm_slave_north_req_i[47]: no layer specified
[WARNING] IO pin: no position specified, set to (549632344, 0, 0, 0)
[WARNING] IO pin tcdm_slave_north_req_i[48]: no layer specified
[WARNING] IO pin: no position specified, set to (549632712, 0, 0, 0)
[WARNING] IO pin tcdm_slave_north_req_i[49]: no layer specified
[WARNING] IO pin: no position specified, set to (549633080, 0, 0, 0)
[WARNING] IO pin tcdm_slave_north_req_i[4]: no layer specified
[WARNING] IO pin: no position specified, set to (549633448, 0, 0, 0)
[WARNING] IO pin tcdm_slave_north_req_i[50]: no layer specified
[WARNING] IO pin: no position specified, set to (549633816, 0, 0, 0)
[WARNING] IO pin tcdm_slave_north_req_i[51]: no layer specified
[WARNING] IO pin: no position specified, set to (549634184, 0, 0, 0)
[WARNING] IO pin tcdm_slave_north_req_i[52]: no layer specified
[WARNING] IO pin: no position specified, set to (549634552, 0, 0, 0)
[WARNING] IO pin tcdm_slave_north_req_i[53]: no layer specified
[WARNING] IO pin: no position specified, set to (549634920, 0, 0, 0)
[WARNING] IO pin tcdm_slave_north_req_i[54]: no layer specified
[WARNING] IO pin: no position specified, set to (549635288, 0, 0, 0)
[WARNING] IO pin tcdm_slave_north_req_i[55]: no layer specified
[WARNING] IO pin: no position specified, set to (549635656, 0, 0, 0)
[WARNING] IO pin tcdm_slave_north_req_i[56]: no layer specified
[WARNING] IO pin: no position specified, set to (549636024, 0, 0, 0)
[WARNING] IO pin tcdm_slave_north_req_i[57]: no layer specified
[WARNING] IO pin: no position specified, set to (549636392, 0, 0, 0)
[WARNING] IO pin tcdm_slave_north_req_i[58]: no layer specified
[WARNING] IO pin: no position specified, set to (549636760, 0, 0, 0)
[WARNING] IO pin tcdm_slave_north_req_i[5]: no layer specified
[WARNING] IO pin: no position specified, set to (549637128, 0, 0, 0)
[WARNING] IO pin tcdm_slave_north_req_i[6]: no layer specified
[WARNING] IO pin: no position specified, set to (549637496, 0, 0, 0)
[WARNING] IO pin tcdm_slave_north_req_i[7]: no layer specified
[WARNING] IO pin: no position specified, set to (549637864, 0, 0, 0)
[WARNING] IO pin tcdm_slave_north_req_i[8]: no layer specified
[WARNING] IO pin: no position specified, set to (549638232, 0, 0, 0)
[WARNING] IO pin tcdm_slave_north_req_i[9]: no layer specified
[WARNING] IO pin: no position specified, set to (549638600, 0, 0, 0)
[WARNING] IO pin tcdm_slave_north_req_ready_o: no layer specified
[WARNING] IO pin: no position specified, set to (549638968, 0, 0, 0)
[WARNING] IO pin tcdm_slave_north_req_valid_i: no layer specified
[WARNING] IO pin: no position specified, set to (549639336, 0, 0, 0)
[WARNING] IO pin tcdm_slave_north_resp_o[0]: no layer specified
[WARNING] IO pin: no position specified, set to (549639704, 0, 0, 0)
[WARNING] IO pin tcdm_slave_north_resp_o[10]: no layer specified
[WARNING] IO pin: no position specified, set to (549640072, 0, 0, 0)
[WARNING] IO pin tcdm_slave_north_resp_o[11]: no layer specified
[WARNING] IO pin: no position specified, set to (549640440, 0, 0, 0)
[WARNING] IO pin tcdm_slave_north_resp_o[12]: no layer specified
[WARNING] IO pin: no position specified, set to (549640808, 0, 0, 0)
[WARNING] IO pin tcdm_slave_north_resp_o[13]: no layer specified
[WARNING] IO pin: no position specified, set to (549641176, 0, 0, 0)
[WARNING] IO pin tcdm_slave_north_resp_o[14]: no layer specified
[WARNING] IO pin: no position specified, set to (549641544, 0, 0, 0)
[WARNING] IO pin tcdm_slave_north_resp_o[15]: no layer specified
[WARNING] IO pin: no position specified, set to (549641912, 0, 0, 0)
[WARNING] IO pin tcdm_slave_north_resp_o[16]: no layer specified
[WARNING] IO pin: no position specified, set to (549642280, 0, 0, 0)
[WARNING] IO pin tcdm_slave_north_resp_o[17]: no layer specified
[WARNING] IO pin: no position specified, set to (549642648, 0, 0, 0)
[WARNING] IO pin tcdm_slave_north_resp_o[18]: no layer specified
[WARNING] IO pin: no position specified, set to (549643016, 0, 0, 0)
[WARNING] IO pin tcdm_slave_north_resp_o[19]: no layer specified
[WARNING] IO pin: no position specified, set to (549643384, 0, 0, 0)
[WARNING] IO pin tcdm_slave_north_resp_o[1]: no layer specified
[WARNING] IO pin: no position specified, set to (549643752, 0, 0, 0)
[WARNING] IO pin tcdm_slave_north_resp_o[20]: no layer specified
[WARNING] IO pin: no position specified, set to (549644120, 0, 0, 0)
[WARNING] IO pin tcdm_slave_north_resp_o[21]: no layer specified
[WARNING] IO pin: no position specified, set to (549644488, 0, 0, 0)
[WARNING] IO pin tcdm_slave_north_resp_o[22]: no layer specified
[WARNING] IO pin: no position specified, set to (549644856, 0, 0, 0)
[WARNING] IO pin tcdm_slave_north_resp_o[23]: no layer specified
[WARNING] IO pin: no position specified, set to (549645224, 0, 0, 0)
[WARNING] IO pin tcdm_slave_north_resp_o[24]: no layer specified
[WARNING] IO pin: no position specified, set to (549645592, 0, 0, 0)
[WARNING] IO pin tcdm_slave_north_resp_o[25]: no layer specified
[WARNING] IO pin: no position specified, set to (549645960, 0, 0, 0)
[WARNING] IO pin tcdm_slave_north_resp_o[26]: no layer specified
[WARNING] IO pin: no position specified, set to (549646328, 0, 0, 0)
[WARNING] IO pin tcdm_slave_north_resp_o[27]: no layer specified
[WARNING] IO pin: no position specified, set to (549646696, 0, 0, 0)
[WARNING] IO pin tcdm_slave_north_resp_o[28]: no layer specified
[WARNING] IO pin: no position specified, set to (549647064, 0, 0, 0)
[WARNING] IO pin tcdm_slave_north_resp_o[29]: no layer specified
[WARNING] IO pin: no position specified, set to (549647432, 0, 0, 0)
[WARNING] IO pin tcdm_slave_north_resp_o[2]: no layer specified
[WARNING] IO pin: no position specified, set to (549647800, 0, 0, 0)
[WARNING] IO pin tcdm_slave_north_resp_o[30]: no layer specified
[WARNING] IO pin: no position specified, set to (549648168, 0, 0, 0)
[WARNING] IO pin tcdm_slave_north_resp_o[31]: no layer specified
[WARNING] IO pin: no position specified, set to (549648536, 0, 0, 0)
[WARNING] IO pin tcdm_slave_north_resp_o[32]: no layer specified
[WARNING] IO pin: no position specified, set to (549648904, 0, 0, 0)
[WARNING] IO pin tcdm_slave_north_resp_o[33]: no layer specified
[WARNING] IO pin: no position specified, set to (549649272, 0, 0, 0)
[WARNING] IO pin tcdm_slave_north_resp_o[34]: no layer specified
[WARNING] IO pin: no position specified, set to (549649640, 0, 0, 0)
[WARNING] IO pin tcdm_slave_north_resp_o[35]: no layer specified
[WARNING] IO pin: no position specified, set to (549650008, 0, 0, 0)
[WARNING] IO pin tcdm_slave_north_resp_o[36]: no layer specified
[WARNING] IO pin: no position specified, set to (549650376, 0, 0, 0)
[WARNING] IO pin tcdm_slave_north_resp_o[37]: no layer specified
[WARNING] IO pin: no position specified, set to (549650744, 0, 0, 0)
[WARNING] IO pin tcdm_slave_north_resp_o[38]: no layer specified
[WARNING] IO pin: no position specified, set to (549651112, 0, 0, 0)
[WARNING] IO pin tcdm_slave_north_resp_o[39]: no layer specified
[WARNING] IO pin: no position specified, set to (549651480, 0, 0, 0)
[WARNING] IO pin tcdm_slave_north_resp_o[3]: no layer specified
[WARNING] IO pin: no position specified, set to (549651848, 0, 0, 0)
[WARNING] IO pin tcdm_slave_north_resp_o[40]: no layer specified
[WARNING] IO pin: no position specified, set to (549652216, 0, 0, 0)
[WARNING] IO pin tcdm_slave_north_resp_o[4]: no layer specified
[WARNING] IO pin: no position specified, set to (549652584, 0, 0, 0)
[WARNING] IO pin tcdm_slave_north_resp_o[5]: no layer specified
[WARNING] IO pin: no position specified, set to (549652952, 0, 0, 0)
[WARNING] IO pin tcdm_slave_north_resp_o[6]: no layer specified
[WARNING] IO pin: no position specified, set to (549653320, 0, 0, 0)
[WARNING] IO pin tcdm_slave_north_resp_o[7]: no layer specified
[WARNING] IO pin: no position specified, set to (549653688, 0, 0, 0)
[WARNING] IO pin tcdm_slave_north_resp_o[8]: no layer specified
[WARNING] IO pin: no position specified, set to (549654056, 0, 0, 0)
[WARNING] IO pin tcdm_slave_north_resp_o[9]: no layer specified
[WARNING] IO pin: no position specified, set to (549654424, 0, 0, 0)
[WARNING] IO pin tcdm_slave_north_resp_ready_i: no layer specified
[WARNING] IO pin: no position specified, set to (549654792, 0, 0, 0)
[WARNING] IO pin tcdm_slave_north_resp_valid_o: no layer specified
[WARNING] IO pin: no position specified, set to (549655160, 0, 0, 0)
[WARNING] IO pin tcdm_slave_northeast_req_i[0]: no layer specified
[WARNING] IO pin: no position specified, set to (549655528, 0, 0, 0)
[WARNING] IO pin tcdm_slave_northeast_req_i[10]: no layer specified
[WARNING] IO pin: no position specified, set to (549655896, 0, 0, 0)
[WARNING] IO pin tcdm_slave_northeast_req_i[11]: no layer specified
[WARNING] IO pin: no position specified, set to (549656264, 0, 0, 0)
[WARNING] IO pin tcdm_slave_northeast_req_i[12]: no layer specified
[WARNING] IO pin: no position specified, set to (549656632, 0, 0, 0)
[WARNING] IO pin tcdm_slave_northeast_req_i[13]: no layer specified
[WARNING] IO pin: no position specified, set to (549657000, 0, 0, 0)
[WARNING] IO pin tcdm_slave_northeast_req_i[14]: no layer specified
[WARNING] IO pin: no position specified, set to (549657368, 0, 0, 0)
[WARNING] IO pin tcdm_slave_northeast_req_i[15]: no layer specified
[WARNING] IO pin: no position specified, set to (549657736, 0, 0, 0)
[WARNING] IO pin tcdm_slave_northeast_req_i[16]: no layer specified
[WARNING] IO pin: no position specified, set to (549658104, 0, 0, 0)
[WARNING] IO pin tcdm_slave_northeast_req_i[17]: no layer specified
[WARNING] IO pin: no position specified, set to (549658472, 0, 0, 0)
[WARNING] IO pin tcdm_slave_northeast_req_i[18]: no layer specified
[WARNING] IO pin: no position specified, set to (549658840, 0, 0, 0)
[WARNING] IO pin tcdm_slave_northeast_req_i[19]: no layer specified
[WARNING] IO pin: no position specified, set to (549659208, 0, 0, 0)
[WARNING] IO pin tcdm_slave_northeast_req_i[1]: no layer specified
[WARNING] IO pin: no position specified, set to (549659576, 0, 0, 0)
[WARNING] IO pin tcdm_slave_northeast_req_i[20]: no layer specified
[WARNING] IO pin: no position specified, set to (549659944, 0, 0, 0)
[WARNING] IO pin tcdm_slave_northeast_req_i[21]: no layer specified
[WARNING] IO pin: no position specified, set to (549660312, 0, 0, 0)
[WARNING] IO pin tcdm_slave_northeast_req_i[22]: no layer specified
[WARNING] IO pin: no position specified, set to (549660680, 0, 0, 0)
[WARNING] IO pin tcdm_slave_northeast_req_i[23]: no layer specified
[WARNING] IO pin: no position specified, set to (549661048, 0, 0, 0)
[WARNING] IO pin tcdm_slave_northeast_req_i[24]: no layer specified
[WARNING] IO pin: no position specified, set to (549661416, 0, 0, 0)
[WARNING] IO pin tcdm_slave_northeast_req_i[25]: no layer specified
[WARNING] IO pin: no position specified, set to (549661784, 0, 0, 0)
[WARNING] IO pin tcdm_slave_northeast_req_i[26]: no layer specified
[WARNING] IO pin: no position specified, set to (549662152, 0, 0, 0)
[WARNING] IO pin tcdm_slave_northeast_req_i[27]: no layer specified
[WARNING] IO pin: no position specified, set to (549662520, 0, 0, 0)
[WARNING] IO pin tcdm_slave_northeast_req_i[28]: no layer specified
[WARNING] IO pin: no position specified, set to (549662888, 0, 0, 0)
[WARNING] IO pin tcdm_slave_northeast_req_i[29]: no layer specified
[WARNING] IO pin: no position specified, set to (549663256, 0, 0, 0)
[WARNING] IO pin tcdm_slave_northeast_req_i[2]: no layer specified
[WARNING] IO pin: no position specified, set to (549663624, 0, 0, 0)
[WARNING] IO pin tcdm_slave_northeast_req_i[30]: no layer specified
[WARNING] IO pin: no position specified, set to (549663992, 0, 0, 0)
[WARNING] IO pin tcdm_slave_northeast_req_i[31]: no layer specified
[WARNING] IO pin: no position specified, set to (549664360, 0, 0, 0)
[WARNING] IO pin tcdm_slave_northeast_req_i[32]: no layer specified
[WARNING] IO pin: no position specified, set to (549664728, 0, 0, 0)
[WARNING] IO pin tcdm_slave_northeast_req_i[33]: no layer specified
[WARNING] IO pin: no position specified, set to (549665096, 0, 0, 0)
[WARNING] IO pin tcdm_slave_northeast_req_i[34]: no layer specified
[WARNING] IO pin: no position specified, set to (549665464, 0, 0, 0)
[WARNING] IO pin tcdm_slave_northeast_req_i[35]: no layer specified
[WARNING] IO pin: no position specified, set to (549665832, 0, 0, 0)
[WARNING] IO pin tcdm_slave_northeast_req_i[36]: no layer specified
[WARNING] IO pin: no position specified, set to (549666200, 0, 0, 0)
[WARNING] IO pin tcdm_slave_northeast_req_i[37]: no layer specified
[WARNING] IO pin: no position specified, set to (549666568, 0, 0, 0)
[WARNING] IO pin tcdm_slave_northeast_req_i[38]: no layer specified
[WARNING] IO pin: no position specified, set to (549666936, 0, 0, 0)
[WARNING] IO pin tcdm_slave_northeast_req_i[39]: no layer specified
[WARNING] IO pin: no position specified, set to (549667304, 0, 0, 0)
[WARNING] IO pin tcdm_slave_northeast_req_i[3]: no layer specified
[WARNING] IO pin: no position specified, set to (549667672, 0, 0, 0)
[WARNING] IO pin tcdm_slave_northeast_req_i[40]: no layer specified
[WARNING] IO pin: no position specified, set to (549668040, 0, 0, 0)
[WARNING] IO pin tcdm_slave_northeast_req_i[41]: no layer specified
[WARNING] IO pin: no position specified, set to (549668408, 0, 0, 0)
[WARNING] IO pin tcdm_slave_northeast_req_i[42]: no layer specified
[WARNING] IO pin: no position specified, set to (549668776, 0, 0, 0)
[WARNING] IO pin tcdm_slave_northeast_req_i[43]: no layer specified
[WARNING] IO pin: no position specified, set to (549669144, 0, 0, 0)
[WARNING] IO pin tcdm_slave_northeast_req_i[44]: no layer specified
[WARNING] IO pin: no position specified, set to (549669512, 0, 0, 0)
[WARNING] IO pin tcdm_slave_northeast_req_i[45]: no layer specified
[WARNING] IO pin: no position specified, set to (549669880, 0, 0, 0)
[WARNING] IO pin tcdm_slave_northeast_req_i[46]: no layer specified
[WARNING] IO pin: no position specified, set to (549670248, 0, 0, 0)
[WARNING] IO pin tcdm_slave_northeast_req_i[47]: no layer specified
[WARNING] IO pin: no position specified, set to (549670616, 0, 0, 0)
[WARNING] IO pin tcdm_slave_northeast_req_i[48]: no layer specified
[WARNING] IO pin: no position specified, set to (549670984, 0, 0, 0)
[WARNING] IO pin tcdm_slave_northeast_req_i[49]: no layer specified
[WARNING] IO pin: no position specified, set to (549671352, 0, 0, 0)
[WARNING] IO pin tcdm_slave_northeast_req_i[4]: no layer specified
[WARNING] IO pin: no position specified, set to (549671720, 0, 0, 0)
[WARNING] IO pin tcdm_slave_northeast_req_i[50]: no layer specified
[WARNING] IO pin: no position specified, set to (549672088, 0, 0, 0)
[WARNING] IO pin tcdm_slave_northeast_req_i[51]: no layer specified
[WARNING] IO pin: no position specified, set to (549672456, 0, 0, 0)
[WARNING] IO pin tcdm_slave_northeast_req_i[52]: no layer specified
[WARNING] IO pin: no position specified, set to (549672824, 0, 0, 0)
[WARNING] IO pin tcdm_slave_northeast_req_i[53]: no layer specified
[WARNING] IO pin: no position specified, set to (549673192, 0, 0, 0)
[WARNING] IO pin tcdm_slave_northeast_req_i[54]: no layer specified
[WARNING] IO pin: no position specified, set to (549673560, 0, 0, 0)
[WARNING] IO pin tcdm_slave_northeast_req_i[55]: no layer specified
[WARNING] IO pin: no position specified, set to (549673928, 0, 0, 0)
[WARNING] IO pin tcdm_slave_northeast_req_i[56]: no layer specified
[WARNING] IO pin: no position specified, set to (549674296, 0, 0, 0)
[WARNING] IO pin tcdm_slave_northeast_req_i[57]: no layer specified
[WARNING] IO pin: no position specified, set to (549674664, 0, 0, 0)
[WARNING] IO pin tcdm_slave_northeast_req_i[58]: no layer specified
[WARNING] IO pin: no position specified, set to (549675032, 0, 0, 0)
[WARNING] IO pin tcdm_slave_northeast_req_i[5]: no layer specified
[WARNING] IO pin: no position specified, set to (549675400, 0, 0, 0)
[WARNING] IO pin tcdm_slave_northeast_req_i[6]: no layer specified
[WARNING] IO pin: no position specified, set to (549675768, 0, 0, 0)
[WARNING] IO pin tcdm_slave_northeast_req_i[7]: no layer specified
[WARNING] IO pin: no position specified, set to (549676136, 0, 0, 0)
[WARNING] IO pin tcdm_slave_northeast_req_i[8]: no layer specified
[WARNING] IO pin: no position specified, set to (549676504, 0, 0, 0)
[WARNING] IO pin tcdm_slave_northeast_req_i[9]: no layer specified
[WARNING] IO pin: no position specified, set to (549676872, 0, 0, 0)
[WARNING] IO pin tcdm_slave_northeast_req_ready_o: no layer specified
[WARNING] IO pin: no position specified, set to (549677608, 0, 0, 0)
[WARNING] IO pin tcdm_slave_northeast_req_valid_i: no layer specified
[WARNING] IO pin: no position specified, set to (549677688, 0, 0, 0)
[WARNING] IO pin tcdm_slave_northeast_resp_o[0]: no layer specified
[WARNING] IO pin: no position specified, set to (549678392, 0, 0, 0)
[WARNING] IO pin tcdm_slave_northeast_resp_o[10]: no layer specified
[WARNING] IO pin: no position specified, set to (549678456, 0, 0, 0)
[WARNING] IO pin tcdm_slave_northeast_resp_o[11]: no layer specified
[WARNING] IO pin: no position specified, set to (549678744, 0, 0, 0)
[WARNING] IO pin tcdm_slave_northeast_resp_o[12]: no layer specified
[WARNING] IO pin: no position specified, set to (549679112, 0, 0, 0)
[WARNING] IO pin tcdm_slave_northeast_resp_o[13]: no layer specified
[WARNING] IO pin: no position specified, set to (549679480, 0, 0, 0)
[WARNING] IO pin tcdm_slave_northeast_resp_o[14]: no layer specified
[WARNING] IO pin: no position specified, set to (549679848, 0, 0, 0)
[WARNING] IO pin tcdm_slave_northeast_resp_o[15]: no layer specified
[WARNING] IO pin: no position specified, set to (549680216, 0, 0, 0)
[WARNING] IO pin tcdm_slave_northeast_resp_o[16]: no layer specified
[WARNING] IO pin: no position specified, set to (549680584, 0, 0, 0)
[WARNING] IO pin tcdm_slave_northeast_resp_o[17]: no layer specified
[WARNING] IO pin: no position specified, set to (549680952, 0, 0, 0)
[WARNING] IO pin tcdm_slave_northeast_resp_o[18]: no layer specified
[WARNING] IO pin: no position specified, set to (549681320, 0, 0, 0)
[WARNING] IO pin tcdm_slave_northeast_resp_o[19]: no layer specified
[WARNING] IO pin: no position specified, set to (549681688, 0, 0, 0)
[WARNING] IO pin tcdm_slave_northeast_resp_o[1]: no layer specified
[WARNING] IO pin: no position specified, set to (549682056, 0, 0, 0)
[WARNING] IO pin tcdm_slave_northeast_resp_o[20]: no layer specified
[WARNING] IO pin: no position specified, set to (549682424, 0, 0, 0)
[WARNING] IO pin tcdm_slave_northeast_resp_o[21]: no layer specified
[WARNING] IO pin: no position specified, set to (549682792, 0, 0, 0)
[WARNING] IO pin tcdm_slave_northeast_resp_o[22]: no layer specified
[WARNING] IO pin: no position specified, set to (549683160, 0, 0, 0)
[WARNING] IO pin tcdm_slave_northeast_resp_o[23]: no layer specified
[WARNING] IO pin: no position specified, set to (549683528, 0, 0, 0)
[WARNING] IO pin tcdm_slave_northeast_resp_o[24]: no layer specified
[WARNING] IO pin: no position specified, set to (549683896, 0, 0, 0)
[WARNING] IO pin tcdm_slave_northeast_resp_o[25]: no layer specified
[WARNING] IO pin: no position specified, set to (549684264, 0, 0, 0)
[WARNING] IO pin tcdm_slave_northeast_resp_o[26]: no layer specified
[WARNING] IO pin: no position specified, set to (549684632, 0, 0, 0)
[WARNING] IO pin tcdm_slave_northeast_resp_o[27]: no layer specified
[WARNING] IO pin: no position specified, set to (549685000, 0, 0, 0)
[WARNING] IO pin tcdm_slave_northeast_resp_o[28]: no layer specified
[WARNING] IO pin: no position specified, set to (549685368, 0, 0, 0)
[WARNING] IO pin tcdm_slave_northeast_resp_o[29]: no layer specified
[WARNING] IO pin: no position specified, set to (549685736, 0, 0, 0)
[WARNING] IO pin tcdm_slave_northeast_resp_o[2]: no layer specified
[WARNING] IO pin: no position specified, set to (549686104, 0, 0, 0)
[WARNING] IO pin tcdm_slave_northeast_resp_o[30]: no layer specified
[WARNING] IO pin: no position specified, set to (549686472, 0, 0, 0)
[WARNING] IO pin tcdm_slave_northeast_resp_o[31]: no layer specified
[WARNING] IO pin: no position specified, set to (549686840, 0, 0, 0)
[WARNING] IO pin tcdm_slave_northeast_resp_o[32]: no layer specified
[WARNING] IO pin: no position specified, set to (549687208, 0, 0, 0)
[WARNING] IO pin tcdm_slave_northeast_resp_o[33]: no layer specified
[WARNING] IO pin: no position specified, set to (549687576, 0, 0, 0)
[WARNING] IO pin tcdm_slave_northeast_resp_o[34]: no layer specified
[WARNING] IO pin: no position specified, set to (549687944, 0, 0, 0)
[WARNING] IO pin tcdm_slave_northeast_resp_o[35]: no layer specified
[WARNING] IO pin: no position specified, set to (549688312, 0, 0, 0)
[WARNING] IO pin tcdm_slave_northeast_resp_o[36]: no layer specified
[WARNING] IO pin: no position specified, set to (549688680, 0, 0, 0)
[WARNING] IO pin tcdm_slave_northeast_resp_o[37]: no layer specified
[WARNING] IO pin: no position specified, set to (549689048, 0, 0, 0)
[WARNING] IO pin tcdm_slave_northeast_resp_o[38]: no layer specified
[WARNING] IO pin: no position specified, set to (549689416, 0, 0, 0)
[WARNING] IO pin tcdm_slave_northeast_resp_o[39]: no layer specified
[WARNING] IO pin: no position specified, set to (549689784, 0, 0, 0)
[WARNING] IO pin tcdm_slave_northeast_resp_o[3]: no layer specified
[WARNING] IO pin: no position specified, set to (549690152, 0, 0, 0)
[WARNING] IO pin tcdm_slave_northeast_resp_o[40]: no layer specified
[WARNING] IO pin: no position specified, set to (549690520, 0, 0, 0)
[WARNING] IO pin tcdm_slave_northeast_resp_o[4]: no layer specified
[WARNING] IO pin: no position specified, set to (549690888, 0, 0, 0)
[WARNING] IO pin tcdm_slave_northeast_resp_o[5]: no layer specified
[WARNING] IO pin: no position specified, set to (549691256, 0, 0, 0)
[WARNING] IO pin tcdm_slave_northeast_resp_o[6]: no layer specified
[WARNING] IO pin: no position specified, set to (549691624, 0, 0, 0)
[WARNING] IO pin tcdm_slave_northeast_resp_o[7]: no layer specified
[WARNING] IO pin: no position specified, set to (549691992, 0, 0, 0)
[WARNING] IO pin tcdm_slave_northeast_resp_o[8]: no layer specified
[WARNING] IO pin: no position specified, set to (549692360, 0, 0, 0)
[WARNING] IO pin tcdm_slave_northeast_resp_o[9]: no layer specified
[WARNING] IO pin: no position specified, set to (549692728, 0, 0, 0)
[WARNING] IO pin tcdm_slave_northeast_resp_ready_i: no layer specified
[WARNING] IO pin: no position specified, set to (549693464, 0, 0, 0)
[WARNING] IO pin tcdm_slave_northeast_resp_valid_o: no layer specified
[WARNING] IO pin: no position specified, set to (549693544, 0, 0, 0)
[WARNING] IO pin testmode_i: no layer specified
[WARNING] IO pin: no position specified, set to (510791464, 0, 0, 0)
[WARNING] IO pin wake_up_i[0]: no layer specified
[WARNING] IO pin: no position specified, set to (549693816, 0, 0, 0)
[WARNING] IO pin wake_up_i[1]: no layer specified
[WARNING] IO pin: no position specified, set to (549694152, 0, 0, 0)
[WARNING] IO pin wake_up_i[2]: no layer specified
[WARNING] IO pin: no position specified, set to (549694424, 0, 0, 0)
[WARNING] IO pin wake_up_i[3]: no layer specified
[WARNING] IO pin: no position specified, set to (549694776, 0, 0, 0)
[WARNING] duplicate region fence_region_0 found
[WARNING] duplicate region fence_region_1 found
[WARNING] duplicate region fence_region_2 found
[WARNING] duplicate region fence_region_3 found
[WARNING] duplicate region fence_region_4 found
[WARNING] duplicate region fence_region_5 found
[WARNING] duplicate region fence_region_6 found
[WARNING] duplicate region fence_region_7 found
[WARNING] duplicate region fence_region_8 found
[WARNING] duplicate region fence_region_9 found
[WARNING] duplicate region fence_region_10 found
[WARNING] duplicate region fence_region_11 found
[WARNING] duplicate region fence_region_12 found
[WARNING] duplicate region fence_region_13 found
[WARNING] duplicate region fence_region_14 found
[WARNING] duplicate region fence_region_15 found
[WARNING] duplicate region fence_region_16 found
[WARNING] duplicate region fence_region_17 found
[WARNING] duplicate region fence_region_18 found
[WARNING] duplicate region fence_region_19 found
[WARNING] duplicate region fence_region_20 found
[WARNING] duplicate region fence_region_21 found
[WARNING] duplicate region fence_region_22 found
[WARNING] duplicate region fence_region_23 found
[WARNING] duplicate region fence_region_24 found
[WARNING] duplicate region fence_region_25 found
[WARNING] duplicate region fence_region_26 found
[WARNING] duplicate region fence_region_27 found
[WARNING] duplicate region fence_region_28 found
[WARNING] duplicate region fence_region_29 found
[WARNING] duplicate region fence_region_30 found
[WARNING] duplicate region fence_region_31 found
[WARNING] duplicate region fence_region_32 found
[WARNING] duplicate region fence_region_33 found
[WARNING] duplicate region fence_region_34 found
[WARNING] duplicate region fence_region_35 found
[WARNING] duplicate region fence_region_36 found
[WARNING] duplicate region fence_region_37 found
[WARNING] no Bookshelf file specified
[WARNING] no additional Bookshelf .pl file specified
[WARNING] 0 nets with 0 pins from same nodes
[WARNING] 12894 nets should be ignored due to not enough pins
[INFO   ] sort nodes in the order of movable and fixed
[INFO   ] Group cells for fence regions
[INFO   ] Construct 38 groups
[INFO   ] Group fence_region_0 (0), region fence_region_0 (0), 1 boxes, contains 2270 nodes
[INFO   ] Group fence_region_1 (1), region fence_region_1 (1), 1 boxes, contains 1399 nodes
[INFO   ] Group fence_region_2 (2), region fence_region_2 (2), 1 boxes, contains 1399 nodes
[INFO   ] Group fence_region_3 (3), region fence_region_3 (3), 1 boxes, contains 1399 nodes
[INFO   ] Group fence_region_4 (4), region fence_region_4 (4), 1 boxes, contains 1399 nodes
[INFO   ] Group fence_region_5 (5), region fence_region_5 (5), 1 boxes, contains 1399 nodes
[INFO   ] Group fence_region_6 (6), region fence_region_6 (6), 1 boxes, contains 1399 nodes
[INFO   ] Group fence_region_7 (7), region fence_region_7 (7), 1 boxes, contains 1399 nodes
[INFO   ] Group fence_region_8 (8), region fence_region_8 (8), 1 boxes, contains 1399 nodes
[INFO   ] Group fence_region_9 (9), region fence_region_9 (9), 1 boxes, contains 1399 nodes
[INFO   ] Group fence_region_10 (10), region fence_region_10 (10), 1 boxes, contains 1399 nodes
[INFO   ] Group fence_region_11 (11), region fence_region_11 (11), 1 boxes, contains 1399 nodes
[INFO   ] Group fence_region_12 (12), region fence_region_12 (12), 1 boxes, contains 1399 nodes
[INFO   ] Group fence_region_13 (13), region fence_region_13 (13), 1 boxes, contains 1399 nodes
[INFO   ] Group fence_region_14 (14), region fence_region_14 (14), 1 boxes, contains 1399 nodes
[INFO   ] Group fence_region_15 (15), region fence_region_15 (15), 1 boxes, contains 1399 nodes
[INFO   ] Group fence_region_16 (16), region fence_region_16 (16), 1 boxes, contains 1272 nodes
[INFO   ] Group fence_region_17 (17), region fence_region_17 (17), 1 boxes, contains 39568 nodes
[INFO   ] Group fence_region_18 (18), region fence_region_18 (18), 1 boxes, contains 17662 nodes
[INFO   ] Group fence_region_19 (19), region fence_region_19 (19), 1 boxes, contains 17787 nodes
[INFO   ] Group fence_region_20 (20), region fence_region_20 (20), 1 boxes, contains 17744 nodes
[INFO   ] Group fence_region_21 (21), region fence_region_21 (21), 1 boxes, contains 17663 nodes
[INFO   ] Group fence_region_22 (22), region fence_region_22 (22), 1 boxes, contains 304 nodes
[INFO   ] Group fence_region_23 (23), region fence_region_23 (23), 1 boxes, contains 206 nodes
[INFO   ] Group fence_region_24 (24), region fence_region_24 (24), 1 boxes, contains 213 nodes
[INFO   ] Group fence_region_25 (25), region fence_region_25 (25), 1 boxes, contains 324 nodes
[INFO   ] Group fence_region_26 (26), region fence_region_26 (26), 1 boxes, contains 453 nodes
[INFO   ] Gro[INFO   ] DREAMPlace - set shift_factor = (20140, 25200), as original row bbox = (20140, 25200, 2.17968e+06, 2.1784e+06)
[INFO   ] DREAMPlace - set scale_factor = 0.00263158, as site_width = 380
[INFO   ] DREAMPlace - shift coordinate system by (20140, 25200), scale coordinate system by 0.00263158
[INFO   ] DREAMPlace - Region: 0 movable_node_area =  201253.7, placeable_area =  402511.4, utilization =0.500, filler_node_area =    4025.1, #fillers =      45, filler sizes =12.12x7.36842

[INFO   ] DREAMPlace - Region: 1 movable_node_area =   64768.4, placeable_area =  940961.4, utilization =0.069, filler_node_area =  311616.1, #fillers =    6745, filler sizes =6.27x7.36842

[INFO   ] DREAMPlace - Region: 2 movable_node_area =   64768.4, placeable_area =  129535.6, utilization =0.500, filler_node_area =    1295.4, #fillers =      28, filler sizes =6.27x7.36842

[INFO   ] DREAMPlace - Region: 3 movable_node_area =   64768.4, placeable_area =  493191.4, utilization =0.131, filler_node_area =  132508.2, #fillers =    2868, filler sizes =6.27x7.36842

[INFO   ] DREAMPlace - Region: 4 movable_node_area =   64768.4, placeable_area =  129535.3, utilization =0.500, filler_node_area =    1295.4, #fillers =      28, filler sizes =6.27x7.36842

[INFO   ] DREAMPlace - Region: 5 movable_node_area =   64768.4, placeable_area =  557262.0, utilization =0.116, filler_node_area =  158136.4, #fillers =    3423, filler sizes =6.27x7.36842

[INFO   ] DREAMPlace - Region: 6 movable_node_area =   64768.4, placeable_area =  129535.4, utilization =0.500, filler_node_area =    1295.4, #fillers =      28, filler sizes =6.27x7.36842

[INFO   ] DREAMPlace - Region: 7 movable_node_area =   64768.4, placeable_area =  135753.3, utilization =0.477, filler_node_area =    1357.5, #fillers =      29, filler sizes =6.27x7.36842

[INFO   ] DREAMPlace - Region: 8 movable_node_area =   64768.4, placeable_area =  622828.3, utilization =0.104, filler_node_area =  184362.9, #fillers =    3991, filler sizes =6.27x7.36842

[INFO   ] DREAMPlace - Region: 9 movable_node_area =   64768.4, placeable_area =  129535.9, utilization =0.500, filler_node_area =    1295.4, #fillers =      28, filler sizes =6.27x7.36842

[INFO   ] DREAMPlace - Region:10 movable_node_area =   64768.4, placeable_area =  129535.9, utilization =0.500, filler_node_area =    1295.4, #fillers =      28, filler sizes =6.27x7.36842

[INFO   ] DREAMPlace - Region:11 movable_node_area =   64768.4, placeable_area =  131509.8, utilization =0.492, filler_node_area =    1315.1, #fillers =      28, filler sizes =6.27x7.36842

[INFO   ] DREAMPlace - Region:12 movable_node_area =   64768.4, placeable_area =  139627.9, utilization =0.464, filler_node_area =    1396.3, #fillers =      30, filler sizes =6.27x7.36842

[INFO   ] DREAMPlace - Region:13 movable_node_area =   64768.4, placeable_area =  129535.6, utilization =0.500, filler_node_area =    1295.4, #fillers =      28, filler sizes =6.27x7.36842

[INFO   ] DREAMPlace - Region:14 movable_node_area =   64768.4, placeable_area =  249991.1, utilization =0.259, filler_node_area =   35228.0, #fillers =     763, filler sizes =6.27x7.36842

[INFO   ] DREAMPlace - Region:15 movable_node_area =   64768.4, placeable_area =  129534.6, utilization =0.500, filler_node_area =    1295.3, #fillers =      28, filler sizes =6.27x7.36842

[INFO   ] DREAMPlace - Region:16 movable_node_area =   60369.5, placeable_area =  120737.8, utilization =0.500, filler_node_area =    1207.4, #fillers =      25, filler sizes =6.441x7.36842

[INFO   ] DREAMPlace - Region:17 movable_node_area = 1924278.1, placeable_area = 3848551.2, utilization =0.500, filler_node_area =   38485.5, #fillers =     797, filler sizes =6.557x7.36842

[INFO   ] DREAMPlace - Region:18 movable_node_area =  893251.7, placeable_area = 2062327.9, utilization =0.433, filler_node_area =   20623.2, #fillers =     441, filler sizes =6.352x7.36842

[INFO   ] DREAMPlace - Region:19 movable_node_area =  897112.8, placeable_area = 2162660.8, utilization =0.415, filler_node_area =   21626.6, #fillers =     464, filler sizes =6.33x7.36842

[INFO   ] DREAMPlace - Region:20 movable_node_area =  897495.9, placeable_area = 4806376.0, utilization =0.187, filler_node_area = 1025054.5, #fillers =   21929, filler sizes =6.344x7.36842

[INFO   ] DREAMPlace - Region:21 movable_node_area =  889972.8, placeable_area = 3704375.8, utilization =0.240, filler_node_area =  591777.6, #fillers =   12700, filler sizes =6.324x7.36842

[INFO   ] DREAMPlace - Region:22 movable_node_area =   26025.3, placeable_area =   52049.9, utilization =0.500, filler_node_area =     520.5, #fillers =       6, filler sizes =11.81x7.36842

[INFO   ] DREAMPlace - Region:23 movable_node_area =   15628.4, placeable_area =   31255.9, utilization =0.500, filler_node_area =     312.6, #fillers =       4, filler sizes =10.59x7.36842

[INFO   ] DREAMPlace - Region:24 movable_node_area =   18163.2, placeable_area =   41113.3, utilization =0.442, filler_node_area =     411.1, #fillers =       5, filler sizes =11.85x7.36842

[INFO   ] DREAMPlace - Region:25 movable_node_area =   27823.2, placeable_area =   55645.4, utilization =0.500, filler_node_area =     556.5, #fillers =       6, filler sizes =12.11x7.36842

[INFO   ] DREAMPlace - Region:26 movable_node_area =   32118.9, placeable_area =  152363.4, utilization =0.211, filler_node_area =   28826.4, #fillers =     391, filler sizes =9.993x7.36842

[INFO   ] DREAMPlace - Region:27 movable_node_area =   46885.3, placeable_area =  297375.1, utilization =0.158, filler_node_area =   72064.8, #fillers =     924, filler sizes =10.59x7.36842

[INFO   ] DREAMPlace - Region:28 movable_node_area =   19961.1, placeable_area =  222208.4, utilization =0.090, filler_node_area =   68922.3, #fillers =     788, filler sizes =11.88x7.36842

[INFO   ] DREAMPlace - Region:29 movable_node_area =   27823.2, placeable_area =   55645.5, utilization =0.500, filler_node_area =     556.5, #fillers =       6, filler sizes =12.11x7.36842

[INFO   ] DREAMPlace - Region:30 movable_node_area =   19961.1, placeable_area =  163620.5, utilization =0.122, filler_node_area =   45487.1, #fillers =     520, filler sizes =11.88x7.36842

[INFO   ] DREAMPlace - Region:31 movable_node_area =   27823.2, placeable_area =   82665.7, utilization =0.337, filler_node_area =    5243.1, #fillers =      59, filler sizes =12.11x7.36842

[INFO   ] DREAMPlace - Region:32 movable_node_area =   19961.1, placeable_area =  784278.4, utilization =0.025, filler_node_area =  293750.3, #fillers =    3357, filler sizes =11.88x7.36842

[INFO   ] DREAMPlace - Region:33 movable_node_area =  509541.2, placeable_area = 1019079.6, utilization =0.500, filler_node_area =   10190.8, #fillers =     225, filler sizes =6.147x7.36842

[INFO   ] DREAMPlace - Region:34 movable_node_area =  380888.5, placeable_area =  761775.1, utilization =0.500, filler_node_area =    7617.8, #fillers =     231, filler sizes =4.484x7.36842

[INFO   ] DREAMPlace - Region:35 movable_node_area =   75423.2, placeable_area =  150845.6, utilization =0.500, filler_node_area =    1508.5, #fillers =      44, filler sizes =4.642x7.36842

[INFO   ] DREAMPlace - Region:36 movable_node_area =   44122.1, placeable_area =  200208.7, utilization =0.220, filler_node_area =   35961.4, #fillers =     843, filler sizes =5.789x7.36842

[INFO   ] DREAMPlace - Region:37 movable_node_area =   36245.3, placeable_area =   72489.7, utilization =0.500, filler_node_area =     724.9, #fillers =      30, filler sizes =3.233x7.36842

[INFO   ] DREAMPlace - Region:38 movable_node_area =   15576.8, placeable_area = 2165074.0, utilization =0.007, filler_node_area =  850452.8, #fillers =   20529, filler sizes =5.622x7.36842

[INFO   ] DREAMPlace - 
================================= Benchmark Statistics =================================
#nodes = 171858, #terminals = 6409, # terminal_NIs = 1275, #movable = 164174, #nets = 186888
die area = (0, 0, 5683, 5666.32) 3.22017e+07
row height = 7.36842, site width = 1
#pins = 586127, #movable_pins = 583106
total_movable_node_area = 8.07923e+06, total_fixed_node_area = 7.41002e+06, total_space_area = 2.75931e+07
total_movable_cell_area = 8.07923e+06, total_movable_macro_area = 0
utilization = 0.292799, cell utilization = 0.292799, target_density = 0.4
Region:  0 filler_node_area =    4017.47, #fillers =       45, filler sizes = 12.12x7.36842
Region:  1 filler_node_area =  311602.66, #fillers =     6745, filler sizes = 6.27x7.36842
Region:  2 filler_node_area =    1293.53, #fillers =       28, filler sizes = 6.27x7.36842
Region:  3 filler_node_area =  132494.64, #fillers =     2868, filler sizes = 6.27x7.36842
Region:  4 filler_node_area =    1293.53, #fillers =       28, filler sizes = 6.27x7.36842
Region:  5 filler_node_area =  158134.30, #fillers =     3423, filler sizes = 6.27x7.36842
Region:  6 filler_node_area =    1293.53, #fillers =       28, filler sizes = 6.27x7.36842
Region:  7 filler_node_area =    1339.73, #fillers =       29, filler sizes = 6.27x7.36842
Region:  8 filler_node_area =  184374.52, #fillers =     3991, filler sizes = 6.27x7.36842
Region:  9 filler_node_area =    1293.53, #fillers =       28, filler sizes = 6.27x7.36842
Region: 10 filler_node_area =    1293.53, #fillers =       28, filler sizes = 6.27x7.36842
Region: 11 filler_node_area =    1293.53, #fillers =       28, filler sizes = 6.27x7.36842
Region: 12 filler_node_area =    1385.93, #fillers =       30, filler sizes = 6.27x7.36842
Region: 13 filler_node_area =    1293.53, #fillers =       28, filler sizes = 6.27x7.36842
Region: 14 filler_node_area =   35248.75, #fillers =      763, filler sizes = 6.27x7.36842
Region: 15 filler_node_area =    1293.53, #fillers =       28, filler sizes = 6.27x7.36842
Region: 16 filler_node_area =    1186.51, #fillers =       25, filler sizes = 6.441x7.36842
Region: 17 filler_node_area =   38504.67, #fillers =      797, filler sizes = 6.557x7.36842
Region: 18 filler_node_area =   20640.14, #fillers =      441, filler sizes = 6.352x7.36842
Region: 19 filler_node_area =   21642.22, #fillers =      464, filler sizes = 6.33x7.36842
Region: 20 filler_node_area = 1025035.00, #fillers =    21929, filler sizes = 6.344x7.36842
Region: 21 filler_node_area =  591760.25, #fillers =    12700, filler sizes = 6.324x7.36842
Region: 22 filler_node_area =     522.07, #fillers =        6, filler sizes = 11.81x7.36842
Region: 23 filler_node_area =     312.07, #fillers =        4, filler sizes = 10.59x7.36842
Region: 24 filler_node_area =     436.41, #fillers =        5, filler sizes = 11.85x7.36842
Region: 25 filler_node_area =     535.57, #fillers =        6, filler sizes = 12.11x7.36842
Region: 26 filler_node_area =   28790.52, #fillers =      391, filler sizes = 9.993x7.36842
Region: 27 filler_node_area =   72087.15, #fillers =      924, filler sizes = 10.59x7.36842
Region: 28 filler_node_area =   68959.59, #fillers =      788, filler sizes = 11.88x7.36842
Region: 29 filler_node_area =     535.57, #fillers =        6, filler sizes = 12.11x7.36842
Region: 30 filler_node_area =   45506.33, #fillers =      520, filler sizes = 11.88x7.36842
Region: 31 filler_node_area =    5266.40, #fillers =       59, filler sizes = 12.11x7.36842
Region: 32 filler_node_area =  293778.34, #fillers =     3357, filler sizes = 11.88x7.36842
Region: 33 filler_node_area =   10190.80, #fillers =      225, filler sizes = 6.147x7.36842
Region: 34 filler_node_area =    7631.59, #fillers =      231, filler sizes = 4.484x7.36842
Region: 35 filler_node_area =    1505.02, #fillers =       44, filler sizes = 4.642x7.36842
Region: 36 filler_node_area =   35957.55, #fillers =      843, filler sizes = 5.789x7.36842
Region: 37 filler_node_area =     714.60, #fillers =       30, filler sizes = 3.233x7.36842
Region: 38 filler_node_area =  850470.69, #fillers =    20529, filler sizes = 5.622x7.36842
total_filler_node_area = 3960915.00, #fillers =    82442, average filler sizes = 6.52x7.36842
num_bins = 256x256, bin sizes = 3.01275x3.00391
================================== routing information =================================
routing grids (256, 256)
routing grid sizes (22.1992, 22.134)
routing capacity H/V (34.5844, 32.1889) per tile
========================================================================================
[INFO   ] DREAMPlace - reading benchmark takes 110.484 seconds
[INFO   ] DREAMPlace - reading database takes 110.48 seconds
[INFO   ] DREAMPlace - move cells to the center of layout with random noise
[INFO   ] DREAMPlace - unit_pin_capacity = 0.036999
[INFO   ] DREAMPlace - non-linear placement initialization takes 0.21 seconds
[INFO   ] DREAMPlace - Global placement: 256x256 bins by default
[INFO   ] DREAMPlace - 256x256 bins #bins 256x256, bin sizes 3.01275x3.00391, max_num_bins = 5, padding = 0
[INFO   ] dreamplace.ops.electric_potential.electric_potential - regard 0 cells as movable macros in global placement
[INFO   ] DREAMPlace - 256x256 bins #bins 256x256, bin sizes 3.01275x3.00391, max_num_bins = 5, padding = 0
[INFO   ] dreamplace.ops.electric_potential.electric_potential - regard 0 cells as movable macros in global placement
[INFO   ] DREAMPlace - 256x256 bins #bins 256x256, bin sizes 3.01275x3.00391, max_num_bins = 5, padding = 0
[INFO   ] dreamplace.ops.electric_potential.electric_potential - regard 0 cells as movable macros in global placement
[INFO   ] DREAMPlace - 256x256 bins #bins 256x256, bin sizes 3.01275x3.00391, max_num_bins = 5, padding = 0
[INFO   ] dreamplace.ops.electric_potential.electric_potential - regard 0 cells as movable macros in global placement
[INFO   ] DREAMPlace - 256x256 bins #bins 256x256, bin sizes 3.01275x3.00391, max_num_bins = 5, padding = 0
[INFO   ] dreamplace.ops.electric_potential.electric_potential - regard 0 cells as movable macros in global placement
[INFO   ] DREAMPlace - 256x256 bins #bins 256x256, bin sizes 3.01275x3.00391, max_num_bins = 5, padding = 0
[INFO   ] dreamplace.ops.electric_potential.electric_potential - regard 0 cells as movable macros in global placement
[INFO   ] DREAMPlace - 256x256 bins #bins 256x256, bin sizes 3.01275x3.00391, max_num_bins = 5, padding = 0
[INFO   ] dreamplace.ops.electric_potential.electric_potential - regard 0 cells as movable macros in global placement
[INFO   ] DREAMPlace - 256x256 bins #bins 256x256, bin sizes 3.01275x3.00391, max_num_bins = 5, padding = 0
[INFO   ] dreamplace.ops.electric_potential.electric_potential - regard 0 cells as movable macros in global placement
[INFO   ] DREAMPlace - 256x256 bins #bins 256x256, bin sizes 3.01275x3.00391, max_num_bins = 5, padding = 0
[INFO   ] dreamplace.ops.electric_potential.electric_potential - regard 0 cells as movable macros in global placement
[INFO   ] DREAMPlace - 256x256 bins #bins 256x256, bin sizes 3.01275x3.00391, max_num_bins = 5, padding = 0
[INFO   ] dreamplace.ops.electric_potential.electric_potential - regard 0 cells as movable macros in global placement
[INFO   ] DREAMPlace - 256x256 bins #bins 256x256, bin sizes 3.01275x3.00391, max_num_bins = 5, padding = 0
[INFO   ] dreamplace.ops.electric_potential.electric_potential - regard 0 cells as movable macros in global placement
[INFO   ] DREAMPlace - 256x256 bins #bins 256x256, bin sizes 3.01275x3.00391, max_num_bins = 5, padding = 0
[INFO   ] dreamplace.ops.electric_potential.electric_potential - regard 0 cells as movable macros in global placement
[INFO   ] DREAMPlace - 256x256 bins #bins 256x256, bin sizes 3.01275x3.00391, max_num_bins = 5, padding = 0
[INFO   ] dreamplace.ops.electric_potential.electric_potential - regard 0 cells as movable macros in global placement
[INFO   ] DREAMPlace - 256x256 bins #bins 256x256, bin sizes 3.01275x3.00391, max_num_bins = 5, padding = 0
[INFO   ] dreamplace.ops.electric_potential.electric_potential - regard 0 cells as movable macros in global placement
[INFO   ] DREAMPlace - 256x256 bins #bins 256x256, bin sizes 3.01275x3.00391, max_num_bins = 5, padding = 0
[INFO   ] dreamplace.ops.electric_potential.electric_potential - regard 0 cells as movable macros in global placement
[INFO   ] DREAMPlace - 256x256 bins #bins 256x256, bin sizes 3.01275x3.00391, max_num_bins = 5, padding = 0
[INFO   ] dreamplace.ops.electric_potential.electric_potential - regard 0 cells as movable macros in global placement
[INFO   ] DREAMPlace - 256x256 bins #bins 256x256, bin sizes 3.01275x3.00391, max_num_bins = 5, padding = 0
[INFO   ] dreamplace.ops.electric_potential.electric_potential - regard 0 cells as movable macros in global placement
[INFO   ] DREAMPlace - 256x256 bins #bins 256x256, bin sizes 3.01275x3.00391, max_num_bins = 5, padding = 0
[INFO   ] dreamplace.ops.electric_potential.electric_potential - regard 0 cells as movable macros in global placement
[INFO   ] DREAMPlace - 256x256 bins #bins 256x256, bin sizes 3.01275x3.00391, max_num_bins = 5, padding = 0
[INFO   ] dreamplace.ops.electric_potential.electric_potential - regard 0 cells as movable macros in global placement
[INFO   ] DREAMPlace - 256x256 bins #bins 256x256, bin sizes 3.01275x3.00391, max_num_bins = 5, padding = 0
[INFO   ] dreamplace.ops.electric_potential.electric_potential - regard 0 cells as movable macros in global placement
[INFO   ] DREAMPlace - 256x256 bins #bins 256x256, bin sizes 3.01275x3.00391, max_num_bins = 5, padding = 0
[INFO   ] dreamplace.ops.electric_potential.electric_potential - regard 0 cells as movable macros in global placement
[INFO   ] DREAMPlace - 256x256 bins #bins 256x256, bin sizes 3.01275x3.00391, max_num_bins = 5, padding = 0
[INFO   ] dreamplace.ops.electric_potential.electric_potential - regard 0 cells as movable macros in global placement
[INFO   ] DREAMPlace - 256x256 bins #bins 256x256, bin sizes 3.01275x3.00391, max_num_bins = 5, padding = 0
[INFO   ] dreamplace.ops.electric_potential.electric_potential - regard 0 cells as movable macros in global placement
[INFO   ] DREAMPlace - 256x256 bins #bins 256x256, bin sizes 3.01275x3.00391, max_num_bins = 5, padding = 0
[INFO   ] dreamplace.ops.electric_potential.electric_potential - regard 0 cells as movable macros in global placement
[INFO   ] DREAMPlace - 256x256 bins #bins 256x256, bin sizes 3.01275x3.00391, max_num_bins = 5, padding = 0
[INFO   ] dreamplace.ops.electric_potential.electric_potential - regard 0 cells as movable macros in global placement
[INFO   ] DREAMPlace - 256x256 bins #bins 256x256, bin sizes 3.01275x3.00391, max_num_bins = 5, padding = 0
[INFO   ] dreamplace.ops.electric_potential.electric_potential - regard 0 cells as movable macros in global placement
[INFO   ] DREAMPlace - 256x256 bins #bins 256x256, bin sizes 3.01275x3.00391, max_num_bins = 5, padding = 0
[INFO   ] dreamplace.ops.electric_potential.electric_potential - regard 0 cells as movable macros in global placement
[INFO   ] DREAMPlace - 256x256 bins #bins 256x256, bin sizes 3.01275x3.00391, max_num_bins = 5, padding = 0
[INFO   ] dreamplace.ops.electric_potential.electric_potential - regard 0 cells as movable macros in global placement
[INFO   ] DREAMPlace - 256x256 bins #bins 256x256, bin sizes 3.01275x3.00391, max_num_bins = 5, padding = 0
[INFO   ] dreamplace.ops.electric_potential.electric_potential - regard 0 cells as movable macros in global placement
[INFO   ] DREAMPlace - 256x256 bins #bins 256x256, bin sizes 3.01275x3.00391, max_num_bins = 5, padding = 0
[INFO   ] dreamplace.ops.electric_potential.electric_potential - regard 0 cells as movable macros in global placement
[INFO   ] DREAMPlace - 256x256 bins #bins 256x256, bin sizes 3.01275x3.00391, max_num_bins = 5, padding = 0
[INFO   ] dreamplace.ops.electric_potential.electric_potential - regard 0 cells as movable macros in global placement
[INFO   ] DREAMPlace - 256x256 bins #bins 256x256, bin sizes 3.01275x3.00391, max_num_bins = 5, padding = 0
[INFO   ] dreamplace.ops.electric_potential.electric_potential - regard 0 cells as movable macros in global placement
[INFO   ] DREAMPlace - 256x256 bins #bins 256x256, bin sizes 3.01275x3.00391, max_num_bins = 5, padding = 0
[INFO   ] dreamplace.ops.electric_potential.electric_potential - regard 0 cells as movable macros in global placement
[INFO   ] DREAMPlace - 256x256 bins #bins 256x256, bin sizes 3.01275x3.00391, max_num_bins = 5, padding = 0
[INFO   ] dreamplace.ops.electric_potential.electric_potential - regard 0 cells as movable macros in global placement
[INFO   ] DREAMPlace - 256x256 bins #bins 256x256, bin sizes 3.01275x3.00391, max_num_bins = 5, padding = 0
[INFO   ] dreamplace.ops.electric_potential.electric_potential - regard 0 cells as movable macros in global placement
[INFO   ] DREAMPlace - 256x256 bins #bins 256x256, bin sizes 3.01275x3.00391, max_num_bins = 5, padding = 0
[INFO   ] dreamplace.ops.electric_potential.electric_potential - regard 0 cells as movable macros in global placement
[INFO   ] DREAMPlace - 256x256 bins #bins 256x256, bin sizes 3.01275x3.00391, max_num_bins = 5, padding = 0
[INFO   ] dreamplace.ops.electric_potential.electric_potential - regard 0 cells as movable macros in global placement
[INFO   ] DREAMPlace - 256x256 bins #bins 256x256, bin sizes 3.01275x3.00391, max_num_bins = 5, padding = 0
[INFO   ] dreamplace.ops.electric_potential.electric_potential - regard 0 cells as movable macros in global placement
[INFO   ] DREAMPlace - 256x256 bins #bins 256x256, bin sizes 3.01275x3.00391, max_num_bins = 5, padding = 0
[INFO   ] dreamplace.ops.electric_potential.electric_potential - regard 0 cells as movable macros in global placement
[INFO   ] DREAMPlace - 256x256 bins #bins 256x256, bin sizes 3.01275x3.00391, max_num_bins = 5, padding = 0
[INFO   ] dreamplace.ops.electric_potential.electric_potential - regard 0 cells as movable macros in global placement
up fence_region_27 (27), region fence_region_27 (27), 1 boxes, contains 618 nodes
[INFO   ] Group fence_region_28 (28), region fence_region_28 (28), 1 boxes, contains 233 nodes
[INFO   ] Group fence_region_29 (29), region fence_region_29 (29), 1 boxes, contains 324 nodes
[INFO   ] Group fence_region_30 (30), region fence_region_30 (30), 1 boxes, contains 233 nodes
[INFO   ] Group fence_region_31 (31), region fence_region_31 (31), 1 boxes, contains 324 nodes
[INFO   ] Group fence_region_32 (32), region fence_region_32 (32), 1 boxes, contains 233 nodes
[INFO   ] Group fence_region_33 (33), region fence_region_33 (33), 1 boxes, contains 10640 nodes
[INFO   ] Group fence_region_34 (34), region fence_region_34 (34), 1 boxes, contains 10492 nodes
[INFO   ] Group fence_region_35 (35), region fence_region_35 (35), 1 boxes, contains 1915 nodes
[INFO   ] Group fence_region_36 (36), region fence_region_36 (36), 1 boxes, contains 960 nodes
[INFO   ] Group fence_region_37 (37), region fence_region_37 (37), 1 boxes, contains 1375 nodes
[INFO   ] Fence region groups done
[DEBUG  ] num_terminals 6409, numFixed 6397, numPlaceBlockages 12, num_terminal_NIs 1275
[INFO   ] -- Converting Node Orientation --
[INFO   ] FN -> N: 888 nodes
[INFO   ] FS -> N: 2283 nodes
[INFO   ] S -> N: 886 nodes
[INFO   ] ---------------------------------
[INFO   ] -------- Area Statistics --------
[INFO   ] fixed area overlap = 6.65477e+11
[INFO   ] fixed area total = 1.07001e+12
[INFO   ] space area = 3.98444e+12
[INFO   ] ---------------------------------
Traceback (most recent call last):
  File "/home/yenchulo/DREAMPlace/install/dreamplace/Placer.py", line 198, in <module>
    place(params, learning_rate_value)
  File "/home/yenchulo/DREAMPlace/install/dreamplace/Placer.py", line 68, in place
    metrics = placer(params, placedb, learning_rate_value)
  File "/home/yenchulo/DREAMPlace/install/dreamplace/NonLinearPlace.py", line 124, in __call__
    model = construct_model()
  File "/home/yenchulo/DREAMPlace/install/dreamplace/NonLinearPlace.py", line 114, in construct_model
    model = PlaceObj.PlaceObj(
  File "/home/yenchulo/DREAMPlace/install/dreamplace/PlaceObj.py", line 256, in __init__
    self.op_collections.nctugr_congestion_map_op = self.build_nctugr_congestion_map(
  File "/home/yenchulo/DREAMPlace/install/dreamplace/PlaceObj.py", line 1027, in build_nctugr_congestion_map
    placedb.unit_horizontal_capacities *
TypeError: unsupported operand type(s) for *: 'NoneType' and 'float'
