layer	ix	iy	x_um	y_um	i_soft_A	i_hard_A	i_total_A	v_V	is_vsrc
metal1	0	0	14.095	14	0	0	0	1.09999	0
metal1	1	0	40.07	14	0	0	0	1.09957	0
metal1	2	0	96.07	14	0	0	0	1.09866	0
metal1	3	0	108.455	14	0	0	0	1.09847	0
metal1	4	0	109.295	14	0	0	0	1.09845	0
metal1	5	0	152.07	14	0	0	0	1.09781	0
metal1	6	0	208.07	14	0	0	0	1.09699	0
metal1	7	0	264.07	14	0	0	0	1.0962	0
metal1	8	0	320.07	14	0.000558233	0	0.000558233	1.09543	0
metal1	9	0	376.07	14	0.000583463	0	0.000583463	1.09475	0
metal1	10	0	432.07	14	0.00256678	0	0.00256678	1.0941	0
metal1	11	0	488.07	14	0.00265382	0	0.00265382	1.09367	0
metal1	12	0	544.07	14	0.00265382	0	0.00265382	1.09342	0
metal1	13	0	600.07	14	0.00265382	0	0.00265382	1.09336	0
metal1	14	0	656.07	14	0.00265382	0	0.00265382	1.0935	0
metal1	15	0	712.07	14	0.00265382	0	0.00265382	1.09384	0
metal1	16	0	768.07	14	0.00265382	0	0.00265382	1.09436	0
metal1	17	0	824.07	14	0.00265382	0	0.00265382	1.09508	0
metal1	18	0	880.07	14	0.00200026	0	0.00200026	1.09598	0
metal1	19	0	936.07	14	0	0	0	1.09705	0
metal1	20	0	992.07	14	0	0	0	1.09812	0
metal1	21	0	1048.07	14	0	0	0	1.09922	0
metal1	22	0	1086.21	14	0	0	0	1.09999	0
metal1	0	1	14.095	16.8	0	0	0	1.09999	0
metal1	1	1	40.07	16.8	0	0	0	1.09957	0
metal1	2	1	96.07	16.8	0	0	0	1.09866	0
metal1	3	1	108.455	16.8	0	0	0	1.09847	0
metal1	4	1	109.295	16.8	0	0	0	1.09845	0
metal1	5	1	152.07	16.8	0	0	0	1.09781	0
metal1	6	1	208.07	16.8	0	0	0	1.09699	0
metal1	7	1	264.07	16.8	0	0	0	1.0962	0
metal1	8	1	320.07	16.8	0.000495644	0	0.000495644	1.09544	0
metal1	9	1	376.07	16.8	0.000518272	0	0.000518272	1.09475	0
metal1	10	1	432.07	16.8	0.00233621	0	0.00233621	1.09412	0
metal1	11	1	488.07	16.8	0.00243178	0	0.00243178	1.09369	0
metal1	12	1	544.07	16.8	0.00243178	0	0.00243178	1.09344	0
metal1	13	1	600.07	16.8	0.00243178	0	0.00243178	1.09339	0
metal1	14	1	656.07	16.8	0.00243178	0	0.00243178	1.09353	0
metal1	15	1	712.07	16.8	0.00243178	0	0.00243178	1.09386	0
metal1	16	1	768.07	16.8	0.00243178	0	0.00243178	1.09439	0
metal1	17	1	824.07	16.8	0.00243178	0	0.00243178	1.0951	0
metal1	18	1	880.07	16.8	0.00176293	0	0.00176293	1.096	0
metal1	19	1	936.07	16.8	0	0	0	1.09705	0
metal1	20	1	992.07	16.8	0	0	0	1.09812	0
metal1	21	1	1048.07	16.8	0	0	0	1.09923	0
metal1	22	1	1086.21	16.8	0	0	0	1.09999	0
metal1	0	2	14.095	19.6	0	0	0	1.1	0
metal1	1	2	40.07	19.6	0	0	0	1.09957	0
metal1	2	2	96.07	19.6	0	0	0	1.09866	0
metal1	3	2	108.455	19.6	0	0	0	1.09846	0
metal1	4	2	109.295	19.6	0	0	0	1.09845	0
metal1	5	2	152.07	19.6	0	0	0	1.0978	0
metal1	6	2	208.07	19.6	0	0	0	1.09698	0
metal1	7	2	264.07	19.6	0	0	0	1.09619	0
metal1	8	2	320.07	19.6	0.000495644	0	0.000495644	1.09543	0
metal1	9	2	376.07	19.6	0.000518272	0	0.000518272	1.09474	0
metal1	10	2	432.07	19.6	0.00233621	0	0.00233621	1.09411	0
metal1	11	2	488.07	19.6	0.00243178	0	0.00243178	1.09367	0
metal1	12	2	544.07	19.6	0.00243178	0	0.00243178	1.09342	0
metal1	13	2	600.07	19.6	0.00243178	0	0.00243178	1.09337	0
metal1	14	2	656.07	19.6	0.00243178	0	0.00243178	1.09351	0
metal1	15	2	712.07	19.6	0.00243178	0	0.00243178	1.09384	0
metal1	16	2	768.07	19.6	0.00243178	0	0.00243178	1.09437	0
metal1	17	2	824.07	19.6	0.00243178	0	0.00243178	1.09509	0
metal1	18	2	880.07	19.6	0.00176293	0	0.00176293	1.09599	0
metal1	19	2	936.07	19.6	0	0	0	1.09704	0
metal1	20	2	992.07	19.6	0	0	0	1.09812	0
metal1	21	2	1048.07	19.6	0	0	0	1.09922	0
metal1	22	2	1086.21	19.6	0	0	0	1.09999	0
metal1	0	3	14.095	22.4	0	0	0	1.09999	0
metal1	1	3	40.07	22.4	0	0	0	1.09956	0
metal1	2	3	96.07	22.4	0	0	0	1.09864	0
metal1	3	3	108.455	22.4	0	0	0	1.09845	0
metal1	4	3	109.295	22.4	0	0	0	1.09844	0
metal1	5	3	152.07	22.4	0	0	0	1.09779	0
metal1	6	3	208.07	22.4	0	0	0	1.09696	0
metal1	7	3	264.07	22.4	0	0	0	1.09616	0
metal1	8	3	320.07	22.4	0.000495644	0	0.000495644	1.09539	0
metal1	9	3	376.07	22.4	0.000518272	0	0.000518272	1.09469	0
metal1	10	3	432.07	22.4	0.00233621	0	0.00233621	1.09403	0
metal1	11	3	488.07	22.4	0.00243178	0	0.00243178	1.09359	0
metal1	12	3	544.07	22.4	0.00243178	0	0.00243178	1.09333	0
metal1	13	3	600.07	22.4	0.00243178	0	0.00243178	1.09327	0
metal1	14	3	656.07	22.4	0.00243178	0	0.00243178	1.09341	0
metal1	15	3	712.07	22.4	0.00243178	0	0.00243178	1.09375	0
metal1	16	3	768.07	22.4	0.00243178	0	0.00243178	1.09428	0
metal1	17	3	824.07	22.4	0.00243178	0	0.00243178	1.09501	0
metal1	18	3	880.07	22.4	0.00176293	0	0.00176293	1.09593	0
metal1	19	3	936.07	22.4	0	0	0	1.09701	0
metal1	20	3	992.07	22.4	0	0	0	1.0981	0
metal1	21	3	1048.07	22.4	0	0	0	1.09921	0
metal1	22	3	1086.21	22.4	0	0	0	1.09999	0
metal1	0	4	14.095	25.2	0	0	0	1.09999	0
metal1	1	4	40.07	25.2	0	0	0	1.09956	0
metal1	2	4	96.07	25.2	0	0	0	1.09863	0
metal1	3	4	108.455	25.2	0	0	0	1.09844	0
metal1	4	4	109.295	25.2	0	0	0	1.09843	0
metal1	5	4	152.07	25.2	0	0	0	1.09777	0
metal1	6	4	208.07	25.2	0	0	0	1.09694	0
metal1	7	4	264.07	25.2	0	0	0	1.09614	0
metal1	8	4	320.07	25.2	0.000495644	0	0.000495644	1.09536	0
metal1	9	4	376.07	25.2	0.000518272	0	0.000518272	1.09465	0
metal1	10	4	432.07	25.2	0.00233621	0	0.00233621	1.09398	0
metal1	11	4	488.07	25.2	0.00243178	0	0.00243178	1.09352	0
metal1	12	4	544.07	25.2	0.00243178	0	0.00243178	1.09326	0
metal1	13	4	600.07	25.2	0.00243178	0	0.00243178	1.0932	0
metal1	14	4	656.07	25.2	0.00243178	0	0.00243178	1.09334	0
metal1	15	4	712.07	25.2	0.00243178	0	0.00243178	1.09368	0
metal1	16	4	768.07	25.2	0.00243178	0	0.00243178	1.09422	0
metal1	17	4	824.07	25.2	0.00243178	0	0.00243178	1.09495	0
metal1	18	4	880.07	25.2	0.00176293	0	0.00176293	1.09588	0
metal1	19	4	936.07	25.2	0	0	0	1.09698	0
metal1	20	4	992.07	25.2	0	0	0	1.09808	0
metal1	21	4	1048.07	25.2	0	0	0	1.0992	0
metal1	22	4	1086.21	25.2	0	0	0	1.09999	0
metal1	0	5	14.095	28	0	0	0	1.09999	0
metal1	1	5	40.07	28	0	0	0	1.09956	0
metal1	2	5	96.07	28	0	0	0	1.09863	0
metal1	3	5	108.455	28	0	0	0	1.09843	0
metal1	4	5	109.295	28	0	0	0	1.09842	0
metal1	5	5	152.07	28	0	0	0	1.09776	0
metal1	6	5	208.07	28	0	0	0	1.09693	0
metal1	7	5	264.07	28	0	0	0	1.09612	0
metal1	8	5	320.07	28	0.000495644	0	0.000495644	1.09533	0
metal1	9	5	376.07	28	0.000518272	0	0.000518272	1.09461	0
metal1	10	5	432.07	28	0.00233621	0	0.00233621	1.09394	0
metal1	11	5	488.07	28	0.00243178	0	0.00243178	1.09348	0
metal1	12	5	544.07	28	0.00243178	0	0.00243178	1.09322	0
metal1	13	5	600.07	28	0.00243178	0	0.00243178	1.09316	0
metal1	14	5	656.07	28	0.00243178	0	0.00243178	1.09329	0
metal1	15	5	712.07	28	0.00243178	0	0.00243178	1.09363	0
metal1	16	5	768.07	28	0.00243178	0	0.00243178	1.09417	0
metal1	17	5	824.07	28	0.00243178	0	0.00243178	1.09491	0
metal1	18	5	880.07	28	0.00176293	0	0.00176293	1.09585	0
metal1	19	5	936.07	28	0	0	0	1.09695	0
metal1	20	5	992.07	28	0	0	0	1.09806	0
metal1	21	5	1048.07	28	0	0	0	1.0992	0
metal1	22	5	1086.21	28	0	0	0	1.09999	0
metal1	0	6	14.095	30.8	0	0	0	1.09999	0
metal1	1	6	40.07	30.8	0	0	0	1.09955	0
metal1	2	6	96.07	30.8	0	0	0	1.09861	0
metal1	3	6	108.455	30.8	0	0	0	1.09842	0
metal1	4	6	109.295	30.8	0	0	0	1.0984	0
metal1	5	6	152.07	30.8	0	0	0	1.09774	0
metal1	6	6	208.07	30.8	0	0	0	1.0969	0
metal1	7	6	264.07	30.8	0	0	0	1.09609	0
metal1	8	6	320.07	30.8	0.000495644	0	0.000495644	1.09529	0
metal1	9	6	376.07	30.8	0.000518272	0	0.000518272	1.09456	0
metal1	10	6	432.07	30.8	0.00233621	0	0.00233621	1.09386	0
metal1	11	6	488.07	30.8	0.00243178	0	0.00243178	1.09339	0
metal1	12	6	544.07	30.8	0.00243178	0	0.00243178	1.09312	0
metal1	13	6	600.07	30.8	0.00243178	0	0.00243178	1.09306	0
metal1	14	6	656.07	30.8	0.00243178	0	0.00243178	1.0932	0
metal1	15	6	712.07	30.8	0.00243178	0	0.00243178	1.09354	0
metal1	16	6	768.07	30.8	0.00243178	0	0.00243178	1.09408	0
metal1	17	6	824.07	30.8	0.00243178	0	0.00243178	1.09483	0
metal1	18	6	880.07	30.8	0.00176293	0	0.00176293	1.09579	0
metal1	19	6	936.07	30.8	0	0	0	1.09692	0
metal1	20	6	992.07	30.8	0	0	0	1.09804	0
metal1	21	6	1048.07	30.8	0	0	0	1.09918	0
metal1	22	6	1086.21	30.8	0	0	0	1.09998	0
metal1	0	7	14.095	33.6	0	0	0	1.09996	0
metal1	1	7	40.07	33.6	0	0	0	1.09953	0
metal1	2	7	96.07	33.6	0	0	0	1.09859	0
metal1	3	7	108.455	33.6	0	0	0	1.0984	0
metal1	4	7	109.295	33.6	0	0	0	1.09838	0
metal1	5	7	152.07	33.6	0	0	0	1.09772	0
metal1	6	7	208.07	33.6	0	0	0	1.09687	0
metal1	7	7	264.07	33.6	0	0	0	1.09605	0
metal1	8	7	320.07	33.6	0.000495644	0	0.000495644	1.09523	0
metal1	9	7	376.07	33.6	0.000518272	0	0.000518272	1.09448	0
metal1	10	7	432.07	33.6	0.00233621	0	0.00233621	1.09372	0
metal1	11	7	488.07	33.6	0.00243178	0	0.00243178	1.09323	0
metal1	12	7	544.07	33.6	0.00243178	0	0.00243178	1.09296	0
metal1	13	7	600.07	33.6	0.00243178	0	0.00243178	1.09289	0
metal1	14	7	656.07	33.6	0.00243178	0	0.00243178	1.09303	0
metal1	15	7	712.07	33.6	0.00243178	0	0.00243178	1.09337	0
metal1	16	7	768.07	33.6	0.00243178	0	0.00243178	1.09392	0
metal1	17	7	824.07	33.6	0.00243178	0	0.00243178	1.09468	0
metal1	18	7	880.07	33.6	0.00176293	0	0.00176293	1.09567	0
metal1	19	7	936.07	33.6	0	0	0	1.09687	0
metal1	20	7	992.07	33.6	0	0	0	1.09801	0
metal1	21	7	1048.07	33.6	0	0	0	1.09915	0
metal1	22	7	1086.21	33.6	0	0	0	1.09995	0
metal1	0	8	14.095	36.4	0	0	0	1.09993	0
metal1	1	8	40.07	36.4	0	0	0	1.09952	0
metal1	2	8	96.07	36.4	0	0	0	1.09856	0
metal1	3	8	108.455	36.4	0	0	0	1.09838	0
metal1	4	8	109.295	36.4	0	0	0	1.09836	0
metal1	5	8	152.07	36.4	0	0	0	1.09769	0
metal1	6	8	208.07	36.4	0	0	0	1.09684	0
metal1	7	8	264.07	36.4	0	0	0	1.09601	0
metal1	8	8	320.07	36.4	0.000495644	0	0.000495644	1.09517	0
metal1	9	8	376.07	36.4	0.000518272	0	0.000518272	1.09441	0
metal1	10	8	432.07	36.4	0.00233621	0	0.00233621	1.09359	0
metal1	11	8	488.07	36.4	0.00243178	0	0.00243178	1.09309	0
metal1	12	8	544.07	36.4	0.00243178	0	0.00243178	1.09281	0
metal1	13	8	600.07	36.4	0.00243178	0	0.00243178	1.09274	0
metal1	14	8	656.07	36.4	0.00243178	0	0.00243178	1.09288	0
metal1	15	8	712.07	36.4	0.00243178	0	0.00243178	1.09323	0
metal1	16	8	768.07	36.4	0.00243178	0	0.00243178	1.09378	0
metal1	17	8	824.07	36.4	0.00243178	0	0.00243178	1.09455	0
metal1	18	8	880.07	36.4	0.00176293	0	0.00176293	1.09557	0
metal1	19	8	936.07	36.4	0	0	0	1.09682	0
metal1	20	8	992.07	36.4	0	0	0	1.09798	0
metal1	21	8	1048.07	36.4	0	0	0	1.09913	0
metal1	22	8	1086.21	36.4	0	0	0	1.09992	0
metal1	0	9	14.095	39.2	0	0	0	1.09992	0
metal1	1	9	40.07	39.2	0	0	0	1.09951	0
metal1	2	9	96.07	39.2	0	0	0	1.09854	0
metal1	3	9	108.455	39.2	0	0	0	1.09836	0
metal1	4	9	109.295	39.2	0	0	0	1.09835	0
metal1	5	9	152.07	39.2	0	0	0	1.09767	0
metal1	6	9	208.07	39.2	0	0	0	1.09682	0
metal1	7	9	264.07	39.2	0	0	0	1.09597	0
metal1	8	9	320.07	39.2	0.000495644	0	0.000495644	1.09512	0
metal1	9	9	376.07	39.2	0.000518272	0	0.000518272	1.09435	0
metal1	10	9	432.07	39.2	0.00233621	0	0.00233621	1.09348	0
metal1	11	9	488.07	39.2	0.00243178	0	0.00243178	1.09297	0
metal1	12	9	544.07	39.2	0.00243178	0	0.00243178	1.09269	0
metal1	13	9	600.07	39.2	0.00243178	0	0.00243178	1.09262	0
metal1	14	9	656.07	39.2	0.00243178	0	0.00243178	1.09276	0
metal1	15	9	712.07	39.2	0.00243178	0	0.00243178	1.0931	0
metal1	16	9	768.07	39.2	0.00243178	0	0.00243178	1.09366	0
metal1	17	9	824.07	39.2	0.00243178	0	0.00243178	1.09444	0
metal1	18	9	880.07	39.2	0.00176293	0	0.00176293	1.09549	0
metal1	19	9	936.07	39.2	0	0	0	1.09678	0
metal1	20	9	992.07	39.2	0	0	0	1.09796	0
metal1	21	9	1048.07	39.2	0	0	0	1.09911	0
metal1	22	9	1086.21	39.2	0	0	0	1.0999	0
metal1	0	10	14.095	42	0	0	0	1.09991	0
metal1	1	10	40.07	42	0	0	0	1.0995	0
metal1	2	10	96.07	42	0	0	0	1.09853	0
metal1	3	10	108.455	42	0	0	0	1.09834	0
metal1	4	10	109.295	42	0	0	0	1.09833	0
metal1	5	10	152.07	42	0	0	0	1.09765	0
metal1	6	10	208.07	42	0	0	0	1.09679	0
metal1	7	10	264.07	42	0	0	0	1.09594	0
metal1	8	10	320.07	42	0.000495644	0	0.000495644	1.09507	0
metal1	9	10	376.07	42	0.000518272	0	0.000518272	1.09429	0
metal1	10	10	432.07	42	0.00233621	0	0.00233621	1.0934	0
metal1	11	10	488.07	42	0.00243178	0	0.00243178	1.09288	0
metal1	12	10	544.07	42	0.00243178	0	0.00243178	1.09259	0
metal1	13	10	600.07	42	0.00243178	0	0.00243178	1.09252	0
metal1	14	10	656.07	42	0.00243178	0	0.00243178	1.09265	0
metal1	15	10	712.07	42	0.00243178	0	0.00243178	1.093	0
metal1	16	10	768.07	42	0.00243178	0	0.00243178	1.09357	0
metal1	17	10	824.07	42	0.00243178	0	0.00243178	1.09435	0
metal1	18	10	880.07	42	0.00176293	0	0.00176293	1.09542	0
metal1	19	10	936.07	42	0	0	0	1.09674	0
metal1	20	10	992.07	42	0	0	0	1.09793	0
metal1	21	10	1048.07	42	0	0	0	1.09909	0
metal1	22	10	1086.21	42	0	0	0	1.09989	0
metal1	0	11	14.095	44.8	0	0	0	1.09991	0
metal1	1	11	40.07	44.8	0	0	0	1.09949	0
metal1	2	11	96.07	44.8	0	0	0	1.09852	0
metal1	3	11	108.455	44.8	0	0	0	1.09833	0
metal1	4	11	109.295	44.8	0	0	0	1.09832	0
metal1	5	11	152.07	44.8	0	0	0	1.09763	0
metal1	6	11	208.07	44.8	0	0	0	1.09677	0
metal1	7	11	264.07	44.8	0	0	0	1.0959	0
metal1	8	11	320.07	44.8	0.000495644	0	0.000495644	1.09503	0
metal1	9	11	376.07	44.8	0.000518272	0	0.000518272	1.09424	0
metal1	10	11	432.07	44.8	0.00233621	0	0.00233621	1.09333	0
metal1	11	11	488.07	44.8	0.00243178	0	0.00243178	1.0928	0
metal1	12	11	544.07	44.8	0.00243178	0	0.00243178	1.09251	0
metal1	13	11	600.07	44.8	0.00243178	0	0.00243178	1.09243	0
metal1	14	11	656.07	44.8	0.00243178	0	0.00243178	1.09257	0
metal1	15	11	712.07	44.8	0.00243178	0	0.00243178	1.09293	0
metal1	16	11	768.07	44.8	0.00243178	0	0.00243178	1.09349	0
metal1	17	11	824.07	44.8	0.00243178	0	0.00243178	1.09428	0
metal1	18	11	880.07	44.8	0.00176293	0	0.00176293	1.09536	0
metal1	19	11	936.07	44.8	0	0	0	1.09671	0
metal1	20	11	992.07	44.8	0	0	0	1.09791	0
metal1	21	11	1048.07	44.8	0	0	0	1.09908	0
metal1	22	11	1086.21	44.8	0	0	0	1.09989	0
metal1	0	12	14.095	47.6	0	0	0	1.09991	0
metal1	1	12	40.07	47.6	0	0	0	1.09948	0
metal1	2	12	96.07	47.6	0	0	0	1.09851	0
metal1	3	12	108.455	47.6	0	0	0	1.09832	0
metal1	4	12	109.295	47.6	0	0	0	1.09831	0
metal1	5	12	152.07	47.6	0	0	0	1.09761	0
metal1	6	12	208.07	47.6	0	0	0	1.09675	0
metal1	7	12	264.07	47.6	0	0	0	1.09587	0
metal1	8	12	320.07	47.6	0.000495644	0	0.000495644	1.095	0
metal1	9	12	376.07	47.6	0.000518272	0	0.000518272	1.0942	0
metal1	10	12	432.07	47.6	0.00233621	0	0.00233621	1.09329	0
metal1	11	12	488.07	47.6	0.00243178	0	0.00243178	1.09275	0
metal1	12	12	544.07	47.6	0.00243178	0	0.00243178	1.09245	0
metal1	13	12	600.07	47.6	0.00243178	0	0.00243178	1.09238	0
metal1	14	12	656.07	47.6	0.00243178	0	0.00243178	1.09251	0
metal1	15	12	712.07	47.6	0.00243178	0	0.00243178	1.09287	0
metal1	16	12	768.07	47.6	0.00243178	0	0.00243178	1.09344	0
metal1	17	12	824.07	47.6	0.00243178	0	0.00243178	1.09424	0
metal1	18	12	880.07	47.6	0.00176293	0	0.00176293	1.09533	0
metal1	19	12	936.07	47.6	0	0	0	1.09667	0
metal1	20	12	992.07	47.6	0	0	0	1.09789	0
metal1	21	12	1048.07	47.6	0	0	0	1.09907	0
metal1	22	12	1086.21	47.6	0	0	0	1.09989	0
metal1	0	13	14.095	50.4	0	0	0	1.09992	0
metal1	1	13	40.07	50.4	0	0	0	1.09948	0
metal1	2	13	96.07	50.4	0	0	0	1.09851	0
metal1	3	13	108.455	50.4	0	0	0	1.09831	0
metal1	4	13	109.295	50.4	0	0	0	1.0983	0
metal1	5	13	152.07	50.4	0	0	0	1.09759	0
metal1	6	13	208.07	50.4	0	0	0	1.09673	0
metal1	7	13	264.07	50.4	0	0	0	1.09585	0
metal1	8	13	320.07	50.4	0.000495644	0	0.000495644	1.09497	0
metal1	9	13	376.07	50.4	0.000518272	0	0.000518272	1.09417	0
metal1	10	13	432.07	50.4	0.00233621	0	0.00233621	1.09326	0
metal1	11	13	488.07	50.4	0.00243178	0	0.00243178	1.09272	0
metal1	12	13	544.07	50.4	0.00243178	0	0.00243178	1.09242	0
metal1	13	13	600.07	50.4	0.00243178	0	0.00243178	1.09234	0
metal1	14	13	656.07	50.4	0.00243178	0	0.00243178	1.09248	0
metal1	15	13	712.07	50.4	0.00243178	0	0.00243178	1.09283	0
metal1	16	13	768.07	50.4	0.00243178	0	0.00243178	1.09341	0
metal1	17	13	824.07	50.4	0.00243178	0	0.00243178	1.09422	0
metal1	18	13	880.07	50.4	0.00176293	0	0.00176293	1.09531	0
metal1	19	13	936.07	50.4	0	0	0	1.09664	0
metal1	20	13	992.07	50.4	0	0	0	1.09788	0
metal1	21	13	1048.07	50.4	0	0	0	1.09906	0
metal1	22	13	1086.21	50.4	0	0	0	1.0999	0
metal1	0	14	14.095	53.2	0	0	0	1.09994	0
metal1	1	14	40.07	53.2	0	0	0	1.09948	0
metal1	2	14	96.07	53.2	0	0	0	1.0985	0
metal1	3	14	108.455	53.2	0	0	0	1.09831	0
metal1	4	14	109.295	53.2	0	0	0	1.09829	0
metal1	5	14	152.07	53.2	0	0	0	1.09758	0
metal1	6	14	208.07	53.2	0	0	0	1.09671	0
metal1	7	14	264.07	53.2	0	0	0	1.09582	0
metal1	8	14	320.07	53.2	0.000495644	0	0.000495644	1.09495	0
metal1	9	14	376.07	53.2	0.000518272	0	0.000518272	1.09414	0
metal1	10	14	432.07	53.2	0.00233621	0	0.00233621	1.09326	0
metal1	11	14	488.07	53.2	0.00243178	0	0.00243178	1.09271	0
metal1	12	14	544.07	53.2	0.00243178	0	0.00243178	1.09241	0
metal1	13	14	600.07	53.2	0.00243178	0	0.00243178	1.09232	0
metal1	14	14	656.07	53.2	0.00243178	0	0.00243178	1.09246	0
metal1	15	14	712.07	53.2	0.00243178	0	0.00243178	1.09282	0
metal1	16	14	768.07	53.2	0.00243178	0	0.00243178	1.0934	0
metal1	17	14	824.07	53.2	0.00243178	0	0.00243178	1.09421	0
metal1	18	14	880.07	53.2	0.00176293	0	0.00176293	1.0953	0
metal1	19	14	936.07	53.2	0	0	0	1.09662	0
metal1	20	14	992.07	53.2	0	0	0	1.09786	0
metal1	21	14	1048.07	53.2	0	0	0	1.09906	0
metal1	22	14	1086.21	53.2	0	0	0	1.09992	0
metal1	0	15	14.095	56	0	0	0	1.09996	0
metal1	1	15	40.07	56	0	0	0	1.0995	0
metal1	2	15	96.07	56	0	0	0	1.09851	0
metal1	3	15	108.455	56	0	0	0	1.09831	0
metal1	4	15	109.295	56	0	0	0	1.09829	0
metal1	5	15	152.07	56	0	0	0	1.09758	0
metal1	6	15	208.07	56	0	0	0	1.0967	0
metal1	7	15	264.07	56	0	0	0	1.09581	0
metal1	8	15	320.07	56	0.000495644	0	0.000495644	1.09493	0
metal1	9	15	376.07	56	0.000518272	0	0.000518272	1.09412	0
metal1	10	15	432.07	56	0.00233621	0	0.00233621	1.09327	0
metal1	11	15	488.07	56	0.00243178	0	0.00243178	1.09273	0
metal1	12	15	544.07	56	0.00243178	0	0.00243178	1.09242	0
metal1	13	15	600.07	56	0.00243178	0	0.00243178	1.09233	0
metal1	14	15	656.07	56	0.00243178	0	0.00243178	1.09247	0
metal1	15	15	712.07	56	0.00243178	0	0.00243178	1.09283	0
metal1	16	15	768.07	56	0.00243178	0	0.00243178	1.09342	0
metal1	17	15	824.07	56	0.00243178	0	0.00243178	1.09423	0
metal1	18	15	880.07	56	0.00176293	0	0.00176293	1.09531	0
metal1	19	15	936.07	56	0	0	0	1.0966	0
metal1	20	15	992.07	56	0	0	0	1.09785	0
metal1	21	15	1048.07	56	0	0	0	1.09907	0
metal1	22	15	1086.21	56	0	0	0	1.09995	0
metal1	0	16	14.095	58.8	0	0	0	1.09999	0
metal1	1	16	40.07	58.8	0	0	0	1.09951	0
metal1	2	16	96.07	58.8	0	0	0	1.09851	0
metal1	3	16	108.455	58.8	0	0	0	1.0983	0
metal1	4	16	109.295	58.8	0	0	0	1.09829	0
metal1	5	16	152.07	58.8	0	0	0	1.09758	0
metal1	6	16	208.07	58.8	0	0	0	1.09669	0
metal1	7	16	264.07	58.8	0	0	0	1.0958	0
metal1	8	16	320.07	58.8	0.000495644	0	0.000495644	1.09492	0
metal1	9	16	376.07	58.8	0.000518272	0	0.000518272	1.0941	0
metal1	10	16	432.07	58.8	0.00233621	0	0.00233621	1.09331	0
metal1	11	16	488.07	58.8	0.00243178	0	0.00243178	1.09276	0
metal1	12	16	544.07	58.8	0.00243178	0	0.00243178	1.09245	0
metal1	13	16	600.07	58.8	0.00243178	0	0.00243178	1.09236	0
metal1	14	16	656.07	58.8	0.00243178	0	0.00243178	1.0925	0
metal1	15	16	712.07	58.8	0.00243178	0	0.00243178	1.09286	0
metal1	16	16	768.07	58.8	0.00243178	0	0.00243178	1.09345	0
metal1	17	16	824.07	58.8	0.00243178	0	0.00243178	1.09428	0
metal1	18	16	880.07	58.8	0.00176293	0	0.00176293	1.09534	0
metal1	19	16	936.07	58.8	0	0	0	1.09659	0
metal1	20	16	992.07	58.8	0	0	0	1.09784	0
metal1	21	16	1048.07	58.8	0	0	0	1.09909	0
metal1	22	16	1086.21	58.8	0	0	0	1.09999	0
metal1	0	17	14.095	61.6	0	0	0	1.09998	0
metal1	1	17	40.07	61.6	0	0	0	1.09951	0
metal1	2	17	96.07	61.6	0	0	0	1.0985	0
metal1	3	17	108.455	61.6	0	0	0	1.0983	0
metal1	4	17	109.295	61.6	0	0	0	1.09828	0
metal1	5	17	152.07	61.6	0	0	0	1.09758	0
metal1	6	17	208.07	61.6	0	0	0	1.09667	0
metal1	7	17	264.07	61.6	0	0	0	1.09578	0
metal1	8	17	320.07	61.6	0.000495644	0	0.000495644	1.0949	0
metal1	9	17	376.07	61.6	0.000518272	0	0.000518272	1.09407	0
metal1	10	17	432.07	61.6	0.00233621	0	0.00233621	1.09324	0
metal1	11	17	488.07	61.6	0.00243178	0	0.00243178	1.09269	0
metal1	12	17	544.07	61.6	0.00243178	0	0.00243178	1.09237	0
metal1	13	17	600.07	61.6	0.00243178	0	0.00243178	1.09228	0
metal1	14	17	656.07	61.6	0.00243178	0	0.00243178	1.09242	0
metal1	15	17	712.07	61.6	0.00243178	0	0.00243178	1.09278	0
metal1	16	17	768.07	61.6	0.00243178	0	0.00243178	1.09338	0
metal1	17	17	824.07	61.6	0.00243178	0	0.00243178	1.09421	0
metal1	18	17	880.07	61.6	0.00176293	0	0.00176293	1.09529	0
metal1	19	17	936.07	61.6	0	0	0	1.09657	0
metal1	20	17	992.07	61.6	0	0	0	1.09783	0
metal1	21	17	1048.07	61.6	0	0	0	1.09909	0
metal1	22	17	1086.21	61.6	0	0	0	1.09997	0
metal1	0	18	14.095	64.4	0	0	0	1.09995	0
metal1	1	18	40.07	64.4	0	0	0	1.0995	0
metal1	2	18	96.07	64.4	0	0	0	1.09849	0
metal1	3	18	108.455	64.4	0	0	0	1.09828	0
metal1	4	18	109.295	64.4	0	0	0	1.09827	0
metal1	5	18	152.07	64.4	0	0	0	1.09756	0
metal1	6	18	208.07	64.4	0	0	0	1.09666	0
metal1	7	18	264.07	64.4	0	0	0	1.09577	0
metal1	8	18	320.07	64.4	0.000495644	0	0.000495644	1.09486	0
metal1	9	18	376.07	64.4	0.000518272	0	0.000518272	1.09402	0
metal1	10	18	432.07	64.4	0.00233621	0	0.00233621	1.09314	0
metal1	11	18	488.07	64.4	0.00243178	0	0.00243178	1.09258	0
metal1	12	18	544.07	64.4	0.00243178	0	0.00243178	1.09226	0
metal1	13	18	600.07	64.4	0.00243178	0	0.00243178	1.09217	0
metal1	14	18	656.07	64.4	0.00243178	0	0.00243178	1.09231	0
metal1	15	18	712.07	64.4	0.00243178	0	0.00243178	1.09268	0
metal1	16	18	768.07	64.4	0.00243178	0	0.00243178	1.09327	0
metal1	17	18	824.07	64.4	0.00243178	0	0.00243178	1.0941	0
metal1	18	18	880.07	64.4	0.00176293	0	0.00176293	1.09521	0
metal1	19	18	936.07	64.4	0	0	0	1.09655	0
metal1	20	18	992.07	64.4	0	0	0	1.09781	0
metal1	21	18	1048.07	64.4	0	0	0	1.09907	0
metal1	22	18	1086.21	64.4	0	0	0	1.09994	0
metal1	0	19	14.095	67.2	0	0	0	1.09993	0
metal1	1	19	40.07	67.2	0	0	0	1.09949	0
metal1	2	19	96.07	67.2	0	0	0	1.09847	0
metal1	3	19	108.455	67.2	0	0	0	1.09827	0
metal1	4	19	109.295	67.2	0	0	0	1.09826	0
metal1	5	19	152.07	67.2	0	0	0	1.09755	0
metal1	6	19	208.07	67.2	0	0	0	1.09665	0
metal1	7	19	264.07	67.2	0	0	0	1.09575	0
metal1	8	19	320.07	67.2	0.000495644	0	0.000495644	1.09483	0
metal1	9	19	376.07	67.2	0.000518272	0	0.000518272	1.09399	0
metal1	10	19	432.07	67.2	0.00233621	0	0.00233621	1.09306	0
metal1	11	19	488.07	67.2	0.00243178	0	0.00243178	1.09249	0
metal1	12	19	544.07	67.2	0.00243178	0	0.00243178	1.09217	0
metal1	13	19	600.07	67.2	0.00243178	0	0.00243178	1.09208	0
metal1	14	19	656.07	67.2	0.00243178	0	0.00243178	1.09222	0
metal1	15	19	712.07	67.2	0.00243178	0	0.00243178	1.09259	0
metal1	16	19	768.07	67.2	0.00243178	0	0.00243178	1.09319	0
metal1	17	19	824.07	67.2	0.00243178	0	0.00243178	1.09402	0
metal1	18	19	880.07	67.2	0.00176293	0	0.00176293	1.09515	0
metal1	19	19	936.07	67.2	0	0	0	1.09654	0
metal1	20	19	992.07	67.2	0	0	0	1.0978	0
metal1	21	19	1048.07	67.2	0	0	0	1.09905	0
metal1	22	19	1086.21	67.2	0	0	0	1.09991	0
metal1	0	20	14.095	70	0	0	0	1.09991	0
metal1	1	20	40.07	70	0	0	0	1.09948	0
metal1	2	20	96.07	70	0	0	0	1.09846	0
metal1	3	20	108.455	70	0	0	0	1.09827	0
metal1	4	20	109.295	70	0	0	0	1.09825	0
metal1	5	20	152.07	70	0	0	0	1.09755	0
metal1	6	20	208.07	70	0	0	0	1.09664	0
metal1	7	20	264.07	70	0	0	0	1.09574	0
metal1	8	20	320.07	70	0.000495644	0	0.000495644	1.09481	0
metal1	9	20	376.07	70	0.000518272	0	0.000518272	1.09396	0
metal1	10	20	432.07	70	0.00233621	0	0.00233621	1.09301	0
metal1	11	20	488.07	70	0.00243178	0	0.00243178	1.09243	0
metal1	12	20	544.07	70	0.00243178	0	0.00243178	1.09211	0
metal1	13	20	600.07	70	0.00243178	0	0.00243178	1.09202	0
metal1	14	20	656.07	70	0.00243178	0	0.00243178	1.09216	0
metal1	15	20	712.07	70	0.00243178	0	0.00243178	1.09252	0
metal1	16	20	768.07	70	0.00243178	0	0.00243178	1.09312	0
metal1	17	20	824.07	70	0.00243178	0	0.00243178	1.09396	0
metal1	18	20	880.07	70	0.00176293	0	0.00176293	1.09511	0
metal1	19	20	936.07	70	0	0	0	1.09652	0
metal1	20	20	992.07	70	0	0	0	1.09779	0
metal1	21	20	1048.07	70	0	0	0	1.09904	0
metal1	22	20	1086.21	70	0	0	0	1.09989	0
metal1	0	21	14.095	72.8	0	0	0	1.09991	0
metal1	1	21	40.07	72.8	0	0	0	1.09948	0
metal1	2	21	96.07	72.8	0	0	0	1.09846	0
metal1	3	21	108.455	72.8	0	0	0	1.09826	0
metal1	4	21	109.295	72.8	0	0	0	1.09825	0
metal1	5	21	152.07	72.8	0	0	0	1.09754	0
metal1	6	21	208.07	72.8	0	0	0	1.09663	0
metal1	7	21	264.07	72.8	0	0	0	1.09573	0
metal1	8	21	320.07	72.8	0.000495644	0	0.000495644	1.09479	0
metal1	9	21	376.07	72.8	0.000518272	0	0.000518272	1.09394	0
metal1	10	21	432.07	72.8	0.00233621	0	0.00233621	1.09297	0
metal1	11	21	488.07	72.8	0.00243178	0	0.00243178	1.09239	0
metal1	12	21	544.07	72.8	0.00243178	0	0.00243178	1.09206	0
metal1	13	21	600.07	72.8	0.00243178	0	0.00243178	1.09197	0
metal1	14	21	656.07	72.8	0.00243178	0	0.00243178	1.09211	0
metal1	15	21	712.07	72.8	0.00243178	0	0.00243178	1.09248	0
metal1	16	21	768.07	72.8	0.00243178	0	0.00243178	1.09308	0
metal1	17	21	824.07	72.8	0.00243178	0	0.00243178	1.09392	0
metal1	18	21	880.07	72.8	0.00176293	0	0.00176293	1.09508	0
metal1	19	21	936.07	72.8	0	0	0	1.09651	0
metal1	20	21	992.07	72.8	0	0	0	1.09779	0
metal1	21	21	1048.07	72.8	0	0	0	1.09903	0
metal1	22	21	1086.21	72.8	0	0	0	1.09988	0
metal1	0	22	14.095	75.6	0	0	0	1.09991	0
metal1	1	22	40.07	75.6	0	0	0	1.09948	0
metal1	2	22	96.07	75.6	0	0	0	1.09845	0
metal1	3	22	108.455	75.6	0	0	0	1.09826	0
metal1	4	22	109.295	75.6	0	0	0	1.09825	0
metal1	5	22	152.07	75.6	0	0	0	1.09754	0
metal1	6	22	208.07	75.6	0	0	0	1.09662	0
metal1	7	22	264.07	75.6	0	0	0	1.09572	0
metal1	8	22	320.07	75.6	0.000495644	0	0.000495644	1.09478	0
metal1	9	22	376.07	75.6	0.000518272	0	0.000518272	1.09393	0
metal1	10	22	432.07	75.6	0.00233621	0	0.00233621	1.09295	0
metal1	11	22	488.07	75.6	0.00243178	0	0.00243178	1.09237	0
metal1	12	22	544.07	75.6	0.00243178	0	0.00243178	1.09204	0
metal1	13	22	600.07	75.6	0.00243178	0	0.00243178	1.09195	0
metal1	14	22	656.07	75.6	0.00243178	0	0.00243178	1.09209	0
metal1	15	22	712.07	75.6	0.00243178	0	0.00243178	1.09246	0
metal1	16	22	768.07	75.6	0.00243178	0	0.00243178	1.09306	0
metal1	17	22	824.07	75.6	0.00243178	0	0.00243178	1.09391	0
metal1	18	22	880.07	75.6	0.00176293	0	0.00176293	1.09506	0
metal1	19	22	936.07	75.6	0	0	0	1.09651	0
metal1	20	22	992.07	75.6	0	0	0	1.09778	0
metal1	21	22	1048.07	75.6	0	0	0	1.09903	0
metal1	22	22	1086.21	75.6	0	0	0	1.09988	0
metal1	0	23	14.095	78.4	0	0	0	1.09991	0
metal1	1	23	40.07	78.4	0	0	0	1.09948	0
metal1	2	23	96.07	78.4	0	0	0	1.09845	0
metal1	3	23	108.455	78.4	0	0	0	1.09826	0
metal1	4	23	109.295	78.4	0	0	0	1.09824	0
metal1	5	23	152.07	78.4	0	0	0	1.09753	0
metal1	6	23	208.07	78.4	0	0	0	1.09662	0
metal1	7	23	264.07	78.4	0	0	0	1.09572	0
metal1	8	23	320.07	78.4	0.000495644	0	0.000495644	1.09477	0
metal1	9	23	376.07	78.4	0.000518272	0	0.000518272	1.09392	0
metal1	10	23	432.07	78.4	0.00233621	0	0.00233621	1.09295	0
metal1	11	23	488.07	78.4	0.00243178	0	0.00243178	1.09237	0
metal1	12	23	544.07	78.4	0.00243178	0	0.00243178	1.09204	0
metal1	13	23	600.07	78.4	0.00243178	0	0.00243178	1.09195	0
metal1	14	23	656.07	78.4	0.00243178	0	0.00243178	1.09209	0
metal1	15	23	712.07	78.4	0.00243178	0	0.00243178	1.09246	0
metal1	16	23	768.07	78.4	0.00243178	0	0.00243178	1.09306	0
metal1	17	23	824.07	78.4	0.00243178	0	0.00243178	1.09391	0
metal1	18	23	880.07	78.4	0.00176293	0	0.00176293	1.09507	0
metal1	19	23	936.07	78.4	0	0	0	1.0965	0
metal1	20	23	992.07	78.4	0	0	0	1.09778	0
metal1	21	23	1048.07	78.4	0	0	0	1.09903	0
metal1	22	23	1086.21	78.4	0	0	0	1.09989	0
metal1	0	24	14.095	81.2	0	0	0	1.09992	0
metal1	1	24	40.07	81.2	0	0	0	1.09949	0
metal1	2	24	96.07	81.2	0	0	0	1.09846	0
metal1	3	24	108.455	81.2	0	0	0	1.09826	0
metal1	4	24	109.295	81.2	0	0	0	1.09825	0
metal1	5	24	152.07	81.2	0	0	0	1.09753	0
metal1	6	24	208.07	81.2	0	0	0	1.09662	0
metal1	7	24	264.07	81.2	0	0	0	1.09571	0
metal1	8	24	320.07	81.2	0.000495644	0	0.000495644	1.09478	0
metal1	9	24	376.07	81.2	0.000518272	0	0.000518272	1.09392	0
metal1	10	24	432.07	81.2	0.00233621	0	0.00233621	1.09297	0
metal1	11	24	488.07	81.2	0.00243178	0	0.00243178	1.09239	0
metal1	12	24	544.07	81.2	0.00243178	0	0.00243178	1.09207	0
metal1	13	24	600.07	81.2	0.00243178	0	0.00243178	1.09197	0
metal1	14	24	656.07	81.2	0.00243178	0	0.00243178	1.09211	0
metal1	15	24	712.07	81.2	0.00243178	0	0.00243178	1.09248	0
metal1	16	24	768.07	81.2	0.00243178	0	0.00243178	1.09309	0
metal1	17	24	824.07	81.2	0.00243178	0	0.00243178	1.09394	0
metal1	18	24	880.07	81.2	0.00176293	0	0.00176293	1.09508	0
metal1	19	24	936.07	81.2	0	0	0	1.0965	0
metal1	20	24	992.07	81.2	0	0	0	1.09778	0
metal1	21	24	1048.07	81.2	0	0	0	1.09904	0
metal1	22	24	1086.21	81.2	0	0	0	1.09991	0
metal1	0	25	14.095	84	0	0	0	1.09994	0
metal1	1	25	40.07	84	0	0	0	1.09949	0
metal1	2	25	96.07	84	0	0	0	1.09847	0
metal1	3	25	108.455	84	0	0	0	1.09826	0
metal1	4	25	109.295	84	0	0	0	1.09825	0
metal1	5	25	152.07	84	0	0	0	1.09754	0
metal1	6	25	208.07	84	9.01401e-13	0	9.01401e-13	1.09662	0
metal1	7	25	264.07	84	0	0	0	1.09571	0
metal1	8	25	320.07	84	0.000495644	0	0.000495644	1.09478	0
metal1	9	25	376.07	84	0.000518272	0	0.000518272	1.09393	0
metal1	10	25	432.07	84	0.00233621	0	0.00233621	1.09302	0
metal1	11	25	488.07	84	0.00243178	0	0.00243178	1.09244	0
metal1	12	25	544.07	84	0.00243178	0	0.00243178	1.09211	0
metal1	13	25	600.07	84	0.00243178	0	0.00243178	1.09202	0
metal1	14	25	656.07	84	0.00243178	0	0.00243178	1.09216	0
metal1	15	25	712.07	84	0.00243178	0	0.00243178	1.09253	0
metal1	16	25	768.07	84	0.00243178	0	0.00243178	1.09313	0
metal1	17	25	824.07	84	0.00243178	0	0.00243178	1.09398	0
metal1	18	25	880.07	84	0.00176293	0	0.00176293	1.09512	0
metal1	19	25	936.07	84	0	0	0	1.0965	0
metal1	20	25	992.07	84	8.92857e-13	0	8.92857e-13	1.09778	0
metal1	21	25	1048.07	84	0	0	0	1.09905	0
metal1	22	25	1086.21	84	0	0	0	1.09993	0
metal1	0	26	14.095	86.8	0	0	0	1.09997	0
metal1	1	26	40.07	86.8	0	0	0	1.0995	0
metal1	2	26	96.07	86.8	0	0	0	1.09848	0
metal1	3	26	108.455	86.8	0	0	0	1.09827	0
metal1	4	26	109.295	86.8	0	0	0	1.09826	0
metal1	5	26	152.07	86.8	0	0	0	1.09754	0
metal1	6	26	208.07	86.8	0	0	0	1.09662	0
metal1	7	26	264.07	86.8	0	0	0	1.09571	0
metal1	8	26	320.07	86.8	0.000495644	0	0.000495644	1.09479	0
metal1	9	26	376.07	86.8	0.000518272	0	0.000518272	1.09394	0
metal1	10	26	432.07	86.8	0.00233621	0	0.00233621	1.09308	0
metal1	11	26	488.07	86.8	0.00243178	0	0.00243178	1.09251	0
metal1	12	26	544.07	86.8	0.00243178	0	0.00243178	1.09218	0
metal1	13	26	600.07	86.8	0.00243178	0	0.00243178	1.09208	0
metal1	14	26	656.07	86.8	0.00243178	0	0.00243178	1.09222	0
metal1	15	26	712.07	86.8	0.00243178	0	0.00243178	1.09259	0
metal1	16	26	768.07	86.8	0.00243178	0	0.00243178	1.0932	0
metal1	17	26	824.07	86.8	0.00243178	0	0.00243178	1.09405	0
metal1	18	26	880.07	86.8	0.00176293	0	0.00176293	1.09517	0
metal1	19	26	936.07	86.8	0	0	0	1.0965	0
metal1	20	26	992.07	86.8	0	0	0	1.09778	0
metal1	21	26	1048.07	86.8	0	0	0	1.09907	0
metal1	22	26	1086.21	86.8	0	0	0	1.09996	0
metal1	0	27	14.095	89.6	0	0	0	1.1	0
metal1	1	27	40.07	89.6	0	0	0	1.09951	0
metal1	2	27	96.07	89.6	0	0	0	1.09849	0
metal1	3	27	108.455	89.6	0	0	0	1.09828	0
metal1	4	27	109.295	89.6	0	0	0	1.09826	0
metal1	5	27	152.07	89.6	0	0	0	1.09755	0
metal1	6	27	208.07	89.6	0	0	0	1.09663	0
metal1	7	27	264.07	89.6	0	0	0	1.09572	0
metal1	8	27	320.07	89.6	0.000495644	0	0.000495644	1.09481	0
metal1	9	27	376.07	89.6	0.000518272	0	0.000518272	1.09396	0
metal1	10	27	432.07	89.6	0.00233621	0	0.00233621	1.09316	0
metal1	11	27	488.07	89.6	0.00243178	0	0.00243178	1.09259	0
metal1	12	27	544.07	89.6	0.00243178	0	0.00243178	1.09226	0
metal1	13	27	600.07	89.6	0.00243178	0	0.00243178	1.09217	0
metal1	14	27	656.07	89.6	0.00243178	0	0.00243178	1.09231	0
metal1	15	27	712.07	89.6	0.00243178	0	0.00243178	1.09268	0
metal1	16	27	768.07	89.6	0.00243178	0	0.00243178	1.09329	0
metal1	17	27	824.07	89.6	0.00243178	0	0.00243178	1.09414	0
metal1	18	27	880.07	89.6	0.00176293	0	0.00176293	1.09523	0
metal1	19	27	936.07	89.6	0	0	0	1.09651	0
metal1	20	27	992.07	89.6	0	0	0	1.09779	0
metal1	21	27	1048.07	89.6	0	0	0	1.09908	0
metal1	22	27	1086.21	89.6	0	0	0	1.1	0
metal1	0	28	14.095	92.4	0	0	0	1.09997	0
metal1	1	28	40.07	92.4	0	0	0	1.0995	0
metal1	2	28	96.07	92.4	0	0	0	1.09848	0
metal1	3	28	108.455	92.4	0	0	0	1.09827	0
metal1	4	28	109.295	92.4	0	0	0	1.09826	0
metal1	5	28	152.07	92.4	0	0	0	1.09754	0
metal1	6	28	208.07	92.4	0	0	0	1.09662	0
metal1	7	28	264.07	92.4	0	0	0	1.09571	0
metal1	8	28	320.07	92.4	0.000495644	0	0.000495644	1.0948	0
metal1	9	28	376.07	92.4	0.000518272	0	0.000518272	1.09394	0
metal1	10	28	432.07	92.4	0.00233621	0	0.00233621	1.09308	0
metal1	11	28	488.07	92.4	0.00243178	0	0.00243178	1.09251	0
metal1	12	28	544.07	92.4	0.00243178	0	0.00243178	1.09218	0
metal1	13	28	600.07	92.4	0.00243178	0	0.00243178	1.09209	0
metal1	14	28	656.07	92.4	0.00243178	0	0.00243178	1.09223	0
metal1	15	28	712.07	92.4	0.00243178	0	0.00243178	1.0926	0
metal1	16	28	768.07	92.4	0.00243178	0	0.00243178	1.09321	0
metal1	17	28	824.07	92.4	0.00243178	0	0.00243178	1.09406	0
metal1	18	28	880.07	92.4	0.00176293	0	0.00176293	1.09517	0
metal1	19	28	936.07	92.4	0	0	0	1.0965	0
metal1	20	28	992.07	92.4	0	0	0	1.09778	0
metal1	21	28	1048.07	92.4	0	0	0	1.09907	0
metal1	22	28	1086.21	92.4	0	0	0	1.09996	0
metal1	0	29	14.095	95.2	0	0	0	1.09994	0
metal1	1	29	40.07	95.2	0	0	0	1.09949	0
metal1	2	29	96.07	95.2	0	0	0	1.09847	0
metal1	3	29	108.455	95.2	0	0	0	1.09826	0
metal1	4	29	109.295	95.2	0	0	0	1.09825	0
metal1	5	29	152.07	95.2	0	0	0	1.09754	0
metal1	6	29	208.07	95.2	0	0	0	1.09662	0
metal1	7	29	264.07	95.2	0	0	0	1.09572	0
metal1	8	29	320.07	95.2	0.000495644	0	0.000495644	1.09479	0
metal1	9	29	376.07	95.2	0.000518272	0	0.000518272	1.09393	0
metal1	10	29	432.07	95.2	0.00233621	0	0.00233621	1.09303	0
metal1	11	29	488.07	95.2	0.00243178	0	0.00243178	1.09245	0
metal1	12	29	544.07	95.2	0.00243178	0	0.00243178	1.09212	0
metal1	13	29	600.07	95.2	0.00243178	0	0.00243178	1.09203	0
metal1	14	29	656.07	95.2	0.00243178	0	0.00243178	1.09217	0
metal1	15	29	712.07	95.2	0.00243178	0	0.00243178	1.09254	0
metal1	16	29	768.07	95.2	0.00243178	0	0.00243178	1.09315	0
metal1	17	29	824.07	95.2	0.00243178	0	0.00243178	1.09399	0
metal1	18	29	880.07	95.2	0.00176293	0	0.00176293	1.09513	0
metal1	19	29	936.07	95.2	0	0	0	1.0965	0
metal1	20	29	992.07	95.2	0	0	0	1.09778	0
metal1	21	29	1048.07	95.2	0	0	0	1.09905	0
metal1	22	29	1086.21	95.2	0	0	0	1.09993	0
metal1	0	30	14.095	98	0	0	0	1.09992	0
metal1	1	30	40.07	98	0	0	0	1.09949	0
metal1	2	30	96.07	98	0	0	0	1.09846	0
metal1	3	30	108.455	98	0	0	0	1.09826	0
metal1	4	30	109.295	98	0	0	0	1.09825	0
metal1	5	30	152.07	98	0	0	0	1.09754	0
metal1	6	30	208.07	98	0	0	0	1.09662	0
metal1	7	30	264.07	98	0	0	0	1.09572	0
metal1	8	30	320.07	98	0.000495644	0	0.000495644	1.09478	0
metal1	9	30	376.07	98	0.000518272	0	0.000518272	1.09393	0
metal1	10	30	432.07	98	0.00233621	0	0.00233621	1.09299	0
metal1	11	30	488.07	98	0.00243178	0	0.00243178	1.09241	0
metal1	12	30	544.07	98	0.00243178	0	0.00243178	1.09208	0
metal1	13	30	600.07	98	0.00243178	0	0.00243178	1.09199	0
metal1	14	30	656.07	98	0.00243178	0	0.00243178	1.09213	0
metal1	15	30	712.07	98	0.00243178	0	0.00243178	1.0925	0
metal1	16	30	768.07	98	0.00243178	0	0.00243178	1.09311	0
metal1	17	30	824.07	98	0.00243178	0	0.00243178	1.09395	0
metal1	18	30	880.07	98	0.00176293	0	0.00176293	1.0951	0
metal1	19	30	936.07	98	0	0	0	1.09651	0
metal1	20	30	992.07	98	0	0	0	1.09778	0
metal1	21	30	1048.07	98	0	0	0	1.09904	0
metal1	22	30	1086.21	98	0	0	0	1.09991	0
metal1	0	31	14.095	100.8	0	0	0	1.09991	0
metal1	1	31	40.07	100.8	0	0	0	1.09948	0
metal1	2	31	96.07	100.8	0	0	0	1.09845	0
metal1	3	31	108.455	100.8	0	0	0	1.09826	0
metal1	4	31	109.295	100.8	0	0	0	1.09824	0
metal1	5	31	152.07	100.8	0	0	0	1.09754	0
metal1	6	31	208.07	100.8	0	0	0	1.09663	0
metal1	7	31	264.07	100.8	0	0	0	1.09573	0
metal1	8	31	320.07	100.8	0.000495644	0	0.000495644	1.09479	0
metal1	9	31	376.07	100.8	0.000518272	0	0.000518272	1.09393	0
metal1	10	31	432.07	100.8	0.00233621	0	0.00233621	1.09297	0
metal1	11	31	488.07	100.8	0.00243178	0	0.00243178	1.09239	0
metal1	12	31	544.07	100.8	0.00243178	0	0.00243178	1.09207	0
metal1	13	31	600.07	100.8	0.00243178	0	0.00243178	1.09198	0
metal1	14	31	656.07	100.8	0.00243178	0	0.00243178	1.09212	0
metal1	15	31	712.07	100.8	0.00243178	0	0.00243178	1.09249	0
metal1	16	31	768.07	100.8	0.00243178	0	0.00243178	1.09309	0
metal1	17	31	824.07	100.8	0.00243178	0	0.00243178	1.09393	0
metal1	18	31	880.07	100.8	0.00176293	0	0.00176293	1.09508	0
metal1	19	31	936.07	100.8	0	0	0	1.09651	0
metal1	20	31	992.07	100.8	0	0	0	1.09779	0
metal1	21	31	1048.07	100.8	0	0	0	1.09904	0
metal1	22	31	1086.21	100.8	0	0	0	1.09989	0
metal1	0	32	14.095	103.6	0	0	0	1.09991	0
metal1	1	32	40.07	103.6	0	0	0	1.09948	0
metal1	2	32	96.07	103.6	0	0	0	1.09845	0
metal1	3	32	108.455	103.6	0	0	0	1.09826	0
metal1	4	32	109.295	103.6	0	0	0	1.09825	0
metal1	5	32	152.07	103.6	0	0	0	1.09754	0
metal1	6	32	208.07	103.6	0	0	0	1.09663	0
metal1	7	32	264.07	103.6	0	0	0	1.09573	0
metal1	8	32	320.07	103.6	0.000495644	0	0.000495644	1.09479	0
metal1	9	32	376.07	103.6	0.000518272	0	0.000518272	1.09394	0
metal1	10	32	432.07	103.6	0.00233621	0	0.00233621	1.09297	0
metal1	11	32	488.07	103.6	0.00243178	0	0.00243178	1.09239	0
metal1	12	32	544.07	103.6	0.00243178	0	0.00243178	1.09207	0
metal1	13	32	600.07	103.6	0.00243178	0	0.00243178	1.09198	0
metal1	14	32	656.07	103.6	0.00243178	0	0.00243178	1.09212	0
metal1	15	32	712.07	103.6	0.00243178	0	0.00243178	1.09249	0
metal1	16	32	768.07	103.6	0.00243178	0	0.00243178	1.09309	0
metal1	17	32	824.07	103.6	0.00243178	0	0.00243178	1.09393	0
metal1	18	32	880.07	103.6	0.00176293	0	0.00176293	1.09508	0
metal1	19	32	936.07	103.6	0	0	0	1.09652	0
metal1	20	32	992.07	103.6	0	0	0	1.09779	0
metal1	21	32	1048.07	103.6	0	0	0	1.09904	0
metal1	22	32	1086.21	103.6	0	0	0	1.09988	0
metal1	0	33	14.095	106.4	0	0	0	1.09991	0
metal1	1	33	40.07	106.4	0	0	0	1.09948	0
metal1	2	33	96.07	106.4	0	0	0	1.09846	0
metal1	3	33	108.455	106.4	0	0	0	1.09826	0
metal1	4	33	109.295	106.4	0	0	0	1.09825	0
metal1	5	33	152.07	106.4	0	0	0	1.09754	0
metal1	6	33	208.07	106.4	0	0	0	1.09664	0
metal1	7	33	264.07	106.4	0	0	0	1.09574	0
metal1	8	33	320.07	106.4	0.000495644	0	0.000495644	1.09481	0
metal1	9	33	376.07	106.4	0.000518272	0	0.000518272	1.09396	0
metal1	10	33	432.07	106.4	0.00233621	0	0.00233621	1.09299	0
metal1	11	33	488.07	106.4	0.00243178	0	0.00243178	1.09242	0
metal1	12	33	544.07	106.4	0.00243178	0	0.00243178	1.0921	0
metal1	13	33	600.07	106.4	0.00243178	0	0.00243178	1.09201	0
metal1	14	33	656.07	106.4	0.00243178	0	0.00243178	1.09215	0
metal1	15	33	712.07	106.4	0.00243178	0	0.00243178	1.09252	0
metal1	16	33	768.07	106.4	0.00243178	0	0.00243178	1.09312	0
metal1	17	33	824.07	106.4	0.00243178	0	0.00243178	1.09395	0
metal1	18	33	880.07	106.4	0.00176293	0	0.00176293	1.0951	0
metal1	19	33	936.07	106.4	0	0	0	1.09653	0
metal1	20	33	992.07	106.4	0	0	0	1.0978	0
metal1	21	33	1048.07	106.4	0	0	0	1.09904	0
metal1	22	33	1086.21	106.4	0	0	0	1.09989	0
metal1	0	34	14.095	109.2	0	0	0	1.09991	0
metal1	1	34	40.07	109.2	0	0	0	1.09948	0
metal1	2	34	96.07	109.2	0	0	0	1.09846	0
metal1	3	34	108.455	109.2	0	0	0	1.09827	0
metal1	4	34	109.295	109.2	0	0	0	1.09825	0
metal1	5	34	152.07	109.2	0	0	0	1.09755	0
metal1	6	34	208.07	109.2	0	0	0	1.09665	0
metal1	7	34	264.07	109.2	0	0	0	1.09576	0
metal1	8	34	320.07	109.2	0.000495644	0	0.000495644	1.09483	0
metal1	9	34	376.07	109.2	0.000518272	0	0.000518272	1.09399	0
metal1	10	34	432.07	109.2	0.00233621	0	0.00233621	1.09304	0
metal1	11	34	488.07	109.2	0.00243178	0	0.00243178	1.09247	0
metal1	12	34	544.07	109.2	0.00243178	0	0.00243178	1.09215	0
metal1	13	34	600.07	109.2	0.00243178	0	0.00243178	1.09206	0
metal1	14	34	656.07	109.2	0.00243178	0	0.00243178	1.0922	0
metal1	15	34	712.07	109.2	0.00243178	0	0.00243178	1.09257	0
metal1	16	34	768.07	109.2	0.00243178	0	0.00243178	1.09316	0
metal1	17	34	824.07	109.2	0.00243178	0	0.00243178	1.094	0
metal1	18	34	880.07	109.2	0.00176293	0	0.00176293	1.09514	0
metal1	19	34	936.07	109.2	0	0	0	1.09655	0
metal1	20	34	992.07	109.2	0	0	0	1.09781	0
metal1	21	34	1048.07	109.2	0	0	0	1.09905	0
metal1	22	34	1086.21	109.2	0	0	0	1.09989	0
metal1	0	35	14.095	112	0	0	0	1.09993	0
metal1	1	35	40.07	112	0	0	0	1.09949	0
metal1	2	35	96.07	112	0	0	0	1.09847	0
metal1	3	35	108.455	112	0	0	0	1.09827	0
metal1	4	35	109.295	112	0	0	0	1.09826	0
metal1	5	35	152.07	112	0	0	0	1.09756	0
metal1	6	35	208.07	112	0	0	0	1.09666	0
metal1	7	35	264.07	112	0	0	0	1.09577	0
metal1	8	35	320.07	112	0.000495644	0	0.000495644	1.09485	0
metal1	9	35	376.07	112	0.000518272	0	0.000518272	1.09402	0
metal1	10	35	432.07	112	0.00233621	0	0.00233621	1.0931	0
metal1	11	35	488.07	112	0.00243178	0	0.00243178	1.09254	0
metal1	12	35	544.07	112	0.00243178	0	0.00243178	1.09222	0
metal1	13	35	600.07	112	0.00243178	0	0.00243178	1.09213	0
metal1	14	35	656.07	112	0.00243178	0	0.00243178	1.09227	0
metal1	15	35	712.07	112	0.00243178	0	0.00243178	1.09264	0
metal1	16	35	768.07	112	0.00243178	0	0.00243178	1.09323	0
metal1	17	35	824.07	112	0.00243178	0	0.00243178	1.09406	0
metal1	18	35	880.07	112	0.00176293	0	0.00176293	1.09519	0
metal1	19	35	936.07	112	0	0	0	1.09657	0
metal1	20	35	992.07	112	0	0	0	1.09782	0
metal1	21	35	1048.07	112	0	0	0	1.09906	0
metal1	22	35	1086.21	112	0	0	0	1.09991	0
metal1	0	36	14.095	114.8	0	0	0	1.09995	0
metal1	1	36	40.07	114.8	0	0	0	1.0995	0
metal1	2	36	96.07	114.8	0	0	0	1.09849	0
metal1	3	36	108.455	114.8	0	0	0	1.09828	0
metal1	4	36	109.295	114.8	0	0	0	1.09827	0
metal1	5	36	152.07	114.8	0	0	0	1.09757	0
metal1	6	36	208.07	114.8	0	0	0	1.09667	0
metal1	7	36	264.07	114.8	0	0	0	1.09579	0
metal1	8	36	320.07	114.8	0.000495644	0	0.000495644	1.09489	0
metal1	9	36	376.07	114.8	0.000518272	0	0.000518272	1.09406	0
metal1	10	36	432.07	114.8	0.00233621	0	0.00233621	1.09318	0
metal1	11	36	488.07	114.8	0.00243178	0	0.00243178	1.09263	0
metal1	12	36	544.07	114.8	0.00243178	0	0.00243178	1.09231	0
metal1	13	36	600.07	114.8	0.00243178	0	0.00243178	1.09223	0
metal1	14	36	656.07	114.8	0.00243178	0	0.00243178	1.09237	0
metal1	15	36	712.07	114.8	0.00243178	0	0.00243178	1.09273	0
metal1	16	36	768.07	114.8	0.00243178	0	0.00243178	1.09333	0
metal1	17	36	824.07	114.8	0.00243178	0	0.00243178	1.09415	0
metal1	18	36	880.07	114.8	0.00176293	0	0.00176293	1.09525	0
metal1	19	36	936.07	114.8	0	0	0	1.09659	0
metal1	20	36	992.07	114.8	0	0	0	1.09783	0
metal1	21	36	1048.07	114.8	0	0	0	1.09908	0
metal1	22	36	1086.21	114.8	0	0	0	1.09994	0
metal1	0	37	14.095	117.6	0	0	0	1.09998	0
metal1	1	37	40.07	117.6	0	0	0	1.09951	0
metal1	2	37	96.07	117.6	0	0	0	1.0985	0
metal1	3	37	108.455	117.6	0	0	0	1.0983	0
metal1	4	37	109.295	117.6	0	0	0	1.09828	0
metal1	5	37	152.07	117.6	0	0	0	1.09758	0
metal1	6	37	208.07	117.6	0	0	0	1.09669	0
metal1	7	37	264.07	117.6	0	0	0	1.09581	0
metal1	8	37	320.07	117.6	0.000495644	0	0.000495644	1.09492	0
metal1	9	37	376.07	117.6	0.000518272	0	0.000518272	1.0941	0
metal1	10	37	432.07	117.6	0.00233621	0	0.00233621	1.09329	0
metal1	11	37	488.07	117.6	0.00243178	0	0.00243178	1.09274	0
metal1	12	37	544.07	117.6	0.00243178	0	0.00243178	1.09243	0
metal1	13	37	600.07	117.6	0.00243178	0	0.00243178	1.09234	0
metal1	14	37	656.07	117.6	0.00243178	0	0.00243178	1.09248	0
metal1	15	37	712.07	117.6	0.00243178	0	0.00243178	1.09285	0
metal1	16	37	768.07	117.6	0.00243178	0	0.00243178	1.09344	0
metal1	17	37	824.07	117.6	0.00243178	0	0.00243178	1.09426	0
metal1	18	37	880.07	117.6	0.00176293	0	0.00176293	1.09533	0
metal1	19	37	936.07	117.6	0	0	0	1.09661	0
metal1	20	37	992.07	117.6	0	0	0	1.09785	0
metal1	21	37	1048.07	117.6	0	0	0	1.0991	0
metal1	22	37	1086.21	117.6	0	0	0	1.09997	0
metal1	0	38	14.095	120.4	0	0	0	1.09999	0
metal1	1	38	40.07	120.4	0	0	0	1.09951	0
metal1	2	38	96.07	120.4	0	0	0	1.09851	0
metal1	3	38	108.455	120.4	0	0	0	1.0983	0
metal1	4	38	109.295	120.4	0	0	0	1.09829	0
metal1	5	38	152.07	120.4	0	0	0	1.09759	0
metal1	6	38	208.07	120.4	0	0	0	1.0967	0
metal1	7	38	264.07	120.4	0	0	0	1.09583	0
metal1	8	38	320.07	120.4	0.000495644	0	0.000495644	1.09495	0
metal1	9	38	376.07	120.4	0.000518272	0	0.000518272	1.09414	0
metal1	10	38	432.07	120.4	0.00233621	0	0.00233621	1.09336	0
metal1	11	38	488.07	120.4	0.00243178	0	0.00243178	1.09282	0
metal1	12	38	544.07	120.4	0.00243178	0	0.00243178	1.09251	0
metal1	13	38	600.07	120.4	0.00243178	0	0.00243178	1.09243	0
metal1	14	38	656.07	120.4	0.00243178	0	0.00243178	1.09257	0
metal1	15	38	712.07	120.4	0.00243178	0	0.00243178	1.09293	0
metal1	16	38	768.07	120.4	0.00243178	0	0.00243178	1.09352	0
metal1	17	38	824.07	120.4	0.00243178	0	0.00243178	1.09433	0
metal1	18	38	880.07	120.4	0.00176293	0	0.00176293	1.09539	0
metal1	19	38	936.07	120.4	0	0	0	1.09663	0
metal1	20	38	992.07	120.4	0	0	0	1.09786	0
metal1	21	38	1048.07	120.4	0	0	0	1.09911	0
metal1	22	38	1086.21	120.4	0	0	0	1.09999	0
metal1	0	39	14.095	123.2	0	0	0	1.09996	0
metal1	1	39	40.07	123.2	0	0	0	1.0995	0
metal1	2	39	96.07	123.2	0	0	0	1.0985	0
metal1	3	39	108.455	123.2	0	0	0	1.0983	0
metal1	4	39	109.295	123.2	0	0	0	1.09829	0
metal1	5	39	152.07	123.2	0	0	0	1.09759	0
metal1	6	39	208.07	123.2	0	0	0	1.09671	0
metal1	7	39	264.07	123.2	0	0	0	1.09584	0
metal1	8	39	320.07	123.2	0.000495644	0	0.000495644	1.09496	0
metal1	9	39	376.07	123.2	0.000518272	0	0.000518272	1.09416	0
metal1	10	39	432.07	123.2	0.00233621	0	0.00233621	1.09333	0
metal1	11	39	488.07	123.2	0.00243178	0	0.00243178	1.09279	0
metal1	12	39	544.07	123.2	0.00243178	0	0.00243178	1.09249	0
metal1	13	39	600.07	123.2	0.00243178	0	0.00243178	1.09241	0
metal1	14	39	656.07	123.2	0.00243178	0	0.00243178	1.09255	0
metal1	15	39	712.07	123.2	0.00243178	0	0.00243178	1.09291	0
metal1	16	39	768.07	123.2	0.00243178	0	0.00243178	1.09349	0
metal1	17	39	824.07	123.2	0.00243178	0	0.00243178	1.0943	0
metal1	18	39	880.07	123.2	0.00176293	0	0.00176293	1.09537	0
metal1	19	39	936.07	123.2	0	0	0	1.09665	0
metal1	20	39	992.07	123.2	0	0	0	1.09788	0
metal1	21	39	1048.07	123.2	0	0	0	1.09909	0
metal1	22	39	1086.21	123.2	0	0	0	1.09995	0
metal1	0	40	14.095	126	0	0	0	1.09994	0
metal1	1	40	40.07	126	0	0	0	1.09949	0
metal1	2	40	96.07	126	0	0	0	1.0985	0
metal1	3	40	108.455	126	0	0	0	1.0983	0
metal1	4	40	109.295	126	0	0	0	1.09829	0
metal1	5	40	152.07	126	0	0	0	1.09759	0
metal1	6	40	208.07	126	0	0	0	1.09672	0
metal1	7	40	264.07	126	0	0	0	1.09586	0
metal1	8	40	320.07	126	0.000495644	0	0.000495644	1.09498	0
metal1	9	40	376.07	126	0.000518272	0	0.000518272	1.09418	0
metal1	10	40	432.07	126	0.00233621	0	0.00233621	1.09331	0
metal1	11	40	488.07	126	0.00243178	0	0.00243178	1.09278	0
metal1	12	40	544.07	126	0.00243178	0	0.00243178	1.09248	0
metal1	13	40	600.07	126	0.00243178	0	0.00243178	1.09241	0
metal1	14	40	656.07	126	0.00243178	0	0.00243178	1.09255	0
metal1	15	40	712.07	126	0.00243178	0	0.00243178	1.09291	0
metal1	16	40	768.07	126	0.00243178	0	0.00243178	1.09349	0
metal1	17	40	824.07	126	0.00243178	0	0.00243178	1.09429	0
metal1	18	40	880.07	126	0.00176293	0	0.00176293	1.09536	0
metal1	19	40	936.07	126	0	0	0	1.09667	0
metal1	20	40	992.07	126	0	0	0	1.09789	0
metal1	21	40	1048.07	126	0	0	0	1.09908	0
metal1	22	40	1086.21	126	0	0	0	1.09992	0
metal1	0	41	14.095	128.8	0	0	0	1.09992	0
metal1	1	41	40.07	128.8	0	0	0	1.09948	0
metal1	2	41	96.07	128.8	0	0	0	1.0985	0
metal1	3	41	108.455	128.8	0	0	0	1.09831	0
metal1	4	41	109.295	128.8	0	0	0	1.09829	0
metal1	5	41	152.07	128.8	0	0	0	1.09759	0
metal1	6	41	208.07	128.8	0	0	0	1.09674	0
metal1	7	41	264.07	128.8	0	0	0	1.09588	0
metal1	8	41	320.07	128.8	0.000495644	0	0.000495644	1.095	0
metal1	9	41	376.07	128.8	0.000518272	0	0.000518272	1.09421	0
metal1	10	41	432.07	128.8	0.00233621	0	0.00233621	1.09332	0
metal1	11	41	488.07	128.8	0.00243178	0	0.00243178	1.0928	0
metal1	12	41	544.07	128.8	0.00243178	0	0.00243178	1.0925	0
metal1	13	41	600.07	128.8	0.00243178	0	0.00243178	1.09243	0
metal1	14	41	656.07	128.8	0.00243178	0	0.00243178	1.09257	0
metal1	15	41	712.07	128.8	0.00243178	0	0.00243178	1.09293	0
metal1	16	41	768.07	128.8	0.00243178	0	0.00243178	1.0935	0
metal1	17	41	824.07	128.8	0.00243178	0	0.00243178	1.09429	0
metal1	18	41	880.07	128.8	0.00176293	0	0.00176293	1.09537	0
metal1	19	41	936.07	128.8	0	0	0	1.0967	0
metal1	20	41	992.07	128.8	0	0	0	1.0979	0
metal1	21	41	1048.07	128.8	0	0	0	1.09908	0
metal1	22	41	1086.21	128.8	0	0	0	1.0999	0
metal1	0	42	14.095	131.6	0	0	0	1.09991	0
metal1	1	42	40.07	131.6	0	0	0	1.09947	0
metal1	2	42	96.07	131.6	0	0	0	1.0985	0
metal1	3	42	108.455	131.6	0	0	0	1.09831	0
metal1	4	42	109.295	131.6	0	0	0	1.0983	0
metal1	5	42	152.07	131.6	0	0	0	1.0976	0
metal1	6	42	208.07	131.6	0	0	0	1.09675	0
metal1	7	42	264.07	131.6	0	0	0	1.09591	0
metal1	8	42	320.07	131.6	0.000495644	0	0.000495644	1.09503	0
metal1	9	42	376.07	131.6	0.000518272	0	0.000518272	1.09425	0
metal1	10	42	432.07	131.6	0.00233621	0	0.00233621	1.09335	0
metal1	11	42	488.07	131.6	0.00243178	0	0.00243178	1.09283	0
metal1	12	42	544.07	131.6	0.00243178	0	0.00243178	1.09255	0
metal1	13	42	600.07	131.6	0.00243178	0	0.00243178	1.09248	0
metal1	14	42	656.07	131.6	0.00243178	0	0.00243178	1.09262	0
metal1	15	42	712.07	131.6	0.00243178	0	0.00243178	1.09297	0
metal1	16	42	768.07	131.6	0.00243178	0	0.00243178	1.09354	0
metal1	17	42	824.07	131.6	0.00243178	0	0.00243178	1.09432	0
metal1	18	42	880.07	131.6	0.00176293	0	0.00176293	1.0954	0
metal1	19	42	936.07	131.6	0	0	0	1.09672	0
metal1	20	42	992.07	131.6	0	0	0	1.09792	0
metal1	21	42	1048.07	131.6	0	0	0	1.09908	0
metal1	22	42	1086.21	131.6	0	0	0	1.09989	0
metal1	0	43	14.095	134.4	0	0	0	1.0999	0
metal1	1	43	40.07	134.4	0	0	0	1.09947	0
metal1	2	43	96.07	134.4	0	0	0	1.0985	0
metal1	3	43	108.455	134.4	0	0	0	1.09832	0
metal1	4	43	109.295	134.4	0	0	0	1.09831	0
metal1	5	43	152.07	134.4	0	0	0	1.0976	0
metal1	6	43	208.07	134.4	0	0	0	1.09677	0
metal1	7	43	264.07	134.4	0	0	0	1.09593	0
metal1	8	43	320.07	134.4	0.000495644	0	0.000495644	1.09507	0
metal1	9	43	376.07	134.4	0.000518272	0	0.000518272	1.09429	0
metal1	10	43	432.07	134.4	0.00233621	0	0.00233621	1.0934	0
metal1	11	43	488.07	134.4	0.00243178	0	0.00243178	1.09289	0
metal1	12	43	544.07	134.4	0.00243178	0	0.00243178	1.09261	0
metal1	13	43	600.07	134.4	0.00243178	0	0.00243178	1.09254	0
metal1	14	43	656.07	134.4	0.00243178	0	0.00243178	1.09269	0
metal1	15	43	712.07	134.4	0.00243178	0	0.00243178	1.09304	0
metal1	16	43	768.07	134.4	0.00243178	0	0.00243178	1.0936	0
metal1	17	43	824.07	134.4	0.00243178	0	0.00243178	1.09437	0
metal1	18	43	880.07	134.4	0.00176293	0	0.00176293	1.09544	0
metal1	19	43	936.07	134.4	0	0	0	1.09675	0
metal1	20	43	992.07	134.4	0	0	0	1.09794	0
metal1	21	43	1048.07	134.4	0	0	0	1.09908	0
metal1	22	43	1086.21	134.4	0	0	0	1.09989	0
metal1	0	44	14.095	137.2	0	0	0	1.09991	0
metal1	1	44	40.07	137.2	0	0	0	1.09947	0
metal1	2	44	96.07	137.2	0	0	0	1.09851	0
metal1	3	44	108.455	137.2	0	0	0	1.09833	0
metal1	4	44	109.295	137.2	0	0	0	1.09832	0
metal1	5	44	152.07	137.2	0	0	0	1.09761	0
metal1	6	44	208.07	137.2	0	0	0	1.09679	0
metal1	7	44	264.07	137.2	0	0	0	1.09596	0
metal1	8	44	320.07	137.2	0.000495644	0	0.000495644	1.09511	0
metal1	9	44	376.07	137.2	0.000518272	0	0.000518272	1.09435	0
metal1	10	44	432.07	137.2	0.00233621	0	0.00233621	1.09347	0
metal1	11	44	488.07	137.2	0.00243178	0	0.00243178	1.09297	0
metal1	12	44	544.07	137.2	0.00243178	0	0.00243178	1.0927	0
metal1	13	44	600.07	137.2	0.00243178	0	0.00243178	1.09263	0
metal1	14	44	656.07	137.2	0.00243178	0	0.00243178	1.09278	0
metal1	15	44	712.07	137.2	0.00243178	0	0.00243178	1.09313	0
metal1	16	44	768.07	137.2	0.00243178	0	0.00243178	1.09368	0
metal1	17	44	824.07	137.2	0.00243178	0	0.00243178	1.09445	0
metal1	18	44	880.07	137.2	0.00176293	0	0.00176293	1.09549	0
metal1	19	44	936.07	137.2	0	0	0	1.09679	0
metal1	20	44	992.07	137.2	0	0	0	1.09796	0
metal1	21	44	1048.07	137.2	0	0	0	1.09908	0
metal1	22	44	1086.21	137.2	0	0	0	1.09989	0
metal1	0	45	14.095	140	0	0	0	1.09992	0
metal1	1	45	40.07	140	0	0	0	1.09948	0
metal1	2	45	96.07	140	0	0	0	1.09853	0
metal1	3	45	108.455	140	0	0	0	1.09834	0
metal1	4	45	109.295	140	0	0	0	1.09833	0
metal1	5	45	152.07	140	0	0	0	1.09764	0
metal1	6	45	208.07	140	0	0	0	1.09681	0
metal1	7	45	264.07	140	0	0	0	1.09599	0
metal1	8	45	320.07	140	0.000495644	0	0.000495644	1.09515	0
metal1	9	45	376.07	140	0.000518272	0	0.000518272	1.0944	0
metal1	10	45	432.07	140	0.00233621	0	0.00233621	1.09356	0
metal1	11	45	488.07	140	0.00243178	0	0.00243178	1.09307	0
metal1	12	45	544.07	140	0.00243178	0	0.00243178	1.09281	0
metal1	13	45	600.07	140	0.00243178	0	0.00243178	1.09275	0
metal1	14	45	656.07	140	0.00243178	0	0.00243178	1.09289	0
metal1	15	45	712.07	140	0.00243178	0	0.00243178	1.09324	0
metal1	16	45	768.07	140	0.00243178	0	0.00243178	1.09379	0
metal1	17	45	824.07	140	0.00243178	0	0.00243178	1.09454	0
metal1	18	45	880.07	140	0.00176293	0	0.00176293	1.09557	0
metal1	19	45	936.07	140	0	0	0	1.09682	0
metal1	20	45	992.07	140	0	0	0	1.09799	0
metal1	21	45	1048.07	140	0	0	0	1.0991	0
metal1	22	45	1086.21	140	0	0	0	1.0999	0
metal1	0	46	14.095	142.8	0	0	0	1.09993	0
metal1	1	46	40.07	142.8	0	0	0	1.0995	0
metal1	2	46	96.07	142.8	0	0	0	1.09854	0
metal1	3	46	108.455	142.8	0	0	0	1.09835	0
metal1	4	46	109.295	142.8	0	0	0	1.09834	0
metal1	5	46	152.07	142.8	0	0	0	1.09766	0
metal1	6	46	208.07	142.8	0	0	0	1.09684	0
metal1	7	46	264.07	142.8	0	0	0	1.09603	0
metal1	8	46	320.07	142.8	0.000495644	0	0.000495644	1.0952	0
metal1	9	46	376.07	142.8	0.000518272	0	0.000518272	1.09447	0
metal1	10	46	432.07	142.8	0.00233621	0	0.00233621	1.09367	0
metal1	11	46	488.07	142.8	0.00243178	0	0.00243178	1.09319	0
metal1	12	46	544.07	142.8	0.00243178	0	0.00243178	1.09294	0
metal1	13	46	600.07	142.8	0.00243178	0	0.00243178	1.09288	0
metal1	14	46	656.07	142.8	0.00243178	0	0.00243178	1.09302	0
metal1	15	46	712.07	142.8	0.00243178	0	0.00243178	1.09337	0
metal1	16	46	768.07	142.8	0.00243178	0	0.00243178	1.09391	0
metal1	17	46	824.07	142.8	0.00243178	0	0.00243178	1.09466	0
metal1	18	46	880.07	142.8	0.00176293	0	0.00176293	1.09566	0
metal1	19	46	936.07	142.8	0	0	0	1.09687	0
metal1	20	46	992.07	142.8	0	0	0	1.09801	0
metal1	21	46	1048.07	142.8	0	0	0	1.09912	0
metal1	22	46	1086.21	142.8	0	0	0	1.09992	0
metal1	0	47	14.095	145.6	0	0	0	1.09996	0
metal1	1	47	40.07	145.6	0	0	0	1.09951	0
metal1	2	47	96.07	145.6	0	0	0	1.09856	0
metal1	3	47	108.455	145.6	0	0	0	1.09837	0
metal1	4	47	109.295	145.6	0	0	0	1.09836	0
metal1	5	47	152.07	145.6	0	0	0	1.09769	0
metal1	6	47	208.07	145.6	0	0	0	1.09687	0
metal1	7	47	264.07	145.6	0	0	0	1.09606	0
metal1	8	47	320.07	145.6	0.000495644	0	0.000495644	1.09526	0
metal1	9	47	376.07	145.6	0.000518272	0	0.000518272	1.09454	0
metal1	10	47	432.07	145.6	0.00233621	0	0.00233621	1.0938	0
metal1	11	47	488.07	145.6	0.00243178	0	0.00243178	1.09334	0
metal1	12	47	544.07	145.6	0.00243178	0	0.00243178	1.09309	0
metal1	13	47	600.07	145.6	0.00243178	0	0.00243178	1.09303	0
metal1	14	47	656.07	145.6	0.00243178	0	0.00243178	1.09318	0
metal1	15	47	712.07	145.6	0.00243178	0	0.00243178	1.09352	0
metal1	16	47	768.07	145.6	0.00243178	0	0.00243178	1.09406	0
metal1	17	47	824.07	145.6	0.00243178	0	0.00243178	1.0948	0
metal1	18	47	880.07	145.6	0.00176293	0	0.00176293	1.09576	0
metal1	19	47	936.07	145.6	0	0	0	1.09692	0
metal1	20	47	992.07	145.6	0	0	0	1.09804	0
metal1	21	47	1048.07	145.6	0	0	0	1.09915	0
metal1	22	47	1086.21	145.6	0	0	0	1.09995	0
metal1	0	48	14.095	148.4	0	0	0	1.09999	0
metal1	1	48	40.07	148.4	0	0	0	1.09953	0
metal1	2	48	96.07	148.4	0	0	0	1.09859	0
metal1	3	48	108.455	148.4	0	0	0	1.09839	0
metal1	4	48	109.295	148.4	0	0	0	1.09838	0
metal1	5	48	152.07	148.4	0	0	0	1.09772	0
metal1	6	48	208.07	148.4	0	0	0	1.09689	0
metal1	7	48	264.07	148.4	0	0	0	1.0961	0
metal1	8	48	320.07	148.4	0.000495644	0	0.000495644	1.09533	0
metal1	9	48	376.07	148.4	0.000518272	0	0.000518272	1.09462	0
metal1	10	48	432.07	148.4	0.00233621	0	0.00233621	1.09396	0
metal1	11	48	488.07	148.4	0.00243178	0	0.00243178	1.09351	0
metal1	12	48	544.07	148.4	0.00243178	0	0.00243178	1.09326	0
metal1	13	48	600.07	148.4	0.00243178	0	0.00243178	1.09321	0
metal1	14	48	656.07	148.4	0.00243178	0	0.00243178	1.09336	0
metal1	15	48	712.07	148.4	0.00243178	0	0.00243178	1.0937	0
metal1	16	48	768.07	148.4	0.00243178	0	0.00243178	1.09423	0
metal1	17	48	824.07	148.4	0.00243178	0	0.00243178	1.09496	0
metal1	18	48	880.07	148.4	0.00176293	0	0.00176293	1.09588	0
metal1	19	48	936.07	148.4	0	0	0	1.09698	0
metal1	20	48	992.07	148.4	0	0	0	1.09807	0
metal1	21	48	1048.07	148.4	0	0	0	1.09919	0
metal1	22	48	1086.21	148.4	0	0	0	1.09998	0
metal1	0	49	14.095	151.2	0	0	0	1.09998	0
metal1	1	49	40.07	151.2	0	0	0	1.09954	0
metal1	2	49	96.07	151.2	0	0	0	1.09859	0
metal1	3	49	108.455	151.2	0	0	0	1.0984	0
metal1	4	49	109.295	151.2	0	0	0	1.09839	0
metal1	5	49	152.07	151.2	0	0	0	1.09774	0
metal1	6	49	208.07	151.2	0	0	0	1.09691	0
metal1	7	49	264.07	151.2	0	0	0	1.09612	0
metal1	8	49	320.07	151.2	0.000495644	0	0.000495644	1.09537	0
metal1	9	49	376.07	151.2	0.000518272	0	0.000518272	1.09468	0
metal1	10	49	432.07	151.2	0.00233621	0	0.00233621	1.09404	0
metal1	11	49	488.07	151.2	0.00243178	0	0.00243178	1.09361	0
metal1	12	49	544.07	151.2	0.00243178	0	0.00243178	1.09337	0
metal1	13	49	600.07	151.2	0.00243178	0	0.00243178	1.09332	0
metal1	14	49	656.07	151.2	0.00243178	0	0.00243178	1.09347	0
metal1	15	49	712.07	151.2	0.00243178	0	0.00243178	1.09381	0
metal1	16	49	768.07	151.2	0.00243178	0	0.00243178	1.09434	0
metal1	17	49	824.07	151.2	0.00243178	0	0.00243178	1.09505	0
metal1	18	49	880.07	151.2	0.00176293	0	0.00176293	1.09596	0
metal1	19	49	936.07	151.2	0	0	0	1.09702	0
metal1	20	49	992.07	151.2	0	0	0	1.0981	0
metal1	21	49	1048.07	151.2	0	0	0	1.0992	0
metal1	22	49	1086.21	151.2	0	0	0	1.09998	0
metal1	0	50	14.095	154	0	0	0	1.09996	0
metal1	1	50	40.07	154	0	0	0	1.09953	0
metal1	2	50	96.07	154	0	0	0	1.09859	0
metal1	3	50	108.455	154	0	0	0	1.0984	0
metal1	4	50	109.295	154	0	0	0	1.09839	0
metal1	5	50	152.07	154	0	0	0	1.09775	0
metal1	6	50	208.07	154	0	0	0	1.09692	0
metal1	7	50	264.07	154	0	0	0	1.09614	0
metal1	8	50	320.07	154	0.000495644	0	0.000495644	1.09539	0
metal1	9	50	376.07	154	0.000518272	0	0.000518272	1.09472	0
metal1	10	50	432.07	154	0.00233621	0	0.00233621	1.09408	0
metal1	11	50	488.07	154	0.00243178	0	0.00243178	1.09366	0
metal1	12	50	544.07	154	0.00243178	0	0.00243178	1.09343	0
metal1	13	50	600.07	154	0.00243178	0	0.00243178	1.09338	0
metal1	14	50	656.07	154	0.00243178	0	0.00243178	1.09353	0
metal1	15	50	712.07	154	0.00243178	0	0.00243178	1.09387	0
metal1	16	50	768.07	154	0.00243178	0	0.00243178	1.0944	0
metal1	17	50	824.07	154	0.00243178	0	0.00243178	1.0951	0
metal1	18	50	880.07	154	0.00176293	0	0.00176293	1.09599	0
metal1	19	50	936.07	154	0	0	0	1.09705	0
metal1	20	50	992.07	154	0	0	0	1.09811	0
metal1	21	50	1048.07	154	0	0	0	1.09919	0
metal1	22	50	1086.21	154	0	0	0	1.09995	0
metal1	0	51	14.095	156.8	0	0	0	1.09994	0
metal1	1	51	40.07	156.8	0	0	0	1.09953	0
metal1	2	51	96.07	156.8	0	0	0	1.09859	0
metal1	3	51	108.455	156.8	0	0	0	1.09841	0
metal1	4	51	109.295	156.8	0	0	0	1.09839	0
metal1	5	51	152.07	156.8	0	0	0	1.09776	0
metal1	6	51	208.07	156.8	0.0001714	0	0.0001714	1.09692	0
metal1	7	51	264.07	156.8	0.000221268	0	0.000221268	1.09615	0
metal1	8	51	320.07	156.8	0.000621445	0	0.000621445	1.09542	0
metal1	9	51	376.07	156.8	0.000640364	0	0.000640364	1.09476	0
metal1	10	51	432.07	156.8	0.00211359	0	0.00211359	1.09414	0
metal1	11	51	488.07	156.8	0.00230494	0	0.00230494	1.09373	0
metal1	12	51	544.07	156.8	0.00230043	0	0.00230043	1.09351	0
metal1	13	51	600.07	156.8	0.00231963	0	0.00231963	1.09347	0
metal1	14	51	656.07	156.8	0.00226935	0	0.00226935	1.09362	0
metal1	15	51	712.07	156.8	0.0021768	0	0.0021768	1.09396	0
metal1	16	51	768.07	156.8	0.00207402	0	0.00207402	1.09448	0
metal1	17	51	824.07	156.8	0.00207402	0	0.00207402	1.09517	0
metal1	18	51	880.07	156.8	0.0013234	0	0.0013234	1.09605	0
metal1	19	51	936.07	156.8	0	0	0	1.09708	0
metal1	20	51	992.07	156.8	0	0	0	1.09813	0
metal1	21	51	1048.07	156.8	0	0	0	1.09919	0
metal1	22	51	1086.21	156.8	0	0	0	1.09993	0
metal1	0	52	14.095	159.6	0	0	0	1.09992	0
metal1	1	52	40.07	159.6	0	0	0	1.09953	0
metal1	2	52	96.07	159.6	0	0	0	1.09859	0
metal1	3	52	108.455	159.6	0	0	0	1.09841	0
metal1	4	52	109.295	159.6	0	0	0	1.0984	0
metal1	5	52	152.07	159.6	0	0	0	1.09777	0
metal1	6	52	208.07	159.6	0.000418265	0	0.000418265	1.09694	0
metal1	7	52	264.07	159.6	0.000512434	0	0.000512434	1.09617	0
metal1	8	52	320.07	159.6	0.000512434	0	0.000512434	1.09545	0
metal1	9	52	376.07	159.6	0.000512434	0	0.000512434	1.09482	0
metal1	10	52	432.07	159.6	0.000512434	0	0.000512434	1.09422	0
metal1	11	52	488.07	159.6	0.000553426	0	0.000553426	1.09383	0
metal1	12	52	544.07	159.6	0.000524873	0	0.000524873	1.09361	0
metal1	13	52	600.07	159.6	0.000626228	0	0.000626228	1.09357	0
metal1	14	52	656.07	159.6	0.000482274	0	0.000482274	1.09373	0
metal1	15	52	712.07	159.6	0.000271911	0	0.000271911	1.09406	0
metal1	16	52	768.07	159.6	0	0	0	1.09458	0
metal1	17	52	824.07	159.6	0	0	0	1.09526	0
metal1	18	52	880.07	159.6	0	0	0	1.09611	0
metal1	19	52	936.07	159.6	0	0	0	1.09712	0
metal1	20	52	992.07	159.6	0	0	0	1.09815	0
metal1	21	52	1048.07	159.6	0	0	0	1.09919	0
metal1	22	52	1086.21	159.6	0	0	0	1.09991	0
metal1	0	53	14.095	162.4	0	0	0	1.09991	0
metal1	1	53	40.07	162.4	0	0	0	1.09953	0
metal1	2	53	96.07	162.4	0	0	0	1.0986	0
metal1	3	53	108.455	162.4	0	0	0	1.09842	0
metal1	4	53	109.295	162.4	0	0	0	1.09841	0
metal1	5	53	152.07	162.4	0	0	0	1.09778	0
metal1	6	53	208.07	162.4	0.000418265	0	0.000418265	1.09695	0
metal1	7	53	264.07	162.4	0.000512434	0	0.000512434	1.0962	0
metal1	8	53	320.07	162.4	0.000512434	0	0.000512434	1.0955	0
metal1	9	53	376.07	162.4	0.000512434	0	0.000512434	1.09488	0
metal1	10	53	432.07	162.4	0.000512434	0	0.000512434	1.09431	0
metal1	11	53	488.07	162.4	0.000553426	0	0.000553426	1.09393	0
metal1	12	53	544.07	162.4	0.000524873	0	0.000524873	1.09372	0
metal1	13	53	600.07	162.4	0.000626228	0	0.000626228	1.09368	0
metal1	14	53	656.07	162.4	0.000482274	0	0.000482274	1.09384	0
metal1	15	53	712.07	162.4	0.000271911	0	0.000271911	1.09417	0
metal1	16	53	768.07	162.4	0	0	0	1.09469	0
metal1	17	53	824.07	162.4	0	0	0	1.09535	0
metal1	18	53	880.07	162.4	0	0	0	1.09618	0
metal1	19	53	936.07	162.4	0	0	0	1.09716	0
metal1	20	53	992.07	162.4	0	0	0	1.09817	0
metal1	21	53	1048.07	162.4	0	0	0	1.09919	0
metal1	22	53	1086.21	162.4	0	0	0	1.0999	0
metal1	0	54	14.095	165.2	0	0	0	1.09991	0
metal1	1	54	40.07	165.2	0	0	0	1.09953	0
metal1	2	54	96.07	165.2	0	0	0	1.09861	0
metal1	3	54	108.455	165.2	0	0	0	1.09843	0
metal1	4	54	109.295	165.2	0	0	0	1.09842	0
metal1	5	54	152.07	165.2	0	0	0	1.0978	0
metal1	6	54	208.07	165.2	0.000418265	0	0.000418265	1.09698	0
metal1	7	54	264.07	165.2	0.000512434	0	0.000512434	1.09623	0
metal1	8	54	320.07	165.2	0.000512434	0	0.000512434	1.09554	0
metal1	9	54	376.07	165.2	0.000512434	0	0.000512434	1.09494	0
metal1	10	54	432.07	165.2	0.000512434	0	0.000512434	1.0944	0
metal1	11	54	488.07	165.2	0.000553426	0	0.000553426	1.09403	0
metal1	12	54	544.07	165.2	0.000524873	0	0.000524873	1.09384	0
metal1	13	54	600.07	165.2	0.000626228	0	0.000626228	1.0938	0
metal1	14	54	656.07	165.2	0.000482274	0	0.000482274	1.09396	0
metal1	15	54	712.07	165.2	0.000271911	0	0.000271911	1.09429	0
metal1	16	54	768.07	165.2	0	0	0	1.09479	0
metal1	17	54	824.07	165.2	0	0	0	1.09544	0
metal1	18	54	880.07	165.2	0	0	0	1.09625	0
metal1	19	54	936.07	165.2	0	0	0	1.0972	0
metal1	20	54	992.07	165.2	0	0	0	1.09819	0
metal1	21	54	1048.07	165.2	0	0	0	1.0992	0
metal1	22	54	1086.21	165.2	0	0	0	1.0999	0
metal1	0	55	14.095	168	0	0	0	1.09992	0
metal1	1	55	40.07	168	0	0	0	1.09953	0
metal1	2	55	96.07	168	0	0	0	1.09862	0
metal1	3	55	108.455	168	0	0	0	1.09845	0
metal1	4	55	109.295	168	0	0	0	1.09844	0
metal1	5	55	152.07	168	0	0	0	1.09782	0
metal1	6	55	208.07	168	0.000418265	0	0.000418265	1.097	0
metal1	7	55	264.07	168	0.000512434	0	0.000512434	1.09627	0
metal1	8	55	320.07	168	0.000512434	0	0.000512434	1.0956	0
metal1	9	55	376.07	168	0.000512434	0	0.000512434	1.09501	0
metal1	10	55	432.07	168	0.000512434	0	0.000512434	1.0945	0
metal1	11	55	488.07	168	0.000553426	0	0.000553426	1.09415	0
metal1	12	55	544.07	168	0.000524873	0	0.000524873	1.09396	0
metal1	13	55	600.07	168	0.000626228	0	0.000626228	1.09393	0
metal1	14	55	656.07	168	0.000482274	0	0.000482274	1.09409	0
metal1	15	55	712.07	168	0.000380234	0	0.000380234	1.09441	0
metal1	16	55	768.07	168	0.000174638	0	0.000174638	1.0949	0
metal1	17	55	824.07	168	0.000174638	0	0.000174638	1.09553	0
metal1	18	55	880.07	168	0.000174638	0	0.000174638	1.09632	0
metal1	19	55	936.07	168	0.000174638	0	0.000174638	1.09724	0
metal1	20	55	992.07	168	6.44928e-05	0	6.44928e-05	1.09822	0
metal1	21	55	1048.07	168	0	0	0	1.09921	0
metal1	22	55	1086.21	168	0	0	0	1.0999	0
metal1	0	56	14.095	170.8	0	0	0	1.09993	0
metal1	1	56	40.07	170.8	0	0	0	1.09954	0
metal1	2	56	96.07	170.8	0	0	0	1.09863	0
metal1	3	56	108.455	170.8	0	0	0	1.09846	0
metal1	4	56	109.295	170.8	0	0	0	1.09845	0
metal1	5	56	152.07	170.8	0	0	0	1.09784	0
metal1	6	56	208.07	170.8	0.000418265	0	0.000418265	1.09704	0
metal1	7	56	264.07	170.8	0.000512434	0	0.000512434	1.09631	0
metal1	8	56	320.07	170.8	0.000512434	0	0.000512434	1.09566	0
metal1	9	56	376.07	170.8	0.000512434	0	0.000512434	1.09509	0
metal1	10	56	432.07	170.8	0.000512434	0	0.000512434	1.0946	0
metal1	11	56	488.07	170.8	0.000553426	0	0.000553426	1.09426	0
metal1	12	56	544.07	170.8	0.000524873	0	0.000524873	1.09409	0
metal1	13	56	600.07	170.8	0.000626228	0	0.000626228	1.09406	0
metal1	14	56	656.07	170.8	0.000482274	0	0.000482274	1.09422	0
metal1	15	56	712.07	170.8	0.000621308	0	0.000621308	1.09453	0
metal1	16	56	768.07	170.8	0.000512434	0	0.000512434	1.09501	0
metal1	17	56	824.07	170.8	0.000512434	0	0.000512434	1.09563	0
metal1	18	56	880.07	170.8	0.000512434	0	0.000512434	1.09639	0
metal1	19	56	936.07	170.8	0.000512434	0	0.000512434	1.09729	0
metal1	20	56	992.07	170.8	0.000228809	0	0.000228809	1.09825	0
metal1	21	56	1048.07	170.8	0	0	0	1.09923	0
metal1	22	56	1086.21	170.8	0	0	0	1.09992	0
metal1	0	57	14.095	173.6	0	0	0	1.09994	0
metal1	1	57	40.07	173.6	0	0	0	1.09955	0
metal1	2	57	96.07	173.6	0	0	0	1.09865	0
metal1	3	57	108.455	173.6	0	0	0	1.09848	0
metal1	4	57	109.295	173.6	0	0	0	1.09847	0
metal1	5	57	152.07	173.6	0	0	0	1.09786	0
metal1	6	57	208.07	173.6	0.000418265	0	0.000418265	1.09707	0
metal1	7	57	264.07	173.6	0.000512434	0	0.000512434	1.09636	0
metal1	8	57	320.07	173.6	0.000512434	0	0.000512434	1.09573	0
metal1	9	57	376.07	173.6	0.000512434	0	0.000512434	1.09518	0
metal1	10	57	432.07	173.6	0.000512434	0	0.000512434	1.09471	0
metal1	11	57	488.07	173.6	0.000553426	0	0.000553426	1.09439	0
metal1	12	57	544.07	173.6	0.000524873	0	0.000524873	1.09422	0
metal1	13	57	600.07	173.6	0.000626228	0	0.000626228	1.0942	0
metal1	14	57	656.07	173.6	0.000482274	0	0.000482274	1.09435	0
metal1	15	57	712.07	173.6	0.000621308	0	0.000621308	1.09466	0
metal1	16	57	768.07	173.6	0.000512434	0	0.000512434	1.09512	0
metal1	17	57	824.07	173.6	0.000512434	0	0.000512434	1.09573	0
metal1	18	57	880.07	173.6	0.000512434	0	0.000512434	1.09647	0
metal1	19	57	936.07	173.6	0.000512434	0	0.000512434	1.09734	0
metal1	20	57	992.07	173.6	0.000228809	0	0.000228809	1.09828	0
metal1	21	57	1048.07	173.6	0	0	0	1.09925	0
metal1	22	57	1086.21	173.6	0	0	0	1.09994	0
metal1	0	58	14.095	176.4	0	0	0	1.09997	0
metal1	1	58	40.07	176.4	0	0	0	1.09956	0
metal1	2	58	96.07	176.4	0	0	0	1.09868	0
metal1	3	58	108.455	176.4	0	0	0	1.0985	0
metal1	4	58	109.295	176.4	0	0	0	1.09849	0
metal1	5	58	152.07	176.4	0	0	0	1.09789	0
metal1	6	58	208.07	176.4	0.000418265	0	0.000418265	1.09712	0
metal1	7	58	264.07	176.4	0.000512434	0	0.000512434	1.09642	0
metal1	8	58	320.07	176.4	0.000512434	0	0.000512434	1.0958	0
metal1	9	58	376.07	176.4	0.000512434	0	0.000512434	1.09527	0
metal1	10	58	432.07	176.4	0.000512434	0	0.000512434	1.09483	0
metal1	11	58	488.07	176.4	0.000553426	0	0.000553426	1.09452	0
metal1	12	58	544.07	176.4	0.000524873	0	0.000524873	1.09436	0
metal1	13	58	600.07	176.4	0.000626228	0	0.000626228	1.09434	0
metal1	14	58	656.07	176.4	0.000482274	0	0.000482274	1.09449	0
metal1	15	58	712.07	176.4	0.000621308	0	0.000621308	1.09479	0
metal1	16	58	768.07	176.4	0.000512434	0	0.000512434	1.09525	0
metal1	17	58	824.07	176.4	0.000512434	0	0.000512434	1.09583	0
metal1	18	58	880.07	176.4	0.000512434	0	0.000512434	1.09656	0
metal1	19	58	936.07	176.4	0.000512434	0	0.000512434	1.09739	0
metal1	20	58	992.07	176.4	0.000228809	0	0.000228809	1.09832	0
metal1	21	58	1048.07	176.4	0	0	0	1.09928	0
metal1	22	58	1086.21	176.4	0	0	0	1.09996	0
metal1	0	59	14.095	179.2	0	0	0	1.1	0
metal1	1	59	40.07	179.2	0	0	0	1.09958	0
metal1	2	59	96.07	179.2	0	0	0	1.0987	0
metal1	3	59	108.455	179.2	0	0	0	1.09852	0
metal1	4	59	109.295	179.2	0	0	0	1.09851	0
metal1	5	59	152.07	179.2	0	0	0	1.09792	0
metal1	6	59	208.07	179.2	0.000418265	0	0.000418265	1.09717	0
metal1	7	59	264.07	179.2	0.000512434	0	0.000512434	1.09648	0
metal1	8	59	320.07	179.2	0.000512434	0	0.000512434	1.09588	0
metal1	9	59	376.07	179.2	0.000512434	0	0.000512434	1.09536	0
metal1	10	59	432.07	179.2	0.000512434	0	0.000512434	1.09495	0
metal1	11	59	488.07	179.2	0.000553426	0	0.000553426	1.09466	0
metal1	12	59	544.07	179.2	0.000524873	0	0.000524873	1.0945	0
metal1	13	59	600.07	179.2	0.000626228	0	0.000626228	1.09449	0
metal1	14	59	656.07	179.2	0.000482274	0	0.000482274	1.09464	0
metal1	15	59	712.07	179.2	0.000621308	0	0.000621308	1.09493	0
metal1	16	59	768.07	179.2	0.000512434	0	0.000512434	1.09537	0
metal1	17	59	824.07	179.2	0.000512434	0	0.000512434	1.09595	0
metal1	18	59	880.07	179.2	0.000512434	0	0.000512434	1.09665	0
metal1	19	59	936.07	179.2	0.000512434	0	0.000512434	1.09746	0
metal1	20	59	992.07	179.2	0.000228809	0	0.000228809	1.09836	0
metal1	21	59	1048.07	179.2	0	0	0	1.09931	0
metal1	22	59	1086.21	179.2	0	0	0	1.09999	0
metal1	0	60	14.095	182	0	0	0	1.09998	0
metal1	1	60	40.07	182	0	0	0	1.09958	0
metal1	2	60	96.07	182	0	0	0	1.0987	0
metal1	3	60	108.455	182	0	0	0	1.09853	0
metal1	4	60	109.295	182	0	0	0	1.09851	0
metal1	5	60	152.07	182	0	0	0	1.09793	0
metal1	6	60	208.07	182	0.000418265	0	0.000418265	1.09717	0
metal1	7	60	264.07	182	0.000512434	0	0.000512434	1.0965	0
metal1	8	60	320.07	182	0.000512434	0	0.000512434	1.0959	0
metal1	9	60	376.07	182	0.000512434	0	0.000512434	1.0954	0
metal1	10	60	432.07	182	0.000512434	0	0.000512434	1.09499	0
metal1	11	60	488.07	182	0.000553426	0	0.000553426	1.0947	0
metal1	12	60	544.07	182	0.000524873	0	0.000524873	1.09455	0
metal1	13	60	600.07	182	0.000626228	0	0.000626228	1.09454	0
metal1	14	60	656.07	182	0.000482274	0	0.000482274	1.09469	0
metal1	15	60	712.07	182	0.000621308	0	0.000621308	1.09498	0
metal1	16	60	768.07	182	0.000512434	0	0.000512434	1.09541	0
metal1	17	60	824.07	182	0.000512434	0	0.000512434	1.09598	0
metal1	18	60	880.07	182	0.000512434	0	0.000512434	1.09667	0
metal1	19	60	936.07	182	0.000512434	0	0.000512434	1.09747	0
metal1	20	60	992.07	182	0.000228809	0	0.000228809	1.09836	0
metal1	21	60	1048.07	182	0	0	0	1.0993	0
metal1	22	60	1086.21	182	0	0	0	1.09997	0
metal1	0	61	14.095	184.8	0	0	0	1.09995	0
metal1	1	61	40.07	184.8	0	0	0	1.09957	0
metal1	2	61	96.07	184.8	0	0	0	1.0987	0
metal1	3	61	108.455	184.8	0	0	0	1.09853	0
metal1	4	61	109.295	184.8	0	0	0	1.09852	0
metal1	5	61	152.07	184.8	0	0	0	1.09793	0
metal1	6	61	208.07	184.8	0.000418265	0	0.000418265	1.09718	0
metal1	7	61	264.07	184.8	0.000512434	0	0.000512434	1.0965	0
metal1	8	61	320.07	184.8	0.000512434	0	0.000512434	1.09592	0
metal1	9	61	376.07	184.8	0.000512434	0	0.000512434	1.09542	0
metal1	10	61	432.07	184.8	0.000512434	0	0.000512434	1.09502	0
metal1	11	61	488.07	184.8	0.000553426	0	0.000553426	1.09474	0
metal1	12	61	544.07	184.8	0.000524873	0	0.000524873	1.09459	0
metal1	13	61	600.07	184.8	0.000626228	0	0.000626228	1.09458	0
metal1	14	61	656.07	184.8	0.000482274	0	0.000482274	1.09473	0
metal1	15	61	712.07	184.8	0.000621308	0	0.000621308	1.09501	0
metal1	16	61	768.07	184.8	0.000512434	0	0.000512434	1.09544	0
metal1	17	61	824.07	184.8	0.000512434	0	0.000512434	1.096	0
metal1	18	61	880.07	184.8	0.000512434	0	0.000512434	1.09668	0
metal1	19	61	936.07	184.8	0.000512434	0	0.000512434	1.09747	0
metal1	20	61	992.07	184.8	0.000228809	0	0.000228809	1.09836	0
metal1	21	61	1048.07	184.8	0	0	0	1.09929	0
metal1	22	61	1086.21	184.8	0	0	0	1.09995	0
metal1	0	62	14.095	187.6	0	0	0	1.09994	0
metal1	1	62	40.07	187.6	0	0	0	1.09956	0
metal1	2	62	96.07	187.6	0	0	0	1.09869	0
metal1	3	62	108.455	187.6	0	0	0	1.09853	0
metal1	4	62	109.295	187.6	0	0	0	1.09852	0
metal1	5	62	152.07	187.6	0	0	0	1.09794	0
metal1	6	62	208.07	187.6	0.000418265	0	0.000418265	1.09718	0
metal1	7	62	264.07	187.6	0.000512434	0	0.000512434	1.09652	0
metal1	8	62	320.07	187.6	0.000512434	0	0.000512434	1.09594	0
metal1	9	62	376.07	187.6	0.000512434	0	0.000512434	1.09545	0
metal1	10	62	432.07	187.6	0.000512434	0	0.000512434	1.09506	0
metal1	11	62	488.07	187.6	0.000553426	0	0.000553426	1.09478	0
metal1	12	62	544.07	187.6	0.000524873	0	0.000524873	1.09464	0
metal1	13	62	600.07	187.6	0.000626228	0	0.000626228	1.09462	0
metal1	14	62	656.07	187.6	0.000482274	0	0.000482274	1.09477	0
metal1	15	62	712.07	187.6	0.000621308	0	0.000621308	1.09504	0
metal1	16	62	768.07	187.6	0.000512434	0	0.000512434	1.09548	0
metal1	17	62	824.07	187.6	0.000512434	0	0.000512434	1.09603	0
metal1	18	62	880.07	187.6	0.000512434	0	0.000512434	1.0967	0
metal1	19	62	936.07	187.6	0.000512434	0	0.000512434	1.09748	0
metal1	20	62	992.07	187.6	0.000228809	0	0.000228809	1.09837	0
metal1	21	62	1048.07	187.6	0	0	0	1.09929	0
metal1	22	62	1086.21	187.6	0	0	0	1.09993	0
metal1	0	63	14.095	190.4	0	0	0	1.09992	0
metal1	1	63	40.07	190.4	0	0	0	1.09956	0
metal1	2	63	96.07	190.4	0	0	0	1.0987	0
metal1	3	63	108.455	190.4	0	0	0	1.09854	0
metal1	4	63	109.295	190.4	0	0	0	1.09853	0
metal1	5	63	152.07	190.4	0	0	0	1.09795	0
metal1	6	63	208.07	190.4	0.000418265	0	0.000418265	1.0972	0
metal1	7	63	264.07	190.4	0.000512434	0	0.000512434	1.09654	0
metal1	8	63	320.07	190.4	0.000512434	0	0.000512434	1.09597	0
metal1	9	63	376.07	190.4	0.000512434	0	0.000512434	1.09549	0
metal1	10	63	432.07	190.4	0.000512434	0	0.000512434	1.0951	0
metal1	11	63	488.07	190.4	0.000553426	0	0.000553426	1.09483	0
metal1	12	63	544.07	190.4	0.000524873	0	0.000524873	1.09469	0
metal1	13	63	600.07	190.4	0.000626228	0	0.000626228	1.09467	0
metal1	14	63	656.07	190.4	0.000482274	0	0.000482274	1.09482	0
metal1	15	63	712.07	190.4	0.000621308	0	0.000621308	1.09509	0
metal1	16	63	768.07	190.4	0.000512434	0	0.000512434	1.09552	0
metal1	17	63	824.07	190.4	0.000512434	0	0.000512434	1.09606	0
metal1	18	63	880.07	190.4	0.000512434	0	0.000512434	1.09672	0
metal1	19	63	936.07	190.4	0.000512434	0	0.000512434	1.09749	0
metal1	20	63	992.07	190.4	0.000228809	0	0.000228809	1.09837	0
metal1	21	63	1048.07	190.4	0	0	0	1.09929	0
metal1	22	63	1086.21	190.4	0	0	0	1.09992	0
metal1	0	64	14.095	193.2	0	0	0	1.09992	0
metal1	1	64	40.07	193.2	0	0	0	1.09956	0
metal1	2	64	96.07	193.2	0	0	0	1.0987	0
metal1	3	64	108.455	193.2	0	0	0	1.09854	0
metal1	4	64	109.295	193.2	0	0	0	1.09853	0
metal1	5	64	152.07	193.2	0	0	0	1.09797	0
metal1	6	64	208.07	193.2	0.000418265	0	0.000418265	1.09722	0
metal1	7	64	264.07	193.2	0.000512434	0	0.000512434	1.09657	0
metal1	8	64	320.07	193.2	0.000512434	0	0.000512434	1.096	0
metal1	9	64	376.07	193.2	0.000512434	0	0.000512434	1.09553	0
metal1	10	64	432.07	193.2	0.000512434	0	0.000512434	1.09515	0
metal1	11	64	488.07	193.2	0.000553426	0	0.000553426	1.09488	0
metal1	12	64	544.07	193.2	0.000524873	0	0.000524873	1.09474	0
metal1	13	64	600.07	193.2	0.000626228	0	0.000626228	1.09473	0
metal1	14	64	656.07	193.2	0.000482274	0	0.000482274	1.09488	0
metal1	15	64	712.07	193.2	0.000621308	0	0.000621308	1.09514	0
metal1	16	64	768.07	193.2	0.000512434	0	0.000512434	1.09556	0
metal1	17	64	824.07	193.2	0.000512434	0	0.000512434	1.0961	0
metal1	18	64	880.07	193.2	0.000512434	0	0.000512434	1.09675	0
metal1	19	64	936.07	193.2	0.000512434	0	0.000512434	1.09751	0
metal1	20	64	992.07	193.2	0.000228809	0	0.000228809	1.09839	0
metal1	21	64	1048.07	193.2	0	0	0	1.09929	0
metal1	22	64	1086.21	193.2	0	0	0	1.09991	0
metal1	0	65	14.095	196	0	0	0	1.09992	0
metal1	1	65	40.07	196	0	0	0	1.09956	0
metal1	2	65	96.07	196	0	0	0	1.09871	0
metal1	3	65	108.455	196	0	0	0	1.09855	0
metal1	4	65	109.295	196	0	0	0	1.09854	0
metal1	5	65	152.07	196	0	0	0	1.09798	0
metal1	6	65	208.07	196	0.000418265	0	0.000418265	1.09724	0
metal1	7	65	264.07	196	0.000512434	0	0.000512434	1.0966	0
metal1	8	65	320.07	196	0.000512434	0	0.000512434	1.09605	0
metal1	9	65	376.07	196	0.000512434	0	0.000512434	1.09558	0
metal1	10	65	432.07	196	0.000512434	0	0.000512434	1.09521	0
metal1	11	65	488.07	196	0.000553426	0	0.000553426	1.09494	0
metal1	12	65	544.07	196	0.000524873	0	0.000524873	1.0948	0
metal1	13	65	600.07	196	0.000626228	0	0.000626228	1.09479	0
metal1	14	65	656.07	196	0.000482274	0	0.000482274	1.09494	0
metal1	15	65	712.07	196	0.000621308	0	0.000621308	1.0952	0
metal1	16	65	768.07	196	0.000512434	0	0.000512434	1.09562	0
metal1	17	65	824.07	196	0.000512434	0	0.000512434	1.09615	0
metal1	18	65	880.07	196	0.000512434	0	0.000512434	1.09679	0
metal1	19	65	936.07	196	0.000512434	0	0.000512434	1.09754	0
metal1	20	65	992.07	196	0.000228809	0	0.000228809	1.0984	0
metal1	21	65	1048.07	196	0	0	0	1.09929	0
metal1	22	65	1086.21	196	0	0	0	1.09991	0
metal1	0	66	14.095	198.8	0	0	0	1.09992	0
metal1	1	66	40.07	198.8	0	0	0	1.09957	0
metal1	2	66	96.07	198.8	0	0	0	1.09872	0
metal1	3	66	108.455	198.8	0	0	0	1.09857	0
metal1	4	66	109.295	198.8	0	0	0	1.09856	0
metal1	5	66	152.07	198.8	0	0	0	1.098	0
metal1	6	66	208.07	198.8	0.000418265	0	0.000418265	1.09727	0
metal1	7	66	264.07	198.8	0.000512434	0	0.000512434	1.09664	0
metal1	8	66	320.07	198.8	0.000512434	0	0.000512434	1.09609	0
metal1	9	66	376.07	198.8	0.000512434	0	0.000512434	1.09563	0
metal1	10	66	432.07	198.8	0.000512434	0	0.000512434	1.09527	0
metal1	11	66	488.07	198.8	0.000553426	0	0.000553426	1.095	0
metal1	12	66	544.07	198.8	0.000524873	0	0.000524873	1.09487	0
metal1	13	66	600.07	198.8	0.000626228	0	0.000626228	1.09486	0
metal1	14	66	656.07	198.8	0.000482274	0	0.000482274	1.09501	0
metal1	15	66	712.07	198.8	0.000621308	0	0.000621308	1.09526	0
metal1	16	66	768.07	198.8	0.000512434	0	0.000512434	1.09568	0
metal1	17	66	824.07	198.8	0.000512434	0	0.000512434	1.0962	0
metal1	18	66	880.07	198.8	0.000512434	0	0.000512434	1.09683	0
metal1	19	66	936.07	198.8	0.000512434	0	0.000512434	1.09757	0
metal1	20	66	992.07	198.8	0.000228809	0	0.000228809	1.09842	0
metal1	21	66	1048.07	198.8	0	0	0	1.0993	0
metal1	22	66	1086.21	198.8	0	0	0	1.09992	0
metal1	0	67	14.095	201.6	0	0	0	1.09994	0
metal1	1	67	40.07	201.6	0	0	0	1.09958	0
metal1	2	67	96.07	201.6	0	0	0	1.09874	0
metal1	3	67	108.455	201.6	0	0	0	1.09858	0
metal1	4	67	109.295	201.6	0	0	0	1.09857	0
metal1	5	67	152.07	201.6	0	0	0	1.09802	0
metal1	6	67	208.07	201.6	0.000418265	0	0.000418265	1.09731	0
metal1	7	67	264.07	201.6	0.000512434	0	0.000512434	1.09668	0
metal1	8	67	320.07	201.6	0.000512434	0	0.000512434	1.09615	0
metal1	9	67	376.07	201.6	0.000512434	0	0.000512434	1.09569	0
metal1	10	67	432.07	201.6	0.000512434	0	0.000512434	1.09534	0
metal1	11	67	488.07	201.6	0.000553426	0	0.000553426	1.09508	0
metal1	12	67	544.07	201.6	0.000524873	0	0.000524873	1.09495	0
metal1	13	67	600.07	201.6	0.000626228	0	0.000626228	1.09494	0
metal1	14	67	656.07	201.6	0.000482274	0	0.000482274	1.09508	0
metal1	15	67	712.07	201.6	0.000621308	0	0.000621308	1.09533	0
metal1	16	67	768.07	201.6	0.000512434	0	0.000512434	1.09574	0
metal1	17	67	824.07	201.6	0.000512434	0	0.000512434	1.09625	0
metal1	18	67	880.07	201.6	0.000512434	0	0.000512434	1.09688	0
metal1	19	67	936.07	201.6	0.000512434	0	0.000512434	1.0976	0
metal1	20	67	992.07	201.6	0.000228809	0	0.000228809	1.09845	0
metal1	21	67	1048.07	201.6	0	0	0	1.09932	0
metal1	22	67	1086.21	201.6	0	0	0	1.09993	0
metal1	0	68	14.095	204.4	0	0	0	1.09995	0
metal1	1	68	40.07	204.4	0	0	0	1.09959	0
metal1	2	68	96.07	204.4	0	0	0	1.09876	0
metal1	3	68	108.455	204.4	0	0	0	1.0986	0
metal1	4	68	109.295	204.4	0	0	0	1.09859	0
metal1	5	68	152.07	204.4	0	0	0	1.09804	0
metal1	6	68	208.07	204.4	0.000418265	0	0.000418265	1.09735	0
metal1	7	68	264.07	204.4	0.000512434	0	0.000512434	1.09673	0
metal1	8	68	320.07	204.4	0.000512434	0	0.000512434	1.0962	0
metal1	9	68	376.07	204.4	0.000512434	0	0.000512434	1.09576	0
metal1	10	68	432.07	204.4	0.000512434	0	0.000512434	1.09541	0
metal1	11	68	488.07	204.4	0.000553426	0	0.000553426	1.09515	0
metal1	12	68	544.07	204.4	0.000524873	0	0.000524873	1.09503	0
metal1	13	68	600.07	204.4	0.000626228	0	0.000626228	1.09502	0
metal1	14	68	656.07	204.4	0.000482274	0	0.000482274	1.09516	0
metal1	15	68	712.07	204.4	0.000621308	0	0.000621308	1.09541	0
metal1	16	68	768.07	204.4	0.000512434	0	0.000512434	1.09581	0
metal1	17	68	824.07	204.4	0.000512434	0	0.000512434	1.09632	0
metal1	18	68	880.07	204.4	0.000512434	0	0.000512434	1.09693	0
metal1	19	68	936.07	204.4	0.000512434	0	0.000512434	1.09765	0
metal1	20	68	992.07	204.4	0.000228809	0	0.000228809	1.09847	0
metal1	21	68	1048.07	204.4	0	0	0	1.09934	0
metal1	22	68	1086.21	204.4	0	0	0	1.09995	0
metal1	0	69	14.095	207.2	0	0	0	1.09998	0
metal1	1	69	40.07	207.2	0	0	0	1.0996	0
metal1	2	69	96.07	207.2	0	0	0	1.09878	0
metal1	3	69	108.455	207.2	0	0	0	1.09862	0
metal1	4	69	109.295	207.2	0	0	0	1.09861	0
metal1	5	69	152.07	207.2	0	0	0	1.09807	0
metal1	6	69	208.07	207.2	0.000418265	0	0.000418265	1.09739	0
metal1	7	69	264.07	207.2	0.000512434	0	0.000512434	1.09679	0
metal1	8	69	320.07	207.2	0.000512434	0	0.000512434	1.09627	0
metal1	9	69	376.07	207.2	0.000512434	0	0.000512434	1.09583	0
metal1	10	69	432.07	207.2	0.000512434	0	0.000512434	1.09549	0
metal1	11	69	488.07	207.2	0.000553426	0	0.000553426	1.09524	0
metal1	12	69	544.07	207.2	0.000524873	0	0.000524873	1.09511	0
metal1	13	69	600.07	207.2	0.000626228	0	0.000626228	1.09511	0
metal1	14	69	656.07	207.2	0.000482274	0	0.000482274	1.09524	0
metal1	15	69	712.07	207.2	0.000621308	0	0.000621308	1.0955	0
metal1	16	69	768.07	207.2	0.000512434	0	0.000512434	1.09589	0
metal1	17	69	824.07	207.2	0.000512434	0	0.000512434	1.09639	0
metal1	18	69	880.07	207.2	0.000512434	0	0.000512434	1.09699	0
metal1	19	69	936.07	207.2	0.000512434	0	0.000512434	1.0977	0
metal1	20	69	992.07	207.2	0.000228809	0	0.000228809	1.0985	0
metal1	21	69	1048.07	207.2	0	0	0	1.09936	0
metal1	22	69	1086.21	207.2	0	0	0	1.09997	0
metal1	0	70	14.095	210	0	0	0	1.1	0
metal1	1	70	40.07	210	0	0	0	1.09961	0
metal1	2	70	96.07	210	0	0	0	1.0988	0
metal1	3	70	108.455	210	0	0	0	1.09863	0
metal1	4	70	109.295	210	0	0	0	1.09862	0
metal1	5	70	152.07	210	0	0	0	1.09809	0
metal1	6	70	208.07	210	0.000418265	0	0.000418265	1.09743	0
metal1	7	70	264.07	210	0.000512434	0	0.000512434	1.09684	0
metal1	8	70	320.07	210	0.000512434	0	0.000512434	1.09633	0
metal1	9	70	376.07	210	0.000512434	0	0.000512434	1.0959	0
metal1	10	70	432.07	210	0.000512434	0	0.000512434	1.09556	0
metal1	11	70	488.07	210	0.000553426	0	0.000553426	1.09531	0
metal1	12	70	544.07	210	0.000524873	0	0.000524873	1.09519	0
metal1	13	70	600.07	210	0.000626228	0	0.000626228	1.09519	0
metal1	14	70	656.07	210	0.000482274	0	0.000482274	1.09532	0
metal1	15	70	712.07	210	0.000621308	0	0.000621308	1.09557	0
metal1	16	70	768.07	210	0.000512434	0	0.000512434	1.09595	0
metal1	17	70	824.07	210	0.000512434	0	0.000512434	1.09645	0
metal1	18	70	880.07	210	0.000512434	0	0.000512434	1.09704	0
metal1	19	70	936.07	210	0.000512434	0	0.000512434	1.09774	0
metal1	20	70	992.07	210	0.000228809	0	0.000228809	1.09853	0
metal1	21	70	1048.07	210	0	0	0	1.09938	0
metal1	22	70	1086.21	210	0	0	0	1.1	0
metal1	0	71	14.095	212.8	0	0	0	1.09997	0
metal1	1	71	40.07	212.8	0	0	0	1.09959	0
metal1	2	71	96.07	212.8	0	0	0	1.09878	0
metal1	3	71	108.455	212.8	0	0	0	1.09863	0
metal1	4	71	109.295	212.8	0	0	0	1.09862	0
metal1	5	71	152.07	212.8	0	0	0	1.09808	0
metal1	6	71	208.07	212.8	0.000321928	0	0.000321928	1.09743	0
metal1	7	71	264.07	212.8	0.000411633	0	0.000411633	1.09684	0
metal1	8	71	320.07	212.8	0.000411633	0	0.000411633	1.09634	0
metal1	9	71	376.07	212.8	0.000411633	0	0.000411633	1.09591	0
metal1	10	71	432.07	212.8	0.000411633	0	0.000411633	1.09557	0
metal1	11	71	488.07	212.8	0.000714508	0	0.000714508	1.09531	0
metal1	12	71	544.07	212.8	0.000705727	0	0.000705727	1.09518	0
metal1	13	71	600.07	212.8	0.000752845	0	0.000752845	1.09518	0
metal1	14	71	656.07	212.8	0.000705518	0	0.000705518	1.09531	0
metal1	15	71	712.07	212.8	0.000687276	0	0.000687276	1.09557	0
metal1	16	71	768.07	212.8	0.000512434	0	0.000512434	1.09595	0
metal1	17	71	824.07	212.8	0.000512434	0	0.000512434	1.09644	0
metal1	18	71	880.07	212.8	0.000512434	0	0.000512434	1.09703	0
metal1	19	71	936.07	212.8	0.000512434	0	0.000512434	1.09772	0
metal1	20	71	992.07	212.8	0.000228809	0	0.000228809	1.09852	0
metal1	21	71	1048.07	212.8	0	0	0	1.09936	0
metal1	22	71	1086.21	212.8	0	0	0	1.09997	0
metal1	0	72	14.095	215.6	0	0	0	1.09995	0
metal1	1	72	40.07	215.6	0	0	0	1.09957	0
metal1	2	72	96.07	215.6	0	0	0	1.09878	0
metal1	3	72	108.455	215.6	0	0	0	1.09862	0
metal1	4	72	109.295	215.6	0	0	0	1.09861	0
metal1	5	72	152.07	215.6	0	0	0	1.09807	0
metal1	6	72	208.07	215.6	9.99144e-05	0	9.99144e-05	1.09744	0
metal1	7	72	264.07	215.6	0.000137245	0	0.000137245	1.09685	0
metal1	8	72	320.07	215.6	0.000137245	0	0.000137245	1.09635	0
metal1	9	72	376.07	215.6	0.000137245	0	0.000137245	1.09593	0
metal1	10	72	432.07	215.6	0.000137245	0	0.000137245	1.09559	0
metal1	11	72	488.07	215.6	0.000646302	0	0.000646302	1.09531	0
metal1	12	72	544.07	215.6	0.000652371	0	0.000652371	1.09519	0
metal1	13	72	600.07	215.6	0.000652371	0	0.000652371	1.09519	0
metal1	14	72	656.07	215.6	0.000697995	0	0.000697995	1.09531	0
metal1	15	72	712.07	215.6	0.000647871	0	0.000647871	1.09557	0
metal1	16	72	768.07	215.6	0.000512434	0	0.000512434	1.09595	0
metal1	17	72	824.07	215.6	0.000512434	0	0.000512434	1.09644	0
metal1	18	72	880.07	215.6	0.000512434	0	0.000512434	1.09703	0
metal1	19	72	936.07	215.6	0.000512434	0	0.000512434	1.09772	0
metal1	20	72	992.07	215.6	0.000228809	0	0.000228809	1.09851	0
metal1	21	72	1048.07	215.6	0	0	0	1.09934	0
metal1	22	72	1086.21	215.6	0	0	0	1.09994	0
metal1	0	73	14.095	218.4	0	0	0	1.09993	0
metal1	1	73	40.07	218.4	0	0	0	1.09956	0
metal1	2	73	96.07	218.4	0	0	0	1.09877	0
metal1	3	73	108.455	218.4	0	0	0	1.09862	0
metal1	4	73	109.295	218.4	0	0	0	1.09861	0
metal1	5	73	152.07	218.4	0	0	0	1.09807	0
metal1	6	73	208.07	218.4	9.99144e-05	0	9.99144e-05	1.09744	0
metal1	7	73	264.07	218.4	0.000137245	0	0.000137245	1.09687	0
metal1	8	73	320.07	218.4	0.000137245	0	0.000137245	1.09637	0
metal1	9	73	376.07	218.4	0.000137245	0	0.000137245	1.09595	0
metal1	10	73	432.07	218.4	0.000137245	0	0.000137245	1.09561	0
metal1	11	73	488.07	218.4	0.000646302	0	0.000646302	1.09532	0
metal1	12	73	544.07	218.4	0.000652371	0	0.000652371	1.0952	0
metal1	13	73	600.07	218.4	0.000652371	0	0.000652371	1.0952	0
metal1	14	73	656.07	218.4	0.000697995	0	0.000697995	1.09532	0
metal1	15	73	712.07	218.4	0.000647871	0	0.000647871	1.09557	0
metal1	16	73	768.07	218.4	0.000512434	0	0.000512434	1.09596	0
metal1	17	73	824.07	218.4	0.000512434	0	0.000512434	1.09644	0
metal1	18	73	880.07	218.4	0.000512434	0	0.000512434	1.09703	0
metal1	19	73	936.07	218.4	0.000512434	0	0.000512434	1.09771	0
metal1	20	73	992.07	218.4	0.000228809	0	0.000228809	1.09851	0
metal1	21	73	1048.07	218.4	0	0	0	1.09933	0
metal1	22	73	1086.21	218.4	0	0	0	1.09992	0
metal1	0	74	14.095	221.2	0	0	0	1.09992	0
metal1	1	74	40.07	221.2	0	0	0	1.09955	0
metal1	2	74	96.07	221.2	0	0	0	1.09877	0
metal1	3	74	108.455	221.2	0	0	0	1.09862	0
metal1	4	74	109.295	221.2	0	0	0	1.09861	0
metal1	5	74	152.07	221.2	0	0	0	1.09806	0
metal1	6	74	208.07	221.2	9.99144e-05	0	9.99144e-05	1.09745	0
metal1	7	74	264.07	221.2	0.000137245	0	0.000137245	1.09688	0
metal1	8	74	320.07	221.2	0.000137245	0	0.000137245	1.09639	0
metal1	9	74	376.07	221.2	0.000137245	0	0.000137245	1.09597	0
metal1	10	74	432.07	221.2	0.000137245	0	0.000137245	1.09564	0
metal1	11	74	488.07	221.2	0.000646302	0	0.000646302	1.09534	0
metal1	12	74	544.07	221.2	0.000652371	0	0.000652371	1.09521	0
metal1	13	74	600.07	221.2	0.000652371	0	0.000652371	1.09521	0
metal1	14	74	656.07	221.2	0.000697995	0	0.000697995	1.09533	0
metal1	15	74	712.07	221.2	0.000647871	0	0.000647871	1.09559	0
metal1	16	74	768.07	221.2	0.000512434	0	0.000512434	1.09597	0
metal1	17	74	824.07	221.2	0.000512434	0	0.000512434	1.09645	0
metal1	18	74	880.07	221.2	0.000512434	0	0.000512434	1.09703	0
metal1	19	74	936.07	221.2	0.000512434	0	0.000512434	1.09771	0
metal1	20	74	992.07	221.2	0.000228809	0	0.000228809	1.09851	0
metal1	21	74	1048.07	221.2	0	0	0	1.09932	0
metal1	22	74	1086.21	221.2	0	0	0	1.09991	0
metal1	0	75	14.095	224	0	0	0	1.09992	0
metal1	1	75	40.07	224	0	0	0	1.09955	0
metal1	2	75	96.07	224	0	0	0	1.09877	0
metal1	3	75	108.455	224	0	0	0	1.09863	0
metal1	4	75	109.295	224	0	0	0	1.09862	0
metal1	5	75	152.07	224	0	0	0	1.09808	0
metal1	6	75	208.07	224	9.99144e-05	0	9.99144e-05	1.09746	0
metal1	7	75	264.07	224	0.000137245	0	0.000137245	1.0969	0
metal1	8	75	320.07	224	0.000137245	0	0.000137245	1.09641	0
metal1	9	75	376.07	224	0.000137245	0	0.000137245	1.096	0
metal1	10	75	432.07	224	0.000137245	0	0.000137245	1.09566	0
metal1	11	75	488.07	224	0.000646302	0	0.000646302	1.09536	0
metal1	12	75	544.07	224	0.000652371	0	0.000652371	1.09524	0
metal1	13	75	600.07	224	0.000652371	0	0.000652371	1.09524	0
metal1	14	75	656.07	224	0.000697995	0	0.000697995	1.09536	0
metal1	15	75	712.07	224	0.000647871	0	0.000647871	1.09561	0
metal1	16	75	768.07	224	0.000512434	0	0.000512434	1.09599	0
metal1	17	75	824.07	224	0.000512434	0	0.000512434	1.09647	0
metal1	18	75	880.07	224	0.000512434	0	0.000512434	1.09705	0
metal1	19	75	936.07	224	0.000512434	0	0.000512434	1.09772	0
metal1	20	75	992.07	224	0.000228809	0	0.000228809	1.09852	0
metal1	21	75	1048.07	224	0	0	0	1.09931	0
metal1	22	75	1086.21	224	0	0	0	1.09991	0
metal1	0	76	14.095	226.8	0	0	0	1.09992	0
metal1	1	76	40.07	226.8	0	0	0	1.09956	0
metal1	2	76	96.07	226.8	0	0	0	1.09877	0
metal1	3	76	108.455	226.8	0	0	0	1.09863	0
metal1	4	76	109.295	226.8	0	0	0	1.09862	0
metal1	5	76	152.07	226.8	0	0	0	1.09809	0
metal1	6	76	208.07	226.8	9.99144e-05	0	9.99144e-05	1.09748	0
metal1	7	76	264.07	226.8	0.000137245	0	0.000137245	1.09692	0
metal1	8	76	320.07	226.8	0.000137245	0	0.000137245	1.09643	0
metal1	9	76	376.07	226.8	0.000137245	0	0.000137245	1.09602	0
metal1	10	76	432.07	226.8	0.000137245	0	0.000137245	1.09569	0
metal1	11	76	488.07	226.8	0.000646302	0	0.000646302	1.0954	0
metal1	12	76	544.07	226.8	0.000652371	0	0.000652371	1.09527	0
metal1	13	76	600.07	226.8	0.000652371	0	0.000652371	1.09527	0
metal1	14	76	656.07	226.8	0.000697995	0	0.000697995	1.09539	0
metal1	15	76	712.07	226.8	0.000647871	0	0.000647871	1.09564	0
metal1	16	76	768.07	226.8	0.000512434	0	0.000512434	1.09602	0
metal1	17	76	824.07	226.8	0.000512434	0	0.000512434	1.09649	0
metal1	18	76	880.07	226.8	0.000512434	0	0.000512434	1.09707	0
metal1	19	76	936.07	226.8	0.000512434	0	0.000512434	1.09774	0
metal1	20	76	992.07	226.8	0.000228809	0	0.000228809	1.09853	0
metal1	21	76	1048.07	226.8	0	0	0	1.09932	0
metal1	22	76	1086.21	226.8	0	0	0	1.09991	0
metal1	0	77	14.095	229.6	0	0	0	1.09993	0
metal1	1	77	40.07	229.6	0	0	0	1.09957	0
metal1	2	77	96.07	229.6	0	0	0	1.09878	0
metal1	3	77	108.455	229.6	0	0	0	1.09864	0
metal1	4	77	109.295	229.6	0	0	0	1.09863	0
metal1	5	77	152.07	229.6	0	0	0	1.09811	0
metal1	6	77	208.07	229.6	9.99144e-05	0	9.99144e-05	1.0975	0
metal1	7	77	264.07	229.6	0.000137245	0	0.000137245	1.09694	0
metal1	8	77	320.07	229.6	0.000137245	0	0.000137245	1.09646	0
metal1	9	77	376.07	229.6	0.000137245	0	0.000137245	1.09605	0
metal1	10	77	432.07	229.6	0.000137245	0	0.000137245	1.09573	0
metal1	11	77	488.07	229.6	0.000646302	0	0.000646302	1.09543	0
metal1	12	77	544.07	229.6	0.000652371	0	0.000652371	1.09531	0
metal1	13	77	600.07	229.6	0.000652371	0	0.000652371	1.09531	0
metal1	14	77	656.07	229.6	0.000697995	0	0.000697995	1.09543	0
metal1	15	77	712.07	229.6	0.000647871	0	0.000647871	1.09568	0
metal1	16	77	768.07	229.6	0.000512434	0	0.000512434	1.09605	0
metal1	17	77	824.07	229.6	0.000512434	0	0.000512434	1.09652	0
metal1	18	77	880.07	229.6	0.000512434	0	0.000512434	1.09709	0
metal1	19	77	936.07	229.6	0.000512434	0	0.000512434	1.09776	0
metal1	20	77	992.07	229.6	0.000228809	0	0.000228809	1.09854	0
metal1	21	77	1048.07	229.6	0	0	0	1.09933	0
metal1	22	77	1086.21	229.6	0	0	0	1.09992	0
metal1	0	78	14.095	232.4	0	0	0	1.09994	0
metal1	1	78	40.07	232.4	0	0	0	1.09958	0
metal1	2	78	96.07	232.4	0	0	0	1.0988	0
metal1	3	78	108.455	232.4	0	0	0	1.09865	0
metal1	4	78	109.295	232.4	0	0	0	1.09864	0
metal1	5	78	152.07	232.4	0	0	0	1.09813	0
metal1	6	78	208.07	232.4	9.99144e-05	0	9.99144e-05	1.09752	0
metal1	7	78	264.07	232.4	0.000137245	0	0.000137245	1.09697	0
metal1	8	78	320.07	232.4	0.000137245	0	0.000137245	1.09649	0
metal1	9	78	376.07	232.4	0.000137245	0	0.000137245	1.09609	0
metal1	10	78	432.07	232.4	0.000137245	0	0.000137245	1.09576	0
metal1	11	78	488.07	232.4	0.000646302	0	0.000646302	1.09548	0
metal1	12	78	544.07	232.4	0.000652371	0	0.000652371	1.09535	0
metal1	13	78	600.07	232.4	0.000652371	0	0.000652371	1.09535	0
metal1	14	78	656.07	232.4	0.000697995	0	0.000697995	1.09547	0
metal1	15	78	712.07	232.4	0.000647871	0	0.000647871	1.09572	0
metal1	16	78	768.07	232.4	0.000512434	0	0.000512434	1.09609	0
metal1	17	78	824.07	232.4	0.000512434	0	0.000512434	1.09656	0
metal1	18	78	880.07	232.4	0.000512434	0	0.000512434	1.09712	0
metal1	19	78	936.07	232.4	0.000512434	0	0.000512434	1.09778	0
metal1	20	78	992.07	232.4	0.000228809	0	0.000228809	1.09856	0
metal1	21	78	1048.07	232.4	0	0	0	1.09935	0
metal1	22	78	1086.21	232.4	0	0	0	1.09993	0
metal1	0	79	14.095	235.2	0	0	0	1.09996	0
metal1	1	79	40.07	235.2	0	0	0	1.0996	0
metal1	2	79	96.07	235.2	0	0	0	1.09881	0
metal1	3	79	108.455	235.2	0	0	0	1.09866	0
metal1	4	79	109.295	235.2	0	0	0	1.09865	0
metal1	5	79	152.07	235.2	0	0	0	1.09815	0
metal1	6	79	208.07	235.2	9.99144e-05	0	9.99144e-05	1.09754	0
metal1	7	79	264.07	235.2	0.000137245	0	0.000137245	1.097	0
metal1	8	79	320.07	235.2	0.000137245	0	0.000137245	1.09652	0
metal1	9	79	376.07	235.2	0.000137245	0	0.000137245	1.09612	0
metal1	10	79	432.07	235.2	0.000137245	0	0.000137245	1.0958	0
metal1	11	79	488.07	235.2	0.000646302	0	0.000646302	1.09553	0
metal1	12	79	544.07	235.2	0.000652371	0	0.000652371	1.09541	0
metal1	13	79	600.07	235.2	0.000652371	0	0.000652371	1.0954	0
metal1	14	79	656.07	235.2	0.000697995	0	0.000697995	1.09552	0
metal1	15	79	712.07	235.2	0.000685799	0	0.000685799	1.09577	0
metal1	16	79	768.07	235.2	0.000593003	0	0.000593003	1.09614	0
metal1	17	79	824.07	235.2	0.000665062	0	0.000665062	1.0966	0
metal1	18	79	880.07	235.2	0.000601431	0	0.000601431	1.09716	0
metal1	19	79	936.07	235.2	0.000601431	0	0.000601431	1.09782	0
metal1	20	79	992.07	235.2	0.00025038	0	0.00025038	1.09858	0
metal1	21	79	1048.07	235.2	0	0	0	1.09937	0
metal1	22	79	1086.21	235.2	0	0	0	1.09996	0
metal1	0	80	14.095	238	0	0	0	1.09998	0
metal1	1	80	40.07	238	0	0	0	1.09961	0
metal1	2	80	96.07	238	0	0	0	1.09883	0
metal1	3	80	108.455	238	0	0	0	1.09868	0
metal1	4	80	109.295	238	0	0	0	1.09867	0
metal1	5	80	152.07	238	0	0	0	1.09817	0
metal1	6	80	208.07	238	9.99144e-05	0	9.99144e-05	1.09757	0
metal1	7	80	264.07	238	0.000137245	0	0.000137245	1.09703	0
metal1	8	80	320.07	238	0.000137245	0	0.000137245	1.09656	0
metal1	9	80	376.07	238	0.000137245	0	0.000137245	1.09616	0
metal1	10	80	432.07	238	0.000137245	0	0.000137245	1.09584	0
metal1	11	80	488.07	238	0.000646302	0	0.000646302	1.09559	0
metal1	12	80	544.07	238	0.000652371	0	0.000652371	1.09546	0
metal1	13	80	600.07	238	0.000652371	0	0.000652371	1.09546	0
metal1	14	80	656.07	238	0.000697995	0	0.000697995	1.09558	0
metal1	15	80	712.07	238	0.000638614	0	0.000638614	1.09583	0
metal1	16	80	768.07	238	0.000498461	0	0.000498461	1.09619	0
metal1	17	80	824.07	238	0.000585749	0	0.000585749	1.09664	0
metal1	18	80	880.07	238	0.000508004	0	0.000508004	1.0972	0
metal1	19	80	936.07	238	0.000508004	0	0.000508004	1.09786	0
metal1	20	80	992.07	238	0.000227163	0	0.000227163	1.0986	0
metal1	21	80	1048.07	238	0	0	0	1.0994	0
metal1	22	80	1086.21	238	0	0	0	1.09998	0
metal1	0	81	14.095	240.8	0	0	0	1.09999	0
metal1	1	81	40.07	240.8	0	0	0	1.09962	0
metal1	2	81	96.07	240.8	0	0	0	1.09883	0
metal1	3	81	108.455	240.8	0	0	0	1.09868	0
metal1	4	81	109.295	240.8	0	0	0	1.09867	0
metal1	5	81	152.07	240.8	0	0	0	1.09817	0
metal1	6	81	208.07	240.8	9.99144e-05	0	9.99144e-05	1.09758	0
metal1	7	81	264.07	240.8	0.000137245	0	0.000137245	1.09704	0
metal1	8	81	320.07	240.8	0.000137245	0	0.000137245	1.09657	0
metal1	9	81	376.07	240.8	0.000137245	0	0.000137245	1.09618	0
metal1	10	81	432.07	240.8	0.000137245	0	0.000137245	1.09586	0
metal1	11	81	488.07	240.8	0.000646302	0	0.000646302	1.09561	0
metal1	12	81	544.07	240.8	0.000652371	0	0.000652371	1.09549	0
metal1	13	81	600.07	240.8	0.000652371	0	0.000652371	1.09549	0
metal1	14	81	656.07	240.8	0.000697995	0	0.000697995	1.09561	0
metal1	15	81	712.07	240.8	0.000638614	0	0.000638614	1.09585	0
metal1	16	81	768.07	240.8	0.000498461	0	0.000498461	1.09621	0
metal1	17	81	824.07	240.8	0.000585749	0	0.000585749	1.09666	0
metal1	18	81	880.07	240.8	0.000508004	0	0.000508004	1.09722	0
metal1	19	81	936.07	240.8	0.000508004	0	0.000508004	1.09787	0
metal1	20	81	992.07	240.8	0.000227163	0	0.000227163	1.09861	0
metal1	21	81	1048.07	240.8	0	0	0	1.09941	0
metal1	22	81	1086.21	240.8	0	0	0	1.09999	0
metal1	0	82	14.095	243.6	0	0	0	1.09996	0
metal1	1	82	40.07	243.6	0	0	0	1.0996	0
metal1	2	82	96.07	243.6	0	0	0	1.09881	0
metal1	3	82	108.455	243.6	0	0	0	1.09866	0
metal1	4	82	109.295	243.6	0	0	0	1.09865	0
metal1	5	82	152.07	243.6	0	0	0	1.09816	0
metal1	6	82	208.07	243.6	9.99144e-05	0	9.99144e-05	1.09756	0
metal1	7	82	264.07	243.6	0.000137245	0	0.000137245	1.09702	0
metal1	8	82	320.07	243.6	0.000137245	0	0.000137245	1.09656	0
metal1	9	82	376.07	243.6	0.000137245	0	0.000137245	1.09617	0
metal1	10	82	432.07	243.6	0.000137245	0	0.000137245	1.09585	0
metal1	11	82	488.07	243.6	0.000646302	0	0.000646302	1.09558	0
metal1	12	82	544.07	243.6	0.000652371	0	0.000652371	1.09546	0
metal1	13	82	600.07	243.6	0.000652371	0	0.000652371	1.09547	0
metal1	14	82	656.07	243.6	0.000697995	0	0.000697995	1.09558	0
metal1	15	82	712.07	243.6	0.000638614	0	0.000638614	1.09583	0
metal1	16	82	768.07	243.6	0.000498461	0	0.000498461	1.09619	0
metal1	17	82	824.07	243.6	0.000585749	0	0.000585749	1.09664	0
metal1	18	82	880.07	243.6	0.000508004	0	0.000508004	1.0972	0
metal1	19	82	936.07	243.6	0.000508004	0	0.000508004	1.09785	0
metal1	20	82	992.07	243.6	0.000227163	0	0.000227163	1.0986	0
metal1	21	82	1048.07	243.6	0	0	0	1.09939	0
metal1	22	82	1086.21	243.6	0	0	0	1.09996	0
metal1	0	83	14.095	246.4	0	0	0	1.09994	0
metal1	1	83	40.07	246.4	0	0	0	1.09959	0
metal1	2	83	96.07	246.4	0	0	0	1.0988	0
metal1	3	83	108.455	246.4	0	0	0	1.09865	0
metal1	4	83	109.295	246.4	0	0	0	1.09864	0
metal1	5	83	152.07	246.4	0	0	0	1.09815	0
metal1	6	83	208.07	246.4	9.99144e-05	0	9.99144e-05	1.09754	0
metal1	7	83	264.07	246.4	0.000137245	0	0.000137245	1.097	0
metal1	8	83	320.07	246.4	0.000137245	0	0.000137245	1.09654	0
metal1	9	83	376.07	246.4	0.000137245	0	0.000137245	1.09615	0
metal1	10	83	432.07	246.4	0.000137245	0	0.000137245	1.09584	0
metal1	11	83	488.07	246.4	0.000646302	0	0.000646302	1.09556	0
metal1	12	83	544.07	246.4	0.000652371	0	0.000652371	1.09545	0
metal1	13	83	600.07	246.4	0.000652371	0	0.000652371	1.09545	0
metal1	14	83	656.07	246.4	0.000697995	0	0.000697995	1.09557	0
metal1	15	83	712.07	246.4	0.000638614	0	0.000638614	1.09581	0
metal1	16	83	768.07	246.4	0.000498461	0	0.000498461	1.09618	0
metal1	17	83	824.07	246.4	0.000585749	0	0.000585749	1.09663	0
metal1	18	83	880.07	246.4	0.000508004	0	0.000508004	1.09719	0
metal1	19	83	936.07	246.4	0.000508004	0	0.000508004	1.09783	0
metal1	20	83	992.07	246.4	0.000227163	0	0.000227163	1.09859	0
metal1	21	83	1048.07	246.4	0	0	0	1.09938	0
metal1	22	83	1086.21	246.4	0	0	0	1.09994	0
metal1	0	84	14.095	249.2	0	0	0	1.09993	0
metal1	1	84	40.07	249.2	0	0	0	1.09959	0
metal1	2	84	96.07	249.2	0	0	0	1.09879	0
metal1	3	84	108.455	249.2	0	0	0	1.09864	0
metal1	4	84	109.295	249.2	0	0	0	1.09863	0
metal1	5	84	152.07	249.2	0	0	0	1.09814	0
metal1	6	84	208.07	249.2	9.99144e-05	0	9.99144e-05	1.09753	0
metal1	7	84	264.07	249.2	0.000137245	0	0.000137245	1.09699	0
metal1	8	84	320.07	249.2	0.000137245	0	0.000137245	1.09653	0
metal1	9	84	376.07	249.2	0.000137245	0	0.000137245	1.09614	0
metal1	10	84	432.07	249.2	0.000137245	0	0.000137245	1.09583	0
metal1	11	84	488.07	249.2	0.000646302	0	0.000646302	1.09555	0
metal1	12	84	544.07	249.2	0.000652371	0	0.000652371	1.09543	0
metal1	13	84	600.07	249.2	0.000652371	0	0.000652371	1.09544	0
metal1	14	84	656.07	249.2	0.000697995	0	0.000697995	1.09556	0
metal1	15	84	712.07	249.2	0.000638614	0	0.000638614	1.09581	0
metal1	16	84	768.07	249.2	0.000498461	0	0.000498461	1.09617	0
metal1	17	84	824.07	249.2	0.000585749	0	0.000585749	1.09662	0
metal1	18	84	880.07	249.2	0.000508004	0	0.000508004	1.09718	0
metal1	19	84	936.07	249.2	0.000508004	0	0.000508004	1.09782	0
metal1	20	84	992.07	249.2	0.000227163	0	0.000227163	1.09858	0
metal1	21	84	1048.07	249.2	0	0	0	1.09937	0
metal1	22	84	1086.21	249.2	0	0	0	1.09992	0
metal1	0	85	14.095	252	0	0	0	1.09992	0
metal1	1	85	40.07	252	0	0	0	1.09958	0
metal1	2	85	96.07	252	0	0	0	1.09878	0
metal1	3	85	108.455	252	0	0	0	1.09863	0
metal1	4	85	109.295	252	0	0	0	1.09862	0
metal1	5	85	152.07	252	0	0	0	1.09813	0
metal1	6	85	208.07	252	9.99144e-05	0	9.99144e-05	1.09752	0
metal1	7	85	264.07	252	0.000137245	0	0.000137245	1.09698	0
metal1	8	85	320.07	252	0.000137245	0	0.000137245	1.09652	0
metal1	9	85	376.07	252	0.000137245	0	0.000137245	1.09614	0
metal1	10	85	432.07	252	0.000137245	0	0.000137245	1.09583	0
metal1	11	85	488.07	252	0.000646302	0	0.000646302	1.09555	0
metal1	12	85	544.07	252	0.000652371	0	0.000652371	1.09543	0
metal1	13	85	600.07	252	0.000652371	0	0.000652371	1.09544	0
metal1	14	85	656.07	252	0.000697995	0	0.000697995	1.09556	0
metal1	15	85	712.07	252	0.000638614	0	0.000638614	1.09581	0
metal1	16	85	768.07	252	0.000498461	0	0.000498461	1.09617	0
metal1	17	85	824.07	252	0.000585749	0	0.000585749	1.09662	0
metal1	18	85	880.07	252	0.000508004	0	0.000508004	1.09718	0
metal1	19	85	936.07	252	0.000508004	0	0.000508004	1.09782	0
metal1	20	85	992.07	252	0.000227163	0	0.000227163	1.09858	0
metal1	21	85	1048.07	252	0	0	0	1.09937	0
metal1	22	85	1086.21	252	0	0	0	1.09992	0
metal1	0	86	14.095	254.8	0	0	0	1.09992	0
metal1	1	86	40.07	254.8	0	0	0	1.09958	0
metal1	2	86	96.07	254.8	0	0	0	1.09877	0
metal1	3	86	108.455	254.8	0	0	0	1.09863	0
metal1	4	86	109.295	254.8	0	0	0	1.09862	0
metal1	5	86	152.07	254.8	0	0	0	1.09812	0
metal1	6	86	208.07	254.8	9.99144e-05	0	9.99144e-05	1.09751	0
metal1	7	86	264.07	254.8	0.000137245	0	0.000137245	1.09698	0
metal1	8	86	320.07	254.8	0.000137245	0	0.000137245	1.09652	0
metal1	9	86	376.07	254.8	0.000137245	0	0.000137245	1.09613	0
metal1	10	86	432.07	254.8	0.000137245	0	0.000137245	1.09583	0
metal1	11	86	488.07	254.8	0.000646302	0	0.000646302	1.09555	0
metal1	12	86	544.07	254.8	0.000652371	0	0.000652371	1.09543	0
metal1	13	86	600.07	254.8	0.000652371	0	0.000652371	1.09544	0
metal1	14	86	656.07	254.8	0.000697995	0	0.000697995	1.09556	0
metal1	15	86	712.07	254.8	0.000638614	0	0.000638614	1.09581	0
metal1	16	86	768.07	254.8	0.000498461	0	0.000498461	1.09618	0
metal1	17	86	824.07	254.8	0.000585749	0	0.000585749	1.09662	0
metal1	18	86	880.07	254.8	0.000508004	0	0.000508004	1.09718	0
metal1	19	86	936.07	254.8	0.000508004	0	0.000508004	1.09782	0
metal1	20	86	992.07	254.8	0.000227163	0	0.000227163	1.09858	0
metal1	21	86	1048.07	254.8	0	0	0	1.09937	0
metal1	22	86	1086.21	254.8	0	0	0	1.09991	0
metal1	0	87	14.095	257.6	0	0	0	1.09992	0
metal1	1	87	40.07	257.6	0	0	0	1.09958	0
metal1	2	87	96.07	257.6	0	0	0	1.09877	0
metal1	3	87	108.455	257.6	0	0	0	1.09862	0
metal1	4	87	109.295	257.6	0	0	0	1.09861	0
metal1	5	87	152.07	257.6	0	0	0	1.09811	0
metal1	6	87	208.07	257.6	9.99144e-05	0	9.99144e-05	1.09751	0
metal1	7	87	264.07	257.6	0.000137245	0	0.000137245	1.09697	0
metal1	8	87	320.07	257.6	0.000137245	0	0.000137245	1.09651	0
metal1	9	87	376.07	257.6	0.000137245	0	0.000137245	1.09613	0
metal1	10	87	432.07	257.6	0.000137245	0	0.000137245	1.09583	0
metal1	11	87	488.07	257.6	0.000646302	0	0.000646302	1.09555	0
metal1	12	87	544.07	257.6	0.000652371	0	0.000652371	1.09544	0
metal1	13	87	600.07	257.6	0.000652371	0	0.000652371	1.09545	0
metal1	14	87	656.07	257.6	0.000697995	0	0.000697995	1.09558	0
metal1	15	87	712.07	257.6	0.000638614	0	0.000638614	1.09583	0
metal1	16	87	768.07	257.6	0.000498461	0	0.000498461	1.09619	0
metal1	17	87	824.07	257.6	0.000585749	0	0.000585749	1.09663	0
metal1	18	87	880.07	257.6	0.000508004	0	0.000508004	1.09719	0
metal1	19	87	936.07	257.6	0.000508004	0	0.000508004	1.09783	0
metal1	20	87	992.07	257.6	0.000227163	0	0.000227163	1.09859	0
metal1	21	87	1048.07	257.6	0	0	0	1.09937	0
metal1	22	87	1086.21	257.6	0	0	0	1.09992	0
metal1	0	88	14.095	260.4	0	0	0	1.09993	0
metal1	1	88	40.07	260.4	0	0	0	1.09958	0
metal1	2	88	96.07	260.4	0	0	0	1.09877	0
metal1	3	88	108.455	260.4	0	0	0	1.09862	0
metal1	4	88	109.295	260.4	0	0	0	1.09861	0
metal1	5	88	152.07	260.4	0	0	0	1.09811	0
metal1	6	88	208.07	260.4	9.99144e-05	0	9.99144e-05	1.0975	0
metal1	7	88	264.07	260.4	0.000137245	0	0.000137245	1.09697	0
metal1	8	88	320.07	260.4	0.000137245	0	0.000137245	1.09651	0
metal1	9	88	376.07	260.4	0.000137245	0	0.000137245	1.09614	0
metal1	10	88	432.07	260.4	0.000137245	0	0.000137245	1.09583	0
metal1	11	88	488.07	260.4	0.000646302	0	0.000646302	1.09557	0
metal1	12	88	544.07	260.4	0.000652371	0	0.000652371	1.09546	0
metal1	13	88	600.07	260.4	0.000652371	0	0.000652371	1.09547	0
metal1	14	88	656.07	260.4	0.000697995	0	0.000697995	1.0956	0
metal1	15	88	712.07	260.4	0.000638614	0	0.000638614	1.09585	0
metal1	16	88	768.07	260.4	0.000498461	0	0.000498461	1.09621	0
metal1	17	88	824.07	260.4	0.000585749	0	0.000585749	1.09665	0
metal1	18	88	880.07	260.4	0.000508004	0	0.000508004	1.09721	0
metal1	19	88	936.07	260.4	0.000508004	0	0.000508004	1.09785	0
metal1	20	88	992.07	260.4	0.000227163	0	0.000227163	1.0986	0
metal1	21	88	1048.07	260.4	0	0	0	1.09938	0
metal1	22	88	1086.21	260.4	0	0	0	1.09993	0
metal1	0	89	14.095	263.2	0	0	0	1.09994	0
metal1	1	89	40.07	263.2	0	0	0	1.09959	0
metal1	2	89	96.07	263.2	0	0	0	1.09877	0
metal1	3	89	108.455	263.2	0	0	0	1.09862	0
metal1	4	89	109.295	263.2	0	0	0	1.09861	0
metal1	5	89	152.07	263.2	0	0	0	1.09811	0
metal1	6	89	208.07	263.2	9.99144e-05	0	9.99144e-05	1.0975	0
metal1	7	89	264.07	263.2	0.000137245	0	0.000137245	1.09697	0
metal1	8	89	320.07	263.2	0.000137245	0	0.000137245	1.09652	0
metal1	9	89	376.07	263.2	0.000137245	0	0.000137245	1.09614	0
metal1	10	89	432.07	263.2	0.000137245	0	0.000137245	1.09584	0
metal1	11	89	488.07	263.2	0.000646302	0	0.000646302	1.09559	0
metal1	12	89	544.07	263.2	0.000652371	0	0.000652371	1.09549	0
metal1	13	89	600.07	263.2	0.000652371	0	0.000652371	1.0955	0
metal1	14	89	656.07	263.2	0.000697995	0	0.000697995	1.09563	0
metal1	15	89	712.07	263.2	0.000638614	0	0.000638614	1.09587	0
metal1	16	89	768.07	263.2	0.000498461	0	0.000498461	1.09624	0
metal1	17	89	824.07	263.2	0.000585749	0	0.000585749	1.09668	0
metal1	18	89	880.07	263.2	0.000508004	0	0.000508004	1.09723	0
metal1	19	89	936.07	263.2	0.000508004	0	0.000508004	1.09787	0
metal1	20	89	992.07	263.2	0.000227163	0	0.000227163	1.09861	0
metal1	21	89	1048.07	263.2	0	0	0	1.09939	0
metal1	22	89	1086.21	263.2	0	0	0	1.09994	0
metal1	0	90	14.095	266	0	0	0	1.09996	0
metal1	1	90	40.07	266	0	0	0	1.0996	0
metal1	2	90	96.07	266	0	0	0	1.09878	0
metal1	3	90	108.455	266	0	0	0	1.09863	0
metal1	4	90	109.295	266	0	0	0	1.09861	0
metal1	5	90	152.07	266	0	0	0	1.09811	0
metal1	6	90	208.07	266	9.99144e-05	0	9.99144e-05	1.09751	0
metal1	7	90	264.07	266	0.000137245	0	0.000137245	1.09698	0
metal1	8	90	320.07	266	0.000137245	0	0.000137245	1.09652	0
metal1	9	90	376.07	266	0.000137245	0	0.000137245	1.09615	0
metal1	10	90	432.07	266	0.000137245	0	0.000137245	1.09585	0
metal1	11	90	488.07	266	0.000646302	0	0.000646302	1.09562	0
metal1	12	90	544.07	266	0.000652371	0	0.000652371	1.09552	0
metal1	13	90	600.07	266	0.000652371	0	0.000652371	1.09553	0
metal1	14	90	656.07	266	0.000697995	0	0.000697995	1.09566	0
metal1	15	90	712.07	266	0.000638614	0	0.000638614	1.09591	0
metal1	16	90	768.07	266	0.000498461	0	0.000498461	1.09627	0
metal1	17	90	824.07	266	0.000585749	0	0.000585749	1.09671	0
metal1	18	90	880.07	266	0.000508004	0	0.000508004	1.09726	0
metal1	19	90	936.07	266	0.000508004	0	0.000508004	1.09789	0
metal1	20	90	992.07	266	0.000227163	0	0.000227163	1.09863	0
metal1	21	90	1048.07	266	0	0	0	1.0994	0
metal1	22	90	1086.21	266	0	0	0	1.09996	0
metal1	0	91	14.095	268.8	0	0	0	1.09999	0
metal1	1	91	40.07	268.8	0	0	0	1.0996	0
metal1	2	91	96.07	268.8	4.87258e-05	0	4.87258e-05	1.09879	0
metal1	3	91	108.455	268.8	8.27893e-05	0	8.27893e-05	1.09863	0
metal1	4	91	109.295	268.8	0.000218411	0	0.000218411	1.09862	0
metal1	5	91	152.07	268.8	0.000390577	0	0.000390577	1.09811	0
metal1	6	91	208.07	268.8	0.000451854	0	0.000451854	1.09751	0
metal1	7	91	264.07	268.8	0.000461843	0	0.000461843	1.09698	0
metal1	8	91	320.07	268.8	0.000461843	0	0.000461843	1.09653	0
metal1	9	91	376.07	268.8	0.000461843	0	0.000461843	1.09616	0
metal1	10	91	432.07	268.8	0.000461843	0	0.000461843	1.09587	0
metal1	11	91	488.07	268.8	0.000659149	0	0.000659149	1.09565	0
metal1	12	91	544.07	268.8	0.000652371	0	0.000652371	1.09556	0
metal1	13	91	600.07	268.8	0.000652371	0	0.000652371	1.09558	0
metal1	14	91	656.07	268.8	0.000697995	0	0.000697995	1.0957	0
metal1	15	91	712.07	268.8	0.000638614	0	0.000638614	1.09595	0
metal1	16	91	768.07	268.8	0.000498461	0	0.000498461	1.0963	0
metal1	17	91	824.07	268.8	0.000585749	0	0.000585749	1.09675	0
metal1	18	91	880.07	268.8	0.000508004	0	0.000508004	1.09729	0
metal1	19	91	936.07	268.8	0.000508004	0	0.000508004	1.09792	0
metal1	20	91	992.07	268.8	0.000227163	0	0.000227163	1.09865	0
metal1	21	91	1048.07	268.8	0	0	0	1.09942	0
metal1	22	91	1086.21	268.8	0	0	0	1.09999	0
metal1	0	92	14.095	271.6	0	0	0	1.09998	0
metal1	1	92	40.07	271.6	0	0	0	1.0996	0
metal1	2	92	96.07	271.6	6.32579e-05	0	6.32579e-05	1.09878	0
metal1	3	92	108.455	271.6	0.000107492	0	0.000107492	1.09861	0
metal1	4	92	109.295	271.6	0.00027047	0	0.00027047	1.0986	0
metal1	5	92	152.07	271.6	0.000470658	0	0.000470658	1.09809	0
metal1	6	92	208.07	271.6	0.00050795	0	0.00050795	1.09748	0
metal1	7	92	264.07	271.6	0.00050795	0	0.00050795	1.09696	0
metal1	8	92	320.07	271.6	0.00050795	0	0.00050795	1.09651	0
metal1	9	92	376.07	271.6	0.00050795	0	0.00050795	1.09613	0
metal1	10	92	432.07	271.6	0.00050795	0	0.00050795	1.09585	0
metal1	11	92	488.07	271.6	0.000663572	0	0.000663572	1.09563	0
metal1	12	92	544.07	271.6	0.000652371	0	0.000652371	1.09554	0
metal1	13	92	600.07	271.6	0.000652371	0	0.000652371	1.09556	0
metal1	14	92	656.07	271.6	0.000697995	0	0.000697995	1.09569	0
metal1	15	92	712.07	271.6	0.000638614	0	0.000638614	1.09594	0
metal1	16	92	768.07	271.6	0.000498461	0	0.000498461	1.09629	0
metal1	17	92	824.07	271.6	0.000585749	0	0.000585749	1.09674	0
metal1	18	92	880.07	271.6	0.000508004	0	0.000508004	1.09728	0
metal1	19	92	936.07	271.6	0.000508004	0	0.000508004	1.09792	0
metal1	20	92	992.07	271.6	0.000227163	0	0.000227163	1.09864	0
metal1	21	92	1048.07	271.6	0	0	0	1.09942	0
metal1	22	92	1086.21	271.6	0	0	0	1.09998	0
metal1	0	93	14.095	274.4	0	0	0	1.09996	0
metal1	1	93	40.07	274.4	0	0	0	1.09959	0
metal1	2	93	96.07	274.4	6.32579e-05	0	6.32579e-05	1.09875	0
metal1	3	93	108.455	274.4	0.000107492	0	0.000107492	1.09859	0
metal1	4	93	109.295	274.4	0.00027047	0	0.00027047	1.09858	0
metal1	5	93	152.07	274.4	0.000470658	0	0.000470658	1.09805	0
metal1	6	93	208.07	274.4	0.00050795	0	0.00050795	1.09744	0
metal1	7	93	264.07	274.4	0.00050795	0	0.00050795	1.09691	0
metal1	8	93	320.07	274.4	0.00050795	0	0.00050795	1.09646	0
metal1	9	93	376.07	274.4	0.00050795	0	0.00050795	1.09609	0
metal1	10	93	432.07	274.4	0.00050795	0	0.00050795	1.09581	0
metal1	11	93	488.07	274.4	0.000663572	0	0.000663572	1.09559	0
metal1	12	93	544.07	274.4	0.000652371	0	0.000652371	1.0955	0
metal1	13	93	600.07	274.4	0.000652371	0	0.000652371	1.09553	0
metal1	14	93	656.07	274.4	0.000697995	0	0.000697995	1.09566	0
metal1	15	93	712.07	274.4	0.000638614	0	0.000638614	1.09591	0
metal1	16	93	768.07	274.4	0.000498461	0	0.000498461	1.09627	0
metal1	17	93	824.07	274.4	0.000585749	0	0.000585749	1.09671	0
metal1	18	93	880.07	274.4	0.000508004	0	0.000508004	1.09726	0
metal1	19	93	936.07	274.4	0.000508004	0	0.000508004	1.09789	0
metal1	20	93	992.07	274.4	0.000227163	0	0.000227163	1.09863	0
metal1	21	93	1048.07	274.4	0	0	0	1.0994	0
metal1	22	93	1086.21	274.4	0	0	0	1.09995	0
metal1	0	94	14.095	277.2	0	0	0	1.09994	0
metal1	1	94	40.07	277.2	0	0	0	1.09958	0
metal1	2	94	96.07	277.2	6.32579e-05	0	6.32579e-05	1.09873	0
metal1	3	94	108.455	277.2	0.000107492	0	0.000107492	1.09857	0
metal1	4	94	109.295	277.2	0.00027047	0	0.00027047	1.09856	0
metal1	5	94	152.07	277.2	0.000470658	0	0.000470658	1.09802	0
metal1	6	94	208.07	277.2	0.00050795	0	0.00050795	1.09741	0
metal1	7	94	264.07	277.2	0.00050795	0	0.00050795	1.09688	0
metal1	8	94	320.07	277.2	0.00050795	0	0.00050795	1.09643	0
metal1	9	94	376.07	277.2	0.00050795	0	0.00050795	1.09606	0
metal1	10	94	432.07	277.2	0.00050795	0	0.00050795	1.09577	0
metal1	11	94	488.07	277.2	0.000663572	0	0.000663572	1.09556	0
metal1	12	94	544.07	277.2	0.000652371	0	0.000652371	1.09547	0
metal1	13	94	600.07	277.2	0.000652371	0	0.000652371	1.0955	0
metal1	14	94	656.07	277.2	0.000697995	0	0.000697995	1.09563	0
metal1	15	94	712.07	277.2	0.000613585	0	0.000613585	1.09589	0
metal1	16	94	768.07	277.2	0.000563807	0	0.000563807	1.09625	0
metal1	17	94	824.07	277.2	0.000640744	0	0.000640744	1.09669	0
metal1	18	94	880.07	277.2	0.000508004	0	0.000508004	1.09724	0
metal1	19	94	936.07	277.2	0.000508004	0	0.000508004	1.09787	0
metal1	20	94	992.07	277.2	0.000227163	0	0.000227163	1.09862	0
metal1	21	94	1048.07	277.2	0	0	0	1.09939	0
metal1	22	94	1086.21	277.2	0	0	0	1.09994	0
metal1	0	95	14.095	280	0	0	0	1.09992	0
metal1	1	95	40.07	280	0	0	0	1.09957	0
metal1	2	95	96.07	280	6.32579e-05	0	6.32579e-05	1.09871	0
metal1	3	95	108.455	280	0.000107492	0	0.000107492	1.09855	0
metal1	4	95	109.295	280	0.00027047	0	0.00027047	1.09854	0
metal1	5	95	152.07	280	0.000470658	0	0.000470658	1.098	0
metal1	6	95	208.07	280	0.00050795	0	0.00050795	1.09738	0
metal1	7	95	264.07	280	0.00050795	0	0.00050795	1.09685	0
metal1	8	95	320.07	280	0.00050795	0	0.00050795	1.0964	0
metal1	9	95	376.07	280	0.00050795	0	0.00050795	1.09603	0
metal1	10	95	432.07	280	0.00050795	0	0.00050795	1.09575	0
metal1	11	95	488.07	280	0.000663572	0	0.000663572	1.09554	0
metal1	12	95	544.07	280	0.000652371	0	0.000652371	1.09545	0
metal1	13	95	600.07	280	0.000652371	0	0.000652371	1.09548	0
metal1	14	95	656.07	280	0.000697995	0	0.000697995	1.09561	0
metal1	15	95	712.07	280	0.000584153	0	0.000584153	1.09588	0
metal1	16	95	768.07	280	0.000512422	0	0.000512422	1.09624	0
metal1	17	95	824.07	280	0.000597987	0	0.000597987	1.09667	0
metal1	18	95	880.07	280	0.000508004	0	0.000508004	1.09723	0
metal1	19	95	936.07	280	0.000508004	0	0.000508004	1.09786	0
metal1	20	95	992.07	280	0.000227163	0	0.000227163	1.09861	0
metal1	21	95	1048.07	280	0	0	0	1.09938	0
metal1	22	95	1086.21	280	0	0	0	1.09992	0
metal1	0	96	14.095	282.8	0	0	0	1.09992	0
metal1	1	96	40.07	282.8	0	0	0	1.09956	0
metal1	2	96	96.07	282.8	6.32579e-05	0	6.32579e-05	1.0987	0
metal1	3	96	108.455	282.8	0.000107492	0	0.000107492	1.09854	0
metal1	4	96	109.295	282.8	0.00027047	0	0.00027047	1.09853	0
metal1	5	96	152.07	282.8	0.000470658	0	0.000470658	1.09798	0
metal1	6	96	208.07	282.8	0.00050795	0	0.00050795	1.09736	0
metal1	7	96	264.07	282.8	0.00050795	0	0.00050795	1.09683	0
metal1	8	96	320.07	282.8	0.00050795	0	0.00050795	1.09638	0
metal1	9	96	376.07	282.8	0.00050795	0	0.00050795	1.09601	0
metal1	10	96	432.07	282.8	0.00050795	0	0.00050795	1.09573	0
metal1	11	96	488.07	282.8	0.000663572	0	0.000663572	1.09552	0
metal1	12	96	544.07	282.8	0.000652371	0	0.000652371	1.09544	0
metal1	13	96	600.07	282.8	0.000652371	0	0.000652371	1.09547	0
metal1	14	96	656.07	282.8	0.000697995	0	0.000697995	1.0956	0
metal1	15	96	712.07	282.8	0.000584153	0	0.000584153	1.09587	0
metal1	16	96	768.07	282.8	0.000512422	0	0.000512422	1.09623	0
metal1	17	96	824.07	282.8	0.000597987	0	0.000597987	1.09667	0
metal1	18	96	880.07	282.8	0.000508004	0	0.000508004	1.09722	0
metal1	19	96	936.07	282.8	0.000508004	0	0.000508004	1.09786	0
metal1	20	96	992.07	282.8	0.000227163	0	0.000227163	1.0986	0
metal1	21	96	1048.07	282.8	0	0	0	1.09937	0
metal1	22	96	1086.21	282.8	0	0	0	1.09992	0
metal1	0	97	14.095	285.6	0	0	0	1.09992	0
metal1	1	97	40.07	285.6	0	0	0	1.09956	0
metal1	2	97	96.07	285.6	6.32579e-05	0	6.32579e-05	1.09869	0
metal1	3	97	108.455	285.6	0.000107492	0	0.000107492	1.09853	0
metal1	4	97	109.295	285.6	0.00027047	0	0.00027047	1.09852	0
metal1	5	97	152.07	285.6	0.000470658	0	0.000470658	1.09796	0
metal1	6	97	208.07	285.6	0.00050795	0	0.00050795	1.09734	0
metal1	7	97	264.07	285.6	0.00050795	0	0.00050795	1.09681	0
metal1	8	97	320.07	285.6	0.00050795	0	0.00050795	1.09636	0
metal1	9	97	376.07	285.6	0.00050795	0	0.00050795	1.09599	0
metal1	10	97	432.07	285.6	0.00050795	0	0.00050795	1.09571	0
metal1	11	97	488.07	285.6	0.000663572	0	0.000663572	1.09551	0
metal1	12	97	544.07	285.6	0.000652371	0	0.000652371	1.09543	0
metal1	13	97	600.07	285.6	0.000652371	0	0.000652371	1.09546	0
metal1	14	97	656.07	285.6	0.000697995	0	0.000697995	1.0956	0
metal1	15	97	712.07	285.6	0.000584153	0	0.000584153	1.09587	0
metal1	16	97	768.07	285.6	0.000512422	0	0.000512422	1.09623	0
metal1	17	97	824.07	285.6	0.000597987	0	0.000597987	1.09667	0
metal1	18	97	880.07	285.6	0.000508004	0	0.000508004	1.09722	0
metal1	19	97	936.07	285.6	0.000508004	0	0.000508004	1.09786	0
metal1	20	97	992.07	285.6	0.000227163	0	0.000227163	1.0986	0
metal1	21	97	1048.07	285.6	0	0	0	1.09937	0
metal1	22	97	1086.21	285.6	0	0	0	1.09992	0
metal1	0	98	14.095	288.4	0	0	0	1.09992	0
metal1	1	98	40.07	288.4	0	0	0	1.09956	0
metal1	2	98	96.07	288.4	6.32579e-05	0	6.32579e-05	1.09869	0
metal1	3	98	108.455	288.4	0.000107492	0	0.000107492	1.09852	0
metal1	4	98	109.295	288.4	0.00027047	0	0.00027047	1.09851	0
metal1	5	98	152.07	288.4	0.000470658	0	0.000470658	1.09796	0
metal1	6	98	208.07	288.4	0.00050795	0	0.00050795	1.09733	0
metal1	7	98	264.07	288.4	0.00050795	0	0.00050795	1.0968	0
metal1	8	98	320.07	288.4	0.00050795	0	0.00050795	1.09635	0
metal1	9	98	376.07	288.4	0.00050795	0	0.00050795	1.09598	0
metal1	10	98	432.07	288.4	0.00050795	0	0.00050795	1.09571	0
metal1	11	98	488.07	288.4	0.000663572	0	0.000663572	1.0955	0
metal1	12	98	544.07	288.4	0.000652371	0	0.000652371	1.09543	0
metal1	13	98	600.07	288.4	0.000652371	0	0.000652371	1.09546	0
metal1	14	98	656.07	288.4	0.000697995	0	0.000697995	1.09561	0
metal1	15	98	712.07	288.4	0.000584153	0	0.000584153	1.09587	0
metal1	16	98	768.07	288.4	0.000512422	0	0.000512422	1.09623	0
metal1	17	98	824.07	288.4	0.000597987	0	0.000597987	1.09667	0
metal1	18	98	880.07	288.4	0.000508004	0	0.000508004	1.09723	0
metal1	19	98	936.07	288.4	0.000508004	0	0.000508004	1.09786	0
metal1	20	98	992.07	288.4	0.000227163	0	0.000227163	1.09861	0
metal1	21	98	1048.07	288.4	0	0	0	1.09938	0
metal1	22	98	1086.21	288.4	0	0	0	1.09992	0
metal1	0	99	14.095	291.2	0	0	0	1.09993	0
metal1	1	99	40.07	291.2	0	0	0	1.09956	0
metal1	2	99	96.07	291.2	6.32579e-05	0	6.32579e-05	1.09869	0
metal1	3	99	108.455	291.2	0.000107492	0	0.000107492	1.09852	0
metal1	4	99	109.295	291.2	0.00027047	0	0.00027047	1.09851	0
metal1	5	99	152.07	291.2	0.000470658	0	0.000470658	1.09795	0
metal1	6	99	208.07	291.2	0.00050795	0	0.00050795	1.09733	0
metal1	7	99	264.07	291.2	0.00050795	0	0.00050795	1.09679	0
metal1	8	99	320.07	291.2	0.00050795	0	0.00050795	1.09634	0
metal1	9	99	376.07	291.2	0.00050795	0	0.00050795	1.09598	0
metal1	10	99	432.07	291.2	0.00050795	0	0.00050795	1.0957	0
metal1	11	99	488.07	291.2	0.000663572	0	0.000663572	1.09551	0
metal1	12	99	544.07	291.2	0.000652371	0	0.000652371	1.09543	0
metal1	13	99	600.07	291.2	0.000652371	0	0.000652371	1.09547	0
metal1	14	99	656.07	291.2	0.000697995	0	0.000697995	1.09562	0
metal1	15	99	712.07	291.2	0.000584153	0	0.000584153	1.09589	0
metal1	16	99	768.07	291.2	0.000512422	0	0.000512422	1.09625	0
metal1	17	99	824.07	291.2	0.000597987	0	0.000597987	1.09669	0
metal1	18	99	880.07	291.2	0.000508004	0	0.000508004	1.09724	0
metal1	19	99	936.07	291.2	0.000508004	0	0.000508004	1.09787	0
metal1	20	99	992.07	291.2	0.000227163	0	0.000227163	1.09861	0
metal1	21	99	1048.07	291.2	0	0	0	1.09939	0
metal1	22	99	1086.21	291.2	0	0	0	1.09993	0
metal1	0	100	14.095	294	0	0	0	1.09995	0
metal1	1	100	40.07	294	0	0	0	1.09956	0
metal1	2	100	96.07	294	6.32579e-05	0	6.32579e-05	1.09869	0
metal1	3	100	108.455	294	0.000107492	0	0.000107492	1.09852	0
metal1	4	100	109.295	294	0.00027047	0	0.00027047	1.09851	0
metal1	5	100	152.07	294	0.000470658	0	0.000470658	1.09796	0
metal1	6	100	208.07	294	0.00050795	0	0.00050795	1.09733	0
metal1	7	100	264.07	294	0.00050795	0	0.00050795	1.0968	0
metal1	8	100	320.07	294	0.00050795	0	0.00050795	1.09634	0
metal1	9	100	376.07	294	0.00050795	0	0.00050795	1.09598	0
metal1	10	100	432.07	294	0.00050795	0	0.00050795	1.09571	0
metal1	11	100	488.07	294	0.000663572	0	0.000663572	1.09552	0
metal1	12	100	544.07	294	0.000652371	0	0.000652371	1.09545	0
metal1	13	100	600.07	294	0.000652371	0	0.000652371	1.09549	0
metal1	14	100	656.07	294	0.000697995	0	0.000697995	1.09564	0
metal1	15	100	712.07	294	0.000584153	0	0.000584153	1.0959	0
metal1	16	100	768.07	294	0.000512422	0	0.000512422	1.09626	0
metal1	17	100	824.07	294	0.000597987	0	0.000597987	1.09671	0
metal1	18	100	880.07	294	0.000508004	0	0.000508004	1.09726	0
metal1	19	100	936.07	294	0.000508004	0	0.000508004	1.09789	0
metal1	20	100	992.07	294	0.000227163	0	0.000227163	1.09863	0
metal1	21	100	1048.07	294	0	0	0	1.0994	0
metal1	22	100	1086.21	294	0	0	0	1.09995	0
metal1	0	101	14.095	296.8	0	0	0	1.09997	0
metal1	1	101	40.07	296.8	0	0	0	1.09957	0
metal1	2	101	96.07	296.8	6.32579e-05	0	6.32579e-05	1.0987	0
metal1	3	101	108.455	296.8	0.000107492	0	0.000107492	1.09853	0
metal1	4	101	109.295	296.8	0.00027047	0	0.00027047	1.09851	0
metal1	5	101	152.07	296.8	0.000470658	0	0.000470658	1.09797	0
metal1	6	101	208.07	296.8	0.00050795	0	0.00050795	1.09734	0
metal1	7	101	264.07	296.8	0.00050795	0	0.00050795	1.0968	0
metal1	8	101	320.07	296.8	0.00050795	0	0.00050795	1.09635	0
metal1	9	101	376.07	296.8	0.00050795	0	0.00050795	1.09599	0
metal1	10	101	432.07	296.8	0.00050795	0	0.00050795	1.09572	0
metal1	11	101	488.07	296.8	0.000663572	0	0.000663572	1.09554	0
metal1	12	101	544.07	296.8	0.000652371	0	0.000652371	1.09547	0
metal1	13	101	600.07	296.8	0.000652371	0	0.000652371	1.09551	0
metal1	14	101	656.07	296.8	0.000697995	0	0.000697995	1.09566	0
metal1	15	101	712.07	296.8	0.000584153	0	0.000584153	1.09593	0
metal1	16	101	768.07	296.8	0.000512422	0	0.000512422	1.09629	0
metal1	17	101	824.07	296.8	0.000597987	0	0.000597987	1.09673	0
metal1	18	101	880.07	296.8	0.000508004	0	0.000508004	1.09728	0
metal1	19	101	936.07	296.8	0.000508004	0	0.000508004	1.09791	0
metal1	20	101	992.07	296.8	0.000227163	0	0.000227163	1.09864	0
metal1	21	101	1048.07	296.8	0	0	0	1.09941	0
metal1	22	101	1086.21	296.8	0	0	0	1.09997	0
metal1	0	102	14.095	299.6	0	0	0	1.1	0
metal1	1	102	40.07	299.6	0	0	0	1.09958	0
metal1	2	102	96.07	299.6	6.32579e-05	0	6.32579e-05	1.09871	0
metal1	3	102	108.455	299.6	0.000107492	0	0.000107492	1.09853	0
metal1	4	102	109.295	299.6	0.00027047	0	0.00027047	1.09852	0
metal1	5	102	152.07	299.6	0.000470658	0	0.000470658	1.09798	0
metal1	6	102	208.07	299.6	0.00050795	0	0.00050795	1.09736	0
metal1	7	102	264.07	299.6	0.00050795	0	0.00050795	1.09682	0
metal1	8	102	320.07	299.6	0.00050795	0	0.00050795	1.09637	0
metal1	9	102	376.07	299.6	0.00050795	0	0.00050795	1.096	0
metal1	10	102	432.07	299.6	0.00050795	0	0.00050795	1.09574	0
metal1	11	102	488.07	299.6	0.000663572	0	0.000663572	1.09556	0
metal1	12	102	544.07	299.6	0.000652371	0	0.000652371	1.0955	0
metal1	13	102	600.07	299.6	0.000652371	0	0.000652371	1.09554	0
metal1	14	102	656.07	299.6	0.000697995	0	0.000697995	1.0957	0
metal1	15	102	712.07	299.6	0.000584153	0	0.000584153	1.09596	0
metal1	16	102	768.07	299.6	0.000512422	0	0.000512422	1.09632	0
metal1	17	102	824.07	299.6	0.000597987	0	0.000597987	1.09677	0
metal1	18	102	880.07	299.6	0.000508004	0	0.000508004	1.09731	0
metal1	19	102	936.07	299.6	0.000508004	0	0.000508004	1.09794	0
metal1	20	102	992.07	299.6	0.000227163	0	0.000227163	1.09866	0
metal1	21	102	1048.07	299.6	0	0	0	1.09943	0
metal1	22	102	1086.21	299.6	0	0	0	1.1	0
metal1	0	103	14.095	302.4	0	0	0	1.09997	0
metal1	1	103	40.07	302.4	0	0	0	1.09955	0
metal1	2	103	96.07	302.4	6.32579e-05	0	6.32579e-05	1.09868	0
metal1	3	103	108.455	302.4	0.000107492	0	0.000107492	1.0985	0
metal1	4	103	109.295	302.4	0.00027047	0	0.00027047	1.09849	0
metal1	5	103	152.07	302.4	0.000470658	0	0.000470658	1.09794	0
metal1	6	103	208.07	302.4	0.00050795	0	0.00050795	1.09731	0
metal1	7	103	264.07	302.4	0.00050795	0	0.00050795	1.09676	0
metal1	8	103	320.07	302.4	0.00050795	0	0.00050795	1.09631	0
metal1	9	103	376.07	302.4	0.00050795	0	0.00050795	1.09595	0
metal1	10	103	432.07	302.4	0.00050795	0	0.00050795	1.09568	0
metal1	11	103	488.07	302.4	0.000663572	0	0.000663572	1.0955	0
metal1	12	103	544.07	302.4	0.000652371	0	0.000652371	1.09544	0
metal1	13	103	600.07	302.4	0.000652371	0	0.000652371	1.09549	0
metal1	14	103	656.07	302.4	0.000697995	0	0.000697995	1.09565	0
metal1	15	103	712.07	302.4	0.000584153	0	0.000584153	1.09593	0
metal1	16	103	768.07	302.4	0.000512422	0	0.000512422	1.09628	0
metal1	17	103	824.07	302.4	0.000597987	0	0.000597987	1.09673	0
metal1	18	103	880.07	302.4	0.000508004	0	0.000508004	1.09728	0
metal1	19	103	936.07	302.4	0.000508004	0	0.000508004	1.09791	0
metal1	20	103	992.07	302.4	0.000227163	0	0.000227163	1.09864	0
metal1	21	103	1048.07	302.4	0	0	0	1.0994	0
metal1	22	103	1086.21	302.4	0	0	0	1.09997	0
metal1	0	104	14.095	305.2	0	0	0	1.09995	0
metal1	1	104	40.07	305.2	0	0	0	1.09954	0
metal1	2	104	96.07	305.2	6.32579e-05	0	6.32579e-05	1.09865	0
metal1	3	104	108.455	305.2	0.000107492	0	0.000107492	1.09848	0
metal1	4	104	109.295	305.2	0.00027047	0	0.00027047	1.09846	0
metal1	5	104	152.07	305.2	0.000470658	0	0.000470658	1.0979	0
metal1	6	104	208.07	305.2	0.00050795	0	0.00050795	1.09726	0
metal1	7	104	264.07	305.2	0.00050795	0	0.00050795	1.09672	0
metal1	8	104	320.07	305.2	0.00050795	0	0.00050795	1.09626	0
metal1	9	104	376.07	305.2	0.00050795	0	0.00050795	1.0959	0
metal1	10	104	432.07	305.2	0.00050795	0	0.00050795	1.09563	0
metal1	11	104	488.07	305.2	0.000663572	0	0.000663572	1.09545	0
metal1	12	104	544.07	305.2	0.000652371	0	0.000652371	1.09539	0
metal1	13	104	600.07	305.2	0.000652371	0	0.000652371	1.09545	0
metal1	14	104	656.07	305.2	0.000697995	0	0.000697995	1.09562	0
metal1	15	104	712.07	305.2	0.000584153	0	0.000584153	1.0959	0
metal1	16	104	768.07	305.2	0.000512422	0	0.000512422	1.09625	0
metal1	17	104	824.07	305.2	0.000597987	0	0.000597987	1.09669	0
metal1	18	104	880.07	305.2	0.000508004	0	0.000508004	1.09725	0
metal1	19	104	936.07	305.2	0.000508004	0	0.000508004	1.09789	0
metal1	20	104	992.07	305.2	0.000227163	0	0.000227163	1.09862	0
metal1	21	104	1048.07	305.2	0	0	0	1.09938	0
metal1	22	104	1086.21	305.2	0	0	0	1.09995	0
metal1	0	105	14.095	308	0	0	0	1.09993	0
metal1	1	105	40.07	308	0	0	0	1.09953	0
metal1	2	105	96.07	308	6.32579e-05	0	6.32579e-05	1.09863	0
metal1	3	105	108.455	308	0.000107492	0	0.000107492	1.09845	0
metal1	4	105	109.295	308	0.00027047	0	0.00027047	1.09844	0
metal1	5	105	152.07	308	0.000470658	0	0.000470658	1.09787	0
metal1	6	105	208.07	308	0.00050795	0	0.00050795	1.09722	0
metal1	7	105	264.07	308	0.00050795	0	0.00050795	1.09668	0
metal1	8	105	320.07	308	0.00050795	0	0.00050795	1.09622	0
metal1	9	105	376.07	308	0.00050795	0	0.00050795	1.09586	0
metal1	10	105	432.07	308	0.00050795	0	0.00050795	1.09559	0
metal1	11	105	488.07	308	0.000663572	0	0.000663572	1.09541	0
metal1	12	105	544.07	308	0.000652371	0	0.000652371	1.09535	0
metal1	13	105	600.07	308	0.000652371	0	0.000652371	1.09541	0
metal1	14	105	656.07	308	0.000697995	0	0.000697995	1.09559	0
metal1	15	105	712.07	308	0.000584153	0	0.000584153	1.09587	0
metal1	16	105	768.07	308	0.000512422	0	0.000512422	1.09622	0
metal1	17	105	824.07	308	0.000597987	0	0.000597987	1.09667	0
metal1	18	105	880.07	308	0.000508004	0	0.000508004	1.09723	0
metal1	19	105	936.07	308	0.000508004	0	0.000508004	1.09787	0
metal1	20	105	992.07	308	0.000227163	0	0.000227163	1.09861	0
metal1	21	105	1048.07	308	0	0	0	1.09936	0
metal1	22	105	1086.21	308	0	0	0	1.09993	0
metal1	0	106	14.095	310.8	0	0	0	1.09992	0
metal1	1	106	40.07	310.8	0	0	0	1.09952	0
metal1	2	106	96.07	310.8	6.32579e-05	0	6.32579e-05	1.09861	0
metal1	3	106	108.455	310.8	0.000107492	0	0.000107492	1.09844	0
metal1	4	106	109.295	310.8	0.00027047	0	0.00027047	1.09842	0
metal1	5	106	152.07	310.8	0.000470658	0	0.000470658	1.09784	0
metal1	6	106	208.07	310.8	0.00050795	0	0.00050795	1.09719	0
metal1	7	106	264.07	310.8	0.00050795	0	0.00050795	1.09664	0
metal1	8	106	320.07	310.8	0.00050795	0	0.00050795	1.09618	0
metal1	9	106	376.07	310.8	0.00050795	0	0.00050795	1.09582	0
metal1	10	106	432.07	310.8	0.00050795	0	0.00050795	1.09556	0
metal1	11	106	488.07	310.8	0.000663572	0	0.000663572	1.09537	0
metal1	12	106	544.07	310.8	0.000652371	0	0.000652371	1.09532	0
metal1	13	106	600.07	310.8	0.000652371	0	0.000652371	1.09538	0
metal1	14	106	656.07	310.8	0.000446504	0	0.000446504	1.09557	0
metal1	15	106	712.07	310.8	0.000365786	0	0.000365786	1.09586	0
metal1	16	106	768.07	310.8	0.000512422	0	0.000512422	1.0962	0
metal1	17	106	824.07	310.8	0.000597987	0	0.000597987	1.09665	0
metal1	18	106	880.07	310.8	0.000508004	0	0.000508004	1.09721	0
metal1	19	106	936.07	310.8	0.000508004	0	0.000508004	1.09785	0
metal1	20	106	992.07	310.8	0.000227163	0	0.000227163	1.0986	0
metal1	21	106	1048.07	310.8	0	0	0	1.09935	0
metal1	22	106	1086.21	310.8	0	0	0	1.09992	0
metal1	0	107	14.095	313.6	0	0	0	1.09991	0
metal1	1	107	40.07	313.6	0	0	0	1.09952	0
metal1	2	107	96.07	313.6	6.88286e-05	0	6.88286e-05	1.0986	0
metal1	3	107	108.455	313.6	0.000117365	0	0.000117365	1.09842	0
metal1	4	107	109.295	313.6	0.000320655	0	0.000320655	1.09841	0
metal1	5	107	152.07	313.6	0.00058943	0	0.00058943	1.09782	0
metal1	6	107	208.07	313.6	0.000644095	0	0.000644095	1.09717	0
metal1	7	107	264.07	313.6	0.000644095	0	0.000644095	1.09661	0
metal1	8	107	320.07	313.6	0.000644095	0	0.000644095	1.09615	0
metal1	9	107	376.07	313.6	0.000644095	0	0.000644095	1.09579	0
metal1	10	107	432.07	313.6	0.000644095	0	0.000644095	1.09553	0
metal1	11	107	488.07	313.6	0.000663724	0	0.000663724	1.09534	0
metal1	12	107	544.07	313.6	0.000652371	0	0.000652371	1.09529	0
metal1	13	107	600.07	313.6	0.000652371	0	0.000652371	1.09535	0
metal1	14	107	656.07	313.6	0.000397792	0	0.000397792	1.09555	0
metal1	15	107	712.07	313.6	0.000324283	0	0.000324283	1.09584	0
metal1	16	107	768.07	313.6	0.000512422	0	0.000512422	1.09619	0
metal1	17	107	824.07	313.6	0.000597987	0	0.000597987	1.09663	0
metal1	18	107	880.07	313.6	0.000508004	0	0.000508004	1.0972	0
metal1	19	107	936.07	313.6	0.000508004	0	0.000508004	1.09784	0
metal1	20	107	992.07	313.6	0.000227163	0	0.000227163	1.0986	0
metal1	21	107	1048.07	313.6	0	0	0	1.09935	0
metal1	22	107	1086.21	313.6	0	0	0	1.09991	0
metal1	0	108	14.095	316.4	0	0	0	1.09991	0
metal1	1	108	40.07	316.4	0	0	0	1.09952	0
metal1	2	108	96.07	316.4	6.3739e-05	0	6.3739e-05	1.09859	0
metal1	3	108	108.455	316.4	0.000108211	0	0.000108211	1.09841	0
metal1	4	108	109.295	316.4	0.000272565	0	0.000272565	1.09839	0
metal1	5	108	152.07	316.4	0.000474627	0	0.000474627	1.0978	0
metal1	6	108	208.07	316.4	0.000512621	0	0.000512621	1.09715	0
metal1	7	108	264.07	316.4	0.000512621	0	0.000512621	1.09659	0
metal1	8	108	320.07	316.4	0.000512621	0	0.000512621	1.09613	0
metal1	9	108	376.07	316.4	0.000512621	0	0.000512621	1.09577	0
metal1	10	108	432.07	316.4	0.000512621	0	0.000512621	1.0955	0
metal1	11	108	488.07	316.4	0.000663806	0	0.000663806	1.09532	0
metal1	12	108	544.07	316.4	0.000652371	0	0.000652371	1.09527	0
metal1	13	108	600.07	316.4	0.000652371	0	0.000652371	1.09534	0
metal1	14	108	656.07	316.4	0.000397792	0	0.000397792	1.09554	0
metal1	15	108	712.07	316.4	0.000322432	0	0.000322432	1.09584	0
metal1	16	108	768.07	316.4	0.000519682	0	0.000519682	1.09618	0
metal1	17	108	824.07	316.4	0.000604328	0	0.000604328	1.09663	0
metal1	18	108	880.07	316.4	0.000508004	0	0.000508004	1.09719	0
metal1	19	108	936.07	316.4	0.000508004	0	0.000508004	1.09784	0
metal1	20	108	992.07	316.4	0.000227163	0	0.000227163	1.0986	0
metal1	21	108	1048.07	316.4	0	0	0	1.09936	0
metal1	22	108	1086.21	316.4	0	0	0	1.09991	0
metal1	0	109	14.095	319.2	0	0	0	1.09992	0
metal1	1	109	40.07	319.2	0	0	0	1.09952	0
metal1	2	109	96.07	319.2	6.3739e-05	0	6.3739e-05	1.09858	0
metal1	3	109	108.455	319.2	0.000108211	0	0.000108211	1.0984	0
metal1	4	109	109.295	319.2	0.000272565	0	0.000272565	1.09839	0
metal1	5	109	152.07	319.2	0.000474627	0	0.000474627	1.09779	0
metal1	6	109	208.07	319.2	0.000512621	0	0.000512621	1.09714	0
metal1	7	109	264.07	319.2	0.000512621	0	0.000512621	1.09658	0
metal1	8	109	320.07	319.2	0.000512621	0	0.000512621	1.09611	0
metal1	9	109	376.07	319.2	0.000512621	0	0.000512621	1.09575	0
metal1	10	109	432.07	319.2	0.000512621	0	0.000512621	1.09549	0
metal1	11	109	488.07	319.2	0.000663806	0	0.000663806	1.09531	0
metal1	12	109	544.07	319.2	0.000652371	0	0.000652371	1.09526	0
metal1	13	109	600.07	319.2	0.000652371	0	0.000652371	1.09533	0
metal1	14	109	656.07	319.2	0.000397792	0	0.000397792	1.09553	0
metal1	15	109	712.07	319.2	3.86047e-05	0	3.86047e-05	1.09584	0
metal1	16	109	768.07	319.2	0.000509813	0	0.000509813	1.09617	0
metal1	17	109	824.07	319.2	0.000608832	0	0.000608832	1.09663	0
metal1	18	109	880.07	319.2	0.000508004	0	0.000508004	1.0972	0
metal1	19	109	936.07	319.2	0.000508004	0	0.000508004	1.09785	0
metal1	20	109	992.07	319.2	0.000227163	0	0.000227163	1.0986	0
metal1	21	109	1048.07	319.2	0	0	0	1.09936	0
metal1	22	109	1086.21	319.2	0	0	0	1.09992	0
metal1	0	110	14.095	322	0	0	0	1.09993	0
metal1	1	110	40.07	322	0	0	0	1.09952	0
metal1	2	110	96.07	322	6.3739e-05	0	6.3739e-05	1.09858	0
metal1	3	110	108.455	322	0.000108211	0	0.000108211	1.09839	0
metal1	4	110	109.295	322	0.000272565	0	0.000272565	1.09838	0
metal1	5	110	152.07	322	0.000474627	0	0.000474627	1.09779	0
metal1	6	110	208.07	322	0.000512621	0	0.000512621	1.09713	0
metal1	7	110	264.07	322	0.000512621	0	0.000512621	1.09657	0
metal1	8	110	320.07	322	0.000512621	0	0.000512621	1.0961	0
metal1	9	110	376.07	322	0.000512621	0	0.000512621	1.09574	0
metal1	10	110	432.07	322	0.000512621	0	0.000512621	1.09547	0
metal1	11	110	488.07	322	0.000663806	0	0.000663806	1.0953	0
metal1	12	110	544.07	322	0.000652371	0	0.000652371	1.09526	0
metal1	13	110	600.07	322	0.000652371	0	0.000652371	1.09533	0
metal1	14	110	656.07	322	0.000397792	0	0.000397792	1.09553	0
metal1	15	110	712.07	322	3.86047e-05	0	3.86047e-05	1.09584	0
metal1	16	110	768.07	322	0.000509813	0	0.000509813	1.09618	0
metal1	17	110	824.07	322	0.000608832	0	0.000608832	1.09663	0
metal1	18	110	880.07	322	0.000508004	0	0.000508004	1.0972	0
metal1	19	110	936.07	322	0.000508004	0	0.000508004	1.09786	0
metal1	20	110	992.07	322	0.000227163	0	0.000227163	1.09861	0
metal1	21	110	1048.07	322	0	0	0	1.09938	0
metal1	22	110	1086.21	322	0	0	0	1.09993	0
metal1	0	111	14.095	324.8	0	0	0	1.09995	0
metal1	1	111	40.07	324.8	0	0	0	1.09953	0
metal1	2	111	96.07	324.8	6.3739e-05	0	6.3739e-05	1.09858	0
metal1	3	111	108.455	324.8	0.000108211	0	0.000108211	1.09839	0
metal1	4	111	109.295	324.8	0.000272565	0	0.000272565	1.09838	0
metal1	5	111	152.07	324.8	0.000474627	0	0.000474627	1.09779	0
metal1	6	111	208.07	324.8	0.000512621	0	0.000512621	1.09713	0
metal1	7	111	264.07	324.8	0.000512621	0	0.000512621	1.09656	0
metal1	8	111	320.07	324.8	0.000512621	0	0.000512621	1.0961	0
metal1	9	111	376.07	324.8	0.000512621	0	0.000512621	1.09573	0
metal1	10	111	432.07	324.8	0.000512621	0	0.000512621	1.09547	0
metal1	11	111	488.07	324.8	0.000663806	0	0.000663806	1.0953	0
metal1	12	111	544.07	324.8	0.000652371	0	0.000652371	1.09526	0
metal1	13	111	600.07	324.8	0.000652371	0	0.000652371	1.09533	0
metal1	14	111	656.07	324.8	0.000397792	0	0.000397792	1.09553	0
metal1	15	111	712.07	324.8	3.86047e-05	0	3.86047e-05	1.09584	0
metal1	16	111	768.07	324.8	0.000509813	0	0.000509813	1.09619	0
metal1	17	111	824.07	324.8	0.000608832	0	0.000608832	1.09665	0
metal1	18	111	880.07	324.8	0.000508004	0	0.000508004	1.09722	0
metal1	19	111	936.07	324.8	0.000508004	0	0.000508004	1.09787	0
metal1	20	111	992.07	324.8	0.000227163	0	0.000227163	1.09862	0
metal1	21	111	1048.07	324.8	0	0	0	1.09939	0
metal1	22	111	1086.21	324.8	0	0	0	1.09995	0
metal1	0	112	14.095	327.6	0	0	0	1.09998	0
metal1	1	112	40.07	327.6	0	0	0	1.09953	0
metal1	2	112	96.07	327.6	6.3739e-05	0	6.3739e-05	1.09859	0
metal1	3	112	108.455	327.6	0.000108211	0	0.000108211	1.0984	0
metal1	4	112	109.295	327.6	0.000272565	0	0.000272565	1.09838	0
metal1	5	112	152.07	327.6	0.000474627	0	0.000474627	1.0978	0
metal1	6	112	208.07	327.6	0.000512621	0	0.000512621	1.09713	0
metal1	7	112	264.07	327.6	0.000512621	0	0.000512621	1.09657	0
metal1	8	112	320.07	327.6	0.000512621	0	0.000512621	1.0961	0
metal1	9	112	376.07	327.6	0.000512621	0	0.000512621	1.09573	0
metal1	10	112	432.07	327.6	0.000512621	0	0.000512621	1.09547	0
metal1	11	112	488.07	327.6	0.000663806	0	0.000663806	1.09531	0
metal1	12	112	544.07	327.6	0.000652371	0	0.000652371	1.09527	0
metal1	13	112	600.07	327.6	0.000652371	0	0.000652371	1.09534	0
metal1	14	112	656.07	327.6	0.000397792	0	0.000397792	1.09554	0
metal1	15	112	712.07	327.6	3.86047e-05	0	3.86047e-05	1.09584	0
metal1	16	112	768.07	327.6	0.000509813	0	0.000509813	1.0962	0
metal1	17	112	824.07	327.6	0.000608832	0	0.000608832	1.09667	0
metal1	18	112	880.07	327.6	0.000508004	0	0.000508004	1.09724	0
metal1	19	112	936.07	327.6	0.000508004	0	0.000508004	1.09789	0
metal1	20	112	992.07	327.6	0.000227163	0	0.000227163	1.09863	0
metal1	21	112	1048.07	327.6	0	0	0	1.09941	0
metal1	22	112	1086.21	327.6	0	0	0	1.09998	0
metal1	0	113	14.095	330.4	0	0	0	1.09999	0
metal1	1	113	40.07	330.4	0	0	0	1.09953	0
metal1	2	113	96.07	330.4	6.3739e-05	0	6.3739e-05	1.09858	0
metal1	3	113	108.455	330.4	0.000108211	0	0.000108211	1.09839	0
metal1	4	113	109.295	330.4	0.000272565	0	0.000272565	1.09837	0
metal1	5	113	152.07	330.4	0.000474627	0	0.000474627	1.09779	0
metal1	6	113	208.07	330.4	0.000512621	0	0.000512621	1.09712	0
metal1	7	113	264.07	330.4	0.000512621	0	0.000512621	1.09655	0
metal1	8	113	320.07	330.4	0.000512621	0	0.000512621	1.09608	0
metal1	9	113	376.07	330.4	0.000512621	0	0.000512621	1.09572	0
metal1	10	113	432.07	330.4	0.000512621	0	0.000512621	1.09545	0
metal1	11	113	488.07	330.4	0.000663806	0	0.000663806	1.09529	0
metal1	12	113	544.07	330.4	0.000652371	0	0.000652371	1.09526	0
metal1	13	113	600.07	330.4	0.000652371	0	0.000652371	1.09534	0
metal1	14	113	656.07	330.4	0.0005045	0	0.0005045	1.09553	0
metal1	15	113	712.07	330.4	0.000248216	0	0.000248216	1.09583	0
metal1	16	113	768.07	330.4	0.000525178	0	0.000525178	1.0962	0
metal1	17	113	824.07	330.4	0.000608832	0	0.000608832	1.09667	0
metal1	18	113	880.07	330.4	0.000508004	0	0.000508004	1.09724	0
metal1	19	113	936.07	330.4	0.000508004	0	0.000508004	1.0979	0
metal1	20	113	992.07	330.4	0.000227163	0	0.000227163	1.09864	0
metal1	21	113	1048.07	330.4	0	0	0	1.09942	0
metal1	22	113	1086.21	330.4	0	0	0	1.09999	0
metal1	0	114	14.095	333.2	8.00756e-05	0	8.00756e-05	1.09995	0
metal1	1	114	40.07	333.2	0.000139792	0	0.000139792	1.09951	0
metal1	2	114	96.07	333.2	0.000182173	0	0.000182173	1.09853	0
metal1	3	114	108.455	333.2	0.000108211	0	0.000108211	1.09835	0
metal1	4	114	109.295	333.2	0.000272565	0	0.000272565	1.09833	0
metal1	5	114	152.07	333.2	0.000474627	0	0.000474627	1.09774	0
metal1	6	114	208.07	333.2	0.000512621	0	0.000512621	1.09706	0
metal1	7	114	264.07	333.2	0.000512621	0	0.000512621	1.09649	0
metal1	8	114	320.07	333.2	0.000512621	0	0.000512621	1.09601	0
metal1	9	114	376.07	333.2	0.000512621	0	0.000512621	1.09565	0
metal1	10	114	432.07	333.2	0.000512621	0	0.000512621	1.09539	0
metal1	11	114	488.07	333.2	0.000663806	0	0.000663806	1.09522	0
metal1	12	114	544.07	333.2	0.000652371	0	0.000652371	1.09519	0
metal1	13	114	600.07	333.2	0.000652371	0	0.000652371	1.09527	0
metal1	14	114	656.07	333.2	0.000574556	0	0.000574556	1.09547	0
metal1	15	114	712.07	333.2	0.000391125	0	0.000391125	1.09578	0
metal1	16	114	768.07	333.2	0.000534103	0	0.000534103	1.09615	0
metal1	17	114	824.07	333.2	0.000624158	0	0.000624158	1.09662	0
metal1	18	114	880.07	333.2	0.000609163	0	0.000609163	1.09721	0
metal1	19	114	936.07	333.2	0.000434659	0	0.000434659	1.09788	0
metal1	20	114	992.07	333.2	0.000187534	0	0.000187534	1.09862	0
metal1	21	114	1048.07	333.2	0	0	0	1.09939	0
metal1	22	114	1086.21	333.2	0	0	0	1.09996	0
metal1	0	115	14.095	336	0.000126426	0	0.000126426	1.09992	0
metal1	1	115	40.07	336	0.000206021	0	0.000206021	1.09948	0
metal1	2	115	96.07	336	0.000236784	0	0.000236784	1.0985	0
metal1	3	115	108.455	336	0.000108211	0	0.000108211	1.09831	0
metal1	4	115	109.295	336	0.000272565	0	0.000272565	1.0983	0
metal1	5	115	152.07	336	0.000474627	0	0.000474627	1.09769	0
metal1	6	115	208.07	336	0.000512621	0	0.000512621	1.09701	0
metal1	7	115	264.07	336	0.000512621	0	0.000512621	1.09643	0
metal1	8	115	320.07	336	0.000512621	0	0.000512621	1.09595	0
metal1	9	115	376.07	336	0.000512621	0	0.000512621	1.09558	0
metal1	10	115	432.07	336	0.000512621	0	0.000512621	1.09532	0
metal1	11	115	488.07	336	0.000663806	0	0.000663806	1.09516	0
metal1	12	115	544.07	336	0.000652371	0	0.000652371	1.09512	0
metal1	13	115	600.07	336	0.000652371	0	0.000652371	1.09521	0
metal1	14	115	656.07	336	0.000574556	0	0.000574556	1.09542	0
metal1	15	115	712.07	336	0.000391125	0	0.000391125	1.09574	0
metal1	16	115	768.07	336	0.000534103	0	0.000534103	1.09611	0
metal1	17	115	824.07	336	0.000609732	0	0.000609732	1.09658	0
metal1	18	115	880.07	336	0.000461918	0	0.000461918	1.09717	0
metal1	19	115	936.07	336	0.00018619	0	0.00018619	1.09786	0
metal1	20	115	992.07	336	7.92914e-05	0	7.92914e-05	1.09861	0
metal1	21	115	1048.07	336	0	0	0	1.09937	0
metal1	22	115	1086.21	336	0	0	0	1.09994	0
metal1	0	116	14.095	338.8	0.000126426	0	0.000126426	1.0999	0
metal1	1	116	40.07	338.8	0.000206021	0	0.000206021	1.09947	0
metal1	2	116	96.07	338.8	0.000236784	0	0.000236784	1.09846	0
metal1	3	116	108.455	338.8	0.000108211	0	0.000108211	1.09828	0
metal1	4	116	109.295	338.8	0.000272565	0	0.000272565	1.09827	0
metal1	5	116	152.07	338.8	0.000474627	0	0.000474627	1.09765	0
metal1	6	116	208.07	338.8	0.000512621	0	0.000512621	1.09696	0
metal1	7	116	264.07	338.8	0.000512621	0	0.000512621	1.09637	0
metal1	8	116	320.07	338.8	0.000512621	0	0.000512621	1.0959	0
metal1	9	116	376.07	338.8	0.000512621	0	0.000512621	1.09553	0
metal1	10	116	432.07	338.8	0.000512621	0	0.000512621	1.09527	0
metal1	11	116	488.07	338.8	0.000663806	0	0.000663806	1.0951	0
metal1	12	116	544.07	338.8	0.000652371	0	0.000652371	1.09507	0
metal1	13	116	600.07	338.8	0.000652371	0	0.000652371	1.09516	0
metal1	14	116	656.07	338.8	0.000574556	0	0.000574556	1.09537	0
metal1	15	116	712.07	338.8	0.000391125	0	0.000391125	1.0957	0
metal1	16	116	768.07	338.8	0.000534103	0	0.000534103	1.09607	0
metal1	17	116	824.07	338.8	0.000609732	0	0.000609732	1.09655	0
metal1	18	116	880.07	338.8	0.000461918	0	0.000461918	1.09715	0
metal1	19	116	936.07	338.8	0.00018619	0	0.00018619	1.09785	0
metal1	20	116	992.07	338.8	7.92914e-05	0	7.92914e-05	1.0986	0
metal1	21	116	1048.07	338.8	0.000144085	0	0.000144085	1.09936	0
metal1	22	116	1086.21	338.8	7.45239e-05	0	7.45239e-05	1.09992	0
metal1	0	117	14.095	341.6	0.000126426	0	0.000126426	1.09989	0
metal1	1	117	40.07	341.6	0.000206021	0	0.000206021	1.09945	0
metal1	2	117	96.07	341.6	0.000236784	0	0.000236784	1.09844	0
metal1	3	117	108.455	341.6	0.000108211	0	0.000108211	1.09826	0
metal1	4	117	109.295	341.6	0.000272565	0	0.000272565	1.09824	0
metal1	5	117	152.07	341.6	0.000474627	0	0.000474627	1.09761	0
metal1	6	117	208.07	341.6	0.000512621	0	0.000512621	1.09692	0
metal1	7	117	264.07	341.6	0.000512621	0	0.000512621	1.09633	0
metal1	8	117	320.07	341.6	0.000512621	0	0.000512621	1.09585	0
metal1	9	117	376.07	341.6	0.000512621	0	0.000512621	1.09548	0
metal1	10	117	432.07	341.6	0.000512621	0	0.000512621	1.09521	0
metal1	11	117	488.07	341.6	0.000663806	0	0.000663806	1.09505	0
metal1	12	117	544.07	341.6	0.000652371	0	0.000652371	1.09502	0
metal1	13	117	600.07	341.6	0.000652371	0	0.000652371	1.09511	0
metal1	14	117	656.07	341.6	0.000574556	0	0.000574556	1.09533	0
metal1	15	117	712.07	341.6	0.000391125	0	0.000391125	1.09566	0
metal1	16	117	768.07	341.6	0.000534103	0	0.000534103	1.09604	0
metal1	17	117	824.07	341.6	0.000609732	0	0.000609732	1.09653	0
metal1	18	117	880.07	341.6	0.000461918	0	0.000461918	1.09713	0
metal1	19	117	936.07	341.6	0.00018619	0	0.00018619	1.09784	0
metal1	20	117	992.07	341.6	7.92914e-05	0	7.92914e-05	1.09859	0
metal1	21	117	1048.07	341.6	0.000151884	0	0.000151884	1.09935	0
metal1	22	117	1086.21	341.6	7.8095e-05	0	7.8095e-05	1.09991	0
metal1	0	118	14.095	344.4	0.000126426	0	0.000126426	1.09989	0
metal1	1	118	40.07	344.4	0.000206021	0	0.000206021	1.09944	0
metal1	2	118	96.07	344.4	0.000236784	0	0.000236784	1.09841	0
metal1	3	118	108.455	344.4	0.000108211	0	0.000108211	1.09823	0
metal1	4	118	109.295	344.4	0.000272565	0	0.000272565	1.09822	0
metal1	5	118	152.07	344.4	0.000474627	0	0.000474627	1.09758	0
metal1	6	118	208.07	344.4	0.000512621	0	0.000512621	1.09688	0
metal1	7	118	264.07	344.4	0.000512621	0	0.000512621	1.09629	0
metal1	8	118	320.07	344.4	0.000512621	0	0.000512621	1.0958	0
metal1	9	118	376.07	344.4	0.000512621	0	0.000512621	1.09543	0
metal1	10	118	432.07	344.4	0.000512621	0	0.000512621	1.09517	0
metal1	11	118	488.07	344.4	0.000663806	0	0.000663806	1.095	0
metal1	12	118	544.07	344.4	0.000652371	0	0.000652371	1.09498	0
metal1	13	118	600.07	344.4	0.000652371	0	0.000652371	1.09508	0
metal1	14	118	656.07	344.4	0.000574556	0	0.000574556	1.0953	0
metal1	15	118	712.07	344.4	0.000391125	0	0.000391125	1.09564	0
metal1	16	118	768.07	344.4	0.000534103	0	0.000534103	1.09602	0
metal1	17	118	824.07	344.4	0.000609732	0	0.000609732	1.09651	0
metal1	18	118	880.07	344.4	0.000461918	0	0.000461918	1.09712	0
metal1	19	118	936.07	344.4	0.00018619	0	0.00018619	1.09783	0
metal1	20	118	992.07	344.4	7.92914e-05	0	7.92914e-05	1.09858	0
metal1	21	118	1048.07	344.4	0.000151884	0	0.000151884	1.09934	0
metal1	22	118	1086.21	344.4	7.8095e-05	0	7.8095e-05	1.0999	0
metal1	0	119	14.095	347.2	0.000126426	0	0.000126426	1.09989	0
metal1	1	119	40.07	347.2	0.000206021	0	0.000206021	1.09944	0
metal1	2	119	96.07	347.2	0.000236784	0	0.000236784	1.0984	0
metal1	3	119	108.455	347.2	0.000108211	0	0.000108211	1.09821	0
metal1	4	119	109.295	347.2	0.000272565	0	0.000272565	1.0982	0
metal1	5	119	152.07	347.2	0.000474627	0	0.000474627	1.09756	0
metal1	6	119	208.07	347.2	0.000512621	0	0.000512621	1.09685	0
metal1	7	119	264.07	347.2	0.000512621	0	0.000512621	1.09625	0
metal1	8	119	320.07	347.2	0.000512621	0	0.000512621	1.09576	0
metal1	9	119	376.07	347.2	0.000512621	0	0.000512621	1.09539	0
metal1	10	119	432.07	347.2	0.000512621	0	0.000512621	1.09513	0
metal1	11	119	488.07	347.2	0.000663806	0	0.000663806	1.09496	0
metal1	12	119	544.07	347.2	0.000652371	0	0.000652371	1.09494	0
metal1	13	119	600.07	347.2	0.000652371	0	0.000652371	1.09504	0
metal1	14	119	656.07	347.2	0.000574556	0	0.000574556	1.09527	0
metal1	15	119	712.07	347.2	0.000391125	0	0.000391125	1.09561	0
metal1	16	119	768.07	347.2	0.000534103	0	0.000534103	1.096	0
metal1	17	119	824.07	347.2	0.000609732	0	0.000609732	1.09649	0
metal1	18	119	880.07	347.2	0.000461918	0	0.000461918	1.09711	0
metal1	19	119	936.07	347.2	0.00018619	0	0.00018619	1.09782	0
metal1	20	119	992.07	347.2	7.92914e-05	0	7.92914e-05	1.09858	0
metal1	21	119	1048.07	347.2	0.000151884	0	0.000151884	1.09934	0
metal1	22	119	1086.21	347.2	7.8095e-05	0	7.8095e-05	1.09991	0
metal1	0	120	14.095	350	0.000126426	0	0.000126426	1.0999	0
metal1	1	120	40.07	350	0.000206021	0	0.000206021	1.09944	0
metal1	2	120	96.07	350	0.000236784	0	0.000236784	1.09839	0
metal1	3	120	108.455	350	0.000108211	0	0.000108211	1.0982	0
metal1	4	120	109.295	350	0.000272565	0	0.000272565	1.09818	0
metal1	5	120	152.07	350	0.000474627	0	0.000474627	1.09754	0
metal1	6	120	208.07	350	0.000512621	0	0.000512621	1.09683	0
metal1	7	120	264.07	350	0.000512621	0	0.000512621	1.09622	0
metal1	8	120	320.07	350	0.000512621	0	0.000512621	1.09573	0
metal1	9	120	376.07	350	0.000512621	0	0.000512621	1.09536	0
metal1	10	120	432.07	350	0.000512621	0	0.000512621	1.0951	0
metal1	11	120	488.07	350	0.000663806	0	0.000663806	1.09493	0
metal1	12	120	544.07	350	0.000652371	0	0.000652371	1.09492	0
metal1	13	120	600.07	350	0.000652371	0	0.000652371	1.09502	0
metal1	14	120	656.07	350	0.000574556	0	0.000574556	1.09525	0
metal1	15	120	712.07	350	0.000391125	0	0.000391125	1.09559	0
metal1	16	120	768.07	350	0.000534103	0	0.000534103	1.09599	0
metal1	17	120	824.07	350	0.000609732	0	0.000609732	1.09649	0
metal1	18	120	880.07	350	0.000461918	0	0.000461918	1.09711	0
metal1	19	120	936.07	350	0.00018619	0	0.00018619	1.09782	0
metal1	20	120	992.07	350	7.92914e-05	0	7.92914e-05	1.09858	0
metal1	21	120	1048.07	350	0.000151884	0	0.000151884	1.09935	0
metal1	22	120	1086.21	350	7.8095e-05	0	7.8095e-05	1.09992	0
metal1	0	121	14.095	352.8	0.000126426	0	0.000126426	1.09992	0
metal1	1	121	40.07	352.8	0.000206021	0	0.000206021	1.09944	0
metal1	2	121	96.07	352.8	0.000236784	0	0.000236784	1.09838	0
metal1	3	121	108.455	352.8	0.000108211	0	0.000108211	1.09819	0
metal1	4	121	109.295	352.8	0.000272565	0	0.000272565	1.09817	0
metal1	5	121	152.07	352.8	0.000474627	0	0.000474627	1.09753	0
metal1	6	121	208.07	352.8	0.000512621	0	0.000512621	1.09681	0
metal1	7	121	264.07	352.8	0.000512621	0	0.000512621	1.0962	0
metal1	8	121	320.07	352.8	0.000512621	0	0.000512621	1.09571	0
metal1	9	121	376.07	352.8	0.000512621	0	0.000512621	1.09533	0
metal1	10	121	432.07	352.8	0.000512621	0	0.000512621	1.09507	0
metal1	11	121	488.07	352.8	0.000663806	0	0.000663806	1.09491	0
metal1	12	121	544.07	352.8	0.000652371	0	0.000652371	1.0949	0
metal1	13	121	600.07	352.8	0.000652371	0	0.000652371	1.095	0
metal1	14	121	656.07	352.8	0.000574556	0	0.000574556	1.09524	0
metal1	15	121	712.07	352.8	0.000391125	0	0.000391125	1.09558	0
metal1	16	121	768.07	352.8	0.000534103	0	0.000534103	1.09598	0
metal1	17	121	824.07	352.8	0.000609732	0	0.000609732	1.09649	0
metal1	18	121	880.07	352.8	0.000461918	0	0.000461918	1.09711	0
metal1	19	121	936.07	352.8	0.00018619	0	0.00018619	1.09783	0
metal1	20	121	992.07	352.8	7.92914e-05	0	7.92914e-05	1.09859	0
metal1	21	121	1048.07	352.8	0.000151884	0	0.000151884	1.09936	0
metal1	22	121	1086.21	352.8	7.8095e-05	0	7.8095e-05	1.09993	0
metal1	0	122	14.095	355.6	0.000126426	0	0.000126426	1.09995	0
metal1	1	122	40.07	355.6	0.000206021	0	0.000206021	1.09945	0
metal1	2	122	96.07	355.6	0.000236784	0	0.000236784	1.09838	0
metal1	3	122	108.455	355.6	0.000108211	0	0.000108211	1.09818	0
metal1	4	122	109.295	355.6	0.000272565	0	0.000272565	1.09816	0
metal1	5	122	152.07	355.6	0.000474627	0	0.000474627	1.09752	0
metal1	6	122	208.07	355.6	0.000512621	0	0.000512621	1.0968	0
metal1	7	122	264.07	355.6	0.000512621	0	0.000512621	1.09618	0
metal1	8	122	320.07	355.6	0.000512621	0	0.000512621	1.09569	0
metal1	9	122	376.07	355.6	0.000512621	0	0.000512621	1.09531	0
metal1	10	122	432.07	355.6	0.000512621	0	0.000512621	1.09505	0
metal1	11	122	488.07	355.6	0.000663806	0	0.000663806	1.0949	0
metal1	12	122	544.07	355.6	0.000652371	0	0.000652371	1.09488	0
metal1	13	122	600.07	355.6	0.000652371	0	0.000652371	1.095	0
metal1	14	122	656.07	355.6	0.000574556	0	0.000574556	1.09523	0
metal1	15	122	712.07	355.6	0.000391125	0	0.000391125	1.09557	0
metal1	16	122	768.07	355.6	0.000534103	0	0.000534103	1.09599	0
metal1	17	122	824.07	355.6	0.000609732	0	0.000609732	1.0965	0
metal1	18	122	880.07	355.6	0.000461918	0	0.000461918	1.09712	0
metal1	19	122	936.07	355.6	0.00018619	0	0.00018619	1.09783	0
metal1	20	122	992.07	355.6	7.92914e-05	0	7.92914e-05	1.09859	0
metal1	21	122	1048.07	355.6	0.000151884	0	0.000151884	1.09938	0
metal1	22	122	1086.21	355.6	7.8095e-05	0	7.8095e-05	1.09996	0
metal1	0	123	14.095	358.4	0.000126426	0	0.000126426	1.09998	0
metal1	1	123	40.07	358.4	0.000206021	0	0.000206021	1.09946	0
metal1	2	123	96.07	358.4	0.000236219	0	0.000236219	1.09838	0
metal1	3	123	108.455	358.4	0.000107251	0	0.000107251	1.09817	0
metal1	4	123	109.295	358.4	0.000270614	0	0.000270614	1.09816	0
metal1	5	123	152.07	358.4	0.000471671	0	0.000471671	1.09752	0
metal1	6	123	208.07	358.4	0.000509436	0	0.000509436	1.09679	0
metal1	7	123	264.07	358.4	0.000509436	0	0.000509436	1.09617	0
metal1	8	123	320.07	358.4	0.000509463	0	0.000509463	1.09567	0
metal1	9	123	376.07	358.4	0.000510115	0	0.000510115	1.09529	0
metal1	10	123	432.07	358.4	0.000510115	0	0.000510115	1.09503	0
metal1	11	123	488.07	358.4	0.000663614	0	0.000663614	1.09489	0
metal1	12	123	544.07	358.4	0.000652371	0	0.000652371	1.09488	0
metal1	13	123	600.07	358.4	0.000652371	0	0.000652371	1.09499	0
metal1	14	123	656.07	358.4	0.000574556	0	0.000574556	1.09523	0
metal1	15	123	712.07	358.4	0.000391125	0	0.000391125	1.09557	0
metal1	16	123	768.07	358.4	0.000534103	0	0.000534103	1.09599	0
metal1	17	123	824.07	358.4	0.000609732	0	0.000609732	1.09651	0
metal1	18	123	880.07	358.4	0.000461918	0	0.000461918	1.09713	0
metal1	19	123	936.07	358.4	0.00018619	0	0.00018619	1.09784	0
metal1	20	123	992.07	358.4	7.92914e-05	0	7.92914e-05	1.0986	0
metal1	21	123	1048.07	358.4	0.000151884	0	0.000151884	1.0994	0
metal1	22	123	1086.21	358.4	7.8095e-05	0	7.8095e-05	1.09999	0
metal1	0	124	14.095	361.2	0.000126426	0	0.000126426	1.09997	0
metal1	1	124	40.07	361.2	0.000206021	0	0.000206021	1.09944	0
metal1	2	124	96.07	361.2	0.000173045	0	0.000173045	1.09835	0
metal1	3	124	108.455	361.2	0	0	0	1.09813	0
metal1	4	124	109.295	361.2	0	0	0	1.09812	0
metal1	5	124	152.07	361.2	0	0	0	1.09748	0
metal1	6	124	208.07	361.2	0	0	0	1.09674	0
metal1	7	124	264.07	361.2	0	0	0	1.09611	0
metal1	8	124	320.07	361.2	2.60795e-06	0	2.60795e-06	1.09561	0
metal1	9	124	376.07	361.2	6.62182e-05	0	6.62182e-05	1.09523	0
metal1	10	124	432.07	361.2	6.62182e-05	0	6.62182e-05	1.09497	0
metal1	11	124	488.07	361.2	0.000644515	0	0.000644515	1.09482	0
metal1	12	124	544.07	361.2	0.000652371	0	0.000652371	1.09482	0
metal1	13	124	600.07	361.2	0.000652371	0	0.000652371	1.09494	0
metal1	14	124	656.07	361.2	0.000574556	0	0.000574556	1.09519	0
metal1	15	124	712.07	361.2	0.000391125	0	0.000391125	1.09553	0
metal1	16	124	768.07	361.2	0.000534103	0	0.000534103	1.09596	0
metal1	17	124	824.07	361.2	0.000609732	0	0.000609732	1.09649	0
metal1	18	124	880.07	361.2	0.000461918	0	0.000461918	1.09711	0
metal1	19	124	936.07	361.2	0.00018619	0	0.00018619	1.09783	0
metal1	20	124	992.07	361.2	7.92914e-05	0	7.92914e-05	1.09859	0
metal1	21	124	1048.07	361.2	0.000151884	0	0.000151884	1.09939	0
metal1	22	124	1086.21	361.2	7.8095e-05	0	7.8095e-05	1.09998	0
metal1	0	125	14.095	364	0.000126426	0	0.000126426	1.09993	0
metal1	1	125	40.07	364	0.000206021	0	0.000206021	1.0994	0
metal1	2	125	96.07	364	0.000173045	0	0.000173045	1.09828	0
metal1	3	125	108.455	364	0	0	0	1.09807	0
metal1	4	125	109.295	364	0	0	0	1.09806	0
metal1	5	125	152.07	364	0	0	0	1.0974	0
metal1	6	125	208.07	364	0	0	0	1.09665	0
metal1	7	125	264.07	364	0	0	0	1.09601	0
metal1	8	125	320.07	364	2.60795e-06	0	2.60795e-06	1.0955	0
metal1	9	125	376.07	364	6.62182e-05	0	6.62182e-05	1.09513	0
metal1	10	125	432.07	364	6.62182e-05	0	6.62182e-05	1.09487	0
metal1	11	125	488.07	364	0.000644515	0	0.000644515	1.09472	0
metal1	12	125	544.07	364	0.000652371	0	0.000652371	1.09472	0
metal1	13	125	600.07	364	0.000652371	0	0.000652371	1.09486	0
metal1	14	125	656.07	364	0.000574556	0	0.000574556	1.09511	0
metal1	15	125	712.07	364	0.000391125	0	0.000391125	1.09547	0
metal1	16	125	768.07	364	0.000534103	0	0.000534103	1.0959	0
metal1	17	125	824.07	364	0.000609732	0	0.000609732	1.09643	0
metal1	18	125	880.07	364	0.000461918	0	0.000461918	1.09707	0
metal1	19	125	936.07	364	0.00018619	0	0.00018619	1.0978	0
metal1	20	125	992.07	364	7.92914e-05	0	7.92914e-05	1.09858	0
metal1	21	125	1048.07	364	0.000151884	0	0.000151884	1.09937	0
metal1	22	125	1086.21	364	7.8095e-05	0	7.8095e-05	1.09995	0
metal1	0	126	14.095	366.8	0.000126426	0	0.000126426	1.0999	0
metal1	1	126	40.07	366.8	0.000206021	0	0.000206021	1.09937	0
metal1	2	126	96.07	366.8	0.000173045	0	0.000173045	1.09822	0
metal1	3	126	108.455	366.8	0	0	0	1.09801	0
metal1	4	126	109.295	366.8	0	0	0	1.098	0
metal1	5	126	152.07	366.8	0	0	0	1.09732	0
metal1	6	126	208.07	366.8	0	0	0	1.09656	0
metal1	7	126	264.07	366.8	0	0	0	1.09591	0
metal1	8	126	320.07	366.8	2.60795e-06	0	2.60795e-06	1.0954	0
metal1	9	126	376.07	366.8	6.62182e-05	0	6.62182e-05	1.09503	0
metal1	10	126	432.07	366.8	6.62182e-05	0	6.62182e-05	1.09477	0
metal1	11	126	488.07	366.8	0.000644515	0	0.000644515	1.09462	0
metal1	12	126	544.07	366.8	0.000652371	0	0.000652371	1.09463	0
metal1	13	126	600.07	366.8	0.000652371	0	0.000652371	1.09478	0
metal1	14	126	656.07	366.8	0.000574556	0	0.000574556	1.09505	0
metal1	15	126	712.07	366.8	0.000391125	0	0.000391125	1.09541	0
metal1	16	126	768.07	366.8	0.000534103	0	0.000534103	1.09585	0
metal1	17	126	824.07	366.8	0.000609732	0	0.000609732	1.09639	0
metal1	18	126	880.07	366.8	0.000461918	0	0.000461918	1.09704	0
metal1	19	126	936.07	366.8	0.00018619	0	0.00018619	1.09778	0
metal1	20	126	992.07	366.8	7.92914e-05	0	7.92914e-05	1.09856	0
metal1	21	126	1048.07	366.8	0.000151884	0	0.000151884	1.09935	0
metal1	22	126	1086.21	366.8	7.8095e-05	0	7.8095e-05	1.09993	0
metal1	0	127	14.095	369.6	0.000126426	0	0.000126426	1.09988	0
metal1	1	127	40.07	369.6	0.000206021	0	0.000206021	1.09934	0
metal1	2	127	96.07	369.6	0.000173045	0	0.000173045	1.09816	0
metal1	3	127	108.455	369.6	0	0	0	1.09796	0
metal1	4	127	109.295	369.6	0	0	0	1.09794	0
metal1	5	127	152.07	369.6	0	0	0	1.09725	0
metal1	6	127	208.07	369.6	0	0	0	1.09647	0
metal1	7	127	264.07	369.6	0	0	0	1.09581	0
metal1	8	127	320.07	369.6	2.60795e-06	0	2.60795e-06	1.09529	0
metal1	9	127	376.07	369.6	6.62182e-05	0	6.62182e-05	1.09493	0
metal1	10	127	432.07	369.6	6.62182e-05	0	6.62182e-05	1.09468	0
metal1	11	127	488.07	369.6	0.000644515	0	0.000644515	1.09453	0
metal1	12	127	544.07	369.6	0.000652371	0	0.000652371	1.09455	0
metal1	13	127	600.07	369.6	0.000652371	0	0.000652371	1.09471	0
metal1	14	127	656.07	369.6	0.000574556	0	0.000574556	1.09499	0
metal1	15	127	712.07	369.6	0.000391125	0	0.000391125	1.09536	0
metal1	16	127	768.07	369.6	0.000534103	0	0.000534103	1.09581	0
metal1	17	127	824.07	369.6	0.000609732	0	0.000609732	1.09635	0
metal1	18	127	880.07	369.6	0.000461918	0	0.000461918	1.09701	0
metal1	19	127	936.07	369.6	0.00018619	0	0.00018619	1.09776	0
metal1	20	127	992.07	369.6	7.92914e-05	0	7.92914e-05	1.09854	0
metal1	21	127	1048.07	369.6	0.000151884	0	0.000151884	1.09933	0
metal1	22	127	1086.21	369.6	7.8095e-05	0	7.8095e-05	1.09991	0
metal1	0	128	14.095	372.4	0.000126426	0	0.000126426	1.09987	0
metal1	1	128	40.07	372.4	0.000206021	0	0.000206021	1.09931	0
metal1	2	128	96.07	372.4	0.000173045	0	0.000173045	1.0981	0
metal1	3	128	108.455	372.4	0	0	0	1.0979	0
metal1	4	128	109.295	372.4	0	0	0	1.09789	0
metal1	5	128	152.07	372.4	0	0	0	1.09718	0
metal1	6	128	208.07	372.4	0	0	0	1.09638	0
metal1	7	128	264.07	372.4	0	0	0	1.09572	0
metal1	8	128	320.07	372.4	2.60795e-06	0	2.60795e-06	1.09519	0
metal1	9	128	376.07	372.4	6.62182e-05	0	6.62182e-05	1.09483	0
metal1	10	128	432.07	372.4	6.62182e-05	0	6.62182e-05	1.09458	0
metal1	11	128	488.07	372.4	0.000611326	0	0.000611326	1.09444	0
metal1	12	128	544.07	372.4	0.00069565	0	0.00069565	1.09448	0
metal1	13	128	600.07	372.4	0.000639241	0	0.000639241	1.09465	0
metal1	14	128	656.07	372.4	0.000575747	0	0.000575747	1.09493	0
metal1	15	128	712.07	372.4	0.000420506	0	0.000420506	1.09531	0
metal1	16	128	768.07	372.4	0.000566153	0	0.000566153	1.09577	0
metal1	17	128	824.07	372.4	0.00063606	0	0.00063606	1.09631	0
metal1	18	128	880.07	372.4	0.000461918	0	0.000461918	1.09698	0
metal1	19	128	936.07	372.4	0.00018619	0	0.00018619	1.09774	0
metal1	20	128	992.07	372.4	7.92914e-05	0	7.92914e-05	1.09853	0
metal1	21	128	1048.07	372.4	0.000151884	0	0.000151884	1.09932	0
metal1	22	128	1086.21	372.4	7.8095e-05	0	7.8095e-05	1.0999	0
metal1	0	129	14.095	375.2	0.000126426	0	0.000126426	1.09986	0
metal1	1	129	40.07	375.2	0.000206021	0	0.000206021	1.09929	0
metal1	2	129	96.07	375.2	0.000173045	0	0.000173045	1.09805	0
metal1	3	129	108.455	375.2	0	0	0	1.09785	0
metal1	4	129	109.295	375.2	0	0	0	1.09784	0
metal1	5	129	152.07	375.2	0	0	0	1.09711	0
metal1	6	129	208.07	375.2	0	0	0	1.0963	0
metal1	7	129	264.07	375.2	0	0	0	1.09562	0
metal1	8	129	320.07	375.2	2.60795e-06	0	2.60795e-06	1.09509	0
metal1	9	129	376.07	375.2	6.62182e-05	0	6.62182e-05	1.09474	0
metal1	10	129	432.07	375.2	6.62182e-05	0	6.62182e-05	1.09449	0
metal1	11	129	488.07	375.2	0.000214318	0	0.000214318	1.09437	0
metal1	12	129	544.07	375.2	0.000609474	0	0.000609474	1.09441	0
metal1	13	129	600.07	375.2	0.000556204	0	0.000556204	1.0946	0
metal1	14	129	656.07	375.2	0.000556204	0	0.000556204	1.09488	0
metal1	15	129	712.07	375.2	0.000556204	0	0.000556204	1.09527	0
metal1	16	129	768.07	375.2	0.000556204	0	0.000556204	1.09573	0
metal1	17	129	824.07	375.2	0.000612242	0	0.000612242	1.09629	0
metal1	18	129	880.07	375.2	0.000461918	0	0.000461918	1.09696	0
metal1	19	129	936.07	375.2	0.00018619	0	0.00018619	1.09773	0
metal1	20	129	992.07	375.2	7.92914e-05	0	7.92914e-05	1.09853	0
metal1	21	129	1048.07	375.2	0.000151884	0	0.000151884	1.09932	0
metal1	22	129	1086.21	375.2	7.8095e-05	0	7.8095e-05	1.0999	0
metal1	0	130	14.095	378	0.000160261	0	0.000160261	1.09987	0
metal1	1	130	40.07	378	0.000606481	0	0.000606481	1.09927	0
metal1	2	130	96.07	378	0.00081736	0	0.00081736	1.09801	0
metal1	3	130	108.455	378	0.000127549	0	0.000127549	1.0978	0
metal1	4	130	109.295	378	0.000420238	0	0.000420238	1.09778	0
metal1	5	130	152.07	378	0.00085382	0	0.00085382	1.09704	0
metal1	6	130	208.07	378	0.000875824	0	0.000875824	1.09621	0
metal1	7	130	264.07	378	0.000875824	0	0.000875824	1.09553	0
metal1	8	130	320.07	378	0.000871147	0	0.000871147	1.09499	0
metal1	9	130	376.07	378	6.62182e-05	0	6.62182e-05	1.09464	0
metal1	10	130	432.07	378	6.62182e-05	0	6.62182e-05	1.0944	0
metal1	11	130	488.07	378	0.000214318	0	0.000214318	1.09429	0
metal1	12	130	544.07	378	0.000609474	0	0.000609474	1.09435	0
metal1	13	130	600.07	378	0.000556204	0	0.000556204	1.09455	0
metal1	14	130	656.07	378	0.000556204	0	0.000556204	1.09484	0
metal1	15	130	712.07	378	0.000556204	0	0.000556204	1.09524	0
metal1	16	130	768.07	378	0.000556204	0	0.000556204	1.09571	0
metal1	17	130	824.07	378	0.000612242	0	0.000612242	1.09627	0
metal1	18	130	880.07	378	0.000461918	0	0.000461918	1.09695	0
metal1	19	130	936.07	378	0.00018619	0	0.00018619	1.09772	0
metal1	20	130	992.07	378	7.92914e-05	0	7.92914e-05	1.09852	0
metal1	21	130	1048.07	378	0.000151884	0	0.000151884	1.09932	0
metal1	22	130	1086.21	378	7.8095e-05	0	7.8095e-05	1.09991	0
metal1	0	131	14.095	380.8	0.00024268	0	0.00024268	1.09988	0
metal1	1	131	40.07	380.8	0.00135745	0	0.00135745	1.09926	0
metal1	2	131	96.07	380.8	0.00130994	0	0.00130994	1.09797	0
metal1	3	131	108.455	380.8	0.000825342	0	0.000825342	1.09776	0
metal1	4	131	109.295	380.8	0.0011111	0	0.0011111	1.09774	0
metal1	5	131	152.07	380.8	0.00154894	0	0.00154894	1.09698	0
metal1	6	131	208.07	380.8	0.00165004	0	0.00165004	1.09614	0
metal1	7	131	264.07	380.8	0.00165004	0	0.00165004	1.09545	0
metal1	8	131	320.07	380.8	0.00161934	0	0.00161934	1.0949	0
metal1	9	131	376.07	380.8	6.62182e-05	0	6.62182e-05	1.09455	0
metal1	10	131	432.07	380.8	6.62182e-05	0	6.62182e-05	1.09432	0
metal1	11	131	488.07	380.8	0.000214318	0	0.000214318	1.09422	0
metal1	12	131	544.07	380.8	0.000609474	0	0.000609474	1.0943	0
metal1	13	131	600.07	380.8	0.000556204	0	0.000556204	1.09451	0
metal1	14	131	656.07	380.8	0.000556204	0	0.000556204	1.09481	0
metal1	15	131	712.07	380.8	0.000556204	0	0.000556204	1.09521	0
metal1	16	131	768.07	380.8	0.000556204	0	0.000556204	1.09569	0
metal1	17	131	824.07	380.8	0.000612242	0	0.000612242	1.09626	0
metal1	18	131	880.07	380.8	0.000461918	0	0.000461918	1.09694	0
metal1	19	131	936.07	380.8	0.00018619	0	0.00018619	1.09771	0
metal1	20	131	992.07	380.8	7.92914e-05	0	7.92914e-05	1.09852	0
metal1	21	131	1048.07	380.8	0.000151884	0	0.000151884	1.09932	0
metal1	22	131	1086.21	380.8	7.8095e-05	0	7.8095e-05	1.09992	0
metal1	0	132	14.095	383.6	0.00024268	0	0.00024268	1.09991	0
metal1	1	132	40.07	383.6	0.00135745	0	0.00135745	1.09926	0
metal1	2	132	96.07	383.6	0.00130994	0	0.00130994	1.09795	0
metal1	3	132	108.455	383.6	0.000825342	0	0.000825342	1.09772	0
metal1	4	132	109.295	383.6	0.0011111	0	0.0011111	1.0977	0
metal1	5	132	152.07	383.6	0.00154894	0	0.00154894	1.09693	0
metal1	6	132	208.07	383.6	0.00165004	0	0.00165004	1.09608	0
metal1	7	132	264.07	383.6	0.00165004	0	0.00165004	1.09538	0
metal1	8	132	320.07	383.6	0.00161934	0	0.00161934	1.09482	0
metal1	9	132	376.07	383.6	6.62182e-05	0	6.62182e-05	1.09446	0
metal1	10	132	432.07	383.6	6.62182e-05	0	6.62182e-05	1.09423	0
metal1	11	132	488.07	383.6	0.000214318	0	0.000214318	1.09415	0
metal1	12	132	544.07	383.6	0.000609474	0	0.000609474	1.09425	0
metal1	13	132	600.07	383.6	0.000556204	0	0.000556204	1.09447	0
metal1	14	132	656.07	383.6	0.000556204	0	0.000556204	1.09478	0
metal1	15	132	712.07	383.6	0.000556204	0	0.000556204	1.09519	0
metal1	16	132	768.07	383.6	0.000556204	0	0.000556204	1.09567	0
metal1	17	132	824.07	383.6	0.000612242	0	0.000612242	1.09625	0
metal1	18	132	880.07	383.6	0.000461918	0	0.000461918	1.09694	0
metal1	19	132	936.07	383.6	0.00018619	0	0.00018619	1.09771	0
metal1	20	132	992.07	383.6	7.92914e-05	0	7.92914e-05	1.09852	0
metal1	21	132	1048.07	383.6	0.000151884	0	0.000151884	1.09933	0
metal1	22	132	1086.21	383.6	7.8095e-05	0	7.8095e-05	1.09994	0
metal1	0	133	14.095	386.4	0.00024268	0	0.00024268	1.09994	0
metal1	1	133	40.07	386.4	0.00135745	0	0.00135745	1.09927	0
metal1	2	133	96.07	386.4	0.00130994	0	0.00130994	1.09794	0
metal1	3	133	108.455	386.4	0.000825342	0	0.000825342	1.0977	0
metal1	4	133	109.295	386.4	0.0011111	0	0.0011111	1.09768	0
metal1	5	133	152.07	386.4	0.00154894	0	0.00154894	1.0969	0
metal1	6	133	208.07	386.4	0.00165004	0	0.00165004	1.09604	0
metal1	7	133	264.07	386.4	0.00165004	0	0.00165004	1.09532	0
metal1	8	133	320.07	386.4	0.0017168	0	0.0017168	1.09476	0
metal1	9	133	376.07	386.4	0.00186167	0	0.00186167	1.09438	0
metal1	10	133	432.07	386.4	0.00186167	0	0.00186167	1.09415	0
metal1	11	133	488.07	386.4	0.00162042	0	0.00162042	1.09408	0
metal1	12	133	544.07	386.4	0.000609474	0	0.000609474	1.09421	0
metal1	13	133	600.07	386.4	0.000556204	0	0.000556204	1.09444	0
metal1	14	133	656.07	386.4	0.000556204	0	0.000556204	1.09476	0
metal1	15	133	712.07	386.4	0.000556204	0	0.000556204	1.09517	0
metal1	16	133	768.07	386.4	0.000556204	0	0.000556204	1.09567	0
metal1	17	133	824.07	386.4	0.000612242	0	0.000612242	1.09625	0
metal1	18	133	880.07	386.4	0.000461918	0	0.000461918	1.09694	0
metal1	19	133	936.07	386.4	0.00018619	0	0.00018619	1.09771	0
metal1	20	133	992.07	386.4	7.92914e-05	0	7.92914e-05	1.09852	0
metal1	21	133	1048.07	386.4	0.000151884	0	0.000151884	1.09935	0
metal1	22	133	1086.21	386.4	7.8095e-05	0	7.8095e-05	1.09996	0
metal1	0	134	14.095	389.2	0.00024268	0	0.00024268	1.09999	0
metal1	1	134	40.07	389.2	0.00135745	0	0.00135745	1.0993	0
metal1	2	134	96.07	389.2	0.00130994	0	0.00130994	1.09795	0
metal1	3	134	108.455	389.2	0.000825342	0	0.000825342	1.09768	0
metal1	4	134	109.295	389.2	0.0011111	0	0.0011111	1.09766	0
metal1	5	134	152.07	389.2	0.00154894	0	0.00154894	1.09689	0
metal1	6	134	208.07	389.2	0.00165004	0	0.00165004	1.09601	0
metal1	7	134	264.07	389.2	0.00165004	0	0.00165004	1.09529	0
metal1	8	134	320.07	389.2	0.00178682	0	0.00178682	1.09472	0
metal1	9	134	376.07	389.2	0.00246701	0	0.00246701	1.09431	0
metal1	10	134	432.07	389.2	0.00246701	0	0.00246701	1.09408	0
metal1	11	134	488.07	389.2	0.00234323	0	0.00234323	1.09403	0
metal1	12	134	544.07	389.2	0.000609474	0	0.000609474	1.09418	0
metal1	13	134	600.07	389.2	0.000556204	0	0.000556204	1.09442	0
metal1	14	134	656.07	389.2	0.000556204	0	0.000556204	1.09475	0
metal1	15	134	712.07	389.2	0.000556204	0	0.000556204	1.09516	0
metal1	16	134	768.07	389.2	0.000556204	0	0.000556204	1.09567	0
metal1	17	134	824.07	389.2	0.000612242	0	0.000612242	1.09626	0
metal1	18	134	880.07	389.2	0.000461918	0	0.000461918	1.09695	0
metal1	19	134	936.07	389.2	0.00018619	0	0.00018619	1.09771	0
metal1	20	134	992.07	389.2	7.92914e-05	0	7.92914e-05	1.09853	0
metal1	21	134	1048.07	389.2	0.000151884	0	0.000151884	1.09937	0
metal1	22	134	1086.21	389.2	7.8095e-05	0	7.8095e-05	1.09999	0
metal1	0	135	14.095	392	0.00024268	0	0.00024268	1.09995	0
metal1	1	135	40.07	392	0.00135745	0	0.00135745	1.09924	0
metal1	2	135	96.07	392	0.00130994	0	0.00130994	1.09786	0
metal1	3	135	108.455	392	0.000825342	0	0.000825342	1.09761	0
metal1	4	135	109.295	392	0.0011111	0	0.0011111	1.09759	0
metal1	5	135	152.07	392	0.00154894	0	0.00154894	1.09678	0
metal1	6	135	208.07	392	0.00165004	0	0.00165004	1.09589	0
metal1	7	135	264.07	392	0.00165004	0	0.00165004	1.09516	0
metal1	8	135	320.07	392	0.00178682	0	0.00178682	1.09457	0
metal1	9	135	376.07	392	0.00246701	0	0.00246701	1.09414	0
metal1	10	135	432.07	392	0.00246701	0	0.00246701	1.09391	0
metal1	11	135	488.07	392	0.00234323	0	0.00234323	1.09387	0
metal1	12	135	544.07	392	0.000609474	0	0.000609474	1.09408	0
metal1	13	135	600.07	392	0.000556204	0	0.000556204	1.09434	0
metal1	14	135	656.07	392	0.000556204	0	0.000556204	1.09467	0
metal1	15	135	712.07	392	0.000556204	0	0.000556204	1.0951	0
metal1	16	135	768.07	392	0.000556204	0	0.000556204	1.09561	0
metal1	17	135	824.07	392	0.000612242	0	0.000612242	1.09621	0
metal1	18	135	880.07	392	0.000461918	0	0.000461918	1.09691	0
metal1	19	135	936.07	392	0.00018619	0	0.00018619	1.09769	0
metal1	20	135	992.07	392	7.92914e-05	0	7.92914e-05	1.09851	0
metal1	21	135	1048.07	392	0.000151884	0	0.000151884	1.09935	0
metal1	22	135	1086.21	392	7.8095e-05	0	7.8095e-05	1.09997	0
metal1	0	136	14.095	394.8	0.00024268	0	0.00024268	1.0999	0
metal1	1	136	40.07	394.8	0.00135745	0	0.00135745	1.09918	0
metal1	2	136	96.07	394.8	0.00130994	0	0.00130994	1.09778	0
metal1	3	136	108.455	394.8	0.000825342	0	0.000825342	1.09753	0
metal1	4	136	109.295	394.8	0.0011111	0	0.0011111	1.09751	0
metal1	5	136	152.07	394.8	0.00154894	0	0.00154894	1.09668	0
metal1	6	136	208.07	394.8	0.00165004	0	0.00165004	1.09577	0
metal1	7	136	264.07	394.8	0.00165004	0	0.00165004	1.09503	0
metal1	8	136	320.07	394.8	0.00178682	0	0.00178682	1.09443	0
metal1	9	136	376.07	394.8	0.00246701	0	0.00246701	1.09396	0
metal1	10	136	432.07	394.8	0.00246701	0	0.00246701	1.09373	0
metal1	11	136	488.07	394.8	0.00234323	0	0.00234323	1.09371	0
metal1	12	136	544.07	394.8	0.000609474	0	0.000609474	1.09399	0
metal1	13	136	600.07	394.8	0.000556204	0	0.000556204	1.09425	0
metal1	14	136	656.07	394.8	0.000556204	0	0.000556204	1.0946	0
metal1	15	136	712.07	394.8	0.000556204	0	0.000556204	1.09503	0
metal1	16	136	768.07	394.8	0.000556204	0	0.000556204	1.09555	0
metal1	17	136	824.07	394.8	0.000612242	0	0.000612242	1.09615	0
metal1	18	136	880.07	394.8	0.000461918	0	0.000461918	1.09686	0
metal1	19	136	936.07	394.8	0.00018619	0	0.00018619	1.09766	0
metal1	20	136	992.07	394.8	7.92914e-05	0	7.92914e-05	1.09849	0
metal1	21	136	1048.07	394.8	0.000151884	0	0.000151884	1.09933	0
metal1	22	136	1086.21	394.8	7.8095e-05	0	7.8095e-05	1.09994	0
metal1	0	137	14.095	397.6	0.00024268	0	0.00024268	1.09987	0
metal1	1	137	40.07	397.6	0.00135745	0	0.00135745	1.09913	0
metal1	2	137	96.07	397.6	0.00130994	0	0.00130994	1.09771	0
metal1	3	137	108.455	397.6	0.000825342	0	0.000825342	1.09746	0
metal1	4	137	109.295	397.6	0.0011111	0	0.0011111	1.09744	0
metal1	5	137	152.07	397.6	0.00154894	0	0.00154894	1.09659	0
metal1	6	137	208.07	397.6	0.00165004	0	0.00165004	1.09567	0
metal1	7	137	264.07	397.6	0.00165004	0	0.00165004	1.09491	0
metal1	8	137	320.07	397.6	0.00178682	0	0.00178682	1.0943	0
metal1	9	137	376.07	397.6	0.00246701	0	0.00246701	1.09381	0
metal1	10	137	432.07	397.6	0.00246701	0	0.00246701	1.09358	0
metal1	11	137	488.07	397.6	0.00234323	0	0.00234323	1.09357	0
metal1	12	137	544.07	397.6	0.000609474	0	0.000609474	1.09389	0
metal1	13	137	600.07	397.6	0.000556204	0	0.000556204	1.09417	0
metal1	14	137	656.07	397.6	0.000556204	0	0.000556204	1.09453	0
metal1	15	137	712.07	397.6	0.000556204	0	0.000556204	1.09497	0
metal1	16	137	768.07	397.6	0.000556204	0	0.000556204	1.09549	0
metal1	17	137	824.07	397.6	0.000612242	0	0.000612242	1.0961	0
metal1	18	137	880.07	397.6	0.000461918	0	0.000461918	1.09682	0
metal1	19	137	936.07	397.6	0.00018619	0	0.00018619	1.09763	0
metal1	20	137	992.07	397.6	7.92914e-05	0	7.92914e-05	1.09847	0
metal1	21	137	1048.07	397.6	0.000151884	0	0.000151884	1.09931	0
metal1	22	137	1086.21	397.6	7.8095e-05	0	7.8095e-05	1.09992	0
metal1	0	138	14.095	400.4	0.00024268	0	0.00024268	1.09984	0
metal1	1	138	40.07	400.4	0.00135745	0	0.00135745	1.09909	0
metal1	2	138	96.07	400.4	0.00130994	0	0.00130994	1.09765	0
metal1	3	138	108.455	400.4	0.000825342	0	0.000825342	1.09741	0
metal1	4	138	109.295	400.4	0.0011111	0	0.0011111	1.09739	0
metal1	5	138	152.07	400.4	0.00154894	0	0.00154894	1.09651	0
metal1	6	138	208.07	400.4	0.00165004	0	0.00165004	1.09558	0
metal1	7	138	264.07	400.4	0.00165004	0	0.00165004	1.09481	0
metal1	8	138	320.07	400.4	0.00178682	0	0.00178682	1.09418	0
metal1	9	138	376.07	400.4	0.00246701	0	0.00246701	1.09368	0
metal1	10	138	432.07	400.4	0.00246701	0	0.00246701	1.09345	0
metal1	11	138	488.07	400.4	0.00234323	0	0.00234323	1.09345	0
metal1	12	138	544.07	400.4	0.000609474	0	0.000609474	1.09381	0
metal1	13	138	600.07	400.4	0.000556204	0	0.000556204	1.0941	0
metal1	14	138	656.07	400.4	0.000556204	0	0.000556204	1.09446	0
metal1	15	138	712.07	400.4	0.000556204	0	0.000556204	1.09491	0
metal1	16	138	768.07	400.4	0.000556204	0	0.000556204	1.09544	0
metal1	17	138	824.07	400.4	0.000612242	0	0.000612242	1.09606	0
metal1	18	138	880.07	400.4	0.000461918	0	0.000461918	1.09679	0
metal1	19	138	936.07	400.4	0.00018619	0	0.00018619	1.09761	0
metal1	20	138	992.07	400.4	7.92914e-05	0	7.92914e-05	1.09845	0
metal1	21	138	1048.07	400.4	0.000151884	0	0.000151884	1.09929	0
metal1	22	138	1086.21	400.4	7.8095e-05	0	7.8095e-05	1.09991	0
metal1	0	139	14.095	403.2	0.00024268	0	0.00024268	1.09983	0
metal1	1	139	40.07	403.2	0.00135745	0	0.00135745	1.09907	0
metal1	2	139	96.07	403.2	0.00130994	0	0.00130994	1.0976	0
metal1	3	139	108.455	403.2	0.000825342	0	0.000825342	1.09736	0
metal1	4	139	109.295	403.2	0.0011111	0	0.0011111	1.09734	0
metal1	5	139	152.07	403.2	0.00154894	0	0.00154894	1.09645	0
metal1	6	139	208.07	403.2	0.00165004	0	0.00165004	1.0955	0
metal1	7	139	264.07	403.2	0.00165004	0	0.00165004	1.09472	0
metal1	8	139	320.07	403.2	0.00178682	0	0.00178682	1.09409	0
metal1	9	139	376.07	403.2	0.00246701	0	0.00246701	1.09357	0
metal1	10	139	432.07	403.2	0.00246701	0	0.00246701	1.09334	0
metal1	11	139	488.07	403.2	0.00234323	0	0.00234323	1.09335	0
metal1	12	139	544.07	403.2	0.000609474	0	0.000609474	1.09373	0
metal1	13	139	600.07	403.2	0.000556204	0	0.000556204	1.09404	0
metal1	14	139	656.07	403.2	0.000556204	0	0.000556204	1.09441	0
metal1	15	139	712.07	403.2	0.000556204	0	0.000556204	1.09486	0
metal1	16	139	768.07	403.2	0.000556204	0	0.000556204	1.0954	0
metal1	17	139	824.07	403.2	0.000612242	0	0.000612242	1.09602	0
metal1	18	139	880.07	403.2	0.000461918	0	0.000461918	1.09676	0
metal1	19	139	936.07	403.2	0.00018619	0	0.00018619	1.09759	0
metal1	20	139	992.07	403.2	7.92914e-05	0	7.92914e-05	1.09844	0
metal1	21	139	1048.07	403.2	0.000151884	0	0.000151884	1.09928	0
metal1	22	139	1086.21	403.2	7.8095e-05	0	7.8095e-05	1.0999	0
metal1	0	140	14.095	406	0.00024268	0	0.00024268	1.09983	0
metal1	1	140	40.07	406	0.00135745	0	0.00135745	1.09906	0
metal1	2	140	96.07	406	0.00130994	0	0.00130994	1.09757	0
metal1	3	140	108.455	406	0.000825342	0	0.000825342	1.09733	0
metal1	4	140	109.295	406	0.0011111	0	0.0011111	1.09731	0
metal1	5	140	152.07	406	0.00154894	0	0.00154894	1.09641	0
metal1	6	140	208.07	406	0.00165004	0	0.00165004	1.09544	0
metal1	7	140	264.07	406	0.00165004	0	0.00165004	1.09465	0
metal1	8	140	320.07	406	0.00178682	0	0.00178682	1.09401	0
metal1	9	140	376.07	406	0.00246701	0	0.00246701	1.09349	0
metal1	10	140	432.07	406	0.00246701	0	0.00246701	1.09325	0
metal1	11	140	488.07	406	0.00234323	0	0.00234323	1.09327	0
metal1	12	140	544.07	406	0.000609474	0	0.000609474	1.09366	0
metal1	13	140	600.07	406	0.000556204	0	0.000556204	1.09398	0
metal1	14	140	656.07	406	0.000556204	0	0.000556204	1.09436	0
metal1	15	140	712.07	406	0.000556204	0	0.000556204	1.09482	0
metal1	16	140	768.07	406	0.000556204	0	0.000556204	1.09537	0
metal1	17	140	824.07	406	0.000612242	0	0.000612242	1.096	0
metal1	18	140	880.07	406	0.000461918	0	0.000461918	1.09674	0
metal1	19	140	936.07	406	0.00018619	0	0.00018619	1.09757	0
metal1	20	140	992.07	406	7.92914e-05	0	7.92914e-05	1.09843	0
metal1	21	140	1048.07	406	0.000151884	0	0.000151884	1.09928	0
metal1	22	140	1086.21	406	7.8095e-05	0	7.8095e-05	1.0999	0
metal1	0	141	14.095	408.8	0.00024268	0	0.00024268	1.09984	0
metal1	1	141	40.07	408.8	0.00135745	0	0.00135745	1.09906	0
metal1	2	141	96.07	408.8	0.00130994	0	0.00130994	1.09755	0
metal1	3	141	108.455	408.8	0.000825342	0	0.000825342	1.0973	0
metal1	4	141	109.295	408.8	0.0011111	0	0.0011111	1.09728	0
metal1	5	141	152.07	408.8	0.00154894	0	0.00154894	1.09637	0
metal1	6	141	208.07	408.8	0.00165004	0	0.00165004	1.0954	0
metal1	7	141	264.07	408.8	0.00165004	0	0.00165004	1.0946	0
metal1	8	141	320.07	408.8	0.00178682	0	0.00178682	1.09395	0
metal1	9	141	376.07	408.8	0.00246701	0	0.00246701	1.09342	0
metal1	10	141	432.07	408.8	0.00246701	0	0.00246701	1.09319	0
metal1	11	141	488.07	408.8	0.00234323	0	0.00234323	1.09321	0
metal1	12	141	544.07	408.8	0.000609474	0	0.000609474	1.0936	0
metal1	13	141	600.07	408.8	0.000556204	0	0.000556204	1.09392	0
metal1	14	141	656.07	408.8	0.000556204	0	0.000556204	1.09431	0
metal1	15	141	712.07	408.8	0.000556204	0	0.000556204	1.09478	0
metal1	16	141	768.07	408.8	0.000556204	0	0.000556204	1.09534	0
metal1	17	141	824.07	408.8	0.000612242	0	0.000612242	1.09597	0
metal1	18	141	880.07	408.8	0.000461918	0	0.000461918	1.09672	0
metal1	19	141	936.07	408.8	0.00018619	0	0.00018619	1.09756	0
metal1	20	141	992.07	408.8	7.92914e-05	0	7.92914e-05	1.09842	0
metal1	21	141	1048.07	408.8	0.000151884	0	0.000151884	1.09928	0
metal1	22	141	1086.21	408.8	7.8095e-05	0	7.8095e-05	1.09991	0
metal1	0	142	14.095	411.6	0.00024268	0	0.00024268	1.09986	0
metal1	1	142	40.07	411.6	0.00135745	0	0.00135745	1.09908	0
metal1	2	142	96.07	411.6	0.00130994	0	0.00130994	1.09755	0
metal1	3	142	108.455	411.6	0.000825342	0	0.000825342	1.09729	0
metal1	4	142	109.295	411.6	0.0011111	0	0.0011111	1.09727	0
metal1	5	142	152.07	411.6	0.00154894	0	0.00154894	1.09636	0
metal1	6	142	208.07	411.6	0.00165004	0	0.00165004	1.09537	0
metal1	7	142	264.07	411.6	0.00165004	0	0.00165004	1.09456	0
metal1	8	142	320.07	411.6	0.00178682	0	0.00178682	1.0939	0
metal1	9	142	376.07	411.6	0.00246701	0	0.00246701	1.09338	0
metal1	10	142	432.07	411.6	0.00246701	0	0.00246701	1.09315	0
metal1	11	142	488.07	411.6	0.00234323	0	0.00234323	1.09317	0
metal1	12	142	544.07	411.6	0.000609474	0	0.000609474	1.09355	0
metal1	13	142	600.07	411.6	0.000556204	0	0.000556204	1.09388	0
metal1	14	142	656.07	411.6	0.000556204	0	0.000556204	1.09427	0
metal1	15	142	712.07	411.6	0.000556204	0	0.000556204	1.09475	0
metal1	16	142	768.07	411.6	0.000556204	0	0.000556204	1.09531	0
metal1	17	142	824.07	411.6	0.000612242	0	0.000612242	1.09596	0
metal1	18	142	880.07	411.6	0.000461918	0	0.000461918	1.09671	0
metal1	19	142	936.07	411.6	0.00018619	0	0.00018619	1.09755	0
metal1	20	142	992.07	411.6	7.92914e-05	0	7.92914e-05	1.09842	0
metal1	21	142	1048.07	411.6	0.000151884	0	0.000151884	1.09929	0
metal1	22	142	1086.21	411.6	7.8095e-05	0	7.8095e-05	1.09992	0
metal1	0	143	14.095	414.4	0.00024268	0	0.00024268	1.0999	0
metal1	1	143	40.07	414.4	0.00135745	0	0.00135745	1.09911	0
metal1	2	143	96.07	414.4	0.00130994	0	0.00130994	1.09756	0
metal1	3	143	108.455	414.4	0.000825342	0	0.000825342	1.09729	0
metal1	4	143	109.295	414.4	0.0011111	0	0.0011111	1.09726	0
metal1	5	143	152.07	414.4	0.00154894	0	0.00154894	1.09635	0
metal1	6	143	208.07	414.4	0.00165004	0	0.00165004	1.09535	0
metal1	7	143	264.07	414.4	0.00165004	0	0.00165004	1.09453	0
metal1	8	143	320.07	414.4	0.00178682	0	0.00178682	1.09387	0
metal1	9	143	376.07	414.4	0.00246701	0	0.00246701	1.09336	0
metal1	10	143	432.07	414.4	0.00246701	0	0.00246701	1.09313	0
metal1	11	143	488.07	414.4	0.00234323	0	0.00234323	1.09315	0
metal1	12	143	544.07	414.4	0.000609474	0	0.000609474	1.0935	0
metal1	13	143	600.07	414.4	0.000556204	0	0.000556204	1.09384	0
metal1	14	143	656.07	414.4	0.000556204	0	0.000556204	1.09424	0
metal1	15	143	712.07	414.4	0.000556204	0	0.000556204	1.09473	0
metal1	16	143	768.07	414.4	0.000556204	0	0.000556204	1.0953	0
metal1	17	143	824.07	414.4	0.000612242	0	0.000612242	1.09595	0
metal1	18	143	880.07	414.4	0.000461918	0	0.000461918	1.0967	0
metal1	19	143	936.07	414.4	0.00018619	0	0.00018619	1.09754	0
metal1	20	143	992.07	414.4	7.92914e-05	0	7.92914e-05	1.09842	0
metal1	21	143	1048.07	414.4	0.000151884	0	0.000151884	1.0993	0
metal1	22	143	1086.21	414.4	7.8095e-05	0	7.8095e-05	1.09994	0
metal1	0	144	14.095	417.2	0.00024268	0	0.00024268	1.09995	0
metal1	1	144	40.07	417.2	0.00135745	0	0.00135745	1.09915	0
metal1	2	144	96.07	417.2	0.00130994	0	0.00130994	1.09759	0
metal1	3	144	108.455	417.2	0.000825342	0	0.000825342	1.09729	0
metal1	4	144	109.295	417.2	0.0011111	0	0.0011111	1.09727	0
metal1	5	144	152.07	417.2	0.00154894	0	0.00154894	1.09636	0
metal1	6	144	208.07	417.2	0.00165004	0	0.00165004	1.09536	0
metal1	7	144	264.07	417.2	0.00165004	0	0.00165004	1.09453	0
metal1	8	144	320.07	417.2	0.00178682	0	0.00178682	1.09386	0
metal1	9	144	376.07	417.2	0.00246701	0	0.00246701	1.09336	0
metal1	10	144	432.07	417.2	0.00246701	0	0.00246701	1.09313	0
metal1	11	144	488.07	417.2	0.00234323	0	0.00234323	1.09316	0
metal1	12	144	544.07	417.2	0.000609474	0	0.000609474	1.09347	0
metal1	13	144	600.07	417.2	0.000556204	0	0.000556204	1.09381	0
metal1	14	144	656.07	417.2	0.000556204	0	0.000556204	1.09422	0
metal1	15	144	712.07	417.2	0.000556204	0	0.000556204	1.09471	0
metal1	16	144	768.07	417.2	0.000556204	0	0.000556204	1.09529	0
metal1	17	144	824.07	417.2	0.000612242	0	0.000612242	1.09595	0
metal1	18	144	880.07	417.2	0.000461918	0	0.000461918	1.0967	0
metal1	19	144	936.07	417.2	0.00018619	0	0.00018619	1.09754	0
metal1	20	144	992.07	417.2	7.92914e-05	0	7.92914e-05	1.09842	0
metal1	21	144	1048.07	417.2	0.000151884	0	0.000151884	1.09931	0
metal1	22	144	1086.21	417.2	7.8095e-05	0	7.8095e-05	1.09997	0
metal1	0	145	14.095	420	0.00024268	0	0.00024268	1.09999	0
metal1	1	145	40.07	420	0.00135745	0	0.00135745	1.09918	0
metal1	2	145	96.07	420	0.00130994	0	0.00130994	1.0976	0
metal1	3	145	108.455	420	0.000825342	0	0.000825342	1.09729	0
metal1	4	145	109.295	420	0.0011111	0	0.0011111	1.09727	0
metal1	5	145	152.07	420	0.00154894	0	0.00154894	1.09637	0
metal1	6	145	208.07	420	0.00165004	0	0.00165004	1.09535	0
metal1	7	145	264.07	420	0.00165004	0	0.00165004	1.09451	0
metal1	8	145	320.07	420	0.00178682	0	0.00178682	1.09384	0
metal1	9	145	376.07	420	0.00246701	0	0.00246701	1.09336	0
metal1	10	145	432.07	420	0.00246701	0	0.00246701	1.09313	0
metal1	11	145	488.07	420	0.00234323	0	0.00234323	1.09315	0
metal1	12	145	544.07	420	0.000609474	0	0.000609474	1.09342	0
metal1	13	145	600.07	420	0.000556204	0	0.000556204	1.09377	0
metal1	14	145	656.07	420	0.000556204	0	0.000556204	1.09419	0
metal1	15	145	712.07	420	0.000556204	0	0.000556204	1.09469	0
metal1	16	145	768.07	420	0.000556204	0	0.000556204	1.09527	0
metal1	17	145	824.07	420	0.000612242	0	0.000612242	1.09594	0
metal1	18	145	880.07	420	0.000461918	0	0.000461918	1.0967	0
metal1	19	145	936.07	420	0.00018619	0	0.00018619	1.09753	0
metal1	20	145	992.07	420	7.92914e-05	0	7.92914e-05	1.09841	0
metal1	21	145	1048.07	420	0.000151884	0	0.000151884	1.09933	0
metal1	22	145	1086.21	420	7.8095e-05	0	7.8095e-05	1.09999	0
metal1	0	146	14.095	422.8	0.00024268	0	0.00024268	1.09993	0
metal1	1	146	40.07	422.8	0.00135745	0	0.00135745	1.09911	0
metal1	2	146	96.07	422.8	0.00130994	0	0.00130994	1.09752	0
metal1	3	146	108.455	422.8	0.000825342	0	0.000825342	1.09722	0
metal1	4	146	109.295	422.8	0.0011111	0	0.0011111	1.0972	0
metal1	5	146	152.07	422.8	0.00154894	0	0.00154894	1.09627	0
metal1	6	146	208.07	422.8	0.00165004	0	0.00165004	1.09524	0
metal1	7	146	264.07	422.8	0.00165004	0	0.00165004	1.09439	0
metal1	8	146	320.07	422.8	0.00178682	0	0.00178682	1.09371	0
metal1	9	146	376.07	422.8	0.00246701	0	0.00246701	1.0932	0
metal1	10	146	432.07	422.8	0.00246701	0	0.00246701	1.09296	0
metal1	11	146	488.07	422.8	0.00234323	0	0.00234323	1.09299	0
metal1	12	146	544.07	422.8	0.000609474	0	0.000609474	1.09333	0
metal1	13	146	600.07	422.8	0.000556204	0	0.000556204	1.09369	0
metal1	14	146	656.07	422.8	0.000556204	0	0.000556204	1.09411	0
metal1	15	146	712.07	422.8	0.000556204	0	0.000556204	1.09462	0
metal1	16	146	768.07	422.8	0.000556204	0	0.000556204	1.0952	0
metal1	17	146	824.07	422.8	0.000612242	0	0.000612242	1.09588	0
metal1	18	146	880.07	422.8	0.000461918	0	0.000461918	1.09665	0
metal1	19	146	936.07	422.8	0.00018619	0	0.00018619	1.0975	0
metal1	20	146	992.07	422.8	7.92914e-05	0	7.92914e-05	1.09839	0
metal1	21	146	1048.07	422.8	0.000151884	0	0.000151884	1.0993	0
metal1	22	146	1086.21	422.8	7.8095e-05	0	7.8095e-05	1.09996	0
metal1	0	147	14.095	425.6	0.00024268	0	0.00024268	1.09988	0
metal1	1	147	40.07	425.6	0.00135745	0	0.00135745	1.09906	0
metal1	2	147	96.07	425.6	0.00130994	0	0.00130994	1.09745	0
metal1	3	147	108.455	425.6	0.000825342	0	0.000825342	1.09716	0
metal1	4	147	109.295	425.6	0.0011111	0	0.0011111	1.09714	0
metal1	5	147	152.07	425.6	0.00154894	0	0.00154894	1.09619	0
metal1	6	147	208.07	425.6	0.00165004	0	0.00165004	1.09515	0
metal1	7	147	264.07	425.6	0.00165004	0	0.00165004	1.09429	0
metal1	8	147	320.07	425.6	0.00178682	0	0.00178682	1.0936	0
metal1	9	147	376.07	425.6	0.00246701	0	0.00246701	1.09306	0
metal1	10	147	432.07	425.6	0.00246701	0	0.00246701	1.09282	0
metal1	11	147	488.07	425.6	0.00234323	0	0.00234323	1.09286	0
metal1	12	147	544.07	425.6	0.000609474	0	0.000609474	1.09325	0
metal1	13	147	600.07	425.6	0.000556204	0	0.000556204	1.09361	0
metal1	14	147	656.07	425.6	0.000556204	0	0.000556204	1.09404	0
metal1	15	147	712.07	425.6	0.000556204	0	0.000556204	1.09455	0
metal1	16	147	768.07	425.6	0.000556204	0	0.000556204	1.09514	0
metal1	17	147	824.07	425.6	0.000612242	0	0.000612242	1.09582	0
metal1	18	147	880.07	425.6	0.000461918	0	0.000461918	1.0966	0
metal1	19	147	936.07	425.6	0.00018619	0	0.00018619	1.09747	0
metal1	20	147	992.07	425.6	7.92914e-05	0	7.92914e-05	1.09837	0
metal1	21	147	1048.07	425.6	0.000151884	0	0.000151884	1.09927	0
metal1	22	147	1086.21	425.6	7.8095e-05	0	7.8095e-05	1.09993	0
metal1	0	148	14.095	428.4	0.00024268	0	0.00024268	1.09985	0
metal1	1	148	40.07	428.4	0.00135745	0	0.00135745	1.09902	0
metal1	2	148	96.07	428.4	0.00130994	0	0.00130994	1.09739	0
metal1	3	148	108.455	428.4	0.000825342	0	0.000825342	1.09711	0
metal1	4	148	109.295	428.4	0.0011111	0	0.0011111	1.09709	0
metal1	5	148	152.07	428.4	0.00154894	0	0.00154894	1.09612	0
metal1	6	148	208.07	428.4	0.00165004	0	0.00165004	1.09507	0
metal1	7	148	264.07	428.4	0.00165004	0	0.00165004	1.0942	0
metal1	8	148	320.07	428.4	0.00178682	0	0.00178682	1.0935	0
metal1	9	148	376.07	428.4	0.00246701	0	0.00246701	1.09295	0
metal1	10	148	432.07	428.4	0.00246701	0	0.00246701	1.09271	0
metal1	11	148	488.07	428.4	0.00234323	0	0.00234323	1.09275	0
metal1	12	148	544.07	428.4	0.000609474	0	0.000609474	1.09317	0
metal1	13	148	600.07	428.4	0.000556204	0	0.000556204	1.09354	0
metal1	14	148	656.07	428.4	0.000556204	0	0.000556204	1.09397	0
metal1	15	148	712.07	428.4	0.000556204	0	0.000556204	1.09449	0
metal1	16	148	768.07	428.4	0.000556204	0	0.000556204	1.09509	0
metal1	17	148	824.07	428.4	0.000612242	0	0.000612242	1.09577	0
metal1	18	148	880.07	428.4	0.000461918	0	0.000461918	1.09656	0
metal1	19	148	936.07	428.4	0.00018619	0	0.00018619	1.09744	0
metal1	20	148	992.07	428.4	7.92914e-05	0	7.92914e-05	1.09835	0
metal1	21	148	1048.07	428.4	0.000151884	0	0.000151884	1.09925	0
metal1	22	148	1086.21	428.4	7.8095e-05	0	7.8095e-05	1.09991	0
metal1	0	149	14.095	431.2	0.00024268	0	0.00024268	1.09982	0
metal1	1	149	40.07	431.2	0.00135745	0	0.00135745	1.09899	0
metal1	2	149	96.07	431.2	0.00130994	0	0.00130994	1.09735	0
metal1	3	149	108.455	431.2	0.000825342	0	0.000825342	1.09707	0
metal1	4	149	109.295	431.2	0.0011111	0	0.0011111	1.09705	0
metal1	5	149	152.07	431.2	0.00154894	0	0.00154894	1.09606	0
metal1	6	149	208.07	431.2	0.00165004	0	0.00165004	1.095	0
metal1	7	149	264.07	431.2	0.00165004	0	0.00165004	1.09413	0
metal1	8	149	320.07	431.2	0.00178682	0	0.00178682	1.09342	0
metal1	9	149	376.07	431.2	0.00246701	0	0.00246701	1.09285	0
metal1	10	149	432.07	431.2	0.00246701	0	0.00246701	1.09261	0
metal1	11	149	488.07	431.2	0.00234323	0	0.00234323	1.09265	0
metal1	12	149	544.07	431.2	0.000609474	0	0.000609474	1.0931	0
metal1	13	149	600.07	431.2	0.000556204	0	0.000556204	1.09347	0
metal1	14	149	656.07	431.2	0.000556204	0	0.000556204	1.09391	0
metal1	15	149	712.07	431.2	0.000556204	0	0.000556204	1.09443	0
metal1	16	149	768.07	431.2	0.000556204	0	0.000556204	1.09504	0
metal1	17	149	824.07	431.2	0.000612242	0	0.000612242	1.09573	0
metal1	18	149	880.07	431.2	0.000461918	0	0.000461918	1.09653	0
metal1	19	149	936.07	431.2	0.00018619	0	0.00018619	1.09742	0
metal1	20	149	992.07	431.2	7.92914e-05	0	7.92914e-05	1.09833	0
metal1	21	149	1048.07	431.2	0.000151884	0	0.000151884	1.09924	0
metal1	22	149	1086.21	431.2	7.8095e-05	0	7.8095e-05	1.0999	0
metal1	0	150	14.095	434	0.00024268	0	0.00024268	1.09981	0
metal1	1	150	40.07	434	0.00135745	0	0.00135745	1.09897	0
metal1	2	150	96.07	434	0.00130994	0	0.00130994	1.09732	0
metal1	3	150	108.455	434	0.000825342	0	0.000825342	1.09704	0
metal1	4	150	109.295	434	0.0011111	0	0.0011111	1.09702	0
metal1	5	150	152.07	434	0.00154894	0	0.00154894	1.09602	0
metal1	6	150	208.07	434	0.00165004	0	0.00165004	1.09495	0
metal1	7	150	264.07	434	0.00165004	0	0.00165004	1.09407	0
metal1	8	150	320.07	434	0.00178682	0	0.00178682	1.09336	0
metal1	9	150	376.07	434	0.00246701	0	0.00246701	1.09278	0
metal1	10	150	432.07	434	0.00246701	0	0.00246701	1.09254	0
metal1	11	150	488.07	434	0.00234323	0	0.00234323	1.09258	0
metal1	12	150	544.07	434	0.000609474	0	0.000609474	1.09304	0
metal1	13	150	600.07	434	0.000556204	0	0.000556204	1.09342	0
metal1	14	150	656.07	434	0.000556204	0	0.000556204	1.09386	0
metal1	15	150	712.07	434	0.000556204	0	0.000556204	1.09439	0
metal1	16	150	768.07	434	0.000556204	0	0.000556204	1.095	0
metal1	17	150	824.07	434	0.000612242	0	0.000612242	1.09569	0
metal1	18	150	880.07	434	0.000461918	0	0.000461918	1.0965	0
metal1	19	150	936.07	434	0.00018619	0	0.00018619	1.0974	0
metal1	20	150	992.07	434	7.92914e-05	0	7.92914e-05	1.09832	0
metal1	21	150	1048.07	434	0.000151884	0	0.000151884	1.09923	0
metal1	22	150	1086.21	434	7.8095e-05	0	7.8095e-05	1.09989	0
metal1	0	151	14.095	436.8	0.00024268	0	0.00024268	1.09982	0
metal1	1	151	40.07	436.8	0.00135745	0	0.00135745	1.09897	0
metal1	2	151	96.07	436.8	0.00130994	0	0.00130994	1.09731	0
metal1	3	151	108.455	436.8	0.000825342	0	0.000825342	1.09703	0
metal1	4	151	109.295	436.8	0.0011111	0	0.0011111	1.097	0
metal1	5	151	152.07	436.8	0.00154894	0	0.00154894	1.096	0
metal1	6	151	208.07	436.8	0.00165004	0	0.00165004	1.09492	0
metal1	7	151	264.07	436.8	0.00165004	0	0.00165004	1.09403	0
metal1	8	151	320.07	436.8	0.00178682	0	0.00178682	1.09331	0
metal1	9	151	376.07	436.8	0.00246701	0	0.00246701	1.09273	0
metal1	10	151	432.07	436.8	0.00246701	0	0.00246701	1.09248	0
metal1	11	151	488.07	436.8	0.00234323	0	0.00234323	1.09253	0
metal1	12	151	544.07	436.8	0.000609474	0	0.000609474	1.09299	0
metal1	13	151	600.07	436.8	0.000556204	0	0.000556204	1.09337	0
metal1	14	151	656.07	436.8	0.000556204	0	0.000556204	1.09381	0
metal1	15	151	712.07	436.8	0.000556204	0	0.000556204	1.09434	0
metal1	16	151	768.07	436.8	0.000556204	0	0.000556204	1.09496	0
metal1	17	151	824.07	436.8	0.000612242	0	0.000612242	1.09566	0
metal1	18	151	880.07	436.8	0.000461918	0	0.000461918	1.09648	0
metal1	19	151	936.07	436.8	0.00018619	0	0.00018619	1.09738	0
metal1	20	151	992.07	436.8	7.92914e-05	0	7.92914e-05	1.09831	0
metal1	21	151	1048.07	436.8	0.000151884	0	0.000151884	1.09923	0
metal1	22	151	1086.21	436.8	7.8095e-05	0	7.8095e-05	1.09989	0
metal1	0	152	14.095	439.6	0.00024268	0	0.00024268	1.09983	0
metal1	1	152	40.07	439.6	0.00135745	0	0.00135745	1.09898	0
metal1	2	152	96.07	439.6	0.00130994	0	0.00130994	1.0973	0
metal1	3	152	108.455	439.6	0.000825342	0	0.000825342	1.09702	0
metal1	4	152	109.295	439.6	0.0011111	0	0.0011111	1.09699	0
metal1	5	152	152.07	439.6	0.00154894	0	0.00154894	1.09599	0
metal1	6	152	208.07	439.6	0.00165004	0	0.00165004	1.0949	0
metal1	7	152	264.07	439.6	0.00165004	0	0.00165004	1.094	0
metal1	8	152	320.07	439.6	0.00178682	0	0.00178682	1.09328	0
metal1	9	152	376.07	439.6	0.00246701	0	0.00246701	1.0927	0
metal1	10	152	432.07	439.6	0.00246701	0	0.00246701	1.09245	0
metal1	11	152	488.07	439.6	0.00234323	0	0.00234323	1.0925	0
metal1	12	152	544.07	439.6	0.000609474	0	0.000609474	1.09294	0
metal1	13	152	600.07	439.6	0.000556204	0	0.000556204	1.09332	0
metal1	14	152	656.07	439.6	0.000556204	0	0.000556204	1.09377	0
metal1	15	152	712.07	439.6	0.000556204	0	0.000556204	1.09431	0
metal1	16	152	768.07	439.6	0.000556204	0	0.000556204	1.09493	0
metal1	17	152	824.07	439.6	0.000612242	0	0.000612242	1.09564	0
metal1	18	152	880.07	439.6	0.000461918	0	0.000461918	1.09646	0
metal1	19	152	936.07	439.6	0.00018619	0	0.00018619	1.09736	0
metal1	20	152	992.07	439.6	7.92914e-05	0	7.92914e-05	1.0983	0
metal1	21	152	1048.07	439.6	0.000151884	0	0.000151884	1.09923	0
metal1	22	152	1086.21	439.6	7.8095e-05	0	7.8095e-05	1.0999	0
metal1	0	153	14.095	442.4	0.00024268	0	0.00024268	1.09986	0
metal1	1	153	40.07	442.4	0.00135745	0	0.00135745	1.09901	0
metal1	2	153	96.07	442.4	0.00130994	0	0.00130994	1.09732	0
metal1	3	153	108.455	442.4	0.000825342	0	0.000825342	1.09702	0
metal1	4	153	109.295	442.4	0.0011111	0	0.0011111	1.097	0
metal1	5	153	152.07	442.4	0.00154894	0	0.00154894	1.09599	0
metal1	6	153	208.07	442.4	0.00165004	0	0.00165004	1.09489	0
metal1	7	153	264.07	442.4	0.00165004	0	0.00165004	1.09399	0
metal1	8	153	320.07	442.4	0.00178682	0	0.00178682	1.09326	0
metal1	9	153	376.07	442.4	0.00246701	0	0.00246701	1.09269	0
metal1	10	153	432.07	442.4	0.00246701	0	0.00246701	1.09245	0
metal1	11	153	488.07	442.4	0.00234323	0	0.00234323	1.09249	0
metal1	12	153	544.07	442.4	0.000609474	0	0.000609474	1.0929	0
metal1	13	153	600.07	442.4	0.000556204	0	0.000556204	1.09328	0
metal1	14	153	656.07	442.4	0.000556204	0	0.000556204	1.09374	0
metal1	15	153	712.07	442.4	0.000556204	0	0.000556204	1.09428	0
metal1	16	153	768.07	442.4	0.000556204	0	0.000556204	1.09491	0
metal1	17	153	824.07	442.4	0.000612242	0	0.000612242	1.09563	0
metal1	18	153	880.07	442.4	0.000461918	0	0.000461918	1.09645	0
metal1	19	153	936.07	442.4	0.00018619	0	0.00018619	1.09735	0
metal1	20	153	992.07	442.4	7.92914e-05	0	7.92914e-05	1.09829	0
metal1	21	153	1048.07	442.4	0.000151884	0	0.000151884	1.09924	0
metal1	22	153	1086.21	442.4	7.8095e-05	0	7.8095e-05	1.09992	0
metal1	0	154	14.095	445.2	0.00024268	0	0.00024268	1.09991	0
metal1	1	154	40.07	445.2	0.00135745	0	0.00135745	1.09904	0
metal1	2	154	96.07	445.2	0.00130994	0	0.00130994	1.09734	0
metal1	3	154	108.455	445.2	0.000825342	0	0.000825342	1.09703	0
metal1	4	154	109.295	445.2	0.0011111	0	0.0011111	1.09701	0
metal1	5	154	152.07	445.2	0.00154894	0	0.00154894	1.09601	0
metal1	6	154	208.07	445.2	0.00165004	0	0.00165004	1.09491	0
metal1	7	154	264.07	445.2	0.00165004	0	0.00165004	1.094	0
metal1	8	154	320.07	445.2	0.00178682	0	0.00178682	1.09327	0
metal1	9	154	376.07	445.2	0.00246701	0	0.00246701	1.09271	0
metal1	10	154	432.07	445.2	0.00246701	0	0.00246701	1.09246	0
metal1	11	154	488.07	445.2	0.00234323	0	0.00234323	1.09249	0
metal1	12	154	544.07	445.2	0.000609474	0	0.000609474	1.09287	0
metal1	13	154	600.07	445.2	0.000556204	0	0.000556204	1.09325	0
metal1	14	154	656.07	445.2	0.000556204	0	0.000556204	1.09371	0
metal1	15	154	712.07	445.2	0.000556204	0	0.000556204	1.09426	0
metal1	16	154	768.07	445.2	0.000556204	0	0.000556204	1.09489	0
metal1	17	154	824.07	445.2	0.000612242	0	0.000612242	1.09562	0
metal1	18	154	880.07	445.2	0.000461918	0	0.000461918	1.09644	0
metal1	19	154	936.07	445.2	0.00018619	0	0.00018619	1.09735	0
metal1	20	154	992.07	445.2	7.92914e-05	0	7.92914e-05	1.09829	0
metal1	21	154	1048.07	445.2	0.000151884	0	0.000151884	1.09925	0
metal1	22	154	1086.21	445.2	7.8095e-05	0	7.8095e-05	1.09995	0
metal1	0	155	14.095	448	0.00024268	0	0.00024268	1.09996	0
metal1	1	155	40.07	448	0.00135745	0	0.00135745	1.09909	0
metal1	2	155	96.07	448	0.00130994	0	0.00130994	1.09738	0
metal1	3	155	108.455	448	0.000825342	0	0.000825342	1.09705	0
metal1	4	155	109.295	448	0.0011111	0	0.0011111	1.09703	0
metal1	5	155	152.07	448	0.00154894	0	0.00154894	1.09604	0
metal1	6	155	208.07	448	0.00165004	0	0.00165004	1.09493	0
metal1	7	155	264.07	448	0.00165004	0	0.00165004	1.09402	0
metal1	8	155	320.07	448	0.00178682	0	0.00178682	1.09329	0
metal1	9	155	376.07	448	0.00246701	0	0.00246701	1.09275	0
metal1	10	155	432.07	448	0.00246701	0	0.00246701	1.09249	0
metal1	11	155	488.07	448	0.00234323	0	0.00234323	1.09252	0
metal1	12	155	544.07	448	0.000609474	0	0.000609474	1.09285	0
metal1	13	155	600.07	448	0.000556204	0	0.000556204	1.09323	0
metal1	14	155	656.07	448	0.000556204	0	0.000556204	1.09369	0
metal1	15	155	712.07	448	0.000556204	0	0.000556204	1.09424	0
metal1	16	155	768.07	448	0.000556204	0	0.000556204	1.09489	0
metal1	17	155	824.07	448	0.000612242	0	0.000612242	1.09562	0
metal1	18	155	880.07	448	0.000461918	0	0.000461918	1.09644	0
metal1	19	155	936.07	448	0.00018619	0	0.00018619	1.09735	0
metal1	20	155	992.07	448	7.92914e-05	0	7.92914e-05	1.09829	0
metal1	21	155	1048.07	448	0.000151884	0	0.000151884	1.09927	0
metal1	22	155	1086.21	448	7.8095e-05	0	7.8095e-05	1.09998	0
metal1	0	156	14.095	450.8	0.00024268	0	0.00024268	1.09997	0
metal1	1	156	40.07	450.8	0.00135745	0	0.00135745	1.0991	0
metal1	2	156	96.07	450.8	0.00130994	0	0.00130994	1.09737	0
metal1	3	156	108.455	450.8	0.000825342	0	0.000825342	1.09704	0
metal1	4	156	109.295	450.8	0.0011111	0	0.0011111	1.09702	0
metal1	5	156	152.07	450.8	0.00154894	0	0.00154894	1.09602	0
metal1	6	156	208.07	450.8	0.00165004	0	0.00165004	1.09491	0
metal1	7	156	264.07	450.8	0.00165004	0	0.00165004	1.09399	0
metal1	8	156	320.07	450.8	0.00178682	0	0.00178682	1.09325	0
metal1	9	156	376.07	450.8	0.00246701	0	0.00246701	1.09271	0
metal1	10	156	432.07	450.8	0.00246701	0	0.00246701	1.09246	0
metal1	11	156	488.07	450.8	0.00234323	0	0.00234323	1.09248	0
metal1	12	156	544.07	450.8	0.000609474	0	0.000609474	1.0928	0
metal1	13	156	600.07	450.8	0.000556204	0	0.000556204	1.09318	0
metal1	14	156	656.07	450.8	0.000556204	0	0.000556204	1.09365	0
metal1	15	156	712.07	450.8	0.000556204	0	0.000556204	1.0942	0
metal1	16	156	768.07	450.8	0.000556204	0	0.000556204	1.09485	0
metal1	17	156	824.07	450.8	0.000612242	0	0.000612242	1.09559	0
metal1	18	156	880.07	450.8	0.000461918	0	0.000461918	1.09642	0
metal1	19	156	936.07	450.8	0.00018619	0	0.00018619	1.09733	0
metal1	20	156	992.07	450.8	7.92914e-05	0	7.92914e-05	1.09828	0
metal1	21	156	1048.07	450.8	0.000151884	0	0.000151884	1.09927	0
metal1	22	156	1086.21	450.8	7.8095e-05	0	7.8095e-05	1.09998	0
metal1	0	157	14.095	453.6	0.00024268	0	0.00024268	1.09991	0
metal1	1	157	40.07	453.6	0.00135745	0	0.00135745	1.09903	0
metal1	2	157	96.07	453.6	0.00130994	0	0.00130994	1.0973	0
metal1	3	157	108.455	453.6	0.000825342	0	0.000825342	1.09698	0
metal1	4	157	109.295	453.6	0.0011111	0	0.0011111	1.09696	0
metal1	5	157	152.07	453.6	0.00154894	0	0.00154894	1.09594	0
metal1	6	157	208.07	453.6	0.00165004	0	0.00165004	1.09481	0
metal1	7	157	264.07	453.6	0.00165004	0	0.00165004	1.09388	0
metal1	8	157	320.07	453.6	0.00178682	0	0.00178682	1.09313	0
metal1	9	157	376.07	453.6	0.00246701	0	0.00246701	1.09257	0
metal1	10	157	432.07	453.6	0.00246701	0	0.00246701	1.09231	0
metal1	11	157	488.07	453.6	0.00234323	0	0.00234323	1.09234	0
metal1	12	157	544.07	453.6	0.000609474	0	0.000609474	1.09271	0
metal1	13	157	600.07	453.6	0.000556204	0	0.000556204	1.0931	0
metal1	14	157	656.07	453.6	0.000556204	0	0.000556204	1.09357	0
metal1	15	157	712.07	453.6	0.000556204	0	0.000556204	1.09413	0
metal1	16	157	768.07	453.6	0.000556204	0	0.000556204	1.09478	0
metal1	17	157	824.07	453.6	0.000612242	0	0.000612242	1.09553	0
metal1	18	157	880.07	453.6	0.000461918	0	0.000461918	1.09638	0
metal1	19	157	936.07	453.6	0.00018619	0	0.00018619	1.09729	0
metal1	20	157	992.07	453.6	7.92914e-05	0	7.92914e-05	1.09825	0
metal1	21	157	1048.07	453.6	0.000151884	0	0.000151884	1.09924	0
metal1	22	157	1086.21	453.6	7.8095e-05	0	7.8095e-05	1.09995	0
metal1	0	158	14.095	456.4	0.00024268	0	0.00024268	1.09986	0
metal1	1	158	40.07	456.4	0.00135745	0	0.00135745	1.09898	0
metal1	2	158	96.07	456.4	0.00130994	0	0.00130994	1.09724	0
metal1	3	158	108.455	456.4	0.000825342	0	0.000825342	1.09693	0
metal1	4	158	109.295	456.4	0.0011111	0	0.0011111	1.09691	0
metal1	5	158	152.07	456.4	0.00154894	0	0.00154894	1.09587	0
metal1	6	158	208.07	456.4	0.00165004	0	0.00165004	1.09473	0
metal1	7	158	264.07	456.4	0.00165004	0	0.00165004	1.09379	0
metal1	8	158	320.07	456.4	0.00178682	0	0.00178682	1.09304	0
metal1	9	158	376.07	456.4	0.00246701	0	0.00246701	1.09245	0
metal1	10	158	432.07	456.4	0.00246701	0	0.00246701	1.09219	0
metal1	11	158	488.07	456.4	0.00234323	0	0.00234323	1.09222	0
metal1	12	158	544.07	456.4	0.000609474	0	0.000609474	1.09263	0
metal1	13	158	600.07	456.4	0.000556204	0	0.000556204	1.09302	0
metal1	14	158	656.07	456.4	0.000556204	0	0.000556204	1.09349	0
metal1	15	158	712.07	456.4	0.000556204	0	0.000556204	1.09406	0
metal1	16	158	768.07	456.4	0.000556204	0	0.000556204	1.09472	0
metal1	17	158	824.07	456.4	0.000612242	0	0.000612242	1.09547	0
metal1	18	158	880.07	456.4	0.000461918	0	0.000461918	1.09634	0
metal1	19	158	936.07	456.4	0.00018619	0	0.00018619	1.09726	0
metal1	20	158	992.07	456.4	7.92914e-05	0	7.92914e-05	1.09823	0
metal1	21	158	1048.07	456.4	0.000151884	0	0.000151884	1.09921	0
metal1	22	158	1086.21	456.4	7.8095e-05	0	7.8095e-05	1.09992	0
metal1	0	159	14.095	459.2	0.00024268	0	0.00024268	1.09983	0
metal1	1	159	40.07	459.2	0.00135745	0	0.00135745	1.09895	0
metal1	2	159	96.07	459.2	0.00130994	0	0.00130994	1.09719	0
metal1	3	159	108.455	459.2	0.000825342	0	0.000825342	1.09689	0
metal1	4	159	109.295	459.2	0.0011111	0	0.0011111	1.09686	0
metal1	5	159	152.07	459.2	0.00154894	0	0.00154894	1.09581	0
metal1	6	159	208.07	459.2	0.00165004	0	0.00165004	1.09467	0
metal1	7	159	264.07	459.2	0.00165004	0	0.00165004	1.09372	0
metal1	8	159	320.07	459.2	0.00178682	0	0.00178682	1.09296	0
metal1	9	159	376.07	459.2	0.00246701	0	0.00246701	1.09235	0
metal1	10	159	432.07	459.2	0.00246701	0	0.00246701	1.09208	0
metal1	11	159	488.07	459.2	0.00234323	0	0.00234323	1.09212	0
metal1	12	159	544.07	459.2	0.000609474	0	0.000609474	1.09256	0
metal1	13	159	600.07	459.2	0.000556204	0	0.000556204	1.09295	0
metal1	14	159	656.07	459.2	0.000556204	0	0.000556204	1.09343	0
metal1	15	159	712.07	459.2	0.000556204	0	0.000556204	1.09399	0
metal1	16	159	768.07	459.2	0.000556204	0	0.000556204	1.09466	0
metal1	17	159	824.07	459.2	0.000581639	0	0.000581639	1.09542	0
metal1	18	159	880.07	459.2	0.000397185	0	0.000397185	1.0963	0
metal1	19	159	936.07	459.2	0.000184584	0	0.000184584	1.09723	0
metal1	20	159	992.07	459.2	0.000108618	0	0.000108618	1.09821	0
metal1	21	159	1048.07	459.2	0.000161623	0	0.000161623	1.09919	0
metal1	22	159	1086.21	459.2	7.8095e-05	0	7.8095e-05	1.0999	0
metal1	0	160	14.095	462	0.00024268	0	0.00024268	1.09981	0
metal1	1	160	40.07	462	0.00135745	0	0.00135745	1.09892	0
metal1	2	160	96.07	462	0.00130994	0	0.00130994	1.09716	0
metal1	3	160	108.455	462	0.000825342	0	0.000825342	1.09686	0
metal1	4	160	109.295	462	0.0011111	0	0.0011111	1.09683	0
metal1	5	160	152.07	462	0.00154894	0	0.00154894	1.09577	0
metal1	6	160	208.07	462	0.00165004	0	0.00165004	1.09462	0
metal1	7	160	264.07	462	0.00165004	0	0.00165004	1.09366	0
metal1	8	160	320.07	462	0.00178682	0	0.00178682	1.09289	0
metal1	9	160	376.07	462	0.00246701	0	0.00246701	1.09227	0
metal1	10	160	432.07	462	0.00246701	0	0.00246701	1.092	0
metal1	11	160	488.07	462	0.00234323	0	0.00234323	1.09204	0
metal1	12	160	544.07	462	0.000609474	0	0.000609474	1.0925	0
metal1	13	160	600.07	462	0.000556204	0	0.000556204	1.09289	0
metal1	14	160	656.07	462	0.000556204	0	0.000556204	1.09337	0
metal1	15	160	712.07	462	0.000556204	0	0.000556204	1.09394	0
metal1	16	160	768.07	462	0.000556204	0	0.000556204	1.09461	0
metal1	17	160	824.07	462	0.000497759	0	0.000497759	1.09538	0
metal1	18	160	880.07	462	0.000136768	0	0.000136768	1.09627	0
metal1	19	160	936.07	462	0.000136768	0	0.000136768	1.09721	0
metal1	20	160	992.07	462	0.000136768	0	0.000136768	1.09819	0
metal1	21	160	1048.07	462	0.000180835	0	0.000180835	1.09918	0
metal1	22	160	1086.21	462	7.8095e-05	0	7.8095e-05	1.09989	0
metal1	0	161	14.095	464.8	0.00024268	0	0.00024268	1.09981	0
metal1	1	161	40.07	464.8	0.00135745	0	0.00135745	1.09891	0
metal1	2	161	96.07	464.8	0.00130994	0	0.00130994	1.09714	0
metal1	3	161	108.455	464.8	0.000825342	0	0.000825342	1.09684	0
metal1	4	161	109.295	464.8	0.0011111	0	0.0011111	1.09681	0
metal1	5	161	152.07	464.8	0.00154894	0	0.00154894	1.09574	0
metal1	6	161	208.07	464.8	0.00165004	0	0.00165004	1.09458	0
metal1	7	161	264.07	464.8	0.00165004	0	0.00165004	1.09362	0
metal1	8	161	320.07	464.8	0.00178682	0	0.00178682	1.09284	0
metal1	9	161	376.07	464.8	0.00246701	0	0.00246701	1.09222	0
metal1	10	161	432.07	464.8	0.00246701	0	0.00246701	1.09194	0
metal1	11	161	488.07	464.8	0.00234323	0	0.00234323	1.09198	0
metal1	12	161	544.07	464.8	0.000609474	0	0.000609474	1.09244	0
metal1	13	161	600.07	464.8	0.000556204	0	0.000556204	1.09284	0
metal1	14	161	656.07	464.8	0.000556204	0	0.000556204	1.09331	0
metal1	15	161	712.07	464.8	0.000556204	0	0.000556204	1.09389	0
metal1	16	161	768.07	464.8	0.000556204	0	0.000556204	1.09456	0
metal1	17	161	824.07	464.8	0.000497759	0	0.000497759	1.09534	0
metal1	18	161	880.07	464.8	0.000136768	0	0.000136768	1.09624	0
metal1	19	161	936.07	464.8	0.000136768	0	0.000136768	1.09719	0
metal1	20	161	992.07	464.8	0.000136768	0	0.000136768	1.09817	0
metal1	21	161	1048.07	464.8	0.000180835	0	0.000180835	1.09917	0
metal1	22	161	1086.21	464.8	7.8095e-05	0	7.8095e-05	1.09989	0
metal1	0	162	14.095	467.6	0.00024268	0	0.00024268	1.09981	0
metal1	1	162	40.07	467.6	0.00135745	0	0.00135745	1.09892	0
metal1	2	162	96.07	467.6	0.00130994	0	0.00130994	1.09714	0
metal1	3	162	108.455	467.6	0.000825342	0	0.000825342	1.09683	0
metal1	4	162	109.295	467.6	0.0011111	0	0.0011111	1.0968	0
metal1	5	162	152.07	467.6	0.00154894	0	0.00154894	1.09573	0
metal1	6	162	208.07	467.6	0.00165004	0	0.00165004	1.09456	0
metal1	7	162	264.07	467.6	0.00165004	0	0.00165004	1.0936	0
metal1	8	162	320.07	467.6	0.00178682	0	0.00178682	1.09281	0
metal1	9	162	376.07	467.6	0.00246701	0	0.00246701	1.09219	0
metal1	10	162	432.07	467.6	0.00246701	0	0.00246701	1.09191	0
metal1	11	162	488.07	467.6	0.00234323	0	0.00234323	1.09194	0
metal1	12	162	544.07	467.6	0.000609474	0	0.000609474	1.09239	0
metal1	13	162	600.07	467.6	0.000556204	0	0.000556204	1.09279	0
metal1	14	162	656.07	467.6	0.000556204	0	0.000556204	1.09327	0
metal1	15	162	712.07	467.6	0.000556204	0	0.000556204	1.09384	0
metal1	16	162	768.07	467.6	0.000556204	0	0.000556204	1.09452	0
metal1	17	162	824.07	467.6	0.000497759	0	0.000497759	1.09531	0
metal1	18	162	880.07	467.6	0.000136768	0	0.000136768	1.09622	0
metal1	19	162	936.07	467.6	0.000136768	0	0.000136768	1.09717	0
metal1	20	162	992.07	467.6	0.000136768	0	0.000136768	1.09816	0
metal1	21	162	1048.07	467.6	0.000180835	0	0.000180835	1.09917	0
metal1	22	162	1086.21	467.6	7.8095e-05	0	7.8095e-05	1.09989	0
metal1	0	163	14.095	470.4	0.00024268	0	0.00024268	1.09983	0
metal1	1	163	40.07	470.4	0.00135745	0	0.00135745	1.09893	0
metal1	2	163	96.07	470.4	0.00130994	0	0.00130994	1.09714	0
metal1	3	163	108.455	470.4	0.000825342	0	0.000825342	1.09683	0
metal1	4	163	109.295	470.4	0.0011111	0	0.0011111	1.09681	0
metal1	5	163	152.07	470.4	0.00154894	0	0.00154894	1.09573	0
metal1	6	163	208.07	470.4	0.00165004	0	0.00165004	1.09456	0
metal1	7	163	264.07	470.4	0.00165004	0	0.00165004	1.09359	0
metal1	8	163	320.07	470.4	0.00178682	0	0.00178682	1.0928	0
metal1	9	163	376.07	470.4	0.00246701	0	0.00246701	1.09218	0
metal1	10	163	432.07	470.4	0.00246701	0	0.00246701	1.09189	0
metal1	11	163	488.07	470.4	0.00234323	0	0.00234323	1.09192	0
metal1	12	163	544.07	470.4	0.000609474	0	0.000609474	1.09235	0
metal1	13	163	600.07	470.4	0.000556204	0	0.000556204	1.09274	0
metal1	14	163	656.07	470.4	0.000556204	0	0.000556204	1.09322	0
metal1	15	163	712.07	470.4	0.000556204	0	0.000556204	1.09381	0
metal1	16	163	768.07	470.4	0.000556204	0	0.000556204	1.09449	0
metal1	17	163	824.07	470.4	0.000497759	0	0.000497759	1.09528	0
metal1	18	163	880.07	470.4	0.000136768	0	0.000136768	1.0962	0
metal1	19	163	936.07	470.4	0.000136768	0	0.000136768	1.09715	0
metal1	20	163	992.07	470.4	0.000136768	0	0.000136768	1.09815	0
metal1	21	163	1048.07	470.4	0.000180835	0	0.000180835	1.09917	0
metal1	22	163	1086.21	470.4	7.8095e-05	0	7.8095e-05	1.0999	0
metal1	0	164	14.095	473.2	0.00024268	0	0.00024268	1.09987	0
metal1	1	164	40.07	473.2	0.00135745	0	0.00135745	1.09896	0
metal1	2	164	96.07	473.2	0.00130994	0	0.00130994	1.09716	0
metal1	3	164	108.455	473.2	0.000825342	0	0.000825342	1.09684	0
metal1	4	164	109.295	473.2	0.0011111	0	0.0011111	1.09682	0
metal1	5	164	152.07	473.2	0.00154894	0	0.00154894	1.09575	0
metal1	6	164	208.07	473.2	0.00165004	0	0.00165004	1.09457	0
metal1	7	164	264.07	473.2	0.00165004	0	0.00165004	1.09359	0
metal1	8	164	320.07	473.2	0.00178682	0	0.00178682	1.0928	0
metal1	9	164	376.07	473.2	0.00246701	0	0.00246701	1.09219	0
metal1	10	164	432.07	473.2	0.00246701	0	0.00246701	1.0919	0
metal1	11	164	488.07	473.2	0.00236737	0	0.00236737	1.09192	0
metal1	12	164	544.07	473.2	0.00068141	0	0.00068141	1.09232	0
metal1	13	164	600.07	473.2	0.000556204	0	0.000556204	1.09271	0
metal1	14	164	656.07	473.2	0.000556204	0	0.000556204	1.09319	0
metal1	15	164	712.07	473.2	0.000556204	0	0.000556204	1.09378	0
metal1	16	164	768.07	473.2	0.000556204	0	0.000556204	1.09447	0
metal1	17	164	824.07	473.2	0.000497759	0	0.000497759	1.09526	0
metal1	18	164	880.07	473.2	0.000136768	0	0.000136768	1.09618	0
metal1	19	164	936.07	473.2	0.000136768	0	0.000136768	1.09714	0
metal1	20	164	992.07	473.2	0.000136768	0	0.000136768	1.09815	0
metal1	21	164	1048.07	473.2	0.000180835	0	0.000180835	1.09918	0
metal1	22	164	1086.21	473.2	7.8095e-05	0	7.8095e-05	1.09992	0
metal1	0	165	14.095	476	0.00024268	0	0.00024268	1.09992	0
metal1	1	165	40.07	476	0.00135745	0	0.00135745	1.099	0
metal1	2	165	96.07	476	0.00130994	0	0.00130994	1.0972	0
metal1	3	165	108.455	476	0.000825342	0	0.000825342	1.09686	0
metal1	4	165	109.295	476	0.0011111	0	0.0011111	1.09684	0
metal1	5	165	152.07	476	0.00154894	0	0.00154894	1.09578	0
metal1	6	165	208.07	476	0.00165004	0	0.00165004	1.09459	0
metal1	7	165	264.07	476	0.00165004	0	0.00165004	1.09361	0
metal1	8	165	320.07	476	0.00178682	0	0.00178682	1.09282	0
metal1	9	165	376.07	476	0.00246701	0	0.00246701	1.09222	0
metal1	10	165	432.07	476	0.00246701	0	0.00246701	1.09193	0
metal1	11	165	488.07	476	0.00234212	0	0.00234212	1.09194	0
metal1	12	165	544.07	476	0.000607798	0	0.000607798	1.09229	0
metal1	13	165	600.07	476	0.000556204	0	0.000556204	1.09268	0
metal1	14	165	656.07	476	0.000556204	0	0.000556204	1.09316	0
metal1	15	165	712.07	476	0.000556204	0	0.000556204	1.09375	0
metal1	16	165	768.07	476	0.000556204	0	0.000556204	1.09445	0
metal1	17	165	824.07	476	0.000497759	0	0.000497759	1.09525	0
metal1	18	165	880.07	476	0.000136768	0	0.000136768	1.09617	0
metal1	19	165	936.07	476	0.000136768	0	0.000136768	1.09713	0
metal1	20	165	992.07	476	0.000136768	0	0.000136768	1.09814	0
metal1	21	165	1048.07	476	0.000180835	0	0.000180835	1.09919	0
metal1	22	165	1086.21	476	7.8095e-05	0	7.8095e-05	1.09995	0
metal1	0	166	14.095	478.8	0.00024268	0	0.00024268	1.09998	0
metal1	1	166	40.07	478.8	0.00135745	0	0.00135745	1.09906	0
metal1	2	166	96.07	478.8	0.00130994	0	0.00130994	1.09725	0
metal1	3	166	108.455	478.8	0.000825342	0	0.000825342	1.09689	0
metal1	4	166	109.295	478.8	0.0011111	0	0.0011111	1.09687	0
metal1	5	166	152.07	478.8	0.00154894	0	0.00154894	1.09582	0
metal1	6	166	208.07	478.8	0.00165004	0	0.00165004	1.09463	0
metal1	7	166	264.07	478.8	0.00165004	0	0.00165004	1.09365	0
metal1	8	166	320.07	478.8	0.00178682	0	0.00178682	1.09286	0
metal1	9	166	376.07	478.8	0.00246701	0	0.00246701	1.09227	0
metal1	10	166	432.07	478.8	0.00246701	0	0.00246701	1.09198	0
metal1	11	166	488.07	478.8	0.00234212	0	0.00234212	1.09198	0
metal1	12	166	544.07	478.8	0.000607798	0	0.000607798	1.09227	0
metal1	13	166	600.07	478.8	0.000556204	0	0.000556204	1.09266	0
metal1	14	166	656.07	478.8	0.000556204	0	0.000556204	1.09314	0
metal1	15	166	712.07	478.8	0.000556204	0	0.000556204	1.09373	0
metal1	16	166	768.07	478.8	0.000556204	0	0.000556204	1.09443	0
metal1	17	166	824.07	478.8	0.000497759	0	0.000497759	1.09524	0
metal1	18	166	880.07	478.8	0.000136768	0	0.000136768	1.09615	0
metal1	19	166	936.07	478.8	0.000136768	0	0.000136768	1.09712	0
metal1	20	166	992.07	478.8	0.000136768	0	0.000136768	1.09815	0
metal1	21	166	1048.07	478.8	0.000180835	0	0.000180835	1.09921	0
metal1	22	166	1086.21	478.8	7.8095e-05	0	7.8095e-05	1.09999	0
metal1	0	167	14.095	481.6	0.00024268	0	0.00024268	1.09995	0
metal1	1	167	40.07	481.6	0.00135745	0	0.00135745	1.09903	0
metal1	2	167	96.07	481.6	0.00130994	0	0.00130994	1.09721	0
metal1	3	167	108.455	481.6	0.000825342	0	0.000825342	1.09686	0
metal1	4	167	109.295	481.6	0.0011111	0	0.0011111	1.09684	0
metal1	5	167	152.07	481.6	0.00154894	0	0.00154894	1.09577	0
metal1	6	167	208.07	481.6	0.00165004	0	0.00165004	1.09458	0
metal1	7	167	264.07	481.6	0.00165004	0	0.00165004	1.09359	0
metal1	8	167	320.07	481.6	0.00178682	0	0.00178682	1.09279	0
metal1	9	167	376.07	481.6	0.00246701	0	0.00246701	1.09219	0
metal1	10	167	432.07	481.6	0.00246701	0	0.00246701	1.09189	0
metal1	11	167	488.07	481.6	0.00234212	0	0.00234212	1.09189	0
metal1	12	167	544.07	481.6	0.000607798	0	0.000607798	1.0922	0
metal1	13	167	600.07	481.6	0.000556204	0	0.000556204	1.09258	0
metal1	14	167	656.07	481.6	0.000556204	0	0.000556204	1.09307	0
metal1	15	167	712.07	481.6	0.000556204	0	0.000556204	1.09366	0
metal1	16	167	768.07	481.6	0.000556204	0	0.000556204	1.09437	0
metal1	17	167	824.07	481.6	0.000497759	0	0.000497759	1.09519	0
metal1	18	167	880.07	481.6	0.000136768	0	0.000136768	1.09611	0
metal1	19	167	936.07	481.6	0.000136768	0	0.000136768	1.09709	0
metal1	20	167	992.07	481.6	0.000136768	0	0.000136768	1.09812	0
metal1	21	167	1048.07	481.6	0.000180835	0	0.000180835	1.09919	0
metal1	22	167	1086.21	481.6	7.8095e-05	0	7.8095e-05	1.09997	0
metal1	0	168	14.095	484.4	0.00024268	0	0.00024268	1.09989	0
metal1	1	168	40.07	484.4	0.00135745	0	0.00135745	1.09897	0
metal1	2	168	96.07	484.4	0.00130994	0	0.00130994	1.09714	0
metal1	3	168	108.455	484.4	0.000825342	0	0.000825342	1.09681	0
metal1	4	168	109.295	484.4	0.0011111	0	0.0011111	1.09678	0
metal1	5	168	152.07	484.4	0.00154894	0	0.00154894	1.0957	0
metal1	6	168	208.07	484.4	0.00165004	0	0.00165004	1.09449	0
metal1	7	168	264.07	484.4	0.00165004	0	0.00165004	1.09349	0
metal1	8	168	320.07	484.4	0.00178682	0	0.00178682	1.09268	0
metal1	9	168	376.07	484.4	0.00246701	0	0.00246701	1.09205	0
metal1	10	168	432.07	484.4	0.00246701	0	0.00246701	1.09175	0
metal1	11	168	488.07	484.4	0.00234212	0	0.00234212	1.09175	0
metal1	12	168	544.07	484.4	0.000607798	0	0.000607798	1.09211	0
metal1	13	168	600.07	484.4	0.000556204	0	0.000556204	1.09249	0
metal1	14	168	656.07	484.4	0.000556204	0	0.000556204	1.09297	0
metal1	15	168	712.07	484.4	0.000556204	0	0.000556204	1.09357	0
metal1	16	168	768.07	484.4	0.000556204	0	0.000556204	1.09428	0
metal1	17	168	824.07	484.4	0.000497759	0	0.000497759	1.09511	0
metal1	18	168	880.07	484.4	0.000136768	0	0.000136768	1.09606	0
metal1	19	168	936.07	484.4	0.000136768	0	0.000136768	1.09705	0
metal1	20	168	992.07	484.4	0.000136768	0	0.000136768	1.09809	0
metal1	21	168	1048.07	484.4	0.000180835	0	0.000180835	1.09916	0
metal1	22	168	1086.21	484.4	7.8095e-05	0	7.8095e-05	1.09994	0
metal1	0	169	14.095	487.2	0.00024268	0	0.00024268	1.09985	0
metal1	1	169	40.07	487.2	0.00135745	0	0.00135745	1.09893	0
metal1	2	169	96.07	487.2	0.00130994	0	0.00130994	1.09709	0
metal1	3	169	108.455	487.2	0.000825342	0	0.000825342	1.09676	0
metal1	4	169	109.295	487.2	0.0011111	0	0.0011111	1.09674	0
metal1	5	169	152.07	487.2	0.00154894	0	0.00154894	1.09564	0
metal1	6	169	208.07	487.2	0.00165004	0	0.00165004	1.09442	0
metal1	7	169	264.07	487.2	0.00165004	0	0.00165004	1.09341	0
metal1	8	169	320.07	487.2	0.00178682	0	0.00178682	1.09259	0
metal1	9	169	376.07	487.2	0.00246701	0	0.00246701	1.09194	0
metal1	10	169	432.07	487.2	0.00246701	0	0.00246701	1.09163	0
metal1	11	169	488.07	487.2	0.00234212	0	0.00234212	1.09163	0
metal1	12	169	544.07	487.2	0.000607798	0	0.000607798	1.09202	0
metal1	13	169	600.07	487.2	0.000556204	0	0.000556204	1.0924	0
metal1	14	169	656.07	487.2	0.000556204	0	0.000556204	1.09288	0
metal1	15	169	712.07	487.2	0.000556204	0	0.000556204	1.09348	0
metal1	16	169	768.07	487.2	0.000556204	0	0.000556204	1.0942	0
metal1	17	169	824.07	487.2	0.000497759	0	0.000497759	1.09504	0
metal1	18	169	880.07	487.2	0.000136768	0	0.000136768	1.09601	0
metal1	19	169	936.07	487.2	0.000136768	0	0.000136768	1.09701	0
metal1	20	169	992.07	487.2	0.000136768	0	0.000136768	1.09807	0
metal1	21	169	1048.07	487.2	0.000180835	0	0.000180835	1.09914	0
metal1	22	169	1086.21	487.2	7.8095e-05	0	7.8095e-05	1.09991	0
metal1	0	170	14.095	490	0.00024268	0	0.00024268	1.09982	0
metal1	1	170	40.07	490	0.00135745	0	0.00135745	1.0989	0
metal1	2	170	96.07	490	0.00130994	0	0.00130994	1.09705	0
metal1	3	170	108.455	490	0.000825342	0	0.000825342	1.09673	0
metal1	4	170	109.295	490	0.0011111	0	0.0011111	1.09671	0
metal1	5	170	152.07	490	0.00154894	0	0.00154894	1.09559	0
metal1	6	170	208.07	490	0.00165004	0	0.00165004	1.09437	0
metal1	7	170	264.07	490	0.00165004	0	0.00165004	1.09335	0
metal1	8	170	320.07	490	0.00178682	0	0.00178682	1.09252	0
metal1	9	170	376.07	490	0.00246701	0	0.00246701	1.09186	0
metal1	10	170	432.07	490	0.00246701	0	0.00246701	1.09154	0
metal1	11	170	488.07	490	0.00234212	0	0.00234212	1.09153	0
metal1	12	170	544.07	490	0.000607798	0	0.000607798	1.09194	0
metal1	13	170	600.07	490	0.000556204	0	0.000556204	1.09232	0
metal1	14	170	656.07	490	0.000556204	0	0.000556204	1.0928	0
metal1	15	170	712.07	490	0.000556204	0	0.000556204	1.0934	0
metal1	16	170	768.07	490	0.000556204	0	0.000556204	1.09412	0
metal1	17	170	824.07	490	0.000497759	0	0.000497759	1.09498	0
metal1	18	170	880.07	490	0.000136768	0	0.000136768	1.09597	0
metal1	19	170	936.07	490	0.000136768	0	0.000136768	1.09698	0
metal1	20	170	992.07	490	0.000136768	0	0.000136768	1.09804	0
metal1	21	170	1048.07	490	0.000180835	0	0.000180835	1.09912	0
metal1	22	170	1086.21	490	7.8095e-05	0	7.8095e-05	1.09989	0
metal1	0	171	14.095	492.8	0.00024268	0	0.00024268	1.0998	0
metal1	1	171	40.07	492.8	0.00135745	0	0.00135745	1.09888	0
metal1	2	171	96.07	492.8	0.00130994	0	0.00130994	1.09703	0
metal1	3	171	108.455	492.8	0.000825342	0	0.000825342	1.09671	0
metal1	4	171	109.295	492.8	0.0011111	0	0.0011111	1.09668	0
metal1	5	171	152.07	492.8	0.00154894	0	0.00154894	1.09556	0
metal1	6	171	208.07	492.8	0.00165004	0	0.00165004	1.09433	0
metal1	7	171	264.07	492.8	0.00165004	0	0.00165004	1.09331	0
metal1	8	171	320.07	492.8	0.00178682	0	0.00178682	1.09247	0
metal1	9	171	376.07	492.8	0.00246701	0	0.00246701	1.09179	0
metal1	10	171	432.07	492.8	0.00246701	0	0.00246701	1.09147	0
metal1	11	171	488.07	492.8	0.00234212	0	0.00234212	1.09145	0
metal1	12	171	544.07	492.8	0.000607798	0	0.000607798	1.09187	0
metal1	13	171	600.07	492.8	0.000556204	0	0.000556204	1.09225	0
metal1	14	171	656.07	492.8	0.000556204	0	0.000556204	1.09273	0
metal1	15	171	712.07	492.8	0.000556204	0	0.000556204	1.09333	0
metal1	16	171	768.07	492.8	0.000556204	0	0.000556204	1.09406	0
metal1	17	171	824.07	492.8	0.000497759	0	0.000497759	1.09492	0
metal1	18	171	880.07	492.8	0.000136768	0	0.000136768	1.09592	0
metal1	19	171	936.07	492.8	0.000136768	0	0.000136768	1.09695	0
metal1	20	171	992.07	492.8	0.000136768	0	0.000136768	1.09802	0
metal1	21	171	1048.07	492.8	0.000180835	0	0.000180835	1.09911	0
metal1	22	171	1086.21	492.8	7.8095e-05	0	7.8095e-05	1.09988	0
metal1	0	172	14.095	495.6	0.00024268	0	0.00024268	1.0998	0
metal1	1	172	40.07	495.6	0.00135745	0	0.00135745	1.09888	0
metal1	2	172	96.07	495.6	0.00130994	0	0.00130994	1.09702	0
metal1	3	172	108.455	495.6	0.000825342	0	0.000825342	1.0967	0
metal1	4	172	109.295	495.6	0.0011111	0	0.0011111	1.09667	0
metal1	5	172	152.07	495.6	0.00154894	0	0.00154894	1.09554	0
metal1	6	172	208.07	495.6	0.00165004	0	0.00165004	1.0943	0
metal1	7	172	264.07	495.6	0.00165004	0	0.00165004	1.09327	0
metal1	8	172	320.07	495.6	0.00178682	0	0.00178682	1.09243	0
metal1	9	172	376.07	495.6	0.00246701	0	0.00246701	1.09175	0
metal1	10	172	432.07	495.6	0.00246701	0	0.00246701	1.09141	0
metal1	11	172	488.07	495.6	0.00234212	0	0.00234212	1.0914	0
metal1	12	172	544.07	495.6	0.000607798	0	0.000607798	1.09181	0
metal1	13	172	600.07	495.6	0.000556204	0	0.000556204	1.09218	0
metal1	14	172	656.07	495.6	0.000556204	0	0.000556204	1.09266	0
metal1	15	172	712.07	495.6	0.000556204	0	0.000556204	1.09326	0
metal1	16	172	768.07	495.6	0.000556204	0	0.000556204	1.09399	0
metal1	17	172	824.07	495.6	0.000497759	0	0.000497759	1.09487	0
metal1	18	172	880.07	495.6	0.000136768	0	0.000136768	1.09588	0
metal1	19	172	936.07	495.6	0.000136768	0	0.000136768	1.09692	0
metal1	20	172	992.07	495.6	0.000136768	0	0.000136768	1.098	0
metal1	21	172	1048.07	495.6	0.000180835	0	0.000180835	1.0991	0
metal1	22	172	1086.21	495.6	7.8095e-05	0	7.8095e-05	1.09988	0
metal1	0	173	14.095	498.4	0.00024268	0	0.00024268	1.09981	0
metal1	1	173	40.07	498.4	0.00135745	0	0.00135745	1.09888	0
metal1	2	173	96.07	498.4	0.00130994	0	0.00130994	1.09702	0
metal1	3	173	108.455	498.4	0.000825342	0	0.000825342	1.09669	0
metal1	4	173	109.295	498.4	0.0011111	0	0.0011111	1.09667	0
metal1	5	173	152.07	498.4	0.00154894	0	0.00154894	1.09553	0
metal1	6	173	208.07	498.4	0.00165004	0	0.00165004	1.09429	0
metal1	7	173	264.07	498.4	0.00165004	0	0.00165004	1.09326	0
metal1	8	173	320.07	498.4	0.00178682	0	0.00178682	1.09241	0
metal1	9	173	376.07	498.4	0.00246701	0	0.00246701	1.09172	0
metal1	10	173	432.07	498.4	0.00246701	0	0.00246701	1.09139	0
metal1	11	173	488.07	498.4	0.00234212	0	0.00234212	1.09136	0
metal1	12	173	544.07	498.4	0.000607798	0	0.000607798	1.09176	0
metal1	13	173	600.07	498.4	0.000556204	0	0.000556204	1.09212	0
metal1	14	173	656.07	498.4	0.000556204	0	0.000556204	1.09259	0
metal1	15	173	712.07	498.4	0.000556204	0	0.000556204	1.0932	0
metal1	16	173	768.07	498.4	0.000556204	0	0.000556204	1.09394	0
metal1	17	173	824.07	498.4	0.000497759	0	0.000497759	1.09482	0
metal1	18	173	880.07	498.4	0.000136768	0	0.000136768	1.09585	0
metal1	19	173	936.07	498.4	0.000136768	0	0.000136768	1.09689	0
metal1	20	173	992.07	498.4	0.000136768	0	0.000136768	1.09799	0
metal1	21	173	1048.07	498.4	0.000180835	0	0.000180835	1.0991	0
metal1	22	173	1086.21	498.4	7.8095e-05	0	7.8095e-05	1.09989	0
metal1	0	174	14.095	501.2	0.00024268	0	0.00024268	1.09984	0
metal1	1	174	40.07	501.2	0.00135745	0	0.00135745	1.0989	0
metal1	2	174	96.07	501.2	0.00130994	0	0.00130994	1.09703	0
metal1	3	174	108.455	501.2	0.000825342	0	0.000825342	1.0967	0
metal1	4	174	109.295	501.2	0.0011111	0	0.0011111	1.09668	0
metal1	5	174	152.07	501.2	0.00154894	0	0.00154894	1.09554	0
metal1	6	174	208.07	501.2	0.00165004	0	0.00165004	1.0943	0
metal1	7	174	264.07	501.2	0.00165004	0	0.00165004	1.09326	0
metal1	8	174	320.07	501.2	0.00178682	0	0.00178682	1.0924	0
metal1	9	174	376.07	501.2	0.00246701	0	0.00246701	1.09172	0
metal1	10	174	432.07	501.2	0.00246701	0	0.00246701	1.09138	0
metal1	11	174	488.07	501.2	0.00234212	0	0.00234212	1.09134	0
metal1	12	174	544.07	501.2	0.000607798	0	0.000607798	1.09171	0
metal1	13	174	600.07	501.2	0.000556204	0	0.000556204	1.09206	0
metal1	14	174	656.07	501.2	0.000556204	0	0.000556204	1.09254	0
metal1	15	174	712.07	501.2	0.000556204	0	0.000556204	1.09315	0
metal1	16	174	768.07	501.2	0.000556204	0	0.000556204	1.09389	0
metal1	17	174	824.07	501.2	0.000497759	0	0.000497759	1.09478	0
metal1	18	174	880.07	501.2	0.000136768	0	0.000136768	1.09581	0
metal1	19	174	936.07	501.2	0.000136768	0	0.000136768	1.09687	0
metal1	20	174	992.07	501.2	0.000136768	0	0.000136768	1.09798	0
metal1	21	174	1048.07	501.2	0.000180835	0	0.000180835	1.0991	0
metal1	22	174	1086.21	501.2	7.8095e-05	0	7.8095e-05	1.0999	0
metal1	0	175	14.095	504	0.00024268	0	0.00024268	1.09988	0
metal1	1	175	40.07	504	0.00135745	0	0.00135745	1.09894	0
metal1	2	175	96.07	504	0.00130994	0	0.00130994	1.09706	0
metal1	3	175	108.455	504	0.000825342	0	0.000825342	1.09672	0
metal1	4	175	109.295	504	0.0011111	0	0.0011111	1.09669	0
metal1	5	175	152.07	504	0.00154894	0	0.00154894	1.09557	0
metal1	6	175	208.07	504	0.00165004	0	0.00165004	1.09432	0
metal1	7	175	264.07	504	0.00165004	0	0.00165004	1.09327	0
metal1	8	175	320.07	504	0.00178682	0	0.00178682	1.09242	0
metal1	9	175	376.07	504	0.00246701	0	0.00246701	1.09174	0
metal1	10	175	432.07	504	0.00246701	0	0.00246701	1.09139	0
metal1	11	175	488.07	504	0.00234212	0	0.00234212	1.09135	0
metal1	12	175	544.07	504	0.000607798	0	0.000607798	1.09167	0
metal1	13	175	600.07	504	0.000556204	0	0.000556204	1.09201	0
metal1	14	175	656.07	504	0.000556204	0	0.000556204	1.09249	0
metal1	15	175	712.07	504	0.000556204	0	0.000556204	1.0931	0
metal1	16	175	768.07	504	0.000556204	0	0.000556204	1.09385	0
metal1	17	175	824.07	504	0.000497759	0	0.000497759	1.09474	0
metal1	18	175	880.07	504	0.000136768	0	0.000136768	1.09578	0
metal1	19	175	936.07	504	0.000136768	0	0.000136768	1.09685	0
metal1	20	175	992.07	504	0.000136768	0	0.000136768	1.09797	0
metal1	21	175	1048.07	504	0.000180835	0	0.000180835	1.09911	0
metal1	22	175	1086.21	504	7.8095e-05	0	7.8095e-05	1.09993	0
metal1	0	176	14.095	506.8	0.00024268	0	0.00024268	1.09993	0
metal1	1	176	40.07	506.8	0.00135745	0	0.00135745	1.09899	0
metal1	2	176	96.07	506.8	0.00130994	0	0.00130994	1.09711	0
metal1	3	176	108.455	506.8	0.000825342	0	0.000825342	1.09675	0
metal1	4	176	109.295	506.8	0.0011111	0	0.0011111	1.09672	0
metal1	5	176	152.07	506.8	0.00154894	0	0.00154894	1.09561	0
metal1	6	176	208.07	506.8	0.00165004	0	0.00165004	1.09435	0
metal1	7	176	264.07	506.8	0.00165004	0	0.00165004	1.0933	0
metal1	8	176	320.07	506.8	0.00178682	0	0.00178682	1.09245	0
metal1	9	176	376.07	506.8	0.00246701	0	0.00246701	1.09178	0
metal1	10	176	432.07	506.8	0.00246701	0	0.00246701	1.09143	0
metal1	11	176	488.07	506.8	0.00234212	0	0.00234212	1.09137	0
metal1	12	176	544.07	506.8	0.000607798	0	0.000607798	1.09164	0
metal1	13	176	600.07	506.8	0.000556204	0	0.000556204	1.09197	0
metal1	14	176	656.07	506.8	0.000556204	0	0.000556204	1.09244	0
metal1	15	176	712.07	506.8	0.000556204	0	0.000556204	1.09305	0
metal1	16	176	768.07	506.8	0.000556204	0	0.000556204	1.09381	0
metal1	17	176	824.07	506.8	0.000498276	0	0.000498276	1.09471	0
metal1	18	176	880.07	506.8	0.000138259	0	0.000138259	1.09575	0
metal1	19	176	936.07	506.8	0.000138259	0	0.000138259	1.09684	0
metal1	20	176	992.07	506.8	0.000138259	0	0.000138259	1.09796	0
metal1	21	176	1048.07	506.8	0.000181432	0	0.000181432	1.09912	0
metal1	22	176	1086.21	506.8	7.8095e-05	0	7.8095e-05	1.09996	0
metal1	0	177	14.095	509.6	0.00024268	0	0.00024268	1.1	0
metal1	1	177	40.07	509.6	0.00135745	0	0.00135745	1.09905	0
metal1	2	177	96.07	509.6	0.00130994	0	0.00130994	1.09716	0
metal1	3	177	108.455	509.6	0.000825342	0	0.000825342	1.09679	0
metal1	4	177	109.295	509.6	0.0011111	0	0.0011111	1.09676	0
metal1	5	177	152.07	509.6	0.00154894	0	0.00154894	1.09566	0
metal1	6	177	208.07	509.6	0.00165004	0	0.00165004	1.09441	0
metal1	7	177	264.07	509.6	0.00165004	0	0.00165004	1.09335	0
metal1	8	177	320.07	509.6	0.00178682	0	0.00178682	1.09249	0
metal1	9	177	376.07	509.6	0.00246701	0	0.00246701	1.09185	0
metal1	10	177	432.07	509.6	0.00246701	0	0.00246701	1.09149	0
metal1	11	177	488.07	509.6	0.00234212	0	0.00234212	1.09141	0
metal1	12	177	544.07	509.6	0.000607798	0	0.000607798	1.09161	0
metal1	13	177	600.07	509.6	0.000556204	0	0.000556204	1.09194	0
metal1	14	177	656.07	509.6	0.000556204	0	0.000556204	1.0924	0
metal1	15	177	712.07	509.6	0.000556204	0	0.000556204	1.09302	0
metal1	16	177	768.07	509.6	0.000556204	0	0.000556204	1.09378	0
metal1	17	177	824.07	509.6	0.000498234	0	0.000498234	1.09469	0
metal1	18	177	880.07	509.6	0.000137847	0	0.000137847	1.09573	0
metal1	19	177	936.07	509.6	0.000137847	0	0.000137847	1.09682	0
metal1	20	177	992.07	509.6	0.000137847	0	0.000137847	1.09796	0
metal1	21	177	1048.07	509.6	0.000181357	0	0.000181357	1.09914	0
metal1	22	177	1086.21	509.6	7.8095e-05	0	7.8095e-05	1.1	0
metal1	0	178	14.095	512.4	0.00024268	0	0.00024268	1.09993	0
metal1	1	178	40.07	512.4	0.00135745	0	0.00135745	1.09898	0
metal1	2	178	96.07	512.4	0.00130994	0	0.00130994	1.09709	0
metal1	3	178	108.455	512.4	0.000825342	0	0.000825342	1.09673	0
metal1	4	178	109.295	512.4	0.0011111	0	0.0011111	1.0967	0
metal1	5	178	152.07	512.4	0.00154894	0	0.00154894	1.09558	0
metal1	6	178	208.07	512.4	0.00165004	0	0.00165004	1.09431	0
metal1	7	178	264.07	512.4	0.00165004	0	0.00165004	1.09325	0
metal1	8	178	320.07	512.4	0.00178682	0	0.00178682	1.09238	0
metal1	9	178	376.07	512.4	0.00246701	0	0.00246701	1.0917	0
metal1	10	178	432.07	512.4	0.00246701	0	0.00246701	1.09133	0
metal1	11	178	488.07	512.4	0.00234212	0	0.00234212	1.09126	0
metal1	12	178	544.07	512.4	0.000607798	0	0.000607798	1.09149	0
metal1	13	178	600.07	512.4	0.000556204	0	0.000556204	1.09179	0
metal1	14	178	656.07	512.4	0.000556204	0	0.000556204	1.09225	0
metal1	15	178	712.07	512.4	0.000556204	0	0.000556204	1.09287	0
metal1	16	178	768.07	512.4	0.000556204	0	0.000556204	1.09364	0
metal1	17	178	824.07	512.4	0.000498234	0	0.000498234	1.09456	0
metal1	18	178	880.07	512.4	0.000137847	0	0.000137847	1.09566	0
metal1	19	178	936.07	512.4	0.000137847	0	0.000137847	1.09677	0
metal1	20	178	992.07	512.4	0.000137847	0	0.000137847	1.09793	0
metal1	21	178	1048.07	512.4	0.000181357	0	0.000181357	1.09911	0
metal1	22	178	1086.21	512.4	7.8095e-05	0	7.8095e-05	1.09996	0
metal1	0	179	14.095	515.2	0.00024268	0	0.00024268	1.09988	0
metal1	1	179	40.07	515.2	0.00135745	0	0.00135745	1.09893	0
metal1	2	179	96.07	515.2	0.00130994	0	0.00130994	1.09703	0
metal1	3	179	108.455	515.2	0.000825342	0	0.000825342	1.09668	0
metal1	4	179	109.295	515.2	0.0011111	0	0.0011111	1.09665	0
metal1	5	179	152.07	515.2	0.00154894	0	0.00154894	1.09551	0
metal1	6	179	208.07	515.2	0.00165004	0	0.00165004	1.09423	0
metal1	7	179	264.07	515.2	0.00165004	0	0.00165004	1.09316	0
metal1	8	179	320.07	515.2	0.00178682	0	0.00178682	1.09228	0
metal1	9	179	376.07	515.2	0.00246701	0	0.00246701	1.09158	0
metal1	10	179	432.07	515.2	0.00246701	0	0.00246701	1.0912	0
metal1	11	179	488.07	515.2	0.00234212	0	0.00234212	1.09112	0
metal1	12	179	544.07	515.2	0.000607798	0	0.000607798	1.09137	0
metal1	13	179	600.07	515.2	0.000556204	0	0.000556204	1.09165	0
metal1	14	179	656.07	515.2	0.000556204	0	0.000556204	1.09211	0
metal1	15	179	712.07	515.2	0.000556204	0	0.000556204	1.09272	0
metal1	16	179	768.07	515.2	0.000556204	0	0.000556204	1.0935	0
metal1	17	179	824.07	515.2	0.000498234	0	0.000498234	1.09444	0
metal1	18	179	880.07	515.2	0.000137847	0	0.000137847	1.0956	0
metal1	19	179	936.07	515.2	0.000137847	0	0.000137847	1.09673	0
metal1	20	179	992.07	515.2	0.000137847	0	0.000137847	1.09789	0
metal1	21	179	1048.07	515.2	0.000181357	0	0.000181357	1.09908	0
metal1	22	179	1086.21	515.2	7.8095e-05	0	7.8095e-05	1.09992	0
metal1	0	180	14.095	518	0.00024268	0	0.00024268	1.09984	0
metal1	1	180	40.07	518	0.00135745	0	0.00135745	1.09889	0
metal1	2	180	96.07	518	0.00130994	0	0.00130994	1.09698	0
metal1	3	180	108.455	518	0.000825342	0	0.000825342	1.09664	0
metal1	4	180	109.295	518	0.0011111	0	0.0011111	1.09661	0
metal1	5	180	152.07	518	0.00154894	0	0.00154894	1.09545	0
metal1	6	180	208.07	518	0.00165004	0	0.00165004	1.09417	0
metal1	7	180	264.07	518	0.00165004	0	0.00165004	1.09309	0
metal1	8	180	320.07	518	0.00178682	0	0.00178682	1.0922	0
metal1	9	180	376.07	518	0.00246701	0	0.00246701	1.09148	0
metal1	10	180	432.07	518	0.00246701	0	0.00246701	1.09109	0
metal1	11	180	488.07	518	0.00234212	0	0.00234212	1.09101	0
metal1	12	180	544.07	518	0.0012482	0	0.0012482	1.09127	0
metal1	13	180	600.07	518	0.00198672	0	0.00198672	1.09152	0
metal1	14	180	656.07	518	0.00198672	0	0.00198672	1.09197	0
metal1	15	180	712.07	518	0.00198672	0	0.00198672	1.09259	0
metal1	16	180	768.07	518	0.00198672	0	0.00198672	1.09337	0
metal1	17	180	824.07	518	0.00183761	0	0.00183761	1.09433	0
metal1	18	180	880.07	518	0.000137847	0	0.000137847	1.09555	0
metal1	19	180	936.07	518	0.000137847	0	0.000137847	1.09669	0
metal1	20	180	992.07	518	0.000137847	0	0.000137847	1.09786	0
metal1	21	180	1048.07	518	0.000181357	0	0.000181357	1.09906	0
metal1	22	180	1086.21	518	7.8095e-05	0	7.8095e-05	1.0999	0
metal1	0	181	14.095	520.8	0.00024268	0	0.00024268	1.09981	0
metal1	1	181	40.07	520.8	0.00135745	0	0.00135745	1.09886	0
metal1	2	181	96.07	520.8	0.00130994	0	0.00130994	1.09695	0
metal1	3	181	108.455	520.8	0.000825342	0	0.000825342	1.09661	0
metal1	4	181	109.295	520.8	0.0011111	0	0.0011111	1.09658	0
metal1	5	181	152.07	520.8	0.00154894	0	0.00154894	1.09541	0
metal1	6	181	208.07	520.8	0.00165004	0	0.00165004	1.09412	0
metal1	7	181	264.07	520.8	0.00165004	0	0.00165004	1.09304	0
metal1	8	181	320.07	520.8	0.00178682	0	0.00178682	1.09214	0
metal1	9	181	376.07	520.8	0.00246701	0	0.00246701	1.0914	0
metal1	10	181	432.07	520.8	0.00246701	0	0.00246701	1.09101	0
metal1	11	181	488.07	520.8	0.00234212	0	0.00234212	1.09091	0
metal1	12	181	544.07	520.8	0.00137721	0	0.00137721	1.09117	0
metal1	13	181	600.07	520.8	0.00207447	0	0.00207447	1.0914	0
metal1	14	181	656.07	520.8	0.00207447	0	0.00207447	1.09185	0
metal1	15	181	712.07	520.8	0.00207447	0	0.00207447	1.09247	0
metal1	16	181	768.07	520.8	0.00207447	0	0.00207447	1.09325	0
metal1	17	181	824.07	520.8	0.00193831	0	0.00193831	1.09423	0
metal1	18	181	880.07	520.8	0.000137847	0	0.000137847	1.09549	0
metal1	19	181	936.07	520.8	0.000137847	0	0.000137847	1.09665	0
metal1	20	181	992.07	520.8	0.000137847	0	0.000137847	1.09784	0
metal1	21	181	1048.07	520.8	0.000181357	0	0.000181357	1.09904	0
metal1	22	181	1086.21	520.8	7.8095e-05	0	7.8095e-05	1.09988	0
metal1	0	182	14.095	523.6	0.00024268	0	0.00024268	1.0998	0
metal1	1	182	40.07	523.6	0.00135745	0	0.00135745	1.09885	0
metal1	2	182	96.07	523.6	0.00130994	0	0.00130994	1.09692	0
metal1	3	182	108.455	523.6	0.000825342	0	0.000825342	1.09659	0
metal1	4	182	109.295	523.6	0.0011111	0	0.0011111	1.09656	0
metal1	5	182	152.07	523.6	0.00154894	0	0.00154894	1.09539	0
metal1	6	182	208.07	523.6	0.00165004	0	0.00165004	1.09409	0
metal1	7	182	264.07	523.6	0.00165004	0	0.00165004	1.093	0
metal1	8	182	320.07	523.6	0.00178682	0	0.00178682	1.09209	0
metal1	9	182	376.07	523.6	0.00246701	0	0.00246701	1.09134	0
metal1	10	182	432.07	523.6	0.00246701	0	0.00246701	1.09094	0
metal1	11	182	488.07	523.6	0.00234212	0	0.00234212	1.09084	0
metal1	12	182	544.07	523.6	0.00137721	0	0.00137721	1.09109	0
metal1	13	182	600.07	523.6	0.00207447	0	0.00207447	1.09131	0
metal1	14	182	656.07	523.6	0.00207447	0	0.00207447	1.09175	0
metal1	15	182	712.07	523.6	0.00207447	0	0.00207447	1.09237	0
metal1	16	182	768.07	523.6	0.00207447	0	0.00207447	1.09316	0
metal1	17	182	824.07	523.6	0.00193831	0	0.00193831	1.09415	0
metal1	18	182	880.07	523.6	0.000137847	0	0.000137847	1.09544	0
metal1	19	182	936.07	523.6	0.000137847	0	0.000137847	1.09662	0
metal1	20	182	992.07	523.6	0.000137847	0	0.000137847	1.09782	0
metal1	21	182	1048.07	523.6	0.000181357	0	0.000181357	1.09903	0
metal1	22	182	1086.21	523.6	7.8095e-05	0	7.8095e-05	1.09987	0
metal1	0	183	14.095	526.4	0.00024268	0	0.00024268	1.0998	0
metal1	1	183	40.07	526.4	0.00135745	0	0.00135745	1.09884	0
metal1	2	183	96.07	526.4	0.00130994	0	0.00130994	1.09692	0
metal1	3	183	108.455	526.4	0.000825342	0	0.000825342	1.09658	0
metal1	4	183	109.295	526.4	0.0011111	0	0.0011111	1.09655	0
metal1	5	183	152.07	526.4	0.00154894	0	0.00154894	1.09537	0
metal1	6	183	208.07	526.4	0.00165004	0	0.00165004	1.09407	0
metal1	7	183	264.07	526.4	0.00165004	0	0.00165004	1.09298	0
metal1	8	183	320.07	526.4	0.00178682	0	0.00178682	1.09206	0
metal1	9	183	376.07	526.4	0.00246701	0	0.00246701	1.09131	0
metal1	10	183	432.07	526.4	0.00246701	0	0.00246701	1.0909	0
metal1	11	183	488.07	526.4	0.00234212	0	0.00234212	1.09079	0
metal1	12	183	544.07	526.4	0.00137721	0	0.00137721	1.09102	0
metal1	13	183	600.07	526.4	0.00207447	0	0.00207447	1.09123	0
metal1	14	183	656.07	526.4	0.00207447	0	0.00207447	1.09167	0
metal1	15	183	712.07	526.4	0.00207447	0	0.00207447	1.09229	0
metal1	16	183	768.07	526.4	0.00207447	0	0.00207447	1.09308	0
metal1	17	183	824.07	526.4	0.00193831	0	0.00193831	1.09408	0
metal1	18	183	880.07	526.4	0.000137847	0	0.000137847	1.0954	0
metal1	19	183	936.07	526.4	0.000137847	0	0.000137847	1.09658	0
metal1	20	183	992.07	526.4	0.000137847	0	0.000137847	1.0978	0
metal1	21	183	1048.07	526.4	0.000181357	0	0.000181357	1.09902	0
metal1	22	183	1086.21	526.4	7.8095e-05	0	7.8095e-05	1.09988	0
metal1	0	184	14.095	529.2	0.00024268	0	0.00024268	1.09982	0
metal1	1	184	40.07	529.2	0.00135745	0	0.00135745	1.09886	0
metal1	2	184	96.07	529.2	0.00130994	0	0.00130994	1.09693	0
metal1	3	184	108.455	529.2	0.000825342	0	0.000825342	1.09658	0
metal1	4	184	109.295	529.2	0.0011111	0	0.0011111	1.09656	0
metal1	5	184	152.07	529.2	0.00154894	0	0.00154894	1.09538	0
metal1	6	184	208.07	529.2	0.00165004	0	0.00165004	1.09407	0
metal1	7	184	264.07	529.2	0.00165004	0	0.00165004	1.09297	0
metal1	8	184	320.07	529.2	0.00178682	0	0.00178682	1.09205	0
metal1	9	184	376.07	529.2	0.00246701	0	0.00246701	1.09129	0
metal1	10	184	432.07	529.2	0.00246701	0	0.00246701	1.09088	0
metal1	11	184	488.07	529.2	0.00234212	0	0.00234212	1.09075	0
metal1	12	184	544.07	529.2	0.00137721	0	0.00137721	1.09097	0
metal1	13	184	600.07	529.2	0.00207447	0	0.00207447	1.09117	0
metal1	14	184	656.07	529.2	0.00207447	0	0.00207447	1.0916	0
metal1	15	184	712.07	529.2	0.00207447	0	0.00207447	1.09222	0
metal1	16	184	768.07	529.2	0.00207447	0	0.00207447	1.09303	0
metal1	17	184	824.07	529.2	0.00193831	0	0.00193831	1.09403	0
metal1	18	184	880.07	529.2	0.000137847	0	0.000137847	1.09536	0
metal1	19	184	936.07	529.2	0.000137847	0	0.000137847	1.09656	0
metal1	20	184	992.07	529.2	0.000137847	0	0.000137847	1.09778	0
metal1	21	184	1048.07	529.2	0.000181357	0	0.000181357	1.09902	0
metal1	22	184	1086.21	529.2	7.8095e-05	0	7.8095e-05	1.09989	0
metal1	0	185	14.095	532	0.00024268	0	0.00024268	1.09985	0
metal1	1	185	40.07	532	0.00135745	0	0.00135745	1.09888	0
metal1	2	185	96.07	532	0.00130994	0	0.00130994	1.09695	0
metal1	3	185	108.455	532	0.000825342	0	0.000825342	1.0966	0
metal1	4	185	109.295	532	0.0011111	0	0.0011111	1.09657	0
metal1	5	185	152.07	532	0.00154894	0	0.00154894	1.09539	0
metal1	6	185	208.07	532	0.00165004	0	0.00165004	1.09408	0
metal1	7	185	264.07	532	0.00165004	0	0.00165004	1.09297	0
metal1	8	185	320.07	532	0.00178682	0	0.00178682	1.09205	0
metal1	9	185	376.07	532	0.00246701	0	0.00246701	1.0913	0
metal1	10	185	432.07	532	0.00246701	0	0.00246701	1.09088	0
metal1	11	185	488.07	532	0.00234212	0	0.00234212	1.09074	0
metal1	12	185	544.07	532	0.00137721	0	0.00137721	1.09093	0
metal1	13	185	600.07	532	0.00207447	0	0.00207447	1.09113	0
metal1	14	185	656.07	532	0.00207447	0	0.00207447	1.09156	0
metal1	15	185	712.07	532	0.00207447	0	0.00207447	1.09218	0
metal1	16	185	768.07	532	0.00207447	0	0.00207447	1.09299	0
metal1	17	185	824.07	532	0.00193831	0	0.00193831	1.09401	0
metal1	18	185	880.07	532	0.000137847	0	0.000137847	1.09532	0
metal1	19	185	936.07	532	0.000137847	0	0.000137847	1.09653	0
metal1	20	185	992.07	532	0.000137847	0	0.000137847	1.09777	0
metal1	21	185	1048.07	532	0.000181357	0	0.000181357	1.09902	0
metal1	22	185	1086.21	532	7.8095e-05	0	7.8095e-05	1.0999	0
metal1	0	186	14.095	534.8	0.00024268	0	0.00024268	1.09989	0
metal1	1	186	40.07	534.8	0.00135745	0	0.00135745	1.09892	0
metal1	2	186	96.07	534.8	0.00130994	0	0.00130994	1.09698	0
metal1	3	186	108.455	534.8	0.000825342	0	0.000825342	1.09662	0
metal1	4	186	109.295	534.8	0.0011111	0	0.0011111	1.09659	0
metal1	5	186	152.07	534.8	0.00154894	0	0.00154894	1.09542	0
metal1	6	186	208.07	534.8	0.00165004	0	0.00165004	1.09411	0
metal1	7	186	264.07	534.8	0.00165004	0	0.00165004	1.093	0
metal1	8	186	320.07	534.8	0.00178682	0	0.00178682	1.09207	0
metal1	9	186	376.07	534.8	0.00246701	0	0.00246701	1.09133	0
metal1	10	186	432.07	534.8	0.00246701	0	0.00246701	1.0909	0
metal1	11	186	488.07	534.8	0.00234212	0	0.00234212	1.09075	0
metal1	12	186	544.07	534.8	0.00137721	0	0.00137721	1.0909	0
metal1	13	186	600.07	534.8	0.00207447	0	0.00207447	1.09111	0
metal1	14	186	656.07	534.8	0.00207447	0	0.00207447	1.09154	0
metal1	15	186	712.07	534.8	0.00207447	0	0.00207447	1.09216	0
metal1	16	186	768.07	534.8	0.00207447	0	0.00207447	1.09297	0
metal1	17	186	824.07	534.8	0.00193831	0	0.00193831	1.09399	0
metal1	18	186	880.07	534.8	0.000137847	0	0.000137847	1.09528	0
metal1	19	186	936.07	534.8	0.000137847	0	0.000137847	1.09651	0
metal1	20	186	992.07	534.8	0.000137847	0	0.000137847	1.09776	0
metal1	21	186	1048.07	534.8	0.000181357	0	0.000181357	1.09903	0
metal1	22	186	1086.21	534.8	7.8095e-05	0	7.8095e-05	1.09993	0
metal1	0	187	14.095	537.6	0.00024268	0	0.00024268	1.09995	0
metal1	1	187	40.07	537.6	0.00135745	0	0.00135745	1.09897	0
metal1	2	187	96.07	537.6	0.00130994	0	0.00130994	1.09703	0
metal1	3	187	108.455	537.6	0.000825342	0	0.000825342	1.09665	0
metal1	4	187	109.295	537.6	0.0011111	0	0.0011111	1.09663	0
metal1	5	187	152.07	537.6	0.00154894	0	0.00154894	1.09547	0
metal1	6	187	208.07	537.6	0.00165004	0	0.00165004	1.09415	0
metal1	7	187	264.07	537.6	0.00165004	0	0.00165004	1.09303	0
metal1	8	187	320.07	537.6	0.00178682	0	0.00178682	1.09211	0
metal1	9	187	376.07	537.6	0.00246701	0	0.00246701	1.09138	0
metal1	10	187	432.07	537.6	0.00246701	0	0.00246701	1.09094	0
metal1	11	187	488.07	537.6	0.00234212	0	0.00234212	1.09078	0
metal1	12	187	544.07	537.6	0.00137721	0	0.00137721	1.09089	0
metal1	13	187	600.07	537.6	0.00207447	0	0.00207447	1.0911	0
metal1	14	187	656.07	537.6	0.00207447	0	0.00207447	1.09153	0
metal1	15	187	712.07	537.6	0.00207447	0	0.00207447	1.09215	0
metal1	16	187	768.07	537.6	0.00207447	0	0.00207447	1.09297	0
metal1	17	187	824.07	537.6	0.00193831	0	0.00193831	1.094	0
metal1	18	187	880.07	537.6	0.000137847	0	0.000137847	1.09525	0
metal1	19	187	936.07	537.6	0.000137847	0	0.000137847	1.09649	0
metal1	20	187	992.07	537.6	0.000137847	0	0.000137847	1.09775	0
metal1	21	187	1048.07	537.6	0.000181357	0	0.000181357	1.09905	0
metal1	22	187	1086.21	537.6	7.8095e-05	0	7.8095e-05	1.09997	0
metal1	0	188	14.095	540.4	0.00024268	0	0.00024268	1.09998	0
metal1	1	188	40.07	540.4	0.00135745	0	0.00135745	1.099	0
metal1	2	188	96.07	540.4	0.00130994	0	0.00130994	1.09705	0
metal1	3	188	108.455	540.4	0.000825342	0	0.000825342	1.09666	0
metal1	4	188	109.295	540.4	0.0011111	0	0.0011111	1.09664	0
metal1	5	188	152.07	540.4	0.00154894	0	0.00154894	1.09548	0
metal1	6	188	208.07	540.4	0.00165004	0	0.00165004	1.09416	0
metal1	7	188	264.07	540.4	0.00165004	0	0.00165004	1.09304	0
metal1	8	188	320.07	540.4	0.00178682	0	0.00178682	1.09211	0
metal1	9	188	376.07	540.4	0.00246701	0	0.00246701	1.09139	0
metal1	10	188	432.07	540.4	0.00246701	0	0.00246701	1.09094	0
metal1	11	188	488.07	540.4	0.00234212	0	0.00234212	1.09077	0
metal1	12	188	544.07	540.4	0.00137721	0	0.00137721	1.09086	0
metal1	13	188	600.07	540.4	0.00207447	0	0.00207447	1.09107	0
metal1	14	188	656.07	540.4	0.00207447	0	0.00207447	1.0915	0
metal1	15	188	712.07	540.4	0.00207447	0	0.00207447	1.09212	0
metal1	16	188	768.07	540.4	0.00207447	0	0.00207447	1.09294	0
metal1	17	188	824.07	540.4	0.00193831	0	0.00193831	1.09398	0
metal1	18	188	880.07	540.4	0.000137847	0	0.000137847	1.09522	0
metal1	19	188	936.07	540.4	0.000137847	0	0.000137847	1.09647	0
metal1	20	188	992.07	540.4	0.000137847	0	0.000137847	1.09774	0
metal1	21	188	1048.07	540.4	0.000181357	0	0.000181357	1.09905	0
metal1	22	188	1086.21	540.4	7.8095e-05	0	7.8095e-05	1.09999	0
metal1	0	189	14.095	543.2	0.00024268	0	0.00024268	1.09991	0
metal1	1	189	40.07	543.2	0.00135745	0	0.00135745	1.09893	0
metal1	2	189	96.07	543.2	0.00130994	0	0.00130994	1.09698	0
metal1	3	189	108.455	543.2	0.000825342	0	0.000825342	1.09661	0
metal1	4	189	109.295	543.2	0.0011111	0	0.0011111	1.09658	0
metal1	5	189	152.07	543.2	0.00154894	0	0.00154894	1.09541	0
metal1	6	189	208.07	543.2	0.00165004	0	0.00165004	1.09408	0
metal1	7	189	264.07	543.2	0.00165004	0	0.00165004	1.09295	0
metal1	8	189	320.07	543.2	0.00178682	0	0.00178682	1.09201	0
metal1	9	189	376.07	543.2	0.00246701	0	0.00246701	1.09126	0
metal1	10	189	432.07	543.2	0.00246701	0	0.00246701	1.09081	0
metal1	11	189	488.07	543.2	0.00234212	0	0.00234212	1.09064	0
metal1	12	189	544.07	543.2	0.00137721	0	0.00137721	1.09076	0
metal1	13	189	600.07	543.2	0.00207447	0	0.00207447	1.09095	0
metal1	14	189	656.07	543.2	0.00207447	0	0.00207447	1.09137	0
metal1	15	189	712.07	543.2	0.00207447	0	0.00207447	1.09199	0
metal1	16	189	768.07	543.2	0.00207447	0	0.00207447	1.09282	0
metal1	17	189	824.07	543.2	0.00193831	0	0.00193831	1.09386	0
metal1	18	189	880.07	543.2	0.000137847	0	0.000137847	1.09517	0
metal1	19	189	936.07	543.2	0.000137847	0	0.000137847	1.09643	0
metal1	20	189	992.07	543.2	0.000137847	0	0.000137847	1.09771	0
metal1	21	189	1048.07	543.2	0.000181357	0	0.000181357	1.09902	0
metal1	22	189	1086.21	543.2	7.8095e-05	0	7.8095e-05	1.09994	0
metal1	0	190	14.095	546	0.00024268	0	0.00024268	1.09986	0
metal1	1	190	40.07	546	0.00135745	0	0.00135745	1.09889	0
metal1	2	190	96.07	546	0.00130994	0	0.00130994	1.09692	0
metal1	3	190	108.455	546	0.000825342	0	0.000825342	1.09657	0
metal1	4	190	109.295	546	0.0011111	0	0.0011111	1.09654	0
metal1	5	190	152.07	546	0.00154894	0	0.00154894	1.09535	0
metal1	6	190	208.07	546	0.00165004	0	0.00165004	1.09401	0
metal1	7	190	264.07	546	0.00165004	0	0.00165004	1.09288	0
metal1	8	190	320.07	546	0.00178682	0	0.00178682	1.09193	0
metal1	9	190	376.07	546	0.00246701	0	0.00246701	1.09116	0
metal1	10	190	432.07	546	0.00246701	0	0.00246701	1.09071	0
metal1	11	190	488.07	546	0.00234212	0	0.00234212	1.09054	0
metal1	12	190	544.07	546	0.00137721	0	0.00137721	1.09067	0
metal1	13	190	600.07	546	0.00207447	0	0.00207447	1.09084	0
metal1	14	190	656.07	546	0.00207447	0	0.00207447	1.09126	0
metal1	15	190	712.07	546	0.00207447	0	0.00207447	1.09188	0
metal1	16	190	768.07	546	0.00207447	0	0.00207447	1.09271	0
metal1	17	190	824.07	546	0.00193831	0	0.00193831	1.09377	0
metal1	18	190	880.07	546	0.000137847	0	0.000137847	1.09513	0
metal1	19	190	936.07	546	0.000137847	0	0.000137847	1.0964	0
metal1	20	190	992.07	546	0.000137847	0	0.000137847	1.09769	0
metal1	21	190	1048.07	546	0.000181357	0	0.000181357	1.09899	0
metal1	22	190	1086.21	546	7.8095e-05	0	7.8095e-05	1.09991	0
metal1	0	191	14.095	548.8	0.00024268	0	0.00024268	1.09982	0
metal1	1	191	40.07	548.8	0.00135745	0	0.00135745	1.09885	0
metal1	2	191	96.07	548.8	0.00130994	0	0.00130994	1.09688	0
metal1	3	191	108.455	548.8	0.000825342	0	0.000825342	1.09653	0
metal1	4	191	109.295	548.8	0.0011111	0	0.0011111	1.09651	0
metal1	5	191	152.07	548.8	0.00154894	0	0.00154894	1.0953	0
metal1	6	191	208.07	548.8	0.00165004	0	0.00165004	1.09396	0
metal1	7	191	264.07	548.8	0.00165004	0	0.00165004	1.09282	0
metal1	8	191	320.07	548.8	0.00178682	0	0.00178682	1.09187	0
metal1	9	191	376.07	548.8	0.00246701	0	0.00246701	1.09108	0
metal1	10	191	432.07	548.8	0.00246701	0	0.00246701	1.09062	0
metal1	11	191	488.07	548.8	0.00234212	0	0.00234212	1.09045	0
metal1	12	191	544.07	548.8	0.00137721	0	0.00137721	1.0906	0
metal1	13	191	600.07	548.8	0.00207447	0	0.00207447	1.09075	0
metal1	14	191	656.07	548.8	0.00207447	0	0.00207447	1.09117	0
metal1	15	191	712.07	548.8	0.00207447	0	0.00207447	1.09179	0
metal1	16	191	768.07	548.8	0.00207447	0	0.00207447	1.09263	0
metal1	17	191	824.07	548.8	0.00193831	0	0.00193831	1.09369	0
metal1	18	191	880.07	548.8	0.000137847	0	0.000137847	1.0951	0
metal1	19	191	936.07	548.8	0.000137847	0	0.000137847	1.09637	0
metal1	20	191	992.07	548.8	0.000137847	0	0.000137847	1.09767	0
metal1	21	191	1048.07	548.8	0.000181357	0	0.000181357	1.09897	0
metal1	22	191	1086.21	548.8	7.8095e-05	0	7.8095e-05	1.09989	0
metal1	0	192	14.095	551.6	0.00024268	0	0.00024268	1.0998	0
metal1	1	192	40.07	551.6	0.00135745	0	0.00135745	1.09883	0
metal1	2	192	96.07	551.6	0.00130994	0	0.00130994	1.09686	0
metal1	3	192	108.455	551.6	0.000825342	0	0.000825342	1.09651	0
metal1	4	192	109.295	551.6	0.0011111	0	0.0011111	1.09648	0
metal1	5	192	152.07	551.6	0.00154894	0	0.00154894	1.09527	0
metal1	6	192	208.07	551.6	0.00165004	0	0.00165004	1.09392	0
metal1	7	192	264.07	551.6	0.00165004	0	0.00165004	1.09278	0
metal1	8	192	320.07	551.6	0.00178682	0	0.00178682	1.09182	0
metal1	9	192	376.07	551.6	0.00246701	0	0.00246701	1.09102	0
metal1	10	192	432.07	551.6	0.00246701	0	0.00246701	1.09055	0
metal1	11	192	488.07	551.6	0.00234212	0	0.00234212	1.09038	0
metal1	12	192	544.07	551.6	0.00137721	0	0.00137721	1.09054	0
metal1	13	192	600.07	551.6	0.00207447	0	0.00207447	1.09068	0
metal1	14	192	656.07	551.6	0.00207447	0	0.00207447	1.09109	0
metal1	15	192	712.07	551.6	0.00207447	0	0.00207447	1.09172	0
metal1	16	192	768.07	551.6	0.00207447	0	0.00207447	1.09256	0
metal1	17	192	824.07	551.6	0.00193831	0	0.00193831	1.09363	0
metal1	18	192	880.07	551.6	0.000137847	0	0.000137847	1.09506	0
metal1	19	192	936.07	551.6	0.000137847	0	0.000137847	1.09635	0
metal1	20	192	992.07	551.6	0.000137847	0	0.000137847	1.09765	0
metal1	21	192	1048.07	551.6	0.000181357	0	0.000181357	1.09896	0
metal1	22	192	1086.21	551.6	7.8095e-05	0	7.8095e-05	1.09987	0
metal1	0	193	14.095	554.4	0.00024268	0	0.00024268	1.09979	0
metal1	1	193	40.07	554.4	0.00135745	0	0.00135745	1.09882	0
metal1	2	193	96.07	554.4	0.00130994	0	0.00130994	1.09684	0
metal1	3	193	108.455	554.4	0.000825342	0	0.000825342	1.0965	0
metal1	4	193	109.295	554.4	0.0011111	0	0.0011111	1.09647	0
metal1	5	193	152.07	554.4	0.00154894	0	0.00154894	1.09525	0
metal1	6	193	208.07	554.4	0.00165004	0	0.00165004	1.0939	0
metal1	7	193	264.07	554.4	0.00165004	0	0.00165004	1.09275	0
metal1	8	193	320.07	554.4	0.00178682	0	0.00178682	1.09179	0
metal1	9	193	376.07	554.4	0.00246701	0	0.00246701	1.09098	0
metal1	10	193	432.07	554.4	0.00246701	0	0.00246701	1.09051	0
metal1	11	193	488.07	554.4	0.00234212	0	0.00234212	1.09034	0
metal1	12	193	544.07	554.4	0.00137721	0	0.00137721	1.09049	0
metal1	13	193	600.07	554.4	0.00207447	0	0.00207447	1.09063	0
metal1	14	193	656.07	554.4	0.00207447	0	0.00207447	1.09104	0
metal1	15	193	712.07	554.4	0.00207447	0	0.00207447	1.09167	0
metal1	16	193	768.07	554.4	0.00207447	0	0.00207447	1.09251	0
metal1	17	193	824.07	554.4	0.00193831	0	0.00193831	1.09359	0
metal1	18	193	880.07	554.4	0.000137847	0	0.000137847	1.09503	0
metal1	19	193	936.07	554.4	0.000137847	0	0.000137847	1.09633	0
metal1	20	193	992.07	554.4	0.000137847	0	0.000137847	1.09764	0
metal1	21	193	1048.07	554.4	0.000181357	0	0.000181357	1.09895	0
metal1	22	193	1086.21	554.4	7.8095e-05	0	7.8095e-05	1.09987	0
metal1	0	194	14.095	557.2	0.00024268	0	0.00024268	1.0998	0
metal1	1	194	40.07	557.2	0.00135745	0	0.00135745	1.09882	0
metal1	2	194	96.07	557.2	0.00130994	0	0.00130994	1.09684	0
metal1	3	194	108.455	557.2	0.000825342	0	0.000825342	1.0965	0
metal1	4	194	109.295	557.2	0.0011111	0	0.0011111	1.09647	0
metal1	5	194	152.07	557.2	0.00154894	0	0.00154894	1.09525	0
metal1	6	194	208.07	557.2	0.00165004	0	0.00165004	1.09389	0
metal1	7	194	264.07	557.2	0.00165004	0	0.00165004	1.09274	0
metal1	8	194	320.07	557.2	0.00178682	0	0.00178682	1.09177	0
metal1	9	194	376.07	557.2	0.00246701	0	0.00246701	1.09096	0
metal1	10	194	432.07	557.2	0.00246701	0	0.00246701	1.09049	0
metal1	11	194	488.07	557.2	0.00234212	0	0.00234212	1.09031	0
metal1	12	194	544.07	557.2	0.00137721	0	0.00137721	1.09046	0
metal1	13	194	600.07	557.2	0.00207447	0	0.00207447	1.0906	0
metal1	14	194	656.07	557.2	0.00207447	0	0.00207447	1.09101	0
metal1	15	194	712.07	557.2	0.00207447	0	0.00207447	1.09163	0
metal1	16	194	768.07	557.2	0.00207447	0	0.00207447	1.09248	0
metal1	17	194	824.07	557.2	0.00193831	0	0.00193831	1.09356	0
metal1	18	194	880.07	557.2	0.000137847	0	0.000137847	1.09501	0
metal1	19	194	936.07	557.2	0.000137847	0	0.000137847	1.09631	0
metal1	20	194	992.07	557.2	0.000137847	0	0.000137847	1.09763	0
metal1	21	194	1048.07	557.2	0.000181357	0	0.000181357	1.09895	0
metal1	22	194	1086.21	557.2	7.8095e-05	0	7.8095e-05	1.09987	0
metal1	0	195	14.095	560	0.00024268	0	0.00024268	1.09982	0
metal1	1	195	40.07	560	0.00135745	0	0.00135745	1.09884	0
metal1	2	195	96.07	560	0.00130994	0	0.00130994	1.09686	0
metal1	3	195	108.455	560	0.000825342	0	0.000825342	1.0965	0
metal1	4	195	109.295	560	0.0011111	0	0.0011111	1.09648	0
metal1	5	195	152.07	560	0.00154894	0	0.00154894	1.09526	0
metal1	6	195	208.07	560	0.00165004	0	0.00165004	1.0939	0
metal1	7	195	264.07	560	0.00165004	0	0.00165004	1.09275	0
metal1	8	195	320.07	560	0.00178682	0	0.00178682	1.09177	0
metal1	9	195	376.07	560	0.00246701	0	0.00246701	1.09097	0
metal1	10	195	432.07	560	0.00246701	0	0.00246701	1.09049	0
metal1	11	195	488.07	560	0.00234212	0	0.00234212	1.09031	0
metal1	12	195	544.07	560	0.00137721	0	0.00137721	1.09045	0
metal1	13	195	600.07	560	0.00207447	0	0.00207447	1.09058	0
metal1	14	195	656.07	560	0.00207447	0	0.00207447	1.09099	0
metal1	15	195	712.07	560	0.00207447	0	0.00207447	1.09162	0
metal1	16	195	768.07	560	0.00207447	0	0.00207447	1.09247	0
metal1	17	195	824.07	560	0.00193831	0	0.00193831	1.09355	0
metal1	18	195	880.07	560	0.000137847	0	0.000137847	1.09499	0
metal1	19	195	936.07	560	0.000137847	0	0.000137847	1.09629	0
metal1	20	195	992.07	560	0.000137847	0	0.000137847	1.09762	0
metal1	21	195	1048.07	560	0.000181357	0	0.000181357	1.09895	0
metal1	22	195	1086.21	560	7.8095e-05	0	7.8095e-05	1.09988	0
metal1	0	196	14.095	562.8	0.00024268	0	0.00024268	1.09985	0
metal1	1	196	40.07	562.8	0.00135745	0	0.00135745	1.09887	0
metal1	2	196	96.07	562.8	0.00130994	0	0.00130994	1.09689	0
metal1	3	196	108.455	562.8	0.000825342	0	0.000825342	1.09652	0
metal1	4	196	109.295	562.8	0.0011111	0	0.0011111	1.0965	0
metal1	5	196	152.07	562.8	0.00154894	0	0.00154894	1.09528	0
metal1	6	196	208.07	562.8	0.00165004	0	0.00165004	1.09392	0
metal1	7	196	264.07	562.8	0.00165004	0	0.00165004	1.09276	0
metal1	8	196	320.07	562.8	0.00178682	0	0.00178682	1.09179	0
metal1	9	196	376.07	562.8	0.00246701	0	0.00246701	1.09099	0
metal1	10	196	432.07	562.8	0.00246701	0	0.00246701	1.09052	0
metal1	11	196	488.07	562.8	0.00234212	0	0.00234212	1.09033	0
metal1	12	196	544.07	562.8	0.00137721	0	0.00137721	1.09044	0
metal1	13	196	600.07	562.8	0.00207447	0	0.00207447	1.09059	0
metal1	14	196	656.07	562.8	0.00207447	0	0.00207447	1.09099	0
metal1	15	196	712.07	562.8	0.00207447	0	0.00207447	1.09162	0
metal1	16	196	768.07	562.8	0.00207447	0	0.00207447	1.09247	0
metal1	17	196	824.07	562.8	0.00193831	0	0.00193831	1.09356	0
metal1	18	196	880.07	562.8	0.000137847	0	0.000137847	1.09497	0
metal1	19	196	936.07	562.8	0.000137847	0	0.000137847	1.09628	0
metal1	20	196	992.07	562.8	0.000137847	0	0.000137847	1.09762	0
metal1	21	196	1048.07	562.8	0.000181357	0	0.000181357	1.09896	0
metal1	22	196	1086.21	562.8	7.8095e-05	0	7.8095e-05	1.09991	0
metal1	0	197	14.095	565.6	0.00024268	0	0.00024268	1.0999	0
metal1	1	197	40.07	565.6	0.00135745	0	0.00135745	1.09891	0
metal1	2	197	96.07	565.6	0.00130994	0	0.00130994	1.09693	0
metal1	3	197	108.455	565.6	0.000825342	0	0.000825342	1.09655	0
metal1	4	197	109.295	565.6	0.0011111	0	0.0011111	1.09652	0
metal1	5	197	152.07	565.6	0.00154894	0	0.00154894	1.09532	0
metal1	6	197	208.07	565.6	0.00165004	0	0.00165004	1.09396	0
metal1	7	197	264.07	565.6	0.00165004	0	0.00165004	1.0928	0
metal1	8	197	320.07	565.6	0.00178682	0	0.00178682	1.09183	0
metal1	9	197	376.07	565.6	0.00246701	0	0.00246701	1.09104	0
metal1	10	197	432.07	565.6	0.00246701	0	0.00246701	1.09056	0
metal1	11	197	488.07	565.6	0.00234212	0	0.00234212	1.09036	0
metal1	12	197	544.07	565.6	0.00137721	0	0.00137721	1.09045	0
metal1	13	197	600.07	565.6	0.00207447	0	0.00207447	1.09061	0
metal1	14	197	656.07	565.6	0.00207447	0	0.00207447	1.09102	0
metal1	15	197	712.07	565.6	0.00207447	0	0.00207447	1.09165	0
metal1	16	197	768.07	565.6	0.00207447	0	0.00207447	1.0925	0
metal1	17	197	824.07	565.6	0.00193831	0	0.00193831	1.09359	0
metal1	18	197	880.07	565.6	0.000137847	0	0.000137847	1.09496	0
metal1	19	197	936.07	565.6	0.000137847	0	0.000137847	1.09627	0
metal1	20	197	992.07	565.6	0.000137847	0	0.000137847	1.09762	0
metal1	21	197	1048.07	565.6	0.000181357	0	0.000181357	1.09898	0
metal1	22	197	1086.21	565.6	7.8095e-05	0	7.8095e-05	1.09994	0
metal1	0	198	14.095	568.4	0.00024268	0	0.00024268	1.09997	0
metal1	1	198	40.07	568.4	0.00135745	0	0.00135745	1.09897	0
metal1	2	198	96.07	568.4	0.00130994	0	0.00130994	1.09698	0
metal1	3	198	108.455	568.4	0.000825342	0	0.000825342	1.09659	0
metal1	4	198	109.295	568.4	0.0011111	0	0.0011111	1.09656	0
metal1	5	198	152.07	568.4	0.00154894	0	0.00154894	1.09538	0
metal1	6	198	208.07	568.4	0.00165004	0	0.00165004	1.09401	0
metal1	7	198	264.07	568.4	0.00165004	0	0.00165004	1.09285	0
metal1	8	198	320.07	568.4	0.00178682	0	0.00178682	1.09188	0
metal1	9	198	376.07	568.4	0.00246701	0	0.00246701	1.09111	0
metal1	10	198	432.07	568.4	0.00246701	0	0.00246701	1.09063	0
metal1	11	198	488.07	568.4	0.00234212	0	0.00234212	1.09042	0
metal1	12	198	544.07	568.4	0.00137721	0	0.00137721	1.09048	0
metal1	13	198	600.07	568.4	0.00207447	0	0.00207447	1.09065	0
metal1	14	198	656.07	568.4	0.00207447	0	0.00207447	1.09106	0
metal1	15	198	712.07	568.4	0.00207447	0	0.00207447	1.09169	0
metal1	16	198	768.07	568.4	0.00207447	0	0.00207447	1.09254	0
metal1	17	198	824.07	568.4	0.00193831	0	0.00193831	1.09363	0
metal1	18	198	880.07	568.4	0.000137847	0	0.000137847	1.09495	0
metal1	19	198	936.07	568.4	0.000137847	0	0.000137847	1.09627	0
metal1	20	198	992.07	568.4	0.000137847	0	0.000137847	1.09762	0
metal1	21	198	1048.07	568.4	0.000181357	0	0.000181357	1.099	0
metal1	22	198	1086.21	568.4	7.8095e-05	0	7.8095e-05	1.09998	0
metal1	0	199	14.095	571.2	0.00024268	0	0.00024268	1.09996	0
metal1	1	199	40.07	571.2	0.00135745	0	0.00135745	1.09896	0
metal1	2	199	96.07	571.2	0.00130994	0	0.00130994	1.09697	0
metal1	3	199	108.455	571.2	0.000825342	0	0.000825342	1.09658	0
metal1	4	199	109.295	571.2	0.0011111	0	0.0011111	1.09655	0
metal1	5	199	152.07	571.2	0.00154894	0	0.00154894	1.09536	0
metal1	6	199	208.07	571.2	0.00165004	0	0.00165004	1.09399	0
metal1	7	199	264.07	571.2	0.00165004	0	0.00165004	1.09282	0
metal1	8	199	320.07	571.2	0.00178682	0	0.00178682	1.09185	0
metal1	9	199	376.07	571.2	0.00246701	0	0.00246701	1.09107	0
metal1	10	199	432.07	571.2	0.00246701	0	0.00246701	1.09059	0
metal1	11	199	488.07	571.2	0.00228896	0	0.00228896	1.09039	0
metal1	12	199	544.07	571.2	0.0012876	0	0.0012876	1.09045	0
metal1	13	199	600.07	571.2	0.00207447	0	0.00207447	1.09061	0
metal1	14	199	656.07	571.2	0.00207447	0	0.00207447	1.09101	0
metal1	15	199	712.07	571.2	0.00207447	0	0.00207447	1.09164	0
metal1	16	199	768.07	571.2	0.00207447	0	0.00207447	1.0925	0
metal1	17	199	824.07	571.2	0.00193469	0	0.00193469	1.09359	0
metal1	18	199	880.07	571.2	0.000117107	0	0.000117107	1.09493	0
metal1	19	199	936.07	571.2	0.000117107	0	0.000117107	1.09625	0
metal1	20	199	992.07	571.2	0.000117107	0	0.000117107	1.09761	0
metal1	21	199	1048.07	571.2	0.000177029	0	0.000177029	1.09899	0
metal1	22	199	1086.21	571.2	7.8095e-05	0	7.8095e-05	1.09997	0
metal1	0	200	14.095	574	0.00024268	0	0.00024268	1.0999	0
metal1	1	200	40.07	574	0.00135745	0	0.00135745	1.0989	0
metal1	2	200	96.07	574	0.00130994	0	0.00130994	1.0969	0
metal1	3	200	108.455	574	0.000825342	0	0.000825342	1.09653	0
metal1	4	200	109.295	574	0.0011111	0	0.0011111	1.0965	0
metal1	5	200	152.07	574	0.00154894	0	0.00154894	1.09529	0
metal1	6	200	208.07	574	0.00165004	0	0.00165004	1.09392	0
metal1	7	200	264.07	574	0.00165004	0	0.00165004	1.09275	0
metal1	8	200	320.07	574	0.00178682	0	0.00178682	1.09176	0
metal1	9	200	376.07	574	0.00246701	0	0.00246701	1.09096	0
metal1	10	200	432.07	574	0.00246701	0	0.00246701	1.09048	0
metal1	11	200	488.07	574	0.00214871	0	0.00214871	1.09029	0
metal1	12	200	544.07	574	0.00101469	0	0.00101469	1.09038	0
metal1	13	200	600.07	574	0.00207447	0	0.00207447	1.09051	0
metal1	14	200	656.07	574	0.00207447	0	0.00207447	1.09091	0
metal1	15	200	712.07	574	0.00207447	0	0.00207447	1.09154	0
metal1	16	200	768.07	574	0.00207447	0	0.00207447	1.0924	0
metal1	17	200	824.07	574	0.00192531	0	0.00192531	1.0935	0
metal1	18	200	880.07	574	6.62545e-05	0	6.62545e-05	1.0949	0
metal1	19	200	936.07	574	6.62545e-05	0	6.62545e-05	1.09623	0
metal1	20	200	992.07	574	6.62545e-05	0	6.62545e-05	1.09759	0
metal1	21	200	1048.07	574	0.000165298	0	0.000165298	1.09896	0
metal1	22	200	1086.21	574	7.8095e-05	0	7.8095e-05	1.09993	0
metal1	0	201	14.095	576.8	0.00024268	0	0.00024268	1.09985	0
metal1	1	201	40.07	576.8	0.00135745	0	0.00135745	1.09886	0
metal1	2	201	96.07	576.8	0.00130994	0	0.00130994	1.09686	0
metal1	3	201	108.455	576.8	0.000825342	0	0.000825342	1.09649	0
metal1	4	201	109.295	576.8	0.0011111	0	0.0011111	1.09646	0
metal1	5	201	152.07	576.8	0.00154894	0	0.00154894	1.09524	0
metal1	6	201	208.07	576.8	0.00165004	0	0.00165004	1.09386	0
metal1	7	201	264.07	576.8	0.00165004	0	0.00165004	1.09268	0
metal1	8	201	320.07	576.8	0.00178682	0	0.00178682	1.09169	0
metal1	9	201	376.07	576.8	0.00246701	0	0.00246701	1.09088	0
metal1	10	201	432.07	576.8	0.00246701	0	0.00246701	1.09039	0
metal1	11	201	488.07	576.8	0.00214871	0	0.00214871	1.0902	0
metal1	12	201	544.07	576.8	0.00101469	0	0.00101469	1.09032	0
metal1	13	201	600.07	576.8	0.00207447	0	0.00207447	1.09042	0
metal1	14	201	656.07	576.8	0.00207447	0	0.00207447	1.09082	0
metal1	15	201	712.07	576.8	0.00207447	0	0.00207447	1.09145	0
metal1	16	201	768.07	576.8	0.00207447	0	0.00207447	1.09232	0
metal1	17	201	824.07	576.8	0.00192531	0	0.00192531	1.09342	0
metal1	18	201	880.07	576.8	6.62545e-05	0	6.62545e-05	1.09487	0
metal1	19	201	936.07	576.8	6.62545e-05	0	6.62545e-05	1.09621	0
metal1	20	201	992.07	576.8	6.62545e-05	0	6.62545e-05	1.09757	0
metal1	21	201	1048.07	576.8	0.000165298	0	0.000165298	1.09894	0
metal1	22	201	1086.21	576.8	7.8095e-05	0	7.8095e-05	1.0999	0
metal1	0	202	14.095	579.6	0.00024268	0	0.00024268	1.09981	0
metal1	1	202	40.07	579.6	0.00135745	0	0.00135745	1.09883	0
metal1	2	202	96.07	579.6	0.00130994	0	0.00130994	1.09682	0
metal1	3	202	108.455	579.6	0.000825342	0	0.000825342	1.09646	0
metal1	4	202	109.295	579.6	0.0011111	0	0.0011111	1.09643	0
metal1	5	202	152.07	579.6	0.00154894	0	0.00154894	1.0952	0
metal1	6	202	208.07	579.6	0.00165004	0	0.00165004	1.09381	0
metal1	7	202	264.07	579.6	0.00165004	0	0.00165004	1.09264	0
metal1	8	202	320.07	579.6	0.00178682	0	0.00178682	1.09164	0
metal1	9	202	376.07	579.6	0.00246701	0	0.00246701	1.09081	0
metal1	10	202	432.07	579.6	0.00246701	0	0.00246701	1.09032	0
metal1	11	202	488.07	579.6	0.00214871	0	0.00214871	1.09014	0
metal1	12	202	544.07	579.6	0.00101469	0	0.00101469	1.09028	0
metal1	13	202	600.07	579.6	0.00207447	0	0.00207447	1.09036	0
metal1	14	202	656.07	579.6	0.00207447	0	0.00207447	1.09076	0
metal1	15	202	712.07	579.6	0.00207447	0	0.00207447	1.09139	0
metal1	16	202	768.07	579.6	0.00207447	0	0.00207447	1.09225	0
metal1	17	202	824.07	579.6	0.00192531	0	0.00192531	1.09337	0
metal1	18	202	880.07	579.6	6.62545e-05	0	6.62545e-05	1.09485	0
metal1	19	202	936.07	579.6	6.62545e-05	0	6.62545e-05	1.09619	0
metal1	20	202	992.07	579.6	6.62545e-05	0	6.62545e-05	1.09756	0
metal1	21	202	1048.07	579.6	0.000165298	0	0.000165298	1.09893	0
metal1	22	202	1086.21	579.6	7.8095e-05	0	7.8095e-05	1.09988	0
metal1	0	203	14.095	582.4	0.00024268	0	0.00024268	1.0998	0
metal1	1	203	40.07	582.4	0.00135745	0	0.00135745	1.09881	0
metal1	2	203	96.07	582.4	0.00130994	0	0.00130994	1.0968	0
metal1	3	203	108.455	582.4	0.000825342	0	0.000825342	1.09644	0
metal1	4	203	109.295	582.4	0.0011111	0	0.0011111	1.09642	0
metal1	5	203	152.07	582.4	0.00154894	0	0.00154894	1.09517	0
metal1	6	203	208.07	582.4	0.00165004	0	0.00165004	1.09378	0
metal1	7	203	264.07	582.4	0.00165004	0	0.00165004	1.0926	0
metal1	8	203	320.07	582.4	0.00178682	0	0.00178682	1.0916	0
metal1	9	203	376.07	582.4	0.00246701	0	0.00246701	1.09076	0
metal1	10	203	432.07	582.4	0.00246701	0	0.00246701	1.09027	0
metal1	11	203	488.07	582.4	0.00214871	0	0.00214871	1.0901	0
metal1	12	203	544.07	582.4	0.00101469	0	0.00101469	1.09024	0
metal1	13	203	600.07	582.4	0.00207447	0	0.00207447	1.09031	0
metal1	14	203	656.07	582.4	0.00207447	0	0.00207447	1.09071	0
metal1	15	203	712.07	582.4	0.00207447	0	0.00207447	1.09134	0
metal1	16	203	768.07	582.4	0.00207447	0	0.00207447	1.09221	0
metal1	17	203	824.07	582.4	0.00192531	0	0.00192531	1.09333	0
metal1	18	203	880.07	582.4	6.62545e-05	0	6.62545e-05	1.09483	0
metal1	19	203	936.07	582.4	6.62545e-05	0	6.62545e-05	1.09618	0
metal1	20	203	992.07	582.4	6.62545e-05	0	6.62545e-05	1.09755	0
metal1	21	203	1048.07	582.4	0.000165298	0	0.000165298	1.09892	0
metal1	22	203	1086.21	582.4	7.8095e-05	0	7.8095e-05	1.09987	0
metal1	0	204	14.095	585.2	0.00024268	0	0.00024268	1.09979	0
metal1	1	204	40.07	585.2	0.00135745	0	0.00135745	1.0988	0
metal1	2	204	96.07	585.2	0.00130994	0	0.00130994	1.09679	0
metal1	3	204	108.455	585.2	0.000825342	0	0.000825342	1.09644	0
metal1	4	204	109.295	585.2	0.0011111	0	0.0011111	1.09641	0
metal1	5	204	152.07	585.2	0.00154894	0	0.00154894	1.09516	0
metal1	6	204	208.07	585.2	0.00165004	0	0.00165004	1.09377	0
metal1	7	204	264.07	585.2	0.00165004	0	0.00165004	1.09259	0
metal1	8	204	320.07	585.2	0.00178682	0	0.00178682	1.09159	0
metal1	9	204	376.07	585.2	0.00246701	0	0.00246701	1.09074	0
metal1	10	204	432.07	585.2	0.00246701	0	0.00246701	1.09025	0
metal1	11	204	488.07	585.2	0.00214871	0	0.00214871	1.09007	0
metal1	12	204	544.07	585.2	0.00101469	0	0.00101469	1.09022	0
metal1	13	204	600.07	585.2	0.00207447	0	0.00207447	1.09028	0
metal1	14	204	656.07	585.2	0.00207447	0	0.00207447	1.09068	0
metal1	15	204	712.07	585.2	0.00207447	0	0.00207447	1.09131	0
metal1	16	204	768.07	585.2	0.00207447	0	0.00207447	1.09218	0
metal1	17	204	824.07	585.2	0.00192531	0	0.00192531	1.0933	0
metal1	18	204	880.07	585.2	6.62545e-05	0	6.62545e-05	1.09481	0
metal1	19	204	936.07	585.2	6.62545e-05	0	6.62545e-05	1.09616	0
metal1	20	204	992.07	585.2	6.62545e-05	0	6.62545e-05	1.09754	0
metal1	21	204	1048.07	585.2	0.000165298	0	0.000165298	1.09891	0
metal1	22	204	1086.21	585.2	7.8095e-05	0	7.8095e-05	1.09986	0
metal1	0	205	14.095	588	0.00024268	0	0.00024268	1.0998	0
metal1	1	205	40.07	588	0.00135745	0	0.00135745	1.09881	0
metal1	2	205	96.07	588	0.00130994	0	0.00130994	1.0968	0
metal1	3	205	108.455	588	0.000825342	0	0.000825342	1.09644	0
metal1	4	205	109.295	588	0.0011111	0	0.0011111	1.09641	0
metal1	5	205	152.07	588	0.00154894	0	0.00154894	1.09516	0
metal1	6	205	208.07	588	0.00165004	0	0.00165004	1.09377	0
metal1	7	205	264.07	588	0.00165004	0	0.00165004	1.09259	0
metal1	8	205	320.07	588	0.00178682	0	0.00178682	1.09158	0
metal1	9	205	376.07	588	0.00246701	0	0.00246701	1.09074	0
metal1	10	205	432.07	588	0.00246701	0	0.00246701	1.09024	0
metal1	11	205	488.07	588	0.00214871	0	0.00214871	1.09006	0
metal1	12	205	544.07	588	0.00101469	0	0.00101469	1.0902	0
metal1	13	205	600.07	588	0.00207447	0	0.00207447	1.09027	0
metal1	14	205	656.07	588	0.00207447	0	0.00207447	1.09067	0
metal1	15	205	712.07	588	0.00207447	0	0.00207447	1.0913	0
metal1	16	205	768.07	588	0.00207447	0	0.00207447	1.09217	0
metal1	17	205	824.07	588	0.00192531	0	0.00192531	1.09329	0
metal1	18	205	880.07	588	6.62545e-05	0	6.62545e-05	1.0948	0
metal1	19	205	936.07	588	6.62545e-05	0	6.62545e-05	1.09615	0
metal1	20	205	992.07	588	6.62545e-05	0	6.62545e-05	1.09753	0
metal1	21	205	1048.07	588	0.000165298	0	0.000165298	1.09891	0
metal1	22	205	1086.21	588	7.8095e-05	0	7.8095e-05	1.09987	0
metal1	0	206	14.095	590.8	0.00024268	0	0.00024268	1.09983	0
metal1	1	206	40.07	590.8	0.00135745	0	0.00135745	1.09883	0
metal1	2	206	96.07	590.8	0.00130994	0	0.00130994	1.09682	0
metal1	3	206	108.455	590.8	0.000825342	0	0.000825342	1.09645	0
metal1	4	206	109.295	590.8	0.0011111	0	0.0011111	1.09642	0
metal1	5	206	152.07	590.8	0.00154894	0	0.00154894	1.09518	0
metal1	6	206	208.07	590.8	0.00165004	0	0.00165004	1.09379	0
metal1	7	206	264.07	590.8	0.00165004	0	0.00165004	1.0926	0
metal1	8	206	320.07	590.8	0.00178682	0	0.00178682	1.0916	0
metal1	9	206	376.07	590.8	0.00246701	0	0.00246701	1.09076	0
metal1	10	206	432.07	590.8	0.00246701	0	0.00246701	1.09026	0
metal1	11	206	488.07	590.8	0.00214871	0	0.00214871	1.09008	0
metal1	12	206	544.07	590.8	0.00101469	0	0.00101469	1.0902	0
metal1	13	206	600.07	590.8	0.00207447	0	0.00207447	1.09028	0
metal1	14	206	656.07	590.8	0.00207447	0	0.00207447	1.09068	0
metal1	15	206	712.07	590.8	0.00207447	0	0.00207447	1.09131	0
metal1	16	206	768.07	590.8	0.00207447	0	0.00207447	1.09218	0
metal1	17	206	824.07	590.8	0.00192531	0	0.00192531	1.0933	0
metal1	18	206	880.07	590.8	6.62545e-05	0	6.62545e-05	1.09479	0
metal1	19	206	936.07	590.8	6.62545e-05	0	6.62545e-05	1.09615	0
metal1	20	206	992.07	590.8	6.62545e-05	0	6.62545e-05	1.09753	0
metal1	21	206	1048.07	590.8	0.000165298	0	0.000165298	1.09892	0
metal1	22	206	1086.21	590.8	7.8095e-05	0	7.8095e-05	1.09989	0
metal1	0	207	14.095	593.6	0.00024268	0	0.00024268	1.09987	0
metal1	1	207	40.07	593.6	0.00135745	0	0.00135745	1.09887	0
metal1	2	207	96.07	593.6	0.00130994	0	0.00130994	1.09685	0
metal1	3	207	108.455	593.6	0.000825342	0	0.000825342	1.09648	0
metal1	4	207	109.295	593.6	0.0011111	0	0.0011111	1.09645	0
metal1	5	207	152.07	593.6	0.00154894	0	0.00154894	1.09521	0
metal1	6	207	208.07	593.6	0.00165004	0	0.00165004	1.09382	0
metal1	7	207	264.07	593.6	0.00165004	0	0.00165004	1.09263	0
metal1	8	207	320.07	593.6	0.00178682	0	0.00178682	1.09163	0
metal1	9	207	376.07	593.6	0.00246701	0	0.00246701	1.0908	0
metal1	10	207	432.07	593.6	0.00246701	0	0.00246701	1.0903	0
metal1	11	207	488.07	593.6	0.00214871	0	0.00214871	1.09011	0
metal1	12	207	544.07	593.6	0.00101469	0	0.00101469	1.09021	0
metal1	13	207	600.07	593.6	0.00207447	0	0.00207447	1.09031	0
metal1	14	207	656.07	593.6	0.00207447	0	0.00207447	1.0907	0
metal1	15	207	712.07	593.6	0.00207447	0	0.00207447	1.09134	0
metal1	16	207	768.07	593.6	0.00207447	0	0.00207447	1.09221	0
metal1	17	207	824.07	593.6	0.00192531	0	0.00192531	1.09333	0
metal1	18	207	880.07	593.6	6.62545e-05	0	6.62545e-05	1.09478	0
metal1	19	207	936.07	593.6	6.62545e-05	0	6.62545e-05	1.09614	0
metal1	20	207	992.07	593.6	6.62545e-05	0	6.62545e-05	1.09753	0
metal1	21	207	1048.07	593.6	0.000165298	0	0.000165298	1.09893	0
metal1	22	207	1086.21	593.6	7.8095e-05	0	7.8095e-05	1.09991	0
metal1	0	208	14.095	596.4	0.00024268	0	0.00024268	1.09992	0
metal1	1	208	40.07	596.4	0.00135745	0	0.00135745	1.09891	0
metal1	2	208	96.07	596.4	0.00130994	0	0.00130994	1.0969	0
metal1	3	208	108.455	596.4	0.000825342	0	0.000825342	1.09651	0
metal1	4	208	109.295	596.4	0.0011111	0	0.0011111	1.09648	0
metal1	5	208	152.07	596.4	0.00154894	0	0.00154894	1.09526	0
metal1	6	208	208.07	596.4	0.00165004	0	0.00165004	1.09387	0
metal1	7	208	264.07	596.4	0.00165004	0	0.00165004	1.09267	0
metal1	8	208	320.07	596.4	0.00178682	0	0.00178682	1.09167	0
metal1	9	208	376.07	596.4	0.00246701	0	0.00246701	1.09086	0
metal1	10	208	432.07	596.4	0.00246701	0	0.00246701	1.09036	0
metal1	11	208	488.07	596.4	0.00214871	0	0.00214871	1.09016	0
metal1	12	208	544.07	596.4	0.00101469	0	0.00101469	1.09023	0
metal1	13	208	600.07	596.4	0.00207447	0	0.00207447	1.09035	0
metal1	14	208	656.07	596.4	0.00207447	0	0.00207447	1.09075	0
metal1	15	208	712.07	596.4	0.00207447	0	0.00207447	1.09139	0
metal1	16	208	768.07	596.4	0.00207447	0	0.00207447	1.09226	0
metal1	17	208	824.07	596.4	0.00192531	0	0.00192531	1.09337	0
metal1	18	208	880.07	596.4	6.62545e-05	0	6.62545e-05	1.09477	0
metal1	19	208	936.07	596.4	6.62545e-05	0	6.62545e-05	1.09614	0
metal1	20	208	992.07	596.4	6.62545e-05	0	6.62545e-05	1.09753	0
metal1	21	208	1048.07	596.4	0.000165298	0	0.000165298	1.09895	0
metal1	22	208	1086.21	596.4	7.8095e-05	0	7.8095e-05	1.09995	0
metal1	0	209	14.095	599.2	0.00024268	0	0.00024268	1.09999	0
metal1	1	209	40.07	599.2	0.00135745	0	0.00135745	1.09898	0
metal1	2	209	96.07	599.2	0.00130994	0	0.00130994	1.09696	0
metal1	3	209	108.455	599.2	0.000825342	0	0.000825342	1.09655	0
metal1	4	209	109.295	599.2	0.0011111	0	0.0011111	1.09653	0
metal1	5	209	152.07	599.2	0.00154894	0	0.00154894	1.09532	0
metal1	6	209	208.07	599.2	0.00165004	0	0.00165004	1.09393	0
metal1	7	209	264.07	599.2	0.00165004	0	0.00165004	1.09273	0
metal1	8	209	320.07	599.2	0.00178682	0	0.00178682	1.09174	0
metal1	9	209	376.07	599.2	0.00246701	0	0.00246701	1.09095	0
metal1	10	209	432.07	599.2	0.00246701	0	0.00246701	1.09045	0
metal1	11	209	488.07	599.2	0.00214871	0	0.00214871	1.09023	0
metal1	12	209	544.07	599.2	0.00101469	0	0.00101469	1.09026	0
metal1	13	209	600.07	599.2	0.00207447	0	0.00207447	1.09042	0
metal1	14	209	656.07	599.2	0.00207447	0	0.00207447	1.09082	0
metal1	15	209	712.07	599.2	0.00207447	0	0.00207447	1.09145	0
metal1	16	209	768.07	599.2	0.00207447	0	0.00207447	1.09232	0
metal1	17	209	824.07	599.2	0.00192958	0	0.00192958	1.09343	0
metal1	18	209	880.07	599.2	9.27791e-05	0	9.27791e-05	1.09477	0
metal1	19	209	936.07	599.2	9.27791e-05	0	9.27791e-05	1.09614	0
metal1	20	209	992.07	599.2	9.27791e-05	0	9.27791e-05	1.09754	0
metal1	21	209	1048.07	599.2	0.000170714	0	0.000170714	1.09897	0
metal1	22	209	1086.21	599.2	7.8095e-05	0	7.8095e-05	1.09999	0
metal1	0	210	14.095	602	0.00024268	0	0.00024268	1.09994	0
metal1	1	210	40.07	602	0.00135745	0	0.00135745	1.09893	0
metal1	2	210	96.07	602	0.00130994	0	0.00130994	1.09691	0
metal1	3	210	108.455	602	0.000825342	0	0.000825342	1.09652	0
metal1	4	210	109.295	602	0.0011111	0	0.0011111	1.09649	0
metal1	5	210	152.07	602	0.00154894	0	0.00154894	1.09527	0
metal1	6	210	208.07	602	0.00165004	0	0.00165004	1.09387	0
metal1	7	210	264.07	602	0.00165004	0	0.00165004	1.09267	0
metal1	8	210	320.07	602	0.00178682	0	0.00178682	1.09167	0
metal1	9	210	376.07	602	0.00246701	0	0.00246701	1.09086	0
metal1	10	210	432.07	602	0.00246701	0	0.00246701	1.09036	0
metal1	11	210	488.07	602	0.00214871	0	0.00214871	1.09015	0
metal1	12	210	544.07	602	0.00101469	0	0.00101469	1.09021	0
metal1	13	210	600.07	602	0.00207447	0	0.00207447	1.09034	0
metal1	14	210	656.07	602	0.00207447	0	0.00207447	1.09073	0
metal1	15	210	712.07	602	0.00207447	0	0.00207447	1.09137	0
metal1	16	210	768.07	602	0.00207447	0	0.00207447	1.09224	0
metal1	17	210	824.07	602	0.0019399	0	0.0019399	1.09336	0
metal1	18	210	880.07	602	0.000156311	0	0.000156311	1.09475	0
metal1	19	210	936.07	602	0.000156311	0	0.000156311	1.09612	0
metal1	20	210	992.07	602	0.000156311	0	0.000156311	1.09752	0
metal1	21	210	1048.07	602	0.000183895	0	0.000183895	1.09895	0
metal1	22	210	1086.21	602	7.8095e-05	0	7.8095e-05	1.09996	0
metal1	0	211	14.095	604.8	0.00024268	0	0.00024268	1.09988	0
metal1	1	211	40.07	604.8	0.00135745	0	0.00135745	1.09888	0
metal1	2	211	96.07	604.8	0.00130994	0	0.00130994	1.09685	0
metal1	3	211	108.455	604.8	0.000825342	0	0.000825342	1.09647	0
metal1	4	211	109.295	604.8	0.0011111	0	0.0011111	1.09644	0
metal1	5	211	152.07	604.8	0.00154894	0	0.00154894	1.0952	0
metal1	6	211	208.07	604.8	0.00165004	0	0.00165004	1.0938	0
metal1	7	211	264.07	604.8	0.00165004	0	0.00165004	1.0926	0
metal1	8	211	320.07	604.8	0.00178682	0	0.00178682	1.09159	0
metal1	9	211	376.07	604.8	0.00246701	0	0.00246701	1.09076	0
metal1	10	211	432.07	604.8	0.00246701	0	0.00246701	1.09025	0
metal1	11	211	488.07	604.8	0.00214871	0	0.00214871	1.09005	0
metal1	12	211	544.07	604.8	0.00101469	0	0.00101469	1.09015	0
metal1	13	211	600.07	604.8	0.00207447	0	0.00207447	1.09025	0
metal1	14	211	656.07	604.8	0.00207447	0	0.00207447	1.09064	0
metal1	15	211	712.07	604.8	0.00207447	0	0.00207447	1.09128	0
metal1	16	211	768.07	604.8	0.00207447	0	0.00207447	1.09215	0
metal1	17	211	824.07	604.8	0.0019399	0	0.0019399	1.09328	0
metal1	18	211	880.07	604.8	0.000156311	0	0.000156311	1.09472	0
metal1	19	211	936.07	604.8	0.000156311	0	0.000156311	1.0961	0
metal1	20	211	992.07	604.8	0.000156311	0	0.000156311	1.0975	0
metal1	21	211	1048.07	604.8	0.000183895	0	0.000183895	1.09892	0
metal1	22	211	1086.21	604.8	7.8095e-05	0	7.8095e-05	1.09992	0
metal1	0	212	14.095	607.6	0.00024268	0	0.00024268	1.09984	0
metal1	1	212	40.07	607.6	0.00135745	0	0.00135745	1.09884	0
metal1	2	212	96.07	607.6	0.00130994	0	0.00130994	1.0968	0
metal1	3	212	108.455	607.6	0.000825342	0	0.000825342	1.09643	0
metal1	4	212	109.295	607.6	0.0011111	0	0.0011111	1.09641	0
metal1	5	212	152.07	607.6	0.00154894	0	0.00154894	1.09515	0
metal1	6	212	208.07	607.6	0.00165004	0	0.00165004	1.09374	0
metal1	7	212	264.07	607.6	0.00165004	0	0.00165004	1.09254	0
metal1	8	212	320.07	607.6	0.00178682	0	0.00178682	1.09152	0
metal1	9	212	376.07	607.6	0.00246701	0	0.00246701	1.09068	0
metal1	10	212	432.07	607.6	0.00246701	0	0.00246701	1.09017	0
metal1	11	212	488.07	607.6	0.00214871	0	0.00214871	1.08998	0
metal1	12	212	544.07	607.6	0.00101469	0	0.00101469	1.09009	0
metal1	13	212	600.07	607.6	0.00207447	0	0.00207447	1.09017	0
metal1	14	212	656.07	607.6	0.00207447	0	0.00207447	1.09057	0
metal1	15	212	712.07	607.6	0.00207447	0	0.00207447	1.0912	0
metal1	16	212	768.07	607.6	0.00207447	0	0.00207447	1.09208	0
metal1	17	212	824.07	607.6	0.0019399	0	0.0019399	1.09321	0
metal1	18	212	880.07	607.6	0.000156311	0	0.000156311	1.09469	0
metal1	19	212	936.07	607.6	0.000156311	0	0.000156311	1.09608	0
metal1	20	212	992.07	607.6	0.000156311	0	0.000156311	1.09748	0
metal1	21	212	1048.07	607.6	0.000183895	0	0.000183895	1.09891	0
metal1	22	212	1086.21	607.6	7.8095e-05	0	7.8095e-05	1.09989	0
metal1	0	213	14.095	610.4	0.00024268	0	0.00024268	1.09981	0
metal1	1	213	40.07	610.4	0.00135745	0	0.00135745	1.09881	0
metal1	2	213	96.07	610.4	0.00130994	0	0.00130994	1.09677	0
metal1	3	213	108.455	610.4	0.000825342	0	0.000825342	1.09641	0
metal1	4	213	109.295	610.4	0.0011111	0	0.0011111	1.09638	0
metal1	5	213	152.07	610.4	0.00154894	0	0.00154894	1.09512	0
metal1	6	213	208.07	610.4	0.00165004	0	0.00165004	1.0937	0
metal1	7	213	264.07	610.4	0.00165004	0	0.00165004	1.0925	0
metal1	8	213	320.07	610.4	0.00178682	0	0.00178682	1.09148	0
metal1	9	213	376.07	610.4	0.00246701	0	0.00246701	1.09062	0
metal1	10	213	432.07	610.4	0.00246701	0	0.00246701	1.09011	0
metal1	11	213	488.07	610.4	0.00214871	0	0.00214871	1.08993	0
metal1	12	213	544.07	610.4	0.00101469	0	0.00101469	1.09005	0
metal1	13	213	600.07	610.4	0.00207447	0	0.00207447	1.09012	0
metal1	14	213	656.07	610.4	0.00207447	0	0.00207447	1.09051	0
metal1	15	213	712.07	610.4	0.00207447	0	0.00207447	1.09115	0
metal1	16	213	768.07	610.4	0.00207447	0	0.00207447	1.09203	0
metal1	17	213	824.07	610.4	0.0019399	0	0.0019399	1.09316	0
metal1	18	213	880.07	610.4	0.000156311	0	0.000156311	1.09467	0
metal1	19	213	936.07	610.4	0.000156311	0	0.000156311	1.09606	0
metal1	20	213	992.07	610.4	0.000156311	0	0.000156311	1.09747	0
metal1	21	213	1048.07	610.4	0.000183895	0	0.000183895	1.09889	0
metal1	22	213	1086.21	610.4	7.8095e-05	0	7.8095e-05	1.09987	0
metal1	0	214	14.095	613.2	0.00024268	0	0.00024268	1.09979	0
metal1	1	214	40.07	613.2	0.00135745	0	0.00135745	1.09879	0
metal1	2	214	96.07	613.2	0.00130994	0	0.00130994	1.09676	0
metal1	3	214	108.455	613.2	0.000825342	0	0.000825342	1.09639	0
metal1	4	214	109.295	613.2	0.0011111	0	0.0011111	1.09637	0
metal1	5	214	152.07	613.2	0.00154894	0	0.00154894	1.0951	0
metal1	6	214	208.07	613.2	0.00165004	0	0.00165004	1.09368	0
metal1	7	214	264.07	613.2	0.00165004	0	0.00165004	1.09247	0
metal1	8	214	320.07	613.2	0.00178682	0	0.00178682	1.09145	0
metal1	9	214	376.07	613.2	0.00246701	0	0.00246701	1.09059	0
metal1	10	214	432.07	613.2	0.00246701	0	0.00246701	1.09008	0
metal1	11	214	488.07	613.2	0.00214871	0	0.00214871	1.08989	0
metal1	12	214	544.07	613.2	0.00101469	0	0.00101469	1.09003	0
metal1	13	214	600.07	613.2	0.00207447	0	0.00207447	1.09008	0
metal1	14	214	656.07	613.2	0.00207447	0	0.00207447	1.09047	0
metal1	15	214	712.07	613.2	0.00207447	0	0.00207447	1.09111	0
metal1	16	214	768.07	613.2	0.00207447	0	0.00207447	1.09199	0
metal1	17	214	824.07	613.2	0.0019399	0	0.0019399	1.09313	0
metal1	18	214	880.07	613.2	0.000156311	0	0.000156311	1.09466	0
metal1	19	214	936.07	613.2	0.000156311	0	0.000156311	1.09605	0
metal1	20	214	992.07	613.2	0.000156311	0	0.000156311	1.09746	0
metal1	21	214	1048.07	613.2	0.000183895	0	0.000183895	1.09888	0
metal1	22	214	1086.21	613.2	7.8095e-05	0	7.8095e-05	1.09986	0
metal1	0	215	14.095	616	0.00024268	0	0.00024268	1.09979	0
metal1	1	215	40.07	616	0.00135745	0	0.00135745	1.09879	0
metal1	2	215	96.07	616	0.00130994	0	0.00130994	1.09675	0
metal1	3	215	108.455	616	0.000825342	0	0.000825342	1.09639	0
metal1	4	215	109.295	616	0.0011111	0	0.0011111	1.09636	0
metal1	5	215	152.07	616	0.00154894	0	0.00154894	1.09509	0
metal1	6	215	208.07	616	0.00165004	0	0.00165004	1.09367	0
metal1	7	215	264.07	616	0.00165004	0	0.00165004	1.09246	0
metal1	8	215	320.07	616	0.00178682	0	0.00178682	1.09144	0
metal1	9	215	376.07	616	0.00246701	0	0.00246701	1.09057	0
metal1	10	215	432.07	616	0.00246701	0	0.00246701	1.09006	0
metal1	11	215	488.07	616	0.00214871	0	0.00214871	1.08987	0
metal1	12	215	544.07	616	0.00101469	0	0.00101469	1.09001	0
metal1	13	215	600.07	616	0.00207447	0	0.00207447	1.09006	0
metal1	14	215	656.07	616	0.00207447	0	0.00207447	1.09045	0
metal1	15	215	712.07	616	0.00207447	0	0.00207447	1.09109	0
metal1	16	215	768.07	616	0.00207447	0	0.00207447	1.09197	0
metal1	17	215	824.07	616	0.0019399	0	0.0019399	1.09312	0
metal1	18	215	880.07	616	0.000156311	0	0.000156311	1.09464	0
metal1	19	215	936.07	616	0.000156311	0	0.000156311	1.09604	0
metal1	20	215	992.07	616	0.000156311	0	0.000156311	1.09745	0
metal1	21	215	1048.07	616	0.000183895	0	0.000183895	1.09888	0
metal1	22	215	1086.21	616	7.8095e-05	0	7.8095e-05	1.09986	0
metal1	0	216	14.095	618.8	0.00024268	0	0.00024268	1.09981	0
metal1	1	216	40.07	618.8	0.00135745	0	0.00135745	1.0988	0
metal1	2	216	96.07	618.8	0.00130994	0	0.00130994	1.09676	0
metal1	3	216	108.455	618.8	0.000825342	0	0.000825342	1.0964	0
metal1	4	216	109.295	618.8	0.0011111	0	0.0011111	1.09637	0
metal1	5	216	152.07	618.8	0.00154894	0	0.00154894	1.0951	0
metal1	6	216	208.07	618.8	0.00165004	0	0.00165004	1.09368	0
metal1	7	216	264.07	618.8	0.00165004	0	0.00165004	1.09247	0
metal1	8	216	320.07	618.8	0.00178682	0	0.00178682	1.09144	0
metal1	9	216	376.07	618.8	0.00246701	0	0.00246701	1.09058	0
metal1	10	216	432.07	618.8	0.00246701	0	0.00246701	1.09007	0
metal1	11	216	488.07	618.8	0.00214871	0	0.00214871	1.08987	0
metal1	12	216	544.07	618.8	0.00101469	0	0.00101469	1.09	0
metal1	13	216	600.07	618.8	0.00207447	0	0.00207447	1.09006	0
metal1	14	216	656.07	618.8	0.00207447	0	0.00207447	1.09046	0
metal1	15	216	712.07	618.8	0.00207447	0	0.00207447	1.09109	0
metal1	16	216	768.07	618.8	0.00207447	0	0.00207447	1.09198	0
metal1	17	216	824.07	618.8	0.0019399	0	0.0019399	1.09312	0
metal1	18	216	880.07	618.8	0.000156311	0	0.000156311	1.09464	0
metal1	19	216	936.07	618.8	0.000156311	0	0.000156311	1.09603	0
metal1	20	216	992.07	618.8	0.000156311	0	0.000156311	1.09745	0
metal1	21	216	1048.07	618.8	0.000183895	0	0.000183895	1.09888	0
metal1	22	216	1086.21	618.8	7.8095e-05	0	7.8095e-05	1.09987	0
metal1	0	217	14.095	621.6	0.00024268	0	0.00024268	1.09984	0
metal1	1	217	40.07	621.6	0.00135745	0	0.00135745	1.09883	0
metal1	2	217	96.07	621.6	0.00130994	0	0.00130994	1.09678	0
metal1	3	217	108.455	621.6	0.000825342	0	0.000825342	1.09641	0
metal1	4	217	109.295	621.6	0.0011111	0	0.0011111	1.09638	0
metal1	5	217	152.07	621.6	0.00154894	0	0.00154894	1.09512	0
metal1	6	217	208.07	621.6	0.00165004	0	0.00165004	1.0937	0
metal1	7	217	264.07	621.6	0.00165004	0	0.00165004	1.09249	0
metal1	8	217	320.07	621.6	0.00178682	0	0.00178682	1.09146	0
metal1	9	217	376.07	621.6	0.00246701	0	0.00246701	1.09061	0
metal1	10	217	432.07	621.6	0.00246701	0	0.00246701	1.09009	0
metal1	11	217	488.07	621.6	0.00214871	0	0.00214871	1.08989	0
metal1	12	217	544.07	621.6	0.00101469	0	0.00101469	1.09001	0
metal1	13	217	600.07	621.6	0.00207447	0	0.00207447	1.09008	0
metal1	14	217	656.07	621.6	0.00207447	0	0.00207447	1.09047	0
metal1	15	217	712.07	621.6	0.00207447	0	0.00207447	1.09111	0
metal1	16	217	768.07	621.6	0.00207447	0	0.00207447	1.092	0
metal1	17	217	824.07	621.6	0.0019399	0	0.0019399	1.09314	0
metal1	18	217	880.07	621.6	0.000156311	0	0.000156311	1.09463	0
metal1	19	217	936.07	621.6	0.000156311	0	0.000156311	1.09603	0
metal1	20	217	992.07	621.6	0.000156311	0	0.000156311	1.09745	0
metal1	21	217	1048.07	621.6	0.000183895	0	0.000183895	1.09889	0
metal1	22	217	1086.21	621.6	7.8095e-05	0	7.8095e-05	1.09989	0
metal1	0	218	14.095	624.4	0.00024268	0	0.00024268	1.09988	0
metal1	1	218	40.07	624.4	0.00135745	0	0.00135745	1.09887	0
metal1	2	218	96.07	624.4	0.00130994	0	0.00130994	1.09682	0
metal1	3	218	108.455	624.4	0.000825342	0	0.000825342	1.09644	0
metal1	4	218	109.295	624.4	0.0011111	0	0.0011111	1.09641	0
metal1	5	218	152.07	624.4	0.00154894	0	0.00154894	1.09516	0
metal1	6	218	208.07	624.4	0.00165004	0	0.00165004	1.09374	0
metal1	7	218	264.07	624.4	0.00165004	0	0.00165004	1.09252	0
metal1	8	218	320.07	624.4	0.00178682	0	0.00178682	1.0915	0
metal1	9	218	376.07	624.4	0.00246701	0	0.00246701	1.09066	0
metal1	10	218	432.07	624.4	0.00246701	0	0.00246701	1.09014	0
metal1	11	218	488.07	624.4	0.00214871	0	0.00214871	1.08994	0
metal1	12	218	544.07	624.4	0.00101469	0	0.00101469	1.09002	0
metal1	13	218	600.07	624.4	0.00207447	0	0.00207447	1.09012	0
metal1	14	218	656.07	624.4	0.00207447	0	0.00207447	1.09051	0
metal1	15	218	712.07	624.4	0.00207447	0	0.00207447	1.09115	0
metal1	16	218	768.07	624.4	0.00207447	0	0.00207447	1.09204	0
metal1	17	218	824.07	624.4	0.0019399	0	0.0019399	1.09317	0
metal1	18	218	880.07	624.4	0.000156311	0	0.000156311	1.09463	0
metal1	19	218	936.07	624.4	0.000156311	0	0.000156311	1.09603	0
metal1	20	218	992.07	624.4	0.000156311	0	0.000156311	1.09746	0
metal1	21	218	1048.07	624.4	0.000183895	0	0.000183895	1.09891	0
metal1	22	218	1086.21	624.4	7.8095e-05	0	7.8095e-05	1.09992	0
metal1	0	219	14.095	627.2	0.00024268	0	0.00024268	1.09994	0
metal1	1	219	40.07	627.2	0.00135745	0	0.00135745	1.09892	0
metal1	2	219	96.07	627.2	0.00130994	0	0.00130994	1.09687	0
metal1	3	219	108.455	627.2	0.000825342	0	0.000825342	1.09647	0
metal1	4	219	109.295	627.2	0.0011111	0	0.0011111	1.09645	0
metal1	5	219	152.07	627.2	0.00154894	0	0.00154894	1.09521	0
metal1	6	219	208.07	627.2	0.00165004	0	0.00165004	1.09379	0
metal1	7	219	264.07	627.2	0.00165004	0	0.00165004	1.09257	0
metal1	8	219	320.07	627.2	0.00178682	0	0.00178682	1.09155	0
metal1	9	219	376.07	627.2	0.00246701	0	0.00246701	1.09073	0
metal1	10	219	432.07	627.2	0.00246701	0	0.00246701	1.09021	0
metal1	11	219	488.07	627.2	0.00214871	0	0.00214871	1.08999	0
metal1	12	219	544.07	627.2	0.00101469	0	0.00101469	1.09005	0
metal1	13	219	600.07	627.2	0.00207447	0	0.00207447	1.09017	0
metal1	14	219	656.07	627.2	0.00207447	0	0.00207447	1.09057	0
metal1	15	219	712.07	627.2	0.00207447	0	0.00207447	1.09121	0
metal1	16	219	768.07	627.2	0.00207447	0	0.00207447	1.0921	0
metal1	17	219	824.07	627.2	0.0019399	0	0.0019399	1.09323	0
metal1	18	219	880.07	627.2	0.000156311	0	0.000156311	1.09463	0
metal1	19	219	936.07	627.2	0.000156311	0	0.000156311	1.09603	0
metal1	20	219	992.07	627.2	0.000156311	0	0.000156311	1.09746	0
metal1	21	219	1048.07	627.2	0.000183895	0	0.000183895	1.09893	0
metal1	22	219	1086.21	627.2	7.8095e-05	0	7.8095e-05	1.09996	0
metal1	0	220	14.095	630	0.00024268	0	0.00024268	1.09999	0
metal1	1	220	40.07	630	0.00135745	0	0.00135745	1.09896	0
metal1	2	220	96.07	630	0.00130994	0	0.00130994	1.09691	0
metal1	3	220	108.455	630	0.000825342	0	0.000825342	1.0965	0
metal1	4	220	109.295	630	0.0011111	0	0.0011111	1.09648	0
metal1	5	220	152.07	630	0.00154894	0	0.00154894	1.09525	0
metal1	6	220	208.07	630	0.00165004	0	0.00165004	1.09383	0
metal1	7	220	264.07	630	0.00165004	0	0.00165004	1.09261	0
metal1	8	220	320.07	630	0.00178682	0	0.00178682	1.09159	0
metal1	9	220	376.07	630	0.00246701	0	0.00246701	1.09079	0
metal1	10	220	432.07	630	0.00246701	0	0.00246701	1.09027	0
metal1	11	220	488.07	630	0.00214871	0	0.00214871	1.09004	0
metal1	12	220	544.07	630	0.00101469	0	0.00101469	1.09007	0
metal1	13	220	600.07	630	0.00207447	0	0.00207447	1.09022	0
metal1	14	220	656.07	630	0.00207447	0	0.00207447	1.09062	0
metal1	15	220	712.07	630	0.00207447	0	0.00207447	1.09126	0
metal1	16	220	768.07	630	0.00207447	0	0.00207447	1.09214	0
metal1	17	220	824.07	630	0.0019399	0	0.0019399	1.09327	0
metal1	18	220	880.07	630	0.000156311	0	0.000156311	1.09463	0
metal1	19	220	936.07	630	0.000156311	0	0.000156311	1.09603	0
metal1	20	220	992.07	630	0.000156311	0	0.000156311	1.09747	0
metal1	21	220	1048.07	630	0.000183895	0	0.000183895	1.09894	0
metal1	22	220	1086.21	630	7.8095e-05	0	7.8095e-05	1.09999	0
metal1	0	221	14.095	632.8	0.00024268	0	0.00024268	1.09992	0
metal1	1	221	40.07	632.8	0.00135745	0	0.00135745	1.0989	0
metal1	2	221	96.07	632.8	0.00130994	0	0.00130994	1.09684	0
metal1	3	221	108.455	632.8	0.000825342	0	0.000825342	1.09645	0
metal1	4	221	109.295	632.8	0.0011111	0	0.0011111	1.09642	0
metal1	5	221	152.07	632.8	0.00154894	0	0.00154894	1.09517	0
metal1	6	221	208.07	632.8	0.00165004	0	0.00165004	1.09375	0
metal1	7	221	264.07	632.8	0.00165004	0	0.00165004	1.09253	0
metal1	8	221	320.07	632.8	0.00178682	0	0.00178682	1.0915	0
metal1	9	221	376.07	632.8	0.00246701	0	0.00246701	1.09067	0
metal1	10	221	432.07	632.8	0.00246701	0	0.00246701	1.09015	0
metal1	11	221	488.07	632.8	0.00214871	0	0.00214871	1.08993	0
metal1	12	221	544.07	632.8	0.00101469	0	0.00101469	1.09	0
metal1	13	221	600.07	632.8	0.00207447	0	0.00207447	1.09011	0
metal1	14	221	656.07	632.8	0.00207447	0	0.00207447	1.09051	0
metal1	15	221	712.07	632.8	0.00207447	0	0.00207447	1.09115	0
metal1	16	221	768.07	632.8	0.00207447	0	0.00207447	1.09204	0
metal1	17	221	824.07	632.8	0.0019399	0	0.0019399	1.09318	0
metal1	18	221	880.07	632.8	0.000156311	0	0.000156311	1.0946	0
metal1	19	221	936.07	632.8	0.000156311	0	0.000156311	1.09601	0
metal1	20	221	992.07	632.8	0.000156311	0	0.000156311	1.09744	0
metal1	21	221	1048.07	632.8	0.000183895	0	0.000183895	1.09891	0
metal1	22	221	1086.21	632.8	7.8095e-05	0	7.8095e-05	1.09995	0
metal1	0	222	14.095	635.6	0.00024268	0	0.00024268	1.09986	0
metal1	1	222	40.07	635.6	0.00135745	0	0.00135745	1.09885	0
metal1	2	222	96.07	635.6	0.00130994	0	0.00130994	1.09679	0
metal1	3	222	108.455	635.6	0.000825342	0	0.000825342	1.09641	0
metal1	4	222	109.295	635.6	0.0011111	0	0.0011111	1.09638	0
metal1	5	222	152.07	635.6	0.00154894	0	0.00154894	1.09511	0
metal1	6	222	208.07	635.6	0.00165004	0	0.00165004	1.09368	0
metal1	7	222	264.07	635.6	0.00165004	0	0.00165004	1.09246	0
metal1	8	222	320.07	635.6	0.00178682	0	0.00178682	1.09143	0
metal1	9	222	376.07	635.6	0.00246701	0	0.00246701	1.09058	0
metal1	10	222	432.07	635.6	0.00246701	0	0.00246701	1.09006	0
metal1	11	222	488.07	635.6	0.00214871	0	0.00214871	1.08985	0
metal1	12	222	544.07	635.6	0.00101469	0	0.00101469	1.08994	0
metal1	13	222	600.07	635.6	0.00207447	0	0.00207447	1.09003	0
metal1	14	222	656.07	635.6	0.00207447	0	0.00207447	1.09042	0
metal1	15	222	712.07	635.6	0.00207447	0	0.00207447	1.09107	0
metal1	16	222	768.07	635.6	0.00207447	0	0.00207447	1.09195	0
metal1	17	222	824.07	635.6	0.0019399	0	0.0019399	1.0931	0
metal1	18	222	880.07	635.6	0.000156311	0	0.000156311	1.09458	0
metal1	19	222	936.07	635.6	0.000156311	0	0.000156311	1.09598	0
metal1	20	222	992.07	635.6	0.000156311	0	0.000156311	1.09743	0
metal1	21	222	1048.07	635.6	0.000183895	0	0.000183895	1.09889	0
metal1	22	222	1086.21	635.6	7.8095e-05	0	7.8095e-05	1.09991	0
metal1	0	223	14.095	638.4	0.00024268	0	0.00024268	1.09982	0
metal1	1	223	40.07	638.4	0.00135745	0	0.00135745	1.09881	0
metal1	2	223	96.07	638.4	0.00130994	0	0.00130994	1.09675	0
metal1	3	223	108.455	638.4	0.000825342	0	0.000825342	1.09637	0
metal1	4	223	109.295	638.4	0.0011111	0	0.0011111	1.09635	0
metal1	5	223	152.07	638.4	0.00154894	0	0.00154894	1.09507	0
metal1	6	223	208.07	638.4	0.00165004	0	0.00165004	1.09363	0
metal1	7	223	264.07	638.4	0.00165004	0	0.00165004	1.09241	0
metal1	8	223	320.07	638.4	0.00178682	0	0.00178682	1.09137	0
metal1	9	223	376.07	638.4	0.00246701	0	0.00246701	1.0905	0
metal1	10	223	432.07	638.4	0.00246701	0	0.00246701	1.08998	0
metal1	11	223	488.07	638.4	0.00214871	0	0.00214871	1.08978	0
metal1	12	223	544.07	638.4	0.00101469	0	0.00101469	1.08989	0
metal1	13	223	600.07	638.4	0.00207447	0	0.00207447	1.08996	0
metal1	14	223	656.07	638.4	0.00207447	0	0.00207447	1.09035	0
metal1	15	223	712.07	638.4	0.00207447	0	0.00207447	1.091	0
metal1	16	223	768.07	638.4	0.00207447	0	0.00207447	1.09189	0
metal1	17	223	824.07	638.4	0.0019399	0	0.0019399	1.09304	0
metal1	18	223	880.07	638.4	0.000156311	0	0.000156311	1.09455	0
metal1	19	223	936.07	638.4	0.000156311	0	0.000156311	1.09597	0
metal1	20	223	992.07	638.4	0.000156311	0	0.000156311	1.09741	0
metal1	21	223	1048.07	638.4	0.000183895	0	0.000183895	1.09887	0
metal1	22	223	1086.21	638.4	7.8095e-05	0	7.8095e-05	1.09988	0
metal1	0	224	14.095	641.2	0.00024268	0	0.00024268	1.0998	0
metal1	1	224	40.07	641.2	0.00135745	0	0.00135745	1.09879	0
metal1	2	224	96.07	641.2	0.00130994	0	0.00130994	1.09672	0
metal1	3	224	108.455	641.2	0.000825342	0	0.000825342	1.09635	0
metal1	4	224	109.295	641.2	0.0011111	0	0.0011111	1.09632	0
metal1	5	224	152.07	641.2	0.00154894	0	0.00154894	1.09504	0
metal1	6	224	208.07	641.2	0.00165004	0	0.00165004	1.0936	0
metal1	7	224	264.07	641.2	0.00165004	0	0.00165004	1.09237	0
metal1	8	224	320.07	641.2	0.00178682	0	0.00178682	1.09133	0
metal1	9	224	376.07	641.2	0.00246701	0	0.00246701	1.09045	0
metal1	10	224	432.07	641.2	0.00246701	0	0.00246701	1.08993	0
metal1	11	224	488.07	641.2	0.00214871	0	0.00214871	1.08973	0
metal1	12	224	544.07	641.2	0.00101469	0	0.00101469	1.08985	0
metal1	13	224	600.07	641.2	0.00207447	0	0.00207447	1.08991	0
metal1	14	224	656.07	641.2	0.00207447	0	0.00207447	1.0903	0
metal1	15	224	712.07	641.2	0.00207447	0	0.00207447	1.09095	0
metal1	16	224	768.07	641.2	0.00207447	0	0.00207447	1.09184	0
metal1	17	224	824.07	641.2	0.0019399	0	0.0019399	1.093	0
metal1	18	224	880.07	641.2	0.000156311	0	0.000156311	1.09454	0
metal1	19	224	936.07	641.2	0.000156311	0	0.000156311	1.09595	0
metal1	20	224	992.07	641.2	0.000156311	0	0.000156311	1.0974	0
metal1	21	224	1048.07	641.2	0.000183895	0	0.000183895	1.09886	0
metal1	22	224	1086.21	641.2	7.8095e-05	0	7.8095e-05	1.09986	0
metal1	0	225	14.095	644	0.00024268	0	0.00024268	1.09979	0
metal1	1	225	40.07	644	0.00135745	0	0.00135745	1.09877	0
metal1	2	225	96.07	644	0.00130994	0	0.00130994	1.09671	0
metal1	3	225	108.455	644	0.000825342	0	0.000825342	1.09634	0
metal1	4	225	109.295	644	0.0011111	0	0.0011111	1.09631	0
metal1	5	225	152.07	644	0.00154894	0	0.00154894	1.09502	0
metal1	6	225	208.07	644	0.00165004	0	0.00165004	1.09358	0
metal1	7	225	264.07	644	0.00165004	0	0.00165004	1.09235	0
metal1	8	225	320.07	644	0.00178682	0	0.00178682	1.0913	0
metal1	9	225	376.07	644	0.00246701	0	0.00246701	1.09042	0
metal1	10	225	432.07	644	0.00246701	0	0.00246701	1.0899	0
metal1	11	225	488.07	644	0.00214871	0	0.00214871	1.0897	0
metal1	12	225	544.07	644	0.00101469	0	0.00101469	1.08983	0
metal1	13	225	600.07	644	0.00207447	0	0.00207447	1.08988	0
metal1	14	225	656.07	644	0.00207447	0	0.00207447	1.09027	0
metal1	15	225	712.07	644	0.00207447	0	0.00207447	1.09092	0
metal1	16	225	768.07	644	0.00207447	0	0.00207447	1.09181	0
metal1	17	225	824.07	644	0.0019399	0	0.0019399	1.09297	0
metal1	18	225	880.07	644	0.000156311	0	0.000156311	1.09452	0
metal1	19	225	936.07	644	0.000156311	0	0.000156311	1.09594	0
metal1	20	225	992.07	644	0.000156311	0	0.000156311	1.09739	0
metal1	21	225	1048.07	644	0.000183895	0	0.000183895	1.09885	0
metal1	22	225	1086.21	644	7.8095e-05	0	7.8095e-05	1.09986	0
metal1	0	226	14.095	646.8	0.00024268	0	0.00024268	1.09979	0
metal1	1	226	40.07	646.8	0.00135745	0	0.00135745	1.09878	0
metal1	2	226	96.07	646.8	0.00130994	0	0.00130994	1.09671	0
metal1	3	226	108.455	646.8	0.000825342	0	0.000825342	1.09634	0
metal1	4	226	109.295	646.8	0.0011111	0	0.0011111	1.09631	0
metal1	5	226	152.07	646.8	0.00154894	0	0.00154894	1.09502	0
metal1	6	226	208.07	646.8	0.00165004	0	0.00165004	1.09357	0
metal1	7	226	264.07	646.8	0.00165004	0	0.00165004	1.09234	0
metal1	8	226	320.07	646.8	0.00178682	0	0.00178682	1.09129	0
metal1	9	226	376.07	646.8	0.00246701	0	0.00246701	1.09041	0
metal1	10	226	432.07	646.8	0.00246701	0	0.00246701	1.08989	0
metal1	11	226	488.07	646.8	0.00214871	0	0.00214871	1.08969	0
metal1	12	226	544.07	646.8	0.00101469	0	0.00101469	1.08981	0
metal1	13	226	600.07	646.8	0.00207447	0	0.00207447	1.08987	0
metal1	14	226	656.07	646.8	0.00207447	0	0.00207447	1.09026	0
metal1	15	226	712.07	646.8	0.00207447	0	0.00207447	1.09091	0
metal1	16	226	768.07	646.8	0.00207447	0	0.00207447	1.0918	0
metal1	17	226	824.07	646.8	0.0019399	0	0.0019399	1.09296	0
metal1	18	226	880.07	646.8	0.000156311	0	0.000156311	1.09451	0
metal1	19	226	936.07	646.8	0.000156311	0	0.000156311	1.09593	0
metal1	20	226	992.07	646.8	0.000156311	0	0.000156311	1.09739	0
metal1	21	226	1048.07	646.8	0.000183895	0	0.000183895	1.09885	0
metal1	22	226	1086.21	646.8	7.8095e-05	0	7.8095e-05	1.09986	0
metal1	0	227	14.095	649.6	0.00024268	0	0.00024268	1.09981	0
metal1	1	227	40.07	649.6	0.00135745	0	0.00135745	1.09879	0
metal1	2	227	96.07	649.6	0.00130994	0	0.00130994	1.09672	0
metal1	3	227	108.455	649.6	0.000825342	0	0.000825342	1.09634	0
metal1	4	227	109.295	649.6	0.0011111	0	0.0011111	1.09632	0
metal1	5	227	152.07	649.6	0.00154894	0	0.00154894	1.09503	0
metal1	6	227	208.07	649.6	0.00165004	0	0.00165004	1.09358	0
metal1	7	227	264.07	649.6	0.00165004	0	0.00165004	1.09235	0
metal1	8	227	320.07	649.6	0.00178682	0	0.00178682	1.0913	0
metal1	9	227	376.07	649.6	0.00246701	0	0.00246701	1.09042	0
metal1	10	227	432.07	649.6	0.00246701	0	0.00246701	1.0899	0
metal1	11	227	488.07	649.6	0.00214871	0	0.00214871	1.08969	0
metal1	12	227	544.07	649.6	0.00101469	0	0.00101469	1.08981	0
metal1	13	227	600.07	649.6	0.00207447	0	0.00207447	1.08987	0
metal1	14	227	656.07	649.6	0.00207447	0	0.00207447	1.09027	0
metal1	15	227	712.07	649.6	0.00207447	0	0.00207447	1.09091	0
metal1	16	227	768.07	649.6	0.00207447	0	0.00207447	1.09181	0
metal1	17	227	824.07	649.6	0.0019399	0	0.0019399	1.09297	0
metal1	18	227	880.07	649.6	0.000156311	0	0.000156311	1.0945	0
metal1	19	227	936.07	649.6	0.000156311	0	0.000156311	1.09593	0
metal1	20	227	992.07	649.6	0.000156311	0	0.000156311	1.09738	0
metal1	21	227	1048.07	649.6	0.000183895	0	0.000183895	1.09886	0
metal1	22	227	1086.21	649.6	7.8095e-05	0	7.8095e-05	1.09987	0
metal1	0	228	14.095	652.4	0.00024268	0	0.00024268	1.09984	0
metal1	1	228	40.07	652.4	0.00135745	0	0.00135745	1.09882	0
metal1	2	228	96.07	652.4	0.00130994	0	0.00130994	1.09674	0
metal1	3	228	108.455	652.4	0.000825342	0	0.000825342	1.09636	0
metal1	4	228	109.295	652.4	0.0011111	0	0.0011111	1.09633	0
metal1	5	228	152.07	652.4	0.00154894	0	0.00154894	1.09505	0
metal1	6	228	208.07	652.4	0.00165004	0	0.00165004	1.09361	0
metal1	7	228	264.07	652.4	0.00165004	0	0.00165004	1.09237	0
metal1	8	228	320.07	652.4	0.00178682	0	0.00178682	1.09133	0
metal1	9	228	376.07	652.4	0.00246701	0	0.00246701	1.09046	0
metal1	10	228	432.07	652.4	0.00246701	0	0.00246701	1.08993	0
metal1	11	228	488.07	652.4	0.00214871	0	0.00214871	1.08972	0
metal1	12	228	544.07	652.4	0.00101469	0	0.00101469	1.08982	0
metal1	13	228	600.07	652.4	0.00207447	0	0.00207447	1.0899	0
metal1	14	228	656.07	652.4	0.00207447	0	0.00207447	1.09029	0
metal1	15	228	712.07	652.4	0.00207447	0	0.00207447	1.09094	0
metal1	16	228	768.07	652.4	0.00207447	0	0.00207447	1.09184	0
metal1	17	228	824.07	652.4	0.0019399	0	0.0019399	1.093	0
metal1	18	228	880.07	652.4	0.000156311	0	0.000156311	1.0945	0
metal1	19	228	936.07	652.4	0.000156311	0	0.000156311	1.09593	0
metal1	20	228	992.07	652.4	0.000156311	0	0.000156311	1.09739	0
metal1	21	228	1048.07	652.4	0.000183895	0	0.000183895	1.09887	0
metal1	22	228	1086.21	652.4	7.8095e-05	0	7.8095e-05	1.0999	0
metal1	0	229	14.095	655.2	0.00024268	0	0.00024268	1.09989	0
metal1	1	229	40.07	655.2	0.00135745	0	0.00135745	1.09886	0
metal1	2	229	96.07	655.2	0.00130994	0	0.00130994	1.09679	0
metal1	3	229	108.455	655.2	0.000825342	0	0.000825342	1.09639	0
metal1	4	229	109.295	655.2	0.0011111	0	0.0011111	1.09636	0
metal1	5	229	152.07	655.2	0.00154894	0	0.00154894	1.09509	0
metal1	6	229	208.07	655.2	0.00165004	0	0.00165004	1.09365	0
metal1	7	229	264.07	655.2	0.00165004	0	0.00165004	1.09241	0
metal1	8	229	320.07	655.2	0.00178682	0	0.00178682	1.09137	0
metal1	9	229	376.07	655.2	0.00246701	0	0.00246701	1.09051	0
metal1	10	229	432.07	655.2	0.00246701	0	0.00246701	1.08999	0
metal1	11	229	488.07	655.2	0.00214871	0	0.00214871	1.08976	0
metal1	12	229	544.07	655.2	0.00101469	0	0.00101469	1.08984	0
metal1	13	229	600.07	655.2	0.00207447	0	0.00207447	1.08994	0
metal1	14	229	656.07	655.2	0.00207447	0	0.00207447	1.09034	0
metal1	15	229	712.07	655.2	0.00207447	0	0.00207447	1.09099	0
metal1	16	229	768.07	655.2	0.00207447	0	0.00207447	1.09188	0
metal1	17	229	824.07	655.2	0.0019399	0	0.0019399	1.09304	0
metal1	18	229	880.07	655.2	0.000156311	0	0.000156311	1.0945	0
metal1	19	229	936.07	655.2	0.000156311	0	0.000156311	1.09593	0
metal1	20	229	992.07	655.2	0.000156311	0	0.000156311	1.09739	0
metal1	21	229	1048.07	655.2	0.000183895	0	0.000183895	1.09888	0
metal1	22	229	1086.21	655.2	7.8095e-05	0	7.8095e-05	1.09993	0
metal1	0	230	14.095	658	0.00024268	0	0.00024268	1.09996	0
metal1	1	230	40.07	658	0.00135745	0	0.00135745	1.09892	0
metal1	2	230	96.07	658	0.00130994	0	0.00130994	1.09684	0
metal1	3	230	108.455	658	0.000825342	0	0.000825342	1.09643	0
metal1	4	230	109.295	658	0.0011111	0	0.0011111	1.0964	0
metal1	5	230	152.07	658	0.00154894	0	0.00154894	1.09515	0
metal1	6	230	208.07	658	0.00165004	0	0.00165004	1.0937	0
metal1	7	230	264.07	658	0.00165004	0	0.00165004	1.09246	0
metal1	8	230	320.07	658	0.00178682	0	0.00178682	1.09142	0
metal1	9	230	376.07	658	0.00246701	0	0.00246701	1.09059	0
metal1	10	230	432.07	658	0.00246701	0	0.00246701	1.09006	0
metal1	11	230	488.07	658	0.00214871	0	0.00214871	1.08983	0
metal1	12	230	544.07	658	0.00101469	0	0.00101469	1.08987	0
metal1	13	230	600.07	658	0.00207447	0	0.00207447	1.09	0
metal1	14	230	656.07	658	0.00207447	0	0.00207447	1.0904	0
metal1	15	230	712.07	658	0.00207447	0	0.00207447	1.09105	0
metal1	16	230	768.07	658	0.00207447	0	0.00207447	1.09195	0
metal1	17	230	824.07	658	0.0019399	0	0.0019399	1.0931	0
metal1	18	230	880.07	658	0.000156311	0	0.000156311	1.09451	0
metal1	19	230	936.07	658	0.000156311	0	0.000156311	1.09593	0
metal1	20	230	992.07	658	0.000156311	0	0.000156311	1.0974	0
metal1	21	230	1048.07	658	0.000183895	0	0.000183895	1.0989	0
metal1	22	230	1086.21	658	7.8095e-05	0	7.8095e-05	1.09997	0
metal1	0	231	14.095	660.8	0.00024268	0	0.00024268	1.09997	0
metal1	1	231	40.07	660.8	0.00135745	0	0.00135745	1.09893	0
metal1	2	231	96.07	660.8	0.00130994	0	0.00130994	1.09684	0
metal1	3	231	108.455	660.8	0.000825342	0	0.000825342	1.09643	0
metal1	4	231	109.295	660.8	0.0011111	0	0.0011111	1.0964	0
metal1	5	231	152.07	660.8	0.00154894	0	0.00154894	1.09515	0
metal1	6	231	208.07	660.8	0.00165004	0	0.00165004	1.0937	0
metal1	7	231	264.07	660.8	0.00165004	0	0.00165004	1.09246	0
metal1	8	231	320.07	660.8	0.00178682	0	0.00178682	1.09142	0
metal1	9	231	376.07	660.8	0.00246701	0	0.00246701	1.09059	0
metal1	10	231	432.07	660.8	0.00246701	0	0.00246701	1.09006	0
metal1	11	231	488.07	660.8	0.00214871	0	0.00214871	1.08982	0
metal1	12	231	544.07	660.8	0.00101469	0	0.00101469	1.08985	0
metal1	13	231	600.07	660.8	0.00207447	0	0.00207447	1.08999	0
metal1	14	231	656.07	660.8	0.00207447	0	0.00207447	1.09039	0
metal1	15	231	712.07	660.8	0.00207447	0	0.00207447	1.09104	0
metal1	16	231	768.07	660.8	0.00207447	0	0.00207447	1.09194	0
metal1	17	231	824.07	660.8	0.0019399	0	0.0019399	1.09309	0
metal1	18	231	880.07	660.8	0.000156311	0	0.000156311	1.0945	0
metal1	19	231	936.07	660.8	0.000156311	0	0.000156311	1.09593	0
metal1	20	231	992.07	660.8	0.000156311	0	0.000156311	1.0974	0
metal1	21	231	1048.07	660.8	0.000183895	0	0.000183895	1.09891	0
metal1	22	231	1086.21	660.8	7.8095e-05	0	7.8095e-05	1.09998	0
metal1	0	232	14.095	663.6	0.00024268	0	0.00024268	1.0999	0
metal1	1	232	40.07	663.6	0.00135745	0	0.00135745	1.09887	0
metal1	2	232	96.07	663.6	0.00130994	0	0.00130994	1.09678	0
metal1	3	232	108.455	663.6	0.000825342	0	0.000825342	1.09638	0
metal1	4	232	109.295	663.6	0.0011111	0	0.0011111	1.09635	0
metal1	5	232	152.07	663.6	0.00154894	0	0.00154894	1.09508	0
metal1	6	232	208.07	663.6	0.00165004	0	0.00165004	1.09363	0
metal1	7	232	264.07	663.6	0.00165004	0	0.00165004	1.09238	0
metal1	8	232	320.07	663.6	0.00178682	0	0.00178682	1.09133	0
metal1	9	232	376.07	663.6	0.00246701	0	0.00246701	1.09048	0
metal1	10	232	432.07	663.6	0.00246701	0	0.00246701	1.08995	0
metal1	11	232	488.07	663.6	0.00214871	0	0.00214871	1.08972	0
metal1	12	232	544.07	663.6	0.00101469	0	0.00101469	1.08979	0
metal1	13	232	600.07	663.6	0.00207447	0	0.00207447	1.08989	0
metal1	14	232	656.07	663.6	0.00207447	0	0.00207447	1.09029	0
metal1	15	232	712.07	663.6	0.00207447	0	0.00207447	1.09094	0
metal1	16	232	768.07	663.6	0.00207447	0	0.00207447	1.09184	0
metal1	17	232	824.07	663.6	0.0019399	0	0.0019399	1.093	0
metal1	18	232	880.07	663.6	0.000156311	0	0.000156311	1.09447	0
metal1	19	232	936.07	663.6	0.000156311	0	0.000156311	1.0959	0
metal1	20	232	992.07	663.6	0.000156311	0	0.000156311	1.09737	0
metal1	21	232	1048.07	663.6	0.000183895	0	0.000183895	1.09888	0
metal1	22	232	1086.21	663.6	7.8095e-05	0	7.8095e-05	1.09993	0
metal1	0	233	14.095	666.4	0.00024268	0	0.00024268	1.09985	0
metal1	1	233	40.07	666.4	0.00135745	0	0.00135745	1.09882	0
metal1	2	233	96.07	666.4	0.00130994	0	0.00130994	1.09673	0
metal1	3	233	108.455	666.4	0.000825342	0	0.000825342	1.09634	0
metal1	4	233	109.295	666.4	0.0011111	0	0.0011111	1.09631	0
metal1	5	233	152.07	666.4	0.00154894	0	0.00154894	1.09502	0
metal1	6	233	208.07	666.4	0.00165004	0	0.00165004	1.09356	0
metal1	7	233	264.07	666.4	0.00165004	0	0.00165004	1.09232	0
metal1	8	233	320.07	666.4	0.00178682	0	0.00178682	1.09126	0
metal1	9	233	376.07	666.4	0.00246701	0	0.00246701	1.09039	0
metal1	10	233	432.07	666.4	0.00246701	0	0.00246701	1.08985	0
metal1	11	233	488.07	666.4	0.00214871	0	0.00214871	1.08964	0
metal1	12	233	544.07	666.4	0.00101469	0	0.00101469	1.08973	0
metal1	13	233	600.07	666.4	0.00207447	0	0.00207447	1.08981	0
metal1	14	233	656.07	666.4	0.00207447	0	0.00207447	1.09021	0
metal1	15	233	712.07	666.4	0.00207447	0	0.00207447	1.09086	0
metal1	16	233	768.07	666.4	0.00207447	0	0.00207447	1.09176	0
metal1	17	233	824.07	666.4	0.0019399	0	0.0019399	1.09293	0
metal1	18	233	880.07	666.4	0.000156311	0	0.000156311	1.09444	0
metal1	19	233	936.07	666.4	0.000156311	0	0.000156311	1.09588	0
metal1	20	233	992.07	666.4	0.000156311	0	0.000156311	1.09736	0
metal1	21	233	1048.07	666.4	0.000183895	0	0.000183895	1.09886	0
metal1	22	233	1086.21	666.4	7.8095e-05	0	7.8095e-05	1.0999	0
metal1	0	234	14.095	669.2	0.00024268	0	0.00024268	1.09981	0
metal1	1	234	40.07	669.2	0.00135745	0	0.00135745	1.09879	0
metal1	2	234	96.07	669.2	0.00130994	0	0.00130994	1.09669	0
metal1	3	234	108.455	669.2	0.000825342	0	0.000825342	1.09631	0
metal1	4	234	109.295	669.2	0.0011111	0	0.0011111	1.09628	0
metal1	5	234	152.07	669.2	0.00154894	0	0.00154894	1.09498	0
metal1	6	234	208.07	669.2	0.00165004	0	0.00165004	1.09352	0
metal1	7	234	264.07	669.2	0.00165004	0	0.00165004	1.09227	0
metal1	8	234	320.07	669.2	0.00178682	0	0.00178682	1.09121	0
metal1	9	234	376.07	669.2	0.00246701	0	0.00246701	1.09032	0
metal1	10	234	432.07	669.2	0.00246701	0	0.00246701	1.08978	0
metal1	11	234	488.07	669.2	0.00214871	0	0.00214871	1.08957	0
metal1	12	234	544.07	669.2	0.00101469	0	0.00101469	1.08968	0
metal1	13	234	600.07	669.2	0.00207447	0	0.00207447	1.08975	0
metal1	14	234	656.07	669.2	0.00207447	0	0.00207447	1.09014	0
metal1	15	234	712.07	669.2	0.00207447	0	0.00207447	1.0908	0
metal1	16	234	768.07	669.2	0.00207447	0	0.00207447	1.0917	0
metal1	17	234	824.07	669.2	0.0019399	0	0.0019399	1.09287	0
metal1	18	234	880.07	669.2	0.000156311	0	0.000156311	1.09442	0
metal1	19	234	936.07	669.2	0.000156311	0	0.000156311	1.09586	0
metal1	20	234	992.07	669.2	0.000156311	0	0.000156311	1.09734	0
metal1	21	234	1048.07	669.2	0.000183895	0	0.000183895	1.09884	0
metal1	22	234	1086.21	669.2	7.8095e-05	0	7.8095e-05	1.09987	0
metal1	0	235	14.095	672	0.00024268	0	0.00024268	1.09979	0
metal1	1	235	40.07	672	0.00135745	0	0.00135745	1.09876	0
metal1	2	235	96.07	672	0.00130994	0	0.00130994	1.09667	0
metal1	3	235	108.455	672	0.000825342	0	0.000825342	1.09629	0
metal1	4	235	109.295	672	0.0011111	0	0.0011111	1.09626	0
metal1	5	235	152.07	672	0.00154894	0	0.00154894	1.09495	0
metal1	6	235	208.07	672	0.00165004	0	0.00165004	1.09349	0
metal1	7	235	264.07	672	0.00165004	0	0.00165004	1.09223	0
metal1	8	235	320.07	672	0.00178682	0	0.00178682	1.09117	0
metal1	9	235	376.07	672	0.00246701	0	0.00246701	1.09027	0
metal1	10	235	432.07	672	0.00246701	0	0.00246701	1.08974	0
metal1	11	235	488.07	672	0.00214871	0	0.00214871	1.08953	0
metal1	12	235	544.07	672	0.00101469	0	0.00101469	1.08965	0
metal1	13	235	600.07	672	0.00207447	0	0.00207447	1.0897	0
metal1	14	235	656.07	672	0.00207447	0	0.00207447	1.0901	0
metal1	15	235	712.07	672	0.00207447	0	0.00207447	1.09075	0
metal1	16	235	768.07	672	0.00207447	0	0.00207447	1.09166	0
metal1	17	235	824.07	672	0.0019399	0	0.0019399	1.09283	0
metal1	18	235	880.07	672	0.000156311	0	0.000156311	1.0944	0
metal1	19	235	936.07	672	0.000156311	0	0.000156311	1.09585	0
metal1	20	235	992.07	672	0.000156311	0	0.000156311	1.09733	0
metal1	21	235	1048.07	672	0.000183895	0	0.000183895	1.09883	0
metal1	22	235	1086.21	672	7.8095e-05	0	7.8095e-05	1.09986	0
metal1	0	236	14.095	674.8	0.00024268	0	0.00024268	1.09979	0
metal1	1	236	40.07	674.8	0.00135745	0	0.00135745	1.09876	0
metal1	2	236	96.07	674.8	0.00130994	0	0.00130994	1.09666	0
metal1	3	236	108.455	674.8	0.000825342	0	0.000825342	1.09628	0
metal1	4	236	109.295	674.8	0.0011111	0	0.0011111	1.09625	0
metal1	5	236	152.07	674.8	0.00154894	0	0.00154894	1.09494	0
metal1	6	236	208.07	674.8	0.00165004	0	0.00165004	1.09347	0
metal1	7	236	264.07	674.8	0.00165004	0	0.00165004	1.09222	0
metal1	8	236	320.07	674.8	0.00178682	0	0.00178682	1.09115	0
metal1	9	236	376.07	674.8	0.00246701	0	0.00246701	1.09025	0
metal1	10	236	432.07	674.8	0.00246701	0	0.00246701	1.08971	0
metal1	11	236	488.07	674.8	0.00214871	0	0.00214871	1.0895	0
metal1	12	236	544.07	674.8	0.00101469	0	0.00101469	1.08962	0
metal1	13	236	600.07	674.8	0.00207447	0	0.00207447	1.08967	0
metal1	14	236	656.07	674.8	0.00207447	0	0.00207447	1.09007	0
metal1	15	236	712.07	674.8	0.00207447	0	0.00207447	1.09072	0
metal1	16	236	768.07	674.8	0.00207447	0	0.00207447	1.09163	0
metal1	17	236	824.07	674.8	0.0019399	0	0.0019399	1.09281	0
metal1	18	236	880.07	674.8	0.000156311	0	0.000156311	1.09439	0
metal1	19	236	936.07	674.8	0.000156311	0	0.000156311	1.09584	0
metal1	20	236	992.07	674.8	0.000156311	0	0.000156311	1.09732	0
metal1	21	236	1048.07	674.8	0.000183895	0	0.000183895	1.09882	0
metal1	22	236	1086.21	674.8	7.8095e-05	0	7.8095e-05	1.09985	0
metal1	0	237	14.095	677.6	0.00024268	0	0.00024268	1.09979	0
metal1	1	237	40.07	677.6	0.00135745	0	0.00135745	1.09876	0
metal1	2	237	96.07	677.6	0.00130994	0	0.00130994	1.09666	0
metal1	3	237	108.455	677.6	0.000825342	0	0.000825342	1.09628	0
metal1	4	237	109.295	677.6	0.0011111	0	0.0011111	1.09625	0
metal1	5	237	152.07	677.6	0.00154894	0	0.00154894	1.09494	0
metal1	6	237	208.07	677.6	0.00165004	0	0.00165004	1.09347	0
metal1	7	237	264.07	677.6	0.00165004	0	0.00165004	1.09221	0
metal1	8	237	320.07	677.6	0.00178682	0	0.00178682	1.09114	0
metal1	9	237	376.07	677.6	0.00246701	0	0.00246701	1.09025	0
metal1	10	237	432.07	677.6	0.00246701	0	0.00246701	1.0897	0
metal1	11	237	488.07	677.6	0.00214871	0	0.00214871	1.08949	0
metal1	12	237	544.07	677.6	0.00101469	0	0.00101469	1.08961	0
metal1	13	237	600.07	677.6	0.00207447	0	0.00207447	1.08966	0
metal1	14	237	656.07	677.6	0.00207447	0	0.00207447	1.09006	0
metal1	15	237	712.07	677.6	0.00207447	0	0.00207447	1.09072	0
metal1	16	237	768.07	677.6	0.00207447	0	0.00207447	1.09162	0
metal1	17	237	824.07	677.6	0.0019399	0	0.0019399	1.09281	0
metal1	18	237	880.07	677.6	0.000156311	0	0.000156311	1.09438	0
metal1	19	237	936.07	677.6	0.000156311	0	0.000156311	1.09583	0
metal1	20	237	992.07	677.6	0.000156311	0	0.000156311	1.09732	0
metal1	21	237	1048.07	677.6	0.000183895	0	0.000183895	1.09882	0
metal1	22	237	1086.21	677.6	7.8095e-05	0	7.8095e-05	1.09986	0
metal1	0	238	14.095	680.4	0.00024268	0	0.00024268	1.09982	0
metal1	1	238	40.07	680.4	0.00135745	0	0.00135745	1.09878	0
metal1	2	238	96.07	680.4	0.00130994	0	0.00130994	1.09667	0
metal1	3	238	108.455	680.4	0.000825342	0	0.000825342	1.09629	0
metal1	4	238	109.295	680.4	0.0011111	0	0.0011111	1.09626	0
metal1	5	238	152.07	680.4	0.00154894	0	0.00154894	1.09496	0
metal1	6	238	208.07	680.4	0.00165004	0	0.00165004	1.09348	0
metal1	7	238	264.07	680.4	0.00165004	0	0.00165004	1.09222	0
metal1	8	238	320.07	680.4	0.00178682	0	0.00178682	1.09116	0
metal1	9	238	376.07	680.4	0.00246701	0	0.00246701	1.09026	0
metal1	10	238	432.07	680.4	0.00246701	0	0.00246701	1.08972	0
metal1	11	238	488.07	680.4	0.00214871	0	0.00214871	1.0895	0
metal1	12	238	544.07	680.4	0.00101469	0	0.00101469	1.08961	0
metal1	13	238	600.07	680.4	0.00207447	0	0.00207447	1.08967	0
metal1	14	238	656.07	680.4	0.00207447	0	0.00207447	1.09007	0
metal1	15	238	712.07	680.4	0.00207447	0	0.00207447	1.09073	0
metal1	16	238	768.07	680.4	0.00207447	0	0.00207447	1.09164	0
metal1	17	238	824.07	680.4	0.0019399	0	0.0019399	1.09282	0
metal1	18	238	880.07	680.4	0.000156311	0	0.000156311	1.09437	0
metal1	19	238	936.07	680.4	0.000156311	0	0.000156311	1.09583	0
metal1	20	238	992.07	680.4	0.000156311	0	0.000156311	1.09732	0
metal1	21	238	1048.07	680.4	0.000183895	0	0.000183895	1.09883	0
metal1	22	238	1086.21	680.4	7.8095e-05	0	7.8095e-05	1.09988	0
metal1	0	239	14.095	683.2	0.00024268	0	0.00024268	1.09985	0
metal1	1	239	40.07	683.2	0.00135745	0	0.00135745	1.09881	0
metal1	2	239	96.07	683.2	0.00130994	0	0.00130994	1.09671	0
metal1	3	239	108.455	683.2	0.000825342	0	0.000825342	1.09631	0
metal1	4	239	109.295	683.2	0.0011111	0	0.0011111	1.09628	0
metal1	5	239	152.07	683.2	0.00154894	0	0.00154894	1.09498	0
metal1	6	239	208.07	683.2	0.00165004	0	0.00165004	1.09351	0
metal1	7	239	264.07	683.2	0.00165004	0	0.00165004	1.09225	0
metal1	8	239	320.07	683.2	0.00178682	0	0.00178682	1.09119	0
metal1	9	239	376.07	683.2	0.00246701	0	0.00246701	1.0903	0
metal1	10	239	432.07	683.2	0.00246701	0	0.00246701	1.08976	0
metal1	11	239	488.07	683.2	0.00214871	0	0.00214871	1.08953	0
metal1	12	239	544.07	683.2	0.00101469	0	0.00101469	1.08962	0
metal1	13	239	600.07	683.2	0.00207447	0	0.00207447	1.0897	0
metal1	14	239	656.07	683.2	0.00207447	0	0.00207447	1.0901	0
metal1	15	239	712.07	683.2	0.00207447	0	0.00207447	1.09076	0
metal1	16	239	768.07	683.2	0.00207447	0	0.00207447	1.09167	0
metal1	17	239	824.07	683.2	0.0019399	0	0.0019399	1.09285	0
metal1	18	239	880.07	683.2	0.000156311	0	0.000156311	1.09437	0
metal1	19	239	936.07	683.2	0.000156311	0	0.000156311	1.09582	0
metal1	20	239	992.07	683.2	0.000156311	0	0.000156311	1.09732	0
metal1	21	239	1048.07	683.2	0.000183895	0	0.000183895	1.09884	0
metal1	22	239	1086.21	683.2	7.8095e-05	0	7.8095e-05	1.0999	0
metal1	0	240	14.095	686	0.00024268	0	0.00024268	1.09991	0
metal1	1	240	40.07	686	0.00135745	0	0.00135745	1.09886	0
metal1	2	240	96.07	686	0.00130994	0	0.00130994	1.09675	0
metal1	3	240	108.455	686	0.000825342	0	0.000825342	1.09635	0
metal1	4	240	109.295	686	0.0011111	0	0.0011111	1.09632	0
metal1	5	240	152.07	686	0.00154894	0	0.00154894	1.09503	0
metal1	6	240	208.07	686	0.00165004	0	0.00165004	1.09356	0
metal1	7	240	264.07	686	0.00165004	0	0.00165004	1.09229	0
metal1	8	240	320.07	686	0.00178682	0	0.00178682	1.09123	0
metal1	9	240	376.07	686	0.00246701	0	0.00246701	1.09036	0
metal1	10	240	432.07	686	0.00246701	0	0.00246701	1.08982	0
metal1	11	240	488.07	686	0.00214874	0	0.00214874	1.08958	0
metal1	12	240	544.07	686	0.00101475	0	0.00101475	1.08964	0
metal1	13	240	600.07	686	0.00207447	0	0.00207447	1.08975	0
metal1	14	240	656.07	686	0.00207447	0	0.00207447	1.09015	0
metal1	15	240	712.07	686	0.00207447	0	0.00207447	1.09081	0
metal1	16	240	768.07	686	0.00207447	0	0.00207447	1.09172	0
metal1	17	240	824.07	686	0.0019399	0	0.0019399	1.09289	0
metal1	18	240	880.07	686	0.000156311	0	0.000156311	1.09437	0
metal1	19	240	936.07	686	0.000156311	0	0.000156311	1.09583	0
metal1	20	240	992.07	686	0.000156311	0	0.000156311	1.09733	0
metal1	21	240	1048.07	686	0.000183895	0	0.000183895	1.09886	0
metal1	22	240	1086.21	686	7.8095e-05	0	7.8095e-05	1.09994	0
metal1	0	241	14.095	688.8	0.00024268	0	0.00024268	1.09998	0
metal1	1	241	40.07	688.8	0.00135745	0	0.00135745	1.09892	0
metal1	2	241	96.07	688.8	0.00130994	0	0.00130994	1.09681	0
metal1	3	241	108.455	688.8	0.000825342	0	0.000825342	1.09639	0
metal1	4	241	109.295	688.8	0.0011111	0	0.0011111	1.09636	0
metal1	5	241	152.07	688.8	0.00154894	0	0.00154894	1.09509	0
metal1	6	241	208.07	688.8	0.00165004	0	0.00165004	1.09362	0
metal1	7	241	264.07	688.8	0.00165004	0	0.00165004	1.09235	0
metal1	8	241	320.07	688.8	0.00178682	0	0.00178682	1.09129	0
metal1	9	241	376.07	688.8	0.00246701	0	0.00246701	1.09045	0
metal1	10	241	432.07	688.8	0.00246701	0	0.00246701	1.0899	0
metal1	11	241	488.07	688.8	0.00214814	0	0.00214814	1.08965	0
metal1	12	241	544.07	688.8	0.00101413	0	0.00101413	1.08967	0
metal1	13	241	600.07	688.8	0.00207447	0	0.00207447	1.08981	0
metal1	14	241	656.07	688.8	0.00207447	0	0.00207447	1.09021	0
metal1	15	241	712.07	688.8	0.00207447	0	0.00207447	1.09087	0
metal1	16	241	768.07	688.8	0.00207447	0	0.00207447	1.09179	0
metal1	17	241	824.07	688.8	0.0019399	0	0.0019399	1.09295	0
metal1	18	241	880.07	688.8	0.000156311	0	0.000156311	1.09437	0
metal1	19	241	936.07	688.8	0.000156311	0	0.000156311	1.09583	0
metal1	20	241	992.07	688.8	0.000156311	0	0.000156311	1.09733	0
metal1	21	241	1048.07	688.8	0.000183895	0	0.000183895	1.09888	0
metal1	22	241	1086.21	688.8	7.8095e-05	0	7.8095e-05	1.09998	0
metal1	0	242	14.095	691.6	0.00024268	0	0.00024268	1.09995	0
metal1	1	242	40.07	691.6	0.00135745	0	0.00135745	1.09889	0
metal1	2	242	96.07	691.6	0.00130994	0	0.00130994	1.09678	0
metal1	3	242	108.455	691.6	0.000825342	0	0.000825342	1.09636	0
metal1	4	242	109.295	691.6	0.0011111	0	0.0011111	1.09633	0
metal1	5	242	152.07	691.6	0.00154894	0	0.00154894	1.09505	0
metal1	6	242	208.07	691.6	0.00165004	0	0.00165004	1.09358	0
metal1	7	242	264.07	691.6	0.00165004	0	0.00165004	1.09231	0
metal1	8	242	320.07	691.6	0.00178682	0	0.00178682	1.09124	0
metal1	9	242	376.07	691.6	0.00246701	0	0.00246701	1.09039	0
metal1	10	242	432.07	691.6	0.00246701	0	0.00246701	1.08984	0
metal1	11	242	488.07	691.6	0.00214814	0	0.00214814	1.08959	0
metal1	12	242	544.07	691.6	0.00101413	0	0.00101413	1.08962	0
metal1	13	242	600.07	691.6	0.00207447	0	0.00207447	1.08975	0
metal1	14	242	656.07	691.6	0.00207447	0	0.00207447	1.09015	0
metal1	15	242	712.07	691.6	0.00207447	0	0.00207447	1.09081	0
metal1	16	242	768.07	691.6	0.00207447	0	0.00207447	1.09173	0
metal1	17	242	824.07	691.6	0.0019399	0	0.0019399	1.0929	0
metal1	18	242	880.07	691.6	0.000156311	0	0.000156311	1.09435	0
metal1	19	242	936.07	691.6	0.000156311	0	0.000156311	1.09581	0
metal1	20	242	992.07	691.6	0.000156311	0	0.000156311	1.09732	0
metal1	21	242	1048.07	691.6	0.000183895	0	0.000183895	1.09887	0
metal1	22	242	1086.21	691.6	7.8095e-05	0	7.8095e-05	1.09996	0
metal1	0	243	14.095	694.4	0.00024268	0	0.00024268	1.09988	0
metal1	1	243	40.07	694.4	0.00135745	0	0.00135745	1.09884	0
metal1	2	243	96.07	694.4	0.00130994	0	0.00130994	1.09672	0
metal1	3	243	108.455	694.4	0.000825342	0	0.000825342	1.09632	0
metal1	4	243	109.295	694.4	0.0011111	0	0.0011111	1.09629	0
metal1	5	243	152.07	694.4	0.00154894	0	0.00154894	1.09499	0
metal1	6	243	208.07	694.4	0.00165004	0	0.00165004	1.0935	0
metal1	7	243	264.07	694.4	0.00165004	0	0.00165004	1.09223	0
metal1	8	243	320.07	694.4	0.00178682	0	0.00178682	1.09116	0
metal1	9	243	376.07	694.4	0.00246701	0	0.00246701	1.09028	0
metal1	10	243	432.07	694.4	0.00246701	0	0.00246701	1.08973	0
metal1	11	243	488.07	694.4	0.00214814	0	0.00214814	1.08949	0
metal1	12	243	544.07	694.4	0.00101413	0	0.00101413	1.08956	0
metal1	13	243	600.07	694.4	0.00207447	0	0.00207447	1.08965	0
metal1	14	243	656.07	694.4	0.00207447	0	0.00207447	1.09005	0
metal1	15	243	712.07	694.4	0.00207447	0	0.00207447	1.09071	0
metal1	16	243	768.07	694.4	0.00207447	0	0.00207447	1.09163	0
metal1	17	243	824.07	694.4	0.0019399	0	0.0019399	1.09281	0
metal1	18	243	880.07	694.4	0.000156311	0	0.000156311	1.09432	0
metal1	19	243	936.07	694.4	0.000156311	0	0.000156311	1.09579	0
metal1	20	243	992.07	694.4	0.000156311	0	0.000156311	1.0973	0
metal1	21	243	1048.07	694.4	0.000183895	0	0.000183895	1.09884	0
metal1	22	243	1086.21	694.4	7.8095e-05	0	7.8095e-05	1.09992	0
metal1	0	244	14.095	697.2	0.00024268	0	0.00024268	1.09984	0
metal1	1	244	40.07	697.2	0.00135745	0	0.00135745	1.09879	0
metal1	2	244	96.07	697.2	0.00130994	0	0.00130994	1.09667	0
metal1	3	244	108.455	697.2	0.000825342	0	0.000825342	1.09628	0
metal1	4	244	109.295	697.2	0.0011111	0	0.0011111	1.09625	0
metal1	5	244	152.07	697.2	0.00154894	0	0.00154894	1.09493	0
metal1	6	244	208.07	697.2	0.00165004	0	0.00165004	1.09345	0
metal1	7	244	264.07	697.2	0.00165004	0	0.00165004	1.09217	0
metal1	8	244	320.07	697.2	0.00178682	0	0.00178682	1.09109	0
metal1	9	244	376.07	697.2	0.00246701	0	0.00246701	1.09019	0
metal1	10	244	432.07	697.2	0.00246701	0	0.00246701	1.08964	0
metal1	11	244	488.07	697.2	0.00214814	0	0.00214814	1.08941	0
metal1	12	244	544.07	697.2	0.00101413	0	0.00101413	1.0895	0
metal1	13	244	600.07	697.2	0.00207447	0	0.00207447	1.08957	0
metal1	14	244	656.07	697.2	0.00207447	0	0.00207447	1.08997	0
metal1	15	244	712.07	697.2	0.00207447	0	0.00207447	1.09063	0
metal1	16	244	768.07	697.2	0.00207447	0	0.00207447	1.09155	0
metal1	17	244	824.07	697.2	0.0019399	0	0.0019399	1.09274	0
metal1	18	244	880.07	697.2	0.000156311	0	0.000156311	1.09429	0
metal1	19	244	936.07	697.2	0.000156311	0	0.000156311	1.09577	0
metal1	20	244	992.07	697.2	0.000156311	0	0.000156311	1.09728	0
metal1	21	244	1048.07	697.2	0.000183895	0	0.000183895	1.09882	0
metal1	22	244	1086.21	697.2	7.8095e-05	0	7.8095e-05	1.09989	0
metal1	0	245	14.095	700	0.00024268	0	0.00024268	1.0998	0
metal1	1	245	40.07	700	0.00135745	0	0.00135745	1.09876	0
metal1	2	245	96.07	700	0.00130994	0	0.00130994	1.09664	0
metal1	3	245	108.455	700	0.000825342	0	0.000825342	1.09625	0
metal1	4	245	109.295	700	0.0011111	0	0.0011111	1.09622	0
metal1	5	245	152.07	700	0.00154894	0	0.00154894	1.0949	0
metal1	6	245	208.07	700	0.00165004	0	0.00165004	1.0934	0
metal1	7	245	264.07	700	0.00165004	0	0.00165004	1.09213	0
metal1	8	245	320.07	700	0.00178682	0	0.00178682	1.09104	0
metal1	9	245	376.07	700	0.00246701	0	0.00246701	1.09013	0
metal1	10	245	432.07	700	0.00246701	0	0.00246701	1.08957	0
metal1	11	245	488.07	700	0.00214814	0	0.00214814	1.08935	0
metal1	12	245	544.07	700	0.00101413	0	0.00101413	1.08945	0
metal1	13	245	600.07	700	0.00207447	0	0.00207447	1.0895	0
metal1	14	245	656.07	700	0.00207447	0	0.00207447	1.0899	0
metal1	15	245	712.07	700	0.00207447	0	0.00207447	1.09057	0
metal1	16	245	768.07	700	0.00207447	0	0.00207447	1.09149	0
metal1	17	245	824.07	700	0.0019399	0	0.0019399	1.09268	0
metal1	18	245	880.07	700	0.000156311	0	0.000156311	1.09427	0
metal1	19	245	936.07	700	0.000156311	0	0.000156311	1.09575	0
metal1	20	245	992.07	700	0.000156311	0	0.000156311	1.09727	0
metal1	21	245	1048.07	700	0.000183895	0	0.000183895	1.09881	0
metal1	22	245	1086.21	700	7.8095e-05	0	7.8095e-05	1.09987	0
metal1	0	246	14.095	702.8	0.00024268	0	0.00024268	1.09979	0
metal1	1	246	40.07	702.8	0.00135745	0	0.00135745	1.09875	0
metal1	2	246	96.07	702.8	0.00130994	0	0.00130994	1.09662	0
metal1	3	246	108.455	702.8	0.000825342	0	0.000825342	1.09623	0
metal1	4	246	109.295	702.8	0.0011111	0	0.0011111	1.0962	0
metal1	5	246	152.07	702.8	0.00154894	0	0.00154894	1.09487	0
metal1	6	246	208.07	702.8	0.00165004	0	0.00165004	1.09338	0
metal1	7	246	264.07	702.8	0.00165004	0	0.00165004	1.0921	0
metal1	8	246	320.07	702.8	0.00178682	0	0.00178682	1.09101	0
metal1	9	246	376.07	702.8	0.00246701	0	0.00246701	1.09009	0
metal1	10	246	432.07	702.8	0.00246701	0	0.00246701	1.08953	0
metal1	11	246	488.07	702.8	0.00214814	0	0.00214814	1.0893	0
metal1	12	246	544.07	702.8	0.00101413	0	0.00101413	1.08941	0
metal1	13	246	600.07	702.8	0.00207447	0	0.00207447	1.08946	0
metal1	14	246	656.07	702.8	0.00207447	0	0.00207447	1.08986	0
metal1	15	246	712.07	702.8	0.00207447	0	0.00207447	1.09052	0
metal1	16	246	768.07	702.8	0.00207447	0	0.00207447	1.09144	0
metal1	17	246	824.07	702.8	0.0019399	0	0.0019399	1.09265	0
metal1	18	246	880.07	702.8	0.000156311	0	0.000156311	1.09425	0
metal1	19	246	936.07	702.8	0.000156311	0	0.000156311	1.09573	0
metal1	20	246	992.07	702.8	0.000156311	0	0.000156311	1.09725	0
metal1	21	246	1048.07	702.8	0.000183895	0	0.000183895	1.0988	0
metal1	22	246	1086.21	702.8	7.8095e-05	0	7.8095e-05	1.09985	0
metal1	0	247	14.095	705.6	0.00024268	0	0.00024268	1.09979	0
metal1	1	247	40.07	705.6	0.00135745	0	0.00135745	1.09874	0
metal1	2	247	96.07	705.6	0.00130994	0	0.00130994	1.09661	0
metal1	3	247	108.455	705.6	0.000825342	0	0.000825342	1.09623	0
metal1	4	247	109.295	705.6	0.0011111	0	0.0011111	1.0962	0
metal1	5	247	152.07	705.6	0.00154894	0	0.00154894	1.09486	0
metal1	6	247	208.07	705.6	0.00165004	0	0.00165004	1.09336	0
metal1	7	247	264.07	705.6	0.00165004	0	0.00165004	1.09208	0
metal1	8	247	320.07	705.6	0.00178682	0	0.00178682	1.09099	0
metal1	9	247	376.07	705.6	0.00246701	0	0.00246701	1.09006	0
metal1	10	247	432.07	705.6	0.00246701	0	0.00246701	1.0895	0
metal1	11	247	488.07	705.6	0.00214814	0	0.00214814	1.08928	0
metal1	12	247	544.07	705.6	0.00101413	0	0.00101413	1.08939	0
metal1	13	247	600.07	705.6	0.00207447	0	0.00207447	1.08943	0
metal1	14	247	656.07	705.6	0.00207447	0	0.00207447	1.08983	0
metal1	15	247	712.07	705.6	0.00207447	0	0.00207447	1.0905	0
metal1	16	247	768.07	705.6	0.00207447	0	0.00207447	1.09142	0
metal1	17	247	824.07	705.6	0.0019399	0	0.0019399	1.09263	0
metal1	18	247	880.07	705.6	0.000156311	0	0.000156311	1.09423	0
metal1	19	247	936.07	705.6	0.000156311	0	0.000156311	1.09572	0
metal1	20	247	992.07	705.6	0.000156311	0	0.000156311	1.09725	0
metal1	21	247	1048.07	705.6	0.000183895	0	0.000183895	1.09879	0
metal1	22	247	1086.21	705.6	7.8095e-05	0	7.8095e-05	1.09985	0
metal1	0	248	14.095	708.4	0.00024268	0	0.00024268	1.0998	0
metal1	1	248	40.07	708.4	0.00135745	0	0.00135745	1.09875	0
metal1	2	248	96.07	708.4	0.00130994	0	0.00130994	1.09662	0
metal1	3	248	108.455	708.4	0.000825342	0	0.000825342	1.09623	0
metal1	4	248	109.295	708.4	0.0011111	0	0.0011111	1.0962	0
metal1	5	248	152.07	708.4	0.00154894	0	0.00154894	1.09487	0
metal1	6	248	208.07	708.4	0.00165004	0	0.00165004	1.09337	0
metal1	7	248	264.07	708.4	0.00165004	0	0.00165004	1.09208	0
metal1	8	248	320.07	708.4	0.00178682	0	0.00178682	1.09099	0
metal1	9	248	376.07	708.4	0.00246701	0	0.00246701	1.09006	0
metal1	10	248	432.07	708.4	0.00246701	0	0.00246701	1.0895	0
metal1	11	248	488.07	708.4	0.00214814	0	0.00214814	1.08927	0
metal1	12	248	544.07	708.4	0.00101413	0	0.00101413	1.08937	0
metal1	13	248	600.07	708.4	0.00207447	0	0.00207447	1.08942	0
metal1	14	248	656.07	708.4	0.00207447	0	0.00207447	1.08982	0
metal1	15	248	712.07	708.4	0.00207447	0	0.00207447	1.09049	0
metal1	16	248	768.07	708.4	0.00207447	0	0.00207447	1.09141	0
metal1	17	248	824.07	708.4	0.0019399	0	0.0019399	1.09262	0
metal1	18	248	880.07	708.4	0.000156311	0	0.000156311	1.09422	0
metal1	19	248	936.07	708.4	0.000156311	0	0.000156311	1.09571	0
metal1	20	248	992.07	708.4	0.000156311	0	0.000156311	1.09724	0
metal1	21	248	1048.07	708.4	0.000183895	0	0.000183895	1.09879	0
metal1	22	248	1086.21	708.4	7.8095e-05	0	7.8095e-05	1.09986	0
metal1	0	249	14.095	711.2	0.00024268	0	0.00024268	1.09983	0
metal1	1	249	40.07	711.2	0.00135745	0	0.00135745	1.09878	0
metal1	2	249	96.07	711.2	0.00130994	0	0.00130994	1.09664	0
metal1	3	249	108.455	711.2	0.000825342	0	0.000825342	1.09625	0
metal1	4	249	109.295	711.2	0.0011111	0	0.0011111	1.09622	0
metal1	5	249	152.07	711.2	0.00154894	0	0.00154894	1.09489	0
metal1	6	249	208.07	711.2	0.00165004	0	0.00165004	1.09339	0
metal1	7	249	264.07	711.2	0.00165004	0	0.00165004	1.0921	0
metal1	8	249	320.07	711.2	0.00178682	0	0.00178682	1.091	0
metal1	9	249	376.07	711.2	0.00246701	0	0.00246701	1.09009	0
metal1	10	249	432.07	711.2	0.00246701	0	0.00246701	1.08952	0
metal1	11	249	488.07	711.2	0.00214814	0	0.00214814	1.08928	0
metal1	12	249	544.07	711.2	0.00101413	0	0.00101413	1.08937	0
metal1	13	249	600.07	711.2	0.00207447	0	0.00207447	1.08943	0
metal1	14	249	656.07	711.2	0.00207447	0	0.00207447	1.08984	0
metal1	15	249	712.07	711.2	0.00207447	0	0.00207447	1.0905	0
metal1	16	249	768.07	711.2	0.00207447	0	0.00207447	1.09143	0
metal1	17	249	824.07	711.2	0.0019399	0	0.0019399	1.09263	0
metal1	18	249	880.07	711.2	0.000156311	0	0.000156311	1.09421	0
metal1	19	249	936.07	711.2	0.000156311	0	0.000156311	1.0957	0
metal1	20	249	992.07	711.2	0.000156311	0	0.000156311	1.09724	0
metal1	21	249	1048.07	711.2	0.000183895	0	0.000183895	1.0988	0
metal1	22	249	1086.21	711.2	7.8095e-05	0	7.8095e-05	1.09988	0
metal1	0	250	14.095	714	0.00024268	0	0.00024268	1.09987	0
metal1	1	250	40.07	714	0.00135745	0	0.00135745	1.09881	0
metal1	2	250	96.07	714	0.00130994	0	0.00130994	1.09667	0
metal1	3	250	108.455	714	0.000825342	0	0.000825342	1.09627	0
metal1	4	250	109.295	714	0.0011111	0	0.0011111	1.09624	0
metal1	5	250	152.07	714	0.00154894	0	0.00154894	1.09492	0
metal1	6	250	208.07	714	0.00165004	0	0.00165004	1.09342	0
metal1	7	250	264.07	714	0.00165004	0	0.00165004	1.09213	0
metal1	8	250	320.07	714	0.00178682	0	0.00178682	1.09103	0
metal1	9	250	376.07	714	0.00246701	0	0.00246701	1.09013	0
metal1	10	250	432.07	714	0.00246701	0	0.00246701	1.08956	0
metal1	11	250	488.07	714	0.00214814	0	0.00214814	1.08932	0
metal1	12	250	544.07	714	0.00101413	0	0.00101413	1.08938	0
metal1	13	250	600.07	714	0.00207447	0	0.00207447	1.08946	0
metal1	14	250	656.07	714	0.00207447	0	0.00207447	1.08986	0
metal1	15	250	712.07	714	0.00207447	0	0.00207447	1.09053	0
metal1	16	250	768.07	714	0.00207447	0	0.00207447	1.09146	0
metal1	17	250	824.07	714	0.0019399	0	0.0019399	1.09266	0
metal1	18	250	880.07	714	0.000156311	0	0.000156311	1.0942	0
metal1	19	250	936.07	714	0.000156311	0	0.000156311	1.0957	0
metal1	20	250	992.07	714	0.000156311	0	0.000156311	1.09724	0
metal1	21	250	1048.07	714	0.000183895	0	0.000183895	1.09881	0
metal1	22	250	1086.21	714	7.8095e-05	0	7.8095e-05	1.09991	0
metal1	0	251	14.095	716.8	0.00024268	0	0.00024268	1.09993	0
metal1	1	251	40.07	716.8	0.00135745	0	0.00135745	1.09886	0
metal1	2	251	96.07	716.8	0.00130994	0	0.00130994	1.09672	0
metal1	3	251	108.455	716.8	0.000825342	0	0.000825342	1.09631	0
metal1	4	251	109.295	716.8	0.0011111	0	0.0011111	1.09628	0
metal1	5	251	152.07	716.8	0.00154894	0	0.00154894	1.09497	0
metal1	6	251	208.07	716.8	0.00165004	0	0.00165004	1.09347	0
metal1	7	251	264.07	716.8	0.00165004	0	0.00165004	1.09218	0
metal1	8	251	320.07	716.8	0.00178682	0	0.00178682	1.09108	0
metal1	9	251	376.07	716.8	0.00246701	0	0.00246701	1.0902	0
metal1	10	251	432.07	716.8	0.00246701	0	0.00246701	1.08963	0
metal1	11	251	488.07	716.8	0.00214814	0	0.00214814	1.08937	0
metal1	12	251	544.07	716.8	0.00101413	0	0.00101413	1.0894	0
metal1	13	251	600.07	716.8	0.00207447	0	0.00207447	1.08951	0
metal1	14	251	656.07	716.8	0.00207447	0	0.00207447	1.08991	0
metal1	15	251	712.07	716.8	0.00207447	0	0.00207447	1.09058	0
metal1	16	251	768.07	716.8	0.00207447	0	0.00207447	1.09151	0
metal1	17	251	824.07	716.8	0.0019399	0	0.0019399	1.09271	0
metal1	18	251	880.07	716.8	0.000156311	0	0.000156311	1.0942	0
metal1	19	251	936.07	716.8	0.000156311	0	0.000156311	1.0957	0
metal1	20	251	992.07	716.8	0.000156311	0	0.000156311	1.09725	0
metal1	21	251	1048.07	716.8	0.000183895	0	0.000183895	1.09883	0
metal1	22	251	1086.21	716.8	7.8095e-05	0	7.8095e-05	1.09995	0
metal1	0	252	14.095	719.6	0.00024268	0	0.00024268	1.1	0
metal1	1	252	40.07	719.6	0.00135745	0	0.00135745	1.09893	0
metal1	2	252	96.07	719.6	0.00130994	0	0.00130994	1.09679	0
metal1	3	252	108.455	719.6	0.000825342	0	0.000825342	1.09635	0
metal1	4	252	109.295	719.6	0.0011111	0	0.0011111	1.09632	0
metal1	5	252	152.07	719.6	0.00154894	0	0.00154894	1.09503	0
metal1	6	252	208.07	719.6	0.00165004	0	0.00165004	1.09353	0
metal1	7	252	264.07	719.6	0.00165004	0	0.00165004	1.09224	0
metal1	8	252	320.07	719.6	0.00178682	0	0.00178682	1.09115	0
metal1	9	252	376.07	719.6	0.00246701	0	0.00246701	1.09028	0
metal1	10	252	432.07	719.6	0.00246701	0	0.00246701	1.08971	0
metal1	11	252	488.07	719.6	0.00214814	0	0.00214814	1.08944	0
metal1	12	252	544.07	719.6	0.00101413	0	0.00101413	1.08943	0
metal1	13	252	600.07	719.6	0.00207447	0	0.00207447	1.08957	0
metal1	14	252	656.07	719.6	0.00207447	0	0.00207447	1.08998	0
metal1	15	252	712.07	719.6	0.00207447	0	0.00207447	1.09065	0
metal1	16	252	768.07	719.6	0.00207447	0	0.00207447	1.09158	0
metal1	17	252	824.07	719.6	0.0019399	0	0.0019399	1.09277	0
metal1	18	252	880.07	719.6	0.000156311	0	0.000156311	1.09421	0
metal1	19	252	936.07	719.6	0.000156311	0	0.000156311	1.0957	0
metal1	20	252	992.07	719.6	0.000156311	0	0.000156311	1.09725	0
metal1	21	252	1048.07	719.6	0.000183895	0	0.000183895	1.09886	0
metal1	22	252	1086.21	719.6	7.8095e-05	0	7.8095e-05	1.1	0
metal1	0	253	14.095	722.4	0.00024268	0	0.00024268	1.09993	0
metal1	1	253	40.07	722.4	0.00135745	0	0.00135745	1.09886	0
metal1	2	253	96.07	722.4	0.00130994	0	0.00130994	1.09671	0
metal1	3	253	108.455	722.4	0.000825342	0	0.000825342	1.0963	0
metal1	4	253	109.295	722.4	0.0011111	0	0.0011111	1.09627	0
metal1	5	253	152.07	722.4	0.00154894	0	0.00154894	1.09496	0
metal1	6	253	208.07	722.4	0.00165004	0	0.00165004	1.09345	0
metal1	7	253	264.07	722.4	0.00165004	0	0.00165004	1.09215	0
metal1	8	253	320.07	722.4	0.00178682	0	0.00178682	1.09105	0
metal1	9	253	376.07	722.4	0.00246701	0	0.00246701	1.09015	0
metal1	10	253	432.07	722.4	0.00246701	0	0.00246701	1.08958	0
metal1	11	253	488.07	722.4	0.00214814	0	0.00214814	1.08931	0
metal1	12	253	544.07	722.4	0.00101413	0	0.00101413	1.08934	0
metal1	13	253	600.07	722.4	0.00207447	0	0.00207447	1.08945	0
metal1	14	253	656.07	722.4	0.00207447	0	0.00207447	1.08985	0
metal1	15	253	712.07	722.4	0.00207447	0	0.00207447	1.09052	0
metal1	16	253	768.07	722.4	0.00207447	0	0.00207447	1.09145	0
metal1	17	253	824.07	722.4	0.0019399	0	0.0019399	1.09266	0
metal1	18	253	880.07	722.4	0.000156311	0	0.000156311	1.09416	0
metal1	19	253	936.07	722.4	0.000156311	0	0.000156311	1.09567	0
metal1	20	253	992.07	722.4	0.000156311	0	0.000156311	1.09722	0
metal1	21	253	1048.07	722.4	0.000183895	0	0.000183895	1.09882	0
metal1	22	253	1086.21	722.4	7.8095e-05	0	7.8095e-05	1.09995	0
metal1	0	254	14.095	725.2	0.00024268	0	0.00024268	1.09987	0
metal1	1	254	40.07	725.2	0.00135745	0	0.00135745	1.09881	0
metal1	2	254	96.07	725.2	0.00130994	0	0.00130994	1.09666	0
metal1	3	254	108.455	725.2	0.000825342	0	0.000825342	1.09625	0
metal1	4	254	109.295	725.2	0.0011111	0	0.0011111	1.09622	0
metal1	5	254	152.07	725.2	0.00154894	0	0.00154894	1.09489	0
metal1	6	254	208.07	725.2	0.00165004	0	0.00165004	1.09338	0
metal1	7	254	264.07	725.2	0.00165004	0	0.00165004	1.09207	0
metal1	8	254	320.07	725.2	0.00178682	0	0.00178682	1.09096	0
metal1	9	254	376.07	725.2	0.00246701	0	0.00246701	1.09005	0
metal1	10	254	432.07	725.2	0.00246701	0	0.00246701	1.08946	0
metal1	11	254	488.07	725.2	0.00214814	0	0.00214814	1.0892	0
metal1	12	254	544.07	725.2	0.00101413	0	0.00101413	1.08926	0
metal1	13	254	600.07	725.2	0.00207447	0	0.00207447	1.08934	0
metal1	14	254	656.07	725.2	0.00207447	0	0.00207447	1.08974	0
metal1	15	254	712.07	725.2	0.00207447	0	0.00207447	1.09041	0
metal1	16	254	768.07	725.2	0.00207447	0	0.00207447	1.09135	0
metal1	17	254	824.07	725.2	0.0019399	0	0.0019399	1.09256	0
metal1	18	254	880.07	725.2	0.000156311	0	0.000156311	1.09412	0
metal1	19	254	936.07	725.2	0.000156311	0	0.000156311	1.09563	0
metal1	20	254	992.07	725.2	0.000156311	0	0.000156311	1.0972	0
metal1	21	254	1048.07	725.2	0.000183895	0	0.000183895	1.0988	0
metal1	22	254	1086.21	725.2	7.8095e-05	0	7.8095e-05	1.09991	0
metal1	0	255	14.095	728	0.00024268	0	0.00024268	1.09982	0
metal1	1	255	40.07	728	0.00135745	0	0.00135745	1.09877	0
metal1	2	255	96.07	728	0.00130994	0	0.00130994	1.09661	0
metal1	3	255	108.455	728	0.000825342	0	0.000825342	1.09622	0
metal1	4	255	109.295	728	0.0011111	0	0.0011111	1.09619	0
metal1	5	255	152.07	728	0.00154894	0	0.00154894	1.09484	0
metal1	6	255	208.07	728	0.00165004	0	0.00165004	1.09332	0
metal1	7	255	264.07	728	0.00165004	0	0.00165004	1.09201	0
metal1	8	255	320.07	728	0.00178682	0	0.00178682	1.0909	0
metal1	9	255	376.07	728	0.00246701	0	0.00246701	1.08996	0
metal1	10	255	432.07	728	0.00246701	0	0.00246701	1.08937	0
metal1	11	255	488.07	728	0.00214814	0	0.00214814	1.08912	0
metal1	12	255	544.07	728	0.00101413	0	0.00101413	1.08919	0
metal1	13	255	600.07	728	0.00207447	0	0.00207447	1.08925	0
metal1	14	255	656.07	728	0.00207447	0	0.00207447	1.08965	0
metal1	15	255	712.07	728	0.00207447	0	0.00207447	1.09032	0
metal1	16	255	768.07	728	0.00207447	0	0.00207447	1.09126	0
metal1	17	255	824.07	728	0.0019399	0	0.0019399	1.09248	0
metal1	18	255	880.07	728	0.000156311	0	0.000156311	1.09408	0
metal1	19	255	936.07	728	0.000156311	0	0.000156311	1.0956	0
metal1	20	255	992.07	728	0.000156311	0	0.000156311	1.09717	0
metal1	21	255	1048.07	728	0.000183895	0	0.000183895	1.09877	0
metal1	22	255	1086.21	728	7.8095e-05	0	7.8095e-05	1.09988	0
metal1	0	256	14.095	730.8	0.00024268	0	0.00024268	1.0998	0
metal1	1	256	40.07	730.8	0.00135745	0	0.00135745	1.09874	0
metal1	2	256	96.07	730.8	0.00130994	0	0.00130994	1.09658	0
metal1	3	256	108.455	730.8	0.000825342	0	0.000825342	1.09619	0
metal1	4	256	109.295	730.8	0.0011111	0	0.0011111	1.09616	0
metal1	5	256	152.07	730.8	0.00154894	0	0.00154894	1.09481	0
metal1	6	256	208.07	730.8	0.00165004	0	0.00165004	1.09328	0
metal1	7	256	264.07	730.8	0.00165004	0	0.00165004	1.09197	0
metal1	8	256	320.07	730.8	0.00178682	0	0.00178682	1.09084	0
metal1	9	256	376.07	730.8	0.00246701	0	0.00246701	1.08989	0
metal1	10	256	432.07	730.8	0.00246701	0	0.00246701	1.0893	0
metal1	11	256	488.07	730.8	0.00214814	0	0.00214814	1.08905	0
metal1	12	256	544.07	730.8	0.00101413	0	0.00101413	1.08913	0
metal1	13	256	600.07	730.8	0.00207447	0	0.00207447	1.08918	0
metal1	14	256	656.07	730.8	0.00207447	0	0.00207447	1.08958	0
metal1	15	256	712.07	730.8	0.00207447	0	0.00207447	1.09025	0
metal1	16	256	768.07	730.8	0.00207447	0	0.00207447	1.09119	0
metal1	17	256	824.07	730.8	0.0019399	0	0.0019399	1.09241	0
metal1	18	256	880.07	730.8	0.000156311	0	0.000156311	1.09404	0
metal1	19	256	936.07	730.8	0.000156311	0	0.000156311	1.09558	0
metal1	20	256	992.07	730.8	0.000156311	0	0.000156311	1.09715	0
metal1	21	256	1048.07	730.8	0.000183895	0	0.000183895	1.09876	0
metal1	22	256	1086.21	730.8	7.8095e-05	0	7.8095e-05	1.09986	0
metal1	0	257	14.095	733.6	0.00024268	0	0.00024268	1.09978	0
metal1	1	257	40.07	733.6	0.00135745	0	0.00135745	1.09873	0
metal1	2	257	96.07	733.6	0.00130994	0	0.00130994	1.09656	0
metal1	3	257	108.455	733.6	0.000825342	0	0.000825342	1.09618	0
metal1	4	257	109.295	733.6	0.0011111	0	0.0011111	1.09615	0
metal1	5	257	152.07	733.6	0.00154894	0	0.00154894	1.09479	0
metal1	6	257	208.07	733.6	0.00165004	0	0.00165004	1.09325	0
metal1	7	257	264.07	733.6	0.00165004	0	0.00165004	1.09194	0
metal1	8	257	320.07	733.6	0.00178682	0	0.00178682	1.09081	0
metal1	9	257	376.07	733.6	0.00246701	0	0.00246701	1.08985	0
metal1	10	257	432.07	733.6	0.00246701	0	0.00246701	1.08926	0
metal1	11	257	488.07	733.6	0.00214814	0	0.00214814	1.089	0
metal1	12	257	544.07	733.6	0.00101413	0	0.00101413	1.08909	0
metal1	13	257	600.07	733.6	0.00207447	0	0.00207447	1.08912	0
metal1	14	257	656.07	733.6	0.00207447	0	0.00207447	1.08952	0
metal1	15	257	712.07	733.6	0.00207447	0	0.00207447	1.09019	0
metal1	16	257	768.07	733.6	0.00207447	0	0.00207447	1.09114	0
metal1	17	257	824.07	733.6	0.0019399	0	0.0019399	1.09237	0
metal1	18	257	880.07	733.6	0.000156311	0	0.000156311	1.09401	0
metal1	19	257	936.07	733.6	0.000156311	0	0.000156311	1.09555	0
metal1	20	257	992.07	733.6	0.000156311	0	0.000156311	1.09714	0
metal1	21	257	1048.07	733.6	0.000183895	0	0.000183895	1.09875	0
metal1	22	257	1086.21	733.6	7.8095e-05	0	7.8095e-05	1.09985	0
metal1	0	258	14.095	736.4	0.00024268	0	0.00024268	1.09979	0
metal1	1	258	40.07	736.4	0.00135745	0	0.00135745	1.09873	0
metal1	2	258	96.07	736.4	0.00130994	0	0.00130994	1.09656	0
metal1	3	258	108.455	736.4	0.000825342	0	0.000825342	1.09617	0
metal1	4	258	109.295	736.4	0.0011111	0	0.0011111	1.09614	0
metal1	5	258	152.07	736.4	0.00154894	0	0.00154894	1.09478	0
metal1	6	258	208.07	736.4	0.00165004	0	0.00165004	1.09324	0
metal1	7	258	264.07	736.4	0.00165004	0	0.00165004	1.09192	0
metal1	8	258	320.07	736.4	0.00178682	0	0.00178682	1.09079	0
metal1	9	258	376.07	736.4	0.00246701	0	0.00246701	1.08983	0
metal1	10	258	432.07	736.4	0.00246701	0	0.00246701	1.08923	0
metal1	11	258	488.07	736.4	0.00214814	0	0.00214814	1.08897	0
metal1	12	258	544.07	736.4	0.00101413	0	0.00101413	1.08905	0
metal1	13	258	600.07	736.4	0.00207447	0	0.00207447	1.08909	0
metal1	14	258	656.07	736.4	0.00207447	0	0.00207447	1.08949	0
metal1	15	258	712.07	736.4	0.00207447	0	0.00207447	1.09016	0
metal1	16	258	768.07	736.4	0.00207447	0	0.00207447	1.0911	0
metal1	17	258	824.07	736.4	0.0019399	0	0.0019399	1.09234	0
metal1	18	258	880.07	736.4	0.000156311	0	0.000156311	1.09399	0
metal1	19	258	936.07	736.4	0.000156311	0	0.000156311	1.09553	0
metal1	20	258	992.07	736.4	0.000156311	0	0.000156311	1.09712	0
metal1	21	258	1048.07	736.4	0.000183895	0	0.000183895	1.09874	0
metal1	22	258	1086.21	736.4	7.8095e-05	0	7.8095e-05	1.09985	0
metal1	0	259	14.095	739.2	0.00024268	0	0.00024268	1.0998	0
metal1	1	259	40.07	739.2	0.00135745	0	0.00135745	1.09874	0
metal1	2	259	96.07	739.2	0.00130994	0	0.00130994	1.09657	0
metal1	3	259	108.455	739.2	0.000825342	0	0.000825342	1.09618	0
metal1	4	259	109.295	739.2	0.0011111	0	0.0011111	1.09615	0
metal1	5	259	152.07	739.2	0.00154894	0	0.00154894	1.09479	0
metal1	6	259	208.07	739.2	0.00165004	0	0.00165004	1.09325	0
metal1	7	259	264.07	739.2	0.00165004	0	0.00165004	1.09192	0
metal1	8	259	320.07	739.2	0.00178682	0	0.00178682	1.09079	0
metal1	9	259	376.07	739.2	0.00246701	0	0.00246701	1.08983	0
metal1	10	259	432.07	739.2	0.00246701	0	0.00246701	1.08923	0
metal1	11	259	488.07	739.2	0.00214814	0	0.00214814	1.08896	0
metal1	12	259	544.07	739.2	0.00101413	0	0.00101413	1.08903	0
metal1	13	259	600.07	739.2	0.00207447	0	0.00207447	1.08907	0
metal1	14	259	656.07	739.2	0.00207447	0	0.00207447	1.08947	0
metal1	15	259	712.07	739.2	0.00207447	0	0.00207447	1.09014	0
metal1	16	259	768.07	739.2	0.00207447	0	0.00207447	1.09109	0
metal1	17	259	824.07	739.2	0.0019399	0	0.0019399	1.09233	0
metal1	18	259	880.07	739.2	0.000156311	0	0.000156311	1.09396	0
metal1	19	259	936.07	739.2	0.000156311	0	0.000156311	1.09551	0
metal1	20	259	992.07	739.2	0.000156311	0	0.000156311	1.09711	0
metal1	21	259	1048.07	739.2	0.000183895	0	0.000183895	1.09874	0
metal1	22	259	1086.21	739.2	7.8095e-05	0	7.8095e-05	1.09986	0
metal1	0	260	14.095	742	0.00024268	0	0.00024268	1.09984	0
metal1	1	260	40.07	742	0.00135745	0	0.00135745	1.09877	0
metal1	2	260	96.07	742	0.00130994	0	0.00130994	1.0966	0
metal1	3	260	108.455	742	0.000825342	0	0.000825342	1.09619	0
metal1	4	260	109.295	742	0.0011111	0	0.0011111	1.09616	0
metal1	5	260	152.07	742	0.00154894	0	0.00154894	1.09481	0
metal1	6	260	208.07	742	0.00165004	0	0.00165004	1.09327	0
metal1	7	260	264.07	742	0.00165004	0	0.00165004	1.09194	0
metal1	8	260	320.07	742	0.00178682	0	0.00178682	1.09081	0
metal1	9	260	376.07	742	0.00246701	0	0.00246701	1.08985	0
metal1	10	260	432.07	742	0.00246701	0	0.00246701	1.08924	0
metal1	11	260	488.07	742	0.00214814	0	0.00214814	1.08896	0
metal1	12	260	544.07	742	0.00101413	0	0.00101413	1.08902	0
metal1	13	260	600.07	742	0.00207447	0	0.00207447	1.08907	0
metal1	14	260	656.07	742	0.00207447	0	0.00207447	1.08947	0
metal1	15	260	712.07	742	0.00207447	0	0.00207447	1.09015	0
metal1	16	260	768.07	742	0.00207447	0	0.00207447	1.09109	0
metal1	17	260	824.07	742	0.0019399	0	0.0019399	1.09233	0
metal1	18	260	880.07	742	0.000156311	0	0.000156311	1.09394	0
metal1	19	260	936.07	742	0.000156311	0	0.000156311	1.0955	0
metal1	20	260	992.07	742	0.000156311	0	0.000156311	1.09711	0
metal1	21	260	1048.07	742	0.000183895	0	0.000183895	1.09875	0
metal1	22	260	1086.21	742	7.8095e-05	0	7.8095e-05	1.09988	0
metal1	0	261	14.095	744.8	0.00024268	0	0.00024268	1.09988	0
metal1	1	261	40.07	744.8	0.00135745	0	0.00135745	1.09881	0
metal1	2	261	96.07	744.8	0.00130994	0	0.00130994	1.09663	0
metal1	3	261	108.455	744.8	0.000825342	0	0.000825342	1.09622	0
metal1	4	261	109.295	744.8	0.0011111	0	0.0011111	1.09619	0
metal1	5	261	152.07	744.8	0.00154894	0	0.00154894	1.09485	0
metal1	6	261	208.07	744.8	0.00165004	0	0.00165004	1.09331	0
metal1	7	261	264.07	744.8	0.00165004	0	0.00165004	1.09197	0
metal1	8	261	320.07	744.8	0.00178682	0	0.00178682	1.09084	0
metal1	9	261	376.07	744.8	0.00246701	0	0.00246701	1.08989	0
metal1	10	261	432.07	744.8	0.00246701	0	0.00246701	1.08928	0
metal1	11	261	488.07	744.8	0.00214814	0	0.00214814	1.08899	0
metal1	12	261	544.07	744.8	0.00101413	0	0.00101413	1.08902	0
metal1	13	261	600.07	744.8	0.00207447	0	0.00207447	1.08909	0
metal1	14	261	656.07	744.8	0.00207447	0	0.00207447	1.08949	0
metal1	15	261	712.07	744.8	0.00207447	0	0.00207447	1.09017	0
metal1	16	261	768.07	744.8	0.00207447	0	0.00207447	1.09112	0
metal1	17	261	824.07	744.8	0.0019399	0	0.0019399	1.09235	0
metal1	18	261	880.07	744.8	0.000156311	0	0.000156311	1.09393	0
metal1	19	261	936.07	744.8	0.000156311	0	0.000156311	1.09549	0
metal1	20	261	992.07	744.8	0.000156311	0	0.000156311	1.0971	0
metal1	21	261	1048.07	744.8	0.000183895	0	0.000183895	1.09876	0
metal1	22	261	1086.21	744.8	7.8095e-05	0	7.8095e-05	1.09992	0
metal1	0	262	14.095	747.6	0.00024268	0	0.00024268	1.09995	0
metal1	1	262	40.07	747.6	0.00135745	0	0.00135745	1.09886	0
metal1	2	262	96.07	747.6	0.00130994	0	0.00130994	1.09669	0
metal1	3	262	108.455	747.6	0.000825342	0	0.000825342	1.09626	0
metal1	4	262	109.295	747.6	0.0011111	0	0.0011111	1.09623	0
metal1	5	262	152.07	747.6	0.00154894	0	0.00154894	1.0949	0
metal1	6	262	208.07	747.6	0.00165004	0	0.00165004	1.09336	0
metal1	7	262	264.07	747.6	0.00165004	0	0.00165004	1.09202	0
metal1	8	262	320.07	747.6	0.00178682	0	0.00178682	1.09089	0
metal1	9	262	376.07	747.6	0.00246701	0	0.00246701	1.08996	0
metal1	10	262	432.07	747.6	0.00246701	0	0.00246701	1.08934	0
metal1	11	262	488.07	747.6	0.00214814	0	0.00214814	1.08904	0
metal1	12	262	544.07	747.6	0.00101413	0	0.00101413	1.08902	0
metal1	13	262	600.07	747.6	0.00207447	0	0.00207447	1.08913	0
metal1	14	262	656.07	747.6	0.00207447	0	0.00207447	1.08953	0
metal1	15	262	712.07	747.6	0.00207447	0	0.00207447	1.09021	0
metal1	16	262	768.07	747.6	0.00207447	0	0.00207447	1.09116	0
metal1	17	262	824.07	747.6	0.0019399	0	0.0019399	1.09239	0
metal1	18	262	880.07	747.6	0.000156311	0	0.000156311	1.09391	0
metal1	19	262	936.07	747.6	0.000156311	0	0.000156311	1.09548	0
metal1	20	262	992.07	747.6	0.000156311	0	0.000156311	1.0971	0
metal1	21	262	1048.07	747.6	0.000183895	0	0.000183895	1.09878	0
metal1	22	262	1086.21	747.6	7.8095e-05	0	7.8095e-05	1.09996	0
metal1	0	263	14.095	750.4	0.00024268	0	0.00024268	1.09998	0
metal1	1	263	40.07	750.4	0.00135745	0	0.00135745	1.09889	0
metal1	2	263	96.07	750.4	0.00130994	0	0.00130994	1.09671	0
metal1	3	263	108.455	750.4	0.000825342	0	0.000825342	1.09627	0
metal1	4	263	109.295	750.4	0.0011111	0	0.0011111	1.09624	0
metal1	5	263	152.07	750.4	0.00154894	0	0.00154894	1.09492	0
metal1	6	263	208.07	750.4	0.00165004	0	0.00165004	1.09337	0
metal1	7	263	264.07	750.4	0.00165004	0	0.00165004	1.09204	0
metal1	8	263	320.07	750.4	0.00178682	0	0.00178682	1.0909	0
metal1	9	263	376.07	750.4	0.00246701	0	0.00246701	1.08998	0
metal1	10	263	432.07	750.4	0.00246701	0	0.00246701	1.08936	0
metal1	11	263	488.07	750.4	0.00214814	0	0.00214814	1.08904	0
metal1	12	263	544.07	750.4	0.00101413	0	0.00101413	1.089	0
metal1	13	263	600.07	750.4	0.00207447	0	0.00207447	1.08912	0
metal1	14	263	656.07	750.4	0.00207447	0	0.00207447	1.08952	0
metal1	15	263	712.07	750.4	0.00207447	0	0.00207447	1.0902	0
metal1	16	263	768.07	750.4	0.00207447	0	0.00207447	1.09115	0
metal1	17	263	824.07	750.4	0.0019399	0	0.0019399	1.09238	0
metal1	18	263	880.07	750.4	0.000156311	0	0.000156311	1.09389	0
metal1	19	263	936.07	750.4	0.000156311	0	0.000156311	1.09546	0
metal1	20	263	992.07	750.4	0.000156311	0	0.000156311	1.09709	0
metal1	21	263	1048.07	750.4	0.000183895	0	0.000183895	1.09878	0
metal1	22	263	1086.21	750.4	7.8095e-05	0	7.8095e-05	1.09998	0
metal1	0	264	14.095	753.2	0.00024268	0	0.00024268	1.09991	0
metal1	1	264	40.07	753.2	0.00135745	0	0.00135745	1.09883	0
metal1	2	264	96.07	753.2	0.00130994	0	0.00130994	1.09664	0
metal1	3	264	108.455	753.2	0.000825342	0	0.000825342	1.09622	0
metal1	4	264	109.295	753.2	0.0011111	0	0.0011111	1.09619	0
metal1	5	264	152.07	753.2	0.00154894	0	0.00154894	1.09484	0
metal1	6	264	208.07	753.2	0.00165004	0	0.00165004	1.09329	0
metal1	7	264	264.07	753.2	0.00165004	0	0.00165004	1.09195	0
metal1	8	264	320.07	753.2	0.00178682	0	0.00178682	1.0908	0
metal1	9	264	376.07	753.2	0.00246701	0	0.00246701	1.08985	0
metal1	10	264	432.07	753.2	0.00246701	0	0.00246701	1.08922	0
metal1	11	264	488.07	753.2	0.00214814	0	0.00214814	1.0889	0
metal1	12	264	544.07	753.2	0.00101413	0	0.00101413	1.08889	0
metal1	13	264	600.07	753.2	0.00207447	0	0.00207447	1.08898	0
metal1	14	264	656.07	753.2	0.00207447	0	0.00207447	1.08938	0
metal1	15	264	712.07	753.2	0.00207447	0	0.00207447	1.09006	0
metal1	16	264	768.07	753.2	0.00207447	0	0.00207447	1.09101	0
metal1	17	264	824.07	753.2	0.0019399	0	0.0019399	1.09225	0
metal1	18	264	880.07	753.2	0.000156311	0	0.000156311	1.09381	0
metal1	19	264	936.07	753.2	0.000156311	0	0.000156311	1.09541	0
metal1	20	264	992.07	753.2	0.000156311	0	0.000156311	1.09705	0
metal1	21	264	1048.07	753.2	0.000183895	0	0.000183895	1.09875	0
metal1	22	264	1086.21	753.2	7.8095e-05	0	7.8095e-05	1.09993	0
metal1	0	265	14.095	756	0.00024268	0	0.00024268	1.09985	0
metal1	1	265	40.07	756	0.00135745	0	0.00135745	1.09878	0
metal1	2	265	96.07	756	0.00130994	0	0.00130994	1.09659	0
metal1	3	265	108.455	756	0.000825342	0	0.000825342	1.09618	0
metal1	4	265	109.295	756	0.0011111	0	0.0011111	1.09615	0
metal1	5	265	152.07	756	0.00154894	0	0.00154894	1.09479	0
metal1	6	265	208.07	756	0.00165004	0	0.00165004	1.09323	0
metal1	7	265	264.07	756	0.00165004	0	0.00165004	1.09188	0
metal1	8	265	320.07	756	0.00178682	0	0.00178682	1.09072	0
metal1	9	265	376.07	756	0.00246701	0	0.00246701	1.08975	0
metal1	10	265	432.07	756	0.00246701	0	0.00246701	1.0891	0
metal1	11	265	488.07	756	0.00214814	0	0.00214814	1.08878	0
metal1	12	265	544.07	756	0.00101413	0	0.00101413	1.08879	0
metal1	13	265	600.07	756	0.00207447	0	0.00207447	1.08885	0
metal1	14	265	656.07	756	0.00207447	0	0.00207447	1.08925	0
metal1	15	265	712.07	756	0.00207447	0	0.00207447	1.08993	0
metal1	16	265	768.07	756	0.00207447	0	0.00207447	1.09089	0
metal1	17	265	824.07	756	0.0019399	0	0.0019399	1.09213	0
metal1	18	265	880.07	756	0.000156311	0	0.000156311	1.09374	0
metal1	19	265	936.07	756	0.000156311	0	0.000156311	1.09536	0
metal1	20	265	992.07	756	0.000156311	0	0.000156311	1.09702	0
metal1	21	265	1048.07	756	0.000183895	0	0.000183895	1.09872	0
metal1	22	265	1086.21	756	7.8095e-05	0	7.8095e-05	1.09989	0
metal1	0	266	14.095	758.8	0.00024268	0	0.00024268	1.09981	0
metal1	1	266	40.07	758.8	0.00135745	0	0.00135745	1.09874	0
metal1	2	266	96.07	758.8	0.00130994	0	0.00130994	1.09655	0
metal1	3	266	108.455	758.8	0.000825342	0	0.000825342	1.09615	0
metal1	4	266	109.295	758.8	0.0011111	0	0.0011111	1.09612	0
metal1	5	266	152.07	758.8	0.00154894	0	0.00154894	1.09474	0
metal1	6	266	208.07	758.8	0.00165004	0	0.00165004	1.09318	0
metal1	7	266	264.07	758.8	0.00165004	0	0.00165004	1.09182	0
metal1	8	266	320.07	758.8	0.00178682	0	0.00178682	1.09066	0
metal1	9	266	376.07	758.8	0.00246701	0	0.00246701	1.08966	0
metal1	10	266	432.07	758.8	0.00246701	0	0.00246701	1.08901	0
metal1	11	266	488.07	758.8	0.00214814	0	0.00214814	1.08868	0
metal1	12	266	544.07	758.8	0.00101413	0	0.00101413	1.0887	0
metal1	13	266	600.07	758.8	0.00207447	0	0.00207447	1.08875	0
metal1	14	266	656.07	758.8	0.00207447	0	0.00207447	1.08915	0
metal1	15	266	712.07	758.8	0.00207447	0	0.00207447	1.08983	0
metal1	16	266	768.07	758.8	0.00207447	0	0.00207447	1.09078	0
metal1	17	266	824.07	758.8	0.0019399	0	0.0019399	1.09203	0
metal1	18	266	880.07	758.8	0.000156311	0	0.000156311	1.09368	0
metal1	19	266	936.07	758.8	0.000156311	0	0.000156311	1.09531	0
metal1	20	266	992.07	758.8	0.000156311	0	0.000156311	1.09699	0
metal1	21	266	1048.07	758.8	0.000183895	0	0.000183895	1.09869	0
metal1	22	266	1086.21	758.8	7.8095e-05	0	7.8095e-05	1.09986	0
metal1	0	267	14.095	761.6	0.00024268	0	0.00024268	1.09979	0
metal1	1	267	40.07	761.6	0.00135745	0	0.00135745	1.09872	0
metal1	2	267	96.07	761.6	0.00130994	0	0.00130994	1.09653	0
metal1	3	267	108.455	761.6	0.000825342	0	0.000825342	1.09613	0
metal1	4	267	109.295	761.6	0.0011111	0	0.0011111	1.0961	0
metal1	5	267	152.07	761.6	0.00154894	0	0.00154894	1.09471	0
metal1	6	267	208.07	761.6	0.00165004	0	0.00165004	1.09314	0
metal1	7	267	264.07	761.6	0.00165004	0	0.00165004	1.09178	0
metal1	8	267	320.07	761.6	0.00178682	0	0.00178682	1.09061	0
metal1	9	267	376.07	761.6	0.00246701	0	0.00246701	1.0896	0
metal1	10	267	432.07	761.6	0.00246701	0	0.00246701	1.08894	0
metal1	11	267	488.07	761.6	0.00214814	0	0.00214814	1.08859	0
metal1	12	267	544.07	761.6	0.00101413	0	0.00101413	1.08862	0
metal1	13	267	600.07	761.6	0.00207447	0	0.00207447	1.08866	0
metal1	14	267	656.07	761.6	0.00207447	0	0.00207447	1.08906	0
metal1	15	267	712.07	761.6	0.00207447	0	0.00207447	1.08974	0
metal1	16	267	768.07	761.6	0.00207447	0	0.00207447	1.0907	0
metal1	17	267	824.07	761.6	0.0019399	0	0.0019399	1.09195	0
metal1	18	267	880.07	761.6	0.000156311	0	0.000156311	1.09361	0
metal1	19	267	936.07	761.6	0.000156311	0	0.000156311	1.09527	0
metal1	20	267	992.07	761.6	0.000156311	0	0.000156311	1.09696	0
metal1	21	267	1048.07	761.6	0.000183895	0	0.000183895	1.09867	0
metal1	22	267	1086.21	761.6	7.8095e-05	0	7.8095e-05	1.09985	0
metal1	0	268	14.095	764.4	0.00024268	0	0.00024268	1.09978	0
metal1	1	268	40.07	764.4	0.00135745	0	0.00135745	1.09871	0
metal1	2	268	96.07	764.4	0.00130994	0	0.00130994	1.09652	0
metal1	3	268	108.455	764.4	0.000825342	0	0.000825342	1.09612	0
metal1	4	268	109.295	764.4	0.0011111	0	0.0011111	1.09609	0
metal1	5	268	152.07	764.4	0.00154894	0	0.00154894	1.0947	0
metal1	6	268	208.07	764.4	0.00165004	0	0.00165004	1.09312	0
metal1	7	268	264.07	764.4	0.00165004	0	0.00165004	1.09176	0
metal1	8	268	320.07	764.4	0.00178682	0	0.00178682	1.09058	0
metal1	9	268	376.07	764.4	0.00246701	0	0.00246701	1.08956	0
metal1	10	268	432.07	764.4	0.00246701	0	0.00246701	1.08889	0
metal1	11	268	488.07	764.4	0.00214814	0	0.00214814	1.08853	0
metal1	12	268	544.07	764.4	0.00101413	0	0.00101413	1.08855	0
metal1	13	268	600.07	764.4	0.00207447	0	0.00207447	1.08859	0
metal1	14	268	656.07	764.4	0.00207447	0	0.00207447	1.08899	0
metal1	15	268	712.07	764.4	0.00207447	0	0.00207447	1.08967	0
metal1	16	268	768.07	764.4	0.00207447	0	0.00207447	1.09063	0
metal1	17	268	824.07	764.4	0.0019399	0	0.0019399	1.09188	0
metal1	18	268	880.07	764.4	0.000156311	0	0.000156311	1.09355	0
metal1	19	268	936.07	764.4	0.000156311	0	0.000156311	1.09523	0
metal1	20	268	992.07	764.4	0.000156311	0	0.000156311	1.09693	0
metal1	21	268	1048.07	764.4	0.000183895	0	0.000183895	1.09866	0
metal1	22	268	1086.21	764.4	7.8095e-05	0	7.8095e-05	1.09984	0
metal1	0	269	14.095	767.2	0.00024268	0	0.00024268	1.09979	0
metal1	1	269	40.07	767.2	0.00135745	0	0.00135745	1.09872	0
metal1	2	269	96.07	767.2	0.00130994	0	0.00130994	1.09652	0
metal1	3	269	108.455	767.2	0.000825342	0	0.000825342	1.09612	0
metal1	4	269	109.295	767.2	0.0011111	0	0.0011111	1.09609	0
metal1	5	269	152.07	767.2	0.00154894	0	0.00154894	1.0947	0
metal1	6	269	208.07	767.2	0.00165004	0	0.00165004	1.09312	0
metal1	7	269	264.07	767.2	0.00165004	0	0.00165004	1.09175	0
metal1	8	269	320.07	767.2	0.00178682	0	0.00178682	1.09057	0
metal1	9	269	376.07	767.2	0.00246701	0	0.00246701	1.08954	0
metal1	10	269	432.07	767.2	0.00246701	0	0.00246701	1.08886	0
metal1	11	269	488.07	767.2	0.00214814	0	0.00214814	1.08849	0
metal1	12	269	544.07	767.2	0.00101413	0	0.00101413	1.08849	0
metal1	13	269	600.07	767.2	0.00207447	0	0.00207447	1.08853	0
metal1	14	269	656.07	767.2	0.00207447	0	0.00207447	1.08894	0
metal1	15	269	712.07	767.2	0.00207447	0	0.00207447	1.08962	0
metal1	16	269	768.07	767.2	0.00207447	0	0.00207447	1.09058	0
metal1	17	269	824.07	767.2	0.0019399	0	0.0019399	1.09183	0
metal1	18	269	880.07	767.2	0.000156311	0	0.000156311	1.0935	0
metal1	19	269	936.07	767.2	0.000156311	0	0.000156311	1.0952	0
metal1	20	269	992.07	767.2	0.000156311	0	0.000156311	1.09691	0
metal1	21	269	1048.07	767.2	0.000183895	0	0.000183895	1.09865	0
metal1	22	269	1086.21	767.2	7.8095e-05	0	7.8095e-05	1.09984	0
metal1	0	270	14.095	770	0.00024268	0	0.00024268	1.09981	0
metal1	1	270	40.07	770	0.00135745	0	0.00135745	1.09874	0
metal1	2	270	96.07	770	0.00130994	0	0.00130994	1.09653	0
metal1	3	270	108.455	770	0.000825342	0	0.000825342	1.09613	0
metal1	4	270	109.295	770	0.0011111	0	0.0011111	1.0961	0
metal1	5	270	152.07	770	0.00154894	0	0.00154894	1.09471	0
metal1	6	270	208.07	770	0.00165004	0	0.00165004	1.09313	0
metal1	7	270	264.07	770	0.00165004	0	0.00165004	1.09176	0
metal1	8	270	320.07	770	0.00178682	0	0.00178682	1.09057	0
metal1	9	270	376.07	770	0.00246701	0	0.00246701	1.08954	0
metal1	10	270	432.07	770	0.00246701	0	0.00246701	1.08886	0
metal1	11	270	488.07	770	0.00263749	0	0.00263749	1.08846	0
metal1	12	270	544.07	770	0.00216952	0	0.00216952	1.08844	0
metal1	13	270	600.07	770	0.00312544	0	0.00312544	1.0885	0
metal1	14	270	656.07	770	0.00312544	0	0.00312544	1.0889	0
metal1	15	270	712.07	770	0.00312544	0	0.00312544	1.08959	0
metal1	16	270	768.07	770	0.00312544	0	0.00312544	1.09055	0
metal1	17	270	824.07	770	0.00293609	0	0.00293609	1.0918	0
metal1	18	270	880.07	770	0.00115841	0	0.00115841	1.09345	0
metal1	19	270	936.07	770	0.000368072	0	0.000368072	1.09517	0
metal1	20	270	992.07	770	0.000368072	0	0.000368072	1.09689	0
metal1	21	270	1048.07	770	0.000247453	0	0.000247453	1.09865	0
metal1	22	270	1086.21	770	7.8095e-05	0	7.8095e-05	1.09986	0
metal1	0	271	14.095	772.8	0.00024268	0	0.00024268	1.09984	0
metal1	1	271	40.07	772.8	0.00135745	0	0.00135745	1.09877	0
metal1	2	271	96.07	772.8	0.00130994	0	0.00130994	1.09656	0
metal1	3	271	108.455	772.8	0.000825342	0	0.000825342	1.09615	0
metal1	4	271	109.295	772.8	0.0011111	0	0.0011111	1.09612	0
metal1	5	271	152.07	772.8	0.00154894	0	0.00154894	1.09474	0
metal1	6	271	208.07	772.8	0.00165004	0	0.00165004	1.09316	0
metal1	7	271	264.07	772.8	0.00165004	0	0.00165004	1.09178	0
metal1	8	271	320.07	772.8	0.00178682	0	0.00178682	1.09059	0
metal1	9	271	376.07	772.8	0.00246701	0	0.00246701	1.08957	0
metal1	10	271	432.07	772.8	0.00246701	0	0.00246701	1.08888	0
metal1	11	271	488.07	772.8	0.00324469	0	0.00324469	1.08846	0
metal1	12	271	544.07	772.8	0.00270251	0	0.00270251	1.08841	0
metal1	13	271	600.07	772.8	0.00270251	0	0.00270251	1.08849	0
metal1	14	271	656.07	772.8	0.00270251	0	0.00270251	1.0889	0
metal1	15	271	712.07	772.8	0.00270251	0	0.00270251	1.08958	0
metal1	16	271	768.07	772.8	0.00270251	0	0.00270251	1.09054	0
metal1	17	271	824.07	772.8	0.00270251	0	0.00270251	1.09179	0
metal1	18	271	880.07	772.8	0.00226434	0	0.00226434	1.0934	0
metal1	19	271	936.07	772.8	0.000507941	0	0.000507941	1.09514	0
metal1	20	271	992.07	772.8	0.000507941	0	0.000507941	1.09688	0
metal1	21	271	1048.07	772.8	0.000317302	0	0.000317302	1.09866	0
metal1	22	271	1086.21	772.8	7.8095e-05	0	7.8095e-05	1.09989	0
metal1	0	272	14.095	775.6	0.00024268	0	0.00024268	1.0999	0
metal1	1	272	40.07	775.6	0.00135745	0	0.00135745	1.09881	0
metal1	2	272	96.07	775.6	0.00130994	0	0.00130994	1.09661	0
metal1	3	272	108.455	775.6	0.000825342	0	0.000825342	1.09618	0
metal1	4	272	109.295	775.6	0.0011111	0	0.0011111	1.09615	0
metal1	5	272	152.07	775.6	0.00154894	0	0.00154894	1.09478	0
metal1	6	272	208.07	775.6	0.00165004	0	0.00165004	1.0932	0
metal1	7	272	264.07	775.6	0.00165004	0	0.00165004	1.09182	0
metal1	8	272	320.07	775.6	0.00178682	0	0.00178682	1.09062	0
metal1	9	272	376.07	775.6	0.00246701	0	0.00246701	1.08961	0
metal1	10	272	432.07	775.6	0.00246701	0	0.00246701	1.08891	0
metal1	11	272	488.07	775.6	0.00324469	0	0.00324469	1.08848	0
metal1	12	272	544.07	775.6	0.00270251	0	0.00270251	1.08841	0
metal1	13	272	600.07	775.6	0.00270251	0	0.00270251	1.08851	0
metal1	14	272	656.07	775.6	0.00270251	0	0.00270251	1.08892	0
metal1	15	272	712.07	775.6	0.00270251	0	0.00270251	1.0896	0
metal1	16	272	768.07	775.6	0.00270251	0	0.00270251	1.09056	0
metal1	17	272	824.07	775.6	0.00270251	0	0.00270251	1.09181	0
metal1	18	272	880.07	775.6	0.00226434	0	0.00226434	1.09338	0
metal1	19	272	936.07	775.6	0.000507941	0	0.000507941	1.09512	0
metal1	20	272	992.07	775.6	0.000507941	0	0.000507941	1.09687	0
metal1	21	272	1048.07	775.6	0.000317302	0	0.000317302	1.09867	0
metal1	22	272	1086.21	775.6	7.8095e-05	0	7.8095e-05	1.09992	0
metal1	0	273	14.095	778.4	0.00024268	0	0.00024268	1.09997	0
metal1	1	273	40.07	778.4	0.00135745	0	0.00135745	1.09887	0
metal1	2	273	96.07	778.4	0.00130994	0	0.00130994	1.09666	0
metal1	3	273	108.455	778.4	0.000825342	0	0.000825342	1.09622	0
metal1	4	273	109.295	778.4	0.0011111	0	0.0011111	1.09619	0
metal1	5	273	152.07	778.4	0.00154894	0	0.00154894	1.09484	0
metal1	6	273	208.07	778.4	0.00165004	0	0.00165004	1.09326	0
metal1	7	273	264.07	778.4	0.00165004	0	0.00165004	1.09187	0
metal1	8	273	320.07	778.4	0.00178682	0	0.00178682	1.09068	0
metal1	9	273	376.07	778.4	0.00246701	0	0.00246701	1.08968	0
metal1	10	273	432.07	778.4	0.00246701	0	0.00246701	1.08897	0
metal1	11	273	488.07	778.4	0.00324469	0	0.00324469	1.08854	0
metal1	12	273	544.07	778.4	0.00270251	0	0.00270251	1.08843	0
metal1	13	273	600.07	778.4	0.00270251	0	0.00270251	1.08855	0
metal1	14	273	656.07	778.4	0.00270251	0	0.00270251	1.08896	0
metal1	15	273	712.07	778.4	0.00270251	0	0.00270251	1.08964	0
metal1	16	273	768.07	778.4	0.00270251	0	0.00270251	1.09061	0
metal1	17	273	824.07	778.4	0.00270251	0	0.00270251	1.09185	0
metal1	18	273	880.07	778.4	0.00226434	0	0.00226434	1.09339	0
metal1	19	273	936.07	778.4	0.000507941	0	0.000507941	1.0951	0
metal1	20	273	992.07	778.4	0.000507941	0	0.000507941	1.09687	0
metal1	21	273	1048.07	778.4	0.000317302	0	0.000317302	1.09869	0
metal1	22	273	1086.21	778.4	7.8095e-05	0	7.8095e-05	1.09997	0
metal1	0	274	14.095	781.2	0.00024268	0	0.00024268	1.09995	0
metal1	1	274	40.07	781.2	0.00135745	0	0.00135745	1.09886	0
metal1	2	274	96.07	781.2	0.00130994	0	0.00130994	1.09665	0
metal1	3	274	108.455	781.2	0.000825342	0	0.000825342	1.09621	0
metal1	4	274	109.295	781.2	0.0011111	0	0.0011111	1.09618	0
metal1	5	274	152.07	781.2	0.00154894	0	0.00154894	1.09482	0
metal1	6	274	208.07	781.2	0.00165004	0	0.00165004	1.09324	0
metal1	7	274	264.07	781.2	0.00165004	0	0.00165004	1.09185	0
metal1	8	274	320.07	781.2	0.00178682	0	0.00178682	1.09065	0
metal1	9	274	376.07	781.2	0.00246701	0	0.00246701	1.08965	0
metal1	10	274	432.07	781.2	0.00246701	0	0.00246701	1.08893	0
metal1	11	274	488.07	781.2	0.00324469	0	0.00324469	1.08847	0
metal1	12	274	544.07	781.2	0.00270251	0	0.00270251	1.08836	0
metal1	13	274	600.07	781.2	0.00270251	0	0.00270251	1.08849	0
metal1	14	274	656.07	781.2	0.00270251	0	0.00270251	1.0889	0
metal1	15	274	712.07	781.2	0.00270251	0	0.00270251	1.08958	0
metal1	16	274	768.07	781.2	0.00270251	0	0.00270251	1.09055	0
metal1	17	274	824.07	781.2	0.00270251	0	0.00270251	1.09179	0
metal1	18	274	880.07	781.2	0.00226434	0	0.00226434	1.09332	0
metal1	19	274	936.07	781.2	0.000507941	0	0.000507941	1.09507	0
metal1	20	274	992.07	781.2	0.000507941	0	0.000507941	1.09684	0
metal1	21	274	1048.07	781.2	0.000317302	0	0.000317302	1.09867	0
metal1	22	274	1086.21	781.2	7.8095e-05	0	7.8095e-05	1.09997	0
metal1	0	275	14.095	784	0.00024268	0	0.00024268	1.09989	0
metal1	1	275	40.07	784	0.00135745	0	0.00135745	1.0988	0
metal1	2	275	96.07	784	0.00130994	0	0.00130994	1.09659	0
metal1	3	275	108.455	784	0.000825342	0	0.000825342	1.09617	0
metal1	4	275	109.295	784	0.0011111	0	0.0011111	1.09614	0
metal1	5	275	152.07	784	0.00154894	0	0.00154894	1.09476	0
metal1	6	275	208.07	784	0.00165004	0	0.00165004	1.09317	0
metal1	7	275	264.07	784	0.00165004	0	0.00165004	1.09177	0
metal1	8	275	320.07	784	0.00178682	0	0.00178682	1.09057	0
metal1	9	275	376.07	784	0.00246701	0	0.00246701	1.08954	0
metal1	10	275	432.07	784	0.00246701	0	0.00246701	1.08881	0
metal1	11	275	488.07	784	0.00324469	0	0.00324469	1.08832	0
metal1	12	275	544.07	784	0.00270251	0	0.00270251	1.08822	0
metal1	13	275	600.07	784	0.00270251	0	0.00270251	1.08835	0
metal1	14	275	656.07	784	0.00270251	0	0.00270251	1.08876	0
metal1	15	275	712.07	784	0.00270251	0	0.00270251	1.08945	0
metal1	16	275	768.07	784	0.00270251	0	0.00270251	1.09041	0
metal1	17	275	824.07	784	0.00270251	0	0.00270251	1.09166	0
metal1	18	275	880.07	784	0.00226434	0	0.00226434	1.0932	0
metal1	19	275	936.07	784	0.000507941	0	0.000507941	1.09502	0
metal1	20	275	992.07	784	0.000507941	0	0.000507941	1.0968	0
metal1	21	275	1048.07	784	0.000317302	0	0.000317302	1.09864	0
metal1	22	275	1086.21	784	7.8095e-05	0	7.8095e-05	1.09992	0
metal1	0	276	14.095	786.8	0.00024268	0	0.00024268	1.09984	0
metal1	1	276	40.07	786.8	0.00135745	0	0.00135745	1.09876	0
metal1	2	276	96.07	786.8	0.00130994	0	0.00130994	1.09655	0
metal1	3	276	108.455	786.8	0.000825342	0	0.000825342	1.09613	0
metal1	4	276	109.295	786.8	0.0011111	0	0.0011111	1.0961	0
metal1	5	276	152.07	786.8	0.00154894	0	0.00154894	1.09471	0
metal1	6	276	208.07	786.8	0.00165004	0	0.00165004	1.09311	0
metal1	7	276	264.07	786.8	0.00165004	0	0.00165004	1.09171	0
metal1	8	276	320.07	786.8	0.00178682	0	0.00178682	1.0905	0
metal1	9	276	376.07	786.8	0.00246701	0	0.00246701	1.08945	0
metal1	10	276	432.07	786.8	0.00246701	0	0.00246701	1.08872	0
metal1	11	276	488.07	786.8	0.00324469	0	0.00324469	1.0882	0
metal1	12	276	544.07	786.8	0.00270251	0	0.00270251	1.08811	0
metal1	13	276	600.07	786.8	0.00270251	0	0.00270251	1.08824	0
metal1	14	276	656.07	786.8	0.00270251	0	0.00270251	1.08865	0
metal1	15	276	712.07	786.8	0.00270251	0	0.00270251	1.08933	0
metal1	16	276	768.07	786.8	0.00270251	0	0.00270251	1.0903	0
metal1	17	276	824.07	786.8	0.00270251	0	0.00270251	1.09155	0
metal1	18	276	880.07	786.8	0.00226434	0	0.00226434	1.09311	0
metal1	19	276	936.07	786.8	0.000507941	0	0.000507941	1.09497	0
metal1	20	276	992.07	786.8	0.000507941	0	0.000507941	1.09677	0
metal1	21	276	1048.07	786.8	0.000317302	0	0.000317302	1.09861	0
metal1	22	276	1086.21	786.8	7.8095e-05	0	7.8095e-05	1.09988	0
metal1	0	277	14.095	789.6	0.00024268	0	0.00024268	1.0998	0
metal1	1	277	40.07	789.6	0.00135745	0	0.00135745	1.09873	0
metal1	2	277	96.07	789.6	0.00130994	0	0.00130994	1.09651	0
metal1	3	277	108.455	789.6	0.000825342	0	0.000825342	1.09611	0
metal1	4	277	109.295	789.6	0.0011111	0	0.0011111	1.09608	0
metal1	5	277	152.07	789.6	0.00154894	0	0.00154894	1.09467	0
metal1	6	277	208.07	789.6	0.00165004	0	0.00165004	1.09307	0
metal1	7	277	264.07	789.6	0.00165004	0	0.00165004	1.09167	0
metal1	8	277	320.07	789.6	0.00178682	0	0.00178682	1.09045	0
metal1	9	277	376.07	789.6	0.00246701	0	0.00246701	1.08938	0
metal1	10	277	432.07	789.6	0.00246701	0	0.00246701	1.08864	0
metal1	11	277	488.07	789.6	0.00324469	0	0.00324469	1.08811	0
metal1	12	277	544.07	789.6	0.00270251	0	0.00270251	1.08802	0
metal1	13	277	600.07	789.6	0.00270251	0	0.00270251	1.08815	0
metal1	14	277	656.07	789.6	0.00270251	0	0.00270251	1.08856	0
metal1	15	277	712.07	789.6	0.00270251	0	0.00270251	1.08925	0
metal1	16	277	768.07	789.6	0.00270251	0	0.00270251	1.09021	0
metal1	17	277	824.07	789.6	0.00270251	0	0.00270251	1.09146	0
metal1	18	277	880.07	789.6	0.00226434	0	0.00226434	1.09304	0
metal1	19	277	936.07	789.6	0.000507941	0	0.000507941	1.09494	0
metal1	20	277	992.07	789.6	0.000507941	0	0.000507941	1.09674	0
metal1	21	277	1048.07	789.6	0.000317302	0	0.000317302	1.09859	0
metal1	22	277	1086.21	789.6	7.8095e-05	0	7.8095e-05	1.09985	0
metal1	0	278	14.095	792.4	0.00024268	0	0.00024268	1.09978	0
metal1	1	278	40.07	792.4	0.00135745	0	0.00135745	1.09871	0
metal1	2	278	96.07	792.4	0.00130994	0	0.00130994	1.0965	0
metal1	3	278	108.455	792.4	0.000825342	0	0.000825342	1.09609	0
metal1	4	278	109.295	792.4	0.0011111	0	0.0011111	1.09606	0
metal1	5	278	152.07	792.4	0.00154894	0	0.00154894	1.09465	0
metal1	6	278	208.07	792.4	0.00165004	0	0.00165004	1.09304	0
metal1	7	278	264.07	792.4	0.00165004	0	0.00165004	1.09164	0
metal1	8	278	320.07	792.4	0.00178682	0	0.00178682	1.09041	0
metal1	9	278	376.07	792.4	0.00246701	0	0.00246701	1.08934	0
metal1	10	278	432.07	792.4	0.00246701	0	0.00246701	1.08859	0
metal1	11	278	488.07	792.4	0.00324469	0	0.00324469	1.08805	0
metal1	12	278	544.07	792.4	0.00270251	0	0.00270251	1.08796	0
metal1	13	278	600.07	792.4	0.00270251	0	0.00270251	1.08809	0
metal1	14	278	656.07	792.4	0.00270251	0	0.00270251	1.0885	0
metal1	15	278	712.07	792.4	0.00270251	0	0.00270251	1.08918	0
metal1	16	278	768.07	792.4	0.00270251	0	0.00270251	1.09015	0
metal1	17	278	824.07	792.4	0.00270251	0	0.00270251	1.0914	0
metal1	18	278	880.07	792.4	0.00226434	0	0.00226434	1.09298	0
metal1	19	278	936.07	792.4	0.000507941	0	0.000507941	1.09491	0
metal1	20	278	992.07	792.4	0.000507941	0	0.000507941	1.09672	0
metal1	21	278	1048.07	792.4	0.000317302	0	0.000317302	1.09858	0
metal1	22	278	1086.21	792.4	7.8095e-05	0	7.8095e-05	1.09983	0
metal1	0	279	14.095	795.2	0.00024268	0	0.00024268	1.09978	0
metal1	1	279	40.07	795.2	0.00135745	0	0.00135745	1.09871	0
metal1	2	279	96.07	795.2	0.00130994	0	0.00130994	1.09649	0
metal1	3	279	108.455	795.2	0.000825342	0	0.000825342	1.09609	0
metal1	4	279	109.295	795.2	0.0011111	0	0.0011111	1.09606	0
metal1	5	279	152.07	795.2	0.00154894	0	0.00154894	1.09465	0
metal1	6	279	208.07	795.2	0.00165004	0	0.00165004	1.09303	0
metal1	7	279	264.07	795.2	0.00165004	0	0.00165004	1.09163	0
metal1	8	279	320.07	795.2	0.00178682	0	0.00178682	1.0904	0
metal1	9	279	376.07	795.2	0.00246701	0	0.00246701	1.08931	0
metal1	10	279	432.07	795.2	0.00246701	0	0.00246701	1.08856	0
metal1	11	279	488.07	795.2	0.00324469	0	0.00324469	1.08801	0
metal1	12	279	544.07	795.2	0.00270251	0	0.00270251	1.08792	0
metal1	13	279	600.07	795.2	0.00270251	0	0.00270251	1.08805	0
metal1	14	279	656.07	795.2	0.00270251	0	0.00270251	1.08846	0
metal1	15	279	712.07	795.2	0.00270251	0	0.00270251	1.08914	0
metal1	16	279	768.07	795.2	0.00270251	0	0.00270251	1.09011	0
metal1	17	279	824.07	795.2	0.00270251	0	0.00270251	1.09137	0
metal1	18	279	880.07	795.2	0.00226434	0	0.00226434	1.09295	0
metal1	19	279	936.07	795.2	0.000507941	0	0.000507941	1.09488	0
metal1	20	279	992.07	795.2	0.000507941	0	0.000507941	1.0967	0
metal1	21	279	1048.07	795.2	0.000317302	0	0.000317302	1.09857	0
metal1	22	279	1086.21	795.2	7.8095e-05	0	7.8095e-05	1.09983	0
metal1	0	280	14.095	798	0.00024268	0	0.00024268	1.09979	0
metal1	1	280	40.07	798	0.00135745	0	0.00135745	1.09872	0
metal1	2	280	96.07	798	0.00130994	0	0.00130994	1.0965	0
metal1	3	280	108.455	798	0.000825342	0	0.000825342	1.0961	0
metal1	4	280	109.295	798	0.0011111	0	0.0011111	1.09606	0
metal1	5	280	152.07	798	0.00154894	0	0.00154894	1.09465	0
metal1	6	280	208.07	798	0.00165004	0	0.00165004	1.09304	0
metal1	7	280	264.07	798	0.00165004	0	0.00165004	1.09163	0
metal1	8	280	320.07	798	0.00178682	0	0.00178682	1.0904	0
metal1	9	280	376.07	798	0.00246701	0	0.00246701	1.08931	0
metal1	10	280	432.07	798	0.00246701	0	0.00246701	1.08856	0
metal1	11	280	488.07	798	0.00324469	0	0.00324469	1.088	0
metal1	12	280	544.07	798	0.00270251	0	0.00270251	1.08791	0
metal1	13	280	600.07	798	0.00270251	0	0.00270251	1.08803	0
metal1	14	280	656.07	798	0.00270251	0	0.00270251	1.08844	0
metal1	15	280	712.07	798	0.00270251	0	0.00270251	1.08913	0
metal1	16	280	768.07	798	0.00270251	0	0.00270251	1.0901	0
metal1	17	280	824.07	798	0.00270251	0	0.00270251	1.09135	0
metal1	18	280	880.07	798	0.00226434	0	0.00226434	1.09294	0
metal1	19	280	936.07	798	0.000507941	0	0.000507941	1.09487	0
metal1	20	280	992.07	798	0.000507941	0	0.000507941	1.09669	0
metal1	21	280	1048.07	798	0.000317302	0	0.000317302	1.09857	0
metal1	22	280	1086.21	798	7.8095e-05	0	7.8095e-05	1.09984	0
metal1	0	281	14.095	800.8	0.00024268	0	0.00024268	1.09982	0
metal1	1	281	40.07	800.8	0.00135745	0	0.00135745	1.09874	0
metal1	2	281	96.07	800.8	0.00130994	0	0.00130994	1.09652	0
metal1	3	281	108.455	800.8	0.000825342	0	0.000825342	1.09611	0
metal1	4	281	109.295	800.8	0.0011111	0	0.0011111	1.09608	0
metal1	5	281	152.07	800.8	0.00154894	0	0.00154894	1.09467	0
metal1	6	281	208.07	800.8	0.00165004	0	0.00165004	1.09306	0
metal1	7	281	264.07	800.8	0.00165004	0	0.00165004	1.09165	0
metal1	8	281	320.07	800.8	0.00178682	0	0.00178682	1.09041	0
metal1	9	281	376.07	800.8	0.00246701	0	0.00246701	1.08933	0
metal1	10	281	432.07	800.8	0.00246701	0	0.00246701	1.08857	0
metal1	11	281	488.07	800.8	0.00324469	0	0.00324469	1.08802	0
metal1	12	281	544.07	800.8	0.00270251	0	0.00270251	1.08792	0
metal1	13	281	600.07	800.8	0.00270251	0	0.00270251	1.08804	0
metal1	14	281	656.07	800.8	0.00270251	0	0.00270251	1.08845	0
metal1	15	281	712.07	800.8	0.00270251	0	0.00270251	1.08913	0
metal1	16	281	768.07	800.8	0.00270251	0	0.00270251	1.09011	0
metal1	17	281	824.07	800.8	0.00270251	0	0.00270251	1.09136	0
metal1	18	281	880.07	800.8	0.00226434	0	0.00226434	1.09294	0
metal1	19	281	936.07	800.8	0.000507941	0	0.000507941	1.09486	0
metal1	20	281	992.07	800.8	0.000507941	0	0.000507941	1.09669	0
metal1	21	281	1048.07	800.8	0.000317302	0	0.000317302	1.09857	0
metal1	22	281	1086.21	800.8	7.8095e-05	0	7.8095e-05	1.09986	0
metal1	0	282	14.095	803.6	0.00024268	0	0.00024268	1.09986	0
metal1	1	282	40.07	803.6	0.00135745	0	0.00135745	1.09877	0
metal1	2	282	96.07	803.6	0.00130994	0	0.00130994	1.09656	0
metal1	3	282	108.455	803.6	0.000825342	0	0.000825342	1.09614	0
metal1	4	282	109.295	803.6	0.0011111	0	0.0011111	1.09611	0
metal1	5	282	152.07	803.6	0.00154894	0	0.00154894	1.09471	0
metal1	6	282	208.07	803.6	0.00165004	0	0.00165004	1.0931	0
metal1	7	282	264.07	803.6	0.00165004	0	0.00165004	1.09168	0
metal1	8	282	320.07	803.6	0.00178682	0	0.00178682	1.09045	0
metal1	9	282	376.07	803.6	0.00246701	0	0.00246701	1.08937	0
metal1	10	282	432.07	803.6	0.00246701	0	0.00246701	1.08861	0
metal1	11	282	488.07	803.6	0.00324469	0	0.00324469	1.08807	0
metal1	12	282	544.07	803.6	0.00270251	0	0.00270251	1.08795	0
metal1	13	282	600.07	803.6	0.00270251	0	0.00270251	1.08808	0
metal1	14	282	656.07	803.6	0.00270251	0	0.00270251	1.08848	0
metal1	15	282	712.07	803.6	0.00270251	0	0.00270251	1.08917	0
metal1	16	282	768.07	803.6	0.00270251	0	0.00270251	1.09014	0
metal1	17	282	824.07	803.6	0.00270251	0	0.00270251	1.0914	0
metal1	18	282	880.07	803.6	0.00226434	0	0.00226434	1.09297	0
metal1	19	282	936.07	803.6	0.000507941	0	0.000507941	1.09486	0
metal1	20	282	992.07	803.6	0.000507941	0	0.000507941	1.09669	0
metal1	21	282	1048.07	803.6	0.000317302	0	0.000317302	1.09859	0
metal1	22	282	1086.21	803.6	7.8095e-05	0	7.8095e-05	1.09989	0
metal1	0	283	14.095	806.4	0.00024268	0	0.00024268	1.09992	0
metal1	1	283	40.07	806.4	0.00135745	0	0.00135745	1.09882	0
metal1	2	283	96.07	806.4	0.00130994	0	0.00130994	1.09661	0
metal1	3	283	108.455	806.4	0.000825342	0	0.000825342	1.09618	0
metal1	4	283	109.295	806.4	0.0011111	0	0.0011111	1.09615	0
metal1	5	283	152.07	806.4	0.00154894	0	0.00154894	1.09476	0
metal1	6	283	208.07	806.4	0.00165004	0	0.00165004	1.09315	0
metal1	7	283	264.07	806.4	0.00165004	0	0.00165004	1.09173	0
metal1	8	283	320.07	806.4	0.00178682	0	0.00178682	1.09049	0
metal1	9	283	376.07	806.4	0.00246701	0	0.00246701	1.08944	0
metal1	10	283	432.07	806.4	0.00246701	0	0.00246701	1.08867	0
metal1	11	283	488.07	806.4	0.00324469	0	0.00324469	1.08815	0
metal1	12	283	544.07	806.4	0.00270251	0	0.00270251	1.08801	0
metal1	13	283	600.07	806.4	0.00270251	0	0.00270251	1.08813	0
metal1	14	283	656.07	806.4	0.00270251	0	0.00270251	1.08854	0
metal1	15	283	712.07	806.4	0.00270251	0	0.00270251	1.08922	0
metal1	16	283	768.07	806.4	0.00270251	0	0.00270251	1.0902	0
metal1	17	283	824.07	806.4	0.00270251	0	0.00270251	1.09145	0
metal1	18	283	880.07	806.4	0.00226434	0	0.00226434	1.09301	0
metal1	19	283	936.07	806.4	0.000507941	0	0.000507941	1.09486	0
metal1	20	283	992.07	806.4	0.000507941	0	0.000507941	1.0967	0
metal1	21	283	1048.07	806.4	0.000317302	0	0.000317302	1.09861	0
metal1	22	283	1086.21	806.4	7.8095e-05	0	7.8095e-05	1.09993	0
metal1	0	284	14.095	809.2	0.00024268	0	0.00024268	1.09999	0
metal1	1	284	40.07	809.2	0.00135745	0	0.00135745	1.09888	0
metal1	2	284	96.07	809.2	0.00130994	0	0.00130994	1.09667	0
metal1	3	284	108.455	809.2	0.000825342	0	0.000825342	1.09622	0
metal1	4	284	109.295	809.2	0.0011111	0	0.0011111	1.09619	0
metal1	5	284	152.07	809.2	0.00154894	0	0.00154894	1.09482	0
metal1	6	284	208.07	809.2	0.00165004	0	0.00165004	1.09322	0
metal1	7	284	264.07	809.2	0.00165004	0	0.00165004	1.0918	0
metal1	8	284	320.07	809.2	0.00178682	0	0.00178682	1.09056	0
metal1	9	284	376.07	809.2	0.00246701	0	0.00246701	1.08952	0
metal1	10	284	432.07	809.2	0.00246701	0	0.00246701	1.08876	0
metal1	11	284	488.07	809.2	0.00324469	0	0.00324469	1.08825	0
metal1	12	284	544.07	809.2	0.00270251	0	0.00270251	1.08809	0
metal1	13	284	600.07	809.2	0.00270251	0	0.00270251	1.08821	0
metal1	14	284	656.07	809.2	0.00270251	0	0.00270251	1.08862	0
metal1	15	284	712.07	809.2	0.00270251	0	0.00270251	1.0893	0
metal1	16	284	768.07	809.2	0.00270251	0	0.00270251	1.09028	0
metal1	17	284	824.07	809.2	0.00270251	0	0.00270251	1.09153	0
metal1	18	284	880.07	809.2	0.00226434	0	0.00226434	1.09308	0
metal1	19	284	936.07	809.2	0.000507941	0	0.000507941	1.09487	0
metal1	20	284	992.07	809.2	0.000507941	0	0.000507941	1.09672	0
metal1	21	284	1048.07	809.2	0.000317302	0	0.000317302	1.09863	0
metal1	22	284	1086.21	809.2	7.8095e-05	0	7.8095e-05	1.09999	0
metal1	0	285	14.095	812	0.00024268	0	0.00024268	1.09994	0
metal1	1	285	40.07	812	0.00135745	0	0.00135745	1.09884	0
metal1	2	285	96.07	812	0.00130994	0	0.00130994	1.09663	0
metal1	3	285	108.455	812	0.000825342	0	0.000825342	1.09619	0
metal1	4	285	109.295	812	0.0011111	0	0.0011111	1.09616	0
metal1	5	285	152.07	812	0.00154894	0	0.00154894	1.09478	0
metal1	6	285	208.07	812	0.00165004	0	0.00165004	1.09317	0
metal1	7	285	264.07	812	0.00165004	0	0.00165004	1.09174	0
metal1	8	285	320.07	812	0.00178682	0	0.00178682	1.0905	0
metal1	9	285	376.07	812	0.00246701	0	0.00246701	1.08945	0
metal1	10	285	432.07	812	0.00246701	0	0.00246701	1.08868	0
metal1	11	285	488.07	812	0.00324469	0	0.00324469	1.08815	0
metal1	12	285	544.07	812	0.00270251	0	0.00270251	1.088	0
metal1	13	285	600.07	812	0.00270251	0	0.00270251	1.08812	0
metal1	14	285	656.07	812	0.00270251	0	0.00270251	1.08852	0
metal1	15	285	712.07	812	0.00270251	0	0.00270251	1.08921	0
metal1	16	285	768.07	812	0.00270251	0	0.00270251	1.09018	0
metal1	17	285	824.07	812	0.00270251	0	0.00270251	1.09144	0
metal1	18	285	880.07	812	0.00226434	0	0.00226434	1.093	0
metal1	19	285	936.07	812	0.000507941	0	0.000507941	1.09484	0
metal1	20	285	992.07	812	0.000507941	0	0.000507941	1.09669	0
metal1	21	285	1048.07	812	0.000317302	0	0.000317302	1.09861	0
metal1	22	285	1086.21	812	7.8095e-05	0	7.8095e-05	1.09995	0
metal1	0	286	14.095	814.8	0.00024268	0	0.00024268	1.09987	0
metal1	1	286	40.07	814.8	0.00135745	0	0.00135745	1.09879	0
metal1	2	286	96.07	814.8	0.00130994	0	0.00130994	1.09657	0
metal1	3	286	108.455	814.8	0.000825342	0	0.000825342	1.09615	0
metal1	4	286	109.295	814.8	0.0011111	0	0.0011111	1.09612	0
metal1	5	286	152.07	814.8	0.00154894	0	0.00154894	1.09472	0
metal1	6	286	208.07	814.8	0.00165004	0	0.00165004	1.09311	0
metal1	7	286	264.07	814.8	0.00165004	0	0.00165004	1.09168	0
metal1	8	286	320.07	814.8	0.00178682	0	0.00178682	1.09044	0
metal1	9	286	376.07	814.8	0.00246701	0	0.00246701	1.08936	0
metal1	10	286	432.07	814.8	0.00246701	0	0.00246701	1.08858	0
metal1	11	286	488.07	814.8	0.00324469	0	0.00324469	1.08803	0
metal1	12	286	544.07	814.8	0.00270251	0	0.00270251	1.08789	0
metal1	13	286	600.07	814.8	0.00270251	0	0.00270251	1.08801	0
metal1	14	286	656.07	814.8	0.00270251	0	0.00270251	1.08842	0
metal1	15	286	712.07	814.8	0.00270251	0	0.00270251	1.0891	0
metal1	16	286	768.07	814.8	0.00270251	0	0.00270251	1.09008	0
metal1	17	286	824.07	814.8	0.00270251	0	0.00270251	1.09134	0
metal1	18	286	880.07	814.8	0.00226434	0	0.00226434	1.09291	0
metal1	19	286	936.07	814.8	0.000507941	0	0.000507941	1.09481	0
metal1	20	286	992.07	814.8	0.000507941	0	0.000507941	1.09666	0
metal1	21	286	1048.07	814.8	0.000317302	0	0.000317302	1.09858	0
metal1	22	286	1086.21	814.8	7.8095e-05	0	7.8095e-05	1.0999	0
metal1	0	287	14.095	817.6	0.00024268	0	0.00024268	1.09983	0
metal1	1	287	40.07	817.6	0.00135745	0	0.00135745	1.09875	0
metal1	2	287	96.07	817.6	0.00130994	0	0.00130994	1.09654	0
metal1	3	287	108.455	817.6	0.000825342	0	0.000825342	1.09612	0
metal1	4	287	109.295	817.6	0.0011111	0	0.0011111	1.09609	0
metal1	5	287	152.07	817.6	0.00154894	0	0.00154894	1.09469	0
metal1	6	287	208.07	817.6	0.00165004	0	0.00165004	1.09306	0
metal1	7	287	264.07	817.6	0.00165004	0	0.00165004	1.09164	0
metal1	8	287	320.07	817.6	0.00178682	0	0.00178682	1.09039	0
metal1	9	287	376.07	817.6	0.00246701	0	0.00246701	1.08929	0
metal1	10	287	432.07	817.6	0.00246701	0	0.00246701	1.08851	0
metal1	11	287	488.07	817.6	0.00324469	0	0.00324469	1.08794	0
metal1	12	287	544.07	817.6	0.00270251	0	0.00270251	1.08781	0
metal1	13	287	600.07	817.6	0.00270251	0	0.00270251	1.08793	0
metal1	14	287	656.07	817.6	0.00270251	0	0.00270251	1.08833	0
metal1	15	287	712.07	817.6	0.00270251	0	0.00270251	1.08902	0
metal1	16	287	768.07	817.6	0.00270251	0	0.00270251	1.08999	0
metal1	17	287	824.07	817.6	0.00270251	0	0.00270251	1.09126	0
metal1	18	287	880.07	817.6	0.00226434	0	0.00226434	1.09285	0
metal1	19	287	936.07	817.6	0.000507941	0	0.000507941	1.09478	0
metal1	20	287	992.07	817.6	0.000507941	0	0.000507941	1.09664	0
metal1	21	287	1048.07	817.6	0.000317302	0	0.000317302	1.09856	0
metal1	22	287	1086.21	817.6	7.8095e-05	0	7.8095e-05	1.09987	0
metal1	0	288	14.095	820.4	0.00024268	0	0.00024268	1.0998	0
metal1	1	288	40.07	820.4	0.00135745	0	0.00135745	1.09872	0
metal1	2	288	96.07	820.4	0.00130994	0	0.00130994	1.09651	0
metal1	3	288	108.455	820.4	0.000825342	0	0.000825342	1.09611	0
metal1	4	288	109.295	820.4	0.0011111	0	0.0011111	1.09608	0
metal1	5	288	152.07	820.4	0.00154894	0	0.00154894	1.09466	0
metal1	6	288	208.07	820.4	0.00165004	0	0.00165004	1.09304	0
metal1	7	288	264.07	820.4	0.00165004	0	0.00165004	1.09161	0
metal1	8	288	320.07	820.4	0.00178682	0	0.00178682	1.09036	0
metal1	9	288	376.07	820.4	0.00246701	0	0.00246701	1.08925	0
metal1	10	288	432.07	820.4	0.00246701	0	0.00246701	1.08847	0
metal1	11	288	488.07	820.4	0.00324469	0	0.00324469	1.08788	0
metal1	12	288	544.07	820.4	0.00270251	0	0.00270251	1.08776	0
metal1	13	288	600.07	820.4	0.00270251	0	0.00270251	1.08788	0
metal1	14	288	656.07	820.4	0.00270251	0	0.00270251	1.08828	0
metal1	15	288	712.07	820.4	0.00270251	0	0.00270251	1.08896	0
metal1	16	288	768.07	820.4	0.00270251	0	0.00270251	1.08993	0
metal1	17	288	824.07	820.4	0.00270251	0	0.00270251	1.0912	0
metal1	18	288	880.07	820.4	0.00226434	0	0.00226434	1.0928	0
metal1	19	288	936.07	820.4	0.000507941	0	0.000507941	1.09476	0
metal1	20	288	992.07	820.4	0.000507941	0	0.000507941	1.09662	0
metal1	21	288	1048.07	820.4	0.000317302	0	0.000317302	1.09854	0
metal1	22	288	1086.21	820.4	7.8095e-05	0	7.8095e-05	1.09984	0
metal1	0	289	14.095	823.2	0.00024268	0	0.00024268	1.09978	0
metal1	1	289	40.07	823.2	0.00135745	0	0.00135745	1.09871	0
metal1	2	289	96.07	823.2	0.00130994	0	0.00130994	1.0965	0
metal1	3	289	108.455	823.2	0.000825342	0	0.000825342	1.0961	0
metal1	4	289	109.295	823.2	0.0011111	0	0.0011111	1.09607	0
metal1	5	289	152.07	823.2	0.00154894	0	0.00154894	1.09465	0
metal1	6	289	208.07	823.2	0.00165004	0	0.00165004	1.09303	0
metal1	7	289	264.07	823.2	0.00165004	0	0.00165004	1.0916	0
metal1	8	289	320.07	823.2	0.00178682	0	0.00178682	1.09034	0
metal1	9	289	376.07	823.2	0.00246701	0	0.00246701	1.08923	0
metal1	10	289	432.07	823.2	0.00246701	0	0.00246701	1.08844	0
metal1	11	289	488.07	823.2	0.00324469	0	0.00324469	1.08785	0
metal1	12	289	544.07	823.2	0.00270251	0	0.00270251	1.08773	0
metal1	13	289	600.07	823.2	0.00270251	0	0.00270251	1.08784	0
metal1	14	289	656.07	823.2	0.00270251	0	0.00270251	1.08824	0
metal1	15	289	712.07	823.2	0.00270251	0	0.00270251	1.08893	0
metal1	16	289	768.07	823.2	0.00270251	0	0.00270251	1.0899	0
metal1	17	289	824.07	823.2	0.00270251	0	0.00270251	1.09116	0
metal1	18	289	880.07	823.2	0.00226434	0	0.00226434	1.09277	0
metal1	19	289	936.07	823.2	0.000507941	0	0.000507941	1.09474	0
metal1	20	289	992.07	823.2	0.000507941	0	0.000507941	1.09661	0
metal1	21	289	1048.07	823.2	0.000317302	0	0.000317302	1.09853	0
metal1	22	289	1086.21	823.2	7.8095e-05	0	7.8095e-05	1.09983	0
metal1	0	290	14.095	826	0.00024268	0	0.00024268	1.09978	0
metal1	1	290	40.07	826	0.00135745	0	0.00135745	1.09871	0
metal1	2	290	96.07	826	0.00130994	0	0.00130994	1.0965	0
metal1	3	290	108.455	826	0.000825342	0	0.000825342	1.0961	0
metal1	4	290	109.295	826	0.0011111	0	0.0011111	1.09607	0
metal1	5	290	152.07	826	0.00154894	0	0.00154894	1.09465	0
metal1	6	290	208.07	826	0.00165004	0	0.00165004	1.09303	0
metal1	7	290	264.07	826	0.00165004	0	0.00165004	1.0916	0
metal1	8	290	320.07	826	0.00178682	0	0.00178682	1.09034	0
metal1	9	290	376.07	826	0.00246701	0	0.00246701	1.08923	0
metal1	10	290	432.07	826	0.00246701	0	0.00246701	1.08844	0
metal1	11	290	488.07	826	0.00324469	0	0.00324469	1.08784	0
metal1	12	290	544.07	826	0.00270251	0	0.00270251	1.08772	0
metal1	13	290	600.07	826	0.00270251	0	0.00270251	1.08784	0
metal1	14	290	656.07	826	0.00270251	0	0.00270251	1.08823	0
metal1	15	290	712.07	826	0.00270251	0	0.00270251	1.08892	0
metal1	16	290	768.07	826	0.00270251	0	0.00270251	1.08989	0
metal1	17	290	824.07	826	0.00270251	0	0.00270251	1.09116	0
metal1	18	290	880.07	826	0.00226434	0	0.00226434	1.09276	0
metal1	19	290	936.07	826	0.000507941	0	0.000507941	1.09474	0
metal1	20	290	992.07	826	0.000507941	0	0.000507941	1.09661	0
metal1	21	290	1048.07	826	0.000317302	0	0.000317302	1.09853	0
metal1	22	290	1086.21	826	7.8095e-05	0	7.8095e-05	1.09983	0
metal1	0	291	14.095	828.8	0.00024268	0	0.00024268	1.0998	0
metal1	1	291	40.07	828.8	0.00135745	0	0.00135745	1.09873	0
metal1	2	291	96.07	828.8	0.00130994	0	0.00130994	1.09652	0
metal1	3	291	108.455	828.8	0.000825342	0	0.000825342	1.09612	0
metal1	4	291	109.295	828.8	0.0011111	0	0.0011111	1.09608	0
metal1	5	291	152.07	828.8	0.00154894	0	0.00154894	1.09467	0
metal1	6	291	208.07	828.8	0.00165004	0	0.00165004	1.09305	0
metal1	7	291	264.07	828.8	0.00165004	0	0.00165004	1.09162	0
metal1	8	291	320.07	828.8	0.00178682	0	0.00178682	1.09036	0
metal1	9	291	376.07	828.8	0.00246701	0	0.00246701	1.08925	0
metal1	10	291	432.07	828.8	0.00246701	0	0.00246701	1.08846	0
metal1	11	291	488.07	828.8	0.00324469	0	0.00324469	1.08787	0
metal1	12	291	544.07	828.8	0.00270251	0	0.00270251	1.08774	0
metal1	13	291	600.07	828.8	0.00270251	0	0.00270251	1.08785	0
metal1	14	291	656.07	828.8	0.00270251	0	0.00270251	1.08825	0
metal1	15	291	712.07	828.8	0.00270251	0	0.00270251	1.08893	0
metal1	16	291	768.07	828.8	0.00270251	0	0.00270251	1.0899	0
metal1	17	291	824.07	828.8	0.00270251	0	0.00270251	1.09117	0
metal1	18	291	880.07	828.8	0.00226434	0	0.00226434	1.09277	0
metal1	19	291	936.07	828.8	0.000507941	0	0.000507941	1.09474	0
metal1	20	291	992.07	828.8	0.000507941	0	0.000507941	1.09661	0
metal1	21	291	1048.07	828.8	0.000317302	0	0.000317302	1.09854	0
metal1	22	291	1086.21	828.8	7.8095e-05	0	7.8095e-05	1.09984	0
metal1	0	292	14.095	831.6	0.00024268	0	0.00024268	1.09983	0
metal1	1	292	40.07	831.6	0.00135745	0	0.00135745	1.09875	0
metal1	2	292	96.07	831.6	0.00130994	0	0.00130994	1.09655	0
metal1	3	292	108.455	831.6	0.000825342	0	0.000825342	1.09614	0
metal1	4	292	109.295	831.6	0.0011111	0	0.0011111	1.09611	0
metal1	5	292	152.07	831.6	0.00154894	0	0.00154894	1.0947	0
metal1	6	292	208.07	831.6	0.00165004	0	0.00165004	1.09308	0
metal1	7	292	264.07	831.6	0.00165004	0	0.00165004	1.09165	0
metal1	8	292	320.07	831.6	0.00178682	0	0.00178682	1.0904	0
metal1	9	292	376.07	831.6	0.00246701	0	0.00246701	1.08929	0
metal1	10	292	432.07	831.6	0.00246701	0	0.00246701	1.0885	0
metal1	11	292	488.07	831.6	0.00324469	0	0.00324469	1.08792	0
metal1	12	292	544.07	831.6	0.00270251	0	0.00270251	1.08778	0
metal1	13	292	600.07	831.6	0.00270251	0	0.00270251	1.08789	0
metal1	14	292	656.07	831.6	0.00270251	0	0.00270251	1.08829	0
metal1	15	292	712.07	831.6	0.00270251	0	0.00270251	1.08897	0
metal1	16	292	768.07	831.6	0.00270251	0	0.00270251	1.08994	0
metal1	17	292	824.07	831.6	0.00270251	0	0.00270251	1.09121	0
metal1	18	292	880.07	831.6	0.00226434	0	0.00226434	1.0928	0
metal1	19	292	936.07	831.6	0.000507941	0	0.000507941	1.09475	0
metal1	20	292	992.07	831.6	0.000507941	0	0.000507941	1.09662	0
metal1	21	292	1048.07	831.6	0.000317302	0	0.000317302	1.09855	0
metal1	22	292	1086.21	831.6	7.8095e-05	0	7.8095e-05	1.09987	0
metal1	0	293	14.095	834.4	0.00024268	0	0.00024268	1.09987	0
metal1	1	293	40.07	834.4	0.00135745	0	0.00135745	1.09879	0
metal1	2	293	96.07	834.4	0.00130994	0	0.00130994	1.09659	0
metal1	3	293	108.455	834.4	0.000825342	0	0.000825342	1.09617	0
metal1	4	293	109.295	834.4	0.0011111	0	0.0011111	1.09614	0
metal1	5	293	152.07	834.4	0.00154894	0	0.00154894	1.09475	0
metal1	6	293	208.07	834.4	0.00165004	0	0.00165004	1.09313	0
metal1	7	293	264.07	834.4	0.00165004	0	0.00165004	1.0917	0
metal1	8	293	320.07	834.4	0.00178682	0	0.00178682	1.09045	0
metal1	9	293	376.07	834.4	0.00246701	0	0.00246701	1.08936	0
metal1	10	293	432.07	834.4	0.00246701	0	0.00246701	1.08856	0
metal1	11	293	488.07	834.4	0.00324469	0	0.00324469	1.088	0
metal1	12	293	544.07	834.4	0.00270251	0	0.00270251	1.08785	0
metal1	13	293	600.07	834.4	0.00270251	0	0.00270251	1.08795	0
metal1	14	293	656.07	834.4	0.00270251	0	0.00270251	1.08835	0
metal1	15	293	712.07	834.4	0.00270251	0	0.00270251	1.08903	0
metal1	16	293	768.07	834.4	0.00270251	0	0.00270251	1.09	0
metal1	17	293	824.07	834.4	0.00270251	0	0.00270251	1.09127	0
metal1	18	293	880.07	834.4	0.00226434	0	0.00226434	1.09285	0
metal1	19	293	936.07	834.4	0.000507941	0	0.000507941	1.09476	0
metal1	20	293	992.07	834.4	0.000507941	0	0.000507941	1.09663	0
metal1	21	293	1048.07	834.4	0.000317302	0	0.000317302	1.09857	0
metal1	22	293	1086.21	834.4	7.8095e-05	0	7.8095e-05	1.0999	0
metal1	0	294	14.095	837.2	0.00024268	0	0.00024268	1.09994	0
metal1	1	294	40.07	837.2	0.00135745	0	0.00135745	1.09885	0
metal1	2	294	96.07	837.2	0.00130994	0	0.00130994	1.09665	0
metal1	3	294	108.455	837.2	0.000825342	0	0.000825342	1.09622	0
metal1	4	294	109.295	837.2	0.0011111	0	0.0011111	1.09619	0
metal1	5	294	152.07	837.2	0.00154894	0	0.00154894	1.09481	0
metal1	6	294	208.07	837.2	0.00165004	0	0.00165004	1.09319	0
metal1	7	294	264.07	837.2	0.00165004	0	0.00165004	1.09177	0
metal1	8	294	320.07	837.2	0.00178682	0	0.00178682	1.09052	0
metal1	9	294	376.07	837.2	0.00246701	0	0.00246701	1.08944	0
metal1	10	294	432.07	837.2	0.00246701	0	0.00246701	1.08865	0
metal1	11	294	488.07	837.2	0.00324469	0	0.00324469	1.0881	0
metal1	12	294	544.07	837.2	0.00270251	0	0.00270251	1.08793	0
metal1	13	294	600.07	837.2	0.00270251	0	0.00270251	1.08804	0
metal1	14	294	656.07	837.2	0.00270251	0	0.00270251	1.08843	0
metal1	15	294	712.07	837.2	0.00270251	0	0.00270251	1.08912	0
metal1	16	294	768.07	837.2	0.00270251	0	0.00270251	1.09009	0
metal1	17	294	824.07	837.2	0.00270251	0	0.00270251	1.09135	0
metal1	18	294	880.07	837.2	0.00226434	0	0.00226434	1.09292	0
metal1	19	294	936.07	837.2	0.000507941	0	0.000507941	1.09478	0
metal1	20	294	992.07	837.2	0.000507941	0	0.000507941	1.09665	0
metal1	21	294	1048.07	837.2	0.000317302	0	0.000317302	1.09859	0
metal1	22	294	1086.21	837.2	7.8095e-05	0	7.8095e-05	1.09995	0
metal1	0	295	14.095	840	0.00024268	0	0.00024268	1.09999	0
metal1	1	295	40.07	840	0.00135745	0	0.00135745	1.09889	0
metal1	2	295	96.07	840	0.00130994	0	0.00130994	1.0967	0
metal1	3	295	108.455	840	0.000825342	0	0.000825342	1.09626	0
metal1	4	295	109.295	840	0.0011111	0	0.0011111	1.09623	0
metal1	5	295	152.07	840	0.00154894	0	0.00154894	1.09486	0
metal1	6	295	208.07	840	0.00165004	0	0.00165004	1.09325	0
metal1	7	295	264.07	840	0.00165004	0	0.00165004	1.09182	0
metal1	8	295	320.07	840	0.00178682	0	0.00178682	1.09058	0
metal1	9	295	376.07	840	0.00246701	0	0.00246701	1.08952	0
metal1	10	295	432.07	840	0.00246701	0	0.00246701	1.08873	0
metal1	11	295	488.07	840	0.00324469	0	0.00324469	1.0882	0
metal1	12	295	544.07	840	0.00270251	0	0.00270251	1.08801	0
metal1	13	295	600.07	840	0.00270251	0	0.00270251	1.08812	0
metal1	14	295	656.07	840	0.00270251	0	0.00270251	1.08851	0
metal1	15	295	712.07	840	0.00270251	0	0.00270251	1.08919	0
metal1	16	295	768.07	840	0.00270251	0	0.00270251	1.09016	0
metal1	17	295	824.07	840	0.00270251	0	0.00270251	1.09143	0
metal1	18	295	880.07	840	0.00226434	0	0.00226434	1.09299	0
metal1	19	295	936.07	840	0.000507941	0	0.000507941	1.0948	0
metal1	20	295	992.07	840	0.000507941	0	0.000507941	1.09667	0
metal1	21	295	1048.07	840	0.000317302	0	0.000317302	1.09861	0
metal1	22	295	1086.21	840	7.8095e-05	0	7.8095e-05	1.09999	0
metal1	0	296	14.095	842.8	0.00024268	0	0.00024268	1.09992	0
metal1	1	296	40.07	842.8	0.00135745	0	0.00135745	1.09884	0
metal1	2	296	96.07	842.8	0.00130994	0	0.00130994	1.09665	0
metal1	3	296	108.455	842.8	0.000825342	0	0.000825342	1.09622	0
metal1	4	296	109.295	842.8	0.0011111	0	0.0011111	1.09619	0
metal1	5	296	152.07	842.8	0.00154894	0	0.00154894	1.09481	0
metal1	6	296	208.07	842.8	0.00165004	0	0.00165004	1.0932	0
metal1	7	296	264.07	842.8	0.00165004	0	0.00165004	1.09177	0
metal1	8	296	320.07	842.8	0.00178682	0	0.00178682	1.09052	0
metal1	9	296	376.07	842.8	0.00246701	0	0.00246701	1.08943	0
metal1	10	296	432.07	842.8	0.00246701	0	0.00246701	1.08864	0
metal1	11	296	488.07	842.8	0.00324469	0	0.00324469	1.08808	0
metal1	12	296	544.07	842.8	0.00270251	0	0.00270251	1.08791	0
metal1	13	296	600.07	842.8	0.00270251	0	0.00270251	1.08802	0
metal1	14	296	656.07	842.8	0.00270251	0	0.00270251	1.08841	0
metal1	15	296	712.07	842.8	0.00270251	0	0.00270251	1.08909	0
metal1	16	296	768.07	842.8	0.00270251	0	0.00270251	1.09006	0
metal1	17	296	824.07	842.8	0.00270251	0	0.00270251	1.09132	0
metal1	18	296	880.07	842.8	0.00226434	0	0.00226434	1.0929	0
metal1	19	296	936.07	842.8	0.000507941	0	0.000507941	1.09477	0
metal1	20	296	992.07	842.8	0.000507941	0	0.000507941	1.09664	0
metal1	21	296	1048.07	842.8	0.000317302	0	0.000317302	1.09858	0
metal1	22	296	1086.21	842.8	7.8095e-05	0	7.8095e-05	1.09993	0
metal1	0	297	14.095	845.6	0.00024268	0	0.00024268	1.09986	0
metal1	1	297	40.07	845.6	0.00135745	0	0.00135745	1.09879	0
metal1	2	297	96.07	845.6	0.00130994	0	0.00130994	1.09661	0
metal1	3	297	108.455	845.6	0.000825342	0	0.000825342	1.09619	0
metal1	4	297	109.295	845.6	0.0011111	0	0.0011111	1.09616	0
metal1	5	297	152.07	845.6	0.00154894	0	0.00154894	1.09477	0
metal1	6	297	208.07	845.6	0.00165004	0	0.00165004	1.09316	0
metal1	7	297	264.07	845.6	0.00165004	0	0.00165004	1.09173	0
metal1	8	297	320.07	845.6	0.00178682	0	0.00178682	1.09047	0
metal1	9	297	376.07	845.6	0.00246701	0	0.00246701	1.08937	0
metal1	10	297	432.07	845.6	0.00246701	0	0.00246701	1.08857	0
metal1	11	297	488.07	845.6	0.00324469	0	0.00324469	1.08799	0
metal1	12	297	544.07	845.6	0.00270251	0	0.00270251	1.08784	0
metal1	13	297	600.07	845.6	0.00270251	0	0.00270251	1.08794	0
metal1	14	297	656.07	845.6	0.00270251	0	0.00270251	1.08833	0
metal1	15	297	712.07	845.6	0.00270251	0	0.00270251	1.08901	0
metal1	16	297	768.07	845.6	0.00270251	0	0.00270251	1.08997	0
metal1	17	297	824.07	845.6	0.00270251	0	0.00270251	1.09124	0
metal1	18	297	880.07	845.6	0.00226434	0	0.00226434	1.09283	0
metal1	19	297	936.07	845.6	0.000507941	0	0.000507941	1.09475	0
metal1	20	297	992.07	845.6	0.000507941	0	0.000507941	1.09662	0
metal1	21	297	1048.07	845.6	0.000317302	0	0.000317302	1.09856	0
metal1	22	297	1086.21	845.6	7.8095e-05	0	7.8095e-05	1.09989	0
metal1	0	298	14.095	848.4	0.00024268	0	0.00024268	1.09982	0
metal1	1	298	40.07	848.4	0.00135745	0	0.00135745	1.09876	0
metal1	2	298	96.07	848.4	0.00130994	0	0.00130994	1.09658	0
metal1	3	298	108.455	848.4	0.000825342	0	0.000825342	1.09618	0
metal1	4	298	109.295	848.4	0.0011111	0	0.0011111	1.09614	0
metal1	5	298	152.07	848.4	0.00154894	0	0.00154894	1.09475	0
metal1	6	298	208.07	848.4	0.00165004	0	0.00165004	1.09313	0
metal1	7	298	264.07	848.4	0.00165004	0	0.00165004	1.09171	0
metal1	8	298	320.07	848.4	0.00178682	0	0.00178682	1.09045	0
metal1	9	298	376.07	848.4	0.00246701	0	0.00246701	1.08933	0
metal1	10	298	432.07	848.4	0.00246701	0	0.00246701	1.08853	0
metal1	11	298	488.07	848.4	0.00324469	0	0.00324469	1.08793	0
metal1	12	298	544.07	848.4	0.00270251	0	0.00270251	1.08778	0
metal1	13	298	600.07	848.4	0.00270251	0	0.00270251	1.08788	0
metal1	14	298	656.07	848.4	0.00270251	0	0.00270251	1.08827	0
metal1	15	298	712.07	848.4	0.00270251	0	0.00270251	1.08895	0
metal1	16	298	768.07	848.4	0.00270251	0	0.00270251	1.08992	0
metal1	17	298	824.07	848.4	0.00270251	0	0.00270251	1.09118	0
metal1	18	298	880.07	848.4	0.00226434	0	0.00226434	1.09278	0
metal1	19	298	936.07	848.4	0.000507941	0	0.000507941	1.09473	0
metal1	20	298	992.07	848.4	0.000507941	0	0.000507941	1.09661	0
metal1	21	298	1048.07	848.4	0.000317302	0	0.000317302	1.09854	0
metal1	22	298	1086.21	848.4	7.8095e-05	0	7.8095e-05	1.09986	0
metal1	0	299	14.095	851.2	0.00024268	0	0.00024268	1.09979	0
metal1	1	299	40.07	851.2	0.00135745	0	0.00135745	1.09874	0
metal1	2	299	96.07	851.2	0.00130994	0	0.00130994	1.09657	0
metal1	3	299	108.455	851.2	0.000825342	0	0.000825342	1.09617	0
metal1	4	299	109.295	851.2	0.0011111	0	0.0011111	1.09614	0
metal1	5	299	152.07	851.2	0.00154894	0	0.00154894	1.09474	0
metal1	6	299	208.07	851.2	0.00165004	0	0.00165004	1.09313	0
metal1	7	299	264.07	851.2	0.00165004	0	0.00165004	1.0917	0
metal1	8	299	320.07	851.2	0.00178682	0	0.00178682	1.09044	0
metal1	9	299	376.07	851.2	0.00246701	0	0.00246701	1.08931	0
metal1	10	299	432.07	851.2	0.00246701	0	0.00246701	1.08851	0
metal1	11	299	488.07	851.2	0.00324469	0	0.00324469	1.0879	0
metal1	12	299	544.07	851.2	0.00270251	0	0.00270251	1.08776	0
metal1	13	299	600.07	851.2	0.00270251	0	0.00270251	1.08785	0
metal1	14	299	656.07	851.2	0.00270251	0	0.00270251	1.08824	0
metal1	15	299	712.07	851.2	0.00270251	0	0.00270251	1.08892	0
metal1	16	299	768.07	851.2	0.00270251	0	0.00270251	1.08988	0
metal1	17	299	824.07	851.2	0.00270251	0	0.00270251	1.09114	0
metal1	18	299	880.07	851.2	0.00226434	0	0.00226434	1.09275	0
metal1	19	299	936.07	851.2	0.000507941	0	0.000507941	1.09472	0
metal1	20	299	992.07	851.2	0.000507941	0	0.000507941	1.0966	0
metal1	21	299	1048.07	851.2	0.000317302	0	0.000317302	1.09853	0
metal1	22	299	1086.21	851.2	7.8095e-05	0	7.8095e-05	1.09984	0
metal1	0	300	14.095	854	0.00024268	0	0.00024268	1.09978	0
metal1	1	300	40.07	854	0.00135745	0	0.00135745	1.09873	0
metal1	2	300	96.07	854	0.00130994	0	0.00130994	1.09657	0
metal1	3	300	108.455	854	0.000825342	0	0.000825342	1.09617	0
metal1	4	300	109.295	854	0.0011111	0	0.0011111	1.09614	0
metal1	5	300	152.07	854	0.00154894	0	0.00154894	1.09474	0
metal1	6	300	208.07	854	0.00165004	0	0.00165004	1.09313	0
metal1	7	300	264.07	854	0.00165004	0	0.00165004	1.09171	0
metal1	8	300	320.07	854	0.00178682	0	0.00178682	1.09045	0
metal1	9	300	376.07	854	0.00246701	0	0.00246701	1.08932	0
metal1	10	300	432.07	854	0.00246701	0	0.00246701	1.08851	0
metal1	11	300	488.07	854	0.00324469	0	0.00324469	1.08789	0
metal1	12	300	544.07	854	0.00270251	0	0.00270251	1.08775	0
metal1	13	300	600.07	854	0.00270251	0	0.00270251	1.08785	0
metal1	14	300	656.07	854	0.00270251	0	0.00270251	1.08823	0
metal1	15	300	712.07	854	0.00270251	0	0.00270251	1.08891	0
metal1	16	300	768.07	854	0.00270251	0	0.00270251	1.08987	0
metal1	17	300	824.07	854	0.00270251	0	0.00270251	1.09113	0
metal1	18	300	880.07	854	0.00226434	0	0.00226434	1.09274	0
metal1	19	300	936.07	854	0.000507941	0	0.000507941	1.09472	0
metal1	20	300	992.07	854	0.000507941	0	0.000507941	1.0966	0
metal1	21	300	1048.07	854	0.000317302	0	0.000317302	1.09852	0
metal1	22	300	1086.21	854	7.8095e-05	0	7.8095e-05	1.09983	0
metal1	0	301	14.095	856.8	0.00024268	0	0.00024268	1.09979	0
metal1	1	301	40.07	856.8	0.00135745	0	0.00135745	1.09874	0
metal1	2	301	96.07	856.8	0.00130994	0	0.00130994	1.09658	0
metal1	3	301	108.455	856.8	0.000825342	0	0.000825342	1.09619	0
metal1	4	301	109.295	856.8	0.0011111	0	0.0011111	1.09616	0
metal1	5	301	152.07	856.8	0.00154894	0	0.00154894	1.09476	0
metal1	6	301	208.07	856.8	0.00165004	0	0.00165004	1.09315	0
metal1	7	301	264.07	856.8	0.00165004	0	0.00165004	1.09173	0
metal1	8	301	320.07	856.8	0.00178682	0	0.00178682	1.09047	0
metal1	9	301	376.07	856.8	0.00246701	0	0.00246701	1.08934	0
metal1	10	301	432.07	856.8	0.00246701	0	0.00246701	1.08853	0
metal1	11	301	488.07	856.8	0.00324469	0	0.00324469	1.08792	0
metal1	12	301	544.07	856.8	0.00270251	0	0.00270251	1.08777	0
metal1	13	301	600.07	856.8	0.00270251	0	0.00270251	1.08787	0
metal1	14	301	656.07	856.8	0.00270251	0	0.00270251	1.08825	0
metal1	15	301	712.07	856.8	0.00270251	0	0.00270251	1.08892	0
metal1	16	301	768.07	856.8	0.00270251	0	0.00270251	1.08989	0
metal1	17	301	824.07	856.8	0.00270251	0	0.00270251	1.09114	0
metal1	18	301	880.07	856.8	0.00226434	0	0.00226434	1.09275	0
metal1	19	301	936.07	856.8	0.000507941	0	0.000507941	1.09473	0
metal1	20	301	992.07	856.8	0.000507941	0	0.000507941	1.0966	0
metal1	21	301	1048.07	856.8	0.000317302	0	0.000317302	1.09853	0
metal1	22	301	1086.21	856.8	7.8095e-05	0	7.8095e-05	1.09983	0
metal1	0	302	14.095	859.6	0.00024268	0	0.00024268	1.09981	0
metal1	1	302	40.07	859.6	0.00135745	0	0.00135745	1.09876	0
metal1	2	302	96.07	859.6	0.00130994	0	0.00130994	1.09661	0
metal1	3	302	108.455	859.6	0.000825342	0	0.000825342	1.09621	0
metal1	4	302	109.295	859.6	0.0011111	0	0.0011111	1.09618	0
metal1	5	302	152.07	859.6	0.00154894	0	0.00154894	1.09479	0
metal1	6	302	208.07	859.6	0.00165004	0	0.00165004	1.09319	0
metal1	7	302	264.07	859.6	0.00165004	0	0.00165004	1.09177	0
metal1	8	302	320.07	859.6	0.00178682	0	0.00178682	1.09051	0
metal1	9	302	376.07	859.6	0.00246701	0	0.00246701	1.08939	0
metal1	10	302	432.07	859.6	0.00246701	0	0.00246701	1.08858	0
metal1	11	302	488.07	859.6	0.00324469	0	0.00324469	1.08797	0
metal1	12	302	544.07	859.6	0.00270251	0	0.00270251	1.08782	0
metal1	13	302	600.07	859.6	0.00270251	0	0.00270251	1.08791	0
metal1	14	302	656.07	859.6	0.00270251	0	0.00270251	1.08829	0
metal1	15	302	712.07	859.6	0.00270251	0	0.00270251	1.08896	0
metal1	16	302	768.07	859.6	0.00270251	0	0.00270251	1.08992	0
metal1	17	302	824.07	859.6	0.00270251	0	0.00270251	1.09118	0
metal1	18	302	880.07	859.6	0.00226434	0	0.00226434	1.09278	0
metal1	19	302	936.07	859.6	0.000507941	0	0.000507941	1.09474	0
metal1	20	302	992.07	859.6	0.000507941	0	0.000507941	1.09661	0
metal1	21	302	1048.07	859.6	0.000317302	0	0.000317302	1.09854	0
metal1	22	302	1086.21	859.6	7.8095e-05	0	7.8095e-05	1.09985	0
metal1	0	303	14.095	862.4	0.00024268	0	0.00024268	1.09984	0
metal1	1	303	40.07	862.4	0.00135745	0	0.00135745	1.09879	0
metal1	2	303	96.07	862.4	0.00130994	0	0.00130994	1.09665	0
metal1	3	303	108.455	862.4	0.000825342	0	0.000825342	1.09625	0
metal1	4	303	109.295	862.4	0.0011111	0	0.0011111	1.09622	0
metal1	5	303	152.07	862.4	0.00154894	0	0.00154894	1.09484	0
metal1	6	303	208.07	862.4	0.00165004	0	0.00165004	1.09325	0
metal1	7	303	264.07	862.4	0.00165004	0	0.00165004	1.09183	0
metal1	8	303	320.07	862.4	0.00178682	0	0.00178682	1.09057	0
metal1	9	303	376.07	862.4	0.00246701	0	0.00246701	1.08946	0
metal1	10	303	432.07	862.4	0.00246701	0	0.00246701	1.08865	0
metal1	11	303	488.07	862.4	0.00324469	0	0.00324469	1.08805	0
metal1	12	303	544.07	862.4	0.00270251	0	0.00270251	1.08789	0
metal1	13	303	600.07	862.4	0.00270251	0	0.00270251	1.08798	0
metal1	14	303	656.07	862.4	0.00270251	0	0.00270251	1.08835	0
metal1	15	303	712.07	862.4	0.00270251	0	0.00270251	1.08902	0
metal1	16	303	768.07	862.4	0.00270251	0	0.00270251	1.08998	0
metal1	17	303	824.07	862.4	0.00270251	0	0.00270251	1.09124	0
metal1	18	303	880.07	862.4	0.00226434	0	0.00226434	1.09283	0
metal1	19	303	936.07	862.4	0.000507941	0	0.000507941	1.09476	0
metal1	20	303	992.07	862.4	0.000507941	0	0.000507941	1.09663	0
metal1	21	303	1048.07	862.4	0.000317302	0	0.000317302	1.09855	0
metal1	22	303	1086.21	862.4	7.8095e-05	0	7.8095e-05	1.09987	0
metal1	0	304	14.095	865.2	0.00024268	0	0.00024268	1.09989	0
metal1	1	304	40.07	865.2	0.00135745	0	0.00135745	1.09884	0
metal1	2	304	96.07	865.2	0.00130994	0	0.00130994	1.09671	0
metal1	3	304	108.455	865.2	0.000825342	0	0.000825342	1.0963	0
metal1	4	304	109.295	865.2	0.0011111	0	0.0011111	1.09627	0
metal1	5	304	152.07	865.2	0.00154894	0	0.00154894	1.0949	0
metal1	6	304	208.07	865.2	0.00165004	0	0.00165004	1.09331	0
metal1	7	304	264.07	865.2	0.00165004	0	0.00165004	1.0919	0
metal1	8	304	320.07	865.2	0.00178682	0	0.00178682	1.09064	0
metal1	9	304	376.07	865.2	0.00246701	0	0.00246701	1.08955	0
metal1	10	304	432.07	865.2	0.00246701	0	0.00246701	1.08874	0
metal1	11	304	488.07	865.2	0.00324469	0	0.00324469	1.08815	0
metal1	12	304	544.07	865.2	0.00270251	0	0.00270251	1.08798	0
metal1	13	304	600.07	865.2	0.00270251	0	0.00270251	1.08807	0
metal1	14	304	656.07	865.2	0.00270251	0	0.00270251	1.08844	0
metal1	15	304	712.07	865.2	0.00270251	0	0.00270251	1.08911	0
metal1	16	304	768.07	865.2	0.00270251	0	0.00270251	1.09007	0
metal1	17	304	824.07	865.2	0.00270251	0	0.00270251	1.09132	0
metal1	18	304	880.07	865.2	0.00226434	0	0.00226434	1.0929	0
metal1	19	304	936.07	865.2	0.000507941	0	0.000507941	1.09478	0
metal1	20	304	992.07	865.2	0.000507941	0	0.000507941	1.09665	0
metal1	21	304	1048.07	865.2	0.000317302	0	0.000317302	1.09858	0
metal1	22	304	1086.21	865.2	7.8095e-05	0	7.8095e-05	1.09991	0
metal1	0	305	14.095	868	0.00024268	0	0.00024268	1.09996	0
metal1	1	305	40.07	868	0.00135745	0	0.00135745	1.0989	0
metal1	2	305	96.07	868	0.00130994	0	0.00130994	1.09677	0
metal1	3	305	108.455	868	0.000825342	0	0.000825342	1.09635	0
metal1	4	305	109.295	868	0.0011111	0	0.0011111	1.09632	0
metal1	5	305	152.07	868	0.00154894	0	0.00154894	1.09498	0
metal1	6	305	208.07	868	0.00165004	0	0.00165004	1.0934	0
metal1	7	305	264.07	868	0.00165004	0	0.00165004	1.09199	0
metal1	8	305	320.07	868	0.00178682	0	0.00178682	1.09074	0
metal1	9	305	376.07	868	0.00246701	0	0.00246701	1.08966	0
metal1	10	305	432.07	868	0.00246701	0	0.00246701	1.08885	0
metal1	11	305	488.07	868	0.00324469	0	0.00324469	1.08829	0
metal1	12	305	544.07	868	0.00270251	0	0.00270251	1.0881	0
metal1	13	305	600.07	868	0.00270251	0	0.00270251	1.08818	0
metal1	14	305	656.07	868	0.00270251	0	0.00270251	1.08855	0
metal1	15	305	712.07	868	0.00270251	0	0.00270251	1.08922	0
metal1	16	305	768.07	868	0.00270251	0	0.00270251	1.09018	0
metal1	17	305	824.07	868	0.00270251	0	0.00270251	1.09143	0
metal1	18	305	880.07	868	0.00226434	0	0.00226434	1.09299	0
metal1	19	305	936.07	868	0.000507941	0	0.000507941	1.09482	0
metal1	20	305	992.07	868	0.000507941	0	0.000507941	1.09668	0
metal1	21	305	1048.07	868	0.000317302	0	0.000317302	1.09861	0
metal1	22	305	1086.21	868	7.8095e-05	0	7.8095e-05	1.09996	0
metal1	0	306	14.095	870.8	0.00024268	0	0.00024268	1.09997	0
metal1	1	306	40.07	870.8	0.00135745	0	0.00135745	1.09891	0
metal1	2	306	96.07	870.8	0.00130994	0	0.00130994	1.0968	0
metal1	3	306	108.455	870.8	0.000825342	0	0.000825342	1.09638	0
metal1	4	306	109.295	870.8	0.0011111	0	0.0011111	1.09635	0
metal1	5	306	152.07	870.8	0.00154894	0	0.00154894	1.09502	0
metal1	6	306	208.07	870.8	0.00165004	0	0.00165004	1.09344	0
metal1	7	306	264.07	870.8	0.00165004	0	0.00165004	1.09203	0
metal1	8	306	320.07	870.8	0.00178682	0	0.00178682	1.09078	0
metal1	9	306	376.07	870.8	0.00246701	0	0.00246701	1.0897	0
metal1	10	306	432.07	870.8	0.00246701	0	0.00246701	1.08889	0
metal1	11	306	488.07	870.8	0.00324469	0	0.00324469	1.08833	0
metal1	12	306	544.07	870.8	0.00270251	0	0.00270251	1.08813	0
metal1	13	306	600.07	870.8	0.00270251	0	0.00270251	1.08822	0
metal1	14	306	656.07	870.8	0.00270251	0	0.00270251	1.08859	0
metal1	15	306	712.07	870.8	0.00270251	0	0.00270251	1.08925	0
metal1	16	306	768.07	870.8	0.00270251	0	0.00270251	1.09021	0
metal1	17	306	824.07	870.8	0.00270251	0	0.00270251	1.09146	0
metal1	18	306	880.07	870.8	0.00226434	0	0.00226434	1.09301	0
metal1	19	306	936.07	870.8	0.000507941	0	0.000507941	1.09483	0
metal1	20	306	992.07	870.8	0.000507941	0	0.000507941	1.09669	0
metal1	21	306	1048.07	870.8	0.000317302	0	0.000317302	1.09861	0
metal1	22	306	1086.21	870.8	7.8095e-05	0	7.8095e-05	1.09997	0
metal1	0	307	14.095	873.6	0.00024268	0	0.00024268	1.0999	0
metal1	1	307	40.07	873.6	0.00135745	0	0.00135745	1.09887	0
metal1	2	307	96.07	873.6	0.00130994	0	0.00130994	1.09677	0
metal1	3	307	108.455	873.6	0.000825342	0	0.000825342	1.09636	0
metal1	4	307	109.295	873.6	0.0011111	0	0.0011111	1.09633	0
metal1	5	307	152.07	873.6	0.00154894	0	0.00154894	1.09499	0
metal1	6	307	208.07	873.6	0.00165004	0	0.00165004	1.09342	0
metal1	7	307	264.07	873.6	0.00165004	0	0.00165004	1.09201	0
metal1	8	307	320.07	873.6	0.00178682	0	0.00178682	1.09076	0
metal1	9	307	376.07	873.6	0.00246701	0	0.00246701	1.08965	0
metal1	10	307	432.07	873.6	0.00246701	0	0.00246701	1.08884	0
metal1	11	307	488.07	873.6	0.00324469	0	0.00324469	1.08825	0
metal1	12	307	544.07	873.6	0.00270251	0	0.00270251	1.08806	0
metal1	13	307	600.07	873.6	0.00270251	0	0.00270251	1.08814	0
metal1	14	307	656.07	873.6	0.00270251	0	0.00270251	1.08851	0
metal1	15	307	712.07	873.6	0.00270251	0	0.00270251	1.08917	0
metal1	16	307	768.07	873.6	0.00270251	0	0.00270251	1.09013	0
metal1	17	307	824.07	873.6	0.00270251	0	0.00270251	1.09138	0
metal1	18	307	880.07	873.6	0.00226434	0	0.00226434	1.09294	0
metal1	19	307	936.07	873.6	0.000507941	0	0.000507941	1.09482	0
metal1	20	307	992.07	873.6	0.000507941	0	0.000507941	1.09667	0
metal1	21	307	1048.07	873.6	0.000317302	0	0.000317302	1.09859	0
metal1	22	307	1086.21	873.6	7.8095e-05	0	7.8095e-05	1.09992	0
metal1	0	308	14.095	876.4	0.00024268	0	0.00024268	1.09985	0
metal1	1	308	40.07	876.4	0.00135745	0	0.00135745	1.09883	0
metal1	2	308	96.07	876.4	0.00130994	0	0.00130994	1.09675	0
metal1	3	308	108.455	876.4	0.000825342	0	0.000825342	1.09636	0
metal1	4	308	109.295	876.4	0.0011111	0	0.0011111	1.09633	0
metal1	5	308	152.07	876.4	0.00154894	0	0.00154894	1.09498	0
metal1	6	308	208.07	876.4	0.00165004	0	0.00165004	1.09341	0
metal1	7	308	264.07	876.4	0.00165004	0	0.00165004	1.09201	0
metal1	8	308	320.07	876.4	0.00178682	0	0.00178682	1.09075	0
metal1	9	308	376.07	876.4	0.00246701	0	0.00246701	1.08963	0
metal1	10	308	432.07	876.4	0.00246701	0	0.00246701	1.0888	0
metal1	11	308	488.07	876.4	0.00324469	0	0.00324469	1.08819	0
metal1	12	308	544.07	876.4	0.00270251	0	0.00270251	1.08802	0
metal1	13	308	600.07	876.4	0.00270251	0	0.00270251	1.08809	0
metal1	14	308	656.07	876.4	0.00270251	0	0.00270251	1.08846	0
metal1	15	308	712.07	876.4	0.00270251	0	0.00270251	1.08912	0
metal1	16	308	768.07	876.4	0.00270251	0	0.00270251	1.09007	0
metal1	17	308	824.07	876.4	0.00270251	0	0.00270251	1.09132	0
metal1	18	308	880.07	876.4	0.00226434	0	0.00226434	1.09289	0
metal1	19	308	936.07	876.4	0.000507941	0	0.000507941	1.09481	0
metal1	20	308	992.07	876.4	0.000507941	0	0.000507941	1.09666	0
metal1	21	308	1048.07	876.4	0.000317302	0	0.000317302	1.09857	0
metal1	22	308	1086.21	876.4	7.8095e-05	0	7.8095e-05	1.09988	0
metal1	0	309	14.095	879.2	0.00024268	0	0.00024268	1.09982	0
metal1	1	309	40.07	879.2	0.00135745	0	0.00135745	1.09881	0
metal1	2	309	96.07	879.2	0.00130994	0	0.00130994	1.09674	0
metal1	3	309	108.455	879.2	0.000825342	0	0.000825342	1.09637	0
metal1	4	309	109.295	879.2	0.0011111	0	0.0011111	1.09634	0
metal1	5	309	152.07	879.2	0.00154894	0	0.00154894	1.09499	0
metal1	6	309	208.07	879.2	0.00165004	0	0.00165004	1.09342	0
metal1	7	309	264.07	879.2	0.00165004	0	0.00165004	1.09202	0
metal1	8	309	320.07	879.2	0.00178682	0	0.00178682	1.09076	0
metal1	9	309	376.07	879.2	0.00246701	0	0.00246701	1.08962	0
metal1	10	309	432.07	879.2	0.00246701	0	0.00246701	1.08879	0
metal1	11	309	488.07	879.2	0.00324469	0	0.00324469	1.08816	0
metal1	12	309	544.07	879.2	0.00270251	0	0.00270251	1.08799	0
metal1	13	309	600.07	879.2	0.00270251	0	0.00270251	1.08807	0
metal1	14	309	656.07	879.2	0.00270251	0	0.00270251	1.08843	0
metal1	15	309	712.07	879.2	0.00270251	0	0.00270251	1.08909	0
metal1	16	309	768.07	879.2	0.00270251	0	0.00270251	1.09003	0
metal1	17	309	824.07	879.2	0.00270251	0	0.00270251	1.09128	0
metal1	18	309	880.07	879.2	0.00226434	0	0.00226434	1.09286	0
metal1	19	309	936.07	879.2	0.000507941	0	0.000507941	1.09481	0
metal1	20	309	992.07	879.2	0.000507941	0	0.000507941	1.09666	0
metal1	21	309	1048.07	879.2	0.000317302	0	0.000317302	1.09856	0
metal1	22	309	1086.21	879.2	7.8095e-05	0	7.8095e-05	1.09985	0
metal1	0	310	14.095	882	0.00024268	0	0.00024268	1.0998	0
metal1	1	310	40.07	882	0.00135745	0	0.00135745	1.0988	0
metal1	2	310	96.07	882	0.00130994	0	0.00130994	1.09675	0
metal1	3	310	108.455	882	0.000825342	0	0.000825342	1.09638	0
metal1	4	310	109.295	882	0.0011111	0	0.0011111	1.09635	0
metal1	5	310	152.07	882	0.00154894	0	0.00154894	1.09501	0
metal1	6	310	208.07	882	0.00165004	0	0.00165004	1.09345	0
metal1	7	310	264.07	882	0.00165004	0	0.00165004	1.09205	0
metal1	8	310	320.07	882	0.00178682	0	0.00178682	1.09078	0
metal1	9	310	376.07	882	0.00246701	0	0.00246701	1.08963	0
metal1	10	310	432.07	882	0.00246701	0	0.00246701	1.0888	0
metal1	11	310	488.07	882	0.00324469	0	0.00324469	1.08816	0
metal1	12	310	544.07	882	0.00270251	0	0.00270251	1.08799	0
metal1	13	310	600.07	882	0.00270251	0	0.00270251	1.08807	0
metal1	14	310	656.07	882	0.00270251	0	0.00270251	1.08843	0
metal1	15	310	712.07	882	0.00270251	0	0.00270251	1.08908	0
metal1	16	310	768.07	882	0.00270251	0	0.00270251	1.09002	0
metal1	17	310	824.07	882	0.00270251	0	0.00270251	1.09127	0
metal1	18	310	880.07	882	0.00226434	0	0.00226434	1.09286	0
metal1	19	310	936.07	882	0.000507941	0	0.000507941	1.09481	0
metal1	20	310	992.07	882	0.000507941	0	0.000507941	1.09666	0
metal1	21	310	1048.07	882	0.000317302	0	0.000317302	1.09856	0
metal1	22	310	1086.21	882	7.8095e-05	0	7.8095e-05	1.09983	0
metal1	0	311	14.095	884.8	0.00024268	0	0.00024268	1.09979	0
metal1	1	311	40.07	884.8	0.00135745	0	0.00135745	1.0988	0
metal1	2	311	96.07	884.8	0.00130994	0	0.00130994	1.09678	0
metal1	3	311	108.455	884.8	0.000825342	0	0.000825342	1.09641	0
metal1	4	311	109.295	884.8	0.0011111	0	0.0011111	1.09638	0
metal1	5	311	152.07	884.8	0.00154894	0	0.00154894	1.09504	0
metal1	6	311	208.07	884.8	0.00165004	0	0.00165004	1.09349	0
metal1	7	311	264.07	884.8	0.00165004	0	0.00165004	1.09209	0
metal1	8	311	320.07	884.8	0.00178682	0	0.00178682	1.09083	0
metal1	9	311	376.07	884.8	0.00246701	0	0.00246701	1.08967	0
metal1	10	311	432.07	884.8	0.00246701	0	0.00246701	1.08883	0
metal1	11	311	488.07	884.8	0.00324469	0	0.00324469	1.08819	0
metal1	12	311	544.07	884.8	0.00270251	0	0.00270251	1.08802	0
metal1	13	311	600.07	884.8	0.00270251	0	0.00270251	1.08809	0
metal1	14	311	656.07	884.8	0.00270251	0	0.00270251	1.08844	0
metal1	15	311	712.07	884.8	0.00270251	0	0.00270251	1.08909	0
metal1	16	311	768.07	884.8	0.00270251	0	0.00270251	1.09004	0
metal1	17	311	824.07	884.8	0.00270251	0	0.00270251	1.09128	0
metal1	18	311	880.07	884.8	0.00226434	0	0.00226434	1.09287	0
metal1	19	311	936.07	884.8	0.000507941	0	0.000507941	1.09483	0
metal1	20	311	992.07	884.8	0.000507941	0	0.000507941	1.09667	0
metal1	21	311	1048.07	884.8	0.000317302	0	0.000317302	1.09856	0
metal1	22	311	1086.21	884.8	7.8095e-05	0	7.8095e-05	1.09983	0
metal1	0	312	14.095	887.6	0.00024268	0	0.00024268	1.0998	0
metal1	1	312	40.07	887.6	0.00135745	0	0.00135745	1.09882	0
metal1	2	312	96.07	887.6	0.00130994	0	0.00130994	1.09681	0
metal1	3	312	108.455	887.6	0.000825342	0	0.000825342	1.09645	0
metal1	4	312	109.295	887.6	0.0011111	0	0.0011111	1.09642	0
metal1	5	312	152.07	887.6	0.00154894	0	0.00154894	1.09509	0
metal1	6	312	208.07	887.6	0.00165004	0	0.00165004	1.09354	0
metal1	7	312	264.07	887.6	0.00165004	0	0.00165004	1.09215	0
metal1	8	312	320.07	887.6	0.00178682	0	0.00178682	1.09089	0
metal1	9	312	376.07	887.6	0.00246701	0	0.00246701	1.08973	0
metal1	10	312	432.07	887.6	0.00246701	0	0.00246701	1.08889	0
metal1	11	312	488.07	887.6	0.00324469	0	0.00324469	1.08824	0
metal1	12	312	544.07	887.6	0.00270251	0	0.00270251	1.08807	0
metal1	13	312	600.07	887.6	0.00270251	0	0.00270251	1.08813	0
metal1	14	312	656.07	887.6	0.00270251	0	0.00270251	1.08849	0
metal1	15	312	712.07	887.6	0.00270251	0	0.00270251	1.08913	0
metal1	16	312	768.07	887.6	0.00270251	0	0.00270251	1.09007	0
metal1	17	312	824.07	887.6	0.00270251	0	0.00270251	1.09131	0
metal1	18	312	880.07	887.6	0.00226434	0	0.00226434	1.0929	0
metal1	19	312	936.07	887.6	0.000507941	0	0.000507941	1.09485	0
metal1	20	312	992.07	887.6	0.000507941	0	0.000507941	1.09669	0
metal1	21	312	1048.07	887.6	0.000317302	0	0.000317302	1.09857	0
metal1	22	312	1086.21	887.6	7.8095e-05	0	7.8095e-05	1.09984	0
metal1	0	313	14.095	890.4	0.00024268	0	0.00024268	1.09982	0
metal1	1	313	40.07	890.4	0.00135745	0	0.00135745	1.09885	0
metal1	2	313	96.07	890.4	0.00130994	0	0.00130994	1.09686	0
metal1	3	313	108.455	890.4	0.000825342	0	0.000825342	1.0965	0
metal1	4	313	109.295	890.4	0.0011111	0	0.0011111	1.09647	0
metal1	5	313	152.07	890.4	0.00154894	0	0.00154894	1.09515	0
metal1	6	313	208.07	890.4	0.00165004	0	0.00165004	1.09362	0
metal1	7	313	264.07	890.4	0.00165004	0	0.00165004	1.09223	0
metal1	8	313	320.07	890.4	0.00178682	0	0.00178682	1.09096	0
metal1	9	313	376.07	890.4	0.00246701	0	0.00246701	1.08981	0
metal1	10	313	432.07	890.4	0.00246701	0	0.00246701	1.08897	0
metal1	11	313	488.07	890.4	0.00324469	0	0.00324469	1.08833	0
metal1	12	313	544.07	890.4	0.00270251	0	0.00270251	1.08814	0
metal1	13	313	600.07	890.4	0.00270251	0	0.00270251	1.0882	0
metal1	14	313	656.07	890.4	0.00270251	0	0.00270251	1.08855	0
metal1	15	313	712.07	890.4	0.00270251	0	0.00270251	1.0892	0
metal1	16	313	768.07	890.4	0.00270251	0	0.00270251	1.09014	0
metal1	17	313	824.07	890.4	0.00270251	0	0.00270251	1.09137	0
metal1	18	313	880.07	890.4	0.00226434	0	0.00226434	1.09295	0
metal1	19	313	936.07	890.4	0.000507941	0	0.000507941	1.09488	0
metal1	20	313	992.07	890.4	0.000507941	0	0.000507941	1.09671	0
metal1	21	313	1048.07	890.4	0.000317302	0	0.000317302	1.09858	0
metal1	22	313	1086.21	890.4	7.8095e-05	0	7.8095e-05	1.09985	0
metal1	0	314	14.095	893.2	0.00024268	0	0.00024268	1.09986	0
metal1	1	314	40.07	893.2	0.00135745	0	0.00135745	1.0989	0
metal1	2	314	96.07	893.2	0.00130994	0	0.00130994	1.09692	0
metal1	3	314	108.455	893.2	0.000825342	0	0.000825342	1.09655	0
metal1	4	314	109.295	893.2	0.0011111	0	0.0011111	1.09653	0
metal1	5	314	152.07	893.2	0.00154894	0	0.00154894	1.09523	0
metal1	6	314	208.07	893.2	0.00165004	0	0.00165004	1.0937	0
metal1	7	314	264.07	893.2	0.00165004	0	0.00165004	1.09232	0
metal1	8	314	320.07	893.2	0.00178682	0	0.00178682	1.09106	0
metal1	9	314	376.07	893.2	0.00246701	0	0.00246701	1.08991	0
metal1	10	314	432.07	893.2	0.00246701	0	0.00246701	1.08907	0
metal1	11	314	488.07	893.2	0.00324469	0	0.00324469	1.08844	0
metal1	12	314	544.07	893.2	0.00270251	0	0.00270251	1.08824	0
metal1	13	314	600.07	893.2	0.00270251	0	0.00270251	1.0883	0
metal1	14	314	656.07	893.2	0.00270251	0	0.00270251	1.08865	0
metal1	15	314	712.07	893.2	0.00270251	0	0.00270251	1.08929	0
metal1	16	314	768.07	893.2	0.00270251	0	0.00270251	1.09022	0
metal1	17	314	824.07	893.2	0.00270251	0	0.00270251	1.09145	0
metal1	18	314	880.07	893.2	0.00226434	0	0.00226434	1.09302	0
metal1	19	314	936.07	893.2	0.000507941	0	0.000507941	1.09491	0
metal1	20	314	992.07	893.2	0.000507941	0	0.000507941	1.09674	0
metal1	21	314	1048.07	893.2	0.000317302	0	0.000317302	1.09861	0
metal1	22	314	1086.21	893.2	7.8095e-05	0	7.8095e-05	1.09989	0
metal1	0	315	14.095	896	0.00024268	0	0.00024268	1.09991	0
metal1	1	315	40.07	896	0.00135745	0	0.00135745	1.09895	0
metal1	2	315	96.07	896	0.00130994	0	0.00130994	1.097	0
metal1	3	315	108.455	896	0.000825342	0	0.000825342	1.09662	0
metal1	4	315	109.295	896	0.0011111	0	0.0011111	1.0966	0
metal1	5	315	152.07	896	0.00154894	0	0.00154894	1.09532	0
metal1	6	315	208.07	896	0.00165004	0	0.00165004	1.09381	0
metal1	7	315	264.07	896	0.00165004	0	0.00165004	1.09243	0
metal1	8	315	320.07	896	0.00178682	0	0.00178682	1.09117	0
metal1	9	315	376.07	896	0.00246701	0	0.00246701	1.09004	0
metal1	10	315	432.07	896	0.00246701	0	0.00246701	1.08919	0
metal1	11	315	488.07	896	0.00324469	0	0.00324469	1.08857	0
metal1	12	315	544.07	896	0.00270251	0	0.00270251	1.08836	0
metal1	13	315	600.07	896	0.00270251	0	0.00270251	1.08841	0
metal1	14	315	656.07	896	0.00270251	0	0.00270251	1.08876	0
metal1	15	315	712.07	896	0.00270251	0	0.00270251	1.0894	0
metal1	16	315	768.07	896	0.00270251	0	0.00270251	1.09033	0
metal1	17	315	824.07	896	0.00270251	0	0.00270251	1.09156	0
metal1	18	315	880.07	896	0.00222248	0	0.00222248	1.09311	0
metal1	19	315	936.07	896	0.000450869	0	0.000450869	1.09495	0
metal1	20	315	992.07	896	0.000440671	0	0.000440671	1.09677	0
metal1	21	315	1048.07	896	0.000263572	0	0.000263572	1.09864	0
metal1	22	315	1086.21	896	6.61215e-05	0	6.61215e-05	1.09993	0
metal1	0	316	14.095	898.8	0.00024268	0	0.00024268	1.09998	0
metal1	1	316	40.07	898.8	0.00135745	0	0.00135745	1.09902	0
metal1	2	316	96.07	898.8	0.00130994	0	0.00130994	1.09709	0
metal1	3	316	108.455	898.8	0.000825342	0	0.000825342	1.0967	0
metal1	4	316	109.295	898.8	0.0011111	0	0.0011111	1.09668	0
metal1	5	316	152.07	898.8	0.00154894	0	0.00154894	1.09543	0
metal1	6	316	208.07	898.8	0.00165004	0	0.00165004	1.09392	0
metal1	7	316	264.07	898.8	0.00165004	0	0.00165004	1.09255	0
metal1	8	316	320.07	898.8	0.00178682	0	0.00178682	1.0913	0
metal1	9	316	376.07	898.8	0.00246701	0	0.00246701	1.09018	0
metal1	10	316	432.07	898.8	0.00246701	0	0.00246701	1.08933	0
metal1	11	316	488.07	898.8	0.00324469	0	0.00324469	1.08874	0
metal1	12	316	544.07	898.8	0.00270251	0	0.00270251	1.08851	0
metal1	13	316	600.07	898.8	0.00270251	0	0.00270251	1.08856	0
metal1	14	316	656.07	898.8	0.00270251	0	0.00270251	1.0889	0
metal1	15	316	712.07	898.8	0.00270251	0	0.00270251	1.08953	0
metal1	16	316	768.07	898.8	0.00270251	0	0.00270251	1.09046	0
metal1	17	316	824.07	898.8	0.00270251	0	0.00270251	1.09169	0
metal1	18	316	880.07	898.8	0.00199194	0	0.00199194	1.09322	0
metal1	19	316	936.07	898.8	6.62545e-05	0	6.62545e-05	1.095	0
metal1	20	316	992.07	898.8	2.02103e-05	0	2.02103e-05	1.09681	0
metal1	21	316	1048.07	898.8	0	0	0	1.09867	0
metal1	22	316	1086.21	898.8	0	0	0	1.09998	0
metal1	0	317	14.095	901.6	0.00024268	0	0.00024268	1.09996	0
metal1	1	317	40.07	901.6	0.00135745	0	0.00135745	1.09903	0
metal1	2	317	96.07	901.6	0.00130994	0	0.00130994	1.09713	0
metal1	3	317	108.455	901.6	0.000825342	0	0.000825342	1.09675	0
metal1	4	317	109.295	901.6	0.0011111	0	0.0011111	1.09672	0
metal1	5	317	152.07	901.6	0.00154894	0	0.00154894	1.09548	0
metal1	6	317	208.07	901.6	0.00165004	0	0.00165004	1.09399	0
metal1	7	317	264.07	901.6	0.00165004	0	0.00165004	1.09262	0
metal1	8	317	320.07	901.6	0.00178682	0	0.00178682	1.09136	0
metal1	9	317	376.07	901.6	0.00246701	0	0.00246701	1.09021	0
metal1	10	317	432.07	901.6	0.00246701	0	0.00246701	1.08935	0
metal1	11	317	488.07	901.6	0.00324469	0	0.00324469	1.08874	0
metal1	12	317	544.07	901.6	0.00270251	0	0.00270251	1.08851	0
metal1	13	317	600.07	901.6	0.00270251	0	0.00270251	1.08856	0
metal1	14	317	656.07	901.6	0.00270251	0	0.00270251	1.08889	0
metal1	15	317	712.07	901.6	0.00270251	0	0.00270251	1.08952	0
metal1	16	317	768.07	901.6	0.00270251	0	0.00270251	1.09045	0
metal1	17	317	824.07	901.6	0.00270251	0	0.00270251	1.09167	0
metal1	18	317	880.07	901.6	0.00199194	0	0.00199194	1.09321	0
metal1	19	317	936.07	901.6	6.62545e-05	0	6.62545e-05	1.09502	0
metal1	20	317	992.07	901.6	2.02103e-05	0	2.02103e-05	1.09683	0
metal1	21	317	1048.07	901.6	0	0	0	1.09868	0
metal1	22	317	1086.21	901.6	0	0	0	1.09996	0
metal1	0	318	14.095	904.4	0.00024268	0	0.00024268	1.09991	0
metal1	1	318	40.07	904.4	0.00135745	0	0.00135745	1.09902	0
metal1	2	318	96.07	904.4	0.00130994	0	0.00130994	1.09714	0
metal1	3	318	108.455	904.4	0.000825342	0	0.000825342	1.09678	0
metal1	4	318	109.295	904.4	0.0011111	0	0.0011111	1.09675	0
metal1	5	318	152.07	904.4	0.00154894	0	0.00154894	1.09552	0
metal1	6	318	208.07	904.4	0.00165004	0	0.00165004	1.09404	0
metal1	7	318	264.07	904.4	0.00165004	0	0.00165004	1.09267	0
metal1	8	318	320.07	904.4	0.00178682	0	0.00178682	1.09141	0
metal1	9	318	376.07	904.4	0.00246701	0	0.00246701	1.09019	0
metal1	10	318	432.07	904.4	0.00246701	0	0.00246701	1.08932	0
metal1	11	318	488.07	904.4	0.00324469	0	0.00324469	1.08869	0
metal1	12	318	544.07	904.4	0.00270251	0	0.00270251	1.08847	0
metal1	13	318	600.07	904.4	0.00270251	0	0.00270251	1.08851	0
metal1	14	318	656.07	904.4	0.00270251	0	0.00270251	1.08884	0
metal1	15	318	712.07	904.4	0.00270251	0	0.00270251	1.08947	0
metal1	16	318	768.07	904.4	0.00270251	0	0.00270251	1.09039	0
metal1	17	318	824.07	904.4	0.00270251	0	0.00270251	1.09161	0
metal1	18	318	880.07	904.4	0.00199194	0	0.00199194	1.09317	0
metal1	19	318	936.07	904.4	6.62545e-05	0	6.62545e-05	1.09503	0
metal1	20	318	992.07	904.4	2.02103e-05	0	2.02103e-05	1.09684	0
metal1	21	318	1048.07	904.4	0	0	0	1.09867	0
metal1	22	318	1086.21	904.4	0	0	0	1.09992	0
metal1	0	319	14.095	907.2	0.0001894	0	0.0001894	1.09988	0
metal1	1	319	40.07	907.2	0.00120231	0	0.00120231	1.09903	0
metal1	2	319	96.07	907.2	0.00115344	0	0.00115344	1.09718	0
metal1	3	319	108.455	907.2	0.00061393	0	0.00061393	1.09682	0
metal1	4	319	109.295	907.2	0.00100912	0	0.00100912	1.09679	0
metal1	5	319	152.07	907.2	0.00132716	0	0.00132716	1.09558	0
metal1	6	319	208.07	907.2	0.00140208	0	0.00140208	1.0941	0
metal1	7	319	264.07	907.2	0.00140208	0	0.00140208	1.09274	0
metal1	8	319	320.07	907.2	0.00154739	0	0.00154739	1.09147	0
metal1	9	319	376.07	907.2	0.00246701	0	0.00246701	1.0902	0
metal1	10	319	432.07	907.2	0.00246701	0	0.00246701	1.08932	0
metal1	11	319	488.07	907.2	0.00324469	0	0.00324469	1.08866	0
metal1	12	319	544.07	907.2	0.00270251	0	0.00270251	1.08845	0
metal1	13	319	600.07	907.2	0.00270251	0	0.00270251	1.08849	0
metal1	14	319	656.07	907.2	0.00270251	0	0.00270251	1.08882	0
metal1	15	319	712.07	907.2	0.00270251	0	0.00270251	1.08944	0
metal1	16	319	768.07	907.2	0.00270251	0	0.00270251	1.09036	0
metal1	17	319	824.07	907.2	0.00270251	0	0.00270251	1.09157	0
metal1	18	319	880.07	907.2	0.00199194	0	0.00199194	1.09315	0
metal1	19	319	936.07	907.2	6.62545e-05	0	6.62545e-05	1.09505	0
metal1	20	319	992.07	907.2	2.02103e-05	0	2.02103e-05	1.09685	0
metal1	21	319	1048.07	907.2	0	0	0	1.09866	0
metal1	22	319	1086.21	907.2	0	0	0	1.09988	0
metal1	0	320	14.095	910	0	0	0	1.09986	0
metal1	1	320	40.07	910	0	0	0	1.09904	0
metal1	2	320	96.07	910	0	0	0	1.09722	0
metal1	3	320	108.455	910	0	0	0	1.09687	0
metal1	4	320	109.295	910	0	0	0	1.09684	0
metal1	5	320	152.07	910	0	0	0	1.09564	0
metal1	6	320	208.07	910	0	0	0	1.09418	0
metal1	7	320	264.07	910	0	0	0	1.09283	0
metal1	8	320	320.07	910	0.000170084	0	0.000170084	1.09155	0
metal1	9	320	376.07	910	0.00246701	0	0.00246701	1.09022	0
metal1	10	320	432.07	910	0.00246701	0	0.00246701	1.08934	0
metal1	11	320	488.07	910	0.00324469	0	0.00324469	1.08866	0
metal1	12	320	544.07	910	0.00270251	0	0.00270251	1.08845	0
metal1	13	320	600.07	910	0.00270251	0	0.00270251	1.08849	0
metal1	14	320	656.07	910	0.00270251	0	0.00270251	1.08882	0
metal1	15	320	712.07	910	0.00270251	0	0.00270251	1.08943	0
metal1	16	320	768.07	910	0.00270251	0	0.00270251	1.09035	0
metal1	17	320	824.07	910	0.00270251	0	0.00270251	1.09156	0
metal1	18	320	880.07	910	0.00199194	0	0.00199194	1.09314	0
metal1	19	320	936.07	910	6.62545e-05	0	6.62545e-05	1.09506	0
metal1	20	320	992.07	910	2.02103e-05	0	2.02103e-05	1.09686	0
metal1	21	320	1048.07	910	0	0	0	1.09866	0
metal1	22	320	1086.21	910	0	0	0	1.09986	0
metal1	0	321	14.095	912.8	0	0	0	1.09985	0
metal1	1	321	40.07	912.8	0	0	0	1.09906	0
metal1	2	321	96.07	912.8	0	0	0	1.09727	0
metal1	3	321	108.455	912.8	0	0	0	1.09692	0
metal1	4	321	109.295	912.8	0	0	0	1.0969	0
metal1	5	321	152.07	912.8	0	0	0	1.09571	0
metal1	6	321	208.07	912.8	0	0	0	1.09426	0
metal1	7	321	264.07	912.8	0	0	0	1.09291	0
metal1	8	321	320.07	912.8	0.000170084	0	0.000170084	1.09163	0
metal1	9	321	376.07	912.8	0.00246701	0	0.00246701	1.09027	0
metal1	10	321	432.07	912.8	0.00246701	0	0.00246701	1.08938	0
metal1	11	321	488.07	912.8	0.00324469	0	0.00324469	1.08869	0
metal1	12	321	544.07	912.8	0.00270251	0	0.00270251	1.08848	0
metal1	13	321	600.07	912.8	0.00270251	0	0.00270251	1.08852	0
metal1	14	321	656.07	912.8	0.00270251	0	0.00270251	1.08884	0
metal1	15	321	712.07	912.8	0.00270251	0	0.00270251	1.08945	0
metal1	16	321	768.07	912.8	0.00270251	0	0.00270251	1.09036	0
metal1	17	321	824.07	912.8	0.00270251	0	0.00270251	1.09157	0
metal1	18	321	880.07	912.8	0.00199194	0	0.00199194	1.09315	0
metal1	19	321	936.07	912.8	6.62545e-05	0	6.62545e-05	1.09508	0
metal1	20	321	992.07	912.8	2.02103e-05	0	2.02103e-05	1.09687	0
metal1	21	321	1048.07	912.8	0	0	0	1.09866	0
metal1	22	321	1086.21	912.8	0	0	0	1.09985	0
metal1	0	322	14.095	915.6	0	0	0	1.09985	0
metal1	1	322	40.07	915.6	0	0	0	1.09908	0
metal1	2	322	96.07	915.6	0	0	0	1.09732	0
metal1	3	322	108.455	915.6	0	0	0	1.09698	0
metal1	4	322	109.295	915.6	0	0	0	1.09695	0
metal1	5	322	152.07	915.6	0	0	0	1.09578	0
metal1	6	322	208.07	915.6	0	0	0	1.09435	0
metal1	7	322	264.07	915.6	0	0	0	1.093	0
metal1	8	322	320.07	915.6	0.000170084	0	0.000170084	1.09171	0
metal1	9	322	376.07	915.6	0.00246701	0	0.00246701	1.09034	0
metal1	10	322	432.07	915.6	0.00246701	0	0.00246701	1.08944	0
metal1	11	322	488.07	915.6	0.00324469	0	0.00324469	1.08875	0
metal1	12	322	544.07	915.6	0.00270251	0	0.00270251	1.08854	0
metal1	13	322	600.07	915.6	0.00270251	0	0.00270251	1.08857	0
metal1	14	322	656.07	915.6	0.00270251	0	0.00270251	1.08888	0
metal1	15	322	712.07	915.6	0.00270251	0	0.00270251	1.08949	0
metal1	16	322	768.07	915.6	0.00270251	0	0.00270251	1.0904	0
metal1	17	322	824.07	915.6	0.00270251	0	0.00270251	1.0916	0
metal1	18	322	880.07	915.6	0.00199194	0	0.00199194	1.09318	0
metal1	19	322	936.07	915.6	6.62545e-05	0	6.62545e-05	1.09511	0
metal1	20	322	992.07	915.6	2.02103e-05	0	2.02103e-05	1.09689	0
metal1	21	322	1048.07	915.6	0	0	0	1.09866	0
metal1	22	322	1086.21	915.6	0	0	0	1.09985	0
metal1	0	323	14.095	918.4	0	0	0	1.09986	0
metal1	1	323	40.07	918.4	0	0	0	1.09911	0
metal1	2	323	96.07	918.4	0	0	0	1.09737	0
metal1	3	323	108.455	918.4	0	0	0	1.09703	0
metal1	4	323	109.295	918.4	0	0	0	1.09701	0
metal1	5	323	152.07	918.4	0	0	0	1.09586	0
metal1	6	323	208.07	918.4	0	0	0	1.09443	0
metal1	7	323	264.07	918.4	0	0	0	1.09309	0
metal1	8	323	320.07	918.4	0.000170084	0	0.000170084	1.0918	0
metal1	9	323	376.07	918.4	0.00246701	0	0.00246701	1.09043	0
metal1	10	323	432.07	918.4	0.00246701	0	0.00246701	1.08953	0
metal1	11	323	488.07	918.4	0.00324469	0	0.00324469	1.08884	0
metal1	12	323	544.07	918.4	0.00270251	0	0.00270251	1.08862	0
metal1	13	323	600.07	918.4	0.00270251	0	0.00270251	1.08864	0
metal1	14	323	656.07	918.4	0.00270251	0	0.00270251	1.08895	0
metal1	15	323	712.07	918.4	0.00270251	0	0.00270251	1.08956	0
metal1	16	323	768.07	918.4	0.00270251	0	0.00270251	1.09046	0
metal1	17	323	824.07	918.4	0.00270251	0	0.00270251	1.09165	0
metal1	18	323	880.07	918.4	0.00199194	0	0.00199194	1.09322	0
metal1	19	323	936.07	918.4	6.62545e-05	0	6.62545e-05	1.09513	0
metal1	20	323	992.07	918.4	2.02103e-05	0	2.02103e-05	1.09691	0
metal1	21	323	1048.07	918.4	0	0	0	1.09868	0
metal1	22	323	1086.21	918.4	0	0	0	1.09986	0
metal1	0	324	14.095	921.2	0	0	0	1.09988	0
metal1	1	324	40.07	921.2	0	0	0	1.09913	0
metal1	2	324	96.07	921.2	0	0	0	1.09743	0
metal1	3	324	108.455	921.2	0	0	0	1.09709	0
metal1	4	324	109.295	921.2	0	0	0	1.09707	0
metal1	5	324	152.07	921.2	0	0	0	1.09593	0
metal1	6	324	208.07	921.2	0	0	0	1.09452	0
metal1	7	324	264.07	921.2	0	0	0	1.09318	0
metal1	8	324	320.07	921.2	0.000170084	0	0.000170084	1.0919	0
metal1	9	324	376.07	921.2	0.00246701	0	0.00246701	1.09055	0
metal1	10	324	432.07	921.2	0.00246701	0	0.00246701	1.08964	0
metal1	11	324	488.07	921.2	0.00324469	0	0.00324469	1.08895	0
metal1	12	324	544.07	921.2	0.00270251	0	0.00270251	1.08872	0
metal1	13	324	600.07	921.2	0.00270251	0	0.00270251	1.08874	0
metal1	14	324	656.07	921.2	0.00270251	0	0.00270251	1.08905	0
metal1	15	324	712.07	921.2	0.00270251	0	0.00270251	1.08965	0
metal1	16	324	768.07	921.2	0.00270251	0	0.00270251	1.09054	0
metal1	17	324	824.07	921.2	0.00270251	0	0.00270251	1.09173	0
metal1	18	324	880.07	921.2	0.00199194	0	0.00199194	1.09329	0
metal1	19	324	936.07	921.2	6.62545e-05	0	6.62545e-05	1.09516	0
metal1	20	324	992.07	921.2	2.02103e-05	0	2.02103e-05	1.09693	0
metal1	21	324	1048.07	921.2	0	0	0	1.09869	0
metal1	22	324	1086.21	921.2	0	0	0	1.09988	0
metal1	0	325	14.095	924	0	0	0	1.09991	0
metal1	1	325	40.07	924	0	0	0	1.09916	0
metal1	2	325	96.07	924	0	0	0	1.09749	0
metal1	3	325	108.455	924	0	0	0	1.09715	0
metal1	4	325	109.295	924	0	0	0	1.09713	0
metal1	5	325	152.07	924	0	0	0	1.09601	0
metal1	6	325	208.07	924	0	0	0	1.0946	0
metal1	7	325	264.07	924	0	0	0	1.09327	0
metal1	8	325	320.07	924	0.000170084	0	0.000170084	1.092	0
metal1	9	325	376.07	924	0.00246701	0	0.00246701	1.09068	0
metal1	10	325	432.07	924	0.00246701	0	0.00246701	1.08977	0
metal1	11	325	488.07	924	0.00324469	0	0.00324469	1.08909	0
metal1	12	325	544.07	924	0.00270251	0	0.00270251	1.08885	0
metal1	13	325	600.07	924	0.00270251	0	0.00270251	1.08886	0
metal1	14	325	656.07	924	0.00270251	0	0.00270251	1.08917	0
metal1	15	325	712.07	924	0.00270251	0	0.00270251	1.08976	0
metal1	16	325	768.07	924	0.00270251	0	0.00270251	1.09065	0
metal1	17	325	824.07	924	0.00270251	0	0.00270251	1.09184	0
metal1	18	325	880.07	924	0.00199194	0	0.00199194	1.09337	0
metal1	19	325	936.07	924	6.62545e-05	0	6.62545e-05	1.0952	0
metal1	20	325	992.07	924	2.02103e-05	0	2.02103e-05	1.09695	0
metal1	21	325	1048.07	924	0	0	0	1.09871	0
metal1	22	325	1086.21	924	0	0	0	1.09991	0
metal1	0	326	14.095	926.8	0	0	0	1.09995	0
metal1	1	326	40.07	926.8	0	0	0	1.0992	0
metal1	2	326	96.07	926.8	0	0	0	1.09755	0
metal1	3	326	108.455	926.8	0	0	0	1.09721	0
metal1	4	326	109.295	926.8	0	0	0	1.09719	0
metal1	5	326	152.07	926.8	0	0	0	1.09608	0
metal1	6	326	208.07	926.8	0	0	0	1.09469	0
metal1	7	326	264.07	926.8	0	0	0	1.09337	0
metal1	8	326	320.07	926.8	0.000170084	0	0.000170084	1.0921	0
metal1	9	326	376.07	926.8	0.00246701	0	0.00246701	1.09083	0
metal1	10	326	432.07	926.8	0.00246701	0	0.00246701	1.08992	0
metal1	11	326	488.07	926.8	0.00324469	0	0.00324469	1.08926	0
metal1	12	326	544.07	926.8	0.00270251	0	0.00270251	1.089	0
metal1	13	326	600.07	926.8	0.00270251	0	0.00270251	1.08901	0
metal1	14	326	656.07	926.8	0.00270251	0	0.00270251	1.08931	0
metal1	15	326	712.07	926.8	0.00270251	0	0.00270251	1.0899	0
metal1	16	326	768.07	926.8	0.00270251	0	0.00270251	1.09078	0
metal1	17	326	824.07	926.8	0.00270251	0	0.00270251	1.09196	0
metal1	18	326	880.07	926.8	0.00199194	0	0.00199194	1.09346	0
metal1	19	326	936.07	926.8	6.62545e-05	0	6.62545e-05	1.09523	0
metal1	20	326	992.07	926.8	2.02103e-05	0	2.02103e-05	1.09698	0
metal1	21	326	1048.07	926.8	0	0	0	1.09873	0
metal1	22	326	1086.21	926.8	0	0	0	1.09995	0
metal1	0	327	14.095	929.6	0	0	0	1.1	0
metal1	1	327	40.07	929.6	0	0	0	1.09923	0
metal1	2	327	96.07	929.6	0	0	0	1.09762	0
metal1	3	327	108.455	929.6	0	0	0	1.09728	0
metal1	4	327	109.295	929.6	0	0	0	1.09726	0
metal1	5	327	152.07	929.6	0	0	0	1.09616	0
metal1	6	327	208.07	929.6	0	0	0	1.09478	0
metal1	7	327	264.07	929.6	0	0	0	1.09347	0
metal1	8	327	320.07	929.6	0.000170084	0	0.000170084	1.0922	0
metal1	9	327	376.07	929.6	0.00246701	0	0.00246701	1.09101	0
metal1	10	327	432.07	929.6	0.00246701	0	0.00246701	1.09009	0
metal1	11	327	488.07	929.6	0.00324469	0	0.00324469	1.08946	0
metal1	12	327	544.07	929.6	0.00270251	0	0.00270251	1.08917	0
metal1	13	327	600.07	929.6	0.00270251	0	0.00270251	1.08918	0
metal1	14	327	656.07	929.6	0.00270251	0	0.00270251	1.08947	0
metal1	15	327	712.07	929.6	0.00270251	0	0.00270251	1.09006	0
metal1	16	327	768.07	929.6	0.00270251	0	0.00270251	1.09094	0
metal1	17	327	824.07	929.6	0.00270251	0	0.00270251	1.09211	0
metal1	18	327	880.07	929.6	0.00199194	0	0.00199194	1.09358	0
metal1	19	327	936.07	929.6	6.62545e-05	0	6.62545e-05	1.09527	0
metal1	20	327	992.07	929.6	2.02103e-05	0	2.02103e-05	1.097	0
metal1	21	327	1048.07	929.6	0	0	0	1.09876	0
metal1	22	327	1086.21	929.6	0	0	0	1.1	0
metal1	0	328	14.095	932.4	0	0	0	1.09996	0
metal1	1	328	40.07	932.4	0	0	0	1.09923	0
metal1	2	328	96.07	932.4	0	0	0	1.09763	0
metal1	3	328	108.455	932.4	0	0	0	1.0973	0
metal1	4	328	109.295	932.4	0	0	0	1.09728	0
metal1	5	328	152.07	932.4	0	0	0	1.0962	0
metal1	6	328	208.07	932.4	0	0	0	1.09483	0
metal1	7	328	264.07	932.4	0	0	0	1.09352	0
metal1	8	328	320.07	932.4	0.000170084	0	0.000170084	1.09225	0
metal1	9	328	376.07	932.4	0.00246701	0	0.00246701	1.09098	0
metal1	10	328	432.07	932.4	0.00246701	0	0.00246701	1.09006	0
metal1	11	328	488.07	932.4	0.00324469	0	0.00324469	1.0894	0
metal1	12	328	544.07	932.4	0.00270251	0	0.00270251	1.08913	0
metal1	13	328	600.07	932.4	0.00270251	0	0.00270251	1.08913	0
metal1	14	328	656.07	932.4	0.00270251	0	0.00270251	1.08943	0
metal1	15	328	712.07	932.4	0.00270251	0	0.00270251	1.09001	0
metal1	16	328	768.07	932.4	0.00270251	0	0.00270251	1.09088	0
metal1	17	328	824.07	932.4	0.00270251	0	0.00270251	1.09204	0
metal1	18	328	880.07	932.4	0.00199194	0	0.00199194	1.09353	0
metal1	19	328	936.07	932.4	6.62545e-05	0	6.62545e-05	1.09529	0
metal1	20	328	992.07	932.4	2.02103e-05	0	2.02103e-05	1.09701	0
metal1	21	328	1048.07	932.4	0	0	0	1.09874	0
metal1	22	328	1086.21	932.4	0	0	0	1.09995	0
metal1	0	329	14.095	935.2	0	0	0	1.09992	0
metal1	1	329	40.07	935.2	0	0	0	1.09923	0
metal1	2	329	96.07	935.2	0	0	0	1.09765	0
metal1	3	329	108.455	935.2	0	0	0	1.09733	0
metal1	4	329	109.295	935.2	0	0	0	1.0973	0
metal1	5	329	152.07	935.2	0	0	0	1.09623	0
metal1	6	329	208.07	935.2	0	0	0	1.09488	0
metal1	7	329	264.07	935.2	0	0	0	1.09358	0
metal1	8	329	320.07	935.2	0.000170084	0	0.000170084	1.09231	0
metal1	9	329	376.07	935.2	0.00246701	0	0.00246701	1.09097	0
metal1	10	329	432.07	935.2	0.00246701	0	0.00246701	1.09005	0
metal1	11	329	488.07	935.2	0.00324469	0	0.00324469	1.08937	0
metal1	12	329	544.07	935.2	0.00270251	0	0.00270251	1.08911	0
metal1	13	329	600.07	935.2	0.00270251	0	0.00270251	1.08912	0
metal1	14	329	656.07	935.2	0.00270251	0	0.00270251	1.0894	0
metal1	15	329	712.07	935.2	0.00270251	0	0.00270251	1.08998	0
metal1	16	329	768.07	935.2	0.00270251	0	0.00270251	1.09084	0
metal1	17	329	824.07	935.2	0.00270251	0	0.00270251	1.092	0
metal1	18	329	880.07	935.2	0.00199194	0	0.00199194	1.0935	0
metal1	19	329	936.07	935.2	6.62545e-05	0	6.62545e-05	1.0953	0
metal1	20	329	992.07	935.2	2.02103e-05	0	2.02103e-05	1.09702	0
metal1	21	329	1048.07	935.2	0	0	0	1.09873	0
metal1	22	329	1086.21	935.2	0	0	0	1.09991	0
metal1	0	330	14.095	938	0	0	0	1.0999	0
metal1	1	330	40.07	938	0	0	0	1.09923	0
metal1	2	330	96.07	938	0	0	0	1.09766	0
metal1	3	330	108.455	938	0	0	0	1.09735	0
metal1	4	330	109.295	938	0	0	0	1.09733	0
metal1	5	330	152.07	938	0	0	0	1.09627	0
metal1	6	330	208.07	938	0	0	0	1.09493	0
metal1	7	330	264.07	938	0	0	0	1.09364	0
metal1	8	330	320.07	938	0.000170084	0	0.000170084	1.09237	0
metal1	9	330	376.07	938	0.00246701	0	0.00246701	1.09099	0
metal1	10	330	432.07	938	0.00246701	0	0.00246701	1.09007	0
metal1	11	330	488.07	938	0.00324469	0	0.00324469	1.08937	0
metal1	12	330	544.07	938	0.00270251	0	0.00270251	1.08912	0
metal1	13	330	600.07	938	0.00270251	0	0.00270251	1.08912	0
metal1	14	330	656.07	938	0.00270251	0	0.00270251	1.08941	0
metal1	15	330	712.07	938	0.00270251	0	0.00270251	1.08998	0
metal1	16	330	768.07	938	0.00270251	0	0.00270251	1.09083	0
metal1	17	330	824.07	938	0.00270251	0	0.00270251	1.09198	0
metal1	18	330	880.07	938	0.00199194	0	0.00199194	1.09349	0
metal1	19	330	936.07	938	6.62545e-05	0	6.62545e-05	1.09532	0
metal1	20	330	992.07	938	2.02103e-05	0	2.02103e-05	1.09703	0
metal1	21	330	1048.07	938	0	0	0	1.09872	0
metal1	22	330	1086.21	938	0	0	0	1.09988	0
metal1	0	331	14.095	940.8	0	0	0	1.09988	0
metal1	1	331	40.07	940.8	0	0	0	1.09923	0
metal1	2	331	96.07	940.8	0	0	0	1.09769	0
metal1	3	331	108.455	940.8	0	0	0	1.09738	0
metal1	4	331	109.295	940.8	0	0	0	1.09736	0
metal1	5	331	152.07	940.8	0	0	0	1.09631	0
metal1	6	331	208.07	940.8	0	0	0	1.09498	0
metal1	7	331	264.07	940.8	0	0	0	1.0937	0
metal1	8	331	320.07	940.8	0.000170084	0	0.000170084	1.09243	0
metal1	9	331	376.07	940.8	0.00246701	0	0.00246701	1.09102	0
metal1	10	331	432.07	940.8	0.00246701	0	0.00246701	1.0901	0
metal1	11	331	488.07	940.8	0.00324469	0	0.00324469	1.08939	0
metal1	12	331	544.07	940.8	0.00270251	0	0.00270251	1.08915	0
metal1	13	331	600.07	940.8	0.00270251	0	0.00270251	1.08915	0
metal1	14	331	656.07	940.8	0.00270251	0	0.00270251	1.08943	0
metal1	15	331	712.07	940.8	0.00270251	0	0.00270251	1.09	0
metal1	16	331	768.07	940.8	0.00270251	0	0.00270251	1.09085	0
metal1	17	331	824.07	940.8	0.00270251	0	0.00270251	1.09199	0
metal1	18	331	880.07	940.8	0.00199194	0	0.00199194	1.0935	0
metal1	19	331	936.07	940.8	6.62545e-05	0	6.62545e-05	1.09534	0
metal1	20	331	992.07	940.8	2.02103e-05	0	2.02103e-05	1.09704	0
metal1	21	331	1048.07	940.8	0	0	0	1.09872	0
metal1	22	331	1086.21	940.8	0	0	0	1.09986	0
metal1	0	332	14.095	943.6	0	0	0	1.09987	0
metal1	1	332	40.07	943.6	0	0	0	1.09924	0
metal1	2	332	96.07	943.6	0	0	0	1.09771	0
metal1	3	332	108.455	943.6	0	0	0	1.09741	0
metal1	4	332	109.295	943.6	0	0	0	1.09739	0
metal1	5	332	152.07	943.6	0	0	0	1.09635	0
metal1	6	332	208.07	943.6	0	0	0	1.09503	0
metal1	7	332	264.07	943.6	0	0	0	1.09376	0
metal1	8	332	320.07	943.6	0.000170084	0	0.000170084	1.0925	0
metal1	9	332	376.07	943.6	0.00246701	0	0.00246701	1.09108	0
metal1	10	332	432.07	943.6	0.00246701	0	0.00246701	1.09016	0
metal1	11	332	488.07	943.6	0.00324469	0	0.00324469	1.08945	0
metal1	12	332	544.07	943.6	0.00270251	0	0.00270251	1.08921	0
metal1	13	332	600.07	943.6	0.00270251	0	0.00270251	1.0892	0
metal1	14	332	656.07	943.6	0.00270251	0	0.00270251	1.08948	0
metal1	15	332	712.07	943.6	0.00270251	0	0.00270251	1.09004	0
metal1	16	332	768.07	943.6	0.00270251	0	0.00270251	1.09088	0
metal1	17	332	824.07	943.6	0.00270251	0	0.00270251	1.09202	0
metal1	18	332	880.07	943.6	0.00199194	0	0.00199194	1.09352	0
metal1	19	332	936.07	943.6	6.62545e-05	0	6.62545e-05	1.09536	0
metal1	20	332	992.07	943.6	2.02103e-05	0	2.02103e-05	1.09705	0
metal1	21	332	1048.07	943.6	0	0	0	1.09872	0
metal1	22	332	1086.21	943.6	0	0	0	1.09985	0
metal1	0	333	14.095	946.4	0	0	0	1.09988	0
metal1	1	333	40.07	946.4	0	0	0	1.09925	0
metal1	2	333	96.07	946.4	0	0	0	1.09774	0
metal1	3	333	108.455	946.4	0	0	0	1.09744	0
metal1	4	333	109.295	946.4	0	0	0	1.09742	0
metal1	5	333	152.07	946.4	0	0	0	1.09639	0
metal1	6	333	208.07	946.4	0	0	0	1.09509	0
metal1	7	333	264.07	946.4	0	0	0	1.09382	0
metal1	8	333	320.07	946.4	0.000170084	0	0.000170084	1.09257	0
metal1	9	333	376.07	946.4	0.00246701	0	0.00246701	1.09116	0
metal1	10	333	432.07	946.4	0.00246701	0	0.00246701	1.09024	0
metal1	11	333	488.07	946.4	0.00324469	0	0.00324469	1.08953	0
metal1	12	333	544.07	946.4	0.00270251	0	0.00270251	1.08929	0
metal1	13	333	600.07	946.4	0.00270251	0	0.00270251	1.08928	0
metal1	14	333	656.07	946.4	0.00270251	0	0.00270251	1.08955	0
metal1	15	333	712.07	946.4	0.00270251	0	0.00270251	1.09011	0
metal1	16	333	768.07	946.4	0.00270251	0	0.00270251	1.09094	0
metal1	17	333	824.07	946.4	0.00270251	0	0.00270251	1.09207	0
metal1	18	333	880.07	946.4	0.00199194	0	0.00199194	1.09356	0
metal1	19	333	936.07	946.4	6.62545e-05	0	6.62545e-05	1.09539	0
metal1	20	333	992.07	946.4	2.02103e-05	0	2.02103e-05	1.09707	0
metal1	21	333	1048.07	946.4	0	0	0	1.09872	0
metal1	22	333	1086.21	946.4	0	0	0	1.09986	0
metal1	0	334	14.095	949.2	0	0	0	1.09989	0
metal1	1	334	40.07	949.2	0	0	0	1.09926	0
metal1	2	334	96.07	949.2	0	0	0	1.09777	0
metal1	3	334	108.455	949.2	0	0	0	1.09748	0
metal1	4	334	109.295	949.2	0	0	0	1.09746	0
metal1	5	334	152.07	949.2	0	0	0	1.09644	0
metal1	6	334	208.07	949.2	0	0	0	1.09514	0
metal1	7	334	264.07	949.2	0	0	0	1.09389	0
metal1	8	334	320.07	949.2	0.000170084	0	0.000170084	1.09264	0
metal1	9	334	376.07	949.2	0.00246701	0	0.00246701	1.09126	0
metal1	10	334	432.07	949.2	0.00246701	0	0.00246701	1.09034	0
metal1	11	334	488.07	949.2	0.00324469	0	0.00324469	1.08964	0
metal1	12	334	544.07	949.2	0.00270251	0	0.00270251	1.08939	0
metal1	13	334	600.07	949.2	0.00270251	0	0.00270251	1.08938	0
metal1	14	334	656.07	949.2	0.00270251	0	0.00270251	1.08965	0
metal1	15	334	712.07	949.2	0.00270251	0	0.00270251	1.0902	0
metal1	16	334	768.07	949.2	0.00270251	0	0.00270251	1.09103	0
metal1	17	334	824.07	949.2	0.00270251	0	0.00270251	1.09214	0
metal1	18	334	880.07	949.2	0.00199194	0	0.00199194	1.09362	0
metal1	19	334	936.07	949.2	6.62545e-05	0	6.62545e-05	1.09542	0
metal1	20	334	992.07	949.2	2.02103e-05	0	2.02103e-05	1.09709	0
metal1	21	334	1048.07	949.2	0	0	0	1.09873	0
metal1	22	334	1086.21	949.2	0	0	0	1.09987	0
metal1	0	335	14.095	952	0	0	0	1.09991	0
metal1	1	335	40.07	952	0	0	0	1.09927	0
metal1	2	335	96.07	952	0	0	0	1.09781	0
metal1	3	335	108.455	952	0	0	0	1.09752	0
metal1	4	335	109.295	952	0	0	0	1.0975	0
metal1	5	335	152.07	952	0	0	0	1.09649	0
metal1	6	335	208.07	952	0	0	0	1.0952	0
metal1	7	335	264.07	952	0	0	0	1.09396	0
metal1	8	335	320.07	952	0.000170084	0	0.000170084	1.09272	0
metal1	9	335	376.07	952	0.00246701	0	0.00246701	1.09137	0
metal1	10	335	432.07	952	0.00246701	0	0.00246701	1.09047	0
metal1	11	335	488.07	952	0.00324469	0	0.00324469	1.08978	0
metal1	12	335	544.07	952	0.00270251	0	0.00270251	1.08952	0
metal1	13	335	600.07	952	0.00270251	0	0.00270251	1.08951	0
metal1	14	335	656.07	952	0.00270251	0	0.00270251	1.08977	0
metal1	15	335	712.07	952	0.00270251	0	0.00270251	1.09031	0
metal1	16	335	768.07	952	0.00270251	0	0.00270251	1.09113	0
metal1	17	335	824.07	952	0.00270251	0	0.00270251	1.09224	0
metal1	18	335	880.07	952	0.00199194	0	0.00199194	1.09369	0
metal1	19	335	936.07	952	6.62545e-05	0	6.62545e-05	1.09546	0
metal1	20	335	992.07	952	2.02103e-05	0	2.02103e-05	1.09711	0
metal1	21	335	1048.07	952	0	0	0	1.09874	0
metal1	22	335	1086.21	952	0	0	0	1.09989	0
metal1	0	336	14.095	954.8	0	0	0	1.09993	0
metal1	1	336	40.07	954.8	0	0	0	1.09929	0
metal1	2	336	96.07	954.8	0	0	0	1.09785	0
metal1	3	336	108.455	954.8	0	0	0	1.09755	0
metal1	4	336	109.295	954.8	0	0	0	1.09754	0
metal1	5	336	152.07	954.8	0	0	0	1.09654	0
metal1	6	336	208.07	954.8	0	0	0	1.09526	0
metal1	7	336	264.07	954.8	0	0	0	1.09403	0
metal1	8	336	320.07	954.8	0.000170084	0	0.000170084	1.09281	0
metal1	9	336	376.07	954.8	0.00246701	0	0.00246701	1.09152	0
metal1	10	336	432.07	954.8	0.00246701	0	0.00246701	1.09061	0
metal1	11	336	488.07	954.8	0.00324469	0	0.00324469	1.08994	0
metal1	12	336	544.07	954.8	0.00270251	0	0.00270251	1.08967	0
metal1	13	336	600.07	954.8	0.00270251	0	0.00270251	1.08966	0
metal1	14	336	656.07	954.8	0.00270251	0	0.00270251	1.08992	0
metal1	15	336	712.07	954.8	0.00270251	0	0.00270251	1.09045	0
metal1	16	336	768.07	954.8	0.00270251	0	0.00270251	1.09127	0
metal1	17	336	824.07	954.8	0.00270251	0	0.00270251	1.09236	0
metal1	18	336	880.07	954.8	0.00199194	0	0.00199194	1.09379	0
metal1	19	336	936.07	954.8	6.62545e-05	0	6.62545e-05	1.0955	0
metal1	20	336	992.07	954.8	2.02103e-05	0	2.02103e-05	1.09713	0
metal1	21	336	1048.07	954.8	0	0	0	1.09877	0
metal1	22	336	1086.21	954.8	0	0	0	1.09992	0
metal1	0	337	14.095	957.6	0	0	0	1.09997	0
metal1	1	337	40.07	957.6	0	0	0	1.09931	0
metal1	2	337	96.07	957.6	0	0	0	1.09789	0
metal1	3	337	108.455	957.6	0	0	0	1.0976	0
metal1	4	337	109.295	957.6	0	0	0	1.09758	0
metal1	5	337	152.07	957.6	0	0	0	1.09659	0
metal1	6	337	208.07	957.6	0	0	0	1.09533	0
metal1	7	337	264.07	957.6	0	0	0	1.0941	0
metal1	8	337	320.07	957.6	0.000170084	0	0.000170084	1.09289	0
metal1	9	337	376.07	957.6	0.00246701	0	0.00246701	1.09168	0
metal1	10	337	432.07	957.6	0.00246701	0	0.00246701	1.09078	0
metal1	11	337	488.07	957.6	0.00324469	0	0.00324469	1.09013	0
metal1	12	337	544.07	957.6	0.00270251	0	0.00270251	1.08985	0
metal1	13	337	600.07	957.6	0.00270251	0	0.00270251	1.08983	0
metal1	14	337	656.07	957.6	0.00270251	0	0.00270251	1.09009	0
metal1	15	337	712.07	957.6	0.00270251	0	0.00270251	1.09062	0
metal1	16	337	768.07	957.6	0.00270251	0	0.00270251	1.09142	0
metal1	17	337	824.07	957.6	0.00270251	0	0.00270251	1.09251	0
metal1	18	337	880.07	957.6	0.00199194	0	0.00199194	1.0939	0
metal1	19	337	936.07	957.6	6.62545e-05	0	6.62545e-05	1.09554	0
metal1	20	337	992.07	957.6	2.02103e-05	0	2.02103e-05	1.09716	0
metal1	21	337	1048.07	957.6	0	0	0	1.0988	0
metal1	22	337	1086.21	957.6	0	0	0	1.09996	0
metal1	0	338	14.095	960.4	0	0	0	1.09999	0
metal1	1	338	40.07	960.4	0	0	0	1.09932	0
metal1	2	338	96.07	960.4	0	0	0	1.09793	0
metal1	3	338	108.455	960.4	0	0	0	1.09763	0
metal1	4	338	109.295	960.4	0	0	0	1.09761	0
metal1	5	338	152.07	960.4	0	0	0	1.09663	0
metal1	6	338	208.07	960.4	0	0	0	1.09538	0
metal1	7	338	264.07	960.4	0	0	0	1.09417	0
metal1	8	338	320.07	960.4	0.000170084	0	0.000170084	1.09297	0
metal1	9	338	376.07	960.4	0.00246701	0	0.00246701	1.0918	0
metal1	10	338	432.07	960.4	0.00246701	0	0.00246701	1.09091	0
metal1	11	338	488.07	960.4	0.00324469	0	0.00324469	1.09028	0
metal1	12	338	544.07	960.4	0.00270251	0	0.00270251	1.08999	0
metal1	13	338	600.07	960.4	0.00270251	0	0.00270251	1.08997	0
metal1	14	338	656.07	960.4	0.00270251	0	0.00270251	1.09022	0
metal1	15	338	712.07	960.4	0.00270251	0	0.00270251	1.09074	0
metal1	16	338	768.07	960.4	0.00270251	0	0.00270251	1.09154	0
metal1	17	338	824.07	960.4	0.00270251	0	0.00270251	1.09261	0
metal1	18	338	880.07	960.4	0.00199194	0	0.00199194	1.09398	0
metal1	19	338	936.07	960.4	6.62545e-05	0	6.62545e-05	1.09557	0
metal1	20	338	992.07	960.4	2.02103e-05	0	2.02103e-05	1.09718	0
metal1	21	338	1048.07	960.4	0	0	0	1.09882	0
metal1	22	338	1086.21	960.4	0	0	0	1.09998	0
metal1	0	339	14.095	963.2	0	0	0	1.09995	0
metal1	1	339	40.07	963.2	0	0	0	1.09931	0
metal1	2	339	96.07	963.2	0	0	0	1.09793	0
metal1	3	339	108.455	963.2	0	0	0	1.09765	0
metal1	4	339	109.295	963.2	0	0	0	1.09763	0
metal1	5	339	152.07	963.2	0	0	0	1.09666	0
metal1	6	339	208.07	963.2	0	0	0	1.09543	0
metal1	7	339	264.07	963.2	0	0	0	1.09422	0
metal1	8	339	320.07	963.2	0.000170084	0	0.000170084	1.09303	0
metal1	9	339	376.07	963.2	0.00246701	0	0.00246701	1.0918	0
metal1	10	339	432.07	963.2	0.00246701	0	0.00246701	1.09091	0
metal1	11	339	488.07	963.2	0.00324469	0	0.00324469	1.09026	0
metal1	12	339	544.07	963.2	0.00270251	0	0.00270251	1.08999	0
metal1	13	339	600.07	963.2	0.00270251	0	0.00270251	1.08997	0
metal1	14	339	656.07	963.2	0.00270251	0	0.00270251	1.09021	0
metal1	15	339	712.07	963.2	0.00270251	0	0.00270251	1.09073	0
metal1	16	339	768.07	963.2	0.00270251	0	0.00270251	1.09152	0
metal1	17	339	824.07	963.2	0.00270251	0	0.00270251	1.09258	0
metal1	18	339	880.07	963.2	0.00199194	0	0.00199194	1.09395	0
metal1	19	339	936.07	963.2	6.62545e-05	0	6.62545e-05	1.09559	0
metal1	20	339	992.07	963.2	2.02103e-05	0	2.02103e-05	1.09718	0
metal1	21	339	1048.07	963.2	0	0	0	1.0988	0
metal1	22	339	1086.21	963.2	0	0	0	1.09994	0
metal1	0	340	14.095	966	0	0	0	1.09992	0
metal1	1	340	40.07	966	0	0	0	1.09931	0
metal1	2	340	96.07	966	0	0	0	1.09795	0
metal1	3	340	108.455	966	0	0	0	1.09767	0
metal1	4	340	109.295	966	0	0	0	1.09765	0
metal1	5	340	152.07	966	0	0	0	1.0967	0
metal1	6	340	208.07	966	0	0	0	1.09547	0
metal1	7	340	264.07	966	0	0	0	1.09428	0
metal1	8	340	320.07	966	0.000170084	0	0.000170084	1.0931	0
metal1	9	340	376.07	966	0.00246701	0	0.00246701	1.09181	0
metal1	10	340	432.07	966	0.00246701	0	0.00246701	1.09094	0
metal1	11	340	488.07	966	0.00324469	0	0.00324469	1.09027	0
metal1	12	340	544.07	966	0.00270251	0	0.00270251	1.09001	0
metal1	13	340	600.07	966	0.00270251	0	0.00270251	1.08999	0
metal1	14	340	656.07	966	0.00270251	0	0.00270251	1.09024	0
metal1	15	340	712.07	966	0.00270251	0	0.00270251	1.09074	0
metal1	16	340	768.07	966	0.00270251	0	0.00270251	1.09152	0
metal1	17	340	824.07	966	0.00270251	0	0.00270251	1.09257	0
metal1	18	340	880.07	966	0.00199194	0	0.00199194	1.09394	0
metal1	19	340	936.07	966	6.62545e-05	0	6.62545e-05	1.09561	0
metal1	20	340	992.07	966	2.02103e-05	0	2.02103e-05	1.09719	0
metal1	21	340	1048.07	966	0	0	0	1.09879	0
metal1	22	340	1086.21	966	0	0	0	1.0999	0
metal1	0	341	14.095	968.8	0	0	0	1.0999	0
metal1	1	341	40.07	968.8	0	0	0	1.09931	0
metal1	2	341	96.07	968.8	0	0	0	1.09796	0
metal1	3	341	108.455	968.8	0	0	0	1.09769	0
metal1	4	341	109.295	968.8	0	0	0	1.09767	0
metal1	5	341	152.07	968.8	0	0	0	1.09673	0
metal1	6	341	208.07	968.8	0	0	0	1.09552	0
metal1	7	341	264.07	968.8	0	0	0	1.09434	0
metal1	8	341	320.07	968.8	0.000170084	0	0.000170084	1.09317	0
metal1	9	341	376.07	968.8	0.00246701	0	0.00246701	1.09185	0
metal1	10	341	432.07	968.8	0.00246701	0	0.00246701	1.09098	0
metal1	11	341	488.07	968.8	0.00324469	0	0.00324469	1.09031	0
metal1	12	341	544.07	968.8	0.00270251	0	0.00270251	1.09006	0
metal1	13	341	600.07	968.8	0.00270251	0	0.00270251	1.09004	0
metal1	14	341	656.07	968.8	0.00270251	0	0.00270251	1.09028	0
metal1	15	341	712.07	968.8	0.00270251	0	0.00270251	1.09078	0
metal1	16	341	768.07	968.8	0.00270251	0	0.00270251	1.09155	0
metal1	17	341	824.07	968.8	0.00270251	0	0.00270251	1.09258	0
metal1	18	341	880.07	968.8	0.00199194	0	0.00199194	1.09396	0
metal1	19	341	936.07	968.8	6.62545e-05	0	6.62545e-05	1.09564	0
metal1	20	341	992.07	968.8	2.02103e-05	0	2.02103e-05	1.0972	0
metal1	21	341	1048.07	968.8	0	0	0	1.09877	0
metal1	22	341	1086.21	968.8	0	0	0	1.09988	0
metal1	0	342	14.095	971.6	0	0	0	1.09989	0
metal1	1	342	40.07	971.6	0	0	0	1.09932	0
metal1	2	342	96.07	971.6	0	0	0	1.09798	0
metal1	3	342	108.455	971.6	0	0	0	1.09772	0
metal1	4	342	109.295	971.6	0	0	0	1.0977	0
metal1	5	342	152.07	971.6	0	0	0	1.09677	0
metal1	6	342	208.07	971.6	0	0	0	1.09557	0
metal1	7	342	264.07	971.6	0	0	0	1.0944	0
metal1	8	342	320.07	971.6	0.000170084	0	0.000170084	1.09324	0
metal1	9	342	376.07	971.6	0.00246701	0	0.00246701	1.09191	0
metal1	10	342	432.07	971.6	0.00246701	0	0.00246701	1.09105	0
metal1	11	342	488.07	971.6	0.00324469	0	0.00324469	1.09038	0
metal1	12	342	544.07	971.6	0.00270251	0	0.00270251	1.09014	0
metal1	13	342	600.07	971.6	0.00270251	0	0.00270251	1.09012	0
metal1	14	342	656.07	971.6	0.00270251	0	0.00270251	1.09035	0
metal1	15	342	712.07	971.6	0.00270251	0	0.00270251	1.09084	0
metal1	16	342	768.07	971.6	0.00270251	0	0.00270251	1.0916	0
metal1	17	342	824.07	971.6	0.00270251	0	0.00270251	1.09262	0
metal1	18	342	880.07	971.6	0.00196307	0	0.00196307	1.09398	0
metal1	19	342	936.07	971.6	3.23493e-06	0	3.23493e-06	1.09567	0
metal1	20	342	992.07	971.6	9.86644e-07	0	9.86644e-07	1.0972	0
metal1	21	342	1048.07	971.6	0	0	0	1.09877	0
metal1	22	342	1086.21	971.6	0	0	0	1.09986	0
metal1	0	343	14.095	974.4	0	0	0	1.09988	0
metal1	1	343	40.07	974.4	0	0	0	1.09933	0
metal1	2	343	96.07	974.4	0	0	0	1.09801	0
metal1	3	343	108.455	974.4	0	0	0	1.09775	0
metal1	4	343	109.295	974.4	0	0	0	1.09773	0
metal1	5	343	152.07	974.4	0	0	0	1.0968	0
metal1	6	343	208.07	974.4	0	0	0	1.09562	0
metal1	7	343	264.07	974.4	0	0	0	1.09447	0
metal1	8	343	320.07	974.4	0.000170084	0	0.000170084	1.09332	0
metal1	9	343	376.07	974.4	0.00246701	0	0.00246701	1.092	0
metal1	10	343	432.07	974.4	0.00246701	0	0.00246701	1.09114	0
metal1	11	343	488.07	974.4	0.00324469	0	0.00324469	1.09047	0
metal1	12	343	544.07	974.4	0.00270251	0	0.00270251	1.09024	0
metal1	13	343	600.07	974.4	0.00270251	0	0.00270251	1.09021	0
metal1	14	343	656.07	974.4	0.00270251	0	0.00270251	1.09044	0
metal1	15	343	712.07	974.4	0.00270251	0	0.00270251	1.09093	0
metal1	16	343	768.07	974.4	0.00270251	0	0.00270251	1.09168	0
metal1	17	343	824.07	974.4	0.00270251	0	0.00270251	1.09268	0
metal1	18	343	880.07	974.4	0.00196159	0	0.00196159	1.09403	0
metal1	19	343	936.07	974.4	0	0	0	1.0957	0
metal1	20	343	992.07	974.4	0	0	0	1.09722	0
metal1	21	343	1048.07	974.4	0	0	0	1.09876	0
metal1	22	343	1086.21	974.4	0	0	0	1.09986	0
metal1	0	344	14.095	977.2	0	0	0	1.09989	0
metal1	1	344	40.07	977.2	0	0	0	1.09934	0
metal1	2	344	96.07	977.2	0	0	0	1.09803	0
metal1	3	344	108.455	977.2	0	0	0	1.09778	0
metal1	4	344	109.295	977.2	0	0	0	1.09776	0
metal1	5	344	152.07	977.2	0	0	0	1.09684	0
metal1	6	344	208.07	977.2	0	0	0	1.09568	0
metal1	7	344	264.07	977.2	0	0	0	1.09453	0
metal1	8	344	320.07	977.2	0.000170084	0	0.000170084	1.0934	0
metal1	9	344	376.07	977.2	0.00246701	0	0.00246701	1.0921	0
metal1	10	344	432.07	977.2	0.00246701	0	0.00246701	1.09126	0
metal1	11	344	488.07	977.2	0.00324469	0	0.00324469	1.09059	0
metal1	12	344	544.07	977.2	0.00270251	0	0.00270251	1.09036	0
metal1	13	344	600.07	977.2	0.00270251	0	0.00270251	1.09034	0
metal1	14	344	656.07	977.2	0.00270251	0	0.00270251	1.09056	0
metal1	15	344	712.07	977.2	0.00270251	0	0.00270251	1.09104	0
metal1	16	344	768.07	977.2	0.00270251	0	0.00270251	1.09177	0
metal1	17	344	824.07	977.2	0.00270251	0	0.00270251	1.09277	0
metal1	18	344	880.07	977.2	0.00196159	0	0.00196159	1.09409	0
metal1	19	344	936.07	977.2	0	0	0	1.09573	0
metal1	20	344	992.07	977.2	0	0	0	1.09723	0
metal1	21	344	1048.07	977.2	0	0	0	1.09876	0
metal1	22	344	1086.21	977.2	0	0	0	1.09986	0
metal1	0	345	14.095	980	0	0	0	1.0999	0
metal1	1	345	40.07	980	0	0	0	1.09935	0
metal1	2	345	96.07	980	0	0	0	1.09806	0
metal1	3	345	108.455	980	0	0	0	1.09781	0
metal1	4	345	109.295	980	0	0	0	1.09779	0
metal1	5	345	152.07	980	0	0	0	1.09689	0
metal1	6	345	208.07	980	0	0	0	1.09573	0
metal1	7	345	264.07	980	0	0	0	1.0946	0
metal1	8	345	320.07	980	0.000170084	0	0.000170084	1.09348	0
metal1	9	345	376.07	980	0.00246701	0	0.00246701	1.09222	0
metal1	10	345	432.07	980	0.00246701	0	0.00246701	1.09139	0
metal1	11	345	488.07	980	0.00324469	0	0.00324469	1.09075	0
metal1	12	345	544.07	980	0.00270251	0	0.00270251	1.09051	0
metal1	13	345	600.07	980	0.00270251	0	0.00270251	1.09048	0
metal1	14	345	656.07	980	0.00270251	0	0.00270251	1.0907	0
metal1	15	345	712.07	980	0.00270251	0	0.00270251	1.09118	0
metal1	16	345	768.07	980	0.00270251	0	0.00270251	1.0919	0
metal1	17	345	824.07	980	0.00270251	0	0.00270251	1.09287	0
metal1	18	345	880.07	980	0.00196159	0	0.00196159	1.09417	0
metal1	19	345	936.07	980	0	0	0	1.09577	0
metal1	20	345	992.07	980	1.81989e-12	0	1.81989e-12	1.09725	0
metal1	21	345	1048.07	980	0	0	0	1.09877	0
metal1	22	345	1086.21	980	0	0	0	1.09988	0
metal1	0	346	14.095	982.8	0	0	0	1.09992	0
metal1	1	346	40.07	982.8	0	0	0	1.09937	0
metal1	2	346	96.07	982.8	0	0	0	1.0981	0
metal1	3	346	108.455	982.8	0	0	0	1.09784	0
metal1	4	346	109.295	982.8	0	0	0	1.09782	0
metal1	5	346	152.07	982.8	0	0	0	1.09693	0
metal1	6	346	208.07	982.8	0	0	0	1.09579	0
metal1	7	346	264.07	982.8	0	0	0	1.09467	0
metal1	8	346	320.07	982.8	0.000170084	0	0.000170084	1.09357	0
metal1	9	346	376.07	982.8	0.00246701	0	0.00246701	1.09237	0
metal1	10	346	432.07	982.8	0.00246701	0	0.00246701	1.09155	0
metal1	11	346	488.07	982.8	0.00324469	0	0.00324469	1.09092	0
metal1	12	346	544.07	982.8	0.00270251	0	0.00270251	1.09068	0
metal1	13	346	600.07	982.8	0.00270251	0	0.00270251	1.09065	0
metal1	14	346	656.07	982.8	0.00270251	0	0.00270251	1.09087	0
metal1	15	346	712.07	982.8	0.00270251	0	0.00270251	1.09133	0
metal1	16	346	768.07	982.8	0.00270251	0	0.00270251	1.09205	0
metal1	17	346	824.07	982.8	0.00270251	0	0.00270251	1.09301	0
metal1	18	346	880.07	982.8	0.00196159	0	0.00196159	1.09427	0
metal1	19	346	936.07	982.8	0	0	0	1.09581	0
metal1	20	346	992.07	982.8	0	0	0	1.09726	0
metal1	21	346	1048.07	982.8	0	0	0	1.09878	0
metal1	22	346	1086.21	982.8	0	0	0	1.0999	0
metal1	0	347	14.095	985.6	0	0	0	1.09995	0
metal1	1	347	40.07	985.6	0	0	0	1.09939	0
metal1	2	347	96.07	985.6	0	0	0	1.09814	0
metal1	3	347	108.455	985.6	0	0	0	1.09788	0
metal1	4	347	109.295	985.6	0	0	0	1.09786	0
metal1	5	347	152.07	985.6	0	0	0	1.09698	0
metal1	6	347	208.07	985.6	0	0	0	1.09585	0
metal1	7	347	264.07	985.6	0	0	0	1.09475	0
metal1	8	347	320.07	985.6	0.000170084	0	0.000170084	1.09367	0
metal1	9	347	376.07	985.6	0.00246701	0	0.00246701	1.09253	0
metal1	10	347	432.07	985.6	0.00246701	0	0.00246701	1.09173	0
metal1	11	347	488.07	985.6	0.00324469	0	0.00324469	1.09113	0
metal1	12	347	544.07	985.6	0.00270251	0	0.00270251	1.09088	0
metal1	13	347	600.07	985.6	0.00270251	0	0.00270251	1.09085	0
metal1	14	347	656.07	985.6	0.00270251	0	0.00270251	1.09106	0
metal1	15	347	712.07	985.6	0.00270251	0	0.00270251	1.09152	0
metal1	16	347	768.07	985.6	0.00270251	0	0.00270251	1.09222	0
metal1	17	347	824.07	985.6	0.00270251	0	0.00270251	1.09316	0
metal1	18	347	880.07	985.6	0.00196159	0	0.00196159	1.09439	0
metal1	19	347	936.07	985.6	0	0	0	1.09585	0
metal1	20	347	992.07	985.6	0	0	0	1.09728	0
metal1	21	347	1048.07	985.6	0	0	0	1.09879	0
metal1	22	347	1086.21	985.6	0	0	0	1.09993	0
metal1	0	348	14.095	988.4	0	0	0	1.09998	0
metal1	1	348	40.07	988.4	0	0	0	1.09941	0
metal1	2	348	96.07	988.4	0	0	0	1.09818	0
metal1	3	348	108.455	988.4	0	0	0	1.09792	0
metal1	4	348	109.295	988.4	0	0	0	1.0979	0
metal1	5	348	152.07	988.4	0	0	0	1.09703	0
metal1	6	348	208.07	988.4	0	0	0	1.09591	0
metal1	7	348	264.07	988.4	0	0	0	1.09482	0
metal1	8	348	320.07	988.4	0.000170084	0	0.000170084	1.09376	0
metal1	9	348	376.07	988.4	0.00246701	0	0.00246701	1.09272	0
metal1	10	348	432.07	988.4	0.00246701	0	0.00246701	1.09194	0
metal1	11	348	488.07	988.4	0.00324469	0	0.00324469	1.09137	0
metal1	12	348	544.07	988.4	0.00270251	0	0.00270251	1.0911	0
metal1	13	348	600.07	988.4	0.00270251	0	0.00270251	1.09106	0
metal1	14	348	656.07	988.4	0.00270251	0	0.00270251	1.09127	0
metal1	15	348	712.07	988.4	0.00270251	0	0.00270251	1.09172	0
metal1	16	348	768.07	988.4	0.00270251	0	0.00270251	1.09241	0
metal1	17	348	824.07	988.4	0.00270251	0	0.00270251	1.09334	0
metal1	18	348	880.07	988.4	0.00196159	0	0.00196159	1.09452	0
metal1	19	348	936.07	988.4	0	0	0	1.0959	0
metal1	20	348	992.07	988.4	0	0	0	1.0973	0
metal1	21	348	1048.07	988.4	0	0	0	1.0988	0
metal1	22	348	1086.21	988.4	0	0	0	1.09998	0
metal1	0	349	14.095	991.2	0	0	0	1.09999	0
metal1	1	349	40.07	991.2	0	0	0	1.09942	0
metal1	2	349	96.07	991.2	0	0	0	1.0982	0
metal1	3	349	108.455	991.2	0	0	0	1.09794	0
metal1	4	349	109.295	991.2	0	0	0	1.09793	0
metal1	5	349	152.07	991.2	0	0	0	1.09706	0
metal1	6	349	208.07	991.2	0	0	0	1.09596	0
metal1	7	349	264.07	991.2	0	0	0	1.09488	0
metal1	8	349	320.07	991.2	0.000170084	0	0.000170084	1.09384	0
metal1	9	349	376.07	991.2	0.00246701	0	0.00246701	1.09283	0
metal1	10	349	432.07	991.2	0.00246701	0	0.00246701	1.09206	0
metal1	11	349	488.07	991.2	0.00324469	0	0.00324469	1.0915	0
metal1	12	349	544.07	991.2	0.00270251	0	0.00270251	1.09123	0
metal1	13	349	600.07	991.2	0.00270251	0	0.00270251	1.0912	0
metal1	14	349	656.07	991.2	0.00270251	0	0.00270251	1.0914	0
metal1	15	349	712.07	991.2	0.00270251	0	0.00270251	1.09185	0
metal1	16	349	768.07	991.2	0.00270251	0	0.00270251	1.09253	0
metal1	17	349	824.07	991.2	0.00270251	0	0.00270251	1.09344	0
metal1	18	349	880.07	991.2	0.00196159	0	0.00196159	1.09459	0
metal1	19	349	936.07	991.2	0	0	0	1.09592	0
metal1	20	349	992.07	991.2	0	0	0	1.09728	0
metal1	21	349	1048.07	991.2	0	0	0	1.0987	0
metal1	22	349	1086.21	991.2	0	0	0	1.09979	0
metal1	0	350	14.095	994	0	0	0	1.09998	0
metal1	1	350	40.07	994	0	0	0	1.09943	0
metal1	2	350	96.07	994	0	0	0	1.09822	0
metal1	3	350	108.455	994	0	0	0	1.09797	0
metal1	4	350	109.295	994	0	0	0	1.09795	0
metal1	5	350	152.07	994	0	0	0	1.09709	0
metal1	6	350	208.07	994	0	0	0	1.096	0
metal1	7	350	264.07	994	0	0	0	1.09494	0
metal1	8	350	320.07	994	0.000170084	0	0.000170084	1.0939	0
metal1	9	350	376.07	994	0.00246701	0	0.00246701	1.09289	0
metal1	10	350	432.07	994	0.00246701	0	0.00246701	1.09212	0
metal1	11	350	488.07	994	0.00324469	0	0.00324469	1.09157	0
metal1	12	350	544.07	994	0.00270251	0	0.00270251	1.0913	0
metal1	13	350	600.07	994	0.00270251	0	0.00270251	1.09127	0
metal1	14	350	656.07	994	0.00270251	0	0.00270251	1.09147	0
metal1	15	350	712.07	994	0.00270251	0	0.00270251	1.09191	0
metal1	16	350	768.07	994	0.00270251	0	0.00270251	1.09258	0
metal1	17	350	824.07	994	0.00270251	0	0.00270251	1.09348	0
metal1	18	350	880.07	994	0.00196159	0	0.00196159	1.09461	0
metal1	19	350	936.07	994	0	0	0	1.09592	0
metal1	20	350	992.07	994	0	0	0	1.09722	0
metal1	21	350	1048.07	994	0	0	0	1.09852	0
metal1	22	350	1086.21	994	0	0	0	1.09942	0
metal1	0	351	14.095	996.8	0	0	0	1.09999	0
metal1	1	351	40.07	996.8	0	0	0	1.09944	0
metal1	2	351	96.07	996.8	0	0	0	1.09824	0
metal1	3	351	108.455	996.8	0	0	0	1.09799	0
metal1	4	351	109.295	996.8	0	0	0	1.09797	0
metal1	5	351	152.07	996.8	0	0	0	1.09712	0
metal1	6	351	208.07	996.8	0	0	0	1.09604	0
metal1	7	351	264.07	996.8	0	0	0	1.09499	0
metal1	8	351	320.07	996.8	0.000170084	0	0.000170084	1.09397	0
metal1	9	351	376.07	996.8	0.00246701	0	0.00246701	1.09297	0
metal1	10	351	432.07	996.8	0.00246701	0	0.00246701	1.09221	0
metal1	11	351	488.07	996.8	0.00324469	0	0.00324469	1.09166	0
metal1	12	351	544.07	996.8	0.00270251	0	0.00270251	1.0914	0
metal1	13	351	600.07	996.8	0.00270251	0	0.00270251	1.09136	0
metal1	14	351	656.07	996.8	0.00270251	0	0.00270251	1.09156	0
metal1	15	351	712.07	996.8	0.00270251	0	0.00270251	1.09199	0
metal1	16	351	768.07	996.8	0.00270251	0	0.00270251	1.09266	0
metal1	17	351	824.07	996.8	0.00270251	0	0.00270251	1.09354	0
metal1	18	351	880.07	996.8	0.00196159	0	0.00196159	1.09465	0
metal1	19	351	936.07	996.8	0	0	0	1.09592	0
metal1	20	351	992.07	996.8	0	0	0	1.09716	0
metal1	21	351	1048.07	996.8	0	0	0	1.09834	0
metal1	22	351	1086.21	996.8	0	0	0	1.09906	0
metal1	0	352	14.095	999.6	0	0	0	1.09999	0
metal1	1	352	40.07	999.6	0	0	0	1.09944	0
metal1	2	352	96.07	999.6	0	0	0	1.09827	0
metal1	3	352	108.455	999.6	0	0	0	1.09801	0
metal1	4	352	109.295	999.6	0	0	0	1.098	0
metal1	5	352	152.07	999.6	0	0	0	1.09716	0
metal1	6	352	208.07	999.6	0	0	0	1.09609	0
metal1	7	352	264.07	999.6	0	0	0	1.09504	0
metal1	8	352	320.07	999.6	0.000170084	0	0.000170084	1.09404	0
metal1	9	352	376.07	999.6	0.00246701	0	0.00246701	1.09307	0
metal1	10	352	432.07	999.6	0.00246701	0	0.00246701	1.09232	0
metal1	11	352	488.07	999.6	0.00324469	0	0.00324469	1.09178	0
metal1	12	352	544.07	999.6	0.00270251	0	0.00270251	1.09152	0
metal1	13	352	600.07	999.6	0.00270251	0	0.00270251	1.09148	0
metal1	14	352	656.07	999.6	0.00270251	0	0.00270251	1.09168	0
metal1	15	352	712.07	999.6	0.00270251	0	0.00270251	1.0921	0
metal1	16	352	768.07	999.6	0.00270251	0	0.00270251	1.09276	0
metal1	17	352	824.07	999.6	0.00270251	0	0.00270251	1.09363	0
metal1	18	352	880.07	999.6	0.00196159	0	0.00196159	1.09471	0
metal1	19	352	936.07	999.6	0	0	0	1.09593	0
metal1	20	352	992.07	999.6	0	0	0	1.09711	0
metal1	21	352	1048.07	999.6	0	0	0	1.09817	0
metal1	22	352	1086.21	999.6	0	0	0	1.09871	0
metal1	0	353	14.095	1002.4	0	0	0	1.09999	0
metal1	1	353	40.07	1002.4	0	0	0	1.09945	0
metal1	2	353	96.07	1002.4	0	0	0	1.09828	0
metal1	3	353	108.455	1002.4	0	0	0	1.09803	0
metal1	4	353	109.295	1002.4	0	0	0	1.09801	0
metal1	5	353	152.07	1002.4	0	0	0	1.09718	0
metal1	6	353	208.07	1002.4	0	0	0	1.09612	0
metal1	7	353	264.07	1002.4	0	0	0	1.09509	0
metal1	8	353	320.07	1002.4	0.000170084	0	0.000170084	1.09408	0
metal1	9	353	376.07	1002.4	0.00246701	0	0.00246701	1.09311	0
metal1	10	353	432.07	1002.4	0.00246701	0	0.00246701	1.09236	0
metal1	11	353	488.07	1002.4	0.00324469	0	0.00324469	1.09182	0
metal1	12	353	544.07	1002.4	0.00270251	0	0.00270251	1.09156	0
metal1	13	353	600.07	1002.4	0.00270251	0	0.00270251	1.09152	0
metal1	14	353	656.07	1002.4	0.00270251	0	0.00270251	1.09171	0
metal1	15	353	712.07	1002.4	0.00270251	0	0.00270251	1.09214	0
metal1	16	353	768.07	1002.4	0.00270251	0	0.00270251	1.09279	0
metal1	17	353	824.07	1002.4	0.00270251	0	0.00270251	1.09365	0
metal1	18	353	880.07	1002.4	0.00196159	0	0.00196159	1.09473	0
metal1	19	353	936.07	1002.4	0	0	0	1.09595	0
metal1	20	353	992.07	1002.4	0	0	0	1.09712	0
metal1	21	353	1048.07	1002.4	0	0	0	1.09815	0
metal1	22	353	1086.21	1002.4	0	0	0	1.09866	0
metal1	0	354	14.095	1005.2	0	0	0	1.09997	0
metal1	1	354	40.07	1005.2	0	0	0	1.09945	0
metal1	2	354	96.07	1005.2	0	0	0	1.09828	0
metal1	3	354	108.455	1005.2	0	0	0	1.09804	0
metal1	4	354	109.295	1005.2	0	0	0	1.09803	0
metal1	5	354	152.07	1005.2	0	0	0	1.0972	0
metal1	6	354	208.07	1005.2	0	0	0	1.09614	0
metal1	7	354	264.07	1005.2	0	0	0	1.09511	0
metal1	8	354	320.07	1005.2	0.000170084	0	0.000170084	1.09411	0
metal1	9	354	376.07	1005.2	0.00246701	0	0.00246701	1.09309	0
metal1	10	354	432.07	1005.2	0.00246701	0	0.00246701	1.09234	0
metal1	11	354	488.07	1005.2	0.00324469	0	0.00324469	1.09179	0
metal1	12	354	544.07	1005.2	0.00270251	0	0.00270251	1.09153	0
metal1	13	354	600.07	1005.2	0.00270251	0	0.00270251	1.0915	0
metal1	14	354	656.07	1005.2	0.00270251	0	0.00270251	1.09169	0
metal1	15	354	712.07	1005.2	0.00270251	0	0.00270251	1.09211	0
metal1	16	354	768.07	1005.2	0.00270251	0	0.00270251	1.09276	0
metal1	17	354	824.07	1005.2	0.00270251	0	0.00270251	1.09363	0
metal1	18	354	880.07	1005.2	0.00196159	0	0.00196159	1.09472	0
metal1	19	354	936.07	1005.2	0	0	0	1.096	0
metal1	20	354	992.07	1005.2	0	0	0	1.09718	0
metal1	21	354	1048.07	1005.2	0	0	0	1.09827	0
metal1	22	354	1086.21	1005.2	0	0	0	1.09886	0
metal1	0	355	14.095	1008	0	0	0	1.09996	0
metal1	1	355	40.07	1008	0	0	0	1.09945	0
metal1	2	355	96.07	1008	0	0	0	1.09829	0
metal1	3	355	108.455	1008	0	0	0	1.09805	0
metal1	4	355	109.295	1008	0	0	0	1.09804	0
metal1	5	355	152.07	1008	0	0	0	1.09722	0
metal1	6	355	208.07	1008	0	0	0	1.09617	0
metal1	7	355	264.07	1008	0	0	0	1.09515	0
metal1	8	355	320.07	1008	0.000170084	0	0.000170084	1.09414	0
metal1	9	355	376.07	1008	0.00246701	0	0.00246701	1.0931	0
metal1	10	355	432.07	1008	0.00246701	0	0.00246701	1.09235	0
metal1	11	355	488.07	1008	0.00324469	0	0.00324469	1.09178	0
metal1	12	355	544.07	1008	0.00270251	0	0.00270251	1.09154	0
metal1	13	355	600.07	1008	0.00270251	0	0.00270251	1.0915	0
metal1	14	355	656.07	1008	0.00270251	0	0.00270251	1.09169	0
metal1	15	355	712.07	1008	0.00270251	0	0.00270251	1.09211	0
metal1	16	355	768.07	1008	0.00270251	0	0.00270251	1.09276	0
metal1	17	355	824.07	1008	0.00270251	0	0.00270251	1.09362	0
metal1	18	355	880.07	1008	0.00196159	0	0.00196159	1.09473	0
metal1	19	355	936.07	1008	0	0	0	1.09604	0
metal1	20	355	992.07	1008	0	0	0	1.09725	0
metal1	21	355	1048.07	1008	0	0	0	1.09839	0
metal1	22	355	1086.21	1008	0	0	0	1.09906	0
metal1	0	356	14.095	1010.8	0	0	0	1.09996	0
metal1	1	356	40.07	1010.8	0	0	0	1.09945	0
metal1	2	356	96.07	1010.8	0	0	0	1.0983	0
metal1	3	356	108.455	1010.8	0	0	0	1.09807	0
metal1	4	356	109.295	1010.8	0	0	0	1.09805	0
metal1	5	356	152.07	1010.8	0	0	0	1.09724	0
metal1	6	356	208.07	1010.8	0	0	0	1.0962	0
metal1	7	356	264.07	1010.8	0	0	0	1.09518	0
metal1	8	356	320.07	1010.8	0.000170084	0	0.000170084	1.09418	0
metal1	9	356	376.07	1010.8	0.00246701	0	0.00246701	1.09312	0
metal1	10	356	432.07	1010.8	0.00246701	0	0.00246701	1.09237	0
metal1	11	356	488.07	1010.8	0.00324469	0	0.00324469	1.09181	0
metal1	12	356	544.07	1010.8	0.00270251	0	0.00270251	1.09156	0
metal1	13	356	600.07	1010.8	0.00270251	0	0.00270251	1.09153	0
metal1	14	356	656.07	1010.8	0.00270251	0	0.00270251	1.09172	0
metal1	15	356	712.07	1010.8	0.00270251	0	0.00270251	1.09214	0
metal1	16	356	768.07	1010.8	0.00270251	0	0.00270251	1.09278	0
metal1	17	356	824.07	1010.8	0.00270251	0	0.00270251	1.09365	0
metal1	18	356	880.07	1010.8	0.00196159	0	0.00196159	1.09476	0
metal1	19	356	936.07	1010.8	0	0	0	1.09609	0
metal1	20	356	992.07	1010.8	0	0	0	1.09732	0
metal1	21	356	1048.07	1010.8	0	0	0	1.09852	0
metal1	22	356	1086.21	1010.8	0	0	0	1.09928	0
metal1	0	357	14.095	1013.6	0	0	0	1.09996	0
metal1	1	357	40.07	1013.6	0	0	0	1.09946	0
metal1	2	357	96.07	1013.6	0	0	0	1.09832	0
metal1	3	357	108.455	1013.6	0	0	0	1.09808	0
metal1	4	357	109.295	1013.6	0	0	0	1.09807	0
metal1	5	357	152.07	1013.6	0	0	0	1.09726	0
metal1	6	357	208.07	1013.6	0	0	0	1.09623	0
metal1	7	357	264.07	1013.6	0	0	0	1.09522	0
metal1	8	357	320.07	1013.6	0.000170084	0	0.000170084	1.09422	0
metal1	9	357	376.07	1013.6	0.00246701	0	0.00246701	1.09317	0
metal1	10	357	432.07	1013.6	0.00246701	0	0.00246701	1.09242	0
metal1	11	357	488.07	1013.6	0.00324469	0	0.00324469	1.09186	0
metal1	12	357	544.07	1013.6	0.00270251	0	0.00270251	1.09162	0
metal1	13	357	600.07	1013.6	0.00270251	0	0.00270251	1.09158	0
metal1	14	357	656.07	1013.6	0.00270251	0	0.00270251	1.09177	0
metal1	15	357	712.07	1013.6	0.00270251	0	0.00270251	1.09219	0
metal1	16	357	768.07	1013.6	0.00270251	0	0.00270251	1.09283	0
metal1	17	357	824.07	1013.6	0.00270251	0	0.00270251	1.09369	0
metal1	18	357	880.07	1013.6	0.00196159	0	0.00196159	1.09481	0
metal1	19	357	936.07	1013.6	0	0	0	1.09614	0
metal1	20	357	992.07	1013.6	0	0	0	1.0974	0
metal1	21	357	1048.07	1013.6	0	0	0	1.09865	0
metal1	22	357	1086.21	1013.6	0	0	0	1.0995	0
metal1	0	358	14.095	1016.4	0	0	0	1.09998	0
metal1	1	358	40.07	1016.4	0	0	0	1.09946	0
metal1	2	358	96.07	1016.4	0	0	0	1.09834	0
metal1	3	358	108.455	1016.4	0	0	0	1.0981	0
metal1	4	358	109.295	1016.4	0	0	0	1.09809	0
metal1	5	358	152.07	1016.4	0	0	0	1.09729	0
metal1	6	358	208.07	1016.4	0	0	0	1.09626	0
metal1	7	358	264.07	1016.4	0	0	0	1.09525	0
metal1	8	358	320.07	1016.4	0.000170084	0	0.000170084	1.09426	0
metal1	9	358	376.07	1016.4	0.00246701	0	0.00246701	1.09324	0
metal1	10	358	432.07	1016.4	0.00246701	0	0.00246701	1.0925	0
metal1	11	358	488.07	1016.4	0.00324469	0	0.00324469	1.09194	0
metal1	12	358	544.07	1016.4	0.00270251	0	0.00270251	1.09169	0
metal1	13	358	600.07	1016.4	0.00270251	0	0.00270251	1.09165	0
metal1	14	358	656.07	1016.4	0.00270251	0	0.00270251	1.09184	0
metal1	15	358	712.07	1016.4	0.00270251	0	0.00270251	1.09226	0
metal1	16	358	768.07	1016.4	0.00270251	0	0.00270251	1.0929	0
metal1	17	358	824.07	1016.4	0.00270251	0	0.00270251	1.09376	0
metal1	18	358	880.07	1016.4	0.00196159	0	0.00196159	1.09488	0
metal1	19	358	936.07	1016.4	0	0	0	1.09619	0
metal1	20	358	992.07	1016.4	0	0	0	1.09747	0
metal1	21	358	1048.07	1016.4	0	0	0	1.09878	0
metal1	22	358	1086.21	1016.4	0	0	0	1.09973	0
metal1	0	359	14.095	1019.2	0	0	0	1.1	0
metal1	1	359	40.07	1019.2	0	0	0	1.09947	0
metal1	2	359	96.07	1019.2	0	0	0	1.09836	0
metal1	3	359	108.455	1019.2	0	0	0	1.09812	0
metal1	4	359	109.295	1019.2	0	0	0	1.09811	0
metal1	5	359	152.07	1019.2	0	0	0	1.09731	0
metal1	6	359	208.07	1019.2	0	0	0	1.09629	0
metal1	7	359	264.07	1019.2	0	0	0	1.09529	0
metal1	8	359	320.07	1019.2	0.000170084	0	0.000170084	1.09431	0
metal1	9	359	376.07	1019.2	0.00246701	0	0.00246701	1.09334	0
metal1	10	359	432.07	1019.2	0.00246701	0	0.00246701	1.09259	0
metal1	11	359	488.07	1019.2	0.00324469	0	0.00324469	1.09205	0
metal1	12	359	544.07	1019.2	0.00270251	0	0.00270251	1.09179	0
metal1	13	359	600.07	1019.2	0.00270251	0	0.00270251	1.09175	0
metal1	14	359	656.07	1019.2	0.00270251	0	0.00270251	1.09194	0
metal1	15	359	712.07	1019.2	0.00270251	0	0.00270251	1.09236	0
metal1	16	359	768.07	1019.2	0.00270251	0	0.00270251	1.09299	0
metal1	17	359	824.07	1019.2	0.00270251	0	0.00270251	1.09386	0
metal1	18	359	880.07	1019.2	0.00196159	0	0.00196159	1.09496	0
metal1	19	359	936.07	1019.2	0	0	0	1.09624	0
metal1	20	359	992.07	1019.2	0	0	0	1.09755	0
metal1	21	359	1048.07	1019.2	0	0	0	1.09892	0
metal1	22	359	1086.21	1019.2	0	0	0	1.09996	0
metal1	0	360	14.095	1022	0	0	0	1.09997	0
metal1	1	360	40.07	1022	0	0	0	1.09947	0
metal1	2	360	96.07	1022	0	0	0	1.09836	0
metal1	3	360	108.455	1022	0	0	0	1.09813	0
metal1	4	360	109.295	1022	0	0	0	1.09812	0
metal1	5	360	152.07	1022	0	0	0	1.09733	0
metal1	6	360	208.07	1022	0	0	0	1.09632	0
metal1	7	360	264.07	1022	0	0	0	1.09532	0
metal1	8	360	320.07	1022	0.000170084	0	0.000170084	1.09433	0
metal1	9	360	376.07	1022	0.00246701	0	0.00246701	1.09331	0
metal1	10	360	432.07	1022	0.00246701	0	0.00246701	1.09256	0
metal1	11	360	488.07	1022	0.00324469	0	0.00324469	1.092	0
metal1	12	360	544.07	1022	0.00270251	0	0.00270251	1.09176	0
metal1	13	360	600.07	1022	0.00270251	0	0.00270251	1.09172	0
metal1	14	360	656.07	1022	0.00270251	0	0.00270251	1.09191	0
metal1	15	360	712.07	1022	0.00270251	0	0.00270251	1.09232	0
metal1	16	360	768.07	1022	0.00270251	0	0.00270251	1.09295	0
metal1	17	360	824.07	1022	0.00270251	0	0.00270251	1.09382	0
metal1	18	360	880.07	1022	0.00196159	0	0.00196159	1.09494	0
metal1	19	360	936.07	1022	0	0	0	1.09627	0
metal1	20	360	992.07	1022	0	0	0	1.09758	0
metal1	21	360	1048.07	1022	0	0	0	1.09894	0
metal1	22	360	1086.21	1022	0	0	0	1.09996	0
metal1	0	361	14.095	1024.8	0	0	0	1.09994	0
metal1	1	361	40.07	1024.8	0	0	0	1.09946	0
metal1	2	361	96.07	1024.8	0	0	0	1.09836	0
metal1	3	361	108.455	1024.8	0	0	0	1.09814	0
metal1	4	361	109.295	1024.8	0	0	0	1.09812	0
metal1	5	361	152.07	1024.8	0	0	0	1.09734	0
metal1	6	361	208.07	1024.8	0	0	0	1.09634	0
metal1	7	361	264.07	1024.8	0	0	0	1.09535	0
metal1	8	361	320.07	1024.8	0.000170084	0	0.000170084	1.09436	0
metal1	9	361	376.07	1024.8	0.00246701	0	0.00246701	1.09327	0
metal1	10	361	432.07	1024.8	0.00246701	0	0.00246701	1.09252	0
metal1	11	361	488.07	1024.8	0.00324469	0	0.00324469	1.09195	0
metal1	12	361	544.07	1024.8	0.00270251	0	0.00270251	1.09172	0
metal1	13	361	600.07	1024.8	0.00270251	0	0.00270251	1.09168	0
metal1	14	361	656.07	1024.8	0.00270251	0	0.00270251	1.09187	0
metal1	15	361	712.07	1024.8	0.00270251	0	0.00270251	1.09228	0
metal1	16	361	768.07	1024.8	0.00270251	0	0.00270251	1.09291	0
metal1	17	361	824.07	1024.8	0.00270251	0	0.00270251	1.09377	0
metal1	18	361	880.07	1024.8	0.00196159	0	0.00196159	1.09491	0
metal1	19	361	936.07	1024.8	0	0	0	1.0963	0
metal1	20	361	992.07	1024.8	0	0	0	1.0976	0
metal1	21	361	1048.07	1024.8	0	0	0	1.09894	0
metal1	22	361	1086.21	1024.8	0	0	0	1.09993	0
metal1	0	362	14.095	1027.6	0	0	0	1.09992	0
metal1	1	362	40.07	1027.6	0	0	0	1.09946	0
metal1	2	362	96.07	1027.6	0	0	0	1.09836	0
metal1	3	362	108.455	1027.6	0	0	0	1.09814	0
metal1	4	362	109.295	1027.6	0	0	0	1.09813	0
metal1	5	362	152.07	1027.6	0	0	0	1.09736	0
metal1	6	362	208.07	1027.6	0	0	0	1.09637	0
metal1	7	362	264.07	1027.6	0	0	0	1.09539	0
metal1	8	362	320.07	1027.6	0.000170084	0	0.000170084	1.09439	0
metal1	9	362	376.07	1027.6	0.00246701	0	0.00246701	1.09326	0
metal1	10	362	432.07	1027.6	0.00246701	0	0.00246701	1.09251	0
metal1	11	362	488.07	1027.6	0.00324469	0	0.00324469	1.09192	0
metal1	12	362	544.07	1027.6	0.00270251	0	0.00270251	1.0917	0
metal1	13	362	600.07	1027.6	0.00270251	0	0.00270251	1.09167	0
metal1	14	362	656.07	1027.6	0.00270251	0	0.00270251	1.09186	0
metal1	15	362	712.07	1027.6	0.00270251	0	0.00270251	1.09226	0
metal1	16	362	768.07	1027.6	0.00270251	0	0.00270251	1.09289	0
metal1	17	362	824.07	1027.6	0.00270251	0	0.00270251	1.09375	0
metal1	18	362	880.07	1027.6	0.00196159	0	0.00196159	1.0949	0
metal1	19	362	936.07	1027.6	0	0	0	1.09632	0
metal1	20	362	992.07	1027.6	0	0	0	1.09762	0
metal1	21	362	1048.07	1027.6	0	0	0	1.09894	0
metal1	22	362	1086.21	1027.6	0	0	0	1.0999	0
metal1	0	363	14.095	1030.4	0	0	0	1.09991	0
metal1	1	363	40.07	1030.4	0	0	0	1.09945	0
metal1	2	363	96.07	1030.4	0	0	0	1.09837	0
metal1	3	363	108.455	1030.4	0	0	0	1.09816	0
metal1	4	363	109.295	1030.4	0	0	0	1.09814	0
metal1	5	363	152.07	1030.4	0	0	0	1.09737	0
metal1	6	363	208.07	1030.4	0	0	0	1.09639	0
metal1	7	363	264.07	1030.4	0	0	0	1.09542	0
metal1	8	363	320.07	1030.4	0.000170084	0	0.000170084	1.09443	0
metal1	9	363	376.07	1030.4	0.00246701	0	0.00246701	1.09326	0
metal1	10	363	432.07	1030.4	0.00246701	0	0.00246701	1.09252	0
metal1	11	363	488.07	1030.4	0.00324469	0	0.00324469	1.09192	0
metal1	12	363	544.07	1030.4	0.00270251	0	0.00270251	1.09171	0
metal1	13	363	600.07	1030.4	0.00270251	0	0.00270251	1.09168	0
metal1	14	363	656.07	1030.4	0.00270251	0	0.00270251	1.09187	0
metal1	15	363	712.07	1030.4	0.00270251	0	0.00270251	1.09227	0
metal1	16	363	768.07	1030.4	0.00270251	0	0.00270251	1.0929	0
metal1	17	363	824.07	1030.4	0.00270251	0	0.00270251	1.09375	0
metal1	18	363	880.07	1030.4	0.00196159	0	0.00196159	1.09491	0
metal1	19	363	936.07	1030.4	0	0	0	1.09636	0
metal1	20	363	992.07	1030.4	0	0	0	1.09765	0
metal1	21	363	1048.07	1030.4	0	0	0	1.09895	0
metal1	22	363	1086.21	1030.4	0	0	0	1.09989	0
metal1	0	364	14.095	1033.2	0	0	0	1.0999	0
metal1	1	364	40.07	1033.2	0	0	0	1.09945	0
metal1	2	364	96.07	1033.2	0	0	0	1.09838	0
metal1	3	364	108.455	1033.2	0	0	0	1.09817	0
metal1	4	364	109.295	1033.2	0	0	0	1.09815	0
metal1	5	364	152.07	1033.2	0	0	0	1.09739	0
metal1	6	364	208.07	1033.2	0	0	0	1.09642	0
metal1	7	364	264.07	1033.2	0	0	0	1.09546	0
metal1	8	364	320.07	1033.2	0.000170084	0	0.000170084	1.09447	0
metal1	9	364	376.07	1033.2	0.00246701	0	0.00246701	1.09329	0
metal1	10	364	432.07	1033.2	0.00246701	0	0.00246701	1.09255	0
metal1	11	364	488.07	1033.2	0.00324469	0	0.00324469	1.09195	0
metal1	12	364	544.07	1033.2	0.00270251	0	0.00270251	1.09175	0
metal1	13	364	600.07	1033.2	0.00270251	0	0.00270251	1.09172	0
metal1	14	364	656.07	1033.2	0.00270251	0	0.00270251	1.0919	0
metal1	15	364	712.07	1033.2	0.00270251	0	0.00270251	1.09231	0
metal1	16	364	768.07	1033.2	0.00270251	0	0.00270251	1.09293	0
metal1	17	364	824.07	1033.2	0.00270251	0	0.00270251	1.09377	0
metal1	18	364	880.07	1033.2	0.00196159	0	0.00196159	1.09494	0
metal1	19	364	936.07	1033.2	0	0	0	1.09639	0
metal1	20	364	992.07	1033.2	0	0	0	1.09768	0
metal1	21	364	1048.07	1033.2	0	0	0	1.09896	0
metal1	22	364	1086.21	1033.2	0	0	0	1.09988	0
metal1	0	365	14.095	1036	0	0	0	1.0999	0
metal1	1	365	40.07	1036	0	0	0	1.09946	0
metal1	2	365	96.07	1036	0	0	0	1.09839	0
metal1	3	365	108.455	1036	0	0	0	1.09818	0
metal1	4	365	109.295	1036	0	0	0	1.09817	0
metal1	5	365	152.07	1036	0	0	0	1.09741	0
metal1	6	365	208.07	1036	0	0	0	1.09645	0
metal1	7	365	264.07	1036	0	0	0	1.0955	0
metal1	8	365	320.07	1036	0.000170084	0	0.000170084	1.09452	0
metal1	9	365	376.07	1036	0.00246701	0	0.00246701	1.09334	0
metal1	10	365	432.07	1036	0.00246701	0	0.00246701	1.0926	0
metal1	11	365	488.07	1036	0.00324469	0	0.00324469	1.09201	0
metal1	12	365	544.07	1036	0.00270251	0	0.00270251	1.09181	0
metal1	13	365	600.07	1036	0.00270251	0	0.00270251	1.09178	0
metal1	14	365	656.07	1036	0.00270251	0	0.00270251	1.09196	0
metal1	15	365	712.07	1036	0.00270251	0	0.00270251	1.09236	0
metal1	16	365	768.07	1036	0.00270251	0	0.00270251	1.09298	0
metal1	17	365	824.07	1036	0.00270251	0	0.00270251	1.09382	0
metal1	18	365	880.07	1036	0.00196159	0	0.00196159	1.09498	0
metal1	19	365	936.07	1036	0	0	0	1.09643	0
metal1	20	365	992.07	1036	0	0	0	1.09771	0
metal1	21	365	1048.07	1036	0	0	0	1.09898	0
metal1	22	365	1086.21	1036	0	0	0	1.09988	0
metal1	0	366	14.095	1038.8	0	0	0	1.09991	0
metal1	1	366	40.07	1038.8	0	0	0	1.09946	0
metal1	2	366	96.07	1038.8	0	0	0	1.0984	0
metal1	3	366	108.455	1038.8	0	0	0	1.0982	0
metal1	4	366	109.295	1038.8	0	0	0	1.09818	0
metal1	5	366	152.07	1038.8	0	0	0	1.09743	0
metal1	6	366	208.07	1038.8	0	0	0	1.09648	0
metal1	7	366	264.07	1038.8	0	0	0	1.09554	0
metal1	8	366	320.07	1038.8	0.000170084	0	0.000170084	1.09457	0
metal1	9	366	376.07	1038.8	0.00246701	0	0.00246701	1.09341	0
metal1	10	366	432.07	1038.8	0.00246701	0	0.00246701	1.09268	0
metal1	11	366	488.07	1038.8	0.00324469	0	0.00324469	1.09209	0
metal1	12	366	544.07	1038.8	0.00270251	0	0.00270251	1.09189	0
metal1	13	366	600.07	1038.8	0.00270251	0	0.00270251	1.09187	0
metal1	14	366	656.07	1038.8	0.00270251	0	0.00270251	1.09205	0
metal1	15	366	712.07	1038.8	0.00270251	0	0.00270251	1.09244	0
metal1	16	366	768.07	1038.8	0.00270251	0	0.00270251	1.09306	0
metal1	17	366	824.07	1038.8	0.00270251	0	0.00270251	1.09389	0
metal1	18	366	880.07	1038.8	0.00196159	0	0.00196159	1.09504	0
metal1	19	366	936.07	1038.8	0	0	0	1.09647	0
metal1	20	366	992.07	1038.8	0	0	0	1.09774	0
metal1	21	366	1048.07	1038.8	0	0	0	1.099	0
metal1	22	366	1086.21	1038.8	0	0	0	1.09989	0
metal1	0	367	14.095	1041.6	0	0	0	1.09992	0
metal1	1	367	40.07	1041.6	0	0	0	1.09947	0
metal1	2	367	96.07	1041.6	0	0	0	1.09842	0
metal1	3	367	108.455	1041.6	0	0	0	1.09822	0
metal1	4	367	109.295	1041.6	0	0	0	1.0982	0
metal1	5	367	152.07	1041.6	0	0	0	1.09746	0
metal1	6	367	208.07	1041.6	0	0	0	1.09652	0
metal1	7	367	264.07	1041.6	0	0	0	1.09558	0
metal1	8	367	320.07	1041.6	0.000170084	0	0.000170084	1.09462	0
metal1	9	367	376.07	1041.6	0.00246701	0	0.00246701	1.0935	0
metal1	10	367	432.07	1041.6	0.00246701	0	0.00246701	1.09278	0
metal1	11	367	488.07	1041.6	0.00324469	0	0.00324469	1.0922	0
metal1	12	367	544.07	1041.6	0.00270251	0	0.00270251	1.092	0
metal1	13	367	600.07	1041.6	0.00270251	0	0.00270251	1.09197	0
metal1	14	367	656.07	1041.6	0.00270251	0	0.00270251	1.09216	0
metal1	15	367	712.07	1041.6	0.00270251	0	0.00270251	1.09255	0
metal1	16	367	768.07	1041.6	0.00270251	0	0.00270251	1.09316	0
metal1	17	367	824.07	1041.6	0.00270251	0	0.00270251	1.09399	0
metal1	18	367	880.07	1041.6	0.00196159	0	0.00196159	1.09512	0
metal1	19	367	936.07	1041.6	0	0	0	1.09651	0
metal1	20	367	992.07	1041.6	0	0	0	1.09777	0
metal1	21	367	1048.07	1041.6	0	0	0	1.09902	0
metal1	22	367	1086.21	1041.6	0	0	0	1.09991	0
metal1	0	368	14.095	1044.4	0	0	0	1.09994	0
metal1	1	368	40.07	1044.4	0	0	0	1.09948	0
metal1	2	368	96.07	1044.4	0	0	0	1.09845	0
metal1	3	368	108.455	1044.4	0	0	0	1.09824	0
metal1	4	368	109.295	1044.4	0	0	0	1.09823	0
metal1	5	368	152.07	1044.4	0	0	0	1.09749	0
metal1	6	368	208.07	1044.4	0	0	0	1.09656	0
metal1	7	368	264.07	1044.4	0	0	0	1.09563	0
metal1	8	368	320.07	1044.4	0.000170084	0	0.000170084	1.09468	0
metal1	9	368	376.07	1044.4	0.00246701	0	0.00246701	1.09362	0
metal1	10	368	432.07	1044.4	0.00246701	0	0.00246701	1.0929	0
metal1	11	368	488.07	1044.4	0.00324469	0	0.00324469	1.09235	0
metal1	12	368	544.07	1044.4	0.00270251	0	0.00270251	1.09214	0
metal1	13	368	600.07	1044.4	0.00270251	0	0.00270251	1.09211	0
metal1	14	368	656.07	1044.4	0.00270251	0	0.00270251	1.09229	0
metal1	15	368	712.07	1044.4	0.00270251	0	0.00270251	1.09268	0
metal1	16	368	768.07	1044.4	0.00270251	0	0.00270251	1.09328	0
metal1	17	368	824.07	1044.4	0.00270251	0	0.00270251	1.09411	0
metal1	18	368	880.07	1044.4	0.00196159	0	0.00196159	1.09522	0
metal1	19	368	936.07	1044.4	0	0	0	1.09655	0
metal1	20	368	992.07	1044.4	0	0	0	1.09781	0
metal1	21	368	1048.07	1044.4	0	0	0	1.09905	0
metal1	22	368	1086.21	1044.4	0	0	0	1.09993	0
metal1	0	369	14.095	1047.2	0	0	0	1.09997	0
metal1	1	369	40.07	1047.2	0	0	0	1.09949	0
metal1	2	369	96.07	1047.2	0	0	0	1.09848	0
metal1	3	369	108.455	1047.2	0	0	0	1.09826	0
metal1	4	369	109.295	1047.2	0	0	0	1.09825	0
metal1	5	369	152.07	1047.2	0	0	0	1.09751	0
metal1	6	369	208.07	1047.2	0	0	0	1.0966	0
metal1	7	369	264.07	1047.2	0	0	0	1.09567	0
metal1	8	369	320.07	1047.2	0.000170084	0	0.000170084	1.09474	0
metal1	9	369	376.07	1047.2	0.00246701	0	0.00246701	1.09375	0
metal1	10	369	432.07	1047.2	0.00246701	0	0.00246701	1.09304	0
metal1	11	369	488.07	1047.2	0.00324469	0	0.00324469	1.09251	0
metal1	12	369	544.07	1047.2	0.00270251	0	0.00270251	1.09229	0
metal1	13	369	600.07	1047.2	0.00270251	0	0.00270251	1.09227	0
metal1	14	369	656.07	1047.2	0.00270251	0	0.00270251	1.09245	0
metal1	15	369	712.07	1047.2	0.00270251	0	0.00270251	1.09283	0
metal1	16	369	768.07	1047.2	0.00270251	0	0.00270251	1.09343	0
metal1	17	369	824.07	1047.2	0.00270251	0	0.00270251	1.09426	0
metal1	18	369	880.07	1047.2	0.00196159	0	0.00196159	1.09533	0
metal1	19	369	936.07	1047.2	0	0	0	1.0966	0
metal1	20	369	992.07	1047.2	0	0	0	1.09785	0
metal1	21	369	1048.07	1047.2	0	0	0	1.09908	0
metal1	22	369	1086.21	1047.2	0	0	0	1.09997	0
metal1	0	370	14.095	1050	0	0	0	1.09999	0
metal1	1	370	40.07	1050	0	0	0	1.09951	0
metal1	2	370	96.07	1050	0	0	0	1.0985	0
metal1	3	370	108.455	1050	0	0	0	1.09829	0
metal1	4	370	109.295	1050	0	0	0	1.09827	0
metal1	5	370	152.07	1050	0	0	0	1.09755	0
metal1	6	370	208.07	1050	0	0	0	1.09663	0
metal1	7	370	264.07	1050	0	0	0	1.09572	0
metal1	8	370	320.07	1050	0.000170084	0	0.000170084	1.09481	0
metal1	9	370	376.07	1050	0.00246701	0	0.00246701	1.09389	0
metal1	10	370	432.07	1050	0.00246701	0	0.00246701	1.09318	0
metal1	11	370	488.07	1050	0.00324469	0	0.00324469	1.09268	0
metal1	12	370	544.07	1050	0.00270251	0	0.00270251	1.09245	0
metal1	13	370	600.07	1050	0.00270251	0	0.00270251	1.09242	0
metal1	14	370	656.07	1050	0.00270251	0	0.00270251	1.0926	0
metal1	15	370	712.07	1050	0.00270251	0	0.00270251	1.09299	0
metal1	16	370	768.07	1050	0.00270251	0	0.00270251	1.09358	0
metal1	17	370	824.07	1050	0.00270251	0	0.00270251	1.0944	0
metal1	18	370	880.07	1050	0.00196159	0	0.00196159	1.09544	0
metal1	19	370	936.07	1050	0	0	0	1.09666	0
metal1	20	370	992.07	1050	0	0	0	1.09788	0
metal1	21	370	1048.07	1050	0	0	0	1.09911	0
metal1	22	370	1086.21	1050	0	0	0	1.09999	0
metal1	0	371	14.095	1052.8	0	0	0	1.09996	0
metal1	1	371	40.07	1052.8	0	0	0	1.09951	0
metal1	2	371	96.07	1052.8	0	0	0	1.0985	0
metal1	3	371	108.455	1052.8	0	0	0	1.0983	0
metal1	4	371	109.295	1052.8	0	0	0	1.09828	0
metal1	5	371	152.07	1052.8	0	0	0	1.09757	0
metal1	6	371	208.07	1052.8	0	0	0	1.09667	0
metal1	7	371	264.07	1052.8	0	0	0	1.09578	0
metal1	8	371	320.07	1052.8	0.000170084	0	0.000170084	1.09487	0
metal1	9	371	376.07	1052.8	0.00246701	0	0.00246701	1.09389	0
metal1	10	371	432.07	1052.8	0.00246701	0	0.00246701	1.09321	0
metal1	11	371	488.07	1052.8	0.00324469	0	0.00324469	1.09269	0
metal1	12	371	544.07	1052.8	0.00270251	0	0.00270251	1.09248	0
metal1	13	371	600.07	1052.8	0.00270251	0	0.00270251	1.09246	0
metal1	14	371	656.07	1052.8	0.00270251	0	0.00270251	1.09264	0
metal1	15	371	712.07	1052.8	0.00270251	0	0.00270251	1.09302	0
metal1	16	371	768.07	1052.8	0.00270251	0	0.00270251	1.0936	0
metal1	17	371	824.07	1052.8	0.00270251	0	0.00270251	1.0944	0
metal1	18	371	880.07	1052.8	0.00196159	0	0.00196159	1.09545	0
metal1	19	371	936.07	1052.8	0	0	0	1.09671	0
metal1	20	371	992.07	1052.8	0	0	0	1.09791	0
metal1	21	371	1048.07	1052.8	0	0	0	1.09911	0
metal1	22	371	1086.21	1052.8	0	0	0	1.09996	0
metal1	0	372	14.095	1055.6	0	0	0	1.09994	0
metal1	1	372	40.07	1055.6	0	0	0	1.0995	0
metal1	2	372	96.07	1055.6	0	0	0	1.09851	0
metal1	3	372	108.455	1055.6	0	0	0	1.09831	0
metal1	4	372	109.295	1055.6	0	0	0	1.0983	0
metal1	5	372	152.07	1055.6	0	0	0	1.0976	0
metal1	6	372	208.07	1055.6	9.18489e-13	0	9.18489e-13	1.09671	0
metal1	7	372	264.07	1055.6	0	0	0	1.09583	0
metal1	8	372	320.07	1055.6	0.000170084	0	0.000170084	1.09494	0
metal1	9	372	376.07	1055.6	0.00246701	0	0.00246701	1.09392	0
metal1	10	372	432.07	1055.6	0.00246701	0	0.00246701	1.09325	0
metal1	11	372	488.07	1055.6	0.00324469	0	0.00324469	1.09273	0
metal1	12	372	544.07	1055.6	0.00270251	0	0.00270251	1.09254	0
metal1	13	372	600.07	1055.6	0.00270251	0	0.00270251	1.09252	0
metal1	14	372	656.07	1055.6	0.00270251	0	0.00270251	1.0927	0
metal1	15	372	712.07	1055.6	0.00270251	0	0.00270251	1.09307	0
metal1	16	372	768.07	1055.6	0.00270251	0	0.00270251	1.09364	0
metal1	17	372	824.07	1055.6	0.00270251	0	0.00270251	1.09443	0
metal1	18	372	880.07	1055.6	0.00196159	0	0.00196159	1.09548	0
metal1	19	372	936.07	1055.6	0	0	0	1.09677	0
metal1	20	372	992.07	1055.6	0	0	0	1.09795	0
metal1	21	372	1048.07	1055.6	0	0	0	1.09912	0
metal1	22	372	1086.21	1055.6	0	0	0	1.09993	0
metal1	0	373	14.095	1058.4	0	0	0	1.09992	0
metal1	1	373	40.07	1058.4	0	0	0	1.0995	0
metal1	2	373	96.07	1058.4	0	0	0	1.09852	0
metal1	3	373	108.455	1058.4	0	0	0	1.09833	0
metal1	4	373	109.295	1058.4	0	0	0	1.09831	0
metal1	5	373	152.07	1058.4	0	0	0	1.09763	0
metal1	6	373	208.07	1058.4	0	0	0	1.09675	0
metal1	7	373	264.07	1058.4	0	0	0	1.09589	0
metal1	8	373	320.07	1058.4	0.000170084	0	0.000170084	1.09501	0
metal1	9	373	376.07	1058.4	0.00246701	0	0.00246701	1.09397	0
metal1	10	373	432.07	1058.4	0.00246701	0	0.00246701	1.09332	0
metal1	11	373	488.07	1058.4	0.00324469	0	0.00324469	1.0928	0
metal1	12	373	544.07	1058.4	0.00270251	0	0.00270251	1.09262	0
metal1	13	373	600.07	1058.4	0.00270251	0	0.00270251	1.09261	0
metal1	14	373	656.07	1058.4	0.00270251	0	0.00270251	1.09278	0
metal1	15	373	712.07	1058.4	0.00270251	0	0.00270251	1.09315	0
metal1	16	373	768.07	1058.4	0.00270251	0	0.00270251	1.09371	0
metal1	17	373	824.07	1058.4	0.00270251	0	0.00270251	1.09448	0
metal1	18	373	880.07	1058.4	0.00196159	0	0.00196159	1.09553	0
metal1	19	373	936.07	1058.4	0	0	0	1.09683	0
metal1	20	373	992.07	1058.4	0	0	0	1.09798	0
metal1	21	373	1048.07	1058.4	0	0	0	1.09912	0
metal1	22	373	1086.21	1058.4	0	0	0	1.09991	0
metal1	0	374	14.095	1061.2	0	0	0	1.09991	0
metal1	1	374	40.07	1061.2	0	0	0	1.09951	0
metal1	2	374	96.07	1061.2	0	0	0	1.09853	0
metal1	3	374	108.455	1061.2	0	0	0	1.09834	0
metal1	4	374	109.295	1061.2	0	0	0	1.09833	0
metal1	5	374	152.07	1061.2	0	0	0	1.09765	0
metal1	6	374	208.07	1061.2	0	0	0	1.09679	0
metal1	7	374	264.07	1061.2	0	0	0	1.09595	0
metal1	8	374	320.07	1061.2	0.000170084	0	0.000170084	1.09509	0
metal1	9	374	376.07	1061.2	0.00246701	0	0.00246701	1.09405	0
metal1	10	374	432.07	1061.2	0.00246701	0	0.00246701	1.09341	0
metal1	11	374	488.07	1061.2	0.00324469	0	0.00324469	1.09289	0
metal1	12	374	544.07	1061.2	0.00270251	0	0.00270251	1.09273	0
metal1	13	374	600.07	1061.2	0.00270251	0	0.00270251	1.09272	0
metal1	14	374	656.07	1061.2	0.00270251	0	0.00270251	1.09289	0
metal1	15	374	712.07	1061.2	0.00270251	0	0.00270251	1.09325	0
metal1	16	374	768.07	1061.2	0.00270251	0	0.00270251	1.0938	0
metal1	17	374	824.07	1061.2	0.00270251	0	0.00270251	1.09456	0
metal1	18	374	880.07	1061.2	0.00196159	0	0.00196159	1.09559	0
metal1	19	374	936.07	1061.2	0	0	0	1.09689	0
metal1	20	374	992.07	1061.2	0	0	0	1.09802	0
metal1	21	374	1048.07	1061.2	0	0	0	1.09913	0
metal1	22	374	1086.21	1061.2	0	0	0	1.0999	0
metal1	0	375	14.095	1064	0	0	0	1.09991	0
metal1	1	375	40.07	1064	0	0	0	1.09951	0
metal1	2	375	96.07	1064	0	0	0	1.09855	0
metal1	3	375	108.455	1064	0	0	0	1.09836	0
metal1	4	375	109.295	1064	0	0	0	1.09835	0
metal1	5	375	152.07	1064	0	0	0	1.09769	0
metal1	6	375	208.07	1064	0	0	0	1.09684	0
metal1	7	375	264.07	1064	0	0	0	1.09601	0
metal1	8	375	320.07	1064	0.000170084	0	0.000170084	1.09517	0
metal1	9	375	376.07	1064	0.00246701	0	0.00246701	1.09414	0
metal1	10	375	432.07	1064	0.00246701	0	0.00246701	1.09352	0
metal1	11	375	488.07	1064	0.00324469	0	0.00324469	1.09301	0
metal1	12	375	544.07	1064	0.00270251	0	0.00270251	1.09286	0
metal1	13	375	600.07	1064	0.00270251	0	0.00270251	1.09285	0
metal1	14	375	656.07	1064	0.00270251	0	0.00270251	1.09302	0
metal1	15	375	712.07	1064	0.00270251	0	0.00270251	1.09338	0
metal1	16	375	768.07	1064	0.00270251	0	0.00270251	1.09392	0
metal1	17	375	824.07	1064	0.00270251	0	0.00270251	1.09466	0
metal1	18	375	880.07	1064	0.00196159	0	0.00196159	1.09567	0
metal1	19	375	936.07	1064	0	0	0	1.09695	0
metal1	20	375	992.07	1064	0	0	0	1.09806	0
metal1	21	375	1048.07	1064	0	0	0	1.09915	0
metal1	22	375	1086.21	1064	0	0	0	1.09989	0
metal1	0	376	14.095	1066.8	0	0	0	1.09991	0
metal1	1	376	40.07	1066.8	0	0	0	1.09952	0
metal1	2	376	96.07	1066.8	0	0	0	1.09857	0
metal1	3	376	108.455	1066.8	0	0	0	1.09839	0
metal1	4	376	109.295	1066.8	0	0	0	1.09837	0
metal1	5	376	152.07	1066.8	0	0	0	1.09772	0
metal1	6	376	208.07	1066.8	0	0	0	1.09688	0
metal1	7	376	264.07	1066.8	0	0	0	1.09607	0
metal1	8	376	320.07	1066.8	0.000170084	0	0.000170084	1.09525	0
metal1	9	376	376.07	1066.8	0.00246701	0	0.00246701	1.09426	0
metal1	10	376	432.07	1066.8	0.00246701	0	0.00246701	1.09366	0
metal1	11	376	488.07	1066.8	0.00324469	0	0.00324469	1.09316	0
metal1	12	376	544.07	1066.8	0.00270251	0	0.00270251	1.09302	0
metal1	13	376	600.07	1066.8	0.00270251	0	0.00270251	1.09301	0
metal1	14	376	656.07	1066.8	0.00270251	0	0.00270251	1.09318	0
metal1	15	376	712.07	1066.8	0.00270251	0	0.00270251	1.09353	0
metal1	16	376	768.07	1066.8	0.00270251	0	0.00270251	1.09406	0
metal1	17	376	824.07	1066.8	0.00270251	0	0.00270251	1.09478	0
metal1	18	376	880.07	1066.8	0.00196159	0	0.00196159	1.09577	0
metal1	19	376	936.07	1066.8	0	0	0	1.09702	0
metal1	20	376	992.07	1066.8	0	0	0	1.0981	0
metal1	21	376	1048.07	1066.8	0	0	0	1.09916	0
metal1	22	376	1086.21	1066.8	0	0	0	1.0999	0
metal1	0	377	14.095	1069.6	0	0	0	1.09992	0
metal1	1	377	40.07	1069.6	0	0	0	1.09953	0
metal1	2	377	96.07	1069.6	0	0	0	1.09859	0
metal1	3	377	108.455	1069.6	0	0	0	1.09841	0
metal1	4	377	109.295	1069.6	0	0	0	1.0984	0
metal1	5	377	152.07	1069.6	0	0	0	1.09775	0
metal1	6	377	208.07	1069.6	0	0	0	1.09693	0
metal1	7	377	264.07	1069.6	0	0	0	1.09614	0
metal1	8	377	320.07	1069.6	0.000170084	0	0.000170084	1.09534	0
metal1	9	377	376.07	1069.6	0.00246701	0	0.00246701	1.09439	0
metal1	10	377	432.07	1069.6	0.00246701	0	0.00246701	1.09381	0
metal1	11	377	488.07	1069.6	0.00324469	0	0.00324469	1.09334	0
metal1	12	377	544.07	1069.6	0.00270251	0	0.00270251	1.0932	0
metal1	13	377	600.07	1069.6	0.00270251	0	0.00270251	1.09319	0
metal1	14	377	656.07	1069.6	0.00270251	0	0.00270251	1.09336	0
metal1	15	377	712.07	1069.6	0.00270251	0	0.00270251	1.0937	0
metal1	16	377	768.07	1069.6	0.00270251	0	0.00270251	1.09423	0
metal1	17	377	824.07	1069.6	0.00270251	0	0.00270251	1.09493	0
metal1	18	377	880.07	1069.6	0.00196159	0	0.00196159	1.09589	0
metal1	19	377	936.07	1069.6	0	0	0	1.09709	0
metal1	20	377	992.07	1069.6	0	0	0	1.09814	0
metal1	21	377	1048.07	1069.6	0	0	0	1.09919	0
metal1	22	377	1086.21	1069.6	0	0	0	1.09991	0
metal1	0	378	14.095	1072.4	0	0	0	1.09993	0
metal1	1	378	40.07	1072.4	0	0	0	1.09954	0
metal1	2	378	96.07	1072.4	0	0	0	1.09862	0
metal1	3	378	108.455	1072.4	0	0	0	1.09844	0
metal1	4	378	109.295	1072.4	0	0	0	1.09842	0
metal1	5	378	152.07	1072.4	0	0	0	1.09779	0
metal1	6	378	208.07	1072.4	0	0	0	1.09698	0
metal1	7	378	264.07	1072.4	0	0	0	1.0962	0
metal1	8	378	320.07	1072.4	0.000170084	0	0.000170084	1.09543	0
metal1	9	378	376.07	1072.4	0.00246701	0	0.00246701	1.09455	0
metal1	10	378	432.07	1072.4	0.00246701	0	0.00246701	1.094	0
metal1	11	378	488.07	1072.4	0.00324469	0	0.00324469	1.09355	0
metal1	12	378	544.07	1072.4	0.00270251	0	0.00270251	1.09341	0
metal1	13	378	600.07	1072.4	0.00270251	0	0.00270251	1.0934	0
metal1	14	378	656.07	1072.4	0.00270251	0	0.00270251	1.09356	0
metal1	15	378	712.07	1072.4	0.00270251	0	0.00270251	1.0939	0
metal1	16	378	768.07	1072.4	0.00270251	0	0.00270251	1.09442	0
metal1	17	378	824.07	1072.4	0.00270251	0	0.00270251	1.0951	0
metal1	18	378	880.07	1072.4	0.00196159	0	0.00196159	1.09602	0
metal1	19	378	936.07	1072.4	0	0	0	1.09716	0
metal1	20	378	992.07	1072.4	0	0	0	1.09819	0
metal1	21	378	1048.07	1072.4	0	0	0	1.09921	0
metal1	22	378	1086.21	1072.4	0	0	0	1.09992	0
metal1	0	379	14.095	1075.2	0	0	0	1.09996	0
metal1	1	379	40.07	1075.2	0	0	0	1.09956	0
metal1	2	379	96.07	1075.2	0	0	0	1.09865	0
metal1	3	379	108.455	1075.2	0	0	0	1.09847	0
metal1	4	379	109.295	1075.2	0	0	0	1.09845	0
metal1	5	379	152.07	1075.2	0	0	0	1.09783	0
metal1	6	379	208.07	1075.2	0	0	0	1.09703	0
metal1	7	379	264.07	1075.2	0	0	0	1.09627	0
metal1	8	379	320.07	1075.2	0.000170084	0	0.000170084	1.09553	0
metal1	9	379	376.07	1075.2	0.00246701	0	0.00246701	1.09473	0
metal1	10	379	432.07	1075.2	0.00246701	0	0.00246701	1.0942	0
metal1	11	379	488.07	1075.2	0.00324469	0	0.00324469	1.09379	0
metal1	12	379	544.07	1075.2	0.00270251	0	0.00270251	1.09364	0
metal1	13	379	600.07	1075.2	0.00270251	0	0.00270251	1.09363	0
metal1	14	379	656.07	1075.2	0.00270251	0	0.00270251	1.0938	0
metal1	15	379	712.07	1075.2	0.00270251	0	0.00270251	1.09413	0
metal1	16	379	768.07	1075.2	0.00270251	0	0.00270251	1.09463	0
metal1	17	379	824.07	1075.2	0.00270251	0	0.00270251	1.0953	0
metal1	18	379	880.07	1075.2	0.00196159	0	0.00196159	1.09618	0
metal1	19	379	936.07	1075.2	0	0	0	1.09724	0
metal1	20	379	992.07	1075.2	0	0	0	1.09824	0
metal1	21	379	1048.07	1075.2	0	0	0	1.09925	0
metal1	22	379	1086.21	1075.2	0	0	0	1.09995	0
metal1	0	380	14.095	1078	0	0	0	1.09998	0
metal1	1	380	40.07	1078	0	0	0	1.09957	0
metal1	2	380	96.07	1078	0	0	0	1.09868	0
metal1	3	380	108.455	1078	0	0	0	1.0985	0
metal1	4	380	109.295	1078	0	0	0	1.09848	0
metal1	5	380	152.07	1078	0	0	0	1.09787	0
metal1	6	380	208.07	1078	0	0	0	1.09709	0
metal1	7	380	264.07	1078	0	0	0	1.09634	0
metal1	8	380	320.07	1078	0	0	0	1.09563	0
metal1	9	380	376.07	1078	0	0	0	1.09494	0
metal1	10	380	432.07	1078	0	0	0	1.09443	0
metal1	11	380	488.07	1078	0	0	0	1.09406	0
metal1	12	380	544.07	1078	0	0	0	1.09389	0
metal1	13	380	600.07	1078	0	0	0	1.09389	0
metal1	14	380	656.07	1078	0	0	0	1.09405	0
metal1	15	380	712.07	1078	0	0	0	1.09438	0
metal1	16	380	768.07	1078	0	0	0	1.09487	0
metal1	17	380	824.07	1078	0	0	0	1.09552	0
metal1	18	380	880.07	1078	0	0	0	1.09635	0
metal1	19	380	936.07	1078	0	0	0	1.09731	0
metal1	20	380	992.07	1078	0	0	0	1.09829	0
metal1	21	380	1048.07	1078	0	0	0	1.09928	0
metal1	22	380	1086.21	1078	0	0	0	1.09998	0
metal1	0	381	14.095	1080.8	0	0	0	1.1	0
metal1	1	381	40.07	1080.8	0	0	0	1.09958	0
metal1	2	381	96.07	1080.8	0	0	0	1.09871	0
metal1	3	381	108.455	1080.8	0	0	0	1.09852	0
metal1	4	381	109.295	1080.8	0	0	0	1.09851	0
metal1	5	381	152.07	1080.8	0	0	0	1.0979	0
metal1	6	381	208.07	1080.8	0	0	0	1.09713	0
metal1	7	381	264.07	1080.8	0	0	0	1.0964	0
metal1	8	381	320.07	1080.8	0	0	0	1.09572	0
metal1	9	381	376.07	1080.8	0	0	0	1.09509	0
metal1	10	381	432.07	1080.8	0	0	0	1.0946	0
metal1	11	381	488.07	1080.8	0	0	0	1.09426	0
metal1	12	381	544.07	1080.8	0	0	0	1.09409	0
metal1	13	381	600.07	1080.8	0	0	0	1.09409	0
metal1	14	381	656.07	1080.8	0	0	0	1.09425	0
metal1	15	381	712.07	1080.8	0	0	0	1.09457	0
metal1	16	381	768.07	1080.8	0	0	0	1.09505	0
metal1	17	381	824.07	1080.8	0	0	0	1.09569	0
metal1	18	381	880.07	1080.8	0	0	0	1.09648	0
metal1	19	381	936.07	1080.8	0	0	0	1.09738	0
metal1	20	381	992.07	1080.8	0	0	0	1.09833	0
metal1	21	381	1048.07	1080.8	0	0	0	1.09931	0
metal1	22	381	1086.21	1080.8	0	0	0	1.1	0
metal1	0	382	14.095	1083.6	0	0	0	1.1	0
metal1	1	382	40.07	1083.6	0	0	0	1.09959	0
metal1	2	382	96.07	1083.6	0	0	0	1.09872	0
metal1	3	382	108.455	1083.6	0	0	0	1.09854	0
metal1	4	382	109.295	1083.6	0	0	0	1.09852	0
metal1	5	382	152.07	1083.6	0	0	0	1.09792	0
metal1	6	382	208.07	1083.6	0	0	0	1.09716	0
metal1	7	382	264.07	1083.6	0	0	0	1.09644	0
metal1	8	382	320.07	1083.6	0	0	0	1.09578	0
metal1	9	382	376.07	1083.6	0	0	0	1.09518	0
metal1	10	382	432.07	1083.6	0	0	0	1.09471	0
metal1	11	382	488.07	1083.6	0	0	0	1.09438	0
metal1	12	382	544.07	1083.6	0	0	0	1.09422	0
metal1	13	382	600.07	1083.6	0	0	0	1.09421	0
metal1	14	382	656.07	1083.6	0	0	0	1.09437	0
metal1	15	382	712.07	1083.6	0	0	0	1.09469	0
metal1	16	382	768.07	1083.6	0	0	0	1.09517	0
metal1	17	382	824.07	1083.6	0	0	0	1.09579	0
metal1	18	382	880.07	1083.6	0	0	0	1.09656	0
metal1	19	382	936.07	1083.6	0	0	0	1.09743	0
metal1	20	382	992.07	1083.6	0	0	0	1.09835	0
metal1	21	382	1048.07	1083.6	0	0	0	1.09932	0
metal1	22	382	1086.21	1083.6	0	0	0	1.09999	0
metal1	0	383	14.095	1086.4	0	0	0	1.1	0
metal1	1	383	40.07	1086.4	0	0	0	1.0996	0
metal1	2	383	96.07	1086.4	0	0	0	1.09874	0
metal1	3	383	108.455	1086.4	0	0	0	1.09855	0
metal1	4	383	109.295	1086.4	0	0	0	1.09854	0
metal1	5	383	152.07	1086.4	0	0	0	1.09794	0
metal1	6	383	208.07	1086.4	0	0	0	1.09719	0
metal1	7	383	264.07	1086.4	0	0	0	1.09649	0
metal1	8	383	320.07	1086.4	0	0	0	1.09584	0
metal1	9	383	376.07	1086.4	0	0	0	1.09527	0
metal1	10	383	432.07	1086.4	0	0	0	1.09482	0
metal1	11	383	488.07	1086.4	0	0	0	1.0945	0
metal1	12	383	544.07	1086.4	0	0	0	1.09434	0
metal1	13	383	600.07	1086.4	0	0	0	1.09434	0
metal1	14	383	656.07	1086.4	0	0	0	1.0945	0
metal1	15	383	712.07	1086.4	0	0	0	1.09481	0
metal1	16	383	768.07	1086.4	0	0	0	1.09528	0
metal1	17	383	824.07	1086.4	0	0	0	1.09589	0
metal1	18	383	880.07	1086.4	0	0	0	1.09663	0
metal1	19	383	936.07	1086.4	0	0	0	1.09748	0
metal1	20	383	992.07	1086.4	0	0	0	1.09838	0
metal1	21	383	1048.07	1086.4	0	0	0	1.09933	0
metal1	22	383	1086.21	1086.4	0	0	0	1.1	0
metal1	0	384	14.095	1089.2	0	0	0	1.1	0
metal1	1	384	40.07	1089.2	0	0	0	1.0996	0
metal1	2	384	96.07	1089.2	0	0	0	1.09873	0
metal1	3	384	108.455	1089.2	0	0	0	1.09855	0
metal1	4	384	109.295	1089.2	0	0	0	1.09854	0
metal1	5	384	152.07	1089.2	0	0	0	1.09794	0
metal1	6	384	208.07	1089.2	0	0	0	1.09719	0
metal1	7	384	264.07	1089.2	0	0	0	1.09649	0
metal1	8	384	320.07	1089.2	0	0	0	1.09584	0
metal1	9	384	376.07	1089.2	0	0	0	1.09527	0
metal1	10	384	432.07	1089.2	0	0	0	1.09482	0
metal1	11	384	488.07	1089.2	0	0	0	1.09451	0
metal1	12	384	544.07	1089.2	0	0	0	1.09435	0
metal1	13	384	600.07	1089.2	0	0	0	1.09435	0
metal1	14	384	656.07	1089.2	0	0	0	1.0945	0
metal1	15	384	712.07	1089.2	0	0	0	1.09482	0
metal1	16	384	768.07	1089.2	0	0	0	1.09529	0
metal1	17	384	824.07	1089.2	0	0	0	1.0959	0
metal1	18	384	880.07	1089.2	0	0	0	1.09664	0
metal1	19	384	936.07	1089.2	0	0	0	1.09748	0
metal1	20	384	992.07	1089.2	0	0	0	1.09839	0
metal1	21	384	1048.07	1089.2	0	0	0	1.09933	0
metal1	22	384	1086.21	1089.2	0	0	0	1.1	0
metal4	0	0	14.095	14	0	0	0	1.09999	0
metal4	1	0	40.07	14	0	0	0	1.09957	0
metal4	2	0	96.07	14	0	0	0	1.09866	0
metal4	3	0	108.455	14	0	0	0	1.09847	0
metal4	4	0	109.295	14	0	0	0	1.09845	0
metal4	5	0	152.07	14	0	0	0	1.09781	0
metal4	6	0	208.07	14	0	0	0	1.09699	0
metal4	7	0	264.07	14	0	0	0	1.0962	0
metal4	8	0	320.07	14	0	0	0	1.09543	0
metal4	9	0	376.07	14	0	0	0	1.09475	0
metal4	10	0	432.07	14	0	0	0	1.0941	0
metal4	11	0	488.07	14	0	0	0	1.09367	0
metal4	12	0	544.07	14	0	0	0	1.09342	0
metal4	13	0	600.07	14	0	0	0	1.09336	0
metal4	14	0	656.07	14	0	0	0	1.0935	0
metal4	15	0	712.07	14	0	0	0	1.09384	0
metal4	16	0	768.07	14	0	0	0	1.09436	0
metal4	17	0	824.07	14	0	0	0	1.09508	0
metal4	18	0	880.07	14	0	0	0	1.09598	0
metal4	19	0	936.07	14	0	0	0	1.09705	0
metal4	20	0	992.07	14	0	0	0	1.09812	0
metal4	21	0	1048.07	14	0	0	0	1.09922	0
metal4	22	0	1086.21	14	0	0	0	1.09999	0
metal4	0	1	14.095	16.8	0	0	0	1.09999	0
metal4	1	1	40.07	16.8	0	0	0	1.09957	0
metal4	2	1	96.07	16.8	0	0	0	1.09866	0
metal4	3	1	108.455	16.8	0	0	0	1.09847	0
metal4	4	1	109.295	16.8	0	0	0	1.09845	0
metal4	5	1	152.07	16.8	0	0	0	1.09781	0
metal4	6	1	208.07	16.8	0	0	0	1.09699	0
metal4	7	1	264.07	16.8	0	0	0	1.0962	0
metal4	8	1	320.07	16.8	0	0	0	1.09544	0
metal4	9	1	376.07	16.8	0	0	0	1.09475	0
metal4	10	1	432.07	16.8	0	0	0	1.09412	0
metal4	11	1	488.07	16.8	0	0	0	1.09369	0
metal4	12	1	544.07	16.8	0	0	0	1.09344	0
metal4	13	1	600.07	16.8	0	0	0	1.09339	0
metal4	14	1	656.07	16.8	0	0	0	1.09353	0
metal4	15	1	712.07	16.8	0	0	0	1.09386	0
metal4	16	1	768.07	16.8	0	0	0	1.09439	0
metal4	17	1	824.07	16.8	0	0	0	1.0951	0
metal4	18	1	880.07	16.8	0	0	0	1.096	0
metal4	19	1	936.07	16.8	0	0	0	1.09705	0
metal4	20	1	992.07	16.8	0	0	0	1.09812	0
metal4	21	1	1048.07	16.8	0	0	0	1.09923	0
metal4	22	1	1086.21	16.8	0	0	0	1.09999	0
metal4	0	2	14.095	18.47	0	0	0	1.1	0
metal4	1	2	40.07	18.47	0	0	0	1.09957	0
metal4	2	2	96.07	18.47	0	0	0	1.09866	0
metal4	3	2	108.455	18.47	0	0	0	1.09847	0
metal4	4	2	109.295	18.47	0	0	0	1.09845	0
metal4	5	2	152.07	18.47	0	0	0	1.09781	0
metal4	6	2	208.07	18.47	0	0	0	1.09699	0
metal4	7	2	264.07	18.47	0	0	0	1.0962	0
metal4	8	2	320.07	18.47	0	0	0	1.09544	0
metal4	9	2	376.07	18.47	0	0	0	1.09476	0
metal4	10	2	432.07	18.47	0	0	0	1.09415	0
metal4	11	2	488.07	18.47	0	0	0	1.09372	0
metal4	12	2	544.07	18.47	0	0	0	1.09347	0
metal4	13	2	600.07	18.47	0	0	0	1.09341	0
metal4	14	2	656.07	18.47	0	0	0	1.09355	0
metal4	15	2	712.07	18.47	0	0	0	1.09389	0
metal4	16	2	768.07	18.47	0	0	0	1.09441	0
metal4	17	2	824.07	18.47	0	0	0	1.09513	0
metal4	18	2	880.07	18.47	0	0	0	1.09602	0
metal4	19	2	936.07	18.47	0	0	0	1.09705	0
metal4	20	2	992.07	18.47	0	0	0	1.09813	0
metal4	21	2	1048.07	18.47	0	0	0	1.09923	0
metal4	22	2	1086.21	18.47	0	0	0	1.1	0
metal4	0	3	14.095	19.6	0	0	0	1.1	0
metal4	1	3	40.07	19.6	0	0	0	1.09957	0
metal4	2	3	96.07	19.6	0	0	0	1.09866	0
metal4	3	3	108.455	19.6	0	0	0	1.09846	0
metal4	4	3	109.295	19.6	0	0	0	1.09845	0
metal4	5	3	152.07	19.6	0	0	0	1.0978	0
metal4	6	3	208.07	19.6	0	0	0	1.09698	0
metal4	7	3	264.07	19.6	0	0	0	1.09619	0
metal4	8	3	320.07	19.6	0	0	0	1.09543	0
metal4	9	3	376.07	19.6	0	0	0	1.09474	0
metal4	10	3	432.07	19.6	0	0	0	1.09411	0
metal4	11	3	488.07	19.6	0	0	0	1.09367	0
metal4	12	3	544.07	19.6	0	0	0	1.09342	0
metal4	13	3	600.07	19.6	0	0	0	1.09337	0
metal4	14	3	656.07	19.6	0	0	0	1.09351	0
metal4	15	3	712.07	19.6	0	0	0	1.09384	0
metal4	16	3	768.07	19.6	0	0	0	1.09437	0
metal4	17	3	824.07	19.6	0	0	0	1.09509	0
metal4	18	3	880.07	19.6	0	0	0	1.09599	0
metal4	19	3	936.07	19.6	0	0	0	1.09704	0
metal4	20	3	992.07	19.6	0	0	0	1.09812	0
metal4	21	3	1048.07	19.6	0	0	0	1.09922	0
metal4	22	3	1086.21	19.6	0	0	0	1.09999	0
metal4	0	4	14.095	22.4	0	0	0	1.09999	0
metal4	1	4	40.07	22.4	0	0	0	1.09956	0
metal4	2	4	96.07	22.4	0	0	0	1.09864	0
metal4	3	4	108.455	22.4	0	0	0	1.09845	0
metal4	4	4	109.295	22.4	0	0	0	1.09844	0
metal4	5	4	152.07	22.4	0	0	0	1.09779	0
metal4	6	4	208.07	22.4	0	0	0	1.09696	0
metal4	7	4	264.07	22.4	0	0	0	1.09616	0
metal4	8	4	320.07	22.4	0	0	0	1.09539	0
metal4	9	4	376.07	22.4	0	0	0	1.09469	0
metal4	10	4	432.07	22.4	0	0	0	1.09403	0
metal4	11	4	488.07	22.4	0	0	0	1.09359	0
metal4	12	4	544.07	22.4	0	0	0	1.09333	0
metal4	13	4	600.07	22.4	0	0	0	1.09327	0
metal4	14	4	656.07	22.4	0	0	0	1.09341	0
metal4	15	4	712.07	22.4	0	0	0	1.09375	0
metal4	16	4	768.07	22.4	0	0	0	1.09428	0
metal4	17	4	824.07	22.4	0	0	0	1.09501	0
metal4	18	4	880.07	22.4	0	0	0	1.09593	0
metal4	19	4	936.07	22.4	0	0	0	1.09701	0
metal4	20	4	992.07	22.4	0	0	0	1.0981	0
metal4	21	4	1048.07	22.4	0	0	0	1.09921	0
metal4	22	4	1086.21	22.4	0	0	0	1.09999	0
metal4	0	5	14.095	25.2	0	0	0	1.09999	0
metal4	1	5	40.07	25.2	0	0	0	1.09956	0
metal4	2	5	96.07	25.2	0	0	0	1.09863	0
metal4	3	5	108.455	25.2	0	0	0	1.09844	0
metal4	4	5	109.295	25.2	0	0	0	1.09843	0
metal4	5	5	152.07	25.2	0	0	0	1.09777	0
metal4	6	5	208.07	25.2	0	0	0	1.09694	0
metal4	7	5	264.07	25.2	0	0	0	1.09614	0
metal4	8	5	320.07	25.2	0	0	0	1.09536	0
metal4	9	5	376.07	25.2	0	0	0	1.09465	0
metal4	10	5	432.07	25.2	0	0	0	1.09398	0
metal4	11	5	488.07	25.2	0	0	0	1.09352	0
metal4	12	5	544.07	25.2	0	0	0	1.09326	0
metal4	13	5	600.07	25.2	0	0	0	1.0932	0
metal4	14	5	656.07	25.2	0	0	0	1.09334	0
metal4	15	5	712.07	25.2	0	0	0	1.09368	0
metal4	16	5	768.07	25.2	0	0	0	1.09422	0
metal4	17	5	824.07	25.2	0	0	0	1.09495	0
metal4	18	5	880.07	25.2	0	0	0	1.09588	0
metal4	19	5	936.07	25.2	0	0	0	1.09698	0
metal4	20	5	992.07	25.2	0	0	0	1.09808	0
metal4	21	5	1048.07	25.2	0	0	0	1.0992	0
metal4	22	5	1086.21	25.2	0	0	0	1.09999	0
metal4	0	6	14.095	28	0	0	0	1.09999	0
metal4	1	6	40.07	28	0	0	0	1.09956	0
metal4	2	6	96.07	28	0	0	0	1.09863	0
metal4	3	6	108.455	28	0	0	0	1.09843	0
metal4	4	6	109.295	28	0	0	0	1.09842	0
metal4	5	6	152.07	28	0	0	0	1.09776	0
metal4	6	6	208.07	28	0	0	0	1.09693	0
metal4	7	6	264.07	28	0	0	0	1.09612	0
metal4	8	6	320.07	28	0	0	0	1.09533	0
metal4	9	6	376.07	28	0	0	0	1.09461	0
metal4	10	6	432.07	28	0	0	0	1.09394	0
metal4	11	6	488.07	28	0	0	0	1.09348	0
metal4	12	6	544.07	28	0	0	0	1.09322	0
metal4	13	6	600.07	28	0	0	0	1.09316	0
metal4	14	6	656.07	28	0	0	0	1.09329	0
metal4	15	6	712.07	28	0	0	0	1.09363	0
metal4	16	6	768.07	28	0	0	0	1.09417	0
metal4	17	6	824.07	28	0	0	0	1.09491	0
metal4	18	6	880.07	28	0	0	0	1.09585	0
metal4	19	6	936.07	28	0	0	0	1.09695	0
metal4	20	6	992.07	28	0	0	0	1.09806	0
metal4	21	6	1048.07	28	0	0	0	1.0992	0
metal4	22	6	1086.21	28	0	0	0	1.09999	0
metal4	0	7	14.095	29.6	0	0	0	1.1	0
metal4	1	7	40.07	29.6	0	0	0	1.09956	0
metal4	2	7	96.07	29.6	0	0	0	1.09863	0
metal4	3	7	108.455	29.6	0	0	0	1.09843	0
metal4	4	7	109.295	29.6	0	0	0	1.09841	0
metal4	5	7	152.07	29.6	0	0	0	1.09776	0
metal4	6	7	208.07	29.6	0	0	0	1.09692	0
metal4	7	7	264.07	29.6	0	0	0	1.0961	0
metal4	8	7	320.07	29.6	0	0	0	1.09532	0
metal4	9	7	376.07	29.6	0	0	0	1.09459	0
metal4	10	7	432.07	29.6	0	0	0	1.09394	0
metal4	11	7	488.07	29.6	0	0	0	1.09347	0
metal4	12	7	544.07	29.6	0	0	0	1.0932	0
metal4	13	7	600.07	29.6	0	0	0	1.09314	0
metal4	14	7	656.07	29.6	0	0	0	1.09328	0
metal4	15	7	712.07	29.6	0	0	0	1.09362	0
metal4	16	7	768.07	29.6	0	0	0	1.09416	0
metal4	17	7	824.07	29.6	0	0	0	1.0949	0
metal4	18	7	880.07	29.6	0	0	0	1.09585	0
metal4	19	7	936.07	29.6	0	0	0	1.09694	0
metal4	20	7	992.07	29.6	0	0	0	1.09805	0
metal4	21	7	1048.07	29.6	0	0	0	1.0992	0
metal4	22	7	1086.21	29.6	0	0	0	1.1	0
metal4	0	8	14.095	30.8	0	0	0	1.09999	0
metal4	1	8	40.07	30.8	0	0	0	1.09955	0
metal4	2	8	96.07	30.8	0	0	0	1.09861	0
metal4	3	8	108.455	30.8	0	0	0	1.09842	0
metal4	4	8	109.295	30.8	0	0	0	1.0984	0
metal4	5	8	152.07	30.8	0	0	0	1.09774	0
metal4	6	8	208.07	30.8	0	0	0	1.0969	0
metal4	7	8	264.07	30.8	0	0	0	1.09609	0
metal4	8	8	320.07	30.8	0	0	0	1.09529	0
metal4	9	8	376.07	30.8	0	0	0	1.09456	0
metal4	10	8	432.07	30.8	0	0	0	1.09386	0
metal4	11	8	488.07	30.8	0	0	0	1.09339	0
metal4	12	8	544.07	30.8	0	0	0	1.09312	0
metal4	13	8	600.07	30.8	0	0	0	1.09306	0
metal4	14	8	656.07	30.8	0	0	0	1.0932	0
metal4	15	8	712.07	30.8	0	0	0	1.09354	0
metal4	16	8	768.07	30.8	0	0	0	1.09408	0
metal4	17	8	824.07	30.8	0	0	0	1.09483	0
metal4	18	8	880.07	30.8	0	0	0	1.09579	0
metal4	19	8	936.07	30.8	0	0	0	1.09692	0
metal4	20	8	992.07	30.8	0	0	0	1.09804	0
metal4	21	8	1048.07	30.8	0	0	0	1.09918	0
metal4	22	8	1086.21	30.8	0	0	0	1.09998	0
metal4	0	9	14.095	33.6	0	0	0	1.09996	0
metal4	1	9	40.07	33.6	0	0	0	1.09953	0
metal4	2	9	96.07	33.6	0	0	0	1.09859	0
metal4	3	9	108.455	33.6	0	0	0	1.0984	0
metal4	4	9	109.295	33.6	0	0	0	1.09838	0
metal4	5	9	152.07	33.6	0	0	0	1.09772	0
metal4	6	9	208.07	33.6	0	0	0	1.09687	0
metal4	7	9	264.07	33.6	0	0	0	1.09605	0
metal4	8	9	320.07	33.6	0	0	0	1.09523	0
metal4	9	9	376.07	33.6	0	0	0	1.09448	0
metal4	10	9	432.07	33.6	0	0	0	1.09372	0
metal4	11	9	488.07	33.6	0	0	0	1.09323	0
metal4	12	9	544.07	33.6	0	0	0	1.09296	0
metal4	13	9	600.07	33.6	0	0	0	1.09289	0
metal4	14	9	656.07	33.6	0	0	0	1.09303	0
metal4	15	9	712.07	33.6	0	0	0	1.09337	0
metal4	16	9	768.07	33.6	0	0	0	1.09392	0
metal4	17	9	824.07	33.6	0	0	0	1.09468	0
metal4	18	9	880.07	33.6	0	0	0	1.09567	0
metal4	19	9	936.07	33.6	0	0	0	1.09687	0
metal4	20	9	992.07	33.6	0	0	0	1.09801	0
metal4	21	9	1048.07	33.6	0	0	0	1.09915	0
metal4	22	9	1086.21	33.6	0	0	0	1.09995	0
metal4	0	10	14.095	36.4	0	0	0	1.09993	0
metal4	1	10	40.07	36.4	0	0	0	1.09952	0
metal4	2	10	96.07	36.4	0	0	0	1.09856	0
metal4	3	10	108.455	36.4	0	0	0	1.09838	0
metal4	4	10	109.295	36.4	0	0	0	1.09836	0
metal4	5	10	152.07	36.4	0	0	0	1.09769	0
metal4	6	10	208.07	36.4	0	0	0	1.09684	0
metal4	7	10	264.07	36.4	0	0	0	1.09601	0
metal4	8	10	320.07	36.4	0	0	0	1.09517	0
metal4	9	10	376.07	36.4	0	0	0	1.09441	0
metal4	10	10	432.07	36.4	0	0	0	1.09359	0
metal4	11	10	488.07	36.4	0	0	0	1.09309	0
metal4	12	10	544.07	36.4	0	0	0	1.09281	0
metal4	13	10	600.07	36.4	0	0	0	1.09274	0
metal4	14	10	656.07	36.4	0	0	0	1.09288	0
metal4	15	10	712.07	36.4	0	0	0	1.09323	0
metal4	16	10	768.07	36.4	0	0	0	1.09378	0
metal4	17	10	824.07	36.4	0	0	0	1.09455	0
metal4	18	10	880.07	36.4	0	0	0	1.09557	0
metal4	19	10	936.07	36.4	0	0	0	1.09682	0
metal4	20	10	992.07	36.4	0	0	0	1.09798	0
metal4	21	10	1048.07	36.4	0	0	0	1.09913	0
metal4	22	10	1086.21	36.4	0	0	0	1.09992	0
metal4	0	11	14.095	39.2	0	0	0	1.09992	0
metal4	1	11	40.07	39.2	0	0	0	1.09951	0
metal4	2	11	96.07	39.2	0	0	0	1.09854	0
metal4	3	11	108.455	39.2	0	0	0	1.09836	0
metal4	4	11	109.295	39.2	0	0	0	1.09835	0
metal4	5	11	152.07	39.2	0	0	0	1.09767	0
metal4	6	11	208.07	39.2	0	0	0	1.09682	0
metal4	7	11	264.07	39.2	0	0	0	1.09597	0
metal4	8	11	320.07	39.2	0	0	0	1.09512	0
metal4	9	11	376.07	39.2	0	0	0	1.09435	0
metal4	10	11	432.07	39.2	0	0	0	1.09348	0
metal4	11	11	488.07	39.2	0	0	0	1.09297	0
metal4	12	11	544.07	39.2	0	0	0	1.09269	0
metal4	13	11	600.07	39.2	0	0	0	1.09262	0
metal4	14	11	656.07	39.2	0	0	0	1.09276	0
metal4	15	11	712.07	39.2	0	0	0	1.0931	0
metal4	16	11	768.07	39.2	0	0	0	1.09366	0
metal4	17	11	824.07	39.2	0	0	0	1.09444	0
metal4	18	11	880.07	39.2	0	0	0	1.09549	0
metal4	19	11	936.07	39.2	0	0	0	1.09678	0
metal4	20	11	992.07	39.2	0	0	0	1.09796	0
metal4	21	11	1048.07	39.2	0	0	0	1.09911	0
metal4	22	11	1086.21	39.2	0	0	0	1.0999	0
metal4	0	12	14.095	42	0	0	0	1.09991	0
metal4	1	12	40.07	42	0	0	0	1.0995	0
metal4	2	12	96.07	42	0	0	0	1.09853	0
metal4	3	12	108.455	42	0	0	0	1.09834	0
metal4	4	12	109.295	42	0	0	0	1.09833	0
metal4	5	12	152.07	42	0	0	0	1.09765	0
metal4	6	12	208.07	42	0	0	0	1.09679	0
metal4	7	12	264.07	42	0	0	0	1.09594	0
metal4	8	12	320.07	42	0	0	0	1.09507	0
metal4	9	12	376.07	42	0	0	0	1.09429	0
metal4	10	12	432.07	42	0	0	0	1.0934	0
metal4	11	12	488.07	42	0	0	0	1.09288	0
metal4	12	12	544.07	42	0	0	0	1.09259	0
metal4	13	12	600.07	42	0	0	0	1.09252	0
metal4	14	12	656.07	42	0	0	0	1.09265	0
metal4	15	12	712.07	42	0	0	0	1.093	0
metal4	16	12	768.07	42	0	0	0	1.09357	0
metal4	17	12	824.07	42	0	0	0	1.09435	0
metal4	18	12	880.07	42	0	0	0	1.09542	0
metal4	19	12	936.07	42	0	0	0	1.09674	0
metal4	20	12	992.07	42	0	0	0	1.09793	0
metal4	21	12	1048.07	42	0	0	0	1.09909	0
metal4	22	12	1086.21	42	0	0	0	1.09989	0
metal4	0	13	14.095	44.8	0	0	0	1.09991	0
metal4	1	13	40.07	44.8	0	0	0	1.09949	0
metal4	2	13	96.07	44.8	0	0	0	1.09852	0
metal4	3	13	108.455	44.8	0	0	0	1.09833	0
metal4	4	13	109.295	44.8	0	0	0	1.09832	0
metal4	5	13	152.07	44.8	0	0	0	1.09763	0
metal4	6	13	208.07	44.8	0	0	0	1.09677	0
metal4	7	13	264.07	44.8	0	0	0	1.0959	0
metal4	8	13	320.07	44.8	0	0	0	1.09503	0
metal4	9	13	376.07	44.8	0	0	0	1.09424	0
metal4	10	13	432.07	44.8	0	0	0	1.09333	0
metal4	11	13	488.07	44.8	0	0	0	1.0928	0
metal4	12	13	544.07	44.8	0	0	0	1.09251	0
metal4	13	13	600.07	44.8	0	0	0	1.09243	0
metal4	14	13	656.07	44.8	0	0	0	1.09257	0
metal4	15	13	712.07	44.8	0	0	0	1.09293	0
metal4	16	13	768.07	44.8	0	0	0	1.09349	0
metal4	17	13	824.07	44.8	0	0	0	1.09428	0
metal4	18	13	880.07	44.8	0	0	0	1.09536	0
metal4	19	13	936.07	44.8	0	0	0	1.09671	0
metal4	20	13	992.07	44.8	0	0	0	1.09791	0
metal4	21	13	1048.07	44.8	0	0	0	1.09908	0
metal4	22	13	1086.21	44.8	0	0	0	1.09989	0
metal4	0	14	14.095	47.6	0	0	0	1.09991	0
metal4	1	14	40.07	47.6	0	0	0	1.09948	0
metal4	2	14	96.07	47.6	0	0	0	1.09851	0
metal4	3	14	108.455	47.6	0	0	0	1.09832	0
metal4	4	14	109.295	47.6	0	0	0	1.09831	0
metal4	5	14	152.07	47.6	0	0	0	1.09761	0
metal4	6	14	208.07	47.6	0	0	0	1.09675	0
metal4	7	14	264.07	47.6	0	0	0	1.09587	0
metal4	8	14	320.07	47.6	0	0	0	1.095	0
metal4	9	14	376.07	47.6	0	0	0	1.0942	0
metal4	10	14	432.07	47.6	0	0	0	1.09329	0
metal4	11	14	488.07	47.6	0	0	0	1.09275	0
metal4	12	14	544.07	47.6	0	0	0	1.09245	0
metal4	13	14	600.07	47.6	0	0	0	1.09238	0
metal4	14	14	656.07	47.6	0	0	0	1.09251	0
metal4	15	14	712.07	47.6	0	0	0	1.09287	0
metal4	16	14	768.07	47.6	0	0	0	1.09344	0
metal4	17	14	824.07	47.6	0	0	0	1.09424	0
metal4	18	14	880.07	47.6	0	0	0	1.09533	0
metal4	19	14	936.07	47.6	0	0	0	1.09667	0
metal4	20	14	992.07	47.6	0	0	0	1.09789	0
metal4	21	14	1048.07	47.6	0	0	0	1.09907	0
metal4	22	14	1086.21	47.6	0	0	0	1.09989	0
metal4	0	15	14.095	50.4	0	0	0	1.09992	0
metal4	1	15	40.07	50.4	0	0	0	1.09948	0
metal4	2	15	96.07	50.4	0	0	0	1.09851	0
metal4	3	15	108.455	50.4	0	0	0	1.09831	0
metal4	4	15	109.295	50.4	0	0	0	1.0983	0
metal4	5	15	152.07	50.4	0	0	0	1.09759	0
metal4	6	15	208.07	50.4	0	0	0	1.09673	0
metal4	7	15	264.07	50.4	0	0	0	1.09585	0
metal4	8	15	320.07	50.4	0	0	0	1.09497	0
metal4	9	15	376.07	50.4	0	0	0	1.09417	0
metal4	10	15	432.07	50.4	0	0	0	1.09326	0
metal4	11	15	488.07	50.4	0	0	0	1.09272	0
metal4	12	15	544.07	50.4	0	0	0	1.09242	0
metal4	13	15	600.07	50.4	0	0	0	1.09234	0
metal4	14	15	656.07	50.4	0	0	0	1.09248	0
metal4	15	15	712.07	50.4	0	0	0	1.09283	0
metal4	16	15	768.07	50.4	0	0	0	1.09341	0
metal4	17	15	824.07	50.4	0	0	0	1.09422	0
metal4	18	15	880.07	50.4	0	0	0	1.09531	0
metal4	19	15	936.07	50.4	0	0	0	1.09664	0
metal4	20	15	992.07	50.4	0	0	0	1.09788	0
metal4	21	15	1048.07	50.4	0	0	0	1.09906	0
metal4	22	15	1086.21	50.4	0	0	0	1.0999	0
metal4	0	16	14.095	53.2	0	0	0	1.09994	0
metal4	1	16	40.07	53.2	0	0.00141818	0.00141818	1.09948	0
metal4	2	16	96.07	53.2	0	0	0	1.0985	0
metal4	3	16	108.455	53.2	0	0	0	1.09831	0
metal4	4	16	109.295	53.2	0	0	0	1.09829	0
metal4	5	16	152.07	53.2	0	0.00141818	0.00141818	1.09758	0
metal4	6	16	208.07	53.2	0	0	0	1.09671	0
metal4	7	16	264.07	53.2	0	0.00141818	0.00141818	1.09582	0
metal4	8	16	320.07	53.2	0	0	0	1.09495	0
metal4	9	16	376.07	53.2	0	0	0	1.09414	0
metal4	10	16	432.07	53.2	0	0	0	1.09326	0
metal4	11	16	488.07	53.2	0	0	0	1.09271	0
metal4	12	16	544.07	53.2	0	0	0	1.09241	0
metal4	13	16	600.07	53.2	0	0	0	1.09232	0
metal4	14	16	656.07	53.2	0	0	0	1.09246	0
metal4	15	16	712.07	53.2	0	0	0	1.09282	0
metal4	16	16	768.07	53.2	0	0	0	1.0934	0
metal4	17	16	824.07	53.2	0	0	0	1.09421	0
metal4	18	16	880.07	53.2	0	0	0	1.0953	0
metal4	19	16	936.07	53.2	0	0.00141818	0.00141818	1.09662	0
metal4	20	16	992.07	53.2	0	0	0	1.09786	0
metal4	21	16	1048.07	53.2	0	0.00141818	0.00141818	1.09906	0
metal4	22	16	1086.21	53.2	0	0	0	1.09992	0
metal4	0	17	14.095	56	0	0	0	1.09996	0
metal4	1	17	40.07	56	0	0	0	1.0995	0
metal4	2	17	96.07	56	0	0	0	1.09851	0
metal4	3	17	108.455	56	0	0	0	1.09831	0
metal4	4	17	109.295	56	0	0	0	1.09829	0
metal4	5	17	152.07	56	0	0	0	1.09758	0
metal4	6	17	208.07	56	0	0	0	1.0967	0
metal4	7	17	264.07	56	0	0	0	1.09581	0
metal4	8	17	320.07	56	0	0	0	1.09493	0
metal4	9	17	376.07	56	0	0	0	1.09412	0
metal4	10	17	432.07	56	0	0	0	1.09327	0
metal4	11	17	488.07	56	0	0	0	1.09273	0
metal4	12	17	544.07	56	0	0	0	1.09242	0
metal4	13	17	600.07	56	0	0	0	1.09233	0
metal4	14	17	656.07	56	0	0	0	1.09247	0
metal4	15	17	712.07	56	0	0	0	1.09283	0
metal4	16	17	768.07	56	0	0	0	1.09342	0
metal4	17	17	824.07	56	0	0	0	1.09423	0
metal4	18	17	880.07	56	0	0	0	1.09531	0
metal4	19	17	936.07	56	0	0	0	1.0966	0
metal4	20	17	992.07	56	0	0	0	1.09785	0
metal4	21	17	1048.07	56	0	0	0	1.09907	0
metal4	22	17	1086.21	56	0	0	0	1.09995	0
metal4	0	18	14.095	58.8	0	0	0	1.09999	0
metal4	1	18	40.07	58.8	0	0	0	1.09951	0
metal4	2	18	96.07	58.8	0	0	0	1.09851	0
metal4	3	18	108.455	58.8	0	0	0	1.0983	0
metal4	4	18	109.295	58.8	0	0	0	1.09829	0
metal4	5	18	152.07	58.8	0	0	0	1.09758	0
metal4	6	18	208.07	58.8	0	0	0	1.09669	0
metal4	7	18	264.07	58.8	0	0	0	1.0958	0
metal4	8	18	320.07	58.8	0	0	0	1.09492	0
metal4	9	18	376.07	58.8	0	0	0	1.0941	0
metal4	10	18	432.07	58.8	0	0	0	1.09331	0
metal4	11	18	488.07	58.8	0	0	0	1.09276	0
metal4	12	18	544.07	58.8	0	0	0	1.09245	0
metal4	13	18	600.07	58.8	0	0	0	1.09236	0
metal4	14	18	656.07	58.8	0	0	0	1.0925	0
metal4	15	18	712.07	58.8	0	0	0	1.09286	0
metal4	16	18	768.07	58.8	0	0	0	1.09345	0
metal4	17	18	824.07	58.8	0	0	0	1.09428	0
metal4	18	18	880.07	58.8	0	0	0	1.09534	0
metal4	19	18	936.07	58.8	0	0	0	1.09659	0
metal4	20	18	992.07	58.8	0	0	0	1.09784	0
metal4	21	18	1048.07	58.8	0	0	0	1.09909	0
metal4	22	18	1086.21	58.8	0	0	0	1.09999	0
metal4	0	19	14.095	59.6	0	0	0	1.1	0
metal4	1	19	40.07	59.6	0	0	0	1.09952	0
metal4	2	19	96.07	59.6	0	0	0	1.09852	0
metal4	3	19	108.455	59.6	0	0	0	1.0983	0
metal4	4	19	109.295	59.6	0	0	0	1.09829	0
metal4	5	19	152.07	59.6	0	0	0	1.09758	0
metal4	6	19	208.07	59.6	0	0	0	1.09668	0
metal4	7	19	264.07	59.6	0	0	0	1.0958	0
metal4	8	19	320.07	59.6	0	0	0	1.09492	0
metal4	9	19	376.07	59.6	0	0	0	1.0941	0
metal4	10	19	432.07	59.6	0	0	0	1.09333	0
metal4	11	19	488.07	59.6	0	0	0	1.09278	0
metal4	12	19	544.07	59.6	0	0	0	1.09246	0
metal4	13	19	600.07	59.6	0	0	0	1.09237	0
metal4	14	19	656.07	59.6	0	0	0	1.09251	0
metal4	15	19	712.07	59.6	0	0	0	1.09288	0
metal4	16	19	768.07	59.6	0	0	0	1.09347	0
metal4	17	19	824.07	59.6	0	0	0	1.0943	0
metal4	18	19	880.07	59.6	0	0	0	1.09536	0
metal4	19	19	936.07	59.6	0	0	0	1.09659	0
metal4	20	19	992.07	59.6	0	0	0	1.09784	0
metal4	21	19	1048.07	59.6	0	0	0	1.0991	0
metal4	22	19	1086.21	59.6	0	0	0	1.1	0
metal4	0	20	14.095	61.6	0	0	0	1.09998	0
metal4	1	20	40.07	61.6	0	0	0	1.09951	0
metal4	2	20	96.07	61.6	0	0	0	1.0985	0
metal4	3	20	108.455	61.6	0	0	0	1.0983	0
metal4	4	20	109.295	61.6	0	0	0	1.09828	0
metal4	5	20	152.07	61.6	0	0	0	1.09758	0
metal4	6	20	208.07	61.6	0	0	0	1.09667	0
metal4	7	20	264.07	61.6	0	0	0	1.09578	0
metal4	8	20	320.07	61.6	0	0	0	1.0949	0
metal4	9	20	376.07	61.6	0	0	0	1.09407	0
metal4	10	20	432.07	61.6	0	0	0	1.09324	0
metal4	11	20	488.07	61.6	0	0	0	1.09269	0
metal4	12	20	544.07	61.6	0	0	0	1.09237	0
metal4	13	20	600.07	61.6	0	0	0	1.09228	0
metal4	14	20	656.07	61.6	0	0	0	1.09242	0
metal4	15	20	712.07	61.6	0	0	0	1.09278	0
metal4	16	20	768.07	61.6	0	0	0	1.09338	0
metal4	17	20	824.07	61.6	0	0	0	1.09421	0
metal4	18	20	880.07	61.6	0	0	0	1.09529	0
metal4	19	20	936.07	61.6	0	0	0	1.09657	0
metal4	20	20	992.07	61.6	0	0	0	1.09783	0
metal4	21	20	1048.07	61.6	0	0	0	1.09909	0
metal4	22	20	1086.21	61.6	0	0	0	1.09997	0
metal4	0	21	14.095	64.4	0	0	0	1.09995	0
metal4	1	21	40.07	64.4	0	0	0	1.0995	0
metal4	2	21	96.07	64.4	0	0	0	1.09849	0
metal4	3	21	108.455	64.4	0	0	0	1.09828	0
metal4	4	21	109.295	64.4	0	0	0	1.09827	0
metal4	5	21	152.07	64.4	0	0	0	1.09756	0
metal4	6	21	208.07	64.4	0	0	0	1.09666	0
metal4	7	21	264.07	64.4	0	0	0	1.09577	0
metal4	8	21	320.07	64.4	0	0	0	1.09486	0
metal4	9	21	376.07	64.4	0	0	0	1.09402	0
metal4	10	21	432.07	64.4	0	0	0	1.09314	0
metal4	11	21	488.07	64.4	0	0	0	1.09258	0
metal4	12	21	544.07	64.4	0	0	0	1.09226	0
metal4	13	21	600.07	64.4	0	0	0	1.09217	0
metal4	14	21	656.07	64.4	0	0	0	1.09231	0
metal4	15	21	712.07	64.4	0	0	0	1.09268	0
metal4	16	21	768.07	64.4	0	0	0	1.09327	0
metal4	17	21	824.07	64.4	0	0	0	1.0941	0
metal4	18	21	880.07	64.4	0	0	0	1.09521	0
metal4	19	21	936.07	64.4	0	0	0	1.09655	0
metal4	20	21	992.07	64.4	0	0	0	1.09781	0
metal4	21	21	1048.07	64.4	0	0	0	1.09907	0
metal4	22	21	1086.21	64.4	0	0	0	1.09994	0
metal4	0	22	14.095	67.2	0	0	0	1.09993	0
metal4	1	22	40.07	67.2	0	0	0	1.09949	0
metal4	2	22	96.07	67.2	0	0	0	1.09847	0
metal4	3	22	108.455	67.2	0	0	0	1.09827	0
metal4	4	22	109.295	67.2	0	0	0	1.09826	0
metal4	5	22	152.07	67.2	0	0	0	1.09755	0
metal4	6	22	208.07	67.2	0	0	0	1.09665	0
metal4	7	22	264.07	67.2	0	0	0	1.09575	0
metal4	8	22	320.07	67.2	0	0	0	1.09483	0
metal4	9	22	376.07	67.2	0	0	0	1.09399	0
metal4	10	22	432.07	67.2	0	0	0	1.09306	0
metal4	11	22	488.07	67.2	0	0	0	1.09249	0
metal4	12	22	544.07	67.2	0	0	0	1.09217	0
metal4	13	22	600.07	67.2	0	0	0	1.09208	0
metal4	14	22	656.07	67.2	0	0	0	1.09222	0
metal4	15	22	712.07	67.2	0	0	0	1.09259	0
metal4	16	22	768.07	67.2	0	0	0	1.09319	0
metal4	17	22	824.07	67.2	0	0	0	1.09402	0
metal4	18	22	880.07	67.2	0	0	0	1.09515	0
metal4	19	22	936.07	67.2	0	0	0	1.09654	0
metal4	20	22	992.07	67.2	0	0	0	1.0978	0
metal4	21	22	1048.07	67.2	0	0	0	1.09905	0
metal4	22	22	1086.21	67.2	0	0	0	1.09991	0
metal4	0	23	14.095	70	0	0	0	1.09991	0
metal4	1	23	40.07	70	0	0	0	1.09948	0
metal4	2	23	96.07	70	0	0	0	1.09846	0
metal4	3	23	108.455	70	0	0	0	1.09827	0
metal4	4	23	109.295	70	0	0	0	1.09825	0
metal4	5	23	152.07	70	0	0	0	1.09755	0
metal4	6	23	208.07	70	0	0	0	1.09664	0
metal4	7	23	264.07	70	0	0	0	1.09574	0
metal4	8	23	320.07	70	0	0	0	1.09481	0
metal4	9	23	376.07	70	0	0	0	1.09396	0
metal4	10	23	432.07	70	0	0	0	1.09301	0
metal4	11	23	488.07	70	0	0	0	1.09243	0
metal4	12	23	544.07	70	0	0	0	1.09211	0
metal4	13	23	600.07	70	0	0	0	1.09202	0
metal4	14	23	656.07	70	0	0	0	1.09216	0
metal4	15	23	712.07	70	0	0	0	1.09252	0
metal4	16	23	768.07	70	0	0	0	1.09312	0
metal4	17	23	824.07	70	0	0	0	1.09396	0
metal4	18	23	880.07	70	0	0	0	1.09511	0
metal4	19	23	936.07	70	0	0	0	1.09652	0
metal4	20	23	992.07	70	0	0	0	1.09779	0
metal4	21	23	1048.07	70	0	0	0	1.09904	0
metal4	22	23	1086.21	70	0	0	0	1.09989	0
metal4	0	24	14.095	72.8	0	0	0	1.09991	0
metal4	1	24	40.07	72.8	0	0	0	1.09948	0
metal4	2	24	96.07	72.8	0	0	0	1.09846	0
metal4	3	24	108.455	72.8	0	0	0	1.09826	0
metal4	4	24	109.295	72.8	0	0	0	1.09825	0
metal4	5	24	152.07	72.8	0	0	0	1.09754	0
metal4	6	24	208.07	72.8	0	0	0	1.09663	0
metal4	7	24	264.07	72.8	0	0	0	1.09573	0
metal4	8	24	320.07	72.8	0	0	0	1.09479	0
metal4	9	24	376.07	72.8	0	0	0	1.09394	0
metal4	10	24	432.07	72.8	0	0	0	1.09297	0
metal4	11	24	488.07	72.8	0	0	0	1.09239	0
metal4	12	24	544.07	72.8	0	0	0	1.09206	0
metal4	13	24	600.07	72.8	0	0	0	1.09197	0
metal4	14	24	656.07	72.8	0	0	0	1.09211	0
metal4	15	24	712.07	72.8	0	0	0	1.09248	0
metal4	16	24	768.07	72.8	0	0	0	1.09308	0
metal4	17	24	824.07	72.8	0	0	0	1.09392	0
metal4	18	24	880.07	72.8	0	0	0	1.09508	0
metal4	19	24	936.07	72.8	0	0	0	1.09651	0
metal4	20	24	992.07	72.8	0	0	0	1.09779	0
metal4	21	24	1048.07	72.8	0	0	0	1.09903	0
metal4	22	24	1086.21	72.8	0	0	0	1.09988	0
metal4	0	25	14.095	75.6	0	0	0	1.09991	0
metal4	1	25	40.07	75.6	0	0	0	1.09948	0
metal4	2	25	96.07	75.6	0	0	0	1.09845	0
metal4	3	25	108.455	75.6	0	0	0	1.09826	0
metal4	4	25	109.295	75.6	0	0	0	1.09825	0
metal4	5	25	152.07	75.6	0	0	0	1.09754	0
metal4	6	25	208.07	75.6	0	0	0	1.09662	0
metal4	7	25	264.07	75.6	0	0	0	1.09572	0
metal4	8	25	320.07	75.6	0	0	0	1.09478	0
metal4	9	25	376.07	75.6	0	0	0	1.09393	0
metal4	10	25	432.07	75.6	0	0	0	1.09295	0
metal4	11	25	488.07	75.6	0	0	0	1.09237	0
metal4	12	25	544.07	75.6	0	0	0	1.09204	0
metal4	13	25	600.07	75.6	0	0	0	1.09195	0
metal4	14	25	656.07	75.6	0	0	0	1.09209	0
metal4	15	25	712.07	75.6	0	0	0	1.09246	0
metal4	16	25	768.07	75.6	0	0	0	1.09306	0
metal4	17	25	824.07	75.6	0	0	0	1.09391	0
metal4	18	25	880.07	75.6	0	0	0	1.09506	0
metal4	19	25	936.07	75.6	0	0	0	1.09651	0
metal4	20	25	992.07	75.6	0	0	0	1.09778	0
metal4	21	25	1048.07	75.6	0	0	0	1.09903	0
metal4	22	25	1086.21	75.6	0	0	0	1.09988	0
metal4	0	26	14.095	78.4	0	0	0	1.09991	0
metal4	1	26	40.07	78.4	0	0	0	1.09948	0
metal4	2	26	96.07	78.4	0	0	0	1.09845	0
metal4	3	26	108.455	78.4	0	0	0	1.09826	0
metal4	4	26	109.295	78.4	0	0	0	1.09824	0
metal4	5	26	152.07	78.4	0	0	0	1.09753	0
metal4	6	26	208.07	78.4	0	0	0	1.09662	0
metal4	7	26	264.07	78.4	0	0	0	1.09572	0
metal4	8	26	320.07	78.4	0	0	0	1.09477	0
metal4	9	26	376.07	78.4	0	0	0	1.09392	0
metal4	10	26	432.07	78.4	0	0	0	1.09295	0
metal4	11	26	488.07	78.4	0	0	0	1.09237	0
metal4	12	26	544.07	78.4	0	0	0	1.09204	0
metal4	13	26	600.07	78.4	0	0	0	1.09195	0
metal4	14	26	656.07	78.4	0	0	0	1.09209	0
metal4	15	26	712.07	78.4	0	0	0	1.09246	0
metal4	16	26	768.07	78.4	0	0	0	1.09306	0
metal4	17	26	824.07	78.4	0	0	0	1.09391	0
metal4	18	26	880.07	78.4	0	0	0	1.09507	0
metal4	19	26	936.07	78.4	0	0	0	1.0965	0
metal4	20	26	992.07	78.4	0	0	0	1.09778	0
metal4	21	26	1048.07	78.4	0	0	0	1.09903	0
metal4	22	26	1086.21	78.4	0	0	0	1.09989	0
metal4	0	27	14.095	81.2	0	0	0	1.09992	0
metal4	1	27	40.07	81.2	0	0	0	1.09949	0
metal4	2	27	96.07	81.2	0	0	0	1.09846	0
metal4	3	27	108.455	81.2	0	0	0	1.09826	0
metal4	4	27	109.295	81.2	0	0	0	1.09825	0
metal4	5	27	152.07	81.2	0	0	0	1.09753	0
metal4	6	27	208.07	81.2	0	0	0	1.09662	0
metal4	7	27	264.07	81.2	0	0	0	1.09571	0
metal4	8	27	320.07	81.2	0	0	0	1.09478	0
metal4	9	27	376.07	81.2	0	0	0	1.09392	0
metal4	10	27	432.07	81.2	0	0	0	1.09297	0
metal4	11	27	488.07	81.2	0	0	0	1.09239	0
metal4	12	27	544.07	81.2	0	0	0	1.09207	0
metal4	13	27	600.07	81.2	0	0	0	1.09197	0
metal4	14	27	656.07	81.2	0	0	0	1.09211	0
metal4	15	27	712.07	81.2	0	0	0	1.09248	0
metal4	16	27	768.07	81.2	0	0	0	1.09309	0
metal4	17	27	824.07	81.2	0	0	0	1.09394	0
metal4	18	27	880.07	81.2	0	0	0	1.09508	0
metal4	19	27	936.07	81.2	0	0	0	1.0965	0
metal4	20	27	992.07	81.2	0	0	0	1.09778	0
metal4	21	27	1048.07	81.2	0	0	0	1.09904	0
metal4	22	27	1086.21	81.2	0	0	0	1.09991	0
metal4	0	28	14.095	84	0	0	0	1.09994	0
metal4	1	28	40.07	84	0	0	0	1.09949	0
metal4	2	28	96.07	84	0	0	0	1.09847	0
metal4	3	28	108.455	84	0	0	0	1.09826	0
metal4	4	28	109.295	84	0	0	0	1.09825	0
metal4	5	28	152.07	84	0	0	0	1.09754	0
metal4	6	28	208.07	84	0	0	0	1.09662	0
metal4	7	28	264.07	84	0	0	0	1.09571	0
metal4	8	28	320.07	84	0	0	0	1.09478	0
metal4	9	28	376.07	84	0	0	0	1.09393	0
metal4	10	28	432.07	84	0	0	0	1.09302	0
metal4	11	28	488.07	84	0	0	0	1.09244	0
metal4	12	28	544.07	84	0	0	0	1.09211	0
metal4	13	28	600.07	84	0	0	0	1.09202	0
metal4	14	28	656.07	84	0	0	0	1.09216	0
metal4	15	28	712.07	84	0	0	0	1.09253	0
metal4	16	28	768.07	84	0	0	0	1.09313	0
metal4	17	28	824.07	84	0	0	0	1.09398	0
metal4	18	28	880.07	84	0	0	0	1.09512	0
metal4	19	28	936.07	84	0	0	0	1.0965	0
metal4	20	28	992.07	84	0	0	0	1.09778	0
metal4	21	28	1048.07	84	0	0	0	1.09905	0
metal4	22	28	1086.21	84	0	0	0	1.09993	0
metal4	0	29	14.095	86.8	0	0	0	1.09997	0
metal4	1	29	40.07	86.8	0	0	0	1.0995	0
metal4	2	29	96.07	86.8	0	0	0	1.09848	0
metal4	3	29	108.455	86.8	0	0	0	1.09827	0
metal4	4	29	109.295	86.8	0	0	0	1.09826	0
metal4	5	29	152.07	86.8	0	0	0	1.09754	0
metal4	6	29	208.07	86.8	0	0	0	1.09662	0
metal4	7	29	264.07	86.8	0	0	0	1.09571	0
metal4	8	29	320.07	86.8	0	0	0	1.09479	0
metal4	9	29	376.07	86.8	0	0	0	1.09394	0
metal4	10	29	432.07	86.8	0	0	0	1.09308	0
metal4	11	29	488.07	86.8	0	0	0	1.09251	0
metal4	12	29	544.07	86.8	0	0	0	1.09218	0
metal4	13	29	600.07	86.8	0	0	0	1.09208	0
metal4	14	29	656.07	86.8	0	0	0	1.09222	0
metal4	15	29	712.07	86.8	0	0	0	1.09259	0
metal4	16	29	768.07	86.8	0	0	0	1.0932	0
metal4	17	29	824.07	86.8	0	0	0	1.09405	0
metal4	18	29	880.07	86.8	0	0	0	1.09517	0
metal4	19	29	936.07	86.8	0	0	0	1.0965	0
metal4	20	29	992.07	86.8	0	0	0	1.09778	0
metal4	21	29	1048.07	86.8	0	0	0	1.09907	0
metal4	22	29	1086.21	86.8	0	0	0	1.09996	0
metal4	0	30	14.095	89.6	0	0	0	1.1	0
metal4	1	30	40.07	89.6	0	0	0	1.09951	0
metal4	2	30	96.07	89.6	0	0	0	1.09849	0
metal4	3	30	108.455	89.6	0	0	0	1.09828	0
metal4	4	30	109.295	89.6	0	0	0	1.09826	0
metal4	5	30	152.07	89.6	0	0	0	1.09755	0
metal4	6	30	208.07	89.6	0	0	0	1.09663	0
metal4	7	30	264.07	89.6	0	0	0	1.09572	0
metal4	8	30	320.07	89.6	0	0	0	1.09481	0
metal4	9	30	376.07	89.6	0	0	0	1.09396	0
metal4	10	30	432.07	89.6	0	0	0	1.09316	0
metal4	11	30	488.07	89.6	0	0	0	1.09259	0
metal4	12	30	544.07	89.6	0	0	0	1.09226	0
metal4	13	30	600.07	89.6	0	0	0	1.09217	0
metal4	14	30	656.07	89.6	0	0	0	1.09231	0
metal4	15	30	712.07	89.6	0	0	0	1.09268	0
metal4	16	30	768.07	89.6	0	0	0	1.09329	0
metal4	17	30	824.07	89.6	0	0	0	1.09414	0
metal4	18	30	880.07	89.6	0	0	0	1.09523	0
metal4	19	30	936.07	89.6	0	0	0	1.09651	0
metal4	20	30	992.07	89.6	0	0	0	1.09779	0
metal4	21	30	1048.07	89.6	0	0	0	1.09908	0
metal4	22	30	1086.21	89.6	0	0	0	1.1	0
metal4	0	31	14.095	92.4	0	0	0	1.09997	0
metal4	1	31	40.07	92.4	0	0	0	1.0995	0
metal4	2	31	96.07	92.4	0	0	0	1.09848	0
metal4	3	31	108.455	92.4	0	0	0	1.09827	0
metal4	4	31	109.295	92.4	0	0	0	1.09826	0
metal4	5	31	152.07	92.4	0	0	0	1.09754	0
metal4	6	31	208.07	92.4	0	0	0	1.09662	0
metal4	7	31	264.07	92.4	0	0	0	1.09571	0
metal4	8	31	320.07	92.4	0	0	0	1.0948	0
metal4	9	31	376.07	92.4	0	0	0	1.09394	0
metal4	10	31	432.07	92.4	0	0	0	1.09308	0
metal4	11	31	488.07	92.4	0	0	0	1.09251	0
metal4	12	31	544.07	92.4	0	0	0	1.09218	0
metal4	13	31	600.07	92.4	0	0	0	1.09209	0
metal4	14	31	656.07	92.4	0	0	0	1.09223	0
metal4	15	31	712.07	92.4	0	0	0	1.0926	0
metal4	16	31	768.07	92.4	0	0	0	1.09321	0
metal4	17	31	824.07	92.4	0	0	0	1.09406	0
metal4	18	31	880.07	92.4	0	0	0	1.09517	0
metal4	19	31	936.07	92.4	0	0	0	1.0965	0
metal4	20	31	992.07	92.4	0	0	0	1.09778	0
metal4	21	31	1048.07	92.4	0	0	0	1.09907	0
metal4	22	31	1086.21	92.4	0	0	0	1.09996	0
metal4	0	32	14.095	95.2	0	0	0	1.09994	0
metal4	1	32	40.07	95.2	0	0	0	1.09949	0
metal4	2	32	96.07	95.2	0	0	0	1.09847	0
metal4	3	32	108.455	95.2	0	0	0	1.09826	0
metal4	4	32	109.295	95.2	0	0	0	1.09825	0
metal4	5	32	152.07	95.2	0	0	0	1.09754	0
metal4	6	32	208.07	95.2	0	0	0	1.09662	0
metal4	7	32	264.07	95.2	0	0	0	1.09572	0
metal4	8	32	320.07	95.2	0	0	0	1.09479	0
metal4	9	32	376.07	95.2	0	0	0	1.09393	0
metal4	10	32	432.07	95.2	0	0	0	1.09303	0
metal4	11	32	488.07	95.2	0	0	0	1.09245	0
metal4	12	32	544.07	95.2	0	0	0	1.09212	0
metal4	13	32	600.07	95.2	0	0	0	1.09203	0
metal4	14	32	656.07	95.2	0	0	0	1.09217	0
metal4	15	32	712.07	95.2	0	0	0	1.09254	0
metal4	16	32	768.07	95.2	0	0	0	1.09315	0
metal4	17	32	824.07	95.2	0	0	0	1.09399	0
metal4	18	32	880.07	95.2	0	0	0	1.09513	0
metal4	19	32	936.07	95.2	0	0	0	1.0965	0
metal4	20	32	992.07	95.2	0	0	0	1.09778	0
metal4	21	32	1048.07	95.2	0	0	0	1.09905	0
metal4	22	32	1086.21	95.2	0	0	0	1.09993	0
metal4	0	33	14.095	98	0	0	0	1.09992	0
metal4	1	33	40.07	98	0	0	0	1.09949	0
metal4	2	33	96.07	98	0	0	0	1.09846	0
metal4	3	33	108.455	98	0	0	0	1.09826	0
metal4	4	33	109.295	98	0	0	0	1.09825	0
metal4	5	33	152.07	98	0	0	0	1.09754	0
metal4	6	33	208.07	98	0	0	0	1.09662	0
metal4	7	33	264.07	98	0	0	0	1.09572	0
metal4	8	33	320.07	98	0	0	0	1.09478	0
metal4	9	33	376.07	98	0	0	0	1.09393	0
metal4	10	33	432.07	98	0	0	0	1.09299	0
metal4	11	33	488.07	98	0	0	0	1.09241	0
metal4	12	33	544.07	98	0	0	0	1.09208	0
metal4	13	33	600.07	98	0	0	0	1.09199	0
metal4	14	33	656.07	98	0	0	0	1.09213	0
metal4	15	33	712.07	98	0	0	0	1.0925	0
metal4	16	33	768.07	98	0	0	0	1.09311	0
metal4	17	33	824.07	98	0	0	0	1.09395	0
metal4	18	33	880.07	98	0	0	0	1.0951	0
metal4	19	33	936.07	98	0	0	0	1.09651	0
metal4	20	33	992.07	98	0	0	0	1.09778	0
metal4	21	33	1048.07	98	0	0	0	1.09904	0
metal4	22	33	1086.21	98	0	0	0	1.09991	0
metal4	0	34	14.095	100.8	0	0	0	1.09991	0
metal4	1	34	40.07	100.8	0	0	0	1.09948	0
metal4	2	34	96.07	100.8	0	0	0	1.09845	0
metal4	3	34	108.455	100.8	0	0	0	1.09826	0
metal4	4	34	109.295	100.8	0	0	0	1.09824	0
metal4	5	34	152.07	100.8	0	0	0	1.09754	0
metal4	6	34	208.07	100.8	0	0	0	1.09663	0
metal4	7	34	264.07	100.8	0	0	0	1.09573	0
metal4	8	34	320.07	100.8	0	0	0	1.09479	0
metal4	9	34	376.07	100.8	0	0	0	1.09393	0
metal4	10	34	432.07	100.8	0	0	0	1.09297	0
metal4	11	34	488.07	100.8	0	0	0	1.09239	0
metal4	12	34	544.07	100.8	0	0	0	1.09207	0
metal4	13	34	600.07	100.8	0	0	0	1.09198	0
metal4	14	34	656.07	100.8	0	0	0	1.09212	0
metal4	15	34	712.07	100.8	0	0	0	1.09249	0
metal4	16	34	768.07	100.8	0	0	0	1.09309	0
metal4	17	34	824.07	100.8	0	0	0	1.09393	0
metal4	18	34	880.07	100.8	0	0	0	1.09508	0
metal4	19	34	936.07	100.8	0	0	0	1.09651	0
metal4	20	34	992.07	100.8	0	0	0	1.09779	0
metal4	21	34	1048.07	100.8	0	0	0	1.09904	0
metal4	22	34	1086.21	100.8	0	0	0	1.09989	0
metal4	0	35	14.095	103.6	0	0	0	1.09991	0
metal4	1	35	40.07	103.6	0	0	0	1.09948	0
metal4	2	35	96.07	103.6	0	0	0	1.09845	0
metal4	3	35	108.455	103.6	0	0	0	1.09826	0
metal4	4	35	109.295	103.6	0	0	0	1.09825	0
metal4	5	35	152.07	103.6	0	0	0	1.09754	0
metal4	6	35	208.07	103.6	0	0	0	1.09663	0
metal4	7	35	264.07	103.6	0	0	0	1.09573	0
metal4	8	35	320.07	103.6	0	0	0	1.09479	0
metal4	9	35	376.07	103.6	0	0	0	1.09394	0
metal4	10	35	432.07	103.6	0	0	0	1.09297	0
metal4	11	35	488.07	103.6	0	0	0	1.09239	0
metal4	12	35	544.07	103.6	0	0	0	1.09207	0
metal4	13	35	600.07	103.6	0	0	0	1.09198	0
metal4	14	35	656.07	103.6	0	0	0	1.09212	0
metal4	15	35	712.07	103.6	0	0	0	1.09249	0
metal4	16	35	768.07	103.6	0	0	0	1.09309	0
metal4	17	35	824.07	103.6	0	0	0	1.09393	0
metal4	18	35	880.07	103.6	0	0	0	1.09508	0
metal4	19	35	936.07	103.6	0	0	0	1.09652	0
metal4	20	35	992.07	103.6	0	0	0	1.09779	0
metal4	21	35	1048.07	103.6	0	0	0	1.09904	0
metal4	22	35	1086.21	103.6	0	0	0	1.09988	0
metal4	0	36	14.095	106.4	0	0	0	1.09991	0
metal4	1	36	40.07	106.4	0	0	0	1.09948	0
metal4	2	36	96.07	106.4	0	0	0	1.09846	0
metal4	3	36	108.455	106.4	0	0	0	1.09826	0
metal4	4	36	109.295	106.4	0	0	0	1.09825	0
metal4	5	36	152.07	106.4	0	0	0	1.09754	0
metal4	6	36	208.07	106.4	0	0	0	1.09664	0
metal4	7	36	264.07	106.4	0	0	0	1.09574	0
metal4	8	36	320.07	106.4	0	0	0	1.09481	0
metal4	9	36	376.07	106.4	0	0	0	1.09396	0
metal4	10	36	432.07	106.4	0	0	0	1.09299	0
metal4	11	36	488.07	106.4	0	0	0	1.09242	0
metal4	12	36	544.07	106.4	0	0	0	1.0921	0
metal4	13	36	600.07	106.4	0	0	0	1.09201	0
metal4	14	36	656.07	106.4	0	0	0	1.09215	0
metal4	15	36	712.07	106.4	0	0	0	1.09252	0
metal4	16	36	768.07	106.4	0	0	0	1.09312	0
metal4	17	36	824.07	106.4	0	0	0	1.09395	0
metal4	18	36	880.07	106.4	0	0	0	1.0951	0
metal4	19	36	936.07	106.4	0	0	0	1.09653	0
metal4	20	36	992.07	106.4	0	0	0	1.0978	0
metal4	21	36	1048.07	106.4	0	0	0	1.09904	0
metal4	22	36	1086.21	106.4	0	0	0	1.09989	0
metal4	0	37	14.095	109.2	0	0	0	1.09991	0
metal4	1	37	40.07	109.2	0	0	0	1.09948	0
metal4	2	37	96.07	109.2	0	0	0	1.09846	0
metal4	3	37	108.455	109.2	0	0	0	1.09827	0
metal4	4	37	109.295	109.2	0	0	0	1.09825	0
metal4	5	37	152.07	109.2	0	0	0	1.09755	0
metal4	6	37	208.07	109.2	0	0	0	1.09665	0
metal4	7	37	264.07	109.2	0	0	0	1.09576	0
metal4	8	37	320.07	109.2	0	0	0	1.09483	0
metal4	9	37	376.07	109.2	0	0	0	1.09399	0
metal4	10	37	432.07	109.2	0	0	0	1.09304	0
metal4	11	37	488.07	109.2	0	0	0	1.09247	0
metal4	12	37	544.07	109.2	0	0	0	1.09215	0
metal4	13	37	600.07	109.2	0	0	0	1.09206	0
metal4	14	37	656.07	109.2	0	0	0	1.0922	0
metal4	15	37	712.07	109.2	0	0	0	1.09257	0
metal4	16	37	768.07	109.2	0	0	0	1.09316	0
metal4	17	37	824.07	109.2	0	0	0	1.094	0
metal4	18	37	880.07	109.2	0	0	0	1.09514	0
metal4	19	37	936.07	109.2	0	0	0	1.09655	0
metal4	20	37	992.07	109.2	0	0	0	1.09781	0
metal4	21	37	1048.07	109.2	0	0	0	1.09905	0
metal4	22	37	1086.21	109.2	0	0	0	1.09989	0
metal4	0	38	14.095	112	0	0	0	1.09993	0
metal4	1	38	40.07	112	0	0	0	1.09949	0
metal4	2	38	96.07	112	0	0	0	1.09847	0
metal4	3	38	108.455	112	0	0	0	1.09827	0
metal4	4	38	109.295	112	0	0	0	1.09826	0
metal4	5	38	152.07	112	0	0	0	1.09756	0
metal4	6	38	208.07	112	0	0	0	1.09666	0
metal4	7	38	264.07	112	0	0	0	1.09577	0
metal4	8	38	320.07	112	0	0	0	1.09485	0
metal4	9	38	376.07	112	0	0	0	1.09402	0
metal4	10	38	432.07	112	0	0	0	1.0931	0
metal4	11	38	488.07	112	0	0	0	1.09254	0
metal4	12	38	544.07	112	0	0	0	1.09222	0
metal4	13	38	600.07	112	0	0	0	1.09213	0
metal4	14	38	656.07	112	0	0	0	1.09227	0
metal4	15	38	712.07	112	0	0	0	1.09264	0
metal4	16	38	768.07	112	0	0	0	1.09323	0
metal4	17	38	824.07	112	0	0	0	1.09406	0
metal4	18	38	880.07	112	0	0	0	1.09519	0
metal4	19	38	936.07	112	0	0	0	1.09657	0
metal4	20	38	992.07	112	0	0	0	1.09782	0
metal4	21	38	1048.07	112	0	0	0	1.09906	0
metal4	22	38	1086.21	112	0	0	0	1.09991	0
metal4	0	39	14.095	114.8	0	0	0	1.09995	0
metal4	1	39	40.07	114.8	0	0	0	1.0995	0
metal4	2	39	96.07	114.8	0	0	0	1.09849	0
metal4	3	39	108.455	114.8	0	0	0	1.09828	0
metal4	4	39	109.295	114.8	0	0	0	1.09827	0
metal4	5	39	152.07	114.8	0	0	0	1.09757	0
metal4	6	39	208.07	114.8	0	0	0	1.09667	0
metal4	7	39	264.07	114.8	0	0	0	1.09579	0
metal4	8	39	320.07	114.8	0	0	0	1.09489	0
metal4	9	39	376.07	114.8	0	0	0	1.09406	0
metal4	10	39	432.07	114.8	0	0	0	1.09318	0
metal4	11	39	488.07	114.8	0	0	0	1.09263	0
metal4	12	39	544.07	114.8	0	0	0	1.09231	0
metal4	13	39	600.07	114.8	0	0	0	1.09223	0
metal4	14	39	656.07	114.8	0	0	0	1.09237	0
metal4	15	39	712.07	114.8	0	0	0	1.09273	0
metal4	16	39	768.07	114.8	0	0	0	1.09333	0
metal4	17	39	824.07	114.8	0	0	0	1.09415	0
metal4	18	39	880.07	114.8	0	0	0	1.09525	0
metal4	19	39	936.07	114.8	0	0	0	1.09659	0
metal4	20	39	992.07	114.8	0	0	0	1.09783	0
metal4	21	39	1048.07	114.8	0	0	0	1.09908	0
metal4	22	39	1086.21	114.8	0	0	0	1.09994	0
metal4	0	40	14.095	117.6	0	0	0	1.09998	0
metal4	1	40	40.07	117.6	0	0	0	1.09951	0
metal4	2	40	96.07	117.6	0	0	0	1.0985	0
metal4	3	40	108.455	117.6	0	0	0	1.0983	0
metal4	4	40	109.295	117.6	0	0	0	1.09828	0
metal4	5	40	152.07	117.6	0	0	0	1.09758	0
metal4	6	40	208.07	117.6	0	0	0	1.09669	0
metal4	7	40	264.07	117.6	0	0	0	1.09581	0
metal4	8	40	320.07	117.6	0	0	0	1.09492	0
metal4	9	40	376.07	117.6	0	0	0	1.0941	0
metal4	10	40	432.07	117.6	0	0	0	1.09329	0
metal4	11	40	488.07	117.6	0	0	0	1.09274	0
metal4	12	40	544.07	117.6	0	0	0	1.09243	0
metal4	13	40	600.07	117.6	0	0	0	1.09234	0
metal4	14	40	656.07	117.6	0	0	0	1.09248	0
metal4	15	40	712.07	117.6	0	0	0	1.09285	0
metal4	16	40	768.07	117.6	0	0	0	1.09344	0
metal4	17	40	824.07	117.6	0	0	0	1.09426	0
metal4	18	40	880.07	117.6	0	0	0	1.09533	0
metal4	19	40	936.07	117.6	0	0	0	1.09661	0
metal4	20	40	992.07	117.6	0	0	0	1.09785	0
metal4	21	40	1048.07	117.6	0	0	0	1.0991	0
metal4	22	40	1086.21	117.6	0	0	0	1.09997	0
metal4	0	41	14.095	119.6	0	0	0	1.1	0
metal4	1	41	40.07	119.6	0	0	0	1.09952	0
metal4	2	41	96.07	119.6	0	0	0	1.09852	0
metal4	3	41	108.455	119.6	0	0	0	1.0983	0
metal4	4	41	109.295	119.6	0	0	0	1.09829	0
metal4	5	41	152.07	119.6	0	0	0	1.09759	0
metal4	6	41	208.07	119.6	0	0	0	1.0967	0
metal4	7	41	264.07	119.6	0	0	0	1.09582	0
metal4	8	41	320.07	119.6	0	0	0	1.09495	0
metal4	9	41	376.07	119.6	0	0	0	1.09414	0
metal4	10	41	432.07	119.6	0	0	0	1.09337	0
metal4	11	41	488.07	119.6	0	0	0	1.09283	0
metal4	12	41	544.07	119.6	0	0	0	1.09252	0
metal4	13	41	600.07	119.6	0	0	0	1.09244	0
metal4	14	41	656.07	119.6	0	0	0	1.09258	0
metal4	15	41	712.07	119.6	0	0	0	1.09294	0
metal4	16	41	768.07	119.6	0	0	0	1.09353	0
metal4	17	41	824.07	119.6	0	0	0	1.09435	0
metal4	18	41	880.07	119.6	0	0	0	1.0954	0
metal4	19	41	936.07	119.6	0	0	0	1.09663	0
metal4	20	41	992.07	119.6	0	0	0	1.09786	0
metal4	21	41	1048.07	119.6	0	0	0	1.09911	0
metal4	22	41	1086.21	119.6	0	0	0	1.1	0
metal4	0	42	14.095	120.4	0	0	0	1.09999	0
metal4	1	42	40.07	120.4	0	0	0	1.09951	0
metal4	2	42	96.07	120.4	0	0	0	1.09851	0
metal4	3	42	108.455	120.4	0	0	0	1.0983	0
metal4	4	42	109.295	120.4	0	0	0	1.09829	0
metal4	5	42	152.07	120.4	0	0	0	1.09759	0
metal4	6	42	208.07	120.4	0	0	0	1.0967	0
metal4	7	42	264.07	120.4	0	0	0	1.09583	0
metal4	8	42	320.07	120.4	0	0	0	1.09495	0
metal4	9	42	376.07	120.4	0	0	0	1.09414	0
metal4	10	42	432.07	120.4	0	0	0	1.09336	0
metal4	11	42	488.07	120.4	0	0	0	1.09282	0
metal4	12	42	544.07	120.4	0	0	0	1.09251	0
metal4	13	42	600.07	120.4	0	0	0	1.09243	0
metal4	14	42	656.07	120.4	0	0	0	1.09257	0
metal4	15	42	712.07	120.4	0	0	0	1.09293	0
metal4	16	42	768.07	120.4	0	0	0	1.09352	0
metal4	17	42	824.07	120.4	0	0	0	1.09433	0
metal4	18	42	880.07	120.4	0	0	0	1.09539	0
metal4	19	42	936.07	120.4	0	0	0	1.09663	0
metal4	20	42	992.07	120.4	0	0	0	1.09786	0
metal4	21	42	1048.07	120.4	0	0	0	1.09911	0
metal4	22	42	1086.21	120.4	0	0	0	1.09999	0
metal4	0	43	14.095	123.2	0	0	0	1.09996	0
metal4	1	43	40.07	123.2	0	0	0	1.0995	0
metal4	2	43	96.07	123.2	0	0	0	1.0985	0
metal4	3	43	108.455	123.2	0	0	0	1.0983	0
metal4	4	43	109.295	123.2	0	0	0	1.09829	0
metal4	5	43	152.07	123.2	0	0	0	1.09759	0
metal4	6	43	208.07	123.2	0	0	0	1.09671	0
metal4	7	43	264.07	123.2	0	0	0	1.09584	0
metal4	8	43	320.07	123.2	0	0	0	1.09496	0
metal4	9	43	376.07	123.2	0	0	0	1.09416	0
metal4	10	43	432.07	123.2	0	0	0	1.09333	0
metal4	11	43	488.07	123.2	0	0	0	1.09279	0
metal4	12	43	544.07	123.2	0	0	0	1.09249	0
metal4	13	43	600.07	123.2	0	0	0	1.09241	0
metal4	14	43	656.07	123.2	0	0	0	1.09255	0
metal4	15	43	712.07	123.2	0	0	0	1.09291	0
metal4	16	43	768.07	123.2	0	0	0	1.09349	0
metal4	17	43	824.07	123.2	0	0	0	1.0943	0
metal4	18	43	880.07	123.2	0	0	0	1.09537	0
metal4	19	43	936.07	123.2	0	0	0	1.09665	0
metal4	20	43	992.07	123.2	0	0	0	1.09788	0
metal4	21	43	1048.07	123.2	0	0	0	1.09909	0
metal4	22	43	1086.21	123.2	0	0	0	1.09995	0
metal4	0	44	14.095	126	0	0	0	1.09994	0
metal4	1	44	40.07	126	0	0	0	1.09949	0
metal4	2	44	96.07	126	0	0	0	1.0985	0
metal4	3	44	108.455	126	0	0	0	1.0983	0
metal4	4	44	109.295	126	0	0	0	1.09829	0
metal4	5	44	152.07	126	0	0	0	1.09759	0
metal4	6	44	208.07	126	0	0	0	1.09672	0
metal4	7	44	264.07	126	0	0	0	1.09586	0
metal4	8	44	320.07	126	0	0	0	1.09498	0
metal4	9	44	376.07	126	0	0	0	1.09418	0
metal4	10	44	432.07	126	0	0	0	1.09331	0
metal4	11	44	488.07	126	0	0	0	1.09278	0
metal4	12	44	544.07	126	0	0	0	1.09248	0
metal4	13	44	600.07	126	0	0	0	1.09241	0
metal4	14	44	656.07	126	0	0	0	1.09255	0
metal4	15	44	712.07	126	0	0	0	1.09291	0
metal4	16	44	768.07	126	0	0	0	1.09349	0
metal4	17	44	824.07	126	0	0	0	1.09429	0
metal4	18	44	880.07	126	0	0	0	1.09536	0
metal4	19	44	936.07	126	0	0	0	1.09667	0
metal4	20	44	992.07	126	0	0	0	1.09789	0
metal4	21	44	1048.07	126	0	0	0	1.09908	0
metal4	22	44	1086.21	126	0	0	0	1.09992	0
metal4	0	45	14.095	128.8	0	0	0	1.09992	0
metal4	1	45	40.07	128.8	0	0	0	1.09948	0
metal4	2	45	96.07	128.8	0	0	0	1.0985	0
metal4	3	45	108.455	128.8	0	0	0	1.09831	0
metal4	4	45	109.295	128.8	0	0	0	1.09829	0
metal4	5	45	152.07	128.8	0	0	0	1.09759	0
metal4	6	45	208.07	128.8	0	0	0	1.09674	0
metal4	7	45	264.07	128.8	0	0	0	1.09588	0
metal4	8	45	320.07	128.8	0	0	0	1.095	0
metal4	9	45	376.07	128.8	0	0	0	1.09421	0
metal4	10	45	432.07	128.8	0	0	0	1.09332	0
metal4	11	45	488.07	128.8	0	0	0	1.0928	0
metal4	12	45	544.07	128.8	0	0	0	1.0925	0
metal4	13	45	600.07	128.8	0	0	0	1.09243	0
metal4	14	45	656.07	128.8	0	0	0	1.09257	0
metal4	15	45	712.07	128.8	0	0	0	1.09293	0
metal4	16	45	768.07	128.8	0	0	0	1.0935	0
metal4	17	45	824.07	128.8	0	0	0	1.09429	0
metal4	18	45	880.07	128.8	0	0	0	1.09537	0
metal4	19	45	936.07	128.8	0	0	0	1.0967	0
metal4	20	45	992.07	128.8	0	0	0	1.0979	0
metal4	21	45	1048.07	128.8	0	0	0	1.09908	0
metal4	22	45	1086.21	128.8	0	0	0	1.0999	0
metal4	0	46	14.095	131.6	0	0	0	1.09991	0
metal4	1	46	40.07	131.6	0	0	0	1.09947	0
metal4	2	46	96.07	131.6	0	0	0	1.0985	0
metal4	3	46	108.455	131.6	0	0	0	1.09831	0
metal4	4	46	109.295	131.6	0	0	0	1.0983	0
metal4	5	46	152.07	131.6	0	0	0	1.0976	0
metal4	6	46	208.07	131.6	0	0	0	1.09675	0
metal4	7	46	264.07	131.6	0	0	0	1.09591	0
metal4	8	46	320.07	131.6	0	0	0	1.09503	0
metal4	9	46	376.07	131.6	0	0	0	1.09425	0
metal4	10	46	432.07	131.6	0	0	0	1.09335	0
metal4	11	46	488.07	131.6	0	0	0	1.09283	0
metal4	12	46	544.07	131.6	0	0	0	1.09255	0
metal4	13	46	600.07	131.6	0	0	0	1.09248	0
metal4	14	46	656.07	131.6	0	0	0	1.09262	0
metal4	15	46	712.07	131.6	0	0	0	1.09297	0
metal4	16	46	768.07	131.6	0	0	0	1.09354	0
metal4	17	46	824.07	131.6	0	0	0	1.09432	0
metal4	18	46	880.07	131.6	0	0	0	1.0954	0
metal4	19	46	936.07	131.6	0	0	0	1.09672	0
metal4	20	46	992.07	131.6	0	0	0	1.09792	0
metal4	21	46	1048.07	131.6	0	0	0	1.09908	0
metal4	22	46	1086.21	131.6	0	0	0	1.09989	0
metal4	0	47	14.095	134.4	0	0	0	1.0999	0
metal4	1	47	40.07	134.4	0	0	0	1.09947	0
metal4	2	47	96.07	134.4	0	0	0	1.0985	0
metal4	3	47	108.455	134.4	0	0	0	1.09832	0
metal4	4	47	109.295	134.4	0	0	0	1.09831	0
metal4	5	47	152.07	134.4	0	0	0	1.0976	0
metal4	6	47	208.07	134.4	0	0	0	1.09677	0
metal4	7	47	264.07	134.4	0	0	0	1.09593	0
metal4	8	47	320.07	134.4	0	0	0	1.09507	0
metal4	9	47	376.07	134.4	0	0	0	1.09429	0
metal4	10	47	432.07	134.4	0	0	0	1.0934	0
metal4	11	47	488.07	134.4	0	0	0	1.09289	0
metal4	12	47	544.07	134.4	0	0	0	1.09261	0
metal4	13	47	600.07	134.4	0	0	0	1.09254	0
metal4	14	47	656.07	134.4	0	0	0	1.09269	0
metal4	15	47	712.07	134.4	0	0	0	1.09304	0
metal4	16	47	768.07	134.4	0	0	0	1.0936	0
metal4	17	47	824.07	134.4	0	0	0	1.09437	0
metal4	18	47	880.07	134.4	0	0	0	1.09544	0
metal4	19	47	936.07	134.4	0	0	0	1.09675	0
metal4	20	47	992.07	134.4	0	0	0	1.09794	0
metal4	21	47	1048.07	134.4	0	0	0	1.09908	0
metal4	22	47	1086.21	134.4	0	0	0	1.09989	0
metal4	0	48	14.095	137.2	0	0	0	1.09991	0
metal4	1	48	40.07	137.2	0	0.00168182	0.00168182	1.09947	0
metal4	2	48	96.07	137.2	0	0	0	1.09851	0
metal4	3	48	108.455	137.2	0	0	0	1.09833	0
metal4	4	48	109.295	137.2	0	0	0	1.09832	0
metal4	5	48	152.07	137.2	0	0.00168182	0.00168182	1.09761	0
metal4	6	48	208.07	137.2	0	0	0	1.09679	0
metal4	7	48	264.07	137.2	0	0	0	1.09596	0
metal4	8	48	320.07	137.2	0	0	0	1.09511	0
metal4	9	48	376.07	137.2	0	0	0	1.09435	0
metal4	10	48	432.07	137.2	0	0	0	1.09347	0
metal4	11	48	488.07	137.2	0	0	0	1.09297	0
metal4	12	48	544.07	137.2	0	0	0	1.0927	0
metal4	13	48	600.07	137.2	0	0	0	1.09263	0
metal4	14	48	656.07	137.2	0	0	0	1.09278	0
metal4	15	48	712.07	137.2	0	0	0	1.09313	0
metal4	16	48	768.07	137.2	0	0	0	1.09368	0
metal4	17	48	824.07	137.2	0	0	0	1.09445	0
metal4	18	48	880.07	137.2	0	0	0	1.09549	0
metal4	19	48	936.07	137.2	0	0	0	1.09679	0
metal4	20	48	992.07	137.2	0	0	0	1.09796	0
metal4	21	48	1048.07	137.2	0	0	0	1.09908	0
metal4	22	48	1086.21	137.2	0	0	0	1.09989	0
metal4	0	49	14.095	140	0	0	0	1.09992	0
metal4	1	49	40.07	140	0	0	0	1.09948	0
metal4	2	49	96.07	140	0	0	0	1.09853	0
metal4	3	49	108.455	140	0	0	0	1.09834	0
metal4	4	49	109.295	140	0	0	0	1.09833	0
metal4	5	49	152.07	140	0	0	0	1.09764	0
metal4	6	49	208.07	140	0	0	0	1.09681	0
metal4	7	49	264.07	140	0	0	0	1.09599	0
metal4	8	49	320.07	140	0	0	0	1.09515	0
metal4	9	49	376.07	140	0	0	0	1.0944	0
metal4	10	49	432.07	140	0	0	0	1.09356	0
metal4	11	49	488.07	140	0	0	0	1.09307	0
metal4	12	49	544.07	140	0	0	0	1.09281	0
metal4	13	49	600.07	140	0	0	0	1.09275	0
metal4	14	49	656.07	140	0	0	0	1.09289	0
metal4	15	49	712.07	140	0	0	0	1.09324	0
metal4	16	49	768.07	140	0	0	0	1.09379	0
metal4	17	49	824.07	140	0	0	0	1.09454	0
metal4	18	49	880.07	140	0	0	0	1.09557	0
metal4	19	49	936.07	140	0	0.00141818	0.00141818	1.09682	0
metal4	20	49	992.07	140	0	0	0	1.09799	0
metal4	21	49	1048.07	140	0	0.00141818	0.00141818	1.0991	0
metal4	22	49	1086.21	140	0	0	0	1.0999	0
metal4	0	50	14.095	142.8	0	0	0	1.09993	0
metal4	1	50	40.07	142.8	0	0	0	1.0995	0
metal4	2	50	96.07	142.8	0	0	0	1.09854	0
metal4	3	50	108.455	142.8	0	0	0	1.09835	0
metal4	4	50	109.295	142.8	0	0	0	1.09834	0
metal4	5	50	152.07	142.8	0	0	0	1.09766	0
metal4	6	50	208.07	142.8	0	0	0	1.09684	0
metal4	7	50	264.07	142.8	0	0	0	1.09603	0
metal4	8	50	320.07	142.8	0	0	0	1.0952	0
metal4	9	50	376.07	142.8	0	0	0	1.09447	0
metal4	10	50	432.07	142.8	0	0	0	1.09367	0
metal4	11	50	488.07	142.8	0	0	0	1.09319	0
metal4	12	50	544.07	142.8	0	0	0	1.09294	0
metal4	13	50	600.07	142.8	0	0	0	1.09288	0
metal4	14	50	656.07	142.8	0	0	0	1.09302	0
metal4	15	50	712.07	142.8	0	0	0	1.09337	0
metal4	16	50	768.07	142.8	0	0	0	1.09391	0
metal4	17	50	824.07	142.8	0	0	0	1.09466	0
metal4	18	50	880.07	142.8	0	0	0	1.09566	0
metal4	19	50	936.07	142.8	0	0	0	1.09687	0
metal4	20	50	992.07	142.8	0	0	0	1.09801	0
metal4	21	50	1048.07	142.8	0	0	0	1.09912	0
metal4	22	50	1086.21	142.8	0	0	0	1.09992	0
metal4	0	51	14.095	145.6	0	0	0	1.09996	0
metal4	1	51	40.07	145.6	0	0	0	1.09951	0
metal4	2	51	96.07	145.6	0	0	0	1.09856	0
metal4	3	51	108.455	145.6	0	0	0	1.09837	0
metal4	4	51	109.295	145.6	0	0	0	1.09836	0
metal4	5	51	152.07	145.6	0	0	0	1.09769	0
metal4	6	51	208.07	145.6	0	0	0	1.09687	0
metal4	7	51	264.07	145.6	0	0	0	1.09606	0
metal4	8	51	320.07	145.6	0	0	0	1.09526	0
metal4	9	51	376.07	145.6	0	0	0	1.09454	0
metal4	10	51	432.07	145.6	0	0	0	1.0938	0
metal4	11	51	488.07	145.6	0	0	0	1.09334	0
metal4	12	51	544.07	145.6	0	0	0	1.09309	0
metal4	13	51	600.07	145.6	0	0	0	1.09303	0
metal4	14	51	656.07	145.6	0	0	0	1.09318	0
metal4	15	51	712.07	145.6	0	0	0	1.09352	0
metal4	16	51	768.07	145.6	0	0	0	1.09406	0
metal4	17	51	824.07	145.6	0	0	0	1.0948	0
metal4	18	51	880.07	145.6	0	0	0	1.09576	0
metal4	19	51	936.07	145.6	0	0	0	1.09692	0
metal4	20	51	992.07	145.6	0	0	0	1.09804	0
metal4	21	51	1048.07	145.6	0	0	0	1.09915	0
metal4	22	51	1086.21	145.6	0	0	0	1.09995	0
metal4	0	52	14.095	148.4	0	0	0	1.09999	0
metal4	1	52	40.07	148.4	0	0	0	1.09953	0
metal4	2	52	96.07	148.4	0	0	0	1.09859	0
metal4	3	52	108.455	148.4	0	0	0	1.09839	0
metal4	4	52	109.295	148.4	0	0	0	1.09838	0
metal4	5	52	152.07	148.4	0	0	0	1.09772	0
metal4	6	52	208.07	148.4	0	0	0	1.09689	0
metal4	7	52	264.07	148.4	0	0	0	1.0961	0
metal4	8	52	320.07	148.4	0	0	0	1.09533	0
metal4	9	52	376.07	148.4	0	0	0	1.09462	0
metal4	10	52	432.07	148.4	0	0	0	1.09396	0
metal4	11	52	488.07	148.4	0	0	0	1.09351	0
metal4	12	52	544.07	148.4	0	0	0	1.09326	0
metal4	13	52	600.07	148.4	0	0	0	1.09321	0
metal4	14	52	656.07	148.4	0	0	0	1.09336	0
metal4	15	52	712.07	148.4	0	0	0	1.0937	0
metal4	16	52	768.07	148.4	0	0	0	1.09423	0
metal4	17	52	824.07	148.4	0	0	0	1.09496	0
metal4	18	52	880.07	148.4	0	0	0	1.09588	0
metal4	19	52	936.07	148.4	0	0	0	1.09698	0
metal4	20	52	992.07	148.4	0	0	0	1.09807	0
metal4	21	52	1048.07	148.4	0	0	0	1.09919	0
metal4	22	52	1086.21	148.4	0	0	0	1.09998	0
metal4	0	53	14.095	149.6	0	0	0	1.1	0
metal4	1	53	40.07	149.6	0	0	0	1.09954	0
metal4	2	53	96.07	149.6	0	0	0	1.0986	0
metal4	3	53	108.455	149.6	0	0	0	1.0984	0
metal4	4	53	109.295	149.6	0	0	0	1.09839	0
metal4	5	53	152.07	149.6	0	0	0	1.09773	0
metal4	6	53	208.07	149.6	0	0	0	1.09691	0
metal4	7	53	264.07	149.6	0	0	0	1.09611	0
metal4	8	53	320.07	149.6	0	0	0	1.09535	0
metal4	9	53	376.07	149.6	0	0	0	1.09466	0
metal4	10	53	432.07	149.6	0	0	0	1.09403	0
metal4	11	53	488.07	149.6	0	0	0	1.09359	0
metal4	12	53	544.07	149.6	0	0	0	1.09335	0
metal4	13	53	600.07	149.6	0	0	0	1.0933	0
metal4	14	53	656.07	149.6	0	0	0	1.09344	0
metal4	15	53	712.07	149.6	0	0	0	1.09378	0
metal4	16	53	768.07	149.6	0	0	0	1.09431	0
metal4	17	53	824.07	149.6	0	0	0	1.09503	0
metal4	18	53	880.07	149.6	0	0	0	1.09594	0
metal4	19	53	936.07	149.6	0	0	0	1.097	0
metal4	20	53	992.07	149.6	0	0	0	1.09809	0
metal4	21	53	1048.07	149.6	0	0	0	1.0992	0
metal4	22	53	1086.21	149.6	0	0	0	1.1	0
metal4	0	54	14.095	151.2	0	0	0	1.09998	0
metal4	1	54	40.07	151.2	0	0	0	1.09954	0
metal4	2	54	96.07	151.2	0	0	0	1.09859	0
metal4	3	54	108.455	151.2	0	0	0	1.0984	0
metal4	4	54	109.295	151.2	0	0	0	1.09839	0
metal4	5	54	152.07	151.2	0	0	0	1.09774	0
metal4	6	54	208.07	151.2	0	0	0	1.09691	0
metal4	7	54	264.07	151.2	0	0	0	1.09612	0
metal4	8	54	320.07	151.2	0	0	0	1.09537	0
metal4	9	54	376.07	151.2	0	0	0	1.09468	0
metal4	10	54	432.07	151.2	0	0	0	1.09404	0
metal4	11	54	488.07	151.2	0	0	0	1.09361	0
metal4	12	54	544.07	151.2	0	0	0	1.09337	0
metal4	13	54	600.07	151.2	0	0	0	1.09332	0
metal4	14	54	656.07	151.2	0	0	0	1.09347	0
metal4	15	54	712.07	151.2	0	0	0	1.09381	0
metal4	16	54	768.07	151.2	0	0	0	1.09434	0
metal4	17	54	824.07	151.2	0	0	0	1.09505	0
metal4	18	54	880.07	151.2	0	0	0	1.09596	0
metal4	19	54	936.07	151.2	0	0	0	1.09702	0
metal4	20	54	992.07	151.2	0	0	0	1.0981	0
metal4	21	54	1048.07	151.2	0	0	0	1.0992	0
metal4	22	54	1086.21	151.2	0	0	0	1.09998	0
metal4	0	55	14.095	154	0	0	0	1.09996	0
metal4	1	55	40.07	154	0	0	0	1.09953	0
metal4	2	55	96.07	154	0	0	0	1.09859	0
metal4	3	55	108.455	154	0	0	0	1.0984	0
metal4	4	55	109.295	154	0	0	0	1.09839	0
metal4	5	55	152.07	154	0	0	0	1.09775	0
metal4	6	55	208.07	154	0	0	0	1.09692	0
metal4	7	55	264.07	154	0	0	0	1.09614	0
metal4	8	55	320.07	154	0	0	0	1.09539	0
metal4	9	55	376.07	154	0	0	0	1.09472	0
metal4	10	55	432.07	154	0	0	0	1.09408	0
metal4	11	55	488.07	154	0	0	0	1.09366	0
metal4	12	55	544.07	154	0	0	0	1.09343	0
metal4	13	55	600.07	154	0	0	0	1.09338	0
metal4	14	55	656.07	154	0	0	0	1.09353	0
metal4	15	55	712.07	154	0	0	0	1.09387	0
metal4	16	55	768.07	154	0	0	0	1.0944	0
metal4	17	55	824.07	154	0	0	0	1.0951	0
metal4	18	55	880.07	154	0	0	0	1.09599	0
metal4	19	55	936.07	154	0	0	0	1.09705	0
metal4	20	55	992.07	154	0	0	0	1.09811	0
metal4	21	55	1048.07	154	0	0	0	1.09919	0
metal4	22	55	1086.21	154	0	0	0	1.09995	0
metal4	0	56	14.095	156.8	0	0	0	1.09994	0
metal4	1	56	40.07	156.8	0	0	0	1.09953	0
metal4	2	56	96.07	156.8	0	0	0	1.09859	0
metal4	3	56	108.455	156.8	0	0	0	1.09841	0
metal4	4	56	109.295	156.8	0	0	0	1.09839	0
metal4	5	56	152.07	156.8	0	0	0	1.09776	0
metal4	6	56	208.07	156.8	0	0	0	1.09692	0
metal4	7	56	264.07	156.8	0	0	0	1.09615	0
metal4	8	56	320.07	156.8	0	0	0	1.09542	0
metal4	9	56	376.07	156.8	0	0	0	1.09476	0
metal4	10	56	432.07	156.8	0	0	0	1.09414	0
metal4	11	56	488.07	156.8	0	0	0	1.09373	0
metal4	12	56	544.07	156.8	0	0	0	1.09351	0
metal4	13	56	600.07	156.8	0	0	0	1.09347	0
metal4	14	56	656.07	156.8	0	0	0	1.09362	0
metal4	15	56	712.07	156.8	0	0	0	1.09396	0
metal4	16	56	768.07	156.8	0	0	0	1.09448	0
metal4	17	56	824.07	156.8	0	0	0	1.09517	0
metal4	18	56	880.07	156.8	0	0	0	1.09605	0
metal4	19	56	936.07	156.8	0	0	0	1.09708	0
metal4	20	56	992.07	156.8	0	0	0	1.09813	0
metal4	21	56	1048.07	156.8	0	0	0	1.09919	0
metal4	22	56	1086.21	156.8	0	0	0	1.09993	0
metal4	0	57	14.095	159.6	0	0	0	1.09992	0
metal4	1	57	40.07	159.6	0	0	0	1.09953	0
metal4	2	57	96.07	159.6	0	0	0	1.09859	0
metal4	3	57	108.455	159.6	0	0	0	1.09841	0
metal4	4	57	109.295	159.6	0	0	0	1.0984	0
metal4	5	57	152.07	159.6	0	0	0	1.09777	0
metal4	6	57	208.07	159.6	0	0	0	1.09694	0
metal4	7	57	264.07	159.6	0	0	0	1.09617	0
metal4	8	57	320.07	159.6	0	0	0	1.09545	0
metal4	9	57	376.07	159.6	0	0	0	1.09482	0
metal4	10	57	432.07	159.6	0	0	0	1.09422	0
metal4	11	57	488.07	159.6	0	0	0	1.09383	0
metal4	12	57	544.07	159.6	0	0	0	1.09361	0
metal4	13	57	600.07	159.6	0	0	0	1.09357	0
metal4	14	57	656.07	159.6	0	0	0	1.09373	0
metal4	15	57	712.07	159.6	0	0	0	1.09406	0
metal4	16	57	768.07	159.6	0	0	0	1.09458	0
metal4	17	57	824.07	159.6	0	0	0	1.09526	0
metal4	18	57	880.07	159.6	0	0	0	1.09611	0
metal4	19	57	936.07	159.6	0	0	0	1.09712	0
metal4	20	57	992.07	159.6	0	0	0	1.09815	0
metal4	21	57	1048.07	159.6	0	0	0	1.09919	0
metal4	22	57	1086.21	159.6	0	0	0	1.09991	0
metal4	0	58	14.095	162.4	0	0	0	1.09991	0
metal4	1	58	40.07	162.4	0	0	0	1.09953	0
metal4	2	58	96.07	162.4	0	0	0	1.0986	0
metal4	3	58	108.455	162.4	0	0	0	1.09842	0
metal4	4	58	109.295	162.4	0	0	0	1.09841	0
metal4	5	58	152.07	162.4	0	0	0	1.09778	0
metal4	6	58	208.07	162.4	0	0	0	1.09695	0
metal4	7	58	264.07	162.4	0	0	0	1.0962	0
metal4	8	58	320.07	162.4	0	0	0	1.0955	0
metal4	9	58	376.07	162.4	0	0	0	1.09488	0
metal4	10	58	432.07	162.4	0	0	0	1.09431	0
metal4	11	58	488.07	162.4	0	0	0	1.09393	0
metal4	12	58	544.07	162.4	0	0	0	1.09372	0
metal4	13	58	600.07	162.4	0	0	0	1.09368	0
metal4	14	58	656.07	162.4	0	0	0	1.09384	0
metal4	15	58	712.07	162.4	0	0	0	1.09417	0
metal4	16	58	768.07	162.4	0	0	0	1.09469	0
metal4	17	58	824.07	162.4	0	0	0	1.09535	0
metal4	18	58	880.07	162.4	0	0	0	1.09618	0
metal4	19	58	936.07	162.4	0	0	0	1.09716	0
metal4	20	58	992.07	162.4	0	0	0	1.09817	0
metal4	21	58	1048.07	162.4	0	0	0	1.09919	0
metal4	22	58	1086.21	162.4	0	0	0	1.0999	0
metal4	0	59	14.095	165.2	0	0	0	1.09991	0
metal4	1	59	40.07	165.2	0	0	0	1.09953	0
metal4	2	59	96.07	165.2	0	0	0	1.09861	0
metal4	3	59	108.455	165.2	0	0	0	1.09843	0
metal4	4	59	109.295	165.2	0	0	0	1.09842	0
metal4	5	59	152.07	165.2	0	0	0	1.0978	0
metal4	6	59	208.07	165.2	0	0	0	1.09698	0
metal4	7	59	264.07	165.2	0	0	0	1.09623	0
metal4	8	59	320.07	165.2	0	0	0	1.09554	0
metal4	9	59	376.07	165.2	0	0	0	1.09494	0
metal4	10	59	432.07	165.2	0	0	0	1.0944	0
metal4	11	59	488.07	165.2	0	0	0	1.09403	0
metal4	12	59	544.07	165.2	0	0	0	1.09384	0
metal4	13	59	600.07	165.2	0	0	0	1.0938	0
metal4	14	59	656.07	165.2	0	0	0	1.09396	0
metal4	15	59	712.07	165.2	0	0	0	1.09429	0
metal4	16	59	768.07	165.2	0	0	0	1.09479	0
metal4	17	59	824.07	165.2	0	0	0	1.09544	0
metal4	18	59	880.07	165.2	0	0	0	1.09625	0
metal4	19	59	936.07	165.2	0	0	0	1.0972	0
metal4	20	59	992.07	165.2	0	0	0	1.09819	0
metal4	21	59	1048.07	165.2	0	0	0	1.0992	0
metal4	22	59	1086.21	165.2	0	0	0	1.0999	0
metal4	0	60	14.095	168	0	0	0	1.09992	0
metal4	1	60	40.07	168	0	0	0	1.09953	0
metal4	2	60	96.07	168	0	0	0	1.09862	0
metal4	3	60	108.455	168	0	0	0	1.09845	0
metal4	4	60	109.295	168	0	0	0	1.09844	0
metal4	5	60	152.07	168	0	0	0	1.09782	0
metal4	6	60	208.07	168	0	0	0	1.097	0
metal4	7	60	264.07	168	0	0	0	1.09627	0
metal4	8	60	320.07	168	0	0	0	1.0956	0
metal4	9	60	376.07	168	0	0	0	1.09501	0
metal4	10	60	432.07	168	0	0	0	1.0945	0
metal4	11	60	488.07	168	0	0	0	1.09415	0
metal4	12	60	544.07	168	0	0	0	1.09396	0
metal4	13	60	600.07	168	0	0	0	1.09393	0
metal4	14	60	656.07	168	0	0	0	1.09409	0
metal4	15	60	712.07	168	0	0	0	1.09441	0
metal4	16	60	768.07	168	0	0	0	1.0949	0
metal4	17	60	824.07	168	0	0	0	1.09553	0
metal4	18	60	880.07	168	0	0	0	1.09632	0
metal4	19	60	936.07	168	0	0	0	1.09724	0
metal4	20	60	992.07	168	0	0	0	1.09822	0
metal4	21	60	1048.07	168	0	0	0	1.09921	0
metal4	22	60	1086.21	168	0	0	0	1.0999	0
metal4	0	61	14.095	170.8	0	0	0	1.09993	0
metal4	1	61	40.07	170.8	0	0	0	1.09954	0
metal4	2	61	96.07	170.8	0	0	0	1.09863	0
metal4	3	61	108.455	170.8	0	0	0	1.09846	0
metal4	4	61	109.295	170.8	0	0	0	1.09845	0
metal4	5	61	152.07	170.8	0	0	0	1.09784	0
metal4	6	61	208.07	170.8	0	0	0	1.09704	0
metal4	7	61	264.07	170.8	0	0	0	1.09631	0
metal4	8	61	320.07	170.8	0	0	0	1.09566	0
metal4	9	61	376.07	170.8	0	0	0	1.09509	0
metal4	10	61	432.07	170.8	0	0	0	1.0946	0
metal4	11	61	488.07	170.8	0	0	0	1.09426	0
metal4	12	61	544.07	170.8	0	0	0	1.09409	0
metal4	13	61	600.07	170.8	0	0	0	1.09406	0
metal4	14	61	656.07	170.8	0	0	0	1.09422	0
metal4	15	61	712.07	170.8	0	0	0	1.09453	0
metal4	16	61	768.07	170.8	0	0	0	1.09501	0
metal4	17	61	824.07	170.8	0	0	0	1.09563	0
metal4	18	61	880.07	170.8	0	0	0	1.09639	0
metal4	19	61	936.07	170.8	0	0	0	1.09729	0
metal4	20	61	992.07	170.8	0	0	0	1.09825	0
metal4	21	61	1048.07	170.8	0	0	0	1.09923	0
metal4	22	61	1086.21	170.8	0	0	0	1.09992	0
metal4	0	62	14.095	173.6	0	0	0	1.09994	0
metal4	1	62	40.07	173.6	0	0	0	1.09955	0
metal4	2	62	96.07	173.6	0	0	0	1.09865	0
metal4	3	62	108.455	173.6	0	0	0	1.09848	0
metal4	4	62	109.295	173.6	0	0	0	1.09847	0
metal4	5	62	152.07	173.6	0	0	0	1.09786	0
metal4	6	62	208.07	173.6	0	0	0	1.09707	0
metal4	7	62	264.07	173.6	0	0	0	1.09636	0
metal4	8	62	320.07	173.6	0	0	0	1.09573	0
metal4	9	62	376.07	173.6	0	0	0	1.09518	0
metal4	10	62	432.07	173.6	0	0	0	1.09471	0
metal4	11	62	488.07	173.6	0	0	0	1.09439	0
metal4	12	62	544.07	173.6	0	0	0	1.09422	0
metal4	13	62	600.07	173.6	0	0	0	1.0942	0
metal4	14	62	656.07	173.6	0	0	0	1.09435	0
metal4	15	62	712.07	173.6	0	0	0	1.09466	0
metal4	16	62	768.07	173.6	0	0	0	1.09512	0
metal4	17	62	824.07	173.6	0	0	0	1.09573	0
metal4	18	62	880.07	173.6	0	0	0	1.09647	0
metal4	19	62	936.07	173.6	0	0	0	1.09734	0
metal4	20	62	992.07	173.6	0	0	0	1.09828	0
metal4	21	62	1048.07	173.6	0	0	0	1.09925	0
metal4	22	62	1086.21	173.6	0	0	0	1.09994	0
metal4	0	63	14.095	176.4	0	0	0	1.09997	0
metal4	1	63	40.07	176.4	0	0	0	1.09956	0
metal4	2	63	96.07	176.4	0	0	0	1.09868	0
metal4	3	63	108.455	176.4	0	0	0	1.0985	0
metal4	4	63	109.295	176.4	0	0	0	1.09849	0
metal4	5	63	152.07	176.4	0	0	0	1.09789	0
metal4	6	63	208.07	176.4	0	0	0	1.09712	0
metal4	7	63	264.07	176.4	0	0	0	1.09642	0
metal4	8	63	320.07	176.4	0	0	0	1.0958	0
metal4	9	63	376.07	176.4	0	0	0	1.09527	0
metal4	10	63	432.07	176.4	0	0	0	1.09483	0
metal4	11	63	488.07	176.4	0	0	0	1.09452	0
metal4	12	63	544.07	176.4	0	0	0	1.09436	0
metal4	13	63	600.07	176.4	0	0	0	1.09434	0
metal4	14	63	656.07	176.4	0	0	0	1.09449	0
metal4	15	63	712.07	176.4	0	0	0	1.09479	0
metal4	16	63	768.07	176.4	0	0	0	1.09525	0
metal4	17	63	824.07	176.4	0	0	0	1.09583	0
metal4	18	63	880.07	176.4	0	0	0	1.09656	0
metal4	19	63	936.07	176.4	0	0	0	1.09739	0
metal4	20	63	992.07	176.4	0	0	0	1.09832	0
metal4	21	63	1048.07	176.4	0	0	0	1.09928	0
metal4	22	63	1086.21	176.4	0	0	0	1.09996	0
metal4	0	64	14.095	179.2	0	0	0	1.1	0
metal4	1	64	40.07	179.2	0	0	0	1.09958	0
metal4	2	64	96.07	179.2	0	0	0	1.0987	0
metal4	3	64	108.455	179.2	0	0	0	1.09852	0
metal4	4	64	109.295	179.2	0	0	0	1.09851	0
metal4	5	64	152.07	179.2	0	0	0	1.09792	0
metal4	6	64	208.07	179.2	0	0	0	1.09717	0
metal4	7	64	264.07	179.2	0	0	0	1.09648	0
metal4	8	64	320.07	179.2	0	0	0	1.09588	0
metal4	9	64	376.07	179.2	0	0	0	1.09536	0
metal4	10	64	432.07	179.2	0	0	0	1.09495	0
metal4	11	64	488.07	179.2	0	0	0	1.09466	0
metal4	12	64	544.07	179.2	0	0	0	1.0945	0
metal4	13	64	600.07	179.2	0	0	0	1.09449	0
metal4	14	64	656.07	179.2	0	0	0	1.09464	0
metal4	15	64	712.07	179.2	0	0	0	1.09493	0
metal4	16	64	768.07	179.2	0	0	0	1.09537	0
metal4	17	64	824.07	179.2	0	0	0	1.09595	0
metal4	18	64	880.07	179.2	0	0	0	1.09665	0
metal4	19	64	936.07	179.2	0	0	0	1.09746	0
metal4	20	64	992.07	179.2	0	0	0	1.09836	0
metal4	21	64	1048.07	179.2	0	0	0	1.09931	0
metal4	22	64	1086.21	179.2	0	0	0	1.09999	0
metal4	0	65	14.095	179.6	0	0	0	1.1	0
metal4	1	65	40.07	179.6	0	0	0	1.09958	0
metal4	2	65	96.07	179.6	0	0	0	1.09871	0
metal4	3	65	108.455	179.6	0	0	0	1.09853	0
metal4	4	65	109.295	179.6	0	0	0	1.09851	0
metal4	5	65	152.07	179.6	0	0	0	1.09792	0
metal4	6	65	208.07	179.6	0	0	0	1.09717	0
metal4	7	65	264.07	179.6	0	0	0	1.09649	0
metal4	8	65	320.07	179.6	0	0	0	1.09589	0
metal4	9	65	376.07	179.6	0	0	0	1.09538	0
metal4	10	65	432.07	179.6	0	0	0	1.09497	0
metal4	11	65	488.07	179.6	0	0	0	1.09468	0
metal4	12	65	544.07	179.6	0	0	0	1.09452	0
metal4	13	65	600.07	179.6	0	0	0	1.09452	0
metal4	14	65	656.07	179.6	0	0	0	1.09466	0
metal4	15	65	712.07	179.6	0	0	0	1.09495	0
metal4	16	65	768.07	179.6	0	0	0	1.09539	0
metal4	17	65	824.07	179.6	0	0	0	1.09596	0
metal4	18	65	880.07	179.6	0	0	0	1.09666	0
metal4	19	65	936.07	179.6	0	0	0	1.09747	0
metal4	20	65	992.07	179.6	0	0	0	1.09836	0
metal4	21	65	1048.07	179.6	0	0	0	1.09931	0
metal4	22	65	1086.21	179.6	0	0	0	1.1	0
metal4	0	66	14.095	182	0	0	0	1.09998	0
metal4	1	66	40.07	182	0	0	0	1.09958	0
metal4	2	66	96.07	182	0	0	0	1.0987	0
metal4	3	66	108.455	182	0	0	0	1.09853	0
metal4	4	66	109.295	182	0	0	0	1.09851	0
metal4	5	66	152.07	182	0	0	0	1.09793	0
metal4	6	66	208.07	182	0	0	0	1.09717	0
metal4	7	66	264.07	182	0	0	0	1.0965	0
metal4	8	66	320.07	182	0	0	0	1.0959	0
metal4	9	66	376.07	182	0	0	0	1.0954	0
metal4	10	66	432.07	182	0	0	0	1.09499	0
metal4	11	66	488.07	182	0	0	0	1.0947	0
metal4	12	66	544.07	182	0	0	0	1.09455	0
metal4	13	66	600.07	182	0	0	0	1.09454	0
metal4	14	66	656.07	182	0	0	0	1.09469	0
metal4	15	66	712.07	182	0	0	0	1.09498	0
metal4	16	66	768.07	182	0	0	0	1.09541	0
metal4	17	66	824.07	182	0	0	0	1.09598	0
metal4	18	66	880.07	182	0	0	0	1.09667	0
metal4	19	66	936.07	182	0	0	0	1.09747	0
metal4	20	66	992.07	182	0	0	0	1.09836	0
metal4	21	66	1048.07	182	0	0	0	1.0993	0
metal4	22	66	1086.21	182	0	0	0	1.09997	0
metal4	0	67	14.095	184.8	0	0	0	1.09995	0
metal4	1	67	40.07	184.8	0	0	0	1.09957	0
metal4	2	67	96.07	184.8	0	0	0	1.0987	0
metal4	3	67	108.455	184.8	0	0	0	1.09853	0
metal4	4	67	109.295	184.8	0	0	0	1.09852	0
metal4	5	67	152.07	184.8	0	0	0	1.09793	0
metal4	6	67	208.07	184.8	0	0	0	1.09718	0
metal4	7	67	264.07	184.8	0	0	0	1.0965	0
metal4	8	67	320.07	184.8	0	0	0	1.09592	0
metal4	9	67	376.07	184.8	0	0	0	1.09542	0
metal4	10	67	432.07	184.8	0	0	0	1.09502	0
metal4	11	67	488.07	184.8	0	0	0	1.09474	0
metal4	12	67	544.07	184.8	0	0	0	1.09459	0
metal4	13	67	600.07	184.8	0	0	0	1.09458	0
metal4	14	67	656.07	184.8	0	0	0	1.09473	0
metal4	15	67	712.07	184.8	0	0	0	1.09501	0
metal4	16	67	768.07	184.8	0	0	0	1.09544	0
metal4	17	67	824.07	184.8	0	0	0	1.096	0
metal4	18	67	880.07	184.8	0	0	0	1.09668	0
metal4	19	67	936.07	184.8	0	0	0	1.09747	0
metal4	20	67	992.07	184.8	0	0	0	1.09836	0
metal4	21	67	1048.07	184.8	0	0	0	1.09929	0
metal4	22	67	1086.21	184.8	0	0	0	1.09995	0
metal4	0	68	14.095	187.6	0	0	0	1.09994	0
metal4	1	68	40.07	187.6	0	0	0	1.09956	0
metal4	2	68	96.07	187.6	0	0	0	1.09869	0
metal4	3	68	108.455	187.6	0	0	0	1.09853	0
metal4	4	68	109.295	187.6	0	0	0	1.09852	0
metal4	5	68	152.07	187.6	0	0	0	1.09794	0
metal4	6	68	208.07	187.6	0	0	0	1.09718	0
metal4	7	68	264.07	187.6	0	0	0	1.09652	0
metal4	8	68	320.07	187.6	0	0	0	1.09594	0
metal4	9	68	376.07	187.6	0	0	0	1.09545	0
metal4	10	68	432.07	187.6	0	0	0	1.09506	0
metal4	11	68	488.07	187.6	0	0	0	1.09478	0
metal4	12	68	544.07	187.6	0	0	0	1.09464	0
metal4	13	68	600.07	187.6	0	0	0	1.09462	0
metal4	14	68	656.07	187.6	0	0	0	1.09477	0
metal4	15	68	712.07	187.6	0	0	0	1.09504	0
metal4	16	68	768.07	187.6	0	0	0	1.09548	0
metal4	17	68	824.07	187.6	0	0	0	1.09603	0
metal4	18	68	880.07	187.6	0	0	0	1.0967	0
metal4	19	68	936.07	187.6	0	0	0	1.09748	0
metal4	20	68	992.07	187.6	0	0	0	1.09837	0
metal4	21	68	1048.07	187.6	0	0	0	1.09929	0
metal4	22	68	1086.21	187.6	0	0	0	1.09993	0
metal4	0	69	14.095	190.4	0	0	0	1.09992	0
metal4	1	69	40.07	190.4	0	0	0	1.09956	0
metal4	2	69	96.07	190.4	0	0	0	1.0987	0
metal4	3	69	108.455	190.4	0	0	0	1.09854	0
metal4	4	69	109.295	190.4	0	0	0	1.09853	0
metal4	5	69	152.07	190.4	0	0	0	1.09795	0
metal4	6	69	208.07	190.4	0	0	0	1.0972	0
metal4	7	69	264.07	190.4	0	0	0	1.09654	0
metal4	8	69	320.07	190.4	0	0	0	1.09597	0
metal4	9	69	376.07	190.4	0	0	0	1.09549	0
metal4	10	69	432.07	190.4	0	0	0	1.0951	0
metal4	11	69	488.07	190.4	0	0	0	1.09483	0
metal4	12	69	544.07	190.4	0	0	0	1.09469	0
metal4	13	69	600.07	190.4	0	0	0	1.09467	0
metal4	14	69	656.07	190.4	0	0	0	1.09482	0
metal4	15	69	712.07	190.4	0	0	0	1.09509	0
metal4	16	69	768.07	190.4	0	0	0	1.09552	0
metal4	17	69	824.07	190.4	0	0	0	1.09606	0
metal4	18	69	880.07	190.4	0	0	0	1.09672	0
metal4	19	69	936.07	190.4	0	0	0	1.09749	0
metal4	20	69	992.07	190.4	0	0	0	1.09837	0
metal4	21	69	1048.07	190.4	0	0	0	1.09929	0
metal4	22	69	1086.21	190.4	0	0	0	1.09992	0
metal4	0	70	14.095	193.2	0	0	0	1.09992	0
metal4	1	70	40.07	193.2	0	0	0	1.09956	0
metal4	2	70	96.07	193.2	0	0	0	1.0987	0
metal4	3	70	108.455	193.2	0	0	0	1.09854	0
metal4	4	70	109.295	193.2	0	0	0	1.09853	0
metal4	5	70	152.07	193.2	0	0	0	1.09797	0
metal4	6	70	208.07	193.2	0	0	0	1.09722	0
metal4	7	70	264.07	193.2	0	0	0	1.09657	0
metal4	8	70	320.07	193.2	0	0	0	1.096	0
metal4	9	70	376.07	193.2	0	0	0	1.09553	0
metal4	10	70	432.07	193.2	0	0	0	1.09515	0
metal4	11	70	488.07	193.2	0	0	0	1.09488	0
metal4	12	70	544.07	193.2	0	0	0	1.09474	0
metal4	13	70	600.07	193.2	0	0	0	1.09473	0
metal4	14	70	656.07	193.2	0	0	0	1.09488	0
metal4	15	70	712.07	193.2	0	0	0	1.09514	0
metal4	16	70	768.07	193.2	0	0	0	1.09556	0
metal4	17	70	824.07	193.2	0	0	0	1.0961	0
metal4	18	70	880.07	193.2	0	0	0	1.09675	0
metal4	19	70	936.07	193.2	0	0	0	1.09751	0
metal4	20	70	992.07	193.2	0	0	0	1.09839	0
metal4	21	70	1048.07	193.2	0	0	0	1.09929	0
metal4	22	70	1086.21	193.2	0	0	0	1.09991	0
metal4	0	71	14.095	196	0	0	0	1.09992	0
metal4	1	71	40.07	196	0	0	0	1.09956	0
metal4	2	71	96.07	196	0	0	0	1.09871	0
metal4	3	71	108.455	196	0	0	0	1.09855	0
metal4	4	71	109.295	196	0	0	0	1.09854	0
metal4	5	71	152.07	196	0	0	0	1.09798	0
metal4	6	71	208.07	196	0	0	0	1.09724	0
metal4	7	71	264.07	196	0	0	0	1.0966	0
metal4	8	71	320.07	196	0	0	0	1.09605	0
metal4	9	71	376.07	196	0	0	0	1.09558	0
metal4	10	71	432.07	196	0	0	0	1.09521	0
metal4	11	71	488.07	196	0	0	0	1.09494	0
metal4	12	71	544.07	196	0	0	0	1.0948	0
metal4	13	71	600.07	196	0	0	0	1.09479	0
metal4	14	71	656.07	196	0	0	0	1.09494	0
metal4	15	71	712.07	196	0	0	0	1.0952	0
metal4	16	71	768.07	196	0	0	0	1.09562	0
metal4	17	71	824.07	196	0	0	0	1.09615	0
metal4	18	71	880.07	196	0	0	0	1.09679	0
metal4	19	71	936.07	196	0	0	0	1.09754	0
metal4	20	71	992.07	196	0	0	0	1.0984	0
metal4	21	71	1048.07	196	0	0	0	1.09929	0
metal4	22	71	1086.21	196	0	0	0	1.09991	0
metal4	0	72	14.095	198.8	0	0	0	1.09992	0
metal4	1	72	40.07	198.8	0	0	0	1.09957	0
metal4	2	72	96.07	198.8	0	0	0	1.09872	0
metal4	3	72	108.455	198.8	0	0	0	1.09857	0
metal4	4	72	109.295	198.8	0	0	0	1.09856	0
metal4	5	72	152.07	198.8	0	0	0	1.098	0
metal4	6	72	208.07	198.8	0	0	0	1.09727	0
metal4	7	72	264.07	198.8	0	0	0	1.09664	0
metal4	8	72	320.07	198.8	0	0	0	1.09609	0
metal4	9	72	376.07	198.8	0	0	0	1.09563	0
metal4	10	72	432.07	198.8	0	0	0	1.09527	0
metal4	11	72	488.07	198.8	0	0	0	1.095	0
metal4	12	72	544.07	198.8	0	0	0	1.09487	0
metal4	13	72	600.07	198.8	0	0	0	1.09486	0
metal4	14	72	656.07	198.8	0	0	0	1.09501	0
metal4	15	72	712.07	198.8	0	0	0	1.09526	0
metal4	16	72	768.07	198.8	0	0	0	1.09568	0
metal4	17	72	824.07	198.8	0	0	0	1.0962	0
metal4	18	72	880.07	198.8	0	0	0	1.09683	0
metal4	19	72	936.07	198.8	0	0	0	1.09757	0
metal4	20	72	992.07	198.8	0	0	0	1.09842	0
metal4	21	72	1048.07	198.8	0	0	0	1.0993	0
metal4	22	72	1086.21	198.8	0	0	0	1.09992	0
metal4	0	73	14.095	201.6	0	0	0	1.09994	0
metal4	1	73	40.07	201.6	0	0	0	1.09958	0
metal4	2	73	96.07	201.6	0	0	0	1.09874	0
metal4	3	73	108.455	201.6	0	0	0	1.09858	0
metal4	4	73	109.295	201.6	0	0	0	1.09857	0
metal4	5	73	152.07	201.6	0	0	0	1.09802	0
metal4	6	73	208.07	201.6	0	0	0	1.09731	0
metal4	7	73	264.07	201.6	0	0	0	1.09668	0
metal4	8	73	320.07	201.6	0	0	0	1.09615	0
metal4	9	73	376.07	201.6	0	0	0	1.09569	0
metal4	10	73	432.07	201.6	0	0	0	1.09534	0
metal4	11	73	488.07	201.6	0	0	0	1.09508	0
metal4	12	73	544.07	201.6	0	0	0	1.09495	0
metal4	13	73	600.07	201.6	0	0	0	1.09494	0
metal4	14	73	656.07	201.6	0	0	0	1.09508	0
metal4	15	73	712.07	201.6	0	0	0	1.09533	0
metal4	16	73	768.07	201.6	0	0	0	1.09574	0
metal4	17	73	824.07	201.6	0	0	0	1.09625	0
metal4	18	73	880.07	201.6	0	0	0	1.09688	0
metal4	19	73	936.07	201.6	0	0	0	1.0976	0
metal4	20	73	992.07	201.6	0	0	0	1.09845	0
metal4	21	73	1048.07	201.6	0	0	0	1.09932	0
metal4	22	73	1086.21	201.6	0	0	0	1.09993	0
metal4	0	74	14.095	204.4	0	0	0	1.09995	0
metal4	1	74	40.07	204.4	0	0	0	1.09959	0
metal4	2	74	96.07	204.4	0	0	0	1.09876	0
metal4	3	74	108.455	204.4	0	0	0	1.0986	0
metal4	4	74	109.295	204.4	0	0	0	1.09859	0
metal4	5	74	152.07	204.4	0	0	0	1.09804	0
metal4	6	74	208.07	204.4	0	0	0	1.09735	0
metal4	7	74	264.07	204.4	0	0	0	1.09673	0
metal4	8	74	320.07	204.4	0	0	0	1.0962	0
metal4	9	74	376.07	204.4	0	0	0	1.09576	0
metal4	10	74	432.07	204.4	0	0	0	1.09541	0
metal4	11	74	488.07	204.4	0	0	0	1.09515	0
metal4	12	74	544.07	204.4	0	0	0	1.09503	0
metal4	13	74	600.07	204.4	0	0	0	1.09502	0
metal4	14	74	656.07	204.4	0	0	0	1.09516	0
metal4	15	74	712.07	204.4	0	0	0	1.09541	0
metal4	16	74	768.07	204.4	0	0	0	1.09581	0
metal4	17	74	824.07	204.4	0	0	0	1.09632	0
metal4	18	74	880.07	204.4	0	0	0	1.09693	0
metal4	19	74	936.07	204.4	0	0	0	1.09765	0
metal4	20	74	992.07	204.4	0	0	0	1.09847	0
metal4	21	74	1048.07	204.4	0	0	0	1.09934	0
metal4	22	74	1086.21	204.4	0	0	0	1.09995	0
metal4	0	75	14.095	207.2	0	0	0	1.09998	0
metal4	1	75	40.07	207.2	0	0	0	1.0996	0
metal4	2	75	96.07	207.2	0	0	0	1.09878	0
metal4	3	75	108.455	207.2	0	0	0	1.09862	0
metal4	4	75	109.295	207.2	0	0	0	1.09861	0
metal4	5	75	152.07	207.2	0	0	0	1.09807	0
metal4	6	75	208.07	207.2	0	0	0	1.09739	0
metal4	7	75	264.07	207.2	0	0	0	1.09679	0
metal4	8	75	320.07	207.2	0	0	0	1.09627	0
metal4	9	75	376.07	207.2	0	0	0	1.09583	0
metal4	10	75	432.07	207.2	0	0	0	1.09549	0
metal4	11	75	488.07	207.2	0	0	0	1.09524	0
metal4	12	75	544.07	207.2	0	0	0	1.09511	0
metal4	13	75	600.07	207.2	0	0	0	1.09511	0
metal4	14	75	656.07	207.2	0	0	0	1.09524	0
metal4	15	75	712.07	207.2	0	0	0	1.0955	0
metal4	16	75	768.07	207.2	0	0	0	1.09589	0
metal4	17	75	824.07	207.2	0	0	0	1.09639	0
metal4	18	75	880.07	207.2	0	0	0	1.09699	0
metal4	19	75	936.07	207.2	0	0	0	1.0977	0
metal4	20	75	992.07	207.2	0	0	0	1.0985	0
metal4	21	75	1048.07	207.2	0	0	0	1.09936	0
metal4	22	75	1086.21	207.2	0	0	0	1.09997	0
metal4	0	76	14.095	209.6	0	0	0	1.1	0
metal4	1	76	40.07	209.6	0	0	0	1.09961	0
metal4	2	76	96.07	209.6	0	0	0	1.0988	0
metal4	3	76	108.455	209.6	0	0	0	1.09863	0
metal4	4	76	109.295	209.6	0	0	0	1.09862	0
metal4	5	76	152.07	209.6	0	0	0	1.09809	0
metal4	6	76	208.07	209.6	0	0	0	1.09743	0
metal4	7	76	264.07	209.6	0	0	0	1.09684	0
metal4	8	76	320.07	209.6	0	0	0	1.09633	0
metal4	9	76	376.07	209.6	0	0	0	1.0959	0
metal4	10	76	432.07	209.6	0	0	0	1.09556	0
metal4	11	76	488.07	209.6	0	0	0	1.09531	0
metal4	12	76	544.07	209.6	0	0	0	1.09519	0
metal4	13	76	600.07	209.6	0	0	0	1.09519	0
metal4	14	76	656.07	209.6	0	0	0	1.09532	0
metal4	15	76	712.07	209.6	0	0	0	1.09557	0
metal4	16	76	768.07	209.6	0	0	0	1.09596	0
metal4	17	76	824.07	209.6	0	0	0	1.09645	0
metal4	18	76	880.07	209.6	0	0	0	1.09705	0
metal4	19	76	936.07	209.6	0	0	0	1.09774	0
metal4	20	76	992.07	209.6	0	0	0	1.09853	0
metal4	21	76	1048.07	209.6	0	0	0	1.09938	0
metal4	22	76	1086.21	209.6	0	0	0	1.1	0
metal4	0	77	14.095	210	0	0	0	1.1	0
metal4	1	77	40.07	210	0	0	0	1.09961	0
metal4	2	77	96.07	210	0	0	0	1.0988	0
metal4	3	77	108.455	210	0	0	0	1.09863	0
metal4	4	77	109.295	210	0	0	0	1.09862	0
metal4	5	77	152.07	210	0	0	0	1.09809	0
metal4	6	77	208.07	210	0	0	0	1.09743	0
metal4	7	77	264.07	210	0	0	0	1.09684	0
metal4	8	77	320.07	210	0	0	0	1.09633	0
metal4	9	77	376.07	210	0	0	0	1.0959	0
metal4	10	77	432.07	210	0	0	0	1.09556	0
metal4	11	77	488.07	210	0	0	0	1.09531	0
metal4	12	77	544.07	210	0	0	0	1.09519	0
metal4	13	77	600.07	210	0	0	0	1.09519	0
metal4	14	77	656.07	210	0	0	0	1.09532	0
metal4	15	77	712.07	210	0	0	0	1.09557	0
metal4	16	77	768.07	210	0	0	0	1.09595	0
metal4	17	77	824.07	210	0	0	0	1.09645	0
metal4	18	77	880.07	210	0	0	0	1.09704	0
metal4	19	77	936.07	210	0	0	0	1.09774	0
metal4	20	77	992.07	210	0	0	0	1.09853	0
metal4	21	77	1048.07	210	0	0	0	1.09938	0
metal4	22	77	1086.21	210	0	0	0	1.1	0
metal4	0	78	14.095	212.8	0	0	0	1.09997	0
metal4	1	78	40.07	212.8	0	0	0	1.09959	0
metal4	2	78	96.07	212.8	0	0	0	1.09878	0
metal4	3	78	108.455	212.8	0	0	0	1.09863	0
metal4	4	78	109.295	212.8	0	0	0	1.09862	0
metal4	5	78	152.07	212.8	0	0	0	1.09808	0
metal4	6	78	208.07	212.8	0	0	0	1.09743	0
metal4	7	78	264.07	212.8	0	0	0	1.09684	0
metal4	8	78	320.07	212.8	0	0	0	1.09634	0
metal4	9	78	376.07	212.8	0	0	0	1.09591	0
metal4	10	78	432.07	212.8	0	0	0	1.09557	0
metal4	11	78	488.07	212.8	0	0	0	1.09531	0
metal4	12	78	544.07	212.8	0	0	0	1.09518	0
metal4	13	78	600.07	212.8	0	0	0	1.09518	0
metal4	14	78	656.07	212.8	0	0	0	1.09531	0
metal4	15	78	712.07	212.8	0	0	0	1.09557	0
metal4	16	78	768.07	212.8	0	0	0	1.09595	0
metal4	17	78	824.07	212.8	0	0	0	1.09644	0
metal4	18	78	880.07	212.8	0	0	0	1.09703	0
metal4	19	78	936.07	212.8	0	0	0	1.09772	0
metal4	20	78	992.07	212.8	0	0	0	1.09852	0
metal4	21	78	1048.07	212.8	0	0	0	1.09936	0
metal4	22	78	1086.21	212.8	0	0	0	1.09997	0
metal4	0	79	14.095	215.6	0	0	0	1.09995	0
metal4	1	79	40.07	215.6	0	0	0	1.09957	0
metal4	2	79	96.07	215.6	0	0	0	1.09878	0
metal4	3	79	108.455	215.6	0	0	0	1.09862	0
metal4	4	79	109.295	215.6	0	0	0	1.09861	0
metal4	5	79	152.07	215.6	0	0	0	1.09807	0
metal4	6	79	208.07	215.6	0	0	0	1.09744	0
metal4	7	79	264.07	215.6	0	0	0	1.09685	0
metal4	8	79	320.07	215.6	0	0	0	1.09635	0
metal4	9	79	376.07	215.6	0	0	0	1.09593	0
metal4	10	79	432.07	215.6	0	0	0	1.09559	0
metal4	11	79	488.07	215.6	0	0	0	1.09531	0
metal4	12	79	544.07	215.6	0	0	0	1.09519	0
metal4	13	79	600.07	215.6	0	0	0	1.09519	0
metal4	14	79	656.07	215.6	0	0	0	1.09531	0
metal4	15	79	712.07	215.6	0	0	0	1.09557	0
metal4	16	79	768.07	215.6	0	0	0	1.09595	0
metal4	17	79	824.07	215.6	0	0	0	1.09644	0
metal4	18	79	880.07	215.6	0	0	0	1.09703	0
metal4	19	79	936.07	215.6	0	0	0	1.09772	0
metal4	20	79	992.07	215.6	0	0	0	1.09851	0
metal4	21	79	1048.07	215.6	0	0	0	1.09934	0
metal4	22	79	1086.21	215.6	0	0	0	1.09994	0
metal4	0	80	14.095	218.4	0	0	0	1.09993	0
metal4	1	80	40.07	218.4	0	0	0	1.09956	0
metal4	2	80	96.07	218.4	0	0	0	1.09877	0
metal4	3	80	108.455	218.4	0	0	0	1.09862	0
metal4	4	80	109.295	218.4	0	0	0	1.09861	0
metal4	5	80	152.07	218.4	0	0	0	1.09807	0
metal4	6	80	208.07	218.4	0	0	0	1.09744	0
metal4	7	80	264.07	218.4	0	0	0	1.09687	0
metal4	8	80	320.07	218.4	0	0	0	1.09637	0
metal4	9	80	376.07	218.4	0	0	0	1.09595	0
metal4	10	80	432.07	218.4	0	0	0	1.09561	0
metal4	11	80	488.07	218.4	0	0	0	1.09532	0
metal4	12	80	544.07	218.4	0	0	0	1.0952	0
metal4	13	80	600.07	218.4	0	0	0	1.0952	0
metal4	14	80	656.07	218.4	0	0	0	1.09532	0
metal4	15	80	712.07	218.4	0	0	0	1.09557	0
metal4	16	80	768.07	218.4	0	0	0	1.09596	0
metal4	17	80	824.07	218.4	0	0	0	1.09644	0
metal4	18	80	880.07	218.4	0	0	0	1.09703	0
metal4	19	80	936.07	218.4	0	0	0	1.09771	0
metal4	20	80	992.07	218.4	0	0	0	1.09851	0
metal4	21	80	1048.07	218.4	0	0	0	1.09933	0
metal4	22	80	1086.21	218.4	0	0	0	1.09992	0
metal4	0	81	14.095	221.2	0	0	0	1.09992	0
metal4	1	81	40.07	221.2	0	0.00168182	0.00168182	1.09955	0
metal4	2	81	96.07	221.2	0	0	0	1.09877	0
metal4	3	81	108.455	221.2	0	0	0	1.09862	0
metal4	4	81	109.295	221.2	0	0	0	1.09861	0
metal4	5	81	152.07	221.2	0	0.00168182	0.00168182	1.09806	0
metal4	6	81	208.07	221.2	0	0	0	1.09745	0
metal4	7	81	264.07	221.2	0	0	0	1.09688	0
metal4	8	81	320.07	221.2	0	0	0	1.09639	0
metal4	9	81	376.07	221.2	0	0	0	1.09597	0
metal4	10	81	432.07	221.2	0	0	0	1.09564	0
metal4	11	81	488.07	221.2	0	0	0	1.09534	0
metal4	12	81	544.07	221.2	0	0	0	1.09521	0
metal4	13	81	600.07	221.2	0	0	0	1.09521	0
metal4	14	81	656.07	221.2	0	0	0	1.09533	0
metal4	15	81	712.07	221.2	0	0	0	1.09559	0
metal4	16	81	768.07	221.2	0	0	0	1.09597	0
metal4	17	81	824.07	221.2	0	0	0	1.09645	0
metal4	18	81	880.07	221.2	0	0	0	1.09703	0
metal4	19	81	936.07	221.2	0	0	0	1.09771	0
metal4	20	81	992.07	221.2	0	0	0	1.09851	0
metal4	21	81	1048.07	221.2	0	0	0	1.09932	0
metal4	22	81	1086.21	221.2	0	0	0	1.09991	0
metal4	0	82	14.095	224	0	0	0	1.09992	0
metal4	1	82	40.07	224	0	0	0	1.09955	0
metal4	2	82	96.07	224	0	0	0	1.09877	0
metal4	3	82	108.455	224	0	0	0	1.09863	0
metal4	4	82	109.295	224	0	0	0	1.09862	0
metal4	5	82	152.07	224	0	0	0	1.09808	0
metal4	6	82	208.07	224	0	0	0	1.09746	0
metal4	7	82	264.07	224	0	0	0	1.0969	0
metal4	8	82	320.07	224	0	0	0	1.09641	0
metal4	9	82	376.07	224	0	0	0	1.096	0
metal4	10	82	432.07	224	0	0	0	1.09566	0
metal4	11	82	488.07	224	0	0	0	1.09536	0
metal4	12	82	544.07	224	0	0	0	1.09524	0
metal4	13	82	600.07	224	0	0	0	1.09524	0
metal4	14	82	656.07	224	0	0	0	1.09536	0
metal4	15	82	712.07	224	0	0	0	1.09561	0
metal4	16	82	768.07	224	0	0	0	1.09599	0
metal4	17	82	824.07	224	0	0	0	1.09647	0
metal4	18	82	880.07	224	0	0	0	1.09705	0
metal4	19	82	936.07	224	0	0	0	1.09772	0
metal4	20	82	992.07	224	0	0	0	1.09852	0
metal4	21	82	1048.07	224	0	0.00141818	0.00141818	1.09931	0
metal4	22	82	1086.21	224	0	0	0	1.09991	0
metal4	0	83	14.095	226.8	0	0	0	1.09992	0
metal4	1	83	40.07	226.8	0	0	0	1.09956	0
metal4	2	83	96.07	226.8	0	0	0	1.09877	0
metal4	3	83	108.455	226.8	0	0	0	1.09863	0
metal4	4	83	109.295	226.8	0	0	0	1.09862	0
metal4	5	83	152.07	226.8	0	0	0	1.09809	0
metal4	6	83	208.07	226.8	0	0	0	1.09748	0
metal4	7	83	264.07	226.8	0	0	0	1.09692	0
metal4	8	83	320.07	226.8	0	0	0	1.09643	0
metal4	9	83	376.07	226.8	0	0	0	1.09602	0
metal4	10	83	432.07	226.8	0	0	0	1.09569	0
metal4	11	83	488.07	226.8	0	0	0	1.0954	0
metal4	12	83	544.07	226.8	0	0	0	1.09527	0
metal4	13	83	600.07	226.8	0	0	0	1.09527	0
metal4	14	83	656.07	226.8	0	0	0	1.09539	0
metal4	15	83	712.07	226.8	0	0	0	1.09564	0
metal4	16	83	768.07	226.8	0	0	0	1.09602	0
metal4	17	83	824.07	226.8	0	0	0	1.09649	0
metal4	18	83	880.07	226.8	0	0	0	1.09707	0
metal4	19	83	936.07	226.8	0	0	0	1.09774	0
metal4	20	83	992.07	226.8	0	0	0	1.09853	0
metal4	21	83	1048.07	226.8	0	0	0	1.09932	0
metal4	22	83	1086.21	226.8	0	0	0	1.09991	0
metal4	0	84	14.095	229.6	0	0	0	1.09993	0
metal4	1	84	40.07	229.6	0	0	0	1.09957	0
metal4	2	84	96.07	229.6	0	0	0	1.09878	0
metal4	3	84	108.455	229.6	0	0	0	1.09864	0
metal4	4	84	109.295	229.6	0	0	0	1.09863	0
metal4	5	84	152.07	229.6	0	0	0	1.09811	0
metal4	6	84	208.07	229.6	0	0	0	1.0975	0
metal4	7	84	264.07	229.6	0	0	0	1.09694	0
metal4	8	84	320.07	229.6	0	0	0	1.09646	0
metal4	9	84	376.07	229.6	0	0	0	1.09605	0
metal4	10	84	432.07	229.6	0	0	0	1.09573	0
metal4	11	84	488.07	229.6	0	0	0	1.09543	0
metal4	12	84	544.07	229.6	0	0	0	1.09531	0
metal4	13	84	600.07	229.6	0	0	0	1.09531	0
metal4	14	84	656.07	229.6	0	0	0	1.09543	0
metal4	15	84	712.07	229.6	0	0	0	1.09568	0
metal4	16	84	768.07	229.6	0	0	0	1.09605	0
metal4	17	84	824.07	229.6	0	0	0	1.09652	0
metal4	18	84	880.07	229.6	0	0	0	1.09709	0
metal4	19	84	936.07	229.6	0	0	0	1.09776	0
metal4	20	84	992.07	229.6	0	0	0	1.09854	0
metal4	21	84	1048.07	229.6	0	0	0	1.09933	0
metal4	22	84	1086.21	229.6	0	0	0	1.09992	0
metal4	0	85	14.095	232.4	0	0	0	1.09994	0
metal4	1	85	40.07	232.4	0	0	0	1.09958	0
metal4	2	85	96.07	232.4	0	0	0	1.0988	0
metal4	3	85	108.455	232.4	0	0	0	1.09865	0
metal4	4	85	109.295	232.4	0	0	0	1.09864	0
metal4	5	85	152.07	232.4	0	0	0	1.09813	0
metal4	6	85	208.07	232.4	0	0	0	1.09752	0
metal4	7	85	264.07	232.4	0	0	0	1.09697	0
metal4	8	85	320.07	232.4	0	0	0	1.09649	0
metal4	9	85	376.07	232.4	0	0	0	1.09609	0
metal4	10	85	432.07	232.4	0	0	0	1.09576	0
metal4	11	85	488.07	232.4	0	0	0	1.09548	0
metal4	12	85	544.07	232.4	0	0	0	1.09535	0
metal4	13	85	600.07	232.4	0	0	0	1.09535	0
metal4	14	85	656.07	232.4	0	0	0	1.09547	0
metal4	15	85	712.07	232.4	0	0	0	1.09572	0
metal4	16	85	768.07	232.4	0	0	0	1.09609	0
metal4	17	85	824.07	232.4	0	0	0	1.09656	0
metal4	18	85	880.07	232.4	0	0	0	1.09712	0
metal4	19	85	936.07	232.4	0	0	0	1.09778	0
metal4	20	85	992.07	232.4	0	0	0	1.09856	0
metal4	21	85	1048.07	232.4	0	0	0	1.09935	0
metal4	22	85	1086.21	232.4	0	0	0	1.09993	0
metal4	0	86	14.095	235.2	0	0	0	1.09996	0
metal4	1	86	40.07	235.2	0	0	0	1.0996	0
metal4	2	86	96.07	235.2	0	0	0	1.09881	0
metal4	3	86	108.455	235.2	0	0	0	1.09866	0
metal4	4	86	109.295	235.2	0	0	0	1.09865	0
metal4	5	86	152.07	235.2	0	0	0	1.09815	0
metal4	6	86	208.07	235.2	0	0	0	1.09754	0
metal4	7	86	264.07	235.2	0	0	0	1.097	0
metal4	8	86	320.07	235.2	0	0	0	1.09652	0
metal4	9	86	376.07	235.2	0	0	0	1.09612	0
metal4	10	86	432.07	235.2	0	0	0	1.0958	0
metal4	11	86	488.07	235.2	0	0	0	1.09553	0
metal4	12	86	544.07	235.2	0	0	0	1.09541	0
metal4	13	86	600.07	235.2	0	0	0	1.0954	0
metal4	14	86	656.07	235.2	0	0	0	1.09552	0
metal4	15	86	712.07	235.2	0	0	0	1.09577	0
metal4	16	86	768.07	235.2	0	0	0	1.09614	0
metal4	17	86	824.07	235.2	0	0	0	1.0966	0
metal4	18	86	880.07	235.2	0	0	0	1.09716	0
metal4	19	86	936.07	235.2	0	0	0	1.09782	0
metal4	20	86	992.07	235.2	0	0	0	1.09858	0
metal4	21	86	1048.07	235.2	0	0	0	1.09937	0
metal4	22	86	1086.21	235.2	0	0	0	1.09996	0
metal4	0	87	14.095	238	0	0	0	1.09998	0
metal4	1	87	40.07	238	0	0	0	1.09961	0
metal4	2	87	96.07	238	0	0	0	1.09883	0
metal4	3	87	108.455	238	0	0	0	1.09868	0
metal4	4	87	109.295	238	0	0	0	1.09867	0
metal4	5	87	152.07	238	0	0	0	1.09817	0
metal4	6	87	208.07	238	0	0	0	1.09757	0
metal4	7	87	264.07	238	0	0	0	1.09703	0
metal4	8	87	320.07	238	0	0	0	1.09656	0
metal4	9	87	376.07	238	0	0	0	1.09616	0
metal4	10	87	432.07	238	0	0	0	1.09584	0
metal4	11	87	488.07	238	0	0	0	1.09559	0
metal4	12	87	544.07	238	0	0	0	1.09546	0
metal4	13	87	600.07	238	0	0	0	1.09546	0
metal4	14	87	656.07	238	0	0	0	1.09558	0
metal4	15	87	712.07	238	0	0	0	1.09583	0
metal4	16	87	768.07	238	0	0	0	1.09619	0
metal4	17	87	824.07	238	0	0	0	1.09664	0
metal4	18	87	880.07	238	0	0	0	1.0972	0
metal4	19	87	936.07	238	0	0	0	1.09786	0
metal4	20	87	992.07	238	0	0	0	1.0986	0
metal4	21	87	1048.07	238	0	0	0	1.0994	0
metal4	22	87	1086.21	238	0	0	0	1.09998	0
metal4	0	88	14.095	239.6	0	0	0	1.1	0
metal4	1	88	40.07	239.6	0	0	0	1.09962	0
metal4	2	88	96.07	239.6	0	0	0	1.09884	0
metal4	3	88	108.455	239.6	0	0	0	1.09868	0
metal4	4	88	109.295	239.6	0	0	0	1.09867	0
metal4	5	88	152.07	239.6	0	0	0	1.09818	0
metal4	6	88	208.07	239.6	0	0	0	1.09758	0
metal4	7	88	264.07	239.6	0	0	0	1.09705	0
metal4	8	88	320.07	239.6	0	0	0	1.09658	0
metal4	9	88	376.07	239.6	0	0	0	1.09619	0
metal4	10	88	432.07	239.6	0	0	0	1.09587	0
metal4	11	88	488.07	239.6	0	0	0	1.09562	0
metal4	12	88	544.07	239.6	0	0	0	1.0955	0
metal4	13	88	600.07	239.6	0	0	0	1.0955	0
metal4	14	88	656.07	239.6	0	0	0	1.09562	0
metal4	15	88	712.07	239.6	0	0	0	1.09586	0
metal4	16	88	768.07	239.6	0	0	0	1.09622	0
metal4	17	88	824.07	239.6	0	0	0	1.09667	0
metal4	18	88	880.07	239.6	0	0	0	1.09723	0
metal4	19	88	936.07	239.6	0	0	0	1.09788	0
metal4	20	88	992.07	239.6	0	0	0	1.09862	0
metal4	21	88	1048.07	239.6	0	0	0	1.09942	0
metal4	22	88	1086.21	239.6	0	0	0	1.1	0
metal4	0	89	14.095	240.8	0	0	0	1.09999	0
metal4	1	89	40.07	240.8	0	0	0	1.09962	0
metal4	2	89	96.07	240.8	0	0	0	1.09883	0
metal4	3	89	108.455	240.8	0	0	0	1.09868	0
metal4	4	89	109.295	240.8	0	0	0	1.09867	0
metal4	5	89	152.07	240.8	0	0	0	1.09817	0
metal4	6	89	208.07	240.8	0	0	0	1.09758	0
metal4	7	89	264.07	240.8	0	0	0	1.09704	0
metal4	8	89	320.07	240.8	0	0	0	1.09657	0
metal4	9	89	376.07	240.8	0	0	0	1.09618	0
metal4	10	89	432.07	240.8	0	0	0	1.09586	0
metal4	11	89	488.07	240.8	0	0	0	1.09561	0
metal4	12	89	544.07	240.8	0	0	0	1.09549	0
metal4	13	89	600.07	240.8	0	0	0	1.09549	0
metal4	14	89	656.07	240.8	0	0	0	1.09561	0
metal4	15	89	712.07	240.8	0	0	0	1.09585	0
metal4	16	89	768.07	240.8	0	0	0	1.09621	0
metal4	17	89	824.07	240.8	0	0	0	1.09666	0
metal4	18	89	880.07	240.8	0	0	0	1.09722	0
metal4	19	89	936.07	240.8	0	0	0	1.09787	0
metal4	20	89	992.07	240.8	0	0	0	1.09861	0
metal4	21	89	1048.07	240.8	0	0	0	1.09941	0
metal4	22	89	1086.21	240.8	0	0	0	1.09999	0
metal4	0	90	14.095	243.6	0	0	0	1.09996	0
metal4	1	90	40.07	243.6	0	0	0	1.0996	0
metal4	2	90	96.07	243.6	0	0	0	1.09881	0
metal4	3	90	108.455	243.6	0	0	0	1.09866	0
metal4	4	90	109.295	243.6	0	0	0	1.09865	0
metal4	5	90	152.07	243.6	0	0	0	1.09816	0
metal4	6	90	208.07	243.6	0	0	0	1.09756	0
metal4	7	90	264.07	243.6	0	0	0	1.09702	0
metal4	8	90	320.07	243.6	0	0	0	1.09656	0
metal4	9	90	376.07	243.6	0	0	0	1.09617	0
metal4	10	90	432.07	243.6	0	0	0	1.09585	0
metal4	11	90	488.07	243.6	0	0	0	1.09558	0
metal4	12	90	544.07	243.6	0	0	0	1.09546	0
metal4	13	90	600.07	243.6	0	0	0	1.09547	0
metal4	14	90	656.07	243.6	0	0	0	1.09558	0
metal4	15	90	712.07	243.6	0	0	0	1.09583	0
metal4	16	90	768.07	243.6	0	0	0	1.09619	0
metal4	17	90	824.07	243.6	0	0	0	1.09664	0
metal4	18	90	880.07	243.6	0	0	0	1.0972	0
metal4	19	90	936.07	243.6	0	0	0	1.09785	0
metal4	20	90	992.07	243.6	0	0	0	1.0986	0
metal4	21	90	1048.07	243.6	0	0	0	1.09939	0
metal4	22	90	1086.21	243.6	0	0	0	1.09996	0
metal4	0	91	14.095	246.4	0	0	0	1.09994	0
metal4	1	91	40.07	246.4	0	0	0	1.09959	0
metal4	2	91	96.07	246.4	0	0	0	1.0988	0
metal4	3	91	108.455	246.4	0	0	0	1.09865	0
metal4	4	91	109.295	246.4	0	0	0	1.09864	0
metal4	5	91	152.07	246.4	0	0	0	1.09815	0
metal4	6	91	208.07	246.4	0	0	0	1.09754	0
metal4	7	91	264.07	246.4	0	0	0	1.097	0
metal4	8	91	320.07	246.4	0	0	0	1.09654	0
metal4	9	91	376.07	246.4	0	0	0	1.09615	0
metal4	10	91	432.07	246.4	0	0	0	1.09584	0
metal4	11	91	488.07	246.4	0	0	0	1.09556	0
metal4	12	91	544.07	246.4	0	0	0	1.09545	0
metal4	13	91	600.07	246.4	0	0	0	1.09545	0
metal4	14	91	656.07	246.4	0	0	0	1.09557	0
metal4	15	91	712.07	246.4	0	0	0	1.09581	0
metal4	16	91	768.07	246.4	0	0	0	1.09618	0
metal4	17	91	824.07	246.4	0	0	0	1.09663	0
metal4	18	91	880.07	246.4	0	0	0	1.09719	0
metal4	19	91	936.07	246.4	0	0	0	1.09783	0
metal4	20	91	992.07	246.4	0	0	0	1.09859	0
metal4	21	91	1048.07	246.4	0	0	0	1.09938	0
metal4	22	91	1086.21	246.4	0	0	0	1.09994	0
metal4	0	92	14.095	249.2	0	0	0	1.09993	0
metal4	1	92	40.07	249.2	0	0	0	1.09959	0
metal4	2	92	96.07	249.2	0	0	0	1.09879	0
metal4	3	92	108.455	249.2	0	0	0	1.09864	0
metal4	4	92	109.295	249.2	0	0	0	1.09863	0
metal4	5	92	152.07	249.2	0	0	0	1.09814	0
metal4	6	92	208.07	249.2	0	0	0	1.09753	0
metal4	7	92	264.07	249.2	0	0	0	1.09699	0
metal4	8	92	320.07	249.2	0	0	0	1.09653	0
metal4	9	92	376.07	249.2	0	0	0	1.09614	0
metal4	10	92	432.07	249.2	0	0	0	1.09583	0
metal4	11	92	488.07	249.2	0	0	0	1.09555	0
metal4	12	92	544.07	249.2	0	0	0	1.09543	0
metal4	13	92	600.07	249.2	0	0	0	1.09544	0
metal4	14	92	656.07	249.2	0	0	0	1.09556	0
metal4	15	92	712.07	249.2	0	0	0	1.09581	0
metal4	16	92	768.07	249.2	0	0	0	1.09617	0
metal4	17	92	824.07	249.2	0	0	0	1.09662	0
metal4	18	92	880.07	249.2	0	0	0	1.09718	0
metal4	19	92	936.07	249.2	0	0	0	1.09782	0
metal4	20	92	992.07	249.2	0	0	0	1.09858	0
metal4	21	92	1048.07	249.2	0	0	0	1.09937	0
metal4	22	92	1086.21	249.2	0	0	0	1.09992	0
metal4	0	93	14.095	252	0	0	0	1.09992	0
metal4	1	93	40.07	252	0	0	0	1.09958	0
metal4	2	93	96.07	252	0	0	0	1.09878	0
metal4	3	93	108.455	252	0	0	0	1.09863	0
metal4	4	93	109.295	252	0	0	0	1.09862	0
metal4	5	93	152.07	252	0	0	0	1.09813	0
metal4	6	93	208.07	252	0	0	0	1.09752	0
metal4	7	93	264.07	252	0	0	0	1.09698	0
metal4	8	93	320.07	252	0	0	0	1.09652	0
metal4	9	93	376.07	252	0	0	0	1.09614	0
metal4	10	93	432.07	252	0	0	0	1.09583	0
metal4	11	93	488.07	252	0	0	0	1.09555	0
metal4	12	93	544.07	252	0	0	0	1.09543	0
metal4	13	93	600.07	252	0	0	0	1.09544	0
metal4	14	93	656.07	252	0	0	0	1.09556	0
metal4	15	93	712.07	252	0	0	0	1.09581	0
metal4	16	93	768.07	252	0	0	0	1.09617	0
metal4	17	93	824.07	252	0	0	0	1.09662	0
metal4	18	93	880.07	252	0	0	0	1.09718	0
metal4	19	93	936.07	252	0	0	0	1.09782	0
metal4	20	93	992.07	252	0	0	0	1.09858	0
metal4	21	93	1048.07	252	0	0	0	1.09937	0
metal4	22	93	1086.21	252	0	0	0	1.09992	0
metal4	0	94	14.095	254.8	0	0	0	1.09992	0
metal4	1	94	40.07	254.8	0	0	0	1.09958	0
metal4	2	94	96.07	254.8	0	0	0	1.09877	0
metal4	3	94	108.455	254.8	0	0	0	1.09863	0
metal4	4	94	109.295	254.8	0	0	0	1.09862	0
metal4	5	94	152.07	254.8	0	0	0	1.09812	0
metal4	6	94	208.07	254.8	0	0	0	1.09751	0
metal4	7	94	264.07	254.8	0	0	0	1.09698	0
metal4	8	94	320.07	254.8	0	0	0	1.09652	0
metal4	9	94	376.07	254.8	0	0	0	1.09613	0
metal4	10	94	432.07	254.8	0	0	0	1.09583	0
metal4	11	94	488.07	254.8	0	0	0	1.09555	0
metal4	12	94	544.07	254.8	0	0	0	1.09543	0
metal4	13	94	600.07	254.8	0	0	0	1.09544	0
metal4	14	94	656.07	254.8	0	0	0	1.09556	0
metal4	15	94	712.07	254.8	0	0	0	1.09581	0
metal4	16	94	768.07	254.8	0	0	0	1.09618	0
metal4	17	94	824.07	254.8	0	0	0	1.09662	0
metal4	18	94	880.07	254.8	0	0	0	1.09718	0
metal4	19	94	936.07	254.8	0	0	0	1.09782	0
metal4	20	94	992.07	254.8	0	0	0	1.09858	0
metal4	21	94	1048.07	254.8	0	0	0	1.09937	0
metal4	22	94	1086.21	254.8	0	0	0	1.09991	0
metal4	0	95	14.095	257.6	0	0	0	1.09992	0
metal4	1	95	40.07	257.6	0	0	0	1.09958	0
metal4	2	95	96.07	257.6	0	0	0	1.09877	0
metal4	3	95	108.455	257.6	0	0	0	1.09862	0
metal4	4	95	109.295	257.6	0	0	0	1.09861	0
metal4	5	95	152.07	257.6	0	0	0	1.09811	0
metal4	6	95	208.07	257.6	0	0	0	1.09751	0
metal4	7	95	264.07	257.6	0	0	0	1.09697	0
metal4	8	95	320.07	257.6	0	0	0	1.09651	0
metal4	9	95	376.07	257.6	0	0	0	1.09613	0
metal4	10	95	432.07	257.6	0	0	0	1.09583	0
metal4	11	95	488.07	257.6	0	0	0	1.09555	0
metal4	12	95	544.07	257.6	0	0	0	1.09544	0
metal4	13	95	600.07	257.6	0	0	0	1.09545	0
metal4	14	95	656.07	257.6	0	0	0	1.09558	0
metal4	15	95	712.07	257.6	0	0	0	1.09583	0
metal4	16	95	768.07	257.6	0	0	0	1.09619	0
metal4	17	95	824.07	257.6	0	0	0	1.09663	0
metal4	18	95	880.07	257.6	0	0	0	1.09719	0
metal4	19	95	936.07	257.6	0	0	0	1.09783	0
metal4	20	95	992.07	257.6	0	0	0	1.09859	0
metal4	21	95	1048.07	257.6	0	0	0	1.09937	0
metal4	22	95	1086.21	257.6	0	0	0	1.09992	0
metal4	0	96	14.095	260.4	0	0	0	1.09993	0
metal4	1	96	40.07	260.4	0	0	0	1.09958	0
metal4	2	96	96.07	260.4	0	0	0	1.09877	0
metal4	3	96	108.455	260.4	0	0	0	1.09862	0
metal4	4	96	109.295	260.4	0	0	0	1.09861	0
metal4	5	96	152.07	260.4	0	0	0	1.09811	0
metal4	6	96	208.07	260.4	0	0	0	1.0975	0
metal4	7	96	264.07	260.4	0	0	0	1.09697	0
metal4	8	96	320.07	260.4	0	0	0	1.09651	0
metal4	9	96	376.07	260.4	0	0	0	1.09614	0
metal4	10	96	432.07	260.4	0	0	0	1.09583	0
metal4	11	96	488.07	260.4	0	0	0	1.09557	0
metal4	12	96	544.07	260.4	0	0	0	1.09546	0
metal4	13	96	600.07	260.4	0	0	0	1.09547	0
metal4	14	96	656.07	260.4	0	0	0	1.0956	0
metal4	15	96	712.07	260.4	0	0	0	1.09585	0
metal4	16	96	768.07	260.4	0	0	0	1.09621	0
metal4	17	96	824.07	260.4	0	0	0	1.09665	0
metal4	18	96	880.07	260.4	0	0	0	1.09721	0
metal4	19	96	936.07	260.4	0	0	0	1.09785	0
metal4	20	96	992.07	260.4	0	0	0	1.0986	0
metal4	21	96	1048.07	260.4	0	0	0	1.09938	0
metal4	22	96	1086.21	260.4	0	0	0	1.09993	0
metal4	0	97	14.095	263.2	0	0	0	1.09994	0
metal4	1	97	40.07	263.2	0	0	0	1.09959	0
metal4	2	97	96.07	263.2	0	0	0	1.09877	0
metal4	3	97	108.455	263.2	0	0	0	1.09862	0
metal4	4	97	109.295	263.2	0	0	0	1.09861	0
metal4	5	97	152.07	263.2	0	0	0	1.09811	0
metal4	6	97	208.07	263.2	0	0	0	1.0975	0
metal4	7	97	264.07	263.2	0	0	0	1.09697	0
metal4	8	97	320.07	263.2	0	0	0	1.09652	0
metal4	9	97	376.07	263.2	0	0	0	1.09614	0
metal4	10	97	432.07	263.2	0	0	0	1.09584	0
metal4	11	97	488.07	263.2	0	0	0	1.09559	0
metal4	12	97	544.07	263.2	0	0	0	1.09549	0
metal4	13	97	600.07	263.2	0	0	0	1.0955	0
metal4	14	97	656.07	263.2	0	0	0	1.09563	0
metal4	15	97	712.07	263.2	0	0	0	1.09587	0
metal4	16	97	768.07	263.2	0	0	0	1.09624	0
metal4	17	97	824.07	263.2	0	0	0	1.09668	0
metal4	18	97	880.07	263.2	0	0	0	1.09723	0
metal4	19	97	936.07	263.2	0	0	0	1.09787	0
metal4	20	97	992.07	263.2	0	0	0	1.09861	0
metal4	21	97	1048.07	263.2	0	0	0	1.09939	0
metal4	22	97	1086.21	263.2	0	0	0	1.09994	0
metal4	0	98	14.095	266	0	0	0	1.09996	0
metal4	1	98	40.07	266	0	0	0	1.0996	0
metal4	2	98	96.07	266	0	0	0	1.09878	0
metal4	3	98	108.455	266	0	0	0	1.09863	0
metal4	4	98	109.295	266	0	0	0	1.09861	0
metal4	5	98	152.07	266	0	0	0	1.09811	0
metal4	6	98	208.07	266	0	0	0	1.09751	0
metal4	7	98	264.07	266	0	0	0	1.09698	0
metal4	8	98	320.07	266	0	0	0	1.09652	0
metal4	9	98	376.07	266	0	0	0	1.09615	0
metal4	10	98	432.07	266	0	0	0	1.09585	0
metal4	11	98	488.07	266	0	0	0	1.09562	0
metal4	12	98	544.07	266	0	0	0	1.09552	0
metal4	13	98	600.07	266	0	0	0	1.09553	0
metal4	14	98	656.07	266	0	0	0	1.09566	0
metal4	15	98	712.07	266	0	0	0	1.09591	0
metal4	16	98	768.07	266	0	0	0	1.09627	0
metal4	17	98	824.07	266	0	0	0	1.09671	0
metal4	18	98	880.07	266	0	0	0	1.09726	0
metal4	19	98	936.07	266	0	0	0	1.09789	0
metal4	20	98	992.07	266	0	0	0	1.09863	0
metal4	21	98	1048.07	266	0	0	0	1.0994	0
metal4	22	98	1086.21	266	0	0	0	1.09996	0
metal4	0	99	14.095	268.8	0	0	0	1.09999	0
metal4	1	99	40.07	268.8	0	0	0	1.0996	0
metal4	2	99	96.07	268.8	0	0	0	1.09879	0
metal4	3	99	108.455	268.8	0	0	0	1.09863	0
metal4	4	99	109.295	268.8	0	0	0	1.09862	0
metal4	5	99	152.07	268.8	0	0	0	1.09811	0
metal4	6	99	208.07	268.8	0	0	0	1.09751	0
metal4	7	99	264.07	268.8	0	0	0	1.09698	0
metal4	8	99	320.07	268.8	0	0	0	1.09653	0
metal4	9	99	376.07	268.8	0	0	0	1.09616	0
metal4	10	99	432.07	268.8	0	0	0	1.09587	0
metal4	11	99	488.07	268.8	0	0	0	1.09565	0
metal4	12	99	544.07	268.8	0	0	0	1.09556	0
metal4	13	99	600.07	268.8	0	0	0	1.09558	0
metal4	14	99	656.07	268.8	0	0	0	1.0957	0
metal4	15	99	712.07	268.8	0	0	0	1.09595	0
metal4	16	99	768.07	268.8	0	0	0	1.0963	0
metal4	17	99	824.07	268.8	0	0	0	1.09675	0
metal4	18	99	880.07	268.8	0	0	0	1.09729	0
metal4	19	99	936.07	268.8	0	0	0	1.09792	0
metal4	20	99	992.07	268.8	0	0	0	1.09865	0
metal4	21	99	1048.07	268.8	0	0	0	1.09942	0
metal4	22	99	1086.21	268.8	0	0	0	1.09999	0
metal4	0	100	14.095	269.6	0	0	0	1.1	0
metal4	1	100	40.07	269.6	0	0	0	1.09961	0
metal4	2	100	96.07	269.6	0	0	0	1.0988	0
metal4	3	100	108.455	269.6	0	0	0	1.09863	0
metal4	4	100	109.295	269.6	0	0	0	1.09862	0
metal4	5	100	152.07	269.6	0	0	0	1.09811	0
metal4	6	100	208.07	269.6	0	0	0	1.09751	0
metal4	7	100	264.07	269.6	0	0	0	1.09699	0
metal4	8	100	320.07	269.6	0	0	0	1.09654	0
metal4	9	100	376.07	269.6	0	0	0	1.09617	0
metal4	10	100	432.07	269.6	0	0	0	1.09588	0
metal4	11	100	488.07	269.6	0	0	0	1.09567	0
metal4	12	100	544.07	269.6	0	0	0	1.09557	0
metal4	13	100	600.07	269.6	0	0	0	1.09559	0
metal4	14	100	656.07	269.6	0	0	0	1.09572	0
metal4	15	100	712.07	269.6	0	0	0	1.09596	0
metal4	16	100	768.07	269.6	0	0	0	1.09632	0
metal4	17	100	824.07	269.6	0	0	0	1.09676	0
metal4	18	100	880.07	269.6	0	0	0	1.0973	0
metal4	19	100	936.07	269.6	0	0	0	1.09794	0
metal4	20	100	992.07	269.6	0	0	0	1.09866	0
metal4	21	100	1048.07	269.6	0	0	0	1.09943	0
metal4	22	100	1086.21	269.6	0	0	0	1.1	0
metal4	0	101	14.095	271.6	0	0	0	1.09998	0
metal4	1	101	40.07	271.6	0	0	0	1.0996	0
metal4	2	101	96.07	271.6	0	0	0	1.09878	0
metal4	3	101	108.455	271.6	0	0	0	1.09861	0
metal4	4	101	109.295	271.6	0	0	0	1.0986	0
metal4	5	101	152.07	271.6	0	0	0	1.09809	0
metal4	6	101	208.07	271.6	0	0	0	1.09748	0
metal4	7	101	264.07	271.6	0	0	0	1.09696	0
metal4	8	101	320.07	271.6	0	0	0	1.09651	0
metal4	9	101	376.07	271.6	0	0	0	1.09613	0
metal4	10	101	432.07	271.6	0	0	0	1.09585	0
metal4	11	101	488.07	271.6	0	0	0	1.09563	0
metal4	12	101	544.07	271.6	0	0	0	1.09554	0
metal4	13	101	600.07	271.6	0	0	0	1.09556	0
metal4	14	101	656.07	271.6	0	0	0	1.09569	0
metal4	15	101	712.07	271.6	0	0	0	1.09594	0
metal4	16	101	768.07	271.6	0	0	0	1.09629	0
metal4	17	101	824.07	271.6	0	0	0	1.09674	0
metal4	18	101	880.07	271.6	0	0	0	1.09728	0
metal4	19	101	936.07	271.6	0	0	0	1.09792	0
metal4	20	101	992.07	271.6	0	0	0	1.09864	0
metal4	21	101	1048.07	271.6	0	0	0	1.09942	0
metal4	22	101	1086.21	271.6	0	0	0	1.09998	0
metal4	0	102	14.095	274.4	0	0	0	1.09996	0
metal4	1	102	40.07	274.4	0	0	0	1.09959	0
metal4	2	102	96.07	274.4	0	0	0	1.09875	0
metal4	3	102	108.455	274.4	0	0	0	1.09859	0
metal4	4	102	109.295	274.4	0	0	0	1.09858	0
metal4	5	102	152.07	274.4	0	0	0	1.09805	0
metal4	6	102	208.07	274.4	0	0	0	1.09744	0
metal4	7	102	264.07	274.4	0	0	0	1.09691	0
metal4	8	102	320.07	274.4	0	0	0	1.09646	0
metal4	9	102	376.07	274.4	0	0	0	1.09609	0
metal4	10	102	432.07	274.4	0	0	0	1.09581	0
metal4	11	102	488.07	274.4	0	0	0	1.09559	0
metal4	12	102	544.07	274.4	0	0	0	1.0955	0
metal4	13	102	600.07	274.4	0	0	0	1.09553	0
metal4	14	102	656.07	274.4	0	0	0	1.09566	0
metal4	15	102	712.07	274.4	0	0	0	1.09591	0
metal4	16	102	768.07	274.4	0	0	0	1.09627	0
metal4	17	102	824.07	274.4	0	0	0	1.09671	0
metal4	18	102	880.07	274.4	0	0	0	1.09726	0
metal4	19	102	936.07	274.4	0	0	0	1.09789	0
metal4	20	102	992.07	274.4	0	0	0	1.09863	0
metal4	21	102	1048.07	274.4	0	0	0	1.0994	0
metal4	22	102	1086.21	274.4	0	0	0	1.09995	0
metal4	0	103	14.095	277.2	0	0	0	1.09994	0
metal4	1	103	40.07	277.2	0	0	0	1.09958	0
metal4	2	103	96.07	277.2	0	0	0	1.09873	0
metal4	3	103	108.455	277.2	0	0	0	1.09857	0
metal4	4	103	109.295	277.2	0	0	0	1.09856	0
metal4	5	103	152.07	277.2	0	0	0	1.09802	0
metal4	6	103	208.07	277.2	0	0	0	1.09741	0
metal4	7	103	264.07	277.2	0	0	0	1.09688	0
metal4	8	103	320.07	277.2	0	0	0	1.09643	0
metal4	9	103	376.07	277.2	0	0	0	1.09606	0
metal4	10	103	432.07	277.2	0	0	0	1.09577	0
metal4	11	103	488.07	277.2	0	0	0	1.09556	0
metal4	12	103	544.07	277.2	0	0	0	1.09547	0
metal4	13	103	600.07	277.2	0	0	0	1.0955	0
metal4	14	103	656.07	277.2	0	0	0	1.09563	0
metal4	15	103	712.07	277.2	0	0	0	1.09589	0
metal4	16	103	768.07	277.2	0	0	0	1.09625	0
metal4	17	103	824.07	277.2	0	0	0	1.09669	0
metal4	18	103	880.07	277.2	0	0	0	1.09724	0
metal4	19	103	936.07	277.2	0	0	0	1.09787	0
metal4	20	103	992.07	277.2	0	0	0	1.09862	0
metal4	21	103	1048.07	277.2	0	0	0	1.09939	0
metal4	22	103	1086.21	277.2	0	0	0	1.09994	0
metal4	0	104	14.095	280	0	0	0	1.09992	0
metal4	1	104	40.07	280	0	0	0	1.09957	0
metal4	2	104	96.07	280	0	0	0	1.09871	0
metal4	3	104	108.455	280	0	0	0	1.09855	0
metal4	4	104	109.295	280	0	0	0	1.09854	0
metal4	5	104	152.07	280	0	0	0	1.098	0
metal4	6	104	208.07	280	0	0	0	1.09738	0
metal4	7	104	264.07	280	0	0	0	1.09685	0
metal4	8	104	320.07	280	0	0	0	1.0964	0
metal4	9	104	376.07	280	0	0	0	1.09603	0
metal4	10	104	432.07	280	0	0	0	1.09575	0
metal4	11	104	488.07	280	0	0	0	1.09554	0
metal4	12	104	544.07	280	0	0	0	1.09545	0
metal4	13	104	600.07	280	0	0	0	1.09548	0
metal4	14	104	656.07	280	0	0	0	1.09561	0
metal4	15	104	712.07	280	0	0	0	1.09588	0
metal4	16	104	768.07	280	0	0	0	1.09624	0
metal4	17	104	824.07	280	0	0	0	1.09667	0
metal4	18	104	880.07	280	0	0	0	1.09723	0
metal4	19	104	936.07	280	0	0	0	1.09786	0
metal4	20	104	992.07	280	0	0	0	1.09861	0
metal4	21	104	1048.07	280	0	0	0	1.09938	0
metal4	22	104	1086.21	280	0	0	0	1.09992	0
metal4	0	105	14.095	282.8	0	0	0	1.09992	0
metal4	1	105	40.07	282.8	0	0	0	1.09956	0
metal4	2	105	96.07	282.8	0	0	0	1.0987	0
metal4	3	105	108.455	282.8	0	0	0	1.09854	0
metal4	4	105	109.295	282.8	0	0	0	1.09853	0
metal4	5	105	152.07	282.8	0	0	0	1.09798	0
metal4	6	105	208.07	282.8	0	0	0	1.09736	0
metal4	7	105	264.07	282.8	0	0	0	1.09683	0
metal4	8	105	320.07	282.8	0	0	0	1.09638	0
metal4	9	105	376.07	282.8	0	0	0	1.09601	0
metal4	10	105	432.07	282.8	0	0	0	1.09573	0
metal4	11	105	488.07	282.8	0	0	0	1.09552	0
metal4	12	105	544.07	282.8	0	0	0	1.09544	0
metal4	13	105	600.07	282.8	0	0	0	1.09547	0
metal4	14	105	656.07	282.8	0	0	0	1.0956	0
metal4	15	105	712.07	282.8	0	0	0	1.09587	0
metal4	16	105	768.07	282.8	0	0	0	1.09623	0
metal4	17	105	824.07	282.8	0	0	0	1.09667	0
metal4	18	105	880.07	282.8	0	0	0	1.09722	0
metal4	19	105	936.07	282.8	0	0	0	1.09786	0
metal4	20	105	992.07	282.8	0	0	0	1.0986	0
metal4	21	105	1048.07	282.8	0	0	0	1.09937	0
metal4	22	105	1086.21	282.8	0	0	0	1.09992	0
metal4	0	106	14.095	285.6	0	0	0	1.09992	0
metal4	1	106	40.07	285.6	0	0	0	1.09956	0
metal4	2	106	96.07	285.6	0	0	0	1.09869	0
metal4	3	106	108.455	285.6	0	0	0	1.09853	0
metal4	4	106	109.295	285.6	0	0	0	1.09852	0
metal4	5	106	152.07	285.6	0	0	0	1.09796	0
metal4	6	106	208.07	285.6	0	0	0	1.09734	0
metal4	7	106	264.07	285.6	0	0	0	1.09681	0
metal4	8	106	320.07	285.6	0	0	0	1.09636	0
metal4	9	106	376.07	285.6	0	0	0	1.09599	0
metal4	10	106	432.07	285.6	0	0	0	1.09571	0
metal4	11	106	488.07	285.6	0	0	0	1.09551	0
metal4	12	106	544.07	285.6	0	0	0	1.09543	0
metal4	13	106	600.07	285.6	0	0	0	1.09546	0
metal4	14	106	656.07	285.6	0	0	0	1.0956	0
metal4	15	106	712.07	285.6	0	0	0	1.09587	0
metal4	16	106	768.07	285.6	0	0	0	1.09623	0
metal4	17	106	824.07	285.6	0	0	0	1.09667	0
metal4	18	106	880.07	285.6	0	0	0	1.09722	0
metal4	19	106	936.07	285.6	0	0	0	1.09786	0
metal4	20	106	992.07	285.6	0	0	0	1.0986	0
metal4	21	106	1048.07	285.6	0	0	0	1.09937	0
metal4	22	106	1086.21	285.6	0	0	0	1.09992	0
metal4	0	107	14.095	288.4	0	0	0	1.09992	0
metal4	1	107	40.07	288.4	0	0	0	1.09956	0
metal4	2	107	96.07	288.4	0	0	0	1.09869	0
metal4	3	107	108.455	288.4	0	0	0	1.09852	0
metal4	4	107	109.295	288.4	0	0	0	1.09851	0
metal4	5	107	152.07	288.4	0	0	0	1.09796	0
metal4	6	107	208.07	288.4	0	0	0	1.09733	0
metal4	7	107	264.07	288.4	0	0	0	1.0968	0
metal4	8	107	320.07	288.4	0	0	0	1.09635	0
metal4	9	107	376.07	288.4	0	0	0	1.09598	0
metal4	10	107	432.07	288.4	0	0	0	1.09571	0
metal4	11	107	488.07	288.4	0	0	0	1.0955	0
metal4	12	107	544.07	288.4	0	0	0	1.09543	0
metal4	13	107	600.07	288.4	0	0	0	1.09546	0
metal4	14	107	656.07	288.4	0	0	0	1.09561	0
metal4	15	107	712.07	288.4	0	0	0	1.09587	0
metal4	16	107	768.07	288.4	0	0	0	1.09623	0
metal4	17	107	824.07	288.4	0	0	0	1.09667	0
metal4	18	107	880.07	288.4	0	0	0	1.09723	0
metal4	19	107	936.07	288.4	0	0	0	1.09786	0
metal4	20	107	992.07	288.4	0	0	0	1.09861	0
metal4	21	107	1048.07	288.4	0	0	0	1.09938	0
metal4	22	107	1086.21	288.4	0	0	0	1.09992	0
metal4	0	108	14.095	291.2	0	0	0	1.09993	0
metal4	1	108	40.07	291.2	0	0	0	1.09956	0
metal4	2	108	96.07	291.2	0	0	0	1.09869	0
metal4	3	108	108.455	291.2	0	0	0	1.09852	0
metal4	4	108	109.295	291.2	0	0	0	1.09851	0
metal4	5	108	152.07	291.2	0	0	0	1.09795	0
metal4	6	108	208.07	291.2	0	0	0	1.09733	0
metal4	7	108	264.07	291.2	0	0	0	1.09679	0
metal4	8	108	320.07	291.2	0	0	0	1.09634	0
metal4	9	108	376.07	291.2	0	0	0	1.09598	0
metal4	10	108	432.07	291.2	0	0	0	1.0957	0
metal4	11	108	488.07	291.2	0	0	0	1.09551	0
metal4	12	108	544.07	291.2	0	0	0	1.09543	0
metal4	13	108	600.07	291.2	0	0	0	1.09547	0
metal4	14	108	656.07	291.2	0	0	0	1.09562	0
metal4	15	108	712.07	291.2	0	0	0	1.09589	0
metal4	16	108	768.07	291.2	0	0	0	1.09625	0
metal4	17	108	824.07	291.2	0	0	0	1.09669	0
metal4	18	108	880.07	291.2	0	0	0	1.09724	0
metal4	19	108	936.07	291.2	0	0	0	1.09787	0
metal4	20	108	992.07	291.2	0	0	0	1.09861	0
metal4	21	108	1048.07	291.2	0	0	0	1.09939	0
metal4	22	108	1086.21	291.2	0	0	0	1.09993	0
metal4	0	109	14.095	294	0	0	0	1.09995	0
metal4	1	109	40.07	294	0	0	0	1.09956	0
metal4	2	109	96.07	294	0	0	0	1.09869	0
metal4	3	109	108.455	294	0	0	0	1.09852	0
metal4	4	109	109.295	294	0	0	0	1.09851	0
metal4	5	109	152.07	294	0	0	0	1.09796	0
metal4	6	109	208.07	294	0	0	0	1.09733	0
metal4	7	109	264.07	294	0	0	0	1.0968	0
metal4	8	109	320.07	294	0	0	0	1.09634	0
metal4	9	109	376.07	294	0	0	0	1.09598	0
metal4	10	109	432.07	294	0	0	0	1.09571	0
metal4	11	109	488.07	294	0	0	0	1.09552	0
metal4	12	109	544.07	294	0	0	0	1.09545	0
metal4	13	109	600.07	294	0	0	0	1.09549	0
metal4	14	109	656.07	294	0	0	0	1.09564	0
metal4	15	109	712.07	294	0	0	0	1.0959	0
metal4	16	109	768.07	294	0	0	0	1.09626	0
metal4	17	109	824.07	294	0	0	0	1.09671	0
metal4	18	109	880.07	294	0	0	0	1.09726	0
metal4	19	109	936.07	294	0	0	0	1.09789	0
metal4	20	109	992.07	294	0	0	0	1.09863	0
metal4	21	109	1048.07	294	0	0	0	1.0994	0
metal4	22	109	1086.21	294	0	0	0	1.09995	0
metal4	0	110	14.095	296.8	0	0	0	1.09997	0
metal4	1	110	40.07	296.8	0	0	0	1.09957	0
metal4	2	110	96.07	296.8	0	0	0	1.0987	0
metal4	3	110	108.455	296.8	0	0	0	1.09853	0
metal4	4	110	109.295	296.8	0	0	0	1.09851	0
metal4	5	110	152.07	296.8	0	0	0	1.09797	0
metal4	6	110	208.07	296.8	0	0	0	1.09734	0
metal4	7	110	264.07	296.8	0	0	0	1.0968	0
metal4	8	110	320.07	296.8	0	0	0	1.09635	0
metal4	9	110	376.07	296.8	0	0	0	1.09599	0
metal4	10	110	432.07	296.8	0	0	0	1.09572	0
metal4	11	110	488.07	296.8	0	0	0	1.09554	0
metal4	12	110	544.07	296.8	0	0	0	1.09547	0
metal4	13	110	600.07	296.8	0	0	0	1.09551	0
metal4	14	110	656.07	296.8	0	0	0	1.09566	0
metal4	15	110	712.07	296.8	0	0	0	1.09593	0
metal4	16	110	768.07	296.8	0	0	0	1.09629	0
metal4	17	110	824.07	296.8	0	0	0	1.09673	0
metal4	18	110	880.07	296.8	0	0	0	1.09728	0
metal4	19	110	936.07	296.8	0	0	0	1.09791	0
metal4	20	110	992.07	296.8	0	0	0	1.09864	0
metal4	21	110	1048.07	296.8	0	0	0	1.09941	0
metal4	22	110	1086.21	296.8	0	0	0	1.09997	0
metal4	0	111	14.095	299.6	0	0	0	1.1	0
metal4	1	111	40.07	299.6	0	0	0	1.09958	0
metal4	2	111	96.07	299.6	0	0	0	1.09871	0
metal4	3	111	108.455	299.6	0	0	0	1.09853	0
metal4	4	111	109.295	299.6	0	0	0	1.09852	0
metal4	5	111	152.07	299.6	0	0	0	1.09798	0
metal4	6	111	208.07	299.6	0	0	0	1.09736	0
metal4	7	111	264.07	299.6	0	0	0	1.09682	0
metal4	8	111	320.07	299.6	0	0	0	1.09637	0
metal4	9	111	376.07	299.6	0	0	0	1.096	0
metal4	10	111	432.07	299.6	0	0	0	1.09574	0
metal4	11	111	488.07	299.6	0	0	0	1.09556	0
metal4	12	111	544.07	299.6	0	0	0	1.0955	0
metal4	13	111	600.07	299.6	0	0	0	1.09554	0
metal4	14	111	656.07	299.6	0	0	0	1.0957	0
metal4	15	111	712.07	299.6	0	0	0	1.09596	0
metal4	16	111	768.07	299.6	0	0	0	1.09632	0
metal4	17	111	824.07	299.6	0	0	0	1.09677	0
metal4	18	111	880.07	299.6	0	0	0	1.09731	0
metal4	19	111	936.07	299.6	0	0	0	1.09794	0
metal4	20	111	992.07	299.6	0	0	0	1.09866	0
metal4	21	111	1048.07	299.6	0	0	0	1.09943	0
metal4	22	111	1086.21	299.6	0	0	0	1.1	0
metal4	0	112	14.095	302.4	0	0	0	1.09997	0
metal4	1	112	40.07	302.4	0	0.00141818	0.00141818	1.09955	0
metal4	2	112	96.07	302.4	0	0	0	1.09868	0
metal4	3	112	108.455	302.4	0	0	0	1.0985	0
metal4	4	112	109.295	302.4	0	0	0	1.09849	0
metal4	5	112	152.07	302.4	0	0	0	1.09794	0
metal4	6	112	208.07	302.4	0	0	0	1.09731	0
metal4	7	112	264.07	302.4	0	0	0	1.09676	0
metal4	8	112	320.07	302.4	0	0	0	1.09631	0
metal4	9	112	376.07	302.4	0	0	0	1.09595	0
metal4	10	112	432.07	302.4	0	0	0	1.09568	0
metal4	11	112	488.07	302.4	0	0	0	1.0955	0
metal4	12	112	544.07	302.4	0	0	0	1.09544	0
metal4	13	112	600.07	302.4	0	0	0	1.09549	0
metal4	14	112	656.07	302.4	0	0	0	1.09565	0
metal4	15	112	712.07	302.4	0	0	0	1.09593	0
metal4	16	112	768.07	302.4	0	0	0	1.09628	0
metal4	17	112	824.07	302.4	0	0	0	1.09673	0
metal4	18	112	880.07	302.4	0	0	0	1.09728	0
metal4	19	112	936.07	302.4	0	0	0	1.09791	0
metal4	20	112	992.07	302.4	0	0	0	1.09864	0
metal4	21	112	1048.07	302.4	0	0	0	1.0994	0
metal4	22	112	1086.21	302.4	0	0	0	1.09997	0
metal4	0	113	14.095	305.2	0	0	0	1.09995	0
metal4	1	113	40.07	305.2	0	0	0	1.09954	0
metal4	2	113	96.07	305.2	0	0	0	1.09865	0
metal4	3	113	108.455	305.2	0	0	0	1.09848	0
metal4	4	113	109.295	305.2	0	0	0	1.09846	0
metal4	5	113	152.07	305.2	0	0	0	1.0979	0
metal4	6	113	208.07	305.2	0	0	0	1.09726	0
metal4	7	113	264.07	305.2	0	0	0	1.09672	0
metal4	8	113	320.07	305.2	0	0	0	1.09626	0
metal4	9	113	376.07	305.2	0	0	0	1.0959	0
metal4	10	113	432.07	305.2	0	0	0	1.09563	0
metal4	11	113	488.07	305.2	0	0	0	1.09545	0
metal4	12	113	544.07	305.2	0	0	0	1.09539	0
metal4	13	113	600.07	305.2	0	0	0	1.09545	0
metal4	14	113	656.07	305.2	0	0	0	1.09562	0
metal4	15	113	712.07	305.2	0	0	0	1.0959	0
metal4	16	113	768.07	305.2	0	0	0	1.09625	0
metal4	17	113	824.07	305.2	0	0	0	1.09669	0
metal4	18	113	880.07	305.2	0	0	0	1.09725	0
metal4	19	113	936.07	305.2	0	0	0	1.09789	0
metal4	20	113	992.07	305.2	0	0	0	1.09862	0
metal4	21	113	1048.07	305.2	0	0	0	1.09938	0
metal4	22	113	1086.21	305.2	0	0	0	1.09995	0
metal4	0	114	14.095	308	0	0	0	1.09993	0
metal4	1	114	40.07	308	0	0	0	1.09953	0
metal4	2	114	96.07	308	0	0	0	1.09863	0
metal4	3	114	108.455	308	0	0	0	1.09845	0
metal4	4	114	109.295	308	0	0	0	1.09844	0
metal4	5	114	152.07	308	0	0	0	1.09787	0
metal4	6	114	208.07	308	0	0	0	1.09722	0
metal4	7	114	264.07	308	0	0	0	1.09668	0
metal4	8	114	320.07	308	0	0	0	1.09622	0
metal4	9	114	376.07	308	0	0	0	1.09586	0
metal4	10	114	432.07	308	0	0	0	1.09559	0
metal4	11	114	488.07	308	0	0	0	1.09541	0
metal4	12	114	544.07	308	0	0	0	1.09535	0
metal4	13	114	600.07	308	0	0	0	1.09541	0
metal4	14	114	656.07	308	0	0	0	1.09559	0
metal4	15	114	712.07	308	0	0	0	1.09587	0
metal4	16	114	768.07	308	0	0	0	1.09622	0
metal4	17	114	824.07	308	0	0	0	1.09667	0
metal4	18	114	880.07	308	0	0	0	1.09723	0
metal4	19	114	936.07	308	0	0	0	1.09787	0
metal4	20	114	992.07	308	0	0	0	1.09861	0
metal4	21	114	1048.07	308	0	0.00141818	0.00141818	1.09936	0
metal4	22	114	1086.21	308	0	0	0	1.09993	0
metal4	0	115	14.095	310.8	0	0	0	1.09992	0
metal4	1	115	40.07	310.8	0	0	0	1.09952	0
metal4	2	115	96.07	310.8	0	0	0	1.09861	0
metal4	3	115	108.455	310.8	0	0	0	1.09844	0
metal4	4	115	109.295	310.8	0	0	0	1.09842	0
metal4	5	115	152.07	310.8	0	0	0	1.09784	0
metal4	6	115	208.07	310.8	0	0	0	1.09719	0
metal4	7	115	264.07	310.8	0	0	0	1.09664	0
metal4	8	115	320.07	310.8	0	0	0	1.09618	0
metal4	9	115	376.07	310.8	0	0	0	1.09582	0
metal4	10	115	432.07	310.8	0	0	0	1.09556	0
metal4	11	115	488.07	310.8	0	0	0	1.09537	0
metal4	12	115	544.07	310.8	0	0	0	1.09532	0
metal4	13	115	600.07	310.8	0	0	0	1.09538	0
metal4	14	115	656.07	310.8	0	0	0	1.09557	0
metal4	15	115	712.07	310.8	0	0	0	1.09586	0
metal4	16	115	768.07	310.8	0	0	0	1.0962	0
metal4	17	115	824.07	310.8	0	0	0	1.09665	0
metal4	18	115	880.07	310.8	0	0	0	1.09721	0
metal4	19	115	936.07	310.8	0	0	0	1.09785	0
metal4	20	115	992.07	310.8	0	0	0	1.0986	0
metal4	21	115	1048.07	310.8	0	0	0	1.09935	0
metal4	22	115	1086.21	310.8	0	0	0	1.09992	0
metal4	0	116	14.095	313.6	0	0	0	1.09991	0
metal4	1	116	40.07	313.6	0	0	0	1.09952	0
metal4	2	116	96.07	313.6	0	0	0	1.0986	0
metal4	3	116	108.455	313.6	0	0	0	1.09842	0
metal4	4	116	109.295	313.6	0	0	0	1.09841	0
metal4	5	116	152.07	313.6	0	0	0	1.09782	0
metal4	6	116	208.07	313.6	0	0	0	1.09717	0
metal4	7	116	264.07	313.6	0	0	0	1.09661	0
metal4	8	116	320.07	313.6	0	0	0	1.09615	0
metal4	9	116	376.07	313.6	0	0	0	1.09579	0
metal4	10	116	432.07	313.6	0	0	0	1.09553	0
metal4	11	116	488.07	313.6	0	0	0	1.09534	0
metal4	12	116	544.07	313.6	0	0	0	1.09529	0
metal4	13	116	600.07	313.6	0	0	0	1.09535	0
metal4	14	116	656.07	313.6	0	0	0	1.09555	0
metal4	15	116	712.07	313.6	0	0	0	1.09584	0
metal4	16	116	768.07	313.6	0	0	0	1.09619	0
metal4	17	116	824.07	313.6	0	0	0	1.09663	0
metal4	18	116	880.07	313.6	0	0	0	1.0972	0
metal4	19	116	936.07	313.6	0	0	0	1.09784	0
metal4	20	116	992.07	313.6	0	0	0	1.0986	0
metal4	21	116	1048.07	313.6	0	0	0	1.09935	0
metal4	22	116	1086.21	313.6	0	0	0	1.09991	0
metal4	0	117	14.095	316.4	0	0	0	1.09991	0
metal4	1	117	40.07	316.4	0	0	0	1.09952	0
metal4	2	117	96.07	316.4	0	0	0	1.09859	0
metal4	3	117	108.455	316.4	0	0	0	1.09841	0
metal4	4	117	109.295	316.4	0	0	0	1.09839	0
metal4	5	117	152.07	316.4	0	0	0	1.0978	0
metal4	6	117	208.07	316.4	0	0	0	1.09715	0
metal4	7	117	264.07	316.4	0	0	0	1.09659	0
metal4	8	117	320.07	316.4	0	0	0	1.09613	0
metal4	9	117	376.07	316.4	0	0	0	1.09577	0
metal4	10	117	432.07	316.4	0	0	0	1.0955	0
metal4	11	117	488.07	316.4	0	0	0	1.09532	0
metal4	12	117	544.07	316.4	0	0	0	1.09527	0
metal4	13	117	600.07	316.4	0	0	0	1.09534	0
metal4	14	117	656.07	316.4	0	0	0	1.09554	0
metal4	15	117	712.07	316.4	0	0	0	1.09584	0
metal4	16	117	768.07	316.4	0	0	0	1.09618	0
metal4	17	117	824.07	316.4	0	0	0	1.09663	0
metal4	18	117	880.07	316.4	0	0	0	1.09719	0
metal4	19	117	936.07	316.4	0	0	0	1.09784	0
metal4	20	117	992.07	316.4	0	0	0	1.0986	0
metal4	21	117	1048.07	316.4	0	0	0	1.09936	0
metal4	22	117	1086.21	316.4	0	0	0	1.09991	0
metal4	0	118	14.095	319.2	0	0	0	1.09992	0
metal4	1	118	40.07	319.2	0	0	0	1.09952	0
metal4	2	118	96.07	319.2	0	0	0	1.09858	0
metal4	3	118	108.455	319.2	0	0	0	1.0984	0
metal4	4	118	109.295	319.2	0	0	0	1.09839	0
metal4	5	118	152.07	319.2	0	0	0	1.09779	0
metal4	6	118	208.07	319.2	0	0	0	1.09714	0
metal4	7	118	264.07	319.2	0	0	0	1.09658	0
metal4	8	118	320.07	319.2	0	0	0	1.09611	0
metal4	9	118	376.07	319.2	0	0	0	1.09575	0
metal4	10	118	432.07	319.2	0	0	0	1.09549	0
metal4	11	118	488.07	319.2	0	0	0	1.09531	0
metal4	12	118	544.07	319.2	0	0	0	1.09526	0
metal4	13	118	600.07	319.2	0	0	0	1.09533	0
metal4	14	118	656.07	319.2	0	0	0	1.09553	0
metal4	15	118	712.07	319.2	0	0	0	1.09584	0
metal4	16	118	768.07	319.2	0	0	0	1.09617	0
metal4	17	118	824.07	319.2	0	0	0	1.09663	0
metal4	18	118	880.07	319.2	0	0	0	1.0972	0
metal4	19	118	936.07	319.2	0	0	0	1.09785	0
metal4	20	118	992.07	319.2	0	0	0	1.0986	0
metal4	21	118	1048.07	319.2	0	0	0	1.09936	0
metal4	22	118	1086.21	319.2	0	0	0	1.09992	0
metal4	0	119	14.095	322	0	0	0	1.09993	0
metal4	1	119	40.07	322	0	0	0	1.09952	0
metal4	2	119	96.07	322	0	0	0	1.09858	0
metal4	3	119	108.455	322	0	0	0	1.09839	0
metal4	4	119	109.295	322	0	0	0	1.09838	0
metal4	5	119	152.07	322	0	0	0	1.09779	0
metal4	6	119	208.07	322	0	0	0	1.09713	0
metal4	7	119	264.07	322	0	0	0	1.09657	0
metal4	8	119	320.07	322	0	0	0	1.0961	0
metal4	9	119	376.07	322	0	0	0	1.09574	0
metal4	10	119	432.07	322	0	0	0	1.09547	0
metal4	11	119	488.07	322	0	0	0	1.0953	0
metal4	12	119	544.07	322	0	0	0	1.09526	0
metal4	13	119	600.07	322	0	0	0	1.09533	0
metal4	14	119	656.07	322	0	0	0	1.09553	0
metal4	15	119	712.07	322	0	0	0	1.09584	0
metal4	16	119	768.07	322	0	0	0	1.09618	0
metal4	17	119	824.07	322	0	0	0	1.09663	0
metal4	18	119	880.07	322	0	0	0	1.0972	0
metal4	19	119	936.07	322	0	0	0	1.09786	0
metal4	20	119	992.07	322	0	0	0	1.09861	0
metal4	21	119	1048.07	322	0	0	0	1.09938	0
metal4	22	119	1086.21	322	0	0	0	1.09993	0
metal4	0	120	14.095	324.8	0	0	0	1.09995	0
metal4	1	120	40.07	324.8	0	0	0	1.09953	0
metal4	2	120	96.07	324.8	0	0	0	1.09858	0
metal4	3	120	108.455	324.8	0	0	0	1.09839	0
metal4	4	120	109.295	324.8	0	0	0	1.09838	0
metal4	5	120	152.07	324.8	0	0	0	1.09779	0
metal4	6	120	208.07	324.8	0	0	0	1.09713	0
metal4	7	120	264.07	324.8	0	0	0	1.09656	0
metal4	8	120	320.07	324.8	0	0	0	1.0961	0
metal4	9	120	376.07	324.8	0	0	0	1.09573	0
metal4	10	120	432.07	324.8	0	0	0	1.09547	0
metal4	11	120	488.07	324.8	0	0	0	1.0953	0
metal4	12	120	544.07	324.8	0	0	0	1.09526	0
metal4	13	120	600.07	324.8	0	0	0	1.09533	0
metal4	14	120	656.07	324.8	0	0	0	1.09553	0
metal4	15	120	712.07	324.8	0	0	0	1.09584	0
metal4	16	120	768.07	324.8	0	0	0	1.09619	0
metal4	17	120	824.07	324.8	0	0	0	1.09665	0
metal4	18	120	880.07	324.8	0	0	0	1.09722	0
metal4	19	120	936.07	324.8	0	0	0	1.09787	0
metal4	20	120	992.07	324.8	0	0	0	1.09862	0
metal4	21	120	1048.07	324.8	0	0	0	1.09939	0
metal4	22	120	1086.21	324.8	0	0	0	1.09995	0
metal4	0	121	14.095	327.6	0	0	0	1.09998	0
metal4	1	121	40.07	327.6	0	0	0	1.09953	0
metal4	2	121	96.07	327.6	0	0	0	1.09859	0
metal4	3	121	108.455	327.6	0	0	0	1.0984	0
metal4	4	121	109.295	327.6	0	0	0	1.09838	0
metal4	5	121	152.07	327.6	0	0	0	1.0978	0
metal4	6	121	208.07	327.6	0	0	0	1.09713	0
metal4	7	121	264.07	327.6	0	0	0	1.09657	0
metal4	8	121	320.07	327.6	0	0	0	1.0961	0
metal4	9	121	376.07	327.6	0	0	0	1.09573	0
metal4	10	121	432.07	327.6	0	0	0	1.09547	0
metal4	11	121	488.07	327.6	0	0	0	1.09531	0
metal4	12	121	544.07	327.6	0	0	0	1.09527	0
metal4	13	121	600.07	327.6	0	0	0	1.09534	0
metal4	14	121	656.07	327.6	0	0	0	1.09554	0
metal4	15	121	712.07	327.6	0	0	0	1.09584	0
metal4	16	121	768.07	327.6	0	0	0	1.0962	0
metal4	17	121	824.07	327.6	0	0	0	1.09667	0
metal4	18	121	880.07	327.6	0	0	0	1.09724	0
metal4	19	121	936.07	327.6	0	0	0	1.09789	0
metal4	20	121	992.07	327.6	0	0	0	1.09863	0
metal4	21	121	1048.07	327.6	0	0	0	1.09941	0
metal4	22	121	1086.21	327.6	0	0	0	1.09998	0
metal4	0	122	14.095	329.6	0	0	0	1.1	0
metal4	1	122	40.07	329.6	0	0	0	1.09954	0
metal4	2	122	96.07	329.6	0	0	0	1.09859	0
metal4	3	122	108.455	329.6	0	0	0	1.0984	0
metal4	4	122	109.295	329.6	0	0	0	1.09839	0
metal4	5	122	152.07	329.6	0	0	0	1.09781	0
metal4	6	122	208.07	329.6	0	0	0	1.09714	0
metal4	7	122	264.07	329.6	0	0	0	1.09657	0
metal4	8	122	320.07	329.6	0	0	0	1.0961	0
metal4	9	122	376.07	329.6	0	0	0	1.09574	0
metal4	10	122	432.07	329.6	0	0	0	1.09548	0
metal4	11	122	488.07	329.6	0	0	0	1.09532	0
metal4	12	122	544.07	329.6	0	0	0	1.09528	0
metal4	13	122	600.07	329.6	0	0	0	1.09536	0
metal4	14	122	656.07	329.6	0	0	0	1.09555	0
metal4	15	122	712.07	329.6	0	0	0	1.09585	0
metal4	16	122	768.07	329.6	0	0	0	1.09622	0
metal4	17	122	824.07	329.6	0	0	0	1.09669	0
metal4	18	122	880.07	329.6	0	0	0	1.09725	0
metal4	19	122	936.07	329.6	0	0	0	1.09791	0
metal4	20	122	992.07	329.6	0	0	0	1.09864	0
metal4	21	122	1048.07	329.6	0	0	0	1.09942	0
metal4	22	122	1086.21	329.6	0	0	0	1.1	0
metal4	0	123	14.095	330.4	0	0	0	1.09999	0
metal4	1	123	40.07	330.4	0	0	0	1.09953	0
metal4	2	123	96.07	330.4	0	0	0	1.09858	0
metal4	3	123	108.455	330.4	0	0	0	1.09839	0
metal4	4	123	109.295	330.4	0	0	0	1.09837	0
metal4	5	123	152.07	330.4	0	0	0	1.09779	0
metal4	6	123	208.07	330.4	0	0	0	1.09712	0
metal4	7	123	264.07	330.4	0	0	0	1.09655	0
metal4	8	123	320.07	330.4	0	0	0	1.09608	0
metal4	9	123	376.07	330.4	0	0	0	1.09572	0
metal4	10	123	432.07	330.4	0	0	0	1.09545	0
metal4	11	123	488.07	330.4	0	0	0	1.09529	0
metal4	12	123	544.07	330.4	0	0	0	1.09526	0
metal4	13	123	600.07	330.4	0	0	0	1.09534	0
metal4	14	123	656.07	330.4	0	0	0	1.09553	0
metal4	15	123	712.07	330.4	0	0	0	1.09583	0
metal4	16	123	768.07	330.4	0	0	0	1.0962	0
metal4	17	123	824.07	330.4	0	0	0	1.09667	0
metal4	18	123	880.07	330.4	0	0	0	1.09724	0
metal4	19	123	936.07	330.4	0	0	0	1.0979	0
metal4	20	123	992.07	330.4	0	0	0	1.09864	0
metal4	21	123	1048.07	330.4	0	0	0	1.09942	0
metal4	22	123	1086.21	330.4	0	0	0	1.09999	0
metal4	0	124	14.095	333.2	0	0	0	1.09995	0
metal4	1	124	40.07	333.2	0	0	0	1.09951	0
metal4	2	124	96.07	333.2	0	0	0	1.09853	0
metal4	3	124	108.455	333.2	0	0	0	1.09835	0
metal4	4	124	109.295	333.2	0	0	0	1.09833	0
metal4	5	124	152.07	333.2	0	0	0	1.09774	0
metal4	6	124	208.07	333.2	0	0	0	1.09706	0
metal4	7	124	264.07	333.2	0	0	0	1.09649	0
metal4	8	124	320.07	333.2	0	0	0	1.09601	0
metal4	9	124	376.07	333.2	0	0	0	1.09565	0
metal4	10	124	432.07	333.2	0	0	0	1.09539	0
metal4	11	124	488.07	333.2	0	0	0	1.09522	0
metal4	12	124	544.07	333.2	0	0	0	1.09519	0
metal4	13	124	600.07	333.2	0	0	0	1.09527	0
metal4	14	124	656.07	333.2	0	0	0	1.09547	0
metal4	15	124	712.07	333.2	0	0	0	1.09578	0
metal4	16	124	768.07	333.2	0	0	0	1.09615	0
metal4	17	124	824.07	333.2	0	0	0	1.09662	0
metal4	18	124	880.07	333.2	0	0	0	1.09721	0
metal4	19	124	936.07	333.2	0	0	0	1.09788	0
metal4	20	124	992.07	333.2	0	0	0	1.09862	0
metal4	21	124	1048.07	333.2	0	0	0	1.09939	0
metal4	22	124	1086.21	333.2	0	0	0	1.09996	0
metal4	0	125	14.095	336	0	0	0	1.09992	0
metal4	1	125	40.07	336	0	0	0	1.09948	0
metal4	2	125	96.07	336	0	0	0	1.0985	0
metal4	3	125	108.455	336	0	0	0	1.09831	0
metal4	4	125	109.295	336	0	0	0	1.0983	0
metal4	5	125	152.07	336	0	0	0	1.09769	0
metal4	6	125	208.07	336	0	0	0	1.09701	0
metal4	7	125	264.07	336	0	0	0	1.09643	0
metal4	8	125	320.07	336	0	0	0	1.09595	0
metal4	9	125	376.07	336	0	0	0	1.09558	0
metal4	10	125	432.07	336	0	0	0	1.09532	0
metal4	11	125	488.07	336	0	0	0	1.09516	0
metal4	12	125	544.07	336	0	0	0	1.09512	0
metal4	13	125	600.07	336	0	0	0	1.09521	0
metal4	14	125	656.07	336	0	0	0	1.09542	0
metal4	15	125	712.07	336	0	0	0	1.09574	0
metal4	16	125	768.07	336	0	0	0	1.09611	0
metal4	17	125	824.07	336	0	0	0	1.09658	0
metal4	18	125	880.07	336	0	0	0	1.09717	0
metal4	19	125	936.07	336	0	0	0	1.09786	0
metal4	20	125	992.07	336	0	0	0	1.09861	0
metal4	21	125	1048.07	336	0	0	0	1.09937	0
metal4	22	125	1086.21	336	0	0	0	1.09994	0
metal4	0	126	14.095	338.8	0	0	0	1.0999	0
metal4	1	126	40.07	338.8	0	0	0	1.09947	0
metal4	2	126	96.07	338.8	0	0	0	1.09846	0
metal4	3	126	108.455	338.8	0	0	0	1.09828	0
metal4	4	126	109.295	338.8	0	0	0	1.09827	0
metal4	5	126	152.07	338.8	0	0	0	1.09765	0
metal4	6	126	208.07	338.8	0	0	0	1.09696	0
metal4	7	126	264.07	338.8	0	0	0	1.09637	0
metal4	8	126	320.07	338.8	0	0	0	1.0959	0
metal4	9	126	376.07	338.8	0	0	0	1.09553	0
metal4	10	126	432.07	338.8	0	0	0	1.09527	0
metal4	11	126	488.07	338.8	0	0	0	1.0951	0
metal4	12	126	544.07	338.8	0	0	0	1.09507	0
metal4	13	126	600.07	338.8	0	0	0	1.09516	0
metal4	14	126	656.07	338.8	0	0	0	1.09537	0
metal4	15	126	712.07	338.8	0	0	0	1.0957	0
metal4	16	126	768.07	338.8	0	0	0	1.09607	0
metal4	17	126	824.07	338.8	0	0	0	1.09655	0
metal4	18	126	880.07	338.8	0	0	0	1.09715	0
metal4	19	126	936.07	338.8	0	0	0	1.09785	0
metal4	20	126	992.07	338.8	0	0	0	1.0986	0
metal4	21	126	1048.07	338.8	0	0	0	1.09936	0
metal4	22	126	1086.21	338.8	0	0	0	1.09992	0
metal4	0	127	14.095	341.6	0	0	0	1.09989	0
metal4	1	127	40.07	341.6	0	0	0	1.09945	0
metal4	2	127	96.07	341.6	0	0	0	1.09844	0
metal4	3	127	108.455	341.6	0	0	0	1.09826	0
metal4	4	127	109.295	341.6	0	0	0	1.09824	0
metal4	5	127	152.07	341.6	0	0	0	1.09761	0
metal4	6	127	208.07	341.6	0	0	0	1.09692	0
metal4	7	127	264.07	341.6	0	0	0	1.09633	0
metal4	8	127	320.07	341.6	0	0	0	1.09585	0
metal4	9	127	376.07	341.6	0	0	0	1.09548	0
metal4	10	127	432.07	341.6	0	0	0	1.09521	0
metal4	11	127	488.07	341.6	0	0	0	1.09505	0
metal4	12	127	544.07	341.6	0	0	0	1.09502	0
metal4	13	127	600.07	341.6	0	0	0	1.09511	0
metal4	14	127	656.07	341.6	0	0	0	1.09533	0
metal4	15	127	712.07	341.6	0	0	0	1.09566	0
metal4	16	127	768.07	341.6	0	0	0	1.09604	0
metal4	17	127	824.07	341.6	0	0	0	1.09653	0
metal4	18	127	880.07	341.6	0	0	0	1.09713	0
metal4	19	127	936.07	341.6	0	0	0	1.09784	0
metal4	20	127	992.07	341.6	0	0	0	1.09859	0
metal4	21	127	1048.07	341.6	0	0	0	1.09935	0
metal4	22	127	1086.21	341.6	0	0	0	1.09991	0
metal4	0	128	14.095	344.4	0	0	0	1.09989	0
metal4	1	128	40.07	344.4	0	0	0	1.09944	0
metal4	2	128	96.07	344.4	0	0	0	1.09841	0
metal4	3	128	108.455	344.4	0	0	0	1.09823	0
metal4	4	128	109.295	344.4	0	0	0	1.09822	0
metal4	5	128	152.07	344.4	0	0	0	1.09758	0
metal4	6	128	208.07	344.4	0	0	0	1.09688	0
metal4	7	128	264.07	344.4	0	0	0	1.09629	0
metal4	8	128	320.07	344.4	0	0	0	1.0958	0
metal4	9	128	376.07	344.4	0	0	0	1.09543	0
metal4	10	128	432.07	344.4	0	0	0	1.09517	0
metal4	11	128	488.07	344.4	0	0	0	1.095	0
metal4	12	128	544.07	344.4	0	0	0	1.09498	0
metal4	13	128	600.07	344.4	0	0	0	1.09508	0
metal4	14	128	656.07	344.4	0	0	0	1.0953	0
metal4	15	128	712.07	344.4	0	0	0	1.09564	0
metal4	16	128	768.07	344.4	0	0	0	1.09602	0
metal4	17	128	824.07	344.4	0	0	0	1.09651	0
metal4	18	128	880.07	344.4	0	0	0	1.09712	0
metal4	19	128	936.07	344.4	0	0	0	1.09783	0
metal4	20	128	992.07	344.4	0	0	0	1.09858	0
metal4	21	128	1048.07	344.4	0	0	0	1.09934	0
metal4	22	128	1086.21	344.4	0	0	0	1.0999	0
metal4	0	129	14.095	347.2	0	0	0	1.09989	0
metal4	1	129	40.07	347.2	0	0	0	1.09944	0
metal4	2	129	96.07	347.2	0	0	0	1.0984	0
metal4	3	129	108.455	347.2	0	0	0	1.09821	0
metal4	4	129	109.295	347.2	0	0	0	1.0982	0
metal4	5	129	152.07	347.2	0	0	0	1.09756	0
metal4	6	129	208.07	347.2	0	0	0	1.09685	0
metal4	7	129	264.07	347.2	0	0	0	1.09625	0
metal4	8	129	320.07	347.2	0	0	0	1.09576	0
metal4	9	129	376.07	347.2	0	0	0	1.09539	0
metal4	10	129	432.07	347.2	0	0	0	1.09513	0
metal4	11	129	488.07	347.2	0	0	0	1.09496	0
metal4	12	129	544.07	347.2	0	0	0	1.09494	0
metal4	13	129	600.07	347.2	0	0	0	1.09504	0
metal4	14	129	656.07	347.2	0	0	0	1.09527	0
metal4	15	129	712.07	347.2	0	0	0	1.09561	0
metal4	16	129	768.07	347.2	0	0	0	1.096	0
metal4	17	129	824.07	347.2	0	0	0	1.09649	0
metal4	18	129	880.07	347.2	0	0	0	1.09711	0
metal4	19	129	936.07	347.2	0	0	0	1.09782	0
metal4	20	129	992.07	347.2	0	0	0	1.09858	0
metal4	21	129	1048.07	347.2	0	0	0	1.09934	0
metal4	22	129	1086.21	347.2	0	0	0	1.09991	0
metal4	0	130	14.095	350	0	0	0	1.0999	0
metal4	1	130	40.07	350	0	0	0	1.09944	0
metal4	2	130	96.07	350	0	0	0	1.09839	0
metal4	3	130	108.455	350	0	0	0	1.0982	0
metal4	4	130	109.295	350	0	0	0	1.09818	0
metal4	5	130	152.07	350	0	0	0	1.09754	0
metal4	6	130	208.07	350	0	0	0	1.09683	0
metal4	7	130	264.07	350	0	0	0	1.09622	0
metal4	8	130	320.07	350	0	0	0	1.09573	0
metal4	9	130	376.07	350	0	0	0	1.09536	0
metal4	10	130	432.07	350	0	0	0	1.0951	0
metal4	11	130	488.07	350	0	0	0	1.09493	0
metal4	12	130	544.07	350	0	0	0	1.09492	0
metal4	13	130	600.07	350	0	0	0	1.09502	0
metal4	14	130	656.07	350	0	0	0	1.09525	0
metal4	15	130	712.07	350	0	0	0	1.09559	0
metal4	16	130	768.07	350	0	0	0	1.09599	0
metal4	17	130	824.07	350	0	0	0	1.09649	0
metal4	18	130	880.07	350	0	0	0	1.09711	0
metal4	19	130	936.07	350	0	0	0	1.09782	0
metal4	20	130	992.07	350	0	0	0	1.09858	0
metal4	21	130	1048.07	350	0	0	0	1.09935	0
metal4	22	130	1086.21	350	0	0	0	1.09992	0
metal4	0	131	14.095	352.8	0	0	0	1.09992	0
metal4	1	131	40.07	352.8	0	0	0	1.09944	0
metal4	2	131	96.07	352.8	0	0	0	1.09838	0
metal4	3	131	108.455	352.8	0	0	0	1.09819	0
metal4	4	131	109.295	352.8	0	0	0	1.09817	0
metal4	5	131	152.07	352.8	0	0	0	1.09753	0
metal4	6	131	208.07	352.8	0	0	0	1.09681	0
metal4	7	131	264.07	352.8	0	0	0	1.0962	0
metal4	8	131	320.07	352.8	0	0	0	1.09571	0
metal4	9	131	376.07	352.8	0	0	0	1.09533	0
metal4	10	131	432.07	352.8	0	0	0	1.09507	0
metal4	11	131	488.07	352.8	0	0	0	1.09491	0
metal4	12	131	544.07	352.8	0	0	0	1.0949	0
metal4	13	131	600.07	352.8	0	0	0	1.095	0
metal4	14	131	656.07	352.8	0	0	0	1.09524	0
metal4	15	131	712.07	352.8	0	0	0	1.09558	0
metal4	16	131	768.07	352.8	0	0	0	1.09598	0
metal4	17	131	824.07	352.8	0	0	0	1.09649	0
metal4	18	131	880.07	352.8	0	0	0	1.09711	0
metal4	19	131	936.07	352.8	0	0	0	1.09783	0
metal4	20	131	992.07	352.8	0	0	0	1.09859	0
metal4	21	131	1048.07	352.8	0	0	0	1.09936	0
metal4	22	131	1086.21	352.8	0	0	0	1.09993	0
metal4	0	132	14.095	355.6	0	0	0	1.09995	0
metal4	1	132	40.07	355.6	0	0	0	1.09945	0
metal4	2	132	96.07	355.6	0	0	0	1.09838	0
metal4	3	132	108.455	355.6	0	0	0	1.09818	0
metal4	4	132	109.295	355.6	0	0	0	1.09816	0
metal4	5	132	152.07	355.6	0	0	0	1.09752	0
metal4	6	132	208.07	355.6	0	0	0	1.0968	0
metal4	7	132	264.07	355.6	0	0	0	1.09618	0
metal4	8	132	320.07	355.6	0	0	0	1.09569	0
metal4	9	132	376.07	355.6	0	0	0	1.09531	0
metal4	10	132	432.07	355.6	0	0	0	1.09505	0
metal4	11	132	488.07	355.6	0	0	0	1.0949	0
metal4	12	132	544.07	355.6	0	0	0	1.09488	0
metal4	13	132	600.07	355.6	0	0	0	1.095	0
metal4	14	132	656.07	355.6	0	0	0	1.09523	0
metal4	15	132	712.07	355.6	0	0	0	1.09557	0
metal4	16	132	768.07	355.6	0	0	0	1.09599	0
metal4	17	132	824.07	355.6	0	0	0	1.0965	0
metal4	18	132	880.07	355.6	0	0	0	1.09712	0
metal4	19	132	936.07	355.6	0	0	0	1.09783	0
metal4	20	132	992.07	355.6	0	0	0	1.09859	0
metal4	21	132	1048.07	355.6	0	0	0	1.09938	0
metal4	22	132	1086.21	355.6	0	0	0	1.09996	0
metal4	0	133	14.095	358.4	0	0	0	1.09998	0
metal4	1	133	40.07	358.4	0	0	0	1.09946	0
metal4	2	133	96.07	358.4	0	0	0	1.09838	0
metal4	3	133	108.455	358.4	0	0	0	1.09817	0
metal4	4	133	109.295	358.4	0	0	0	1.09816	0
metal4	5	133	152.07	358.4	0	0	0	1.09752	0
metal4	6	133	208.07	358.4	0	0	0	1.09679	0
metal4	7	133	264.07	358.4	0	0	0	1.09617	0
metal4	8	133	320.07	358.4	0	0	0	1.09567	0
metal4	9	133	376.07	358.4	0	0	0	1.09529	0
metal4	10	133	432.07	358.4	0	0	0	1.09503	0
metal4	11	133	488.07	358.4	0	0	0	1.09489	0
metal4	12	133	544.07	358.4	0	0	0	1.09488	0
metal4	13	133	600.07	358.4	0	0	0	1.09499	0
metal4	14	133	656.07	358.4	0	0	0	1.09523	0
metal4	15	133	712.07	358.4	0	0	0	1.09557	0
metal4	16	133	768.07	358.4	0	0	0	1.09599	0
metal4	17	133	824.07	358.4	0	0	0	1.09651	0
metal4	18	133	880.07	358.4	0	0	0	1.09713	0
metal4	19	133	936.07	358.4	0	0	0	1.09784	0
metal4	20	133	992.07	358.4	0	0	0	1.0986	0
metal4	21	133	1048.07	358.4	0	0	0	1.0994	0
metal4	22	133	1086.21	358.4	0	0	0	1.09999	0
metal4	0	134	14.095	359.6	0	0	0	1.1	0
metal4	1	134	40.07	359.6	0	0	0	1.09947	0
metal4	2	134	96.07	359.6	0	0	0	1.09839	0
metal4	3	134	108.455	359.6	0	0	0	1.09817	0
metal4	4	134	109.295	359.6	0	0	0	1.09816	0
metal4	5	134	152.07	359.6	0	0	0	1.09752	0
metal4	6	134	208.07	359.6	0	0	0	1.09679	0
metal4	7	134	264.07	359.6	0	0	0	1.09617	0
metal4	8	134	320.07	359.6	0	0	0	1.09567	0
metal4	9	134	376.07	359.6	0	0	0	1.09529	0
metal4	10	134	432.07	359.6	0	0	0	1.09503	0
metal4	11	134	488.07	359.6	0	0	0	1.09489	0
metal4	12	134	544.07	359.6	0	0	0	1.09488	0
metal4	13	134	600.07	359.6	0	0	0	1.09499	0
metal4	14	134	656.07	359.6	0	0	0	1.09523	0
metal4	15	134	712.07	359.6	0	0	0	1.09557	0
metal4	16	134	768.07	359.6	0	0	0	1.096	0
metal4	17	134	824.07	359.6	0	0	0	1.09652	0
metal4	18	134	880.07	359.6	0	0	0	1.09714	0
metal4	19	134	936.07	359.6	0	0	0	1.09785	0
metal4	20	134	992.07	359.6	0	0	0	1.09861	0
metal4	21	134	1048.07	359.6	0	0	0	1.09941	0
metal4	22	134	1086.21	359.6	0	0	0	1.1	0
metal4	0	135	14.095	361.2	0	0	0	1.09997	0
metal4	1	135	40.07	361.2	0	0	0	1.09944	0
metal4	2	135	96.07	361.2	0	0	0	1.09835	0
metal4	3	135	108.455	361.2	0	0	0	1.09813	0
metal4	4	135	109.295	361.2	0	0	0	1.09812	0
metal4	5	135	152.07	361.2	0	0	0	1.09748	0
metal4	6	135	208.07	361.2	0	0	0	1.09674	0
metal4	7	135	264.07	361.2	0	0	0	1.09611	0
metal4	8	135	320.07	361.2	0	0	0	1.09561	0
metal4	9	135	376.07	361.2	0	0	0	1.09523	0
metal4	10	135	432.07	361.2	0	0	0	1.09497	0
metal4	11	135	488.07	361.2	0	0	0	1.09482	0
metal4	12	135	544.07	361.2	0	0	0	1.09482	0
metal4	13	135	600.07	361.2	0	0	0	1.09494	0
metal4	14	135	656.07	361.2	0	0	0	1.09519	0
metal4	15	135	712.07	361.2	0	0	0	1.09553	0
metal4	16	135	768.07	361.2	0	0	0	1.09596	0
metal4	17	135	824.07	361.2	0	0	0	1.09649	0
metal4	18	135	880.07	361.2	0	0	0	1.09711	0
metal4	19	135	936.07	361.2	0	0	0	1.09783	0
metal4	20	135	992.07	361.2	0	0	0	1.09859	0
metal4	21	135	1048.07	361.2	0	0	0	1.09939	0
metal4	22	135	1086.21	361.2	0	0	0	1.09998	0
metal4	0	136	14.095	364	0	0	0	1.09993	0
metal4	1	136	40.07	364	0	0	0	1.0994	0
metal4	2	136	96.07	364	0	0	0	1.09828	0
metal4	3	136	108.455	364	0	0	0	1.09807	0
metal4	4	136	109.295	364	0	0	0	1.09806	0
metal4	5	136	152.07	364	0	0	0	1.0974	0
metal4	6	136	208.07	364	0	0	0	1.09665	0
metal4	7	136	264.07	364	0	0	0	1.09601	0
metal4	8	136	320.07	364	0	0	0	1.0955	0
metal4	9	136	376.07	364	0	0	0	1.09513	0
metal4	10	136	432.07	364	0	0	0	1.09487	0
metal4	11	136	488.07	364	0	0	0	1.09472	0
metal4	12	136	544.07	364	0	0	0	1.09472	0
metal4	13	136	600.07	364	0	0	0	1.09486	0
metal4	14	136	656.07	364	0	0	0	1.09511	0
metal4	15	136	712.07	364	0	0	0	1.09547	0
metal4	16	136	768.07	364	0	0	0	1.0959	0
metal4	17	136	824.07	364	0	0	0	1.09643	0
metal4	18	136	880.07	364	0	0	0	1.09707	0
metal4	19	136	936.07	364	0	0	0	1.0978	0
metal4	20	136	992.07	364	0	0	0	1.09858	0
metal4	21	136	1048.07	364	0	0	0	1.09937	0
metal4	22	136	1086.21	364	0	0	0	1.09995	0
metal4	0	137	14.095	366.8	0	0	0	1.0999	0
metal4	1	137	40.07	366.8	0	0	0	1.09937	0
metal4	2	137	96.07	366.8	0	0	0	1.09822	0
metal4	3	137	108.455	366.8	0	0	0	1.09801	0
metal4	4	137	109.295	366.8	0	0	0	1.098	0
metal4	5	137	152.07	366.8	0	0	0	1.09732	0
metal4	6	137	208.07	366.8	0	0	0	1.09656	0
metal4	7	137	264.07	366.8	0	0	0	1.09591	0
metal4	8	137	320.07	366.8	0	0	0	1.0954	0
metal4	9	137	376.07	366.8	0	0	0	1.09503	0
metal4	10	137	432.07	366.8	0	0	0	1.09477	0
metal4	11	137	488.07	366.8	0	0	0	1.09462	0
metal4	12	137	544.07	366.8	0	0	0	1.09463	0
metal4	13	137	600.07	366.8	0	0	0	1.09478	0
metal4	14	137	656.07	366.8	0	0	0	1.09505	0
metal4	15	137	712.07	366.8	0	0	0	1.09541	0
metal4	16	137	768.07	366.8	0	0	0	1.09585	0
metal4	17	137	824.07	366.8	0	0	0	1.09639	0
metal4	18	137	880.07	366.8	0	0	0	1.09704	0
metal4	19	137	936.07	366.8	0	0	0	1.09778	0
metal4	20	137	992.07	366.8	0	0	0	1.09856	0
metal4	21	137	1048.07	366.8	0	0	0	1.09935	0
metal4	22	137	1086.21	366.8	0	0	0	1.09993	0
metal4	0	138	14.095	369.6	0	0	0	1.09988	0
metal4	1	138	40.07	369.6	0	0	0	1.09934	0
metal4	2	138	96.07	369.6	0	0	0	1.09816	0
metal4	3	138	108.455	369.6	0	0	0	1.09796	0
metal4	4	138	109.295	369.6	0	0	0	1.09794	0
metal4	5	138	152.07	369.6	0	0	0	1.09725	0
metal4	6	138	208.07	369.6	0	0	0	1.09647	0
metal4	7	138	264.07	369.6	0	0	0	1.09581	0
metal4	8	138	320.07	369.6	0	0	0	1.09529	0
metal4	9	138	376.07	369.6	0	0	0	1.09493	0
metal4	10	138	432.07	369.6	0	0	0	1.09468	0
metal4	11	138	488.07	369.6	0	0	0	1.09453	0
metal4	12	138	544.07	369.6	0	0	0	1.09455	0
metal4	13	138	600.07	369.6	0	0	0	1.09471	0
metal4	14	138	656.07	369.6	0	0	0	1.09499	0
metal4	15	138	712.07	369.6	0	0	0	1.09536	0
metal4	16	138	768.07	369.6	0	0	0	1.09581	0
metal4	17	138	824.07	369.6	0	0	0	1.09635	0
metal4	18	138	880.07	369.6	0	0	0	1.09701	0
metal4	19	138	936.07	369.6	0	0	0	1.09776	0
metal4	20	138	992.07	369.6	0	0	0	1.09854	0
metal4	21	138	1048.07	369.6	0	0	0	1.09933	0
metal4	22	138	1086.21	369.6	0	0	0	1.09991	0
metal4	0	139	14.095	372.4	0	0	0	1.09987	0
metal4	1	139	40.07	372.4	0	0	0	1.09931	0
metal4	2	139	96.07	372.4	0	0	0	1.0981	0
metal4	3	139	108.455	372.4	0	0	0	1.0979	0
metal4	4	139	109.295	372.4	0	0	0	1.09789	0
metal4	5	139	152.07	372.4	0	0	0	1.09718	0
metal4	6	139	208.07	372.4	0	0	0	1.09638	0
metal4	7	139	264.07	372.4	0	0	0	1.09572	0
metal4	8	139	320.07	372.4	0	0	0	1.09519	0
metal4	9	139	376.07	372.4	0	0	0	1.09483	0
metal4	10	139	432.07	372.4	0	0	0	1.09458	0
metal4	11	139	488.07	372.4	0	0	0	1.09444	0
metal4	12	139	544.07	372.4	0	0	0	1.09448	0
metal4	13	139	600.07	372.4	0	0	0	1.09465	0
metal4	14	139	656.07	372.4	0	0	0	1.09493	0
metal4	15	139	712.07	372.4	0	0	0	1.09531	0
metal4	16	139	768.07	372.4	0	0	0	1.09577	0
metal4	17	139	824.07	372.4	0	0	0	1.09631	0
metal4	18	139	880.07	372.4	0	0	0	1.09698	0
metal4	19	139	936.07	372.4	0	0	0	1.09774	0
metal4	20	139	992.07	372.4	0	0	0	1.09853	0
metal4	21	139	1048.07	372.4	0	0	0	1.09932	0
metal4	22	139	1086.21	372.4	0	0	0	1.0999	0
metal4	0	140	14.095	375.2	0	0	0	1.09986	0
metal4	1	140	40.07	375.2	0	0	0	1.09929	0
metal4	2	140	96.07	375.2	0	0	0	1.09805	0
metal4	3	140	108.455	375.2	0	0	0	1.09785	0
metal4	4	140	109.295	375.2	0	0	0	1.09784	0
metal4	5	140	152.07	375.2	0	0	0	1.09711	0
metal4	6	140	208.07	375.2	0	0	0	1.0963	0
metal4	7	140	264.07	375.2	0	0	0	1.09562	0
metal4	8	140	320.07	375.2	0	0	0	1.09509	0
metal4	9	140	376.07	375.2	0	0	0	1.09474	0
metal4	10	140	432.07	375.2	0	0	0	1.09449	0
metal4	11	140	488.07	375.2	0	0	0	1.09437	0
metal4	12	140	544.07	375.2	0	0	0	1.09441	0
metal4	13	140	600.07	375.2	0	0	0	1.0946	0
metal4	14	140	656.07	375.2	0	0	0	1.09488	0
metal4	15	140	712.07	375.2	0	0	0	1.09527	0
metal4	16	140	768.07	375.2	0	0	0	1.09573	0
metal4	17	140	824.07	375.2	0	0	0	1.09629	0
metal4	18	140	880.07	375.2	0	0	0	1.09696	0
metal4	19	140	936.07	375.2	0	0	0	1.09773	0
metal4	20	140	992.07	375.2	0	0	0	1.09853	0
metal4	21	140	1048.07	375.2	0	0	0	1.09932	0
metal4	22	140	1086.21	375.2	0	0	0	1.0999	0
metal4	0	141	14.095	378	0	0	0	1.09987	0
metal4	1	141	40.07	378	0	0	0	1.09927	0
metal4	2	141	96.07	378	0	0	0	1.09801	0
metal4	3	141	108.455	378	0	0	0	1.0978	0
metal4	4	141	109.295	378	0	0	0	1.09778	0
metal4	5	141	152.07	378	0	0	0	1.09704	0
metal4	6	141	208.07	378	0	0	0	1.09621	0
metal4	7	141	264.07	378	0	0	0	1.09553	0
metal4	8	141	320.07	378	0	0	0	1.09499	0
metal4	9	141	376.07	378	0	0	0	1.09464	0
metal4	10	141	432.07	378	0	0	0	1.0944	0
metal4	11	141	488.07	378	0	0	0	1.09429	0
metal4	12	141	544.07	378	0	0	0	1.09435	0
metal4	13	141	600.07	378	0	0	0	1.09455	0
metal4	14	141	656.07	378	0	0	0	1.09484	0
metal4	15	141	712.07	378	0	0	0	1.09524	0
metal4	16	141	768.07	378	0	0	0	1.09571	0
metal4	17	141	824.07	378	0	0	0	1.09627	0
metal4	18	141	880.07	378	0	0	0	1.09695	0
metal4	19	141	936.07	378	0	0	0	1.09772	0
metal4	20	141	992.07	378	0	0	0	1.09852	0
metal4	21	141	1048.07	378	0	0	0	1.09932	0
metal4	22	141	1086.21	378	0	0	0	1.09991	0
metal4	0	142	14.095	380.8	0	0	0	1.09988	0
metal4	1	142	40.07	380.8	0	0	0	1.09926	0
metal4	2	142	96.07	380.8	0	0	0	1.09797	0
metal4	3	142	108.455	380.8	0	0	0	1.09776	0
metal4	4	142	109.295	380.8	0	0	0	1.09774	0
metal4	5	142	152.07	380.8	0	0	0	1.09698	0
metal4	6	142	208.07	380.8	0	0	0	1.09614	0
metal4	7	142	264.07	380.8	0	0	0	1.09545	0
metal4	8	142	320.07	380.8	0	0	0	1.0949	0
metal4	9	142	376.07	380.8	0	0	0	1.09455	0
metal4	10	142	432.07	380.8	0	0	0	1.09432	0
metal4	11	142	488.07	380.8	0	0	0	1.09422	0
metal4	12	142	544.07	380.8	0	0	0	1.0943	0
metal4	13	142	600.07	380.8	0	0	0	1.09451	0
metal4	14	142	656.07	380.8	0	0	0	1.09481	0
metal4	15	142	712.07	380.8	0	0	0	1.09521	0
metal4	16	142	768.07	380.8	0	0	0	1.09569	0
metal4	17	142	824.07	380.8	0	0	0	1.09626	0
metal4	18	142	880.07	380.8	0	0	0	1.09694	0
metal4	19	142	936.07	380.8	0	0	0	1.09771	0
metal4	20	142	992.07	380.8	0	0	0	1.09852	0
metal4	21	142	1048.07	380.8	0	0	0	1.09932	0
metal4	22	142	1086.21	380.8	0	0	0	1.09992	0
metal4	0	143	14.095	383.6	0	0	0	1.09991	0
metal4	1	143	40.07	383.6	0	0	0	1.09926	0
metal4	2	143	96.07	383.6	0	0	0	1.09795	0
metal4	3	143	108.455	383.6	0	0	0	1.09772	0
metal4	4	143	109.295	383.6	0	0	0	1.0977	0
metal4	5	143	152.07	383.6	0	0	0	1.09693	0
metal4	6	143	208.07	383.6	0	0	0	1.09608	0
metal4	7	143	264.07	383.6	0	0	0	1.09538	0
metal4	8	143	320.07	383.6	0	0	0	1.09482	0
metal4	9	143	376.07	383.6	0	0	0	1.09446	0
metal4	10	143	432.07	383.6	0	0	0	1.09423	0
metal4	11	143	488.07	383.6	0	0	0	1.09415	0
metal4	12	143	544.07	383.6	0	0	0	1.09425	0
metal4	13	143	600.07	383.6	0	0	0	1.09447	0
metal4	14	143	656.07	383.6	0	0	0	1.09478	0
metal4	15	143	712.07	383.6	0	0	0	1.09519	0
metal4	16	143	768.07	383.6	0	0	0	1.09567	0
metal4	17	143	824.07	383.6	0	0	0	1.09625	0
metal4	18	143	880.07	383.6	0	0	0	1.09694	0
metal4	19	143	936.07	383.6	0	0	0	1.09771	0
metal4	20	143	992.07	383.6	0	0	0	1.09852	0
metal4	21	143	1048.07	383.6	0	0	0	1.09933	0
metal4	22	143	1086.21	383.6	0	0	0	1.09994	0
metal4	0	144	14.095	386.4	0	0	0	1.09994	0
metal4	1	144	40.07	386.4	0	0	0	1.09927	0
metal4	2	144	96.07	386.4	0	0	0	1.09794	0
metal4	3	144	108.455	386.4	0	0	0	1.0977	0
metal4	4	144	109.295	386.4	0	0	0	1.09768	0
metal4	5	144	152.07	386.4	0	0	0	1.0969	0
metal4	6	144	208.07	386.4	0	0	0	1.09604	0
metal4	7	144	264.07	386.4	0	0	0	1.09532	0
metal4	8	144	320.07	386.4	0	0	0	1.09476	0
metal4	9	144	376.07	386.4	0	0	0	1.09438	0
metal4	10	144	432.07	386.4	0	0	0	1.09415	0
metal4	11	144	488.07	386.4	0	0	0	1.09408	0
metal4	12	144	544.07	386.4	0	0	0	1.09421	0
metal4	13	144	600.07	386.4	0	0	0	1.09444	0
metal4	14	144	656.07	386.4	0	0	0	1.09476	0
metal4	15	144	712.07	386.4	0	0	0	1.09517	0
metal4	16	144	768.07	386.4	0	0	0	1.09567	0
metal4	17	144	824.07	386.4	0	0	0	1.09625	0
metal4	18	144	880.07	386.4	0	0	0	1.09694	0
metal4	19	144	936.07	386.4	0	0	0	1.09771	0
metal4	20	144	992.07	386.4	0	0	0	1.09852	0
metal4	21	144	1048.07	386.4	0	0	0	1.09935	0
metal4	22	144	1086.21	386.4	0	0	0	1.09996	0
metal4	0	145	14.095	389.2	0	0	0	1.09999	0
metal4	1	145	40.07	389.2	0	0	0	1.0993	0
metal4	2	145	96.07	389.2	0	0	0	1.09795	0
metal4	3	145	108.455	389.2	0	0	0	1.09768	0
metal4	4	145	109.295	389.2	0	0	0	1.09766	0
metal4	5	145	152.07	389.2	0	0	0	1.09689	0
metal4	6	145	208.07	389.2	0	0	0	1.09601	0
metal4	7	145	264.07	389.2	0	0	0	1.09529	0
metal4	8	145	320.07	389.2	0	0	0	1.09472	0
metal4	9	145	376.07	389.2	0	0	0	1.09431	0
metal4	10	145	432.07	389.2	0	0	0	1.09408	0
metal4	11	145	488.07	389.2	0	0	0	1.09403	0
metal4	12	145	544.07	389.2	0	0	0	1.09418	0
metal4	13	145	600.07	389.2	0	0	0	1.09442	0
metal4	14	145	656.07	389.2	0	0	0	1.09475	0
metal4	15	145	712.07	389.2	0	0	0	1.09516	0
metal4	16	145	768.07	389.2	0	0	0	1.09567	0
metal4	17	145	824.07	389.2	0	0	0	1.09626	0
metal4	18	145	880.07	389.2	0	0	0	1.09695	0
metal4	19	145	936.07	389.2	0	0	0	1.09771	0
metal4	20	145	992.07	389.2	0	0	0	1.09853	0
metal4	21	145	1048.07	389.2	0	0	0	1.09937	0
metal4	22	145	1086.21	389.2	0	0	0	1.09999	0
metal4	0	146	14.095	389.6	0	0	0	1.1	0
metal4	1	146	40.07	389.6	0	0	0	1.09931	0
metal4	2	146	96.07	389.6	0	0	0	1.09795	0
metal4	3	146	108.455	389.6	0	0	0	1.09768	0
metal4	4	146	109.295	389.6	0	0	0	1.09766	0
metal4	5	146	152.07	389.6	0	0	0	1.09689	0
metal4	6	146	208.07	389.6	0	0	0	1.09601	0
metal4	7	146	264.07	389.6	0	0	0	1.09528	0
metal4	8	146	320.07	389.6	0	0	0	1.09471	0
metal4	9	146	376.07	389.6	0	0	0	1.0943	0
metal4	10	146	432.07	389.6	0	0	0	1.09407	0
metal4	11	146	488.07	389.6	0	0	0	1.09403	0
metal4	12	146	544.07	389.6	0	0	0	1.09417	0
metal4	13	146	600.07	389.6	0	0	0	1.09441	0
metal4	14	146	656.07	389.6	0	0	0	1.09474	0
metal4	15	146	712.07	389.6	0	0	0	1.09516	0
metal4	16	146	768.07	389.6	0	0	0	1.09567	0
metal4	17	146	824.07	389.6	0	0	0	1.09626	0
metal4	18	146	880.07	389.6	0	0	0	1.09695	0
metal4	19	146	936.07	389.6	0	0	0	1.09771	0
metal4	20	146	992.07	389.6	0	0	0	1.09853	0
metal4	21	146	1048.07	389.6	0	0	0	1.09938	0
metal4	22	146	1086.21	389.6	0	0	0	1.1	0
metal4	0	147	14.095	392	0	0	0	1.09995	0
metal4	1	147	40.07	392	0	0	0	1.09924	0
metal4	2	147	96.07	392	0	0	0	1.09786	0
metal4	3	147	108.455	392	0	0	0	1.09761	0
metal4	4	147	109.295	392	0	0	0	1.09759	0
metal4	5	147	152.07	392	0	0	0	1.09678	0
metal4	6	147	208.07	392	0	0	0	1.09589	0
metal4	7	147	264.07	392	0	0	0	1.09516	0
metal4	8	147	320.07	392	0	0	0	1.09457	0
metal4	9	147	376.07	392	0	0	0	1.09414	0
metal4	10	147	432.07	392	0	0	0	1.09391	0
metal4	11	147	488.07	392	0	0	0	1.09387	0
metal4	12	147	544.07	392	0	0	0	1.09408	0
metal4	13	147	600.07	392	0	0	0	1.09434	0
metal4	14	147	656.07	392	0	0	0	1.09467	0
metal4	15	147	712.07	392	0	0	0	1.0951	0
metal4	16	147	768.07	392	0	0	0	1.09561	0
metal4	17	147	824.07	392	0	0	0	1.09621	0
metal4	18	147	880.07	392	0	0	0	1.09691	0
metal4	19	147	936.07	392	0	0	0	1.09769	0
metal4	20	147	992.07	392	0	0	0	1.09851	0
metal4	21	147	1048.07	392	0	0	0	1.09935	0
metal4	22	147	1086.21	392	0	0	0	1.09997	0
metal4	0	148	14.095	394.8	0	0	0	1.0999	0
metal4	1	148	40.07	394.8	0	0	0	1.09918	0
metal4	2	148	96.07	394.8	0	0	0	1.09778	0
metal4	3	148	108.455	394.8	0	0	0	1.09753	0
metal4	4	148	109.295	394.8	0	0	0	1.09751	0
metal4	5	148	152.07	394.8	0	0	0	1.09668	0
metal4	6	148	208.07	394.8	0	0	0	1.09577	0
metal4	7	148	264.07	394.8	0	0	0	1.09503	0
metal4	8	148	320.07	394.8	0	0	0	1.09443	0
metal4	9	148	376.07	394.8	0	0	0	1.09396	0
metal4	10	148	432.07	394.8	0	0	0	1.09373	0
metal4	11	148	488.07	394.8	0	0	0	1.09371	0
metal4	12	148	544.07	394.8	0	0	0	1.09399	0
metal4	13	148	600.07	394.8	0	0	0	1.09425	0
metal4	14	148	656.07	394.8	0	0	0	1.0946	0
metal4	15	148	712.07	394.8	0	0	0	1.09503	0
metal4	16	148	768.07	394.8	0	0	0	1.09555	0
metal4	17	148	824.07	394.8	0	0	0	1.09615	0
metal4	18	148	880.07	394.8	0	0	0	1.09686	0
metal4	19	148	936.07	394.8	0	0	0	1.09766	0
metal4	20	148	992.07	394.8	0	0	0	1.09849	0
metal4	21	148	1048.07	394.8	0	0	0	1.09933	0
metal4	22	148	1086.21	394.8	0	0	0	1.09994	0
metal4	0	149	14.095	397.6	0	0	0	1.09987	0
metal4	1	149	40.07	397.6	0	0	0	1.09913	0
metal4	2	149	96.07	397.6	0	0	0	1.09771	0
metal4	3	149	108.455	397.6	0	0	0	1.09746	0
metal4	4	149	109.295	397.6	0	0	0	1.09744	0
metal4	5	149	152.07	397.6	0	0	0	1.09659	0
metal4	6	149	208.07	397.6	0	0	0	1.09567	0
metal4	7	149	264.07	397.6	0	0	0	1.09491	0
metal4	8	149	320.07	397.6	0	0	0	1.0943	0
metal4	9	149	376.07	397.6	0	0	0	1.09381	0
metal4	10	149	432.07	397.6	0	0	0	1.09358	0
metal4	11	149	488.07	397.6	0	0	0	1.09357	0
metal4	12	149	544.07	397.6	0	0	0	1.09389	0
metal4	13	149	600.07	397.6	0	0	0	1.09417	0
metal4	14	149	656.07	397.6	0	0	0	1.09453	0
metal4	15	149	712.07	397.6	0	0	0	1.09497	0
metal4	16	149	768.07	397.6	0	0	0	1.09549	0
metal4	17	149	824.07	397.6	0	0	0	1.0961	0
metal4	18	149	880.07	397.6	0	0	0	1.09682	0
metal4	19	149	936.07	397.6	0	0	0	1.09763	0
metal4	20	149	992.07	397.6	0	0	0	1.09847	0
metal4	21	149	1048.07	397.6	0	0	0	1.09931	0
metal4	22	149	1086.21	397.6	0	0	0	1.09992	0
metal4	0	150	14.095	400.4	0	0	0	1.09984	0
metal4	1	150	40.07	400.4	0	0	0	1.09909	0
metal4	2	150	96.07	400.4	0	0	0	1.09765	0
metal4	3	150	108.455	400.4	0	0	0	1.09741	0
metal4	4	150	109.295	400.4	0	0	0	1.09739	0
metal4	5	150	152.07	400.4	0	0	0	1.09651	0
metal4	6	150	208.07	400.4	0	0	0	1.09558	0
metal4	7	150	264.07	400.4	0	0	0	1.09481	0
metal4	8	150	320.07	400.4	0	0	0	1.09418	0
metal4	9	150	376.07	400.4	0	0	0	1.09368	0
metal4	10	150	432.07	400.4	0	0	0	1.09345	0
metal4	11	150	488.07	400.4	0	0	0	1.09345	0
metal4	12	150	544.07	400.4	0	0	0	1.09381	0
metal4	13	150	600.07	400.4	0	0	0	1.0941	0
metal4	14	150	656.07	400.4	0	0	0	1.09446	0
metal4	15	150	712.07	400.4	0	0	0	1.09491	0
metal4	16	150	768.07	400.4	0	0	0	1.09544	0
metal4	17	150	824.07	400.4	0	0	0	1.09606	0
metal4	18	150	880.07	400.4	0	0	0	1.09679	0
metal4	19	150	936.07	400.4	0	0	0	1.09761	0
metal4	20	150	992.07	400.4	0	0	0	1.09845	0
metal4	21	150	1048.07	400.4	0	0	0	1.09929	0
metal4	22	150	1086.21	400.4	0	0	0	1.09991	0
metal4	0	151	14.095	403.2	0	0	0	1.09983	0
metal4	1	151	40.07	403.2	0	0	0	1.09907	0
metal4	2	151	96.07	403.2	0	0	0	1.0976	0
metal4	3	151	108.455	403.2	0	0	0	1.09736	0
metal4	4	151	109.295	403.2	0	0	0	1.09734	0
metal4	5	151	152.07	403.2	0	0	0	1.09645	0
metal4	6	151	208.07	403.2	0	0	0	1.0955	0
metal4	7	151	264.07	403.2	0	0	0	1.09472	0
metal4	8	151	320.07	403.2	0	0	0	1.09409	0
metal4	9	151	376.07	403.2	0	0	0	1.09357	0
metal4	10	151	432.07	403.2	0	0	0	1.09334	0
metal4	11	151	488.07	403.2	0	0	0	1.09335	0
metal4	12	151	544.07	403.2	0	0	0	1.09373	0
metal4	13	151	600.07	403.2	0	0	0	1.09404	0
metal4	14	151	656.07	403.2	0	0	0	1.09441	0
metal4	15	151	712.07	403.2	0	0	0	1.09486	0
metal4	16	151	768.07	403.2	0	0	0	1.0954	0
metal4	17	151	824.07	403.2	0	0	0	1.09602	0
metal4	18	151	880.07	403.2	0	0	0	1.09676	0
metal4	19	151	936.07	403.2	0	0	0	1.09759	0
metal4	20	151	992.07	403.2	0	0	0	1.09844	0
metal4	21	151	1048.07	403.2	0	0	0	1.09928	0
metal4	22	151	1086.21	403.2	0	0	0	1.0999	0
metal4	0	152	14.095	406	0	0	0	1.09983	0
metal4	1	152	40.07	406	0	0	0	1.09906	0
metal4	2	152	96.07	406	0	0	0	1.09757	0
metal4	3	152	108.455	406	0	0	0	1.09733	0
metal4	4	152	109.295	406	0	0	0	1.09731	0
metal4	5	152	152.07	406	0	0	0	1.09641	0
metal4	6	152	208.07	406	0	0	0	1.09544	0
metal4	7	152	264.07	406	0	0	0	1.09465	0
metal4	8	152	320.07	406	0	0	0	1.09401	0
metal4	9	152	376.07	406	0	0	0	1.09349	0
metal4	10	152	432.07	406	0	0	0	1.09325	0
metal4	11	152	488.07	406	0	0	0	1.09327	0
metal4	12	152	544.07	406	0	0	0	1.09366	0
metal4	13	152	600.07	406	0	0	0	1.09398	0
metal4	14	152	656.07	406	0	0	0	1.09436	0
metal4	15	152	712.07	406	0	0	0	1.09482	0
metal4	16	152	768.07	406	0	0	0	1.09537	0
metal4	17	152	824.07	406	0	0	0	1.096	0
metal4	18	152	880.07	406	0	0	0	1.09674	0
metal4	19	152	936.07	406	0	0	0	1.09757	0
metal4	20	152	992.07	406	0	0	0	1.09843	0
metal4	21	152	1048.07	406	0	0	0	1.09928	0
metal4	22	152	1086.21	406	0	0	0	1.0999	0
metal4	0	153	14.095	408.8	0	0	0	1.09984	0
metal4	1	153	40.07	408.8	0	0	0	1.09906	0
metal4	2	153	96.07	408.8	0	0	0	1.09755	0
metal4	3	153	108.455	408.8	0	0	0	1.0973	0
metal4	4	153	109.295	408.8	0	0	0	1.09728	0
metal4	5	153	152.07	408.8	0	0	0	1.09637	0
metal4	6	153	208.07	408.8	0	0	0	1.0954	0
metal4	7	153	264.07	408.8	0	0	0	1.0946	0
metal4	8	153	320.07	408.8	0	0	0	1.09395	0
metal4	9	153	376.07	408.8	0	0	0	1.09342	0
metal4	10	153	432.07	408.8	0	0	0	1.09319	0
metal4	11	153	488.07	408.8	0	0	0	1.09321	0
metal4	12	153	544.07	408.8	0	0	0	1.0936	0
metal4	13	153	600.07	408.8	0	0	0	1.09392	0
metal4	14	153	656.07	408.8	0	0	0	1.09431	0
metal4	15	153	712.07	408.8	0	0	0	1.09478	0
metal4	16	153	768.07	408.8	0	0	0	1.09534	0
metal4	17	153	824.07	408.8	0	0	0	1.09597	0
metal4	18	153	880.07	408.8	0	0	0	1.09672	0
metal4	19	153	936.07	408.8	0	0	0	1.09756	0
metal4	20	153	992.07	408.8	0	0	0	1.09842	0
metal4	21	153	1048.07	408.8	0	0	0	1.09928	0
metal4	22	153	1086.21	408.8	0	0	0	1.09991	0
metal4	0	154	14.095	411.6	0	0	0	1.09986	0
metal4	1	154	40.07	411.6	0	0	0	1.09908	0
metal4	2	154	96.07	411.6	0	0	0	1.09755	0
metal4	3	154	108.455	411.6	0	0	0	1.09729	0
metal4	4	154	109.295	411.6	0	0	0	1.09727	0
metal4	5	154	152.07	411.6	0	0	0	1.09636	0
metal4	6	154	208.07	411.6	0	0	0	1.09537	0
metal4	7	154	264.07	411.6	0	0	0	1.09456	0
metal4	8	154	320.07	411.6	0	0	0	1.0939	0
metal4	9	154	376.07	411.6	0	0	0	1.09338	0
metal4	10	154	432.07	411.6	0	0	0	1.09315	0
metal4	11	154	488.07	411.6	0	0	0	1.09317	0
metal4	12	154	544.07	411.6	0	0	0	1.09355	0
metal4	13	154	600.07	411.6	0	0	0	1.09388	0
metal4	14	154	656.07	411.6	0	0	0	1.09427	0
metal4	15	154	712.07	411.6	0	0	0	1.09475	0
metal4	16	154	768.07	411.6	0	0	0	1.09531	0
metal4	17	154	824.07	411.6	0	0	0	1.09596	0
metal4	18	154	880.07	411.6	0	0	0	1.09671	0
metal4	19	154	936.07	411.6	0	0	0	1.09755	0
metal4	20	154	992.07	411.6	0	0	0	1.09842	0
metal4	21	154	1048.07	411.6	0	0	0	1.09929	0
metal4	22	154	1086.21	411.6	0	0	0	1.09992	0
metal4	0	155	14.095	414.4	0	0	0	1.0999	0
metal4	1	155	40.07	414.4	0	0	0	1.09911	0
metal4	2	155	96.07	414.4	0	0	0	1.09756	0
metal4	3	155	108.455	414.4	0	0	0	1.09729	0
metal4	4	155	109.295	414.4	0	0	0	1.09726	0
metal4	5	155	152.07	414.4	0	0	0	1.09635	0
metal4	6	155	208.07	414.4	0	0	0	1.09535	0
metal4	7	155	264.07	414.4	0	0	0	1.09453	0
metal4	8	155	320.07	414.4	0	0	0	1.09387	0
metal4	9	155	376.07	414.4	0	0	0	1.09336	0
metal4	10	155	432.07	414.4	0	0	0	1.09313	0
metal4	11	155	488.07	414.4	0	0	0	1.09315	0
metal4	12	155	544.07	414.4	0	0	0	1.0935	0
metal4	13	155	600.07	414.4	0	0	0	1.09384	0
metal4	14	155	656.07	414.4	0	0	0	1.09424	0
metal4	15	155	712.07	414.4	0	0	0	1.09473	0
metal4	16	155	768.07	414.4	0	0	0	1.0953	0
metal4	17	155	824.07	414.4	0	0	0	1.09595	0
metal4	18	155	880.07	414.4	0	0	0	1.0967	0
metal4	19	155	936.07	414.4	0	0	0	1.09754	0
metal4	20	155	992.07	414.4	0	0	0	1.09842	0
metal4	21	155	1048.07	414.4	0	0	0	1.0993	0
metal4	22	155	1086.21	414.4	0	0	0	1.09994	0
metal4	0	156	14.095	417.2	0	0	0	1.09995	0
metal4	1	156	40.07	417.2	0	0	0	1.09915	0
metal4	2	156	96.07	417.2	0	0	0	1.09759	0
metal4	3	156	108.455	417.2	0	0	0	1.09729	0
metal4	4	156	109.295	417.2	0	0	0	1.09727	0
metal4	5	156	152.07	417.2	0	0	0	1.09636	0
metal4	6	156	208.07	417.2	0	0	0	1.09536	0
metal4	7	156	264.07	417.2	0	0	0	1.09453	0
metal4	8	156	320.07	417.2	0	0	0	1.09386	0
metal4	9	156	376.07	417.2	0	0	0	1.09336	0
metal4	10	156	432.07	417.2	0	0	0	1.09313	0
metal4	11	156	488.07	417.2	0	0	0	1.09316	0
metal4	12	156	544.07	417.2	0	0	0	1.09347	0
metal4	13	156	600.07	417.2	0	0	0	1.09381	0
metal4	14	156	656.07	417.2	0	0	0	1.09422	0
metal4	15	156	712.07	417.2	0	0	0	1.09471	0
metal4	16	156	768.07	417.2	0	0	0	1.09529	0
metal4	17	156	824.07	417.2	0	0	0	1.09595	0
metal4	18	156	880.07	417.2	0	0	0	1.0967	0
metal4	19	156	936.07	417.2	0	0	0	1.09754	0
metal4	20	156	992.07	417.2	0	0	0	1.09842	0
metal4	21	156	1048.07	417.2	0	0	0	1.09931	0
metal4	22	156	1086.21	417.2	0	0	0	1.09997	0
metal4	0	157	14.095	419.6	0	0	0	1.1	0
metal4	1	157	40.07	419.6	0	0	0	1.09919	0
metal4	2	157	96.07	419.6	0	0	0	1.09762	0
metal4	3	157	108.455	419.6	0	0	0	1.0973	0
metal4	4	157	109.295	419.6	0	0	0	1.09729	0
metal4	5	157	152.07	419.6	0	0	0	1.09638	0
metal4	6	157	208.07	419.6	0	0	0	1.09537	0
metal4	7	157	264.07	419.6	0	0	0	1.09453	0
metal4	8	157	320.07	419.6	0	0	0	1.09386	0
metal4	9	157	376.07	419.6	0	0	0	1.09338	0
metal4	10	157	432.07	419.6	0	0	0	1.09315	0
metal4	11	157	488.07	419.6	0	0	0	1.09317	0
metal4	12	157	544.07	419.6	0	0	0	1.09344	0
metal4	13	157	600.07	419.6	0	0	0	1.09378	0
metal4	14	157	656.07	419.6	0	0	0	1.0942	0
metal4	15	157	712.07	419.6	0	0	0	1.0947	0
metal4	16	157	768.07	419.6	0	0	0	1.09528	0
metal4	17	157	824.07	419.6	0	0	0	1.09595	0
metal4	18	157	880.07	419.6	0	0	0	1.09671	0
metal4	19	157	936.07	419.6	0	0	0	1.09754	0
metal4	20	157	992.07	419.6	0	0	0	1.09842	0
metal4	21	157	1048.07	419.6	0	0	0	1.09933	0
metal4	22	157	1086.21	419.6	0	0	0	1.1	0
metal4	0	158	14.095	420	0	0	0	1.09999	0
metal4	1	158	40.07	420	0	0	0	1.09918	0
metal4	2	158	96.07	420	0	0	0	1.0976	0
metal4	3	158	108.455	420	0	0	0	1.09729	0
metal4	4	158	109.295	420	0	0	0	1.09727	0
metal4	5	158	152.07	420	0	0	0	1.09637	0
metal4	6	158	208.07	420	0	0	0	1.09535	0
metal4	7	158	264.07	420	0	0	0	1.09451	0
metal4	8	158	320.07	420	0	0	0	1.09384	0
metal4	9	158	376.07	420	0	0	0	1.09336	0
metal4	10	158	432.07	420	0	0	0	1.09313	0
metal4	11	158	488.07	420	0	0	0	1.09315	0
metal4	12	158	544.07	420	0	0	0	1.09342	0
metal4	13	158	600.07	420	0	0	0	1.09377	0
metal4	14	158	656.07	420	0	0	0	1.09419	0
metal4	15	158	712.07	420	0	0	0	1.09469	0
metal4	16	158	768.07	420	0	0	0	1.09527	0
metal4	17	158	824.07	420	0	0	0	1.09594	0
metal4	18	158	880.07	420	0	0	0	1.0967	0
metal4	19	158	936.07	420	0	0	0	1.09753	0
metal4	20	158	992.07	420	0	0	0	1.09841	0
metal4	21	158	1048.07	420	0	0	0	1.09933	0
metal4	22	158	1086.21	420	0	0	0	1.09999	0
metal4	0	159	14.095	422.8	0	0	0	1.09993	0
metal4	1	159	40.07	422.8	0	0	0	1.09911	0
metal4	2	159	96.07	422.8	0	0	0	1.09752	0
metal4	3	159	108.455	422.8	0	0	0	1.09722	0
metal4	4	159	109.295	422.8	0	0	0	1.0972	0
metal4	5	159	152.07	422.8	0	0	0	1.09627	0
metal4	6	159	208.07	422.8	0	0	0	1.09524	0
metal4	7	159	264.07	422.8	0	0	0	1.09439	0
metal4	8	159	320.07	422.8	0	0	0	1.09371	0
metal4	9	159	376.07	422.8	0	0	0	1.0932	0
metal4	10	159	432.07	422.8	0	0	0	1.09296	0
metal4	11	159	488.07	422.8	0	0	0	1.09299	0
metal4	12	159	544.07	422.8	0	0	0	1.09333	0
metal4	13	159	600.07	422.8	0	0	0	1.09369	0
metal4	14	159	656.07	422.8	0	0	0	1.09411	0
metal4	15	159	712.07	422.8	0	0	0	1.09462	0
metal4	16	159	768.07	422.8	0	0	0	1.0952	0
metal4	17	159	824.07	422.8	0	0	0	1.09588	0
metal4	18	159	880.07	422.8	0	0	0	1.09665	0
metal4	19	159	936.07	422.8	0	0	0	1.0975	0
metal4	20	159	992.07	422.8	0	0	0	1.09839	0
metal4	21	159	1048.07	422.8	0	0	0	1.0993	0
metal4	22	159	1086.21	422.8	0	0	0	1.09996	0
metal4	0	160	14.095	425.6	0	0	0	1.09988	0
metal4	1	160	40.07	425.6	0	0	0	1.09906	0
metal4	2	160	96.07	425.6	0	0	0	1.09745	0
metal4	3	160	108.455	425.6	0	0	0	1.09716	0
metal4	4	160	109.295	425.6	0	0	0	1.09714	0
metal4	5	160	152.07	425.6	0	0	0	1.09619	0
metal4	6	160	208.07	425.6	0	0	0	1.09515	0
metal4	7	160	264.07	425.6	0	0	0	1.09429	0
metal4	8	160	320.07	425.6	0	0	0	1.0936	0
metal4	9	160	376.07	425.6	0	0	0	1.09306	0
metal4	10	160	432.07	425.6	0	0	0	1.09282	0
metal4	11	160	488.07	425.6	0	0	0	1.09286	0
metal4	12	160	544.07	425.6	0	0	0	1.09325	0
metal4	13	160	600.07	425.6	0	0	0	1.09361	0
metal4	14	160	656.07	425.6	0	0	0	1.09404	0
metal4	15	160	712.07	425.6	0	0	0	1.09455	0
metal4	16	160	768.07	425.6	0	0	0	1.09514	0
metal4	17	160	824.07	425.6	0	0	0	1.09582	0
metal4	18	160	880.07	425.6	0	0	0	1.0966	0
metal4	19	160	936.07	425.6	0	0	0	1.09747	0
metal4	20	160	992.07	425.6	0	0	0	1.09837	0
metal4	21	160	1048.07	425.6	0	0	0	1.09927	0
metal4	22	160	1086.21	425.6	0	0	0	1.09993	0
metal4	0	161	14.095	428.4	0	0	0	1.09985	0
metal4	1	161	40.07	428.4	0	0	0	1.09902	0
metal4	2	161	96.07	428.4	0	0	0	1.09739	0
metal4	3	161	108.455	428.4	0	0	0	1.09711	0
metal4	4	161	109.295	428.4	0	0	0	1.09709	0
metal4	5	161	152.07	428.4	0	0	0	1.09612	0
metal4	6	161	208.07	428.4	0	0	0	1.09507	0
metal4	7	161	264.07	428.4	0	0	0	1.0942	0
metal4	8	161	320.07	428.4	0	0	0	1.0935	0
metal4	9	161	376.07	428.4	0	0	0	1.09295	0
metal4	10	161	432.07	428.4	0	0	0	1.09271	0
metal4	11	161	488.07	428.4	0	0	0	1.09275	0
metal4	12	161	544.07	428.4	0	0	0	1.09317	0
metal4	13	161	600.07	428.4	0	0	0	1.09354	0
metal4	14	161	656.07	428.4	0	0	0	1.09397	0
metal4	15	161	712.07	428.4	0	0	0	1.09449	0
metal4	16	161	768.07	428.4	0	0	0	1.09509	0
metal4	17	161	824.07	428.4	0	0	0	1.09577	0
metal4	18	161	880.07	428.4	0	0	0	1.09656	0
metal4	19	161	936.07	428.4	0	0	0	1.09744	0
metal4	20	161	992.07	428.4	0	0	0	1.09835	0
metal4	21	161	1048.07	428.4	0	0	0	1.09925	0
metal4	22	161	1086.21	428.4	0	0	0	1.09991	0
metal4	0	162	14.095	431.2	0	0	0	1.09982	0
metal4	1	162	40.07	431.2	0	0	0	1.09899	0
metal4	2	162	96.07	431.2	0	0	0	1.09735	0
metal4	3	162	108.455	431.2	0	0	0	1.09707	0
metal4	4	162	109.295	431.2	0	0	0	1.09705	0
metal4	5	162	152.07	431.2	0	0	0	1.09606	0
metal4	6	162	208.07	431.2	0	0	0	1.095	0
metal4	7	162	264.07	431.2	0	0	0	1.09413	0
metal4	8	162	320.07	431.2	0	0	0	1.09342	0
metal4	9	162	376.07	431.2	0	0	0	1.09285	0
metal4	10	162	432.07	431.2	0	0	0	1.09261	0
metal4	11	162	488.07	431.2	0	0	0	1.09265	0
metal4	12	162	544.07	431.2	0	0	0	1.0931	0
metal4	13	162	600.07	431.2	0	0	0	1.09347	0
metal4	14	162	656.07	431.2	0	0	0	1.09391	0
metal4	15	162	712.07	431.2	0	0	0	1.09443	0
metal4	16	162	768.07	431.2	0	0	0	1.09504	0
metal4	17	162	824.07	431.2	0	0	0	1.09573	0
metal4	18	162	880.07	431.2	0	0	0	1.09653	0
metal4	19	162	936.07	431.2	0	0	0	1.09742	0
metal4	20	162	992.07	431.2	0	0	0	1.09833	0
metal4	21	162	1048.07	431.2	0	0	0	1.09924	0
metal4	22	162	1086.21	431.2	0	0	0	1.0999	0
metal4	0	163	14.095	434	0	0	0	1.09981	0
metal4	1	163	40.07	434	0	0	0	1.09897	0
metal4	2	163	96.07	434	0	0	0	1.09732	0
metal4	3	163	108.455	434	0	0	0	1.09704	0
metal4	4	163	109.295	434	0	0	0	1.09702	0
metal4	5	163	152.07	434	0	0	0	1.09602	0
metal4	6	163	208.07	434	0	0	0	1.09495	0
metal4	7	163	264.07	434	0	0	0	1.09407	0
metal4	8	163	320.07	434	0	0	0	1.09336	0
metal4	9	163	376.07	434	0	0	0	1.09278	0
metal4	10	163	432.07	434	0	0	0	1.09254	0
metal4	11	163	488.07	434	0	0	0	1.09258	0
metal4	12	163	544.07	434	0	0	0	1.09304	0
metal4	13	163	600.07	434	0	0	0	1.09342	0
metal4	14	163	656.07	434	0	0	0	1.09386	0
metal4	15	163	712.07	434	0	0	0	1.09439	0
metal4	16	163	768.07	434	0	0	0	1.095	0
metal4	17	163	824.07	434	0	0	0	1.09569	0
metal4	18	163	880.07	434	0	0	0	1.0965	0
metal4	19	163	936.07	434	0	0	0	1.0974	0
metal4	20	163	992.07	434	0	0	0	1.09832	0
metal4	21	163	1048.07	434	0	0	0	1.09923	0
metal4	22	163	1086.21	434	0	0	0	1.09989	0
metal4	0	164	14.095	436.8	0	0	0	1.09982	0
metal4	1	164	40.07	436.8	0	0	0	1.09897	0
metal4	2	164	96.07	436.8	0	0	0	1.09731	0
metal4	3	164	108.455	436.8	0	0	0	1.09703	0
metal4	4	164	109.295	436.8	0	0	0	1.097	0
metal4	5	164	152.07	436.8	0	0	0	1.096	0
metal4	6	164	208.07	436.8	0	0	0	1.09492	0
metal4	7	164	264.07	436.8	0	0	0	1.09403	0
metal4	8	164	320.07	436.8	0	0	0	1.09331	0
metal4	9	164	376.07	436.8	0	0	0	1.09273	0
metal4	10	164	432.07	436.8	0	0	0	1.09248	0
metal4	11	164	488.07	436.8	0	0	0	1.09253	0
metal4	12	164	544.07	436.8	0	0	0	1.09299	0
metal4	13	164	600.07	436.8	0	0	0	1.09337	0
metal4	14	164	656.07	436.8	0	0	0	1.09381	0
metal4	15	164	712.07	436.8	0	0	0	1.09434	0
metal4	16	164	768.07	436.8	0	0	0	1.09496	0
metal4	17	164	824.07	436.8	0	0	0	1.09566	0
metal4	18	164	880.07	436.8	0	0	0	1.09648	0
metal4	19	164	936.07	436.8	0	0	0	1.09738	0
metal4	20	164	992.07	436.8	0	0	0	1.09831	0
metal4	21	164	1048.07	436.8	0	0	0	1.09923	0
metal4	22	164	1086.21	436.8	0	0	0	1.09989	0
metal4	0	165	14.095	439.6	0	0	0	1.09983	0
metal4	1	165	40.07	439.6	0	0	0	1.09898	0
metal4	2	165	96.07	439.6	0	0	0	1.0973	0
metal4	3	165	108.455	439.6	0	0	0	1.09702	0
metal4	4	165	109.295	439.6	0	0	0	1.09699	0
metal4	5	165	152.07	439.6	0	0	0	1.09599	0
metal4	6	165	208.07	439.6	0	0	0	1.0949	0
metal4	7	165	264.07	439.6	0	0	0	1.094	0
metal4	8	165	320.07	439.6	0	0	0	1.09328	0
metal4	9	165	376.07	439.6	0	0	0	1.0927	0
metal4	10	165	432.07	439.6	0	0	0	1.09245	0
metal4	11	165	488.07	439.6	0	0	0	1.0925	0
metal4	12	165	544.07	439.6	0	0	0	1.09294	0
metal4	13	165	600.07	439.6	0	0	0	1.09332	0
metal4	14	165	656.07	439.6	0	0	0	1.09377	0
metal4	15	165	712.07	439.6	0	0	0	1.09431	0
metal4	16	165	768.07	439.6	0	0	0	1.09493	0
metal4	17	165	824.07	439.6	0	0	0	1.09564	0
metal4	18	165	880.07	439.6	0	0	0	1.09646	0
metal4	19	165	936.07	439.6	0	0	0	1.09736	0
metal4	20	165	992.07	439.6	0	0	0	1.0983	0
metal4	21	165	1048.07	439.6	0	0	0	1.09923	0
metal4	22	165	1086.21	439.6	0	0	0	1.0999	0
metal4	0	166	14.095	442.4	0	0	0	1.09986	0
metal4	1	166	40.07	442.4	0	0	0	1.09901	0
metal4	2	166	96.07	442.4	0	0	0	1.09732	0
metal4	3	166	108.455	442.4	0	0	0	1.09702	0
metal4	4	166	109.295	442.4	0	0	0	1.097	0
metal4	5	166	152.07	442.4	0	0	0	1.09599	0
metal4	6	166	208.07	442.4	0	0	0	1.09489	0
metal4	7	166	264.07	442.4	0	0	0	1.09399	0
metal4	8	166	320.07	442.4	0	0	0	1.09326	0
metal4	9	166	376.07	442.4	0	0	0	1.09269	0
metal4	10	166	432.07	442.4	0	0	0	1.09245	0
metal4	11	166	488.07	442.4	0	0	0	1.09249	0
metal4	12	166	544.07	442.4	0	0	0	1.0929	0
metal4	13	166	600.07	442.4	0	0	0	1.09328	0
metal4	14	166	656.07	442.4	0	0	0	1.09374	0
metal4	15	166	712.07	442.4	0	0	0	1.09428	0
metal4	16	166	768.07	442.4	0	0	0	1.09491	0
metal4	17	166	824.07	442.4	0	0	0	1.09563	0
metal4	18	166	880.07	442.4	0	0	0	1.09645	0
metal4	19	166	936.07	442.4	0	0	0	1.09735	0
metal4	20	166	992.07	442.4	0	0	0	1.09829	0
metal4	21	166	1048.07	442.4	0	0	0	1.09924	0
metal4	22	166	1086.21	442.4	0	0	0	1.09992	0
metal4	0	167	14.095	445.2	0	0	0	1.09991	0
metal4	1	167	40.07	445.2	0	0	0	1.09904	0
metal4	2	167	96.07	445.2	0	0	0	1.09734	0
metal4	3	167	108.455	445.2	0	0	0	1.09703	0
metal4	4	167	109.295	445.2	0	0	0	1.09701	0
metal4	5	167	152.07	445.2	0	0	0	1.09601	0
metal4	6	167	208.07	445.2	0	0	0	1.09491	0
metal4	7	167	264.07	445.2	0	0	0	1.094	0
metal4	8	167	320.07	445.2	0	0	0	1.09327	0
metal4	9	167	376.07	445.2	0	0	0	1.09271	0
metal4	10	167	432.07	445.2	0	0	0	1.09246	0
metal4	11	167	488.07	445.2	0	0	0	1.09249	0
metal4	12	167	544.07	445.2	0	0	0	1.09287	0
metal4	13	167	600.07	445.2	0	0	0	1.09325	0
metal4	14	167	656.07	445.2	0	0	0	1.09371	0
metal4	15	167	712.07	445.2	0	0	0	1.09426	0
metal4	16	167	768.07	445.2	0	0	0	1.09489	0
metal4	17	167	824.07	445.2	0	0	0	1.09562	0
metal4	18	167	880.07	445.2	0	0	0	1.09644	0
metal4	19	167	936.07	445.2	0	0	0	1.09735	0
metal4	20	167	992.07	445.2	0	0	0	1.09829	0
metal4	21	167	1048.07	445.2	0	0	0	1.09925	0
metal4	22	167	1086.21	445.2	0	0	0	1.09995	0
metal4	0	168	14.095	448	0	0	0	1.09996	0
metal4	1	168	40.07	448	0	0	0	1.09909	0
metal4	2	168	96.07	448	0	0	0	1.09738	0
metal4	3	168	108.455	448	0	0	0	1.09705	0
metal4	4	168	109.295	448	0	0	0	1.09703	0
metal4	5	168	152.07	448	0	0	0	1.09604	0
metal4	6	168	208.07	448	0	0	0	1.09493	0
metal4	7	168	264.07	448	0	0	0	1.09402	0
metal4	8	168	320.07	448	0	0	0	1.09329	0
metal4	9	168	376.07	448	0	0	0	1.09275	0
metal4	10	168	432.07	448	0	0	0	1.09249	0
metal4	11	168	488.07	448	0	0	0	1.09252	0
metal4	12	168	544.07	448	0	0	0	1.09285	0
metal4	13	168	600.07	448	0	0	0	1.09323	0
metal4	14	168	656.07	448	0	0	0	1.09369	0
metal4	15	168	712.07	448	0	0	0	1.09424	0
metal4	16	168	768.07	448	0	0	0	1.09489	0
metal4	17	168	824.07	448	0	0	0	1.09562	0
metal4	18	168	880.07	448	0	0	0	1.09644	0
metal4	19	168	936.07	448	0	0	0	1.09735	0
metal4	20	168	992.07	448	0	0	0	1.09829	0
metal4	21	168	1048.07	448	0	0	0	1.09927	0
metal4	22	168	1086.21	448	0	0	0	1.09998	0
metal4	0	169	14.095	449.6	0	0	0	1.1	0
metal4	1	169	40.07	449.6	0	0	0	1.09913	0
metal4	2	169	96.07	449.6	0	0	0	1.09741	0
metal4	3	169	108.455	449.6	0	0	0	1.09707	0
metal4	4	169	109.295	449.6	0	0	0	1.09705	0
metal4	5	169	152.07	449.6	0	0	0	1.09607	0
metal4	6	169	208.07	449.6	0	0	0	1.09496	0
metal4	7	169	264.07	449.6	0	0	0	1.09404	0
metal4	8	169	320.07	449.6	0	0	0	1.0933	0
metal4	9	169	376.07	449.6	0	0	0	1.09278	0
metal4	10	169	432.07	449.6	0	0	0	1.09253	0
metal4	11	169	488.07	449.6	0	0	0	1.09255	0
metal4	12	169	544.07	449.6	0	0	0	1.09284	0
metal4	13	169	600.07	449.6	0	0	0	1.09322	0
metal4	14	169	656.07	449.6	0	0	0	1.09368	0
metal4	15	169	712.07	449.6	0	0	0	1.09424	0
metal4	16	169	768.07	449.6	0	0	0	1.09488	0
metal4	17	169	824.07	449.6	0	0	0	1.09562	0
metal4	18	169	880.07	449.6	0	0	0	1.09645	0
metal4	19	169	936.07	449.6	0	0	0	1.09734	0
metal4	20	169	992.07	449.6	0	0	0	1.09829	0
metal4	21	169	1048.07	449.6	0	0	0	1.09928	0
metal4	22	169	1086.21	449.6	0	0	0	1.1	0
metal4	0	170	14.095	450.8	0	0	0	1.09997	0
metal4	1	170	40.07	450.8	0	0	0	1.0991	0
metal4	2	170	96.07	450.8	0	0	0	1.09737	0
metal4	3	170	108.455	450.8	0	0	0	1.09704	0
metal4	4	170	109.295	450.8	0	0	0	1.09702	0
metal4	5	170	152.07	450.8	0	0	0	1.09602	0
metal4	6	170	208.07	450.8	0	0	0	1.09491	0
metal4	7	170	264.07	450.8	0	0	0	1.09399	0
metal4	8	170	320.07	450.8	0	0	0	1.09325	0
metal4	9	170	376.07	450.8	0	0	0	1.09271	0
metal4	10	170	432.07	450.8	0	0	0	1.09246	0
metal4	11	170	488.07	450.8	0	0	0	1.09248	0
metal4	12	170	544.07	450.8	0	0	0	1.0928	0
metal4	13	170	600.07	450.8	0	0	0	1.09318	0
metal4	14	170	656.07	450.8	0	0	0	1.09365	0
metal4	15	170	712.07	450.8	0	0	0	1.0942	0
metal4	16	170	768.07	450.8	0	0	0	1.09485	0
metal4	17	170	824.07	450.8	0	0	0	1.09559	0
metal4	18	170	880.07	450.8	0	0	0	1.09642	0
metal4	19	170	936.07	450.8	0	0	0	1.09733	0
metal4	20	170	992.07	450.8	0	0	0	1.09828	0
metal4	21	170	1048.07	450.8	0	0	0	1.09927	0
metal4	22	170	1086.21	450.8	0	0	0	1.09998	0
metal4	0	171	14.095	453.6	0	0	0	1.09991	0
metal4	1	171	40.07	453.6	0	0	0	1.09903	0
metal4	2	171	96.07	453.6	0	0	0	1.0973	0
metal4	3	171	108.455	453.6	0	0	0	1.09698	0
metal4	4	171	109.295	453.6	0	0	0	1.09696	0
metal4	5	171	152.07	453.6	0	0	0	1.09594	0
metal4	6	171	208.07	453.6	0	0	0	1.09481	0
metal4	7	171	264.07	453.6	0	0	0	1.09388	0
metal4	8	171	320.07	453.6	0	0	0	1.09313	0
metal4	9	171	376.07	453.6	0	0	0	1.09257	0
metal4	10	171	432.07	453.6	0	0	0	1.09231	0
metal4	11	171	488.07	453.6	0	0	0	1.09234	0
metal4	12	171	544.07	453.6	0	0	0	1.09271	0
metal4	13	171	600.07	453.6	0	0	0	1.0931	0
metal4	14	171	656.07	453.6	0	0	0	1.09357	0
metal4	15	171	712.07	453.6	0	0	0	1.09413	0
metal4	16	171	768.07	453.6	0	0	0	1.09478	0
metal4	17	171	824.07	453.6	0	0	0	1.09553	0
metal4	18	171	880.07	453.6	0	0	0	1.09638	0
metal4	19	171	936.07	453.6	0	0	0	1.09729	0
metal4	20	171	992.07	453.6	0	0	0	1.09825	0
metal4	21	171	1048.07	453.6	0	0	0	1.09924	0
metal4	22	171	1086.21	453.6	0	0	0	1.09995	0
metal4	0	172	14.095	456.4	0	0	0	1.09986	0
metal4	1	172	40.07	456.4	0	0	0	1.09898	0
metal4	2	172	96.07	456.4	0	0	0	1.09724	0
metal4	3	172	108.455	456.4	0	0	0	1.09693	0
metal4	4	172	109.295	456.4	0	0	0	1.09691	0
metal4	5	172	152.07	456.4	0	0	0	1.09587	0
metal4	6	172	208.07	456.4	0	0	0	1.09473	0
metal4	7	172	264.07	456.4	0	0	0	1.09379	0
metal4	8	172	320.07	456.4	0	0	0	1.09304	0
metal4	9	172	376.07	456.4	0	0	0	1.09245	0
metal4	10	172	432.07	456.4	0	0	0	1.09219	0
metal4	11	172	488.07	456.4	0	0	0	1.09222	0
metal4	12	172	544.07	456.4	0	0	0	1.09263	0
metal4	13	172	600.07	456.4	0	0	0	1.09302	0
metal4	14	172	656.07	456.4	0	0	0	1.09349	0
metal4	15	172	712.07	456.4	0	0	0	1.09406	0
metal4	16	172	768.07	456.4	0	0	0	1.09472	0
metal4	17	172	824.07	456.4	0	0	0	1.09547	0
metal4	18	172	880.07	456.4	0	0	0	1.09634	0
metal4	19	172	936.07	456.4	0	0	0	1.09726	0
metal4	20	172	992.07	456.4	0	0	0	1.09823	0
metal4	21	172	1048.07	456.4	0	0	0	1.09921	0
metal4	22	172	1086.21	456.4	0	0	0	1.09992	0
metal4	0	173	14.095	459.2	0	0	0	1.09983	0
metal4	1	173	40.07	459.2	0	0	0	1.09895	0
metal4	2	173	96.07	459.2	0	0	0	1.09719	0
metal4	3	173	108.455	459.2	0	0	0	1.09689	0
metal4	4	173	109.295	459.2	0	0	0	1.09686	0
metal4	5	173	152.07	459.2	0	0	0	1.09581	0
metal4	6	173	208.07	459.2	0	0	0	1.09467	0
metal4	7	173	264.07	459.2	0	0	0	1.09372	0
metal4	8	173	320.07	459.2	0	0	0	1.09296	0
metal4	9	173	376.07	459.2	0	0	0	1.09235	0
metal4	10	173	432.07	459.2	0	0	0	1.09208	0
metal4	11	173	488.07	459.2	0	0	0	1.09212	0
metal4	12	173	544.07	459.2	0	0	0	1.09256	0
metal4	13	173	600.07	459.2	0	0	0	1.09295	0
metal4	14	173	656.07	459.2	0	0	0	1.09343	0
metal4	15	173	712.07	459.2	0	0	0	1.09399	0
metal4	16	173	768.07	459.2	0	0	0	1.09466	0
metal4	17	173	824.07	459.2	0	0	0	1.09542	0
metal4	18	173	880.07	459.2	0	0	0	1.0963	0
metal4	19	173	936.07	459.2	0	0	0	1.09723	0
metal4	20	173	992.07	459.2	0	0	0	1.09821	0
metal4	21	173	1048.07	459.2	0	0	0	1.09919	0
metal4	22	173	1086.21	459.2	0	0	0	1.0999	0
metal4	0	174	14.095	462	0	0	0	1.09981	0
metal4	1	174	40.07	462	0	0	0	1.09892	0
metal4	2	174	96.07	462	0	0	0	1.09716	0
metal4	3	174	108.455	462	0	0	0	1.09686	0
metal4	4	174	109.295	462	0	0	0	1.09683	0
metal4	5	174	152.07	462	0	0	0	1.09577	0
metal4	6	174	208.07	462	0	0	0	1.09462	0
metal4	7	174	264.07	462	0	0	0	1.09366	0
metal4	8	174	320.07	462	0	0	0	1.09289	0
metal4	9	174	376.07	462	0	0	0	1.09227	0
metal4	10	174	432.07	462	0	0	0	1.092	0
metal4	11	174	488.07	462	0	0	0	1.09204	0
metal4	12	174	544.07	462	0	0	0	1.0925	0
metal4	13	174	600.07	462	0	0	0	1.09289	0
metal4	14	174	656.07	462	0	0	0	1.09337	0
metal4	15	174	712.07	462	0	0	0	1.09394	0
metal4	16	174	768.07	462	0	0	0	1.09461	0
metal4	17	174	824.07	462	0	0	0	1.09538	0
metal4	18	174	880.07	462	0	0	0	1.09627	0
metal4	19	174	936.07	462	0	0	0	1.09721	0
metal4	20	174	992.07	462	0	0	0	1.09819	0
metal4	21	174	1048.07	462	0	0	0	1.09918	0
metal4	22	174	1086.21	462	0	0	0	1.09989	0
metal4	0	175	14.095	464.8	0	0	0	1.09981	0
metal4	1	175	40.07	464.8	0	0	0	1.09891	0
metal4	2	175	96.07	464.8	0	0	0	1.09714	0
metal4	3	175	108.455	464.8	0	0	0	1.09684	0
metal4	4	175	109.295	464.8	0	0	0	1.09681	0
metal4	5	175	152.07	464.8	0	0	0	1.09574	0
metal4	6	175	208.07	464.8	0	0	0	1.09458	0
metal4	7	175	264.07	464.8	0	0	0	1.09362	0
metal4	8	175	320.07	464.8	0	0	0	1.09284	0
metal4	9	175	376.07	464.8	0	0	0	1.09222	0
metal4	10	175	432.07	464.8	0	0	0	1.09194	0
metal4	11	175	488.07	464.8	0	0	0	1.09198	0
metal4	12	175	544.07	464.8	0	0	0	1.09244	0
metal4	13	175	600.07	464.8	0	0	0	1.09284	0
metal4	14	175	656.07	464.8	0	0	0	1.09331	0
metal4	15	175	712.07	464.8	0	0	0	1.09389	0
metal4	16	175	768.07	464.8	0	0	0	1.09456	0
metal4	17	175	824.07	464.8	0	0	0	1.09534	0
metal4	18	175	880.07	464.8	0	0	0	1.09624	0
metal4	19	175	936.07	464.8	0	0	0	1.09719	0
metal4	20	175	992.07	464.8	0	0	0	1.09817	0
metal4	21	175	1048.07	464.8	0	0	0	1.09917	0
metal4	22	175	1086.21	464.8	0	0	0	1.09989	0
metal4	0	176	14.095	467.6	0	0	0	1.09981	0
metal4	1	176	40.07	467.6	0	0	0	1.09892	0
metal4	2	176	96.07	467.6	0	0	0	1.09714	0
metal4	3	176	108.455	467.6	0	0	0	1.09683	0
metal4	4	176	109.295	467.6	0	0	0	1.0968	0
metal4	5	176	152.07	467.6	0	0	0	1.09573	0
metal4	6	176	208.07	467.6	0	0	0	1.09456	0
metal4	7	176	264.07	467.6	0	0	0	1.0936	0
metal4	8	176	320.07	467.6	0	0	0	1.09281	0
metal4	9	176	376.07	467.6	0	0	0	1.09219	0
metal4	10	176	432.07	467.6	0	0	0	1.09191	0
metal4	11	176	488.07	467.6	0	0	0	1.09194	0
metal4	12	176	544.07	467.6	0	0	0	1.09239	0
metal4	13	176	600.07	467.6	0	0	0	1.09279	0
metal4	14	176	656.07	467.6	0	0	0	1.09327	0
metal4	15	176	712.07	467.6	0	0	0	1.09384	0
metal4	16	176	768.07	467.6	0	0	0	1.09452	0
metal4	17	176	824.07	467.6	0	0	0	1.09531	0
metal4	18	176	880.07	467.6	0	0	0	1.09622	0
metal4	19	176	936.07	467.6	0	0	0	1.09717	0
metal4	20	176	992.07	467.6	0	0	0	1.09816	0
metal4	21	176	1048.07	467.6	0	0	0	1.09917	0
metal4	22	176	1086.21	467.6	0	0	0	1.09989	0
metal4	0	177	14.095	470.4	0	0	0	1.09983	0
metal4	1	177	40.07	470.4	0	0	0	1.09893	0
metal4	2	177	96.07	470.4	0	0	0	1.09714	0
metal4	3	177	108.455	470.4	0	0	0	1.09683	0
metal4	4	177	109.295	470.4	0	0	0	1.09681	0
metal4	5	177	152.07	470.4	0	0	0	1.09573	0
metal4	6	177	208.07	470.4	0	0	0	1.09456	0
metal4	7	177	264.07	470.4	0	0	0	1.09359	0
metal4	8	177	320.07	470.4	0	0	0	1.0928	0
metal4	9	177	376.07	470.4	0	0	0	1.09218	0
metal4	10	177	432.07	470.4	0	0	0	1.09189	0
metal4	11	177	488.07	470.4	0	0	0	1.09192	0
metal4	12	177	544.07	470.4	0	0	0	1.09235	0
metal4	13	177	600.07	470.4	0	0	0	1.09274	0
metal4	14	177	656.07	470.4	0	0	0	1.09322	0
metal4	15	177	712.07	470.4	0	0	0	1.09381	0
metal4	16	177	768.07	470.4	0	0	0	1.09449	0
metal4	17	177	824.07	470.4	0	0	0	1.09528	0
metal4	18	177	880.07	470.4	0	0	0	1.0962	0
metal4	19	177	936.07	470.4	0	0	0	1.09715	0
metal4	20	177	992.07	470.4	0	0	0	1.09815	0
metal4	21	177	1048.07	470.4	0	0	0	1.09917	0
metal4	22	177	1086.21	470.4	0	0	0	1.0999	0
metal4	0	178	14.095	473.2	0	0	0	1.09987	0
metal4	1	178	40.07	473.2	0	0	0	1.09896	0
metal4	2	178	96.07	473.2	0	0	0	1.09716	0
metal4	3	178	108.455	473.2	0	0	0	1.09684	0
metal4	4	178	109.295	473.2	0	0	0	1.09682	0
metal4	5	178	152.07	473.2	0	0	0	1.09575	0
metal4	6	178	208.07	473.2	0	0	0	1.09457	0
metal4	7	178	264.07	473.2	0	0	0	1.09359	0
metal4	8	178	320.07	473.2	0	0	0	1.0928	0
metal4	9	178	376.07	473.2	0	0	0	1.09219	0
metal4	10	178	432.07	473.2	0	0	0	1.0919	0
metal4	11	178	488.07	473.2	0	0	0	1.09192	0
metal4	12	178	544.07	473.2	0	0	0	1.09232	0
metal4	13	178	600.07	473.2	0	0	0	1.09271	0
metal4	14	178	656.07	473.2	0	0	0	1.09319	0
metal4	15	178	712.07	473.2	0	0	0	1.09378	0
metal4	16	178	768.07	473.2	0	0	0	1.09447	0
metal4	17	178	824.07	473.2	0	0	0	1.09526	0
metal4	18	178	880.07	473.2	0	0	0	1.09618	0
metal4	19	178	936.07	473.2	0	0	0	1.09714	0
metal4	20	178	992.07	473.2	0	0	0	1.09815	0
metal4	21	178	1048.07	473.2	0	0	0	1.09918	0
metal4	22	178	1086.21	473.2	0	0	0	1.09992	0
metal4	0	179	14.095	476	0	0	0	1.09992	0
metal4	1	179	40.07	476	0	0	0	1.099	0
metal4	2	179	96.07	476	0	0	0	1.0972	0
metal4	3	179	108.455	476	0	0	0	1.09686	0
metal4	4	179	109.295	476	0	0	0	1.09684	0
metal4	5	179	152.07	476	0	0	0	1.09578	0
metal4	6	179	208.07	476	0	0	0	1.09459	0
metal4	7	179	264.07	476	0	0	0	1.09361	0
metal4	8	179	320.07	476	0	0	0	1.09282	0
metal4	9	179	376.07	476	0	0	0	1.09222	0
metal4	10	179	432.07	476	0	0	0	1.09193	0
metal4	11	179	488.07	476	0	0	0	1.09194	0
metal4	12	179	544.07	476	0	0	0	1.09229	0
metal4	13	179	600.07	476	0	0	0	1.09268	0
metal4	14	179	656.07	476	0	0	0	1.09316	0
metal4	15	179	712.07	476	0	0	0	1.09375	0
metal4	16	179	768.07	476	0	0	0	1.09445	0
metal4	17	179	824.07	476	0	0	0	1.09525	0
metal4	18	179	880.07	476	0	0	0	1.09617	0
metal4	19	179	936.07	476	0	0	0	1.09713	0
metal4	20	179	992.07	476	0	0	0	1.09814	0
metal4	21	179	1048.07	476	0	0	0	1.09919	0
metal4	22	179	1086.21	476	0	0	0	1.09995	0
metal4	0	180	14.095	478.8	0	0	0	1.09998	0
metal4	1	180	40.07	478.8	0	0	0	1.09906	0
metal4	2	180	96.07	478.8	0	0	0	1.09725	0
metal4	3	180	108.455	478.8	0	0	0	1.09689	0
metal4	4	180	109.295	478.8	0	0	0	1.09687	0
metal4	5	180	152.07	478.8	0	0	0	1.09582	0
metal4	6	180	208.07	478.8	0	0	0	1.09463	0
metal4	7	180	264.07	478.8	0	0	0	1.09365	0
metal4	8	180	320.07	478.8	0	0	0	1.09286	0
metal4	9	180	376.07	478.8	0	0	0	1.09227	0
metal4	10	180	432.07	478.8	0	0	0	1.09198	0
metal4	11	180	488.07	478.8	0	0	0	1.09198	0
metal4	12	180	544.07	478.8	0	0	0	1.09227	0
metal4	13	180	600.07	478.8	0	0	0	1.09266	0
metal4	14	180	656.07	478.8	0	0	0	1.09314	0
metal4	15	180	712.07	478.8	0	0	0	1.09373	0
metal4	16	180	768.07	478.8	0	0	0	1.09443	0
metal4	17	180	824.07	478.8	0	0	0	1.09524	0
metal4	18	180	880.07	478.8	0	0	0	1.09615	0
metal4	19	180	936.07	478.8	0	0	0	1.09712	0
metal4	20	180	992.07	478.8	0	0	0	1.09815	0
metal4	21	180	1048.07	478.8	0	0	0	1.09921	0
metal4	22	180	1086.21	478.8	0	0	0	1.09999	0
metal4	0	181	14.095	479.6	0	0	0	1.1	0
metal4	1	181	40.07	479.6	0	0	0	1.09908	0
metal4	2	181	96.07	479.6	0	0	0	1.09727	0
metal4	3	181	108.455	479.6	0	0	0	1.09691	0
metal4	4	181	109.295	479.6	0	0	0	1.09688	0
metal4	5	181	152.07	479.6	0	0	0	1.09584	0
metal4	6	181	208.07	479.6	0	0	0	1.09465	0
metal4	7	181	264.07	479.6	0	0	0	1.09366	0
metal4	8	181	320.07	479.6	0	0	0	1.09287	0
metal4	9	181	376.07	479.6	0	0	0	1.09229	0
metal4	10	181	432.07	479.6	0	0	0	1.092	0
metal4	11	181	488.07	479.6	0	0	0	1.092	0
metal4	12	181	544.07	479.6	0	0	0	1.09227	0
metal4	13	181	600.07	479.6	0	0	0	1.09265	0
metal4	14	181	656.07	479.6	0	0	0	1.09314	0
metal4	15	181	712.07	479.6	0	0	0	1.09373	0
metal4	16	181	768.07	479.6	0	0	0	1.09443	0
metal4	17	181	824.07	479.6	0	0	0	1.09524	0
metal4	18	181	880.07	479.6	0	0	0	1.09615	0
metal4	19	181	936.07	479.6	0	0	0	1.09712	0
metal4	20	181	992.07	479.6	0	0	0	1.09815	0
metal4	21	181	1048.07	479.6	0	0	0	1.09922	0
metal4	22	181	1086.21	479.6	0	0	0	1.1	0
metal4	0	182	14.095	481.6	0	0	0	1.09995	0
metal4	1	182	40.07	481.6	0	0	0	1.09903	0
metal4	2	182	96.07	481.6	0	0	0	1.09721	0
metal4	3	182	108.455	481.6	0	0	0	1.09686	0
metal4	4	182	109.295	481.6	0	0	0	1.09684	0
metal4	5	182	152.07	481.6	0	0	0	1.09577	0
metal4	6	182	208.07	481.6	0	0	0	1.09458	0
metal4	7	182	264.07	481.6	0	0	0	1.09359	0
metal4	8	182	320.07	481.6	0	0	0	1.09279	0
metal4	9	182	376.07	481.6	0	0	0	1.09219	0
metal4	10	182	432.07	481.6	0	0	0	1.09189	0
metal4	11	182	488.07	481.6	0	0	0	1.09189	0
metal4	12	182	544.07	481.6	0	0	0	1.0922	0
metal4	13	182	600.07	481.6	0	0	0	1.09258	0
metal4	14	182	656.07	481.6	0	0	0	1.09307	0
metal4	15	182	712.07	481.6	0	0	0	1.09366	0
metal4	16	182	768.07	481.6	0	0	0	1.09437	0
metal4	17	182	824.07	481.6	0	0	0	1.09519	0
metal4	18	182	880.07	481.6	0	0	0	1.09611	0
metal4	19	182	936.07	481.6	0	0	0	1.09709	0
metal4	20	182	992.07	481.6	0	0	0	1.09812	0
metal4	21	182	1048.07	481.6	0	0	0	1.09919	0
metal4	22	182	1086.21	481.6	0	0	0	1.09997	0
metal4	0	183	14.095	484.4	0	0	0	1.09989	0
metal4	1	183	40.07	484.4	0	0	0	1.09897	0
metal4	2	183	96.07	484.4	0	0	0	1.09714	0
metal4	3	183	108.455	484.4	0	0	0	1.09681	0
metal4	4	183	109.295	484.4	0	0	0	1.09678	0
metal4	5	183	152.07	484.4	0	0	0	1.0957	0
metal4	6	183	208.07	484.4	0	0	0	1.09449	0
metal4	7	183	264.07	484.4	0	0	0	1.09349	0
metal4	8	183	320.07	484.4	0	0	0	1.09268	0
metal4	9	183	376.07	484.4	0	0	0	1.09205	0
metal4	10	183	432.07	484.4	0	0	0	1.09175	0
metal4	11	183	488.07	484.4	0	0	0	1.09175	0
metal4	12	183	544.07	484.4	0	0	0	1.09211	0
metal4	13	183	600.07	484.4	0	0	0	1.09249	0
metal4	14	183	656.07	484.4	0	0	0	1.09297	0
metal4	15	183	712.07	484.4	0	0	0	1.09357	0
metal4	16	183	768.07	484.4	0	0	0	1.09428	0
metal4	17	183	824.07	484.4	0	0	0	1.09511	0
metal4	18	183	880.07	484.4	0	0	0	1.09606	0
metal4	19	183	936.07	484.4	0	0	0	1.09705	0
metal4	20	183	992.07	484.4	0	0	0	1.09809	0
metal4	21	183	1048.07	484.4	0	0	0	1.09916	0
metal4	22	183	1086.21	484.4	0	0	0	1.09994	0
metal4	0	184	14.095	487.2	0	0	0	1.09985	0
metal4	1	184	40.07	487.2	0	0	0	1.09893	0
metal4	2	184	96.07	487.2	0	0	0	1.09709	0
metal4	3	184	108.455	487.2	0	0	0	1.09676	0
metal4	4	184	109.295	487.2	0	0	0	1.09674	0
metal4	5	184	152.07	487.2	0	0	0	1.09564	0
metal4	6	184	208.07	487.2	0	0	0	1.09442	0
metal4	7	184	264.07	487.2	0	0	0	1.09341	0
metal4	8	184	320.07	487.2	0	0	0	1.09259	0
metal4	9	184	376.07	487.2	0	0	0	1.09194	0
metal4	10	184	432.07	487.2	0	0	0	1.09163	0
metal4	11	184	488.07	487.2	0	0	0	1.09163	0
metal4	12	184	544.07	487.2	0	0	0	1.09202	0
metal4	13	184	600.07	487.2	0	0	0	1.0924	0
metal4	14	184	656.07	487.2	0	0	0	1.09288	0
metal4	15	184	712.07	487.2	0	0	0	1.09348	0
metal4	16	184	768.07	487.2	0	0	0	1.0942	0
metal4	17	184	824.07	487.2	0	0	0	1.09504	0
metal4	18	184	880.07	487.2	0	0	0	1.09601	0
metal4	19	184	936.07	487.2	0	0	0	1.09701	0
metal4	20	184	992.07	487.2	0	0	0	1.09807	0
metal4	21	184	1048.07	487.2	0	0	0	1.09914	0
metal4	22	184	1086.21	487.2	0	0	0	1.09991	0
metal4	0	185	14.095	490	0	0	0	1.09982	0
metal4	1	185	40.07	490	0	0	0	1.0989	0
metal4	2	185	96.07	490	0	0	0	1.09705	0
metal4	3	185	108.455	490	0	0	0	1.09673	0
metal4	4	185	109.295	490	0	0	0	1.09671	0
metal4	5	185	152.07	490	0	0	0	1.09559	0
metal4	6	185	208.07	490	0	0	0	1.09437	0
metal4	7	185	264.07	490	0	0	0	1.09335	0
metal4	8	185	320.07	490	0	0	0	1.09252	0
metal4	9	185	376.07	490	0	0	0	1.09186	0
metal4	10	185	432.07	490	0	0	0	1.09154	0
metal4	11	185	488.07	490	0	0	0	1.09153	0
metal4	12	185	544.07	490	0	0	0	1.09194	0
metal4	13	185	600.07	490	0	0	0	1.09232	0
metal4	14	185	656.07	490	0	0	0	1.0928	0
metal4	15	185	712.07	490	0	0	0	1.0934	0
metal4	16	185	768.07	490	0	0	0	1.09412	0
metal4	17	185	824.07	490	0	0	0	1.09498	0
metal4	18	185	880.07	490	0	0	0	1.09597	0
metal4	19	185	936.07	490	0	0	0	1.09698	0
metal4	20	185	992.07	490	0	0	0	1.09804	0
metal4	21	185	1048.07	490	0	0	0	1.09912	0
metal4	22	185	1086.21	490	0	0	0	1.09989	0
metal4	0	186	14.095	492.8	0	0	0	1.0998	0
metal4	1	186	40.07	492.8	0	0	0	1.09888	0
metal4	2	186	96.07	492.8	0	0	0	1.09703	0
metal4	3	186	108.455	492.8	0	0	0	1.09671	0
metal4	4	186	109.295	492.8	0	0	0	1.09668	0
metal4	5	186	152.07	492.8	0	0	0	1.09556	0
metal4	6	186	208.07	492.8	0	0	0	1.09433	0
metal4	7	186	264.07	492.8	0	0	0	1.09331	0
metal4	8	186	320.07	492.8	0	0	0	1.09247	0
metal4	9	186	376.07	492.8	0	0	0	1.09179	0
metal4	10	186	432.07	492.8	0	0	0	1.09147	0
metal4	11	186	488.07	492.8	0	0	0	1.09145	0
metal4	12	186	544.07	492.8	0	0	0	1.09187	0
metal4	13	186	600.07	492.8	0	0	0	1.09225	0
metal4	14	186	656.07	492.8	0	0	0	1.09273	0
metal4	15	186	712.07	492.8	0	0	0	1.09333	0
metal4	16	186	768.07	492.8	0	0	0	1.09406	0
metal4	17	186	824.07	492.8	0	0	0	1.09492	0
metal4	18	186	880.07	492.8	0	0	0	1.09592	0
metal4	19	186	936.07	492.8	0	0	0	1.09695	0
metal4	20	186	992.07	492.8	0	0	0	1.09802	0
metal4	21	186	1048.07	492.8	0	0	0	1.09911	0
metal4	22	186	1086.21	492.8	0	0	0	1.09988	0
metal4	0	187	14.095	495.6	0	0	0	1.0998	0
metal4	1	187	40.07	495.6	0	0	0	1.09888	0
metal4	2	187	96.07	495.6	0	0	0	1.09702	0
metal4	3	187	108.455	495.6	0	0	0	1.0967	0
metal4	4	187	109.295	495.6	0	0	0	1.09667	0
metal4	5	187	152.07	495.6	0	0	0	1.09554	0
metal4	6	187	208.07	495.6	0	0	0	1.0943	0
metal4	7	187	264.07	495.6	0	0	0	1.09327	0
metal4	8	187	320.07	495.6	0	0	0	1.09243	0
metal4	9	187	376.07	495.6	0	0	0	1.09175	0
metal4	10	187	432.07	495.6	0	0	0	1.09141	0
metal4	11	187	488.07	495.6	0	0	0	1.0914	0
metal4	12	187	544.07	495.6	0	0	0	1.09181	0
metal4	13	187	600.07	495.6	0	0	0	1.09218	0
metal4	14	187	656.07	495.6	0	0	0	1.09266	0
metal4	15	187	712.07	495.6	0	0	0	1.09326	0
metal4	16	187	768.07	495.6	0	0	0	1.09399	0
metal4	17	187	824.07	495.6	0	0	0	1.09487	0
metal4	18	187	880.07	495.6	0	0	0	1.09588	0
metal4	19	187	936.07	495.6	0	0	0	1.09692	0
metal4	20	187	992.07	495.6	0	0	0	1.098	0
metal4	21	187	1048.07	495.6	0	0	0	1.0991	0
metal4	22	187	1086.21	495.6	0	0	0	1.09988	0
metal4	0	188	14.095	498.4	0	0	0	1.09981	0
metal4	1	188	40.07	498.4	0	0	0	1.09888	0
metal4	2	188	96.07	498.4	0	0	0	1.09702	0
metal4	3	188	108.455	498.4	0	0	0	1.09669	0
metal4	4	188	109.295	498.4	0	0	0	1.09667	0
metal4	5	188	152.07	498.4	0	0	0	1.09553	0
metal4	6	188	208.07	498.4	0	0	0	1.09429	0
metal4	7	188	264.07	498.4	0	0	0	1.09326	0
metal4	8	188	320.07	498.4	0	0	0	1.09241	0
metal4	9	188	376.07	498.4	0	0	0	1.09172	0
metal4	10	188	432.07	498.4	0	0	0	1.09139	0
metal4	11	188	488.07	498.4	0	0	0	1.09136	0
metal4	12	188	544.07	498.4	0	0	0	1.09176	0
metal4	13	188	600.07	498.4	0	0	0	1.09212	0
metal4	14	188	656.07	498.4	0	0	0	1.09259	0
metal4	15	188	712.07	498.4	0	0	0	1.0932	0
metal4	16	188	768.07	498.4	0	0	0	1.09394	0
metal4	17	188	824.07	498.4	0	0	0	1.09482	0
metal4	18	188	880.07	498.4	0	0	0	1.09585	0
metal4	19	188	936.07	498.4	0	0	0	1.09689	0
metal4	20	188	992.07	498.4	0	0	0	1.09799	0
metal4	21	188	1048.07	498.4	0	0	0	1.0991	0
metal4	22	188	1086.21	498.4	0	0	0	1.09989	0
metal4	0	189	14.095	501.2	0	0	0	1.09984	0
metal4	1	189	40.07	501.2	0	0	0	1.0989	0
metal4	2	189	96.07	501.2	0	0	0	1.09703	0
metal4	3	189	108.455	501.2	0	0	0	1.0967	0
metal4	4	189	109.295	501.2	0	0	0	1.09668	0
metal4	5	189	152.07	501.2	0	0	0	1.09554	0
metal4	6	189	208.07	501.2	0	0	0	1.0943	0
metal4	7	189	264.07	501.2	0	0	0	1.09326	0
metal4	8	189	320.07	501.2	0	0	0	1.0924	0
metal4	9	189	376.07	501.2	0	0	0	1.09172	0
metal4	10	189	432.07	501.2	0	0	0	1.09138	0
metal4	11	189	488.07	501.2	0	0	0	1.09134	0
metal4	12	189	544.07	501.2	0	0	0	1.09171	0
metal4	13	189	600.07	501.2	0	0	0	1.09206	0
metal4	14	189	656.07	501.2	0	0	0	1.09254	0
metal4	15	189	712.07	501.2	0	0	0	1.09315	0
metal4	16	189	768.07	501.2	0	0	0	1.09389	0
metal4	17	189	824.07	501.2	0	0	0	1.09478	0
metal4	18	189	880.07	501.2	0	0	0	1.09581	0
metal4	19	189	936.07	501.2	0	0	0	1.09687	0
metal4	20	189	992.07	501.2	0	0	0	1.09798	0
metal4	21	189	1048.07	501.2	0	0	0	1.0991	0
metal4	22	189	1086.21	501.2	0	0	0	1.0999	0
metal4	0	190	14.095	504	0	0	0	1.09988	0
metal4	1	190	40.07	504	0	0	0	1.09894	0
metal4	2	190	96.07	504	0	0	0	1.09706	0
metal4	3	190	108.455	504	0	0	0	1.09672	0
metal4	4	190	109.295	504	0	0	0	1.09669	0
metal4	5	190	152.07	504	0	0	0	1.09557	0
metal4	6	190	208.07	504	0	0	0	1.09432	0
metal4	7	190	264.07	504	0	0	0	1.09327	0
metal4	8	190	320.07	504	0	0	0	1.09242	0
metal4	9	190	376.07	504	0	0	0	1.09174	0
metal4	10	190	432.07	504	0	0	0	1.09139	0
metal4	11	190	488.07	504	0	0	0	1.09135	0
metal4	12	190	544.07	504	0	0	0	1.09167	0
metal4	13	190	600.07	504	0	0	0	1.09201	0
metal4	14	190	656.07	504	0	0	0	1.09249	0
metal4	15	190	712.07	504	0	0	0	1.0931	0
metal4	16	190	768.07	504	0	0	0	1.09385	0
metal4	17	190	824.07	504	0	0	0	1.09474	0
metal4	18	190	880.07	504	0	0	0	1.09578	0
metal4	19	190	936.07	504	0	0	0	1.09685	0
metal4	20	190	992.07	504	0	0	0	1.09797	0
metal4	21	190	1048.07	504	0	0	0	1.09911	0
metal4	22	190	1086.21	504	0	0	0	1.09993	0
metal4	0	191	14.095	506.8	0	0	0	1.09993	0
metal4	1	191	40.07	506.8	0	0	0	1.09899	0
metal4	2	191	96.07	506.8	0	0	0	1.09711	0
metal4	3	191	108.455	506.8	0	0	0	1.09675	0
metal4	4	191	109.295	506.8	0	0	0	1.09672	0
metal4	5	191	152.07	506.8	0	0	0	1.09561	0
metal4	6	191	208.07	506.8	0	0	0	1.09435	0
metal4	7	191	264.07	506.8	0	0	0	1.0933	0
metal4	8	191	320.07	506.8	0	0	0	1.09245	0
metal4	9	191	376.07	506.8	0	0	0	1.09178	0
metal4	10	191	432.07	506.8	0	0	0	1.09143	0
metal4	11	191	488.07	506.8	0	0	0	1.09137	0
metal4	12	191	544.07	506.8	0	0	0	1.09164	0
metal4	13	191	600.07	506.8	0	0	0	1.09197	0
metal4	14	191	656.07	506.8	0	0	0	1.09244	0
metal4	15	191	712.07	506.8	0	0	0	1.09305	0
metal4	16	191	768.07	506.8	0	0	0	1.09381	0
metal4	17	191	824.07	506.8	0	0	0	1.09471	0
metal4	18	191	880.07	506.8	0	0	0	1.09575	0
metal4	19	191	936.07	506.8	0	0	0	1.09684	0
metal4	20	191	992.07	506.8	0	0	0	1.09796	0
metal4	21	191	1048.07	506.8	0	0	0	1.09912	0
metal4	22	191	1086.21	506.8	0	0	0	1.09996	0
metal4	0	192	14.095	509.6	0	0	0	1.1	0
metal4	1	192	40.07	509.6	0	0	0	1.09905	0
metal4	2	192	96.07	509.6	0	0	0	1.09716	0
metal4	3	192	108.455	509.6	0	0	0	1.09679	0
metal4	4	192	109.295	509.6	0	0	0	1.09676	0
metal4	5	192	152.07	509.6	0	0	0	1.09566	0
metal4	6	192	208.07	509.6	0	0	0	1.09441	0
metal4	7	192	264.07	509.6	0	0	0	1.09335	0
metal4	8	192	320.07	509.6	0	0	0	1.09249	0
metal4	9	192	376.07	509.6	0	0	0	1.09185	0
metal4	10	192	432.07	509.6	0	0	0	1.09149	0
metal4	11	192	488.07	509.6	0	0	0	1.09141	0
metal4	12	192	544.07	509.6	0	0	0	1.09161	0
metal4	13	192	600.07	509.6	0	0	0	1.09194	0
metal4	14	192	656.07	509.6	0	0	0	1.0924	0
metal4	15	192	712.07	509.6	0	0	0	1.09302	0
metal4	16	192	768.07	509.6	0	0	0	1.09378	0
metal4	17	192	824.07	509.6	0	0	0	1.09469	0
metal4	18	192	880.07	509.6	0	0	0	1.09573	0
metal4	19	192	936.07	509.6	0	0	0	1.09682	0
metal4	20	192	992.07	509.6	0	0	0	1.09796	0
metal4	21	192	1048.07	509.6	0	0	0	1.09914	0
metal4	22	192	1086.21	509.6	0	0	0	1.1	0
metal4	0	193	14.095	512.4	0	0	0	1.09993	0
metal4	1	193	40.07	512.4	0	0	0	1.09898	0
metal4	2	193	96.07	512.4	0	0	0	1.09709	0
metal4	3	193	108.455	512.4	0	0	0	1.09673	0
metal4	4	193	109.295	512.4	0	0	0	1.0967	0
metal4	5	193	152.07	512.4	0	0	0	1.09558	0
metal4	6	193	208.07	512.4	0	0	0	1.09431	0
metal4	7	193	264.07	512.4	0	0	0	1.09325	0
metal4	8	193	320.07	512.4	0	0	0	1.09238	0
metal4	9	193	376.07	512.4	0	0	0	1.0917	0
metal4	10	193	432.07	512.4	0	0	0	1.09133	0
metal4	11	193	488.07	512.4	0	0	0	1.09126	0
metal4	12	193	544.07	512.4	0	0	0	1.09149	0
metal4	13	193	600.07	512.4	0	0	0	1.09179	0
metal4	14	193	656.07	512.4	0	0	0	1.09225	0
metal4	15	193	712.07	512.4	0	0	0	1.09287	0
metal4	16	193	768.07	512.4	0	0	0	1.09364	0
metal4	17	193	824.07	512.4	0	0	0	1.09456	0
metal4	18	193	880.07	512.4	0	0	0	1.09566	0
metal4	19	193	936.07	512.4	0	0	0	1.09677	0
metal4	20	193	992.07	512.4	0	0	0	1.09793	0
metal4	21	193	1048.07	512.4	0	0	0	1.09911	0
metal4	22	193	1086.21	512.4	0	0	0	1.09996	0
metal4	0	194	14.095	515.2	0	0	0	1.09988	0
metal4	1	194	40.07	515.2	0	0	0	1.09893	0
metal4	2	194	96.07	515.2	0	0	0	1.09703	0
metal4	3	194	108.455	515.2	0	0	0	1.09668	0
metal4	4	194	109.295	515.2	0	0	0	1.09665	0
metal4	5	194	152.07	515.2	0	0	0	1.09551	0
metal4	6	194	208.07	515.2	0	0	0	1.09423	0
metal4	7	194	264.07	515.2	0	0	0	1.09316	0
metal4	8	194	320.07	515.2	0	0	0	1.09228	0
metal4	9	194	376.07	515.2	0	0	0	1.09158	0
metal4	10	194	432.07	515.2	0	0	0	1.0912	0
metal4	11	194	488.07	515.2	0	0	0	1.09112	0
metal4	12	194	544.07	515.2	0	0	0	1.09137	0
metal4	13	194	600.07	515.2	0	0	0	1.09165	0
metal4	14	194	656.07	515.2	0	0	0	1.09211	0
metal4	15	194	712.07	515.2	0	0	0	1.09272	0
metal4	16	194	768.07	515.2	0	0	0	1.0935	0
metal4	17	194	824.07	515.2	0	0	0	1.09444	0
metal4	18	194	880.07	515.2	0	0	0	1.0956	0
metal4	19	194	936.07	515.2	0	0	0	1.09673	0
metal4	20	194	992.07	515.2	0	0	0	1.09789	0
metal4	21	194	1048.07	515.2	0	0	0	1.09908	0
metal4	22	194	1086.21	515.2	0	0	0	1.09992	0
metal4	0	195	14.095	518	0	0	0	1.09984	0
metal4	1	195	40.07	518	0	0	0	1.09889	0
metal4	2	195	96.07	518	0	0	0	1.09698	0
metal4	3	195	108.455	518	0	0	0	1.09664	0
metal4	4	195	109.295	518	0	0	0	1.09661	0
metal4	5	195	152.07	518	0	0	0	1.09545	0
metal4	6	195	208.07	518	0	0	0	1.09417	0
metal4	7	195	264.07	518	0	0	0	1.09309	0
metal4	8	195	320.07	518	0	0	0	1.0922	0
metal4	9	195	376.07	518	0	0	0	1.09148	0
metal4	10	195	432.07	518	0	0	0	1.09109	0
metal4	11	195	488.07	518	0	0	0	1.09101	0
metal4	12	195	544.07	518	0	0	0	1.09127	0
metal4	13	195	600.07	518	0	0	0	1.09152	0
metal4	14	195	656.07	518	0	0	0	1.09197	0
metal4	15	195	712.07	518	0	0	0	1.09259	0
metal4	16	195	768.07	518	0	0	0	1.09337	0
metal4	17	195	824.07	518	0	0	0	1.09433	0
metal4	18	195	880.07	518	0	0	0	1.09555	0
metal4	19	195	936.07	518	0	0	0	1.09669	0
metal4	20	195	992.07	518	0	0	0	1.09786	0
metal4	21	195	1048.07	518	0	0	0	1.09906	0
metal4	22	195	1086.21	518	0	0	0	1.0999	0
metal4	0	196	14.095	520.8	0	0	0	1.09981	0
metal4	1	196	40.07	520.8	0	0	0	1.09886	0
metal4	2	196	96.07	520.8	0	0	0	1.09695	0
metal4	3	196	108.455	520.8	0	0	0	1.09661	0
metal4	4	196	109.295	520.8	0	0	0	1.09658	0
metal4	5	196	152.07	520.8	0	0	0	1.09541	0
metal4	6	196	208.07	520.8	0	0	0	1.09412	0
metal4	7	196	264.07	520.8	0	0	0	1.09304	0
metal4	8	196	320.07	520.8	0	0	0	1.09214	0
metal4	9	196	376.07	520.8	0	0	0	1.0914	0
metal4	10	196	432.07	520.8	0	0	0	1.09101	0
metal4	11	196	488.07	520.8	0	0	0	1.09091	0
metal4	12	196	544.07	520.8	0	0	0	1.09117	0
metal4	13	196	600.07	520.8	0	0	0	1.0914	0
metal4	14	196	656.07	520.8	0	0	0	1.09185	0
metal4	15	196	712.07	520.8	0	0	0	1.09247	0
metal4	16	196	768.07	520.8	0	0	0	1.09325	0
metal4	17	196	824.07	520.8	0	0	0	1.09423	0
metal4	18	196	880.07	520.8	0	0	0	1.09549	0
metal4	19	196	936.07	520.8	0	0	0	1.09665	0
metal4	20	196	992.07	520.8	0	0	0	1.09784	0
metal4	21	196	1048.07	520.8	0	0	0	1.09904	0
metal4	22	196	1086.21	520.8	0	0	0	1.09988	0
metal4	0	197	14.095	523.6	0	0	0	1.0998	0
metal4	1	197	40.07	523.6	0	0	0	1.09885	0
metal4	2	197	96.07	523.6	0	0	0	1.09692	0
metal4	3	197	108.455	523.6	0	0	0	1.09659	0
metal4	4	197	109.295	523.6	0	0	0	1.09656	0
metal4	5	197	152.07	523.6	0	0	0	1.09539	0
metal4	6	197	208.07	523.6	0	0	0	1.09409	0
metal4	7	197	264.07	523.6	0	0	0	1.093	0
metal4	8	197	320.07	523.6	0	0	0	1.09209	0
metal4	9	197	376.07	523.6	0	0	0	1.09134	0
metal4	10	197	432.07	523.6	0	0	0	1.09094	0
metal4	11	197	488.07	523.6	0	0	0	1.09084	0
metal4	12	197	544.07	523.6	0	0	0	1.09109	0
metal4	13	197	600.07	523.6	0	0	0	1.09131	0
metal4	14	197	656.07	523.6	0	0	0	1.09175	0
metal4	15	197	712.07	523.6	0	0	0	1.09237	0
metal4	16	197	768.07	523.6	0	0	0	1.09316	0
metal4	17	197	824.07	523.6	0	0	0	1.09415	0
metal4	18	197	880.07	523.6	0	0	0	1.09544	0
metal4	19	197	936.07	523.6	0	0	0	1.09662	0
metal4	20	197	992.07	523.6	0	0	0	1.09782	0
metal4	21	197	1048.07	523.6	0	0	0	1.09903	0
metal4	22	197	1086.21	523.6	0	0	0	1.09987	0
metal4	0	198	14.095	526.4	0	0	0	1.0998	0
metal4	1	198	40.07	526.4	0	0	0	1.09884	0
metal4	2	198	96.07	526.4	0	0	0	1.09692	0
metal4	3	198	108.455	526.4	0	0	0	1.09658	0
metal4	4	198	109.295	526.4	0	0	0	1.09655	0
metal4	5	198	152.07	526.4	0	0	0	1.09537	0
metal4	6	198	208.07	526.4	0	0	0	1.09407	0
metal4	7	198	264.07	526.4	0	0	0	1.09298	0
metal4	8	198	320.07	526.4	0	0	0	1.09206	0
metal4	9	198	376.07	526.4	0	0	0	1.09131	0
metal4	10	198	432.07	526.4	0	0	0	1.0909	0
metal4	11	198	488.07	526.4	0	0	0	1.09079	0
metal4	12	198	544.07	526.4	0	0	0	1.09102	0
metal4	13	198	600.07	526.4	0	0	0	1.09123	0
metal4	14	198	656.07	526.4	0	0	0	1.09167	0
metal4	15	198	712.07	526.4	0	0	0	1.09229	0
metal4	16	198	768.07	526.4	0	0	0	1.09308	0
metal4	17	198	824.07	526.4	0	0	0	1.09408	0
metal4	18	198	880.07	526.4	0	0	0	1.0954	0
metal4	19	198	936.07	526.4	0	0	0	1.09658	0
metal4	20	198	992.07	526.4	0	0	0	1.0978	0
metal4	21	198	1048.07	526.4	0	0	0	1.09902	0
metal4	22	198	1086.21	526.4	0	0	0	1.09988	0
metal4	0	199	14.095	529.2	0	0	0	1.09982	0
metal4	1	199	40.07	529.2	0	0	0	1.09886	0
metal4	2	199	96.07	529.2	0	0	0	1.09693	0
metal4	3	199	108.455	529.2	0	0	0	1.09658	0
metal4	4	199	109.295	529.2	0	0	0	1.09656	0
metal4	5	199	152.07	529.2	0	0	0	1.09538	0
metal4	6	199	208.07	529.2	0	0	0	1.09407	0
metal4	7	199	264.07	529.2	0	0	0	1.09297	0
metal4	8	199	320.07	529.2	0	0	0	1.09205	0
metal4	9	199	376.07	529.2	0	0	0	1.09129	0
metal4	10	199	432.07	529.2	0	0	0	1.09088	0
metal4	11	199	488.07	529.2	0	0	0	1.09075	0
metal4	12	199	544.07	529.2	0	0	0	1.09097	0
metal4	13	199	600.07	529.2	0	0	0	1.09117	0
metal4	14	199	656.07	529.2	0	0	0	1.0916	0
metal4	15	199	712.07	529.2	0	0	0	1.09222	0
metal4	16	199	768.07	529.2	0	0	0	1.09303	0
metal4	17	199	824.07	529.2	0	0	0	1.09403	0
metal4	18	199	880.07	529.2	0	0	0	1.09536	0
metal4	19	199	936.07	529.2	0	0	0	1.09656	0
metal4	20	199	992.07	529.2	0	0	0	1.09778	0
metal4	21	199	1048.07	529.2	0	0	0	1.09902	0
metal4	22	199	1086.21	529.2	0	0	0	1.09989	0
metal4	0	200	14.095	532	0	0	0	1.09985	0
metal4	1	200	40.07	532	0	0	0	1.09888	0
metal4	2	200	96.07	532	0	0	0	1.09695	0
metal4	3	200	108.455	532	0	0	0	1.0966	0
metal4	4	200	109.295	532	0	0	0	1.09657	0
metal4	5	200	152.07	532	0	0	0	1.09539	0
metal4	6	200	208.07	532	0	0	0	1.09408	0
metal4	7	200	264.07	532	0	0	0	1.09297	0
metal4	8	200	320.07	532	0	0	0	1.09205	0
metal4	9	200	376.07	532	0	0	0	1.0913	0
metal4	10	200	432.07	532	0	0	0	1.09088	0
metal4	11	200	488.07	532	0	0	0	1.09074	0
metal4	12	200	544.07	532	0	0	0	1.09093	0
metal4	13	200	600.07	532	0	0	0	1.09113	0
metal4	14	200	656.07	532	0	0	0	1.09156	0
metal4	15	200	712.07	532	0	0	0	1.09218	0
metal4	16	200	768.07	532	0	0	0	1.09299	0
metal4	17	200	824.07	532	0	0	0	1.09401	0
metal4	18	200	880.07	532	0	0	0	1.09532	0
metal4	19	200	936.07	532	0	0	0	1.09653	0
metal4	20	200	992.07	532	0	0	0	1.09777	0
metal4	21	200	1048.07	532	0	0	0	1.09902	0
metal4	22	200	1086.21	532	0	0	0	1.0999	0
metal4	0	201	14.095	534.8	0	0	0	1.09989	0
metal4	1	201	40.07	534.8	0	0	0	1.09892	0
metal4	2	201	96.07	534.8	0	0	0	1.09698	0
metal4	3	201	108.455	534.8	0	0	0	1.09662	0
metal4	4	201	109.295	534.8	0	0	0	1.09659	0
metal4	5	201	152.07	534.8	0	0	0	1.09542	0
metal4	6	201	208.07	534.8	0	0	0	1.09411	0
metal4	7	201	264.07	534.8	0	0	0	1.093	0
metal4	8	201	320.07	534.8	0	0	0	1.09207	0
metal4	9	201	376.07	534.8	0	0	0	1.09133	0
metal4	10	201	432.07	534.8	0	0	0	1.0909	0
metal4	11	201	488.07	534.8	0	0	0	1.09075	0
metal4	12	201	544.07	534.8	0	0	0	1.0909	0
metal4	13	201	600.07	534.8	0	0	0	1.09111	0
metal4	14	201	656.07	534.8	0	0	0	1.09154	0
metal4	15	201	712.07	534.8	0	0	0	1.09216	0
metal4	16	201	768.07	534.8	0	0	0	1.09297	0
metal4	17	201	824.07	534.8	0	0	0	1.09399	0
metal4	18	201	880.07	534.8	0	0	0	1.09528	0
metal4	19	201	936.07	534.8	0	0	0	1.09651	0
metal4	20	201	992.07	534.8	0	0	0	1.09776	0
metal4	21	201	1048.07	534.8	0	0	0	1.09903	0
metal4	22	201	1086.21	534.8	0	0	0	1.09993	0
metal4	0	202	14.095	537.6	0	0	0	1.09995	0
metal4	1	202	40.07	537.6	0	0	0	1.09897	0
metal4	2	202	96.07	537.6	0	0	0	1.09703	0
metal4	3	202	108.455	537.6	0	0	0	1.09665	0
metal4	4	202	109.295	537.6	0	0	0	1.09663	0
metal4	5	202	152.07	537.6	0	0	0	1.09547	0
metal4	6	202	208.07	537.6	0	0	0	1.09415	0
metal4	7	202	264.07	537.6	0	0	0	1.09303	0
metal4	8	202	320.07	537.6	0	0	0	1.09211	0
metal4	9	202	376.07	537.6	0	0	0	1.09138	0
metal4	10	202	432.07	537.6	0	0	0	1.09094	0
metal4	11	202	488.07	537.6	0	0	0	1.09078	0
metal4	12	202	544.07	537.6	0	0	0	1.09089	0
metal4	13	202	600.07	537.6	0	0	0	1.0911	0
metal4	14	202	656.07	537.6	0	0	0	1.09153	0
metal4	15	202	712.07	537.6	0	0	0	1.09215	0
metal4	16	202	768.07	537.6	0	0	0	1.09297	0
metal4	17	202	824.07	537.6	0	0	0	1.094	0
metal4	18	202	880.07	537.6	0	0	0	1.09525	0
metal4	19	202	936.07	537.6	0	0	0	1.09649	0
metal4	20	202	992.07	537.6	0	0	0	1.09775	0
metal4	21	202	1048.07	537.6	0	0	0	1.09905	0
metal4	22	202	1086.21	537.6	0	0	0	1.09997	0
metal4	0	203	14.095	539.6	0	0	0	1.1	0
metal4	1	203	40.07	539.6	0	0	0	1.09902	0
metal4	2	203	96.07	539.6	0	0	0	1.09707	0
metal4	3	203	108.455	539.6	0	0	0	1.09668	0
metal4	4	203	109.295	539.6	0	0	0	1.09666	0
metal4	5	203	152.07	539.6	0	0	0	1.09551	0
metal4	6	203	208.07	539.6	0	0	0	1.09419	0
metal4	7	203	264.07	539.6	0	0	0	1.09307	0
metal4	8	203	320.07	539.6	0	0	0	1.09215	0
metal4	9	203	376.07	539.6	0	0	0	1.09143	0
metal4	10	203	432.07	539.6	0	0	0	1.09099	0
metal4	11	203	488.07	539.6	0	0	0	1.09082	0
metal4	12	203	544.07	539.6	0	0	0	1.09089	0
metal4	13	203	600.07	539.6	0	0	0	1.09111	0
metal4	14	203	656.07	539.6	0	0	0	1.09154	0
metal4	15	203	712.07	539.6	0	0	0	1.09216	0
metal4	16	203	768.07	539.6	0	0	0	1.09299	0
metal4	17	203	824.07	539.6	0	0	0	1.09401	0
metal4	18	203	880.07	539.6	0	0	0	1.09523	0
metal4	19	203	936.07	539.6	0	0	0	1.09648	0
metal4	20	203	992.07	539.6	0	0	0	1.09775	0
metal4	21	203	1048.07	539.6	0	0	0	1.09906	0
metal4	22	203	1086.21	539.6	0	0	0	1.1	0
metal4	0	204	14.095	540.4	0	0	0	1.09998	0
metal4	1	204	40.07	540.4	0	0	0	1.099	0
metal4	2	204	96.07	540.4	0	0	0	1.09705	0
metal4	3	204	108.455	540.4	0	0	0	1.09666	0
metal4	4	204	109.295	540.4	0	0	0	1.09664	0
metal4	5	204	152.07	540.4	0	0	0	1.09548	0
metal4	6	204	208.07	540.4	0	0	0	1.09416	0
metal4	7	204	264.07	540.4	0	0	0	1.09304	0
metal4	8	204	320.07	540.4	0	0	0	1.09211	0
metal4	9	204	376.07	540.4	0	0	0	1.09139	0
metal4	10	204	432.07	540.4	0	0	0	1.09094	0
metal4	11	204	488.07	540.4	0	0	0	1.09077	0
metal4	12	204	544.07	540.4	0	0	0	1.09086	0
metal4	13	204	600.07	540.4	0	0	0	1.09107	0
metal4	14	204	656.07	540.4	0	0	0	1.0915	0
metal4	15	204	712.07	540.4	0	0	0	1.09212	0
metal4	16	204	768.07	540.4	0	0	0	1.09294	0
metal4	17	204	824.07	540.4	0	0	0	1.09398	0
metal4	18	204	880.07	540.4	0	0	0	1.09522	0
metal4	19	204	936.07	540.4	0	0	0	1.09647	0
metal4	20	204	992.07	540.4	0	0	0	1.09774	0
metal4	21	204	1048.07	540.4	0	0	0	1.09905	0
metal4	22	204	1086.21	540.4	0	0	0	1.09999	0
metal4	0	205	14.095	543.2	0	0	0	1.09991	0
metal4	1	205	40.07	543.2	0	0	0	1.09893	0
metal4	2	205	96.07	543.2	0	0	0	1.09698	0
metal4	3	205	108.455	543.2	0	0	0	1.09661	0
metal4	4	205	109.295	543.2	0	0	0	1.09658	0
metal4	5	205	152.07	543.2	0	0	0	1.09541	0
metal4	6	205	208.07	543.2	0	0	0	1.09408	0
metal4	7	205	264.07	543.2	0	0	0	1.09295	0
metal4	8	205	320.07	543.2	0	0	0	1.09201	0
metal4	9	205	376.07	543.2	0	0	0	1.09126	0
metal4	10	205	432.07	543.2	0	0	0	1.09081	0
metal4	11	205	488.07	543.2	0	0	0	1.09064	0
metal4	12	205	544.07	543.2	0	0	0	1.09076	0
metal4	13	205	600.07	543.2	0	0	0	1.09095	0
metal4	14	205	656.07	543.2	0	0	0	1.09137	0
metal4	15	205	712.07	543.2	0	0	0	1.09199	0
metal4	16	205	768.07	543.2	0	0	0	1.09282	0
metal4	17	205	824.07	543.2	0	0	0	1.09386	0
metal4	18	205	880.07	543.2	0	0	0	1.09517	0
metal4	19	205	936.07	543.2	0	0	0	1.09643	0
metal4	20	205	992.07	543.2	0	0	0	1.09771	0
metal4	21	205	1048.07	543.2	0	0	0	1.09902	0
metal4	22	205	1086.21	543.2	0	0	0	1.09994	0
metal4	0	206	14.095	546	0	0	0	1.09986	0
metal4	1	206	40.07	546	0	0	0	1.09889	0
metal4	2	206	96.07	546	0	0	0	1.09692	0
metal4	3	206	108.455	546	0	0	0	1.09657	0
metal4	4	206	109.295	546	0	0	0	1.09654	0
metal4	5	206	152.07	546	0	0	0	1.09535	0
metal4	6	206	208.07	546	0	0	0	1.09401	0
metal4	7	206	264.07	546	0	0	0	1.09288	0
metal4	8	206	320.07	546	0	0	0	1.09193	0
metal4	9	206	376.07	546	0	0	0	1.09116	0
metal4	10	206	432.07	546	0	0	0	1.09071	0
metal4	11	206	488.07	546	0	0	0	1.09054	0
metal4	12	206	544.07	546	0	0	0	1.09067	0
metal4	13	206	600.07	546	0	0	0	1.09084	0
metal4	14	206	656.07	546	0	0	0	1.09126	0
metal4	15	206	712.07	546	0	0	0	1.09188	0
metal4	16	206	768.07	546	0	0	0	1.09271	0
metal4	17	206	824.07	546	0	0	0	1.09377	0
metal4	18	206	880.07	546	0	0	0	1.09513	0
metal4	19	206	936.07	546	0	0	0	1.0964	0
metal4	20	206	992.07	546	0	0	0	1.09769	0
metal4	21	206	1048.07	546	0	0	0	1.09899	0
metal4	22	206	1086.21	546	0	0	0	1.09991	0
metal4	0	207	14.095	548.8	0	0	0	1.09982	0
metal4	1	207	40.07	548.8	0	0	0	1.09885	0
metal4	2	207	96.07	548.8	0	0	0	1.09688	0
metal4	3	207	108.455	548.8	0	0	0	1.09653	0
metal4	4	207	109.295	548.8	0	0	0	1.09651	0
metal4	5	207	152.07	548.8	0	0	0	1.0953	0
metal4	6	207	208.07	548.8	0	0	0	1.09396	0
metal4	7	207	264.07	548.8	0	0	0	1.09282	0
metal4	8	207	320.07	548.8	0	0	0	1.09187	0
metal4	9	207	376.07	548.8	0	0	0	1.09108	0
metal4	10	207	432.07	548.8	0	0	0	1.09062	0
metal4	11	207	488.07	548.8	0	0	0	1.09045	0
metal4	12	207	544.07	548.8	0	0	0	1.0906	0
metal4	13	207	600.07	548.8	0	0	0	1.09075	0
metal4	14	207	656.07	548.8	0	0	0	1.09117	0
metal4	15	207	712.07	548.8	0	0	0	1.09179	0
metal4	16	207	768.07	548.8	0	0	0	1.09263	0
metal4	17	207	824.07	548.8	0	0	0	1.09369	0
metal4	18	207	880.07	548.8	0	0	0	1.0951	0
metal4	19	207	936.07	548.8	0	0	0	1.09637	0
metal4	20	207	992.07	548.8	0	0	0	1.09767	0
metal4	21	207	1048.07	548.8	0	0	0	1.09897	0
metal4	22	207	1086.21	548.8	0	0	0	1.09989	0
metal4	0	208	14.095	551.6	0	0	0	1.0998	0
metal4	1	208	40.07	551.6	0	0	0	1.09883	0
metal4	2	208	96.07	551.6	0	0	0	1.09686	0
metal4	3	208	108.455	551.6	0	0	0	1.09651	0
metal4	4	208	109.295	551.6	0	0	0	1.09648	0
metal4	5	208	152.07	551.6	0	0	0	1.09527	0
metal4	6	208	208.07	551.6	0	0	0	1.09392	0
metal4	7	208	264.07	551.6	0	0	0	1.09278	0
metal4	8	208	320.07	551.6	0	0	0	1.09182	0
metal4	9	208	376.07	551.6	0	0	0	1.09102	0
metal4	10	208	432.07	551.6	0	0	0	1.09055	0
metal4	11	208	488.07	551.6	0	0	0	1.09038	0
metal4	12	208	544.07	551.6	0	0	0	1.09054	0
metal4	13	208	600.07	551.6	0	0	0	1.09068	0
metal4	14	208	656.07	551.6	0	0	0	1.09109	0
metal4	15	208	712.07	551.6	0	0	0	1.09172	0
metal4	16	208	768.07	551.6	0	0	0	1.09256	0
metal4	17	208	824.07	551.6	0	0	0	1.09363	0
metal4	18	208	880.07	551.6	0	0	0	1.09506	0
metal4	19	208	936.07	551.6	0	0	0	1.09635	0
metal4	20	208	992.07	551.6	0	0	0	1.09765	0
metal4	21	208	1048.07	551.6	0	0	0	1.09896	0
metal4	22	208	1086.21	551.6	0	0	0	1.09987	0
metal4	0	209	14.095	554.4	0	0	0	1.09979	0
metal4	1	209	40.07	554.4	0	0	0	1.09882	0
metal4	2	209	96.07	554.4	0	0	0	1.09684	0
metal4	3	209	108.455	554.4	0	0	0	1.0965	0
metal4	4	209	109.295	554.4	0	0	0	1.09647	0
metal4	5	209	152.07	554.4	0	0	0	1.09525	0
metal4	6	209	208.07	554.4	0	0	0	1.0939	0
metal4	7	209	264.07	554.4	0	0	0	1.09275	0
metal4	8	209	320.07	554.4	0	0	0	1.09179	0
metal4	9	209	376.07	554.4	0	0	0	1.09098	0
metal4	10	209	432.07	554.4	0	0	0	1.09051	0
metal4	11	209	488.07	554.4	0	0	0	1.09034	0
metal4	12	209	544.07	554.4	0	0	0	1.09049	0
metal4	13	209	600.07	554.4	0	0	0	1.09063	0
metal4	14	209	656.07	554.4	0	0	0	1.09104	0
metal4	15	209	712.07	554.4	0	0	0	1.09167	0
metal4	16	209	768.07	554.4	0	0	0	1.09251	0
metal4	17	209	824.07	554.4	0	0	0	1.09359	0
metal4	18	209	880.07	554.4	0	0	0	1.09503	0
metal4	19	209	936.07	554.4	0	0	0	1.09633	0
metal4	20	209	992.07	554.4	0	0	0	1.09764	0
metal4	21	209	1048.07	554.4	0	0	0	1.09895	0
metal4	22	209	1086.21	554.4	0	0	0	1.09987	0
metal4	0	210	14.095	557.2	0	0	0	1.0998	0
metal4	1	210	40.07	557.2	0	0	0	1.09882	0
metal4	2	210	96.07	557.2	0	0	0	1.09684	0
metal4	3	210	108.455	557.2	0	0	0	1.0965	0
metal4	4	210	109.295	557.2	0	0	0	1.09647	0
metal4	5	210	152.07	557.2	0	0	0	1.09525	0
metal4	6	210	208.07	557.2	0	0	0	1.09389	0
metal4	7	210	264.07	557.2	0	0	0	1.09274	0
metal4	8	210	320.07	557.2	0	0	0	1.09177	0
metal4	9	210	376.07	557.2	0	0	0	1.09096	0
metal4	10	210	432.07	557.2	0	0	0	1.09049	0
metal4	11	210	488.07	557.2	0	0	0	1.09031	0
metal4	12	210	544.07	557.2	0	0	0	1.09046	0
metal4	13	210	600.07	557.2	0	0	0	1.0906	0
metal4	14	210	656.07	557.2	0	0	0	1.09101	0
metal4	15	210	712.07	557.2	0	0	0	1.09163	0
metal4	16	210	768.07	557.2	0	0	0	1.09248	0
metal4	17	210	824.07	557.2	0	0	0	1.09356	0
metal4	18	210	880.07	557.2	0	0	0	1.09501	0
metal4	19	210	936.07	557.2	0	0	0	1.09631	0
metal4	20	210	992.07	557.2	0	0	0	1.09763	0
metal4	21	210	1048.07	557.2	0	0	0	1.09895	0
metal4	22	210	1086.21	557.2	0	0	0	1.09987	0
metal4	0	211	14.095	560	0	0	0	1.09982	0
metal4	1	211	40.07	560	0	0	0	1.09884	0
metal4	2	211	96.07	560	0	0	0	1.09686	0
metal4	3	211	108.455	560	0	0	0	1.0965	0
metal4	4	211	109.295	560	0	0	0	1.09648	0
metal4	5	211	152.07	560	0	0	0	1.09526	0
metal4	6	211	208.07	560	0	0	0	1.0939	0
metal4	7	211	264.07	560	0	0	0	1.09275	0
metal4	8	211	320.07	560	0	0	0	1.09177	0
metal4	9	211	376.07	560	0	0	0	1.09097	0
metal4	10	211	432.07	560	0	0	0	1.09049	0
metal4	11	211	488.07	560	0	0	0	1.09031	0
metal4	12	211	544.07	560	0	0	0	1.09045	0
metal4	13	211	600.07	560	0	0	0	1.09058	0
metal4	14	211	656.07	560	0	0	0	1.09099	0
metal4	15	211	712.07	560	0	0	0	1.09162	0
metal4	16	211	768.07	560	0	0	0	1.09247	0
metal4	17	211	824.07	560	0	0	0	1.09355	0
metal4	18	211	880.07	560	0	0	0	1.09499	0
metal4	19	211	936.07	560	0	0	0	1.09629	0
metal4	20	211	992.07	560	0	0	0	1.09762	0
metal4	21	211	1048.07	560	0	0	0	1.09895	0
metal4	22	211	1086.21	560	0	0	0	1.09988	0
metal4	0	212	14.095	562.8	0	0	0	1.09985	0
metal4	1	212	40.07	562.8	0	0	0	1.09887	0
metal4	2	212	96.07	562.8	0	0	0	1.09689	0
metal4	3	212	108.455	562.8	0	0	0	1.09652	0
metal4	4	212	109.295	562.8	0	0	0	1.0965	0
metal4	5	212	152.07	562.8	0	0	0	1.09528	0
metal4	6	212	208.07	562.8	0	0	0	1.09392	0
metal4	7	212	264.07	562.8	0	0	0	1.09276	0
metal4	8	212	320.07	562.8	0	0	0	1.09179	0
metal4	9	212	376.07	562.8	0	0	0	1.09099	0
metal4	10	212	432.07	562.8	0	0	0	1.09052	0
metal4	11	212	488.07	562.8	0	0	0	1.09033	0
metal4	12	212	544.07	562.8	0	0	0	1.09044	0
metal4	13	212	600.07	562.8	0	0	0	1.09059	0
metal4	14	212	656.07	562.8	0	0	0	1.09099	0
metal4	15	212	712.07	562.8	0	0	0	1.09162	0
metal4	16	212	768.07	562.8	0	0	0	1.09247	0
metal4	17	212	824.07	562.8	0	0	0	1.09356	0
metal4	18	212	880.07	562.8	0	0	0	1.09497	0
metal4	19	212	936.07	562.8	0	0	0	1.09628	0
metal4	20	212	992.07	562.8	0	0	0	1.09762	0
metal4	21	212	1048.07	562.8	0	0	0	1.09896	0
metal4	22	212	1086.21	562.8	0	0	0	1.09991	0
metal4	0	213	14.095	565.6	0	0	0	1.0999	0
metal4	1	213	40.07	565.6	0	0	0	1.09891	0
metal4	2	213	96.07	565.6	0	0	0	1.09693	0
metal4	3	213	108.455	565.6	0	0	0	1.09655	0
metal4	4	213	109.295	565.6	0	0	0	1.09652	0
metal4	5	213	152.07	565.6	0	0	0	1.09532	0
metal4	6	213	208.07	565.6	0	0	0	1.09396	0
metal4	7	213	264.07	565.6	0	0	0	1.0928	0
metal4	8	213	320.07	565.6	0	0	0	1.09183	0
metal4	9	213	376.07	565.6	0	0	0	1.09104	0
metal4	10	213	432.07	565.6	0	0	0	1.09056	0
metal4	11	213	488.07	565.6	0	0	0	1.09036	0
metal4	12	213	544.07	565.6	0	0	0	1.09045	0
metal4	13	213	600.07	565.6	0	0	0	1.09061	0
metal4	14	213	656.07	565.6	0	0	0	1.09102	0
metal4	15	213	712.07	565.6	0	0	0	1.09165	0
metal4	16	213	768.07	565.6	0	0	0	1.0925	0
metal4	17	213	824.07	565.6	0	0	0	1.09359	0
metal4	18	213	880.07	565.6	0	0	0	1.09496	0
metal4	19	213	936.07	565.6	0	0	0	1.09627	0
metal4	20	213	992.07	565.6	0	0	0	1.09762	0
metal4	21	213	1048.07	565.6	0	0	0	1.09898	0
metal4	22	213	1086.21	565.6	0	0	0	1.09994	0
metal4	0	214	14.095	568.4	0	0	0	1.09997	0
metal4	1	214	40.07	568.4	0	0	0	1.09897	0
metal4	2	214	96.07	568.4	0	0	0	1.09698	0
metal4	3	214	108.455	568.4	0	0	0	1.09659	0
metal4	4	214	109.295	568.4	0	0	0	1.09656	0
metal4	5	214	152.07	568.4	0	0	0	1.09538	0
metal4	6	214	208.07	568.4	0	0	0	1.09401	0
metal4	7	214	264.07	568.4	0	0	0	1.09285	0
metal4	8	214	320.07	568.4	0	0	0	1.09188	0
metal4	9	214	376.07	568.4	0	0	0	1.09111	0
metal4	10	214	432.07	568.4	0	0	0	1.09063	0
metal4	11	214	488.07	568.4	0	0	0	1.09042	0
metal4	12	214	544.07	568.4	0	0	0	1.09048	0
metal4	13	214	600.07	568.4	0	0	0	1.09065	0
metal4	14	214	656.07	568.4	0	0	0	1.09106	0
metal4	15	214	712.07	568.4	0	0	0	1.09169	0
metal4	16	214	768.07	568.4	0	0	0	1.09254	0
metal4	17	214	824.07	568.4	0	0	0	1.09363	0
metal4	18	214	880.07	568.4	0	0	0	1.09495	0
metal4	19	214	936.07	568.4	0	0	0	1.09627	0
metal4	20	214	992.07	568.4	0	0	0	1.09762	0
metal4	21	214	1048.07	568.4	0	0	0	1.099	0
metal4	22	214	1086.21	568.4	0	0	0	1.09998	0
metal4	0	215	14.095	569.6	0	0	0	1.1	0
metal4	1	215	40.07	569.6	0	0	0	1.099	0
metal4	2	215	96.07	569.6	0	0	0	1.09701	0
metal4	3	215	108.455	569.6	0	0	0	1.09661	0
metal4	4	215	109.295	569.6	0	0	0	1.09659	0
metal4	5	215	152.07	569.6	0	0	0	1.0954	0
metal4	6	215	208.07	569.6	0	0	0	1.09404	0
metal4	7	215	264.07	569.6	0	0	0	1.09288	0
metal4	8	215	320.07	569.6	0	0	0	1.09191	0
metal4	9	215	376.07	569.6	0	0	0	1.09115	0
metal4	10	215	432.07	569.6	0	0	0	1.09066	0
metal4	11	215	488.07	569.6	0	0	0	1.09046	0
metal4	12	215	544.07	569.6	0	0	0	1.09049	0
metal4	13	215	600.07	569.6	0	0	0	1.09068	0
metal4	14	215	656.07	569.6	0	0	0	1.09108	0
metal4	15	215	712.07	569.6	0	0	0	1.09171	0
metal4	16	215	768.07	569.6	0	0	0	1.09257	0
metal4	17	215	824.07	569.6	0	0	0	1.09365	0
metal4	18	215	880.07	569.6	0	0	0	1.09494	0
metal4	19	215	936.07	569.6	0	0	0	1.09627	0
metal4	20	215	992.07	569.6	0	0	0	1.09762	0
metal4	21	215	1048.07	569.6	0	0	0	1.09901	0
metal4	22	215	1086.21	569.6	0	0	0	1.1	0
metal4	0	216	14.095	571.2	0	0	0	1.09996	0
metal4	1	216	40.07	571.2	0	0	0	1.09896	0
metal4	2	216	96.07	571.2	0	0	0	1.09697	0
metal4	3	216	108.455	571.2	0	0	0	1.09658	0
metal4	4	216	109.295	571.2	0	0	0	1.09655	0
metal4	5	216	152.07	571.2	0	0	0	1.09536	0
metal4	6	216	208.07	571.2	0	0	0	1.09399	0
metal4	7	216	264.07	571.2	0	0	0	1.09282	0
metal4	8	216	320.07	571.2	0	0	0	1.09185	0
metal4	9	216	376.07	571.2	0	0	0	1.09107	0
metal4	10	216	432.07	571.2	0	0	0	1.09059	0
metal4	11	216	488.07	571.2	0	0	0	1.09039	0
metal4	12	216	544.07	571.2	0	0	0	1.09045	0
metal4	13	216	600.07	571.2	0	0	0	1.09061	0
metal4	14	216	656.07	571.2	0	0	0	1.09101	0
metal4	15	216	712.07	571.2	0	0	0	1.09164	0
metal4	16	216	768.07	571.2	0	0	0	1.0925	0
metal4	17	216	824.07	571.2	0	0	0	1.09359	0
metal4	18	216	880.07	571.2	0	0	0	1.09493	0
metal4	19	216	936.07	571.2	0	0	0	1.09625	0
metal4	20	216	992.07	571.2	0	0	0	1.09761	0
metal4	21	216	1048.07	571.2	0	0	0	1.09899	0
metal4	22	216	1086.21	571.2	0	0	0	1.09997	0
metal4	0	217	14.095	574	0	0	0	1.0999	0
metal4	1	217	40.07	574	0	0	0	1.0989	0
metal4	2	217	96.07	574	0	0	0	1.0969	0
metal4	3	217	108.455	574	0	0	0	1.09653	0
metal4	4	217	109.295	574	0	0	0	1.0965	0
metal4	5	217	152.07	574	0	0	0	1.09529	0
metal4	6	217	208.07	574	0	0	0	1.09392	0
metal4	7	217	264.07	574	0	0	0	1.09275	0
metal4	8	217	320.07	574	0	0	0	1.09176	0
metal4	9	217	376.07	574	0	0	0	1.09096	0
metal4	10	217	432.07	574	0	0	0	1.09048	0
metal4	11	217	488.07	574	0	0	0	1.09029	0
metal4	12	217	544.07	574	0	0	0	1.09038	0
metal4	13	217	600.07	574	0	0	0	1.09051	0
metal4	14	217	656.07	574	0	0	0	1.09091	0
metal4	15	217	712.07	574	0	0	0	1.09154	0
metal4	16	217	768.07	574	0	0	0	1.0924	0
metal4	17	217	824.07	574	0	0	0	1.0935	0
metal4	18	217	880.07	574	0	0	0	1.0949	0
metal4	19	217	936.07	574	0	0	0	1.09623	0
metal4	20	217	992.07	574	0	0	0	1.09759	0
metal4	21	217	1048.07	574	0	0	0	1.09896	0
metal4	22	217	1086.21	574	0	0	0	1.09993	0
metal4	0	218	14.095	576.8	0	0	0	1.09985	0
metal4	1	218	40.07	576.8	0	0	0	1.09886	0
metal4	2	218	96.07	576.8	0	0	0	1.09686	0
metal4	3	218	108.455	576.8	0	0	0	1.09649	0
metal4	4	218	109.295	576.8	0	0	0	1.09646	0
metal4	5	218	152.07	576.8	0	0	0	1.09524	0
metal4	6	218	208.07	576.8	0	0	0	1.09386	0
metal4	7	218	264.07	576.8	0	0	0	1.09268	0
metal4	8	218	320.07	576.8	0	0	0	1.09169	0
metal4	9	218	376.07	576.8	0	0	0	1.09088	0
metal4	10	218	432.07	576.8	0	0	0	1.09039	0
metal4	11	218	488.07	576.8	0	0	0	1.0902	0
metal4	12	218	544.07	576.8	0	0	0	1.09032	0
metal4	13	218	600.07	576.8	0	0	0	1.09042	0
metal4	14	218	656.07	576.8	0	0	0	1.09082	0
metal4	15	218	712.07	576.8	0	0	0	1.09145	0
metal4	16	218	768.07	576.8	0	0	0	1.09232	0
metal4	17	218	824.07	576.8	0	0	0	1.09342	0
metal4	18	218	880.07	576.8	0	0	0	1.09487	0
metal4	19	218	936.07	576.8	0	0	0	1.09621	0
metal4	20	218	992.07	576.8	0	0	0	1.09757	0
metal4	21	218	1048.07	576.8	0	0	0	1.09894	0
metal4	22	218	1086.21	576.8	0	0	0	1.0999	0
metal4	0	219	14.095	579.6	0	0	0	1.09981	0
metal4	1	219	40.07	579.6	0	0	0	1.09883	0
metal4	2	219	96.07	579.6	0	0	0	1.09682	0
metal4	3	219	108.455	579.6	0	0	0	1.09646	0
metal4	4	219	109.295	579.6	0	0	0	1.09643	0
metal4	5	219	152.07	579.6	0	0	0	1.0952	0
metal4	6	219	208.07	579.6	0	0	0	1.09381	0
metal4	7	219	264.07	579.6	0	0	0	1.09264	0
metal4	8	219	320.07	579.6	0	0	0	1.09164	0
metal4	9	219	376.07	579.6	0	0	0	1.09081	0
metal4	10	219	432.07	579.6	0	0	0	1.09032	0
metal4	11	219	488.07	579.6	0	0	0	1.09014	0
metal4	12	219	544.07	579.6	0	0	0	1.09028	0
metal4	13	219	600.07	579.6	0	0	0	1.09036	0
metal4	14	219	656.07	579.6	0	0	0	1.09076	0
metal4	15	219	712.07	579.6	0	0	0	1.09139	0
metal4	16	219	768.07	579.6	0	0	0	1.09225	0
metal4	17	219	824.07	579.6	0	0	0	1.09337	0
metal4	18	219	880.07	579.6	0	0	0	1.09485	0
metal4	19	219	936.07	579.6	0	0	0	1.09619	0
metal4	20	219	992.07	579.6	0	0	0	1.09756	0
metal4	21	219	1048.07	579.6	0	0	0	1.09893	0
metal4	22	219	1086.21	579.6	0	0	0	1.09988	0
metal4	0	220	14.095	582.4	0	0	0	1.0998	0
metal4	1	220	40.07	582.4	0	0	0	1.09881	0
metal4	2	220	96.07	582.4	0	0	0	1.0968	0
metal4	3	220	108.455	582.4	0	0	0	1.09644	0
metal4	4	220	109.295	582.4	0	0	0	1.09642	0
metal4	5	220	152.07	582.4	0	0	0	1.09517	0
metal4	6	220	208.07	582.4	0	0	0	1.09378	0
metal4	7	220	264.07	582.4	0	0	0	1.0926	0
metal4	8	220	320.07	582.4	0	0	0	1.0916	0
metal4	9	220	376.07	582.4	0	0	0	1.09076	0
metal4	10	220	432.07	582.4	0	0	0	1.09027	0
metal4	11	220	488.07	582.4	0	0	0	1.0901	0
metal4	12	220	544.07	582.4	0	0	0	1.09024	0
metal4	13	220	600.07	582.4	0	0	0	1.09031	0
metal4	14	220	656.07	582.4	0	0	0	1.09071	0
metal4	15	220	712.07	582.4	0	0	0	1.09134	0
metal4	16	220	768.07	582.4	0	0	0	1.09221	0
metal4	17	220	824.07	582.4	0	0	0	1.09333	0
metal4	18	220	880.07	582.4	0	0	0	1.09483	0
metal4	19	220	936.07	582.4	0	0	0	1.09618	0
metal4	20	220	992.07	582.4	0	0	0	1.09755	0
metal4	21	220	1048.07	582.4	0	0	0	1.09892	0
metal4	22	220	1086.21	582.4	0	0	0	1.09987	0
metal4	0	221	14.095	585.2	0	0	0	1.09979	0
metal4	1	221	40.07	585.2	0	0	0	1.0988	0
metal4	2	221	96.07	585.2	0	0	0	1.09679	0
metal4	3	221	108.455	585.2	0	0	0	1.09644	0
metal4	4	221	109.295	585.2	0	0	0	1.09641	0
metal4	5	221	152.07	585.2	0	0	0	1.09516	0
metal4	6	221	208.07	585.2	0	0	0	1.09377	0
metal4	7	221	264.07	585.2	0	0	0	1.09259	0
metal4	8	221	320.07	585.2	0	0	0	1.09159	0
metal4	9	221	376.07	585.2	0	0	0	1.09074	0
metal4	10	221	432.07	585.2	0	0	0	1.09025	0
metal4	11	221	488.07	585.2	0	0	0	1.09007	0
metal4	12	221	544.07	585.2	0	0	0	1.09022	0
metal4	13	221	600.07	585.2	0	0	0	1.09028	0
metal4	14	221	656.07	585.2	0	0	0	1.09068	0
metal4	15	221	712.07	585.2	0	0	0	1.09131	0
metal4	16	221	768.07	585.2	0	0	0	1.09218	0
metal4	17	221	824.07	585.2	0	0	0	1.0933	0
metal4	18	221	880.07	585.2	0	0	0	1.09481	0
metal4	19	221	936.07	585.2	0	0	0	1.09616	0
metal4	20	221	992.07	585.2	0	0	0	1.09754	0
metal4	21	221	1048.07	585.2	0	0	0	1.09891	0
metal4	22	221	1086.21	585.2	0	0	0	1.09986	0
metal4	0	222	14.095	588	0	0	0	1.0998	0
metal4	1	222	40.07	588	0	0	0	1.09881	0
metal4	2	222	96.07	588	0	0	0	1.0968	0
metal4	3	222	108.455	588	0	0	0	1.09644	0
metal4	4	222	109.295	588	0	0	0	1.09641	0
metal4	5	222	152.07	588	0	0	0	1.09516	0
metal4	6	222	208.07	588	0	0	0	1.09377	0
metal4	7	222	264.07	588	0	0	0	1.09259	0
metal4	8	222	320.07	588	0	0	0	1.09158	0
metal4	9	222	376.07	588	0	0	0	1.09074	0
metal4	10	222	432.07	588	0	0	0	1.09024	0
metal4	11	222	488.07	588	0	0	0	1.09006	0
metal4	12	222	544.07	588	0	0	0	1.0902	0
metal4	13	222	600.07	588	0	0	0	1.09027	0
metal4	14	222	656.07	588	0	0	0	1.09067	0
metal4	15	222	712.07	588	0	0	0	1.0913	0
metal4	16	222	768.07	588	0	0	0	1.09217	0
metal4	17	222	824.07	588	0	0	0	1.09329	0
metal4	18	222	880.07	588	0	0	0	1.0948	0
metal4	19	222	936.07	588	0	0	0	1.09615	0
metal4	20	222	992.07	588	0	0	0	1.09753	0
metal4	21	222	1048.07	588	0	0	0	1.09891	0
metal4	22	222	1086.21	588	0	0	0	1.09987	0
metal4	0	223	14.095	590.8	0	0	0	1.09983	0
metal4	1	223	40.07	590.8	0	0	0	1.09883	0
metal4	2	223	96.07	590.8	0	0	0	1.09682	0
metal4	3	223	108.455	590.8	0	0	0	1.09645	0
metal4	4	223	109.295	590.8	0	0	0	1.09642	0
metal4	5	223	152.07	590.8	0	0	0	1.09518	0
metal4	6	223	208.07	590.8	0	0	0	1.09379	0
metal4	7	223	264.07	590.8	0	0	0	1.0926	0
metal4	8	223	320.07	590.8	0	0	0	1.0916	0
metal4	9	223	376.07	590.8	0	0	0	1.09076	0
metal4	10	223	432.07	590.8	0	0	0	1.09026	0
metal4	11	223	488.07	590.8	0	0	0	1.09008	0
metal4	12	223	544.07	590.8	0	0	0	1.0902	0
metal4	13	223	600.07	590.8	0	0	0	1.09028	0
metal4	14	223	656.07	590.8	0	0	0	1.09068	0
metal4	15	223	712.07	590.8	0	0	0	1.09131	0
metal4	16	223	768.07	590.8	0	0	0	1.09218	0
metal4	17	223	824.07	590.8	0	0	0	1.0933	0
metal4	18	223	880.07	590.8	0	0	0	1.09479	0
metal4	19	223	936.07	590.8	0	0	0	1.09615	0
metal4	20	223	992.07	590.8	0	0	0	1.09753	0
metal4	21	223	1048.07	590.8	0	0	0	1.09892	0
metal4	22	223	1086.21	590.8	0	0	0	1.09989	0
metal4	0	224	14.095	593.6	0	0	0	1.09987	0
metal4	1	224	40.07	593.6	0	0	0	1.09887	0
metal4	2	224	96.07	593.6	0	0	0	1.09685	0
metal4	3	224	108.455	593.6	0	0	0	1.09648	0
metal4	4	224	109.295	593.6	0	0	0	1.09645	0
metal4	5	224	152.07	593.6	0	0	0	1.09521	0
metal4	6	224	208.07	593.6	0	0	0	1.09382	0
metal4	7	224	264.07	593.6	0	0	0	1.09263	0
metal4	8	224	320.07	593.6	0	0	0	1.09163	0
metal4	9	224	376.07	593.6	0	0	0	1.0908	0
metal4	10	224	432.07	593.6	0	0	0	1.0903	0
metal4	11	224	488.07	593.6	0	0	0	1.09011	0
metal4	12	224	544.07	593.6	0	0	0	1.09021	0
metal4	13	224	600.07	593.6	0	0	0	1.09031	0
metal4	14	224	656.07	593.6	0	0	0	1.0907	0
metal4	15	224	712.07	593.6	0	0	0	1.09134	0
metal4	16	224	768.07	593.6	0	0	0	1.09221	0
metal4	17	224	824.07	593.6	0	0	0	1.09333	0
metal4	18	224	880.07	593.6	0	0	0	1.09478	0
metal4	19	224	936.07	593.6	0	0	0	1.09614	0
metal4	20	224	992.07	593.6	0	0	0	1.09753	0
metal4	21	224	1048.07	593.6	0	0	0	1.09893	0
metal4	22	224	1086.21	593.6	0	0	0	1.09991	0
metal4	0	225	14.095	596.4	0	0	0	1.09992	0
metal4	1	225	40.07	596.4	0	0	0	1.09891	0
metal4	2	225	96.07	596.4	0	0	0	1.0969	0
metal4	3	225	108.455	596.4	0	0	0	1.09651	0
metal4	4	225	109.295	596.4	0	0	0	1.09648	0
metal4	5	225	152.07	596.4	0	0	0	1.09526	0
metal4	6	225	208.07	596.4	0	0	0	1.09387	0
metal4	7	225	264.07	596.4	0	0	0	1.09267	0
metal4	8	225	320.07	596.4	0	0	0	1.09167	0
metal4	9	225	376.07	596.4	0	0	0	1.09086	0
metal4	10	225	432.07	596.4	0	0	0	1.09036	0
metal4	11	225	488.07	596.4	0	0	0	1.09016	0
metal4	12	225	544.07	596.4	0	0	0	1.09023	0
metal4	13	225	600.07	596.4	0	0	0	1.09035	0
metal4	14	225	656.07	596.4	0	0	0	1.09075	0
metal4	15	225	712.07	596.4	0	0	0	1.09139	0
metal4	16	225	768.07	596.4	0	0	0	1.09226	0
metal4	17	225	824.07	596.4	0	0	0	1.09337	0
metal4	18	225	880.07	596.4	0	0	0	1.09477	0
metal4	19	225	936.07	596.4	0	0	0	1.09614	0
metal4	20	225	992.07	596.4	0	0	0	1.09753	0
metal4	21	225	1048.07	596.4	0	0	0	1.09895	0
metal4	22	225	1086.21	596.4	0	0	0	1.09995	0
metal4	0	226	14.095	599.2	0	0	0	1.09999	0
metal4	1	226	40.07	599.2	0	0	0	1.09898	0
metal4	2	226	96.07	599.2	0	0	0	1.09696	0
metal4	3	226	108.455	599.2	0	0	0	1.09655	0
metal4	4	226	109.295	599.2	0	0	0	1.09653	0
metal4	5	226	152.07	599.2	0	0	0	1.09532	0
metal4	6	226	208.07	599.2	0	0	0	1.09393	0
metal4	7	226	264.07	599.2	0	0	0	1.09273	0
metal4	8	226	320.07	599.2	0	0	0	1.09174	0
metal4	9	226	376.07	599.2	0	0	0	1.09095	0
metal4	10	226	432.07	599.2	0	0	0	1.09045	0
metal4	11	226	488.07	599.2	0	0	0	1.09023	0
metal4	12	226	544.07	599.2	0	0	0	1.09026	0
metal4	13	226	600.07	599.2	0	0	0	1.09042	0
metal4	14	226	656.07	599.2	0	0	0	1.09082	0
metal4	15	226	712.07	599.2	0	0	0	1.09145	0
metal4	16	226	768.07	599.2	0	0	0	1.09232	0
metal4	17	226	824.07	599.2	0	0	0	1.09343	0
metal4	18	226	880.07	599.2	0	0	0	1.09477	0
metal4	19	226	936.07	599.2	0	0	0	1.09614	0
metal4	20	226	992.07	599.2	0	0	0	1.09754	0
metal4	21	226	1048.07	599.2	0	0	0	1.09897	0
metal4	22	226	1086.21	599.2	0	0	0	1.09999	0
metal4	0	227	14.095	599.6	0	0	0	1.1	0
metal4	1	227	40.07	599.6	0	0	0	1.09899	0
metal4	2	227	96.07	599.6	0	0	0	1.09697	0
metal4	3	227	108.455	599.6	0	0	0	1.09656	0
metal4	4	227	109.295	599.6	0	0	0	1.09654	0
metal4	5	227	152.07	599.6	0	0	0	1.09533	0
metal4	6	227	208.07	599.6	0	0	0	1.09394	0
metal4	7	227	264.07	599.6	0	0	0	1.09274	0
metal4	8	227	320.07	599.6	0	0	0	1.09175	0
metal4	9	227	376.07	599.6	0	0	0	1.09097	0
metal4	10	227	432.07	599.6	0	0	0	1.09046	0
metal4	11	227	488.07	599.6	0	0	0	1.09024	0
metal4	12	227	544.07	599.6	0	0	0	1.09027	0
metal4	13	227	600.07	599.6	0	0	0	1.09043	0
metal4	14	227	656.07	599.6	0	0	0	1.09083	0
metal4	15	227	712.07	599.6	0	0	0	1.09146	0
metal4	16	227	768.07	599.6	0	0	0	1.09234	0
metal4	17	227	824.07	599.6	0	0	0	1.09345	0
metal4	18	227	880.07	599.6	0	0	0	1.09477	0
metal4	19	227	936.07	599.6	0	0	0	1.09614	0
metal4	20	227	992.07	599.6	0	0	0	1.09754	0
metal4	21	227	1048.07	599.6	0	0	0	1.09897	0
metal4	22	227	1086.21	599.6	0	0	0	1.1	0
metal4	0	228	14.095	602	0	0	0	1.09994	0
metal4	1	228	40.07	602	0	0	0	1.09893	0
metal4	2	228	96.07	602	0	0	0	1.09691	0
metal4	3	228	108.455	602	0	0	0	1.09652	0
metal4	4	228	109.295	602	0	0	0	1.09649	0
metal4	5	228	152.07	602	0	0	0	1.09527	0
metal4	6	228	208.07	602	0	0	0	1.09387	0
metal4	7	228	264.07	602	0	0	0	1.09267	0
metal4	8	228	320.07	602	0	0	0	1.09167	0
metal4	9	228	376.07	602	0	0	0	1.09086	0
metal4	10	228	432.07	602	0	0	0	1.09036	0
metal4	11	228	488.07	602	0	0	0	1.09015	0
metal4	12	228	544.07	602	0	0	0	1.09021	0
metal4	13	228	600.07	602	0	0	0	1.09034	0
metal4	14	228	656.07	602	0	0	0	1.09073	0
metal4	15	228	712.07	602	0	0	0	1.09137	0
metal4	16	228	768.07	602	0	0	0	1.09224	0
metal4	17	228	824.07	602	0	0	0	1.09336	0
metal4	18	228	880.07	602	0	0	0	1.09475	0
metal4	19	228	936.07	602	0	0	0	1.09612	0
metal4	20	228	992.07	602	0	0	0	1.09752	0
metal4	21	228	1048.07	602	0	0	0	1.09895	0
metal4	22	228	1086.21	602	0	0	0	1.09996	0
metal4	0	229	14.095	604.8	0	0	0	1.09988	0
metal4	1	229	40.07	604.8	0	0	0	1.09888	0
metal4	2	229	96.07	604.8	0	0	0	1.09685	0
metal4	3	229	108.455	604.8	0	0	0	1.09647	0
metal4	4	229	109.295	604.8	0	0	0	1.09644	0
metal4	5	229	152.07	604.8	0	0	0	1.0952	0
metal4	6	229	208.07	604.8	0	0	0	1.0938	0
metal4	7	229	264.07	604.8	0	0	0	1.0926	0
metal4	8	229	320.07	604.8	0	0	0	1.09159	0
metal4	9	229	376.07	604.8	0	0	0	1.09076	0
metal4	10	229	432.07	604.8	0	0	0	1.09025	0
metal4	11	229	488.07	604.8	0	0	0	1.09005	0
metal4	12	229	544.07	604.8	0	0	0	1.09015	0
metal4	13	229	600.07	604.8	0	0	0	1.09025	0
metal4	14	229	656.07	604.8	0	0	0	1.09064	0
metal4	15	229	712.07	604.8	0	0	0	1.09128	0
metal4	16	229	768.07	604.8	0	0	0	1.09215	0
metal4	17	229	824.07	604.8	0	0	0	1.09328	0
metal4	18	229	880.07	604.8	0	0	0	1.09472	0
metal4	19	229	936.07	604.8	0	0	0	1.0961	0
metal4	20	229	992.07	604.8	0	0	0	1.0975	0
metal4	21	229	1048.07	604.8	0	0	0	1.09892	0
metal4	22	229	1086.21	604.8	0	0	0	1.09992	0
metal4	0	230	14.095	607.6	0	0	0	1.09984	0
metal4	1	230	40.07	607.6	0	0	0	1.09884	0
metal4	2	230	96.07	607.6	0	0	0	1.0968	0
metal4	3	230	108.455	607.6	0	0	0	1.09643	0
metal4	4	230	109.295	607.6	0	0	0	1.09641	0
metal4	5	230	152.07	607.6	0	0	0	1.09515	0
metal4	6	230	208.07	607.6	0	0	0	1.09374	0
metal4	7	230	264.07	607.6	0	0	0	1.09254	0
metal4	8	230	320.07	607.6	0	0	0	1.09152	0
metal4	9	230	376.07	607.6	0	0	0	1.09068	0
metal4	10	230	432.07	607.6	0	0	0	1.09017	0
metal4	11	230	488.07	607.6	0	0	0	1.08998	0
metal4	12	230	544.07	607.6	0	0	0	1.09009	0
metal4	13	230	600.07	607.6	0	0	0	1.09017	0
metal4	14	230	656.07	607.6	0	0	0	1.09057	0
metal4	15	230	712.07	607.6	0	0	0	1.0912	0
metal4	16	230	768.07	607.6	0	0	0	1.09208	0
metal4	17	230	824.07	607.6	0	0	0	1.09321	0
metal4	18	230	880.07	607.6	0	0	0	1.09469	0
metal4	19	230	936.07	607.6	0	0	0	1.09608	0
metal4	20	230	992.07	607.6	0	0	0	1.09748	0
metal4	21	230	1048.07	607.6	0	0	0	1.09891	0
metal4	22	230	1086.21	607.6	0	0	0	1.09989	0
metal4	0	231	14.095	610.4	0	0	0	1.09981	0
metal4	1	231	40.07	610.4	0	0	0	1.09881	0
metal4	2	231	96.07	610.4	0	0	0	1.09677	0
metal4	3	231	108.455	610.4	0	0	0	1.09641	0
metal4	4	231	109.295	610.4	0	0	0	1.09638	0
metal4	5	231	152.07	610.4	0	0	0	1.09512	0
metal4	6	231	208.07	610.4	0	0	0	1.0937	0
metal4	7	231	264.07	610.4	0	0	0	1.0925	0
metal4	8	231	320.07	610.4	0	0	0	1.09148	0
metal4	9	231	376.07	610.4	0	0	0	1.09062	0
metal4	10	231	432.07	610.4	0	0	0	1.09011	0
metal4	11	231	488.07	610.4	0	0	0	1.08993	0
metal4	12	231	544.07	610.4	0	0	0	1.09005	0
metal4	13	231	600.07	610.4	0	0	0	1.09012	0
metal4	14	231	656.07	610.4	0	0	0	1.09051	0
metal4	15	231	712.07	610.4	0	0	0	1.09115	0
metal4	16	231	768.07	610.4	0	0	0	1.09203	0
metal4	17	231	824.07	610.4	0	0	0	1.09316	0
metal4	18	231	880.07	610.4	0	0	0	1.09467	0
metal4	19	231	936.07	610.4	0	0	0	1.09606	0
metal4	20	231	992.07	610.4	0	0	0	1.09747	0
metal4	21	231	1048.07	610.4	0	0	0	1.09889	0
metal4	22	231	1086.21	610.4	0	0	0	1.09987	0
metal4	0	232	14.095	613.2	0	0	0	1.09979	0
metal4	1	232	40.07	613.2	0	0	0	1.09879	0
metal4	2	232	96.07	613.2	0	0	0	1.09676	0
metal4	3	232	108.455	613.2	0	0	0	1.09639	0
metal4	4	232	109.295	613.2	0	0	0	1.09637	0
metal4	5	232	152.07	613.2	0	0	0	1.0951	0
metal4	6	232	208.07	613.2	0	0	0	1.09368	0
metal4	7	232	264.07	613.2	0	0	0	1.09247	0
metal4	8	232	320.07	613.2	0	0	0	1.09145	0
metal4	9	232	376.07	613.2	0	0	0	1.09059	0
metal4	10	232	432.07	613.2	0	0	0	1.09008	0
metal4	11	232	488.07	613.2	0	0	0	1.08989	0
metal4	12	232	544.07	613.2	0	0	0	1.09003	0
metal4	13	232	600.07	613.2	0	0	0	1.09008	0
metal4	14	232	656.07	613.2	0	0	0	1.09047	0
metal4	15	232	712.07	613.2	0	0	0	1.09111	0
metal4	16	232	768.07	613.2	0	0	0	1.09199	0
metal4	17	232	824.07	613.2	0	0	0	1.09313	0
metal4	18	232	880.07	613.2	0	0	0	1.09466	0
metal4	19	232	936.07	613.2	0	0	0	1.09605	0
metal4	20	232	992.07	613.2	0	0	0	1.09746	0
metal4	21	232	1048.07	613.2	0	0	0	1.09888	0
metal4	22	232	1086.21	613.2	0	0	0	1.09986	0
metal4	0	233	14.095	616	0	0	0	1.09979	0
metal4	1	233	40.07	616	0	0	0	1.09879	0
metal4	2	233	96.07	616	0	0	0	1.09675	0
metal4	3	233	108.455	616	0	0	0	1.09639	0
metal4	4	233	109.295	616	0	0	0	1.09636	0
metal4	5	233	152.07	616	0	0	0	1.09509	0
metal4	6	233	208.07	616	0	0	0	1.09367	0
metal4	7	233	264.07	616	0	0	0	1.09246	0
metal4	8	233	320.07	616	0	0	0	1.09144	0
metal4	9	233	376.07	616	0	0	0	1.09057	0
metal4	10	233	432.07	616	0	0	0	1.09006	0
metal4	11	233	488.07	616	0	0	0	1.08987	0
metal4	12	233	544.07	616	0	0	0	1.09001	0
metal4	13	233	600.07	616	0	0	0	1.09006	0
metal4	14	233	656.07	616	0	0	0	1.09045	0
metal4	15	233	712.07	616	0	0	0	1.09109	0
metal4	16	233	768.07	616	0	0	0	1.09197	0
metal4	17	233	824.07	616	0	0	0	1.09312	0
metal4	18	233	880.07	616	0	0	0	1.09464	0
metal4	19	233	936.07	616	0	0	0	1.09604	0
metal4	20	233	992.07	616	0	0	0	1.09745	0
metal4	21	233	1048.07	616	0	0	0	1.09888	0
metal4	22	233	1086.21	616	0	0	0	1.09986	0
metal4	0	234	14.095	618.8	0	0	0	1.09981	0
metal4	1	234	40.07	618.8	0	0	0	1.0988	0
metal4	2	234	96.07	618.8	0	0	0	1.09676	0
metal4	3	234	108.455	618.8	0	0	0	1.0964	0
metal4	4	234	109.295	618.8	0	0	0	1.09637	0
metal4	5	234	152.07	618.8	0	0	0	1.0951	0
metal4	6	234	208.07	618.8	0	0	0	1.09368	0
metal4	7	234	264.07	618.8	0	0	0	1.09247	0
metal4	8	234	320.07	618.8	0	0	0	1.09144	0
metal4	9	234	376.07	618.8	0	0	0	1.09058	0
metal4	10	234	432.07	618.8	0	0	0	1.09007	0
metal4	11	234	488.07	618.8	0	0	0	1.08987	0
metal4	12	234	544.07	618.8	0	0	0	1.09	0
metal4	13	234	600.07	618.8	0	0	0	1.09006	0
metal4	14	234	656.07	618.8	0	0	0	1.09046	0
metal4	15	234	712.07	618.8	0	0	0	1.09109	0
metal4	16	234	768.07	618.8	0	0	0	1.09198	0
metal4	17	234	824.07	618.8	0	0	0	1.09312	0
metal4	18	234	880.07	618.8	0	0	0	1.09464	0
metal4	19	234	936.07	618.8	0	0	0	1.09603	0
metal4	20	234	992.07	618.8	0	0	0	1.09745	0
metal4	21	234	1048.07	618.8	0	0	0	1.09888	0
metal4	22	234	1086.21	618.8	0	0	0	1.09987	0
metal4	0	235	14.095	621.6	0	0	0	1.09984	0
metal4	1	235	40.07	621.6	0	0	0	1.09883	0
metal4	2	235	96.07	621.6	0	0	0	1.09678	0
metal4	3	235	108.455	621.6	0	0	0	1.09641	0
metal4	4	235	109.295	621.6	0	0	0	1.09638	0
metal4	5	235	152.07	621.6	0	0	0	1.09512	0
metal4	6	235	208.07	621.6	0	0	0	1.0937	0
metal4	7	235	264.07	621.6	0	0	0	1.09249	0
metal4	8	235	320.07	621.6	0	0	0	1.09146	0
metal4	9	235	376.07	621.6	0	0	0	1.09061	0
metal4	10	235	432.07	621.6	0	0	0	1.09009	0
metal4	11	235	488.07	621.6	0	0	0	1.08989	0
metal4	12	235	544.07	621.6	0	0	0	1.09001	0
metal4	13	235	600.07	621.6	0	0	0	1.09008	0
metal4	14	235	656.07	621.6	0	0	0	1.09047	0
metal4	15	235	712.07	621.6	0	0	0	1.09111	0
metal4	16	235	768.07	621.6	0	0	0	1.092	0
metal4	17	235	824.07	621.6	0	0	0	1.09314	0
metal4	18	235	880.07	621.6	0	0	0	1.09463	0
metal4	19	235	936.07	621.6	0	0	0	1.09603	0
metal4	20	235	992.07	621.6	0	0	0	1.09745	0
metal4	21	235	1048.07	621.6	0	0	0	1.09889	0
metal4	22	235	1086.21	621.6	0	0	0	1.09989	0
metal4	0	236	14.095	624.4	0	0	0	1.09988	0
metal4	1	236	40.07	624.4	0	0	0	1.09887	0
metal4	2	236	96.07	624.4	0	0	0	1.09682	0
metal4	3	236	108.455	624.4	0	0	0	1.09644	0
metal4	4	236	109.295	624.4	0	0	0	1.09641	0
metal4	5	236	152.07	624.4	0	0	0	1.09516	0
metal4	6	236	208.07	624.4	0	0	0	1.09374	0
metal4	7	236	264.07	624.4	0	0	0	1.09252	0
metal4	8	236	320.07	624.4	0	0	0	1.0915	0
metal4	9	236	376.07	624.4	0	0	0	1.09066	0
metal4	10	236	432.07	624.4	0	0	0	1.09014	0
metal4	11	236	488.07	624.4	0	0	0	1.08994	0
metal4	12	236	544.07	624.4	0	0	0	1.09002	0
metal4	13	236	600.07	624.4	0	0	0	1.09012	0
metal4	14	236	656.07	624.4	0	0	0	1.09051	0
metal4	15	236	712.07	624.4	0	0	0	1.09115	0
metal4	16	236	768.07	624.4	0	0	0	1.09204	0
metal4	17	236	824.07	624.4	0	0	0	1.09317	0
metal4	18	236	880.07	624.4	0	0	0	1.09463	0
metal4	19	236	936.07	624.4	0	0	0	1.09603	0
metal4	20	236	992.07	624.4	0	0	0	1.09746	0
metal4	21	236	1048.07	624.4	0	0	0	1.09891	0
metal4	22	236	1086.21	624.4	0	0	0	1.09992	0
metal4	0	237	14.095	627.2	0	0	0	1.09994	0
metal4	1	237	40.07	627.2	0	0	0	1.09892	0
metal4	2	237	96.07	627.2	0	0	0	1.09687	0
metal4	3	237	108.455	627.2	0	0	0	1.09647	0
metal4	4	237	109.295	627.2	0	0	0	1.09645	0
metal4	5	237	152.07	627.2	0	0	0	1.09521	0
metal4	6	237	208.07	627.2	0	0	0	1.09379	0
metal4	7	237	264.07	627.2	0	0	0	1.09257	0
metal4	8	237	320.07	627.2	0	0	0	1.09155	0
metal4	9	237	376.07	627.2	0	0	0	1.09073	0
metal4	10	237	432.07	627.2	0	0	0	1.09021	0
metal4	11	237	488.07	627.2	0	0	0	1.08999	0
metal4	12	237	544.07	627.2	0	0	0	1.09005	0
metal4	13	237	600.07	627.2	0	0	0	1.09017	0
metal4	14	237	656.07	627.2	0	0	0	1.09057	0
metal4	15	237	712.07	627.2	0	0	0	1.09121	0
metal4	16	237	768.07	627.2	0	0	0	1.0921	0
metal4	17	237	824.07	627.2	0	0	0	1.09323	0
metal4	18	237	880.07	627.2	0	0	0	1.09463	0
metal4	19	237	936.07	627.2	0	0	0	1.09603	0
metal4	20	237	992.07	627.2	0	0	0	1.09746	0
metal4	21	237	1048.07	627.2	0	0	0	1.09893	0
metal4	22	237	1086.21	627.2	0	0	0	1.09996	0
metal4	0	238	14.095	629.6	0	0	0	1.1	0
metal4	1	238	40.07	629.6	0	0	0	1.09897	0
metal4	2	238	96.07	629.6	0	0	0	1.09693	0
metal4	3	238	108.455	629.6	0	0	0	1.09651	0
metal4	4	238	109.295	629.6	0	0	0	1.09649	0
metal4	5	238	152.07	629.6	0	0	0	1.09526	0
metal4	6	238	208.07	629.6	0	0	0	1.09384	0
metal4	7	238	264.07	629.6	0	0	0	1.09263	0
metal4	8	238	320.07	629.6	0	0	0	1.09161	0
metal4	9	238	376.07	629.6	0	0	0	1.09081	0
metal4	10	238	432.07	629.6	0	0	0	1.09029	0
metal4	11	238	488.07	629.6	0	0	0	1.09006	0
metal4	12	238	544.07	629.6	0	0	0	1.09008	0
metal4	13	238	600.07	629.6	0	0	0	1.09024	0
metal4	14	238	656.07	629.6	0	0	0	1.09063	0
metal4	15	238	712.07	629.6	0	0	0	1.09127	0
metal4	16	238	768.07	629.6	0	0	0	1.09216	0
metal4	17	238	824.07	629.6	0	0	0	1.09329	0
metal4	18	238	880.07	629.6	0	0	0	1.09464	0
metal4	19	238	936.07	629.6	0	0	0	1.09603	0
metal4	20	238	992.07	629.6	0	0	0	1.09747	0
metal4	21	238	1048.07	629.6	0	0	0	1.09895	0
metal4	22	238	1086.21	629.6	0	0	0	1.1	0
metal4	0	239	14.095	630	0	0	0	1.09999	0
metal4	1	239	40.07	630	0	0	0	1.09896	0
metal4	2	239	96.07	630	0	0	0	1.09691	0
metal4	3	239	108.455	630	0	0	0	1.0965	0
metal4	4	239	109.295	630	0	0	0	1.09648	0
metal4	5	239	152.07	630	0	0	0	1.09525	0
metal4	6	239	208.07	630	0	0	0	1.09383	0
metal4	7	239	264.07	630	0	0	0	1.09261	0
metal4	8	239	320.07	630	0	0	0	1.09159	0
metal4	9	239	376.07	630	0	0	0	1.09079	0
metal4	10	239	432.07	630	0	0	0	1.09027	0
metal4	11	239	488.07	630	0	0	0	1.09004	0
metal4	12	239	544.07	630	0	0	0	1.09007	0
metal4	13	239	600.07	630	0	0	0	1.09022	0
metal4	14	239	656.07	630	0	0	0	1.09062	0
metal4	15	239	712.07	630	0	0	0	1.09126	0
metal4	16	239	768.07	630	0	0	0	1.09214	0
metal4	17	239	824.07	630	0	0	0	1.09327	0
metal4	18	239	880.07	630	0	0	0	1.09463	0
metal4	19	239	936.07	630	0	0	0	1.09603	0
metal4	20	239	992.07	630	0	0	0	1.09747	0
metal4	21	239	1048.07	630	0	0	0	1.09894	0
metal4	22	239	1086.21	630	0	0	0	1.09999	0
metal4	0	240	14.095	632.8	0	0	0	1.09992	0
metal4	1	240	40.07	632.8	0	0	0	1.0989	0
metal4	2	240	96.07	632.8	0	0	0	1.09684	0
metal4	3	240	108.455	632.8	0	0	0	1.09645	0
metal4	4	240	109.295	632.8	0	0	0	1.09642	0
metal4	5	240	152.07	632.8	0	0	0	1.09517	0
metal4	6	240	208.07	632.8	0	0	0	1.09375	0
metal4	7	240	264.07	632.8	0	0	0	1.09253	0
metal4	8	240	320.07	632.8	0	0	0	1.0915	0
metal4	9	240	376.07	632.8	0	0	0	1.09067	0
metal4	10	240	432.07	632.8	0	0	0	1.09015	0
metal4	11	240	488.07	632.8	0	0	0	1.08993	0
metal4	12	240	544.07	632.8	0	0	0	1.09	0
metal4	13	240	600.07	632.8	0	0	0	1.09011	0
metal4	14	240	656.07	632.8	0	0	0	1.09051	0
metal4	15	240	712.07	632.8	0	0	0	1.09115	0
metal4	16	240	768.07	632.8	0	0	0	1.09204	0
metal4	17	240	824.07	632.8	0	0	0	1.09318	0
metal4	18	240	880.07	632.8	0	0	0	1.0946	0
metal4	19	240	936.07	632.8	0	0	0	1.09601	0
metal4	20	240	992.07	632.8	0	0	0	1.09744	0
metal4	21	240	1048.07	632.8	0	0	0	1.09891	0
metal4	22	240	1086.21	632.8	0	0	0	1.09995	0
metal4	0	241	14.095	635.6	0	0	0	1.09986	0
metal4	1	241	40.07	635.6	0	0	0	1.09885	0
metal4	2	241	96.07	635.6	0	0	0	1.09679	0
metal4	3	241	108.455	635.6	0	0	0	1.09641	0
metal4	4	241	109.295	635.6	0	0	0	1.09638	0
metal4	5	241	152.07	635.6	0	0	0	1.09511	0
metal4	6	241	208.07	635.6	0	0	0	1.09368	0
metal4	7	241	264.07	635.6	0	0	0	1.09246	0
metal4	8	241	320.07	635.6	0	0	0	1.09143	0
metal4	9	241	376.07	635.6	0	0	0	1.09058	0
metal4	10	241	432.07	635.6	0	0	0	1.09006	0
metal4	11	241	488.07	635.6	0	0	0	1.08985	0
metal4	12	241	544.07	635.6	0	0	0	1.08994	0
metal4	13	241	600.07	635.6	0	0	0	1.09003	0
metal4	14	241	656.07	635.6	0	0	0	1.09042	0
metal4	15	241	712.07	635.6	0	0	0	1.09107	0
metal4	16	241	768.07	635.6	0	0	0	1.09195	0
metal4	17	241	824.07	635.6	0	0	0	1.0931	0
metal4	18	241	880.07	635.6	0	0	0	1.09458	0
metal4	19	241	936.07	635.6	0	0	0	1.09598	0
metal4	20	241	992.07	635.6	0	0	0	1.09743	0
metal4	21	241	1048.07	635.6	0	0	0	1.09889	0
metal4	22	241	1086.21	635.6	0	0	0	1.09991	0
metal4	0	242	14.095	638.4	0	0	0	1.09982	0
metal4	1	242	40.07	638.4	0	0	0	1.09881	0
metal4	2	242	96.07	638.4	0	0	0	1.09675	0
metal4	3	242	108.455	638.4	0	0	0	1.09637	0
metal4	4	242	109.295	638.4	0	0	0	1.09635	0
metal4	5	242	152.07	638.4	0	0	0	1.09507	0
metal4	6	242	208.07	638.4	0	0	0	1.09363	0
metal4	7	242	264.07	638.4	0	0	0	1.09241	0
metal4	8	242	320.07	638.4	0	0	0	1.09137	0
metal4	9	242	376.07	638.4	0	0	0	1.0905	0
metal4	10	242	432.07	638.4	0	0	0	1.08998	0
metal4	11	242	488.07	638.4	0	0	0	1.08978	0
metal4	12	242	544.07	638.4	0	0	0	1.08989	0
metal4	13	242	600.07	638.4	0	0	0	1.08996	0
metal4	14	242	656.07	638.4	0	0	0	1.09035	0
metal4	15	242	712.07	638.4	0	0	0	1.091	0
metal4	16	242	768.07	638.4	0	0	0	1.09189	0
metal4	17	242	824.07	638.4	0	0	0	1.09304	0
metal4	18	242	880.07	638.4	0	0	0	1.09455	0
metal4	19	242	936.07	638.4	0	0	0	1.09597	0
metal4	20	242	992.07	638.4	0	0	0	1.09741	0
metal4	21	242	1048.07	638.4	0	0	0	1.09887	0
metal4	22	242	1086.21	638.4	0	0	0	1.09988	0
metal4	0	243	14.095	641.2	0	0	0	1.0998	0
metal4	1	243	40.07	641.2	0	0	0	1.09879	0
metal4	2	243	96.07	641.2	0	0	0	1.09672	0
metal4	3	243	108.455	641.2	0	0	0	1.09635	0
metal4	4	243	109.295	641.2	0	0	0	1.09632	0
metal4	5	243	152.07	641.2	0	0	0	1.09504	0
metal4	6	243	208.07	641.2	0	0	0	1.0936	0
metal4	7	243	264.07	641.2	0	0	0	1.09237	0
metal4	8	243	320.07	641.2	0	0	0	1.09133	0
metal4	9	243	376.07	641.2	0	0	0	1.09045	0
metal4	10	243	432.07	641.2	0	0	0	1.08993	0
metal4	11	243	488.07	641.2	0	0	0	1.08973	0
metal4	12	243	544.07	641.2	0	0	0	1.08985	0
metal4	13	243	600.07	641.2	0	0	0	1.08991	0
metal4	14	243	656.07	641.2	0	0	0	1.0903	0
metal4	15	243	712.07	641.2	0	0	0	1.09095	0
metal4	16	243	768.07	641.2	0	0	0	1.09184	0
metal4	17	243	824.07	641.2	0	0	0	1.093	0
metal4	18	243	880.07	641.2	0	0	0	1.09454	0
metal4	19	243	936.07	641.2	0	0	0	1.09595	0
metal4	20	243	992.07	641.2	0	0	0	1.0974	0
metal4	21	243	1048.07	641.2	0	0	0	1.09886	0
metal4	22	243	1086.21	641.2	0	0	0	1.09986	0
metal4	0	244	14.095	644	0	0	0	1.09979	0
metal4	1	244	40.07	644	0	0	0	1.09877	0
metal4	2	244	96.07	644	0	0	0	1.09671	0
metal4	3	244	108.455	644	0	0	0	1.09634	0
metal4	4	244	109.295	644	0	0	0	1.09631	0
metal4	5	244	152.07	644	0	0	0	1.09502	0
metal4	6	244	208.07	644	0	0	0	1.09358	0
metal4	7	244	264.07	644	0	0	0	1.09235	0
metal4	8	244	320.07	644	0	0	0	1.0913	0
metal4	9	244	376.07	644	0	0	0	1.09042	0
metal4	10	244	432.07	644	0	0	0	1.0899	0
metal4	11	244	488.07	644	0	0	0	1.0897	0
metal4	12	244	544.07	644	0	0	0	1.08983	0
metal4	13	244	600.07	644	0	0	0	1.08988	0
metal4	14	244	656.07	644	0	0	0	1.09027	0
metal4	15	244	712.07	644	0	0	0	1.09092	0
metal4	16	244	768.07	644	0	0	0	1.09181	0
metal4	17	244	824.07	644	0	0	0	1.09297	0
metal4	18	244	880.07	644	0	0	0	1.09452	0
metal4	19	244	936.07	644	0	0	0	1.09594	0
metal4	20	244	992.07	644	0	0	0	1.09739	0
metal4	21	244	1048.07	644	0	0	0	1.09885	0
metal4	22	244	1086.21	644	0	0	0	1.09986	0
metal4	0	245	14.095	646.8	0	0	0	1.09979	0
metal4	1	245	40.07	646.8	0	0	0	1.09878	0
metal4	2	245	96.07	646.8	0	0	0	1.09671	0
metal4	3	245	108.455	646.8	0	0	0	1.09634	0
metal4	4	245	109.295	646.8	0	0	0	1.09631	0
metal4	5	245	152.07	646.8	0	0	0	1.09502	0
metal4	6	245	208.07	646.8	0	0	0	1.09357	0
metal4	7	245	264.07	646.8	0	0	0	1.09234	0
metal4	8	245	320.07	646.8	0	0	0	1.09129	0
metal4	9	245	376.07	646.8	0	0	0	1.09041	0
metal4	10	245	432.07	646.8	0	0	0	1.08989	0
metal4	11	245	488.07	646.8	0	0	0	1.08969	0
metal4	12	245	544.07	646.8	0	0	0	1.08981	0
metal4	13	245	600.07	646.8	0	0	0	1.08987	0
metal4	14	245	656.07	646.8	0	0	0	1.09026	0
metal4	15	245	712.07	646.8	0	0	0	1.09091	0
metal4	16	245	768.07	646.8	0	0	0	1.0918	0
metal4	17	245	824.07	646.8	0	0	0	1.09296	0
metal4	18	245	880.07	646.8	0	0	0	1.09451	0
metal4	19	245	936.07	646.8	0	0	0	1.09593	0
metal4	20	245	992.07	646.8	0	0	0	1.09739	0
metal4	21	245	1048.07	646.8	0	0	0	1.09885	0
metal4	22	245	1086.21	646.8	0	0	0	1.09986	0
metal4	0	246	14.095	649.6	0	0	0	1.09981	0
metal4	1	246	40.07	649.6	0	0	0	1.09879	0
metal4	2	246	96.07	649.6	0	0	0	1.09672	0
metal4	3	246	108.455	649.6	0	0	0	1.09634	0
metal4	4	246	109.295	649.6	0	0	0	1.09632	0
metal4	5	246	152.07	649.6	0	0	0	1.09503	0
metal4	6	246	208.07	649.6	0	0	0	1.09358	0
metal4	7	246	264.07	649.6	0	0	0	1.09235	0
metal4	8	246	320.07	649.6	0	0	0	1.0913	0
metal4	9	246	376.07	649.6	0	0	0	1.09042	0
metal4	10	246	432.07	649.6	0	0	0	1.0899	0
metal4	11	246	488.07	649.6	0	0	0	1.08969	0
metal4	12	246	544.07	649.6	0	0	0	1.08981	0
metal4	13	246	600.07	649.6	0	0	0	1.08987	0
metal4	14	246	656.07	649.6	0	0	0	1.09027	0
metal4	15	246	712.07	649.6	0	0	0	1.09091	0
metal4	16	246	768.07	649.6	0	0	0	1.09181	0
metal4	17	246	824.07	649.6	0	0	0	1.09297	0
metal4	18	246	880.07	649.6	0	0	0	1.0945	0
metal4	19	246	936.07	649.6	0	0	0	1.09593	0
metal4	20	246	992.07	649.6	0	0	0	1.09738	0
metal4	21	246	1048.07	649.6	0	0	0	1.09886	0
metal4	22	246	1086.21	649.6	0	0	0	1.09987	0
metal4	0	247	14.095	652.4	0	0	0	1.09984	0
metal4	1	247	40.07	652.4	0	0	0	1.09882	0
metal4	2	247	96.07	652.4	0	0	0	1.09674	0
metal4	3	247	108.455	652.4	0	0	0	1.09636	0
metal4	4	247	109.295	652.4	0	0	0	1.09633	0
metal4	5	247	152.07	652.4	0	0	0	1.09505	0
metal4	6	247	208.07	652.4	0	0	0	1.09361	0
metal4	7	247	264.07	652.4	0	0	0	1.09237	0
metal4	8	247	320.07	652.4	0	0	0	1.09133	0
metal4	9	247	376.07	652.4	0	0	0	1.09046	0
metal4	10	247	432.07	652.4	0	0	0	1.08993	0
metal4	11	247	488.07	652.4	0	0	0	1.08972	0
metal4	12	247	544.07	652.4	0	0	0	1.08982	0
metal4	13	247	600.07	652.4	0	0	0	1.0899	0
metal4	14	247	656.07	652.4	0	0	0	1.09029	0
metal4	15	247	712.07	652.4	0	0	0	1.09094	0
metal4	16	247	768.07	652.4	0	0	0	1.09184	0
metal4	17	247	824.07	652.4	0	0	0	1.093	0
metal4	18	247	880.07	652.4	0	0	0	1.0945	0
metal4	19	247	936.07	652.4	0	0	0	1.09593	0
metal4	20	247	992.07	652.4	0	0	0	1.09739	0
metal4	21	247	1048.07	652.4	0	0	0	1.09887	0
metal4	22	247	1086.21	652.4	0	0	0	1.0999	0
metal4	0	248	14.095	655.2	0	0	0	1.09989	0
metal4	1	248	40.07	655.2	0	0	0	1.09886	0
metal4	2	248	96.07	655.2	0	0	0	1.09679	0
metal4	3	248	108.455	655.2	0	0	0	1.09639	0
metal4	4	248	109.295	655.2	0	0	0	1.09636	0
metal4	5	248	152.07	655.2	0	0	0	1.09509	0
metal4	6	248	208.07	655.2	0	0	0	1.09365	0
metal4	7	248	264.07	655.2	0	0	0	1.09241	0
metal4	8	248	320.07	655.2	0	0	0	1.09137	0
metal4	9	248	376.07	655.2	0	0	0	1.09051	0
metal4	10	248	432.07	655.2	0	0	0	1.08999	0
metal4	11	248	488.07	655.2	0	0	0	1.08976	0
metal4	12	248	544.07	655.2	0	0	0	1.08984	0
metal4	13	248	600.07	655.2	0	0	0	1.08994	0
metal4	14	248	656.07	655.2	0	0	0	1.09034	0
metal4	15	248	712.07	655.2	0	0	0	1.09099	0
metal4	16	248	768.07	655.2	0	0	0	1.09188	0
metal4	17	248	824.07	655.2	0	0	0	1.09304	0
metal4	18	248	880.07	655.2	0	0	0	1.0945	0
metal4	19	248	936.07	655.2	0	0	0	1.09593	0
metal4	20	248	992.07	655.2	0	0	0	1.09739	0
metal4	21	248	1048.07	655.2	0	0	0	1.09888	0
metal4	22	248	1086.21	655.2	0	0	0	1.09993	0
metal4	0	249	14.095	658	0	0	0	1.09996	0
metal4	1	249	40.07	658	0	0	0	1.09892	0
metal4	2	249	96.07	658	0	0	0	1.09684	0
metal4	3	249	108.455	658	0	0	0	1.09643	0
metal4	4	249	109.295	658	0	0	0	1.0964	0
metal4	5	249	152.07	658	0	0	0	1.09515	0
metal4	6	249	208.07	658	0	0	0	1.0937	0
metal4	7	249	264.07	658	0	0	0	1.09246	0
metal4	8	249	320.07	658	0	0	0	1.09142	0
metal4	9	249	376.07	658	0	0	0	1.09059	0
metal4	10	249	432.07	658	0	0	0	1.09006	0
metal4	11	249	488.07	658	0	0	0	1.08983	0
metal4	12	249	544.07	658	0	0	0	1.08987	0
metal4	13	249	600.07	658	0	0	0	1.09	0
metal4	14	249	656.07	658	0	0	0	1.0904	0
metal4	15	249	712.07	658	0	0	0	1.09105	0
metal4	16	249	768.07	658	0	0	0	1.09195	0
metal4	17	249	824.07	658	0	0	0	1.0931	0
metal4	18	249	880.07	658	0	0	0	1.09451	0
metal4	19	249	936.07	658	0	0	0	1.09593	0
metal4	20	249	992.07	658	0	0	0	1.0974	0
metal4	21	249	1048.07	658	0	0	0	1.0989	0
metal4	22	249	1086.21	658	0	0	0	1.09997	0
metal4	0	250	14.095	659.6	0	0	0	1.1	0
metal4	1	250	40.07	659.6	0	0	0	1.09896	0
metal4	2	250	96.07	659.6	0	0	0	1.09688	0
metal4	3	250	108.455	659.6	0	0	0	1.09646	0
metal4	4	250	109.295	659.6	0	0	0	1.09643	0
metal4	5	250	152.07	659.6	0	0	0	1.09519	0
metal4	6	250	208.07	659.6	0	0	0	1.09374	0
metal4	7	250	264.07	659.6	0	0	0	1.0925	0
metal4	8	250	320.07	659.6	0	0	0	1.09147	0
metal4	9	250	376.07	659.6	0	0	0	1.09065	0
metal4	10	250	432.07	659.6	0	0	0	1.09012	0
metal4	11	250	488.07	659.6	0	0	0	1.08988	0
metal4	12	250	544.07	659.6	0	0	0	1.08989	0
metal4	13	250	600.07	659.6	0	0	0	1.09004	0
metal4	14	250	656.07	659.6	0	0	0	1.09044	0
metal4	15	250	712.07	659.6	0	0	0	1.09109	0
metal4	16	250	768.07	659.6	0	0	0	1.09199	0
metal4	17	250	824.07	659.6	0	0	0	1.09314	0
metal4	18	250	880.07	659.6	0	0	0	1.09451	0
metal4	19	250	936.07	659.6	0	0	0	1.09594	0
metal4	20	250	992.07	659.6	0	0	0	1.09741	0
metal4	21	250	1048.07	659.6	0	0	0	1.09892	0
metal4	22	250	1086.21	659.6	0	0	0	1.1	0
metal4	0	251	14.095	660.8	0	0	0	1.09997	0
metal4	1	251	40.07	660.8	0	0	0	1.09893	0
metal4	2	251	96.07	660.8	0	0	0	1.09684	0
metal4	3	251	108.455	660.8	0	0	0	1.09643	0
metal4	4	251	109.295	660.8	0	0	0	1.0964	0
metal4	5	251	152.07	660.8	0	0	0	1.09515	0
metal4	6	251	208.07	660.8	0	0	0	1.0937	0
metal4	7	251	264.07	660.8	0	0	0	1.09246	0
metal4	8	251	320.07	660.8	0	0	0	1.09142	0
metal4	9	251	376.07	660.8	0	0	0	1.09059	0
metal4	10	251	432.07	660.8	0	0	0	1.09006	0
metal4	11	251	488.07	660.8	0	0	0	1.08982	0
metal4	12	251	544.07	660.8	0	0	0	1.08985	0
metal4	13	251	600.07	660.8	0	0	0	1.08999	0
metal4	14	251	656.07	660.8	0	0	0	1.09039	0
metal4	15	251	712.07	660.8	0	0	0	1.09104	0
metal4	16	251	768.07	660.8	0	0	0	1.09194	0
metal4	17	251	824.07	660.8	0	0	0	1.09309	0
metal4	18	251	880.07	660.8	0	0	0	1.0945	0
metal4	19	251	936.07	660.8	0	0	0	1.09593	0
metal4	20	251	992.07	660.8	0	0	0	1.0974	0
metal4	21	251	1048.07	660.8	0	0	0	1.09891	0
metal4	22	251	1086.21	660.8	0	0	0	1.09998	0
metal4	0	252	14.095	663.6	0	0	0	1.0999	0
metal4	1	252	40.07	663.6	0	0	0	1.09887	0
metal4	2	252	96.07	663.6	0	0	0	1.09678	0
metal4	3	252	108.455	663.6	0	0	0	1.09638	0
metal4	4	252	109.295	663.6	0	0	0	1.09635	0
metal4	5	252	152.07	663.6	0	0	0	1.09508	0
metal4	6	252	208.07	663.6	0	0	0	1.09363	0
metal4	7	252	264.07	663.6	0	0	0	1.09238	0
metal4	8	252	320.07	663.6	0	0	0	1.09133	0
metal4	9	252	376.07	663.6	0	0	0	1.09048	0
metal4	10	252	432.07	663.6	0	0	0	1.08995	0
metal4	11	252	488.07	663.6	0	0	0	1.08972	0
metal4	12	252	544.07	663.6	0	0	0	1.08979	0
metal4	13	252	600.07	663.6	0	0	0	1.08989	0
metal4	14	252	656.07	663.6	0	0	0	1.09029	0
metal4	15	252	712.07	663.6	0	0	0	1.09094	0
metal4	16	252	768.07	663.6	0	0	0	1.09184	0
metal4	17	252	824.07	663.6	0	0	0	1.093	0
metal4	18	252	880.07	663.6	0	0	0	1.09447	0
metal4	19	252	936.07	663.6	0	0	0	1.0959	0
metal4	20	252	992.07	663.6	0	0	0	1.09737	0
metal4	21	252	1048.07	663.6	0	0	0	1.09888	0
metal4	22	252	1086.21	663.6	0	0	0	1.09993	0
metal4	0	253	14.095	666.4	0	0	0	1.09985	0
metal4	1	253	40.07	666.4	0	0	0	1.09882	0
metal4	2	253	96.07	666.4	0	0	0	1.09673	0
metal4	3	253	108.455	666.4	0	0	0	1.09634	0
metal4	4	253	109.295	666.4	0	0	0	1.09631	0
metal4	5	253	152.07	666.4	0	0	0	1.09502	0
metal4	6	253	208.07	666.4	0	0	0	1.09356	0
metal4	7	253	264.07	666.4	0	0	0	1.09232	0
metal4	8	253	320.07	666.4	0	0	0	1.09126	0
metal4	9	253	376.07	666.4	0	0	0	1.09039	0
metal4	10	253	432.07	666.4	0	0	0	1.08985	0
metal4	11	253	488.07	666.4	0	0	0	1.08964	0
metal4	12	253	544.07	666.4	0	0	0	1.08973	0
metal4	13	253	600.07	666.4	0	0	0	1.08981	0
metal4	14	253	656.07	666.4	0	0	0	1.09021	0
metal4	15	253	712.07	666.4	0	0	0	1.09086	0
metal4	16	253	768.07	666.4	0	0	0	1.09176	0
metal4	17	253	824.07	666.4	0	0	0	1.09293	0
metal4	18	253	880.07	666.4	0	0	0	1.09444	0
metal4	19	253	936.07	666.4	0	0	0	1.09588	0
metal4	20	253	992.07	666.4	0	0	0	1.09736	0
metal4	21	253	1048.07	666.4	0	0	0	1.09886	0
metal4	22	253	1086.21	666.4	0	0	0	1.0999	0
metal4	0	254	14.095	669.2	0	0	0	1.09981	0
metal4	1	254	40.07	669.2	0	0	0	1.09879	0
metal4	2	254	96.07	669.2	0	0	0	1.09669	0
metal4	3	254	108.455	669.2	0	0	0	1.09631	0
metal4	4	254	109.295	669.2	0	0	0	1.09628	0
metal4	5	254	152.07	669.2	0	0	0	1.09498	0
metal4	6	254	208.07	669.2	0	0	0	1.09352	0
metal4	7	254	264.07	669.2	0	0	0	1.09227	0
metal4	8	254	320.07	669.2	0	0	0	1.09121	0
metal4	9	254	376.07	669.2	0	0	0	1.09032	0
metal4	10	254	432.07	669.2	0	0	0	1.08978	0
metal4	11	254	488.07	669.2	0	0	0	1.08957	0
metal4	12	254	544.07	669.2	0	0	0	1.08968	0
metal4	13	254	600.07	669.2	0	0	0	1.08975	0
metal4	14	254	656.07	669.2	0	0	0	1.09014	0
metal4	15	254	712.07	669.2	0	0	0	1.0908	0
metal4	16	254	768.07	669.2	0	0	0	1.0917	0
metal4	17	254	824.07	669.2	0	0	0	1.09287	0
metal4	18	254	880.07	669.2	0	0	0	1.09442	0
metal4	19	254	936.07	669.2	0	0	0	1.09586	0
metal4	20	254	992.07	669.2	0	0	0	1.09734	0
metal4	21	254	1048.07	669.2	0	0	0	1.09884	0
metal4	22	254	1086.21	669.2	0	0	0	1.09987	0
metal4	0	255	14.095	672	0	0	0	1.09979	0
metal4	1	255	40.07	672	0	0	0	1.09876	0
metal4	2	255	96.07	672	0	0	0	1.09667	0
metal4	3	255	108.455	672	0	0	0	1.09629	0
metal4	4	255	109.295	672	0	0	0	1.09626	0
metal4	5	255	152.07	672	0	0	0	1.09495	0
metal4	6	255	208.07	672	0	0	0	1.09349	0
metal4	7	255	264.07	672	0	0	0	1.09223	0
metal4	8	255	320.07	672	0	0	0	1.09117	0
metal4	9	255	376.07	672	0	0	0	1.09027	0
metal4	10	255	432.07	672	0	0	0	1.08974	0
metal4	11	255	488.07	672	0	0	0	1.08953	0
metal4	12	255	544.07	672	0	0	0	1.08965	0
metal4	13	255	600.07	672	0	0	0	1.0897	0
metal4	14	255	656.07	672	0	0	0	1.0901	0
metal4	15	255	712.07	672	0	0	0	1.09075	0
metal4	16	255	768.07	672	0	0	0	1.09166	0
metal4	17	255	824.07	672	0	0	0	1.09283	0
metal4	18	255	880.07	672	0	0	0	1.0944	0
metal4	19	255	936.07	672	0	0	0	1.09585	0
metal4	20	255	992.07	672	0	0	0	1.09733	0
metal4	21	255	1048.07	672	0	0	0	1.09883	0
metal4	22	255	1086.21	672	0	0	0	1.09986	0
metal4	0	256	14.095	674.8	0	0	0	1.09979	0
metal4	1	256	40.07	674.8	0	0	0	1.09876	0
metal4	2	256	96.07	674.8	0	0	0	1.09666	0
metal4	3	256	108.455	674.8	0	0	0	1.09628	0
metal4	4	256	109.295	674.8	0	0	0	1.09625	0
metal4	5	256	152.07	674.8	0	0	0	1.09494	0
metal4	6	256	208.07	674.8	0	0	0	1.09347	0
metal4	7	256	264.07	674.8	0	0	0	1.09222	0
metal4	8	256	320.07	674.8	0	0	0	1.09115	0
metal4	9	256	376.07	674.8	0	0	0	1.09025	0
metal4	10	256	432.07	674.8	0	0	0	1.08971	0
metal4	11	256	488.07	674.8	0	0	0	1.0895	0
metal4	12	256	544.07	674.8	0	0	0	1.08962	0
metal4	13	256	600.07	674.8	0	0	0	1.08967	0
metal4	14	256	656.07	674.8	0	0	0	1.09007	0
metal4	15	256	712.07	674.8	0	0	0	1.09072	0
metal4	16	256	768.07	674.8	0	0	0	1.09163	0
metal4	17	256	824.07	674.8	0	0	0	1.09281	0
metal4	18	256	880.07	674.8	0	0	0	1.09439	0
metal4	19	256	936.07	674.8	0	0	0	1.09584	0
metal4	20	256	992.07	674.8	0	0	0	1.09732	0
metal4	21	256	1048.07	674.8	0	0	0	1.09882	0
metal4	22	256	1086.21	674.8	0	0	0	1.09985	0
metal4	0	257	14.095	677.6	0	0	0	1.09979	0
metal4	1	257	40.07	677.6	0	0	0	1.09876	0
metal4	2	257	96.07	677.6	0	0	0	1.09666	0
metal4	3	257	108.455	677.6	0	0	0	1.09628	0
metal4	4	257	109.295	677.6	0	0	0	1.09625	0
metal4	5	257	152.07	677.6	0	0	0	1.09494	0
metal4	6	257	208.07	677.6	0	0	0	1.09347	0
metal4	7	257	264.07	677.6	0	0	0	1.09221	0
metal4	8	257	320.07	677.6	0	0	0	1.09114	0
metal4	9	257	376.07	677.6	0	0	0	1.09025	0
metal4	10	257	432.07	677.6	0	0	0	1.0897	0
metal4	11	257	488.07	677.6	0	0	0	1.08949	0
metal4	12	257	544.07	677.6	0	0	0	1.08961	0
metal4	13	257	600.07	677.6	0	0	0	1.08966	0
metal4	14	257	656.07	677.6	0	0	0	1.09006	0
metal4	15	257	712.07	677.6	0	0	0	1.09072	0
metal4	16	257	768.07	677.6	0	0	0	1.09162	0
metal4	17	257	824.07	677.6	0	0	0	1.09281	0
metal4	18	257	880.07	677.6	0	0	0	1.09438	0
metal4	19	257	936.07	677.6	0	0	0	1.09583	0
metal4	20	257	992.07	677.6	0	0	0	1.09732	0
metal4	21	257	1048.07	677.6	0	0	0	1.09882	0
metal4	22	257	1086.21	677.6	0	0	0	1.09986	0
metal4	0	258	14.095	680.4	0	0	0	1.09982	0
metal4	1	258	40.07	680.4	0	0	0	1.09878	0
metal4	2	258	96.07	680.4	0	0	0	1.09667	0
metal4	3	258	108.455	680.4	0	0	0	1.09629	0
metal4	4	258	109.295	680.4	0	0	0	1.09626	0
metal4	5	258	152.07	680.4	0	0	0	1.09496	0
metal4	6	258	208.07	680.4	0	0	0	1.09348	0
metal4	7	258	264.07	680.4	0	0	0	1.09222	0
metal4	8	258	320.07	680.4	0	0	0	1.09116	0
metal4	9	258	376.07	680.4	0	0	0	1.09026	0
metal4	10	258	432.07	680.4	0	0	0	1.08972	0
metal4	11	258	488.07	680.4	0	0	0	1.0895	0
metal4	12	258	544.07	680.4	0	0	0	1.08961	0
metal4	13	258	600.07	680.4	0	0	0	1.08967	0
metal4	14	258	656.07	680.4	0	0	0	1.09007	0
metal4	15	258	712.07	680.4	0	0	0	1.09073	0
metal4	16	258	768.07	680.4	0	0	0	1.09164	0
metal4	17	258	824.07	680.4	0	0	0	1.09282	0
metal4	18	258	880.07	680.4	0	0	0	1.09437	0
metal4	19	258	936.07	680.4	0	0	0	1.09583	0
metal4	20	258	992.07	680.4	0	0	0	1.09732	0
metal4	21	258	1048.07	680.4	0	0	0	1.09883	0
metal4	22	258	1086.21	680.4	0	0	0	1.09988	0
metal4	0	259	14.095	683.2	0	0	0	1.09985	0
metal4	1	259	40.07	683.2	0	0	0	1.09881	0
metal4	2	259	96.07	683.2	0	0	0	1.09671	0
metal4	3	259	108.455	683.2	0	0	0	1.09631	0
metal4	4	259	109.295	683.2	0	0	0	1.09628	0
metal4	5	259	152.07	683.2	0	0	0	1.09498	0
metal4	6	259	208.07	683.2	0	0	0	1.09351	0
metal4	7	259	264.07	683.2	0	0	0	1.09225	0
metal4	8	259	320.07	683.2	0	0	0	1.09119	0
metal4	9	259	376.07	683.2	0	0	0	1.0903	0
metal4	10	259	432.07	683.2	0	0	0	1.08976	0
metal4	11	259	488.07	683.2	0	0	0	1.08953	0
metal4	12	259	544.07	683.2	0	0	0	1.08962	0
metal4	13	259	600.07	683.2	0	0	0	1.0897	0
metal4	14	259	656.07	683.2	0	0	0	1.0901	0
metal4	15	259	712.07	683.2	0	0	0	1.09076	0
metal4	16	259	768.07	683.2	0	0	0	1.09167	0
metal4	17	259	824.07	683.2	0	0	0	1.09285	0
metal4	18	259	880.07	683.2	0	0	0	1.09437	0
metal4	19	259	936.07	683.2	0	0	0	1.09582	0
metal4	20	259	992.07	683.2	0	0	0	1.09732	0
metal4	21	259	1048.07	683.2	0	0	0	1.09884	0
metal4	22	259	1086.21	683.2	0	0	0	1.0999	0
metal4	0	260	14.095	686	0	0	0	1.09991	0
metal4	1	260	40.07	686	0	0	0	1.09886	0
metal4	2	260	96.07	686	0	0	0	1.09675	0
metal4	3	260	108.455	686	0	0	0	1.09635	0
metal4	4	260	109.295	686	0	0	0	1.09632	0
metal4	5	260	152.07	686	0	0	0	1.09503	0
metal4	6	260	208.07	686	0	0	0	1.09356	0
metal4	7	260	264.07	686	0	0	0	1.09229	0
metal4	8	260	320.07	686	0	0	0	1.09123	0
metal4	9	260	376.07	686	0	0	0	1.09036	0
metal4	10	260	432.07	686	0	0	0	1.08982	0
metal4	11	260	488.07	686	0	0	0	1.08958	0
metal4	12	260	544.07	686	0	0	0	1.08964	0
metal4	13	260	600.07	686	0	0	0	1.08975	0
metal4	14	260	656.07	686	0	0	0	1.09015	0
metal4	15	260	712.07	686	0	0	0	1.09081	0
metal4	16	260	768.07	686	0	0	0	1.09172	0
metal4	17	260	824.07	686	0	0	0	1.09289	0
metal4	18	260	880.07	686	0	0	0	1.09437	0
metal4	19	260	936.07	686	0	0	0	1.09583	0
metal4	20	260	992.07	686	0	0	0	1.09733	0
metal4	21	260	1048.07	686	0	0	0	1.09886	0
metal4	22	260	1086.21	686	0	0	0	1.09994	0
metal4	0	261	14.095	688.8	0	0	0	1.09998	0
metal4	1	261	40.07	688.8	0	0	0	1.09892	0
metal4	2	261	96.07	688.8	0	0	0	1.09681	0
metal4	3	261	108.455	688.8	0	0	0	1.09639	0
metal4	4	261	109.295	688.8	0	0	0	1.09636	0
metal4	5	261	152.07	688.8	0	0	0	1.09509	0
metal4	6	261	208.07	688.8	0	0	0	1.09362	0
metal4	7	261	264.07	688.8	0	0	0	1.09235	0
metal4	8	261	320.07	688.8	0	0	0	1.09129	0
metal4	9	261	376.07	688.8	0	0	0	1.09045	0
metal4	10	261	432.07	688.8	0	0	0	1.0899	0
metal4	11	261	488.07	688.8	0	0	0	1.08965	0
metal4	12	261	544.07	688.8	0	0	0	1.08967	0
metal4	13	261	600.07	688.8	0	0	0	1.08981	0
metal4	14	261	656.07	688.8	0	0	0	1.09021	0
metal4	15	261	712.07	688.8	0	0	0	1.09087	0
metal4	16	261	768.07	688.8	0	0	0	1.09179	0
metal4	17	261	824.07	688.8	0	0	0	1.09295	0
metal4	18	261	880.07	688.8	0	0	0	1.09437	0
metal4	19	261	936.07	688.8	0	0	0	1.09583	0
metal4	20	261	992.07	688.8	0	0	0	1.09733	0
metal4	21	261	1048.07	688.8	0	0	0	1.09888	0
metal4	22	261	1086.21	688.8	0	0	0	1.09998	0
metal4	0	262	14.095	689.6	0	0	0	1.1	0
metal4	1	262	40.07	689.6	0	0	0	1.09894	0
metal4	2	262	96.07	689.6	0	0	0	1.09683	0
metal4	3	262	108.455	689.6	0	0	0	1.0964	0
metal4	4	262	109.295	689.6	0	0	0	1.09637	0
metal4	5	262	152.07	689.6	0	0	0	1.09511	0
metal4	6	262	208.07	689.6	0	0	0	1.09364	0
metal4	7	262	264.07	689.6	0	0	0	1.09237	0
metal4	8	262	320.07	689.6	0	0	0	1.09131	0
metal4	9	262	376.07	689.6	0	0	0	1.09048	0
metal4	10	262	432.07	689.6	0	0	0	1.08993	0
metal4	11	262	488.07	689.6	0	0	0	1.08968	0
metal4	12	262	544.07	689.6	0	0	0	1.08968	0
metal4	13	262	600.07	689.6	0	0	0	1.08983	0
metal4	14	262	656.07	689.6	0	0	0	1.09024	0
metal4	15	262	712.07	689.6	0	0	0	1.0909	0
metal4	16	262	768.07	689.6	0	0	0	1.09181	0
metal4	17	262	824.07	689.6	0	0	0	1.09298	0
metal4	18	262	880.07	689.6	0	0	0	1.09438	0
metal4	19	262	936.07	689.6	0	0	0	1.09583	0
metal4	20	262	992.07	689.6	0	0	0	1.09734	0
metal4	21	262	1048.07	689.6	0	0	0	1.09889	0
metal4	22	262	1086.21	689.6	0	0	0	1.1	0
metal4	0	263	14.095	691.6	0	0	0	1.09995	0
metal4	1	263	40.07	691.6	0	0	0	1.09889	0
metal4	2	263	96.07	691.6	0	0	0	1.09678	0
metal4	3	263	108.455	691.6	0	0	0	1.09636	0
metal4	4	263	109.295	691.6	0	0	0	1.09633	0
metal4	5	263	152.07	691.6	0	0	0	1.09505	0
metal4	6	263	208.07	691.6	0	0	0	1.09358	0
metal4	7	263	264.07	691.6	0	0	0	1.09231	0
metal4	8	263	320.07	691.6	0	0	0	1.09124	0
metal4	9	263	376.07	691.6	0	0	0	1.09039	0
metal4	10	263	432.07	691.6	0	0	0	1.08984	0
metal4	11	263	488.07	691.6	0	0	0	1.08959	0
metal4	12	263	544.07	691.6	0	0	0	1.08962	0
metal4	13	263	600.07	691.6	0	0	0	1.08975	0
metal4	14	263	656.07	691.6	0	0	0	1.09015	0
metal4	15	263	712.07	691.6	0	0	0	1.09081	0
metal4	16	263	768.07	691.6	0	0	0	1.09173	0
metal4	17	263	824.07	691.6	0	0	0	1.0929	0
metal4	18	263	880.07	691.6	0	0	0	1.09435	0
metal4	19	263	936.07	691.6	0	0	0	1.09581	0
metal4	20	263	992.07	691.6	0	0	0	1.09732	0
metal4	21	263	1048.07	691.6	0	0	0	1.09887	0
metal4	22	263	1086.21	691.6	0	0	0	1.09996	0
metal4	0	264	14.095	694.4	0	0	0	1.09988	0
metal4	1	264	40.07	694.4	0	0	0	1.09884	0
metal4	2	264	96.07	694.4	0	0	0	1.09672	0
metal4	3	264	108.455	694.4	0	0	0	1.09632	0
metal4	4	264	109.295	694.4	0	0	0	1.09629	0
metal4	5	264	152.07	694.4	0	0	0	1.09499	0
metal4	6	264	208.07	694.4	0	0	0	1.0935	0
metal4	7	264	264.07	694.4	0	0	0	1.09223	0
metal4	8	264	320.07	694.4	0	0	0	1.09116	0
metal4	9	264	376.07	694.4	0	0	0	1.09028	0
metal4	10	264	432.07	694.4	0	0	0	1.08973	0
metal4	11	264	488.07	694.4	0	0	0	1.08949	0
metal4	12	264	544.07	694.4	0	0	0	1.08956	0
metal4	13	264	600.07	694.4	0	0	0	1.08965	0
metal4	14	264	656.07	694.4	0	0	0	1.09005	0
metal4	15	264	712.07	694.4	0	0	0	1.09071	0
metal4	16	264	768.07	694.4	0	0	0	1.09163	0
metal4	17	264	824.07	694.4	0	0	0	1.09281	0
metal4	18	264	880.07	694.4	0	0	0	1.09432	0
metal4	19	264	936.07	694.4	0	0	0	1.09579	0
metal4	20	264	992.07	694.4	0	0	0	1.0973	0
metal4	21	264	1048.07	694.4	0	0	0	1.09884	0
metal4	22	264	1086.21	694.4	0	0	0	1.09992	0
metal4	0	265	14.095	697.2	0	0	0	1.09984	0
metal4	1	265	40.07	697.2	0	0	0	1.09879	0
metal4	2	265	96.07	697.2	0	0	0	1.09667	0
metal4	3	265	108.455	697.2	0	0	0	1.09628	0
metal4	4	265	109.295	697.2	0	0	0	1.09625	0
metal4	5	265	152.07	697.2	0	0	0	1.09493	0
metal4	6	265	208.07	697.2	0	0	0	1.09345	0
metal4	7	265	264.07	697.2	0	0	0	1.09217	0
metal4	8	265	320.07	697.2	0	0	0	1.09109	0
metal4	9	265	376.07	697.2	0	0	0	1.09019	0
metal4	10	265	432.07	697.2	0	0	0	1.08964	0
metal4	11	265	488.07	697.2	0	0	0	1.08941	0
metal4	12	265	544.07	697.2	0	0	0	1.0895	0
metal4	13	265	600.07	697.2	0	0	0	1.08957	0
metal4	14	265	656.07	697.2	0	0	0	1.08997	0
metal4	15	265	712.07	697.2	0	0	0	1.09063	0
metal4	16	265	768.07	697.2	0	0	0	1.09155	0
metal4	17	265	824.07	697.2	0	0	0	1.09274	0
metal4	18	265	880.07	697.2	0	0	0	1.09429	0
metal4	19	265	936.07	697.2	0	0	0	1.09577	0
metal4	20	265	992.07	697.2	0	0	0	1.09728	0
metal4	21	265	1048.07	697.2	0	0	0	1.09882	0
metal4	22	265	1086.21	697.2	0	0	0	1.09989	0
metal4	0	266	14.095	700	0	0	0	1.0998	0
metal4	1	266	40.07	700	0	0	0	1.09876	0
metal4	2	266	96.07	700	0	0	0	1.09664	0
metal4	3	266	108.455	700	0	0	0	1.09625	0
metal4	4	266	109.295	700	0	0	0	1.09622	0
metal4	5	266	152.07	700	0	0	0	1.0949	0
metal4	6	266	208.07	700	0	0	0	1.0934	0
metal4	7	266	264.07	700	0	0	0	1.09213	0
metal4	8	266	320.07	700	0	0	0	1.09104	0
metal4	9	266	376.07	700	0	0	0	1.09013	0
metal4	10	266	432.07	700	0	0	0	1.08957	0
metal4	11	266	488.07	700	0	0	0	1.08935	0
metal4	12	266	544.07	700	0	0	0	1.08945	0
metal4	13	266	600.07	700	0	0	0	1.0895	0
metal4	14	266	656.07	700	0	0	0	1.0899	0
metal4	15	266	712.07	700	0	0	0	1.09057	0
metal4	16	266	768.07	700	0	0	0	1.09149	0
metal4	17	266	824.07	700	0	0	0	1.09268	0
metal4	18	266	880.07	700	0	0	0	1.09427	0
metal4	19	266	936.07	700	0	0	0	1.09575	0
metal4	20	266	992.07	700	0	0	0	1.09727	0
metal4	21	266	1048.07	700	0	0	0	1.09881	0
metal4	22	266	1086.21	700	0	0	0	1.09987	0
metal4	0	267	14.095	702.8	0	0	0	1.09979	0
metal4	1	267	40.07	702.8	0	0	0	1.09875	0
metal4	2	267	96.07	702.8	0	0	0	1.09662	0
metal4	3	267	108.455	702.8	0	0	0	1.09623	0
metal4	4	267	109.295	702.8	0	0	0	1.0962	0
metal4	5	267	152.07	702.8	0	0	0	1.09487	0
metal4	6	267	208.07	702.8	0	0	0	1.09338	0
metal4	7	267	264.07	702.8	0	0	0	1.0921	0
metal4	8	267	320.07	702.8	0	0	0	1.09101	0
metal4	9	267	376.07	702.8	0	0	0	1.09009	0
metal4	10	267	432.07	702.8	0	0	0	1.08953	0
metal4	11	267	488.07	702.8	0	0	0	1.0893	0
metal4	12	267	544.07	702.8	0	0	0	1.08941	0
metal4	13	267	600.07	702.8	0	0	0	1.08946	0
metal4	14	267	656.07	702.8	0	0	0	1.08986	0
metal4	15	267	712.07	702.8	0	0	0	1.09052	0
metal4	16	267	768.07	702.8	0	0	0	1.09144	0
metal4	17	267	824.07	702.8	0	0	0	1.09265	0
metal4	18	267	880.07	702.8	0	0	0	1.09425	0
metal4	19	267	936.07	702.8	0	0	0	1.09573	0
metal4	20	267	992.07	702.8	0	0	0	1.09725	0
metal4	21	267	1048.07	702.8	0	0	0	1.0988	0
metal4	22	267	1086.21	702.8	0	0	0	1.09985	0
metal4	0	268	14.095	705.6	0	0	0	1.09979	0
metal4	1	268	40.07	705.6	0	0	0	1.09874	0
metal4	2	268	96.07	705.6	0	0	0	1.09661	0
metal4	3	268	108.455	705.6	0	0	0	1.09623	0
metal4	4	268	109.295	705.6	0	0	0	1.0962	0
metal4	5	268	152.07	705.6	0	0	0	1.09486	0
metal4	6	268	208.07	705.6	0	0	0	1.09336	0
metal4	7	268	264.07	705.6	0	0	0	1.09208	0
metal4	8	268	320.07	705.6	0	0	0	1.09099	0
metal4	9	268	376.07	705.6	0	0	0	1.09006	0
metal4	10	268	432.07	705.6	0	0	0	1.0895	0
metal4	11	268	488.07	705.6	0	0	0	1.08928	0
metal4	12	268	544.07	705.6	0	0	0	1.08939	0
metal4	13	268	600.07	705.6	0	0	0	1.08943	0
metal4	14	268	656.07	705.6	0	0	0	1.08983	0
metal4	15	268	712.07	705.6	0	0	0	1.0905	0
metal4	16	268	768.07	705.6	0	0	0	1.09142	0
metal4	17	268	824.07	705.6	0	0	0	1.09263	0
metal4	18	268	880.07	705.6	0	0	0	1.09423	0
metal4	19	268	936.07	705.6	0	0	0	1.09572	0
metal4	20	268	992.07	705.6	0	0	0	1.09725	0
metal4	21	268	1048.07	705.6	0	0	0	1.09879	0
metal4	22	268	1086.21	705.6	0	0	0	1.09985	0
metal4	0	269	14.095	708.4	0	0	0	1.0998	0
metal4	1	269	40.07	708.4	0	0	0	1.09875	0
metal4	2	269	96.07	708.4	0	0	0	1.09662	0
metal4	3	269	108.455	708.4	0	0	0	1.09623	0
metal4	4	269	109.295	708.4	0	0	0	1.0962	0
metal4	5	269	152.07	708.4	0	0	0	1.09487	0
metal4	6	269	208.07	708.4	0	0	0	1.09337	0
metal4	7	269	264.07	708.4	0	0	0	1.09208	0
metal4	8	269	320.07	708.4	0	0	0	1.09099	0
metal4	9	269	376.07	708.4	0	0	0	1.09006	0
metal4	10	269	432.07	708.4	0	0	0	1.0895	0
metal4	11	269	488.07	708.4	0	0	0	1.08927	0
metal4	12	269	544.07	708.4	0	0	0	1.08937	0
metal4	13	269	600.07	708.4	0	0	0	1.08942	0
metal4	14	269	656.07	708.4	0	0	0	1.08982	0
metal4	15	269	712.07	708.4	0	0	0	1.09049	0
metal4	16	269	768.07	708.4	0	0	0	1.09141	0
metal4	17	269	824.07	708.4	0	0	0	1.09262	0
metal4	18	269	880.07	708.4	0	0	0	1.09422	0
metal4	19	269	936.07	708.4	0	0	0	1.09571	0
metal4	20	269	992.07	708.4	0	0	0	1.09724	0
metal4	21	269	1048.07	708.4	0	0	0	1.09879	0
metal4	22	269	1086.21	708.4	0	0	0	1.09986	0
metal4	0	270	14.095	711.2	0	0	0	1.09983	0
metal4	1	270	40.07	711.2	0	0	0	1.09878	0
metal4	2	270	96.07	711.2	0	0	0	1.09664	0
metal4	3	270	108.455	711.2	0	0	0	1.09625	0
metal4	4	270	109.295	711.2	0	0	0	1.09622	0
metal4	5	270	152.07	711.2	0	0	0	1.09489	0
metal4	6	270	208.07	711.2	0	0	0	1.09339	0
metal4	7	270	264.07	711.2	0	0	0	1.0921	0
metal4	8	270	320.07	711.2	0	0	0	1.091	0
metal4	9	270	376.07	711.2	0	0	0	1.09009	0
metal4	10	270	432.07	711.2	0	0	0	1.08952	0
metal4	11	270	488.07	711.2	0	0	0	1.08928	0
metal4	12	270	544.07	711.2	0	0	0	1.08937	0
metal4	13	270	600.07	711.2	0	0	0	1.08943	0
metal4	14	270	656.07	711.2	0	0	0	1.08984	0
metal4	15	270	712.07	711.2	0	0	0	1.0905	0
metal4	16	270	768.07	711.2	0	0	0	1.09143	0
metal4	17	270	824.07	711.2	0	0	0	1.09263	0
metal4	18	270	880.07	711.2	0	0	0	1.09421	0
metal4	19	270	936.07	711.2	0	0	0	1.0957	0
metal4	20	270	992.07	711.2	0	0	0	1.09724	0
metal4	21	270	1048.07	711.2	0	0	0	1.0988	0
metal4	22	270	1086.21	711.2	0	0	0	1.09988	0
metal4	0	271	14.095	714	0	0	0	1.09987	0
metal4	1	271	40.07	714	0	0	0	1.09881	0
metal4	2	271	96.07	714	0	0	0	1.09667	0
metal4	3	271	108.455	714	0	0	0	1.09627	0
metal4	4	271	109.295	714	0	0	0	1.09624	0
metal4	5	271	152.07	714	0	0	0	1.09492	0
metal4	6	271	208.07	714	0	0	0	1.09342	0
metal4	7	271	264.07	714	0	0	0	1.09213	0
metal4	8	271	320.07	714	0	0	0	1.09103	0
metal4	9	271	376.07	714	0	0	0	1.09013	0
metal4	10	271	432.07	714	0	0	0	1.08956	0
metal4	11	271	488.07	714	0	0	0	1.08932	0
metal4	12	271	544.07	714	0	0	0	1.08938	0
metal4	13	271	600.07	714	0	0	0	1.08946	0
metal4	14	271	656.07	714	0	0	0	1.08986	0
metal4	15	271	712.07	714	0	0	0	1.09053	0
metal4	16	271	768.07	714	0	0	0	1.09146	0
metal4	17	271	824.07	714	0	0	0	1.09266	0
metal4	18	271	880.07	714	0	0	0	1.0942	0
metal4	19	271	936.07	714	0	0	0	1.0957	0
metal4	20	271	992.07	714	0	0	0	1.09724	0
metal4	21	271	1048.07	714	0	0	0	1.09881	0
metal4	22	271	1086.21	714	0	0	0	1.09991	0
metal4	0	272	14.095	716.8	0	0	0	1.09993	0
metal4	1	272	40.07	716.8	0	0	0	1.09886	0
metal4	2	272	96.07	716.8	0	0	0	1.09672	0
metal4	3	272	108.455	716.8	0	0	0	1.09631	0
metal4	4	272	109.295	716.8	0	0	0	1.09628	0
metal4	5	272	152.07	716.8	0	0	0	1.09497	0
metal4	6	272	208.07	716.8	0	0	0	1.09347	0
metal4	7	272	264.07	716.8	0	0	0	1.09218	0
metal4	8	272	320.07	716.8	0	0	0	1.09108	0
metal4	9	272	376.07	716.8	0	0	0	1.0902	0
metal4	10	272	432.07	716.8	0	0	0	1.08963	0
metal4	11	272	488.07	716.8	0	0	0	1.08937	0
metal4	12	272	544.07	716.8	0	0	0	1.0894	0
metal4	13	272	600.07	716.8	0	0	0	1.08951	0
metal4	14	272	656.07	716.8	0	0	0	1.08991	0
metal4	15	272	712.07	716.8	0	0	0	1.09058	0
metal4	16	272	768.07	716.8	0	0	0	1.09151	0
metal4	17	272	824.07	716.8	0	0	0	1.09271	0
metal4	18	272	880.07	716.8	0	0	0	1.0942	0
metal4	19	272	936.07	716.8	0	0	0	1.0957	0
metal4	20	272	992.07	716.8	0	0	0	1.09725	0
metal4	21	272	1048.07	716.8	0	0	0	1.09883	0
metal4	22	272	1086.21	716.8	0	0	0	1.09995	0
metal4	0	273	14.095	719.6	0	0	0	1.1	0
metal4	1	273	40.07	719.6	0	0	0	1.09893	0
metal4	2	273	96.07	719.6	0	0	0	1.09679	0
metal4	3	273	108.455	719.6	0	0	0	1.09635	0
metal4	4	273	109.295	719.6	0	0	0	1.09632	0
metal4	5	273	152.07	719.6	0	0	0	1.09503	0
metal4	6	273	208.07	719.6	0	0	0	1.09353	0
metal4	7	273	264.07	719.6	0	0	0	1.09224	0
metal4	8	273	320.07	719.6	0	0	0	1.09115	0
metal4	9	273	376.07	719.6	0	0	0	1.09028	0
metal4	10	273	432.07	719.6	0	0	0	1.08971	0
metal4	11	273	488.07	719.6	0	0	0	1.08944	0
metal4	12	273	544.07	719.6	0	0	0	1.08943	0
metal4	13	273	600.07	719.6	0	0	0	1.08957	0
metal4	14	273	656.07	719.6	0	0	0	1.08998	0
metal4	15	273	712.07	719.6	0	0	0	1.09065	0
metal4	16	273	768.07	719.6	0	0	0	1.09158	0
metal4	17	273	824.07	719.6	0	0	0	1.09277	0
metal4	18	273	880.07	719.6	0	0	0	1.09421	0
metal4	19	273	936.07	719.6	0	0	0	1.0957	0
metal4	20	273	992.07	719.6	0	0	0	1.09725	0
metal4	21	273	1048.07	719.6	0	0	0	1.09886	0
metal4	22	273	1086.21	719.6	0	0	0	1.1	0
metal4	0	274	14.095	722.4	0	0	0	1.09993	0
metal4	1	274	40.07	722.4	0	0	0	1.09886	0
metal4	2	274	96.07	722.4	0	0	0	1.09671	0
metal4	3	274	108.455	722.4	0	0	0	1.0963	0
metal4	4	274	109.295	722.4	0	0	0	1.09627	0
metal4	5	274	152.07	722.4	0	0	0	1.09496	0
metal4	6	274	208.07	722.4	0	0	0	1.09345	0
metal4	7	274	264.07	722.4	0	0	0	1.09215	0
metal4	8	274	320.07	722.4	0	0	0	1.09105	0
metal4	9	274	376.07	722.4	0	0	0	1.09015	0
metal4	10	274	432.07	722.4	0	0	0	1.08958	0
metal4	11	274	488.07	722.4	0	0	0	1.08931	0
metal4	12	274	544.07	722.4	0	0	0	1.08934	0
metal4	13	274	600.07	722.4	0	0	0	1.08945	0
metal4	14	274	656.07	722.4	0	0	0	1.08985	0
metal4	15	274	712.07	722.4	0	0	0	1.09052	0
metal4	16	274	768.07	722.4	0	0	0	1.09145	0
metal4	17	274	824.07	722.4	0	0	0	1.09266	0
metal4	18	274	880.07	722.4	0	0	0	1.09416	0
metal4	19	274	936.07	722.4	0	0	0	1.09567	0
metal4	20	274	992.07	722.4	0	0	0	1.09722	0
metal4	21	274	1048.07	722.4	0	0	0	1.09882	0
metal4	22	274	1086.21	722.4	0	0	0	1.09995	0
metal4	0	275	14.095	725.2	0	0	0	1.09987	0
metal4	1	275	40.07	725.2	0	0	0	1.09881	0
metal4	2	275	96.07	725.2	0	0	0	1.09666	0
metal4	3	275	108.455	725.2	0	0	0	1.09625	0
metal4	4	275	109.295	725.2	0	0	0	1.09622	0
metal4	5	275	152.07	725.2	0	0	0	1.09489	0
metal4	6	275	208.07	725.2	0	0	0	1.09338	0
metal4	7	275	264.07	725.2	0	0	0	1.09207	0
metal4	8	275	320.07	725.2	0	0	0	1.09096	0
metal4	9	275	376.07	725.2	0	0	0	1.09005	0
metal4	10	275	432.07	725.2	0	0	0	1.08946	0
metal4	11	275	488.07	725.2	0	0	0	1.0892	0
metal4	12	275	544.07	725.2	0	0	0	1.08926	0
metal4	13	275	600.07	725.2	0	0	0	1.08934	0
metal4	14	275	656.07	725.2	0	0	0	1.08974	0
metal4	15	275	712.07	725.2	0	0	0	1.09041	0
metal4	16	275	768.07	725.2	0	0	0	1.09135	0
metal4	17	275	824.07	725.2	0	0	0	1.09256	0
metal4	18	275	880.07	725.2	0	0	0	1.09412	0
metal4	19	275	936.07	725.2	0	0	0	1.09563	0
metal4	20	275	992.07	725.2	0	0	0	1.0972	0
metal4	21	275	1048.07	725.2	0	0	0	1.0988	0
metal4	22	275	1086.21	725.2	0	0	0	1.09991	0
metal4	0	276	14.095	728	0	0	0	1.09982	0
metal4	1	276	40.07	728	0	0	0	1.09877	0
metal4	2	276	96.07	728	0	0	0	1.09661	0
metal4	3	276	108.455	728	0	0	0	1.09622	0
metal4	4	276	109.295	728	0	0	0	1.09619	0
metal4	5	276	152.07	728	0	0	0	1.09484	0
metal4	6	276	208.07	728	0	0	0	1.09332	0
metal4	7	276	264.07	728	0	0	0	1.09201	0
metal4	8	276	320.07	728	0	0	0	1.0909	0
metal4	9	276	376.07	728	0	0	0	1.08996	0
metal4	10	276	432.07	728	0	0	0	1.08937	0
metal4	11	276	488.07	728	0	0	0	1.08912	0
metal4	12	276	544.07	728	0	0	0	1.08919	0
metal4	13	276	600.07	728	0	0	0	1.08925	0
metal4	14	276	656.07	728	0	0	0	1.08965	0
metal4	15	276	712.07	728	0	0	0	1.09032	0
metal4	16	276	768.07	728	0	0	0	1.09126	0
metal4	17	276	824.07	728	0	0	0	1.09248	0
metal4	18	276	880.07	728	0	0	0	1.09408	0
metal4	19	276	936.07	728	0	0	0	1.0956	0
metal4	20	276	992.07	728	0	0	0	1.09717	0
metal4	21	276	1048.07	728	0	0	0	1.09877	0
metal4	22	276	1086.21	728	0	0	0	1.09988	0
metal4	0	277	14.095	730.8	0	0	0	1.0998	0
metal4	1	277	40.07	730.8	0	0	0	1.09874	0
metal4	2	277	96.07	730.8	0	0	0	1.09658	0
metal4	3	277	108.455	730.8	0	0	0	1.09619	0
metal4	4	277	109.295	730.8	0	0	0	1.09616	0
metal4	5	277	152.07	730.8	0	0	0	1.09481	0
metal4	6	277	208.07	730.8	0	0	0	1.09328	0
metal4	7	277	264.07	730.8	0	0	0	1.09197	0
metal4	8	277	320.07	730.8	0	0	0	1.09084	0
metal4	9	277	376.07	730.8	0	0	0	1.08989	0
metal4	10	277	432.07	730.8	0	0	0	1.0893	0
metal4	11	277	488.07	730.8	0	0	0	1.08905	0
metal4	12	277	544.07	730.8	0	0	0	1.08913	0
metal4	13	277	600.07	730.8	0	0	0	1.08918	0
metal4	14	277	656.07	730.8	0	0	0	1.08958	0
metal4	15	277	712.07	730.8	0	0	0	1.09025	0
metal4	16	277	768.07	730.8	0	0	0	1.09119	0
metal4	17	277	824.07	730.8	0	0	0	1.09241	0
metal4	18	277	880.07	730.8	0	0	0	1.09404	0
metal4	19	277	936.07	730.8	0	0	0	1.09558	0
metal4	20	277	992.07	730.8	0	0	0	1.09715	0
metal4	21	277	1048.07	730.8	0	0	0	1.09876	0
metal4	22	277	1086.21	730.8	0	0	0	1.09986	0
metal4	0	278	14.095	733.6	0	0	0	1.09978	0
metal4	1	278	40.07	733.6	0	0	0	1.09873	0
metal4	2	278	96.07	733.6	0	0	0	1.09656	0
metal4	3	278	108.455	733.6	0	0	0	1.09618	0
metal4	4	278	109.295	733.6	0	0	0	1.09615	0
metal4	5	278	152.07	733.6	0	0	0	1.09479	0
metal4	6	278	208.07	733.6	0	0	0	1.09325	0
metal4	7	278	264.07	733.6	0	0	0	1.09194	0
metal4	8	278	320.07	733.6	0	0	0	1.09081	0
metal4	9	278	376.07	733.6	0	0	0	1.08985	0
metal4	10	278	432.07	733.6	0	0	0	1.08926	0
metal4	11	278	488.07	733.6	0	0	0	1.089	0
metal4	12	278	544.07	733.6	0	0	0	1.08909	0
metal4	13	278	600.07	733.6	0	0	0	1.08912	0
metal4	14	278	656.07	733.6	0	0	0	1.08952	0
metal4	15	278	712.07	733.6	0	0	0	1.09019	0
metal4	16	278	768.07	733.6	0	0	0	1.09114	0
metal4	17	278	824.07	733.6	0	0	0	1.09237	0
metal4	18	278	880.07	733.6	0	0	0	1.09401	0
metal4	19	278	936.07	733.6	0	0	0	1.09555	0
metal4	20	278	992.07	733.6	0	0	0	1.09714	0
metal4	21	278	1048.07	733.6	0	0	0	1.09875	0
metal4	22	278	1086.21	733.6	0	0	0	1.09985	0
metal4	0	279	14.095	736.4	0	0	0	1.09979	0
metal4	1	279	40.07	736.4	0	0	0	1.09873	0
metal4	2	279	96.07	736.4	0	0	0	1.09656	0
metal4	3	279	108.455	736.4	0	0	0	1.09617	0
metal4	4	279	109.295	736.4	0	0	0	1.09614	0
metal4	5	279	152.07	736.4	0	0	0	1.09478	0
metal4	6	279	208.07	736.4	0	0	0	1.09324	0
metal4	7	279	264.07	736.4	0	0	0	1.09192	0
metal4	8	279	320.07	736.4	0	0	0	1.09079	0
metal4	9	279	376.07	736.4	0	0	0	1.08983	0
metal4	10	279	432.07	736.4	0	0	0	1.08923	0
metal4	11	279	488.07	736.4	0	0	0	1.08897	0
metal4	12	279	544.07	736.4	0	0	0	1.08905	0
metal4	13	279	600.07	736.4	0	0	0	1.08909	0
metal4	14	279	656.07	736.4	0	0	0	1.08949	0
metal4	15	279	712.07	736.4	0	0	0	1.09016	0
metal4	16	279	768.07	736.4	0	0	0	1.0911	0
metal4	17	279	824.07	736.4	0	0	0	1.09234	0
metal4	18	279	880.07	736.4	0	0	0	1.09399	0
metal4	19	279	936.07	736.4	0	0	0	1.09553	0
metal4	20	279	992.07	736.4	0	0	0	1.09712	0
metal4	21	279	1048.07	736.4	0	0	0	1.09874	0
metal4	22	279	1086.21	736.4	0	0	0	1.09985	0
metal4	0	280	14.095	739.2	0	0	0	1.0998	0
metal4	1	280	40.07	739.2	0	0	0	1.09874	0
metal4	2	280	96.07	739.2	0	0	0	1.09657	0
metal4	3	280	108.455	739.2	0	0	0	1.09618	0
metal4	4	280	109.295	739.2	0	0	0	1.09615	0
metal4	5	280	152.07	739.2	0	0	0	1.09479	0
metal4	6	280	208.07	739.2	0	0	0	1.09325	0
metal4	7	280	264.07	739.2	0	0	0	1.09192	0
metal4	8	280	320.07	739.2	0	0	0	1.09079	0
metal4	9	280	376.07	739.2	0	0	0	1.08983	0
metal4	10	280	432.07	739.2	0	0	0	1.08923	0
metal4	11	280	488.07	739.2	0	0	0	1.08896	0
metal4	12	280	544.07	739.2	0	0	0	1.08903	0
metal4	13	280	600.07	739.2	0	0	0	1.08907	0
metal4	14	280	656.07	739.2	0	0	0	1.08947	0
metal4	15	280	712.07	739.2	0	0	0	1.09014	0
metal4	16	280	768.07	739.2	0	0	0	1.09109	0
metal4	17	280	824.07	739.2	0	0	0	1.09233	0
metal4	18	280	880.07	739.2	0	0	0	1.09396	0
metal4	19	280	936.07	739.2	0	0	0	1.09551	0
metal4	20	280	992.07	739.2	0	0	0	1.09711	0
metal4	21	280	1048.07	739.2	0	0	0	1.09874	0
metal4	22	280	1086.21	739.2	0	0	0	1.09986	0
metal4	0	281	14.095	742	0	0	0	1.09984	0
metal4	1	281	40.07	742	0	0	0	1.09877	0
metal4	2	281	96.07	742	0	0	0	1.0966	0
metal4	3	281	108.455	742	0	0	0	1.09619	0
metal4	4	281	109.295	742	0	0	0	1.09616	0
metal4	5	281	152.07	742	0	0	0	1.09481	0
metal4	6	281	208.07	742	0	0	0	1.09327	0
metal4	7	281	264.07	742	0	0	0	1.09194	0
metal4	8	281	320.07	742	0	0	0	1.09081	0
metal4	9	281	376.07	742	0	0	0	1.08985	0
metal4	10	281	432.07	742	0	0	0	1.08924	0
metal4	11	281	488.07	742	0	0	0	1.08896	0
metal4	12	281	544.07	742	0	0	0	1.08902	0
metal4	13	281	600.07	742	0	0	0	1.08907	0
metal4	14	281	656.07	742	0	0	0	1.08947	0
metal4	15	281	712.07	742	0	0	0	1.09015	0
metal4	16	281	768.07	742	0	0	0	1.09109	0
metal4	17	281	824.07	742	0	0	0	1.09233	0
metal4	18	281	880.07	742	0	0	0	1.09394	0
metal4	19	281	936.07	742	0	0	0	1.0955	0
metal4	20	281	992.07	742	0	0	0	1.09711	0
metal4	21	281	1048.07	742	0	0	0	1.09875	0
metal4	22	281	1086.21	742	0	0	0	1.09988	0
metal4	0	282	14.095	744.8	0	0	0	1.09988	0
metal4	1	282	40.07	744.8	0	0	0	1.09881	0
metal4	2	282	96.07	744.8	0	0	0	1.09663	0
metal4	3	282	108.455	744.8	0	0	0	1.09622	0
metal4	4	282	109.295	744.8	0	0	0	1.09619	0
metal4	5	282	152.07	744.8	0	0	0	1.09485	0
metal4	6	282	208.07	744.8	0	0	0	1.09331	0
metal4	7	282	264.07	744.8	0	0	0	1.09197	0
metal4	8	282	320.07	744.8	0	0	0	1.09084	0
metal4	9	282	376.07	744.8	0	0	0	1.08989	0
metal4	10	282	432.07	744.8	0	0	0	1.08928	0
metal4	11	282	488.07	744.8	0	0	0	1.08899	0
metal4	12	282	544.07	744.8	0	0	0	1.08902	0
metal4	13	282	600.07	744.8	0	0	0	1.08909	0
metal4	14	282	656.07	744.8	0	0	0	1.08949	0
metal4	15	282	712.07	744.8	0	0	0	1.09017	0
metal4	16	282	768.07	744.8	0	0	0	1.09112	0
metal4	17	282	824.07	744.8	0	0	0	1.09235	0
metal4	18	282	880.07	744.8	0	0	0	1.09393	0
metal4	19	282	936.07	744.8	0	0	0	1.09549	0
metal4	20	282	992.07	744.8	0	0	0	1.0971	0
metal4	21	282	1048.07	744.8	0	0	0	1.09876	0
metal4	22	282	1086.21	744.8	0	0	0	1.09992	0
metal4	0	283	14.095	747.6	0	0	0	1.09995	0
metal4	1	283	40.07	747.6	0	0	0	1.09886	0
metal4	2	283	96.07	747.6	0	0	0	1.09669	0
metal4	3	283	108.455	747.6	0	0	0	1.09626	0
metal4	4	283	109.295	747.6	0	0	0	1.09623	0
metal4	5	283	152.07	747.6	0	0	0	1.0949	0
metal4	6	283	208.07	747.6	0	0	0	1.09336	0
metal4	7	283	264.07	747.6	0	0	0	1.09202	0
metal4	8	283	320.07	747.6	0	0	0	1.09089	0
metal4	9	283	376.07	747.6	0	0	0	1.08996	0
metal4	10	283	432.07	747.6	0	0	0	1.08934	0
metal4	11	283	488.07	747.6	0	0	0	1.08904	0
metal4	12	283	544.07	747.6	0	0	0	1.08902	0
metal4	13	283	600.07	747.6	0	0	0	1.08913	0
metal4	14	283	656.07	747.6	0	0	0	1.08953	0
metal4	15	283	712.07	747.6	0	0	0	1.09021	0
metal4	16	283	768.07	747.6	0	0	0	1.09116	0
metal4	17	283	824.07	747.6	0	0	0	1.09239	0
metal4	18	283	880.07	747.6	0	0	0	1.09391	0
metal4	19	283	936.07	747.6	0	0	0	1.09548	0
metal4	20	283	992.07	747.6	0	0	0	1.0971	0
metal4	21	283	1048.07	747.6	0	0	0	1.09878	0
metal4	22	283	1086.21	747.6	0	0	0	1.09996	0
metal4	0	284	14.095	749.6	0	0	0	1.1	0
metal4	1	284	40.07	749.6	0	0	0	1.09891	0
metal4	2	284	96.07	749.6	0	0	0	1.09673	0
metal4	3	284	108.455	749.6	0	0	0	1.09629	0
metal4	4	284	109.295	749.6	0	0	0	1.09626	0
metal4	5	284	152.07	749.6	0	0	0	1.09494	0
metal4	6	284	208.07	749.6	0	0	0	1.0934	0
metal4	7	284	264.07	749.6	0	0	0	1.09206	0
metal4	8	284	320.07	749.6	0	0	0	1.09093	0
metal4	9	284	376.07	749.6	0	0	0	1.09002	0
metal4	10	284	432.07	749.6	0	0	0	1.0894	0
metal4	11	284	488.07	749.6	0	0	0	1.08908	0
metal4	12	284	544.07	749.6	0	0	0	1.08904	0
metal4	13	284	600.07	749.6	0	0	0	1.08917	0
metal4	14	284	656.07	749.6	0	0	0	1.08957	0
metal4	15	284	712.07	749.6	0	0	0	1.09025	0
metal4	16	284	768.07	749.6	0	0	0	1.0912	0
metal4	17	284	824.07	749.6	0	0	0	1.09243	0
metal4	18	284	880.07	749.6	0	0	0	1.09391	0
metal4	19	284	936.07	749.6	0	0	0	1.09547	0
metal4	20	284	992.07	749.6	0	0	0	1.09711	0
metal4	21	284	1048.07	749.6	0	0	0	1.09879	0
metal4	22	284	1086.21	749.6	0	0	0	1.1	0
metal4	0	285	14.095	750.4	0	0	0	1.09998	0
metal4	1	285	40.07	750.4	0	0	0	1.09889	0
metal4	2	285	96.07	750.4	0	0	0	1.09671	0
metal4	3	285	108.455	750.4	0	0	0	1.09627	0
metal4	4	285	109.295	750.4	0	0	0	1.09624	0
metal4	5	285	152.07	750.4	0	0	0	1.09492	0
metal4	6	285	208.07	750.4	0	0	0	1.09337	0
metal4	7	285	264.07	750.4	0	0	0	1.09204	0
metal4	8	285	320.07	750.4	0	0	0	1.0909	0
metal4	9	285	376.07	750.4	0	0	0	1.08998	0
metal4	10	285	432.07	750.4	0	0	0	1.08936	0
metal4	11	285	488.07	750.4	0	0	0	1.08904	0
metal4	12	285	544.07	750.4	0	0	0	1.089	0
metal4	13	285	600.07	750.4	0	0	0	1.08912	0
metal4	14	285	656.07	750.4	0	0	0	1.08952	0
metal4	15	285	712.07	750.4	0	0	0	1.0902	0
metal4	16	285	768.07	750.4	0	0	0	1.09115	0
metal4	17	285	824.07	750.4	0	0	0	1.09238	0
metal4	18	285	880.07	750.4	0	0	0	1.09389	0
metal4	19	285	936.07	750.4	0	0	0	1.09546	0
metal4	20	285	992.07	750.4	0	0	0	1.09709	0
metal4	21	285	1048.07	750.4	0	0	0	1.09878	0
metal4	22	285	1086.21	750.4	0	0	0	1.09998	0
metal4	0	286	14.095	753.2	0	0	0	1.09991	0
metal4	1	286	40.07	753.2	0	0	0	1.09883	0
metal4	2	286	96.07	753.2	0	0	0	1.09664	0
metal4	3	286	108.455	753.2	0	0	0	1.09622	0
metal4	4	286	109.295	753.2	0	0	0	1.09619	0
metal4	5	286	152.07	753.2	0	0	0	1.09484	0
metal4	6	286	208.07	753.2	0	0	0	1.09329	0
metal4	7	286	264.07	753.2	0	0	0	1.09195	0
metal4	8	286	320.07	753.2	0	0	0	1.0908	0
metal4	9	286	376.07	753.2	0	0	0	1.08985	0
metal4	10	286	432.07	753.2	0	0	0	1.08922	0
metal4	11	286	488.07	753.2	0	0	0	1.0889	0
metal4	12	286	544.07	753.2	0	0	0	1.08889	0
metal4	13	286	600.07	753.2	0	0	0	1.08898	0
metal4	14	286	656.07	753.2	0	0	0	1.08938	0
metal4	15	286	712.07	753.2	0	0	0	1.09006	0
metal4	16	286	768.07	753.2	0	0	0	1.09101	0
metal4	17	286	824.07	753.2	0	0	0	1.09225	0
metal4	18	286	880.07	753.2	0	0	0	1.09381	0
metal4	19	286	936.07	753.2	0	0	0	1.09541	0
metal4	20	286	992.07	753.2	0	0	0	1.09705	0
metal4	21	286	1048.07	753.2	0	0	0	1.09875	0
metal4	22	286	1086.21	753.2	0	0	0	1.09993	0
metal4	0	287	14.095	756	0	0	0	1.09985	0
metal4	1	287	40.07	756	0	0	0	1.09878	0
metal4	2	287	96.07	756	0	0	0	1.09659	0
metal4	3	287	108.455	756	0	0	0	1.09618	0
metal4	4	287	109.295	756	0	0	0	1.09615	0
metal4	5	287	152.07	756	0	0	0	1.09479	0
metal4	6	287	208.07	756	0	0	0	1.09323	0
metal4	7	287	264.07	756	0	0	0	1.09188	0
metal4	8	287	320.07	756	0	0	0	1.09072	0
metal4	9	287	376.07	756	0	0	0	1.08975	0
metal4	10	287	432.07	756	0	0	0	1.0891	0
metal4	11	287	488.07	756	0	0	0	1.08878	0
metal4	12	287	544.07	756	0	0	0	1.08879	0
metal4	13	287	600.07	756	0	0	0	1.08885	0
metal4	14	287	656.07	756	0	0	0	1.08925	0
metal4	15	287	712.07	756	0	0	0	1.08993	0
metal4	16	287	768.07	756	0	0	0	1.09089	0
metal4	17	287	824.07	756	0	0	0	1.09213	0
metal4	18	287	880.07	756	0	0	0	1.09374	0
metal4	19	287	936.07	756	0	0	0	1.09536	0
metal4	20	287	992.07	756	0	0	0	1.09702	0
metal4	21	287	1048.07	756	0	0	0	1.09872	0
metal4	22	287	1086.21	756	0	0	0	1.09989	0
metal4	0	288	14.095	758.8	0	0	0	1.09981	0
metal4	1	288	40.07	758.8	0	0	0	1.09874	0
metal4	2	288	96.07	758.8	0	0	0	1.09655	0
metal4	3	288	108.455	758.8	0	0	0	1.09615	0
metal4	4	288	109.295	758.8	0	0	0	1.09612	0
metal4	5	288	152.07	758.8	0	0	0	1.09474	0
metal4	6	288	208.07	758.8	0	0	0	1.09318	0
metal4	7	288	264.07	758.8	0	0	0	1.09182	0
metal4	8	288	320.07	758.8	0	0	0	1.09066	0
metal4	9	288	376.07	758.8	0	0	0	1.08966	0
metal4	10	288	432.07	758.8	0	0	0	1.08901	0
metal4	11	288	488.07	758.8	0	0	0	1.08868	0
metal4	12	288	544.07	758.8	0	0	0	1.0887	0
metal4	13	288	600.07	758.8	0	0	0	1.08875	0
metal4	14	288	656.07	758.8	0	0	0	1.08915	0
metal4	15	288	712.07	758.8	0	0	0	1.08983	0
metal4	16	288	768.07	758.8	0	0	0	1.09078	0
metal4	17	288	824.07	758.8	0	0	0	1.09203	0
metal4	18	288	880.07	758.8	0	0	0	1.09368	0
metal4	19	288	936.07	758.8	0	0	0	1.09531	0
metal4	20	288	992.07	758.8	0	0	0	1.09699	0
metal4	21	288	1048.07	758.8	0	0	0	1.09869	0
metal4	22	288	1086.21	758.8	0	0	0	1.09986	0
metal4	0	289	14.095	761.6	0	0	0	1.09979	0
metal4	1	289	40.07	761.6	0	0	0	1.09872	0
metal4	2	289	96.07	761.6	0	0	0	1.09653	0
metal4	3	289	108.455	761.6	0	0	0	1.09613	0
metal4	4	289	109.295	761.6	0	0	0	1.0961	0
metal4	5	289	152.07	761.6	0	0	0	1.09471	0
metal4	6	289	208.07	761.6	0	0	0	1.09314	0
metal4	7	289	264.07	761.6	0	0	0	1.09178	0
metal4	8	289	320.07	761.6	0	0	0	1.09061	0
metal4	9	289	376.07	761.6	0	0	0	1.0896	0
metal4	10	289	432.07	761.6	0	0	0	1.08894	0
metal4	11	289	488.07	761.6	0	0	0	1.08859	0
metal4	12	289	544.07	761.6	0	0	0	1.08862	0
metal4	13	289	600.07	761.6	0	0	0	1.08866	0
metal4	14	289	656.07	761.6	0	0	0	1.08906	0
metal4	15	289	712.07	761.6	0	0	0	1.08974	0
metal4	16	289	768.07	761.6	0	0	0	1.0907	0
metal4	17	289	824.07	761.6	0	0	0	1.09195	0
metal4	18	289	880.07	761.6	0	0	0	1.09361	0
metal4	19	289	936.07	761.6	0	0	0	1.09527	0
metal4	20	289	992.07	761.6	0	0	0	1.09696	0
metal4	21	289	1048.07	761.6	0	0	0	1.09867	0
metal4	22	289	1086.21	761.6	0	0	0	1.09985	0
metal4	0	290	14.095	764.4	0	0	0	1.09978	0
metal4	1	290	40.07	764.4	0	0	0	1.09871	0
metal4	2	290	96.07	764.4	0	0	0	1.09652	0
metal4	3	290	108.455	764.4	0	0	0	1.09612	0
metal4	4	290	109.295	764.4	0	0	0	1.09609	0
metal4	5	290	152.07	764.4	0	0	0	1.0947	0
metal4	6	290	208.07	764.4	0	0	0	1.09312	0
metal4	7	290	264.07	764.4	0	0	0	1.09176	0
metal4	8	290	320.07	764.4	0	0	0	1.09058	0
metal4	9	290	376.07	764.4	0	0	0	1.08956	0
metal4	10	290	432.07	764.4	0	0	0	1.08889	0
metal4	11	290	488.07	764.4	0	0	0	1.08853	0
metal4	12	290	544.07	764.4	0	0	0	1.08855	0
metal4	13	290	600.07	764.4	0	0	0	1.08859	0
metal4	14	290	656.07	764.4	0	0	0	1.08899	0
metal4	15	290	712.07	764.4	0	0	0	1.08967	0
metal4	16	290	768.07	764.4	0	0	0	1.09063	0
metal4	17	290	824.07	764.4	0	0	0	1.09188	0
metal4	18	290	880.07	764.4	0	0	0	1.09355	0
metal4	19	290	936.07	764.4	0	0	0	1.09523	0
metal4	20	290	992.07	764.4	0	0	0	1.09693	0
metal4	21	290	1048.07	764.4	0	0	0	1.09866	0
metal4	22	290	1086.21	764.4	0	0	0	1.09984	0
metal4	0	291	14.095	767.2	0	0	0	1.09979	0
metal4	1	291	40.07	767.2	0	0	0	1.09872	0
metal4	2	291	96.07	767.2	0	0	0	1.09652	0
metal4	3	291	108.455	767.2	0	0	0	1.09612	0
metal4	4	291	109.295	767.2	0	0	0	1.09609	0
metal4	5	291	152.07	767.2	0	0	0	1.0947	0
metal4	6	291	208.07	767.2	0	0	0	1.09312	0
metal4	7	291	264.07	767.2	0	0	0	1.09175	0
metal4	8	291	320.07	767.2	0	0	0	1.09057	0
metal4	9	291	376.07	767.2	0	0	0	1.08954	0
metal4	10	291	432.07	767.2	0	0	0	1.08886	0
metal4	11	291	488.07	767.2	0	0	0	1.08849	0
metal4	12	291	544.07	767.2	0	0	0	1.08849	0
metal4	13	291	600.07	767.2	0	0	0	1.08853	0
metal4	14	291	656.07	767.2	0	0	0	1.08894	0
metal4	15	291	712.07	767.2	0	0	0	1.08962	0
metal4	16	291	768.07	767.2	0	0	0	1.09058	0
metal4	17	291	824.07	767.2	0	0	0	1.09183	0
metal4	18	291	880.07	767.2	0	0	0	1.0935	0
metal4	19	291	936.07	767.2	0	0	0	1.0952	0
metal4	20	291	992.07	767.2	0	0	0	1.09691	0
metal4	21	291	1048.07	767.2	0	0	0	1.09865	0
metal4	22	291	1086.21	767.2	0	0	0	1.09984	0
metal4	0	292	14.095	770	0	0	0	1.09981	0
metal4	1	292	40.07	770	0	0	0	1.09874	0
metal4	2	292	96.07	770	0	0	0	1.09653	0
metal4	3	292	108.455	770	0	0	0	1.09613	0
metal4	4	292	109.295	770	0	0	0	1.0961	0
metal4	5	292	152.07	770	0	0	0	1.09471	0
metal4	6	292	208.07	770	0	0	0	1.09313	0
metal4	7	292	264.07	770	0	0	0	1.09176	0
metal4	8	292	320.07	770	0	0	0	1.09057	0
metal4	9	292	376.07	770	0	0	0	1.08954	0
metal4	10	292	432.07	770	0	0	0	1.08886	0
metal4	11	292	488.07	770	0	0	0	1.08846	0
metal4	12	292	544.07	770	0	0	0	1.08844	0
metal4	13	292	600.07	770	0	0	0	1.0885	0
metal4	14	292	656.07	770	0	0	0	1.0889	0
metal4	15	292	712.07	770	0	0	0	1.08959	0
metal4	16	292	768.07	770	0	0	0	1.09055	0
metal4	17	292	824.07	770	0	0	0	1.0918	0
metal4	18	292	880.07	770	0	0	0	1.09345	0
metal4	19	292	936.07	770	0	0	0	1.09517	0
metal4	20	292	992.07	770	0	0	0	1.09689	0
metal4	21	292	1048.07	770	0	0	0	1.09865	0
metal4	22	292	1086.21	770	0	0	0	1.09986	0
metal4	0	293	14.095	772.8	0	0	0	1.09984	0
metal4	1	293	40.07	772.8	0	0	0	1.09877	0
metal4	2	293	96.07	772.8	0	0	0	1.09656	0
metal4	3	293	108.455	772.8	0	0	0	1.09615	0
metal4	4	293	109.295	772.8	0	0	0	1.09612	0
metal4	5	293	152.07	772.8	0	0	0	1.09474	0
metal4	6	293	208.07	772.8	0	0	0	1.09316	0
metal4	7	293	264.07	772.8	0	0	0	1.09178	0
metal4	8	293	320.07	772.8	0	0	0	1.09059	0
metal4	9	293	376.07	772.8	0	0	0	1.08957	0
metal4	10	293	432.07	772.8	0	0	0	1.08888	0
metal4	11	293	488.07	772.8	0	0	0	1.08846	0
metal4	12	293	544.07	772.8	0	0	0	1.08841	0
metal4	13	293	600.07	772.8	0	0	0	1.08849	0
metal4	14	293	656.07	772.8	0	0	0	1.0889	0
metal4	15	293	712.07	772.8	0	0	0	1.08958	0
metal4	16	293	768.07	772.8	0	0	0	1.09054	0
metal4	17	293	824.07	772.8	0	0	0	1.09179	0
metal4	18	293	880.07	772.8	0	0	0	1.0934	0
metal4	19	293	936.07	772.8	0	0	0	1.09514	0
metal4	20	293	992.07	772.8	0	0	0	1.09688	0
metal4	21	293	1048.07	772.8	0	0	0	1.09866	0
metal4	22	293	1086.21	772.8	0	0	0	1.09989	0
metal4	0	294	14.095	775.6	0	0	0	1.0999	0
metal4	1	294	40.07	775.6	0	0	0	1.09881	0
metal4	2	294	96.07	775.6	0	0	0	1.09661	0
metal4	3	294	108.455	775.6	0	0	0	1.09618	0
metal4	4	294	109.295	775.6	0	0	0	1.09615	0
metal4	5	294	152.07	775.6	0	0	0	1.09478	0
metal4	6	294	208.07	775.6	0	0	0	1.0932	0
metal4	7	294	264.07	775.6	0	0	0	1.09182	0
metal4	8	294	320.07	775.6	0	0	0	1.09062	0
metal4	9	294	376.07	775.6	0	0	0	1.08961	0
metal4	10	294	432.07	775.6	0	0	0	1.08891	0
metal4	11	294	488.07	775.6	0	0	0	1.08848	0
metal4	12	294	544.07	775.6	0	0	0	1.08841	0
metal4	13	294	600.07	775.6	0	0	0	1.08851	0
metal4	14	294	656.07	775.6	0	0	0	1.08892	0
metal4	15	294	712.07	775.6	0	0	0	1.0896	0
metal4	16	294	768.07	775.6	0	0	0	1.09056	0
metal4	17	294	824.07	775.6	0	0	0	1.09181	0
metal4	18	294	880.07	775.6	0	0	0	1.09338	0
metal4	19	294	936.07	775.6	0	0	0	1.09512	0
metal4	20	294	992.07	775.6	0	0	0	1.09687	0
metal4	21	294	1048.07	775.6	0	0	0	1.09867	0
metal4	22	294	1086.21	775.6	0	0	0	1.09992	0
metal4	0	295	14.095	778.4	0	0	0	1.09997	0
metal4	1	295	40.07	778.4	0	0	0	1.09887	0
metal4	2	295	96.07	778.4	0	0	0	1.09666	0
metal4	3	295	108.455	778.4	0	0	0	1.09622	0
metal4	4	295	109.295	778.4	0	0	0	1.09619	0
metal4	5	295	152.07	778.4	0	0	0	1.09484	0
metal4	6	295	208.07	778.4	0	0	0	1.09326	0
metal4	7	295	264.07	778.4	0	0	0	1.09187	0
metal4	8	295	320.07	778.4	0	0	0	1.09068	0
metal4	9	295	376.07	778.4	0	0	0	1.08968	0
metal4	10	295	432.07	778.4	0	0	0	1.08897	0
metal4	11	295	488.07	778.4	0	0	0	1.08854	0
metal4	12	295	544.07	778.4	0	0	0	1.08843	0
metal4	13	295	600.07	778.4	0	0	0	1.08855	0
metal4	14	295	656.07	778.4	0	0	0	1.08896	0
metal4	15	295	712.07	778.4	0	0	0	1.08964	0
metal4	16	295	768.07	778.4	0	0	0	1.09061	0
metal4	17	295	824.07	778.4	0	0	0	1.09185	0
metal4	18	295	880.07	778.4	0	0	0	1.09339	0
metal4	19	295	936.07	778.4	0	0	0	1.0951	0
metal4	20	295	992.07	778.4	0	0	0	1.09687	0
metal4	21	295	1048.07	778.4	0	0	0	1.09869	0
metal4	22	295	1086.21	778.4	0	0	0	1.09997	0
metal4	0	296	14.095	779.6	0	0	0	1.1	0
metal4	1	296	40.07	779.6	0	0	0	1.0989	0
metal4	2	296	96.07	779.6	0	0	0	1.09669	0
metal4	3	296	108.455	779.6	0	0	0	1.09624	0
metal4	4	296	109.295	779.6	0	0	0	1.09622	0
metal4	5	296	152.07	779.6	0	0	0	1.09487	0
metal4	6	296	208.07	779.6	0	0	0	1.09329	0
metal4	7	296	264.07	779.6	0	0	0	1.0919	0
metal4	8	296	320.07	779.6	0	0	0	1.09071	0
metal4	9	296	376.07	779.6	0	0	0	1.08972	0
metal4	10	296	432.07	779.6	0	0	0	1.08901	0
metal4	11	296	488.07	779.6	0	0	0	1.08857	0
metal4	12	296	544.07	779.6	0	0	0	1.08845	0
metal4	13	296	600.07	779.6	0	0	0	1.08858	0
metal4	14	296	656.07	779.6	0	0	0	1.08899	0
metal4	15	296	712.07	779.6	0	0	0	1.08967	0
metal4	16	296	768.07	779.6	0	0	0	1.09064	0
metal4	17	296	824.07	779.6	0	0	0	1.09188	0
metal4	18	296	880.07	779.6	0	0	0	1.09339	0
metal4	19	296	936.07	779.6	0	0	0	1.0951	0
metal4	20	296	992.07	779.6	0	0	0	1.09687	0
metal4	21	296	1048.07	779.6	0	0	0	1.0987	0
metal4	22	296	1086.21	779.6	0	0	0	1.1	0
metal4	0	297	14.095	781.2	0	0	0	1.09995	0
metal4	1	297	40.07	781.2	0	0	0	1.09886	0
metal4	2	297	96.07	781.2	0	0	0	1.09665	0
metal4	3	297	108.455	781.2	0	0	0	1.09621	0
metal4	4	297	109.295	781.2	0	0	0	1.09618	0
metal4	5	297	152.07	781.2	0	0	0	1.09482	0
metal4	6	297	208.07	781.2	0	0	0	1.09324	0
metal4	7	297	264.07	781.2	0	0	0	1.09185	0
metal4	8	297	320.07	781.2	0	0	0	1.09065	0
metal4	9	297	376.07	781.2	0	0	0	1.08965	0
metal4	10	297	432.07	781.2	0	0	0	1.08893	0
metal4	11	297	488.07	781.2	0	0	0	1.08847	0
metal4	12	297	544.07	781.2	0	0	0	1.08836	0
metal4	13	297	600.07	781.2	0	0	0	1.08849	0
metal4	14	297	656.07	781.2	0	0	0	1.0889	0
metal4	15	297	712.07	781.2	0	0	0	1.08958	0
metal4	16	297	768.07	781.2	0	0	0	1.09055	0
metal4	17	297	824.07	781.2	0	0	0	1.09179	0
metal4	18	297	880.07	781.2	0	0	0	1.09332	0
metal4	19	297	936.07	781.2	0	0	0	1.09507	0
metal4	20	297	992.07	781.2	0	0	0	1.09684	0
metal4	21	297	1048.07	781.2	0	0	0	1.09867	0
metal4	22	297	1086.21	781.2	0	0	0	1.09997	0
metal4	0	298	14.095	784	0	0	0	1.09989	0
metal4	1	298	40.07	784	0	0	0	1.0988	0
metal4	2	298	96.07	784	0	0	0	1.09659	0
metal4	3	298	108.455	784	0	0	0	1.09617	0
metal4	4	298	109.295	784	0	0	0	1.09614	0
metal4	5	298	152.07	784	0	0	0	1.09476	0
metal4	6	298	208.07	784	0	0	0	1.09317	0
metal4	7	298	264.07	784	0	0	0	1.09177	0
metal4	8	298	320.07	784	0	0	0	1.09057	0
metal4	9	298	376.07	784	0	0	0	1.08954	0
metal4	10	298	432.07	784	0	0	0	1.08881	0
metal4	11	298	488.07	784	0	0	0	1.08832	0
metal4	12	298	544.07	784	0	0	0	1.08822	0
metal4	13	298	600.07	784	0	0	0	1.08835	0
metal4	14	298	656.07	784	0	0	0	1.08876	0
metal4	15	298	712.07	784	0	0	0	1.08945	0
metal4	16	298	768.07	784	0	0	0	1.09041	0
metal4	17	298	824.07	784	0	0	0	1.09166	0
metal4	18	298	880.07	784	0	0	0	1.0932	0
metal4	19	298	936.07	784	0	0	0	1.09502	0
metal4	20	298	992.07	784	0	0	0	1.0968	0
metal4	21	298	1048.07	784	0	0	0	1.09864	0
metal4	22	298	1086.21	784	0	0	0	1.09992	0
metal4	0	299	14.095	786.8	0	0	0	1.09984	0
metal4	1	299	40.07	786.8	0	0	0	1.09876	0
metal4	2	299	96.07	786.8	0	0	0	1.09655	0
metal4	3	299	108.455	786.8	0	0	0	1.09613	0
metal4	4	299	109.295	786.8	0	0	0	1.0961	0
metal4	5	299	152.07	786.8	0	0	0	1.09471	0
metal4	6	299	208.07	786.8	0	0	0	1.09311	0
metal4	7	299	264.07	786.8	0	0	0	1.09171	0
metal4	8	299	320.07	786.8	0	0	0	1.0905	0
metal4	9	299	376.07	786.8	0	0	0	1.08945	0
metal4	10	299	432.07	786.8	0	0	0	1.08872	0
metal4	11	299	488.07	786.8	0	0	0	1.0882	0
metal4	12	299	544.07	786.8	0	0	0	1.08811	0
metal4	13	299	600.07	786.8	0	0	0	1.08824	0
metal4	14	299	656.07	786.8	0	0	0	1.08865	0
metal4	15	299	712.07	786.8	0	0	0	1.08933	0
metal4	16	299	768.07	786.8	0	0	0	1.0903	0
metal4	17	299	824.07	786.8	0	0	0	1.09155	0
metal4	18	299	880.07	786.8	0	0	0	1.09311	0
metal4	19	299	936.07	786.8	0	0	0	1.09497	0
metal4	20	299	992.07	786.8	0	0	0	1.09677	0
metal4	21	299	1048.07	786.8	0	0	0	1.09861	0
metal4	22	299	1086.21	786.8	0	0	0	1.09988	0
metal4	0	300	14.095	789.6	0	0	0	1.0998	0
metal4	1	300	40.07	789.6	0	0	0	1.09873	0
metal4	2	300	96.07	789.6	0	0	0	1.09651	0
metal4	3	300	108.455	789.6	0	0	0	1.09611	0
metal4	4	300	109.295	789.6	0	0	0	1.09608	0
metal4	5	300	152.07	789.6	0	0	0	1.09467	0
metal4	6	300	208.07	789.6	0	0	0	1.09307	0
metal4	7	300	264.07	789.6	0	0	0	1.09167	0
metal4	8	300	320.07	789.6	0	0	0	1.09045	0
metal4	9	300	376.07	789.6	0	0	0	1.08938	0
metal4	10	300	432.07	789.6	0	0	0	1.08864	0
metal4	11	300	488.07	789.6	0	0	0	1.08811	0
metal4	12	300	544.07	789.6	0	0	0	1.08802	0
metal4	13	300	600.07	789.6	0	0	0	1.08815	0
metal4	14	300	656.07	789.6	0	0	0	1.08856	0
metal4	15	300	712.07	789.6	0	0	0	1.08925	0
metal4	16	300	768.07	789.6	0	0	0	1.09021	0
metal4	17	300	824.07	789.6	0	0	0	1.09146	0
metal4	18	300	880.07	789.6	0	0	0	1.09304	0
metal4	19	300	936.07	789.6	0	0	0	1.09494	0
metal4	20	300	992.07	789.6	0	0	0	1.09674	0
metal4	21	300	1048.07	789.6	0	0	0	1.09859	0
metal4	22	300	1086.21	789.6	0	0	0	1.09985	0
metal4	0	301	14.095	792.4	0	0	0	1.09978	0
metal4	1	301	40.07	792.4	0	0	0	1.09871	0
metal4	2	301	96.07	792.4	0	0	0	1.0965	0
metal4	3	301	108.455	792.4	0	0	0	1.09609	0
metal4	4	301	109.295	792.4	0	0	0	1.09606	0
metal4	5	301	152.07	792.4	0	0	0	1.09465	0
metal4	6	301	208.07	792.4	0	0	0	1.09304	0
metal4	7	301	264.07	792.4	0	0	0	1.09164	0
metal4	8	301	320.07	792.4	0	0	0	1.09041	0
metal4	9	301	376.07	792.4	0	0	0	1.08934	0
metal4	10	301	432.07	792.4	0	0	0	1.08859	0
metal4	11	301	488.07	792.4	0	0	0	1.08805	0
metal4	12	301	544.07	792.4	0	0	0	1.08796	0
metal4	13	301	600.07	792.4	0	0	0	1.08809	0
metal4	14	301	656.07	792.4	0	0	0	1.0885	0
metal4	15	301	712.07	792.4	0	0	0	1.08918	0
metal4	16	301	768.07	792.4	0	0	0	1.09015	0
metal4	17	301	824.07	792.4	0	0	0	1.0914	0
metal4	18	301	880.07	792.4	0	0	0	1.09298	0
metal4	19	301	936.07	792.4	0	0	0	1.09491	0
metal4	20	301	992.07	792.4	0	0	0	1.09672	0
metal4	21	301	1048.07	792.4	0	0	0	1.09858	0
metal4	22	301	1086.21	792.4	0	0	0	1.09983	0
metal4	0	302	14.095	795.2	0	0	0	1.09978	0
metal4	1	302	40.07	795.2	0	0	0	1.09871	0
metal4	2	302	96.07	795.2	0	0	0	1.09649	0
metal4	3	302	108.455	795.2	0	0	0	1.09609	0
metal4	4	302	109.295	795.2	0	0	0	1.09606	0
metal4	5	302	152.07	795.2	0	0	0	1.09465	0
metal4	6	302	208.07	795.2	0	0	0	1.09303	0
metal4	7	302	264.07	795.2	0	0	0	1.09163	0
metal4	8	302	320.07	795.2	0	0	0	1.0904	0
metal4	9	302	376.07	795.2	0	0	0	1.08931	0
metal4	10	302	432.07	795.2	0	0	0	1.08856	0
metal4	11	302	488.07	795.2	0	0	0	1.08801	0
metal4	12	302	544.07	795.2	0	0	0	1.08792	0
metal4	13	302	600.07	795.2	0	0	0	1.08805	0
metal4	14	302	656.07	795.2	0	0	0	1.08846	0
metal4	15	302	712.07	795.2	0	0	0	1.08914	0
metal4	16	302	768.07	795.2	0	0	0	1.09011	0
metal4	17	302	824.07	795.2	0	0	0	1.09137	0
metal4	18	302	880.07	795.2	0	0	0	1.09295	0
metal4	19	302	936.07	795.2	0	0	0	1.09488	0
metal4	20	302	992.07	795.2	0	0	0	1.0967	0
metal4	21	302	1048.07	795.2	0	0	0	1.09857	0
metal4	22	302	1086.21	795.2	0	0	0	1.09983	0
metal4	0	303	14.095	798	0	0	0	1.09979	0
metal4	1	303	40.07	798	0	0	0	1.09872	0
metal4	2	303	96.07	798	0	0	0	1.0965	0
metal4	3	303	108.455	798	0	0	0	1.0961	0
metal4	4	303	109.295	798	0	0	0	1.09606	0
metal4	5	303	152.07	798	0	0	0	1.09465	0
metal4	6	303	208.07	798	0	0	0	1.09304	0
metal4	7	303	264.07	798	0	0	0	1.09163	0
metal4	8	303	320.07	798	0	0	0	1.0904	0
metal4	9	303	376.07	798	0	0	0	1.08931	0
metal4	10	303	432.07	798	0	0	0	1.08856	0
metal4	11	303	488.07	798	0	0	0	1.088	0
metal4	12	303	544.07	798	0	0	0	1.08791	0
metal4	13	303	600.07	798	0	0	0	1.08803	0
metal4	14	303	656.07	798	0	0	0	1.08844	0
metal4	15	303	712.07	798	0	0	0	1.08913	0
metal4	16	303	768.07	798	0	0	0	1.0901	0
metal4	17	303	824.07	798	0	0	0	1.09135	0
metal4	18	303	880.07	798	0	0	0	1.09294	0
metal4	19	303	936.07	798	0	0	0	1.09487	0
metal4	20	303	992.07	798	0	0	0	1.09669	0
metal4	21	303	1048.07	798	0	0	0	1.09857	0
metal4	22	303	1086.21	798	0	0	0	1.09984	0
metal4	0	304	14.095	800.8	0	0	0	1.09982	0
metal4	1	304	40.07	800.8	0	0	0	1.09874	0
metal4	2	304	96.07	800.8	0	0	0	1.09652	0
metal4	3	304	108.455	800.8	0	0	0	1.09611	0
metal4	4	304	109.295	800.8	0	0	0	1.09608	0
metal4	5	304	152.07	800.8	0	0	0	1.09467	0
metal4	6	304	208.07	800.8	0	0	0	1.09306	0
metal4	7	304	264.07	800.8	0	0	0	1.09165	0
metal4	8	304	320.07	800.8	0	0	0	1.09041	0
metal4	9	304	376.07	800.8	0	0	0	1.08933	0
metal4	10	304	432.07	800.8	0	0	0	1.08857	0
metal4	11	304	488.07	800.8	0	0	0	1.08802	0
metal4	12	304	544.07	800.8	0	0	0	1.08792	0
metal4	13	304	600.07	800.8	0	0	0	1.08804	0
metal4	14	304	656.07	800.8	0	0	0	1.08845	0
metal4	15	304	712.07	800.8	0	0	0	1.08913	0
metal4	16	304	768.07	800.8	0	0	0	1.09011	0
metal4	17	304	824.07	800.8	0	0	0	1.09136	0
metal4	18	304	880.07	800.8	0	0	0	1.09294	0
metal4	19	304	936.07	800.8	0	0	0	1.09486	0
metal4	20	304	992.07	800.8	0	0	0	1.09669	0
metal4	21	304	1048.07	800.8	0	0	0	1.09857	0
metal4	22	304	1086.21	800.8	0	0	0	1.09986	0
metal4	0	305	14.095	803.6	0	0	0	1.09986	0
metal4	1	305	40.07	803.6	0	0	0	1.09877	0
metal4	2	305	96.07	803.6	0	0	0	1.09656	0
metal4	3	305	108.455	803.6	0	0	0	1.09614	0
metal4	4	305	109.295	803.6	0	0	0	1.09611	0
metal4	5	305	152.07	803.6	0	0	0	1.09471	0
metal4	6	305	208.07	803.6	0	0	0	1.0931	0
metal4	7	305	264.07	803.6	0	0	0	1.09168	0
metal4	8	305	320.07	803.6	0	0	0	1.09045	0
metal4	9	305	376.07	803.6	0	0	0	1.08937	0
metal4	10	305	432.07	803.6	0	0	0	1.08861	0
metal4	11	305	488.07	803.6	0	0	0	1.08807	0
metal4	12	305	544.07	803.6	0	0	0	1.08795	0
metal4	13	305	600.07	803.6	0	0	0	1.08808	0
metal4	14	305	656.07	803.6	0	0	0	1.08848	0
metal4	15	305	712.07	803.6	0	0	0	1.08917	0
metal4	16	305	768.07	803.6	0	0	0	1.09014	0
metal4	17	305	824.07	803.6	0	0	0	1.0914	0
metal4	18	305	880.07	803.6	0	0	0	1.09297	0
metal4	19	305	936.07	803.6	0	0	0	1.09486	0
metal4	20	305	992.07	803.6	0	0	0	1.09669	0
metal4	21	305	1048.07	803.6	0	0	0	1.09859	0
metal4	22	305	1086.21	803.6	0	0	0	1.09989	0
metal4	0	306	14.095	806.4	0	0	0	1.09992	0
metal4	1	306	40.07	806.4	0	0	0	1.09882	0
metal4	2	306	96.07	806.4	0	0	0	1.09661	0
metal4	3	306	108.455	806.4	0	0	0	1.09618	0
metal4	4	306	109.295	806.4	0	0	0	1.09615	0
metal4	5	306	152.07	806.4	0	0	0	1.09476	0
metal4	6	306	208.07	806.4	0	0	0	1.09315	0
metal4	7	306	264.07	806.4	0	0	0	1.09173	0
metal4	8	306	320.07	806.4	0	0	0	1.09049	0
metal4	9	306	376.07	806.4	0	0	0	1.08944	0
metal4	10	306	432.07	806.4	0	0	0	1.08867	0
metal4	11	306	488.07	806.4	0	0	0	1.08815	0
metal4	12	306	544.07	806.4	0	0	0	1.08801	0
metal4	13	306	600.07	806.4	0	0	0	1.08813	0
metal4	14	306	656.07	806.4	0	0	0	1.08854	0
metal4	15	306	712.07	806.4	0	0	0	1.08922	0
metal4	16	306	768.07	806.4	0	0	0	1.0902	0
metal4	17	306	824.07	806.4	0	0	0	1.09145	0
metal4	18	306	880.07	806.4	0	0	0	1.09301	0
metal4	19	306	936.07	806.4	0	0	0	1.09486	0
metal4	20	306	992.07	806.4	0	0	0	1.0967	0
metal4	21	306	1048.07	806.4	0	0	0	1.09861	0
metal4	22	306	1086.21	806.4	0	0	0	1.09993	0
metal4	0	307	14.095	809.2	0	0	0	1.09999	0
metal4	1	307	40.07	809.2	0	0	0	1.09888	0
metal4	2	307	96.07	809.2	0	0	0	1.09667	0
metal4	3	307	108.455	809.2	0	0	0	1.09622	0
metal4	4	307	109.295	809.2	0	0	0	1.09619	0
metal4	5	307	152.07	809.2	0	0	0	1.09482	0
metal4	6	307	208.07	809.2	0	0	0	1.09322	0
metal4	7	307	264.07	809.2	0	0	0	1.0918	0
metal4	8	307	320.07	809.2	0	0	0	1.09056	0
metal4	9	307	376.07	809.2	0	0	0	1.08952	0
metal4	10	307	432.07	809.2	0	0	0	1.08876	0
metal4	11	307	488.07	809.2	0	0	0	1.08825	0
metal4	12	307	544.07	809.2	0	0	0	1.08809	0
metal4	13	307	600.07	809.2	0	0	0	1.08821	0
metal4	14	307	656.07	809.2	0	0	0	1.08862	0
metal4	15	307	712.07	809.2	0	0	0	1.0893	0
metal4	16	307	768.07	809.2	0	0	0	1.09028	0
metal4	17	307	824.07	809.2	0	0	0	1.09153	0
metal4	18	307	880.07	809.2	0	0	0	1.09308	0
metal4	19	307	936.07	809.2	0	0	0	1.09487	0
metal4	20	307	992.07	809.2	0	0	0	1.09672	0
metal4	21	307	1048.07	809.2	0	0	0	1.09863	0
metal4	22	307	1086.21	809.2	0	0	0	1.09999	0
metal4	0	308	14.095	809.6	0	0	0	1.1	0
metal4	1	308	40.07	809.6	0	0	0	1.09889	0
metal4	2	308	96.07	809.6	0	0	0	1.09668	0
metal4	3	308	108.455	809.6	0	0	0	1.09623	0
metal4	4	308	109.295	809.6	0	0	0	1.0962	0
metal4	5	308	152.07	809.6	0	0	0	1.09484	0
metal4	6	308	208.07	809.6	0	0	0	1.09323	0
metal4	7	308	264.07	809.6	0	0	0	1.09181	0
metal4	8	308	320.07	809.6	0	0	0	1.09057	0
metal4	9	308	376.07	809.6	0	0	0	1.08954	0
metal4	10	308	432.07	809.6	0	0	0	1.08877	0
metal4	11	308	488.07	809.6	0	0	0	1.08827	0
metal4	12	308	544.07	809.6	0	0	0	1.08811	0
metal4	13	308	600.07	809.6	0	0	0	1.08823	0
metal4	14	308	656.07	809.6	0	0	0	1.08863	0
metal4	15	308	712.07	809.6	0	0	0	1.08932	0
metal4	16	308	768.07	809.6	0	0	0	1.09029	0
metal4	17	308	824.07	809.6	0	0	0	1.09155	0
metal4	18	308	880.07	809.6	0	0	0	1.09309	0
metal4	19	308	936.07	809.6	0	0	0	1.09487	0
metal4	20	308	992.07	809.6	0	0	0	1.09672	0
metal4	21	308	1048.07	809.6	0	0	0	1.09864	0
metal4	22	308	1086.21	809.6	0	0	0	1.1	0
metal4	0	309	14.095	812	0	0	0	1.09994	0
metal4	1	309	40.07	812	0	0	0	1.09884	0
metal4	2	309	96.07	812	0	0	0	1.09663	0
metal4	3	309	108.455	812	0	0	0	1.09619	0
metal4	4	309	109.295	812	0	0	0	1.09616	0
metal4	5	309	152.07	812	0	0	0	1.09478	0
metal4	6	309	208.07	812	0	0	0	1.09317	0
metal4	7	309	264.07	812	0	0	0	1.09174	0
metal4	8	309	320.07	812	0	0	0	1.0905	0
metal4	9	309	376.07	812	0	0	0	1.08945	0
metal4	10	309	432.07	812	0	0	0	1.08868	0
metal4	11	309	488.07	812	0	0	0	1.08815	0
metal4	12	309	544.07	812	0	0	0	1.088	0
metal4	13	309	600.07	812	0	0	0	1.08812	0
metal4	14	309	656.07	812	0	0	0	1.08852	0
metal4	15	309	712.07	812	0	0	0	1.08921	0
metal4	16	309	768.07	812	0	0	0	1.09018	0
metal4	17	309	824.07	812	0	0	0	1.09144	0
metal4	18	309	880.07	812	0	0	0	1.093	0
metal4	19	309	936.07	812	0	0	0	1.09484	0
metal4	20	309	992.07	812	0	0	0	1.09669	0
metal4	21	309	1048.07	812	0	0	0	1.09861	0
metal4	22	309	1086.21	812	0	0	0	1.09995	0
metal4	0	310	14.095	814.8	0	0	0	1.09987	0
metal4	1	310	40.07	814.8	0	0	0	1.09879	0
metal4	2	310	96.07	814.8	0	0	0	1.09657	0
metal4	3	310	108.455	814.8	0	0	0	1.09615	0
metal4	4	310	109.295	814.8	0	0	0	1.09612	0
metal4	5	310	152.07	814.8	0	0	0	1.09472	0
metal4	6	310	208.07	814.8	0	0	0	1.09311	0
metal4	7	310	264.07	814.8	0	0	0	1.09168	0
metal4	8	310	320.07	814.8	0	0	0	1.09044	0
metal4	9	310	376.07	814.8	0	0	0	1.08936	0
metal4	10	310	432.07	814.8	0	0	0	1.08858	0
metal4	11	310	488.07	814.8	0	0	0	1.08803	0
metal4	12	310	544.07	814.8	0	0	0	1.08789	0
metal4	13	310	600.07	814.8	0	0	0	1.08801	0
metal4	14	310	656.07	814.8	0	0	0	1.08842	0
metal4	15	310	712.07	814.8	0	0	0	1.0891	0
metal4	16	310	768.07	814.8	0	0	0	1.09008	0
metal4	17	310	824.07	814.8	0	0	0	1.09134	0
metal4	18	310	880.07	814.8	0	0	0	1.09291	0
metal4	19	310	936.07	814.8	0	0	0	1.09481	0
metal4	20	310	992.07	814.8	0	0	0	1.09666	0
metal4	21	310	1048.07	814.8	0	0	0	1.09858	0
metal4	22	310	1086.21	814.8	0	0	0	1.0999	0
metal4	0	311	14.095	817.6	0	0	0	1.09983	0
metal4	1	311	40.07	817.6	0	0	0	1.09875	0
metal4	2	311	96.07	817.6	0	0	0	1.09654	0
metal4	3	311	108.455	817.6	0	0	0	1.09612	0
metal4	4	311	109.295	817.6	0	0	0	1.09609	0
metal4	5	311	152.07	817.6	0	0	0	1.09469	0
metal4	6	311	208.07	817.6	0	0	0	1.09306	0
metal4	7	311	264.07	817.6	0	0	0	1.09164	0
metal4	8	311	320.07	817.6	0	0	0	1.09039	0
metal4	9	311	376.07	817.6	0	0	0	1.08929	0
metal4	10	311	432.07	817.6	0	0	0	1.08851	0
metal4	11	311	488.07	817.6	0	0	0	1.08794	0
metal4	12	311	544.07	817.6	0	0	0	1.08781	0
metal4	13	311	600.07	817.6	0	0	0	1.08793	0
metal4	14	311	656.07	817.6	0	0	0	1.08833	0
metal4	15	311	712.07	817.6	0	0	0	1.08902	0
metal4	16	311	768.07	817.6	0	0	0	1.08999	0
metal4	17	311	824.07	817.6	0	0	0	1.09126	0
metal4	18	311	880.07	817.6	0	0	0	1.09285	0
metal4	19	311	936.07	817.6	0	0	0	1.09478	0
metal4	20	311	992.07	817.6	0	0	0	1.09664	0
metal4	21	311	1048.07	817.6	0	0	0	1.09856	0
metal4	22	311	1086.21	817.6	0	0	0	1.09987	0
metal4	0	312	14.095	820.4	0	0	0	1.0998	0
metal4	1	312	40.07	820.4	0	0	0	1.09872	0
metal4	2	312	96.07	820.4	0	0	0	1.09651	0
metal4	3	312	108.455	820.4	0	0	0	1.09611	0
metal4	4	312	109.295	820.4	0	0	0	1.09608	0
metal4	5	312	152.07	820.4	0	0	0	1.09466	0
metal4	6	312	208.07	820.4	0	0	0	1.09304	0
metal4	7	312	264.07	820.4	0	0	0	1.09161	0
metal4	8	312	320.07	820.4	0	0	0	1.09036	0
metal4	9	312	376.07	820.4	0	0	0	1.08925	0
metal4	10	312	432.07	820.4	0	0	0	1.08847	0
metal4	11	312	488.07	820.4	0	0	0	1.08788	0
metal4	12	312	544.07	820.4	0	0	0	1.08776	0
metal4	13	312	600.07	820.4	0	0	0	1.08788	0
metal4	14	312	656.07	820.4	0	0	0	1.08828	0
metal4	15	312	712.07	820.4	0	0	0	1.08896	0
metal4	16	312	768.07	820.4	0	0	0	1.08993	0
metal4	17	312	824.07	820.4	0	0	0	1.0912	0
metal4	18	312	880.07	820.4	0	0	0	1.0928	0
metal4	19	312	936.07	820.4	0	0	0	1.09476	0
metal4	20	312	992.07	820.4	0	0	0	1.09662	0
metal4	21	312	1048.07	820.4	0	0	0	1.09854	0
metal4	22	312	1086.21	820.4	0	0	0	1.09984	0
metal4	0	313	14.095	823.2	0	0	0	1.09978	0
metal4	1	313	40.07	823.2	0	0	0	1.09871	0
metal4	2	313	96.07	823.2	0	0	0	1.0965	0
metal4	3	313	108.455	823.2	0	0	0	1.0961	0
metal4	4	313	109.295	823.2	0	0	0	1.09607	0
metal4	5	313	152.07	823.2	0	0	0	1.09465	0
metal4	6	313	208.07	823.2	0	0	0	1.09303	0
metal4	7	313	264.07	823.2	0	0	0	1.0916	0
metal4	8	313	320.07	823.2	0	0	0	1.09034	0
metal4	9	313	376.07	823.2	0	0	0	1.08923	0
metal4	10	313	432.07	823.2	0	0	0	1.08844	0
metal4	11	313	488.07	823.2	0	0	0	1.08785	0
metal4	12	313	544.07	823.2	0	0	0	1.08773	0
metal4	13	313	600.07	823.2	0	0	0	1.08784	0
metal4	14	313	656.07	823.2	0	0	0	1.08824	0
metal4	15	313	712.07	823.2	0	0	0	1.08893	0
metal4	16	313	768.07	823.2	0	0	0	1.0899	0
metal4	17	313	824.07	823.2	0	0	0	1.09116	0
metal4	18	313	880.07	823.2	0	0	0	1.09277	0
metal4	19	313	936.07	823.2	0	0	0	1.09474	0
metal4	20	313	992.07	823.2	0	0	0	1.09661	0
metal4	21	313	1048.07	823.2	0	0	0	1.09853	0
metal4	22	313	1086.21	823.2	0	0	0	1.09983	0
metal4	0	314	14.095	826	0	0	0	1.09978	0
metal4	1	314	40.07	826	0	0	0	1.09871	0
metal4	2	314	96.07	826	0	0	0	1.0965	0
metal4	3	314	108.455	826	0	0	0	1.0961	0
metal4	4	314	109.295	826	0	0	0	1.09607	0
metal4	5	314	152.07	826	0	0	0	1.09465	0
metal4	6	314	208.07	826	0	0	0	1.09303	0
metal4	7	314	264.07	826	0	0	0	1.0916	0
metal4	8	314	320.07	826	0	0	0	1.09034	0
metal4	9	314	376.07	826	0	0	0	1.08923	0
metal4	10	314	432.07	826	0	0	0	1.08844	0
metal4	11	314	488.07	826	0	0	0	1.08784	0
metal4	12	314	544.07	826	0	0	0	1.08772	0
metal4	13	314	600.07	826	0	0	0	1.08784	0
metal4	14	314	656.07	826	0	0	0	1.08823	0
metal4	15	314	712.07	826	0	0	0	1.08892	0
metal4	16	314	768.07	826	0	0	0	1.08989	0
metal4	17	314	824.07	826	0	0	0	1.09116	0
metal4	18	314	880.07	826	0	0	0	1.09276	0
metal4	19	314	936.07	826	0	0	0	1.09474	0
metal4	20	314	992.07	826	0	0	0	1.09661	0
metal4	21	314	1048.07	826	0	0	0	1.09853	0
metal4	22	314	1086.21	826	0	0	0	1.09983	0
metal4	0	315	14.095	828.8	0	0	0	1.0998	0
metal4	1	315	40.07	828.8	0	0	0	1.09873	0
metal4	2	315	96.07	828.8	0	0	0	1.09652	0
metal4	3	315	108.455	828.8	0	0	0	1.09612	0
metal4	4	315	109.295	828.8	0	0	0	1.09608	0
metal4	5	315	152.07	828.8	0	0	0	1.09467	0
metal4	6	315	208.07	828.8	0	0	0	1.09305	0
metal4	7	315	264.07	828.8	0	0	0	1.09162	0
metal4	8	315	320.07	828.8	0	0	0	1.09036	0
metal4	9	315	376.07	828.8	0	0	0	1.08925	0
metal4	10	315	432.07	828.8	0	0	0	1.08846	0
metal4	11	315	488.07	828.8	0	0	0	1.08787	0
metal4	12	315	544.07	828.8	0	0	0	1.08774	0
metal4	13	315	600.07	828.8	0	0	0	1.08785	0
metal4	14	315	656.07	828.8	0	0	0	1.08825	0
metal4	15	315	712.07	828.8	0	0	0	1.08893	0
metal4	16	315	768.07	828.8	0	0	0	1.0899	0
metal4	17	315	824.07	828.8	0	0	0	1.09117	0
metal4	18	315	880.07	828.8	0	0	0	1.09277	0
metal4	19	315	936.07	828.8	0	0	0	1.09474	0
metal4	20	315	992.07	828.8	0	0	0	1.09661	0
metal4	21	315	1048.07	828.8	0	0	0	1.09854	0
metal4	22	315	1086.21	828.8	0	0	0	1.09984	0
metal4	0	316	14.095	831.6	0	0	0	1.09983	0
metal4	1	316	40.07	831.6	0	0	0	1.09875	0
metal4	2	316	96.07	831.6	0	0	0	1.09655	0
metal4	3	316	108.455	831.6	0	0	0	1.09614	0
metal4	4	316	109.295	831.6	0	0	0	1.09611	0
metal4	5	316	152.07	831.6	0	0	0	1.0947	0
metal4	6	316	208.07	831.6	0	0	0	1.09308	0
metal4	7	316	264.07	831.6	0	0	0	1.09165	0
metal4	8	316	320.07	831.6	0	0	0	1.0904	0
metal4	9	316	376.07	831.6	0	0	0	1.08929	0
metal4	10	316	432.07	831.6	0	0	0	1.0885	0
metal4	11	316	488.07	831.6	0	0	0	1.08792	0
metal4	12	316	544.07	831.6	0	0	0	1.08778	0
metal4	13	316	600.07	831.6	0	0	0	1.08789	0
metal4	14	316	656.07	831.6	0	0	0	1.08829	0
metal4	15	316	712.07	831.6	0	0	0	1.08897	0
metal4	16	316	768.07	831.6	0	0	0	1.08994	0
metal4	17	316	824.07	831.6	0	0	0	1.09121	0
metal4	18	316	880.07	831.6	0	0	0	1.0928	0
metal4	19	316	936.07	831.6	0	0	0	1.09475	0
metal4	20	316	992.07	831.6	0	0	0	1.09662	0
metal4	21	316	1048.07	831.6	0	0	0	1.09855	0
metal4	22	316	1086.21	831.6	0	0	0	1.09987	0
metal4	0	317	14.095	834.4	0	0	0	1.09987	0
metal4	1	317	40.07	834.4	0	0	0	1.09879	0
metal4	2	317	96.07	834.4	0	0	0	1.09659	0
metal4	3	317	108.455	834.4	0	0	0	1.09617	0
metal4	4	317	109.295	834.4	0	0	0	1.09614	0
metal4	5	317	152.07	834.4	0	0	0	1.09475	0
metal4	6	317	208.07	834.4	0	0	0	1.09313	0
metal4	7	317	264.07	834.4	0	0	0	1.0917	0
metal4	8	317	320.07	834.4	0	0	0	1.09045	0
metal4	9	317	376.07	834.4	0	0	0	1.08936	0
metal4	10	317	432.07	834.4	0	0	0	1.08856	0
metal4	11	317	488.07	834.4	0	0	0	1.088	0
metal4	12	317	544.07	834.4	0	0	0	1.08785	0
metal4	13	317	600.07	834.4	0	0	0	1.08795	0
metal4	14	317	656.07	834.4	0	0	0	1.08835	0
metal4	15	317	712.07	834.4	0	0	0	1.08903	0
metal4	16	317	768.07	834.4	0	0	0	1.09	0
metal4	17	317	824.07	834.4	0	0	0	1.09127	0
metal4	18	317	880.07	834.4	0	0	0	1.09285	0
metal4	19	317	936.07	834.4	0	0	0	1.09476	0
metal4	20	317	992.07	834.4	0	0	0	1.09663	0
metal4	21	317	1048.07	834.4	0	0	0	1.09857	0
metal4	22	317	1086.21	834.4	0	0	0	1.0999	0
metal4	0	318	14.095	837.2	0	0	0	1.09994	0
metal4	1	318	40.07	837.2	0	0	0	1.09885	0
metal4	2	318	96.07	837.2	0	0	0	1.09665	0
metal4	3	318	108.455	837.2	0	0	0	1.09622	0
metal4	4	318	109.295	837.2	0	0	0	1.09619	0
metal4	5	318	152.07	837.2	0	0	0	1.09481	0
metal4	6	318	208.07	837.2	0	0	0	1.09319	0
metal4	7	318	264.07	837.2	0	0	0	1.09177	0
metal4	8	318	320.07	837.2	0	0	0	1.09052	0
metal4	9	318	376.07	837.2	0	0	0	1.08944	0
metal4	10	318	432.07	837.2	0	0	0	1.08865	0
metal4	11	318	488.07	837.2	0	0	0	1.0881	0
metal4	12	318	544.07	837.2	0	0	0	1.08793	0
metal4	13	318	600.07	837.2	0	0	0	1.08804	0
metal4	14	318	656.07	837.2	0	0	0	1.08843	0
metal4	15	318	712.07	837.2	0	0	0	1.08912	0
metal4	16	318	768.07	837.2	0	0	0	1.09009	0
metal4	17	318	824.07	837.2	0	0	0	1.09135	0
metal4	18	318	880.07	837.2	0	0	0	1.09292	0
metal4	19	318	936.07	837.2	0	0	0	1.09478	0
metal4	20	318	992.07	837.2	0	0	0	1.09665	0
metal4	21	318	1048.07	837.2	0	0	0	1.09859	0
metal4	22	318	1086.21	837.2	0	0	0	1.09995	0
metal4	0	319	14.095	839.6	0	0	0	1.1	0
metal4	1	319	40.07	839.6	0	0	0	1.0989	0
metal4	2	319	96.07	839.6	0	0	0	1.09671	0
metal4	3	319	108.455	839.6	0	0	0	1.09626	0
metal4	4	319	109.295	839.6	0	0	0	1.09623	0
metal4	5	319	152.07	839.6	0	0	0	1.09487	0
metal4	6	319	208.07	839.6	0	0	0	1.09326	0
metal4	7	319	264.07	839.6	0	0	0	1.09183	0
metal4	8	319	320.07	839.6	0	0	0	1.09059	0
metal4	9	319	376.07	839.6	0	0	0	1.08953	0
metal4	10	319	432.07	839.6	0	0	0	1.08874	0
metal4	11	319	488.07	839.6	0	0	0	1.08822	0
metal4	12	319	544.07	839.6	0	0	0	1.08803	0
metal4	13	319	600.07	839.6	0	0	0	1.08813	0
metal4	14	319	656.07	839.6	0	0	0	1.08853	0
metal4	15	319	712.07	839.6	0	0	0	1.08921	0
metal4	16	319	768.07	839.6	0	0	0	1.09018	0
metal4	17	319	824.07	839.6	0	0	0	1.09145	0
metal4	18	319	880.07	839.6	0	0	0	1.093	0
metal4	19	319	936.07	839.6	0	0	0	1.0948	0
metal4	20	319	992.07	839.6	0	0	0	1.09667	0
metal4	21	319	1048.07	839.6	0	0	0	1.09862	0
metal4	22	319	1086.21	839.6	0	0	0	1.1	0
metal4	0	320	14.095	840	0	0	0	1.09999	0
metal4	1	320	40.07	840	0	0	0	1.09889	0
metal4	2	320	96.07	840	0	0	0	1.0967	0
metal4	3	320	108.455	840	0	0	0	1.09626	0
metal4	4	320	109.295	840	0	0	0	1.09623	0
metal4	5	320	152.07	840	0	0	0	1.09486	0
metal4	6	320	208.07	840	0	0	0	1.09325	0
metal4	7	320	264.07	840	0	0	0	1.09182	0
metal4	8	320	320.07	840	0	0	0	1.09058	0
metal4	9	320	376.07	840	0	0	0	1.08952	0
metal4	10	320	432.07	840	0	0	0	1.08873	0
metal4	11	320	488.07	840	0	0	0	1.0882	0
metal4	12	320	544.07	840	0	0	0	1.08801	0
metal4	13	320	600.07	840	0	0	0	1.08812	0
metal4	14	320	656.07	840	0	0	0	1.08851	0
metal4	15	320	712.07	840	0	0	0	1.08919	0
metal4	16	320	768.07	840	0	0	0	1.09016	0
metal4	17	320	824.07	840	0	0	0	1.09143	0
metal4	18	320	880.07	840	0	0	0	1.09299	0
metal4	19	320	936.07	840	0	0	0	1.0948	0
metal4	20	320	992.07	840	0	0	0	1.09667	0
metal4	21	320	1048.07	840	0	0	0	1.09861	0
metal4	22	320	1086.21	840	0	0	0	1.09999	0
metal4	0	321	14.095	842.8	0	0	0	1.09992	0
metal4	1	321	40.07	842.8	0	0	0	1.09884	0
metal4	2	321	96.07	842.8	0	0	0	1.09665	0
metal4	3	321	108.455	842.8	0	0	0	1.09622	0
metal4	4	321	109.295	842.8	0	0	0	1.09619	0
metal4	5	321	152.07	842.8	0	0	0	1.09481	0
metal4	6	321	208.07	842.8	0	0	0	1.0932	0
metal4	7	321	264.07	842.8	0	0	0	1.09177	0
metal4	8	321	320.07	842.8	0	0	0	1.09052	0
metal4	9	321	376.07	842.8	0	0	0	1.08943	0
metal4	10	321	432.07	842.8	0	0	0	1.08864	0
metal4	11	321	488.07	842.8	0	0	0	1.08808	0
metal4	12	321	544.07	842.8	0	0	0	1.08791	0
metal4	13	321	600.07	842.8	0	0	0	1.08802	0
metal4	14	321	656.07	842.8	0	0	0	1.08841	0
metal4	15	321	712.07	842.8	0	0	0	1.08909	0
metal4	16	321	768.07	842.8	0	0	0	1.09006	0
metal4	17	321	824.07	842.8	0	0	0	1.09132	0
metal4	18	321	880.07	842.8	0	0	0	1.0929	0
metal4	19	321	936.07	842.8	0	0	0	1.09477	0
metal4	20	321	992.07	842.8	0	0	0	1.09664	0
metal4	21	321	1048.07	842.8	0	0	0	1.09858	0
metal4	22	321	1086.21	842.8	0	0	0	1.09993	0
metal4	0	322	14.095	845.6	0	0	0	1.09986	0
metal4	1	322	40.07	845.6	0	0	0	1.09879	0
metal4	2	322	96.07	845.6	0	0	0	1.09661	0
metal4	3	322	108.455	845.6	0	0	0	1.09619	0
metal4	4	322	109.295	845.6	0	0	0	1.09616	0
metal4	5	322	152.07	845.6	0	0	0	1.09477	0
metal4	6	322	208.07	845.6	0	0	0	1.09316	0
metal4	7	322	264.07	845.6	0	0	0	1.09173	0
metal4	8	322	320.07	845.6	0	0	0	1.09047	0
metal4	9	322	376.07	845.6	0	0	0	1.08937	0
metal4	10	322	432.07	845.6	0	0	0	1.08857	0
metal4	11	322	488.07	845.6	0	0	0	1.08799	0
metal4	12	322	544.07	845.6	0	0	0	1.08784	0
metal4	13	322	600.07	845.6	0	0	0	1.08794	0
metal4	14	322	656.07	845.6	0	0	0	1.08833	0
metal4	15	322	712.07	845.6	0	0	0	1.08901	0
metal4	16	322	768.07	845.6	0	0	0	1.08997	0
metal4	17	322	824.07	845.6	0	0	0	1.09124	0
metal4	18	322	880.07	845.6	0	0	0	1.09283	0
metal4	19	322	936.07	845.6	0	0	0	1.09475	0
metal4	20	322	992.07	845.6	0	0	0	1.09662	0
metal4	21	322	1048.07	845.6	0	0	0	1.09856	0
metal4	22	322	1086.21	845.6	0	0	0	1.09989	0
metal4	0	323	14.095	848.4	0	0	0	1.09982	0
metal4	1	323	40.07	848.4	0	0	0	1.09876	0
metal4	2	323	96.07	848.4	0	0	0	1.09658	0
metal4	3	323	108.455	848.4	0	0	0	1.09618	0
metal4	4	323	109.295	848.4	0	0	0	1.09614	0
metal4	5	323	152.07	848.4	0	0	0	1.09475	0
metal4	6	323	208.07	848.4	0	0	0	1.09313	0
metal4	7	323	264.07	848.4	0	0	0	1.09171	0
metal4	8	323	320.07	848.4	0	0	0	1.09045	0
metal4	9	323	376.07	848.4	0	0	0	1.08933	0
metal4	10	323	432.07	848.4	0	0	0	1.08853	0
metal4	11	323	488.07	848.4	0	0	0	1.08793	0
metal4	12	323	544.07	848.4	0	0	0	1.08778	0
metal4	13	323	600.07	848.4	0	0	0	1.08788	0
metal4	14	323	656.07	848.4	0	0	0	1.08827	0
metal4	15	323	712.07	848.4	0	0	0	1.08895	0
metal4	16	323	768.07	848.4	0	0	0	1.08992	0
metal4	17	323	824.07	848.4	0	0	0	1.09118	0
metal4	18	323	880.07	848.4	0	0	0	1.09278	0
metal4	19	323	936.07	848.4	0	0	0	1.09473	0
metal4	20	323	992.07	848.4	0	0	0	1.09661	0
metal4	21	323	1048.07	848.4	0	0	0	1.09854	0
metal4	22	323	1086.21	848.4	0	0	0	1.09986	0
metal4	0	324	14.095	851.2	0	0	0	1.09979	0
metal4	1	324	40.07	851.2	0	0	0	1.09874	0
metal4	2	324	96.07	851.2	0	0	0	1.09657	0
metal4	3	324	108.455	851.2	0	0	0	1.09617	0
metal4	4	324	109.295	851.2	0	0	0	1.09614	0
metal4	5	324	152.07	851.2	0	0	0	1.09474	0
metal4	6	324	208.07	851.2	0	0	0	1.09313	0
metal4	7	324	264.07	851.2	0	0	0	1.0917	0
metal4	8	324	320.07	851.2	0	0	0	1.09044	0
metal4	9	324	376.07	851.2	0	0	0	1.08931	0
metal4	10	324	432.07	851.2	0	0	0	1.08851	0
metal4	11	324	488.07	851.2	0	0	0	1.0879	0
metal4	12	324	544.07	851.2	0	0	0	1.08776	0
metal4	13	324	600.07	851.2	0	0	0	1.08785	0
metal4	14	324	656.07	851.2	0	0	0	1.08824	0
metal4	15	324	712.07	851.2	0	0	0	1.08892	0
metal4	16	324	768.07	851.2	0	0	0	1.08988	0
metal4	17	324	824.07	851.2	0	0	0	1.09114	0
metal4	18	324	880.07	851.2	0	0	0	1.09275	0
metal4	19	324	936.07	851.2	0	0	0	1.09472	0
metal4	20	324	992.07	851.2	0	0	0	1.0966	0
metal4	21	324	1048.07	851.2	0	0	0	1.09853	0
metal4	22	324	1086.21	851.2	0	0	0	1.09984	0
metal4	0	325	14.095	854	0	0	0	1.09978	0
metal4	1	325	40.07	854	0	0	0	1.09873	0
metal4	2	325	96.07	854	0	0	0	1.09657	0
metal4	3	325	108.455	854	0	0	0	1.09617	0
metal4	4	325	109.295	854	0	0	0	1.09614	0
metal4	5	325	152.07	854	0	0	0	1.09474	0
metal4	6	325	208.07	854	0	0	0	1.09313	0
metal4	7	325	264.07	854	0	0	0	1.09171	0
metal4	8	325	320.07	854	0	0	0	1.09045	0
metal4	9	325	376.07	854	0	0	0	1.08932	0
metal4	10	325	432.07	854	0	0	0	1.08851	0
metal4	11	325	488.07	854	0	0	0	1.08789	0
metal4	12	325	544.07	854	0	0	0	1.08775	0
metal4	13	325	600.07	854	0	0	0	1.08785	0
metal4	14	325	656.07	854	0	0	0	1.08823	0
metal4	15	325	712.07	854	0	0	0	1.08891	0
metal4	16	325	768.07	854	0	0	0	1.08987	0
metal4	17	325	824.07	854	0	0	0	1.09113	0
metal4	18	325	880.07	854	0	0	0	1.09274	0
metal4	19	325	936.07	854	0	0	0	1.09472	0
metal4	20	325	992.07	854	0	0	0	1.0966	0
metal4	21	325	1048.07	854	0	0	0	1.09852	0
metal4	22	325	1086.21	854	0	0	0	1.09983	0
metal4	0	326	14.095	856.8	0	0	0	1.09979	0
metal4	1	326	40.07	856.8	0	0	0	1.09874	0
metal4	2	326	96.07	856.8	0	0	0	1.09658	0
metal4	3	326	108.455	856.8	0	0	0	1.09619	0
metal4	4	326	109.295	856.8	0	0	0	1.09616	0
metal4	5	326	152.07	856.8	0	0	0	1.09476	0
metal4	6	326	208.07	856.8	0	0	0	1.09315	0
metal4	7	326	264.07	856.8	0	0	0	1.09173	0
metal4	8	326	320.07	856.8	0	0	0	1.09047	0
metal4	9	326	376.07	856.8	0	0	0	1.08934	0
metal4	10	326	432.07	856.8	0	0	0	1.08853	0
metal4	11	326	488.07	856.8	0	0	0	1.08792	0
metal4	12	326	544.07	856.8	0	0	0	1.08777	0
metal4	13	326	600.07	856.8	0	0	0	1.08787	0
metal4	14	326	656.07	856.8	0	0	0	1.08825	0
metal4	15	326	712.07	856.8	0	0	0	1.08892	0
metal4	16	326	768.07	856.8	0	0	0	1.08989	0
metal4	17	326	824.07	856.8	0	0	0	1.09114	0
metal4	18	326	880.07	856.8	0	0	0	1.09275	0
metal4	19	326	936.07	856.8	0	0	0	1.09473	0
metal4	20	326	992.07	856.8	0	0	0	1.0966	0
metal4	21	326	1048.07	856.8	0	0	0	1.09853	0
metal4	22	326	1086.21	856.8	0	0	0	1.09983	0
metal4	0	327	14.095	859.6	0	0	0	1.09981	0
metal4	1	327	40.07	859.6	0	0	0	1.09876	0
metal4	2	327	96.07	859.6	0	0	0	1.09661	0
metal4	3	327	108.455	859.6	0	0	0	1.09621	0
metal4	4	327	109.295	859.6	0	0	0	1.09618	0
metal4	5	327	152.07	859.6	0	0	0	1.09479	0
metal4	6	327	208.07	859.6	0	0	0	1.09319	0
metal4	7	327	264.07	859.6	0	0	0	1.09177	0
metal4	8	327	320.07	859.6	0	0	0	1.09051	0
metal4	9	327	376.07	859.6	0	0	0	1.08939	0
metal4	10	327	432.07	859.6	0	0	0	1.08858	0
metal4	11	327	488.07	859.6	0	0	0	1.08797	0
metal4	12	327	544.07	859.6	0	0	0	1.08782	0
metal4	13	327	600.07	859.6	0	0	0	1.08791	0
metal4	14	327	656.07	859.6	0	0	0	1.08829	0
metal4	15	327	712.07	859.6	0	0	0	1.08896	0
metal4	16	327	768.07	859.6	0	0	0	1.08992	0
metal4	17	327	824.07	859.6	0	0	0	1.09118	0
metal4	18	327	880.07	859.6	0	0	0	1.09278	0
metal4	19	327	936.07	859.6	0	0	0	1.09474	0
metal4	20	327	992.07	859.6	0	0	0	1.09661	0
metal4	21	327	1048.07	859.6	0	0	0	1.09854	0
metal4	22	327	1086.21	859.6	0	0	0	1.09985	0
metal4	0	328	14.095	862.4	0	0	0	1.09984	0
metal4	1	328	40.07	862.4	0	0	0	1.09879	0
metal4	2	328	96.07	862.4	0	0	0	1.09665	0
metal4	3	328	108.455	862.4	0	0	0	1.09625	0
metal4	4	328	109.295	862.4	0	0	0	1.09622	0
metal4	5	328	152.07	862.4	0	0	0	1.09484	0
metal4	6	328	208.07	862.4	0	0	0	1.09325	0
metal4	7	328	264.07	862.4	0	0	0	1.09183	0
metal4	8	328	320.07	862.4	0	0	0	1.09057	0
metal4	9	328	376.07	862.4	0	0	0	1.08946	0
metal4	10	328	432.07	862.4	0	0	0	1.08865	0
metal4	11	328	488.07	862.4	0	0	0	1.08805	0
metal4	12	328	544.07	862.4	0	0	0	1.08789	0
metal4	13	328	600.07	862.4	0	0	0	1.08798	0
metal4	14	328	656.07	862.4	0	0	0	1.08835	0
metal4	15	328	712.07	862.4	0	0	0	1.08902	0
metal4	16	328	768.07	862.4	0	0	0	1.08998	0
metal4	17	328	824.07	862.4	0	0	0	1.09124	0
metal4	18	328	880.07	862.4	0	0	0	1.09283	0
metal4	19	328	936.07	862.4	0	0	0	1.09476	0
metal4	20	328	992.07	862.4	0	0	0	1.09663	0
metal4	21	328	1048.07	862.4	0	0	0	1.09855	0
metal4	22	328	1086.21	862.4	0	0	0	1.09987	0
metal4	0	329	14.095	865.2	0	0	0	1.09989	0
metal4	1	329	40.07	865.2	0	0	0	1.09884	0
metal4	2	329	96.07	865.2	0	0	0	1.09671	0
metal4	3	329	108.455	865.2	0	0	0	1.0963	0
metal4	4	329	109.295	865.2	0	0	0	1.09627	0
metal4	5	329	152.07	865.2	0	0	0	1.0949	0
metal4	6	329	208.07	865.2	0	0	0	1.09331	0
metal4	7	329	264.07	865.2	0	0	0	1.0919	0
metal4	8	329	320.07	865.2	0	0	0	1.09064	0
metal4	9	329	376.07	865.2	0	0	0	1.08955	0
metal4	10	329	432.07	865.2	0	0	0	1.08874	0
metal4	11	329	488.07	865.2	0	0	0	1.08815	0
metal4	12	329	544.07	865.2	0	0	0	1.08798	0
metal4	13	329	600.07	865.2	0	0	0	1.08807	0
metal4	14	329	656.07	865.2	0	0	0	1.08844	0
metal4	15	329	712.07	865.2	0	0	0	1.08911	0
metal4	16	329	768.07	865.2	0	0	0	1.09007	0
metal4	17	329	824.07	865.2	0	0	0	1.09132	0
metal4	18	329	880.07	865.2	0	0	0	1.0929	0
metal4	19	329	936.07	865.2	0	0	0	1.09478	0
metal4	20	329	992.07	865.2	0	0	0	1.09665	0
metal4	21	329	1048.07	865.2	0	0	0	1.09858	0
metal4	22	329	1086.21	865.2	0	0	0	1.09991	0
metal4	0	330	14.095	868	0	0	0	1.09996	0
metal4	1	330	40.07	868	0	0	0	1.0989	0
metal4	2	330	96.07	868	0	0	0	1.09677	0
metal4	3	330	108.455	868	0	0	0	1.09635	0
metal4	4	330	109.295	868	0	0	0	1.09632	0
metal4	5	330	152.07	868	0	0	0	1.09498	0
metal4	6	330	208.07	868	0	0	0	1.0934	0
metal4	7	330	264.07	868	0	0	0	1.09199	0
metal4	8	330	320.07	868	0	0	0	1.09074	0
metal4	9	330	376.07	868	0	0	0	1.08966	0
metal4	10	330	432.07	868	0	0	0	1.08885	0
metal4	11	330	488.07	868	0	0	0	1.08829	0
metal4	12	330	544.07	868	0	0	0	1.0881	0
metal4	13	330	600.07	868	0	0	0	1.08818	0
metal4	14	330	656.07	868	0	0	0	1.08855	0
metal4	15	330	712.07	868	0	0	0	1.08922	0
metal4	16	330	768.07	868	0	0	0	1.09018	0
metal4	17	330	824.07	868	0	0	0	1.09143	0
metal4	18	330	880.07	868	0	0	0	1.09299	0
metal4	19	330	936.07	868	0	0	0	1.09482	0
metal4	20	330	992.07	868	0	0	0	1.09668	0
metal4	21	330	1048.07	868	0	0	0	1.09861	0
metal4	22	330	1086.21	868	0	0	0	1.09996	0
metal4	0	331	14.095	869.6	0	0	0	1.1	0
metal4	1	331	40.07	869.6	0	0	0	1.09894	0
metal4	2	331	96.07	869.6	0	0	0	1.09682	0
metal4	3	331	108.455	869.6	0	0	0	1.09639	0
metal4	4	331	109.295	869.6	0	0	0	1.09636	0
metal4	5	331	152.07	869.6	0	0	0	1.09503	0
metal4	6	331	208.07	869.6	0	0	0	1.09345	0
metal4	7	331	264.07	869.6	0	0	0	1.09204	0
metal4	8	331	320.07	869.6	0	0	0	1.0908	0
metal4	9	331	376.07	869.6	0	0	0	1.08973	0
metal4	10	331	432.07	869.6	0	0	0	1.08893	0
metal4	11	331	488.07	869.6	0	0	0	1.08838	0
metal4	12	331	544.07	869.6	0	0	0	1.08817	0
metal4	13	331	600.07	869.6	0	0	0	1.08826	0
metal4	14	331	656.07	869.6	0	0	0	1.08863	0
metal4	15	331	712.07	869.6	0	0	0	1.0893	0
metal4	16	331	768.07	869.6	0	0	0	1.09025	0
metal4	17	331	824.07	869.6	0	0	0	1.0915	0
metal4	18	331	880.07	869.6	0	0	0	1.09305	0
metal4	19	331	936.07	869.6	0	0	0	1.09484	0
metal4	20	331	992.07	869.6	0	0	0	1.0967	0
metal4	21	331	1048.07	869.6	0	0	0	1.09863	0
metal4	22	331	1086.21	869.6	0	0	0	1.1	0
metal4	0	332	14.095	870.8	0	0	0	1.09997	0
metal4	1	332	40.07	870.8	0	0	0	1.09891	0
metal4	2	332	96.07	870.8	0	0	0	1.0968	0
metal4	3	332	108.455	870.8	0	0	0	1.09638	0
metal4	4	332	109.295	870.8	0	0	0	1.09635	0
metal4	5	332	152.07	870.8	0	0	0	1.09502	0
metal4	6	332	208.07	870.8	0	0	0	1.09344	0
metal4	7	332	264.07	870.8	0	0	0	1.09203	0
metal4	8	332	320.07	870.8	0	0	0	1.09078	0
metal4	9	332	376.07	870.8	0	0	0	1.0897	0
metal4	10	332	432.07	870.8	0	0	0	1.08889	0
metal4	11	332	488.07	870.8	0	0	0	1.08833	0
metal4	12	332	544.07	870.8	0	0	0	1.08813	0
metal4	13	332	600.07	870.8	0	0	0	1.08822	0
metal4	14	332	656.07	870.8	0	0	0	1.08859	0
metal4	15	332	712.07	870.8	0	0	0	1.08925	0
metal4	16	332	768.07	870.8	0	0	0	1.09021	0
metal4	17	332	824.07	870.8	0	0	0	1.09146	0
metal4	18	332	880.07	870.8	0	0	0	1.09301	0
metal4	19	332	936.07	870.8	0	0	0	1.09483	0
metal4	20	332	992.07	870.8	0	0	0	1.09669	0
metal4	21	332	1048.07	870.8	0	0	0	1.09861	0
metal4	22	332	1086.21	870.8	0	0	0	1.09997	0
metal4	0	333	14.095	873.6	0	0	0	1.0999	0
metal4	1	333	40.07	873.6	0	0	0	1.09887	0
metal4	2	333	96.07	873.6	0	0	0	1.09677	0
metal4	3	333	108.455	873.6	0	0	0	1.09636	0
metal4	4	333	109.295	873.6	0	0	0	1.09633	0
metal4	5	333	152.07	873.6	0	0	0	1.09499	0
metal4	6	333	208.07	873.6	0	0	0	1.09342	0
metal4	7	333	264.07	873.6	0	0	0	1.09201	0
metal4	8	333	320.07	873.6	0	0	0	1.09076	0
metal4	9	333	376.07	873.6	0	0	0	1.08965	0
metal4	10	333	432.07	873.6	0	0	0	1.08884	0
metal4	11	333	488.07	873.6	0	0	0	1.08825	0
metal4	12	333	544.07	873.6	0	0	0	1.08806	0
metal4	13	333	600.07	873.6	0	0	0	1.08814	0
metal4	14	333	656.07	873.6	0	0	0	1.08851	0
metal4	15	333	712.07	873.6	0	0	0	1.08917	0
metal4	16	333	768.07	873.6	0	0	0	1.09013	0
metal4	17	333	824.07	873.6	0	0	0	1.09138	0
metal4	18	333	880.07	873.6	0	0	0	1.09294	0
metal4	19	333	936.07	873.6	0	0	0	1.09482	0
metal4	20	333	992.07	873.6	0	0	0	1.09667	0
metal4	21	333	1048.07	873.6	0	0	0	1.09859	0
metal4	22	333	1086.21	873.6	0	0	0	1.09992	0
metal4	0	334	14.095	876.4	0	0	0	1.09985	0
metal4	1	334	40.07	876.4	0	0	0	1.09883	0
metal4	2	334	96.07	876.4	0	0	0	1.09675	0
metal4	3	334	108.455	876.4	0	0	0	1.09636	0
metal4	4	334	109.295	876.4	0	0	0	1.09633	0
metal4	5	334	152.07	876.4	0	0	0	1.09498	0
metal4	6	334	208.07	876.4	0	0	0	1.09341	0
metal4	7	334	264.07	876.4	0	0	0	1.09201	0
metal4	8	334	320.07	876.4	0	0	0	1.09075	0
metal4	9	334	376.07	876.4	0	0	0	1.08963	0
metal4	10	334	432.07	876.4	0	0	0	1.0888	0
metal4	11	334	488.07	876.4	0	0	0	1.08819	0
metal4	12	334	544.07	876.4	0	0	0	1.08802	0
metal4	13	334	600.07	876.4	0	0	0	1.08809	0
metal4	14	334	656.07	876.4	0	0	0	1.08846	0
metal4	15	334	712.07	876.4	0	0	0	1.08912	0
metal4	16	334	768.07	876.4	0	0	0	1.09007	0
metal4	17	334	824.07	876.4	0	0	0	1.09132	0
metal4	18	334	880.07	876.4	0	0	0	1.09289	0
metal4	19	334	936.07	876.4	0	0	0	1.09481	0
metal4	20	334	992.07	876.4	0	0	0	1.09666	0
metal4	21	334	1048.07	876.4	0	0	0	1.09857	0
metal4	22	334	1086.21	876.4	0	0	0	1.09988	0
metal4	0	335	14.095	879.2	0	0	0	1.09982	0
metal4	1	335	40.07	879.2	0	0	0	1.09881	0
metal4	2	335	96.07	879.2	0	0	0	1.09674	0
metal4	3	335	108.455	879.2	0	0	0	1.09637	0
metal4	4	335	109.295	879.2	0	0	0	1.09634	0
metal4	5	335	152.07	879.2	0	0	0	1.09499	0
metal4	6	335	208.07	879.2	0	0	0	1.09342	0
metal4	7	335	264.07	879.2	0	0	0	1.09202	0
metal4	8	335	320.07	879.2	0	0	0	1.09076	0
metal4	9	335	376.07	879.2	0	0	0	1.08962	0
metal4	10	335	432.07	879.2	0	0	0	1.08879	0
metal4	11	335	488.07	879.2	0	0	0	1.08816	0
metal4	12	335	544.07	879.2	0	0	0	1.08799	0
metal4	13	335	600.07	879.2	0	0	0	1.08807	0
metal4	14	335	656.07	879.2	0	0	0	1.08843	0
metal4	15	335	712.07	879.2	0	0	0	1.08909	0
metal4	16	335	768.07	879.2	0	0	0	1.09003	0
metal4	17	335	824.07	879.2	0	0	0	1.09128	0
metal4	18	335	880.07	879.2	0	0	0	1.09286	0
metal4	19	335	936.07	879.2	0	0	0	1.09481	0
metal4	20	335	992.07	879.2	0	0	0	1.09666	0
metal4	21	335	1048.07	879.2	0	0	0	1.09856	0
metal4	22	335	1086.21	879.2	0	0	0	1.09985	0
metal4	0	336	14.095	882	0	0	0	1.0998	0
metal4	1	336	40.07	882	0	0	0	1.0988	0
metal4	2	336	96.07	882	0	0	0	1.09675	0
metal4	3	336	108.455	882	0	0	0	1.09638	0
metal4	4	336	109.295	882	0	0	0	1.09635	0
metal4	5	336	152.07	882	0	0	0	1.09501	0
metal4	6	336	208.07	882	0	0	0	1.09345	0
metal4	7	336	264.07	882	0	0	0	1.09205	0
metal4	8	336	320.07	882	0	0	0	1.09078	0
metal4	9	336	376.07	882	0	0	0	1.08963	0
metal4	10	336	432.07	882	0	0	0	1.0888	0
metal4	11	336	488.07	882	0	0	0	1.08816	0
metal4	12	336	544.07	882	0	0	0	1.08799	0
metal4	13	336	600.07	882	0	0	0	1.08807	0
metal4	14	336	656.07	882	0	0	0	1.08843	0
metal4	15	336	712.07	882	0	0	0	1.08908	0
metal4	16	336	768.07	882	0	0	0	1.09002	0
metal4	17	336	824.07	882	0	0	0	1.09127	0
metal4	18	336	880.07	882	0	0	0	1.09286	0
metal4	19	336	936.07	882	0	0	0	1.09481	0
metal4	20	336	992.07	882	0	0	0	1.09666	0
metal4	21	336	1048.07	882	0	0	0	1.09856	0
metal4	22	336	1086.21	882	0	0	0	1.09983	0
metal4	0	337	14.095	884.8	0	0	0	1.09979	0
metal4	1	337	40.07	884.8	0	0	0	1.0988	0
metal4	2	337	96.07	884.8	0	0	0	1.09678	0
metal4	3	337	108.455	884.8	0	0	0	1.09641	0
metal4	4	337	109.295	884.8	0	0	0	1.09638	0
metal4	5	337	152.07	884.8	0	0	0	1.09504	0
metal4	6	337	208.07	884.8	0	0	0	1.09349	0
metal4	7	337	264.07	884.8	0	0	0	1.09209	0
metal4	8	337	320.07	884.8	0	0	0	1.09083	0
metal4	9	337	376.07	884.8	0	0	0	1.08967	0
metal4	10	337	432.07	884.8	0	0	0	1.08883	0
metal4	11	337	488.07	884.8	0	0	0	1.08819	0
metal4	12	337	544.07	884.8	0	0	0	1.08802	0
metal4	13	337	600.07	884.8	0	0	0	1.08809	0
metal4	14	337	656.07	884.8	0	0	0	1.08844	0
metal4	15	337	712.07	884.8	0	0	0	1.08909	0
metal4	16	337	768.07	884.8	0	0	0	1.09004	0
metal4	17	337	824.07	884.8	0	0	0	1.09128	0
metal4	18	337	880.07	884.8	0	0	0	1.09287	0
metal4	19	337	936.07	884.8	0	0	0	1.09483	0
metal4	20	337	992.07	884.8	0	0	0	1.09667	0
metal4	21	337	1048.07	884.8	0	0	0	1.09856	0
metal4	22	337	1086.21	884.8	0	0	0	1.09983	0
metal4	0	338	14.095	887.6	0	0	0	1.0998	0
metal4	1	338	40.07	887.6	0	0	0	1.09882	0
metal4	2	338	96.07	887.6	0	0	0	1.09681	0
metal4	3	338	108.455	887.6	0	0	0	1.09645	0
metal4	4	338	109.295	887.6	0	0	0	1.09642	0
metal4	5	338	152.07	887.6	0	0	0	1.09509	0
metal4	6	338	208.07	887.6	0	0	0	1.09354	0
metal4	7	338	264.07	887.6	0	0	0	1.09215	0
metal4	8	338	320.07	887.6	0	0	0	1.09089	0
metal4	9	338	376.07	887.6	0	0	0	1.08973	0
metal4	10	338	432.07	887.6	0	0	0	1.08889	0
metal4	11	338	488.07	887.6	0	0	0	1.08824	0
metal4	12	338	544.07	887.6	0	0	0	1.08807	0
metal4	13	338	600.07	887.6	0	0	0	1.08813	0
metal4	14	338	656.07	887.6	0	0	0	1.08849	0
metal4	15	338	712.07	887.6	0	0	0	1.08913	0
metal4	16	338	768.07	887.6	0	0	0	1.09007	0
metal4	17	338	824.07	887.6	0	0	0	1.09131	0
metal4	18	338	880.07	887.6	0	0	0	1.0929	0
metal4	19	338	936.07	887.6	0	0	0	1.09485	0
metal4	20	338	992.07	887.6	0	0	0	1.09669	0
metal4	21	338	1048.07	887.6	0	0	0	1.09857	0
metal4	22	338	1086.21	887.6	0	0	0	1.09984	0
metal4	0	339	14.095	890.4	0	0	0	1.09982	0
metal4	1	339	40.07	890.4	0	0	0	1.09885	0
metal4	2	339	96.07	890.4	0	0	0	1.09686	0
metal4	3	339	108.455	890.4	0	0	0	1.0965	0
metal4	4	339	109.295	890.4	0	0	0	1.09647	0
metal4	5	339	152.07	890.4	0	0	0	1.09515	0
metal4	6	339	208.07	890.4	0	0	0	1.09362	0
metal4	7	339	264.07	890.4	0	0	0	1.09223	0
metal4	8	339	320.07	890.4	0	0	0	1.09096	0
metal4	9	339	376.07	890.4	0	0	0	1.08981	0
metal4	10	339	432.07	890.4	0	0	0	1.08897	0
metal4	11	339	488.07	890.4	0	0	0	1.08833	0
metal4	12	339	544.07	890.4	0	0	0	1.08814	0
metal4	13	339	600.07	890.4	0	0	0	1.0882	0
metal4	14	339	656.07	890.4	0	0	0	1.08855	0
metal4	15	339	712.07	890.4	0	0	0	1.0892	0
metal4	16	339	768.07	890.4	0	0	0	1.09014	0
metal4	17	339	824.07	890.4	0	0	0	1.09137	0
metal4	18	339	880.07	890.4	0	0	0	1.09295	0
metal4	19	339	936.07	890.4	0	0	0	1.09488	0
metal4	20	339	992.07	890.4	0	0	0	1.09671	0
metal4	21	339	1048.07	890.4	0	0	0	1.09858	0
metal4	22	339	1086.21	890.4	0	0	0	1.09985	0
metal4	0	340	14.095	893.2	0	0	0	1.09986	0
metal4	1	340	40.07	893.2	0	0	0	1.0989	0
metal4	2	340	96.07	893.2	0	0	0	1.09692	0
metal4	3	340	108.455	893.2	0	0	0	1.09655	0
metal4	4	340	109.295	893.2	0	0	0	1.09653	0
metal4	5	340	152.07	893.2	0	0	0	1.09523	0
metal4	6	340	208.07	893.2	0	0	0	1.0937	0
metal4	7	340	264.07	893.2	0	0	0	1.09232	0
metal4	8	340	320.07	893.2	0	0	0	1.09106	0
metal4	9	340	376.07	893.2	0	0	0	1.08991	0
metal4	10	340	432.07	893.2	0	0	0	1.08907	0
metal4	11	340	488.07	893.2	0	0	0	1.08844	0
metal4	12	340	544.07	893.2	0	0	0	1.08824	0
metal4	13	340	600.07	893.2	0	0	0	1.0883	0
metal4	14	340	656.07	893.2	0	0	0	1.08865	0
metal4	15	340	712.07	893.2	0	0	0	1.08929	0
metal4	16	340	768.07	893.2	0	0	0	1.09022	0
metal4	17	340	824.07	893.2	0	0	0	1.09145	0
metal4	18	340	880.07	893.2	0	0	0	1.09302	0
metal4	19	340	936.07	893.2	0	0	0	1.09491	0
metal4	20	340	992.07	893.2	0	0	0	1.09674	0
metal4	21	340	1048.07	893.2	0	0	0	1.09861	0
metal4	22	340	1086.21	893.2	0	0	0	1.09989	0
metal4	0	341	14.095	896	0	0	0	1.09991	0
metal4	1	341	40.07	896	0	0	0	1.09895	0
metal4	2	341	96.07	896	0	0	0	1.097	0
metal4	3	341	108.455	896	0	0	0	1.09662	0
metal4	4	341	109.295	896	0	0	0	1.0966	0
metal4	5	341	152.07	896	0	0	0	1.09532	0
metal4	6	341	208.07	896	0	0	0	1.09381	0
metal4	7	341	264.07	896	0	0	0	1.09243	0
metal4	8	341	320.07	896	0	0	0	1.09117	0
metal4	9	341	376.07	896	0	0	0	1.09004	0
metal4	10	341	432.07	896	0	0	0	1.08919	0
metal4	11	341	488.07	896	0	0	0	1.08857	0
metal4	12	341	544.07	896	0	0	0	1.08836	0
metal4	13	341	600.07	896	0	0	0	1.08841	0
metal4	14	341	656.07	896	0	0	0	1.08876	0
metal4	15	341	712.07	896	0	0	0	1.0894	0
metal4	16	341	768.07	896	0	0	0	1.09033	0
metal4	17	341	824.07	896	0	0	0	1.09156	0
metal4	18	341	880.07	896	0	0	0	1.09311	0
metal4	19	341	936.07	896	0	0	0	1.09495	0
metal4	20	341	992.07	896	0	0	0	1.09677	0
metal4	21	341	1048.07	896	0	0	0	1.09864	0
metal4	22	341	1086.21	896	0	0	0	1.09993	0
metal4	0	342	14.095	898.8	0	0	0	1.09998	0
metal4	1	342	40.07	898.8	0	0	0	1.09902	0
metal4	2	342	96.07	898.8	0	0	0	1.09709	0
metal4	3	342	108.455	898.8	0	0	0	1.0967	0
metal4	4	342	109.295	898.8	0	0	0	1.09668	0
metal4	5	342	152.07	898.8	0	0	0	1.09543	0
metal4	6	342	208.07	898.8	0	0	0	1.09392	0
metal4	7	342	264.07	898.8	0	0	0	1.09255	0
metal4	8	342	320.07	898.8	0	0	0	1.0913	0
metal4	9	342	376.07	898.8	0	0	0	1.09018	0
metal4	10	342	432.07	898.8	0	0	0	1.08933	0
metal4	11	342	488.07	898.8	0	0	0	1.08874	0
metal4	12	342	544.07	898.8	0	0	0	1.08851	0
metal4	13	342	600.07	898.8	0	0	0	1.08856	0
metal4	14	342	656.07	898.8	0	0	0	1.0889	0
metal4	15	342	712.07	898.8	0	0	0	1.08953	0
metal4	16	342	768.07	898.8	0	0	0	1.09046	0
metal4	17	342	824.07	898.8	0	0	0	1.09169	0
metal4	18	342	880.07	898.8	0	0	0	1.09322	0
metal4	19	342	936.07	898.8	0	0	0	1.095	0
metal4	20	342	992.07	898.8	0	0	0	1.09681	0
metal4	21	342	1048.07	898.8	0	0	0	1.09867	0
metal4	22	342	1086.21	898.8	0	0	0	1.09998	0
metal4	0	343	14.095	899.6	0	0	0	1.1	0
metal4	1	343	40.07	899.6	0	0	0	1.09905	0
metal4	2	343	96.07	899.6	0	0	0	1.09712	0
metal4	3	343	108.455	899.6	0	0	0	1.09673	0
metal4	4	343	109.295	899.6	0	0	0	1.0967	0
metal4	5	343	152.07	899.6	0	0	0	1.09546	0
metal4	6	343	208.07	899.6	0	0	0	1.09396	0
metal4	7	343	264.07	899.6	0	0	0	1.09259	0
metal4	8	343	320.07	899.6	0	0	0	1.09134	0
metal4	9	343	376.07	899.6	0	0	0	1.09023	0
metal4	10	343	432.07	899.6	0	0	0	1.08938	0
metal4	11	343	488.07	899.6	0	0	0	1.0888	0
metal4	12	343	544.07	899.6	0	0	0	1.08855	0
metal4	13	343	600.07	899.6	0	0	0	1.0886	0
metal4	14	343	656.07	899.6	0	0	0	1.08895	0
metal4	15	343	712.07	899.6	0	0	0	1.08958	0
metal4	16	343	768.07	899.6	0	0	0	1.09051	0
metal4	17	343	824.07	899.6	0	0	0	1.09173	0
metal4	18	343	880.07	899.6	0	0	0	1.09326	0
metal4	19	343	936.07	899.6	0	0	0	1.09501	0
metal4	20	343	992.07	899.6	0	0	0	1.09683	0
metal4	21	343	1048.07	899.6	0	0	0	1.09869	0
metal4	22	343	1086.21	899.6	0	0	0	1.1	0
metal4	0	344	14.095	901.6	0	0	0	1.09996	0
metal4	1	344	40.07	901.6	0	0	0	1.09903	0
metal4	2	344	96.07	901.6	0	0	0	1.09713	0
metal4	3	344	108.455	901.6	0	0	0	1.09675	0
metal4	4	344	109.295	901.6	0	0	0	1.09672	0
metal4	5	344	152.07	901.6	0	0	0	1.09548	0
metal4	6	344	208.07	901.6	0	0	0	1.09399	0
metal4	7	344	264.07	901.6	0	0	0	1.09262	0
metal4	8	344	320.07	901.6	0	0	0	1.09136	0
metal4	9	344	376.07	901.6	0	0	0	1.09021	0
metal4	10	344	432.07	901.6	0	0	0	1.08935	0
metal4	11	344	488.07	901.6	0	0	0	1.08874	0
metal4	12	344	544.07	901.6	0	0	0	1.08851	0
metal4	13	344	600.07	901.6	0	0	0	1.08856	0
metal4	14	344	656.07	901.6	0	0	0	1.08889	0
metal4	15	344	712.07	901.6	0	0	0	1.08952	0
metal4	16	344	768.07	901.6	0	0	0	1.09045	0
metal4	17	344	824.07	901.6	0	0	0	1.09167	0
metal4	18	344	880.07	901.6	0	0	0	1.09321	0
metal4	19	344	936.07	901.6	0	0	0	1.09502	0
metal4	20	344	992.07	901.6	0	0	0	1.09683	0
metal4	21	344	1048.07	901.6	0	0	0	1.09868	0
metal4	22	344	1086.21	901.6	0	0	0	1.09996	0
metal4	0	345	14.095	904.4	0	0	0	1.09991	0
metal4	1	345	40.07	904.4	0	0	0	1.09902	0
metal4	2	345	96.07	904.4	0	0	0	1.09714	0
metal4	3	345	108.455	904.4	0	0	0	1.09678	0
metal4	4	345	109.295	904.4	0	0	0	1.09675	0
metal4	5	345	152.07	904.4	0	0	0	1.09552	0
metal4	6	345	208.07	904.4	0	0	0	1.09404	0
metal4	7	345	264.07	904.4	0	0	0	1.09267	0
metal4	8	345	320.07	904.4	0	0	0	1.09141	0
metal4	9	345	376.07	904.4	0	0	0	1.09019	0
metal4	10	345	432.07	904.4	0	0	0	1.08932	0
metal4	11	345	488.07	904.4	0	0	0	1.08869	0
metal4	12	345	544.07	904.4	0	0	0	1.08847	0
metal4	13	345	600.07	904.4	0	0	0	1.08851	0
metal4	14	345	656.07	904.4	0	0	0	1.08884	0
metal4	15	345	712.07	904.4	0	0	0	1.08947	0
metal4	16	345	768.07	904.4	0	0	0	1.09039	0
metal4	17	345	824.07	904.4	0	0	0	1.09161	0
metal4	18	345	880.07	904.4	0	0	0	1.09317	0
metal4	19	345	936.07	904.4	0	0	0	1.09503	0
metal4	20	345	992.07	904.4	0	0	0	1.09684	0
metal4	21	345	1048.07	904.4	0	0	0	1.09867	0
metal4	22	345	1086.21	904.4	0	0	0	1.09992	0
metal4	0	346	14.095	907.2	0	0	0	1.09988	0
metal4	1	346	40.07	907.2	0	0	0	1.09903	0
metal4	2	346	96.07	907.2	0	0	0	1.09718	0
metal4	3	346	108.455	907.2	0	0	0	1.09682	0
metal4	4	346	109.295	907.2	0	0	0	1.09679	0
metal4	5	346	152.07	907.2	0	0	0	1.09558	0
metal4	6	346	208.07	907.2	0	0	0	1.0941	0
metal4	7	346	264.07	907.2	0	0	0	1.09274	0
metal4	8	346	320.07	907.2	0	0	0	1.09147	0
metal4	9	346	376.07	907.2	0	0	0	1.0902	0
metal4	10	346	432.07	907.2	0	0	0	1.08932	0
metal4	11	346	488.07	907.2	0	0	0	1.08866	0
metal4	12	346	544.07	907.2	0	0	0	1.08845	0
metal4	13	346	600.07	907.2	0	0	0	1.08849	0
metal4	14	346	656.07	907.2	0	0	0	1.08882	0
metal4	15	346	712.07	907.2	0	0	0	1.08944	0
metal4	16	346	768.07	907.2	0	0	0	1.09036	0
metal4	17	346	824.07	907.2	0	0	0	1.09157	0
metal4	18	346	880.07	907.2	0	0	0	1.09315	0
metal4	19	346	936.07	907.2	0	0	0	1.09505	0
metal4	20	346	992.07	907.2	0	0	0	1.09685	0
metal4	21	346	1048.07	907.2	0	0	0	1.09866	0
metal4	22	346	1086.21	907.2	0	0	0	1.09988	0
metal4	0	347	14.095	910	0	0	0	1.09986	0
metal4	1	347	40.07	910	0	0	0	1.09904	0
metal4	2	347	96.07	910	0	0	0	1.09722	0
metal4	3	347	108.455	910	0	0	0	1.09687	0
metal4	4	347	109.295	910	0	0	0	1.09684	0
metal4	5	347	152.07	910	0	0	0	1.09564	0
metal4	6	347	208.07	910	0	0	0	1.09418	0
metal4	7	347	264.07	910	0	0	0	1.09283	0
metal4	8	347	320.07	910	0	0	0	1.09155	0
metal4	9	347	376.07	910	0	0	0	1.09022	0
metal4	10	347	432.07	910	0	0	0	1.08934	0
metal4	11	347	488.07	910	0	0	0	1.08866	0
metal4	12	347	544.07	910	0	0	0	1.08845	0
metal4	13	347	600.07	910	0	0	0	1.08849	0
metal4	14	347	656.07	910	0	0	0	1.08882	0
metal4	15	347	712.07	910	0	0	0	1.08943	0
metal4	16	347	768.07	910	0	0	0	1.09035	0
metal4	17	347	824.07	910	0	0	0	1.09156	0
metal4	18	347	880.07	910	0	0	0	1.09314	0
metal4	19	347	936.07	910	0	0	0	1.09506	0
metal4	20	347	992.07	910	0	0	0	1.09686	0
metal4	21	347	1048.07	910	0	0	0	1.09866	0
metal4	22	347	1086.21	910	0	0	0	1.09986	0
metal4	0	348	14.095	912.8	0	0	0	1.09985	0
metal4	1	348	40.07	912.8	0	0	0	1.09906	0
metal4	2	348	96.07	912.8	0	0	0	1.09727	0
metal4	3	348	108.455	912.8	0	0	0	1.09692	0
metal4	4	348	109.295	912.8	0	0	0	1.0969	0
metal4	5	348	152.07	912.8	0	0	0	1.09571	0
metal4	6	348	208.07	912.8	0	0	0	1.09426	0
metal4	7	348	264.07	912.8	0	0	0	1.09291	0
metal4	8	348	320.07	912.8	0	0	0	1.09163	0
metal4	9	348	376.07	912.8	0	0	0	1.09027	0
metal4	10	348	432.07	912.8	0	0	0	1.08938	0
metal4	11	348	488.07	912.8	0	0	0	1.08869	0
metal4	12	348	544.07	912.8	0	0	0	1.08848	0
metal4	13	348	600.07	912.8	0	0	0	1.08852	0
metal4	14	348	656.07	912.8	0	0	0	1.08884	0
metal4	15	348	712.07	912.8	0	0	0	1.08945	0
metal4	16	348	768.07	912.8	0	0	0	1.09036	0
metal4	17	348	824.07	912.8	0	0	0	1.09157	0
metal4	18	348	880.07	912.8	0	0	0	1.09315	0
metal4	19	348	936.07	912.8	0	0	0	1.09508	0
metal4	20	348	992.07	912.8	0	0	0	1.09687	0
metal4	21	348	1048.07	912.8	0	0	0	1.09866	0
metal4	22	348	1086.21	912.8	0	0	0	1.09985	0
metal4	0	349	14.095	915.6	0	0	0	1.09985	0
metal4	1	349	40.07	915.6	0	0	0	1.09908	0
metal4	2	349	96.07	915.6	0	0	0	1.09732	0
metal4	3	349	108.455	915.6	0	0	0	1.09698	0
metal4	4	349	109.295	915.6	0	0	0	1.09695	0
metal4	5	349	152.07	915.6	0	0	0	1.09578	0
metal4	6	349	208.07	915.6	0	0	0	1.09435	0
metal4	7	349	264.07	915.6	0	0	0	1.093	0
metal4	8	349	320.07	915.6	0	0	0	1.09171	0
metal4	9	349	376.07	915.6	0	0	0	1.09034	0
metal4	10	349	432.07	915.6	0	0	0	1.08944	0
metal4	11	349	488.07	915.6	0	0	0	1.08875	0
metal4	12	349	544.07	915.6	0	0	0	1.08854	0
metal4	13	349	600.07	915.6	0	0	0	1.08857	0
metal4	14	349	656.07	915.6	0	0	0	1.08888	0
metal4	15	349	712.07	915.6	0	0	0	1.08949	0
metal4	16	349	768.07	915.6	0	0	0	1.0904	0
metal4	17	349	824.07	915.6	0	0	0	1.0916	0
metal4	18	349	880.07	915.6	0	0	0	1.09318	0
metal4	19	349	936.07	915.6	0	0	0	1.09511	0
metal4	20	349	992.07	915.6	0	0	0	1.09689	0
metal4	21	349	1048.07	915.6	0	0	0	1.09866	0
metal4	22	349	1086.21	915.6	0	0	0	1.09985	0
metal4	0	350	14.095	918.4	0	0	0	1.09986	0
metal4	1	350	40.07	918.4	0	0	0	1.09911	0
metal4	2	350	96.07	918.4	0	0	0	1.09737	0
metal4	3	350	108.455	918.4	0	0	0	1.09703	0
metal4	4	350	109.295	918.4	0	0	0	1.09701	0
metal4	5	350	152.07	918.4	0	0	0	1.09586	0
metal4	6	350	208.07	918.4	0	0	0	1.09443	0
metal4	7	350	264.07	918.4	0	0	0	1.09309	0
metal4	8	350	320.07	918.4	0	0	0	1.0918	0
metal4	9	350	376.07	918.4	0	0	0	1.09043	0
metal4	10	350	432.07	918.4	0	0	0	1.08953	0
metal4	11	350	488.07	918.4	0	0	0	1.08884	0
metal4	12	350	544.07	918.4	0	0	0	1.08862	0
metal4	13	350	600.07	918.4	0	0	0	1.08864	0
metal4	14	350	656.07	918.4	0	0	0	1.08895	0
metal4	15	350	712.07	918.4	0	0	0	1.08956	0
metal4	16	350	768.07	918.4	0	0	0	1.09046	0
metal4	17	350	824.07	918.4	0	0	0	1.09165	0
metal4	18	350	880.07	918.4	0	0	0	1.09322	0
metal4	19	350	936.07	918.4	0	0	0	1.09513	0
metal4	20	350	992.07	918.4	0	0	0	1.09691	0
metal4	21	350	1048.07	918.4	0	0	0	1.09868	0
metal4	22	350	1086.21	918.4	0	0	0	1.09986	0
metal4	0	351	14.095	921.2	0	0	0	1.09988	0
metal4	1	351	40.07	921.2	0	0	0	1.09913	0
metal4	2	351	96.07	921.2	0	0	0	1.09743	0
metal4	3	351	108.455	921.2	0	0	0	1.09709	0
metal4	4	351	109.295	921.2	0	0	0	1.09707	0
metal4	5	351	152.07	921.2	0	0	0	1.09593	0
metal4	6	351	208.07	921.2	0	0	0	1.09452	0
metal4	7	351	264.07	921.2	0	0	0	1.09318	0
metal4	8	351	320.07	921.2	0	0	0	1.0919	0
metal4	9	351	376.07	921.2	0	0	0	1.09055	0
metal4	10	351	432.07	921.2	0	0	0	1.08964	0
metal4	11	351	488.07	921.2	0	0	0	1.08895	0
metal4	12	351	544.07	921.2	0	0	0	1.08872	0
metal4	13	351	600.07	921.2	0	0	0	1.08874	0
metal4	14	351	656.07	921.2	0	0	0	1.08905	0
metal4	15	351	712.07	921.2	0	0	0	1.08965	0
metal4	16	351	768.07	921.2	0	0	0	1.09054	0
metal4	17	351	824.07	921.2	0	0	0	1.09173	0
metal4	18	351	880.07	921.2	0	0	0	1.09329	0
metal4	19	351	936.07	921.2	0	0	0	1.09516	0
metal4	20	351	992.07	921.2	0	0	0	1.09693	0
metal4	21	351	1048.07	921.2	0	0	0	1.09869	0
metal4	22	351	1086.21	921.2	0	0	0	1.09988	0
metal4	0	352	14.095	924	0	0	0	1.09991	0
metal4	1	352	40.07	924	0	0	0	1.09916	0
metal4	2	352	96.07	924	0	0	0	1.09749	0
metal4	3	352	108.455	924	0	0	0	1.09715	0
metal4	4	352	109.295	924	0	0	0	1.09713	0
metal4	5	352	152.07	924	0	0	0	1.09601	0
metal4	6	352	208.07	924	0	0	0	1.0946	0
metal4	7	352	264.07	924	0	0	0	1.09327	0
metal4	8	352	320.07	924	0	0	0	1.092	0
metal4	9	352	376.07	924	0	0	0	1.09068	0
metal4	10	352	432.07	924	0	0	0	1.08977	0
metal4	11	352	488.07	924	0	0	0	1.08909	0
metal4	12	352	544.07	924	0	0	0	1.08885	0
metal4	13	352	600.07	924	0	0	0	1.08886	0
metal4	14	352	656.07	924	0	0	0	1.08917	0
metal4	15	352	712.07	924	0	0	0	1.08976	0
metal4	16	352	768.07	924	0	0	0	1.09065	0
metal4	17	352	824.07	924	0	0	0	1.09184	0
metal4	18	352	880.07	924	0	0	0	1.09337	0
metal4	19	352	936.07	924	0	0	0	1.0952	0
metal4	20	352	992.07	924	0	0	0	1.09695	0
metal4	21	352	1048.07	924	0	0	0	1.09871	0
metal4	22	352	1086.21	924	0	0	0	1.09991	0
metal4	0	353	14.095	926.8	0	0	0	1.09995	0
metal4	1	353	40.07	926.8	0	0	0	1.0992	0
metal4	2	353	96.07	926.8	0	0	0	1.09755	0
metal4	3	353	108.455	926.8	0	0	0	1.09721	0
metal4	4	353	109.295	926.8	0	0	0	1.09719	0
metal4	5	353	152.07	926.8	0	0	0	1.09608	0
metal4	6	353	208.07	926.8	0	0	0	1.09469	0
metal4	7	353	264.07	926.8	0	0	0	1.09337	0
metal4	8	353	320.07	926.8	0	0	0	1.0921	0
metal4	9	353	376.07	926.8	0	0	0	1.09083	0
metal4	10	353	432.07	926.8	0	0	0	1.08992	0
metal4	11	353	488.07	926.8	0	0	0	1.08926	0
metal4	12	353	544.07	926.8	0	0	0	1.089	0
metal4	13	353	600.07	926.8	0	0	0	1.08901	0
metal4	14	353	656.07	926.8	0	0	0	1.08931	0
metal4	15	353	712.07	926.8	0	0	0	1.0899	0
metal4	16	353	768.07	926.8	0	0	0	1.09078	0
metal4	17	353	824.07	926.8	0	0	0	1.09196	0
metal4	18	353	880.07	926.8	0	0	0	1.09346	0
metal4	19	353	936.07	926.8	0	0	0	1.09523	0
metal4	20	353	992.07	926.8	0	0	0	1.09698	0
metal4	21	353	1048.07	926.8	0	0	0	1.09873	0
metal4	22	353	1086.21	926.8	0	0	0	1.09995	0
metal4	0	354	14.095	929.6	0	0	0	1.1	0
metal4	1	354	40.07	929.6	0	0	0	1.09923	0
metal4	2	354	96.07	929.6	0	0	0	1.09762	0
metal4	3	354	108.455	929.6	0	0	0	1.09728	0
metal4	4	354	109.295	929.6	0	0	0	1.09726	0
metal4	5	354	152.07	929.6	0	0	0	1.09616	0
metal4	6	354	208.07	929.6	0	0	0	1.09478	0
metal4	7	354	264.07	929.6	0	0	0	1.09347	0
metal4	8	354	320.07	929.6	0	0	0	1.0922	0
metal4	9	354	376.07	929.6	0	0	0	1.09101	0
metal4	10	354	432.07	929.6	0	0	0	1.09009	0
metal4	11	354	488.07	929.6	0	0	0	1.08946	0
metal4	12	354	544.07	929.6	0	0	0	1.08917	0
metal4	13	354	600.07	929.6	0	0	0	1.08918	0
metal4	14	354	656.07	929.6	0	0	0	1.08947	0
metal4	15	354	712.07	929.6	0	0	0	1.09006	0
metal4	16	354	768.07	929.6	0	0	0	1.09094	0
metal4	17	354	824.07	929.6	0	0	0	1.09211	0
metal4	18	354	880.07	929.6	0	0	0	1.09358	0
metal4	19	354	936.07	929.6	0	0	0	1.09527	0
metal4	20	354	992.07	929.6	0	0	0	1.097	0
metal4	21	354	1048.07	929.6	0	0	0	1.09876	0
metal4	22	354	1086.21	929.6	0	0	0	1.1	0
metal4	0	355	14.095	932.4	0	0	0	1.09996	0
metal4	1	355	40.07	932.4	0	0	0	1.09923	0
metal4	2	355	96.07	932.4	0	0	0	1.09763	0
metal4	3	355	108.455	932.4	0	0	0	1.0973	0
metal4	4	355	109.295	932.4	0	0	0	1.09728	0
metal4	5	355	152.07	932.4	0	0	0	1.0962	0
metal4	6	355	208.07	932.4	0	0	0	1.09483	0
metal4	7	355	264.07	932.4	0	0	0	1.09352	0
metal4	8	355	320.07	932.4	0	0	0	1.09225	0
metal4	9	355	376.07	932.4	0	0	0	1.09098	0
metal4	10	355	432.07	932.4	0	0	0	1.09006	0
metal4	11	355	488.07	932.4	0	0	0	1.0894	0
metal4	12	355	544.07	932.4	0	0	0	1.08913	0
metal4	13	355	600.07	932.4	0	0	0	1.08913	0
metal4	14	355	656.07	932.4	0	0	0	1.08943	0
metal4	15	355	712.07	932.4	0	0	0	1.09001	0
metal4	16	355	768.07	932.4	0	0	0	1.09088	0
metal4	17	355	824.07	932.4	0	0	0	1.09204	0
metal4	18	355	880.07	932.4	0	0	0	1.09353	0
metal4	19	355	936.07	932.4	0	0	0	1.09529	0
metal4	20	355	992.07	932.4	0	0	0	1.09701	0
metal4	21	355	1048.07	932.4	0	0	0	1.09874	0
metal4	22	355	1086.21	932.4	0	0	0	1.09995	0
metal4	0	356	14.095	935.2	0	0	0	1.09992	0
metal4	1	356	40.07	935.2	0	0	0	1.09923	0
metal4	2	356	96.07	935.2	0	0	0	1.09765	0
metal4	3	356	108.455	935.2	0	0	0	1.09733	0
metal4	4	356	109.295	935.2	0	0	0	1.0973	0
metal4	5	356	152.07	935.2	0	0	0	1.09623	0
metal4	6	356	208.07	935.2	0	0	0	1.09488	0
metal4	7	356	264.07	935.2	0	0	0	1.09358	0
metal4	8	356	320.07	935.2	0	0	0	1.09231	0
metal4	9	356	376.07	935.2	0	0	0	1.09097	0
metal4	10	356	432.07	935.2	0	0	0	1.09005	0
metal4	11	356	488.07	935.2	0	0	0	1.08937	0
metal4	12	356	544.07	935.2	0	0	0	1.08911	0
metal4	13	356	600.07	935.2	0	0	0	1.08912	0
metal4	14	356	656.07	935.2	0	0	0	1.0894	0
metal4	15	356	712.07	935.2	0	0	0	1.08998	0
metal4	16	356	768.07	935.2	0	0	0	1.09084	0
metal4	17	356	824.07	935.2	0	0	0	1.092	0
metal4	18	356	880.07	935.2	0	0	0	1.0935	0
metal4	19	356	936.07	935.2	0	0	0	1.0953	0
metal4	20	356	992.07	935.2	0	0	0	1.09702	0
metal4	21	356	1048.07	935.2	0	0	0	1.09873	0
metal4	22	356	1086.21	935.2	0	0	0	1.09991	0
metal4	0	357	14.095	938	0	0	0	1.0999	0
metal4	1	357	40.07	938	0	0	0	1.09923	0
metal4	2	357	96.07	938	0	0	0	1.09766	0
metal4	3	357	108.455	938	0	0	0	1.09735	0
metal4	4	357	109.295	938	0	0	0	1.09733	0
metal4	5	357	152.07	938	0	0	0	1.09627	0
metal4	6	357	208.07	938	0	0	0	1.09493	0
metal4	7	357	264.07	938	0	0	0	1.09364	0
metal4	8	357	320.07	938	0	0	0	1.09237	0
metal4	9	357	376.07	938	0	0	0	1.09099	0
metal4	10	357	432.07	938	0	0	0	1.09007	0
metal4	11	357	488.07	938	0	0	0	1.08937	0
metal4	12	357	544.07	938	0	0	0	1.08912	0
metal4	13	357	600.07	938	0	0	0	1.08912	0
metal4	14	357	656.07	938	0	0	0	1.08941	0
metal4	15	357	712.07	938	0	0	0	1.08998	0
metal4	16	357	768.07	938	0	0	0	1.09083	0
metal4	17	357	824.07	938	0	0	0	1.09198	0
metal4	18	357	880.07	938	0	0	0	1.09349	0
metal4	19	357	936.07	938	0	0	0	1.09532	0
metal4	20	357	992.07	938	0	0	0	1.09703	0
metal4	21	357	1048.07	938	0	0	0	1.09872	0
metal4	22	357	1086.21	938	0	0	0	1.09988	0
metal4	0	358	14.095	940.8	0	0	0	1.09988	0
metal4	1	358	40.07	940.8	0	0	0	1.09923	0
metal4	2	358	96.07	940.8	0	0	0	1.09769	0
metal4	3	358	108.455	940.8	0	0	0	1.09738	0
metal4	4	358	109.295	940.8	0	0	0	1.09736	0
metal4	5	358	152.07	940.8	0	0	0	1.09631	0
metal4	6	358	208.07	940.8	0	0	0	1.09498	0
metal4	7	358	264.07	940.8	0	0	0	1.0937	0
metal4	8	358	320.07	940.8	0	0	0	1.09243	0
metal4	9	358	376.07	940.8	0	0	0	1.09102	0
metal4	10	358	432.07	940.8	0	0	0	1.0901	0
metal4	11	358	488.07	940.8	0	0	0	1.08939	0
metal4	12	358	544.07	940.8	0	0	0	1.08915	0
metal4	13	358	600.07	940.8	0	0	0	1.08915	0
metal4	14	358	656.07	940.8	0	0	0	1.08943	0
metal4	15	358	712.07	940.8	0	0	0	1.09	0
metal4	16	358	768.07	940.8	0	0	0	1.09085	0
metal4	17	358	824.07	940.8	0	0	0	1.09199	0
metal4	18	358	880.07	940.8	0	0	0	1.0935	0
metal4	19	358	936.07	940.8	0	0	0	1.09534	0
metal4	20	358	992.07	940.8	0	0	0	1.09704	0
metal4	21	358	1048.07	940.8	0	0	0	1.09872	0
metal4	22	358	1086.21	940.8	0	0	0	1.09986	0
metal4	0	359	14.095	943.6	0	0	0	1.09987	0
metal4	1	359	40.07	943.6	0	0	0	1.09924	0
metal4	2	359	96.07	943.6	0	0	0	1.09771	0
metal4	3	359	108.455	943.6	0	0	0	1.09741	0
metal4	4	359	109.295	943.6	0	0	0	1.09739	0
metal4	5	359	152.07	943.6	0	0	0	1.09635	0
metal4	6	359	208.07	943.6	0	0	0	1.09503	0
metal4	7	359	264.07	943.6	0	0	0	1.09376	0
metal4	8	359	320.07	943.6	0	0	0	1.0925	0
metal4	9	359	376.07	943.6	0	0	0	1.09108	0
metal4	10	359	432.07	943.6	0	0	0	1.09016	0
metal4	11	359	488.07	943.6	0	0	0	1.08945	0
metal4	12	359	544.07	943.6	0	0	0	1.08921	0
metal4	13	359	600.07	943.6	0	0	0	1.0892	0
metal4	14	359	656.07	943.6	0	0	0	1.08948	0
metal4	15	359	712.07	943.6	0	0	0	1.09004	0
metal4	16	359	768.07	943.6	0	0	0	1.09088	0
metal4	17	359	824.07	943.6	0	0	0	1.09202	0
metal4	18	359	880.07	943.6	0	0	0	1.09352	0
metal4	19	359	936.07	943.6	0	0	0	1.09536	0
metal4	20	359	992.07	943.6	0	0	0	1.09705	0
metal4	21	359	1048.07	943.6	0	0	0	1.09872	0
metal4	22	359	1086.21	943.6	0	0	0	1.09985	0
metal4	0	360	14.095	946.4	0	0	0	1.09988	0
metal4	1	360	40.07	946.4	0	0	0	1.09925	0
metal4	2	360	96.07	946.4	0	0	0	1.09774	0
metal4	3	360	108.455	946.4	0	0	0	1.09744	0
metal4	4	360	109.295	946.4	0	0	0	1.09742	0
metal4	5	360	152.07	946.4	0	0	0	1.09639	0
metal4	6	360	208.07	946.4	0	0	0	1.09509	0
metal4	7	360	264.07	946.4	0	0	0	1.09382	0
metal4	8	360	320.07	946.4	0	0	0	1.09257	0
metal4	9	360	376.07	946.4	0	0	0	1.09116	0
metal4	10	360	432.07	946.4	0	0	0	1.09024	0
metal4	11	360	488.07	946.4	0	0	0	1.08953	0
metal4	12	360	544.07	946.4	0	0	0	1.08929	0
metal4	13	360	600.07	946.4	0	0	0	1.08928	0
metal4	14	360	656.07	946.4	0	0	0	1.08955	0
metal4	15	360	712.07	946.4	0	0	0	1.09011	0
metal4	16	360	768.07	946.4	0	0	0	1.09094	0
metal4	17	360	824.07	946.4	0	0	0	1.09207	0
metal4	18	360	880.07	946.4	0	0	0	1.09356	0
metal4	19	360	936.07	946.4	0	0	0	1.09539	0
metal4	20	360	992.07	946.4	0	0	0	1.09707	0
metal4	21	360	1048.07	946.4	0	0	0	1.09872	0
metal4	22	360	1086.21	946.4	0	0	0	1.09986	0
metal4	0	361	14.095	949.2	0	0	0	1.09989	0
metal4	1	361	40.07	949.2	0	0	0	1.09926	0
metal4	2	361	96.07	949.2	0	0	0	1.09777	0
metal4	3	361	108.455	949.2	0	0	0	1.09748	0
metal4	4	361	109.295	949.2	0	0	0	1.09746	0
metal4	5	361	152.07	949.2	0	0	0	1.09644	0
metal4	6	361	208.07	949.2	0	0	0	1.09514	0
metal4	7	361	264.07	949.2	0	0	0	1.09389	0
metal4	8	361	320.07	949.2	0	0	0	1.09264	0
metal4	9	361	376.07	949.2	0	0	0	1.09126	0
metal4	10	361	432.07	949.2	0	0	0	1.09034	0
metal4	11	361	488.07	949.2	0	0	0	1.08964	0
metal4	12	361	544.07	949.2	0	0	0	1.08939	0
metal4	13	361	600.07	949.2	0	0	0	1.08938	0
metal4	14	361	656.07	949.2	0	0	0	1.08965	0
metal4	15	361	712.07	949.2	0	0	0	1.0902	0
metal4	16	361	768.07	949.2	0	0	0	1.09103	0
metal4	17	361	824.07	949.2	0	0	0	1.09214	0
metal4	18	361	880.07	949.2	0	0	0	1.09362	0
metal4	19	361	936.07	949.2	0	0	0	1.09542	0
metal4	20	361	992.07	949.2	0	0	0	1.09709	0
metal4	21	361	1048.07	949.2	0	0	0	1.09873	0
metal4	22	361	1086.21	949.2	0	0	0	1.09987	0
metal4	0	362	14.095	952	0	0	0	1.09991	0
metal4	1	362	40.07	952	0	0	0	1.09927	0
metal4	2	362	96.07	952	0	0	0	1.09781	0
metal4	3	362	108.455	952	0	0	0	1.09752	0
metal4	4	362	109.295	952	0	0	0	1.0975	0
metal4	5	362	152.07	952	0	0	0	1.09649	0
metal4	6	362	208.07	952	0	0	0	1.0952	0
metal4	7	362	264.07	952	0	0	0	1.09396	0
metal4	8	362	320.07	952	0	0	0	1.09272	0
metal4	9	362	376.07	952	0	0	0	1.09137	0
metal4	10	362	432.07	952	0	0	0	1.09047	0
metal4	11	362	488.07	952	0	0	0	1.08978	0
metal4	12	362	544.07	952	0	0	0	1.08952	0
metal4	13	362	600.07	952	0	0	0	1.08951	0
metal4	14	362	656.07	952	0	0	0	1.08977	0
metal4	15	362	712.07	952	0	0	0	1.09031	0
metal4	16	362	768.07	952	0	0	0	1.09113	0
metal4	17	362	824.07	952	0	0	0	1.09224	0
metal4	18	362	880.07	952	0	0	0	1.09369	0
metal4	19	362	936.07	952	0	0	0	1.09546	0
metal4	20	362	992.07	952	0	0	0	1.09711	0
metal4	21	362	1048.07	952	0	0.00141818	0.00141818	1.09874	0
metal4	22	362	1086.21	952	0	0	0	1.09989	0
metal4	0	363	14.095	954.8	0	0	0	1.09993	0
metal4	1	363	40.07	954.8	0	0	0	1.09929	0
metal4	2	363	96.07	954.8	0	0	0	1.09785	0
metal4	3	363	108.455	954.8	0	0	0	1.09755	0
metal4	4	363	109.295	954.8	0	0	0	1.09754	0
metal4	5	363	152.07	954.8	0	0	0	1.09654	0
metal4	6	363	208.07	954.8	0	0	0	1.09526	0
metal4	7	363	264.07	954.8	0	0	0	1.09403	0
metal4	8	363	320.07	954.8	0	0	0	1.09281	0
metal4	9	363	376.07	954.8	0	0	0	1.09152	0
metal4	10	363	432.07	954.8	0	0	0	1.09061	0
metal4	11	363	488.07	954.8	0	0	0	1.08994	0
metal4	12	363	544.07	954.8	0	0	0	1.08967	0
metal4	13	363	600.07	954.8	0	0	0	1.08966	0
metal4	14	363	656.07	954.8	0	0	0	1.08992	0
metal4	15	363	712.07	954.8	0	0	0	1.09045	0
metal4	16	363	768.07	954.8	0	0	0	1.09127	0
metal4	17	363	824.07	954.8	0	0	0	1.09236	0
metal4	18	363	880.07	954.8	0	0	0	1.09379	0
metal4	19	363	936.07	954.8	0	0	0	1.0955	0
metal4	20	363	992.07	954.8	0	0	0	1.09713	0
metal4	21	363	1048.07	954.8	0	0	0	1.09877	0
metal4	22	363	1086.21	954.8	0	0	0	1.09992	0
metal4	0	364	14.095	957.6	0	0	0	1.09997	0
metal4	1	364	40.07	957.6	0	0	0	1.09931	0
metal4	2	364	96.07	957.6	0	0	0	1.09789	0
metal4	3	364	108.455	957.6	0	0	0	1.0976	0
metal4	4	364	109.295	957.6	0	0	0	1.09758	0
metal4	5	364	152.07	957.6	0	0	0	1.09659	0
metal4	6	364	208.07	957.6	0	0	0	1.09533	0
metal4	7	364	264.07	957.6	0	0	0	1.0941	0
metal4	8	364	320.07	957.6	0	0	0	1.09289	0
metal4	9	364	376.07	957.6	0	0	0	1.09168	0
metal4	10	364	432.07	957.6	0	0	0	1.09078	0
metal4	11	364	488.07	957.6	0	0	0	1.09013	0
metal4	12	364	544.07	957.6	0	0	0	1.08985	0
metal4	13	364	600.07	957.6	0	0	0	1.08983	0
metal4	14	364	656.07	957.6	0	0	0	1.09009	0
metal4	15	364	712.07	957.6	0	0	0	1.09062	0
metal4	16	364	768.07	957.6	0	0	0	1.09142	0
metal4	17	364	824.07	957.6	0	0	0	1.09251	0
metal4	18	364	880.07	957.6	0	0	0	1.0939	0
metal4	19	364	936.07	957.6	0	0	0	1.09554	0
metal4	20	364	992.07	957.6	0	0	0	1.09716	0
metal4	21	364	1048.07	957.6	0	0	0	1.0988	0
metal4	22	364	1086.21	957.6	0	0	0	1.09996	0
metal4	0	365	14.095	959.6	0	0	0	1.1	0
metal4	1	365	40.07	959.6	0	0	0	1.09933	0
metal4	2	365	96.07	959.6	0	0	0	1.09792	0
metal4	3	365	108.455	959.6	0	0	0	1.09763	0
metal4	4	365	109.295	959.6	0	0	0	1.09761	0
metal4	5	365	152.07	959.6	0	0	0	1.09662	0
metal4	6	365	208.07	959.6	0	0	0	1.09537	0
metal4	7	365	264.07	959.6	0	0	0	1.09415	0
metal4	8	365	320.07	959.6	0	0	0	1.09296	0
metal4	9	365	376.07	959.6	0	0	0	1.09181	0
metal4	10	365	432.07	959.6	0	0	0	1.09092	0
metal4	11	365	488.07	959.6	0	0	0	1.09029	0
metal4	12	365	544.07	959.6	0	0	0	1.08999	0
metal4	13	365	600.07	959.6	0	0	0	1.08997	0
metal4	14	365	656.07	959.6	0	0	0	1.09022	0
metal4	15	365	712.07	959.6	0	0	0	1.09075	0
metal4	16	365	768.07	959.6	0	0	0	1.09155	0
metal4	17	365	824.07	959.6	0	0	0	1.09263	0
metal4	18	365	880.07	959.6	0	0	0	1.09399	0
metal4	19	365	936.07	959.6	0	0	0	1.09557	0
metal4	20	365	992.07	959.6	0	0	0	1.09718	0
metal4	21	365	1048.07	959.6	0	0	0	1.09883	0
metal4	22	365	1086.21	959.6	0	0	0	1.1	0
metal4	0	366	14.095	960.4	0	0	0	1.09999	0
metal4	1	366	40.07	960.4	0	0	0	1.09932	0
metal4	2	366	96.07	960.4	0	0	0	1.09793	0
metal4	3	366	108.455	960.4	0	0	0	1.09763	0
metal4	4	366	109.295	960.4	0	0	0	1.09761	0
metal4	5	366	152.07	960.4	0	0	0	1.09663	0
metal4	6	366	208.07	960.4	0	0	0	1.09538	0
metal4	7	366	264.07	960.4	0	0	0	1.09417	0
metal4	8	366	320.07	960.4	0	0	0	1.09297	0
metal4	9	366	376.07	960.4	0	0	0	1.0918	0
metal4	10	366	432.07	960.4	0	0	0	1.09091	0
metal4	11	366	488.07	960.4	0	0	0	1.09028	0
metal4	12	366	544.07	960.4	0	0	0	1.08999	0
metal4	13	366	600.07	960.4	0	0	0	1.08997	0
metal4	14	366	656.07	960.4	0	0	0	1.09022	0
metal4	15	366	712.07	960.4	0	0	0	1.09074	0
metal4	16	366	768.07	960.4	0	0	0	1.09154	0
metal4	17	366	824.07	960.4	0	0	0	1.09261	0
metal4	18	366	880.07	960.4	0	0	0	1.09398	0
metal4	19	366	936.07	960.4	0	0	0	1.09557	0
metal4	20	366	992.07	960.4	0	0	0	1.09718	0
metal4	21	366	1048.07	960.4	0	0	0	1.09882	0
metal4	22	366	1086.21	960.4	0	0	0	1.09998	0
metal4	0	367	14.095	963.2	0	0	0	1.09995	0
metal4	1	367	40.07	963.2	0	0.00141818	0.00141818	1.09931	0
metal4	2	367	96.07	963.2	0	0	0	1.09793	0
metal4	3	367	108.455	963.2	0	0	0	1.09765	0
metal4	4	367	109.295	963.2	0	0	0	1.09763	0
metal4	5	367	152.07	963.2	0	0	0	1.09666	0
metal4	6	367	208.07	963.2	0	0	0	1.09543	0
metal4	7	367	264.07	963.2	0	0	0	1.09422	0
metal4	8	367	320.07	963.2	0	0	0	1.09303	0
metal4	9	367	376.07	963.2	0	0	0	1.0918	0
metal4	10	367	432.07	963.2	0	0	0	1.09091	0
metal4	11	367	488.07	963.2	0	0	0	1.09026	0
metal4	12	367	544.07	963.2	0	0	0	1.08999	0
metal4	13	367	600.07	963.2	0	0	0	1.08997	0
metal4	14	367	656.07	963.2	0	0	0	1.09021	0
metal4	15	367	712.07	963.2	0	0	0	1.09073	0
metal4	16	367	768.07	963.2	0	0	0	1.09152	0
metal4	17	367	824.07	963.2	0	0	0	1.09258	0
metal4	18	367	880.07	963.2	0	0	0	1.09395	0
metal4	19	367	936.07	963.2	0	0	0	1.09559	0
metal4	20	367	992.07	963.2	0	0	0	1.09718	0
metal4	21	367	1048.07	963.2	0	0	0	1.0988	0
metal4	22	367	1086.21	963.2	0	0	0	1.09994	0
metal4	0	368	14.095	966	0	0	0	1.09992	0
metal4	1	368	40.07	966	0	0	0	1.09931	0
metal4	2	368	96.07	966	0	0	0	1.09795	0
metal4	3	368	108.455	966	0	0	0	1.09767	0
metal4	4	368	109.295	966	0	0	0	1.09765	0
metal4	5	368	152.07	966	0	0	0	1.0967	0
metal4	6	368	208.07	966	0	0	0	1.09547	0
metal4	7	368	264.07	966	0	0	0	1.09428	0
metal4	8	368	320.07	966	0	0	0	1.0931	0
metal4	9	368	376.07	966	0	0	0	1.09181	0
metal4	10	368	432.07	966	0	0	0	1.09094	0
metal4	11	368	488.07	966	0	0	0	1.09027	0
metal4	12	368	544.07	966	0	0	0	1.09001	0
metal4	13	368	600.07	966	0	0	0	1.08999	0
metal4	14	368	656.07	966	0	0	0	1.09024	0
metal4	15	368	712.07	966	0	0	0	1.09074	0
metal4	16	368	768.07	966	0	0	0	1.09152	0
metal4	17	368	824.07	966	0	0	0	1.09257	0
metal4	18	368	880.07	966	0	0	0	1.09394	0
metal4	19	368	936.07	966	0	0	0	1.09561	0
metal4	20	368	992.07	966	0	0	0	1.09719	0
metal4	21	368	1048.07	966	0	0	0	1.09879	0
metal4	22	368	1086.21	966	0	0	0	1.0999	0
metal4	0	369	14.095	968.8	0	0	0	1.0999	0
metal4	1	369	40.07	968.8	0	0	0	1.09931	0
metal4	2	369	96.07	968.8	0	0	0	1.09796	0
metal4	3	369	108.455	968.8	0	0	0	1.09769	0
metal4	4	369	109.295	968.8	0	0	0	1.09767	0
metal4	5	369	152.07	968.8	0	0	0	1.09673	0
metal4	6	369	208.07	968.8	0	0	0	1.09552	0
metal4	7	369	264.07	968.8	0	0	0	1.09434	0
metal4	8	369	320.07	968.8	0	0	0	1.09317	0
metal4	9	369	376.07	968.8	0	0	0	1.09185	0
metal4	10	369	432.07	968.8	0	0	0	1.09098	0
metal4	11	369	488.07	968.8	0	0	0	1.09031	0
metal4	12	369	544.07	968.8	0	0	0	1.09006	0
metal4	13	369	600.07	968.8	0	0	0	1.09004	0
metal4	14	369	656.07	968.8	0	0	0	1.09028	0
metal4	15	369	712.07	968.8	0	0	0	1.09078	0
metal4	16	369	768.07	968.8	0	0	0	1.09155	0
metal4	17	369	824.07	968.8	0	0	0	1.09258	0
metal4	18	369	880.07	968.8	0	0	0	1.09396	0
metal4	19	369	936.07	968.8	0	0	0	1.09564	0
metal4	20	369	992.07	968.8	0	0	0	1.0972	0
metal4	21	369	1048.07	968.8	0	0	0	1.09877	0
metal4	22	369	1086.21	968.8	0	0	0	1.09988	0
metal4	0	370	14.095	971.6	0	0	0	1.09989	0
metal4	1	370	40.07	971.6	0	0	0	1.09932	0
metal4	2	370	96.07	971.6	0	0	0	1.09798	0
metal4	3	370	108.455	971.6	0	0	0	1.09772	0
metal4	4	370	109.295	971.6	0	0	0	1.0977	0
metal4	5	370	152.07	971.6	0	0	0	1.09677	0
metal4	6	370	208.07	971.6	0	0	0	1.09557	0
metal4	7	370	264.07	971.6	0	0	0	1.0944	0
metal4	8	370	320.07	971.6	0	0	0	1.09324	0
metal4	9	370	376.07	971.6	0	0	0	1.09191	0
metal4	10	370	432.07	971.6	0	0	0	1.09105	0
metal4	11	370	488.07	971.6	0	0	0	1.09038	0
metal4	12	370	544.07	971.6	0	0	0	1.09014	0
metal4	13	370	600.07	971.6	0	0	0	1.09012	0
metal4	14	370	656.07	971.6	0	0	0	1.09035	0
metal4	15	370	712.07	971.6	0	0	0	1.09084	0
metal4	16	370	768.07	971.6	0	0	0	1.0916	0
metal4	17	370	824.07	971.6	0	0	0	1.09262	0
metal4	18	370	880.07	971.6	0	0	0	1.09398	0
metal4	19	370	936.07	971.6	0	0	0	1.09567	0
metal4	20	370	992.07	971.6	0	0	0	1.0972	0
metal4	21	370	1048.07	971.6	0	0	0	1.09877	0
metal4	22	370	1086.21	971.6	0	0	0	1.09986	0
metal4	0	371	14.095	974.4	0	0	0	1.09988	0
metal4	1	371	40.07	974.4	0	0	0	1.09933	0
metal4	2	371	96.07	974.4	0	0	0	1.09801	0
metal4	3	371	108.455	974.4	0	0	0	1.09775	0
metal4	4	371	109.295	974.4	0	0	0	1.09773	0
metal4	5	371	152.07	974.4	0	0	0	1.0968	0
metal4	6	371	208.07	974.4	0	0	0	1.09562	0
metal4	7	371	264.07	974.4	0	0	0	1.09447	0
metal4	8	371	320.07	974.4	0	0	0	1.09332	0
metal4	9	371	376.07	974.4	0	0	0	1.092	0
metal4	10	371	432.07	974.4	0	0	0	1.09114	0
metal4	11	371	488.07	974.4	0	0	0	1.09047	0
metal4	12	371	544.07	974.4	0	0	0	1.09024	0
metal4	13	371	600.07	974.4	0	0	0	1.09021	0
metal4	14	371	656.07	974.4	0	0	0	1.09044	0
metal4	15	371	712.07	974.4	0	0	0	1.09093	0
metal4	16	371	768.07	974.4	0	0	0	1.09168	0
metal4	17	371	824.07	974.4	0	0	0	1.09268	0
metal4	18	371	880.07	974.4	0	0	0	1.09403	0
metal4	19	371	936.07	974.4	0	0	0	1.0957	0
metal4	20	371	992.07	974.4	0	0	0	1.09722	0
metal4	21	371	1048.07	974.4	0	0	0	1.09876	0
metal4	22	371	1086.21	974.4	0	0	0	1.09986	0
metal4	0	372	14.095	977.2	0	0	0	1.09989	0
metal4	1	372	40.07	977.2	0	0	0	1.09934	0
metal4	2	372	96.07	977.2	0	0	0	1.09803	0
metal4	3	372	108.455	977.2	0	0	0	1.09778	0
metal4	4	372	109.295	977.2	0	0	0	1.09776	0
metal4	5	372	152.07	977.2	0	0	0	1.09684	0
metal4	6	372	208.07	977.2	0	0	0	1.09568	0
metal4	7	372	264.07	977.2	0	0	0	1.09453	0
metal4	8	372	320.07	977.2	0	0	0	1.0934	0
metal4	9	372	376.07	977.2	0	0	0	1.0921	0
metal4	10	372	432.07	977.2	0	0	0	1.09126	0
metal4	11	372	488.07	977.2	0	0	0	1.09059	0
metal4	12	372	544.07	977.2	0	0	0	1.09036	0
metal4	13	372	600.07	977.2	0	0	0	1.09034	0
metal4	14	372	656.07	977.2	0	0	0	1.09056	0
metal4	15	372	712.07	977.2	0	0	0	1.09104	0
metal4	16	372	768.07	977.2	0	0	0	1.09177	0
metal4	17	372	824.07	977.2	0	0	0	1.09277	0
metal4	18	372	880.07	977.2	0	0	0	1.09409	0
metal4	19	372	936.07	977.2	0	0	0	1.09573	0
metal4	20	372	992.07	977.2	0	0	0	1.09723	0
metal4	21	372	1048.07	977.2	0	0	0	1.09876	0
metal4	22	372	1086.21	977.2	0	0	0	1.09986	0
metal4	0	373	14.095	980	0	0	0	1.0999	0
metal4	1	373	40.07	980	0	0	0	1.09935	0
metal4	2	373	96.07	980	0	0	0	1.09806	0
metal4	3	373	108.455	980	0	0	0	1.09781	0
metal4	4	373	109.295	980	0	0	0	1.09779	0
metal4	5	373	152.07	980	0	0	0	1.09689	0
metal4	6	373	208.07	980	0	0	0	1.09573	0
metal4	7	373	264.07	980	0	0	0	1.0946	0
metal4	8	373	320.07	980	0	0	0	1.09348	0
metal4	9	373	376.07	980	0	0	0	1.09222	0
metal4	10	373	432.07	980	0	0	0	1.09139	0
metal4	11	373	488.07	980	0	0	0	1.09075	0
metal4	12	373	544.07	980	0	0	0	1.09051	0
metal4	13	373	600.07	980	0	0	0	1.09048	0
metal4	14	373	656.07	980	0	0	0	1.0907	0
metal4	15	373	712.07	980	0	0	0	1.09118	0
metal4	16	373	768.07	980	0	0	0	1.0919	0
metal4	17	373	824.07	980	0	0	0	1.09287	0
metal4	18	373	880.07	980	0	0	0	1.09417	0
metal4	19	373	936.07	980	0	0	0	1.09577	0
metal4	20	373	992.07	980	0	0	0	1.09725	0
metal4	21	373	1048.07	980	0	0	0	1.09877	0
metal4	22	373	1086.21	980	0	0	0	1.09988	0
metal4	0	374	14.095	982.8	0	0	0	1.09992	0
metal4	1	374	40.07	982.8	0	0	0	1.09937	0
metal4	2	374	96.07	982.8	0	0	0	1.0981	0
metal4	3	374	108.455	982.8	0	0	0	1.09784	0
metal4	4	374	109.295	982.8	0	0	0	1.09782	0
metal4	5	374	152.07	982.8	0	0	0	1.09693	0
metal4	6	374	208.07	982.8	0	0	0	1.09579	0
metal4	7	374	264.07	982.8	0	0	0	1.09467	0
metal4	8	374	320.07	982.8	0	0	0	1.09357	0
metal4	9	374	376.07	982.8	0	0	0	1.09237	0
metal4	10	374	432.07	982.8	0	0	0	1.09155	0
metal4	11	374	488.07	982.8	0	0	0	1.09092	0
metal4	12	374	544.07	982.8	0	0	0	1.09068	0
metal4	13	374	600.07	982.8	0	0	0	1.09065	0
metal4	14	374	656.07	982.8	0	0	0	1.09087	0
metal4	15	374	712.07	982.8	0	0	0	1.09133	0
metal4	16	374	768.07	982.8	0	0	0	1.09205	0
metal4	17	374	824.07	982.8	0	0	0	1.09301	0
metal4	18	374	880.07	982.8	0	0	0	1.09427	0
metal4	19	374	936.07	982.8	0	0	0	1.09581	0
metal4	20	374	992.07	982.8	0	0	0	1.09726	0
metal4	21	374	1048.07	982.8	0	0	0	1.09878	0
metal4	22	374	1086.21	982.8	0	0	0	1.0999	0
metal4	0	375	14.095	985.6	0	0	0	1.09995	0
metal4	1	375	40.07	985.6	0	0	0	1.09939	0
metal4	2	375	96.07	985.6	0	0	0	1.09814	0
metal4	3	375	108.455	985.6	0	0	0	1.09788	0
metal4	4	375	109.295	985.6	0	0	0	1.09786	0
metal4	5	375	152.07	985.6	0	0	0	1.09698	0
metal4	6	375	208.07	985.6	0	0	0	1.09585	0
metal4	7	375	264.07	985.6	0	0	0	1.09475	0
metal4	8	375	320.07	985.6	0	0	0	1.09367	0
metal4	9	375	376.07	985.6	0	0	0	1.09253	0
metal4	10	375	432.07	985.6	0	0	0	1.09173	0
metal4	11	375	488.07	985.6	0	0	0	1.09113	0
metal4	12	375	544.07	985.6	0	0	0	1.09088	0
metal4	13	375	600.07	985.6	0	0	0	1.09085	0
metal4	14	375	656.07	985.6	0	0	0	1.09106	0
metal4	15	375	712.07	985.6	0	0	0	1.09152	0
metal4	16	375	768.07	985.6	0	0	0	1.09222	0
metal4	17	375	824.07	985.6	0	0	0	1.09316	0
metal4	18	375	880.07	985.6	0	0	0	1.09439	0
metal4	19	375	936.07	985.6	0	0	0	1.09585	0
metal4	20	375	992.07	985.6	0	0	0	1.09728	0
metal4	21	375	1048.07	985.6	0	0	0	1.09879	0
metal4	22	375	1086.21	985.6	0	0	0	1.09993	0
metal4	0	376	14.095	988.4	0	0	0	1.09998	0
metal4	1	376	40.07	988.4	0	0	0	1.09941	0
metal4	2	376	96.07	988.4	0	0	0	1.09818	0
metal4	3	376	108.455	988.4	0	0	0	1.09792	0
metal4	4	376	109.295	988.4	0	0	0	1.0979	0
metal4	5	376	152.07	988.4	0	0	0	1.09703	0
metal4	6	376	208.07	988.4	0	0	0	1.09591	0
metal4	7	376	264.07	988.4	0	0	0	1.09482	0
metal4	8	376	320.07	988.4	0	0	0	1.09376	0
metal4	9	376	376.07	988.4	0	0	0	1.09272	0
metal4	10	376	432.07	988.4	0	0	0	1.09194	0
metal4	11	376	488.07	988.4	0	0	0	1.09137	0
metal4	12	376	544.07	988.4	0	0	0	1.0911	0
metal4	13	376	600.07	988.4	0	0	0	1.09106	0
metal4	14	376	656.07	988.4	0	0	0	1.09127	0
metal4	15	376	712.07	988.4	0	0	0	1.09172	0
metal4	16	376	768.07	988.4	0	0	0	1.09241	0
metal4	17	376	824.07	988.4	0	0	0	1.09334	0
metal4	18	376	880.07	988.4	0	0	0	1.09452	0
metal4	19	376	936.07	988.4	0	0	0	1.0959	0
metal4	20	376	992.07	988.4	0	0	0	1.0973	0
metal4	21	376	1048.07	988.4	0	0	0	1.0988	0
metal4	22	376	1086.21	988.4	0	0	0	1.09998	0
metal4	0	377	14.095	989.6	0	0	0	1.1	0
metal4	1	377	40.07	989.6	0	0	0	1.09942	0
metal4	2	377	96.07	989.6	0	0	0	1.0982	0
metal4	3	377	108.455	989.6	0	0	0	1.09793	0
metal4	4	377	109.295	989.6	0	0	0	1.09792	0
metal4	5	377	152.07	989.6	0	0	0	1.09705	0
metal4	6	377	208.07	989.6	0	0	0	1.09593	0
metal4	7	377	264.07	989.6	0	0	0	1.09485	0
metal4	8	377	320.07	989.6	0	0	0	1.09381	0
metal4	9	377	376.07	989.6	0	0	0	1.09281	0
metal4	10	377	432.07	989.6	0	0	0	1.09203	0
metal4	11	377	488.07	989.6	0	0	0	1.09148	0
metal4	12	377	544.07	989.6	0	0	0	1.0912	0
metal4	13	377	600.07	989.6	0	0	0	1.09117	0
metal4	14	377	656.07	989.6	0	0	0	1.09138	0
metal4	15	377	712.07	989.6	0	0	0	1.09182	0
metal4	16	377	768.07	989.6	0	0	0	1.09251	0
metal4	17	377	824.07	989.6	0	0	0	1.09343	0
metal4	18	377	880.07	989.6	0	0	0	1.09458	0
metal4	19	377	936.07	989.6	0	0	0	1.09592	0
metal4	20	377	992.07	989.6	0	0	0	1.09731	0
metal4	21	377	1048.07	989.6	0	0	0	1.09881	0
metal4	22	377	1086.21	989.6	0	0	0	1.1	0
metal4	0	378	14.095	991.2	0	0	0	1.09999	0
metal4	1	378	40.07	991.2	0	0	0	1.09942	0
metal4	2	378	96.07	991.2	0	0	0	1.0982	0
metal4	3	378	108.455	991.2	0	0	0	1.09794	0
metal4	4	378	109.295	991.2	0	0	0	1.09793	0
metal4	5	378	152.07	991.2	0	0	0	1.09706	0
metal4	6	378	208.07	991.2	0	0	0	1.09596	0
metal4	7	378	264.07	991.2	0	0	0	1.09488	0
metal4	8	378	320.07	991.2	0	0	0	1.09384	0
metal4	9	378	376.07	991.2	0	0	0	1.09283	0
metal4	10	378	432.07	991.2	0	0	0	1.09206	0
metal4	11	378	488.07	991.2	0	0	0	1.0915	0
metal4	12	378	544.07	991.2	0	0	0	1.09123	0
metal4	13	378	600.07	991.2	0	0	0	1.0912	0
metal4	14	378	656.07	991.2	0	0	0	1.0914	0
metal4	15	378	712.07	991.2	0	0	0	1.09185	0
metal4	16	378	768.07	991.2	0	0	0	1.09253	0
metal4	17	378	824.07	991.2	0	0	0	1.09344	0
metal4	18	378	880.07	991.2	0	0	0	1.09459	0
metal4	19	378	936.07	991.2	0	0	0	1.09592	0
metal4	20	378	992.07	991.2	0	0	0	1.09728	0
metal4	21	378	1048.07	991.2	0	0	0	1.0987	0
metal4	22	378	1086.21	991.2	0	0	0	1.09979	0
metal4	0	379	14.095	994	0	0	0	1.09998	0
metal4	1	379	40.07	994	0	0	0	1.09943	0
metal4	2	379	96.07	994	0	0	0	1.09822	0
metal4	3	379	108.455	994	0	0	0	1.09797	0
metal4	4	379	109.295	994	0	0	0	1.09795	0
metal4	5	379	152.07	994	0	0	0	1.09709	0
metal4	6	379	208.07	994	0	0	0	1.096	0
metal4	7	379	264.07	994	0	0	0	1.09494	0
metal4	8	379	320.07	994	0	0	0	1.0939	0
metal4	9	379	376.07	994	0	0	0	1.09289	0
metal4	10	379	432.07	994	0	0	0	1.09212	0
metal4	11	379	488.07	994	0	0	0	1.09157	0
metal4	12	379	544.07	994	0	0	0	1.0913	0
metal4	13	379	600.07	994	0	0	0	1.09127	0
metal4	14	379	656.07	994	0	0	0	1.09147	0
metal4	15	379	712.07	994	0	0	0	1.09191	0
metal4	16	379	768.07	994	0	0	0	1.09258	0
metal4	17	379	824.07	994	0	0	0	1.09348	0
metal4	18	379	880.07	994	0	0	0	1.09461	0
metal4	19	379	936.07	994	0	0	0	1.09592	0
metal4	20	379	992.07	994	0	0	0	1.09722	0
metal4	21	379	1048.07	994	0	0	0	1.09852	0
metal4	22	379	1086.21	994	0	0	0	1.09942	0
metal4	0	380	14.095	996.8	0	0	0	1.09999	0
metal4	1	380	40.07	996.8	0	0	0	1.09944	0
metal4	2	380	96.07	996.8	0	0	0	1.09824	0
metal4	3	380	108.455	996.8	0	0	0	1.09799	0
metal4	4	380	109.295	996.8	0	0	0	1.09797	0
metal4	5	380	152.07	996.8	0	0	0	1.09712	0
metal4	6	380	208.07	996.8	0	0	0	1.09604	0
metal4	7	380	264.07	996.8	0	0	0	1.09499	0
metal4	8	380	320.07	996.8	0	0	0	1.09397	0
metal4	9	380	376.07	996.8	0	0	0	1.09297	0
metal4	10	380	432.07	996.8	0	0	0	1.09221	0
metal4	11	380	488.07	996.8	0	0	0	1.09166	0
metal4	12	380	544.07	996.8	0	0	0	1.0914	0
metal4	13	380	600.07	996.8	0	0	0	1.09136	0
metal4	14	380	656.07	996.8	0	0	0	1.09156	0
metal4	15	380	712.07	996.8	0	0	0	1.09199	0
metal4	16	380	768.07	996.8	0	0	0	1.09266	0
metal4	17	380	824.07	996.8	0	0	0	1.09354	0
metal4	18	380	880.07	996.8	0	0	0	1.09465	0
metal4	19	380	936.07	996.8	0	0	0	1.09592	0
metal4	20	380	992.07	996.8	0	0	0	1.09716	0
metal4	21	380	1048.07	996.8	0	0	0	1.09834	0
metal4	22	380	1086.21	996.8	0	0	0	1.09906	0
metal4	0	381	14.095	999.6	0	0	0	1.09999	0
metal4	1	381	40.07	999.6	0	0	0	1.09944	0
metal4	2	381	96.07	999.6	0	0	0	1.09827	0
metal4	3	381	108.455	999.6	0	0	0	1.09801	0
metal4	4	381	109.295	999.6	0	0	0	1.098	0
metal4	5	381	152.07	999.6	0	0	0	1.09716	0
metal4	6	381	208.07	999.6	0	0	0	1.09609	0
metal4	7	381	264.07	999.6	0	0	0	1.09504	0
metal4	8	381	320.07	999.6	0	0	0	1.09404	0
metal4	9	381	376.07	999.6	0	0	0	1.09307	0
metal4	10	381	432.07	999.6	0	0	0	1.09232	0
metal4	11	381	488.07	999.6	0	0	0	1.09178	0
metal4	12	381	544.07	999.6	0	0	0	1.09152	0
metal4	13	381	600.07	999.6	0	0	0	1.09148	0
metal4	14	381	656.07	999.6	0	0	0	1.09168	0
metal4	15	381	712.07	999.6	0	0	0	1.0921	0
metal4	16	381	768.07	999.6	0	0	0	1.09276	0
metal4	17	381	824.07	999.6	0	0	0	1.09363	0
metal4	18	381	880.07	999.6	0	0	0	1.09471	0
metal4	19	381	936.07	999.6	0	0	0	1.09593	0
metal4	20	381	992.07	999.6	0	0	0	1.09711	0
metal4	21	381	1048.07	999.6	0	0	0	1.09817	0
metal4	22	381	1086.21	999.6	0	0	0	1.09871	0
metal4	0	382	14.095	1000.87	0	0	0	1.1	0
metal4	1	382	40.07	1000.87	0	0	0	1.09945	0
metal4	2	382	96.07	1000.87	0	0	0	1.09828	0
metal4	3	382	108.455	1000.87	0	0	0	1.09803	0
metal4	4	382	109.295	1000.87	0	0	0	1.09801	0
metal4	5	382	152.07	1000.87	0	0	0	1.09717	0
metal4	6	382	208.07	1000.87	0	0	0	1.09611	0
metal4	7	382	264.07	1000.87	0	0	0	1.09507	0
metal4	8	382	320.07	1000.87	0	0	0	1.09407	0
metal4	9	382	376.07	1000.87	0	0	0	1.09313	0
metal4	10	382	432.07	1000.87	0	0	0	1.09238	0
metal4	11	382	488.07	1000.87	0	0	0	1.09185	0
metal4	12	382	544.07	1000.87	0	0	0	1.09158	0
metal4	13	382	600.07	1000.87	0	0	0	1.09154	0
metal4	14	382	656.07	1000.87	0	0	0	1.09174	0
metal4	15	382	712.07	1000.87	0	0	0	1.09216	0
metal4	16	382	768.07	1000.87	0	0	0	1.09281	0
metal4	17	382	824.07	1000.87	0	0	0	1.09368	0
metal4	18	382	880.07	1000.87	0	0	0	1.09474	0
metal4	19	382	936.07	1000.87	0	0	0	1.09593	0
metal4	20	382	992.07	1000.87	0	0	0	1.09708	0
metal4	21	382	1048.07	1000.87	0	0	0	1.09809	0
metal4	22	382	1086.21	1000.87	0	0	0	1.09855	0
metal4	0	383	14.095	1002.4	0	0	0	1.09999	0
metal4	1	383	40.07	1002.4	0	0	0	1.09945	0
metal4	2	383	96.07	1002.4	0	0	0	1.09828	0
metal4	3	383	108.455	1002.4	0	0	0	1.09803	0
metal4	4	383	109.295	1002.4	0	0	0	1.09801	0
metal4	5	383	152.07	1002.4	0	0	0	1.09718	0
metal4	6	383	208.07	1002.4	0	0	0	1.09612	0
metal4	7	383	264.07	1002.4	0	0	0	1.09509	0
metal4	8	383	320.07	1002.4	0	0	0	1.09408	0
metal4	9	383	376.07	1002.4	0	0	0	1.09311	0
metal4	10	383	432.07	1002.4	0	0	0	1.09236	0
metal4	11	383	488.07	1002.4	0	0	0	1.09182	0
metal4	12	383	544.07	1002.4	0	0	0	1.09156	0
metal4	13	383	600.07	1002.4	0	0	0	1.09152	0
metal4	14	383	656.07	1002.4	0	0	0	1.09171	0
metal4	15	383	712.07	1002.4	0	0	0	1.09214	0
metal4	16	383	768.07	1002.4	0	0	0	1.09279	0
metal4	17	383	824.07	1002.4	0	0	0	1.09365	0
metal4	18	383	880.07	1002.4	0	0	0	1.09473	0
metal4	19	383	936.07	1002.4	0	0	0	1.09595	0
metal4	20	383	992.07	1002.4	0	0	0	1.09712	0
metal4	21	383	1048.07	1002.4	0	0	0	1.09815	0
metal4	22	383	1086.21	1002.4	0	0	0	1.09866	0
metal4	0	384	14.095	1005.2	0	0	0	1.09997	0
metal4	1	384	40.07	1005.2	0	0	0	1.09945	0
metal4	2	384	96.07	1005.2	0	0	0	1.09828	0
metal4	3	384	108.455	1005.2	0	0	0	1.09804	0
metal4	4	384	109.295	1005.2	0	0	0	1.09803	0
metal4	5	384	152.07	1005.2	0	0	0	1.0972	0
metal4	6	384	208.07	1005.2	0	0	0	1.09614	0
metal4	7	384	264.07	1005.2	0	0	0	1.09511	0
metal4	8	384	320.07	1005.2	0	0	0	1.09411	0
metal4	9	384	376.07	1005.2	0	0	0	1.09309	0
metal4	10	384	432.07	1005.2	0	0	0	1.09234	0
metal4	11	384	488.07	1005.2	0	0	0	1.09179	0
metal4	12	384	544.07	1005.2	0	0	0	1.09153	0
metal4	13	384	600.07	1005.2	0	0	0	1.0915	0
metal4	14	384	656.07	1005.2	0	0	0	1.09169	0
metal4	15	384	712.07	1005.2	0	0	0	1.09211	0
metal4	16	384	768.07	1005.2	0	0	0	1.09276	0
metal4	17	384	824.07	1005.2	0	0	0	1.09363	0
metal4	18	384	880.07	1005.2	0	0	0	1.09472	0
metal4	19	384	936.07	1005.2	0	0	0	1.096	0
metal4	20	384	992.07	1005.2	0	0	0	1.09718	0
metal4	21	384	1048.07	1005.2	0	0	0	1.09827	0
metal4	22	384	1086.21	1005.2	0	0	0	1.09886	0
metal4	0	385	14.095	1008	0	0	0	1.09996	0
metal4	1	385	40.07	1008	0	0	0	1.09945	0
metal4	2	385	96.07	1008	0	0	0	1.09829	0
metal4	3	385	108.455	1008	0	0	0	1.09805	0
metal4	4	385	109.295	1008	0	0	0	1.09804	0
metal4	5	385	152.07	1008	0	0	0	1.09722	0
metal4	6	385	208.07	1008	0	0	0	1.09617	0
metal4	7	385	264.07	1008	0	0	0	1.09515	0
metal4	8	385	320.07	1008	0	0	0	1.09414	0
metal4	9	385	376.07	1008	0	0	0	1.0931	0
metal4	10	385	432.07	1008	0	0	0	1.09235	0
metal4	11	385	488.07	1008	0	0	0	1.09178	0
metal4	12	385	544.07	1008	0	0	0	1.09154	0
metal4	13	385	600.07	1008	0	0	0	1.0915	0
metal4	14	385	656.07	1008	0	0	0	1.09169	0
metal4	15	385	712.07	1008	0	0	0	1.09211	0
metal4	16	385	768.07	1008	0	0	0	1.09276	0
metal4	17	385	824.07	1008	0	0	0	1.09362	0
metal4	18	385	880.07	1008	0	0	0	1.09473	0
metal4	19	385	936.07	1008	0	0	0	1.09604	0
metal4	20	385	992.07	1008	0	0	0	1.09725	0
metal4	21	385	1048.07	1008	0	0	0	1.09839	0
metal4	22	385	1086.21	1008	0	0	0	1.09906	0
metal4	0	386	14.095	1010.8	0	0	0	1.09996	0
metal4	1	386	40.07	1010.8	0	0	0	1.09945	0
metal4	2	386	96.07	1010.8	0	0	0	1.0983	0
metal4	3	386	108.455	1010.8	0	0	0	1.09807	0
metal4	4	386	109.295	1010.8	0	0	0	1.09805	0
metal4	5	386	152.07	1010.8	0	0	0	1.09724	0
metal4	6	386	208.07	1010.8	0	0	0	1.0962	0
metal4	7	386	264.07	1010.8	0	0	0	1.09518	0
metal4	8	386	320.07	1010.8	0	0	0	1.09418	0
metal4	9	386	376.07	1010.8	0	0	0	1.09312	0
metal4	10	386	432.07	1010.8	0	0	0	1.09237	0
metal4	11	386	488.07	1010.8	0	0	0	1.09181	0
metal4	12	386	544.07	1010.8	0	0	0	1.09156	0
metal4	13	386	600.07	1010.8	0	0	0	1.09153	0
metal4	14	386	656.07	1010.8	0	0	0	1.09172	0
metal4	15	386	712.07	1010.8	0	0	0	1.09214	0
metal4	16	386	768.07	1010.8	0	0	0	1.09278	0
metal4	17	386	824.07	1010.8	0	0	0	1.09365	0
metal4	18	386	880.07	1010.8	0	0	0	1.09476	0
metal4	19	386	936.07	1010.8	0	0	0	1.09609	0
metal4	20	386	992.07	1010.8	0	0	0	1.09732	0
metal4	21	386	1048.07	1010.8	0	0	0	1.09852	0
metal4	22	386	1086.21	1010.8	0	0	0	1.09928	0
metal4	0	387	14.095	1013.6	0	0	0	1.09996	0
metal4	1	387	40.07	1013.6	0	0	0	1.09946	0
metal4	2	387	96.07	1013.6	0	0	0	1.09832	0
metal4	3	387	108.455	1013.6	0	0	0	1.09808	0
metal4	4	387	109.295	1013.6	0	0	0	1.09807	0
metal4	5	387	152.07	1013.6	0	0	0	1.09726	0
metal4	6	387	208.07	1013.6	0	0	0	1.09623	0
metal4	7	387	264.07	1013.6	0	0	0	1.09522	0
metal4	8	387	320.07	1013.6	0	0	0	1.09422	0
metal4	9	387	376.07	1013.6	0	0	0	1.09317	0
metal4	10	387	432.07	1013.6	0	0	0	1.09242	0
metal4	11	387	488.07	1013.6	0	0	0	1.09186	0
metal4	12	387	544.07	1013.6	0	0	0	1.09162	0
metal4	13	387	600.07	1013.6	0	0	0	1.09158	0
metal4	14	387	656.07	1013.6	0	0	0	1.09177	0
metal4	15	387	712.07	1013.6	0	0	0	1.09219	0
metal4	16	387	768.07	1013.6	0	0	0	1.09283	0
metal4	17	387	824.07	1013.6	0	0	0	1.09369	0
metal4	18	387	880.07	1013.6	0	0	0	1.09481	0
metal4	19	387	936.07	1013.6	0	0	0	1.09614	0
metal4	20	387	992.07	1013.6	0	0	0	1.0974	0
metal4	21	387	1048.07	1013.6	0	0	0	1.09865	0
metal4	22	387	1086.21	1013.6	0	0	0	1.0995	0
metal4	0	388	14.095	1016.4	0	0	0	1.09998	0
metal4	1	388	40.07	1016.4	0	0	0	1.09946	0
metal4	2	388	96.07	1016.4	0	0	0	1.09834	0
metal4	3	388	108.455	1016.4	0	0	0	1.0981	0
metal4	4	388	109.295	1016.4	0	0	0	1.09809	0
metal4	5	388	152.07	1016.4	0	0	0	1.09729	0
metal4	6	388	208.07	1016.4	0	0	0	1.09626	0
metal4	7	388	264.07	1016.4	0	0	0	1.09525	0
metal4	8	388	320.07	1016.4	0	0	0	1.09426	0
metal4	9	388	376.07	1016.4	0	0	0	1.09324	0
metal4	10	388	432.07	1016.4	0	0	0	1.0925	0
metal4	11	388	488.07	1016.4	0	0	0	1.09194	0
metal4	12	388	544.07	1016.4	0	0	0	1.09169	0
metal4	13	388	600.07	1016.4	0	0	0	1.09165	0
metal4	14	388	656.07	1016.4	0	0	0	1.09184	0
metal4	15	388	712.07	1016.4	0	0	0	1.09226	0
metal4	16	388	768.07	1016.4	0	0	0	1.0929	0
metal4	17	388	824.07	1016.4	0	0	0	1.09376	0
metal4	18	388	880.07	1016.4	0	0	0	1.09488	0
metal4	19	388	936.07	1016.4	0	0	0	1.09619	0
metal4	20	388	992.07	1016.4	0	0	0	1.09747	0
metal4	21	388	1048.07	1016.4	0	0	0	1.09878	0
metal4	22	388	1086.21	1016.4	0	0	0	1.09973	0
metal4	0	389	14.095	1019.2	0	0	0	1.1	0
metal4	1	389	40.07	1019.2	0	0	0	1.09947	0
metal4	2	389	96.07	1019.2	0	0	0	1.09836	0
metal4	3	389	108.455	1019.2	0	0	0	1.09812	0
metal4	4	389	109.295	1019.2	0	0	0	1.09811	0
metal4	5	389	152.07	1019.2	0	0	0	1.09731	0
metal4	6	389	208.07	1019.2	0	0	0	1.09629	0
metal4	7	389	264.07	1019.2	0	0	0	1.09529	0
metal4	8	389	320.07	1019.2	0	0	0	1.09431	0
metal4	9	389	376.07	1019.2	0	0	0	1.09334	0
metal4	10	389	432.07	1019.2	0	0	0	1.09259	0
metal4	11	389	488.07	1019.2	0	0	0	1.09205	0
metal4	12	389	544.07	1019.2	0	0	0	1.09179	0
metal4	13	389	600.07	1019.2	0	0	0	1.09175	0
metal4	14	389	656.07	1019.2	0	0	0	1.09194	0
metal4	15	389	712.07	1019.2	0	0	0	1.09236	0
metal4	16	389	768.07	1019.2	0	0	0	1.09299	0
metal4	17	389	824.07	1019.2	0	0	0	1.09386	0
metal4	18	389	880.07	1019.2	0	0	0	1.09496	0
metal4	19	389	936.07	1019.2	0	0	0	1.09624	0
metal4	20	389	992.07	1019.2	0	0	0	1.09755	0
metal4	21	389	1048.07	1019.2	0	0	0	1.09892	0
metal4	22	389	1086.21	1019.2	0	0	0	1.09996	0
metal4	0	390	14.095	1019.6	0	0	0	1.1	0
metal4	1	390	40.07	1019.6	0	0	0	1.09947	0
metal4	2	390	96.07	1019.6	0	0	0	1.09836	0
metal4	3	390	108.455	1019.6	0	0	0	1.09813	0
metal4	4	390	109.295	1019.6	0	0	0	1.09811	0
metal4	5	390	152.07	1019.6	0	0	0	1.09732	0
metal4	6	390	208.07	1019.6	0	0	0	1.0963	0
metal4	7	390	264.07	1019.6	0	0	0	1.0953	0
metal4	8	390	320.07	1019.6	0	0	0	1.09431	0
metal4	9	390	376.07	1019.6	0	0	0	1.09335	0
metal4	10	390	432.07	1019.6	0	0	0	1.09261	0
metal4	11	390	488.07	1019.6	0	0	0	1.09207	0
metal4	12	390	544.07	1019.6	0	0	0	1.09181	0
metal4	13	390	600.07	1019.6	0	0	0	1.09177	0
metal4	14	390	656.07	1019.6	0	0	0	1.09196	0
metal4	15	390	712.07	1019.6	0	0	0	1.09237	0
metal4	16	390	768.07	1019.6	0	0	0	1.09301	0
metal4	17	390	824.07	1019.6	0	0	0	1.09388	0
metal4	18	390	880.07	1019.6	0	0	0	1.09497	0
metal4	19	390	936.07	1019.6	0	0	0	1.09625	0
metal4	20	390	992.07	1019.6	0	0	0	1.09756	0
metal4	21	390	1048.07	1019.6	0	0	0	1.09894	0
metal4	22	390	1086.21	1019.6	0	0	0	1.1	0
metal4	0	391	14.095	1022	0	0	0	1.09997	0
metal4	1	391	40.07	1022	0	0	0	1.09947	0
metal4	2	391	96.07	1022	0	0	0	1.09836	0
metal4	3	391	108.455	1022	0	0	0	1.09813	0
metal4	4	391	109.295	1022	0	0	0	1.09812	0
metal4	5	391	152.07	1022	0	0	0	1.09733	0
metal4	6	391	208.07	1022	0	0	0	1.09632	0
metal4	7	391	264.07	1022	0	0	0	1.09532	0
metal4	8	391	320.07	1022	0	0	0	1.09433	0
metal4	9	391	376.07	1022	0	0	0	1.09331	0
metal4	10	391	432.07	1022	0	0	0	1.09256	0
metal4	11	391	488.07	1022	0	0	0	1.092	0
metal4	12	391	544.07	1022	0	0	0	1.09176	0
metal4	13	391	600.07	1022	0	0	0	1.09172	0
metal4	14	391	656.07	1022	0	0	0	1.09191	0
metal4	15	391	712.07	1022	0	0	0	1.09232	0
metal4	16	391	768.07	1022	0	0	0	1.09295	0
metal4	17	391	824.07	1022	0	0	0	1.09382	0
metal4	18	391	880.07	1022	0	0	0	1.09494	0
metal4	19	391	936.07	1022	0	0	0	1.09627	0
metal4	20	391	992.07	1022	0	0	0	1.09758	0
metal4	21	391	1048.07	1022	0	0	0	1.09894	0
metal4	22	391	1086.21	1022	0	0	0	1.09996	0
metal4	0	392	14.095	1024.8	0	0	0	1.09994	0
metal4	1	392	40.07	1024.8	0	0	0	1.09946	0
metal4	2	392	96.07	1024.8	0	0	0	1.09836	0
metal4	3	392	108.455	1024.8	0	0	0	1.09814	0
metal4	4	392	109.295	1024.8	0	0	0	1.09812	0
metal4	5	392	152.07	1024.8	0	0	0	1.09734	0
metal4	6	392	208.07	1024.8	0	0	0	1.09634	0
metal4	7	392	264.07	1024.8	0	0	0	1.09535	0
metal4	8	392	320.07	1024.8	0	0	0	1.09436	0
metal4	9	392	376.07	1024.8	0	0	0	1.09327	0
metal4	10	392	432.07	1024.8	0	0	0	1.09252	0
metal4	11	392	488.07	1024.8	0	0	0	1.09195	0
metal4	12	392	544.07	1024.8	0	0	0	1.09172	0
metal4	13	392	600.07	1024.8	0	0	0	1.09168	0
metal4	14	392	656.07	1024.8	0	0	0	1.09187	0
metal4	15	392	712.07	1024.8	0	0	0	1.09228	0
metal4	16	392	768.07	1024.8	0	0	0	1.09291	0
metal4	17	392	824.07	1024.8	0	0	0	1.09377	0
metal4	18	392	880.07	1024.8	0	0	0	1.09491	0
metal4	19	392	936.07	1024.8	0	0	0	1.0963	0
metal4	20	392	992.07	1024.8	0	0	0	1.0976	0
metal4	21	392	1048.07	1024.8	0	0	0	1.09894	0
metal4	22	392	1086.21	1024.8	0	0	0	1.09993	0
metal4	0	393	14.095	1027.6	0	0	0	1.09992	0
metal4	1	393	40.07	1027.6	0	0	0	1.09946	0
metal4	2	393	96.07	1027.6	0	0	0	1.09836	0
metal4	3	393	108.455	1027.6	0	0	0	1.09814	0
metal4	4	393	109.295	1027.6	0	0	0	1.09813	0
metal4	5	393	152.07	1027.6	0	0	0	1.09736	0
metal4	6	393	208.07	1027.6	0	0	0	1.09637	0
metal4	7	393	264.07	1027.6	0	0	0	1.09539	0
metal4	8	393	320.07	1027.6	0	0	0	1.09439	0
metal4	9	393	376.07	1027.6	0	0	0	1.09326	0
metal4	10	393	432.07	1027.6	0	0	0	1.09251	0
metal4	11	393	488.07	1027.6	0	0	0	1.09192	0
metal4	12	393	544.07	1027.6	0	0	0	1.0917	0
metal4	13	393	600.07	1027.6	0	0	0	1.09167	0
metal4	14	393	656.07	1027.6	0	0	0	1.09186	0
metal4	15	393	712.07	1027.6	0	0	0	1.09226	0
metal4	16	393	768.07	1027.6	0	0	0	1.09289	0
metal4	17	393	824.07	1027.6	0	0	0	1.09375	0
metal4	18	393	880.07	1027.6	0	0	0	1.0949	0
metal4	19	393	936.07	1027.6	0	0	0	1.09632	0
metal4	20	393	992.07	1027.6	0	0	0	1.09762	0
metal4	21	393	1048.07	1027.6	0	0	0	1.09894	0
metal4	22	393	1086.21	1027.6	0	0	0	1.0999	0
metal4	0	394	14.095	1030.4	0	0	0	1.09991	0
metal4	1	394	40.07	1030.4	0	0	0	1.09945	0
metal4	2	394	96.07	1030.4	0	0	0	1.09837	0
metal4	3	394	108.455	1030.4	0	0	0	1.09816	0
metal4	4	394	109.295	1030.4	0	0	0	1.09814	0
metal4	5	394	152.07	1030.4	0	0	0	1.09737	0
metal4	6	394	208.07	1030.4	0	0	0	1.09639	0
metal4	7	394	264.07	1030.4	0	0	0	1.09542	0
metal4	8	394	320.07	1030.4	0	0	0	1.09443	0
metal4	9	394	376.07	1030.4	0	0	0	1.09326	0
metal4	10	394	432.07	1030.4	0	0	0	1.09252	0
metal4	11	394	488.07	1030.4	0	0	0	1.09192	0
metal4	12	394	544.07	1030.4	0	0	0	1.09171	0
metal4	13	394	600.07	1030.4	0	0	0	1.09168	0
metal4	14	394	656.07	1030.4	0	0	0	1.09187	0
metal4	15	394	712.07	1030.4	0	0	0	1.09227	0
metal4	16	394	768.07	1030.4	0	0	0	1.0929	0
metal4	17	394	824.07	1030.4	0	0	0	1.09375	0
metal4	18	394	880.07	1030.4	0	0	0	1.09491	0
metal4	19	394	936.07	1030.4	0	0	0	1.09636	0
metal4	20	394	992.07	1030.4	0	0	0	1.09765	0
metal4	21	394	1048.07	1030.4	0	0	0	1.09895	0
metal4	22	394	1086.21	1030.4	0	0	0	1.09989	0
metal4	0	395	14.095	1033.2	0	0	0	1.0999	0
metal4	1	395	40.07	1033.2	0	0	0	1.09945	0
metal4	2	395	96.07	1033.2	0	0	0	1.09838	0
metal4	3	395	108.455	1033.2	0	0	0	1.09817	0
metal4	4	395	109.295	1033.2	0	0	0	1.09815	0
metal4	5	395	152.07	1033.2	0	0	0	1.09739	0
metal4	6	395	208.07	1033.2	0	0	0	1.09642	0
metal4	7	395	264.07	1033.2	0	0	0	1.09546	0
metal4	8	395	320.07	1033.2	0	0	0	1.09447	0
metal4	9	395	376.07	1033.2	0	0	0	1.09329	0
metal4	10	395	432.07	1033.2	0	0	0	1.09255	0
metal4	11	395	488.07	1033.2	0	0	0	1.09195	0
metal4	12	395	544.07	1033.2	0	0	0	1.09175	0
metal4	13	395	600.07	1033.2	0	0	0	1.09172	0
metal4	14	395	656.07	1033.2	0	0	0	1.0919	0
metal4	15	395	712.07	1033.2	0	0	0	1.09231	0
metal4	16	395	768.07	1033.2	0	0	0	1.09293	0
metal4	17	395	824.07	1033.2	0	0	0	1.09377	0
metal4	18	395	880.07	1033.2	0	0	0	1.09494	0
metal4	19	395	936.07	1033.2	0	0	0	1.09639	0
metal4	20	395	992.07	1033.2	0	0	0	1.09768	0
metal4	21	395	1048.07	1033.2	0	0	0	1.09896	0
metal4	22	395	1086.21	1033.2	0	0	0	1.09988	0
metal4	0	396	14.095	1036	0	0	0	1.0999	0
metal4	1	396	40.07	1036	0	0	0	1.09946	0
metal4	2	396	96.07	1036	0	0	0	1.09839	0
metal4	3	396	108.455	1036	0	0	0	1.09818	0
metal4	4	396	109.295	1036	0	0	0	1.09817	0
metal4	5	396	152.07	1036	0	0	0	1.09741	0
metal4	6	396	208.07	1036	0	0	0	1.09645	0
metal4	7	396	264.07	1036	0	0	0	1.0955	0
metal4	8	396	320.07	1036	0	0	0	1.09452	0
metal4	9	396	376.07	1036	0	0	0	1.09334	0
metal4	10	396	432.07	1036	0	0	0	1.0926	0
metal4	11	396	488.07	1036	0	0	0	1.09201	0
metal4	12	396	544.07	1036	0	0	0	1.09181	0
metal4	13	396	600.07	1036	0	0	0	1.09178	0
metal4	14	396	656.07	1036	0	0	0	1.09196	0
metal4	15	396	712.07	1036	0	0	0	1.09236	0
metal4	16	396	768.07	1036	0	0	0	1.09298	0
metal4	17	396	824.07	1036	0	0	0	1.09382	0
metal4	18	396	880.07	1036	0	0	0	1.09498	0
metal4	19	396	936.07	1036	0	0	0	1.09643	0
metal4	20	396	992.07	1036	0	0	0	1.09771	0
metal4	21	396	1048.07	1036	0	0	0	1.09898	0
metal4	22	396	1086.21	1036	0	0	0	1.09988	0
metal4	0	397	14.095	1038.8	0	0	0	1.09991	0
metal4	1	397	40.07	1038.8	0	0	0	1.09946	0
metal4	2	397	96.07	1038.8	0	0	0	1.0984	0
metal4	3	397	108.455	1038.8	0	0	0	1.0982	0
metal4	4	397	109.295	1038.8	0	0	0	1.09818	0
metal4	5	397	152.07	1038.8	0	0	0	1.09743	0
metal4	6	397	208.07	1038.8	0	0	0	1.09648	0
metal4	7	397	264.07	1038.8	0	0	0	1.09554	0
metal4	8	397	320.07	1038.8	0	0	0	1.09457	0
metal4	9	397	376.07	1038.8	0	0	0	1.09341	0
metal4	10	397	432.07	1038.8	0	0	0	1.09268	0
metal4	11	397	488.07	1038.8	0	0	0	1.09209	0
metal4	12	397	544.07	1038.8	0	0	0	1.09189	0
metal4	13	397	600.07	1038.8	0	0	0	1.09187	0
metal4	14	397	656.07	1038.8	0	0	0	1.09205	0
metal4	15	397	712.07	1038.8	0	0	0	1.09244	0
metal4	16	397	768.07	1038.8	0	0	0	1.09306	0
metal4	17	397	824.07	1038.8	0	0	0	1.09389	0
metal4	18	397	880.07	1038.8	0	0	0	1.09504	0
metal4	19	397	936.07	1038.8	0	0	0	1.09647	0
metal4	20	397	992.07	1038.8	0	0	0	1.09774	0
metal4	21	397	1048.07	1038.8	0	0	0	1.099	0
metal4	22	397	1086.21	1038.8	0	0	0	1.09989	0
metal4	0	398	14.095	1041.6	0	0	0	1.09992	0
metal4	1	398	40.07	1041.6	0	0	0	1.09947	0
metal4	2	398	96.07	1041.6	0	0	0	1.09842	0
metal4	3	398	108.455	1041.6	0	0	0	1.09822	0
metal4	4	398	109.295	1041.6	0	0	0	1.0982	0
metal4	5	398	152.07	1041.6	0	0	0	1.09746	0
metal4	6	398	208.07	1041.6	0	0	0	1.09652	0
metal4	7	398	264.07	1041.6	0	0	0	1.09558	0
metal4	8	398	320.07	1041.6	0	0	0	1.09462	0
metal4	9	398	376.07	1041.6	0	0	0	1.0935	0
metal4	10	398	432.07	1041.6	0	0	0	1.09278	0
metal4	11	398	488.07	1041.6	0	0	0	1.0922	0
metal4	12	398	544.07	1041.6	0	0	0	1.092	0
metal4	13	398	600.07	1041.6	0	0	0	1.09197	0
metal4	14	398	656.07	1041.6	0	0	0	1.09216	0
metal4	15	398	712.07	1041.6	0	0	0	1.09255	0
metal4	16	398	768.07	1041.6	0	0	0	1.09316	0
metal4	17	398	824.07	1041.6	0	0	0	1.09399	0
metal4	18	398	880.07	1041.6	0	0	0	1.09512	0
metal4	19	398	936.07	1041.6	0	0	0	1.09651	0
metal4	20	398	992.07	1041.6	0	0	0	1.09777	0
metal4	21	398	1048.07	1041.6	0	0	0	1.09902	0
metal4	22	398	1086.21	1041.6	0	0	0	1.09991	0
metal4	0	399	14.095	1044.4	0	0	0	1.09994	0
metal4	1	399	40.07	1044.4	0	0	0	1.09948	0
metal4	2	399	96.07	1044.4	0	0	0	1.09845	0
metal4	3	399	108.455	1044.4	0	0	0	1.09824	0
metal4	4	399	109.295	1044.4	0	0	0	1.09823	0
metal4	5	399	152.07	1044.4	0	0	0	1.09749	0
metal4	6	399	208.07	1044.4	0	0	0	1.09656	0
metal4	7	399	264.07	1044.4	0	0	0	1.09563	0
metal4	8	399	320.07	1044.4	0	0	0	1.09468	0
metal4	9	399	376.07	1044.4	0	0	0	1.09362	0
metal4	10	399	432.07	1044.4	0	0	0	1.0929	0
metal4	11	399	488.07	1044.4	0	0	0	1.09235	0
metal4	12	399	544.07	1044.4	0	0	0	1.09214	0
metal4	13	399	600.07	1044.4	0	0	0	1.09211	0
metal4	14	399	656.07	1044.4	0	0	0	1.09229	0
metal4	15	399	712.07	1044.4	0	0	0	1.09268	0
metal4	16	399	768.07	1044.4	0	0	0	1.09328	0
metal4	17	399	824.07	1044.4	0	0	0	1.09411	0
metal4	18	399	880.07	1044.4	0	0	0	1.09522	0
metal4	19	399	936.07	1044.4	0	0	0	1.09655	0
metal4	20	399	992.07	1044.4	0	0	0	1.09781	0
metal4	21	399	1048.07	1044.4	0	0	0	1.09905	0
metal4	22	399	1086.21	1044.4	0	0	0	1.09993	0
metal4	0	400	14.095	1047.2	0	0	0	1.09997	0
metal4	1	400	40.07	1047.2	0	0.00141818	0.00141818	1.09949	0
metal4	2	400	96.07	1047.2	0	0	0	1.09848	0
metal4	3	400	108.455	1047.2	0	0	0	1.09826	0
metal4	4	400	109.295	1047.2	0	0	0	1.09825	0
metal4	5	400	152.07	1047.2	0	0.00141818	0.00141818	1.09751	0
metal4	6	400	208.07	1047.2	0	0	0	1.0966	0
metal4	7	400	264.07	1047.2	0	0	0	1.09567	0
metal4	8	400	320.07	1047.2	0	0	0	1.09474	0
metal4	9	400	376.07	1047.2	0	0	0	1.09375	0
metal4	10	400	432.07	1047.2	0	0	0	1.09304	0
metal4	11	400	488.07	1047.2	0	0	0	1.09251	0
metal4	12	400	544.07	1047.2	0	0	0	1.09229	0
metal4	13	400	600.07	1047.2	0	0	0	1.09227	0
metal4	14	400	656.07	1047.2	0	0	0	1.09245	0
metal4	15	400	712.07	1047.2	0	0	0	1.09283	0
metal4	16	400	768.07	1047.2	0	0	0	1.09343	0
metal4	17	400	824.07	1047.2	0	0	0	1.09426	0
metal4	18	400	880.07	1047.2	0	0	0	1.09533	0
metal4	19	400	936.07	1047.2	0	0.00141818	0.00141818	1.0966	0
metal4	20	400	992.07	1047.2	0	0	0	1.09785	0
metal4	21	400	1048.07	1047.2	0	0.00141818	0.00141818	1.09908	0
metal4	22	400	1086.21	1047.2	0	0	0	1.09997	0
metal4	0	401	14.095	1049.6	0	0	0	1.1	0
metal4	1	401	40.07	1049.6	0	0	0	1.09951	0
metal4	2	401	96.07	1049.6	0	0	0	1.0985	0
metal4	3	401	108.455	1049.6	0	0	0	1.09828	0
metal4	4	401	109.295	1049.6	0	0	0	1.09827	0
metal4	5	401	152.07	1049.6	0	0	0	1.09755	0
metal4	6	401	208.07	1049.6	0	0	0	1.09663	0
metal4	7	401	264.07	1049.6	0	0	0	1.09572	0
metal4	8	401	320.07	1049.6	0	0	0	1.0948	0
metal4	9	401	376.07	1049.6	0	0	0	1.09389	0
metal4	10	401	432.07	1049.6	0	0	0	1.09318	0
metal4	11	401	488.07	1049.6	0	0	0	1.09268	0
metal4	12	401	544.07	1049.6	0	0	0	1.09245	0
metal4	13	401	600.07	1049.6	0	0	0	1.09242	0
metal4	14	401	656.07	1049.6	0	0	0	1.0926	0
metal4	15	401	712.07	1049.6	0	0	0	1.09299	0
metal4	16	401	768.07	1049.6	0	0	0	1.09358	0
metal4	17	401	824.07	1049.6	0	0	0	1.0944	0
metal4	18	401	880.07	1049.6	0	0	0	1.09544	0
metal4	19	401	936.07	1049.6	0	0	0	1.09665	0
metal4	20	401	992.07	1049.6	0	0	0	1.09788	0
metal4	21	401	1048.07	1049.6	0	0	0	1.09912	0
metal4	22	401	1086.21	1049.6	0	0	0	1.1	0
metal4	0	402	14.095	1050	0	0	0	1.09999	0
metal4	1	402	40.07	1050	0	0	0	1.09951	0
metal4	2	402	96.07	1050	0	0	0	1.0985	0
metal4	3	402	108.455	1050	0	0	0	1.09829	0
metal4	4	402	109.295	1050	0	0	0	1.09827	0
metal4	5	402	152.07	1050	0	0	0	1.09755	0
metal4	6	402	208.07	1050	0	0	0	1.09663	0
metal4	7	402	264.07	1050	0	0	0	1.09572	0
metal4	8	402	320.07	1050	0	0	0	1.09481	0
metal4	9	402	376.07	1050	0	0	0	1.09389	0
metal4	10	402	432.07	1050	0	0	0	1.09318	0
metal4	11	402	488.07	1050	0	0	0	1.09268	0
metal4	12	402	544.07	1050	0	0	0	1.09245	0
metal4	13	402	600.07	1050	0	0	0	1.09242	0
metal4	14	402	656.07	1050	0	0	0	1.0926	0
metal4	15	402	712.07	1050	0	0	0	1.09299	0
metal4	16	402	768.07	1050	0	0	0	1.09358	0
metal4	17	402	824.07	1050	0	0	0	1.0944	0
metal4	18	402	880.07	1050	0	0	0	1.09544	0
metal4	19	402	936.07	1050	0	0	0	1.09666	0
metal4	20	402	992.07	1050	0	0	0	1.09788	0
metal4	21	402	1048.07	1050	0	0	0	1.09911	0
metal4	22	402	1086.21	1050	0	0	0	1.09999	0
metal4	0	403	14.095	1052.8	0	0	0	1.09996	0
metal4	1	403	40.07	1052.8	0	0	0	1.09951	0
metal4	2	403	96.07	1052.8	0	0	0	1.0985	0
metal4	3	403	108.455	1052.8	0	0	0	1.0983	0
metal4	4	403	109.295	1052.8	0	0	0	1.09828	0
metal4	5	403	152.07	1052.8	0	0	0	1.09757	0
metal4	6	403	208.07	1052.8	0	0	0	1.09667	0
metal4	7	403	264.07	1052.8	0	0	0	1.09578	0
metal4	8	403	320.07	1052.8	0	0	0	1.09487	0
metal4	9	403	376.07	1052.8	0	0	0	1.09389	0
metal4	10	403	432.07	1052.8	0	0	0	1.09321	0
metal4	11	403	488.07	1052.8	0	0	0	1.09269	0
metal4	12	403	544.07	1052.8	0	0	0	1.09248	0
metal4	13	403	600.07	1052.8	0	0	0	1.09246	0
metal4	14	403	656.07	1052.8	0	0	0	1.09264	0
metal4	15	403	712.07	1052.8	0	0	0	1.09302	0
metal4	16	403	768.07	1052.8	0	0	0	1.0936	0
metal4	17	403	824.07	1052.8	0	0	0	1.0944	0
metal4	18	403	880.07	1052.8	0	0	0	1.09545	0
metal4	19	403	936.07	1052.8	0	0	0	1.09671	0
metal4	20	403	992.07	1052.8	0	0	0	1.09791	0
metal4	21	403	1048.07	1052.8	0	0	0	1.09911	0
metal4	22	403	1086.21	1052.8	0	0	0	1.09996	0
metal4	0	404	14.095	1055.6	0	0	0	1.09994	0
metal4	1	404	40.07	1055.6	0	0	0	1.0995	0
metal4	2	404	96.07	1055.6	0	0	0	1.09851	0
metal4	3	404	108.455	1055.6	0	0	0	1.09831	0
metal4	4	404	109.295	1055.6	0	0	0	1.0983	0
metal4	5	404	152.07	1055.6	0	0	0	1.0976	0
metal4	6	404	208.07	1055.6	0	0	0	1.09671	0
metal4	7	404	264.07	1055.6	0	0	0	1.09583	0
metal4	8	404	320.07	1055.6	0	0	0	1.09494	0
metal4	9	404	376.07	1055.6	0	0	0	1.09392	0
metal4	10	404	432.07	1055.6	0	0	0	1.09325	0
metal4	11	404	488.07	1055.6	0	0	0	1.09273	0
metal4	12	404	544.07	1055.6	0	0	0	1.09254	0
metal4	13	404	600.07	1055.6	0	0	0	1.09252	0
metal4	14	404	656.07	1055.6	0	0	0	1.0927	0
metal4	15	404	712.07	1055.6	0	0	0	1.09307	0
metal4	16	404	768.07	1055.6	0	0	0	1.09364	0
metal4	17	404	824.07	1055.6	0	0	0	1.09443	0
metal4	18	404	880.07	1055.6	0	0	0	1.09548	0
metal4	19	404	936.07	1055.6	0	0	0	1.09677	0
metal4	20	404	992.07	1055.6	0	0	0	1.09795	0
metal4	21	404	1048.07	1055.6	0	0	0	1.09912	0
metal4	22	404	1086.21	1055.6	0	0	0	1.09993	0
metal4	0	405	14.095	1058.4	0	0	0	1.09992	0
metal4	1	405	40.07	1058.4	0	0	0	1.0995	0
metal4	2	405	96.07	1058.4	0	0	0	1.09852	0
metal4	3	405	108.455	1058.4	0	0	0	1.09833	0
metal4	4	405	109.295	1058.4	0	0	0	1.09831	0
metal4	5	405	152.07	1058.4	0	0	0	1.09763	0
metal4	6	405	208.07	1058.4	0	0	0	1.09675	0
metal4	7	405	264.07	1058.4	0	0	0	1.09589	0
metal4	8	405	320.07	1058.4	0	0	0	1.09501	0
metal4	9	405	376.07	1058.4	0	0	0	1.09397	0
metal4	10	405	432.07	1058.4	0	0	0	1.09332	0
metal4	11	405	488.07	1058.4	0	0	0	1.0928	0
metal4	12	405	544.07	1058.4	0	0	0	1.09262	0
metal4	13	405	600.07	1058.4	0	0	0	1.09261	0
metal4	14	405	656.07	1058.4	0	0	0	1.09278	0
metal4	15	405	712.07	1058.4	0	0	0	1.09315	0
metal4	16	405	768.07	1058.4	0	0	0	1.09371	0
metal4	17	405	824.07	1058.4	0	0	0	1.09448	0
metal4	18	405	880.07	1058.4	0	0	0	1.09553	0
metal4	19	405	936.07	1058.4	0	0	0	1.09683	0
metal4	20	405	992.07	1058.4	0	0	0	1.09798	0
metal4	21	405	1048.07	1058.4	0	0	0	1.09912	0
metal4	22	405	1086.21	1058.4	0	0	0	1.09991	0
metal4	0	406	14.095	1061.2	0	0	0	1.09991	0
metal4	1	406	40.07	1061.2	0	0	0	1.09951	0
metal4	2	406	96.07	1061.2	0	0	0	1.09853	0
metal4	3	406	108.455	1061.2	0	0	0	1.09834	0
metal4	4	406	109.295	1061.2	0	0	0	1.09833	0
metal4	5	406	152.07	1061.2	0	0	0	1.09765	0
metal4	6	406	208.07	1061.2	0	0	0	1.09679	0
metal4	7	406	264.07	1061.2	0	0	0	1.09595	0
metal4	8	406	320.07	1061.2	0	0	0	1.09509	0
metal4	9	406	376.07	1061.2	0	0	0	1.09405	0
metal4	10	406	432.07	1061.2	0	0	0	1.09341	0
metal4	11	406	488.07	1061.2	0	0	0	1.09289	0
metal4	12	406	544.07	1061.2	0	0	0	1.09273	0
metal4	13	406	600.07	1061.2	0	0	0	1.09272	0
metal4	14	406	656.07	1061.2	0	0	0	1.09289	0
metal4	15	406	712.07	1061.2	0	0	0	1.09325	0
metal4	16	406	768.07	1061.2	0	0	0	1.0938	0
metal4	17	406	824.07	1061.2	0	0	0	1.09456	0
metal4	18	406	880.07	1061.2	0	0	0	1.09559	0
metal4	19	406	936.07	1061.2	0	0	0	1.09689	0
metal4	20	406	992.07	1061.2	0	0	0	1.09802	0
metal4	21	406	1048.07	1061.2	0	0	0	1.09913	0
metal4	22	406	1086.21	1061.2	0	0	0	1.0999	0
metal4	0	407	14.095	1064	0	0	0	1.09991	0
metal4	1	407	40.07	1064	0	0	0	1.09951	0
metal4	2	407	96.07	1064	0	0	0	1.09855	0
metal4	3	407	108.455	1064	0	0	0	1.09836	0
metal4	4	407	109.295	1064	0	0	0	1.09835	0
metal4	5	407	152.07	1064	0	0	0	1.09769	0
metal4	6	407	208.07	1064	0	0	0	1.09684	0
metal4	7	407	264.07	1064	0	0	0	1.09601	0
metal4	8	407	320.07	1064	0	0	0	1.09517	0
metal4	9	407	376.07	1064	0	0	0	1.09414	0
metal4	10	407	432.07	1064	0	0	0	1.09352	0
metal4	11	407	488.07	1064	0	0	0	1.09301	0
metal4	12	407	544.07	1064	0	0	0	1.09286	0
metal4	13	407	600.07	1064	0	0	0	1.09285	0
metal4	14	407	656.07	1064	0	0	0	1.09302	0
metal4	15	407	712.07	1064	0	0	0	1.09338	0
metal4	16	407	768.07	1064	0	0	0	1.09392	0
metal4	17	407	824.07	1064	0	0	0	1.09466	0
metal4	18	407	880.07	1064	0	0	0	1.09567	0
metal4	19	407	936.07	1064	0	0	0	1.09695	0
metal4	20	407	992.07	1064	0	0	0	1.09806	0
metal4	21	407	1048.07	1064	0	0	0	1.09915	0
metal4	22	407	1086.21	1064	0	0	0	1.09989	0
metal4	0	408	14.095	1066.8	0	0	0	1.09991	0
metal4	1	408	40.07	1066.8	0	0	0	1.09952	0
metal4	2	408	96.07	1066.8	0	0	0	1.09857	0
metal4	3	408	108.455	1066.8	0	0	0	1.09839	0
metal4	4	408	109.295	1066.8	0	0	0	1.09837	0
metal4	5	408	152.07	1066.8	0	0	0	1.09772	0
metal4	6	408	208.07	1066.8	0	0	0	1.09688	0
metal4	7	408	264.07	1066.8	0	0	0	1.09607	0
metal4	8	408	320.07	1066.8	0	0	0	1.09525	0
metal4	9	408	376.07	1066.8	0	0	0	1.09426	0
metal4	10	408	432.07	1066.8	0	0	0	1.09366	0
metal4	11	408	488.07	1066.8	0	0	0	1.09316	0
metal4	12	408	544.07	1066.8	0	0	0	1.09302	0
metal4	13	408	600.07	1066.8	0	0	0	1.09301	0
metal4	14	408	656.07	1066.8	0	0	0	1.09318	0
metal4	15	408	712.07	1066.8	0	0	0	1.09353	0
metal4	16	408	768.07	1066.8	0	0	0	1.09406	0
metal4	17	408	824.07	1066.8	0	0	0	1.09478	0
metal4	18	408	880.07	1066.8	0	0	0	1.09577	0
metal4	19	408	936.07	1066.8	0	0	0	1.09702	0
metal4	20	408	992.07	1066.8	0	0	0	1.0981	0
metal4	21	408	1048.07	1066.8	0	0	0	1.09916	0
metal4	22	408	1086.21	1066.8	0	0	0	1.0999	0
metal4	0	409	14.095	1069.6	0	0	0	1.09992	0
metal4	1	409	40.07	1069.6	0	0	0	1.09953	0
metal4	2	409	96.07	1069.6	0	0	0	1.09859	0
metal4	3	409	108.455	1069.6	0	0	0	1.09841	0
metal4	4	409	109.295	1069.6	0	0	0	1.0984	0
metal4	5	409	152.07	1069.6	0	0	0	1.09775	0
metal4	6	409	208.07	1069.6	0	0	0	1.09693	0
metal4	7	409	264.07	1069.6	0	0	0	1.09614	0
metal4	8	409	320.07	1069.6	0	0	0	1.09534	0
metal4	9	409	376.07	1069.6	0	0	0	1.09439	0
metal4	10	409	432.07	1069.6	0	0	0	1.09381	0
metal4	11	409	488.07	1069.6	0	0	0	1.09334	0
metal4	12	409	544.07	1069.6	0	0	0	1.0932	0
metal4	13	409	600.07	1069.6	0	0	0	1.09319	0
metal4	14	409	656.07	1069.6	0	0	0	1.09336	0
metal4	15	409	712.07	1069.6	0	0	0	1.0937	0
metal4	16	409	768.07	1069.6	0	0	0	1.09423	0
metal4	17	409	824.07	1069.6	0	0	0	1.09493	0
metal4	18	409	880.07	1069.6	0	0	0	1.09589	0
metal4	19	409	936.07	1069.6	0	0	0	1.09709	0
metal4	20	409	992.07	1069.6	0	0	0	1.09814	0
metal4	21	409	1048.07	1069.6	0	0	0	1.09919	0
metal4	22	409	1086.21	1069.6	0	0	0	1.09991	0
metal4	0	410	14.095	1072.4	0	0	0	1.09993	0
metal4	1	410	40.07	1072.4	0	0	0	1.09954	0
metal4	2	410	96.07	1072.4	0	0	0	1.09862	0
metal4	3	410	108.455	1072.4	0	0	0	1.09844	0
metal4	4	410	109.295	1072.4	0	0	0	1.09842	0
metal4	5	410	152.07	1072.4	0	0	0	1.09779	0
metal4	6	410	208.07	1072.4	0	0	0	1.09698	0
metal4	7	410	264.07	1072.4	0	0	0	1.0962	0
metal4	8	410	320.07	1072.4	0	0	0	1.09543	0
metal4	9	410	376.07	1072.4	0	0	0	1.09455	0
metal4	10	410	432.07	1072.4	0	0	0	1.094	0
metal4	11	410	488.07	1072.4	0	0	0	1.09355	0
metal4	12	410	544.07	1072.4	0	0	0	1.09341	0
metal4	13	410	600.07	1072.4	0	0	0	1.0934	0
metal4	14	410	656.07	1072.4	0	0	0	1.09356	0
metal4	15	410	712.07	1072.4	0	0	0	1.0939	0
metal4	16	410	768.07	1072.4	0	0	0	1.09442	0
metal4	17	410	824.07	1072.4	0	0	0	1.0951	0
metal4	18	410	880.07	1072.4	0	0	0	1.09602	0
metal4	19	410	936.07	1072.4	0	0	0	1.09716	0
metal4	20	410	992.07	1072.4	0	0	0	1.09819	0
metal4	21	410	1048.07	1072.4	0	0	0	1.09921	0
metal4	22	410	1086.21	1072.4	0	0	0	1.09992	0
metal4	0	411	14.095	1075.2	0	0	0	1.09996	0
metal4	1	411	40.07	1075.2	0	0	0	1.09956	0
metal4	2	411	96.07	1075.2	0	0	0	1.09865	0
metal4	3	411	108.455	1075.2	0	0	0	1.09847	0
metal4	4	411	109.295	1075.2	0	0	0	1.09845	0
metal4	5	411	152.07	1075.2	0	0	0	1.09783	0
metal4	6	411	208.07	1075.2	0	0	0	1.09703	0
metal4	7	411	264.07	1075.2	0	0	0	1.09627	0
metal4	8	411	320.07	1075.2	0	0	0	1.09553	0
metal4	9	411	376.07	1075.2	0	0	0	1.09473	0
metal4	10	411	432.07	1075.2	0	0	0	1.0942	0
metal4	11	411	488.07	1075.2	0	0	0	1.09379	0
metal4	12	411	544.07	1075.2	0	0	0	1.09364	0
metal4	13	411	600.07	1075.2	0	0	0	1.09363	0
metal4	14	411	656.07	1075.2	0	0	0	1.0938	0
metal4	15	411	712.07	1075.2	0	0	0	1.09413	0
metal4	16	411	768.07	1075.2	0	0	0	1.09463	0
metal4	17	411	824.07	1075.2	0	0	0	1.0953	0
metal4	18	411	880.07	1075.2	0	0	0	1.09618	0
metal4	19	411	936.07	1075.2	0	0	0	1.09724	0
metal4	20	411	992.07	1075.2	0	0	0	1.09824	0
metal4	21	411	1048.07	1075.2	0	0	0	1.09925	0
metal4	22	411	1086.21	1075.2	0	0	0	1.09995	0
metal4	0	412	14.095	1078	0	0	0	1.09998	0
metal4	1	412	40.07	1078	0	0	0	1.09957	0
metal4	2	412	96.07	1078	0	0	0	1.09868	0
metal4	3	412	108.455	1078	0	0	0	1.0985	0
metal4	4	412	109.295	1078	0	0	0	1.09848	0
metal4	5	412	152.07	1078	0	0	0	1.09787	0
metal4	6	412	208.07	1078	0	0	0	1.09709	0
metal4	7	412	264.07	1078	0	0	0	1.09634	0
metal4	8	412	320.07	1078	0	0	0	1.09563	0
metal4	9	412	376.07	1078	0	0	0	1.09494	0
metal4	10	412	432.07	1078	0	0	0	1.09443	0
metal4	11	412	488.07	1078	0	0	0	1.09406	0
metal4	12	412	544.07	1078	0	0	0	1.09389	0
metal4	13	412	600.07	1078	0	0	0	1.09389	0
metal4	14	412	656.07	1078	0	0	0	1.09405	0
metal4	15	412	712.07	1078	0	0	0	1.09438	0
metal4	16	412	768.07	1078	0	0	0	1.09487	0
metal4	17	412	824.07	1078	0	0	0	1.09552	0
metal4	18	412	880.07	1078	0	0	0	1.09635	0
metal4	19	412	936.07	1078	0	0	0	1.09731	0
metal4	20	412	992.07	1078	0	0	0	1.09829	0
metal4	21	412	1048.07	1078	0	0	0	1.09928	0
metal4	22	412	1086.21	1078	0	0	0	1.09998	0
metal4	0	413	14.095	1079.6	0	0	0	1.1	0
metal4	1	413	40.07	1079.6	0	0	0	1.09958	0
metal4	2	413	96.07	1079.6	0	0	0	1.0987	0
metal4	3	413	108.455	1079.6	0	0	0	1.09851	0
metal4	4	413	109.295	1079.6	0	0	0	1.0985	0
metal4	5	413	152.07	1079.6	0	0	0	1.09789	0
metal4	6	413	208.07	1079.6	0	0	0	1.09712	0
metal4	7	413	264.07	1079.6	0	0	0	1.09638	0
metal4	8	413	320.07	1079.6	0	0	0	1.09569	0
metal4	9	413	376.07	1079.6	0	0	0	1.09505	0
metal4	10	413	432.07	1079.6	0	0	0	1.09455	0
metal4	11	413	488.07	1079.6	0	0	0	1.09421	0
metal4	12	413	544.07	1079.6	0	0	0	1.09404	0
metal4	13	413	600.07	1079.6	0	0	0	1.09403	0
metal4	14	413	656.07	1079.6	0	0	0	1.0942	0
metal4	15	413	712.07	1079.6	0	0	0	1.09452	0
metal4	16	413	768.07	1079.6	0	0	0	1.09501	0
metal4	17	413	824.07	1079.6	0	0	0	1.09565	0
metal4	18	413	880.07	1079.6	0	0	0	1.09644	0
metal4	19	413	936.07	1079.6	0	0	0	1.09736	0
metal4	20	413	992.07	1079.6	0	0	0	1.09831	0
metal4	21	413	1048.07	1079.6	0	0	0	1.0993	0
metal4	22	413	1086.21	1079.6	0	0	0	1.1	0
metal4	0	414	14.095	1080.8	0	0	0	1.1	0
metal4	1	414	40.07	1080.8	0	0	0	1.09958	0
metal4	2	414	96.07	1080.8	0	0	0	1.09871	0
metal4	3	414	108.455	1080.8	0	0	0	1.09852	0
metal4	4	414	109.295	1080.8	0	0	0	1.09851	0
metal4	5	414	152.07	1080.8	0	0	0	1.0979	0
metal4	6	414	208.07	1080.8	0	0	0	1.09713	0
metal4	7	414	264.07	1080.8	0	0	0	1.0964	0
metal4	8	414	320.07	1080.8	0	0	0	1.09572	0
metal4	9	414	376.07	1080.8	0	0	0	1.09509	0
metal4	10	414	432.07	1080.8	0	0	0	1.0946	0
metal4	11	414	488.07	1080.8	0	0	0	1.09426	0
metal4	12	414	544.07	1080.8	0	0	0	1.09409	0
metal4	13	414	600.07	1080.8	0	0	0	1.09409	0
metal4	14	414	656.07	1080.8	0	0	0	1.09425	0
metal4	15	414	712.07	1080.8	0	0	0	1.09457	0
metal4	16	414	768.07	1080.8	0	0	0	1.09505	0
metal4	17	414	824.07	1080.8	0	0	0	1.09569	0
metal4	18	414	880.07	1080.8	0	0	0	1.09648	0
metal4	19	414	936.07	1080.8	0	0	0	1.09738	0
metal4	20	414	992.07	1080.8	0	0	0	1.09833	0
metal4	21	414	1048.07	1080.8	0	0	0	1.09931	0
metal4	22	414	1086.21	1080.8	0	0	0	1.1	0
metal4	0	415	14.095	1083.6	0	0	0	1.1	0
metal4	1	415	40.07	1083.6	0	0	0	1.09959	0
metal4	2	415	96.07	1083.6	0	0	0	1.09872	0
metal4	3	415	108.455	1083.6	0	0	0	1.09854	0
metal4	4	415	109.295	1083.6	0	0	0	1.09852	0
metal4	5	415	152.07	1083.6	0	0	0	1.09792	0
metal4	6	415	208.07	1083.6	0	0	0	1.09716	0
metal4	7	415	264.07	1083.6	0	0	0	1.09644	0
metal4	8	415	320.07	1083.6	0	0	0	1.09578	0
metal4	9	415	376.07	1083.6	0	0	0	1.09518	0
metal4	10	415	432.07	1083.6	0	0	0	1.09471	0
metal4	11	415	488.07	1083.6	0	0	0	1.09438	0
metal4	12	415	544.07	1083.6	0	0	0	1.09422	0
metal4	13	415	600.07	1083.6	0	0	0	1.09421	0
metal4	14	415	656.07	1083.6	0	0	0	1.09437	0
metal4	15	415	712.07	1083.6	0	0	0	1.09469	0
metal4	16	415	768.07	1083.6	0	0	0	1.09517	0
metal4	17	415	824.07	1083.6	0	0	0	1.09579	0
metal4	18	415	880.07	1083.6	0	0	0	1.09656	0
metal4	19	415	936.07	1083.6	0	0	0	1.09743	0
metal4	20	415	992.07	1083.6	0	0	0	1.09835	0
metal4	21	415	1048.07	1083.6	0	0	0	1.09932	0
metal4	22	415	1086.21	1083.6	0	0	0	1.09999	0
metal4	0	416	14.095	1086.4	0	0	0	1.1	0
metal4	1	416	40.07	1086.4	0	0	0	1.0996	0
metal4	2	416	96.07	1086.4	0	0	0	1.09874	0
metal4	3	416	108.455	1086.4	0	0	0	1.09855	0
metal4	4	416	109.295	1086.4	0	0	0	1.09854	0
metal4	5	416	152.07	1086.4	0	0	0	1.09794	0
metal4	6	416	208.07	1086.4	0	0	0	1.09719	0
metal4	7	416	264.07	1086.4	0	0	0	1.09649	0
metal4	8	416	320.07	1086.4	0	0	0	1.09584	0
metal4	9	416	376.07	1086.4	0	0	0	1.09527	0
metal4	10	416	432.07	1086.4	0	0	0	1.09482	0
metal4	11	416	488.07	1086.4	0	0	0	1.0945	0
metal4	12	416	544.07	1086.4	0	0	0	1.09434	0
metal4	13	416	600.07	1086.4	0	0	0	1.09434	0
metal4	14	416	656.07	1086.4	0	0	0	1.0945	0
metal4	15	416	712.07	1086.4	0	0	0	1.09481	0
metal4	16	416	768.07	1086.4	0	0	0	1.09528	0
metal4	17	416	824.07	1086.4	0	0	0	1.09589	0
metal4	18	416	880.07	1086.4	0	0	0	1.09663	0
metal4	19	416	936.07	1086.4	0	0	0	1.09748	0
metal4	20	416	992.07	1086.4	0	0	0	1.09838	0
metal4	21	416	1048.07	1086.4	0	0	0	1.09933	0
metal4	22	416	1086.21	1086.4	0	0	0	1.1	0
metal4	0	417	14.095	1086.47	0	0	0	1.1	0
metal4	1	417	40.07	1086.47	0	0	0	1.0996	0
metal4	2	417	96.07	1086.47	0	0	0	1.09874	0
metal4	3	417	108.455	1086.47	0	0	0	1.09855	0
metal4	4	417	109.295	1086.47	0	0	0	1.09854	0
metal4	5	417	152.07	1086.47	0	0	0	1.09794	0
metal4	6	417	208.07	1086.47	0	0	0	1.09719	0
metal4	7	417	264.07	1086.47	0	0	0	1.09649	0
metal4	8	417	320.07	1086.47	0	0	0	1.09584	0
metal4	9	417	376.07	1086.47	0	0	0	1.09527	0
metal4	10	417	432.07	1086.47	0	0	0	1.09482	0
metal4	11	417	488.07	1086.47	0	0	0	1.09451	0
metal4	12	417	544.07	1086.47	0	0	0	1.09435	0
metal4	13	417	600.07	1086.47	0	0	0	1.09434	0
metal4	14	417	656.07	1086.47	0	0	0	1.0945	0
metal4	15	417	712.07	1086.47	0	0	0	1.09482	0
metal4	16	417	768.07	1086.47	0	0	0	1.09528	0
metal4	17	417	824.07	1086.47	0	0	0	1.0959	0
metal4	18	417	880.07	1086.47	0	0	0	1.09664	0
metal4	19	417	936.07	1086.47	0	0	0	1.09748	0
metal4	20	417	992.07	1086.47	0	0	0	1.09839	0
metal4	21	417	1048.07	1086.47	0	0	0	1.09933	0
metal4	22	417	1086.21	1086.47	0	0	0	1.1	0
metal4	0	418	14.095	1089.2	0	0	0	1.1	0
metal4	1	418	40.07	1089.2	0	0	0	1.0996	0
metal4	2	418	96.07	1089.2	0	0	0	1.09873	0
metal4	3	418	108.455	1089.2	0	0	0	1.09855	0
metal4	4	418	109.295	1089.2	0	0	0	1.09854	0
metal4	5	418	152.07	1089.2	0	0	0	1.09794	0
metal4	6	418	208.07	1089.2	0	0	0	1.09719	0
metal4	7	418	264.07	1089.2	0	0	0	1.09649	0
metal4	8	418	320.07	1089.2	0	0	0	1.09584	0
metal4	9	418	376.07	1089.2	0	0	0	1.09527	0
metal4	10	418	432.07	1089.2	0	0	0	1.09482	0
metal4	11	418	488.07	1089.2	0	0	0	1.09451	0
metal4	12	418	544.07	1089.2	0	0	0	1.09435	0
metal4	13	418	600.07	1089.2	0	0	0	1.09435	0
metal4	14	418	656.07	1089.2	0	0	0	1.0945	0
metal4	15	418	712.07	1089.2	0	0	0	1.09482	0
metal4	16	418	768.07	1089.2	0	0	0	1.09529	0
metal4	17	418	824.07	1089.2	0	0	0	1.0959	0
metal4	18	418	880.07	1089.2	0	0	0	1.09664	0
metal4	19	418	936.07	1089.2	0	0	0	1.09748	0
metal4	20	418	992.07	1089.2	0	0	0	1.09839	0
metal4	21	418	1048.07	1089.2	0	0	0	1.09933	0
metal4	22	418	1086.21	1089.2	0	0	0	1.1	0
metal7	0	0	14.095	18.47	0	0	0	1.1	1
metal7	1	0	40.07	18.47	0	0	0	1.09957	0
metal7	2	0	96.07	18.47	0	0	0	1.09866	0
metal7	3	0	108.455	18.47	0	0	0	1.09847	0
metal7	4	0	109.295	18.47	0	0	0	1.09845	0
metal7	5	0	152.07	18.47	0	0	0	1.09781	0
metal7	6	0	208.07	18.47	0	0	0	1.09699	0
metal7	7	0	264.07	18.47	0	0	0	1.0962	0
metal7	8	0	320.07	18.47	0	0	0	1.09544	0
metal7	9	0	376.07	18.47	0	0	0	1.09476	0
metal7	10	0	432.07	18.47	0	0	0	1.09415	0
metal7	11	0	488.07	18.47	0	0	0	1.09372	0
metal7	12	0	544.07	18.47	0	0	0	1.09347	0
metal7	13	0	600.07	18.47	0	0	0	1.09341	0
metal7	14	0	656.07	18.47	0	0	0	1.09355	0
metal7	15	0	712.07	18.47	0	0	0	1.09389	0
metal7	16	0	768.07	18.47	0	0	0	1.09441	0
metal7	17	0	824.07	18.47	0	0	0	1.09513	0
metal7	18	0	880.07	18.47	0	0	0	1.09602	0
metal7	19	0	936.07	18.47	0	0	0	1.09705	0
metal7	20	0	992.07	18.47	0	0	0	1.09813	0
metal7	21	0	1048.07	18.47	0	0	0	1.09923	0
metal7	22	0	1086.21	18.47	0	0	0	1.1	1
metal7	0	1	14.095	29.6	0	0	0	1.1	1
metal7	1	1	40.07	29.6	0	0	0	1.09956	0
metal7	2	1	96.07	29.6	0	0	0	1.09863	0
metal7	3	1	108.455	29.6	0	0	0	1.09843	0
metal7	4	1	109.295	29.6	0	0	0	1.09841	0
metal7	5	1	152.07	29.6	0	0	0	1.09776	0
metal7	6	1	208.07	29.6	0	0	0	1.09692	0
metal7	7	1	264.07	29.6	0	0	0	1.0961	0
metal7	8	1	320.07	29.6	0	0	0	1.09532	0
metal7	9	1	376.07	29.6	0	0	0	1.09459	0
metal7	10	1	432.07	29.6	0	0	0	1.09394	0
metal7	11	1	488.07	29.6	0	0	0	1.09347	0
metal7	12	1	544.07	29.6	0	0	0	1.0932	0
metal7	13	1	600.07	29.6	0	0	0	1.09314	0
metal7	14	1	656.07	29.6	0	0	0	1.09328	0
metal7	15	1	712.07	29.6	0	0	0	1.09362	0
metal7	16	1	768.07	29.6	0	0	0	1.09416	0
metal7	17	1	824.07	29.6	0	0	0	1.0949	0
metal7	18	1	880.07	29.6	0	0	0	1.09585	0
metal7	19	1	936.07	29.6	0	0	0	1.09694	0
metal7	20	1	992.07	29.6	0	0	0	1.09805	0
metal7	21	1	1048.07	29.6	0	0	0	1.0992	0
metal7	22	1	1086.21	29.6	0	0	0	1.1	1
metal7	0	2	14.095	59.6	0	0	0	1.1	1
metal7	1	2	40.07	59.6	0	0	0	1.09952	0
metal7	2	2	96.07	59.6	0	0	0	1.09852	0
metal7	3	2	108.455	59.6	0	0	0	1.0983	0
metal7	4	2	109.295	59.6	0	0	0	1.09829	0
metal7	5	2	152.07	59.6	0	0	0	1.09758	0
metal7	6	2	208.07	59.6	0	0	0	1.09668	0
metal7	7	2	264.07	59.6	0	0	0	1.0958	0
metal7	8	2	320.07	59.6	0	0	0	1.09492	0
metal7	9	2	376.07	59.6	0	0	0	1.0941	0
metal7	10	2	432.07	59.6	0	0	0	1.09333	0
metal7	11	2	488.07	59.6	0	0	0	1.09278	0
metal7	12	2	544.07	59.6	0	0	0	1.09246	0
metal7	13	2	600.07	59.6	0	0	0	1.09237	0
metal7	14	2	656.07	59.6	0	0	0	1.09251	0
metal7	15	2	712.07	59.6	0	0	0	1.09288	0
metal7	16	2	768.07	59.6	0	0	0	1.09347	0
metal7	17	2	824.07	59.6	0	0	0	1.0943	0
metal7	18	2	880.07	59.6	0	0	0	1.09536	0
metal7	19	2	936.07	59.6	0	0	0	1.09659	0
metal7	20	2	992.07	59.6	0	0	0	1.09784	0
metal7	21	2	1048.07	59.6	0	0	0	1.0991	0
metal7	22	2	1086.21	59.6	0	0	0	1.1	1
metal7	0	3	14.095	89.6	0	0	0	1.1	1
metal7	1	3	40.07	89.6	0	0	0	1.09951	0
metal7	2	3	96.07	89.6	0	0	0	1.09849	0
metal7	3	3	108.455	89.6	0	0	0	1.09828	0
metal7	4	3	109.295	89.6	0	0	0	1.09826	0
metal7	5	3	152.07	89.6	0	0	0	1.09755	0
metal7	6	3	208.07	89.6	0	0	0	1.09663	0
metal7	7	3	264.07	89.6	0	0	0	1.09572	0
metal7	8	3	320.07	89.6	0	0	0	1.09481	0
metal7	9	3	376.07	89.6	0	0	0	1.09396	0
metal7	10	3	432.07	89.6	0	0	0	1.09316	0
metal7	11	3	488.07	89.6	0	0	0	1.09259	0
metal7	12	3	544.07	89.6	0	0	0	1.09226	0
metal7	13	3	600.07	89.6	0	0	0	1.09217	0
metal7	14	3	656.07	89.6	0	0	0	1.09231	0
metal7	15	3	712.07	89.6	0	0	0	1.09268	0
metal7	16	3	768.07	89.6	0	0	0	1.09329	0
metal7	17	3	824.07	89.6	0	0	0	1.09414	0
metal7	18	3	880.07	89.6	0	0	0	1.09523	0
metal7	19	3	936.07	89.6	0	0	0	1.09651	0
metal7	20	3	992.07	89.6	0	0	0	1.09779	0
metal7	21	3	1048.07	89.6	0	0	0	1.09908	0
metal7	22	3	1086.21	89.6	0	0	0	1.1	1
metal7	0	4	14.095	119.6	0	0	0	1.1	1
metal7	1	4	40.07	119.6	0	0	0	1.09952	0
metal7	2	4	96.07	119.6	0	0	0	1.09852	0
metal7	3	4	108.455	119.6	0	0	0	1.0983	0
metal7	4	4	109.295	119.6	0	0	0	1.09829	0
metal7	5	4	152.07	119.6	0	0	0	1.09759	0
metal7	6	4	208.07	119.6	0	0	0	1.0967	0
metal7	7	4	264.07	119.6	0	0	0	1.09582	0
metal7	8	4	320.07	119.6	0	0	0	1.09495	0
metal7	9	4	376.07	119.6	0	0	0	1.09414	0
metal7	10	4	432.07	119.6	0	0	0	1.09337	0
metal7	11	4	488.07	119.6	0	0	0	1.09283	0
metal7	12	4	544.07	119.6	0	0	0	1.09252	0
metal7	13	4	600.07	119.6	0	0	0	1.09244	0
metal7	14	4	656.07	119.6	0	0	0	1.09258	0
metal7	15	4	712.07	119.6	0	0	0	1.09294	0
metal7	16	4	768.07	119.6	0	0	0	1.09353	0
metal7	17	4	824.07	119.6	0	0	0	1.09435	0
metal7	18	4	880.07	119.6	0	0	0	1.0954	0
metal7	19	4	936.07	119.6	0	0	0	1.09663	0
metal7	20	4	992.07	119.6	0	0	0	1.09786	0
metal7	21	4	1048.07	119.6	0	0	0	1.09911	0
metal7	22	4	1086.21	119.6	0	0	0	1.1	1
metal7	0	5	14.095	149.6	0	0	0	1.1	1
metal7	1	5	40.07	149.6	0	0	0	1.09954	0
metal7	2	5	96.07	149.6	0	0	0	1.0986	0
metal7	3	5	108.455	149.6	0	0	0	1.0984	0
metal7	4	5	109.295	149.6	0	0	0	1.09839	0
metal7	5	5	152.07	149.6	0	0	0	1.09773	0
metal7	6	5	208.07	149.6	0	0	0	1.09691	0
metal7	7	5	264.07	149.6	0	0	0	1.09611	0
metal7	8	5	320.07	149.6	0	0	0	1.09535	0
metal7	9	5	376.07	149.6	0	0	0	1.09466	0
metal7	10	5	432.07	149.6	0	0	0	1.09403	0
metal7	11	5	488.07	149.6	0	0	0	1.09359	0
metal7	12	5	544.07	149.6	0	0	0	1.09335	0
metal7	13	5	600.07	149.6	0	0	0	1.0933	0
metal7	14	5	656.07	149.6	0	0	0	1.09344	0
metal7	15	5	712.07	149.6	0	0	0	1.09378	0
metal7	16	5	768.07	149.6	0	0	0	1.09431	0
metal7	17	5	824.07	149.6	0	0	0	1.09503	0
metal7	18	5	880.07	149.6	0	0	0	1.09594	0
metal7	19	5	936.07	149.6	0	0	0	1.097	0
metal7	20	5	992.07	149.6	0	0	0	1.09809	0
metal7	21	5	1048.07	149.6	0	0	0	1.0992	0
metal7	22	5	1086.21	149.6	0	0	0	1.1	1
metal7	0	6	14.095	179.6	0	0	0	1.1	1
metal7	1	6	40.07	179.6	0	0	0	1.09958	0
metal7	2	6	96.07	179.6	0	0	0	1.09871	0
metal7	3	6	108.455	179.6	0	0	0	1.09853	0
metal7	4	6	109.295	179.6	0	0	0	1.09851	0
metal7	5	6	152.07	179.6	0	0	0	1.09792	0
metal7	6	6	208.07	179.6	0	0	0	1.09717	0
metal7	7	6	264.07	179.6	0	0	0	1.09649	0
metal7	8	6	320.07	179.6	0	0	0	1.09589	0
metal7	9	6	376.07	179.6	0	0	0	1.09538	0
metal7	10	6	432.07	179.6	0	0	0	1.09497	0
metal7	11	6	488.07	179.6	0	0	0	1.09468	0
metal7	12	6	544.07	179.6	0	0	0	1.09452	0
metal7	13	6	600.07	179.6	0	0	0	1.09452	0
metal7	14	6	656.07	179.6	0	0	0	1.09466	0
metal7	15	6	712.07	179.6	0	0	0	1.09495	0
metal7	16	6	768.07	179.6	0	0	0	1.09539	0
metal7	17	6	824.07	179.6	0	0	0	1.09596	0
metal7	18	6	880.07	179.6	0	0	0	1.09666	0
metal7	19	6	936.07	179.6	0	0	0	1.09747	0
metal7	20	6	992.07	179.6	0	0	0	1.09836	0
metal7	21	6	1048.07	179.6	0	0	0	1.09931	0
metal7	22	6	1086.21	179.6	0	0	0	1.1	1
metal7	0	7	14.095	209.6	0	0	0	1.1	1
metal7	1	7	40.07	209.6	0	0	0	1.09961	0
metal7	2	7	96.07	209.6	0	0	0	1.0988	0
metal7	3	7	108.455	209.6	0	0	0	1.09863	0
metal7	4	7	109.295	209.6	0	0	0	1.09862	0
metal7	5	7	152.07	209.6	0	0	0	1.09809	0
metal7	6	7	208.07	209.6	0	0	0	1.09743	0
metal7	7	7	264.07	209.6	0	0	0	1.09684	0
metal7	8	7	320.07	209.6	0	0	0	1.09633	0
metal7	9	7	376.07	209.6	0	0	0	1.0959	0
metal7	10	7	432.07	209.6	0	0	0	1.09556	0
metal7	11	7	488.07	209.6	0	0	0	1.09531	0
metal7	12	7	544.07	209.6	0	0	0	1.09519	0
metal7	13	7	600.07	209.6	0	0	0	1.09519	0
metal7	14	7	656.07	209.6	0	0	0	1.09532	0
metal7	15	7	712.07	209.6	0	0	0	1.09557	0
metal7	16	7	768.07	209.6	0	0	0	1.09596	0
metal7	17	7	824.07	209.6	0	0	0	1.09645	0
metal7	18	7	880.07	209.6	0	0	0	1.09705	0
metal7	19	7	936.07	209.6	0	0	0	1.09774	0
metal7	20	7	992.07	209.6	0	0	0	1.09853	0
metal7	21	7	1048.07	209.6	0	0	0	1.09938	0
metal7	22	7	1086.21	209.6	0	0	0	1.1	1
metal7	0	8	14.095	239.6	0	0	0	1.1	1
metal7	1	8	40.07	239.6	0	0	0	1.09962	0
metal7	2	8	96.07	239.6	0	0	0	1.09884	0
metal7	3	8	108.455	239.6	0	0	0	1.09868	0
metal7	4	8	109.295	239.6	0	0	0	1.09867	0
metal7	5	8	152.07	239.6	0	0	0	1.09818	0
metal7	6	8	208.07	239.6	0	0	0	1.09758	0
metal7	7	8	264.07	239.6	0	0	0	1.09705	0
metal7	8	8	320.07	239.6	0	0	0	1.09658	0
metal7	9	8	376.07	239.6	0	0	0	1.09619	0
metal7	10	8	432.07	239.6	0	0	0	1.09587	0
metal7	11	8	488.07	239.6	0	0	0	1.09562	0
metal7	12	8	544.07	239.6	0	0	0	1.0955	0
metal7	13	8	600.07	239.6	0	0	0	1.0955	0
metal7	14	8	656.07	239.6	0	0	0	1.09562	0
metal7	15	8	712.07	239.6	0	0	0	1.09586	0
metal7	16	8	768.07	239.6	0	0	0	1.09622	0
metal7	17	8	824.07	239.6	0	0	0	1.09667	0
metal7	18	8	880.07	239.6	0	0	0	1.09723	0
metal7	19	8	936.07	239.6	0	0	0	1.09788	0
metal7	20	8	992.07	239.6	0	0	0	1.09862	0
metal7	21	8	1048.07	239.6	0	0	0	1.09942	0
metal7	22	8	1086.21	239.6	0	0	0	1.1	1
metal7	0	9	14.095	269.6	0	0	0	1.1	1
metal7	1	9	40.07	269.6	0	0	0	1.09961	0
metal7	2	9	96.07	269.6	0	0	0	1.0988	0
metal7	3	9	108.455	269.6	0	0	0	1.09863	0
metal7	4	9	109.295	269.6	0	0	0	1.09862	0
metal7	5	9	152.07	269.6	0	0	0	1.09811	0
metal7	6	9	208.07	269.6	0	0	0	1.09751	0
metal7	7	9	264.07	269.6	0	0	0	1.09699	0
metal7	8	9	320.07	269.6	0	0	0	1.09654	0
metal7	9	9	376.07	269.6	0	0	0	1.09617	0
metal7	10	9	432.07	269.6	0	0	0	1.09588	0
metal7	11	9	488.07	269.6	0	0	0	1.09567	0
metal7	12	9	544.07	269.6	0	0	0	1.09557	0
metal7	13	9	600.07	269.6	0	0	0	1.09559	0
metal7	14	9	656.07	269.6	0	0	0	1.09572	0
metal7	15	9	712.07	269.6	0	0	0	1.09596	0
metal7	16	9	768.07	269.6	0	0	0	1.09632	0
metal7	17	9	824.07	269.6	0	0	0	1.09676	0
metal7	18	9	880.07	269.6	0	0	0	1.0973	0
metal7	19	9	936.07	269.6	0	0	0	1.09794	0
metal7	20	9	992.07	269.6	0	0	0	1.09866	0
metal7	21	9	1048.07	269.6	0	0	0	1.09943	0
metal7	22	9	1086.21	269.6	0	0	0	1.1	1
metal7	0	10	14.095	299.6	0	0	0	1.1	1
metal7	1	10	40.07	299.6	0	0	0	1.09958	0
metal7	2	10	96.07	299.6	0	0	0	1.09871	0
metal7	3	10	108.455	299.6	0	0	0	1.09853	0
metal7	4	10	109.295	299.6	0	0	0	1.09852	0
metal7	5	10	152.07	299.6	0	0	0	1.09798	0
metal7	6	10	208.07	299.6	0	0	0	1.09736	0
metal7	7	10	264.07	299.6	0	0	0	1.09682	0
metal7	8	10	320.07	299.6	0	0	0	1.09637	0
metal7	9	10	376.07	299.6	0	0	0	1.096	0
metal7	10	10	432.07	299.6	0	0	0	1.09574	0
metal7	11	10	488.07	299.6	0	0	0	1.09556	0
metal7	12	10	544.07	299.6	0	0	0	1.0955	0
metal7	13	10	600.07	299.6	0	0	0	1.09554	0
metal7	14	10	656.07	299.6	0	0	0	1.0957	0
metal7	15	10	712.07	299.6	0	0	0	1.09596	0
metal7	16	10	768.07	299.6	0	0	0	1.09632	0
metal7	17	10	824.07	299.6	0	0	0	1.09677	0
metal7	18	10	880.07	299.6	0	0	0	1.09731	0
metal7	19	10	936.07	299.6	0	0	0	1.09794	0
metal7	20	10	992.07	299.6	0	0	0	1.09866	0
metal7	21	10	1048.07	299.6	0	0	0	1.09943	0
metal7	22	10	1086.21	299.6	0	0	0	1.1	1
metal7	0	11	14.095	329.6	0	0	0	1.1	1
metal7	1	11	40.07	329.6	0	0	0	1.09954	0
metal7	2	11	96.07	329.6	0	0	0	1.09859	0
metal7	3	11	108.455	329.6	0	0	0	1.0984	0
metal7	4	11	109.295	329.6	0	0	0	1.09839	0
metal7	5	11	152.07	329.6	0	0	0	1.09781	0
metal7	6	11	208.07	329.6	0	0	0	1.09714	0
metal7	7	11	264.07	329.6	0	0	0	1.09657	0
metal7	8	11	320.07	329.6	0	0	0	1.0961	0
metal7	9	11	376.07	329.6	0	0	0	1.09574	0
metal7	10	11	432.07	329.6	0	0	0	1.09548	0
metal7	11	11	488.07	329.6	0	0	0	1.09532	0
metal7	12	11	544.07	329.6	0	0	0	1.09528	0
metal7	13	11	600.07	329.6	0	0	0	1.09536	0
metal7	14	11	656.07	329.6	0	0	0	1.09555	0
metal7	15	11	712.07	329.6	0	0	0	1.09585	0
metal7	16	11	768.07	329.6	0	0	0	1.09622	0
metal7	17	11	824.07	329.6	0	0	0	1.09669	0
metal7	18	11	880.07	329.6	0	0	0	1.09725	0
metal7	19	11	936.07	329.6	0	0	0	1.09791	0
metal7	20	11	992.07	329.6	0	0	0	1.09864	0
metal7	21	11	1048.07	329.6	0	0	0	1.09942	0
metal7	22	11	1086.21	329.6	0	0	0	1.1	1
metal7	0	12	14.095	359.6	0	0	0	1.1	1
metal7	1	12	40.07	359.6	0	0	0	1.09947	0
metal7	2	12	96.07	359.6	0	0	0	1.09839	0
metal7	3	12	108.455	359.6	0	0	0	1.09817	0
metal7	4	12	109.295	359.6	0	0	0	1.09816	0
metal7	5	12	152.07	359.6	0	0	0	1.09752	0
metal7	6	12	208.07	359.6	0	0	0	1.09679	0
metal7	7	12	264.07	359.6	0	0	0	1.09617	0
metal7	8	12	320.07	359.6	0	0	0	1.09567	0
metal7	9	12	376.07	359.6	0	0	0	1.09529	0
metal7	10	12	432.07	359.6	0	0	0	1.09503	0
metal7	11	12	488.07	359.6	0	0	0	1.09489	0
metal7	12	12	544.07	359.6	0	0	0	1.09488	0
metal7	13	12	600.07	359.6	0	0	0	1.09499	0
metal7	14	12	656.07	359.6	0	0	0	1.09523	0
metal7	15	12	712.07	359.6	0	0	0	1.09557	0
metal7	16	12	768.07	359.6	0	0	0	1.096	0
metal7	17	12	824.07	359.6	0	0	0	1.09652	0
metal7	18	12	880.07	359.6	0	0	0	1.09714	0
metal7	19	12	936.07	359.6	0	0	0	1.09785	0
metal7	20	12	992.07	359.6	0	0	0	1.09861	0
metal7	21	12	1048.07	359.6	0	0	0	1.09941	0
metal7	22	12	1086.21	359.6	0	0	0	1.1	1
metal7	0	13	14.095	389.6	0	0	0	1.1	1
metal7	1	13	40.07	389.6	0	0	0	1.09931	0
metal7	2	13	96.07	389.6	0	0	0	1.09795	0
metal7	3	13	108.455	389.6	0	0	0	1.09768	0
metal7	4	13	109.295	389.6	0	0	0	1.09766	0
metal7	5	13	152.07	389.6	0	0	0	1.09689	0
metal7	6	13	208.07	389.6	0	0	0	1.09601	0
metal7	7	13	264.07	389.6	0	0	0	1.09528	0
metal7	8	13	320.07	389.6	0	0	0	1.09471	0
metal7	9	13	376.07	389.6	0	0	0	1.0943	0
metal7	10	13	432.07	389.6	0	0	0	1.09407	0
metal7	11	13	488.07	389.6	0	0	0	1.09403	0
metal7	12	13	544.07	389.6	0	0	0	1.09417	0
metal7	13	13	600.07	389.6	0	0	0	1.09441	0
metal7	14	13	656.07	389.6	0	0	0	1.09474	0
metal7	15	13	712.07	389.6	0	0	0	1.09516	0
metal7	16	13	768.07	389.6	0	0	0	1.09567	0
metal7	17	13	824.07	389.6	0	0	0	1.09626	0
metal7	18	13	880.07	389.6	0	0	0	1.09695	0
metal7	19	13	936.07	389.6	0	0	0	1.09771	0
metal7	20	13	992.07	389.6	0	0	0	1.09853	0
metal7	21	13	1048.07	389.6	0	0	0	1.09938	0
metal7	22	13	1086.21	389.6	0	0	0	1.1	1
metal7	0	14	14.095	419.6	0	0	0	1.1	1
metal7	1	14	40.07	419.6	0	0	0	1.09919	0
metal7	2	14	96.07	419.6	0	0	0	1.09762	0
metal7	3	14	108.455	419.6	0	0	0	1.0973	0
metal7	4	14	109.295	419.6	0	0	0	1.09729	0
metal7	5	14	152.07	419.6	0	0	0	1.09638	0
metal7	6	14	208.07	419.6	0	0	0	1.09537	0
metal7	7	14	264.07	419.6	0	0	0	1.09453	0
metal7	8	14	320.07	419.6	0	0	0	1.09386	0
metal7	9	14	376.07	419.6	0	0	0	1.09338	0
metal7	10	14	432.07	419.6	0	0	0	1.09315	0
metal7	11	14	488.07	419.6	0	0	0	1.09317	0
metal7	12	14	544.07	419.6	0	0	0	1.09344	0
metal7	13	14	600.07	419.6	0	0	0	1.09378	0
metal7	14	14	656.07	419.6	0	0	0	1.0942	0
metal7	15	14	712.07	419.6	0	0	0	1.0947	0
metal7	16	14	768.07	419.6	0	0	0	1.09528	0
metal7	17	14	824.07	419.6	0	0	0	1.09595	0
metal7	18	14	880.07	419.6	0	0	0	1.09671	0
metal7	19	14	936.07	419.6	0	0	0	1.09754	0
metal7	20	14	992.07	419.6	0	0	0	1.09842	0
metal7	21	14	1048.07	419.6	0	0	0	1.09933	0
metal7	22	14	1086.21	419.6	0	0	0	1.1	1
metal7	0	15	14.095	449.6	0	0	0	1.1	1
metal7	1	15	40.07	449.6	0	0	0	1.09913	0
metal7	2	15	96.07	449.6	0	0	0	1.09741	0
metal7	3	15	108.455	449.6	0	0	0	1.09707	0
metal7	4	15	109.295	449.6	0	0	0	1.09705	0
metal7	5	15	152.07	449.6	0	0	0	1.09607	0
metal7	6	15	208.07	449.6	0	0	0	1.09496	0
metal7	7	15	264.07	449.6	0	0	0	1.09404	0
metal7	8	15	320.07	449.6	0	0	0	1.0933	0
metal7	9	15	376.07	449.6	0	0	0	1.09278	0
metal7	10	15	432.07	449.6	0	0	0	1.09253	0
metal7	11	15	488.07	449.6	0	0	0	1.09255	0
metal7	12	15	544.07	449.6	0	0	0	1.09284	0
metal7	13	15	600.07	449.6	0	0	0	1.09322	0
metal7	14	15	656.07	449.6	0	0	0	1.09368	0
metal7	15	15	712.07	449.6	0	0	0	1.09424	0
metal7	16	15	768.07	449.6	0	0	0	1.09488	0
metal7	17	15	824.07	449.6	0	0	0	1.09562	0
metal7	18	15	880.07	449.6	0	0	0	1.09645	0
metal7	19	15	936.07	449.6	0	0	0	1.09734	0
metal7	20	15	992.07	449.6	0	0	0	1.09829	0
metal7	21	15	1048.07	449.6	0	0	0	1.09928	0
metal7	22	15	1086.21	449.6	0	0	0	1.1	1
metal7	0	16	14.095	479.6	0	0	0	1.1	1
metal7	1	16	40.07	479.6	0	0	0	1.09908	0
metal7	2	16	96.07	479.6	0	0	0	1.09727	0
metal7	3	16	108.455	479.6	0	0	0	1.09691	0
metal7	4	16	109.295	479.6	0	0	0	1.09688	0
metal7	5	16	152.07	479.6	0	0	0	1.09584	0
metal7	6	16	208.07	479.6	0	0	0	1.09465	0
metal7	7	16	264.07	479.6	0	0	0	1.09366	0
metal7	8	16	320.07	479.6	0	0	0	1.09287	0
metal7	9	16	376.07	479.6	0	0	0	1.09229	0
metal7	10	16	432.07	479.6	0	0	0	1.092	0
metal7	11	16	488.07	479.6	0	0	0	1.092	0
metal7	12	16	544.07	479.6	0	0	0	1.09227	0
metal7	13	16	600.07	479.6	0	0	0	1.09265	0
metal7	14	16	656.07	479.6	0	0	0	1.09314	0
metal7	15	16	712.07	479.6	0	0	0	1.09373	0
metal7	16	16	768.07	479.6	0	0	0	1.09443	0
metal7	17	16	824.07	479.6	0	0	0	1.09524	0
metal7	18	16	880.07	479.6	0	0	0	1.09615	0
metal7	19	16	936.07	479.6	0	0	0	1.09712	0
metal7	20	16	992.07	479.6	0	0	0	1.09815	0
metal7	21	16	1048.07	479.6	0	0	0	1.09922	0
metal7	22	16	1086.21	479.6	0	0	0	1.1	1
metal7	0	17	14.095	509.6	0	0	0	1.1	1
metal7	1	17	40.07	509.6	0	0	0	1.09905	0
metal7	2	17	96.07	509.6	0	0	0	1.09716	0
metal7	3	17	108.455	509.6	0	0	0	1.09679	0
metal7	4	17	109.295	509.6	0	0	0	1.09676	0
metal7	5	17	152.07	509.6	0	0	0	1.09566	0
metal7	6	17	208.07	509.6	0	0	0	1.09441	0
metal7	7	17	264.07	509.6	0	0	0	1.09335	0
metal7	8	17	320.07	509.6	0	0	0	1.09249	0
metal7	9	17	376.07	509.6	0	0	0	1.09185	0
metal7	10	17	432.07	509.6	0	0	0	1.09149	0
metal7	11	17	488.07	509.6	0	0	0	1.09141	0
metal7	12	17	544.07	509.6	0	0	0	1.09161	0
metal7	13	17	600.07	509.6	0	0	0	1.09194	0
metal7	14	17	656.07	509.6	0	0	0	1.0924	0
metal7	15	17	712.07	509.6	0	0	0	1.09302	0
metal7	16	17	768.07	509.6	0	0	0	1.09378	0
metal7	17	17	824.07	509.6	0	0	0	1.09469	0
metal7	18	17	880.07	509.6	0	0	0	1.09573	0
metal7	19	17	936.07	509.6	0	0	0	1.09682	0
metal7	20	17	992.07	509.6	0	0	0	1.09796	0
metal7	21	17	1048.07	509.6	0	0	0	1.09914	0
metal7	22	17	1086.21	509.6	0	0	0	1.1	1
metal7	0	18	14.095	539.6	0	0	0	1.1	1
metal7	1	18	40.07	539.6	0	0	0	1.09902	0
metal7	2	18	96.07	539.6	0	0	0	1.09707	0
metal7	3	18	108.455	539.6	0	0	0	1.09668	0
metal7	4	18	109.295	539.6	0	0	0	1.09666	0
metal7	5	18	152.07	539.6	0	0	0	1.09551	0
metal7	6	18	208.07	539.6	0	0	0	1.09419	0
metal7	7	18	264.07	539.6	0	0	0	1.09307	0
metal7	8	18	320.07	539.6	0	0	0	1.09215	0
metal7	9	18	376.07	539.6	0	0	0	1.09143	0
metal7	10	18	432.07	539.6	0	0	0	1.09099	0
metal7	11	18	488.07	539.6	0	0	0	1.09082	0
metal7	12	18	544.07	539.6	0	0	0	1.09089	0
metal7	13	18	600.07	539.6	0	0	0	1.09111	0
metal7	14	18	656.07	539.6	0	0	0	1.09154	0
metal7	15	18	712.07	539.6	0	0	0	1.09216	0
metal7	16	18	768.07	539.6	0	0	0	1.09299	0
metal7	17	18	824.07	539.6	0	0	0	1.09401	0
metal7	18	18	880.07	539.6	0	0	0	1.09523	0
metal7	19	18	936.07	539.6	0	0	0	1.09648	0
metal7	20	18	992.07	539.6	0	0	0	1.09775	0
metal7	21	18	1048.07	539.6	0	0	0	1.09906	0
metal7	22	18	1086.21	539.6	0	0	0	1.1	1
metal7	0	19	14.095	569.6	0	0	0	1.1	1
metal7	1	19	40.07	569.6	0	0	0	1.099	0
metal7	2	19	96.07	569.6	0	0	0	1.09701	0
metal7	3	19	108.455	569.6	0	0	0	1.09661	0
metal7	4	19	109.295	569.6	0	0	0	1.09659	0
metal7	5	19	152.07	569.6	0	0	0	1.0954	0
metal7	6	19	208.07	569.6	0	0	0	1.09404	0
metal7	7	19	264.07	569.6	0	0	0	1.09288	0
metal7	8	19	320.07	569.6	0	0	0	1.09191	0
metal7	9	19	376.07	569.6	0	0	0	1.09115	0
metal7	10	19	432.07	569.6	0	0	0	1.09066	0
metal7	11	19	488.07	569.6	0	0	0	1.09046	0
metal7	12	19	544.07	569.6	0	0	0	1.09049	0
metal7	13	19	600.07	569.6	0	0	0	1.09068	0
metal7	14	19	656.07	569.6	0	0	0	1.09108	0
metal7	15	19	712.07	569.6	0	0	0	1.09171	0
metal7	16	19	768.07	569.6	0	0	0	1.09257	0
metal7	17	19	824.07	569.6	0	0	0	1.09365	0
metal7	18	19	880.07	569.6	0	0	0	1.09494	0
metal7	19	19	936.07	569.6	0	0	0	1.09627	0
metal7	20	19	992.07	569.6	0	0	0	1.09762	0
metal7	21	19	1048.07	569.6	0	0	0	1.09901	0
metal7	22	19	1086.21	569.6	0	0	0	1.1	1
metal7	0	20	14.095	599.6	0	0	0	1.1	1
metal7	1	20	40.07	599.6	0	0	0	1.09899	0
metal7	2	20	96.07	599.6	0	0	0	1.09697	0
metal7	3	20	108.455	599.6	0	0	0	1.09656	0
metal7	4	20	109.295	599.6	0	0	0	1.09654	0
metal7	5	20	152.07	599.6	0	0	0	1.09533	0
metal7	6	20	208.07	599.6	0	0	0	1.09394	0
metal7	7	20	264.07	599.6	0	0	0	1.09274	0
metal7	8	20	320.07	599.6	0	0	0	1.09175	0
metal7	9	20	376.07	599.6	0	0	0	1.09097	0
metal7	10	20	432.07	599.6	0	0	0	1.09046	0
metal7	11	20	488.07	599.6	0	0	0	1.09024	0
metal7	12	20	544.07	599.6	0	0	0	1.09027	0
metal7	13	20	600.07	599.6	0	0	0	1.09043	0
metal7	14	20	656.07	599.6	0	0	0	1.09083	0
metal7	15	20	712.07	599.6	0	0	0	1.09146	0
metal7	16	20	768.07	599.6	0	0	0	1.09234	0
metal7	17	20	824.07	599.6	0	0	0	1.09345	0
metal7	18	20	880.07	599.6	0	0	0	1.09477	0
metal7	19	20	936.07	599.6	0	0	0	1.09614	0
metal7	20	20	992.07	599.6	0	0	0	1.09754	0
metal7	21	20	1048.07	599.6	0	0	0	1.09897	0
metal7	22	20	1086.21	599.6	0	0	0	1.1	1
metal7	0	21	14.095	629.6	0	0	0	1.1	1
metal7	1	21	40.07	629.6	0	0	0	1.09897	0
metal7	2	21	96.07	629.6	0	0	0	1.09693	0
metal7	3	21	108.455	629.6	0	0	0	1.09651	0
metal7	4	21	109.295	629.6	0	0	0	1.09649	0
metal7	5	21	152.07	629.6	0	0	0	1.09526	0
metal7	6	21	208.07	629.6	0	0	0	1.09384	0
metal7	7	21	264.07	629.6	0	0	0	1.09263	0
metal7	8	21	320.07	629.6	0	0	0	1.09161	0
metal7	9	21	376.07	629.6	0	0	0	1.09081	0
metal7	10	21	432.07	629.6	0	0	0	1.09029	0
metal7	11	21	488.07	629.6	0	0	0	1.09006	0
metal7	12	21	544.07	629.6	0	0	0	1.09008	0
metal7	13	21	600.07	629.6	0	0	0	1.09024	0
metal7	14	21	656.07	629.6	0	0	0	1.09063	0
metal7	15	21	712.07	629.6	0	0	0	1.09127	0
metal7	16	21	768.07	629.6	0	0	0	1.09216	0
metal7	17	21	824.07	629.6	0	0	0	1.09329	0
metal7	18	21	880.07	629.6	0	0	0	1.09464	0
metal7	19	21	936.07	629.6	0	0	0	1.09603	0
metal7	20	21	992.07	629.6	0	0	0	1.09747	0
metal7	21	21	1048.07	629.6	0	0	0	1.09895	0
metal7	22	21	1086.21	629.6	0	0	0	1.1	1
metal7	0	22	14.095	659.6	0	0	0	1.1	1
metal7	1	22	40.07	659.6	0	0	0	1.09896	0
metal7	2	22	96.07	659.6	0	0	0	1.09688	0
metal7	3	22	108.455	659.6	0	0	0	1.09646	0
metal7	4	22	109.295	659.6	0	0	0	1.09643	0
metal7	5	22	152.07	659.6	0	0	0	1.09519	0
metal7	6	22	208.07	659.6	0	0	0	1.09374	0
metal7	7	22	264.07	659.6	0	0	0	1.0925	0
metal7	8	22	320.07	659.6	0	0	0	1.09147	0
metal7	9	22	376.07	659.6	0	0	0	1.09065	0
metal7	10	22	432.07	659.6	0	0	0	1.09012	0
metal7	11	22	488.07	659.6	0	0	0	1.08988	0
metal7	12	22	544.07	659.6	0	0	0	1.08989	0
metal7	13	22	600.07	659.6	0	0	0	1.09004	0
metal7	14	22	656.07	659.6	0	0	0	1.09044	0
metal7	15	22	712.07	659.6	0	0	0	1.09109	0
metal7	16	22	768.07	659.6	0	0	0	1.09199	0
metal7	17	22	824.07	659.6	0	0	0	1.09314	0
metal7	18	22	880.07	659.6	0	0	0	1.09451	0
metal7	19	22	936.07	659.6	0	0	0	1.09594	0
metal7	20	22	992.07	659.6	0	0	0	1.09741	0
metal7	21	22	1048.07	659.6	0	0	0	1.09892	0
metal7	22	22	1086.21	659.6	0	0	0	1.1	1
metal7	0	23	14.095	689.6	0	0	0	1.1	1
metal7	1	23	40.07	689.6	0	0	0	1.09894	0
metal7	2	23	96.07	689.6	0	0	0	1.09683	0
metal7	3	23	108.455	689.6	0	0	0	1.0964	0
metal7	4	23	109.295	689.6	0	0	0	1.09637	0
metal7	5	23	152.07	689.6	0	0	0	1.09511	0
metal7	6	23	208.07	689.6	0	0	0	1.09364	0
metal7	7	23	264.07	689.6	0	0	0	1.09237	0
metal7	8	23	320.07	689.6	0	0	0	1.09131	0
metal7	9	23	376.07	689.6	0	0	0	1.09048	0
metal7	10	23	432.07	689.6	0	0	0	1.08993	0
metal7	11	23	488.07	689.6	0	0	0	1.08968	0
metal7	12	23	544.07	689.6	0	0	0	1.08968	0
metal7	13	23	600.07	689.6	0	0	0	1.08983	0
metal7	14	23	656.07	689.6	0	0	0	1.09024	0
metal7	15	23	712.07	689.6	0	0	0	1.0909	0
metal7	16	23	768.07	689.6	0	0	0	1.09181	0
metal7	17	23	824.07	689.6	0	0	0	1.09298	0
metal7	18	23	880.07	689.6	0	0	0	1.09438	0
metal7	19	23	936.07	689.6	0	0	0	1.09583	0
metal7	20	23	992.07	689.6	0	0	0	1.09734	0
metal7	21	23	1048.07	689.6	0	0	0	1.09889	0
metal7	22	23	1086.21	689.6	0	0	0	1.1	1
metal7	0	24	14.095	719.6	0	0	0	1.1	1
metal7	1	24	40.07	719.6	0	0	0	1.09893	0
metal7	2	24	96.07	719.6	0	0	0	1.09679	0
metal7	3	24	108.455	719.6	0	0	0	1.09635	0
metal7	4	24	109.295	719.6	0	0	0	1.09632	0
metal7	5	24	152.07	719.6	0	0	0	1.09503	0
metal7	6	24	208.07	719.6	0	0	0	1.09353	0
metal7	7	24	264.07	719.6	0	0	0	1.09224	0
metal7	8	24	320.07	719.6	0	0	0	1.09115	0
metal7	9	24	376.07	719.6	0	0	0	1.09028	0
metal7	10	24	432.07	719.6	0	0	0	1.08971	0
metal7	11	24	488.07	719.6	0	0	0	1.08944	0
metal7	12	24	544.07	719.6	0	0	0	1.08943	0
metal7	13	24	600.07	719.6	0	0	0	1.08957	0
metal7	14	24	656.07	719.6	0	0	0	1.08998	0
metal7	15	24	712.07	719.6	0	0	0	1.09065	0
metal7	16	24	768.07	719.6	0	0	0	1.09158	0
metal7	17	24	824.07	719.6	0	0	0	1.09277	0
metal7	18	24	880.07	719.6	0	0	0	1.09421	0
metal7	19	24	936.07	719.6	0	0	0	1.0957	0
metal7	20	24	992.07	719.6	0	0	0	1.09725	0
metal7	21	24	1048.07	719.6	0	0	0	1.09886	0
metal7	22	24	1086.21	719.6	0	0	0	1.1	1
metal7	0	25	14.095	749.6	0	0	0	1.1	1
metal7	1	25	40.07	749.6	0	0	0	1.09891	0
metal7	2	25	96.07	749.6	0	0	0	1.09673	0
metal7	3	25	108.455	749.6	0	0	0	1.09629	0
metal7	4	25	109.295	749.6	0	0	0	1.09626	0
metal7	5	25	152.07	749.6	0	0	0	1.09494	0
metal7	6	25	208.07	749.6	0	0	0	1.0934	0
metal7	7	25	264.07	749.6	0	0	0	1.09206	0
metal7	8	25	320.07	749.6	0	0	0	1.09093	0
metal7	9	25	376.07	749.6	0	0	0	1.09002	0
metal7	10	25	432.07	749.6	0	0	0	1.0894	0
metal7	11	25	488.07	749.6	0	0	0	1.08908	0
metal7	12	25	544.07	749.6	0	0	0	1.08904	0
metal7	13	25	600.07	749.6	0	0	0	1.08917	0
metal7	14	25	656.07	749.6	0	0	0	1.08957	0
metal7	15	25	712.07	749.6	0	0	0	1.09025	0
metal7	16	25	768.07	749.6	0	0	0	1.0912	0
metal7	17	25	824.07	749.6	0	0	0	1.09243	0
metal7	18	25	880.07	749.6	0	0	0	1.09391	0
metal7	19	25	936.07	749.6	0	0	0	1.09547	0
metal7	20	25	992.07	749.6	0	0	0	1.09711	0
metal7	21	25	1048.07	749.6	0	0	0	1.09879	0
metal7	22	25	1086.21	749.6	0	0	0	1.1	1
metal7	0	26	14.095	779.6	0	0	0	1.1	1
metal7	1	26	40.07	779.6	0	0	0	1.0989	0
metal7	2	26	96.07	779.6	0	0	0	1.09669	0
metal7	3	26	108.455	779.6	0	0	0	1.09624	0
metal7	4	26	109.295	779.6	0	0	0	1.09622	0
metal7	5	26	152.07	779.6	0	0	0	1.09487	0
metal7	6	26	208.07	779.6	0	0	0	1.09329	0
metal7	7	26	264.07	779.6	0	0	0	1.0919	0
metal7	8	26	320.07	779.6	0	0	0	1.09071	0
metal7	9	26	376.07	779.6	0	0	0	1.08972	0
metal7	10	26	432.07	779.6	0	0	0	1.08901	0
metal7	11	26	488.07	779.6	0	0	0	1.08857	0
metal7	12	26	544.07	779.6	0	0	0	1.08845	0
metal7	13	26	600.07	779.6	0	0	0	1.08858	0
metal7	14	26	656.07	779.6	0	0	0	1.08899	0
metal7	15	26	712.07	779.6	0	0	0	1.08967	0
metal7	16	26	768.07	779.6	0	0	0	1.09064	0
metal7	17	26	824.07	779.6	0	0	0	1.09188	0
metal7	18	26	880.07	779.6	0	0	0	1.09339	0
metal7	19	26	936.07	779.6	0	0	0	1.0951	0
metal7	20	26	992.07	779.6	0	0	0	1.09687	0
metal7	21	26	1048.07	779.6	0	0	0	1.0987	0
metal7	22	26	1086.21	779.6	0	0	0	1.1	1
metal7	0	27	14.095	809.6	0	0	0	1.1	1
metal7	1	27	40.07	809.6	0	0	0	1.09889	0
metal7	2	27	96.07	809.6	0	0	0	1.09668	0
metal7	3	27	108.455	809.6	0	0	0	1.09623	0
metal7	4	27	109.295	809.6	0	0	0	1.0962	0
metal7	5	27	152.07	809.6	0	0	0	1.09484	0
metal7	6	27	208.07	809.6	0	0	0	1.09323	0
metal7	7	27	264.07	809.6	0	0	0	1.09181	0
metal7	8	27	320.07	809.6	0	0	0	1.09057	0
metal7	9	27	376.07	809.6	0	0	0	1.08954	0
metal7	10	27	432.07	809.6	0	0	0	1.08877	0
metal7	11	27	488.07	809.6	0	0	0	1.08827	0
metal7	12	27	544.07	809.6	0	0	0	1.08811	0
metal7	13	27	600.07	809.6	0	0	0	1.08823	0
metal7	14	27	656.07	809.6	0	0	0	1.08863	0
metal7	15	27	712.07	809.6	0	0	0	1.08932	0
metal7	16	27	768.07	809.6	0	0	0	1.09029	0
metal7	17	27	824.07	809.6	0	0	0	1.09155	0
metal7	18	27	880.07	809.6	0	0	0	1.09309	0
metal7	19	27	936.07	809.6	0	0	0	1.09487	0
metal7	20	27	992.07	809.6	0	0	0	1.09672	0
metal7	21	27	1048.07	809.6	0	0	0	1.09864	0
metal7	22	27	1086.21	809.6	0	0	0	1.1	1
metal7	0	28	14.095	839.6	0	0	0	1.1	1
metal7	1	28	40.07	839.6	0	0	0	1.0989	0
metal7	2	28	96.07	839.6	0	0	0	1.09671	0
metal7	3	28	108.455	839.6	0	0	0	1.09626	0
metal7	4	28	109.295	839.6	0	0	0	1.09623	0
metal7	5	28	152.07	839.6	0	0	0	1.09487	0
metal7	6	28	208.07	839.6	0	0	0	1.09326	0
metal7	7	28	264.07	839.6	0	0	0	1.09183	0
metal7	8	28	320.07	839.6	0	0	0	1.09059	0
metal7	9	28	376.07	839.6	0	0	0	1.08953	0
metal7	10	28	432.07	839.6	0	0	0	1.08874	0
metal7	11	28	488.07	839.6	0	0	0	1.08822	0
metal7	12	28	544.07	839.6	0	0	0	1.08803	0
metal7	13	28	600.07	839.6	0	0	0	1.08813	0
metal7	14	28	656.07	839.6	0	0	0	1.08853	0
metal7	15	28	712.07	839.6	0	0	0	1.08921	0
metal7	16	28	768.07	839.6	0	0	0	1.09018	0
metal7	17	28	824.07	839.6	0	0	0	1.09145	0
metal7	18	28	880.07	839.6	0	0	0	1.093	0
metal7	19	28	936.07	839.6	0	0	0	1.0948	0
metal7	20	28	992.07	839.6	0	0	0	1.09667	0
metal7	21	28	1048.07	839.6	0	0	0	1.09862	0
metal7	22	28	1086.21	839.6	0	0	0	1.1	1
metal7	0	29	14.095	869.6	0	0	0	1.1	1
metal7	1	29	40.07	869.6	0	0	0	1.09894	0
metal7	2	29	96.07	869.6	0	0	0	1.09682	0
metal7	3	29	108.455	869.6	0	0	0	1.09639	0
metal7	4	29	109.295	869.6	0	0	0	1.09636	0
metal7	5	29	152.07	869.6	0	0	0	1.09503	0
metal7	6	29	208.07	869.6	0	0	0	1.09345	0
metal7	7	29	264.07	869.6	0	0	0	1.09204	0
metal7	8	29	320.07	869.6	0	0	0	1.0908	0
metal7	9	29	376.07	869.6	0	0	0	1.08973	0
metal7	10	29	432.07	869.6	0	0	0	1.08893	0
metal7	11	29	488.07	869.6	0	0	0	1.08838	0
metal7	12	29	544.07	869.6	0	0	0	1.08817	0
metal7	13	29	600.07	869.6	0	0	0	1.08826	0
metal7	14	29	656.07	869.6	0	0	0	1.08863	0
metal7	15	29	712.07	869.6	0	0	0	1.0893	0
metal7	16	29	768.07	869.6	0	0	0	1.09025	0
metal7	17	29	824.07	869.6	0	0	0	1.0915	0
metal7	18	29	880.07	869.6	0	0	0	1.09305	0
metal7	19	29	936.07	869.6	0	0	0	1.09484	0
metal7	20	29	992.07	869.6	0	0	0	1.0967	0
metal7	21	29	1048.07	869.6	0	0	0	1.09863	0
metal7	22	29	1086.21	869.6	0	0	0	1.1	1
metal7	0	30	14.095	899.6	0	0	0	1.1	1
metal7	1	30	40.07	899.6	0	0	0	1.09905	0
metal7	2	30	96.07	899.6	0	0	0	1.09712	0
metal7	3	30	108.455	899.6	0	0	0	1.09673	0
metal7	4	30	109.295	899.6	0	0	0	1.0967	0
metal7	5	30	152.07	899.6	0	0	0	1.09546	0
metal7	6	30	208.07	899.6	0	0	0	1.09396	0
metal7	7	30	264.07	899.6	0	0	0	1.09259	0
metal7	8	30	320.07	899.6	0	0	0	1.09134	0
metal7	9	30	376.07	899.6	0	0	0	1.09023	0
metal7	10	30	432.07	899.6	0	0	0	1.08938	0
metal7	11	30	488.07	899.6	0	0	0	1.0888	0
metal7	12	30	544.07	899.6	0	0	0	1.08855	0
metal7	13	30	600.07	899.6	0	0	0	1.0886	0
metal7	14	30	656.07	899.6	0	0	0	1.08895	0
metal7	15	30	712.07	899.6	0	0	0	1.08958	0
metal7	16	30	768.07	899.6	0	0	0	1.09051	0
metal7	17	30	824.07	899.6	0	0	0	1.09173	0
metal7	18	30	880.07	899.6	0	0	0	1.09326	0
metal7	19	30	936.07	899.6	0	0	0	1.09501	0
metal7	20	30	992.07	899.6	0	0	0	1.09683	0
metal7	21	30	1048.07	899.6	0	0	0	1.09869	0
metal7	22	30	1086.21	899.6	0	0	0	1.1	1
metal7	0	31	14.095	929.6	0	0	0	1.1	1
metal7	1	31	40.07	929.6	0	0	0	1.09923	0
metal7	2	31	96.07	929.6	0	0	0	1.09762	0
metal7	3	31	108.455	929.6	0	0	0	1.09728	0
metal7	4	31	109.295	929.6	0	0	0	1.09726	0
metal7	5	31	152.07	929.6	0	0	0	1.09616	0
metal7	6	31	208.07	929.6	0	0	0	1.09478	0
metal7	7	31	264.07	929.6	0	0	0	1.09347	0
metal7	8	31	320.07	929.6	0	0	0	1.0922	0
metal7	9	31	376.07	929.6	0	0	0	1.09101	0
metal7	10	31	432.07	929.6	0	0	0	1.09009	0
metal7	11	31	488.07	929.6	0	0	0	1.08946	0
metal7	12	31	544.07	929.6	0	0	0	1.08917	0
metal7	13	31	600.07	929.6	0	0	0	1.08918	0
metal7	14	31	656.07	929.6	0	0	0	1.08947	0
metal7	15	31	712.07	929.6	0	0	0	1.09006	0
metal7	16	31	768.07	929.6	0	0	0	1.09094	0
metal7	17	31	824.07	929.6	0	0	0	1.09211	0
metal7	18	31	880.07	929.6	0	0	0	1.09358	0
metal7	19	31	936.07	929.6	0	0	0	1.09527	0
metal7	20	31	992.07	929.6	0	0	0	1.097	0
metal7	21	31	1048.07	929.6	0	0	0	1.09876	0
metal7	22	31	1086.21	929.6	0	0	0	1.1	1
metal7	0	32	14.095	959.6	0	0	0	1.1	1
metal7	1	32	40.07	959.6	0	0	0	1.09933	0
metal7	2	32	96.07	959.6	0	0	0	1.09792	0
metal7	3	32	108.455	959.6	0	0	0	1.09763	0
metal7	4	32	109.295	959.6	0	0	0	1.09761	0
metal7	5	32	152.07	959.6	0	0	0	1.09662	0
metal7	6	32	208.07	959.6	0	0	0	1.09537	0
metal7	7	32	264.07	959.6	0	0	0	1.09415	0
metal7	8	32	320.07	959.6	0	0	0	1.09296	0
metal7	9	32	376.07	959.6	0	0	0	1.09181	0
metal7	10	32	432.07	959.6	0	0	0	1.09092	0
metal7	11	32	488.07	959.6	0	0	0	1.09029	0
metal7	12	32	544.07	959.6	0	0	0	1.08999	0
metal7	13	32	600.07	959.6	0	0	0	1.08997	0
metal7	14	32	656.07	959.6	0	0	0	1.09022	0
metal7	15	32	712.07	959.6	0	0	0	1.09075	0
metal7	16	32	768.07	959.6	0	0	0	1.09155	0
metal7	17	32	824.07	959.6	0	0	0	1.09263	0
metal7	18	32	880.07	959.6	0	0	0	1.09399	0
metal7	19	32	936.07	959.6	0	0	0	1.09557	0
metal7	20	32	992.07	959.6	0	0	0	1.09718	0
metal7	21	32	1048.07	959.6	0	0	0	1.09883	0
metal7	22	32	1086.21	959.6	0	0	0	1.1	1
metal7	0	33	14.095	989.6	0	0	0	1.1	1
metal7	1	33	40.07	989.6	0	0	0	1.09942	0
metal7	2	33	96.07	989.6	0	0	0	1.0982	0
metal7	3	33	108.455	989.6	0	0	0	1.09793	0
metal7	4	33	109.295	989.6	0	0	0	1.09792	0
metal7	5	33	152.07	989.6	0	0	0	1.09705	0
metal7	6	33	208.07	989.6	0	0	0	1.09593	0
metal7	7	33	264.07	989.6	0	0	0	1.09485	0
metal7	8	33	320.07	989.6	0	0	0	1.09381	0
metal7	9	33	376.07	989.6	0	0	0	1.09281	0
metal7	10	33	432.07	989.6	0	0	0	1.09203	0
metal7	11	33	488.07	989.6	0	0	0	1.09148	0
metal7	12	33	544.07	989.6	0	0	0	1.0912	0
metal7	13	33	600.07	989.6	0	0	0	1.09117	0
metal7	14	33	656.07	989.6	0	0	0	1.09138	0
metal7	15	33	712.07	989.6	0	0	0	1.09182	0
metal7	16	33	768.07	989.6	0	0	0	1.09251	0
metal7	17	33	824.07	989.6	0	0	0	1.09343	0
metal7	18	33	880.07	989.6	0	0	0	1.09458	0
metal7	19	33	936.07	989.6	0	0	0	1.09592	0
metal7	20	33	992.07	989.6	0	0	0	1.09731	0
metal7	21	33	1048.07	989.6	0	0	0	1.09881	0
metal7	22	33	1086.21	989.6	0	0	0	1.1	1
metal7	0	34	14.095	1000.87	0	0	0	1.1	1
metal7	1	34	40.07	1000.87	0	0	0	1.09945	0
metal7	2	34	96.07	1000.87	0	0	0	1.09828	0
metal7	3	34	108.455	1000.87	0	0	0	1.09803	0
metal7	4	34	109.295	1000.87	0	0	0	1.09801	0
metal7	5	34	152.07	1000.87	0	0	0	1.09717	0
metal7	6	34	208.07	1000.87	0	0	0	1.09611	0
metal7	7	34	264.07	1000.87	0	0	0	1.09507	0
metal7	8	34	320.07	1000.87	0	0	0	1.09407	0
metal7	9	34	376.07	1000.87	0	0	0	1.09313	0
metal7	10	34	432.07	1000.87	0	0	0	1.09238	0
metal7	11	34	488.07	1000.87	0	0	0	1.09185	0
metal7	12	34	544.07	1000.87	0	0	0	1.09158	0
metal7	13	34	600.07	1000.87	0	0	0	1.09154	0
metal7	14	34	656.07	1000.87	0	0	0	1.09174	0
metal7	15	34	712.07	1000.87	0	0	0	1.09216	0
metal7	16	34	768.07	1000.87	0	0	0	1.09281	0
metal7	17	34	824.07	1000.87	0	0	0	1.09368	0
metal7	18	34	880.07	1000.87	0	0	0	1.09474	0
metal7	19	34	936.07	1000.87	0	0	0	1.09593	0
metal7	20	34	992.07	1000.87	0	0	0	1.09708	0
metal7	21	34	1048.07	1000.87	0	0	0	1.09809	0
metal7	22	34	1086.21	1000.87	0	0	0	1.09855	0
metal7	0	35	14.095	1019.6	0	0	0	1.1	1
metal7	1	35	40.07	1019.6	0	0	0	1.09947	0
metal7	2	35	96.07	1019.6	0	0	0	1.09836	0
metal7	3	35	108.455	1019.6	0	0	0	1.09813	0
metal7	4	35	109.295	1019.6	0	0	0	1.09811	0
metal7	5	35	152.07	1019.6	0	0	0	1.09732	0
metal7	6	35	208.07	1019.6	0	0	0	1.0963	0
metal7	7	35	264.07	1019.6	0	0	0	1.0953	0
metal7	8	35	320.07	1019.6	0	0	0	1.09431	0
metal7	9	35	376.07	1019.6	0	0	0	1.09335	0
metal7	10	35	432.07	1019.6	0	0	0	1.09261	0
metal7	11	35	488.07	1019.6	0	0	0	1.09207	0
metal7	12	35	544.07	1019.6	0	0	0	1.09181	0
metal7	13	35	600.07	1019.6	0	0	0	1.09177	0
metal7	14	35	656.07	1019.6	0	0	0	1.09196	0
metal7	15	35	712.07	1019.6	0	0	0	1.09237	0
metal7	16	35	768.07	1019.6	0	0	0	1.09301	0
metal7	17	35	824.07	1019.6	0	0	0	1.09388	0
metal7	18	35	880.07	1019.6	0	0	0	1.09497	0
metal7	19	35	936.07	1019.6	0	0	0	1.09625	0
metal7	20	35	992.07	1019.6	0	0	0	1.09756	0
metal7	21	35	1048.07	1019.6	0	0	0	1.09894	0
metal7	22	35	1086.21	1019.6	0	0	0	1.1	1
metal7	0	36	14.095	1049.6	0	0	0	1.1	1
metal7	1	36	40.07	1049.6	0	0	0	1.09951	0
metal7	2	36	96.07	1049.6	0	0	0	1.0985	0
metal7	3	36	108.455	1049.6	0	0	0	1.09828	0
metal7	4	36	109.295	1049.6	0	0	0	1.09827	0
metal7	5	36	152.07	1049.6	0	0	0	1.09755	0
metal7	6	36	208.07	1049.6	0	0	0	1.09663	0
metal7	7	36	264.07	1049.6	0	0	0	1.09572	0
metal7	8	36	320.07	1049.6	0	0	0	1.0948	0
metal7	9	36	376.07	1049.6	0	0	0	1.09389	0
metal7	10	36	432.07	1049.6	0	0	0	1.09318	0
metal7	11	36	488.07	1049.6	0	0	0	1.09268	0
metal7	12	36	544.07	1049.6	0	0	0	1.09245	0
metal7	13	36	600.07	1049.6	0	0	0	1.09242	0
metal7	14	36	656.07	1049.6	0	0	0	1.0926	0
metal7	15	36	712.07	1049.6	0	0	0	1.09299	0
metal7	16	36	768.07	1049.6	0	0	0	1.09358	0
metal7	17	36	824.07	1049.6	0	0	0	1.0944	0
metal7	18	36	880.07	1049.6	0	0	0	1.09544	0
metal7	19	36	936.07	1049.6	0	0	0	1.09665	0
metal7	20	36	992.07	1049.6	0	0	0	1.09788	0
metal7	21	36	1048.07	1049.6	0	0	0	1.09912	0
metal7	22	36	1086.21	1049.6	0	0	0	1.1	1
metal7	0	37	14.095	1079.6	0	0	0	1.1	1
metal7	1	37	40.07	1079.6	0	0	0	1.09958	0
metal7	2	37	96.07	1079.6	0	0	0	1.0987	0
metal7	3	37	108.455	1079.6	0	0	0	1.09851	0
metal7	4	37	109.295	1079.6	0	0	0	1.0985	0
metal7	5	37	152.07	1079.6	0	0	0	1.09789	0
metal7	6	37	208.07	1079.6	0	0	0	1.09712	0
metal7	7	37	264.07	1079.6	0	0	0	1.09638	0
metal7	8	37	320.07	1079.6	0	0	0	1.09569	0
metal7	9	37	376.07	1079.6	0	0	0	1.09505	0
metal7	10	37	432.07	1079.6	0	0	0	1.09455	0
metal7	11	37	488.07	1079.6	0	0	0	1.09421	0
metal7	12	37	544.07	1079.6	0	0	0	1.09404	0
metal7	13	37	600.07	1079.6	0	0	0	1.09403	0
metal7	14	37	656.07	1079.6	0	0	0	1.0942	0
metal7	15	37	712.07	1079.6	0	0	0	1.09452	0
metal7	16	37	768.07	1079.6	0	0	0	1.09501	0
metal7	17	37	824.07	1079.6	0	0	0	1.09565	0
metal7	18	37	880.07	1079.6	0	0	0	1.09644	0
metal7	19	37	936.07	1079.6	0	0	0	1.09736	0
metal7	20	37	992.07	1079.6	0	0	0	1.09831	0
metal7	21	37	1048.07	1079.6	0	0	0	1.0993	0
metal7	22	37	1086.21	1079.6	0	0	0	1.1	1
metal7	0	38	14.095	1086.47	0	0	0	1.1	1
metal7	1	38	40.07	1086.47	0	0	0	1.0996	0
metal7	2	38	96.07	1086.47	0	0	0	1.09874	0
metal7	3	38	108.455	1086.47	0	0	0	1.09855	0
metal7	4	38	109.295	1086.47	0	0	0	1.09854	0
metal7	5	38	152.07	1086.47	0	0	0	1.09794	0
metal7	6	38	208.07	1086.47	0	0	0	1.09719	0
metal7	7	38	264.07	1086.47	0	0	0	1.09649	0
metal7	8	38	320.07	1086.47	0	0	0	1.09584	0
metal7	9	38	376.07	1086.47	0	0	0	1.09527	0
metal7	10	38	432.07	1086.47	0	0	0	1.09482	0
metal7	11	38	488.07	1086.47	0	0	0	1.09451	0
metal7	12	38	544.07	1086.47	0	0	0	1.09435	0
metal7	13	38	600.07	1086.47	0	0	0	1.09434	0
metal7	14	38	656.07	1086.47	0	0	0	1.0945	0
metal7	15	38	712.07	1086.47	0	0	0	1.09482	0
metal7	16	38	768.07	1086.47	0	0	0	1.09528	0
metal7	17	38	824.07	1086.47	0	0	0	1.0959	0
metal7	18	38	880.07	1086.47	0	0	0	1.09664	0
metal7	19	38	936.07	1086.47	0	0	0	1.09748	0
metal7	20	38	992.07	1086.47	0	0	0	1.09839	0
metal7	21	38	1048.07	1086.47	0	0	0	1.09933	0
metal7	22	38	1086.21	1086.47	0	0	0	1.1	1
