id	layer_idx	layer_name	x_um	y_um	v_v	fixed	i_load_a
0	1	metal6	194.97	239.6	1.09953	0	0
1	2	metal7	194.97	239.6	1.09953	0	0
2	1	metal6	194.97	209.6	1.09953	0	0
3	2	metal7	194.97	209.6	1.09954	0	0
4	1	metal6	184.97	239.6	1.09953	0	0
5	2	metal7	184.97	239.6	1.09953	0	0
6	1	metal6	184.97	209.6	1.09953	0	0
7	2	metal7	184.97	209.6	1.09954	0	0
8	1	metal6	174.97	239.6	1.09953	0	0
9	2	metal7	174.97	239.6	1.09953	0	0
10	1	metal6	174.97	209.6	1.09953	0	0
11	2	metal7	174.97	209.6	1.09954	0	0
12	1	metal6	164.97	239.6	1.09952	0	0
13	2	metal7	164.97	239.6	1.09953	0	0
14	1	metal6	164.97	209.6	1.09953	0	0
15	2	metal7	164.97	209.6	1.09953	0	0
16	1	metal6	154.97	239.6	1.09952	0	0
17	2	metal7	154.97	239.6	1.09953	0	0
18	1	metal6	154.97	209.6	1.09952	0	0
19	2	metal7	154.97	209.6	1.09953	0	0
20	1	metal6	144.97	239.6	1.09952	0	0
21	2	metal7	144.97	239.6	1.09952	0	0
22	1	metal6	144.97	209.6	1.09952	0	0
23	2	metal7	144.97	209.6	1.09953	0	0
24	1	metal6	134.97	239.6	1.09952	0	0
25	2	metal7	134.97	239.6	1.09952	0	0
26	1	metal6	134.97	209.6	1.09952	0	0
27	2	metal7	134.97	209.6	1.09953	0	0
28	1	metal6	124.97	239.6	1.09952	0	0
29	2	metal7	124.97	239.6	1.09952	0	0
30	1	metal6	124.97	209.6	1.09952	0	0
31	2	metal7	124.97	209.6	1.09952	0	0
32	0	metal5	194.97	246.315	1.09953	0	0
33	1	metal6	194.97	246.315	1.09953	0	0
34	0	metal5	194.97	236.315	1.09952	0	0
35	1	metal6	194.97	236.315	1.09953	0	0
36	0	metal5	194.97	226.315	1.09953	0	0
37	1	metal6	194.97	226.315	1.09953	0	0
38	0	metal5	194.97	216.315	1.09953	0	0
39	1	metal6	194.97	216.315	1.09953	0	0
40	0	metal5	194.97	206.315	1.09953	0	0
41	1	metal6	194.97	206.315	1.09953	0	0
42	0	metal5	194.97	196.315	1.09953	0	0
43	1	metal6	194.97	196.315	1.09953	0	0
44	0	metal5	184.97	246.315	1.09953	0	0
45	1	metal6	184.97	246.315	1.09953	0	0
46	0	metal5	184.97	236.315	1.09952	0	0
47	1	metal6	184.97	236.315	1.09953	0	0
48	0	metal5	184.97	226.315	1.09953	0	0
49	1	metal6	184.97	226.315	1.09953	0	0
50	0	metal5	184.97	216.315	1.09953	0	0
51	1	metal6	184.97	216.315	1.09953	0	0
52	0	metal5	184.97	206.315	1.09953	0	0
53	1	metal6	184.97	206.315	1.09953	0	0
54	0	metal5	184.97	196.315	1.09953	0	0
55	1	metal6	184.97	196.315	1.09953	0	0
56	0	metal5	174.97	246.315	1.09953	0	0
57	1	metal6	174.97	246.315	1.09953	0	0
58	0	metal5	174.97	236.315	1.09952	0	0
59	1	metal6	174.97	236.315	1.09953	0	0
60	0	metal5	174.97	226.315	1.09953	0	0
61	1	metal6	174.97	226.315	1.09953	0	0
62	0	metal5	174.97	216.315	1.09952	0	0
63	1	metal6	174.97	216.315	1.09953	0	0
64	0	metal5	174.97	206.315	1.09953	0	0
65	1	metal6	174.97	206.315	1.09953	0	0
66	0	metal5	174.97	196.315	1.09953	0	0
67	1	metal6	174.97	196.315	1.09953	0	0
68	0	metal5	164.97	246.315	1.09952	0	0
69	1	metal6	164.97	246.315	1.09952	0	0
70	0	metal5	164.97	236.315	1.09952	0	0
71	1	metal6	164.97	236.315	1.09952	0	0
72	0	metal5	164.97	226.315	1.09952	0	0
73	1	metal6	164.97	226.315	1.09952	0	0
74	0	metal5	164.97	216.315	1.09952	0	0
75	1	metal6	164.97	216.315	1.09952	0	0
76	0	metal5	164.97	206.315	1.09953	0	0
77	1	metal6	164.97	206.315	1.09953	0	0
78	0	metal5	164.97	196.315	1.09953	0	0
79	1	metal6	164.97	196.315	1.09953	0	0
80	0	metal5	154.97	246.315	1.09952	0	0
81	1	metal6	154.97	246.315	1.09952	0	0
82	0	metal5	154.97	236.315	1.09952	0	0
83	1	metal6	154.97	236.315	1.09952	0	0
84	0	metal5	154.97	226.315	1.09952	0	0
85	1	metal6	154.97	226.315	1.09952	0	0
86	0	metal5	154.97	216.315	1.0995	0	0
87	1	metal6	154.97	216.315	1.09952	0	0
88	0	metal5	154.97	206.315	1.09952	0	0
89	1	metal6	154.97	206.315	1.09952	0	0
90	0	metal5	154.97	196.315	1.09952	0	0
91	1	metal6	154.97	196.315	1.09952	0	0
92	0	metal5	144.97	246.315	1.09952	0	0
93	1	metal6	144.97	246.315	1.09952	0	0
94	0	metal5	144.97	236.315	1.09952	0	0
95	1	metal6	144.97	236.315	1.09952	0	0
96	0	metal5	144.97	226.315	1.09952	0	0
97	1	metal6	144.97	226.315	1.09952	0	0
98	0	metal5	144.97	216.315	1.09951	0	0
99	1	metal6	144.97	216.315	1.09952	0	0
100	0	metal5	144.97	206.315	1.09952	0	0
101	1	metal6	144.97	206.315	1.09952	0	0
102	0	metal5	144.97	196.315	1.09952	0	0
103	1	metal6	144.97	196.315	1.09952	0	0
104	0	metal5	134.97	246.315	1.09952	0	0
105	1	metal6	134.97	246.315	1.09952	0	0
106	0	metal5	134.97	236.315	1.09952	0	0
107	1	metal6	134.97	236.315	1.09952	0	0
108	0	metal5	134.97	226.315	1.09952	0	0
109	1	metal6	134.97	226.315	1.09952	0	0
110	0	metal5	134.97	216.315	1.09952	0	0
111	1	metal6	134.97	216.315	1.09952	0	0
112	0	metal5	134.97	206.315	1.09952	0	0
113	1	metal6	134.97	206.315	1.09952	0	0
114	0	metal5	134.97	196.315	1.09952	0	0
115	1	metal6	134.97	196.315	1.09952	0	0
116	0	metal5	124.97	246.315	1.09952	0	0
117	1	metal6	124.97	246.315	1.09952	0	0
118	0	metal5	124.97	236.315	1.09952	0	0
119	1	metal6	124.97	236.315	1.09952	0	0
120	0	metal5	124.97	226.315	1.09952	0	0
121	1	metal6	124.97	226.315	1.09952	0	0
122	0	metal5	124.97	216.315	1.09952	0	0
123	1	metal6	124.97	216.315	1.09952	0	0
124	0	metal5	124.97	206.315	1.09952	0	0
125	1	metal6	124.97	206.315	1.09952	0	0
126	0	metal5	124.97	196.315	1.09952	0	0
127	1	metal6	124.97	196.315	1.09952	0	0
128	3	metal4	190.83	246.315	1.09953	0	0
129	0	metal5	190.83	246.315	1.09953	0	0
130	3	metal4	190.83	236.315	1.09952	0	0
131	0	metal5	190.83	236.315	1.09952	0	0
132	3	metal4	190.83	226.315	1.09953	0	0
133	0	metal5	190.83	226.315	1.09953	0	0
134	3	metal4	190.83	216.315	1.09953	0	0
135	0	metal5	190.83	216.315	1.09953	0	0
136	3	metal4	190.83	206.315	1.09953	0	0
137	0	metal5	190.83	206.315	1.09953	0	0
138	3	metal4	190.83	196.315	1.09953	0	0
139	0	metal5	190.83	196.315	1.09953	0	0
140	3	metal4	186.35	246.315	1.09953	0	0
141	0	metal5	186.35	246.315	1.09953	0	0
142	3	metal4	186.35	236.315	1.09952	0	0
143	0	metal5	186.35	236.315	1.09952	0	0
144	3	metal4	186.35	226.315	1.09953	0	0
145	0	metal5	186.35	226.315	1.09953	0	0
146	3	metal4	186.35	216.315	1.09953	0	0
147	0	metal5	186.35	216.315	1.09953	0	0
148	3	metal4	186.35	206.315	1.09953	0	0
149	0	metal5	186.35	206.315	1.09953	0	0
150	3	metal4	186.35	196.315	1.09953	0	0
151	0	metal5	186.35	196.315	1.09953	0	0
152	3	metal4	181.87	246.315	1.09953	0	0
153	0	metal5	181.87	246.315	1.09953	0	0
154	3	metal4	181.87	236.315	1.09952	0	0
155	0	metal5	181.87	236.315	1.09952	0	0
156	3	metal4	181.87	226.315	1.09953	0	0
157	0	metal5	181.87	226.315	1.09953	0	0
158	3	metal4	181.87	216.315	1.09952	0	0
159	0	metal5	181.87	216.315	1.09952	0	0
160	3	metal4	181.87	206.315	1.09953	0	0
161	0	metal5	181.87	206.315	1.09953	0	0
162	3	metal4	181.87	196.315	1.09953	0	0
163	0	metal5	181.87	196.315	1.09953	0	0
164	3	metal4	177.39	246.315	1.09953	0	0
165	0	metal5	177.39	246.315	1.09953	0	0
166	3	metal4	177.39	236.315	1.0995	0	0.000559992
167	0	metal5	177.39	236.315	1.09952	0	0
168	3	metal4	177.39	226.315	1.09953	0	0
169	0	metal5	177.39	226.315	1.09953	0	0
170	3	metal4	177.39	216.315	1.09952	0	0
171	0	metal5	177.39	216.315	1.09952	0	0
172	3	metal4	177.39	206.315	1.09953	0	0
173	0	metal5	177.39	206.315	1.09953	0	0
174	3	metal4	177.39	196.315	1.09953	0	0
175	0	metal5	177.39	196.315	1.09953	0	0
176	3	metal4	172.91	246.315	1.09953	0	0
177	0	metal5	172.91	246.315	1.09953	0	0
178	3	metal4	172.91	236.315	1.09952	0	0
179	0	metal5	172.91	236.315	1.09952	0	0
180	3	metal4	172.91	226.315	1.09953	0	0
181	0	metal5	172.91	226.315	1.09953	0	0
182	3	metal4	172.91	216.315	1.09952	0	0
183	0	metal5	172.91	216.315	1.09952	0	0
184	3	metal4	172.91	206.315	1.09953	0	0
185	0	metal5	172.91	206.315	1.09953	0	0
186	3	metal4	172.91	196.315	1.09953	0	0
187	0	metal5	172.91	196.315	1.09953	0	0
188	3	metal4	168.43	246.315	1.09953	0	0
189	0	metal5	168.43	246.315	1.09953	0	0
190	3	metal4	168.43	236.315	1.09952	0	0
191	0	metal5	168.43	236.315	1.09952	0	0
192	3	metal4	168.43	226.315	1.09952	0	0
193	0	metal5	168.43	226.315	1.09952	0	0
194	3	metal4	168.43	216.315	1.09952	0	0
195	0	metal5	168.43	216.315	1.09952	0	0
196	3	metal4	168.43	206.315	1.09953	0	0
197	0	metal5	168.43	206.315	1.09953	0	0
198	3	metal4	168.43	196.315	1.09953	0	0
199	0	metal5	168.43	196.315	1.09953	0	0
200	3	metal4	163.95	246.315	1.09952	0	0
201	0	metal5	163.95	246.315	1.09952	0	0
202	3	metal4	163.95	236.315	1.09952	0	0
203	0	metal5	163.95	236.315	1.09952	0	0
204	3	metal4	163.95	226.315	1.09952	0	0
205	0	metal5	163.95	226.315	1.09952	0	0
206	3	metal4	163.95	216.315	1.09951	0	0
207	0	metal5	163.95	216.315	1.09951	0	0
208	3	metal4	163.95	206.315	1.09953	0	0
209	0	metal5	163.95	206.315	1.09953	0	0
210	3	metal4	163.95	196.315	1.09953	0	0
211	0	metal5	163.95	196.315	1.09953	0	0
212	3	metal4	159.47	246.315	1.09952	0	0
213	0	metal5	159.47	246.315	1.09952	0	0
214	3	metal4	159.47	236.315	1.09952	0	0
215	0	metal5	159.47	236.315	1.09952	0	0
216	3	metal4	159.47	226.315	1.09952	0	0
217	0	metal5	159.47	226.315	1.09952	0	0
218	3	metal4	159.47	216.315	1.09951	0	0
219	0	metal5	159.47	216.315	1.09951	0	0
220	3	metal4	159.47	206.315	1.09953	0	0
221	0	metal5	159.47	206.315	1.09953	0	0
222	3	metal4	159.47	196.315	1.09953	0	0
223	0	metal5	159.47	196.315	1.09953	0	0
224	3	metal4	154.99	246.315	1.09952	0	0
225	0	metal5	154.99	246.315	1.09952	0	0
226	3	metal4	154.99	236.315	1.09952	0	0
227	0	metal5	154.99	236.315	1.09952	0	0
228	3	metal4	154.99	226.315	1.09952	0	0
229	0	metal5	154.99	226.315	1.09952	0	0
230	3	metal4	154.99	216.315	1.0995	0	0
231	0	metal5	154.99	216.315	1.0995	0	0.00168182
232	3	metal4	154.99	206.315	1.09952	0	0
233	0	metal5	154.99	206.315	1.09952	0	0
234	3	metal4	154.99	196.315	1.09952	0	0
235	0	metal5	154.99	196.315	1.09952	0	0
236	3	metal4	150.51	246.315	1.09952	0	0
237	0	metal5	150.51	246.315	1.09952	0	0
238	3	metal4	150.51	236.315	1.09952	0	0
239	0	metal5	150.51	236.315	1.09952	0	0
240	3	metal4	150.51	226.315	1.09952	0	0
241	0	metal5	150.51	226.315	1.09952	0	0
242	3	metal4	150.51	216.315	1.09951	0	0
243	0	metal5	150.51	216.315	1.09951	0	0
244	3	metal4	150.51	206.315	1.09952	0	0
245	0	metal5	150.51	206.315	1.09952	0	0
246	3	metal4	150.51	196.315	1.09952	0	0
247	0	metal5	150.51	196.315	1.09952	0	0
248	3	metal4	146.03	246.315	1.09952	0	0
249	0	metal5	146.03	246.315	1.09952	0	0
250	3	metal4	146.03	236.315	1.09952	0	0
251	0	metal5	146.03	236.315	1.09952	0	0
252	3	metal4	146.03	226.315	1.09952	0	0
253	0	metal5	146.03	226.315	1.09952	0	0
254	3	metal4	146.03	216.315	1.09951	0	0
255	0	metal5	146.03	216.315	1.09951	0	0
256	3	metal4	146.03	206.315	1.09952	0	0
257	0	metal5	146.03	206.315	1.09952	0	0
258	3	metal4	146.03	196.315	1.09952	0	0
259	0	metal5	146.03	196.315	1.09952	0	0
260	3	metal4	141.55	246.315	1.09952	0	0
261	0	metal5	141.55	246.315	1.09952	0	0
262	3	metal4	141.55	236.315	1.09952	0	0
263	0	metal5	141.55	236.315	1.09952	0	0
264	3	metal4	141.55	226.315	1.09952	0	0
265	0	metal5	141.55	226.315	1.09952	0	0
266	3	metal4	141.55	216.315	1.09951	0	0
267	0	metal5	141.55	216.315	1.09951	0	0
268	3	metal4	141.55	206.315	1.09952	0	0
269	0	metal5	141.55	206.315	1.09952	0	0
270	3	metal4	141.55	196.315	1.09952	0	0
271	0	metal5	141.55	196.315	1.09952	0	0
272	3	metal4	137.07	246.315	1.09952	0	0
273	0	metal5	137.07	246.315	1.09952	0	0
274	3	metal4	137.07	236.315	1.09952	0	0
275	0	metal5	137.07	236.315	1.09952	0	0
276	3	metal4	137.07	226.315	1.09952	0	0
277	0	metal5	137.07	226.315	1.09952	0	0
278	3	metal4	137.07	216.315	1.09952	0	0
279	0	metal5	137.07	216.315	1.09952	0	0
280	3	metal4	137.07	206.315	1.09952	0	0
281	0	metal5	137.07	206.315	1.09952	0	0
282	3	metal4	137.07	196.315	1.09952	0	0
283	0	metal5	137.07	196.315	1.09952	0	0
284	3	metal4	132.59	246.315	1.09952	0	0
285	0	metal5	132.59	246.315	1.09952	0	0
286	3	metal4	132.59	236.315	1.09952	0	0
287	0	metal5	132.59	236.315	1.09952	0	0
288	3	metal4	132.59	226.315	1.09952	0	0
289	0	metal5	132.59	226.315	1.09952	0	0
290	3	metal4	132.59	216.315	1.09952	0	0
291	0	metal5	132.59	216.315	1.09952	0	0
292	3	metal4	132.59	206.315	1.09952	0	0
293	0	metal5	132.59	206.315	1.09952	0	0
294	3	metal4	132.59	196.315	1.09952	0	0
295	0	metal5	132.59	196.315	1.09952	0	0
296	3	metal4	128.11	246.315	1.09952	0	0
297	0	metal5	128.11	246.315	1.09952	0	0
298	3	metal4	128.11	236.315	1.09952	0	0
299	0	metal5	128.11	236.315	1.09952	0	0
300	3	metal4	128.11	226.315	1.09952	0	0
301	0	metal5	128.11	226.315	1.09952	0	0
302	3	metal4	128.11	216.315	1.09952	0	0
303	0	metal5	128.11	216.315	1.09952	0	0
304	3	metal4	128.11	206.315	1.09952	0	0
305	0	metal5	128.11	206.315	1.09952	0	0
306	3	metal4	128.11	196.315	1.09952	0	0
307	0	metal5	128.11	196.315	1.09952	0	0
308	3	metal4	123.63	246.315	1.09952	0	0
309	0	metal5	123.63	246.315	1.09952	0	0
310	3	metal4	123.63	236.315	1.09952	0	0
311	0	metal5	123.63	236.315	1.09952	0	0
312	3	metal4	123.63	226.315	1.09952	0	0
313	0	metal5	123.63	226.315	1.09952	0	0
314	3	metal4	123.63	216.315	1.09952	0	0
315	0	metal5	123.63	216.315	1.09952	0	0
316	3	metal4	123.63	206.315	1.09952	0	0
317	0	metal5	123.63	206.315	1.09952	0	0
318	3	metal4	123.63	196.315	1.09952	0	0
319	0	metal5	123.63	196.315	1.09952	0	0
320	1	metal6	97.07	239.6	1.09952	0	0
321	2	metal7	97.07	239.6	1.09952	0	0
322	1	metal6	97.07	209.6	1.09951	0	0
323	2	metal7	97.07	209.6	1.09952	0	0
324	1	metal6	87.07	239.6	1.09951	0	0
325	2	metal7	87.07	239.6	1.09952	0	0
326	1	metal6	87.07	209.6	1.09951	0	0
327	2	metal7	87.07	209.6	1.09952	0	0
328	1	metal6	77.07	239.6	1.09951	0	0
329	2	metal7	77.07	239.6	1.09952	0	0
330	1	metal6	77.07	209.6	1.09951	0	0
331	2	metal7	77.07	209.6	1.09952	0	0
332	1	metal6	67.07	239.6	1.09951	0	0
333	2	metal7	67.07	239.6	1.09952	0	0
334	1	metal6	67.07	209.6	1.09951	0	0
335	2	metal7	67.07	209.6	1.09951	0	0
336	1	metal6	57.07	239.6	1.09951	0	0
337	2	metal7	57.07	239.6	1.09951	0	0
338	1	metal6	57.07	209.6	1.09951	0	0
339	2	metal7	57.07	209.6	1.09951	0	0
340	1	metal6	47.07	239.6	1.09951	0	0
341	2	metal7	47.07	239.6	1.09951	0	0
342	1	metal6	47.07	209.6	1.09951	0	0
343	2	metal7	47.07	209.6	1.09951	0	0
344	1	metal6	37.07	239.6	1.09951	0	0
345	2	metal7	37.07	239.6	1.09951	0	0
346	1	metal6	37.07	209.6	1.09951	0	0
347	2	metal7	37.07	209.6	1.09951	0	0
348	1	metal6	27.07	239.6	1.09951	0	0
349	2	metal7	27.07	239.6	1.09951	0	0
350	1	metal6	27.07	209.6	1.09951	0	0
351	2	metal7	27.07	209.6	1.09951	0	0
352	0	metal5	97.07	246.315	1.09951	0	0
353	1	metal6	97.07	246.315	1.09951	0	0
354	0	metal5	97.07	236.315	1.09951	0	0
355	1	metal6	97.07	236.315	1.09951	0	0
356	0	metal5	97.07	226.315	1.09951	0	0
357	1	metal6	97.07	226.315	1.09951	0	0
358	0	metal5	97.07	216.315	1.09951	0	0
359	1	metal6	97.07	216.315	1.09951	0	0
360	0	metal5	97.07	206.315	1.09951	0	0
361	1	metal6	97.07	206.315	1.09951	0	0
362	0	metal5	97.07	196.315	1.09951	0	0
363	1	metal6	97.07	196.315	1.09951	0	0
364	0	metal5	87.07	246.315	1.09951	0	0
365	1	metal6	87.07	246.315	1.09951	0	0
366	0	metal5	87.07	236.315	1.09951	0	0
367	1	metal6	87.07	236.315	1.09951	0	0
368	0	metal5	87.07	226.315	1.09951	0	0
369	1	metal6	87.07	226.315	1.09951	0	0
370	0	metal5	87.07	216.315	1.09951	0	0
371	1	metal6	87.07	216.315	1.09951	0	0
372	0	metal5	87.07	206.315	1.09951	0	0
373	1	metal6	87.07	206.315	1.09951	0	0
374	0	metal5	87.07	196.315	1.09951	0	0
375	1	metal6	87.07	196.315	1.09951	0	0
376	0	metal5	77.07	246.315	1.09951	0	0
377	1	metal6	77.07	246.315	1.09951	0	0
378	0	metal5	77.07	236.315	1.09951	0	0
379	1	metal6	77.07	236.315	1.09951	0	0
380	0	metal5	77.07	226.315	1.09951	0	0
381	1	metal6	77.07	226.315	1.09951	0	0
382	0	metal5	77.07	216.315	1.09951	0	0
383	1	metal6	77.07	216.315	1.09951	0	0
384	0	metal5	77.07	206.315	1.09951	0	0
385	1	metal6	77.07	206.315	1.09951	0	0
386	0	metal5	77.07	196.315	1.09951	0	0
387	1	metal6	77.07	196.315	1.09951	0	0
388	0	metal5	67.07	246.315	1.09951	0	0
389	1	metal6	67.07	246.315	1.09951	0	0
390	0	metal5	67.07	236.315	1.09951	0	0
391	1	metal6	67.07	236.315	1.09951	0	0
392	0	metal5	67.07	226.315	1.09951	0	0
393	1	metal6	67.07	226.315	1.09951	0	0
394	0	metal5	67.07	216.315	1.0995	0	0
395	1	metal6	67.07	216.315	1.09951	0	0
396	0	metal5	67.07	206.315	1.09951	0	0
397	1	metal6	67.07	206.315	1.09951	0	0
398	0	metal5	67.07	196.315	1.09951	0	0
399	1	metal6	67.07	196.315	1.09951	0	0
400	0	metal5	57.07	246.315	1.09951	0	0
401	1	metal6	57.07	246.315	1.09951	0	0
402	0	metal5	57.07	236.315	1.09951	0	0
403	1	metal6	57.07	236.315	1.09951	0	0
404	0	metal5	57.07	226.315	1.09951	0	0
405	1	metal6	57.07	226.315	1.09951	0	0
406	0	metal5	57.07	216.315	1.09949	0	0
407	1	metal6	57.07	216.315	1.0995	0	0
408	0	metal5	57.07	206.315	1.09951	0	0
409	1	metal6	57.07	206.315	1.09951	0	0
410	0	metal5	57.07	196.315	1.09951	0	0
411	1	metal6	57.07	196.315	1.09951	0	0
412	0	metal5	47.07	246.315	1.09951	0	0
413	1	metal6	47.07	246.315	1.09951	0	0
414	0	metal5	47.07	236.315	1.09951	0	0
415	1	metal6	47.07	236.315	1.09951	0	0
416	0	metal5	47.07	226.315	1.09951	0	0
417	1	metal6	47.07	226.315	1.09951	0	0
418	0	metal5	47.07	216.315	1.0995	0	0
419	1	metal6	47.07	216.315	1.09951	0	0
420	0	metal5	47.07	206.315	1.09951	0	0
421	1	metal6	47.07	206.315	1.09951	0	0
422	0	metal5	47.07	196.315	1.09951	0	0
423	1	metal6	47.07	196.315	1.09951	0	0
424	0	metal5	37.07	246.315	1.09951	0	0
425	1	metal6	37.07	246.315	1.09951	0	0
426	0	metal5	37.07	236.315	1.09951	0	0
427	1	metal6	37.07	236.315	1.09951	0	0
428	0	metal5	37.07	226.315	1.09951	0	0
429	1	metal6	37.07	226.315	1.09951	0	0
430	0	metal5	37.07	216.315	1.0995	0	0
431	1	metal6	37.07	216.315	1.09951	0	0
432	0	metal5	37.07	206.315	1.09951	0	0
433	1	metal6	37.07	206.315	1.09951	0	0
434	0	metal5	37.07	196.315	1.09951	0	0
435	1	metal6	37.07	196.315	1.09951	0	0
436	0	metal5	27.07	246.315	1.09951	0	0
437	1	metal6	27.07	246.315	1.09951	0	0
438	0	metal5	27.07	236.315	1.09951	0	0
439	1	metal6	27.07	236.315	1.09951	0	0
440	0	metal5	27.07	226.315	1.09951	0	0
441	1	metal6	27.07	226.315	1.09951	0	0
442	0	metal5	27.07	216.315	1.09951	0	0
443	1	metal6	27.07	216.315	1.09951	0	0
444	0	metal5	27.07	206.315	1.09951	0	0
445	1	metal6	27.07	206.315	1.09951	0	0
446	0	metal5	27.07	196.315	1.09951	0	0
447	1	metal6	27.07	196.315	1.09951	0	0
448	3	metal4	92.93	246.315	1.09951	0	0
449	0	metal5	92.93	246.315	1.09951	0	0
450	3	metal4	92.93	236.315	1.09951	0	0
451	0	metal5	92.93	236.315	1.09951	0	0
452	3	metal4	92.93	226.315	1.09951	0	0
453	0	metal5	92.93	226.315	1.09951	0	0
454	3	metal4	92.93	216.315	1.09951	0	0
455	0	metal5	92.93	216.315	1.09951	0	0
456	3	metal4	92.93	206.315	1.09951	0	0
457	0	metal5	92.93	206.315	1.09951	0	0
458	3	metal4	92.93	196.315	1.09951	0	0
459	0	metal5	92.93	196.315	1.09951	0	0
460	3	metal4	88.45	246.315	1.09951	0	0
461	0	metal5	88.45	246.315	1.09951	0	0
462	3	metal4	88.45	236.315	1.09951	0	0
463	0	metal5	88.45	236.315	1.09951	0	0
464	3	metal4	88.45	226.315	1.09951	0	0
465	0	metal5	88.45	226.315	1.09951	0	0
466	3	metal4	88.45	216.315	1.09951	0	0
467	0	metal5	88.45	216.315	1.09951	0	0
468	3	metal4	88.45	206.315	1.09951	0	0
469	0	metal5	88.45	206.315	1.09951	0	0
470	3	metal4	88.45	196.315	1.09951	0	0
471	0	metal5	88.45	196.315	1.09951	0	0
472	3	metal4	83.97	246.315	1.09951	0	0
473	0	metal5	83.97	246.315	1.09951	0	0
474	3	metal4	83.97	236.315	1.09951	0	0
475	0	metal5	83.97	236.315	1.09951	0	0
476	3	metal4	83.97	226.315	1.09951	0	0
477	0	metal5	83.97	226.315	1.09951	0	0
478	3	metal4	83.97	216.315	1.09951	0	0
479	0	metal5	83.97	216.315	1.09951	0	0
480	3	metal4	83.97	206.315	1.09951	0	0
481	0	metal5	83.97	206.315	1.09951	0	0
482	3	metal4	83.97	196.315	1.09951	0	0
483	0	metal5	83.97	196.315	1.09951	0	0
484	3	metal4	79.49	246.315	1.09951	0	0
485	0	metal5	79.49	246.315	1.09951	0	0
486	3	metal4	79.49	236.315	1.09951	0	0
487	0	metal5	79.49	236.315	1.09951	0	0
488	3	metal4	79.49	226.315	1.09951	0	0
489	0	metal5	79.49	226.315	1.09951	0	0
490	3	metal4	79.49	216.315	1.09951	0	0
491	0	metal5	79.49	216.315	1.09951	0	0
492	3	metal4	79.49	206.315	1.09951	0	0
493	0	metal5	79.49	206.315	1.09951	0	0
494	3	metal4	79.49	196.315	1.09951	0	0
495	0	metal5	79.49	196.315	1.09951	0	0
496	3	metal4	75.01	246.315	1.09951	0	0
497	0	metal5	75.01	246.315	1.09951	0	0
498	3	metal4	75.01	236.315	1.09951	0	0
499	0	metal5	75.01	236.315	1.09951	0	0
500	3	metal4	75.01	226.315	1.09951	0	0
501	0	metal5	75.01	226.315	1.09951	0	0
502	3	metal4	75.01	216.315	1.0995	0	0
503	0	metal5	75.01	216.315	1.0995	0	0
504	3	metal4	75.01	206.315	1.09951	0	0
505	0	metal5	75.01	206.315	1.09951	0	0
506	3	metal4	75.01	196.315	1.09951	0	0
507	0	metal5	75.01	196.315	1.09951	0	0
508	3	metal4	70.53	246.315	1.09951	0	0
509	0	metal5	70.53	246.315	1.09951	0	0
510	3	metal4	70.53	236.315	1.09951	0	0
511	0	metal5	70.53	236.315	1.09951	0	0
512	3	metal4	70.53	226.315	1.09951	0	0
513	0	metal5	70.53	226.315	1.09951	0	0
514	3	metal4	70.53	216.315	1.0995	0	0
515	0	metal5	70.53	216.315	1.0995	0	0
516	3	metal4	70.53	206.315	1.09951	0	0
517	0	metal5	70.53	206.315	1.09951	0	0
518	3	metal4	70.53	196.315	1.09951	0	0
519	0	metal5	70.53	196.315	1.09951	0	0
520	3	metal4	66.05	246.315	1.09951	0	0
521	0	metal5	66.05	246.315	1.09951	0	0
522	3	metal4	66.05	236.315	1.09951	0	0
523	0	metal5	66.05	236.315	1.09951	0	0
524	3	metal4	66.05	226.315	1.09951	0	0
525	0	metal5	66.05	226.315	1.09951	0	0
526	3	metal4	66.05	216.315	1.0995	0	0
527	0	metal5	66.05	216.315	1.0995	0	0
528	3	metal4	66.05	206.315	1.09951	0	0
529	0	metal5	66.05	206.315	1.09951	0	0
530	3	metal4	66.05	196.315	1.09951	0	0
531	0	metal5	66.05	196.315	1.09951	0	0
532	3	metal4	61.57	246.315	1.09951	0	0
533	0	metal5	61.57	246.315	1.09951	0	0
534	3	metal4	61.57	236.315	1.09951	0	0
535	0	metal5	61.57	236.315	1.09951	0	0
536	3	metal4	61.57	226.315	1.09951	0	0
537	0	metal5	61.57	226.315	1.09951	0	0
538	3	metal4	61.57	216.315	1.09949	0	0
539	0	metal5	61.57	216.315	1.09949	0	0
540	3	metal4	61.57	206.315	1.09951	0	0
541	0	metal5	61.57	206.315	1.09951	0	0
542	3	metal4	61.57	196.315	1.09951	0	0
543	0	metal5	61.57	196.315	1.09951	0	0
544	3	metal4	57.09	246.315	1.09951	0	0
545	0	metal5	57.09	246.315	1.09951	0	0
546	3	metal4	57.09	236.315	1.09951	0	0
547	0	metal5	57.09	236.315	1.09951	0	0
548	3	metal4	57.09	226.315	1.09951	0	0
549	0	metal5	57.09	226.315	1.09951	0	0
550	3	metal4	57.09	216.315	1.09949	0	0
551	0	metal5	57.09	216.315	1.09949	0	0.00168182
552	3	metal4	57.09	206.315	1.09951	0	0
553	0	metal5	57.09	206.315	1.09951	0	0
554	3	metal4	57.09	196.315	1.09951	0	0
555	0	metal5	57.09	196.315	1.09951	0	0
556	3	metal4	52.61	246.315	1.09951	0	0
557	0	metal5	52.61	246.315	1.09951	0	0
558	3	metal4	52.61	236.315	1.09951	0	0
559	0	metal5	52.61	236.315	1.09951	0	0
560	3	metal4	52.61	226.315	1.09951	0	0
561	0	metal5	52.61	226.315	1.09951	0	0
562	3	metal4	52.61	216.315	1.09949	0	0
563	0	metal5	52.61	216.315	1.09949	0	0
564	3	metal4	52.61	206.315	1.09951	0	0
565	0	metal5	52.61	206.315	1.09951	0	0
566	3	metal4	52.61	196.315	1.09951	0	0
567	0	metal5	52.61	196.315	1.09951	0	0
568	3	metal4	48.13	246.315	1.09951	0	0
569	0	metal5	48.13	246.315	1.09951	0	0
570	3	metal4	48.13	236.315	1.09951	0	0
571	0	metal5	48.13	236.315	1.09951	0	0
572	3	metal4	48.13	226.315	1.09951	0	0
573	0	metal5	48.13	226.315	1.09951	0	0
574	3	metal4	48.13	216.315	1.0995	0	0
575	0	metal5	48.13	216.315	1.0995	0	0
576	3	metal4	48.13	206.315	1.09951	0	0
577	0	metal5	48.13	206.315	1.09951	0	0
578	3	metal4	48.13	196.315	1.09951	0	0
579	0	metal5	48.13	196.315	1.09951	0	0
580	3	metal4	43.65	246.315	1.09951	0	0
581	0	metal5	43.65	246.315	1.09951	0	0
582	3	metal4	43.65	236.315	1.09951	0	0
583	0	metal5	43.65	236.315	1.09951	0	0
584	3	metal4	43.65	226.315	1.09951	0	0
585	0	metal5	43.65	226.315	1.09951	0	0
586	3	metal4	43.65	216.315	1.0995	0	0
587	0	metal5	43.65	216.315	1.0995	0	0
588	3	metal4	43.65	206.315	1.09951	0	0
589	0	metal5	43.65	206.315	1.09951	0	0
590	3	metal4	43.65	196.315	1.09951	0	0
591	0	metal5	43.65	196.315	1.09951	0	0
592	3	metal4	39.17	246.315	1.09951	0	0
593	0	metal5	39.17	246.315	1.09951	0	0
594	3	metal4	39.17	236.315	1.09951	0	0
595	0	metal5	39.17	236.315	1.09951	0	0
596	3	metal4	39.17	226.315	1.09951	0	0
597	0	metal5	39.17	226.315	1.09951	0	0
598	3	metal4	39.17	216.315	1.0995	0	0
599	0	metal5	39.17	216.315	1.0995	0	0
600	3	metal4	39.17	206.315	1.09951	0	0
601	0	metal5	39.17	206.315	1.09951	0	0
602	3	metal4	39.17	196.315	1.09951	0	0
603	0	metal5	39.17	196.315	1.09951	0	0
604	3	metal4	34.69	246.315	1.09951	0	0
605	0	metal5	34.69	246.315	1.09951	0	0
606	3	metal4	34.69	236.315	1.09951	0	0
607	0	metal5	34.69	236.315	1.09951	0	0
608	3	metal4	34.69	226.315	1.09951	0	0
609	0	metal5	34.69	226.315	1.09951	0	0
610	3	metal4	34.69	216.315	1.0995	0	0
611	0	metal5	34.69	216.315	1.0995	0	0
612	3	metal4	34.69	206.315	1.09951	0	0
613	0	metal5	34.69	206.315	1.09951	0	0
614	3	metal4	34.69	196.315	1.09951	0	0
615	0	metal5	34.69	196.315	1.09951	0	0
616	3	metal4	30.21	246.315	1.09951	0	0
617	0	metal5	30.21	246.315	1.09951	0	0
618	3	metal4	30.21	236.315	1.09951	0	0
619	0	metal5	30.21	236.315	1.09951	0	0
620	3	metal4	30.21	226.315	1.09951	0	0
621	0	metal5	30.21	226.315	1.09951	0	0
622	3	metal4	30.21	216.315	1.09951	0	0
623	0	metal5	30.21	216.315	1.09951	0	0
624	3	metal4	30.21	206.315	1.09951	0	0
625	0	metal5	30.21	206.315	1.09951	0	0
626	3	metal4	30.21	196.315	1.09951	0	0
627	0	metal5	30.21	196.315	1.09951	0	0
628	3	metal4	25.73	246.315	1.09951	0	0
629	0	metal5	25.73	246.315	1.09951	0	0
630	3	metal4	25.73	236.315	1.09951	0	0
631	0	metal5	25.73	236.315	1.09951	0	0
632	3	metal4	25.73	226.315	1.09951	0	0
633	0	metal5	25.73	226.315	1.09951	0	0
634	3	metal4	25.73	216.315	1.09951	0	0
635	0	metal5	25.73	216.315	1.09951	0	0
636	3	metal4	25.73	206.315	1.09951	0	0
637	0	metal5	25.73	206.315	1.09951	0	0
638	3	metal4	25.73	196.315	1.09951	0	0
639	0	metal5	25.73	196.315	1.09951	0	0
640	1	metal6	97.07	149.6	1.09955	0	0
641	2	metal7	97.07	149.6	1.09955	0	0
642	1	metal6	97.07	119.6	1.09955	0	0
643	2	metal7	97.07	119.6	1.09955	0	0
644	1	metal6	87.07	149.6	1.09955	0	0
645	2	metal7	87.07	149.6	1.09955	0	0
646	1	metal6	87.07	119.6	1.09955	0	0
647	2	metal7	87.07	119.6	1.09955	0	0
648	1	metal6	77.07	149.6	1.09955	0	0
649	2	metal7	77.07	149.6	1.09955	0	0
650	1	metal6	77.07	119.6	1.09955	0	0
651	2	metal7	77.07	119.6	1.09955	0	0
652	1	metal6	67.07	149.6	1.09955	0	0
653	2	metal7	67.07	149.6	1.09955	0	0
654	1	metal6	67.07	119.6	1.09955	0	0
655	2	metal7	67.07	119.6	1.09955	0	0
656	1	metal6	57.07	149.6	1.09954	0	0
657	2	metal7	57.07	149.6	1.09955	0	0
658	1	metal6	57.07	119.6	1.09954	0	0
659	2	metal7	57.07	119.6	1.09955	0	0
660	1	metal6	47.07	149.6	1.09954	0	0
661	2	metal7	47.07	149.6	1.09955	0	0
662	1	metal6	47.07	119.6	1.09954	0	0
663	2	metal7	47.07	119.6	1.09955	0	0
664	1	metal6	37.07	149.6	1.09954	0	0
665	2	metal7	37.07	149.6	1.09955	0	0
666	1	metal6	37.07	119.6	1.09954	0	0
667	2	metal7	37.07	119.6	1.09955	0	0
668	1	metal6	27.07	149.6	1.09954	0	0
669	2	metal7	27.07	149.6	1.09955	0	0
670	1	metal6	27.07	119.6	1.09954	0	0
671	2	metal7	27.07	119.6	1.09955	0	0
672	0	metal5	97.07	164.135	1.09955	0	0
673	1	metal6	97.07	164.135	1.09955	0	0
674	0	metal5	97.07	154.135	1.09955	0	0
675	1	metal6	97.07	154.135	1.09955	0	0
676	0	metal5	97.07	144.135	1.09955	0	0
677	1	metal6	97.07	144.135	1.09955	0	0
678	0	metal5	97.07	134.135	1.09954	0	0
679	1	metal6	97.07	134.135	1.09955	0	0
680	0	metal5	97.07	124.135	1.09955	0	0
681	1	metal6	97.07	124.135	1.09955	0	0
682	0	metal5	97.07	114.135	1.09955	0	0
683	1	metal6	97.07	114.135	1.09955	0	0
684	0	metal5	87.07	164.135	1.09955	0	0
685	1	metal6	87.07	164.135	1.09955	0	0
686	0	metal5	87.07	154.135	1.09955	0	0
687	1	metal6	87.07	154.135	1.09955	0	0
688	0	metal5	87.07	144.135	1.09955	0	0
689	1	metal6	87.07	144.135	1.09955	0	0
690	0	metal5	87.07	134.135	1.09954	0	0
691	1	metal6	87.07	134.135	1.09955	0	0
692	0	metal5	87.07	124.135	1.09955	0	0
693	1	metal6	87.07	124.135	1.09955	0	0
694	0	metal5	87.07	114.135	1.09955	0	0
695	1	metal6	87.07	114.135	1.09955	0	0
696	0	metal5	77.07	164.135	1.09955	0	0
697	1	metal6	77.07	164.135	1.09955	0	0
698	0	metal5	77.07	154.135	1.09955	0	0
699	1	metal6	77.07	154.135	1.09955	0	0
700	0	metal5	77.07	144.135	1.09955	0	0
701	1	metal6	77.07	144.135	1.09955	0	0
702	0	metal5	77.07	134.135	1.09954	0	0
703	1	metal6	77.07	134.135	1.09954	0	0
704	0	metal5	77.07	124.135	1.09955	0	0
705	1	metal6	77.07	124.135	1.09955	0	0
706	0	metal5	77.07	114.135	1.09955	0	0
707	1	metal6	77.07	114.135	1.09955	0	0
708	0	metal5	67.07	164.135	1.09955	0	0
709	1	metal6	67.07	164.135	1.09955	0	0
710	0	metal5	67.07	154.135	1.09955	0	0
711	1	metal6	67.07	154.135	1.09955	0	0
712	0	metal5	67.07	144.135	1.09954	0	0
713	1	metal6	67.07	144.135	1.09954	0	0
714	0	metal5	67.07	134.135	1.09953	0	0
715	1	metal6	67.07	134.135	1.09954	0	0
716	0	metal5	67.07	124.135	1.09954	0	0
717	1	metal6	67.07	124.135	1.09954	0	0
718	0	metal5	67.07	114.135	1.09955	0	0
719	1	metal6	67.07	114.135	1.09955	0	0
720	0	metal5	57.07	164.135	1.09955	0	0
721	1	metal6	57.07	164.135	1.09954	0	0
722	0	metal5	57.07	154.135	1.09955	0	0
723	1	metal6	57.07	154.135	1.09954	0	0
724	0	metal5	57.07	144.135	1.09954	0	0
725	1	metal6	57.07	144.135	1.09954	0	0
726	0	metal5	57.07	134.135	1.09952	0	0
727	1	metal6	57.07	134.135	1.09954	0	0
728	0	metal5	57.07	124.135	1.09954	0	0
729	1	metal6	57.07	124.135	1.09954	0	0
730	0	metal5	57.07	114.135	1.09954	0	0
731	1	metal6	57.07	114.135	1.09954	0	0
732	0	metal5	47.07	164.135	1.09954	0	0
733	1	metal6	47.07	164.135	1.09954	0	0
734	0	metal5	47.07	154.135	1.09954	0	0
735	1	metal6	47.07	154.135	1.09954	0	0
736	0	metal5	47.07	144.135	1.09954	0	0
737	1	metal6	47.07	144.135	1.09954	0	0
738	0	metal5	47.07	134.135	1.09953	0	0
739	1	metal6	47.07	134.135	1.09954	0	0
740	0	metal5	47.07	124.135	1.09954	0	0
741	1	metal6	47.07	124.135	1.09954	0	0
742	0	metal5	47.07	114.135	1.09954	0	0
743	1	metal6	47.07	114.135	1.09954	0	0
744	0	metal5	37.07	164.135	1.09954	0	0
745	1	metal6	37.07	164.135	1.09954	0	0
746	0	metal5	37.07	154.135	1.09954	0	0
747	1	metal6	37.07	154.135	1.09954	0	0
748	0	metal5	37.07	144.135	1.09954	0	0
749	1	metal6	37.07	144.135	1.09954	0	0
750	0	metal5	37.07	134.135	1.09954	0	0
751	1	metal6	37.07	134.135	1.09954	0	0
752	0	metal5	37.07	124.135	1.09954	0	0
753	1	metal6	37.07	124.135	1.09954	0	0
754	0	metal5	37.07	114.135	1.09954	0	0
755	1	metal6	37.07	114.135	1.09954	0	0
756	0	metal5	27.07	164.135	1.09954	0	0
757	1	metal6	27.07	164.135	1.09954	0	0
758	0	metal5	27.07	154.135	1.09954	0	0
759	1	metal6	27.07	154.135	1.09954	0	0
760	0	metal5	27.07	144.135	1.09954	0	0
761	1	metal6	27.07	144.135	1.09954	0	0
762	0	metal5	27.07	134.135	1.09954	0	0
763	1	metal6	27.07	134.135	1.09954	0	0
764	0	metal5	27.07	124.135	1.09954	0	0
765	1	metal6	27.07	124.135	1.09954	0	0
766	0	metal5	27.07	114.135	1.09954	0	0
767	1	metal6	27.07	114.135	1.09954	0	0
768	3	metal4	92.93	164.135	1.09955	0	0
769	0	metal5	92.93	164.135	1.09955	0	0
770	3	metal4	92.93	154.135	1.09955	0	0
771	0	metal5	92.93	154.135	1.09955	0	0
772	3	metal4	92.93	144.135	1.09955	0	0
773	0	metal5	92.93	144.135	1.09955	0	0
774	3	metal4	92.93	134.135	1.09954	0	0
775	0	metal5	92.93	134.135	1.09954	0	0
776	3	metal4	92.93	124.135	1.09955	0	0
777	0	metal5	92.93	124.135	1.09955	0	0
778	3	metal4	92.93	114.135	1.09955	0	0
779	0	metal5	92.93	114.135	1.09955	0	0
780	3	metal4	88.45	164.135	1.09955	0	0
781	0	metal5	88.45	164.135	1.09955	0	0
782	3	metal4	88.45	154.135	1.09955	0	0
783	0	metal5	88.45	154.135	1.09955	0	0
784	3	metal4	88.45	144.135	1.09955	0	0
785	0	metal5	88.45	144.135	1.09955	0	0
786	3	metal4	88.45	134.135	1.09954	0	0
787	0	metal5	88.45	134.135	1.09954	0	0
788	3	metal4	88.45	124.135	1.09955	0	0
789	0	metal5	88.45	124.135	1.09955	0	0
790	3	metal4	88.45	114.135	1.09955	0	0
791	0	metal5	88.45	114.135	1.09955	0	0
792	3	metal4	83.97	164.135	1.09955	0	0
793	0	metal5	83.97	164.135	1.09955	0	0
794	3	metal4	83.97	154.135	1.09955	0	0
795	0	metal5	83.97	154.135	1.09955	0	0
796	3	metal4	83.97	144.135	1.09955	0	0
797	0	metal5	83.97	144.135	1.09955	0	0
798	3	metal4	83.97	134.135	1.09954	0	0
799	0	metal5	83.97	134.135	1.09954	0	0
800	3	metal4	83.97	124.135	1.09955	0	0
801	0	metal5	83.97	124.135	1.09955	0	0
802	3	metal4	83.97	114.135	1.09955	0	0
803	0	metal5	83.97	114.135	1.09955	0	0
804	3	metal4	79.49	164.135	1.09955	0	0
805	0	metal5	79.49	164.135	1.09955	0	0
806	3	metal4	79.49	154.135	1.09955	0	0
807	0	metal5	79.49	154.135	1.09955	0	0
808	3	metal4	79.49	144.135	1.09955	0	0
809	0	metal5	79.49	144.135	1.09955	0	0
810	3	metal4	79.49	134.135	1.09954	0	0
811	0	metal5	79.49	134.135	1.09954	0	0
812	3	metal4	79.49	124.135	1.09955	0	0
813	0	metal5	79.49	124.135	1.09955	0	0
814	3	metal4	79.49	114.135	1.09955	0	0
815	0	metal5	79.49	114.135	1.09955	0	0
816	3	metal4	75.01	164.135	1.09955	0	0
817	0	metal5	75.01	164.135	1.09955	0	0
818	3	metal4	75.01	154.135	1.09955	0	0
819	0	metal5	75.01	154.135	1.09955	0	0
820	3	metal4	75.01	144.135	1.09955	0	0
821	0	metal5	75.01	144.135	1.09955	0	0
822	3	metal4	75.01	134.135	1.09954	0	0
823	0	metal5	75.01	134.135	1.09954	0	0
824	3	metal4	75.01	124.135	1.09955	0	0
825	0	metal5	75.01	124.135	1.09955	0	0
826	3	metal4	75.01	114.135	1.09955	0	0
827	0	metal5	75.01	114.135	1.09955	0	0
828	3	metal4	70.53	164.135	1.09955	0	0
829	0	metal5	70.53	164.135	1.09955	0	0
830	3	metal4	70.53	154.135	1.09955	0	0
831	0	metal5	70.53	154.135	1.09955	0	0
832	3	metal4	70.53	144.135	1.09954	0	0
833	0	metal5	70.53	144.135	1.09954	0	0
834	3	metal4	70.53	134.135	1.09954	0	0
835	0	metal5	70.53	134.135	1.09954	0	0
836	3	metal4	70.53	124.135	1.09954	0	0
837	0	metal5	70.53	124.135	1.09954	0	0
838	3	metal4	70.53	114.135	1.09955	0	0
839	0	metal5	70.53	114.135	1.09955	0	0
840	3	metal4	66.05	164.135	1.09955	0	0
841	0	metal5	66.05	164.135	1.09955	0	0
842	3	metal4	66.05	154.135	1.09955	0	0
843	0	metal5	66.05	154.135	1.09955	0	0
844	3	metal4	66.05	144.135	1.09954	0	0
845	0	metal5	66.05	144.135	1.09954	0	0
846	3	metal4	66.05	134.135	1.09953	0	0
847	0	metal5	66.05	134.135	1.09953	0	0
848	3	metal4	66.05	124.135	1.09954	0	0
849	0	metal5	66.05	124.135	1.09954	0	0
850	3	metal4	66.05	114.135	1.09955	0	0
851	0	metal5	66.05	114.135	1.09955	0	0
852	3	metal4	61.57	164.135	1.09955	0	0
853	0	metal5	61.57	164.135	1.09955	0	0
854	3	metal4	61.57	154.135	1.09955	0	0
855	0	metal5	61.57	154.135	1.09955	0	0
856	3	metal4	61.57	144.135	1.09954	0	0
857	0	metal5	61.57	144.135	1.09954	0	0
858	3	metal4	61.57	134.135	1.09953	0	0
859	0	metal5	61.57	134.135	1.09953	0	0
860	3	metal4	61.57	124.135	1.09954	0	0
861	0	metal5	61.57	124.135	1.09954	0	0
862	3	metal4	61.57	114.135	1.09955	0	0
863	0	metal5	61.57	114.135	1.09955	0	0
864	3	metal4	57.09	164.135	1.09955	0	0
865	0	metal5	57.09	164.135	1.09955	0	0
866	3	metal4	57.09	154.135	1.09955	0	0
867	0	metal5	57.09	154.135	1.09955	0	0
868	3	metal4	57.09	144.135	1.09954	0	0
869	0	metal5	57.09	144.135	1.09954	0	0
870	3	metal4	57.09	134.135	1.09952	0	0
871	0	metal5	57.09	134.135	1.09952	0	0.00168182
872	3	metal4	57.09	124.135	1.09954	0	0
873	0	metal5	57.09	124.135	1.09954	0	0
874	3	metal4	57.09	114.135	1.09954	0	0
875	0	metal5	57.09	114.135	1.09954	0	0
876	3	metal4	52.61	164.135	1.09955	0	0
877	0	metal5	52.61	164.135	1.09955	0	0
878	3	metal4	52.61	154.135	1.09954	0	0
879	0	metal5	52.61	154.135	1.09954	0	0
880	3	metal4	52.61	144.135	1.09954	0	0
881	0	metal5	52.61	144.135	1.09954	0	0
882	3	metal4	52.61	134.135	1.09953	0	0
883	0	metal5	52.61	134.135	1.09953	0	0
884	3	metal4	52.61	124.135	1.09954	0	0
885	0	metal5	52.61	124.135	1.09954	0	0
886	3	metal4	52.61	114.135	1.09954	0	0
887	0	metal5	52.61	114.135	1.09954	0	0
888	3	metal4	48.13	164.135	1.09954	0	0
889	0	metal5	48.13	164.135	1.09954	0	0
890	3	metal4	48.13	154.135	1.09954	0	0
891	0	metal5	48.13	154.135	1.09954	0	0
892	3	metal4	48.13	144.135	1.09954	0	0
893	0	metal5	48.13	144.135	1.09954	0	0
894	3	metal4	48.13	134.135	1.09953	0	0
895	0	metal5	48.13	134.135	1.09953	0	0
896	3	metal4	48.13	124.135	1.09954	0	0
897	0	metal5	48.13	124.135	1.09954	0	0
898	3	metal4	48.13	114.135	1.09954	0	0
899	0	metal5	48.13	114.135	1.09954	0	0
900	3	metal4	43.65	164.135	1.09954	0	0
901	0	metal5	43.65	164.135	1.09954	0	0
902	3	metal4	43.65	154.135	1.09954	0	0
903	0	metal5	43.65	154.135	1.09954	0	0
904	3	metal4	43.65	144.135	1.09954	0	0
905	0	metal5	43.65	144.135	1.09954	0	0
906	3	metal4	43.65	134.135	1.09953	0	0
907	0	metal5	43.65	134.135	1.09953	0	0
908	3	metal4	43.65	124.135	1.09954	0	0
909	0	metal5	43.65	124.135	1.09954	0	0
910	3	metal4	43.65	114.135	1.09954	0	0
911	0	metal5	43.65	114.135	1.09954	0	0
912	3	metal4	39.17	164.135	1.09954	0	0
913	0	metal5	39.17	164.135	1.09954	0	0
914	3	metal4	39.17	154.135	1.09954	0	0
915	0	metal5	39.17	154.135	1.09954	0	0
916	3	metal4	39.17	144.135	1.09954	0	0
917	0	metal5	39.17	144.135	1.09954	0	0
918	3	metal4	39.17	134.135	1.09954	0	0
919	0	metal5	39.17	134.135	1.09954	0	0
920	3	metal4	39.17	124.135	1.09954	0	0
921	0	metal5	39.17	124.135	1.09954	0	0
922	3	metal4	39.17	114.135	1.09954	0	0
923	0	metal5	39.17	114.135	1.09954	0	0
924	3	metal4	34.69	164.135	1.09954	0	0
925	0	metal5	34.69	164.135	1.09954	0	0
926	3	metal4	34.69	154.135	1.09954	0	0
927	0	metal5	34.69	154.135	1.09954	0	0
928	3	metal4	34.69	144.135	1.09954	0	0
929	0	metal5	34.69	144.135	1.09954	0	0
930	3	metal4	34.69	134.135	1.09954	0	0
931	0	metal5	34.69	134.135	1.09954	0	0
932	3	metal4	34.69	124.135	1.09954	0	0
933	0	metal5	34.69	124.135	1.09954	0	0
934	3	metal4	34.69	114.135	1.09954	0	0
935	0	metal5	34.69	114.135	1.09954	0	0
936	3	metal4	30.21	164.135	1.09954	0	0
937	0	metal5	30.21	164.135	1.09954	0	0
938	3	metal4	30.21	154.135	1.09954	0	0
939	0	metal5	30.21	154.135	1.09954	0	0
940	3	metal4	30.21	144.135	1.09954	0	0
941	0	metal5	30.21	144.135	1.09954	0	0
942	3	metal4	30.21	134.135	1.09954	0	0
943	0	metal5	30.21	134.135	1.09954	0	0
944	3	metal4	30.21	124.135	1.09954	0	0
945	0	metal5	30.21	124.135	1.09954	0	0
946	3	metal4	30.21	114.135	1.09954	0	0
947	0	metal5	30.21	114.135	1.09954	0	0
948	3	metal4	25.73	164.135	1.09954	0	0
949	0	metal5	25.73	164.135	1.09954	0	0
950	3	metal4	25.73	154.135	1.09954	0	0
951	0	metal5	25.73	154.135	1.09954	0	0
952	3	metal4	25.73	144.135	1.09954	0	0
953	0	metal5	25.73	144.135	1.09954	0	0
954	3	metal4	25.73	134.135	1.09954	0	0
955	0	metal5	25.73	134.135	1.09954	0	0
956	3	metal4	25.73	124.135	1.09954	0	0
957	0	metal5	25.73	124.135	1.09954	0	0
958	3	metal4	25.73	114.135	1.09954	0	0
959	0	metal5	25.73	114.135	1.09954	0	0
960	1	metal6	194.97	149.6	1.09956	0	0
961	2	metal7	194.97	149.6	1.09957	0	0
962	1	metal6	194.97	119.6	1.09957	0	0
963	2	metal7	194.97	119.6	1.09957	0	0
964	1	metal6	184.97	149.6	1.09956	0	0
965	2	metal7	184.97	149.6	1.09957	0	0
966	1	metal6	184.97	119.6	1.09956	0	0
967	2	metal7	184.97	119.6	1.09957	0	0
968	1	metal6	174.97	149.6	1.09956	0	0
969	2	metal7	174.97	149.6	1.09957	0	0
970	1	metal6	174.97	119.6	1.09956	0	0
971	2	metal7	174.97	119.6	1.09957	0	0
972	1	metal6	164.97	149.6	1.09956	0	0
973	2	metal7	164.97	149.6	1.09956	0	0
974	1	metal6	164.97	119.6	1.09956	0	0
975	2	metal7	164.97	119.6	1.09956	0	0
976	1	metal6	154.97	149.6	1.09956	0	0
977	2	metal7	154.97	149.6	1.09956	0	0
978	1	metal6	154.97	119.6	1.09956	0	0
979	2	metal7	154.97	119.6	1.09956	0	0
980	1	metal6	144.97	149.6	1.09956	0	0
981	2	metal7	144.97	149.6	1.09956	0	0
982	1	metal6	144.97	119.6	1.09956	0	0
983	2	metal7	144.97	119.6	1.09956	0	0
984	1	metal6	134.97	149.6	1.09956	0	0
985	2	metal7	134.97	149.6	1.09956	0	0
986	1	metal6	134.97	119.6	1.09956	0	0
987	2	metal7	134.97	119.6	1.09956	0	0
988	1	metal6	124.97	149.6	1.09956	0	0
989	2	metal7	124.97	149.6	1.09956	0	0
990	1	metal6	124.97	119.6	1.09956	0	0
991	2	metal7	124.97	119.6	1.09956	0	0
992	0	metal5	194.97	164.135	1.09955	0	0
993	1	metal6	194.97	164.135	1.09956	0	0
994	0	metal5	194.97	154.135	1.09956	0	0
995	1	metal6	194.97	154.135	1.09956	0	0
996	0	metal5	194.97	144.135	1.09956	0	0
997	1	metal6	194.97	144.135	1.09956	0	0
998	0	metal5	194.97	134.135	1.09956	0	0
999	1	metal6	194.97	134.135	1.09956	0	0
1000	0	metal5	194.97	124.135	1.09956	0	0
1001	1	metal6	194.97	124.135	1.09956	0	0
1002	0	metal5	194.97	114.135	1.09956	0	0
1003	1	metal6	194.97	114.135	1.09957	0	0
1004	0	metal5	184.97	164.135	1.09955	0	0
1005	1	metal6	184.97	164.135	1.09956	0	0
1006	0	metal5	184.97	154.135	1.09956	0	0
1007	1	metal6	184.97	154.135	1.09956	0	0
1008	0	metal5	184.97	144.135	1.09956	0	0
1009	1	metal6	184.97	144.135	1.09956	0	0
1010	0	metal5	184.97	134.135	1.09956	0	0
1011	1	metal6	184.97	134.135	1.09956	0	0
1012	0	metal5	184.97	124.135	1.09956	0	0
1013	1	metal6	184.97	124.135	1.09956	0	0
1014	0	metal5	184.97	114.135	1.09956	0	0
1015	1	metal6	184.97	114.135	1.09956	0	0
1016	0	metal5	174.97	164.135	1.09954	0	0
1017	1	metal6	174.97	164.135	1.09955	0	0
1018	0	metal5	174.97	154.135	1.09956	0	0
1019	1	metal6	174.97	154.135	1.09956	0	0
1020	0	metal5	174.97	144.135	1.09956	0	0
1021	1	metal6	174.97	144.135	1.09956	0	0
1022	0	metal5	174.97	134.135	1.09955	0	0
1023	1	metal6	174.97	134.135	1.09956	0	0
1024	0	metal5	174.97	124.135	1.09956	0	0
1025	1	metal6	174.97	124.135	1.09956	0	0
1026	0	metal5	174.97	114.135	1.09956	0	0
1027	1	metal6	174.97	114.135	1.09956	0	0
1028	0	metal5	164.97	164.135	1.09955	0	0
1029	1	metal6	164.97	164.135	1.09955	0	0
1030	0	metal5	164.97	154.135	1.09956	0	0
1031	1	metal6	164.97	154.135	1.09956	0	0
1032	0	metal5	164.97	144.135	1.09956	0	0
1033	1	metal6	164.97	144.135	1.09956	0	0
1034	0	metal5	164.97	134.135	1.09955	0	0
1035	1	metal6	164.97	134.135	1.09956	0	0
1036	0	metal5	164.97	124.135	1.09956	0	0
1037	1	metal6	164.97	124.135	1.09956	0	0
1038	0	metal5	164.97	114.135	1.09956	0	0
1039	1	metal6	164.97	114.135	1.09956	0	0
1040	0	metal5	154.97	164.135	1.09955	0	0
1041	1	metal6	154.97	164.135	1.09955	0	0
1042	0	metal5	154.97	154.135	1.09956	0	0
1043	1	metal6	154.97	154.135	1.09956	0	0
1044	0	metal5	154.97	144.135	1.09956	0	0
1045	1	metal6	154.97	144.135	1.09955	0	0
1046	0	metal5	154.97	134.135	1.09954	0	0
1047	1	metal6	154.97	134.135	1.09955	0	0
1048	0	metal5	154.97	124.135	1.09956	0	0
1049	1	metal6	154.97	124.135	1.09956	0	0
1050	0	metal5	154.97	114.135	1.09956	0	0
1051	1	metal6	154.97	114.135	1.09956	0	0
1052	0	metal5	144.97	164.135	1.09955	0	0
1053	1	metal6	144.97	164.135	1.09955	0	0
1054	0	metal5	144.97	154.135	1.09956	0	0
1055	1	metal6	144.97	154.135	1.09956	0	0
1056	0	metal5	144.97	144.135	1.09956	0	0
1057	1	metal6	144.97	144.135	1.09955	0	0
1058	0	metal5	144.97	134.135	1.09955	0	0
1059	1	metal6	144.97	134.135	1.09955	0	0
1060	0	metal5	144.97	124.135	1.09956	0	0
1061	1	metal6	144.97	124.135	1.09956	0	0
1062	0	metal5	144.97	114.135	1.09956	0	0
1063	1	metal6	144.97	114.135	1.09956	0	0
1064	0	metal5	134.97	164.135	1.09955	0	0
1065	1	metal6	134.97	164.135	1.09955	0	0
1066	0	metal5	134.97	154.135	1.09956	0	0
1067	1	metal6	134.97	154.135	1.09956	0	0
1068	0	metal5	134.97	144.135	1.09956	0	0
1069	1	metal6	134.97	144.135	1.09956	0	0
1070	0	metal5	134.97	134.135	1.09955	0	0
1071	1	metal6	134.97	134.135	1.09955	0	0
1072	0	metal5	134.97	124.135	1.09956	0	0
1073	1	metal6	134.97	124.135	1.09956	0	0
1074	0	metal5	134.97	114.135	1.09956	0	0
1075	1	metal6	134.97	114.135	1.09956	0	0
1076	0	metal5	124.97	164.135	1.09955	0	0
1077	1	metal6	124.97	164.135	1.09955	0	0
1078	0	metal5	124.97	154.135	1.09956	0	0
1079	1	metal6	124.97	154.135	1.09956	0	0
1080	0	metal5	124.97	144.135	1.09956	0	0
1081	1	metal6	124.97	144.135	1.09955	0	0
1082	0	metal5	124.97	134.135	1.09955	0	0
1083	1	metal6	124.97	134.135	1.09955	0	0
1084	0	metal5	124.97	124.135	1.09956	0	0
1085	1	metal6	124.97	124.135	1.09956	0	0
1086	0	metal5	124.97	114.135	1.09956	0	0
1087	1	metal6	124.97	114.135	1.09956	0	0
1088	3	metal4	190.83	164.135	1.09955	0	0
1089	0	metal5	190.83	164.135	1.09955	0	0
1090	3	metal4	190.83	154.135	1.09956	0	0
1091	0	metal5	190.83	154.135	1.09956	0	0
1092	3	metal4	190.83	144.135	1.09956	0	0
1093	0	metal5	190.83	144.135	1.09956	0	0
1094	3	metal4	190.83	134.135	1.09956	0	0
1095	0	metal5	190.83	134.135	1.09956	0	0
1096	3	metal4	190.83	124.135	1.09956	0	0
1097	0	metal5	190.83	124.135	1.09956	0	0
1098	3	metal4	190.83	114.135	1.09956	0	0
1099	0	metal5	190.83	114.135	1.09956	0	0
1100	3	metal4	186.35	164.135	1.09955	0	0
1101	0	metal5	186.35	164.135	1.09955	0	0
1102	3	metal4	186.35	154.135	1.09956	0	0
1103	0	metal5	186.35	154.135	1.09956	0	0
1104	3	metal4	186.35	144.135	1.09956	0	0
1105	0	metal5	186.35	144.135	1.09956	0	0
1106	3	metal4	186.35	134.135	1.09956	0	0
1107	0	metal5	186.35	134.135	1.09956	0	0
1108	3	metal4	186.35	124.135	1.09956	0	0
1109	0	metal5	186.35	124.135	1.09956	0	0
1110	3	metal4	186.35	114.135	1.09956	0	0
1111	0	metal5	186.35	114.135	1.09956	0	0
1112	3	metal4	181.87	164.135	1.09955	0	0
1113	0	metal5	181.87	164.135	1.09955	0	0
1114	3	metal4	181.87	154.135	1.09956	0	0
1115	0	metal5	181.87	154.135	1.09956	0	0
1116	3	metal4	181.87	144.135	1.09956	0	0
1117	0	metal5	181.87	144.135	1.09956	0	0
1118	3	metal4	181.87	134.135	1.09956	0	0
1119	0	metal5	181.87	134.135	1.09956	0	0
1120	3	metal4	181.87	124.135	1.09956	0	0
1121	0	metal5	181.87	124.135	1.09956	0	0
1122	3	metal4	181.87	114.135	1.09956	0	0
1123	0	metal5	181.87	114.135	1.09956	0	0
1124	3	metal4	177.39	164.135	1.09951	0	0.00106643
1125	0	metal5	177.39	164.135	1.09954	0	0
1126	3	metal4	177.39	154.135	1.09956	0	0
1127	0	metal5	177.39	154.135	1.09956	0	0
1128	3	metal4	177.39	144.135	1.09956	0	0
1129	0	metal5	177.39	144.135	1.09956	0	0
1130	3	metal4	177.39	134.135	1.09955	0	0
1131	0	metal5	177.39	134.135	1.09955	0	0
1132	3	metal4	177.39	124.135	1.09956	0	0
1133	0	metal5	177.39	124.135	1.09956	0	0
1134	3	metal4	177.39	114.135	1.09956	0	0
1135	0	metal5	177.39	114.135	1.09956	0	0
1136	3	metal4	172.91	164.135	1.09955	0	0
1137	0	metal5	172.91	164.135	1.09955	0	0
1138	3	metal4	172.91	154.135	1.09956	0	0
1139	0	metal5	172.91	154.135	1.09956	0	0
1140	3	metal4	172.91	144.135	1.09956	0	0
1141	0	metal5	172.91	144.135	1.09956	0	0
1142	3	metal4	172.91	134.135	1.09955	0	0
1143	0	metal5	172.91	134.135	1.09955	0	0
1144	3	metal4	172.91	124.135	1.09956	0	0
1145	0	metal5	172.91	124.135	1.09956	0	0
1146	3	metal4	172.91	114.135	1.09956	0	0
1147	0	metal5	172.91	114.135	1.09956	0	0
1148	3	metal4	168.43	164.135	1.09955	0	0
1149	0	metal5	168.43	164.135	1.09955	0	0
1150	3	metal4	168.43	154.135	1.09956	0	0
1151	0	metal5	168.43	154.135	1.09956	0	0
1152	3	metal4	168.43	144.135	1.09956	0	0
1153	0	metal5	168.43	144.135	1.09956	0	0
1154	3	metal4	168.43	134.135	1.09955	0	0
1155	0	metal5	168.43	134.135	1.09955	0	0
1156	3	metal4	168.43	124.135	1.09956	0	0
1157	0	metal5	168.43	124.135	1.09956	0	0
1158	3	metal4	168.43	114.135	1.09956	0	0
1159	0	metal5	168.43	114.135	1.09956	0	0
1160	3	metal4	163.95	164.135	1.09955	0	0
1161	0	metal5	163.95	164.135	1.09955	0	0
1162	3	metal4	163.95	154.135	1.09956	0	0
1163	0	metal5	163.95	154.135	1.09956	0	0
1164	3	metal4	163.95	144.135	1.09956	0	0
1165	0	metal5	163.95	144.135	1.09956	0	0
1166	3	metal4	163.95	134.135	1.09955	0	0
1167	0	metal5	163.95	134.135	1.09955	0	0
1168	3	metal4	163.95	124.135	1.09956	0	0
1169	0	metal5	163.95	124.135	1.09956	0	0
1170	3	metal4	163.95	114.135	1.09956	0	0
1171	0	metal5	163.95	114.135	1.09956	0	0
1172	3	metal4	159.47	164.135	1.09955	0	0
1173	0	metal5	159.47	164.135	1.09955	0	0
1174	3	metal4	159.47	154.135	1.09956	0	0
1175	0	metal5	159.47	154.135	1.09956	0	0
1176	3	metal4	159.47	144.135	1.09956	0	0
1177	0	metal5	159.47	144.135	1.09956	0	0
1178	3	metal4	159.47	134.135	1.09954	0	0
1179	0	metal5	159.47	134.135	1.09954	0	0
1180	3	metal4	159.47	124.135	1.09956	0	0
1181	0	metal5	159.47	124.135	1.09956	0	0
1182	3	metal4	159.47	114.135	1.09956	0	0
1183	0	metal5	159.47	114.135	1.09956	0	0
1184	3	metal4	154.99	164.135	1.09955	0	0
1185	0	metal5	154.99	164.135	1.09955	0	0
1186	3	metal4	154.99	154.135	1.09956	0	0
1187	0	metal5	154.99	154.135	1.09956	0	0
1188	3	metal4	154.99	144.135	1.09956	0	0
1189	0	metal5	154.99	144.135	1.09956	0	0
1190	3	metal4	154.99	134.135	1.09954	0	0
1191	0	metal5	154.99	134.135	1.09954	0	0.00168182
1192	3	metal4	154.99	124.135	1.09956	0	0
1193	0	metal5	154.99	124.135	1.09956	0	0
1194	3	metal4	154.99	114.135	1.09956	0	0
1195	0	metal5	154.99	114.135	1.09956	0	0
1196	3	metal4	150.51	164.135	1.09955	0	0
1197	0	metal5	150.51	164.135	1.09955	0	0
1198	3	metal4	150.51	154.135	1.09956	0	0
1199	0	metal5	150.51	154.135	1.09956	0	0
1200	3	metal4	150.51	144.135	1.09956	0	0
1201	0	metal5	150.51	144.135	1.09956	0	0
1202	3	metal4	150.51	134.135	1.09954	0	0
1203	0	metal5	150.51	134.135	1.09954	0	0
1204	3	metal4	150.51	124.135	1.09956	0	0
1205	0	metal5	150.51	124.135	1.09956	0	0
1206	3	metal4	150.51	114.135	1.09956	0	0
1207	0	metal5	150.51	114.135	1.09956	0	0
1208	3	metal4	146.03	164.135	1.09955	0	0
1209	0	metal5	146.03	164.135	1.09955	0	0
1210	3	metal4	146.03	154.135	1.09956	0	0
1211	0	metal5	146.03	154.135	1.09956	0	0
1212	3	metal4	146.03	144.135	1.09956	0	0
1213	0	metal5	146.03	144.135	1.09956	0	0
1214	3	metal4	146.03	134.135	1.09954	0	0
1215	0	metal5	146.03	134.135	1.09954	0	0
1216	3	metal4	146.03	124.135	1.09956	0	0
1217	0	metal5	146.03	124.135	1.09956	0	0
1218	3	metal4	146.03	114.135	1.09956	0	0
1219	0	metal5	146.03	114.135	1.09956	0	0
1220	3	metal4	141.55	164.135	1.09955	0	0
1221	0	metal5	141.55	164.135	1.09955	0	0
1222	3	metal4	141.55	154.135	1.09956	0	0
1223	0	metal5	141.55	154.135	1.09956	0	0
1224	3	metal4	141.55	144.135	1.09956	0	0
1225	0	metal5	141.55	144.135	1.09956	0	0
1226	3	metal4	141.55	134.135	1.09955	0	0
1227	0	metal5	141.55	134.135	1.09955	0	0
1228	3	metal4	141.55	124.135	1.09956	0	0
1229	0	metal5	141.55	124.135	1.09956	0	0
1230	3	metal4	141.55	114.135	1.09956	0	0
1231	0	metal5	141.55	114.135	1.09956	0	0
1232	3	metal4	137.07	164.135	1.09955	0	0
1233	0	metal5	137.07	164.135	1.09955	0	0
1234	3	metal4	137.07	154.135	1.09956	0	0
1235	0	metal5	137.07	154.135	1.09956	0	0
1236	3	metal4	137.07	144.135	1.09956	0	0
1237	0	metal5	137.07	144.135	1.09956	0	0
1238	3	metal4	137.07	134.135	1.09955	0	0
1239	0	metal5	137.07	134.135	1.09955	0	0
1240	3	metal4	137.07	124.135	1.09956	0	0
1241	0	metal5	137.07	124.135	1.09956	0	0
1242	3	metal4	137.07	114.135	1.09956	0	0
1243	0	metal5	137.07	114.135	1.09956	0	0
1244	3	metal4	132.59	164.135	1.09955	0	0
1245	0	metal5	132.59	164.135	1.09955	0	0
1246	3	metal4	132.59	154.135	1.09956	0	0
1247	0	metal5	132.59	154.135	1.09956	0	0
1248	3	metal4	132.59	144.135	1.09956	0	0
1249	0	metal5	132.59	144.135	1.09956	0	0
1250	3	metal4	132.59	134.135	1.09955	0	0
1251	0	metal5	132.59	134.135	1.09955	0	0
1252	3	metal4	132.59	124.135	1.09956	0	0
1253	0	metal5	132.59	124.135	1.09956	0	0
1254	3	metal4	132.59	114.135	1.09956	0	0
1255	0	metal5	132.59	114.135	1.09956	0	0
1256	3	metal4	128.11	164.135	1.09955	0	0
1257	0	metal5	128.11	164.135	1.09955	0	0
1258	3	metal4	128.11	154.135	1.09956	0	0
1259	0	metal5	128.11	154.135	1.09956	0	0
1260	3	metal4	128.11	144.135	1.09956	0	0
1261	0	metal5	128.11	144.135	1.09956	0	0
1262	3	metal4	128.11	134.135	1.09955	0	0
1263	0	metal5	128.11	134.135	1.09955	0	0
1264	3	metal4	128.11	124.135	1.09956	0	0
1265	0	metal5	128.11	124.135	1.09956	0	0
1266	3	metal4	128.11	114.135	1.09956	0	0
1267	0	metal5	128.11	114.135	1.09956	0	0
1268	3	metal4	123.63	164.135	1.09955	0	0
1269	0	metal5	123.63	164.135	1.09955	0	0
1270	3	metal4	123.63	154.135	1.09956	0	0
1271	0	metal5	123.63	154.135	1.09956	0	0
1272	3	metal4	123.63	144.135	1.09956	0	0
1273	0	metal5	123.63	144.135	1.09956	0	0
1274	3	metal4	123.63	134.135	1.09955	0	0
1275	0	metal5	123.63	134.135	1.09955	0	0
1276	3	metal4	123.63	124.135	1.09956	0	0
1277	0	metal5	123.63	124.135	1.09956	0	0
1278	3	metal4	123.63	114.135	1.09956	0	0
1279	0	metal5	123.63	114.135	1.09956	0	0
1280	1	metal6	979.52	149.6	1.09925	0	0
1281	2	metal7	979.52	149.6	1.09926	0	0
1282	1	metal6	979.52	119.6	1.09926	0	0
1283	2	metal7	979.52	119.6	1.09926	0	0
1284	1	metal6	969.52	149.6	1.09925	0	0
1285	2	metal7	969.52	149.6	1.09926	0	0
1286	1	metal6	969.52	119.6	1.09926	0	0
1287	2	metal7	969.52	119.6	1.09926	0	0
1288	1	metal6	959.52	149.6	1.09924	0	0
1289	2	metal7	959.52	149.6	1.09926	0	0
1290	1	metal6	959.52	119.6	1.09925	0	0
1291	2	metal7	959.52	119.6	1.09926	0	0
1292	1	metal6	949.52	149.6	1.09925	0	0
1293	2	metal7	949.52	149.6	1.09926	0	0
1294	1	metal6	949.52	119.6	1.09925	0	0
1295	2	metal7	949.52	119.6	1.09926	0	0
1296	1	metal6	939.52	149.6	1.09925	0	0
1297	2	metal7	939.52	149.6	1.09927	0	0
1298	1	metal6	939.52	119.6	1.09925	0	0
1299	2	metal7	939.52	119.6	1.09927	0	0
1300	1	metal6	929.52	149.6	1.09925	0	0
1301	2	metal7	929.52	149.6	1.09927	0	0
1302	1	metal6	929.52	119.6	1.09925	0	0
1303	2	metal7	929.52	119.6	1.09927	0	0
1304	1	metal6	919.52	149.6	1.09925	0	0
1305	2	metal7	919.52	149.6	1.09928	0	0
1306	1	metal6	919.52	119.6	1.09925	0	0
1307	2	metal7	919.52	119.6	1.09927	0	0
1308	1	metal6	909.52	149.6	1.09925	0	0
1309	2	metal7	909.52	149.6	1.09929	0	0
1310	1	metal6	909.52	119.6	1.09925	0	0
1311	2	metal7	909.52	119.6	1.09928	0	0
1312	0	metal5	979.52	164.135	1.09923	0	0
1313	1	metal6	979.52	164.135	1.09924	0	0
1314	0	metal5	979.52	154.135	1.09924	0	0
1315	1	metal6	979.52	154.135	1.09924	0	0
1316	0	metal5	979.52	144.135	1.09925	0	0
1317	1	metal6	979.52	144.135	1.09925	0	0
1318	0	metal5	979.52	134.135	1.09925	0	0
1319	1	metal6	979.52	134.135	1.09925	0	0
1320	0	metal5	979.52	124.135	1.09925	0	0
1321	1	metal6	979.52	124.135	1.09925	0	0
1322	0	metal5	979.52	114.135	1.09925	0	0
1323	1	metal6	979.52	114.135	1.09926	0	0
1324	0	metal5	969.52	164.135	1.09922	0	0
1325	1	metal6	969.52	164.135	1.09923	0	0
1326	0	metal5	969.52	154.135	1.09924	0	0
1327	1	metal6	969.52	154.135	1.09924	0	0
1328	0	metal5	969.52	144.135	1.09924	0	0
1329	1	metal6	969.52	144.135	1.09925	0	0
1330	0	metal5	969.52	134.135	1.09925	0	0
1331	1	metal6	969.52	134.135	1.09925	0	0
1332	0	metal5	969.52	124.135	1.09925	0	0
1333	1	metal6	969.52	124.135	1.09925	0	0
1334	0	metal5	969.52	114.135	1.09925	0	0
1335	1	metal6	969.52	114.135	1.09925	0	0
1336	0	metal5	959.52	164.135	1.09921	0	0
1337	1	metal6	959.52	164.135	1.09923	0	0
1338	0	metal5	959.52	154.135	1.09924	0	0
1339	1	metal6	959.52	154.135	1.09924	0	0
1340	0	metal5	959.52	144.135	1.09924	0	0
1341	1	metal6	959.52	144.135	1.09925	0	0
1342	0	metal5	959.52	134.135	1.09925	0	0
1343	1	metal6	959.52	134.135	1.09925	0	0
1344	0	metal5	959.52	124.135	1.09925	0	0
1345	1	metal6	959.52	124.135	1.09925	0	0
1346	0	metal5	959.52	114.135	1.09925	0	0
1347	1	metal6	959.52	114.135	1.09925	0	0
1348	0	metal5	949.52	164.135	1.09922	0	0
1349	1	metal6	949.52	164.135	1.09923	0	0
1350	0	metal5	949.52	154.135	1.09924	0	0
1351	1	metal6	949.52	154.135	1.09924	0	0
1352	0	metal5	949.52	144.135	1.09924	0	0
1353	1	metal6	949.52	144.135	1.09925	0	0
1354	0	metal5	949.52	134.135	1.09925	0	0
1355	1	metal6	949.52	134.135	1.09925	0	0
1356	0	metal5	949.52	124.135	1.09925	0	0
1357	1	metal6	949.52	124.135	1.09925	0	0
1358	0	metal5	949.52	114.135	1.09925	0	0
1359	1	metal6	949.52	114.135	1.09925	0	0
1360	0	metal5	939.52	164.135	1.09922	0	0
1361	1	metal6	939.52	164.135	1.09924	0	0
1362	0	metal5	939.52	154.135	1.09924	0	0
1363	1	metal6	939.52	154.135	1.09924	0	0
1364	0	metal5	939.52	144.135	1.09923	0	0
1365	1	metal6	939.52	144.135	1.09925	0	0
1366	0	metal5	939.52	134.135	1.09925	0	0
1367	1	metal6	939.52	134.135	1.09925	0	0
1368	0	metal5	939.52	124.135	1.09924	0	0
1369	1	metal6	939.52	124.135	1.09925	0	0
1370	0	metal5	939.52	114.135	1.09925	0	0
1371	1	metal6	939.52	114.135	1.09925	0	0
1372	0	metal5	929.52	164.135	1.09922	0	0
1373	1	metal6	929.52	164.135	1.09924	0	0
1374	0	metal5	929.52	154.135	1.09924	0	0
1375	1	metal6	929.52	154.135	1.09924	0	0
1376	0	metal5	929.52	144.135	1.09924	0	0
1377	1	metal6	929.52	144.135	1.09925	0	0
1378	0	metal5	929.52	134.135	1.09925	0	0
1379	1	metal6	929.52	134.135	1.09925	0	0
1380	0	metal5	929.52	124.135	1.09924	0	0
1381	1	metal6	929.52	124.135	1.09925	0	0
1382	0	metal5	929.52	114.135	1.09925	0	0
1383	1	metal6	929.52	114.135	1.09925	0	0
1384	0	metal5	919.52	164.135	1.09921	0	0
1385	1	metal6	919.52	164.135	1.09923	0	0
1386	0	metal5	919.52	154.135	1.09924	0	0
1387	1	metal6	919.52	154.135	1.09924	0	0
1388	0	metal5	919.52	144.135	1.09924	0	0
1389	1	metal6	919.52	144.135	1.09925	0	0
1390	0	metal5	919.52	134.135	1.09925	0	0
1391	1	metal6	919.52	134.135	1.09925	0	0
1392	0	metal5	919.52	124.135	1.09922	0	0
1393	1	metal6	919.52	124.135	1.09925	0	0
1394	0	metal5	919.52	114.135	1.09925	0	0
1395	1	metal6	919.52	114.135	1.09925	0	0
1396	0	metal5	909.52	164.135	1.09918	0	0
1397	1	metal6	909.52	164.135	1.09922	0	0
1398	0	metal5	909.52	154.135	1.09924	0	0
1399	1	metal6	909.52	154.135	1.09924	0	0
1400	0	metal5	909.52	144.135	1.09924	0	0
1401	1	metal6	909.52	144.135	1.09924	0	0
1402	0	metal5	909.52	134.135	1.09924	0	0
1403	1	metal6	909.52	134.135	1.09924	0	0
1404	0	metal5	909.52	124.135	1.0992	0	0
1405	1	metal6	909.52	124.135	1.09924	0	0
1406	0	metal5	909.52	114.135	1.09925	0	0
1407	1	metal6	909.52	114.135	1.09925	0	0
1408	3	metal4	974.76	164.135	1.09922	0	0
1409	0	metal5	974.76	164.135	1.09922	0	0
1410	3	metal4	974.76	154.135	1.09924	0	0
1411	0	metal5	974.76	154.135	1.09924	0	0
1412	3	metal4	974.76	144.135	1.09924	0	0
1413	0	metal5	974.76	144.135	1.09924	0	0
1414	3	metal4	974.76	134.135	1.09925	0	0
1415	0	metal5	974.76	134.135	1.09925	0	0
1416	3	metal4	974.76	124.135	1.09925	0	0
1417	0	metal5	974.76	124.135	1.09925	0	0
1418	3	metal4	974.76	114.135	1.09925	0	0
1419	0	metal5	974.76	114.135	1.09925	0	0
1420	3	metal4	970.28	164.135	1.09922	0	0
1421	0	metal5	970.28	164.135	1.09922	0	0
1422	3	metal4	970.28	154.135	1.09924	0	0
1423	0	metal5	970.28	154.135	1.09924	0	0
1424	3	metal4	970.28	144.135	1.09924	0	0
1425	0	metal5	970.28	144.135	1.09924	0	0
1426	3	metal4	970.28	134.135	1.09925	0	0
1427	0	metal5	970.28	134.135	1.09925	0	0
1428	3	metal4	970.28	124.135	1.09925	0	0
1429	0	metal5	970.28	124.135	1.09925	0	0
1430	3	metal4	970.28	114.135	1.09925	0	0
1431	0	metal5	970.28	114.135	1.09925	0	0
1432	3	metal4	965.8	164.135	1.09921	0	0
1433	0	metal5	965.8	164.135	1.09921	0	0
1434	3	metal4	965.8	154.135	1.09924	0	0
1435	0	metal5	965.8	154.135	1.09924	0	0
1436	3	metal4	965.8	144.135	1.09924	0	0
1437	0	metal5	965.8	144.135	1.09924	0	0
1438	3	metal4	965.8	134.135	1.09925	0	0
1439	0	metal5	965.8	134.135	1.09925	0	0
1440	3	metal4	965.8	124.135	1.09925	0	0
1441	0	metal5	965.8	124.135	1.09925	0	0
1442	3	metal4	965.8	114.135	1.09925	0	0
1443	0	metal5	965.8	114.135	1.09925	0	0
1444	3	metal4	961.32	164.135	1.09914	0	0.00218119
1445	0	metal5	961.32	164.135	1.09921	0	0
1446	3	metal4	961.32	154.135	1.09924	0	0
1447	0	metal5	961.32	154.135	1.09924	0	0
1448	3	metal4	961.32	144.135	1.09924	0	0
1449	0	metal5	961.32	144.135	1.09924	0	0
1450	3	metal4	961.32	134.135	1.09925	0	0
1451	0	metal5	961.32	134.135	1.09925	0	0
1452	3	metal4	961.32	124.135	1.09925	0	0
1453	0	metal5	961.32	124.135	1.09925	0	0
1454	3	metal4	961.32	114.135	1.09925	0	0
1455	0	metal5	961.32	114.135	1.09925	0	0
1456	3	metal4	956.84	164.135	1.09921	0	0
1457	0	metal5	956.84	164.135	1.09921	0	0
1458	3	metal4	956.84	154.135	1.09924	0	0
1459	0	metal5	956.84	154.135	1.09924	0	0
1460	3	metal4	956.84	144.135	1.09924	0	0
1461	0	metal5	956.84	144.135	1.09924	0	0
1462	3	metal4	956.84	134.135	1.09925	0	0
1463	0	metal5	956.84	134.135	1.09925	0	0
1464	3	metal4	956.84	124.135	1.09925	0	0
1465	0	metal5	956.84	124.135	1.09925	0	0
1466	3	metal4	956.84	114.135	1.09925	0	0
1467	0	metal5	956.84	114.135	1.09925	0	0
1468	3	metal4	952.36	164.135	1.09922	0	0
1469	0	metal5	952.36	164.135	1.09922	0	0
1470	3	metal4	952.36	154.135	1.09924	0	0
1471	0	metal5	952.36	154.135	1.09924	0	0
1472	3	metal4	952.36	144.135	1.09924	0	0
1473	0	metal5	952.36	144.135	1.09924	0	0
1474	3	metal4	952.36	134.135	1.09925	0	0
1475	0	metal5	952.36	134.135	1.09925	0	0
1476	3	metal4	952.36	124.135	1.09925	0	0
1477	0	metal5	952.36	124.135	1.09925	0	0
1478	3	metal4	952.36	114.135	1.09925	0	0
1479	0	metal5	952.36	114.135	1.09925	0	0
1480	3	metal4	947.88	164.135	1.09922	0	0
1481	0	metal5	947.88	164.135	1.09922	0	0
1482	3	metal4	947.88	154.135	1.09924	0	0
1483	0	metal5	947.88	154.135	1.09924	0	0
1484	3	metal4	947.88	144.135	1.09923	0	0
1485	0	metal5	947.88	144.135	1.09923	0	0
1486	3	metal4	947.88	134.135	1.09925	0	0
1487	0	metal5	947.88	134.135	1.09925	0	0
1488	3	metal4	947.88	124.135	1.09925	0	0
1489	0	metal5	947.88	124.135	1.09925	0	0
1490	3	metal4	947.88	114.135	1.09925	0	0
1491	0	metal5	947.88	114.135	1.09925	0	0
1492	3	metal4	943.4	164.135	1.09922	0	0
1493	0	metal5	943.4	164.135	1.09922	0	0
1494	3	metal4	943.4	154.135	1.09924	0	0
1495	0	metal5	943.4	154.135	1.09924	0	0
1496	3	metal4	943.4	144.135	1.09923	0	0
1497	0	metal5	943.4	144.135	1.09923	0	0.00141818
1498	3	metal4	943.4	134.135	1.09925	0	0
1499	0	metal5	943.4	134.135	1.09925	0	0
1500	3	metal4	943.4	124.135	1.09925	0	0
1501	0	metal5	943.4	124.135	1.09925	0	0
1502	3	metal4	943.4	114.135	1.09925	0	0
1503	0	metal5	943.4	114.135	1.09925	0	0
1504	3	metal4	938.92	164.135	1.09922	0	0
1505	0	metal5	938.92	164.135	1.09922	0	0
1506	3	metal4	938.92	154.135	1.09924	0	0
1507	0	metal5	938.92	154.135	1.09924	0	0
1508	3	metal4	938.92	144.135	1.09923	0	0
1509	0	metal5	938.92	144.135	1.09923	0	0
1510	3	metal4	938.92	134.135	1.09925	0	0
1511	0	metal5	938.92	134.135	1.09925	0	0
1512	3	metal4	938.92	124.135	1.09924	0	0
1513	0	metal5	938.92	124.135	1.09924	0	0
1514	3	metal4	938.92	114.135	1.09925	0	0
1515	0	metal5	938.92	114.135	1.09925	0	0
1516	3	metal4	934.44	164.135	1.09922	0	0
1517	0	metal5	934.44	164.135	1.09922	0	0
1518	3	metal4	934.44	154.135	1.09924	0	0
1519	0	metal5	934.44	154.135	1.09924	0	0
1520	3	metal4	934.44	144.135	1.09924	0	0
1521	0	metal5	934.44	144.135	1.09924	0	0
1522	3	metal4	934.44	134.135	1.09925	0	0
1523	0	metal5	934.44	134.135	1.09925	0	0
1524	3	metal4	934.44	124.135	1.09924	0	0
1525	0	metal5	934.44	124.135	1.09924	0	0
1526	3	metal4	934.44	114.135	1.09925	0	0
1527	0	metal5	934.44	114.135	1.09925	0	0
1528	3	metal4	929.96	164.135	1.09922	0	0
1529	0	metal5	929.96	164.135	1.09922	0	0
1530	3	metal4	929.96	154.135	1.09924	0	0
1531	0	metal5	929.96	154.135	1.09924	0	0
1532	3	metal4	929.96	144.135	1.09924	0	0
1533	0	metal5	929.96	144.135	1.09924	0	0
1534	3	metal4	929.96	134.135	1.09925	0	0
1535	0	metal5	929.96	134.135	1.09925	0	0
1536	3	metal4	929.96	124.135	1.09924	0	0
1537	0	metal5	929.96	124.135	1.09924	0	0
1538	3	metal4	929.96	114.135	1.09925	0	0
1539	0	metal5	929.96	114.135	1.09925	0	0
1540	3	metal4	925.48	164.135	1.09921	0	0
1541	0	metal5	925.48	164.135	1.09921	0	0
1542	3	metal4	925.48	154.135	1.09924	0	0
1543	0	metal5	925.48	154.135	1.09924	0	0
1544	3	metal4	925.48	144.135	1.09924	0	0
1545	0	metal5	925.48	144.135	1.09924	0	0
1546	3	metal4	925.48	134.135	1.09925	0	0
1547	0	metal5	925.48	134.135	1.09925	0	0
1548	3	metal4	925.48	124.135	1.09923	0	0
1549	0	metal5	925.48	124.135	1.09923	0	0
1550	3	metal4	925.48	114.135	1.09925	0	0
1551	0	metal5	925.48	114.135	1.09925	0	0
1552	3	metal4	921	164.135	1.09921	0	0
1553	0	metal5	921	164.135	1.09921	0	0
1554	3	metal4	921	154.135	1.09924	0	0
1555	0	metal5	921	154.135	1.09924	0	0
1556	3	metal4	921	144.135	1.09924	0	0
1557	0	metal5	921	144.135	1.09924	0	0
1558	3	metal4	921	134.135	1.09925	0	0
1559	0	metal5	921	134.135	1.09925	0	0
1560	3	metal4	921	124.135	1.09923	0	0
1561	0	metal5	921	124.135	1.09923	0	0
1562	3	metal4	921	114.135	1.09925	0	0
1563	0	metal5	921	114.135	1.09925	0	0
1564	3	metal4	916.52	164.135	1.0992	0	0
1565	0	metal5	916.52	164.135	1.0992	0	0
1566	3	metal4	916.52	154.135	1.09924	0	0
1567	0	metal5	916.52	154.135	1.09924	0	0
1568	3	metal4	916.52	144.135	1.09924	0	0
1569	0	metal5	916.52	144.135	1.09924	0	0
1570	3	metal4	916.52	134.135	1.09925	0	0
1571	0	metal5	916.52	134.135	1.09925	0	0
1572	3	metal4	916.52	124.135	1.09922	0	0
1573	0	metal5	916.52	124.135	1.09922	0	0
1574	3	metal4	916.52	114.135	1.09925	0	0
1575	0	metal5	916.52	114.135	1.09925	0	0
1576	3	metal4	912.04	164.135	1.09919	0	0
1577	0	metal5	912.04	164.135	1.09919	0	0
1578	3	metal4	912.04	154.135	1.09924	0	0
1579	0	metal5	912.04	154.135	1.09924	0	0
1580	3	metal4	912.04	144.135	1.09924	0	0
1581	0	metal5	912.04	144.135	1.09924	0	0
1582	3	metal4	912.04	134.135	1.09925	0	0
1583	0	metal5	912.04	134.135	1.09925	0	0
1584	3	metal4	912.04	124.135	1.0992	0	0
1585	0	metal5	912.04	124.135	1.0992	0	0
1586	3	metal4	912.04	114.135	1.09925	0	0
1587	0	metal5	912.04	114.135	1.09925	0	0
1588	3	metal4	907.56	164.135	1.09909	0	0.00285458
1589	0	metal5	907.56	164.135	1.09917	0	0
1590	3	metal4	907.56	154.135	1.09924	0	0
1591	0	metal5	907.56	154.135	1.09924	0	0
1592	3	metal4	907.56	144.135	1.09924	0	0
1593	0	metal5	907.56	144.135	1.09924	0	0
1594	3	metal4	907.56	134.135	1.09924	0	0
1595	0	metal5	907.56	134.135	1.09924	0	0
1596	3	metal4	907.56	124.135	1.0991	0	0.00299658
1597	0	metal5	907.56	124.135	1.09919	0	0
1598	3	metal4	907.56	114.135	1.09925	0	0
1599	0	metal5	907.56	114.135	1.09925	0	0
1600	1	metal6	979.52	1079.6	1.09992	0	0
1601	2	metal7	979.52	1079.6	1.09998	0	0
1602	1	metal6	979.52	1049.6	1.09984	0	0
1603	2	metal7	979.52	1049.6	1.09982	0	0
1604	1	metal6	979.52	1019.6	1.0998	0	0
1605	2	metal7	979.52	1019.6	1.09979	0	0
1606	1	metal6	969.52	1079.6	1.09993	0	0
1607	2	metal7	969.52	1079.6	1.1	1	0
1608	1	metal6	969.52	1049.6	1.09984	0	0
1609	2	metal7	969.52	1049.6	1.09982	0	0
1610	1	metal6	969.52	1019.6	1.0998	0	0
1611	2	metal7	969.52	1019.6	1.09978	0	0
1612	1	metal6	959.52	1079.6	1.09991	0	0
1613	2	metal7	959.52	1079.6	1.09997	0	0
1614	1	metal6	959.52	1049.6	1.09983	0	0
1615	2	metal7	959.52	1049.6	1.09981	0	0
1616	1	metal6	959.52	1019.6	1.09979	0	0
1617	2	metal7	959.52	1019.6	1.09977	0	0
1618	1	metal6	949.52	1079.6	1.09989	0	0
1619	2	metal7	949.52	1079.6	1.09994	0	0
1620	1	metal6	949.52	1049.6	1.09982	0	0
1621	2	metal7	949.52	1049.6	1.09981	0	0
1622	1	metal6	949.52	1019.6	1.09978	0	0
1623	2	metal7	949.52	1019.6	1.09977	0	0
1624	1	metal6	939.52	1079.6	1.09987	0	0
1625	2	metal7	939.52	1079.6	1.09992	0	0
1626	1	metal6	939.52	1049.6	1.0998	0	0.00141818
1627	2	metal7	939.52	1049.6	1.0998	0	0
1628	1	metal6	939.52	1019.6	1.09977	0	0
1629	2	metal7	939.52	1019.6	1.09976	0	0
1630	1	metal6	929.52	1079.6	1.09986	0	0
1631	2	metal7	929.52	1079.6	1.09989	0	0
1632	1	metal6	929.52	1049.6	1.0998	0	0
1633	2	metal7	929.52	1049.6	1.0998	0	0
1634	1	metal6	929.52	1019.6	1.09976	0	0
1635	2	metal7	929.52	1019.6	1.09975	0	0
1636	1	metal6	919.52	1079.6	1.09984	0	0
1637	2	metal7	919.52	1079.6	1.09988	0	0
1638	1	metal6	919.52	1049.6	1.09979	0	0
1639	2	metal7	919.52	1049.6	1.09979	0	0
1640	1	metal6	919.52	1019.6	1.09975	0	0
1641	2	metal7	919.52	1019.6	1.09974	0	0
1642	1	metal6	909.52	1079.6	1.09982	0	0
1643	2	metal7	909.52	1079.6	1.09986	0	0
1644	1	metal6	909.52	1049.6	1.09979	0	0
1645	2	metal7	909.52	1049.6	1.09978	0	0
1646	1	metal6	909.52	1019.6	1.09973	0	0
1647	2	metal7	909.52	1019.6	1.09973	0	0
1648	0	metal5	979.52	1071.83	1.09989	0	0
1649	1	metal6	979.52	1071.83	1.0999	0	0
1650	0	metal5	979.52	1061.83	1.09986	0	0
1651	1	metal6	979.52	1061.83	1.09987	0	0
1652	0	metal5	979.52	1051.83	1.09984	0	0
1653	1	metal6	979.52	1051.83	1.09984	0	0
1654	0	metal5	979.52	1041.83	1.09982	0	0
1655	1	metal6	979.52	1041.83	1.09983	0	0
1656	0	metal5	979.52	1031.83	1.09981	0	0
1657	1	metal6	979.52	1031.83	1.09981	0	0
1658	0	metal5	979.52	1021.83	1.0998	0	0
1659	1	metal6	979.52	1021.83	1.0998	0	0
1660	0	metal5	969.52	1071.83	1.09989	0	0
1661	1	metal6	969.52	1071.83	1.0999	0	0
1662	0	metal5	969.52	1061.83	1.09986	0	0
1663	1	metal6	969.52	1061.83	1.09987	0	0
1664	0	metal5	969.52	1051.83	1.09984	0	0
1665	1	metal6	969.52	1051.83	1.09984	0	0
1666	0	metal5	969.52	1041.83	1.09982	0	0
1667	1	metal6	969.52	1041.83	1.09982	0	0
1668	0	metal5	969.52	1031.83	1.09981	0	0
1669	1	metal6	969.52	1031.83	1.09981	0	0
1670	0	metal5	969.52	1021.83	1.09979	0	0
1671	1	metal6	969.52	1021.83	1.0998	0	0
1672	0	metal5	959.52	1071.83	1.09988	0	0
1673	1	metal6	959.52	1071.83	1.09989	0	0
1674	0	metal5	959.52	1061.83	1.09985	0	0
1675	1	metal6	959.52	1061.83	1.09986	0	0
1676	0	metal5	959.52	1051.83	1.09983	0	0
1677	1	metal6	959.52	1051.83	1.09983	0	0
1678	0	metal5	959.52	1041.83	1.09981	0	0
1679	1	metal6	959.52	1041.83	1.09982	0	0
1680	0	metal5	959.52	1031.83	1.0998	0	0
1681	1	metal6	959.52	1031.83	1.0998	0	0
1682	0	metal5	959.52	1021.83	1.09979	0	0
1683	1	metal6	959.52	1021.83	1.09979	0	0
1684	0	metal5	949.52	1071.83	1.09987	0	0
1685	1	metal6	949.52	1071.83	1.09987	0	0
1686	0	metal5	949.52	1061.83	1.09984	0	0
1687	1	metal6	949.52	1061.83	1.09985	0	0
1688	0	metal5	949.52	1051.83	1.09982	0	0
1689	1	metal6	949.52	1051.83	1.09982	0	0
1690	0	metal5	949.52	1041.83	1.09981	0	0
1691	1	metal6	949.52	1041.83	1.09981	0	0
1692	0	metal5	949.52	1031.83	1.09979	0	0
1693	1	metal6	949.52	1031.83	1.0998	0	0
1694	0	metal5	949.52	1021.83	1.09978	0	0
1695	1	metal6	949.52	1021.83	1.09978	0	0
1696	0	metal5	939.52	1071.83	1.09985	0	0
1697	1	metal6	939.52	1071.83	1.09985	0	0
1698	0	metal5	939.52	1061.83	1.09983	0	0
1699	1	metal6	939.52	1061.83	1.09983	0	0
1700	0	metal5	939.52	1051.83	1.09981	0	0
1701	1	metal6	939.52	1051.83	1.09981	0	0
1702	0	metal5	939.52	1041.83	1.0998	0	0
1703	1	metal6	939.52	1041.83	1.09979	0	0
1704	0	metal5	939.52	1031.83	1.09979	0	0
1705	1	metal6	939.52	1031.83	1.09978	0	0
1706	0	metal5	939.52	1021.83	1.09977	0	0
1707	1	metal6	939.52	1021.83	1.09977	0	0
1708	0	metal5	929.52	1071.83	1.09983	0	0
1709	1	metal6	929.52	1071.83	1.09984	0	0
1710	0	metal5	929.52	1061.83	1.09983	0	0
1711	1	metal6	929.52	1061.83	1.09982	0	0
1712	0	metal5	929.52	1051.83	1.09981	0	0
1713	1	metal6	929.52	1051.83	1.09981	0	0
1714	0	metal5	929.52	1041.83	1.09979	0	0
1715	1	metal6	929.52	1041.83	1.09979	0	0
1716	0	metal5	929.52	1031.83	1.09978	0	0
1717	1	metal6	929.52	1031.83	1.09978	0	0
1718	0	metal5	929.52	1021.83	1.09975	0	0
1719	1	metal6	929.52	1021.83	1.09976	0	0
1720	0	metal5	919.52	1071.83	1.09981	0	0
1721	1	metal6	919.52	1071.83	1.09982	0	0
1722	0	metal5	919.52	1061.83	1.09982	0	0
1723	1	metal6	919.52	1061.83	1.09981	0	0
1724	0	metal5	919.52	1051.83	1.0998	0	0
1725	1	metal6	919.52	1051.83	1.0998	0	0
1726	0	metal5	919.52	1041.83	1.09979	0	0
1727	1	metal6	919.52	1041.83	1.09978	0	0
1728	0	metal5	919.52	1031.83	1.09977	0	0
1729	1	metal6	919.52	1031.83	1.09977	0	0
1730	0	metal5	919.52	1021.83	1.09973	0	0
1731	1	metal6	919.52	1021.83	1.09975	0	0
1732	0	metal5	909.52	1071.83	1.09979	0	0
1733	1	metal6	909.52	1071.83	1.09981	0	0
1734	0	metal5	909.52	1061.83	1.09981	0	0
1735	1	metal6	909.52	1061.83	1.0998	0	0
1736	0	metal5	909.52	1051.83	1.0998	0	0
1737	1	metal6	909.52	1051.83	1.09979	0	0
1738	0	metal5	909.52	1041.83	1.09978	0	0
1739	1	metal6	909.52	1041.83	1.09977	0	0
1740	0	metal5	909.52	1031.83	1.09977	0	0
1741	1	metal6	909.52	1031.83	1.09976	0	0
1742	0	metal5	909.52	1021.83	1.0997	0	0
1743	1	metal6	909.52	1021.83	1.09973	0	0
1744	3	metal4	974.76	1071.83	1.09989	0	0
1745	0	metal5	974.76	1071.83	1.09989	0	0
1746	3	metal4	974.76	1061.83	1.09986	0	0
1747	0	metal5	974.76	1061.83	1.09986	0	0
1748	3	metal4	974.76	1051.83	1.09984	0	0
1749	0	metal5	974.76	1051.83	1.09984	0	0
1750	3	metal4	974.76	1041.83	1.09982	0	0
1751	0	metal5	974.76	1041.83	1.09982	0	0
1752	3	metal4	974.76	1031.83	1.09981	0	0
1753	0	metal5	974.76	1031.83	1.09981	0	0
1754	3	metal4	974.76	1021.83	1.09979	0	0
1755	0	metal5	974.76	1021.83	1.09979	0	0
1756	3	metal4	970.28	1071.83	1.09989	0	0
1757	0	metal5	970.28	1071.83	1.09989	0	0
1758	3	metal4	970.28	1061.83	1.09986	0	0
1759	0	metal5	970.28	1061.83	1.09986	0	0
1760	3	metal4	970.28	1051.83	1.09984	0	0
1761	0	metal5	970.28	1051.83	1.09984	0	0
1762	3	metal4	970.28	1041.83	1.09982	0	0
1763	0	metal5	970.28	1041.83	1.09982	0	0
1764	3	metal4	970.28	1031.83	1.09981	0	0
1765	0	metal5	970.28	1031.83	1.09981	0	0
1766	3	metal4	970.28	1021.83	1.09979	0	0
1767	0	metal5	970.28	1021.83	1.09979	0	0
1768	3	metal4	965.8	1071.83	1.09989	0	0
1769	0	metal5	965.8	1071.83	1.09989	0	0
1770	3	metal4	965.8	1061.83	1.09986	0	0
1771	0	metal5	965.8	1061.83	1.09986	0	0
1772	3	metal4	965.8	1051.83	1.09983	0	0
1773	0	metal5	965.8	1051.83	1.09983	0	0
1774	3	metal4	965.8	1041.83	1.09982	0	0
1775	0	metal5	965.8	1041.83	1.09982	0	0
1776	3	metal4	965.8	1031.83	1.0998	0	0
1777	0	metal5	965.8	1031.83	1.0998	0	0
1778	3	metal4	965.8	1021.83	1.09979	0	0
1779	0	metal5	965.8	1021.83	1.09979	0	0
1780	3	metal4	961.32	1071.83	1.09988	0	0
1781	0	metal5	961.32	1071.83	1.09988	0	0
1782	3	metal4	961.32	1061.83	1.09986	0	0
1783	0	metal5	961.32	1061.83	1.09986	0	0
1784	3	metal4	961.32	1051.83	1.09983	0	0
1785	0	metal5	961.32	1051.83	1.09983	0	0
1786	3	metal4	961.32	1041.83	1.09981	0	0
1787	0	metal5	961.32	1041.83	1.09981	0	0
1788	3	metal4	961.32	1031.83	1.0998	0	0
1789	0	metal5	961.32	1031.83	1.0998	0	0
1790	3	metal4	961.32	1021.83	1.09979	0	0
1791	0	metal5	961.32	1021.83	1.09979	0	0
1792	3	metal4	956.84	1071.83	1.09988	0	0
1793	0	metal5	956.84	1071.83	1.09988	0	0
1794	3	metal4	956.84	1061.83	1.09985	0	0
1795	0	metal5	956.84	1061.83	1.09985	0	0
1796	3	metal4	956.84	1051.83	1.09983	0	0
1797	0	metal5	956.84	1051.83	1.09983	0	0
1798	3	metal4	956.84	1041.83	1.09981	0	0
1799	0	metal5	956.84	1041.83	1.09981	0	0
1800	3	metal4	956.84	1031.83	1.0998	0	0
1801	0	metal5	956.84	1031.83	1.0998	0	0
1802	3	metal4	956.84	1021.83	1.09978	0	0
1803	0	metal5	956.84	1021.83	1.09978	0	0
1804	3	metal4	952.36	1071.83	1.09987	0	0
1805	0	metal5	952.36	1071.83	1.09987	0	0
1806	3	metal4	952.36	1061.83	1.09985	0	0
1807	0	metal5	952.36	1061.83	1.09985	0	0
1808	3	metal4	952.36	1051.83	1.09982	0	0
1809	0	metal5	952.36	1051.83	1.09982	0	0
1810	3	metal4	952.36	1041.83	1.09981	0	0
1811	0	metal5	952.36	1041.83	1.09981	0	0
1812	3	metal4	952.36	1031.83	1.0998	0	0
1813	0	metal5	952.36	1031.83	1.0998	0	0
1814	3	metal4	952.36	1021.83	1.09978	0	0
1815	0	metal5	952.36	1021.83	1.09978	0	0
1816	3	metal4	947.88	1071.83	1.09986	0	0
1817	0	metal5	947.88	1071.83	1.09986	0	0
1818	3	metal4	947.88	1061.83	1.09984	0	0
1819	0	metal5	947.88	1061.83	1.09984	0	0
1820	3	metal4	947.88	1051.83	1.09982	0	0
1821	0	metal5	947.88	1051.83	1.09982	0	0
1822	3	metal4	947.88	1041.83	1.0998	0	0
1823	0	metal5	947.88	1041.83	1.0998	0	0
1824	3	metal4	947.88	1031.83	1.09979	0	0
1825	0	metal5	947.88	1031.83	1.09979	0	0
1826	3	metal4	947.88	1021.83	1.09978	0	0
1827	0	metal5	947.88	1021.83	1.09978	0	0
1828	3	metal4	943.4	1071.83	1.09986	0	0
1829	0	metal5	943.4	1071.83	1.09986	0	0
1830	3	metal4	943.4	1061.83	1.09984	0	0
1831	0	metal5	943.4	1061.83	1.09984	0	0
1832	3	metal4	943.4	1051.83	1.09982	0	0
1833	0	metal5	943.4	1051.83	1.09982	0	0
1834	3	metal4	943.4	1041.83	1.0998	0	0
1835	0	metal5	943.4	1041.83	1.0998	0	0
1836	3	metal4	943.4	1031.83	1.09979	0	0
1837	0	metal5	943.4	1031.83	1.09979	0	0
1838	3	metal4	943.4	1021.83	1.09977	0	0
1839	0	metal5	943.4	1021.83	1.09977	0	0
1840	3	metal4	938.92	1071.83	1.09985	0	0
1841	0	metal5	938.92	1071.83	1.09985	0	0
1842	3	metal4	938.92	1061.83	1.09983	0	0
1843	0	metal5	938.92	1061.83	1.09983	0	0
1844	3	metal4	938.92	1051.83	1.09981	0	0
1845	0	metal5	938.92	1051.83	1.09981	0	0
1846	3	metal4	938.92	1041.83	1.0998	0	0
1847	0	metal5	938.92	1041.83	1.0998	0	0
1848	3	metal4	938.92	1031.83	1.09979	0	0
1849	0	metal5	938.92	1031.83	1.09979	0	0
1850	3	metal4	938.92	1021.83	1.09977	0	0
1851	0	metal5	938.92	1021.83	1.09977	0	0
1852	3	metal4	934.44	1071.83	1.09984	0	0
1853	0	metal5	934.44	1071.83	1.09984	0	0
1854	3	metal4	934.44	1061.83	1.09983	0	0
1855	0	metal5	934.44	1061.83	1.09983	0	0
1856	3	metal4	934.44	1051.83	1.09981	0	0
1857	0	metal5	934.44	1051.83	1.09981	0	0
1858	3	metal4	934.44	1041.83	1.09979	0	0
1859	0	metal5	934.44	1041.83	1.09979	0	0
1860	3	metal4	934.44	1031.83	1.09978	0	0
1861	0	metal5	934.44	1031.83	1.09978	0	0
1862	3	metal4	934.44	1021.83	1.09976	0	0
1863	0	metal5	934.44	1021.83	1.09976	0	0
1864	3	metal4	929.96	1071.83	1.09983	0	0
1865	0	metal5	929.96	1071.83	1.09983	0	0
1866	3	metal4	929.96	1061.83	1.09983	0	0
1867	0	metal5	929.96	1061.83	1.09983	0	0
1868	3	metal4	929.96	1051.83	1.09981	0	0
1869	0	metal5	929.96	1051.83	1.09981	0	0
1870	3	metal4	929.96	1041.83	1.09979	0	0
1871	0	metal5	929.96	1041.83	1.09979	0	0
1872	3	metal4	929.96	1031.83	1.09978	0	0
1873	0	metal5	929.96	1031.83	1.09978	0	0
1874	3	metal4	929.96	1021.83	1.09975	0	0
1875	0	metal5	929.96	1021.83	1.09975	0	0
1876	3	metal4	925.48	1071.83	1.09983	0	0
1877	0	metal5	925.48	1071.83	1.09983	0	0
1878	3	metal4	925.48	1061.83	1.09982	0	0
1879	0	metal5	925.48	1061.83	1.09982	0	0
1880	3	metal4	925.48	1051.83	1.0998	0	0
1881	0	metal5	925.48	1051.83	1.0998	0	0
1882	3	metal4	925.48	1041.83	1.09979	0	0
1883	0	metal5	925.48	1041.83	1.09979	0	0
1884	3	metal4	925.48	1031.83	1.09978	0	0
1885	0	metal5	925.48	1031.83	1.09978	0	0
1886	3	metal4	925.48	1021.83	1.09974	0	0
1887	0	metal5	925.48	1021.83	1.09974	0	0
1888	3	metal4	921	1071.83	1.09982	0	0
1889	0	metal5	921	1071.83	1.09982	0	0
1890	3	metal4	921	1061.83	1.09982	0	0
1891	0	metal5	921	1061.83	1.09982	0	0
1892	3	metal4	921	1051.83	1.0998	0	0
1893	0	metal5	921	1051.83	1.0998	0	0
1894	3	metal4	921	1041.83	1.09979	0	0
1895	0	metal5	921	1041.83	1.09979	0	0
1896	3	metal4	921	1031.83	1.09977	0	0
1897	0	metal5	921	1031.83	1.09977	0	0
1898	3	metal4	921	1021.83	1.09973	0	0
1899	0	metal5	921	1021.83	1.09973	0	0
1900	3	metal4	916.52	1071.83	1.0998	0	0
1901	0	metal5	916.52	1071.83	1.0998	0	0
1902	3	metal4	916.52	1061.83	1.09982	0	0
1903	0	metal5	916.52	1061.83	1.09982	0	0
1904	3	metal4	916.52	1051.83	1.0998	0	0
1905	0	metal5	916.52	1051.83	1.0998	0	0
1906	3	metal4	916.52	1041.83	1.09979	0	0
1907	0	metal5	916.52	1041.83	1.09979	0	0
1908	3	metal4	916.52	1031.83	1.09977	0	0
1909	0	metal5	916.52	1031.83	1.09977	0	0
1910	3	metal4	916.52	1021.83	1.09972	0	0
1911	0	metal5	916.52	1021.83	1.09972	0	0
1912	3	metal4	912.04	1071.83	1.09979	0	0
1913	0	metal5	912.04	1071.83	1.09979	0	0
1914	3	metal4	912.04	1061.83	1.09981	0	0
1915	0	metal5	912.04	1061.83	1.09981	0	0
1916	3	metal4	912.04	1051.83	1.0998	0	0
1917	0	metal5	912.04	1051.83	1.0998	0	0
1918	3	metal4	912.04	1041.83	1.09978	0	0
1919	0	metal5	912.04	1041.83	1.09978	0	0
1920	3	metal4	912.04	1031.83	1.09977	0	0
1921	0	metal5	912.04	1031.83	1.09977	0	0
1922	3	metal4	912.04	1021.83	1.0997	0	0
1923	0	metal5	912.04	1021.83	1.0997	0	0
1924	3	metal4	907.56	1071.83	1.0997	0	0.00246427
1925	0	metal5	907.56	1071.83	1.09978	0	0
1926	3	metal4	907.56	1061.83	1.09981	0	0
1927	0	metal5	907.56	1061.83	1.09981	0	0
1928	3	metal4	907.56	1051.83	1.0998	0	0
1929	0	metal5	907.56	1051.83	1.0998	0	0
1930	3	metal4	907.56	1041.83	1.09978	0	0
1931	0	metal5	907.56	1041.83	1.09978	0	0
1932	3	metal4	907.56	1031.83	1.09977	0	0
1933	0	metal5	907.56	1031.83	1.09977	0	0
1934	3	metal4	907.56	1021.83	1.09959	0	0.00332609
1935	0	metal5	907.56	1021.83	1.09969	0	0
1936	1	metal6	97.07	329.6	1.09906	0	0
1937	2	metal7	97.07	329.6	1.09907	0	0
1938	1	metal6	97.07	299.6	1.09906	0	0
1939	2	metal7	97.07	299.6	1.09908	0	0
1940	1	metal6	87.07	329.6	1.09906	0	0
1941	2	metal7	87.07	329.6	1.09907	0	0
1942	1	metal6	87.07	299.6	1.09906	0	0
1943	2	metal7	87.07	299.6	1.09908	0	0
1944	1	metal6	77.07	329.6	1.09906	0	0
1945	2	metal7	77.07	329.6	1.09906	0	0
1946	1	metal6	77.07	299.6	1.09906	0	0
1947	2	metal7	77.07	299.6	1.09908	0	0
1948	1	metal6	67.07	329.6	1.09905	0	0
1949	2	metal7	67.07	329.6	1.09906	0	0
1950	1	metal6	67.07	299.6	1.09906	0	0
1951	2	metal7	67.07	299.6	1.09907	0	0
1952	1	metal6	57.07	329.6	1.09906	0	0
1953	2	metal7	57.07	329.6	1.09906	0	0
1954	1	metal6	57.07	299.6	1.09906	0	0
1955	2	metal7	57.07	299.6	1.09907	0	0
1956	1	metal6	47.07	329.6	1.09906	0	0
1957	2	metal7	47.07	329.6	1.09906	0	0
1958	1	metal6	47.07	299.6	1.09906	0	0
1959	2	metal7	47.07	299.6	1.09907	0	0
1960	1	metal6	37.07	329.6	1.09906	0	0
1961	2	metal7	37.07	329.6	1.09906	0	0
1962	1	metal6	37.07	299.6	1.09906	0	0
1963	2	metal7	37.07	299.6	1.09907	0	0
1964	1	metal6	27.07	329.6	1.09906	0	0
1965	2	metal7	27.07	329.6	1.09906	0	0
1966	1	metal6	27.07	299.6	1.09906	0	0
1967	2	metal7	27.07	299.6	1.09907	0	0
1968	0	metal5	97.07	328.495	1.09906	0	0
1969	1	metal6	97.07	328.495	1.09906	0	0
1970	0	metal5	97.07	318.495	1.09906	0	0
1971	1	metal6	97.07	318.495	1.09906	0	0
1972	0	metal5	97.07	308.495	1.09906	0	0
1973	1	metal6	97.07	308.495	1.09906	0	0
1974	0	metal5	97.07	298.495	1.09906	0	0
1975	1	metal6	97.07	298.495	1.09905	0	0
1976	0	metal5	97.07	288.495	1.099	0	0
1977	1	metal6	97.07	288.495	1.09904	0	0
1978	0	metal5	97.07	278.495	1.09904	0	0
1979	1	metal6	97.07	278.495	1.09904	0	0
1980	0	metal5	87.07	328.495	1.09906	0	0
1981	1	metal6	87.07	328.495	1.09906	0	0
1982	0	metal5	87.07	318.495	1.09906	0	0
1983	1	metal6	87.07	318.495	1.09906	0	0
1984	0	metal5	87.07	308.495	1.09905	0	0
1985	1	metal6	87.07	308.495	1.09906	0	0
1986	0	metal5	87.07	298.495	1.09906	0	0
1987	1	metal6	87.07	298.495	1.09906	0	0
1988	0	metal5	87.07	288.495	1.09902	0	0
1989	1	metal6	87.07	288.495	1.09904	0	0
1990	0	metal5	87.07	278.495	1.09905	0	0
1991	1	metal6	87.07	278.495	1.09904	0	0
1992	0	metal5	77.07	328.495	1.09905	0	0
1993	1	metal6	77.07	328.495	1.09906	0	0
1994	0	metal5	77.07	318.495	1.09906	0	0
1995	1	metal6	77.07	318.495	1.09906	0	0
1996	0	metal5	77.07	308.495	1.09905	0	0
1997	1	metal6	77.07	308.495	1.09906	0	0
1998	0	metal5	77.07	298.495	1.09906	0	0
1999	1	metal6	77.07	298.495	1.09906	0	0
2000	0	metal5	77.07	288.495	1.09904	0	0
2001	1	metal6	77.07	288.495	1.09905	0	0
2002	0	metal5	77.07	278.495	1.09905	0	0
2003	1	metal6	77.07	278.495	1.09905	0	0
2004	0	metal5	67.07	328.495	1.09905	0	0
2005	1	metal6	67.07	328.495	1.09905	0	0
2006	0	metal5	67.07	318.495	1.09906	0	0
2007	1	metal6	67.07	318.495	1.09905	0	0
2008	0	metal5	67.07	308.495	1.09905	0	0
2009	1	metal6	67.07	308.495	1.09905	0	0
2010	0	metal5	67.07	298.495	1.09906	0	0
2011	1	metal6	67.07	298.495	1.09906	0	0
2012	0	metal5	67.07	288.495	1.09905	0	0
2013	1	metal6	67.07	288.495	1.09905	0	0
2014	0	metal5	67.07	278.495	1.09905	0	0
2015	1	metal6	67.07	278.495	1.09905	0	0
2016	0	metal5	57.07	328.495	1.09905	0	0
2017	1	metal6	57.07	328.495	1.09906	0	0
2018	0	metal5	57.07	318.495	1.09906	0	0
2019	1	metal6	57.07	318.495	1.09905	0	0
2020	0	metal5	57.07	308.495	1.09904	0	0
2021	1	metal6	57.07	308.495	1.09905	0	0
2022	0	metal5	57.07	298.495	1.09906	0	0
2023	1	metal6	57.07	298.495	1.09906	0	0
2024	0	metal5	57.07	288.495	1.09905	0	0
2025	1	metal6	57.07	288.495	1.09905	0	0
2026	0	metal5	57.07	278.495	1.09905	0	0
2027	1	metal6	57.07	278.495	1.09905	0	0
2028	0	metal5	47.07	328.495	1.09905	0	0
2029	1	metal6	47.07	328.495	1.09906	0	0
2030	0	metal5	47.07	318.495	1.09906	0	0
2031	1	metal6	47.07	318.495	1.09906	0	0
2032	0	metal5	47.07	308.495	1.09905	0	0
2033	1	metal6	47.07	308.495	1.09906	0	0
2034	0	metal5	47.07	298.495	1.09906	0	0
2035	1	metal6	47.07	298.495	1.09906	0	0
2036	0	metal5	47.07	288.495	1.09905	0	0
2037	1	metal6	47.07	288.495	1.09906	0	0
2038	0	metal5	47.07	278.495	1.09906	0	0
2039	1	metal6	47.07	278.495	1.09906	0	0
2040	0	metal5	37.07	328.495	1.09906	0	0
2041	1	metal6	37.07	328.495	1.09906	0	0
2042	0	metal5	37.07	318.495	1.09906	0	0
2043	1	metal6	37.07	318.495	1.09906	0	0
2044	0	metal5	37.07	308.495	1.09905	0	0
2045	1	metal6	37.07	308.495	1.09906	0	0
2046	0	metal5	37.07	298.495	1.09906	0	0
2047	1	metal6	37.07	298.495	1.09906	0	0
2048	0	metal5	37.07	288.495	1.09906	0	0
2049	1	metal6	37.07	288.495	1.09906	0	0
2050	0	metal5	37.07	278.495	1.09906	0	0
2051	1	metal6	37.07	278.495	1.09906	0	0
2052	0	metal5	27.07	328.495	1.09906	0	0
2053	1	metal6	27.07	328.495	1.09906	0	0
2054	0	metal5	27.07	318.495	1.09906	0	0
2055	1	metal6	27.07	318.495	1.09906	0	0
2056	0	metal5	27.07	308.495	1.09906	0	0
2057	1	metal6	27.07	308.495	1.09906	0	0
2058	0	metal5	27.07	298.495	1.09906	0	0
2059	1	metal6	27.07	298.495	1.09906	0	0
2060	0	metal5	27.07	288.495	1.09906	0	0
2061	1	metal6	27.07	288.495	1.09906	0	0
2062	0	metal5	27.07	278.495	1.09906	0	0
2063	1	metal6	27.07	278.495	1.09906	0	0
2064	3	metal4	93.69	328.495	1.09906	0	0
2065	0	metal5	93.69	328.495	1.09906	0	0
2066	3	metal4	93.69	318.495	1.09906	0	0
2067	0	metal5	93.69	318.495	1.09906	0	0
2068	3	metal4	93.69	308.495	1.09906	0	0
2069	0	metal5	93.69	308.495	1.09906	0	0
2070	3	metal4	93.69	298.495	1.09906	0	0
2071	0	metal5	93.69	298.495	1.09906	0	0
2072	3	metal4	93.69	288.495	1.09891	0	0.00299997
2073	0	metal5	93.69	288.495	1.099	0	0
2074	3	metal4	93.69	278.495	1.09904	0	0
2075	0	metal5	93.69	278.495	1.09904	0	0
2076	3	metal4	89.21	328.495	1.09906	0	0
2077	0	metal5	89.21	328.495	1.09906	0	0
2078	3	metal4	89.21	318.495	1.09906	0	0
2079	0	metal5	89.21	318.495	1.09906	0	0
2080	3	metal4	89.21	308.495	1.09905	0	0
2081	0	metal5	89.21	308.495	1.09905	0	0
2082	3	metal4	89.21	298.495	1.09906	0	0
2083	0	metal5	89.21	298.495	1.09906	0	0
2084	3	metal4	89.21	288.495	1.09901	0	0
2085	0	metal5	89.21	288.495	1.09901	0	0
2086	3	metal4	89.21	278.495	1.09905	0	0
2087	0	metal5	89.21	278.495	1.09905	0	0
2088	3	metal4	84.73	328.495	1.09906	0	0
2089	0	metal5	84.73	328.495	1.09906	0	0
2090	3	metal4	84.73	318.495	1.09906	0	0
2091	0	metal5	84.73	318.495	1.09906	0	0
2092	3	metal4	84.73	308.495	1.09905	0	0
2093	0	metal5	84.73	308.495	1.09905	0	0
2094	3	metal4	84.73	298.495	1.09906	0	0
2095	0	metal5	84.73	298.495	1.09906	0	0
2096	3	metal4	84.73	288.495	1.09902	0	0
2097	0	metal5	84.73	288.495	1.09902	0	0
2098	3	metal4	84.73	278.495	1.09905	0	0
2099	0	metal5	84.73	278.495	1.09905	0	0
2100	3	metal4	80.25	328.495	1.09905	0	0
2101	0	metal5	80.25	328.495	1.09905	0	0
2102	3	metal4	80.25	318.495	1.09906	0	0
2103	0	metal5	80.25	318.495	1.09906	0	0
2104	3	metal4	80.25	308.495	1.09905	0	0
2105	0	metal5	80.25	308.495	1.09905	0	0
2106	3	metal4	80.25	298.495	1.09906	0	0
2107	0	metal5	80.25	298.495	1.09906	0	0
2108	3	metal4	80.25	288.495	1.09903	0	0
2109	0	metal5	80.25	288.495	1.09903	0	0
2110	3	metal4	80.25	278.495	1.09905	0	0
2111	0	metal5	80.25	278.495	1.09905	0	0
2112	3	metal4	75.77	328.495	1.09905	0	0
2113	0	metal5	75.77	328.495	1.09905	0	0
2114	3	metal4	75.77	318.495	1.09906	0	0
2115	0	metal5	75.77	318.495	1.09906	0	0
2116	3	metal4	75.77	308.495	1.09905	0	0
2117	0	metal5	75.77	308.495	1.09905	0	0
2118	3	metal4	75.77	298.495	1.09906	0	0
2119	0	metal5	75.77	298.495	1.09906	0	0
2120	3	metal4	75.77	288.495	1.09904	0	0
2121	0	metal5	75.77	288.495	1.09904	0	0
2122	3	metal4	75.77	278.495	1.09905	0	0
2123	0	metal5	75.77	278.495	1.09905	0	0
2124	3	metal4	71.29	328.495	1.09905	0	0
2125	0	metal5	71.29	328.495	1.09905	0	0
2126	3	metal4	71.29	318.495	1.09906	0	0
2127	0	metal5	71.29	318.495	1.09906	0	0
2128	3	metal4	71.29	308.495	1.09905	0	0
2129	0	metal5	71.29	308.495	1.09905	0	0
2130	3	metal4	71.29	298.495	1.09906	0	0
2131	0	metal5	71.29	298.495	1.09906	0	0
2132	3	metal4	71.29	288.495	1.09904	0	0
2133	0	metal5	71.29	288.495	1.09904	0	0
2134	3	metal4	71.29	278.495	1.09905	0	0
2135	0	metal5	71.29	278.495	1.09905	0	0
2136	3	metal4	66.81	328.495	1.09901	0	0.00106176
2137	0	metal5	66.81	328.495	1.09905	0	0
2138	3	metal4	66.81	318.495	1.09906	0	0
2139	0	metal5	66.81	318.495	1.09906	0	0
2140	3	metal4	66.81	308.495	1.09905	0	0
2141	0	metal5	66.81	308.495	1.09905	0	0
2142	3	metal4	66.81	298.495	1.09906	0	0
2143	0	metal5	66.81	298.495	1.09906	0	0
2144	3	metal4	66.81	288.495	1.09905	0	0
2145	0	metal5	66.81	288.495	1.09905	0	0
2146	3	metal4	66.81	278.495	1.09905	0	0
2147	0	metal5	66.81	278.495	1.09905	0	0
2148	3	metal4	62.33	328.495	1.09905	0	0
2149	0	metal5	62.33	328.495	1.09905	0	0
2150	3	metal4	62.33	318.495	1.09906	0	0
2151	0	metal5	62.33	318.495	1.09906	0	0
2152	3	metal4	62.33	308.495	1.09904	0	0
2153	0	metal5	62.33	308.495	1.09904	0	0
2154	3	metal4	62.33	298.495	1.09906	0	0
2155	0	metal5	62.33	298.495	1.09906	0	0
2156	3	metal4	62.33	288.495	1.09905	0	0
2157	0	metal5	62.33	288.495	1.09905	0	0
2158	3	metal4	62.33	278.495	1.09905	0	0
2159	0	metal5	62.33	278.495	1.09905	0	0
2160	3	metal4	57.85	328.495	1.09905	0	0
2161	0	metal5	57.85	328.495	1.09905	0	0
2162	3	metal4	57.85	318.495	1.09906	0	0
2163	0	metal5	57.85	318.495	1.09906	0	0
2164	3	metal4	57.85	308.495	1.09904	0	0
2165	0	metal5	57.85	308.495	1.09904	0	0.00141818
2166	3	metal4	57.85	298.495	1.09906	0	0
2167	0	metal5	57.85	298.495	1.09906	0	0
2168	3	metal4	57.85	288.495	1.09905	0	0
2169	0	metal5	57.85	288.495	1.09905	0	0
2170	3	metal4	57.85	278.495	1.09905	0	0
2171	0	metal5	57.85	278.495	1.09905	0	0
2172	3	metal4	53.37	328.495	1.09905	0	0
2173	0	metal5	53.37	328.495	1.09905	0	0
2174	3	metal4	53.37	318.495	1.09906	0	0
2175	0	metal5	53.37	318.495	1.09906	0	0
2176	3	metal4	53.37	308.495	1.09904	0	0
2177	0	metal5	53.37	308.495	1.09904	0	0
2178	3	metal4	53.37	298.495	1.09906	0	0
2179	0	metal5	53.37	298.495	1.09906	0	0
2180	3	metal4	53.37	288.495	1.09905	0	0
2181	0	metal5	53.37	288.495	1.09905	0	0
2182	3	metal4	53.37	278.495	1.09905	0	0
2183	0	metal5	53.37	278.495	1.09905	0	0
2184	3	metal4	48.89	328.495	1.09905	0	0
2185	0	metal5	48.89	328.495	1.09905	0	0
2186	3	metal4	48.89	318.495	1.09906	0	0
2187	0	metal5	48.89	318.495	1.09906	0	0
2188	3	metal4	48.89	308.495	1.09905	0	0
2189	0	metal5	48.89	308.495	1.09905	0	0
2190	3	metal4	48.89	298.495	1.09906	0	0
2191	0	metal5	48.89	298.495	1.09906	0	0
2192	3	metal4	48.89	288.495	1.09905	0	0
2193	0	metal5	48.89	288.495	1.09905	0	0
2194	3	metal4	48.89	278.495	1.09906	0	0
2195	0	metal5	48.89	278.495	1.09906	0	0
2196	3	metal4	44.41	328.495	1.09905	0	0
2197	0	metal5	44.41	328.495	1.09905	0	0
2198	3	metal4	44.41	318.495	1.09906	0	0
2199	0	metal5	44.41	318.495	1.09906	0	0
2200	3	metal4	44.41	308.495	1.09905	0	0
2201	0	metal5	44.41	308.495	1.09905	0	0
2202	3	metal4	44.41	298.495	1.09906	0	0
2203	0	metal5	44.41	298.495	1.09906	0	0
2204	3	metal4	44.41	288.495	1.09905	0	0
2205	0	metal5	44.41	288.495	1.09905	0	0
2206	3	metal4	44.41	278.495	1.09906	0	0
2207	0	metal5	44.41	278.495	1.09906	0	0
2208	3	metal4	39.93	328.495	1.09906	0	0
2209	0	metal5	39.93	328.495	1.09906	0	0
2210	3	metal4	39.93	318.495	1.09906	0	0
2211	0	metal5	39.93	318.495	1.09906	0	0
2212	3	metal4	39.93	308.495	1.09905	0	0
2213	0	metal5	39.93	308.495	1.09905	0	0
2214	3	metal4	39.93	298.495	1.09906	0	0
2215	0	metal5	39.93	298.495	1.09906	0	0
2216	3	metal4	39.93	288.495	1.09906	0	0
2217	0	metal5	39.93	288.495	1.09906	0	0
2218	3	metal4	39.93	278.495	1.09906	0	0
2219	0	metal5	39.93	278.495	1.09906	0	0
2220	3	metal4	35.45	328.495	1.09906	0	0
2221	0	metal5	35.45	328.495	1.09906	0	0
2222	3	metal4	35.45	318.495	1.09906	0	0
2223	0	metal5	35.45	318.495	1.09906	0	0
2224	3	metal4	35.45	308.495	1.09905	0	0
2225	0	metal5	35.45	308.495	1.09905	0	0
2226	3	metal4	35.45	298.495	1.09906	0	0
2227	0	metal5	35.45	298.495	1.09906	0	0
2228	3	metal4	35.45	288.495	1.09906	0	0
2229	0	metal5	35.45	288.495	1.09906	0	0
2230	3	metal4	35.45	278.495	1.09906	0	0
2231	0	metal5	35.45	278.495	1.09906	0	0
2232	3	metal4	30.97	328.495	1.09906	0	0
2233	0	metal5	30.97	328.495	1.09906	0	0
2234	3	metal4	30.97	318.495	1.09906	0	0
2235	0	metal5	30.97	318.495	1.09906	0	0
2236	3	metal4	30.97	308.495	1.09905	0	0
2237	0	metal5	30.97	308.495	1.09905	0	0
2238	3	metal4	30.97	298.495	1.09906	0	0
2239	0	metal5	30.97	298.495	1.09906	0	0
2240	3	metal4	30.97	288.495	1.09906	0	0
2241	0	metal5	30.97	288.495	1.09906	0	0
2242	3	metal4	30.97	278.495	1.09906	0	0
2243	0	metal5	30.97	278.495	1.09906	0	0
2244	3	metal4	26.49	328.495	1.09906	0	0
2245	0	metal5	26.49	328.495	1.09906	0	0
2246	3	metal4	26.49	318.495	1.09906	0	0
2247	0	metal5	26.49	318.495	1.09906	0	0
2248	3	metal4	26.49	308.495	1.09906	0	0
2249	0	metal5	26.49	308.495	1.09906	0	0
2250	3	metal4	26.49	298.495	1.09906	0	0
2251	0	metal5	26.49	298.495	1.09906	0	0
2252	3	metal4	26.49	288.495	1.09906	0	0
2253	0	metal5	26.49	288.495	1.09906	0	0
2254	3	metal4	26.49	278.495	1.09906	0	0
2255	0	metal5	26.49	278.495	1.09906	0	0
2256	1	metal6	1078.18	1079.6	1.09988	0	0
2257	2	metal7	1078.18	1079.6	1.0999	0	0
2258	1	metal6	1078.18	1049.6	1.09985	0	0
2259	2	metal7	1078.18	1049.6	1.09985	0	0
2260	1	metal6	1078.18	1019.6	1.09983	0	0
2261	2	metal7	1078.18	1019.6	1.09982	0	0
2262	1	metal6	1068.18	1079.6	1.09988	0	0
2263	2	metal7	1068.18	1079.6	1.0999	0	0
2264	1	metal6	1068.18	1049.6	1.09985	0	0
2265	2	metal7	1068.18	1049.6	1.09985	0	0
2266	1	metal6	1068.18	1019.6	1.09983	0	0
2267	2	metal7	1068.18	1019.6	1.09982	0	0
2268	1	metal6	1058.18	1079.6	1.09988	0	0
2269	2	metal7	1058.18	1079.6	1.0999	0	0
2270	1	metal6	1058.18	1049.6	1.09985	0	0
2271	2	metal7	1058.18	1049.6	1.09984	0	0
2272	1	metal6	1058.18	1019.6	1.09983	0	0
2273	2	metal7	1058.18	1019.6	1.09982	0	0
2274	1	metal6	1048.18	1079.6	1.09989	0	0
2275	2	metal7	1048.18	1079.6	1.09991	0	0
2276	1	metal6	1048.18	1049.6	1.09985	0	0
2277	2	metal7	1048.18	1049.6	1.09984	0	0
2278	1	metal6	1048.18	1019.6	1.09983	0	0
2279	2	metal7	1048.18	1019.6	1.09982	0	0
2280	1	metal6	1038.18	1079.6	1.09989	0	0
2281	2	metal7	1038.18	1079.6	1.09991	0	0
2282	1	metal6	1038.18	1049.6	1.09984	0	0.00141818
2283	2	metal7	1038.18	1049.6	1.09984	0	0
2284	1	metal6	1038.18	1019.6	1.09983	0	0
2285	2	metal7	1038.18	1019.6	1.09982	0	0
2286	1	metal6	1028.18	1079.6	1.09989	0	0
2287	2	metal7	1028.18	1079.6	1.09992	0	0
2288	1	metal6	1028.18	1049.6	1.09985	0	0
2289	2	metal7	1028.18	1049.6	1.09984	0	0
2290	1	metal6	1028.18	1019.6	1.09983	0	0
2291	2	metal7	1028.18	1019.6	1.09981	0	0
2292	1	metal6	1018.18	1079.6	1.0999	0	0
2293	2	metal7	1018.18	1079.6	1.09993	0	0
2294	1	metal6	1018.18	1049.6	1.09985	0	0
2295	2	metal7	1018.18	1049.6	1.09984	0	0
2296	1	metal6	1018.18	1019.6	1.09982	0	0
2297	2	metal7	1018.18	1019.6	1.09981	0	0
2298	1	metal6	1008.18	1079.6	1.0999	0	0
2299	2	metal7	1008.18	1079.6	1.09994	0	0
2300	1	metal6	1008.18	1049.6	1.09985	0	0
2301	2	metal7	1008.18	1049.6	1.09983	0	0
2302	1	metal6	1008.18	1019.6	1.09982	0	0
2303	2	metal7	1008.18	1019.6	1.0998	0	0
2304	0	metal5	1078.18	1071.83	1.09988	0	0
2305	1	metal6	1078.18	1071.83	1.09987	0	0
2306	0	metal5	1078.18	1061.83	1.09986	0	0
2307	1	metal6	1078.18	1061.83	1.09986	0	0
2308	0	metal5	1078.18	1051.83	1.09985	0	0
2309	1	metal6	1078.18	1051.83	1.09985	0	0
2310	0	metal5	1078.18	1041.83	1.09985	0	0
2311	1	metal6	1078.18	1041.83	1.09985	0	0
2312	0	metal5	1078.18	1031.83	1.09984	0	0
2313	1	metal6	1078.18	1031.83	1.09984	0	0
2314	0	metal5	1078.18	1021.83	1.09983	0	0
2315	1	metal6	1078.18	1021.83	1.09983	0	0
2316	0	metal5	1068.18	1071.83	1.09988	0	0
2317	1	metal6	1068.18	1071.83	1.09987	0	0
2318	0	metal5	1068.18	1061.83	1.09986	0	0
2319	1	metal6	1068.18	1061.83	1.09986	0	0
2320	0	metal5	1068.18	1051.83	1.09985	0	0
2321	1	metal6	1068.18	1051.83	1.09985	0	0
2322	0	metal5	1068.18	1041.83	1.09985	0	0
2323	1	metal6	1068.18	1041.83	1.09985	0	0
2324	0	metal5	1068.18	1031.83	1.09984	0	0
2325	1	metal6	1068.18	1031.83	1.09984	0	0
2326	0	metal5	1068.18	1021.83	1.09983	0	0
2327	1	metal6	1068.18	1021.83	1.09983	0	0
2328	0	metal5	1058.18	1071.83	1.09988	0	0
2329	1	metal6	1058.18	1071.83	1.09988	0	0
2330	0	metal5	1058.18	1061.83	1.09986	0	0
2331	1	metal6	1058.18	1061.83	1.09986	0	0
2332	0	metal5	1058.18	1051.83	1.09985	0	0
2333	1	metal6	1058.18	1051.83	1.09985	0	0
2334	0	metal5	1058.18	1041.83	1.09984	0	0
2335	1	metal6	1058.18	1041.83	1.09985	0	0
2336	0	metal5	1058.18	1031.83	1.09984	0	0
2337	1	metal6	1058.18	1031.83	1.09984	0	0
2338	0	metal5	1058.18	1021.83	1.09983	0	0
2339	1	metal6	1058.18	1021.83	1.09983	0	0
2340	0	metal5	1048.18	1071.83	1.09988	0	0
2341	1	metal6	1048.18	1071.83	1.09988	0	0
2342	0	metal5	1048.18	1061.83	1.09986	0	0
2343	1	metal6	1048.18	1061.83	1.09986	0	0
2344	0	metal5	1048.18	1051.83	1.09985	0	0
2345	1	metal6	1048.18	1051.83	1.09985	0	0
2346	0	metal5	1048.18	1041.83	1.09984	0	0
2347	1	metal6	1048.18	1041.83	1.09984	0	0
2348	0	metal5	1048.18	1031.83	1.09984	0	0
2349	1	metal6	1048.18	1031.83	1.09984	0	0
2350	0	metal5	1048.18	1021.83	1.09983	0	0
2351	1	metal6	1048.18	1021.83	1.09983	0	0
2352	0	metal5	1038.18	1071.83	1.09988	0	0
2353	1	metal6	1038.18	1071.83	1.09988	0	0
2354	0	metal5	1038.18	1061.83	1.09986	0	0
2355	1	metal6	1038.18	1061.83	1.09986	0	0
2356	0	metal5	1038.18	1051.83	1.09985	0	0
2357	1	metal6	1038.18	1051.83	1.09984	0	0
2358	0	metal5	1038.18	1041.83	1.09984	0	0
2359	1	metal6	1038.18	1041.83	1.09984	0	0
2360	0	metal5	1038.18	1031.83	1.09984	0	0
2361	1	metal6	1038.18	1031.83	1.09983	0	0
2362	0	metal5	1038.18	1021.83	1.09983	0	0
2363	1	metal6	1038.18	1021.83	1.09983	0	0
2364	0	metal5	1028.18	1071.83	1.09988	0	0
2365	1	metal6	1028.18	1071.83	1.09988	0	0
2366	0	metal5	1028.18	1061.83	1.09987	0	0
2367	1	metal6	1028.18	1061.83	1.09987	0	0
2368	0	metal5	1028.18	1051.83	1.09985	0	0
2369	1	metal6	1028.18	1051.83	1.09985	0	0
2370	0	metal5	1028.18	1041.83	1.09984	0	0
2371	1	metal6	1028.18	1041.83	1.09984	0	0
2372	0	metal5	1028.18	1031.83	1.09984	0	0
2373	1	metal6	1028.18	1031.83	1.09984	0	0
2374	0	metal5	1028.18	1021.83	1.09983	0	0
2375	1	metal6	1028.18	1021.83	1.09983	0	0
2376	0	metal5	1018.18	1071.83	1.09988	0	0
2377	1	metal6	1018.18	1071.83	1.09988	0	0
2378	0	metal5	1018.18	1061.83	1.09987	0	0
2379	1	metal6	1018.18	1061.83	1.09987	0	0
2380	0	metal5	1018.18	1051.83	1.09985	0	0
2381	1	metal6	1018.18	1051.83	1.09985	0	0
2382	0	metal5	1018.18	1041.83	1.09984	0	0
2383	1	metal6	1018.18	1041.83	1.09984	0	0
2384	0	metal5	1018.18	1031.83	1.09983	0	0
2385	1	metal6	1018.18	1031.83	1.09983	0	0
2386	0	metal5	1018.18	1021.83	1.09983	0	0
2387	1	metal6	1018.18	1021.83	1.09983	0	0
2388	0	metal5	1008.18	1071.83	1.09989	0	0
2389	1	metal6	1008.18	1071.83	1.09989	0	0
2390	0	metal5	1008.18	1061.83	1.09987	0	0
2391	1	metal6	1008.18	1061.83	1.09987	0	0
2392	0	metal5	1008.18	1051.83	1.09985	0	0
2393	1	metal6	1008.18	1051.83	1.09985	0	0
2394	0	metal5	1008.18	1041.83	1.09984	0	0
2395	1	metal6	1008.18	1041.83	1.09984	0	0
2396	0	metal5	1008.18	1031.83	1.09983	0	0
2397	1	metal6	1008.18	1031.83	1.09983	0	0
2398	0	metal5	1008.18	1021.83	1.09983	0	0
2399	1	metal6	1008.18	1021.83	1.09982	0	0
2400	3	metal4	1073.42	1071.83	1.09988	0	0
2401	0	metal5	1073.42	1071.83	1.09988	0	0
2402	3	metal4	1073.42	1061.83	1.09986	0	0
2403	0	metal5	1073.42	1061.83	1.09986	0	0
2404	3	metal4	1073.42	1051.83	1.09985	0	0
2405	0	metal5	1073.42	1051.83	1.09985	0	0
2406	3	metal4	1073.42	1041.83	1.09985	0	0
2407	0	metal5	1073.42	1041.83	1.09985	0	0
2408	3	metal4	1073.42	1031.83	1.09984	0	0
2409	0	metal5	1073.42	1031.83	1.09984	0	0
2410	3	metal4	1073.42	1021.83	1.09983	0	0
2411	0	metal5	1073.42	1021.83	1.09983	0	0
2412	3	metal4	1068.94	1071.83	1.09988	0	0
2413	0	metal5	1068.94	1071.83	1.09988	0	0
2414	3	metal4	1068.94	1061.83	1.09986	0	0
2415	0	metal5	1068.94	1061.83	1.09986	0	0
2416	3	metal4	1068.94	1051.83	1.09985	0	0
2417	0	metal5	1068.94	1051.83	1.09985	0	0
2418	3	metal4	1068.94	1041.83	1.09985	0	0
2419	0	metal5	1068.94	1041.83	1.09985	0	0
2420	3	metal4	1068.94	1031.83	1.09984	0	0
2421	0	metal5	1068.94	1031.83	1.09984	0	0
2422	3	metal4	1068.94	1021.83	1.09983	0	0
2423	0	metal5	1068.94	1021.83	1.09983	0	0
2424	3	metal4	1064.46	1071.83	1.09988	0	0
2425	0	metal5	1064.46	1071.83	1.09988	0	0
2426	3	metal4	1064.46	1061.83	1.09986	0	0
2427	0	metal5	1064.46	1061.83	1.09986	0	0
2428	3	metal4	1064.46	1051.83	1.09985	0	0
2429	0	metal5	1064.46	1051.83	1.09985	0	0
2430	3	metal4	1064.46	1041.83	1.09985	0	0
2431	0	metal5	1064.46	1041.83	1.09985	0	0
2432	3	metal4	1064.46	1031.83	1.09984	0	0
2433	0	metal5	1064.46	1031.83	1.09984	0	0
2434	3	metal4	1064.46	1021.83	1.09983	0	0
2435	0	metal5	1064.46	1021.83	1.09983	0	0
2436	3	metal4	1059.98	1071.83	1.09988	0	0
2437	0	metal5	1059.98	1071.83	1.09988	0	0
2438	3	metal4	1059.98	1061.83	1.09986	0	0
2439	0	metal5	1059.98	1061.83	1.09986	0	0
2440	3	metal4	1059.98	1051.83	1.09985	0	0
2441	0	metal5	1059.98	1051.83	1.09985	0	0
2442	3	metal4	1059.98	1041.83	1.09984	0	0
2443	0	metal5	1059.98	1041.83	1.09984	0	0
2444	3	metal4	1059.98	1031.83	1.09984	0	0
2445	0	metal5	1059.98	1031.83	1.09984	0	0
2446	3	metal4	1059.98	1021.83	1.09983	0	0
2447	0	metal5	1059.98	1021.83	1.09983	0	0
2448	3	metal4	1055.5	1071.83	1.09988	0	0
2449	0	metal5	1055.5	1071.83	1.09988	0	0
2450	3	metal4	1055.5	1061.83	1.09986	0	0
2451	0	metal5	1055.5	1061.83	1.09986	0	0
2452	3	metal4	1055.5	1051.83	1.09985	0	0
2453	0	metal5	1055.5	1051.83	1.09985	0	0
2454	3	metal4	1055.5	1041.83	1.09984	0	0
2455	0	metal5	1055.5	1041.83	1.09984	0	0
2456	3	metal4	1055.5	1031.83	1.09984	0	0
2457	0	metal5	1055.5	1031.83	1.09984	0	0
2458	3	metal4	1055.5	1021.83	1.09983	0	0
2459	0	metal5	1055.5	1021.83	1.09983	0	0
2460	3	metal4	1051.02	1071.83	1.09988	0	0
2461	0	metal5	1051.02	1071.83	1.09988	0	0
2462	3	metal4	1051.02	1061.83	1.09986	0	0
2463	0	metal5	1051.02	1061.83	1.09986	0	0
2464	3	metal4	1051.02	1051.83	1.09985	0	0
2465	0	metal5	1051.02	1051.83	1.09985	0	0
2466	3	metal4	1051.02	1041.83	1.09984	0	0
2467	0	metal5	1051.02	1041.83	1.09984	0	0
2468	3	metal4	1051.02	1031.83	1.09984	0	0
2469	0	metal5	1051.02	1031.83	1.09984	0	0
2470	3	metal4	1051.02	1021.83	1.09983	0	0
2471	0	metal5	1051.02	1021.83	1.09983	0	0
2472	3	metal4	1046.54	1071.83	1.09988	0	0
2473	0	metal5	1046.54	1071.83	1.09988	0	0
2474	3	metal4	1046.54	1061.83	1.09986	0	0
2475	0	metal5	1046.54	1061.83	1.09986	0	0
2476	3	metal4	1046.54	1051.83	1.09985	0	0
2477	0	metal5	1046.54	1051.83	1.09985	0	0
2478	3	metal4	1046.54	1041.83	1.09984	0	0
2479	0	metal5	1046.54	1041.83	1.09984	0	0
2480	3	metal4	1046.54	1031.83	1.09984	0	0
2481	0	metal5	1046.54	1031.83	1.09984	0	0
2482	3	metal4	1046.54	1021.83	1.09983	0	0
2483	0	metal5	1046.54	1021.83	1.09983	0	0
2484	3	metal4	1042.06	1071.83	1.09988	0	0
2485	0	metal5	1042.06	1071.83	1.09988	0	0
2486	3	metal4	1042.06	1061.83	1.09986	0	0
2487	0	metal5	1042.06	1061.83	1.09986	0	0
2488	3	metal4	1042.06	1051.83	1.09985	0	0
2489	0	metal5	1042.06	1051.83	1.09985	0	0
2490	3	metal4	1042.06	1041.83	1.09984	0	0
2491	0	metal5	1042.06	1041.83	1.09984	0	0
2492	3	metal4	1042.06	1031.83	1.09984	0	0
2493	0	metal5	1042.06	1031.83	1.09984	0	0
2494	3	metal4	1042.06	1021.83	1.09983	0	0
2495	0	metal5	1042.06	1021.83	1.09983	0	0
2496	3	metal4	1037.58	1071.83	1.09988	0	0
2497	0	metal5	1037.58	1071.83	1.09988	0	0
2498	3	metal4	1037.58	1061.83	1.09986	0	0
2499	0	metal5	1037.58	1061.83	1.09986	0	0
2500	3	metal4	1037.58	1051.83	1.09985	0	0
2501	0	metal5	1037.58	1051.83	1.09985	0	0
2502	3	metal4	1037.58	1041.83	1.09984	0	0
2503	0	metal5	1037.58	1041.83	1.09984	0	0
2504	3	metal4	1037.58	1031.83	1.09984	0	0
2505	0	metal5	1037.58	1031.83	1.09984	0	0
2506	3	metal4	1037.58	1021.83	1.09983	0	0
2507	0	metal5	1037.58	1021.83	1.09983	0	0
2508	3	metal4	1033.1	1071.83	1.09988	0	0
2509	0	metal5	1033.1	1071.83	1.09988	0	0
2510	3	metal4	1033.1	1061.83	1.09987	0	0
2511	0	metal5	1033.1	1061.83	1.09987	0	0
2512	3	metal4	1033.1	1051.83	1.09985	0	0
2513	0	metal5	1033.1	1051.83	1.09985	0	0
2514	3	metal4	1033.1	1041.83	1.09984	0	0
2515	0	metal5	1033.1	1041.83	1.09984	0	0
2516	3	metal4	1033.1	1031.83	1.09984	0	0
2517	0	metal5	1033.1	1031.83	1.09984	0	0
2518	3	metal4	1033.1	1021.83	1.09983	0	0
2519	0	metal5	1033.1	1021.83	1.09983	0	0
2520	3	metal4	1028.62	1071.83	1.09988	0	0
2521	0	metal5	1028.62	1071.83	1.09988	0	0
2522	3	metal4	1028.62	1061.83	1.09987	0	0
2523	0	metal5	1028.62	1061.83	1.09987	0	0
2524	3	metal4	1028.62	1051.83	1.09985	0	0
2525	0	metal5	1028.62	1051.83	1.09985	0	0
2526	3	metal4	1028.62	1041.83	1.09984	0	0
2527	0	metal5	1028.62	1041.83	1.09984	0	0
2528	3	metal4	1028.62	1031.83	1.09984	0	0
2529	0	metal5	1028.62	1031.83	1.09984	0	0
2530	3	metal4	1028.62	1021.83	1.09983	0	0
2531	0	metal5	1028.62	1021.83	1.09983	0	0
2532	3	metal4	1024.14	1071.83	1.09988	0	0
2533	0	metal5	1024.14	1071.83	1.09988	0	0
2534	3	metal4	1024.14	1061.83	1.09987	0	0
2535	0	metal5	1024.14	1061.83	1.09987	0	0
2536	3	metal4	1024.14	1051.83	1.09985	0	0
2537	0	metal5	1024.14	1051.83	1.09985	0	0
2538	3	metal4	1024.14	1041.83	1.09984	0	0
2539	0	metal5	1024.14	1041.83	1.09984	0	0
2540	3	metal4	1024.14	1031.83	1.09984	0	0
2541	0	metal5	1024.14	1031.83	1.09984	0	0
2542	3	metal4	1024.14	1021.83	1.09983	0	0
2543	0	metal5	1024.14	1021.83	1.09983	0	0
2544	3	metal4	1019.66	1071.83	1.09988	0	0
2545	0	metal5	1019.66	1071.83	1.09988	0	0
2546	3	metal4	1019.66	1061.83	1.09987	0	0
2547	0	metal5	1019.66	1061.83	1.09987	0	0
2548	3	metal4	1019.66	1051.83	1.09985	0	0
2549	0	metal5	1019.66	1051.83	1.09985	0	0
2550	3	metal4	1019.66	1041.83	1.09984	0	0
2551	0	metal5	1019.66	1041.83	1.09984	0	0
2552	3	metal4	1019.66	1031.83	1.09983	0	0
2553	0	metal5	1019.66	1031.83	1.09983	0	0
2554	3	metal4	1019.66	1021.83	1.09983	0	0
2555	0	metal5	1019.66	1021.83	1.09983	0	0
2556	3	metal4	1015.18	1071.83	1.09988	0	0
2557	0	metal5	1015.18	1071.83	1.09988	0	0
2558	3	metal4	1015.18	1061.83	1.09987	0	0
2559	0	metal5	1015.18	1061.83	1.09987	0	0
2560	3	metal4	1015.18	1051.83	1.09985	0	0
2561	0	metal5	1015.18	1051.83	1.09985	0	0
2562	3	metal4	1015.18	1041.83	1.09984	0	0
2563	0	metal5	1015.18	1041.83	1.09984	0	0
2564	3	metal4	1015.18	1031.83	1.09983	0	0
2565	0	metal5	1015.18	1031.83	1.09983	0	0
2566	3	metal4	1015.18	1021.83	1.09983	0	0
2567	0	metal5	1015.18	1021.83	1.09983	0	0
2568	3	metal4	1010.7	1071.83	1.09988	0	0
2569	0	metal5	1010.7	1071.83	1.09988	0	0
2570	3	metal4	1010.7	1061.83	1.09987	0	0
2571	0	metal5	1010.7	1061.83	1.09987	0	0
2572	3	metal4	1010.7	1051.83	1.09985	0	0
2573	0	metal5	1010.7	1051.83	1.09985	0	0
2574	3	metal4	1010.7	1041.83	1.09984	0	0
2575	0	metal5	1010.7	1041.83	1.09984	0	0
2576	3	metal4	1010.7	1031.83	1.09983	0	0
2577	0	metal5	1010.7	1031.83	1.09983	0	0
2578	3	metal4	1010.7	1021.83	1.09983	0	0
2579	0	metal5	1010.7	1021.83	1.09983	0	0
2580	3	metal4	1006.22	1071.83	1.09989	0	0
2581	0	metal5	1006.22	1071.83	1.09989	0	0
2582	3	metal4	1006.22	1061.83	1.09987	0	0
2583	0	metal5	1006.22	1061.83	1.09987	0	0
2584	3	metal4	1006.22	1051.83	1.09985	0	0
2585	0	metal5	1006.22	1051.83	1.09985	0	0
2586	3	metal4	1006.22	1041.83	1.09984	0	0
2587	0	metal5	1006.22	1041.83	1.09984	0	0
2588	3	metal4	1006.22	1031.83	1.09983	0	0
2589	0	metal5	1006.22	1031.83	1.09983	0	0
2590	3	metal4	1006.22	1021.83	1.09983	0	0
2591	0	metal5	1006.22	1021.83	1.09983	0	0
2592	1	metal6	97.07	1079.6	1.09994	0	0
2593	2	metal7	97.07	1079.6	1.09997	0	0
2594	1	metal6	97.07	1049.6	1.0999	0	0
2595	2	metal7	97.07	1049.6	1.09988	0	0
2596	1	metal6	97.07	1019.6	1.09988	0	0
2597	2	metal7	97.07	1019.6	1.09987	0	0
2598	1	metal6	87.07	1079.6	1.09994	0	0
2599	2	metal7	87.07	1079.6	1.09996	0	0
2600	1	metal6	87.07	1049.6	1.0999	0	0
2601	2	metal7	87.07	1049.6	1.09989	0	0
2602	1	metal6	87.07	1019.6	1.09988	0	0
2603	2	metal7	87.07	1019.6	1.09987	0	0
2604	1	metal6	77.07	1079.6	1.09993	0	0
2605	2	metal7	77.07	1079.6	1.09995	0	0
2606	1	metal6	77.07	1049.6	1.0999	0	0
2607	2	metal7	77.07	1049.6	1.09989	0	0
2608	1	metal6	77.07	1019.6	1.09988	0	0
2609	2	metal7	77.07	1019.6	1.09987	0	0
2610	1	metal6	67.07	1079.6	1.09993	0	0
2611	2	metal7	67.07	1079.6	1.09995	0	0
2612	1	metal6	67.07	1049.6	1.0999	0	0
2613	2	metal7	67.07	1049.6	1.09989	0	0
2614	1	metal6	67.07	1019.6	1.09988	0	0
2615	2	metal7	67.07	1019.6	1.09987	0	0
2616	1	metal6	57.07	1079.6	1.09992	0	0
2617	2	metal7	57.07	1079.6	1.09994	0	0
2618	1	metal6	57.07	1049.6	1.09988	0	0.00141818
2619	2	metal7	57.07	1049.6	1.09989	0	0
2620	1	metal6	57.07	1019.6	1.09988	0	0
2621	2	metal7	57.07	1019.6	1.09988	0	0
2622	1	metal6	47.07	1079.6	1.09992	0	0
2623	2	metal7	47.07	1079.6	1.09994	0	0
2624	1	metal6	47.07	1049.6	1.0999	0	0
2625	2	metal7	47.07	1049.6	1.09989	0	0
2626	1	metal6	47.07	1019.6	1.09988	0	0
2627	2	metal7	47.07	1019.6	1.09988	0	0
2628	1	metal6	37.07	1079.6	1.09992	0	0
2629	2	metal7	37.07	1079.6	1.09994	0	0
2630	1	metal6	37.07	1049.6	1.0999	0	0
2631	2	metal7	37.07	1049.6	1.09989	0	0
2632	1	metal6	37.07	1019.6	1.09989	0	0
2633	2	metal7	37.07	1019.6	1.09988	0	0
2634	1	metal6	27.07	1079.6	1.09992	0	0
2635	2	metal7	27.07	1079.6	1.09994	0	0
2636	1	metal6	27.07	1049.6	1.0999	0	0
2637	2	metal7	27.07	1049.6	1.09989	0	0
2638	1	metal6	27.07	1019.6	1.09989	0	0
2639	2	metal7	27.07	1019.6	1.09988	0	0
2640	0	metal5	97.07	1071.83	1.09993	0	0
2641	1	metal6	97.07	1071.83	1.09993	0	0
2642	0	metal5	97.07	1061.83	1.09991	0	0
2643	1	metal6	97.07	1061.83	1.09991	0	0
2644	0	metal5	97.07	1051.83	1.0999	0	0
2645	1	metal6	97.07	1051.83	1.0999	0	0
2646	0	metal5	97.07	1041.83	1.09989	0	0
2647	1	metal6	97.07	1041.83	1.09989	0	0
2648	0	metal5	97.07	1031.83	1.09989	0	0
2649	1	metal6	97.07	1031.83	1.09989	0	0
2650	0	metal5	97.07	1021.83	1.09988	0	0
2651	1	metal6	97.07	1021.83	1.09988	0	0
2652	0	metal5	87.07	1071.83	1.09992	0	0
2653	1	metal6	87.07	1071.83	1.09993	0	0
2654	0	metal5	87.07	1061.83	1.09991	0	0
2655	1	metal6	87.07	1061.83	1.09991	0	0
2656	0	metal5	87.07	1051.83	1.0999	0	0
2657	1	metal6	87.07	1051.83	1.0999	0	0
2658	0	metal5	87.07	1041.83	1.09989	0	0
2659	1	metal6	87.07	1041.83	1.09989	0	0
2660	0	metal5	87.07	1031.83	1.09989	0	0
2661	1	metal6	87.07	1031.83	1.09989	0	0
2662	0	metal5	87.07	1021.83	1.09988	0	0
2663	1	metal6	87.07	1021.83	1.09988	0	0
2664	0	metal5	77.07	1071.83	1.09992	0	0
2665	1	metal6	77.07	1071.83	1.09992	0	0
2666	0	metal5	77.07	1061.83	1.09991	0	0
2667	1	metal6	77.07	1061.83	1.09991	0	0
2668	0	metal5	77.07	1051.83	1.0999	0	0
2669	1	metal6	77.07	1051.83	1.0999	0	0
2670	0	metal5	77.07	1041.83	1.09989	0	0
2671	1	metal6	77.07	1041.83	1.09989	0	0
2672	0	metal5	77.07	1031.83	1.09989	0	0
2673	1	metal6	77.07	1031.83	1.09989	0	0
2674	0	metal5	77.07	1021.83	1.09988	0	0
2675	1	metal6	77.07	1021.83	1.09988	0	0
2676	0	metal5	67.07	1071.83	1.09992	0	0
2677	1	metal6	67.07	1071.83	1.09992	0	0
2678	0	metal5	67.07	1061.83	1.09991	0	0
2679	1	metal6	67.07	1061.83	1.09991	0	0
2680	0	metal5	67.07	1051.83	1.0999	0	0
2681	1	metal6	67.07	1051.83	1.0999	0	0
2682	0	metal5	67.07	1041.83	1.09989	0	0
2683	1	metal6	67.07	1041.83	1.09989	0	0
2684	0	metal5	67.07	1031.83	1.09989	0	0
2685	1	metal6	67.07	1031.83	1.09989	0	0
2686	0	metal5	67.07	1021.83	1.09988	0	0
2687	1	metal6	67.07	1021.83	1.09988	0	0
2688	0	metal5	57.07	1071.83	1.09992	0	0
2689	1	metal6	57.07	1071.83	1.09992	0	0
2690	0	metal5	57.07	1061.83	1.09991	0	0
2691	1	metal6	57.07	1061.83	1.0999	0	0
2692	0	metal5	57.07	1051.83	1.0999	0	0
2693	1	metal6	57.07	1051.83	1.09989	0	0
2694	0	metal5	57.07	1041.83	1.09989	0	0
2695	1	metal6	57.07	1041.83	1.09989	0	0
2696	0	metal5	57.07	1031.83	1.09989	0	0
2697	1	metal6	57.07	1031.83	1.09988	0	0
2698	0	metal5	57.07	1021.83	1.09988	0	0
2699	1	metal6	57.07	1021.83	1.09988	0	0
2700	0	metal5	47.07	1071.83	1.09992	0	0
2701	1	metal6	47.07	1071.83	1.09992	0	0
2702	0	metal5	47.07	1061.83	1.09991	0	0
2703	1	metal6	47.07	1061.83	1.09991	0	0
2704	0	metal5	47.07	1051.83	1.0999	0	0
2705	1	metal6	47.07	1051.83	1.0999	0	0
2706	0	metal5	47.07	1041.83	1.09989	0	0
2707	1	metal6	47.07	1041.83	1.09989	0	0
2708	0	metal5	47.07	1031.83	1.09989	0	0
2709	1	metal6	47.07	1031.83	1.09989	0	0
2710	0	metal5	47.07	1021.83	1.09988	0	0
2711	1	metal6	47.07	1021.83	1.09989	0	0
2712	0	metal5	37.07	1071.83	1.09992	0	0
2713	1	metal6	37.07	1071.83	1.09992	0	0
2714	0	metal5	37.07	1061.83	1.09991	0	0
2715	1	metal6	37.07	1061.83	1.09991	0	0
2716	0	metal5	37.07	1051.83	1.0999	0	0
2717	1	metal6	37.07	1051.83	1.0999	0	0
2718	0	metal5	37.07	1041.83	1.09989	0	0
2719	1	metal6	37.07	1041.83	1.09989	0	0
2720	0	metal5	37.07	1031.83	1.09989	0	0
2721	1	metal6	37.07	1031.83	1.09989	0	0
2722	0	metal5	37.07	1021.83	1.09989	0	0
2723	1	metal6	37.07	1021.83	1.09989	0	0
2724	0	metal5	27.07	1071.83	1.09992	0	0
2725	1	metal6	27.07	1071.83	1.09992	0	0
2726	0	metal5	27.07	1061.83	1.09991	0	0
2727	1	metal6	27.07	1061.83	1.09991	0	0
2728	0	metal5	27.07	1051.83	1.0999	0	0
2729	1	metal6	27.07	1051.83	1.0999	0	0
2730	0	metal5	27.07	1041.83	1.09989	0	0
2731	1	metal6	27.07	1041.83	1.09989	0	0
2732	0	metal5	27.07	1031.83	1.09989	0	0
2733	1	metal6	27.07	1031.83	1.09989	0	0
2734	0	metal5	27.07	1021.83	1.09989	0	0
2735	1	metal6	27.07	1021.83	1.09989	0	0
2736	3	metal4	93.69	1071.83	1.09992	0	0
2737	0	metal5	93.69	1071.83	1.09992	0	0
2738	3	metal4	93.69	1061.83	1.09991	0	0
2739	0	metal5	93.69	1061.83	1.09991	0	0
2740	3	metal4	93.69	1051.83	1.0999	0	0
2741	0	metal5	93.69	1051.83	1.0999	0	0
2742	3	metal4	93.69	1041.83	1.09989	0	0
2743	0	metal5	93.69	1041.83	1.09989	0	0
2744	3	metal4	93.69	1031.83	1.09989	0	0
2745	0	metal5	93.69	1031.83	1.09989	0	0
2746	3	metal4	93.69	1021.83	1.09988	0	0
2747	0	metal5	93.69	1021.83	1.09988	0	0
2748	3	metal4	89.21	1071.83	1.09992	0	0
2749	0	metal5	89.21	1071.83	1.09992	0	0
2750	3	metal4	89.21	1061.83	1.09991	0	0
2751	0	metal5	89.21	1061.83	1.09991	0	0
2752	3	metal4	89.21	1051.83	1.0999	0	0
2753	0	metal5	89.21	1051.83	1.0999	0	0
2754	3	metal4	89.21	1041.83	1.09989	0	0
2755	0	metal5	89.21	1041.83	1.09989	0	0
2756	3	metal4	89.21	1031.83	1.09989	0	0
2757	0	metal5	89.21	1031.83	1.09989	0	0
2758	3	metal4	89.21	1021.83	1.09988	0	0
2759	0	metal5	89.21	1021.83	1.09988	0	0
2760	3	metal4	84.73	1071.83	1.09992	0	0
2761	0	metal5	84.73	1071.83	1.09992	0	0
2762	3	metal4	84.73	1061.83	1.09991	0	0
2763	0	metal5	84.73	1061.83	1.09991	0	0
2764	3	metal4	84.73	1051.83	1.0999	0	0
2765	0	metal5	84.73	1051.83	1.0999	0	0
2766	3	metal4	84.73	1041.83	1.09989	0	0
2767	0	metal5	84.73	1041.83	1.09989	0	0
2768	3	metal4	84.73	1031.83	1.09989	0	0
2769	0	metal5	84.73	1031.83	1.09989	0	0
2770	3	metal4	84.73	1021.83	1.09988	0	0
2771	0	metal5	84.73	1021.83	1.09988	0	0
2772	3	metal4	80.25	1071.83	1.09992	0	0
2773	0	metal5	80.25	1071.83	1.09992	0	0
2774	3	metal4	80.25	1061.83	1.09991	0	0
2775	0	metal5	80.25	1061.83	1.09991	0	0
2776	3	metal4	80.25	1051.83	1.0999	0	0
2777	0	metal5	80.25	1051.83	1.0999	0	0
2778	3	metal4	80.25	1041.83	1.09989	0	0
2779	0	metal5	80.25	1041.83	1.09989	0	0
2780	3	metal4	80.25	1031.83	1.09989	0	0
2781	0	metal5	80.25	1031.83	1.09989	0	0
2782	3	metal4	80.25	1021.83	1.09988	0	0
2783	0	metal5	80.25	1021.83	1.09988	0	0
2784	3	metal4	75.77	1071.83	1.09992	0	0
2785	0	metal5	75.77	1071.83	1.09992	0	0
2786	3	metal4	75.77	1061.83	1.09991	0	0
2787	0	metal5	75.77	1061.83	1.09991	0	0
2788	3	metal4	75.77	1051.83	1.0999	0	0
2789	0	metal5	75.77	1051.83	1.0999	0	0
2790	3	metal4	75.77	1041.83	1.09989	0	0
2791	0	metal5	75.77	1041.83	1.09989	0	0
2792	3	metal4	75.77	1031.83	1.09989	0	0
2793	0	metal5	75.77	1031.83	1.09989	0	0
2794	3	metal4	75.77	1021.83	1.09988	0	0
2795	0	metal5	75.77	1021.83	1.09988	0	0
2796	3	metal4	71.29	1071.83	1.09992	0	0
2797	0	metal5	71.29	1071.83	1.09992	0	0
2798	3	metal4	71.29	1061.83	1.09991	0	0
2799	0	metal5	71.29	1061.83	1.09991	0	0
2800	3	metal4	71.29	1051.83	1.0999	0	0
2801	0	metal5	71.29	1051.83	1.0999	0	0
2802	3	metal4	71.29	1041.83	1.09989	0	0
2803	0	metal5	71.29	1041.83	1.09989	0	0
2804	3	metal4	71.29	1031.83	1.09989	0	0
2805	0	metal5	71.29	1031.83	1.09989	0	0
2806	3	metal4	71.29	1021.83	1.09988	0	0
2807	0	metal5	71.29	1021.83	1.09988	0	0
2808	3	metal4	66.81	1071.83	1.09992	0	0
2809	0	metal5	66.81	1071.83	1.09992	0	0
2810	3	metal4	66.81	1061.83	1.09991	0	0
2811	0	metal5	66.81	1061.83	1.09991	0	0
2812	3	metal4	66.81	1051.83	1.0999	0	0
2813	0	metal5	66.81	1051.83	1.0999	0	0
2814	3	metal4	66.81	1041.83	1.09989	0	0
2815	0	metal5	66.81	1041.83	1.09989	0	0
2816	3	metal4	66.81	1031.83	1.09989	0	0
2817	0	metal5	66.81	1031.83	1.09989	0	0
2818	3	metal4	66.81	1021.83	1.09988	0	0
2819	0	metal5	66.81	1021.83	1.09988	0	0
2820	3	metal4	62.33	1071.83	1.09992	0	0
2821	0	metal5	62.33	1071.83	1.09992	0	0
2822	3	metal4	62.33	1061.83	1.09991	0	0
2823	0	metal5	62.33	1061.83	1.09991	0	0
2824	3	metal4	62.33	1051.83	1.0999	0	0
2825	0	metal5	62.33	1051.83	1.0999	0	0
2826	3	metal4	62.33	1041.83	1.09989	0	0
2827	0	metal5	62.33	1041.83	1.09989	0	0
2828	3	metal4	62.33	1031.83	1.09989	0	0
2829	0	metal5	62.33	1031.83	1.09989	0	0
2830	3	metal4	62.33	1021.83	1.09988	0	0
2831	0	metal5	62.33	1021.83	1.09988	0	0
2832	3	metal4	57.85	1071.83	1.09992	0	0
2833	0	metal5	57.85	1071.83	1.09992	0	0
2834	3	metal4	57.85	1061.83	1.09991	0	0
2835	0	metal5	57.85	1061.83	1.09991	0	0
2836	3	metal4	57.85	1051.83	1.0999	0	0
2837	0	metal5	57.85	1051.83	1.0999	0	0
2838	3	metal4	57.85	1041.83	1.09989	0	0
2839	0	metal5	57.85	1041.83	1.09989	0	0
2840	3	metal4	57.85	1031.83	1.09989	0	0
2841	0	metal5	57.85	1031.83	1.09989	0	0
2842	3	metal4	57.85	1021.83	1.09988	0	0
2843	0	metal5	57.85	1021.83	1.09988	0	0
2844	3	metal4	53.37	1071.83	1.09992	0	0
2845	0	metal5	53.37	1071.83	1.09992	0	0
2846	3	metal4	53.37	1061.83	1.09991	0	0
2847	0	metal5	53.37	1061.83	1.09991	0	0
2848	3	metal4	53.37	1051.83	1.0999	0	0
2849	0	metal5	53.37	1051.83	1.0999	0	0
2850	3	metal4	53.37	1041.83	1.09989	0	0
2851	0	metal5	53.37	1041.83	1.09989	0	0
2852	3	metal4	53.37	1031.83	1.09989	0	0
2853	0	metal5	53.37	1031.83	1.09989	0	0
2854	3	metal4	53.37	1021.83	1.09988	0	0
2855	0	metal5	53.37	1021.83	1.09988	0	0
2856	3	metal4	48.89	1071.83	1.09992	0	0
2857	0	metal5	48.89	1071.83	1.09992	0	0
2858	3	metal4	48.89	1061.83	1.09991	0	0
2859	0	metal5	48.89	1061.83	1.09991	0	0
2860	3	metal4	48.89	1051.83	1.0999	0	0
2861	0	metal5	48.89	1051.83	1.0999	0	0
2862	3	metal4	48.89	1041.83	1.09989	0	0
2863	0	metal5	48.89	1041.83	1.09989	0	0
2864	3	metal4	48.89	1031.83	1.09989	0	0
2865	0	metal5	48.89	1031.83	1.09989	0	0
2866	3	metal4	48.89	1021.83	1.09988	0	0
2867	0	metal5	48.89	1021.83	1.09988	0	0
2868	3	metal4	44.41	1071.83	1.09992	0	0
2869	0	metal5	44.41	1071.83	1.09992	0	0
2870	3	metal4	44.41	1061.83	1.09991	0	0
2871	0	metal5	44.41	1061.83	1.09991	0	0
2872	3	metal4	44.41	1051.83	1.0999	0	0
2873	0	metal5	44.41	1051.83	1.0999	0	0
2874	3	metal4	44.41	1041.83	1.09989	0	0
2875	0	metal5	44.41	1041.83	1.09989	0	0
2876	3	metal4	44.41	1031.83	1.09989	0	0
2877	0	metal5	44.41	1031.83	1.09989	0	0
2878	3	metal4	44.41	1021.83	1.09988	0	0
2879	0	metal5	44.41	1021.83	1.09988	0	0
2880	3	metal4	39.93	1071.83	1.09992	0	0
2881	0	metal5	39.93	1071.83	1.09992	0	0
2882	3	metal4	39.93	1061.83	1.09991	0	0
2883	0	metal5	39.93	1061.83	1.09991	0	0
2884	3	metal4	39.93	1051.83	1.0999	0	0
2885	0	metal5	39.93	1051.83	1.0999	0	0
2886	3	metal4	39.93	1041.83	1.09989	0	0
2887	0	metal5	39.93	1041.83	1.09989	0	0
2888	3	metal4	39.93	1031.83	1.09989	0	0
2889	0	metal5	39.93	1031.83	1.09989	0	0
2890	3	metal4	39.93	1021.83	1.09989	0	0
2891	0	metal5	39.93	1021.83	1.09989	0	0
2892	3	metal4	35.45	1071.83	1.09992	0	0
2893	0	metal5	35.45	1071.83	1.09992	0	0
2894	3	metal4	35.45	1061.83	1.09991	0	0
2895	0	metal5	35.45	1061.83	1.09991	0	0
2896	3	metal4	35.45	1051.83	1.0999	0	0
2897	0	metal5	35.45	1051.83	1.0999	0	0
2898	3	metal4	35.45	1041.83	1.09989	0	0
2899	0	metal5	35.45	1041.83	1.09989	0	0
2900	3	metal4	35.45	1031.83	1.09989	0	0
2901	0	metal5	35.45	1031.83	1.09989	0	0
2902	3	metal4	35.45	1021.83	1.09989	0	0
2903	0	metal5	35.45	1021.83	1.09989	0	0
2904	3	metal4	30.97	1071.83	1.09992	0	0
2905	0	metal5	30.97	1071.83	1.09992	0	0
2906	3	metal4	30.97	1061.83	1.09991	0	0
2907	0	metal5	30.97	1061.83	1.09991	0	0
2908	3	metal4	30.97	1051.83	1.0999	0	0
2909	0	metal5	30.97	1051.83	1.0999	0	0
2910	3	metal4	30.97	1041.83	1.09989	0	0
2911	0	metal5	30.97	1041.83	1.09989	0	0
2912	3	metal4	30.97	1031.83	1.09989	0	0
2913	0	metal5	30.97	1031.83	1.09989	0	0
2914	3	metal4	30.97	1021.83	1.09989	0	0
2915	0	metal5	30.97	1021.83	1.09989	0	0
2916	3	metal4	26.49	1071.83	1.09992	0	0
2917	0	metal5	26.49	1071.83	1.09992	0	0
2918	3	metal4	26.49	1061.83	1.09991	0	0
2919	0	metal5	26.49	1061.83	1.09991	0	0
2920	3	metal4	26.49	1051.83	1.0999	0	0
2921	0	metal5	26.49	1051.83	1.0999	0	0
2922	3	metal4	26.49	1041.83	1.09989	0	0
2923	0	metal5	26.49	1041.83	1.09989	0	0
2924	3	metal4	26.49	1031.83	1.09989	0	0
2925	0	metal5	26.49	1031.83	1.09989	0	0
2926	3	metal4	26.49	1021.83	1.09989	0	0
2927	0	metal5	26.49	1021.83	1.09989	0	0
2928	1	metal6	97.07	59.6	1.09992	0	0
2929	2	metal7	97.07	59.6	1.09991	0	0
2930	1	metal6	97.07	29.6	1.09993	0	0
2931	2	metal7	97.07	29.6	1.09995	0	0
2932	1	metal6	87.07	59.6	1.09992	0	0
2933	2	metal7	87.07	59.6	1.09991	0	0
2934	1	metal6	87.07	29.6	1.09993	0	0
2935	2	metal7	87.07	29.6	1.09994	0	0
2936	1	metal6	77.07	59.6	1.09992	0	0
2937	2	metal7	77.07	59.6	1.09991	0	0
2938	1	metal6	77.07	29.6	1.09993	0	0
2939	2	metal7	77.07	29.6	1.09994	0	0
2940	1	metal6	67.07	59.6	1.09991	0	0
2941	2	metal7	67.07	59.6	1.09991	0	0
2942	1	metal6	67.07	29.6	1.09993	0	0
2943	2	metal7	67.07	29.6	1.09994	0	0
2944	1	metal6	57.07	59.6	1.09991	0	0
2945	2	metal7	57.07	59.6	1.09991	0	0
2946	1	metal6	57.07	29.6	1.09993	0	0
2947	2	metal7	57.07	29.6	1.09993	0	0
2948	1	metal6	47.07	59.6	1.09991	0	0
2949	2	metal7	47.07	59.6	1.09991	0	0
2950	1	metal6	47.07	29.6	1.09993	0	0
2951	2	metal7	47.07	29.6	1.09993	0	0
2952	1	metal6	37.07	59.6	1.09991	0	0
2953	2	metal7	37.07	59.6	1.09991	0	0
2954	1	metal6	37.07	29.6	1.09993	0	0
2955	2	metal7	37.07	29.6	1.09993	0	0
2956	1	metal6	27.07	59.6	1.09991	0	0
2957	2	metal7	27.07	59.6	1.09991	0	0
2958	1	metal6	27.07	29.6	1.09993	0	0
2959	2	metal7	27.07	29.6	1.09993	0	0
2960	0	metal5	97.07	79.715	1.09992	0	0
2961	1	metal6	97.07	79.715	1.09992	0	0
2962	0	metal5	97.07	69.715	1.09992	0	0
2963	1	metal6	97.07	69.715	1.09992	0	0
2964	0	metal5	97.07	59.715	1.09991	0	0
2965	1	metal6	97.07	59.715	1.09992	0	0
2966	0	metal5	97.07	49.715	1.09992	0	0
2967	1	metal6	97.07	49.715	1.09992	0	0
2968	0	metal5	97.07	39.715	1.09993	0	0
2969	1	metal6	97.07	39.715	1.09993	0	0
2970	0	metal5	97.07	29.715	1.09993	0	0
2971	1	metal6	97.07	29.715	1.09993	0	0
2972	0	metal5	87.07	79.715	1.09992	0	0
2973	1	metal6	87.07	79.715	1.09992	0	0
2974	0	metal5	87.07	69.715	1.09992	0	0
2975	1	metal6	87.07	69.715	1.09992	0	0
2976	0	metal5	87.07	59.715	1.09991	0	0
2977	1	metal6	87.07	59.715	1.09992	0	0
2978	0	metal5	87.07	49.715	1.09992	0	0
2979	1	metal6	87.07	49.715	1.09992	0	0
2980	0	metal5	87.07	39.715	1.09993	0	0
2981	1	metal6	87.07	39.715	1.09993	0	0
2982	0	metal5	87.07	29.715	1.09993	0	0
2983	1	metal6	87.07	29.715	1.09993	0	0
2984	0	metal5	77.07	79.715	1.09992	0	0
2985	1	metal6	77.07	79.715	1.09992	0	0
2986	0	metal5	77.07	69.715	1.09992	0	0
2987	1	metal6	77.07	69.715	1.09992	0	0
2988	0	metal5	77.07	59.715	1.09991	0	0
2989	1	metal6	77.07	59.715	1.09992	0	0
2990	0	metal5	77.07	49.715	1.09992	0	0
2991	1	metal6	77.07	49.715	1.09992	0	0
2992	0	metal5	77.07	39.715	1.09993	0	0
2993	1	metal6	77.07	39.715	1.09993	0	0
2994	0	metal5	77.07	29.715	1.09993	0	0
2995	1	metal6	77.07	29.715	1.09993	0	0
2996	0	metal5	67.07	79.715	1.09991	0	0
2997	1	metal6	67.07	79.715	1.09991	0	0
2998	0	metal5	67.07	69.715	1.09991	0	0
2999	1	metal6	67.07	69.715	1.09991	0	0
3000	0	metal5	67.07	59.715	1.09991	0	0
3001	1	metal6	67.07	59.715	1.09991	0	0
3002	0	metal5	67.07	49.715	1.09992	0	0
3003	1	metal6	67.07	49.715	1.09992	0	0
3004	0	metal5	67.07	39.715	1.09992	0	0
3005	1	metal6	67.07	39.715	1.09992	0	0
3006	0	metal5	67.07	29.715	1.09993	0	0
3007	1	metal6	67.07	29.715	1.09993	0	0
3008	0	metal5	57.07	79.715	1.09991	0	0
3009	1	metal6	57.07	79.715	1.09991	0	0
3010	0	metal5	57.07	69.715	1.09991	0	0
3011	1	metal6	57.07	69.715	1.09991	0	0
3012	0	metal5	57.07	59.715	1.0999	0	0
3013	1	metal6	57.07	59.715	1.09991	0	0
3014	0	metal5	57.07	49.715	1.09992	0	0
3015	1	metal6	57.07	49.715	1.09992	0	0
3016	0	metal5	57.07	39.715	1.09992	0	0
3017	1	metal6	57.07	39.715	1.09992	0	0
3018	0	metal5	57.07	29.715	1.09993	0	0
3019	1	metal6	57.07	29.715	1.09993	0	0
3020	0	metal5	47.07	79.715	1.09991	0	0
3021	1	metal6	47.07	79.715	1.09991	0	0
3022	0	metal5	47.07	69.715	1.09991	0	0
3023	1	metal6	47.07	69.715	1.09991	0	0
3024	0	metal5	47.07	59.715	1.09991	0	0
3025	1	metal6	47.07	59.715	1.09991	0	0
3026	0	metal5	47.07	49.715	1.09992	0	0
3027	1	metal6	47.07	49.715	1.09992	0	0
3028	0	metal5	47.07	39.715	1.09992	0	0
3029	1	metal6	47.07	39.715	1.09992	0	0
3030	0	metal5	47.07	29.715	1.09993	0	0
3031	1	metal6	47.07	29.715	1.09993	0	0
3032	0	metal5	37.07	79.715	1.09991	0	0
3033	1	metal6	37.07	79.715	1.09991	0	0
3034	0	metal5	37.07	69.715	1.09991	0	0
3035	1	metal6	37.07	69.715	1.09991	0	0
3036	0	metal5	37.07	59.715	1.09991	0	0
3037	1	metal6	37.07	59.715	1.09991	0	0
3038	0	metal5	37.07	49.715	1.09992	0	0
3039	1	metal6	37.07	49.715	1.09992	0	0
3040	0	metal5	37.07	39.715	1.09992	0	0
3041	1	metal6	37.07	39.715	1.09992	0	0
3042	0	metal5	37.07	29.715	1.09993	0	0
3043	1	metal6	37.07	29.715	1.09993	0	0
3044	0	metal5	27.07	79.715	1.09991	0	0
3045	1	metal6	27.07	79.715	1.09991	0	0
3046	0	metal5	27.07	69.715	1.09991	0	0
3047	1	metal6	27.07	69.715	1.09991	0	0
3048	0	metal5	27.07	59.715	1.09991	0	0
3049	1	metal6	27.07	59.715	1.09991	0	0
3050	0	metal5	27.07	49.715	1.09992	0	0
3051	1	metal6	27.07	49.715	1.09992	0	0
3052	0	metal5	27.07	39.715	1.09992	0	0
3053	1	metal6	27.07	39.715	1.09992	0	0
3054	0	metal5	27.07	29.715	1.09993	0	0
3055	1	metal6	27.07	29.715	1.09993	0	0
3056	3	metal4	93.69	79.715	1.09992	0	0
3057	0	metal5	93.69	79.715	1.09992	0	0
3058	3	metal4	93.69	69.715	1.09992	0	0
3059	0	metal5	93.69	69.715	1.09992	0	0
3060	3	metal4	93.69	59.715	1.09991	0	0
3061	0	metal5	93.69	59.715	1.09991	0	0
3062	3	metal4	93.69	49.715	1.09992	0	0
3063	0	metal5	93.69	49.715	1.09992	0	0
3064	3	metal4	93.69	39.715	1.09993	0	0
3065	0	metal5	93.69	39.715	1.09993	0	0
3066	3	metal4	93.69	29.715	1.09993	0	0
3067	0	metal5	93.69	29.715	1.09993	0	0
3068	3	metal4	89.21	79.715	1.09992	0	0
3069	0	metal5	89.21	79.715	1.09992	0	0
3070	3	metal4	89.21	69.715	1.09992	0	0
3071	0	metal5	89.21	69.715	1.09992	0	0
3072	3	metal4	89.21	59.715	1.09991	0	0
3073	0	metal5	89.21	59.715	1.09991	0	0
3074	3	metal4	89.21	49.715	1.09992	0	0
3075	0	metal5	89.21	49.715	1.09992	0	0
3076	3	metal4	89.21	39.715	1.09993	0	0
3077	0	metal5	89.21	39.715	1.09993	0	0
3078	3	metal4	89.21	29.715	1.09993	0	0
3079	0	metal5	89.21	29.715	1.09993	0	0
3080	3	metal4	84.73	79.715	1.09992	0	0
3081	0	metal5	84.73	79.715	1.09992	0	0
3082	3	metal4	84.73	69.715	1.09992	0	0
3083	0	metal5	84.73	69.715	1.09992	0	0
3084	3	metal4	84.73	59.715	1.09991	0	0
3085	0	metal5	84.73	59.715	1.09991	0	0
3086	3	metal4	84.73	49.715	1.09992	0	0
3087	0	metal5	84.73	49.715	1.09992	0	0
3088	3	metal4	84.73	39.715	1.09993	0	0
3089	0	metal5	84.73	39.715	1.09993	0	0
3090	3	metal4	84.73	29.715	1.09993	0	0
3091	0	metal5	84.73	29.715	1.09993	0	0
3092	3	metal4	80.25	79.715	1.09992	0	0
3093	0	metal5	80.25	79.715	1.09992	0	0
3094	3	metal4	80.25	69.715	1.09992	0	0
3095	0	metal5	80.25	69.715	1.09992	0	0
3096	3	metal4	80.25	59.715	1.09991	0	0
3097	0	metal5	80.25	59.715	1.09991	0	0
3098	3	metal4	80.25	49.715	1.09992	0	0
3099	0	metal5	80.25	49.715	1.09992	0	0
3100	3	metal4	80.25	39.715	1.09993	0	0
3101	0	metal5	80.25	39.715	1.09993	0	0
3102	3	metal4	80.25	29.715	1.09993	0	0
3103	0	metal5	80.25	29.715	1.09993	0	0
3104	3	metal4	75.77	79.715	1.09992	0	0
3105	0	metal5	75.77	79.715	1.09992	0	0
3106	3	metal4	75.77	69.715	1.09992	0	0
3107	0	metal5	75.77	69.715	1.09992	0	0
3108	3	metal4	75.77	59.715	1.09991	0	0
3109	0	metal5	75.77	59.715	1.09991	0	0
3110	3	metal4	75.77	49.715	1.09992	0	0
3111	0	metal5	75.77	49.715	1.09992	0	0
3112	3	metal4	75.77	39.715	1.09992	0	0
3113	0	metal5	75.77	39.715	1.09992	0	0
3114	3	metal4	75.77	29.715	1.09993	0	0
3115	0	metal5	75.77	29.715	1.09993	0	0
3116	3	metal4	71.29	79.715	1.09991	0	0
3117	0	metal5	71.29	79.715	1.09991	0	0
3118	3	metal4	71.29	69.715	1.09991	0	0
3119	0	metal5	71.29	69.715	1.09991	0	0
3120	3	metal4	71.29	59.715	1.09991	0	0
3121	0	metal5	71.29	59.715	1.09991	0	0
3122	3	metal4	71.29	49.715	1.09992	0	0
3123	0	metal5	71.29	49.715	1.09992	0	0
3124	3	metal4	71.29	39.715	1.09992	0	0
3125	0	metal5	71.29	39.715	1.09992	0	0
3126	3	metal4	71.29	29.715	1.09993	0	0
3127	0	metal5	71.29	29.715	1.09993	0	0
3128	3	metal4	66.81	79.715	1.09991	0	0
3129	0	metal5	66.81	79.715	1.09991	0	0
3130	3	metal4	66.81	69.715	1.09991	0	0
3131	0	metal5	66.81	69.715	1.09991	0	0
3132	3	metal4	66.81	59.715	1.09991	0	0
3133	0	metal5	66.81	59.715	1.09991	0	0
3134	3	metal4	66.81	49.715	1.09992	0	0
3135	0	metal5	66.81	49.715	1.09992	0	0
3136	3	metal4	66.81	39.715	1.09992	0	0
3137	0	metal5	66.81	39.715	1.09992	0	0
3138	3	metal4	66.81	29.715	1.09993	0	0
3139	0	metal5	66.81	29.715	1.09993	0	0
3140	3	metal4	62.33	79.715	1.09991	0	0
3141	0	metal5	62.33	79.715	1.09991	0	0
3142	3	metal4	62.33	69.715	1.09991	0	0
3143	0	metal5	62.33	69.715	1.09991	0	0
3144	3	metal4	62.33	59.715	1.0999	0	0
3145	0	metal5	62.33	59.715	1.0999	0	0
3146	3	metal4	62.33	49.715	1.09992	0	0
3147	0	metal5	62.33	49.715	1.09992	0	0
3148	3	metal4	62.33	39.715	1.09992	0	0
3149	0	metal5	62.33	39.715	1.09992	0	0
3150	3	metal4	62.33	29.715	1.09993	0	0
3151	0	metal5	62.33	29.715	1.09993	0	0
3152	3	metal4	57.85	79.715	1.09991	0	0
3153	0	metal5	57.85	79.715	1.09991	0	0
3154	3	metal4	57.85	69.715	1.09991	0	0
3155	0	metal5	57.85	69.715	1.09991	0	0
3156	3	metal4	57.85	59.715	1.0999	0	0
3157	0	metal5	57.85	59.715	1.0999	0	0.00141818
3158	3	metal4	57.85	49.715	1.09992	0	0
3159	0	metal5	57.85	49.715	1.09992	0	0
3160	3	metal4	57.85	39.715	1.09992	0	0
3161	0	metal5	57.85	39.715	1.09992	0	0
3162	3	metal4	57.85	29.715	1.09993	0	0
3163	0	metal5	57.85	29.715	1.09993	0	0
3164	3	metal4	53.37	79.715	1.09991	0	0
3165	0	metal5	53.37	79.715	1.09991	0	0
3166	3	metal4	53.37	69.715	1.09991	0	0
3167	0	metal5	53.37	69.715	1.09991	0	0
3168	3	metal4	53.37	59.715	1.0999	0	0
3169	0	metal5	53.37	59.715	1.0999	0	0
3170	3	metal4	53.37	49.715	1.09992	0	0
3171	0	metal5	53.37	49.715	1.09992	0	0
3172	3	metal4	53.37	39.715	1.09992	0	0
3173	0	metal5	53.37	39.715	1.09992	0	0
3174	3	metal4	53.37	29.715	1.09993	0	0
3175	0	metal5	53.37	29.715	1.09993	0	0
3176	3	metal4	48.89	79.715	1.09991	0	0
3177	0	metal5	48.89	79.715	1.09991	0	0
3178	3	metal4	48.89	69.715	1.09991	0	0
3179	0	metal5	48.89	69.715	1.09991	0	0
3180	3	metal4	48.89	59.715	1.09991	0	0
3181	0	metal5	48.89	59.715	1.09991	0	0
3182	3	metal4	48.89	49.715	1.09992	0	0
3183	0	metal5	48.89	49.715	1.09992	0	0
3184	3	metal4	48.89	39.715	1.09992	0	0
3185	0	metal5	48.89	39.715	1.09992	0	0
3186	3	metal4	48.89	29.715	1.09993	0	0
3187	0	metal5	48.89	29.715	1.09993	0	0
3188	3	metal4	44.41	79.715	1.09991	0	0
3189	0	metal5	44.41	79.715	1.09991	0	0
3190	3	metal4	44.41	69.715	1.09991	0	0
3191	0	metal5	44.41	69.715	1.09991	0	0
3192	3	metal4	44.41	59.715	1.09991	0	0
3193	0	metal5	44.41	59.715	1.09991	0	0
3194	3	metal4	44.41	49.715	1.09992	0	0
3195	0	metal5	44.41	49.715	1.09992	0	0
3196	3	metal4	44.41	39.715	1.09992	0	0
3197	0	metal5	44.41	39.715	1.09992	0	0
3198	3	metal4	44.41	29.715	1.09993	0	0
3199	0	metal5	44.41	29.715	1.09993	0	0
3200	3	metal4	39.93	79.715	1.09991	0	0
3201	0	metal5	39.93	79.715	1.09991	0	0
3202	3	metal4	39.93	69.715	1.09991	0	0
3203	0	metal5	39.93	69.715	1.09991	0	0
3204	3	metal4	39.93	59.715	1.09991	0	0
3205	0	metal5	39.93	59.715	1.09991	0	0
3206	3	metal4	39.93	49.715	1.09992	0	0
3207	0	metal5	39.93	49.715	1.09992	0	0
3208	3	metal4	39.93	39.715	1.09992	0	0
3209	0	metal5	39.93	39.715	1.09992	0	0
3210	3	metal4	39.93	29.715	1.09993	0	0
3211	0	metal5	39.93	29.715	1.09993	0	0
3212	3	metal4	35.45	79.715	1.09991	0	0
3213	0	metal5	35.45	79.715	1.09991	0	0
3214	3	metal4	35.45	69.715	1.09991	0	0
3215	0	metal5	35.45	69.715	1.09991	0	0
3216	3	metal4	35.45	59.715	1.09991	0	0
3217	0	metal5	35.45	59.715	1.09991	0	0
3218	3	metal4	35.45	49.715	1.09992	0	0
3219	0	metal5	35.45	49.715	1.09992	0	0
3220	3	metal4	35.45	39.715	1.09992	0	0
3221	0	metal5	35.45	39.715	1.09992	0	0
3222	3	metal4	35.45	29.715	1.09993	0	0
3223	0	metal5	35.45	29.715	1.09993	0	0
3224	3	metal4	30.97	79.715	1.09991	0	0
3225	0	metal5	30.97	79.715	1.09991	0	0
3226	3	metal4	30.97	69.715	1.09991	0	0
3227	0	metal5	30.97	69.715	1.09991	0	0
3228	3	metal4	30.97	59.715	1.09991	0	0
3229	0	metal5	30.97	59.715	1.09991	0	0
3230	3	metal4	30.97	49.715	1.09992	0	0
3231	0	metal5	30.97	49.715	1.09992	0	0
3232	3	metal4	30.97	39.715	1.09992	0	0
3233	0	metal5	30.97	39.715	1.09992	0	0
3234	3	metal4	30.97	29.715	1.09993	0	0
3235	0	metal5	30.97	29.715	1.09993	0	0
3236	3	metal4	26.49	79.715	1.09991	0	0
3237	0	metal5	26.49	79.715	1.09991	0	0
3238	3	metal4	26.49	69.715	1.09991	0	0
3239	0	metal5	26.49	69.715	1.09991	0	0
3240	3	metal4	26.49	59.715	1.09991	0	0
3241	0	metal5	26.49	59.715	1.09991	0	0
3242	3	metal4	26.49	49.715	1.09992	0	0
3243	0	metal5	26.49	49.715	1.09992	0	0
3244	3	metal4	26.49	39.715	1.09992	0	0
3245	0	metal5	26.49	39.715	1.09992	0	0
3246	3	metal4	26.49	29.715	1.09993	0	0
3247	0	metal5	26.49	29.715	1.09993	0	0
3248	1	metal6	1078.18	329.6	1.09936	0	0
3249	2	metal7	1078.18	329.6	1.09936	0	0
3250	1	metal6	1078.18	299.6	1.09936	0	0
3251	2	metal7	1078.18	299.6	1.09936	0	0
3252	1	metal6	1068.18	329.6	1.09936	0	0
3253	2	metal7	1068.18	329.6	1.09936	0	0
3254	1	metal6	1068.18	299.6	1.09936	0	0
3255	2	metal7	1068.18	299.6	1.09936	0	0
3256	1	metal6	1058.18	329.6	1.09936	0	0
3257	2	metal7	1058.18	329.6	1.09936	0	0
3258	1	metal6	1058.18	299.6	1.09936	0	0
3259	2	metal7	1058.18	299.6	1.09936	0	0
3260	1	metal6	1048.18	329.6	1.09936	0	0
3261	2	metal7	1048.18	329.6	1.09936	0	0
3262	1	metal6	1048.18	299.6	1.09936	0	0
3263	2	metal7	1048.18	299.6	1.09936	0	0
3264	1	metal6	1038.18	329.6	1.09936	0	0
3265	2	metal7	1038.18	329.6	1.09936	0	0
3266	1	metal6	1038.18	299.6	1.09936	0	0
3267	2	metal7	1038.18	299.6	1.09936	0	0
3268	1	metal6	1028.18	329.6	1.09936	0	0
3269	2	metal7	1028.18	329.6	1.09937	0	0
3270	1	metal6	1028.18	299.6	1.09936	0	0
3271	2	metal7	1028.18	299.6	1.09936	0	0
3272	1	metal6	1018.18	329.6	1.09936	0	0
3273	2	metal7	1018.18	329.6	1.09937	0	0
3274	1	metal6	1018.18	299.6	1.09936	0	0
3275	2	metal7	1018.18	299.6	1.09936	0	0
3276	1	metal6	1008.18	329.6	1.09936	0	0
3277	2	metal7	1008.18	329.6	1.09937	0	0
3278	1	metal6	1008.18	299.6	1.09936	0	0
3279	2	metal7	1008.18	299.6	1.09937	0	0
3280	0	metal5	1078.18	332.835	1.09935	0	0
3281	1	metal6	1078.18	332.835	1.09936	0	0
3282	0	metal5	1078.18	322.835	1.09936	0	0
3283	1	metal6	1078.18	322.835	1.09936	0	0
3284	0	metal5	1078.18	312.835	1.09935	0	0
3285	1	metal6	1078.18	312.835	1.09936	0	0
3286	0	metal5	1078.18	302.835	1.09936	0	0
3287	1	metal6	1078.18	302.835	1.09936	0	0
3288	0	metal5	1078.18	292.835	1.09936	0	0
3289	1	metal6	1078.18	292.835	1.09936	0	0
3290	0	metal5	1078.18	282.835	1.09936	0	0
3291	1	metal6	1078.18	282.835	1.09936	0	0
3292	0	metal5	1068.18	332.835	1.09935	0	0
3293	1	metal6	1068.18	332.835	1.09936	0	0
3294	0	metal5	1068.18	322.835	1.09936	0	0
3295	1	metal6	1068.18	322.835	1.09936	0	0
3296	0	metal5	1068.18	312.835	1.09935	0	0
3297	1	metal6	1068.18	312.835	1.09936	0	0
3298	0	metal5	1068.18	302.835	1.09936	0	0
3299	1	metal6	1068.18	302.835	1.09936	0	0
3300	0	metal5	1068.18	292.835	1.09936	0	0
3301	1	metal6	1068.18	292.835	1.09936	0	0
3302	0	metal5	1068.18	282.835	1.09936	0	0
3303	1	metal6	1068.18	282.835	1.09936	0	0
3304	0	metal5	1058.18	332.835	1.09935	0	0
3305	1	metal6	1058.18	332.835	1.09936	0	0
3306	0	metal5	1058.18	322.835	1.09936	0	0
3307	1	metal6	1058.18	322.835	1.09936	0	0
3308	0	metal5	1058.18	312.835	1.09935	0	0
3309	1	metal6	1058.18	312.835	1.09936	0	0
3310	0	metal5	1058.18	302.835	1.09936	0	0
3311	1	metal6	1058.18	302.835	1.09936	0	0
3312	0	metal5	1058.18	292.835	1.09936	0	0
3313	1	metal6	1058.18	292.835	1.09936	0	0
3314	0	metal5	1058.18	282.835	1.09936	0	0
3315	1	metal6	1058.18	282.835	1.09936	0	0
3316	0	metal5	1048.18	332.835	1.09936	0	0
3317	1	metal6	1048.18	332.835	1.09936	0	0
3318	0	metal5	1048.18	322.835	1.09936	0	0
3319	1	metal6	1048.18	322.835	1.09936	0	0
3320	0	metal5	1048.18	312.835	1.09935	0	0
3321	1	metal6	1048.18	312.835	1.09935	0	0
3322	0	metal5	1048.18	302.835	1.09936	0	0
3323	1	metal6	1048.18	302.835	1.09936	0	0
3324	0	metal5	1048.18	292.835	1.09936	0	0
3325	1	metal6	1048.18	292.835	1.09936	0	0
3326	0	metal5	1048.18	282.835	1.09936	0	0
3327	1	metal6	1048.18	282.835	1.09936	0	0
3328	0	metal5	1038.18	332.835	1.09936	0	0
3329	1	metal6	1038.18	332.835	1.09936	0	0
3330	0	metal5	1038.18	322.835	1.09936	0	0
3331	1	metal6	1038.18	322.835	1.09936	0	0
3332	0	metal5	1038.18	312.835	1.09934	0	0
3333	1	metal6	1038.18	312.835	1.09935	0	0
3334	0	metal5	1038.18	302.835	1.09936	0	0
3335	1	metal6	1038.18	302.835	1.09936	0	0
3336	0	metal5	1038.18	292.835	1.09936	0	0
3337	1	metal6	1038.18	292.835	1.09936	0	0
3338	0	metal5	1038.18	282.835	1.09936	0	0
3339	1	metal6	1038.18	282.835	1.09936	0	0
3340	0	metal5	1028.18	332.835	1.09936	0	0
3341	1	metal6	1028.18	332.835	1.09936	0	0
3342	0	metal5	1028.18	322.835	1.09936	0	0
3343	1	metal6	1028.18	322.835	1.09936	0	0
3344	0	metal5	1028.18	312.835	1.09935	0	0
3345	1	metal6	1028.18	312.835	1.09936	0	0
3346	0	metal5	1028.18	302.835	1.09936	0	0
3347	1	metal6	1028.18	302.835	1.09936	0	0
3348	0	metal5	1028.18	292.835	1.09936	0	0
3349	1	metal6	1028.18	292.835	1.09936	0	0
3350	0	metal5	1028.18	282.835	1.09936	0	0
3351	1	metal6	1028.18	282.835	1.09936	0	0
3352	0	metal5	1018.18	332.835	1.09935	0	0
3353	1	metal6	1018.18	332.835	1.09936	0	0
3354	0	metal5	1018.18	322.835	1.09936	0	0
3355	1	metal6	1018.18	322.835	1.09936	0	0
3356	0	metal5	1018.18	312.835	1.09936	0	0
3357	1	metal6	1018.18	312.835	1.09936	0	0
3358	0	metal5	1018.18	302.835	1.09936	0	0
3359	1	metal6	1018.18	302.835	1.09936	0	0
3360	0	metal5	1018.18	292.835	1.09936	0	0
3361	1	metal6	1018.18	292.835	1.09936	0	0
3362	0	metal5	1018.18	282.835	1.09936	0	0
3363	1	metal6	1018.18	282.835	1.09936	0	0
3364	0	metal5	1008.18	332.835	1.09936	0	0
3365	1	metal6	1008.18	332.835	1.09936	0	0
3366	0	metal5	1008.18	322.835	1.09936	0	0
3367	1	metal6	1008.18	322.835	1.09936	0	0
3368	0	metal5	1008.18	312.835	1.09936	0	0
3369	1	metal6	1008.18	312.835	1.09936	0	0
3370	0	metal5	1008.18	302.835	1.09936	0	0
3371	1	metal6	1008.18	302.835	1.09936	0	0
3372	0	metal5	1008.18	292.835	1.09936	0	0
3373	1	metal6	1008.18	292.835	1.09936	0	0
3374	0	metal5	1008.18	282.835	1.09936	0	0
3375	1	metal6	1008.18	282.835	1.09936	0	0
3376	3	metal4	1073.42	332.835	1.09933	0	0.000587065
3377	0	metal5	1073.42	332.835	1.09935	0	0
3378	3	metal4	1073.42	322.835	1.09936	0	0
3379	0	metal5	1073.42	322.835	1.09936	0	0
3380	3	metal4	1073.42	312.835	1.09935	0	0
3381	0	metal5	1073.42	312.835	1.09935	0	0
3382	3	metal4	1073.42	302.835	1.09936	0	0
3383	0	metal5	1073.42	302.835	1.09936	0	0
3384	3	metal4	1073.42	292.835	1.09936	0	0
3385	0	metal5	1073.42	292.835	1.09936	0	0
3386	3	metal4	1073.42	282.835	1.09936	0	0
3387	0	metal5	1073.42	282.835	1.09936	0	0
3388	3	metal4	1068.94	332.835	1.09935	0	0
3389	0	metal5	1068.94	332.835	1.09935	0	0
3390	3	metal4	1068.94	322.835	1.09936	0	0
3391	0	metal5	1068.94	322.835	1.09936	0	0
3392	3	metal4	1068.94	312.835	1.09935	0	0
3393	0	metal5	1068.94	312.835	1.09935	0	0
3394	3	metal4	1068.94	302.835	1.09936	0	0
3395	0	metal5	1068.94	302.835	1.09936	0	0
3396	3	metal4	1068.94	292.835	1.09936	0	0
3397	0	metal5	1068.94	292.835	1.09936	0	0
3398	3	metal4	1068.94	282.835	1.09936	0	0
3399	0	metal5	1068.94	282.835	1.09936	0	0
3400	3	metal4	1064.46	332.835	1.09935	0	0
3401	0	metal5	1064.46	332.835	1.09935	0	0
3402	3	metal4	1064.46	322.835	1.09936	0	0
3403	0	metal5	1064.46	322.835	1.09936	0	0
3404	3	metal4	1064.46	312.835	1.09935	0	0
3405	0	metal5	1064.46	312.835	1.09935	0	0
3406	3	metal4	1064.46	302.835	1.09936	0	0
3407	0	metal5	1064.46	302.835	1.09936	0	0
3408	3	metal4	1064.46	292.835	1.09936	0	0
3409	0	metal5	1064.46	292.835	1.09936	0	0
3410	3	metal4	1064.46	282.835	1.09936	0	0
3411	0	metal5	1064.46	282.835	1.09936	0	0
3412	3	metal4	1059.98	332.835	1.09935	0	0
3413	0	metal5	1059.98	332.835	1.09935	0	0
3414	3	metal4	1059.98	322.835	1.09936	0	0
3415	0	metal5	1059.98	322.835	1.09936	0	0
3416	3	metal4	1059.98	312.835	1.09935	0	0
3417	0	metal5	1059.98	312.835	1.09935	0	0
3418	3	metal4	1059.98	302.835	1.09936	0	0
3419	0	metal5	1059.98	302.835	1.09936	0	0
3420	3	metal4	1059.98	292.835	1.09936	0	0
3421	0	metal5	1059.98	292.835	1.09936	0	0
3422	3	metal4	1059.98	282.835	1.09936	0	0
3423	0	metal5	1059.98	282.835	1.09936	0	0
3424	3	metal4	1055.5	332.835	1.09935	0	0
3425	0	metal5	1055.5	332.835	1.09935	0	0
3426	3	metal4	1055.5	322.835	1.09936	0	0
3427	0	metal5	1055.5	322.835	1.09936	0	0
3428	3	metal4	1055.5	312.835	1.09935	0	0
3429	0	metal5	1055.5	312.835	1.09935	0	0
3430	3	metal4	1055.5	302.835	1.09936	0	0
3431	0	metal5	1055.5	302.835	1.09936	0	0
3432	3	metal4	1055.5	292.835	1.09936	0	0
3433	0	metal5	1055.5	292.835	1.09936	0	0
3434	3	metal4	1055.5	282.835	1.09936	0	0
3435	0	metal5	1055.5	282.835	1.09936	0	0
3436	3	metal4	1051.02	332.835	1.09936	0	0
3437	0	metal5	1051.02	332.835	1.09936	0	0
3438	3	metal4	1051.02	322.835	1.09936	0	0
3439	0	metal5	1051.02	322.835	1.09936	0	0
3440	3	metal4	1051.02	312.835	1.09935	0	0
3441	0	metal5	1051.02	312.835	1.09935	0	0
3442	3	metal4	1051.02	302.835	1.09936	0	0
3443	0	metal5	1051.02	302.835	1.09936	0	0
3444	3	metal4	1051.02	292.835	1.09936	0	0
3445	0	metal5	1051.02	292.835	1.09936	0	0
3446	3	metal4	1051.02	282.835	1.09936	0	0
3447	0	metal5	1051.02	282.835	1.09936	0	0
3448	3	metal4	1046.54	332.835	1.09936	0	0
3449	0	metal5	1046.54	332.835	1.09936	0	0
3450	3	metal4	1046.54	322.835	1.09936	0	0
3451	0	metal5	1046.54	322.835	1.09936	0	0
3452	3	metal4	1046.54	312.835	1.09934	0	0
3453	0	metal5	1046.54	312.835	1.09934	0	0
3454	3	metal4	1046.54	302.835	1.09936	0	0
3455	0	metal5	1046.54	302.835	1.09936	0	0
3456	3	metal4	1046.54	292.835	1.09936	0	0
3457	0	metal5	1046.54	292.835	1.09936	0	0
3458	3	metal4	1046.54	282.835	1.09936	0	0
3459	0	metal5	1046.54	282.835	1.09936	0	0
3460	3	metal4	1042.06	332.835	1.09936	0	0
3461	0	metal5	1042.06	332.835	1.09936	0	0
3462	3	metal4	1042.06	322.835	1.09936	0	0
3463	0	metal5	1042.06	322.835	1.09936	0	0
3464	3	metal4	1042.06	312.835	1.09934	0	0
3465	0	metal5	1042.06	312.835	1.09934	0	0.00141818
3466	3	metal4	1042.06	302.835	1.09936	0	0
3467	0	metal5	1042.06	302.835	1.09936	0	0
3468	3	metal4	1042.06	292.835	1.09936	0	0
3469	0	metal5	1042.06	292.835	1.09936	0	0
3470	3	metal4	1042.06	282.835	1.09936	0	0
3471	0	metal5	1042.06	282.835	1.09936	0	0
3472	3	metal4	1037.58	332.835	1.09936	0	0
3473	0	metal5	1037.58	332.835	1.09936	0	0
3474	3	metal4	1037.58	322.835	1.09936	0	0
3475	0	metal5	1037.58	322.835	1.09936	0	0
3476	3	metal4	1037.58	312.835	1.09934	0	0
3477	0	metal5	1037.58	312.835	1.09934	0	0
3478	3	metal4	1037.58	302.835	1.09936	0	0
3479	0	metal5	1037.58	302.835	1.09936	0	0
3480	3	metal4	1037.58	292.835	1.09936	0	0
3481	0	metal5	1037.58	292.835	1.09936	0	0
3482	3	metal4	1037.58	282.835	1.09936	0	0
3483	0	metal5	1037.58	282.835	1.09936	0	0
3484	3	metal4	1033.1	332.835	1.09936	0	0
3485	0	metal5	1033.1	332.835	1.09936	0	0
3486	3	metal4	1033.1	322.835	1.09936	0	0
3487	0	metal5	1033.1	322.835	1.09936	0	0
3488	3	metal4	1033.1	312.835	1.09935	0	0
3489	0	metal5	1033.1	312.835	1.09935	0	0
3490	3	metal4	1033.1	302.835	1.09936	0	0
3491	0	metal5	1033.1	302.835	1.09936	0	0
3492	3	metal4	1033.1	292.835	1.09936	0	0
3493	0	metal5	1033.1	292.835	1.09936	0	0
3494	3	metal4	1033.1	282.835	1.09936	0	0
3495	0	metal5	1033.1	282.835	1.09936	0	0
3496	3	metal4	1028.62	332.835	1.09936	0	0
3497	0	metal5	1028.62	332.835	1.09936	0	0
3498	3	metal4	1028.62	322.835	1.09936	0	0
3499	0	metal5	1028.62	322.835	1.09936	0	0
3500	3	metal4	1028.62	312.835	1.09935	0	0
3501	0	metal5	1028.62	312.835	1.09935	0	0
3502	3	metal4	1028.62	302.835	1.09936	0	0
3503	0	metal5	1028.62	302.835	1.09936	0	0
3504	3	metal4	1028.62	292.835	1.09936	0	0
3505	0	metal5	1028.62	292.835	1.09936	0	0
3506	3	metal4	1028.62	282.835	1.09936	0	0
3507	0	metal5	1028.62	282.835	1.09936	0	0
3508	3	metal4	1024.14	332.835	1.09935	0	0
3509	0	metal5	1024.14	332.835	1.09935	0	0
3510	3	metal4	1024.14	322.835	1.09936	0	0
3511	0	metal5	1024.14	322.835	1.09936	0	0
3512	3	metal4	1024.14	312.835	1.09935	0	0
3513	0	metal5	1024.14	312.835	1.09935	0	0
3514	3	metal4	1024.14	302.835	1.09936	0	0
3515	0	metal5	1024.14	302.835	1.09936	0	0
3516	3	metal4	1024.14	292.835	1.09936	0	0
3517	0	metal5	1024.14	292.835	1.09936	0	0
3518	3	metal4	1024.14	282.835	1.09936	0	0
3519	0	metal5	1024.14	282.835	1.09936	0	0
3520	3	metal4	1019.66	332.835	1.09934	0	0.000505956
3521	0	metal5	1019.66	332.835	1.09935	0	0
3522	3	metal4	1019.66	322.835	1.09936	0	0
3523	0	metal5	1019.66	322.835	1.09936	0	0
3524	3	metal4	1019.66	312.835	1.09935	0	0
3525	0	metal5	1019.66	312.835	1.09935	0	0
3526	3	metal4	1019.66	302.835	1.09936	0	0
3527	0	metal5	1019.66	302.835	1.09936	0	0
3528	3	metal4	1019.66	292.835	1.09936	0	0
3529	0	metal5	1019.66	292.835	1.09936	0	0
3530	3	metal4	1019.66	282.835	1.09936	0	0
3531	0	metal5	1019.66	282.835	1.09936	0	0
3532	3	metal4	1015.18	332.835	1.09936	0	0
3533	0	metal5	1015.18	332.835	1.09936	0	0
3534	3	metal4	1015.18	322.835	1.09936	0	0
3535	0	metal5	1015.18	322.835	1.09936	0	0
3536	3	metal4	1015.18	312.835	1.09936	0	0
3537	0	metal5	1015.18	312.835	1.09936	0	0
3538	3	metal4	1015.18	302.835	1.09936	0	0
3539	0	metal5	1015.18	302.835	1.09936	0	0
3540	3	metal4	1015.18	292.835	1.09936	0	0
3541	0	metal5	1015.18	292.835	1.09936	0	0
3542	3	metal4	1015.18	282.835	1.09936	0	0
3543	0	metal5	1015.18	282.835	1.09936	0	0
3544	3	metal4	1010.7	332.835	1.09936	0	0
3545	0	metal5	1010.7	332.835	1.09936	0	0
3546	3	metal4	1010.7	322.835	1.09936	0	0
3547	0	metal5	1010.7	322.835	1.09936	0	0
3548	3	metal4	1010.7	312.835	1.09936	0	0
3549	0	metal5	1010.7	312.835	1.09936	0	0
3550	3	metal4	1010.7	302.835	1.09936	0	0
3551	0	metal5	1010.7	302.835	1.09936	0	0
3552	3	metal4	1010.7	292.835	1.09936	0	0
3553	0	metal5	1010.7	292.835	1.09936	0	0
3554	3	metal4	1010.7	282.835	1.09936	0	0
3555	0	metal5	1010.7	282.835	1.09936	0	0
3556	3	metal4	1006.22	332.835	1.09936	0	0
3557	0	metal5	1006.22	332.835	1.09936	0	0
3558	3	metal4	1006.22	322.835	1.09936	0	0
3559	0	metal5	1006.22	322.835	1.09936	0	0
3560	3	metal4	1006.22	312.835	1.09936	0	0
3561	0	metal5	1006.22	312.835	1.09936	0	0
3562	3	metal4	1006.22	302.835	1.09936	0	0
3563	0	metal5	1006.22	302.835	1.09936	0	0
3564	3	metal4	1006.22	292.835	1.09936	0	0
3565	0	metal5	1006.22	292.835	1.09936	0	0
3566	3	metal4	1006.22	282.835	1.09936	0	0
3567	0	metal5	1006.22	282.835	1.09936	0	0
3568	1	metal6	195.73	1079.6	1.09987	0	0
3569	2	metal7	195.73	1079.6	1.09988	0	0
3570	1	metal6	195.73	1049.6	1.09985	0	0
3571	2	metal7	195.73	1049.6	1.09984	0	0
3572	1	metal6	195.73	1019.6	1.09982	0	0
3573	2	metal7	195.73	1019.6	1.0998	0	0
3574	1	metal6	185.73	1079.6	1.09988	0	0
3575	2	metal7	185.73	1079.6	1.0999	0	0
3576	1	metal6	185.73	1049.6	1.09985	0	0
3577	2	metal7	185.73	1049.6	1.09984	0	0
3578	1	metal6	185.73	1019.6	1.09983	0	0
3579	2	metal7	185.73	1019.6	1.09981	0	0
3580	1	metal6	175.73	1079.6	1.09989	0	0
3581	2	metal7	175.73	1079.6	1.09991	0	0
3582	1	metal6	175.73	1049.6	1.09986	0	0
3583	2	metal7	175.73	1049.6	1.09985	0	0
3584	1	metal6	175.73	1019.6	1.09983	0	0
3585	2	metal7	175.73	1019.6	1.09982	0	0
3586	1	metal6	165.73	1079.6	1.0999	0	0
3587	2	metal7	165.73	1079.6	1.09992	0	0
3588	1	metal6	165.73	1049.6	1.09986	0	0
3589	2	metal7	165.73	1049.6	1.09986	0	0
3590	1	metal6	165.73	1019.6	1.09984	0	0
3591	2	metal7	165.73	1019.6	1.09983	0	0
3592	1	metal6	155.73	1079.6	1.09991	0	0
3593	2	metal7	155.73	1079.6	1.09994	0	0
3594	1	metal6	155.73	1049.6	1.09986	0	0.00141818
3595	2	metal7	155.73	1049.6	1.09986	0	0
3596	1	metal6	155.73	1019.6	1.09984	0	0
3597	2	metal7	155.73	1019.6	1.09983	0	0
3598	1	metal6	145.73	1079.6	1.09992	0	0
3599	2	metal7	145.73	1079.6	1.09996	0	0
3600	1	metal6	145.73	1049.6	1.09987	0	0
3601	2	metal7	145.73	1049.6	1.09987	0	0
3602	1	metal6	145.73	1019.6	1.09985	0	0
3603	2	metal7	145.73	1019.6	1.09984	0	0
3604	1	metal6	135.73	1079.6	1.09994	0	0
3605	2	metal7	135.73	1079.6	1.09998	0	0
3606	1	metal6	135.73	1049.6	1.09988	0	0
3607	2	metal7	135.73	1049.6	1.09987	0	0
3608	1	metal6	135.73	1019.6	1.09986	0	0
3609	2	metal7	135.73	1019.6	1.09985	0	0
3610	1	metal6	125.73	1079.6	1.09995	0	0
3611	2	metal7	125.73	1079.6	1.1	1	0
3612	1	metal6	125.73	1049.6	1.09988	0	0
3613	2	metal7	125.73	1049.6	1.09987	0	0
3614	1	metal6	125.73	1019.6	1.09986	0	0
3615	2	metal7	125.73	1019.6	1.09985	0	0
3616	0	metal5	195.73	1071.83	1.09988	0	0
3617	1	metal6	195.73	1071.83	1.09987	0	0
3618	0	metal5	195.73	1061.83	1.09987	0	0
3619	1	metal6	195.73	1061.83	1.09986	0	0
3620	0	metal5	195.73	1051.83	1.09986	0	0
3621	1	metal6	195.73	1051.83	1.09985	0	0
3622	0	metal5	195.73	1041.83	1.09985	0	0
3623	1	metal6	195.73	1041.83	1.09984	0	0
3624	0	metal5	195.73	1031.83	1.09984	0	0
3625	1	metal6	195.73	1031.83	1.09984	0	0
3626	0	metal5	195.73	1021.83	1.09983	0	0
3627	1	metal6	195.73	1021.83	1.09983	0	0
3628	0	metal5	185.73	1071.83	1.09988	0	0
3629	1	metal6	185.73	1071.83	1.09988	0	0
3630	0	metal5	185.73	1061.83	1.09987	0	0
3631	1	metal6	185.73	1061.83	1.09987	0	0
3632	0	metal5	185.73	1051.83	1.09986	0	0
3633	1	metal6	185.73	1051.83	1.09986	0	0
3634	0	metal5	185.73	1041.83	1.09985	0	0
3635	1	metal6	185.73	1041.83	1.09985	0	0
3636	0	metal5	185.73	1031.83	1.09984	0	0
3637	1	metal6	185.73	1031.83	1.09984	0	0
3638	0	metal5	185.73	1021.83	1.09983	0	0
3639	1	metal6	185.73	1021.83	1.09983	0	0
3640	0	metal5	175.73	1071.83	1.09989	0	0
3641	1	metal6	175.73	1071.83	1.09988	0	0
3642	0	metal5	175.73	1061.83	1.09987	0	0
3643	1	metal6	175.73	1061.83	1.09987	0	0
3644	0	metal5	175.73	1051.83	1.09986	0	0
3645	1	metal6	175.73	1051.83	1.09986	0	0
3646	0	metal5	175.73	1041.83	1.09985	0	0
3647	1	metal6	175.73	1041.83	1.09985	0	0
3648	0	metal5	175.73	1031.83	1.09985	0	0
3649	1	metal6	175.73	1031.83	1.09984	0	0
3650	0	metal5	175.73	1021.83	1.09984	0	0
3651	1	metal6	175.73	1021.83	1.09984	0	0
3652	0	metal5	165.73	1071.83	1.09989	0	0
3653	1	metal6	165.73	1071.83	1.09989	0	0
3654	0	metal5	165.73	1061.83	1.09988	0	0
3655	1	metal6	165.73	1061.83	1.09988	0	0
3656	0	metal5	165.73	1051.83	1.09986	0	0
3657	1	metal6	165.73	1051.83	1.09987	0	0
3658	0	metal5	165.73	1041.83	1.09986	0	0
3659	1	metal6	165.73	1041.83	1.09986	0	0
3660	0	metal5	165.73	1031.83	1.09985	0	0
3661	1	metal6	165.73	1031.83	1.09985	0	0
3662	0	metal5	165.73	1021.83	1.09984	0	0
3663	1	metal6	165.73	1021.83	1.09984	0	0
3664	0	metal5	155.73	1071.83	1.0999	0	0
3665	1	metal6	155.73	1071.83	1.0999	0	0
3666	0	metal5	155.73	1061.83	1.09988	0	0
3667	1	metal6	155.73	1061.83	1.09988	0	0
3668	0	metal5	155.73	1051.83	1.09987	0	0
3669	1	metal6	155.73	1051.83	1.09986	0	0
3670	0	metal5	155.73	1041.83	1.09986	0	0
3671	1	metal6	155.73	1041.83	1.09985	0	0
3672	0	metal5	155.73	1031.83	1.09985	0	0
3673	1	metal6	155.73	1031.83	1.09985	0	0
3674	0	metal5	155.73	1021.83	1.09985	0	0
3675	1	metal6	155.73	1021.83	1.09985	0	0
3676	0	metal5	145.73	1071.83	1.09991	0	0
3677	1	metal6	145.73	1071.83	1.09991	0	0
3678	0	metal5	145.73	1061.83	1.09989	0	0
3679	1	metal6	145.73	1061.83	1.09989	0	0
3680	0	metal5	145.73	1051.83	1.09987	0	0
3681	1	metal6	145.73	1051.83	1.09988	0	0
3682	0	metal5	145.73	1041.83	1.09986	0	0
3683	1	metal6	145.73	1041.83	1.09987	0	0
3684	0	metal5	145.73	1031.83	1.09986	0	0
3685	1	metal6	145.73	1031.83	1.09986	0	0
3686	0	metal5	145.73	1021.83	1.09985	0	0
3687	1	metal6	145.73	1021.83	1.09985	0	0
3688	0	metal5	135.73	1071.83	1.09992	0	0
3689	1	metal6	135.73	1071.83	1.09992	0	0
3690	0	metal5	135.73	1061.83	1.0999	0	0
3691	1	metal6	135.73	1061.83	1.0999	0	0
3692	0	metal5	135.73	1051.83	1.09988	0	0
3693	1	metal6	135.73	1051.83	1.09988	0	0
3694	0	metal5	135.73	1041.83	1.09987	0	0
3695	1	metal6	135.73	1041.83	1.09987	0	0
3696	0	metal5	135.73	1031.83	1.09986	0	0
3697	1	metal6	135.73	1031.83	1.09986	0	0
3698	0	metal5	135.73	1021.83	1.09985	0	0
3699	1	metal6	135.73	1021.83	1.09986	0	0
3700	0	metal5	125.73	1071.83	1.09992	0	0
3701	1	metal6	125.73	1071.83	1.09993	0	0
3702	0	metal5	125.73	1061.83	1.0999	0	0
3703	1	metal6	125.73	1061.83	1.09991	0	0
3704	0	metal5	125.73	1051.83	1.09988	0	0
3705	1	metal6	125.73	1051.83	1.09989	0	0
3706	0	metal5	125.73	1041.83	1.09987	0	0
3707	1	metal6	125.73	1041.83	1.09988	0	0
3708	0	metal5	125.73	1031.83	1.09986	0	0
3709	1	metal6	125.73	1031.83	1.09987	0	0
3710	0	metal5	125.73	1021.83	1.09986	0	0
3711	1	metal6	125.73	1021.83	1.09986	0	0
3712	3	metal4	192.35	1071.83	1.09988	0	0
3713	0	metal5	192.35	1071.83	1.09988	0	0
3714	3	metal4	192.35	1061.83	1.09987	0	0
3715	0	metal5	192.35	1061.83	1.09987	0	0
3716	3	metal4	192.35	1051.83	1.09986	0	0
3717	0	metal5	192.35	1051.83	1.09986	0	0
3718	3	metal4	192.35	1041.83	1.09985	0	0
3719	0	metal5	192.35	1041.83	1.09985	0	0
3720	3	metal4	192.35	1031.83	1.09984	0	0
3721	0	metal5	192.35	1031.83	1.09984	0	0
3722	3	metal4	192.35	1021.83	1.09983	0	0
3723	0	metal5	192.35	1021.83	1.09983	0	0
3724	3	metal4	187.87	1071.83	1.09988	0	0
3725	0	metal5	187.87	1071.83	1.09988	0	0
3726	3	metal4	187.87	1061.83	1.09987	0	0
3727	0	metal5	187.87	1061.83	1.09987	0	0
3728	3	metal4	187.87	1051.83	1.09986	0	0
3729	0	metal5	187.87	1051.83	1.09986	0	0
3730	3	metal4	187.87	1041.83	1.09985	0	0
3731	0	metal5	187.87	1041.83	1.09985	0	0
3732	3	metal4	187.87	1031.83	1.09984	0	0
3733	0	metal5	187.87	1031.83	1.09984	0	0
3734	3	metal4	187.87	1021.83	1.09983	0	0
3735	0	metal5	187.87	1021.83	1.09983	0	0
3736	3	metal4	183.39	1071.83	1.09988	0	0
3737	0	metal5	183.39	1071.83	1.09988	0	0
3738	3	metal4	183.39	1061.83	1.09987	0	0
3739	0	metal5	183.39	1061.83	1.09987	0	0
3740	3	metal4	183.39	1051.83	1.09986	0	0
3741	0	metal5	183.39	1051.83	1.09986	0	0
3742	3	metal4	183.39	1041.83	1.09985	0	0
3743	0	metal5	183.39	1041.83	1.09985	0	0
3744	3	metal4	183.39	1031.83	1.09984	0	0
3745	0	metal5	183.39	1031.83	1.09984	0	0
3746	3	metal4	183.39	1021.83	1.09983	0	0
3747	0	metal5	183.39	1021.83	1.09983	0	0
3748	3	metal4	178.91	1071.83	1.09988	0	9.18489e-13
3749	0	metal5	178.91	1071.83	1.09988	0	0
3750	3	metal4	178.91	1061.83	1.09987	0	0
3751	0	metal5	178.91	1061.83	1.09987	0	0
3752	3	metal4	178.91	1051.83	1.09986	0	0
3753	0	metal5	178.91	1051.83	1.09986	0	0
3754	3	metal4	178.91	1041.83	1.09985	0	0
3755	0	metal5	178.91	1041.83	1.09985	0	0
3756	3	metal4	178.91	1031.83	1.09984	0	0
3757	0	metal5	178.91	1031.83	1.09984	0	0
3758	3	metal4	178.91	1021.83	1.09984	0	0
3759	0	metal5	178.91	1021.83	1.09984	0	0
3760	3	metal4	174.43	1071.83	1.09989	0	0
3761	0	metal5	174.43	1071.83	1.09989	0	0
3762	3	metal4	174.43	1061.83	1.09987	0	0
3763	0	metal5	174.43	1061.83	1.09987	0	0
3764	3	metal4	174.43	1051.83	1.09986	0	0
3765	0	metal5	174.43	1051.83	1.09986	0	0
3766	3	metal4	174.43	1041.83	1.09985	0	0
3767	0	metal5	174.43	1041.83	1.09985	0	0
3768	3	metal4	174.43	1031.83	1.09985	0	0
3769	0	metal5	174.43	1031.83	1.09985	0	0
3770	3	metal4	174.43	1021.83	1.09984	0	0
3771	0	metal5	174.43	1021.83	1.09984	0	0
3772	3	metal4	169.95	1071.83	1.09989	0	0
3773	0	metal5	169.95	1071.83	1.09989	0	0
3774	3	metal4	169.95	1061.83	1.09988	0	0
3775	0	metal5	169.95	1061.83	1.09988	0	0
3776	3	metal4	169.95	1051.83	1.09986	0	0
3777	0	metal5	169.95	1051.83	1.09986	0	0
3778	3	metal4	169.95	1041.83	1.09985	0	0
3779	0	metal5	169.95	1041.83	1.09985	0	0
3780	3	metal4	169.95	1031.83	1.09985	0	0
3781	0	metal5	169.95	1031.83	1.09985	0	0
3782	3	metal4	169.95	1021.83	1.09984	0	0
3783	0	metal5	169.95	1021.83	1.09984	0	0
3784	3	metal4	165.47	1071.83	1.09989	0	0
3785	0	metal5	165.47	1071.83	1.09989	0	0
3786	3	metal4	165.47	1061.83	1.09988	0	0
3787	0	metal5	165.47	1061.83	1.09988	0	0
3788	3	metal4	165.47	1051.83	1.09987	0	0
3789	0	metal5	165.47	1051.83	1.09987	0	0
3790	3	metal4	165.47	1041.83	1.09986	0	0
3791	0	metal5	165.47	1041.83	1.09986	0	0
3792	3	metal4	165.47	1031.83	1.09985	0	0
3793	0	metal5	165.47	1031.83	1.09985	0	0
3794	3	metal4	165.47	1021.83	1.09984	0	0
3795	0	metal5	165.47	1021.83	1.09984	0	0
3796	3	metal4	160.99	1071.83	1.0999	0	0
3797	0	metal5	160.99	1071.83	1.0999	0	0
3798	3	metal4	160.99	1061.83	1.09988	0	0
3799	0	metal5	160.99	1061.83	1.09988	0	0
3800	3	metal4	160.99	1051.83	1.09987	0	0
3801	0	metal5	160.99	1051.83	1.09987	0	0
3802	3	metal4	160.99	1041.83	1.09986	0	0
3803	0	metal5	160.99	1041.83	1.09986	0	0
3804	3	metal4	160.99	1031.83	1.09985	0	0
3805	0	metal5	160.99	1031.83	1.09985	0	0
3806	3	metal4	160.99	1021.83	1.09984	0	0
3807	0	metal5	160.99	1021.83	1.09984	0	0
3808	3	metal4	156.51	1071.83	1.0999	0	0
3809	0	metal5	156.51	1071.83	1.0999	0	0
3810	3	metal4	156.51	1061.83	1.09988	0	0
3811	0	metal5	156.51	1061.83	1.09988	0	0
3812	3	metal4	156.51	1051.83	1.09987	0	0
3813	0	metal5	156.51	1051.83	1.09987	0	0
3814	3	metal4	156.51	1041.83	1.09986	0	0
3815	0	metal5	156.51	1041.83	1.09986	0	0
3816	3	metal4	156.51	1031.83	1.09985	0	0
3817	0	metal5	156.51	1031.83	1.09985	0	0
3818	3	metal4	156.51	1021.83	1.09985	0	0
3819	0	metal5	156.51	1021.83	1.09985	0	0
3820	3	metal4	152.03	1071.83	1.0999	0	0
3821	0	metal5	152.03	1071.83	1.0999	0	0
3822	3	metal4	152.03	1061.83	1.09989	0	0
3823	0	metal5	152.03	1061.83	1.09989	0	0
3824	3	metal4	152.03	1051.83	1.09987	0	0
3825	0	metal5	152.03	1051.83	1.09987	0	0
3826	3	metal4	152.03	1041.83	1.09986	0	0
3827	0	metal5	152.03	1041.83	1.09986	0	0
3828	3	metal4	152.03	1031.83	1.09985	0	0
3829	0	metal5	152.03	1031.83	1.09985	0	0
3830	3	metal4	152.03	1021.83	1.09985	0	0
3831	0	metal5	152.03	1021.83	1.09985	0	0
3832	3	metal4	147.55	1071.83	1.09991	0	0
3833	0	metal5	147.55	1071.83	1.09991	0	0
3834	3	metal4	147.55	1061.83	1.09989	0	0
3835	0	metal5	147.55	1061.83	1.09989	0	0
3836	3	metal4	147.55	1051.83	1.09987	0	0
3837	0	metal5	147.55	1051.83	1.09987	0	0
3838	3	metal4	147.55	1041.83	1.09986	0	0
3839	0	metal5	147.55	1041.83	1.09986	0	0
3840	3	metal4	147.55	1031.83	1.09986	0	0
3841	0	metal5	147.55	1031.83	1.09986	0	0
3842	3	metal4	147.55	1021.83	1.09985	0	0
3843	0	metal5	147.55	1021.83	1.09985	0	0
3844	3	metal4	143.07	1071.83	1.09991	0	0
3845	0	metal5	143.07	1071.83	1.09991	0	0
3846	3	metal4	143.07	1061.83	1.09989	0	0
3847	0	metal5	143.07	1061.83	1.09989	0	0
3848	3	metal4	143.07	1051.83	1.09988	0	0
3849	0	metal5	143.07	1051.83	1.09988	0	0
3850	3	metal4	143.07	1041.83	1.09987	0	0
3851	0	metal5	143.07	1041.83	1.09987	0	0
3852	3	metal4	143.07	1031.83	1.09986	0	0
3853	0	metal5	143.07	1031.83	1.09986	0	0
3854	3	metal4	143.07	1021.83	1.09985	0	0
3855	0	metal5	143.07	1021.83	1.09985	0	0
3856	3	metal4	138.59	1071.83	1.09991	0	0
3857	0	metal5	138.59	1071.83	1.09991	0	0
3858	3	metal4	138.59	1061.83	1.09989	0	0
3859	0	metal5	138.59	1061.83	1.09989	0	0
3860	3	metal4	138.59	1051.83	1.09988	0	0
3861	0	metal5	138.59	1051.83	1.09988	0	0
3862	3	metal4	138.59	1041.83	1.09987	0	0
3863	0	metal5	138.59	1041.83	1.09987	0	0
3864	3	metal4	138.59	1031.83	1.09986	0	0
3865	0	metal5	138.59	1031.83	1.09986	0	0
3866	3	metal4	138.59	1021.83	1.09985	0	0
3867	0	metal5	138.59	1021.83	1.09985	0	0
3868	3	metal4	134.11	1071.83	1.09992	0	0
3869	0	metal5	134.11	1071.83	1.09992	0	0
3870	3	metal4	134.11	1061.83	1.0999	0	0
3871	0	metal5	134.11	1061.83	1.0999	0	0
3872	3	metal4	134.11	1051.83	1.09988	0	0
3873	0	metal5	134.11	1051.83	1.09988	0	0
3874	3	metal4	134.11	1041.83	1.09987	0	0
3875	0	metal5	134.11	1041.83	1.09987	0	0
3876	3	metal4	134.11	1031.83	1.09986	0	0
3877	0	metal5	134.11	1031.83	1.09986	0	0
3878	3	metal4	134.11	1021.83	1.09985	0	0
3879	0	metal5	134.11	1021.83	1.09985	0	0
3880	3	metal4	129.63	1071.83	1.09992	0	0
3881	0	metal5	129.63	1071.83	1.09992	0	0
3882	3	metal4	129.63	1061.83	1.0999	0	0
3883	0	metal5	129.63	1061.83	1.0999	0	0
3884	3	metal4	129.63	1051.83	1.09988	0	0
3885	0	metal5	129.63	1051.83	1.09988	0	0
3886	3	metal4	129.63	1041.83	1.09987	0	0
3887	0	metal5	129.63	1041.83	1.09987	0	0
3888	3	metal4	129.63	1031.83	1.09986	0	0
3889	0	metal5	129.63	1031.83	1.09986	0	0
3890	3	metal4	129.63	1021.83	1.09986	0	0
3891	0	metal5	129.63	1021.83	1.09986	0	0
3892	3	metal4	125.15	1071.83	1.09992	0	0
3893	0	metal5	125.15	1071.83	1.09992	0	0
3894	3	metal4	125.15	1061.83	1.0999	0	0
3895	0	metal5	125.15	1061.83	1.0999	0	0
3896	3	metal4	125.15	1051.83	1.09988	0	0
3897	0	metal5	125.15	1051.83	1.09988	0	0
3898	3	metal4	125.15	1041.83	1.09987	0	0
3899	0	metal5	125.15	1041.83	1.09987	0	0
3900	3	metal4	125.15	1031.83	1.09986	0	0
3901	0	metal5	125.15	1031.83	1.09986	0	0
3902	3	metal4	125.15	1021.83	1.09986	0	0
3903	0	metal5	125.15	1021.83	1.09986	0	0
3904	1	metal6	97.07	989.6	1.09927	0	0
3905	2	metal7	97.07	989.6	1.0993	0	0
3906	1	metal6	97.07	959.6	1.09923	0	0
3907	2	metal7	97.07	959.6	1.09924	0	0
3908	1	metal6	87.07	989.6	1.09926	0	0
3909	2	metal7	87.07	989.6	1.09929	0	0
3910	1	metal6	87.07	959.6	1.09923	0	0
3911	2	metal7	87.07	959.6	1.09923	0	0
3912	1	metal6	77.07	989.6	1.09926	0	0
3913	2	metal7	77.07	989.6	1.09928	0	0
3914	1	metal6	77.07	959.6	1.09922	0	0
3915	2	metal7	77.07	959.6	1.09923	0	0
3916	1	metal6	67.07	989.6	1.09925	0	0
3917	2	metal7	67.07	989.6	1.09927	0	0
3918	1	metal6	67.07	959.6	1.09922	0	0
3919	2	metal7	67.07	959.6	1.09923	0	0
3920	1	metal6	57.07	989.6	1.09925	0	0
3921	2	metal7	57.07	989.6	1.09927	0	0
3922	1	metal6	57.07	959.6	1.09921	0	0.00141818
3923	2	metal7	57.07	959.6	1.09922	0	0
3924	1	metal6	47.07	989.6	1.09925	0	0
3925	2	metal7	47.07	989.6	1.09926	0	0
3926	1	metal6	47.07	959.6	1.09922	0	0
3927	2	metal7	47.07	959.6	1.09922	0	0
3928	1	metal6	37.07	989.6	1.09925	0	0
3929	2	metal7	37.07	989.6	1.09926	0	0
3930	1	metal6	37.07	959.6	1.09922	0	0
3931	2	metal7	37.07	959.6	1.09922	0	0
3932	1	metal6	27.07	989.6	1.09925	0	0
3933	2	metal7	27.07	989.6	1.09926	0	0
3934	1	metal6	27.07	959.6	1.09922	0	0
3935	2	metal7	27.07	959.6	1.09922	0	0
3936	0	metal5	97.07	987.405	1.09926	0	0
3937	1	metal6	97.07	987.405	1.09926	0	0
3938	0	metal5	97.07	977.405	1.09925	0	0
3939	1	metal6	97.07	977.405	1.09925	0	0
3940	0	metal5	97.07	967.405	1.09924	0	0
3941	1	metal6	97.07	967.405	1.09924	0	0
3942	0	metal5	97.07	957.405	1.09922	0	0
3943	1	metal6	97.07	957.405	1.09923	0	0
3944	0	metal5	97.07	947.405	1.09921	0	0
3945	1	metal6	97.07	947.405	1.09922	0	0
3946	0	metal5	97.07	937.405	1.09919	0	0
3947	1	metal6	97.07	937.405	1.09921	0	0
3948	0	metal5	87.07	987.405	1.09926	0	0
3949	1	metal6	87.07	987.405	1.09926	0	0
3950	0	metal5	87.07	977.405	1.09925	0	0
3951	1	metal6	87.07	977.405	1.09925	0	0
3952	0	metal5	87.07	967.405	1.09923	0	0
3953	1	metal6	87.07	967.405	1.09924	0	0
3954	0	metal5	87.07	957.405	1.09922	0	0
3955	1	metal6	87.07	957.405	1.09923	0	0
3956	0	metal5	87.07	947.405	1.09921	0	0
3957	1	metal6	87.07	947.405	1.09921	0	0
3958	0	metal5	87.07	937.405	1.09918	0	0
3959	1	metal6	87.07	937.405	1.0992	0	0
3960	0	metal5	77.07	987.405	1.09925	0	0
3961	1	metal6	77.07	987.405	1.09926	0	0
3962	0	metal5	77.07	977.405	1.09924	0	0
3963	1	metal6	77.07	977.405	1.09924	0	0
3964	0	metal5	77.07	967.405	1.09923	0	0
3965	1	metal6	77.07	967.405	1.09923	0	0
3966	0	metal5	77.07	957.405	1.09922	0	0
3967	1	metal6	77.07	957.405	1.09922	0	0
3968	0	metal5	77.07	947.405	1.09921	0	0
3969	1	metal6	77.07	947.405	1.09921	0	0
3970	0	metal5	77.07	937.405	1.09916	0	0
3971	1	metal6	77.07	937.405	1.09919	0	0
3972	0	metal5	67.07	987.405	1.09925	0	0
3973	1	metal6	67.07	987.405	1.09925	0	0
3974	0	metal5	67.07	977.405	1.09924	0	0
3975	1	metal6	67.07	977.405	1.09924	0	0
3976	0	metal5	67.07	967.405	1.09923	0	0
3977	1	metal6	67.07	967.405	1.09923	0	0
3978	0	metal5	67.07	957.405	1.09922	0	0
3979	1	metal6	67.07	957.405	1.09921	0	0
3980	0	metal5	67.07	947.405	1.0992	0	0
3981	1	metal6	67.07	947.405	1.09919	0	0
3982	0	metal5	67.07	937.405	1.09913	0	0
3983	1	metal6	67.07	937.405	1.09917	0	0
3984	0	metal5	57.07	987.405	1.09925	0	0
3985	1	metal6	57.07	987.405	1.09925	0	0
3986	0	metal5	57.07	977.405	1.09924	0	0
3987	1	metal6	57.07	977.405	1.09923	0	0
3988	0	metal5	57.07	967.405	1.09923	0	0
3989	1	metal6	57.07	967.405	1.09922	0	0
3990	0	metal5	57.07	957.405	1.09921	0	0
3991	1	metal6	57.07	957.405	1.09921	0	0
3992	0	metal5	57.07	947.405	1.0992	0	0
3993	1	metal6	57.07	947.405	1.0992	0	0
3994	0	metal5	57.07	937.405	1.09916	0	0
3995	1	metal6	57.07	937.405	1.09918	0	0
3996	0	metal5	47.07	987.405	1.09925	0	0
3997	1	metal6	47.07	987.405	1.09925	0	0
3998	0	metal5	47.07	977.405	1.09924	0	0
3999	1	metal6	47.07	977.405	1.09924	0	0
4000	0	metal5	47.07	967.405	1.09923	0	0
4001	1	metal6	47.07	967.405	1.09923	0	0
4002	0	metal5	47.07	957.405	1.09922	0	0
4003	1	metal6	47.07	957.405	1.09922	0	0
4004	0	metal5	47.07	947.405	1.09921	0	0
4005	1	metal6	47.07	947.405	1.09921	0	0
4006	0	metal5	47.07	937.405	1.09918	0	0
4007	1	metal6	47.07	937.405	1.0992	0	0
4008	0	metal5	37.07	987.405	1.09925	0	0
4009	1	metal6	37.07	987.405	1.09925	0	0
4010	0	metal5	37.07	977.405	1.09924	0	0
4011	1	metal6	37.07	977.405	1.09924	0	0
4012	0	metal5	37.07	967.405	1.09923	0	0
4013	1	metal6	37.07	967.405	1.09923	0	0
4014	0	metal5	37.07	957.405	1.09922	0	0
4015	1	metal6	37.07	957.405	1.09922	0	0
4016	0	metal5	37.07	947.405	1.09921	0	0
4017	1	metal6	37.07	947.405	1.09921	0	0
4018	0	metal5	37.07	937.405	1.09919	0	0
4019	1	metal6	37.07	937.405	1.09921	0	0
4020	0	metal5	27.07	987.405	1.09925	0	0
4021	1	metal6	27.07	987.405	1.09924	0	0
4022	0	metal5	27.07	977.405	1.09924	0	0
4023	1	metal6	27.07	977.405	1.09924	0	0
4024	0	metal5	27.07	967.405	1.09923	0	0
4025	1	metal6	27.07	967.405	1.09923	0	0
4026	0	metal5	27.07	957.405	1.09922	0	0
4027	1	metal6	27.07	957.405	1.09922	0	0
4028	0	metal5	27.07	947.405	1.09921	0	0
4029	1	metal6	27.07	947.405	1.09921	0	0
4030	0	metal5	27.07	937.405	1.0992	0	0
4031	1	metal6	27.07	937.405	1.09921	0	0
4032	3	metal4	93.69	987.405	1.09926	0	0
4033	0	metal5	93.69	987.405	1.09926	0	0
4034	3	metal4	93.69	977.405	1.09925	0	0
4035	0	metal5	93.69	977.405	1.09925	0	0
4036	3	metal4	93.69	967.405	1.09924	0	0
4037	0	metal5	93.69	967.405	1.09924	0	0
4038	3	metal4	93.69	957.405	1.09922	0	0
4039	0	metal5	93.69	957.405	1.09922	0	0
4040	3	metal4	93.69	947.405	1.09921	0	0
4041	0	metal5	93.69	947.405	1.09921	0	0
4042	3	metal4	93.69	937.405	1.09919	0	0
4043	0	metal5	93.69	937.405	1.09919	0	0
4044	3	metal4	89.21	987.405	1.09926	0	0
4045	0	metal5	89.21	987.405	1.09926	0	0
4046	3	metal4	89.21	977.405	1.09925	0	0
4047	0	metal5	89.21	977.405	1.09925	0	0
4048	3	metal4	89.21	967.405	1.09923	0	0
4049	0	metal5	89.21	967.405	1.09923	0	0
4050	3	metal4	89.21	957.405	1.09922	0	0
4051	0	metal5	89.21	957.405	1.09922	0	0
4052	3	metal4	89.21	947.405	1.09921	0	0
4053	0	metal5	89.21	947.405	1.09921	0	0
4054	3	metal4	89.21	937.405	1.09918	0	0
4055	0	metal5	89.21	937.405	1.09918	0	0
4056	3	metal4	84.73	987.405	1.09926	0	0
4057	0	metal5	84.73	987.405	1.09926	0	0
4058	3	metal4	84.73	977.405	1.09925	0	0
4059	0	metal5	84.73	977.405	1.09925	0	0
4060	3	metal4	84.73	967.405	1.09923	0	0
4061	0	metal5	84.73	967.405	1.09923	0	0
4062	3	metal4	84.73	957.405	1.09922	0	0
4063	0	metal5	84.73	957.405	1.09922	0	0
4064	3	metal4	84.73	947.405	1.09921	0	0
4065	0	metal5	84.73	947.405	1.09921	0	0
4066	3	metal4	84.73	937.405	1.09918	0	0
4067	0	metal5	84.73	937.405	1.09918	0	0
4068	3	metal4	80.25	987.405	1.09926	0	0
4069	0	metal5	80.25	987.405	1.09926	0	0
4070	3	metal4	80.25	977.405	1.09924	0	0
4071	0	metal5	80.25	977.405	1.09924	0	0
4072	3	metal4	80.25	967.405	1.09923	0	0
4073	0	metal5	80.25	967.405	1.09923	0	0
4074	3	metal4	80.25	957.405	1.09922	0	0
4075	0	metal5	80.25	957.405	1.09922	0	0
4076	3	metal4	80.25	947.405	1.09921	0	0
4077	0	metal5	80.25	947.405	1.09921	0	0
4078	3	metal4	80.25	937.405	1.09917	0	0
4079	0	metal5	80.25	937.405	1.09917	0	0
4080	3	metal4	75.77	987.405	1.09925	0	0
4081	0	metal5	75.77	987.405	1.09925	0	0
4082	3	metal4	75.77	977.405	1.09924	0	0
4083	0	metal5	75.77	977.405	1.09924	0	0
4084	3	metal4	75.77	967.405	1.09923	0	0
4085	0	metal5	75.77	967.405	1.09923	0	0
4086	3	metal4	75.77	957.405	1.09922	0	0
4087	0	metal5	75.77	957.405	1.09922	0	0
4088	3	metal4	75.77	947.405	1.09921	0	0
4089	0	metal5	75.77	947.405	1.09921	0	0
4090	3	metal4	75.77	937.405	1.09916	0	0
4091	0	metal5	75.77	937.405	1.09916	0	0
4092	3	metal4	71.29	987.405	1.09925	0	0
4093	0	metal5	71.29	987.405	1.09925	0	0
4094	3	metal4	71.29	977.405	1.09924	0	0
4095	0	metal5	71.29	977.405	1.09924	0	0
4096	3	metal4	71.29	967.405	1.09923	0	0
4097	0	metal5	71.29	967.405	1.09923	0	0
4098	3	metal4	71.29	957.405	1.09922	0	0
4099	0	metal5	71.29	957.405	1.09922	0	0
4100	3	metal4	71.29	947.405	1.0992	0	0
4101	0	metal5	71.29	947.405	1.0992	0	0
4102	3	metal4	71.29	937.405	1.09914	0	0
4103	0	metal5	71.29	937.405	1.09914	0	0
4104	3	metal4	66.81	987.405	1.09925	0	0
4105	0	metal5	66.81	987.405	1.09925	0	0
4106	3	metal4	66.81	977.405	1.09924	0	0
4107	0	metal5	66.81	977.405	1.09924	0	0
4108	3	metal4	66.81	967.405	1.09923	0	0
4109	0	metal5	66.81	967.405	1.09923	0	0
4110	3	metal4	66.81	957.405	1.09922	0	0
4111	0	metal5	66.81	957.405	1.09922	0	0
4112	3	metal4	66.81	947.405	1.0992	0	0
4113	0	metal5	66.81	947.405	1.0992	0	0
4114	3	metal4	66.81	937.405	1.09896	0	0.00560835
4115	0	metal5	66.81	937.405	1.09913	0	0
4116	3	metal4	62.33	987.405	1.09925	0	0
4117	0	metal5	62.33	987.405	1.09925	0	0
4118	3	metal4	62.33	977.405	1.09924	0	0
4119	0	metal5	62.33	977.405	1.09924	0	0
4120	3	metal4	62.33	967.405	1.09923	0	0
4121	0	metal5	62.33	967.405	1.09923	0	0
4122	3	metal4	62.33	957.405	1.09922	0	0
4123	0	metal5	62.33	957.405	1.09922	0	0
4124	3	metal4	62.33	947.405	1.0992	0	0
4125	0	metal5	62.33	947.405	1.0992	0	0
4126	3	metal4	62.33	937.405	1.09914	0	0
4127	0	metal5	62.33	937.405	1.09914	0	0
4128	3	metal4	57.85	987.405	1.09925	0	0
4129	0	metal5	57.85	987.405	1.09925	0	0
4130	3	metal4	57.85	977.405	1.09924	0	0
4131	0	metal5	57.85	977.405	1.09924	0	0
4132	3	metal4	57.85	967.405	1.09923	0	0
4133	0	metal5	57.85	967.405	1.09923	0	0
4134	3	metal4	57.85	957.405	1.09921	0	0
4135	0	metal5	57.85	957.405	1.09921	0	0
4136	3	metal4	57.85	947.405	1.0992	0	0
4137	0	metal5	57.85	947.405	1.0992	0	0
4138	3	metal4	57.85	937.405	1.09916	0	0
4139	0	metal5	57.85	937.405	1.09916	0	0
4140	3	metal4	53.37	987.405	1.09925	0	0
4141	0	metal5	53.37	987.405	1.09925	0	0
4142	3	metal4	53.37	977.405	1.09924	0	0
4143	0	metal5	53.37	977.405	1.09924	0	0
4144	3	metal4	53.37	967.405	1.09923	0	0
4145	0	metal5	53.37	967.405	1.09923	0	0
4146	3	metal4	53.37	957.405	1.09921	0	0
4147	0	metal5	53.37	957.405	1.09921	0	0
4148	3	metal4	53.37	947.405	1.0992	0	0
4149	0	metal5	53.37	947.405	1.0992	0	0
4150	3	metal4	53.37	937.405	1.09917	0	0
4151	0	metal5	53.37	937.405	1.09917	0	0
4152	3	metal4	48.89	987.405	1.09925	0	0
4153	0	metal5	48.89	987.405	1.09925	0	0
4154	3	metal4	48.89	977.405	1.09924	0	0
4155	0	metal5	48.89	977.405	1.09924	0	0
4156	3	metal4	48.89	967.405	1.09923	0	0
4157	0	metal5	48.89	967.405	1.09923	0	0
4158	3	metal4	48.89	957.405	1.09922	0	0
4159	0	metal5	48.89	957.405	1.09922	0	0
4160	3	metal4	48.89	947.405	1.09921	0	0
4161	0	metal5	48.89	947.405	1.09921	0	0
4162	3	metal4	48.89	937.405	1.09918	0	0
4163	0	metal5	48.89	937.405	1.09918	0	0
4164	3	metal4	44.41	987.405	1.09925	0	0
4165	0	metal5	44.41	987.405	1.09925	0	0
4166	3	metal4	44.41	977.405	1.09924	0	0
4167	0	metal5	44.41	977.405	1.09924	0	0
4168	3	metal4	44.41	967.405	1.09923	0	0
4169	0	metal5	44.41	967.405	1.09923	0	0
4170	3	metal4	44.41	957.405	1.09922	0	0
4171	0	metal5	44.41	957.405	1.09922	0	0
4172	3	metal4	44.41	947.405	1.09921	0	0
4173	0	metal5	44.41	947.405	1.09921	0	0
4174	3	metal4	44.41	937.405	1.09918	0	0
4175	0	metal5	44.41	937.405	1.09918	0	0
4176	3	metal4	39.93	987.405	1.09925	0	0
4177	0	metal5	39.93	987.405	1.09925	0	0
4178	3	metal4	39.93	977.405	1.09924	0	0
4179	0	metal5	39.93	977.405	1.09924	0	0
4180	3	metal4	39.93	967.405	1.09923	0	0
4181	0	metal5	39.93	967.405	1.09923	0	0
4182	3	metal4	39.93	957.405	1.09922	0	0
4183	0	metal5	39.93	957.405	1.09922	0	0
4184	3	metal4	39.93	947.405	1.09921	0	0
4185	0	metal5	39.93	947.405	1.09921	0	0
4186	3	metal4	39.93	937.405	1.09919	0	0
4187	0	metal5	39.93	937.405	1.09919	0	0
4188	3	metal4	35.45	987.405	1.09925	0	0
4189	0	metal5	35.45	987.405	1.09925	0	0
4190	3	metal4	35.45	977.405	1.09924	0	0
4191	0	metal5	35.45	977.405	1.09924	0	0
4192	3	metal4	35.45	967.405	1.09923	0	0
4193	0	metal5	35.45	967.405	1.09923	0	0
4194	3	metal4	35.45	957.405	1.09922	0	0
4195	0	metal5	35.45	957.405	1.09922	0	0
4196	3	metal4	35.45	947.405	1.09921	0	0
4197	0	metal5	35.45	947.405	1.09921	0	0
4198	3	metal4	35.45	937.405	1.09919	0	0
4199	0	metal5	35.45	937.405	1.09919	0	0
4200	3	metal4	30.97	987.405	1.09925	0	0
4201	0	metal5	30.97	987.405	1.09925	0	0
4202	3	metal4	30.97	977.405	1.09924	0	0
4203	0	metal5	30.97	977.405	1.09924	0	0
4204	3	metal4	30.97	967.405	1.09923	0	0
4205	0	metal5	30.97	967.405	1.09923	0	0
4206	3	metal4	30.97	957.405	1.09922	0	0
4207	0	metal5	30.97	957.405	1.09922	0	0
4208	3	metal4	30.97	947.405	1.09921	0	0
4209	0	metal5	30.97	947.405	1.09921	0	0
4210	3	metal4	30.97	937.405	1.0992	0	0
4211	0	metal5	30.97	937.405	1.0992	0	0
4212	3	metal4	26.49	987.405	1.09925	0	0
4213	0	metal5	26.49	987.405	1.09925	0	0
4214	3	metal4	26.49	977.405	1.09924	0	0
4215	0	metal5	26.49	977.405	1.09924	0	0
4216	3	metal4	26.49	967.405	1.09923	0	0
4217	0	metal5	26.49	967.405	1.09923	0	0
4218	3	metal4	26.49	957.405	1.09922	0	0
4219	0	metal5	26.49	957.405	1.09922	0	0
4220	3	metal4	26.49	947.405	1.09921	0	0
4221	0	metal5	26.49	947.405	1.09921	0	0
4222	3	metal4	26.49	937.405	1.0992	0	0
4223	0	metal5	26.49	937.405	1.0992	0	0
4224	1	metal6	1078.18	149.6	1.09925	0	0
4225	2	metal7	1078.18	149.6	1.09925	0	0
4226	1	metal6	1078.18	119.6	1.09925	0	0
4227	2	metal7	1078.18	119.6	1.09926	0	0
4228	1	metal6	1068.18	149.6	1.09925	0	0
4229	2	metal7	1068.18	149.6	1.09925	0	0
4230	1	metal6	1068.18	119.6	1.09925	0	0
4231	2	metal7	1068.18	119.6	1.09926	0	0
4232	1	metal6	1058.18	149.6	1.09925	0	0
4233	2	metal7	1058.18	149.6	1.09925	0	0
4234	1	metal6	1058.18	119.6	1.09925	0	0
4235	2	metal7	1058.18	119.6	1.09926	0	0
4236	1	metal6	1048.18	149.6	1.09925	0	0
4237	2	metal7	1048.18	149.6	1.09925	0	0
4238	1	metal6	1048.18	119.6	1.09925	0	0
4239	2	metal7	1048.18	119.6	1.09926	0	0
4240	1	metal6	1038.18	149.6	1.09925	0	0
4241	2	metal7	1038.18	149.6	1.09925	0	0
4242	1	metal6	1038.18	119.6	1.09925	0	0
4243	2	metal7	1038.18	119.6	1.09926	0	0
4244	1	metal6	1028.18	149.6	1.09925	0	0
4245	2	metal7	1028.18	149.6	1.09925	0	0
4246	1	metal6	1028.18	119.6	1.09925	0	0
4247	2	metal7	1028.18	119.6	1.09926	0	0
4248	1	metal6	1018.18	149.6	1.09925	0	0
4249	2	metal7	1018.18	149.6	1.09926	0	0
4250	1	metal6	1018.18	119.6	1.09926	0	0
4251	2	metal7	1018.18	119.6	1.09926	0	0
4252	1	metal6	1008.18	149.6	1.09925	0	0
4253	2	metal7	1008.18	149.6	1.09926	0	0
4254	1	metal6	1008.18	119.6	1.09926	0	0
4255	2	metal7	1008.18	119.6	1.09926	0	0
4256	0	metal5	1078.18	164.135	1.09925	0	0
4257	1	metal6	1078.18	164.135	1.09925	0	0
4258	0	metal5	1078.18	154.135	1.09925	0	0
4259	1	metal6	1078.18	154.135	1.09925	0	0
4260	0	metal5	1078.18	144.135	1.09925	0	0
4261	1	metal6	1078.18	144.135	1.09925	0	0
4262	0	metal5	1078.18	134.135	1.09925	0	0
4263	1	metal6	1078.18	134.135	1.09925	0	0
4264	0	metal5	1078.18	124.135	1.09925	0	0
4265	1	metal6	1078.18	124.135	1.09925	0	0
4266	0	metal5	1078.18	114.135	1.09925	0	0
4267	1	metal6	1078.18	114.135	1.09925	0	0
4268	0	metal5	1068.18	164.135	1.09925	0	0
4269	1	metal6	1068.18	164.135	1.09925	0	0
4270	0	metal5	1068.18	154.135	1.09925	0	0
4271	1	metal6	1068.18	154.135	1.09925	0	0
4272	0	metal5	1068.18	144.135	1.09925	0	0
4273	1	metal6	1068.18	144.135	1.09925	0	0
4274	0	metal5	1068.18	134.135	1.09925	0	0
4275	1	metal6	1068.18	134.135	1.09925	0	0
4276	0	metal5	1068.18	124.135	1.09925	0	0
4277	1	metal6	1068.18	124.135	1.09925	0	0
4278	0	metal5	1068.18	114.135	1.09925	0	0
4279	1	metal6	1068.18	114.135	1.09925	0	0
4280	0	metal5	1058.18	164.135	1.09925	0	0
4281	1	metal6	1058.18	164.135	1.09925	0	0
4282	0	metal5	1058.18	154.135	1.09925	0	0
4283	1	metal6	1058.18	154.135	1.09925	0	0
4284	0	metal5	1058.18	144.135	1.09924	0	0
4285	1	metal6	1058.18	144.135	1.09925	0	0
4286	0	metal5	1058.18	134.135	1.09925	0	0
4287	1	metal6	1058.18	134.135	1.09925	0	0
4288	0	metal5	1058.18	124.135	1.09925	0	0
4289	1	metal6	1058.18	124.135	1.09925	0	0
4290	0	metal5	1058.18	114.135	1.09925	0	0
4291	1	metal6	1058.18	114.135	1.09925	0	0
4292	0	metal5	1048.18	164.135	1.09925	0	0
4293	1	metal6	1048.18	164.135	1.09925	0	0
4294	0	metal5	1048.18	154.135	1.09925	0	0
4295	1	metal6	1048.18	154.135	1.09925	0	0
4296	0	metal5	1048.18	144.135	1.09924	0	0
4297	1	metal6	1048.18	144.135	1.09925	0	0
4298	0	metal5	1048.18	134.135	1.09925	0	0
4299	1	metal6	1048.18	134.135	1.09925	0	0
4300	0	metal5	1048.18	124.135	1.09925	0	0
4301	1	metal6	1048.18	124.135	1.09925	0	0
4302	0	metal5	1048.18	114.135	1.09925	0	0
4303	1	metal6	1048.18	114.135	1.09925	0	0
4304	0	metal5	1038.18	164.135	1.09925	0	0
4305	1	metal6	1038.18	164.135	1.09925	0	0
4306	0	metal5	1038.18	154.135	1.09925	0	0
4307	1	metal6	1038.18	154.135	1.09925	0	0
4308	0	metal5	1038.18	144.135	1.09924	0	0
4309	1	metal6	1038.18	144.135	1.09925	0	0
4310	0	metal5	1038.18	134.135	1.09925	0	0
4311	1	metal6	1038.18	134.135	1.09925	0	0
4312	0	metal5	1038.18	124.135	1.09925	0	0
4313	1	metal6	1038.18	124.135	1.09925	0	0
4314	0	metal5	1038.18	114.135	1.09925	0	0
4315	1	metal6	1038.18	114.135	1.09925	0	0
4316	0	metal5	1028.18	164.135	1.09925	0	0
4317	1	metal6	1028.18	164.135	1.09925	0	0
4318	0	metal5	1028.18	154.135	1.09925	0	0
4319	1	metal6	1028.18	154.135	1.09925	0	0
4320	0	metal5	1028.18	144.135	1.09924	0	0
4321	1	metal6	1028.18	144.135	1.09925	0	0
4322	0	metal5	1028.18	134.135	1.09925	0	0
4323	1	metal6	1028.18	134.135	1.09925	0	0
4324	0	metal5	1028.18	124.135	1.09925	0	0
4325	1	metal6	1028.18	124.135	1.09925	0	0
4326	0	metal5	1028.18	114.135	1.09925	0	0
4327	1	metal6	1028.18	114.135	1.09925	0	0
4328	0	metal5	1018.18	164.135	1.09925	0	0
4329	1	metal6	1018.18	164.135	1.09925	0	0
4330	0	metal5	1018.18	154.135	1.09925	0	0
4331	1	metal6	1018.18	154.135	1.09925	0	0
4332	0	metal5	1018.18	144.135	1.09925	0	0
4333	1	metal6	1018.18	144.135	1.09925	0	0
4334	0	metal5	1018.18	134.135	1.09925	0	0
4335	1	metal6	1018.18	134.135	1.09925	0	0
4336	0	metal5	1018.18	124.135	1.09925	0	0
4337	1	metal6	1018.18	124.135	1.09925	0	0
4338	0	metal5	1018.18	114.135	1.09926	0	0
4339	1	metal6	1018.18	114.135	1.09926	0	0
4340	0	metal5	1008.18	164.135	1.09925	0	0
4341	1	metal6	1008.18	164.135	1.09925	0	0
4342	0	metal5	1008.18	154.135	1.09925	0	0
4343	1	metal6	1008.18	154.135	1.09925	0	0
4344	0	metal5	1008.18	144.135	1.09925	0	0
4345	1	metal6	1008.18	144.135	1.09925	0	0
4346	0	metal5	1008.18	134.135	1.09925	0	0
4347	1	metal6	1008.18	134.135	1.09925	0	0
4348	0	metal5	1008.18	124.135	1.09925	0	0
4349	1	metal6	1008.18	124.135	1.09926	0	0
4350	0	metal5	1008.18	114.135	1.09926	0	0
4351	1	metal6	1008.18	114.135	1.09926	0	0
4352	3	metal4	1073.42	164.135	1.09925	0	0
4353	0	metal5	1073.42	164.135	1.09925	0	0
4354	3	metal4	1073.42	154.135	1.09925	0	0
4355	0	metal5	1073.42	154.135	1.09925	0	0
4356	3	metal4	1073.42	144.135	1.09925	0	0
4357	0	metal5	1073.42	144.135	1.09925	0	0
4358	3	metal4	1073.42	134.135	1.09925	0	0
4359	0	metal5	1073.42	134.135	1.09925	0	0
4360	3	metal4	1073.42	124.135	1.09925	0	0
4361	0	metal5	1073.42	124.135	1.09925	0	0
4362	3	metal4	1073.42	114.135	1.09925	0	0
4363	0	metal5	1073.42	114.135	1.09925	0	0
4364	3	metal4	1068.94	164.135	1.09925	0	0
4365	0	metal5	1068.94	164.135	1.09925	0	0
4366	3	metal4	1068.94	154.135	1.09925	0	0
4367	0	metal5	1068.94	154.135	1.09925	0	0
4368	3	metal4	1068.94	144.135	1.09925	0	0
4369	0	metal5	1068.94	144.135	1.09925	0	0
4370	3	metal4	1068.94	134.135	1.09925	0	0
4371	0	metal5	1068.94	134.135	1.09925	0	0
4372	3	metal4	1068.94	124.135	1.09925	0	0
4373	0	metal5	1068.94	124.135	1.09925	0	0
4374	3	metal4	1068.94	114.135	1.09925	0	0
4375	0	metal5	1068.94	114.135	1.09925	0	0
4376	3	metal4	1064.46	164.135	1.09925	0	0
4377	0	metal5	1064.46	164.135	1.09925	0	0
4378	3	metal4	1064.46	154.135	1.09925	0	0
4379	0	metal5	1064.46	154.135	1.09925	0	0
4380	3	metal4	1064.46	144.135	1.09925	0	0
4381	0	metal5	1064.46	144.135	1.09925	0	0
4382	3	metal4	1064.46	134.135	1.09925	0	0
4383	0	metal5	1064.46	134.135	1.09925	0	0
4384	3	metal4	1064.46	124.135	1.09925	0	0
4385	0	metal5	1064.46	124.135	1.09925	0	0
4386	3	metal4	1064.46	114.135	1.09925	0	0
4387	0	metal5	1064.46	114.135	1.09925	0	0
4388	3	metal4	1059.98	164.135	1.09925	0	0
4389	0	metal5	1059.98	164.135	1.09925	0	0
4390	3	metal4	1059.98	154.135	1.09925	0	0
4391	0	metal5	1059.98	154.135	1.09925	0	0
4392	3	metal4	1059.98	144.135	1.09925	0	0
4393	0	metal5	1059.98	144.135	1.09925	0	0
4394	3	metal4	1059.98	134.135	1.09925	0	0
4395	0	metal5	1059.98	134.135	1.09925	0	0
4396	3	metal4	1059.98	124.135	1.09925	0	0
4397	0	metal5	1059.98	124.135	1.09925	0	0
4398	3	metal4	1059.98	114.135	1.09925	0	0
4399	0	metal5	1059.98	114.135	1.09925	0	0
4400	3	metal4	1055.5	164.135	1.09925	0	0
4401	0	metal5	1055.5	164.135	1.09925	0	0
4402	3	metal4	1055.5	154.135	1.09925	0	0
4403	0	metal5	1055.5	154.135	1.09925	0	0
4404	3	metal4	1055.5	144.135	1.09924	0	0
4405	0	metal5	1055.5	144.135	1.09924	0	0
4406	3	metal4	1055.5	134.135	1.09925	0	0
4407	0	metal5	1055.5	134.135	1.09925	0	0
4408	3	metal4	1055.5	124.135	1.09925	0	0
4409	0	metal5	1055.5	124.135	1.09925	0	0
4410	3	metal4	1055.5	114.135	1.09925	0	0
4411	0	metal5	1055.5	114.135	1.09925	0	0
4412	3	metal4	1051.02	164.135	1.09925	0	0
4413	0	metal5	1051.02	164.135	1.09925	0	0
4414	3	metal4	1051.02	154.135	1.09925	0	0
4415	0	metal5	1051.02	154.135	1.09925	0	0
4416	3	metal4	1051.02	144.135	1.09924	0	0
4417	0	metal5	1051.02	144.135	1.09924	0	0
4418	3	metal4	1051.02	134.135	1.09925	0	0
4419	0	metal5	1051.02	134.135	1.09925	0	0
4420	3	metal4	1051.02	124.135	1.09925	0	0
4421	0	metal5	1051.02	124.135	1.09925	0	0
4422	3	metal4	1051.02	114.135	1.09925	0	0
4423	0	metal5	1051.02	114.135	1.09925	0	0
4424	3	metal4	1046.54	164.135	1.09925	0	0
4425	0	metal5	1046.54	164.135	1.09925	0	0
4426	3	metal4	1046.54	154.135	1.09925	0	0
4427	0	metal5	1046.54	154.135	1.09925	0	0
4428	3	metal4	1046.54	144.135	1.09924	0	0
4429	0	metal5	1046.54	144.135	1.09924	0	0
4430	3	metal4	1046.54	134.135	1.09925	0	0
4431	0	metal5	1046.54	134.135	1.09925	0	0
4432	3	metal4	1046.54	124.135	1.09925	0	0
4433	0	metal5	1046.54	124.135	1.09925	0	0
4434	3	metal4	1046.54	114.135	1.09925	0	0
4435	0	metal5	1046.54	114.135	1.09925	0	0
4436	3	metal4	1042.06	164.135	1.09925	0	0
4437	0	metal5	1042.06	164.135	1.09925	0	0
4438	3	metal4	1042.06	154.135	1.09925	0	0
4439	0	metal5	1042.06	154.135	1.09925	0	0
4440	3	metal4	1042.06	144.135	1.09923	0	0
4441	0	metal5	1042.06	144.135	1.09923	0	0.00141818
4442	3	metal4	1042.06	134.135	1.09925	0	0
4443	0	metal5	1042.06	134.135	1.09925	0	0
4444	3	metal4	1042.06	124.135	1.09925	0	0
4445	0	metal5	1042.06	124.135	1.09925	0	0
4446	3	metal4	1042.06	114.135	1.09925	0	0
4447	0	metal5	1042.06	114.135	1.09925	0	0
4448	3	metal4	1037.58	164.135	1.09925	0	0
4449	0	metal5	1037.58	164.135	1.09925	0	0
4450	3	metal4	1037.58	154.135	1.09925	0	0
4451	0	metal5	1037.58	154.135	1.09925	0	0
4452	3	metal4	1037.58	144.135	1.09924	0	0
4453	0	metal5	1037.58	144.135	1.09924	0	0
4454	3	metal4	1037.58	134.135	1.09925	0	0
4455	0	metal5	1037.58	134.135	1.09925	0	0
4456	3	metal4	1037.58	124.135	1.09925	0	0
4457	0	metal5	1037.58	124.135	1.09925	0	0
4458	3	metal4	1037.58	114.135	1.09925	0	0
4459	0	metal5	1037.58	114.135	1.09925	0	0
4460	3	metal4	1033.1	164.135	1.09925	0	0
4461	0	metal5	1033.1	164.135	1.09925	0	0
4462	3	metal4	1033.1	154.135	1.09925	0	0
4463	0	metal5	1033.1	154.135	1.09925	0	0
4464	3	metal4	1033.1	144.135	1.09924	0	0
4465	0	metal5	1033.1	144.135	1.09924	0	0
4466	3	metal4	1033.1	134.135	1.09925	0	0
4467	0	metal5	1033.1	134.135	1.09925	0	0
4468	3	metal4	1033.1	124.135	1.09925	0	0
4469	0	metal5	1033.1	124.135	1.09925	0	0
4470	3	metal4	1033.1	114.135	1.09925	0	0
4471	0	metal5	1033.1	114.135	1.09925	0	0
4472	3	metal4	1028.62	164.135	1.09925	0	0
4473	0	metal5	1028.62	164.135	1.09925	0	0
4474	3	metal4	1028.62	154.135	1.09925	0	0
4475	0	metal5	1028.62	154.135	1.09925	0	0
4476	3	metal4	1028.62	144.135	1.09924	0	0
4477	0	metal5	1028.62	144.135	1.09924	0	0
4478	3	metal4	1028.62	134.135	1.09925	0	0
4479	0	metal5	1028.62	134.135	1.09925	0	0
4480	3	metal4	1028.62	124.135	1.09925	0	0
4481	0	metal5	1028.62	124.135	1.09925	0	0
4482	3	metal4	1028.62	114.135	1.09925	0	0
4483	0	metal5	1028.62	114.135	1.09925	0	0
4484	3	metal4	1024.14	164.135	1.09925	0	0
4485	0	metal5	1024.14	164.135	1.09925	0	0
4486	3	metal4	1024.14	154.135	1.09925	0	0
4487	0	metal5	1024.14	154.135	1.09925	0	0
4488	3	metal4	1024.14	144.135	1.09925	0	0
4489	0	metal5	1024.14	144.135	1.09925	0	0
4490	3	metal4	1024.14	134.135	1.09925	0	0
4491	0	metal5	1024.14	134.135	1.09925	0	0
4492	3	metal4	1024.14	124.135	1.09925	0	0
4493	0	metal5	1024.14	124.135	1.09925	0	0
4494	3	metal4	1024.14	114.135	1.09925	0	0
4495	0	metal5	1024.14	114.135	1.09925	0	0
4496	3	metal4	1019.66	164.135	1.09925	0	0
4497	0	metal5	1019.66	164.135	1.09925	0	0
4498	3	metal4	1019.66	154.135	1.09925	0	0
4499	0	metal5	1019.66	154.135	1.09925	0	0
4500	3	metal4	1019.66	144.135	1.09925	0	0
4501	0	metal5	1019.66	144.135	1.09925	0	0
4502	3	metal4	1019.66	134.135	1.09925	0	0
4503	0	metal5	1019.66	134.135	1.09925	0	0
4504	3	metal4	1019.66	124.135	1.09925	0	0
4505	0	metal5	1019.66	124.135	1.09925	0	0
4506	3	metal4	1019.66	114.135	1.09925	0	0
4507	0	metal5	1019.66	114.135	1.09925	0	0
4508	3	metal4	1015.18	164.135	1.09925	0	0
4509	0	metal5	1015.18	164.135	1.09925	0	0
4510	3	metal4	1015.18	154.135	1.09925	0	0
4511	0	metal5	1015.18	154.135	1.09925	0	0
4512	3	metal4	1015.18	144.135	1.09925	0	0
4513	0	metal5	1015.18	144.135	1.09925	0	0
4514	3	metal4	1015.18	134.135	1.09925	0	0
4515	0	metal5	1015.18	134.135	1.09925	0	0
4516	3	metal4	1015.18	124.135	1.09925	0	0
4517	0	metal5	1015.18	124.135	1.09925	0	0
4518	3	metal4	1015.18	114.135	1.09926	0	0
4519	0	metal5	1015.18	114.135	1.09926	0	0
4520	3	metal4	1010.7	164.135	1.09925	0	0
4521	0	metal5	1010.7	164.135	1.09925	0	0
4522	3	metal4	1010.7	154.135	1.09925	0	0
4523	0	metal5	1010.7	154.135	1.09925	0	0
4524	3	metal4	1010.7	144.135	1.09925	0	0
4525	0	metal5	1010.7	144.135	1.09925	0	0
4526	3	metal4	1010.7	134.135	1.09925	0	0
4527	0	metal5	1010.7	134.135	1.09925	0	0
4528	3	metal4	1010.7	124.135	1.09925	0	0
4529	0	metal5	1010.7	124.135	1.09925	0	0
4530	3	metal4	1010.7	114.135	1.09926	0	0
4531	0	metal5	1010.7	114.135	1.09926	0	0
4532	3	metal4	1006.22	164.135	1.09925	0	0
4533	0	metal5	1006.22	164.135	1.09925	0	0
4534	3	metal4	1006.22	154.135	1.09925	0	0
4535	0	metal5	1006.22	154.135	1.09925	0	0
4536	3	metal4	1006.22	144.135	1.09925	0	0
4537	0	metal5	1006.22	144.135	1.09925	0	0
4538	3	metal4	1006.22	134.135	1.09925	0	0
4539	0	metal5	1006.22	134.135	1.09925	0	0
4540	3	metal4	1006.22	124.135	1.09925	0	0
4541	0	metal5	1006.22	124.135	1.09925	0	0
4542	3	metal4	1006.22	114.135	1.09926	0	0
4543	0	metal5	1006.22	114.135	1.09926	0	0
4544	1	metal6	1078.18	59.6	1.09939	0	0
4545	2	metal7	1078.18	59.6	1.09939	0	0
4546	1	metal6	1078.18	29.6	1.0994	0	0
4547	2	metal7	1078.18	29.6	1.0994	0	0
4548	1	metal6	1068.18	59.6	1.09939	0	0
4549	2	metal7	1068.18	59.6	1.09939	0	0
4550	1	metal6	1068.18	29.6	1.09939	0	0
4551	2	metal7	1068.18	29.6	1.0994	0	0
4552	1	metal6	1058.18	59.6	1.09938	0	0
4553	2	metal7	1058.18	59.6	1.09938	0	0
4554	1	metal6	1058.18	29.6	1.09939	0	0
4555	2	metal7	1058.18	29.6	1.0994	0	0
4556	1	metal6	1048.18	59.6	1.09938	0	0
4557	2	metal7	1048.18	59.6	1.09938	0	0
4558	1	metal6	1048.18	29.6	1.09939	0	0
4559	2	metal7	1048.18	29.6	1.0994	0	0
4560	1	metal6	1038.18	59.6	1.09938	0	0
4561	2	metal7	1038.18	59.6	1.09938	0	0
4562	1	metal6	1038.18	29.6	1.09939	0	0
4563	2	metal7	1038.18	29.6	1.09939	0	0
4564	1	metal6	1028.18	59.6	1.09938	0	0
4565	2	metal7	1028.18	59.6	1.09938	0	0
4566	1	metal6	1028.18	29.6	1.09939	0	0
4567	2	metal7	1028.18	29.6	1.09939	0	0
4568	1	metal6	1018.18	59.6	1.09938	0	0
4569	2	metal7	1018.18	59.6	1.09938	0	0
4570	1	metal6	1018.18	29.6	1.09939	0	0
4571	2	metal7	1018.18	29.6	1.09939	0	0
4572	1	metal6	1008.18	59.6	1.09938	0	0
4573	2	metal7	1008.18	59.6	1.09938	0	0
4574	1	metal6	1008.18	29.6	1.09939	0	0
4575	2	metal7	1008.18	29.6	1.09939	0	0
4576	0	metal5	1078.18	79.715	1.09938	0	0
4577	1	metal6	1078.18	79.715	1.09939	0	0
4578	0	metal5	1078.18	69.715	1.09938	0	0
4579	1	metal6	1078.18	69.715	1.09939	0	0
4580	0	metal5	1078.18	59.715	1.09938	0	0
4581	1	metal6	1078.18	59.715	1.09939	0	0
4582	0	metal5	1078.18	49.715	1.09939	0	0
4583	1	metal6	1078.18	49.715	1.09939	0	0
4584	0	metal5	1078.18	39.715	1.09939	0	0
4585	1	metal6	1078.18	39.715	1.09939	0	0
4586	0	metal5	1078.18	29.715	1.09939	0	0
4587	1	metal6	1078.18	29.715	1.0994	0	0
4588	0	metal5	1068.18	79.715	1.09938	0	0
4589	1	metal6	1068.18	79.715	1.09938	0	0
4590	0	metal5	1068.18	69.715	1.09938	0	0
4591	1	metal6	1068.18	69.715	1.09938	0	0
4592	0	metal5	1068.18	59.715	1.09938	0	0
4593	1	metal6	1068.18	59.715	1.09939	0	0
4594	0	metal5	1068.18	49.715	1.09939	0	0
4595	1	metal6	1068.18	49.715	1.09939	0	0
4596	0	metal5	1068.18	39.715	1.09939	0	0
4597	1	metal6	1068.18	39.715	1.09939	0	0
4598	0	metal5	1068.18	29.715	1.09939	0	0
4599	1	metal6	1068.18	29.715	1.09939	0	0
4600	0	metal5	1058.18	79.715	1.09938	0	0
4601	1	metal6	1058.18	79.715	1.09938	0	0
4602	0	metal5	1058.18	69.715	1.09938	0	0
4603	1	metal6	1058.18	69.715	1.09938	0	0
4604	0	metal5	1058.18	59.715	1.09938	0	0
4605	1	metal6	1058.18	59.715	1.09938	0	0
4606	0	metal5	1058.18	49.715	1.09939	0	0
4607	1	metal6	1058.18	49.715	1.09939	0	0
4608	0	metal5	1058.18	39.715	1.09939	0	0
4609	1	metal6	1058.18	39.715	1.09939	0	0
4610	0	metal5	1058.18	29.715	1.09939	0	0
4611	1	metal6	1058.18	29.715	1.09939	0	0
4612	0	metal5	1048.18	79.715	1.09938	0	0
4613	1	metal6	1048.18	79.715	1.09938	0	0
4614	0	metal5	1048.18	69.715	1.09938	0	0
4615	1	metal6	1048.18	69.715	1.09938	0	0
4616	0	metal5	1048.18	59.715	1.09937	0	0
4617	1	metal6	1048.18	59.715	1.09938	0	0
4618	0	metal5	1048.18	49.715	1.09938	0	0
4619	1	metal6	1048.18	49.715	1.09938	0	0
4620	0	metal5	1048.18	39.715	1.09939	0	0
4621	1	metal6	1048.18	39.715	1.09939	0	0
4622	0	metal5	1048.18	29.715	1.09939	0	0
4623	1	metal6	1048.18	29.715	1.09939	0	0
4624	0	metal5	1038.18	79.715	1.09938	0	0
4625	1	metal6	1038.18	79.715	1.09938	0	0
4626	0	metal5	1038.18	69.715	1.09938	0	0
4627	1	metal6	1038.18	69.715	1.09938	0	0
4628	0	metal5	1038.18	59.715	1.09937	0	0
4629	1	metal6	1038.18	59.715	1.09938	0	0
4630	0	metal5	1038.18	49.715	1.09938	0	0
4631	1	metal6	1038.18	49.715	1.09938	0	0
4632	0	metal5	1038.18	39.715	1.09939	0	0
4633	1	metal6	1038.18	39.715	1.09939	0	0
4634	0	metal5	1038.18	29.715	1.09939	0	0
4635	1	metal6	1038.18	29.715	1.09939	0	0
4636	0	metal5	1028.18	79.715	1.09938	0	0
4637	1	metal6	1028.18	79.715	1.09938	0	0
4638	0	metal5	1028.18	69.715	1.09938	0	0
4639	1	metal6	1028.18	69.715	1.09938	0	0
4640	0	metal5	1028.18	59.715	1.09937	0	0
4641	1	metal6	1028.18	59.715	1.09938	0	0
4642	0	metal5	1028.18	49.715	1.09938	0	0
4643	1	metal6	1028.18	49.715	1.09938	0	0
4644	0	metal5	1028.18	39.715	1.09939	0	0
4645	1	metal6	1028.18	39.715	1.09939	0	0
4646	0	metal5	1028.18	29.715	1.09939	0	0
4647	1	metal6	1028.18	29.715	1.09939	0	0
4648	0	metal5	1018.18	79.715	1.09938	0	0
4649	1	metal6	1018.18	79.715	1.09938	0	0
4650	0	metal5	1018.18	69.715	1.09938	0	0
4651	1	metal6	1018.18	69.715	1.09938	0	0
4652	0	metal5	1018.18	59.715	1.09938	0	0
4653	1	metal6	1018.18	59.715	1.09938	0	0
4654	0	metal5	1018.18	49.715	1.09938	0	0
4655	1	metal6	1018.18	49.715	1.09938	0	0
4656	0	metal5	1018.18	39.715	1.09939	0	0
4657	1	metal6	1018.18	39.715	1.09939	0	0
4658	0	metal5	1018.18	29.715	1.09939	0	0
4659	1	metal6	1018.18	29.715	1.09939	0	0
4660	0	metal5	1008.18	79.715	1.09938	0	0
4661	1	metal6	1008.18	79.715	1.09938	0	0
4662	0	metal5	1008.18	69.715	1.09938	0	0
4663	1	metal6	1008.18	69.715	1.09938	0	0
4664	0	metal5	1008.18	59.715	1.09938	0	0
4665	1	metal6	1008.18	59.715	1.09938	0	0
4666	0	metal5	1008.18	49.715	1.09938	0	0
4667	1	metal6	1008.18	49.715	1.09938	0	0
4668	0	metal5	1008.18	39.715	1.09939	0	0
4669	1	metal6	1008.18	39.715	1.09938	0	0
4670	0	metal5	1008.18	29.715	1.09939	0	0
4671	1	metal6	1008.18	29.715	1.09939	0	0
4672	3	metal4	1073.42	79.715	1.09938	0	0
4673	0	metal5	1073.42	79.715	1.09938	0	0
4674	3	metal4	1073.42	69.715	1.09938	0	0
4675	0	metal5	1073.42	69.715	1.09938	0	0
4676	3	metal4	1073.42	59.715	1.09938	0	0
4677	0	metal5	1073.42	59.715	1.09938	0	0
4678	3	metal4	1073.42	49.715	1.09939	0	0
4679	0	metal5	1073.42	49.715	1.09939	0	0
4680	3	metal4	1073.42	39.715	1.09939	0	0
4681	0	metal5	1073.42	39.715	1.09939	0	0
4682	3	metal4	1073.42	29.715	1.09939	0	0
4683	0	metal5	1073.42	29.715	1.09939	0	0
4684	3	metal4	1068.94	79.715	1.09938	0	0
4685	0	metal5	1068.94	79.715	1.09938	0	0
4686	3	metal4	1068.94	69.715	1.09938	0	0
4687	0	metal5	1068.94	69.715	1.09938	0	0
4688	3	metal4	1068.94	59.715	1.09938	0	0
4689	0	metal5	1068.94	59.715	1.09938	0	0
4690	3	metal4	1068.94	49.715	1.09939	0	0
4691	0	metal5	1068.94	49.715	1.09939	0	0
4692	3	metal4	1068.94	39.715	1.09939	0	0
4693	0	metal5	1068.94	39.715	1.09939	0	0
4694	3	metal4	1068.94	29.715	1.09939	0	0
4695	0	metal5	1068.94	29.715	1.09939	0	0
4696	3	metal4	1064.46	79.715	1.09938	0	0
4697	0	metal5	1064.46	79.715	1.09938	0	0
4698	3	metal4	1064.46	69.715	1.09938	0	0
4699	0	metal5	1064.46	69.715	1.09938	0	0
4700	3	metal4	1064.46	59.715	1.09938	0	0
4701	0	metal5	1064.46	59.715	1.09938	0	0
4702	3	metal4	1064.46	49.715	1.09939	0	0
4703	0	metal5	1064.46	49.715	1.09939	0	0
4704	3	metal4	1064.46	39.715	1.09939	0	0
4705	0	metal5	1064.46	39.715	1.09939	0	0
4706	3	metal4	1064.46	29.715	1.09939	0	0
4707	0	metal5	1064.46	29.715	1.09939	0	0
4708	3	metal4	1059.98	79.715	1.09938	0	0
4709	0	metal5	1059.98	79.715	1.09938	0	0
4710	3	metal4	1059.98	69.715	1.09938	0	0
4711	0	metal5	1059.98	69.715	1.09938	0	0
4712	3	metal4	1059.98	59.715	1.09938	0	0
4713	0	metal5	1059.98	59.715	1.09938	0	0
4714	3	metal4	1059.98	49.715	1.09939	0	0
4715	0	metal5	1059.98	49.715	1.09939	0	0
4716	3	metal4	1059.98	39.715	1.09939	0	0
4717	0	metal5	1059.98	39.715	1.09939	0	0
4718	3	metal4	1059.98	29.715	1.09939	0	0
4719	0	metal5	1059.98	29.715	1.09939	0	0
4720	3	metal4	1055.5	79.715	1.09938	0	0
4721	0	metal5	1055.5	79.715	1.09938	0	0
4722	3	metal4	1055.5	69.715	1.09938	0	0
4723	0	metal5	1055.5	69.715	1.09938	0	0
4724	3	metal4	1055.5	59.715	1.09938	0	0
4725	0	metal5	1055.5	59.715	1.09938	0	0
4726	3	metal4	1055.5	49.715	1.09939	0	0
4727	0	metal5	1055.5	49.715	1.09939	0	0
4728	3	metal4	1055.5	39.715	1.09939	0	0
4729	0	metal5	1055.5	39.715	1.09939	0	0
4730	3	metal4	1055.5	29.715	1.09939	0	0
4731	0	metal5	1055.5	29.715	1.09939	0	0
4732	3	metal4	1051.02	79.715	1.09938	0	0
4733	0	metal5	1051.02	79.715	1.09938	0	0
4734	3	metal4	1051.02	69.715	1.09938	0	0
4735	0	metal5	1051.02	69.715	1.09938	0	0
4736	3	metal4	1051.02	59.715	1.09937	0	0
4737	0	metal5	1051.02	59.715	1.09937	0	0
4738	3	metal4	1051.02	49.715	1.09939	0	0
4739	0	metal5	1051.02	49.715	1.09939	0	0
4740	3	metal4	1051.02	39.715	1.09939	0	0
4741	0	metal5	1051.02	39.715	1.09939	0	0
4742	3	metal4	1051.02	29.715	1.09939	0	0
4743	0	metal5	1051.02	29.715	1.09939	0	0
4744	3	metal4	1046.54	79.715	1.09938	0	0
4745	0	metal5	1046.54	79.715	1.09938	0	0
4746	3	metal4	1046.54	69.715	1.09938	0	0
4747	0	metal5	1046.54	69.715	1.09938	0	0
4748	3	metal4	1046.54	59.715	1.09937	0	0
4749	0	metal5	1046.54	59.715	1.09937	0	0
4750	3	metal4	1046.54	49.715	1.09938	0	0
4751	0	metal5	1046.54	49.715	1.09938	0	0
4752	3	metal4	1046.54	39.715	1.09939	0	0
4753	0	metal5	1046.54	39.715	1.09939	0	0
4754	3	metal4	1046.54	29.715	1.09939	0	0
4755	0	metal5	1046.54	29.715	1.09939	0	0
4756	3	metal4	1042.06	79.715	1.09938	0	0
4757	0	metal5	1042.06	79.715	1.09938	0	0
4758	3	metal4	1042.06	69.715	1.09938	0	0
4759	0	metal5	1042.06	69.715	1.09938	0	0
4760	3	metal4	1042.06	59.715	1.09936	0	0
4761	0	metal5	1042.06	59.715	1.09936	0	0.00141818
4762	3	metal4	1042.06	49.715	1.09938	0	0
4763	0	metal5	1042.06	49.715	1.09938	0	0
4764	3	metal4	1042.06	39.715	1.09939	0	0
4765	0	metal5	1042.06	39.715	1.09939	0	0
4766	3	metal4	1042.06	29.715	1.09939	0	0
4767	0	metal5	1042.06	29.715	1.09939	0	0
4768	3	metal4	1037.58	79.715	1.09938	0	0
4769	0	metal5	1037.58	79.715	1.09938	0	0
4770	3	metal4	1037.58	69.715	1.09938	0	0
4771	0	metal5	1037.58	69.715	1.09938	0	0
4772	3	metal4	1037.58	59.715	1.09937	0	0
4773	0	metal5	1037.58	59.715	1.09937	0	0
4774	3	metal4	1037.58	49.715	1.09938	0	0
4775	0	metal5	1037.58	49.715	1.09938	0	0
4776	3	metal4	1037.58	39.715	1.09939	0	0
4777	0	metal5	1037.58	39.715	1.09939	0	0
4778	3	metal4	1037.58	29.715	1.09939	0	0
4779	0	metal5	1037.58	29.715	1.09939	0	0
4780	3	metal4	1033.1	79.715	1.09938	0	0
4781	0	metal5	1033.1	79.715	1.09938	0	0
4782	3	metal4	1033.1	69.715	1.09938	0	0
4783	0	metal5	1033.1	69.715	1.09938	0	0
4784	3	metal4	1033.1	59.715	1.09937	0	0
4785	0	metal5	1033.1	59.715	1.09937	0	0
4786	3	metal4	1033.1	49.715	1.09938	0	0
4787	0	metal5	1033.1	49.715	1.09938	0	0
4788	3	metal4	1033.1	39.715	1.09939	0	0
4789	0	metal5	1033.1	39.715	1.09939	0	0
4790	3	metal4	1033.1	29.715	1.09939	0	0
4791	0	metal5	1033.1	29.715	1.09939	0	0
4792	3	metal4	1028.62	79.715	1.09938	0	0
4793	0	metal5	1028.62	79.715	1.09938	0	0
4794	3	metal4	1028.62	69.715	1.09938	0	0
4795	0	metal5	1028.62	69.715	1.09938	0	0
4796	3	metal4	1028.62	59.715	1.09937	0	0
4797	0	metal5	1028.62	59.715	1.09937	0	0
4798	3	metal4	1028.62	49.715	1.09938	0	0
4799	0	metal5	1028.62	49.715	1.09938	0	0
4800	3	metal4	1028.62	39.715	1.09939	0	0
4801	0	metal5	1028.62	39.715	1.09939	0	0
4802	3	metal4	1028.62	29.715	1.09939	0	0
4803	0	metal5	1028.62	29.715	1.09939	0	0
4804	3	metal4	1024.14	79.715	1.09938	0	0
4805	0	metal5	1024.14	79.715	1.09938	0	0
4806	3	metal4	1024.14	69.715	1.09938	0	0
4807	0	metal5	1024.14	69.715	1.09938	0	0
4808	3	metal4	1024.14	59.715	1.09938	0	0
4809	0	metal5	1024.14	59.715	1.09938	0	0
4810	3	metal4	1024.14	49.715	1.09938	0	0
4811	0	metal5	1024.14	49.715	1.09938	0	0
4812	3	metal4	1024.14	39.715	1.09939	0	0
4813	0	metal5	1024.14	39.715	1.09939	0	0
4814	3	metal4	1024.14	29.715	1.09939	0	0
4815	0	metal5	1024.14	29.715	1.09939	0	0
4816	3	metal4	1019.66	79.715	1.09938	0	0
4817	0	metal5	1019.66	79.715	1.09938	0	0
4818	3	metal4	1019.66	69.715	1.09938	0	0
4819	0	metal5	1019.66	69.715	1.09938	0	0
4820	3	metal4	1019.66	59.715	1.09938	0	0
4821	0	metal5	1019.66	59.715	1.09938	0	0
4822	3	metal4	1019.66	49.715	1.09938	0	0
4823	0	metal5	1019.66	49.715	1.09938	0	0
4824	3	metal4	1019.66	39.715	1.09939	0	0
4825	0	metal5	1019.66	39.715	1.09939	0	0
4826	3	metal4	1019.66	29.715	1.09939	0	0
4827	0	metal5	1019.66	29.715	1.09939	0	0
4828	3	metal4	1015.18	79.715	1.09938	0	0
4829	0	metal5	1015.18	79.715	1.09938	0	0
4830	3	metal4	1015.18	69.715	1.09938	0	0
4831	0	metal5	1015.18	69.715	1.09938	0	0
4832	3	metal4	1015.18	59.715	1.09938	0	0
4833	0	metal5	1015.18	59.715	1.09938	0	0
4834	3	metal4	1015.18	49.715	1.09938	0	0
4835	0	metal5	1015.18	49.715	1.09938	0	0
4836	3	metal4	1015.18	39.715	1.09939	0	0
4837	0	metal5	1015.18	39.715	1.09939	0	0
4838	3	metal4	1015.18	29.715	1.09939	0	0
4839	0	metal5	1015.18	29.715	1.09939	0	0
4840	3	metal4	1010.7	79.715	1.09938	0	0
4841	0	metal5	1010.7	79.715	1.09938	0	0
4842	3	metal4	1010.7	69.715	1.09938	0	0
4843	0	metal5	1010.7	69.715	1.09938	0	0
4844	3	metal4	1010.7	59.715	1.09938	0	0
4845	0	metal5	1010.7	59.715	1.09938	0	0
4846	3	metal4	1010.7	49.715	1.09938	0	0
4847	0	metal5	1010.7	49.715	1.09938	0	0
4848	3	metal4	1010.7	39.715	1.09939	0	0
4849	0	metal5	1010.7	39.715	1.09939	0	0
4850	3	metal4	1010.7	29.715	1.09939	0	0
4851	0	metal5	1010.7	29.715	1.09939	0	0
4852	3	metal4	1006.22	79.715	1.09938	0	0
4853	0	metal5	1006.22	79.715	1.09938	0	0
4854	3	metal4	1006.22	69.715	1.09938	0	0
4855	0	metal5	1006.22	69.715	1.09938	0	0
4856	3	metal4	1006.22	59.715	1.09938	0	0
4857	0	metal5	1006.22	59.715	1.09938	0	0
4858	3	metal4	1006.22	49.715	1.09938	0	0
4859	0	metal5	1006.22	49.715	1.09938	0	0
4860	3	metal4	1006.22	39.715	1.09939	0	0
4861	0	metal5	1006.22	39.715	1.09939	0	0
4862	3	metal4	1006.22	29.715	1.09939	0	0
4863	0	metal5	1006.22	29.715	1.09939	0	0
4864	1	metal6	1078.18	959.6	1.09926	0	0
4865	2	metal7	1078.18	959.6	1.09927	0	0
4866	1	metal6	1078.18	929.6	1.09926	0	0
4867	2	metal7	1078.18	929.6	1.09926	0	0
4868	1	metal6	1068.18	959.6	1.09926	0	0
4869	2	metal7	1068.18	959.6	1.09927	0	0
4870	1	metal6	1068.18	929.6	1.09926	0	0
4871	2	metal7	1068.18	929.6	1.09926	0	0
4872	1	metal6	1058.18	959.6	1.09926	0	0
4873	2	metal7	1058.18	959.6	1.09927	0	0
4874	1	metal6	1058.18	929.6	1.09926	0	0
4875	2	metal7	1058.18	929.6	1.09926	0	0
4876	1	metal6	1048.18	959.6	1.09926	0	0
4877	2	metal7	1048.18	959.6	1.09927	0	0
4878	1	metal6	1048.18	929.6	1.09926	0	0
4879	2	metal7	1048.18	929.6	1.09926	0	0
4880	1	metal6	1038.18	959.6	1.09926	0	0
4881	2	metal7	1038.18	959.6	1.09927	0	0
4882	1	metal6	1038.18	929.6	1.09926	0	0
4883	2	metal7	1038.18	929.6	1.09926	0	0
4884	1	metal6	1028.18	959.6	1.09926	0	0
4885	2	metal7	1028.18	959.6	1.09927	0	0
4886	1	metal6	1028.18	929.6	1.09926	0	0
4887	2	metal7	1028.18	929.6	1.09926	0	0
4888	1	metal6	1018.18	959.6	1.09927	0	0
4889	2	metal7	1018.18	959.6	1.09927	0	0
4890	1	metal6	1018.18	929.6	1.09926	0	0
4891	2	metal7	1018.18	929.6	1.09927	0	0
4892	1	metal6	1008.18	959.6	1.09927	0	0
4893	2	metal7	1008.18	959.6	1.09928	0	0
4894	1	metal6	1008.18	929.6	1.09926	0	0
4895	2	metal7	1008.18	929.6	1.09927	0	0
4896	0	metal5	1078.18	976.485	1.09926	0	0
4897	1	metal6	1078.18	976.485	1.09926	0	0
4898	0	metal5	1078.18	966.485	1.09926	0	0
4899	1	metal6	1078.18	966.485	1.09926	0	0
4900	0	metal5	1078.18	956.485	1.09926	0	0
4901	1	metal6	1078.18	956.485	1.09926	0	0
4902	0	metal5	1078.18	946.485	1.09926	0	0
4903	1	metal6	1078.18	946.485	1.09926	0	0
4904	0	metal5	1078.18	936.485	1.09926	0	0
4905	1	metal6	1078.18	936.485	1.09926	0	0
4906	0	metal5	1078.18	926.485	1.09925	0	0
4907	1	metal6	1078.18	926.485	1.09926	0	0
4908	0	metal5	1068.18	976.485	1.09926	0	0
4909	1	metal6	1068.18	976.485	1.09926	0	0
4910	0	metal5	1068.18	966.485	1.09926	0	0
4911	1	metal6	1068.18	966.485	1.09926	0	0
4912	0	metal5	1068.18	956.485	1.09926	0	0
4913	1	metal6	1068.18	956.485	1.09926	0	0
4914	0	metal5	1068.18	946.485	1.09926	0	0
4915	1	metal6	1068.18	946.485	1.09926	0	0
4916	0	metal5	1068.18	936.485	1.09926	0	0
4917	1	metal6	1068.18	936.485	1.09926	0	0
4918	0	metal5	1068.18	926.485	1.09925	0	0
4919	1	metal6	1068.18	926.485	1.09926	0	0
4920	0	metal5	1058.18	976.485	1.09926	0	0
4921	1	metal6	1058.18	976.485	1.09926	0	0
4922	0	metal5	1058.18	966.485	1.09926	0	0
4923	1	metal6	1058.18	966.485	1.09926	0	0
4924	0	metal5	1058.18	956.485	1.09926	0	0
4925	1	metal6	1058.18	956.485	1.09926	0	0
4926	0	metal5	1058.18	946.485	1.09926	0	0
4927	1	metal6	1058.18	946.485	1.09926	0	0
4928	0	metal5	1058.18	936.485	1.09926	0	0
4929	1	metal6	1058.18	936.485	1.09926	0	0
4930	0	metal5	1058.18	926.485	1.09925	0	0
4931	1	metal6	1058.18	926.485	1.09926	0	0
4932	0	metal5	1048.18	976.485	1.09926	0	0
4933	1	metal6	1048.18	976.485	1.09926	0	0
4934	0	metal5	1048.18	966.485	1.09926	0	0
4935	1	metal6	1048.18	966.485	1.09926	0	0
4936	0	metal5	1048.18	956.485	1.09925	0	0
4937	1	metal6	1048.18	956.485	1.09926	0	0
4938	0	metal5	1048.18	946.485	1.09926	0	0
4939	1	metal6	1048.18	946.485	1.09926	0	0
4940	0	metal5	1048.18	936.485	1.09926	0	0
4941	1	metal6	1048.18	936.485	1.09926	0	0
4942	0	metal5	1048.18	926.485	1.09925	0	0
4943	1	metal6	1048.18	926.485	1.09926	0	0
4944	0	metal5	1038.18	976.485	1.09926	0	0
4945	1	metal6	1038.18	976.485	1.09926	0	0
4946	0	metal5	1038.18	966.485	1.09926	0	0
4947	1	metal6	1038.18	966.485	1.09926	0	0
4948	0	metal5	1038.18	956.485	1.09925	0	0
4949	1	metal6	1038.18	956.485	1.09926	0	0
4950	0	metal5	1038.18	946.485	1.09926	0	0
4951	1	metal6	1038.18	946.485	1.09926	0	0
4952	0	metal5	1038.18	936.485	1.09926	0	0
4953	1	metal6	1038.18	936.485	1.09926	0	0
4954	0	metal5	1038.18	926.485	1.09925	0	0
4955	1	metal6	1038.18	926.485	1.09926	0	0
4956	0	metal5	1028.18	976.485	1.09926	0	0
4957	1	metal6	1028.18	976.485	1.09926	0	0
4958	0	metal5	1028.18	966.485	1.09926	0	0
4959	1	metal6	1028.18	966.485	1.09926	0	0
4960	0	metal5	1028.18	956.485	1.09926	0	0
4961	1	metal6	1028.18	956.485	1.09926	0	0
4962	0	metal5	1028.18	946.485	1.09926	0	0
4963	1	metal6	1028.18	946.485	1.09926	0	0
4964	0	metal5	1028.18	936.485	1.09926	0	0
4965	1	metal6	1028.18	936.485	1.09926	0	0
4966	0	metal5	1028.18	926.485	1.09925	0	0
4967	1	metal6	1028.18	926.485	1.09926	0	0
4968	0	metal5	1018.18	976.485	1.09926	0	0
4969	1	metal6	1018.18	976.485	1.09926	0	0
4970	0	metal5	1018.18	966.485	1.09926	0	0
4971	1	metal6	1018.18	966.485	1.09926	0	0
4972	0	metal5	1018.18	956.485	1.09926	0	0
4973	1	metal6	1018.18	956.485	1.09926	0	0
4974	0	metal5	1018.18	946.485	1.09926	0	0
4975	1	metal6	1018.18	946.485	1.09926	0	0
4976	0	metal5	1018.18	936.485	1.09926	0	0
4977	1	metal6	1018.18	936.485	1.09926	0	0
4978	0	metal5	1018.18	926.485	1.09924	0	0
4979	1	metal6	1018.18	926.485	1.09925	0	0
4980	0	metal5	1008.18	976.485	1.09926	0	0
4981	1	metal6	1008.18	976.485	1.09927	0	0
4982	0	metal5	1008.18	966.485	1.09927	0	0
4983	1	metal6	1008.18	966.485	1.09927	0	0
4984	0	metal5	1008.18	956.485	1.09926	0	0
4985	1	metal6	1008.18	956.485	1.09927	0	0
4986	0	metal5	1008.18	946.485	1.09926	0	0
4987	1	metal6	1008.18	946.485	1.09926	0	0
4988	0	metal5	1008.18	936.485	1.09926	0	0
4989	1	metal6	1008.18	936.485	1.09926	0	0
4990	0	metal5	1008.18	926.485	1.09925	0	0
4991	1	metal6	1008.18	926.485	1.09926	0	0
4992	3	metal4	1073.42	976.485	1.09926	0	0
4993	0	metal5	1073.42	976.485	1.09926	0	0
4994	3	metal4	1073.42	966.485	1.09926	0	0
4995	0	metal5	1073.42	966.485	1.09926	0	0
4996	3	metal4	1073.42	956.485	1.09926	0	0
4997	0	metal5	1073.42	956.485	1.09926	0	0
4998	3	metal4	1073.42	946.485	1.09926	0	0
4999	0	metal5	1073.42	946.485	1.09926	0	0
5000	3	metal4	1073.42	936.485	1.09926	0	0
5001	0	metal5	1073.42	936.485	1.09926	0	0
5002	3	metal4	1073.42	926.485	1.09923	0	0.000507884
5003	0	metal5	1073.42	926.485	1.09925	0	0
5004	3	metal4	1068.94	976.485	1.09926	0	0
5005	0	metal5	1068.94	976.485	1.09926	0	0
5006	3	metal4	1068.94	966.485	1.09926	0	0
5007	0	metal5	1068.94	966.485	1.09926	0	0
5008	3	metal4	1068.94	956.485	1.09926	0	0
5009	0	metal5	1068.94	956.485	1.09926	0	0
5010	3	metal4	1068.94	946.485	1.09926	0	0
5011	0	metal5	1068.94	946.485	1.09926	0	0
5012	3	metal4	1068.94	936.485	1.09926	0	0
5013	0	metal5	1068.94	936.485	1.09926	0	0
5014	3	metal4	1068.94	926.485	1.09925	0	0
5015	0	metal5	1068.94	926.485	1.09925	0	0
5016	3	metal4	1064.46	976.485	1.09926	0	0
5017	0	metal5	1064.46	976.485	1.09926	0	0
5018	3	metal4	1064.46	966.485	1.09926	0	0
5019	0	metal5	1064.46	966.485	1.09926	0	0
5020	3	metal4	1064.46	956.485	1.09926	0	0
5021	0	metal5	1064.46	956.485	1.09926	0	0
5022	3	metal4	1064.46	946.485	1.09926	0	0
5023	0	metal5	1064.46	946.485	1.09926	0	0
5024	3	metal4	1064.46	936.485	1.09926	0	0
5025	0	metal5	1064.46	936.485	1.09926	0	0
5026	3	metal4	1064.46	926.485	1.09925	0	0
5027	0	metal5	1064.46	926.485	1.09925	0	0
5028	3	metal4	1059.98	976.485	1.09926	0	0
5029	0	metal5	1059.98	976.485	1.09926	0	0
5030	3	metal4	1059.98	966.485	1.09926	0	0
5031	0	metal5	1059.98	966.485	1.09926	0	0
5032	3	metal4	1059.98	956.485	1.09926	0	0
5033	0	metal5	1059.98	956.485	1.09926	0	0
5034	3	metal4	1059.98	946.485	1.09926	0	0
5035	0	metal5	1059.98	946.485	1.09926	0	0
5036	3	metal4	1059.98	936.485	1.09926	0	0
5037	0	metal5	1059.98	936.485	1.09926	0	0
5038	3	metal4	1059.98	926.485	1.09925	0	0
5039	0	metal5	1059.98	926.485	1.09925	0	0
5040	3	metal4	1055.5	976.485	1.09926	0	0
5041	0	metal5	1055.5	976.485	1.09926	0	0
5042	3	metal4	1055.5	966.485	1.09926	0	0
5043	0	metal5	1055.5	966.485	1.09926	0	0
5044	3	metal4	1055.5	956.485	1.09925	0	0
5045	0	metal5	1055.5	956.485	1.09925	0	0
5046	3	metal4	1055.5	946.485	1.09926	0	0
5047	0	metal5	1055.5	946.485	1.09926	0	0
5048	3	metal4	1055.5	936.485	1.09926	0	0
5049	0	metal5	1055.5	936.485	1.09926	0	0
5050	3	metal4	1055.5	926.485	1.09925	0	0
5051	0	metal5	1055.5	926.485	1.09925	0	0
5052	3	metal4	1051.02	976.485	1.09926	0	0
5053	0	metal5	1051.02	976.485	1.09926	0	0
5054	3	metal4	1051.02	966.485	1.09926	0	0
5055	0	metal5	1051.02	966.485	1.09926	0	0
5056	3	metal4	1051.02	956.485	1.09925	0	0
5057	0	metal5	1051.02	956.485	1.09925	0	0
5058	3	metal4	1051.02	946.485	1.09926	0	0
5059	0	metal5	1051.02	946.485	1.09926	0	0
5060	3	metal4	1051.02	936.485	1.09926	0	0
5061	0	metal5	1051.02	936.485	1.09926	0	0
5062	3	metal4	1051.02	926.485	1.09925	0	0
5063	0	metal5	1051.02	926.485	1.09925	0	0
5064	3	metal4	1046.54	976.485	1.09926	0	0
5065	0	metal5	1046.54	976.485	1.09926	0	0
5066	3	metal4	1046.54	966.485	1.09926	0	0
5067	0	metal5	1046.54	966.485	1.09926	0	0
5068	3	metal4	1046.54	956.485	1.09925	0	0
5069	0	metal5	1046.54	956.485	1.09925	0	0
5070	3	metal4	1046.54	946.485	1.09926	0	0
5071	0	metal5	1046.54	946.485	1.09926	0	0
5072	3	metal4	1046.54	936.485	1.09926	0	0
5073	0	metal5	1046.54	936.485	1.09926	0	0
5074	3	metal4	1046.54	926.485	1.09925	0	0
5075	0	metal5	1046.54	926.485	1.09925	0	0
5076	3	metal4	1042.06	976.485	1.09926	0	0
5077	0	metal5	1042.06	976.485	1.09926	0	0
5078	3	metal4	1042.06	966.485	1.09926	0	0
5079	0	metal5	1042.06	966.485	1.09926	0	0
5080	3	metal4	1042.06	956.485	1.09924	0	0
5081	0	metal5	1042.06	956.485	1.09924	0	0.00141818
5082	3	metal4	1042.06	946.485	1.09926	0	0
5083	0	metal5	1042.06	946.485	1.09926	0	0
5084	3	metal4	1042.06	936.485	1.09926	0	0
5085	0	metal5	1042.06	936.485	1.09926	0	0
5086	3	metal4	1042.06	926.485	1.09925	0	0
5087	0	metal5	1042.06	926.485	1.09925	0	0
5088	3	metal4	1037.58	976.485	1.09926	0	0
5089	0	metal5	1037.58	976.485	1.09926	0	0
5090	3	metal4	1037.58	966.485	1.09926	0	0
5091	0	metal5	1037.58	966.485	1.09926	0	0
5092	3	metal4	1037.58	956.485	1.09925	0	0
5093	0	metal5	1037.58	956.485	1.09925	0	0
5094	3	metal4	1037.58	946.485	1.09926	0	0
5095	0	metal5	1037.58	946.485	1.09926	0	0
5096	3	metal4	1037.58	936.485	1.09926	0	0
5097	0	metal5	1037.58	936.485	1.09926	0	0
5098	3	metal4	1037.58	926.485	1.09925	0	0
5099	0	metal5	1037.58	926.485	1.09925	0	0
5100	3	metal4	1033.1	976.485	1.09926	0	0
5101	0	metal5	1033.1	976.485	1.09926	0	0
5102	3	metal4	1033.1	966.485	1.09926	0	0
5103	0	metal5	1033.1	966.485	1.09926	0	0
5104	3	metal4	1033.1	956.485	1.09925	0	0
5105	0	metal5	1033.1	956.485	1.09925	0	0
5106	3	metal4	1033.1	946.485	1.09926	0	0
5107	0	metal5	1033.1	946.485	1.09926	0	0
5108	3	metal4	1033.1	936.485	1.09926	0	0
5109	0	metal5	1033.1	936.485	1.09926	0	0
5110	3	metal4	1033.1	926.485	1.09925	0	0
5111	0	metal5	1033.1	926.485	1.09925	0	0
5112	3	metal4	1028.62	976.485	1.09926	0	0
5113	0	metal5	1028.62	976.485	1.09926	0	0
5114	3	metal4	1028.62	966.485	1.09926	0	0
5115	0	metal5	1028.62	966.485	1.09926	0	0
5116	3	metal4	1028.62	956.485	1.09926	0	0
5117	0	metal5	1028.62	956.485	1.09926	0	0
5118	3	metal4	1028.62	946.485	1.09926	0	0
5119	0	metal5	1028.62	946.485	1.09926	0	0
5120	3	metal4	1028.62	936.485	1.09926	0	0
5121	0	metal5	1028.62	936.485	1.09926	0	0
5122	3	metal4	1028.62	926.485	1.09925	0	0
5123	0	metal5	1028.62	926.485	1.09925	0	0
5124	3	metal4	1024.14	976.485	1.09926	0	0
5125	0	metal5	1024.14	976.485	1.09926	0	0
5126	3	metal4	1024.14	966.485	1.09926	0	0
5127	0	metal5	1024.14	966.485	1.09926	0	0
5128	3	metal4	1024.14	956.485	1.09926	0	0
5129	0	metal5	1024.14	956.485	1.09926	0	0
5130	3	metal4	1024.14	946.485	1.09926	0	0
5131	0	metal5	1024.14	946.485	1.09926	0	0
5132	3	metal4	1024.14	936.485	1.09926	0	0
5133	0	metal5	1024.14	936.485	1.09926	0	0
5134	3	metal4	1024.14	926.485	1.09924	0	0
5135	0	metal5	1024.14	926.485	1.09924	0	0
5136	3	metal4	1019.66	976.485	1.09926	0	0
5137	0	metal5	1019.66	976.485	1.09926	0	0
5138	3	metal4	1019.66	966.485	1.09926	0	0
5139	0	metal5	1019.66	966.485	1.09926	0	0
5140	3	metal4	1019.66	956.485	1.09926	0	0
5141	0	metal5	1019.66	956.485	1.09926	0	0
5142	3	metal4	1019.66	946.485	1.09926	0	0
5143	0	metal5	1019.66	946.485	1.09926	0	0
5144	3	metal4	1019.66	936.485	1.09926	0	0
5145	0	metal5	1019.66	936.485	1.09926	0	0
5146	3	metal4	1019.66	926.485	1.09919	0	0.00156042
5147	0	metal5	1019.66	926.485	1.09924	0	0
5148	3	metal4	1015.18	976.485	1.09926	0	0
5149	0	metal5	1015.18	976.485	1.09926	0	0
5150	3	metal4	1015.18	966.485	1.09926	0	0
5151	0	metal5	1015.18	966.485	1.09926	0	0
5152	3	metal4	1015.18	956.485	1.09926	0	0
5153	0	metal5	1015.18	956.485	1.09926	0	0
5154	3	metal4	1015.18	946.485	1.09926	0	0
5155	0	metal5	1015.18	946.485	1.09926	0	0
5156	3	metal4	1015.18	936.485	1.09926	0	0
5157	0	metal5	1015.18	936.485	1.09926	0	0
5158	3	metal4	1015.18	926.485	1.09924	0	0
5159	0	metal5	1015.18	926.485	1.09924	0	0
5160	3	metal4	1010.7	976.485	1.09926	0	0
5161	0	metal5	1010.7	976.485	1.09926	0	0
5162	3	metal4	1010.7	966.485	1.09926	0	0
5163	0	metal5	1010.7	966.485	1.09926	0	0
5164	3	metal4	1010.7	956.485	1.09926	0	0
5165	0	metal5	1010.7	956.485	1.09926	0	0
5166	3	metal4	1010.7	946.485	1.09926	0	0
5167	0	metal5	1010.7	946.485	1.09926	0	0
5168	3	metal4	1010.7	936.485	1.09926	0	0
5169	0	metal5	1010.7	936.485	1.09926	0	0
5170	3	metal4	1010.7	926.485	1.09924	0	0
5171	0	metal5	1010.7	926.485	1.09924	0	0
5172	3	metal4	1006.22	976.485	1.09926	0	0
5173	0	metal5	1006.22	976.485	1.09926	0	0
5174	3	metal4	1006.22	966.485	1.09927	0	0
5175	0	metal5	1006.22	966.485	1.09927	0	0
5176	3	metal4	1006.22	956.485	1.09926	0	0
5177	0	metal5	1006.22	956.485	1.09926	0	0
5178	3	metal4	1006.22	946.485	1.09926	0	0
5179	0	metal5	1006.22	946.485	1.09926	0	0
5180	3	metal4	1006.22	936.485	1.09926	0	0
5181	0	metal5	1006.22	936.485	1.09926	0	0
5182	3	metal4	1006.22	926.485	1.09925	0	0
5183	0	metal5	1006.22	926.485	1.09925	0	0
5184	1	metal6	979.52	59.6	1.09936	0	0
5185	2	metal7	979.52	59.6	1.09937	0	0
5186	1	metal6	979.52	29.6	1.09937	0	0
5187	2	metal7	979.52	29.6	1.09938	0	0
5188	1	metal6	969.52	59.6	1.09936	0	0
5189	2	metal7	969.52	59.6	1.09937	0	0
5190	1	metal6	969.52	29.6	1.09937	0	0
5191	2	metal7	969.52	29.6	1.09938	0	0
5192	1	metal6	959.52	59.6	1.09936	0	0
5193	2	metal7	959.52	59.6	1.09936	0	0
5194	1	metal6	959.52	29.6	1.09937	0	0
5195	2	metal7	959.52	29.6	1.09938	0	0
5196	1	metal6	949.52	59.6	1.09935	0	0
5197	2	metal7	949.52	59.6	1.09936	0	0
5198	1	metal6	949.52	29.6	1.09936	0	0
5199	2	metal7	949.52	29.6	1.09937	0	0
5200	1	metal6	939.52	59.6	1.09935	0	0
5201	2	metal7	939.52	59.6	1.09936	0	0
5202	1	metal6	939.52	29.6	1.09936	0	0
5203	2	metal7	939.52	29.6	1.09937	0	0
5204	1	metal6	929.52	59.6	1.09935	0	0
5205	2	metal7	929.52	59.6	1.09936	0	0
5206	1	metal6	929.52	29.6	1.09936	0	0
5207	2	metal7	929.52	29.6	1.09937	0	0
5208	1	metal6	919.52	59.6	1.09934	0	0
5209	2	metal7	919.52	59.6	1.09936	0	0
5210	1	metal6	919.52	29.6	1.09935	0	0
5211	2	metal7	919.52	29.6	1.09937	0	0
5212	1	metal6	909.52	59.6	1.09934	0	0
5213	2	metal7	909.52	59.6	1.09936	0	0
5214	1	metal6	909.52	29.6	1.09934	0	0
5215	2	metal7	909.52	29.6	1.09937	0	0
5216	0	metal5	979.52	79.715	1.09935	0	0
5217	1	metal6	979.52	79.715	1.09936	0	0
5218	0	metal5	979.52	69.715	1.09936	0	0
5219	1	metal6	979.52	69.715	1.09936	0	0
5220	0	metal5	979.52	59.715	1.09936	0	0
5221	1	metal6	979.52	59.715	1.09936	0	0
5222	0	metal5	979.52	49.715	1.09936	0	0
5223	1	metal6	979.52	49.715	1.09936	0	0
5224	0	metal5	979.52	39.715	1.09936	0	0
5225	1	metal6	979.52	39.715	1.09937	0	0
5226	0	metal5	979.52	29.715	1.09937	0	0
5227	1	metal6	979.52	29.715	1.09937	0	0
5228	0	metal5	969.52	79.715	1.09935	0	0
5229	1	metal6	969.52	79.715	1.09936	0	0
5230	0	metal5	969.52	69.715	1.09935	0	0
5231	1	metal6	969.52	69.715	1.09936	0	0
5232	0	metal5	969.52	59.715	1.09935	0	0
5233	1	metal6	969.52	59.715	1.09936	0	0
5234	0	metal5	969.52	49.715	1.09936	0	0
5235	1	metal6	969.52	49.715	1.09936	0	0
5236	0	metal5	969.52	39.715	1.09936	0	0
5237	1	metal6	969.52	39.715	1.09937	0	0
5238	0	metal5	969.52	29.715	1.09937	0	0
5239	1	metal6	969.52	29.715	1.09937	0	0
5240	0	metal5	959.52	79.715	1.09935	0	0
5241	1	metal6	959.52	79.715	1.09935	0	0
5242	0	metal5	959.52	69.715	1.09935	0	0
5243	1	metal6	959.52	69.715	1.09935	0	0
5244	0	metal5	959.52	59.715	1.09935	0	0
5245	1	metal6	959.52	59.715	1.09936	0	0
5246	0	metal5	959.52	49.715	1.09936	0	0
5247	1	metal6	959.52	49.715	1.09936	0	0
5248	0	metal5	959.52	39.715	1.09936	0	0
5249	1	metal6	959.52	39.715	1.09936	0	0
5250	0	metal5	959.52	29.715	1.09936	0	0
5251	1	metal6	959.52	29.715	1.09937	0	0
5252	0	metal5	949.52	79.715	1.09935	0	0
5253	1	metal6	949.52	79.715	1.09935	0	0
5254	0	metal5	949.52	69.715	1.09935	0	0
5255	1	metal6	949.52	69.715	1.09935	0	0
5256	0	metal5	949.52	59.715	1.09934	0	0
5257	1	metal6	949.52	59.715	1.09935	0	0
5258	0	metal5	949.52	49.715	1.09936	0	0
5259	1	metal6	949.52	49.715	1.09936	0	0
5260	0	metal5	949.52	39.715	1.09936	0	0
5261	1	metal6	949.52	39.715	1.09936	0	0
5262	0	metal5	949.52	29.715	1.09936	0	0
5263	1	metal6	949.52	29.715	1.09936	0	0
5264	0	metal5	939.52	79.715	1.09934	0	0
5265	1	metal6	939.52	79.715	1.09934	0	0
5266	0	metal5	939.52	69.715	1.09934	0	0
5267	1	metal6	939.52	69.715	1.09934	0	0
5268	0	metal5	939.52	59.715	1.09934	0	0
5269	1	metal6	939.52	59.715	1.09935	0	0
5270	0	metal5	939.52	49.715	1.09935	0	0
5271	1	metal6	939.52	49.715	1.09935	0	0
5272	0	metal5	939.52	39.715	1.09936	0	0
5273	1	metal6	939.52	39.715	1.09936	0	0
5274	0	metal5	939.52	29.715	1.09935	0	0
5275	1	metal6	939.52	29.715	1.09936	0	0
5276	0	metal5	929.52	79.715	1.09934	0	0
5277	1	metal6	929.52	79.715	1.09934	0	0
5278	0	metal5	929.52	69.715	1.09933	0	0
5279	1	metal6	929.52	69.715	1.09934	0	0
5280	0	metal5	929.52	59.715	1.09934	0	0
5281	1	metal6	929.52	59.715	1.09935	0	0
5282	0	metal5	929.52	49.715	1.09935	0	0
5283	1	metal6	929.52	49.715	1.09935	0	0
5284	0	metal5	929.52	39.715	1.09935	0	0
5285	1	metal6	929.52	39.715	1.09935	0	0
5286	0	metal5	929.52	29.715	1.09935	0	0
5287	1	metal6	929.52	29.715	1.09936	0	0
5288	0	metal5	919.52	79.715	1.09933	0	0
5289	1	metal6	919.52	79.715	1.09933	0	0
5290	0	metal5	919.52	69.715	1.09931	0	0
5291	1	metal6	919.52	69.715	1.09933	0	0
5292	0	metal5	919.52	59.715	1.09934	0	0
5293	1	metal6	919.52	59.715	1.09934	0	0
5294	0	metal5	919.52	49.715	1.09935	0	0
5295	1	metal6	919.52	49.715	1.09935	0	0
5296	0	metal5	919.52	39.715	1.09935	0	0
5297	1	metal6	919.52	39.715	1.09935	0	0
5298	0	metal5	919.52	29.715	1.09933	0	0
5299	1	metal6	919.52	29.715	1.09935	0	0
5300	0	metal5	909.52	79.715	1.09933	0	0
5301	1	metal6	909.52	79.715	1.09932	0	0
5302	0	metal5	909.52	69.715	1.09928	0	0
5303	1	metal6	909.52	69.715	1.09932	0	0
5304	0	metal5	909.52	59.715	1.09934	0	0
5305	1	metal6	909.52	59.715	1.09934	0	0
5306	0	metal5	909.52	49.715	1.09934	0	0
5307	1	metal6	909.52	49.715	1.09934	0	0
5308	0	metal5	909.52	39.715	1.09935	0	0
5309	1	metal6	909.52	39.715	1.09934	0	0
5310	0	metal5	909.52	29.715	1.09931	0	0
5311	1	metal6	909.52	29.715	1.09934	0	0
5312	3	metal4	974.76	79.715	1.09935	0	0
5313	0	metal5	974.76	79.715	1.09935	0	0
5314	3	metal4	974.76	69.715	1.09935	0	0
5315	0	metal5	974.76	69.715	1.09935	0	0
5316	3	metal4	974.76	59.715	1.09936	0	0
5317	0	metal5	974.76	59.715	1.09936	0	0
5318	3	metal4	974.76	49.715	1.09936	0	0
5319	0	metal5	974.76	49.715	1.09936	0	0
5320	3	metal4	974.76	39.715	1.09936	0	0
5321	0	metal5	974.76	39.715	1.09936	0	0
5322	3	metal4	974.76	29.715	1.09937	0	0
5323	0	metal5	974.76	29.715	1.09937	0	0
5324	3	metal4	970.28	79.715	1.09935	0	0
5325	0	metal5	970.28	79.715	1.09935	0	0
5326	3	metal4	970.28	69.715	1.09935	0	0
5327	0	metal5	970.28	69.715	1.09935	0	0
5328	3	metal4	970.28	59.715	1.09936	0	0
5329	0	metal5	970.28	59.715	1.09936	0	0
5330	3	metal4	970.28	49.715	1.09936	0	0
5331	0	metal5	970.28	49.715	1.09936	0	0
5332	3	metal4	970.28	39.715	1.09936	0	0
5333	0	metal5	970.28	39.715	1.09936	0	0
5334	3	metal4	970.28	29.715	1.09937	0	0
5335	0	metal5	970.28	29.715	1.09937	0	0
5336	3	metal4	965.8	79.715	1.09935	0	0
5337	0	metal5	965.8	79.715	1.09935	0	0
5338	3	metal4	965.8	69.715	1.09935	0	0
5339	0	metal5	965.8	69.715	1.09935	0	0
5340	3	metal4	965.8	59.715	1.09935	0	0
5341	0	metal5	965.8	59.715	1.09935	0	0
5342	3	metal4	965.8	49.715	1.09936	0	0
5343	0	metal5	965.8	49.715	1.09936	0	0
5344	3	metal4	965.8	39.715	1.09936	0	0
5345	0	metal5	965.8	39.715	1.09936	0	0
5346	3	metal4	965.8	29.715	1.09937	0	0
5347	0	metal5	965.8	29.715	1.09937	0	0
5348	3	metal4	961.32	79.715	1.09935	0	0
5349	0	metal5	961.32	79.715	1.09935	0	0
5350	3	metal4	961.32	69.715	1.09935	0	8.92857e-13
5351	0	metal5	961.32	69.715	1.09935	0	0
5352	3	metal4	961.32	59.715	1.09935	0	0
5353	0	metal5	961.32	59.715	1.09935	0	0
5354	3	metal4	961.32	49.715	1.09936	0	0
5355	0	metal5	961.32	49.715	1.09936	0	0
5356	3	metal4	961.32	39.715	1.09936	0	0
5357	0	metal5	961.32	39.715	1.09936	0	0
5358	3	metal4	961.32	29.715	1.09936	0	0
5359	0	metal5	961.32	29.715	1.09936	0	0
5360	3	metal4	956.84	79.715	1.09935	0	0
5361	0	metal5	956.84	79.715	1.09935	0	0
5362	3	metal4	956.84	69.715	1.09935	0	0
5363	0	metal5	956.84	69.715	1.09935	0	0
5364	3	metal4	956.84	59.715	1.09935	0	0
5365	0	metal5	956.84	59.715	1.09935	0	0
5366	3	metal4	956.84	49.715	1.09936	0	0
5367	0	metal5	956.84	49.715	1.09936	0	0
5368	3	metal4	956.84	39.715	1.09936	0	0
5369	0	metal5	956.84	39.715	1.09936	0	0
5370	3	metal4	956.84	29.715	1.09936	0	0
5371	0	metal5	956.84	29.715	1.09936	0	0
5372	3	metal4	952.36	79.715	1.09935	0	0
5373	0	metal5	952.36	79.715	1.09935	0	0
5374	3	metal4	952.36	69.715	1.09935	0	0
5375	0	metal5	952.36	69.715	1.09935	0	0
5376	3	metal4	952.36	59.715	1.09934	0	0
5377	0	metal5	952.36	59.715	1.09934	0	0
5378	3	metal4	952.36	49.715	1.09936	0	0
5379	0	metal5	952.36	49.715	1.09936	0	0
5380	3	metal4	952.36	39.715	1.09936	0	0
5381	0	metal5	952.36	39.715	1.09936	0	0
5382	3	metal4	952.36	29.715	1.09936	0	0
5383	0	metal5	952.36	29.715	1.09936	0	0
5384	3	metal4	947.88	79.715	1.09935	0	0
5385	0	metal5	947.88	79.715	1.09935	0	0
5386	3	metal4	947.88	69.715	1.09934	0	0
5387	0	metal5	947.88	69.715	1.09934	0	0
5388	3	metal4	947.88	59.715	1.09934	0	0
5389	0	metal5	947.88	59.715	1.09934	0	0
5390	3	metal4	947.88	49.715	1.09935	0	0
5391	0	metal5	947.88	49.715	1.09935	0	0
5392	3	metal4	947.88	39.715	1.09936	0	0
5393	0	metal5	947.88	39.715	1.09936	0	0
5394	3	metal4	947.88	29.715	1.09936	0	0
5395	0	metal5	947.88	29.715	1.09936	0	0
5396	3	metal4	943.4	79.715	1.09934	0	0
5397	0	metal5	943.4	79.715	1.09934	0	0
5398	3	metal4	943.4	69.715	1.09934	0	0
5399	0	metal5	943.4	69.715	1.09934	0	0
5400	3	metal4	943.4	59.715	1.09933	0	0
5401	0	metal5	943.4	59.715	1.09933	0	0.00141818
5402	3	metal4	943.4	49.715	1.09935	0	0
5403	0	metal5	943.4	49.715	1.09935	0	0
5404	3	metal4	943.4	39.715	1.09936	0	0
5405	0	metal5	943.4	39.715	1.09936	0	0
5406	3	metal4	943.4	29.715	1.09936	0	0
5407	0	metal5	943.4	29.715	1.09936	0	0
5408	3	metal4	938.92	79.715	1.09934	0	0
5409	0	metal5	938.92	79.715	1.09934	0	0
5410	3	metal4	938.92	69.715	1.09934	0	0
5411	0	metal5	938.92	69.715	1.09934	0	0
5412	3	metal4	938.92	59.715	1.09934	0	0
5413	0	metal5	938.92	59.715	1.09934	0	0
5414	3	metal4	938.92	49.715	1.09935	0	0
5415	0	metal5	938.92	49.715	1.09935	0	0
5416	3	metal4	938.92	39.715	1.09936	0	0
5417	0	metal5	938.92	39.715	1.09936	0	0
5418	3	metal4	938.92	29.715	1.09935	0	0
5419	0	metal5	938.92	29.715	1.09935	0	0
5420	3	metal4	934.44	79.715	1.09934	0	0
5421	0	metal5	934.44	79.715	1.09934	0	0
5422	3	metal4	934.44	69.715	1.09933	0	0
5423	0	metal5	934.44	69.715	1.09933	0	0
5424	3	metal4	934.44	59.715	1.09934	0	0
5425	0	metal5	934.44	59.715	1.09934	0	0
5426	3	metal4	934.44	49.715	1.09935	0	0
5427	0	metal5	934.44	49.715	1.09935	0	0
5428	3	metal4	934.44	39.715	1.09935	0	0
5429	0	metal5	934.44	39.715	1.09935	0	0
5430	3	metal4	934.44	29.715	1.09935	0	0
5431	0	metal5	934.44	29.715	1.09935	0	0
5432	3	metal4	929.96	79.715	1.09934	0	0
5433	0	metal5	929.96	79.715	1.09934	0	0
5434	3	metal4	929.96	69.715	1.09933	0	0
5435	0	metal5	929.96	69.715	1.09933	0	0
5436	3	metal4	929.96	59.715	1.09934	0	0
5437	0	metal5	929.96	59.715	1.09934	0	0
5438	3	metal4	929.96	49.715	1.09935	0	0
5439	0	metal5	929.96	49.715	1.09935	0	0
5440	3	metal4	929.96	39.715	1.09935	0	0
5441	0	metal5	929.96	39.715	1.09935	0	0
5442	3	metal4	929.96	29.715	1.09935	0	0
5443	0	metal5	929.96	29.715	1.09935	0	0
5444	3	metal4	925.48	79.715	1.09934	0	0
5445	0	metal5	925.48	79.715	1.09934	0	0
5446	3	metal4	925.48	69.715	1.09932	0	0
5447	0	metal5	925.48	69.715	1.09932	0	0
5448	3	metal4	925.48	59.715	1.09934	0	0
5449	0	metal5	925.48	59.715	1.09934	0	0
5450	3	metal4	925.48	49.715	1.09935	0	0
5451	0	metal5	925.48	49.715	1.09935	0	0
5452	3	metal4	925.48	39.715	1.09935	0	0
5453	0	metal5	925.48	39.715	1.09935	0	0
5454	3	metal4	925.48	29.715	1.09934	0	0
5455	0	metal5	925.48	29.715	1.09934	0	0
5456	3	metal4	921	79.715	1.09933	0	0
5457	0	metal5	921	79.715	1.09933	0	0
5458	3	metal4	921	69.715	1.09931	0	0
5459	0	metal5	921	69.715	1.09931	0	0
5460	3	metal4	921	59.715	1.09934	0	0
5461	0	metal5	921	59.715	1.09934	0	0
5462	3	metal4	921	49.715	1.09935	0	0
5463	0	metal5	921	49.715	1.09935	0	0
5464	3	metal4	921	39.715	1.09935	0	0
5465	0	metal5	921	39.715	1.09935	0	0
5466	3	metal4	921	29.715	1.09934	0	0
5467	0	metal5	921	29.715	1.09934	0	0
5468	3	metal4	916.52	79.715	1.09933	0	0
5469	0	metal5	916.52	79.715	1.09933	0	0
5470	3	metal4	916.52	69.715	1.0993	0	0
5471	0	metal5	916.52	69.715	1.0993	0	0
5472	3	metal4	916.52	59.715	1.09934	0	0
5473	0	metal5	916.52	59.715	1.09934	0	0
5474	3	metal4	916.52	49.715	1.09935	0	0
5475	0	metal5	916.52	49.715	1.09935	0	0
5476	3	metal4	916.52	39.715	1.09935	0	0
5477	0	metal5	916.52	39.715	1.09935	0	0
5478	3	metal4	916.52	29.715	1.09933	0	0
5479	0	metal5	916.52	29.715	1.09933	0	0
5480	3	metal4	912.04	79.715	1.09933	0	0
5481	0	metal5	912.04	79.715	1.09933	0	0
5482	3	metal4	912.04	69.715	1.09929	0	0
5483	0	metal5	912.04	69.715	1.09929	0	0
5484	3	metal4	912.04	59.715	1.09934	0	0
5485	0	metal5	912.04	59.715	1.09934	0	0
5486	3	metal4	912.04	49.715	1.09934	0	0
5487	0	metal5	912.04	49.715	1.09934	0	0
5488	3	metal4	912.04	39.715	1.09935	0	0
5489	0	metal5	912.04	39.715	1.09935	0	0
5490	3	metal4	912.04	29.715	1.09932	0	0
5491	0	metal5	912.04	29.715	1.09932	0	0
5492	3	metal4	907.56	79.715	1.09933	0	0
5493	0	metal5	907.56	79.715	1.09933	0	0
5494	3	metal4	907.56	69.715	1.09918	0	0.00299658
5495	0	metal5	907.56	69.715	1.09927	0	0
5496	3	metal4	907.56	59.715	1.09934	0	0
5497	0	metal5	907.56	59.715	1.09934	0	0
5498	3	metal4	907.56	49.715	1.09934	0	0
5499	0	metal5	907.56	49.715	1.09934	0	0
5500	3	metal4	907.56	39.715	1.09935	0	0
5501	0	metal5	907.56	39.715	1.09935	0	0
5502	3	metal4	907.56	29.715	1.09924	0	0.00219364
5503	0	metal5	907.56	29.715	1.09931	0	0
5504	1	metal6	1078.18	239.6	1.09938	0	0
5505	2	metal7	1078.18	239.6	1.09938	0	0
5506	1	metal6	1078.18	209.6	1.09938	0	0
5507	2	metal7	1078.18	209.6	1.09938	0	0
5508	1	metal6	1068.18	239.6	1.09938	0	0
5509	2	metal7	1068.18	239.6	1.09938	0	0
5510	1	metal6	1068.18	209.6	1.09938	0	0
5511	2	metal7	1068.18	209.6	1.09938	0	0
5512	1	metal6	1058.18	239.6	1.09938	0	0
5513	2	metal7	1058.18	239.6	1.09938	0	0
5514	1	metal6	1058.18	209.6	1.09938	0	0
5515	2	metal7	1058.18	209.6	1.09938	0	0
5516	1	metal6	1048.18	239.6	1.09937	0	0
5517	2	metal7	1048.18	239.6	1.09938	0	0
5518	1	metal6	1048.18	209.6	1.09938	0	0
5519	2	metal7	1048.18	209.6	1.09938	0	0
5520	1	metal6	1038.18	239.6	1.09937	0	0
5521	2	metal7	1038.18	239.6	1.09938	0	0
5522	1	metal6	1038.18	209.6	1.09938	0	0
5523	2	metal7	1038.18	209.6	1.09939	0	0
5524	1	metal6	1028.18	239.6	1.09938	0	0
5525	2	metal7	1028.18	239.6	1.09938	0	0
5526	1	metal6	1028.18	209.6	1.09938	0	0
5527	2	metal7	1028.18	209.6	1.09939	0	0
5528	1	metal6	1018.18	239.6	1.09938	0	0
5529	2	metal7	1018.18	239.6	1.09938	0	0
5530	1	metal6	1018.18	209.6	1.09938	0	0
5531	2	metal7	1018.18	209.6	1.09939	0	0
5532	1	metal6	1008.18	239.6	1.09938	0	0
5533	2	metal7	1008.18	239.6	1.09938	0	0
5534	1	metal6	1008.18	209.6	1.09938	0	0
5535	2	metal7	1008.18	209.6	1.09939	0	0
5536	0	metal5	1078.18	248.415	1.09938	0	0
5537	1	metal6	1078.18	248.415	1.09938	0	0
5538	0	metal5	1078.18	238.415	1.09938	0	0
5539	1	metal6	1078.18	238.415	1.09938	0	0
5540	0	metal5	1078.18	228.415	1.09937	0	0
5541	1	metal6	1078.18	228.415	1.09938	0	0
5542	0	metal5	1078.18	218.415	1.09938	0	0
5543	1	metal6	1078.18	218.415	1.09938	0	0
5544	0	metal5	1078.18	208.415	1.09938	0	0
5545	1	metal6	1078.18	208.415	1.09938	0	0
5546	0	metal5	1078.18	198.415	1.09938	0	0
5547	1	metal6	1078.18	198.415	1.09938	0	0
5548	0	metal5	1068.18	248.415	1.09938	0	0
5549	1	metal6	1068.18	248.415	1.09938	0	0
5550	0	metal5	1068.18	238.415	1.09938	0	0
5551	1	metal6	1068.18	238.415	1.09938	0	0
5552	0	metal5	1068.18	228.415	1.09937	0	0
5553	1	metal6	1068.18	228.415	1.09938	0	0
5554	0	metal5	1068.18	218.415	1.09938	0	0
5555	1	metal6	1068.18	218.415	1.09938	0	0
5556	0	metal5	1068.18	208.415	1.09938	0	0
5557	1	metal6	1068.18	208.415	1.09938	0	0
5558	0	metal5	1068.18	198.415	1.09938	0	0
5559	1	metal6	1068.18	198.415	1.09938	0	0
5560	0	metal5	1058.18	248.415	1.09938	0	0
5561	1	metal6	1058.18	248.415	1.09938	0	0
5562	0	metal5	1058.18	238.415	1.09938	0	0
5563	1	metal6	1058.18	238.415	1.09938	0	0
5564	0	metal5	1058.18	228.415	1.09937	0	0
5565	1	metal6	1058.18	228.415	1.09938	0	0
5566	0	metal5	1058.18	218.415	1.09938	0	0
5567	1	metal6	1058.18	218.415	1.09938	0	0
5568	0	metal5	1058.18	208.415	1.09938	0	0
5569	1	metal6	1058.18	208.415	1.09938	0	0
5570	0	metal5	1058.18	198.415	1.09938	0	0
5571	1	metal6	1058.18	198.415	1.09938	0	0
5572	0	metal5	1048.18	248.415	1.09938	0	0
5573	1	metal6	1048.18	248.415	1.09937	0	0
5574	0	metal5	1048.18	238.415	1.09938	0	0
5575	1	metal6	1048.18	238.415	1.09937	0	0
5576	0	metal5	1048.18	228.415	1.09936	0	0
5577	1	metal6	1048.18	228.415	1.09937	0	0
5578	0	metal5	1048.18	218.415	1.09938	0	0
5579	1	metal6	1048.18	218.415	1.09938	0	0
5580	0	metal5	1048.18	208.415	1.09938	0	0
5581	1	metal6	1048.18	208.415	1.09938	0	0
5582	0	metal5	1048.18	198.415	1.09938	0	0
5583	1	metal6	1048.18	198.415	1.09938	0	0
5584	0	metal5	1038.18	248.415	1.09938	0	0
5585	1	metal6	1038.18	248.415	1.09937	0	0
5586	0	metal5	1038.18	238.415	1.09938	0	0
5587	1	metal6	1038.18	238.415	1.09937	0	0
5588	0	metal5	1038.18	228.415	1.09936	0	0
5589	1	metal6	1038.18	228.415	1.09937	0	0
5590	0	metal5	1038.18	218.415	1.09938	0	0
5591	1	metal6	1038.18	218.415	1.09938	0	0
5592	0	metal5	1038.18	208.415	1.09938	0	0
5593	1	metal6	1038.18	208.415	1.09938	0	0
5594	0	metal5	1038.18	198.415	1.09938	0	0
5595	1	metal6	1038.18	198.415	1.09938	0	0
5596	0	metal5	1028.18	248.415	1.09938	0	0
5597	1	metal6	1028.18	248.415	1.09938	0	0
5598	0	metal5	1028.18	238.415	1.09938	0	0
5599	1	metal6	1028.18	238.415	1.09938	0	0
5600	0	metal5	1028.18	228.415	1.09937	0	0
5601	1	metal6	1028.18	228.415	1.09938	0	0
5602	0	metal5	1028.18	218.415	1.09938	0	0
5603	1	metal6	1028.18	218.415	1.09938	0	0
5604	0	metal5	1028.18	208.415	1.09938	0	0
5605	1	metal6	1028.18	208.415	1.09938	0	0
5606	0	metal5	1028.18	198.415	1.09938	0	0
5607	1	metal6	1028.18	198.415	1.09938	0	0
5608	0	metal5	1018.18	248.415	1.09938	0	0
5609	1	metal6	1018.18	248.415	1.09938	0	0
5610	0	metal5	1018.18	238.415	1.09938	0	0
5611	1	metal6	1018.18	238.415	1.09938	0	0
5612	0	metal5	1018.18	228.415	1.09937	0	0
5613	1	metal6	1018.18	228.415	1.09938	0	0
5614	0	metal5	1018.18	218.415	1.09938	0	0
5615	1	metal6	1018.18	218.415	1.09938	0	0
5616	0	metal5	1018.18	208.415	1.09938	0	0
5617	1	metal6	1018.18	208.415	1.09938	0	0
5618	0	metal5	1018.18	198.415	1.09938	0	0
5619	1	metal6	1018.18	198.415	1.09938	0	0
5620	0	metal5	1008.18	248.415	1.09938	0	0
5621	1	metal6	1008.18	248.415	1.09938	0	0
5622	0	metal5	1008.18	238.415	1.09938	0	0
5623	1	metal6	1008.18	238.415	1.09938	0	0
5624	0	metal5	1008.18	228.415	1.09937	0	0
5625	1	metal6	1008.18	228.415	1.09938	0	0
5626	0	metal5	1008.18	218.415	1.09938	0	0
5627	1	metal6	1008.18	218.415	1.09938	0	0
5628	0	metal5	1008.18	208.415	1.09938	0	0
5629	1	metal6	1008.18	208.415	1.09938	0	0
5630	0	metal5	1008.18	198.415	1.09938	0	0
5631	1	metal6	1008.18	198.415	1.09938	0	0
5632	3	metal4	1073.42	248.415	1.09938	0	0
5633	0	metal5	1073.42	248.415	1.09938	0	0
5634	3	metal4	1073.42	238.415	1.09938	0	0
5635	0	metal5	1073.42	238.415	1.09938	0	0
5636	3	metal4	1073.42	228.415	1.09937	0	0
5637	0	metal5	1073.42	228.415	1.09937	0	0
5638	3	metal4	1073.42	218.415	1.09938	0	0
5639	0	metal5	1073.42	218.415	1.09938	0	0
5640	3	metal4	1073.42	208.415	1.09938	0	0
5641	0	metal5	1073.42	208.415	1.09938	0	0
5642	3	metal4	1073.42	198.415	1.09938	0	0
5643	0	metal5	1073.42	198.415	1.09938	0	0
5644	3	metal4	1068.94	248.415	1.09938	0	0
5645	0	metal5	1068.94	248.415	1.09938	0	0
5646	3	metal4	1068.94	238.415	1.09938	0	0
5647	0	metal5	1068.94	238.415	1.09938	0	0
5648	3	metal4	1068.94	228.415	1.09937	0	0
5649	0	metal5	1068.94	228.415	1.09937	0	0
5650	3	metal4	1068.94	218.415	1.09938	0	0
5651	0	metal5	1068.94	218.415	1.09938	0	0
5652	3	metal4	1068.94	208.415	1.09938	0	0
5653	0	metal5	1068.94	208.415	1.09938	0	0
5654	3	metal4	1068.94	198.415	1.09938	0	0
5655	0	metal5	1068.94	198.415	1.09938	0	0
5656	3	metal4	1064.46	248.415	1.09938	0	0
5657	0	metal5	1064.46	248.415	1.09938	0	0
5658	3	metal4	1064.46	238.415	1.09938	0	0
5659	0	metal5	1064.46	238.415	1.09938	0	0
5660	3	metal4	1064.46	228.415	1.09937	0	0
5661	0	metal5	1064.46	228.415	1.09937	0	0
5662	3	metal4	1064.46	218.415	1.09938	0	0
5663	0	metal5	1064.46	218.415	1.09938	0	0
5664	3	metal4	1064.46	208.415	1.09938	0	0
5665	0	metal5	1064.46	208.415	1.09938	0	0
5666	3	metal4	1064.46	198.415	1.09938	0	0
5667	0	metal5	1064.46	198.415	1.09938	0	0
5668	3	metal4	1059.98	248.415	1.09938	0	0
5669	0	metal5	1059.98	248.415	1.09938	0	0
5670	3	metal4	1059.98	238.415	1.09938	0	0
5671	0	metal5	1059.98	238.415	1.09938	0	0
5672	3	metal4	1059.98	228.415	1.09937	0	0
5673	0	metal5	1059.98	228.415	1.09937	0	0
5674	3	metal4	1059.98	218.415	1.09938	0	0
5675	0	metal5	1059.98	218.415	1.09938	0	0
5676	3	metal4	1059.98	208.415	1.09938	0	0
5677	0	metal5	1059.98	208.415	1.09938	0	0
5678	3	metal4	1059.98	198.415	1.09938	0	0
5679	0	metal5	1059.98	198.415	1.09938	0	0
5680	3	metal4	1055.5	248.415	1.09938	0	0
5681	0	metal5	1055.5	248.415	1.09938	0	0
5682	3	metal4	1055.5	238.415	1.09938	0	0
5683	0	metal5	1055.5	238.415	1.09938	0	0
5684	3	metal4	1055.5	228.415	1.09937	0	0
5685	0	metal5	1055.5	228.415	1.09937	0	0
5686	3	metal4	1055.5	218.415	1.09938	0	0
5687	0	metal5	1055.5	218.415	1.09938	0	0
5688	3	metal4	1055.5	208.415	1.09938	0	0
5689	0	metal5	1055.5	208.415	1.09938	0	0
5690	3	metal4	1055.5	198.415	1.09938	0	0
5691	0	metal5	1055.5	198.415	1.09938	0	0
5692	3	metal4	1051.02	248.415	1.09938	0	0
5693	0	metal5	1051.02	248.415	1.09938	0	0
5694	3	metal4	1051.02	238.415	1.09938	0	0
5695	0	metal5	1051.02	238.415	1.09938	0	0
5696	3	metal4	1051.02	228.415	1.09937	0	0
5697	0	metal5	1051.02	228.415	1.09937	0	0
5698	3	metal4	1051.02	218.415	1.09938	0	0
5699	0	metal5	1051.02	218.415	1.09938	0	0
5700	3	metal4	1051.02	208.415	1.09938	0	0
5701	0	metal5	1051.02	208.415	1.09938	0	0
5702	3	metal4	1051.02	198.415	1.09938	0	0
5703	0	metal5	1051.02	198.415	1.09938	0	0
5704	3	metal4	1046.54	248.415	1.09938	0	0
5705	0	metal5	1046.54	248.415	1.09938	0	0
5706	3	metal4	1046.54	238.415	1.09938	0	0
5707	0	metal5	1046.54	238.415	1.09938	0	0
5708	3	metal4	1046.54	228.415	1.09936	0	0
5709	0	metal5	1046.54	228.415	1.09936	0	0
5710	3	metal4	1046.54	218.415	1.09938	0	0
5711	0	metal5	1046.54	218.415	1.09938	0	0
5712	3	metal4	1046.54	208.415	1.09938	0	0
5713	0	metal5	1046.54	208.415	1.09938	0	0
5714	3	metal4	1046.54	198.415	1.09938	0	0
5715	0	metal5	1046.54	198.415	1.09938	0	0
5716	3	metal4	1042.06	248.415	1.09938	0	0
5717	0	metal5	1042.06	248.415	1.09938	0	0
5718	3	metal4	1042.06	238.415	1.09938	0	0
5719	0	metal5	1042.06	238.415	1.09938	0	0
5720	3	metal4	1042.06	228.415	1.09936	0	0
5721	0	metal5	1042.06	228.415	1.09936	0	0.00141818
5722	3	metal4	1042.06	218.415	1.09938	0	0
5723	0	metal5	1042.06	218.415	1.09938	0	0
5724	3	metal4	1042.06	208.415	1.09938	0	0
5725	0	metal5	1042.06	208.415	1.09938	0	0
5726	3	metal4	1042.06	198.415	1.09938	0	0
5727	0	metal5	1042.06	198.415	1.09938	0	0
5728	3	metal4	1037.58	248.415	1.09938	0	0
5729	0	metal5	1037.58	248.415	1.09938	0	0
5730	3	metal4	1037.58	238.415	1.09938	0	0
5731	0	metal5	1037.58	238.415	1.09938	0	0
5732	3	metal4	1037.58	228.415	1.09936	0	0
5733	0	metal5	1037.58	228.415	1.09936	0	0
5734	3	metal4	1037.58	218.415	1.09938	0	0
5735	0	metal5	1037.58	218.415	1.09938	0	0
5736	3	metal4	1037.58	208.415	1.09938	0	0
5737	0	metal5	1037.58	208.415	1.09938	0	0
5738	3	metal4	1037.58	198.415	1.09938	0	0
5739	0	metal5	1037.58	198.415	1.09938	0	0
5740	3	metal4	1033.1	248.415	1.09938	0	0
5741	0	metal5	1033.1	248.415	1.09938	0	0
5742	3	metal4	1033.1	238.415	1.09938	0	0
5743	0	metal5	1033.1	238.415	1.09938	0	0
5744	3	metal4	1033.1	228.415	1.09937	0	0
5745	0	metal5	1033.1	228.415	1.09937	0	0
5746	3	metal4	1033.1	218.415	1.09938	0	0
5747	0	metal5	1033.1	218.415	1.09938	0	0
5748	3	metal4	1033.1	208.415	1.09938	0	0
5749	0	metal5	1033.1	208.415	1.09938	0	0
5750	3	metal4	1033.1	198.415	1.09938	0	0
5751	0	metal5	1033.1	198.415	1.09938	0	0
5752	3	metal4	1028.62	248.415	1.09938	0	0
5753	0	metal5	1028.62	248.415	1.09938	0	0
5754	3	metal4	1028.62	238.415	1.09938	0	0
5755	0	metal5	1028.62	238.415	1.09938	0	0
5756	3	metal4	1028.62	228.415	1.09937	0	0
5757	0	metal5	1028.62	228.415	1.09937	0	0
5758	3	metal4	1028.62	218.415	1.09938	0	0
5759	0	metal5	1028.62	218.415	1.09938	0	0
5760	3	metal4	1028.62	208.415	1.09938	0	0
5761	0	metal5	1028.62	208.415	1.09938	0	0
5762	3	metal4	1028.62	198.415	1.09938	0	0
5763	0	metal5	1028.62	198.415	1.09938	0	0
5764	3	metal4	1024.14	248.415	1.09938	0	0
5765	0	metal5	1024.14	248.415	1.09938	0	0
5766	3	metal4	1024.14	238.415	1.09938	0	0
5767	0	metal5	1024.14	238.415	1.09938	0	0
5768	3	metal4	1024.14	228.415	1.09937	0	0
5769	0	metal5	1024.14	228.415	1.09937	0	0
5770	3	metal4	1024.14	218.415	1.09938	0	0
5771	0	metal5	1024.14	218.415	1.09938	0	0
5772	3	metal4	1024.14	208.415	1.09938	0	0
5773	0	metal5	1024.14	208.415	1.09938	0	0
5774	3	metal4	1024.14	198.415	1.09938	0	0
5775	0	metal5	1024.14	198.415	1.09938	0	0
5776	3	metal4	1019.66	248.415	1.09938	0	0
5777	0	metal5	1019.66	248.415	1.09938	0	0
5778	3	metal4	1019.66	238.415	1.09938	0	0
5779	0	metal5	1019.66	238.415	1.09938	0	0
5780	3	metal4	1019.66	228.415	1.09937	0	0
5781	0	metal5	1019.66	228.415	1.09937	0	0
5782	3	metal4	1019.66	218.415	1.09938	0	0
5783	0	metal5	1019.66	218.415	1.09938	0	0
5784	3	metal4	1019.66	208.415	1.09938	0	0
5785	0	metal5	1019.66	208.415	1.09938	0	0
5786	3	metal4	1019.66	198.415	1.09938	0	0
5787	0	metal5	1019.66	198.415	1.09938	0	0
5788	3	metal4	1015.18	248.415	1.09938	0	0
5789	0	metal5	1015.18	248.415	1.09938	0	0
5790	3	metal4	1015.18	238.415	1.09938	0	0
5791	0	metal5	1015.18	238.415	1.09938	0	0
5792	3	metal4	1015.18	228.415	1.09937	0	0
5793	0	metal5	1015.18	228.415	1.09937	0	0
5794	3	metal4	1015.18	218.415	1.09938	0	0
5795	0	metal5	1015.18	218.415	1.09938	0	0
5796	3	metal4	1015.18	208.415	1.09938	0	0
5797	0	metal5	1015.18	208.415	1.09938	0	0
5798	3	metal4	1015.18	198.415	1.09938	0	0
5799	0	metal5	1015.18	198.415	1.09938	0	0
5800	3	metal4	1010.7	248.415	1.09938	0	0
5801	0	metal5	1010.7	248.415	1.09938	0	0
5802	3	metal4	1010.7	238.415	1.09938	0	0
5803	0	metal5	1010.7	238.415	1.09938	0	0
5804	3	metal4	1010.7	228.415	1.09937	0	0
5805	0	metal5	1010.7	228.415	1.09937	0	0
5806	3	metal4	1010.7	218.415	1.09938	0	0
5807	0	metal5	1010.7	218.415	1.09938	0	0
5808	3	metal4	1010.7	208.415	1.09938	0	0
5809	0	metal5	1010.7	208.415	1.09938	0	0
5810	3	metal4	1010.7	198.415	1.09938	0	0
5811	0	metal5	1010.7	198.415	1.09938	0	0
5812	3	metal4	1006.22	248.415	1.09938	0	0
5813	0	metal5	1006.22	248.415	1.09938	0	0
5814	3	metal4	1006.22	238.415	1.09938	0	0
5815	0	metal5	1006.22	238.415	1.09938	0	0
5816	3	metal4	1006.22	228.415	1.09937	0	0
5817	0	metal5	1006.22	228.415	1.09937	0	0
5818	3	metal4	1006.22	218.415	1.09938	0	0
5819	0	metal5	1006.22	218.415	1.09938	0	0
5820	3	metal4	1006.22	208.415	1.09938	0	0
5821	0	metal5	1006.22	208.415	1.09938	0	0
5822	3	metal4	1006.22	198.415	1.09938	0	0
5823	0	metal5	1006.22	198.415	1.09938	0	0
5824	1	metal6	195.73	59.6	1.09991	0	0
5825	2	metal7	195.73	59.6	1.09988	0	0
5826	1	metal6	195.73	29.6	1.09994	0	0
5827	2	metal7	195.73	29.6	1.09994	0	0
5828	1	metal6	185.73	59.6	1.09991	0	0
5829	2	metal7	185.73	59.6	1.09989	0	0
5830	1	metal6	185.73	29.6	1.09994	0	0
5831	2	metal7	185.73	29.6	1.09996	0	0
5832	1	metal6	175.73	59.6	1.09991	0	0
5833	2	metal7	175.73	59.6	1.09989	0	0
5834	1	metal6	175.73	29.6	1.09995	0	0
5835	2	metal7	175.73	29.6	1.09998	0	0
5836	1	metal6	165.73	59.6	1.09992	0	0
5837	2	metal7	165.73	59.6	1.0999	0	0
5838	1	metal6	165.73	29.6	1.09996	0	0
5839	2	metal7	165.73	29.6	1.1	1	0
5840	1	metal6	155.73	59.6	1.09991	0	0
5841	2	metal7	155.73	59.6	1.0999	0	0
5842	1	metal6	155.73	29.6	1.09996	0	0
5843	2	metal7	155.73	29.6	1.09999	0	0
5844	1	metal6	145.73	59.6	1.09992	0	0
5845	2	metal7	145.73	59.6	1.0999	0	0
5846	1	metal6	145.73	29.6	1.09995	0	0
5847	2	metal7	145.73	29.6	1.09998	0	0
5848	1	metal6	135.73	59.6	1.09992	0	0
5849	2	metal7	135.73	59.6	1.09991	0	0
5850	1	metal6	135.73	29.6	1.09995	0	0
5851	2	metal7	135.73	29.6	1.09997	0	0
5852	1	metal6	125.73	59.6	1.09992	0	0
5853	2	metal7	125.73	59.6	1.09991	0	0
5854	1	metal6	125.73	29.6	1.09995	0	0
5855	2	metal7	125.73	29.6	1.09996	0	0
5856	0	metal5	195.73	79.715	1.09991	0	0
5857	1	metal6	195.73	79.715	1.09991	0	0
5858	0	metal5	195.73	69.715	1.09991	0	0
5859	1	metal6	195.73	69.715	1.09991	0	0
5860	0	metal5	195.73	59.715	1.09991	0	0
5861	1	metal6	195.73	59.715	1.09991	0	0
5862	0	metal5	195.73	49.715	1.09992	0	0
5863	1	metal6	195.73	49.715	1.09992	0	0
5864	0	metal5	195.73	39.715	1.09993	0	0
5865	1	metal6	195.73	39.715	1.09993	0	0
5866	0	metal5	195.73	29.715	1.09994	0	0
5867	1	metal6	195.73	29.715	1.09994	0	0
5868	0	metal5	185.73	79.715	1.09991	0	0
5869	1	metal6	185.73	79.715	1.09991	0	0
5870	0	metal5	185.73	69.715	1.09991	0	0
5871	1	metal6	185.73	69.715	1.09991	0	0
5872	0	metal5	185.73	59.715	1.09991	0	0
5873	1	metal6	185.73	59.715	1.09991	0	0
5874	0	metal5	185.73	49.715	1.09992	0	0
5875	1	metal6	185.73	49.715	1.09992	0	0
5876	0	metal5	185.73	39.715	1.09993	0	0
5877	1	metal6	185.73	39.715	1.09993	0	0
5878	0	metal5	185.73	29.715	1.09995	0	0
5879	1	metal6	185.73	29.715	1.09994	0	0
5880	0	metal5	175.73	79.715	1.09991	0	0
5881	1	metal6	175.73	79.715	1.09991	0	0
5882	0	metal5	175.73	69.715	1.09991	0	0
5883	1	metal6	175.73	69.715	1.09991	0	0
5884	0	metal5	175.73	59.715	1.09991	0	0
5885	1	metal6	175.73	59.715	1.09991	0	0
5886	0	metal5	175.73	49.715	1.09993	0	0
5887	1	metal6	175.73	49.715	1.09993	0	0
5888	0	metal5	175.73	39.715	1.09994	0	0
5889	1	metal6	175.73	39.715	1.09994	0	0
5890	0	metal5	175.73	29.715	1.09995	0	0
5891	1	metal6	175.73	29.715	1.09995	0	0
5892	0	metal5	165.73	79.715	1.09991	0	0
5893	1	metal6	165.73	79.715	1.09991	0	0
5894	0	metal5	165.73	69.715	1.09991	0	0
5895	1	metal6	165.73	69.715	1.09991	0	0
5896	0	metal5	165.73	59.715	1.09991	0	0
5897	1	metal6	165.73	59.715	1.09992	0	0
5898	0	metal5	165.73	49.715	1.09993	0	0
5899	1	metal6	165.73	49.715	1.09993	0	0
5900	0	metal5	165.73	39.715	1.09994	0	0
5901	1	metal6	165.73	39.715	1.09994	0	0
5902	0	metal5	165.73	29.715	1.09995	0	0
5903	1	metal6	165.73	29.715	1.09996	0	0
5904	0	metal5	155.73	79.715	1.09992	0	0
5905	1	metal6	155.73	79.715	1.09992	0	0
5906	0	metal5	155.73	69.715	1.09992	0	0
5907	1	metal6	155.73	69.715	1.09992	0	0
5908	0	metal5	155.73	59.715	1.0999	0	0
5909	1	metal6	155.73	59.715	1.09991	0	0
5910	0	metal5	155.73	49.715	1.09993	0	0
5911	1	metal6	155.73	49.715	1.09993	0	0
5912	0	metal5	155.73	39.715	1.09994	0	0
5913	1	metal6	155.73	39.715	1.09994	0	0
5914	0	metal5	155.73	29.715	1.09995	0	0
5915	1	metal6	155.73	29.715	1.09996	0	0
5916	0	metal5	145.73	79.715	1.09992	0	0
5917	1	metal6	145.73	79.715	1.09992	0	0
5918	0	metal5	145.73	69.715	1.09992	0	0
5919	1	metal6	145.73	69.715	1.09992	0	0
5920	0	metal5	145.73	59.715	1.09991	0	0
5921	1	metal6	145.73	59.715	1.09992	0	0
5922	0	metal5	145.73	49.715	1.09993	0	0
5923	1	metal6	145.73	49.715	1.09993	0	0
5924	0	metal5	145.73	39.715	1.09994	0	0
5925	1	metal6	145.73	39.715	1.09994	0	0
5926	0	metal5	145.73	29.715	1.09995	0	0
5927	1	metal6	145.73	29.715	1.09995	0	0
5928	0	metal5	135.73	79.715	1.09992	0	0
5929	1	metal6	135.73	79.715	1.09992	0	0
5930	0	metal5	135.73	69.715	1.09992	0	0
5931	1	metal6	135.73	69.715	1.09992	0	0
5932	0	metal5	135.73	59.715	1.09991	0	0
5933	1	metal6	135.73	59.715	1.09992	0	0
5934	0	metal5	135.73	49.715	1.09993	0	0
5935	1	metal6	135.73	49.715	1.09993	0	0
5936	0	metal5	135.73	39.715	1.09994	0	0
5937	1	metal6	135.73	39.715	1.09994	0	0
5938	0	metal5	135.73	29.715	1.09995	0	0
5939	1	metal6	135.73	29.715	1.09995	0	0
5940	0	metal5	125.73	79.715	1.09992	0	0
5941	1	metal6	125.73	79.715	1.09992	0	0
5942	0	metal5	125.73	69.715	1.09992	0	0
5943	1	metal6	125.73	69.715	1.09992	0	0
5944	0	metal5	125.73	59.715	1.09992	0	0
5945	1	metal6	125.73	59.715	1.09992	0	0
5946	0	metal5	125.73	49.715	1.09993	0	0
5947	1	metal6	125.73	49.715	1.09993	0	0
5948	0	metal5	125.73	39.715	1.09994	0	0
5949	1	metal6	125.73	39.715	1.09994	0	0
5950	0	metal5	125.73	29.715	1.09995	0	0
5951	1	metal6	125.73	29.715	1.09995	0	0
5952	3	metal4	192.35	79.715	1.09991	0	0
5953	0	metal5	192.35	79.715	1.09991	0	0
5954	3	metal4	192.35	69.715	1.09991	0	0
5955	0	metal5	192.35	69.715	1.09991	0	0
5956	3	metal4	192.35	59.715	1.09991	0	0
5957	0	metal5	192.35	59.715	1.09991	0	0
5958	3	metal4	192.35	49.715	1.09992	0	0
5959	0	metal5	192.35	49.715	1.09992	0	0
5960	3	metal4	192.35	39.715	1.09993	0	0
5961	0	metal5	192.35	39.715	1.09993	0	0
5962	3	metal4	192.35	29.715	1.09994	0	0
5963	0	metal5	192.35	29.715	1.09994	0	0
5964	3	metal4	187.87	79.715	1.09991	0	0
5965	0	metal5	187.87	79.715	1.09991	0	0
5966	3	metal4	187.87	69.715	1.09991	0	0
5967	0	metal5	187.87	69.715	1.09991	0	0
5968	3	metal4	187.87	59.715	1.09991	0	0
5969	0	metal5	187.87	59.715	1.09991	0	0
5970	3	metal4	187.87	49.715	1.09992	0	0
5971	0	metal5	187.87	49.715	1.09992	0	0
5972	3	metal4	187.87	39.715	1.09993	0	0
5973	0	metal5	187.87	39.715	1.09993	0	0
5974	3	metal4	187.87	29.715	1.09995	0	0
5975	0	metal5	187.87	29.715	1.09995	0	0
5976	3	metal4	183.39	79.715	1.09991	0	0
5977	0	metal5	183.39	79.715	1.09991	0	0
5978	3	metal4	183.39	69.715	1.09991	0	0
5979	0	metal5	183.39	69.715	1.09991	0	0
5980	3	metal4	183.39	59.715	1.09991	0	0
5981	0	metal5	183.39	59.715	1.09991	0	0
5982	3	metal4	183.39	49.715	1.09992	0	0
5983	0	metal5	183.39	49.715	1.09992	0	0
5984	3	metal4	183.39	39.715	1.09994	0	0
5985	0	metal5	183.39	39.715	1.09994	0	0
5986	3	metal4	183.39	29.715	1.09995	0	0
5987	0	metal5	183.39	29.715	1.09995	0	0
5988	3	metal4	178.91	79.715	1.09991	0	0
5989	0	metal5	178.91	79.715	1.09991	0	0
5990	3	metal4	178.91	69.715	1.09991	0	9.01401e-13
5991	0	metal5	178.91	69.715	1.09991	0	0
5992	3	metal4	178.91	59.715	1.09991	0	0
5993	0	metal5	178.91	59.715	1.09991	0	0
5994	3	metal4	178.91	49.715	1.09992	0	0
5995	0	metal5	178.91	49.715	1.09992	0	0
5996	3	metal4	178.91	39.715	1.09994	0	0
5997	0	metal5	178.91	39.715	1.09994	0	0
5998	3	metal4	178.91	29.715	1.09995	0	0
5999	0	metal5	178.91	29.715	1.09995	0	0
6000	3	metal4	174.43	79.715	1.09991	0	0
6001	0	metal5	174.43	79.715	1.09991	0	0
6002	3	metal4	174.43	69.715	1.09991	0	0
6003	0	metal5	174.43	69.715	1.09991	0	0
6004	3	metal4	174.43	59.715	1.09991	0	0
6005	0	metal5	174.43	59.715	1.09991	0	0
6006	3	metal4	174.43	49.715	1.09993	0	0
6007	0	metal5	174.43	49.715	1.09993	0	0
6008	3	metal4	174.43	39.715	1.09994	0	0
6009	0	metal5	174.43	39.715	1.09994	0	0
6010	3	metal4	174.43	29.715	1.09995	0	0
6011	0	metal5	174.43	29.715	1.09995	0	0
6012	3	metal4	169.95	79.715	1.09991	0	0
6013	0	metal5	169.95	79.715	1.09991	0	0
6014	3	metal4	169.95	69.715	1.09991	0	0
6015	0	metal5	169.95	69.715	1.09991	0	0
6016	3	metal4	169.95	59.715	1.09991	0	0
6017	0	metal5	169.95	59.715	1.09991	0	0
6018	3	metal4	169.95	49.715	1.09993	0	0
6019	0	metal5	169.95	49.715	1.09993	0	0
6020	3	metal4	169.95	39.715	1.09994	0	0
6021	0	metal5	169.95	39.715	1.09994	0	0
6022	3	metal4	169.95	29.715	1.09995	0	0
6023	0	metal5	169.95	29.715	1.09995	0	0
6024	3	metal4	165.47	79.715	1.09991	0	0
6025	0	metal5	165.47	79.715	1.09991	0	0
6026	3	metal4	165.47	69.715	1.09991	0	0
6027	0	metal5	165.47	69.715	1.09991	0	0
6028	3	metal4	165.47	59.715	1.09991	0	0
6029	0	metal5	165.47	59.715	1.09991	0	0
6030	3	metal4	165.47	49.715	1.09993	0	0
6031	0	metal5	165.47	49.715	1.09993	0	0
6032	3	metal4	165.47	39.715	1.09994	0	0
6033	0	metal5	165.47	39.715	1.09994	0	0
6034	3	metal4	165.47	29.715	1.09995	0	0
6035	0	metal5	165.47	29.715	1.09995	0	0
6036	3	metal4	160.99	79.715	1.09991	0	0
6037	0	metal5	160.99	79.715	1.09991	0	0
6038	3	metal4	160.99	69.715	1.09991	0	0
6039	0	metal5	160.99	69.715	1.09991	0	0
6040	3	metal4	160.99	59.715	1.0999	0	0
6041	0	metal5	160.99	59.715	1.0999	0	0
6042	3	metal4	160.99	49.715	1.09993	0	0
6043	0	metal5	160.99	49.715	1.09993	0	0
6044	3	metal4	160.99	39.715	1.09994	0	0
6045	0	metal5	160.99	39.715	1.09994	0	0
6046	3	metal4	160.99	29.715	1.09995	0	0
6047	0	metal5	160.99	29.715	1.09995	0	0
6048	3	metal4	156.51	79.715	1.09992	0	0
6049	0	metal5	156.51	79.715	1.09992	0	0
6050	3	metal4	156.51	69.715	1.09992	0	0
6051	0	metal5	156.51	69.715	1.09992	0	0
6052	3	metal4	156.51	59.715	1.0999	0	0
6053	0	metal5	156.51	59.715	1.0999	0	0.00141818
6054	3	metal4	156.51	49.715	1.09993	0	0
6055	0	metal5	156.51	49.715	1.09993	0	0
6056	3	metal4	156.51	39.715	1.09994	0	0
6057	0	metal5	156.51	39.715	1.09994	0	0
6058	3	metal4	156.51	29.715	1.09995	0	0
6059	0	metal5	156.51	29.715	1.09995	0	0
6060	3	metal4	152.03	79.715	1.09992	0	0
6061	0	metal5	152.03	79.715	1.09992	0	0
6062	3	metal4	152.03	69.715	1.09992	0	0
6063	0	metal5	152.03	69.715	1.09992	0	0
6064	3	metal4	152.03	59.715	1.0999	0	0
6065	0	metal5	152.03	59.715	1.0999	0	0
6066	3	metal4	152.03	49.715	1.09993	0	0
6067	0	metal5	152.03	49.715	1.09993	0	0
6068	3	metal4	152.03	39.715	1.09994	0	0
6069	0	metal5	152.03	39.715	1.09994	0	0
6070	3	metal4	152.03	29.715	1.09995	0	0
6071	0	metal5	152.03	29.715	1.09995	0	0
6072	3	metal4	147.55	79.715	1.09992	0	0
6073	0	metal5	147.55	79.715	1.09992	0	0
6074	3	metal4	147.55	69.715	1.09992	0	0
6075	0	metal5	147.55	69.715	1.09992	0	0
6076	3	metal4	147.55	59.715	1.09991	0	0
6077	0	metal5	147.55	59.715	1.09991	0	0
6078	3	metal4	147.55	49.715	1.09993	0	0
6079	0	metal5	147.55	49.715	1.09993	0	0
6080	3	metal4	147.55	39.715	1.09994	0	0
6081	0	metal5	147.55	39.715	1.09994	0	0
6082	3	metal4	147.55	29.715	1.09995	0	0
6083	0	metal5	147.55	29.715	1.09995	0	0
6084	3	metal4	143.07	79.715	1.09992	0	0
6085	0	metal5	143.07	79.715	1.09992	0	0
6086	3	metal4	143.07	69.715	1.09992	0	0
6087	0	metal5	143.07	69.715	1.09992	0	0
6088	3	metal4	143.07	59.715	1.09991	0	0
6089	0	metal5	143.07	59.715	1.09991	0	0
6090	3	metal4	143.07	49.715	1.09993	0	0
6091	0	metal5	143.07	49.715	1.09993	0	0
6092	3	metal4	143.07	39.715	1.09994	0	0
6093	0	metal5	143.07	39.715	1.09994	0	0
6094	3	metal4	143.07	29.715	1.09995	0	0
6095	0	metal5	143.07	29.715	1.09995	0	0
6096	3	metal4	138.59	79.715	1.09992	0	0
6097	0	metal5	138.59	79.715	1.09992	0	0
6098	3	metal4	138.59	69.715	1.09992	0	0
6099	0	metal5	138.59	69.715	1.09992	0	0
6100	3	metal4	138.59	59.715	1.09991	0	0
6101	0	metal5	138.59	59.715	1.09991	0	0
6102	3	metal4	138.59	49.715	1.09993	0	0
6103	0	metal5	138.59	49.715	1.09993	0	0
6104	3	metal4	138.59	39.715	1.09994	0	0
6105	0	metal5	138.59	39.715	1.09994	0	0
6106	3	metal4	138.59	29.715	1.09995	0	0
6107	0	metal5	138.59	29.715	1.09995	0	0
6108	3	metal4	134.11	79.715	1.09992	0	0
6109	0	metal5	134.11	79.715	1.09992	0	0
6110	3	metal4	134.11	69.715	1.09992	0	0
6111	0	metal5	134.11	69.715	1.09992	0	0
6112	3	metal4	134.11	59.715	1.09991	0	0
6113	0	metal5	134.11	59.715	1.09991	0	0
6114	3	metal4	134.11	49.715	1.09993	0	0
6115	0	metal5	134.11	49.715	1.09993	0	0
6116	3	metal4	134.11	39.715	1.09994	0	0
6117	0	metal5	134.11	39.715	1.09994	0	0
6118	3	metal4	134.11	29.715	1.09995	0	0
6119	0	metal5	134.11	29.715	1.09995	0	0
6120	3	metal4	129.63	79.715	1.09992	0	0
6121	0	metal5	129.63	79.715	1.09992	0	0
6122	3	metal4	129.63	69.715	1.09992	0	0
6123	0	metal5	129.63	69.715	1.09992	0	0
6124	3	metal4	129.63	59.715	1.09992	0	0
6125	0	metal5	129.63	59.715	1.09992	0	0
6126	3	metal4	129.63	49.715	1.09993	0	0
6127	0	metal5	129.63	49.715	1.09993	0	0
6128	3	metal4	129.63	39.715	1.09994	0	0
6129	0	metal5	129.63	39.715	1.09994	0	0
6130	3	metal4	129.63	29.715	1.09995	0	0
6131	0	metal5	129.63	29.715	1.09995	0	0
6132	3	metal4	125.15	79.715	1.09992	0	0
6133	0	metal5	125.15	79.715	1.09992	0	0
6134	3	metal4	125.15	69.715	1.09992	0	0
6135	0	metal5	125.15	69.715	1.09992	0	0
6136	3	metal4	125.15	59.715	1.09992	0	0
6137	0	metal5	125.15	59.715	1.09992	0	0
6138	3	metal4	125.15	49.715	1.09993	0	0
6139	0	metal5	125.15	49.715	1.09993	0	0
6140	3	metal4	125.15	39.715	1.09994	0	0
6141	0	metal5	125.15	39.715	1.09994	0	0
6142	3	metal4	125.15	29.715	1.09995	0	0
6143	0	metal5	125.15	29.715	1.09995	0	0
6144	1	metal6	294.39	59.6	1.09981	0	0
6145	2	metal7	294.39	59.6	1.09981	0	0
6146	1	metal6	294.39	29.6	1.09982	0	0
6147	2	metal7	294.39	29.6	1.09983	0	0
6148	1	metal6	284.39	59.6	1.09981	0	0
6149	2	metal7	284.39	59.6	1.09981	0	0
6150	1	metal6	284.39	29.6	1.09982	0	0
6151	2	metal7	284.39	29.6	1.09983	0	0
6152	1	metal6	274.39	59.6	1.09982	0	0
6153	2	metal7	274.39	59.6	1.09982	0	0
6154	1	metal6	274.39	29.6	1.09983	0	0
6155	2	metal7	274.39	29.6	1.09984	0	0
6156	1	metal6	264.39	59.6	1.09982	0	0
6157	2	metal7	264.39	59.6	1.09983	0	0
6158	1	metal6	264.39	29.6	1.09984	0	0
6159	2	metal7	264.39	29.6	1.09985	0	0
6160	1	metal6	254.39	59.6	1.09983	0	0
6161	2	metal7	254.39	59.6	1.09983	0	0
6162	1	metal6	254.39	29.6	1.09985	0	0
6163	2	metal7	254.39	29.6	1.09986	0	0
6164	1	metal6	244.39	59.6	1.09984	0	0
6165	2	metal7	244.39	59.6	1.09984	0	0
6166	1	metal6	244.39	29.6	1.09986	0	0
6167	2	metal7	244.39	29.6	1.09987	0	0
6168	1	metal6	234.39	59.6	1.09984	0	0
6169	2	metal7	234.39	59.6	1.09985	0	0
6170	1	metal6	234.39	29.6	1.09986	0	0
6171	2	metal7	234.39	29.6	1.09989	0	0
6172	1	metal6	224.39	59.6	1.09985	0	0
6173	2	metal7	224.39	59.6	1.09986	0	0
6174	1	metal6	224.39	29.6	1.09987	0	0
6175	2	metal7	224.39	29.6	1.0999	0	0
6176	0	metal5	294.39	79.715	1.09981	0	0
6177	1	metal6	294.39	79.715	1.0998	0	0
6178	0	metal5	294.39	69.715	1.09978	0	0
6179	1	metal6	294.39	69.715	1.0998	0	0
6180	0	metal5	294.39	59.715	1.09981	0	0
6181	1	metal6	294.39	59.715	1.09981	0	0
6182	0	metal5	294.39	49.715	1.09982	0	0
6183	1	metal6	294.39	49.715	1.09981	0	0
6184	0	metal5	294.39	39.715	1.09982	0	0
6185	1	metal6	294.39	39.715	1.09982	0	0
6186	0	metal5	294.39	29.715	1.09981	0	0
6187	1	metal6	294.39	29.715	1.09982	0	0
6188	0	metal5	284.39	79.715	1.09981	0	0
6189	1	metal6	284.39	79.715	1.09981	0	0
6190	0	metal5	284.39	69.715	1.0998	0	0
6191	1	metal6	284.39	69.715	1.09981	0	0
6192	0	metal5	284.39	59.715	1.09981	0	0
6193	1	metal6	284.39	59.715	1.09981	0	0
6194	0	metal5	284.39	49.715	1.09982	0	0
6195	1	metal6	284.39	49.715	1.09982	0	0
6196	0	metal5	284.39	39.715	1.09983	0	0
6197	1	metal6	284.39	39.715	1.09982	0	0
6198	0	metal5	284.39	29.715	1.09982	0	0
6199	1	metal6	284.39	29.715	1.09982	0	0
6200	0	metal5	274.39	79.715	1.09982	0	0
6201	1	metal6	274.39	79.715	1.09982	0	0
6202	0	metal5	274.39	69.715	1.09981	0	0
6203	1	metal6	274.39	69.715	1.09982	0	0
6204	0	metal5	274.39	59.715	1.09982	0	0
6205	1	metal6	274.39	59.715	1.09982	0	0
6206	0	metal5	274.39	49.715	1.09983	0	0
6207	1	metal6	274.39	49.715	1.09982	0	0
6208	0	metal5	274.39	39.715	1.09983	0	0
6209	1	metal6	274.39	39.715	1.09983	0	0
6210	0	metal5	274.39	29.715	1.09983	0	0
6211	1	metal6	274.39	29.715	1.09983	0	0
6212	0	metal5	264.39	79.715	1.09982	0	0
6213	1	metal6	264.39	79.715	1.09982	0	0
6214	0	metal5	264.39	69.715	1.09982	0	0
6215	1	metal6	264.39	69.715	1.09982	0	0
6216	0	metal5	264.39	59.715	1.09982	0	0
6217	1	metal6	264.39	59.715	1.09982	0	0
6218	0	metal5	264.39	49.715	1.09983	0	0
6219	1	metal6	264.39	49.715	1.09983	0	0
6220	0	metal5	264.39	39.715	1.09984	0	0
6221	1	metal6	264.39	39.715	1.09984	0	0
6222	0	metal5	264.39	29.715	1.09984	0	0
6223	1	metal6	264.39	29.715	1.09984	0	0
6224	0	metal5	254.39	79.715	1.09983	0	0
6225	1	metal6	254.39	79.715	1.09983	0	0
6226	0	metal5	254.39	69.715	1.09983	0	0
6227	1	metal6	254.39	69.715	1.09983	0	0
6228	0	metal5	254.39	59.715	1.09982	0	0
6229	1	metal6	254.39	59.715	1.09983	0	0
6230	0	metal5	254.39	49.715	1.09984	0	0
6231	1	metal6	254.39	49.715	1.09984	0	0
6232	0	metal5	254.39	39.715	1.09984	0	0
6233	1	metal6	254.39	39.715	1.09984	0	0
6234	0	metal5	254.39	29.715	1.09985	0	0
6235	1	metal6	254.39	29.715	1.09985	0	0
6236	0	metal5	244.39	79.715	1.09983	0	0
6237	1	metal6	244.39	79.715	1.09983	0	0
6238	0	metal5	244.39	69.715	1.09983	0	0
6239	1	metal6	244.39	69.715	1.09983	0	0
6240	0	metal5	244.39	59.715	1.09983	0	0
6241	1	metal6	244.39	59.715	1.09984	0	0
6242	0	metal5	244.39	49.715	1.09984	0	0
6243	1	metal6	244.39	49.715	1.09984	0	0
6244	0	metal5	244.39	39.715	1.09985	0	0
6245	1	metal6	244.39	39.715	1.09985	0	0
6246	0	metal5	244.39	29.715	1.09985	0	0
6247	1	metal6	244.39	29.715	1.09986	0	0
6248	0	metal5	234.39	79.715	1.09984	0	0
6249	1	metal6	234.39	79.715	1.09984	0	0
6250	0	metal5	234.39	69.715	1.09984	0	0
6251	1	metal6	234.39	69.715	1.09984	0	0
6252	0	metal5	234.39	59.715	1.09984	0	0
6253	1	metal6	234.39	59.715	1.09984	0	0
6254	0	metal5	234.39	49.715	1.09985	0	0
6255	1	metal6	234.39	49.715	1.09985	0	0
6256	0	metal5	234.39	39.715	1.09985	0	0
6257	1	metal6	234.39	39.715	1.09986	0	0
6258	0	metal5	234.39	29.715	1.09986	0	0
6259	1	metal6	234.39	29.715	1.09986	0	0
6260	0	metal5	224.39	79.715	1.09984	0	0
6261	1	metal6	224.39	79.715	1.09984	0	0
6262	0	metal5	224.39	69.715	1.09984	0	0
6263	1	metal6	224.39	69.715	1.09984	0	0
6264	0	metal5	224.39	59.715	1.09984	0	0
6265	1	metal6	224.39	59.715	1.09985	0	0
6266	0	metal5	224.39	49.715	1.09985	0	0
6267	1	metal6	224.39	49.715	1.09985	0	0
6268	0	metal5	224.39	39.715	1.09986	0	0
6269	1	metal6	224.39	39.715	1.09986	0	0
6270	0	metal5	224.39	29.715	1.09986	0	0
6271	1	metal6	224.39	29.715	1.09987	0	0
6272	3	metal4	291.01	79.715	1.09981	0	0
6273	0	metal5	291.01	79.715	1.09981	0	0
6274	3	metal4	291.01	69.715	1.09973	0	0.00184987
6275	0	metal5	291.01	69.715	1.09978	0	0
6276	3	metal4	291.01	59.715	1.09981	0	0
6277	0	metal5	291.01	59.715	1.09981	0	0
6278	3	metal4	291.01	49.715	1.09982	0	0
6279	0	metal5	291.01	49.715	1.09982	0	0
6280	3	metal4	291.01	39.715	1.09982	0	0
6281	0	metal5	291.01	39.715	1.09982	0	0
6282	3	metal4	291.01	29.715	1.09977	0	0.00123271
6283	0	metal5	291.01	29.715	1.09981	0	0
6284	3	metal4	286.53	79.715	1.09981	0	0
6285	0	metal5	286.53	79.715	1.09981	0	0
6286	3	metal4	286.53	69.715	1.09979	0	0
6287	0	metal5	286.53	69.715	1.09979	0	0
6288	3	metal4	286.53	59.715	1.09981	0	0
6289	0	metal5	286.53	59.715	1.09981	0	0
6290	3	metal4	286.53	49.715	1.09982	0	0
6291	0	metal5	286.53	49.715	1.09982	0	0
6292	3	metal4	286.53	39.715	1.09982	0	0
6293	0	metal5	286.53	39.715	1.09982	0	0
6294	3	metal4	286.53	29.715	1.09981	0	0
6295	0	metal5	286.53	29.715	1.09981	0	0
6296	3	metal4	282.05	79.715	1.09981	0	0
6297	0	metal5	282.05	79.715	1.09981	0	0
6298	3	metal4	282.05	69.715	1.0998	0	0
6299	0	metal5	282.05	69.715	1.0998	0	0
6300	3	metal4	282.05	59.715	1.09981	0	0
6301	0	metal5	282.05	59.715	1.09981	0	0
6302	3	metal4	282.05	49.715	1.09982	0	0
6303	0	metal5	282.05	49.715	1.09982	0	0
6304	3	metal4	282.05	39.715	1.09983	0	0
6305	0	metal5	282.05	39.715	1.09983	0	0
6306	3	metal4	282.05	29.715	1.09982	0	0
6307	0	metal5	282.05	29.715	1.09982	0	0
6308	3	metal4	277.57	79.715	1.09982	0	0
6309	0	metal5	277.57	79.715	1.09982	0	0
6310	3	metal4	277.57	69.715	1.0998	0	0
6311	0	metal5	277.57	69.715	1.0998	0	0
6312	3	metal4	277.57	59.715	1.09982	0	0
6313	0	metal5	277.57	59.715	1.09982	0	0
6314	3	metal4	277.57	49.715	1.09982	0	0
6315	0	metal5	277.57	49.715	1.09982	0	0
6316	3	metal4	277.57	39.715	1.09983	0	0
6317	0	metal5	277.57	39.715	1.09983	0	0
6318	3	metal4	277.57	29.715	1.09982	0	0
6319	0	metal5	277.57	29.715	1.09982	0	0
6320	3	metal4	273.09	79.715	1.09982	0	0
6321	0	metal5	273.09	79.715	1.09982	0	0
6322	3	metal4	273.09	69.715	1.09981	0	0
6323	0	metal5	273.09	69.715	1.09981	0	0
6324	3	metal4	273.09	59.715	1.09982	0	0
6325	0	metal5	273.09	59.715	1.09982	0	0
6326	3	metal4	273.09	49.715	1.09983	0	0
6327	0	metal5	273.09	49.715	1.09983	0	0
6328	3	metal4	273.09	39.715	1.09983	0	0
6329	0	metal5	273.09	39.715	1.09983	0	0
6330	3	metal4	273.09	29.715	1.09983	0	0
6331	0	metal5	273.09	29.715	1.09983	0	0
6332	3	metal4	268.61	79.715	1.09982	0	0
6333	0	metal5	268.61	79.715	1.09982	0	0
6334	3	metal4	268.61	69.715	1.09981	0	0
6335	0	metal5	268.61	69.715	1.09981	0	0
6336	3	metal4	268.61	59.715	1.09982	0	0
6337	0	metal5	268.61	59.715	1.09982	0	0
6338	3	metal4	268.61	49.715	1.09983	0	0
6339	0	metal5	268.61	49.715	1.09983	0	0
6340	3	metal4	268.61	39.715	1.09983	0	0
6341	0	metal5	268.61	39.715	1.09983	0	0
6342	3	metal4	268.61	29.715	1.09983	0	0
6343	0	metal5	268.61	29.715	1.09983	0	0
6344	3	metal4	264.13	79.715	1.09982	0	0
6345	0	metal5	264.13	79.715	1.09982	0	0
6346	3	metal4	264.13	69.715	1.09982	0	0
6347	0	metal5	264.13	69.715	1.09982	0	0
6348	3	metal4	264.13	59.715	1.09982	0	0
6349	0	metal5	264.13	59.715	1.09982	0	0
6350	3	metal4	264.13	49.715	1.09983	0	0
6351	0	metal5	264.13	49.715	1.09983	0	0
6352	3	metal4	264.13	39.715	1.09984	0	0
6353	0	metal5	264.13	39.715	1.09984	0	0
6354	3	metal4	264.13	29.715	1.09984	0	0
6355	0	metal5	264.13	29.715	1.09984	0	0
6356	3	metal4	259.65	79.715	1.09982	0	0
6357	0	metal5	259.65	79.715	1.09982	0	0
6358	3	metal4	259.65	69.715	1.09982	0	0
6359	0	metal5	259.65	69.715	1.09982	0	0
6360	3	metal4	259.65	59.715	1.09982	0	0
6361	0	metal5	259.65	59.715	1.09982	0	0
6362	3	metal4	259.65	49.715	1.09983	0	0
6363	0	metal5	259.65	49.715	1.09983	0	0
6364	3	metal4	259.65	39.715	1.09984	0	0
6365	0	metal5	259.65	39.715	1.09984	0	0
6366	3	metal4	259.65	29.715	1.09984	0	0
6367	0	metal5	259.65	29.715	1.09984	0	0
6368	3	metal4	255.17	79.715	1.09983	0	0
6369	0	metal5	255.17	79.715	1.09983	0	0
6370	3	metal4	255.17	69.715	1.09983	0	0
6371	0	metal5	255.17	69.715	1.09983	0	0
6372	3	metal4	255.17	59.715	1.09981	0	0
6373	0	metal5	255.17	59.715	1.09981	0	0.00141818
6374	3	metal4	255.17	49.715	1.09984	0	0
6375	0	metal5	255.17	49.715	1.09984	0	0
6376	3	metal4	255.17	39.715	1.09984	0	0
6377	0	metal5	255.17	39.715	1.09984	0	0
6378	3	metal4	255.17	29.715	1.09985	0	0
6379	0	metal5	255.17	29.715	1.09985	0	0
6380	3	metal4	250.69	79.715	1.09983	0	0
6381	0	metal5	250.69	79.715	1.09983	0	0
6382	3	metal4	250.69	69.715	1.09983	0	0
6383	0	metal5	250.69	69.715	1.09983	0	0
6384	3	metal4	250.69	59.715	1.09982	0	0
6385	0	metal5	250.69	59.715	1.09982	0	0
6386	3	metal4	250.69	49.715	1.09984	0	0
6387	0	metal5	250.69	49.715	1.09984	0	0
6388	3	metal4	250.69	39.715	1.09984	0	0
6389	0	metal5	250.69	39.715	1.09984	0	0
6390	3	metal4	250.69	29.715	1.09985	0	0
6391	0	metal5	250.69	29.715	1.09985	0	0
6392	3	metal4	246.21	79.715	1.09983	0	0
6393	0	metal5	246.21	79.715	1.09983	0	0
6394	3	metal4	246.21	69.715	1.09983	0	0
6395	0	metal5	246.21	69.715	1.09983	0	0
6396	3	metal4	246.21	59.715	1.09983	0	0
6397	0	metal5	246.21	59.715	1.09983	0	0
6398	3	metal4	246.21	49.715	1.09984	0	0
6399	0	metal5	246.21	49.715	1.09984	0	0
6400	3	metal4	246.21	39.715	1.09985	0	0
6401	0	metal5	246.21	39.715	1.09985	0	0
6402	3	metal4	246.21	29.715	1.09985	0	0
6403	0	metal5	246.21	29.715	1.09985	0	0
6404	3	metal4	241.73	79.715	1.09983	0	0
6405	0	metal5	241.73	79.715	1.09983	0	0
6406	3	metal4	241.73	69.715	1.09983	0	0
6407	0	metal5	241.73	69.715	1.09983	0	0
6408	3	metal4	241.73	59.715	1.09983	0	0
6409	0	metal5	241.73	59.715	1.09983	0	0
6410	3	metal4	241.73	49.715	1.09984	0	0
6411	0	metal5	241.73	49.715	1.09984	0	0
6412	3	metal4	241.73	39.715	1.09985	0	0
6413	0	metal5	241.73	39.715	1.09985	0	0
6414	3	metal4	241.73	29.715	1.09986	0	0
6415	0	metal5	241.73	29.715	1.09986	0	0
6416	3	metal4	237.25	79.715	1.09983	0	0
6417	0	metal5	237.25	79.715	1.09983	0	0
6418	3	metal4	237.25	69.715	1.09984	0	0
6419	0	metal5	237.25	69.715	1.09984	0	0
6420	3	metal4	237.25	59.715	1.09983	0	0
6421	0	metal5	237.25	59.715	1.09983	0	0
6422	3	metal4	237.25	49.715	1.09984	0	0
6423	0	metal5	237.25	49.715	1.09984	0	0
6424	3	metal4	237.25	39.715	1.09985	0	0
6425	0	metal5	237.25	39.715	1.09985	0	0
6426	3	metal4	237.25	29.715	1.09986	0	0
6427	0	metal5	237.25	29.715	1.09986	0	0
6428	3	metal4	232.77	79.715	1.09984	0	0
6429	0	metal5	232.77	79.715	1.09984	0	0
6430	3	metal4	232.77	69.715	1.09984	0	0
6431	0	metal5	232.77	69.715	1.09984	0	0
6432	3	metal4	232.77	59.715	1.09984	0	0
6433	0	metal5	232.77	59.715	1.09984	0	0
6434	3	metal4	232.77	49.715	1.09985	0	0
6435	0	metal5	232.77	49.715	1.09985	0	0
6436	3	metal4	232.77	39.715	1.09985	0	0
6437	0	metal5	232.77	39.715	1.09985	0	0
6438	3	metal4	232.77	29.715	1.09986	0	0
6439	0	metal5	232.77	29.715	1.09986	0	0
6440	3	metal4	228.29	79.715	1.09984	0	0
6441	0	metal5	228.29	79.715	1.09984	0	0
6442	3	metal4	228.29	69.715	1.09984	0	0
6443	0	metal5	228.29	69.715	1.09984	0	0
6444	3	metal4	228.29	59.715	1.09984	0	0
6445	0	metal5	228.29	59.715	1.09984	0	0
6446	3	metal4	228.29	49.715	1.09985	0	0
6447	0	metal5	228.29	49.715	1.09985	0	0
6448	3	metal4	228.29	39.715	1.09985	0	0
6449	0	metal5	228.29	39.715	1.09985	0	0
6450	3	metal4	228.29	29.715	1.09986	0	0
6451	0	metal5	228.29	29.715	1.09986	0	0
6452	3	metal4	223.81	79.715	1.09984	0	0
6453	0	metal5	223.81	79.715	1.09984	0	0
6454	3	metal4	223.81	69.715	1.09984	0	0
6455	0	metal5	223.81	69.715	1.09984	0	0
6456	3	metal4	223.81	59.715	1.09984	0	0
6457	0	metal5	223.81	59.715	1.09984	0	0
6458	3	metal4	223.81	49.715	1.09985	0	0
6459	0	metal5	223.81	49.715	1.09985	0	0
6460	3	metal4	223.81	39.715	1.09986	0	0
6461	0	metal5	223.81	39.715	1.09986	0	0
6462	3	metal4	223.81	29.715	1.09986	0	0
6463	0	metal5	223.81	29.715	1.09986	0	0
6464	1	metal6	1086.21	1079.6	1.09989	0	0
6465	2	metal7	1086.21	1079.6	1.0999	0	0
6466	0	metal5	1086.21	1079.6	1.09988	0	0
6467	3	metal4	1086.21	1079.6	1.09988	0	0
6468	1	metal6	1086.21	1049.6	1.09985	0	0
6469	2	metal7	1086.21	1049.6	1.09985	0	0
6470	0	metal5	1086.21	1049.6	1.09985	0	0
6471	3	metal4	1086.21	1049.6	1.09985	0	0
6472	1	metal6	1086.21	1019.6	1.09983	0	0
6473	2	metal7	1086.21	1019.6	1.09982	0	0
6474	0	metal5	1086.21	1019.6	1.09983	0	0
6475	3	metal4	1086.21	1019.6	1.09984	0	0
6476	1	metal6	1086.21	959.6	1.09927	0	0
6477	2	metal7	1086.21	959.6	1.09927	0	0
6478	0	metal5	1086.21	959.6	1.09927	0	0
6479	3	metal4	1086.21	959.6	1.09927	0	0
6480	1	metal6	1086.21	929.6	1.09926	0	0
6481	2	metal7	1086.21	929.6	1.09926	0	0
6482	0	metal5	1086.21	929.6	1.09926	0	0
6483	3	metal4	1086.21	929.6	1.09926	0	0
6484	1	metal6	1086.21	329.6	1.09936	0	0
6485	2	metal7	1086.21	329.6	1.09936	0	0
6486	0	metal5	1086.21	329.6	1.09936	0	0
6487	3	metal4	1086.21	329.6	1.09936	0	0
6488	1	metal6	1086.21	299.6	1.09936	0	0
6489	2	metal7	1086.21	299.6	1.09936	0	0
6490	0	metal5	1086.21	299.6	1.09936	0	0
6491	3	metal4	1086.21	299.6	1.09936	0	0
6492	1	metal6	1086.21	239.6	1.09938	0	0
6493	2	metal7	1086.21	239.6	1.09938	0	0
6494	0	metal5	1086.21	239.6	1.09938	0	0
6495	3	metal4	1086.21	239.6	1.09938	0	0
6496	1	metal6	1086.21	209.6	1.09938	0	0
6497	2	metal7	1086.21	209.6	1.09938	0	0
6498	0	metal5	1086.21	209.6	1.09938	0	0
6499	3	metal4	1086.21	209.6	1.09938	0	0
6500	1	metal6	1086.21	149.6	1.09925	0	0
6501	2	metal7	1086.21	149.6	1.09925	0	0
6502	0	metal5	1086.21	149.6	1.09925	0	0
6503	3	metal4	1086.21	149.6	1.09925	0	0
6504	1	metal6	1086.21	119.6	1.09926	0	0
6505	2	metal7	1086.21	119.6	1.09926	0	0
6506	0	metal5	1086.21	119.6	1.09925	0	0
6507	3	metal4	1086.21	119.6	1.09925	0	0
6508	1	metal6	1086.21	89.6	1.09946	0	0
6509	2	metal7	1086.21	89.6	1.09946	0	0
6510	0	metal5	1086.21	89.6	1.09946	0	0
6511	3	metal4	1086.21	89.6	1.09947	0	0
6512	1	metal6	1086.21	59.6	1.09942	0	0
6513	2	metal7	1086.21	59.6	1.09939	0	0
6514	0	metal5	1086.21	59.6	1.09945	0	0
6515	3	metal4	1086.21	59.6	1.09948	0	0
6516	1	metal6	1086.21	29.6	1.09946	0	0
6517	2	metal7	1086.21	29.6	1.09941	0	0
6518	0	metal5	1086.21	29.6	1.09952	0	0
6519	3	metal4	1086.21	29.6	1.09958	0	0
6520	1	metal6	1086.21	18.645	1.09986	0	0
6521	2	metal7	1086.21	18.645	1.09995	0	0
6522	0	metal5	1086.21	18.645	1.09977	0	0
6523	3	metal4	1086.21	18.645	1.09968	0	0
6524	1	metal6	1048.07	1086.47	1.09983	0	0
6525	2	metal7	1048.07	1086.47	1.09983	0	0
6526	0	metal5	1048.07	1086.47	1.09983	0	0
6527	3	metal4	1048.07	1086.47	1.09983	0	0
6528	1	metal6	1048.07	989.6	1.09949	0	0
6529	2	metal7	1048.07	989.6	1.09949	0	0
6530	0	metal5	1048.07	989.6	1.09949	0	0
6531	3	metal4	1048.07	989.6	1.09949	0	0
6532	1	metal6	1048.07	899.6	1.09915	0	0
6533	2	metal7	1048.07	899.6	1.09916	0	0
6534	0	metal5	1048.07	899.6	1.09914	0	0
6535	3	metal4	1048.07	899.6	1.09913	0	0
6536	1	metal6	1048.07	869.6	1.09912	0	0
6537	2	metal7	1048.07	869.6	1.09914	0	0
6538	0	metal5	1048.07	869.6	1.09911	0	0
6539	3	metal4	1048.07	869.6	1.09909	0	0
6540	1	metal6	1048.07	839.6	1.099	0	0
6541	2	metal7	1048.07	839.6	1.09899	0	0
6542	0	metal5	1048.07	839.6	1.09901	0	0
6543	3	metal4	1048.07	839.6	1.09901	0	0.000587193
6544	1	metal6	1048.07	809.6	1.09898	0	0
6545	2	metal7	1048.07	809.6	1.09897	0	0
6546	0	metal5	1048.07	809.6	1.09899	0	0
6547	3	metal4	1048.07	809.6	1.099	0	0.000587193
6548	1	metal6	1048.07	779.6	1.09909	0	0
6549	2	metal7	1048.07	779.6	1.09911	0	0
6550	0	metal5	1048.07	779.6	1.09908	0	0
6551	3	metal4	1048.07	779.6	1.09907	0	0
6552	1	metal6	1048.07	749.6	1.09911	0	0
6553	2	metal7	1048.07	749.6	1.09912	0	0
6554	0	metal5	1048.07	749.6	1.0991	0	0
6555	3	metal4	1048.07	749.6	1.0991	0	0.000587193
6556	1	metal6	1048.07	719.6	1.09919	0	0
6557	2	metal7	1048.07	719.6	1.09921	0	0
6558	0	metal5	1048.07	719.6	1.09918	0	0
6559	3	metal4	1048.07	719.6	1.09916	0	0
6560	1	metal6	1048.07	689.6	1.09918	0	0
6561	2	metal7	1048.07	689.6	1.09919	0	0
6562	0	metal5	1048.07	689.6	1.09918	0	0
6563	3	metal4	1048.07	689.6	1.09917	0	0.000587193
6564	1	metal6	1048.07	659.6	1.09925	0	0
6565	2	metal7	1048.07	659.6	1.09927	0	0
6566	0	metal5	1048.07	659.6	1.09924	0	0
6567	3	metal4	1048.07	659.6	1.09922	0	0
6568	1	metal6	1048.07	629.6	1.09924	0	0
6569	2	metal7	1048.07	629.6	1.09924	0	0
6570	0	metal5	1048.07	629.6	1.09923	0	0
6571	3	metal4	1048.07	629.6	1.09923	0	0.000587193
6572	1	metal6	1048.07	599.6	1.0993	0	0
6573	2	metal7	1048.07	599.6	1.09932	0	0
6574	0	metal5	1048.07	599.6	1.09929	0	0
6575	3	metal4	1048.07	599.6	1.09927	0	0
6576	1	metal6	1048.07	569.6	1.09929	0	0
6577	2	metal7	1048.07	569.6	1.0993	0	0
6578	0	metal5	1048.07	569.6	1.09928	0	0
6579	3	metal4	1048.07	569.6	1.09927	0	0.000587193
6580	1	metal6	1048.07	539.6	1.09933	0	0
6581	2	metal7	1048.07	539.6	1.09934	0	0
6582	0	metal5	1048.07	539.6	1.09932	0	0
6583	3	metal4	1048.07	539.6	1.0993	0	0
6584	1	metal6	1048.07	509.6	1.0993	0	0
6585	2	metal7	1048.07	509.6	1.0993	0	0
6586	0	metal5	1048.07	509.6	1.09929	0	0
6587	3	metal4	1048.07	509.6	1.09929	0	0.000587193
6588	1	metal6	1048.07	479.6	1.09935	0	0
6589	2	metal7	1048.07	479.6	1.09936	0	0
6590	0	metal5	1048.07	479.6	1.09934	0	0
6591	3	metal4	1048.07	479.6	1.09932	0	0
6592	1	metal6	1048.07	449.6	1.09933	0	0
6593	2	metal7	1048.07	449.6	1.09934	0	0
6594	0	metal5	1048.07	449.6	1.09933	0	0
6595	3	metal4	1048.07	449.6	1.09932	0	0.000587193
6596	1	metal6	1048.07	419.6	1.09937	0	0
6597	2	metal7	1048.07	419.6	1.09938	0	0
6598	0	metal5	1048.07	419.6	1.09936	0	0
6599	3	metal4	1048.07	419.6	1.09934	0	0
6600	1	metal6	1048.07	389.6	1.09934	0	0
6601	2	metal7	1048.07	389.6	1.09934	0	0
6602	0	metal5	1048.07	389.6	1.09933	0	0
6603	3	metal4	1048.07	389.6	1.09932	0	0.000587193
6604	1	metal6	1048.07	359.6	1.09935	0	0
6605	2	metal7	1048.07	359.6	1.09935	0	0
6606	0	metal5	1048.07	359.6	1.09934	0	0
6607	3	metal4	1048.07	359.6	1.09934	0	0
6608	1	metal6	1048.07	269.6	1.09944	0	0
6609	2	metal7	1048.07	269.6	1.09944	0	0
6610	0	metal5	1048.07	269.6	1.09944	0	0
6611	3	metal4	1048.07	269.6	1.09944	0	0
6612	1	metal6	1048.07	179.6	1.0994	0	0
6613	2	metal7	1048.07	179.6	1.0994	0	0
6614	0	metal5	1048.07	179.6	1.0994	0	0
6615	3	metal4	1048.07	179.6	1.0994	0	0
6616	1	metal6	1048.07	89.845	1.09946	0	0
6617	2	metal7	1048.07	89.845	1.09946	0	0
6618	0	metal5	1048.07	89.845	1.09946	0	0
6619	3	metal4	1048.07	89.845	1.09946	0	0
6620	1	metal6	1048.07	18.47	1.09997	0	0
6621	2	metal7	1048.07	18.47	1.09997	0	0
6622	0	metal5	1048.07	18.47	1.09997	0	0
6623	3	metal4	1048.07	18.47	1.09997	0	0
6624	1	metal6	992.07	1086.47	1.09984	0	0
6625	2	metal7	992.07	1086.47	1.09983	0	0
6626	0	metal5	992.07	1086.47	1.09985	0	0
6627	3	metal4	992.07	1086.47	1.09986	0	0
6628	1	metal6	992.07	1079.6	1.09993	0	0
6629	2	metal7	992.07	1079.6	1.09996	0	0
6630	0	metal5	992.07	1079.6	1.0999	0	0
6631	3	metal4	992.07	1079.6	1.09987	0	0
6632	1	metal6	992.07	1049.6	1.09982	0	0
6633	2	metal7	992.07	1049.6	1.09983	0	0
6634	0	metal5	992.07	1049.6	1.09981	0	0
6635	3	metal4	992.07	1049.6	1.0998	0	0
6636	1	metal6	992.07	1019.6	1.09976	0	0
6637	2	metal7	992.07	1019.6	1.09979	0	0
6638	0	metal5	992.07	1019.6	1.09973	0	0
6639	3	metal4	992.07	1019.6	1.0997	0	0
6640	1	metal6	992.07	989.6	1.0995	0	0
6641	2	metal7	992.07	989.6	1.09949	0	0
6642	0	metal5	992.07	989.6	1.09951	0	0
6643	3	metal4	992.07	989.6	1.09952	0	0
6644	1	metal6	992.07	959.6	1.09931	0	0
6645	2	metal7	992.07	959.6	1.09928	0	0
6646	0	metal5	992.07	959.6	1.09933	0	0
6647	3	metal4	992.07	959.6	1.09935	0	0
6648	1	metal6	992.07	929.6	1.09927	0	0
6649	2	metal7	992.07	929.6	1.09927	0	0
6650	0	metal5	992.07	929.6	1.09927	0	0
6651	3	metal4	992.07	929.6	1.09926	0	0
6652	1	metal6	992.07	899.6	1.09917	0	0
6653	2	metal7	992.07	899.6	1.09917	0	0
6654	0	metal5	992.07	899.6	1.09917	0	0
6655	3	metal4	992.07	899.6	1.09917	0	0
6656	1	metal6	992.07	869.6	1.09912	0	0
6657	2	metal7	992.07	869.6	1.09914	0	0
6658	0	metal5	992.07	869.6	1.09909	0	0
6659	3	metal4	992.07	869.6	1.09907	0	0
6660	1	metal6	992.07	839.6	1.09896	0	0
6661	2	metal7	992.07	839.6	1.09899	0	0
6662	0	metal5	992.07	839.6	1.09892	0	0
6663	3	metal4	992.07	839.6	1.09889	0	0.00276047
6664	1	metal6	992.07	809.6	1.09894	0	0
6665	2	metal7	992.07	809.6	1.09897	0	0
6666	0	metal5	992.07	809.6	1.0989	0	0
6667	3	metal4	992.07	809.6	1.09887	0	0.00285432
6668	1	metal6	992.07	779.6	1.09907	0	0
6669	2	metal7	992.07	779.6	1.09911	0	0
6670	0	metal5	992.07	779.6	1.09903	0	0
6671	3	metal4	992.07	779.6	1.09899	0	0
6672	1	metal6	992.07	749.6	1.09908	0	0
6673	2	metal7	992.07	749.6	1.09912	0	0
6674	0	metal5	992.07	749.6	1.09904	0	0
6675	3	metal4	992.07	749.6	1.099	0	0.00231468
6676	1	metal6	992.07	719.6	1.09918	0	0
6677	2	metal7	992.07	719.6	1.09922	0	0
6678	0	metal5	992.07	719.6	1.09914	0	0
6679	3	metal4	992.07	719.6	1.0991	0	0
6680	1	metal6	992.07	689.6	1.09916	0	0
6681	2	metal7	992.07	689.6	1.09919	0	0
6682	0	metal5	992.07	689.6	1.09912	0	0
6683	3	metal4	992.07	689.6	1.09908	0	0.00231468
6684	1	metal6	992.07	659.6	1.09924	0	0
6685	2	metal7	992.07	659.6	1.09927	0	0
6686	0	metal5	992.07	659.6	1.0992	0	0
6687	3	metal4	992.07	659.6	1.09917	0	0
6688	1	metal6	992.07	629.6	1.09921	0	0
6689	2	metal7	992.07	629.6	1.09924	0	0
6690	0	metal5	992.07	629.6	1.09918	0	0
6691	3	metal4	992.07	629.6	1.09914	0	0.00231468
6692	1	metal6	992.07	599.6	1.09929	0	0
6693	2	metal7	992.07	599.6	1.09932	0	0
6694	0	metal5	992.07	599.6	1.09926	0	0
6695	3	metal4	992.07	599.6	1.09923	0	0
6696	1	metal6	992.07	569.6	1.09928	0	0
6697	2	metal7	992.07	569.6	1.0993	0	0
6698	0	metal5	992.07	569.6	1.09925	0	0
6699	3	metal4	992.07	569.6	1.09923	0	0.00133104
6700	1	metal6	992.07	539.6	1.09932	0	0
6701	2	metal7	992.07	539.6	1.09935	0	0
6702	0	metal5	992.07	539.6	1.0993	0	0
6703	3	metal4	992.07	539.6	1.09927	0	0
6704	1	metal6	992.07	509.6	1.09928	0	0
6705	2	metal7	992.07	509.6	1.0993	0	0
6706	0	metal5	992.07	509.6	1.09926	0	0
6707	3	metal4	992.07	509.6	1.09925	0	0.00153929
6708	1	metal6	992.07	479.6	1.09935	0	0
6709	2	metal7	992.07	479.6	1.09937	0	0
6710	0	metal5	992.07	479.6	1.09933	0	0
6711	3	metal4	992.07	479.6	1.0993	0	0
6712	1	metal6	992.07	449.6	1.09933	0	0
6713	2	metal7	992.07	449.6	1.09934	0	0
6714	0	metal5	992.07	449.6	1.09931	0	0
6715	3	metal4	992.07	449.6	1.0993	0	0.00104388
6716	1	metal6	992.07	419.6	1.09937	0	0
6717	2	metal7	992.07	419.6	1.09939	0	0
6718	0	metal5	992.07	419.6	1.09936	0	0
6719	3	metal4	992.07	419.6	1.09934	0	0
6720	1	metal6	992.07	389.6	1.09934	0	0
6721	2	metal7	992.07	389.6	1.09934	0	0
6722	0	metal5	992.07	389.6	1.09933	0	0
6723	3	metal4	992.07	389.6	1.09933	0	0.00055497
6724	1	metal6	992.07	359.6	1.09935	0	0
6725	2	metal7	992.07	359.6	1.09935	0	0
6726	0	metal5	992.07	359.6	1.09935	0	0
6727	3	metal4	992.07	359.6	1.09935	0	0
6728	1	metal6	992.07	329.6	1.09937	0	0
6729	2	metal7	992.07	329.6	1.09938	0	0
6730	0	metal5	992.07	329.6	1.09937	0	0
6731	3	metal4	992.07	329.6	1.09937	0	0
6732	1	metal6	992.07	299.6	1.09937	0	0
6733	2	metal7	992.07	299.6	1.09937	0	0
6734	0	metal5	992.07	299.6	1.09938	0	0
6735	3	metal4	992.07	299.6	1.09938	0	0
6736	1	metal6	992.07	269.6	1.09943	0	0
6737	2	metal7	992.07	269.6	1.09944	0	0
6738	0	metal5	992.07	269.6	1.09941	0	0
6739	3	metal4	992.07	269.6	1.0994	0	0
6740	1	metal6	992.07	239.6	1.09938	0	0
6741	2	metal7	992.07	239.6	1.09938	0	0
6742	0	metal5	992.07	239.6	1.09938	0	0
6743	3	metal4	992.07	239.6	1.09939	0	0
6744	1	metal6	992.07	209.6	1.09939	0	0
6745	2	metal7	992.07	209.6	1.09939	0	0
6746	0	metal5	992.07	209.6	1.09939	0	0
6747	3	metal4	992.07	209.6	1.09938	0	0
6748	1	metal6	992.07	179.6	1.09939	0	0
6749	2	metal7	992.07	179.6	1.0994	0	0
6750	0	metal5	992.07	179.6	1.09938	0	0
6751	3	metal4	992.07	179.6	1.09937	0	0
6752	1	metal6	992.07	149.6	1.09928	0	0
6753	2	metal7	992.07	149.6	1.09926	0	0
6754	0	metal5	992.07	149.6	1.0993	0	0
6755	3	metal4	992.07	149.6	1.09932	0	0
6756	1	metal6	992.07	119.6	1.09928	0	0
6757	2	metal7	992.07	119.6	1.09926	0	0
6758	0	metal5	992.07	119.6	1.09931	0	0
6759	3	metal4	992.07	119.6	1.09933	0	0
6760	1	metal6	992.07	89.6	1.09944	0	0
6761	2	metal7	992.07	89.6	1.09945	0	0
6762	0	metal5	992.07	89.6	1.09943	0	0
6763	3	metal4	992.07	89.6	1.09941	0	0
6764	1	metal6	992.07	59.6	1.0994	0	0
6765	2	metal7	992.07	59.6	1.09937	0	0
6766	0	metal5	992.07	59.6	1.09943	0	0
6767	3	metal4	992.07	59.6	1.09945	0	0
6768	1	metal6	992.07	29.6	1.09945	0	0
6769	2	metal7	992.07	29.6	1.09939	0	0
6770	0	metal5	992.07	29.6	1.09951	0	0
6771	3	metal4	992.07	29.6	1.09958	0	0
6772	1	metal6	992.07	18.47	1.0999	0	0
6773	2	metal7	992.07	18.47	1.1	1	0
6774	0	metal5	992.07	18.47	1.0998	0	0
6775	3	metal4	992.07	18.47	1.09969	0	0
6776	1	metal6	936.07	1086.47	1.09982	0	0
6777	2	metal7	936.07	1086.47	1.09982	0	0
6778	0	metal5	936.07	1086.47	1.09982	0	0
6779	3	metal4	936.07	1086.47	1.09982	0	0
6780	1	metal6	936.07	989.6	1.09946	0	0
6781	2	metal7	936.07	989.6	1.09949	0	0
6782	0	metal5	936.07	989.6	1.09942	0	0
6783	3	metal4	936.07	989.6	1.09939	0	0
6784	1	metal6	936.07	959.6	1.0993	0	0
6785	2	metal7	936.07	959.6	1.0993	0	0
6786	0	metal5	936.07	959.6	1.0993	0	0
6787	3	metal4	936.07	959.6	1.0993	0	0.000272093
6788	1	metal6	936.07	929.6	1.09927	0	0
6789	2	metal7	936.07	929.6	1.09929	0	0
6790	0	metal5	936.07	929.6	1.09925	0	0
6791	3	metal4	936.07	929.6	1.09923	0	0
6792	1	metal6	936.07	899.6	1.09915	0	0
6793	2	metal7	936.07	899.6	1.09917	0	0
6794	0	metal5	936.07	899.6	1.09912	0	0
6795	3	metal4	936.07	899.6	1.0991	0	0.00180166
6796	1	metal6	936.07	869.6	1.09913	0	0
6797	2	metal7	936.07	869.6	1.09916	0	0
6798	0	metal5	936.07	869.6	1.09909	0	0
6799	3	metal4	936.07	869.6	1.09906	0	0
6800	1	metal6	936.07	839.6	1.09898	0	0
6801	2	metal7	936.07	839.6	1.099	0	0
6802	0	metal5	936.07	839.6	1.09895	0	0
6803	3	metal4	936.07	839.6	1.09892	0	0.00220556
6804	1	metal6	936.07	809.6	1.09895	0	0
6805	2	metal7	936.07	809.6	1.09898	0	0
6806	0	metal5	936.07	809.6	1.09893	0	0
6807	3	metal4	936.07	809.6	1.0989	0	0.00233389
6808	1	metal6	936.07	779.6	1.09909	0	0
6809	2	metal7	936.07	779.6	1.09913	0	0
6810	0	metal5	936.07	779.6	1.09906	0	0
6811	3	metal4	936.07	779.6	1.09902	0	0
6812	1	metal6	936.07	749.6	1.0991	0	0
6813	2	metal7	936.07	749.6	1.09913	0	0
6814	0	metal5	936.07	749.6	1.09906	0	0
6815	3	metal4	936.07	749.6	1.09903	0	0.00214684
6816	1	metal6	936.07	719.6	1.0992	0	0
6817	2	metal7	936.07	719.6	1.09924	0	0
6818	0	metal5	936.07	719.6	1.09916	0	0
6819	3	metal4	936.07	719.6	1.09913	0	0
6820	1	metal6	936.07	689.6	1.09917	0	0
6821	2	metal7	936.07	689.6	1.09921	0	0
6822	0	metal5	936.07	689.6	1.09914	0	0
6823	3	metal4	936.07	689.6	1.09911	0	0.00214684
6824	1	metal6	936.07	659.6	1.09926	0	0
6825	2	metal7	936.07	659.6	1.09929	0	0
6826	0	metal5	936.07	659.6	1.09922	0	0
6827	3	metal4	936.07	659.6	1.09919	0	0
6828	1	metal6	936.07	629.6	1.09923	0	0
6829	2	metal7	936.07	629.6	1.09925	0	0
6830	0	metal5	936.07	629.6	1.0992	0	0
6831	3	metal4	936.07	629.6	1.09917	0	0.00214684
6832	1	metal6	936.07	599.6	1.09931	0	0
6833	2	metal7	936.07	599.6	1.09934	0	0
6834	0	metal5	936.07	599.6	1.09929	0	0
6835	3	metal4	936.07	599.6	1.09926	0	0
6836	1	metal6	936.07	569.6	1.0993	0	0
6837	2	metal7	936.07	569.6	1.09931	0	0
6838	0	metal5	936.07	569.6	1.09928	0	0
6839	3	metal4	936.07	569.6	1.09927	0	0.000779078
6840	1	metal6	936.07	539.6	1.09934	0	0
6841	2	metal7	936.07	539.6	1.09936	0	0
6842	0	metal5	936.07	539.6	1.09932	0	0
6843	3	metal4	936.07	539.6	1.0993	0	0
6844	1	metal6	936.07	509.6	1.0993	0	0
6845	2	metal7	936.07	509.6	1.09931	0	0
6846	0	metal5	936.07	509.6	1.09929	0	0
6847	3	metal4	936.07	509.6	1.09928	0	0.000984324
6848	1	metal6	936.07	479.6	1.09936	0	0
6849	2	metal7	936.07	479.6	1.09938	0	0
6850	0	metal5	936.07	479.6	1.09934	0	0
6851	3	metal4	936.07	479.6	1.09932	0	0
6852	1	metal6	936.07	449.6	1.09934	0	0
6853	2	metal7	936.07	449.6	1.09935	0	0
6854	0	metal5	936.07	449.6	1.09932	0	0
6855	3	metal4	936.07	449.6	1.09931	0	0.00103595
6856	1	metal6	936.07	419.6	1.09938	0	0
6857	2	metal7	936.07	419.6	1.0994	0	0
6858	0	metal5	936.07	419.6	1.09936	0	0
6859	3	metal4	936.07	419.6	1.09934	0	0
6860	1	metal6	936.07	389.6	1.09933	0	0
6861	2	metal7	936.07	389.6	1.09935	0	0
6862	0	metal5	936.07	389.6	1.09932	0	0
6863	3	metal4	936.07	389.6	1.0993	0	0.000547042
6864	1	metal6	936.07	359.6	1.09933	0	0
6865	2	metal7	936.07	359.6	1.09936	0	0
6866	0	metal5	936.07	359.6	1.0993	0	0
6867	3	metal4	936.07	359.6	1.09927	0	0.00173538
6868	1	metal6	936.07	329.6	1.09937	0	0
6869	2	metal7	936.07	329.6	1.09939	0	0
6870	0	metal5	936.07	329.6	1.09934	0	0
6871	3	metal4	936.07	329.6	1.09931	0	0
6872	1	metal6	936.07	299.6	1.09934	0	0
6873	2	metal7	936.07	299.6	1.09938	0	0
6874	0	metal5	936.07	299.6	1.0993	0	0
6875	3	metal4	936.07	299.6	1.09927	0	0.0022067
6876	1	metal6	936.07	269.6	1.0994	0	0
6877	2	metal7	936.07	269.6	1.09944	0	0
6878	0	metal5	936.07	269.6	1.09936	0	0
6879	3	metal4	936.07	269.6	1.09931	0	0
6880	1	metal6	936.07	239.6	1.09933	0	0
6881	2	metal7	936.07	239.6	1.09938	0	0
6882	0	metal5	936.07	239.6	1.09928	0	0
6883	3	metal4	936.07	239.6	1.09923	0	0.00371231
6884	1	metal6	936.07	209.6	1.09939	0	0
6885	2	metal7	936.07	209.6	1.09941	0	0
6886	0	metal5	936.07	209.6	1.09936	0	0
6887	3	metal4	936.07	209.6	1.09934	0	0
6888	1	metal6	936.07	179.6	1.09939	0	0
6889	2	metal7	936.07	179.6	1.0994	0	0
6890	0	metal5	936.07	179.6	1.09938	0	0
6891	3	metal4	936.07	179.6	1.09937	0	0
6892	1	metal6	936.07	89.845	1.09946	0	0
6893	2	metal7	936.07	89.845	1.09946	0	0
6894	0	metal5	936.07	89.845	1.09946	0	0
6895	3	metal4	936.07	89.845	1.09946	0	0
6896	1	metal6	936.07	18.47	1.09994	0	0
6897	2	metal7	936.07	18.47	1.09994	0	0
6898	0	metal5	936.07	18.47	1.09994	0	0
6899	3	metal4	936.07	18.47	1.09994	0	0
6900	1	metal6	880.07	1086.47	1.09981	0	0
6901	2	metal7	880.07	1086.47	1.09982	0	0
6902	0	metal5	880.07	1086.47	1.0998	0	0
6903	3	metal4	880.07	1086.47	1.09979	0	0
6904	1	metal6	880.07	1079.6	1.0998	0	0
6905	2	metal7	880.07	1079.6	1.09981	0	0
6906	0	metal5	880.07	1079.6	1.09979	0	0
6907	3	metal4	880.07	1079.6	1.09978	0	0
6908	1	metal6	880.07	1049.6	1.09974	0	0
6909	2	metal7	880.07	1049.6	1.09976	0	0
6910	0	metal5	880.07	1049.6	1.09973	0	0
6911	3	metal4	880.07	1049.6	1.09972	0	0
6912	1	metal6	880.07	1019.6	1.09967	0	0
6913	2	metal7	880.07	1019.6	1.09969	0	0
6914	0	metal5	880.07	1019.6	1.09964	0	0
6915	3	metal4	880.07	1019.6	1.09962	0	0
6916	1	metal6	880.07	989.6	1.09947	0	0
6917	2	metal7	880.07	989.6	1.09949	0	0
6918	0	metal5	880.07	989.6	1.09945	0	0
6919	3	metal4	880.07	989.6	1.09943	0	0
6920	1	metal6	880.07	959.6	1.09927	0	0
6921	2	metal7	880.07	959.6	1.09931	0	0
6922	0	metal5	880.07	959.6	1.09923	0	0
6923	3	metal4	880.07	959.6	1.09919	0	0.00359819
6924	1	metal6	880.07	929.6	1.09926	0	0
6925	2	metal7	880.07	929.6	1.09931	0	0
6926	0	metal5	880.07	929.6	1.0992	0	0
6927	3	metal4	880.07	929.6	1.09915	0	0
6928	1	metal6	880.07	899.6	1.0991	0	0
6929	2	metal7	880.07	899.6	1.09919	0	0
6930	0	metal5	880.07	899.6	1.09902	0	0
6931	3	metal4	880.07	899.6	1.09894	0	0.00505795
6932	1	metal6	880.07	869.6	1.09911	0	0
6933	2	metal7	880.07	869.6	1.09919	0	0
6934	0	metal5	880.07	869.6	1.09903	0	0
6935	3	metal4	880.07	869.6	1.09896	0	0
6936	1	metal6	880.07	839.6	1.09893	0	0
6937	2	metal7	880.07	839.6	1.09902	0	0
6938	0	metal5	880.07	839.6	1.09883	0	0
6939	3	metal4	880.07	839.6	1.09874	0	0.00553165
6940	1	metal6	880.07	809.6	1.09891	0	0
6941	2	metal7	880.07	809.6	1.099	0	0
6942	0	metal5	880.07	809.6	1.09882	0	0
6943	3	metal4	880.07	809.6	1.09873	0	0.00559603
6944	1	metal6	880.07	779.6	1.0991	0	0
6945	2	metal7	880.07	779.6	1.09916	0	0
6946	0	metal5	880.07	779.6	1.09904	0	0
6947	3	metal4	880.07	779.6	1.09898	0	0
6948	1	metal6	880.07	749.6	1.09912	0	0
6949	2	metal7	880.07	749.6	1.09916	0	0
6950	0	metal5	880.07	749.6	1.09907	0	0
6951	3	metal4	880.07	749.6	1.09903	0	0.00214684
6952	1	metal6	880.07	719.6	1.09923	0	0
6953	2	metal7	880.07	719.6	1.09927	0	0
6954	0	metal5	880.07	719.6	1.09919	0	0
6955	3	metal4	880.07	719.6	1.09914	0	0
6956	1	metal6	880.07	689.6	1.0992	0	0
6957	2	metal7	880.07	689.6	1.09923	0	0
6958	0	metal5	880.07	689.6	1.09917	0	0
6959	3	metal4	880.07	689.6	1.09913	0	0.00214684
6960	1	metal6	880.07	659.6	1.09929	0	0
6961	2	metal7	880.07	659.6	1.09932	0	0
6962	0	metal5	880.07	659.6	1.09925	0	0
6963	3	metal4	880.07	659.6	1.09922	0	0
6964	1	metal6	880.07	629.6	1.09925	0	0
6965	2	metal7	880.07	629.6	1.09928	0	0
6966	0	metal5	880.07	629.6	1.09922	0	0
6967	3	metal4	880.07	629.6	1.09919	0	0.00214684
6968	1	metal6	880.07	599.6	1.09934	0	0
6969	2	metal7	880.07	599.6	1.09936	0	0
6970	0	metal5	880.07	599.6	1.09931	0	0
6971	3	metal4	880.07	599.6	1.09928	0	0
6972	1	metal6	880.07	569.6	1.09932	0	0
6973	2	metal7	880.07	569.6	1.09933	0	0
6974	0	metal5	880.07	569.6	1.0993	0	0
6975	3	metal4	880.07	569.6	1.09929	0	0.000779078
6976	1	metal6	880.07	539.6	1.09936	0	0
6977	2	metal7	880.07	539.6	1.09938	0	0
6978	0	metal5	880.07	539.6	1.09934	0	0
6979	3	metal4	880.07	539.6	1.09932	0	0
6980	1	metal6	880.07	509.6	1.09931	0	0
6981	2	metal7	880.07	509.6	1.09932	0	0
6982	0	metal5	880.07	509.6	1.0993	0	0
6983	3	metal4	880.07	509.6	1.09929	0	0.000984324
6984	1	metal6	880.07	479.6	1.09937	0	0
6985	2	metal7	880.07	479.6	1.0994	0	0
6986	0	metal5	880.07	479.6	1.09935	0	0
6987	3	metal4	880.07	479.6	1.09933	0	0
6988	1	metal6	880.07	449.6	1.09934	0	0
6989	2	metal7	880.07	449.6	1.09937	0	0
6990	0	metal5	880.07	449.6	1.09932	0	0
6991	3	metal4	880.07	449.6	1.09929	0	0.00161576
6992	1	metal6	880.07	419.6	1.09939	0	0
6993	2	metal7	880.07	419.6	1.09942	0	0
6994	0	metal5	880.07	419.6	1.09936	0	0
6995	3	metal4	880.07	419.6	1.09932	0	0
6996	1	metal6	880.07	389.6	1.09933	0	0
6997	2	metal7	880.07	389.6	1.09936	0	0
6998	0	metal5	880.07	389.6	1.09929	0	0
6999	3	metal4	880.07	389.6	1.09926	0	0.00144463
7000	1	metal6	880.07	359.6	1.09932	0	0
7001	2	metal7	880.07	359.6	1.09937	0	0
7002	0	metal5	880.07	359.6	1.09928	0	0
7003	3	metal4	880.07	359.6	1.09923	0	0.00263381
7004	1	metal6	880.07	329.6	1.09938	0	0
7005	2	metal7	880.07	329.6	1.09942	0	0
7006	0	metal5	880.07	329.6	1.09935	0	0
7007	3	metal4	880.07	329.6	1.09931	0	0
7008	1	metal6	880.07	299.6	1.09936	0	0
7009	2	metal7	880.07	299.6	1.0994	0	0
7010	0	metal5	880.07	299.6	1.09932	0	0
7011	3	metal4	880.07	299.6	1.09928	0	0.0022067
7012	1	metal6	880.07	269.6	1.09942	0	0
7013	2	metal7	880.07	269.6	1.09946	0	0
7014	0	metal5	880.07	269.6	1.09937	0	0
7015	3	metal4	880.07	269.6	1.09932	0	0
7016	1	metal6	880.07	239.6	1.09934	0	0
7017	2	metal7	880.07	239.6	1.09939	0	0
7018	0	metal5	880.07	239.6	1.09928	0	0
7019	3	metal4	880.07	239.6	1.09923	0	0.00405564
7020	1	metal6	880.07	209.6	1.09941	0	0
7021	2	metal7	880.07	209.6	1.09944	0	0
7022	0	metal5	880.07	209.6	1.09937	0	0
7023	3	metal4	880.07	209.6	1.09934	0	0
7024	1	metal6	880.07	179.6	1.0994	0	0
7025	2	metal7	880.07	179.6	1.09941	0	0
7026	0	metal5	880.07	179.6	1.09938	0	0
7027	3	metal4	880.07	179.6	1.09937	0	0
7028	1	metal6	880.07	149.6	1.09933	0	0
7029	2	metal7	880.07	149.6	1.09932	0	0
7030	0	metal5	880.07	149.6	1.09933	0	0
7031	3	metal4	880.07	149.6	1.09934	0	0
7032	1	metal6	880.07	119.6	1.09932	0	0
7033	2	metal7	880.07	119.6	1.0993	0	0
7034	0	metal5	880.07	119.6	1.09933	0	0
7035	3	metal4	880.07	119.6	1.09935	0	0
7036	1	metal6	880.07	89.6	1.09944	0	0
7037	2	metal7	880.07	89.6	1.09946	0	0
7038	0	metal5	880.07	89.6	1.09942	0	0
7039	3	metal4	880.07	89.6	1.0994	0	0
7040	1	metal6	880.07	59.6	1.09937	0	0
7041	2	metal7	880.07	59.6	1.09936	0	0
7042	0	metal5	880.07	59.6	1.09938	0	0
7043	3	metal4	880.07	59.6	1.09939	0	0
7044	1	metal6	880.07	29.6	1.09938	0	0
7045	2	metal7	880.07	29.6	1.09938	0	0
7046	0	metal5	880.07	29.6	1.09939	0	0
7047	3	metal4	880.07	29.6	1.0994	0	0
7048	1	metal6	880.07	18.47	1.09973	0	0
7049	2	metal7	880.07	18.47	1.09989	0	0
7050	0	metal5	880.07	18.47	1.09957	0	0
7051	3	metal4	880.07	18.47	1.09941	0	0.00496442
7052	1	metal6	824.07	1079.6	1.0996	0	0
7053	2	metal7	824.07	1079.6	1.09973	0	0
7054	0	metal5	824.07	1079.6	1.09947	0	0
7055	3	metal4	824.07	1079.6	1.09934	0	0.00545152
7056	1	metal6	824.07	1049.6	1.09963	0	0
7057	2	metal7	824.07	1049.6	1.09972	0	0
7058	0	metal5	824.07	1049.6	1.09954	0	0
7059	3	metal4	824.07	1049.6	1.09945	0	0
7060	1	metal6	824.07	1019.6	1.09952	0	0
7061	2	metal7	824.07	1019.6	1.09964	0	0
7062	0	metal5	824.07	1019.6	1.09939	0	0
7063	3	metal4	824.07	1019.6	1.09927	0	0.00618876
7064	1	metal6	824.07	989.6	1.09943	0	0
7065	2	metal7	824.07	989.6	1.09951	0	0
7066	0	metal5	824.07	989.6	1.09936	0	0
7067	3	metal4	824.07	989.6	1.09928	0	0
7068	1	metal6	824.07	959.6	1.09924	0	0
7069	2	metal7	824.07	959.6	1.09934	0	0
7070	0	metal5	824.07	959.6	1.09915	0	0
7071	3	metal4	824.07	959.6	1.09905	0	0.00618876
7072	1	metal6	824.07	929.6	1.09927	0	0
7073	2	metal7	824.07	929.6	1.09935	0	0
7074	0	metal5	824.07	929.6	1.09919	0	0
7075	3	metal4	824.07	929.6	1.09911	0	0
7076	1	metal6	824.07	899.6	1.09912	0	0
7077	2	metal7	824.07	899.6	1.09923	0	0
7078	0	metal5	824.07	899.6	1.09901	0	0
7079	3	metal4	824.07	899.6	1.09891	0	0.00618876
7080	1	metal6	824.07	869.6	1.09914	0	0
7081	2	metal7	824.07	869.6	1.09924	0	0
7082	0	metal5	824.07	869.6	1.09905	0	0
7083	3	metal4	824.07	869.6	1.09896	0	0
7084	1	metal6	824.07	839.6	1.09895	0	0
7085	2	metal7	824.07	839.6	1.09907	0	0
7086	0	metal5	824.07	839.6	1.09883	0	0
7087	3	metal4	824.07	839.6	1.09872	0	0.00618876
7088	1	metal6	824.07	809.6	1.09892	0	0
7089	2	metal7	824.07	809.6	1.09905	0	0
7090	0	metal5	824.07	809.6	1.0988	0	0
7091	3	metal4	824.07	809.6	1.09868	0	0.00715359
7092	1	metal6	824.07	779.6	1.09912	0	0
7093	2	metal7	824.07	779.6	1.09922	0	0
7094	0	metal5	824.07	779.6	1.09902	0	0
7095	3	metal4	824.07	779.6	1.09892	0	0
7096	1	metal6	824.07	749.6	1.09909	0	0
7097	2	metal7	824.07	749.6	1.09921	0	0
7098	0	metal5	824.07	749.6	1.09898	0	0
7099	3	metal4	824.07	749.6	1.09886	0	0.00637392
7100	1	metal6	824.07	719.6	1.09922	0	0
7101	2	metal7	824.07	719.6	1.09932	0	0
7102	0	metal5	824.07	719.6	1.09913	0	0
7103	3	metal4	824.07	719.6	1.09904	0	0
7104	1	metal6	824.07	689.6	1.09916	0	0
7105	2	metal7	824.07	689.6	1.09927	0	0
7106	0	metal5	824.07	689.6	1.09905	0	0
7107	3	metal4	824.07	689.6	1.09895	0	0.00637392
7108	1	metal6	824.07	659.6	1.09928	0	0
7109	2	metal7	824.07	659.6	1.09936	0	0
7110	0	metal5	824.07	659.6	1.09919	0	0
7111	3	metal4	824.07	659.6	1.0991	0	0
7112	1	metal6	824.07	629.6	1.0992	0	0
7113	2	metal7	824.07	629.6	1.09931	0	0
7114	0	metal5	824.07	629.6	1.0991	0	0
7115	3	metal4	824.07	629.6	1.09899	0	0.00637392
7116	1	metal6	824.07	599.6	1.09932	0	0
7117	2	metal7	824.07	599.6	1.0994	0	0
7118	0	metal5	824.07	599.6	1.09923	0	0
7119	3	metal4	824.07	599.6	1.09915	0	0
7120	1	metal6	824.07	569.6	1.09925	0	0
7121	2	metal7	824.07	569.6	1.09935	0	0
7122	0	metal5	824.07	569.6	1.09915	0	0
7123	3	metal4	824.07	569.6	1.09906	0	0.00556694
7124	1	metal6	824.07	539.6	1.09933	0	0
7125	2	metal7	824.07	539.6	1.09941	0	0
7126	0	metal5	824.07	539.6	1.09925	0	0
7127	3	metal4	824.07	539.6	1.09917	0	0
7128	1	metal6	824.07	509.6	1.09923	0	0
7129	2	metal7	824.07	509.6	1.09933	0	0
7130	0	metal5	824.07	509.6	1.09914	0	0
7131	3	metal4	824.07	509.6	1.09904	0	0.00634844
7132	1	metal6	824.07	479.6	1.09935	0	0
7133	2	metal7	824.07	479.6	1.09943	0	0
7134	0	metal5	824.07	479.6	1.09927	0	0
7135	3	metal4	824.07	479.6	1.0992	0	0
7136	1	metal6	824.07	449.6	1.0993	0	0
7137	2	metal7	824.07	449.6	1.09939	0	0
7138	0	metal5	824.07	449.6	1.09921	0	0
7139	3	metal4	824.07	449.6	1.09912	0	0.00487426
7140	1	metal6	824.07	419.6	1.09937	0	0
7141	2	metal7	824.07	419.6	1.09945	0	0
7142	0	metal5	824.07	419.6	1.09929	0	0
7143	3	metal4	824.07	419.6	1.09922	0	0
7144	1	metal6	824.07	389.6	1.09928	0	0
7145	2	metal7	824.07	389.6	1.09938	0	0
7146	0	metal5	824.07	389.6	1.09918	0	0
7147	3	metal4	824.07	389.6	1.09908	0	0.00503394
7148	1	metal6	824.07	359.6	1.09929	0	0
7149	2	metal7	824.07	359.6	1.09939	0	0
7150	0	metal5	824.07	359.6	1.09919	0	0
7151	3	metal4	824.07	359.6	1.09909	0	0.00496704
7152	1	metal6	824.07	329.6	1.09939	0	0
7153	2	metal7	824.07	329.6	1.09946	0	0
7154	0	metal5	824.07	329.6	1.09932	0	0
7155	3	metal4	824.07	329.6	1.09925	0	0
7156	1	metal6	824.07	299.6	1.09935	0	0
7157	2	metal7	824.07	299.6	1.09943	0	0
7158	0	metal5	824.07	299.6	1.09927	0	0
7159	3	metal4	824.07	299.6	1.09918	0	0.00461523
7160	1	metal6	824.07	269.6	1.09943	0	0
7161	2	metal7	824.07	269.6	1.0995	0	0
7162	0	metal5	824.07	269.6	1.09936	0	0
7163	3	metal4	824.07	269.6	1.09929	0	0
7164	1	metal6	824.07	239.6	1.09934	0	0
7165	2	metal7	824.07	239.6	1.09943	0	0
7166	0	metal5	824.07	239.6	1.09926	0	0
7167	3	metal4	824.07	239.6	1.09918	0	0.00477694
7168	1	metal6	824.07	209.6	1.0994	0	0
7169	2	metal7	824.07	209.6	1.09947	0	0
7170	0	metal5	824.07	209.6	1.09933	0	0
7171	3	metal4	824.07	209.6	1.09926	0	0
7172	1	metal6	824.07	179.6	1.09932	0	0
7173	2	metal7	824.07	179.6	1.09942	0	0
7174	0	metal5	824.07	179.6	1.09923	0	0
7175	3	metal4	824.07	179.6	1.09913	0	0.00550028
7176	1	metal6	824.07	149.6	1.09931	0	0
7177	2	metal7	824.07	149.6	1.09937	0	0
7178	0	metal5	824.07	149.6	1.09925	0	0
7179	3	metal4	824.07	149.6	1.09919	0	0
7180	1	metal6	824.07	119.6	1.09925	0	0
7181	2	metal7	824.07	119.6	1.09933	0	0
7182	0	metal5	824.07	119.6	1.09916	0	0
7183	3	metal4	824.07	119.6	1.09908	0	0.00571829
7184	1	metal6	824.07	89.6	1.09939	0	0
7185	2	metal7	824.07	89.6	1.09947	0	0
7186	0	metal5	824.07	89.6	1.0993	0	0
7187	3	metal4	824.07	89.6	1.09922	0	0
7188	1	metal6	824.07	59.6	1.09928	0	0
7189	2	metal7	824.07	59.6	1.09937	0	0
7190	0	metal5	824.07	59.6	1.09919	0	0
7191	3	metal4	824.07	59.6	1.09911	0	0.00571829
7192	1	metal6	824.07	29.6	1.09934	0	0
7193	2	metal7	824.07	29.6	1.09939	0	0
7194	0	metal5	824.07	29.6	1.09929	0	0
7195	3	metal4	824.07	29.6	1.09925	0	0
7196	1	metal6	768.07	1079.6	1.09957	0	0
7197	2	metal7	768.07	1079.6	1.0997	0	0
7198	0	metal5	768.07	1079.6	1.09945	0	0
7199	3	metal4	768.07	1079.6	1.09932	0	0.00545152
7200	1	metal6	768.07	1049.6	1.09962	0	0
7201	2	metal7	768.07	1049.6	1.09971	0	0
7202	0	metal5	768.07	1049.6	1.09953	0	0
7203	3	metal4	768.07	1049.6	1.09944	0	0
7204	1	metal6	768.07	1019.6	1.09951	0	0
7205	2	metal7	768.07	1019.6	1.09963	0	0
7206	0	metal5	768.07	1019.6	1.09939	0	0
7207	3	metal4	768.07	1019.6	1.09927	0	0.00618876
7208	1	metal6	768.07	989.6	1.09947	0	0
7209	2	metal7	768.07	989.6	1.09955	0	0
7210	0	metal5	768.07	989.6	1.09939	0	0
7211	3	metal4	768.07	989.6	1.09931	0	0
7212	1	metal6	768.07	959.6	1.0993	0	0
7213	2	metal7	768.07	959.6	1.0994	0	0
7214	0	metal5	768.07	959.6	1.09921	0	0
7215	3	metal4	768.07	959.6	1.09911	0	0.00618876
7216	1	metal6	768.07	929.6	1.09934	0	0
7217	2	metal7	768.07	929.6	1.09942	0	0
7218	0	metal5	768.07	929.6	1.09926	0	0
7219	3	metal4	768.07	929.6	1.09917	0	0
7220	1	metal6	768.07	899.6	1.0992	0	0
7221	2	metal7	768.07	899.6	1.0993	0	0
7222	0	metal5	768.07	899.6	1.09909	0	0
7223	3	metal4	768.07	899.6	1.09898	0	0.00618876
7224	1	metal6	768.07	869.6	1.09923	0	0
7225	2	metal7	768.07	869.6	1.09932	0	0
7226	0	metal5	768.07	869.6	1.09913	0	0
7227	3	metal4	768.07	869.6	1.09904	0	0
7228	1	metal6	768.07	839.6	1.09904	0	0
7229	2	metal7	768.07	839.6	1.09917	0	0
7230	0	metal5	768.07	839.6	1.09892	0	0
7231	3	metal4	768.07	839.6	1.09879	0	0.00618876
7232	1	metal6	768.07	809.6	1.09901	0	0
7233	2	metal7	768.07	809.6	1.09914	0	0
7234	0	metal5	768.07	809.6	1.09887	0	0
7235	3	metal4	768.07	809.6	1.09874	0	0.0080174
7236	1	metal6	768.07	779.6	1.0992	0	0
7237	2	metal7	768.07	779.6	1.0993	0	0
7238	0	metal5	768.07	779.6	1.09911	0	0
7239	3	metal4	768.07	779.6	1.09901	0	0
7240	1	metal6	768.07	749.6	1.09918	0	0
7241	2	metal7	768.07	749.6	1.09929	0	0
7242	0	metal5	768.07	749.6	1.09908	0	0
7243	3	metal4	768.07	749.6	1.09897	0	0.00576905
7244	1	metal6	768.07	719.6	1.09931	0	0
7245	2	metal7	768.07	719.6	1.09939	0	0
7246	0	metal5	768.07	719.6	1.09923	0	0
7247	3	metal4	768.07	719.6	1.09914	0	0
7248	1	metal6	768.07	689.6	1.09925	0	0
7249	2	metal7	768.07	689.6	1.09935	0	0
7250	0	metal5	768.07	689.6	1.09915	0	0
7251	3	metal4	768.07	689.6	1.09905	0	0.00576905
7252	1	metal6	768.07	659.6	1.09935	0	0
7253	2	metal7	768.07	659.6	1.09943	0	0
7254	0	metal5	768.07	659.6	1.09927	0	0
7255	3	metal4	768.07	659.6	1.09919	0	0
7256	1	metal6	768.07	629.6	1.09928	0	0
7257	2	metal7	768.07	629.6	1.09938	0	0
7258	0	metal5	768.07	629.6	1.09918	0	0
7259	3	metal4	768.07	629.6	1.09909	0	0.00576905
7260	1	metal6	768.07	599.6	1.09938	0	0
7261	2	metal7	768.07	599.6	1.09946	0	0
7262	0	metal5	768.07	599.6	1.0993	0	0
7263	3	metal4	768.07	599.6	1.09922	0	0
7264	1	metal6	768.07	569.6	1.0993	0	0
7265	2	metal7	768.07	569.6	1.09941	0	0
7266	0	metal5	768.07	569.6	1.0992	0	0
7267	3	metal4	768.07	569.6	1.0991	0	0.00576905
7268	1	metal6	768.07	539.6	1.09937	0	0
7269	2	metal7	768.07	539.6	1.09946	0	0
7270	0	metal5	768.07	539.6	1.09928	0	0
7271	3	metal4	768.07	539.6	1.09919	0	0
7272	1	metal6	768.07	509.6	1.09925	0	0
7273	2	metal7	768.07	509.6	1.09938	0	0
7274	0	metal5	768.07	509.6	1.09913	0	0
7275	3	metal4	768.07	509.6	1.09901	0	0.00835393
7276	1	metal6	768.07	479.6	1.09939	0	0
7277	2	metal7	768.07	479.6	1.09948	0	0
7278	0	metal5	768.07	479.6	1.0993	0	0
7279	3	metal4	768.07	479.6	1.09922	0	0
7280	1	metal6	768.07	449.6	1.09935	0	0
7281	2	metal7	768.07	449.6	1.09944	0	0
7282	0	metal5	768.07	449.6	1.09925	0	0
7283	3	metal4	768.07	449.6	1.09916	0	0.00512757
7284	1	metal6	768.07	419.6	1.09943	0	0
7285	2	metal7	768.07	419.6	1.09951	0	0
7286	0	metal5	768.07	419.6	1.09935	0	0
7287	3	metal4	768.07	419.6	1.09928	0	0
7288	1	metal6	768.07	389.6	1.09935	0	0
7289	2	metal7	768.07	389.6	1.09944	0	0
7290	0	metal5	768.07	389.6	1.09925	0	0
7291	3	metal4	768.07	389.6	1.09916	0	0.00512757
7292	1	metal6	768.07	359.6	1.09939	0	0
7293	2	metal7	768.07	359.6	1.09946	0	0
7294	0	metal5	768.07	359.6	1.09931	0	0
7295	3	metal4	768.07	359.6	1.09924	0	0.0027812
7296	1	metal6	768.07	329.6	1.09947	0	0
7297	2	metal7	768.07	329.6	1.09953	0	0
7298	0	metal5	768.07	329.6	1.09941	0	0
7299	3	metal4	768.07	329.6	1.09935	0	0
7300	1	metal6	768.07	299.6	1.09943	0	0
7301	2	metal7	768.07	299.6	1.0995	0	0
7302	0	metal5	768.07	299.6	1.09936	0	0
7303	3	metal4	768.07	299.6	1.09929	0	0.00395853
7304	1	metal6	768.07	269.6	1.0995	0	0
7305	2	metal7	768.07	269.6	1.09956	0	0
7306	0	metal5	768.07	269.6	1.09944	0	0
7307	3	metal4	768.07	269.6	1.09938	0	0
7308	1	metal6	768.07	239.6	1.09942	0	0
7309	2	metal7	768.07	239.6	1.09949	0	0
7310	0	metal5	768.07	239.6	1.09935	0	0
7311	3	metal4	768.07	239.6	1.09928	0	0.00401921
7312	1	metal6	768.07	209.6	1.09946	0	0
7313	2	metal7	768.07	209.6	1.09953	0	0
7314	0	metal5	768.07	209.6	1.0994	0	0
7315	3	metal4	768.07	209.6	1.09933	0	0
7316	1	metal6	768.07	179.6	1.09938	0	0
7317	2	metal7	768.07	179.6	1.09947	0	0
7318	0	metal5	768.07	179.6	1.09928	0	0
7319	3	metal4	768.07	179.6	1.09919	0	0.00550028
7320	1	metal6	768.07	149.6	1.09938	0	0
7321	2	metal7	768.07	149.6	1.09945	0	0
7322	0	metal5	768.07	149.6	1.09932	0	0
7323	3	metal4	768.07	149.6	1.09925	0	0
7324	1	metal6	768.07	119.6	1.09931	0	0
7325	2	metal7	768.07	119.6	1.0994	0	0
7326	0	metal5	768.07	119.6	1.09921	0	0
7327	3	metal4	768.07	119.6	1.09912	0	0.00571829
7328	1	metal6	768.07	89.6	1.09942	0	0
7329	2	metal7	768.07	89.6	1.09951	0	0
7330	0	metal5	768.07	89.6	1.09932	0	0
7331	3	metal4	768.07	89.6	1.09923	0	0
7332	1	metal6	768.07	59.6	1.09929	0	0
7333	2	metal7	768.07	59.6	1.09941	0	0
7334	0	metal5	768.07	59.6	1.09916	0	0
7335	3	metal4	768.07	59.6	1.09904	0	0.00571829
7336	1	metal6	768.07	29.6	1.09928	0	0
7337	2	metal7	768.07	29.6	1.09941	0	0
7338	0	metal5	768.07	29.6	1.09914	0	0
7339	3	metal4	768.07	29.6	1.099	0	0.00496442
7340	1	metal6	712.07	1079.6	1.09959	0	0
7341	2	metal7	712.07	1079.6	1.09971	0	0
7342	0	metal5	712.07	1079.6	1.09947	0	0
7343	3	metal4	712.07	1079.6	1.09934	0	0.00545152
7344	1	metal6	712.07	1049.6	1.09965	0	0
7345	2	metal7	712.07	1049.6	1.09974	0	0
7346	0	metal5	712.07	1049.6	1.09956	0	0
7347	3	metal4	712.07	1049.6	1.09947	0	0
7348	1	metal6	712.07	1019.6	1.09955	0	0
7349	2	metal7	712.07	1019.6	1.09966	0	0
7350	0	metal5	712.07	1019.6	1.09943	0	0
7351	3	metal4	712.07	1019.6	1.09932	0	0.00618876
7352	1	metal6	712.07	989.6	1.09954	0	0
7353	2	metal7	712.07	989.6	1.09962	0	0
7354	0	metal5	712.07	989.6	1.09946	0	0
7355	3	metal4	712.07	989.6	1.09938	0	0
7356	1	metal6	712.07	959.6	1.0994	0	0
7357	2	metal7	712.07	959.6	1.0995	0	0
7358	0	metal5	712.07	959.6	1.0993	0	0
7359	3	metal4	712.07	959.6	1.0992	0	0.00618876
7360	1	metal6	712.07	929.6	1.09944	0	0
7361	2	metal7	712.07	929.6	1.09952	0	0
7362	0	metal5	712.07	929.6	1.09936	0	0
7363	3	metal4	712.07	929.6	1.09927	0	0
7364	1	metal6	712.07	899.6	1.09931	0	0
7365	2	metal7	712.07	899.6	1.09942	0	0
7366	0	metal5	712.07	899.6	1.0992	0	0
7367	3	metal4	712.07	899.6	1.0991	0	0.00618876
7368	1	metal6	712.07	869.6	1.09935	0	0
7369	2	metal7	712.07	869.6	1.09944	0	0
7370	0	metal5	712.07	869.6	1.09925	0	0
7371	3	metal4	712.07	869.6	1.09916	0	0
7372	1	metal6	712.07	839.6	1.09918	0	0
7373	2	metal7	712.07	839.6	1.09931	0	0
7374	0	metal5	712.07	839.6	1.09905	0	0
7375	3	metal4	712.07	839.6	1.09892	0	0.00618876
7376	1	metal6	712.07	809.6	1.09914	0	0
7377	2	metal7	712.07	809.6	1.09928	0	0
7378	0	metal5	712.07	809.6	1.09901	0	0
7379	3	metal4	712.07	809.6	1.09887	0	0.0080174
7380	1	metal6	712.07	779.6	1.09933	0	0
7381	2	metal7	712.07	779.6	1.09943	0	0
7382	0	metal5	712.07	779.6	1.09923	0	0
7383	3	metal4	712.07	779.6	1.09913	0	0
7384	1	metal6	712.07	749.6	1.0993	0	0
7385	2	metal7	712.07	749.6	1.09941	0	0
7386	0	metal5	712.07	749.6	1.0992	0	0
7387	3	metal4	712.07	749.6	1.09909	0	0.00576905
7388	1	metal6	712.07	719.6	1.09942	0	0
7389	2	metal7	712.07	719.6	1.0995	0	0
7390	0	metal5	712.07	719.6	1.09934	0	0
7391	3	metal4	712.07	719.6	1.09925	0	0
7392	1	metal6	712.07	689.6	1.09936	0	0
7393	2	metal7	712.07	689.6	1.09946	0	0
7394	0	metal5	712.07	689.6	1.09926	0	0
7395	3	metal4	712.07	689.6	1.09916	0	0.00576905
7396	1	metal6	712.07	659.6	1.09946	0	0
7397	2	metal7	712.07	659.6	1.09953	0	0
7398	0	metal5	712.07	659.6	1.09938	0	0
7399	3	metal4	712.07	659.6	1.0993	0	0
7400	1	metal6	712.07	629.6	1.09938	0	0
7401	2	metal7	712.07	629.6	1.09948	0	0
7402	0	metal5	712.07	629.6	1.09929	0	0
7403	3	metal4	712.07	629.6	1.09919	0	0.00576905
7404	1	metal6	712.07	599.6	1.09947	0	0
7405	2	metal7	712.07	599.6	1.09956	0	0
7406	0	metal5	712.07	599.6	1.09939	0	0
7407	3	metal4	712.07	599.6	1.09931	0	0
7408	1	metal6	712.07	569.6	1.0994	0	0
7409	2	metal7	712.07	569.6	1.0995	0	0
7410	0	metal5	712.07	569.6	1.09929	0	0
7411	3	metal4	712.07	569.6	1.09919	0	0.00576905
7412	1	metal6	712.07	539.6	1.09946	0	0
7413	2	metal7	712.07	539.6	1.09955	0	0
7414	0	metal5	712.07	539.6	1.09937	0	0
7415	3	metal4	712.07	539.6	1.09928	0	0
7416	1	metal6	712.07	509.6	1.09934	0	0
7417	2	metal7	712.07	509.6	1.09947	0	0
7418	0	metal5	712.07	509.6	1.09922	0	0
7419	3	metal4	712.07	509.6	1.0991	0	0.00835393
7420	1	metal6	712.07	479.6	1.09948	0	0
7421	2	metal7	712.07	479.6	1.09956	0	0
7422	0	metal5	712.07	479.6	1.09939	0	0
7423	3	metal4	712.07	479.6	1.0993	0	0
7424	1	metal6	712.07	449.6	1.09943	0	0
7425	2	metal7	712.07	449.6	1.09953	0	0
7426	0	metal5	712.07	449.6	1.09934	0	0
7427	3	metal4	712.07	449.6	1.09924	0	0.00512757
7428	1	metal6	712.07	419.6	1.09951	0	0
7429	2	metal7	712.07	419.6	1.09959	0	0
7430	0	metal5	712.07	419.6	1.09943	0	0
7431	3	metal4	712.07	419.6	1.09935	0	0
7432	1	metal6	712.07	389.6	1.09943	0	0
7433	2	metal7	712.07	389.6	1.09953	0	0
7434	0	metal5	712.07	389.6	1.09933	0	0
7435	3	metal4	712.07	389.6	1.09923	0	0.00512757
7436	1	metal6	712.07	359.6	1.09946	0	0
7437	2	metal7	712.07	359.6	1.09955	0	0
7438	0	metal5	712.07	359.6	1.09937	0	0
7439	3	metal4	712.07	359.6	1.09927	0	0.00414719
7440	1	metal6	712.07	329.6	1.09955	0	0
7441	2	metal7	712.07	329.6	1.09961	0	0
7442	0	metal5	712.07	329.6	1.09949	0	0
7443	3	metal4	712.07	329.6	1.09942	0	0
7444	1	metal6	712.07	299.6	1.09952	0	0
7445	2	metal7	712.07	299.6	1.09959	0	0
7446	0	metal5	712.07	299.6	1.09945	0	0
7447	3	metal4	712.07	299.6	1.09938	0	0.00377055
7448	1	metal6	712.07	269.6	1.09958	0	0
7449	2	metal7	712.07	269.6	1.09964	0	0
7450	0	metal5	712.07	269.6	1.09952	0	0
7451	3	metal4	712.07	269.6	1.09946	0	0
7452	1	metal6	712.07	239.6	1.09951	0	0
7453	2	metal7	712.07	239.6	1.09958	0	0
7454	0	metal5	712.07	239.6	1.09944	0	0
7455	3	metal4	712.07	239.6	1.09936	0	0.00401921
7456	1	metal6	712.07	209.6	1.09955	0	0
7457	2	metal7	712.07	209.6	1.09961	0	0
7458	0	metal5	712.07	209.6	1.09948	0	0
7459	3	metal4	712.07	209.6	1.09942	0	0
7460	1	metal6	712.07	179.6	1.09946	0	0
7461	2	metal7	712.07	179.6	1.09955	0	0
7462	0	metal5	712.07	179.6	1.09937	0	0
7463	3	metal4	712.07	179.6	1.09927	0	0.00550028
7464	1	metal6	712.07	149.6	1.09948	0	0
7465	2	metal7	712.07	149.6	1.09955	0	0
7466	0	metal5	712.07	149.6	1.09941	0	0
7467	3	metal4	712.07	149.6	1.09935	0	0
7468	1	metal6	712.07	119.6	1.0994	0	0
7469	2	metal7	712.07	119.6	1.0995	0	0
7470	0	metal5	712.07	119.6	1.09931	0	0
7471	3	metal4	712.07	119.6	1.09921	0	0.00571829
7472	1	metal6	712.07	89.6	1.09949	0	0
7473	2	metal7	712.07	89.6	1.09959	0	0
7474	0	metal5	712.07	89.6	1.0994	0	0
7475	3	metal4	712.07	89.6	1.09931	0	0
7476	1	metal6	712.07	59.6	1.09937	0	0
7477	2	metal7	712.07	59.6	1.09949	0	0
7478	0	metal5	712.07	59.6	1.09924	0	0
7479	3	metal4	712.07	59.6	1.09912	0	0.00571829
7480	1	metal6	712.07	29.6	1.09935	0	0
7481	2	metal7	712.07	29.6	1.09949	0	0
7482	0	metal5	712.07	29.6	1.09922	0	0
7483	3	metal4	712.07	29.6	1.09908	0	0.00496442
7484	1	metal6	656.07	1079.6	1.09964	0	0
7485	2	metal7	656.07	1079.6	1.09976	0	0
7486	0	metal5	656.07	1079.6	1.09952	0	0
7487	3	metal4	656.07	1079.6	1.0994	0	0.00545152
7488	1	metal6	656.07	1049.6	1.09971	0	0
7489	2	metal7	656.07	1049.6	1.09979	0	0
7490	0	metal5	656.07	1049.6	1.09962	0	0
7491	3	metal4	656.07	1049.6	1.09953	0	0
7492	1	metal6	656.07	1019.6	1.09962	0	0
7493	2	metal7	656.07	1019.6	1.09974	0	0
7494	0	metal5	656.07	1019.6	1.09951	0	0
7495	3	metal4	656.07	1019.6	1.09939	0	0.00618876
7496	1	metal6	656.07	989.6	1.09964	0	0
7497	2	metal7	656.07	989.6	1.09972	0	0
7498	0	metal5	656.07	989.6	1.09956	0	0
7499	3	metal4	656.07	989.6	1.09948	0	0
7500	1	metal6	656.07	959.6	1.09952	0	0
7501	2	metal7	656.07	959.6	1.09963	0	0
7502	0	metal5	656.07	959.6	1.09942	0	0
7503	3	metal4	656.07	959.6	1.09932	0	0.00618876
7504	1	metal6	656.07	929.6	1.09957	0	0
7505	2	metal7	656.07	929.6	1.09965	0	0
7506	0	metal5	656.07	929.6	1.09949	0	0
7507	3	metal4	656.07	929.6	1.09941	0	0
7508	1	metal6	656.07	899.6	1.09946	0	0
7509	2	metal7	656.07	899.6	1.09957	0	0
7510	0	metal5	656.07	899.6	1.09935	0	0
7511	3	metal4	656.07	899.6	1.09924	0	0.00618876
7512	1	metal6	656.07	869.6	1.0995	0	0
7513	2	metal7	656.07	869.6	1.0996	0	0
7514	0	metal5	656.07	869.6	1.09941	0	0
7515	3	metal4	656.07	869.6	1.09931	0	0
7516	1	metal6	656.07	839.6	1.09936	0	0
7517	2	metal7	656.07	839.6	1.09949	0	0
7518	0	metal5	656.07	839.6	1.09923	0	0
7519	3	metal4	656.07	839.6	1.0991	0	0.00618876
7520	1	metal6	656.07	809.6	1.09933	0	0
7521	2	metal7	656.07	809.6	1.09947	0	0
7522	0	metal5	656.07	809.6	1.09919	0	0
7523	3	metal4	656.07	809.6	1.09904	0	0.0080174
7524	1	metal6	656.07	779.6	1.09949	0	0
7525	2	metal7	656.07	779.6	1.09958	0	0
7526	0	metal5	656.07	779.6	1.09939	0	0
7527	3	metal4	656.07	779.6	1.09929	0	0
7528	1	metal6	656.07	749.6	1.09946	0	0
7529	2	metal7	656.07	749.6	1.09957	0	0
7530	0	metal5	656.07	749.6	1.09935	0	0
7531	3	metal4	656.07	749.6	1.09924	0	0.00576905
7532	1	metal6	656.07	719.6	1.09956	0	0
7533	2	metal7	656.07	719.6	1.09964	0	0
7534	0	metal5	656.07	719.6	1.09948	0	0
7535	3	metal4	656.07	719.6	1.0994	0	0
7536	1	metal6	656.07	689.6	1.0995	0	0
7537	2	metal7	656.07	689.6	1.0996	0	0
7538	0	metal5	656.07	689.6	1.0994	0	0
7539	3	metal4	656.07	689.6	1.0993	0	0.00576905
7540	1	metal6	656.07	659.6	1.09959	0	0
7541	2	metal7	656.07	659.6	1.09966	0	0
7542	0	metal5	656.07	659.6	1.09951	0	0
7543	3	metal4	656.07	659.6	1.09943	0	0
7544	1	metal6	656.07	629.6	1.09952	0	0
7545	2	metal7	656.07	629.6	1.09962	0	0
7546	0	metal5	656.07	629.6	1.09942	0	0
7547	3	metal4	656.07	629.6	1.09932	0	0.00576905
7548	1	metal6	656.07	599.6	1.0996	0	0
7549	2	metal7	656.07	599.6	1.09968	0	0
7550	0	metal5	656.07	599.6	1.09952	0	0
7551	3	metal4	656.07	599.6	1.09944	0	0
7552	1	metal6	656.07	569.6	1.09953	0	0
7553	2	metal7	656.07	569.6	1.09963	0	0
7554	0	metal5	656.07	569.6	1.09942	0	0
7555	3	metal4	656.07	569.6	1.09932	0	0.00576905
7556	1	metal6	656.07	539.6	1.09958	0	0
7557	2	metal7	656.07	539.6	1.09967	0	0
7558	0	metal5	656.07	539.6	1.09949	0	0
7559	3	metal4	656.07	539.6	1.0994	0	0
7560	1	metal6	656.07	509.6	1.09947	0	0
7561	2	metal7	656.07	509.6	1.0996	0	0
7562	0	metal5	656.07	509.6	1.09935	0	0
7563	3	metal4	656.07	509.6	1.09922	0	0.00835393
7564	1	metal6	656.07	479.6	1.09959	0	0
7565	2	metal7	656.07	479.6	1.09968	0	0
7566	0	metal5	656.07	479.6	1.09951	0	0
7567	3	metal4	656.07	479.6	1.09942	0	0
7568	1	metal6	656.07	449.6	1.09956	0	0
7569	2	metal7	656.07	449.6	1.09965	0	0
7570	0	metal5	656.07	449.6	1.09946	0	0
7571	3	metal4	656.07	449.6	1.09936	0	0.00512757
7572	1	metal6	656.07	419.6	1.09963	0	0
7573	2	metal7	656.07	419.6	1.0997	0	0
7574	0	metal5	656.07	419.6	1.09955	0	0
7575	3	metal4	656.07	419.6	1.09948	0	0
7576	1	metal6	656.07	389.6	1.09956	0	0
7577	2	metal7	656.07	389.6	1.09965	0	0
7578	0	metal5	656.07	389.6	1.09947	0	0
7579	3	metal4	656.07	389.6	1.09937	0	0.00512757
7580	1	metal6	656.07	359.6	1.0996	0	0
7581	2	metal7	656.07	359.6	1.09967	0	0
7582	0	metal5	656.07	359.6	1.09953	0	0
7583	3	metal4	656.07	359.6	1.09946	0	0.00274488
7584	1	metal6	656.07	329.6	1.09967	0	0
7585	2	metal7	656.07	329.6	1.09972	0	0
7586	0	metal5	656.07	329.6	1.09963	0	0
7587	3	metal4	656.07	329.6	1.09958	0	0
7588	1	metal6	656.07	299.6	1.09965	0	0
7589	2	metal7	656.07	299.6	1.0997	0	0
7590	0	metal5	656.07	299.6	1.0996	0	0
7591	3	metal4	656.07	299.6	1.09955	0	0.00260084
7592	1	metal6	656.07	269.6	1.09969	0	0
7593	2	metal7	656.07	269.6	1.09974	0	0
7594	0	metal5	656.07	269.6	1.09965	0	0
7595	3	metal4	656.07	269.6	1.0996	0	0
7596	1	metal6	656.07	239.6	1.09963	0	0
7597	2	metal7	656.07	239.6	1.09969	0	0
7598	0	metal5	656.07	239.6	1.09957	0	0
7599	3	metal4	656.07	239.6	1.09951	0	0.0033429
7600	1	metal6	656.07	209.6	1.09966	0	0
7601	2	metal7	656.07	209.6	1.09972	0	0
7602	0	metal5	656.07	209.6	1.0996	0	0
7603	3	metal4	656.07	209.6	1.09954	0	0
7604	1	metal6	656.07	179.6	1.09957	0	0
7605	2	metal7	656.07	179.6	1.09967	0	0
7606	0	metal5	656.07	179.6	1.09948	0	0
7607	3	metal4	656.07	179.6	1.09939	0	0.00560218
7608	1	metal6	656.07	149.6	1.09961	0	0
7609	2	metal7	656.07	149.6	1.09968	0	0
7610	0	metal5	656.07	149.6	1.09954	0	0
7611	3	metal4	656.07	149.6	1.09947	0	0
7612	1	metal6	656.07	119.6	1.09953	0	0
7613	2	metal7	656.07	119.6	1.09963	0	0
7614	0	metal5	656.07	119.6	1.09943	0	0
7615	3	metal4	656.07	119.6	1.09933	0	0.00571829
7616	1	metal6	656.07	89.6	1.0996	0	0
7617	2	metal7	656.07	89.6	1.09969	0	0
7618	0	metal5	656.07	89.6	1.09951	0	0
7619	3	metal4	656.07	89.6	1.09943	0	0
7620	1	metal6	656.07	59.6	1.09949	0	0
7621	2	metal7	656.07	59.6	1.09962	0	0
7622	0	metal5	656.07	59.6	1.09937	0	0
7623	3	metal4	656.07	59.6	1.09924	0	0.00571829
7624	1	metal6	656.07	29.6	1.09947	0	0
7625	2	metal7	656.07	29.6	1.09961	0	0
7626	0	metal5	656.07	29.6	1.09934	0	0
7627	3	metal4	656.07	29.6	1.0992	0	0.00496442
7628	1	metal6	600.07	1079.6	1.09974	0	0
7629	2	metal7	600.07	1079.6	1.09986	0	0
7630	0	metal5	600.07	1079.6	1.09962	0	0
7631	3	metal4	600.07	1079.6	1.0995	0	0.00545152
7632	1	metal6	600.07	1049.6	1.0998	0	0
7633	2	metal7	600.07	1049.6	1.09988	0	0
7634	0	metal5	600.07	1049.6	1.09972	0	0
7635	3	metal4	600.07	1049.6	1.09963	0	0
7636	1	metal6	600.07	1019.6	1.09974	0	0
7637	2	metal7	600.07	1019.6	1.09985	0	0
7638	0	metal5	600.07	1019.6	1.09962	0	0
7639	3	metal4	600.07	1019.6	1.09951	0	0.00618876
7640	1	metal6	600.07	989.6	1.09977	0	0
7641	2	metal7	600.07	989.6	1.09985	0	0
7642	0	metal5	600.07	989.6	1.09969	0	0
7643	3	metal4	600.07	989.6	1.09961	0	0
7644	1	metal6	600.07	959.6	1.09969	0	0
7645	2	metal7	600.07	959.6	1.09979	0	0
7646	0	metal5	600.07	959.6	1.09958	0	0
7647	3	metal4	600.07	959.6	1.09947	0	0.00618876
7648	1	metal6	600.07	929.6	1.09973	0	0
7649	2	metal7	600.07	929.6	1.09981	0	0
7650	0	metal5	600.07	929.6	1.09965	0	0
7651	3	metal4	600.07	929.6	1.09957	0	0
7652	1	metal6	600.07	899.6	1.09965	0	0
7653	2	metal7	600.07	899.6	1.09977	0	0
7654	0	metal5	600.07	899.6	1.09954	0	0
7655	3	metal4	600.07	899.6	1.09943	0	0.00618876
7656	1	metal6	600.07	869.6	1.09969	0	0
7657	2	metal7	600.07	869.6	1.09978	0	0
7658	0	metal5	600.07	869.6	1.0996	0	0
7659	3	metal4	600.07	869.6	1.09951	0	0
7660	1	metal6	600.07	839.6	1.09958	0	0
7661	2	metal7	600.07	839.6	1.09972	0	0
7662	0	metal5	600.07	839.6	1.09945	0	0
7663	3	metal4	600.07	839.6	1.09931	0	0.00618876
7664	1	metal6	600.07	809.6	1.09956	0	0
7665	2	metal7	600.07	809.6	1.09971	0	0
7666	0	metal5	600.07	809.6	1.09941	0	0
7667	3	metal4	600.07	809.6	1.09926	0	0.0080174
7668	1	metal6	600.07	779.6	1.09968	0	0
7669	2	metal7	600.07	779.6	1.09978	0	0
7670	0	metal5	600.07	779.6	1.09959	0	0
7671	3	metal4	600.07	779.6	1.09949	0	0
7672	1	metal6	600.07	749.6	1.09966	0	0
7673	2	metal7	600.07	749.6	1.09976	0	0
7674	0	metal5	600.07	749.6	1.09955	0	0
7675	3	metal4	600.07	749.6	1.09944	0	0.00576905
7676	1	metal6	600.07	719.6	1.09973	0	0
7677	2	metal7	600.07	719.6	1.09981	0	0
7678	0	metal5	600.07	719.6	1.09965	0	0
7679	3	metal4	600.07	719.6	1.09957	0	0
7680	1	metal6	600.07	689.6	1.09968	0	0
7681	2	metal7	600.07	689.6	1.09978	0	0
7682	0	metal5	600.07	689.6	1.09958	0	0
7683	3	metal4	600.07	689.6	1.09948	0	0.00576905
7684	1	metal6	600.07	659.6	1.09974	0	0
7685	2	metal7	600.07	659.6	1.09982	0	0
7686	0	metal5	600.07	659.6	1.09967	0	0
7687	3	metal4	600.07	659.6	1.0996	0	0
7688	1	metal6	600.07	629.6	1.09969	0	0
7689	2	metal7	600.07	629.6	1.09979	0	0
7690	0	metal5	600.07	629.6	1.09959	0	0
7691	3	metal4	600.07	629.6	1.09949	0	0.00576905
7692	1	metal6	600.07	599.6	1.09975	0	0
7693	2	metal7	600.07	599.6	1.09982	0	0
7694	0	metal5	600.07	599.6	1.09967	0	0
7695	3	metal4	600.07	599.6	1.0996	0	0
7696	1	metal6	600.07	569.6	1.09969	0	0
7697	2	metal7	600.07	569.6	1.0998	0	0
7698	0	metal5	600.07	569.6	1.09958	0	0
7699	3	metal4	600.07	569.6	1.09948	0	0.00576905
7700	1	metal6	600.07	539.6	1.09973	0	0
7701	2	metal7	600.07	539.6	1.09982	0	0
7702	0	metal5	600.07	539.6	1.09965	0	0
7703	3	metal4	600.07	539.6	1.09956	0	0
7704	1	metal6	600.07	509.6	1.09965	0	0
7705	2	metal7	600.07	509.6	1.09978	0	0
7706	0	metal5	600.07	509.6	1.09951	0	0
7707	3	metal4	600.07	509.6	1.09938	0	0.00835393
7708	1	metal6	600.07	479.6	1.09974	0	0
7709	2	metal7	600.07	479.6	1.09983	0	0
7710	0	metal5	600.07	479.6	1.09966	0	0
7711	3	metal4	600.07	479.6	1.09957	0	0
7712	1	metal6	600.07	449.6	1.09971	0	0
7713	2	metal7	600.07	449.6	1.09981	0	0
7714	0	metal5	600.07	449.6	1.09961	0	0
7715	3	metal4	600.07	449.6	1.09951	0	0.00512757
7716	1	metal6	600.07	419.6	1.09976	0	0
7717	2	metal7	600.07	419.6	1.09984	0	0
7718	0	metal5	600.07	419.6	1.09968	0	0
7719	3	metal4	600.07	419.6	1.09961	0	0
7720	1	metal6	600.07	389.6	1.09969	0	0
7721	2	metal7	600.07	389.6	1.09981	0	0
7722	0	metal5	600.07	389.6	1.09958	0	0
7723	3	metal4	600.07	389.6	1.09947	0	0.00512757
7724	1	metal6	600.07	359.6	1.0997	0	0
7725	2	metal7	600.07	359.6	1.09981	0	0
7726	0	metal5	600.07	359.6	1.09959	0	0
7727	3	metal4	600.07	359.6	1.09947	0	0.00546439
7728	1	metal6	600.07	329.6	1.09977	0	0
7729	2	metal7	600.07	329.6	1.09985	0	0
7730	0	metal5	600.07	329.6	1.0997	0	0
7731	3	metal4	600.07	329.6	1.09962	0	0
7732	1	metal6	600.07	299.6	1.09974	0	0
7733	2	metal7	600.07	299.6	1.09983	0	0
7734	0	metal5	600.07	299.6	1.09964	0	0
7735	3	metal4	600.07	299.6	1.09955	0	0.00510291
7736	1	metal6	600.07	269.6	1.09979	0	0
7737	2	metal7	600.07	269.6	1.09986	0	0
7738	0	metal5	600.07	269.6	1.09971	0	0
7739	3	metal4	600.07	269.6	1.09964	0	0
7740	1	metal6	600.07	239.6	1.09973	0	0
7741	2	metal7	600.07	239.6	1.09983	0	0
7742	0	metal5	600.07	239.6	1.09963	0	0
7743	3	metal4	600.07	239.6	1.09952	0	0.00570022
7744	1	metal6	600.07	209.6	1.09977	0	0
7745	2	metal7	600.07	209.6	1.09985	0	0
7746	0	metal5	600.07	209.6	1.09969	0	0
7747	3	metal4	600.07	209.6	1.09962	0	0
7748	1	metal6	600.07	179.6	1.0997	0	0
7749	2	metal7	600.07	179.6	1.09981	0	0
7750	0	metal5	600.07	179.6	1.09959	0	0
7751	3	metal4	600.07	179.6	1.09948	0	0.00650916
7752	1	metal6	600.07	149.6	1.09975	0	0
7753	2	metal7	600.07	149.6	1.09982	0	0
7754	0	metal5	600.07	149.6	1.09967	0	0
7755	3	metal4	600.07	149.6	1.0996	0	0
7756	1	metal6	600.07	119.6	1.09969	0	0
7757	2	metal7	600.07	119.6	1.0998	0	0
7758	0	metal5	600.07	119.6	1.09959	0	0
7759	3	metal4	600.07	119.6	1.09948	0	0.00571829
7760	1	metal6	600.07	89.6	1.09975	0	0
7761	2	metal7	600.07	89.6	1.09983	0	0
7762	0	metal5	600.07	89.6	1.09966	0	0
7763	3	metal4	600.07	89.6	1.09957	0	0
7764	1	metal6	600.07	59.6	1.09966	0	0
7765	2	metal7	600.07	59.6	1.09979	0	0
7766	0	metal5	600.07	59.6	1.09953	0	0
7767	3	metal4	600.07	59.6	1.0994	0	0.00571829
7768	1	metal6	600.07	29.6	1.09964	0	0
7769	2	metal7	600.07	29.6	1.09978	0	0
7770	0	metal5	600.07	29.6	1.09951	0	0
7771	3	metal4	600.07	29.6	1.09937	0	0.00496442
7772	1	metal6	544.07	1079.6	1.09988	0	0
7773	2	metal7	544.07	1079.6	1.1	1	0
7774	0	metal5	544.07	1079.6	1.09976	0	0
7775	3	metal4	544.07	1079.6	1.09964	0	0.00545152
7776	1	metal6	544.07	1049.6	1.09992	0	0
7777	2	metal7	544.07	1049.6	1.1	1	0
7778	0	metal5	544.07	1049.6	1.09984	0	0
7779	3	metal4	544.07	1049.6	1.09977	0	0
7780	1	metal6	544.07	1019.6	1.09989	0	0
7781	2	metal7	544.07	1019.6	1.1	1	0
7782	0	metal5	544.07	1019.6	1.09977	0	0
7783	3	metal4	544.07	1019.6	1.09966	0	0.00618876
7784	1	metal6	544.07	989.6	1.09993	0	0
7785	2	metal7	544.07	989.6	1.1	1	0
7786	0	metal5	544.07	989.6	1.09985	0	0
7787	3	metal4	544.07	989.6	1.09978	0	0
7788	1	metal6	544.07	959.6	1.09989	0	0
7789	2	metal7	544.07	959.6	1.1	1	0
7790	0	metal5	544.07	959.6	1.09977	0	0
7791	3	metal4	544.07	959.6	1.09966	0	0.00618876
7792	1	metal6	544.07	929.6	1.09992	0	0
7793	2	metal7	544.07	929.6	1.1	1	0
7794	0	metal5	544.07	929.6	1.09985	0	0
7795	3	metal4	544.07	929.6	1.09977	0	0
7796	1	metal6	544.07	899.6	1.09988	0	0
7797	2	metal7	544.07	899.6	1.1	1	0
7798	0	metal5	544.07	899.6	1.09977	0	0
7799	3	metal4	544.07	899.6	1.09965	0	0.00618876
7800	1	metal6	544.07	869.6	1.09991	0	0
7801	2	metal7	544.07	869.6	1.1	1	0
7802	0	metal5	544.07	869.6	1.09983	0	0
7803	3	metal4	544.07	869.6	1.09974	0	0
7804	1	metal6	544.07	839.6	1.09986	0	0
7805	2	metal7	544.07	839.6	1.1	1	0
7806	0	metal5	544.07	839.6	1.09971	0	0
7807	3	metal4	544.07	839.6	1.09957	0	0.00618876
7808	1	metal6	544.07	809.6	1.09984	0	0
7809	2	metal7	544.07	809.6	1.1	1	0
7810	0	metal5	544.07	809.6	1.09969	0	0
7811	3	metal4	544.07	809.6	1.09953	0	0.00781343
7812	1	metal6	544.07	779.6	1.09991	0	0
7813	2	metal7	544.07	779.6	1.1	1	0
7814	0	metal5	544.07	779.6	1.09982	0	0
7815	3	metal4	544.07	779.6	1.09974	0	0
7816	1	metal6	544.07	749.6	1.09989	0	0
7817	2	metal7	544.07	749.6	1.1	1	0
7818	0	metal5	544.07	749.6	1.09978	0	0
7819	3	metal4	544.07	749.6	1.09967	0	0.00570946
7820	1	metal6	544.07	719.6	1.09993	0	0
7821	2	metal7	544.07	719.6	1.1	1	0
7822	0	metal5	544.07	719.6	1.09986	0	0
7823	3	metal4	544.07	719.6	1.09979	0	0
7824	1	metal6	544.07	689.6	1.0999	0	0
7825	2	metal7	544.07	689.6	1.1	1	0
7826	0	metal5	544.07	689.6	1.09979	0	0
7827	3	metal4	544.07	689.6	1.09969	0	0.00569086
7828	1	metal6	544.07	659.6	1.09993	0	0
7829	2	metal7	544.07	659.6	1.1	1	0
7830	0	metal5	544.07	659.6	1.09986	0	0
7831	3	metal4	544.07	659.6	1.09979	0	0
7832	1	metal6	544.07	629.6	1.0999	0	0
7833	2	metal7	544.07	629.6	1.1	1	0
7834	0	metal5	544.07	629.6	1.09979	0	0
7835	3	metal4	544.07	629.6	1.09969	0	0.00559984
7836	1	metal6	544.07	599.6	1.09993	0	0
7837	2	metal7	544.07	599.6	1.1	1	0
7838	0	metal5	544.07	599.6	1.09985	0	0
7839	3	metal4	544.07	599.6	1.09978	0	0
7840	1	metal6	544.07	569.6	1.09988	0	0
7841	2	metal7	544.07	569.6	1.1	1	0
7842	0	metal5	544.07	569.6	1.09976	0	0
7843	3	metal4	544.07	569.6	1.09964	0	0.00639927
7844	1	metal6	544.07	539.6	1.09991	0	0
7845	2	metal7	544.07	539.6	1.1	1	0
7846	0	metal5	544.07	539.6	1.09982	0	0
7847	3	metal4	544.07	539.6	1.09973	0	0
7848	1	metal6	544.07	509.6	1.09985	0	0
7849	2	metal7	544.07	509.6	1.1	1	0
7850	0	metal5	544.07	509.6	1.0997	0	0
7851	3	metal4	544.07	509.6	1.09955	0	0.00903337
7852	1	metal6	544.07	479.6	1.09991	0	0
7853	2	metal7	544.07	479.6	1.1	1	0
7854	0	metal5	544.07	479.6	1.09982	0	0
7855	3	metal4	544.07	479.6	1.09974	0	0
7856	1	metal6	544.07	449.6	1.09988	0	0
7857	2	metal7	544.07	449.6	1.1	1	0
7858	0	metal5	544.07	449.6	1.09977	0	0
7859	3	metal4	544.07	449.6	1.09965	0	0.00597089
7860	1	metal6	544.07	419.6	1.09992	0	0
7861	2	metal7	544.07	419.6	1.1	1	0
7862	0	metal5	544.07	419.6	1.09984	0	0
7863	3	metal4	544.07	419.6	1.09976	0	0
7864	1	metal6	544.07	389.6	1.09988	0	0
7865	2	metal7	544.07	389.6	1.1	1	0
7866	0	metal5	544.07	389.6	1.09975	0	0
7867	3	metal4	544.07	389.6	1.09963	0	0.00562109
7868	1	metal6	544.07	359.6	1.09988	0	0
7869	2	metal7	544.07	359.6	1.1	1	0
7870	0	metal5	544.07	359.6	1.09976	0	0
7871	3	metal4	544.07	359.6	1.09964	0	0.00553562
7872	1	metal6	544.07	329.6	1.09993	0	0
7873	2	metal7	544.07	329.6	1.1	1	0
7874	0	metal5	544.07	329.6	1.09986	0	0
7875	3	metal4	544.07	329.6	1.09978	0	0
7876	1	metal6	544.07	299.6	1.0999	0	0
7877	2	metal7	544.07	299.6	1.1	1	0
7878	0	metal5	544.07	299.6	1.09981	0	0
7879	3	metal4	544.07	299.6	1.09971	0	0.00510291
7880	1	metal6	544.07	269.6	1.09993	0	0
7881	2	metal7	544.07	269.6	1.1	1	0
7882	0	metal5	544.07	269.6	1.09987	0	0
7883	3	metal4	544.07	269.6	1.0998	0	0
7884	1	metal6	544.07	239.6	1.0999	0	0
7885	2	metal7	544.07	239.6	1.1	1	0
7886	0	metal5	544.07	239.6	1.0998	0	0
7887	3	metal4	544.07	239.6	1.0997	0	0.00559087
7888	1	metal6	544.07	209.6	1.09993	0	0
7889	2	metal7	544.07	209.6	1.1	1	0
7890	0	metal5	544.07	209.6	1.09987	0	0
7891	3	metal4	544.07	209.6	1.0998	0	0
7892	1	metal6	544.07	179.6	1.0999	0	0
7893	2	metal7	544.07	179.6	1.1	1	0
7894	0	metal5	544.07	179.6	1.0998	0	0
7895	3	metal4	544.07	179.6	1.0997	0	0.00550188
7896	1	metal6	544.07	149.6	1.09993	0	0
7897	2	metal7	544.07	149.6	1.1	1	0
7898	0	metal5	544.07	149.6	1.09986	0	0
7899	3	metal4	544.07	149.6	1.09979	0	0
7900	1	metal6	544.07	119.6	1.09989	0	0
7901	2	metal7	544.07	119.6	1.1	1	0
7902	0	metal5	544.07	119.6	1.09979	0	0
7903	3	metal4	544.07	119.6	1.09968	0	0.00571829
7904	1	metal6	544.07	89.6	1.09992	0	0
7905	2	metal7	544.07	89.6	1.1	1	0
7906	0	metal5	544.07	89.6	1.09984	0	0
7907	3	metal4	544.07	89.6	1.09976	0	0
7908	1	metal6	544.07	59.6	1.09987	0	0
7909	2	metal7	544.07	59.6	1.1	1	0
7910	0	metal5	544.07	59.6	1.09974	0	0
7911	3	metal4	544.07	59.6	1.09961	0	0.00571829
7912	1	metal6	544.07	29.6	1.09986	0	0
7913	2	metal7	544.07	29.6	1.1	1	0
7914	0	metal5	544.07	29.6	1.09972	0	0
7915	3	metal4	544.07	29.6	1.09958	0	0.00496442
7916	1	metal6	488.07	1079.6	1.09965	0	0
7917	2	metal7	488.07	1079.6	1.09985	0	0
7918	0	metal5	488.07	1079.6	1.09944	0	0
7919	3	metal4	488.07	1079.6	1.09924	0	0.00910303
7920	1	metal6	488.07	1049.6	1.09974	0	0
7921	2	metal7	488.07	1049.6	1.09988	0	0
7922	0	metal5	488.07	1049.6	1.0996	0	0
7923	3	metal4	488.07	1049.6	1.09946	0	0
7924	1	metal6	488.07	1019.6	1.09964	0	0
7925	2	metal7	488.07	1019.6	1.09984	0	0
7926	0	metal5	488.07	1019.6	1.09944	0	0
7927	3	metal4	488.07	1019.6	1.09924	0	0.0108211
7928	1	metal6	488.07	989.6	1.09968	0	0
7929	2	metal7	488.07	989.6	1.09982	0	0
7930	0	metal5	488.07	989.6	1.09955	0	0
7931	3	metal4	488.07	989.6	1.09941	0	0
7932	1	metal6	488.07	959.6	1.09956	0	0
7933	2	metal7	488.07	959.6	1.09976	0	0
7934	0	metal5	488.07	959.6	1.09937	0	0
7935	3	metal4	488.07	959.6	1.09918	0	0.0108211
7936	1	metal6	488.07	929.6	1.09962	0	0
7937	2	metal7	488.07	929.6	1.09976	0	0
7938	0	metal5	488.07	929.6	1.09948	0	0
7939	3	metal4	488.07	929.6	1.09934	0	0
7940	1	metal6	488.07	899.6	1.09946	0	0
7941	2	metal7	488.07	899.6	1.09965	0	0
7942	0	metal5	488.07	899.6	1.09926	0	0
7943	3	metal4	488.07	899.6	1.09907	0	0.0108211
7944	1	metal6	488.07	869.6	1.0995	0	0
7945	2	metal7	488.07	869.6	1.09965	0	0
7946	0	metal5	488.07	869.6	1.09935	0	0
7947	3	metal4	488.07	869.6	1.09921	0	0
7948	1	metal6	488.07	839.6	1.09933	0	0
7949	2	metal7	488.07	839.6	1.09955	0	0
7950	0	metal5	488.07	839.6	1.09911	0	0
7951	3	metal4	488.07	839.6	1.09889	0	0.0108211
7952	1	metal6	488.07	809.6	1.09932	0	0
7953	2	metal7	488.07	809.6	1.09953	0	0
7954	0	metal5	488.07	809.6	1.09911	0	0
7955	3	metal4	488.07	809.6	1.0989	0	0.0108156
7956	1	metal6	488.07	779.6	1.09949	0	0
7957	2	metal7	488.07	779.6	1.09961	0	0
7958	0	metal5	488.07	779.6	1.09937	0	0
7959	3	metal4	488.07	779.6	1.09926	0	0
7960	1	metal6	488.07	749.6	1.09947	0	0
7961	2	metal7	488.07	749.6	1.09958	0	0
7962	0	metal5	488.07	749.6	1.09936	0	0
7963	3	metal4	488.07	749.6	1.09925	0	0.00530506
7964	1	metal6	488.07	719.6	1.09956	0	0
7965	2	metal7	488.07	719.6	1.09963	0	0
7966	0	metal5	488.07	719.6	1.09948	0	0
7967	3	metal4	488.07	719.6	1.0994	0	0
7968	1	metal6	488.07	689.6	1.0995	0	0
7969	2	metal7	488.07	689.6	1.0996	0	0
7970	0	metal5	488.07	689.6	1.0994	0	0
7971	3	metal4	488.07	689.6	1.0993	0	0.00552845
7972	1	metal6	488.07	659.6	1.09957	0	0
7973	2	metal7	488.07	659.6	1.09964	0	0
7974	0	metal5	488.07	659.6	1.0995	0	0
7975	3	metal4	488.07	659.6	1.09942	0	0
7976	1	metal6	488.07	629.6	1.0995	0	0
7977	2	metal7	488.07	629.6	1.0996	0	0
7978	0	metal5	488.07	629.6	1.09941	0	0
7979	3	metal4	488.07	629.6	1.09931	0	0.00529797
7980	1	metal6	488.07	599.6	1.09956	0	0
7981	2	metal7	488.07	599.6	1.09964	0	0
7982	0	metal5	488.07	599.6	1.09948	0	0
7983	3	metal4	488.07	599.6	1.0994	0	0
7984	1	metal6	488.07	569.6	1.09948	0	0
7985	2	metal7	488.07	569.6	1.0996	0	0
7986	0	metal5	488.07	569.6	1.09936	0	0
7987	3	metal4	488.07	569.6	1.09924	0	0.0070183
7988	1	metal6	488.07	539.6	1.09955	0	0
7989	2	metal7	488.07	539.6	1.09964	0	0
7990	0	metal5	488.07	539.6	1.09946	0	0
7991	3	metal4	488.07	539.6	1.09937	0	0
7992	1	metal6	488.07	509.6	1.09947	0	0
7993	2	metal7	488.07	509.6	1.0996	0	0
7994	0	metal5	488.07	509.6	1.09935	0	0
7995	3	metal4	488.07	509.6	1.09922	0	0.00731461
7996	1	metal6	488.07	479.6	1.09955	0	0
7997	2	metal7	488.07	479.6	1.09965	0	0
7998	0	metal5	488.07	479.6	1.09945	0	0
7999	3	metal4	488.07	479.6	1.09935	0	0
8000	1	metal6	488.07	449.6	1.09947	0	0
8001	2	metal7	488.07	449.6	1.09961	0	0
8002	0	metal5	488.07	449.6	1.09933	0	0
8003	3	metal4	488.07	449.6	1.09919	0	0.00832842
8004	1	metal6	488.07	419.6	1.09956	0	0
8005	2	metal7	488.07	419.6	1.09966	0	0
8006	0	metal5	488.07	419.6	1.09947	0	0
8007	3	metal4	488.07	419.6	1.09937	0	0
8008	1	metal6	488.07	389.6	1.0995	0	0
8009	2	metal7	488.07	389.6	1.09963	0	0
8010	0	metal5	488.07	389.6	1.09937	0	0
8011	3	metal4	488.07	389.6	1.09924	0	0.00677956
8012	1	metal6	488.07	359.6	1.09957	0	0
8013	2	metal7	488.07	359.6	1.0997	0	0
8014	0	metal5	488.07	359.6	1.09945	0	0
8015	3	metal4	488.07	359.6	1.09933	0	0.00538223
8016	1	metal6	488.07	329.6	1.0997	0	0
8017	2	metal7	488.07	329.6	1.09979	0	0
8018	0	metal5	488.07	329.6	1.09962	0	0
8019	3	metal4	488.07	329.6	1.09954	0	0
8020	1	metal6	488.07	299.6	1.09969	0	0
8021	2	metal7	488.07	299.6	1.09979	0	0
8022	0	metal5	488.07	299.6	1.0996	0	0
8023	3	metal4	488.07	299.6	1.0995	0	0.00510291
8024	1	metal6	488.07	269.6	1.09977	0	0
8025	2	metal7	488.07	269.6	1.09985	0	0
8026	0	metal5	488.07	269.6	1.0997	0	0
8027	3	metal4	488.07	269.6	1.09963	0	0
8028	1	metal6	488.07	239.6	1.09975	0	0
8029	2	metal7	488.07	239.6	1.09986	0	0
8030	0	metal5	488.07	239.6	1.09964	0	0
8031	3	metal4	488.07	239.6	1.09953	0	0.00580825
8032	1	metal6	488.07	209.6	1.09979	0	0
8033	2	metal7	488.07	209.6	1.09987	0	0
8034	0	metal5	488.07	209.6	1.09971	0	0
8035	3	metal4	488.07	209.6	1.09963	0	0
8036	1	metal6	488.07	179.6	1.09973	0	0
8037	2	metal7	488.07	179.6	1.09985	0	0
8038	0	metal5	488.07	179.6	1.09961	0	0
8039	3	metal4	488.07	179.6	1.09949	0	0.00716309
8040	1	metal6	488.07	149.6	1.09979	0	0
8041	2	metal7	488.07	149.6	1.09987	0	0
8042	0	metal5	488.07	149.6	1.09971	0	0
8043	3	metal4	488.07	149.6	1.09963	0	0
8044	1	metal6	488.07	119.6	1.09975	0	0
8045	2	metal7	488.07	119.6	1.09985	0	0
8046	0	metal5	488.07	119.6	1.09964	0	0
8047	3	metal4	488.07	119.6	1.09954	0	0.00571829
8048	1	metal6	488.07	89.6	1.09981	0	0
8049	2	metal7	488.07	89.6	1.0999	0	0
8050	0	metal5	488.07	89.6	1.09973	0	0
8051	3	metal4	488.07	89.6	1.09964	0	0
8052	1	metal6	488.07	59.6	1.09975	0	0
8053	2	metal7	488.07	59.6	1.09988	0	0
8054	0	metal5	488.07	59.6	1.09962	0	0
8055	3	metal4	488.07	59.6	1.09949	0	0.00571829
8056	1	metal6	488.07	29.6	1.09974	0	0
8057	2	metal7	488.07	29.6	1.09988	0	0
8058	0	metal5	488.07	29.6	1.0996	0	0
8059	3	metal4	488.07	29.6	1.09946	0	0.00496442
8060	1	metal6	432.07	1079.6	1.09964	0	0
8061	2	metal7	432.07	1079.6	1.09977	0	0
8062	0	metal5	432.07	1079.6	1.0995	0	0
8063	3	metal4	432.07	1079.6	1.09937	0	0.00599864
8064	1	metal6	432.07	1049.6	1.09971	0	0
8065	2	metal7	432.07	1049.6	1.0998	0	0
8066	0	metal5	432.07	1049.6	1.09961	0	0
8067	3	metal4	432.07	1049.6	1.09951	0	0
8068	1	metal6	432.07	1019.6	1.09961	0	0
8069	2	metal7	432.07	1019.6	1.09974	0	0
8070	0	metal5	432.07	1019.6	1.09948	0	0
8071	3	metal4	432.07	1019.6	1.09935	0	0.00674199
8072	1	metal6	432.07	989.6	1.0996	0	0
8073	2	metal7	432.07	989.6	1.09968	0	0
8074	0	metal5	432.07	989.6	1.09951	0	0
8075	3	metal4	432.07	989.6	1.09942	0	0
8076	1	metal6	432.07	959.6	1.09947	0	0
8077	2	metal7	432.07	959.6	1.09959	0	0
8078	0	metal5	432.07	959.6	1.09934	0	0
8079	3	metal4	432.07	959.6	1.09922	0	0.00674199
8080	1	metal6	432.07	929.6	1.09947	0	0
8081	2	metal7	432.07	929.6	1.09957	0	0
8082	0	metal5	432.07	929.6	1.09937	0	0
8083	3	metal4	432.07	929.6	1.09928	0	0
8084	1	metal6	432.07	899.6	1.09926	0	0
8085	2	metal7	432.07	899.6	1.09937	0	0
8086	0	metal5	432.07	899.6	1.09914	0	0
8087	3	metal4	432.07	899.6	1.09903	0	0.00674199
8088	1	metal6	432.07	869.6	1.09925	0	0
8089	2	metal7	432.07	869.6	1.09935	0	0
8090	0	metal5	432.07	869.6	1.09916	0	0
8091	3	metal4	432.07	869.6	1.09906	0	0
8092	1	metal6	432.07	839.6	1.09904	0	0
8093	2	metal7	432.07	839.6	1.09917	0	0
8094	0	metal5	432.07	839.6	1.09892	0	0
8095	3	metal4	432.07	839.6	1.09879	0	0.00674199
8096	1	metal6	432.07	809.6	1.09901	0	0
8097	2	metal7	432.07	809.6	1.09914	0	0
8098	0	metal5	432.07	809.6	1.09889	0	0
8099	3	metal4	432.07	809.6	1.09876	0	0.00674199
8100	1	metal6	432.07	779.6	1.09916	0	0
8101	2	metal7	432.07	779.6	1.09926	0	0
8102	0	metal5	432.07	779.6	1.09906	0	0
8103	3	metal4	432.07	779.6	1.09896	0	0
8104	1	metal6	432.07	749.6	1.09909	0	0
8105	2	metal7	432.07	749.6	1.09921	0	0
8106	0	metal5	432.07	749.6	1.09897	0	0
8107	3	metal4	432.07	749.6	1.09886	0	0.00674199
8108	1	metal6	432.07	719.6	1.0992	0	0
8109	2	metal7	432.07	719.6	1.0993	0	0
8110	0	metal5	432.07	719.6	1.09911	0	0
8111	3	metal4	432.07	719.6	1.09902	0	0
8112	1	metal6	432.07	689.6	1.09911	0	0
8113	2	metal7	432.07	689.6	1.09923	0	0
8114	0	metal5	432.07	689.6	1.099	0	0
8115	3	metal4	432.07	689.6	1.09889	0	0.00674199
8116	1	metal6	432.07	659.6	1.09922	0	0
8117	2	metal7	432.07	659.6	1.09931	0	0
8118	0	metal5	432.07	659.6	1.09913	0	0
8119	3	metal4	432.07	659.6	1.09903	0	0
8120	1	metal6	432.07	629.6	1.09912	0	0
8121	2	metal7	432.07	629.6	1.09923	0	0
8122	0	metal5	432.07	629.6	1.09901	0	0
8123	3	metal4	432.07	629.6	1.0989	0	0.00674199
8124	1	metal6	432.07	599.6	1.09922	0	0
8125	2	metal7	432.07	599.6	1.09931	0	0
8126	0	metal5	432.07	599.6	1.09913	0	0
8127	3	metal4	432.07	599.6	1.09904	0	0
8128	1	metal6	432.07	569.6	1.09912	0	0
8129	2	metal7	432.07	569.6	1.09923	0	0
8130	0	metal5	432.07	569.6	1.09901	0	0
8131	3	metal4	432.07	569.6	1.0989	0	0.00674199
8132	1	metal6	432.07	539.6	1.09923	0	0
8133	2	metal7	432.07	539.6	1.09932	0	0
8134	0	metal5	432.07	539.6	1.09914	0	0
8135	3	metal4	432.07	539.6	1.09905	0	0
8136	1	metal6	432.07	509.6	1.09913	0	0
8137	2	metal7	432.07	509.6	1.09924	0	0
8138	0	metal5	432.07	509.6	1.09902	0	0
8139	3	metal4	432.07	509.6	1.09891	0	0.00674199
8140	1	metal6	432.07	479.6	1.09924	0	0
8141	2	metal7	432.07	479.6	1.09933	0	0
8142	0	metal5	432.07	479.6	1.09915	0	0
8143	3	metal4	432.07	479.6	1.09906	0	0
8144	1	metal6	432.07	449.6	1.09915	0	0
8145	2	metal7	432.07	449.6	1.09926	0	0
8146	0	metal5	432.07	449.6	1.09904	0	0
8147	3	metal4	432.07	449.6	1.09893	0	0.00674199
8148	1	metal6	432.07	419.6	1.09927	0	0
8149	2	metal7	432.07	419.6	1.09936	0	0
8150	0	metal5	432.07	419.6	1.09918	0	0
8151	3	metal4	432.07	419.6	1.09909	0	0
8152	1	metal6	432.07	389.6	1.0992	0	0
8153	2	metal7	432.07	389.6	1.09931	0	0
8154	0	metal5	432.07	389.6	1.09908	0	0
8155	3	metal4	432.07	389.6	1.09896	0	0.00660103
8156	1	metal6	432.07	359.6	1.09932	0	0
8157	2	metal7	432.07	359.6	1.09943	0	0
8158	0	metal5	432.07	359.6	1.0992	0	0
8159	3	metal4	432.07	359.6	1.09909	0	0.0051459
8160	1	metal6	432.07	329.6	1.09951	0	0
8161	2	metal7	432.07	329.6	1.0996	0	0
8162	0	metal5	432.07	329.6	1.09942	0	0
8163	3	metal4	432.07	329.6	1.09934	0	0
8164	1	metal6	432.07	299.6	1.09951	0	0
8165	2	metal7	432.07	299.6	1.09962	0	0
8166	0	metal5	432.07	299.6	1.09941	0	0
8167	3	metal4	432.07	299.6	1.09931	0	0.00579772
8168	1	metal6	432.07	269.6	1.09965	0	0
8169	2	metal7	432.07	269.6	1.09972	0	0
8170	0	metal5	432.07	269.6	1.09958	0	0
8171	3	metal4	432.07	269.6	1.09951	0	0
8172	1	metal6	432.07	239.6	1.09966	0	0
8173	2	metal7	432.07	239.6	1.09975	0	0
8174	0	metal5	432.07	239.6	1.09957	0	0
8175	3	metal4	432.07	239.6	1.09949	0	0.00407478
8176	1	metal6	432.07	209.6	1.09971	0	0
8177	2	metal7	432.07	209.6	1.09977	0	0
8178	0	metal5	432.07	209.6	1.09964	0	0
8179	3	metal4	432.07	209.6	1.09958	0	0
8180	1	metal6	432.07	179.6	1.09965	0	0
8181	2	metal7	432.07	179.6	1.09974	0	0
8182	0	metal5	432.07	179.6	1.09956	0	0
8183	3	metal4	432.07	179.6	1.09946	0	0.00550226
8184	1	metal6	432.07	149.6	1.0997	0	0
8185	2	metal7	432.07	149.6	1.09977	0	0
8186	0	metal5	432.07	149.6	1.09963	0	0
8187	3	metal4	432.07	149.6	1.09956	0	0
8188	1	metal6	432.07	119.6	1.09964	0	0
8189	2	metal7	432.07	119.6	1.09974	0	0
8190	0	metal5	432.07	119.6	1.09954	0	0
8191	3	metal4	432.07	119.6	1.09945	0	0.00571829
8192	1	metal6	432.07	89.6	1.09973	0	0
8193	2	metal7	432.07	89.6	1.09982	0	0
8194	0	metal5	432.07	89.6	1.09965	0	0
8195	3	metal4	432.07	89.6	1.09956	0	0
8196	1	metal6	432.07	59.6	1.09967	0	0
8197	2	metal7	432.07	59.6	1.0998	0	0
8198	0	metal5	432.07	59.6	1.09954	0	0
8199	3	metal4	432.07	59.6	1.09941	0	0.00571829
8200	1	metal6	432.07	29.6	1.09966	0	0
8201	2	metal7	432.07	29.6	1.0998	0	0
8202	0	metal5	432.07	29.6	1.09952	0	0
8203	3	metal4	432.07	29.6	1.09938	0	0.00496442
8204	1	metal6	376.07	1079.6	1.0996	0	0
8205	2	metal7	376.07	1079.6	1.09974	0	0
8206	0	metal5	376.07	1079.6	1.09946	0	0
8207	3	metal4	376.07	1079.6	1.09933	0	0.00599864
8208	1	metal6	376.07	1049.6	1.09966	0	0
8209	2	metal7	376.07	1049.6	1.09977	0	0
8210	0	metal5	376.07	1049.6	1.09956	0	0
8211	3	metal4	376.07	1049.6	1.09946	0	0
8212	1	metal6	376.07	1019.6	1.09956	0	0
8213	2	metal7	376.07	1019.6	1.09969	0	0
8214	0	metal5	376.07	1019.6	1.09942	0	0
8215	3	metal4	376.07	1019.6	1.09929	0	0.00674199
8216	1	metal6	376.07	989.6	1.09949	0	0
8217	2	metal7	376.07	989.6	1.09958	0	0
8218	0	metal5	376.07	989.6	1.09941	0	0
8219	3	metal4	376.07	989.6	1.09932	0	0
8220	1	metal6	376.07	959.6	1.09933	0	0
8221	2	metal7	376.07	959.6	1.09946	0	0
8222	0	metal5	376.07	959.6	1.09921	0	0
8223	3	metal4	376.07	959.6	1.09909	0	0.00674199
8224	1	metal6	376.07	929.6	1.09931	0	0
8225	2	metal7	376.07	929.6	1.09941	0	0
8226	0	metal5	376.07	929.6	1.09921	0	0
8227	3	metal4	376.07	929.6	1.0991	0	0
8228	1	metal6	376.07	899.6	1.09902	0	0
8229	2	metal7	376.07	899.6	1.09913	0	0
8230	0	metal5	376.07	899.6	1.09891	0	0
8231	3	metal4	376.07	899.6	1.0988	0	0.00674199
8232	1	metal6	376.07	869.6	1.09899	0	0
8233	2	metal7	376.07	869.6	1.09909	0	0
8234	0	metal5	376.07	869.6	1.09889	0	0
8235	3	metal4	376.07	869.6	1.09879	0	0
8236	1	metal6	376.07	839.6	1.09872	0	0
8237	2	metal7	376.07	839.6	1.09884	0	0
8238	0	metal5	376.07	839.6	1.0986	0	0
8239	3	metal4	376.07	839.6	1.09848	0	0.00674199
8240	1	metal6	376.07	809.6	1.09867	0	0
8241	2	metal7	376.07	809.6	1.09879	0	0
8242	0	metal5	376.07	809.6	1.09855	0	0
8243	3	metal4	376.07	809.6	1.09843	0	0.00674199
8244	1	metal6	376.07	779.6	1.09885	0	0
8245	2	metal7	376.07	779.6	1.09895	0	0
8246	0	metal5	376.07	779.6	1.09874	0	0
8247	3	metal4	376.07	779.6	1.09864	0	0
8248	1	metal6	376.07	749.6	1.09876	0	0
8249	2	metal7	376.07	749.6	1.09887	0	0
8250	0	metal5	376.07	749.6	1.09864	0	0
8251	3	metal4	376.07	749.6	1.09853	0	0.00674199
8252	1	metal6	376.07	719.6	1.0989	0	0
8253	2	metal7	376.07	719.6	1.09899	0	0
8254	0	metal5	376.07	719.6	1.0988	0	0
8255	3	metal4	376.07	719.6	1.0987	0	0
8256	1	metal6	376.07	689.6	1.09879	0	0
8257	2	metal7	376.07	689.6	1.0989	0	0
8258	0	metal5	376.07	689.6	1.09868	0	0
8259	3	metal4	376.07	689.6	1.09857	0	0.00674199
8260	1	metal6	376.07	659.6	1.09891	0	0
8261	2	metal7	376.07	659.6	1.09901	0	0
8262	0	metal5	376.07	659.6	1.09882	0	0
8263	3	metal4	376.07	659.6	1.09872	0	0
8264	1	metal6	376.07	629.6	1.0988	0	0
8265	2	metal7	376.07	629.6	1.09891	0	0
8266	0	metal5	376.07	629.6	1.09869	0	0
8267	3	metal4	376.07	629.6	1.09858	0	0.00674199
8268	1	metal6	376.07	599.6	1.09892	0	0
8269	2	metal7	376.07	599.6	1.09902	0	0
8270	0	metal5	376.07	599.6	1.09883	0	0
8271	3	metal4	376.07	599.6	1.09873	0	0
8272	1	metal6	376.07	569.6	1.0988	0	0
8273	2	metal7	376.07	569.6	1.09891	0	0
8274	0	metal5	376.07	569.6	1.0987	0	0
8275	3	metal4	376.07	569.6	1.09859	0	0.00674199
8276	1	metal6	376.07	539.6	1.09893	0	0
8277	2	metal7	376.07	539.6	1.09903	0	0
8278	0	metal5	376.07	539.6	1.09884	0	0
8279	3	metal4	376.07	539.6	1.09874	0	0
8280	1	metal6	376.07	509.6	1.09882	0	0
8281	2	metal7	376.07	509.6	1.09892	0	0
8282	0	metal5	376.07	509.6	1.09871	0	0
8283	3	metal4	376.07	509.6	1.09861	0	0.00674199
8284	1	metal6	376.07	479.6	1.09895	0	0
8285	2	metal7	376.07	479.6	1.09904	0	0
8286	0	metal5	376.07	479.6	1.09886	0	0
8287	3	metal4	376.07	479.6	1.09877	0	0
8288	1	metal6	376.07	449.6	1.09885	0	0
8289	2	metal7	376.07	449.6	1.09895	0	0
8290	0	metal5	376.07	449.6	1.09875	0	0
8291	3	metal4	376.07	449.6	1.09865	0	0.00674199
8292	1	metal6	376.07	419.6	1.09901	0	0
8293	2	metal7	376.07	419.6	1.09909	0	0
8294	0	metal5	376.07	419.6	1.09892	0	0
8295	3	metal4	376.07	419.6	1.09883	0	0
8296	1	metal6	376.07	389.6	1.09894	0	0
8297	2	metal7	376.07	389.6	1.09903	0	0
8298	0	metal5	376.07	389.6	1.09884	0	0
8299	3	metal4	376.07	389.6	1.09875	0	0.00670857
8300	1	metal6	376.07	359.6	1.09914	0	0
8301	2	metal7	376.07	359.6	1.09921	0	0
8302	0	metal5	376.07	359.6	1.09907	0	0
8303	3	metal4	376.07	359.6	1.099	0	0.00252574
8304	1	metal6	376.07	329.6	1.09938	0	0
8305	2	metal7	376.07	329.6	1.09945	0	0
8306	0	metal5	376.07	329.6	1.09932	0	0
8307	3	metal4	376.07	329.6	1.09925	0	0
8308	1	metal6	376.07	299.6	1.09942	0	0
8309	2	metal7	376.07	299.6	1.09948	0	0
8310	0	metal5	376.07	299.6	1.09937	0	0
8311	3	metal4	376.07	299.6	1.09931	0	0.00323591
8312	1	metal6	376.07	269.6	1.09958	0	0
8313	2	metal7	376.07	269.6	1.09962	0	0
8314	0	metal5	376.07	269.6	1.09954	0	0
8315	3	metal4	376.07	269.6	1.09949	0	0
8316	1	metal6	376.07	239.6	1.09963	0	0
8317	2	metal7	376.07	239.6	1.09967	0	0
8318	0	metal5	376.07	239.6	1.09959	0	0
8319	3	metal4	376.07	239.6	1.09954	0	0.00106473
8320	1	metal6	376.07	209.6	1.09965	0	0
8321	2	metal7	376.07	209.6	1.0997	0	0
8322	0	metal5	376.07	209.6	1.09961	0	0
8323	3	metal4	376.07	209.6	1.09956	0	0
8324	1	metal6	376.07	179.6	1.0996	0	0
8325	2	metal7	376.07	179.6	1.09967	0	0
8326	0	metal5	376.07	179.6	1.09952	0	0
8327	3	metal4	376.07	179.6	1.09945	0	0.0043237
8328	1	metal6	376.07	149.6	1.09963	0	0
8329	2	metal7	376.07	149.6	1.0997	0	0
8330	0	metal5	376.07	149.6	1.09956	0	0
8331	3	metal4	376.07	149.6	1.0995	0	0
8332	1	metal6	376.07	119.6	1.09956	0	0
8333	2	metal7	376.07	119.6	1.09966	0	0
8334	0	metal5	376.07	119.6	1.09945	0	0
8335	3	metal4	376.07	119.6	1.09934	0	0.00673718
8336	1	metal6	376.07	89.6	1.09968	0	0
8337	2	metal7	376.07	89.6	1.09978	0	0
8338	0	metal5	376.07	89.6	1.09958	0	0
8339	3	metal4	376.07	89.6	1.09948	0	0
8340	1	metal6	376.07	59.6	1.09962	0	0
8341	2	metal7	376.07	59.6	1.09977	0	0
8342	0	metal5	376.07	59.6	1.09947	0	0
8343	3	metal4	376.07	59.6	1.09931	0	0.00673718
8344	1	metal6	376.07	29.6	1.09962	0	0
8345	2	metal7	376.07	29.6	1.09978	0	0
8346	0	metal5	376.07	29.6	1.09946	0	0
8347	3	metal4	376.07	29.6	1.09931	0	0.00529092
8348	1	metal6	320.07	1079.6	1.09963	0	0
8349	2	metal7	320.07	1079.6	1.09975	0	0
8350	0	metal5	320.07	1079.6	1.09951	0	0
8351	3	metal4	320.07	1079.6	1.0994	0	0.00495632
8352	1	metal6	320.07	1049.6	1.09967	0	0
8353	2	metal7	320.07	1049.6	1.09976	0	0
8354	0	metal5	320.07	1049.6	1.09958	0	0
8355	3	metal4	320.07	1049.6	1.09949	0	0
8356	1	metal6	320.07	1019.6	1.09956	0	0
8357	2	metal7	320.07	1019.6	1.09969	0	0
8358	0	metal5	320.07	1019.6	1.09943	0	0
8359	3	metal4	320.07	1019.6	1.0993	0	0.00598532
8360	1	metal6	320.07	989.6	1.09943	0	0
8361	2	metal7	320.07	989.6	1.0995	0	0
8362	0	metal5	320.07	989.6	1.09935	0	0
8363	3	metal4	320.07	989.6	1.09927	0	0
8364	1	metal6	320.07	959.6	1.09925	0	0
8365	2	metal7	320.07	959.6	1.09937	0	0
8366	0	metal5	320.07	959.6	1.09913	0	0
8367	3	metal4	320.07	959.6	1.09901	0	0.00598532
8368	1	metal6	320.07	929.6	1.09917	0	0
8369	2	metal7	320.07	929.6	1.09929	0	0
8370	0	metal5	320.07	929.6	1.09904	0	0
8371	3	metal4	320.07	929.6	1.09892	0	0
8372	1	metal6	320.07	899.6	1.09877	0	0
8373	2	metal7	320.07	899.6	1.09892	0	0
8374	0	metal5	320.07	899.6	1.09861	0	0
8375	3	metal4	320.07	899.6	1.09846	0	0.00967891
8376	1	metal6	320.07	869.6	1.09871	0	0
8377	2	metal7	320.07	869.6	1.09886	0	0
8378	0	metal5	320.07	869.6	1.09857	0	0
8379	3	metal4	320.07	869.6	1.09842	0	0
8380	1	metal6	320.07	839.6	1.09834	0	0
8381	2	metal7	320.07	839.6	1.09854	0	0
8382	0	metal5	320.07	839.6	1.09814	0	0
8383	3	metal4	320.07	839.6	1.09793	0	0.0112586
8384	1	metal6	320.07	809.6	1.09828	0	0
8385	2	metal7	320.07	809.6	1.09848	0	0
8386	0	metal5	320.07	809.6	1.09807	0	0
8387	3	metal4	320.07	809.6	1.09786	0	0.0112586
8388	1	metal6	320.07	779.6	1.09851	0	0
8389	2	metal7	320.07	779.6	1.09867	0	0
8390	0	metal5	320.07	779.6	1.09834	0	0
8391	3	metal4	320.07	779.6	1.09818	0	0
8392	1	metal6	320.07	749.6	1.09838	0	0
8393	2	metal7	320.07	749.6	1.09857	0	0
8394	0	metal5	320.07	749.6	1.09819	0	0
8395	3	metal4	320.07	749.6	1.09799	0	0.0112586
8396	1	metal6	320.07	719.6	1.09857	0	0
8397	2	metal7	320.07	719.6	1.09872	0	0
8398	0	metal5	320.07	719.6	1.09841	0	0
8399	3	metal4	320.07	719.6	1.09826	0	0
8400	1	metal6	320.07	689.6	1.09842	0	0
8401	2	metal7	320.07	689.6	1.0986	0	0
8402	0	metal5	320.07	689.6	1.09823	0	0
8403	3	metal4	320.07	689.6	1.09804	0	0.0112586
8404	1	metal6	320.07	659.6	1.09859	0	0
8405	2	metal7	320.07	659.6	1.09874	0	0
8406	0	metal5	320.07	659.6	1.09844	0	0
8407	3	metal4	320.07	659.6	1.09828	0	0
8408	1	metal6	320.07	629.6	1.09843	0	0
8409	2	metal7	320.07	629.6	1.09862	0	0
8410	0	metal5	320.07	629.6	1.09824	0	0
8411	3	metal4	320.07	629.6	1.09806	0	0.0112586
8412	1	metal6	320.07	599.6	1.0986	0	0
8413	2	metal7	320.07	599.6	1.09875	0	0
8414	0	metal5	320.07	599.6	1.09845	0	0
8415	3	metal4	320.07	599.6	1.0983	0	0
8416	1	metal6	320.07	569.6	1.09844	0	0
8417	2	metal7	320.07	569.6	1.09863	0	0
8418	0	metal5	320.07	569.6	1.09825	0	0
8419	3	metal4	320.07	569.6	1.09807	0	0.0112586
8420	1	metal6	320.07	539.6	1.09861	0	0
8421	2	metal7	320.07	539.6	1.09877	0	0
8422	0	metal5	320.07	539.6	1.09846	0	0
8423	3	metal4	320.07	539.6	1.09831	0	0
8424	1	metal6	320.07	509.6	1.09846	0	0
8425	2	metal7	320.07	509.6	1.09864	0	0
8426	0	metal5	320.07	509.6	1.09828	0	0
8427	3	metal4	320.07	509.6	1.09809	0	0.0112586
8428	1	metal6	320.07	479.6	1.09864	0	0
8429	2	metal7	320.07	479.6	1.09879	0	0
8430	0	metal5	320.07	479.6	1.0985	0	0
8431	3	metal4	320.07	479.6	1.09835	0	0
8432	1	metal6	320.07	449.6	1.0985	0	0
8433	2	metal7	320.07	449.6	1.09868	0	0
8434	0	metal5	320.07	449.6	1.09833	0	0
8435	3	metal4	320.07	449.6	1.09815	0	0.0112586
8436	1	metal6	320.07	419.6	1.09872	0	0
8437	2	metal7	320.07	419.6	1.09886	0	0
8438	0	metal5	320.07	419.6	1.09858	0	0
8439	3	metal4	320.07	419.6	1.09844	0	0
8440	1	metal6	320.07	389.6	1.09863	0	0
8441	2	metal7	320.07	389.6	1.09879	0	0
8442	0	metal5	320.07	389.6	1.09848	0	0
8443	3	metal4	320.07	389.6	1.09832	0	0.0110299
8444	1	metal6	320.07	359.6	1.09892	0	0
8445	2	metal7	320.07	359.6	1.09902	0	0
8446	0	metal5	320.07	359.6	1.09883	0	0
8447	3	metal4	320.07	359.6	1.09873	0	0.00246521
8448	1	metal6	320.07	329.6	1.09924	0	0
8449	2	metal7	320.07	329.6	1.09932	0	0
8450	0	metal5	320.07	329.6	1.09916	0	0
8451	3	metal4	320.07	329.6	1.09908	0	0
8452	1	metal6	320.07	299.6	1.0993	0	0
8453	2	metal7	320.07	299.6	1.09936	0	0
8454	0	metal5	320.07	299.6	1.09924	0	0
8455	3	metal4	320.07	299.6	1.09918	0	0.00323591
8456	1	metal6	320.07	269.6	1.09949	0	0
8457	2	metal7	320.07	269.6	1.09954	0	0
8458	0	metal5	320.07	269.6	1.09945	0	0
8459	3	metal4	320.07	269.6	1.0994	0	0
8460	1	metal6	320.07	239.6	1.09957	0	0
8461	2	metal7	320.07	239.6	1.09961	0	0
8462	0	metal5	320.07	239.6	1.09953	0	0
8463	3	metal4	320.07	239.6	1.09948	0	0.00106473
8464	1	metal6	320.07	209.6	1.0996	0	0
8465	2	metal7	320.07	209.6	1.09964	0	0
8466	0	metal5	320.07	209.6	1.09957	0	0
8467	3	metal4	320.07	209.6	1.09953	0	0
8468	1	metal6	320.07	179.6	1.09958	0	0
8469	2	metal7	320.07	179.6	1.09962	0	0
8470	0	metal5	320.07	179.6	1.09953	0	0
8471	3	metal4	320.07	179.6	1.09948	0	0.00302008
8472	1	metal6	320.07	149.6	1.09962	0	0
8473	2	metal7	320.07	149.6	1.09965	0	0
8474	0	metal5	320.07	149.6	1.09959	0	0
8475	3	metal4	320.07	149.6	1.09956	0	0
8476	1	metal6	320.07	119.6	1.0996	0	0
8477	2	metal7	320.07	119.6	1.09962	0	0
8478	0	metal5	320.07	119.6	1.09957	0	0
8479	3	metal4	320.07	119.6	1.09954	0	0.00228073
8480	1	metal6	320.07	89.6	1.09973	0	0
8481	2	metal7	320.07	89.6	1.09977	0	0
8482	0	metal5	320.07	89.6	1.09969	0	0
8483	3	metal4	320.07	89.6	1.09965	0	0
8484	1	metal6	320.07	59.6	1.09974	0	0
8485	2	metal7	320.07	59.6	1.09979	0	0
8486	0	metal5	320.07	59.6	1.09969	0	0
8487	3	metal4	320.07	59.6	1.09964	0	0.00228073
8488	1	metal6	320.07	29.6	1.09976	0	0
8489	2	metal7	320.07	29.6	1.09981	0	0
8490	0	metal5	320.07	29.6	1.09972	0	0
8491	3	metal4	320.07	29.6	1.09968	0	0
8492	1	metal6	320.07	18.47	1.09973	0	0
8493	2	metal7	320.07	18.47	1.09977	0	0
8494	0	metal5	320.07	18.47	1.09969	0	0
8495	3	metal4	320.07	18.47	1.09966	0	0.0020918
8496	1	metal6	264.07	1079.6	1.0998	0	0
8497	2	metal7	264.07	1079.6	1.09981	0	0
8498	0	metal5	264.07	1079.6	1.09978	0	0
8499	3	metal4	264.07	1079.6	1.09977	0	0
8500	1	metal6	264.07	1049.6	1.09977	0	0
8501	2	metal7	264.07	1049.6	1.09979	0	0
8502	0	metal5	264.07	1049.6	1.09975	0	0
8503	3	metal4	264.07	1049.6	1.09974	0	0
8504	1	metal6	264.07	1019.6	1.0997	0	0
8505	2	metal7	264.07	1019.6	1.09973	0	0
8506	0	metal5	264.07	1019.6	1.09967	0	0
8507	3	metal4	264.07	1019.6	1.09964	0	0
8508	1	metal6	264.07	989.6	1.09946	0	0
8509	2	metal7	264.07	989.6	1.09946	0	0
8510	0	metal5	264.07	989.6	1.09945	0	0
8511	3	metal4	264.07	989.6	1.09945	0	0
8512	1	metal6	264.07	959.6	1.09931	0	0
8513	2	metal7	264.07	959.6	1.09933	0	0
8514	0	metal5	264.07	959.6	1.09929	0	0
8515	3	metal4	264.07	959.6	1.09927	0	0
8516	1	metal6	264.07	929.6	1.09915	0	0
8517	2	metal7	264.07	929.6	1.09921	0	0
8518	0	metal5	264.07	929.6	1.09908	0	0
8519	3	metal4	264.07	929.6	1.09902	0	0
8520	1	metal6	264.07	899.6	1.09871	0	0
8521	2	metal7	264.07	899.6	1.09877	0	0
8522	0	metal5	264.07	899.6	1.09864	0	0
8523	3	metal4	264.07	899.6	1.09857	0	0.00526544
8524	1	metal6	264.07	869.6	1.09859	0	0
8525	2	metal7	264.07	869.6	1.09868	0	0
8526	0	metal5	264.07	869.6	1.0985	0	0
8527	3	metal4	264.07	869.6	1.09841	0	0
8528	1	metal6	264.07	839.6	1.09821	0	0
8529	2	metal7	264.07	839.6	1.09832	0	0
8530	0	metal5	264.07	839.6	1.09809	0	0
8531	3	metal4	264.07	839.6	1.09797	0	0.00760833
8532	1	metal6	264.07	809.6	1.09813	0	0
8533	2	metal7	264.07	809.6	1.09825	0	0
8534	0	metal5	264.07	809.6	1.098	0	0
8535	3	metal4	264.07	809.6	1.09788	0	0.00760833
8536	1	metal6	264.07	779.6	1.09834	0	0
8537	2	metal7	264.07	779.6	1.09845	0	0
8538	0	metal5	264.07	779.6	1.09822	0	0
8539	3	metal4	264.07	779.6	1.0981	0	0
8540	1	metal6	264.07	749.6	1.09822	0	0
8541	2	metal7	264.07	749.6	1.09834	0	0
8542	0	metal5	264.07	749.6	1.0981	0	0
8543	3	metal4	264.07	749.6	1.09797	0	0.00760833
8544	1	metal6	264.07	719.6	1.09839	0	0
8545	2	metal7	264.07	719.6	1.09851	0	0
8546	0	metal5	264.07	719.6	1.09828	0	0
8547	3	metal4	264.07	719.6	1.09817	0	0
8548	1	metal6	264.07	689.6	1.09826	0	0
8549	2	metal7	264.07	689.6	1.09838	0	0
8550	0	metal5	264.07	689.6	1.09814	0	0
8551	3	metal4	264.07	689.6	1.09802	0	0.00760833
8552	1	metal6	264.07	659.6	1.09842	0	0
8553	2	metal7	264.07	659.6	1.09853	0	0
8554	0	metal5	264.07	659.6	1.09831	0	0
8555	3	metal4	264.07	659.6	1.0982	0	0
8556	1	metal6	264.07	629.6	1.09828	0	0
8557	2	metal7	264.07	629.6	1.09839	0	0
8558	0	metal5	264.07	629.6	1.09816	0	0
8559	3	metal4	264.07	629.6	1.09804	0	0.00760833
8560	1	metal6	264.07	599.6	1.09843	0	0
8561	2	metal7	264.07	599.6	1.09854	0	0
8562	0	metal5	264.07	599.6	1.09832	0	0
8563	3	metal4	264.07	599.6	1.09821	0	0
8564	1	metal6	264.07	569.6	1.09829	0	0
8565	2	metal7	264.07	569.6	1.0984	0	0
8566	0	metal5	264.07	569.6	1.09817	0	0
8567	3	metal4	264.07	569.6	1.09805	0	0.00760833
8568	1	metal6	264.07	539.6	1.09845	0	0
8569	2	metal7	264.07	539.6	1.09856	0	0
8570	0	metal5	264.07	539.6	1.09834	0	0
8571	3	metal4	264.07	539.6	1.09823	0	0
8572	1	metal6	264.07	509.6	1.09831	0	0
8573	2	metal7	264.07	509.6	1.09842	0	0
8574	0	metal5	264.07	509.6	1.09819	0	0
8575	3	metal4	264.07	509.6	1.09808	0	0.00760833
8576	1	metal6	264.07	479.6	1.09848	0	0
8577	2	metal7	264.07	479.6	1.09859	0	0
8578	0	metal5	264.07	479.6	1.09838	0	0
8579	3	metal4	264.07	479.6	1.09827	0	0
8580	1	metal6	264.07	449.6	1.09836	0	0
8581	2	metal7	264.07	449.6	1.09847	0	0
8582	0	metal5	264.07	449.6	1.09825	0	0
8583	3	metal4	264.07	449.6	1.09814	0	0.00760833
8584	1	metal6	264.07	419.6	1.09857	0	0
8585	2	metal7	264.07	419.6	1.09867	0	0
8586	0	metal5	264.07	419.6	1.09847	0	0
8587	3	metal4	264.07	419.6	1.09838	0	0
8588	1	metal6	264.07	389.6	1.0985	0	0
8589	2	metal7	264.07	389.6	1.0986	0	0
8590	0	metal5	264.07	389.6	1.09841	0	0
8591	3	metal4	264.07	389.6	1.09832	0	0.00740988
8592	1	metal6	264.07	359.6	1.09879	0	0
8593	2	metal7	264.07	359.6	1.09885	0	0
8594	0	metal5	264.07	359.6	1.09872	0	0
8595	3	metal4	264.07	359.6	1.09865	0	0.00227257
8596	1	metal6	264.07	329.6	1.09914	0	0
8597	2	metal7	264.07	329.6	1.09921	0	0
8598	0	metal5	264.07	329.6	1.09906	0	0
8599	3	metal4	264.07	329.6	1.09899	0	0
8600	1	metal6	264.07	299.6	1.09921	0	0
8601	2	metal7	264.07	299.6	1.09926	0	0
8602	0	metal5	264.07	299.6	1.09915	0	0
8603	3	metal4	264.07	299.6	1.0991	0	0.00323591
8604	1	metal6	264.07	269.6	1.09942	0	0
8605	2	metal7	264.07	269.6	1.09947	0	0
8606	0	metal5	264.07	269.6	1.09938	0	0
8607	3	metal4	264.07	269.6	1.09933	0	0
8608	1	metal6	264.07	239.6	1.09952	0	0
8609	2	metal7	264.07	239.6	1.09957	0	0
8610	0	metal5	264.07	239.6	1.09948	0	0
8611	3	metal4	264.07	239.6	1.09943	0	0.00106473
8612	1	metal6	264.07	209.6	1.09956	0	0
8613	2	metal7	264.07	209.6	1.09959	0	0
8614	0	metal5	264.07	209.6	1.09952	0	0
8615	3	metal4	264.07	209.6	1.09949	0	0
8616	1	metal6	264.07	179.6	1.09955	0	0
8617	2	metal7	264.07	179.6	1.09959	0	0
8618	0	metal5	264.07	179.6	1.0995	0	0
8619	3	metal4	264.07	179.6	1.09945	0	0.00267442
8620	1	metal6	264.07	149.6	1.09958	0	0
8621	2	metal7	264.07	149.6	1.09961	0	0
8622	0	metal5	264.07	149.6	1.09954	0	0
8623	3	metal4	264.07	149.6	1.09951	0	0
8624	1	metal6	264.07	119.6	1.09955	0	0
8625	2	metal7	264.07	119.6	1.09959	0	0
8626	0	metal5	264.07	119.6	1.09951	0	0
8627	3	metal4	264.07	119.6	1.09947	0	0.00184987
8628	1	metal6	264.07	89.845	1.09946	0	0
8629	2	metal7	264.07	89.845	1.09946	0	0
8630	0	metal5	264.07	89.845	1.09946	0	0
8631	3	metal4	264.07	89.845	1.09946	0	0
8632	1	metal6	264.07	18.47	1.09977	0	0
8633	2	metal7	264.07	18.47	1.09977	0	0
8634	0	metal5	264.07	18.47	1.09977	0	0
8635	3	metal4	264.07	18.47	1.09977	0	0
8636	1	metal6	208.07	1086.47	1.09982	0	0
8637	2	metal7	208.07	1086.47	1.09982	0	0
8638	0	metal5	208.07	1086.47	1.09982	0	0
8639	3	metal4	208.07	1086.47	1.09982	0	0
8640	1	metal6	208.07	1079.6	1.09985	0	0
8641	2	metal7	208.07	1079.6	1.09987	0	0
8642	0	metal5	208.07	1079.6	1.09984	0	0
8643	3	metal4	208.07	1079.6	1.09982	0	0
8644	1	metal6	208.07	1049.6	1.09981	0	0
8645	2	metal7	208.07	1049.6	1.09983	0	0
8646	0	metal5	208.07	1049.6	1.09979	0	0
8647	3	metal4	208.07	1049.6	1.09977	0	0
8648	1	metal6	208.07	1019.6	1.09974	0	0
8649	2	metal7	208.07	1019.6	1.09978	0	0
8650	0	metal5	208.07	1019.6	1.0997	0	0
8651	3	metal4	208.07	1019.6	1.09966	0	0
8652	1	metal6	208.07	989.6	1.09942	0	0
8653	2	metal7	208.07	989.6	1.09941	0	0
8654	0	metal5	208.07	989.6	1.09942	0	0
8655	3	metal4	208.07	989.6	1.09943	0	0
8656	1	metal6	208.07	959.6	1.09927	0	0
8657	2	metal7	208.07	959.6	1.09929	0	0
8658	0	metal5	208.07	959.6	1.09925	0	0
8659	3	metal4	208.07	959.6	1.09922	0	0
8660	1	metal6	208.07	929.6	1.09909	0	0
8661	2	metal7	208.07	929.6	1.09916	0	0
8662	0	metal5	208.07	929.6	1.09902	0	0
8663	3	metal4	208.07	929.6	1.09895	0	0
8664	1	metal6	208.07	899.6	1.09858	0	0
8665	2	metal7	208.07	899.6	1.09865	0	0
8666	0	metal5	208.07	899.6	1.09852	0	0
8667	3	metal4	208.07	899.6	1.09846	0	0.00526544
8668	1	metal6	208.07	869.6	1.09844	0	0
8669	2	metal7	208.07	869.6	1.09853	0	0
8670	0	metal5	208.07	869.6	1.09836	0	0
8671	3	metal4	208.07	869.6	1.09827	0	0
8672	1	metal6	208.07	839.6	1.09803	0	0
8673	2	metal7	208.07	839.6	1.09814	0	0
8674	0	metal5	208.07	839.6	1.09792	0	0
8675	3	metal4	208.07	839.6	1.09781	0	0.00760833
8676	1	metal6	208.07	809.6	1.09794	0	0
8677	2	metal7	208.07	809.6	1.09806	0	0
8678	0	metal5	208.07	809.6	1.09782	0	0
8679	3	metal4	208.07	809.6	1.0977	0	0.00760833
8680	1	metal6	208.07	779.6	1.09816	0	0
8681	2	metal7	208.07	779.6	1.09827	0	0
8682	0	metal5	208.07	779.6	1.09804	0	0
8683	3	metal4	208.07	779.6	1.09792	0	0
8684	1	metal6	208.07	749.6	1.09803	0	0
8685	2	metal7	208.07	749.6	1.09815	0	0
8686	0	metal5	208.07	749.6	1.09791	0	0
8687	3	metal4	208.07	749.6	1.09779	0	0.00760833
8688	1	metal6	208.07	719.6	1.09822	0	0
8689	2	metal7	208.07	719.6	1.09833	0	0
8690	0	metal5	208.07	719.6	1.0981	0	0
8691	3	metal4	208.07	719.6	1.09799	0	0
8692	1	metal6	208.07	689.6	1.09807	0	0
8693	2	metal7	208.07	689.6	1.09819	0	0
8694	0	metal5	208.07	689.6	1.09796	0	0
8695	3	metal4	208.07	689.6	1.09784	0	0.00760833
8696	1	metal6	208.07	659.6	1.09825	0	0
8697	2	metal7	208.07	659.6	1.09836	0	0
8698	0	metal5	208.07	659.6	1.09813	0	0
8699	3	metal4	208.07	659.6	1.09802	0	0
8700	1	metal6	208.07	629.6	1.09809	0	0
8701	2	metal7	208.07	629.6	1.09821	0	0
8702	0	metal5	208.07	629.6	1.09798	0	0
8703	3	metal4	208.07	629.6	1.09786	0	0.00760833
8704	1	metal6	208.07	599.6	1.09826	0	0
8705	2	metal7	208.07	599.6	1.09837	0	0
8706	0	metal5	208.07	599.6	1.09815	0	0
8707	3	metal4	208.07	599.6	1.09804	0	0
8708	1	metal6	208.07	569.6	1.09811	0	0
8709	2	metal7	208.07	569.6	1.09822	0	0
8710	0	metal5	208.07	569.6	1.09799	0	0
8711	3	metal4	208.07	569.6	1.09788	0	0.00760833
8712	1	metal6	208.07	539.6	1.09828	0	0
8713	2	metal7	208.07	539.6	1.09839	0	0
8714	0	metal5	208.07	539.6	1.09817	0	0
8715	3	metal4	208.07	539.6	1.09806	0	0
8716	1	metal6	208.07	509.6	1.09813	0	0
8717	2	metal7	208.07	509.6	1.09825	0	0
8718	0	metal5	208.07	509.6	1.09802	0	0
8719	3	metal4	208.07	509.6	1.09791	0	0.00760833
8720	1	metal6	208.07	479.6	1.09832	0	0
8721	2	metal7	208.07	479.6	1.09842	0	0
8722	0	metal5	208.07	479.6	1.09821	0	0
8723	3	metal4	208.07	479.6	1.09811	0	0
8724	1	metal6	208.07	449.6	1.09819	0	0
8725	2	metal7	208.07	449.6	1.0983	0	0
8726	0	metal5	208.07	449.6	1.09809	0	0
8727	3	metal4	208.07	449.6	1.09798	0	0.00760833
8728	1	metal6	208.07	419.6	1.09842	0	0
8729	2	metal7	208.07	419.6	1.09851	0	0
8730	0	metal5	208.07	419.6	1.09832	0	0
8731	3	metal4	208.07	419.6	1.09822	0	0
8732	1	metal6	208.07	389.6	1.09835	0	0
8733	2	metal7	208.07	389.6	1.09844	0	0
8734	0	metal5	208.07	389.6	1.09826	0	0
8735	3	metal4	208.07	389.6	1.09817	0	0.00740988
8736	1	metal6	208.07	359.6	1.09865	0	0
8737	2	metal7	208.07	359.6	1.09872	0	0
8738	0	metal5	208.07	359.6	1.09859	0	0
8739	3	metal4	208.07	359.6	1.09853	0	0.00227257
8740	1	metal6	208.07	329.6	1.09906	0	0
8741	2	metal7	208.07	329.6	1.09914	0	0
8742	0	metal5	208.07	329.6	1.09898	0	0
8743	3	metal4	208.07	329.6	1.0989	0	0
8744	1	metal6	208.07	299.6	1.09913	0	0
8745	2	metal7	208.07	299.6	1.09918	0	0
8746	0	metal5	208.07	299.6	1.09907	0	0
8747	3	metal4	208.07	299.6	1.09902	0	0.00323591
8748	1	metal6	208.07	269.6	1.09937	0	0
8749	2	metal7	208.07	269.6	1.09941	0	0
8750	0	metal5	208.07	269.6	1.09932	0	0
8751	3	metal4	208.07	269.6	1.09928	0	0
8752	1	metal6	208.07	239.6	1.09949	0	0
8753	2	metal7	208.07	239.6	1.09954	0	0
8754	0	metal5	208.07	239.6	1.09944	0	0
8755	3	metal4	208.07	239.6	1.0994	0	0.00106473
8756	1	metal6	208.07	209.6	1.09953	0	0
8757	2	metal7	208.07	209.6	1.09955	0	0
8758	0	metal5	208.07	209.6	1.0995	0	0
8759	3	metal4	208.07	209.6	1.09947	0	0
8760	1	metal6	208.07	179.6	1.09954	0	0
8761	2	metal7	208.07	179.6	1.09958	0	0
8762	0	metal5	208.07	179.6	1.09951	0	0
8763	3	metal4	208.07	179.6	1.09947	0	0.00223818
8764	1	metal6	208.07	149.6	1.09957	0	0
8765	2	metal7	208.07	149.6	1.09958	0	0
8766	0	metal5	208.07	149.6	1.09957	0	0
8767	3	metal4	208.07	149.6	1.09956	0	0
8768	1	metal6	208.07	119.6	1.09959	0	0
8769	2	metal7	208.07	119.6	1.09958	0	0
8770	0	metal5	208.07	119.6	1.09961	0	0
8771	3	metal4	208.07	119.6	1.09963	0	0
8772	1	metal6	208.07	89.6	1.09977	0	0
8773	2	metal7	208.07	89.6	1.09978	0	0
8774	0	metal5	208.07	89.6	1.09975	0	0
8775	3	metal4	208.07	89.6	1.09974	0	0
8776	1	metal6	208.07	59.6	1.09985	0	0
8777	2	metal7	208.07	59.6	1.09987	0	0
8778	0	metal5	208.07	59.6	1.09984	0	0
8779	3	metal4	208.07	59.6	1.09982	0	0
8780	1	metal6	208.07	29.6	1.0999	0	0
8781	2	metal7	208.07	29.6	1.09992	0	0
8782	0	metal5	208.07	29.6	1.09987	0	0
8783	3	metal4	208.07	29.6	1.09985	0	0
8784	1	metal6	208.07	18.47	1.0998	0	0
8785	2	metal7	208.07	18.47	1.09978	0	0
8786	0	metal5	208.07	18.47	1.09981	0	0
8787	3	metal4	208.07	18.47	1.09983	0	0
8788	1	metal6	152.07	1086.47	1.09982	0	0
8789	2	metal7	152.07	1086.47	1.09982	0	0
8790	0	metal5	152.07	1086.47	1.09982	0	0
8791	3	metal4	152.07	1086.47	1.09982	0	0
8792	1	metal6	152.07	1000.87	1.09984	0	0
8793	2	metal7	152.07	1000.87	1.09996	0	0
8794	0	metal5	152.07	1000.87	1.09972	0	0
8795	3	metal4	152.07	1000.87	1.0996	0	0
8796	1	metal6	152.07	989.6	1.09939	0	0
8797	2	metal7	152.07	989.6	1.09936	0	0
8798	0	metal5	152.07	989.6	1.09943	0	0
8799	3	metal4	152.07	989.6	1.09947	0	0
8800	1	metal6	152.07	959.6	1.09924	0	0
8801	2	metal7	152.07	959.6	1.09926	0	0
8802	0	metal5	152.07	959.6	1.09923	0	0
8803	3	metal4	152.07	959.6	1.09921	0	0
8804	1	metal6	152.07	929.6	1.09905	0	0
8805	2	metal7	152.07	929.6	1.09912	0	0
8806	0	metal5	152.07	929.6	1.09898	0	0
8807	3	metal4	152.07	929.6	1.0989	0	0
8808	1	metal6	152.07	899.6	1.09848	0	0
8809	2	metal7	152.07	899.6	1.09854	0	0
8810	0	metal5	152.07	899.6	1.09843	0	0
8811	3	metal4	152.07	899.6	1.09837	0	0.00526544
8812	1	metal6	152.07	869.6	1.09833	0	0
8813	2	metal7	152.07	869.6	1.09842	0	0
8814	0	metal5	152.07	869.6	1.09824	0	0
8815	3	metal4	152.07	869.6	1.09816	0	0
8816	1	metal6	152.07	839.6	1.09789	0	0
8817	2	metal7	152.07	839.6	1.098	0	0
8818	0	metal5	152.07	839.6	1.09779	0	0
8819	3	metal4	152.07	839.6	1.09768	0	0.00760833
8820	1	metal6	152.07	809.6	1.0978	0	0
8821	2	metal7	152.07	809.6	1.09792	0	0
8822	0	metal5	152.07	809.6	1.09768	0	0
8823	3	metal4	152.07	809.6	1.09756	0	0.00760833
8824	1	metal6	152.07	779.6	1.09802	0	0
8825	2	metal7	152.07	779.6	1.09813	0	0
8826	0	metal5	152.07	779.6	1.0979	0	0
8827	3	metal4	152.07	779.6	1.09778	0	0
8828	1	metal6	152.07	749.6	1.09789	0	0
8829	2	metal7	152.07	749.6	1.09801	0	0
8830	0	metal5	152.07	749.6	1.09777	0	0
8831	3	metal4	152.07	749.6	1.09765	0	0.00760833
8832	1	metal6	152.07	719.6	1.09808	0	0
8833	2	metal7	152.07	719.6	1.0982	0	0
8834	0	metal5	152.07	719.6	1.09797	0	0
8835	3	metal4	152.07	719.6	1.09785	0	0
8836	1	metal6	152.07	689.6	1.09793	0	0
8837	2	metal7	152.07	689.6	1.09805	0	0
8838	0	metal5	152.07	689.6	1.09782	0	0
8839	3	metal4	152.07	689.6	1.0977	0	0.00760833
8840	1	metal6	152.07	659.6	1.09811	0	0
8841	2	metal7	152.07	659.6	1.09823	0	0
8842	0	metal5	152.07	659.6	1.098	0	0
8843	3	metal4	152.07	659.6	1.09788	0	0
8844	1	metal6	152.07	629.6	1.09796	0	0
8845	2	metal7	152.07	629.6	1.09807	0	0
8846	0	metal5	152.07	629.6	1.09784	0	0
8847	3	metal4	152.07	629.6	1.09772	0	0.00760833
8848	1	metal6	152.07	599.6	1.09813	0	0
8849	2	metal7	152.07	599.6	1.09824	0	0
8850	0	metal5	152.07	599.6	1.09802	0	0
8851	3	metal4	152.07	599.6	1.0979	0	0
8852	1	metal6	152.07	569.6	1.09797	0	0
8853	2	metal7	152.07	569.6	1.09809	0	0
8854	0	metal5	152.07	569.6	1.09786	0	0
8855	3	metal4	152.07	569.6	1.09774	0	0.00760833
8856	1	metal6	152.07	539.6	1.09815	0	0
8857	2	metal7	152.07	539.6	1.09826	0	0
8858	0	metal5	152.07	539.6	1.09804	0	0
8859	3	metal4	152.07	539.6	1.09793	0	0
8860	1	metal6	152.07	509.6	1.098	0	0
8861	2	metal7	152.07	509.6	1.09811	0	0
8862	0	metal5	152.07	509.6	1.09789	0	0
8863	3	metal4	152.07	509.6	1.09777	0	0.00760833
8864	1	metal6	152.07	479.6	1.09819	0	0
8865	2	metal7	152.07	479.6	1.0983	0	0
8866	0	metal5	152.07	479.6	1.09808	0	0
8867	3	metal4	152.07	479.6	1.09798	0	0
8868	1	metal6	152.07	449.6	1.09806	0	0
8869	2	metal7	152.07	449.6	1.09817	0	0
8870	0	metal5	152.07	449.6	1.09796	0	0
8871	3	metal4	152.07	449.6	1.09785	0	0.00760833
8872	1	metal6	152.07	419.6	1.09829	0	0
8873	2	metal7	152.07	419.6	1.09839	0	0
8874	0	metal5	152.07	419.6	1.0982	0	0
8875	3	metal4	152.07	419.6	1.0981	0	0
8876	1	metal6	152.07	389.6	1.09823	0	0
8877	2	metal7	152.07	389.6	1.09831	0	0
8878	0	metal5	152.07	389.6	1.09814	0	0
8879	3	metal4	152.07	389.6	1.09805	0	0.00740988
8880	1	metal6	152.07	359.6	1.09854	0	0
8881	2	metal7	152.07	359.6	1.0986	0	0
8882	0	metal5	152.07	359.6	1.09848	0	0
8883	3	metal4	152.07	359.6	1.09842	0	0.00227257
8884	1	metal6	152.07	329.6	1.099	0	0
8885	2	metal7	152.07	329.6	1.09909	0	0
8886	0	metal5	152.07	329.6	1.09891	0	0
8887	3	metal4	152.07	329.6	1.09882	0	0
8888	1	metal6	152.07	299.6	1.09906	0	0
8889	2	metal7	152.07	299.6	1.09912	0	0
8890	0	metal5	152.07	299.6	1.099	0	0
8891	3	metal4	152.07	299.6	1.09894	0	0.00308762
8892	1	metal6	152.07	269.6	1.0993	0	0
8893	2	metal7	152.07	269.6	1.09937	0	0
8894	0	metal5	152.07	269.6	1.09923	0	0
8895	3	metal4	152.07	269.6	1.09916	0	0
8896	1	metal6	152.07	179.6	1.09958	0	0
8897	2	metal7	152.07	179.6	1.09958	0	0
8898	0	metal5	152.07	179.6	1.09958	0	0
8899	3	metal4	152.07	179.6	1.09958	0	0
8900	1	metal6	152.07	89.845	1.09946	0	0
8901	2	metal7	152.07	89.845	1.09946	0	0
8902	0	metal5	152.07	89.845	1.09946	0	0
8903	3	metal4	152.07	89.845	1.09946	0	0
8904	1	metal6	152.07	18.47	1.09978	0	0
8905	2	metal7	152.07	18.47	1.09978	0	0
8906	0	metal5	152.07	18.47	1.09978	0	0
8907	3	metal4	152.07	18.47	1.09978	0	0
8908	1	metal6	109.295	1079.6	1.09997	0	0
8909	2	metal7	109.295	1079.6	1.09998	0	0
8910	0	metal5	109.295	1079.6	1.09995	0	0
8911	3	metal4	109.295	1079.6	1.09994	0	0
8912	1	metal6	109.295	1049.6	1.09989	0	0
8913	2	metal7	109.295	1049.6	1.09988	0	0
8914	0	metal5	109.295	1049.6	1.09989	0	0
8915	3	metal4	109.295	1049.6	1.0999	0	0
8916	1	metal6	109.295	1019.6	1.09987	0	0
8917	2	metal7	109.295	1019.6	1.09986	0	0
8918	0	metal5	109.295	1019.6	1.09987	0	0
8919	3	metal4	109.295	1019.6	1.09988	0	0
8920	1	metal6	109.295	89.6	1.09981	0	0
8921	2	metal7	109.295	89.6	1.0998	0	0
8922	0	metal5	109.295	89.6	1.09982	0	0
8923	3	metal4	109.295	89.6	1.09984	0	0
8924	1	metal6	109.295	59.6	1.0999	0	0
8925	2	metal7	109.295	59.6	1.09991	0	0
8926	0	metal5	109.295	59.6	1.09989	0	0
8927	3	metal4	109.295	59.6	1.09988	0	0
8928	1	metal6	109.295	29.6	1.09993	0	0
8929	2	metal7	109.295	29.6	1.09995	0	0
8930	0	metal5	109.295	29.6	1.09991	0	0
8931	3	metal4	109.295	29.6	1.09988	0	0
8932	1	metal6	109.295	18.645	1.09982	0	0
8933	2	metal7	109.295	18.645	1.0998	0	0
8934	0	metal5	109.295	18.645	1.09984	0	0
8935	3	metal4	109.295	18.645	1.09986	0	0
8936	1	metal6	108.455	239.6	1.09952	0	0
8937	2	metal7	108.455	239.6	1.09952	0	0
8938	0	metal5	108.455	239.6	1.09952	0	0
8939	3	metal4	108.455	239.6	1.09952	0	0
8940	1	metal6	108.455	209.6	1.09952	0	0
8941	2	metal7	108.455	209.6	1.09952	0	0
8942	0	metal5	108.455	209.6	1.09952	0	0
8943	3	metal4	108.455	209.6	1.09952	0	0
8944	1	metal6	108.455	149.6	1.09955	0	0
8945	2	metal7	108.455	149.6	1.09955	0	0
8946	0	metal5	108.455	149.6	1.09955	0	0
8947	3	metal4	108.455	149.6	1.09955	0	0
8948	1	metal6	108.455	119.6	1.09955	0	0
8949	2	metal7	108.455	119.6	1.09955	0	0
8950	0	metal5	108.455	119.6	1.09955	0	0
8951	3	metal4	108.455	119.6	1.09955	0	0
8952	1	metal6	96.07	1086.47	1.09982	0	0
8953	2	metal7	96.07	1086.47	1.09982	0	0
8954	0	metal5	96.07	1086.47	1.09982	0	0
8955	3	metal4	96.07	1086.47	1.09982	0	0
8956	1	metal6	96.07	1000.87	1.1	0	0
8957	2	metal7	96.07	1000.87	1.1	1	0
8958	0	metal5	96.07	1000.87	1.1	0	0
8959	3	metal4	96.07	1000.87	1.1	0	0
8960	1	metal6	96.07	899.6	1.09829	0	0
8961	2	metal7	96.07	899.6	1.09845	0	0
8962	0	metal5	96.07	899.6	1.09813	0	0
8963	3	metal4	96.07	899.6	1.09796	0	0.00526544
8964	1	metal6	96.07	869.6	1.0982	0	0
8965	2	metal7	96.07	869.6	1.09833	0	0
8966	0	metal5	96.07	869.6	1.09807	0	0
8967	3	metal4	96.07	869.6	1.09794	0	0
8968	1	metal6	96.07	839.6	1.09778	0	0
8969	2	metal7	96.07	839.6	1.0979	0	0
8970	0	metal5	96.07	839.6	1.09766	0	0
8971	3	metal4	96.07	839.6	1.09753	0	0.00760833
8972	1	metal6	96.07	809.6	1.09769	0	0
8973	2	metal7	96.07	809.6	1.09781	0	0
8974	0	metal5	96.07	809.6	1.09757	0	0
8975	3	metal4	96.07	809.6	1.09744	0	0.00760833
8976	1	metal6	96.07	779.6	1.09792	0	0
8977	2	metal7	96.07	779.6	1.09804	0	0
8978	0	metal5	96.07	779.6	1.0978	0	0
8979	3	metal4	96.07	779.6	1.09768	0	0
8980	1	metal6	96.07	749.6	1.09779	0	0
8981	2	metal7	96.07	749.6	1.09791	0	0
8982	0	metal5	96.07	749.6	1.09767	0	0
8983	3	metal4	96.07	749.6	1.09755	0	0.00760833
8984	1	metal6	96.07	719.6	1.09799	0	0
8985	2	metal7	96.07	719.6	1.0981	0	0
8986	0	metal5	96.07	719.6	1.09787	0	0
8987	3	metal4	96.07	719.6	1.09775	0	0
8988	1	metal6	96.07	689.6	1.09783	0	0
8989	2	metal7	96.07	689.6	1.09795	0	0
8990	0	metal5	96.07	689.6	1.09772	0	0
8991	3	metal4	96.07	689.6	1.0976	0	0.00760833
8992	1	metal6	96.07	659.6	1.09802	0	0
8993	2	metal7	96.07	659.6	1.09813	0	0
8994	0	metal5	96.07	659.6	1.0979	0	0
8995	3	metal4	96.07	659.6	1.09779	0	0
8996	1	metal6	96.07	629.6	1.09786	0	0
8997	2	metal7	96.07	629.6	1.09797	0	0
8998	0	metal5	96.07	629.6	1.09774	0	0
8999	3	metal4	96.07	629.6	1.09763	0	0.00760833
9000	1	metal6	96.07	599.6	1.09804	0	0
9001	2	metal7	96.07	599.6	1.09815	0	0
9002	0	metal5	96.07	599.6	1.09792	0	0
9003	3	metal4	96.07	599.6	1.09781	0	0
9004	1	metal6	96.07	569.6	1.09787	0	0
9005	2	metal7	96.07	569.6	1.09799	0	0
9006	0	metal5	96.07	569.6	1.09776	0	0
9007	3	metal4	96.07	569.6	1.09765	0	0.00760833
9008	1	metal6	96.07	539.6	1.09806	0	0
9009	2	metal7	96.07	539.6	1.09817	0	0
9010	0	metal5	96.07	539.6	1.09794	0	0
9011	3	metal4	96.07	539.6	1.09783	0	0
9012	1	metal6	96.07	509.6	1.0979	0	0
9013	2	metal7	96.07	509.6	1.09801	0	0
9014	0	metal5	96.07	509.6	1.09779	0	0
9015	3	metal4	96.07	509.6	1.09768	0	0.00760833
9016	1	metal6	96.07	479.6	1.0981	0	0
9017	2	metal7	96.07	479.6	1.09821	0	0
9018	0	metal5	96.07	479.6	1.09799	0	0
9019	3	metal4	96.07	479.6	1.09788	0	0
9020	1	metal6	96.07	449.6	1.09796	0	0
9021	2	metal7	96.07	449.6	1.09808	0	0
9022	0	metal5	96.07	449.6	1.09785	0	0
9023	3	metal4	96.07	449.6	1.09774	0	0.00760833
9024	1	metal6	96.07	419.6	1.09819	0	0
9025	2	metal7	96.07	419.6	1.0983	0	0
9026	0	metal5	96.07	419.6	1.09808	0	0
9027	3	metal4	96.07	419.6	1.09797	0	0
9028	1	metal6	96.07	389.6	1.0981	0	0
9029	2	metal7	96.07	389.6	1.09822	0	0
9030	0	metal5	96.07	389.6	1.09798	0	0
9031	3	metal4	96.07	389.6	1.09786	0	0.0074608
9032	1	metal6	96.07	359.6	1.09836	0	0
9033	2	metal7	96.07	359.6	1.09851	0	0
9034	0	metal5	96.07	359.6	1.09821	0	0
9035	3	metal4	96.07	359.6	1.09807	0	0.0025606
9036	1	metal6	96.07	269.06	1.09934	0	0
9037	2	metal7	96.07	269.06	1.09934	0	0
9038	0	metal5	96.07	269.06	1.09934	0	0
9039	3	metal4	96.07	269.06	1.09934	0	0
9040	1	metal6	96.07	179.6	1.09958	0	0
9041	2	metal7	96.07	179.6	1.09958	0	0
9042	0	metal5	96.07	179.6	1.09958	0	0
9043	3	metal4	96.07	179.6	1.09958	0	0
9044	1	metal6	96.07	89.845	1.09946	0	0
9045	2	metal7	96.07	89.845	1.09946	0	0
9046	0	metal5	96.07	89.845	1.09946	0	0
9047	3	metal4	96.07	89.845	1.09946	0	0
9048	1	metal6	96.07	18.47	1.09978	0	0
9049	2	metal7	96.07	18.47	1.09978	0	0
9050	0	metal5	96.07	18.47	1.09978	0	0
9051	3	metal4	96.07	18.47	1.09978	0	0
9052	1	metal6	40.07	1086.47	1.09982	0	0
9053	2	metal7	40.07	1086.47	1.09982	0	0
9054	0	metal5	40.07	1086.47	1.09982	0	0
9055	3	metal4	40.07	1086.47	1.09982	0	0
9056	1	metal6	40.07	1000.87	1.1	0	0
9057	2	metal7	40.07	1000.87	1.1	0	0
9058	0	metal5	40.07	1000.87	1.1	0	0
9059	3	metal4	40.07	1000.87	1.1	0	0
9060	1	metal6	40.07	899.6	1.09835	0	0
9061	2	metal7	40.07	899.6	1.09843	0	0
9062	0	metal5	40.07	899.6	1.09827	0	0
9063	3	metal4	40.07	899.6	1.09819	0	0
9064	1	metal6	40.07	869.6	1.09818	0	0
9065	2	metal7	40.07	869.6	1.09829	0	0
9066	0	metal5	40.07	869.6	1.09806	0	0
9067	3	metal4	40.07	869.6	1.09795	0	0
9068	1	metal6	40.07	839.6	1.09768	0	0
9069	2	metal7	40.07	839.6	1.09784	0	0
9070	0	metal5	40.07	839.6	1.09752	0	0
9071	3	metal4	40.07	839.6	1.09735	0	0.0105206
9072	1	metal6	40.07	809.6	1.09757	0	0
9073	2	metal7	40.07	809.6	1.09775	0	0
9074	0	metal5	40.07	809.6	1.0974	0	0
9075	3	metal4	40.07	809.6	1.09722	0	0.0105206
9076	1	metal6	40.07	779.6	1.09783	0	0
9077	2	metal7	40.07	779.6	1.09798	0	0
9078	0	metal5	40.07	779.6	1.09767	0	0
9079	3	metal4	40.07	779.6	1.09751	0	0
9080	1	metal6	40.07	749.6	1.09768	0	0
9081	2	metal7	40.07	749.6	1.09785	0	0
9082	0	metal5	40.07	749.6	1.0975	0	0
9083	3	metal4	40.07	749.6	1.09733	0	0.0105206
9084	1	metal6	40.07	719.6	1.0979	0	0
9085	2	metal7	40.07	719.6	1.09805	0	0
9086	0	metal5	40.07	719.6	1.09774	0	0
9087	3	metal4	40.07	719.6	1.09759	0	0
9088	1	metal6	40.07	689.6	1.09772	0	0
9089	2	metal7	40.07	689.6	1.09789	0	0
9090	0	metal5	40.07	689.6	1.09755	0	0
9091	3	metal4	40.07	689.6	1.09738	0	0.0105206
9092	1	metal6	40.07	659.6	1.09793	0	0
9093	2	metal7	40.07	659.6	1.09808	0	0
9094	0	metal5	40.07	659.6	1.09778	0	0
9095	3	metal4	40.07	659.6	1.09763	0	0
9096	1	metal6	40.07	629.6	1.09775	0	0
9097	2	metal7	40.07	629.6	1.09791	0	0
9098	0	metal5	40.07	629.6	1.09758	0	0
9099	3	metal4	40.07	629.6	1.09741	0	0.0105206
9100	1	metal6	40.07	599.6	1.09795	0	0
9101	2	metal7	40.07	599.6	1.0981	0	0
9102	0	metal5	40.07	599.6	1.0978	0	0
9103	3	metal4	40.07	599.6	1.09765	0	0
9104	1	metal6	40.07	569.6	1.09776	0	0
9105	2	metal7	40.07	569.6	1.09793	0	0
9106	0	metal5	40.07	569.6	1.0976	0	0
9107	3	metal4	40.07	569.6	1.09743	0	0.0105206
9108	1	metal6	40.07	539.6	1.09797	0	0
9109	2	metal7	40.07	539.6	1.09812	0	0
9110	0	metal5	40.07	539.6	1.09782	0	0
9111	3	metal4	40.07	539.6	1.09767	0	0
9112	1	metal6	40.07	509.6	1.09779	0	0
9113	2	metal7	40.07	509.6	1.09796	0	0
9114	0	metal5	40.07	509.6	1.09763	0	0
9115	3	metal4	40.07	509.6	1.09747	0	0.0105206
9116	1	metal6	40.07	479.6	1.09801	0	0
9117	2	metal7	40.07	479.6	1.09816	0	0
9118	0	metal5	40.07	479.6	1.09787	0	0
9119	3	metal4	40.07	479.6	1.09772	0	0
9120	1	metal6	40.07	449.6	1.09786	0	0
9121	2	metal7	40.07	449.6	1.09802	0	0
9122	0	metal5	40.07	449.6	1.0977	0	0
9123	3	metal4	40.07	449.6	1.09754	0	0.0105206
9124	1	metal6	40.07	419.6	1.09811	0	0
9125	2	metal7	40.07	419.6	1.09825	0	0
9126	0	metal5	40.07	419.6	1.09797	0	0
9127	3	metal4	40.07	419.6	1.09784	0	0
9128	1	metal6	40.07	389.6	1.09801	0	0
9129	2	metal7	40.07	389.6	1.09816	0	0
9130	0	metal5	40.07	389.6	1.09786	0	0
9131	3	metal4	40.07	389.6	1.0977	0	0.0106961
9132	1	metal6	40.07	359.6	1.09834	0	0
9133	2	metal7	40.07	359.6	1.09846	0	0
9134	0	metal5	40.07	359.6	1.09821	0	0
9135	3	metal4	40.07	359.6	1.09809	0	0
9136	1	metal6	40.07	269.06	1.09934	0	0
9137	2	metal7	40.07	269.06	1.09934	0	0
9138	0	metal5	40.07	269.06	1.09934	0	0
9139	3	metal4	40.07	269.06	1.09934	0	0
9140	1	metal6	40.07	179.6	1.09958	0	0
9141	2	metal7	40.07	179.6	1.09958	0	0
9142	0	metal5	40.07	179.6	1.09958	0	0
9143	3	metal4	40.07	179.6	1.09958	0	0
9144	1	metal6	40.07	89.845	1.09946	0	0
9145	2	metal7	40.07	89.845	1.09946	0	0
9146	0	metal5	40.07	89.845	1.09946	0	0
9147	3	metal4	40.07	89.845	1.09946	0	0
9148	1	metal6	40.07	18.47	1.09978	0	0
9149	2	metal7	40.07	18.47	1.09978	0	0
9150	0	metal5	40.07	18.47	1.09978	0	0
9151	3	metal4	40.07	18.47	1.09978	0	0
9152	1	metal6	14.095	1079.6	1.09993	0	0
9153	2	metal7	14.095	1079.6	1.09994	0	0
9154	0	metal5	14.095	1079.6	1.09992	0	0
9155	3	metal4	14.095	1079.6	1.09992	0	0
9156	1	metal6	14.095	1049.6	1.0999	0	0
9157	2	metal7	14.095	1049.6	1.09989	0	0
9158	0	metal5	14.095	1049.6	1.0999	0	0
9159	3	metal4	14.095	1049.6	1.0999	0	0
9160	1	metal6	14.095	1019.6	1.09988	0	0
9161	2	metal7	14.095	1019.6	1.09988	0	0
9162	0	metal5	14.095	1019.6	1.09989	0	0
9163	3	metal4	14.095	1019.6	1.09989	0	0
9164	1	metal6	14.095	989.6	1.09924	0	0
9165	2	metal7	14.095	989.6	1.09926	0	0
9166	0	metal5	14.095	989.6	1.09923	0	0
9167	3	metal4	14.095	989.6	1.09921	0	0
9168	1	metal6	14.095	959.6	1.0992	0	0
9169	2	metal7	14.095	959.6	1.09922	0	0
9170	0	metal5	14.095	959.6	1.09918	0	0
9171	3	metal4	14.095	959.6	1.09917	0	0
9172	1	metal6	14.095	929.6	1.09909	0	0
9173	2	metal7	14.095	929.6	1.09911	0	0
9174	0	metal5	14.095	929.6	1.09908	0	0
9175	3	metal4	14.095	929.6	1.09906	0	0.00163937
9176	1	metal6	14.095	329.6	1.09905	0	0
9177	2	metal7	14.095	329.6	1.09906	0	0
9178	0	metal5	14.095	329.6	1.09904	0	0
9179	3	metal4	14.095	329.6	1.09904	0	0.00106176
9180	1	metal6	14.095	299.6	1.09908	0	0
9181	2	metal7	14.095	299.6	1.09907	0	0
9182	0	metal5	14.095	299.6	1.0991	0	0
9183	3	metal4	14.095	299.6	1.09911	0	0
9184	1	metal6	14.095	269.6	1.0993	0	0
9185	2	metal7	14.095	269.6	1.09934	0	0
9186	0	metal5	14.095	269.6	1.09927	0	0
9187	3	metal4	14.095	269.6	1.09923	0	0
9188	1	metal6	14.095	239.6	1.09951	0	0
9189	2	metal7	14.095	239.6	1.09951	0	0
9190	0	metal5	14.095	239.6	1.09951	0	0
9191	3	metal4	14.095	239.6	1.09951	0	0
9192	1	metal6	14.095	209.6	1.09951	0	0
9193	2	metal7	14.095	209.6	1.09951	0	0
9194	0	metal5	14.095	209.6	1.09951	0	0
9195	3	metal4	14.095	209.6	1.09951	0	0
9196	1	metal6	14.095	149.6	1.09955	0	0
9197	2	metal7	14.095	149.6	1.09955	0	0
9198	0	metal5	14.095	149.6	1.09955	0	0
9199	3	metal4	14.095	149.6	1.09955	0	0
9200	1	metal6	14.095	119.6	1.09955	0	0
9201	2	metal7	14.095	119.6	1.09955	0	0
9202	0	metal5	14.095	119.6	1.09955	0	0
9203	3	metal4	14.095	119.6	1.09955	0	0
9204	1	metal6	14.095	89.29	1.09982	0	0
9205	2	metal7	14.095	89.29	1.0998	0	0
9206	0	metal5	14.095	89.29	1.09983	0	0
9207	3	metal4	14.095	89.29	1.09985	0	0
9208	1	metal6	14.095	59.6	1.0999	0	0
9209	2	metal7	14.095	59.6	1.09991	0	0
9210	0	metal5	14.095	59.6	1.0999	0	0
9211	3	metal4	14.095	59.6	1.09989	0	0
9212	1	metal6	14.095	29.6	1.09992	0	0
9213	2	metal7	14.095	29.6	1.09993	0	0
9214	0	metal5	14.095	29.6	1.09992	0	0
9215	3	metal4	14.095	29.6	1.09991	0	0
