u	v	kind	g
43	41	wire	61.8907
41	2	wire	188.404
2	39	wire	92.1678
39	37	wire	61.8907
37	35	wire	61.8907
35	0	wire	188.404
0	33	wire	92.1678
55	53	wire	61.8907
53	6	wire	188.404
6	51	wire	92.1678
51	49	wire	61.8907
49	47	wire	61.8907
47	4	wire	188.404
4	45	wire	92.1678
67	65	wire	61.8907
65	10	wire	188.404
10	63	wire	92.1678
63	61	wire	61.8907
61	59	wire	61.8907
59	8	wire	188.404
8	57	wire	92.1678
79	77	wire	61.8907
77	14	wire	188.404
14	75	wire	92.1678
75	73	wire	61.8907
73	71	wire	61.8907
71	12	wire	188.404
12	69	wire	92.1678
91	89	wire	61.8907
89	18	wire	188.404
18	87	wire	92.1678
87	85	wire	61.8907
85	83	wire	61.8907
83	16	wire	188.404
16	81	wire	92.1678
103	101	wire	61.8907
101	22	wire	188.404
22	99	wire	92.1678
99	97	wire	61.8907
97	95	wire	61.8907
95	20	wire	188.404
20	93	wire	92.1678
115	113	wire	61.8907
113	26	wire	188.404
26	111	wire	92.1678
111	109	wire	61.8907
109	107	wire	61.8907
107	24	wire	188.404
24	105	wire	92.1678
127	125	wire	61.8907
125	30	wire	188.404
30	123	wire	92.1678
123	121	wire	61.8907
121	119	wire	61.8907
119	28	wire	188.404
28	117	wire	92.1678
309	116	wire	465.589
116	297	wire	198.691
297	285	wire	139.261
285	104	wire	262.138
104	273	wire	297.09
273	261	wire	139.261
261	92	wire	182.424
92	249	wire	588.574
249	237	wire	139.261
237	80	wire	139.885
80	225	wire	31194.4
225	213	wire	139.261
213	201	wire	139.261
201	68	wire	611.656
68	189	wire	180.315
189	177	wire	139.261
177	56	wire	302.859
56	165	wire	257.805
165	153	wire	139.261
153	44	wire	201.254
44	141	wire	452.093
141	129	wire	139.261
129	32	wire	150.698
311	118	wire	465.589
118	299	wire	198.691
299	287	wire	139.261
287	106	wire	262.138
106	275	wire	297.09
275	263	wire	139.261
263	94	wire	182.424
94	251	wire	588.574
251	239	wire	139.261
239	82	wire	139.885
82	227	wire	31194.4
227	215	wire	139.261
215	203	wire	139.261
203	70	wire	611.656
70	191	wire	180.315
191	179	wire	139.261
179	58	wire	302.859
58	167	wire	257.805
167	155	wire	139.261
155	46	wire	201.254
46	143	wire	452.093
143	131	wire	139.261
131	34	wire	150.698
313	120	wire	465.589
120	301	wire	198.691
301	289	wire	139.261
289	108	wire	262.138
108	277	wire	297.09
277	265	wire	139.261
265	96	wire	182.424
96	253	wire	588.574
253	241	wire	139.261
241	84	wire	139.885
84	229	wire	31194.4
229	217	wire	139.261
217	205	wire	139.261
205	72	wire	611.656
72	193	wire	180.315
193	181	wire	139.261
181	60	wire	302.859
60	169	wire	257.805
169	157	wire	139.261
157	48	wire	201.254
48	145	wire	452.093
145	133	wire	139.261
133	36	wire	150.698
315	122	wire	465.589
122	303	wire	198.691
303	291	wire	139.261
291	110	wire	262.138
110	279	wire	297.09
279	267	wire	139.261
267	98	wire	182.424
98	255	wire	588.574
255	243	wire	139.261
243	86	wire	139.885
86	231	wire	31194.4
231	219	wire	139.261
219	207	wire	139.261
207	74	wire	611.656
74	195	wire	180.315
195	183	wire	139.261
183	62	wire	302.859
62	171	wire	257.805
171	159	wire	139.261
159	50	wire	201.254
50	147	wire	452.093
147	135	wire	139.261
135	38	wire	150.698
317	124	wire	465.589
124	305	wire	198.691
305	293	wire	139.261
293	112	wire	262.138
112	281	wire	297.09
281	269	wire	139.261
269	100	wire	182.424
100	257	wire	588.574
257	245	wire	139.261
245	88	wire	139.885
88	233	wire	31194.4
233	221	wire	139.261
221	209	wire	139.261
209	76	wire	611.656
76	197	wire	180.315
197	185	wire	139.261
185	64	wire	302.859
64	173	wire	257.805
173	161	wire	139.261
161	52	wire	201.254
52	149	wire	452.093
149	137	wire	139.261
137	40	wire	150.698
319	126	wire	465.589
126	307	wire	198.691
307	295	wire	139.261
295	114	wire	262.138
114	283	wire	297.09
283	271	wire	139.261
271	102	wire	182.424
102	259	wire	588.574
259	247	wire	139.261
247	90	wire	139.885
90	235	wire	31194.4
235	223	wire	139.261
223	211	wire	139.261
211	78	wire	611.656
78	199	wire	180.315
199	187	wire	139.261
187	66	wire	302.859
66	175	wire	257.805
175	163	wire	139.261
163	54	wire	201.254
54	151	wire	452.093
151	139	wire	139.261
139	42	wire	150.698
363	361	wire	61.8907
361	322	wire	188.404
322	359	wire	92.1678
359	357	wire	61.8907
357	355	wire	61.8907
355	320	wire	188.404
320	353	wire	92.1678
375	373	wire	61.8907
373	326	wire	188.404
326	371	wire	92.1678
371	369	wire	61.8907
369	367	wire	61.8907
367	324	wire	188.404
324	365	wire	92.1678
387	385	wire	61.8907
385	330	wire	188.404
330	383	wire	92.1678
383	381	wire	61.8907
381	379	wire	61.8907
379	328	wire	188.404
328	377	wire	92.1678
399	397	wire	61.8907
397	334	wire	188.404
334	395	wire	92.1678
395	393	wire	61.8907
393	391	wire	61.8907
391	332	wire	188.404
332	389	wire	92.1678
411	409	wire	61.8907
409	338	wire	188.404
338	407	wire	92.1678
407	405	wire	61.8907
405	403	wire	61.8907
403	336	wire	188.404
336	401	wire	92.1678
423	421	wire	61.8907
421	342	wire	188.404
342	419	wire	92.1678
419	417	wire	61.8907
417	415	wire	61.8907
415	340	wire	188.404
340	413	wire	92.1678
435	433	wire	61.8907
433	346	wire	188.404
346	431	wire	92.1678
431	429	wire	61.8907
429	427	wire	61.8907
427	344	wire	188.404
344	425	wire	92.1678
447	445	wire	61.8907
445	350	wire	188.404
350	443	wire	92.1678
443	441	wire	61.8907
441	439	wire	61.8907
439	348	wire	188.404
348	437	wire	92.1678
629	436	wire	465.589
436	617	wire	198.691
617	605	wire	139.261
605	424	wire	262.138
424	593	wire	297.09
593	581	wire	139.261
581	412	wire	182.424
412	569	wire	588.574
569	557	wire	139.261
557	400	wire	139.885
400	545	wire	31194.4
545	533	wire	139.261
533	521	wire	139.261
521	388	wire	611.656
388	509	wire	180.315
509	497	wire	139.261
497	376	wire	302.859
376	485	wire	257.805
485	473	wire	139.261
473	364	wire	201.254
364	461	wire	452.093
461	449	wire	139.261
449	352	wire	150.698
631	438	wire	465.589
438	619	wire	198.691
619	607	wire	139.261
607	426	wire	262.138
426	595	wire	297.09
595	583	wire	139.261
583	414	wire	182.424
414	571	wire	588.574
571	559	wire	139.261
559	402	wire	139.885
402	547	wire	31194.4
547	535	wire	139.261
535	523	wire	139.261
523	390	wire	611.656
390	511	wire	180.315
511	499	wire	139.261
499	378	wire	302.859
378	487	wire	257.805
487	475	wire	139.261
475	366	wire	201.254
366	463	wire	452.093
463	451	wire	139.261
451	354	wire	150.698
633	440	wire	465.589
440	621	wire	198.691
621	609	wire	139.261
609	428	wire	262.138
428	597	wire	297.09
597	585	wire	139.261
585	416	wire	182.424
416	573	wire	588.574
573	561	wire	139.261
561	404	wire	139.885
404	549	wire	31194.4
549	537	wire	139.261
537	525	wire	139.261
525	392	wire	611.656
392	513	wire	180.315
513	501	wire	139.261
501	380	wire	302.859
380	489	wire	257.805
489	477	wire	139.261
477	368	wire	201.254
368	465	wire	452.093
465	453	wire	139.261
453	356	wire	150.698
635	442	wire	465.589
442	623	wire	198.691
623	611	wire	139.261
611	430	wire	262.138
430	599	wire	297.09
599	587	wire	139.261
587	418	wire	182.424
418	575	wire	588.574
575	563	wire	139.261
563	406	wire	139.885
406	551	wire	31194.4
551	539	wire	139.261
539	527	wire	139.261
527	394	wire	611.656
394	515	wire	180.315
515	503	wire	139.261
503	382	wire	302.859
382	491	wire	257.805
491	479	wire	139.261
479	370	wire	201.254
370	467	wire	452.093
467	455	wire	139.261
455	358	wire	150.698
637	444	wire	465.589
444	625	wire	198.691
625	613	wire	139.261
613	432	wire	262.138
432	601	wire	297.09
601	589	wire	139.261
589	420	wire	182.424
420	577	wire	588.574
577	565	wire	139.261
565	408	wire	139.885
408	553	wire	31194.4
553	541	wire	139.261
541	529	wire	139.261
529	396	wire	611.656
396	517	wire	180.315
517	505	wire	139.261
505	384	wire	302.859
384	493	wire	257.805
493	481	wire	139.261
481	372	wire	201.254
372	469	wire	452.093
469	457	wire	139.261
457	360	wire	150.698
639	446	wire	465.589
446	627	wire	198.691
627	615	wire	139.261
615	434	wire	262.138
434	603	wire	297.09
603	591	wire	139.261
591	422	wire	182.424
422	579	wire	588.574
579	567	wire	139.261
567	410	wire	139.885
410	555	wire	31194.4
555	543	wire	139.261
543	531	wire	139.261
531	398	wire	611.656
398	519	wire	180.315
519	507	wire	139.261
507	386	wire	302.859
386	495	wire	257.805
495	483	wire	139.261
483	374	wire	201.254
374	471	wire	452.093
471	459	wire	139.261
459	362	wire	150.698
683	642	wire	113.249
642	681	wire	136.473
681	679	wire	61.8907
679	677	wire	61.8907
677	640	wire	113.249
640	675	wire	136.473
675	673	wire	61.8907
695	646	wire	113.249
646	693	wire	136.473
693	691	wire	61.8907
691	689	wire	61.8907
689	644	wire	113.249
644	687	wire	136.473
687	685	wire	61.8907
707	650	wire	113.249
650	705	wire	136.473
705	703	wire	61.8907
703	701	wire	61.8907
701	648	wire	113.249
648	699	wire	136.473
699	697	wire	61.8907
719	654	wire	113.249
654	717	wire	136.473
717	715	wire	61.8907
715	713	wire	61.8907
713	652	wire	113.249
652	711	wire	136.473
711	709	wire	61.8907
731	658	wire	113.249
658	729	wire	136.473
729	727	wire	61.8907
727	725	wire	61.8907
725	656	wire	113.249
656	723	wire	136.473
723	721	wire	61.8907
743	662	wire	113.249
662	741	wire	136.473
741	739	wire	61.8907
739	737	wire	61.8907
737	660	wire	113.249
660	735	wire	136.473
735	733	wire	61.8907
755	666	wire	113.249
666	753	wire	136.473
753	751	wire	61.8907
751	749	wire	61.8907
749	664	wire	113.249
664	747	wire	136.473
747	745	wire	61.8907
767	670	wire	113.249
670	765	wire	136.473
765	763	wire	61.8907
763	761	wire	61.8907
761	668	wire	113.249
668	759	wire	136.473
759	757	wire	61.8907
949	756	wire	465.589
756	937	wire	198.691
937	925	wire	139.261
925	744	wire	262.138
744	913	wire	297.09
913	901	wire	139.261
901	732	wire	182.424
732	889	wire	588.574
889	877	wire	139.261
877	720	wire	139.885
720	865	wire	31194.4
865	853	wire	139.261
853	841	wire	139.261
841	708	wire	611.656
708	829	wire	180.315
829	817	wire	139.261
817	696	wire	302.859
696	805	wire	257.805
805	793	wire	139.261
793	684	wire	201.254
684	781	wire	452.093
781	769	wire	139.261
769	672	wire	150.698
951	758	wire	465.589
758	939	wire	198.691
939	927	wire	139.261
927	746	wire	262.138
746	915	wire	297.09
915	903	wire	139.261
903	734	wire	182.424
734	891	wire	588.574
891	879	wire	139.261
879	722	wire	139.885
722	867	wire	31194.4
867	855	wire	139.261
855	843	wire	139.261
843	710	wire	611.656
710	831	wire	180.315
831	819	wire	139.261
819	698	wire	302.859
698	807	wire	257.805
807	795	wire	139.261
795	686	wire	201.254
686	783	wire	452.093
783	771	wire	139.261
771	674	wire	150.698
953	760	wire	465.589
760	941	wire	198.691
941	929	wire	139.261
929	748	wire	262.138
748	917	wire	297.09
917	905	wire	139.261
905	736	wire	182.424
736	893	wire	588.574
893	881	wire	139.261
881	724	wire	139.885
724	869	wire	31194.4
869	857	wire	139.261
857	845	wire	139.261
845	712	wire	611.656
712	833	wire	180.315
833	821	wire	139.261
821	700	wire	302.859
700	809	wire	257.805
809	797	wire	139.261
797	688	wire	201.254
688	785	wire	452.093
785	773	wire	139.261
773	676	wire	150.698
955	762	wire	465.589
762	943	wire	198.691
943	931	wire	139.261
931	750	wire	262.138
750	919	wire	297.09
919	907	wire	139.261
907	738	wire	182.424
738	895	wire	588.574
895	883	wire	139.261
883	726	wire	139.885
726	871	wire	31194.4
871	859	wire	139.261
859	847	wire	139.261
847	714	wire	611.656
714	835	wire	180.315
835	823	wire	139.261
823	702	wire	302.859
702	811	wire	257.805
811	799	wire	139.261
799	690	wire	201.254
690	787	wire	452.093
787	775	wire	139.261
775	678	wire	150.698
957	764	wire	465.589
764	945	wire	198.691
945	933	wire	139.261
933	752	wire	262.138
752	921	wire	297.09
921	909	wire	139.261
909	740	wire	182.424
740	897	wire	588.574
897	885	wire	139.261
885	728	wire	139.885
728	873	wire	31194.4
873	861	wire	139.261
861	849	wire	139.261
849	716	wire	611.656
716	837	wire	180.315
837	825	wire	139.261
825	704	wire	302.859
704	813	wire	257.805
813	801	wire	139.261
801	692	wire	201.254
692	789	wire	452.093
789	777	wire	139.261
777	680	wire	150.698
959	766	wire	465.589
766	947	wire	198.691
947	935	wire	139.261
935	754	wire	262.138
754	923	wire	297.09
923	911	wire	139.261
911	742	wire	182.424
742	899	wire	588.574
899	887	wire	139.261
887	730	wire	139.885
730	875	wire	31194.4
875	863	wire	139.261
863	851	wire	139.261
851	718	wire	611.656
718	839	wire	180.315
839	827	wire	139.261
827	706	wire	302.859
706	815	wire	257.805
815	803	wire	139.261
803	694	wire	201.254
694	791	wire	452.093
791	779	wire	139.261
779	682	wire	150.698
1003	962	wire	113.249
962	1001	wire	136.473
1001	999	wire	61.8907
999	997	wire	61.8907
997	960	wire	113.249
960	995	wire	136.473
995	993	wire	61.8907
1015	966	wire	113.249
966	1013	wire	136.473
1013	1011	wire	61.8907
1011	1009	wire	61.8907
1009	964	wire	113.249
964	1007	wire	136.473
1007	1005	wire	61.8907
1027	970	wire	113.249
970	1025	wire	136.473
1025	1023	wire	61.8907
1023	1021	wire	61.8907
1021	968	wire	113.249
968	1019	wire	136.473
1019	1017	wire	61.8907
1039	974	wire	113.249
974	1037	wire	136.473
1037	1035	wire	61.8907
1035	1033	wire	61.8907
1033	972	wire	113.249
972	1031	wire	136.473
1031	1029	wire	61.8907
1051	978	wire	113.249
978	1049	wire	136.473
1049	1047	wire	61.8907
1047	1045	wire	61.8907
1045	976	wire	113.249
976	1043	wire	136.473
1043	1041	wire	61.8907
1063	982	wire	113.249
982	1061	wire	136.473
1061	1059	wire	61.8907
1059	1057	wire	61.8907
1057	980	wire	113.249
980	1055	wire	136.473
1055	1053	wire	61.8907
1075	986	wire	113.249
986	1073	wire	136.473
1073	1071	wire	61.8907
1071	1069	wire	61.8907
1069	984	wire	113.249
984	1067	wire	136.473
1067	1065	wire	61.8907
1087	990	wire	113.249
990	1085	wire	136.473
1085	1083	wire	61.8907
1083	1081	wire	61.8907
1081	988	wire	113.249
988	1079	wire	136.473
1079	1077	wire	61.8907
1269	1076	wire	465.589
1076	1257	wire	198.691
1257	1245	wire	139.261
1245	1064	wire	262.138
1064	1233	wire	297.09
1233	1221	wire	139.261
1221	1052	wire	182.424
1052	1209	wire	588.574
1209	1197	wire	139.261
1197	1040	wire	139.885
1040	1185	wire	31194.4
1185	1173	wire	139.261
1173	1161	wire	139.261
1161	1028	wire	611.656
1028	1149	wire	180.315
1149	1137	wire	139.261
1137	1016	wire	302.859
1016	1125	wire	257.805
1125	1113	wire	139.261
1113	1004	wire	201.254
1004	1101	wire	452.093
1101	1089	wire	139.261
1089	992	wire	150.698
1271	1078	wire	465.589
1078	1259	wire	198.691
1259	1247	wire	139.261
1247	1066	wire	262.138
1066	1235	wire	297.09
1235	1223	wire	139.261
1223	1054	wire	182.424
1054	1211	wire	588.574
1211	1199	wire	139.261
1199	1042	wire	139.885
1042	1187	wire	31194.4
1187	1175	wire	139.261
1175	1163	wire	139.261
1163	1030	wire	611.656
1030	1151	wire	180.315
1151	1139	wire	139.261
1139	1018	wire	302.859
1018	1127	wire	257.805
1127	1115	wire	139.261
1115	1006	wire	201.254
1006	1103	wire	452.093
1103	1091	wire	139.261
1091	994	wire	150.698
1273	1080	wire	465.589
1080	1261	wire	198.691
1261	1249	wire	139.261
1249	1068	wire	262.138
1068	1237	wire	297.09
1237	1225	wire	139.261
1225	1056	wire	182.424
1056	1213	wire	588.574
1213	1201	wire	139.261
1201	1044	wire	139.885
1044	1189	wire	31194.4
1189	1177	wire	139.261
1177	1165	wire	139.261
1165	1032	wire	611.656
1032	1153	wire	180.315
1153	1141	wire	139.261
1141	1020	wire	302.859
1020	1129	wire	257.805
1129	1117	wire	139.261
1117	1008	wire	201.254
1008	1105	wire	452.093
1105	1093	wire	139.261
1093	996	wire	150.698
1275	1082	wire	465.589
1082	1263	wire	198.691
1263	1251	wire	139.261
1251	1070	wire	262.138
1070	1239	wire	297.09
1239	1227	wire	139.261
1227	1058	wire	182.424
1058	1215	wire	588.574
1215	1203	wire	139.261
1203	1046	wire	139.885
1046	1191	wire	31194.4
1191	1179	wire	139.261
1179	1167	wire	139.261
1167	1034	wire	611.656
1034	1155	wire	180.315
1155	1143	wire	139.261
1143	1022	wire	302.859
1022	1131	wire	257.805
1131	1119	wire	139.261
1119	1010	wire	201.254
1010	1107	wire	452.093
1107	1095	wire	139.261
1095	998	wire	150.698
1277	1084	wire	465.589
1084	1265	wire	198.691
1265	1253	wire	139.261
1253	1072	wire	262.138
1072	1241	wire	297.09
1241	1229	wire	139.261
1229	1060	wire	182.424
1060	1217	wire	588.574
1217	1205	wire	139.261
1205	1048	wire	139.885
1048	1193	wire	31194.4
1193	1181	wire	139.261
1181	1169	wire	139.261
1169	1036	wire	611.656
1036	1157	wire	180.315
1157	1145	wire	139.261
1145	1024	wire	302.859
1024	1133	wire	257.805
1133	1121	wire	139.261
1121	1012	wire	201.254
1012	1109	wire	452.093
1109	1097	wire	139.261
1097	1000	wire	150.698
1279	1086	wire	465.589
1086	1267	wire	198.691
1267	1255	wire	139.261
1255	1074	wire	262.138
1074	1243	wire	297.09
1243	1231	wire	139.261
1231	1062	wire	182.424
1062	1219	wire	588.574
1219	1207	wire	139.261
1207	1050	wire	139.885
1050	1195	wire	31194.4
1195	1183	wire	139.261
1183	1171	wire	139.261
1171	1038	wire	611.656
1038	1159	wire	180.315
1159	1147	wire	139.261
1147	1026	wire	302.859
1026	1135	wire	257.805
1135	1123	wire	139.261
1123	1014	wire	201.254
1014	1111	wire	452.093
1111	1099	wire	139.261
1099	1002	wire	150.698
1323	1282	wire	113.249
1282	1321	wire	136.473
1321	1319	wire	61.8907
1319	1317	wire	61.8907
1317	1280	wire	113.249
1280	1315	wire	136.473
1315	1313	wire	61.8907
1335	1286	wire	113.249
1286	1333	wire	136.473
1333	1331	wire	61.8907
1331	1329	wire	61.8907
1329	1284	wire	113.249
1284	1327	wire	136.473
1327	1325	wire	61.8907
1347	1290	wire	113.249
1290	1345	wire	136.473
1345	1343	wire	61.8907
1343	1341	wire	61.8907
1341	1288	wire	113.249
1288	1339	wire	136.473
1339	1337	wire	61.8907
1359	1294	wire	113.249
1294	1357	wire	136.473
1357	1355	wire	61.8907
1355	1353	wire	61.8907
1353	1292	wire	113.249
1292	1351	wire	136.473
1351	1349	wire	61.8907
1371	1298	wire	113.249
1298	1369	wire	136.473
1369	1367	wire	61.8907
1367	1365	wire	61.8907
1365	1296	wire	113.249
1296	1363	wire	136.473
1363	1361	wire	61.8907
1383	1302	wire	113.249
1302	1381	wire	136.473
1381	1379	wire	61.8907
1379	1377	wire	61.8907
1377	1300	wire	113.249
1300	1375	wire	136.473
1375	1373	wire	61.8907
1395	1306	wire	113.249
1306	1393	wire	136.473
1393	1391	wire	61.8907
1391	1389	wire	61.8907
1389	1304	wire	113.249
1304	1387	wire	136.473
1387	1385	wire	61.8907
1407	1310	wire	113.249
1310	1405	wire	136.473
1405	1403	wire	61.8907
1403	1401	wire	61.8907
1401	1308	wire	113.249
1308	1399	wire	136.473
1399	1397	wire	61.8907
1589	1396	wire	318.311
1396	1577	wire	247.575
1577	1565	wire	139.261
1565	1384	wire	207.963
1384	1553	wire	421.547
1553	1541	wire	139.261
1541	1372	wire	154.428
1372	1529	wire	1417.93
1529	1517	wire	139.261
1517	1505	wire	139.261
1505	1360	wire	1039.81
1360	1493	wire	160.796
1493	1481	wire	139.261
1481	1348	wire	380.42
1348	1469	wire	219.679
1469	1457	wire	139.261
1457	1336	wire	232.794
1336	1445	wire	346.605
1445	1433	wire	139.261
1433	1324	wire	167.712
1324	1421	wire	820.906
1421	1409	wire	139.261
1409	1312	wire	131.069
1591	1398	wire	318.311
1398	1579	wire	247.575
1579	1567	wire	139.261
1567	1386	wire	207.963
1386	1555	wire	421.547
1555	1543	wire	139.261
1543	1374	wire	154.428
1374	1531	wire	1417.93
1531	1519	wire	139.261
1519	1507	wire	139.261
1507	1362	wire	1039.81
1362	1495	wire	160.796
1495	1483	wire	139.261
1483	1350	wire	380.42
1350	1471	wire	219.679
1471	1459	wire	139.261
1459	1338	wire	232.794
1338	1447	wire	346.605
1447	1435	wire	139.261
1435	1326	wire	167.712
1326	1423	wire	820.906
1423	1411	wire	139.261
1411	1314	wire	131.069
1593	1400	wire	318.311
1400	1581	wire	247.575
1581	1569	wire	139.261
1569	1388	wire	207.963
1388	1557	wire	421.547
1557	1545	wire	139.261
1545	1376	wire	154.428
1376	1533	wire	1417.93
1533	1521	wire	139.261
1521	1509	wire	139.261
1509	1364	wire	1039.81
1364	1497	wire	160.796
1497	1485	wire	139.261
1485	1352	wire	380.42
1352	1473	wire	219.679
1473	1461	wire	139.261
1461	1340	wire	232.794
1340	1449	wire	346.605
1449	1437	wire	139.261
1437	1328	wire	167.712
1328	1425	wire	820.906
1425	1413	wire	139.261
1413	1316	wire	131.069
1595	1402	wire	318.311
1402	1583	wire	247.575
1583	1571	wire	139.261
1571	1390	wire	207.963
1390	1559	wire	421.547
1559	1547	wire	139.261
1547	1378	wire	154.428
1378	1535	wire	1417.93
1535	1523	wire	139.261
1523	1511	wire	139.261
1511	1366	wire	1039.81
1366	1499	wire	160.796
1499	1487	wire	139.261
1487	1354	wire	380.42
1354	1475	wire	219.679
1475	1463	wire	139.261
1463	1342	wire	232.794
1342	1451	wire	346.605
1451	1439	wire	139.261
1439	1330	wire	167.712
1330	1427	wire	820.906
1427	1415	wire	139.261
1415	1318	wire	131.069
1597	1404	wire	318.311
1404	1585	wire	247.575
1585	1573	wire	139.261
1573	1392	wire	207.963
1392	1561	wire	421.547
1561	1549	wire	139.261
1549	1380	wire	154.428
1380	1537	wire	1417.93
1537	1525	wire	139.261
1525	1513	wire	139.261
1513	1368	wire	1039.81
1368	1501	wire	160.796
1501	1489	wire	139.261
1489	1356	wire	380.42
1356	1477	wire	219.679
1477	1465	wire	139.261
1465	1344	wire	232.794
1344	1453	wire	346.605
1453	1441	wire	139.261
1441	1332	wire	167.712
1332	1429	wire	820.906
1429	1417	wire	139.261
1417	1320	wire	131.069
1599	1406	wire	318.311
1406	1587	wire	247.575
1587	1575	wire	139.261
1575	1394	wire	207.963
1394	1563	wire	421.547
1563	1551	wire	139.261
1551	1382	wire	154.428
1382	1539	wire	1417.93
1539	1527	wire	139.261
1527	1515	wire	139.261
1515	1370	wire	1039.81
1370	1503	wire	160.796
1503	1491	wire	139.261
1491	1358	wire	380.42
1358	1479	wire	219.679
1479	1467	wire	139.261
1467	1346	wire	232.794
1346	1455	wire	346.605
1455	1443	wire	139.261
1443	1334	wire	167.712
1334	1431	wire	820.906
1431	1419	wire	139.261
1419	1322	wire	131.069
1604	1659	wire	278.16
1659	1657	wire	61.8907
1657	1655	wire	61.8907
1655	1602	wire	79.6021
1602	1653	wire	278.16
1653	1651	wire	61.8907
1651	1649	wire	61.8907
1649	1600	wire	79.6021
1610	1671	wire	278.16
1671	1669	wire	61.8907
1669	1667	wire	61.8907
1667	1608	wire	79.6021
1608	1665	wire	278.16
1665	1663	wire	61.8907
1663	1661	wire	61.8907
1661	1606	wire	79.6021
1616	1683	wire	278.16
1683	1681	wire	61.8907
1681	1679	wire	61.8907
1679	1614	wire	79.6021
1614	1677	wire	278.16
1677	1675	wire	61.8907
1675	1673	wire	61.8907
1673	1612	wire	79.6021
1622	1695	wire	278.16
1695	1693	wire	61.8907
1693	1691	wire	61.8907
1691	1620	wire	79.6021
1620	1689	wire	278.16
1689	1687	wire	61.8907
1687	1685	wire	61.8907
1685	1618	wire	79.6021
1628	1707	wire	278.16
1707	1705	wire	61.8907
1705	1703	wire	61.8907
1703	1626	wire	79.6021
1626	1701	wire	278.16
1701	1699	wire	61.8907
1699	1697	wire	61.8907
1697	1624	wire	79.6021
1634	1719	wire	278.16
1719	1717	wire	61.8907
1717	1715	wire	61.8907
1715	1632	wire	79.6021
1632	1713	wire	278.16
1713	1711	wire	61.8907
1711	1709	wire	61.8907
1709	1630	wire	79.6021
1640	1731	wire	278.16
1731	1729	wire	61.8907
1729	1727	wire	61.8907
1727	1638	wire	79.6021
1638	1725	wire	278.16
1725	1723	wire	61.8907
1723	1721	wire	61.8907
1721	1636	wire	79.6021
1646	1743	wire	278.16
1743	1741	wire	61.8907
1741	1739	wire	61.8907
1739	1644	wire	79.6021
1644	1737	wire	278.16
1737	1735	wire	61.8907
1735	1733	wire	61.8907
1733	1642	wire	79.6021
1925	1732	wire	318.311
1732	1913	wire	247.575
1913	1901	wire	139.261
1901	1720	wire	207.963
1720	1889	wire	421.547
1889	1877	wire	139.261
1877	1708	wire	154.428
1708	1865	wire	1417.93
1865	1853	wire	139.261
1853	1841	wire	139.261
1841	1696	wire	1039.81
1696	1829	wire	160.796
1829	1817	wire	139.261
1817	1684	wire	380.42
1684	1805	wire	219.679
1805	1793	wire	139.261
1793	1672	wire	232.794
1672	1781	wire	346.605
1781	1769	wire	139.261
1769	1660	wire	167.712
1660	1757	wire	820.906
1757	1745	wire	139.261
1745	1648	wire	131.069
1927	1734	wire	318.311
1734	1915	wire	247.575
1915	1903	wire	139.261
1903	1722	wire	207.963
1722	1891	wire	421.547
1891	1879	wire	139.261
1879	1710	wire	154.428
1710	1867	wire	1417.93
1867	1855	wire	139.261
1855	1843	wire	139.261
1843	1698	wire	1039.81
1698	1831	wire	160.796
1831	1819	wire	139.261
1819	1686	wire	380.42
1686	1807	wire	219.679
1807	1795	wire	139.261
1795	1674	wire	232.794
1674	1783	wire	346.605
1783	1771	wire	139.261
1771	1662	wire	167.712
1662	1759	wire	820.906
1759	1747	wire	139.261
1747	1650	wire	131.069
1929	1736	wire	318.311
1736	1917	wire	247.575
1917	1905	wire	139.261
1905	1724	wire	207.963
1724	1893	wire	421.547
1893	1881	wire	139.261
1881	1712	wire	154.428
1712	1869	wire	1417.93
1869	1857	wire	139.261
1857	1845	wire	139.261
1845	1700	wire	1039.81
1700	1833	wire	160.796
1833	1821	wire	139.261
1821	1688	wire	380.42
1688	1809	wire	219.679
1809	1797	wire	139.261
1797	1676	wire	232.794
1676	1785	wire	346.605
1785	1773	wire	139.261
1773	1664	wire	167.712
1664	1761	wire	820.906
1761	1749	wire	139.261
1749	1652	wire	131.069
1931	1738	wire	318.311
1738	1919	wire	247.575
1919	1907	wire	139.261
1907	1726	wire	207.963
1726	1895	wire	421.547
1895	1883	wire	139.261
1883	1714	wire	154.428
1714	1871	wire	1417.93
1871	1859	wire	139.261
1859	1847	wire	139.261
1847	1702	wire	1039.81
1702	1835	wire	160.796
1835	1823	wire	139.261
1823	1690	wire	380.42
1690	1811	wire	219.679
1811	1799	wire	139.261
1799	1678	wire	232.794
1678	1787	wire	346.605
1787	1775	wire	139.261
1775	1666	wire	167.712
1666	1763	wire	820.906
1763	1751	wire	139.261
1751	1654	wire	131.069
1933	1740	wire	318.311
1740	1921	wire	247.575
1921	1909	wire	139.261
1909	1728	wire	207.963
1728	1897	wire	421.547
1897	1885	wire	139.261
1885	1716	wire	154.428
1716	1873	wire	1417.93
1873	1861	wire	139.261
1861	1849	wire	139.261
1849	1704	wire	1039.81
1704	1837	wire	160.796
1837	1825	wire	139.261
1825	1692	wire	380.42
1692	1813	wire	219.679
1813	1801	wire	139.261
1801	1680	wire	232.794
1680	1789	wire	346.605
1789	1777	wire	139.261
1777	1668	wire	167.712
1668	1765	wire	820.906
1765	1753	wire	139.261
1753	1656	wire	131.069
1935	1742	wire	318.311
1742	1923	wire	247.575
1923	1911	wire	139.261
1911	1730	wire	207.963
1730	1899	wire	421.547
1899	1887	wire	139.261
1887	1718	wire	154.428
1718	1875	wire	1417.93
1875	1863	wire	139.261
1863	1851	wire	139.261
1851	1706	wire	1039.81
1706	1839	wire	160.796
1839	1827	wire	139.261
1827	1694	wire	380.42
1694	1815	wire	219.679
1815	1803	wire	139.261
1803	1682	wire	232.794
1682	1791	wire	346.605
1791	1779	wire	139.261
1779	1670	wire	167.712
1670	1767	wire	820.906
1767	1755	wire	139.261
1755	1658	wire	131.069
1979	1977	wire	61.8907
1977	1975	wire	61.8907
1975	1938	wire	560.096
1938	1973	wire	69.5792
1973	1971	wire	61.8907
1971	1969	wire	61.8907
1969	1936	wire	560.096
1991	1989	wire	61.8907
1989	1987	wire	61.8907
1987	1942	wire	560.096
1942	1985	wire	69.5792
1985	1983	wire	61.8907
1983	1981	wire	61.8907
1981	1940	wire	560.096
2003	2001	wire	61.8907
2001	1999	wire	61.8907
1999	1946	wire	560.096
1946	1997	wire	69.5792
1997	1995	wire	61.8907
1995	1993	wire	61.8907
1993	1944	wire	560.096
2015	2013	wire	61.8907
2013	2011	wire	61.8907
2011	1950	wire	560.096
1950	2009	wire	69.5792
2009	2007	wire	61.8907
2007	2005	wire	61.8907
2005	1948	wire	560.096
2027	2025	wire	61.8907
2025	2023	wire	61.8907
2023	1954	wire	560.096
1954	2021	wire	69.5792
2021	2019	wire	61.8907
2019	2017	wire	61.8907
2017	1952	wire	560.096
2039	2037	wire	61.8907
2037	2035	wire	61.8907
2035	1958	wire	560.096
1958	2033	wire	69.5792
2033	2031	wire	61.8907
2031	2029	wire	61.8907
2029	1956	wire	560.096
2051	2049	wire	61.8907
2049	2047	wire	61.8907
2047	1962	wire	560.096
1962	2045	wire	69.5792
2045	2043	wire	61.8907
2043	2041	wire	61.8907
2041	1960	wire	560.096
2063	2061	wire	61.8907
2061	2059	wire	61.8907
2059	1966	wire	560.096
1966	2057	wire	69.5792
2057	2055	wire	61.8907
2055	2053	wire	61.8907
2053	1964	wire	560.096
2245	2052	wire	1075.67
2052	2233	wire	159.972
2233	2221	wire	139.261
2221	2040	wire	385.117
2040	2209	wire	218.143
2209	2197	wire	139.261
2197	2028	wire	234.545
2028	2185	wire	342.796
2185	2173	wire	139.261
2173	2016	wire	168.619
2016	2161	wire	799.858
2161	2149	wire	139.261
2149	2137	wire	139.261
2137	2004	wire	2399.57
2004	2125	wire	147.841
2125	2113	wire	139.261
2113	1992	wire	479.915
1992	2101	wire	196.191
2101	2089	wire	139.261
2089	1980	wire	266.619
1980	2077	wire	291.537
2077	2065	wire	139.261
2065	1968	wire	184.583
2247	2054	wire	1075.67
2054	2235	wire	159.972
2235	2223	wire	139.261
2223	2042	wire	385.117
2042	2211	wire	218.143
2211	2199	wire	139.261
2199	2030	wire	234.545
2030	2187	wire	342.796
2187	2175	wire	139.261
2175	2018	wire	168.619
2018	2163	wire	799.858
2163	2151	wire	139.261
2151	2139	wire	139.261
2139	2006	wire	2399.57
2006	2127	wire	147.841
2127	2115	wire	139.261
2115	1994	wire	479.915
1994	2103	wire	196.191
2103	2091	wire	139.261
2091	1982	wire	266.619
1982	2079	wire	291.537
2079	2067	wire	139.261
2067	1970	wire	184.583
2249	2056	wire	1075.67
2056	2237	wire	159.972
2237	2225	wire	139.261
2225	2044	wire	385.117
2044	2213	wire	218.143
2213	2201	wire	139.261
2201	2032	wire	234.545
2032	2189	wire	342.796
2189	2177	wire	139.261
2177	2020	wire	168.619
2020	2165	wire	799.858
2165	2153	wire	139.261
2153	2141	wire	139.261
2141	2008	wire	2399.57
2008	2129	wire	147.841
2129	2117	wire	139.261
2117	1996	wire	479.915
1996	2105	wire	196.191
2105	2093	wire	139.261
2093	1984	wire	266.619
1984	2081	wire	291.537
2081	2069	wire	139.261
2069	1972	wire	184.583
2251	2058	wire	1075.67
2058	2239	wire	159.972
2239	2227	wire	139.261
2227	2046	wire	385.117
2046	2215	wire	218.143
2215	2203	wire	139.261
2203	2034	wire	234.545
2034	2191	wire	342.796
2191	2179	wire	139.261
2179	2022	wire	168.619
2022	2167	wire	799.858
2167	2155	wire	139.261
2155	2143	wire	139.261
2143	2010	wire	2399.57
2010	2131	wire	147.841
2131	2119	wire	139.261
2119	1998	wire	479.915
1998	2107	wire	196.191
2107	2095	wire	139.261
2095	1986	wire	266.619
1986	2083	wire	291.537
2083	2071	wire	139.261
2071	1974	wire	184.583
2253	2060	wire	1075.67
2060	2241	wire	159.972
2241	2229	wire	139.261
2229	2048	wire	385.117
2048	2217	wire	218.143
2217	2205	wire	139.261
2205	2036	wire	234.545
2036	2193	wire	342.796
2193	2181	wire	139.261
2181	2024	wire	168.619
2024	2169	wire	799.858
2169	2157	wire	139.261
2157	2145	wire	139.261
2145	2012	wire	2399.57
2012	2133	wire	147.841
2133	2121	wire	139.261
2121	2000	wire	479.915
2000	2109	wire	196.191
2109	2097	wire	139.261
2097	1988	wire	266.619
1988	2085	wire	291.537
2085	2073	wire	139.261
2073	1976	wire	184.583
2255	2062	wire	1075.67
2062	2243	wire	159.972
2243	2231	wire	139.261
2231	2050	wire	385.117
2050	2219	wire	218.143
2219	2207	wire	139.261
2207	2038	wire	234.545
2038	2195	wire	342.796
2195	2183	wire	139.261
2183	2026	wire	168.619
2026	2171	wire	799.858
2171	2159	wire	139.261
2159	2147	wire	139.261
2147	2014	wire	2399.57
2014	2135	wire	147.841
2135	2123	wire	139.261
2123	2002	wire	479.915
2002	2111	wire	196.191
2111	2099	wire	139.261
2099	1990	wire	266.619
1990	2087	wire	291.537
2087	2075	wire	139.261
2075	1978	wire	184.583
2260	2315	wire	278.16
2315	2313	wire	61.8907
2313	2311	wire	61.8907
2311	2258	wire	79.6021
2258	2309	wire	278.16
2309	2307	wire	61.8907
2307	2305	wire	61.8907
2305	2256	wire	79.6021
2266	2327	wire	278.16
2327	2325	wire	61.8907
2325	2323	wire	61.8907
2323	2264	wire	79.6021
2264	2321	wire	278.16
2321	2319	wire	61.8907
2319	2317	wire	61.8907
2317	2262	wire	79.6021
2272	2339	wire	278.16
2339	2337	wire	61.8907
2337	2335	wire	61.8907
2335	2270	wire	79.6021
2270	2333	wire	278.16
2333	2331	wire	61.8907
2331	2329	wire	61.8907
2329	2268	wire	79.6021
2278	2351	wire	278.16
2351	2349	wire	61.8907
2349	2347	wire	61.8907
2347	2276	wire	79.6021
2276	2345	wire	278.16
2345	2343	wire	61.8907
2343	2341	wire	61.8907
2341	2274	wire	79.6021
2284	2363	wire	278.16
2363	2361	wire	61.8907
2361	2359	wire	61.8907
2359	2282	wire	79.6021
2282	2357	wire	278.16
2357	2355	wire	61.8907
2355	2353	wire	61.8907
2353	2280	wire	79.6021
2290	2375	wire	278.16
2375	2373	wire	61.8907
2373	2371	wire	61.8907
2371	2288	wire	79.6021
2288	2369	wire	278.16
2369	2367	wire	61.8907
2367	2365	wire	61.8907
2365	2286	wire	79.6021
2296	2387	wire	278.16
2387	2385	wire	61.8907
2385	2383	wire	61.8907
2383	2294	wire	79.6021
2294	2381	wire	278.16
2381	2379	wire	61.8907
2379	2377	wire	61.8907
2377	2292	wire	79.6021
2302	2399	wire	278.16
2399	2397	wire	61.8907
2397	2395	wire	61.8907
2395	2300	wire	79.6021
2300	2393	wire	278.16
2393	2391	wire	61.8907
2391	2389	wire	61.8907
2389	2298	wire	79.6021
2581	2388	wire	318.311
2388	2569	wire	247.575
2569	2557	wire	139.261
2557	2376	wire	207.963
2376	2545	wire	421.547
2545	2533	wire	139.261
2533	2364	wire	154.428
2364	2521	wire	1417.93
2521	2509	wire	139.261
2509	2497	wire	139.261
2497	2352	wire	1039.81
2352	2485	wire	160.796
2485	2473	wire	139.261
2473	2340	wire	380.42
2340	2461	wire	219.679
2461	2449	wire	139.261
2449	2328	wire	232.794
2328	2437	wire	346.605
2437	2425	wire	139.261
2425	2316	wire	167.712
2316	2413	wire	820.906
2413	2401	wire	139.261
2401	2304	wire	131.069
2583	2390	wire	318.311
2390	2571	wire	247.575
2571	2559	wire	139.261
2559	2378	wire	207.963
2378	2547	wire	421.547
2547	2535	wire	139.261
2535	2366	wire	154.428
2366	2523	wire	1417.93
2523	2511	wire	139.261
2511	2499	wire	139.261
2499	2354	wire	1039.81
2354	2487	wire	160.796
2487	2475	wire	139.261
2475	2342	wire	380.42
2342	2463	wire	219.679
2463	2451	wire	139.261
2451	2330	wire	232.794
2330	2439	wire	346.605
2439	2427	wire	139.261
2427	2318	wire	167.712
2318	2415	wire	820.906
2415	2403	wire	139.261
2403	2306	wire	131.069
2585	2392	wire	318.311
2392	2573	wire	247.575
2573	2561	wire	139.261
2561	2380	wire	207.963
2380	2549	wire	421.547
2549	2537	wire	139.261
2537	2368	wire	154.428
2368	2525	wire	1417.93
2525	2513	wire	139.261
2513	2501	wire	139.261
2501	2356	wire	1039.81
2356	2489	wire	160.796
2489	2477	wire	139.261
2477	2344	wire	380.42
2344	2465	wire	219.679
2465	2453	wire	139.261
2453	2332	wire	232.794
2332	2441	wire	346.605
2441	2429	wire	139.261
2429	2320	wire	167.712
2320	2417	wire	820.906
2417	2405	wire	139.261
2405	2308	wire	131.069
2587	2394	wire	318.311
2394	2575	wire	247.575
2575	2563	wire	139.261
2563	2382	wire	207.963
2382	2551	wire	421.547
2551	2539	wire	139.261
2539	2370	wire	154.428
2370	2527	wire	1417.93
2527	2515	wire	139.261
2515	2503	wire	139.261
2503	2358	wire	1039.81
2358	2491	wire	160.796
2491	2479	wire	139.261
2479	2346	wire	380.42
2346	2467	wire	219.679
2467	2455	wire	139.261
2455	2334	wire	232.794
2334	2443	wire	346.605
2443	2431	wire	139.261
2431	2322	wire	167.712
2322	2419	wire	820.906
2419	2407	wire	139.261
2407	2310	wire	131.069
2589	2396	wire	318.311
2396	2577	wire	247.575
2577	2565	wire	139.261
2565	2384	wire	207.963
2384	2553	wire	421.547
2553	2541	wire	139.261
2541	2372	wire	154.428
2372	2529	wire	1417.93
2529	2517	wire	139.261
2517	2505	wire	139.261
2505	2360	wire	1039.81
2360	2493	wire	160.796
2493	2481	wire	139.261
2481	2348	wire	380.42
2348	2469	wire	219.679
2469	2457	wire	139.261
2457	2336	wire	232.794
2336	2445	wire	346.605
2445	2433	wire	139.261
2433	2324	wire	167.712
2324	2421	wire	820.906
2421	2409	wire	139.261
2409	2312	wire	131.069
2591	2398	wire	318.311
2398	2579	wire	247.575
2579	2567	wire	139.261
2567	2386	wire	207.963
2386	2555	wire	421.547
2555	2543	wire	139.261
2543	2374	wire	154.428
2374	2531	wire	1417.93
2531	2519	wire	139.261
2519	2507	wire	139.261
2507	2362	wire	1039.81
2362	2495	wire	160.796
2495	2483	wire	139.261
2483	2350	wire	380.42
2350	2471	wire	219.679
2471	2459	wire	139.261
2459	2338	wire	232.794
2338	2447	wire	346.605
2447	2435	wire	139.261
2435	2326	wire	167.712
2326	2423	wire	820.906
2423	2411	wire	139.261
2411	2314	wire	131.069
2596	2651	wire	278.16
2651	2649	wire	61.8907
2649	2647	wire	61.8907
2647	2594	wire	79.6021
2594	2645	wire	278.16
2645	2643	wire	61.8907
2643	2641	wire	61.8907
2641	2592	wire	79.6021
2602	2663	wire	278.16
2663	2661	wire	61.8907
2661	2659	wire	61.8907
2659	2600	wire	79.6021
2600	2657	wire	278.16
2657	2655	wire	61.8907
2655	2653	wire	61.8907
2653	2598	wire	79.6021
2608	2675	wire	278.16
2675	2673	wire	61.8907
2673	2671	wire	61.8907
2671	2606	wire	79.6021
2606	2669	wire	278.16
2669	2667	wire	61.8907
2667	2665	wire	61.8907
2665	2604	wire	79.6021
2614	2687	wire	278.16
2687	2685	wire	61.8907
2685	2683	wire	61.8907
2683	2612	wire	79.6021
2612	2681	wire	278.16
2681	2679	wire	61.8907
2679	2677	wire	61.8907
2677	2610	wire	79.6021
2620	2699	wire	278.16
2699	2697	wire	61.8907
2697	2695	wire	61.8907
2695	2618	wire	79.6021
2618	2693	wire	278.16
2693	2691	wire	61.8907
2691	2689	wire	61.8907
2689	2616	wire	79.6021
2626	2711	wire	278.16
2711	2709	wire	61.8907
2709	2707	wire	61.8907
2707	2624	wire	79.6021
2624	2705	wire	278.16
2705	2703	wire	61.8907
2703	2701	wire	61.8907
2701	2622	wire	79.6021
2632	2723	wire	278.16
2723	2721	wire	61.8907
2721	2719	wire	61.8907
2719	2630	wire	79.6021
2630	2717	wire	278.16
2717	2715	wire	61.8907
2715	2713	wire	61.8907
2713	2628	wire	79.6021
2638	2735	wire	278.16
2735	2733	wire	61.8907
2733	2731	wire	61.8907
2731	2636	wire	79.6021
2636	2729	wire	278.16
2729	2727	wire	61.8907
2727	2725	wire	61.8907
2725	2634	wire	79.6021
2917	2724	wire	1075.67
2724	2905	wire	159.972
2905	2893	wire	139.261
2893	2712	wire	385.117
2712	2881	wire	218.143
2881	2869	wire	139.261
2869	2700	wire	234.545
2700	2857	wire	342.796
2857	2845	wire	139.261
2845	2688	wire	168.619
2688	2833	wire	799.858
2833	2821	wire	139.261
2821	2809	wire	139.261
2809	2676	wire	2399.57
2676	2797	wire	147.841
2797	2785	wire	139.261
2785	2664	wire	479.915
2664	2773	wire	196.191
2773	2761	wire	139.261
2761	2652	wire	266.619
2652	2749	wire	291.537
2749	2737	wire	139.261
2737	2640	wire	184.583
2919	2726	wire	1075.67
2726	2907	wire	159.972
2907	2895	wire	139.261
2895	2714	wire	385.117
2714	2883	wire	218.143
2883	2871	wire	139.261
2871	2702	wire	234.545
2702	2859	wire	342.796
2859	2847	wire	139.261
2847	2690	wire	168.619
2690	2835	wire	799.858
2835	2823	wire	139.261
2823	2811	wire	139.261
2811	2678	wire	2399.57
2678	2799	wire	147.841
2799	2787	wire	139.261
2787	2666	wire	479.915
2666	2775	wire	196.191
2775	2763	wire	139.261
2763	2654	wire	266.619
2654	2751	wire	291.537
2751	2739	wire	139.261
2739	2642	wire	184.583
2921	2728	wire	1075.67
2728	2909	wire	159.972
2909	2897	wire	139.261
2897	2716	wire	385.117
2716	2885	wire	218.143
2885	2873	wire	139.261
2873	2704	wire	234.545
2704	2861	wire	342.796
2861	2849	wire	139.261
2849	2692	wire	168.619
2692	2837	wire	799.858
2837	2825	wire	139.261
2825	2813	wire	139.261
2813	2680	wire	2399.57
2680	2801	wire	147.841
2801	2789	wire	139.261
2789	2668	wire	479.915
2668	2777	wire	196.191
2777	2765	wire	139.261
2765	2656	wire	266.619
2656	2753	wire	291.537
2753	2741	wire	139.261
2741	2644	wire	184.583
2923	2730	wire	1075.67
2730	2911	wire	159.972
2911	2899	wire	139.261
2899	2718	wire	385.117
2718	2887	wire	218.143
2887	2875	wire	139.261
2875	2706	wire	234.545
2706	2863	wire	342.796
2863	2851	wire	139.261
2851	2694	wire	168.619
2694	2839	wire	799.858
2839	2827	wire	139.261
2827	2815	wire	139.261
2815	2682	wire	2399.57
2682	2803	wire	147.841
2803	2791	wire	139.261
2791	2670	wire	479.915
2670	2779	wire	196.191
2779	2767	wire	139.261
2767	2658	wire	266.619
2658	2755	wire	291.537
2755	2743	wire	139.261
2743	2646	wire	184.583
2925	2732	wire	1075.67
2732	2913	wire	159.972
2913	2901	wire	139.261
2901	2720	wire	385.117
2720	2889	wire	218.143
2889	2877	wire	139.261
2877	2708	wire	234.545
2708	2865	wire	342.796
2865	2853	wire	139.261
2853	2696	wire	168.619
2696	2841	wire	799.858
2841	2829	wire	139.261
2829	2817	wire	139.261
2817	2684	wire	2399.57
2684	2805	wire	147.841
2805	2793	wire	139.261
2793	2672	wire	479.915
2672	2781	wire	196.191
2781	2769	wire	139.261
2769	2660	wire	266.619
2660	2757	wire	291.537
2757	2745	wire	139.261
2745	2648	wire	184.583
2927	2734	wire	1075.67
2734	2915	wire	159.972
2915	2903	wire	139.261
2903	2722	wire	385.117
2722	2891	wire	218.143
2891	2879	wire	139.261
2879	2710	wire	234.545
2710	2867	wire	342.796
2867	2855	wire	139.261
2855	2698	wire	168.619
2698	2843	wire	799.858
2843	2831	wire	139.261
2831	2819	wire	139.261
2819	2686	wire	2399.57
2686	2807	wire	147.841
2807	2795	wire	139.261
2795	2674	wire	479.915
2674	2783	wire	196.191
2783	2771	wire	139.261
2771	2662	wire	266.619
2662	2759	wire	291.537
2759	2747	wire	139.261
2747	2650	wire	184.583
2930	2971	wire	5381.8
2971	2969	wire	61.8907
2969	2967	wire	61.8907
2967	2928	wire	62.6107
2928	2965	wire	5381.8
2965	2963	wire	61.8907
2963	2961	wire	61.8907
2934	2983	wire	5381.8
2983	2981	wire	61.8907
2981	2979	wire	61.8907
2979	2932	wire	62.6107
2932	2977	wire	5381.8
2977	2975	wire	61.8907
2975	2973	wire	61.8907
2938	2995	wire	5381.8
2995	2993	wire	61.8907
2993	2991	wire	61.8907
2991	2936	wire	62.6107
2936	2989	wire	5381.8
2989	2987	wire	61.8907
2987	2985	wire	61.8907
2942	3007	wire	5381.8
3007	3005	wire	61.8907
3005	3003	wire	61.8907
3003	2940	wire	62.6107
2940	3001	wire	5381.8
3001	2999	wire	61.8907
2999	2997	wire	61.8907
2946	3019	wire	5381.8
3019	3017	wire	61.8907
3017	3015	wire	61.8907
3015	2944	wire	62.6107
2944	3013	wire	5381.8
3013	3011	wire	61.8907
3011	3009	wire	61.8907
2950	3031	wire	5381.8
3031	3029	wire	61.8907
3029	3027	wire	61.8907
3027	2948	wire	62.6107
2948	3025	wire	5381.8
3025	3023	wire	61.8907
3023	3021	wire	61.8907
2954	3043	wire	5381.8
3043	3041	wire	61.8907
3041	3039	wire	61.8907
3039	2952	wire	62.6107
2952	3037	wire	5381.8
3037	3035	wire	61.8907
3035	3033	wire	61.8907
2958	3055	wire	5381.8
3055	3053	wire	61.8907
3053	3051	wire	61.8907
3051	2956	wire	62.6107
2956	3049	wire	5381.8
3049	3047	wire	61.8907
3047	3045	wire	61.8907
3237	3044	wire	1075.67
3044	3225	wire	159.972
3225	3213	wire	139.261
3213	3032	wire	385.117
3032	3201	wire	218.143
3201	3189	wire	139.261
3189	3020	wire	234.545
3020	3177	wire	342.796
3177	3165	wire	139.261
3165	3008	wire	168.619
3008	3153	wire	799.858
3153	3141	wire	139.261
3141	3129	wire	139.261
3129	2996	wire	2399.57
2996	3117	wire	147.841
3117	3105	wire	139.261
3105	2984	wire	479.915
2984	3093	wire	196.191
3093	3081	wire	139.261
3081	2972	wire	266.619
2972	3069	wire	291.537
3069	3057	wire	139.261
3057	2960	wire	184.583
3239	3046	wire	1075.67
3046	3227	wire	159.972
3227	3215	wire	139.261
3215	3034	wire	385.117
3034	3203	wire	218.143
3203	3191	wire	139.261
3191	3022	wire	234.545
3022	3179	wire	342.796
3179	3167	wire	139.261
3167	3010	wire	168.619
3010	3155	wire	799.858
3155	3143	wire	139.261
3143	3131	wire	139.261
3131	2998	wire	2399.57
2998	3119	wire	147.841
3119	3107	wire	139.261
3107	2986	wire	479.915
2986	3095	wire	196.191
3095	3083	wire	139.261
3083	2974	wire	266.619
2974	3071	wire	291.537
3071	3059	wire	139.261
3059	2962	wire	184.583
3241	3048	wire	1075.67
3048	3229	wire	159.972
3229	3217	wire	139.261
3217	3036	wire	385.117
3036	3205	wire	218.143
3205	3193	wire	139.261
3193	3024	wire	234.545
3024	3181	wire	342.796
3181	3169	wire	139.261
3169	3012	wire	168.619
3012	3157	wire	799.858
3157	3145	wire	139.261
3145	3133	wire	139.261
3133	3000	wire	2399.57
3000	3121	wire	147.841
3121	3109	wire	139.261
3109	2988	wire	479.915
2988	3097	wire	196.191
3097	3085	wire	139.261
3085	2976	wire	266.619
2976	3073	wire	291.537
3073	3061	wire	139.261
3061	2964	wire	184.583
3243	3050	wire	1075.67
3050	3231	wire	159.972
3231	3219	wire	139.261
3219	3038	wire	385.117
3038	3207	wire	218.143
3207	3195	wire	139.261
3195	3026	wire	234.545
3026	3183	wire	342.796
3183	3171	wire	139.261
3171	3014	wire	168.619
3014	3159	wire	799.858
3159	3147	wire	139.261
3147	3135	wire	139.261
3135	3002	wire	2399.57
3002	3123	wire	147.841
3123	3111	wire	139.261
3111	2990	wire	479.915
2990	3099	wire	196.191
3099	3087	wire	139.261
3087	2978	wire	266.619
2978	3075	wire	291.537
3075	3063	wire	139.261
3063	2966	wire	184.583
3245	3052	wire	1075.67
3052	3233	wire	159.972
3233	3221	wire	139.261
3221	3040	wire	385.117
3040	3209	wire	218.143
3209	3197	wire	139.261
3197	3028	wire	234.545
3028	3185	wire	342.796
3185	3173	wire	139.261
3173	3016	wire	168.619
3016	3161	wire	799.858
3161	3149	wire	139.261
3149	3137	wire	139.261
3137	3004	wire	2399.57
3004	3125	wire	147.841
3125	3113	wire	139.261
3113	2992	wire	479.915
2992	3101	wire	196.191
3101	3089	wire	139.261
3089	2980	wire	266.619
2980	3077	wire	291.537
3077	3065	wire	139.261
3065	2968	wire	184.583
3247	3054	wire	1075.67
3054	3235	wire	159.972
3235	3223	wire	139.261
3223	3042	wire	385.117
3042	3211	wire	218.143
3211	3199	wire	139.261
3199	3030	wire	234.545
3030	3187	wire	342.796
3187	3175	wire	139.261
3175	3018	wire	168.619
3018	3163	wire	799.858
3163	3151	wire	139.261
3151	3139	wire	139.261
3139	3006	wire	2399.57
3006	3127	wire	147.841
3127	3115	wire	139.261
3115	2994	wire	479.915
2994	3103	wire	196.191
3103	3091	wire	139.261
3091	2982	wire	266.619
2982	3079	wire	291.537
3079	3067	wire	139.261
3067	2970	wire	184.583
3291	3289	wire	61.8907
3289	3250	wire	91.4866
3250	3287	wire	191.316
3287	3285	wire	61.8907
3285	3283	wire	61.8907
3283	3248	wire	91.4866
3248	3281	wire	191.316
3303	3301	wire	61.8907
3301	3254	wire	91.4866
3254	3299	wire	191.316
3299	3297	wire	61.8907
3297	3295	wire	61.8907
3295	3252	wire	91.4866
3252	3293	wire	191.316
3315	3313	wire	61.8907
3313	3258	wire	91.4866
3258	3311	wire	191.316
3311	3309	wire	61.8907
3309	3307	wire	61.8907
3307	3256	wire	91.4866
3256	3305	wire	191.316
3327	3325	wire	61.8907
3325	3262	wire	91.4866
3262	3323	wire	191.316
3323	3321	wire	61.8907
3321	3319	wire	61.8907
3319	3260	wire	91.4866
3260	3317	wire	191.316
3339	3337	wire	61.8907
3337	3266	wire	91.4866
3266	3335	wire	191.316
3335	3333	wire	61.8907
3333	3331	wire	61.8907
3331	3264	wire	91.4866
3264	3329	wire	191.316
3351	3349	wire	61.8907
3349	3270	wire	91.4866
3270	3347	wire	191.316
3347	3345	wire	61.8907
3345	3343	wire	61.8907
3343	3268	wire	91.4866
3268	3341	wire	191.316
3363	3361	wire	61.8907
3361	3274	wire	91.4866
3274	3359	wire	191.316
3359	3357	wire	61.8907
3357	3355	wire	61.8907
3355	3272	wire	91.4866
3272	3353	wire	191.316
3375	3373	wire	61.8907
3373	3278	wire	91.4866
3278	3371	wire	191.316
3371	3369	wire	61.8907
3369	3367	wire	61.8907
3367	3276	wire	91.4866
3276	3365	wire	191.316
3557	3364	wire	318.311
3364	3545	wire	247.575
3545	3533	wire	139.261
3533	3352	wire	207.963
3352	3521	wire	421.547
3521	3509	wire	139.261
3509	3340	wire	154.428
3340	3497	wire	1417.93
3497	3485	wire	139.261
3485	3473	wire	139.261
3473	3328	wire	1039.81
3328	3461	wire	160.796
3461	3449	wire	139.261
3449	3316	wire	380.42
3316	3437	wire	219.679
3437	3425	wire	139.261
3425	3304	wire	232.794
3304	3413	wire	346.605
3413	3401	wire	139.261
3401	3292	wire	167.712
3292	3389	wire	820.906
3389	3377	wire	139.261
3377	3280	wire	131.069
3559	3366	wire	318.311
3366	3547	wire	247.575
3547	3535	wire	139.261
3535	3354	wire	207.963
3354	3523	wire	421.547
3523	3511	wire	139.261
3511	3342	wire	154.428
3342	3499	wire	1417.93
3499	3487	wire	139.261
3487	3475	wire	139.261
3475	3330	wire	1039.81
3330	3463	wire	160.796
3463	3451	wire	139.261
3451	3318	wire	380.42
3318	3439	wire	219.679
3439	3427	wire	139.261
3427	3306	wire	232.794
3306	3415	wire	346.605
3415	3403	wire	139.261
3403	3294	wire	167.712
3294	3391	wire	820.906
3391	3379	wire	139.261
3379	3282	wire	131.069
3561	3368	wire	318.311
3368	3549	wire	247.575
3549	3537	wire	139.261
3537	3356	wire	207.963
3356	3525	wire	421.547
3525	3513	wire	139.261
3513	3344	wire	154.428
3344	3501	wire	1417.93
3501	3489	wire	139.261
3489	3477	wire	139.261
3477	3332	wire	1039.81
3332	3465	wire	160.796
3465	3453	wire	139.261
3453	3320	wire	380.42
3320	3441	wire	219.679
3441	3429	wire	139.261
3429	3308	wire	232.794
3308	3417	wire	346.605
3417	3405	wire	139.261
3405	3296	wire	167.712
3296	3393	wire	820.906
3393	3381	wire	139.261
3381	3284	wire	131.069
3563	3370	wire	318.311
3370	3551	wire	247.575
3551	3539	wire	139.261
3539	3358	wire	207.963
3358	3527	wire	421.547
3527	3515	wire	139.261
3515	3346	wire	154.428
3346	3503	wire	1417.93
3503	3491	wire	139.261
3491	3479	wire	139.261
3479	3334	wire	1039.81
3334	3467	wire	160.796
3467	3455	wire	139.261
3455	3322	wire	380.42
3322	3443	wire	219.679
3443	3431	wire	139.261
3431	3310	wire	232.794
3310	3419	wire	346.605
3419	3407	wire	139.261
3407	3298	wire	167.712
3298	3395	wire	820.906
3395	3383	wire	139.261
3383	3286	wire	131.069
3565	3372	wire	318.311
3372	3553	wire	247.575
3553	3541	wire	139.261
3541	3360	wire	207.963
3360	3529	wire	421.547
3529	3517	wire	139.261
3517	3348	wire	154.428
3348	3505	wire	1417.93
3505	3493	wire	139.261
3493	3481	wire	139.261
3481	3336	wire	1039.81
3336	3469	wire	160.796
3469	3457	wire	139.261
3457	3324	wire	380.42
3324	3445	wire	219.679
3445	3433	wire	139.261
3433	3312	wire	232.794
3312	3421	wire	346.605
3421	3409	wire	139.261
3409	3300	wire	167.712
3300	3397	wire	820.906
3397	3385	wire	139.261
3385	3288	wire	131.069
3567	3374	wire	318.311
3374	3555	wire	247.575
3555	3543	wire	139.261
3543	3362	wire	207.963
3362	3531	wire	421.547
3531	3519	wire	139.261
3519	3350	wire	154.428
3350	3507	wire	1417.93
3507	3495	wire	139.261
3495	3483	wire	139.261
3483	3338	wire	1039.81
3338	3471	wire	160.796
3471	3459	wire	139.261
3459	3326	wire	380.42
3326	3447	wire	219.679
3447	3435	wire	139.261
3435	3314	wire	232.794
3314	3423	wire	346.605
3423	3411	wire	139.261
3411	3302	wire	167.712
3302	3399	wire	820.906
3399	3387	wire	139.261
3387	3290	wire	131.069
3572	3627	wire	278.16
3627	3625	wire	61.8907
3625	3623	wire	61.8907
3623	3570	wire	79.6021
3570	3621	wire	278.16
3621	3619	wire	61.8907
3619	3617	wire	61.8907
3617	3568	wire	79.6021
3578	3639	wire	278.16
3639	3637	wire	61.8907
3637	3635	wire	61.8907
3635	3576	wire	79.6021
3576	3633	wire	278.16
3633	3631	wire	61.8907
3631	3629	wire	61.8907
3629	3574	wire	79.6021
3584	3651	wire	278.16
3651	3649	wire	61.8907
3649	3647	wire	61.8907
3647	3582	wire	79.6021
3582	3645	wire	278.16
3645	3643	wire	61.8907
3643	3641	wire	61.8907
3641	3580	wire	79.6021
3590	3663	wire	278.16
3663	3661	wire	61.8907
3661	3659	wire	61.8907
3659	3588	wire	79.6021
3588	3657	wire	278.16
3657	3655	wire	61.8907
3655	3653	wire	61.8907
3653	3586	wire	79.6021
3596	3675	wire	278.16
3675	3673	wire	61.8907
3673	3671	wire	61.8907
3671	3594	wire	79.6021
3594	3669	wire	278.16
3669	3667	wire	61.8907
3667	3665	wire	61.8907
3665	3592	wire	79.6021
3602	3687	wire	278.16
3687	3685	wire	61.8907
3685	3683	wire	61.8907
3683	3600	wire	79.6021
3600	3681	wire	278.16
3681	3679	wire	61.8907
3679	3677	wire	61.8907
3677	3598	wire	79.6021
3608	3699	wire	278.16
3699	3697	wire	61.8907
3697	3695	wire	61.8907
3695	3606	wire	79.6021
3606	3693	wire	278.16
3693	3691	wire	61.8907
3691	3689	wire	61.8907
3689	3604	wire	79.6021
3614	3711	wire	278.16
3711	3709	wire	61.8907
3709	3707	wire	61.8907
3707	3612	wire	79.6021
3612	3705	wire	278.16
3705	3703	wire	61.8907
3703	3701	wire	61.8907
3701	3610	wire	79.6021
3893	3700	wire	1075.67
3700	3881	wire	159.972
3881	3869	wire	139.261
3869	3688	wire	385.117
3688	3857	wire	218.143
3857	3845	wire	139.261
3845	3676	wire	234.545
3676	3833	wire	342.796
3833	3821	wire	139.261
3821	3664	wire	168.619
3664	3809	wire	799.858
3809	3797	wire	139.261
3797	3785	wire	139.261
3785	3652	wire	2399.57
3652	3773	wire	147.841
3773	3761	wire	139.261
3761	3640	wire	479.915
3640	3749	wire	196.191
3749	3737	wire	139.261
3737	3628	wire	266.619
3628	3725	wire	291.537
3725	3713	wire	139.261
3713	3616	wire	184.583
3895	3702	wire	1075.67
3702	3883	wire	159.972
3883	3871	wire	139.261
3871	3690	wire	385.117
3690	3859	wire	218.143
3859	3847	wire	139.261
3847	3678	wire	234.545
3678	3835	wire	342.796
3835	3823	wire	139.261
3823	3666	wire	168.619
3666	3811	wire	799.858
3811	3799	wire	139.261
3799	3787	wire	139.261
3787	3654	wire	2399.57
3654	3775	wire	147.841
3775	3763	wire	139.261
3763	3642	wire	479.915
3642	3751	wire	196.191
3751	3739	wire	139.261
3739	3630	wire	266.619
3630	3727	wire	291.537
3727	3715	wire	139.261
3715	3618	wire	184.583
3897	3704	wire	1075.67
3704	3885	wire	159.972
3885	3873	wire	139.261
3873	3692	wire	385.117
3692	3861	wire	218.143
3861	3849	wire	139.261
3849	3680	wire	234.545
3680	3837	wire	342.796
3837	3825	wire	139.261
3825	3668	wire	168.619
3668	3813	wire	799.858
3813	3801	wire	139.261
3801	3789	wire	139.261
3789	3656	wire	2399.57
3656	3777	wire	147.841
3777	3765	wire	139.261
3765	3644	wire	479.915
3644	3753	wire	196.191
3753	3741	wire	139.261
3741	3632	wire	266.619
3632	3729	wire	291.537
3729	3717	wire	139.261
3717	3620	wire	184.583
3899	3706	wire	1075.67
3706	3887	wire	159.972
3887	3875	wire	139.261
3875	3694	wire	385.117
3694	3863	wire	218.143
3863	3851	wire	139.261
3851	3682	wire	234.545
3682	3839	wire	342.796
3839	3827	wire	139.261
3827	3670	wire	168.619
3670	3815	wire	799.858
3815	3803	wire	139.261
3803	3791	wire	139.261
3791	3658	wire	2399.57
3658	3779	wire	147.841
3779	3767	wire	139.261
3767	3646	wire	479.915
3646	3755	wire	196.191
3755	3743	wire	139.261
3743	3634	wire	266.619
3634	3731	wire	291.537
3731	3719	wire	139.261
3719	3622	wire	184.583
3901	3708	wire	1075.67
3708	3889	wire	159.972
3889	3877	wire	139.261
3877	3696	wire	385.117
3696	3865	wire	218.143
3865	3853	wire	139.261
3853	3684	wire	234.545
3684	3841	wire	342.796
3841	3829	wire	139.261
3829	3672	wire	168.619
3672	3817	wire	799.858
3817	3805	wire	139.261
3805	3793	wire	139.261
3793	3660	wire	2399.57
3660	3781	wire	147.841
3781	3769	wire	139.261
3769	3648	wire	479.915
3648	3757	wire	196.191
3757	3745	wire	139.261
3745	3636	wire	266.619
3636	3733	wire	291.537
3733	3721	wire	139.261
3721	3624	wire	184.583
3903	3710	wire	1075.67
3710	3891	wire	159.972
3891	3879	wire	139.261
3879	3698	wire	385.117
3698	3867	wire	218.143
3867	3855	wire	139.261
3855	3686	wire	234.545
3686	3843	wire	342.796
3843	3831	wire	139.261
3831	3674	wire	168.619
3674	3819	wire	799.858
3819	3807	wire	139.261
3807	3795	wire	139.261
3795	3662	wire	2399.57
3662	3783	wire	147.841
3783	3771	wire	139.261
3771	3650	wire	479.915
3650	3759	wire	196.191
3759	3747	wire	139.261
3747	3638	wire	266.619
3638	3735	wire	291.537
3735	3723	wire	139.261
3723	3626	wire	184.583
3947	3945	wire	61.8907
3945	3943	wire	61.8907
3943	3906	wire	281.962
3906	3941	wire	79.2962
3941	3939	wire	61.8907
3939	3937	wire	61.8907
3937	3904	wire	281.962
3959	3957	wire	61.8907
3957	3955	wire	61.8907
3955	3910	wire	281.962
3910	3953	wire	79.2962
3953	3951	wire	61.8907
3951	3949	wire	61.8907
3949	3908	wire	281.962
3971	3969	wire	61.8907
3969	3967	wire	61.8907
3967	3914	wire	281.962
3914	3965	wire	79.2962
3965	3963	wire	61.8907
3963	3961	wire	61.8907
3961	3912	wire	281.962
3983	3981	wire	61.8907
3981	3979	wire	61.8907
3979	3918	wire	281.962
3918	3977	wire	79.2962
3977	3975	wire	61.8907
3975	3973	wire	61.8907
3973	3916	wire	281.962
3995	3993	wire	61.8907
3993	3991	wire	61.8907
3991	3922	wire	281.962
3922	3989	wire	79.2962
3989	3987	wire	61.8907
3987	3985	wire	61.8907
3985	3920	wire	281.962
4007	4005	wire	61.8907
4005	4003	wire	61.8907
4003	3926	wire	281.962
3926	4001	wire	79.2962
4001	3999	wire	61.8907
3999	3997	wire	61.8907
3997	3924	wire	281.962
4019	4017	wire	61.8907
4017	4015	wire	61.8907
4015	3930	wire	281.962
3930	4013	wire	79.2962
4013	4011	wire	61.8907
4011	4009	wire	61.8907
4009	3928	wire	281.962
4031	4029	wire	61.8907
4029	4027	wire	61.8907
4027	3934	wire	281.962
3934	4025	wire	79.2962
4025	4023	wire	61.8907
4023	4021	wire	61.8907
4021	3932	wire	281.962
4213	4020	wire	1075.67
4020	4201	wire	159.972
4201	4189	wire	139.261
4189	4008	wire	385.117
4008	4177	wire	218.143
4177	4165	wire	139.261
4165	3996	wire	234.545
3996	4153	wire	342.796
4153	4141	wire	139.261
4141	3984	wire	168.619
3984	4129	wire	799.858
4129	4117	wire	139.261
4117	4105	wire	139.261
4105	3972	wire	2399.57
3972	4093	wire	147.841
4093	4081	wire	139.261
4081	3960	wire	479.915
3960	4069	wire	196.191
4069	4057	wire	139.261
4057	3948	wire	266.619
3948	4045	wire	291.537
4045	4033	wire	139.261
4033	3936	wire	184.583
4215	4022	wire	1075.67
4022	4203	wire	159.972
4203	4191	wire	139.261
4191	4010	wire	385.117
4010	4179	wire	218.143
4179	4167	wire	139.261
4167	3998	wire	234.545
3998	4155	wire	342.796
4155	4143	wire	139.261
4143	3986	wire	168.619
3986	4131	wire	799.858
4131	4119	wire	139.261
4119	4107	wire	139.261
4107	3974	wire	2399.57
3974	4095	wire	147.841
4095	4083	wire	139.261
4083	3962	wire	479.915
3962	4071	wire	196.191
4071	4059	wire	139.261
4059	3950	wire	266.619
3950	4047	wire	291.537
4047	4035	wire	139.261
4035	3938	wire	184.583
4217	4024	wire	1075.67
4024	4205	wire	159.972
4205	4193	wire	139.261
4193	4012	wire	385.117
4012	4181	wire	218.143
4181	4169	wire	139.261
4169	4000	wire	234.545
4000	4157	wire	342.796
4157	4145	wire	139.261
4145	3988	wire	168.619
3988	4133	wire	799.858
4133	4121	wire	139.261
4121	4109	wire	139.261
4109	3976	wire	2399.57
3976	4097	wire	147.841
4097	4085	wire	139.261
4085	3964	wire	479.915
3964	4073	wire	196.191
4073	4061	wire	139.261
4061	3952	wire	266.619
3952	4049	wire	291.537
4049	4037	wire	139.261
4037	3940	wire	184.583
4219	4026	wire	1075.67
4026	4207	wire	159.972
4207	4195	wire	139.261
4195	4014	wire	385.117
4014	4183	wire	218.143
4183	4171	wire	139.261
4171	4002	wire	234.545
4002	4159	wire	342.796
4159	4147	wire	139.261
4147	3990	wire	168.619
3990	4135	wire	799.858
4135	4123	wire	139.261
4123	4111	wire	139.261
4111	3978	wire	2399.57
3978	4099	wire	147.841
4099	4087	wire	139.261
4087	3966	wire	479.915
3966	4075	wire	196.191
4075	4063	wire	139.261
4063	3954	wire	266.619
3954	4051	wire	291.537
4051	4039	wire	139.261
4039	3942	wire	184.583
4221	4028	wire	1075.67
4028	4209	wire	159.972
4209	4197	wire	139.261
4197	4016	wire	385.117
4016	4185	wire	218.143
4185	4173	wire	139.261
4173	4004	wire	234.545
4004	4161	wire	342.796
4161	4149	wire	139.261
4149	3992	wire	168.619
3992	4137	wire	799.858
4137	4125	wire	139.261
4125	4113	wire	139.261
4113	3980	wire	2399.57
3980	4101	wire	147.841
4101	4089	wire	139.261
4089	3968	wire	479.915
3968	4077	wire	196.191
4077	4065	wire	139.261
4065	3956	wire	266.619
3956	4053	wire	291.537
4053	4041	wire	139.261
4041	3944	wire	184.583
4223	4030	wire	1075.67
4030	4211	wire	159.972
4211	4199	wire	139.261
4199	4018	wire	385.117
4018	4187	wire	218.143
4187	4175	wire	139.261
4175	4006	wire	234.545
4006	4163	wire	342.796
4163	4151	wire	139.261
4151	3994	wire	168.619
3994	4139	wire	799.858
4139	4127	wire	139.261
4127	4115	wire	139.261
4115	3982	wire	2399.57
3982	4103	wire	147.841
4103	4091	wire	139.261
4091	3970	wire	479.915
3970	4079	wire	196.191
4079	4067	wire	139.261
4067	3958	wire	266.619
3958	4055	wire	291.537
4055	4043	wire	139.261
4043	3946	wire	184.583
4267	4226	wire	113.249
4226	4265	wire	136.473
4265	4263	wire	61.8907
4263	4261	wire	61.8907
4261	4224	wire	113.249
4224	4259	wire	136.473
4259	4257	wire	61.8907
4279	4230	wire	113.249
4230	4277	wire	136.473
4277	4275	wire	61.8907
4275	4273	wire	61.8907
4273	4228	wire	113.249
4228	4271	wire	136.473
4271	4269	wire	61.8907
4291	4234	wire	113.249
4234	4289	wire	136.473
4289	4287	wire	61.8907
4287	4285	wire	61.8907
4285	4232	wire	113.249
4232	4283	wire	136.473
4283	4281	wire	61.8907
4303	4238	wire	113.249
4238	4301	wire	136.473
4301	4299	wire	61.8907
4299	4297	wire	61.8907
4297	4236	wire	113.249
4236	4295	wire	136.473
4295	4293	wire	61.8907
4315	4242	wire	113.249
4242	4313	wire	136.473
4313	4311	wire	61.8907
4311	4309	wire	61.8907
4309	4240	wire	113.249
4240	4307	wire	136.473
4307	4305	wire	61.8907
4327	4246	wire	113.249
4246	4325	wire	136.473
4325	4323	wire	61.8907
4323	4321	wire	61.8907
4321	4244	wire	113.249
4244	4319	wire	136.473
4319	4317	wire	61.8907
4339	4250	wire	113.249
4250	4337	wire	136.473
4337	4335	wire	61.8907
4335	4333	wire	61.8907
4333	4248	wire	113.249
4248	4331	wire	136.473
4331	4329	wire	61.8907
4351	4254	wire	113.249
4254	4349	wire	136.473
4349	4347	wire	61.8907
4347	4345	wire	61.8907
4345	4252	wire	113.249
4252	4343	wire	136.473
4343	4341	wire	61.8907
4533	4340	wire	318.311
4340	4521	wire	247.575
4521	4509	wire	139.261
4509	4328	wire	207.963
4328	4497	wire	421.547
4497	4485	wire	139.261
4485	4316	wire	154.428
4316	4473	wire	1417.93
4473	4461	wire	139.261
4461	4449	wire	139.261
4449	4304	wire	1039.81
4304	4437	wire	160.796
4437	4425	wire	139.261
4425	4292	wire	380.42
4292	4413	wire	219.679
4413	4401	wire	139.261
4401	4280	wire	232.794
4280	4389	wire	346.605
4389	4377	wire	139.261
4377	4268	wire	167.712
4268	4365	wire	820.906
4365	4353	wire	139.261
4353	4256	wire	131.069
4535	4342	wire	318.311
4342	4523	wire	247.575
4523	4511	wire	139.261
4511	4330	wire	207.963
4330	4499	wire	421.547
4499	4487	wire	139.261
4487	4318	wire	154.428
4318	4475	wire	1417.93
4475	4463	wire	139.261
4463	4451	wire	139.261
4451	4306	wire	1039.81
4306	4439	wire	160.796
4439	4427	wire	139.261
4427	4294	wire	380.42
4294	4415	wire	219.679
4415	4403	wire	139.261
4403	4282	wire	232.794
4282	4391	wire	346.605
4391	4379	wire	139.261
4379	4270	wire	167.712
4270	4367	wire	820.906
4367	4355	wire	139.261
4355	4258	wire	131.069
4537	4344	wire	318.311
4344	4525	wire	247.575
4525	4513	wire	139.261
4513	4332	wire	207.963
4332	4501	wire	421.547
4501	4489	wire	139.261
4489	4320	wire	154.428
4320	4477	wire	1417.93
4477	4465	wire	139.261
4465	4453	wire	139.261
4453	4308	wire	1039.81
4308	4441	wire	160.796
4441	4429	wire	139.261
4429	4296	wire	380.42
4296	4417	wire	219.679
4417	4405	wire	139.261
4405	4284	wire	232.794
4284	4393	wire	346.605
4393	4381	wire	139.261
4381	4272	wire	167.712
4272	4369	wire	820.906
4369	4357	wire	139.261
4357	4260	wire	131.069
4539	4346	wire	318.311
4346	4527	wire	247.575
4527	4515	wire	139.261
4515	4334	wire	207.963
4334	4503	wire	421.547
4503	4491	wire	139.261
4491	4322	wire	154.428
4322	4479	wire	1417.93
4479	4467	wire	139.261
4467	4455	wire	139.261
4455	4310	wire	1039.81
4310	4443	wire	160.796
4443	4431	wire	139.261
4431	4298	wire	380.42
4298	4419	wire	219.679
4419	4407	wire	139.261
4407	4286	wire	232.794
4286	4395	wire	346.605
4395	4383	wire	139.261
4383	4274	wire	167.712
4274	4371	wire	820.906
4371	4359	wire	139.261
4359	4262	wire	131.069
4541	4348	wire	318.311
4348	4529	wire	247.575
4529	4517	wire	139.261
4517	4336	wire	207.963
4336	4505	wire	421.547
4505	4493	wire	139.261
4493	4324	wire	154.428
4324	4481	wire	1417.93
4481	4469	wire	139.261
4469	4457	wire	139.261
4457	4312	wire	1039.81
4312	4445	wire	160.796
4445	4433	wire	139.261
4433	4300	wire	380.42
4300	4421	wire	219.679
4421	4409	wire	139.261
4409	4288	wire	232.794
4288	4397	wire	346.605
4397	4385	wire	139.261
4385	4276	wire	167.712
4276	4373	wire	820.906
4373	4361	wire	139.261
4361	4264	wire	131.069
4543	4350	wire	318.311
4350	4531	wire	247.575
4531	4519	wire	139.261
4519	4338	wire	207.963
4338	4507	wire	421.547
4507	4495	wire	139.261
4495	4326	wire	154.428
4326	4483	wire	1417.93
4483	4471	wire	139.261
4471	4459	wire	139.261
4459	4314	wire	1039.81
4314	4447	wire	160.796
4447	4435	wire	139.261
4435	4302	wire	380.42
4302	4423	wire	219.679
4423	4411	wire	139.261
4411	4290	wire	232.794
4290	4399	wire	346.605
4399	4387	wire	139.261
4387	4278	wire	167.712
4278	4375	wire	820.906
4375	4363	wire	139.261
4363	4266	wire	131.069
4546	4587	wire	5381.8
4587	4585	wire	61.8907
4585	4583	wire	61.8907
4583	4544	wire	62.6107
4544	4581	wire	5381.8
4581	4579	wire	61.8907
4579	4577	wire	61.8907
4550	4599	wire	5381.8
4599	4597	wire	61.8907
4597	4595	wire	61.8907
4595	4548	wire	62.6107
4548	4593	wire	5381.8
4593	4591	wire	61.8907
4591	4589	wire	61.8907
4554	4611	wire	5381.8
4611	4609	wire	61.8907
4609	4607	wire	61.8907
4607	4552	wire	62.6107
4552	4605	wire	5381.8
4605	4603	wire	61.8907
4603	4601	wire	61.8907
4558	4623	wire	5381.8
4623	4621	wire	61.8907
4621	4619	wire	61.8907
4619	4556	wire	62.6107
4556	4617	wire	5381.8
4617	4615	wire	61.8907
4615	4613	wire	61.8907
4562	4635	wire	5381.8
4635	4633	wire	61.8907
4633	4631	wire	61.8907
4631	4560	wire	62.6107
4560	4629	wire	5381.8
4629	4627	wire	61.8907
4627	4625	wire	61.8907
4566	4647	wire	5381.8
4647	4645	wire	61.8907
4645	4643	wire	61.8907
4643	4564	wire	62.6107
4564	4641	wire	5381.8
4641	4639	wire	61.8907
4639	4637	wire	61.8907
4570	4659	wire	5381.8
4659	4657	wire	61.8907
4657	4655	wire	61.8907
4655	4568	wire	62.6107
4568	4653	wire	5381.8
4653	4651	wire	61.8907
4651	4649	wire	61.8907
4574	4671	wire	5381.8
4671	4669	wire	61.8907
4669	4667	wire	61.8907
4667	4572	wire	62.6107
4572	4665	wire	5381.8
4665	4663	wire	61.8907
4663	4661	wire	61.8907
4853	4660	wire	318.311
4660	4841	wire	247.575
4841	4829	wire	139.261
4829	4648	wire	207.963
4648	4817	wire	421.547
4817	4805	wire	139.261
4805	4636	wire	154.428
4636	4793	wire	1417.93
4793	4781	wire	139.261
4781	4769	wire	139.261
4769	4624	wire	1039.81
4624	4757	wire	160.796
4757	4745	wire	139.261
4745	4612	wire	380.42
4612	4733	wire	219.679
4733	4721	wire	139.261
4721	4600	wire	232.794
4600	4709	wire	346.605
4709	4697	wire	139.261
4697	4588	wire	167.712
4588	4685	wire	820.906
4685	4673	wire	139.261
4673	4576	wire	131.069
4855	4662	wire	318.311
4662	4843	wire	247.575
4843	4831	wire	139.261
4831	4650	wire	207.963
4650	4819	wire	421.547
4819	4807	wire	139.261
4807	4638	wire	154.428
4638	4795	wire	1417.93
4795	4783	wire	139.261
4783	4771	wire	139.261
4771	4626	wire	1039.81
4626	4759	wire	160.796
4759	4747	wire	139.261
4747	4614	wire	380.42
4614	4735	wire	219.679
4735	4723	wire	139.261
4723	4602	wire	232.794
4602	4711	wire	346.605
4711	4699	wire	139.261
4699	4590	wire	167.712
4590	4687	wire	820.906
4687	4675	wire	139.261
4675	4578	wire	131.069
4857	4664	wire	318.311
4664	4845	wire	247.575
4845	4833	wire	139.261
4833	4652	wire	207.963
4652	4821	wire	421.547
4821	4809	wire	139.261
4809	4640	wire	154.428
4640	4797	wire	1417.93
4797	4785	wire	139.261
4785	4773	wire	139.261
4773	4628	wire	1039.81
4628	4761	wire	160.796
4761	4749	wire	139.261
4749	4616	wire	380.42
4616	4737	wire	219.679
4737	4725	wire	139.261
4725	4604	wire	232.794
4604	4713	wire	346.605
4713	4701	wire	139.261
4701	4592	wire	167.712
4592	4689	wire	820.906
4689	4677	wire	139.261
4677	4580	wire	131.069
4859	4666	wire	318.311
4666	4847	wire	247.575
4847	4835	wire	139.261
4835	4654	wire	207.963
4654	4823	wire	421.547
4823	4811	wire	139.261
4811	4642	wire	154.428
4642	4799	wire	1417.93
4799	4787	wire	139.261
4787	4775	wire	139.261
4775	4630	wire	1039.81
4630	4763	wire	160.796
4763	4751	wire	139.261
4751	4618	wire	380.42
4618	4739	wire	219.679
4739	4727	wire	139.261
4727	4606	wire	232.794
4606	4715	wire	346.605
4715	4703	wire	139.261
4703	4594	wire	167.712
4594	4691	wire	820.906
4691	4679	wire	139.261
4679	4582	wire	131.069
4861	4668	wire	318.311
4668	4849	wire	247.575
4849	4837	wire	139.261
4837	4656	wire	207.963
4656	4825	wire	421.547
4825	4813	wire	139.261
4813	4644	wire	154.428
4644	4801	wire	1417.93
4801	4789	wire	139.261
4789	4777	wire	139.261
4777	4632	wire	1039.81
4632	4765	wire	160.796
4765	4753	wire	139.261
4753	4620	wire	380.42
4620	4741	wire	219.679
4741	4729	wire	139.261
4729	4608	wire	232.794
4608	4717	wire	346.605
4717	4705	wire	139.261
4705	4596	wire	167.712
4596	4693	wire	820.906
4693	4681	wire	139.261
4681	4584	wire	131.069
4863	4670	wire	318.311
4670	4851	wire	247.575
4851	4839	wire	139.261
4839	4658	wire	207.963
4658	4827	wire	421.547
4827	4815	wire	139.261
4815	4646	wire	154.428
4646	4803	wire	1417.93
4803	4791	wire	139.261
4791	4779	wire	139.261
4779	4634	wire	1039.81
4634	4767	wire	160.796
4767	4755	wire	139.261
4755	4622	wire	380.42
4622	4743	wire	219.679
4743	4731	wire	139.261
4731	4610	wire	232.794
4610	4719	wire	346.605
4719	4707	wire	139.261
4707	4598	wire	167.712
4598	4695	wire	820.906
4695	4683	wire	139.261
4683	4586	wire	131.069
4907	4866	wire	198.686
4866	4905	wire	89.892
4905	4903	wire	61.8907
4903	4901	wire	61.8907
4901	4864	wire	198.686
4864	4899	wire	89.892
4899	4897	wire	61.8907
4919	4870	wire	198.686
4870	4917	wire	89.892
4917	4915	wire	61.8907
4915	4913	wire	61.8907
4913	4868	wire	198.686
4868	4911	wire	89.892
4911	4909	wire	61.8907
4931	4874	wire	198.686
4874	4929	wire	89.892
4929	4927	wire	61.8907
4927	4925	wire	61.8907
4925	4872	wire	198.686
4872	4923	wire	89.892
4923	4921	wire	61.8907
4943	4878	wire	198.686
4878	4941	wire	89.892
4941	4939	wire	61.8907
4939	4937	wire	61.8907
4937	4876	wire	198.686
4876	4935	wire	89.892
4935	4933	wire	61.8907
4955	4882	wire	198.686
4882	4953	wire	89.892
4953	4951	wire	61.8907
4951	4949	wire	61.8907
4949	4880	wire	198.686
4880	4947	wire	89.892
4947	4945	wire	61.8907
4967	4886	wire	198.686
4886	4965	wire	89.892
4965	4963	wire	61.8907
4963	4961	wire	61.8907
4961	4884	wire	198.686
4884	4959	wire	89.892
4959	4957	wire	61.8907
4979	4890	wire	198.686
4890	4977	wire	89.892
4977	4975	wire	61.8907
4975	4973	wire	61.8907
4973	4888	wire	198.686
4888	4971	wire	89.892
4971	4969	wire	61.8907
4991	4894	wire	198.686
4894	4989	wire	89.892
4989	4987	wire	61.8907
4987	4985	wire	61.8907
4985	4892	wire	198.686
4892	4983	wire	89.892
4983	4981	wire	61.8907
5173	4980	wire	318.311
4980	5161	wire	247.575
5161	5149	wire	139.261
5149	4968	wire	207.963
4968	5137	wire	421.547
5137	5125	wire	139.261
5125	4956	wire	154.428
4956	5113	wire	1417.93
5113	5101	wire	139.261
5101	5089	wire	139.261
5089	4944	wire	1039.81
4944	5077	wire	160.796
5077	5065	wire	139.261
5065	4932	wire	380.42
4932	5053	wire	219.679
5053	5041	wire	139.261
5041	4920	wire	232.794
4920	5029	wire	346.605
5029	5017	wire	139.261
5017	4908	wire	167.712
4908	5005	wire	820.906
5005	4993	wire	139.261
4993	4896	wire	131.069
5175	4982	wire	318.311
4982	5163	wire	247.575
5163	5151	wire	139.261
5151	4970	wire	207.963
4970	5139	wire	421.547
5139	5127	wire	139.261
5127	4958	wire	154.428
4958	5115	wire	1417.93
5115	5103	wire	139.261
5103	5091	wire	139.261
5091	4946	wire	1039.81
4946	5079	wire	160.796
5079	5067	wire	139.261
5067	4934	wire	380.42
4934	5055	wire	219.679
5055	5043	wire	139.261
5043	4922	wire	232.794
4922	5031	wire	346.605
5031	5019	wire	139.261
5019	4910	wire	167.712
4910	5007	wire	820.906
5007	4995	wire	139.261
4995	4898	wire	131.069
5177	4984	wire	318.311
4984	5165	wire	247.575
5165	5153	wire	139.261
5153	4972	wire	207.963
4972	5141	wire	421.547
5141	5129	wire	139.261
5129	4960	wire	154.428
4960	5117	wire	1417.93
5117	5105	wire	139.261
5105	5093	wire	139.261
5093	4948	wire	1039.81
4948	5081	wire	160.796
5081	5069	wire	139.261
5069	4936	wire	380.42
4936	5057	wire	219.679
5057	5045	wire	139.261
5045	4924	wire	232.794
4924	5033	wire	346.605
5033	5021	wire	139.261
5021	4912	wire	167.712
4912	5009	wire	820.906
5009	4997	wire	139.261
4997	4900	wire	131.069
5179	4986	wire	318.311
4986	5167	wire	247.575
5167	5155	wire	139.261
5155	4974	wire	207.963
4974	5143	wire	421.547
5143	5131	wire	139.261
5131	4962	wire	154.428
4962	5119	wire	1417.93
5119	5107	wire	139.261
5107	5095	wire	139.261
5095	4950	wire	1039.81
4950	5083	wire	160.796
5083	5071	wire	139.261
5071	4938	wire	380.42
4938	5059	wire	219.679
5059	5047	wire	139.261
5047	4926	wire	232.794
4926	5035	wire	346.605
5035	5023	wire	139.261
5023	4914	wire	167.712
4914	5011	wire	820.906
5011	4999	wire	139.261
4999	4902	wire	131.069
5181	4988	wire	318.311
4988	5169	wire	247.575
5169	5157	wire	139.261
5157	4976	wire	207.963
4976	5145	wire	421.547
5145	5133	wire	139.261
5133	4964	wire	154.428
4964	5121	wire	1417.93
5121	5109	wire	139.261
5109	5097	wire	139.261
5097	4952	wire	1039.81
4952	5085	wire	160.796
5085	5073	wire	139.261
5073	4940	wire	380.42
4940	5061	wire	219.679
5061	5049	wire	139.261
5049	4928	wire	232.794
4928	5037	wire	346.605
5037	5025	wire	139.261
5025	4916	wire	167.712
4916	5013	wire	820.906
5013	5001	wire	139.261
5001	4904	wire	131.069
5183	4990	wire	318.311
4990	5171	wire	247.575
5171	5159	wire	139.261
5159	4978	wire	207.963
4978	5147	wire	421.547
5147	5135	wire	139.261
5135	4966	wire	154.428
4966	5123	wire	1417.93
5123	5111	wire	139.261
5111	5099	wire	139.261
5099	4954	wire	1039.81
4954	5087	wire	160.796
5087	5075	wire	139.261
5075	4942	wire	380.42
4942	5063	wire	219.679
5063	5051	wire	139.261
5051	4930	wire	232.794
4930	5039	wire	346.605
5039	5027	wire	139.261
5027	4918	wire	167.712
4918	5015	wire	820.906
5015	5003	wire	139.261
5003	4906	wire	131.069
5186	5227	wire	5381.8
5227	5225	wire	61.8907
5225	5223	wire	61.8907
5223	5184	wire	62.6107
5184	5221	wire	5381.8
5221	5219	wire	61.8907
5219	5217	wire	61.8907
5190	5239	wire	5381.8
5239	5237	wire	61.8907
5237	5235	wire	61.8907
5235	5188	wire	62.6107
5188	5233	wire	5381.8
5233	5231	wire	61.8907
5231	5229	wire	61.8907
5194	5251	wire	5381.8
5251	5249	wire	61.8907
5249	5247	wire	61.8907
5247	5192	wire	62.6107
5192	5245	wire	5381.8
5245	5243	wire	61.8907
5243	5241	wire	61.8907
5198	5263	wire	5381.8
5263	5261	wire	61.8907
5261	5259	wire	61.8907
5259	5196	wire	62.6107
5196	5257	wire	5381.8
5257	5255	wire	61.8907
5255	5253	wire	61.8907
5202	5275	wire	5381.8
5275	5273	wire	61.8907
5273	5271	wire	61.8907
5271	5200	wire	62.6107
5200	5269	wire	5381.8
5269	5267	wire	61.8907
5267	5265	wire	61.8907
5206	5287	wire	5381.8
5287	5285	wire	61.8907
5285	5283	wire	61.8907
5283	5204	wire	62.6107
5204	5281	wire	5381.8
5281	5279	wire	61.8907
5279	5277	wire	61.8907
5210	5299	wire	5381.8
5299	5297	wire	61.8907
5297	5295	wire	61.8907
5295	5208	wire	62.6107
5208	5293	wire	5381.8
5293	5291	wire	61.8907
5291	5289	wire	61.8907
5214	5311	wire	5381.8
5311	5309	wire	61.8907
5309	5307	wire	61.8907
5307	5212	wire	62.6107
5212	5305	wire	5381.8
5305	5303	wire	61.8907
5303	5301	wire	61.8907
5493	5300	wire	318.311
5300	5481	wire	247.575
5481	5469	wire	139.261
5469	5288	wire	207.963
5288	5457	wire	421.547
5457	5445	wire	139.261
5445	5276	wire	154.428
5276	5433	wire	1417.93
5433	5421	wire	139.261
5421	5409	wire	139.261
5409	5264	wire	1039.81
5264	5397	wire	160.796
5397	5385	wire	139.261
5385	5252	wire	380.42
5252	5373	wire	219.679
5373	5361	wire	139.261
5361	5240	wire	232.794
5240	5349	wire	346.605
5349	5337	wire	139.261
5337	5228	wire	167.712
5228	5325	wire	820.906
5325	5313	wire	139.261
5313	5216	wire	131.069
5495	5302	wire	318.311
5302	5483	wire	247.575
5483	5471	wire	139.261
5471	5290	wire	207.963
5290	5459	wire	421.547
5459	5447	wire	139.261
5447	5278	wire	154.428
5278	5435	wire	1417.93
5435	5423	wire	139.261
5423	5411	wire	139.261
5411	5266	wire	1039.81
5266	5399	wire	160.796
5399	5387	wire	139.261
5387	5254	wire	380.42
5254	5375	wire	219.679
5375	5363	wire	139.261
5363	5242	wire	232.794
5242	5351	wire	346.605
5351	5339	wire	139.261
5339	5230	wire	167.712
5230	5327	wire	820.906
5327	5315	wire	139.261
5315	5218	wire	131.069
5497	5304	wire	318.311
5304	5485	wire	247.575
5485	5473	wire	139.261
5473	5292	wire	207.963
5292	5461	wire	421.547
5461	5449	wire	139.261
5449	5280	wire	154.428
5280	5437	wire	1417.93
5437	5425	wire	139.261
5425	5413	wire	139.261
5413	5268	wire	1039.81
5268	5401	wire	160.796
5401	5389	wire	139.261
5389	5256	wire	380.42
5256	5377	wire	219.679
5377	5365	wire	139.261
5365	5244	wire	232.794
5244	5353	wire	346.605
5353	5341	wire	139.261
5341	5232	wire	167.712
5232	5329	wire	820.906
5329	5317	wire	139.261
5317	5220	wire	131.069
5499	5306	wire	318.311
5306	5487	wire	247.575
5487	5475	wire	139.261
5475	5294	wire	207.963
5294	5463	wire	421.547
5463	5451	wire	139.261
5451	5282	wire	154.428
5282	5439	wire	1417.93
5439	5427	wire	139.261
5427	5415	wire	139.261
5415	5270	wire	1039.81
5270	5403	wire	160.796
5403	5391	wire	139.261
5391	5258	wire	380.42
5258	5379	wire	219.679
5379	5367	wire	139.261
5367	5246	wire	232.794
5246	5355	wire	346.605
5355	5343	wire	139.261
5343	5234	wire	167.712
5234	5331	wire	820.906
5331	5319	wire	139.261
5319	5222	wire	131.069
5501	5308	wire	318.311
5308	5489	wire	247.575
5489	5477	wire	139.261
5477	5296	wire	207.963
5296	5465	wire	421.547
5465	5453	wire	139.261
5453	5284	wire	154.428
5284	5441	wire	1417.93
5441	5429	wire	139.261
5429	5417	wire	139.261
5417	5272	wire	1039.81
5272	5405	wire	160.796
5405	5393	wire	139.261
5393	5260	wire	380.42
5260	5381	wire	219.679
5381	5369	wire	139.261
5369	5248	wire	232.794
5248	5357	wire	346.605
5357	5345	wire	139.261
5345	5236	wire	167.712
5236	5333	wire	820.906
5333	5321	wire	139.261
5321	5224	wire	131.069
5503	5310	wire	318.311
5310	5491	wire	247.575
5491	5479	wire	139.261
5479	5298	wire	207.963
5298	5467	wire	421.547
5467	5455	wire	139.261
5455	5286	wire	154.428
5286	5443	wire	1417.93
5443	5431	wire	139.261
5431	5419	wire	139.261
5419	5274	wire	1039.81
5274	5407	wire	160.796
5407	5395	wire	139.261
5395	5262	wire	380.42
5262	5383	wire	219.679
5383	5371	wire	139.261
5371	5250	wire	232.794
5250	5359	wire	346.605
5359	5347	wire	139.261
5347	5238	wire	167.712
5238	5335	wire	820.906
5335	5323	wire	139.261
5323	5226	wire	131.069
5547	5545	wire	61.8907
5545	5506	wire	522.284
5506	5543	wire	70.2106
5543	5541	wire	61.8907
5541	5539	wire	61.8907
5539	5504	wire	522.284
5504	5537	wire	70.2106
5559	5557	wire	61.8907
5557	5510	wire	522.284
5510	5555	wire	70.2106
5555	5553	wire	61.8907
5553	5551	wire	61.8907
5551	5508	wire	522.284
5508	5549	wire	70.2106
5571	5569	wire	61.8907
5569	5514	wire	522.284
5514	5567	wire	70.2106
5567	5565	wire	61.8907
5565	5563	wire	61.8907
5563	5512	wire	522.284
5512	5561	wire	70.2106
5583	5581	wire	61.8907
5581	5518	wire	522.284
5518	5579	wire	70.2106
5579	5577	wire	61.8907
5577	5575	wire	61.8907
5575	5516	wire	522.284
5516	5573	wire	70.2106
5595	5593	wire	61.8907
5593	5522	wire	522.284
5522	5591	wire	70.2106
5591	5589	wire	61.8907
5589	5587	wire	61.8907
5587	5520	wire	522.284
5520	5585	wire	70.2106
5607	5605	wire	61.8907
5605	5526	wire	522.284
5526	5603	wire	70.2106
5603	5601	wire	61.8907
5601	5599	wire	61.8907
5599	5524	wire	522.284
5524	5597	wire	70.2106
5619	5617	wire	61.8907
5617	5530	wire	522.284
5530	5615	wire	70.2106
5615	5613	wire	61.8907
5613	5611	wire	61.8907
5611	5528	wire	522.284
5528	5609	wire	70.2106
5631	5629	wire	61.8907
5629	5534	wire	522.284
5534	5627	wire	70.2106
5627	5625	wire	61.8907
5625	5623	wire	61.8907
5623	5532	wire	522.284
5532	5621	wire	70.2106
5813	5620	wire	318.311
5620	5801	wire	247.575
5801	5789	wire	139.261
5789	5608	wire	207.963
5608	5777	wire	421.547
5777	5765	wire	139.261
5765	5596	wire	154.428
5596	5753	wire	1417.93
5753	5741	wire	139.261
5741	5729	wire	139.261
5729	5584	wire	1039.81
5584	5717	wire	160.796
5717	5705	wire	139.261
5705	5572	wire	380.42
5572	5693	wire	219.679
5693	5681	wire	139.261
5681	5560	wire	232.794
5560	5669	wire	346.605
5669	5657	wire	139.261
5657	5548	wire	167.712
5548	5645	wire	820.906
5645	5633	wire	139.261
5633	5536	wire	131.069
5815	5622	wire	318.311
5622	5803	wire	247.575
5803	5791	wire	139.261
5791	5610	wire	207.963
5610	5779	wire	421.547
5779	5767	wire	139.261
5767	5598	wire	154.428
5598	5755	wire	1417.93
5755	5743	wire	139.261
5743	5731	wire	139.261
5731	5586	wire	1039.81
5586	5719	wire	160.796
5719	5707	wire	139.261
5707	5574	wire	380.42
5574	5695	wire	219.679
5695	5683	wire	139.261
5683	5562	wire	232.794
5562	5671	wire	346.605
5671	5659	wire	139.261
5659	5550	wire	167.712
5550	5647	wire	820.906
5647	5635	wire	139.261
5635	5538	wire	131.069
5817	5624	wire	318.311
5624	5805	wire	247.575
5805	5793	wire	139.261
5793	5612	wire	207.963
5612	5781	wire	421.547
5781	5769	wire	139.261
5769	5600	wire	154.428
5600	5757	wire	1417.93
5757	5745	wire	139.261
5745	5733	wire	139.261
5733	5588	wire	1039.81
5588	5721	wire	160.796
5721	5709	wire	139.261
5709	5576	wire	380.42
5576	5697	wire	219.679
5697	5685	wire	139.261
5685	5564	wire	232.794
5564	5673	wire	346.605
5673	5661	wire	139.261
5661	5552	wire	167.712
5552	5649	wire	820.906
5649	5637	wire	139.261
5637	5540	wire	131.069
5819	5626	wire	318.311
5626	5807	wire	247.575
5807	5795	wire	139.261
5795	5614	wire	207.963
5614	5783	wire	421.547
5783	5771	wire	139.261
5771	5602	wire	154.428
5602	5759	wire	1417.93
5759	5747	wire	139.261
5747	5735	wire	139.261
5735	5590	wire	1039.81
5590	5723	wire	160.796
5723	5711	wire	139.261
5711	5578	wire	380.42
5578	5699	wire	219.679
5699	5687	wire	139.261
5687	5566	wire	232.794
5566	5675	wire	346.605
5675	5663	wire	139.261
5663	5554	wire	167.712
5554	5651	wire	820.906
5651	5639	wire	139.261
5639	5542	wire	131.069
5821	5628	wire	318.311
5628	5809	wire	247.575
5809	5797	wire	139.261
5797	5616	wire	207.963
5616	5785	wire	421.547
5785	5773	wire	139.261
5773	5604	wire	154.428
5604	5761	wire	1417.93
5761	5749	wire	139.261
5749	5737	wire	139.261
5737	5592	wire	1039.81
5592	5725	wire	160.796
5725	5713	wire	139.261
5713	5580	wire	380.42
5580	5701	wire	219.679
5701	5689	wire	139.261
5689	5568	wire	232.794
5568	5677	wire	346.605
5677	5665	wire	139.261
5665	5556	wire	167.712
5556	5653	wire	820.906
5653	5641	wire	139.261
5641	5544	wire	131.069
5823	5630	wire	318.311
5630	5811	wire	247.575
5811	5799	wire	139.261
5799	5618	wire	207.963
5618	5787	wire	421.547
5787	5775	wire	139.261
5775	5606	wire	154.428
5606	5763	wire	1417.93
5763	5751	wire	139.261
5751	5739	wire	139.261
5739	5594	wire	1039.81
5594	5727	wire	160.796
5727	5715	wire	139.261
5715	5582	wire	380.42
5582	5703	wire	219.679
5703	5691	wire	139.261
5691	5570	wire	232.794
5570	5679	wire	346.605
5679	5667	wire	139.261
5667	5558	wire	167.712
5558	5655	wire	820.906
5655	5643	wire	139.261
5643	5546	wire	131.069
5826	5867	wire	5381.8
5867	5865	wire	61.8907
5865	5863	wire	61.8907
5863	5824	wire	62.6107
5824	5861	wire	5381.8
5861	5859	wire	61.8907
5859	5857	wire	61.8907
5830	5879	wire	5381.8
5879	5877	wire	61.8907
5877	5875	wire	61.8907
5875	5828	wire	62.6107
5828	5873	wire	5381.8
5873	5871	wire	61.8907
5871	5869	wire	61.8907
5834	5891	wire	5381.8
5891	5889	wire	61.8907
5889	5887	wire	61.8907
5887	5832	wire	62.6107
5832	5885	wire	5381.8
5885	5883	wire	61.8907
5883	5881	wire	61.8907
5838	5903	wire	5381.8
5903	5901	wire	61.8907
5901	5899	wire	61.8907
5899	5836	wire	62.6107
5836	5897	wire	5381.8
5897	5895	wire	61.8907
5895	5893	wire	61.8907
5842	5915	wire	5381.8
5915	5913	wire	61.8907
5913	5911	wire	61.8907
5911	5840	wire	62.6107
5840	5909	wire	5381.8
5909	5907	wire	61.8907
5907	5905	wire	61.8907
5846	5927	wire	5381.8
5927	5925	wire	61.8907
5925	5923	wire	61.8907
5923	5844	wire	62.6107
5844	5921	wire	5381.8
5921	5919	wire	61.8907
5919	5917	wire	61.8907
5850	5939	wire	5381.8
5939	5937	wire	61.8907
5937	5935	wire	61.8907
5935	5848	wire	62.6107
5848	5933	wire	5381.8
5933	5931	wire	61.8907
5931	5929	wire	61.8907
5854	5951	wire	5381.8
5951	5949	wire	61.8907
5949	5947	wire	61.8907
5947	5852	wire	62.6107
5852	5945	wire	5381.8
5945	5943	wire	61.8907
5943	5941	wire	61.8907
6133	5940	wire	1075.67
5940	6121	wire	159.972
6121	6109	wire	139.261
6109	5928	wire	385.117
5928	6097	wire	218.143
6097	6085	wire	139.261
6085	5916	wire	234.545
5916	6073	wire	342.796
6073	6061	wire	139.261
6061	5904	wire	168.619
5904	6049	wire	799.858
6049	6037	wire	139.261
6037	6025	wire	139.261
6025	5892	wire	2399.57
5892	6013	wire	147.841
6013	6001	wire	139.261
6001	5880	wire	479.915
5880	5989	wire	196.191
5989	5977	wire	139.261
5977	5868	wire	266.619
5868	5965	wire	291.537
5965	5953	wire	139.261
5953	5856	wire	184.583
6135	5942	wire	1075.67
5942	6123	wire	159.972
6123	6111	wire	139.261
6111	5930	wire	385.117
5930	6099	wire	218.143
6099	6087	wire	139.261
6087	5918	wire	234.545
5918	6075	wire	342.796
6075	6063	wire	139.261
6063	5906	wire	168.619
5906	6051	wire	799.858
6051	6039	wire	139.261
6039	6027	wire	139.261
6027	5894	wire	2399.57
5894	6015	wire	147.841
6015	6003	wire	139.261
6003	5882	wire	479.915
5882	5991	wire	196.191
5991	5979	wire	139.261
5979	5870	wire	266.619
5870	5967	wire	291.537
5967	5955	wire	139.261
5955	5858	wire	184.583
6137	5944	wire	1075.67
5944	6125	wire	159.972
6125	6113	wire	139.261
6113	5932	wire	385.117
5932	6101	wire	218.143
6101	6089	wire	139.261
6089	5920	wire	234.545
5920	6077	wire	342.796
6077	6065	wire	139.261
6065	5908	wire	168.619
5908	6053	wire	799.858
6053	6041	wire	139.261
6041	6029	wire	139.261
6029	5896	wire	2399.57
5896	6017	wire	147.841
6017	6005	wire	139.261
6005	5884	wire	479.915
5884	5993	wire	196.191
5993	5981	wire	139.261
5981	5872	wire	266.619
5872	5969	wire	291.537
5969	5957	wire	139.261
5957	5860	wire	184.583
6139	5946	wire	1075.67
5946	6127	wire	159.972
6127	6115	wire	139.261
6115	5934	wire	385.117
5934	6103	wire	218.143
6103	6091	wire	139.261
6091	5922	wire	234.545
5922	6079	wire	342.796
6079	6067	wire	139.261
6067	5910	wire	168.619
5910	6055	wire	799.858
6055	6043	wire	139.261
6043	6031	wire	139.261
6031	5898	wire	2399.57
5898	6019	wire	147.841
6019	6007	wire	139.261
6007	5886	wire	479.915
5886	5995	wire	196.191
5995	5983	wire	139.261
5983	5874	wire	266.619
5874	5971	wire	291.537
5971	5959	wire	139.261
5959	5862	wire	184.583
6141	5948	wire	1075.67
5948	6129	wire	159.972
6129	6117	wire	139.261
6117	5936	wire	385.117
5936	6105	wire	218.143
6105	6093	wire	139.261
6093	5924	wire	234.545
5924	6081	wire	342.796
6081	6069	wire	139.261
6069	5912	wire	168.619
5912	6057	wire	799.858
6057	6045	wire	139.261
6045	6033	wire	139.261
6033	5900	wire	2399.57
5900	6021	wire	147.841
6021	6009	wire	139.261
6009	5888	wire	479.915
5888	5997	wire	196.191
5997	5985	wire	139.261
5985	5876	wire	266.619
5876	5973	wire	291.537
5973	5961	wire	139.261
5961	5864	wire	184.583
6143	5950	wire	1075.67
5950	6131	wire	159.972
6131	6119	wire	139.261
6119	5938	wire	385.117
5938	6107	wire	218.143
6107	6095	wire	139.261
6095	5926	wire	234.545
5926	6083	wire	342.796
6083	6071	wire	139.261
6071	5914	wire	168.619
5914	6059	wire	799.858
6059	6047	wire	139.261
6047	6035	wire	139.261
6035	5902	wire	2399.57
5902	6023	wire	147.841
6023	6011	wire	139.261
6011	5890	wire	479.915
5890	5999	wire	196.191
5999	5987	wire	139.261
5987	5878	wire	266.619
5878	5975	wire	291.537
5975	5963	wire	139.261
5963	5866	wire	184.583
6146	6187	wire	5381.8
6187	6185	wire	61.8907
6185	6183	wire	61.8907
6183	6144	wire	62.6107
6144	6181	wire	5381.8
6181	6179	wire	61.8907
6179	6177	wire	61.8907
6150	6199	wire	5381.8
6199	6197	wire	61.8907
6197	6195	wire	61.8907
6195	6148	wire	62.6107
6148	6193	wire	5381.8
6193	6191	wire	61.8907
6191	6189	wire	61.8907
6154	6211	wire	5381.8
6211	6209	wire	61.8907
6209	6207	wire	61.8907
6207	6152	wire	62.6107
6152	6205	wire	5381.8
6205	6203	wire	61.8907
6203	6201	wire	61.8907
6158	6223	wire	5381.8
6223	6221	wire	61.8907
6221	6219	wire	61.8907
6219	6156	wire	62.6107
6156	6217	wire	5381.8
6217	6215	wire	61.8907
6215	6213	wire	61.8907
6162	6235	wire	5381.8
6235	6233	wire	61.8907
6233	6231	wire	61.8907
6231	6160	wire	62.6107
6160	6229	wire	5381.8
6229	6227	wire	61.8907
6227	6225	wire	61.8907
6166	6247	wire	5381.8
6247	6245	wire	61.8907
6245	6243	wire	61.8907
6243	6164	wire	62.6107
6164	6241	wire	5381.8
6241	6239	wire	61.8907
6239	6237	wire	61.8907
6170	6259	wire	5381.8
6259	6257	wire	61.8907
6257	6255	wire	61.8907
6255	6168	wire	62.6107
6168	6253	wire	5381.8
6253	6251	wire	61.8907
6251	6249	wire	61.8907
6174	6271	wire	5381.8
6271	6269	wire	61.8907
6269	6267	wire	61.8907
6267	6172	wire	62.6107
6172	6265	wire	5381.8
6265	6263	wire	61.8907
6263	6261	wire	61.8907
6453	6260	wire	1075.67
6260	6441	wire	159.972
6441	6429	wire	139.261
6429	6248	wire	385.117
6248	6417	wire	218.143
6417	6405	wire	139.261
6405	6236	wire	234.545
6236	6393	wire	342.796
6393	6381	wire	139.261
6381	6224	wire	168.619
6224	6369	wire	799.858
6369	6357	wire	139.261
6357	6345	wire	139.261
6345	6212	wire	2399.57
6212	6333	wire	147.841
6333	6321	wire	139.261
6321	6200	wire	479.915
6200	6309	wire	196.191
6309	6297	wire	139.261
6297	6188	wire	266.619
6188	6285	wire	291.537
6285	6273	wire	139.261
6273	6176	wire	184.583
6455	6262	wire	1075.67
6262	6443	wire	159.972
6443	6431	wire	139.261
6431	6250	wire	385.117
6250	6419	wire	218.143
6419	6407	wire	139.261
6407	6238	wire	234.545
6238	6395	wire	342.796
6395	6383	wire	139.261
6383	6226	wire	168.619
6226	6371	wire	799.858
6371	6359	wire	139.261
6359	6347	wire	139.261
6347	6214	wire	2399.57
6214	6335	wire	147.841
6335	6323	wire	139.261
6323	6202	wire	479.915
6202	6311	wire	196.191
6311	6299	wire	139.261
6299	6190	wire	266.619
6190	6287	wire	291.537
6287	6275	wire	139.261
6275	6178	wire	184.583
6457	6264	wire	1075.67
6264	6445	wire	159.972
6445	6433	wire	139.261
6433	6252	wire	385.117
6252	6421	wire	218.143
6421	6409	wire	139.261
6409	6240	wire	234.545
6240	6397	wire	342.796
6397	6385	wire	139.261
6385	6228	wire	168.619
6228	6373	wire	799.858
6373	6361	wire	139.261
6361	6349	wire	139.261
6349	6216	wire	2399.57
6216	6337	wire	147.841
6337	6325	wire	139.261
6325	6204	wire	479.915
6204	6313	wire	196.191
6313	6301	wire	139.261
6301	6192	wire	266.619
6192	6289	wire	291.537
6289	6277	wire	139.261
6277	6180	wire	184.583
6459	6266	wire	1075.67
6266	6447	wire	159.972
6447	6435	wire	139.261
6435	6254	wire	385.117
6254	6423	wire	218.143
6423	6411	wire	139.261
6411	6242	wire	234.545
6242	6399	wire	342.796
6399	6387	wire	139.261
6387	6230	wire	168.619
6230	6375	wire	799.858
6375	6363	wire	139.261
6363	6351	wire	139.261
6351	6218	wire	2399.57
6218	6339	wire	147.841
6339	6327	wire	139.261
6327	6206	wire	479.915
6206	6315	wire	196.191
6315	6303	wire	139.261
6303	6194	wire	266.619
6194	6291	wire	291.537
6291	6279	wire	139.261
6279	6182	wire	184.583
6461	6268	wire	1075.67
6268	6449	wire	159.972
6449	6437	wire	139.261
6437	6256	wire	385.117
6256	6425	wire	218.143
6425	6413	wire	139.261
6413	6244	wire	234.545
6244	6401	wire	342.796
6401	6389	wire	139.261
6389	6232	wire	168.619
6232	6377	wire	799.858
6377	6365	wire	139.261
6365	6353	wire	139.261
6353	6220	wire	2399.57
6220	6341	wire	147.841
6341	6329	wire	139.261
6329	6208	wire	479.915
6208	6317	wire	196.191
6317	6305	wire	139.261
6305	6196	wire	266.619
6196	6293	wire	291.537
6293	6281	wire	139.261
6281	6184	wire	184.583
6463	6270	wire	1075.67
6270	6451	wire	159.972
6451	6439	wire	139.261
6439	6258	wire	385.117
6258	6427	wire	218.143
6427	6415	wire	139.261
6415	6246	wire	234.545
6246	6403	wire	342.796
6403	6391	wire	139.261
6391	6234	wire	168.619
6234	6379	wire	799.858
6379	6367	wire	139.261
6367	6355	wire	139.261
6355	6222	wire	2399.57
6222	6343	wire	147.841
6343	6331	wire	139.261
6331	6210	wire	479.915
6210	6319	wire	196.191
6319	6307	wire	139.261
6307	6198	wire	266.619
6198	6295	wire	291.537
6295	6283	wire	139.261
6283	6186	wire	184.583
9053	8953	wire	94.6676
8953	8789	wire	94.6676
8789	8637	wire	94.6676
6901	6777	wire	94.6676
6777	6625	wire	94.6676
6625	6525	wire	94.6676
9057	8957	wire	94.6676
8957	8793	wire	94.6676
9149	9049	wire	94.6676
9049	8905	wire	94.6676
8905	8785	wire	94.6676
8785	8633	wire	94.6676
8633	8493	wire	94.6676
8493	8933	wire	25.1519
6475	6471	wire	10.855
6471	6467	wire	10.855
7049	6897	wire	94.6676
6897	6773	wire	94.6676
6773	6621	wire	94.6676
6621	6521	wire	138.978
9163	9159	wire	10.855
9159	9155	wire	10.855
6523	6519	wire	29.7263
6519	6515	wire	10.855
6515	6511	wire	10.855
9175	9171	wire	10.855
9171	9167	wire	10.855
6507	6503	wire	10.855
8919	8915	wire	10.855
8915	8911	wire	10.855
9187	9183	wire	10.855
9183	9179	wire	10.855
6483	6479	wire	10.855
8935	8931	wire	29.7263
8931	8927	wire	10.855
8927	8923	wire	10.855
9195	9191	wire	10.855
6491	6487	wire	10.855
8943	8939	wire	10.855
9203	9199	wire	10.855
6499	6495	wire	10.855
8951	8947	wire	10.855
9215	9211	wire	10.855
9211	9207	wire	10.9684
9153	2635	wire	408.584
2635	2629	wire	530.138
2629	2623	wire	530.138
2623	2617	wire	530.138
2617	2611	wire	530.138
2611	2605	wire	530.138
2605	2599	wire	530.138
2599	2593	wire	530.138
2593	8909	wire	433.651
8909	3611	wire	322.567
3611	3605	wire	530.138
3605	3599	wire	530.138
3599	3593	wire	530.138
3593	3587	wire	530.138
3587	3581	wire	530.138
3581	3575	wire	530.138
3575	3569	wire	530.138
3569	8641	wire	429.61
8641	8497	wire	94.6676
8497	8349	wire	94.6676
8349	8205	wire	94.6676
8205	8061	wire	94.6676
8061	7917	wire	94.6676
7917	7773	wire	94.6676
7773	7629	wire	94.6676
7629	7485	wire	94.6676
7485	7341	wire	94.6676
7341	7197	wire	94.6676
7197	7053	wire	94.6676
7053	6905	wire	94.6676
6905	1643	wire	180.013
1643	1637	wire	530.138
1637	1631	wire	530.138
1631	1625	wire	530.138
1625	1619	wire	530.138
1619	1613	wire	530.138
1613	1607	wire	530.138
1607	1601	wire	530.138
1601	6629	wire	422.421
6629	2299	wire	329.074
2299	2293	wire	530.138
2293	2287	wire	530.138
2287	2281	wire	530.138
2281	2275	wire	530.138
2275	2269	wire	530.138
2269	2263	wire	530.138
2263	2257	wire	530.138
2257	6465	wire	659.786
9157	2637	wire	408.584
2637	2631	wire	530.138
2631	2625	wire	530.138
2625	2619	wire	530.138
2619	2613	wire	530.138
2613	2607	wire	530.138
2607	2601	wire	530.138
2601	2595	wire	530.138
2595	8913	wire	433.651
8913	3613	wire	322.567
3613	3607	wire	530.138
3607	3601	wire	530.138
3601	3595	wire	530.138
3595	3589	wire	530.138
3589	3583	wire	530.138
3583	3577	wire	530.138
3577	3571	wire	530.138
3571	8645	wire	429.61
8645	8501	wire	94.6676
8501	8353	wire	94.6676
8353	8209	wire	94.6676
8209	8065	wire	94.6676
8065	7921	wire	94.6676
7921	7777	wire	94.6676
7777	7633	wire	94.6676
7633	7489	wire	94.6676
7489	7345	wire	94.6676
7345	7201	wire	94.6676
7201	7057	wire	94.6676
7057	6909	wire	94.6676
6909	1645	wire	180.013
1645	1639	wire	530.138
1639	1633	wire	530.138
1633	1627	wire	530.138
1627	1621	wire	530.138
1621	1615	wire	530.138
1615	1609	wire	530.138
1609	1603	wire	530.138
1603	6633	wire	422.421
6633	2301	wire	329.074
2301	2295	wire	530.138
2295	2289	wire	530.138
2289	2283	wire	530.138
2283	2277	wire	530.138
2277	2271	wire	530.138
2271	2265	wire	530.138
2265	2259	wire	530.138
2259	6469	wire	659.786
9161	2639	wire	408.584
2639	2633	wire	530.138
2633	2627	wire	530.138
2627	2621	wire	530.138
2621	2615	wire	530.138
2615	2609	wire	530.138
2609	2603	wire	530.138
2603	2597	wire	530.138
2597	8917	wire	433.651
8917	3615	wire	322.567
3615	3609	wire	530.138
3609	3603	wire	530.138
3603	3597	wire	530.138
3597	3591	wire	530.138
3591	3585	wire	530.138
3585	3579	wire	530.138
3579	3573	wire	530.138
3573	8649	wire	429.61
8649	8505	wire	94.6676
8505	8357	wire	94.6676
8357	8213	wire	94.6676
8213	8069	wire	94.6676
8069	7925	wire	94.6676
7925	7781	wire	94.6676
7781	7637	wire	94.6676
7637	7493	wire	94.6676
7493	7349	wire	94.6676
7349	7205	wire	94.6676
7205	7061	wire	94.6676
7061	6913	wire	94.6676
6913	1647	wire	180.013
1647	1641	wire	530.138
1641	1635	wire	530.138
1635	1629	wire	530.138
1629	1623	wire	530.138
1623	1617	wire	530.138
1617	1611	wire	530.138
1611	1605	wire	530.138
1605	6637	wire	422.421
6637	2303	wire	329.074
2303	2297	wire	530.138
2297	2291	wire	530.138
2291	2285	wire	530.138
2285	2279	wire	530.138
2279	2273	wire	530.138
2273	2267	wire	530.138
2267	2261	wire	530.138
2261	6473	wire	659.786
9165	3933	wire	408.584
3933	3929	wire	530.138
3929	3925	wire	530.138
3925	3921	wire	530.138
3921	3917	wire	530.138
3917	3913	wire	530.138
3913	3909	wire	530.138
3909	3905	wire	530.138
3905	8797	wire	96.3888
8797	8653	wire	94.6676
8653	8509	wire	94.6676
8509	8361	wire	94.6676
8361	8217	wire	94.6676
8217	8073	wire	94.6676
8073	7929	wire	94.6676
7929	7785	wire	94.6676
7785	7641	wire	94.6676
7641	7497	wire	94.6676
7497	7353	wire	94.6676
7353	7209	wire	94.6676
7209	7065	wire	94.6676
7065	6917	wire	94.6676
6917	6781	wire	94.6676
6781	6641	wire	94.6676
6641	6529	wire	94.6676
9169	3935	wire	408.584
3935	3931	wire	530.138
3931	3927	wire	530.138
3927	3923	wire	530.138
3923	3919	wire	530.138
3919	3915	wire	530.138
3915	3911	wire	530.138
3911	3907	wire	530.138
3907	8801	wire	96.3888
8801	8657	wire	94.6676
8657	8513	wire	94.6676
8513	8365	wire	94.6676
8365	8221	wire	94.6676
8221	8077	wire	94.6676
8077	7933	wire	94.6676
7933	7789	wire	94.6676
7789	7645	wire	94.6676
7645	7501	wire	94.6676
7501	7357	wire	94.6676
7357	7213	wire	94.6676
7213	7069	wire	94.6676
7069	6921	wire	94.6676
6921	6785	wire	94.6676
6785	6645	wire	94.6676
6645	4893	wire	329.074
4893	4889	wire	530.138
4889	4885	wire	530.138
4885	4881	wire	530.138
4881	4877	wire	530.138
4877	4873	wire	530.138
4873	4869	wire	530.138
4869	4865	wire	530.138
4865	6477	wire	659.786
9173	8805	wire	38.4228
8805	8661	wire	94.6676
8661	8517	wire	94.6676
8517	8369	wire	94.6676
8369	8225	wire	94.6676
8225	8081	wire	94.6676
8081	7937	wire	94.6676
7937	7793	wire	94.6676
7793	7649	wire	94.6676
7649	7505	wire	94.6676
7505	7361	wire	94.6676
7361	7217	wire	94.6676
7217	7073	wire	94.6676
7073	6925	wire	94.6676
6925	6789	wire	94.6676
6789	6649	wire	94.6676
6649	4895	wire	329.074
4895	4891	wire	530.138
4891	4887	wire	530.138
4887	4883	wire	530.138
4883	4879	wire	530.138
4879	4875	wire	530.138
4875	4871	wire	530.138
4871	4867	wire	530.138
4867	6481	wire	659.786
9061	8961	wire	94.6676
8961	8809	wire	94.6676
8809	8665	wire	94.6676
8665	8521	wire	94.6676
8521	8373	wire	94.6676
8373	8229	wire	94.6676
8229	8085	wire	94.6676
8085	7941	wire	94.6676
7941	7797	wire	94.6676
7797	7653	wire	94.6676
7653	7509	wire	94.6676
7509	7365	wire	94.6676
7365	7221	wire	94.6676
7221	7077	wire	94.6676
7077	6929	wire	94.6676
6929	6793	wire	94.6676
6793	6653	wire	94.6676
6653	6533	wire	94.6676
9065	8965	wire	94.6676
8965	8813	wire	94.6676
8813	8669	wire	94.6676
8669	8525	wire	94.6676
8525	8377	wire	94.6676
8377	8233	wire	94.6676
8233	8089	wire	94.6676
8089	7945	wire	94.6676
7945	7801	wire	94.6676
7801	7657	wire	94.6676
7657	7513	wire	94.6676
7513	7369	wire	94.6676
7369	7225	wire	94.6676
7225	7081	wire	94.6676
7081	6933	wire	94.6676
6933	6797	wire	94.6676
6797	6657	wire	94.6676
6657	6537	wire	94.6676
9069	8969	wire	94.6676
8969	8817	wire	94.6676
8817	8673	wire	94.6676
8673	8529	wire	94.6676
8529	8381	wire	94.6676
8381	8237	wire	94.6676
8237	8093	wire	94.6676
8093	7949	wire	94.6676
7949	7805	wire	94.6676
7805	7661	wire	94.6676
7661	7517	wire	94.6676
7517	7373	wire	94.6676
7373	7229	wire	94.6676
7229	7085	wire	94.6676
7085	6937	wire	94.6676
6937	6801	wire	94.6676
6801	6661	wire	94.6676
6661	6541	wire	94.6676
9073	8973	wire	94.6676
8973	8821	wire	94.6676
8821	8677	wire	94.6676
8677	8533	wire	94.6676
8533	8385	wire	94.6676
8385	8241	wire	94.6676
8241	8097	wire	94.6676
8097	7953	wire	94.6676
7953	7809	wire	94.6676
7809	7665	wire	94.6676
7665	7521	wire	94.6676
7521	7377	wire	94.6676
7377	7233	wire	94.6676
7233	7089	wire	94.6676
7089	6941	wire	94.6676
6941	6805	wire	94.6676
6805	6665	wire	94.6676
6665	6545	wire	94.6676
9077	8977	wire	94.6676
8977	8825	wire	94.6676
8825	8681	wire	94.6676
8681	8537	wire	94.6676
8537	8389	wire	94.6676
8389	8245	wire	94.6676
8245	8101	wire	94.6676
8101	7957	wire	94.6676
7957	7813	wire	94.6676
7813	7669	wire	94.6676
7669	7525	wire	94.6676
7525	7381	wire	94.6676
7381	7237	wire	94.6676
7237	7093	wire	94.6676
7093	6945	wire	94.6676
6945	6809	wire	94.6676
6809	6669	wire	94.6676
6669	6549	wire	94.6676
9081	8981	wire	94.6676
8981	8829	wire	94.6676
8829	8685	wire	94.6676
8685	8541	wire	94.6676
8541	8393	wire	94.6676
8393	8249	wire	94.6676
8249	8105	wire	94.6676
8105	7961	wire	94.6676
7961	7817	wire	94.6676
7817	7673	wire	94.6676
7673	7529	wire	94.6676
7529	7385	wire	94.6676
7385	7241	wire	94.6676
7241	7097	wire	94.6676
7097	6949	wire	94.6676
6949	6813	wire	94.6676
6813	6673	wire	94.6676
6673	6553	wire	94.6676
9085	8985	wire	94.6676
8985	8833	wire	94.6676
8833	8689	wire	94.6676
8689	8545	wire	94.6676
8545	8397	wire	94.6676
8397	8253	wire	94.6676
8253	8109	wire	94.6676
8109	7965	wire	94.6676
7965	7821	wire	94.6676
7821	7677	wire	94.6676
7677	7533	wire	94.6676
7533	7389	wire	94.6676
7389	7245	wire	94.6676
7245	7101	wire	94.6676
7101	6953	wire	94.6676
6953	6817	wire	94.6676
6817	6677	wire	94.6676
6677	6557	wire	94.6676
9089	8989	wire	94.6676
8989	8837	wire	94.6676
8837	8693	wire	94.6676
8693	8549	wire	94.6676
8549	8401	wire	94.6676
8401	8257	wire	94.6676
8257	8113	wire	94.6676
8113	7969	wire	94.6676
7969	7825	wire	94.6676
7825	7681	wire	94.6676
7681	7537	wire	94.6676
7537	7393	wire	94.6676
7393	7249	wire	94.6676
7249	7105	wire	94.6676
7105	6957	wire	94.6676
6957	6821	wire	94.6676
6821	6681	wire	94.6676
6681	6561	wire	94.6676
9093	8993	wire	94.6676
8993	8841	wire	94.6676
8841	8697	wire	94.6676
8697	8553	wire	94.6676
8553	8405	wire	94.6676
8405	8261	wire	94.6676
8261	8117	wire	94.6676
8117	7973	wire	94.6676
7973	7829	wire	94.6676
7829	7685	wire	94.6676
7685	7541	wire	94.6676
7541	7397	wire	94.6676
7397	7253	wire	94.6676
7253	7109	wire	94.6676
7109	6961	wire	94.6676
6961	6825	wire	94.6676
6825	6685	wire	94.6676
6685	6565	wire	94.6676
9097	8997	wire	94.6676
8997	8845	wire	94.6676
8845	8701	wire	94.6676
8701	8557	wire	94.6676
8557	8409	wire	94.6676
8409	8265	wire	94.6676
8265	8121	wire	94.6676
8121	7977	wire	94.6676
7977	7833	wire	94.6676
7833	7689	wire	94.6676
7689	7545	wire	94.6676
7545	7401	wire	94.6676
7401	7257	wire	94.6676
7257	7113	wire	94.6676
7113	6965	wire	94.6676
6965	6829	wire	94.6676
6829	6689	wire	94.6676
6689	6569	wire	94.6676
9101	9001	wire	94.6676
9001	8849	wire	94.6676
8849	8705	wire	94.6676
8705	8561	wire	94.6676
8561	8413	wire	94.6676
8413	8269	wire	94.6676
8269	8125	wire	94.6676
8125	7981	wire	94.6676
7981	7837	wire	94.6676
7837	7693	wire	94.6676
7693	7549	wire	94.6676
7549	7405	wire	94.6676
7405	7261	wire	94.6676
7261	7117	wire	94.6676
7117	6969	wire	94.6676
6969	6833	wire	94.6676
6833	6693	wire	94.6676
6693	6573	wire	94.6676
9105	9005	wire	94.6676
9005	8853	wire	94.6676
8853	8709	wire	94.6676
8709	8565	wire	94.6676
8565	8417	wire	94.6676
8417	8273	wire	94.6676
8273	8129	wire	94.6676
8129	7985	wire	94.6676
7985	7841	wire	94.6676
7841	7697	wire	94.6676
7697	7553	wire	94.6676
7553	7409	wire	94.6676
7409	7265	wire	94.6676
7265	7121	wire	94.6676
7121	6973	wire	94.6676
6973	6837	wire	94.6676
6837	6697	wire	94.6676
6697	6577	wire	94.6676
9109	9009	wire	94.6676
9009	8857	wire	94.6676
8857	8713	wire	94.6676
8713	8569	wire	94.6676
8569	8421	wire	94.6676
8421	8277	wire	94.6676
8277	8133	wire	94.6676
8133	7989	wire	94.6676
7989	7845	wire	94.6676
7845	7701	wire	94.6676
7701	7557	wire	94.6676
7557	7413	wire	94.6676
7413	7269	wire	94.6676
7269	7125	wire	94.6676
7125	6977	wire	94.6676
6977	6841	wire	94.6676
6841	6701	wire	94.6676
6701	6581	wire	94.6676
9113	9013	wire	94.6676
9013	8861	wire	94.6676
8861	8717	wire	94.6676
8717	8573	wire	94.6676
8573	8425	wire	94.6676
8425	8281	wire	94.6676
8281	8137	wire	94.6676
8137	7993	wire	94.6676
7993	7849	wire	94.6676
7849	7705	wire	94.6676
7705	7561	wire	94.6676
7561	7417	wire	94.6676
7417	7273	wire	94.6676
7273	7129	wire	94.6676
7129	6981	wire	94.6676
6981	6845	wire	94.6676
6845	6705	wire	94.6676
6705	6585	wire	94.6676
9117	9017	wire	94.6676
9017	8865	wire	94.6676
8865	8721	wire	94.6676
8721	8577	wire	94.6676
8577	8429	wire	94.6676
8429	8285	wire	94.6676
8285	8141	wire	94.6676
8141	7997	wire	94.6676
7997	7853	wire	94.6676
7853	7709	wire	94.6676
7709	7565	wire	94.6676
7565	7421	wire	94.6676
7421	7277	wire	94.6676
7277	7133	wire	94.6676
7133	6985	wire	94.6676
6985	6849	wire	94.6676
6849	6709	wire	94.6676
6709	6589	wire	94.6676
9121	9021	wire	94.6676
9021	8869	wire	94.6676
8869	8725	wire	94.6676
8725	8581	wire	94.6676
8581	8433	wire	94.6676
8433	8289	wire	94.6676
8289	8145	wire	94.6676
8145	8001	wire	94.6676
8001	7857	wire	94.6676
7857	7713	wire	94.6676
7713	7569	wire	94.6676
7569	7425	wire	94.6676
7425	7281	wire	94.6676
7281	7137	wire	94.6676
7137	6989	wire	94.6676
6989	6853	wire	94.6676
6853	6713	wire	94.6676
6713	6593	wire	94.6676
9125	9025	wire	94.6676
9025	8873	wire	94.6676
8873	8729	wire	94.6676
8729	8585	wire	94.6676
8585	8437	wire	94.6676
8437	8293	wire	94.6676
8293	8149	wire	94.6676
8149	8005	wire	94.6676
8005	7861	wire	94.6676
7861	7717	wire	94.6676
7717	7573	wire	94.6676
7573	7429	wire	94.6676
7429	7285	wire	94.6676
7285	7141	wire	94.6676
7141	6993	wire	94.6676
6993	6857	wire	94.6676
6857	6717	wire	94.6676
6717	6597	wire	94.6676
9129	9029	wire	94.6676
9029	8877	wire	94.6676
8877	8733	wire	94.6676
8733	8589	wire	94.6676
8589	8441	wire	94.6676
8441	8297	wire	94.6676
8297	8153	wire	94.6676
8153	8009	wire	94.6676
8009	7865	wire	94.6676
7865	7721	wire	94.6676
7721	7577	wire	94.6676
7577	7433	wire	94.6676
7433	7289	wire	94.6676
7289	7145	wire	94.6676
7145	6997	wire	94.6676
6997	6861	wire	94.6676
6861	6721	wire	94.6676
6721	6601	wire	94.6676
9133	9033	wire	94.6676
9033	8881	wire	94.6676
8881	8737	wire	94.6676
8737	8593	wire	94.6676
8593	8445	wire	94.6676
8445	8301	wire	94.6676
8301	8157	wire	94.6676
8157	8013	wire	94.6676
8013	7869	wire	94.6676
7869	7725	wire	94.6676
7725	7581	wire	94.6676
7581	7437	wire	94.6676
7437	7293	wire	94.6676
7293	7149	wire	94.6676
7149	7001	wire	94.6676
7001	6865	wire	94.6676
6865	6725	wire	94.6676
6725	6605	wire	94.6676
9177	1965	wire	408.584
1965	1961	wire	530.138
1961	1957	wire	530.138
1957	1953	wire	530.138
1953	1949	wire	530.138
1949	1945	wire	530.138
1945	1941	wire	530.138
1941	1937	wire	530.138
1937	8885	wire	96.3888
8885	8741	wire	94.6676
8741	8597	wire	94.6676
8597	8449	wire	94.6676
8449	8305	wire	94.6676
8305	8161	wire	94.6676
8161	8017	wire	94.6676
8017	7873	wire	94.6676
7873	7729	wire	94.6676
7729	7585	wire	94.6676
7585	7441	wire	94.6676
7441	7297	wire	94.6676
7297	7153	wire	94.6676
7153	7005	wire	94.6676
7005	6869	wire	94.6676
6869	6729	wire	94.6676
6729	3277	wire	329.074
3277	3273	wire	530.138
3273	3269	wire	530.138
3269	3265	wire	530.138
3265	3261	wire	530.138
3261	3257	wire	530.138
3257	3253	wire	530.138
3253	3249	wire	530.138
3249	6485	wire	659.786
9181	1967	wire	408.584
1967	1963	wire	530.138
1963	1959	wire	530.138
1959	1955	wire	530.138
1955	1951	wire	530.138
1951	1947	wire	530.138
1947	1943	wire	530.138
1943	1939	wire	530.138
1939	8889	wire	96.3888
8889	8745	wire	94.6676
8745	8601	wire	94.6676
8601	8453	wire	94.6676
8453	8309	wire	94.6676
8309	8165	wire	94.6676
8165	8021	wire	94.6676
8021	7877	wire	94.6676
7877	7733	wire	94.6676
7733	7589	wire	94.6676
7589	7445	wire	94.6676
7445	7301	wire	94.6676
7301	7157	wire	94.6676
7157	7009	wire	94.6676
7009	6873	wire	94.6676
6873	6733	wire	94.6676
6733	3279	wire	329.074
3279	3275	wire	530.138
3275	3271	wire	530.138
3271	3267	wire	530.138
3267	3263	wire	530.138
3263	3259	wire	530.138
3259	3255	wire	530.138
3255	3251	wire	530.138
3251	6489	wire	659.786
9137	9037	wire	94.6676
9037	9185	wire	64.6693
9185	8893	wire	38.4228
8893	8749	wire	94.6676
8749	8605	wire	94.6676
8605	8457	wire	94.6676
8457	8313	wire	94.6676
8313	8169	wire	94.6676
8169	8025	wire	94.6676
8025	7881	wire	94.6676
7881	7737	wire	94.6676
7737	7593	wire	94.6676
7593	7449	wire	94.6676
7449	7305	wire	94.6676
7305	7161	wire	94.6676
7161	7013	wire	94.6676
7013	6877	wire	94.6676
6877	6737	wire	94.6676
6737	6609	wire	94.6676
9189	349	wire	408.584
349	345	wire	530.138
345	341	wire	530.138
341	337	wire	530.138
337	333	wire	530.138
333	329	wire	530.138
329	325	wire	530.138
325	321	wire	530.138
321	8937	wire	465.646
8937	29	wire	321.004
29	25	wire	530.138
25	21	wire	530.138
21	17	wire	530.138
17	13	wire	530.138
13	9	wire	530.138
9	5	wire	530.138
5	1	wire	530.138
1	8753	wire	404.686
8753	8609	wire	94.6676
8609	8461	wire	94.6676
8461	8317	wire	94.6676
8317	8173	wire	94.6676
8173	8029	wire	94.6676
8029	7885	wire	94.6676
7885	7741	wire	94.6676
7741	7597	wire	94.6676
7597	7453	wire	94.6676
7453	7309	wire	94.6676
7309	7165	wire	94.6676
7165	7017	wire	94.6676
7017	6881	wire	94.6676
6881	6741	wire	94.6676
6741	5533	wire	329.074
5533	5529	wire	530.138
5529	5525	wire	530.138
5525	5521	wire	530.138
5521	5517	wire	530.138
5517	5513	wire	530.138
5513	5509	wire	530.138
5509	5505	wire	530.138
5505	6493	wire	659.786
9193	351	wire	408.584
351	347	wire	530.138
347	343	wire	530.138
343	339	wire	530.138
339	335	wire	530.138
335	331	wire	530.138
331	327	wire	530.138
327	323	wire	530.138
323	8941	wire	465.646
8941	31	wire	321.004
31	27	wire	530.138
27	23	wire	530.138
23	19	wire	530.138
19	15	wire	530.138
15	11	wire	530.138
11	7	wire	530.138
7	3	wire	530.138
3	8757	wire	404.686
8757	8613	wire	94.6676
8613	8465	wire	94.6676
8465	8321	wire	94.6676
8321	8177	wire	94.6676
8177	8033	wire	94.6676
8033	7889	wire	94.6676
7889	7745	wire	94.6676
7745	7601	wire	94.6676
7601	7457	wire	94.6676
7457	7313	wire	94.6676
7313	7169	wire	94.6676
7169	7021	wire	94.6676
7021	6885	wire	94.6676
6885	6745	wire	94.6676
6745	5535	wire	329.074
5535	5531	wire	530.138
5531	5527	wire	530.138
5527	5523	wire	530.138
5523	5519	wire	530.138
5519	5515	wire	530.138
5515	5511	wire	530.138
5511	5507	wire	530.138
5507	6497	wire	659.786
9141	9041	wire	94.6676
9041	8897	wire	94.6676
8897	8761	wire	94.6676
8761	8617	wire	94.6676
8617	8469	wire	94.6676
8469	8325	wire	94.6676
8325	8181	wire	94.6676
8181	8037	wire	94.6676
8037	7893	wire	94.6676
7893	7749	wire	94.6676
7749	7605	wire	94.6676
7605	7461	wire	94.6676
7461	7317	wire	94.6676
7317	7173	wire	94.6676
7173	7025	wire	94.6676
7025	6889	wire	94.6676
6889	6749	wire	94.6676
6749	6613	wire	94.6676
9197	669	wire	408.584
669	665	wire	530.138
665	661	wire	530.138
661	657	wire	530.138
657	653	wire	530.138
653	649	wire	530.138
649	645	wire	530.138
645	641	wire	530.138
641	8945	wire	465.646
8945	989	wire	321.004
989	985	wire	530.138
985	981	wire	530.138
981	977	wire	530.138
977	973	wire	530.138
973	969	wire	530.138
969	965	wire	530.138
965	961	wire	530.138
961	8765	wire	404.686
8765	8621	wire	94.6676
8621	8473	wire	94.6676
8473	8329	wire	94.6676
8329	8185	wire	94.6676
8185	8041	wire	94.6676
8041	7897	wire	94.6676
7897	7753	wire	94.6676
7753	7609	wire	94.6676
7609	7465	wire	94.6676
7465	7321	wire	94.6676
7321	7177	wire	94.6676
7177	7029	wire	94.6676
7029	1309	wire	180.013
1309	1305	wire	530.138
1305	1301	wire	530.138
1301	1297	wire	530.138
1297	1293	wire	530.138
1293	1289	wire	530.138
1289	1285	wire	530.138
1285	1281	wire	530.138
1281	6753	wire	422.421
6753	4253	wire	329.074
4253	4249	wire	530.138
4249	4245	wire	530.138
4245	4241	wire	530.138
4241	4237	wire	530.138
4237	4233	wire	530.138
4233	4229	wire	530.138
4229	4225	wire	530.138
4225	6501	wire	659.786
9201	671	wire	408.584
671	667	wire	530.138
667	663	wire	530.138
663	659	wire	530.138
659	655	wire	530.138
655	651	wire	530.138
651	647	wire	530.138
647	643	wire	530.138
643	8949	wire	465.646
8949	991	wire	321.004
991	987	wire	530.138
987	983	wire	530.138
983	979	wire	530.138
979	975	wire	530.138
975	971	wire	530.138
971	967	wire	530.138
967	963	wire	530.138
963	8769	wire	404.686
8769	8625	wire	94.6676
8625	8477	wire	94.6676
8477	8333	wire	94.6676
8333	8189	wire	94.6676
8189	8045	wire	94.6676
8045	7901	wire	94.6676
7901	7757	wire	94.6676
7757	7613	wire	94.6676
7613	7469	wire	94.6676
7469	7325	wire	94.6676
7325	7181	wire	94.6676
7181	7033	wire	94.6676
7033	1311	wire	180.013
1311	1307	wire	530.138
1307	1303	wire	530.138
1303	1299	wire	530.138
1299	1295	wire	530.138
1295	1291	wire	530.138
1291	1287	wire	530.138
1287	1283	wire	530.138
1283	6757	wire	422.421
6757	4255	wire	329.074
4255	4251	wire	530.138
4251	4247	wire	530.138
4247	4243	wire	530.138
4243	4239	wire	530.138
4239	4235	wire	530.138
4235	4231	wire	530.138
4231	4227	wire	530.138
4227	6505	wire	659.786
9205	8921	wire	55.6865
8921	8773	wire	53.6713
8773	8481	wire	47.3338
8481	8337	wire	94.6676
8337	8193	wire	94.6676
8193	8049	wire	94.6676
8049	7905	wire	94.6676
7905	7761	wire	94.6676
7761	7617	wire	94.6676
7617	7473	wire	94.6676
7473	7329	wire	94.6676
7329	7185	wire	94.6676
7185	7037	wire	94.6676
7037	6761	wire	47.3338
6761	6509	wire	56.3108
6509	9145	wire	5.06754
9145	9045	wire	94.6676
9045	8901	wire	94.6676
8901	8629	wire	47.3338
8629	6893	wire	7.88896
6893	6617	wire	47.3338
9209	2957	wire	408.584
2957	2953	wire	530.138
2953	2949	wire	530.138
2949	2945	wire	530.138
2945	2941	wire	530.138
2941	2937	wire	530.138
2937	2933	wire	530.138
2933	2929	wire	530.138
2929	8925	wire	433.651
8925	5853	wire	322.567
5853	5849	wire	530.138
5849	5845	wire	530.138
5845	5841	wire	530.138
5841	5837	wire	530.138
5837	5833	wire	530.138
5833	5829	wire	530.138
5829	5825	wire	530.138
5825	8777	wire	429.61
8777	6173	wire	324.84
6173	6169	wire	530.138
6169	6165	wire	530.138
6165	6161	wire	530.138
6161	6157	wire	530.138
6157	6153	wire	530.138
6153	6149	wire	530.138
6149	6145	wire	530.138
6145	8485	wire	206.44
8485	8341	wire	94.6676
8341	8197	wire	94.6676
8197	8053	wire	94.6676
8053	7909	wire	94.6676
7909	7765	wire	94.6676
7765	7621	wire	94.6676
7621	7477	wire	94.6676
7477	7333	wire	94.6676
7333	7189	wire	94.6676
7189	7041	wire	94.6676
7041	5213	wire	180.013
5213	5209	wire	530.138
5209	5205	wire	530.138
5205	5201	wire	530.138
5201	5197	wire	530.138
5197	5193	wire	530.138
5193	5189	wire	530.138
5189	5185	wire	530.138
5185	6765	wire	422.421
6765	4573	wire	329.074
4573	4569	wire	530.138
4569	4565	wire	530.138
4565	4561	wire	530.138
4561	4557	wire	530.138
4557	4553	wire	530.138
4553	4549	wire	530.138
4549	4545	wire	530.138
4545	6513	wire	659.786
9213	2959	wire	408.584
2959	2955	wire	530.138
2955	2951	wire	530.138
2951	2947	wire	530.138
2947	2943	wire	530.138
2943	2939	wire	530.138
2939	2935	wire	530.138
2935	2931	wire	530.138
2931	8929	wire	433.651
8929	5855	wire	322.567
5855	5851	wire	530.138
5851	5847	wire	530.138
5847	5843	wire	530.138
5843	5839	wire	530.138
5839	5835	wire	530.138
5835	5831	wire	530.138
5831	5827	wire	530.138
5827	8781	wire	429.61
8781	6175	wire	324.84
6175	6171	wire	530.138
6171	6167	wire	530.138
6167	6163	wire	530.138
6163	6159	wire	530.138
6159	6155	wire	530.138
6155	6151	wire	530.138
6151	6147	wire	530.138
6147	8489	wire	206.44
8489	8345	wire	94.6676
8345	8201	wire	94.6676
8201	8057	wire	94.6676
8057	7913	wire	94.6676
7913	7769	wire	94.6676
7769	7625	wire	94.6676
7625	7481	wire	94.6676
7481	7337	wire	94.6676
7337	7193	wire	94.6676
7193	7045	wire	94.6676
7045	5215	wire	180.013
5215	5211	wire	530.138
5211	5207	wire	530.138
5207	5203	wire	530.138
5203	5199	wire	530.138
5199	5195	wire	530.138
5195	5191	wire	530.138
5191	5187	wire	530.138
5187	6769	wire	422.421
6769	4575	wire	329.074
4575	4571	wire	530.138
4571	4567	wire	530.138
4567	4563	wire	530.138
4563	4559	wire	530.138
4559	4555	wire	530.138
4555	4551	wire	530.138
4551	4547	wire	530.138
4547	6517	wire	659.786
6607	6603	wire	10.855
6603	6599	wire	10.855
6599	6595	wire	10.855
6595	6591	wire	10.855
6591	6587	wire	10.855
6587	6583	wire	10.855
6583	6579	wire	10.855
6579	6575	wire	10.855
6575	6571	wire	10.855
6571	6567	wire	10.855
6567	6563	wire	10.855
6563	6559	wire	10.855
6559	6555	wire	10.855
6555	6551	wire	10.855
6551	6547	wire	10.855
6547	6543	wire	10.855
6543	6539	wire	10.855
6539	6535	wire	10.855
6775	6771	wire	29.2589
6771	6767	wire	10.855
6767	6763	wire	10.855
6763	6759	wire	10.855
6759	6755	wire	10.855
6755	6751	wire	10.855
6751	6747	wire	10.855
6747	6743	wire	10.855
6743	6739	wire	10.855
6739	6735	wire	10.855
6735	6731	wire	10.855
6731	6727	wire	10.855
6727	6723	wire	10.855
6723	6719	wire	10.855
6719	6715	wire	10.855
6715	6711	wire	10.855
6711	6707	wire	10.855
6707	6703	wire	10.855
6703	6699	wire	10.855
6699	6695	wire	10.855
6695	6691	wire	10.855
6691	6687	wire	10.855
6687	6683	wire	10.855
6683	6679	wire	10.855
6679	6675	wire	10.855
6675	6671	wire	10.855
6671	6667	wire	10.855
6667	6663	wire	10.855
6663	6659	wire	10.855
6659	6655	wire	10.855
6655	6651	wire	10.855
6651	6647	wire	10.855
6647	6643	wire	10.855
6643	6639	wire	10.855
6639	6635	wire	10.855
6635	6631	wire	10.855
6631	6627	wire	47.4019
6891	6887	wire	10.855
6887	6883	wire	10.855
6883	6879	wire	10.855
6879	6875	wire	10.855
6875	6871	wire	10.855
6871	6867	wire	10.855
6867	6863	wire	10.855
6863	6859	wire	10.855
6859	6855	wire	10.855
6855	6851	wire	10.855
6851	6847	wire	10.855
6847	6843	wire	10.855
6843	6839	wire	10.855
6839	6835	wire	10.855
6835	6831	wire	10.855
6831	6827	wire	10.855
6827	6823	wire	10.855
6823	6819	wire	10.855
6819	6815	wire	10.855
6815	6811	wire	10.855
6811	6807	wire	10.855
6807	6803	wire	10.855
6803	6799	wire	10.855
6799	6795	wire	10.855
6795	6791	wire	10.855
6791	6787	wire	10.855
6787	6783	wire	10.855
7051	7047	wire	29.2589
7047	7043	wire	10.855
7043	7039	wire	10.855
7039	7035	wire	10.855
7035	7031	wire	10.855
7031	7027	wire	10.855
7027	7023	wire	10.855
7023	7019	wire	10.855
7019	7015	wire	10.855
7015	7011	wire	10.855
7011	7007	wire	10.855
7007	7003	wire	10.855
7003	6999	wire	10.855
6999	6995	wire	10.855
6995	6991	wire	10.855
6991	6987	wire	10.855
6987	6983	wire	10.855
6983	6979	wire	10.855
6979	6975	wire	10.855
6975	6971	wire	10.855
6971	6967	wire	10.855
6967	6963	wire	10.855
6963	6959	wire	10.855
6959	6955	wire	10.855
6955	6951	wire	10.855
6951	6947	wire	10.855
6947	6943	wire	10.855
6943	6939	wire	10.855
6939	6935	wire	10.855
6935	6931	wire	10.855
6931	6927	wire	10.855
6927	6923	wire	10.855
6923	6919	wire	10.855
6919	6915	wire	10.855
6915	6911	wire	10.855
6911	6907	wire	10.855
6907	6903	wire	47.4019
7195	7191	wire	10.855
7191	7187	wire	10.855
7187	7183	wire	10.855
7183	7179	wire	10.855
7179	7175	wire	10.855
7175	7171	wire	10.855
7171	7167	wire	10.855
7167	7163	wire	10.855
7163	7159	wire	10.855
7159	7155	wire	10.855
7155	7151	wire	10.855
7151	7147	wire	10.855
7147	7143	wire	10.855
7143	7139	wire	10.855
7139	7135	wire	10.855
7135	7131	wire	10.855
7131	7127	wire	10.855
7127	7123	wire	10.855
7123	7119	wire	10.855
7119	7115	wire	10.855
7115	7111	wire	10.855
7111	7107	wire	10.855
7107	7103	wire	10.855
7103	7099	wire	10.855
7099	7095	wire	10.855
7095	7091	wire	10.855
7091	7087	wire	10.855
7087	7083	wire	10.855
7083	7079	wire	10.855
7079	7075	wire	10.855
7075	7071	wire	10.855
7071	7067	wire	10.855
7067	7063	wire	10.855
7063	7059	wire	10.855
7059	7055	wire	10.855
7339	7335	wire	10.855
7335	7331	wire	10.855
7331	7327	wire	10.855
7327	7323	wire	10.855
7323	7319	wire	10.855
7319	7315	wire	10.855
7315	7311	wire	10.855
7311	7307	wire	10.855
7307	7303	wire	10.855
7303	7299	wire	10.855
7299	7295	wire	10.855
7295	7291	wire	10.855
7291	7287	wire	10.855
7287	7283	wire	10.855
7283	7279	wire	10.855
7279	7275	wire	10.855
7275	7271	wire	10.855
7271	7267	wire	10.855
7267	7263	wire	10.855
7263	7259	wire	10.855
7259	7255	wire	10.855
7255	7251	wire	10.855
7251	7247	wire	10.855
7247	7243	wire	10.855
7243	7239	wire	10.855
7239	7235	wire	10.855
7235	7231	wire	10.855
7231	7227	wire	10.855
7227	7223	wire	10.855
7223	7219	wire	10.855
7219	7215	wire	10.855
7215	7211	wire	10.855
7211	7207	wire	10.855
7207	7203	wire	10.855
7203	7199	wire	10.855
7483	7479	wire	10.855
7479	7475	wire	10.855
7475	7471	wire	10.855
7471	7467	wire	10.855
7467	7463	wire	10.855
7463	7459	wire	10.855
7459	7455	wire	10.855
7455	7451	wire	10.855
7451	7447	wire	10.855
7447	7443	wire	10.855
7443	7439	wire	10.855
7439	7435	wire	10.855
7435	7431	wire	10.855
7431	7427	wire	10.855
7427	7423	wire	10.855
7423	7419	wire	10.855
7419	7415	wire	10.855
7415	7411	wire	10.855
7411	7407	wire	10.855
7407	7403	wire	10.855
7403	7399	wire	10.855
7399	7395	wire	10.855
7395	7391	wire	10.855
7391	7387	wire	10.855
7387	7383	wire	10.855
7383	7379	wire	10.855
7379	7375	wire	10.855
7375	7371	wire	10.855
7371	7367	wire	10.855
7367	7363	wire	10.855
7363	7359	wire	10.855
7359	7355	wire	10.855
7355	7351	wire	10.855
7351	7347	wire	10.855
7347	7343	wire	10.855
7627	7623	wire	10.855
7623	7619	wire	10.855
7619	7615	wire	10.855
7615	7611	wire	10.855
7611	7607	wire	10.855
7607	7603	wire	10.855
7603	7599	wire	10.855
7599	7595	wire	10.855
7595	7591	wire	10.855
7591	7587	wire	10.855
7587	7583	wire	10.855
7583	7579	wire	10.855
7579	7575	wire	10.855
7575	7571	wire	10.855
7571	7567	wire	10.855
7567	7563	wire	10.855
7563	7559	wire	10.855
7559	7555	wire	10.855
7555	7551	wire	10.855
7551	7547	wire	10.855
7547	7543	wire	10.855
7543	7539	wire	10.855
7539	7535	wire	10.855
7535	7531	wire	10.855
7531	7527	wire	10.855
7527	7523	wire	10.855
7523	7519	wire	10.855
7519	7515	wire	10.855
7515	7511	wire	10.855
7511	7507	wire	10.855
7507	7503	wire	10.855
7503	7499	wire	10.855
7499	7495	wire	10.855
7495	7491	wire	10.855
7491	7487	wire	10.855
7771	7767	wire	10.855
7767	7763	wire	10.855
7763	7759	wire	10.855
7759	7755	wire	10.855
7755	7751	wire	10.855
7751	7747	wire	10.855
7747	7743	wire	10.855
7743	7739	wire	10.855
7739	7735	wire	10.855
7735	7731	wire	10.855
7731	7727	wire	10.855
7727	7723	wire	10.855
7723	7719	wire	10.855
7719	7715	wire	10.855
7715	7711	wire	10.855
7711	7707	wire	10.855
7707	7703	wire	10.855
7703	7699	wire	10.855
7699	7695	wire	10.855
7695	7691	wire	10.855
7691	7687	wire	10.855
7687	7683	wire	10.855
7683	7679	wire	10.855
7679	7675	wire	10.855
7675	7671	wire	10.855
7671	7667	wire	10.855
7667	7663	wire	10.855
7663	7659	wire	10.855
7659	7655	wire	10.855
7655	7651	wire	10.855
7651	7647	wire	10.855
7647	7643	wire	10.855
7643	7639	wire	10.855
7639	7635	wire	10.855
7635	7631	wire	10.855
7915	7911	wire	10.855
7911	7907	wire	10.855
7907	7903	wire	10.855
7903	7899	wire	10.855
7899	7895	wire	10.855
7895	7891	wire	10.855
7891	7887	wire	10.855
7887	7883	wire	10.855
7883	7879	wire	10.855
7879	7875	wire	10.855
7875	7871	wire	10.855
7871	7867	wire	10.855
7867	7863	wire	10.855
7863	7859	wire	10.855
7859	7855	wire	10.855
7855	7851	wire	10.855
7851	7847	wire	10.855
7847	7843	wire	10.855
7843	7839	wire	10.855
7839	7835	wire	10.855
7835	7831	wire	10.855
7831	7827	wire	10.855
7827	7823	wire	10.855
7823	7819	wire	10.855
7819	7815	wire	10.855
7815	7811	wire	10.855
7811	7807	wire	10.855
7807	7803	wire	10.855
7803	7799	wire	10.855
7799	7795	wire	10.855
7795	7791	wire	10.855
7791	7787	wire	10.855
7787	7783	wire	10.855
7783	7779	wire	10.855
7779	7775	wire	10.855
8059	8055	wire	10.855
8055	8051	wire	10.855
8051	8047	wire	10.855
8047	8043	wire	10.855
8043	8039	wire	10.855
8039	8035	wire	10.855
8035	8031	wire	10.855
8031	8027	wire	10.855
8027	8023	wire	10.855
8023	8019	wire	10.855
8019	8015	wire	10.855
8015	8011	wire	10.855
8011	8007	wire	10.855
8007	8003	wire	10.855
8003	7999	wire	10.855
7999	7995	wire	10.855
7995	7991	wire	10.855
7991	7987	wire	10.855
7987	7983	wire	10.855
7983	7979	wire	10.855
7979	7975	wire	10.855
7975	7971	wire	10.855
7971	7967	wire	10.855
7967	7963	wire	10.855
7963	7959	wire	10.855
7959	7955	wire	10.855
7955	7951	wire	10.855
7951	7947	wire	10.855
7947	7943	wire	10.855
7943	7939	wire	10.855
7939	7935	wire	10.855
7935	7931	wire	10.855
7931	7927	wire	10.855
7927	7923	wire	10.855
7923	7919	wire	10.855
8203	8199	wire	10.855
8199	8195	wire	10.855
8195	8191	wire	10.855
8191	8187	wire	10.855
8187	8183	wire	10.855
8183	8179	wire	10.855
8179	8175	wire	10.855
8175	8171	wire	10.855
8171	8167	wire	10.855
8167	8163	wire	10.855
8163	8159	wire	10.855
8159	8155	wire	10.855
8155	8151	wire	10.855
8151	8147	wire	10.855
8147	8143	wire	10.855
8143	8139	wire	10.855
8139	8135	wire	10.855
8135	8131	wire	10.855
8131	8127	wire	10.855
8127	8123	wire	10.855
8123	8119	wire	10.855
8119	8115	wire	10.855
8115	8111	wire	10.855
8111	8107	wire	10.855
8107	8103	wire	10.855
8103	8099	wire	10.855
8099	8095	wire	10.855
8095	8091	wire	10.855
8091	8087	wire	10.855
8087	8083	wire	10.855
8083	8079	wire	10.855
8079	8075	wire	10.855
8075	8071	wire	10.855
8071	8067	wire	10.855
8067	8063	wire	10.855
8347	8343	wire	10.855
8343	8339	wire	10.855
8339	8335	wire	10.855
8335	8331	wire	10.855
8331	8327	wire	10.855
8327	8323	wire	10.855
8323	8319	wire	10.855
8319	8315	wire	10.855
8315	8311	wire	10.855
8311	8307	wire	10.855
8307	8303	wire	10.855
8303	8299	wire	10.855
8299	8295	wire	10.855
8295	8291	wire	10.855
8291	8287	wire	10.855
8287	8283	wire	10.855
8283	8279	wire	10.855
8279	8275	wire	10.855
8275	8271	wire	10.855
8271	8267	wire	10.855
8267	8263	wire	10.855
8263	8259	wire	10.855
8259	8255	wire	10.855
8255	8251	wire	10.855
8251	8247	wire	10.855
8247	8243	wire	10.855
8243	8239	wire	10.855
8239	8235	wire	10.855
8235	8231	wire	10.855
8231	8227	wire	10.855
8227	8223	wire	10.855
8223	8219	wire	10.855
8219	8215	wire	10.855
8215	8211	wire	10.855
8211	8207	wire	10.855
8495	8491	wire	29.2589
8491	8487	wire	10.855
8487	8483	wire	10.855
8483	8479	wire	10.855
8479	8475	wire	10.855
8475	8471	wire	10.855
8471	8467	wire	10.855
8467	8463	wire	10.855
8463	8459	wire	10.855
8459	8455	wire	10.855
8455	8451	wire	10.855
8451	8447	wire	10.855
8447	8443	wire	10.855
8443	8439	wire	10.855
8439	8435	wire	10.855
8435	8431	wire	10.855
8431	8427	wire	10.855
8427	8423	wire	10.855
8423	8419	wire	10.855
8419	8415	wire	10.855
8415	8411	wire	10.855
8411	8407	wire	10.855
8407	8403	wire	10.855
8403	8399	wire	10.855
8399	8395	wire	10.855
8395	8391	wire	10.855
8391	8387	wire	10.855
8387	8383	wire	10.855
8383	8379	wire	10.855
8379	8375	wire	10.855
8375	8371	wire	10.855
8371	8367	wire	10.855
8367	8363	wire	10.855
8363	8359	wire	10.855
8359	8355	wire	10.855
8355	8351	wire	10.855
8631	8627	wire	10.9444
8627	8623	wire	10.855
8623	8619	wire	10.855
8619	8615	wire	10.855
8615	8611	wire	10.855
8611	8607	wire	10.855
8607	8603	wire	10.855
8603	8599	wire	10.855
8599	8595	wire	10.855
8595	8591	wire	10.855
8591	8587	wire	10.855
8587	8583	wire	10.855
8583	8579	wire	10.855
8579	8575	wire	10.855
8575	8571	wire	10.855
8571	8567	wire	10.855
8567	8563	wire	10.855
8563	8559	wire	10.855
8559	8555	wire	10.855
8555	8551	wire	10.855
8551	8547	wire	10.855
8547	8543	wire	10.855
8543	8539	wire	10.855
8539	8535	wire	10.855
8535	8531	wire	10.855
8531	8527	wire	10.855
8527	8523	wire	10.855
8523	8519	wire	10.855
8519	8515	wire	10.855
8515	8511	wire	10.855
8511	8507	wire	10.855
8507	8503	wire	10.855
8503	8499	wire	10.855
8787	8783	wire	29.2589
8783	8779	wire	10.855
8779	8775	wire	10.855
8775	8771	wire	10.855
8771	8767	wire	10.855
8767	8763	wire	10.855
8763	8759	wire	10.855
8759	8755	wire	10.855
8755	8751	wire	10.855
8751	8747	wire	10.855
8747	8743	wire	10.855
8743	8739	wire	10.855
8739	8735	wire	10.855
8735	8731	wire	10.855
8731	8727	wire	10.855
8727	8723	wire	10.855
8723	8719	wire	10.855
8719	8715	wire	10.855
8715	8711	wire	10.855
8711	8707	wire	10.855
8707	8703	wire	10.855
8703	8699	wire	10.855
8699	8695	wire	10.855
8695	8691	wire	10.855
8691	8687	wire	10.855
8687	8683	wire	10.855
8683	8679	wire	10.855
8679	8675	wire	10.855
8675	8671	wire	10.855
8671	8667	wire	10.855
8667	8663	wire	10.855
8663	8659	wire	10.855
8659	8655	wire	10.855
8655	8651	wire	10.855
8651	8647	wire	10.855
8647	8643	wire	10.855
8643	8639	wire	47.4019
8895	8891	wire	10.855
8891	8887	wire	10.855
8887	8883	wire	10.855
8883	8879	wire	10.855
8879	8875	wire	10.855
8875	8871	wire	10.855
8871	8867	wire	10.855
8867	8863	wire	10.855
8863	8859	wire	10.855
8859	8855	wire	10.855
8855	8851	wire	10.855
8851	8847	wire	10.855
8847	8843	wire	10.855
8843	8839	wire	10.855
8839	8835	wire	10.855
8835	8831	wire	10.855
8831	8827	wire	10.855
8827	8823	wire	10.855
8823	8819	wire	10.855
8819	8815	wire	10.855
8815	8811	wire	10.855
8811	8807	wire	10.855
8807	8803	wire	10.855
8803	8799	wire	10.855
8799	8795	wire	28.8954
9035	9031	wire	10.855
9031	9027	wire	10.855
9027	9023	wire	10.855
9023	9019	wire	10.855
9019	9015	wire	10.855
9015	9011	wire	10.855
9011	9007	wire	10.855
9007	9003	wire	10.855
9003	8999	wire	10.855
8999	8995	wire	10.855
8995	8991	wire	10.855
8991	8987	wire	10.855
8987	8983	wire	10.855
8983	8979	wire	10.855
8979	8975	wire	10.855
8975	8971	wire	10.855
8971	8967	wire	10.855
8967	8963	wire	10.855
9135	9131	wire	10.855
9131	9127	wire	10.855
9127	9123	wire	10.855
9123	9119	wire	10.855
9119	9115	wire	10.855
9115	9111	wire	10.855
9111	9107	wire	10.855
9107	9103	wire	10.855
9103	9099	wire	10.855
9099	9095	wire	10.855
9095	9091	wire	10.855
9091	9087	wire	10.855
9087	9083	wire	10.855
9083	9079	wire	10.855
9079	9075	wire	10.855
9075	9071	wire	10.855
9071	9067	wire	10.855
9067	9063	wire	10.855
0	1	via	33.2745
2	3	via	33.2745
4	5	via	33.2745
6	7	via	33.2745
8	9	via	33.2745
10	11	via	33.2745
12	13	via	33.2745
14	15	via	33.2745
16	17	via	33.2745
18	19	via	33.2745
20	21	via	33.2745
22	23	via	33.2745
24	25	via	33.2745
26	27	via	33.2745
28	29	via	33.2745
30	31	via	33.2745
32	33	via	33.2745
34	35	via	33.2745
36	37	via	33.2745
38	39	via	33.2745
40	41	via	33.2745
42	43	via	33.2745
44	45	via	33.2745
46	47	via	33.2745
48	49	via	33.2745
50	51	via	33.2745
52	53	via	33.2745
54	55	via	33.2745
56	57	via	33.2745
58	59	via	33.2745
60	61	via	33.2745
62	63	via	33.2745
64	65	via	33.2745
66	67	via	33.2745
68	69	via	33.2745
70	71	via	33.2745
72	73	via	33.2745
74	75	via	33.2745
76	77	via	33.2745
78	79	via	33.2745
80	81	via	33.2745
82	83	via	33.2745
84	85	via	33.2745
86	87	via	33.2745
88	89	via	33.2745
90	91	via	33.2745
92	93	via	33.2745
94	95	via	33.2745
96	97	via	33.2745
98	99	via	33.2745
100	101	via	33.2745
102	103	via	33.2745
104	105	via	33.2745
106	107	via	33.2745
108	109	via	33.2745
110	111	via	33.2745
112	113	via	33.2745
114	115	via	33.2745
116	117	via	33.2745
118	119	via	33.2745
120	121	via	33.2745
122	123	via	33.2745
124	125	via	33.2745
126	127	via	33.2745
128	129	via	33.2745
130	131	via	33.2745
132	133	via	33.2745
134	135	via	33.2745
136	137	via	33.2745
138	139	via	33.2745
140	141	via	33.2745
142	143	via	33.2745
144	145	via	33.2745
146	147	via	33.2745
148	149	via	33.2745
150	151	via	33.2745
152	153	via	33.2745
154	155	via	33.2745
156	157	via	33.2745
158	159	via	33.2745
160	161	via	33.2745
162	163	via	33.2745
164	165	via	33.2745
166	167	via	33.2745
168	169	via	33.2745
170	171	via	33.2745
172	173	via	33.2745
174	175	via	33.2745
176	177	via	33.2745
178	179	via	33.2745
180	181	via	33.2745
182	183	via	33.2745
184	185	via	33.2745
186	187	via	33.2745
188	189	via	33.2745
190	191	via	33.2745
192	193	via	33.2745
194	195	via	33.2745
196	197	via	33.2745
198	199	via	33.2745
200	201	via	33.2745
202	203	via	33.2745
204	205	via	33.2745
206	207	via	33.2745
208	209	via	33.2745
210	211	via	33.2745
212	213	via	33.2745
214	215	via	33.2745
216	217	via	33.2745
218	219	via	33.2745
220	221	via	33.2745
222	223	via	33.2745
224	225	via	33.2745
226	227	via	33.2745
228	229	via	33.2745
230	231	via	33.2745
232	233	via	33.2745
234	235	via	33.2745
236	237	via	33.2745
238	239	via	33.2745
240	241	via	33.2745
242	243	via	33.2745
244	245	via	33.2745
246	247	via	33.2745
248	249	via	33.2745
250	251	via	33.2745
252	253	via	33.2745
254	255	via	33.2745
256	257	via	33.2745
258	259	via	33.2745
260	261	via	33.2745
262	263	via	33.2745
264	265	via	33.2745
266	267	via	33.2745
268	269	via	33.2745
270	271	via	33.2745
272	273	via	33.2745
274	275	via	33.2745
276	277	via	33.2745
278	279	via	33.2745
280	281	via	33.2745
282	283	via	33.2745
284	285	via	33.2745
286	287	via	33.2745
288	289	via	33.2745
290	291	via	33.2745
292	293	via	33.2745
294	295	via	33.2745
296	297	via	33.2745
298	299	via	33.2745
300	301	via	33.2745
302	303	via	33.2745
304	305	via	33.2745
306	307	via	33.2745
308	309	via	33.2745
310	311	via	33.2745
312	313	via	33.2745
314	315	via	33.2745
316	317	via	33.2745
318	319	via	33.2745
320	321	via	33.2745
322	323	via	33.2745
324	325	via	33.2745
326	327	via	33.2745
328	329	via	33.2745
330	331	via	33.2745
332	333	via	33.2745
334	335	via	33.2745
336	337	via	33.2745
338	339	via	33.2745
340	341	via	33.2745
342	343	via	33.2745
344	345	via	33.2745
346	347	via	33.2745
348	349	via	33.2745
350	351	via	33.2745
352	353	via	33.2745
354	355	via	33.2745
356	357	via	33.2745
358	359	via	33.2745
360	361	via	33.2745
362	363	via	33.2745
364	365	via	33.2745
366	367	via	33.2745
368	369	via	33.2745
370	371	via	33.2745
372	373	via	33.2745
374	375	via	33.2745
376	377	via	33.2745
378	379	via	33.2745
380	381	via	33.2745
382	383	via	33.2745
384	385	via	33.2745
386	387	via	33.2745
388	389	via	33.2745
390	391	via	33.2745
392	393	via	33.2745
394	395	via	33.2745
396	397	via	33.2745
398	399	via	33.2745
400	401	via	33.2745
402	403	via	33.2745
404	405	via	33.2745
406	407	via	33.2745
408	409	via	33.2745
410	411	via	33.2745
412	413	via	33.2745
414	415	via	33.2745
416	417	via	33.2745
418	419	via	33.2745
420	421	via	33.2745
422	423	via	33.2745
424	425	via	33.2745
426	427	via	33.2745
428	429	via	33.2745
430	431	via	33.2745
432	433	via	33.2745
434	435	via	33.2745
436	437	via	33.2745
438	439	via	33.2745
440	441	via	33.2745
442	443	via	33.2745
444	445	via	33.2745
446	447	via	33.2745
448	449	via	33.2745
450	451	via	33.2745
452	453	via	33.2745
454	455	via	33.2745
456	457	via	33.2745
458	459	via	33.2745
460	461	via	33.2745
462	463	via	33.2745
464	465	via	33.2745
466	467	via	33.2745
468	469	via	33.2745
470	471	via	33.2745
472	473	via	33.2745
474	475	via	33.2745
476	477	via	33.2745
478	479	via	33.2745
480	481	via	33.2745
482	483	via	33.2745
484	485	via	33.2745
486	487	via	33.2745
488	489	via	33.2745
490	491	via	33.2745
492	493	via	33.2745
494	495	via	33.2745
496	497	via	33.2745
498	499	via	33.2745
500	501	via	33.2745
502	503	via	33.2745
504	505	via	33.2745
506	507	via	33.2745
508	509	via	33.2745
510	511	via	33.2745
512	513	via	33.2745
514	515	via	33.2745
516	517	via	33.2745
518	519	via	33.2745
520	521	via	33.2745
522	523	via	33.2745
524	525	via	33.2745
526	527	via	33.2745
528	529	via	33.2745
530	531	via	33.2745
532	533	via	33.2745
534	535	via	33.2745
536	537	via	33.2745
538	539	via	33.2745
540	541	via	33.2745
542	543	via	33.2745
544	545	via	33.2745
546	547	via	33.2745
548	549	via	33.2745
550	551	via	33.2745
552	553	via	33.2745
554	555	via	33.2745
556	557	via	33.2745
558	559	via	33.2745
560	561	via	33.2745
562	563	via	33.2745
564	565	via	33.2745
566	567	via	33.2745
568	569	via	33.2745
570	571	via	33.2745
572	573	via	33.2745
574	575	via	33.2745
576	577	via	33.2745
578	579	via	33.2745
580	581	via	33.2745
582	583	via	33.2745
584	585	via	33.2745
586	587	via	33.2745
588	589	via	33.2745
590	591	via	33.2745
592	593	via	33.2745
594	595	via	33.2745
596	597	via	33.2745
598	599	via	33.2745
600	601	via	33.2745
602	603	via	33.2745
604	605	via	33.2745
606	607	via	33.2745
608	609	via	33.2745
610	611	via	33.2745
612	613	via	33.2745
614	615	via	33.2745
616	617	via	33.2745
618	619	via	33.2745
620	621	via	33.2745
622	623	via	33.2745
624	625	via	33.2745
626	627	via	33.2745
628	629	via	33.2745
630	631	via	33.2745
632	633	via	33.2745
634	635	via	33.2745
636	637	via	33.2745
638	639	via	33.2745
640	641	via	33.2745
642	643	via	33.2745
644	645	via	33.2745
646	647	via	33.2745
648	649	via	33.2745
650	651	via	33.2745
652	653	via	33.2745
654	655	via	33.2745
656	657	via	33.2745
658	659	via	33.2745
660	661	via	33.2745
662	663	via	33.2745
664	665	via	33.2745
666	667	via	33.2745
668	669	via	33.2745
670	671	via	33.2745
672	673	via	33.2745
674	675	via	33.2745
676	677	via	33.2745
678	679	via	33.2745
680	681	via	33.2745
682	683	via	33.2745
684	685	via	33.2745
686	687	via	33.2745
688	689	via	33.2745
690	691	via	33.2745
692	693	via	33.2745
694	695	via	33.2745
696	697	via	33.2745
698	699	via	33.2745
700	701	via	33.2745
702	703	via	33.2745
704	705	via	33.2745
706	707	via	33.2745
708	709	via	33.2745
710	711	via	33.2745
712	713	via	33.2745
714	715	via	33.2745
716	717	via	33.2745
718	719	via	33.2745
720	721	via	33.2745
722	723	via	33.2745
724	725	via	33.2745
726	727	via	33.2745
728	729	via	33.2745
730	731	via	33.2745
732	733	via	33.2745
734	735	via	33.2745
736	737	via	33.2745
738	739	via	33.2745
740	741	via	33.2745
742	743	via	33.2745
744	745	via	33.2745
746	747	via	33.2745
748	749	via	33.2745
750	751	via	33.2745
752	753	via	33.2745
754	755	via	33.2745
756	757	via	33.2745
758	759	via	33.2745
760	761	via	33.2745
762	763	via	33.2745
764	765	via	33.2745
766	767	via	33.2745
768	769	via	33.2745
770	771	via	33.2745
772	773	via	33.2745
774	775	via	33.2745
776	777	via	33.2745
778	779	via	33.2745
780	781	via	33.2745
782	783	via	33.2745
784	785	via	33.2745
786	787	via	33.2745
788	789	via	33.2745
790	791	via	33.2745
792	793	via	33.2745
794	795	via	33.2745
796	797	via	33.2745
798	799	via	33.2745
800	801	via	33.2745
802	803	via	33.2745
804	805	via	33.2745
806	807	via	33.2745
808	809	via	33.2745
810	811	via	33.2745
812	813	via	33.2745
814	815	via	33.2745
816	817	via	33.2745
818	819	via	33.2745
820	821	via	33.2745
822	823	via	33.2745
824	825	via	33.2745
826	827	via	33.2745
828	829	via	33.2745
830	831	via	33.2745
832	833	via	33.2745
834	835	via	33.2745
836	837	via	33.2745
838	839	via	33.2745
840	841	via	33.2745
842	843	via	33.2745
844	845	via	33.2745
846	847	via	33.2745
848	849	via	33.2745
850	851	via	33.2745
852	853	via	33.2745
854	855	via	33.2745
856	857	via	33.2745
858	859	via	33.2745
860	861	via	33.2745
862	863	via	33.2745
864	865	via	33.2745
866	867	via	33.2745
868	869	via	33.2745
870	871	via	33.2745
872	873	via	33.2745
874	875	via	33.2745
876	877	via	33.2745
878	879	via	33.2745
880	881	via	33.2745
882	883	via	33.2745
884	885	via	33.2745
886	887	via	33.2745
888	889	via	33.2745
890	891	via	33.2745
892	893	via	33.2745
894	895	via	33.2745
896	897	via	33.2745
898	899	via	33.2745
900	901	via	33.2745
902	903	via	33.2745
904	905	via	33.2745
906	907	via	33.2745
908	909	via	33.2745
910	911	via	33.2745
912	913	via	33.2745
914	915	via	33.2745
916	917	via	33.2745
918	919	via	33.2745
920	921	via	33.2745
922	923	via	33.2745
924	925	via	33.2745
926	927	via	33.2745
928	929	via	33.2745
930	931	via	33.2745
932	933	via	33.2745
934	935	via	33.2745
936	937	via	33.2745
938	939	via	33.2745
940	941	via	33.2745
942	943	via	33.2745
944	945	via	33.2745
946	947	via	33.2745
948	949	via	33.2745
950	951	via	33.2745
952	953	via	33.2745
954	955	via	33.2745
956	957	via	33.2745
958	959	via	33.2745
960	961	via	33.2745
962	963	via	33.2745
964	965	via	33.2745
966	967	via	33.2745
968	969	via	33.2745
970	971	via	33.2745
972	973	via	33.2745
974	975	via	33.2745
976	977	via	33.2745
978	979	via	33.2745
980	981	via	33.2745
982	983	via	33.2745
984	985	via	33.2745
986	987	via	33.2745
988	989	via	33.2745
990	991	via	33.2745
992	993	via	33.2745
994	995	via	33.2745
996	997	via	33.2745
998	999	via	33.2745
1000	1001	via	33.2745
1002	1003	via	33.2745
1004	1005	via	33.2745
1006	1007	via	33.2745
1008	1009	via	33.2745
1010	1011	via	33.2745
1012	1013	via	33.2745
1014	1015	via	33.2745
1016	1017	via	33.2745
1018	1019	via	33.2745
1020	1021	via	33.2745
1022	1023	via	33.2745
1024	1025	via	33.2745
1026	1027	via	33.2745
1028	1029	via	33.2745
1030	1031	via	33.2745
1032	1033	via	33.2745
1034	1035	via	33.2745
1036	1037	via	33.2745
1038	1039	via	33.2745
1040	1041	via	33.2745
1042	1043	via	33.2745
1044	1045	via	33.2745
1046	1047	via	33.2745
1048	1049	via	33.2745
1050	1051	via	33.2745
1052	1053	via	33.2745
1054	1055	via	33.2745
1056	1057	via	33.2745
1058	1059	via	33.2745
1060	1061	via	33.2745
1062	1063	via	33.2745
1064	1065	via	33.2745
1066	1067	via	33.2745
1068	1069	via	33.2745
1070	1071	via	33.2745
1072	1073	via	33.2745
1074	1075	via	33.2745
1076	1077	via	33.2745
1078	1079	via	33.2745
1080	1081	via	33.2745
1082	1083	via	33.2745
1084	1085	via	33.2745
1086	1087	via	33.2745
1088	1089	via	33.2745
1090	1091	via	33.2745
1092	1093	via	33.2745
1094	1095	via	33.2745
1096	1097	via	33.2745
1098	1099	via	33.2745
1100	1101	via	33.2745
1102	1103	via	33.2745
1104	1105	via	33.2745
1106	1107	via	33.2745
1108	1109	via	33.2745
1110	1111	via	33.2745
1112	1113	via	33.2745
1114	1115	via	33.2745
1116	1117	via	33.2745
1118	1119	via	33.2745
1120	1121	via	33.2745
1122	1123	via	33.2745
1124	1125	via	33.2745
1126	1127	via	33.2745
1128	1129	via	33.2745
1130	1131	via	33.2745
1132	1133	via	33.2745
1134	1135	via	33.2745
1136	1137	via	33.2745
1138	1139	via	33.2745
1140	1141	via	33.2745
1142	1143	via	33.2745
1144	1145	via	33.2745
1146	1147	via	33.2745
1148	1149	via	33.2745
1150	1151	via	33.2745
1152	1153	via	33.2745
1154	1155	via	33.2745
1156	1157	via	33.2745
1158	1159	via	33.2745
1160	1161	via	33.2745
1162	1163	via	33.2745
1164	1165	via	33.2745
1166	1167	via	33.2745
1168	1169	via	33.2745
1170	1171	via	33.2745
1172	1173	via	33.2745
1174	1175	via	33.2745
1176	1177	via	33.2745
1178	1179	via	33.2745
1180	1181	via	33.2745
1182	1183	via	33.2745
1184	1185	via	33.2745
1186	1187	via	33.2745
1188	1189	via	33.2745
1190	1191	via	33.2745
1192	1193	via	33.2745
1194	1195	via	33.2745
1196	1197	via	33.2745
1198	1199	via	33.2745
1200	1201	via	33.2745
1202	1203	via	33.2745
1204	1205	via	33.2745
1206	1207	via	33.2745
1208	1209	via	33.2745
1210	1211	via	33.2745
1212	1213	via	33.2745
1214	1215	via	33.2745
1216	1217	via	33.2745
1218	1219	via	33.2745
1220	1221	via	33.2745
1222	1223	via	33.2745
1224	1225	via	33.2745
1226	1227	via	33.2745
1228	1229	via	33.2745
1230	1231	via	33.2745
1232	1233	via	33.2745
1234	1235	via	33.2745
1236	1237	via	33.2745
1238	1239	via	33.2745
1240	1241	via	33.2745
1242	1243	via	33.2745
1244	1245	via	33.2745
1246	1247	via	33.2745
1248	1249	via	33.2745
1250	1251	via	33.2745
1252	1253	via	33.2745
1254	1255	via	33.2745
1256	1257	via	33.2745
1258	1259	via	33.2745
1260	1261	via	33.2745
1262	1263	via	33.2745
1264	1265	via	33.2745
1266	1267	via	33.2745
1268	1269	via	33.2745
1270	1271	via	33.2745
1272	1273	via	33.2745
1274	1275	via	33.2745
1276	1277	via	33.2745
1278	1279	via	33.2745
1280	1281	via	33.2745
1282	1283	via	33.2745
1284	1285	via	33.2745
1286	1287	via	33.2745
1288	1289	via	33.2745
1290	1291	via	33.2745
1292	1293	via	33.2745
1294	1295	via	33.2745
1296	1297	via	33.2745
1298	1299	via	33.2745
1300	1301	via	33.2745
1302	1303	via	33.2745
1304	1305	via	33.2745
1306	1307	via	33.2745
1308	1309	via	33.2745
1310	1311	via	33.2745
1312	1313	via	33.2745
1314	1315	via	33.2745
1316	1317	via	33.2745
1318	1319	via	33.2745
1320	1321	via	33.2745
1322	1323	via	33.2745
1324	1325	via	33.2745
1326	1327	via	33.2745
1328	1329	via	33.2745
1330	1331	via	33.2745
1332	1333	via	33.2745
1334	1335	via	33.2745
1336	1337	via	33.2745
1338	1339	via	33.2745
1340	1341	via	33.2745
1342	1343	via	33.2745
1344	1345	via	33.2745
1346	1347	via	33.2745
1348	1349	via	33.2745
1350	1351	via	33.2745
1352	1353	via	33.2745
1354	1355	via	33.2745
1356	1357	via	33.2745
1358	1359	via	33.2745
1360	1361	via	33.2745
1362	1363	via	33.2745
1364	1365	via	33.2745
1366	1367	via	33.2745
1368	1369	via	33.2745
1370	1371	via	33.2745
1372	1373	via	33.2745
1374	1375	via	33.2745
1376	1377	via	33.2745
1378	1379	via	33.2745
1380	1381	via	33.2745
1382	1383	via	33.2745
1384	1385	via	33.2745
1386	1387	via	33.2745
1388	1389	via	33.2745
1390	1391	via	33.2745
1392	1393	via	33.2745
1394	1395	via	33.2745
1396	1397	via	33.2745
1398	1399	via	33.2745
1400	1401	via	33.2745
1402	1403	via	33.2745
1404	1405	via	33.2745
1406	1407	via	33.2745
1408	1409	via	33.2745
1410	1411	via	33.2745
1412	1413	via	33.2745
1414	1415	via	33.2745
1416	1417	via	33.2745
1418	1419	via	33.2745
1420	1421	via	33.2745
1422	1423	via	33.2745
1424	1425	via	33.2745
1426	1427	via	33.2745
1428	1429	via	33.2745
1430	1431	via	33.2745
1432	1433	via	33.2745
1434	1435	via	33.2745
1436	1437	via	33.2745
1438	1439	via	33.2745
1440	1441	via	33.2745
1442	1443	via	33.2745
1444	1445	via	33.2745
1446	1447	via	33.2745
1448	1449	via	33.2745
1450	1451	via	33.2745
1452	1453	via	33.2745
1454	1455	via	33.2745
1456	1457	via	33.2745
1458	1459	via	33.2745
1460	1461	via	33.2745
1462	1463	via	33.2745
1464	1465	via	33.2745
1466	1467	via	33.2745
1468	1469	via	33.2745
1470	1471	via	33.2745
1472	1473	via	33.2745
1474	1475	via	33.2745
1476	1477	via	33.2745
1478	1479	via	33.2745
1480	1481	via	33.2745
1482	1483	via	33.2745
1484	1485	via	33.2745
1486	1487	via	33.2745
1488	1489	via	33.2745
1490	1491	via	33.2745
1492	1493	via	33.2745
1494	1495	via	33.2745
1496	1497	via	33.2745
1498	1499	via	33.2745
1500	1501	via	33.2745
1502	1503	via	33.2745
1504	1505	via	33.2745
1506	1507	via	33.2745
1508	1509	via	33.2745
1510	1511	via	33.2745
1512	1513	via	33.2745
1514	1515	via	33.2745
1516	1517	via	33.2745
1518	1519	via	33.2745
1520	1521	via	33.2745
1522	1523	via	33.2745
1524	1525	via	33.2745
1526	1527	via	33.2745
1528	1529	via	33.2745
1530	1531	via	33.2745
1532	1533	via	33.2745
1534	1535	via	33.2745
1536	1537	via	33.2745
1538	1539	via	33.2745
1540	1541	via	33.2745
1542	1543	via	33.2745
1544	1545	via	33.2745
1546	1547	via	33.2745
1548	1549	via	33.2745
1550	1551	via	33.2745
1552	1553	via	33.2745
1554	1555	via	33.2745
1556	1557	via	33.2745
1558	1559	via	33.2745
1560	1561	via	33.2745
1562	1563	via	33.2745
1564	1565	via	33.2745
1566	1567	via	33.2745
1568	1569	via	33.2745
1570	1571	via	33.2745
1572	1573	via	33.2745
1574	1575	via	33.2745
1576	1577	via	33.2745
1578	1579	via	33.2745
1580	1581	via	33.2745
1582	1583	via	33.2745
1584	1585	via	33.2745
1586	1587	via	33.2745
1588	1589	via	33.2745
1590	1591	via	33.2745
1592	1593	via	33.2745
1594	1595	via	33.2745
1596	1597	via	33.2745
1598	1599	via	33.2745
1600	1601	via	33.2745
1602	1603	via	33.2745
1604	1605	via	33.2745
1606	1607	via	33.2745
1608	1609	via	33.2745
1610	1611	via	33.2745
1612	1613	via	33.2745
1614	1615	via	33.2745
1616	1617	via	33.2745
1618	1619	via	33.2745
1620	1621	via	33.2745
1622	1623	via	33.2745
1624	1625	via	33.2745
1626	1627	via	33.2745
1628	1629	via	33.2745
1630	1631	via	33.2745
1632	1633	via	33.2745
1634	1635	via	33.2745
1636	1637	via	33.2745
1638	1639	via	33.2745
1640	1641	via	33.2745
1642	1643	via	33.2745
1644	1645	via	33.2745
1646	1647	via	33.2745
1648	1649	via	33.2745
1650	1651	via	33.2745
1652	1653	via	33.2745
1654	1655	via	33.2745
1656	1657	via	33.2745
1658	1659	via	33.2745
1660	1661	via	33.2745
1662	1663	via	33.2745
1664	1665	via	33.2745
1666	1667	via	33.2745
1668	1669	via	33.2745
1670	1671	via	33.2745
1672	1673	via	33.2745
1674	1675	via	33.2745
1676	1677	via	33.2745
1678	1679	via	33.2745
1680	1681	via	33.2745
1682	1683	via	33.2745
1684	1685	via	33.2745
1686	1687	via	33.2745
1688	1689	via	33.2745
1690	1691	via	33.2745
1692	1693	via	33.2745
1694	1695	via	33.2745
1696	1697	via	33.2745
1698	1699	via	33.2745
1700	1701	via	33.2745
1702	1703	via	33.2745
1704	1705	via	33.2745
1706	1707	via	33.2745
1708	1709	via	33.2745
1710	1711	via	33.2745
1712	1713	via	33.2745
1714	1715	via	33.2745
1716	1717	via	33.2745
1718	1719	via	33.2745
1720	1721	via	33.2745
1722	1723	via	33.2745
1724	1725	via	33.2745
1726	1727	via	33.2745
1728	1729	via	33.2745
1730	1731	via	33.2745
1732	1733	via	33.2745
1734	1735	via	33.2745
1736	1737	via	33.2745
1738	1739	via	33.2745
1740	1741	via	33.2745
1742	1743	via	33.2745
1744	1745	via	33.2745
1746	1747	via	33.2745
1748	1749	via	33.2745
1750	1751	via	33.2745
1752	1753	via	33.2745
1754	1755	via	33.2745
1756	1757	via	33.2745
1758	1759	via	33.2745
1760	1761	via	33.2745
1762	1763	via	33.2745
1764	1765	via	33.2745
1766	1767	via	33.2745
1768	1769	via	33.2745
1770	1771	via	33.2745
1772	1773	via	33.2745
1774	1775	via	33.2745
1776	1777	via	33.2745
1778	1779	via	33.2745
1780	1781	via	33.2745
1782	1783	via	33.2745
1784	1785	via	33.2745
1786	1787	via	33.2745
1788	1789	via	33.2745
1790	1791	via	33.2745
1792	1793	via	33.2745
1794	1795	via	33.2745
1796	1797	via	33.2745
1798	1799	via	33.2745
1800	1801	via	33.2745
1802	1803	via	33.2745
1804	1805	via	33.2745
1806	1807	via	33.2745
1808	1809	via	33.2745
1810	1811	via	33.2745
1812	1813	via	33.2745
1814	1815	via	33.2745
1816	1817	via	33.2745
1818	1819	via	33.2745
1820	1821	via	33.2745
1822	1823	via	33.2745
1824	1825	via	33.2745
1826	1827	via	33.2745
1828	1829	via	33.2745
1830	1831	via	33.2745
1832	1833	via	33.2745
1834	1835	via	33.2745
1836	1837	via	33.2745
1838	1839	via	33.2745
1840	1841	via	33.2745
1842	1843	via	33.2745
1844	1845	via	33.2745
1846	1847	via	33.2745
1848	1849	via	33.2745
1850	1851	via	33.2745
1852	1853	via	33.2745
1854	1855	via	33.2745
1856	1857	via	33.2745
1858	1859	via	33.2745
1860	1861	via	33.2745
1862	1863	via	33.2745
1864	1865	via	33.2745
1866	1867	via	33.2745
1868	1869	via	33.2745
1870	1871	via	33.2745
1872	1873	via	33.2745
1874	1875	via	33.2745
1876	1877	via	33.2745
1878	1879	via	33.2745
1880	1881	via	33.2745
1882	1883	via	33.2745
1884	1885	via	33.2745
1886	1887	via	33.2745
1888	1889	via	33.2745
1890	1891	via	33.2745
1892	1893	via	33.2745
1894	1895	via	33.2745
1896	1897	via	33.2745
1898	1899	via	33.2745
1900	1901	via	33.2745
1902	1903	via	33.2745
1904	1905	via	33.2745
1906	1907	via	33.2745
1908	1909	via	33.2745
1910	1911	via	33.2745
1912	1913	via	33.2745
1914	1915	via	33.2745
1916	1917	via	33.2745
1918	1919	via	33.2745
1920	1921	via	33.2745
1922	1923	via	33.2745
1924	1925	via	33.2745
1926	1927	via	33.2745
1928	1929	via	33.2745
1930	1931	via	33.2745
1932	1933	via	33.2745
1934	1935	via	33.2745
1936	1937	via	33.2745
1938	1939	via	33.2745
1940	1941	via	33.2745
1942	1943	via	33.2745
1944	1945	via	33.2745
1946	1947	via	33.2745
1948	1949	via	33.2745
1950	1951	via	33.2745
1952	1953	via	33.2745
1954	1955	via	33.2745
1956	1957	via	33.2745
1958	1959	via	33.2745
1960	1961	via	33.2745
1962	1963	via	33.2745
1964	1965	via	33.2745
1966	1967	via	33.2745
1968	1969	via	33.2745
1970	1971	via	33.2745
1972	1973	via	33.2745
1974	1975	via	33.2745
1976	1977	via	33.2745
1978	1979	via	33.2745
1980	1981	via	33.2745
1982	1983	via	33.2745
1984	1985	via	33.2745
1986	1987	via	33.2745
1988	1989	via	33.2745
1990	1991	via	33.2745
1992	1993	via	33.2745
1994	1995	via	33.2745
1996	1997	via	33.2745
1998	1999	via	33.2745
2000	2001	via	33.2745
2002	2003	via	33.2745
2004	2005	via	33.2745
2006	2007	via	33.2745
2008	2009	via	33.2745
2010	2011	via	33.2745
2012	2013	via	33.2745
2014	2015	via	33.2745
2016	2017	via	33.2745
2018	2019	via	33.2745
2020	2021	via	33.2745
2022	2023	via	33.2745
2024	2025	via	33.2745
2026	2027	via	33.2745
2028	2029	via	33.2745
2030	2031	via	33.2745
2032	2033	via	33.2745
2034	2035	via	33.2745
2036	2037	via	33.2745
2038	2039	via	33.2745
2040	2041	via	33.2745
2042	2043	via	33.2745
2044	2045	via	33.2745
2046	2047	via	33.2745
2048	2049	via	33.2745
2050	2051	via	33.2745
2052	2053	via	33.2745
2054	2055	via	33.2745
2056	2057	via	33.2745
2058	2059	via	33.2745
2060	2061	via	33.2745
2062	2063	via	33.2745
2064	2065	via	33.2745
2066	2067	via	33.2745
2068	2069	via	33.2745
2070	2071	via	33.2745
2072	2073	via	33.2745
2074	2075	via	33.2745
2076	2077	via	33.2745
2078	2079	via	33.2745
2080	2081	via	33.2745
2082	2083	via	33.2745
2084	2085	via	33.2745
2086	2087	via	33.2745
2088	2089	via	33.2745
2090	2091	via	33.2745
2092	2093	via	33.2745
2094	2095	via	33.2745
2096	2097	via	33.2745
2098	2099	via	33.2745
2100	2101	via	33.2745
2102	2103	via	33.2745
2104	2105	via	33.2745
2106	2107	via	33.2745
2108	2109	via	33.2745
2110	2111	via	33.2745
2112	2113	via	33.2745
2114	2115	via	33.2745
2116	2117	via	33.2745
2118	2119	via	33.2745
2120	2121	via	33.2745
2122	2123	via	33.2745
2124	2125	via	33.2745
2126	2127	via	33.2745
2128	2129	via	33.2745
2130	2131	via	33.2745
2132	2133	via	33.2745
2134	2135	via	33.2745
2136	2137	via	33.2745
2138	2139	via	33.2745
2140	2141	via	33.2745
2142	2143	via	33.2745
2144	2145	via	33.2745
2146	2147	via	33.2745
2148	2149	via	33.2745
2150	2151	via	33.2745
2152	2153	via	33.2745
2154	2155	via	33.2745
2156	2157	via	33.2745
2158	2159	via	33.2745
2160	2161	via	33.2745
2162	2163	via	33.2745
2164	2165	via	33.2745
2166	2167	via	33.2745
2168	2169	via	33.2745
2170	2171	via	33.2745
2172	2173	via	33.2745
2174	2175	via	33.2745
2176	2177	via	33.2745
2178	2179	via	33.2745
2180	2181	via	33.2745
2182	2183	via	33.2745
2184	2185	via	33.2745
2186	2187	via	33.2745
2188	2189	via	33.2745
2190	2191	via	33.2745
2192	2193	via	33.2745
2194	2195	via	33.2745
2196	2197	via	33.2745
2198	2199	via	33.2745
2200	2201	via	33.2745
2202	2203	via	33.2745
2204	2205	via	33.2745
2206	2207	via	33.2745
2208	2209	via	33.2745
2210	2211	via	33.2745
2212	2213	via	33.2745
2214	2215	via	33.2745
2216	2217	via	33.2745
2218	2219	via	33.2745
2220	2221	via	33.2745
2222	2223	via	33.2745
2224	2225	via	33.2745
2226	2227	via	33.2745
2228	2229	via	33.2745
2230	2231	via	33.2745
2232	2233	via	33.2745
2234	2235	via	33.2745
2236	2237	via	33.2745
2238	2239	via	33.2745
2240	2241	via	33.2745
2242	2243	via	33.2745
2244	2245	via	33.2745
2246	2247	via	33.2745
2248	2249	via	33.2745
2250	2251	via	33.2745
2252	2253	via	33.2745
2254	2255	via	33.2745
2256	2257	via	33.2745
2258	2259	via	33.2745
2260	2261	via	33.2745
2262	2263	via	33.2745
2264	2265	via	33.2745
2266	2267	via	33.2745
2268	2269	via	33.2745
2270	2271	via	33.2745
2272	2273	via	33.2745
2274	2275	via	33.2745
2276	2277	via	33.2745
2278	2279	via	33.2745
2280	2281	via	33.2745
2282	2283	via	33.2745
2284	2285	via	33.2745
2286	2287	via	33.2745
2288	2289	via	33.2745
2290	2291	via	33.2745
2292	2293	via	33.2745
2294	2295	via	33.2745
2296	2297	via	33.2745
2298	2299	via	33.2745
2300	2301	via	33.2745
2302	2303	via	33.2745
2304	2305	via	33.2745
2306	2307	via	33.2745
2308	2309	via	33.2745
2310	2311	via	33.2745
2312	2313	via	33.2745
2314	2315	via	33.2745
2316	2317	via	33.2745
2318	2319	via	33.2745
2320	2321	via	33.2745
2322	2323	via	33.2745
2324	2325	via	33.2745
2326	2327	via	33.2745
2328	2329	via	33.2745
2330	2331	via	33.2745
2332	2333	via	33.2745
2334	2335	via	33.2745
2336	2337	via	33.2745
2338	2339	via	33.2745
2340	2341	via	33.2745
2342	2343	via	33.2745
2344	2345	via	33.2745
2346	2347	via	33.2745
2348	2349	via	33.2745
2350	2351	via	33.2745
2352	2353	via	33.2745
2354	2355	via	33.2745
2356	2357	via	33.2745
2358	2359	via	33.2745
2360	2361	via	33.2745
2362	2363	via	33.2745
2364	2365	via	33.2745
2366	2367	via	33.2745
2368	2369	via	33.2745
2370	2371	via	33.2745
2372	2373	via	33.2745
2374	2375	via	33.2745
2376	2377	via	33.2745
2378	2379	via	33.2745
2380	2381	via	33.2745
2382	2383	via	33.2745
2384	2385	via	33.2745
2386	2387	via	33.2745
2388	2389	via	33.2745
2390	2391	via	33.2745
2392	2393	via	33.2745
2394	2395	via	33.2745
2396	2397	via	33.2745
2398	2399	via	33.2745
2400	2401	via	33.2745
2402	2403	via	33.2745
2404	2405	via	33.2745
2406	2407	via	33.2745
2408	2409	via	33.2745
2410	2411	via	33.2745
2412	2413	via	33.2745
2414	2415	via	33.2745
2416	2417	via	33.2745
2418	2419	via	33.2745
2420	2421	via	33.2745
2422	2423	via	33.2745
2424	2425	via	33.2745
2426	2427	via	33.2745
2428	2429	via	33.2745
2430	2431	via	33.2745
2432	2433	via	33.2745
2434	2435	via	33.2745
2436	2437	via	33.2745
2438	2439	via	33.2745
2440	2441	via	33.2745
2442	2443	via	33.2745
2444	2445	via	33.2745
2446	2447	via	33.2745
2448	2449	via	33.2745
2450	2451	via	33.2745
2452	2453	via	33.2745
2454	2455	via	33.2745
2456	2457	via	33.2745
2458	2459	via	33.2745
2460	2461	via	33.2745
2462	2463	via	33.2745
2464	2465	via	33.2745
2466	2467	via	33.2745
2468	2469	via	33.2745
2470	2471	via	33.2745
2472	2473	via	33.2745
2474	2475	via	33.2745
2476	2477	via	33.2745
2478	2479	via	33.2745
2480	2481	via	33.2745
2482	2483	via	33.2745
2484	2485	via	33.2745
2486	2487	via	33.2745
2488	2489	via	33.2745
2490	2491	via	33.2745
2492	2493	via	33.2745
2494	2495	via	33.2745
2496	2497	via	33.2745
2498	2499	via	33.2745
2500	2501	via	33.2745
2502	2503	via	33.2745
2504	2505	via	33.2745
2506	2507	via	33.2745
2508	2509	via	33.2745
2510	2511	via	33.2745
2512	2513	via	33.2745
2514	2515	via	33.2745
2516	2517	via	33.2745
2518	2519	via	33.2745
2520	2521	via	33.2745
2522	2523	via	33.2745
2524	2525	via	33.2745
2526	2527	via	33.2745
2528	2529	via	33.2745
2530	2531	via	33.2745
2532	2533	via	33.2745
2534	2535	via	33.2745
2536	2537	via	33.2745
2538	2539	via	33.2745
2540	2541	via	33.2745
2542	2543	via	33.2745
2544	2545	via	33.2745
2546	2547	via	33.2745
2548	2549	via	33.2745
2550	2551	via	33.2745
2552	2553	via	33.2745
2554	2555	via	33.2745
2556	2557	via	33.2745
2558	2559	via	33.2745
2560	2561	via	33.2745
2562	2563	via	33.2745
2564	2565	via	33.2745
2566	2567	via	33.2745
2568	2569	via	33.2745
2570	2571	via	33.2745
2572	2573	via	33.2745
2574	2575	via	33.2745
2576	2577	via	33.2745
2578	2579	via	33.2745
2580	2581	via	33.2745
2582	2583	via	33.2745
2584	2585	via	33.2745
2586	2587	via	33.2745
2588	2589	via	33.2745
2590	2591	via	33.2745
2592	2593	via	33.2745
2594	2595	via	33.2745
2596	2597	via	33.2745
2598	2599	via	33.2745
2600	2601	via	33.2745
2602	2603	via	33.2745
2604	2605	via	33.2745
2606	2607	via	33.2745
2608	2609	via	33.2745
2610	2611	via	33.2745
2612	2613	via	33.2745
2614	2615	via	33.2745
2616	2617	via	33.2745
2618	2619	via	33.2745
2620	2621	via	33.2745
2622	2623	via	33.2745
2624	2625	via	33.2745
2626	2627	via	33.2745
2628	2629	via	33.2745
2630	2631	via	33.2745
2632	2633	via	33.2745
2634	2635	via	33.2745
2636	2637	via	33.2745
2638	2639	via	33.2745
2640	2641	via	33.2745
2642	2643	via	33.2745
2644	2645	via	33.2745
2646	2647	via	33.2745
2648	2649	via	33.2745
2650	2651	via	33.2745
2652	2653	via	33.2745
2654	2655	via	33.2745
2656	2657	via	33.2745
2658	2659	via	33.2745
2660	2661	via	33.2745
2662	2663	via	33.2745
2664	2665	via	33.2745
2666	2667	via	33.2745
2668	2669	via	33.2745
2670	2671	via	33.2745
2672	2673	via	33.2745
2674	2675	via	33.2745
2676	2677	via	33.2745
2678	2679	via	33.2745
2680	2681	via	33.2745
2682	2683	via	33.2745
2684	2685	via	33.2745
2686	2687	via	33.2745
2688	2689	via	33.2745
2690	2691	via	33.2745
2692	2693	via	33.2745
2694	2695	via	33.2745
2696	2697	via	33.2745
2698	2699	via	33.2745
2700	2701	via	33.2745
2702	2703	via	33.2745
2704	2705	via	33.2745
2706	2707	via	33.2745
2708	2709	via	33.2745
2710	2711	via	33.2745
2712	2713	via	33.2745
2714	2715	via	33.2745
2716	2717	via	33.2745
2718	2719	via	33.2745
2720	2721	via	33.2745
2722	2723	via	33.2745
2724	2725	via	33.2745
2726	2727	via	33.2745
2728	2729	via	33.2745
2730	2731	via	33.2745
2732	2733	via	33.2745
2734	2735	via	33.2745
2736	2737	via	33.2745
2738	2739	via	33.2745
2740	2741	via	33.2745
2742	2743	via	33.2745
2744	2745	via	33.2745
2746	2747	via	33.2745
2748	2749	via	33.2745
2750	2751	via	33.2745
2752	2753	via	33.2745
2754	2755	via	33.2745
2756	2757	via	33.2745
2758	2759	via	33.2745
2760	2761	via	33.2745
2762	2763	via	33.2745
2764	2765	via	33.2745
2766	2767	via	33.2745
2768	2769	via	33.2745
2770	2771	via	33.2745
2772	2773	via	33.2745
2774	2775	via	33.2745
2776	2777	via	33.2745
2778	2779	via	33.2745
2780	2781	via	33.2745
2782	2783	via	33.2745
2784	2785	via	33.2745
2786	2787	via	33.2745
2788	2789	via	33.2745
2790	2791	via	33.2745
2792	2793	via	33.2745
2794	2795	via	33.2745
2796	2797	via	33.2745
2798	2799	via	33.2745
2800	2801	via	33.2745
2802	2803	via	33.2745
2804	2805	via	33.2745
2806	2807	via	33.2745
2808	2809	via	33.2745
2810	2811	via	33.2745
2812	2813	via	33.2745
2814	2815	via	33.2745
2816	2817	via	33.2745
2818	2819	via	33.2745
2820	2821	via	33.2745
2822	2823	via	33.2745
2824	2825	via	33.2745
2826	2827	via	33.2745
2828	2829	via	33.2745
2830	2831	via	33.2745
2832	2833	via	33.2745
2834	2835	via	33.2745
2836	2837	via	33.2745
2838	2839	via	33.2745
2840	2841	via	33.2745
2842	2843	via	33.2745
2844	2845	via	33.2745
2846	2847	via	33.2745
2848	2849	via	33.2745
2850	2851	via	33.2745
2852	2853	via	33.2745
2854	2855	via	33.2745
2856	2857	via	33.2745
2858	2859	via	33.2745
2860	2861	via	33.2745
2862	2863	via	33.2745
2864	2865	via	33.2745
2866	2867	via	33.2745
2868	2869	via	33.2745
2870	2871	via	33.2745
2872	2873	via	33.2745
2874	2875	via	33.2745
2876	2877	via	33.2745
2878	2879	via	33.2745
2880	2881	via	33.2745
2882	2883	via	33.2745
2884	2885	via	33.2745
2886	2887	via	33.2745
2888	2889	via	33.2745
2890	2891	via	33.2745
2892	2893	via	33.2745
2894	2895	via	33.2745
2896	2897	via	33.2745
2898	2899	via	33.2745
2900	2901	via	33.2745
2902	2903	via	33.2745
2904	2905	via	33.2745
2906	2907	via	33.2745
2908	2909	via	33.2745
2910	2911	via	33.2745
2912	2913	via	33.2745
2914	2915	via	33.2745
2916	2917	via	33.2745
2918	2919	via	33.2745
2920	2921	via	33.2745
2922	2923	via	33.2745
2924	2925	via	33.2745
2926	2927	via	33.2745
2928	2929	via	33.2745
2930	2931	via	33.2745
2932	2933	via	33.2745
2934	2935	via	33.2745
2936	2937	via	33.2745
2938	2939	via	33.2745
2940	2941	via	33.2745
2942	2943	via	33.2745
2944	2945	via	33.2745
2946	2947	via	33.2745
2948	2949	via	33.2745
2950	2951	via	33.2745
2952	2953	via	33.2745
2954	2955	via	33.2745
2956	2957	via	33.2745
2958	2959	via	33.2745
2960	2961	via	33.2745
2962	2963	via	33.2745
2964	2965	via	33.2745
2966	2967	via	33.2745
2968	2969	via	33.2745
2970	2971	via	33.2745
2972	2973	via	33.2745
2974	2975	via	33.2745
2976	2977	via	33.2745
2978	2979	via	33.2745
2980	2981	via	33.2745
2982	2983	via	33.2745
2984	2985	via	33.2745
2986	2987	via	33.2745
2988	2989	via	33.2745
2990	2991	via	33.2745
2992	2993	via	33.2745
2994	2995	via	33.2745
2996	2997	via	33.2745
2998	2999	via	33.2745
3000	3001	via	33.2745
3002	3003	via	33.2745
3004	3005	via	33.2745
3006	3007	via	33.2745
3008	3009	via	33.2745
3010	3011	via	33.2745
3012	3013	via	33.2745
3014	3015	via	33.2745
3016	3017	via	33.2745
3018	3019	via	33.2745
3020	3021	via	33.2745
3022	3023	via	33.2745
3024	3025	via	33.2745
3026	3027	via	33.2745
3028	3029	via	33.2745
3030	3031	via	33.2745
3032	3033	via	33.2745
3034	3035	via	33.2745
3036	3037	via	33.2745
3038	3039	via	33.2745
3040	3041	via	33.2745
3042	3043	via	33.2745
3044	3045	via	33.2745
3046	3047	via	33.2745
3048	3049	via	33.2745
3050	3051	via	33.2745
3052	3053	via	33.2745
3054	3055	via	33.2745
3056	3057	via	33.2745
3058	3059	via	33.2745
3060	3061	via	33.2745
3062	3063	via	33.2745
3064	3065	via	33.2745
3066	3067	via	33.2745
3068	3069	via	33.2745
3070	3071	via	33.2745
3072	3073	via	33.2745
3074	3075	via	33.2745
3076	3077	via	33.2745
3078	3079	via	33.2745
3080	3081	via	33.2745
3082	3083	via	33.2745
3084	3085	via	33.2745
3086	3087	via	33.2745
3088	3089	via	33.2745
3090	3091	via	33.2745
3092	3093	via	33.2745
3094	3095	via	33.2745
3096	3097	via	33.2745
3098	3099	via	33.2745
3100	3101	via	33.2745
3102	3103	via	33.2745
3104	3105	via	33.2745
3106	3107	via	33.2745
3108	3109	via	33.2745
3110	3111	via	33.2745
3112	3113	via	33.2745
3114	3115	via	33.2745
3116	3117	via	33.2745
3118	3119	via	33.2745
3120	3121	via	33.2745
3122	3123	via	33.2745
3124	3125	via	33.2745
3126	3127	via	33.2745
3128	3129	via	33.2745
3130	3131	via	33.2745
3132	3133	via	33.2745
3134	3135	via	33.2745
3136	3137	via	33.2745
3138	3139	via	33.2745
3140	3141	via	33.2745
3142	3143	via	33.2745
3144	3145	via	33.2745
3146	3147	via	33.2745
3148	3149	via	33.2745
3150	3151	via	33.2745
3152	3153	via	33.2745
3154	3155	via	33.2745
3156	3157	via	33.2745
3158	3159	via	33.2745
3160	3161	via	33.2745
3162	3163	via	33.2745
3164	3165	via	33.2745
3166	3167	via	33.2745
3168	3169	via	33.2745
3170	3171	via	33.2745
3172	3173	via	33.2745
3174	3175	via	33.2745
3176	3177	via	33.2745
3178	3179	via	33.2745
3180	3181	via	33.2745
3182	3183	via	33.2745
3184	3185	via	33.2745
3186	3187	via	33.2745
3188	3189	via	33.2745
3190	3191	via	33.2745
3192	3193	via	33.2745
3194	3195	via	33.2745
3196	3197	via	33.2745
3198	3199	via	33.2745
3200	3201	via	33.2745
3202	3203	via	33.2745
3204	3205	via	33.2745
3206	3207	via	33.2745
3208	3209	via	33.2745
3210	3211	via	33.2745
3212	3213	via	33.2745
3214	3215	via	33.2745
3216	3217	via	33.2745
3218	3219	via	33.2745
3220	3221	via	33.2745
3222	3223	via	33.2745
3224	3225	via	33.2745
3226	3227	via	33.2745
3228	3229	via	33.2745
3230	3231	via	33.2745
3232	3233	via	33.2745
3234	3235	via	33.2745
3236	3237	via	33.2745
3238	3239	via	33.2745
3240	3241	via	33.2745
3242	3243	via	33.2745
3244	3245	via	33.2745
3246	3247	via	33.2745
3248	3249	via	33.2745
3250	3251	via	33.2745
3252	3253	via	33.2745
3254	3255	via	33.2745
3256	3257	via	33.2745
3258	3259	via	33.2745
3260	3261	via	33.2745
3262	3263	via	33.2745
3264	3265	via	33.2745
3266	3267	via	33.2745
3268	3269	via	33.2745
3270	3271	via	33.2745
3272	3273	via	33.2745
3274	3275	via	33.2745
3276	3277	via	33.2745
3278	3279	via	33.2745
3280	3281	via	33.2745
3282	3283	via	33.2745
3284	3285	via	33.2745
3286	3287	via	33.2745
3288	3289	via	33.2745
3290	3291	via	33.2745
3292	3293	via	33.2745
3294	3295	via	33.2745
3296	3297	via	33.2745
3298	3299	via	33.2745
3300	3301	via	33.2745
3302	3303	via	33.2745
3304	3305	via	33.2745
3306	3307	via	33.2745
3308	3309	via	33.2745
3310	3311	via	33.2745
3312	3313	via	33.2745
3314	3315	via	33.2745
3316	3317	via	33.2745
3318	3319	via	33.2745
3320	3321	via	33.2745
3322	3323	via	33.2745
3324	3325	via	33.2745
3326	3327	via	33.2745
3328	3329	via	33.2745
3330	3331	via	33.2745
3332	3333	via	33.2745
3334	3335	via	33.2745
3336	3337	via	33.2745
3338	3339	via	33.2745
3340	3341	via	33.2745
3342	3343	via	33.2745
3344	3345	via	33.2745
3346	3347	via	33.2745
3348	3349	via	33.2745
3350	3351	via	33.2745
3352	3353	via	33.2745
3354	3355	via	33.2745
3356	3357	via	33.2745
3358	3359	via	33.2745
3360	3361	via	33.2745
3362	3363	via	33.2745
3364	3365	via	33.2745
3366	3367	via	33.2745
3368	3369	via	33.2745
3370	3371	via	33.2745
3372	3373	via	33.2745
3374	3375	via	33.2745
3376	3377	via	33.2745
3378	3379	via	33.2745
3380	3381	via	33.2745
3382	3383	via	33.2745
3384	3385	via	33.2745
3386	3387	via	33.2745
3388	3389	via	33.2745
3390	3391	via	33.2745
3392	3393	via	33.2745
3394	3395	via	33.2745
3396	3397	via	33.2745
3398	3399	via	33.2745
3400	3401	via	33.2745
3402	3403	via	33.2745
3404	3405	via	33.2745
3406	3407	via	33.2745
3408	3409	via	33.2745
3410	3411	via	33.2745
3412	3413	via	33.2745
3414	3415	via	33.2745
3416	3417	via	33.2745
3418	3419	via	33.2745
3420	3421	via	33.2745
3422	3423	via	33.2745
3424	3425	via	33.2745
3426	3427	via	33.2745
3428	3429	via	33.2745
3430	3431	via	33.2745
3432	3433	via	33.2745
3434	3435	via	33.2745
3436	3437	via	33.2745
3438	3439	via	33.2745
3440	3441	via	33.2745
3442	3443	via	33.2745
3444	3445	via	33.2745
3446	3447	via	33.2745
3448	3449	via	33.2745
3450	3451	via	33.2745
3452	3453	via	33.2745
3454	3455	via	33.2745
3456	3457	via	33.2745
3458	3459	via	33.2745
3460	3461	via	33.2745
3462	3463	via	33.2745
3464	3465	via	33.2745
3466	3467	via	33.2745
3468	3469	via	33.2745
3470	3471	via	33.2745
3472	3473	via	33.2745
3474	3475	via	33.2745
3476	3477	via	33.2745
3478	3479	via	33.2745
3480	3481	via	33.2745
3482	3483	via	33.2745
3484	3485	via	33.2745
3486	3487	via	33.2745
3488	3489	via	33.2745
3490	3491	via	33.2745
3492	3493	via	33.2745
3494	3495	via	33.2745
3496	3497	via	33.2745
3498	3499	via	33.2745
3500	3501	via	33.2745
3502	3503	via	33.2745
3504	3505	via	33.2745
3506	3507	via	33.2745
3508	3509	via	33.2745
3510	3511	via	33.2745
3512	3513	via	33.2745
3514	3515	via	33.2745
3516	3517	via	33.2745
3518	3519	via	33.2745
3520	3521	via	33.2745
3522	3523	via	33.2745
3524	3525	via	33.2745
3526	3527	via	33.2745
3528	3529	via	33.2745
3530	3531	via	33.2745
3532	3533	via	33.2745
3534	3535	via	33.2745
3536	3537	via	33.2745
3538	3539	via	33.2745
3540	3541	via	33.2745
3542	3543	via	33.2745
3544	3545	via	33.2745
3546	3547	via	33.2745
3548	3549	via	33.2745
3550	3551	via	33.2745
3552	3553	via	33.2745
3554	3555	via	33.2745
3556	3557	via	33.2745
3558	3559	via	33.2745
3560	3561	via	33.2745
3562	3563	via	33.2745
3564	3565	via	33.2745
3566	3567	via	33.2745
3568	3569	via	33.2745
3570	3571	via	33.2745
3572	3573	via	33.2745
3574	3575	via	33.2745
3576	3577	via	33.2745
3578	3579	via	33.2745
3580	3581	via	33.2745
3582	3583	via	33.2745
3584	3585	via	33.2745
3586	3587	via	33.2745
3588	3589	via	33.2745
3590	3591	via	33.2745
3592	3593	via	33.2745
3594	3595	via	33.2745
3596	3597	via	33.2745
3598	3599	via	33.2745
3600	3601	via	33.2745
3602	3603	via	33.2745
3604	3605	via	33.2745
3606	3607	via	33.2745
3608	3609	via	33.2745
3610	3611	via	33.2745
3612	3613	via	33.2745
3614	3615	via	33.2745
3616	3617	via	33.2745
3618	3619	via	33.2745
3620	3621	via	33.2745
3622	3623	via	33.2745
3624	3625	via	33.2745
3626	3627	via	33.2745
3628	3629	via	33.2745
3630	3631	via	33.2745
3632	3633	via	33.2745
3634	3635	via	33.2745
3636	3637	via	33.2745
3638	3639	via	33.2745
3640	3641	via	33.2745
3642	3643	via	33.2745
3644	3645	via	33.2745
3646	3647	via	33.2745
3648	3649	via	33.2745
3650	3651	via	33.2745
3652	3653	via	33.2745
3654	3655	via	33.2745
3656	3657	via	33.2745
3658	3659	via	33.2745
3660	3661	via	33.2745
3662	3663	via	33.2745
3664	3665	via	33.2745
3666	3667	via	33.2745
3668	3669	via	33.2745
3670	3671	via	33.2745
3672	3673	via	33.2745
3674	3675	via	33.2745
3676	3677	via	33.2745
3678	3679	via	33.2745
3680	3681	via	33.2745
3682	3683	via	33.2745
3684	3685	via	33.2745
3686	3687	via	33.2745
3688	3689	via	33.2745
3690	3691	via	33.2745
3692	3693	via	33.2745
3694	3695	via	33.2745
3696	3697	via	33.2745
3698	3699	via	33.2745
3700	3701	via	33.2745
3702	3703	via	33.2745
3704	3705	via	33.2745
3706	3707	via	33.2745
3708	3709	via	33.2745
3710	3711	via	33.2745
3712	3713	via	33.2745
3714	3715	via	33.2745
3716	3717	via	33.2745
3718	3719	via	33.2745
3720	3721	via	33.2745
3722	3723	via	33.2745
3724	3725	via	33.2745
3726	3727	via	33.2745
3728	3729	via	33.2745
3730	3731	via	33.2745
3732	3733	via	33.2745
3734	3735	via	33.2745
3736	3737	via	33.2745
3738	3739	via	33.2745
3740	3741	via	33.2745
3742	3743	via	33.2745
3744	3745	via	33.2745
3746	3747	via	33.2745
3748	3749	via	33.2745
3750	3751	via	33.2745
3752	3753	via	33.2745
3754	3755	via	33.2745
3756	3757	via	33.2745
3758	3759	via	33.2745
3760	3761	via	33.2745
3762	3763	via	33.2745
3764	3765	via	33.2745
3766	3767	via	33.2745
3768	3769	via	33.2745
3770	3771	via	33.2745
3772	3773	via	33.2745
3774	3775	via	33.2745
3776	3777	via	33.2745
3778	3779	via	33.2745
3780	3781	via	33.2745
3782	3783	via	33.2745
3784	3785	via	33.2745
3786	3787	via	33.2745
3788	3789	via	33.2745
3790	3791	via	33.2745
3792	3793	via	33.2745
3794	3795	via	33.2745
3796	3797	via	33.2745
3798	3799	via	33.2745
3800	3801	via	33.2745
3802	3803	via	33.2745
3804	3805	via	33.2745
3806	3807	via	33.2745
3808	3809	via	33.2745
3810	3811	via	33.2745
3812	3813	via	33.2745
3814	3815	via	33.2745
3816	3817	via	33.2745
3818	3819	via	33.2745
3820	3821	via	33.2745
3822	3823	via	33.2745
3824	3825	via	33.2745
3826	3827	via	33.2745
3828	3829	via	33.2745
3830	3831	via	33.2745
3832	3833	via	33.2745
3834	3835	via	33.2745
3836	3837	via	33.2745
3838	3839	via	33.2745
3840	3841	via	33.2745
3842	3843	via	33.2745
3844	3845	via	33.2745
3846	3847	via	33.2745
3848	3849	via	33.2745
3850	3851	via	33.2745
3852	3853	via	33.2745
3854	3855	via	33.2745
3856	3857	via	33.2745
3858	3859	via	33.2745
3860	3861	via	33.2745
3862	3863	via	33.2745
3864	3865	via	33.2745
3866	3867	via	33.2745
3868	3869	via	33.2745
3870	3871	via	33.2745
3872	3873	via	33.2745
3874	3875	via	33.2745
3876	3877	via	33.2745
3878	3879	via	33.2745
3880	3881	via	33.2745
3882	3883	via	33.2745
3884	3885	via	33.2745
3886	3887	via	33.2745
3888	3889	via	33.2745
3890	3891	via	33.2745
3892	3893	via	33.2745
3894	3895	via	33.2745
3896	3897	via	33.2745
3898	3899	via	33.2745
3900	3901	via	33.2745
3902	3903	via	33.2745
3904	3905	via	33.2745
3906	3907	via	33.2745
3908	3909	via	33.2745
3910	3911	via	33.2745
3912	3913	via	33.2745
3914	3915	via	33.2745
3916	3917	via	33.2745
3918	3919	via	33.2745
3920	3921	via	33.2745
3922	3923	via	33.2745
3924	3925	via	33.2745
3926	3927	via	33.2745
3928	3929	via	33.2745
3930	3931	via	33.2745
3932	3933	via	33.2745
3934	3935	via	33.2745
3936	3937	via	33.2745
3938	3939	via	33.2745
3940	3941	via	33.2745
3942	3943	via	33.2745
3944	3945	via	33.2745
3946	3947	via	33.2745
3948	3949	via	33.2745
3950	3951	via	33.2745
3952	3953	via	33.2745
3954	3955	via	33.2745
3956	3957	via	33.2745
3958	3959	via	33.2745
3960	3961	via	33.2745
3962	3963	via	33.2745
3964	3965	via	33.2745
3966	3967	via	33.2745
3968	3969	via	33.2745
3970	3971	via	33.2745
3972	3973	via	33.2745
3974	3975	via	33.2745
3976	3977	via	33.2745
3978	3979	via	33.2745
3980	3981	via	33.2745
3982	3983	via	33.2745
3984	3985	via	33.2745
3986	3987	via	33.2745
3988	3989	via	33.2745
3990	3991	via	33.2745
3992	3993	via	33.2745
3994	3995	via	33.2745
3996	3997	via	33.2745
3998	3999	via	33.2745
4000	4001	via	33.2745
4002	4003	via	33.2745
4004	4005	via	33.2745
4006	4007	via	33.2745
4008	4009	via	33.2745
4010	4011	via	33.2745
4012	4013	via	33.2745
4014	4015	via	33.2745
4016	4017	via	33.2745
4018	4019	via	33.2745
4020	4021	via	33.2745
4022	4023	via	33.2745
4024	4025	via	33.2745
4026	4027	via	33.2745
4028	4029	via	33.2745
4030	4031	via	33.2745
4032	4033	via	33.2745
4034	4035	via	33.2745
4036	4037	via	33.2745
4038	4039	via	33.2745
4040	4041	via	33.2745
4042	4043	via	33.2745
4044	4045	via	33.2745
4046	4047	via	33.2745
4048	4049	via	33.2745
4050	4051	via	33.2745
4052	4053	via	33.2745
4054	4055	via	33.2745
4056	4057	via	33.2745
4058	4059	via	33.2745
4060	4061	via	33.2745
4062	4063	via	33.2745
4064	4065	via	33.2745
4066	4067	via	33.2745
4068	4069	via	33.2745
4070	4071	via	33.2745
4072	4073	via	33.2745
4074	4075	via	33.2745
4076	4077	via	33.2745
4078	4079	via	33.2745
4080	4081	via	33.2745
4082	4083	via	33.2745
4084	4085	via	33.2745
4086	4087	via	33.2745
4088	4089	via	33.2745
4090	4091	via	33.2745
4092	4093	via	33.2745
4094	4095	via	33.2745
4096	4097	via	33.2745
4098	4099	via	33.2745
4100	4101	via	33.2745
4102	4103	via	33.2745
4104	4105	via	33.2745
4106	4107	via	33.2745
4108	4109	via	33.2745
4110	4111	via	33.2745
4112	4113	via	33.2745
4114	4115	via	33.2745
4116	4117	via	33.2745
4118	4119	via	33.2745
4120	4121	via	33.2745
4122	4123	via	33.2745
4124	4125	via	33.2745
4126	4127	via	33.2745
4128	4129	via	33.2745
4130	4131	via	33.2745
4132	4133	via	33.2745
4134	4135	via	33.2745
4136	4137	via	33.2745
4138	4139	via	33.2745
4140	4141	via	33.2745
4142	4143	via	33.2745
4144	4145	via	33.2745
4146	4147	via	33.2745
4148	4149	via	33.2745
4150	4151	via	33.2745
4152	4153	via	33.2745
4154	4155	via	33.2745
4156	4157	via	33.2745
4158	4159	via	33.2745
4160	4161	via	33.2745
4162	4163	via	33.2745
4164	4165	via	33.2745
4166	4167	via	33.2745
4168	4169	via	33.2745
4170	4171	via	33.2745
4172	4173	via	33.2745
4174	4175	via	33.2745
4176	4177	via	33.2745
4178	4179	via	33.2745
4180	4181	via	33.2745
4182	4183	via	33.2745
4184	4185	via	33.2745
4186	4187	via	33.2745
4188	4189	via	33.2745
4190	4191	via	33.2745
4192	4193	via	33.2745
4194	4195	via	33.2745
4196	4197	via	33.2745
4198	4199	via	33.2745
4200	4201	via	33.2745
4202	4203	via	33.2745
4204	4205	via	33.2745
4206	4207	via	33.2745
4208	4209	via	33.2745
4210	4211	via	33.2745
4212	4213	via	33.2745
4214	4215	via	33.2745
4216	4217	via	33.2745
4218	4219	via	33.2745
4220	4221	via	33.2745
4222	4223	via	33.2745
4224	4225	via	33.2745
4226	4227	via	33.2745
4228	4229	via	33.2745
4230	4231	via	33.2745
4232	4233	via	33.2745
4234	4235	via	33.2745
4236	4237	via	33.2745
4238	4239	via	33.2745
4240	4241	via	33.2745
4242	4243	via	33.2745
4244	4245	via	33.2745
4246	4247	via	33.2745
4248	4249	via	33.2745
4250	4251	via	33.2745
4252	4253	via	33.2745
4254	4255	via	33.2745
4256	4257	via	33.2745
4258	4259	via	33.2745
4260	4261	via	33.2745
4262	4263	via	33.2745
4264	4265	via	33.2745
4266	4267	via	33.2745
4268	4269	via	33.2745
4270	4271	via	33.2745
4272	4273	via	33.2745
4274	4275	via	33.2745
4276	4277	via	33.2745
4278	4279	via	33.2745
4280	4281	via	33.2745
4282	4283	via	33.2745
4284	4285	via	33.2745
4286	4287	via	33.2745
4288	4289	via	33.2745
4290	4291	via	33.2745
4292	4293	via	33.2745
4294	4295	via	33.2745
4296	4297	via	33.2745
4298	4299	via	33.2745
4300	4301	via	33.2745
4302	4303	via	33.2745
4304	4305	via	33.2745
4306	4307	via	33.2745
4308	4309	via	33.2745
4310	4311	via	33.2745
4312	4313	via	33.2745
4314	4315	via	33.2745
4316	4317	via	33.2745
4318	4319	via	33.2745
4320	4321	via	33.2745
4322	4323	via	33.2745
4324	4325	via	33.2745
4326	4327	via	33.2745
4328	4329	via	33.2745
4330	4331	via	33.2745
4332	4333	via	33.2745
4334	4335	via	33.2745
4336	4337	via	33.2745
4338	4339	via	33.2745
4340	4341	via	33.2745
4342	4343	via	33.2745
4344	4345	via	33.2745
4346	4347	via	33.2745
4348	4349	via	33.2745
4350	4351	via	33.2745
4352	4353	via	33.2745
4354	4355	via	33.2745
4356	4357	via	33.2745
4358	4359	via	33.2745
4360	4361	via	33.2745
4362	4363	via	33.2745
4364	4365	via	33.2745
4366	4367	via	33.2745
4368	4369	via	33.2745
4370	4371	via	33.2745
4372	4373	via	33.2745
4374	4375	via	33.2745
4376	4377	via	33.2745
4378	4379	via	33.2745
4380	4381	via	33.2745
4382	4383	via	33.2745
4384	4385	via	33.2745
4386	4387	via	33.2745
4388	4389	via	33.2745
4390	4391	via	33.2745
4392	4393	via	33.2745
4394	4395	via	33.2745
4396	4397	via	33.2745
4398	4399	via	33.2745
4400	4401	via	33.2745
4402	4403	via	33.2745
4404	4405	via	33.2745
4406	4407	via	33.2745
4408	4409	via	33.2745
4410	4411	via	33.2745
4412	4413	via	33.2745
4414	4415	via	33.2745
4416	4417	via	33.2745
4418	4419	via	33.2745
4420	4421	via	33.2745
4422	4423	via	33.2745
4424	4425	via	33.2745
4426	4427	via	33.2745
4428	4429	via	33.2745
4430	4431	via	33.2745
4432	4433	via	33.2745
4434	4435	via	33.2745
4436	4437	via	33.2745
4438	4439	via	33.2745
4440	4441	via	33.2745
4442	4443	via	33.2745
4444	4445	via	33.2745
4446	4447	via	33.2745
4448	4449	via	33.2745
4450	4451	via	33.2745
4452	4453	via	33.2745
4454	4455	via	33.2745
4456	4457	via	33.2745
4458	4459	via	33.2745
4460	4461	via	33.2745
4462	4463	via	33.2745
4464	4465	via	33.2745
4466	4467	via	33.2745
4468	4469	via	33.2745
4470	4471	via	33.2745
4472	4473	via	33.2745
4474	4475	via	33.2745
4476	4477	via	33.2745
4478	4479	via	33.2745
4480	4481	via	33.2745
4482	4483	via	33.2745
4484	4485	via	33.2745
4486	4487	via	33.2745
4488	4489	via	33.2745
4490	4491	via	33.2745
4492	4493	via	33.2745
4494	4495	via	33.2745
4496	4497	via	33.2745
4498	4499	via	33.2745
4500	4501	via	33.2745
4502	4503	via	33.2745
4504	4505	via	33.2745
4506	4507	via	33.2745
4508	4509	via	33.2745
4510	4511	via	33.2745
4512	4513	via	33.2745
4514	4515	via	33.2745
4516	4517	via	33.2745
4518	4519	via	33.2745
4520	4521	via	33.2745
4522	4523	via	33.2745
4524	4525	via	33.2745
4526	4527	via	33.2745
4528	4529	via	33.2745
4530	4531	via	33.2745
4532	4533	via	33.2745
4534	4535	via	33.2745
4536	4537	via	33.2745
4538	4539	via	33.2745
4540	4541	via	33.2745
4542	4543	via	33.2745
4544	4545	via	33.2745
4546	4547	via	33.2745
4548	4549	via	33.2745
4550	4551	via	33.2745
4552	4553	via	33.2745
4554	4555	via	33.2745
4556	4557	via	33.2745
4558	4559	via	33.2745
4560	4561	via	33.2745
4562	4563	via	33.2745
4564	4565	via	33.2745
4566	4567	via	33.2745
4568	4569	via	33.2745
4570	4571	via	33.2745
4572	4573	via	33.2745
4574	4575	via	33.2745
4576	4577	via	33.2745
4578	4579	via	33.2745
4580	4581	via	33.2745
4582	4583	via	33.2745
4584	4585	via	33.2745
4586	4587	via	33.2745
4588	4589	via	33.2745
4590	4591	via	33.2745
4592	4593	via	33.2745
4594	4595	via	33.2745
4596	4597	via	33.2745
4598	4599	via	33.2745
4600	4601	via	33.2745
4602	4603	via	33.2745
4604	4605	via	33.2745
4606	4607	via	33.2745
4608	4609	via	33.2745
4610	4611	via	33.2745
4612	4613	via	33.2745
4614	4615	via	33.2745
4616	4617	via	33.2745
4618	4619	via	33.2745
4620	4621	via	33.2745
4622	4623	via	33.2745
4624	4625	via	33.2745
4626	4627	via	33.2745
4628	4629	via	33.2745
4630	4631	via	33.2745
4632	4633	via	33.2745
4634	4635	via	33.2745
4636	4637	via	33.2745
4638	4639	via	33.2745
4640	4641	via	33.2745
4642	4643	via	33.2745
4644	4645	via	33.2745
4646	4647	via	33.2745
4648	4649	via	33.2745
4650	4651	via	33.2745
4652	4653	via	33.2745
4654	4655	via	33.2745
4656	4657	via	33.2745
4658	4659	via	33.2745
4660	4661	via	33.2745
4662	4663	via	33.2745
4664	4665	via	33.2745
4666	4667	via	33.2745
4668	4669	via	33.2745
4670	4671	via	33.2745
4672	4673	via	33.2745
4674	4675	via	33.2745
4676	4677	via	33.2745
4678	4679	via	33.2745
4680	4681	via	33.2745
4682	4683	via	33.2745
4684	4685	via	33.2745
4686	4687	via	33.2745
4688	4689	via	33.2745
4690	4691	via	33.2745
4692	4693	via	33.2745
4694	4695	via	33.2745
4696	4697	via	33.2745
4698	4699	via	33.2745
4700	4701	via	33.2745
4702	4703	via	33.2745
4704	4705	via	33.2745
4706	4707	via	33.2745
4708	4709	via	33.2745
4710	4711	via	33.2745
4712	4713	via	33.2745
4714	4715	via	33.2745
4716	4717	via	33.2745
4718	4719	via	33.2745
4720	4721	via	33.2745
4722	4723	via	33.2745
4724	4725	via	33.2745
4726	4727	via	33.2745
4728	4729	via	33.2745
4730	4731	via	33.2745
4732	4733	via	33.2745
4734	4735	via	33.2745
4736	4737	via	33.2745
4738	4739	via	33.2745
4740	4741	via	33.2745
4742	4743	via	33.2745
4744	4745	via	33.2745
4746	4747	via	33.2745
4748	4749	via	33.2745
4750	4751	via	33.2745
4752	4753	via	33.2745
4754	4755	via	33.2745
4756	4757	via	33.2745
4758	4759	via	33.2745
4760	4761	via	33.2745
4762	4763	via	33.2745
4764	4765	via	33.2745
4766	4767	via	33.2745
4768	4769	via	33.2745
4770	4771	via	33.2745
4772	4773	via	33.2745
4774	4775	via	33.2745
4776	4777	via	33.2745
4778	4779	via	33.2745
4780	4781	via	33.2745
4782	4783	via	33.2745
4784	4785	via	33.2745
4786	4787	via	33.2745
4788	4789	via	33.2745
4790	4791	via	33.2745
4792	4793	via	33.2745
4794	4795	via	33.2745
4796	4797	via	33.2745
4798	4799	via	33.2745
4800	4801	via	33.2745
4802	4803	via	33.2745
4804	4805	via	33.2745
4806	4807	via	33.2745
4808	4809	via	33.2745
4810	4811	via	33.2745
4812	4813	via	33.2745
4814	4815	via	33.2745
4816	4817	via	33.2745
4818	4819	via	33.2745
4820	4821	via	33.2745
4822	4823	via	33.2745
4824	4825	via	33.2745
4826	4827	via	33.2745
4828	4829	via	33.2745
4830	4831	via	33.2745
4832	4833	via	33.2745
4834	4835	via	33.2745
4836	4837	via	33.2745
4838	4839	via	33.2745
4840	4841	via	33.2745
4842	4843	via	33.2745
4844	4845	via	33.2745
4846	4847	via	33.2745
4848	4849	via	33.2745
4850	4851	via	33.2745
4852	4853	via	33.2745
4854	4855	via	33.2745
4856	4857	via	33.2745
4858	4859	via	33.2745
4860	4861	via	33.2745
4862	4863	via	33.2745
4864	4865	via	33.2745
4866	4867	via	33.2745
4868	4869	via	33.2745
4870	4871	via	33.2745
4872	4873	via	33.2745
4874	4875	via	33.2745
4876	4877	via	33.2745
4878	4879	via	33.2745
4880	4881	via	33.2745
4882	4883	via	33.2745
4884	4885	via	33.2745
4886	4887	via	33.2745
4888	4889	via	33.2745
4890	4891	via	33.2745
4892	4893	via	33.2745
4894	4895	via	33.2745
4896	4897	via	33.2745
4898	4899	via	33.2745
4900	4901	via	33.2745
4902	4903	via	33.2745
4904	4905	via	33.2745
4906	4907	via	33.2745
4908	4909	via	33.2745
4910	4911	via	33.2745
4912	4913	via	33.2745
4914	4915	via	33.2745
4916	4917	via	33.2745
4918	4919	via	33.2745
4920	4921	via	33.2745
4922	4923	via	33.2745
4924	4925	via	33.2745
4926	4927	via	33.2745
4928	4929	via	33.2745
4930	4931	via	33.2745
4932	4933	via	33.2745
4934	4935	via	33.2745
4936	4937	via	33.2745
4938	4939	via	33.2745
4940	4941	via	33.2745
4942	4943	via	33.2745
4944	4945	via	33.2745
4946	4947	via	33.2745
4948	4949	via	33.2745
4950	4951	via	33.2745
4952	4953	via	33.2745
4954	4955	via	33.2745
4956	4957	via	33.2745
4958	4959	via	33.2745
4960	4961	via	33.2745
4962	4963	via	33.2745
4964	4965	via	33.2745
4966	4967	via	33.2745
4968	4969	via	33.2745
4970	4971	via	33.2745
4972	4973	via	33.2745
4974	4975	via	33.2745
4976	4977	via	33.2745
4978	4979	via	33.2745
4980	4981	via	33.2745
4982	4983	via	33.2745
4984	4985	via	33.2745
4986	4987	via	33.2745
4988	4989	via	33.2745
4990	4991	via	33.2745
4992	4993	via	33.2745
4994	4995	via	33.2745
4996	4997	via	33.2745
4998	4999	via	33.2745
5000	5001	via	33.2745
5002	5003	via	33.2745
5004	5005	via	33.2745
5006	5007	via	33.2745
5008	5009	via	33.2745
5010	5011	via	33.2745
5012	5013	via	33.2745
5014	5015	via	33.2745
5016	5017	via	33.2745
5018	5019	via	33.2745
5020	5021	via	33.2745
5022	5023	via	33.2745
5024	5025	via	33.2745
5026	5027	via	33.2745
5028	5029	via	33.2745
5030	5031	via	33.2745
5032	5033	via	33.2745
5034	5035	via	33.2745
5036	5037	via	33.2745
5038	5039	via	33.2745
5040	5041	via	33.2745
5042	5043	via	33.2745
5044	5045	via	33.2745
5046	5047	via	33.2745
5048	5049	via	33.2745
5050	5051	via	33.2745
5052	5053	via	33.2745
5054	5055	via	33.2745
5056	5057	via	33.2745
5058	5059	via	33.2745
5060	5061	via	33.2745
5062	5063	via	33.2745
5064	5065	via	33.2745
5066	5067	via	33.2745
5068	5069	via	33.2745
5070	5071	via	33.2745
5072	5073	via	33.2745
5074	5075	via	33.2745
5076	5077	via	33.2745
5078	5079	via	33.2745
5080	5081	via	33.2745
5082	5083	via	33.2745
5084	5085	via	33.2745
5086	5087	via	33.2745
5088	5089	via	33.2745
5090	5091	via	33.2745
5092	5093	via	33.2745
5094	5095	via	33.2745
5096	5097	via	33.2745
5098	5099	via	33.2745
5100	5101	via	33.2745
5102	5103	via	33.2745
5104	5105	via	33.2745
5106	5107	via	33.2745
5108	5109	via	33.2745
5110	5111	via	33.2745
5112	5113	via	33.2745
5114	5115	via	33.2745
5116	5117	via	33.2745
5118	5119	via	33.2745
5120	5121	via	33.2745
5122	5123	via	33.2745
5124	5125	via	33.2745
5126	5127	via	33.2745
5128	5129	via	33.2745
5130	5131	via	33.2745
5132	5133	via	33.2745
5134	5135	via	33.2745
5136	5137	via	33.2745
5138	5139	via	33.2745
5140	5141	via	33.2745
5142	5143	via	33.2745
5144	5145	via	33.2745
5146	5147	via	33.2745
5148	5149	via	33.2745
5150	5151	via	33.2745
5152	5153	via	33.2745
5154	5155	via	33.2745
5156	5157	via	33.2745
5158	5159	via	33.2745
5160	5161	via	33.2745
5162	5163	via	33.2745
5164	5165	via	33.2745
5166	5167	via	33.2745
5168	5169	via	33.2745
5170	5171	via	33.2745
5172	5173	via	33.2745
5174	5175	via	33.2745
5176	5177	via	33.2745
5178	5179	via	33.2745
5180	5181	via	33.2745
5182	5183	via	33.2745
5184	5185	via	33.2745
5186	5187	via	33.2745
5188	5189	via	33.2745
5190	5191	via	33.2745
5192	5193	via	33.2745
5194	5195	via	33.2745
5196	5197	via	33.2745
5198	5199	via	33.2745
5200	5201	via	33.2745
5202	5203	via	33.2745
5204	5205	via	33.2745
5206	5207	via	33.2745
5208	5209	via	33.2745
5210	5211	via	33.2745
5212	5213	via	33.2745
5214	5215	via	33.2745
5216	5217	via	33.2745
5218	5219	via	33.2745
5220	5221	via	33.2745
5222	5223	via	33.2745
5224	5225	via	33.2745
5226	5227	via	33.2745
5228	5229	via	33.2745
5230	5231	via	33.2745
5232	5233	via	33.2745
5234	5235	via	33.2745
5236	5237	via	33.2745
5238	5239	via	33.2745
5240	5241	via	33.2745
5242	5243	via	33.2745
5244	5245	via	33.2745
5246	5247	via	33.2745
5248	5249	via	33.2745
5250	5251	via	33.2745
5252	5253	via	33.2745
5254	5255	via	33.2745
5256	5257	via	33.2745
5258	5259	via	33.2745
5260	5261	via	33.2745
5262	5263	via	33.2745
5264	5265	via	33.2745
5266	5267	via	33.2745
5268	5269	via	33.2745
5270	5271	via	33.2745
5272	5273	via	33.2745
5274	5275	via	33.2745
5276	5277	via	33.2745
5278	5279	via	33.2745
5280	5281	via	33.2745
5282	5283	via	33.2745
5284	5285	via	33.2745
5286	5287	via	33.2745
5288	5289	via	33.2745
5290	5291	via	33.2745
5292	5293	via	33.2745
5294	5295	via	33.2745
5296	5297	via	33.2745
5298	5299	via	33.2745
5300	5301	via	33.2745
5302	5303	via	33.2745
5304	5305	via	33.2745
5306	5307	via	33.2745
5308	5309	via	33.2745
5310	5311	via	33.2745
5312	5313	via	33.2745
5314	5315	via	33.2745
5316	5317	via	33.2745
5318	5319	via	33.2745
5320	5321	via	33.2745
5322	5323	via	33.2745
5324	5325	via	33.2745
5326	5327	via	33.2745
5328	5329	via	33.2745
5330	5331	via	33.2745
5332	5333	via	33.2745
5334	5335	via	33.2745
5336	5337	via	33.2745
5338	5339	via	33.2745
5340	5341	via	33.2745
5342	5343	via	33.2745
5344	5345	via	33.2745
5346	5347	via	33.2745
5348	5349	via	33.2745
5350	5351	via	33.2745
5352	5353	via	33.2745
5354	5355	via	33.2745
5356	5357	via	33.2745
5358	5359	via	33.2745
5360	5361	via	33.2745
5362	5363	via	33.2745
5364	5365	via	33.2745
5366	5367	via	33.2745
5368	5369	via	33.2745
5370	5371	via	33.2745
5372	5373	via	33.2745
5374	5375	via	33.2745
5376	5377	via	33.2745
5378	5379	via	33.2745
5380	5381	via	33.2745
5382	5383	via	33.2745
5384	5385	via	33.2745
5386	5387	via	33.2745
5388	5389	via	33.2745
5390	5391	via	33.2745
5392	5393	via	33.2745
5394	5395	via	33.2745
5396	5397	via	33.2745
5398	5399	via	33.2745
5400	5401	via	33.2745
5402	5403	via	33.2745
5404	5405	via	33.2745
5406	5407	via	33.2745
5408	5409	via	33.2745
5410	5411	via	33.2745
5412	5413	via	33.2745
5414	5415	via	33.2745
5416	5417	via	33.2745
5418	5419	via	33.2745
5420	5421	via	33.2745
5422	5423	via	33.2745
5424	5425	via	33.2745
5426	5427	via	33.2745
5428	5429	via	33.2745
5430	5431	via	33.2745
5432	5433	via	33.2745
5434	5435	via	33.2745
5436	5437	via	33.2745
5438	5439	via	33.2745
5440	5441	via	33.2745
5442	5443	via	33.2745
5444	5445	via	33.2745
5446	5447	via	33.2745
5448	5449	via	33.2745
5450	5451	via	33.2745
5452	5453	via	33.2745
5454	5455	via	33.2745
5456	5457	via	33.2745
5458	5459	via	33.2745
5460	5461	via	33.2745
5462	5463	via	33.2745
5464	5465	via	33.2745
5466	5467	via	33.2745
5468	5469	via	33.2745
5470	5471	via	33.2745
5472	5473	via	33.2745
5474	5475	via	33.2745
5476	5477	via	33.2745
5478	5479	via	33.2745
5480	5481	via	33.2745
5482	5483	via	33.2745
5484	5485	via	33.2745
5486	5487	via	33.2745
5488	5489	via	33.2745
5490	5491	via	33.2745
5492	5493	via	33.2745
5494	5495	via	33.2745
5496	5497	via	33.2745
5498	5499	via	33.2745
5500	5501	via	33.2745
5502	5503	via	33.2745
5504	5505	via	33.2745
5506	5507	via	33.2745
5508	5509	via	33.2745
5510	5511	via	33.2745
5512	5513	via	33.2745
5514	5515	via	33.2745
5516	5517	via	33.2745
5518	5519	via	33.2745
5520	5521	via	33.2745
5522	5523	via	33.2745
5524	5525	via	33.2745
5526	5527	via	33.2745
5528	5529	via	33.2745
5530	5531	via	33.2745
5532	5533	via	33.2745
5534	5535	via	33.2745
5536	5537	via	33.2745
5538	5539	via	33.2745
5540	5541	via	33.2745
5542	5543	via	33.2745
5544	5545	via	33.2745
5546	5547	via	33.2745
5548	5549	via	33.2745
5550	5551	via	33.2745
5552	5553	via	33.2745
5554	5555	via	33.2745
5556	5557	via	33.2745
5558	5559	via	33.2745
5560	5561	via	33.2745
5562	5563	via	33.2745
5564	5565	via	33.2745
5566	5567	via	33.2745
5568	5569	via	33.2745
5570	5571	via	33.2745
5572	5573	via	33.2745
5574	5575	via	33.2745
5576	5577	via	33.2745
5578	5579	via	33.2745
5580	5581	via	33.2745
5582	5583	via	33.2745
5584	5585	via	33.2745
5586	5587	via	33.2745
5588	5589	via	33.2745
5590	5591	via	33.2745
5592	5593	via	33.2745
5594	5595	via	33.2745
5596	5597	via	33.2745
5598	5599	via	33.2745
5600	5601	via	33.2745
5602	5603	via	33.2745
5604	5605	via	33.2745
5606	5607	via	33.2745
5608	5609	via	33.2745
5610	5611	via	33.2745
5612	5613	via	33.2745
5614	5615	via	33.2745
5616	5617	via	33.2745
5618	5619	via	33.2745
5620	5621	via	33.2745
5622	5623	via	33.2745
5624	5625	via	33.2745
5626	5627	via	33.2745
5628	5629	via	33.2745
5630	5631	via	33.2745
5632	5633	via	33.2745
5634	5635	via	33.2745
5636	5637	via	33.2745
5638	5639	via	33.2745
5640	5641	via	33.2745
5642	5643	via	33.2745
5644	5645	via	33.2745
5646	5647	via	33.2745
5648	5649	via	33.2745
5650	5651	via	33.2745
5652	5653	via	33.2745
5654	5655	via	33.2745
5656	5657	via	33.2745
5658	5659	via	33.2745
5660	5661	via	33.2745
5662	5663	via	33.2745
5664	5665	via	33.2745
5666	5667	via	33.2745
5668	5669	via	33.2745
5670	5671	via	33.2745
5672	5673	via	33.2745
5674	5675	via	33.2745
5676	5677	via	33.2745
5678	5679	via	33.2745
5680	5681	via	33.2745
5682	5683	via	33.2745
5684	5685	via	33.2745
5686	5687	via	33.2745
5688	5689	via	33.2745
5690	5691	via	33.2745
5692	5693	via	33.2745
5694	5695	via	33.2745
5696	5697	via	33.2745
5698	5699	via	33.2745
5700	5701	via	33.2745
5702	5703	via	33.2745
5704	5705	via	33.2745
5706	5707	via	33.2745
5708	5709	via	33.2745
5710	5711	via	33.2745
5712	5713	via	33.2745
5714	5715	via	33.2745
5716	5717	via	33.2745
5718	5719	via	33.2745
5720	5721	via	33.2745
5722	5723	via	33.2745
5724	5725	via	33.2745
5726	5727	via	33.2745
5728	5729	via	33.2745
5730	5731	via	33.2745
5732	5733	via	33.2745
5734	5735	via	33.2745
5736	5737	via	33.2745
5738	5739	via	33.2745
5740	5741	via	33.2745
5742	5743	via	33.2745
5744	5745	via	33.2745
5746	5747	via	33.2745
5748	5749	via	33.2745
5750	5751	via	33.2745
5752	5753	via	33.2745
5754	5755	via	33.2745
5756	5757	via	33.2745
5758	5759	via	33.2745
5760	5761	via	33.2745
5762	5763	via	33.2745
5764	5765	via	33.2745
5766	5767	via	33.2745
5768	5769	via	33.2745
5770	5771	via	33.2745
5772	5773	via	33.2745
5774	5775	via	33.2745
5776	5777	via	33.2745
5778	5779	via	33.2745
5780	5781	via	33.2745
5782	5783	via	33.2745
5784	5785	via	33.2745
5786	5787	via	33.2745
5788	5789	via	33.2745
5790	5791	via	33.2745
5792	5793	via	33.2745
5794	5795	via	33.2745
5796	5797	via	33.2745
5798	5799	via	33.2745
5800	5801	via	33.2745
5802	5803	via	33.2745
5804	5805	via	33.2745
5806	5807	via	33.2745
5808	5809	via	33.2745
5810	5811	via	33.2745
5812	5813	via	33.2745
5814	5815	via	33.2745
5816	5817	via	33.2745
5818	5819	via	33.2745
5820	5821	via	33.2745
5822	5823	via	33.2745
5824	5825	via	33.2745
5826	5827	via	33.2745
5828	5829	via	33.2745
5830	5831	via	33.2745
5832	5833	via	33.2745
5834	5835	via	33.2745
5836	5837	via	33.2745
5838	5839	via	33.2745
5840	5841	via	33.2745
5842	5843	via	33.2745
5844	5845	via	33.2745
5846	5847	via	33.2745
5848	5849	via	33.2745
5850	5851	via	33.2745
5852	5853	via	33.2745
5854	5855	via	33.2745
5856	5857	via	33.2745
5858	5859	via	33.2745
5860	5861	via	33.2745
5862	5863	via	33.2745
5864	5865	via	33.2745
5866	5867	via	33.2745
5868	5869	via	33.2745
5870	5871	via	33.2745
5872	5873	via	33.2745
5874	5875	via	33.2745
5876	5877	via	33.2745
5878	5879	via	33.2745
5880	5881	via	33.2745
5882	5883	via	33.2745
5884	5885	via	33.2745
5886	5887	via	33.2745
5888	5889	via	33.2745
5890	5891	via	33.2745
5892	5893	via	33.2745
5894	5895	via	33.2745
5896	5897	via	33.2745
5898	5899	via	33.2745
5900	5901	via	33.2745
5902	5903	via	33.2745
5904	5905	via	33.2745
5906	5907	via	33.2745
5908	5909	via	33.2745
5910	5911	via	33.2745
5912	5913	via	33.2745
5914	5915	via	33.2745
5916	5917	via	33.2745
5918	5919	via	33.2745
5920	5921	via	33.2745
5922	5923	via	33.2745
5924	5925	via	33.2745
5926	5927	via	33.2745
5928	5929	via	33.2745
5930	5931	via	33.2745
5932	5933	via	33.2745
5934	5935	via	33.2745
5936	5937	via	33.2745
5938	5939	via	33.2745
5940	5941	via	33.2745
5942	5943	via	33.2745
5944	5945	via	33.2745
5946	5947	via	33.2745
5948	5949	via	33.2745
5950	5951	via	33.2745
5952	5953	via	33.2745
5954	5955	via	33.2745
5956	5957	via	33.2745
5958	5959	via	33.2745
5960	5961	via	33.2745
5962	5963	via	33.2745
5964	5965	via	33.2745
5966	5967	via	33.2745
5968	5969	via	33.2745
5970	5971	via	33.2745
5972	5973	via	33.2745
5974	5975	via	33.2745
5976	5977	via	33.2745
5978	5979	via	33.2745
5980	5981	via	33.2745
5982	5983	via	33.2745
5984	5985	via	33.2745
5986	5987	via	33.2745
5988	5989	via	33.2745
5990	5991	via	33.2745
5992	5993	via	33.2745
5994	5995	via	33.2745
5996	5997	via	33.2745
5998	5999	via	33.2745
6000	6001	via	33.2745
6002	6003	via	33.2745
6004	6005	via	33.2745
6006	6007	via	33.2745
6008	6009	via	33.2745
6010	6011	via	33.2745
6012	6013	via	33.2745
6014	6015	via	33.2745
6016	6017	via	33.2745
6018	6019	via	33.2745
6020	6021	via	33.2745
6022	6023	via	33.2745
6024	6025	via	33.2745
6026	6027	via	33.2745
6028	6029	via	33.2745
6030	6031	via	33.2745
6032	6033	via	33.2745
6034	6035	via	33.2745
6036	6037	via	33.2745
6038	6039	via	33.2745
6040	6041	via	33.2745
6042	6043	via	33.2745
6044	6045	via	33.2745
6046	6047	via	33.2745
6048	6049	via	33.2745
6050	6051	via	33.2745
6052	6053	via	33.2745
6054	6055	via	33.2745
6056	6057	via	33.2745
6058	6059	via	33.2745
6060	6061	via	33.2745
6062	6063	via	33.2745
6064	6065	via	33.2745
6066	6067	via	33.2745
6068	6069	via	33.2745
6070	6071	via	33.2745
6072	6073	via	33.2745
6074	6075	via	33.2745
6076	6077	via	33.2745
6078	6079	via	33.2745
6080	6081	via	33.2745
6082	6083	via	33.2745
6084	6085	via	33.2745
6086	6087	via	33.2745
6088	6089	via	33.2745
6090	6091	via	33.2745
6092	6093	via	33.2745
6094	6095	via	33.2745
6096	6097	via	33.2745
6098	6099	via	33.2745
6100	6101	via	33.2745
6102	6103	via	33.2745
6104	6105	via	33.2745
6106	6107	via	33.2745
6108	6109	via	33.2745
6110	6111	via	33.2745
6112	6113	via	33.2745
6114	6115	via	33.2745
6116	6117	via	33.2745
6118	6119	via	33.2745
6120	6121	via	33.2745
6122	6123	via	33.2745
6124	6125	via	33.2745
6126	6127	via	33.2745
6128	6129	via	33.2745
6130	6131	via	33.2745
6132	6133	via	33.2745
6134	6135	via	33.2745
6136	6137	via	33.2745
6138	6139	via	33.2745
6140	6141	via	33.2745
6142	6143	via	33.2745
6144	6145	via	33.2745
6146	6147	via	33.2745
6148	6149	via	33.2745
6150	6151	via	33.2745
6152	6153	via	33.2745
6154	6155	via	33.2745
6156	6157	via	33.2745
6158	6159	via	33.2745
6160	6161	via	33.2745
6162	6163	via	33.2745
6164	6165	via	33.2745
6166	6167	via	33.2745
6168	6169	via	33.2745
6170	6171	via	33.2745
6172	6173	via	33.2745
6174	6175	via	33.2745
6176	6177	via	33.2745
6178	6179	via	33.2745
6180	6181	via	33.2745
6182	6183	via	33.2745
6184	6185	via	33.2745
6186	6187	via	33.2745
6188	6189	via	33.2745
6190	6191	via	33.2745
6192	6193	via	33.2745
6194	6195	via	33.2745
6196	6197	via	33.2745
6198	6199	via	33.2745
6200	6201	via	33.2745
6202	6203	via	33.2745
6204	6205	via	33.2745
6206	6207	via	33.2745
6208	6209	via	33.2745
6210	6211	via	33.2745
6212	6213	via	33.2745
6214	6215	via	33.2745
6216	6217	via	33.2745
6218	6219	via	33.2745
6220	6221	via	33.2745
6222	6223	via	33.2745
6224	6225	via	33.2745
6226	6227	via	33.2745
6228	6229	via	33.2745
6230	6231	via	33.2745
6232	6233	via	33.2745
6234	6235	via	33.2745
6236	6237	via	33.2745
6238	6239	via	33.2745
6240	6241	via	33.2745
6242	6243	via	33.2745
6244	6245	via	33.2745
6246	6247	via	33.2745
6248	6249	via	33.2745
6250	6251	via	33.2745
6252	6253	via	33.2745
6254	6255	via	33.2745
6256	6257	via	33.2745
6258	6259	via	33.2745
6260	6261	via	33.2745
6262	6263	via	33.2745
6264	6265	via	33.2745
6266	6267	via	33.2745
6268	6269	via	33.2745
6270	6271	via	33.2745
6272	6273	via	33.2745
6274	6275	via	33.2745
6276	6277	via	33.2745
6278	6279	via	33.2745
6280	6281	via	33.2745
6282	6283	via	33.2745
6284	6285	via	33.2745
6286	6287	via	33.2745
6288	6289	via	33.2745
6290	6291	via	33.2745
6292	6293	via	33.2745
6294	6295	via	33.2745
6296	6297	via	33.2745
6298	6299	via	33.2745
6300	6301	via	33.2745
6302	6303	via	33.2745
6304	6305	via	33.2745
6306	6307	via	33.2745
6308	6309	via	33.2745
6310	6311	via	33.2745
6312	6313	via	33.2745
6314	6315	via	33.2745
6316	6317	via	33.2745
6318	6319	via	33.2745
6320	6321	via	33.2745
6322	6323	via	33.2745
6324	6325	via	33.2745
6326	6327	via	33.2745
6328	6329	via	33.2745
6330	6331	via	33.2745
6332	6333	via	33.2745
6334	6335	via	33.2745
6336	6337	via	33.2745
6338	6339	via	33.2745
6340	6341	via	33.2745
6342	6343	via	33.2745
6344	6345	via	33.2745
6346	6347	via	33.2745
6348	6349	via	33.2745
6350	6351	via	33.2745
6352	6353	via	33.2745
6354	6355	via	33.2745
6356	6357	via	33.2745
6358	6359	via	33.2745
6360	6361	via	33.2745
6362	6363	via	33.2745
6364	6365	via	33.2745
6366	6367	via	33.2745
6368	6369	via	33.2745
6370	6371	via	33.2745
6372	6373	via	33.2745
6374	6375	via	33.2745
6376	6377	via	33.2745
6378	6379	via	33.2745
6380	6381	via	33.2745
6382	6383	via	33.2745
6384	6385	via	33.2745
6386	6387	via	33.2745
6388	6389	via	33.2745
6390	6391	via	33.2745
6392	6393	via	33.2745
6394	6395	via	33.2745
6396	6397	via	33.2745
6398	6399	via	33.2745
6400	6401	via	33.2745
6402	6403	via	33.2745
6404	6405	via	33.2745
6406	6407	via	33.2745
6408	6409	via	33.2745
6410	6411	via	33.2745
6412	6413	via	33.2745
6414	6415	via	33.2745
6416	6417	via	33.2745
6418	6419	via	33.2745
6420	6421	via	33.2745
6422	6423	via	33.2745
6424	6425	via	33.2745
6426	6427	via	33.2745
6428	6429	via	33.2745
6430	6431	via	33.2745
6432	6433	via	33.2745
6434	6435	via	33.2745
6436	6437	via	33.2745
6438	6439	via	33.2745
6440	6441	via	33.2745
6442	6443	via	33.2745
6444	6445	via	33.2745
6446	6447	via	33.2745
6448	6449	via	33.2745
6450	6451	via	33.2745
6452	6453	via	33.2745
6454	6455	via	33.2745
6456	6457	via	33.2745
6458	6459	via	33.2745
6460	6461	via	33.2745
6462	6463	via	33.2745
6464	6465	via	33.2745
6466	6464	via	33.2745
6467	6466	via	33.2745
6468	6469	via	33.2745
6470	6468	via	33.2745
6471	6470	via	33.2745
6472	6473	via	33.2745
6474	6472	via	33.2745
6475	6474	via	33.2745
6476	6477	via	33.2745
6478	6476	via	33.2745
6479	6478	via	33.2745
6480	6481	via	33.2745
6482	6480	via	33.2745
6483	6482	via	33.2745
6484	6485	via	33.2745
6486	6484	via	33.2745
6487	6486	via	33.2745
6488	6489	via	33.2745
6490	6488	via	33.2745
6491	6490	via	33.2745
6492	6493	via	33.2745
6494	6492	via	33.2745
6495	6494	via	33.2745
6496	6497	via	33.2745
6498	6496	via	33.2745
6499	6498	via	33.2745
6500	6501	via	33.2745
6502	6500	via	33.2745
6503	6502	via	33.2745
6504	6505	via	33.2745
6506	6504	via	33.2745
6507	6506	via	33.2745
6508	6509	via	33.2745
6510	6508	via	33.2745
6511	6510	via	33.2745
6512	6513	via	33.2745
6514	6512	via	33.2745
6515	6514	via	33.2745
6516	6517	via	33.2745
6518	6516	via	33.2745
6519	6518	via	33.2745
6520	6521	via	33.2745
6522	6520	via	33.2745
6523	6522	via	33.2745
6524	6525	via	33.2745
6526	6524	via	33.2745
6527	6526	via	33.2745
6528	6529	via	33.2745
6530	6528	via	33.2745
6531	6530	via	33.2745
6532	6533	via	33.2745
6534	6532	via	33.2745
6535	6534	via	33.2745
6536	6537	via	33.2745
6538	6536	via	33.2745
6539	6538	via	33.2745
6540	6541	via	33.2745
6542	6540	via	33.2745
6543	6542	via	33.2745
6544	6545	via	33.2745
6546	6544	via	33.2745
6547	6546	via	33.2745
6548	6549	via	33.2745
6550	6548	via	33.2745
6551	6550	via	33.2745
6552	6553	via	33.2745
6554	6552	via	33.2745
6555	6554	via	33.2745
6556	6557	via	33.2745
6558	6556	via	33.2745
6559	6558	via	33.2745
6560	6561	via	33.2745
6562	6560	via	33.2745
6563	6562	via	33.2745
6564	6565	via	33.2745
6566	6564	via	33.2745
6567	6566	via	33.2745
6568	6569	via	33.2745
6570	6568	via	33.2745
6571	6570	via	33.2745
6572	6573	via	33.2745
6574	6572	via	33.2745
6575	6574	via	33.2745
6576	6577	via	33.2745
6578	6576	via	33.2745
6579	6578	via	33.2745
6580	6581	via	33.2745
6582	6580	via	33.2745
6583	6582	via	33.2745
6584	6585	via	33.2745
6586	6584	via	33.2745
6587	6586	via	33.2745
6588	6589	via	33.2745
6590	6588	via	33.2745
6591	6590	via	33.2745
6592	6593	via	33.2745
6594	6592	via	33.2745
6595	6594	via	33.2745
6596	6597	via	33.2745
6598	6596	via	33.2745
6599	6598	via	33.2745
6600	6601	via	33.2745
6602	6600	via	33.2745
6603	6602	via	33.2745
6604	6605	via	33.2745
6606	6604	via	33.2745
6607	6606	via	33.2745
6608	6609	via	33.2745
6610	6608	via	33.2745
6611	6610	via	33.2745
6612	6613	via	33.2745
6614	6612	via	33.2745
6615	6614	via	33.2745
6616	6617	via	33.2745
6618	6616	via	33.2745
6619	6618	via	33.2745
6620	6621	via	33.2745
6622	6620	via	33.2745
6623	6622	via	33.2745
6624	6625	via	33.2745
6626	6624	via	33.2745
6627	6626	via	33.2745
6628	6629	via	33.2745
6630	6628	via	33.2745
6631	6630	via	33.2745
6632	6633	via	33.2745
6634	6632	via	33.2745
6635	6634	via	33.2745
6636	6637	via	33.2745
6638	6636	via	33.2745
6639	6638	via	33.2745
6640	6641	via	33.2745
6642	6640	via	33.2745
6643	6642	via	33.2745
6644	6645	via	33.2745
6646	6644	via	33.2745
6647	6646	via	33.2745
6648	6649	via	33.2745
6650	6648	via	33.2745
6651	6650	via	33.2745
6652	6653	via	33.2745
6654	6652	via	33.2745
6655	6654	via	33.2745
6656	6657	via	33.2745
6658	6656	via	33.2745
6659	6658	via	33.2745
6660	6661	via	33.2745
6662	6660	via	33.2745
6663	6662	via	33.2745
6664	6665	via	33.2745
6666	6664	via	33.2745
6667	6666	via	33.2745
6668	6669	via	33.2745
6670	6668	via	33.2745
6671	6670	via	33.2745
6672	6673	via	33.2745
6674	6672	via	33.2745
6675	6674	via	33.2745
6676	6677	via	33.2745
6678	6676	via	33.2745
6679	6678	via	33.2745
6680	6681	via	33.2745
6682	6680	via	33.2745
6683	6682	via	33.2745
6684	6685	via	33.2745
6686	6684	via	33.2745
6687	6686	via	33.2745
6688	6689	via	33.2745
6690	6688	via	33.2745
6691	6690	via	33.2745
6692	6693	via	33.2745
6694	6692	via	33.2745
6695	6694	via	33.2745
6696	6697	via	33.2745
6698	6696	via	33.2745
6699	6698	via	33.2745
6700	6701	via	33.2745
6702	6700	via	33.2745
6703	6702	via	33.2745
6704	6705	via	33.2745
6706	6704	via	33.2745
6707	6706	via	33.2745
6708	6709	via	33.2745
6710	6708	via	33.2745
6711	6710	via	33.2745
6712	6713	via	33.2745
6714	6712	via	33.2745
6715	6714	via	33.2745
6716	6717	via	33.2745
6718	6716	via	33.2745
6719	6718	via	33.2745
6720	6721	via	33.2745
6722	6720	via	33.2745
6723	6722	via	33.2745
6724	6725	via	33.2745
6726	6724	via	33.2745
6727	6726	via	33.2745
6728	6729	via	33.2745
6730	6728	via	33.2745
6731	6730	via	33.2745
6732	6733	via	33.2745
6734	6732	via	33.2745
6735	6734	via	33.2745
6736	6737	via	33.2745
6738	6736	via	33.2745
6739	6738	via	33.2745
6740	6741	via	33.2745
6742	6740	via	33.2745
6743	6742	via	33.2745
6744	6745	via	33.2745
6746	6744	via	33.2745
6747	6746	via	33.2745
6748	6749	via	33.2745
6750	6748	via	33.2745
6751	6750	via	33.2745
6752	6753	via	33.2745
6754	6752	via	33.2745
6755	6754	via	33.2745
6756	6757	via	33.2745
6758	6756	via	33.2745
6759	6758	via	33.2745
6760	6761	via	33.2745
6762	6760	via	33.2745
6763	6762	via	33.2745
6764	6765	via	33.2745
6766	6764	via	33.2745
6767	6766	via	33.2745
6768	6769	via	33.2745
6770	6768	via	33.2745
6771	6770	via	33.2745
6772	6773	via	33.2745
6774	6772	via	33.2745
6775	6774	via	33.2745
6776	6777	via	33.2745
6778	6776	via	33.2745
6779	6778	via	33.2745
6780	6781	via	33.2745
6782	6780	via	33.2745
6783	6782	via	33.2745
6784	6785	via	33.2745
6786	6784	via	33.2745
6787	6786	via	33.2745
6788	6789	via	33.2745
6790	6788	via	33.2745
6791	6790	via	33.2745
6792	6793	via	33.2745
6794	6792	via	33.2745
6795	6794	via	33.2745
6796	6797	via	33.2745
6798	6796	via	33.2745
6799	6798	via	33.2745
6800	6801	via	33.2745
6802	6800	via	33.2745
6803	6802	via	33.2745
6804	6805	via	33.2745
6806	6804	via	33.2745
6807	6806	via	33.2745
6808	6809	via	33.2745
6810	6808	via	33.2745
6811	6810	via	33.2745
6812	6813	via	33.2745
6814	6812	via	33.2745
6815	6814	via	33.2745
6816	6817	via	33.2745
6818	6816	via	33.2745
6819	6818	via	33.2745
6820	6821	via	33.2745
6822	6820	via	33.2745
6823	6822	via	33.2745
6824	6825	via	33.2745
6826	6824	via	33.2745
6827	6826	via	33.2745
6828	6829	via	33.2745
6830	6828	via	33.2745
6831	6830	via	33.2745
6832	6833	via	33.2745
6834	6832	via	33.2745
6835	6834	via	33.2745
6836	6837	via	33.2745
6838	6836	via	33.2745
6839	6838	via	33.2745
6840	6841	via	33.2745
6842	6840	via	33.2745
6843	6842	via	33.2745
6844	6845	via	33.2745
6846	6844	via	33.2745
6847	6846	via	33.2745
6848	6849	via	33.2745
6850	6848	via	33.2745
6851	6850	via	33.2745
6852	6853	via	33.2745
6854	6852	via	33.2745
6855	6854	via	33.2745
6856	6857	via	33.2745
6858	6856	via	33.2745
6859	6858	via	33.2745
6860	6861	via	33.2745
6862	6860	via	33.2745
6863	6862	via	33.2745
6864	6865	via	33.2745
6866	6864	via	33.2745
6867	6866	via	33.2745
6868	6869	via	33.2745
6870	6868	via	33.2745
6871	6870	via	33.2745
6872	6873	via	33.2745
6874	6872	via	33.2745
6875	6874	via	33.2745
6876	6877	via	33.2745
6878	6876	via	33.2745
6879	6878	via	33.2745
6880	6881	via	33.2745
6882	6880	via	33.2745
6883	6882	via	33.2745
6884	6885	via	33.2745
6886	6884	via	33.2745
6887	6886	via	33.2745
6888	6889	via	33.2745
6890	6888	via	33.2745
6891	6890	via	33.2745
6892	6893	via	33.2745
6894	6892	via	33.2745
6895	6894	via	33.2745
6896	6897	via	33.2745
6898	6896	via	33.2745
6899	6898	via	33.2745
6900	6901	via	33.2745
6902	6900	via	33.2745
6903	6902	via	33.2745
6904	6905	via	33.2745
6906	6904	via	33.2745
6907	6906	via	33.2745
6908	6909	via	33.2745
6910	6908	via	33.2745
6911	6910	via	33.2745
6912	6913	via	33.2745
6914	6912	via	33.2745
6915	6914	via	33.2745
6916	6917	via	33.2745
6918	6916	via	33.2745
6919	6918	via	33.2745
6920	6921	via	33.2745
6922	6920	via	33.2745
6923	6922	via	33.2745
6924	6925	via	33.2745
6926	6924	via	33.2745
6927	6926	via	33.2745
6928	6929	via	33.2745
6930	6928	via	33.2745
6931	6930	via	33.2745
6932	6933	via	33.2745
6934	6932	via	33.2745
6935	6934	via	33.2745
6936	6937	via	33.2745
6938	6936	via	33.2745
6939	6938	via	33.2745
6940	6941	via	33.2745
6942	6940	via	33.2745
6943	6942	via	33.2745
6944	6945	via	33.2745
6946	6944	via	33.2745
6947	6946	via	33.2745
6948	6949	via	33.2745
6950	6948	via	33.2745
6951	6950	via	33.2745
6952	6953	via	33.2745
6954	6952	via	33.2745
6955	6954	via	33.2745
6956	6957	via	33.2745
6958	6956	via	33.2745
6959	6958	via	33.2745
6960	6961	via	33.2745
6962	6960	via	33.2745
6963	6962	via	33.2745
6964	6965	via	33.2745
6966	6964	via	33.2745
6967	6966	via	33.2745
6968	6969	via	33.2745
6970	6968	via	33.2745
6971	6970	via	33.2745
6972	6973	via	33.2745
6974	6972	via	33.2745
6975	6974	via	33.2745
6976	6977	via	33.2745
6978	6976	via	33.2745
6979	6978	via	33.2745
6980	6981	via	33.2745
6982	6980	via	33.2745
6983	6982	via	33.2745
6984	6985	via	33.2745
6986	6984	via	33.2745
6987	6986	via	33.2745
6988	6989	via	33.2745
6990	6988	via	33.2745
6991	6990	via	33.2745
6992	6993	via	33.2745
6994	6992	via	33.2745
6995	6994	via	33.2745
6996	6997	via	33.2745
6998	6996	via	33.2745
6999	6998	via	33.2745
7000	7001	via	33.2745
7002	7000	via	33.2745
7003	7002	via	33.2745
7004	7005	via	33.2745
7006	7004	via	33.2745
7007	7006	via	33.2745
7008	7009	via	33.2745
7010	7008	via	33.2745
7011	7010	via	33.2745
7012	7013	via	33.2745
7014	7012	via	33.2745
7015	7014	via	33.2745
7016	7017	via	33.2745
7018	7016	via	33.2745
7019	7018	via	33.2745
7020	7021	via	33.2745
7022	7020	via	33.2745
7023	7022	via	33.2745
7024	7025	via	33.2745
7026	7024	via	33.2745
7027	7026	via	33.2745
7028	7029	via	33.2745
7030	7028	via	33.2745
7031	7030	via	33.2745
7032	7033	via	33.2745
7034	7032	via	33.2745
7035	7034	via	33.2745
7036	7037	via	33.2745
7038	7036	via	33.2745
7039	7038	via	33.2745
7040	7041	via	33.2745
7042	7040	via	33.2745
7043	7042	via	33.2745
7044	7045	via	33.2745
7046	7044	via	33.2745
7047	7046	via	33.2745
7048	7049	via	33.2745
7050	7048	via	33.2745
7051	7050	via	33.2745
7052	7053	via	33.2745
7054	7052	via	33.2745
7055	7054	via	33.2745
7056	7057	via	33.2745
7058	7056	via	33.2745
7059	7058	via	33.2745
7060	7061	via	33.2745
7062	7060	via	33.2745
7063	7062	via	33.2745
7064	7065	via	33.2745
7066	7064	via	33.2745
7067	7066	via	33.2745
7068	7069	via	33.2745
7070	7068	via	33.2745
7071	7070	via	33.2745
7072	7073	via	33.2745
7074	7072	via	33.2745
7075	7074	via	33.2745
7076	7077	via	33.2745
7078	7076	via	33.2745
7079	7078	via	33.2745
7080	7081	via	33.2745
7082	7080	via	33.2745
7083	7082	via	33.2745
7084	7085	via	33.2745
7086	7084	via	33.2745
7087	7086	via	33.2745
7088	7089	via	33.2745
7090	7088	via	33.2745
7091	7090	via	33.2745
7092	7093	via	33.2745
7094	7092	via	33.2745
7095	7094	via	33.2745
7096	7097	via	33.2745
7098	7096	via	33.2745
7099	7098	via	33.2745
7100	7101	via	33.2745
7102	7100	via	33.2745
7103	7102	via	33.2745
7104	7105	via	33.2745
7106	7104	via	33.2745
7107	7106	via	33.2745
7108	7109	via	33.2745
7110	7108	via	33.2745
7111	7110	via	33.2745
7112	7113	via	33.2745
7114	7112	via	33.2745
7115	7114	via	33.2745
7116	7117	via	33.2745
7118	7116	via	33.2745
7119	7118	via	33.2745
7120	7121	via	33.2745
7122	7120	via	33.2745
7123	7122	via	33.2745
7124	7125	via	33.2745
7126	7124	via	33.2745
7127	7126	via	33.2745
7128	7129	via	33.2745
7130	7128	via	33.2745
7131	7130	via	33.2745
7132	7133	via	33.2745
7134	7132	via	33.2745
7135	7134	via	33.2745
7136	7137	via	33.2745
7138	7136	via	33.2745
7139	7138	via	33.2745
7140	7141	via	33.2745
7142	7140	via	33.2745
7143	7142	via	33.2745
7144	7145	via	33.2745
7146	7144	via	33.2745
7147	7146	via	33.2745
7148	7149	via	33.2745
7150	7148	via	33.2745
7151	7150	via	33.2745
7152	7153	via	33.2745
7154	7152	via	33.2745
7155	7154	via	33.2745
7156	7157	via	33.2745
7158	7156	via	33.2745
7159	7158	via	33.2745
7160	7161	via	33.2745
7162	7160	via	33.2745
7163	7162	via	33.2745
7164	7165	via	33.2745
7166	7164	via	33.2745
7167	7166	via	33.2745
7168	7169	via	33.2745
7170	7168	via	33.2745
7171	7170	via	33.2745
7172	7173	via	33.2745
7174	7172	via	33.2745
7175	7174	via	33.2745
7176	7177	via	33.2745
7178	7176	via	33.2745
7179	7178	via	33.2745
7180	7181	via	33.2745
7182	7180	via	33.2745
7183	7182	via	33.2745
7184	7185	via	33.2745
7186	7184	via	33.2745
7187	7186	via	33.2745
7188	7189	via	33.2745
7190	7188	via	33.2745
7191	7190	via	33.2745
7192	7193	via	33.2745
7194	7192	via	33.2745
7195	7194	via	33.2745
7196	7197	via	33.2745
7198	7196	via	33.2745
7199	7198	via	33.2745
7200	7201	via	33.2745
7202	7200	via	33.2745
7203	7202	via	33.2745
7204	7205	via	33.2745
7206	7204	via	33.2745
7207	7206	via	33.2745
7208	7209	via	33.2745
7210	7208	via	33.2745
7211	7210	via	33.2745
7212	7213	via	33.2745
7214	7212	via	33.2745
7215	7214	via	33.2745
7216	7217	via	33.2745
7218	7216	via	33.2745
7219	7218	via	33.2745
7220	7221	via	33.2745
7222	7220	via	33.2745
7223	7222	via	33.2745
7224	7225	via	33.2745
7226	7224	via	33.2745
7227	7226	via	33.2745
7228	7229	via	33.2745
7230	7228	via	33.2745
7231	7230	via	33.2745
7232	7233	via	33.2745
7234	7232	via	33.2745
7235	7234	via	33.2745
7236	7237	via	33.2745
7238	7236	via	33.2745
7239	7238	via	33.2745
7240	7241	via	33.2745
7242	7240	via	33.2745
7243	7242	via	33.2745
7244	7245	via	33.2745
7246	7244	via	33.2745
7247	7246	via	33.2745
7248	7249	via	33.2745
7250	7248	via	33.2745
7251	7250	via	33.2745
7252	7253	via	33.2745
7254	7252	via	33.2745
7255	7254	via	33.2745
7256	7257	via	33.2745
7258	7256	via	33.2745
7259	7258	via	33.2745
7260	7261	via	33.2745
7262	7260	via	33.2745
7263	7262	via	33.2745
7264	7265	via	33.2745
7266	7264	via	33.2745
7267	7266	via	33.2745
7268	7269	via	33.2745
7270	7268	via	33.2745
7271	7270	via	33.2745
7272	7273	via	33.2745
7274	7272	via	33.2745
7275	7274	via	33.2745
7276	7277	via	33.2745
7278	7276	via	33.2745
7279	7278	via	33.2745
7280	7281	via	33.2745
7282	7280	via	33.2745
7283	7282	via	33.2745
7284	7285	via	33.2745
7286	7284	via	33.2745
7287	7286	via	33.2745
7288	7289	via	33.2745
7290	7288	via	33.2745
7291	7290	via	33.2745
7292	7293	via	33.2745
7294	7292	via	33.2745
7295	7294	via	33.2745
7296	7297	via	33.2745
7298	7296	via	33.2745
7299	7298	via	33.2745
7300	7301	via	33.2745
7302	7300	via	33.2745
7303	7302	via	33.2745
7304	7305	via	33.2745
7306	7304	via	33.2745
7307	7306	via	33.2745
7308	7309	via	33.2745
7310	7308	via	33.2745
7311	7310	via	33.2745
7312	7313	via	33.2745
7314	7312	via	33.2745
7315	7314	via	33.2745
7316	7317	via	33.2745
7318	7316	via	33.2745
7319	7318	via	33.2745
7320	7321	via	33.2745
7322	7320	via	33.2745
7323	7322	via	33.2745
7324	7325	via	33.2745
7326	7324	via	33.2745
7327	7326	via	33.2745
7328	7329	via	33.2745
7330	7328	via	33.2745
7331	7330	via	33.2745
7332	7333	via	33.2745
7334	7332	via	33.2745
7335	7334	via	33.2745
7336	7337	via	33.2745
7338	7336	via	33.2745
7339	7338	via	33.2745
7340	7341	via	33.2745
7342	7340	via	33.2745
7343	7342	via	33.2745
7344	7345	via	33.2745
7346	7344	via	33.2745
7347	7346	via	33.2745
7348	7349	via	33.2745
7350	7348	via	33.2745
7351	7350	via	33.2745
7352	7353	via	33.2745
7354	7352	via	33.2745
7355	7354	via	33.2745
7356	7357	via	33.2745
7358	7356	via	33.2745
7359	7358	via	33.2745
7360	7361	via	33.2745
7362	7360	via	33.2745
7363	7362	via	33.2745
7364	7365	via	33.2745
7366	7364	via	33.2745
7367	7366	via	33.2745
7368	7369	via	33.2745
7370	7368	via	33.2745
7371	7370	via	33.2745
7372	7373	via	33.2745
7374	7372	via	33.2745
7375	7374	via	33.2745
7376	7377	via	33.2745
7378	7376	via	33.2745
7379	7378	via	33.2745
7380	7381	via	33.2745
7382	7380	via	33.2745
7383	7382	via	33.2745
7384	7385	via	33.2745
7386	7384	via	33.2745
7387	7386	via	33.2745
7388	7389	via	33.2745
7390	7388	via	33.2745
7391	7390	via	33.2745
7392	7393	via	33.2745
7394	7392	via	33.2745
7395	7394	via	33.2745
7396	7397	via	33.2745
7398	7396	via	33.2745
7399	7398	via	33.2745
7400	7401	via	33.2745
7402	7400	via	33.2745
7403	7402	via	33.2745
7404	7405	via	33.2745
7406	7404	via	33.2745
7407	7406	via	33.2745
7408	7409	via	33.2745
7410	7408	via	33.2745
7411	7410	via	33.2745
7412	7413	via	33.2745
7414	7412	via	33.2745
7415	7414	via	33.2745
7416	7417	via	33.2745
7418	7416	via	33.2745
7419	7418	via	33.2745
7420	7421	via	33.2745
7422	7420	via	33.2745
7423	7422	via	33.2745
7424	7425	via	33.2745
7426	7424	via	33.2745
7427	7426	via	33.2745
7428	7429	via	33.2745
7430	7428	via	33.2745
7431	7430	via	33.2745
7432	7433	via	33.2745
7434	7432	via	33.2745
7435	7434	via	33.2745
7436	7437	via	33.2745
7438	7436	via	33.2745
7439	7438	via	33.2745
7440	7441	via	33.2745
7442	7440	via	33.2745
7443	7442	via	33.2745
7444	7445	via	33.2745
7446	7444	via	33.2745
7447	7446	via	33.2745
7448	7449	via	33.2745
7450	7448	via	33.2745
7451	7450	via	33.2745
7452	7453	via	33.2745
7454	7452	via	33.2745
7455	7454	via	33.2745
7456	7457	via	33.2745
7458	7456	via	33.2745
7459	7458	via	33.2745
7460	7461	via	33.2745
7462	7460	via	33.2745
7463	7462	via	33.2745
7464	7465	via	33.2745
7466	7464	via	33.2745
7467	7466	via	33.2745
7468	7469	via	33.2745
7470	7468	via	33.2745
7471	7470	via	33.2745
7472	7473	via	33.2745
7474	7472	via	33.2745
7475	7474	via	33.2745
7476	7477	via	33.2745
7478	7476	via	33.2745
7479	7478	via	33.2745
7480	7481	via	33.2745
7482	7480	via	33.2745
7483	7482	via	33.2745
7484	7485	via	33.2745
7486	7484	via	33.2745
7487	7486	via	33.2745
7488	7489	via	33.2745
7490	7488	via	33.2745
7491	7490	via	33.2745
7492	7493	via	33.2745
7494	7492	via	33.2745
7495	7494	via	33.2745
7496	7497	via	33.2745
7498	7496	via	33.2745
7499	7498	via	33.2745
7500	7501	via	33.2745
7502	7500	via	33.2745
7503	7502	via	33.2745
7504	7505	via	33.2745
7506	7504	via	33.2745
7507	7506	via	33.2745
7508	7509	via	33.2745
7510	7508	via	33.2745
7511	7510	via	33.2745
7512	7513	via	33.2745
7514	7512	via	33.2745
7515	7514	via	33.2745
7516	7517	via	33.2745
7518	7516	via	33.2745
7519	7518	via	33.2745
7520	7521	via	33.2745
7522	7520	via	33.2745
7523	7522	via	33.2745
7524	7525	via	33.2745
7526	7524	via	33.2745
7527	7526	via	33.2745
7528	7529	via	33.2745
7530	7528	via	33.2745
7531	7530	via	33.2745
7532	7533	via	33.2745
7534	7532	via	33.2745
7535	7534	via	33.2745
7536	7537	via	33.2745
7538	7536	via	33.2745
7539	7538	via	33.2745
7540	7541	via	33.2745
7542	7540	via	33.2745
7543	7542	via	33.2745
7544	7545	via	33.2745
7546	7544	via	33.2745
7547	7546	via	33.2745
7548	7549	via	33.2745
7550	7548	via	33.2745
7551	7550	via	33.2745
7552	7553	via	33.2745
7554	7552	via	33.2745
7555	7554	via	33.2745
7556	7557	via	33.2745
7558	7556	via	33.2745
7559	7558	via	33.2745
7560	7561	via	33.2745
7562	7560	via	33.2745
7563	7562	via	33.2745
7564	7565	via	33.2745
7566	7564	via	33.2745
7567	7566	via	33.2745
7568	7569	via	33.2745
7570	7568	via	33.2745
7571	7570	via	33.2745
7572	7573	via	33.2745
7574	7572	via	33.2745
7575	7574	via	33.2745
7576	7577	via	33.2745
7578	7576	via	33.2745
7579	7578	via	33.2745
7580	7581	via	33.2745
7582	7580	via	33.2745
7583	7582	via	33.2745
7584	7585	via	33.2745
7586	7584	via	33.2745
7587	7586	via	33.2745
7588	7589	via	33.2745
7590	7588	via	33.2745
7591	7590	via	33.2745
7592	7593	via	33.2745
7594	7592	via	33.2745
7595	7594	via	33.2745
7596	7597	via	33.2745
7598	7596	via	33.2745
7599	7598	via	33.2745
7600	7601	via	33.2745
7602	7600	via	33.2745
7603	7602	via	33.2745
7604	7605	via	33.2745
7606	7604	via	33.2745
7607	7606	via	33.2745
7608	7609	via	33.2745
7610	7608	via	33.2745
7611	7610	via	33.2745
7612	7613	via	33.2745
7614	7612	via	33.2745
7615	7614	via	33.2745
7616	7617	via	33.2745
7618	7616	via	33.2745
7619	7618	via	33.2745
7620	7621	via	33.2745
7622	7620	via	33.2745
7623	7622	via	33.2745
7624	7625	via	33.2745
7626	7624	via	33.2745
7627	7626	via	33.2745
7628	7629	via	33.2745
7630	7628	via	33.2745
7631	7630	via	33.2745
7632	7633	via	33.2745
7634	7632	via	33.2745
7635	7634	via	33.2745
7636	7637	via	33.2745
7638	7636	via	33.2745
7639	7638	via	33.2745
7640	7641	via	33.2745
7642	7640	via	33.2745
7643	7642	via	33.2745
7644	7645	via	33.2745
7646	7644	via	33.2745
7647	7646	via	33.2745
7648	7649	via	33.2745
7650	7648	via	33.2745
7651	7650	via	33.2745
7652	7653	via	33.2745
7654	7652	via	33.2745
7655	7654	via	33.2745
7656	7657	via	33.2745
7658	7656	via	33.2745
7659	7658	via	33.2745
7660	7661	via	33.2745
7662	7660	via	33.2745
7663	7662	via	33.2745
7664	7665	via	33.2745
7666	7664	via	33.2745
7667	7666	via	33.2745
7668	7669	via	33.2745
7670	7668	via	33.2745
7671	7670	via	33.2745
7672	7673	via	33.2745
7674	7672	via	33.2745
7675	7674	via	33.2745
7676	7677	via	33.2745
7678	7676	via	33.2745
7679	7678	via	33.2745
7680	7681	via	33.2745
7682	7680	via	33.2745
7683	7682	via	33.2745
7684	7685	via	33.2745
7686	7684	via	33.2745
7687	7686	via	33.2745
7688	7689	via	33.2745
7690	7688	via	33.2745
7691	7690	via	33.2745
7692	7693	via	33.2745
7694	7692	via	33.2745
7695	7694	via	33.2745
7696	7697	via	33.2745
7698	7696	via	33.2745
7699	7698	via	33.2745
7700	7701	via	33.2745
7702	7700	via	33.2745
7703	7702	via	33.2745
7704	7705	via	33.2745
7706	7704	via	33.2745
7707	7706	via	33.2745
7708	7709	via	33.2745
7710	7708	via	33.2745
7711	7710	via	33.2745
7712	7713	via	33.2745
7714	7712	via	33.2745
7715	7714	via	33.2745
7716	7717	via	33.2745
7718	7716	via	33.2745
7719	7718	via	33.2745
7720	7721	via	33.2745
7722	7720	via	33.2745
7723	7722	via	33.2745
7724	7725	via	33.2745
7726	7724	via	33.2745
7727	7726	via	33.2745
7728	7729	via	33.2745
7730	7728	via	33.2745
7731	7730	via	33.2745
7732	7733	via	33.2745
7734	7732	via	33.2745
7735	7734	via	33.2745
7736	7737	via	33.2745
7738	7736	via	33.2745
7739	7738	via	33.2745
7740	7741	via	33.2745
7742	7740	via	33.2745
7743	7742	via	33.2745
7744	7745	via	33.2745
7746	7744	via	33.2745
7747	7746	via	33.2745
7748	7749	via	33.2745
7750	7748	via	33.2745
7751	7750	via	33.2745
7752	7753	via	33.2745
7754	7752	via	33.2745
7755	7754	via	33.2745
7756	7757	via	33.2745
7758	7756	via	33.2745
7759	7758	via	33.2745
7760	7761	via	33.2745
7762	7760	via	33.2745
7763	7762	via	33.2745
7764	7765	via	33.2745
7766	7764	via	33.2745
7767	7766	via	33.2745
7768	7769	via	33.2745
7770	7768	via	33.2745
7771	7770	via	33.2745
7772	7773	via	33.2745
7774	7772	via	33.2745
7775	7774	via	33.2745
7776	7777	via	33.2745
7778	7776	via	33.2745
7779	7778	via	33.2745
7780	7781	via	33.2745
7782	7780	via	33.2745
7783	7782	via	33.2745
7784	7785	via	33.2745
7786	7784	via	33.2745
7787	7786	via	33.2745
7788	7789	via	33.2745
7790	7788	via	33.2745
7791	7790	via	33.2745
7792	7793	via	33.2745
7794	7792	via	33.2745
7795	7794	via	33.2745
7796	7797	via	33.2745
7798	7796	via	33.2745
7799	7798	via	33.2745
7800	7801	via	33.2745
7802	7800	via	33.2745
7803	7802	via	33.2745
7804	7805	via	33.2745
7806	7804	via	33.2745
7807	7806	via	33.2745
7808	7809	via	33.2745
7810	7808	via	33.2745
7811	7810	via	33.2745
7812	7813	via	33.2745
7814	7812	via	33.2745
7815	7814	via	33.2745
7816	7817	via	33.2745
7818	7816	via	33.2745
7819	7818	via	33.2745
7820	7821	via	33.2745
7822	7820	via	33.2745
7823	7822	via	33.2745
7824	7825	via	33.2745
7826	7824	via	33.2745
7827	7826	via	33.2745
7828	7829	via	33.2745
7830	7828	via	33.2745
7831	7830	via	33.2745
7832	7833	via	33.2745
7834	7832	via	33.2745
7835	7834	via	33.2745
7836	7837	via	33.2745
7838	7836	via	33.2745
7839	7838	via	33.2745
7840	7841	via	33.2745
7842	7840	via	33.2745
7843	7842	via	33.2745
7844	7845	via	33.2745
7846	7844	via	33.2745
7847	7846	via	33.2745
7848	7849	via	33.2745
7850	7848	via	33.2745
7851	7850	via	33.2745
7852	7853	via	33.2745
7854	7852	via	33.2745
7855	7854	via	33.2745
7856	7857	via	33.2745
7858	7856	via	33.2745
7859	7858	via	33.2745
7860	7861	via	33.2745
7862	7860	via	33.2745
7863	7862	via	33.2745
7864	7865	via	33.2745
7866	7864	via	33.2745
7867	7866	via	33.2745
7868	7869	via	33.2745
7870	7868	via	33.2745
7871	7870	via	33.2745
7872	7873	via	33.2745
7874	7872	via	33.2745
7875	7874	via	33.2745
7876	7877	via	33.2745
7878	7876	via	33.2745
7879	7878	via	33.2745
7880	7881	via	33.2745
7882	7880	via	33.2745
7883	7882	via	33.2745
7884	7885	via	33.2745
7886	7884	via	33.2745
7887	7886	via	33.2745
7888	7889	via	33.2745
7890	7888	via	33.2745
7891	7890	via	33.2745
7892	7893	via	33.2745
7894	7892	via	33.2745
7895	7894	via	33.2745
7896	7897	via	33.2745
7898	7896	via	33.2745
7899	7898	via	33.2745
7900	7901	via	33.2745
7902	7900	via	33.2745
7903	7902	via	33.2745
7904	7905	via	33.2745
7906	7904	via	33.2745
7907	7906	via	33.2745
7908	7909	via	33.2745
7910	7908	via	33.2745
7911	7910	via	33.2745
7912	7913	via	33.2745
7914	7912	via	33.2745
7915	7914	via	33.2745
7916	7917	via	33.2745
7918	7916	via	33.2745
7919	7918	via	33.2745
7920	7921	via	33.2745
7922	7920	via	33.2745
7923	7922	via	33.2745
7924	7925	via	33.2745
7926	7924	via	33.2745
7927	7926	via	33.2745
7928	7929	via	33.2745
7930	7928	via	33.2745
7931	7930	via	33.2745
7932	7933	via	33.2745
7934	7932	via	33.2745
7935	7934	via	33.2745
7936	7937	via	33.2745
7938	7936	via	33.2745
7939	7938	via	33.2745
7940	7941	via	33.2745
7942	7940	via	33.2745
7943	7942	via	33.2745
7944	7945	via	33.2745
7946	7944	via	33.2745
7947	7946	via	33.2745
7948	7949	via	33.2745
7950	7948	via	33.2745
7951	7950	via	33.2745
7952	7953	via	33.2745
7954	7952	via	33.2745
7955	7954	via	33.2745
7956	7957	via	33.2745
7958	7956	via	33.2745
7959	7958	via	33.2745
7960	7961	via	33.2745
7962	7960	via	33.2745
7963	7962	via	33.2745
7964	7965	via	33.2745
7966	7964	via	33.2745
7967	7966	via	33.2745
7968	7969	via	33.2745
7970	7968	via	33.2745
7971	7970	via	33.2745
7972	7973	via	33.2745
7974	7972	via	33.2745
7975	7974	via	33.2745
7976	7977	via	33.2745
7978	7976	via	33.2745
7979	7978	via	33.2745
7980	7981	via	33.2745
7982	7980	via	33.2745
7983	7982	via	33.2745
7984	7985	via	33.2745
7986	7984	via	33.2745
7987	7986	via	33.2745
7988	7989	via	33.2745
7990	7988	via	33.2745
7991	7990	via	33.2745
7992	7993	via	33.2745
7994	7992	via	33.2745
7995	7994	via	33.2745
7996	7997	via	33.2745
7998	7996	via	33.2745
7999	7998	via	33.2745
8000	8001	via	33.2745
8002	8000	via	33.2745
8003	8002	via	33.2745
8004	8005	via	33.2745
8006	8004	via	33.2745
8007	8006	via	33.2745
8008	8009	via	33.2745
8010	8008	via	33.2745
8011	8010	via	33.2745
8012	8013	via	33.2745
8014	8012	via	33.2745
8015	8014	via	33.2745
8016	8017	via	33.2745
8018	8016	via	33.2745
8019	8018	via	33.2745
8020	8021	via	33.2745
8022	8020	via	33.2745
8023	8022	via	33.2745
8024	8025	via	33.2745
8026	8024	via	33.2745
8027	8026	via	33.2745
8028	8029	via	33.2745
8030	8028	via	33.2745
8031	8030	via	33.2745
8032	8033	via	33.2745
8034	8032	via	33.2745
8035	8034	via	33.2745
8036	8037	via	33.2745
8038	8036	via	33.2745
8039	8038	via	33.2745
8040	8041	via	33.2745
8042	8040	via	33.2745
8043	8042	via	33.2745
8044	8045	via	33.2745
8046	8044	via	33.2745
8047	8046	via	33.2745
8048	8049	via	33.2745
8050	8048	via	33.2745
8051	8050	via	33.2745
8052	8053	via	33.2745
8054	8052	via	33.2745
8055	8054	via	33.2745
8056	8057	via	33.2745
8058	8056	via	33.2745
8059	8058	via	33.2745
8060	8061	via	33.2745
8062	8060	via	33.2745
8063	8062	via	33.2745
8064	8065	via	33.2745
8066	8064	via	33.2745
8067	8066	via	33.2745
8068	8069	via	33.2745
8070	8068	via	33.2745
8071	8070	via	33.2745
8072	8073	via	33.2745
8074	8072	via	33.2745
8075	8074	via	33.2745
8076	8077	via	33.2745
8078	8076	via	33.2745
8079	8078	via	33.2745
8080	8081	via	33.2745
8082	8080	via	33.2745
8083	8082	via	33.2745
8084	8085	via	33.2745
8086	8084	via	33.2745
8087	8086	via	33.2745
8088	8089	via	33.2745
8090	8088	via	33.2745
8091	8090	via	33.2745
8092	8093	via	33.2745
8094	8092	via	33.2745
8095	8094	via	33.2745
8096	8097	via	33.2745
8098	8096	via	33.2745
8099	8098	via	33.2745
8100	8101	via	33.2745
8102	8100	via	33.2745
8103	8102	via	33.2745
8104	8105	via	33.2745
8106	8104	via	33.2745
8107	8106	via	33.2745
8108	8109	via	33.2745
8110	8108	via	33.2745
8111	8110	via	33.2745
8112	8113	via	33.2745
8114	8112	via	33.2745
8115	8114	via	33.2745
8116	8117	via	33.2745
8118	8116	via	33.2745
8119	8118	via	33.2745
8120	8121	via	33.2745
8122	8120	via	33.2745
8123	8122	via	33.2745
8124	8125	via	33.2745
8126	8124	via	33.2745
8127	8126	via	33.2745
8128	8129	via	33.2745
8130	8128	via	33.2745
8131	8130	via	33.2745
8132	8133	via	33.2745
8134	8132	via	33.2745
8135	8134	via	33.2745
8136	8137	via	33.2745
8138	8136	via	33.2745
8139	8138	via	33.2745
8140	8141	via	33.2745
8142	8140	via	33.2745
8143	8142	via	33.2745
8144	8145	via	33.2745
8146	8144	via	33.2745
8147	8146	via	33.2745
8148	8149	via	33.2745
8150	8148	via	33.2745
8151	8150	via	33.2745
8152	8153	via	33.2745
8154	8152	via	33.2745
8155	8154	via	33.2745
8156	8157	via	33.2745
8158	8156	via	33.2745
8159	8158	via	33.2745
8160	8161	via	33.2745
8162	8160	via	33.2745
8163	8162	via	33.2745
8164	8165	via	33.2745
8166	8164	via	33.2745
8167	8166	via	33.2745
8168	8169	via	33.2745
8170	8168	via	33.2745
8171	8170	via	33.2745
8172	8173	via	33.2745
8174	8172	via	33.2745
8175	8174	via	33.2745
8176	8177	via	33.2745
8178	8176	via	33.2745
8179	8178	via	33.2745
8180	8181	via	33.2745
8182	8180	via	33.2745
8183	8182	via	33.2745
8184	8185	via	33.2745
8186	8184	via	33.2745
8187	8186	via	33.2745
8188	8189	via	33.2745
8190	8188	via	33.2745
8191	8190	via	33.2745
8192	8193	via	33.2745
8194	8192	via	33.2745
8195	8194	via	33.2745
8196	8197	via	33.2745
8198	8196	via	33.2745
8199	8198	via	33.2745
8200	8201	via	33.2745
8202	8200	via	33.2745
8203	8202	via	33.2745
8204	8205	via	33.2745
8206	8204	via	33.2745
8207	8206	via	33.2745
8208	8209	via	33.2745
8210	8208	via	33.2745
8211	8210	via	33.2745
8212	8213	via	33.2745
8214	8212	via	33.2745
8215	8214	via	33.2745
8216	8217	via	33.2745
8218	8216	via	33.2745
8219	8218	via	33.2745
8220	8221	via	33.2745
8222	8220	via	33.2745
8223	8222	via	33.2745
8224	8225	via	33.2745
8226	8224	via	33.2745
8227	8226	via	33.2745
8228	8229	via	33.2745
8230	8228	via	33.2745
8231	8230	via	33.2745
8232	8233	via	33.2745
8234	8232	via	33.2745
8235	8234	via	33.2745
8236	8237	via	33.2745
8238	8236	via	33.2745
8239	8238	via	33.2745
8240	8241	via	33.2745
8242	8240	via	33.2745
8243	8242	via	33.2745
8244	8245	via	33.2745
8246	8244	via	33.2745
8247	8246	via	33.2745
8248	8249	via	33.2745
8250	8248	via	33.2745
8251	8250	via	33.2745
8252	8253	via	33.2745
8254	8252	via	33.2745
8255	8254	via	33.2745
8256	8257	via	33.2745
8258	8256	via	33.2745
8259	8258	via	33.2745
8260	8261	via	33.2745
8262	8260	via	33.2745
8263	8262	via	33.2745
8264	8265	via	33.2745
8266	8264	via	33.2745
8267	8266	via	33.2745
8268	8269	via	33.2745
8270	8268	via	33.2745
8271	8270	via	33.2745
8272	8273	via	33.2745
8274	8272	via	33.2745
8275	8274	via	33.2745
8276	8277	via	33.2745
8278	8276	via	33.2745
8279	8278	via	33.2745
8280	8281	via	33.2745
8282	8280	via	33.2745
8283	8282	via	33.2745
8284	8285	via	33.2745
8286	8284	via	33.2745
8287	8286	via	33.2745
8288	8289	via	33.2745
8290	8288	via	33.2745
8291	8290	via	33.2745
8292	8293	via	33.2745
8294	8292	via	33.2745
8295	8294	via	33.2745
8296	8297	via	33.2745
8298	8296	via	33.2745
8299	8298	via	33.2745
8300	8301	via	33.2745
8302	8300	via	33.2745
8303	8302	via	33.2745
8304	8305	via	33.2745
8306	8304	via	33.2745
8307	8306	via	33.2745
8308	8309	via	33.2745
8310	8308	via	33.2745
8311	8310	via	33.2745
8312	8313	via	33.2745
8314	8312	via	33.2745
8315	8314	via	33.2745
8316	8317	via	33.2745
8318	8316	via	33.2745
8319	8318	via	33.2745
8320	8321	via	33.2745
8322	8320	via	33.2745
8323	8322	via	33.2745
8324	8325	via	33.2745
8326	8324	via	33.2745
8327	8326	via	33.2745
8328	8329	via	33.2745
8330	8328	via	33.2745
8331	8330	via	33.2745
8332	8333	via	33.2745
8334	8332	via	33.2745
8335	8334	via	33.2745
8336	8337	via	33.2745
8338	8336	via	33.2745
8339	8338	via	33.2745
8340	8341	via	33.2745
8342	8340	via	33.2745
8343	8342	via	33.2745
8344	8345	via	33.2745
8346	8344	via	33.2745
8347	8346	via	33.2745
8348	8349	via	33.2745
8350	8348	via	33.2745
8351	8350	via	33.2745
8352	8353	via	33.2745
8354	8352	via	33.2745
8355	8354	via	33.2745
8356	8357	via	33.2745
8358	8356	via	33.2745
8359	8358	via	33.2745
8360	8361	via	33.2745
8362	8360	via	33.2745
8363	8362	via	33.2745
8364	8365	via	33.2745
8366	8364	via	33.2745
8367	8366	via	33.2745
8368	8369	via	33.2745
8370	8368	via	33.2745
8371	8370	via	33.2745
8372	8373	via	33.2745
8374	8372	via	33.2745
8375	8374	via	33.2745
8376	8377	via	33.2745
8378	8376	via	33.2745
8379	8378	via	33.2745
8380	8381	via	33.2745
8382	8380	via	33.2745
8383	8382	via	33.2745
8384	8385	via	33.2745
8386	8384	via	33.2745
8387	8386	via	33.2745
8388	8389	via	33.2745
8390	8388	via	33.2745
8391	8390	via	33.2745
8392	8393	via	33.2745
8394	8392	via	33.2745
8395	8394	via	33.2745
8396	8397	via	33.2745
8398	8396	via	33.2745
8399	8398	via	33.2745
8400	8401	via	33.2745
8402	8400	via	33.2745
8403	8402	via	33.2745
8404	8405	via	33.2745
8406	8404	via	33.2745
8407	8406	via	33.2745
8408	8409	via	33.2745
8410	8408	via	33.2745
8411	8410	via	33.2745
8412	8413	via	33.2745
8414	8412	via	33.2745
8415	8414	via	33.2745
8416	8417	via	33.2745
8418	8416	via	33.2745
8419	8418	via	33.2745
8420	8421	via	33.2745
8422	8420	via	33.2745
8423	8422	via	33.2745
8424	8425	via	33.2745
8426	8424	via	33.2745
8427	8426	via	33.2745
8428	8429	via	33.2745
8430	8428	via	33.2745
8431	8430	via	33.2745
8432	8433	via	33.2745
8434	8432	via	33.2745
8435	8434	via	33.2745
8436	8437	via	33.2745
8438	8436	via	33.2745
8439	8438	via	33.2745
8440	8441	via	33.2745
8442	8440	via	33.2745
8443	8442	via	33.2745
8444	8445	via	33.2745
8446	8444	via	33.2745
8447	8446	via	33.2745
8448	8449	via	33.2745
8450	8448	via	33.2745
8451	8450	via	33.2745
8452	8453	via	33.2745
8454	8452	via	33.2745
8455	8454	via	33.2745
8456	8457	via	33.2745
8458	8456	via	33.2745
8459	8458	via	33.2745
8460	8461	via	33.2745
8462	8460	via	33.2745
8463	8462	via	33.2745
8464	8465	via	33.2745
8466	8464	via	33.2745
8467	8466	via	33.2745
8468	8469	via	33.2745
8470	8468	via	33.2745
8471	8470	via	33.2745
8472	8473	via	33.2745
8474	8472	via	33.2745
8475	8474	via	33.2745
8476	8477	via	33.2745
8478	8476	via	33.2745
8479	8478	via	33.2745
8480	8481	via	33.2745
8482	8480	via	33.2745
8483	8482	via	33.2745
8484	8485	via	33.2745
8486	8484	via	33.2745
8487	8486	via	33.2745
8488	8489	via	33.2745
8490	8488	via	33.2745
8491	8490	via	33.2745
8492	8493	via	33.2745
8494	8492	via	33.2745
8495	8494	via	33.2745
8496	8497	via	33.2745
8498	8496	via	33.2745
8499	8498	via	33.2745
8500	8501	via	33.2745
8502	8500	via	33.2745
8503	8502	via	33.2745
8504	8505	via	33.2745
8506	8504	via	33.2745
8507	8506	via	33.2745
8508	8509	via	33.2745
8510	8508	via	33.2745
8511	8510	via	33.2745
8512	8513	via	33.2745
8514	8512	via	33.2745
8515	8514	via	33.2745
8516	8517	via	33.2745
8518	8516	via	33.2745
8519	8518	via	33.2745
8520	8521	via	33.2745
8522	8520	via	33.2745
8523	8522	via	33.2745
8524	8525	via	33.2745
8526	8524	via	33.2745
8527	8526	via	33.2745
8528	8529	via	33.2745
8530	8528	via	33.2745
8531	8530	via	33.2745
8532	8533	via	33.2745
8534	8532	via	33.2745
8535	8534	via	33.2745
8536	8537	via	33.2745
8538	8536	via	33.2745
8539	8538	via	33.2745
8540	8541	via	33.2745
8542	8540	via	33.2745
8543	8542	via	33.2745
8544	8545	via	33.2745
8546	8544	via	33.2745
8547	8546	via	33.2745
8548	8549	via	33.2745
8550	8548	via	33.2745
8551	8550	via	33.2745
8552	8553	via	33.2745
8554	8552	via	33.2745
8555	8554	via	33.2745
8556	8557	via	33.2745
8558	8556	via	33.2745
8559	8558	via	33.2745
8560	8561	via	33.2745
8562	8560	via	33.2745
8563	8562	via	33.2745
8564	8565	via	33.2745
8566	8564	via	33.2745
8567	8566	via	33.2745
8568	8569	via	33.2745
8570	8568	via	33.2745
8571	8570	via	33.2745
8572	8573	via	33.2745
8574	8572	via	33.2745
8575	8574	via	33.2745
8576	8577	via	33.2745
8578	8576	via	33.2745
8579	8578	via	33.2745
8580	8581	via	33.2745
8582	8580	via	33.2745
8583	8582	via	33.2745
8584	8585	via	33.2745
8586	8584	via	33.2745
8587	8586	via	33.2745
8588	8589	via	33.2745
8590	8588	via	33.2745
8591	8590	via	33.2745
8592	8593	via	33.2745
8594	8592	via	33.2745
8595	8594	via	33.2745
8596	8597	via	33.2745
8598	8596	via	33.2745
8599	8598	via	33.2745
8600	8601	via	33.2745
8602	8600	via	33.2745
8603	8602	via	33.2745
8604	8605	via	33.2745
8606	8604	via	33.2745
8607	8606	via	33.2745
8608	8609	via	33.2745
8610	8608	via	33.2745
8611	8610	via	33.2745
8612	8613	via	33.2745
8614	8612	via	33.2745
8615	8614	via	33.2745
8616	8617	via	33.2745
8618	8616	via	33.2745
8619	8618	via	33.2745
8620	8621	via	33.2745
8622	8620	via	33.2745
8623	8622	via	33.2745
8624	8625	via	33.2745
8626	8624	via	33.2745
8627	8626	via	33.2745
8628	8629	via	33.2745
8630	8628	via	33.2745
8631	8630	via	33.2745
8632	8633	via	33.2745
8634	8632	via	33.2745
8635	8634	via	33.2745
8636	8637	via	33.2745
8638	8636	via	33.2745
8639	8638	via	33.2745
8640	8641	via	33.2745
8642	8640	via	33.2745
8643	8642	via	33.2745
8644	8645	via	33.2745
8646	8644	via	33.2745
8647	8646	via	33.2745
8648	8649	via	33.2745
8650	8648	via	33.2745
8651	8650	via	33.2745
8652	8653	via	33.2745
8654	8652	via	33.2745
8655	8654	via	33.2745
8656	8657	via	33.2745
8658	8656	via	33.2745
8659	8658	via	33.2745
8660	8661	via	33.2745
8662	8660	via	33.2745
8663	8662	via	33.2745
8664	8665	via	33.2745
8666	8664	via	33.2745
8667	8666	via	33.2745
8668	8669	via	33.2745
8670	8668	via	33.2745
8671	8670	via	33.2745
8672	8673	via	33.2745
8674	8672	via	33.2745
8675	8674	via	33.2745
8676	8677	via	33.2745
8678	8676	via	33.2745
8679	8678	via	33.2745
8680	8681	via	33.2745
8682	8680	via	33.2745
8683	8682	via	33.2745
8684	8685	via	33.2745
8686	8684	via	33.2745
8687	8686	via	33.2745
8688	8689	via	33.2745
8690	8688	via	33.2745
8691	8690	via	33.2745
8692	8693	via	33.2745
8694	8692	via	33.2745
8695	8694	via	33.2745
8696	8697	via	33.2745
8698	8696	via	33.2745
8699	8698	via	33.2745
8700	8701	via	33.2745
8702	8700	via	33.2745
8703	8702	via	33.2745
8704	8705	via	33.2745
8706	8704	via	33.2745
8707	8706	via	33.2745
8708	8709	via	33.2745
8710	8708	via	33.2745
8711	8710	via	33.2745
8712	8713	via	33.2745
8714	8712	via	33.2745
8715	8714	via	33.2745
8716	8717	via	33.2745
8718	8716	via	33.2745
8719	8718	via	33.2745
8720	8721	via	33.2745
8722	8720	via	33.2745
8723	8722	via	33.2745
8724	8725	via	33.2745
8726	8724	via	33.2745
8727	8726	via	33.2745
8728	8729	via	33.2745
8730	8728	via	33.2745
8731	8730	via	33.2745
8732	8733	via	33.2745
8734	8732	via	33.2745
8735	8734	via	33.2745
8736	8737	via	33.2745
8738	8736	via	33.2745
8739	8738	via	33.2745
8740	8741	via	33.2745
8742	8740	via	33.2745
8743	8742	via	33.2745
8744	8745	via	33.2745
8746	8744	via	33.2745
8747	8746	via	33.2745
8748	8749	via	33.2745
8750	8748	via	33.2745
8751	8750	via	33.2745
8752	8753	via	33.2745
8754	8752	via	33.2745
8755	8754	via	33.2745
8756	8757	via	33.2745
8758	8756	via	33.2745
8759	8758	via	33.2745
8760	8761	via	33.2745
8762	8760	via	33.2745
8763	8762	via	33.2745
8764	8765	via	33.2745
8766	8764	via	33.2745
8767	8766	via	33.2745
8768	8769	via	33.2745
8770	8768	via	33.2745
8771	8770	via	33.2745
8772	8773	via	33.2745
8774	8772	via	33.2745
8775	8774	via	33.2745
8776	8777	via	33.2745
8778	8776	via	33.2745
8779	8778	via	33.2745
8780	8781	via	33.2745
8782	8780	via	33.2745
8783	8782	via	33.2745
8784	8785	via	33.2745
8786	8784	via	33.2745
8787	8786	via	33.2745
8788	8789	via	33.2745
8790	8788	via	33.2745
8791	8790	via	33.2745
8792	8793	via	33.2745
8794	8792	via	33.2745
8795	8794	via	33.2745
8796	8797	via	33.2745
8798	8796	via	33.2745
8799	8798	via	33.2745
8800	8801	via	33.2745
8802	8800	via	33.2745
8803	8802	via	33.2745
8804	8805	via	33.2745
8806	8804	via	33.2745
8807	8806	via	33.2745
8808	8809	via	33.2745
8810	8808	via	33.2745
8811	8810	via	33.2745
8812	8813	via	33.2745
8814	8812	via	33.2745
8815	8814	via	33.2745
8816	8817	via	33.2745
8818	8816	via	33.2745
8819	8818	via	33.2745
8820	8821	via	33.2745
8822	8820	via	33.2745
8823	8822	via	33.2745
8824	8825	via	33.2745
8826	8824	via	33.2745
8827	8826	via	33.2745
8828	8829	via	33.2745
8830	8828	via	33.2745
8831	8830	via	33.2745
8832	8833	via	33.2745
8834	8832	via	33.2745
8835	8834	via	33.2745
8836	8837	via	33.2745
8838	8836	via	33.2745
8839	8838	via	33.2745
8840	8841	via	33.2745
8842	8840	via	33.2745
8843	8842	via	33.2745
8844	8845	via	33.2745
8846	8844	via	33.2745
8847	8846	via	33.2745
8848	8849	via	33.2745
8850	8848	via	33.2745
8851	8850	via	33.2745
8852	8853	via	33.2745
8854	8852	via	33.2745
8855	8854	via	33.2745
8856	8857	via	33.2745
8858	8856	via	33.2745
8859	8858	via	33.2745
8860	8861	via	33.2745
8862	8860	via	33.2745
8863	8862	via	33.2745
8864	8865	via	33.2745
8866	8864	via	33.2745
8867	8866	via	33.2745
8868	8869	via	33.2745
8870	8868	via	33.2745
8871	8870	via	33.2745
8872	8873	via	33.2745
8874	8872	via	33.2745
8875	8874	via	33.2745
8876	8877	via	33.2745
8878	8876	via	33.2745
8879	8878	via	33.2745
8880	8881	via	33.2745
8882	8880	via	33.2745
8883	8882	via	33.2745
8884	8885	via	33.2745
8886	8884	via	33.2745
8887	8886	via	33.2745
8888	8889	via	33.2745
8890	8888	via	33.2745
8891	8890	via	33.2745
8892	8893	via	33.2745
8894	8892	via	33.2745
8895	8894	via	33.2745
8896	8897	via	33.2745
8898	8896	via	33.2745
8899	8898	via	33.2745
8900	8901	via	33.2745
8902	8900	via	33.2745
8903	8902	via	33.2745
8904	8905	via	33.2745
8906	8904	via	33.2745
8907	8906	via	33.2745
8908	8909	via	33.2745
8910	8908	via	33.2745
8911	8910	via	33.2745
8912	8913	via	33.2745
8914	8912	via	33.2745
8915	8914	via	33.2745
8916	8917	via	33.2745
8918	8916	via	33.2745
8919	8918	via	33.2745
8920	8921	via	33.2745
8922	8920	via	33.2745
8923	8922	via	33.2745
8924	8925	via	33.2745
8926	8924	via	33.2745
8927	8926	via	33.2745
8928	8929	via	33.2745
8930	8928	via	33.2745
8931	8930	via	33.2745
8932	8933	via	33.2745
8934	8932	via	33.2745
8935	8934	via	33.2745
8936	8937	via	33.2745
8938	8936	via	33.2745
8939	8938	via	33.2745
8940	8941	via	33.2745
8942	8940	via	33.2745
8943	8942	via	33.2745
8944	8945	via	33.2745
8946	8944	via	33.2745
8947	8946	via	33.2745
8948	8949	via	33.2745
8950	8948	via	33.2745
8951	8950	via	33.2745
8952	8953	via	33.2745
8954	8952	via	33.2745
8955	8954	via	33.2745
8956	8957	via	33.2745
8958	8956	via	33.2745
8959	8958	via	33.2745
8960	8961	via	33.2745
8962	8960	via	33.2745
8963	8962	via	33.2745
8964	8965	via	33.2745
8966	8964	via	33.2745
8967	8966	via	33.2745
8968	8969	via	33.2745
8970	8968	via	33.2745
8971	8970	via	33.2745
8972	8973	via	33.2745
8974	8972	via	33.2745
8975	8974	via	33.2745
8976	8977	via	33.2745
8978	8976	via	33.2745
8979	8978	via	33.2745
8980	8981	via	33.2745
8982	8980	via	33.2745
8983	8982	via	33.2745
8984	8985	via	33.2745
8986	8984	via	33.2745
8987	8986	via	33.2745
8988	8989	via	33.2745
8990	8988	via	33.2745
8991	8990	via	33.2745
8992	8993	via	33.2745
8994	8992	via	33.2745
8995	8994	via	33.2745
8996	8997	via	33.2745
8998	8996	via	33.2745
8999	8998	via	33.2745
9000	9001	via	33.2745
9002	9000	via	33.2745
9003	9002	via	33.2745
9004	9005	via	33.2745
9006	9004	via	33.2745
9007	9006	via	33.2745
9008	9009	via	33.2745
9010	9008	via	33.2745
9011	9010	via	33.2745
9012	9013	via	33.2745
9014	9012	via	33.2745
9015	9014	via	33.2745
9016	9017	via	33.2745
9018	9016	via	33.2745
9019	9018	via	33.2745
9020	9021	via	33.2745
9022	9020	via	33.2745
9023	9022	via	33.2745
9024	9025	via	33.2745
9026	9024	via	33.2745
9027	9026	via	33.2745
9028	9029	via	33.2745
9030	9028	via	33.2745
9031	9030	via	33.2745
9032	9033	via	33.2745
9034	9032	via	33.2745
9035	9034	via	33.2745
9036	9037	via	33.2745
9038	9036	via	33.2745
9039	9038	via	33.2745
9040	9041	via	33.2745
9042	9040	via	33.2745
9043	9042	via	33.2745
9044	9045	via	33.2745
9046	9044	via	33.2745
9047	9046	via	33.2745
9048	9049	via	33.2745
9050	9048	via	33.2745
9051	9050	via	33.2745
9052	9053	via	33.2745
9054	9052	via	33.2745
9055	9054	via	33.2745
9056	9057	via	33.2745
9058	9056	via	33.2745
9059	9058	via	33.2745
9060	9061	via	33.2745
9062	9060	via	33.2745
9063	9062	via	33.2745
9064	9065	via	33.2745
9066	9064	via	33.2745
9067	9066	via	33.2745
9068	9069	via	33.2745
9070	9068	via	33.2745
9071	9070	via	33.2745
9072	9073	via	33.2745
9074	9072	via	33.2745
9075	9074	via	33.2745
9076	9077	via	33.2745
9078	9076	via	33.2745
9079	9078	via	33.2745
9080	9081	via	33.2745
9082	9080	via	33.2745
9083	9082	via	33.2745
9084	9085	via	33.2745
9086	9084	via	33.2745
9087	9086	via	33.2745
9088	9089	via	33.2745
9090	9088	via	33.2745
9091	9090	via	33.2745
9092	9093	via	33.2745
9094	9092	via	33.2745
9095	9094	via	33.2745
9096	9097	via	33.2745
9098	9096	via	33.2745
9099	9098	via	33.2745
9100	9101	via	33.2745
9102	9100	via	33.2745
9103	9102	via	33.2745
9104	9105	via	33.2745
9106	9104	via	33.2745
9107	9106	via	33.2745
9108	9109	via	33.2745
9110	9108	via	33.2745
9111	9110	via	33.2745
9112	9113	via	33.2745
9114	9112	via	33.2745
9115	9114	via	33.2745
9116	9117	via	33.2745
9118	9116	via	33.2745
9119	9118	via	33.2745
9120	9121	via	33.2745
9122	9120	via	33.2745
9123	9122	via	33.2745
9124	9125	via	33.2745
9126	9124	via	33.2745
9127	9126	via	33.2745
9128	9129	via	33.2745
9130	9128	via	33.2745
9131	9130	via	33.2745
9132	9133	via	33.2745
9134	9132	via	33.2745
9135	9134	via	33.2745
9136	9137	via	33.2745
9138	9136	via	33.2745
9139	9138	via	33.2745
9140	9141	via	33.2745
9142	9140	via	33.2745
9143	9142	via	33.2745
9144	9145	via	33.2745
9146	9144	via	33.2745
9147	9146	via	33.2745
9148	9149	via	33.2745
9150	9148	via	33.2745
9151	9150	via	33.2745
9152	9153	via	33.2745
9154	9152	via	33.2745
9155	9154	via	33.2745
9156	9157	via	33.2745
9158	9156	via	33.2745
9159	9158	via	33.2745
9160	9161	via	33.2745
9162	9160	via	33.2745
9163	9162	via	33.2745
9164	9165	via	33.2745
9166	9164	via	33.2745
9167	9166	via	33.2745
9168	9169	via	33.2745
9170	9168	via	33.2745
9171	9170	via	33.2745
9172	9173	via	33.2745
9174	9172	via	33.2745
9175	9174	via	33.2745
9176	9177	via	33.2745
9178	9176	via	33.2745
9179	9178	via	33.2745
9180	9181	via	33.2745
9182	9180	via	33.2745
9183	9182	via	33.2745
9184	9185	via	33.2745
9186	9184	via	33.2745
9187	9186	via	33.2745
9188	9189	via	33.2745
9190	9188	via	33.2745
9191	9190	via	33.2745
9192	9193	via	33.2745
9194	9192	via	33.2745
9195	9194	via	33.2745
9196	9197	via	33.2745
9198	9196	via	33.2745
9199	9198	via	33.2745
9200	9201	via	33.2745
9202	9200	via	33.2745
9203	9202	via	33.2745
9204	9205	via	33.2745
9206	9204	via	33.2745
9207	9206	via	33.2745
9208	9209	via	33.2745
9210	9208	via	33.2745
9211	9210	via	33.2745
9212	9213	via	33.2745
9214	9212	via	33.2745
9215	9214	via	33.2745
