node_a	layer_a	x_a_um	y_a_um	node_b	layer_b	x_b_um	y_b_um	g_siemens
0	metal1	14.095	14	8855	metal4	14.095	14	1e+12
1	metal1	40.07	14	8856	metal4	40.07	14	1e+12
2	metal1	96.07	14	8857	metal4	96.07	14	1e+12
3	metal1	108.455	14	8858	metal4	108.455	14	1e+12
4	metal1	109.295	14	8859	metal4	109.295	14	1e+12
5	metal1	152.07	14	8860	metal4	152.07	14	1e+12
6	metal1	208.07	14	8861	metal4	208.07	14	1e+12
7	metal1	264.07	14	8862	metal4	264.07	14	1e+12
8	metal1	320.07	14	8863	metal4	320.07	14	1e+12
9	metal1	376.07	14	8864	metal4	376.07	14	1e+12
10	metal1	432.07	14	8865	metal4	432.07	14	1e+12
11	metal1	488.07	14	8866	metal4	488.07	14	1e+12
12	metal1	544.07	14	8867	metal4	544.07	14	1e+12
13	metal1	600.07	14	8868	metal4	600.07	14	1e+12
14	metal1	656.07	14	8869	metal4	656.07	14	1e+12
15	metal1	712.07	14	8870	metal4	712.07	14	1e+12
16	metal1	768.07	14	8871	metal4	768.07	14	1e+12
17	metal1	824.07	14	8872	metal4	824.07	14	1e+12
18	metal1	880.07	14	8873	metal4	880.07	14	1e+12
19	metal1	936.07	14	8874	metal4	936.07	14	1e+12
20	metal1	992.07	14	8875	metal4	992.07	14	1e+12
21	metal1	1048.07	14	8876	metal4	1048.07	14	1e+12
22	metal1	1086.21	14	8877	metal4	1086.21	14	1e+12
23	metal1	14.095	16.8	8878	metal4	14.095	16.8	1e+12
24	metal1	40.07	16.8	8879	metal4	40.07	16.8	1e+12
25	metal1	96.07	16.8	8880	metal4	96.07	16.8	1e+12
26	metal1	108.455	16.8	8881	metal4	108.455	16.8	1e+12
27	metal1	109.295	16.8	8882	metal4	109.295	16.8	1e+12
28	metal1	152.07	16.8	8883	metal4	152.07	16.8	1e+12
29	metal1	208.07	16.8	8884	metal4	208.07	16.8	1e+12
30	metal1	264.07	16.8	8885	metal4	264.07	16.8	1e+12
31	metal1	320.07	16.8	8886	metal4	320.07	16.8	1e+12
32	metal1	376.07	16.8	8887	metal4	376.07	16.8	1e+12
33	metal1	432.07	16.8	8888	metal4	432.07	16.8	1e+12
34	metal1	488.07	16.8	8889	metal4	488.07	16.8	1e+12
35	metal1	544.07	16.8	8890	metal4	544.07	16.8	1e+12
36	metal1	600.07	16.8	8891	metal4	600.07	16.8	1e+12
37	metal1	656.07	16.8	8892	metal4	656.07	16.8	1e+12
38	metal1	712.07	16.8	8893	metal4	712.07	16.8	1e+12
39	metal1	768.07	16.8	8894	metal4	768.07	16.8	1e+12
40	metal1	824.07	16.8	8895	metal4	824.07	16.8	1e+12
41	metal1	880.07	16.8	8896	metal4	880.07	16.8	1e+12
42	metal1	936.07	16.8	8897	metal4	936.07	16.8	1e+12
43	metal1	992.07	16.8	8898	metal4	992.07	16.8	1e+12
44	metal1	1048.07	16.8	8899	metal4	1048.07	16.8	1e+12
45	metal1	1086.21	16.8	8900	metal4	1086.21	16.8	1e+12
46	metal1	14.095	19.6	8924	metal4	14.095	19.6	1e+12
47	metal1	40.07	19.6	8925	metal4	40.07	19.6	1e+12
48	metal1	96.07	19.6	8926	metal4	96.07	19.6	1e+12
49	metal1	108.455	19.6	8927	metal4	108.455	19.6	1e+12
50	metal1	109.295	19.6	8928	metal4	109.295	19.6	1e+12
51	metal1	152.07	19.6	8929	metal4	152.07	19.6	1e+12
52	metal1	208.07	19.6	8930	metal4	208.07	19.6	1e+12
53	metal1	264.07	19.6	8931	metal4	264.07	19.6	1e+12
54	metal1	320.07	19.6	8932	metal4	320.07	19.6	1e+12
55	metal1	376.07	19.6	8933	metal4	376.07	19.6	1e+12
56	metal1	432.07	19.6	8934	metal4	432.07	19.6	1e+12
57	metal1	488.07	19.6	8935	metal4	488.07	19.6	1e+12
58	metal1	544.07	19.6	8936	metal4	544.07	19.6	1e+12
59	metal1	600.07	19.6	8937	metal4	600.07	19.6	1e+12
60	metal1	656.07	19.6	8938	metal4	656.07	19.6	1e+12
61	metal1	712.07	19.6	8939	metal4	712.07	19.6	1e+12
62	metal1	768.07	19.6	8940	metal4	768.07	19.6	1e+12
63	metal1	824.07	19.6	8941	metal4	824.07	19.6	1e+12
64	metal1	880.07	19.6	8942	metal4	880.07	19.6	1e+12
65	metal1	936.07	19.6	8943	metal4	936.07	19.6	1e+12
66	metal1	992.07	19.6	8944	metal4	992.07	19.6	1e+12
67	metal1	1048.07	19.6	8945	metal4	1048.07	19.6	1e+12
68	metal1	1086.21	19.6	8946	metal4	1086.21	19.6	1e+12
69	metal1	14.095	22.4	8947	metal4	14.095	22.4	1e+12
70	metal1	40.07	22.4	8948	metal4	40.07	22.4	1e+12
71	metal1	96.07	22.4	8949	metal4	96.07	22.4	1e+12
72	metal1	108.455	22.4	8950	metal4	108.455	22.4	1e+12
73	metal1	109.295	22.4	8951	metal4	109.295	22.4	1e+12
74	metal1	152.07	22.4	8952	metal4	152.07	22.4	1e+12
75	metal1	208.07	22.4	8953	metal4	208.07	22.4	1e+12
76	metal1	264.07	22.4	8954	metal4	264.07	22.4	1e+12
77	metal1	320.07	22.4	8955	metal4	320.07	22.4	1e+12
78	metal1	376.07	22.4	8956	metal4	376.07	22.4	1e+12
79	metal1	432.07	22.4	8957	metal4	432.07	22.4	1e+12
80	metal1	488.07	22.4	8958	metal4	488.07	22.4	1e+12
81	metal1	544.07	22.4	8959	metal4	544.07	22.4	1e+12
82	metal1	600.07	22.4	8960	metal4	600.07	22.4	1e+12
83	metal1	656.07	22.4	8961	metal4	656.07	22.4	1e+12
84	metal1	712.07	22.4	8962	metal4	712.07	22.4	1e+12
85	metal1	768.07	22.4	8963	metal4	768.07	22.4	1e+12
86	metal1	824.07	22.4	8964	metal4	824.07	22.4	1e+12
87	metal1	880.07	22.4	8965	metal4	880.07	22.4	1e+12
88	metal1	936.07	22.4	8966	metal4	936.07	22.4	1e+12
89	metal1	992.07	22.4	8967	metal4	992.07	22.4	1e+12
90	metal1	1048.07	22.4	8968	metal4	1048.07	22.4	1e+12
91	metal1	1086.21	22.4	8969	metal4	1086.21	22.4	1e+12
92	metal1	14.095	25.2	8970	metal4	14.095	25.2	1e+12
93	metal1	40.07	25.2	8971	metal4	40.07	25.2	1e+12
94	metal1	96.07	25.2	8972	metal4	96.07	25.2	1e+12
95	metal1	108.455	25.2	8973	metal4	108.455	25.2	1e+12
96	metal1	109.295	25.2	8974	metal4	109.295	25.2	1e+12
97	metal1	152.07	25.2	8975	metal4	152.07	25.2	1e+12
98	metal1	208.07	25.2	8976	metal4	208.07	25.2	1e+12
99	metal1	264.07	25.2	8977	metal4	264.07	25.2	1e+12
100	metal1	320.07	25.2	8978	metal4	320.07	25.2	1e+12
101	metal1	376.07	25.2	8979	metal4	376.07	25.2	1e+12
102	metal1	432.07	25.2	8980	metal4	432.07	25.2	1e+12
103	metal1	488.07	25.2	8981	metal4	488.07	25.2	1e+12
104	metal1	544.07	25.2	8982	metal4	544.07	25.2	1e+12
105	metal1	600.07	25.2	8983	metal4	600.07	25.2	1e+12
106	metal1	656.07	25.2	8984	metal4	656.07	25.2	1e+12
107	metal1	712.07	25.2	8985	metal4	712.07	25.2	1e+12
108	metal1	768.07	25.2	8986	metal4	768.07	25.2	1e+12
109	metal1	824.07	25.2	8987	metal4	824.07	25.2	1e+12
110	metal1	880.07	25.2	8988	metal4	880.07	25.2	1e+12
111	metal1	936.07	25.2	8989	metal4	936.07	25.2	1e+12
112	metal1	992.07	25.2	8990	metal4	992.07	25.2	1e+12
113	metal1	1048.07	25.2	8991	metal4	1048.07	25.2	1e+12
114	metal1	1086.21	25.2	8992	metal4	1086.21	25.2	1e+12
115	metal1	14.095	28	8993	metal4	14.095	28	1e+12
116	metal1	40.07	28	8994	metal4	40.07	28	1e+12
117	metal1	96.07	28	8995	metal4	96.07	28	1e+12
118	metal1	108.455	28	8996	metal4	108.455	28	1e+12
119	metal1	109.295	28	8997	metal4	109.295	28	1e+12
120	metal1	152.07	28	8998	metal4	152.07	28	1e+12
121	metal1	208.07	28	8999	metal4	208.07	28	1e+12
122	metal1	264.07	28	9000	metal4	264.07	28	1e+12
123	metal1	320.07	28	9001	metal4	320.07	28	1e+12
124	metal1	376.07	28	9002	metal4	376.07	28	1e+12
125	metal1	432.07	28	9003	metal4	432.07	28	1e+12
126	metal1	488.07	28	9004	metal4	488.07	28	1e+12
127	metal1	544.07	28	9005	metal4	544.07	28	1e+12
128	metal1	600.07	28	9006	metal4	600.07	28	1e+12
129	metal1	656.07	28	9007	metal4	656.07	28	1e+12
130	metal1	712.07	28	9008	metal4	712.07	28	1e+12
131	metal1	768.07	28	9009	metal4	768.07	28	1e+12
132	metal1	824.07	28	9010	metal4	824.07	28	1e+12
133	metal1	880.07	28	9011	metal4	880.07	28	1e+12
134	metal1	936.07	28	9012	metal4	936.07	28	1e+12
135	metal1	992.07	28	9013	metal4	992.07	28	1e+12
136	metal1	1048.07	28	9014	metal4	1048.07	28	1e+12
137	metal1	1086.21	28	9015	metal4	1086.21	28	1e+12
138	metal1	14.095	30.8	9039	metal4	14.095	30.8	1e+12
139	metal1	40.07	30.8	9040	metal4	40.07	30.8	1e+12
140	metal1	96.07	30.8	9041	metal4	96.07	30.8	1e+12
141	metal1	108.455	30.8	9042	metal4	108.455	30.8	1e+12
142	metal1	109.295	30.8	9043	metal4	109.295	30.8	1e+12
143	metal1	152.07	30.8	9044	metal4	152.07	30.8	1e+12
144	metal1	208.07	30.8	9045	metal4	208.07	30.8	1e+12
145	metal1	264.07	30.8	9046	metal4	264.07	30.8	1e+12
146	metal1	320.07	30.8	9047	metal4	320.07	30.8	1e+12
147	metal1	376.07	30.8	9048	metal4	376.07	30.8	1e+12
148	metal1	432.07	30.8	9049	metal4	432.07	30.8	1e+12
149	metal1	488.07	30.8	9050	metal4	488.07	30.8	1e+12
150	metal1	544.07	30.8	9051	metal4	544.07	30.8	1e+12
151	metal1	600.07	30.8	9052	metal4	600.07	30.8	1e+12
152	metal1	656.07	30.8	9053	metal4	656.07	30.8	1e+12
153	metal1	712.07	30.8	9054	metal4	712.07	30.8	1e+12
154	metal1	768.07	30.8	9055	metal4	768.07	30.8	1e+12
155	metal1	824.07	30.8	9056	metal4	824.07	30.8	1e+12
156	metal1	880.07	30.8	9057	metal4	880.07	30.8	1e+12
157	metal1	936.07	30.8	9058	metal4	936.07	30.8	1e+12
158	metal1	992.07	30.8	9059	metal4	992.07	30.8	1e+12
159	metal1	1048.07	30.8	9060	metal4	1048.07	30.8	1e+12
160	metal1	1086.21	30.8	9061	metal4	1086.21	30.8	1e+12
161	metal1	14.095	33.6	9062	metal4	14.095	33.6	1e+12
162	metal1	40.07	33.6	9063	metal4	40.07	33.6	1e+12
163	metal1	96.07	33.6	9064	metal4	96.07	33.6	1e+12
164	metal1	108.455	33.6	9065	metal4	108.455	33.6	1e+12
165	metal1	109.295	33.6	9066	metal4	109.295	33.6	1e+12
166	metal1	152.07	33.6	9067	metal4	152.07	33.6	1e+12
167	metal1	208.07	33.6	9068	metal4	208.07	33.6	1e+12
168	metal1	264.07	33.6	9069	metal4	264.07	33.6	1e+12
169	metal1	320.07	33.6	9070	metal4	320.07	33.6	1e+12
170	metal1	376.07	33.6	9071	metal4	376.07	33.6	1e+12
171	metal1	432.07	33.6	9072	metal4	432.07	33.6	1e+12
172	metal1	488.07	33.6	9073	metal4	488.07	33.6	1e+12
173	metal1	544.07	33.6	9074	metal4	544.07	33.6	1e+12
174	metal1	600.07	33.6	9075	metal4	600.07	33.6	1e+12
175	metal1	656.07	33.6	9076	metal4	656.07	33.6	1e+12
176	metal1	712.07	33.6	9077	metal4	712.07	33.6	1e+12
177	metal1	768.07	33.6	9078	metal4	768.07	33.6	1e+12
178	metal1	824.07	33.6	9079	metal4	824.07	33.6	1e+12
179	metal1	880.07	33.6	9080	metal4	880.07	33.6	1e+12
180	metal1	936.07	33.6	9081	metal4	936.07	33.6	1e+12
181	metal1	992.07	33.6	9082	metal4	992.07	33.6	1e+12
182	metal1	1048.07	33.6	9083	metal4	1048.07	33.6	1e+12
183	metal1	1086.21	33.6	9084	metal4	1086.21	33.6	1e+12
184	metal1	14.095	36.4	9085	metal4	14.095	36.4	1e+12
185	metal1	40.07	36.4	9086	metal4	40.07	36.4	1e+12
186	metal1	96.07	36.4	9087	metal4	96.07	36.4	1e+12
187	metal1	108.455	36.4	9088	metal4	108.455	36.4	1e+12
188	metal1	109.295	36.4	9089	metal4	109.295	36.4	1e+12
189	metal1	152.07	36.4	9090	metal4	152.07	36.4	1e+12
190	metal1	208.07	36.4	9091	metal4	208.07	36.4	1e+12
191	metal1	264.07	36.4	9092	metal4	264.07	36.4	1e+12
192	metal1	320.07	36.4	9093	metal4	320.07	36.4	1e+12
193	metal1	376.07	36.4	9094	metal4	376.07	36.4	1e+12
194	metal1	432.07	36.4	9095	metal4	432.07	36.4	1e+12
195	metal1	488.07	36.4	9096	metal4	488.07	36.4	1e+12
196	metal1	544.07	36.4	9097	metal4	544.07	36.4	1e+12
197	metal1	600.07	36.4	9098	metal4	600.07	36.4	1e+12
198	metal1	656.07	36.4	9099	metal4	656.07	36.4	1e+12
199	metal1	712.07	36.4	9100	metal4	712.07	36.4	1e+12
200	metal1	768.07	36.4	9101	metal4	768.07	36.4	1e+12
201	metal1	824.07	36.4	9102	metal4	824.07	36.4	1e+12
202	metal1	880.07	36.4	9103	metal4	880.07	36.4	1e+12
203	metal1	936.07	36.4	9104	metal4	936.07	36.4	1e+12
204	metal1	992.07	36.4	9105	metal4	992.07	36.4	1e+12
205	metal1	1048.07	36.4	9106	metal4	1048.07	36.4	1e+12
206	metal1	1086.21	36.4	9107	metal4	1086.21	36.4	1e+12
207	metal1	14.095	39.2	9108	metal4	14.095	39.2	1e+12
208	metal1	40.07	39.2	9109	metal4	40.07	39.2	1e+12
209	metal1	96.07	39.2	9110	metal4	96.07	39.2	1e+12
210	metal1	108.455	39.2	9111	metal4	108.455	39.2	1e+12
211	metal1	109.295	39.2	9112	metal4	109.295	39.2	1e+12
212	metal1	152.07	39.2	9113	metal4	152.07	39.2	1e+12
213	metal1	208.07	39.2	9114	metal4	208.07	39.2	1e+12
214	metal1	264.07	39.2	9115	metal4	264.07	39.2	1e+12
215	metal1	320.07	39.2	9116	metal4	320.07	39.2	1e+12
216	metal1	376.07	39.2	9117	metal4	376.07	39.2	1e+12
217	metal1	432.07	39.2	9118	metal4	432.07	39.2	1e+12
218	metal1	488.07	39.2	9119	metal4	488.07	39.2	1e+12
219	metal1	544.07	39.2	9120	metal4	544.07	39.2	1e+12
220	metal1	600.07	39.2	9121	metal4	600.07	39.2	1e+12
221	metal1	656.07	39.2	9122	metal4	656.07	39.2	1e+12
222	metal1	712.07	39.2	9123	metal4	712.07	39.2	1e+12
223	metal1	768.07	39.2	9124	metal4	768.07	39.2	1e+12
224	metal1	824.07	39.2	9125	metal4	824.07	39.2	1e+12
225	metal1	880.07	39.2	9126	metal4	880.07	39.2	1e+12
226	metal1	936.07	39.2	9127	metal4	936.07	39.2	1e+12
227	metal1	992.07	39.2	9128	metal4	992.07	39.2	1e+12
228	metal1	1048.07	39.2	9129	metal4	1048.07	39.2	1e+12
229	metal1	1086.21	39.2	9130	metal4	1086.21	39.2	1e+12
230	metal1	14.095	42	9131	metal4	14.095	42	1e+12
231	metal1	40.07	42	9132	metal4	40.07	42	1e+12
232	metal1	96.07	42	9133	metal4	96.07	42	1e+12
233	metal1	108.455	42	9134	metal4	108.455	42	1e+12
234	metal1	109.295	42	9135	metal4	109.295	42	1e+12
235	metal1	152.07	42	9136	metal4	152.07	42	1e+12
236	metal1	208.07	42	9137	metal4	208.07	42	1e+12
237	metal1	264.07	42	9138	metal4	264.07	42	1e+12
238	metal1	320.07	42	9139	metal4	320.07	42	1e+12
239	metal1	376.07	42	9140	metal4	376.07	42	1e+12
240	metal1	432.07	42	9141	metal4	432.07	42	1e+12
241	metal1	488.07	42	9142	metal4	488.07	42	1e+12
242	metal1	544.07	42	9143	metal4	544.07	42	1e+12
243	metal1	600.07	42	9144	metal4	600.07	42	1e+12
244	metal1	656.07	42	9145	metal4	656.07	42	1e+12
245	metal1	712.07	42	9146	metal4	712.07	42	1e+12
246	metal1	768.07	42	9147	metal4	768.07	42	1e+12
247	metal1	824.07	42	9148	metal4	824.07	42	1e+12
248	metal1	880.07	42	9149	metal4	880.07	42	1e+12
249	metal1	936.07	42	9150	metal4	936.07	42	1e+12
250	metal1	992.07	42	9151	metal4	992.07	42	1e+12
251	metal1	1048.07	42	9152	metal4	1048.07	42	1e+12
252	metal1	1086.21	42	9153	metal4	1086.21	42	1e+12
253	metal1	14.095	44.8	9154	metal4	14.095	44.8	1e+12
254	metal1	40.07	44.8	9155	metal4	40.07	44.8	1e+12
255	metal1	96.07	44.8	9156	metal4	96.07	44.8	1e+12
256	metal1	108.455	44.8	9157	metal4	108.455	44.8	1e+12
257	metal1	109.295	44.8	9158	metal4	109.295	44.8	1e+12
258	metal1	152.07	44.8	9159	metal4	152.07	44.8	1e+12
259	metal1	208.07	44.8	9160	metal4	208.07	44.8	1e+12
260	metal1	264.07	44.8	9161	metal4	264.07	44.8	1e+12
261	metal1	320.07	44.8	9162	metal4	320.07	44.8	1e+12
262	metal1	376.07	44.8	9163	metal4	376.07	44.8	1e+12
263	metal1	432.07	44.8	9164	metal4	432.07	44.8	1e+12
264	metal1	488.07	44.8	9165	metal4	488.07	44.8	1e+12
265	metal1	544.07	44.8	9166	metal4	544.07	44.8	1e+12
266	metal1	600.07	44.8	9167	metal4	600.07	44.8	1e+12
267	metal1	656.07	44.8	9168	metal4	656.07	44.8	1e+12
268	metal1	712.07	44.8	9169	metal4	712.07	44.8	1e+12
269	metal1	768.07	44.8	9170	metal4	768.07	44.8	1e+12
270	metal1	824.07	44.8	9171	metal4	824.07	44.8	1e+12
271	metal1	880.07	44.8	9172	metal4	880.07	44.8	1e+12
272	metal1	936.07	44.8	9173	metal4	936.07	44.8	1e+12
273	metal1	992.07	44.8	9174	metal4	992.07	44.8	1e+12
274	metal1	1048.07	44.8	9175	metal4	1048.07	44.8	1e+12
275	metal1	1086.21	44.8	9176	metal4	1086.21	44.8	1e+12
276	metal1	14.095	47.6	9177	metal4	14.095	47.6	1e+12
277	metal1	40.07	47.6	9178	metal4	40.07	47.6	1e+12
278	metal1	96.07	47.6	9179	metal4	96.07	47.6	1e+12
279	metal1	108.455	47.6	9180	metal4	108.455	47.6	1e+12
280	metal1	109.295	47.6	9181	metal4	109.295	47.6	1e+12
281	metal1	152.07	47.6	9182	metal4	152.07	47.6	1e+12
282	metal1	208.07	47.6	9183	metal4	208.07	47.6	1e+12
283	metal1	264.07	47.6	9184	metal4	264.07	47.6	1e+12
284	metal1	320.07	47.6	9185	metal4	320.07	47.6	1e+12
285	metal1	376.07	47.6	9186	metal4	376.07	47.6	1e+12
286	metal1	432.07	47.6	9187	metal4	432.07	47.6	1e+12
287	metal1	488.07	47.6	9188	metal4	488.07	47.6	1e+12
288	metal1	544.07	47.6	9189	metal4	544.07	47.6	1e+12
289	metal1	600.07	47.6	9190	metal4	600.07	47.6	1e+12
290	metal1	656.07	47.6	9191	metal4	656.07	47.6	1e+12
291	metal1	712.07	47.6	9192	metal4	712.07	47.6	1e+12
292	metal1	768.07	47.6	9193	metal4	768.07	47.6	1e+12
293	metal1	824.07	47.6	9194	metal4	824.07	47.6	1e+12
294	metal1	880.07	47.6	9195	metal4	880.07	47.6	1e+12
295	metal1	936.07	47.6	9196	metal4	936.07	47.6	1e+12
296	metal1	992.07	47.6	9197	metal4	992.07	47.6	1e+12
297	metal1	1048.07	47.6	9198	metal4	1048.07	47.6	1e+12
298	metal1	1086.21	47.6	9199	metal4	1086.21	47.6	1e+12
299	metal1	14.095	50.4	9200	metal4	14.095	50.4	1e+12
300	metal1	40.07	50.4	9201	metal4	40.07	50.4	1e+12
301	metal1	96.07	50.4	9202	metal4	96.07	50.4	1e+12
302	metal1	108.455	50.4	9203	metal4	108.455	50.4	1e+12
303	metal1	109.295	50.4	9204	metal4	109.295	50.4	1e+12
304	metal1	152.07	50.4	9205	metal4	152.07	50.4	1e+12
305	metal1	208.07	50.4	9206	metal4	208.07	50.4	1e+12
306	metal1	264.07	50.4	9207	metal4	264.07	50.4	1e+12
307	metal1	320.07	50.4	9208	metal4	320.07	50.4	1e+12
308	metal1	376.07	50.4	9209	metal4	376.07	50.4	1e+12
309	metal1	432.07	50.4	9210	metal4	432.07	50.4	1e+12
310	metal1	488.07	50.4	9211	metal4	488.07	50.4	1e+12
311	metal1	544.07	50.4	9212	metal4	544.07	50.4	1e+12
312	metal1	600.07	50.4	9213	metal4	600.07	50.4	1e+12
313	metal1	656.07	50.4	9214	metal4	656.07	50.4	1e+12
314	metal1	712.07	50.4	9215	metal4	712.07	50.4	1e+12
315	metal1	768.07	50.4	9216	metal4	768.07	50.4	1e+12
316	metal1	824.07	50.4	9217	metal4	824.07	50.4	1e+12
317	metal1	880.07	50.4	9218	metal4	880.07	50.4	1e+12
318	metal1	936.07	50.4	9219	metal4	936.07	50.4	1e+12
319	metal1	992.07	50.4	9220	metal4	992.07	50.4	1e+12
320	metal1	1048.07	50.4	9221	metal4	1048.07	50.4	1e+12
321	metal1	1086.21	50.4	9222	metal4	1086.21	50.4	1e+12
322	metal1	14.095	53.2	9223	metal4	14.095	53.2	1e+12
323	metal1	40.07	53.2	9224	metal4	40.07	53.2	1e+12
324	metal1	96.07	53.2	9225	metal4	96.07	53.2	1e+12
325	metal1	108.455	53.2	9226	metal4	108.455	53.2	1e+12
326	metal1	109.295	53.2	9227	metal4	109.295	53.2	1e+12
327	metal1	152.07	53.2	9228	metal4	152.07	53.2	1e+12
328	metal1	208.07	53.2	9229	metal4	208.07	53.2	1e+12
329	metal1	264.07	53.2	9230	metal4	264.07	53.2	1e+12
330	metal1	320.07	53.2	9231	metal4	320.07	53.2	1e+12
331	metal1	376.07	53.2	9232	metal4	376.07	53.2	1e+12
332	metal1	432.07	53.2	9233	metal4	432.07	53.2	1e+12
333	metal1	488.07	53.2	9234	metal4	488.07	53.2	1e+12
334	metal1	544.07	53.2	9235	metal4	544.07	53.2	1e+12
335	metal1	600.07	53.2	9236	metal4	600.07	53.2	1e+12
336	metal1	656.07	53.2	9237	metal4	656.07	53.2	1e+12
337	metal1	712.07	53.2	9238	metal4	712.07	53.2	1e+12
338	metal1	768.07	53.2	9239	metal4	768.07	53.2	1e+12
339	metal1	824.07	53.2	9240	metal4	824.07	53.2	1e+12
340	metal1	880.07	53.2	9241	metal4	880.07	53.2	1e+12
341	metal1	936.07	53.2	9242	metal4	936.07	53.2	1e+12
342	metal1	992.07	53.2	9243	metal4	992.07	53.2	1e+12
343	metal1	1048.07	53.2	9244	metal4	1048.07	53.2	1e+12
344	metal1	1086.21	53.2	9245	metal4	1086.21	53.2	1e+12
345	metal1	14.095	56	9246	metal4	14.095	56	1e+12
346	metal1	40.07	56	9247	metal4	40.07	56	1e+12
347	metal1	96.07	56	9248	metal4	96.07	56	1e+12
348	metal1	108.455	56	9249	metal4	108.455	56	1e+12
349	metal1	109.295	56	9250	metal4	109.295	56	1e+12
350	metal1	152.07	56	9251	metal4	152.07	56	1e+12
351	metal1	208.07	56	9252	metal4	208.07	56	1e+12
352	metal1	264.07	56	9253	metal4	264.07	56	1e+12
353	metal1	320.07	56	9254	metal4	320.07	56	1e+12
354	metal1	376.07	56	9255	metal4	376.07	56	1e+12
355	metal1	432.07	56	9256	metal4	432.07	56	1e+12
356	metal1	488.07	56	9257	metal4	488.07	56	1e+12
357	metal1	544.07	56	9258	metal4	544.07	56	1e+12
358	metal1	600.07	56	9259	metal4	600.07	56	1e+12
359	metal1	656.07	56	9260	metal4	656.07	56	1e+12
360	metal1	712.07	56	9261	metal4	712.07	56	1e+12
361	metal1	768.07	56	9262	metal4	768.07	56	1e+12
362	metal1	824.07	56	9263	metal4	824.07	56	1e+12
363	metal1	880.07	56	9264	metal4	880.07	56	1e+12
364	metal1	936.07	56	9265	metal4	936.07	56	1e+12
365	metal1	992.07	56	9266	metal4	992.07	56	1e+12
366	metal1	1048.07	56	9267	metal4	1048.07	56	1e+12
367	metal1	1086.21	56	9268	metal4	1086.21	56	1e+12
368	metal1	14.095	58.8	9269	metal4	14.095	58.8	1e+12
369	metal1	40.07	58.8	9270	metal4	40.07	58.8	1e+12
370	metal1	96.07	58.8	9271	metal4	96.07	58.8	1e+12
371	metal1	108.455	58.8	9272	metal4	108.455	58.8	1e+12
372	metal1	109.295	58.8	9273	metal4	109.295	58.8	1e+12
373	metal1	152.07	58.8	9274	metal4	152.07	58.8	1e+12
374	metal1	208.07	58.8	9275	metal4	208.07	58.8	1e+12
375	metal1	264.07	58.8	9276	metal4	264.07	58.8	1e+12
376	metal1	320.07	58.8	9277	metal4	320.07	58.8	1e+12
377	metal1	376.07	58.8	9278	metal4	376.07	58.8	1e+12
378	metal1	432.07	58.8	9279	metal4	432.07	58.8	1e+12
379	metal1	488.07	58.8	9280	metal4	488.07	58.8	1e+12
380	metal1	544.07	58.8	9281	metal4	544.07	58.8	1e+12
381	metal1	600.07	58.8	9282	metal4	600.07	58.8	1e+12
382	metal1	656.07	58.8	9283	metal4	656.07	58.8	1e+12
383	metal1	712.07	58.8	9284	metal4	712.07	58.8	1e+12
384	metal1	768.07	58.8	9285	metal4	768.07	58.8	1e+12
385	metal1	824.07	58.8	9286	metal4	824.07	58.8	1e+12
386	metal1	880.07	58.8	9287	metal4	880.07	58.8	1e+12
387	metal1	936.07	58.8	9288	metal4	936.07	58.8	1e+12
388	metal1	992.07	58.8	9289	metal4	992.07	58.8	1e+12
389	metal1	1048.07	58.8	9290	metal4	1048.07	58.8	1e+12
390	metal1	1086.21	58.8	9291	metal4	1086.21	58.8	1e+12
391	metal1	14.095	61.6	9315	metal4	14.095	61.6	1e+12
392	metal1	40.07	61.6	9316	metal4	40.07	61.6	1e+12
393	metal1	96.07	61.6	9317	metal4	96.07	61.6	1e+12
394	metal1	108.455	61.6	9318	metal4	108.455	61.6	1e+12
395	metal1	109.295	61.6	9319	metal4	109.295	61.6	1e+12
396	metal1	152.07	61.6	9320	metal4	152.07	61.6	1e+12
397	metal1	208.07	61.6	9321	metal4	208.07	61.6	1e+12
398	metal1	264.07	61.6	9322	metal4	264.07	61.6	1e+12
399	metal1	320.07	61.6	9323	metal4	320.07	61.6	1e+12
400	metal1	376.07	61.6	9324	metal4	376.07	61.6	1e+12
401	metal1	432.07	61.6	9325	metal4	432.07	61.6	1e+12
402	metal1	488.07	61.6	9326	metal4	488.07	61.6	1e+12
403	metal1	544.07	61.6	9327	metal4	544.07	61.6	1e+12
404	metal1	600.07	61.6	9328	metal4	600.07	61.6	1e+12
405	metal1	656.07	61.6	9329	metal4	656.07	61.6	1e+12
406	metal1	712.07	61.6	9330	metal4	712.07	61.6	1e+12
407	metal1	768.07	61.6	9331	metal4	768.07	61.6	1e+12
408	metal1	824.07	61.6	9332	metal4	824.07	61.6	1e+12
409	metal1	880.07	61.6	9333	metal4	880.07	61.6	1e+12
410	metal1	936.07	61.6	9334	metal4	936.07	61.6	1e+12
411	metal1	992.07	61.6	9335	metal4	992.07	61.6	1e+12
412	metal1	1048.07	61.6	9336	metal4	1048.07	61.6	1e+12
413	metal1	1086.21	61.6	9337	metal4	1086.21	61.6	1e+12
414	metal1	14.095	64.4	9338	metal4	14.095	64.4	1e+12
415	metal1	40.07	64.4	9339	metal4	40.07	64.4	1e+12
416	metal1	96.07	64.4	9340	metal4	96.07	64.4	1e+12
417	metal1	108.455	64.4	9341	metal4	108.455	64.4	1e+12
418	metal1	109.295	64.4	9342	metal4	109.295	64.4	1e+12
419	metal1	152.07	64.4	9343	metal4	152.07	64.4	1e+12
420	metal1	208.07	64.4	9344	metal4	208.07	64.4	1e+12
421	metal1	264.07	64.4	9345	metal4	264.07	64.4	1e+12
422	metal1	320.07	64.4	9346	metal4	320.07	64.4	1e+12
423	metal1	376.07	64.4	9347	metal4	376.07	64.4	1e+12
424	metal1	432.07	64.4	9348	metal4	432.07	64.4	1e+12
425	metal1	488.07	64.4	9349	metal4	488.07	64.4	1e+12
426	metal1	544.07	64.4	9350	metal4	544.07	64.4	1e+12
427	metal1	600.07	64.4	9351	metal4	600.07	64.4	1e+12
428	metal1	656.07	64.4	9352	metal4	656.07	64.4	1e+12
429	metal1	712.07	64.4	9353	metal4	712.07	64.4	1e+12
430	metal1	768.07	64.4	9354	metal4	768.07	64.4	1e+12
431	metal1	824.07	64.4	9355	metal4	824.07	64.4	1e+12
432	metal1	880.07	64.4	9356	metal4	880.07	64.4	1e+12
433	metal1	936.07	64.4	9357	metal4	936.07	64.4	1e+12
434	metal1	992.07	64.4	9358	metal4	992.07	64.4	1e+12
435	metal1	1048.07	64.4	9359	metal4	1048.07	64.4	1e+12
436	metal1	1086.21	64.4	9360	metal4	1086.21	64.4	1e+12
437	metal1	14.095	67.2	9361	metal4	14.095	67.2	1e+12
438	metal1	40.07	67.2	9362	metal4	40.07	67.2	1e+12
439	metal1	96.07	67.2	9363	metal4	96.07	67.2	1e+12
440	metal1	108.455	67.2	9364	metal4	108.455	67.2	1e+12
441	metal1	109.295	67.2	9365	metal4	109.295	67.2	1e+12
442	metal1	152.07	67.2	9366	metal4	152.07	67.2	1e+12
443	metal1	208.07	67.2	9367	metal4	208.07	67.2	1e+12
444	metal1	264.07	67.2	9368	metal4	264.07	67.2	1e+12
445	metal1	320.07	67.2	9369	metal4	320.07	67.2	1e+12
446	metal1	376.07	67.2	9370	metal4	376.07	67.2	1e+12
447	metal1	432.07	67.2	9371	metal4	432.07	67.2	1e+12
448	metal1	488.07	67.2	9372	metal4	488.07	67.2	1e+12
449	metal1	544.07	67.2	9373	metal4	544.07	67.2	1e+12
450	metal1	600.07	67.2	9374	metal4	600.07	67.2	1e+12
451	metal1	656.07	67.2	9375	metal4	656.07	67.2	1e+12
452	metal1	712.07	67.2	9376	metal4	712.07	67.2	1e+12
453	metal1	768.07	67.2	9377	metal4	768.07	67.2	1e+12
454	metal1	824.07	67.2	9378	metal4	824.07	67.2	1e+12
455	metal1	880.07	67.2	9379	metal4	880.07	67.2	1e+12
456	metal1	936.07	67.2	9380	metal4	936.07	67.2	1e+12
457	metal1	992.07	67.2	9381	metal4	992.07	67.2	1e+12
458	metal1	1048.07	67.2	9382	metal4	1048.07	67.2	1e+12
459	metal1	1086.21	67.2	9383	metal4	1086.21	67.2	1e+12
460	metal1	14.095	70	9384	metal4	14.095	70	1e+12
461	metal1	40.07	70	9385	metal4	40.07	70	1e+12
462	metal1	96.07	70	9386	metal4	96.07	70	1e+12
463	metal1	108.455	70	9387	metal4	108.455	70	1e+12
464	metal1	109.295	70	9388	metal4	109.295	70	1e+12
465	metal1	152.07	70	9389	metal4	152.07	70	1e+12
466	metal1	208.07	70	9390	metal4	208.07	70	1e+12
467	metal1	264.07	70	9391	metal4	264.07	70	1e+12
468	metal1	320.07	70	9392	metal4	320.07	70	1e+12
469	metal1	376.07	70	9393	metal4	376.07	70	1e+12
470	metal1	432.07	70	9394	metal4	432.07	70	1e+12
471	metal1	488.07	70	9395	metal4	488.07	70	1e+12
472	metal1	544.07	70	9396	metal4	544.07	70	1e+12
473	metal1	600.07	70	9397	metal4	600.07	70	1e+12
474	metal1	656.07	70	9398	metal4	656.07	70	1e+12
475	metal1	712.07	70	9399	metal4	712.07	70	1e+12
476	metal1	768.07	70	9400	metal4	768.07	70	1e+12
477	metal1	824.07	70	9401	metal4	824.07	70	1e+12
478	metal1	880.07	70	9402	metal4	880.07	70	1e+12
479	metal1	936.07	70	9403	metal4	936.07	70	1e+12
480	metal1	992.07	70	9404	metal4	992.07	70	1e+12
481	metal1	1048.07	70	9405	metal4	1048.07	70	1e+12
482	metal1	1086.21	70	9406	metal4	1086.21	70	1e+12
483	metal1	14.095	72.8	9407	metal4	14.095	72.8	1e+12
484	metal1	40.07	72.8	9408	metal4	40.07	72.8	1e+12
485	metal1	96.07	72.8	9409	metal4	96.07	72.8	1e+12
486	metal1	108.455	72.8	9410	metal4	108.455	72.8	1e+12
487	metal1	109.295	72.8	9411	metal4	109.295	72.8	1e+12
488	metal1	152.07	72.8	9412	metal4	152.07	72.8	1e+12
489	metal1	208.07	72.8	9413	metal4	208.07	72.8	1e+12
490	metal1	264.07	72.8	9414	metal4	264.07	72.8	1e+12
491	metal1	320.07	72.8	9415	metal4	320.07	72.8	1e+12
492	metal1	376.07	72.8	9416	metal4	376.07	72.8	1e+12
493	metal1	432.07	72.8	9417	metal4	432.07	72.8	1e+12
494	metal1	488.07	72.8	9418	metal4	488.07	72.8	1e+12
495	metal1	544.07	72.8	9419	metal4	544.07	72.8	1e+12
496	metal1	600.07	72.8	9420	metal4	600.07	72.8	1e+12
497	metal1	656.07	72.8	9421	metal4	656.07	72.8	1e+12
498	metal1	712.07	72.8	9422	metal4	712.07	72.8	1e+12
499	metal1	768.07	72.8	9423	metal4	768.07	72.8	1e+12
500	metal1	824.07	72.8	9424	metal4	824.07	72.8	1e+12
501	metal1	880.07	72.8	9425	metal4	880.07	72.8	1e+12
502	metal1	936.07	72.8	9426	metal4	936.07	72.8	1e+12
503	metal1	992.07	72.8	9427	metal4	992.07	72.8	1e+12
504	metal1	1048.07	72.8	9428	metal4	1048.07	72.8	1e+12
505	metal1	1086.21	72.8	9429	metal4	1086.21	72.8	1e+12
506	metal1	14.095	75.6	9430	metal4	14.095	75.6	1e+12
507	metal1	40.07	75.6	9431	metal4	40.07	75.6	1e+12
508	metal1	96.07	75.6	9432	metal4	96.07	75.6	1e+12
509	metal1	108.455	75.6	9433	metal4	108.455	75.6	1e+12
510	metal1	109.295	75.6	9434	metal4	109.295	75.6	1e+12
511	metal1	152.07	75.6	9435	metal4	152.07	75.6	1e+12
512	metal1	208.07	75.6	9436	metal4	208.07	75.6	1e+12
513	metal1	264.07	75.6	9437	metal4	264.07	75.6	1e+12
514	metal1	320.07	75.6	9438	metal4	320.07	75.6	1e+12
515	metal1	376.07	75.6	9439	metal4	376.07	75.6	1e+12
516	metal1	432.07	75.6	9440	metal4	432.07	75.6	1e+12
517	metal1	488.07	75.6	9441	metal4	488.07	75.6	1e+12
518	metal1	544.07	75.6	9442	metal4	544.07	75.6	1e+12
519	metal1	600.07	75.6	9443	metal4	600.07	75.6	1e+12
520	metal1	656.07	75.6	9444	metal4	656.07	75.6	1e+12
521	metal1	712.07	75.6	9445	metal4	712.07	75.6	1e+12
522	metal1	768.07	75.6	9446	metal4	768.07	75.6	1e+12
523	metal1	824.07	75.6	9447	metal4	824.07	75.6	1e+12
524	metal1	880.07	75.6	9448	metal4	880.07	75.6	1e+12
525	metal1	936.07	75.6	9449	metal4	936.07	75.6	1e+12
526	metal1	992.07	75.6	9450	metal4	992.07	75.6	1e+12
527	metal1	1048.07	75.6	9451	metal4	1048.07	75.6	1e+12
528	metal1	1086.21	75.6	9452	metal4	1086.21	75.6	1e+12
529	metal1	14.095	78.4	9453	metal4	14.095	78.4	1e+12
530	metal1	40.07	78.4	9454	metal4	40.07	78.4	1e+12
531	metal1	96.07	78.4	9455	metal4	96.07	78.4	1e+12
532	metal1	108.455	78.4	9456	metal4	108.455	78.4	1e+12
533	metal1	109.295	78.4	9457	metal4	109.295	78.4	1e+12
534	metal1	152.07	78.4	9458	metal4	152.07	78.4	1e+12
535	metal1	208.07	78.4	9459	metal4	208.07	78.4	1e+12
536	metal1	264.07	78.4	9460	metal4	264.07	78.4	1e+12
537	metal1	320.07	78.4	9461	metal4	320.07	78.4	1e+12
538	metal1	376.07	78.4	9462	metal4	376.07	78.4	1e+12
539	metal1	432.07	78.4	9463	metal4	432.07	78.4	1e+12
540	metal1	488.07	78.4	9464	metal4	488.07	78.4	1e+12
541	metal1	544.07	78.4	9465	metal4	544.07	78.4	1e+12
542	metal1	600.07	78.4	9466	metal4	600.07	78.4	1e+12
543	metal1	656.07	78.4	9467	metal4	656.07	78.4	1e+12
544	metal1	712.07	78.4	9468	metal4	712.07	78.4	1e+12
545	metal1	768.07	78.4	9469	metal4	768.07	78.4	1e+12
546	metal1	824.07	78.4	9470	metal4	824.07	78.4	1e+12
547	metal1	880.07	78.4	9471	metal4	880.07	78.4	1e+12
548	metal1	936.07	78.4	9472	metal4	936.07	78.4	1e+12
549	metal1	992.07	78.4	9473	metal4	992.07	78.4	1e+12
550	metal1	1048.07	78.4	9474	metal4	1048.07	78.4	1e+12
551	metal1	1086.21	78.4	9475	metal4	1086.21	78.4	1e+12
552	metal1	14.095	81.2	9476	metal4	14.095	81.2	1e+12
553	metal1	40.07	81.2	9477	metal4	40.07	81.2	1e+12
554	metal1	96.07	81.2	9478	metal4	96.07	81.2	1e+12
555	metal1	108.455	81.2	9479	metal4	108.455	81.2	1e+12
556	metal1	109.295	81.2	9480	metal4	109.295	81.2	1e+12
557	metal1	152.07	81.2	9481	metal4	152.07	81.2	1e+12
558	metal1	208.07	81.2	9482	metal4	208.07	81.2	1e+12
559	metal1	264.07	81.2	9483	metal4	264.07	81.2	1e+12
560	metal1	320.07	81.2	9484	metal4	320.07	81.2	1e+12
561	metal1	376.07	81.2	9485	metal4	376.07	81.2	1e+12
562	metal1	432.07	81.2	9486	metal4	432.07	81.2	1e+12
563	metal1	488.07	81.2	9487	metal4	488.07	81.2	1e+12
564	metal1	544.07	81.2	9488	metal4	544.07	81.2	1e+12
565	metal1	600.07	81.2	9489	metal4	600.07	81.2	1e+12
566	metal1	656.07	81.2	9490	metal4	656.07	81.2	1e+12
567	metal1	712.07	81.2	9491	metal4	712.07	81.2	1e+12
568	metal1	768.07	81.2	9492	metal4	768.07	81.2	1e+12
569	metal1	824.07	81.2	9493	metal4	824.07	81.2	1e+12
570	metal1	880.07	81.2	9494	metal4	880.07	81.2	1e+12
571	metal1	936.07	81.2	9495	metal4	936.07	81.2	1e+12
572	metal1	992.07	81.2	9496	metal4	992.07	81.2	1e+12
573	metal1	1048.07	81.2	9497	metal4	1048.07	81.2	1e+12
574	metal1	1086.21	81.2	9498	metal4	1086.21	81.2	1e+12
575	metal1	14.095	84	9499	metal4	14.095	84	1e+12
576	metal1	40.07	84	9500	metal4	40.07	84	1e+12
577	metal1	96.07	84	9501	metal4	96.07	84	1e+12
578	metal1	108.455	84	9502	metal4	108.455	84	1e+12
579	metal1	109.295	84	9503	metal4	109.295	84	1e+12
580	metal1	152.07	84	9504	metal4	152.07	84	1e+12
581	metal1	208.07	84	9505	metal4	208.07	84	1e+12
582	metal1	264.07	84	9506	metal4	264.07	84	1e+12
583	metal1	320.07	84	9507	metal4	320.07	84	1e+12
584	metal1	376.07	84	9508	metal4	376.07	84	1e+12
585	metal1	432.07	84	9509	metal4	432.07	84	1e+12
586	metal1	488.07	84	9510	metal4	488.07	84	1e+12
587	metal1	544.07	84	9511	metal4	544.07	84	1e+12
588	metal1	600.07	84	9512	metal4	600.07	84	1e+12
589	metal1	656.07	84	9513	metal4	656.07	84	1e+12
590	metal1	712.07	84	9514	metal4	712.07	84	1e+12
591	metal1	768.07	84	9515	metal4	768.07	84	1e+12
592	metal1	824.07	84	9516	metal4	824.07	84	1e+12
593	metal1	880.07	84	9517	metal4	880.07	84	1e+12
594	metal1	936.07	84	9518	metal4	936.07	84	1e+12
595	metal1	992.07	84	9519	metal4	992.07	84	1e+12
596	metal1	1048.07	84	9520	metal4	1048.07	84	1e+12
597	metal1	1086.21	84	9521	metal4	1086.21	84	1e+12
598	metal1	14.095	86.8	9522	metal4	14.095	86.8	1e+12
599	metal1	40.07	86.8	9523	metal4	40.07	86.8	1e+12
600	metal1	96.07	86.8	9524	metal4	96.07	86.8	1e+12
601	metal1	108.455	86.8	9525	metal4	108.455	86.8	1e+12
602	metal1	109.295	86.8	9526	metal4	109.295	86.8	1e+12
603	metal1	152.07	86.8	9527	metal4	152.07	86.8	1e+12
604	metal1	208.07	86.8	9528	metal4	208.07	86.8	1e+12
605	metal1	264.07	86.8	9529	metal4	264.07	86.8	1e+12
606	metal1	320.07	86.8	9530	metal4	320.07	86.8	1e+12
607	metal1	376.07	86.8	9531	metal4	376.07	86.8	1e+12
608	metal1	432.07	86.8	9532	metal4	432.07	86.8	1e+12
609	metal1	488.07	86.8	9533	metal4	488.07	86.8	1e+12
610	metal1	544.07	86.8	9534	metal4	544.07	86.8	1e+12
611	metal1	600.07	86.8	9535	metal4	600.07	86.8	1e+12
612	metal1	656.07	86.8	9536	metal4	656.07	86.8	1e+12
613	metal1	712.07	86.8	9537	metal4	712.07	86.8	1e+12
614	metal1	768.07	86.8	9538	metal4	768.07	86.8	1e+12
615	metal1	824.07	86.8	9539	metal4	824.07	86.8	1e+12
616	metal1	880.07	86.8	9540	metal4	880.07	86.8	1e+12
617	metal1	936.07	86.8	9541	metal4	936.07	86.8	1e+12
618	metal1	992.07	86.8	9542	metal4	992.07	86.8	1e+12
619	metal1	1048.07	86.8	9543	metal4	1048.07	86.8	1e+12
620	metal1	1086.21	86.8	9544	metal4	1086.21	86.8	1e+12
621	metal1	14.095	89.6	9545	metal4	14.095	89.6	1e+12
622	metal1	40.07	89.6	9546	metal4	40.07	89.6	1e+12
623	metal1	96.07	89.6	9547	metal4	96.07	89.6	1e+12
624	metal1	108.455	89.6	9548	metal4	108.455	89.6	1e+12
625	metal1	109.295	89.6	9549	metal4	109.295	89.6	1e+12
626	metal1	152.07	89.6	9550	metal4	152.07	89.6	1e+12
627	metal1	208.07	89.6	9551	metal4	208.07	89.6	1e+12
628	metal1	264.07	89.6	9552	metal4	264.07	89.6	1e+12
629	metal1	320.07	89.6	9553	metal4	320.07	89.6	1e+12
630	metal1	376.07	89.6	9554	metal4	376.07	89.6	1e+12
631	metal1	432.07	89.6	9555	metal4	432.07	89.6	1e+12
632	metal1	488.07	89.6	9556	metal4	488.07	89.6	1e+12
633	metal1	544.07	89.6	9557	metal4	544.07	89.6	1e+12
634	metal1	600.07	89.6	9558	metal4	600.07	89.6	1e+12
635	metal1	656.07	89.6	9559	metal4	656.07	89.6	1e+12
636	metal1	712.07	89.6	9560	metal4	712.07	89.6	1e+12
637	metal1	768.07	89.6	9561	metal4	768.07	89.6	1e+12
638	metal1	824.07	89.6	9562	metal4	824.07	89.6	1e+12
639	metal1	880.07	89.6	9563	metal4	880.07	89.6	1e+12
640	metal1	936.07	89.6	9564	metal4	936.07	89.6	1e+12
641	metal1	992.07	89.6	9565	metal4	992.07	89.6	1e+12
642	metal1	1048.07	89.6	9566	metal4	1048.07	89.6	1e+12
643	metal1	1086.21	89.6	9567	metal4	1086.21	89.6	1e+12
644	metal1	14.095	92.4	9568	metal4	14.095	92.4	1e+12
645	metal1	40.07	92.4	9569	metal4	40.07	92.4	1e+12
646	metal1	96.07	92.4	9570	metal4	96.07	92.4	1e+12
647	metal1	108.455	92.4	9571	metal4	108.455	92.4	1e+12
648	metal1	109.295	92.4	9572	metal4	109.295	92.4	1e+12
649	metal1	152.07	92.4	9573	metal4	152.07	92.4	1e+12
650	metal1	208.07	92.4	9574	metal4	208.07	92.4	1e+12
651	metal1	264.07	92.4	9575	metal4	264.07	92.4	1e+12
652	metal1	320.07	92.4	9576	metal4	320.07	92.4	1e+12
653	metal1	376.07	92.4	9577	metal4	376.07	92.4	1e+12
654	metal1	432.07	92.4	9578	metal4	432.07	92.4	1e+12
655	metal1	488.07	92.4	9579	metal4	488.07	92.4	1e+12
656	metal1	544.07	92.4	9580	metal4	544.07	92.4	1e+12
657	metal1	600.07	92.4	9581	metal4	600.07	92.4	1e+12
658	metal1	656.07	92.4	9582	metal4	656.07	92.4	1e+12
659	metal1	712.07	92.4	9583	metal4	712.07	92.4	1e+12
660	metal1	768.07	92.4	9584	metal4	768.07	92.4	1e+12
661	metal1	824.07	92.4	9585	metal4	824.07	92.4	1e+12
662	metal1	880.07	92.4	9586	metal4	880.07	92.4	1e+12
663	metal1	936.07	92.4	9587	metal4	936.07	92.4	1e+12
664	metal1	992.07	92.4	9588	metal4	992.07	92.4	1e+12
665	metal1	1048.07	92.4	9589	metal4	1048.07	92.4	1e+12
666	metal1	1086.21	92.4	9590	metal4	1086.21	92.4	1e+12
667	metal1	14.095	95.2	9591	metal4	14.095	95.2	1e+12
668	metal1	40.07	95.2	9592	metal4	40.07	95.2	1e+12
669	metal1	96.07	95.2	9593	metal4	96.07	95.2	1e+12
670	metal1	108.455	95.2	9594	metal4	108.455	95.2	1e+12
671	metal1	109.295	95.2	9595	metal4	109.295	95.2	1e+12
672	metal1	152.07	95.2	9596	metal4	152.07	95.2	1e+12
673	metal1	208.07	95.2	9597	metal4	208.07	95.2	1e+12
674	metal1	264.07	95.2	9598	metal4	264.07	95.2	1e+12
675	metal1	320.07	95.2	9599	metal4	320.07	95.2	1e+12
676	metal1	376.07	95.2	9600	metal4	376.07	95.2	1e+12
677	metal1	432.07	95.2	9601	metal4	432.07	95.2	1e+12
678	metal1	488.07	95.2	9602	metal4	488.07	95.2	1e+12
679	metal1	544.07	95.2	9603	metal4	544.07	95.2	1e+12
680	metal1	600.07	95.2	9604	metal4	600.07	95.2	1e+12
681	metal1	656.07	95.2	9605	metal4	656.07	95.2	1e+12
682	metal1	712.07	95.2	9606	metal4	712.07	95.2	1e+12
683	metal1	768.07	95.2	9607	metal4	768.07	95.2	1e+12
684	metal1	824.07	95.2	9608	metal4	824.07	95.2	1e+12
685	metal1	880.07	95.2	9609	metal4	880.07	95.2	1e+12
686	metal1	936.07	95.2	9610	metal4	936.07	95.2	1e+12
687	metal1	992.07	95.2	9611	metal4	992.07	95.2	1e+12
688	metal1	1048.07	95.2	9612	metal4	1048.07	95.2	1e+12
689	metal1	1086.21	95.2	9613	metal4	1086.21	95.2	1e+12
690	metal1	14.095	98	9614	metal4	14.095	98	1e+12
691	metal1	40.07	98	9615	metal4	40.07	98	1e+12
692	metal1	96.07	98	9616	metal4	96.07	98	1e+12
693	metal1	108.455	98	9617	metal4	108.455	98	1e+12
694	metal1	109.295	98	9618	metal4	109.295	98	1e+12
695	metal1	152.07	98	9619	metal4	152.07	98	1e+12
696	metal1	208.07	98	9620	metal4	208.07	98	1e+12
697	metal1	264.07	98	9621	metal4	264.07	98	1e+12
698	metal1	320.07	98	9622	metal4	320.07	98	1e+12
699	metal1	376.07	98	9623	metal4	376.07	98	1e+12
700	metal1	432.07	98	9624	metal4	432.07	98	1e+12
701	metal1	488.07	98	9625	metal4	488.07	98	1e+12
702	metal1	544.07	98	9626	metal4	544.07	98	1e+12
703	metal1	600.07	98	9627	metal4	600.07	98	1e+12
704	metal1	656.07	98	9628	metal4	656.07	98	1e+12
705	metal1	712.07	98	9629	metal4	712.07	98	1e+12
706	metal1	768.07	98	9630	metal4	768.07	98	1e+12
707	metal1	824.07	98	9631	metal4	824.07	98	1e+12
708	metal1	880.07	98	9632	metal4	880.07	98	1e+12
709	metal1	936.07	98	9633	metal4	936.07	98	1e+12
710	metal1	992.07	98	9634	metal4	992.07	98	1e+12
711	metal1	1048.07	98	9635	metal4	1048.07	98	1e+12
712	metal1	1086.21	98	9636	metal4	1086.21	98	1e+12
713	metal1	14.095	100.8	9637	metal4	14.095	100.8	1e+12
714	metal1	40.07	100.8	9638	metal4	40.07	100.8	1e+12
715	metal1	96.07	100.8	9639	metal4	96.07	100.8	1e+12
716	metal1	108.455	100.8	9640	metal4	108.455	100.8	1e+12
717	metal1	109.295	100.8	9641	metal4	109.295	100.8	1e+12
718	metal1	152.07	100.8	9642	metal4	152.07	100.8	1e+12
719	metal1	208.07	100.8	9643	metal4	208.07	100.8	1e+12
720	metal1	264.07	100.8	9644	metal4	264.07	100.8	1e+12
721	metal1	320.07	100.8	9645	metal4	320.07	100.8	1e+12
722	metal1	376.07	100.8	9646	metal4	376.07	100.8	1e+12
723	metal1	432.07	100.8	9647	metal4	432.07	100.8	1e+12
724	metal1	488.07	100.8	9648	metal4	488.07	100.8	1e+12
725	metal1	544.07	100.8	9649	metal4	544.07	100.8	1e+12
726	metal1	600.07	100.8	9650	metal4	600.07	100.8	1e+12
727	metal1	656.07	100.8	9651	metal4	656.07	100.8	1e+12
728	metal1	712.07	100.8	9652	metal4	712.07	100.8	1e+12
729	metal1	768.07	100.8	9653	metal4	768.07	100.8	1e+12
730	metal1	824.07	100.8	9654	metal4	824.07	100.8	1e+12
731	metal1	880.07	100.8	9655	metal4	880.07	100.8	1e+12
732	metal1	936.07	100.8	9656	metal4	936.07	100.8	1e+12
733	metal1	992.07	100.8	9657	metal4	992.07	100.8	1e+12
734	metal1	1048.07	100.8	9658	metal4	1048.07	100.8	1e+12
735	metal1	1086.21	100.8	9659	metal4	1086.21	100.8	1e+12
736	metal1	14.095	103.6	9660	metal4	14.095	103.6	1e+12
737	metal1	40.07	103.6	9661	metal4	40.07	103.6	1e+12
738	metal1	96.07	103.6	9662	metal4	96.07	103.6	1e+12
739	metal1	108.455	103.6	9663	metal4	108.455	103.6	1e+12
740	metal1	109.295	103.6	9664	metal4	109.295	103.6	1e+12
741	metal1	152.07	103.6	9665	metal4	152.07	103.6	1e+12
742	metal1	208.07	103.6	9666	metal4	208.07	103.6	1e+12
743	metal1	264.07	103.6	9667	metal4	264.07	103.6	1e+12
744	metal1	320.07	103.6	9668	metal4	320.07	103.6	1e+12
745	metal1	376.07	103.6	9669	metal4	376.07	103.6	1e+12
746	metal1	432.07	103.6	9670	metal4	432.07	103.6	1e+12
747	metal1	488.07	103.6	9671	metal4	488.07	103.6	1e+12
748	metal1	544.07	103.6	9672	metal4	544.07	103.6	1e+12
749	metal1	600.07	103.6	9673	metal4	600.07	103.6	1e+12
750	metal1	656.07	103.6	9674	metal4	656.07	103.6	1e+12
751	metal1	712.07	103.6	9675	metal4	712.07	103.6	1e+12
752	metal1	768.07	103.6	9676	metal4	768.07	103.6	1e+12
753	metal1	824.07	103.6	9677	metal4	824.07	103.6	1e+12
754	metal1	880.07	103.6	9678	metal4	880.07	103.6	1e+12
755	metal1	936.07	103.6	9679	metal4	936.07	103.6	1e+12
756	metal1	992.07	103.6	9680	metal4	992.07	103.6	1e+12
757	metal1	1048.07	103.6	9681	metal4	1048.07	103.6	1e+12
758	metal1	1086.21	103.6	9682	metal4	1086.21	103.6	1e+12
759	metal1	14.095	106.4	9683	metal4	14.095	106.4	1e+12
760	metal1	40.07	106.4	9684	metal4	40.07	106.4	1e+12
761	metal1	96.07	106.4	9685	metal4	96.07	106.4	1e+12
762	metal1	108.455	106.4	9686	metal4	108.455	106.4	1e+12
763	metal1	109.295	106.4	9687	metal4	109.295	106.4	1e+12
764	metal1	152.07	106.4	9688	metal4	152.07	106.4	1e+12
765	metal1	208.07	106.4	9689	metal4	208.07	106.4	1e+12
766	metal1	264.07	106.4	9690	metal4	264.07	106.4	1e+12
767	metal1	320.07	106.4	9691	metal4	320.07	106.4	1e+12
768	metal1	376.07	106.4	9692	metal4	376.07	106.4	1e+12
769	metal1	432.07	106.4	9693	metal4	432.07	106.4	1e+12
770	metal1	488.07	106.4	9694	metal4	488.07	106.4	1e+12
771	metal1	544.07	106.4	9695	metal4	544.07	106.4	1e+12
772	metal1	600.07	106.4	9696	metal4	600.07	106.4	1e+12
773	metal1	656.07	106.4	9697	metal4	656.07	106.4	1e+12
774	metal1	712.07	106.4	9698	metal4	712.07	106.4	1e+12
775	metal1	768.07	106.4	9699	metal4	768.07	106.4	1e+12
776	metal1	824.07	106.4	9700	metal4	824.07	106.4	1e+12
777	metal1	880.07	106.4	9701	metal4	880.07	106.4	1e+12
778	metal1	936.07	106.4	9702	metal4	936.07	106.4	1e+12
779	metal1	992.07	106.4	9703	metal4	992.07	106.4	1e+12
780	metal1	1048.07	106.4	9704	metal4	1048.07	106.4	1e+12
781	metal1	1086.21	106.4	9705	metal4	1086.21	106.4	1e+12
782	metal1	14.095	109.2	9706	metal4	14.095	109.2	1e+12
783	metal1	40.07	109.2	9707	metal4	40.07	109.2	1e+12
784	metal1	96.07	109.2	9708	metal4	96.07	109.2	1e+12
785	metal1	108.455	109.2	9709	metal4	108.455	109.2	1e+12
786	metal1	109.295	109.2	9710	metal4	109.295	109.2	1e+12
787	metal1	152.07	109.2	9711	metal4	152.07	109.2	1e+12
788	metal1	208.07	109.2	9712	metal4	208.07	109.2	1e+12
789	metal1	264.07	109.2	9713	metal4	264.07	109.2	1e+12
790	metal1	320.07	109.2	9714	metal4	320.07	109.2	1e+12
791	metal1	376.07	109.2	9715	metal4	376.07	109.2	1e+12
792	metal1	432.07	109.2	9716	metal4	432.07	109.2	1e+12
793	metal1	488.07	109.2	9717	metal4	488.07	109.2	1e+12
794	metal1	544.07	109.2	9718	metal4	544.07	109.2	1e+12
795	metal1	600.07	109.2	9719	metal4	600.07	109.2	1e+12
796	metal1	656.07	109.2	9720	metal4	656.07	109.2	1e+12
797	metal1	712.07	109.2	9721	metal4	712.07	109.2	1e+12
798	metal1	768.07	109.2	9722	metal4	768.07	109.2	1e+12
799	metal1	824.07	109.2	9723	metal4	824.07	109.2	1e+12
800	metal1	880.07	109.2	9724	metal4	880.07	109.2	1e+12
801	metal1	936.07	109.2	9725	metal4	936.07	109.2	1e+12
802	metal1	992.07	109.2	9726	metal4	992.07	109.2	1e+12
803	metal1	1048.07	109.2	9727	metal4	1048.07	109.2	1e+12
804	metal1	1086.21	109.2	9728	metal4	1086.21	109.2	1e+12
805	metal1	14.095	112	9729	metal4	14.095	112	1e+12
806	metal1	40.07	112	9730	metal4	40.07	112	1e+12
807	metal1	96.07	112	9731	metal4	96.07	112	1e+12
808	metal1	108.455	112	9732	metal4	108.455	112	1e+12
809	metal1	109.295	112	9733	metal4	109.295	112	1e+12
810	metal1	152.07	112	9734	metal4	152.07	112	1e+12
811	metal1	208.07	112	9735	metal4	208.07	112	1e+12
812	metal1	264.07	112	9736	metal4	264.07	112	1e+12
813	metal1	320.07	112	9737	metal4	320.07	112	1e+12
814	metal1	376.07	112	9738	metal4	376.07	112	1e+12
815	metal1	432.07	112	9739	metal4	432.07	112	1e+12
816	metal1	488.07	112	9740	metal4	488.07	112	1e+12
817	metal1	544.07	112	9741	metal4	544.07	112	1e+12
818	metal1	600.07	112	9742	metal4	600.07	112	1e+12
819	metal1	656.07	112	9743	metal4	656.07	112	1e+12
820	metal1	712.07	112	9744	metal4	712.07	112	1e+12
821	metal1	768.07	112	9745	metal4	768.07	112	1e+12
822	metal1	824.07	112	9746	metal4	824.07	112	1e+12
823	metal1	880.07	112	9747	metal4	880.07	112	1e+12
824	metal1	936.07	112	9748	metal4	936.07	112	1e+12
825	metal1	992.07	112	9749	metal4	992.07	112	1e+12
826	metal1	1048.07	112	9750	metal4	1048.07	112	1e+12
827	metal1	1086.21	112	9751	metal4	1086.21	112	1e+12
828	metal1	14.095	114.8	9752	metal4	14.095	114.8	1e+12
829	metal1	40.07	114.8	9753	metal4	40.07	114.8	1e+12
830	metal1	96.07	114.8	9754	metal4	96.07	114.8	1e+12
831	metal1	108.455	114.8	9755	metal4	108.455	114.8	1e+12
832	metal1	109.295	114.8	9756	metal4	109.295	114.8	1e+12
833	metal1	152.07	114.8	9757	metal4	152.07	114.8	1e+12
834	metal1	208.07	114.8	9758	metal4	208.07	114.8	1e+12
835	metal1	264.07	114.8	9759	metal4	264.07	114.8	1e+12
836	metal1	320.07	114.8	9760	metal4	320.07	114.8	1e+12
837	metal1	376.07	114.8	9761	metal4	376.07	114.8	1e+12
838	metal1	432.07	114.8	9762	metal4	432.07	114.8	1e+12
839	metal1	488.07	114.8	9763	metal4	488.07	114.8	1e+12
840	metal1	544.07	114.8	9764	metal4	544.07	114.8	1e+12
841	metal1	600.07	114.8	9765	metal4	600.07	114.8	1e+12
842	metal1	656.07	114.8	9766	metal4	656.07	114.8	1e+12
843	metal1	712.07	114.8	9767	metal4	712.07	114.8	1e+12
844	metal1	768.07	114.8	9768	metal4	768.07	114.8	1e+12
845	metal1	824.07	114.8	9769	metal4	824.07	114.8	1e+12
846	metal1	880.07	114.8	9770	metal4	880.07	114.8	1e+12
847	metal1	936.07	114.8	9771	metal4	936.07	114.8	1e+12
848	metal1	992.07	114.8	9772	metal4	992.07	114.8	1e+12
849	metal1	1048.07	114.8	9773	metal4	1048.07	114.8	1e+12
850	metal1	1086.21	114.8	9774	metal4	1086.21	114.8	1e+12
851	metal1	14.095	117.6	9775	metal4	14.095	117.6	1e+12
852	metal1	40.07	117.6	9776	metal4	40.07	117.6	1e+12
853	metal1	96.07	117.6	9777	metal4	96.07	117.6	1e+12
854	metal1	108.455	117.6	9778	metal4	108.455	117.6	1e+12
855	metal1	109.295	117.6	9779	metal4	109.295	117.6	1e+12
856	metal1	152.07	117.6	9780	metal4	152.07	117.6	1e+12
857	metal1	208.07	117.6	9781	metal4	208.07	117.6	1e+12
858	metal1	264.07	117.6	9782	metal4	264.07	117.6	1e+12
859	metal1	320.07	117.6	9783	metal4	320.07	117.6	1e+12
860	metal1	376.07	117.6	9784	metal4	376.07	117.6	1e+12
861	metal1	432.07	117.6	9785	metal4	432.07	117.6	1e+12
862	metal1	488.07	117.6	9786	metal4	488.07	117.6	1e+12
863	metal1	544.07	117.6	9787	metal4	544.07	117.6	1e+12
864	metal1	600.07	117.6	9788	metal4	600.07	117.6	1e+12
865	metal1	656.07	117.6	9789	metal4	656.07	117.6	1e+12
866	metal1	712.07	117.6	9790	metal4	712.07	117.6	1e+12
867	metal1	768.07	117.6	9791	metal4	768.07	117.6	1e+12
868	metal1	824.07	117.6	9792	metal4	824.07	117.6	1e+12
869	metal1	880.07	117.6	9793	metal4	880.07	117.6	1e+12
870	metal1	936.07	117.6	9794	metal4	936.07	117.6	1e+12
871	metal1	992.07	117.6	9795	metal4	992.07	117.6	1e+12
872	metal1	1048.07	117.6	9796	metal4	1048.07	117.6	1e+12
873	metal1	1086.21	117.6	9797	metal4	1086.21	117.6	1e+12
874	metal1	14.095	120.4	9821	metal4	14.095	120.4	1e+12
875	metal1	40.07	120.4	9822	metal4	40.07	120.4	1e+12
876	metal1	96.07	120.4	9823	metal4	96.07	120.4	1e+12
877	metal1	108.455	120.4	9824	metal4	108.455	120.4	1e+12
878	metal1	109.295	120.4	9825	metal4	109.295	120.4	1e+12
879	metal1	152.07	120.4	9826	metal4	152.07	120.4	1e+12
880	metal1	208.07	120.4	9827	metal4	208.07	120.4	1e+12
881	metal1	264.07	120.4	9828	metal4	264.07	120.4	1e+12
882	metal1	320.07	120.4	9829	metal4	320.07	120.4	1e+12
883	metal1	376.07	120.4	9830	metal4	376.07	120.4	1e+12
884	metal1	432.07	120.4	9831	metal4	432.07	120.4	1e+12
885	metal1	488.07	120.4	9832	metal4	488.07	120.4	1e+12
886	metal1	544.07	120.4	9833	metal4	544.07	120.4	1e+12
887	metal1	600.07	120.4	9834	metal4	600.07	120.4	1e+12
888	metal1	656.07	120.4	9835	metal4	656.07	120.4	1e+12
889	metal1	712.07	120.4	9836	metal4	712.07	120.4	1e+12
890	metal1	768.07	120.4	9837	metal4	768.07	120.4	1e+12
891	metal1	824.07	120.4	9838	metal4	824.07	120.4	1e+12
892	metal1	880.07	120.4	9839	metal4	880.07	120.4	1e+12
893	metal1	936.07	120.4	9840	metal4	936.07	120.4	1e+12
894	metal1	992.07	120.4	9841	metal4	992.07	120.4	1e+12
895	metal1	1048.07	120.4	9842	metal4	1048.07	120.4	1e+12
896	metal1	1086.21	120.4	9843	metal4	1086.21	120.4	1e+12
897	metal1	14.095	123.2	9844	metal4	14.095	123.2	1e+12
898	metal1	40.07	123.2	9845	metal4	40.07	123.2	1e+12
899	metal1	96.07	123.2	9846	metal4	96.07	123.2	1e+12
900	metal1	108.455	123.2	9847	metal4	108.455	123.2	1e+12
901	metal1	109.295	123.2	9848	metal4	109.295	123.2	1e+12
902	metal1	152.07	123.2	9849	metal4	152.07	123.2	1e+12
903	metal1	208.07	123.2	9850	metal4	208.07	123.2	1e+12
904	metal1	264.07	123.2	9851	metal4	264.07	123.2	1e+12
905	metal1	320.07	123.2	9852	metal4	320.07	123.2	1e+12
906	metal1	376.07	123.2	9853	metal4	376.07	123.2	1e+12
907	metal1	432.07	123.2	9854	metal4	432.07	123.2	1e+12
908	metal1	488.07	123.2	9855	metal4	488.07	123.2	1e+12
909	metal1	544.07	123.2	9856	metal4	544.07	123.2	1e+12
910	metal1	600.07	123.2	9857	metal4	600.07	123.2	1e+12
911	metal1	656.07	123.2	9858	metal4	656.07	123.2	1e+12
912	metal1	712.07	123.2	9859	metal4	712.07	123.2	1e+12
913	metal1	768.07	123.2	9860	metal4	768.07	123.2	1e+12
914	metal1	824.07	123.2	9861	metal4	824.07	123.2	1e+12
915	metal1	880.07	123.2	9862	metal4	880.07	123.2	1e+12
916	metal1	936.07	123.2	9863	metal4	936.07	123.2	1e+12
917	metal1	992.07	123.2	9864	metal4	992.07	123.2	1e+12
918	metal1	1048.07	123.2	9865	metal4	1048.07	123.2	1e+12
919	metal1	1086.21	123.2	9866	metal4	1086.21	123.2	1e+12
920	metal1	14.095	126	9867	metal4	14.095	126	1e+12
921	metal1	40.07	126	9868	metal4	40.07	126	1e+12
922	metal1	96.07	126	9869	metal4	96.07	126	1e+12
923	metal1	108.455	126	9870	metal4	108.455	126	1e+12
924	metal1	109.295	126	9871	metal4	109.295	126	1e+12
925	metal1	152.07	126	9872	metal4	152.07	126	1e+12
926	metal1	208.07	126	9873	metal4	208.07	126	1e+12
927	metal1	264.07	126	9874	metal4	264.07	126	1e+12
928	metal1	320.07	126	9875	metal4	320.07	126	1e+12
929	metal1	376.07	126	9876	metal4	376.07	126	1e+12
930	metal1	432.07	126	9877	metal4	432.07	126	1e+12
931	metal1	488.07	126	9878	metal4	488.07	126	1e+12
932	metal1	544.07	126	9879	metal4	544.07	126	1e+12
933	metal1	600.07	126	9880	metal4	600.07	126	1e+12
934	metal1	656.07	126	9881	metal4	656.07	126	1e+12
935	metal1	712.07	126	9882	metal4	712.07	126	1e+12
936	metal1	768.07	126	9883	metal4	768.07	126	1e+12
937	metal1	824.07	126	9884	metal4	824.07	126	1e+12
938	metal1	880.07	126	9885	metal4	880.07	126	1e+12
939	metal1	936.07	126	9886	metal4	936.07	126	1e+12
940	metal1	992.07	126	9887	metal4	992.07	126	1e+12
941	metal1	1048.07	126	9888	metal4	1048.07	126	1e+12
942	metal1	1086.21	126	9889	metal4	1086.21	126	1e+12
943	metal1	14.095	128.8	9890	metal4	14.095	128.8	1e+12
944	metal1	40.07	128.8	9891	metal4	40.07	128.8	1e+12
945	metal1	96.07	128.8	9892	metal4	96.07	128.8	1e+12
946	metal1	108.455	128.8	9893	metal4	108.455	128.8	1e+12
947	metal1	109.295	128.8	9894	metal4	109.295	128.8	1e+12
948	metal1	152.07	128.8	9895	metal4	152.07	128.8	1e+12
949	metal1	208.07	128.8	9896	metal4	208.07	128.8	1e+12
950	metal1	264.07	128.8	9897	metal4	264.07	128.8	1e+12
951	metal1	320.07	128.8	9898	metal4	320.07	128.8	1e+12
952	metal1	376.07	128.8	9899	metal4	376.07	128.8	1e+12
953	metal1	432.07	128.8	9900	metal4	432.07	128.8	1e+12
954	metal1	488.07	128.8	9901	metal4	488.07	128.8	1e+12
955	metal1	544.07	128.8	9902	metal4	544.07	128.8	1e+12
956	metal1	600.07	128.8	9903	metal4	600.07	128.8	1e+12
957	metal1	656.07	128.8	9904	metal4	656.07	128.8	1e+12
958	metal1	712.07	128.8	9905	metal4	712.07	128.8	1e+12
959	metal1	768.07	128.8	9906	metal4	768.07	128.8	1e+12
960	metal1	824.07	128.8	9907	metal4	824.07	128.8	1e+12
961	metal1	880.07	128.8	9908	metal4	880.07	128.8	1e+12
962	metal1	936.07	128.8	9909	metal4	936.07	128.8	1e+12
963	metal1	992.07	128.8	9910	metal4	992.07	128.8	1e+12
964	metal1	1048.07	128.8	9911	metal4	1048.07	128.8	1e+12
965	metal1	1086.21	128.8	9912	metal4	1086.21	128.8	1e+12
966	metal1	14.095	131.6	9913	metal4	14.095	131.6	1e+12
967	metal1	40.07	131.6	9914	metal4	40.07	131.6	1e+12
968	metal1	96.07	131.6	9915	metal4	96.07	131.6	1e+12
969	metal1	108.455	131.6	9916	metal4	108.455	131.6	1e+12
970	metal1	109.295	131.6	9917	metal4	109.295	131.6	1e+12
971	metal1	152.07	131.6	9918	metal4	152.07	131.6	1e+12
972	metal1	208.07	131.6	9919	metal4	208.07	131.6	1e+12
973	metal1	264.07	131.6	9920	metal4	264.07	131.6	1e+12
974	metal1	320.07	131.6	9921	metal4	320.07	131.6	1e+12
975	metal1	376.07	131.6	9922	metal4	376.07	131.6	1e+12
976	metal1	432.07	131.6	9923	metal4	432.07	131.6	1e+12
977	metal1	488.07	131.6	9924	metal4	488.07	131.6	1e+12
978	metal1	544.07	131.6	9925	metal4	544.07	131.6	1e+12
979	metal1	600.07	131.6	9926	metal4	600.07	131.6	1e+12
980	metal1	656.07	131.6	9927	metal4	656.07	131.6	1e+12
981	metal1	712.07	131.6	9928	metal4	712.07	131.6	1e+12
982	metal1	768.07	131.6	9929	metal4	768.07	131.6	1e+12
983	metal1	824.07	131.6	9930	metal4	824.07	131.6	1e+12
984	metal1	880.07	131.6	9931	metal4	880.07	131.6	1e+12
985	metal1	936.07	131.6	9932	metal4	936.07	131.6	1e+12
986	metal1	992.07	131.6	9933	metal4	992.07	131.6	1e+12
987	metal1	1048.07	131.6	9934	metal4	1048.07	131.6	1e+12
988	metal1	1086.21	131.6	9935	metal4	1086.21	131.6	1e+12
989	metal1	14.095	134.4	9936	metal4	14.095	134.4	1e+12
990	metal1	40.07	134.4	9937	metal4	40.07	134.4	1e+12
991	metal1	96.07	134.4	9938	metal4	96.07	134.4	1e+12
992	metal1	108.455	134.4	9939	metal4	108.455	134.4	1e+12
993	metal1	109.295	134.4	9940	metal4	109.295	134.4	1e+12
994	metal1	152.07	134.4	9941	metal4	152.07	134.4	1e+12
995	metal1	208.07	134.4	9942	metal4	208.07	134.4	1e+12
996	metal1	264.07	134.4	9943	metal4	264.07	134.4	1e+12
997	metal1	320.07	134.4	9944	metal4	320.07	134.4	1e+12
998	metal1	376.07	134.4	9945	metal4	376.07	134.4	1e+12
999	metal1	432.07	134.4	9946	metal4	432.07	134.4	1e+12
1000	metal1	488.07	134.4	9947	metal4	488.07	134.4	1e+12
1001	metal1	544.07	134.4	9948	metal4	544.07	134.4	1e+12
1002	metal1	600.07	134.4	9949	metal4	600.07	134.4	1e+12
1003	metal1	656.07	134.4	9950	metal4	656.07	134.4	1e+12
1004	metal1	712.07	134.4	9951	metal4	712.07	134.4	1e+12
1005	metal1	768.07	134.4	9952	metal4	768.07	134.4	1e+12
1006	metal1	824.07	134.4	9953	metal4	824.07	134.4	1e+12
1007	metal1	880.07	134.4	9954	metal4	880.07	134.4	1e+12
1008	metal1	936.07	134.4	9955	metal4	936.07	134.4	1e+12
1009	metal1	992.07	134.4	9956	metal4	992.07	134.4	1e+12
1010	metal1	1048.07	134.4	9957	metal4	1048.07	134.4	1e+12
1011	metal1	1086.21	134.4	9958	metal4	1086.21	134.4	1e+12
1012	metal1	14.095	137.2	9959	metal4	14.095	137.2	1e+12
1013	metal1	40.07	137.2	9960	metal4	40.07	137.2	1e+12
1014	metal1	96.07	137.2	9961	metal4	96.07	137.2	1e+12
1015	metal1	108.455	137.2	9962	metal4	108.455	137.2	1e+12
1016	metal1	109.295	137.2	9963	metal4	109.295	137.2	1e+12
1017	metal1	152.07	137.2	9964	metal4	152.07	137.2	1e+12
1018	metal1	208.07	137.2	9965	metal4	208.07	137.2	1e+12
1019	metal1	264.07	137.2	9966	metal4	264.07	137.2	1e+12
1020	metal1	320.07	137.2	9967	metal4	320.07	137.2	1e+12
1021	metal1	376.07	137.2	9968	metal4	376.07	137.2	1e+12
1022	metal1	432.07	137.2	9969	metal4	432.07	137.2	1e+12
1023	metal1	488.07	137.2	9970	metal4	488.07	137.2	1e+12
1024	metal1	544.07	137.2	9971	metal4	544.07	137.2	1e+12
1025	metal1	600.07	137.2	9972	metal4	600.07	137.2	1e+12
1026	metal1	656.07	137.2	9973	metal4	656.07	137.2	1e+12
1027	metal1	712.07	137.2	9974	metal4	712.07	137.2	1e+12
1028	metal1	768.07	137.2	9975	metal4	768.07	137.2	1e+12
1029	metal1	824.07	137.2	9976	metal4	824.07	137.2	1e+12
1030	metal1	880.07	137.2	9977	metal4	880.07	137.2	1e+12
1031	metal1	936.07	137.2	9978	metal4	936.07	137.2	1e+12
1032	metal1	992.07	137.2	9979	metal4	992.07	137.2	1e+12
1033	metal1	1048.07	137.2	9980	metal4	1048.07	137.2	1e+12
1034	metal1	1086.21	137.2	9981	metal4	1086.21	137.2	1e+12
1035	metal1	14.095	140	9982	metal4	14.095	140	1e+12
1036	metal1	40.07	140	9983	metal4	40.07	140	1e+12
1037	metal1	96.07	140	9984	metal4	96.07	140	1e+12
1038	metal1	108.455	140	9985	metal4	108.455	140	1e+12
1039	metal1	109.295	140	9986	metal4	109.295	140	1e+12
1040	metal1	152.07	140	9987	metal4	152.07	140	1e+12
1041	metal1	208.07	140	9988	metal4	208.07	140	1e+12
1042	metal1	264.07	140	9989	metal4	264.07	140	1e+12
1043	metal1	320.07	140	9990	metal4	320.07	140	1e+12
1044	metal1	376.07	140	9991	metal4	376.07	140	1e+12
1045	metal1	432.07	140	9992	metal4	432.07	140	1e+12
1046	metal1	488.07	140	9993	metal4	488.07	140	1e+12
1047	metal1	544.07	140	9994	metal4	544.07	140	1e+12
1048	metal1	600.07	140	9995	metal4	600.07	140	1e+12
1049	metal1	656.07	140	9996	metal4	656.07	140	1e+12
1050	metal1	712.07	140	9997	metal4	712.07	140	1e+12
1051	metal1	768.07	140	9998	metal4	768.07	140	1e+12
1052	metal1	824.07	140	9999	metal4	824.07	140	1e+12
1053	metal1	880.07	140	10000	metal4	880.07	140	1e+12
1054	metal1	936.07	140	10001	metal4	936.07	140	1e+12
1055	metal1	992.07	140	10002	metal4	992.07	140	1e+12
1056	metal1	1048.07	140	10003	metal4	1048.07	140	1e+12
1057	metal1	1086.21	140	10004	metal4	1086.21	140	1e+12
1058	metal1	14.095	142.8	10005	metal4	14.095	142.8	1e+12
1059	metal1	40.07	142.8	10006	metal4	40.07	142.8	1e+12
1060	metal1	96.07	142.8	10007	metal4	96.07	142.8	1e+12
1061	metal1	108.455	142.8	10008	metal4	108.455	142.8	1e+12
1062	metal1	109.295	142.8	10009	metal4	109.295	142.8	1e+12
1063	metal1	152.07	142.8	10010	metal4	152.07	142.8	1e+12
1064	metal1	208.07	142.8	10011	metal4	208.07	142.8	1e+12
1065	metal1	264.07	142.8	10012	metal4	264.07	142.8	1e+12
1066	metal1	320.07	142.8	10013	metal4	320.07	142.8	1e+12
1067	metal1	376.07	142.8	10014	metal4	376.07	142.8	1e+12
1068	metal1	432.07	142.8	10015	metal4	432.07	142.8	1e+12
1069	metal1	488.07	142.8	10016	metal4	488.07	142.8	1e+12
1070	metal1	544.07	142.8	10017	metal4	544.07	142.8	1e+12
1071	metal1	600.07	142.8	10018	metal4	600.07	142.8	1e+12
1072	metal1	656.07	142.8	10019	metal4	656.07	142.8	1e+12
1073	metal1	712.07	142.8	10020	metal4	712.07	142.8	1e+12
1074	metal1	768.07	142.8	10021	metal4	768.07	142.8	1e+12
1075	metal1	824.07	142.8	10022	metal4	824.07	142.8	1e+12
1076	metal1	880.07	142.8	10023	metal4	880.07	142.8	1e+12
1077	metal1	936.07	142.8	10024	metal4	936.07	142.8	1e+12
1078	metal1	992.07	142.8	10025	metal4	992.07	142.8	1e+12
1079	metal1	1048.07	142.8	10026	metal4	1048.07	142.8	1e+12
1080	metal1	1086.21	142.8	10027	metal4	1086.21	142.8	1e+12
1081	metal1	14.095	145.6	10028	metal4	14.095	145.6	1e+12
1082	metal1	40.07	145.6	10029	metal4	40.07	145.6	1e+12
1083	metal1	96.07	145.6	10030	metal4	96.07	145.6	1e+12
1084	metal1	108.455	145.6	10031	metal4	108.455	145.6	1e+12
1085	metal1	109.295	145.6	10032	metal4	109.295	145.6	1e+12
1086	metal1	152.07	145.6	10033	metal4	152.07	145.6	1e+12
1087	metal1	208.07	145.6	10034	metal4	208.07	145.6	1e+12
1088	metal1	264.07	145.6	10035	metal4	264.07	145.6	1e+12
1089	metal1	320.07	145.6	10036	metal4	320.07	145.6	1e+12
1090	metal1	376.07	145.6	10037	metal4	376.07	145.6	1e+12
1091	metal1	432.07	145.6	10038	metal4	432.07	145.6	1e+12
1092	metal1	488.07	145.6	10039	metal4	488.07	145.6	1e+12
1093	metal1	544.07	145.6	10040	metal4	544.07	145.6	1e+12
1094	metal1	600.07	145.6	10041	metal4	600.07	145.6	1e+12
1095	metal1	656.07	145.6	10042	metal4	656.07	145.6	1e+12
1096	metal1	712.07	145.6	10043	metal4	712.07	145.6	1e+12
1097	metal1	768.07	145.6	10044	metal4	768.07	145.6	1e+12
1098	metal1	824.07	145.6	10045	metal4	824.07	145.6	1e+12
1099	metal1	880.07	145.6	10046	metal4	880.07	145.6	1e+12
1100	metal1	936.07	145.6	10047	metal4	936.07	145.6	1e+12
1101	metal1	992.07	145.6	10048	metal4	992.07	145.6	1e+12
1102	metal1	1048.07	145.6	10049	metal4	1048.07	145.6	1e+12
1103	metal1	1086.21	145.6	10050	metal4	1086.21	145.6	1e+12
1104	metal1	14.095	148.4	10051	metal4	14.095	148.4	1e+12
1105	metal1	40.07	148.4	10052	metal4	40.07	148.4	1e+12
1106	metal1	96.07	148.4	10053	metal4	96.07	148.4	1e+12
1107	metal1	108.455	148.4	10054	metal4	108.455	148.4	1e+12
1108	metal1	109.295	148.4	10055	metal4	109.295	148.4	1e+12
1109	metal1	152.07	148.4	10056	metal4	152.07	148.4	1e+12
1110	metal1	208.07	148.4	10057	metal4	208.07	148.4	1e+12
1111	metal1	264.07	148.4	10058	metal4	264.07	148.4	1e+12
1112	metal1	320.07	148.4	10059	metal4	320.07	148.4	1e+12
1113	metal1	376.07	148.4	10060	metal4	376.07	148.4	1e+12
1114	metal1	432.07	148.4	10061	metal4	432.07	148.4	1e+12
1115	metal1	488.07	148.4	10062	metal4	488.07	148.4	1e+12
1116	metal1	544.07	148.4	10063	metal4	544.07	148.4	1e+12
1117	metal1	600.07	148.4	10064	metal4	600.07	148.4	1e+12
1118	metal1	656.07	148.4	10065	metal4	656.07	148.4	1e+12
1119	metal1	712.07	148.4	10066	metal4	712.07	148.4	1e+12
1120	metal1	768.07	148.4	10067	metal4	768.07	148.4	1e+12
1121	metal1	824.07	148.4	10068	metal4	824.07	148.4	1e+12
1122	metal1	880.07	148.4	10069	metal4	880.07	148.4	1e+12
1123	metal1	936.07	148.4	10070	metal4	936.07	148.4	1e+12
1124	metal1	992.07	148.4	10071	metal4	992.07	148.4	1e+12
1125	metal1	1048.07	148.4	10072	metal4	1048.07	148.4	1e+12
1126	metal1	1086.21	148.4	10073	metal4	1086.21	148.4	1e+12
1127	metal1	14.095	151.2	10097	metal4	14.095	151.2	1e+12
1128	metal1	40.07	151.2	10098	metal4	40.07	151.2	1e+12
1129	metal1	96.07	151.2	10099	metal4	96.07	151.2	1e+12
1130	metal1	108.455	151.2	10100	metal4	108.455	151.2	1e+12
1131	metal1	109.295	151.2	10101	metal4	109.295	151.2	1e+12
1132	metal1	152.07	151.2	10102	metal4	152.07	151.2	1e+12
1133	metal1	208.07	151.2	10103	metal4	208.07	151.2	1e+12
1134	metal1	264.07	151.2	10104	metal4	264.07	151.2	1e+12
1135	metal1	320.07	151.2	10105	metal4	320.07	151.2	1e+12
1136	metal1	376.07	151.2	10106	metal4	376.07	151.2	1e+12
1137	metal1	432.07	151.2	10107	metal4	432.07	151.2	1e+12
1138	metal1	488.07	151.2	10108	metal4	488.07	151.2	1e+12
1139	metal1	544.07	151.2	10109	metal4	544.07	151.2	1e+12
1140	metal1	600.07	151.2	10110	metal4	600.07	151.2	1e+12
1141	metal1	656.07	151.2	10111	metal4	656.07	151.2	1e+12
1142	metal1	712.07	151.2	10112	metal4	712.07	151.2	1e+12
1143	metal1	768.07	151.2	10113	metal4	768.07	151.2	1e+12
1144	metal1	824.07	151.2	10114	metal4	824.07	151.2	1e+12
1145	metal1	880.07	151.2	10115	metal4	880.07	151.2	1e+12
1146	metal1	936.07	151.2	10116	metal4	936.07	151.2	1e+12
1147	metal1	992.07	151.2	10117	metal4	992.07	151.2	1e+12
1148	metal1	1048.07	151.2	10118	metal4	1048.07	151.2	1e+12
1149	metal1	1086.21	151.2	10119	metal4	1086.21	151.2	1e+12
1150	metal1	14.095	154	10120	metal4	14.095	154	1e+12
1151	metal1	40.07	154	10121	metal4	40.07	154	1e+12
1152	metal1	96.07	154	10122	metal4	96.07	154	1e+12
1153	metal1	108.455	154	10123	metal4	108.455	154	1e+12
1154	metal1	109.295	154	10124	metal4	109.295	154	1e+12
1155	metal1	152.07	154	10125	metal4	152.07	154	1e+12
1156	metal1	208.07	154	10126	metal4	208.07	154	1e+12
1157	metal1	264.07	154	10127	metal4	264.07	154	1e+12
1158	metal1	320.07	154	10128	metal4	320.07	154	1e+12
1159	metal1	376.07	154	10129	metal4	376.07	154	1e+12
1160	metal1	432.07	154	10130	metal4	432.07	154	1e+12
1161	metal1	488.07	154	10131	metal4	488.07	154	1e+12
1162	metal1	544.07	154	10132	metal4	544.07	154	1e+12
1163	metal1	600.07	154	10133	metal4	600.07	154	1e+12
1164	metal1	656.07	154	10134	metal4	656.07	154	1e+12
1165	metal1	712.07	154	10135	metal4	712.07	154	1e+12
1166	metal1	768.07	154	10136	metal4	768.07	154	1e+12
1167	metal1	824.07	154	10137	metal4	824.07	154	1e+12
1168	metal1	880.07	154	10138	metal4	880.07	154	1e+12
1169	metal1	936.07	154	10139	metal4	936.07	154	1e+12
1170	metal1	992.07	154	10140	metal4	992.07	154	1e+12
1171	metal1	1048.07	154	10141	metal4	1048.07	154	1e+12
1172	metal1	1086.21	154	10142	metal4	1086.21	154	1e+12
1173	metal1	14.095	156.8	10143	metal4	14.095	156.8	1e+12
1174	metal1	40.07	156.8	10144	metal4	40.07	156.8	1e+12
1175	metal1	96.07	156.8	10145	metal4	96.07	156.8	1e+12
1176	metal1	108.455	156.8	10146	metal4	108.455	156.8	1e+12
1177	metal1	109.295	156.8	10147	metal4	109.295	156.8	1e+12
1178	metal1	152.07	156.8	10148	metal4	152.07	156.8	1e+12
1179	metal1	208.07	156.8	10149	metal4	208.07	156.8	1e+12
1180	metal1	264.07	156.8	10150	metal4	264.07	156.8	1e+12
1181	metal1	320.07	156.8	10151	metal4	320.07	156.8	1e+12
1182	metal1	376.07	156.8	10152	metal4	376.07	156.8	1e+12
1183	metal1	432.07	156.8	10153	metal4	432.07	156.8	1e+12
1184	metal1	488.07	156.8	10154	metal4	488.07	156.8	1e+12
1185	metal1	544.07	156.8	10155	metal4	544.07	156.8	1e+12
1186	metal1	600.07	156.8	10156	metal4	600.07	156.8	1e+12
1187	metal1	656.07	156.8	10157	metal4	656.07	156.8	1e+12
1188	metal1	712.07	156.8	10158	metal4	712.07	156.8	1e+12
1189	metal1	768.07	156.8	10159	metal4	768.07	156.8	1e+12
1190	metal1	824.07	156.8	10160	metal4	824.07	156.8	1e+12
1191	metal1	880.07	156.8	10161	metal4	880.07	156.8	1e+12
1192	metal1	936.07	156.8	10162	metal4	936.07	156.8	1e+12
1193	metal1	992.07	156.8	10163	metal4	992.07	156.8	1e+12
1194	metal1	1048.07	156.8	10164	metal4	1048.07	156.8	1e+12
1195	metal1	1086.21	156.8	10165	metal4	1086.21	156.8	1e+12
1196	metal1	14.095	159.6	10166	metal4	14.095	159.6	1e+12
1197	metal1	40.07	159.6	10167	metal4	40.07	159.6	1e+12
1198	metal1	96.07	159.6	10168	metal4	96.07	159.6	1e+12
1199	metal1	108.455	159.6	10169	metal4	108.455	159.6	1e+12
1200	metal1	109.295	159.6	10170	metal4	109.295	159.6	1e+12
1201	metal1	152.07	159.6	10171	metal4	152.07	159.6	1e+12
1202	metal1	208.07	159.6	10172	metal4	208.07	159.6	1e+12
1203	metal1	264.07	159.6	10173	metal4	264.07	159.6	1e+12
1204	metal1	320.07	159.6	10174	metal4	320.07	159.6	1e+12
1205	metal1	376.07	159.6	10175	metal4	376.07	159.6	1e+12
1206	metal1	432.07	159.6	10176	metal4	432.07	159.6	1e+12
1207	metal1	488.07	159.6	10177	metal4	488.07	159.6	1e+12
1208	metal1	544.07	159.6	10178	metal4	544.07	159.6	1e+12
1209	metal1	600.07	159.6	10179	metal4	600.07	159.6	1e+12
1210	metal1	656.07	159.6	10180	metal4	656.07	159.6	1e+12
1211	metal1	712.07	159.6	10181	metal4	712.07	159.6	1e+12
1212	metal1	768.07	159.6	10182	metal4	768.07	159.6	1e+12
1213	metal1	824.07	159.6	10183	metal4	824.07	159.6	1e+12
1214	metal1	880.07	159.6	10184	metal4	880.07	159.6	1e+12
1215	metal1	936.07	159.6	10185	metal4	936.07	159.6	1e+12
1216	metal1	992.07	159.6	10186	metal4	992.07	159.6	1e+12
1217	metal1	1048.07	159.6	10187	metal4	1048.07	159.6	1e+12
1218	metal1	1086.21	159.6	10188	metal4	1086.21	159.6	1e+12
1219	metal1	14.095	162.4	10189	metal4	14.095	162.4	1e+12
1220	metal1	40.07	162.4	10190	metal4	40.07	162.4	1e+12
1221	metal1	96.07	162.4	10191	metal4	96.07	162.4	1e+12
1222	metal1	108.455	162.4	10192	metal4	108.455	162.4	1e+12
1223	metal1	109.295	162.4	10193	metal4	109.295	162.4	1e+12
1224	metal1	152.07	162.4	10194	metal4	152.07	162.4	1e+12
1225	metal1	208.07	162.4	10195	metal4	208.07	162.4	1e+12
1226	metal1	264.07	162.4	10196	metal4	264.07	162.4	1e+12
1227	metal1	320.07	162.4	10197	metal4	320.07	162.4	1e+12
1228	metal1	376.07	162.4	10198	metal4	376.07	162.4	1e+12
1229	metal1	432.07	162.4	10199	metal4	432.07	162.4	1e+12
1230	metal1	488.07	162.4	10200	metal4	488.07	162.4	1e+12
1231	metal1	544.07	162.4	10201	metal4	544.07	162.4	1e+12
1232	metal1	600.07	162.4	10202	metal4	600.07	162.4	1e+12
1233	metal1	656.07	162.4	10203	metal4	656.07	162.4	1e+12
1234	metal1	712.07	162.4	10204	metal4	712.07	162.4	1e+12
1235	metal1	768.07	162.4	10205	metal4	768.07	162.4	1e+12
1236	metal1	824.07	162.4	10206	metal4	824.07	162.4	1e+12
1237	metal1	880.07	162.4	10207	metal4	880.07	162.4	1e+12
1238	metal1	936.07	162.4	10208	metal4	936.07	162.4	1e+12
1239	metal1	992.07	162.4	10209	metal4	992.07	162.4	1e+12
1240	metal1	1048.07	162.4	10210	metal4	1048.07	162.4	1e+12
1241	metal1	1086.21	162.4	10211	metal4	1086.21	162.4	1e+12
1242	metal1	14.095	165.2	10212	metal4	14.095	165.2	1e+12
1243	metal1	40.07	165.2	10213	metal4	40.07	165.2	1e+12
1244	metal1	96.07	165.2	10214	metal4	96.07	165.2	1e+12
1245	metal1	108.455	165.2	10215	metal4	108.455	165.2	1e+12
1246	metal1	109.295	165.2	10216	metal4	109.295	165.2	1e+12
1247	metal1	152.07	165.2	10217	metal4	152.07	165.2	1e+12
1248	metal1	208.07	165.2	10218	metal4	208.07	165.2	1e+12
1249	metal1	264.07	165.2	10219	metal4	264.07	165.2	1e+12
1250	metal1	320.07	165.2	10220	metal4	320.07	165.2	1e+12
1251	metal1	376.07	165.2	10221	metal4	376.07	165.2	1e+12
1252	metal1	432.07	165.2	10222	metal4	432.07	165.2	1e+12
1253	metal1	488.07	165.2	10223	metal4	488.07	165.2	1e+12
1254	metal1	544.07	165.2	10224	metal4	544.07	165.2	1e+12
1255	metal1	600.07	165.2	10225	metal4	600.07	165.2	1e+12
1256	metal1	656.07	165.2	10226	metal4	656.07	165.2	1e+12
1257	metal1	712.07	165.2	10227	metal4	712.07	165.2	1e+12
1258	metal1	768.07	165.2	10228	metal4	768.07	165.2	1e+12
1259	metal1	824.07	165.2	10229	metal4	824.07	165.2	1e+12
1260	metal1	880.07	165.2	10230	metal4	880.07	165.2	1e+12
1261	metal1	936.07	165.2	10231	metal4	936.07	165.2	1e+12
1262	metal1	992.07	165.2	10232	metal4	992.07	165.2	1e+12
1263	metal1	1048.07	165.2	10233	metal4	1048.07	165.2	1e+12
1264	metal1	1086.21	165.2	10234	metal4	1086.21	165.2	1e+12
1265	metal1	14.095	168	10235	metal4	14.095	168	1e+12
1266	metal1	40.07	168	10236	metal4	40.07	168	1e+12
1267	metal1	96.07	168	10237	metal4	96.07	168	1e+12
1268	metal1	108.455	168	10238	metal4	108.455	168	1e+12
1269	metal1	109.295	168	10239	metal4	109.295	168	1e+12
1270	metal1	152.07	168	10240	metal4	152.07	168	1e+12
1271	metal1	208.07	168	10241	metal4	208.07	168	1e+12
1272	metal1	264.07	168	10242	metal4	264.07	168	1e+12
1273	metal1	320.07	168	10243	metal4	320.07	168	1e+12
1274	metal1	376.07	168	10244	metal4	376.07	168	1e+12
1275	metal1	432.07	168	10245	metal4	432.07	168	1e+12
1276	metal1	488.07	168	10246	metal4	488.07	168	1e+12
1277	metal1	544.07	168	10247	metal4	544.07	168	1e+12
1278	metal1	600.07	168	10248	metal4	600.07	168	1e+12
1279	metal1	656.07	168	10249	metal4	656.07	168	1e+12
1280	metal1	712.07	168	10250	metal4	712.07	168	1e+12
1281	metal1	768.07	168	10251	metal4	768.07	168	1e+12
1282	metal1	824.07	168	10252	metal4	824.07	168	1e+12
1283	metal1	880.07	168	10253	metal4	880.07	168	1e+12
1284	metal1	936.07	168	10254	metal4	936.07	168	1e+12
1285	metal1	992.07	168	10255	metal4	992.07	168	1e+12
1286	metal1	1048.07	168	10256	metal4	1048.07	168	1e+12
1287	metal1	1086.21	168	10257	metal4	1086.21	168	1e+12
1288	metal1	14.095	170.8	10258	metal4	14.095	170.8	1e+12
1289	metal1	40.07	170.8	10259	metal4	40.07	170.8	1e+12
1290	metal1	96.07	170.8	10260	metal4	96.07	170.8	1e+12
1291	metal1	108.455	170.8	10261	metal4	108.455	170.8	1e+12
1292	metal1	109.295	170.8	10262	metal4	109.295	170.8	1e+12
1293	metal1	152.07	170.8	10263	metal4	152.07	170.8	1e+12
1294	metal1	208.07	170.8	10264	metal4	208.07	170.8	1e+12
1295	metal1	264.07	170.8	10265	metal4	264.07	170.8	1e+12
1296	metal1	320.07	170.8	10266	metal4	320.07	170.8	1e+12
1297	metal1	376.07	170.8	10267	metal4	376.07	170.8	1e+12
1298	metal1	432.07	170.8	10268	metal4	432.07	170.8	1e+12
1299	metal1	488.07	170.8	10269	metal4	488.07	170.8	1e+12
1300	metal1	544.07	170.8	10270	metal4	544.07	170.8	1e+12
1301	metal1	600.07	170.8	10271	metal4	600.07	170.8	1e+12
1302	metal1	656.07	170.8	10272	metal4	656.07	170.8	1e+12
1303	metal1	712.07	170.8	10273	metal4	712.07	170.8	1e+12
1304	metal1	768.07	170.8	10274	metal4	768.07	170.8	1e+12
1305	metal1	824.07	170.8	10275	metal4	824.07	170.8	1e+12
1306	metal1	880.07	170.8	10276	metal4	880.07	170.8	1e+12
1307	metal1	936.07	170.8	10277	metal4	936.07	170.8	1e+12
1308	metal1	992.07	170.8	10278	metal4	992.07	170.8	1e+12
1309	metal1	1048.07	170.8	10279	metal4	1048.07	170.8	1e+12
1310	metal1	1086.21	170.8	10280	metal4	1086.21	170.8	1e+12
1311	metal1	14.095	173.6	10281	metal4	14.095	173.6	1e+12
1312	metal1	40.07	173.6	10282	metal4	40.07	173.6	1e+12
1313	metal1	96.07	173.6	10283	metal4	96.07	173.6	1e+12
1314	metal1	108.455	173.6	10284	metal4	108.455	173.6	1e+12
1315	metal1	109.295	173.6	10285	metal4	109.295	173.6	1e+12
1316	metal1	152.07	173.6	10286	metal4	152.07	173.6	1e+12
1317	metal1	208.07	173.6	10287	metal4	208.07	173.6	1e+12
1318	metal1	264.07	173.6	10288	metal4	264.07	173.6	1e+12
1319	metal1	320.07	173.6	10289	metal4	320.07	173.6	1e+12
1320	metal1	376.07	173.6	10290	metal4	376.07	173.6	1e+12
1321	metal1	432.07	173.6	10291	metal4	432.07	173.6	1e+12
1322	metal1	488.07	173.6	10292	metal4	488.07	173.6	1e+12
1323	metal1	544.07	173.6	10293	metal4	544.07	173.6	1e+12
1324	metal1	600.07	173.6	10294	metal4	600.07	173.6	1e+12
1325	metal1	656.07	173.6	10295	metal4	656.07	173.6	1e+12
1326	metal1	712.07	173.6	10296	metal4	712.07	173.6	1e+12
1327	metal1	768.07	173.6	10297	metal4	768.07	173.6	1e+12
1328	metal1	824.07	173.6	10298	metal4	824.07	173.6	1e+12
1329	metal1	880.07	173.6	10299	metal4	880.07	173.6	1e+12
1330	metal1	936.07	173.6	10300	metal4	936.07	173.6	1e+12
1331	metal1	992.07	173.6	10301	metal4	992.07	173.6	1e+12
1332	metal1	1048.07	173.6	10302	metal4	1048.07	173.6	1e+12
1333	metal1	1086.21	173.6	10303	metal4	1086.21	173.6	1e+12
1334	metal1	14.095	176.4	10304	metal4	14.095	176.4	1e+12
1335	metal1	40.07	176.4	10305	metal4	40.07	176.4	1e+12
1336	metal1	96.07	176.4	10306	metal4	96.07	176.4	1e+12
1337	metal1	108.455	176.4	10307	metal4	108.455	176.4	1e+12
1338	metal1	109.295	176.4	10308	metal4	109.295	176.4	1e+12
1339	metal1	152.07	176.4	10309	metal4	152.07	176.4	1e+12
1340	metal1	208.07	176.4	10310	metal4	208.07	176.4	1e+12
1341	metal1	264.07	176.4	10311	metal4	264.07	176.4	1e+12
1342	metal1	320.07	176.4	10312	metal4	320.07	176.4	1e+12
1343	metal1	376.07	176.4	10313	metal4	376.07	176.4	1e+12
1344	metal1	432.07	176.4	10314	metal4	432.07	176.4	1e+12
1345	metal1	488.07	176.4	10315	metal4	488.07	176.4	1e+12
1346	metal1	544.07	176.4	10316	metal4	544.07	176.4	1e+12
1347	metal1	600.07	176.4	10317	metal4	600.07	176.4	1e+12
1348	metal1	656.07	176.4	10318	metal4	656.07	176.4	1e+12
1349	metal1	712.07	176.4	10319	metal4	712.07	176.4	1e+12
1350	metal1	768.07	176.4	10320	metal4	768.07	176.4	1e+12
1351	metal1	824.07	176.4	10321	metal4	824.07	176.4	1e+12
1352	metal1	880.07	176.4	10322	metal4	880.07	176.4	1e+12
1353	metal1	936.07	176.4	10323	metal4	936.07	176.4	1e+12
1354	metal1	992.07	176.4	10324	metal4	992.07	176.4	1e+12
1355	metal1	1048.07	176.4	10325	metal4	1048.07	176.4	1e+12
1356	metal1	1086.21	176.4	10326	metal4	1086.21	176.4	1e+12
1357	metal1	14.095	179.2	10327	metal4	14.095	179.2	1e+12
1358	metal1	40.07	179.2	10328	metal4	40.07	179.2	1e+12
1359	metal1	96.07	179.2	10329	metal4	96.07	179.2	1e+12
1360	metal1	108.455	179.2	10330	metal4	108.455	179.2	1e+12
1361	metal1	109.295	179.2	10331	metal4	109.295	179.2	1e+12
1362	metal1	152.07	179.2	10332	metal4	152.07	179.2	1e+12
1363	metal1	208.07	179.2	10333	metal4	208.07	179.2	1e+12
1364	metal1	264.07	179.2	10334	metal4	264.07	179.2	1e+12
1365	metal1	320.07	179.2	10335	metal4	320.07	179.2	1e+12
1366	metal1	376.07	179.2	10336	metal4	376.07	179.2	1e+12
1367	metal1	432.07	179.2	10337	metal4	432.07	179.2	1e+12
1368	metal1	488.07	179.2	10338	metal4	488.07	179.2	1e+12
1369	metal1	544.07	179.2	10339	metal4	544.07	179.2	1e+12
1370	metal1	600.07	179.2	10340	metal4	600.07	179.2	1e+12
1371	metal1	656.07	179.2	10341	metal4	656.07	179.2	1e+12
1372	metal1	712.07	179.2	10342	metal4	712.07	179.2	1e+12
1373	metal1	768.07	179.2	10343	metal4	768.07	179.2	1e+12
1374	metal1	824.07	179.2	10344	metal4	824.07	179.2	1e+12
1375	metal1	880.07	179.2	10345	metal4	880.07	179.2	1e+12
1376	metal1	936.07	179.2	10346	metal4	936.07	179.2	1e+12
1377	metal1	992.07	179.2	10347	metal4	992.07	179.2	1e+12
1378	metal1	1048.07	179.2	10348	metal4	1048.07	179.2	1e+12
1379	metal1	1086.21	179.2	10349	metal4	1086.21	179.2	1e+12
1380	metal1	14.095	182	10373	metal4	14.095	182	1e+12
1381	metal1	40.07	182	10374	metal4	40.07	182	1e+12
1382	metal1	96.07	182	10375	metal4	96.07	182	1e+12
1383	metal1	108.455	182	10376	metal4	108.455	182	1e+12
1384	metal1	109.295	182	10377	metal4	109.295	182	1e+12
1385	metal1	152.07	182	10378	metal4	152.07	182	1e+12
1386	metal1	208.07	182	10379	metal4	208.07	182	1e+12
1387	metal1	264.07	182	10380	metal4	264.07	182	1e+12
1388	metal1	320.07	182	10381	metal4	320.07	182	1e+12
1389	metal1	376.07	182	10382	metal4	376.07	182	1e+12
1390	metal1	432.07	182	10383	metal4	432.07	182	1e+12
1391	metal1	488.07	182	10384	metal4	488.07	182	1e+12
1392	metal1	544.07	182	10385	metal4	544.07	182	1e+12
1393	metal1	600.07	182	10386	metal4	600.07	182	1e+12
1394	metal1	656.07	182	10387	metal4	656.07	182	1e+12
1395	metal1	712.07	182	10388	metal4	712.07	182	1e+12
1396	metal1	768.07	182	10389	metal4	768.07	182	1e+12
1397	metal1	824.07	182	10390	metal4	824.07	182	1e+12
1398	metal1	880.07	182	10391	metal4	880.07	182	1e+12
1399	metal1	936.07	182	10392	metal4	936.07	182	1e+12
1400	metal1	992.07	182	10393	metal4	992.07	182	1e+12
1401	metal1	1048.07	182	10394	metal4	1048.07	182	1e+12
1402	metal1	1086.21	182	10395	metal4	1086.21	182	1e+12
1403	metal1	14.095	184.8	10396	metal4	14.095	184.8	1e+12
1404	metal1	40.07	184.8	10397	metal4	40.07	184.8	1e+12
1405	metal1	96.07	184.8	10398	metal4	96.07	184.8	1e+12
1406	metal1	108.455	184.8	10399	metal4	108.455	184.8	1e+12
1407	metal1	109.295	184.8	10400	metal4	109.295	184.8	1e+12
1408	metal1	152.07	184.8	10401	metal4	152.07	184.8	1e+12
1409	metal1	208.07	184.8	10402	metal4	208.07	184.8	1e+12
1410	metal1	264.07	184.8	10403	metal4	264.07	184.8	1e+12
1411	metal1	320.07	184.8	10404	metal4	320.07	184.8	1e+12
1412	metal1	376.07	184.8	10405	metal4	376.07	184.8	1e+12
1413	metal1	432.07	184.8	10406	metal4	432.07	184.8	1e+12
1414	metal1	488.07	184.8	10407	metal4	488.07	184.8	1e+12
1415	metal1	544.07	184.8	10408	metal4	544.07	184.8	1e+12
1416	metal1	600.07	184.8	10409	metal4	600.07	184.8	1e+12
1417	metal1	656.07	184.8	10410	metal4	656.07	184.8	1e+12
1418	metal1	712.07	184.8	10411	metal4	712.07	184.8	1e+12
1419	metal1	768.07	184.8	10412	metal4	768.07	184.8	1e+12
1420	metal1	824.07	184.8	10413	metal4	824.07	184.8	1e+12
1421	metal1	880.07	184.8	10414	metal4	880.07	184.8	1e+12
1422	metal1	936.07	184.8	10415	metal4	936.07	184.8	1e+12
1423	metal1	992.07	184.8	10416	metal4	992.07	184.8	1e+12
1424	metal1	1048.07	184.8	10417	metal4	1048.07	184.8	1e+12
1425	metal1	1086.21	184.8	10418	metal4	1086.21	184.8	1e+12
1426	metal1	14.095	187.6	10419	metal4	14.095	187.6	1e+12
1427	metal1	40.07	187.6	10420	metal4	40.07	187.6	1e+12
1428	metal1	96.07	187.6	10421	metal4	96.07	187.6	1e+12
1429	metal1	108.455	187.6	10422	metal4	108.455	187.6	1e+12
1430	metal1	109.295	187.6	10423	metal4	109.295	187.6	1e+12
1431	metal1	152.07	187.6	10424	metal4	152.07	187.6	1e+12
1432	metal1	208.07	187.6	10425	metal4	208.07	187.6	1e+12
1433	metal1	264.07	187.6	10426	metal4	264.07	187.6	1e+12
1434	metal1	320.07	187.6	10427	metal4	320.07	187.6	1e+12
1435	metal1	376.07	187.6	10428	metal4	376.07	187.6	1e+12
1436	metal1	432.07	187.6	10429	metal4	432.07	187.6	1e+12
1437	metal1	488.07	187.6	10430	metal4	488.07	187.6	1e+12
1438	metal1	544.07	187.6	10431	metal4	544.07	187.6	1e+12
1439	metal1	600.07	187.6	10432	metal4	600.07	187.6	1e+12
1440	metal1	656.07	187.6	10433	metal4	656.07	187.6	1e+12
1441	metal1	712.07	187.6	10434	metal4	712.07	187.6	1e+12
1442	metal1	768.07	187.6	10435	metal4	768.07	187.6	1e+12
1443	metal1	824.07	187.6	10436	metal4	824.07	187.6	1e+12
1444	metal1	880.07	187.6	10437	metal4	880.07	187.6	1e+12
1445	metal1	936.07	187.6	10438	metal4	936.07	187.6	1e+12
1446	metal1	992.07	187.6	10439	metal4	992.07	187.6	1e+12
1447	metal1	1048.07	187.6	10440	metal4	1048.07	187.6	1e+12
1448	metal1	1086.21	187.6	10441	metal4	1086.21	187.6	1e+12
1449	metal1	14.095	190.4	10442	metal4	14.095	190.4	1e+12
1450	metal1	40.07	190.4	10443	metal4	40.07	190.4	1e+12
1451	metal1	96.07	190.4	10444	metal4	96.07	190.4	1e+12
1452	metal1	108.455	190.4	10445	metal4	108.455	190.4	1e+12
1453	metal1	109.295	190.4	10446	metal4	109.295	190.4	1e+12
1454	metal1	152.07	190.4	10447	metal4	152.07	190.4	1e+12
1455	metal1	208.07	190.4	10448	metal4	208.07	190.4	1e+12
1456	metal1	264.07	190.4	10449	metal4	264.07	190.4	1e+12
1457	metal1	320.07	190.4	10450	metal4	320.07	190.4	1e+12
1458	metal1	376.07	190.4	10451	metal4	376.07	190.4	1e+12
1459	metal1	432.07	190.4	10452	metal4	432.07	190.4	1e+12
1460	metal1	488.07	190.4	10453	metal4	488.07	190.4	1e+12
1461	metal1	544.07	190.4	10454	metal4	544.07	190.4	1e+12
1462	metal1	600.07	190.4	10455	metal4	600.07	190.4	1e+12
1463	metal1	656.07	190.4	10456	metal4	656.07	190.4	1e+12
1464	metal1	712.07	190.4	10457	metal4	712.07	190.4	1e+12
1465	metal1	768.07	190.4	10458	metal4	768.07	190.4	1e+12
1466	metal1	824.07	190.4	10459	metal4	824.07	190.4	1e+12
1467	metal1	880.07	190.4	10460	metal4	880.07	190.4	1e+12
1468	metal1	936.07	190.4	10461	metal4	936.07	190.4	1e+12
1469	metal1	992.07	190.4	10462	metal4	992.07	190.4	1e+12
1470	metal1	1048.07	190.4	10463	metal4	1048.07	190.4	1e+12
1471	metal1	1086.21	190.4	10464	metal4	1086.21	190.4	1e+12
1472	metal1	14.095	193.2	10465	metal4	14.095	193.2	1e+12
1473	metal1	40.07	193.2	10466	metal4	40.07	193.2	1e+12
1474	metal1	96.07	193.2	10467	metal4	96.07	193.2	1e+12
1475	metal1	108.455	193.2	10468	metal4	108.455	193.2	1e+12
1476	metal1	109.295	193.2	10469	metal4	109.295	193.2	1e+12
1477	metal1	152.07	193.2	10470	metal4	152.07	193.2	1e+12
1478	metal1	208.07	193.2	10471	metal4	208.07	193.2	1e+12
1479	metal1	264.07	193.2	10472	metal4	264.07	193.2	1e+12
1480	metal1	320.07	193.2	10473	metal4	320.07	193.2	1e+12
1481	metal1	376.07	193.2	10474	metal4	376.07	193.2	1e+12
1482	metal1	432.07	193.2	10475	metal4	432.07	193.2	1e+12
1483	metal1	488.07	193.2	10476	metal4	488.07	193.2	1e+12
1484	metal1	544.07	193.2	10477	metal4	544.07	193.2	1e+12
1485	metal1	600.07	193.2	10478	metal4	600.07	193.2	1e+12
1486	metal1	656.07	193.2	10479	metal4	656.07	193.2	1e+12
1487	metal1	712.07	193.2	10480	metal4	712.07	193.2	1e+12
1488	metal1	768.07	193.2	10481	metal4	768.07	193.2	1e+12
1489	metal1	824.07	193.2	10482	metal4	824.07	193.2	1e+12
1490	metal1	880.07	193.2	10483	metal4	880.07	193.2	1e+12
1491	metal1	936.07	193.2	10484	metal4	936.07	193.2	1e+12
1492	metal1	992.07	193.2	10485	metal4	992.07	193.2	1e+12
1493	metal1	1048.07	193.2	10486	metal4	1048.07	193.2	1e+12
1494	metal1	1086.21	193.2	10487	metal4	1086.21	193.2	1e+12
1495	metal1	14.095	196	10488	metal4	14.095	196	1e+12
1496	metal1	40.07	196	10489	metal4	40.07	196	1e+12
1497	metal1	96.07	196	10490	metal4	96.07	196	1e+12
1498	metal1	108.455	196	10491	metal4	108.455	196	1e+12
1499	metal1	109.295	196	10492	metal4	109.295	196	1e+12
1500	metal1	152.07	196	10493	metal4	152.07	196	1e+12
1501	metal1	208.07	196	10494	metal4	208.07	196	1e+12
1502	metal1	264.07	196	10495	metal4	264.07	196	1e+12
1503	metal1	320.07	196	10496	metal4	320.07	196	1e+12
1504	metal1	376.07	196	10497	metal4	376.07	196	1e+12
1505	metal1	432.07	196	10498	metal4	432.07	196	1e+12
1506	metal1	488.07	196	10499	metal4	488.07	196	1e+12
1507	metal1	544.07	196	10500	metal4	544.07	196	1e+12
1508	metal1	600.07	196	10501	metal4	600.07	196	1e+12
1509	metal1	656.07	196	10502	metal4	656.07	196	1e+12
1510	metal1	712.07	196	10503	metal4	712.07	196	1e+12
1511	metal1	768.07	196	10504	metal4	768.07	196	1e+12
1512	metal1	824.07	196	10505	metal4	824.07	196	1e+12
1513	metal1	880.07	196	10506	metal4	880.07	196	1e+12
1514	metal1	936.07	196	10507	metal4	936.07	196	1e+12
1515	metal1	992.07	196	10508	metal4	992.07	196	1e+12
1516	metal1	1048.07	196	10509	metal4	1048.07	196	1e+12
1517	metal1	1086.21	196	10510	metal4	1086.21	196	1e+12
1518	metal1	14.095	198.8	10511	metal4	14.095	198.8	1e+12
1519	metal1	40.07	198.8	10512	metal4	40.07	198.8	1e+12
1520	metal1	96.07	198.8	10513	metal4	96.07	198.8	1e+12
1521	metal1	108.455	198.8	10514	metal4	108.455	198.8	1e+12
1522	metal1	109.295	198.8	10515	metal4	109.295	198.8	1e+12
1523	metal1	152.07	198.8	10516	metal4	152.07	198.8	1e+12
1524	metal1	208.07	198.8	10517	metal4	208.07	198.8	1e+12
1525	metal1	264.07	198.8	10518	metal4	264.07	198.8	1e+12
1526	metal1	320.07	198.8	10519	metal4	320.07	198.8	1e+12
1527	metal1	376.07	198.8	10520	metal4	376.07	198.8	1e+12
1528	metal1	432.07	198.8	10521	metal4	432.07	198.8	1e+12
1529	metal1	488.07	198.8	10522	metal4	488.07	198.8	1e+12
1530	metal1	544.07	198.8	10523	metal4	544.07	198.8	1e+12
1531	metal1	600.07	198.8	10524	metal4	600.07	198.8	1e+12
1532	metal1	656.07	198.8	10525	metal4	656.07	198.8	1e+12
1533	metal1	712.07	198.8	10526	metal4	712.07	198.8	1e+12
1534	metal1	768.07	198.8	10527	metal4	768.07	198.8	1e+12
1535	metal1	824.07	198.8	10528	metal4	824.07	198.8	1e+12
1536	metal1	880.07	198.8	10529	metal4	880.07	198.8	1e+12
1537	metal1	936.07	198.8	10530	metal4	936.07	198.8	1e+12
1538	metal1	992.07	198.8	10531	metal4	992.07	198.8	1e+12
1539	metal1	1048.07	198.8	10532	metal4	1048.07	198.8	1e+12
1540	metal1	1086.21	198.8	10533	metal4	1086.21	198.8	1e+12
1541	metal1	14.095	201.6	10534	metal4	14.095	201.6	1e+12
1542	metal1	40.07	201.6	10535	metal4	40.07	201.6	1e+12
1543	metal1	96.07	201.6	10536	metal4	96.07	201.6	1e+12
1544	metal1	108.455	201.6	10537	metal4	108.455	201.6	1e+12
1545	metal1	109.295	201.6	10538	metal4	109.295	201.6	1e+12
1546	metal1	152.07	201.6	10539	metal4	152.07	201.6	1e+12
1547	metal1	208.07	201.6	10540	metal4	208.07	201.6	1e+12
1548	metal1	264.07	201.6	10541	metal4	264.07	201.6	1e+12
1549	metal1	320.07	201.6	10542	metal4	320.07	201.6	1e+12
1550	metal1	376.07	201.6	10543	metal4	376.07	201.6	1e+12
1551	metal1	432.07	201.6	10544	metal4	432.07	201.6	1e+12
1552	metal1	488.07	201.6	10545	metal4	488.07	201.6	1e+12
1553	metal1	544.07	201.6	10546	metal4	544.07	201.6	1e+12
1554	metal1	600.07	201.6	10547	metal4	600.07	201.6	1e+12
1555	metal1	656.07	201.6	10548	metal4	656.07	201.6	1e+12
1556	metal1	712.07	201.6	10549	metal4	712.07	201.6	1e+12
1557	metal1	768.07	201.6	10550	metal4	768.07	201.6	1e+12
1558	metal1	824.07	201.6	10551	metal4	824.07	201.6	1e+12
1559	metal1	880.07	201.6	10552	metal4	880.07	201.6	1e+12
1560	metal1	936.07	201.6	10553	metal4	936.07	201.6	1e+12
1561	metal1	992.07	201.6	10554	metal4	992.07	201.6	1e+12
1562	metal1	1048.07	201.6	10555	metal4	1048.07	201.6	1e+12
1563	metal1	1086.21	201.6	10556	metal4	1086.21	201.6	1e+12
1564	metal1	14.095	204.4	10557	metal4	14.095	204.4	1e+12
1565	metal1	40.07	204.4	10558	metal4	40.07	204.4	1e+12
1566	metal1	96.07	204.4	10559	metal4	96.07	204.4	1e+12
1567	metal1	108.455	204.4	10560	metal4	108.455	204.4	1e+12
1568	metal1	109.295	204.4	10561	metal4	109.295	204.4	1e+12
1569	metal1	152.07	204.4	10562	metal4	152.07	204.4	1e+12
1570	metal1	208.07	204.4	10563	metal4	208.07	204.4	1e+12
1571	metal1	264.07	204.4	10564	metal4	264.07	204.4	1e+12
1572	metal1	320.07	204.4	10565	metal4	320.07	204.4	1e+12
1573	metal1	376.07	204.4	10566	metal4	376.07	204.4	1e+12
1574	metal1	432.07	204.4	10567	metal4	432.07	204.4	1e+12
1575	metal1	488.07	204.4	10568	metal4	488.07	204.4	1e+12
1576	metal1	544.07	204.4	10569	metal4	544.07	204.4	1e+12
1577	metal1	600.07	204.4	10570	metal4	600.07	204.4	1e+12
1578	metal1	656.07	204.4	10571	metal4	656.07	204.4	1e+12
1579	metal1	712.07	204.4	10572	metal4	712.07	204.4	1e+12
1580	metal1	768.07	204.4	10573	metal4	768.07	204.4	1e+12
1581	metal1	824.07	204.4	10574	metal4	824.07	204.4	1e+12
1582	metal1	880.07	204.4	10575	metal4	880.07	204.4	1e+12
1583	metal1	936.07	204.4	10576	metal4	936.07	204.4	1e+12
1584	metal1	992.07	204.4	10577	metal4	992.07	204.4	1e+12
1585	metal1	1048.07	204.4	10578	metal4	1048.07	204.4	1e+12
1586	metal1	1086.21	204.4	10579	metal4	1086.21	204.4	1e+12
1587	metal1	14.095	207.2	10580	metal4	14.095	207.2	1e+12
1588	metal1	40.07	207.2	10581	metal4	40.07	207.2	1e+12
1589	metal1	96.07	207.2	10582	metal4	96.07	207.2	1e+12
1590	metal1	108.455	207.2	10583	metal4	108.455	207.2	1e+12
1591	metal1	109.295	207.2	10584	metal4	109.295	207.2	1e+12
1592	metal1	152.07	207.2	10585	metal4	152.07	207.2	1e+12
1593	metal1	208.07	207.2	10586	metal4	208.07	207.2	1e+12
1594	metal1	264.07	207.2	10587	metal4	264.07	207.2	1e+12
1595	metal1	320.07	207.2	10588	metal4	320.07	207.2	1e+12
1596	metal1	376.07	207.2	10589	metal4	376.07	207.2	1e+12
1597	metal1	432.07	207.2	10590	metal4	432.07	207.2	1e+12
1598	metal1	488.07	207.2	10591	metal4	488.07	207.2	1e+12
1599	metal1	544.07	207.2	10592	metal4	544.07	207.2	1e+12
1600	metal1	600.07	207.2	10593	metal4	600.07	207.2	1e+12
1601	metal1	656.07	207.2	10594	metal4	656.07	207.2	1e+12
1602	metal1	712.07	207.2	10595	metal4	712.07	207.2	1e+12
1603	metal1	768.07	207.2	10596	metal4	768.07	207.2	1e+12
1604	metal1	824.07	207.2	10597	metal4	824.07	207.2	1e+12
1605	metal1	880.07	207.2	10598	metal4	880.07	207.2	1e+12
1606	metal1	936.07	207.2	10599	metal4	936.07	207.2	1e+12
1607	metal1	992.07	207.2	10600	metal4	992.07	207.2	1e+12
1608	metal1	1048.07	207.2	10601	metal4	1048.07	207.2	1e+12
1609	metal1	1086.21	207.2	10602	metal4	1086.21	207.2	1e+12
1610	metal1	14.095	210	10626	metal4	14.095	210	1e+12
1611	metal1	40.07	210	10627	metal4	40.07	210	1e+12
1612	metal1	96.07	210	10628	metal4	96.07	210	1e+12
1613	metal1	108.455	210	10629	metal4	108.455	210	1e+12
1614	metal1	109.295	210	10630	metal4	109.295	210	1e+12
1615	metal1	152.07	210	10631	metal4	152.07	210	1e+12
1616	metal1	208.07	210	10632	metal4	208.07	210	1e+12
1617	metal1	264.07	210	10633	metal4	264.07	210	1e+12
1618	metal1	320.07	210	10634	metal4	320.07	210	1e+12
1619	metal1	376.07	210	10635	metal4	376.07	210	1e+12
1620	metal1	432.07	210	10636	metal4	432.07	210	1e+12
1621	metal1	488.07	210	10637	metal4	488.07	210	1e+12
1622	metal1	544.07	210	10638	metal4	544.07	210	1e+12
1623	metal1	600.07	210	10639	metal4	600.07	210	1e+12
1624	metal1	656.07	210	10640	metal4	656.07	210	1e+12
1625	metal1	712.07	210	10641	metal4	712.07	210	1e+12
1626	metal1	768.07	210	10642	metal4	768.07	210	1e+12
1627	metal1	824.07	210	10643	metal4	824.07	210	1e+12
1628	metal1	880.07	210	10644	metal4	880.07	210	1e+12
1629	metal1	936.07	210	10645	metal4	936.07	210	1e+12
1630	metal1	992.07	210	10646	metal4	992.07	210	1e+12
1631	metal1	1048.07	210	10647	metal4	1048.07	210	1e+12
1632	metal1	1086.21	210	10648	metal4	1086.21	210	1e+12
1633	metal1	14.095	212.8	10649	metal4	14.095	212.8	1e+12
1634	metal1	40.07	212.8	10650	metal4	40.07	212.8	1e+12
1635	metal1	96.07	212.8	10651	metal4	96.07	212.8	1e+12
1636	metal1	108.455	212.8	10652	metal4	108.455	212.8	1e+12
1637	metal1	109.295	212.8	10653	metal4	109.295	212.8	1e+12
1638	metal1	152.07	212.8	10654	metal4	152.07	212.8	1e+12
1639	metal1	208.07	212.8	10655	metal4	208.07	212.8	1e+12
1640	metal1	264.07	212.8	10656	metal4	264.07	212.8	1e+12
1641	metal1	320.07	212.8	10657	metal4	320.07	212.8	1e+12
1642	metal1	376.07	212.8	10658	metal4	376.07	212.8	1e+12
1643	metal1	432.07	212.8	10659	metal4	432.07	212.8	1e+12
1644	metal1	488.07	212.8	10660	metal4	488.07	212.8	1e+12
1645	metal1	544.07	212.8	10661	metal4	544.07	212.8	1e+12
1646	metal1	600.07	212.8	10662	metal4	600.07	212.8	1e+12
1647	metal1	656.07	212.8	10663	metal4	656.07	212.8	1e+12
1648	metal1	712.07	212.8	10664	metal4	712.07	212.8	1e+12
1649	metal1	768.07	212.8	10665	metal4	768.07	212.8	1e+12
1650	metal1	824.07	212.8	10666	metal4	824.07	212.8	1e+12
1651	metal1	880.07	212.8	10667	metal4	880.07	212.8	1e+12
1652	metal1	936.07	212.8	10668	metal4	936.07	212.8	1e+12
1653	metal1	992.07	212.8	10669	metal4	992.07	212.8	1e+12
1654	metal1	1048.07	212.8	10670	metal4	1048.07	212.8	1e+12
1655	metal1	1086.21	212.8	10671	metal4	1086.21	212.8	1e+12
1656	metal1	14.095	215.6	10672	metal4	14.095	215.6	1e+12
1657	metal1	40.07	215.6	10673	metal4	40.07	215.6	1e+12
1658	metal1	96.07	215.6	10674	metal4	96.07	215.6	1e+12
1659	metal1	108.455	215.6	10675	metal4	108.455	215.6	1e+12
1660	metal1	109.295	215.6	10676	metal4	109.295	215.6	1e+12
1661	metal1	152.07	215.6	10677	metal4	152.07	215.6	1e+12
1662	metal1	208.07	215.6	10678	metal4	208.07	215.6	1e+12
1663	metal1	264.07	215.6	10679	metal4	264.07	215.6	1e+12
1664	metal1	320.07	215.6	10680	metal4	320.07	215.6	1e+12
1665	metal1	376.07	215.6	10681	metal4	376.07	215.6	1e+12
1666	metal1	432.07	215.6	10682	metal4	432.07	215.6	1e+12
1667	metal1	488.07	215.6	10683	metal4	488.07	215.6	1e+12
1668	metal1	544.07	215.6	10684	metal4	544.07	215.6	1e+12
1669	metal1	600.07	215.6	10685	metal4	600.07	215.6	1e+12
1670	metal1	656.07	215.6	10686	metal4	656.07	215.6	1e+12
1671	metal1	712.07	215.6	10687	metal4	712.07	215.6	1e+12
1672	metal1	768.07	215.6	10688	metal4	768.07	215.6	1e+12
1673	metal1	824.07	215.6	10689	metal4	824.07	215.6	1e+12
1674	metal1	880.07	215.6	10690	metal4	880.07	215.6	1e+12
1675	metal1	936.07	215.6	10691	metal4	936.07	215.6	1e+12
1676	metal1	992.07	215.6	10692	metal4	992.07	215.6	1e+12
1677	metal1	1048.07	215.6	10693	metal4	1048.07	215.6	1e+12
1678	metal1	1086.21	215.6	10694	metal4	1086.21	215.6	1e+12
1679	metal1	14.095	218.4	10695	metal4	14.095	218.4	1e+12
1680	metal1	40.07	218.4	10696	metal4	40.07	218.4	1e+12
1681	metal1	96.07	218.4	10697	metal4	96.07	218.4	1e+12
1682	metal1	108.455	218.4	10698	metal4	108.455	218.4	1e+12
1683	metal1	109.295	218.4	10699	metal4	109.295	218.4	1e+12
1684	metal1	152.07	218.4	10700	metal4	152.07	218.4	1e+12
1685	metal1	208.07	218.4	10701	metal4	208.07	218.4	1e+12
1686	metal1	264.07	218.4	10702	metal4	264.07	218.4	1e+12
1687	metal1	320.07	218.4	10703	metal4	320.07	218.4	1e+12
1688	metal1	376.07	218.4	10704	metal4	376.07	218.4	1e+12
1689	metal1	432.07	218.4	10705	metal4	432.07	218.4	1e+12
1690	metal1	488.07	218.4	10706	metal4	488.07	218.4	1e+12
1691	metal1	544.07	218.4	10707	metal4	544.07	218.4	1e+12
1692	metal1	600.07	218.4	10708	metal4	600.07	218.4	1e+12
1693	metal1	656.07	218.4	10709	metal4	656.07	218.4	1e+12
1694	metal1	712.07	218.4	10710	metal4	712.07	218.4	1e+12
1695	metal1	768.07	218.4	10711	metal4	768.07	218.4	1e+12
1696	metal1	824.07	218.4	10712	metal4	824.07	218.4	1e+12
1697	metal1	880.07	218.4	10713	metal4	880.07	218.4	1e+12
1698	metal1	936.07	218.4	10714	metal4	936.07	218.4	1e+12
1699	metal1	992.07	218.4	10715	metal4	992.07	218.4	1e+12
1700	metal1	1048.07	218.4	10716	metal4	1048.07	218.4	1e+12
1701	metal1	1086.21	218.4	10717	metal4	1086.21	218.4	1e+12
1702	metal1	14.095	221.2	10718	metal4	14.095	221.2	1e+12
1703	metal1	40.07	221.2	10719	metal4	40.07	221.2	1e+12
1704	metal1	96.07	221.2	10720	metal4	96.07	221.2	1e+12
1705	metal1	108.455	221.2	10721	metal4	108.455	221.2	1e+12
1706	metal1	109.295	221.2	10722	metal4	109.295	221.2	1e+12
1707	metal1	152.07	221.2	10723	metal4	152.07	221.2	1e+12
1708	metal1	208.07	221.2	10724	metal4	208.07	221.2	1e+12
1709	metal1	264.07	221.2	10725	metal4	264.07	221.2	1e+12
1710	metal1	320.07	221.2	10726	metal4	320.07	221.2	1e+12
1711	metal1	376.07	221.2	10727	metal4	376.07	221.2	1e+12
1712	metal1	432.07	221.2	10728	metal4	432.07	221.2	1e+12
1713	metal1	488.07	221.2	10729	metal4	488.07	221.2	1e+12
1714	metal1	544.07	221.2	10730	metal4	544.07	221.2	1e+12
1715	metal1	600.07	221.2	10731	metal4	600.07	221.2	1e+12
1716	metal1	656.07	221.2	10732	metal4	656.07	221.2	1e+12
1717	metal1	712.07	221.2	10733	metal4	712.07	221.2	1e+12
1718	metal1	768.07	221.2	10734	metal4	768.07	221.2	1e+12
1719	metal1	824.07	221.2	10735	metal4	824.07	221.2	1e+12
1720	metal1	880.07	221.2	10736	metal4	880.07	221.2	1e+12
1721	metal1	936.07	221.2	10737	metal4	936.07	221.2	1e+12
1722	metal1	992.07	221.2	10738	metal4	992.07	221.2	1e+12
1723	metal1	1048.07	221.2	10739	metal4	1048.07	221.2	1e+12
1724	metal1	1086.21	221.2	10740	metal4	1086.21	221.2	1e+12
1725	metal1	14.095	224	10741	metal4	14.095	224	1e+12
1726	metal1	40.07	224	10742	metal4	40.07	224	1e+12
1727	metal1	96.07	224	10743	metal4	96.07	224	1e+12
1728	metal1	108.455	224	10744	metal4	108.455	224	1e+12
1729	metal1	109.295	224	10745	metal4	109.295	224	1e+12
1730	metal1	152.07	224	10746	metal4	152.07	224	1e+12
1731	metal1	208.07	224	10747	metal4	208.07	224	1e+12
1732	metal1	264.07	224	10748	metal4	264.07	224	1e+12
1733	metal1	320.07	224	10749	metal4	320.07	224	1e+12
1734	metal1	376.07	224	10750	metal4	376.07	224	1e+12
1735	metal1	432.07	224	10751	metal4	432.07	224	1e+12
1736	metal1	488.07	224	10752	metal4	488.07	224	1e+12
1737	metal1	544.07	224	10753	metal4	544.07	224	1e+12
1738	metal1	600.07	224	10754	metal4	600.07	224	1e+12
1739	metal1	656.07	224	10755	metal4	656.07	224	1e+12
1740	metal1	712.07	224	10756	metal4	712.07	224	1e+12
1741	metal1	768.07	224	10757	metal4	768.07	224	1e+12
1742	metal1	824.07	224	10758	metal4	824.07	224	1e+12
1743	metal1	880.07	224	10759	metal4	880.07	224	1e+12
1744	metal1	936.07	224	10760	metal4	936.07	224	1e+12
1745	metal1	992.07	224	10761	metal4	992.07	224	1e+12
1746	metal1	1048.07	224	10762	metal4	1048.07	224	1e+12
1747	metal1	1086.21	224	10763	metal4	1086.21	224	1e+12
1748	metal1	14.095	226.8	10764	metal4	14.095	226.8	1e+12
1749	metal1	40.07	226.8	10765	metal4	40.07	226.8	1e+12
1750	metal1	96.07	226.8	10766	metal4	96.07	226.8	1e+12
1751	metal1	108.455	226.8	10767	metal4	108.455	226.8	1e+12
1752	metal1	109.295	226.8	10768	metal4	109.295	226.8	1e+12
1753	metal1	152.07	226.8	10769	metal4	152.07	226.8	1e+12
1754	metal1	208.07	226.8	10770	metal4	208.07	226.8	1e+12
1755	metal1	264.07	226.8	10771	metal4	264.07	226.8	1e+12
1756	metal1	320.07	226.8	10772	metal4	320.07	226.8	1e+12
1757	metal1	376.07	226.8	10773	metal4	376.07	226.8	1e+12
1758	metal1	432.07	226.8	10774	metal4	432.07	226.8	1e+12
1759	metal1	488.07	226.8	10775	metal4	488.07	226.8	1e+12
1760	metal1	544.07	226.8	10776	metal4	544.07	226.8	1e+12
1761	metal1	600.07	226.8	10777	metal4	600.07	226.8	1e+12
1762	metal1	656.07	226.8	10778	metal4	656.07	226.8	1e+12
1763	metal1	712.07	226.8	10779	metal4	712.07	226.8	1e+12
1764	metal1	768.07	226.8	10780	metal4	768.07	226.8	1e+12
1765	metal1	824.07	226.8	10781	metal4	824.07	226.8	1e+12
1766	metal1	880.07	226.8	10782	metal4	880.07	226.8	1e+12
1767	metal1	936.07	226.8	10783	metal4	936.07	226.8	1e+12
1768	metal1	992.07	226.8	10784	metal4	992.07	226.8	1e+12
1769	metal1	1048.07	226.8	10785	metal4	1048.07	226.8	1e+12
1770	metal1	1086.21	226.8	10786	metal4	1086.21	226.8	1e+12
1771	metal1	14.095	229.6	10787	metal4	14.095	229.6	1e+12
1772	metal1	40.07	229.6	10788	metal4	40.07	229.6	1e+12
1773	metal1	96.07	229.6	10789	metal4	96.07	229.6	1e+12
1774	metal1	108.455	229.6	10790	metal4	108.455	229.6	1e+12
1775	metal1	109.295	229.6	10791	metal4	109.295	229.6	1e+12
1776	metal1	152.07	229.6	10792	metal4	152.07	229.6	1e+12
1777	metal1	208.07	229.6	10793	metal4	208.07	229.6	1e+12
1778	metal1	264.07	229.6	10794	metal4	264.07	229.6	1e+12
1779	metal1	320.07	229.6	10795	metal4	320.07	229.6	1e+12
1780	metal1	376.07	229.6	10796	metal4	376.07	229.6	1e+12
1781	metal1	432.07	229.6	10797	metal4	432.07	229.6	1e+12
1782	metal1	488.07	229.6	10798	metal4	488.07	229.6	1e+12
1783	metal1	544.07	229.6	10799	metal4	544.07	229.6	1e+12
1784	metal1	600.07	229.6	10800	metal4	600.07	229.6	1e+12
1785	metal1	656.07	229.6	10801	metal4	656.07	229.6	1e+12
1786	metal1	712.07	229.6	10802	metal4	712.07	229.6	1e+12
1787	metal1	768.07	229.6	10803	metal4	768.07	229.6	1e+12
1788	metal1	824.07	229.6	10804	metal4	824.07	229.6	1e+12
1789	metal1	880.07	229.6	10805	metal4	880.07	229.6	1e+12
1790	metal1	936.07	229.6	10806	metal4	936.07	229.6	1e+12
1791	metal1	992.07	229.6	10807	metal4	992.07	229.6	1e+12
1792	metal1	1048.07	229.6	10808	metal4	1048.07	229.6	1e+12
1793	metal1	1086.21	229.6	10809	metal4	1086.21	229.6	1e+12
1794	metal1	14.095	232.4	10810	metal4	14.095	232.4	1e+12
1795	metal1	40.07	232.4	10811	metal4	40.07	232.4	1e+12
1796	metal1	96.07	232.4	10812	metal4	96.07	232.4	1e+12
1797	metal1	108.455	232.4	10813	metal4	108.455	232.4	1e+12
1798	metal1	109.295	232.4	10814	metal4	109.295	232.4	1e+12
1799	metal1	152.07	232.4	10815	metal4	152.07	232.4	1e+12
1800	metal1	208.07	232.4	10816	metal4	208.07	232.4	1e+12
1801	metal1	264.07	232.4	10817	metal4	264.07	232.4	1e+12
1802	metal1	320.07	232.4	10818	metal4	320.07	232.4	1e+12
1803	metal1	376.07	232.4	10819	metal4	376.07	232.4	1e+12
1804	metal1	432.07	232.4	10820	metal4	432.07	232.4	1e+12
1805	metal1	488.07	232.4	10821	metal4	488.07	232.4	1e+12
1806	metal1	544.07	232.4	10822	metal4	544.07	232.4	1e+12
1807	metal1	600.07	232.4	10823	metal4	600.07	232.4	1e+12
1808	metal1	656.07	232.4	10824	metal4	656.07	232.4	1e+12
1809	metal1	712.07	232.4	10825	metal4	712.07	232.4	1e+12
1810	metal1	768.07	232.4	10826	metal4	768.07	232.4	1e+12
1811	metal1	824.07	232.4	10827	metal4	824.07	232.4	1e+12
1812	metal1	880.07	232.4	10828	metal4	880.07	232.4	1e+12
1813	metal1	936.07	232.4	10829	metal4	936.07	232.4	1e+12
1814	metal1	992.07	232.4	10830	metal4	992.07	232.4	1e+12
1815	metal1	1048.07	232.4	10831	metal4	1048.07	232.4	1e+12
1816	metal1	1086.21	232.4	10832	metal4	1086.21	232.4	1e+12
1817	metal1	14.095	235.2	10833	metal4	14.095	235.2	1e+12
1818	metal1	40.07	235.2	10834	metal4	40.07	235.2	1e+12
1819	metal1	96.07	235.2	10835	metal4	96.07	235.2	1e+12
1820	metal1	108.455	235.2	10836	metal4	108.455	235.2	1e+12
1821	metal1	109.295	235.2	10837	metal4	109.295	235.2	1e+12
1822	metal1	152.07	235.2	10838	metal4	152.07	235.2	1e+12
1823	metal1	208.07	235.2	10839	metal4	208.07	235.2	1e+12
1824	metal1	264.07	235.2	10840	metal4	264.07	235.2	1e+12
1825	metal1	320.07	235.2	10841	metal4	320.07	235.2	1e+12
1826	metal1	376.07	235.2	10842	metal4	376.07	235.2	1e+12
1827	metal1	432.07	235.2	10843	metal4	432.07	235.2	1e+12
1828	metal1	488.07	235.2	10844	metal4	488.07	235.2	1e+12
1829	metal1	544.07	235.2	10845	metal4	544.07	235.2	1e+12
1830	metal1	600.07	235.2	10846	metal4	600.07	235.2	1e+12
1831	metal1	656.07	235.2	10847	metal4	656.07	235.2	1e+12
1832	metal1	712.07	235.2	10848	metal4	712.07	235.2	1e+12
1833	metal1	768.07	235.2	10849	metal4	768.07	235.2	1e+12
1834	metal1	824.07	235.2	10850	metal4	824.07	235.2	1e+12
1835	metal1	880.07	235.2	10851	metal4	880.07	235.2	1e+12
1836	metal1	936.07	235.2	10852	metal4	936.07	235.2	1e+12
1837	metal1	992.07	235.2	10853	metal4	992.07	235.2	1e+12
1838	metal1	1048.07	235.2	10854	metal4	1048.07	235.2	1e+12
1839	metal1	1086.21	235.2	10855	metal4	1086.21	235.2	1e+12
1840	metal1	14.095	238	10856	metal4	14.095	238	1e+12
1841	metal1	40.07	238	10857	metal4	40.07	238	1e+12
1842	metal1	96.07	238	10858	metal4	96.07	238	1e+12
1843	metal1	108.455	238	10859	metal4	108.455	238	1e+12
1844	metal1	109.295	238	10860	metal4	109.295	238	1e+12
1845	metal1	152.07	238	10861	metal4	152.07	238	1e+12
1846	metal1	208.07	238	10862	metal4	208.07	238	1e+12
1847	metal1	264.07	238	10863	metal4	264.07	238	1e+12
1848	metal1	320.07	238	10864	metal4	320.07	238	1e+12
1849	metal1	376.07	238	10865	metal4	376.07	238	1e+12
1850	metal1	432.07	238	10866	metal4	432.07	238	1e+12
1851	metal1	488.07	238	10867	metal4	488.07	238	1e+12
1852	metal1	544.07	238	10868	metal4	544.07	238	1e+12
1853	metal1	600.07	238	10869	metal4	600.07	238	1e+12
1854	metal1	656.07	238	10870	metal4	656.07	238	1e+12
1855	metal1	712.07	238	10871	metal4	712.07	238	1e+12
1856	metal1	768.07	238	10872	metal4	768.07	238	1e+12
1857	metal1	824.07	238	10873	metal4	824.07	238	1e+12
1858	metal1	880.07	238	10874	metal4	880.07	238	1e+12
1859	metal1	936.07	238	10875	metal4	936.07	238	1e+12
1860	metal1	992.07	238	10876	metal4	992.07	238	1e+12
1861	metal1	1048.07	238	10877	metal4	1048.07	238	1e+12
1862	metal1	1086.21	238	10878	metal4	1086.21	238	1e+12
1863	metal1	14.095	240.8	10902	metal4	14.095	240.8	1e+12
1864	metal1	40.07	240.8	10903	metal4	40.07	240.8	1e+12
1865	metal1	96.07	240.8	10904	metal4	96.07	240.8	1e+12
1866	metal1	108.455	240.8	10905	metal4	108.455	240.8	1e+12
1867	metal1	109.295	240.8	10906	metal4	109.295	240.8	1e+12
1868	metal1	152.07	240.8	10907	metal4	152.07	240.8	1e+12
1869	metal1	208.07	240.8	10908	metal4	208.07	240.8	1e+12
1870	metal1	264.07	240.8	10909	metal4	264.07	240.8	1e+12
1871	metal1	320.07	240.8	10910	metal4	320.07	240.8	1e+12
1872	metal1	376.07	240.8	10911	metal4	376.07	240.8	1e+12
1873	metal1	432.07	240.8	10912	metal4	432.07	240.8	1e+12
1874	metal1	488.07	240.8	10913	metal4	488.07	240.8	1e+12
1875	metal1	544.07	240.8	10914	metal4	544.07	240.8	1e+12
1876	metal1	600.07	240.8	10915	metal4	600.07	240.8	1e+12
1877	metal1	656.07	240.8	10916	metal4	656.07	240.8	1e+12
1878	metal1	712.07	240.8	10917	metal4	712.07	240.8	1e+12
1879	metal1	768.07	240.8	10918	metal4	768.07	240.8	1e+12
1880	metal1	824.07	240.8	10919	metal4	824.07	240.8	1e+12
1881	metal1	880.07	240.8	10920	metal4	880.07	240.8	1e+12
1882	metal1	936.07	240.8	10921	metal4	936.07	240.8	1e+12
1883	metal1	992.07	240.8	10922	metal4	992.07	240.8	1e+12
1884	metal1	1048.07	240.8	10923	metal4	1048.07	240.8	1e+12
1885	metal1	1086.21	240.8	10924	metal4	1086.21	240.8	1e+12
1886	metal1	14.095	243.6	10925	metal4	14.095	243.6	1e+12
1887	metal1	40.07	243.6	10926	metal4	40.07	243.6	1e+12
1888	metal1	96.07	243.6	10927	metal4	96.07	243.6	1e+12
1889	metal1	108.455	243.6	10928	metal4	108.455	243.6	1e+12
1890	metal1	109.295	243.6	10929	metal4	109.295	243.6	1e+12
1891	metal1	152.07	243.6	10930	metal4	152.07	243.6	1e+12
1892	metal1	208.07	243.6	10931	metal4	208.07	243.6	1e+12
1893	metal1	264.07	243.6	10932	metal4	264.07	243.6	1e+12
1894	metal1	320.07	243.6	10933	metal4	320.07	243.6	1e+12
1895	metal1	376.07	243.6	10934	metal4	376.07	243.6	1e+12
1896	metal1	432.07	243.6	10935	metal4	432.07	243.6	1e+12
1897	metal1	488.07	243.6	10936	metal4	488.07	243.6	1e+12
1898	metal1	544.07	243.6	10937	metal4	544.07	243.6	1e+12
1899	metal1	600.07	243.6	10938	metal4	600.07	243.6	1e+12
1900	metal1	656.07	243.6	10939	metal4	656.07	243.6	1e+12
1901	metal1	712.07	243.6	10940	metal4	712.07	243.6	1e+12
1902	metal1	768.07	243.6	10941	metal4	768.07	243.6	1e+12
1903	metal1	824.07	243.6	10942	metal4	824.07	243.6	1e+12
1904	metal1	880.07	243.6	10943	metal4	880.07	243.6	1e+12
1905	metal1	936.07	243.6	10944	metal4	936.07	243.6	1e+12
1906	metal1	992.07	243.6	10945	metal4	992.07	243.6	1e+12
1907	metal1	1048.07	243.6	10946	metal4	1048.07	243.6	1e+12
1908	metal1	1086.21	243.6	10947	metal4	1086.21	243.6	1e+12
1909	metal1	14.095	246.4	10948	metal4	14.095	246.4	1e+12
1910	metal1	40.07	246.4	10949	metal4	40.07	246.4	1e+12
1911	metal1	96.07	246.4	10950	metal4	96.07	246.4	1e+12
1912	metal1	108.455	246.4	10951	metal4	108.455	246.4	1e+12
1913	metal1	109.295	246.4	10952	metal4	109.295	246.4	1e+12
1914	metal1	152.07	246.4	10953	metal4	152.07	246.4	1e+12
1915	metal1	208.07	246.4	10954	metal4	208.07	246.4	1e+12
1916	metal1	264.07	246.4	10955	metal4	264.07	246.4	1e+12
1917	metal1	320.07	246.4	10956	metal4	320.07	246.4	1e+12
1918	metal1	376.07	246.4	10957	metal4	376.07	246.4	1e+12
1919	metal1	432.07	246.4	10958	metal4	432.07	246.4	1e+12
1920	metal1	488.07	246.4	10959	metal4	488.07	246.4	1e+12
1921	metal1	544.07	246.4	10960	metal4	544.07	246.4	1e+12
1922	metal1	600.07	246.4	10961	metal4	600.07	246.4	1e+12
1923	metal1	656.07	246.4	10962	metal4	656.07	246.4	1e+12
1924	metal1	712.07	246.4	10963	metal4	712.07	246.4	1e+12
1925	metal1	768.07	246.4	10964	metal4	768.07	246.4	1e+12
1926	metal1	824.07	246.4	10965	metal4	824.07	246.4	1e+12
1927	metal1	880.07	246.4	10966	metal4	880.07	246.4	1e+12
1928	metal1	936.07	246.4	10967	metal4	936.07	246.4	1e+12
1929	metal1	992.07	246.4	10968	metal4	992.07	246.4	1e+12
1930	metal1	1048.07	246.4	10969	metal4	1048.07	246.4	1e+12
1931	metal1	1086.21	246.4	10970	metal4	1086.21	246.4	1e+12
1932	metal1	14.095	249.2	10971	metal4	14.095	249.2	1e+12
1933	metal1	40.07	249.2	10972	metal4	40.07	249.2	1e+12
1934	metal1	96.07	249.2	10973	metal4	96.07	249.2	1e+12
1935	metal1	108.455	249.2	10974	metal4	108.455	249.2	1e+12
1936	metal1	109.295	249.2	10975	metal4	109.295	249.2	1e+12
1937	metal1	152.07	249.2	10976	metal4	152.07	249.2	1e+12
1938	metal1	208.07	249.2	10977	metal4	208.07	249.2	1e+12
1939	metal1	264.07	249.2	10978	metal4	264.07	249.2	1e+12
1940	metal1	320.07	249.2	10979	metal4	320.07	249.2	1e+12
1941	metal1	376.07	249.2	10980	metal4	376.07	249.2	1e+12
1942	metal1	432.07	249.2	10981	metal4	432.07	249.2	1e+12
1943	metal1	488.07	249.2	10982	metal4	488.07	249.2	1e+12
1944	metal1	544.07	249.2	10983	metal4	544.07	249.2	1e+12
1945	metal1	600.07	249.2	10984	metal4	600.07	249.2	1e+12
1946	metal1	656.07	249.2	10985	metal4	656.07	249.2	1e+12
1947	metal1	712.07	249.2	10986	metal4	712.07	249.2	1e+12
1948	metal1	768.07	249.2	10987	metal4	768.07	249.2	1e+12
1949	metal1	824.07	249.2	10988	metal4	824.07	249.2	1e+12
1950	metal1	880.07	249.2	10989	metal4	880.07	249.2	1e+12
1951	metal1	936.07	249.2	10990	metal4	936.07	249.2	1e+12
1952	metal1	992.07	249.2	10991	metal4	992.07	249.2	1e+12
1953	metal1	1048.07	249.2	10992	metal4	1048.07	249.2	1e+12
1954	metal1	1086.21	249.2	10993	metal4	1086.21	249.2	1e+12
1955	metal1	14.095	252	10994	metal4	14.095	252	1e+12
1956	metal1	40.07	252	10995	metal4	40.07	252	1e+12
1957	metal1	96.07	252	10996	metal4	96.07	252	1e+12
1958	metal1	108.455	252	10997	metal4	108.455	252	1e+12
1959	metal1	109.295	252	10998	metal4	109.295	252	1e+12
1960	metal1	152.07	252	10999	metal4	152.07	252	1e+12
1961	metal1	208.07	252	11000	metal4	208.07	252	1e+12
1962	metal1	264.07	252	11001	metal4	264.07	252	1e+12
1963	metal1	320.07	252	11002	metal4	320.07	252	1e+12
1964	metal1	376.07	252	11003	metal4	376.07	252	1e+12
1965	metal1	432.07	252	11004	metal4	432.07	252	1e+12
1966	metal1	488.07	252	11005	metal4	488.07	252	1e+12
1967	metal1	544.07	252	11006	metal4	544.07	252	1e+12
1968	metal1	600.07	252	11007	metal4	600.07	252	1e+12
1969	metal1	656.07	252	11008	metal4	656.07	252	1e+12
1970	metal1	712.07	252	11009	metal4	712.07	252	1e+12
1971	metal1	768.07	252	11010	metal4	768.07	252	1e+12
1972	metal1	824.07	252	11011	metal4	824.07	252	1e+12
1973	metal1	880.07	252	11012	metal4	880.07	252	1e+12
1974	metal1	936.07	252	11013	metal4	936.07	252	1e+12
1975	metal1	992.07	252	11014	metal4	992.07	252	1e+12
1976	metal1	1048.07	252	11015	metal4	1048.07	252	1e+12
1977	metal1	1086.21	252	11016	metal4	1086.21	252	1e+12
1978	metal1	14.095	254.8	11017	metal4	14.095	254.8	1e+12
1979	metal1	40.07	254.8	11018	metal4	40.07	254.8	1e+12
1980	metal1	96.07	254.8	11019	metal4	96.07	254.8	1e+12
1981	metal1	108.455	254.8	11020	metal4	108.455	254.8	1e+12
1982	metal1	109.295	254.8	11021	metal4	109.295	254.8	1e+12
1983	metal1	152.07	254.8	11022	metal4	152.07	254.8	1e+12
1984	metal1	208.07	254.8	11023	metal4	208.07	254.8	1e+12
1985	metal1	264.07	254.8	11024	metal4	264.07	254.8	1e+12
1986	metal1	320.07	254.8	11025	metal4	320.07	254.8	1e+12
1987	metal1	376.07	254.8	11026	metal4	376.07	254.8	1e+12
1988	metal1	432.07	254.8	11027	metal4	432.07	254.8	1e+12
1989	metal1	488.07	254.8	11028	metal4	488.07	254.8	1e+12
1990	metal1	544.07	254.8	11029	metal4	544.07	254.8	1e+12
1991	metal1	600.07	254.8	11030	metal4	600.07	254.8	1e+12
1992	metal1	656.07	254.8	11031	metal4	656.07	254.8	1e+12
1993	metal1	712.07	254.8	11032	metal4	712.07	254.8	1e+12
1994	metal1	768.07	254.8	11033	metal4	768.07	254.8	1e+12
1995	metal1	824.07	254.8	11034	metal4	824.07	254.8	1e+12
1996	metal1	880.07	254.8	11035	metal4	880.07	254.8	1e+12
1997	metal1	936.07	254.8	11036	metal4	936.07	254.8	1e+12
1998	metal1	992.07	254.8	11037	metal4	992.07	254.8	1e+12
1999	metal1	1048.07	254.8	11038	metal4	1048.07	254.8	1e+12
2000	metal1	1086.21	254.8	11039	metal4	1086.21	254.8	1e+12
2001	metal1	14.095	257.6	11040	metal4	14.095	257.6	1e+12
2002	metal1	40.07	257.6	11041	metal4	40.07	257.6	1e+12
2003	metal1	96.07	257.6	11042	metal4	96.07	257.6	1e+12
2004	metal1	108.455	257.6	11043	metal4	108.455	257.6	1e+12
2005	metal1	109.295	257.6	11044	metal4	109.295	257.6	1e+12
2006	metal1	152.07	257.6	11045	metal4	152.07	257.6	1e+12
2007	metal1	208.07	257.6	11046	metal4	208.07	257.6	1e+12
2008	metal1	264.07	257.6	11047	metal4	264.07	257.6	1e+12
2009	metal1	320.07	257.6	11048	metal4	320.07	257.6	1e+12
2010	metal1	376.07	257.6	11049	metal4	376.07	257.6	1e+12
2011	metal1	432.07	257.6	11050	metal4	432.07	257.6	1e+12
2012	metal1	488.07	257.6	11051	metal4	488.07	257.6	1e+12
2013	metal1	544.07	257.6	11052	metal4	544.07	257.6	1e+12
2014	metal1	600.07	257.6	11053	metal4	600.07	257.6	1e+12
2015	metal1	656.07	257.6	11054	metal4	656.07	257.6	1e+12
2016	metal1	712.07	257.6	11055	metal4	712.07	257.6	1e+12
2017	metal1	768.07	257.6	11056	metal4	768.07	257.6	1e+12
2018	metal1	824.07	257.6	11057	metal4	824.07	257.6	1e+12
2019	metal1	880.07	257.6	11058	metal4	880.07	257.6	1e+12
2020	metal1	936.07	257.6	11059	metal4	936.07	257.6	1e+12
2021	metal1	992.07	257.6	11060	metal4	992.07	257.6	1e+12
2022	metal1	1048.07	257.6	11061	metal4	1048.07	257.6	1e+12
2023	metal1	1086.21	257.6	11062	metal4	1086.21	257.6	1e+12
2024	metal1	14.095	260.4	11063	metal4	14.095	260.4	1e+12
2025	metal1	40.07	260.4	11064	metal4	40.07	260.4	1e+12
2026	metal1	96.07	260.4	11065	metal4	96.07	260.4	1e+12
2027	metal1	108.455	260.4	11066	metal4	108.455	260.4	1e+12
2028	metal1	109.295	260.4	11067	metal4	109.295	260.4	1e+12
2029	metal1	152.07	260.4	11068	metal4	152.07	260.4	1e+12
2030	metal1	208.07	260.4	11069	metal4	208.07	260.4	1e+12
2031	metal1	264.07	260.4	11070	metal4	264.07	260.4	1e+12
2032	metal1	320.07	260.4	11071	metal4	320.07	260.4	1e+12
2033	metal1	376.07	260.4	11072	metal4	376.07	260.4	1e+12
2034	metal1	432.07	260.4	11073	metal4	432.07	260.4	1e+12
2035	metal1	488.07	260.4	11074	metal4	488.07	260.4	1e+12
2036	metal1	544.07	260.4	11075	metal4	544.07	260.4	1e+12
2037	metal1	600.07	260.4	11076	metal4	600.07	260.4	1e+12
2038	metal1	656.07	260.4	11077	metal4	656.07	260.4	1e+12
2039	metal1	712.07	260.4	11078	metal4	712.07	260.4	1e+12
2040	metal1	768.07	260.4	11079	metal4	768.07	260.4	1e+12
2041	metal1	824.07	260.4	11080	metal4	824.07	260.4	1e+12
2042	metal1	880.07	260.4	11081	metal4	880.07	260.4	1e+12
2043	metal1	936.07	260.4	11082	metal4	936.07	260.4	1e+12
2044	metal1	992.07	260.4	11083	metal4	992.07	260.4	1e+12
2045	metal1	1048.07	260.4	11084	metal4	1048.07	260.4	1e+12
2046	metal1	1086.21	260.4	11085	metal4	1086.21	260.4	1e+12
2047	metal1	14.095	263.2	11086	metal4	14.095	263.2	1e+12
2048	metal1	40.07	263.2	11087	metal4	40.07	263.2	1e+12
2049	metal1	96.07	263.2	11088	metal4	96.07	263.2	1e+12
2050	metal1	108.455	263.2	11089	metal4	108.455	263.2	1e+12
2051	metal1	109.295	263.2	11090	metal4	109.295	263.2	1e+12
2052	metal1	152.07	263.2	11091	metal4	152.07	263.2	1e+12
2053	metal1	208.07	263.2	11092	metal4	208.07	263.2	1e+12
2054	metal1	264.07	263.2	11093	metal4	264.07	263.2	1e+12
2055	metal1	320.07	263.2	11094	metal4	320.07	263.2	1e+12
2056	metal1	376.07	263.2	11095	metal4	376.07	263.2	1e+12
2057	metal1	432.07	263.2	11096	metal4	432.07	263.2	1e+12
2058	metal1	488.07	263.2	11097	metal4	488.07	263.2	1e+12
2059	metal1	544.07	263.2	11098	metal4	544.07	263.2	1e+12
2060	metal1	600.07	263.2	11099	metal4	600.07	263.2	1e+12
2061	metal1	656.07	263.2	11100	metal4	656.07	263.2	1e+12
2062	metal1	712.07	263.2	11101	metal4	712.07	263.2	1e+12
2063	metal1	768.07	263.2	11102	metal4	768.07	263.2	1e+12
2064	metal1	824.07	263.2	11103	metal4	824.07	263.2	1e+12
2065	metal1	880.07	263.2	11104	metal4	880.07	263.2	1e+12
2066	metal1	936.07	263.2	11105	metal4	936.07	263.2	1e+12
2067	metal1	992.07	263.2	11106	metal4	992.07	263.2	1e+12
2068	metal1	1048.07	263.2	11107	metal4	1048.07	263.2	1e+12
2069	metal1	1086.21	263.2	11108	metal4	1086.21	263.2	1e+12
2070	metal1	14.095	266	11109	metal4	14.095	266	1e+12
2071	metal1	40.07	266	11110	metal4	40.07	266	1e+12
2072	metal1	96.07	266	11111	metal4	96.07	266	1e+12
2073	metal1	108.455	266	11112	metal4	108.455	266	1e+12
2074	metal1	109.295	266	11113	metal4	109.295	266	1e+12
2075	metal1	152.07	266	11114	metal4	152.07	266	1e+12
2076	metal1	208.07	266	11115	metal4	208.07	266	1e+12
2077	metal1	264.07	266	11116	metal4	264.07	266	1e+12
2078	metal1	320.07	266	11117	metal4	320.07	266	1e+12
2079	metal1	376.07	266	11118	metal4	376.07	266	1e+12
2080	metal1	432.07	266	11119	metal4	432.07	266	1e+12
2081	metal1	488.07	266	11120	metal4	488.07	266	1e+12
2082	metal1	544.07	266	11121	metal4	544.07	266	1e+12
2083	metal1	600.07	266	11122	metal4	600.07	266	1e+12
2084	metal1	656.07	266	11123	metal4	656.07	266	1e+12
2085	metal1	712.07	266	11124	metal4	712.07	266	1e+12
2086	metal1	768.07	266	11125	metal4	768.07	266	1e+12
2087	metal1	824.07	266	11126	metal4	824.07	266	1e+12
2088	metal1	880.07	266	11127	metal4	880.07	266	1e+12
2089	metal1	936.07	266	11128	metal4	936.07	266	1e+12
2090	metal1	992.07	266	11129	metal4	992.07	266	1e+12
2091	metal1	1048.07	266	11130	metal4	1048.07	266	1e+12
2092	metal1	1086.21	266	11131	metal4	1086.21	266	1e+12
2093	metal1	14.095	268.8	11132	metal4	14.095	268.8	1e+12
2094	metal1	40.07	268.8	11133	metal4	40.07	268.8	1e+12
2095	metal1	96.07	268.8	11134	metal4	96.07	268.8	1e+12
2096	metal1	108.455	268.8	11135	metal4	108.455	268.8	1e+12
2097	metal1	109.295	268.8	11136	metal4	109.295	268.8	1e+12
2098	metal1	152.07	268.8	11137	metal4	152.07	268.8	1e+12
2099	metal1	208.07	268.8	11138	metal4	208.07	268.8	1e+12
2100	metal1	264.07	268.8	11139	metal4	264.07	268.8	1e+12
2101	metal1	320.07	268.8	11140	metal4	320.07	268.8	1e+12
2102	metal1	376.07	268.8	11141	metal4	376.07	268.8	1e+12
2103	metal1	432.07	268.8	11142	metal4	432.07	268.8	1e+12
2104	metal1	488.07	268.8	11143	metal4	488.07	268.8	1e+12
2105	metal1	544.07	268.8	11144	metal4	544.07	268.8	1e+12
2106	metal1	600.07	268.8	11145	metal4	600.07	268.8	1e+12
2107	metal1	656.07	268.8	11146	metal4	656.07	268.8	1e+12
2108	metal1	712.07	268.8	11147	metal4	712.07	268.8	1e+12
2109	metal1	768.07	268.8	11148	metal4	768.07	268.8	1e+12
2110	metal1	824.07	268.8	11149	metal4	824.07	268.8	1e+12
2111	metal1	880.07	268.8	11150	metal4	880.07	268.8	1e+12
2112	metal1	936.07	268.8	11151	metal4	936.07	268.8	1e+12
2113	metal1	992.07	268.8	11152	metal4	992.07	268.8	1e+12
2114	metal1	1048.07	268.8	11153	metal4	1048.07	268.8	1e+12
2115	metal1	1086.21	268.8	11154	metal4	1086.21	268.8	1e+12
2116	metal1	14.095	271.6	11178	metal4	14.095	271.6	1e+12
2117	metal1	40.07	271.6	11179	metal4	40.07	271.6	1e+12
2118	metal1	96.07	271.6	11180	metal4	96.07	271.6	1e+12
2119	metal1	108.455	271.6	11181	metal4	108.455	271.6	1e+12
2120	metal1	109.295	271.6	11182	metal4	109.295	271.6	1e+12
2121	metal1	152.07	271.6	11183	metal4	152.07	271.6	1e+12
2122	metal1	208.07	271.6	11184	metal4	208.07	271.6	1e+12
2123	metal1	264.07	271.6	11185	metal4	264.07	271.6	1e+12
2124	metal1	320.07	271.6	11186	metal4	320.07	271.6	1e+12
2125	metal1	376.07	271.6	11187	metal4	376.07	271.6	1e+12
2126	metal1	432.07	271.6	11188	metal4	432.07	271.6	1e+12
2127	metal1	488.07	271.6	11189	metal4	488.07	271.6	1e+12
2128	metal1	544.07	271.6	11190	metal4	544.07	271.6	1e+12
2129	metal1	600.07	271.6	11191	metal4	600.07	271.6	1e+12
2130	metal1	656.07	271.6	11192	metal4	656.07	271.6	1e+12
2131	metal1	712.07	271.6	11193	metal4	712.07	271.6	1e+12
2132	metal1	768.07	271.6	11194	metal4	768.07	271.6	1e+12
2133	metal1	824.07	271.6	11195	metal4	824.07	271.6	1e+12
2134	metal1	880.07	271.6	11196	metal4	880.07	271.6	1e+12
2135	metal1	936.07	271.6	11197	metal4	936.07	271.6	1e+12
2136	metal1	992.07	271.6	11198	metal4	992.07	271.6	1e+12
2137	metal1	1048.07	271.6	11199	metal4	1048.07	271.6	1e+12
2138	metal1	1086.21	271.6	11200	metal4	1086.21	271.6	1e+12
2139	metal1	14.095	274.4	11201	metal4	14.095	274.4	1e+12
2140	metal1	40.07	274.4	11202	metal4	40.07	274.4	1e+12
2141	metal1	96.07	274.4	11203	metal4	96.07	274.4	1e+12
2142	metal1	108.455	274.4	11204	metal4	108.455	274.4	1e+12
2143	metal1	109.295	274.4	11205	metal4	109.295	274.4	1e+12
2144	metal1	152.07	274.4	11206	metal4	152.07	274.4	1e+12
2145	metal1	208.07	274.4	11207	metal4	208.07	274.4	1e+12
2146	metal1	264.07	274.4	11208	metal4	264.07	274.4	1e+12
2147	metal1	320.07	274.4	11209	metal4	320.07	274.4	1e+12
2148	metal1	376.07	274.4	11210	metal4	376.07	274.4	1e+12
2149	metal1	432.07	274.4	11211	metal4	432.07	274.4	1e+12
2150	metal1	488.07	274.4	11212	metal4	488.07	274.4	1e+12
2151	metal1	544.07	274.4	11213	metal4	544.07	274.4	1e+12
2152	metal1	600.07	274.4	11214	metal4	600.07	274.4	1e+12
2153	metal1	656.07	274.4	11215	metal4	656.07	274.4	1e+12
2154	metal1	712.07	274.4	11216	metal4	712.07	274.4	1e+12
2155	metal1	768.07	274.4	11217	metal4	768.07	274.4	1e+12
2156	metal1	824.07	274.4	11218	metal4	824.07	274.4	1e+12
2157	metal1	880.07	274.4	11219	metal4	880.07	274.4	1e+12
2158	metal1	936.07	274.4	11220	metal4	936.07	274.4	1e+12
2159	metal1	992.07	274.4	11221	metal4	992.07	274.4	1e+12
2160	metal1	1048.07	274.4	11222	metal4	1048.07	274.4	1e+12
2161	metal1	1086.21	274.4	11223	metal4	1086.21	274.4	1e+12
2162	metal1	14.095	277.2	11224	metal4	14.095	277.2	1e+12
2163	metal1	40.07	277.2	11225	metal4	40.07	277.2	1e+12
2164	metal1	96.07	277.2	11226	metal4	96.07	277.2	1e+12
2165	metal1	108.455	277.2	11227	metal4	108.455	277.2	1e+12
2166	metal1	109.295	277.2	11228	metal4	109.295	277.2	1e+12
2167	metal1	152.07	277.2	11229	metal4	152.07	277.2	1e+12
2168	metal1	208.07	277.2	11230	metal4	208.07	277.2	1e+12
2169	metal1	264.07	277.2	11231	metal4	264.07	277.2	1e+12
2170	metal1	320.07	277.2	11232	metal4	320.07	277.2	1e+12
2171	metal1	376.07	277.2	11233	metal4	376.07	277.2	1e+12
2172	metal1	432.07	277.2	11234	metal4	432.07	277.2	1e+12
2173	metal1	488.07	277.2	11235	metal4	488.07	277.2	1e+12
2174	metal1	544.07	277.2	11236	metal4	544.07	277.2	1e+12
2175	metal1	600.07	277.2	11237	metal4	600.07	277.2	1e+12
2176	metal1	656.07	277.2	11238	metal4	656.07	277.2	1e+12
2177	metal1	712.07	277.2	11239	metal4	712.07	277.2	1e+12
2178	metal1	768.07	277.2	11240	metal4	768.07	277.2	1e+12
2179	metal1	824.07	277.2	11241	metal4	824.07	277.2	1e+12
2180	metal1	880.07	277.2	11242	metal4	880.07	277.2	1e+12
2181	metal1	936.07	277.2	11243	metal4	936.07	277.2	1e+12
2182	metal1	992.07	277.2	11244	metal4	992.07	277.2	1e+12
2183	metal1	1048.07	277.2	11245	metal4	1048.07	277.2	1e+12
2184	metal1	1086.21	277.2	11246	metal4	1086.21	277.2	1e+12
2185	metal1	14.095	280	11247	metal4	14.095	280	1e+12
2186	metal1	40.07	280	11248	metal4	40.07	280	1e+12
2187	metal1	96.07	280	11249	metal4	96.07	280	1e+12
2188	metal1	108.455	280	11250	metal4	108.455	280	1e+12
2189	metal1	109.295	280	11251	metal4	109.295	280	1e+12
2190	metal1	152.07	280	11252	metal4	152.07	280	1e+12
2191	metal1	208.07	280	11253	metal4	208.07	280	1e+12
2192	metal1	264.07	280	11254	metal4	264.07	280	1e+12
2193	metal1	320.07	280	11255	metal4	320.07	280	1e+12
2194	metal1	376.07	280	11256	metal4	376.07	280	1e+12
2195	metal1	432.07	280	11257	metal4	432.07	280	1e+12
2196	metal1	488.07	280	11258	metal4	488.07	280	1e+12
2197	metal1	544.07	280	11259	metal4	544.07	280	1e+12
2198	metal1	600.07	280	11260	metal4	600.07	280	1e+12
2199	metal1	656.07	280	11261	metal4	656.07	280	1e+12
2200	metal1	712.07	280	11262	metal4	712.07	280	1e+12
2201	metal1	768.07	280	11263	metal4	768.07	280	1e+12
2202	metal1	824.07	280	11264	metal4	824.07	280	1e+12
2203	metal1	880.07	280	11265	metal4	880.07	280	1e+12
2204	metal1	936.07	280	11266	metal4	936.07	280	1e+12
2205	metal1	992.07	280	11267	metal4	992.07	280	1e+12
2206	metal1	1048.07	280	11268	metal4	1048.07	280	1e+12
2207	metal1	1086.21	280	11269	metal4	1086.21	280	1e+12
2208	metal1	14.095	282.8	11270	metal4	14.095	282.8	1e+12
2209	metal1	40.07	282.8	11271	metal4	40.07	282.8	1e+12
2210	metal1	96.07	282.8	11272	metal4	96.07	282.8	1e+12
2211	metal1	108.455	282.8	11273	metal4	108.455	282.8	1e+12
2212	metal1	109.295	282.8	11274	metal4	109.295	282.8	1e+12
2213	metal1	152.07	282.8	11275	metal4	152.07	282.8	1e+12
2214	metal1	208.07	282.8	11276	metal4	208.07	282.8	1e+12
2215	metal1	264.07	282.8	11277	metal4	264.07	282.8	1e+12
2216	metal1	320.07	282.8	11278	metal4	320.07	282.8	1e+12
2217	metal1	376.07	282.8	11279	metal4	376.07	282.8	1e+12
2218	metal1	432.07	282.8	11280	metal4	432.07	282.8	1e+12
2219	metal1	488.07	282.8	11281	metal4	488.07	282.8	1e+12
2220	metal1	544.07	282.8	11282	metal4	544.07	282.8	1e+12
2221	metal1	600.07	282.8	11283	metal4	600.07	282.8	1e+12
2222	metal1	656.07	282.8	11284	metal4	656.07	282.8	1e+12
2223	metal1	712.07	282.8	11285	metal4	712.07	282.8	1e+12
2224	metal1	768.07	282.8	11286	metal4	768.07	282.8	1e+12
2225	metal1	824.07	282.8	11287	metal4	824.07	282.8	1e+12
2226	metal1	880.07	282.8	11288	metal4	880.07	282.8	1e+12
2227	metal1	936.07	282.8	11289	metal4	936.07	282.8	1e+12
2228	metal1	992.07	282.8	11290	metal4	992.07	282.8	1e+12
2229	metal1	1048.07	282.8	11291	metal4	1048.07	282.8	1e+12
2230	metal1	1086.21	282.8	11292	metal4	1086.21	282.8	1e+12
2231	metal1	14.095	285.6	11293	metal4	14.095	285.6	1e+12
2232	metal1	40.07	285.6	11294	metal4	40.07	285.6	1e+12
2233	metal1	96.07	285.6	11295	metal4	96.07	285.6	1e+12
2234	metal1	108.455	285.6	11296	metal4	108.455	285.6	1e+12
2235	metal1	109.295	285.6	11297	metal4	109.295	285.6	1e+12
2236	metal1	152.07	285.6	11298	metal4	152.07	285.6	1e+12
2237	metal1	208.07	285.6	11299	metal4	208.07	285.6	1e+12
2238	metal1	264.07	285.6	11300	metal4	264.07	285.6	1e+12
2239	metal1	320.07	285.6	11301	metal4	320.07	285.6	1e+12
2240	metal1	376.07	285.6	11302	metal4	376.07	285.6	1e+12
2241	metal1	432.07	285.6	11303	metal4	432.07	285.6	1e+12
2242	metal1	488.07	285.6	11304	metal4	488.07	285.6	1e+12
2243	metal1	544.07	285.6	11305	metal4	544.07	285.6	1e+12
2244	metal1	600.07	285.6	11306	metal4	600.07	285.6	1e+12
2245	metal1	656.07	285.6	11307	metal4	656.07	285.6	1e+12
2246	metal1	712.07	285.6	11308	metal4	712.07	285.6	1e+12
2247	metal1	768.07	285.6	11309	metal4	768.07	285.6	1e+12
2248	metal1	824.07	285.6	11310	metal4	824.07	285.6	1e+12
2249	metal1	880.07	285.6	11311	metal4	880.07	285.6	1e+12
2250	metal1	936.07	285.6	11312	metal4	936.07	285.6	1e+12
2251	metal1	992.07	285.6	11313	metal4	992.07	285.6	1e+12
2252	metal1	1048.07	285.6	11314	metal4	1048.07	285.6	1e+12
2253	metal1	1086.21	285.6	11315	metal4	1086.21	285.6	1e+12
2254	metal1	14.095	288.4	11316	metal4	14.095	288.4	1e+12
2255	metal1	40.07	288.4	11317	metal4	40.07	288.4	1e+12
2256	metal1	96.07	288.4	11318	metal4	96.07	288.4	1e+12
2257	metal1	108.455	288.4	11319	metal4	108.455	288.4	1e+12
2258	metal1	109.295	288.4	11320	metal4	109.295	288.4	1e+12
2259	metal1	152.07	288.4	11321	metal4	152.07	288.4	1e+12
2260	metal1	208.07	288.4	11322	metal4	208.07	288.4	1e+12
2261	metal1	264.07	288.4	11323	metal4	264.07	288.4	1e+12
2262	metal1	320.07	288.4	11324	metal4	320.07	288.4	1e+12
2263	metal1	376.07	288.4	11325	metal4	376.07	288.4	1e+12
2264	metal1	432.07	288.4	11326	metal4	432.07	288.4	1e+12
2265	metal1	488.07	288.4	11327	metal4	488.07	288.4	1e+12
2266	metal1	544.07	288.4	11328	metal4	544.07	288.4	1e+12
2267	metal1	600.07	288.4	11329	metal4	600.07	288.4	1e+12
2268	metal1	656.07	288.4	11330	metal4	656.07	288.4	1e+12
2269	metal1	712.07	288.4	11331	metal4	712.07	288.4	1e+12
2270	metal1	768.07	288.4	11332	metal4	768.07	288.4	1e+12
2271	metal1	824.07	288.4	11333	metal4	824.07	288.4	1e+12
2272	metal1	880.07	288.4	11334	metal4	880.07	288.4	1e+12
2273	metal1	936.07	288.4	11335	metal4	936.07	288.4	1e+12
2274	metal1	992.07	288.4	11336	metal4	992.07	288.4	1e+12
2275	metal1	1048.07	288.4	11337	metal4	1048.07	288.4	1e+12
2276	metal1	1086.21	288.4	11338	metal4	1086.21	288.4	1e+12
2277	metal1	14.095	291.2	11339	metal4	14.095	291.2	1e+12
2278	metal1	40.07	291.2	11340	metal4	40.07	291.2	1e+12
2279	metal1	96.07	291.2	11341	metal4	96.07	291.2	1e+12
2280	metal1	108.455	291.2	11342	metal4	108.455	291.2	1e+12
2281	metal1	109.295	291.2	11343	metal4	109.295	291.2	1e+12
2282	metal1	152.07	291.2	11344	metal4	152.07	291.2	1e+12
2283	metal1	208.07	291.2	11345	metal4	208.07	291.2	1e+12
2284	metal1	264.07	291.2	11346	metal4	264.07	291.2	1e+12
2285	metal1	320.07	291.2	11347	metal4	320.07	291.2	1e+12
2286	metal1	376.07	291.2	11348	metal4	376.07	291.2	1e+12
2287	metal1	432.07	291.2	11349	metal4	432.07	291.2	1e+12
2288	metal1	488.07	291.2	11350	metal4	488.07	291.2	1e+12
2289	metal1	544.07	291.2	11351	metal4	544.07	291.2	1e+12
2290	metal1	600.07	291.2	11352	metal4	600.07	291.2	1e+12
2291	metal1	656.07	291.2	11353	metal4	656.07	291.2	1e+12
2292	metal1	712.07	291.2	11354	metal4	712.07	291.2	1e+12
2293	metal1	768.07	291.2	11355	metal4	768.07	291.2	1e+12
2294	metal1	824.07	291.2	11356	metal4	824.07	291.2	1e+12
2295	metal1	880.07	291.2	11357	metal4	880.07	291.2	1e+12
2296	metal1	936.07	291.2	11358	metal4	936.07	291.2	1e+12
2297	metal1	992.07	291.2	11359	metal4	992.07	291.2	1e+12
2298	metal1	1048.07	291.2	11360	metal4	1048.07	291.2	1e+12
2299	metal1	1086.21	291.2	11361	metal4	1086.21	291.2	1e+12
2300	metal1	14.095	294	11362	metal4	14.095	294	1e+12
2301	metal1	40.07	294	11363	metal4	40.07	294	1e+12
2302	metal1	96.07	294	11364	metal4	96.07	294	1e+12
2303	metal1	108.455	294	11365	metal4	108.455	294	1e+12
2304	metal1	109.295	294	11366	metal4	109.295	294	1e+12
2305	metal1	152.07	294	11367	metal4	152.07	294	1e+12
2306	metal1	208.07	294	11368	metal4	208.07	294	1e+12
2307	metal1	264.07	294	11369	metal4	264.07	294	1e+12
2308	metal1	320.07	294	11370	metal4	320.07	294	1e+12
2309	metal1	376.07	294	11371	metal4	376.07	294	1e+12
2310	metal1	432.07	294	11372	metal4	432.07	294	1e+12
2311	metal1	488.07	294	11373	metal4	488.07	294	1e+12
2312	metal1	544.07	294	11374	metal4	544.07	294	1e+12
2313	metal1	600.07	294	11375	metal4	600.07	294	1e+12
2314	metal1	656.07	294	11376	metal4	656.07	294	1e+12
2315	metal1	712.07	294	11377	metal4	712.07	294	1e+12
2316	metal1	768.07	294	11378	metal4	768.07	294	1e+12
2317	metal1	824.07	294	11379	metal4	824.07	294	1e+12
2318	metal1	880.07	294	11380	metal4	880.07	294	1e+12
2319	metal1	936.07	294	11381	metal4	936.07	294	1e+12
2320	metal1	992.07	294	11382	metal4	992.07	294	1e+12
2321	metal1	1048.07	294	11383	metal4	1048.07	294	1e+12
2322	metal1	1086.21	294	11384	metal4	1086.21	294	1e+12
2323	metal1	14.095	296.8	11385	metal4	14.095	296.8	1e+12
2324	metal1	40.07	296.8	11386	metal4	40.07	296.8	1e+12
2325	metal1	96.07	296.8	11387	metal4	96.07	296.8	1e+12
2326	metal1	108.455	296.8	11388	metal4	108.455	296.8	1e+12
2327	metal1	109.295	296.8	11389	metal4	109.295	296.8	1e+12
2328	metal1	152.07	296.8	11390	metal4	152.07	296.8	1e+12
2329	metal1	208.07	296.8	11391	metal4	208.07	296.8	1e+12
2330	metal1	264.07	296.8	11392	metal4	264.07	296.8	1e+12
2331	metal1	320.07	296.8	11393	metal4	320.07	296.8	1e+12
2332	metal1	376.07	296.8	11394	metal4	376.07	296.8	1e+12
2333	metal1	432.07	296.8	11395	metal4	432.07	296.8	1e+12
2334	metal1	488.07	296.8	11396	metal4	488.07	296.8	1e+12
2335	metal1	544.07	296.8	11397	metal4	544.07	296.8	1e+12
2336	metal1	600.07	296.8	11398	metal4	600.07	296.8	1e+12
2337	metal1	656.07	296.8	11399	metal4	656.07	296.8	1e+12
2338	metal1	712.07	296.8	11400	metal4	712.07	296.8	1e+12
2339	metal1	768.07	296.8	11401	metal4	768.07	296.8	1e+12
2340	metal1	824.07	296.8	11402	metal4	824.07	296.8	1e+12
2341	metal1	880.07	296.8	11403	metal4	880.07	296.8	1e+12
2342	metal1	936.07	296.8	11404	metal4	936.07	296.8	1e+12
2343	metal1	992.07	296.8	11405	metal4	992.07	296.8	1e+12
2344	metal1	1048.07	296.8	11406	metal4	1048.07	296.8	1e+12
2345	metal1	1086.21	296.8	11407	metal4	1086.21	296.8	1e+12
2346	metal1	14.095	299.6	11408	metal4	14.095	299.6	1e+12
2347	metal1	40.07	299.6	11409	metal4	40.07	299.6	1e+12
2348	metal1	96.07	299.6	11410	metal4	96.07	299.6	1e+12
2349	metal1	108.455	299.6	11411	metal4	108.455	299.6	1e+12
2350	metal1	109.295	299.6	11412	metal4	109.295	299.6	1e+12
2351	metal1	152.07	299.6	11413	metal4	152.07	299.6	1e+12
2352	metal1	208.07	299.6	11414	metal4	208.07	299.6	1e+12
2353	metal1	264.07	299.6	11415	metal4	264.07	299.6	1e+12
2354	metal1	320.07	299.6	11416	metal4	320.07	299.6	1e+12
2355	metal1	376.07	299.6	11417	metal4	376.07	299.6	1e+12
2356	metal1	432.07	299.6	11418	metal4	432.07	299.6	1e+12
2357	metal1	488.07	299.6	11419	metal4	488.07	299.6	1e+12
2358	metal1	544.07	299.6	11420	metal4	544.07	299.6	1e+12
2359	metal1	600.07	299.6	11421	metal4	600.07	299.6	1e+12
2360	metal1	656.07	299.6	11422	metal4	656.07	299.6	1e+12
2361	metal1	712.07	299.6	11423	metal4	712.07	299.6	1e+12
2362	metal1	768.07	299.6	11424	metal4	768.07	299.6	1e+12
2363	metal1	824.07	299.6	11425	metal4	824.07	299.6	1e+12
2364	metal1	880.07	299.6	11426	metal4	880.07	299.6	1e+12
2365	metal1	936.07	299.6	11427	metal4	936.07	299.6	1e+12
2366	metal1	992.07	299.6	11428	metal4	992.07	299.6	1e+12
2367	metal1	1048.07	299.6	11429	metal4	1048.07	299.6	1e+12
2368	metal1	1086.21	299.6	11430	metal4	1086.21	299.6	1e+12
2369	metal1	14.095	302.4	11431	metal4	14.095	302.4	1e+12
2370	metal1	40.07	302.4	11432	metal4	40.07	302.4	1e+12
2371	metal1	96.07	302.4	11433	metal4	96.07	302.4	1e+12
2372	metal1	108.455	302.4	11434	metal4	108.455	302.4	1e+12
2373	metal1	109.295	302.4	11435	metal4	109.295	302.4	1e+12
2374	metal1	152.07	302.4	11436	metal4	152.07	302.4	1e+12
2375	metal1	208.07	302.4	11437	metal4	208.07	302.4	1e+12
2376	metal1	264.07	302.4	11438	metal4	264.07	302.4	1e+12
2377	metal1	320.07	302.4	11439	metal4	320.07	302.4	1e+12
2378	metal1	376.07	302.4	11440	metal4	376.07	302.4	1e+12
2379	metal1	432.07	302.4	11441	metal4	432.07	302.4	1e+12
2380	metal1	488.07	302.4	11442	metal4	488.07	302.4	1e+12
2381	metal1	544.07	302.4	11443	metal4	544.07	302.4	1e+12
2382	metal1	600.07	302.4	11444	metal4	600.07	302.4	1e+12
2383	metal1	656.07	302.4	11445	metal4	656.07	302.4	1e+12
2384	metal1	712.07	302.4	11446	metal4	712.07	302.4	1e+12
2385	metal1	768.07	302.4	11447	metal4	768.07	302.4	1e+12
2386	metal1	824.07	302.4	11448	metal4	824.07	302.4	1e+12
2387	metal1	880.07	302.4	11449	metal4	880.07	302.4	1e+12
2388	metal1	936.07	302.4	11450	metal4	936.07	302.4	1e+12
2389	metal1	992.07	302.4	11451	metal4	992.07	302.4	1e+12
2390	metal1	1048.07	302.4	11452	metal4	1048.07	302.4	1e+12
2391	metal1	1086.21	302.4	11453	metal4	1086.21	302.4	1e+12
2392	metal1	14.095	305.2	11454	metal4	14.095	305.2	1e+12
2393	metal1	40.07	305.2	11455	metal4	40.07	305.2	1e+12
2394	metal1	96.07	305.2	11456	metal4	96.07	305.2	1e+12
2395	metal1	108.455	305.2	11457	metal4	108.455	305.2	1e+12
2396	metal1	109.295	305.2	11458	metal4	109.295	305.2	1e+12
2397	metal1	152.07	305.2	11459	metal4	152.07	305.2	1e+12
2398	metal1	208.07	305.2	11460	metal4	208.07	305.2	1e+12
2399	metal1	264.07	305.2	11461	metal4	264.07	305.2	1e+12
2400	metal1	320.07	305.2	11462	metal4	320.07	305.2	1e+12
2401	metal1	376.07	305.2	11463	metal4	376.07	305.2	1e+12
2402	metal1	432.07	305.2	11464	metal4	432.07	305.2	1e+12
2403	metal1	488.07	305.2	11465	metal4	488.07	305.2	1e+12
2404	metal1	544.07	305.2	11466	metal4	544.07	305.2	1e+12
2405	metal1	600.07	305.2	11467	metal4	600.07	305.2	1e+12
2406	metal1	656.07	305.2	11468	metal4	656.07	305.2	1e+12
2407	metal1	712.07	305.2	11469	metal4	712.07	305.2	1e+12
2408	metal1	768.07	305.2	11470	metal4	768.07	305.2	1e+12
2409	metal1	824.07	305.2	11471	metal4	824.07	305.2	1e+12
2410	metal1	880.07	305.2	11472	metal4	880.07	305.2	1e+12
2411	metal1	936.07	305.2	11473	metal4	936.07	305.2	1e+12
2412	metal1	992.07	305.2	11474	metal4	992.07	305.2	1e+12
2413	metal1	1048.07	305.2	11475	metal4	1048.07	305.2	1e+12
2414	metal1	1086.21	305.2	11476	metal4	1086.21	305.2	1e+12
2415	metal1	14.095	308	11477	metal4	14.095	308	1e+12
2416	metal1	40.07	308	11478	metal4	40.07	308	1e+12
2417	metal1	96.07	308	11479	metal4	96.07	308	1e+12
2418	metal1	108.455	308	11480	metal4	108.455	308	1e+12
2419	metal1	109.295	308	11481	metal4	109.295	308	1e+12
2420	metal1	152.07	308	11482	metal4	152.07	308	1e+12
2421	metal1	208.07	308	11483	metal4	208.07	308	1e+12
2422	metal1	264.07	308	11484	metal4	264.07	308	1e+12
2423	metal1	320.07	308	11485	metal4	320.07	308	1e+12
2424	metal1	376.07	308	11486	metal4	376.07	308	1e+12
2425	metal1	432.07	308	11487	metal4	432.07	308	1e+12
2426	metal1	488.07	308	11488	metal4	488.07	308	1e+12
2427	metal1	544.07	308	11489	metal4	544.07	308	1e+12
2428	metal1	600.07	308	11490	metal4	600.07	308	1e+12
2429	metal1	656.07	308	11491	metal4	656.07	308	1e+12
2430	metal1	712.07	308	11492	metal4	712.07	308	1e+12
2431	metal1	768.07	308	11493	metal4	768.07	308	1e+12
2432	metal1	824.07	308	11494	metal4	824.07	308	1e+12
2433	metal1	880.07	308	11495	metal4	880.07	308	1e+12
2434	metal1	936.07	308	11496	metal4	936.07	308	1e+12
2435	metal1	992.07	308	11497	metal4	992.07	308	1e+12
2436	metal1	1048.07	308	11498	metal4	1048.07	308	1e+12
2437	metal1	1086.21	308	11499	metal4	1086.21	308	1e+12
2438	metal1	14.095	310.8	11500	metal4	14.095	310.8	1e+12
2439	metal1	40.07	310.8	11501	metal4	40.07	310.8	1e+12
2440	metal1	96.07	310.8	11502	metal4	96.07	310.8	1e+12
2441	metal1	108.455	310.8	11503	metal4	108.455	310.8	1e+12
2442	metal1	109.295	310.8	11504	metal4	109.295	310.8	1e+12
2443	metal1	152.07	310.8	11505	metal4	152.07	310.8	1e+12
2444	metal1	208.07	310.8	11506	metal4	208.07	310.8	1e+12
2445	metal1	264.07	310.8	11507	metal4	264.07	310.8	1e+12
2446	metal1	320.07	310.8	11508	metal4	320.07	310.8	1e+12
2447	metal1	376.07	310.8	11509	metal4	376.07	310.8	1e+12
2448	metal1	432.07	310.8	11510	metal4	432.07	310.8	1e+12
2449	metal1	488.07	310.8	11511	metal4	488.07	310.8	1e+12
2450	metal1	544.07	310.8	11512	metal4	544.07	310.8	1e+12
2451	metal1	600.07	310.8	11513	metal4	600.07	310.8	1e+12
2452	metal1	656.07	310.8	11514	metal4	656.07	310.8	1e+12
2453	metal1	712.07	310.8	11515	metal4	712.07	310.8	1e+12
2454	metal1	768.07	310.8	11516	metal4	768.07	310.8	1e+12
2455	metal1	824.07	310.8	11517	metal4	824.07	310.8	1e+12
2456	metal1	880.07	310.8	11518	metal4	880.07	310.8	1e+12
2457	metal1	936.07	310.8	11519	metal4	936.07	310.8	1e+12
2458	metal1	992.07	310.8	11520	metal4	992.07	310.8	1e+12
2459	metal1	1048.07	310.8	11521	metal4	1048.07	310.8	1e+12
2460	metal1	1086.21	310.8	11522	metal4	1086.21	310.8	1e+12
2461	metal1	14.095	313.6	11523	metal4	14.095	313.6	1e+12
2462	metal1	40.07	313.6	11524	metal4	40.07	313.6	1e+12
2463	metal1	96.07	313.6	11525	metal4	96.07	313.6	1e+12
2464	metal1	108.455	313.6	11526	metal4	108.455	313.6	1e+12
2465	metal1	109.295	313.6	11527	metal4	109.295	313.6	1e+12
2466	metal1	152.07	313.6	11528	metal4	152.07	313.6	1e+12
2467	metal1	208.07	313.6	11529	metal4	208.07	313.6	1e+12
2468	metal1	264.07	313.6	11530	metal4	264.07	313.6	1e+12
2469	metal1	320.07	313.6	11531	metal4	320.07	313.6	1e+12
2470	metal1	376.07	313.6	11532	metal4	376.07	313.6	1e+12
2471	metal1	432.07	313.6	11533	metal4	432.07	313.6	1e+12
2472	metal1	488.07	313.6	11534	metal4	488.07	313.6	1e+12
2473	metal1	544.07	313.6	11535	metal4	544.07	313.6	1e+12
2474	metal1	600.07	313.6	11536	metal4	600.07	313.6	1e+12
2475	metal1	656.07	313.6	11537	metal4	656.07	313.6	1e+12
2476	metal1	712.07	313.6	11538	metal4	712.07	313.6	1e+12
2477	metal1	768.07	313.6	11539	metal4	768.07	313.6	1e+12
2478	metal1	824.07	313.6	11540	metal4	824.07	313.6	1e+12
2479	metal1	880.07	313.6	11541	metal4	880.07	313.6	1e+12
2480	metal1	936.07	313.6	11542	metal4	936.07	313.6	1e+12
2481	metal1	992.07	313.6	11543	metal4	992.07	313.6	1e+12
2482	metal1	1048.07	313.6	11544	metal4	1048.07	313.6	1e+12
2483	metal1	1086.21	313.6	11545	metal4	1086.21	313.6	1e+12
2484	metal1	14.095	316.4	11546	metal4	14.095	316.4	1e+12
2485	metal1	40.07	316.4	11547	metal4	40.07	316.4	1e+12
2486	metal1	96.07	316.4	11548	metal4	96.07	316.4	1e+12
2487	metal1	108.455	316.4	11549	metal4	108.455	316.4	1e+12
2488	metal1	109.295	316.4	11550	metal4	109.295	316.4	1e+12
2489	metal1	152.07	316.4	11551	metal4	152.07	316.4	1e+12
2490	metal1	208.07	316.4	11552	metal4	208.07	316.4	1e+12
2491	metal1	264.07	316.4	11553	metal4	264.07	316.4	1e+12
2492	metal1	320.07	316.4	11554	metal4	320.07	316.4	1e+12
2493	metal1	376.07	316.4	11555	metal4	376.07	316.4	1e+12
2494	metal1	432.07	316.4	11556	metal4	432.07	316.4	1e+12
2495	metal1	488.07	316.4	11557	metal4	488.07	316.4	1e+12
2496	metal1	544.07	316.4	11558	metal4	544.07	316.4	1e+12
2497	metal1	600.07	316.4	11559	metal4	600.07	316.4	1e+12
2498	metal1	656.07	316.4	11560	metal4	656.07	316.4	1e+12
2499	metal1	712.07	316.4	11561	metal4	712.07	316.4	1e+12
2500	metal1	768.07	316.4	11562	metal4	768.07	316.4	1e+12
2501	metal1	824.07	316.4	11563	metal4	824.07	316.4	1e+12
2502	metal1	880.07	316.4	11564	metal4	880.07	316.4	1e+12
2503	metal1	936.07	316.4	11565	metal4	936.07	316.4	1e+12
2504	metal1	992.07	316.4	11566	metal4	992.07	316.4	1e+12
2505	metal1	1048.07	316.4	11567	metal4	1048.07	316.4	1e+12
2506	metal1	1086.21	316.4	11568	metal4	1086.21	316.4	1e+12
2507	metal1	14.095	319.2	11569	metal4	14.095	319.2	1e+12
2508	metal1	40.07	319.2	11570	metal4	40.07	319.2	1e+12
2509	metal1	96.07	319.2	11571	metal4	96.07	319.2	1e+12
2510	metal1	108.455	319.2	11572	metal4	108.455	319.2	1e+12
2511	metal1	109.295	319.2	11573	metal4	109.295	319.2	1e+12
2512	metal1	152.07	319.2	11574	metal4	152.07	319.2	1e+12
2513	metal1	208.07	319.2	11575	metal4	208.07	319.2	1e+12
2514	metal1	264.07	319.2	11576	metal4	264.07	319.2	1e+12
2515	metal1	320.07	319.2	11577	metal4	320.07	319.2	1e+12
2516	metal1	376.07	319.2	11578	metal4	376.07	319.2	1e+12
2517	metal1	432.07	319.2	11579	metal4	432.07	319.2	1e+12
2518	metal1	488.07	319.2	11580	metal4	488.07	319.2	1e+12
2519	metal1	544.07	319.2	11581	metal4	544.07	319.2	1e+12
2520	metal1	600.07	319.2	11582	metal4	600.07	319.2	1e+12
2521	metal1	656.07	319.2	11583	metal4	656.07	319.2	1e+12
2522	metal1	712.07	319.2	11584	metal4	712.07	319.2	1e+12
2523	metal1	768.07	319.2	11585	metal4	768.07	319.2	1e+12
2524	metal1	824.07	319.2	11586	metal4	824.07	319.2	1e+12
2525	metal1	880.07	319.2	11587	metal4	880.07	319.2	1e+12
2526	metal1	936.07	319.2	11588	metal4	936.07	319.2	1e+12
2527	metal1	992.07	319.2	11589	metal4	992.07	319.2	1e+12
2528	metal1	1048.07	319.2	11590	metal4	1048.07	319.2	1e+12
2529	metal1	1086.21	319.2	11591	metal4	1086.21	319.2	1e+12
2530	metal1	14.095	322	11592	metal4	14.095	322	1e+12
2531	metal1	40.07	322	11593	metal4	40.07	322	1e+12
2532	metal1	96.07	322	11594	metal4	96.07	322	1e+12
2533	metal1	108.455	322	11595	metal4	108.455	322	1e+12
2534	metal1	109.295	322	11596	metal4	109.295	322	1e+12
2535	metal1	152.07	322	11597	metal4	152.07	322	1e+12
2536	metal1	208.07	322	11598	metal4	208.07	322	1e+12
2537	metal1	264.07	322	11599	metal4	264.07	322	1e+12
2538	metal1	320.07	322	11600	metal4	320.07	322	1e+12
2539	metal1	376.07	322	11601	metal4	376.07	322	1e+12
2540	metal1	432.07	322	11602	metal4	432.07	322	1e+12
2541	metal1	488.07	322	11603	metal4	488.07	322	1e+12
2542	metal1	544.07	322	11604	metal4	544.07	322	1e+12
2543	metal1	600.07	322	11605	metal4	600.07	322	1e+12
2544	metal1	656.07	322	11606	metal4	656.07	322	1e+12
2545	metal1	712.07	322	11607	metal4	712.07	322	1e+12
2546	metal1	768.07	322	11608	metal4	768.07	322	1e+12
2547	metal1	824.07	322	11609	metal4	824.07	322	1e+12
2548	metal1	880.07	322	11610	metal4	880.07	322	1e+12
2549	metal1	936.07	322	11611	metal4	936.07	322	1e+12
2550	metal1	992.07	322	11612	metal4	992.07	322	1e+12
2551	metal1	1048.07	322	11613	metal4	1048.07	322	1e+12
2552	metal1	1086.21	322	11614	metal4	1086.21	322	1e+12
2553	metal1	14.095	324.8	11615	metal4	14.095	324.8	1e+12
2554	metal1	40.07	324.8	11616	metal4	40.07	324.8	1e+12
2555	metal1	96.07	324.8	11617	metal4	96.07	324.8	1e+12
2556	metal1	108.455	324.8	11618	metal4	108.455	324.8	1e+12
2557	metal1	109.295	324.8	11619	metal4	109.295	324.8	1e+12
2558	metal1	152.07	324.8	11620	metal4	152.07	324.8	1e+12
2559	metal1	208.07	324.8	11621	metal4	208.07	324.8	1e+12
2560	metal1	264.07	324.8	11622	metal4	264.07	324.8	1e+12
2561	metal1	320.07	324.8	11623	metal4	320.07	324.8	1e+12
2562	metal1	376.07	324.8	11624	metal4	376.07	324.8	1e+12
2563	metal1	432.07	324.8	11625	metal4	432.07	324.8	1e+12
2564	metal1	488.07	324.8	11626	metal4	488.07	324.8	1e+12
2565	metal1	544.07	324.8	11627	metal4	544.07	324.8	1e+12
2566	metal1	600.07	324.8	11628	metal4	600.07	324.8	1e+12
2567	metal1	656.07	324.8	11629	metal4	656.07	324.8	1e+12
2568	metal1	712.07	324.8	11630	metal4	712.07	324.8	1e+12
2569	metal1	768.07	324.8	11631	metal4	768.07	324.8	1e+12
2570	metal1	824.07	324.8	11632	metal4	824.07	324.8	1e+12
2571	metal1	880.07	324.8	11633	metal4	880.07	324.8	1e+12
2572	metal1	936.07	324.8	11634	metal4	936.07	324.8	1e+12
2573	metal1	992.07	324.8	11635	metal4	992.07	324.8	1e+12
2574	metal1	1048.07	324.8	11636	metal4	1048.07	324.8	1e+12
2575	metal1	1086.21	324.8	11637	metal4	1086.21	324.8	1e+12
2576	metal1	14.095	327.6	11638	metal4	14.095	327.6	1e+12
2577	metal1	40.07	327.6	11639	metal4	40.07	327.6	1e+12
2578	metal1	96.07	327.6	11640	metal4	96.07	327.6	1e+12
2579	metal1	108.455	327.6	11641	metal4	108.455	327.6	1e+12
2580	metal1	109.295	327.6	11642	metal4	109.295	327.6	1e+12
2581	metal1	152.07	327.6	11643	metal4	152.07	327.6	1e+12
2582	metal1	208.07	327.6	11644	metal4	208.07	327.6	1e+12
2583	metal1	264.07	327.6	11645	metal4	264.07	327.6	1e+12
2584	metal1	320.07	327.6	11646	metal4	320.07	327.6	1e+12
2585	metal1	376.07	327.6	11647	metal4	376.07	327.6	1e+12
2586	metal1	432.07	327.6	11648	metal4	432.07	327.6	1e+12
2587	metal1	488.07	327.6	11649	metal4	488.07	327.6	1e+12
2588	metal1	544.07	327.6	11650	metal4	544.07	327.6	1e+12
2589	metal1	600.07	327.6	11651	metal4	600.07	327.6	1e+12
2590	metal1	656.07	327.6	11652	metal4	656.07	327.6	1e+12
2591	metal1	712.07	327.6	11653	metal4	712.07	327.6	1e+12
2592	metal1	768.07	327.6	11654	metal4	768.07	327.6	1e+12
2593	metal1	824.07	327.6	11655	metal4	824.07	327.6	1e+12
2594	metal1	880.07	327.6	11656	metal4	880.07	327.6	1e+12
2595	metal1	936.07	327.6	11657	metal4	936.07	327.6	1e+12
2596	metal1	992.07	327.6	11658	metal4	992.07	327.6	1e+12
2597	metal1	1048.07	327.6	11659	metal4	1048.07	327.6	1e+12
2598	metal1	1086.21	327.6	11660	metal4	1086.21	327.6	1e+12
2599	metal1	14.095	330.4	11684	metal4	14.095	330.4	1e+12
2600	metal1	40.07	330.4	11685	metal4	40.07	330.4	1e+12
2601	metal1	96.07	330.4	11686	metal4	96.07	330.4	1e+12
2602	metal1	108.455	330.4	11687	metal4	108.455	330.4	1e+12
2603	metal1	109.295	330.4	11688	metal4	109.295	330.4	1e+12
2604	metal1	152.07	330.4	11689	metal4	152.07	330.4	1e+12
2605	metal1	208.07	330.4	11690	metal4	208.07	330.4	1e+12
2606	metal1	264.07	330.4	11691	metal4	264.07	330.4	1e+12
2607	metal1	320.07	330.4	11692	metal4	320.07	330.4	1e+12
2608	metal1	376.07	330.4	11693	metal4	376.07	330.4	1e+12
2609	metal1	432.07	330.4	11694	metal4	432.07	330.4	1e+12
2610	metal1	488.07	330.4	11695	metal4	488.07	330.4	1e+12
2611	metal1	544.07	330.4	11696	metal4	544.07	330.4	1e+12
2612	metal1	600.07	330.4	11697	metal4	600.07	330.4	1e+12
2613	metal1	656.07	330.4	11698	metal4	656.07	330.4	1e+12
2614	metal1	712.07	330.4	11699	metal4	712.07	330.4	1e+12
2615	metal1	768.07	330.4	11700	metal4	768.07	330.4	1e+12
2616	metal1	824.07	330.4	11701	metal4	824.07	330.4	1e+12
2617	metal1	880.07	330.4	11702	metal4	880.07	330.4	1e+12
2618	metal1	936.07	330.4	11703	metal4	936.07	330.4	1e+12
2619	metal1	992.07	330.4	11704	metal4	992.07	330.4	1e+12
2620	metal1	1048.07	330.4	11705	metal4	1048.07	330.4	1e+12
2621	metal1	1086.21	330.4	11706	metal4	1086.21	330.4	1e+12
2622	metal1	14.095	333.2	11707	metal4	14.095	333.2	1e+12
2623	metal1	40.07	333.2	11708	metal4	40.07	333.2	1e+12
2624	metal1	96.07	333.2	11709	metal4	96.07	333.2	1e+12
2625	metal1	108.455	333.2	11710	metal4	108.455	333.2	1e+12
2626	metal1	109.295	333.2	11711	metal4	109.295	333.2	1e+12
2627	metal1	152.07	333.2	11712	metal4	152.07	333.2	1e+12
2628	metal1	208.07	333.2	11713	metal4	208.07	333.2	1e+12
2629	metal1	264.07	333.2	11714	metal4	264.07	333.2	1e+12
2630	metal1	320.07	333.2	11715	metal4	320.07	333.2	1e+12
2631	metal1	376.07	333.2	11716	metal4	376.07	333.2	1e+12
2632	metal1	432.07	333.2	11717	metal4	432.07	333.2	1e+12
2633	metal1	488.07	333.2	11718	metal4	488.07	333.2	1e+12
2634	metal1	544.07	333.2	11719	metal4	544.07	333.2	1e+12
2635	metal1	600.07	333.2	11720	metal4	600.07	333.2	1e+12
2636	metal1	656.07	333.2	11721	metal4	656.07	333.2	1e+12
2637	metal1	712.07	333.2	11722	metal4	712.07	333.2	1e+12
2638	metal1	768.07	333.2	11723	metal4	768.07	333.2	1e+12
2639	metal1	824.07	333.2	11724	metal4	824.07	333.2	1e+12
2640	metal1	880.07	333.2	11725	metal4	880.07	333.2	1e+12
2641	metal1	936.07	333.2	11726	metal4	936.07	333.2	1e+12
2642	metal1	992.07	333.2	11727	metal4	992.07	333.2	1e+12
2643	metal1	1048.07	333.2	11728	metal4	1048.07	333.2	1e+12
2644	metal1	1086.21	333.2	11729	metal4	1086.21	333.2	1e+12
2645	metal1	14.095	336	11730	metal4	14.095	336	1e+12
2646	metal1	40.07	336	11731	metal4	40.07	336	1e+12
2647	metal1	96.07	336	11732	metal4	96.07	336	1e+12
2648	metal1	108.455	336	11733	metal4	108.455	336	1e+12
2649	metal1	109.295	336	11734	metal4	109.295	336	1e+12
2650	metal1	152.07	336	11735	metal4	152.07	336	1e+12
2651	metal1	208.07	336	11736	metal4	208.07	336	1e+12
2652	metal1	264.07	336	11737	metal4	264.07	336	1e+12
2653	metal1	320.07	336	11738	metal4	320.07	336	1e+12
2654	metal1	376.07	336	11739	metal4	376.07	336	1e+12
2655	metal1	432.07	336	11740	metal4	432.07	336	1e+12
2656	metal1	488.07	336	11741	metal4	488.07	336	1e+12
2657	metal1	544.07	336	11742	metal4	544.07	336	1e+12
2658	metal1	600.07	336	11743	metal4	600.07	336	1e+12
2659	metal1	656.07	336	11744	metal4	656.07	336	1e+12
2660	metal1	712.07	336	11745	metal4	712.07	336	1e+12
2661	metal1	768.07	336	11746	metal4	768.07	336	1e+12
2662	metal1	824.07	336	11747	metal4	824.07	336	1e+12
2663	metal1	880.07	336	11748	metal4	880.07	336	1e+12
2664	metal1	936.07	336	11749	metal4	936.07	336	1e+12
2665	metal1	992.07	336	11750	metal4	992.07	336	1e+12
2666	metal1	1048.07	336	11751	metal4	1048.07	336	1e+12
2667	metal1	1086.21	336	11752	metal4	1086.21	336	1e+12
2668	metal1	14.095	338.8	11753	metal4	14.095	338.8	1e+12
2669	metal1	40.07	338.8	11754	metal4	40.07	338.8	1e+12
2670	metal1	96.07	338.8	11755	metal4	96.07	338.8	1e+12
2671	metal1	108.455	338.8	11756	metal4	108.455	338.8	1e+12
2672	metal1	109.295	338.8	11757	metal4	109.295	338.8	1e+12
2673	metal1	152.07	338.8	11758	metal4	152.07	338.8	1e+12
2674	metal1	208.07	338.8	11759	metal4	208.07	338.8	1e+12
2675	metal1	264.07	338.8	11760	metal4	264.07	338.8	1e+12
2676	metal1	320.07	338.8	11761	metal4	320.07	338.8	1e+12
2677	metal1	376.07	338.8	11762	metal4	376.07	338.8	1e+12
2678	metal1	432.07	338.8	11763	metal4	432.07	338.8	1e+12
2679	metal1	488.07	338.8	11764	metal4	488.07	338.8	1e+12
2680	metal1	544.07	338.8	11765	metal4	544.07	338.8	1e+12
2681	metal1	600.07	338.8	11766	metal4	600.07	338.8	1e+12
2682	metal1	656.07	338.8	11767	metal4	656.07	338.8	1e+12
2683	metal1	712.07	338.8	11768	metal4	712.07	338.8	1e+12
2684	metal1	768.07	338.8	11769	metal4	768.07	338.8	1e+12
2685	metal1	824.07	338.8	11770	metal4	824.07	338.8	1e+12
2686	metal1	880.07	338.8	11771	metal4	880.07	338.8	1e+12
2687	metal1	936.07	338.8	11772	metal4	936.07	338.8	1e+12
2688	metal1	992.07	338.8	11773	metal4	992.07	338.8	1e+12
2689	metal1	1048.07	338.8	11774	metal4	1048.07	338.8	1e+12
2690	metal1	1086.21	338.8	11775	metal4	1086.21	338.8	1e+12
2691	metal1	14.095	341.6	11776	metal4	14.095	341.6	1e+12
2692	metal1	40.07	341.6	11777	metal4	40.07	341.6	1e+12
2693	metal1	96.07	341.6	11778	metal4	96.07	341.6	1e+12
2694	metal1	108.455	341.6	11779	metal4	108.455	341.6	1e+12
2695	metal1	109.295	341.6	11780	metal4	109.295	341.6	1e+12
2696	metal1	152.07	341.6	11781	metal4	152.07	341.6	1e+12
2697	metal1	208.07	341.6	11782	metal4	208.07	341.6	1e+12
2698	metal1	264.07	341.6	11783	metal4	264.07	341.6	1e+12
2699	metal1	320.07	341.6	11784	metal4	320.07	341.6	1e+12
2700	metal1	376.07	341.6	11785	metal4	376.07	341.6	1e+12
2701	metal1	432.07	341.6	11786	metal4	432.07	341.6	1e+12
2702	metal1	488.07	341.6	11787	metal4	488.07	341.6	1e+12
2703	metal1	544.07	341.6	11788	metal4	544.07	341.6	1e+12
2704	metal1	600.07	341.6	11789	metal4	600.07	341.6	1e+12
2705	metal1	656.07	341.6	11790	metal4	656.07	341.6	1e+12
2706	metal1	712.07	341.6	11791	metal4	712.07	341.6	1e+12
2707	metal1	768.07	341.6	11792	metal4	768.07	341.6	1e+12
2708	metal1	824.07	341.6	11793	metal4	824.07	341.6	1e+12
2709	metal1	880.07	341.6	11794	metal4	880.07	341.6	1e+12
2710	metal1	936.07	341.6	11795	metal4	936.07	341.6	1e+12
2711	metal1	992.07	341.6	11796	metal4	992.07	341.6	1e+12
2712	metal1	1048.07	341.6	11797	metal4	1048.07	341.6	1e+12
2713	metal1	1086.21	341.6	11798	metal4	1086.21	341.6	1e+12
2714	metal1	14.095	344.4	11799	metal4	14.095	344.4	1e+12
2715	metal1	40.07	344.4	11800	metal4	40.07	344.4	1e+12
2716	metal1	96.07	344.4	11801	metal4	96.07	344.4	1e+12
2717	metal1	108.455	344.4	11802	metal4	108.455	344.4	1e+12
2718	metal1	109.295	344.4	11803	metal4	109.295	344.4	1e+12
2719	metal1	152.07	344.4	11804	metal4	152.07	344.4	1e+12
2720	metal1	208.07	344.4	11805	metal4	208.07	344.4	1e+12
2721	metal1	264.07	344.4	11806	metal4	264.07	344.4	1e+12
2722	metal1	320.07	344.4	11807	metal4	320.07	344.4	1e+12
2723	metal1	376.07	344.4	11808	metal4	376.07	344.4	1e+12
2724	metal1	432.07	344.4	11809	metal4	432.07	344.4	1e+12
2725	metal1	488.07	344.4	11810	metal4	488.07	344.4	1e+12
2726	metal1	544.07	344.4	11811	metal4	544.07	344.4	1e+12
2727	metal1	600.07	344.4	11812	metal4	600.07	344.4	1e+12
2728	metal1	656.07	344.4	11813	metal4	656.07	344.4	1e+12
2729	metal1	712.07	344.4	11814	metal4	712.07	344.4	1e+12
2730	metal1	768.07	344.4	11815	metal4	768.07	344.4	1e+12
2731	metal1	824.07	344.4	11816	metal4	824.07	344.4	1e+12
2732	metal1	880.07	344.4	11817	metal4	880.07	344.4	1e+12
2733	metal1	936.07	344.4	11818	metal4	936.07	344.4	1e+12
2734	metal1	992.07	344.4	11819	metal4	992.07	344.4	1e+12
2735	metal1	1048.07	344.4	11820	metal4	1048.07	344.4	1e+12
2736	metal1	1086.21	344.4	11821	metal4	1086.21	344.4	1e+12
2737	metal1	14.095	347.2	11822	metal4	14.095	347.2	1e+12
2738	metal1	40.07	347.2	11823	metal4	40.07	347.2	1e+12
2739	metal1	96.07	347.2	11824	metal4	96.07	347.2	1e+12
2740	metal1	108.455	347.2	11825	metal4	108.455	347.2	1e+12
2741	metal1	109.295	347.2	11826	metal4	109.295	347.2	1e+12
2742	metal1	152.07	347.2	11827	metal4	152.07	347.2	1e+12
2743	metal1	208.07	347.2	11828	metal4	208.07	347.2	1e+12
2744	metal1	264.07	347.2	11829	metal4	264.07	347.2	1e+12
2745	metal1	320.07	347.2	11830	metal4	320.07	347.2	1e+12
2746	metal1	376.07	347.2	11831	metal4	376.07	347.2	1e+12
2747	metal1	432.07	347.2	11832	metal4	432.07	347.2	1e+12
2748	metal1	488.07	347.2	11833	metal4	488.07	347.2	1e+12
2749	metal1	544.07	347.2	11834	metal4	544.07	347.2	1e+12
2750	metal1	600.07	347.2	11835	metal4	600.07	347.2	1e+12
2751	metal1	656.07	347.2	11836	metal4	656.07	347.2	1e+12
2752	metal1	712.07	347.2	11837	metal4	712.07	347.2	1e+12
2753	metal1	768.07	347.2	11838	metal4	768.07	347.2	1e+12
2754	metal1	824.07	347.2	11839	metal4	824.07	347.2	1e+12
2755	metal1	880.07	347.2	11840	metal4	880.07	347.2	1e+12
2756	metal1	936.07	347.2	11841	metal4	936.07	347.2	1e+12
2757	metal1	992.07	347.2	11842	metal4	992.07	347.2	1e+12
2758	metal1	1048.07	347.2	11843	metal4	1048.07	347.2	1e+12
2759	metal1	1086.21	347.2	11844	metal4	1086.21	347.2	1e+12
2760	metal1	14.095	350	11845	metal4	14.095	350	1e+12
2761	metal1	40.07	350	11846	metal4	40.07	350	1e+12
2762	metal1	96.07	350	11847	metal4	96.07	350	1e+12
2763	metal1	108.455	350	11848	metal4	108.455	350	1e+12
2764	metal1	109.295	350	11849	metal4	109.295	350	1e+12
2765	metal1	152.07	350	11850	metal4	152.07	350	1e+12
2766	metal1	208.07	350	11851	metal4	208.07	350	1e+12
2767	metal1	264.07	350	11852	metal4	264.07	350	1e+12
2768	metal1	320.07	350	11853	metal4	320.07	350	1e+12
2769	metal1	376.07	350	11854	metal4	376.07	350	1e+12
2770	metal1	432.07	350	11855	metal4	432.07	350	1e+12
2771	metal1	488.07	350	11856	metal4	488.07	350	1e+12
2772	metal1	544.07	350	11857	metal4	544.07	350	1e+12
2773	metal1	600.07	350	11858	metal4	600.07	350	1e+12
2774	metal1	656.07	350	11859	metal4	656.07	350	1e+12
2775	metal1	712.07	350	11860	metal4	712.07	350	1e+12
2776	metal1	768.07	350	11861	metal4	768.07	350	1e+12
2777	metal1	824.07	350	11862	metal4	824.07	350	1e+12
2778	metal1	880.07	350	11863	metal4	880.07	350	1e+12
2779	metal1	936.07	350	11864	metal4	936.07	350	1e+12
2780	metal1	992.07	350	11865	metal4	992.07	350	1e+12
2781	metal1	1048.07	350	11866	metal4	1048.07	350	1e+12
2782	metal1	1086.21	350	11867	metal4	1086.21	350	1e+12
2783	metal1	14.095	352.8	11868	metal4	14.095	352.8	1e+12
2784	metal1	40.07	352.8	11869	metal4	40.07	352.8	1e+12
2785	metal1	96.07	352.8	11870	metal4	96.07	352.8	1e+12
2786	metal1	108.455	352.8	11871	metal4	108.455	352.8	1e+12
2787	metal1	109.295	352.8	11872	metal4	109.295	352.8	1e+12
2788	metal1	152.07	352.8	11873	metal4	152.07	352.8	1e+12
2789	metal1	208.07	352.8	11874	metal4	208.07	352.8	1e+12
2790	metal1	264.07	352.8	11875	metal4	264.07	352.8	1e+12
2791	metal1	320.07	352.8	11876	metal4	320.07	352.8	1e+12
2792	metal1	376.07	352.8	11877	metal4	376.07	352.8	1e+12
2793	metal1	432.07	352.8	11878	metal4	432.07	352.8	1e+12
2794	metal1	488.07	352.8	11879	metal4	488.07	352.8	1e+12
2795	metal1	544.07	352.8	11880	metal4	544.07	352.8	1e+12
2796	metal1	600.07	352.8	11881	metal4	600.07	352.8	1e+12
2797	metal1	656.07	352.8	11882	metal4	656.07	352.8	1e+12
2798	metal1	712.07	352.8	11883	metal4	712.07	352.8	1e+12
2799	metal1	768.07	352.8	11884	metal4	768.07	352.8	1e+12
2800	metal1	824.07	352.8	11885	metal4	824.07	352.8	1e+12
2801	metal1	880.07	352.8	11886	metal4	880.07	352.8	1e+12
2802	metal1	936.07	352.8	11887	metal4	936.07	352.8	1e+12
2803	metal1	992.07	352.8	11888	metal4	992.07	352.8	1e+12
2804	metal1	1048.07	352.8	11889	metal4	1048.07	352.8	1e+12
2805	metal1	1086.21	352.8	11890	metal4	1086.21	352.8	1e+12
2806	metal1	14.095	355.6	11891	metal4	14.095	355.6	1e+12
2807	metal1	40.07	355.6	11892	metal4	40.07	355.6	1e+12
2808	metal1	96.07	355.6	11893	metal4	96.07	355.6	1e+12
2809	metal1	108.455	355.6	11894	metal4	108.455	355.6	1e+12
2810	metal1	109.295	355.6	11895	metal4	109.295	355.6	1e+12
2811	metal1	152.07	355.6	11896	metal4	152.07	355.6	1e+12
2812	metal1	208.07	355.6	11897	metal4	208.07	355.6	1e+12
2813	metal1	264.07	355.6	11898	metal4	264.07	355.6	1e+12
2814	metal1	320.07	355.6	11899	metal4	320.07	355.6	1e+12
2815	metal1	376.07	355.6	11900	metal4	376.07	355.6	1e+12
2816	metal1	432.07	355.6	11901	metal4	432.07	355.6	1e+12
2817	metal1	488.07	355.6	11902	metal4	488.07	355.6	1e+12
2818	metal1	544.07	355.6	11903	metal4	544.07	355.6	1e+12
2819	metal1	600.07	355.6	11904	metal4	600.07	355.6	1e+12
2820	metal1	656.07	355.6	11905	metal4	656.07	355.6	1e+12
2821	metal1	712.07	355.6	11906	metal4	712.07	355.6	1e+12
2822	metal1	768.07	355.6	11907	metal4	768.07	355.6	1e+12
2823	metal1	824.07	355.6	11908	metal4	824.07	355.6	1e+12
2824	metal1	880.07	355.6	11909	metal4	880.07	355.6	1e+12
2825	metal1	936.07	355.6	11910	metal4	936.07	355.6	1e+12
2826	metal1	992.07	355.6	11911	metal4	992.07	355.6	1e+12
2827	metal1	1048.07	355.6	11912	metal4	1048.07	355.6	1e+12
2828	metal1	1086.21	355.6	11913	metal4	1086.21	355.6	1e+12
2829	metal1	14.095	358.4	11914	metal4	14.095	358.4	1e+12
2830	metal1	40.07	358.4	11915	metal4	40.07	358.4	1e+12
2831	metal1	96.07	358.4	11916	metal4	96.07	358.4	1e+12
2832	metal1	108.455	358.4	11917	metal4	108.455	358.4	1e+12
2833	metal1	109.295	358.4	11918	metal4	109.295	358.4	1e+12
2834	metal1	152.07	358.4	11919	metal4	152.07	358.4	1e+12
2835	metal1	208.07	358.4	11920	metal4	208.07	358.4	1e+12
2836	metal1	264.07	358.4	11921	metal4	264.07	358.4	1e+12
2837	metal1	320.07	358.4	11922	metal4	320.07	358.4	1e+12
2838	metal1	376.07	358.4	11923	metal4	376.07	358.4	1e+12
2839	metal1	432.07	358.4	11924	metal4	432.07	358.4	1e+12
2840	metal1	488.07	358.4	11925	metal4	488.07	358.4	1e+12
2841	metal1	544.07	358.4	11926	metal4	544.07	358.4	1e+12
2842	metal1	600.07	358.4	11927	metal4	600.07	358.4	1e+12
2843	metal1	656.07	358.4	11928	metal4	656.07	358.4	1e+12
2844	metal1	712.07	358.4	11929	metal4	712.07	358.4	1e+12
2845	metal1	768.07	358.4	11930	metal4	768.07	358.4	1e+12
2846	metal1	824.07	358.4	11931	metal4	824.07	358.4	1e+12
2847	metal1	880.07	358.4	11932	metal4	880.07	358.4	1e+12
2848	metal1	936.07	358.4	11933	metal4	936.07	358.4	1e+12
2849	metal1	992.07	358.4	11934	metal4	992.07	358.4	1e+12
2850	metal1	1048.07	358.4	11935	metal4	1048.07	358.4	1e+12
2851	metal1	1086.21	358.4	11936	metal4	1086.21	358.4	1e+12
2852	metal1	14.095	361.2	11960	metal4	14.095	361.2	1e+12
2853	metal1	40.07	361.2	11961	metal4	40.07	361.2	1e+12
2854	metal1	96.07	361.2	11962	metal4	96.07	361.2	1e+12
2855	metal1	108.455	361.2	11963	metal4	108.455	361.2	1e+12
2856	metal1	109.295	361.2	11964	metal4	109.295	361.2	1e+12
2857	metal1	152.07	361.2	11965	metal4	152.07	361.2	1e+12
2858	metal1	208.07	361.2	11966	metal4	208.07	361.2	1e+12
2859	metal1	264.07	361.2	11967	metal4	264.07	361.2	1e+12
2860	metal1	320.07	361.2	11968	metal4	320.07	361.2	1e+12
2861	metal1	376.07	361.2	11969	metal4	376.07	361.2	1e+12
2862	metal1	432.07	361.2	11970	metal4	432.07	361.2	1e+12
2863	metal1	488.07	361.2	11971	metal4	488.07	361.2	1e+12
2864	metal1	544.07	361.2	11972	metal4	544.07	361.2	1e+12
2865	metal1	600.07	361.2	11973	metal4	600.07	361.2	1e+12
2866	metal1	656.07	361.2	11974	metal4	656.07	361.2	1e+12
2867	metal1	712.07	361.2	11975	metal4	712.07	361.2	1e+12
2868	metal1	768.07	361.2	11976	metal4	768.07	361.2	1e+12
2869	metal1	824.07	361.2	11977	metal4	824.07	361.2	1e+12
2870	metal1	880.07	361.2	11978	metal4	880.07	361.2	1e+12
2871	metal1	936.07	361.2	11979	metal4	936.07	361.2	1e+12
2872	metal1	992.07	361.2	11980	metal4	992.07	361.2	1e+12
2873	metal1	1048.07	361.2	11981	metal4	1048.07	361.2	1e+12
2874	metal1	1086.21	361.2	11982	metal4	1086.21	361.2	1e+12
2875	metal1	14.095	364	11983	metal4	14.095	364	1e+12
2876	metal1	40.07	364	11984	metal4	40.07	364	1e+12
2877	metal1	96.07	364	11985	metal4	96.07	364	1e+12
2878	metal1	108.455	364	11986	metal4	108.455	364	1e+12
2879	metal1	109.295	364	11987	metal4	109.295	364	1e+12
2880	metal1	152.07	364	11988	metal4	152.07	364	1e+12
2881	metal1	208.07	364	11989	metal4	208.07	364	1e+12
2882	metal1	264.07	364	11990	metal4	264.07	364	1e+12
2883	metal1	320.07	364	11991	metal4	320.07	364	1e+12
2884	metal1	376.07	364	11992	metal4	376.07	364	1e+12
2885	metal1	432.07	364	11993	metal4	432.07	364	1e+12
2886	metal1	488.07	364	11994	metal4	488.07	364	1e+12
2887	metal1	544.07	364	11995	metal4	544.07	364	1e+12
2888	metal1	600.07	364	11996	metal4	600.07	364	1e+12
2889	metal1	656.07	364	11997	metal4	656.07	364	1e+12
2890	metal1	712.07	364	11998	metal4	712.07	364	1e+12
2891	metal1	768.07	364	11999	metal4	768.07	364	1e+12
2892	metal1	824.07	364	12000	metal4	824.07	364	1e+12
2893	metal1	880.07	364	12001	metal4	880.07	364	1e+12
2894	metal1	936.07	364	12002	metal4	936.07	364	1e+12
2895	metal1	992.07	364	12003	metal4	992.07	364	1e+12
2896	metal1	1048.07	364	12004	metal4	1048.07	364	1e+12
2897	metal1	1086.21	364	12005	metal4	1086.21	364	1e+12
2898	metal1	14.095	366.8	12006	metal4	14.095	366.8	1e+12
2899	metal1	40.07	366.8	12007	metal4	40.07	366.8	1e+12
2900	metal1	96.07	366.8	12008	metal4	96.07	366.8	1e+12
2901	metal1	108.455	366.8	12009	metal4	108.455	366.8	1e+12
2902	metal1	109.295	366.8	12010	metal4	109.295	366.8	1e+12
2903	metal1	152.07	366.8	12011	metal4	152.07	366.8	1e+12
2904	metal1	208.07	366.8	12012	metal4	208.07	366.8	1e+12
2905	metal1	264.07	366.8	12013	metal4	264.07	366.8	1e+12
2906	metal1	320.07	366.8	12014	metal4	320.07	366.8	1e+12
2907	metal1	376.07	366.8	12015	metal4	376.07	366.8	1e+12
2908	metal1	432.07	366.8	12016	metal4	432.07	366.8	1e+12
2909	metal1	488.07	366.8	12017	metal4	488.07	366.8	1e+12
2910	metal1	544.07	366.8	12018	metal4	544.07	366.8	1e+12
2911	metal1	600.07	366.8	12019	metal4	600.07	366.8	1e+12
2912	metal1	656.07	366.8	12020	metal4	656.07	366.8	1e+12
2913	metal1	712.07	366.8	12021	metal4	712.07	366.8	1e+12
2914	metal1	768.07	366.8	12022	metal4	768.07	366.8	1e+12
2915	metal1	824.07	366.8	12023	metal4	824.07	366.8	1e+12
2916	metal1	880.07	366.8	12024	metal4	880.07	366.8	1e+12
2917	metal1	936.07	366.8	12025	metal4	936.07	366.8	1e+12
2918	metal1	992.07	366.8	12026	metal4	992.07	366.8	1e+12
2919	metal1	1048.07	366.8	12027	metal4	1048.07	366.8	1e+12
2920	metal1	1086.21	366.8	12028	metal4	1086.21	366.8	1e+12
2921	metal1	14.095	369.6	12029	metal4	14.095	369.6	1e+12
2922	metal1	40.07	369.6	12030	metal4	40.07	369.6	1e+12
2923	metal1	96.07	369.6	12031	metal4	96.07	369.6	1e+12
2924	metal1	108.455	369.6	12032	metal4	108.455	369.6	1e+12
2925	metal1	109.295	369.6	12033	metal4	109.295	369.6	1e+12
2926	metal1	152.07	369.6	12034	metal4	152.07	369.6	1e+12
2927	metal1	208.07	369.6	12035	metal4	208.07	369.6	1e+12
2928	metal1	264.07	369.6	12036	metal4	264.07	369.6	1e+12
2929	metal1	320.07	369.6	12037	metal4	320.07	369.6	1e+12
2930	metal1	376.07	369.6	12038	metal4	376.07	369.6	1e+12
2931	metal1	432.07	369.6	12039	metal4	432.07	369.6	1e+12
2932	metal1	488.07	369.6	12040	metal4	488.07	369.6	1e+12
2933	metal1	544.07	369.6	12041	metal4	544.07	369.6	1e+12
2934	metal1	600.07	369.6	12042	metal4	600.07	369.6	1e+12
2935	metal1	656.07	369.6	12043	metal4	656.07	369.6	1e+12
2936	metal1	712.07	369.6	12044	metal4	712.07	369.6	1e+12
2937	metal1	768.07	369.6	12045	metal4	768.07	369.6	1e+12
2938	metal1	824.07	369.6	12046	metal4	824.07	369.6	1e+12
2939	metal1	880.07	369.6	12047	metal4	880.07	369.6	1e+12
2940	metal1	936.07	369.6	12048	metal4	936.07	369.6	1e+12
2941	metal1	992.07	369.6	12049	metal4	992.07	369.6	1e+12
2942	metal1	1048.07	369.6	12050	metal4	1048.07	369.6	1e+12
2943	metal1	1086.21	369.6	12051	metal4	1086.21	369.6	1e+12
2944	metal1	14.095	372.4	12052	metal4	14.095	372.4	1e+12
2945	metal1	40.07	372.4	12053	metal4	40.07	372.4	1e+12
2946	metal1	96.07	372.4	12054	metal4	96.07	372.4	1e+12
2947	metal1	108.455	372.4	12055	metal4	108.455	372.4	1e+12
2948	metal1	109.295	372.4	12056	metal4	109.295	372.4	1e+12
2949	metal1	152.07	372.4	12057	metal4	152.07	372.4	1e+12
2950	metal1	208.07	372.4	12058	metal4	208.07	372.4	1e+12
2951	metal1	264.07	372.4	12059	metal4	264.07	372.4	1e+12
2952	metal1	320.07	372.4	12060	metal4	320.07	372.4	1e+12
2953	metal1	376.07	372.4	12061	metal4	376.07	372.4	1e+12
2954	metal1	432.07	372.4	12062	metal4	432.07	372.4	1e+12
2955	metal1	488.07	372.4	12063	metal4	488.07	372.4	1e+12
2956	metal1	544.07	372.4	12064	metal4	544.07	372.4	1e+12
2957	metal1	600.07	372.4	12065	metal4	600.07	372.4	1e+12
2958	metal1	656.07	372.4	12066	metal4	656.07	372.4	1e+12
2959	metal1	712.07	372.4	12067	metal4	712.07	372.4	1e+12
2960	metal1	768.07	372.4	12068	metal4	768.07	372.4	1e+12
2961	metal1	824.07	372.4	12069	metal4	824.07	372.4	1e+12
2962	metal1	880.07	372.4	12070	metal4	880.07	372.4	1e+12
2963	metal1	936.07	372.4	12071	metal4	936.07	372.4	1e+12
2964	metal1	992.07	372.4	12072	metal4	992.07	372.4	1e+12
2965	metal1	1048.07	372.4	12073	metal4	1048.07	372.4	1e+12
2966	metal1	1086.21	372.4	12074	metal4	1086.21	372.4	1e+12
2967	metal1	14.095	375.2	12075	metal4	14.095	375.2	1e+12
2968	metal1	40.07	375.2	12076	metal4	40.07	375.2	1e+12
2969	metal1	96.07	375.2	12077	metal4	96.07	375.2	1e+12
2970	metal1	108.455	375.2	12078	metal4	108.455	375.2	1e+12
2971	metal1	109.295	375.2	12079	metal4	109.295	375.2	1e+12
2972	metal1	152.07	375.2	12080	metal4	152.07	375.2	1e+12
2973	metal1	208.07	375.2	12081	metal4	208.07	375.2	1e+12
2974	metal1	264.07	375.2	12082	metal4	264.07	375.2	1e+12
2975	metal1	320.07	375.2	12083	metal4	320.07	375.2	1e+12
2976	metal1	376.07	375.2	12084	metal4	376.07	375.2	1e+12
2977	metal1	432.07	375.2	12085	metal4	432.07	375.2	1e+12
2978	metal1	488.07	375.2	12086	metal4	488.07	375.2	1e+12
2979	metal1	544.07	375.2	12087	metal4	544.07	375.2	1e+12
2980	metal1	600.07	375.2	12088	metal4	600.07	375.2	1e+12
2981	metal1	656.07	375.2	12089	metal4	656.07	375.2	1e+12
2982	metal1	712.07	375.2	12090	metal4	712.07	375.2	1e+12
2983	metal1	768.07	375.2	12091	metal4	768.07	375.2	1e+12
2984	metal1	824.07	375.2	12092	metal4	824.07	375.2	1e+12
2985	metal1	880.07	375.2	12093	metal4	880.07	375.2	1e+12
2986	metal1	936.07	375.2	12094	metal4	936.07	375.2	1e+12
2987	metal1	992.07	375.2	12095	metal4	992.07	375.2	1e+12
2988	metal1	1048.07	375.2	12096	metal4	1048.07	375.2	1e+12
2989	metal1	1086.21	375.2	12097	metal4	1086.21	375.2	1e+12
2990	metal1	14.095	378	12098	metal4	14.095	378	1e+12
2991	metal1	40.07	378	12099	metal4	40.07	378	1e+12
2992	metal1	96.07	378	12100	metal4	96.07	378	1e+12
2993	metal1	108.455	378	12101	metal4	108.455	378	1e+12
2994	metal1	109.295	378	12102	metal4	109.295	378	1e+12
2995	metal1	152.07	378	12103	metal4	152.07	378	1e+12
2996	metal1	208.07	378	12104	metal4	208.07	378	1e+12
2997	metal1	264.07	378	12105	metal4	264.07	378	1e+12
2998	metal1	320.07	378	12106	metal4	320.07	378	1e+12
2999	metal1	376.07	378	12107	metal4	376.07	378	1e+12
3000	metal1	432.07	378	12108	metal4	432.07	378	1e+12
3001	metal1	488.07	378	12109	metal4	488.07	378	1e+12
3002	metal1	544.07	378	12110	metal4	544.07	378	1e+12
3003	metal1	600.07	378	12111	metal4	600.07	378	1e+12
3004	metal1	656.07	378	12112	metal4	656.07	378	1e+12
3005	metal1	712.07	378	12113	metal4	712.07	378	1e+12
3006	metal1	768.07	378	12114	metal4	768.07	378	1e+12
3007	metal1	824.07	378	12115	metal4	824.07	378	1e+12
3008	metal1	880.07	378	12116	metal4	880.07	378	1e+12
3009	metal1	936.07	378	12117	metal4	936.07	378	1e+12
3010	metal1	992.07	378	12118	metal4	992.07	378	1e+12
3011	metal1	1048.07	378	12119	metal4	1048.07	378	1e+12
3012	metal1	1086.21	378	12120	metal4	1086.21	378	1e+12
3013	metal1	14.095	380.8	12121	metal4	14.095	380.8	1e+12
3014	metal1	40.07	380.8	12122	metal4	40.07	380.8	1e+12
3015	metal1	96.07	380.8	12123	metal4	96.07	380.8	1e+12
3016	metal1	108.455	380.8	12124	metal4	108.455	380.8	1e+12
3017	metal1	109.295	380.8	12125	metal4	109.295	380.8	1e+12
3018	metal1	152.07	380.8	12126	metal4	152.07	380.8	1e+12
3019	metal1	208.07	380.8	12127	metal4	208.07	380.8	1e+12
3020	metal1	264.07	380.8	12128	metal4	264.07	380.8	1e+12
3021	metal1	320.07	380.8	12129	metal4	320.07	380.8	1e+12
3022	metal1	376.07	380.8	12130	metal4	376.07	380.8	1e+12
3023	metal1	432.07	380.8	12131	metal4	432.07	380.8	1e+12
3024	metal1	488.07	380.8	12132	metal4	488.07	380.8	1e+12
3025	metal1	544.07	380.8	12133	metal4	544.07	380.8	1e+12
3026	metal1	600.07	380.8	12134	metal4	600.07	380.8	1e+12
3027	metal1	656.07	380.8	12135	metal4	656.07	380.8	1e+12
3028	metal1	712.07	380.8	12136	metal4	712.07	380.8	1e+12
3029	metal1	768.07	380.8	12137	metal4	768.07	380.8	1e+12
3030	metal1	824.07	380.8	12138	metal4	824.07	380.8	1e+12
3031	metal1	880.07	380.8	12139	metal4	880.07	380.8	1e+12
3032	metal1	936.07	380.8	12140	metal4	936.07	380.8	1e+12
3033	metal1	992.07	380.8	12141	metal4	992.07	380.8	1e+12
3034	metal1	1048.07	380.8	12142	metal4	1048.07	380.8	1e+12
3035	metal1	1086.21	380.8	12143	metal4	1086.21	380.8	1e+12
3036	metal1	14.095	383.6	12144	metal4	14.095	383.6	1e+12
3037	metal1	40.07	383.6	12145	metal4	40.07	383.6	1e+12
3038	metal1	96.07	383.6	12146	metal4	96.07	383.6	1e+12
3039	metal1	108.455	383.6	12147	metal4	108.455	383.6	1e+12
3040	metal1	109.295	383.6	12148	metal4	109.295	383.6	1e+12
3041	metal1	152.07	383.6	12149	metal4	152.07	383.6	1e+12
3042	metal1	208.07	383.6	12150	metal4	208.07	383.6	1e+12
3043	metal1	264.07	383.6	12151	metal4	264.07	383.6	1e+12
3044	metal1	320.07	383.6	12152	metal4	320.07	383.6	1e+12
3045	metal1	376.07	383.6	12153	metal4	376.07	383.6	1e+12
3046	metal1	432.07	383.6	12154	metal4	432.07	383.6	1e+12
3047	metal1	488.07	383.6	12155	metal4	488.07	383.6	1e+12
3048	metal1	544.07	383.6	12156	metal4	544.07	383.6	1e+12
3049	metal1	600.07	383.6	12157	metal4	600.07	383.6	1e+12
3050	metal1	656.07	383.6	12158	metal4	656.07	383.6	1e+12
3051	metal1	712.07	383.6	12159	metal4	712.07	383.6	1e+12
3052	metal1	768.07	383.6	12160	metal4	768.07	383.6	1e+12
3053	metal1	824.07	383.6	12161	metal4	824.07	383.6	1e+12
3054	metal1	880.07	383.6	12162	metal4	880.07	383.6	1e+12
3055	metal1	936.07	383.6	12163	metal4	936.07	383.6	1e+12
3056	metal1	992.07	383.6	12164	metal4	992.07	383.6	1e+12
3057	metal1	1048.07	383.6	12165	metal4	1048.07	383.6	1e+12
3058	metal1	1086.21	383.6	12166	metal4	1086.21	383.6	1e+12
3059	metal1	14.095	386.4	12167	metal4	14.095	386.4	1e+12
3060	metal1	40.07	386.4	12168	metal4	40.07	386.4	1e+12
3061	metal1	96.07	386.4	12169	metal4	96.07	386.4	1e+12
3062	metal1	108.455	386.4	12170	metal4	108.455	386.4	1e+12
3063	metal1	109.295	386.4	12171	metal4	109.295	386.4	1e+12
3064	metal1	152.07	386.4	12172	metal4	152.07	386.4	1e+12
3065	metal1	208.07	386.4	12173	metal4	208.07	386.4	1e+12
3066	metal1	264.07	386.4	12174	metal4	264.07	386.4	1e+12
3067	metal1	320.07	386.4	12175	metal4	320.07	386.4	1e+12
3068	metal1	376.07	386.4	12176	metal4	376.07	386.4	1e+12
3069	metal1	432.07	386.4	12177	metal4	432.07	386.4	1e+12
3070	metal1	488.07	386.4	12178	metal4	488.07	386.4	1e+12
3071	metal1	544.07	386.4	12179	metal4	544.07	386.4	1e+12
3072	metal1	600.07	386.4	12180	metal4	600.07	386.4	1e+12
3073	metal1	656.07	386.4	12181	metal4	656.07	386.4	1e+12
3074	metal1	712.07	386.4	12182	metal4	712.07	386.4	1e+12
3075	metal1	768.07	386.4	12183	metal4	768.07	386.4	1e+12
3076	metal1	824.07	386.4	12184	metal4	824.07	386.4	1e+12
3077	metal1	880.07	386.4	12185	metal4	880.07	386.4	1e+12
3078	metal1	936.07	386.4	12186	metal4	936.07	386.4	1e+12
3079	metal1	992.07	386.4	12187	metal4	992.07	386.4	1e+12
3080	metal1	1048.07	386.4	12188	metal4	1048.07	386.4	1e+12
3081	metal1	1086.21	386.4	12189	metal4	1086.21	386.4	1e+12
3082	metal1	14.095	389.2	12190	metal4	14.095	389.2	1e+12
3083	metal1	40.07	389.2	12191	metal4	40.07	389.2	1e+12
3084	metal1	96.07	389.2	12192	metal4	96.07	389.2	1e+12
3085	metal1	108.455	389.2	12193	metal4	108.455	389.2	1e+12
3086	metal1	109.295	389.2	12194	metal4	109.295	389.2	1e+12
3087	metal1	152.07	389.2	12195	metal4	152.07	389.2	1e+12
3088	metal1	208.07	389.2	12196	metal4	208.07	389.2	1e+12
3089	metal1	264.07	389.2	12197	metal4	264.07	389.2	1e+12
3090	metal1	320.07	389.2	12198	metal4	320.07	389.2	1e+12
3091	metal1	376.07	389.2	12199	metal4	376.07	389.2	1e+12
3092	metal1	432.07	389.2	12200	metal4	432.07	389.2	1e+12
3093	metal1	488.07	389.2	12201	metal4	488.07	389.2	1e+12
3094	metal1	544.07	389.2	12202	metal4	544.07	389.2	1e+12
3095	metal1	600.07	389.2	12203	metal4	600.07	389.2	1e+12
3096	metal1	656.07	389.2	12204	metal4	656.07	389.2	1e+12
3097	metal1	712.07	389.2	12205	metal4	712.07	389.2	1e+12
3098	metal1	768.07	389.2	12206	metal4	768.07	389.2	1e+12
3099	metal1	824.07	389.2	12207	metal4	824.07	389.2	1e+12
3100	metal1	880.07	389.2	12208	metal4	880.07	389.2	1e+12
3101	metal1	936.07	389.2	12209	metal4	936.07	389.2	1e+12
3102	metal1	992.07	389.2	12210	metal4	992.07	389.2	1e+12
3103	metal1	1048.07	389.2	12211	metal4	1048.07	389.2	1e+12
3104	metal1	1086.21	389.2	12212	metal4	1086.21	389.2	1e+12
3105	metal1	14.095	392	12236	metal4	14.095	392	1e+12
3106	metal1	40.07	392	12237	metal4	40.07	392	1e+12
3107	metal1	96.07	392	12238	metal4	96.07	392	1e+12
3108	metal1	108.455	392	12239	metal4	108.455	392	1e+12
3109	metal1	109.295	392	12240	metal4	109.295	392	1e+12
3110	metal1	152.07	392	12241	metal4	152.07	392	1e+12
3111	metal1	208.07	392	12242	metal4	208.07	392	1e+12
3112	metal1	264.07	392	12243	metal4	264.07	392	1e+12
3113	metal1	320.07	392	12244	metal4	320.07	392	1e+12
3114	metal1	376.07	392	12245	metal4	376.07	392	1e+12
3115	metal1	432.07	392	12246	metal4	432.07	392	1e+12
3116	metal1	488.07	392	12247	metal4	488.07	392	1e+12
3117	metal1	544.07	392	12248	metal4	544.07	392	1e+12
3118	metal1	600.07	392	12249	metal4	600.07	392	1e+12
3119	metal1	656.07	392	12250	metal4	656.07	392	1e+12
3120	metal1	712.07	392	12251	metal4	712.07	392	1e+12
3121	metal1	768.07	392	12252	metal4	768.07	392	1e+12
3122	metal1	824.07	392	12253	metal4	824.07	392	1e+12
3123	metal1	880.07	392	12254	metal4	880.07	392	1e+12
3124	metal1	936.07	392	12255	metal4	936.07	392	1e+12
3125	metal1	992.07	392	12256	metal4	992.07	392	1e+12
3126	metal1	1048.07	392	12257	metal4	1048.07	392	1e+12
3127	metal1	1086.21	392	12258	metal4	1086.21	392	1e+12
3128	metal1	14.095	394.8	12259	metal4	14.095	394.8	1e+12
3129	metal1	40.07	394.8	12260	metal4	40.07	394.8	1e+12
3130	metal1	96.07	394.8	12261	metal4	96.07	394.8	1e+12
3131	metal1	108.455	394.8	12262	metal4	108.455	394.8	1e+12
3132	metal1	109.295	394.8	12263	metal4	109.295	394.8	1e+12
3133	metal1	152.07	394.8	12264	metal4	152.07	394.8	1e+12
3134	metal1	208.07	394.8	12265	metal4	208.07	394.8	1e+12
3135	metal1	264.07	394.8	12266	metal4	264.07	394.8	1e+12
3136	metal1	320.07	394.8	12267	metal4	320.07	394.8	1e+12
3137	metal1	376.07	394.8	12268	metal4	376.07	394.8	1e+12
3138	metal1	432.07	394.8	12269	metal4	432.07	394.8	1e+12
3139	metal1	488.07	394.8	12270	metal4	488.07	394.8	1e+12
3140	metal1	544.07	394.8	12271	metal4	544.07	394.8	1e+12
3141	metal1	600.07	394.8	12272	metal4	600.07	394.8	1e+12
3142	metal1	656.07	394.8	12273	metal4	656.07	394.8	1e+12
3143	metal1	712.07	394.8	12274	metal4	712.07	394.8	1e+12
3144	metal1	768.07	394.8	12275	metal4	768.07	394.8	1e+12
3145	metal1	824.07	394.8	12276	metal4	824.07	394.8	1e+12
3146	metal1	880.07	394.8	12277	metal4	880.07	394.8	1e+12
3147	metal1	936.07	394.8	12278	metal4	936.07	394.8	1e+12
3148	metal1	992.07	394.8	12279	metal4	992.07	394.8	1e+12
3149	metal1	1048.07	394.8	12280	metal4	1048.07	394.8	1e+12
3150	metal1	1086.21	394.8	12281	metal4	1086.21	394.8	1e+12
3151	metal1	14.095	397.6	12282	metal4	14.095	397.6	1e+12
3152	metal1	40.07	397.6	12283	metal4	40.07	397.6	1e+12
3153	metal1	96.07	397.6	12284	metal4	96.07	397.6	1e+12
3154	metal1	108.455	397.6	12285	metal4	108.455	397.6	1e+12
3155	metal1	109.295	397.6	12286	metal4	109.295	397.6	1e+12
3156	metal1	152.07	397.6	12287	metal4	152.07	397.6	1e+12
3157	metal1	208.07	397.6	12288	metal4	208.07	397.6	1e+12
3158	metal1	264.07	397.6	12289	metal4	264.07	397.6	1e+12
3159	metal1	320.07	397.6	12290	metal4	320.07	397.6	1e+12
3160	metal1	376.07	397.6	12291	metal4	376.07	397.6	1e+12
3161	metal1	432.07	397.6	12292	metal4	432.07	397.6	1e+12
3162	metal1	488.07	397.6	12293	metal4	488.07	397.6	1e+12
3163	metal1	544.07	397.6	12294	metal4	544.07	397.6	1e+12
3164	metal1	600.07	397.6	12295	metal4	600.07	397.6	1e+12
3165	metal1	656.07	397.6	12296	metal4	656.07	397.6	1e+12
3166	metal1	712.07	397.6	12297	metal4	712.07	397.6	1e+12
3167	metal1	768.07	397.6	12298	metal4	768.07	397.6	1e+12
3168	metal1	824.07	397.6	12299	metal4	824.07	397.6	1e+12
3169	metal1	880.07	397.6	12300	metal4	880.07	397.6	1e+12
3170	metal1	936.07	397.6	12301	metal4	936.07	397.6	1e+12
3171	metal1	992.07	397.6	12302	metal4	992.07	397.6	1e+12
3172	metal1	1048.07	397.6	12303	metal4	1048.07	397.6	1e+12
3173	metal1	1086.21	397.6	12304	metal4	1086.21	397.6	1e+12
3174	metal1	14.095	400.4	12305	metal4	14.095	400.4	1e+12
3175	metal1	40.07	400.4	12306	metal4	40.07	400.4	1e+12
3176	metal1	96.07	400.4	12307	metal4	96.07	400.4	1e+12
3177	metal1	108.455	400.4	12308	metal4	108.455	400.4	1e+12
3178	metal1	109.295	400.4	12309	metal4	109.295	400.4	1e+12
3179	metal1	152.07	400.4	12310	metal4	152.07	400.4	1e+12
3180	metal1	208.07	400.4	12311	metal4	208.07	400.4	1e+12
3181	metal1	264.07	400.4	12312	metal4	264.07	400.4	1e+12
3182	metal1	320.07	400.4	12313	metal4	320.07	400.4	1e+12
3183	metal1	376.07	400.4	12314	metal4	376.07	400.4	1e+12
3184	metal1	432.07	400.4	12315	metal4	432.07	400.4	1e+12
3185	metal1	488.07	400.4	12316	metal4	488.07	400.4	1e+12
3186	metal1	544.07	400.4	12317	metal4	544.07	400.4	1e+12
3187	metal1	600.07	400.4	12318	metal4	600.07	400.4	1e+12
3188	metal1	656.07	400.4	12319	metal4	656.07	400.4	1e+12
3189	metal1	712.07	400.4	12320	metal4	712.07	400.4	1e+12
3190	metal1	768.07	400.4	12321	metal4	768.07	400.4	1e+12
3191	metal1	824.07	400.4	12322	metal4	824.07	400.4	1e+12
3192	metal1	880.07	400.4	12323	metal4	880.07	400.4	1e+12
3193	metal1	936.07	400.4	12324	metal4	936.07	400.4	1e+12
3194	metal1	992.07	400.4	12325	metal4	992.07	400.4	1e+12
3195	metal1	1048.07	400.4	12326	metal4	1048.07	400.4	1e+12
3196	metal1	1086.21	400.4	12327	metal4	1086.21	400.4	1e+12
3197	metal1	14.095	403.2	12328	metal4	14.095	403.2	1e+12
3198	metal1	40.07	403.2	12329	metal4	40.07	403.2	1e+12
3199	metal1	96.07	403.2	12330	metal4	96.07	403.2	1e+12
3200	metal1	108.455	403.2	12331	metal4	108.455	403.2	1e+12
3201	metal1	109.295	403.2	12332	metal4	109.295	403.2	1e+12
3202	metal1	152.07	403.2	12333	metal4	152.07	403.2	1e+12
3203	metal1	208.07	403.2	12334	metal4	208.07	403.2	1e+12
3204	metal1	264.07	403.2	12335	metal4	264.07	403.2	1e+12
3205	metal1	320.07	403.2	12336	metal4	320.07	403.2	1e+12
3206	metal1	376.07	403.2	12337	metal4	376.07	403.2	1e+12
3207	metal1	432.07	403.2	12338	metal4	432.07	403.2	1e+12
3208	metal1	488.07	403.2	12339	metal4	488.07	403.2	1e+12
3209	metal1	544.07	403.2	12340	metal4	544.07	403.2	1e+12
3210	metal1	600.07	403.2	12341	metal4	600.07	403.2	1e+12
3211	metal1	656.07	403.2	12342	metal4	656.07	403.2	1e+12
3212	metal1	712.07	403.2	12343	metal4	712.07	403.2	1e+12
3213	metal1	768.07	403.2	12344	metal4	768.07	403.2	1e+12
3214	metal1	824.07	403.2	12345	metal4	824.07	403.2	1e+12
3215	metal1	880.07	403.2	12346	metal4	880.07	403.2	1e+12
3216	metal1	936.07	403.2	12347	metal4	936.07	403.2	1e+12
3217	metal1	992.07	403.2	12348	metal4	992.07	403.2	1e+12
3218	metal1	1048.07	403.2	12349	metal4	1048.07	403.2	1e+12
3219	metal1	1086.21	403.2	12350	metal4	1086.21	403.2	1e+12
3220	metal1	14.095	406	12351	metal4	14.095	406	1e+12
3221	metal1	40.07	406	12352	metal4	40.07	406	1e+12
3222	metal1	96.07	406	12353	metal4	96.07	406	1e+12
3223	metal1	108.455	406	12354	metal4	108.455	406	1e+12
3224	metal1	109.295	406	12355	metal4	109.295	406	1e+12
3225	metal1	152.07	406	12356	metal4	152.07	406	1e+12
3226	metal1	208.07	406	12357	metal4	208.07	406	1e+12
3227	metal1	264.07	406	12358	metal4	264.07	406	1e+12
3228	metal1	320.07	406	12359	metal4	320.07	406	1e+12
3229	metal1	376.07	406	12360	metal4	376.07	406	1e+12
3230	metal1	432.07	406	12361	metal4	432.07	406	1e+12
3231	metal1	488.07	406	12362	metal4	488.07	406	1e+12
3232	metal1	544.07	406	12363	metal4	544.07	406	1e+12
3233	metal1	600.07	406	12364	metal4	600.07	406	1e+12
3234	metal1	656.07	406	12365	metal4	656.07	406	1e+12
3235	metal1	712.07	406	12366	metal4	712.07	406	1e+12
3236	metal1	768.07	406	12367	metal4	768.07	406	1e+12
3237	metal1	824.07	406	12368	metal4	824.07	406	1e+12
3238	metal1	880.07	406	12369	metal4	880.07	406	1e+12
3239	metal1	936.07	406	12370	metal4	936.07	406	1e+12
3240	metal1	992.07	406	12371	metal4	992.07	406	1e+12
3241	metal1	1048.07	406	12372	metal4	1048.07	406	1e+12
3242	metal1	1086.21	406	12373	metal4	1086.21	406	1e+12
3243	metal1	14.095	408.8	12374	metal4	14.095	408.8	1e+12
3244	metal1	40.07	408.8	12375	metal4	40.07	408.8	1e+12
3245	metal1	96.07	408.8	12376	metal4	96.07	408.8	1e+12
3246	metal1	108.455	408.8	12377	metal4	108.455	408.8	1e+12
3247	metal1	109.295	408.8	12378	metal4	109.295	408.8	1e+12
3248	metal1	152.07	408.8	12379	metal4	152.07	408.8	1e+12
3249	metal1	208.07	408.8	12380	metal4	208.07	408.8	1e+12
3250	metal1	264.07	408.8	12381	metal4	264.07	408.8	1e+12
3251	metal1	320.07	408.8	12382	metal4	320.07	408.8	1e+12
3252	metal1	376.07	408.8	12383	metal4	376.07	408.8	1e+12
3253	metal1	432.07	408.8	12384	metal4	432.07	408.8	1e+12
3254	metal1	488.07	408.8	12385	metal4	488.07	408.8	1e+12
3255	metal1	544.07	408.8	12386	metal4	544.07	408.8	1e+12
3256	metal1	600.07	408.8	12387	metal4	600.07	408.8	1e+12
3257	metal1	656.07	408.8	12388	metal4	656.07	408.8	1e+12
3258	metal1	712.07	408.8	12389	metal4	712.07	408.8	1e+12
3259	metal1	768.07	408.8	12390	metal4	768.07	408.8	1e+12
3260	metal1	824.07	408.8	12391	metal4	824.07	408.8	1e+12
3261	metal1	880.07	408.8	12392	metal4	880.07	408.8	1e+12
3262	metal1	936.07	408.8	12393	metal4	936.07	408.8	1e+12
3263	metal1	992.07	408.8	12394	metal4	992.07	408.8	1e+12
3264	metal1	1048.07	408.8	12395	metal4	1048.07	408.8	1e+12
3265	metal1	1086.21	408.8	12396	metal4	1086.21	408.8	1e+12
3266	metal1	14.095	411.6	12397	metal4	14.095	411.6	1e+12
3267	metal1	40.07	411.6	12398	metal4	40.07	411.6	1e+12
3268	metal1	96.07	411.6	12399	metal4	96.07	411.6	1e+12
3269	metal1	108.455	411.6	12400	metal4	108.455	411.6	1e+12
3270	metal1	109.295	411.6	12401	metal4	109.295	411.6	1e+12
3271	metal1	152.07	411.6	12402	metal4	152.07	411.6	1e+12
3272	metal1	208.07	411.6	12403	metal4	208.07	411.6	1e+12
3273	metal1	264.07	411.6	12404	metal4	264.07	411.6	1e+12
3274	metal1	320.07	411.6	12405	metal4	320.07	411.6	1e+12
3275	metal1	376.07	411.6	12406	metal4	376.07	411.6	1e+12
3276	metal1	432.07	411.6	12407	metal4	432.07	411.6	1e+12
3277	metal1	488.07	411.6	12408	metal4	488.07	411.6	1e+12
3278	metal1	544.07	411.6	12409	metal4	544.07	411.6	1e+12
3279	metal1	600.07	411.6	12410	metal4	600.07	411.6	1e+12
3280	metal1	656.07	411.6	12411	metal4	656.07	411.6	1e+12
3281	metal1	712.07	411.6	12412	metal4	712.07	411.6	1e+12
3282	metal1	768.07	411.6	12413	metal4	768.07	411.6	1e+12
3283	metal1	824.07	411.6	12414	metal4	824.07	411.6	1e+12
3284	metal1	880.07	411.6	12415	metal4	880.07	411.6	1e+12
3285	metal1	936.07	411.6	12416	metal4	936.07	411.6	1e+12
3286	metal1	992.07	411.6	12417	metal4	992.07	411.6	1e+12
3287	metal1	1048.07	411.6	12418	metal4	1048.07	411.6	1e+12
3288	metal1	1086.21	411.6	12419	metal4	1086.21	411.6	1e+12
3289	metal1	14.095	414.4	12420	metal4	14.095	414.4	1e+12
3290	metal1	40.07	414.4	12421	metal4	40.07	414.4	1e+12
3291	metal1	96.07	414.4	12422	metal4	96.07	414.4	1e+12
3292	metal1	108.455	414.4	12423	metal4	108.455	414.4	1e+12
3293	metal1	109.295	414.4	12424	metal4	109.295	414.4	1e+12
3294	metal1	152.07	414.4	12425	metal4	152.07	414.4	1e+12
3295	metal1	208.07	414.4	12426	metal4	208.07	414.4	1e+12
3296	metal1	264.07	414.4	12427	metal4	264.07	414.4	1e+12
3297	metal1	320.07	414.4	12428	metal4	320.07	414.4	1e+12
3298	metal1	376.07	414.4	12429	metal4	376.07	414.4	1e+12
3299	metal1	432.07	414.4	12430	metal4	432.07	414.4	1e+12
3300	metal1	488.07	414.4	12431	metal4	488.07	414.4	1e+12
3301	metal1	544.07	414.4	12432	metal4	544.07	414.4	1e+12
3302	metal1	600.07	414.4	12433	metal4	600.07	414.4	1e+12
3303	metal1	656.07	414.4	12434	metal4	656.07	414.4	1e+12
3304	metal1	712.07	414.4	12435	metal4	712.07	414.4	1e+12
3305	metal1	768.07	414.4	12436	metal4	768.07	414.4	1e+12
3306	metal1	824.07	414.4	12437	metal4	824.07	414.4	1e+12
3307	metal1	880.07	414.4	12438	metal4	880.07	414.4	1e+12
3308	metal1	936.07	414.4	12439	metal4	936.07	414.4	1e+12
3309	metal1	992.07	414.4	12440	metal4	992.07	414.4	1e+12
3310	metal1	1048.07	414.4	12441	metal4	1048.07	414.4	1e+12
3311	metal1	1086.21	414.4	12442	metal4	1086.21	414.4	1e+12
3312	metal1	14.095	417.2	12443	metal4	14.095	417.2	1e+12
3313	metal1	40.07	417.2	12444	metal4	40.07	417.2	1e+12
3314	metal1	96.07	417.2	12445	metal4	96.07	417.2	1e+12
3315	metal1	108.455	417.2	12446	metal4	108.455	417.2	1e+12
3316	metal1	109.295	417.2	12447	metal4	109.295	417.2	1e+12
3317	metal1	152.07	417.2	12448	metal4	152.07	417.2	1e+12
3318	metal1	208.07	417.2	12449	metal4	208.07	417.2	1e+12
3319	metal1	264.07	417.2	12450	metal4	264.07	417.2	1e+12
3320	metal1	320.07	417.2	12451	metal4	320.07	417.2	1e+12
3321	metal1	376.07	417.2	12452	metal4	376.07	417.2	1e+12
3322	metal1	432.07	417.2	12453	metal4	432.07	417.2	1e+12
3323	metal1	488.07	417.2	12454	metal4	488.07	417.2	1e+12
3324	metal1	544.07	417.2	12455	metal4	544.07	417.2	1e+12
3325	metal1	600.07	417.2	12456	metal4	600.07	417.2	1e+12
3326	metal1	656.07	417.2	12457	metal4	656.07	417.2	1e+12
3327	metal1	712.07	417.2	12458	metal4	712.07	417.2	1e+12
3328	metal1	768.07	417.2	12459	metal4	768.07	417.2	1e+12
3329	metal1	824.07	417.2	12460	metal4	824.07	417.2	1e+12
3330	metal1	880.07	417.2	12461	metal4	880.07	417.2	1e+12
3331	metal1	936.07	417.2	12462	metal4	936.07	417.2	1e+12
3332	metal1	992.07	417.2	12463	metal4	992.07	417.2	1e+12
3333	metal1	1048.07	417.2	12464	metal4	1048.07	417.2	1e+12
3334	metal1	1086.21	417.2	12465	metal4	1086.21	417.2	1e+12
3335	metal1	14.095	420	12489	metal4	14.095	420	1e+12
3336	metal1	40.07	420	12490	metal4	40.07	420	1e+12
3337	metal1	96.07	420	12491	metal4	96.07	420	1e+12
3338	metal1	108.455	420	12492	metal4	108.455	420	1e+12
3339	metal1	109.295	420	12493	metal4	109.295	420	1e+12
3340	metal1	152.07	420	12494	metal4	152.07	420	1e+12
3341	metal1	208.07	420	12495	metal4	208.07	420	1e+12
3342	metal1	264.07	420	12496	metal4	264.07	420	1e+12
3343	metal1	320.07	420	12497	metal4	320.07	420	1e+12
3344	metal1	376.07	420	12498	metal4	376.07	420	1e+12
3345	metal1	432.07	420	12499	metal4	432.07	420	1e+12
3346	metal1	488.07	420	12500	metal4	488.07	420	1e+12
3347	metal1	544.07	420	12501	metal4	544.07	420	1e+12
3348	metal1	600.07	420	12502	metal4	600.07	420	1e+12
3349	metal1	656.07	420	12503	metal4	656.07	420	1e+12
3350	metal1	712.07	420	12504	metal4	712.07	420	1e+12
3351	metal1	768.07	420	12505	metal4	768.07	420	1e+12
3352	metal1	824.07	420	12506	metal4	824.07	420	1e+12
3353	metal1	880.07	420	12507	metal4	880.07	420	1e+12
3354	metal1	936.07	420	12508	metal4	936.07	420	1e+12
3355	metal1	992.07	420	12509	metal4	992.07	420	1e+12
3356	metal1	1048.07	420	12510	metal4	1048.07	420	1e+12
3357	metal1	1086.21	420	12511	metal4	1086.21	420	1e+12
3358	metal1	14.095	422.8	12512	metal4	14.095	422.8	1e+12
3359	metal1	40.07	422.8	12513	metal4	40.07	422.8	1e+12
3360	metal1	96.07	422.8	12514	metal4	96.07	422.8	1e+12
3361	metal1	108.455	422.8	12515	metal4	108.455	422.8	1e+12
3362	metal1	109.295	422.8	12516	metal4	109.295	422.8	1e+12
3363	metal1	152.07	422.8	12517	metal4	152.07	422.8	1e+12
3364	metal1	208.07	422.8	12518	metal4	208.07	422.8	1e+12
3365	metal1	264.07	422.8	12519	metal4	264.07	422.8	1e+12
3366	metal1	320.07	422.8	12520	metal4	320.07	422.8	1e+12
3367	metal1	376.07	422.8	12521	metal4	376.07	422.8	1e+12
3368	metal1	432.07	422.8	12522	metal4	432.07	422.8	1e+12
3369	metal1	488.07	422.8	12523	metal4	488.07	422.8	1e+12
3370	metal1	544.07	422.8	12524	metal4	544.07	422.8	1e+12
3371	metal1	600.07	422.8	12525	metal4	600.07	422.8	1e+12
3372	metal1	656.07	422.8	12526	metal4	656.07	422.8	1e+12
3373	metal1	712.07	422.8	12527	metal4	712.07	422.8	1e+12
3374	metal1	768.07	422.8	12528	metal4	768.07	422.8	1e+12
3375	metal1	824.07	422.8	12529	metal4	824.07	422.8	1e+12
3376	metal1	880.07	422.8	12530	metal4	880.07	422.8	1e+12
3377	metal1	936.07	422.8	12531	metal4	936.07	422.8	1e+12
3378	metal1	992.07	422.8	12532	metal4	992.07	422.8	1e+12
3379	metal1	1048.07	422.8	12533	metal4	1048.07	422.8	1e+12
3380	metal1	1086.21	422.8	12534	metal4	1086.21	422.8	1e+12
3381	metal1	14.095	425.6	12535	metal4	14.095	425.6	1e+12
3382	metal1	40.07	425.6	12536	metal4	40.07	425.6	1e+12
3383	metal1	96.07	425.6	12537	metal4	96.07	425.6	1e+12
3384	metal1	108.455	425.6	12538	metal4	108.455	425.6	1e+12
3385	metal1	109.295	425.6	12539	metal4	109.295	425.6	1e+12
3386	metal1	152.07	425.6	12540	metal4	152.07	425.6	1e+12
3387	metal1	208.07	425.6	12541	metal4	208.07	425.6	1e+12
3388	metal1	264.07	425.6	12542	metal4	264.07	425.6	1e+12
3389	metal1	320.07	425.6	12543	metal4	320.07	425.6	1e+12
3390	metal1	376.07	425.6	12544	metal4	376.07	425.6	1e+12
3391	metal1	432.07	425.6	12545	metal4	432.07	425.6	1e+12
3392	metal1	488.07	425.6	12546	metal4	488.07	425.6	1e+12
3393	metal1	544.07	425.6	12547	metal4	544.07	425.6	1e+12
3394	metal1	600.07	425.6	12548	metal4	600.07	425.6	1e+12
3395	metal1	656.07	425.6	12549	metal4	656.07	425.6	1e+12
3396	metal1	712.07	425.6	12550	metal4	712.07	425.6	1e+12
3397	metal1	768.07	425.6	12551	metal4	768.07	425.6	1e+12
3398	metal1	824.07	425.6	12552	metal4	824.07	425.6	1e+12
3399	metal1	880.07	425.6	12553	metal4	880.07	425.6	1e+12
3400	metal1	936.07	425.6	12554	metal4	936.07	425.6	1e+12
3401	metal1	992.07	425.6	12555	metal4	992.07	425.6	1e+12
3402	metal1	1048.07	425.6	12556	metal4	1048.07	425.6	1e+12
3403	metal1	1086.21	425.6	12557	metal4	1086.21	425.6	1e+12
3404	metal1	14.095	428.4	12558	metal4	14.095	428.4	1e+12
3405	metal1	40.07	428.4	12559	metal4	40.07	428.4	1e+12
3406	metal1	96.07	428.4	12560	metal4	96.07	428.4	1e+12
3407	metal1	108.455	428.4	12561	metal4	108.455	428.4	1e+12
3408	metal1	109.295	428.4	12562	metal4	109.295	428.4	1e+12
3409	metal1	152.07	428.4	12563	metal4	152.07	428.4	1e+12
3410	metal1	208.07	428.4	12564	metal4	208.07	428.4	1e+12
3411	metal1	264.07	428.4	12565	metal4	264.07	428.4	1e+12
3412	metal1	320.07	428.4	12566	metal4	320.07	428.4	1e+12
3413	metal1	376.07	428.4	12567	metal4	376.07	428.4	1e+12
3414	metal1	432.07	428.4	12568	metal4	432.07	428.4	1e+12
3415	metal1	488.07	428.4	12569	metal4	488.07	428.4	1e+12
3416	metal1	544.07	428.4	12570	metal4	544.07	428.4	1e+12
3417	metal1	600.07	428.4	12571	metal4	600.07	428.4	1e+12
3418	metal1	656.07	428.4	12572	metal4	656.07	428.4	1e+12
3419	metal1	712.07	428.4	12573	metal4	712.07	428.4	1e+12
3420	metal1	768.07	428.4	12574	metal4	768.07	428.4	1e+12
3421	metal1	824.07	428.4	12575	metal4	824.07	428.4	1e+12
3422	metal1	880.07	428.4	12576	metal4	880.07	428.4	1e+12
3423	metal1	936.07	428.4	12577	metal4	936.07	428.4	1e+12
3424	metal1	992.07	428.4	12578	metal4	992.07	428.4	1e+12
3425	metal1	1048.07	428.4	12579	metal4	1048.07	428.4	1e+12
3426	metal1	1086.21	428.4	12580	metal4	1086.21	428.4	1e+12
3427	metal1	14.095	431.2	12581	metal4	14.095	431.2	1e+12
3428	metal1	40.07	431.2	12582	metal4	40.07	431.2	1e+12
3429	metal1	96.07	431.2	12583	metal4	96.07	431.2	1e+12
3430	metal1	108.455	431.2	12584	metal4	108.455	431.2	1e+12
3431	metal1	109.295	431.2	12585	metal4	109.295	431.2	1e+12
3432	metal1	152.07	431.2	12586	metal4	152.07	431.2	1e+12
3433	metal1	208.07	431.2	12587	metal4	208.07	431.2	1e+12
3434	metal1	264.07	431.2	12588	metal4	264.07	431.2	1e+12
3435	metal1	320.07	431.2	12589	metal4	320.07	431.2	1e+12
3436	metal1	376.07	431.2	12590	metal4	376.07	431.2	1e+12
3437	metal1	432.07	431.2	12591	metal4	432.07	431.2	1e+12
3438	metal1	488.07	431.2	12592	metal4	488.07	431.2	1e+12
3439	metal1	544.07	431.2	12593	metal4	544.07	431.2	1e+12
3440	metal1	600.07	431.2	12594	metal4	600.07	431.2	1e+12
3441	metal1	656.07	431.2	12595	metal4	656.07	431.2	1e+12
3442	metal1	712.07	431.2	12596	metal4	712.07	431.2	1e+12
3443	metal1	768.07	431.2	12597	metal4	768.07	431.2	1e+12
3444	metal1	824.07	431.2	12598	metal4	824.07	431.2	1e+12
3445	metal1	880.07	431.2	12599	metal4	880.07	431.2	1e+12
3446	metal1	936.07	431.2	12600	metal4	936.07	431.2	1e+12
3447	metal1	992.07	431.2	12601	metal4	992.07	431.2	1e+12
3448	metal1	1048.07	431.2	12602	metal4	1048.07	431.2	1e+12
3449	metal1	1086.21	431.2	12603	metal4	1086.21	431.2	1e+12
3450	metal1	14.095	434	12604	metal4	14.095	434	1e+12
3451	metal1	40.07	434	12605	metal4	40.07	434	1e+12
3452	metal1	96.07	434	12606	metal4	96.07	434	1e+12
3453	metal1	108.455	434	12607	metal4	108.455	434	1e+12
3454	metal1	109.295	434	12608	metal4	109.295	434	1e+12
3455	metal1	152.07	434	12609	metal4	152.07	434	1e+12
3456	metal1	208.07	434	12610	metal4	208.07	434	1e+12
3457	metal1	264.07	434	12611	metal4	264.07	434	1e+12
3458	metal1	320.07	434	12612	metal4	320.07	434	1e+12
3459	metal1	376.07	434	12613	metal4	376.07	434	1e+12
3460	metal1	432.07	434	12614	metal4	432.07	434	1e+12
3461	metal1	488.07	434	12615	metal4	488.07	434	1e+12
3462	metal1	544.07	434	12616	metal4	544.07	434	1e+12
3463	metal1	600.07	434	12617	metal4	600.07	434	1e+12
3464	metal1	656.07	434	12618	metal4	656.07	434	1e+12
3465	metal1	712.07	434	12619	metal4	712.07	434	1e+12
3466	metal1	768.07	434	12620	metal4	768.07	434	1e+12
3467	metal1	824.07	434	12621	metal4	824.07	434	1e+12
3468	metal1	880.07	434	12622	metal4	880.07	434	1e+12
3469	metal1	936.07	434	12623	metal4	936.07	434	1e+12
3470	metal1	992.07	434	12624	metal4	992.07	434	1e+12
3471	metal1	1048.07	434	12625	metal4	1048.07	434	1e+12
3472	metal1	1086.21	434	12626	metal4	1086.21	434	1e+12
3473	metal1	14.095	436.8	12627	metal4	14.095	436.8	1e+12
3474	metal1	40.07	436.8	12628	metal4	40.07	436.8	1e+12
3475	metal1	96.07	436.8	12629	metal4	96.07	436.8	1e+12
3476	metal1	108.455	436.8	12630	metal4	108.455	436.8	1e+12
3477	metal1	109.295	436.8	12631	metal4	109.295	436.8	1e+12
3478	metal1	152.07	436.8	12632	metal4	152.07	436.8	1e+12
3479	metal1	208.07	436.8	12633	metal4	208.07	436.8	1e+12
3480	metal1	264.07	436.8	12634	metal4	264.07	436.8	1e+12
3481	metal1	320.07	436.8	12635	metal4	320.07	436.8	1e+12
3482	metal1	376.07	436.8	12636	metal4	376.07	436.8	1e+12
3483	metal1	432.07	436.8	12637	metal4	432.07	436.8	1e+12
3484	metal1	488.07	436.8	12638	metal4	488.07	436.8	1e+12
3485	metal1	544.07	436.8	12639	metal4	544.07	436.8	1e+12
3486	metal1	600.07	436.8	12640	metal4	600.07	436.8	1e+12
3487	metal1	656.07	436.8	12641	metal4	656.07	436.8	1e+12
3488	metal1	712.07	436.8	12642	metal4	712.07	436.8	1e+12
3489	metal1	768.07	436.8	12643	metal4	768.07	436.8	1e+12
3490	metal1	824.07	436.8	12644	metal4	824.07	436.8	1e+12
3491	metal1	880.07	436.8	12645	metal4	880.07	436.8	1e+12
3492	metal1	936.07	436.8	12646	metal4	936.07	436.8	1e+12
3493	metal1	992.07	436.8	12647	metal4	992.07	436.8	1e+12
3494	metal1	1048.07	436.8	12648	metal4	1048.07	436.8	1e+12
3495	metal1	1086.21	436.8	12649	metal4	1086.21	436.8	1e+12
3496	metal1	14.095	439.6	12650	metal4	14.095	439.6	1e+12
3497	metal1	40.07	439.6	12651	metal4	40.07	439.6	1e+12
3498	metal1	96.07	439.6	12652	metal4	96.07	439.6	1e+12
3499	metal1	108.455	439.6	12653	metal4	108.455	439.6	1e+12
3500	metal1	109.295	439.6	12654	metal4	109.295	439.6	1e+12
3501	metal1	152.07	439.6	12655	metal4	152.07	439.6	1e+12
3502	metal1	208.07	439.6	12656	metal4	208.07	439.6	1e+12
3503	metal1	264.07	439.6	12657	metal4	264.07	439.6	1e+12
3504	metal1	320.07	439.6	12658	metal4	320.07	439.6	1e+12
3505	metal1	376.07	439.6	12659	metal4	376.07	439.6	1e+12
3506	metal1	432.07	439.6	12660	metal4	432.07	439.6	1e+12
3507	metal1	488.07	439.6	12661	metal4	488.07	439.6	1e+12
3508	metal1	544.07	439.6	12662	metal4	544.07	439.6	1e+12
3509	metal1	600.07	439.6	12663	metal4	600.07	439.6	1e+12
3510	metal1	656.07	439.6	12664	metal4	656.07	439.6	1e+12
3511	metal1	712.07	439.6	12665	metal4	712.07	439.6	1e+12
3512	metal1	768.07	439.6	12666	metal4	768.07	439.6	1e+12
3513	metal1	824.07	439.6	12667	metal4	824.07	439.6	1e+12
3514	metal1	880.07	439.6	12668	metal4	880.07	439.6	1e+12
3515	metal1	936.07	439.6	12669	metal4	936.07	439.6	1e+12
3516	metal1	992.07	439.6	12670	metal4	992.07	439.6	1e+12
3517	metal1	1048.07	439.6	12671	metal4	1048.07	439.6	1e+12
3518	metal1	1086.21	439.6	12672	metal4	1086.21	439.6	1e+12
3519	metal1	14.095	442.4	12673	metal4	14.095	442.4	1e+12
3520	metal1	40.07	442.4	12674	metal4	40.07	442.4	1e+12
3521	metal1	96.07	442.4	12675	metal4	96.07	442.4	1e+12
3522	metal1	108.455	442.4	12676	metal4	108.455	442.4	1e+12
3523	metal1	109.295	442.4	12677	metal4	109.295	442.4	1e+12
3524	metal1	152.07	442.4	12678	metal4	152.07	442.4	1e+12
3525	metal1	208.07	442.4	12679	metal4	208.07	442.4	1e+12
3526	metal1	264.07	442.4	12680	metal4	264.07	442.4	1e+12
3527	metal1	320.07	442.4	12681	metal4	320.07	442.4	1e+12
3528	metal1	376.07	442.4	12682	metal4	376.07	442.4	1e+12
3529	metal1	432.07	442.4	12683	metal4	432.07	442.4	1e+12
3530	metal1	488.07	442.4	12684	metal4	488.07	442.4	1e+12
3531	metal1	544.07	442.4	12685	metal4	544.07	442.4	1e+12
3532	metal1	600.07	442.4	12686	metal4	600.07	442.4	1e+12
3533	metal1	656.07	442.4	12687	metal4	656.07	442.4	1e+12
3534	metal1	712.07	442.4	12688	metal4	712.07	442.4	1e+12
3535	metal1	768.07	442.4	12689	metal4	768.07	442.4	1e+12
3536	metal1	824.07	442.4	12690	metal4	824.07	442.4	1e+12
3537	metal1	880.07	442.4	12691	metal4	880.07	442.4	1e+12
3538	metal1	936.07	442.4	12692	metal4	936.07	442.4	1e+12
3539	metal1	992.07	442.4	12693	metal4	992.07	442.4	1e+12
3540	metal1	1048.07	442.4	12694	metal4	1048.07	442.4	1e+12
3541	metal1	1086.21	442.4	12695	metal4	1086.21	442.4	1e+12
3542	metal1	14.095	445.2	12696	metal4	14.095	445.2	1e+12
3543	metal1	40.07	445.2	12697	metal4	40.07	445.2	1e+12
3544	metal1	96.07	445.2	12698	metal4	96.07	445.2	1e+12
3545	metal1	108.455	445.2	12699	metal4	108.455	445.2	1e+12
3546	metal1	109.295	445.2	12700	metal4	109.295	445.2	1e+12
3547	metal1	152.07	445.2	12701	metal4	152.07	445.2	1e+12
3548	metal1	208.07	445.2	12702	metal4	208.07	445.2	1e+12
3549	metal1	264.07	445.2	12703	metal4	264.07	445.2	1e+12
3550	metal1	320.07	445.2	12704	metal4	320.07	445.2	1e+12
3551	metal1	376.07	445.2	12705	metal4	376.07	445.2	1e+12
3552	metal1	432.07	445.2	12706	metal4	432.07	445.2	1e+12
3553	metal1	488.07	445.2	12707	metal4	488.07	445.2	1e+12
3554	metal1	544.07	445.2	12708	metal4	544.07	445.2	1e+12
3555	metal1	600.07	445.2	12709	metal4	600.07	445.2	1e+12
3556	metal1	656.07	445.2	12710	metal4	656.07	445.2	1e+12
3557	metal1	712.07	445.2	12711	metal4	712.07	445.2	1e+12
3558	metal1	768.07	445.2	12712	metal4	768.07	445.2	1e+12
3559	metal1	824.07	445.2	12713	metal4	824.07	445.2	1e+12
3560	metal1	880.07	445.2	12714	metal4	880.07	445.2	1e+12
3561	metal1	936.07	445.2	12715	metal4	936.07	445.2	1e+12
3562	metal1	992.07	445.2	12716	metal4	992.07	445.2	1e+12
3563	metal1	1048.07	445.2	12717	metal4	1048.07	445.2	1e+12
3564	metal1	1086.21	445.2	12718	metal4	1086.21	445.2	1e+12
3565	metal1	14.095	448	12719	metal4	14.095	448	1e+12
3566	metal1	40.07	448	12720	metal4	40.07	448	1e+12
3567	metal1	96.07	448	12721	metal4	96.07	448	1e+12
3568	metal1	108.455	448	12722	metal4	108.455	448	1e+12
3569	metal1	109.295	448	12723	metal4	109.295	448	1e+12
3570	metal1	152.07	448	12724	metal4	152.07	448	1e+12
3571	metal1	208.07	448	12725	metal4	208.07	448	1e+12
3572	metal1	264.07	448	12726	metal4	264.07	448	1e+12
3573	metal1	320.07	448	12727	metal4	320.07	448	1e+12
3574	metal1	376.07	448	12728	metal4	376.07	448	1e+12
3575	metal1	432.07	448	12729	metal4	432.07	448	1e+12
3576	metal1	488.07	448	12730	metal4	488.07	448	1e+12
3577	metal1	544.07	448	12731	metal4	544.07	448	1e+12
3578	metal1	600.07	448	12732	metal4	600.07	448	1e+12
3579	metal1	656.07	448	12733	metal4	656.07	448	1e+12
3580	metal1	712.07	448	12734	metal4	712.07	448	1e+12
3581	metal1	768.07	448	12735	metal4	768.07	448	1e+12
3582	metal1	824.07	448	12736	metal4	824.07	448	1e+12
3583	metal1	880.07	448	12737	metal4	880.07	448	1e+12
3584	metal1	936.07	448	12738	metal4	936.07	448	1e+12
3585	metal1	992.07	448	12739	metal4	992.07	448	1e+12
3586	metal1	1048.07	448	12740	metal4	1048.07	448	1e+12
3587	metal1	1086.21	448	12741	metal4	1086.21	448	1e+12
3588	metal1	14.095	450.8	12765	metal4	14.095	450.8	1e+12
3589	metal1	40.07	450.8	12766	metal4	40.07	450.8	1e+12
3590	metal1	96.07	450.8	12767	metal4	96.07	450.8	1e+12
3591	metal1	108.455	450.8	12768	metal4	108.455	450.8	1e+12
3592	metal1	109.295	450.8	12769	metal4	109.295	450.8	1e+12
3593	metal1	152.07	450.8	12770	metal4	152.07	450.8	1e+12
3594	metal1	208.07	450.8	12771	metal4	208.07	450.8	1e+12
3595	metal1	264.07	450.8	12772	metal4	264.07	450.8	1e+12
3596	metal1	320.07	450.8	12773	metal4	320.07	450.8	1e+12
3597	metal1	376.07	450.8	12774	metal4	376.07	450.8	1e+12
3598	metal1	432.07	450.8	12775	metal4	432.07	450.8	1e+12
3599	metal1	488.07	450.8	12776	metal4	488.07	450.8	1e+12
3600	metal1	544.07	450.8	12777	metal4	544.07	450.8	1e+12
3601	metal1	600.07	450.8	12778	metal4	600.07	450.8	1e+12
3602	metal1	656.07	450.8	12779	metal4	656.07	450.8	1e+12
3603	metal1	712.07	450.8	12780	metal4	712.07	450.8	1e+12
3604	metal1	768.07	450.8	12781	metal4	768.07	450.8	1e+12
3605	metal1	824.07	450.8	12782	metal4	824.07	450.8	1e+12
3606	metal1	880.07	450.8	12783	metal4	880.07	450.8	1e+12
3607	metal1	936.07	450.8	12784	metal4	936.07	450.8	1e+12
3608	metal1	992.07	450.8	12785	metal4	992.07	450.8	1e+12
3609	metal1	1048.07	450.8	12786	metal4	1048.07	450.8	1e+12
3610	metal1	1086.21	450.8	12787	metal4	1086.21	450.8	1e+12
3611	metal1	14.095	453.6	12788	metal4	14.095	453.6	1e+12
3612	metal1	40.07	453.6	12789	metal4	40.07	453.6	1e+12
3613	metal1	96.07	453.6	12790	metal4	96.07	453.6	1e+12
3614	metal1	108.455	453.6	12791	metal4	108.455	453.6	1e+12
3615	metal1	109.295	453.6	12792	metal4	109.295	453.6	1e+12
3616	metal1	152.07	453.6	12793	metal4	152.07	453.6	1e+12
3617	metal1	208.07	453.6	12794	metal4	208.07	453.6	1e+12
3618	metal1	264.07	453.6	12795	metal4	264.07	453.6	1e+12
3619	metal1	320.07	453.6	12796	metal4	320.07	453.6	1e+12
3620	metal1	376.07	453.6	12797	metal4	376.07	453.6	1e+12
3621	metal1	432.07	453.6	12798	metal4	432.07	453.6	1e+12
3622	metal1	488.07	453.6	12799	metal4	488.07	453.6	1e+12
3623	metal1	544.07	453.6	12800	metal4	544.07	453.6	1e+12
3624	metal1	600.07	453.6	12801	metal4	600.07	453.6	1e+12
3625	metal1	656.07	453.6	12802	metal4	656.07	453.6	1e+12
3626	metal1	712.07	453.6	12803	metal4	712.07	453.6	1e+12
3627	metal1	768.07	453.6	12804	metal4	768.07	453.6	1e+12
3628	metal1	824.07	453.6	12805	metal4	824.07	453.6	1e+12
3629	metal1	880.07	453.6	12806	metal4	880.07	453.6	1e+12
3630	metal1	936.07	453.6	12807	metal4	936.07	453.6	1e+12
3631	metal1	992.07	453.6	12808	metal4	992.07	453.6	1e+12
3632	metal1	1048.07	453.6	12809	metal4	1048.07	453.6	1e+12
3633	metal1	1086.21	453.6	12810	metal4	1086.21	453.6	1e+12
3634	metal1	14.095	456.4	12811	metal4	14.095	456.4	1e+12
3635	metal1	40.07	456.4	12812	metal4	40.07	456.4	1e+12
3636	metal1	96.07	456.4	12813	metal4	96.07	456.4	1e+12
3637	metal1	108.455	456.4	12814	metal4	108.455	456.4	1e+12
3638	metal1	109.295	456.4	12815	metal4	109.295	456.4	1e+12
3639	metal1	152.07	456.4	12816	metal4	152.07	456.4	1e+12
3640	metal1	208.07	456.4	12817	metal4	208.07	456.4	1e+12
3641	metal1	264.07	456.4	12818	metal4	264.07	456.4	1e+12
3642	metal1	320.07	456.4	12819	metal4	320.07	456.4	1e+12
3643	metal1	376.07	456.4	12820	metal4	376.07	456.4	1e+12
3644	metal1	432.07	456.4	12821	metal4	432.07	456.4	1e+12
3645	metal1	488.07	456.4	12822	metal4	488.07	456.4	1e+12
3646	metal1	544.07	456.4	12823	metal4	544.07	456.4	1e+12
3647	metal1	600.07	456.4	12824	metal4	600.07	456.4	1e+12
3648	metal1	656.07	456.4	12825	metal4	656.07	456.4	1e+12
3649	metal1	712.07	456.4	12826	metal4	712.07	456.4	1e+12
3650	metal1	768.07	456.4	12827	metal4	768.07	456.4	1e+12
3651	metal1	824.07	456.4	12828	metal4	824.07	456.4	1e+12
3652	metal1	880.07	456.4	12829	metal4	880.07	456.4	1e+12
3653	metal1	936.07	456.4	12830	metal4	936.07	456.4	1e+12
3654	metal1	992.07	456.4	12831	metal4	992.07	456.4	1e+12
3655	metal1	1048.07	456.4	12832	metal4	1048.07	456.4	1e+12
3656	metal1	1086.21	456.4	12833	metal4	1086.21	456.4	1e+12
3657	metal1	14.095	459.2	12834	metal4	14.095	459.2	1e+12
3658	metal1	40.07	459.2	12835	metal4	40.07	459.2	1e+12
3659	metal1	96.07	459.2	12836	metal4	96.07	459.2	1e+12
3660	metal1	108.455	459.2	12837	metal4	108.455	459.2	1e+12
3661	metal1	109.295	459.2	12838	metal4	109.295	459.2	1e+12
3662	metal1	152.07	459.2	12839	metal4	152.07	459.2	1e+12
3663	metal1	208.07	459.2	12840	metal4	208.07	459.2	1e+12
3664	metal1	264.07	459.2	12841	metal4	264.07	459.2	1e+12
3665	metal1	320.07	459.2	12842	metal4	320.07	459.2	1e+12
3666	metal1	376.07	459.2	12843	metal4	376.07	459.2	1e+12
3667	metal1	432.07	459.2	12844	metal4	432.07	459.2	1e+12
3668	metal1	488.07	459.2	12845	metal4	488.07	459.2	1e+12
3669	metal1	544.07	459.2	12846	metal4	544.07	459.2	1e+12
3670	metal1	600.07	459.2	12847	metal4	600.07	459.2	1e+12
3671	metal1	656.07	459.2	12848	metal4	656.07	459.2	1e+12
3672	metal1	712.07	459.2	12849	metal4	712.07	459.2	1e+12
3673	metal1	768.07	459.2	12850	metal4	768.07	459.2	1e+12
3674	metal1	824.07	459.2	12851	metal4	824.07	459.2	1e+12
3675	metal1	880.07	459.2	12852	metal4	880.07	459.2	1e+12
3676	metal1	936.07	459.2	12853	metal4	936.07	459.2	1e+12
3677	metal1	992.07	459.2	12854	metal4	992.07	459.2	1e+12
3678	metal1	1048.07	459.2	12855	metal4	1048.07	459.2	1e+12
3679	metal1	1086.21	459.2	12856	metal4	1086.21	459.2	1e+12
3680	metal1	14.095	462	12857	metal4	14.095	462	1e+12
3681	metal1	40.07	462	12858	metal4	40.07	462	1e+12
3682	metal1	96.07	462	12859	metal4	96.07	462	1e+12
3683	metal1	108.455	462	12860	metal4	108.455	462	1e+12
3684	metal1	109.295	462	12861	metal4	109.295	462	1e+12
3685	metal1	152.07	462	12862	metal4	152.07	462	1e+12
3686	metal1	208.07	462	12863	metal4	208.07	462	1e+12
3687	metal1	264.07	462	12864	metal4	264.07	462	1e+12
3688	metal1	320.07	462	12865	metal4	320.07	462	1e+12
3689	metal1	376.07	462	12866	metal4	376.07	462	1e+12
3690	metal1	432.07	462	12867	metal4	432.07	462	1e+12
3691	metal1	488.07	462	12868	metal4	488.07	462	1e+12
3692	metal1	544.07	462	12869	metal4	544.07	462	1e+12
3693	metal1	600.07	462	12870	metal4	600.07	462	1e+12
3694	metal1	656.07	462	12871	metal4	656.07	462	1e+12
3695	metal1	712.07	462	12872	metal4	712.07	462	1e+12
3696	metal1	768.07	462	12873	metal4	768.07	462	1e+12
3697	metal1	824.07	462	12874	metal4	824.07	462	1e+12
3698	metal1	880.07	462	12875	metal4	880.07	462	1e+12
3699	metal1	936.07	462	12876	metal4	936.07	462	1e+12
3700	metal1	992.07	462	12877	metal4	992.07	462	1e+12
3701	metal1	1048.07	462	12878	metal4	1048.07	462	1e+12
3702	metal1	1086.21	462	12879	metal4	1086.21	462	1e+12
3703	metal1	14.095	464.8	12880	metal4	14.095	464.8	1e+12
3704	metal1	40.07	464.8	12881	metal4	40.07	464.8	1e+12
3705	metal1	96.07	464.8	12882	metal4	96.07	464.8	1e+12
3706	metal1	108.455	464.8	12883	metal4	108.455	464.8	1e+12
3707	metal1	109.295	464.8	12884	metal4	109.295	464.8	1e+12
3708	metal1	152.07	464.8	12885	metal4	152.07	464.8	1e+12
3709	metal1	208.07	464.8	12886	metal4	208.07	464.8	1e+12
3710	metal1	264.07	464.8	12887	metal4	264.07	464.8	1e+12
3711	metal1	320.07	464.8	12888	metal4	320.07	464.8	1e+12
3712	metal1	376.07	464.8	12889	metal4	376.07	464.8	1e+12
3713	metal1	432.07	464.8	12890	metal4	432.07	464.8	1e+12
3714	metal1	488.07	464.8	12891	metal4	488.07	464.8	1e+12
3715	metal1	544.07	464.8	12892	metal4	544.07	464.8	1e+12
3716	metal1	600.07	464.8	12893	metal4	600.07	464.8	1e+12
3717	metal1	656.07	464.8	12894	metal4	656.07	464.8	1e+12
3718	metal1	712.07	464.8	12895	metal4	712.07	464.8	1e+12
3719	metal1	768.07	464.8	12896	metal4	768.07	464.8	1e+12
3720	metal1	824.07	464.8	12897	metal4	824.07	464.8	1e+12
3721	metal1	880.07	464.8	12898	metal4	880.07	464.8	1e+12
3722	metal1	936.07	464.8	12899	metal4	936.07	464.8	1e+12
3723	metal1	992.07	464.8	12900	metal4	992.07	464.8	1e+12
3724	metal1	1048.07	464.8	12901	metal4	1048.07	464.8	1e+12
3725	metal1	1086.21	464.8	12902	metal4	1086.21	464.8	1e+12
3726	metal1	14.095	467.6	12903	metal4	14.095	467.6	1e+12
3727	metal1	40.07	467.6	12904	metal4	40.07	467.6	1e+12
3728	metal1	96.07	467.6	12905	metal4	96.07	467.6	1e+12
3729	metal1	108.455	467.6	12906	metal4	108.455	467.6	1e+12
3730	metal1	109.295	467.6	12907	metal4	109.295	467.6	1e+12
3731	metal1	152.07	467.6	12908	metal4	152.07	467.6	1e+12
3732	metal1	208.07	467.6	12909	metal4	208.07	467.6	1e+12
3733	metal1	264.07	467.6	12910	metal4	264.07	467.6	1e+12
3734	metal1	320.07	467.6	12911	metal4	320.07	467.6	1e+12
3735	metal1	376.07	467.6	12912	metal4	376.07	467.6	1e+12
3736	metal1	432.07	467.6	12913	metal4	432.07	467.6	1e+12
3737	metal1	488.07	467.6	12914	metal4	488.07	467.6	1e+12
3738	metal1	544.07	467.6	12915	metal4	544.07	467.6	1e+12
3739	metal1	600.07	467.6	12916	metal4	600.07	467.6	1e+12
3740	metal1	656.07	467.6	12917	metal4	656.07	467.6	1e+12
3741	metal1	712.07	467.6	12918	metal4	712.07	467.6	1e+12
3742	metal1	768.07	467.6	12919	metal4	768.07	467.6	1e+12
3743	metal1	824.07	467.6	12920	metal4	824.07	467.6	1e+12
3744	metal1	880.07	467.6	12921	metal4	880.07	467.6	1e+12
3745	metal1	936.07	467.6	12922	metal4	936.07	467.6	1e+12
3746	metal1	992.07	467.6	12923	metal4	992.07	467.6	1e+12
3747	metal1	1048.07	467.6	12924	metal4	1048.07	467.6	1e+12
3748	metal1	1086.21	467.6	12925	metal4	1086.21	467.6	1e+12
3749	metal1	14.095	470.4	12926	metal4	14.095	470.4	1e+12
3750	metal1	40.07	470.4	12927	metal4	40.07	470.4	1e+12
3751	metal1	96.07	470.4	12928	metal4	96.07	470.4	1e+12
3752	metal1	108.455	470.4	12929	metal4	108.455	470.4	1e+12
3753	metal1	109.295	470.4	12930	metal4	109.295	470.4	1e+12
3754	metal1	152.07	470.4	12931	metal4	152.07	470.4	1e+12
3755	metal1	208.07	470.4	12932	metal4	208.07	470.4	1e+12
3756	metal1	264.07	470.4	12933	metal4	264.07	470.4	1e+12
3757	metal1	320.07	470.4	12934	metal4	320.07	470.4	1e+12
3758	metal1	376.07	470.4	12935	metal4	376.07	470.4	1e+12
3759	metal1	432.07	470.4	12936	metal4	432.07	470.4	1e+12
3760	metal1	488.07	470.4	12937	metal4	488.07	470.4	1e+12
3761	metal1	544.07	470.4	12938	metal4	544.07	470.4	1e+12
3762	metal1	600.07	470.4	12939	metal4	600.07	470.4	1e+12
3763	metal1	656.07	470.4	12940	metal4	656.07	470.4	1e+12
3764	metal1	712.07	470.4	12941	metal4	712.07	470.4	1e+12
3765	metal1	768.07	470.4	12942	metal4	768.07	470.4	1e+12
3766	metal1	824.07	470.4	12943	metal4	824.07	470.4	1e+12
3767	metal1	880.07	470.4	12944	metal4	880.07	470.4	1e+12
3768	metal1	936.07	470.4	12945	metal4	936.07	470.4	1e+12
3769	metal1	992.07	470.4	12946	metal4	992.07	470.4	1e+12
3770	metal1	1048.07	470.4	12947	metal4	1048.07	470.4	1e+12
3771	metal1	1086.21	470.4	12948	metal4	1086.21	470.4	1e+12
3772	metal1	14.095	473.2	12949	metal4	14.095	473.2	1e+12
3773	metal1	40.07	473.2	12950	metal4	40.07	473.2	1e+12
3774	metal1	96.07	473.2	12951	metal4	96.07	473.2	1e+12
3775	metal1	108.455	473.2	12952	metal4	108.455	473.2	1e+12
3776	metal1	109.295	473.2	12953	metal4	109.295	473.2	1e+12
3777	metal1	152.07	473.2	12954	metal4	152.07	473.2	1e+12
3778	metal1	208.07	473.2	12955	metal4	208.07	473.2	1e+12
3779	metal1	264.07	473.2	12956	metal4	264.07	473.2	1e+12
3780	metal1	320.07	473.2	12957	metal4	320.07	473.2	1e+12
3781	metal1	376.07	473.2	12958	metal4	376.07	473.2	1e+12
3782	metal1	432.07	473.2	12959	metal4	432.07	473.2	1e+12
3783	metal1	488.07	473.2	12960	metal4	488.07	473.2	1e+12
3784	metal1	544.07	473.2	12961	metal4	544.07	473.2	1e+12
3785	metal1	600.07	473.2	12962	metal4	600.07	473.2	1e+12
3786	metal1	656.07	473.2	12963	metal4	656.07	473.2	1e+12
3787	metal1	712.07	473.2	12964	metal4	712.07	473.2	1e+12
3788	metal1	768.07	473.2	12965	metal4	768.07	473.2	1e+12
3789	metal1	824.07	473.2	12966	metal4	824.07	473.2	1e+12
3790	metal1	880.07	473.2	12967	metal4	880.07	473.2	1e+12
3791	metal1	936.07	473.2	12968	metal4	936.07	473.2	1e+12
3792	metal1	992.07	473.2	12969	metal4	992.07	473.2	1e+12
3793	metal1	1048.07	473.2	12970	metal4	1048.07	473.2	1e+12
3794	metal1	1086.21	473.2	12971	metal4	1086.21	473.2	1e+12
3795	metal1	14.095	476	12972	metal4	14.095	476	1e+12
3796	metal1	40.07	476	12973	metal4	40.07	476	1e+12
3797	metal1	96.07	476	12974	metal4	96.07	476	1e+12
3798	metal1	108.455	476	12975	metal4	108.455	476	1e+12
3799	metal1	109.295	476	12976	metal4	109.295	476	1e+12
3800	metal1	152.07	476	12977	metal4	152.07	476	1e+12
3801	metal1	208.07	476	12978	metal4	208.07	476	1e+12
3802	metal1	264.07	476	12979	metal4	264.07	476	1e+12
3803	metal1	320.07	476	12980	metal4	320.07	476	1e+12
3804	metal1	376.07	476	12981	metal4	376.07	476	1e+12
3805	metal1	432.07	476	12982	metal4	432.07	476	1e+12
3806	metal1	488.07	476	12983	metal4	488.07	476	1e+12
3807	metal1	544.07	476	12984	metal4	544.07	476	1e+12
3808	metal1	600.07	476	12985	metal4	600.07	476	1e+12
3809	metal1	656.07	476	12986	metal4	656.07	476	1e+12
3810	metal1	712.07	476	12987	metal4	712.07	476	1e+12
3811	metal1	768.07	476	12988	metal4	768.07	476	1e+12
3812	metal1	824.07	476	12989	metal4	824.07	476	1e+12
3813	metal1	880.07	476	12990	metal4	880.07	476	1e+12
3814	metal1	936.07	476	12991	metal4	936.07	476	1e+12
3815	metal1	992.07	476	12992	metal4	992.07	476	1e+12
3816	metal1	1048.07	476	12993	metal4	1048.07	476	1e+12
3817	metal1	1086.21	476	12994	metal4	1086.21	476	1e+12
3818	metal1	14.095	478.8	12995	metal4	14.095	478.8	1e+12
3819	metal1	40.07	478.8	12996	metal4	40.07	478.8	1e+12
3820	metal1	96.07	478.8	12997	metal4	96.07	478.8	1e+12
3821	metal1	108.455	478.8	12998	metal4	108.455	478.8	1e+12
3822	metal1	109.295	478.8	12999	metal4	109.295	478.8	1e+12
3823	metal1	152.07	478.8	13000	metal4	152.07	478.8	1e+12
3824	metal1	208.07	478.8	13001	metal4	208.07	478.8	1e+12
3825	metal1	264.07	478.8	13002	metal4	264.07	478.8	1e+12
3826	metal1	320.07	478.8	13003	metal4	320.07	478.8	1e+12
3827	metal1	376.07	478.8	13004	metal4	376.07	478.8	1e+12
3828	metal1	432.07	478.8	13005	metal4	432.07	478.8	1e+12
3829	metal1	488.07	478.8	13006	metal4	488.07	478.8	1e+12
3830	metal1	544.07	478.8	13007	metal4	544.07	478.8	1e+12
3831	metal1	600.07	478.8	13008	metal4	600.07	478.8	1e+12
3832	metal1	656.07	478.8	13009	metal4	656.07	478.8	1e+12
3833	metal1	712.07	478.8	13010	metal4	712.07	478.8	1e+12
3834	metal1	768.07	478.8	13011	metal4	768.07	478.8	1e+12
3835	metal1	824.07	478.8	13012	metal4	824.07	478.8	1e+12
3836	metal1	880.07	478.8	13013	metal4	880.07	478.8	1e+12
3837	metal1	936.07	478.8	13014	metal4	936.07	478.8	1e+12
3838	metal1	992.07	478.8	13015	metal4	992.07	478.8	1e+12
3839	metal1	1048.07	478.8	13016	metal4	1048.07	478.8	1e+12
3840	metal1	1086.21	478.8	13017	metal4	1086.21	478.8	1e+12
3841	metal1	14.095	481.6	13041	metal4	14.095	481.6	1e+12
3842	metal1	40.07	481.6	13042	metal4	40.07	481.6	1e+12
3843	metal1	96.07	481.6	13043	metal4	96.07	481.6	1e+12
3844	metal1	108.455	481.6	13044	metal4	108.455	481.6	1e+12
3845	metal1	109.295	481.6	13045	metal4	109.295	481.6	1e+12
3846	metal1	152.07	481.6	13046	metal4	152.07	481.6	1e+12
3847	metal1	208.07	481.6	13047	metal4	208.07	481.6	1e+12
3848	metal1	264.07	481.6	13048	metal4	264.07	481.6	1e+12
3849	metal1	320.07	481.6	13049	metal4	320.07	481.6	1e+12
3850	metal1	376.07	481.6	13050	metal4	376.07	481.6	1e+12
3851	metal1	432.07	481.6	13051	metal4	432.07	481.6	1e+12
3852	metal1	488.07	481.6	13052	metal4	488.07	481.6	1e+12
3853	metal1	544.07	481.6	13053	metal4	544.07	481.6	1e+12
3854	metal1	600.07	481.6	13054	metal4	600.07	481.6	1e+12
3855	metal1	656.07	481.6	13055	metal4	656.07	481.6	1e+12
3856	metal1	712.07	481.6	13056	metal4	712.07	481.6	1e+12
3857	metal1	768.07	481.6	13057	metal4	768.07	481.6	1e+12
3858	metal1	824.07	481.6	13058	metal4	824.07	481.6	1e+12
3859	metal1	880.07	481.6	13059	metal4	880.07	481.6	1e+12
3860	metal1	936.07	481.6	13060	metal4	936.07	481.6	1e+12
3861	metal1	992.07	481.6	13061	metal4	992.07	481.6	1e+12
3862	metal1	1048.07	481.6	13062	metal4	1048.07	481.6	1e+12
3863	metal1	1086.21	481.6	13063	metal4	1086.21	481.6	1e+12
3864	metal1	14.095	484.4	13064	metal4	14.095	484.4	1e+12
3865	metal1	40.07	484.4	13065	metal4	40.07	484.4	1e+12
3866	metal1	96.07	484.4	13066	metal4	96.07	484.4	1e+12
3867	metal1	108.455	484.4	13067	metal4	108.455	484.4	1e+12
3868	metal1	109.295	484.4	13068	metal4	109.295	484.4	1e+12
3869	metal1	152.07	484.4	13069	metal4	152.07	484.4	1e+12
3870	metal1	208.07	484.4	13070	metal4	208.07	484.4	1e+12
3871	metal1	264.07	484.4	13071	metal4	264.07	484.4	1e+12
3872	metal1	320.07	484.4	13072	metal4	320.07	484.4	1e+12
3873	metal1	376.07	484.4	13073	metal4	376.07	484.4	1e+12
3874	metal1	432.07	484.4	13074	metal4	432.07	484.4	1e+12
3875	metal1	488.07	484.4	13075	metal4	488.07	484.4	1e+12
3876	metal1	544.07	484.4	13076	metal4	544.07	484.4	1e+12
3877	metal1	600.07	484.4	13077	metal4	600.07	484.4	1e+12
3878	metal1	656.07	484.4	13078	metal4	656.07	484.4	1e+12
3879	metal1	712.07	484.4	13079	metal4	712.07	484.4	1e+12
3880	metal1	768.07	484.4	13080	metal4	768.07	484.4	1e+12
3881	metal1	824.07	484.4	13081	metal4	824.07	484.4	1e+12
3882	metal1	880.07	484.4	13082	metal4	880.07	484.4	1e+12
3883	metal1	936.07	484.4	13083	metal4	936.07	484.4	1e+12
3884	metal1	992.07	484.4	13084	metal4	992.07	484.4	1e+12
3885	metal1	1048.07	484.4	13085	metal4	1048.07	484.4	1e+12
3886	metal1	1086.21	484.4	13086	metal4	1086.21	484.4	1e+12
3887	metal1	14.095	487.2	13087	metal4	14.095	487.2	1e+12
3888	metal1	40.07	487.2	13088	metal4	40.07	487.2	1e+12
3889	metal1	96.07	487.2	13089	metal4	96.07	487.2	1e+12
3890	metal1	108.455	487.2	13090	metal4	108.455	487.2	1e+12
3891	metal1	109.295	487.2	13091	metal4	109.295	487.2	1e+12
3892	metal1	152.07	487.2	13092	metal4	152.07	487.2	1e+12
3893	metal1	208.07	487.2	13093	metal4	208.07	487.2	1e+12
3894	metal1	264.07	487.2	13094	metal4	264.07	487.2	1e+12
3895	metal1	320.07	487.2	13095	metal4	320.07	487.2	1e+12
3896	metal1	376.07	487.2	13096	metal4	376.07	487.2	1e+12
3897	metal1	432.07	487.2	13097	metal4	432.07	487.2	1e+12
3898	metal1	488.07	487.2	13098	metal4	488.07	487.2	1e+12
3899	metal1	544.07	487.2	13099	metal4	544.07	487.2	1e+12
3900	metal1	600.07	487.2	13100	metal4	600.07	487.2	1e+12
3901	metal1	656.07	487.2	13101	metal4	656.07	487.2	1e+12
3902	metal1	712.07	487.2	13102	metal4	712.07	487.2	1e+12
3903	metal1	768.07	487.2	13103	metal4	768.07	487.2	1e+12
3904	metal1	824.07	487.2	13104	metal4	824.07	487.2	1e+12
3905	metal1	880.07	487.2	13105	metal4	880.07	487.2	1e+12
3906	metal1	936.07	487.2	13106	metal4	936.07	487.2	1e+12
3907	metal1	992.07	487.2	13107	metal4	992.07	487.2	1e+12
3908	metal1	1048.07	487.2	13108	metal4	1048.07	487.2	1e+12
3909	metal1	1086.21	487.2	13109	metal4	1086.21	487.2	1e+12
3910	metal1	14.095	490	13110	metal4	14.095	490	1e+12
3911	metal1	40.07	490	13111	metal4	40.07	490	1e+12
3912	metal1	96.07	490	13112	metal4	96.07	490	1e+12
3913	metal1	108.455	490	13113	metal4	108.455	490	1e+12
3914	metal1	109.295	490	13114	metal4	109.295	490	1e+12
3915	metal1	152.07	490	13115	metal4	152.07	490	1e+12
3916	metal1	208.07	490	13116	metal4	208.07	490	1e+12
3917	metal1	264.07	490	13117	metal4	264.07	490	1e+12
3918	metal1	320.07	490	13118	metal4	320.07	490	1e+12
3919	metal1	376.07	490	13119	metal4	376.07	490	1e+12
3920	metal1	432.07	490	13120	metal4	432.07	490	1e+12
3921	metal1	488.07	490	13121	metal4	488.07	490	1e+12
3922	metal1	544.07	490	13122	metal4	544.07	490	1e+12
3923	metal1	600.07	490	13123	metal4	600.07	490	1e+12
3924	metal1	656.07	490	13124	metal4	656.07	490	1e+12
3925	metal1	712.07	490	13125	metal4	712.07	490	1e+12
3926	metal1	768.07	490	13126	metal4	768.07	490	1e+12
3927	metal1	824.07	490	13127	metal4	824.07	490	1e+12
3928	metal1	880.07	490	13128	metal4	880.07	490	1e+12
3929	metal1	936.07	490	13129	metal4	936.07	490	1e+12
3930	metal1	992.07	490	13130	metal4	992.07	490	1e+12
3931	metal1	1048.07	490	13131	metal4	1048.07	490	1e+12
3932	metal1	1086.21	490	13132	metal4	1086.21	490	1e+12
3933	metal1	14.095	492.8	13133	metal4	14.095	492.8	1e+12
3934	metal1	40.07	492.8	13134	metal4	40.07	492.8	1e+12
3935	metal1	96.07	492.8	13135	metal4	96.07	492.8	1e+12
3936	metal1	108.455	492.8	13136	metal4	108.455	492.8	1e+12
3937	metal1	109.295	492.8	13137	metal4	109.295	492.8	1e+12
3938	metal1	152.07	492.8	13138	metal4	152.07	492.8	1e+12
3939	metal1	208.07	492.8	13139	metal4	208.07	492.8	1e+12
3940	metal1	264.07	492.8	13140	metal4	264.07	492.8	1e+12
3941	metal1	320.07	492.8	13141	metal4	320.07	492.8	1e+12
3942	metal1	376.07	492.8	13142	metal4	376.07	492.8	1e+12
3943	metal1	432.07	492.8	13143	metal4	432.07	492.8	1e+12
3944	metal1	488.07	492.8	13144	metal4	488.07	492.8	1e+12
3945	metal1	544.07	492.8	13145	metal4	544.07	492.8	1e+12
3946	metal1	600.07	492.8	13146	metal4	600.07	492.8	1e+12
3947	metal1	656.07	492.8	13147	metal4	656.07	492.8	1e+12
3948	metal1	712.07	492.8	13148	metal4	712.07	492.8	1e+12
3949	metal1	768.07	492.8	13149	metal4	768.07	492.8	1e+12
3950	metal1	824.07	492.8	13150	metal4	824.07	492.8	1e+12
3951	metal1	880.07	492.8	13151	metal4	880.07	492.8	1e+12
3952	metal1	936.07	492.8	13152	metal4	936.07	492.8	1e+12
3953	metal1	992.07	492.8	13153	metal4	992.07	492.8	1e+12
3954	metal1	1048.07	492.8	13154	metal4	1048.07	492.8	1e+12
3955	metal1	1086.21	492.8	13155	metal4	1086.21	492.8	1e+12
3956	metal1	14.095	495.6	13156	metal4	14.095	495.6	1e+12
3957	metal1	40.07	495.6	13157	metal4	40.07	495.6	1e+12
3958	metal1	96.07	495.6	13158	metal4	96.07	495.6	1e+12
3959	metal1	108.455	495.6	13159	metal4	108.455	495.6	1e+12
3960	metal1	109.295	495.6	13160	metal4	109.295	495.6	1e+12
3961	metal1	152.07	495.6	13161	metal4	152.07	495.6	1e+12
3962	metal1	208.07	495.6	13162	metal4	208.07	495.6	1e+12
3963	metal1	264.07	495.6	13163	metal4	264.07	495.6	1e+12
3964	metal1	320.07	495.6	13164	metal4	320.07	495.6	1e+12
3965	metal1	376.07	495.6	13165	metal4	376.07	495.6	1e+12
3966	metal1	432.07	495.6	13166	metal4	432.07	495.6	1e+12
3967	metal1	488.07	495.6	13167	metal4	488.07	495.6	1e+12
3968	metal1	544.07	495.6	13168	metal4	544.07	495.6	1e+12
3969	metal1	600.07	495.6	13169	metal4	600.07	495.6	1e+12
3970	metal1	656.07	495.6	13170	metal4	656.07	495.6	1e+12
3971	metal1	712.07	495.6	13171	metal4	712.07	495.6	1e+12
3972	metal1	768.07	495.6	13172	metal4	768.07	495.6	1e+12
3973	metal1	824.07	495.6	13173	metal4	824.07	495.6	1e+12
3974	metal1	880.07	495.6	13174	metal4	880.07	495.6	1e+12
3975	metal1	936.07	495.6	13175	metal4	936.07	495.6	1e+12
3976	metal1	992.07	495.6	13176	metal4	992.07	495.6	1e+12
3977	metal1	1048.07	495.6	13177	metal4	1048.07	495.6	1e+12
3978	metal1	1086.21	495.6	13178	metal4	1086.21	495.6	1e+12
3979	metal1	14.095	498.4	13179	metal4	14.095	498.4	1e+12
3980	metal1	40.07	498.4	13180	metal4	40.07	498.4	1e+12
3981	metal1	96.07	498.4	13181	metal4	96.07	498.4	1e+12
3982	metal1	108.455	498.4	13182	metal4	108.455	498.4	1e+12
3983	metal1	109.295	498.4	13183	metal4	109.295	498.4	1e+12
3984	metal1	152.07	498.4	13184	metal4	152.07	498.4	1e+12
3985	metal1	208.07	498.4	13185	metal4	208.07	498.4	1e+12
3986	metal1	264.07	498.4	13186	metal4	264.07	498.4	1e+12
3987	metal1	320.07	498.4	13187	metal4	320.07	498.4	1e+12
3988	metal1	376.07	498.4	13188	metal4	376.07	498.4	1e+12
3989	metal1	432.07	498.4	13189	metal4	432.07	498.4	1e+12
3990	metal1	488.07	498.4	13190	metal4	488.07	498.4	1e+12
3991	metal1	544.07	498.4	13191	metal4	544.07	498.4	1e+12
3992	metal1	600.07	498.4	13192	metal4	600.07	498.4	1e+12
3993	metal1	656.07	498.4	13193	metal4	656.07	498.4	1e+12
3994	metal1	712.07	498.4	13194	metal4	712.07	498.4	1e+12
3995	metal1	768.07	498.4	13195	metal4	768.07	498.4	1e+12
3996	metal1	824.07	498.4	13196	metal4	824.07	498.4	1e+12
3997	metal1	880.07	498.4	13197	metal4	880.07	498.4	1e+12
3998	metal1	936.07	498.4	13198	metal4	936.07	498.4	1e+12
3999	metal1	992.07	498.4	13199	metal4	992.07	498.4	1e+12
4000	metal1	1048.07	498.4	13200	metal4	1048.07	498.4	1e+12
4001	metal1	1086.21	498.4	13201	metal4	1086.21	498.4	1e+12
4002	metal1	14.095	501.2	13202	metal4	14.095	501.2	1e+12
4003	metal1	40.07	501.2	13203	metal4	40.07	501.2	1e+12
4004	metal1	96.07	501.2	13204	metal4	96.07	501.2	1e+12
4005	metal1	108.455	501.2	13205	metal4	108.455	501.2	1e+12
4006	metal1	109.295	501.2	13206	metal4	109.295	501.2	1e+12
4007	metal1	152.07	501.2	13207	metal4	152.07	501.2	1e+12
4008	metal1	208.07	501.2	13208	metal4	208.07	501.2	1e+12
4009	metal1	264.07	501.2	13209	metal4	264.07	501.2	1e+12
4010	metal1	320.07	501.2	13210	metal4	320.07	501.2	1e+12
4011	metal1	376.07	501.2	13211	metal4	376.07	501.2	1e+12
4012	metal1	432.07	501.2	13212	metal4	432.07	501.2	1e+12
4013	metal1	488.07	501.2	13213	metal4	488.07	501.2	1e+12
4014	metal1	544.07	501.2	13214	metal4	544.07	501.2	1e+12
4015	metal1	600.07	501.2	13215	metal4	600.07	501.2	1e+12
4016	metal1	656.07	501.2	13216	metal4	656.07	501.2	1e+12
4017	metal1	712.07	501.2	13217	metal4	712.07	501.2	1e+12
4018	metal1	768.07	501.2	13218	metal4	768.07	501.2	1e+12
4019	metal1	824.07	501.2	13219	metal4	824.07	501.2	1e+12
4020	metal1	880.07	501.2	13220	metal4	880.07	501.2	1e+12
4021	metal1	936.07	501.2	13221	metal4	936.07	501.2	1e+12
4022	metal1	992.07	501.2	13222	metal4	992.07	501.2	1e+12
4023	metal1	1048.07	501.2	13223	metal4	1048.07	501.2	1e+12
4024	metal1	1086.21	501.2	13224	metal4	1086.21	501.2	1e+12
4025	metal1	14.095	504	13225	metal4	14.095	504	1e+12
4026	metal1	40.07	504	13226	metal4	40.07	504	1e+12
4027	metal1	96.07	504	13227	metal4	96.07	504	1e+12
4028	metal1	108.455	504	13228	metal4	108.455	504	1e+12
4029	metal1	109.295	504	13229	metal4	109.295	504	1e+12
4030	metal1	152.07	504	13230	metal4	152.07	504	1e+12
4031	metal1	208.07	504	13231	metal4	208.07	504	1e+12
4032	metal1	264.07	504	13232	metal4	264.07	504	1e+12
4033	metal1	320.07	504	13233	metal4	320.07	504	1e+12
4034	metal1	376.07	504	13234	metal4	376.07	504	1e+12
4035	metal1	432.07	504	13235	metal4	432.07	504	1e+12
4036	metal1	488.07	504	13236	metal4	488.07	504	1e+12
4037	metal1	544.07	504	13237	metal4	544.07	504	1e+12
4038	metal1	600.07	504	13238	metal4	600.07	504	1e+12
4039	metal1	656.07	504	13239	metal4	656.07	504	1e+12
4040	metal1	712.07	504	13240	metal4	712.07	504	1e+12
4041	metal1	768.07	504	13241	metal4	768.07	504	1e+12
4042	metal1	824.07	504	13242	metal4	824.07	504	1e+12
4043	metal1	880.07	504	13243	metal4	880.07	504	1e+12
4044	metal1	936.07	504	13244	metal4	936.07	504	1e+12
4045	metal1	992.07	504	13245	metal4	992.07	504	1e+12
4046	metal1	1048.07	504	13246	metal4	1048.07	504	1e+12
4047	metal1	1086.21	504	13247	metal4	1086.21	504	1e+12
4048	metal1	14.095	506.8	13248	metal4	14.095	506.8	1e+12
4049	metal1	40.07	506.8	13249	metal4	40.07	506.8	1e+12
4050	metal1	96.07	506.8	13250	metal4	96.07	506.8	1e+12
4051	metal1	108.455	506.8	13251	metal4	108.455	506.8	1e+12
4052	metal1	109.295	506.8	13252	metal4	109.295	506.8	1e+12
4053	metal1	152.07	506.8	13253	metal4	152.07	506.8	1e+12
4054	metal1	208.07	506.8	13254	metal4	208.07	506.8	1e+12
4055	metal1	264.07	506.8	13255	metal4	264.07	506.8	1e+12
4056	metal1	320.07	506.8	13256	metal4	320.07	506.8	1e+12
4057	metal1	376.07	506.8	13257	metal4	376.07	506.8	1e+12
4058	metal1	432.07	506.8	13258	metal4	432.07	506.8	1e+12
4059	metal1	488.07	506.8	13259	metal4	488.07	506.8	1e+12
4060	metal1	544.07	506.8	13260	metal4	544.07	506.8	1e+12
4061	metal1	600.07	506.8	13261	metal4	600.07	506.8	1e+12
4062	metal1	656.07	506.8	13262	metal4	656.07	506.8	1e+12
4063	metal1	712.07	506.8	13263	metal4	712.07	506.8	1e+12
4064	metal1	768.07	506.8	13264	metal4	768.07	506.8	1e+12
4065	metal1	824.07	506.8	13265	metal4	824.07	506.8	1e+12
4066	metal1	880.07	506.8	13266	metal4	880.07	506.8	1e+12
4067	metal1	936.07	506.8	13267	metal4	936.07	506.8	1e+12
4068	metal1	992.07	506.8	13268	metal4	992.07	506.8	1e+12
4069	metal1	1048.07	506.8	13269	metal4	1048.07	506.8	1e+12
4070	metal1	1086.21	506.8	13270	metal4	1086.21	506.8	1e+12
4071	metal1	14.095	509.6	13271	metal4	14.095	509.6	1e+12
4072	metal1	40.07	509.6	13272	metal4	40.07	509.6	1e+12
4073	metal1	96.07	509.6	13273	metal4	96.07	509.6	1e+12
4074	metal1	108.455	509.6	13274	metal4	108.455	509.6	1e+12
4075	metal1	109.295	509.6	13275	metal4	109.295	509.6	1e+12
4076	metal1	152.07	509.6	13276	metal4	152.07	509.6	1e+12
4077	metal1	208.07	509.6	13277	metal4	208.07	509.6	1e+12
4078	metal1	264.07	509.6	13278	metal4	264.07	509.6	1e+12
4079	metal1	320.07	509.6	13279	metal4	320.07	509.6	1e+12
4080	metal1	376.07	509.6	13280	metal4	376.07	509.6	1e+12
4081	metal1	432.07	509.6	13281	metal4	432.07	509.6	1e+12
4082	metal1	488.07	509.6	13282	metal4	488.07	509.6	1e+12
4083	metal1	544.07	509.6	13283	metal4	544.07	509.6	1e+12
4084	metal1	600.07	509.6	13284	metal4	600.07	509.6	1e+12
4085	metal1	656.07	509.6	13285	metal4	656.07	509.6	1e+12
4086	metal1	712.07	509.6	13286	metal4	712.07	509.6	1e+12
4087	metal1	768.07	509.6	13287	metal4	768.07	509.6	1e+12
4088	metal1	824.07	509.6	13288	metal4	824.07	509.6	1e+12
4089	metal1	880.07	509.6	13289	metal4	880.07	509.6	1e+12
4090	metal1	936.07	509.6	13290	metal4	936.07	509.6	1e+12
4091	metal1	992.07	509.6	13291	metal4	992.07	509.6	1e+12
4092	metal1	1048.07	509.6	13292	metal4	1048.07	509.6	1e+12
4093	metal1	1086.21	509.6	13293	metal4	1086.21	509.6	1e+12
4094	metal1	14.095	512.4	13294	metal4	14.095	512.4	1e+12
4095	metal1	40.07	512.4	13295	metal4	40.07	512.4	1e+12
4096	metal1	96.07	512.4	13296	metal4	96.07	512.4	1e+12
4097	metal1	108.455	512.4	13297	metal4	108.455	512.4	1e+12
4098	metal1	109.295	512.4	13298	metal4	109.295	512.4	1e+12
4099	metal1	152.07	512.4	13299	metal4	152.07	512.4	1e+12
4100	metal1	208.07	512.4	13300	metal4	208.07	512.4	1e+12
4101	metal1	264.07	512.4	13301	metal4	264.07	512.4	1e+12
4102	metal1	320.07	512.4	13302	metal4	320.07	512.4	1e+12
4103	metal1	376.07	512.4	13303	metal4	376.07	512.4	1e+12
4104	metal1	432.07	512.4	13304	metal4	432.07	512.4	1e+12
4105	metal1	488.07	512.4	13305	metal4	488.07	512.4	1e+12
4106	metal1	544.07	512.4	13306	metal4	544.07	512.4	1e+12
4107	metal1	600.07	512.4	13307	metal4	600.07	512.4	1e+12
4108	metal1	656.07	512.4	13308	metal4	656.07	512.4	1e+12
4109	metal1	712.07	512.4	13309	metal4	712.07	512.4	1e+12
4110	metal1	768.07	512.4	13310	metal4	768.07	512.4	1e+12
4111	metal1	824.07	512.4	13311	metal4	824.07	512.4	1e+12
4112	metal1	880.07	512.4	13312	metal4	880.07	512.4	1e+12
4113	metal1	936.07	512.4	13313	metal4	936.07	512.4	1e+12
4114	metal1	992.07	512.4	13314	metal4	992.07	512.4	1e+12
4115	metal1	1048.07	512.4	13315	metal4	1048.07	512.4	1e+12
4116	metal1	1086.21	512.4	13316	metal4	1086.21	512.4	1e+12
4117	metal1	14.095	515.2	13317	metal4	14.095	515.2	1e+12
4118	metal1	40.07	515.2	13318	metal4	40.07	515.2	1e+12
4119	metal1	96.07	515.2	13319	metal4	96.07	515.2	1e+12
4120	metal1	108.455	515.2	13320	metal4	108.455	515.2	1e+12
4121	metal1	109.295	515.2	13321	metal4	109.295	515.2	1e+12
4122	metal1	152.07	515.2	13322	metal4	152.07	515.2	1e+12
4123	metal1	208.07	515.2	13323	metal4	208.07	515.2	1e+12
4124	metal1	264.07	515.2	13324	metal4	264.07	515.2	1e+12
4125	metal1	320.07	515.2	13325	metal4	320.07	515.2	1e+12
4126	metal1	376.07	515.2	13326	metal4	376.07	515.2	1e+12
4127	metal1	432.07	515.2	13327	metal4	432.07	515.2	1e+12
4128	metal1	488.07	515.2	13328	metal4	488.07	515.2	1e+12
4129	metal1	544.07	515.2	13329	metal4	544.07	515.2	1e+12
4130	metal1	600.07	515.2	13330	metal4	600.07	515.2	1e+12
4131	metal1	656.07	515.2	13331	metal4	656.07	515.2	1e+12
4132	metal1	712.07	515.2	13332	metal4	712.07	515.2	1e+12
4133	metal1	768.07	515.2	13333	metal4	768.07	515.2	1e+12
4134	metal1	824.07	515.2	13334	metal4	824.07	515.2	1e+12
4135	metal1	880.07	515.2	13335	metal4	880.07	515.2	1e+12
4136	metal1	936.07	515.2	13336	metal4	936.07	515.2	1e+12
4137	metal1	992.07	515.2	13337	metal4	992.07	515.2	1e+12
4138	metal1	1048.07	515.2	13338	metal4	1048.07	515.2	1e+12
4139	metal1	1086.21	515.2	13339	metal4	1086.21	515.2	1e+12
4140	metal1	14.095	518	13340	metal4	14.095	518	1e+12
4141	metal1	40.07	518	13341	metal4	40.07	518	1e+12
4142	metal1	96.07	518	13342	metal4	96.07	518	1e+12
4143	metal1	108.455	518	13343	metal4	108.455	518	1e+12
4144	metal1	109.295	518	13344	metal4	109.295	518	1e+12
4145	metal1	152.07	518	13345	metal4	152.07	518	1e+12
4146	metal1	208.07	518	13346	metal4	208.07	518	1e+12
4147	metal1	264.07	518	13347	metal4	264.07	518	1e+12
4148	metal1	320.07	518	13348	metal4	320.07	518	1e+12
4149	metal1	376.07	518	13349	metal4	376.07	518	1e+12
4150	metal1	432.07	518	13350	metal4	432.07	518	1e+12
4151	metal1	488.07	518	13351	metal4	488.07	518	1e+12
4152	metal1	544.07	518	13352	metal4	544.07	518	1e+12
4153	metal1	600.07	518	13353	metal4	600.07	518	1e+12
4154	metal1	656.07	518	13354	metal4	656.07	518	1e+12
4155	metal1	712.07	518	13355	metal4	712.07	518	1e+12
4156	metal1	768.07	518	13356	metal4	768.07	518	1e+12
4157	metal1	824.07	518	13357	metal4	824.07	518	1e+12
4158	metal1	880.07	518	13358	metal4	880.07	518	1e+12
4159	metal1	936.07	518	13359	metal4	936.07	518	1e+12
4160	metal1	992.07	518	13360	metal4	992.07	518	1e+12
4161	metal1	1048.07	518	13361	metal4	1048.07	518	1e+12
4162	metal1	1086.21	518	13362	metal4	1086.21	518	1e+12
4163	metal1	14.095	520.8	13363	metal4	14.095	520.8	1e+12
4164	metal1	40.07	520.8	13364	metal4	40.07	520.8	1e+12
4165	metal1	96.07	520.8	13365	metal4	96.07	520.8	1e+12
4166	metal1	108.455	520.8	13366	metal4	108.455	520.8	1e+12
4167	metal1	109.295	520.8	13367	metal4	109.295	520.8	1e+12
4168	metal1	152.07	520.8	13368	metal4	152.07	520.8	1e+12
4169	metal1	208.07	520.8	13369	metal4	208.07	520.8	1e+12
4170	metal1	264.07	520.8	13370	metal4	264.07	520.8	1e+12
4171	metal1	320.07	520.8	13371	metal4	320.07	520.8	1e+12
4172	metal1	376.07	520.8	13372	metal4	376.07	520.8	1e+12
4173	metal1	432.07	520.8	13373	metal4	432.07	520.8	1e+12
4174	metal1	488.07	520.8	13374	metal4	488.07	520.8	1e+12
4175	metal1	544.07	520.8	13375	metal4	544.07	520.8	1e+12
4176	metal1	600.07	520.8	13376	metal4	600.07	520.8	1e+12
4177	metal1	656.07	520.8	13377	metal4	656.07	520.8	1e+12
4178	metal1	712.07	520.8	13378	metal4	712.07	520.8	1e+12
4179	metal1	768.07	520.8	13379	metal4	768.07	520.8	1e+12
4180	metal1	824.07	520.8	13380	metal4	824.07	520.8	1e+12
4181	metal1	880.07	520.8	13381	metal4	880.07	520.8	1e+12
4182	metal1	936.07	520.8	13382	metal4	936.07	520.8	1e+12
4183	metal1	992.07	520.8	13383	metal4	992.07	520.8	1e+12
4184	metal1	1048.07	520.8	13384	metal4	1048.07	520.8	1e+12
4185	metal1	1086.21	520.8	13385	metal4	1086.21	520.8	1e+12
4186	metal1	14.095	523.6	13386	metal4	14.095	523.6	1e+12
4187	metal1	40.07	523.6	13387	metal4	40.07	523.6	1e+12
4188	metal1	96.07	523.6	13388	metal4	96.07	523.6	1e+12
4189	metal1	108.455	523.6	13389	metal4	108.455	523.6	1e+12
4190	metal1	109.295	523.6	13390	metal4	109.295	523.6	1e+12
4191	metal1	152.07	523.6	13391	metal4	152.07	523.6	1e+12
4192	metal1	208.07	523.6	13392	metal4	208.07	523.6	1e+12
4193	metal1	264.07	523.6	13393	metal4	264.07	523.6	1e+12
4194	metal1	320.07	523.6	13394	metal4	320.07	523.6	1e+12
4195	metal1	376.07	523.6	13395	metal4	376.07	523.6	1e+12
4196	metal1	432.07	523.6	13396	metal4	432.07	523.6	1e+12
4197	metal1	488.07	523.6	13397	metal4	488.07	523.6	1e+12
4198	metal1	544.07	523.6	13398	metal4	544.07	523.6	1e+12
4199	metal1	600.07	523.6	13399	metal4	600.07	523.6	1e+12
4200	metal1	656.07	523.6	13400	metal4	656.07	523.6	1e+12
4201	metal1	712.07	523.6	13401	metal4	712.07	523.6	1e+12
4202	metal1	768.07	523.6	13402	metal4	768.07	523.6	1e+12
4203	metal1	824.07	523.6	13403	metal4	824.07	523.6	1e+12
4204	metal1	880.07	523.6	13404	metal4	880.07	523.6	1e+12
4205	metal1	936.07	523.6	13405	metal4	936.07	523.6	1e+12
4206	metal1	992.07	523.6	13406	metal4	992.07	523.6	1e+12
4207	metal1	1048.07	523.6	13407	metal4	1048.07	523.6	1e+12
4208	metal1	1086.21	523.6	13408	metal4	1086.21	523.6	1e+12
4209	metal1	14.095	526.4	13409	metal4	14.095	526.4	1e+12
4210	metal1	40.07	526.4	13410	metal4	40.07	526.4	1e+12
4211	metal1	96.07	526.4	13411	metal4	96.07	526.4	1e+12
4212	metal1	108.455	526.4	13412	metal4	108.455	526.4	1e+12
4213	metal1	109.295	526.4	13413	metal4	109.295	526.4	1e+12
4214	metal1	152.07	526.4	13414	metal4	152.07	526.4	1e+12
4215	metal1	208.07	526.4	13415	metal4	208.07	526.4	1e+12
4216	metal1	264.07	526.4	13416	metal4	264.07	526.4	1e+12
4217	metal1	320.07	526.4	13417	metal4	320.07	526.4	1e+12
4218	metal1	376.07	526.4	13418	metal4	376.07	526.4	1e+12
4219	metal1	432.07	526.4	13419	metal4	432.07	526.4	1e+12
4220	metal1	488.07	526.4	13420	metal4	488.07	526.4	1e+12
4221	metal1	544.07	526.4	13421	metal4	544.07	526.4	1e+12
4222	metal1	600.07	526.4	13422	metal4	600.07	526.4	1e+12
4223	metal1	656.07	526.4	13423	metal4	656.07	526.4	1e+12
4224	metal1	712.07	526.4	13424	metal4	712.07	526.4	1e+12
4225	metal1	768.07	526.4	13425	metal4	768.07	526.4	1e+12
4226	metal1	824.07	526.4	13426	metal4	824.07	526.4	1e+12
4227	metal1	880.07	526.4	13427	metal4	880.07	526.4	1e+12
4228	metal1	936.07	526.4	13428	metal4	936.07	526.4	1e+12
4229	metal1	992.07	526.4	13429	metal4	992.07	526.4	1e+12
4230	metal1	1048.07	526.4	13430	metal4	1048.07	526.4	1e+12
4231	metal1	1086.21	526.4	13431	metal4	1086.21	526.4	1e+12
4232	metal1	14.095	529.2	13432	metal4	14.095	529.2	1e+12
4233	metal1	40.07	529.2	13433	metal4	40.07	529.2	1e+12
4234	metal1	96.07	529.2	13434	metal4	96.07	529.2	1e+12
4235	metal1	108.455	529.2	13435	metal4	108.455	529.2	1e+12
4236	metal1	109.295	529.2	13436	metal4	109.295	529.2	1e+12
4237	metal1	152.07	529.2	13437	metal4	152.07	529.2	1e+12
4238	metal1	208.07	529.2	13438	metal4	208.07	529.2	1e+12
4239	metal1	264.07	529.2	13439	metal4	264.07	529.2	1e+12
4240	metal1	320.07	529.2	13440	metal4	320.07	529.2	1e+12
4241	metal1	376.07	529.2	13441	metal4	376.07	529.2	1e+12
4242	metal1	432.07	529.2	13442	metal4	432.07	529.2	1e+12
4243	metal1	488.07	529.2	13443	metal4	488.07	529.2	1e+12
4244	metal1	544.07	529.2	13444	metal4	544.07	529.2	1e+12
4245	metal1	600.07	529.2	13445	metal4	600.07	529.2	1e+12
4246	metal1	656.07	529.2	13446	metal4	656.07	529.2	1e+12
4247	metal1	712.07	529.2	13447	metal4	712.07	529.2	1e+12
4248	metal1	768.07	529.2	13448	metal4	768.07	529.2	1e+12
4249	metal1	824.07	529.2	13449	metal4	824.07	529.2	1e+12
4250	metal1	880.07	529.2	13450	metal4	880.07	529.2	1e+12
4251	metal1	936.07	529.2	13451	metal4	936.07	529.2	1e+12
4252	metal1	992.07	529.2	13452	metal4	992.07	529.2	1e+12
4253	metal1	1048.07	529.2	13453	metal4	1048.07	529.2	1e+12
4254	metal1	1086.21	529.2	13454	metal4	1086.21	529.2	1e+12
4255	metal1	14.095	532	13455	metal4	14.095	532	1e+12
4256	metal1	40.07	532	13456	metal4	40.07	532	1e+12
4257	metal1	96.07	532	13457	metal4	96.07	532	1e+12
4258	metal1	108.455	532	13458	metal4	108.455	532	1e+12
4259	metal1	109.295	532	13459	metal4	109.295	532	1e+12
4260	metal1	152.07	532	13460	metal4	152.07	532	1e+12
4261	metal1	208.07	532	13461	metal4	208.07	532	1e+12
4262	metal1	264.07	532	13462	metal4	264.07	532	1e+12
4263	metal1	320.07	532	13463	metal4	320.07	532	1e+12
4264	metal1	376.07	532	13464	metal4	376.07	532	1e+12
4265	metal1	432.07	532	13465	metal4	432.07	532	1e+12
4266	metal1	488.07	532	13466	metal4	488.07	532	1e+12
4267	metal1	544.07	532	13467	metal4	544.07	532	1e+12
4268	metal1	600.07	532	13468	metal4	600.07	532	1e+12
4269	metal1	656.07	532	13469	metal4	656.07	532	1e+12
4270	metal1	712.07	532	13470	metal4	712.07	532	1e+12
4271	metal1	768.07	532	13471	metal4	768.07	532	1e+12
4272	metal1	824.07	532	13472	metal4	824.07	532	1e+12
4273	metal1	880.07	532	13473	metal4	880.07	532	1e+12
4274	metal1	936.07	532	13474	metal4	936.07	532	1e+12
4275	metal1	992.07	532	13475	metal4	992.07	532	1e+12
4276	metal1	1048.07	532	13476	metal4	1048.07	532	1e+12
4277	metal1	1086.21	532	13477	metal4	1086.21	532	1e+12
4278	metal1	14.095	534.8	13478	metal4	14.095	534.8	1e+12
4279	metal1	40.07	534.8	13479	metal4	40.07	534.8	1e+12
4280	metal1	96.07	534.8	13480	metal4	96.07	534.8	1e+12
4281	metal1	108.455	534.8	13481	metal4	108.455	534.8	1e+12
4282	metal1	109.295	534.8	13482	metal4	109.295	534.8	1e+12
4283	metal1	152.07	534.8	13483	metal4	152.07	534.8	1e+12
4284	metal1	208.07	534.8	13484	metal4	208.07	534.8	1e+12
4285	metal1	264.07	534.8	13485	metal4	264.07	534.8	1e+12
4286	metal1	320.07	534.8	13486	metal4	320.07	534.8	1e+12
4287	metal1	376.07	534.8	13487	metal4	376.07	534.8	1e+12
4288	metal1	432.07	534.8	13488	metal4	432.07	534.8	1e+12
4289	metal1	488.07	534.8	13489	metal4	488.07	534.8	1e+12
4290	metal1	544.07	534.8	13490	metal4	544.07	534.8	1e+12
4291	metal1	600.07	534.8	13491	metal4	600.07	534.8	1e+12
4292	metal1	656.07	534.8	13492	metal4	656.07	534.8	1e+12
4293	metal1	712.07	534.8	13493	metal4	712.07	534.8	1e+12
4294	metal1	768.07	534.8	13494	metal4	768.07	534.8	1e+12
4295	metal1	824.07	534.8	13495	metal4	824.07	534.8	1e+12
4296	metal1	880.07	534.8	13496	metal4	880.07	534.8	1e+12
4297	metal1	936.07	534.8	13497	metal4	936.07	534.8	1e+12
4298	metal1	992.07	534.8	13498	metal4	992.07	534.8	1e+12
4299	metal1	1048.07	534.8	13499	metal4	1048.07	534.8	1e+12
4300	metal1	1086.21	534.8	13500	metal4	1086.21	534.8	1e+12
4301	metal1	14.095	537.6	13501	metal4	14.095	537.6	1e+12
4302	metal1	40.07	537.6	13502	metal4	40.07	537.6	1e+12
4303	metal1	96.07	537.6	13503	metal4	96.07	537.6	1e+12
4304	metal1	108.455	537.6	13504	metal4	108.455	537.6	1e+12
4305	metal1	109.295	537.6	13505	metal4	109.295	537.6	1e+12
4306	metal1	152.07	537.6	13506	metal4	152.07	537.6	1e+12
4307	metal1	208.07	537.6	13507	metal4	208.07	537.6	1e+12
4308	metal1	264.07	537.6	13508	metal4	264.07	537.6	1e+12
4309	metal1	320.07	537.6	13509	metal4	320.07	537.6	1e+12
4310	metal1	376.07	537.6	13510	metal4	376.07	537.6	1e+12
4311	metal1	432.07	537.6	13511	metal4	432.07	537.6	1e+12
4312	metal1	488.07	537.6	13512	metal4	488.07	537.6	1e+12
4313	metal1	544.07	537.6	13513	metal4	544.07	537.6	1e+12
4314	metal1	600.07	537.6	13514	metal4	600.07	537.6	1e+12
4315	metal1	656.07	537.6	13515	metal4	656.07	537.6	1e+12
4316	metal1	712.07	537.6	13516	metal4	712.07	537.6	1e+12
4317	metal1	768.07	537.6	13517	metal4	768.07	537.6	1e+12
4318	metal1	824.07	537.6	13518	metal4	824.07	537.6	1e+12
4319	metal1	880.07	537.6	13519	metal4	880.07	537.6	1e+12
4320	metal1	936.07	537.6	13520	metal4	936.07	537.6	1e+12
4321	metal1	992.07	537.6	13521	metal4	992.07	537.6	1e+12
4322	metal1	1048.07	537.6	13522	metal4	1048.07	537.6	1e+12
4323	metal1	1086.21	537.6	13523	metal4	1086.21	537.6	1e+12
4324	metal1	14.095	540.4	13547	metal4	14.095	540.4	1e+12
4325	metal1	40.07	540.4	13548	metal4	40.07	540.4	1e+12
4326	metal1	96.07	540.4	13549	metal4	96.07	540.4	1e+12
4327	metal1	108.455	540.4	13550	metal4	108.455	540.4	1e+12
4328	metal1	109.295	540.4	13551	metal4	109.295	540.4	1e+12
4329	metal1	152.07	540.4	13552	metal4	152.07	540.4	1e+12
4330	metal1	208.07	540.4	13553	metal4	208.07	540.4	1e+12
4331	metal1	264.07	540.4	13554	metal4	264.07	540.4	1e+12
4332	metal1	320.07	540.4	13555	metal4	320.07	540.4	1e+12
4333	metal1	376.07	540.4	13556	metal4	376.07	540.4	1e+12
4334	metal1	432.07	540.4	13557	metal4	432.07	540.4	1e+12
4335	metal1	488.07	540.4	13558	metal4	488.07	540.4	1e+12
4336	metal1	544.07	540.4	13559	metal4	544.07	540.4	1e+12
4337	metal1	600.07	540.4	13560	metal4	600.07	540.4	1e+12
4338	metal1	656.07	540.4	13561	metal4	656.07	540.4	1e+12
4339	metal1	712.07	540.4	13562	metal4	712.07	540.4	1e+12
4340	metal1	768.07	540.4	13563	metal4	768.07	540.4	1e+12
4341	metal1	824.07	540.4	13564	metal4	824.07	540.4	1e+12
4342	metal1	880.07	540.4	13565	metal4	880.07	540.4	1e+12
4343	metal1	936.07	540.4	13566	metal4	936.07	540.4	1e+12
4344	metal1	992.07	540.4	13567	metal4	992.07	540.4	1e+12
4345	metal1	1048.07	540.4	13568	metal4	1048.07	540.4	1e+12
4346	metal1	1086.21	540.4	13569	metal4	1086.21	540.4	1e+12
4347	metal1	14.095	543.2	13570	metal4	14.095	543.2	1e+12
4348	metal1	40.07	543.2	13571	metal4	40.07	543.2	1e+12
4349	metal1	96.07	543.2	13572	metal4	96.07	543.2	1e+12
4350	metal1	108.455	543.2	13573	metal4	108.455	543.2	1e+12
4351	metal1	109.295	543.2	13574	metal4	109.295	543.2	1e+12
4352	metal1	152.07	543.2	13575	metal4	152.07	543.2	1e+12
4353	metal1	208.07	543.2	13576	metal4	208.07	543.2	1e+12
4354	metal1	264.07	543.2	13577	metal4	264.07	543.2	1e+12
4355	metal1	320.07	543.2	13578	metal4	320.07	543.2	1e+12
4356	metal1	376.07	543.2	13579	metal4	376.07	543.2	1e+12
4357	metal1	432.07	543.2	13580	metal4	432.07	543.2	1e+12
4358	metal1	488.07	543.2	13581	metal4	488.07	543.2	1e+12
4359	metal1	544.07	543.2	13582	metal4	544.07	543.2	1e+12
4360	metal1	600.07	543.2	13583	metal4	600.07	543.2	1e+12
4361	metal1	656.07	543.2	13584	metal4	656.07	543.2	1e+12
4362	metal1	712.07	543.2	13585	metal4	712.07	543.2	1e+12
4363	metal1	768.07	543.2	13586	metal4	768.07	543.2	1e+12
4364	metal1	824.07	543.2	13587	metal4	824.07	543.2	1e+12
4365	metal1	880.07	543.2	13588	metal4	880.07	543.2	1e+12
4366	metal1	936.07	543.2	13589	metal4	936.07	543.2	1e+12
4367	metal1	992.07	543.2	13590	metal4	992.07	543.2	1e+12
4368	metal1	1048.07	543.2	13591	metal4	1048.07	543.2	1e+12
4369	metal1	1086.21	543.2	13592	metal4	1086.21	543.2	1e+12
4370	metal1	14.095	546	13593	metal4	14.095	546	1e+12
4371	metal1	40.07	546	13594	metal4	40.07	546	1e+12
4372	metal1	96.07	546	13595	metal4	96.07	546	1e+12
4373	metal1	108.455	546	13596	metal4	108.455	546	1e+12
4374	metal1	109.295	546	13597	metal4	109.295	546	1e+12
4375	metal1	152.07	546	13598	metal4	152.07	546	1e+12
4376	metal1	208.07	546	13599	metal4	208.07	546	1e+12
4377	metal1	264.07	546	13600	metal4	264.07	546	1e+12
4378	metal1	320.07	546	13601	metal4	320.07	546	1e+12
4379	metal1	376.07	546	13602	metal4	376.07	546	1e+12
4380	metal1	432.07	546	13603	metal4	432.07	546	1e+12
4381	metal1	488.07	546	13604	metal4	488.07	546	1e+12
4382	metal1	544.07	546	13605	metal4	544.07	546	1e+12
4383	metal1	600.07	546	13606	metal4	600.07	546	1e+12
4384	metal1	656.07	546	13607	metal4	656.07	546	1e+12
4385	metal1	712.07	546	13608	metal4	712.07	546	1e+12
4386	metal1	768.07	546	13609	metal4	768.07	546	1e+12
4387	metal1	824.07	546	13610	metal4	824.07	546	1e+12
4388	metal1	880.07	546	13611	metal4	880.07	546	1e+12
4389	metal1	936.07	546	13612	metal4	936.07	546	1e+12
4390	metal1	992.07	546	13613	metal4	992.07	546	1e+12
4391	metal1	1048.07	546	13614	metal4	1048.07	546	1e+12
4392	metal1	1086.21	546	13615	metal4	1086.21	546	1e+12
4393	metal1	14.095	548.8	13616	metal4	14.095	548.8	1e+12
4394	metal1	40.07	548.8	13617	metal4	40.07	548.8	1e+12
4395	metal1	96.07	548.8	13618	metal4	96.07	548.8	1e+12
4396	metal1	108.455	548.8	13619	metal4	108.455	548.8	1e+12
4397	metal1	109.295	548.8	13620	metal4	109.295	548.8	1e+12
4398	metal1	152.07	548.8	13621	metal4	152.07	548.8	1e+12
4399	metal1	208.07	548.8	13622	metal4	208.07	548.8	1e+12
4400	metal1	264.07	548.8	13623	metal4	264.07	548.8	1e+12
4401	metal1	320.07	548.8	13624	metal4	320.07	548.8	1e+12
4402	metal1	376.07	548.8	13625	metal4	376.07	548.8	1e+12
4403	metal1	432.07	548.8	13626	metal4	432.07	548.8	1e+12
4404	metal1	488.07	548.8	13627	metal4	488.07	548.8	1e+12
4405	metal1	544.07	548.8	13628	metal4	544.07	548.8	1e+12
4406	metal1	600.07	548.8	13629	metal4	600.07	548.8	1e+12
4407	metal1	656.07	548.8	13630	metal4	656.07	548.8	1e+12
4408	metal1	712.07	548.8	13631	metal4	712.07	548.8	1e+12
4409	metal1	768.07	548.8	13632	metal4	768.07	548.8	1e+12
4410	metal1	824.07	548.8	13633	metal4	824.07	548.8	1e+12
4411	metal1	880.07	548.8	13634	metal4	880.07	548.8	1e+12
4412	metal1	936.07	548.8	13635	metal4	936.07	548.8	1e+12
4413	metal1	992.07	548.8	13636	metal4	992.07	548.8	1e+12
4414	metal1	1048.07	548.8	13637	metal4	1048.07	548.8	1e+12
4415	metal1	1086.21	548.8	13638	metal4	1086.21	548.8	1e+12
4416	metal1	14.095	551.6	13639	metal4	14.095	551.6	1e+12
4417	metal1	40.07	551.6	13640	metal4	40.07	551.6	1e+12
4418	metal1	96.07	551.6	13641	metal4	96.07	551.6	1e+12
4419	metal1	108.455	551.6	13642	metal4	108.455	551.6	1e+12
4420	metal1	109.295	551.6	13643	metal4	109.295	551.6	1e+12
4421	metal1	152.07	551.6	13644	metal4	152.07	551.6	1e+12
4422	metal1	208.07	551.6	13645	metal4	208.07	551.6	1e+12
4423	metal1	264.07	551.6	13646	metal4	264.07	551.6	1e+12
4424	metal1	320.07	551.6	13647	metal4	320.07	551.6	1e+12
4425	metal1	376.07	551.6	13648	metal4	376.07	551.6	1e+12
4426	metal1	432.07	551.6	13649	metal4	432.07	551.6	1e+12
4427	metal1	488.07	551.6	13650	metal4	488.07	551.6	1e+12
4428	metal1	544.07	551.6	13651	metal4	544.07	551.6	1e+12
4429	metal1	600.07	551.6	13652	metal4	600.07	551.6	1e+12
4430	metal1	656.07	551.6	13653	metal4	656.07	551.6	1e+12
4431	metal1	712.07	551.6	13654	metal4	712.07	551.6	1e+12
4432	metal1	768.07	551.6	13655	metal4	768.07	551.6	1e+12
4433	metal1	824.07	551.6	13656	metal4	824.07	551.6	1e+12
4434	metal1	880.07	551.6	13657	metal4	880.07	551.6	1e+12
4435	metal1	936.07	551.6	13658	metal4	936.07	551.6	1e+12
4436	metal1	992.07	551.6	13659	metal4	992.07	551.6	1e+12
4437	metal1	1048.07	551.6	13660	metal4	1048.07	551.6	1e+12
4438	metal1	1086.21	551.6	13661	metal4	1086.21	551.6	1e+12
4439	metal1	14.095	554.4	13662	metal4	14.095	554.4	1e+12
4440	metal1	40.07	554.4	13663	metal4	40.07	554.4	1e+12
4441	metal1	96.07	554.4	13664	metal4	96.07	554.4	1e+12
4442	metal1	108.455	554.4	13665	metal4	108.455	554.4	1e+12
4443	metal1	109.295	554.4	13666	metal4	109.295	554.4	1e+12
4444	metal1	152.07	554.4	13667	metal4	152.07	554.4	1e+12
4445	metal1	208.07	554.4	13668	metal4	208.07	554.4	1e+12
4446	metal1	264.07	554.4	13669	metal4	264.07	554.4	1e+12
4447	metal1	320.07	554.4	13670	metal4	320.07	554.4	1e+12
4448	metal1	376.07	554.4	13671	metal4	376.07	554.4	1e+12
4449	metal1	432.07	554.4	13672	metal4	432.07	554.4	1e+12
4450	metal1	488.07	554.4	13673	metal4	488.07	554.4	1e+12
4451	metal1	544.07	554.4	13674	metal4	544.07	554.4	1e+12
4452	metal1	600.07	554.4	13675	metal4	600.07	554.4	1e+12
4453	metal1	656.07	554.4	13676	metal4	656.07	554.4	1e+12
4454	metal1	712.07	554.4	13677	metal4	712.07	554.4	1e+12
4455	metal1	768.07	554.4	13678	metal4	768.07	554.4	1e+12
4456	metal1	824.07	554.4	13679	metal4	824.07	554.4	1e+12
4457	metal1	880.07	554.4	13680	metal4	880.07	554.4	1e+12
4458	metal1	936.07	554.4	13681	metal4	936.07	554.4	1e+12
4459	metal1	992.07	554.4	13682	metal4	992.07	554.4	1e+12
4460	metal1	1048.07	554.4	13683	metal4	1048.07	554.4	1e+12
4461	metal1	1086.21	554.4	13684	metal4	1086.21	554.4	1e+12
4462	metal1	14.095	557.2	13685	metal4	14.095	557.2	1e+12
4463	metal1	40.07	557.2	13686	metal4	40.07	557.2	1e+12
4464	metal1	96.07	557.2	13687	metal4	96.07	557.2	1e+12
4465	metal1	108.455	557.2	13688	metal4	108.455	557.2	1e+12
4466	metal1	109.295	557.2	13689	metal4	109.295	557.2	1e+12
4467	metal1	152.07	557.2	13690	metal4	152.07	557.2	1e+12
4468	metal1	208.07	557.2	13691	metal4	208.07	557.2	1e+12
4469	metal1	264.07	557.2	13692	metal4	264.07	557.2	1e+12
4470	metal1	320.07	557.2	13693	metal4	320.07	557.2	1e+12
4471	metal1	376.07	557.2	13694	metal4	376.07	557.2	1e+12
4472	metal1	432.07	557.2	13695	metal4	432.07	557.2	1e+12
4473	metal1	488.07	557.2	13696	metal4	488.07	557.2	1e+12
4474	metal1	544.07	557.2	13697	metal4	544.07	557.2	1e+12
4475	metal1	600.07	557.2	13698	metal4	600.07	557.2	1e+12
4476	metal1	656.07	557.2	13699	metal4	656.07	557.2	1e+12
4477	metal1	712.07	557.2	13700	metal4	712.07	557.2	1e+12
4478	metal1	768.07	557.2	13701	metal4	768.07	557.2	1e+12
4479	metal1	824.07	557.2	13702	metal4	824.07	557.2	1e+12
4480	metal1	880.07	557.2	13703	metal4	880.07	557.2	1e+12
4481	metal1	936.07	557.2	13704	metal4	936.07	557.2	1e+12
4482	metal1	992.07	557.2	13705	metal4	992.07	557.2	1e+12
4483	metal1	1048.07	557.2	13706	metal4	1048.07	557.2	1e+12
4484	metal1	1086.21	557.2	13707	metal4	1086.21	557.2	1e+12
4485	metal1	14.095	560	13708	metal4	14.095	560	1e+12
4486	metal1	40.07	560	13709	metal4	40.07	560	1e+12
4487	metal1	96.07	560	13710	metal4	96.07	560	1e+12
4488	metal1	108.455	560	13711	metal4	108.455	560	1e+12
4489	metal1	109.295	560	13712	metal4	109.295	560	1e+12
4490	metal1	152.07	560	13713	metal4	152.07	560	1e+12
4491	metal1	208.07	560	13714	metal4	208.07	560	1e+12
4492	metal1	264.07	560	13715	metal4	264.07	560	1e+12
4493	metal1	320.07	560	13716	metal4	320.07	560	1e+12
4494	metal1	376.07	560	13717	metal4	376.07	560	1e+12
4495	metal1	432.07	560	13718	metal4	432.07	560	1e+12
4496	metal1	488.07	560	13719	metal4	488.07	560	1e+12
4497	metal1	544.07	560	13720	metal4	544.07	560	1e+12
4498	metal1	600.07	560	13721	metal4	600.07	560	1e+12
4499	metal1	656.07	560	13722	metal4	656.07	560	1e+12
4500	metal1	712.07	560	13723	metal4	712.07	560	1e+12
4501	metal1	768.07	560	13724	metal4	768.07	560	1e+12
4502	metal1	824.07	560	13725	metal4	824.07	560	1e+12
4503	metal1	880.07	560	13726	metal4	880.07	560	1e+12
4504	metal1	936.07	560	13727	metal4	936.07	560	1e+12
4505	metal1	992.07	560	13728	metal4	992.07	560	1e+12
4506	metal1	1048.07	560	13729	metal4	1048.07	560	1e+12
4507	metal1	1086.21	560	13730	metal4	1086.21	560	1e+12
4508	metal1	14.095	562.8	13731	metal4	14.095	562.8	1e+12
4509	metal1	40.07	562.8	13732	metal4	40.07	562.8	1e+12
4510	metal1	96.07	562.8	13733	metal4	96.07	562.8	1e+12
4511	metal1	108.455	562.8	13734	metal4	108.455	562.8	1e+12
4512	metal1	109.295	562.8	13735	metal4	109.295	562.8	1e+12
4513	metal1	152.07	562.8	13736	metal4	152.07	562.8	1e+12
4514	metal1	208.07	562.8	13737	metal4	208.07	562.8	1e+12
4515	metal1	264.07	562.8	13738	metal4	264.07	562.8	1e+12
4516	metal1	320.07	562.8	13739	metal4	320.07	562.8	1e+12
4517	metal1	376.07	562.8	13740	metal4	376.07	562.8	1e+12
4518	metal1	432.07	562.8	13741	metal4	432.07	562.8	1e+12
4519	metal1	488.07	562.8	13742	metal4	488.07	562.8	1e+12
4520	metal1	544.07	562.8	13743	metal4	544.07	562.8	1e+12
4521	metal1	600.07	562.8	13744	metal4	600.07	562.8	1e+12
4522	metal1	656.07	562.8	13745	metal4	656.07	562.8	1e+12
4523	metal1	712.07	562.8	13746	metal4	712.07	562.8	1e+12
4524	metal1	768.07	562.8	13747	metal4	768.07	562.8	1e+12
4525	metal1	824.07	562.8	13748	metal4	824.07	562.8	1e+12
4526	metal1	880.07	562.8	13749	metal4	880.07	562.8	1e+12
4527	metal1	936.07	562.8	13750	metal4	936.07	562.8	1e+12
4528	metal1	992.07	562.8	13751	metal4	992.07	562.8	1e+12
4529	metal1	1048.07	562.8	13752	metal4	1048.07	562.8	1e+12
4530	metal1	1086.21	562.8	13753	metal4	1086.21	562.8	1e+12
4531	metal1	14.095	565.6	13754	metal4	14.095	565.6	1e+12
4532	metal1	40.07	565.6	13755	metal4	40.07	565.6	1e+12
4533	metal1	96.07	565.6	13756	metal4	96.07	565.6	1e+12
4534	metal1	108.455	565.6	13757	metal4	108.455	565.6	1e+12
4535	metal1	109.295	565.6	13758	metal4	109.295	565.6	1e+12
4536	metal1	152.07	565.6	13759	metal4	152.07	565.6	1e+12
4537	metal1	208.07	565.6	13760	metal4	208.07	565.6	1e+12
4538	metal1	264.07	565.6	13761	metal4	264.07	565.6	1e+12
4539	metal1	320.07	565.6	13762	metal4	320.07	565.6	1e+12
4540	metal1	376.07	565.6	13763	metal4	376.07	565.6	1e+12
4541	metal1	432.07	565.6	13764	metal4	432.07	565.6	1e+12
4542	metal1	488.07	565.6	13765	metal4	488.07	565.6	1e+12
4543	metal1	544.07	565.6	13766	metal4	544.07	565.6	1e+12
4544	metal1	600.07	565.6	13767	metal4	600.07	565.6	1e+12
4545	metal1	656.07	565.6	13768	metal4	656.07	565.6	1e+12
4546	metal1	712.07	565.6	13769	metal4	712.07	565.6	1e+12
4547	metal1	768.07	565.6	13770	metal4	768.07	565.6	1e+12
4548	metal1	824.07	565.6	13771	metal4	824.07	565.6	1e+12
4549	metal1	880.07	565.6	13772	metal4	880.07	565.6	1e+12
4550	metal1	936.07	565.6	13773	metal4	936.07	565.6	1e+12
4551	metal1	992.07	565.6	13774	metal4	992.07	565.6	1e+12
4552	metal1	1048.07	565.6	13775	metal4	1048.07	565.6	1e+12
4553	metal1	1086.21	565.6	13776	metal4	1086.21	565.6	1e+12
4554	metal1	14.095	568.4	13777	metal4	14.095	568.4	1e+12
4555	metal1	40.07	568.4	13778	metal4	40.07	568.4	1e+12
4556	metal1	96.07	568.4	13779	metal4	96.07	568.4	1e+12
4557	metal1	108.455	568.4	13780	metal4	108.455	568.4	1e+12
4558	metal1	109.295	568.4	13781	metal4	109.295	568.4	1e+12
4559	metal1	152.07	568.4	13782	metal4	152.07	568.4	1e+12
4560	metal1	208.07	568.4	13783	metal4	208.07	568.4	1e+12
4561	metal1	264.07	568.4	13784	metal4	264.07	568.4	1e+12
4562	metal1	320.07	568.4	13785	metal4	320.07	568.4	1e+12
4563	metal1	376.07	568.4	13786	metal4	376.07	568.4	1e+12
4564	metal1	432.07	568.4	13787	metal4	432.07	568.4	1e+12
4565	metal1	488.07	568.4	13788	metal4	488.07	568.4	1e+12
4566	metal1	544.07	568.4	13789	metal4	544.07	568.4	1e+12
4567	metal1	600.07	568.4	13790	metal4	600.07	568.4	1e+12
4568	metal1	656.07	568.4	13791	metal4	656.07	568.4	1e+12
4569	metal1	712.07	568.4	13792	metal4	712.07	568.4	1e+12
4570	metal1	768.07	568.4	13793	metal4	768.07	568.4	1e+12
4571	metal1	824.07	568.4	13794	metal4	824.07	568.4	1e+12
4572	metal1	880.07	568.4	13795	metal4	880.07	568.4	1e+12
4573	metal1	936.07	568.4	13796	metal4	936.07	568.4	1e+12
4574	metal1	992.07	568.4	13797	metal4	992.07	568.4	1e+12
4575	metal1	1048.07	568.4	13798	metal4	1048.07	568.4	1e+12
4576	metal1	1086.21	568.4	13799	metal4	1086.21	568.4	1e+12
4577	metal1	14.095	571.2	13823	metal4	14.095	571.2	1e+12
4578	metal1	40.07	571.2	13824	metal4	40.07	571.2	1e+12
4579	metal1	96.07	571.2	13825	metal4	96.07	571.2	1e+12
4580	metal1	108.455	571.2	13826	metal4	108.455	571.2	1e+12
4581	metal1	109.295	571.2	13827	metal4	109.295	571.2	1e+12
4582	metal1	152.07	571.2	13828	metal4	152.07	571.2	1e+12
4583	metal1	208.07	571.2	13829	metal4	208.07	571.2	1e+12
4584	metal1	264.07	571.2	13830	metal4	264.07	571.2	1e+12
4585	metal1	320.07	571.2	13831	metal4	320.07	571.2	1e+12
4586	metal1	376.07	571.2	13832	metal4	376.07	571.2	1e+12
4587	metal1	432.07	571.2	13833	metal4	432.07	571.2	1e+12
4588	metal1	488.07	571.2	13834	metal4	488.07	571.2	1e+12
4589	metal1	544.07	571.2	13835	metal4	544.07	571.2	1e+12
4590	metal1	600.07	571.2	13836	metal4	600.07	571.2	1e+12
4591	metal1	656.07	571.2	13837	metal4	656.07	571.2	1e+12
4592	metal1	712.07	571.2	13838	metal4	712.07	571.2	1e+12
4593	metal1	768.07	571.2	13839	metal4	768.07	571.2	1e+12
4594	metal1	824.07	571.2	13840	metal4	824.07	571.2	1e+12
4595	metal1	880.07	571.2	13841	metal4	880.07	571.2	1e+12
4596	metal1	936.07	571.2	13842	metal4	936.07	571.2	1e+12
4597	metal1	992.07	571.2	13843	metal4	992.07	571.2	1e+12
4598	metal1	1048.07	571.2	13844	metal4	1048.07	571.2	1e+12
4599	metal1	1086.21	571.2	13845	metal4	1086.21	571.2	1e+12
4600	metal1	14.095	574	13846	metal4	14.095	574	1e+12
4601	metal1	40.07	574	13847	metal4	40.07	574	1e+12
4602	metal1	96.07	574	13848	metal4	96.07	574	1e+12
4603	metal1	108.455	574	13849	metal4	108.455	574	1e+12
4604	metal1	109.295	574	13850	metal4	109.295	574	1e+12
4605	metal1	152.07	574	13851	metal4	152.07	574	1e+12
4606	metal1	208.07	574	13852	metal4	208.07	574	1e+12
4607	metal1	264.07	574	13853	metal4	264.07	574	1e+12
4608	metal1	320.07	574	13854	metal4	320.07	574	1e+12
4609	metal1	376.07	574	13855	metal4	376.07	574	1e+12
4610	metal1	432.07	574	13856	metal4	432.07	574	1e+12
4611	metal1	488.07	574	13857	metal4	488.07	574	1e+12
4612	metal1	544.07	574	13858	metal4	544.07	574	1e+12
4613	metal1	600.07	574	13859	metal4	600.07	574	1e+12
4614	metal1	656.07	574	13860	metal4	656.07	574	1e+12
4615	metal1	712.07	574	13861	metal4	712.07	574	1e+12
4616	metal1	768.07	574	13862	metal4	768.07	574	1e+12
4617	metal1	824.07	574	13863	metal4	824.07	574	1e+12
4618	metal1	880.07	574	13864	metal4	880.07	574	1e+12
4619	metal1	936.07	574	13865	metal4	936.07	574	1e+12
4620	metal1	992.07	574	13866	metal4	992.07	574	1e+12
4621	metal1	1048.07	574	13867	metal4	1048.07	574	1e+12
4622	metal1	1086.21	574	13868	metal4	1086.21	574	1e+12
4623	metal1	14.095	576.8	13869	metal4	14.095	576.8	1e+12
4624	metal1	40.07	576.8	13870	metal4	40.07	576.8	1e+12
4625	metal1	96.07	576.8	13871	metal4	96.07	576.8	1e+12
4626	metal1	108.455	576.8	13872	metal4	108.455	576.8	1e+12
4627	metal1	109.295	576.8	13873	metal4	109.295	576.8	1e+12
4628	metal1	152.07	576.8	13874	metal4	152.07	576.8	1e+12
4629	metal1	208.07	576.8	13875	metal4	208.07	576.8	1e+12
4630	metal1	264.07	576.8	13876	metal4	264.07	576.8	1e+12
4631	metal1	320.07	576.8	13877	metal4	320.07	576.8	1e+12
4632	metal1	376.07	576.8	13878	metal4	376.07	576.8	1e+12
4633	metal1	432.07	576.8	13879	metal4	432.07	576.8	1e+12
4634	metal1	488.07	576.8	13880	metal4	488.07	576.8	1e+12
4635	metal1	544.07	576.8	13881	metal4	544.07	576.8	1e+12
4636	metal1	600.07	576.8	13882	metal4	600.07	576.8	1e+12
4637	metal1	656.07	576.8	13883	metal4	656.07	576.8	1e+12
4638	metal1	712.07	576.8	13884	metal4	712.07	576.8	1e+12
4639	metal1	768.07	576.8	13885	metal4	768.07	576.8	1e+12
4640	metal1	824.07	576.8	13886	metal4	824.07	576.8	1e+12
4641	metal1	880.07	576.8	13887	metal4	880.07	576.8	1e+12
4642	metal1	936.07	576.8	13888	metal4	936.07	576.8	1e+12
4643	metal1	992.07	576.8	13889	metal4	992.07	576.8	1e+12
4644	metal1	1048.07	576.8	13890	metal4	1048.07	576.8	1e+12
4645	metal1	1086.21	576.8	13891	metal4	1086.21	576.8	1e+12
4646	metal1	14.095	579.6	13892	metal4	14.095	579.6	1e+12
4647	metal1	40.07	579.6	13893	metal4	40.07	579.6	1e+12
4648	metal1	96.07	579.6	13894	metal4	96.07	579.6	1e+12
4649	metal1	108.455	579.6	13895	metal4	108.455	579.6	1e+12
4650	metal1	109.295	579.6	13896	metal4	109.295	579.6	1e+12
4651	metal1	152.07	579.6	13897	metal4	152.07	579.6	1e+12
4652	metal1	208.07	579.6	13898	metal4	208.07	579.6	1e+12
4653	metal1	264.07	579.6	13899	metal4	264.07	579.6	1e+12
4654	metal1	320.07	579.6	13900	metal4	320.07	579.6	1e+12
4655	metal1	376.07	579.6	13901	metal4	376.07	579.6	1e+12
4656	metal1	432.07	579.6	13902	metal4	432.07	579.6	1e+12
4657	metal1	488.07	579.6	13903	metal4	488.07	579.6	1e+12
4658	metal1	544.07	579.6	13904	metal4	544.07	579.6	1e+12
4659	metal1	600.07	579.6	13905	metal4	600.07	579.6	1e+12
4660	metal1	656.07	579.6	13906	metal4	656.07	579.6	1e+12
4661	metal1	712.07	579.6	13907	metal4	712.07	579.6	1e+12
4662	metal1	768.07	579.6	13908	metal4	768.07	579.6	1e+12
4663	metal1	824.07	579.6	13909	metal4	824.07	579.6	1e+12
4664	metal1	880.07	579.6	13910	metal4	880.07	579.6	1e+12
4665	metal1	936.07	579.6	13911	metal4	936.07	579.6	1e+12
4666	metal1	992.07	579.6	13912	metal4	992.07	579.6	1e+12
4667	metal1	1048.07	579.6	13913	metal4	1048.07	579.6	1e+12
4668	metal1	1086.21	579.6	13914	metal4	1086.21	579.6	1e+12
4669	metal1	14.095	582.4	13915	metal4	14.095	582.4	1e+12
4670	metal1	40.07	582.4	13916	metal4	40.07	582.4	1e+12
4671	metal1	96.07	582.4	13917	metal4	96.07	582.4	1e+12
4672	metal1	108.455	582.4	13918	metal4	108.455	582.4	1e+12
4673	metal1	109.295	582.4	13919	metal4	109.295	582.4	1e+12
4674	metal1	152.07	582.4	13920	metal4	152.07	582.4	1e+12
4675	metal1	208.07	582.4	13921	metal4	208.07	582.4	1e+12
4676	metal1	264.07	582.4	13922	metal4	264.07	582.4	1e+12
4677	metal1	320.07	582.4	13923	metal4	320.07	582.4	1e+12
4678	metal1	376.07	582.4	13924	metal4	376.07	582.4	1e+12
4679	metal1	432.07	582.4	13925	metal4	432.07	582.4	1e+12
4680	metal1	488.07	582.4	13926	metal4	488.07	582.4	1e+12
4681	metal1	544.07	582.4	13927	metal4	544.07	582.4	1e+12
4682	metal1	600.07	582.4	13928	metal4	600.07	582.4	1e+12
4683	metal1	656.07	582.4	13929	metal4	656.07	582.4	1e+12
4684	metal1	712.07	582.4	13930	metal4	712.07	582.4	1e+12
4685	metal1	768.07	582.4	13931	metal4	768.07	582.4	1e+12
4686	metal1	824.07	582.4	13932	metal4	824.07	582.4	1e+12
4687	metal1	880.07	582.4	13933	metal4	880.07	582.4	1e+12
4688	metal1	936.07	582.4	13934	metal4	936.07	582.4	1e+12
4689	metal1	992.07	582.4	13935	metal4	992.07	582.4	1e+12
4690	metal1	1048.07	582.4	13936	metal4	1048.07	582.4	1e+12
4691	metal1	1086.21	582.4	13937	metal4	1086.21	582.4	1e+12
4692	metal1	14.095	585.2	13938	metal4	14.095	585.2	1e+12
4693	metal1	40.07	585.2	13939	metal4	40.07	585.2	1e+12
4694	metal1	96.07	585.2	13940	metal4	96.07	585.2	1e+12
4695	metal1	108.455	585.2	13941	metal4	108.455	585.2	1e+12
4696	metal1	109.295	585.2	13942	metal4	109.295	585.2	1e+12
4697	metal1	152.07	585.2	13943	metal4	152.07	585.2	1e+12
4698	metal1	208.07	585.2	13944	metal4	208.07	585.2	1e+12
4699	metal1	264.07	585.2	13945	metal4	264.07	585.2	1e+12
4700	metal1	320.07	585.2	13946	metal4	320.07	585.2	1e+12
4701	metal1	376.07	585.2	13947	metal4	376.07	585.2	1e+12
4702	metal1	432.07	585.2	13948	metal4	432.07	585.2	1e+12
4703	metal1	488.07	585.2	13949	metal4	488.07	585.2	1e+12
4704	metal1	544.07	585.2	13950	metal4	544.07	585.2	1e+12
4705	metal1	600.07	585.2	13951	metal4	600.07	585.2	1e+12
4706	metal1	656.07	585.2	13952	metal4	656.07	585.2	1e+12
4707	metal1	712.07	585.2	13953	metal4	712.07	585.2	1e+12
4708	metal1	768.07	585.2	13954	metal4	768.07	585.2	1e+12
4709	metal1	824.07	585.2	13955	metal4	824.07	585.2	1e+12
4710	metal1	880.07	585.2	13956	metal4	880.07	585.2	1e+12
4711	metal1	936.07	585.2	13957	metal4	936.07	585.2	1e+12
4712	metal1	992.07	585.2	13958	metal4	992.07	585.2	1e+12
4713	metal1	1048.07	585.2	13959	metal4	1048.07	585.2	1e+12
4714	metal1	1086.21	585.2	13960	metal4	1086.21	585.2	1e+12
4715	metal1	14.095	588	13961	metal4	14.095	588	1e+12
4716	metal1	40.07	588	13962	metal4	40.07	588	1e+12
4717	metal1	96.07	588	13963	metal4	96.07	588	1e+12
4718	metal1	108.455	588	13964	metal4	108.455	588	1e+12
4719	metal1	109.295	588	13965	metal4	109.295	588	1e+12
4720	metal1	152.07	588	13966	metal4	152.07	588	1e+12
4721	metal1	208.07	588	13967	metal4	208.07	588	1e+12
4722	metal1	264.07	588	13968	metal4	264.07	588	1e+12
4723	metal1	320.07	588	13969	metal4	320.07	588	1e+12
4724	metal1	376.07	588	13970	metal4	376.07	588	1e+12
4725	metal1	432.07	588	13971	metal4	432.07	588	1e+12
4726	metal1	488.07	588	13972	metal4	488.07	588	1e+12
4727	metal1	544.07	588	13973	metal4	544.07	588	1e+12
4728	metal1	600.07	588	13974	metal4	600.07	588	1e+12
4729	metal1	656.07	588	13975	metal4	656.07	588	1e+12
4730	metal1	712.07	588	13976	metal4	712.07	588	1e+12
4731	metal1	768.07	588	13977	metal4	768.07	588	1e+12
4732	metal1	824.07	588	13978	metal4	824.07	588	1e+12
4733	metal1	880.07	588	13979	metal4	880.07	588	1e+12
4734	metal1	936.07	588	13980	metal4	936.07	588	1e+12
4735	metal1	992.07	588	13981	metal4	992.07	588	1e+12
4736	metal1	1048.07	588	13982	metal4	1048.07	588	1e+12
4737	metal1	1086.21	588	13983	metal4	1086.21	588	1e+12
4738	metal1	14.095	590.8	13984	metal4	14.095	590.8	1e+12
4739	metal1	40.07	590.8	13985	metal4	40.07	590.8	1e+12
4740	metal1	96.07	590.8	13986	metal4	96.07	590.8	1e+12
4741	metal1	108.455	590.8	13987	metal4	108.455	590.8	1e+12
4742	metal1	109.295	590.8	13988	metal4	109.295	590.8	1e+12
4743	metal1	152.07	590.8	13989	metal4	152.07	590.8	1e+12
4744	metal1	208.07	590.8	13990	metal4	208.07	590.8	1e+12
4745	metal1	264.07	590.8	13991	metal4	264.07	590.8	1e+12
4746	metal1	320.07	590.8	13992	metal4	320.07	590.8	1e+12
4747	metal1	376.07	590.8	13993	metal4	376.07	590.8	1e+12
4748	metal1	432.07	590.8	13994	metal4	432.07	590.8	1e+12
4749	metal1	488.07	590.8	13995	metal4	488.07	590.8	1e+12
4750	metal1	544.07	590.8	13996	metal4	544.07	590.8	1e+12
4751	metal1	600.07	590.8	13997	metal4	600.07	590.8	1e+12
4752	metal1	656.07	590.8	13998	metal4	656.07	590.8	1e+12
4753	metal1	712.07	590.8	13999	metal4	712.07	590.8	1e+12
4754	metal1	768.07	590.8	14000	metal4	768.07	590.8	1e+12
4755	metal1	824.07	590.8	14001	metal4	824.07	590.8	1e+12
4756	metal1	880.07	590.8	14002	metal4	880.07	590.8	1e+12
4757	metal1	936.07	590.8	14003	metal4	936.07	590.8	1e+12
4758	metal1	992.07	590.8	14004	metal4	992.07	590.8	1e+12
4759	metal1	1048.07	590.8	14005	metal4	1048.07	590.8	1e+12
4760	metal1	1086.21	590.8	14006	metal4	1086.21	590.8	1e+12
4761	metal1	14.095	593.6	14007	metal4	14.095	593.6	1e+12
4762	metal1	40.07	593.6	14008	metal4	40.07	593.6	1e+12
4763	metal1	96.07	593.6	14009	metal4	96.07	593.6	1e+12
4764	metal1	108.455	593.6	14010	metal4	108.455	593.6	1e+12
4765	metal1	109.295	593.6	14011	metal4	109.295	593.6	1e+12
4766	metal1	152.07	593.6	14012	metal4	152.07	593.6	1e+12
4767	metal1	208.07	593.6	14013	metal4	208.07	593.6	1e+12
4768	metal1	264.07	593.6	14014	metal4	264.07	593.6	1e+12
4769	metal1	320.07	593.6	14015	metal4	320.07	593.6	1e+12
4770	metal1	376.07	593.6	14016	metal4	376.07	593.6	1e+12
4771	metal1	432.07	593.6	14017	metal4	432.07	593.6	1e+12
4772	metal1	488.07	593.6	14018	metal4	488.07	593.6	1e+12
4773	metal1	544.07	593.6	14019	metal4	544.07	593.6	1e+12
4774	metal1	600.07	593.6	14020	metal4	600.07	593.6	1e+12
4775	metal1	656.07	593.6	14021	metal4	656.07	593.6	1e+12
4776	metal1	712.07	593.6	14022	metal4	712.07	593.6	1e+12
4777	metal1	768.07	593.6	14023	metal4	768.07	593.6	1e+12
4778	metal1	824.07	593.6	14024	metal4	824.07	593.6	1e+12
4779	metal1	880.07	593.6	14025	metal4	880.07	593.6	1e+12
4780	metal1	936.07	593.6	14026	metal4	936.07	593.6	1e+12
4781	metal1	992.07	593.6	14027	metal4	992.07	593.6	1e+12
4782	metal1	1048.07	593.6	14028	metal4	1048.07	593.6	1e+12
4783	metal1	1086.21	593.6	14029	metal4	1086.21	593.6	1e+12
4784	metal1	14.095	596.4	14030	metal4	14.095	596.4	1e+12
4785	metal1	40.07	596.4	14031	metal4	40.07	596.4	1e+12
4786	metal1	96.07	596.4	14032	metal4	96.07	596.4	1e+12
4787	metal1	108.455	596.4	14033	metal4	108.455	596.4	1e+12
4788	metal1	109.295	596.4	14034	metal4	109.295	596.4	1e+12
4789	metal1	152.07	596.4	14035	metal4	152.07	596.4	1e+12
4790	metal1	208.07	596.4	14036	metal4	208.07	596.4	1e+12
4791	metal1	264.07	596.4	14037	metal4	264.07	596.4	1e+12
4792	metal1	320.07	596.4	14038	metal4	320.07	596.4	1e+12
4793	metal1	376.07	596.4	14039	metal4	376.07	596.4	1e+12
4794	metal1	432.07	596.4	14040	metal4	432.07	596.4	1e+12
4795	metal1	488.07	596.4	14041	metal4	488.07	596.4	1e+12
4796	metal1	544.07	596.4	14042	metal4	544.07	596.4	1e+12
4797	metal1	600.07	596.4	14043	metal4	600.07	596.4	1e+12
4798	metal1	656.07	596.4	14044	metal4	656.07	596.4	1e+12
4799	metal1	712.07	596.4	14045	metal4	712.07	596.4	1e+12
4800	metal1	768.07	596.4	14046	metal4	768.07	596.4	1e+12
4801	metal1	824.07	596.4	14047	metal4	824.07	596.4	1e+12
4802	metal1	880.07	596.4	14048	metal4	880.07	596.4	1e+12
4803	metal1	936.07	596.4	14049	metal4	936.07	596.4	1e+12
4804	metal1	992.07	596.4	14050	metal4	992.07	596.4	1e+12
4805	metal1	1048.07	596.4	14051	metal4	1048.07	596.4	1e+12
4806	metal1	1086.21	596.4	14052	metal4	1086.21	596.4	1e+12
4807	metal1	14.095	599.2	14053	metal4	14.095	599.2	1e+12
4808	metal1	40.07	599.2	14054	metal4	40.07	599.2	1e+12
4809	metal1	96.07	599.2	14055	metal4	96.07	599.2	1e+12
4810	metal1	108.455	599.2	14056	metal4	108.455	599.2	1e+12
4811	metal1	109.295	599.2	14057	metal4	109.295	599.2	1e+12
4812	metal1	152.07	599.2	14058	metal4	152.07	599.2	1e+12
4813	metal1	208.07	599.2	14059	metal4	208.07	599.2	1e+12
4814	metal1	264.07	599.2	14060	metal4	264.07	599.2	1e+12
4815	metal1	320.07	599.2	14061	metal4	320.07	599.2	1e+12
4816	metal1	376.07	599.2	14062	metal4	376.07	599.2	1e+12
4817	metal1	432.07	599.2	14063	metal4	432.07	599.2	1e+12
4818	metal1	488.07	599.2	14064	metal4	488.07	599.2	1e+12
4819	metal1	544.07	599.2	14065	metal4	544.07	599.2	1e+12
4820	metal1	600.07	599.2	14066	metal4	600.07	599.2	1e+12
4821	metal1	656.07	599.2	14067	metal4	656.07	599.2	1e+12
4822	metal1	712.07	599.2	14068	metal4	712.07	599.2	1e+12
4823	metal1	768.07	599.2	14069	metal4	768.07	599.2	1e+12
4824	metal1	824.07	599.2	14070	metal4	824.07	599.2	1e+12
4825	metal1	880.07	599.2	14071	metal4	880.07	599.2	1e+12
4826	metal1	936.07	599.2	14072	metal4	936.07	599.2	1e+12
4827	metal1	992.07	599.2	14073	metal4	992.07	599.2	1e+12
4828	metal1	1048.07	599.2	14074	metal4	1048.07	599.2	1e+12
4829	metal1	1086.21	599.2	14075	metal4	1086.21	599.2	1e+12
4830	metal1	14.095	602	14099	metal4	14.095	602	1e+12
4831	metal1	40.07	602	14100	metal4	40.07	602	1e+12
4832	metal1	96.07	602	14101	metal4	96.07	602	1e+12
4833	metal1	108.455	602	14102	metal4	108.455	602	1e+12
4834	metal1	109.295	602	14103	metal4	109.295	602	1e+12
4835	metal1	152.07	602	14104	metal4	152.07	602	1e+12
4836	metal1	208.07	602	14105	metal4	208.07	602	1e+12
4837	metal1	264.07	602	14106	metal4	264.07	602	1e+12
4838	metal1	320.07	602	14107	metal4	320.07	602	1e+12
4839	metal1	376.07	602	14108	metal4	376.07	602	1e+12
4840	metal1	432.07	602	14109	metal4	432.07	602	1e+12
4841	metal1	488.07	602	14110	metal4	488.07	602	1e+12
4842	metal1	544.07	602	14111	metal4	544.07	602	1e+12
4843	metal1	600.07	602	14112	metal4	600.07	602	1e+12
4844	metal1	656.07	602	14113	metal4	656.07	602	1e+12
4845	metal1	712.07	602	14114	metal4	712.07	602	1e+12
4846	metal1	768.07	602	14115	metal4	768.07	602	1e+12
4847	metal1	824.07	602	14116	metal4	824.07	602	1e+12
4848	metal1	880.07	602	14117	metal4	880.07	602	1e+12
4849	metal1	936.07	602	14118	metal4	936.07	602	1e+12
4850	metal1	992.07	602	14119	metal4	992.07	602	1e+12
4851	metal1	1048.07	602	14120	metal4	1048.07	602	1e+12
4852	metal1	1086.21	602	14121	metal4	1086.21	602	1e+12
4853	metal1	14.095	604.8	14122	metal4	14.095	604.8	1e+12
4854	metal1	40.07	604.8	14123	metal4	40.07	604.8	1e+12
4855	metal1	96.07	604.8	14124	metal4	96.07	604.8	1e+12
4856	metal1	108.455	604.8	14125	metal4	108.455	604.8	1e+12
4857	metal1	109.295	604.8	14126	metal4	109.295	604.8	1e+12
4858	metal1	152.07	604.8	14127	metal4	152.07	604.8	1e+12
4859	metal1	208.07	604.8	14128	metal4	208.07	604.8	1e+12
4860	metal1	264.07	604.8	14129	metal4	264.07	604.8	1e+12
4861	metal1	320.07	604.8	14130	metal4	320.07	604.8	1e+12
4862	metal1	376.07	604.8	14131	metal4	376.07	604.8	1e+12
4863	metal1	432.07	604.8	14132	metal4	432.07	604.8	1e+12
4864	metal1	488.07	604.8	14133	metal4	488.07	604.8	1e+12
4865	metal1	544.07	604.8	14134	metal4	544.07	604.8	1e+12
4866	metal1	600.07	604.8	14135	metal4	600.07	604.8	1e+12
4867	metal1	656.07	604.8	14136	metal4	656.07	604.8	1e+12
4868	metal1	712.07	604.8	14137	metal4	712.07	604.8	1e+12
4869	metal1	768.07	604.8	14138	metal4	768.07	604.8	1e+12
4870	metal1	824.07	604.8	14139	metal4	824.07	604.8	1e+12
4871	metal1	880.07	604.8	14140	metal4	880.07	604.8	1e+12
4872	metal1	936.07	604.8	14141	metal4	936.07	604.8	1e+12
4873	metal1	992.07	604.8	14142	metal4	992.07	604.8	1e+12
4874	metal1	1048.07	604.8	14143	metal4	1048.07	604.8	1e+12
4875	metal1	1086.21	604.8	14144	metal4	1086.21	604.8	1e+12
4876	metal1	14.095	607.6	14145	metal4	14.095	607.6	1e+12
4877	metal1	40.07	607.6	14146	metal4	40.07	607.6	1e+12
4878	metal1	96.07	607.6	14147	metal4	96.07	607.6	1e+12
4879	metal1	108.455	607.6	14148	metal4	108.455	607.6	1e+12
4880	metal1	109.295	607.6	14149	metal4	109.295	607.6	1e+12
4881	metal1	152.07	607.6	14150	metal4	152.07	607.6	1e+12
4882	metal1	208.07	607.6	14151	metal4	208.07	607.6	1e+12
4883	metal1	264.07	607.6	14152	metal4	264.07	607.6	1e+12
4884	metal1	320.07	607.6	14153	metal4	320.07	607.6	1e+12
4885	metal1	376.07	607.6	14154	metal4	376.07	607.6	1e+12
4886	metal1	432.07	607.6	14155	metal4	432.07	607.6	1e+12
4887	metal1	488.07	607.6	14156	metal4	488.07	607.6	1e+12
4888	metal1	544.07	607.6	14157	metal4	544.07	607.6	1e+12
4889	metal1	600.07	607.6	14158	metal4	600.07	607.6	1e+12
4890	metal1	656.07	607.6	14159	metal4	656.07	607.6	1e+12
4891	metal1	712.07	607.6	14160	metal4	712.07	607.6	1e+12
4892	metal1	768.07	607.6	14161	metal4	768.07	607.6	1e+12
4893	metal1	824.07	607.6	14162	metal4	824.07	607.6	1e+12
4894	metal1	880.07	607.6	14163	metal4	880.07	607.6	1e+12
4895	metal1	936.07	607.6	14164	metal4	936.07	607.6	1e+12
4896	metal1	992.07	607.6	14165	metal4	992.07	607.6	1e+12
4897	metal1	1048.07	607.6	14166	metal4	1048.07	607.6	1e+12
4898	metal1	1086.21	607.6	14167	metal4	1086.21	607.6	1e+12
4899	metal1	14.095	610.4	14168	metal4	14.095	610.4	1e+12
4900	metal1	40.07	610.4	14169	metal4	40.07	610.4	1e+12
4901	metal1	96.07	610.4	14170	metal4	96.07	610.4	1e+12
4902	metal1	108.455	610.4	14171	metal4	108.455	610.4	1e+12
4903	metal1	109.295	610.4	14172	metal4	109.295	610.4	1e+12
4904	metal1	152.07	610.4	14173	metal4	152.07	610.4	1e+12
4905	metal1	208.07	610.4	14174	metal4	208.07	610.4	1e+12
4906	metal1	264.07	610.4	14175	metal4	264.07	610.4	1e+12
4907	metal1	320.07	610.4	14176	metal4	320.07	610.4	1e+12
4908	metal1	376.07	610.4	14177	metal4	376.07	610.4	1e+12
4909	metal1	432.07	610.4	14178	metal4	432.07	610.4	1e+12
4910	metal1	488.07	610.4	14179	metal4	488.07	610.4	1e+12
4911	metal1	544.07	610.4	14180	metal4	544.07	610.4	1e+12
4912	metal1	600.07	610.4	14181	metal4	600.07	610.4	1e+12
4913	metal1	656.07	610.4	14182	metal4	656.07	610.4	1e+12
4914	metal1	712.07	610.4	14183	metal4	712.07	610.4	1e+12
4915	metal1	768.07	610.4	14184	metal4	768.07	610.4	1e+12
4916	metal1	824.07	610.4	14185	metal4	824.07	610.4	1e+12
4917	metal1	880.07	610.4	14186	metal4	880.07	610.4	1e+12
4918	metal1	936.07	610.4	14187	metal4	936.07	610.4	1e+12
4919	metal1	992.07	610.4	14188	metal4	992.07	610.4	1e+12
4920	metal1	1048.07	610.4	14189	metal4	1048.07	610.4	1e+12
4921	metal1	1086.21	610.4	14190	metal4	1086.21	610.4	1e+12
4922	metal1	14.095	613.2	14191	metal4	14.095	613.2	1e+12
4923	metal1	40.07	613.2	14192	metal4	40.07	613.2	1e+12
4924	metal1	96.07	613.2	14193	metal4	96.07	613.2	1e+12
4925	metal1	108.455	613.2	14194	metal4	108.455	613.2	1e+12
4926	metal1	109.295	613.2	14195	metal4	109.295	613.2	1e+12
4927	metal1	152.07	613.2	14196	metal4	152.07	613.2	1e+12
4928	metal1	208.07	613.2	14197	metal4	208.07	613.2	1e+12
4929	metal1	264.07	613.2	14198	metal4	264.07	613.2	1e+12
4930	metal1	320.07	613.2	14199	metal4	320.07	613.2	1e+12
4931	metal1	376.07	613.2	14200	metal4	376.07	613.2	1e+12
4932	metal1	432.07	613.2	14201	metal4	432.07	613.2	1e+12
4933	metal1	488.07	613.2	14202	metal4	488.07	613.2	1e+12
4934	metal1	544.07	613.2	14203	metal4	544.07	613.2	1e+12
4935	metal1	600.07	613.2	14204	metal4	600.07	613.2	1e+12
4936	metal1	656.07	613.2	14205	metal4	656.07	613.2	1e+12
4937	metal1	712.07	613.2	14206	metal4	712.07	613.2	1e+12
4938	metal1	768.07	613.2	14207	metal4	768.07	613.2	1e+12
4939	metal1	824.07	613.2	14208	metal4	824.07	613.2	1e+12
4940	metal1	880.07	613.2	14209	metal4	880.07	613.2	1e+12
4941	metal1	936.07	613.2	14210	metal4	936.07	613.2	1e+12
4942	metal1	992.07	613.2	14211	metal4	992.07	613.2	1e+12
4943	metal1	1048.07	613.2	14212	metal4	1048.07	613.2	1e+12
4944	metal1	1086.21	613.2	14213	metal4	1086.21	613.2	1e+12
4945	metal1	14.095	616	14214	metal4	14.095	616	1e+12
4946	metal1	40.07	616	14215	metal4	40.07	616	1e+12
4947	metal1	96.07	616	14216	metal4	96.07	616	1e+12
4948	metal1	108.455	616	14217	metal4	108.455	616	1e+12
4949	metal1	109.295	616	14218	metal4	109.295	616	1e+12
4950	metal1	152.07	616	14219	metal4	152.07	616	1e+12
4951	metal1	208.07	616	14220	metal4	208.07	616	1e+12
4952	metal1	264.07	616	14221	metal4	264.07	616	1e+12
4953	metal1	320.07	616	14222	metal4	320.07	616	1e+12
4954	metal1	376.07	616	14223	metal4	376.07	616	1e+12
4955	metal1	432.07	616	14224	metal4	432.07	616	1e+12
4956	metal1	488.07	616	14225	metal4	488.07	616	1e+12
4957	metal1	544.07	616	14226	metal4	544.07	616	1e+12
4958	metal1	600.07	616	14227	metal4	600.07	616	1e+12
4959	metal1	656.07	616	14228	metal4	656.07	616	1e+12
4960	metal1	712.07	616	14229	metal4	712.07	616	1e+12
4961	metal1	768.07	616	14230	metal4	768.07	616	1e+12
4962	metal1	824.07	616	14231	metal4	824.07	616	1e+12
4963	metal1	880.07	616	14232	metal4	880.07	616	1e+12
4964	metal1	936.07	616	14233	metal4	936.07	616	1e+12
4965	metal1	992.07	616	14234	metal4	992.07	616	1e+12
4966	metal1	1048.07	616	14235	metal4	1048.07	616	1e+12
4967	metal1	1086.21	616	14236	metal4	1086.21	616	1e+12
4968	metal1	14.095	618.8	14237	metal4	14.095	618.8	1e+12
4969	metal1	40.07	618.8	14238	metal4	40.07	618.8	1e+12
4970	metal1	96.07	618.8	14239	metal4	96.07	618.8	1e+12
4971	metal1	108.455	618.8	14240	metal4	108.455	618.8	1e+12
4972	metal1	109.295	618.8	14241	metal4	109.295	618.8	1e+12
4973	metal1	152.07	618.8	14242	metal4	152.07	618.8	1e+12
4974	metal1	208.07	618.8	14243	metal4	208.07	618.8	1e+12
4975	metal1	264.07	618.8	14244	metal4	264.07	618.8	1e+12
4976	metal1	320.07	618.8	14245	metal4	320.07	618.8	1e+12
4977	metal1	376.07	618.8	14246	metal4	376.07	618.8	1e+12
4978	metal1	432.07	618.8	14247	metal4	432.07	618.8	1e+12
4979	metal1	488.07	618.8	14248	metal4	488.07	618.8	1e+12
4980	metal1	544.07	618.8	14249	metal4	544.07	618.8	1e+12
4981	metal1	600.07	618.8	14250	metal4	600.07	618.8	1e+12
4982	metal1	656.07	618.8	14251	metal4	656.07	618.8	1e+12
4983	metal1	712.07	618.8	14252	metal4	712.07	618.8	1e+12
4984	metal1	768.07	618.8	14253	metal4	768.07	618.8	1e+12
4985	metal1	824.07	618.8	14254	metal4	824.07	618.8	1e+12
4986	metal1	880.07	618.8	14255	metal4	880.07	618.8	1e+12
4987	metal1	936.07	618.8	14256	metal4	936.07	618.8	1e+12
4988	metal1	992.07	618.8	14257	metal4	992.07	618.8	1e+12
4989	metal1	1048.07	618.8	14258	metal4	1048.07	618.8	1e+12
4990	metal1	1086.21	618.8	14259	metal4	1086.21	618.8	1e+12
4991	metal1	14.095	621.6	14260	metal4	14.095	621.6	1e+12
4992	metal1	40.07	621.6	14261	metal4	40.07	621.6	1e+12
4993	metal1	96.07	621.6	14262	metal4	96.07	621.6	1e+12
4994	metal1	108.455	621.6	14263	metal4	108.455	621.6	1e+12
4995	metal1	109.295	621.6	14264	metal4	109.295	621.6	1e+12
4996	metal1	152.07	621.6	14265	metal4	152.07	621.6	1e+12
4997	metal1	208.07	621.6	14266	metal4	208.07	621.6	1e+12
4998	metal1	264.07	621.6	14267	metal4	264.07	621.6	1e+12
4999	metal1	320.07	621.6	14268	metal4	320.07	621.6	1e+12
5000	metal1	376.07	621.6	14269	metal4	376.07	621.6	1e+12
5001	metal1	432.07	621.6	14270	metal4	432.07	621.6	1e+12
5002	metal1	488.07	621.6	14271	metal4	488.07	621.6	1e+12
5003	metal1	544.07	621.6	14272	metal4	544.07	621.6	1e+12
5004	metal1	600.07	621.6	14273	metal4	600.07	621.6	1e+12
5005	metal1	656.07	621.6	14274	metal4	656.07	621.6	1e+12
5006	metal1	712.07	621.6	14275	metal4	712.07	621.6	1e+12
5007	metal1	768.07	621.6	14276	metal4	768.07	621.6	1e+12
5008	metal1	824.07	621.6	14277	metal4	824.07	621.6	1e+12
5009	metal1	880.07	621.6	14278	metal4	880.07	621.6	1e+12
5010	metal1	936.07	621.6	14279	metal4	936.07	621.6	1e+12
5011	metal1	992.07	621.6	14280	metal4	992.07	621.6	1e+12
5012	metal1	1048.07	621.6	14281	metal4	1048.07	621.6	1e+12
5013	metal1	1086.21	621.6	14282	metal4	1086.21	621.6	1e+12
5014	metal1	14.095	624.4	14283	metal4	14.095	624.4	1e+12
5015	metal1	40.07	624.4	14284	metal4	40.07	624.4	1e+12
5016	metal1	96.07	624.4	14285	metal4	96.07	624.4	1e+12
5017	metal1	108.455	624.4	14286	metal4	108.455	624.4	1e+12
5018	metal1	109.295	624.4	14287	metal4	109.295	624.4	1e+12
5019	metal1	152.07	624.4	14288	metal4	152.07	624.4	1e+12
5020	metal1	208.07	624.4	14289	metal4	208.07	624.4	1e+12
5021	metal1	264.07	624.4	14290	metal4	264.07	624.4	1e+12
5022	metal1	320.07	624.4	14291	metal4	320.07	624.4	1e+12
5023	metal1	376.07	624.4	14292	metal4	376.07	624.4	1e+12
5024	metal1	432.07	624.4	14293	metal4	432.07	624.4	1e+12
5025	metal1	488.07	624.4	14294	metal4	488.07	624.4	1e+12
5026	metal1	544.07	624.4	14295	metal4	544.07	624.4	1e+12
5027	metal1	600.07	624.4	14296	metal4	600.07	624.4	1e+12
5028	metal1	656.07	624.4	14297	metal4	656.07	624.4	1e+12
5029	metal1	712.07	624.4	14298	metal4	712.07	624.4	1e+12
5030	metal1	768.07	624.4	14299	metal4	768.07	624.4	1e+12
5031	metal1	824.07	624.4	14300	metal4	824.07	624.4	1e+12
5032	metal1	880.07	624.4	14301	metal4	880.07	624.4	1e+12
5033	metal1	936.07	624.4	14302	metal4	936.07	624.4	1e+12
5034	metal1	992.07	624.4	14303	metal4	992.07	624.4	1e+12
5035	metal1	1048.07	624.4	14304	metal4	1048.07	624.4	1e+12
5036	metal1	1086.21	624.4	14305	metal4	1086.21	624.4	1e+12
5037	metal1	14.095	627.2	14306	metal4	14.095	627.2	1e+12
5038	metal1	40.07	627.2	14307	metal4	40.07	627.2	1e+12
5039	metal1	96.07	627.2	14308	metal4	96.07	627.2	1e+12
5040	metal1	108.455	627.2	14309	metal4	108.455	627.2	1e+12
5041	metal1	109.295	627.2	14310	metal4	109.295	627.2	1e+12
5042	metal1	152.07	627.2	14311	metal4	152.07	627.2	1e+12
5043	metal1	208.07	627.2	14312	metal4	208.07	627.2	1e+12
5044	metal1	264.07	627.2	14313	metal4	264.07	627.2	1e+12
5045	metal1	320.07	627.2	14314	metal4	320.07	627.2	1e+12
5046	metal1	376.07	627.2	14315	metal4	376.07	627.2	1e+12
5047	metal1	432.07	627.2	14316	metal4	432.07	627.2	1e+12
5048	metal1	488.07	627.2	14317	metal4	488.07	627.2	1e+12
5049	metal1	544.07	627.2	14318	metal4	544.07	627.2	1e+12
5050	metal1	600.07	627.2	14319	metal4	600.07	627.2	1e+12
5051	metal1	656.07	627.2	14320	metal4	656.07	627.2	1e+12
5052	metal1	712.07	627.2	14321	metal4	712.07	627.2	1e+12
5053	metal1	768.07	627.2	14322	metal4	768.07	627.2	1e+12
5054	metal1	824.07	627.2	14323	metal4	824.07	627.2	1e+12
5055	metal1	880.07	627.2	14324	metal4	880.07	627.2	1e+12
5056	metal1	936.07	627.2	14325	metal4	936.07	627.2	1e+12
5057	metal1	992.07	627.2	14326	metal4	992.07	627.2	1e+12
5058	metal1	1048.07	627.2	14327	metal4	1048.07	627.2	1e+12
5059	metal1	1086.21	627.2	14328	metal4	1086.21	627.2	1e+12
5060	metal1	14.095	630	14352	metal4	14.095	630	1e+12
5061	metal1	40.07	630	14353	metal4	40.07	630	1e+12
5062	metal1	96.07	630	14354	metal4	96.07	630	1e+12
5063	metal1	108.455	630	14355	metal4	108.455	630	1e+12
5064	metal1	109.295	630	14356	metal4	109.295	630	1e+12
5065	metal1	152.07	630	14357	metal4	152.07	630	1e+12
5066	metal1	208.07	630	14358	metal4	208.07	630	1e+12
5067	metal1	264.07	630	14359	metal4	264.07	630	1e+12
5068	metal1	320.07	630	14360	metal4	320.07	630	1e+12
5069	metal1	376.07	630	14361	metal4	376.07	630	1e+12
5070	metal1	432.07	630	14362	metal4	432.07	630	1e+12
5071	metal1	488.07	630	14363	metal4	488.07	630	1e+12
5072	metal1	544.07	630	14364	metal4	544.07	630	1e+12
5073	metal1	600.07	630	14365	metal4	600.07	630	1e+12
5074	metal1	656.07	630	14366	metal4	656.07	630	1e+12
5075	metal1	712.07	630	14367	metal4	712.07	630	1e+12
5076	metal1	768.07	630	14368	metal4	768.07	630	1e+12
5077	metal1	824.07	630	14369	metal4	824.07	630	1e+12
5078	metal1	880.07	630	14370	metal4	880.07	630	1e+12
5079	metal1	936.07	630	14371	metal4	936.07	630	1e+12
5080	metal1	992.07	630	14372	metal4	992.07	630	1e+12
5081	metal1	1048.07	630	14373	metal4	1048.07	630	1e+12
5082	metal1	1086.21	630	14374	metal4	1086.21	630	1e+12
5083	metal1	14.095	632.8	14375	metal4	14.095	632.8	1e+12
5084	metal1	40.07	632.8	14376	metal4	40.07	632.8	1e+12
5085	metal1	96.07	632.8	14377	metal4	96.07	632.8	1e+12
5086	metal1	108.455	632.8	14378	metal4	108.455	632.8	1e+12
5087	metal1	109.295	632.8	14379	metal4	109.295	632.8	1e+12
5088	metal1	152.07	632.8	14380	metal4	152.07	632.8	1e+12
5089	metal1	208.07	632.8	14381	metal4	208.07	632.8	1e+12
5090	metal1	264.07	632.8	14382	metal4	264.07	632.8	1e+12
5091	metal1	320.07	632.8	14383	metal4	320.07	632.8	1e+12
5092	metal1	376.07	632.8	14384	metal4	376.07	632.8	1e+12
5093	metal1	432.07	632.8	14385	metal4	432.07	632.8	1e+12
5094	metal1	488.07	632.8	14386	metal4	488.07	632.8	1e+12
5095	metal1	544.07	632.8	14387	metal4	544.07	632.8	1e+12
5096	metal1	600.07	632.8	14388	metal4	600.07	632.8	1e+12
5097	metal1	656.07	632.8	14389	metal4	656.07	632.8	1e+12
5098	metal1	712.07	632.8	14390	metal4	712.07	632.8	1e+12
5099	metal1	768.07	632.8	14391	metal4	768.07	632.8	1e+12
5100	metal1	824.07	632.8	14392	metal4	824.07	632.8	1e+12
5101	metal1	880.07	632.8	14393	metal4	880.07	632.8	1e+12
5102	metal1	936.07	632.8	14394	metal4	936.07	632.8	1e+12
5103	metal1	992.07	632.8	14395	metal4	992.07	632.8	1e+12
5104	metal1	1048.07	632.8	14396	metal4	1048.07	632.8	1e+12
5105	metal1	1086.21	632.8	14397	metal4	1086.21	632.8	1e+12
5106	metal1	14.095	635.6	14398	metal4	14.095	635.6	1e+12
5107	metal1	40.07	635.6	14399	metal4	40.07	635.6	1e+12
5108	metal1	96.07	635.6	14400	metal4	96.07	635.6	1e+12
5109	metal1	108.455	635.6	14401	metal4	108.455	635.6	1e+12
5110	metal1	109.295	635.6	14402	metal4	109.295	635.6	1e+12
5111	metal1	152.07	635.6	14403	metal4	152.07	635.6	1e+12
5112	metal1	208.07	635.6	14404	metal4	208.07	635.6	1e+12
5113	metal1	264.07	635.6	14405	metal4	264.07	635.6	1e+12
5114	metal1	320.07	635.6	14406	metal4	320.07	635.6	1e+12
5115	metal1	376.07	635.6	14407	metal4	376.07	635.6	1e+12
5116	metal1	432.07	635.6	14408	metal4	432.07	635.6	1e+12
5117	metal1	488.07	635.6	14409	metal4	488.07	635.6	1e+12
5118	metal1	544.07	635.6	14410	metal4	544.07	635.6	1e+12
5119	metal1	600.07	635.6	14411	metal4	600.07	635.6	1e+12
5120	metal1	656.07	635.6	14412	metal4	656.07	635.6	1e+12
5121	metal1	712.07	635.6	14413	metal4	712.07	635.6	1e+12
5122	metal1	768.07	635.6	14414	metal4	768.07	635.6	1e+12
5123	metal1	824.07	635.6	14415	metal4	824.07	635.6	1e+12
5124	metal1	880.07	635.6	14416	metal4	880.07	635.6	1e+12
5125	metal1	936.07	635.6	14417	metal4	936.07	635.6	1e+12
5126	metal1	992.07	635.6	14418	metal4	992.07	635.6	1e+12
5127	metal1	1048.07	635.6	14419	metal4	1048.07	635.6	1e+12
5128	metal1	1086.21	635.6	14420	metal4	1086.21	635.6	1e+12
5129	metal1	14.095	638.4	14421	metal4	14.095	638.4	1e+12
5130	metal1	40.07	638.4	14422	metal4	40.07	638.4	1e+12
5131	metal1	96.07	638.4	14423	metal4	96.07	638.4	1e+12
5132	metal1	108.455	638.4	14424	metal4	108.455	638.4	1e+12
5133	metal1	109.295	638.4	14425	metal4	109.295	638.4	1e+12
5134	metal1	152.07	638.4	14426	metal4	152.07	638.4	1e+12
5135	metal1	208.07	638.4	14427	metal4	208.07	638.4	1e+12
5136	metal1	264.07	638.4	14428	metal4	264.07	638.4	1e+12
5137	metal1	320.07	638.4	14429	metal4	320.07	638.4	1e+12
5138	metal1	376.07	638.4	14430	metal4	376.07	638.4	1e+12
5139	metal1	432.07	638.4	14431	metal4	432.07	638.4	1e+12
5140	metal1	488.07	638.4	14432	metal4	488.07	638.4	1e+12
5141	metal1	544.07	638.4	14433	metal4	544.07	638.4	1e+12
5142	metal1	600.07	638.4	14434	metal4	600.07	638.4	1e+12
5143	metal1	656.07	638.4	14435	metal4	656.07	638.4	1e+12
5144	metal1	712.07	638.4	14436	metal4	712.07	638.4	1e+12
5145	metal1	768.07	638.4	14437	metal4	768.07	638.4	1e+12
5146	metal1	824.07	638.4	14438	metal4	824.07	638.4	1e+12
5147	metal1	880.07	638.4	14439	metal4	880.07	638.4	1e+12
5148	metal1	936.07	638.4	14440	metal4	936.07	638.4	1e+12
5149	metal1	992.07	638.4	14441	metal4	992.07	638.4	1e+12
5150	metal1	1048.07	638.4	14442	metal4	1048.07	638.4	1e+12
5151	metal1	1086.21	638.4	14443	metal4	1086.21	638.4	1e+12
5152	metal1	14.095	641.2	14444	metal4	14.095	641.2	1e+12
5153	metal1	40.07	641.2	14445	metal4	40.07	641.2	1e+12
5154	metal1	96.07	641.2	14446	metal4	96.07	641.2	1e+12
5155	metal1	108.455	641.2	14447	metal4	108.455	641.2	1e+12
5156	metal1	109.295	641.2	14448	metal4	109.295	641.2	1e+12
5157	metal1	152.07	641.2	14449	metal4	152.07	641.2	1e+12
5158	metal1	208.07	641.2	14450	metal4	208.07	641.2	1e+12
5159	metal1	264.07	641.2	14451	metal4	264.07	641.2	1e+12
5160	metal1	320.07	641.2	14452	metal4	320.07	641.2	1e+12
5161	metal1	376.07	641.2	14453	metal4	376.07	641.2	1e+12
5162	metal1	432.07	641.2	14454	metal4	432.07	641.2	1e+12
5163	metal1	488.07	641.2	14455	metal4	488.07	641.2	1e+12
5164	metal1	544.07	641.2	14456	metal4	544.07	641.2	1e+12
5165	metal1	600.07	641.2	14457	metal4	600.07	641.2	1e+12
5166	metal1	656.07	641.2	14458	metal4	656.07	641.2	1e+12
5167	metal1	712.07	641.2	14459	metal4	712.07	641.2	1e+12
5168	metal1	768.07	641.2	14460	metal4	768.07	641.2	1e+12
5169	metal1	824.07	641.2	14461	metal4	824.07	641.2	1e+12
5170	metal1	880.07	641.2	14462	metal4	880.07	641.2	1e+12
5171	metal1	936.07	641.2	14463	metal4	936.07	641.2	1e+12
5172	metal1	992.07	641.2	14464	metal4	992.07	641.2	1e+12
5173	metal1	1048.07	641.2	14465	metal4	1048.07	641.2	1e+12
5174	metal1	1086.21	641.2	14466	metal4	1086.21	641.2	1e+12
5175	metal1	14.095	644	14467	metal4	14.095	644	1e+12
5176	metal1	40.07	644	14468	metal4	40.07	644	1e+12
5177	metal1	96.07	644	14469	metal4	96.07	644	1e+12
5178	metal1	108.455	644	14470	metal4	108.455	644	1e+12
5179	metal1	109.295	644	14471	metal4	109.295	644	1e+12
5180	metal1	152.07	644	14472	metal4	152.07	644	1e+12
5181	metal1	208.07	644	14473	metal4	208.07	644	1e+12
5182	metal1	264.07	644	14474	metal4	264.07	644	1e+12
5183	metal1	320.07	644	14475	metal4	320.07	644	1e+12
5184	metal1	376.07	644	14476	metal4	376.07	644	1e+12
5185	metal1	432.07	644	14477	metal4	432.07	644	1e+12
5186	metal1	488.07	644	14478	metal4	488.07	644	1e+12
5187	metal1	544.07	644	14479	metal4	544.07	644	1e+12
5188	metal1	600.07	644	14480	metal4	600.07	644	1e+12
5189	metal1	656.07	644	14481	metal4	656.07	644	1e+12
5190	metal1	712.07	644	14482	metal4	712.07	644	1e+12
5191	metal1	768.07	644	14483	metal4	768.07	644	1e+12
5192	metal1	824.07	644	14484	metal4	824.07	644	1e+12
5193	metal1	880.07	644	14485	metal4	880.07	644	1e+12
5194	metal1	936.07	644	14486	metal4	936.07	644	1e+12
5195	metal1	992.07	644	14487	metal4	992.07	644	1e+12
5196	metal1	1048.07	644	14488	metal4	1048.07	644	1e+12
5197	metal1	1086.21	644	14489	metal4	1086.21	644	1e+12
5198	metal1	14.095	646.8	14490	metal4	14.095	646.8	1e+12
5199	metal1	40.07	646.8	14491	metal4	40.07	646.8	1e+12
5200	metal1	96.07	646.8	14492	metal4	96.07	646.8	1e+12
5201	metal1	108.455	646.8	14493	metal4	108.455	646.8	1e+12
5202	metal1	109.295	646.8	14494	metal4	109.295	646.8	1e+12
5203	metal1	152.07	646.8	14495	metal4	152.07	646.8	1e+12
5204	metal1	208.07	646.8	14496	metal4	208.07	646.8	1e+12
5205	metal1	264.07	646.8	14497	metal4	264.07	646.8	1e+12
5206	metal1	320.07	646.8	14498	metal4	320.07	646.8	1e+12
5207	metal1	376.07	646.8	14499	metal4	376.07	646.8	1e+12
5208	metal1	432.07	646.8	14500	metal4	432.07	646.8	1e+12
5209	metal1	488.07	646.8	14501	metal4	488.07	646.8	1e+12
5210	metal1	544.07	646.8	14502	metal4	544.07	646.8	1e+12
5211	metal1	600.07	646.8	14503	metal4	600.07	646.8	1e+12
5212	metal1	656.07	646.8	14504	metal4	656.07	646.8	1e+12
5213	metal1	712.07	646.8	14505	metal4	712.07	646.8	1e+12
5214	metal1	768.07	646.8	14506	metal4	768.07	646.8	1e+12
5215	metal1	824.07	646.8	14507	metal4	824.07	646.8	1e+12
5216	metal1	880.07	646.8	14508	metal4	880.07	646.8	1e+12
5217	metal1	936.07	646.8	14509	metal4	936.07	646.8	1e+12
5218	metal1	992.07	646.8	14510	metal4	992.07	646.8	1e+12
5219	metal1	1048.07	646.8	14511	metal4	1048.07	646.8	1e+12
5220	metal1	1086.21	646.8	14512	metal4	1086.21	646.8	1e+12
5221	metal1	14.095	649.6	14513	metal4	14.095	649.6	1e+12
5222	metal1	40.07	649.6	14514	metal4	40.07	649.6	1e+12
5223	metal1	96.07	649.6	14515	metal4	96.07	649.6	1e+12
5224	metal1	108.455	649.6	14516	metal4	108.455	649.6	1e+12
5225	metal1	109.295	649.6	14517	metal4	109.295	649.6	1e+12
5226	metal1	152.07	649.6	14518	metal4	152.07	649.6	1e+12
5227	metal1	208.07	649.6	14519	metal4	208.07	649.6	1e+12
5228	metal1	264.07	649.6	14520	metal4	264.07	649.6	1e+12
5229	metal1	320.07	649.6	14521	metal4	320.07	649.6	1e+12
5230	metal1	376.07	649.6	14522	metal4	376.07	649.6	1e+12
5231	metal1	432.07	649.6	14523	metal4	432.07	649.6	1e+12
5232	metal1	488.07	649.6	14524	metal4	488.07	649.6	1e+12
5233	metal1	544.07	649.6	14525	metal4	544.07	649.6	1e+12
5234	metal1	600.07	649.6	14526	metal4	600.07	649.6	1e+12
5235	metal1	656.07	649.6	14527	metal4	656.07	649.6	1e+12
5236	metal1	712.07	649.6	14528	metal4	712.07	649.6	1e+12
5237	metal1	768.07	649.6	14529	metal4	768.07	649.6	1e+12
5238	metal1	824.07	649.6	14530	metal4	824.07	649.6	1e+12
5239	metal1	880.07	649.6	14531	metal4	880.07	649.6	1e+12
5240	metal1	936.07	649.6	14532	metal4	936.07	649.6	1e+12
5241	metal1	992.07	649.6	14533	metal4	992.07	649.6	1e+12
5242	metal1	1048.07	649.6	14534	metal4	1048.07	649.6	1e+12
5243	metal1	1086.21	649.6	14535	metal4	1086.21	649.6	1e+12
5244	metal1	14.095	652.4	14536	metal4	14.095	652.4	1e+12
5245	metal1	40.07	652.4	14537	metal4	40.07	652.4	1e+12
5246	metal1	96.07	652.4	14538	metal4	96.07	652.4	1e+12
5247	metal1	108.455	652.4	14539	metal4	108.455	652.4	1e+12
5248	metal1	109.295	652.4	14540	metal4	109.295	652.4	1e+12
5249	metal1	152.07	652.4	14541	metal4	152.07	652.4	1e+12
5250	metal1	208.07	652.4	14542	metal4	208.07	652.4	1e+12
5251	metal1	264.07	652.4	14543	metal4	264.07	652.4	1e+12
5252	metal1	320.07	652.4	14544	metal4	320.07	652.4	1e+12
5253	metal1	376.07	652.4	14545	metal4	376.07	652.4	1e+12
5254	metal1	432.07	652.4	14546	metal4	432.07	652.4	1e+12
5255	metal1	488.07	652.4	14547	metal4	488.07	652.4	1e+12
5256	metal1	544.07	652.4	14548	metal4	544.07	652.4	1e+12
5257	metal1	600.07	652.4	14549	metal4	600.07	652.4	1e+12
5258	metal1	656.07	652.4	14550	metal4	656.07	652.4	1e+12
5259	metal1	712.07	652.4	14551	metal4	712.07	652.4	1e+12
5260	metal1	768.07	652.4	14552	metal4	768.07	652.4	1e+12
5261	metal1	824.07	652.4	14553	metal4	824.07	652.4	1e+12
5262	metal1	880.07	652.4	14554	metal4	880.07	652.4	1e+12
5263	metal1	936.07	652.4	14555	metal4	936.07	652.4	1e+12
5264	metal1	992.07	652.4	14556	metal4	992.07	652.4	1e+12
5265	metal1	1048.07	652.4	14557	metal4	1048.07	652.4	1e+12
5266	metal1	1086.21	652.4	14558	metal4	1086.21	652.4	1e+12
5267	metal1	14.095	655.2	14559	metal4	14.095	655.2	1e+12
5268	metal1	40.07	655.2	14560	metal4	40.07	655.2	1e+12
5269	metal1	96.07	655.2	14561	metal4	96.07	655.2	1e+12
5270	metal1	108.455	655.2	14562	metal4	108.455	655.2	1e+12
5271	metal1	109.295	655.2	14563	metal4	109.295	655.2	1e+12
5272	metal1	152.07	655.2	14564	metal4	152.07	655.2	1e+12
5273	metal1	208.07	655.2	14565	metal4	208.07	655.2	1e+12
5274	metal1	264.07	655.2	14566	metal4	264.07	655.2	1e+12
5275	metal1	320.07	655.2	14567	metal4	320.07	655.2	1e+12
5276	metal1	376.07	655.2	14568	metal4	376.07	655.2	1e+12
5277	metal1	432.07	655.2	14569	metal4	432.07	655.2	1e+12
5278	metal1	488.07	655.2	14570	metal4	488.07	655.2	1e+12
5279	metal1	544.07	655.2	14571	metal4	544.07	655.2	1e+12
5280	metal1	600.07	655.2	14572	metal4	600.07	655.2	1e+12
5281	metal1	656.07	655.2	14573	metal4	656.07	655.2	1e+12
5282	metal1	712.07	655.2	14574	metal4	712.07	655.2	1e+12
5283	metal1	768.07	655.2	14575	metal4	768.07	655.2	1e+12
5284	metal1	824.07	655.2	14576	metal4	824.07	655.2	1e+12
5285	metal1	880.07	655.2	14577	metal4	880.07	655.2	1e+12
5286	metal1	936.07	655.2	14578	metal4	936.07	655.2	1e+12
5287	metal1	992.07	655.2	14579	metal4	992.07	655.2	1e+12
5288	metal1	1048.07	655.2	14580	metal4	1048.07	655.2	1e+12
5289	metal1	1086.21	655.2	14581	metal4	1086.21	655.2	1e+12
5290	metal1	14.095	658	14582	metal4	14.095	658	1e+12
5291	metal1	40.07	658	14583	metal4	40.07	658	1e+12
5292	metal1	96.07	658	14584	metal4	96.07	658	1e+12
5293	metal1	108.455	658	14585	metal4	108.455	658	1e+12
5294	metal1	109.295	658	14586	metal4	109.295	658	1e+12
5295	metal1	152.07	658	14587	metal4	152.07	658	1e+12
5296	metal1	208.07	658	14588	metal4	208.07	658	1e+12
5297	metal1	264.07	658	14589	metal4	264.07	658	1e+12
5298	metal1	320.07	658	14590	metal4	320.07	658	1e+12
5299	metal1	376.07	658	14591	metal4	376.07	658	1e+12
5300	metal1	432.07	658	14592	metal4	432.07	658	1e+12
5301	metal1	488.07	658	14593	metal4	488.07	658	1e+12
5302	metal1	544.07	658	14594	metal4	544.07	658	1e+12
5303	metal1	600.07	658	14595	metal4	600.07	658	1e+12
5304	metal1	656.07	658	14596	metal4	656.07	658	1e+12
5305	metal1	712.07	658	14597	metal4	712.07	658	1e+12
5306	metal1	768.07	658	14598	metal4	768.07	658	1e+12
5307	metal1	824.07	658	14599	metal4	824.07	658	1e+12
5308	metal1	880.07	658	14600	metal4	880.07	658	1e+12
5309	metal1	936.07	658	14601	metal4	936.07	658	1e+12
5310	metal1	992.07	658	14602	metal4	992.07	658	1e+12
5311	metal1	1048.07	658	14603	metal4	1048.07	658	1e+12
5312	metal1	1086.21	658	14604	metal4	1086.21	658	1e+12
5313	metal1	14.095	660.8	14628	metal4	14.095	660.8	1e+12
5314	metal1	40.07	660.8	14629	metal4	40.07	660.8	1e+12
5315	metal1	96.07	660.8	14630	metal4	96.07	660.8	1e+12
5316	metal1	108.455	660.8	14631	metal4	108.455	660.8	1e+12
5317	metal1	109.295	660.8	14632	metal4	109.295	660.8	1e+12
5318	metal1	152.07	660.8	14633	metal4	152.07	660.8	1e+12
5319	metal1	208.07	660.8	14634	metal4	208.07	660.8	1e+12
5320	metal1	264.07	660.8	14635	metal4	264.07	660.8	1e+12
5321	metal1	320.07	660.8	14636	metal4	320.07	660.8	1e+12
5322	metal1	376.07	660.8	14637	metal4	376.07	660.8	1e+12
5323	metal1	432.07	660.8	14638	metal4	432.07	660.8	1e+12
5324	metal1	488.07	660.8	14639	metal4	488.07	660.8	1e+12
5325	metal1	544.07	660.8	14640	metal4	544.07	660.8	1e+12
5326	metal1	600.07	660.8	14641	metal4	600.07	660.8	1e+12
5327	metal1	656.07	660.8	14642	metal4	656.07	660.8	1e+12
5328	metal1	712.07	660.8	14643	metal4	712.07	660.8	1e+12
5329	metal1	768.07	660.8	14644	metal4	768.07	660.8	1e+12
5330	metal1	824.07	660.8	14645	metal4	824.07	660.8	1e+12
5331	metal1	880.07	660.8	14646	metal4	880.07	660.8	1e+12
5332	metal1	936.07	660.8	14647	metal4	936.07	660.8	1e+12
5333	metal1	992.07	660.8	14648	metal4	992.07	660.8	1e+12
5334	metal1	1048.07	660.8	14649	metal4	1048.07	660.8	1e+12
5335	metal1	1086.21	660.8	14650	metal4	1086.21	660.8	1e+12
5336	metal1	14.095	663.6	14651	metal4	14.095	663.6	1e+12
5337	metal1	40.07	663.6	14652	metal4	40.07	663.6	1e+12
5338	metal1	96.07	663.6	14653	metal4	96.07	663.6	1e+12
5339	metal1	108.455	663.6	14654	metal4	108.455	663.6	1e+12
5340	metal1	109.295	663.6	14655	metal4	109.295	663.6	1e+12
5341	metal1	152.07	663.6	14656	metal4	152.07	663.6	1e+12
5342	metal1	208.07	663.6	14657	metal4	208.07	663.6	1e+12
5343	metal1	264.07	663.6	14658	metal4	264.07	663.6	1e+12
5344	metal1	320.07	663.6	14659	metal4	320.07	663.6	1e+12
5345	metal1	376.07	663.6	14660	metal4	376.07	663.6	1e+12
5346	metal1	432.07	663.6	14661	metal4	432.07	663.6	1e+12
5347	metal1	488.07	663.6	14662	metal4	488.07	663.6	1e+12
5348	metal1	544.07	663.6	14663	metal4	544.07	663.6	1e+12
5349	metal1	600.07	663.6	14664	metal4	600.07	663.6	1e+12
5350	metal1	656.07	663.6	14665	metal4	656.07	663.6	1e+12
5351	metal1	712.07	663.6	14666	metal4	712.07	663.6	1e+12
5352	metal1	768.07	663.6	14667	metal4	768.07	663.6	1e+12
5353	metal1	824.07	663.6	14668	metal4	824.07	663.6	1e+12
5354	metal1	880.07	663.6	14669	metal4	880.07	663.6	1e+12
5355	metal1	936.07	663.6	14670	metal4	936.07	663.6	1e+12
5356	metal1	992.07	663.6	14671	metal4	992.07	663.6	1e+12
5357	metal1	1048.07	663.6	14672	metal4	1048.07	663.6	1e+12
5358	metal1	1086.21	663.6	14673	metal4	1086.21	663.6	1e+12
5359	metal1	14.095	666.4	14674	metal4	14.095	666.4	1e+12
5360	metal1	40.07	666.4	14675	metal4	40.07	666.4	1e+12
5361	metal1	96.07	666.4	14676	metal4	96.07	666.4	1e+12
5362	metal1	108.455	666.4	14677	metal4	108.455	666.4	1e+12
5363	metal1	109.295	666.4	14678	metal4	109.295	666.4	1e+12
5364	metal1	152.07	666.4	14679	metal4	152.07	666.4	1e+12
5365	metal1	208.07	666.4	14680	metal4	208.07	666.4	1e+12
5366	metal1	264.07	666.4	14681	metal4	264.07	666.4	1e+12
5367	metal1	320.07	666.4	14682	metal4	320.07	666.4	1e+12
5368	metal1	376.07	666.4	14683	metal4	376.07	666.4	1e+12
5369	metal1	432.07	666.4	14684	metal4	432.07	666.4	1e+12
5370	metal1	488.07	666.4	14685	metal4	488.07	666.4	1e+12
5371	metal1	544.07	666.4	14686	metal4	544.07	666.4	1e+12
5372	metal1	600.07	666.4	14687	metal4	600.07	666.4	1e+12
5373	metal1	656.07	666.4	14688	metal4	656.07	666.4	1e+12
5374	metal1	712.07	666.4	14689	metal4	712.07	666.4	1e+12
5375	metal1	768.07	666.4	14690	metal4	768.07	666.4	1e+12
5376	metal1	824.07	666.4	14691	metal4	824.07	666.4	1e+12
5377	metal1	880.07	666.4	14692	metal4	880.07	666.4	1e+12
5378	metal1	936.07	666.4	14693	metal4	936.07	666.4	1e+12
5379	metal1	992.07	666.4	14694	metal4	992.07	666.4	1e+12
5380	metal1	1048.07	666.4	14695	metal4	1048.07	666.4	1e+12
5381	metal1	1086.21	666.4	14696	metal4	1086.21	666.4	1e+12
5382	metal1	14.095	669.2	14697	metal4	14.095	669.2	1e+12
5383	metal1	40.07	669.2	14698	metal4	40.07	669.2	1e+12
5384	metal1	96.07	669.2	14699	metal4	96.07	669.2	1e+12
5385	metal1	108.455	669.2	14700	metal4	108.455	669.2	1e+12
5386	metal1	109.295	669.2	14701	metal4	109.295	669.2	1e+12
5387	metal1	152.07	669.2	14702	metal4	152.07	669.2	1e+12
5388	metal1	208.07	669.2	14703	metal4	208.07	669.2	1e+12
5389	metal1	264.07	669.2	14704	metal4	264.07	669.2	1e+12
5390	metal1	320.07	669.2	14705	metal4	320.07	669.2	1e+12
5391	metal1	376.07	669.2	14706	metal4	376.07	669.2	1e+12
5392	metal1	432.07	669.2	14707	metal4	432.07	669.2	1e+12
5393	metal1	488.07	669.2	14708	metal4	488.07	669.2	1e+12
5394	metal1	544.07	669.2	14709	metal4	544.07	669.2	1e+12
5395	metal1	600.07	669.2	14710	metal4	600.07	669.2	1e+12
5396	metal1	656.07	669.2	14711	metal4	656.07	669.2	1e+12
5397	metal1	712.07	669.2	14712	metal4	712.07	669.2	1e+12
5398	metal1	768.07	669.2	14713	metal4	768.07	669.2	1e+12
5399	metal1	824.07	669.2	14714	metal4	824.07	669.2	1e+12
5400	metal1	880.07	669.2	14715	metal4	880.07	669.2	1e+12
5401	metal1	936.07	669.2	14716	metal4	936.07	669.2	1e+12
5402	metal1	992.07	669.2	14717	metal4	992.07	669.2	1e+12
5403	metal1	1048.07	669.2	14718	metal4	1048.07	669.2	1e+12
5404	metal1	1086.21	669.2	14719	metal4	1086.21	669.2	1e+12
5405	metal1	14.095	672	14720	metal4	14.095	672	1e+12
5406	metal1	40.07	672	14721	metal4	40.07	672	1e+12
5407	metal1	96.07	672	14722	metal4	96.07	672	1e+12
5408	metal1	108.455	672	14723	metal4	108.455	672	1e+12
5409	metal1	109.295	672	14724	metal4	109.295	672	1e+12
5410	metal1	152.07	672	14725	metal4	152.07	672	1e+12
5411	metal1	208.07	672	14726	metal4	208.07	672	1e+12
5412	metal1	264.07	672	14727	metal4	264.07	672	1e+12
5413	metal1	320.07	672	14728	metal4	320.07	672	1e+12
5414	metal1	376.07	672	14729	metal4	376.07	672	1e+12
5415	metal1	432.07	672	14730	metal4	432.07	672	1e+12
5416	metal1	488.07	672	14731	metal4	488.07	672	1e+12
5417	metal1	544.07	672	14732	metal4	544.07	672	1e+12
5418	metal1	600.07	672	14733	metal4	600.07	672	1e+12
5419	metal1	656.07	672	14734	metal4	656.07	672	1e+12
5420	metal1	712.07	672	14735	metal4	712.07	672	1e+12
5421	metal1	768.07	672	14736	metal4	768.07	672	1e+12
5422	metal1	824.07	672	14737	metal4	824.07	672	1e+12
5423	metal1	880.07	672	14738	metal4	880.07	672	1e+12
5424	metal1	936.07	672	14739	metal4	936.07	672	1e+12
5425	metal1	992.07	672	14740	metal4	992.07	672	1e+12
5426	metal1	1048.07	672	14741	metal4	1048.07	672	1e+12
5427	metal1	1086.21	672	14742	metal4	1086.21	672	1e+12
5428	metal1	14.095	674.8	14743	metal4	14.095	674.8	1e+12
5429	metal1	40.07	674.8	14744	metal4	40.07	674.8	1e+12
5430	metal1	96.07	674.8	14745	metal4	96.07	674.8	1e+12
5431	metal1	108.455	674.8	14746	metal4	108.455	674.8	1e+12
5432	metal1	109.295	674.8	14747	metal4	109.295	674.8	1e+12
5433	metal1	152.07	674.8	14748	metal4	152.07	674.8	1e+12
5434	metal1	208.07	674.8	14749	metal4	208.07	674.8	1e+12
5435	metal1	264.07	674.8	14750	metal4	264.07	674.8	1e+12
5436	metal1	320.07	674.8	14751	metal4	320.07	674.8	1e+12
5437	metal1	376.07	674.8	14752	metal4	376.07	674.8	1e+12
5438	metal1	432.07	674.8	14753	metal4	432.07	674.8	1e+12
5439	metal1	488.07	674.8	14754	metal4	488.07	674.8	1e+12
5440	metal1	544.07	674.8	14755	metal4	544.07	674.8	1e+12
5441	metal1	600.07	674.8	14756	metal4	600.07	674.8	1e+12
5442	metal1	656.07	674.8	14757	metal4	656.07	674.8	1e+12
5443	metal1	712.07	674.8	14758	metal4	712.07	674.8	1e+12
5444	metal1	768.07	674.8	14759	metal4	768.07	674.8	1e+12
5445	metal1	824.07	674.8	14760	metal4	824.07	674.8	1e+12
5446	metal1	880.07	674.8	14761	metal4	880.07	674.8	1e+12
5447	metal1	936.07	674.8	14762	metal4	936.07	674.8	1e+12
5448	metal1	992.07	674.8	14763	metal4	992.07	674.8	1e+12
5449	metal1	1048.07	674.8	14764	metal4	1048.07	674.8	1e+12
5450	metal1	1086.21	674.8	14765	metal4	1086.21	674.8	1e+12
5451	metal1	14.095	677.6	14766	metal4	14.095	677.6	1e+12
5452	metal1	40.07	677.6	14767	metal4	40.07	677.6	1e+12
5453	metal1	96.07	677.6	14768	metal4	96.07	677.6	1e+12
5454	metal1	108.455	677.6	14769	metal4	108.455	677.6	1e+12
5455	metal1	109.295	677.6	14770	metal4	109.295	677.6	1e+12
5456	metal1	152.07	677.6	14771	metal4	152.07	677.6	1e+12
5457	metal1	208.07	677.6	14772	metal4	208.07	677.6	1e+12
5458	metal1	264.07	677.6	14773	metal4	264.07	677.6	1e+12
5459	metal1	320.07	677.6	14774	metal4	320.07	677.6	1e+12
5460	metal1	376.07	677.6	14775	metal4	376.07	677.6	1e+12
5461	metal1	432.07	677.6	14776	metal4	432.07	677.6	1e+12
5462	metal1	488.07	677.6	14777	metal4	488.07	677.6	1e+12
5463	metal1	544.07	677.6	14778	metal4	544.07	677.6	1e+12
5464	metal1	600.07	677.6	14779	metal4	600.07	677.6	1e+12
5465	metal1	656.07	677.6	14780	metal4	656.07	677.6	1e+12
5466	metal1	712.07	677.6	14781	metal4	712.07	677.6	1e+12
5467	metal1	768.07	677.6	14782	metal4	768.07	677.6	1e+12
5468	metal1	824.07	677.6	14783	metal4	824.07	677.6	1e+12
5469	metal1	880.07	677.6	14784	metal4	880.07	677.6	1e+12
5470	metal1	936.07	677.6	14785	metal4	936.07	677.6	1e+12
5471	metal1	992.07	677.6	14786	metal4	992.07	677.6	1e+12
5472	metal1	1048.07	677.6	14787	metal4	1048.07	677.6	1e+12
5473	metal1	1086.21	677.6	14788	metal4	1086.21	677.6	1e+12
5474	metal1	14.095	680.4	14789	metal4	14.095	680.4	1e+12
5475	metal1	40.07	680.4	14790	metal4	40.07	680.4	1e+12
5476	metal1	96.07	680.4	14791	metal4	96.07	680.4	1e+12
5477	metal1	108.455	680.4	14792	metal4	108.455	680.4	1e+12
5478	metal1	109.295	680.4	14793	metal4	109.295	680.4	1e+12
5479	metal1	152.07	680.4	14794	metal4	152.07	680.4	1e+12
5480	metal1	208.07	680.4	14795	metal4	208.07	680.4	1e+12
5481	metal1	264.07	680.4	14796	metal4	264.07	680.4	1e+12
5482	metal1	320.07	680.4	14797	metal4	320.07	680.4	1e+12
5483	metal1	376.07	680.4	14798	metal4	376.07	680.4	1e+12
5484	metal1	432.07	680.4	14799	metal4	432.07	680.4	1e+12
5485	metal1	488.07	680.4	14800	metal4	488.07	680.4	1e+12
5486	metal1	544.07	680.4	14801	metal4	544.07	680.4	1e+12
5487	metal1	600.07	680.4	14802	metal4	600.07	680.4	1e+12
5488	metal1	656.07	680.4	14803	metal4	656.07	680.4	1e+12
5489	metal1	712.07	680.4	14804	metal4	712.07	680.4	1e+12
5490	metal1	768.07	680.4	14805	metal4	768.07	680.4	1e+12
5491	metal1	824.07	680.4	14806	metal4	824.07	680.4	1e+12
5492	metal1	880.07	680.4	14807	metal4	880.07	680.4	1e+12
5493	metal1	936.07	680.4	14808	metal4	936.07	680.4	1e+12
5494	metal1	992.07	680.4	14809	metal4	992.07	680.4	1e+12
5495	metal1	1048.07	680.4	14810	metal4	1048.07	680.4	1e+12
5496	metal1	1086.21	680.4	14811	metal4	1086.21	680.4	1e+12
5497	metal1	14.095	683.2	14812	metal4	14.095	683.2	1e+12
5498	metal1	40.07	683.2	14813	metal4	40.07	683.2	1e+12
5499	metal1	96.07	683.2	14814	metal4	96.07	683.2	1e+12
5500	metal1	108.455	683.2	14815	metal4	108.455	683.2	1e+12
5501	metal1	109.295	683.2	14816	metal4	109.295	683.2	1e+12
5502	metal1	152.07	683.2	14817	metal4	152.07	683.2	1e+12
5503	metal1	208.07	683.2	14818	metal4	208.07	683.2	1e+12
5504	metal1	264.07	683.2	14819	metal4	264.07	683.2	1e+12
5505	metal1	320.07	683.2	14820	metal4	320.07	683.2	1e+12
5506	metal1	376.07	683.2	14821	metal4	376.07	683.2	1e+12
5507	metal1	432.07	683.2	14822	metal4	432.07	683.2	1e+12
5508	metal1	488.07	683.2	14823	metal4	488.07	683.2	1e+12
5509	metal1	544.07	683.2	14824	metal4	544.07	683.2	1e+12
5510	metal1	600.07	683.2	14825	metal4	600.07	683.2	1e+12
5511	metal1	656.07	683.2	14826	metal4	656.07	683.2	1e+12
5512	metal1	712.07	683.2	14827	metal4	712.07	683.2	1e+12
5513	metal1	768.07	683.2	14828	metal4	768.07	683.2	1e+12
5514	metal1	824.07	683.2	14829	metal4	824.07	683.2	1e+12
5515	metal1	880.07	683.2	14830	metal4	880.07	683.2	1e+12
5516	metal1	936.07	683.2	14831	metal4	936.07	683.2	1e+12
5517	metal1	992.07	683.2	14832	metal4	992.07	683.2	1e+12
5518	metal1	1048.07	683.2	14833	metal4	1048.07	683.2	1e+12
5519	metal1	1086.21	683.2	14834	metal4	1086.21	683.2	1e+12
5520	metal1	14.095	686	14835	metal4	14.095	686	1e+12
5521	metal1	40.07	686	14836	metal4	40.07	686	1e+12
5522	metal1	96.07	686	14837	metal4	96.07	686	1e+12
5523	metal1	108.455	686	14838	metal4	108.455	686	1e+12
5524	metal1	109.295	686	14839	metal4	109.295	686	1e+12
5525	metal1	152.07	686	14840	metal4	152.07	686	1e+12
5526	metal1	208.07	686	14841	metal4	208.07	686	1e+12
5527	metal1	264.07	686	14842	metal4	264.07	686	1e+12
5528	metal1	320.07	686	14843	metal4	320.07	686	1e+12
5529	metal1	376.07	686	14844	metal4	376.07	686	1e+12
5530	metal1	432.07	686	14845	metal4	432.07	686	1e+12
5531	metal1	488.07	686	14846	metal4	488.07	686	1e+12
5532	metal1	544.07	686	14847	metal4	544.07	686	1e+12
5533	metal1	600.07	686	14848	metal4	600.07	686	1e+12
5534	metal1	656.07	686	14849	metal4	656.07	686	1e+12
5535	metal1	712.07	686	14850	metal4	712.07	686	1e+12
5536	metal1	768.07	686	14851	metal4	768.07	686	1e+12
5537	metal1	824.07	686	14852	metal4	824.07	686	1e+12
5538	metal1	880.07	686	14853	metal4	880.07	686	1e+12
5539	metal1	936.07	686	14854	metal4	936.07	686	1e+12
5540	metal1	992.07	686	14855	metal4	992.07	686	1e+12
5541	metal1	1048.07	686	14856	metal4	1048.07	686	1e+12
5542	metal1	1086.21	686	14857	metal4	1086.21	686	1e+12
5543	metal1	14.095	688.8	14858	metal4	14.095	688.8	1e+12
5544	metal1	40.07	688.8	14859	metal4	40.07	688.8	1e+12
5545	metal1	96.07	688.8	14860	metal4	96.07	688.8	1e+12
5546	metal1	108.455	688.8	14861	metal4	108.455	688.8	1e+12
5547	metal1	109.295	688.8	14862	metal4	109.295	688.8	1e+12
5548	metal1	152.07	688.8	14863	metal4	152.07	688.8	1e+12
5549	metal1	208.07	688.8	14864	metal4	208.07	688.8	1e+12
5550	metal1	264.07	688.8	14865	metal4	264.07	688.8	1e+12
5551	metal1	320.07	688.8	14866	metal4	320.07	688.8	1e+12
5552	metal1	376.07	688.8	14867	metal4	376.07	688.8	1e+12
5553	metal1	432.07	688.8	14868	metal4	432.07	688.8	1e+12
5554	metal1	488.07	688.8	14869	metal4	488.07	688.8	1e+12
5555	metal1	544.07	688.8	14870	metal4	544.07	688.8	1e+12
5556	metal1	600.07	688.8	14871	metal4	600.07	688.8	1e+12
5557	metal1	656.07	688.8	14872	metal4	656.07	688.8	1e+12
5558	metal1	712.07	688.8	14873	metal4	712.07	688.8	1e+12
5559	metal1	768.07	688.8	14874	metal4	768.07	688.8	1e+12
5560	metal1	824.07	688.8	14875	metal4	824.07	688.8	1e+12
5561	metal1	880.07	688.8	14876	metal4	880.07	688.8	1e+12
5562	metal1	936.07	688.8	14877	metal4	936.07	688.8	1e+12
5563	metal1	992.07	688.8	14878	metal4	992.07	688.8	1e+12
5564	metal1	1048.07	688.8	14879	metal4	1048.07	688.8	1e+12
5565	metal1	1086.21	688.8	14880	metal4	1086.21	688.8	1e+12
5566	metal1	14.095	691.6	14904	metal4	14.095	691.6	1e+12
5567	metal1	40.07	691.6	14905	metal4	40.07	691.6	1e+12
5568	metal1	96.07	691.6	14906	metal4	96.07	691.6	1e+12
5569	metal1	108.455	691.6	14907	metal4	108.455	691.6	1e+12
5570	metal1	109.295	691.6	14908	metal4	109.295	691.6	1e+12
5571	metal1	152.07	691.6	14909	metal4	152.07	691.6	1e+12
5572	metal1	208.07	691.6	14910	metal4	208.07	691.6	1e+12
5573	metal1	264.07	691.6	14911	metal4	264.07	691.6	1e+12
5574	metal1	320.07	691.6	14912	metal4	320.07	691.6	1e+12
5575	metal1	376.07	691.6	14913	metal4	376.07	691.6	1e+12
5576	metal1	432.07	691.6	14914	metal4	432.07	691.6	1e+12
5577	metal1	488.07	691.6	14915	metal4	488.07	691.6	1e+12
5578	metal1	544.07	691.6	14916	metal4	544.07	691.6	1e+12
5579	metal1	600.07	691.6	14917	metal4	600.07	691.6	1e+12
5580	metal1	656.07	691.6	14918	metal4	656.07	691.6	1e+12
5581	metal1	712.07	691.6	14919	metal4	712.07	691.6	1e+12
5582	metal1	768.07	691.6	14920	metal4	768.07	691.6	1e+12
5583	metal1	824.07	691.6	14921	metal4	824.07	691.6	1e+12
5584	metal1	880.07	691.6	14922	metal4	880.07	691.6	1e+12
5585	metal1	936.07	691.6	14923	metal4	936.07	691.6	1e+12
5586	metal1	992.07	691.6	14924	metal4	992.07	691.6	1e+12
5587	metal1	1048.07	691.6	14925	metal4	1048.07	691.6	1e+12
5588	metal1	1086.21	691.6	14926	metal4	1086.21	691.6	1e+12
5589	metal1	14.095	694.4	14927	metal4	14.095	694.4	1e+12
5590	metal1	40.07	694.4	14928	metal4	40.07	694.4	1e+12
5591	metal1	96.07	694.4	14929	metal4	96.07	694.4	1e+12
5592	metal1	108.455	694.4	14930	metal4	108.455	694.4	1e+12
5593	metal1	109.295	694.4	14931	metal4	109.295	694.4	1e+12
5594	metal1	152.07	694.4	14932	metal4	152.07	694.4	1e+12
5595	metal1	208.07	694.4	14933	metal4	208.07	694.4	1e+12
5596	metal1	264.07	694.4	14934	metal4	264.07	694.4	1e+12
5597	metal1	320.07	694.4	14935	metal4	320.07	694.4	1e+12
5598	metal1	376.07	694.4	14936	metal4	376.07	694.4	1e+12
5599	metal1	432.07	694.4	14937	metal4	432.07	694.4	1e+12
5600	metal1	488.07	694.4	14938	metal4	488.07	694.4	1e+12
5601	metal1	544.07	694.4	14939	metal4	544.07	694.4	1e+12
5602	metal1	600.07	694.4	14940	metal4	600.07	694.4	1e+12
5603	metal1	656.07	694.4	14941	metal4	656.07	694.4	1e+12
5604	metal1	712.07	694.4	14942	metal4	712.07	694.4	1e+12
5605	metal1	768.07	694.4	14943	metal4	768.07	694.4	1e+12
5606	metal1	824.07	694.4	14944	metal4	824.07	694.4	1e+12
5607	metal1	880.07	694.4	14945	metal4	880.07	694.4	1e+12
5608	metal1	936.07	694.4	14946	metal4	936.07	694.4	1e+12
5609	metal1	992.07	694.4	14947	metal4	992.07	694.4	1e+12
5610	metal1	1048.07	694.4	14948	metal4	1048.07	694.4	1e+12
5611	metal1	1086.21	694.4	14949	metal4	1086.21	694.4	1e+12
5612	metal1	14.095	697.2	14950	metal4	14.095	697.2	1e+12
5613	metal1	40.07	697.2	14951	metal4	40.07	697.2	1e+12
5614	metal1	96.07	697.2	14952	metal4	96.07	697.2	1e+12
5615	metal1	108.455	697.2	14953	metal4	108.455	697.2	1e+12
5616	metal1	109.295	697.2	14954	metal4	109.295	697.2	1e+12
5617	metal1	152.07	697.2	14955	metal4	152.07	697.2	1e+12
5618	metal1	208.07	697.2	14956	metal4	208.07	697.2	1e+12
5619	metal1	264.07	697.2	14957	metal4	264.07	697.2	1e+12
5620	metal1	320.07	697.2	14958	metal4	320.07	697.2	1e+12
5621	metal1	376.07	697.2	14959	metal4	376.07	697.2	1e+12
5622	metal1	432.07	697.2	14960	metal4	432.07	697.2	1e+12
5623	metal1	488.07	697.2	14961	metal4	488.07	697.2	1e+12
5624	metal1	544.07	697.2	14962	metal4	544.07	697.2	1e+12
5625	metal1	600.07	697.2	14963	metal4	600.07	697.2	1e+12
5626	metal1	656.07	697.2	14964	metal4	656.07	697.2	1e+12
5627	metal1	712.07	697.2	14965	metal4	712.07	697.2	1e+12
5628	metal1	768.07	697.2	14966	metal4	768.07	697.2	1e+12
5629	metal1	824.07	697.2	14967	metal4	824.07	697.2	1e+12
5630	metal1	880.07	697.2	14968	metal4	880.07	697.2	1e+12
5631	metal1	936.07	697.2	14969	metal4	936.07	697.2	1e+12
5632	metal1	992.07	697.2	14970	metal4	992.07	697.2	1e+12
5633	metal1	1048.07	697.2	14971	metal4	1048.07	697.2	1e+12
5634	metal1	1086.21	697.2	14972	metal4	1086.21	697.2	1e+12
5635	metal1	14.095	700	14973	metal4	14.095	700	1e+12
5636	metal1	40.07	700	14974	metal4	40.07	700	1e+12
5637	metal1	96.07	700	14975	metal4	96.07	700	1e+12
5638	metal1	108.455	700	14976	metal4	108.455	700	1e+12
5639	metal1	109.295	700	14977	metal4	109.295	700	1e+12
5640	metal1	152.07	700	14978	metal4	152.07	700	1e+12
5641	metal1	208.07	700	14979	metal4	208.07	700	1e+12
5642	metal1	264.07	700	14980	metal4	264.07	700	1e+12
5643	metal1	320.07	700	14981	metal4	320.07	700	1e+12
5644	metal1	376.07	700	14982	metal4	376.07	700	1e+12
5645	metal1	432.07	700	14983	metal4	432.07	700	1e+12
5646	metal1	488.07	700	14984	metal4	488.07	700	1e+12
5647	metal1	544.07	700	14985	metal4	544.07	700	1e+12
5648	metal1	600.07	700	14986	metal4	600.07	700	1e+12
5649	metal1	656.07	700	14987	metal4	656.07	700	1e+12
5650	metal1	712.07	700	14988	metal4	712.07	700	1e+12
5651	metal1	768.07	700	14989	metal4	768.07	700	1e+12
5652	metal1	824.07	700	14990	metal4	824.07	700	1e+12
5653	metal1	880.07	700	14991	metal4	880.07	700	1e+12
5654	metal1	936.07	700	14992	metal4	936.07	700	1e+12
5655	metal1	992.07	700	14993	metal4	992.07	700	1e+12
5656	metal1	1048.07	700	14994	metal4	1048.07	700	1e+12
5657	metal1	1086.21	700	14995	metal4	1086.21	700	1e+12
5658	metal1	14.095	702.8	14996	metal4	14.095	702.8	1e+12
5659	metal1	40.07	702.8	14997	metal4	40.07	702.8	1e+12
5660	metal1	96.07	702.8	14998	metal4	96.07	702.8	1e+12
5661	metal1	108.455	702.8	14999	metal4	108.455	702.8	1e+12
5662	metal1	109.295	702.8	15000	metal4	109.295	702.8	1e+12
5663	metal1	152.07	702.8	15001	metal4	152.07	702.8	1e+12
5664	metal1	208.07	702.8	15002	metal4	208.07	702.8	1e+12
5665	metal1	264.07	702.8	15003	metal4	264.07	702.8	1e+12
5666	metal1	320.07	702.8	15004	metal4	320.07	702.8	1e+12
5667	metal1	376.07	702.8	15005	metal4	376.07	702.8	1e+12
5668	metal1	432.07	702.8	15006	metal4	432.07	702.8	1e+12
5669	metal1	488.07	702.8	15007	metal4	488.07	702.8	1e+12
5670	metal1	544.07	702.8	15008	metal4	544.07	702.8	1e+12
5671	metal1	600.07	702.8	15009	metal4	600.07	702.8	1e+12
5672	metal1	656.07	702.8	15010	metal4	656.07	702.8	1e+12
5673	metal1	712.07	702.8	15011	metal4	712.07	702.8	1e+12
5674	metal1	768.07	702.8	15012	metal4	768.07	702.8	1e+12
5675	metal1	824.07	702.8	15013	metal4	824.07	702.8	1e+12
5676	metal1	880.07	702.8	15014	metal4	880.07	702.8	1e+12
5677	metal1	936.07	702.8	15015	metal4	936.07	702.8	1e+12
5678	metal1	992.07	702.8	15016	metal4	992.07	702.8	1e+12
5679	metal1	1048.07	702.8	15017	metal4	1048.07	702.8	1e+12
5680	metal1	1086.21	702.8	15018	metal4	1086.21	702.8	1e+12
5681	metal1	14.095	705.6	15019	metal4	14.095	705.6	1e+12
5682	metal1	40.07	705.6	15020	metal4	40.07	705.6	1e+12
5683	metal1	96.07	705.6	15021	metal4	96.07	705.6	1e+12
5684	metal1	108.455	705.6	15022	metal4	108.455	705.6	1e+12
5685	metal1	109.295	705.6	15023	metal4	109.295	705.6	1e+12
5686	metal1	152.07	705.6	15024	metal4	152.07	705.6	1e+12
5687	metal1	208.07	705.6	15025	metal4	208.07	705.6	1e+12
5688	metal1	264.07	705.6	15026	metal4	264.07	705.6	1e+12
5689	metal1	320.07	705.6	15027	metal4	320.07	705.6	1e+12
5690	metal1	376.07	705.6	15028	metal4	376.07	705.6	1e+12
5691	metal1	432.07	705.6	15029	metal4	432.07	705.6	1e+12
5692	metal1	488.07	705.6	15030	metal4	488.07	705.6	1e+12
5693	metal1	544.07	705.6	15031	metal4	544.07	705.6	1e+12
5694	metal1	600.07	705.6	15032	metal4	600.07	705.6	1e+12
5695	metal1	656.07	705.6	15033	metal4	656.07	705.6	1e+12
5696	metal1	712.07	705.6	15034	metal4	712.07	705.6	1e+12
5697	metal1	768.07	705.6	15035	metal4	768.07	705.6	1e+12
5698	metal1	824.07	705.6	15036	metal4	824.07	705.6	1e+12
5699	metal1	880.07	705.6	15037	metal4	880.07	705.6	1e+12
5700	metal1	936.07	705.6	15038	metal4	936.07	705.6	1e+12
5701	metal1	992.07	705.6	15039	metal4	992.07	705.6	1e+12
5702	metal1	1048.07	705.6	15040	metal4	1048.07	705.6	1e+12
5703	metal1	1086.21	705.6	15041	metal4	1086.21	705.6	1e+12
5704	metal1	14.095	708.4	15042	metal4	14.095	708.4	1e+12
5705	metal1	40.07	708.4	15043	metal4	40.07	708.4	1e+12
5706	metal1	96.07	708.4	15044	metal4	96.07	708.4	1e+12
5707	metal1	108.455	708.4	15045	metal4	108.455	708.4	1e+12
5708	metal1	109.295	708.4	15046	metal4	109.295	708.4	1e+12
5709	metal1	152.07	708.4	15047	metal4	152.07	708.4	1e+12
5710	metal1	208.07	708.4	15048	metal4	208.07	708.4	1e+12
5711	metal1	264.07	708.4	15049	metal4	264.07	708.4	1e+12
5712	metal1	320.07	708.4	15050	metal4	320.07	708.4	1e+12
5713	metal1	376.07	708.4	15051	metal4	376.07	708.4	1e+12
5714	metal1	432.07	708.4	15052	metal4	432.07	708.4	1e+12
5715	metal1	488.07	708.4	15053	metal4	488.07	708.4	1e+12
5716	metal1	544.07	708.4	15054	metal4	544.07	708.4	1e+12
5717	metal1	600.07	708.4	15055	metal4	600.07	708.4	1e+12
5718	metal1	656.07	708.4	15056	metal4	656.07	708.4	1e+12
5719	metal1	712.07	708.4	15057	metal4	712.07	708.4	1e+12
5720	metal1	768.07	708.4	15058	metal4	768.07	708.4	1e+12
5721	metal1	824.07	708.4	15059	metal4	824.07	708.4	1e+12
5722	metal1	880.07	708.4	15060	metal4	880.07	708.4	1e+12
5723	metal1	936.07	708.4	15061	metal4	936.07	708.4	1e+12
5724	metal1	992.07	708.4	15062	metal4	992.07	708.4	1e+12
5725	metal1	1048.07	708.4	15063	metal4	1048.07	708.4	1e+12
5726	metal1	1086.21	708.4	15064	metal4	1086.21	708.4	1e+12
5727	metal1	14.095	711.2	15065	metal4	14.095	711.2	1e+12
5728	metal1	40.07	711.2	15066	metal4	40.07	711.2	1e+12
5729	metal1	96.07	711.2	15067	metal4	96.07	711.2	1e+12
5730	metal1	108.455	711.2	15068	metal4	108.455	711.2	1e+12
5731	metal1	109.295	711.2	15069	metal4	109.295	711.2	1e+12
5732	metal1	152.07	711.2	15070	metal4	152.07	711.2	1e+12
5733	metal1	208.07	711.2	15071	metal4	208.07	711.2	1e+12
5734	metal1	264.07	711.2	15072	metal4	264.07	711.2	1e+12
5735	metal1	320.07	711.2	15073	metal4	320.07	711.2	1e+12
5736	metal1	376.07	711.2	15074	metal4	376.07	711.2	1e+12
5737	metal1	432.07	711.2	15075	metal4	432.07	711.2	1e+12
5738	metal1	488.07	711.2	15076	metal4	488.07	711.2	1e+12
5739	metal1	544.07	711.2	15077	metal4	544.07	711.2	1e+12
5740	metal1	600.07	711.2	15078	metal4	600.07	711.2	1e+12
5741	metal1	656.07	711.2	15079	metal4	656.07	711.2	1e+12
5742	metal1	712.07	711.2	15080	metal4	712.07	711.2	1e+12
5743	metal1	768.07	711.2	15081	metal4	768.07	711.2	1e+12
5744	metal1	824.07	711.2	15082	metal4	824.07	711.2	1e+12
5745	metal1	880.07	711.2	15083	metal4	880.07	711.2	1e+12
5746	metal1	936.07	711.2	15084	metal4	936.07	711.2	1e+12
5747	metal1	992.07	711.2	15085	metal4	992.07	711.2	1e+12
5748	metal1	1048.07	711.2	15086	metal4	1048.07	711.2	1e+12
5749	metal1	1086.21	711.2	15087	metal4	1086.21	711.2	1e+12
5750	metal1	14.095	714	15088	metal4	14.095	714	1e+12
5751	metal1	40.07	714	15089	metal4	40.07	714	1e+12
5752	metal1	96.07	714	15090	metal4	96.07	714	1e+12
5753	metal1	108.455	714	15091	metal4	108.455	714	1e+12
5754	metal1	109.295	714	15092	metal4	109.295	714	1e+12
5755	metal1	152.07	714	15093	metal4	152.07	714	1e+12
5756	metal1	208.07	714	15094	metal4	208.07	714	1e+12
5757	metal1	264.07	714	15095	metal4	264.07	714	1e+12
5758	metal1	320.07	714	15096	metal4	320.07	714	1e+12
5759	metal1	376.07	714	15097	metal4	376.07	714	1e+12
5760	metal1	432.07	714	15098	metal4	432.07	714	1e+12
5761	metal1	488.07	714	15099	metal4	488.07	714	1e+12
5762	metal1	544.07	714	15100	metal4	544.07	714	1e+12
5763	metal1	600.07	714	15101	metal4	600.07	714	1e+12
5764	metal1	656.07	714	15102	metal4	656.07	714	1e+12
5765	metal1	712.07	714	15103	metal4	712.07	714	1e+12
5766	metal1	768.07	714	15104	metal4	768.07	714	1e+12
5767	metal1	824.07	714	15105	metal4	824.07	714	1e+12
5768	metal1	880.07	714	15106	metal4	880.07	714	1e+12
5769	metal1	936.07	714	15107	metal4	936.07	714	1e+12
5770	metal1	992.07	714	15108	metal4	992.07	714	1e+12
5771	metal1	1048.07	714	15109	metal4	1048.07	714	1e+12
5772	metal1	1086.21	714	15110	metal4	1086.21	714	1e+12
5773	metal1	14.095	716.8	15111	metal4	14.095	716.8	1e+12
5774	metal1	40.07	716.8	15112	metal4	40.07	716.8	1e+12
5775	metal1	96.07	716.8	15113	metal4	96.07	716.8	1e+12
5776	metal1	108.455	716.8	15114	metal4	108.455	716.8	1e+12
5777	metal1	109.295	716.8	15115	metal4	109.295	716.8	1e+12
5778	metal1	152.07	716.8	15116	metal4	152.07	716.8	1e+12
5779	metal1	208.07	716.8	15117	metal4	208.07	716.8	1e+12
5780	metal1	264.07	716.8	15118	metal4	264.07	716.8	1e+12
5781	metal1	320.07	716.8	15119	metal4	320.07	716.8	1e+12
5782	metal1	376.07	716.8	15120	metal4	376.07	716.8	1e+12
5783	metal1	432.07	716.8	15121	metal4	432.07	716.8	1e+12
5784	metal1	488.07	716.8	15122	metal4	488.07	716.8	1e+12
5785	metal1	544.07	716.8	15123	metal4	544.07	716.8	1e+12
5786	metal1	600.07	716.8	15124	metal4	600.07	716.8	1e+12
5787	metal1	656.07	716.8	15125	metal4	656.07	716.8	1e+12
5788	metal1	712.07	716.8	15126	metal4	712.07	716.8	1e+12
5789	metal1	768.07	716.8	15127	metal4	768.07	716.8	1e+12
5790	metal1	824.07	716.8	15128	metal4	824.07	716.8	1e+12
5791	metal1	880.07	716.8	15129	metal4	880.07	716.8	1e+12
5792	metal1	936.07	716.8	15130	metal4	936.07	716.8	1e+12
5793	metal1	992.07	716.8	15131	metal4	992.07	716.8	1e+12
5794	metal1	1048.07	716.8	15132	metal4	1048.07	716.8	1e+12
5795	metal1	1086.21	716.8	15133	metal4	1086.21	716.8	1e+12
5796	metal1	14.095	719.6	15134	metal4	14.095	719.6	1e+12
5797	metal1	40.07	719.6	15135	metal4	40.07	719.6	1e+12
5798	metal1	96.07	719.6	15136	metal4	96.07	719.6	1e+12
5799	metal1	108.455	719.6	15137	metal4	108.455	719.6	1e+12
5800	metal1	109.295	719.6	15138	metal4	109.295	719.6	1e+12
5801	metal1	152.07	719.6	15139	metal4	152.07	719.6	1e+12
5802	metal1	208.07	719.6	15140	metal4	208.07	719.6	1e+12
5803	metal1	264.07	719.6	15141	metal4	264.07	719.6	1e+12
5804	metal1	320.07	719.6	15142	metal4	320.07	719.6	1e+12
5805	metal1	376.07	719.6	15143	metal4	376.07	719.6	1e+12
5806	metal1	432.07	719.6	15144	metal4	432.07	719.6	1e+12
5807	metal1	488.07	719.6	15145	metal4	488.07	719.6	1e+12
5808	metal1	544.07	719.6	15146	metal4	544.07	719.6	1e+12
5809	metal1	600.07	719.6	15147	metal4	600.07	719.6	1e+12
5810	metal1	656.07	719.6	15148	metal4	656.07	719.6	1e+12
5811	metal1	712.07	719.6	15149	metal4	712.07	719.6	1e+12
5812	metal1	768.07	719.6	15150	metal4	768.07	719.6	1e+12
5813	metal1	824.07	719.6	15151	metal4	824.07	719.6	1e+12
5814	metal1	880.07	719.6	15152	metal4	880.07	719.6	1e+12
5815	metal1	936.07	719.6	15153	metal4	936.07	719.6	1e+12
5816	metal1	992.07	719.6	15154	metal4	992.07	719.6	1e+12
5817	metal1	1048.07	719.6	15155	metal4	1048.07	719.6	1e+12
5818	metal1	1086.21	719.6	15156	metal4	1086.21	719.6	1e+12
5819	metal1	14.095	722.4	15157	metal4	14.095	722.4	1e+12
5820	metal1	40.07	722.4	15158	metal4	40.07	722.4	1e+12
5821	metal1	96.07	722.4	15159	metal4	96.07	722.4	1e+12
5822	metal1	108.455	722.4	15160	metal4	108.455	722.4	1e+12
5823	metal1	109.295	722.4	15161	metal4	109.295	722.4	1e+12
5824	metal1	152.07	722.4	15162	metal4	152.07	722.4	1e+12
5825	metal1	208.07	722.4	15163	metal4	208.07	722.4	1e+12
5826	metal1	264.07	722.4	15164	metal4	264.07	722.4	1e+12
5827	metal1	320.07	722.4	15165	metal4	320.07	722.4	1e+12
5828	metal1	376.07	722.4	15166	metal4	376.07	722.4	1e+12
5829	metal1	432.07	722.4	15167	metal4	432.07	722.4	1e+12
5830	metal1	488.07	722.4	15168	metal4	488.07	722.4	1e+12
5831	metal1	544.07	722.4	15169	metal4	544.07	722.4	1e+12
5832	metal1	600.07	722.4	15170	metal4	600.07	722.4	1e+12
5833	metal1	656.07	722.4	15171	metal4	656.07	722.4	1e+12
5834	metal1	712.07	722.4	15172	metal4	712.07	722.4	1e+12
5835	metal1	768.07	722.4	15173	metal4	768.07	722.4	1e+12
5836	metal1	824.07	722.4	15174	metal4	824.07	722.4	1e+12
5837	metal1	880.07	722.4	15175	metal4	880.07	722.4	1e+12
5838	metal1	936.07	722.4	15176	metal4	936.07	722.4	1e+12
5839	metal1	992.07	722.4	15177	metal4	992.07	722.4	1e+12
5840	metal1	1048.07	722.4	15178	metal4	1048.07	722.4	1e+12
5841	metal1	1086.21	722.4	15179	metal4	1086.21	722.4	1e+12
5842	metal1	14.095	725.2	15180	metal4	14.095	725.2	1e+12
5843	metal1	40.07	725.2	15181	metal4	40.07	725.2	1e+12
5844	metal1	96.07	725.2	15182	metal4	96.07	725.2	1e+12
5845	metal1	108.455	725.2	15183	metal4	108.455	725.2	1e+12
5846	metal1	109.295	725.2	15184	metal4	109.295	725.2	1e+12
5847	metal1	152.07	725.2	15185	metal4	152.07	725.2	1e+12
5848	metal1	208.07	725.2	15186	metal4	208.07	725.2	1e+12
5849	metal1	264.07	725.2	15187	metal4	264.07	725.2	1e+12
5850	metal1	320.07	725.2	15188	metal4	320.07	725.2	1e+12
5851	metal1	376.07	725.2	15189	metal4	376.07	725.2	1e+12
5852	metal1	432.07	725.2	15190	metal4	432.07	725.2	1e+12
5853	metal1	488.07	725.2	15191	metal4	488.07	725.2	1e+12
5854	metal1	544.07	725.2	15192	metal4	544.07	725.2	1e+12
5855	metal1	600.07	725.2	15193	metal4	600.07	725.2	1e+12
5856	metal1	656.07	725.2	15194	metal4	656.07	725.2	1e+12
5857	metal1	712.07	725.2	15195	metal4	712.07	725.2	1e+12
5858	metal1	768.07	725.2	15196	metal4	768.07	725.2	1e+12
5859	metal1	824.07	725.2	15197	metal4	824.07	725.2	1e+12
5860	metal1	880.07	725.2	15198	metal4	880.07	725.2	1e+12
5861	metal1	936.07	725.2	15199	metal4	936.07	725.2	1e+12
5862	metal1	992.07	725.2	15200	metal4	992.07	725.2	1e+12
5863	metal1	1048.07	725.2	15201	metal4	1048.07	725.2	1e+12
5864	metal1	1086.21	725.2	15202	metal4	1086.21	725.2	1e+12
5865	metal1	14.095	728	15203	metal4	14.095	728	1e+12
5866	metal1	40.07	728	15204	metal4	40.07	728	1e+12
5867	metal1	96.07	728	15205	metal4	96.07	728	1e+12
5868	metal1	108.455	728	15206	metal4	108.455	728	1e+12
5869	metal1	109.295	728	15207	metal4	109.295	728	1e+12
5870	metal1	152.07	728	15208	metal4	152.07	728	1e+12
5871	metal1	208.07	728	15209	metal4	208.07	728	1e+12
5872	metal1	264.07	728	15210	metal4	264.07	728	1e+12
5873	metal1	320.07	728	15211	metal4	320.07	728	1e+12
5874	metal1	376.07	728	15212	metal4	376.07	728	1e+12
5875	metal1	432.07	728	15213	metal4	432.07	728	1e+12
5876	metal1	488.07	728	15214	metal4	488.07	728	1e+12
5877	metal1	544.07	728	15215	metal4	544.07	728	1e+12
5878	metal1	600.07	728	15216	metal4	600.07	728	1e+12
5879	metal1	656.07	728	15217	metal4	656.07	728	1e+12
5880	metal1	712.07	728	15218	metal4	712.07	728	1e+12
5881	metal1	768.07	728	15219	metal4	768.07	728	1e+12
5882	metal1	824.07	728	15220	metal4	824.07	728	1e+12
5883	metal1	880.07	728	15221	metal4	880.07	728	1e+12
5884	metal1	936.07	728	15222	metal4	936.07	728	1e+12
5885	metal1	992.07	728	15223	metal4	992.07	728	1e+12
5886	metal1	1048.07	728	15224	metal4	1048.07	728	1e+12
5887	metal1	1086.21	728	15225	metal4	1086.21	728	1e+12
5888	metal1	14.095	730.8	15226	metal4	14.095	730.8	1e+12
5889	metal1	40.07	730.8	15227	metal4	40.07	730.8	1e+12
5890	metal1	96.07	730.8	15228	metal4	96.07	730.8	1e+12
5891	metal1	108.455	730.8	15229	metal4	108.455	730.8	1e+12
5892	metal1	109.295	730.8	15230	metal4	109.295	730.8	1e+12
5893	metal1	152.07	730.8	15231	metal4	152.07	730.8	1e+12
5894	metal1	208.07	730.8	15232	metal4	208.07	730.8	1e+12
5895	metal1	264.07	730.8	15233	metal4	264.07	730.8	1e+12
5896	metal1	320.07	730.8	15234	metal4	320.07	730.8	1e+12
5897	metal1	376.07	730.8	15235	metal4	376.07	730.8	1e+12
5898	metal1	432.07	730.8	15236	metal4	432.07	730.8	1e+12
5899	metal1	488.07	730.8	15237	metal4	488.07	730.8	1e+12
5900	metal1	544.07	730.8	15238	metal4	544.07	730.8	1e+12
5901	metal1	600.07	730.8	15239	metal4	600.07	730.8	1e+12
5902	metal1	656.07	730.8	15240	metal4	656.07	730.8	1e+12
5903	metal1	712.07	730.8	15241	metal4	712.07	730.8	1e+12
5904	metal1	768.07	730.8	15242	metal4	768.07	730.8	1e+12
5905	metal1	824.07	730.8	15243	metal4	824.07	730.8	1e+12
5906	metal1	880.07	730.8	15244	metal4	880.07	730.8	1e+12
5907	metal1	936.07	730.8	15245	metal4	936.07	730.8	1e+12
5908	metal1	992.07	730.8	15246	metal4	992.07	730.8	1e+12
5909	metal1	1048.07	730.8	15247	metal4	1048.07	730.8	1e+12
5910	metal1	1086.21	730.8	15248	metal4	1086.21	730.8	1e+12
5911	metal1	14.095	733.6	15249	metal4	14.095	733.6	1e+12
5912	metal1	40.07	733.6	15250	metal4	40.07	733.6	1e+12
5913	metal1	96.07	733.6	15251	metal4	96.07	733.6	1e+12
5914	metal1	108.455	733.6	15252	metal4	108.455	733.6	1e+12
5915	metal1	109.295	733.6	15253	metal4	109.295	733.6	1e+12
5916	metal1	152.07	733.6	15254	metal4	152.07	733.6	1e+12
5917	metal1	208.07	733.6	15255	metal4	208.07	733.6	1e+12
5918	metal1	264.07	733.6	15256	metal4	264.07	733.6	1e+12
5919	metal1	320.07	733.6	15257	metal4	320.07	733.6	1e+12
5920	metal1	376.07	733.6	15258	metal4	376.07	733.6	1e+12
5921	metal1	432.07	733.6	15259	metal4	432.07	733.6	1e+12
5922	metal1	488.07	733.6	15260	metal4	488.07	733.6	1e+12
5923	metal1	544.07	733.6	15261	metal4	544.07	733.6	1e+12
5924	metal1	600.07	733.6	15262	metal4	600.07	733.6	1e+12
5925	metal1	656.07	733.6	15263	metal4	656.07	733.6	1e+12
5926	metal1	712.07	733.6	15264	metal4	712.07	733.6	1e+12
5927	metal1	768.07	733.6	15265	metal4	768.07	733.6	1e+12
5928	metal1	824.07	733.6	15266	metal4	824.07	733.6	1e+12
5929	metal1	880.07	733.6	15267	metal4	880.07	733.6	1e+12
5930	metal1	936.07	733.6	15268	metal4	936.07	733.6	1e+12
5931	metal1	992.07	733.6	15269	metal4	992.07	733.6	1e+12
5932	metal1	1048.07	733.6	15270	metal4	1048.07	733.6	1e+12
5933	metal1	1086.21	733.6	15271	metal4	1086.21	733.6	1e+12
5934	metal1	14.095	736.4	15272	metal4	14.095	736.4	1e+12
5935	metal1	40.07	736.4	15273	metal4	40.07	736.4	1e+12
5936	metal1	96.07	736.4	15274	metal4	96.07	736.4	1e+12
5937	metal1	108.455	736.4	15275	metal4	108.455	736.4	1e+12
5938	metal1	109.295	736.4	15276	metal4	109.295	736.4	1e+12
5939	metal1	152.07	736.4	15277	metal4	152.07	736.4	1e+12
5940	metal1	208.07	736.4	15278	metal4	208.07	736.4	1e+12
5941	metal1	264.07	736.4	15279	metal4	264.07	736.4	1e+12
5942	metal1	320.07	736.4	15280	metal4	320.07	736.4	1e+12
5943	metal1	376.07	736.4	15281	metal4	376.07	736.4	1e+12
5944	metal1	432.07	736.4	15282	metal4	432.07	736.4	1e+12
5945	metal1	488.07	736.4	15283	metal4	488.07	736.4	1e+12
5946	metal1	544.07	736.4	15284	metal4	544.07	736.4	1e+12
5947	metal1	600.07	736.4	15285	metal4	600.07	736.4	1e+12
5948	metal1	656.07	736.4	15286	metal4	656.07	736.4	1e+12
5949	metal1	712.07	736.4	15287	metal4	712.07	736.4	1e+12
5950	metal1	768.07	736.4	15288	metal4	768.07	736.4	1e+12
5951	metal1	824.07	736.4	15289	metal4	824.07	736.4	1e+12
5952	metal1	880.07	736.4	15290	metal4	880.07	736.4	1e+12
5953	metal1	936.07	736.4	15291	metal4	936.07	736.4	1e+12
5954	metal1	992.07	736.4	15292	metal4	992.07	736.4	1e+12
5955	metal1	1048.07	736.4	15293	metal4	1048.07	736.4	1e+12
5956	metal1	1086.21	736.4	15294	metal4	1086.21	736.4	1e+12
5957	metal1	14.095	739.2	15295	metal4	14.095	739.2	1e+12
5958	metal1	40.07	739.2	15296	metal4	40.07	739.2	1e+12
5959	metal1	96.07	739.2	15297	metal4	96.07	739.2	1e+12
5960	metal1	108.455	739.2	15298	metal4	108.455	739.2	1e+12
5961	metal1	109.295	739.2	15299	metal4	109.295	739.2	1e+12
5962	metal1	152.07	739.2	15300	metal4	152.07	739.2	1e+12
5963	metal1	208.07	739.2	15301	metal4	208.07	739.2	1e+12
5964	metal1	264.07	739.2	15302	metal4	264.07	739.2	1e+12
5965	metal1	320.07	739.2	15303	metal4	320.07	739.2	1e+12
5966	metal1	376.07	739.2	15304	metal4	376.07	739.2	1e+12
5967	metal1	432.07	739.2	15305	metal4	432.07	739.2	1e+12
5968	metal1	488.07	739.2	15306	metal4	488.07	739.2	1e+12
5969	metal1	544.07	739.2	15307	metal4	544.07	739.2	1e+12
5970	metal1	600.07	739.2	15308	metal4	600.07	739.2	1e+12
5971	metal1	656.07	739.2	15309	metal4	656.07	739.2	1e+12
5972	metal1	712.07	739.2	15310	metal4	712.07	739.2	1e+12
5973	metal1	768.07	739.2	15311	metal4	768.07	739.2	1e+12
5974	metal1	824.07	739.2	15312	metal4	824.07	739.2	1e+12
5975	metal1	880.07	739.2	15313	metal4	880.07	739.2	1e+12
5976	metal1	936.07	739.2	15314	metal4	936.07	739.2	1e+12
5977	metal1	992.07	739.2	15315	metal4	992.07	739.2	1e+12
5978	metal1	1048.07	739.2	15316	metal4	1048.07	739.2	1e+12
5979	metal1	1086.21	739.2	15317	metal4	1086.21	739.2	1e+12
5980	metal1	14.095	742	15318	metal4	14.095	742	1e+12
5981	metal1	40.07	742	15319	metal4	40.07	742	1e+12
5982	metal1	96.07	742	15320	metal4	96.07	742	1e+12
5983	metal1	108.455	742	15321	metal4	108.455	742	1e+12
5984	metal1	109.295	742	15322	metal4	109.295	742	1e+12
5985	metal1	152.07	742	15323	metal4	152.07	742	1e+12
5986	metal1	208.07	742	15324	metal4	208.07	742	1e+12
5987	metal1	264.07	742	15325	metal4	264.07	742	1e+12
5988	metal1	320.07	742	15326	metal4	320.07	742	1e+12
5989	metal1	376.07	742	15327	metal4	376.07	742	1e+12
5990	metal1	432.07	742	15328	metal4	432.07	742	1e+12
5991	metal1	488.07	742	15329	metal4	488.07	742	1e+12
5992	metal1	544.07	742	15330	metal4	544.07	742	1e+12
5993	metal1	600.07	742	15331	metal4	600.07	742	1e+12
5994	metal1	656.07	742	15332	metal4	656.07	742	1e+12
5995	metal1	712.07	742	15333	metal4	712.07	742	1e+12
5996	metal1	768.07	742	15334	metal4	768.07	742	1e+12
5997	metal1	824.07	742	15335	metal4	824.07	742	1e+12
5998	metal1	880.07	742	15336	metal4	880.07	742	1e+12
5999	metal1	936.07	742	15337	metal4	936.07	742	1e+12
6000	metal1	992.07	742	15338	metal4	992.07	742	1e+12
6001	metal1	1048.07	742	15339	metal4	1048.07	742	1e+12
6002	metal1	1086.21	742	15340	metal4	1086.21	742	1e+12
6003	metal1	14.095	744.8	15341	metal4	14.095	744.8	1e+12
6004	metal1	40.07	744.8	15342	metal4	40.07	744.8	1e+12
6005	metal1	96.07	744.8	15343	metal4	96.07	744.8	1e+12
6006	metal1	108.455	744.8	15344	metal4	108.455	744.8	1e+12
6007	metal1	109.295	744.8	15345	metal4	109.295	744.8	1e+12
6008	metal1	152.07	744.8	15346	metal4	152.07	744.8	1e+12
6009	metal1	208.07	744.8	15347	metal4	208.07	744.8	1e+12
6010	metal1	264.07	744.8	15348	metal4	264.07	744.8	1e+12
6011	metal1	320.07	744.8	15349	metal4	320.07	744.8	1e+12
6012	metal1	376.07	744.8	15350	metal4	376.07	744.8	1e+12
6013	metal1	432.07	744.8	15351	metal4	432.07	744.8	1e+12
6014	metal1	488.07	744.8	15352	metal4	488.07	744.8	1e+12
6015	metal1	544.07	744.8	15353	metal4	544.07	744.8	1e+12
6016	metal1	600.07	744.8	15354	metal4	600.07	744.8	1e+12
6017	metal1	656.07	744.8	15355	metal4	656.07	744.8	1e+12
6018	metal1	712.07	744.8	15356	metal4	712.07	744.8	1e+12
6019	metal1	768.07	744.8	15357	metal4	768.07	744.8	1e+12
6020	metal1	824.07	744.8	15358	metal4	824.07	744.8	1e+12
6021	metal1	880.07	744.8	15359	metal4	880.07	744.8	1e+12
6022	metal1	936.07	744.8	15360	metal4	936.07	744.8	1e+12
6023	metal1	992.07	744.8	15361	metal4	992.07	744.8	1e+12
6024	metal1	1048.07	744.8	15362	metal4	1048.07	744.8	1e+12
6025	metal1	1086.21	744.8	15363	metal4	1086.21	744.8	1e+12
6026	metal1	14.095	747.6	15364	metal4	14.095	747.6	1e+12
6027	metal1	40.07	747.6	15365	metal4	40.07	747.6	1e+12
6028	metal1	96.07	747.6	15366	metal4	96.07	747.6	1e+12
6029	metal1	108.455	747.6	15367	metal4	108.455	747.6	1e+12
6030	metal1	109.295	747.6	15368	metal4	109.295	747.6	1e+12
6031	metal1	152.07	747.6	15369	metal4	152.07	747.6	1e+12
6032	metal1	208.07	747.6	15370	metal4	208.07	747.6	1e+12
6033	metal1	264.07	747.6	15371	metal4	264.07	747.6	1e+12
6034	metal1	320.07	747.6	15372	metal4	320.07	747.6	1e+12
6035	metal1	376.07	747.6	15373	metal4	376.07	747.6	1e+12
6036	metal1	432.07	747.6	15374	metal4	432.07	747.6	1e+12
6037	metal1	488.07	747.6	15375	metal4	488.07	747.6	1e+12
6038	metal1	544.07	747.6	15376	metal4	544.07	747.6	1e+12
6039	metal1	600.07	747.6	15377	metal4	600.07	747.6	1e+12
6040	metal1	656.07	747.6	15378	metal4	656.07	747.6	1e+12
6041	metal1	712.07	747.6	15379	metal4	712.07	747.6	1e+12
6042	metal1	768.07	747.6	15380	metal4	768.07	747.6	1e+12
6043	metal1	824.07	747.6	15381	metal4	824.07	747.6	1e+12
6044	metal1	880.07	747.6	15382	metal4	880.07	747.6	1e+12
6045	metal1	936.07	747.6	15383	metal4	936.07	747.6	1e+12
6046	metal1	992.07	747.6	15384	metal4	992.07	747.6	1e+12
6047	metal1	1048.07	747.6	15385	metal4	1048.07	747.6	1e+12
6048	metal1	1086.21	747.6	15386	metal4	1086.21	747.6	1e+12
6049	metal1	14.095	750.4	15410	metal4	14.095	750.4	1e+12
6050	metal1	40.07	750.4	15411	metal4	40.07	750.4	1e+12
6051	metal1	96.07	750.4	15412	metal4	96.07	750.4	1e+12
6052	metal1	108.455	750.4	15413	metal4	108.455	750.4	1e+12
6053	metal1	109.295	750.4	15414	metal4	109.295	750.4	1e+12
6054	metal1	152.07	750.4	15415	metal4	152.07	750.4	1e+12
6055	metal1	208.07	750.4	15416	metal4	208.07	750.4	1e+12
6056	metal1	264.07	750.4	15417	metal4	264.07	750.4	1e+12
6057	metal1	320.07	750.4	15418	metal4	320.07	750.4	1e+12
6058	metal1	376.07	750.4	15419	metal4	376.07	750.4	1e+12
6059	metal1	432.07	750.4	15420	metal4	432.07	750.4	1e+12
6060	metal1	488.07	750.4	15421	metal4	488.07	750.4	1e+12
6061	metal1	544.07	750.4	15422	metal4	544.07	750.4	1e+12
6062	metal1	600.07	750.4	15423	metal4	600.07	750.4	1e+12
6063	metal1	656.07	750.4	15424	metal4	656.07	750.4	1e+12
6064	metal1	712.07	750.4	15425	metal4	712.07	750.4	1e+12
6065	metal1	768.07	750.4	15426	metal4	768.07	750.4	1e+12
6066	metal1	824.07	750.4	15427	metal4	824.07	750.4	1e+12
6067	metal1	880.07	750.4	15428	metal4	880.07	750.4	1e+12
6068	metal1	936.07	750.4	15429	metal4	936.07	750.4	1e+12
6069	metal1	992.07	750.4	15430	metal4	992.07	750.4	1e+12
6070	metal1	1048.07	750.4	15431	metal4	1048.07	750.4	1e+12
6071	metal1	1086.21	750.4	15432	metal4	1086.21	750.4	1e+12
6072	metal1	14.095	753.2	15433	metal4	14.095	753.2	1e+12
6073	metal1	40.07	753.2	15434	metal4	40.07	753.2	1e+12
6074	metal1	96.07	753.2	15435	metal4	96.07	753.2	1e+12
6075	metal1	108.455	753.2	15436	metal4	108.455	753.2	1e+12
6076	metal1	109.295	753.2	15437	metal4	109.295	753.2	1e+12
6077	metal1	152.07	753.2	15438	metal4	152.07	753.2	1e+12
6078	metal1	208.07	753.2	15439	metal4	208.07	753.2	1e+12
6079	metal1	264.07	753.2	15440	metal4	264.07	753.2	1e+12
6080	metal1	320.07	753.2	15441	metal4	320.07	753.2	1e+12
6081	metal1	376.07	753.2	15442	metal4	376.07	753.2	1e+12
6082	metal1	432.07	753.2	15443	metal4	432.07	753.2	1e+12
6083	metal1	488.07	753.2	15444	metal4	488.07	753.2	1e+12
6084	metal1	544.07	753.2	15445	metal4	544.07	753.2	1e+12
6085	metal1	600.07	753.2	15446	metal4	600.07	753.2	1e+12
6086	metal1	656.07	753.2	15447	metal4	656.07	753.2	1e+12
6087	metal1	712.07	753.2	15448	metal4	712.07	753.2	1e+12
6088	metal1	768.07	753.2	15449	metal4	768.07	753.2	1e+12
6089	metal1	824.07	753.2	15450	metal4	824.07	753.2	1e+12
6090	metal1	880.07	753.2	15451	metal4	880.07	753.2	1e+12
6091	metal1	936.07	753.2	15452	metal4	936.07	753.2	1e+12
6092	metal1	992.07	753.2	15453	metal4	992.07	753.2	1e+12
6093	metal1	1048.07	753.2	15454	metal4	1048.07	753.2	1e+12
6094	metal1	1086.21	753.2	15455	metal4	1086.21	753.2	1e+12
6095	metal1	14.095	756	15456	metal4	14.095	756	1e+12
6096	metal1	40.07	756	15457	metal4	40.07	756	1e+12
6097	metal1	96.07	756	15458	metal4	96.07	756	1e+12
6098	metal1	108.455	756	15459	metal4	108.455	756	1e+12
6099	metal1	109.295	756	15460	metal4	109.295	756	1e+12
6100	metal1	152.07	756	15461	metal4	152.07	756	1e+12
6101	metal1	208.07	756	15462	metal4	208.07	756	1e+12
6102	metal1	264.07	756	15463	metal4	264.07	756	1e+12
6103	metal1	320.07	756	15464	metal4	320.07	756	1e+12
6104	metal1	376.07	756	15465	metal4	376.07	756	1e+12
6105	metal1	432.07	756	15466	metal4	432.07	756	1e+12
6106	metal1	488.07	756	15467	metal4	488.07	756	1e+12
6107	metal1	544.07	756	15468	metal4	544.07	756	1e+12
6108	metal1	600.07	756	15469	metal4	600.07	756	1e+12
6109	metal1	656.07	756	15470	metal4	656.07	756	1e+12
6110	metal1	712.07	756	15471	metal4	712.07	756	1e+12
6111	metal1	768.07	756	15472	metal4	768.07	756	1e+12
6112	metal1	824.07	756	15473	metal4	824.07	756	1e+12
6113	metal1	880.07	756	15474	metal4	880.07	756	1e+12
6114	metal1	936.07	756	15475	metal4	936.07	756	1e+12
6115	metal1	992.07	756	15476	metal4	992.07	756	1e+12
6116	metal1	1048.07	756	15477	metal4	1048.07	756	1e+12
6117	metal1	1086.21	756	15478	metal4	1086.21	756	1e+12
6118	metal1	14.095	758.8	15479	metal4	14.095	758.8	1e+12
6119	metal1	40.07	758.8	15480	metal4	40.07	758.8	1e+12
6120	metal1	96.07	758.8	15481	metal4	96.07	758.8	1e+12
6121	metal1	108.455	758.8	15482	metal4	108.455	758.8	1e+12
6122	metal1	109.295	758.8	15483	metal4	109.295	758.8	1e+12
6123	metal1	152.07	758.8	15484	metal4	152.07	758.8	1e+12
6124	metal1	208.07	758.8	15485	metal4	208.07	758.8	1e+12
6125	metal1	264.07	758.8	15486	metal4	264.07	758.8	1e+12
6126	metal1	320.07	758.8	15487	metal4	320.07	758.8	1e+12
6127	metal1	376.07	758.8	15488	metal4	376.07	758.8	1e+12
6128	metal1	432.07	758.8	15489	metal4	432.07	758.8	1e+12
6129	metal1	488.07	758.8	15490	metal4	488.07	758.8	1e+12
6130	metal1	544.07	758.8	15491	metal4	544.07	758.8	1e+12
6131	metal1	600.07	758.8	15492	metal4	600.07	758.8	1e+12
6132	metal1	656.07	758.8	15493	metal4	656.07	758.8	1e+12
6133	metal1	712.07	758.8	15494	metal4	712.07	758.8	1e+12
6134	metal1	768.07	758.8	15495	metal4	768.07	758.8	1e+12
6135	metal1	824.07	758.8	15496	metal4	824.07	758.8	1e+12
6136	metal1	880.07	758.8	15497	metal4	880.07	758.8	1e+12
6137	metal1	936.07	758.8	15498	metal4	936.07	758.8	1e+12
6138	metal1	992.07	758.8	15499	metal4	992.07	758.8	1e+12
6139	metal1	1048.07	758.8	15500	metal4	1048.07	758.8	1e+12
6140	metal1	1086.21	758.8	15501	metal4	1086.21	758.8	1e+12
6141	metal1	14.095	761.6	15502	metal4	14.095	761.6	1e+12
6142	metal1	40.07	761.6	15503	metal4	40.07	761.6	1e+12
6143	metal1	96.07	761.6	15504	metal4	96.07	761.6	1e+12
6144	metal1	108.455	761.6	15505	metal4	108.455	761.6	1e+12
6145	metal1	109.295	761.6	15506	metal4	109.295	761.6	1e+12
6146	metal1	152.07	761.6	15507	metal4	152.07	761.6	1e+12
6147	metal1	208.07	761.6	15508	metal4	208.07	761.6	1e+12
6148	metal1	264.07	761.6	15509	metal4	264.07	761.6	1e+12
6149	metal1	320.07	761.6	15510	metal4	320.07	761.6	1e+12
6150	metal1	376.07	761.6	15511	metal4	376.07	761.6	1e+12
6151	metal1	432.07	761.6	15512	metal4	432.07	761.6	1e+12
6152	metal1	488.07	761.6	15513	metal4	488.07	761.6	1e+12
6153	metal1	544.07	761.6	15514	metal4	544.07	761.6	1e+12
6154	metal1	600.07	761.6	15515	metal4	600.07	761.6	1e+12
6155	metal1	656.07	761.6	15516	metal4	656.07	761.6	1e+12
6156	metal1	712.07	761.6	15517	metal4	712.07	761.6	1e+12
6157	metal1	768.07	761.6	15518	metal4	768.07	761.6	1e+12
6158	metal1	824.07	761.6	15519	metal4	824.07	761.6	1e+12
6159	metal1	880.07	761.6	15520	metal4	880.07	761.6	1e+12
6160	metal1	936.07	761.6	15521	metal4	936.07	761.6	1e+12
6161	metal1	992.07	761.6	15522	metal4	992.07	761.6	1e+12
6162	metal1	1048.07	761.6	15523	metal4	1048.07	761.6	1e+12
6163	metal1	1086.21	761.6	15524	metal4	1086.21	761.6	1e+12
6164	metal1	14.095	764.4	15525	metal4	14.095	764.4	1e+12
6165	metal1	40.07	764.4	15526	metal4	40.07	764.4	1e+12
6166	metal1	96.07	764.4	15527	metal4	96.07	764.4	1e+12
6167	metal1	108.455	764.4	15528	metal4	108.455	764.4	1e+12
6168	metal1	109.295	764.4	15529	metal4	109.295	764.4	1e+12
6169	metal1	152.07	764.4	15530	metal4	152.07	764.4	1e+12
6170	metal1	208.07	764.4	15531	metal4	208.07	764.4	1e+12
6171	metal1	264.07	764.4	15532	metal4	264.07	764.4	1e+12
6172	metal1	320.07	764.4	15533	metal4	320.07	764.4	1e+12
6173	metal1	376.07	764.4	15534	metal4	376.07	764.4	1e+12
6174	metal1	432.07	764.4	15535	metal4	432.07	764.4	1e+12
6175	metal1	488.07	764.4	15536	metal4	488.07	764.4	1e+12
6176	metal1	544.07	764.4	15537	metal4	544.07	764.4	1e+12
6177	metal1	600.07	764.4	15538	metal4	600.07	764.4	1e+12
6178	metal1	656.07	764.4	15539	metal4	656.07	764.4	1e+12
6179	metal1	712.07	764.4	15540	metal4	712.07	764.4	1e+12
6180	metal1	768.07	764.4	15541	metal4	768.07	764.4	1e+12
6181	metal1	824.07	764.4	15542	metal4	824.07	764.4	1e+12
6182	metal1	880.07	764.4	15543	metal4	880.07	764.4	1e+12
6183	metal1	936.07	764.4	15544	metal4	936.07	764.4	1e+12
6184	metal1	992.07	764.4	15545	metal4	992.07	764.4	1e+12
6185	metal1	1048.07	764.4	15546	metal4	1048.07	764.4	1e+12
6186	metal1	1086.21	764.4	15547	metal4	1086.21	764.4	1e+12
6187	metal1	14.095	767.2	15548	metal4	14.095	767.2	1e+12
6188	metal1	40.07	767.2	15549	metal4	40.07	767.2	1e+12
6189	metal1	96.07	767.2	15550	metal4	96.07	767.2	1e+12
6190	metal1	108.455	767.2	15551	metal4	108.455	767.2	1e+12
6191	metal1	109.295	767.2	15552	metal4	109.295	767.2	1e+12
6192	metal1	152.07	767.2	15553	metal4	152.07	767.2	1e+12
6193	metal1	208.07	767.2	15554	metal4	208.07	767.2	1e+12
6194	metal1	264.07	767.2	15555	metal4	264.07	767.2	1e+12
6195	metal1	320.07	767.2	15556	metal4	320.07	767.2	1e+12
6196	metal1	376.07	767.2	15557	metal4	376.07	767.2	1e+12
6197	metal1	432.07	767.2	15558	metal4	432.07	767.2	1e+12
6198	metal1	488.07	767.2	15559	metal4	488.07	767.2	1e+12
6199	metal1	544.07	767.2	15560	metal4	544.07	767.2	1e+12
6200	metal1	600.07	767.2	15561	metal4	600.07	767.2	1e+12
6201	metal1	656.07	767.2	15562	metal4	656.07	767.2	1e+12
6202	metal1	712.07	767.2	15563	metal4	712.07	767.2	1e+12
6203	metal1	768.07	767.2	15564	metal4	768.07	767.2	1e+12
6204	metal1	824.07	767.2	15565	metal4	824.07	767.2	1e+12
6205	metal1	880.07	767.2	15566	metal4	880.07	767.2	1e+12
6206	metal1	936.07	767.2	15567	metal4	936.07	767.2	1e+12
6207	metal1	992.07	767.2	15568	metal4	992.07	767.2	1e+12
6208	metal1	1048.07	767.2	15569	metal4	1048.07	767.2	1e+12
6209	metal1	1086.21	767.2	15570	metal4	1086.21	767.2	1e+12
6210	metal1	14.095	770	15571	metal4	14.095	770	1e+12
6211	metal1	40.07	770	15572	metal4	40.07	770	1e+12
6212	metal1	96.07	770	15573	metal4	96.07	770	1e+12
6213	metal1	108.455	770	15574	metal4	108.455	770	1e+12
6214	metal1	109.295	770	15575	metal4	109.295	770	1e+12
6215	metal1	152.07	770	15576	metal4	152.07	770	1e+12
6216	metal1	208.07	770	15577	metal4	208.07	770	1e+12
6217	metal1	264.07	770	15578	metal4	264.07	770	1e+12
6218	metal1	320.07	770	15579	metal4	320.07	770	1e+12
6219	metal1	376.07	770	15580	metal4	376.07	770	1e+12
6220	metal1	432.07	770	15581	metal4	432.07	770	1e+12
6221	metal1	488.07	770	15582	metal4	488.07	770	1e+12
6222	metal1	544.07	770	15583	metal4	544.07	770	1e+12
6223	metal1	600.07	770	15584	metal4	600.07	770	1e+12
6224	metal1	656.07	770	15585	metal4	656.07	770	1e+12
6225	metal1	712.07	770	15586	metal4	712.07	770	1e+12
6226	metal1	768.07	770	15587	metal4	768.07	770	1e+12
6227	metal1	824.07	770	15588	metal4	824.07	770	1e+12
6228	metal1	880.07	770	15589	metal4	880.07	770	1e+12
6229	metal1	936.07	770	15590	metal4	936.07	770	1e+12
6230	metal1	992.07	770	15591	metal4	992.07	770	1e+12
6231	metal1	1048.07	770	15592	metal4	1048.07	770	1e+12
6232	metal1	1086.21	770	15593	metal4	1086.21	770	1e+12
6233	metal1	14.095	772.8	15594	metal4	14.095	772.8	1e+12
6234	metal1	40.07	772.8	15595	metal4	40.07	772.8	1e+12
6235	metal1	96.07	772.8	15596	metal4	96.07	772.8	1e+12
6236	metal1	108.455	772.8	15597	metal4	108.455	772.8	1e+12
6237	metal1	109.295	772.8	15598	metal4	109.295	772.8	1e+12
6238	metal1	152.07	772.8	15599	metal4	152.07	772.8	1e+12
6239	metal1	208.07	772.8	15600	metal4	208.07	772.8	1e+12
6240	metal1	264.07	772.8	15601	metal4	264.07	772.8	1e+12
6241	metal1	320.07	772.8	15602	metal4	320.07	772.8	1e+12
6242	metal1	376.07	772.8	15603	metal4	376.07	772.8	1e+12
6243	metal1	432.07	772.8	15604	metal4	432.07	772.8	1e+12
6244	metal1	488.07	772.8	15605	metal4	488.07	772.8	1e+12
6245	metal1	544.07	772.8	15606	metal4	544.07	772.8	1e+12
6246	metal1	600.07	772.8	15607	metal4	600.07	772.8	1e+12
6247	metal1	656.07	772.8	15608	metal4	656.07	772.8	1e+12
6248	metal1	712.07	772.8	15609	metal4	712.07	772.8	1e+12
6249	metal1	768.07	772.8	15610	metal4	768.07	772.8	1e+12
6250	metal1	824.07	772.8	15611	metal4	824.07	772.8	1e+12
6251	metal1	880.07	772.8	15612	metal4	880.07	772.8	1e+12
6252	metal1	936.07	772.8	15613	metal4	936.07	772.8	1e+12
6253	metal1	992.07	772.8	15614	metal4	992.07	772.8	1e+12
6254	metal1	1048.07	772.8	15615	metal4	1048.07	772.8	1e+12
6255	metal1	1086.21	772.8	15616	metal4	1086.21	772.8	1e+12
6256	metal1	14.095	775.6	15617	metal4	14.095	775.6	1e+12
6257	metal1	40.07	775.6	15618	metal4	40.07	775.6	1e+12
6258	metal1	96.07	775.6	15619	metal4	96.07	775.6	1e+12
6259	metal1	108.455	775.6	15620	metal4	108.455	775.6	1e+12
6260	metal1	109.295	775.6	15621	metal4	109.295	775.6	1e+12
6261	metal1	152.07	775.6	15622	metal4	152.07	775.6	1e+12
6262	metal1	208.07	775.6	15623	metal4	208.07	775.6	1e+12
6263	metal1	264.07	775.6	15624	metal4	264.07	775.6	1e+12
6264	metal1	320.07	775.6	15625	metal4	320.07	775.6	1e+12
6265	metal1	376.07	775.6	15626	metal4	376.07	775.6	1e+12
6266	metal1	432.07	775.6	15627	metal4	432.07	775.6	1e+12
6267	metal1	488.07	775.6	15628	metal4	488.07	775.6	1e+12
6268	metal1	544.07	775.6	15629	metal4	544.07	775.6	1e+12
6269	metal1	600.07	775.6	15630	metal4	600.07	775.6	1e+12
6270	metal1	656.07	775.6	15631	metal4	656.07	775.6	1e+12
6271	metal1	712.07	775.6	15632	metal4	712.07	775.6	1e+12
6272	metal1	768.07	775.6	15633	metal4	768.07	775.6	1e+12
6273	metal1	824.07	775.6	15634	metal4	824.07	775.6	1e+12
6274	metal1	880.07	775.6	15635	metal4	880.07	775.6	1e+12
6275	metal1	936.07	775.6	15636	metal4	936.07	775.6	1e+12
6276	metal1	992.07	775.6	15637	metal4	992.07	775.6	1e+12
6277	metal1	1048.07	775.6	15638	metal4	1048.07	775.6	1e+12
6278	metal1	1086.21	775.6	15639	metal4	1086.21	775.6	1e+12
6279	metal1	14.095	778.4	15640	metal4	14.095	778.4	1e+12
6280	metal1	40.07	778.4	15641	metal4	40.07	778.4	1e+12
6281	metal1	96.07	778.4	15642	metal4	96.07	778.4	1e+12
6282	metal1	108.455	778.4	15643	metal4	108.455	778.4	1e+12
6283	metal1	109.295	778.4	15644	metal4	109.295	778.4	1e+12
6284	metal1	152.07	778.4	15645	metal4	152.07	778.4	1e+12
6285	metal1	208.07	778.4	15646	metal4	208.07	778.4	1e+12
6286	metal1	264.07	778.4	15647	metal4	264.07	778.4	1e+12
6287	metal1	320.07	778.4	15648	metal4	320.07	778.4	1e+12
6288	metal1	376.07	778.4	15649	metal4	376.07	778.4	1e+12
6289	metal1	432.07	778.4	15650	metal4	432.07	778.4	1e+12
6290	metal1	488.07	778.4	15651	metal4	488.07	778.4	1e+12
6291	metal1	544.07	778.4	15652	metal4	544.07	778.4	1e+12
6292	metal1	600.07	778.4	15653	metal4	600.07	778.4	1e+12
6293	metal1	656.07	778.4	15654	metal4	656.07	778.4	1e+12
6294	metal1	712.07	778.4	15655	metal4	712.07	778.4	1e+12
6295	metal1	768.07	778.4	15656	metal4	768.07	778.4	1e+12
6296	metal1	824.07	778.4	15657	metal4	824.07	778.4	1e+12
6297	metal1	880.07	778.4	15658	metal4	880.07	778.4	1e+12
6298	metal1	936.07	778.4	15659	metal4	936.07	778.4	1e+12
6299	metal1	992.07	778.4	15660	metal4	992.07	778.4	1e+12
6300	metal1	1048.07	778.4	15661	metal4	1048.07	778.4	1e+12
6301	metal1	1086.21	778.4	15662	metal4	1086.21	778.4	1e+12
6302	metal1	14.095	781.2	15686	metal4	14.095	781.2	1e+12
6303	metal1	40.07	781.2	15687	metal4	40.07	781.2	1e+12
6304	metal1	96.07	781.2	15688	metal4	96.07	781.2	1e+12
6305	metal1	108.455	781.2	15689	metal4	108.455	781.2	1e+12
6306	metal1	109.295	781.2	15690	metal4	109.295	781.2	1e+12
6307	metal1	152.07	781.2	15691	metal4	152.07	781.2	1e+12
6308	metal1	208.07	781.2	15692	metal4	208.07	781.2	1e+12
6309	metal1	264.07	781.2	15693	metal4	264.07	781.2	1e+12
6310	metal1	320.07	781.2	15694	metal4	320.07	781.2	1e+12
6311	metal1	376.07	781.2	15695	metal4	376.07	781.2	1e+12
6312	metal1	432.07	781.2	15696	metal4	432.07	781.2	1e+12
6313	metal1	488.07	781.2	15697	metal4	488.07	781.2	1e+12
6314	metal1	544.07	781.2	15698	metal4	544.07	781.2	1e+12
6315	metal1	600.07	781.2	15699	metal4	600.07	781.2	1e+12
6316	metal1	656.07	781.2	15700	metal4	656.07	781.2	1e+12
6317	metal1	712.07	781.2	15701	metal4	712.07	781.2	1e+12
6318	metal1	768.07	781.2	15702	metal4	768.07	781.2	1e+12
6319	metal1	824.07	781.2	15703	metal4	824.07	781.2	1e+12
6320	metal1	880.07	781.2	15704	metal4	880.07	781.2	1e+12
6321	metal1	936.07	781.2	15705	metal4	936.07	781.2	1e+12
6322	metal1	992.07	781.2	15706	metal4	992.07	781.2	1e+12
6323	metal1	1048.07	781.2	15707	metal4	1048.07	781.2	1e+12
6324	metal1	1086.21	781.2	15708	metal4	1086.21	781.2	1e+12
6325	metal1	14.095	784	15709	metal4	14.095	784	1e+12
6326	metal1	40.07	784	15710	metal4	40.07	784	1e+12
6327	metal1	96.07	784	15711	metal4	96.07	784	1e+12
6328	metal1	108.455	784	15712	metal4	108.455	784	1e+12
6329	metal1	109.295	784	15713	metal4	109.295	784	1e+12
6330	metal1	152.07	784	15714	metal4	152.07	784	1e+12
6331	metal1	208.07	784	15715	metal4	208.07	784	1e+12
6332	metal1	264.07	784	15716	metal4	264.07	784	1e+12
6333	metal1	320.07	784	15717	metal4	320.07	784	1e+12
6334	metal1	376.07	784	15718	metal4	376.07	784	1e+12
6335	metal1	432.07	784	15719	metal4	432.07	784	1e+12
6336	metal1	488.07	784	15720	metal4	488.07	784	1e+12
6337	metal1	544.07	784	15721	metal4	544.07	784	1e+12
6338	metal1	600.07	784	15722	metal4	600.07	784	1e+12
6339	metal1	656.07	784	15723	metal4	656.07	784	1e+12
6340	metal1	712.07	784	15724	metal4	712.07	784	1e+12
6341	metal1	768.07	784	15725	metal4	768.07	784	1e+12
6342	metal1	824.07	784	15726	metal4	824.07	784	1e+12
6343	metal1	880.07	784	15727	metal4	880.07	784	1e+12
6344	metal1	936.07	784	15728	metal4	936.07	784	1e+12
6345	metal1	992.07	784	15729	metal4	992.07	784	1e+12
6346	metal1	1048.07	784	15730	metal4	1048.07	784	1e+12
6347	metal1	1086.21	784	15731	metal4	1086.21	784	1e+12
6348	metal1	14.095	786.8	15732	metal4	14.095	786.8	1e+12
6349	metal1	40.07	786.8	15733	metal4	40.07	786.8	1e+12
6350	metal1	96.07	786.8	15734	metal4	96.07	786.8	1e+12
6351	metal1	108.455	786.8	15735	metal4	108.455	786.8	1e+12
6352	metal1	109.295	786.8	15736	metal4	109.295	786.8	1e+12
6353	metal1	152.07	786.8	15737	metal4	152.07	786.8	1e+12
6354	metal1	208.07	786.8	15738	metal4	208.07	786.8	1e+12
6355	metal1	264.07	786.8	15739	metal4	264.07	786.8	1e+12
6356	metal1	320.07	786.8	15740	metal4	320.07	786.8	1e+12
6357	metal1	376.07	786.8	15741	metal4	376.07	786.8	1e+12
6358	metal1	432.07	786.8	15742	metal4	432.07	786.8	1e+12
6359	metal1	488.07	786.8	15743	metal4	488.07	786.8	1e+12
6360	metal1	544.07	786.8	15744	metal4	544.07	786.8	1e+12
6361	metal1	600.07	786.8	15745	metal4	600.07	786.8	1e+12
6362	metal1	656.07	786.8	15746	metal4	656.07	786.8	1e+12
6363	metal1	712.07	786.8	15747	metal4	712.07	786.8	1e+12
6364	metal1	768.07	786.8	15748	metal4	768.07	786.8	1e+12
6365	metal1	824.07	786.8	15749	metal4	824.07	786.8	1e+12
6366	metal1	880.07	786.8	15750	metal4	880.07	786.8	1e+12
6367	metal1	936.07	786.8	15751	metal4	936.07	786.8	1e+12
6368	metal1	992.07	786.8	15752	metal4	992.07	786.8	1e+12
6369	metal1	1048.07	786.8	15753	metal4	1048.07	786.8	1e+12
6370	metal1	1086.21	786.8	15754	metal4	1086.21	786.8	1e+12
6371	metal1	14.095	789.6	15755	metal4	14.095	789.6	1e+12
6372	metal1	40.07	789.6	15756	metal4	40.07	789.6	1e+12
6373	metal1	96.07	789.6	15757	metal4	96.07	789.6	1e+12
6374	metal1	108.455	789.6	15758	metal4	108.455	789.6	1e+12
6375	metal1	109.295	789.6	15759	metal4	109.295	789.6	1e+12
6376	metal1	152.07	789.6	15760	metal4	152.07	789.6	1e+12
6377	metal1	208.07	789.6	15761	metal4	208.07	789.6	1e+12
6378	metal1	264.07	789.6	15762	metal4	264.07	789.6	1e+12
6379	metal1	320.07	789.6	15763	metal4	320.07	789.6	1e+12
6380	metal1	376.07	789.6	15764	metal4	376.07	789.6	1e+12
6381	metal1	432.07	789.6	15765	metal4	432.07	789.6	1e+12
6382	metal1	488.07	789.6	15766	metal4	488.07	789.6	1e+12
6383	metal1	544.07	789.6	15767	metal4	544.07	789.6	1e+12
6384	metal1	600.07	789.6	15768	metal4	600.07	789.6	1e+12
6385	metal1	656.07	789.6	15769	metal4	656.07	789.6	1e+12
6386	metal1	712.07	789.6	15770	metal4	712.07	789.6	1e+12
6387	metal1	768.07	789.6	15771	metal4	768.07	789.6	1e+12
6388	metal1	824.07	789.6	15772	metal4	824.07	789.6	1e+12
6389	metal1	880.07	789.6	15773	metal4	880.07	789.6	1e+12
6390	metal1	936.07	789.6	15774	metal4	936.07	789.6	1e+12
6391	metal1	992.07	789.6	15775	metal4	992.07	789.6	1e+12
6392	metal1	1048.07	789.6	15776	metal4	1048.07	789.6	1e+12
6393	metal1	1086.21	789.6	15777	metal4	1086.21	789.6	1e+12
6394	metal1	14.095	792.4	15778	metal4	14.095	792.4	1e+12
6395	metal1	40.07	792.4	15779	metal4	40.07	792.4	1e+12
6396	metal1	96.07	792.4	15780	metal4	96.07	792.4	1e+12
6397	metal1	108.455	792.4	15781	metal4	108.455	792.4	1e+12
6398	metal1	109.295	792.4	15782	metal4	109.295	792.4	1e+12
6399	metal1	152.07	792.4	15783	metal4	152.07	792.4	1e+12
6400	metal1	208.07	792.4	15784	metal4	208.07	792.4	1e+12
6401	metal1	264.07	792.4	15785	metal4	264.07	792.4	1e+12
6402	metal1	320.07	792.4	15786	metal4	320.07	792.4	1e+12
6403	metal1	376.07	792.4	15787	metal4	376.07	792.4	1e+12
6404	metal1	432.07	792.4	15788	metal4	432.07	792.4	1e+12
6405	metal1	488.07	792.4	15789	metal4	488.07	792.4	1e+12
6406	metal1	544.07	792.4	15790	metal4	544.07	792.4	1e+12
6407	metal1	600.07	792.4	15791	metal4	600.07	792.4	1e+12
6408	metal1	656.07	792.4	15792	metal4	656.07	792.4	1e+12
6409	metal1	712.07	792.4	15793	metal4	712.07	792.4	1e+12
6410	metal1	768.07	792.4	15794	metal4	768.07	792.4	1e+12
6411	metal1	824.07	792.4	15795	metal4	824.07	792.4	1e+12
6412	metal1	880.07	792.4	15796	metal4	880.07	792.4	1e+12
6413	metal1	936.07	792.4	15797	metal4	936.07	792.4	1e+12
6414	metal1	992.07	792.4	15798	metal4	992.07	792.4	1e+12
6415	metal1	1048.07	792.4	15799	metal4	1048.07	792.4	1e+12
6416	metal1	1086.21	792.4	15800	metal4	1086.21	792.4	1e+12
6417	metal1	14.095	795.2	15801	metal4	14.095	795.2	1e+12
6418	metal1	40.07	795.2	15802	metal4	40.07	795.2	1e+12
6419	metal1	96.07	795.2	15803	metal4	96.07	795.2	1e+12
6420	metal1	108.455	795.2	15804	metal4	108.455	795.2	1e+12
6421	metal1	109.295	795.2	15805	metal4	109.295	795.2	1e+12
6422	metal1	152.07	795.2	15806	metal4	152.07	795.2	1e+12
6423	metal1	208.07	795.2	15807	metal4	208.07	795.2	1e+12
6424	metal1	264.07	795.2	15808	metal4	264.07	795.2	1e+12
6425	metal1	320.07	795.2	15809	metal4	320.07	795.2	1e+12
6426	metal1	376.07	795.2	15810	metal4	376.07	795.2	1e+12
6427	metal1	432.07	795.2	15811	metal4	432.07	795.2	1e+12
6428	metal1	488.07	795.2	15812	metal4	488.07	795.2	1e+12
6429	metal1	544.07	795.2	15813	metal4	544.07	795.2	1e+12
6430	metal1	600.07	795.2	15814	metal4	600.07	795.2	1e+12
6431	metal1	656.07	795.2	15815	metal4	656.07	795.2	1e+12
6432	metal1	712.07	795.2	15816	metal4	712.07	795.2	1e+12
6433	metal1	768.07	795.2	15817	metal4	768.07	795.2	1e+12
6434	metal1	824.07	795.2	15818	metal4	824.07	795.2	1e+12
6435	metal1	880.07	795.2	15819	metal4	880.07	795.2	1e+12
6436	metal1	936.07	795.2	15820	metal4	936.07	795.2	1e+12
6437	metal1	992.07	795.2	15821	metal4	992.07	795.2	1e+12
6438	metal1	1048.07	795.2	15822	metal4	1048.07	795.2	1e+12
6439	metal1	1086.21	795.2	15823	metal4	1086.21	795.2	1e+12
6440	metal1	14.095	798	15824	metal4	14.095	798	1e+12
6441	metal1	40.07	798	15825	metal4	40.07	798	1e+12
6442	metal1	96.07	798	15826	metal4	96.07	798	1e+12
6443	metal1	108.455	798	15827	metal4	108.455	798	1e+12
6444	metal1	109.295	798	15828	metal4	109.295	798	1e+12
6445	metal1	152.07	798	15829	metal4	152.07	798	1e+12
6446	metal1	208.07	798	15830	metal4	208.07	798	1e+12
6447	metal1	264.07	798	15831	metal4	264.07	798	1e+12
6448	metal1	320.07	798	15832	metal4	320.07	798	1e+12
6449	metal1	376.07	798	15833	metal4	376.07	798	1e+12
6450	metal1	432.07	798	15834	metal4	432.07	798	1e+12
6451	metal1	488.07	798	15835	metal4	488.07	798	1e+12
6452	metal1	544.07	798	15836	metal4	544.07	798	1e+12
6453	metal1	600.07	798	15837	metal4	600.07	798	1e+12
6454	metal1	656.07	798	15838	metal4	656.07	798	1e+12
6455	metal1	712.07	798	15839	metal4	712.07	798	1e+12
6456	metal1	768.07	798	15840	metal4	768.07	798	1e+12
6457	metal1	824.07	798	15841	metal4	824.07	798	1e+12
6458	metal1	880.07	798	15842	metal4	880.07	798	1e+12
6459	metal1	936.07	798	15843	metal4	936.07	798	1e+12
6460	metal1	992.07	798	15844	metal4	992.07	798	1e+12
6461	metal1	1048.07	798	15845	metal4	1048.07	798	1e+12
6462	metal1	1086.21	798	15846	metal4	1086.21	798	1e+12
6463	metal1	14.095	800.8	15847	metal4	14.095	800.8	1e+12
6464	metal1	40.07	800.8	15848	metal4	40.07	800.8	1e+12
6465	metal1	96.07	800.8	15849	metal4	96.07	800.8	1e+12
6466	metal1	108.455	800.8	15850	metal4	108.455	800.8	1e+12
6467	metal1	109.295	800.8	15851	metal4	109.295	800.8	1e+12
6468	metal1	152.07	800.8	15852	metal4	152.07	800.8	1e+12
6469	metal1	208.07	800.8	15853	metal4	208.07	800.8	1e+12
6470	metal1	264.07	800.8	15854	metal4	264.07	800.8	1e+12
6471	metal1	320.07	800.8	15855	metal4	320.07	800.8	1e+12
6472	metal1	376.07	800.8	15856	metal4	376.07	800.8	1e+12
6473	metal1	432.07	800.8	15857	metal4	432.07	800.8	1e+12
6474	metal1	488.07	800.8	15858	metal4	488.07	800.8	1e+12
6475	metal1	544.07	800.8	15859	metal4	544.07	800.8	1e+12
6476	metal1	600.07	800.8	15860	metal4	600.07	800.8	1e+12
6477	metal1	656.07	800.8	15861	metal4	656.07	800.8	1e+12
6478	metal1	712.07	800.8	15862	metal4	712.07	800.8	1e+12
6479	metal1	768.07	800.8	15863	metal4	768.07	800.8	1e+12
6480	metal1	824.07	800.8	15864	metal4	824.07	800.8	1e+12
6481	metal1	880.07	800.8	15865	metal4	880.07	800.8	1e+12
6482	metal1	936.07	800.8	15866	metal4	936.07	800.8	1e+12
6483	metal1	992.07	800.8	15867	metal4	992.07	800.8	1e+12
6484	metal1	1048.07	800.8	15868	metal4	1048.07	800.8	1e+12
6485	metal1	1086.21	800.8	15869	metal4	1086.21	800.8	1e+12
6486	metal1	14.095	803.6	15870	metal4	14.095	803.6	1e+12
6487	metal1	40.07	803.6	15871	metal4	40.07	803.6	1e+12
6488	metal1	96.07	803.6	15872	metal4	96.07	803.6	1e+12
6489	metal1	108.455	803.6	15873	metal4	108.455	803.6	1e+12
6490	metal1	109.295	803.6	15874	metal4	109.295	803.6	1e+12
6491	metal1	152.07	803.6	15875	metal4	152.07	803.6	1e+12
6492	metal1	208.07	803.6	15876	metal4	208.07	803.6	1e+12
6493	metal1	264.07	803.6	15877	metal4	264.07	803.6	1e+12
6494	metal1	320.07	803.6	15878	metal4	320.07	803.6	1e+12
6495	metal1	376.07	803.6	15879	metal4	376.07	803.6	1e+12
6496	metal1	432.07	803.6	15880	metal4	432.07	803.6	1e+12
6497	metal1	488.07	803.6	15881	metal4	488.07	803.6	1e+12
6498	metal1	544.07	803.6	15882	metal4	544.07	803.6	1e+12
6499	metal1	600.07	803.6	15883	metal4	600.07	803.6	1e+12
6500	metal1	656.07	803.6	15884	metal4	656.07	803.6	1e+12
6501	metal1	712.07	803.6	15885	metal4	712.07	803.6	1e+12
6502	metal1	768.07	803.6	15886	metal4	768.07	803.6	1e+12
6503	metal1	824.07	803.6	15887	metal4	824.07	803.6	1e+12
6504	metal1	880.07	803.6	15888	metal4	880.07	803.6	1e+12
6505	metal1	936.07	803.6	15889	metal4	936.07	803.6	1e+12
6506	metal1	992.07	803.6	15890	metal4	992.07	803.6	1e+12
6507	metal1	1048.07	803.6	15891	metal4	1048.07	803.6	1e+12
6508	metal1	1086.21	803.6	15892	metal4	1086.21	803.6	1e+12
6509	metal1	14.095	806.4	15893	metal4	14.095	806.4	1e+12
6510	metal1	40.07	806.4	15894	metal4	40.07	806.4	1e+12
6511	metal1	96.07	806.4	15895	metal4	96.07	806.4	1e+12
6512	metal1	108.455	806.4	15896	metal4	108.455	806.4	1e+12
6513	metal1	109.295	806.4	15897	metal4	109.295	806.4	1e+12
6514	metal1	152.07	806.4	15898	metal4	152.07	806.4	1e+12
6515	metal1	208.07	806.4	15899	metal4	208.07	806.4	1e+12
6516	metal1	264.07	806.4	15900	metal4	264.07	806.4	1e+12
6517	metal1	320.07	806.4	15901	metal4	320.07	806.4	1e+12
6518	metal1	376.07	806.4	15902	metal4	376.07	806.4	1e+12
6519	metal1	432.07	806.4	15903	metal4	432.07	806.4	1e+12
6520	metal1	488.07	806.4	15904	metal4	488.07	806.4	1e+12
6521	metal1	544.07	806.4	15905	metal4	544.07	806.4	1e+12
6522	metal1	600.07	806.4	15906	metal4	600.07	806.4	1e+12
6523	metal1	656.07	806.4	15907	metal4	656.07	806.4	1e+12
6524	metal1	712.07	806.4	15908	metal4	712.07	806.4	1e+12
6525	metal1	768.07	806.4	15909	metal4	768.07	806.4	1e+12
6526	metal1	824.07	806.4	15910	metal4	824.07	806.4	1e+12
6527	metal1	880.07	806.4	15911	metal4	880.07	806.4	1e+12
6528	metal1	936.07	806.4	15912	metal4	936.07	806.4	1e+12
6529	metal1	992.07	806.4	15913	metal4	992.07	806.4	1e+12
6530	metal1	1048.07	806.4	15914	metal4	1048.07	806.4	1e+12
6531	metal1	1086.21	806.4	15915	metal4	1086.21	806.4	1e+12
6532	metal1	14.095	809.2	15916	metal4	14.095	809.2	1e+12
6533	metal1	40.07	809.2	15917	metal4	40.07	809.2	1e+12
6534	metal1	96.07	809.2	15918	metal4	96.07	809.2	1e+12
6535	metal1	108.455	809.2	15919	metal4	108.455	809.2	1e+12
6536	metal1	109.295	809.2	15920	metal4	109.295	809.2	1e+12
6537	metal1	152.07	809.2	15921	metal4	152.07	809.2	1e+12
6538	metal1	208.07	809.2	15922	metal4	208.07	809.2	1e+12
6539	metal1	264.07	809.2	15923	metal4	264.07	809.2	1e+12
6540	metal1	320.07	809.2	15924	metal4	320.07	809.2	1e+12
6541	metal1	376.07	809.2	15925	metal4	376.07	809.2	1e+12
6542	metal1	432.07	809.2	15926	metal4	432.07	809.2	1e+12
6543	metal1	488.07	809.2	15927	metal4	488.07	809.2	1e+12
6544	metal1	544.07	809.2	15928	metal4	544.07	809.2	1e+12
6545	metal1	600.07	809.2	15929	metal4	600.07	809.2	1e+12
6546	metal1	656.07	809.2	15930	metal4	656.07	809.2	1e+12
6547	metal1	712.07	809.2	15931	metal4	712.07	809.2	1e+12
6548	metal1	768.07	809.2	15932	metal4	768.07	809.2	1e+12
6549	metal1	824.07	809.2	15933	metal4	824.07	809.2	1e+12
6550	metal1	880.07	809.2	15934	metal4	880.07	809.2	1e+12
6551	metal1	936.07	809.2	15935	metal4	936.07	809.2	1e+12
6552	metal1	992.07	809.2	15936	metal4	992.07	809.2	1e+12
6553	metal1	1048.07	809.2	15937	metal4	1048.07	809.2	1e+12
6554	metal1	1086.21	809.2	15938	metal4	1086.21	809.2	1e+12
6555	metal1	14.095	812	15962	metal4	14.095	812	1e+12
6556	metal1	40.07	812	15963	metal4	40.07	812	1e+12
6557	metal1	96.07	812	15964	metal4	96.07	812	1e+12
6558	metal1	108.455	812	15965	metal4	108.455	812	1e+12
6559	metal1	109.295	812	15966	metal4	109.295	812	1e+12
6560	metal1	152.07	812	15967	metal4	152.07	812	1e+12
6561	metal1	208.07	812	15968	metal4	208.07	812	1e+12
6562	metal1	264.07	812	15969	metal4	264.07	812	1e+12
6563	metal1	320.07	812	15970	metal4	320.07	812	1e+12
6564	metal1	376.07	812	15971	metal4	376.07	812	1e+12
6565	metal1	432.07	812	15972	metal4	432.07	812	1e+12
6566	metal1	488.07	812	15973	metal4	488.07	812	1e+12
6567	metal1	544.07	812	15974	metal4	544.07	812	1e+12
6568	metal1	600.07	812	15975	metal4	600.07	812	1e+12
6569	metal1	656.07	812	15976	metal4	656.07	812	1e+12
6570	metal1	712.07	812	15977	metal4	712.07	812	1e+12
6571	metal1	768.07	812	15978	metal4	768.07	812	1e+12
6572	metal1	824.07	812	15979	metal4	824.07	812	1e+12
6573	metal1	880.07	812	15980	metal4	880.07	812	1e+12
6574	metal1	936.07	812	15981	metal4	936.07	812	1e+12
6575	metal1	992.07	812	15982	metal4	992.07	812	1e+12
6576	metal1	1048.07	812	15983	metal4	1048.07	812	1e+12
6577	metal1	1086.21	812	15984	metal4	1086.21	812	1e+12
6578	metal1	14.095	814.8	15985	metal4	14.095	814.8	1e+12
6579	metal1	40.07	814.8	15986	metal4	40.07	814.8	1e+12
6580	metal1	96.07	814.8	15987	metal4	96.07	814.8	1e+12
6581	metal1	108.455	814.8	15988	metal4	108.455	814.8	1e+12
6582	metal1	109.295	814.8	15989	metal4	109.295	814.8	1e+12
6583	metal1	152.07	814.8	15990	metal4	152.07	814.8	1e+12
6584	metal1	208.07	814.8	15991	metal4	208.07	814.8	1e+12
6585	metal1	264.07	814.8	15992	metal4	264.07	814.8	1e+12
6586	metal1	320.07	814.8	15993	metal4	320.07	814.8	1e+12
6587	metal1	376.07	814.8	15994	metal4	376.07	814.8	1e+12
6588	metal1	432.07	814.8	15995	metal4	432.07	814.8	1e+12
6589	metal1	488.07	814.8	15996	metal4	488.07	814.8	1e+12
6590	metal1	544.07	814.8	15997	metal4	544.07	814.8	1e+12
6591	metal1	600.07	814.8	15998	metal4	600.07	814.8	1e+12
6592	metal1	656.07	814.8	15999	metal4	656.07	814.8	1e+12
6593	metal1	712.07	814.8	16000	metal4	712.07	814.8	1e+12
6594	metal1	768.07	814.8	16001	metal4	768.07	814.8	1e+12
6595	metal1	824.07	814.8	16002	metal4	824.07	814.8	1e+12
6596	metal1	880.07	814.8	16003	metal4	880.07	814.8	1e+12
6597	metal1	936.07	814.8	16004	metal4	936.07	814.8	1e+12
6598	metal1	992.07	814.8	16005	metal4	992.07	814.8	1e+12
6599	metal1	1048.07	814.8	16006	metal4	1048.07	814.8	1e+12
6600	metal1	1086.21	814.8	16007	metal4	1086.21	814.8	1e+12
6601	metal1	14.095	817.6	16008	metal4	14.095	817.6	1e+12
6602	metal1	40.07	817.6	16009	metal4	40.07	817.6	1e+12
6603	metal1	96.07	817.6	16010	metal4	96.07	817.6	1e+12
6604	metal1	108.455	817.6	16011	metal4	108.455	817.6	1e+12
6605	metal1	109.295	817.6	16012	metal4	109.295	817.6	1e+12
6606	metal1	152.07	817.6	16013	metal4	152.07	817.6	1e+12
6607	metal1	208.07	817.6	16014	metal4	208.07	817.6	1e+12
6608	metal1	264.07	817.6	16015	metal4	264.07	817.6	1e+12
6609	metal1	320.07	817.6	16016	metal4	320.07	817.6	1e+12
6610	metal1	376.07	817.6	16017	metal4	376.07	817.6	1e+12
6611	metal1	432.07	817.6	16018	metal4	432.07	817.6	1e+12
6612	metal1	488.07	817.6	16019	metal4	488.07	817.6	1e+12
6613	metal1	544.07	817.6	16020	metal4	544.07	817.6	1e+12
6614	metal1	600.07	817.6	16021	metal4	600.07	817.6	1e+12
6615	metal1	656.07	817.6	16022	metal4	656.07	817.6	1e+12
6616	metal1	712.07	817.6	16023	metal4	712.07	817.6	1e+12
6617	metal1	768.07	817.6	16024	metal4	768.07	817.6	1e+12
6618	metal1	824.07	817.6	16025	metal4	824.07	817.6	1e+12
6619	metal1	880.07	817.6	16026	metal4	880.07	817.6	1e+12
6620	metal1	936.07	817.6	16027	metal4	936.07	817.6	1e+12
6621	metal1	992.07	817.6	16028	metal4	992.07	817.6	1e+12
6622	metal1	1048.07	817.6	16029	metal4	1048.07	817.6	1e+12
6623	metal1	1086.21	817.6	16030	metal4	1086.21	817.6	1e+12
6624	metal1	14.095	820.4	16031	metal4	14.095	820.4	1e+12
6625	metal1	40.07	820.4	16032	metal4	40.07	820.4	1e+12
6626	metal1	96.07	820.4	16033	metal4	96.07	820.4	1e+12
6627	metal1	108.455	820.4	16034	metal4	108.455	820.4	1e+12
6628	metal1	109.295	820.4	16035	metal4	109.295	820.4	1e+12
6629	metal1	152.07	820.4	16036	metal4	152.07	820.4	1e+12
6630	metal1	208.07	820.4	16037	metal4	208.07	820.4	1e+12
6631	metal1	264.07	820.4	16038	metal4	264.07	820.4	1e+12
6632	metal1	320.07	820.4	16039	metal4	320.07	820.4	1e+12
6633	metal1	376.07	820.4	16040	metal4	376.07	820.4	1e+12
6634	metal1	432.07	820.4	16041	metal4	432.07	820.4	1e+12
6635	metal1	488.07	820.4	16042	metal4	488.07	820.4	1e+12
6636	metal1	544.07	820.4	16043	metal4	544.07	820.4	1e+12
6637	metal1	600.07	820.4	16044	metal4	600.07	820.4	1e+12
6638	metal1	656.07	820.4	16045	metal4	656.07	820.4	1e+12
6639	metal1	712.07	820.4	16046	metal4	712.07	820.4	1e+12
6640	metal1	768.07	820.4	16047	metal4	768.07	820.4	1e+12
6641	metal1	824.07	820.4	16048	metal4	824.07	820.4	1e+12
6642	metal1	880.07	820.4	16049	metal4	880.07	820.4	1e+12
6643	metal1	936.07	820.4	16050	metal4	936.07	820.4	1e+12
6644	metal1	992.07	820.4	16051	metal4	992.07	820.4	1e+12
6645	metal1	1048.07	820.4	16052	metal4	1048.07	820.4	1e+12
6646	metal1	1086.21	820.4	16053	metal4	1086.21	820.4	1e+12
6647	metal1	14.095	823.2	16054	metal4	14.095	823.2	1e+12
6648	metal1	40.07	823.2	16055	metal4	40.07	823.2	1e+12
6649	metal1	96.07	823.2	16056	metal4	96.07	823.2	1e+12
6650	metal1	108.455	823.2	16057	metal4	108.455	823.2	1e+12
6651	metal1	109.295	823.2	16058	metal4	109.295	823.2	1e+12
6652	metal1	152.07	823.2	16059	metal4	152.07	823.2	1e+12
6653	metal1	208.07	823.2	16060	metal4	208.07	823.2	1e+12
6654	metal1	264.07	823.2	16061	metal4	264.07	823.2	1e+12
6655	metal1	320.07	823.2	16062	metal4	320.07	823.2	1e+12
6656	metal1	376.07	823.2	16063	metal4	376.07	823.2	1e+12
6657	metal1	432.07	823.2	16064	metal4	432.07	823.2	1e+12
6658	metal1	488.07	823.2	16065	metal4	488.07	823.2	1e+12
6659	metal1	544.07	823.2	16066	metal4	544.07	823.2	1e+12
6660	metal1	600.07	823.2	16067	metal4	600.07	823.2	1e+12
6661	metal1	656.07	823.2	16068	metal4	656.07	823.2	1e+12
6662	metal1	712.07	823.2	16069	metal4	712.07	823.2	1e+12
6663	metal1	768.07	823.2	16070	metal4	768.07	823.2	1e+12
6664	metal1	824.07	823.2	16071	metal4	824.07	823.2	1e+12
6665	metal1	880.07	823.2	16072	metal4	880.07	823.2	1e+12
6666	metal1	936.07	823.2	16073	metal4	936.07	823.2	1e+12
6667	metal1	992.07	823.2	16074	metal4	992.07	823.2	1e+12
6668	metal1	1048.07	823.2	16075	metal4	1048.07	823.2	1e+12
6669	metal1	1086.21	823.2	16076	metal4	1086.21	823.2	1e+12
6670	metal1	14.095	826	16077	metal4	14.095	826	1e+12
6671	metal1	40.07	826	16078	metal4	40.07	826	1e+12
6672	metal1	96.07	826	16079	metal4	96.07	826	1e+12
6673	metal1	108.455	826	16080	metal4	108.455	826	1e+12
6674	metal1	109.295	826	16081	metal4	109.295	826	1e+12
6675	metal1	152.07	826	16082	metal4	152.07	826	1e+12
6676	metal1	208.07	826	16083	metal4	208.07	826	1e+12
6677	metal1	264.07	826	16084	metal4	264.07	826	1e+12
6678	metal1	320.07	826	16085	metal4	320.07	826	1e+12
6679	metal1	376.07	826	16086	metal4	376.07	826	1e+12
6680	metal1	432.07	826	16087	metal4	432.07	826	1e+12
6681	metal1	488.07	826	16088	metal4	488.07	826	1e+12
6682	metal1	544.07	826	16089	metal4	544.07	826	1e+12
6683	metal1	600.07	826	16090	metal4	600.07	826	1e+12
6684	metal1	656.07	826	16091	metal4	656.07	826	1e+12
6685	metal1	712.07	826	16092	metal4	712.07	826	1e+12
6686	metal1	768.07	826	16093	metal4	768.07	826	1e+12
6687	metal1	824.07	826	16094	metal4	824.07	826	1e+12
6688	metal1	880.07	826	16095	metal4	880.07	826	1e+12
6689	metal1	936.07	826	16096	metal4	936.07	826	1e+12
6690	metal1	992.07	826	16097	metal4	992.07	826	1e+12
6691	metal1	1048.07	826	16098	metal4	1048.07	826	1e+12
6692	metal1	1086.21	826	16099	metal4	1086.21	826	1e+12
6693	metal1	14.095	828.8	16100	metal4	14.095	828.8	1e+12
6694	metal1	40.07	828.8	16101	metal4	40.07	828.8	1e+12
6695	metal1	96.07	828.8	16102	metal4	96.07	828.8	1e+12
6696	metal1	108.455	828.8	16103	metal4	108.455	828.8	1e+12
6697	metal1	109.295	828.8	16104	metal4	109.295	828.8	1e+12
6698	metal1	152.07	828.8	16105	metal4	152.07	828.8	1e+12
6699	metal1	208.07	828.8	16106	metal4	208.07	828.8	1e+12
6700	metal1	264.07	828.8	16107	metal4	264.07	828.8	1e+12
6701	metal1	320.07	828.8	16108	metal4	320.07	828.8	1e+12
6702	metal1	376.07	828.8	16109	metal4	376.07	828.8	1e+12
6703	metal1	432.07	828.8	16110	metal4	432.07	828.8	1e+12
6704	metal1	488.07	828.8	16111	metal4	488.07	828.8	1e+12
6705	metal1	544.07	828.8	16112	metal4	544.07	828.8	1e+12
6706	metal1	600.07	828.8	16113	metal4	600.07	828.8	1e+12
6707	metal1	656.07	828.8	16114	metal4	656.07	828.8	1e+12
6708	metal1	712.07	828.8	16115	metal4	712.07	828.8	1e+12
6709	metal1	768.07	828.8	16116	metal4	768.07	828.8	1e+12
6710	metal1	824.07	828.8	16117	metal4	824.07	828.8	1e+12
6711	metal1	880.07	828.8	16118	metal4	880.07	828.8	1e+12
6712	metal1	936.07	828.8	16119	metal4	936.07	828.8	1e+12
6713	metal1	992.07	828.8	16120	metal4	992.07	828.8	1e+12
6714	metal1	1048.07	828.8	16121	metal4	1048.07	828.8	1e+12
6715	metal1	1086.21	828.8	16122	metal4	1086.21	828.8	1e+12
6716	metal1	14.095	831.6	16123	metal4	14.095	831.6	1e+12
6717	metal1	40.07	831.6	16124	metal4	40.07	831.6	1e+12
6718	metal1	96.07	831.6	16125	metal4	96.07	831.6	1e+12
6719	metal1	108.455	831.6	16126	metal4	108.455	831.6	1e+12
6720	metal1	109.295	831.6	16127	metal4	109.295	831.6	1e+12
6721	metal1	152.07	831.6	16128	metal4	152.07	831.6	1e+12
6722	metal1	208.07	831.6	16129	metal4	208.07	831.6	1e+12
6723	metal1	264.07	831.6	16130	metal4	264.07	831.6	1e+12
6724	metal1	320.07	831.6	16131	metal4	320.07	831.6	1e+12
6725	metal1	376.07	831.6	16132	metal4	376.07	831.6	1e+12
6726	metal1	432.07	831.6	16133	metal4	432.07	831.6	1e+12
6727	metal1	488.07	831.6	16134	metal4	488.07	831.6	1e+12
6728	metal1	544.07	831.6	16135	metal4	544.07	831.6	1e+12
6729	metal1	600.07	831.6	16136	metal4	600.07	831.6	1e+12
6730	metal1	656.07	831.6	16137	metal4	656.07	831.6	1e+12
6731	metal1	712.07	831.6	16138	metal4	712.07	831.6	1e+12
6732	metal1	768.07	831.6	16139	metal4	768.07	831.6	1e+12
6733	metal1	824.07	831.6	16140	metal4	824.07	831.6	1e+12
6734	metal1	880.07	831.6	16141	metal4	880.07	831.6	1e+12
6735	metal1	936.07	831.6	16142	metal4	936.07	831.6	1e+12
6736	metal1	992.07	831.6	16143	metal4	992.07	831.6	1e+12
6737	metal1	1048.07	831.6	16144	metal4	1048.07	831.6	1e+12
6738	metal1	1086.21	831.6	16145	metal4	1086.21	831.6	1e+12
6739	metal1	14.095	834.4	16146	metal4	14.095	834.4	1e+12
6740	metal1	40.07	834.4	16147	metal4	40.07	834.4	1e+12
6741	metal1	96.07	834.4	16148	metal4	96.07	834.4	1e+12
6742	metal1	108.455	834.4	16149	metal4	108.455	834.4	1e+12
6743	metal1	109.295	834.4	16150	metal4	109.295	834.4	1e+12
6744	metal1	152.07	834.4	16151	metal4	152.07	834.4	1e+12
6745	metal1	208.07	834.4	16152	metal4	208.07	834.4	1e+12
6746	metal1	264.07	834.4	16153	metal4	264.07	834.4	1e+12
6747	metal1	320.07	834.4	16154	metal4	320.07	834.4	1e+12
6748	metal1	376.07	834.4	16155	metal4	376.07	834.4	1e+12
6749	metal1	432.07	834.4	16156	metal4	432.07	834.4	1e+12
6750	metal1	488.07	834.4	16157	metal4	488.07	834.4	1e+12
6751	metal1	544.07	834.4	16158	metal4	544.07	834.4	1e+12
6752	metal1	600.07	834.4	16159	metal4	600.07	834.4	1e+12
6753	metal1	656.07	834.4	16160	metal4	656.07	834.4	1e+12
6754	metal1	712.07	834.4	16161	metal4	712.07	834.4	1e+12
6755	metal1	768.07	834.4	16162	metal4	768.07	834.4	1e+12
6756	metal1	824.07	834.4	16163	metal4	824.07	834.4	1e+12
6757	metal1	880.07	834.4	16164	metal4	880.07	834.4	1e+12
6758	metal1	936.07	834.4	16165	metal4	936.07	834.4	1e+12
6759	metal1	992.07	834.4	16166	metal4	992.07	834.4	1e+12
6760	metal1	1048.07	834.4	16167	metal4	1048.07	834.4	1e+12
6761	metal1	1086.21	834.4	16168	metal4	1086.21	834.4	1e+12
6762	metal1	14.095	837.2	16169	metal4	14.095	837.2	1e+12
6763	metal1	40.07	837.2	16170	metal4	40.07	837.2	1e+12
6764	metal1	96.07	837.2	16171	metal4	96.07	837.2	1e+12
6765	metal1	108.455	837.2	16172	metal4	108.455	837.2	1e+12
6766	metal1	109.295	837.2	16173	metal4	109.295	837.2	1e+12
6767	metal1	152.07	837.2	16174	metal4	152.07	837.2	1e+12
6768	metal1	208.07	837.2	16175	metal4	208.07	837.2	1e+12
6769	metal1	264.07	837.2	16176	metal4	264.07	837.2	1e+12
6770	metal1	320.07	837.2	16177	metal4	320.07	837.2	1e+12
6771	metal1	376.07	837.2	16178	metal4	376.07	837.2	1e+12
6772	metal1	432.07	837.2	16179	metal4	432.07	837.2	1e+12
6773	metal1	488.07	837.2	16180	metal4	488.07	837.2	1e+12
6774	metal1	544.07	837.2	16181	metal4	544.07	837.2	1e+12
6775	metal1	600.07	837.2	16182	metal4	600.07	837.2	1e+12
6776	metal1	656.07	837.2	16183	metal4	656.07	837.2	1e+12
6777	metal1	712.07	837.2	16184	metal4	712.07	837.2	1e+12
6778	metal1	768.07	837.2	16185	metal4	768.07	837.2	1e+12
6779	metal1	824.07	837.2	16186	metal4	824.07	837.2	1e+12
6780	metal1	880.07	837.2	16187	metal4	880.07	837.2	1e+12
6781	metal1	936.07	837.2	16188	metal4	936.07	837.2	1e+12
6782	metal1	992.07	837.2	16189	metal4	992.07	837.2	1e+12
6783	metal1	1048.07	837.2	16190	metal4	1048.07	837.2	1e+12
6784	metal1	1086.21	837.2	16191	metal4	1086.21	837.2	1e+12
6785	metal1	14.095	840	16215	metal4	14.095	840	1e+12
6786	metal1	40.07	840	16216	metal4	40.07	840	1e+12
6787	metal1	96.07	840	16217	metal4	96.07	840	1e+12
6788	metal1	108.455	840	16218	metal4	108.455	840	1e+12
6789	metal1	109.295	840	16219	metal4	109.295	840	1e+12
6790	metal1	152.07	840	16220	metal4	152.07	840	1e+12
6791	metal1	208.07	840	16221	metal4	208.07	840	1e+12
6792	metal1	264.07	840	16222	metal4	264.07	840	1e+12
6793	metal1	320.07	840	16223	metal4	320.07	840	1e+12
6794	metal1	376.07	840	16224	metal4	376.07	840	1e+12
6795	metal1	432.07	840	16225	metal4	432.07	840	1e+12
6796	metal1	488.07	840	16226	metal4	488.07	840	1e+12
6797	metal1	544.07	840	16227	metal4	544.07	840	1e+12
6798	metal1	600.07	840	16228	metal4	600.07	840	1e+12
6799	metal1	656.07	840	16229	metal4	656.07	840	1e+12
6800	metal1	712.07	840	16230	metal4	712.07	840	1e+12
6801	metal1	768.07	840	16231	metal4	768.07	840	1e+12
6802	metal1	824.07	840	16232	metal4	824.07	840	1e+12
6803	metal1	880.07	840	16233	metal4	880.07	840	1e+12
6804	metal1	936.07	840	16234	metal4	936.07	840	1e+12
6805	metal1	992.07	840	16235	metal4	992.07	840	1e+12
6806	metal1	1048.07	840	16236	metal4	1048.07	840	1e+12
6807	metal1	1086.21	840	16237	metal4	1086.21	840	1e+12
6808	metal1	14.095	842.8	16238	metal4	14.095	842.8	1e+12
6809	metal1	40.07	842.8	16239	metal4	40.07	842.8	1e+12
6810	metal1	96.07	842.8	16240	metal4	96.07	842.8	1e+12
6811	metal1	108.455	842.8	16241	metal4	108.455	842.8	1e+12
6812	metal1	109.295	842.8	16242	metal4	109.295	842.8	1e+12
6813	metal1	152.07	842.8	16243	metal4	152.07	842.8	1e+12
6814	metal1	208.07	842.8	16244	metal4	208.07	842.8	1e+12
6815	metal1	264.07	842.8	16245	metal4	264.07	842.8	1e+12
6816	metal1	320.07	842.8	16246	metal4	320.07	842.8	1e+12
6817	metal1	376.07	842.8	16247	metal4	376.07	842.8	1e+12
6818	metal1	432.07	842.8	16248	metal4	432.07	842.8	1e+12
6819	metal1	488.07	842.8	16249	metal4	488.07	842.8	1e+12
6820	metal1	544.07	842.8	16250	metal4	544.07	842.8	1e+12
6821	metal1	600.07	842.8	16251	metal4	600.07	842.8	1e+12
6822	metal1	656.07	842.8	16252	metal4	656.07	842.8	1e+12
6823	metal1	712.07	842.8	16253	metal4	712.07	842.8	1e+12
6824	metal1	768.07	842.8	16254	metal4	768.07	842.8	1e+12
6825	metal1	824.07	842.8	16255	metal4	824.07	842.8	1e+12
6826	metal1	880.07	842.8	16256	metal4	880.07	842.8	1e+12
6827	metal1	936.07	842.8	16257	metal4	936.07	842.8	1e+12
6828	metal1	992.07	842.8	16258	metal4	992.07	842.8	1e+12
6829	metal1	1048.07	842.8	16259	metal4	1048.07	842.8	1e+12
6830	metal1	1086.21	842.8	16260	metal4	1086.21	842.8	1e+12
6831	metal1	14.095	845.6	16261	metal4	14.095	845.6	1e+12
6832	metal1	40.07	845.6	16262	metal4	40.07	845.6	1e+12
6833	metal1	96.07	845.6	16263	metal4	96.07	845.6	1e+12
6834	metal1	108.455	845.6	16264	metal4	108.455	845.6	1e+12
6835	metal1	109.295	845.6	16265	metal4	109.295	845.6	1e+12
6836	metal1	152.07	845.6	16266	metal4	152.07	845.6	1e+12
6837	metal1	208.07	845.6	16267	metal4	208.07	845.6	1e+12
6838	metal1	264.07	845.6	16268	metal4	264.07	845.6	1e+12
6839	metal1	320.07	845.6	16269	metal4	320.07	845.6	1e+12
6840	metal1	376.07	845.6	16270	metal4	376.07	845.6	1e+12
6841	metal1	432.07	845.6	16271	metal4	432.07	845.6	1e+12
6842	metal1	488.07	845.6	16272	metal4	488.07	845.6	1e+12
6843	metal1	544.07	845.6	16273	metal4	544.07	845.6	1e+12
6844	metal1	600.07	845.6	16274	metal4	600.07	845.6	1e+12
6845	metal1	656.07	845.6	16275	metal4	656.07	845.6	1e+12
6846	metal1	712.07	845.6	16276	metal4	712.07	845.6	1e+12
6847	metal1	768.07	845.6	16277	metal4	768.07	845.6	1e+12
6848	metal1	824.07	845.6	16278	metal4	824.07	845.6	1e+12
6849	metal1	880.07	845.6	16279	metal4	880.07	845.6	1e+12
6850	metal1	936.07	845.6	16280	metal4	936.07	845.6	1e+12
6851	metal1	992.07	845.6	16281	metal4	992.07	845.6	1e+12
6852	metal1	1048.07	845.6	16282	metal4	1048.07	845.6	1e+12
6853	metal1	1086.21	845.6	16283	metal4	1086.21	845.6	1e+12
6854	metal1	14.095	848.4	16284	metal4	14.095	848.4	1e+12
6855	metal1	40.07	848.4	16285	metal4	40.07	848.4	1e+12
6856	metal1	96.07	848.4	16286	metal4	96.07	848.4	1e+12
6857	metal1	108.455	848.4	16287	metal4	108.455	848.4	1e+12
6858	metal1	109.295	848.4	16288	metal4	109.295	848.4	1e+12
6859	metal1	152.07	848.4	16289	metal4	152.07	848.4	1e+12
6860	metal1	208.07	848.4	16290	metal4	208.07	848.4	1e+12
6861	metal1	264.07	848.4	16291	metal4	264.07	848.4	1e+12
6862	metal1	320.07	848.4	16292	metal4	320.07	848.4	1e+12
6863	metal1	376.07	848.4	16293	metal4	376.07	848.4	1e+12
6864	metal1	432.07	848.4	16294	metal4	432.07	848.4	1e+12
6865	metal1	488.07	848.4	16295	metal4	488.07	848.4	1e+12
6866	metal1	544.07	848.4	16296	metal4	544.07	848.4	1e+12
6867	metal1	600.07	848.4	16297	metal4	600.07	848.4	1e+12
6868	metal1	656.07	848.4	16298	metal4	656.07	848.4	1e+12
6869	metal1	712.07	848.4	16299	metal4	712.07	848.4	1e+12
6870	metal1	768.07	848.4	16300	metal4	768.07	848.4	1e+12
6871	metal1	824.07	848.4	16301	metal4	824.07	848.4	1e+12
6872	metal1	880.07	848.4	16302	metal4	880.07	848.4	1e+12
6873	metal1	936.07	848.4	16303	metal4	936.07	848.4	1e+12
6874	metal1	992.07	848.4	16304	metal4	992.07	848.4	1e+12
6875	metal1	1048.07	848.4	16305	metal4	1048.07	848.4	1e+12
6876	metal1	1086.21	848.4	16306	metal4	1086.21	848.4	1e+12
6877	metal1	14.095	851.2	16307	metal4	14.095	851.2	1e+12
6878	metal1	40.07	851.2	16308	metal4	40.07	851.2	1e+12
6879	metal1	96.07	851.2	16309	metal4	96.07	851.2	1e+12
6880	metal1	108.455	851.2	16310	metal4	108.455	851.2	1e+12
6881	metal1	109.295	851.2	16311	metal4	109.295	851.2	1e+12
6882	metal1	152.07	851.2	16312	metal4	152.07	851.2	1e+12
6883	metal1	208.07	851.2	16313	metal4	208.07	851.2	1e+12
6884	metal1	264.07	851.2	16314	metal4	264.07	851.2	1e+12
6885	metal1	320.07	851.2	16315	metal4	320.07	851.2	1e+12
6886	metal1	376.07	851.2	16316	metal4	376.07	851.2	1e+12
6887	metal1	432.07	851.2	16317	metal4	432.07	851.2	1e+12
6888	metal1	488.07	851.2	16318	metal4	488.07	851.2	1e+12
6889	metal1	544.07	851.2	16319	metal4	544.07	851.2	1e+12
6890	metal1	600.07	851.2	16320	metal4	600.07	851.2	1e+12
6891	metal1	656.07	851.2	16321	metal4	656.07	851.2	1e+12
6892	metal1	712.07	851.2	16322	metal4	712.07	851.2	1e+12
6893	metal1	768.07	851.2	16323	metal4	768.07	851.2	1e+12
6894	metal1	824.07	851.2	16324	metal4	824.07	851.2	1e+12
6895	metal1	880.07	851.2	16325	metal4	880.07	851.2	1e+12
6896	metal1	936.07	851.2	16326	metal4	936.07	851.2	1e+12
6897	metal1	992.07	851.2	16327	metal4	992.07	851.2	1e+12
6898	metal1	1048.07	851.2	16328	metal4	1048.07	851.2	1e+12
6899	metal1	1086.21	851.2	16329	metal4	1086.21	851.2	1e+12
6900	metal1	14.095	854	16330	metal4	14.095	854	1e+12
6901	metal1	40.07	854	16331	metal4	40.07	854	1e+12
6902	metal1	96.07	854	16332	metal4	96.07	854	1e+12
6903	metal1	108.455	854	16333	metal4	108.455	854	1e+12
6904	metal1	109.295	854	16334	metal4	109.295	854	1e+12
6905	metal1	152.07	854	16335	metal4	152.07	854	1e+12
6906	metal1	208.07	854	16336	metal4	208.07	854	1e+12
6907	metal1	264.07	854	16337	metal4	264.07	854	1e+12
6908	metal1	320.07	854	16338	metal4	320.07	854	1e+12
6909	metal1	376.07	854	16339	metal4	376.07	854	1e+12
6910	metal1	432.07	854	16340	metal4	432.07	854	1e+12
6911	metal1	488.07	854	16341	metal4	488.07	854	1e+12
6912	metal1	544.07	854	16342	metal4	544.07	854	1e+12
6913	metal1	600.07	854	16343	metal4	600.07	854	1e+12
6914	metal1	656.07	854	16344	metal4	656.07	854	1e+12
6915	metal1	712.07	854	16345	metal4	712.07	854	1e+12
6916	metal1	768.07	854	16346	metal4	768.07	854	1e+12
6917	metal1	824.07	854	16347	metal4	824.07	854	1e+12
6918	metal1	880.07	854	16348	metal4	880.07	854	1e+12
6919	metal1	936.07	854	16349	metal4	936.07	854	1e+12
6920	metal1	992.07	854	16350	metal4	992.07	854	1e+12
6921	metal1	1048.07	854	16351	metal4	1048.07	854	1e+12
6922	metal1	1086.21	854	16352	metal4	1086.21	854	1e+12
6923	metal1	14.095	856.8	16353	metal4	14.095	856.8	1e+12
6924	metal1	40.07	856.8	16354	metal4	40.07	856.8	1e+12
6925	metal1	96.07	856.8	16355	metal4	96.07	856.8	1e+12
6926	metal1	108.455	856.8	16356	metal4	108.455	856.8	1e+12
6927	metal1	109.295	856.8	16357	metal4	109.295	856.8	1e+12
6928	metal1	152.07	856.8	16358	metal4	152.07	856.8	1e+12
6929	metal1	208.07	856.8	16359	metal4	208.07	856.8	1e+12
6930	metal1	264.07	856.8	16360	metal4	264.07	856.8	1e+12
6931	metal1	320.07	856.8	16361	metal4	320.07	856.8	1e+12
6932	metal1	376.07	856.8	16362	metal4	376.07	856.8	1e+12
6933	metal1	432.07	856.8	16363	metal4	432.07	856.8	1e+12
6934	metal1	488.07	856.8	16364	metal4	488.07	856.8	1e+12
6935	metal1	544.07	856.8	16365	metal4	544.07	856.8	1e+12
6936	metal1	600.07	856.8	16366	metal4	600.07	856.8	1e+12
6937	metal1	656.07	856.8	16367	metal4	656.07	856.8	1e+12
6938	metal1	712.07	856.8	16368	metal4	712.07	856.8	1e+12
6939	metal1	768.07	856.8	16369	metal4	768.07	856.8	1e+12
6940	metal1	824.07	856.8	16370	metal4	824.07	856.8	1e+12
6941	metal1	880.07	856.8	16371	metal4	880.07	856.8	1e+12
6942	metal1	936.07	856.8	16372	metal4	936.07	856.8	1e+12
6943	metal1	992.07	856.8	16373	metal4	992.07	856.8	1e+12
6944	metal1	1048.07	856.8	16374	metal4	1048.07	856.8	1e+12
6945	metal1	1086.21	856.8	16375	metal4	1086.21	856.8	1e+12
6946	metal1	14.095	859.6	16376	metal4	14.095	859.6	1e+12
6947	metal1	40.07	859.6	16377	metal4	40.07	859.6	1e+12
6948	metal1	96.07	859.6	16378	metal4	96.07	859.6	1e+12
6949	metal1	108.455	859.6	16379	metal4	108.455	859.6	1e+12
6950	metal1	109.295	859.6	16380	metal4	109.295	859.6	1e+12
6951	metal1	152.07	859.6	16381	metal4	152.07	859.6	1e+12
6952	metal1	208.07	859.6	16382	metal4	208.07	859.6	1e+12
6953	metal1	264.07	859.6	16383	metal4	264.07	859.6	1e+12
6954	metal1	320.07	859.6	16384	metal4	320.07	859.6	1e+12
6955	metal1	376.07	859.6	16385	metal4	376.07	859.6	1e+12
6956	metal1	432.07	859.6	16386	metal4	432.07	859.6	1e+12
6957	metal1	488.07	859.6	16387	metal4	488.07	859.6	1e+12
6958	metal1	544.07	859.6	16388	metal4	544.07	859.6	1e+12
6959	metal1	600.07	859.6	16389	metal4	600.07	859.6	1e+12
6960	metal1	656.07	859.6	16390	metal4	656.07	859.6	1e+12
6961	metal1	712.07	859.6	16391	metal4	712.07	859.6	1e+12
6962	metal1	768.07	859.6	16392	metal4	768.07	859.6	1e+12
6963	metal1	824.07	859.6	16393	metal4	824.07	859.6	1e+12
6964	metal1	880.07	859.6	16394	metal4	880.07	859.6	1e+12
6965	metal1	936.07	859.6	16395	metal4	936.07	859.6	1e+12
6966	metal1	992.07	859.6	16396	metal4	992.07	859.6	1e+12
6967	metal1	1048.07	859.6	16397	metal4	1048.07	859.6	1e+12
6968	metal1	1086.21	859.6	16398	metal4	1086.21	859.6	1e+12
6969	metal1	14.095	862.4	16399	metal4	14.095	862.4	1e+12
6970	metal1	40.07	862.4	16400	metal4	40.07	862.4	1e+12
6971	metal1	96.07	862.4	16401	metal4	96.07	862.4	1e+12
6972	metal1	108.455	862.4	16402	metal4	108.455	862.4	1e+12
6973	metal1	109.295	862.4	16403	metal4	109.295	862.4	1e+12
6974	metal1	152.07	862.4	16404	metal4	152.07	862.4	1e+12
6975	metal1	208.07	862.4	16405	metal4	208.07	862.4	1e+12
6976	metal1	264.07	862.4	16406	metal4	264.07	862.4	1e+12
6977	metal1	320.07	862.4	16407	metal4	320.07	862.4	1e+12
6978	metal1	376.07	862.4	16408	metal4	376.07	862.4	1e+12
6979	metal1	432.07	862.4	16409	metal4	432.07	862.4	1e+12
6980	metal1	488.07	862.4	16410	metal4	488.07	862.4	1e+12
6981	metal1	544.07	862.4	16411	metal4	544.07	862.4	1e+12
6982	metal1	600.07	862.4	16412	metal4	600.07	862.4	1e+12
6983	metal1	656.07	862.4	16413	metal4	656.07	862.4	1e+12
6984	metal1	712.07	862.4	16414	metal4	712.07	862.4	1e+12
6985	metal1	768.07	862.4	16415	metal4	768.07	862.4	1e+12
6986	metal1	824.07	862.4	16416	metal4	824.07	862.4	1e+12
6987	metal1	880.07	862.4	16417	metal4	880.07	862.4	1e+12
6988	metal1	936.07	862.4	16418	metal4	936.07	862.4	1e+12
6989	metal1	992.07	862.4	16419	metal4	992.07	862.4	1e+12
6990	metal1	1048.07	862.4	16420	metal4	1048.07	862.4	1e+12
6991	metal1	1086.21	862.4	16421	metal4	1086.21	862.4	1e+12
6992	metal1	14.095	865.2	16422	metal4	14.095	865.2	1e+12
6993	metal1	40.07	865.2	16423	metal4	40.07	865.2	1e+12
6994	metal1	96.07	865.2	16424	metal4	96.07	865.2	1e+12
6995	metal1	108.455	865.2	16425	metal4	108.455	865.2	1e+12
6996	metal1	109.295	865.2	16426	metal4	109.295	865.2	1e+12
6997	metal1	152.07	865.2	16427	metal4	152.07	865.2	1e+12
6998	metal1	208.07	865.2	16428	metal4	208.07	865.2	1e+12
6999	metal1	264.07	865.2	16429	metal4	264.07	865.2	1e+12
7000	metal1	320.07	865.2	16430	metal4	320.07	865.2	1e+12
7001	metal1	376.07	865.2	16431	metal4	376.07	865.2	1e+12
7002	metal1	432.07	865.2	16432	metal4	432.07	865.2	1e+12
7003	metal1	488.07	865.2	16433	metal4	488.07	865.2	1e+12
7004	metal1	544.07	865.2	16434	metal4	544.07	865.2	1e+12
7005	metal1	600.07	865.2	16435	metal4	600.07	865.2	1e+12
7006	metal1	656.07	865.2	16436	metal4	656.07	865.2	1e+12
7007	metal1	712.07	865.2	16437	metal4	712.07	865.2	1e+12
7008	metal1	768.07	865.2	16438	metal4	768.07	865.2	1e+12
7009	metal1	824.07	865.2	16439	metal4	824.07	865.2	1e+12
7010	metal1	880.07	865.2	16440	metal4	880.07	865.2	1e+12
7011	metal1	936.07	865.2	16441	metal4	936.07	865.2	1e+12
7012	metal1	992.07	865.2	16442	metal4	992.07	865.2	1e+12
7013	metal1	1048.07	865.2	16443	metal4	1048.07	865.2	1e+12
7014	metal1	1086.21	865.2	16444	metal4	1086.21	865.2	1e+12
7015	metal1	14.095	868	16445	metal4	14.095	868	1e+12
7016	metal1	40.07	868	16446	metal4	40.07	868	1e+12
7017	metal1	96.07	868	16447	metal4	96.07	868	1e+12
7018	metal1	108.455	868	16448	metal4	108.455	868	1e+12
7019	metal1	109.295	868	16449	metal4	109.295	868	1e+12
7020	metal1	152.07	868	16450	metal4	152.07	868	1e+12
7021	metal1	208.07	868	16451	metal4	208.07	868	1e+12
7022	metal1	264.07	868	16452	metal4	264.07	868	1e+12
7023	metal1	320.07	868	16453	metal4	320.07	868	1e+12
7024	metal1	376.07	868	16454	metal4	376.07	868	1e+12
7025	metal1	432.07	868	16455	metal4	432.07	868	1e+12
7026	metal1	488.07	868	16456	metal4	488.07	868	1e+12
7027	metal1	544.07	868	16457	metal4	544.07	868	1e+12
7028	metal1	600.07	868	16458	metal4	600.07	868	1e+12
7029	metal1	656.07	868	16459	metal4	656.07	868	1e+12
7030	metal1	712.07	868	16460	metal4	712.07	868	1e+12
7031	metal1	768.07	868	16461	metal4	768.07	868	1e+12
7032	metal1	824.07	868	16462	metal4	824.07	868	1e+12
7033	metal1	880.07	868	16463	metal4	880.07	868	1e+12
7034	metal1	936.07	868	16464	metal4	936.07	868	1e+12
7035	metal1	992.07	868	16465	metal4	992.07	868	1e+12
7036	metal1	1048.07	868	16466	metal4	1048.07	868	1e+12
7037	metal1	1086.21	868	16467	metal4	1086.21	868	1e+12
7038	metal1	14.095	870.8	16491	metal4	14.095	870.8	1e+12
7039	metal1	40.07	870.8	16492	metal4	40.07	870.8	1e+12
7040	metal1	96.07	870.8	16493	metal4	96.07	870.8	1e+12
7041	metal1	108.455	870.8	16494	metal4	108.455	870.8	1e+12
7042	metal1	109.295	870.8	16495	metal4	109.295	870.8	1e+12
7043	metal1	152.07	870.8	16496	metal4	152.07	870.8	1e+12
7044	metal1	208.07	870.8	16497	metal4	208.07	870.8	1e+12
7045	metal1	264.07	870.8	16498	metal4	264.07	870.8	1e+12
7046	metal1	320.07	870.8	16499	metal4	320.07	870.8	1e+12
7047	metal1	376.07	870.8	16500	metal4	376.07	870.8	1e+12
7048	metal1	432.07	870.8	16501	metal4	432.07	870.8	1e+12
7049	metal1	488.07	870.8	16502	metal4	488.07	870.8	1e+12
7050	metal1	544.07	870.8	16503	metal4	544.07	870.8	1e+12
7051	metal1	600.07	870.8	16504	metal4	600.07	870.8	1e+12
7052	metal1	656.07	870.8	16505	metal4	656.07	870.8	1e+12
7053	metal1	712.07	870.8	16506	metal4	712.07	870.8	1e+12
7054	metal1	768.07	870.8	16507	metal4	768.07	870.8	1e+12
7055	metal1	824.07	870.8	16508	metal4	824.07	870.8	1e+12
7056	metal1	880.07	870.8	16509	metal4	880.07	870.8	1e+12
7057	metal1	936.07	870.8	16510	metal4	936.07	870.8	1e+12
7058	metal1	992.07	870.8	16511	metal4	992.07	870.8	1e+12
7059	metal1	1048.07	870.8	16512	metal4	1048.07	870.8	1e+12
7060	metal1	1086.21	870.8	16513	metal4	1086.21	870.8	1e+12
7061	metal1	14.095	873.6	16514	metal4	14.095	873.6	1e+12
7062	metal1	40.07	873.6	16515	metal4	40.07	873.6	1e+12
7063	metal1	96.07	873.6	16516	metal4	96.07	873.6	1e+12
7064	metal1	108.455	873.6	16517	metal4	108.455	873.6	1e+12
7065	metal1	109.295	873.6	16518	metal4	109.295	873.6	1e+12
7066	metal1	152.07	873.6	16519	metal4	152.07	873.6	1e+12
7067	metal1	208.07	873.6	16520	metal4	208.07	873.6	1e+12
7068	metal1	264.07	873.6	16521	metal4	264.07	873.6	1e+12
7069	metal1	320.07	873.6	16522	metal4	320.07	873.6	1e+12
7070	metal1	376.07	873.6	16523	metal4	376.07	873.6	1e+12
7071	metal1	432.07	873.6	16524	metal4	432.07	873.6	1e+12
7072	metal1	488.07	873.6	16525	metal4	488.07	873.6	1e+12
7073	metal1	544.07	873.6	16526	metal4	544.07	873.6	1e+12
7074	metal1	600.07	873.6	16527	metal4	600.07	873.6	1e+12
7075	metal1	656.07	873.6	16528	metal4	656.07	873.6	1e+12
7076	metal1	712.07	873.6	16529	metal4	712.07	873.6	1e+12
7077	metal1	768.07	873.6	16530	metal4	768.07	873.6	1e+12
7078	metal1	824.07	873.6	16531	metal4	824.07	873.6	1e+12
7079	metal1	880.07	873.6	16532	metal4	880.07	873.6	1e+12
7080	metal1	936.07	873.6	16533	metal4	936.07	873.6	1e+12
7081	metal1	992.07	873.6	16534	metal4	992.07	873.6	1e+12
7082	metal1	1048.07	873.6	16535	metal4	1048.07	873.6	1e+12
7083	metal1	1086.21	873.6	16536	metal4	1086.21	873.6	1e+12
7084	metal1	14.095	876.4	16537	metal4	14.095	876.4	1e+12
7085	metal1	40.07	876.4	16538	metal4	40.07	876.4	1e+12
7086	metal1	96.07	876.4	16539	metal4	96.07	876.4	1e+12
7087	metal1	108.455	876.4	16540	metal4	108.455	876.4	1e+12
7088	metal1	109.295	876.4	16541	metal4	109.295	876.4	1e+12
7089	metal1	152.07	876.4	16542	metal4	152.07	876.4	1e+12
7090	metal1	208.07	876.4	16543	metal4	208.07	876.4	1e+12
7091	metal1	264.07	876.4	16544	metal4	264.07	876.4	1e+12
7092	metal1	320.07	876.4	16545	metal4	320.07	876.4	1e+12
7093	metal1	376.07	876.4	16546	metal4	376.07	876.4	1e+12
7094	metal1	432.07	876.4	16547	metal4	432.07	876.4	1e+12
7095	metal1	488.07	876.4	16548	metal4	488.07	876.4	1e+12
7096	metal1	544.07	876.4	16549	metal4	544.07	876.4	1e+12
7097	metal1	600.07	876.4	16550	metal4	600.07	876.4	1e+12
7098	metal1	656.07	876.4	16551	metal4	656.07	876.4	1e+12
7099	metal1	712.07	876.4	16552	metal4	712.07	876.4	1e+12
7100	metal1	768.07	876.4	16553	metal4	768.07	876.4	1e+12
7101	metal1	824.07	876.4	16554	metal4	824.07	876.4	1e+12
7102	metal1	880.07	876.4	16555	metal4	880.07	876.4	1e+12
7103	metal1	936.07	876.4	16556	metal4	936.07	876.4	1e+12
7104	metal1	992.07	876.4	16557	metal4	992.07	876.4	1e+12
7105	metal1	1048.07	876.4	16558	metal4	1048.07	876.4	1e+12
7106	metal1	1086.21	876.4	16559	metal4	1086.21	876.4	1e+12
7107	metal1	14.095	879.2	16560	metal4	14.095	879.2	1e+12
7108	metal1	40.07	879.2	16561	metal4	40.07	879.2	1e+12
7109	metal1	96.07	879.2	16562	metal4	96.07	879.2	1e+12
7110	metal1	108.455	879.2	16563	metal4	108.455	879.2	1e+12
7111	metal1	109.295	879.2	16564	metal4	109.295	879.2	1e+12
7112	metal1	152.07	879.2	16565	metal4	152.07	879.2	1e+12
7113	metal1	208.07	879.2	16566	metal4	208.07	879.2	1e+12
7114	metal1	264.07	879.2	16567	metal4	264.07	879.2	1e+12
7115	metal1	320.07	879.2	16568	metal4	320.07	879.2	1e+12
7116	metal1	376.07	879.2	16569	metal4	376.07	879.2	1e+12
7117	metal1	432.07	879.2	16570	metal4	432.07	879.2	1e+12
7118	metal1	488.07	879.2	16571	metal4	488.07	879.2	1e+12
7119	metal1	544.07	879.2	16572	metal4	544.07	879.2	1e+12
7120	metal1	600.07	879.2	16573	metal4	600.07	879.2	1e+12
7121	metal1	656.07	879.2	16574	metal4	656.07	879.2	1e+12
7122	metal1	712.07	879.2	16575	metal4	712.07	879.2	1e+12
7123	metal1	768.07	879.2	16576	metal4	768.07	879.2	1e+12
7124	metal1	824.07	879.2	16577	metal4	824.07	879.2	1e+12
7125	metal1	880.07	879.2	16578	metal4	880.07	879.2	1e+12
7126	metal1	936.07	879.2	16579	metal4	936.07	879.2	1e+12
7127	metal1	992.07	879.2	16580	metal4	992.07	879.2	1e+12
7128	metal1	1048.07	879.2	16581	metal4	1048.07	879.2	1e+12
7129	metal1	1086.21	879.2	16582	metal4	1086.21	879.2	1e+12
7130	metal1	14.095	882	16583	metal4	14.095	882	1e+12
7131	metal1	40.07	882	16584	metal4	40.07	882	1e+12
7132	metal1	96.07	882	16585	metal4	96.07	882	1e+12
7133	metal1	108.455	882	16586	metal4	108.455	882	1e+12
7134	metal1	109.295	882	16587	metal4	109.295	882	1e+12
7135	metal1	152.07	882	16588	metal4	152.07	882	1e+12
7136	metal1	208.07	882	16589	metal4	208.07	882	1e+12
7137	metal1	264.07	882	16590	metal4	264.07	882	1e+12
7138	metal1	320.07	882	16591	metal4	320.07	882	1e+12
7139	metal1	376.07	882	16592	metal4	376.07	882	1e+12
7140	metal1	432.07	882	16593	metal4	432.07	882	1e+12
7141	metal1	488.07	882	16594	metal4	488.07	882	1e+12
7142	metal1	544.07	882	16595	metal4	544.07	882	1e+12
7143	metal1	600.07	882	16596	metal4	600.07	882	1e+12
7144	metal1	656.07	882	16597	metal4	656.07	882	1e+12
7145	metal1	712.07	882	16598	metal4	712.07	882	1e+12
7146	metal1	768.07	882	16599	metal4	768.07	882	1e+12
7147	metal1	824.07	882	16600	metal4	824.07	882	1e+12
7148	metal1	880.07	882	16601	metal4	880.07	882	1e+12
7149	metal1	936.07	882	16602	metal4	936.07	882	1e+12
7150	metal1	992.07	882	16603	metal4	992.07	882	1e+12
7151	metal1	1048.07	882	16604	metal4	1048.07	882	1e+12
7152	metal1	1086.21	882	16605	metal4	1086.21	882	1e+12
7153	metal1	14.095	884.8	16606	metal4	14.095	884.8	1e+12
7154	metal1	40.07	884.8	16607	metal4	40.07	884.8	1e+12
7155	metal1	96.07	884.8	16608	metal4	96.07	884.8	1e+12
7156	metal1	108.455	884.8	16609	metal4	108.455	884.8	1e+12
7157	metal1	109.295	884.8	16610	metal4	109.295	884.8	1e+12
7158	metal1	152.07	884.8	16611	metal4	152.07	884.8	1e+12
7159	metal1	208.07	884.8	16612	metal4	208.07	884.8	1e+12
7160	metal1	264.07	884.8	16613	metal4	264.07	884.8	1e+12
7161	metal1	320.07	884.8	16614	metal4	320.07	884.8	1e+12
7162	metal1	376.07	884.8	16615	metal4	376.07	884.8	1e+12
7163	metal1	432.07	884.8	16616	metal4	432.07	884.8	1e+12
7164	metal1	488.07	884.8	16617	metal4	488.07	884.8	1e+12
7165	metal1	544.07	884.8	16618	metal4	544.07	884.8	1e+12
7166	metal1	600.07	884.8	16619	metal4	600.07	884.8	1e+12
7167	metal1	656.07	884.8	16620	metal4	656.07	884.8	1e+12
7168	metal1	712.07	884.8	16621	metal4	712.07	884.8	1e+12
7169	metal1	768.07	884.8	16622	metal4	768.07	884.8	1e+12
7170	metal1	824.07	884.8	16623	metal4	824.07	884.8	1e+12
7171	metal1	880.07	884.8	16624	metal4	880.07	884.8	1e+12
7172	metal1	936.07	884.8	16625	metal4	936.07	884.8	1e+12
7173	metal1	992.07	884.8	16626	metal4	992.07	884.8	1e+12
7174	metal1	1048.07	884.8	16627	metal4	1048.07	884.8	1e+12
7175	metal1	1086.21	884.8	16628	metal4	1086.21	884.8	1e+12
7176	metal1	14.095	887.6	16629	metal4	14.095	887.6	1e+12
7177	metal1	40.07	887.6	16630	metal4	40.07	887.6	1e+12
7178	metal1	96.07	887.6	16631	metal4	96.07	887.6	1e+12
7179	metal1	108.455	887.6	16632	metal4	108.455	887.6	1e+12
7180	metal1	109.295	887.6	16633	metal4	109.295	887.6	1e+12
7181	metal1	152.07	887.6	16634	metal4	152.07	887.6	1e+12
7182	metal1	208.07	887.6	16635	metal4	208.07	887.6	1e+12
7183	metal1	264.07	887.6	16636	metal4	264.07	887.6	1e+12
7184	metal1	320.07	887.6	16637	metal4	320.07	887.6	1e+12
7185	metal1	376.07	887.6	16638	metal4	376.07	887.6	1e+12
7186	metal1	432.07	887.6	16639	metal4	432.07	887.6	1e+12
7187	metal1	488.07	887.6	16640	metal4	488.07	887.6	1e+12
7188	metal1	544.07	887.6	16641	metal4	544.07	887.6	1e+12
7189	metal1	600.07	887.6	16642	metal4	600.07	887.6	1e+12
7190	metal1	656.07	887.6	16643	metal4	656.07	887.6	1e+12
7191	metal1	712.07	887.6	16644	metal4	712.07	887.6	1e+12
7192	metal1	768.07	887.6	16645	metal4	768.07	887.6	1e+12
7193	metal1	824.07	887.6	16646	metal4	824.07	887.6	1e+12
7194	metal1	880.07	887.6	16647	metal4	880.07	887.6	1e+12
7195	metal1	936.07	887.6	16648	metal4	936.07	887.6	1e+12
7196	metal1	992.07	887.6	16649	metal4	992.07	887.6	1e+12
7197	metal1	1048.07	887.6	16650	metal4	1048.07	887.6	1e+12
7198	metal1	1086.21	887.6	16651	metal4	1086.21	887.6	1e+12
7199	metal1	14.095	890.4	16652	metal4	14.095	890.4	1e+12
7200	metal1	40.07	890.4	16653	metal4	40.07	890.4	1e+12
7201	metal1	96.07	890.4	16654	metal4	96.07	890.4	1e+12
7202	metal1	108.455	890.4	16655	metal4	108.455	890.4	1e+12
7203	metal1	109.295	890.4	16656	metal4	109.295	890.4	1e+12
7204	metal1	152.07	890.4	16657	metal4	152.07	890.4	1e+12
7205	metal1	208.07	890.4	16658	metal4	208.07	890.4	1e+12
7206	metal1	264.07	890.4	16659	metal4	264.07	890.4	1e+12
7207	metal1	320.07	890.4	16660	metal4	320.07	890.4	1e+12
7208	metal1	376.07	890.4	16661	metal4	376.07	890.4	1e+12
7209	metal1	432.07	890.4	16662	metal4	432.07	890.4	1e+12
7210	metal1	488.07	890.4	16663	metal4	488.07	890.4	1e+12
7211	metal1	544.07	890.4	16664	metal4	544.07	890.4	1e+12
7212	metal1	600.07	890.4	16665	metal4	600.07	890.4	1e+12
7213	metal1	656.07	890.4	16666	metal4	656.07	890.4	1e+12
7214	metal1	712.07	890.4	16667	metal4	712.07	890.4	1e+12
7215	metal1	768.07	890.4	16668	metal4	768.07	890.4	1e+12
7216	metal1	824.07	890.4	16669	metal4	824.07	890.4	1e+12
7217	metal1	880.07	890.4	16670	metal4	880.07	890.4	1e+12
7218	metal1	936.07	890.4	16671	metal4	936.07	890.4	1e+12
7219	metal1	992.07	890.4	16672	metal4	992.07	890.4	1e+12
7220	metal1	1048.07	890.4	16673	metal4	1048.07	890.4	1e+12
7221	metal1	1086.21	890.4	16674	metal4	1086.21	890.4	1e+12
7222	metal1	14.095	893.2	16675	metal4	14.095	893.2	1e+12
7223	metal1	40.07	893.2	16676	metal4	40.07	893.2	1e+12
7224	metal1	96.07	893.2	16677	metal4	96.07	893.2	1e+12
7225	metal1	108.455	893.2	16678	metal4	108.455	893.2	1e+12
7226	metal1	109.295	893.2	16679	metal4	109.295	893.2	1e+12
7227	metal1	152.07	893.2	16680	metal4	152.07	893.2	1e+12
7228	metal1	208.07	893.2	16681	metal4	208.07	893.2	1e+12
7229	metal1	264.07	893.2	16682	metal4	264.07	893.2	1e+12
7230	metal1	320.07	893.2	16683	metal4	320.07	893.2	1e+12
7231	metal1	376.07	893.2	16684	metal4	376.07	893.2	1e+12
7232	metal1	432.07	893.2	16685	metal4	432.07	893.2	1e+12
7233	metal1	488.07	893.2	16686	metal4	488.07	893.2	1e+12
7234	metal1	544.07	893.2	16687	metal4	544.07	893.2	1e+12
7235	metal1	600.07	893.2	16688	metal4	600.07	893.2	1e+12
7236	metal1	656.07	893.2	16689	metal4	656.07	893.2	1e+12
7237	metal1	712.07	893.2	16690	metal4	712.07	893.2	1e+12
7238	metal1	768.07	893.2	16691	metal4	768.07	893.2	1e+12
7239	metal1	824.07	893.2	16692	metal4	824.07	893.2	1e+12
7240	metal1	880.07	893.2	16693	metal4	880.07	893.2	1e+12
7241	metal1	936.07	893.2	16694	metal4	936.07	893.2	1e+12
7242	metal1	992.07	893.2	16695	metal4	992.07	893.2	1e+12
7243	metal1	1048.07	893.2	16696	metal4	1048.07	893.2	1e+12
7244	metal1	1086.21	893.2	16697	metal4	1086.21	893.2	1e+12
7245	metal1	14.095	896	16698	metal4	14.095	896	1e+12
7246	metal1	40.07	896	16699	metal4	40.07	896	1e+12
7247	metal1	96.07	896	16700	metal4	96.07	896	1e+12
7248	metal1	108.455	896	16701	metal4	108.455	896	1e+12
7249	metal1	109.295	896	16702	metal4	109.295	896	1e+12
7250	metal1	152.07	896	16703	metal4	152.07	896	1e+12
7251	metal1	208.07	896	16704	metal4	208.07	896	1e+12
7252	metal1	264.07	896	16705	metal4	264.07	896	1e+12
7253	metal1	320.07	896	16706	metal4	320.07	896	1e+12
7254	metal1	376.07	896	16707	metal4	376.07	896	1e+12
7255	metal1	432.07	896	16708	metal4	432.07	896	1e+12
7256	metal1	488.07	896	16709	metal4	488.07	896	1e+12
7257	metal1	544.07	896	16710	metal4	544.07	896	1e+12
7258	metal1	600.07	896	16711	metal4	600.07	896	1e+12
7259	metal1	656.07	896	16712	metal4	656.07	896	1e+12
7260	metal1	712.07	896	16713	metal4	712.07	896	1e+12
7261	metal1	768.07	896	16714	metal4	768.07	896	1e+12
7262	metal1	824.07	896	16715	metal4	824.07	896	1e+12
7263	metal1	880.07	896	16716	metal4	880.07	896	1e+12
7264	metal1	936.07	896	16717	metal4	936.07	896	1e+12
7265	metal1	992.07	896	16718	metal4	992.07	896	1e+12
7266	metal1	1048.07	896	16719	metal4	1048.07	896	1e+12
7267	metal1	1086.21	896	16720	metal4	1086.21	896	1e+12
7268	metal1	14.095	898.8	16721	metal4	14.095	898.8	1e+12
7269	metal1	40.07	898.8	16722	metal4	40.07	898.8	1e+12
7270	metal1	96.07	898.8	16723	metal4	96.07	898.8	1e+12
7271	metal1	108.455	898.8	16724	metal4	108.455	898.8	1e+12
7272	metal1	109.295	898.8	16725	metal4	109.295	898.8	1e+12
7273	metal1	152.07	898.8	16726	metal4	152.07	898.8	1e+12
7274	metal1	208.07	898.8	16727	metal4	208.07	898.8	1e+12
7275	metal1	264.07	898.8	16728	metal4	264.07	898.8	1e+12
7276	metal1	320.07	898.8	16729	metal4	320.07	898.8	1e+12
7277	metal1	376.07	898.8	16730	metal4	376.07	898.8	1e+12
7278	metal1	432.07	898.8	16731	metal4	432.07	898.8	1e+12
7279	metal1	488.07	898.8	16732	metal4	488.07	898.8	1e+12
7280	metal1	544.07	898.8	16733	metal4	544.07	898.8	1e+12
7281	metal1	600.07	898.8	16734	metal4	600.07	898.8	1e+12
7282	metal1	656.07	898.8	16735	metal4	656.07	898.8	1e+12
7283	metal1	712.07	898.8	16736	metal4	712.07	898.8	1e+12
7284	metal1	768.07	898.8	16737	metal4	768.07	898.8	1e+12
7285	metal1	824.07	898.8	16738	metal4	824.07	898.8	1e+12
7286	metal1	880.07	898.8	16739	metal4	880.07	898.8	1e+12
7287	metal1	936.07	898.8	16740	metal4	936.07	898.8	1e+12
7288	metal1	992.07	898.8	16741	metal4	992.07	898.8	1e+12
7289	metal1	1048.07	898.8	16742	metal4	1048.07	898.8	1e+12
7290	metal1	1086.21	898.8	16743	metal4	1086.21	898.8	1e+12
7291	metal1	14.095	901.6	16767	metal4	14.095	901.6	1e+12
7292	metal1	40.07	901.6	16768	metal4	40.07	901.6	1e+12
7293	metal1	96.07	901.6	16769	metal4	96.07	901.6	1e+12
7294	metal1	108.455	901.6	16770	metal4	108.455	901.6	1e+12
7295	metal1	109.295	901.6	16771	metal4	109.295	901.6	1e+12
7296	metal1	152.07	901.6	16772	metal4	152.07	901.6	1e+12
7297	metal1	208.07	901.6	16773	metal4	208.07	901.6	1e+12
7298	metal1	264.07	901.6	16774	metal4	264.07	901.6	1e+12
7299	metal1	320.07	901.6	16775	metal4	320.07	901.6	1e+12
7300	metal1	376.07	901.6	16776	metal4	376.07	901.6	1e+12
7301	metal1	432.07	901.6	16777	metal4	432.07	901.6	1e+12
7302	metal1	488.07	901.6	16778	metal4	488.07	901.6	1e+12
7303	metal1	544.07	901.6	16779	metal4	544.07	901.6	1e+12
7304	metal1	600.07	901.6	16780	metal4	600.07	901.6	1e+12
7305	metal1	656.07	901.6	16781	metal4	656.07	901.6	1e+12
7306	metal1	712.07	901.6	16782	metal4	712.07	901.6	1e+12
7307	metal1	768.07	901.6	16783	metal4	768.07	901.6	1e+12
7308	metal1	824.07	901.6	16784	metal4	824.07	901.6	1e+12
7309	metal1	880.07	901.6	16785	metal4	880.07	901.6	1e+12
7310	metal1	936.07	901.6	16786	metal4	936.07	901.6	1e+12
7311	metal1	992.07	901.6	16787	metal4	992.07	901.6	1e+12
7312	metal1	1048.07	901.6	16788	metal4	1048.07	901.6	1e+12
7313	metal1	1086.21	901.6	16789	metal4	1086.21	901.6	1e+12
7314	metal1	14.095	904.4	16790	metal4	14.095	904.4	1e+12
7315	metal1	40.07	904.4	16791	metal4	40.07	904.4	1e+12
7316	metal1	96.07	904.4	16792	metal4	96.07	904.4	1e+12
7317	metal1	108.455	904.4	16793	metal4	108.455	904.4	1e+12
7318	metal1	109.295	904.4	16794	metal4	109.295	904.4	1e+12
7319	metal1	152.07	904.4	16795	metal4	152.07	904.4	1e+12
7320	metal1	208.07	904.4	16796	metal4	208.07	904.4	1e+12
7321	metal1	264.07	904.4	16797	metal4	264.07	904.4	1e+12
7322	metal1	320.07	904.4	16798	metal4	320.07	904.4	1e+12
7323	metal1	376.07	904.4	16799	metal4	376.07	904.4	1e+12
7324	metal1	432.07	904.4	16800	metal4	432.07	904.4	1e+12
7325	metal1	488.07	904.4	16801	metal4	488.07	904.4	1e+12
7326	metal1	544.07	904.4	16802	metal4	544.07	904.4	1e+12
7327	metal1	600.07	904.4	16803	metal4	600.07	904.4	1e+12
7328	metal1	656.07	904.4	16804	metal4	656.07	904.4	1e+12
7329	metal1	712.07	904.4	16805	metal4	712.07	904.4	1e+12
7330	metal1	768.07	904.4	16806	metal4	768.07	904.4	1e+12
7331	metal1	824.07	904.4	16807	metal4	824.07	904.4	1e+12
7332	metal1	880.07	904.4	16808	metal4	880.07	904.4	1e+12
7333	metal1	936.07	904.4	16809	metal4	936.07	904.4	1e+12
7334	metal1	992.07	904.4	16810	metal4	992.07	904.4	1e+12
7335	metal1	1048.07	904.4	16811	metal4	1048.07	904.4	1e+12
7336	metal1	1086.21	904.4	16812	metal4	1086.21	904.4	1e+12
7337	metal1	14.095	907.2	16813	metal4	14.095	907.2	1e+12
7338	metal1	40.07	907.2	16814	metal4	40.07	907.2	1e+12
7339	metal1	96.07	907.2	16815	metal4	96.07	907.2	1e+12
7340	metal1	108.455	907.2	16816	metal4	108.455	907.2	1e+12
7341	metal1	109.295	907.2	16817	metal4	109.295	907.2	1e+12
7342	metal1	152.07	907.2	16818	metal4	152.07	907.2	1e+12
7343	metal1	208.07	907.2	16819	metal4	208.07	907.2	1e+12
7344	metal1	264.07	907.2	16820	metal4	264.07	907.2	1e+12
7345	metal1	320.07	907.2	16821	metal4	320.07	907.2	1e+12
7346	metal1	376.07	907.2	16822	metal4	376.07	907.2	1e+12
7347	metal1	432.07	907.2	16823	metal4	432.07	907.2	1e+12
7348	metal1	488.07	907.2	16824	metal4	488.07	907.2	1e+12
7349	metal1	544.07	907.2	16825	metal4	544.07	907.2	1e+12
7350	metal1	600.07	907.2	16826	metal4	600.07	907.2	1e+12
7351	metal1	656.07	907.2	16827	metal4	656.07	907.2	1e+12
7352	metal1	712.07	907.2	16828	metal4	712.07	907.2	1e+12
7353	metal1	768.07	907.2	16829	metal4	768.07	907.2	1e+12
7354	metal1	824.07	907.2	16830	metal4	824.07	907.2	1e+12
7355	metal1	880.07	907.2	16831	metal4	880.07	907.2	1e+12
7356	metal1	936.07	907.2	16832	metal4	936.07	907.2	1e+12
7357	metal1	992.07	907.2	16833	metal4	992.07	907.2	1e+12
7358	metal1	1048.07	907.2	16834	metal4	1048.07	907.2	1e+12
7359	metal1	1086.21	907.2	16835	metal4	1086.21	907.2	1e+12
7360	metal1	14.095	910	16836	metal4	14.095	910	1e+12
7361	metal1	40.07	910	16837	metal4	40.07	910	1e+12
7362	metal1	96.07	910	16838	metal4	96.07	910	1e+12
7363	metal1	108.455	910	16839	metal4	108.455	910	1e+12
7364	metal1	109.295	910	16840	metal4	109.295	910	1e+12
7365	metal1	152.07	910	16841	metal4	152.07	910	1e+12
7366	metal1	208.07	910	16842	metal4	208.07	910	1e+12
7367	metal1	264.07	910	16843	metal4	264.07	910	1e+12
7368	metal1	320.07	910	16844	metal4	320.07	910	1e+12
7369	metal1	376.07	910	16845	metal4	376.07	910	1e+12
7370	metal1	432.07	910	16846	metal4	432.07	910	1e+12
7371	metal1	488.07	910	16847	metal4	488.07	910	1e+12
7372	metal1	544.07	910	16848	metal4	544.07	910	1e+12
7373	metal1	600.07	910	16849	metal4	600.07	910	1e+12
7374	metal1	656.07	910	16850	metal4	656.07	910	1e+12
7375	metal1	712.07	910	16851	metal4	712.07	910	1e+12
7376	metal1	768.07	910	16852	metal4	768.07	910	1e+12
7377	metal1	824.07	910	16853	metal4	824.07	910	1e+12
7378	metal1	880.07	910	16854	metal4	880.07	910	1e+12
7379	metal1	936.07	910	16855	metal4	936.07	910	1e+12
7380	metal1	992.07	910	16856	metal4	992.07	910	1e+12
7381	metal1	1048.07	910	16857	metal4	1048.07	910	1e+12
7382	metal1	1086.21	910	16858	metal4	1086.21	910	1e+12
7383	metal1	14.095	912.8	16859	metal4	14.095	912.8	1e+12
7384	metal1	40.07	912.8	16860	metal4	40.07	912.8	1e+12
7385	metal1	96.07	912.8	16861	metal4	96.07	912.8	1e+12
7386	metal1	108.455	912.8	16862	metal4	108.455	912.8	1e+12
7387	metal1	109.295	912.8	16863	metal4	109.295	912.8	1e+12
7388	metal1	152.07	912.8	16864	metal4	152.07	912.8	1e+12
7389	metal1	208.07	912.8	16865	metal4	208.07	912.8	1e+12
7390	metal1	264.07	912.8	16866	metal4	264.07	912.8	1e+12
7391	metal1	320.07	912.8	16867	metal4	320.07	912.8	1e+12
7392	metal1	376.07	912.8	16868	metal4	376.07	912.8	1e+12
7393	metal1	432.07	912.8	16869	metal4	432.07	912.8	1e+12
7394	metal1	488.07	912.8	16870	metal4	488.07	912.8	1e+12
7395	metal1	544.07	912.8	16871	metal4	544.07	912.8	1e+12
7396	metal1	600.07	912.8	16872	metal4	600.07	912.8	1e+12
7397	metal1	656.07	912.8	16873	metal4	656.07	912.8	1e+12
7398	metal1	712.07	912.8	16874	metal4	712.07	912.8	1e+12
7399	metal1	768.07	912.8	16875	metal4	768.07	912.8	1e+12
7400	metal1	824.07	912.8	16876	metal4	824.07	912.8	1e+12
7401	metal1	880.07	912.8	16877	metal4	880.07	912.8	1e+12
7402	metal1	936.07	912.8	16878	metal4	936.07	912.8	1e+12
7403	metal1	992.07	912.8	16879	metal4	992.07	912.8	1e+12
7404	metal1	1048.07	912.8	16880	metal4	1048.07	912.8	1e+12
7405	metal1	1086.21	912.8	16881	metal4	1086.21	912.8	1e+12
7406	metal1	14.095	915.6	16882	metal4	14.095	915.6	1e+12
7407	metal1	40.07	915.6	16883	metal4	40.07	915.6	1e+12
7408	metal1	96.07	915.6	16884	metal4	96.07	915.6	1e+12
7409	metal1	108.455	915.6	16885	metal4	108.455	915.6	1e+12
7410	metal1	109.295	915.6	16886	metal4	109.295	915.6	1e+12
7411	metal1	152.07	915.6	16887	metal4	152.07	915.6	1e+12
7412	metal1	208.07	915.6	16888	metal4	208.07	915.6	1e+12
7413	metal1	264.07	915.6	16889	metal4	264.07	915.6	1e+12
7414	metal1	320.07	915.6	16890	metal4	320.07	915.6	1e+12
7415	metal1	376.07	915.6	16891	metal4	376.07	915.6	1e+12
7416	metal1	432.07	915.6	16892	metal4	432.07	915.6	1e+12
7417	metal1	488.07	915.6	16893	metal4	488.07	915.6	1e+12
7418	metal1	544.07	915.6	16894	metal4	544.07	915.6	1e+12
7419	metal1	600.07	915.6	16895	metal4	600.07	915.6	1e+12
7420	metal1	656.07	915.6	16896	metal4	656.07	915.6	1e+12
7421	metal1	712.07	915.6	16897	metal4	712.07	915.6	1e+12
7422	metal1	768.07	915.6	16898	metal4	768.07	915.6	1e+12
7423	metal1	824.07	915.6	16899	metal4	824.07	915.6	1e+12
7424	metal1	880.07	915.6	16900	metal4	880.07	915.6	1e+12
7425	metal1	936.07	915.6	16901	metal4	936.07	915.6	1e+12
7426	metal1	992.07	915.6	16902	metal4	992.07	915.6	1e+12
7427	metal1	1048.07	915.6	16903	metal4	1048.07	915.6	1e+12
7428	metal1	1086.21	915.6	16904	metal4	1086.21	915.6	1e+12
7429	metal1	14.095	918.4	16905	metal4	14.095	918.4	1e+12
7430	metal1	40.07	918.4	16906	metal4	40.07	918.4	1e+12
7431	metal1	96.07	918.4	16907	metal4	96.07	918.4	1e+12
7432	metal1	108.455	918.4	16908	metal4	108.455	918.4	1e+12
7433	metal1	109.295	918.4	16909	metal4	109.295	918.4	1e+12
7434	metal1	152.07	918.4	16910	metal4	152.07	918.4	1e+12
7435	metal1	208.07	918.4	16911	metal4	208.07	918.4	1e+12
7436	metal1	264.07	918.4	16912	metal4	264.07	918.4	1e+12
7437	metal1	320.07	918.4	16913	metal4	320.07	918.4	1e+12
7438	metal1	376.07	918.4	16914	metal4	376.07	918.4	1e+12
7439	metal1	432.07	918.4	16915	metal4	432.07	918.4	1e+12
7440	metal1	488.07	918.4	16916	metal4	488.07	918.4	1e+12
7441	metal1	544.07	918.4	16917	metal4	544.07	918.4	1e+12
7442	metal1	600.07	918.4	16918	metal4	600.07	918.4	1e+12
7443	metal1	656.07	918.4	16919	metal4	656.07	918.4	1e+12
7444	metal1	712.07	918.4	16920	metal4	712.07	918.4	1e+12
7445	metal1	768.07	918.4	16921	metal4	768.07	918.4	1e+12
7446	metal1	824.07	918.4	16922	metal4	824.07	918.4	1e+12
7447	metal1	880.07	918.4	16923	metal4	880.07	918.4	1e+12
7448	metal1	936.07	918.4	16924	metal4	936.07	918.4	1e+12
7449	metal1	992.07	918.4	16925	metal4	992.07	918.4	1e+12
7450	metal1	1048.07	918.4	16926	metal4	1048.07	918.4	1e+12
7451	metal1	1086.21	918.4	16927	metal4	1086.21	918.4	1e+12
7452	metal1	14.095	921.2	16928	metal4	14.095	921.2	1e+12
7453	metal1	40.07	921.2	16929	metal4	40.07	921.2	1e+12
7454	metal1	96.07	921.2	16930	metal4	96.07	921.2	1e+12
7455	metal1	108.455	921.2	16931	metal4	108.455	921.2	1e+12
7456	metal1	109.295	921.2	16932	metal4	109.295	921.2	1e+12
7457	metal1	152.07	921.2	16933	metal4	152.07	921.2	1e+12
7458	metal1	208.07	921.2	16934	metal4	208.07	921.2	1e+12
7459	metal1	264.07	921.2	16935	metal4	264.07	921.2	1e+12
7460	metal1	320.07	921.2	16936	metal4	320.07	921.2	1e+12
7461	metal1	376.07	921.2	16937	metal4	376.07	921.2	1e+12
7462	metal1	432.07	921.2	16938	metal4	432.07	921.2	1e+12
7463	metal1	488.07	921.2	16939	metal4	488.07	921.2	1e+12
7464	metal1	544.07	921.2	16940	metal4	544.07	921.2	1e+12
7465	metal1	600.07	921.2	16941	metal4	600.07	921.2	1e+12
7466	metal1	656.07	921.2	16942	metal4	656.07	921.2	1e+12
7467	metal1	712.07	921.2	16943	metal4	712.07	921.2	1e+12
7468	metal1	768.07	921.2	16944	metal4	768.07	921.2	1e+12
7469	metal1	824.07	921.2	16945	metal4	824.07	921.2	1e+12
7470	metal1	880.07	921.2	16946	metal4	880.07	921.2	1e+12
7471	metal1	936.07	921.2	16947	metal4	936.07	921.2	1e+12
7472	metal1	992.07	921.2	16948	metal4	992.07	921.2	1e+12
7473	metal1	1048.07	921.2	16949	metal4	1048.07	921.2	1e+12
7474	metal1	1086.21	921.2	16950	metal4	1086.21	921.2	1e+12
7475	metal1	14.095	924	16951	metal4	14.095	924	1e+12
7476	metal1	40.07	924	16952	metal4	40.07	924	1e+12
7477	metal1	96.07	924	16953	metal4	96.07	924	1e+12
7478	metal1	108.455	924	16954	metal4	108.455	924	1e+12
7479	metal1	109.295	924	16955	metal4	109.295	924	1e+12
7480	metal1	152.07	924	16956	metal4	152.07	924	1e+12
7481	metal1	208.07	924	16957	metal4	208.07	924	1e+12
7482	metal1	264.07	924	16958	metal4	264.07	924	1e+12
7483	metal1	320.07	924	16959	metal4	320.07	924	1e+12
7484	metal1	376.07	924	16960	metal4	376.07	924	1e+12
7485	metal1	432.07	924	16961	metal4	432.07	924	1e+12
7486	metal1	488.07	924	16962	metal4	488.07	924	1e+12
7487	metal1	544.07	924	16963	metal4	544.07	924	1e+12
7488	metal1	600.07	924	16964	metal4	600.07	924	1e+12
7489	metal1	656.07	924	16965	metal4	656.07	924	1e+12
7490	metal1	712.07	924	16966	metal4	712.07	924	1e+12
7491	metal1	768.07	924	16967	metal4	768.07	924	1e+12
7492	metal1	824.07	924	16968	metal4	824.07	924	1e+12
7493	metal1	880.07	924	16969	metal4	880.07	924	1e+12
7494	metal1	936.07	924	16970	metal4	936.07	924	1e+12
7495	metal1	992.07	924	16971	metal4	992.07	924	1e+12
7496	metal1	1048.07	924	16972	metal4	1048.07	924	1e+12
7497	metal1	1086.21	924	16973	metal4	1086.21	924	1e+12
7498	metal1	14.095	926.8	16974	metal4	14.095	926.8	1e+12
7499	metal1	40.07	926.8	16975	metal4	40.07	926.8	1e+12
7500	metal1	96.07	926.8	16976	metal4	96.07	926.8	1e+12
7501	metal1	108.455	926.8	16977	metal4	108.455	926.8	1e+12
7502	metal1	109.295	926.8	16978	metal4	109.295	926.8	1e+12
7503	metal1	152.07	926.8	16979	metal4	152.07	926.8	1e+12
7504	metal1	208.07	926.8	16980	metal4	208.07	926.8	1e+12
7505	metal1	264.07	926.8	16981	metal4	264.07	926.8	1e+12
7506	metal1	320.07	926.8	16982	metal4	320.07	926.8	1e+12
7507	metal1	376.07	926.8	16983	metal4	376.07	926.8	1e+12
7508	metal1	432.07	926.8	16984	metal4	432.07	926.8	1e+12
7509	metal1	488.07	926.8	16985	metal4	488.07	926.8	1e+12
7510	metal1	544.07	926.8	16986	metal4	544.07	926.8	1e+12
7511	metal1	600.07	926.8	16987	metal4	600.07	926.8	1e+12
7512	metal1	656.07	926.8	16988	metal4	656.07	926.8	1e+12
7513	metal1	712.07	926.8	16989	metal4	712.07	926.8	1e+12
7514	metal1	768.07	926.8	16990	metal4	768.07	926.8	1e+12
7515	metal1	824.07	926.8	16991	metal4	824.07	926.8	1e+12
7516	metal1	880.07	926.8	16992	metal4	880.07	926.8	1e+12
7517	metal1	936.07	926.8	16993	metal4	936.07	926.8	1e+12
7518	metal1	992.07	926.8	16994	metal4	992.07	926.8	1e+12
7519	metal1	1048.07	926.8	16995	metal4	1048.07	926.8	1e+12
7520	metal1	1086.21	926.8	16996	metal4	1086.21	926.8	1e+12
7521	metal1	14.095	929.6	16997	metal4	14.095	929.6	1e+12
7522	metal1	40.07	929.6	16998	metal4	40.07	929.6	1e+12
7523	metal1	96.07	929.6	16999	metal4	96.07	929.6	1e+12
7524	metal1	108.455	929.6	17000	metal4	108.455	929.6	1e+12
7525	metal1	109.295	929.6	17001	metal4	109.295	929.6	1e+12
7526	metal1	152.07	929.6	17002	metal4	152.07	929.6	1e+12
7527	metal1	208.07	929.6	17003	metal4	208.07	929.6	1e+12
7528	metal1	264.07	929.6	17004	metal4	264.07	929.6	1e+12
7529	metal1	320.07	929.6	17005	metal4	320.07	929.6	1e+12
7530	metal1	376.07	929.6	17006	metal4	376.07	929.6	1e+12
7531	metal1	432.07	929.6	17007	metal4	432.07	929.6	1e+12
7532	metal1	488.07	929.6	17008	metal4	488.07	929.6	1e+12
7533	metal1	544.07	929.6	17009	metal4	544.07	929.6	1e+12
7534	metal1	600.07	929.6	17010	metal4	600.07	929.6	1e+12
7535	metal1	656.07	929.6	17011	metal4	656.07	929.6	1e+12
7536	metal1	712.07	929.6	17012	metal4	712.07	929.6	1e+12
7537	metal1	768.07	929.6	17013	metal4	768.07	929.6	1e+12
7538	metal1	824.07	929.6	17014	metal4	824.07	929.6	1e+12
7539	metal1	880.07	929.6	17015	metal4	880.07	929.6	1e+12
7540	metal1	936.07	929.6	17016	metal4	936.07	929.6	1e+12
7541	metal1	992.07	929.6	17017	metal4	992.07	929.6	1e+12
7542	metal1	1048.07	929.6	17018	metal4	1048.07	929.6	1e+12
7543	metal1	1086.21	929.6	17019	metal4	1086.21	929.6	1e+12
7544	metal1	14.095	932.4	17020	metal4	14.095	932.4	1e+12
7545	metal1	40.07	932.4	17021	metal4	40.07	932.4	1e+12
7546	metal1	96.07	932.4	17022	metal4	96.07	932.4	1e+12
7547	metal1	108.455	932.4	17023	metal4	108.455	932.4	1e+12
7548	metal1	109.295	932.4	17024	metal4	109.295	932.4	1e+12
7549	metal1	152.07	932.4	17025	metal4	152.07	932.4	1e+12
7550	metal1	208.07	932.4	17026	metal4	208.07	932.4	1e+12
7551	metal1	264.07	932.4	17027	metal4	264.07	932.4	1e+12
7552	metal1	320.07	932.4	17028	metal4	320.07	932.4	1e+12
7553	metal1	376.07	932.4	17029	metal4	376.07	932.4	1e+12
7554	metal1	432.07	932.4	17030	metal4	432.07	932.4	1e+12
7555	metal1	488.07	932.4	17031	metal4	488.07	932.4	1e+12
7556	metal1	544.07	932.4	17032	metal4	544.07	932.4	1e+12
7557	metal1	600.07	932.4	17033	metal4	600.07	932.4	1e+12
7558	metal1	656.07	932.4	17034	metal4	656.07	932.4	1e+12
7559	metal1	712.07	932.4	17035	metal4	712.07	932.4	1e+12
7560	metal1	768.07	932.4	17036	metal4	768.07	932.4	1e+12
7561	metal1	824.07	932.4	17037	metal4	824.07	932.4	1e+12
7562	metal1	880.07	932.4	17038	metal4	880.07	932.4	1e+12
7563	metal1	936.07	932.4	17039	metal4	936.07	932.4	1e+12
7564	metal1	992.07	932.4	17040	metal4	992.07	932.4	1e+12
7565	metal1	1048.07	932.4	17041	metal4	1048.07	932.4	1e+12
7566	metal1	1086.21	932.4	17042	metal4	1086.21	932.4	1e+12
7567	metal1	14.095	935.2	17043	metal4	14.095	935.2	1e+12
7568	metal1	40.07	935.2	17044	metal4	40.07	935.2	1e+12
7569	metal1	96.07	935.2	17045	metal4	96.07	935.2	1e+12
7570	metal1	108.455	935.2	17046	metal4	108.455	935.2	1e+12
7571	metal1	109.295	935.2	17047	metal4	109.295	935.2	1e+12
7572	metal1	152.07	935.2	17048	metal4	152.07	935.2	1e+12
7573	metal1	208.07	935.2	17049	metal4	208.07	935.2	1e+12
7574	metal1	264.07	935.2	17050	metal4	264.07	935.2	1e+12
7575	metal1	320.07	935.2	17051	metal4	320.07	935.2	1e+12
7576	metal1	376.07	935.2	17052	metal4	376.07	935.2	1e+12
7577	metal1	432.07	935.2	17053	metal4	432.07	935.2	1e+12
7578	metal1	488.07	935.2	17054	metal4	488.07	935.2	1e+12
7579	metal1	544.07	935.2	17055	metal4	544.07	935.2	1e+12
7580	metal1	600.07	935.2	17056	metal4	600.07	935.2	1e+12
7581	metal1	656.07	935.2	17057	metal4	656.07	935.2	1e+12
7582	metal1	712.07	935.2	17058	metal4	712.07	935.2	1e+12
7583	metal1	768.07	935.2	17059	metal4	768.07	935.2	1e+12
7584	metal1	824.07	935.2	17060	metal4	824.07	935.2	1e+12
7585	metal1	880.07	935.2	17061	metal4	880.07	935.2	1e+12
7586	metal1	936.07	935.2	17062	metal4	936.07	935.2	1e+12
7587	metal1	992.07	935.2	17063	metal4	992.07	935.2	1e+12
7588	metal1	1048.07	935.2	17064	metal4	1048.07	935.2	1e+12
7589	metal1	1086.21	935.2	17065	metal4	1086.21	935.2	1e+12
7590	metal1	14.095	938	17066	metal4	14.095	938	1e+12
7591	metal1	40.07	938	17067	metal4	40.07	938	1e+12
7592	metal1	96.07	938	17068	metal4	96.07	938	1e+12
7593	metal1	108.455	938	17069	metal4	108.455	938	1e+12
7594	metal1	109.295	938	17070	metal4	109.295	938	1e+12
7595	metal1	152.07	938	17071	metal4	152.07	938	1e+12
7596	metal1	208.07	938	17072	metal4	208.07	938	1e+12
7597	metal1	264.07	938	17073	metal4	264.07	938	1e+12
7598	metal1	320.07	938	17074	metal4	320.07	938	1e+12
7599	metal1	376.07	938	17075	metal4	376.07	938	1e+12
7600	metal1	432.07	938	17076	metal4	432.07	938	1e+12
7601	metal1	488.07	938	17077	metal4	488.07	938	1e+12
7602	metal1	544.07	938	17078	metal4	544.07	938	1e+12
7603	metal1	600.07	938	17079	metal4	600.07	938	1e+12
7604	metal1	656.07	938	17080	metal4	656.07	938	1e+12
7605	metal1	712.07	938	17081	metal4	712.07	938	1e+12
7606	metal1	768.07	938	17082	metal4	768.07	938	1e+12
7607	metal1	824.07	938	17083	metal4	824.07	938	1e+12
7608	metal1	880.07	938	17084	metal4	880.07	938	1e+12
7609	metal1	936.07	938	17085	metal4	936.07	938	1e+12
7610	metal1	992.07	938	17086	metal4	992.07	938	1e+12
7611	metal1	1048.07	938	17087	metal4	1048.07	938	1e+12
7612	metal1	1086.21	938	17088	metal4	1086.21	938	1e+12
7613	metal1	14.095	940.8	17089	metal4	14.095	940.8	1e+12
7614	metal1	40.07	940.8	17090	metal4	40.07	940.8	1e+12
7615	metal1	96.07	940.8	17091	metal4	96.07	940.8	1e+12
7616	metal1	108.455	940.8	17092	metal4	108.455	940.8	1e+12
7617	metal1	109.295	940.8	17093	metal4	109.295	940.8	1e+12
7618	metal1	152.07	940.8	17094	metal4	152.07	940.8	1e+12
7619	metal1	208.07	940.8	17095	metal4	208.07	940.8	1e+12
7620	metal1	264.07	940.8	17096	metal4	264.07	940.8	1e+12
7621	metal1	320.07	940.8	17097	metal4	320.07	940.8	1e+12
7622	metal1	376.07	940.8	17098	metal4	376.07	940.8	1e+12
7623	metal1	432.07	940.8	17099	metal4	432.07	940.8	1e+12
7624	metal1	488.07	940.8	17100	metal4	488.07	940.8	1e+12
7625	metal1	544.07	940.8	17101	metal4	544.07	940.8	1e+12
7626	metal1	600.07	940.8	17102	metal4	600.07	940.8	1e+12
7627	metal1	656.07	940.8	17103	metal4	656.07	940.8	1e+12
7628	metal1	712.07	940.8	17104	metal4	712.07	940.8	1e+12
7629	metal1	768.07	940.8	17105	metal4	768.07	940.8	1e+12
7630	metal1	824.07	940.8	17106	metal4	824.07	940.8	1e+12
7631	metal1	880.07	940.8	17107	metal4	880.07	940.8	1e+12
7632	metal1	936.07	940.8	17108	metal4	936.07	940.8	1e+12
7633	metal1	992.07	940.8	17109	metal4	992.07	940.8	1e+12
7634	metal1	1048.07	940.8	17110	metal4	1048.07	940.8	1e+12
7635	metal1	1086.21	940.8	17111	metal4	1086.21	940.8	1e+12
7636	metal1	14.095	943.6	17112	metal4	14.095	943.6	1e+12
7637	metal1	40.07	943.6	17113	metal4	40.07	943.6	1e+12
7638	metal1	96.07	943.6	17114	metal4	96.07	943.6	1e+12
7639	metal1	108.455	943.6	17115	metal4	108.455	943.6	1e+12
7640	metal1	109.295	943.6	17116	metal4	109.295	943.6	1e+12
7641	metal1	152.07	943.6	17117	metal4	152.07	943.6	1e+12
7642	metal1	208.07	943.6	17118	metal4	208.07	943.6	1e+12
7643	metal1	264.07	943.6	17119	metal4	264.07	943.6	1e+12
7644	metal1	320.07	943.6	17120	metal4	320.07	943.6	1e+12
7645	metal1	376.07	943.6	17121	metal4	376.07	943.6	1e+12
7646	metal1	432.07	943.6	17122	metal4	432.07	943.6	1e+12
7647	metal1	488.07	943.6	17123	metal4	488.07	943.6	1e+12
7648	metal1	544.07	943.6	17124	metal4	544.07	943.6	1e+12
7649	metal1	600.07	943.6	17125	metal4	600.07	943.6	1e+12
7650	metal1	656.07	943.6	17126	metal4	656.07	943.6	1e+12
7651	metal1	712.07	943.6	17127	metal4	712.07	943.6	1e+12
7652	metal1	768.07	943.6	17128	metal4	768.07	943.6	1e+12
7653	metal1	824.07	943.6	17129	metal4	824.07	943.6	1e+12
7654	metal1	880.07	943.6	17130	metal4	880.07	943.6	1e+12
7655	metal1	936.07	943.6	17131	metal4	936.07	943.6	1e+12
7656	metal1	992.07	943.6	17132	metal4	992.07	943.6	1e+12
7657	metal1	1048.07	943.6	17133	metal4	1048.07	943.6	1e+12
7658	metal1	1086.21	943.6	17134	metal4	1086.21	943.6	1e+12
7659	metal1	14.095	946.4	17135	metal4	14.095	946.4	1e+12
7660	metal1	40.07	946.4	17136	metal4	40.07	946.4	1e+12
7661	metal1	96.07	946.4	17137	metal4	96.07	946.4	1e+12
7662	metal1	108.455	946.4	17138	metal4	108.455	946.4	1e+12
7663	metal1	109.295	946.4	17139	metal4	109.295	946.4	1e+12
7664	metal1	152.07	946.4	17140	metal4	152.07	946.4	1e+12
7665	metal1	208.07	946.4	17141	metal4	208.07	946.4	1e+12
7666	metal1	264.07	946.4	17142	metal4	264.07	946.4	1e+12
7667	metal1	320.07	946.4	17143	metal4	320.07	946.4	1e+12
7668	metal1	376.07	946.4	17144	metal4	376.07	946.4	1e+12
7669	metal1	432.07	946.4	17145	metal4	432.07	946.4	1e+12
7670	metal1	488.07	946.4	17146	metal4	488.07	946.4	1e+12
7671	metal1	544.07	946.4	17147	metal4	544.07	946.4	1e+12
7672	metal1	600.07	946.4	17148	metal4	600.07	946.4	1e+12
7673	metal1	656.07	946.4	17149	metal4	656.07	946.4	1e+12
7674	metal1	712.07	946.4	17150	metal4	712.07	946.4	1e+12
7675	metal1	768.07	946.4	17151	metal4	768.07	946.4	1e+12
7676	metal1	824.07	946.4	17152	metal4	824.07	946.4	1e+12
7677	metal1	880.07	946.4	17153	metal4	880.07	946.4	1e+12
7678	metal1	936.07	946.4	17154	metal4	936.07	946.4	1e+12
7679	metal1	992.07	946.4	17155	metal4	992.07	946.4	1e+12
7680	metal1	1048.07	946.4	17156	metal4	1048.07	946.4	1e+12
7681	metal1	1086.21	946.4	17157	metal4	1086.21	946.4	1e+12
7682	metal1	14.095	949.2	17158	metal4	14.095	949.2	1e+12
7683	metal1	40.07	949.2	17159	metal4	40.07	949.2	1e+12
7684	metal1	96.07	949.2	17160	metal4	96.07	949.2	1e+12
7685	metal1	108.455	949.2	17161	metal4	108.455	949.2	1e+12
7686	metal1	109.295	949.2	17162	metal4	109.295	949.2	1e+12
7687	metal1	152.07	949.2	17163	metal4	152.07	949.2	1e+12
7688	metal1	208.07	949.2	17164	metal4	208.07	949.2	1e+12
7689	metal1	264.07	949.2	17165	metal4	264.07	949.2	1e+12
7690	metal1	320.07	949.2	17166	metal4	320.07	949.2	1e+12
7691	metal1	376.07	949.2	17167	metal4	376.07	949.2	1e+12
7692	metal1	432.07	949.2	17168	metal4	432.07	949.2	1e+12
7693	metal1	488.07	949.2	17169	metal4	488.07	949.2	1e+12
7694	metal1	544.07	949.2	17170	metal4	544.07	949.2	1e+12
7695	metal1	600.07	949.2	17171	metal4	600.07	949.2	1e+12
7696	metal1	656.07	949.2	17172	metal4	656.07	949.2	1e+12
7697	metal1	712.07	949.2	17173	metal4	712.07	949.2	1e+12
7698	metal1	768.07	949.2	17174	metal4	768.07	949.2	1e+12
7699	metal1	824.07	949.2	17175	metal4	824.07	949.2	1e+12
7700	metal1	880.07	949.2	17176	metal4	880.07	949.2	1e+12
7701	metal1	936.07	949.2	17177	metal4	936.07	949.2	1e+12
7702	metal1	992.07	949.2	17178	metal4	992.07	949.2	1e+12
7703	metal1	1048.07	949.2	17179	metal4	1048.07	949.2	1e+12
7704	metal1	1086.21	949.2	17180	metal4	1086.21	949.2	1e+12
7705	metal1	14.095	952	17181	metal4	14.095	952	1e+12
7706	metal1	40.07	952	17182	metal4	40.07	952	1e+12
7707	metal1	96.07	952	17183	metal4	96.07	952	1e+12
7708	metal1	108.455	952	17184	metal4	108.455	952	1e+12
7709	metal1	109.295	952	17185	metal4	109.295	952	1e+12
7710	metal1	152.07	952	17186	metal4	152.07	952	1e+12
7711	metal1	208.07	952	17187	metal4	208.07	952	1e+12
7712	metal1	264.07	952	17188	metal4	264.07	952	1e+12
7713	metal1	320.07	952	17189	metal4	320.07	952	1e+12
7714	metal1	376.07	952	17190	metal4	376.07	952	1e+12
7715	metal1	432.07	952	17191	metal4	432.07	952	1e+12
7716	metal1	488.07	952	17192	metal4	488.07	952	1e+12
7717	metal1	544.07	952	17193	metal4	544.07	952	1e+12
7718	metal1	600.07	952	17194	metal4	600.07	952	1e+12
7719	metal1	656.07	952	17195	metal4	656.07	952	1e+12
7720	metal1	712.07	952	17196	metal4	712.07	952	1e+12
7721	metal1	768.07	952	17197	metal4	768.07	952	1e+12
7722	metal1	824.07	952	17198	metal4	824.07	952	1e+12
7723	metal1	880.07	952	17199	metal4	880.07	952	1e+12
7724	metal1	936.07	952	17200	metal4	936.07	952	1e+12
7725	metal1	992.07	952	17201	metal4	992.07	952	1e+12
7726	metal1	1048.07	952	17202	metal4	1048.07	952	1e+12
7727	metal1	1086.21	952	17203	metal4	1086.21	952	1e+12
7728	metal1	14.095	954.8	17204	metal4	14.095	954.8	1e+12
7729	metal1	40.07	954.8	17205	metal4	40.07	954.8	1e+12
7730	metal1	96.07	954.8	17206	metal4	96.07	954.8	1e+12
7731	metal1	108.455	954.8	17207	metal4	108.455	954.8	1e+12
7732	metal1	109.295	954.8	17208	metal4	109.295	954.8	1e+12
7733	metal1	152.07	954.8	17209	metal4	152.07	954.8	1e+12
7734	metal1	208.07	954.8	17210	metal4	208.07	954.8	1e+12
7735	metal1	264.07	954.8	17211	metal4	264.07	954.8	1e+12
7736	metal1	320.07	954.8	17212	metal4	320.07	954.8	1e+12
7737	metal1	376.07	954.8	17213	metal4	376.07	954.8	1e+12
7738	metal1	432.07	954.8	17214	metal4	432.07	954.8	1e+12
7739	metal1	488.07	954.8	17215	metal4	488.07	954.8	1e+12
7740	metal1	544.07	954.8	17216	metal4	544.07	954.8	1e+12
7741	metal1	600.07	954.8	17217	metal4	600.07	954.8	1e+12
7742	metal1	656.07	954.8	17218	metal4	656.07	954.8	1e+12
7743	metal1	712.07	954.8	17219	metal4	712.07	954.8	1e+12
7744	metal1	768.07	954.8	17220	metal4	768.07	954.8	1e+12
7745	metal1	824.07	954.8	17221	metal4	824.07	954.8	1e+12
7746	metal1	880.07	954.8	17222	metal4	880.07	954.8	1e+12
7747	metal1	936.07	954.8	17223	metal4	936.07	954.8	1e+12
7748	metal1	992.07	954.8	17224	metal4	992.07	954.8	1e+12
7749	metal1	1048.07	954.8	17225	metal4	1048.07	954.8	1e+12
7750	metal1	1086.21	954.8	17226	metal4	1086.21	954.8	1e+12
7751	metal1	14.095	957.6	17227	metal4	14.095	957.6	1e+12
7752	metal1	40.07	957.6	17228	metal4	40.07	957.6	1e+12
7753	metal1	96.07	957.6	17229	metal4	96.07	957.6	1e+12
7754	metal1	108.455	957.6	17230	metal4	108.455	957.6	1e+12
7755	metal1	109.295	957.6	17231	metal4	109.295	957.6	1e+12
7756	metal1	152.07	957.6	17232	metal4	152.07	957.6	1e+12
7757	metal1	208.07	957.6	17233	metal4	208.07	957.6	1e+12
7758	metal1	264.07	957.6	17234	metal4	264.07	957.6	1e+12
7759	metal1	320.07	957.6	17235	metal4	320.07	957.6	1e+12
7760	metal1	376.07	957.6	17236	metal4	376.07	957.6	1e+12
7761	metal1	432.07	957.6	17237	metal4	432.07	957.6	1e+12
7762	metal1	488.07	957.6	17238	metal4	488.07	957.6	1e+12
7763	metal1	544.07	957.6	17239	metal4	544.07	957.6	1e+12
7764	metal1	600.07	957.6	17240	metal4	600.07	957.6	1e+12
7765	metal1	656.07	957.6	17241	metal4	656.07	957.6	1e+12
7766	metal1	712.07	957.6	17242	metal4	712.07	957.6	1e+12
7767	metal1	768.07	957.6	17243	metal4	768.07	957.6	1e+12
7768	metal1	824.07	957.6	17244	metal4	824.07	957.6	1e+12
7769	metal1	880.07	957.6	17245	metal4	880.07	957.6	1e+12
7770	metal1	936.07	957.6	17246	metal4	936.07	957.6	1e+12
7771	metal1	992.07	957.6	17247	metal4	992.07	957.6	1e+12
7772	metal1	1048.07	957.6	17248	metal4	1048.07	957.6	1e+12
7773	metal1	1086.21	957.6	17249	metal4	1086.21	957.6	1e+12
7774	metal1	14.095	960.4	17273	metal4	14.095	960.4	1e+12
7775	metal1	40.07	960.4	17274	metal4	40.07	960.4	1e+12
7776	metal1	96.07	960.4	17275	metal4	96.07	960.4	1e+12
7777	metal1	108.455	960.4	17276	metal4	108.455	960.4	1e+12
7778	metal1	109.295	960.4	17277	metal4	109.295	960.4	1e+12
7779	metal1	152.07	960.4	17278	metal4	152.07	960.4	1e+12
7780	metal1	208.07	960.4	17279	metal4	208.07	960.4	1e+12
7781	metal1	264.07	960.4	17280	metal4	264.07	960.4	1e+12
7782	metal1	320.07	960.4	17281	metal4	320.07	960.4	1e+12
7783	metal1	376.07	960.4	17282	metal4	376.07	960.4	1e+12
7784	metal1	432.07	960.4	17283	metal4	432.07	960.4	1e+12
7785	metal1	488.07	960.4	17284	metal4	488.07	960.4	1e+12
7786	metal1	544.07	960.4	17285	metal4	544.07	960.4	1e+12
7787	metal1	600.07	960.4	17286	metal4	600.07	960.4	1e+12
7788	metal1	656.07	960.4	17287	metal4	656.07	960.4	1e+12
7789	metal1	712.07	960.4	17288	metal4	712.07	960.4	1e+12
7790	metal1	768.07	960.4	17289	metal4	768.07	960.4	1e+12
7791	metal1	824.07	960.4	17290	metal4	824.07	960.4	1e+12
7792	metal1	880.07	960.4	17291	metal4	880.07	960.4	1e+12
7793	metal1	936.07	960.4	17292	metal4	936.07	960.4	1e+12
7794	metal1	992.07	960.4	17293	metal4	992.07	960.4	1e+12
7795	metal1	1048.07	960.4	17294	metal4	1048.07	960.4	1e+12
7796	metal1	1086.21	960.4	17295	metal4	1086.21	960.4	1e+12
7797	metal1	14.095	963.2	17296	metal4	14.095	963.2	1e+12
7798	metal1	40.07	963.2	17297	metal4	40.07	963.2	1e+12
7799	metal1	96.07	963.2	17298	metal4	96.07	963.2	1e+12
7800	metal1	108.455	963.2	17299	metal4	108.455	963.2	1e+12
7801	metal1	109.295	963.2	17300	metal4	109.295	963.2	1e+12
7802	metal1	152.07	963.2	17301	metal4	152.07	963.2	1e+12
7803	metal1	208.07	963.2	17302	metal4	208.07	963.2	1e+12
7804	metal1	264.07	963.2	17303	metal4	264.07	963.2	1e+12
7805	metal1	320.07	963.2	17304	metal4	320.07	963.2	1e+12
7806	metal1	376.07	963.2	17305	metal4	376.07	963.2	1e+12
7807	metal1	432.07	963.2	17306	metal4	432.07	963.2	1e+12
7808	metal1	488.07	963.2	17307	metal4	488.07	963.2	1e+12
7809	metal1	544.07	963.2	17308	metal4	544.07	963.2	1e+12
7810	metal1	600.07	963.2	17309	metal4	600.07	963.2	1e+12
7811	metal1	656.07	963.2	17310	metal4	656.07	963.2	1e+12
7812	metal1	712.07	963.2	17311	metal4	712.07	963.2	1e+12
7813	metal1	768.07	963.2	17312	metal4	768.07	963.2	1e+12
7814	metal1	824.07	963.2	17313	metal4	824.07	963.2	1e+12
7815	metal1	880.07	963.2	17314	metal4	880.07	963.2	1e+12
7816	metal1	936.07	963.2	17315	metal4	936.07	963.2	1e+12
7817	metal1	992.07	963.2	17316	metal4	992.07	963.2	1e+12
7818	metal1	1048.07	963.2	17317	metal4	1048.07	963.2	1e+12
7819	metal1	1086.21	963.2	17318	metal4	1086.21	963.2	1e+12
7820	metal1	14.095	966	17319	metal4	14.095	966	1e+12
7821	metal1	40.07	966	17320	metal4	40.07	966	1e+12
7822	metal1	96.07	966	17321	metal4	96.07	966	1e+12
7823	metal1	108.455	966	17322	metal4	108.455	966	1e+12
7824	metal1	109.295	966	17323	metal4	109.295	966	1e+12
7825	metal1	152.07	966	17324	metal4	152.07	966	1e+12
7826	metal1	208.07	966	17325	metal4	208.07	966	1e+12
7827	metal1	264.07	966	17326	metal4	264.07	966	1e+12
7828	metal1	320.07	966	17327	metal4	320.07	966	1e+12
7829	metal1	376.07	966	17328	metal4	376.07	966	1e+12
7830	metal1	432.07	966	17329	metal4	432.07	966	1e+12
7831	metal1	488.07	966	17330	metal4	488.07	966	1e+12
7832	metal1	544.07	966	17331	metal4	544.07	966	1e+12
7833	metal1	600.07	966	17332	metal4	600.07	966	1e+12
7834	metal1	656.07	966	17333	metal4	656.07	966	1e+12
7835	metal1	712.07	966	17334	metal4	712.07	966	1e+12
7836	metal1	768.07	966	17335	metal4	768.07	966	1e+12
7837	metal1	824.07	966	17336	metal4	824.07	966	1e+12
7838	metal1	880.07	966	17337	metal4	880.07	966	1e+12
7839	metal1	936.07	966	17338	metal4	936.07	966	1e+12
7840	metal1	992.07	966	17339	metal4	992.07	966	1e+12
7841	metal1	1048.07	966	17340	metal4	1048.07	966	1e+12
7842	metal1	1086.21	966	17341	metal4	1086.21	966	1e+12
7843	metal1	14.095	968.8	17342	metal4	14.095	968.8	1e+12
7844	metal1	40.07	968.8	17343	metal4	40.07	968.8	1e+12
7845	metal1	96.07	968.8	17344	metal4	96.07	968.8	1e+12
7846	metal1	108.455	968.8	17345	metal4	108.455	968.8	1e+12
7847	metal1	109.295	968.8	17346	metal4	109.295	968.8	1e+12
7848	metal1	152.07	968.8	17347	metal4	152.07	968.8	1e+12
7849	metal1	208.07	968.8	17348	metal4	208.07	968.8	1e+12
7850	metal1	264.07	968.8	17349	metal4	264.07	968.8	1e+12
7851	metal1	320.07	968.8	17350	metal4	320.07	968.8	1e+12
7852	metal1	376.07	968.8	17351	metal4	376.07	968.8	1e+12
7853	metal1	432.07	968.8	17352	metal4	432.07	968.8	1e+12
7854	metal1	488.07	968.8	17353	metal4	488.07	968.8	1e+12
7855	metal1	544.07	968.8	17354	metal4	544.07	968.8	1e+12
7856	metal1	600.07	968.8	17355	metal4	600.07	968.8	1e+12
7857	metal1	656.07	968.8	17356	metal4	656.07	968.8	1e+12
7858	metal1	712.07	968.8	17357	metal4	712.07	968.8	1e+12
7859	metal1	768.07	968.8	17358	metal4	768.07	968.8	1e+12
7860	metal1	824.07	968.8	17359	metal4	824.07	968.8	1e+12
7861	metal1	880.07	968.8	17360	metal4	880.07	968.8	1e+12
7862	metal1	936.07	968.8	17361	metal4	936.07	968.8	1e+12
7863	metal1	992.07	968.8	17362	metal4	992.07	968.8	1e+12
7864	metal1	1048.07	968.8	17363	metal4	1048.07	968.8	1e+12
7865	metal1	1086.21	968.8	17364	metal4	1086.21	968.8	1e+12
7866	metal1	14.095	971.6	17365	metal4	14.095	971.6	1e+12
7867	metal1	40.07	971.6	17366	metal4	40.07	971.6	1e+12
7868	metal1	96.07	971.6	17367	metal4	96.07	971.6	1e+12
7869	metal1	108.455	971.6	17368	metal4	108.455	971.6	1e+12
7870	metal1	109.295	971.6	17369	metal4	109.295	971.6	1e+12
7871	metal1	152.07	971.6	17370	metal4	152.07	971.6	1e+12
7872	metal1	208.07	971.6	17371	metal4	208.07	971.6	1e+12
7873	metal1	264.07	971.6	17372	metal4	264.07	971.6	1e+12
7874	metal1	320.07	971.6	17373	metal4	320.07	971.6	1e+12
7875	metal1	376.07	971.6	17374	metal4	376.07	971.6	1e+12
7876	metal1	432.07	971.6	17375	metal4	432.07	971.6	1e+12
7877	metal1	488.07	971.6	17376	metal4	488.07	971.6	1e+12
7878	metal1	544.07	971.6	17377	metal4	544.07	971.6	1e+12
7879	metal1	600.07	971.6	17378	metal4	600.07	971.6	1e+12
7880	metal1	656.07	971.6	17379	metal4	656.07	971.6	1e+12
7881	metal1	712.07	971.6	17380	metal4	712.07	971.6	1e+12
7882	metal1	768.07	971.6	17381	metal4	768.07	971.6	1e+12
7883	metal1	824.07	971.6	17382	metal4	824.07	971.6	1e+12
7884	metal1	880.07	971.6	17383	metal4	880.07	971.6	1e+12
7885	metal1	936.07	971.6	17384	metal4	936.07	971.6	1e+12
7886	metal1	992.07	971.6	17385	metal4	992.07	971.6	1e+12
7887	metal1	1048.07	971.6	17386	metal4	1048.07	971.6	1e+12
7888	metal1	1086.21	971.6	17387	metal4	1086.21	971.6	1e+12
7889	metal1	14.095	974.4	17388	metal4	14.095	974.4	1e+12
7890	metal1	40.07	974.4	17389	metal4	40.07	974.4	1e+12
7891	metal1	96.07	974.4	17390	metal4	96.07	974.4	1e+12
7892	metal1	108.455	974.4	17391	metal4	108.455	974.4	1e+12
7893	metal1	109.295	974.4	17392	metal4	109.295	974.4	1e+12
7894	metal1	152.07	974.4	17393	metal4	152.07	974.4	1e+12
7895	metal1	208.07	974.4	17394	metal4	208.07	974.4	1e+12
7896	metal1	264.07	974.4	17395	metal4	264.07	974.4	1e+12
7897	metal1	320.07	974.4	17396	metal4	320.07	974.4	1e+12
7898	metal1	376.07	974.4	17397	metal4	376.07	974.4	1e+12
7899	metal1	432.07	974.4	17398	metal4	432.07	974.4	1e+12
7900	metal1	488.07	974.4	17399	metal4	488.07	974.4	1e+12
7901	metal1	544.07	974.4	17400	metal4	544.07	974.4	1e+12
7902	metal1	600.07	974.4	17401	metal4	600.07	974.4	1e+12
7903	metal1	656.07	974.4	17402	metal4	656.07	974.4	1e+12
7904	metal1	712.07	974.4	17403	metal4	712.07	974.4	1e+12
7905	metal1	768.07	974.4	17404	metal4	768.07	974.4	1e+12
7906	metal1	824.07	974.4	17405	metal4	824.07	974.4	1e+12
7907	metal1	880.07	974.4	17406	metal4	880.07	974.4	1e+12
7908	metal1	936.07	974.4	17407	metal4	936.07	974.4	1e+12
7909	metal1	992.07	974.4	17408	metal4	992.07	974.4	1e+12
7910	metal1	1048.07	974.4	17409	metal4	1048.07	974.4	1e+12
7911	metal1	1086.21	974.4	17410	metal4	1086.21	974.4	1e+12
7912	metal1	14.095	977.2	17411	metal4	14.095	977.2	1e+12
7913	metal1	40.07	977.2	17412	metal4	40.07	977.2	1e+12
7914	metal1	96.07	977.2	17413	metal4	96.07	977.2	1e+12
7915	metal1	108.455	977.2	17414	metal4	108.455	977.2	1e+12
7916	metal1	109.295	977.2	17415	metal4	109.295	977.2	1e+12
7917	metal1	152.07	977.2	17416	metal4	152.07	977.2	1e+12
7918	metal1	208.07	977.2	17417	metal4	208.07	977.2	1e+12
7919	metal1	264.07	977.2	17418	metal4	264.07	977.2	1e+12
7920	metal1	320.07	977.2	17419	metal4	320.07	977.2	1e+12
7921	metal1	376.07	977.2	17420	metal4	376.07	977.2	1e+12
7922	metal1	432.07	977.2	17421	metal4	432.07	977.2	1e+12
7923	metal1	488.07	977.2	17422	metal4	488.07	977.2	1e+12
7924	metal1	544.07	977.2	17423	metal4	544.07	977.2	1e+12
7925	metal1	600.07	977.2	17424	metal4	600.07	977.2	1e+12
7926	metal1	656.07	977.2	17425	metal4	656.07	977.2	1e+12
7927	metal1	712.07	977.2	17426	metal4	712.07	977.2	1e+12
7928	metal1	768.07	977.2	17427	metal4	768.07	977.2	1e+12
7929	metal1	824.07	977.2	17428	metal4	824.07	977.2	1e+12
7930	metal1	880.07	977.2	17429	metal4	880.07	977.2	1e+12
7931	metal1	936.07	977.2	17430	metal4	936.07	977.2	1e+12
7932	metal1	992.07	977.2	17431	metal4	992.07	977.2	1e+12
7933	metal1	1048.07	977.2	17432	metal4	1048.07	977.2	1e+12
7934	metal1	1086.21	977.2	17433	metal4	1086.21	977.2	1e+12
7935	metal1	14.095	980	17434	metal4	14.095	980	1e+12
7936	metal1	40.07	980	17435	metal4	40.07	980	1e+12
7937	metal1	96.07	980	17436	metal4	96.07	980	1e+12
7938	metal1	108.455	980	17437	metal4	108.455	980	1e+12
7939	metal1	109.295	980	17438	metal4	109.295	980	1e+12
7940	metal1	152.07	980	17439	metal4	152.07	980	1e+12
7941	metal1	208.07	980	17440	metal4	208.07	980	1e+12
7942	metal1	264.07	980	17441	metal4	264.07	980	1e+12
7943	metal1	320.07	980	17442	metal4	320.07	980	1e+12
7944	metal1	376.07	980	17443	metal4	376.07	980	1e+12
7945	metal1	432.07	980	17444	metal4	432.07	980	1e+12
7946	metal1	488.07	980	17445	metal4	488.07	980	1e+12
7947	metal1	544.07	980	17446	metal4	544.07	980	1e+12
7948	metal1	600.07	980	17447	metal4	600.07	980	1e+12
7949	metal1	656.07	980	17448	metal4	656.07	980	1e+12
7950	metal1	712.07	980	17449	metal4	712.07	980	1e+12
7951	metal1	768.07	980	17450	metal4	768.07	980	1e+12
7952	metal1	824.07	980	17451	metal4	824.07	980	1e+12
7953	metal1	880.07	980	17452	metal4	880.07	980	1e+12
7954	metal1	936.07	980	17453	metal4	936.07	980	1e+12
7955	metal1	992.07	980	17454	metal4	992.07	980	1e+12
7956	metal1	1048.07	980	17455	metal4	1048.07	980	1e+12
7957	metal1	1086.21	980	17456	metal4	1086.21	980	1e+12
7958	metal1	14.095	982.8	17457	metal4	14.095	982.8	1e+12
7959	metal1	40.07	982.8	17458	metal4	40.07	982.8	1e+12
7960	metal1	96.07	982.8	17459	metal4	96.07	982.8	1e+12
7961	metal1	108.455	982.8	17460	metal4	108.455	982.8	1e+12
7962	metal1	109.295	982.8	17461	metal4	109.295	982.8	1e+12
7963	metal1	152.07	982.8	17462	metal4	152.07	982.8	1e+12
7964	metal1	208.07	982.8	17463	metal4	208.07	982.8	1e+12
7965	metal1	264.07	982.8	17464	metal4	264.07	982.8	1e+12
7966	metal1	320.07	982.8	17465	metal4	320.07	982.8	1e+12
7967	metal1	376.07	982.8	17466	metal4	376.07	982.8	1e+12
7968	metal1	432.07	982.8	17467	metal4	432.07	982.8	1e+12
7969	metal1	488.07	982.8	17468	metal4	488.07	982.8	1e+12
7970	metal1	544.07	982.8	17469	metal4	544.07	982.8	1e+12
7971	metal1	600.07	982.8	17470	metal4	600.07	982.8	1e+12
7972	metal1	656.07	982.8	17471	metal4	656.07	982.8	1e+12
7973	metal1	712.07	982.8	17472	metal4	712.07	982.8	1e+12
7974	metal1	768.07	982.8	17473	metal4	768.07	982.8	1e+12
7975	metal1	824.07	982.8	17474	metal4	824.07	982.8	1e+12
7976	metal1	880.07	982.8	17475	metal4	880.07	982.8	1e+12
7977	metal1	936.07	982.8	17476	metal4	936.07	982.8	1e+12
7978	metal1	992.07	982.8	17477	metal4	992.07	982.8	1e+12
7979	metal1	1048.07	982.8	17478	metal4	1048.07	982.8	1e+12
7980	metal1	1086.21	982.8	17479	metal4	1086.21	982.8	1e+12
7981	metal1	14.095	985.6	17480	metal4	14.095	985.6	1e+12
7982	metal1	40.07	985.6	17481	metal4	40.07	985.6	1e+12
7983	metal1	96.07	985.6	17482	metal4	96.07	985.6	1e+12
7984	metal1	108.455	985.6	17483	metal4	108.455	985.6	1e+12
7985	metal1	109.295	985.6	17484	metal4	109.295	985.6	1e+12
7986	metal1	152.07	985.6	17485	metal4	152.07	985.6	1e+12
7987	metal1	208.07	985.6	17486	metal4	208.07	985.6	1e+12
7988	metal1	264.07	985.6	17487	metal4	264.07	985.6	1e+12
7989	metal1	320.07	985.6	17488	metal4	320.07	985.6	1e+12
7990	metal1	376.07	985.6	17489	metal4	376.07	985.6	1e+12
7991	metal1	432.07	985.6	17490	metal4	432.07	985.6	1e+12
7992	metal1	488.07	985.6	17491	metal4	488.07	985.6	1e+12
7993	metal1	544.07	985.6	17492	metal4	544.07	985.6	1e+12
7994	metal1	600.07	985.6	17493	metal4	600.07	985.6	1e+12
7995	metal1	656.07	985.6	17494	metal4	656.07	985.6	1e+12
7996	metal1	712.07	985.6	17495	metal4	712.07	985.6	1e+12
7997	metal1	768.07	985.6	17496	metal4	768.07	985.6	1e+12
7998	metal1	824.07	985.6	17497	metal4	824.07	985.6	1e+12
7999	metal1	880.07	985.6	17498	metal4	880.07	985.6	1e+12
8000	metal1	936.07	985.6	17499	metal4	936.07	985.6	1e+12
8001	metal1	992.07	985.6	17500	metal4	992.07	985.6	1e+12
8002	metal1	1048.07	985.6	17501	metal4	1048.07	985.6	1e+12
8003	metal1	1086.21	985.6	17502	metal4	1086.21	985.6	1e+12
8004	metal1	14.095	988.4	17503	metal4	14.095	988.4	1e+12
8005	metal1	40.07	988.4	17504	metal4	40.07	988.4	1e+12
8006	metal1	96.07	988.4	17505	metal4	96.07	988.4	1e+12
8007	metal1	108.455	988.4	17506	metal4	108.455	988.4	1e+12
8008	metal1	109.295	988.4	17507	metal4	109.295	988.4	1e+12
8009	metal1	152.07	988.4	17508	metal4	152.07	988.4	1e+12
8010	metal1	208.07	988.4	17509	metal4	208.07	988.4	1e+12
8011	metal1	264.07	988.4	17510	metal4	264.07	988.4	1e+12
8012	metal1	320.07	988.4	17511	metal4	320.07	988.4	1e+12
8013	metal1	376.07	988.4	17512	metal4	376.07	988.4	1e+12
8014	metal1	432.07	988.4	17513	metal4	432.07	988.4	1e+12
8015	metal1	488.07	988.4	17514	metal4	488.07	988.4	1e+12
8016	metal1	544.07	988.4	17515	metal4	544.07	988.4	1e+12
8017	metal1	600.07	988.4	17516	metal4	600.07	988.4	1e+12
8018	metal1	656.07	988.4	17517	metal4	656.07	988.4	1e+12
8019	metal1	712.07	988.4	17518	metal4	712.07	988.4	1e+12
8020	metal1	768.07	988.4	17519	metal4	768.07	988.4	1e+12
8021	metal1	824.07	988.4	17520	metal4	824.07	988.4	1e+12
8022	metal1	880.07	988.4	17521	metal4	880.07	988.4	1e+12
8023	metal1	936.07	988.4	17522	metal4	936.07	988.4	1e+12
8024	metal1	992.07	988.4	17523	metal4	992.07	988.4	1e+12
8025	metal1	1048.07	988.4	17524	metal4	1048.07	988.4	1e+12
8026	metal1	1086.21	988.4	17525	metal4	1086.21	988.4	1e+12
8027	metal1	14.095	991.2	17549	metal4	14.095	991.2	1e+12
8028	metal1	40.07	991.2	17550	metal4	40.07	991.2	1e+12
8029	metal1	96.07	991.2	17551	metal4	96.07	991.2	1e+12
8030	metal1	108.455	991.2	17552	metal4	108.455	991.2	1e+12
8031	metal1	109.295	991.2	17553	metal4	109.295	991.2	1e+12
8032	metal1	152.07	991.2	17554	metal4	152.07	991.2	1e+12
8033	metal1	208.07	991.2	17555	metal4	208.07	991.2	1e+12
8034	metal1	264.07	991.2	17556	metal4	264.07	991.2	1e+12
8035	metal1	320.07	991.2	17557	metal4	320.07	991.2	1e+12
8036	metal1	376.07	991.2	17558	metal4	376.07	991.2	1e+12
8037	metal1	432.07	991.2	17559	metal4	432.07	991.2	1e+12
8038	metal1	488.07	991.2	17560	metal4	488.07	991.2	1e+12
8039	metal1	544.07	991.2	17561	metal4	544.07	991.2	1e+12
8040	metal1	600.07	991.2	17562	metal4	600.07	991.2	1e+12
8041	metal1	656.07	991.2	17563	metal4	656.07	991.2	1e+12
8042	metal1	712.07	991.2	17564	metal4	712.07	991.2	1e+12
8043	metal1	768.07	991.2	17565	metal4	768.07	991.2	1e+12
8044	metal1	824.07	991.2	17566	metal4	824.07	991.2	1e+12
8045	metal1	880.07	991.2	17567	metal4	880.07	991.2	1e+12
8046	metal1	936.07	991.2	17568	metal4	936.07	991.2	1e+12
8047	metal1	992.07	991.2	17569	metal4	992.07	991.2	1e+12
8048	metal1	1048.07	991.2	17570	metal4	1048.07	991.2	1e+12
8049	metal1	1086.21	991.2	17571	metal4	1086.21	991.2	1e+12
8050	metal1	14.095	994	17572	metal4	14.095	994	1e+12
8051	metal1	40.07	994	17573	metal4	40.07	994	1e+12
8052	metal1	96.07	994	17574	metal4	96.07	994	1e+12
8053	metal1	108.455	994	17575	metal4	108.455	994	1e+12
8054	metal1	109.295	994	17576	metal4	109.295	994	1e+12
8055	metal1	152.07	994	17577	metal4	152.07	994	1e+12
8056	metal1	208.07	994	17578	metal4	208.07	994	1e+12
8057	metal1	264.07	994	17579	metal4	264.07	994	1e+12
8058	metal1	320.07	994	17580	metal4	320.07	994	1e+12
8059	metal1	376.07	994	17581	metal4	376.07	994	1e+12
8060	metal1	432.07	994	17582	metal4	432.07	994	1e+12
8061	metal1	488.07	994	17583	metal4	488.07	994	1e+12
8062	metal1	544.07	994	17584	metal4	544.07	994	1e+12
8063	metal1	600.07	994	17585	metal4	600.07	994	1e+12
8064	metal1	656.07	994	17586	metal4	656.07	994	1e+12
8065	metal1	712.07	994	17587	metal4	712.07	994	1e+12
8066	metal1	768.07	994	17588	metal4	768.07	994	1e+12
8067	metal1	824.07	994	17589	metal4	824.07	994	1e+12
8068	metal1	880.07	994	17590	metal4	880.07	994	1e+12
8069	metal1	936.07	994	17591	metal4	936.07	994	1e+12
8070	metal1	992.07	994	17592	metal4	992.07	994	1e+12
8071	metal1	1048.07	994	17593	metal4	1048.07	994	1e+12
8072	metal1	1086.21	994	17594	metal4	1086.21	994	1e+12
8073	metal1	14.095	996.8	17595	metal4	14.095	996.8	1e+12
8074	metal1	40.07	996.8	17596	metal4	40.07	996.8	1e+12
8075	metal1	96.07	996.8	17597	metal4	96.07	996.8	1e+12
8076	metal1	108.455	996.8	17598	metal4	108.455	996.8	1e+12
8077	metal1	109.295	996.8	17599	metal4	109.295	996.8	1e+12
8078	metal1	152.07	996.8	17600	metal4	152.07	996.8	1e+12
8079	metal1	208.07	996.8	17601	metal4	208.07	996.8	1e+12
8080	metal1	264.07	996.8	17602	metal4	264.07	996.8	1e+12
8081	metal1	320.07	996.8	17603	metal4	320.07	996.8	1e+12
8082	metal1	376.07	996.8	17604	metal4	376.07	996.8	1e+12
8083	metal1	432.07	996.8	17605	metal4	432.07	996.8	1e+12
8084	metal1	488.07	996.8	17606	metal4	488.07	996.8	1e+12
8085	metal1	544.07	996.8	17607	metal4	544.07	996.8	1e+12
8086	metal1	600.07	996.8	17608	metal4	600.07	996.8	1e+12
8087	metal1	656.07	996.8	17609	metal4	656.07	996.8	1e+12
8088	metal1	712.07	996.8	17610	metal4	712.07	996.8	1e+12
8089	metal1	768.07	996.8	17611	metal4	768.07	996.8	1e+12
8090	metal1	824.07	996.8	17612	metal4	824.07	996.8	1e+12
8091	metal1	880.07	996.8	17613	metal4	880.07	996.8	1e+12
8092	metal1	936.07	996.8	17614	metal4	936.07	996.8	1e+12
8093	metal1	992.07	996.8	17615	metal4	992.07	996.8	1e+12
8094	metal1	1048.07	996.8	17616	metal4	1048.07	996.8	1e+12
8095	metal1	1086.21	996.8	17617	metal4	1086.21	996.8	1e+12
8096	metal1	14.095	999.6	17618	metal4	14.095	999.6	1e+12
8097	metal1	40.07	999.6	17619	metal4	40.07	999.6	1e+12
8098	metal1	96.07	999.6	17620	metal4	96.07	999.6	1e+12
8099	metal1	108.455	999.6	17621	metal4	108.455	999.6	1e+12
8100	metal1	109.295	999.6	17622	metal4	109.295	999.6	1e+12
8101	metal1	152.07	999.6	17623	metal4	152.07	999.6	1e+12
8102	metal1	208.07	999.6	17624	metal4	208.07	999.6	1e+12
8103	metal1	264.07	999.6	17625	metal4	264.07	999.6	1e+12
8104	metal1	320.07	999.6	17626	metal4	320.07	999.6	1e+12
8105	metal1	376.07	999.6	17627	metal4	376.07	999.6	1e+12
8106	metal1	432.07	999.6	17628	metal4	432.07	999.6	1e+12
8107	metal1	488.07	999.6	17629	metal4	488.07	999.6	1e+12
8108	metal1	544.07	999.6	17630	metal4	544.07	999.6	1e+12
8109	metal1	600.07	999.6	17631	metal4	600.07	999.6	1e+12
8110	metal1	656.07	999.6	17632	metal4	656.07	999.6	1e+12
8111	metal1	712.07	999.6	17633	metal4	712.07	999.6	1e+12
8112	metal1	768.07	999.6	17634	metal4	768.07	999.6	1e+12
8113	metal1	824.07	999.6	17635	metal4	824.07	999.6	1e+12
8114	metal1	880.07	999.6	17636	metal4	880.07	999.6	1e+12
8115	metal1	936.07	999.6	17637	metal4	936.07	999.6	1e+12
8116	metal1	992.07	999.6	17638	metal4	992.07	999.6	1e+12
8117	metal1	1048.07	999.6	17639	metal4	1048.07	999.6	1e+12
8118	metal1	1086.21	999.6	17640	metal4	1086.21	999.6	1e+12
8119	metal1	14.095	1002.4	17664	metal4	14.095	1002.4	1e+12
8120	metal1	40.07	1002.4	17665	metal4	40.07	1002.4	1e+12
8121	metal1	96.07	1002.4	17666	metal4	96.07	1002.4	1e+12
8122	metal1	108.455	1002.4	17667	metal4	108.455	1002.4	1e+12
8123	metal1	109.295	1002.4	17668	metal4	109.295	1002.4	1e+12
8124	metal1	152.07	1002.4	17669	metal4	152.07	1002.4	1e+12
8125	metal1	208.07	1002.4	17670	metal4	208.07	1002.4	1e+12
8126	metal1	264.07	1002.4	17671	metal4	264.07	1002.4	1e+12
8127	metal1	320.07	1002.4	17672	metal4	320.07	1002.4	1e+12
8128	metal1	376.07	1002.4	17673	metal4	376.07	1002.4	1e+12
8129	metal1	432.07	1002.4	17674	metal4	432.07	1002.4	1e+12
8130	metal1	488.07	1002.4	17675	metal4	488.07	1002.4	1e+12
8131	metal1	544.07	1002.4	17676	metal4	544.07	1002.4	1e+12
8132	metal1	600.07	1002.4	17677	metal4	600.07	1002.4	1e+12
8133	metal1	656.07	1002.4	17678	metal4	656.07	1002.4	1e+12
8134	metal1	712.07	1002.4	17679	metal4	712.07	1002.4	1e+12
8135	metal1	768.07	1002.4	17680	metal4	768.07	1002.4	1e+12
8136	metal1	824.07	1002.4	17681	metal4	824.07	1002.4	1e+12
8137	metal1	880.07	1002.4	17682	metal4	880.07	1002.4	1e+12
8138	metal1	936.07	1002.4	17683	metal4	936.07	1002.4	1e+12
8139	metal1	992.07	1002.4	17684	metal4	992.07	1002.4	1e+12
8140	metal1	1048.07	1002.4	17685	metal4	1048.07	1002.4	1e+12
8141	metal1	1086.21	1002.4	17686	metal4	1086.21	1002.4	1e+12
8142	metal1	14.095	1005.2	17687	metal4	14.095	1005.2	1e+12
8143	metal1	40.07	1005.2	17688	metal4	40.07	1005.2	1e+12
8144	metal1	96.07	1005.2	17689	metal4	96.07	1005.2	1e+12
8145	metal1	108.455	1005.2	17690	metal4	108.455	1005.2	1e+12
8146	metal1	109.295	1005.2	17691	metal4	109.295	1005.2	1e+12
8147	metal1	152.07	1005.2	17692	metal4	152.07	1005.2	1e+12
8148	metal1	208.07	1005.2	17693	metal4	208.07	1005.2	1e+12
8149	metal1	264.07	1005.2	17694	metal4	264.07	1005.2	1e+12
8150	metal1	320.07	1005.2	17695	metal4	320.07	1005.2	1e+12
8151	metal1	376.07	1005.2	17696	metal4	376.07	1005.2	1e+12
8152	metal1	432.07	1005.2	17697	metal4	432.07	1005.2	1e+12
8153	metal1	488.07	1005.2	17698	metal4	488.07	1005.2	1e+12
8154	metal1	544.07	1005.2	17699	metal4	544.07	1005.2	1e+12
8155	metal1	600.07	1005.2	17700	metal4	600.07	1005.2	1e+12
8156	metal1	656.07	1005.2	17701	metal4	656.07	1005.2	1e+12
8157	metal1	712.07	1005.2	17702	metal4	712.07	1005.2	1e+12
8158	metal1	768.07	1005.2	17703	metal4	768.07	1005.2	1e+12
8159	metal1	824.07	1005.2	17704	metal4	824.07	1005.2	1e+12
8160	metal1	880.07	1005.2	17705	metal4	880.07	1005.2	1e+12
8161	metal1	936.07	1005.2	17706	metal4	936.07	1005.2	1e+12
8162	metal1	992.07	1005.2	17707	metal4	992.07	1005.2	1e+12
8163	metal1	1048.07	1005.2	17708	metal4	1048.07	1005.2	1e+12
8164	metal1	1086.21	1005.2	17709	metal4	1086.21	1005.2	1e+12
8165	metal1	14.095	1008	17710	metal4	14.095	1008	1e+12
8166	metal1	40.07	1008	17711	metal4	40.07	1008	1e+12
8167	metal1	96.07	1008	17712	metal4	96.07	1008	1e+12
8168	metal1	108.455	1008	17713	metal4	108.455	1008	1e+12
8169	metal1	109.295	1008	17714	metal4	109.295	1008	1e+12
8170	metal1	152.07	1008	17715	metal4	152.07	1008	1e+12
8171	metal1	208.07	1008	17716	metal4	208.07	1008	1e+12
8172	metal1	264.07	1008	17717	metal4	264.07	1008	1e+12
8173	metal1	320.07	1008	17718	metal4	320.07	1008	1e+12
8174	metal1	376.07	1008	17719	metal4	376.07	1008	1e+12
8175	metal1	432.07	1008	17720	metal4	432.07	1008	1e+12
8176	metal1	488.07	1008	17721	metal4	488.07	1008	1e+12
8177	metal1	544.07	1008	17722	metal4	544.07	1008	1e+12
8178	metal1	600.07	1008	17723	metal4	600.07	1008	1e+12
8179	metal1	656.07	1008	17724	metal4	656.07	1008	1e+12
8180	metal1	712.07	1008	17725	metal4	712.07	1008	1e+12
8181	metal1	768.07	1008	17726	metal4	768.07	1008	1e+12
8182	metal1	824.07	1008	17727	metal4	824.07	1008	1e+12
8183	metal1	880.07	1008	17728	metal4	880.07	1008	1e+12
8184	metal1	936.07	1008	17729	metal4	936.07	1008	1e+12
8185	metal1	992.07	1008	17730	metal4	992.07	1008	1e+12
8186	metal1	1048.07	1008	17731	metal4	1048.07	1008	1e+12
8187	metal1	1086.21	1008	17732	metal4	1086.21	1008	1e+12
8188	metal1	14.095	1010.8	17733	metal4	14.095	1010.8	1e+12
8189	metal1	40.07	1010.8	17734	metal4	40.07	1010.8	1e+12
8190	metal1	96.07	1010.8	17735	metal4	96.07	1010.8	1e+12
8191	metal1	108.455	1010.8	17736	metal4	108.455	1010.8	1e+12
8192	metal1	109.295	1010.8	17737	metal4	109.295	1010.8	1e+12
8193	metal1	152.07	1010.8	17738	metal4	152.07	1010.8	1e+12
8194	metal1	208.07	1010.8	17739	metal4	208.07	1010.8	1e+12
8195	metal1	264.07	1010.8	17740	metal4	264.07	1010.8	1e+12
8196	metal1	320.07	1010.8	17741	metal4	320.07	1010.8	1e+12
8197	metal1	376.07	1010.8	17742	metal4	376.07	1010.8	1e+12
8198	metal1	432.07	1010.8	17743	metal4	432.07	1010.8	1e+12
8199	metal1	488.07	1010.8	17744	metal4	488.07	1010.8	1e+12
8200	metal1	544.07	1010.8	17745	metal4	544.07	1010.8	1e+12
8201	metal1	600.07	1010.8	17746	metal4	600.07	1010.8	1e+12
8202	metal1	656.07	1010.8	17747	metal4	656.07	1010.8	1e+12
8203	metal1	712.07	1010.8	17748	metal4	712.07	1010.8	1e+12
8204	metal1	768.07	1010.8	17749	metal4	768.07	1010.8	1e+12
8205	metal1	824.07	1010.8	17750	metal4	824.07	1010.8	1e+12
8206	metal1	880.07	1010.8	17751	metal4	880.07	1010.8	1e+12
8207	metal1	936.07	1010.8	17752	metal4	936.07	1010.8	1e+12
8208	metal1	992.07	1010.8	17753	metal4	992.07	1010.8	1e+12
8209	metal1	1048.07	1010.8	17754	metal4	1048.07	1010.8	1e+12
8210	metal1	1086.21	1010.8	17755	metal4	1086.21	1010.8	1e+12
8211	metal1	14.095	1013.6	17756	metal4	14.095	1013.6	1e+12
8212	metal1	40.07	1013.6	17757	metal4	40.07	1013.6	1e+12
8213	metal1	96.07	1013.6	17758	metal4	96.07	1013.6	1e+12
8214	metal1	108.455	1013.6	17759	metal4	108.455	1013.6	1e+12
8215	metal1	109.295	1013.6	17760	metal4	109.295	1013.6	1e+12
8216	metal1	152.07	1013.6	17761	metal4	152.07	1013.6	1e+12
8217	metal1	208.07	1013.6	17762	metal4	208.07	1013.6	1e+12
8218	metal1	264.07	1013.6	17763	metal4	264.07	1013.6	1e+12
8219	metal1	320.07	1013.6	17764	metal4	320.07	1013.6	1e+12
8220	metal1	376.07	1013.6	17765	metal4	376.07	1013.6	1e+12
8221	metal1	432.07	1013.6	17766	metal4	432.07	1013.6	1e+12
8222	metal1	488.07	1013.6	17767	metal4	488.07	1013.6	1e+12
8223	metal1	544.07	1013.6	17768	metal4	544.07	1013.6	1e+12
8224	metal1	600.07	1013.6	17769	metal4	600.07	1013.6	1e+12
8225	metal1	656.07	1013.6	17770	metal4	656.07	1013.6	1e+12
8226	metal1	712.07	1013.6	17771	metal4	712.07	1013.6	1e+12
8227	metal1	768.07	1013.6	17772	metal4	768.07	1013.6	1e+12
8228	metal1	824.07	1013.6	17773	metal4	824.07	1013.6	1e+12
8229	metal1	880.07	1013.6	17774	metal4	880.07	1013.6	1e+12
8230	metal1	936.07	1013.6	17775	metal4	936.07	1013.6	1e+12
8231	metal1	992.07	1013.6	17776	metal4	992.07	1013.6	1e+12
8232	metal1	1048.07	1013.6	17777	metal4	1048.07	1013.6	1e+12
8233	metal1	1086.21	1013.6	17778	metal4	1086.21	1013.6	1e+12
8234	metal1	14.095	1016.4	17779	metal4	14.095	1016.4	1e+12
8235	metal1	40.07	1016.4	17780	metal4	40.07	1016.4	1e+12
8236	metal1	96.07	1016.4	17781	metal4	96.07	1016.4	1e+12
8237	metal1	108.455	1016.4	17782	metal4	108.455	1016.4	1e+12
8238	metal1	109.295	1016.4	17783	metal4	109.295	1016.4	1e+12
8239	metal1	152.07	1016.4	17784	metal4	152.07	1016.4	1e+12
8240	metal1	208.07	1016.4	17785	metal4	208.07	1016.4	1e+12
8241	metal1	264.07	1016.4	17786	metal4	264.07	1016.4	1e+12
8242	metal1	320.07	1016.4	17787	metal4	320.07	1016.4	1e+12
8243	metal1	376.07	1016.4	17788	metal4	376.07	1016.4	1e+12
8244	metal1	432.07	1016.4	17789	metal4	432.07	1016.4	1e+12
8245	metal1	488.07	1016.4	17790	metal4	488.07	1016.4	1e+12
8246	metal1	544.07	1016.4	17791	metal4	544.07	1016.4	1e+12
8247	metal1	600.07	1016.4	17792	metal4	600.07	1016.4	1e+12
8248	metal1	656.07	1016.4	17793	metal4	656.07	1016.4	1e+12
8249	metal1	712.07	1016.4	17794	metal4	712.07	1016.4	1e+12
8250	metal1	768.07	1016.4	17795	metal4	768.07	1016.4	1e+12
8251	metal1	824.07	1016.4	17796	metal4	824.07	1016.4	1e+12
8252	metal1	880.07	1016.4	17797	metal4	880.07	1016.4	1e+12
8253	metal1	936.07	1016.4	17798	metal4	936.07	1016.4	1e+12
8254	metal1	992.07	1016.4	17799	metal4	992.07	1016.4	1e+12
8255	metal1	1048.07	1016.4	17800	metal4	1048.07	1016.4	1e+12
8256	metal1	1086.21	1016.4	17801	metal4	1086.21	1016.4	1e+12
8257	metal1	14.095	1019.2	17802	metal4	14.095	1019.2	1e+12
8258	metal1	40.07	1019.2	17803	metal4	40.07	1019.2	1e+12
8259	metal1	96.07	1019.2	17804	metal4	96.07	1019.2	1e+12
8260	metal1	108.455	1019.2	17805	metal4	108.455	1019.2	1e+12
8261	metal1	109.295	1019.2	17806	metal4	109.295	1019.2	1e+12
8262	metal1	152.07	1019.2	17807	metal4	152.07	1019.2	1e+12
8263	metal1	208.07	1019.2	17808	metal4	208.07	1019.2	1e+12
8264	metal1	264.07	1019.2	17809	metal4	264.07	1019.2	1e+12
8265	metal1	320.07	1019.2	17810	metal4	320.07	1019.2	1e+12
8266	metal1	376.07	1019.2	17811	metal4	376.07	1019.2	1e+12
8267	metal1	432.07	1019.2	17812	metal4	432.07	1019.2	1e+12
8268	metal1	488.07	1019.2	17813	metal4	488.07	1019.2	1e+12
8269	metal1	544.07	1019.2	17814	metal4	544.07	1019.2	1e+12
8270	metal1	600.07	1019.2	17815	metal4	600.07	1019.2	1e+12
8271	metal1	656.07	1019.2	17816	metal4	656.07	1019.2	1e+12
8272	metal1	712.07	1019.2	17817	metal4	712.07	1019.2	1e+12
8273	metal1	768.07	1019.2	17818	metal4	768.07	1019.2	1e+12
8274	metal1	824.07	1019.2	17819	metal4	824.07	1019.2	1e+12
8275	metal1	880.07	1019.2	17820	metal4	880.07	1019.2	1e+12
8276	metal1	936.07	1019.2	17821	metal4	936.07	1019.2	1e+12
8277	metal1	992.07	1019.2	17822	metal4	992.07	1019.2	1e+12
8278	metal1	1048.07	1019.2	17823	metal4	1048.07	1019.2	1e+12
8279	metal1	1086.21	1019.2	17824	metal4	1086.21	1019.2	1e+12
8280	metal1	14.095	1022	17848	metal4	14.095	1022	1e+12
8281	metal1	40.07	1022	17849	metal4	40.07	1022	1e+12
8282	metal1	96.07	1022	17850	metal4	96.07	1022	1e+12
8283	metal1	108.455	1022	17851	metal4	108.455	1022	1e+12
8284	metal1	109.295	1022	17852	metal4	109.295	1022	1e+12
8285	metal1	152.07	1022	17853	metal4	152.07	1022	1e+12
8286	metal1	208.07	1022	17854	metal4	208.07	1022	1e+12
8287	metal1	264.07	1022	17855	metal4	264.07	1022	1e+12
8288	metal1	320.07	1022	17856	metal4	320.07	1022	1e+12
8289	metal1	376.07	1022	17857	metal4	376.07	1022	1e+12
8290	metal1	432.07	1022	17858	metal4	432.07	1022	1e+12
8291	metal1	488.07	1022	17859	metal4	488.07	1022	1e+12
8292	metal1	544.07	1022	17860	metal4	544.07	1022	1e+12
8293	metal1	600.07	1022	17861	metal4	600.07	1022	1e+12
8294	metal1	656.07	1022	17862	metal4	656.07	1022	1e+12
8295	metal1	712.07	1022	17863	metal4	712.07	1022	1e+12
8296	metal1	768.07	1022	17864	metal4	768.07	1022	1e+12
8297	metal1	824.07	1022	17865	metal4	824.07	1022	1e+12
8298	metal1	880.07	1022	17866	metal4	880.07	1022	1e+12
8299	metal1	936.07	1022	17867	metal4	936.07	1022	1e+12
8300	metal1	992.07	1022	17868	metal4	992.07	1022	1e+12
8301	metal1	1048.07	1022	17869	metal4	1048.07	1022	1e+12
8302	metal1	1086.21	1022	17870	metal4	1086.21	1022	1e+12
8303	metal1	14.095	1024.8	17871	metal4	14.095	1024.8	1e+12
8304	metal1	40.07	1024.8	17872	metal4	40.07	1024.8	1e+12
8305	metal1	96.07	1024.8	17873	metal4	96.07	1024.8	1e+12
8306	metal1	108.455	1024.8	17874	metal4	108.455	1024.8	1e+12
8307	metal1	109.295	1024.8	17875	metal4	109.295	1024.8	1e+12
8308	metal1	152.07	1024.8	17876	metal4	152.07	1024.8	1e+12
8309	metal1	208.07	1024.8	17877	metal4	208.07	1024.8	1e+12
8310	metal1	264.07	1024.8	17878	metal4	264.07	1024.8	1e+12
8311	metal1	320.07	1024.8	17879	metal4	320.07	1024.8	1e+12
8312	metal1	376.07	1024.8	17880	metal4	376.07	1024.8	1e+12
8313	metal1	432.07	1024.8	17881	metal4	432.07	1024.8	1e+12
8314	metal1	488.07	1024.8	17882	metal4	488.07	1024.8	1e+12
8315	metal1	544.07	1024.8	17883	metal4	544.07	1024.8	1e+12
8316	metal1	600.07	1024.8	17884	metal4	600.07	1024.8	1e+12
8317	metal1	656.07	1024.8	17885	metal4	656.07	1024.8	1e+12
8318	metal1	712.07	1024.8	17886	metal4	712.07	1024.8	1e+12
8319	metal1	768.07	1024.8	17887	metal4	768.07	1024.8	1e+12
8320	metal1	824.07	1024.8	17888	metal4	824.07	1024.8	1e+12
8321	metal1	880.07	1024.8	17889	metal4	880.07	1024.8	1e+12
8322	metal1	936.07	1024.8	17890	metal4	936.07	1024.8	1e+12
8323	metal1	992.07	1024.8	17891	metal4	992.07	1024.8	1e+12
8324	metal1	1048.07	1024.8	17892	metal4	1048.07	1024.8	1e+12
8325	metal1	1086.21	1024.8	17893	metal4	1086.21	1024.8	1e+12
8326	metal1	14.095	1027.6	17894	metal4	14.095	1027.6	1e+12
8327	metal1	40.07	1027.6	17895	metal4	40.07	1027.6	1e+12
8328	metal1	96.07	1027.6	17896	metal4	96.07	1027.6	1e+12
8329	metal1	108.455	1027.6	17897	metal4	108.455	1027.6	1e+12
8330	metal1	109.295	1027.6	17898	metal4	109.295	1027.6	1e+12
8331	metal1	152.07	1027.6	17899	metal4	152.07	1027.6	1e+12
8332	metal1	208.07	1027.6	17900	metal4	208.07	1027.6	1e+12
8333	metal1	264.07	1027.6	17901	metal4	264.07	1027.6	1e+12
8334	metal1	320.07	1027.6	17902	metal4	320.07	1027.6	1e+12
8335	metal1	376.07	1027.6	17903	metal4	376.07	1027.6	1e+12
8336	metal1	432.07	1027.6	17904	metal4	432.07	1027.6	1e+12
8337	metal1	488.07	1027.6	17905	metal4	488.07	1027.6	1e+12
8338	metal1	544.07	1027.6	17906	metal4	544.07	1027.6	1e+12
8339	metal1	600.07	1027.6	17907	metal4	600.07	1027.6	1e+12
8340	metal1	656.07	1027.6	17908	metal4	656.07	1027.6	1e+12
8341	metal1	712.07	1027.6	17909	metal4	712.07	1027.6	1e+12
8342	metal1	768.07	1027.6	17910	metal4	768.07	1027.6	1e+12
8343	metal1	824.07	1027.6	17911	metal4	824.07	1027.6	1e+12
8344	metal1	880.07	1027.6	17912	metal4	880.07	1027.6	1e+12
8345	metal1	936.07	1027.6	17913	metal4	936.07	1027.6	1e+12
8346	metal1	992.07	1027.6	17914	metal4	992.07	1027.6	1e+12
8347	metal1	1048.07	1027.6	17915	metal4	1048.07	1027.6	1e+12
8348	metal1	1086.21	1027.6	17916	metal4	1086.21	1027.6	1e+12
8349	metal1	14.095	1030.4	17917	metal4	14.095	1030.4	1e+12
8350	metal1	40.07	1030.4	17918	metal4	40.07	1030.4	1e+12
8351	metal1	96.07	1030.4	17919	metal4	96.07	1030.4	1e+12
8352	metal1	108.455	1030.4	17920	metal4	108.455	1030.4	1e+12
8353	metal1	109.295	1030.4	17921	metal4	109.295	1030.4	1e+12
8354	metal1	152.07	1030.4	17922	metal4	152.07	1030.4	1e+12
8355	metal1	208.07	1030.4	17923	metal4	208.07	1030.4	1e+12
8356	metal1	264.07	1030.4	17924	metal4	264.07	1030.4	1e+12
8357	metal1	320.07	1030.4	17925	metal4	320.07	1030.4	1e+12
8358	metal1	376.07	1030.4	17926	metal4	376.07	1030.4	1e+12
8359	metal1	432.07	1030.4	17927	metal4	432.07	1030.4	1e+12
8360	metal1	488.07	1030.4	17928	metal4	488.07	1030.4	1e+12
8361	metal1	544.07	1030.4	17929	metal4	544.07	1030.4	1e+12
8362	metal1	600.07	1030.4	17930	metal4	600.07	1030.4	1e+12
8363	metal1	656.07	1030.4	17931	metal4	656.07	1030.4	1e+12
8364	metal1	712.07	1030.4	17932	metal4	712.07	1030.4	1e+12
8365	metal1	768.07	1030.4	17933	metal4	768.07	1030.4	1e+12
8366	metal1	824.07	1030.4	17934	metal4	824.07	1030.4	1e+12
8367	metal1	880.07	1030.4	17935	metal4	880.07	1030.4	1e+12
8368	metal1	936.07	1030.4	17936	metal4	936.07	1030.4	1e+12
8369	metal1	992.07	1030.4	17937	metal4	992.07	1030.4	1e+12
8370	metal1	1048.07	1030.4	17938	metal4	1048.07	1030.4	1e+12
8371	metal1	1086.21	1030.4	17939	metal4	1086.21	1030.4	1e+12
8372	metal1	14.095	1033.2	17940	metal4	14.095	1033.2	1e+12
8373	metal1	40.07	1033.2	17941	metal4	40.07	1033.2	1e+12
8374	metal1	96.07	1033.2	17942	metal4	96.07	1033.2	1e+12
8375	metal1	108.455	1033.2	17943	metal4	108.455	1033.2	1e+12
8376	metal1	109.295	1033.2	17944	metal4	109.295	1033.2	1e+12
8377	metal1	152.07	1033.2	17945	metal4	152.07	1033.2	1e+12
8378	metal1	208.07	1033.2	17946	metal4	208.07	1033.2	1e+12
8379	metal1	264.07	1033.2	17947	metal4	264.07	1033.2	1e+12
8380	metal1	320.07	1033.2	17948	metal4	320.07	1033.2	1e+12
8381	metal1	376.07	1033.2	17949	metal4	376.07	1033.2	1e+12
8382	metal1	432.07	1033.2	17950	metal4	432.07	1033.2	1e+12
8383	metal1	488.07	1033.2	17951	metal4	488.07	1033.2	1e+12
8384	metal1	544.07	1033.2	17952	metal4	544.07	1033.2	1e+12
8385	metal1	600.07	1033.2	17953	metal4	600.07	1033.2	1e+12
8386	metal1	656.07	1033.2	17954	metal4	656.07	1033.2	1e+12
8387	metal1	712.07	1033.2	17955	metal4	712.07	1033.2	1e+12
8388	metal1	768.07	1033.2	17956	metal4	768.07	1033.2	1e+12
8389	metal1	824.07	1033.2	17957	metal4	824.07	1033.2	1e+12
8390	metal1	880.07	1033.2	17958	metal4	880.07	1033.2	1e+12
8391	metal1	936.07	1033.2	17959	metal4	936.07	1033.2	1e+12
8392	metal1	992.07	1033.2	17960	metal4	992.07	1033.2	1e+12
8393	metal1	1048.07	1033.2	17961	metal4	1048.07	1033.2	1e+12
8394	metal1	1086.21	1033.2	17962	metal4	1086.21	1033.2	1e+12
8395	metal1	14.095	1036	17963	metal4	14.095	1036	1e+12
8396	metal1	40.07	1036	17964	metal4	40.07	1036	1e+12
8397	metal1	96.07	1036	17965	metal4	96.07	1036	1e+12
8398	metal1	108.455	1036	17966	metal4	108.455	1036	1e+12
8399	metal1	109.295	1036	17967	metal4	109.295	1036	1e+12
8400	metal1	152.07	1036	17968	metal4	152.07	1036	1e+12
8401	metal1	208.07	1036	17969	metal4	208.07	1036	1e+12
8402	metal1	264.07	1036	17970	metal4	264.07	1036	1e+12
8403	metal1	320.07	1036	17971	metal4	320.07	1036	1e+12
8404	metal1	376.07	1036	17972	metal4	376.07	1036	1e+12
8405	metal1	432.07	1036	17973	metal4	432.07	1036	1e+12
8406	metal1	488.07	1036	17974	metal4	488.07	1036	1e+12
8407	metal1	544.07	1036	17975	metal4	544.07	1036	1e+12
8408	metal1	600.07	1036	17976	metal4	600.07	1036	1e+12
8409	metal1	656.07	1036	17977	metal4	656.07	1036	1e+12
8410	metal1	712.07	1036	17978	metal4	712.07	1036	1e+12
8411	metal1	768.07	1036	17979	metal4	768.07	1036	1e+12
8412	metal1	824.07	1036	17980	metal4	824.07	1036	1e+12
8413	metal1	880.07	1036	17981	metal4	880.07	1036	1e+12
8414	metal1	936.07	1036	17982	metal4	936.07	1036	1e+12
8415	metal1	992.07	1036	17983	metal4	992.07	1036	1e+12
8416	metal1	1048.07	1036	17984	metal4	1048.07	1036	1e+12
8417	metal1	1086.21	1036	17985	metal4	1086.21	1036	1e+12
8418	metal1	14.095	1038.8	17986	metal4	14.095	1038.8	1e+12
8419	metal1	40.07	1038.8	17987	metal4	40.07	1038.8	1e+12
8420	metal1	96.07	1038.8	17988	metal4	96.07	1038.8	1e+12
8421	metal1	108.455	1038.8	17989	metal4	108.455	1038.8	1e+12
8422	metal1	109.295	1038.8	17990	metal4	109.295	1038.8	1e+12
8423	metal1	152.07	1038.8	17991	metal4	152.07	1038.8	1e+12
8424	metal1	208.07	1038.8	17992	metal4	208.07	1038.8	1e+12
8425	metal1	264.07	1038.8	17993	metal4	264.07	1038.8	1e+12
8426	metal1	320.07	1038.8	17994	metal4	320.07	1038.8	1e+12
8427	metal1	376.07	1038.8	17995	metal4	376.07	1038.8	1e+12
8428	metal1	432.07	1038.8	17996	metal4	432.07	1038.8	1e+12
8429	metal1	488.07	1038.8	17997	metal4	488.07	1038.8	1e+12
8430	metal1	544.07	1038.8	17998	metal4	544.07	1038.8	1e+12
8431	metal1	600.07	1038.8	17999	metal4	600.07	1038.8	1e+12
8432	metal1	656.07	1038.8	18000	metal4	656.07	1038.8	1e+12
8433	metal1	712.07	1038.8	18001	metal4	712.07	1038.8	1e+12
8434	metal1	768.07	1038.8	18002	metal4	768.07	1038.8	1e+12
8435	metal1	824.07	1038.8	18003	metal4	824.07	1038.8	1e+12
8436	metal1	880.07	1038.8	18004	metal4	880.07	1038.8	1e+12
8437	metal1	936.07	1038.8	18005	metal4	936.07	1038.8	1e+12
8438	metal1	992.07	1038.8	18006	metal4	992.07	1038.8	1e+12
8439	metal1	1048.07	1038.8	18007	metal4	1048.07	1038.8	1e+12
8440	metal1	1086.21	1038.8	18008	metal4	1086.21	1038.8	1e+12
8441	metal1	14.095	1041.6	18009	metal4	14.095	1041.6	1e+12
8442	metal1	40.07	1041.6	18010	metal4	40.07	1041.6	1e+12
8443	metal1	96.07	1041.6	18011	metal4	96.07	1041.6	1e+12
8444	metal1	108.455	1041.6	18012	metal4	108.455	1041.6	1e+12
8445	metal1	109.295	1041.6	18013	metal4	109.295	1041.6	1e+12
8446	metal1	152.07	1041.6	18014	metal4	152.07	1041.6	1e+12
8447	metal1	208.07	1041.6	18015	metal4	208.07	1041.6	1e+12
8448	metal1	264.07	1041.6	18016	metal4	264.07	1041.6	1e+12
8449	metal1	320.07	1041.6	18017	metal4	320.07	1041.6	1e+12
8450	metal1	376.07	1041.6	18018	metal4	376.07	1041.6	1e+12
8451	metal1	432.07	1041.6	18019	metal4	432.07	1041.6	1e+12
8452	metal1	488.07	1041.6	18020	metal4	488.07	1041.6	1e+12
8453	metal1	544.07	1041.6	18021	metal4	544.07	1041.6	1e+12
8454	metal1	600.07	1041.6	18022	metal4	600.07	1041.6	1e+12
8455	metal1	656.07	1041.6	18023	metal4	656.07	1041.6	1e+12
8456	metal1	712.07	1041.6	18024	metal4	712.07	1041.6	1e+12
8457	metal1	768.07	1041.6	18025	metal4	768.07	1041.6	1e+12
8458	metal1	824.07	1041.6	18026	metal4	824.07	1041.6	1e+12
8459	metal1	880.07	1041.6	18027	metal4	880.07	1041.6	1e+12
8460	metal1	936.07	1041.6	18028	metal4	936.07	1041.6	1e+12
8461	metal1	992.07	1041.6	18029	metal4	992.07	1041.6	1e+12
8462	metal1	1048.07	1041.6	18030	metal4	1048.07	1041.6	1e+12
8463	metal1	1086.21	1041.6	18031	metal4	1086.21	1041.6	1e+12
8464	metal1	14.095	1044.4	18032	metal4	14.095	1044.4	1e+12
8465	metal1	40.07	1044.4	18033	metal4	40.07	1044.4	1e+12
8466	metal1	96.07	1044.4	18034	metal4	96.07	1044.4	1e+12
8467	metal1	108.455	1044.4	18035	metal4	108.455	1044.4	1e+12
8468	metal1	109.295	1044.4	18036	metal4	109.295	1044.4	1e+12
8469	metal1	152.07	1044.4	18037	metal4	152.07	1044.4	1e+12
8470	metal1	208.07	1044.4	18038	metal4	208.07	1044.4	1e+12
8471	metal1	264.07	1044.4	18039	metal4	264.07	1044.4	1e+12
8472	metal1	320.07	1044.4	18040	metal4	320.07	1044.4	1e+12
8473	metal1	376.07	1044.4	18041	metal4	376.07	1044.4	1e+12
8474	metal1	432.07	1044.4	18042	metal4	432.07	1044.4	1e+12
8475	metal1	488.07	1044.4	18043	metal4	488.07	1044.4	1e+12
8476	metal1	544.07	1044.4	18044	metal4	544.07	1044.4	1e+12
8477	metal1	600.07	1044.4	18045	metal4	600.07	1044.4	1e+12
8478	metal1	656.07	1044.4	18046	metal4	656.07	1044.4	1e+12
8479	metal1	712.07	1044.4	18047	metal4	712.07	1044.4	1e+12
8480	metal1	768.07	1044.4	18048	metal4	768.07	1044.4	1e+12
8481	metal1	824.07	1044.4	18049	metal4	824.07	1044.4	1e+12
8482	metal1	880.07	1044.4	18050	metal4	880.07	1044.4	1e+12
8483	metal1	936.07	1044.4	18051	metal4	936.07	1044.4	1e+12
8484	metal1	992.07	1044.4	18052	metal4	992.07	1044.4	1e+12
8485	metal1	1048.07	1044.4	18053	metal4	1048.07	1044.4	1e+12
8486	metal1	1086.21	1044.4	18054	metal4	1086.21	1044.4	1e+12
8487	metal1	14.095	1047.2	18055	metal4	14.095	1047.2	1e+12
8488	metal1	40.07	1047.2	18056	metal4	40.07	1047.2	1e+12
8489	metal1	96.07	1047.2	18057	metal4	96.07	1047.2	1e+12
8490	metal1	108.455	1047.2	18058	metal4	108.455	1047.2	1e+12
8491	metal1	109.295	1047.2	18059	metal4	109.295	1047.2	1e+12
8492	metal1	152.07	1047.2	18060	metal4	152.07	1047.2	1e+12
8493	metal1	208.07	1047.2	18061	metal4	208.07	1047.2	1e+12
8494	metal1	264.07	1047.2	18062	metal4	264.07	1047.2	1e+12
8495	metal1	320.07	1047.2	18063	metal4	320.07	1047.2	1e+12
8496	metal1	376.07	1047.2	18064	metal4	376.07	1047.2	1e+12
8497	metal1	432.07	1047.2	18065	metal4	432.07	1047.2	1e+12
8498	metal1	488.07	1047.2	18066	metal4	488.07	1047.2	1e+12
8499	metal1	544.07	1047.2	18067	metal4	544.07	1047.2	1e+12
8500	metal1	600.07	1047.2	18068	metal4	600.07	1047.2	1e+12
8501	metal1	656.07	1047.2	18069	metal4	656.07	1047.2	1e+12
8502	metal1	712.07	1047.2	18070	metal4	712.07	1047.2	1e+12
8503	metal1	768.07	1047.2	18071	metal4	768.07	1047.2	1e+12
8504	metal1	824.07	1047.2	18072	metal4	824.07	1047.2	1e+12
8505	metal1	880.07	1047.2	18073	metal4	880.07	1047.2	1e+12
8506	metal1	936.07	1047.2	18074	metal4	936.07	1047.2	1e+12
8507	metal1	992.07	1047.2	18075	metal4	992.07	1047.2	1e+12
8508	metal1	1048.07	1047.2	18076	metal4	1048.07	1047.2	1e+12
8509	metal1	1086.21	1047.2	18077	metal4	1086.21	1047.2	1e+12
8510	metal1	14.095	1050	18101	metal4	14.095	1050	1e+12
8511	metal1	40.07	1050	18102	metal4	40.07	1050	1e+12
8512	metal1	96.07	1050	18103	metal4	96.07	1050	1e+12
8513	metal1	108.455	1050	18104	metal4	108.455	1050	1e+12
8514	metal1	109.295	1050	18105	metal4	109.295	1050	1e+12
8515	metal1	152.07	1050	18106	metal4	152.07	1050	1e+12
8516	metal1	208.07	1050	18107	metal4	208.07	1050	1e+12
8517	metal1	264.07	1050	18108	metal4	264.07	1050	1e+12
8518	metal1	320.07	1050	18109	metal4	320.07	1050	1e+12
8519	metal1	376.07	1050	18110	metal4	376.07	1050	1e+12
8520	metal1	432.07	1050	18111	metal4	432.07	1050	1e+12
8521	metal1	488.07	1050	18112	metal4	488.07	1050	1e+12
8522	metal1	544.07	1050	18113	metal4	544.07	1050	1e+12
8523	metal1	600.07	1050	18114	metal4	600.07	1050	1e+12
8524	metal1	656.07	1050	18115	metal4	656.07	1050	1e+12
8525	metal1	712.07	1050	18116	metal4	712.07	1050	1e+12
8526	metal1	768.07	1050	18117	metal4	768.07	1050	1e+12
8527	metal1	824.07	1050	18118	metal4	824.07	1050	1e+12
8528	metal1	880.07	1050	18119	metal4	880.07	1050	1e+12
8529	metal1	936.07	1050	18120	metal4	936.07	1050	1e+12
8530	metal1	992.07	1050	18121	metal4	992.07	1050	1e+12
8531	metal1	1048.07	1050	18122	metal4	1048.07	1050	1e+12
8532	metal1	1086.21	1050	18123	metal4	1086.21	1050	1e+12
8533	metal1	14.095	1052.8	18124	metal4	14.095	1052.8	1e+12
8534	metal1	40.07	1052.8	18125	metal4	40.07	1052.8	1e+12
8535	metal1	96.07	1052.8	18126	metal4	96.07	1052.8	1e+12
8536	metal1	108.455	1052.8	18127	metal4	108.455	1052.8	1e+12
8537	metal1	109.295	1052.8	18128	metal4	109.295	1052.8	1e+12
8538	metal1	152.07	1052.8	18129	metal4	152.07	1052.8	1e+12
8539	metal1	208.07	1052.8	18130	metal4	208.07	1052.8	1e+12
8540	metal1	264.07	1052.8	18131	metal4	264.07	1052.8	1e+12
8541	metal1	320.07	1052.8	18132	metal4	320.07	1052.8	1e+12
8542	metal1	376.07	1052.8	18133	metal4	376.07	1052.8	1e+12
8543	metal1	432.07	1052.8	18134	metal4	432.07	1052.8	1e+12
8544	metal1	488.07	1052.8	18135	metal4	488.07	1052.8	1e+12
8545	metal1	544.07	1052.8	18136	metal4	544.07	1052.8	1e+12
8546	metal1	600.07	1052.8	18137	metal4	600.07	1052.8	1e+12
8547	metal1	656.07	1052.8	18138	metal4	656.07	1052.8	1e+12
8548	metal1	712.07	1052.8	18139	metal4	712.07	1052.8	1e+12
8549	metal1	768.07	1052.8	18140	metal4	768.07	1052.8	1e+12
8550	metal1	824.07	1052.8	18141	metal4	824.07	1052.8	1e+12
8551	metal1	880.07	1052.8	18142	metal4	880.07	1052.8	1e+12
8552	metal1	936.07	1052.8	18143	metal4	936.07	1052.8	1e+12
8553	metal1	992.07	1052.8	18144	metal4	992.07	1052.8	1e+12
8554	metal1	1048.07	1052.8	18145	metal4	1048.07	1052.8	1e+12
8555	metal1	1086.21	1052.8	18146	metal4	1086.21	1052.8	1e+12
8556	metal1	14.095	1055.6	18147	metal4	14.095	1055.6	1e+12
8557	metal1	40.07	1055.6	18148	metal4	40.07	1055.6	1e+12
8558	metal1	96.07	1055.6	18149	metal4	96.07	1055.6	1e+12
8559	metal1	108.455	1055.6	18150	metal4	108.455	1055.6	1e+12
8560	metal1	109.295	1055.6	18151	metal4	109.295	1055.6	1e+12
8561	metal1	152.07	1055.6	18152	metal4	152.07	1055.6	1e+12
8562	metal1	208.07	1055.6	18153	metal4	208.07	1055.6	1e+12
8563	metal1	264.07	1055.6	18154	metal4	264.07	1055.6	1e+12
8564	metal1	320.07	1055.6	18155	metal4	320.07	1055.6	1e+12
8565	metal1	376.07	1055.6	18156	metal4	376.07	1055.6	1e+12
8566	metal1	432.07	1055.6	18157	metal4	432.07	1055.6	1e+12
8567	metal1	488.07	1055.6	18158	metal4	488.07	1055.6	1e+12
8568	metal1	544.07	1055.6	18159	metal4	544.07	1055.6	1e+12
8569	metal1	600.07	1055.6	18160	metal4	600.07	1055.6	1e+12
8570	metal1	656.07	1055.6	18161	metal4	656.07	1055.6	1e+12
8571	metal1	712.07	1055.6	18162	metal4	712.07	1055.6	1e+12
8572	metal1	768.07	1055.6	18163	metal4	768.07	1055.6	1e+12
8573	metal1	824.07	1055.6	18164	metal4	824.07	1055.6	1e+12
8574	metal1	880.07	1055.6	18165	metal4	880.07	1055.6	1e+12
8575	metal1	936.07	1055.6	18166	metal4	936.07	1055.6	1e+12
8576	metal1	992.07	1055.6	18167	metal4	992.07	1055.6	1e+12
8577	metal1	1048.07	1055.6	18168	metal4	1048.07	1055.6	1e+12
8578	metal1	1086.21	1055.6	18169	metal4	1086.21	1055.6	1e+12
8579	metal1	14.095	1058.4	18170	metal4	14.095	1058.4	1e+12
8580	metal1	40.07	1058.4	18171	metal4	40.07	1058.4	1e+12
8581	metal1	96.07	1058.4	18172	metal4	96.07	1058.4	1e+12
8582	metal1	108.455	1058.4	18173	metal4	108.455	1058.4	1e+12
8583	metal1	109.295	1058.4	18174	metal4	109.295	1058.4	1e+12
8584	metal1	152.07	1058.4	18175	metal4	152.07	1058.4	1e+12
8585	metal1	208.07	1058.4	18176	metal4	208.07	1058.4	1e+12
8586	metal1	264.07	1058.4	18177	metal4	264.07	1058.4	1e+12
8587	metal1	320.07	1058.4	18178	metal4	320.07	1058.4	1e+12
8588	metal1	376.07	1058.4	18179	metal4	376.07	1058.4	1e+12
8589	metal1	432.07	1058.4	18180	metal4	432.07	1058.4	1e+12
8590	metal1	488.07	1058.4	18181	metal4	488.07	1058.4	1e+12
8591	metal1	544.07	1058.4	18182	metal4	544.07	1058.4	1e+12
8592	metal1	600.07	1058.4	18183	metal4	600.07	1058.4	1e+12
8593	metal1	656.07	1058.4	18184	metal4	656.07	1058.4	1e+12
8594	metal1	712.07	1058.4	18185	metal4	712.07	1058.4	1e+12
8595	metal1	768.07	1058.4	18186	metal4	768.07	1058.4	1e+12
8596	metal1	824.07	1058.4	18187	metal4	824.07	1058.4	1e+12
8597	metal1	880.07	1058.4	18188	metal4	880.07	1058.4	1e+12
8598	metal1	936.07	1058.4	18189	metal4	936.07	1058.4	1e+12
8599	metal1	992.07	1058.4	18190	metal4	992.07	1058.4	1e+12
8600	metal1	1048.07	1058.4	18191	metal4	1048.07	1058.4	1e+12
8601	metal1	1086.21	1058.4	18192	metal4	1086.21	1058.4	1e+12
8602	metal1	14.095	1061.2	18193	metal4	14.095	1061.2	1e+12
8603	metal1	40.07	1061.2	18194	metal4	40.07	1061.2	1e+12
8604	metal1	96.07	1061.2	18195	metal4	96.07	1061.2	1e+12
8605	metal1	108.455	1061.2	18196	metal4	108.455	1061.2	1e+12
8606	metal1	109.295	1061.2	18197	metal4	109.295	1061.2	1e+12
8607	metal1	152.07	1061.2	18198	metal4	152.07	1061.2	1e+12
8608	metal1	208.07	1061.2	18199	metal4	208.07	1061.2	1e+12
8609	metal1	264.07	1061.2	18200	metal4	264.07	1061.2	1e+12
8610	metal1	320.07	1061.2	18201	metal4	320.07	1061.2	1e+12
8611	metal1	376.07	1061.2	18202	metal4	376.07	1061.2	1e+12
8612	metal1	432.07	1061.2	18203	metal4	432.07	1061.2	1e+12
8613	metal1	488.07	1061.2	18204	metal4	488.07	1061.2	1e+12
8614	metal1	544.07	1061.2	18205	metal4	544.07	1061.2	1e+12
8615	metal1	600.07	1061.2	18206	metal4	600.07	1061.2	1e+12
8616	metal1	656.07	1061.2	18207	metal4	656.07	1061.2	1e+12
8617	metal1	712.07	1061.2	18208	metal4	712.07	1061.2	1e+12
8618	metal1	768.07	1061.2	18209	metal4	768.07	1061.2	1e+12
8619	metal1	824.07	1061.2	18210	metal4	824.07	1061.2	1e+12
8620	metal1	880.07	1061.2	18211	metal4	880.07	1061.2	1e+12
8621	metal1	936.07	1061.2	18212	metal4	936.07	1061.2	1e+12
8622	metal1	992.07	1061.2	18213	metal4	992.07	1061.2	1e+12
8623	metal1	1048.07	1061.2	18214	metal4	1048.07	1061.2	1e+12
8624	metal1	1086.21	1061.2	18215	metal4	1086.21	1061.2	1e+12
8625	metal1	14.095	1064	18216	metal4	14.095	1064	1e+12
8626	metal1	40.07	1064	18217	metal4	40.07	1064	1e+12
8627	metal1	96.07	1064	18218	metal4	96.07	1064	1e+12
8628	metal1	108.455	1064	18219	metal4	108.455	1064	1e+12
8629	metal1	109.295	1064	18220	metal4	109.295	1064	1e+12
8630	metal1	152.07	1064	18221	metal4	152.07	1064	1e+12
8631	metal1	208.07	1064	18222	metal4	208.07	1064	1e+12
8632	metal1	264.07	1064	18223	metal4	264.07	1064	1e+12
8633	metal1	320.07	1064	18224	metal4	320.07	1064	1e+12
8634	metal1	376.07	1064	18225	metal4	376.07	1064	1e+12
8635	metal1	432.07	1064	18226	metal4	432.07	1064	1e+12
8636	metal1	488.07	1064	18227	metal4	488.07	1064	1e+12
8637	metal1	544.07	1064	18228	metal4	544.07	1064	1e+12
8638	metal1	600.07	1064	18229	metal4	600.07	1064	1e+12
8639	metal1	656.07	1064	18230	metal4	656.07	1064	1e+12
8640	metal1	712.07	1064	18231	metal4	712.07	1064	1e+12
8641	metal1	768.07	1064	18232	metal4	768.07	1064	1e+12
8642	metal1	824.07	1064	18233	metal4	824.07	1064	1e+12
8643	metal1	880.07	1064	18234	metal4	880.07	1064	1e+12
8644	metal1	936.07	1064	18235	metal4	936.07	1064	1e+12
8645	metal1	992.07	1064	18236	metal4	992.07	1064	1e+12
8646	metal1	1048.07	1064	18237	metal4	1048.07	1064	1e+12
8647	metal1	1086.21	1064	18238	metal4	1086.21	1064	1e+12
8648	metal1	14.095	1066.8	18239	metal4	14.095	1066.8	1e+12
8649	metal1	40.07	1066.8	18240	metal4	40.07	1066.8	1e+12
8650	metal1	96.07	1066.8	18241	metal4	96.07	1066.8	1e+12
8651	metal1	108.455	1066.8	18242	metal4	108.455	1066.8	1e+12
8652	metal1	109.295	1066.8	18243	metal4	109.295	1066.8	1e+12
8653	metal1	152.07	1066.8	18244	metal4	152.07	1066.8	1e+12
8654	metal1	208.07	1066.8	18245	metal4	208.07	1066.8	1e+12
8655	metal1	264.07	1066.8	18246	metal4	264.07	1066.8	1e+12
8656	metal1	320.07	1066.8	18247	metal4	320.07	1066.8	1e+12
8657	metal1	376.07	1066.8	18248	metal4	376.07	1066.8	1e+12
8658	metal1	432.07	1066.8	18249	metal4	432.07	1066.8	1e+12
8659	metal1	488.07	1066.8	18250	metal4	488.07	1066.8	1e+12
8660	metal1	544.07	1066.8	18251	metal4	544.07	1066.8	1e+12
8661	metal1	600.07	1066.8	18252	metal4	600.07	1066.8	1e+12
8662	metal1	656.07	1066.8	18253	metal4	656.07	1066.8	1e+12
8663	metal1	712.07	1066.8	18254	metal4	712.07	1066.8	1e+12
8664	metal1	768.07	1066.8	18255	metal4	768.07	1066.8	1e+12
8665	metal1	824.07	1066.8	18256	metal4	824.07	1066.8	1e+12
8666	metal1	880.07	1066.8	18257	metal4	880.07	1066.8	1e+12
8667	metal1	936.07	1066.8	18258	metal4	936.07	1066.8	1e+12
8668	metal1	992.07	1066.8	18259	metal4	992.07	1066.8	1e+12
8669	metal1	1048.07	1066.8	18260	metal4	1048.07	1066.8	1e+12
8670	metal1	1086.21	1066.8	18261	metal4	1086.21	1066.8	1e+12
8671	metal1	14.095	1069.6	18262	metal4	14.095	1069.6	1e+12
8672	metal1	40.07	1069.6	18263	metal4	40.07	1069.6	1e+12
8673	metal1	96.07	1069.6	18264	metal4	96.07	1069.6	1e+12
8674	metal1	108.455	1069.6	18265	metal4	108.455	1069.6	1e+12
8675	metal1	109.295	1069.6	18266	metal4	109.295	1069.6	1e+12
8676	metal1	152.07	1069.6	18267	metal4	152.07	1069.6	1e+12
8677	metal1	208.07	1069.6	18268	metal4	208.07	1069.6	1e+12
8678	metal1	264.07	1069.6	18269	metal4	264.07	1069.6	1e+12
8679	metal1	320.07	1069.6	18270	metal4	320.07	1069.6	1e+12
8680	metal1	376.07	1069.6	18271	metal4	376.07	1069.6	1e+12
8681	metal1	432.07	1069.6	18272	metal4	432.07	1069.6	1e+12
8682	metal1	488.07	1069.6	18273	metal4	488.07	1069.6	1e+12
8683	metal1	544.07	1069.6	18274	metal4	544.07	1069.6	1e+12
8684	metal1	600.07	1069.6	18275	metal4	600.07	1069.6	1e+12
8685	metal1	656.07	1069.6	18276	metal4	656.07	1069.6	1e+12
8686	metal1	712.07	1069.6	18277	metal4	712.07	1069.6	1e+12
8687	metal1	768.07	1069.6	18278	metal4	768.07	1069.6	1e+12
8688	metal1	824.07	1069.6	18279	metal4	824.07	1069.6	1e+12
8689	metal1	880.07	1069.6	18280	metal4	880.07	1069.6	1e+12
8690	metal1	936.07	1069.6	18281	metal4	936.07	1069.6	1e+12
8691	metal1	992.07	1069.6	18282	metal4	992.07	1069.6	1e+12
8692	metal1	1048.07	1069.6	18283	metal4	1048.07	1069.6	1e+12
8693	metal1	1086.21	1069.6	18284	metal4	1086.21	1069.6	1e+12
8694	metal1	14.095	1072.4	18285	metal4	14.095	1072.4	1e+12
8695	metal1	40.07	1072.4	18286	metal4	40.07	1072.4	1e+12
8696	metal1	96.07	1072.4	18287	metal4	96.07	1072.4	1e+12
8697	metal1	108.455	1072.4	18288	metal4	108.455	1072.4	1e+12
8698	metal1	109.295	1072.4	18289	metal4	109.295	1072.4	1e+12
8699	metal1	152.07	1072.4	18290	metal4	152.07	1072.4	1e+12
8700	metal1	208.07	1072.4	18291	metal4	208.07	1072.4	1e+12
8701	metal1	264.07	1072.4	18292	metal4	264.07	1072.4	1e+12
8702	metal1	320.07	1072.4	18293	metal4	320.07	1072.4	1e+12
8703	metal1	376.07	1072.4	18294	metal4	376.07	1072.4	1e+12
8704	metal1	432.07	1072.4	18295	metal4	432.07	1072.4	1e+12
8705	metal1	488.07	1072.4	18296	metal4	488.07	1072.4	1e+12
8706	metal1	544.07	1072.4	18297	metal4	544.07	1072.4	1e+12
8707	metal1	600.07	1072.4	18298	metal4	600.07	1072.4	1e+12
8708	metal1	656.07	1072.4	18299	metal4	656.07	1072.4	1e+12
8709	metal1	712.07	1072.4	18300	metal4	712.07	1072.4	1e+12
8710	metal1	768.07	1072.4	18301	metal4	768.07	1072.4	1e+12
8711	metal1	824.07	1072.4	18302	metal4	824.07	1072.4	1e+12
8712	metal1	880.07	1072.4	18303	metal4	880.07	1072.4	1e+12
8713	metal1	936.07	1072.4	18304	metal4	936.07	1072.4	1e+12
8714	metal1	992.07	1072.4	18305	metal4	992.07	1072.4	1e+12
8715	metal1	1048.07	1072.4	18306	metal4	1048.07	1072.4	1e+12
8716	metal1	1086.21	1072.4	18307	metal4	1086.21	1072.4	1e+12
8717	metal1	14.095	1075.2	18308	metal4	14.095	1075.2	1e+12
8718	metal1	40.07	1075.2	18309	metal4	40.07	1075.2	1e+12
8719	metal1	96.07	1075.2	18310	metal4	96.07	1075.2	1e+12
8720	metal1	108.455	1075.2	18311	metal4	108.455	1075.2	1e+12
8721	metal1	109.295	1075.2	18312	metal4	109.295	1075.2	1e+12
8722	metal1	152.07	1075.2	18313	metal4	152.07	1075.2	1e+12
8723	metal1	208.07	1075.2	18314	metal4	208.07	1075.2	1e+12
8724	metal1	264.07	1075.2	18315	metal4	264.07	1075.2	1e+12
8725	metal1	320.07	1075.2	18316	metal4	320.07	1075.2	1e+12
8726	metal1	376.07	1075.2	18317	metal4	376.07	1075.2	1e+12
8727	metal1	432.07	1075.2	18318	metal4	432.07	1075.2	1e+12
8728	metal1	488.07	1075.2	18319	metal4	488.07	1075.2	1e+12
8729	metal1	544.07	1075.2	18320	metal4	544.07	1075.2	1e+12
8730	metal1	600.07	1075.2	18321	metal4	600.07	1075.2	1e+12
8731	metal1	656.07	1075.2	18322	metal4	656.07	1075.2	1e+12
8732	metal1	712.07	1075.2	18323	metal4	712.07	1075.2	1e+12
8733	metal1	768.07	1075.2	18324	metal4	768.07	1075.2	1e+12
8734	metal1	824.07	1075.2	18325	metal4	824.07	1075.2	1e+12
8735	metal1	880.07	1075.2	18326	metal4	880.07	1075.2	1e+12
8736	metal1	936.07	1075.2	18327	metal4	936.07	1075.2	1e+12
8737	metal1	992.07	1075.2	18328	metal4	992.07	1075.2	1e+12
8738	metal1	1048.07	1075.2	18329	metal4	1048.07	1075.2	1e+12
8739	metal1	1086.21	1075.2	18330	metal4	1086.21	1075.2	1e+12
8740	metal1	14.095	1078	18331	metal4	14.095	1078	1e+12
8741	metal1	40.07	1078	18332	metal4	40.07	1078	1e+12
8742	metal1	96.07	1078	18333	metal4	96.07	1078	1e+12
8743	metal1	108.455	1078	18334	metal4	108.455	1078	1e+12
8744	metal1	109.295	1078	18335	metal4	109.295	1078	1e+12
8745	metal1	152.07	1078	18336	metal4	152.07	1078	1e+12
8746	metal1	208.07	1078	18337	metal4	208.07	1078	1e+12
8747	metal1	264.07	1078	18338	metal4	264.07	1078	1e+12
8748	metal1	320.07	1078	18339	metal4	320.07	1078	1e+12
8749	metal1	376.07	1078	18340	metal4	376.07	1078	1e+12
8750	metal1	432.07	1078	18341	metal4	432.07	1078	1e+12
8751	metal1	488.07	1078	18342	metal4	488.07	1078	1e+12
8752	metal1	544.07	1078	18343	metal4	544.07	1078	1e+12
8753	metal1	600.07	1078	18344	metal4	600.07	1078	1e+12
8754	metal1	656.07	1078	18345	metal4	656.07	1078	1e+12
8755	metal1	712.07	1078	18346	metal4	712.07	1078	1e+12
8756	metal1	768.07	1078	18347	metal4	768.07	1078	1e+12
8757	metal1	824.07	1078	18348	metal4	824.07	1078	1e+12
8758	metal1	880.07	1078	18349	metal4	880.07	1078	1e+12
8759	metal1	936.07	1078	18350	metal4	936.07	1078	1e+12
8760	metal1	992.07	1078	18351	metal4	992.07	1078	1e+12
8761	metal1	1048.07	1078	18352	metal4	1048.07	1078	1e+12
8762	metal1	1086.21	1078	18353	metal4	1086.21	1078	1e+12
8763	metal1	14.095	1080.8	18377	metal4	14.095	1080.8	1e+12
8764	metal1	40.07	1080.8	18378	metal4	40.07	1080.8	1e+12
8765	metal1	96.07	1080.8	18379	metal4	96.07	1080.8	1e+12
8766	metal1	108.455	1080.8	18380	metal4	108.455	1080.8	1e+12
8767	metal1	109.295	1080.8	18381	metal4	109.295	1080.8	1e+12
8768	metal1	152.07	1080.8	18382	metal4	152.07	1080.8	1e+12
8769	metal1	208.07	1080.8	18383	metal4	208.07	1080.8	1e+12
8770	metal1	264.07	1080.8	18384	metal4	264.07	1080.8	1e+12
8771	metal1	320.07	1080.8	18385	metal4	320.07	1080.8	1e+12
8772	metal1	376.07	1080.8	18386	metal4	376.07	1080.8	1e+12
8773	metal1	432.07	1080.8	18387	metal4	432.07	1080.8	1e+12
8774	metal1	488.07	1080.8	18388	metal4	488.07	1080.8	1e+12
8775	metal1	544.07	1080.8	18389	metal4	544.07	1080.8	1e+12
8776	metal1	600.07	1080.8	18390	metal4	600.07	1080.8	1e+12
8777	metal1	656.07	1080.8	18391	metal4	656.07	1080.8	1e+12
8778	metal1	712.07	1080.8	18392	metal4	712.07	1080.8	1e+12
8779	metal1	768.07	1080.8	18393	metal4	768.07	1080.8	1e+12
8780	metal1	824.07	1080.8	18394	metal4	824.07	1080.8	1e+12
8781	metal1	880.07	1080.8	18395	metal4	880.07	1080.8	1e+12
8782	metal1	936.07	1080.8	18396	metal4	936.07	1080.8	1e+12
8783	metal1	992.07	1080.8	18397	metal4	992.07	1080.8	1e+12
8784	metal1	1048.07	1080.8	18398	metal4	1048.07	1080.8	1e+12
8785	metal1	1086.21	1080.8	18399	metal4	1086.21	1080.8	1e+12
8786	metal1	14.095	1083.6	18400	metal4	14.095	1083.6	1e+12
8787	metal1	40.07	1083.6	18401	metal4	40.07	1083.6	1e+12
8788	metal1	96.07	1083.6	18402	metal4	96.07	1083.6	1e+12
8789	metal1	108.455	1083.6	18403	metal4	108.455	1083.6	1e+12
8790	metal1	109.295	1083.6	18404	metal4	109.295	1083.6	1e+12
8791	metal1	152.07	1083.6	18405	metal4	152.07	1083.6	1e+12
8792	metal1	208.07	1083.6	18406	metal4	208.07	1083.6	1e+12
8793	metal1	264.07	1083.6	18407	metal4	264.07	1083.6	1e+12
8794	metal1	320.07	1083.6	18408	metal4	320.07	1083.6	1e+12
8795	metal1	376.07	1083.6	18409	metal4	376.07	1083.6	1e+12
8796	metal1	432.07	1083.6	18410	metal4	432.07	1083.6	1e+12
8797	metal1	488.07	1083.6	18411	metal4	488.07	1083.6	1e+12
8798	metal1	544.07	1083.6	18412	metal4	544.07	1083.6	1e+12
8799	metal1	600.07	1083.6	18413	metal4	600.07	1083.6	1e+12
8800	metal1	656.07	1083.6	18414	metal4	656.07	1083.6	1e+12
8801	metal1	712.07	1083.6	18415	metal4	712.07	1083.6	1e+12
8802	metal1	768.07	1083.6	18416	metal4	768.07	1083.6	1e+12
8803	metal1	824.07	1083.6	18417	metal4	824.07	1083.6	1e+12
8804	metal1	880.07	1083.6	18418	metal4	880.07	1083.6	1e+12
8805	metal1	936.07	1083.6	18419	metal4	936.07	1083.6	1e+12
8806	metal1	992.07	1083.6	18420	metal4	992.07	1083.6	1e+12
8807	metal1	1048.07	1083.6	18421	metal4	1048.07	1083.6	1e+12
8808	metal1	1086.21	1083.6	18422	metal4	1086.21	1083.6	1e+12
8809	metal1	14.095	1086.4	18423	metal4	14.095	1086.4	1e+12
8810	metal1	40.07	1086.4	18424	metal4	40.07	1086.4	1e+12
8811	metal1	96.07	1086.4	18425	metal4	96.07	1086.4	1e+12
8812	metal1	108.455	1086.4	18426	metal4	108.455	1086.4	1e+12
8813	metal1	109.295	1086.4	18427	metal4	109.295	1086.4	1e+12
8814	metal1	152.07	1086.4	18428	metal4	152.07	1086.4	1e+12
8815	metal1	208.07	1086.4	18429	metal4	208.07	1086.4	1e+12
8816	metal1	264.07	1086.4	18430	metal4	264.07	1086.4	1e+12
8817	metal1	320.07	1086.4	18431	metal4	320.07	1086.4	1e+12
8818	metal1	376.07	1086.4	18432	metal4	376.07	1086.4	1e+12
8819	metal1	432.07	1086.4	18433	metal4	432.07	1086.4	1e+12
8820	metal1	488.07	1086.4	18434	metal4	488.07	1086.4	1e+12
8821	metal1	544.07	1086.4	18435	metal4	544.07	1086.4	1e+12
8822	metal1	600.07	1086.4	18436	metal4	600.07	1086.4	1e+12
8823	metal1	656.07	1086.4	18437	metal4	656.07	1086.4	1e+12
8824	metal1	712.07	1086.4	18438	metal4	712.07	1086.4	1e+12
8825	metal1	768.07	1086.4	18439	metal4	768.07	1086.4	1e+12
8826	metal1	824.07	1086.4	18440	metal4	824.07	1086.4	1e+12
8827	metal1	880.07	1086.4	18441	metal4	880.07	1086.4	1e+12
8828	metal1	936.07	1086.4	18442	metal4	936.07	1086.4	1e+12
8829	metal1	992.07	1086.4	18443	metal4	992.07	1086.4	1e+12
8830	metal1	1048.07	1086.4	18444	metal4	1048.07	1086.4	1e+12
8831	metal1	1086.21	1086.4	18445	metal4	1086.21	1086.4	1e+12
8832	metal1	14.095	1089.2	18469	metal4	14.095	1089.2	1e+12
8833	metal1	40.07	1089.2	18470	metal4	40.07	1089.2	1e+12
8834	metal1	96.07	1089.2	18471	metal4	96.07	1089.2	1e+12
8835	metal1	108.455	1089.2	18472	metal4	108.455	1089.2	1e+12
8836	metal1	109.295	1089.2	18473	metal4	109.295	1089.2	1e+12
8837	metal1	152.07	1089.2	18474	metal4	152.07	1089.2	1e+12
8838	metal1	208.07	1089.2	18475	metal4	208.07	1089.2	1e+12
8839	metal1	264.07	1089.2	18476	metal4	264.07	1089.2	1e+12
8840	metal1	320.07	1089.2	18477	metal4	320.07	1089.2	1e+12
8841	metal1	376.07	1089.2	18478	metal4	376.07	1089.2	1e+12
8842	metal1	432.07	1089.2	18479	metal4	432.07	1089.2	1e+12
8843	metal1	488.07	1089.2	18480	metal4	488.07	1089.2	1e+12
8844	metal1	544.07	1089.2	18481	metal4	544.07	1089.2	1e+12
8845	metal1	600.07	1089.2	18482	metal4	600.07	1089.2	1e+12
8846	metal1	656.07	1089.2	18483	metal4	656.07	1089.2	1e+12
8847	metal1	712.07	1089.2	18484	metal4	712.07	1089.2	1e+12
8848	metal1	768.07	1089.2	18485	metal4	768.07	1089.2	1e+12
8849	metal1	824.07	1089.2	18486	metal4	824.07	1089.2	1e+12
8850	metal1	880.07	1089.2	18487	metal4	880.07	1089.2	1e+12
8851	metal1	936.07	1089.2	18488	metal4	936.07	1089.2	1e+12
8852	metal1	992.07	1089.2	18489	metal4	992.07	1089.2	1e+12
8853	metal1	1048.07	1089.2	18490	metal4	1048.07	1089.2	1e+12
8854	metal1	1086.21	1089.2	18491	metal4	1086.21	1089.2	1e+12
8901	metal4	14.095	18.47	18492	metal7	14.095	18.47	1e+12
8902	metal4	40.07	18.47	18493	metal7	40.07	18.47	1e+12
8903	metal4	96.07	18.47	18494	metal7	96.07	18.47	1e+12
8904	metal4	108.455	18.47	18495	metal7	108.455	18.47	1e+12
8905	metal4	109.295	18.47	18496	metal7	109.295	18.47	1e+12
8906	metal4	152.07	18.47	18497	metal7	152.07	18.47	1e+12
8907	metal4	208.07	18.47	18498	metal7	208.07	18.47	1e+12
8908	metal4	264.07	18.47	18499	metal7	264.07	18.47	1e+12
8909	metal4	320.07	18.47	18500	metal7	320.07	18.47	1e+12
8910	metal4	376.07	18.47	18501	metal7	376.07	18.47	1e+12
8911	metal4	432.07	18.47	18502	metal7	432.07	18.47	1e+12
8912	metal4	488.07	18.47	18503	metal7	488.07	18.47	1e+12
8913	metal4	544.07	18.47	18504	metal7	544.07	18.47	1e+12
8914	metal4	600.07	18.47	18505	metal7	600.07	18.47	1e+12
8915	metal4	656.07	18.47	18506	metal7	656.07	18.47	1e+12
8916	metal4	712.07	18.47	18507	metal7	712.07	18.47	1e+12
8917	metal4	768.07	18.47	18508	metal7	768.07	18.47	1e+12
8918	metal4	824.07	18.47	18509	metal7	824.07	18.47	1e+12
8919	metal4	880.07	18.47	18510	metal7	880.07	18.47	1e+12
8920	metal4	936.07	18.47	18511	metal7	936.07	18.47	1e+12
8921	metal4	992.07	18.47	18512	metal7	992.07	18.47	1e+12
8922	metal4	1048.07	18.47	18513	metal7	1048.07	18.47	1e+12
8923	metal4	1086.21	18.47	18514	metal7	1086.21	18.47	1e+12
9016	metal4	14.095	29.6	18515	metal7	14.095	29.6	1e+12
9017	metal4	40.07	29.6	18516	metal7	40.07	29.6	1e+12
9018	metal4	96.07	29.6	18517	metal7	96.07	29.6	1e+12
9019	metal4	108.455	29.6	18518	metal7	108.455	29.6	1e+12
9020	metal4	109.295	29.6	18519	metal7	109.295	29.6	1e+12
9021	metal4	152.07	29.6	18520	metal7	152.07	29.6	1e+12
9022	metal4	208.07	29.6	18521	metal7	208.07	29.6	1e+12
9023	metal4	264.07	29.6	18522	metal7	264.07	29.6	1e+12
9024	metal4	320.07	29.6	18523	metal7	320.07	29.6	1e+12
9025	metal4	376.07	29.6	18524	metal7	376.07	29.6	1e+12
9026	metal4	432.07	29.6	18525	metal7	432.07	29.6	1e+12
9027	metal4	488.07	29.6	18526	metal7	488.07	29.6	1e+12
9028	metal4	544.07	29.6	18527	metal7	544.07	29.6	1e+12
9029	metal4	600.07	29.6	18528	metal7	600.07	29.6	1e+12
9030	metal4	656.07	29.6	18529	metal7	656.07	29.6	1e+12
9031	metal4	712.07	29.6	18530	metal7	712.07	29.6	1e+12
9032	metal4	768.07	29.6	18531	metal7	768.07	29.6	1e+12
9033	metal4	824.07	29.6	18532	metal7	824.07	29.6	1e+12
9034	metal4	880.07	29.6	18533	metal7	880.07	29.6	1e+12
9035	metal4	936.07	29.6	18534	metal7	936.07	29.6	1e+12
9036	metal4	992.07	29.6	18535	metal7	992.07	29.6	1e+12
9037	metal4	1048.07	29.6	18536	metal7	1048.07	29.6	1e+12
9038	metal4	1086.21	29.6	18537	metal7	1086.21	29.6	1e+12
9292	metal4	14.095	59.6	18538	metal7	14.095	59.6	1e+12
9293	metal4	40.07	59.6	18539	metal7	40.07	59.6	1e+12
9294	metal4	96.07	59.6	18540	metal7	96.07	59.6	1e+12
9295	metal4	108.455	59.6	18541	metal7	108.455	59.6	1e+12
9296	metal4	109.295	59.6	18542	metal7	109.295	59.6	1e+12
9297	metal4	152.07	59.6	18543	metal7	152.07	59.6	1e+12
9298	metal4	208.07	59.6	18544	metal7	208.07	59.6	1e+12
9299	metal4	264.07	59.6	18545	metal7	264.07	59.6	1e+12
9300	metal4	320.07	59.6	18546	metal7	320.07	59.6	1e+12
9301	metal4	376.07	59.6	18547	metal7	376.07	59.6	1e+12
9302	metal4	432.07	59.6	18548	metal7	432.07	59.6	1e+12
9303	metal4	488.07	59.6	18549	metal7	488.07	59.6	1e+12
9304	metal4	544.07	59.6	18550	metal7	544.07	59.6	1e+12
9305	metal4	600.07	59.6	18551	metal7	600.07	59.6	1e+12
9306	metal4	656.07	59.6	18552	metal7	656.07	59.6	1e+12
9307	metal4	712.07	59.6	18553	metal7	712.07	59.6	1e+12
9308	metal4	768.07	59.6	18554	metal7	768.07	59.6	1e+12
9309	metal4	824.07	59.6	18555	metal7	824.07	59.6	1e+12
9310	metal4	880.07	59.6	18556	metal7	880.07	59.6	1e+12
9311	metal4	936.07	59.6	18557	metal7	936.07	59.6	1e+12
9312	metal4	992.07	59.6	18558	metal7	992.07	59.6	1e+12
9313	metal4	1048.07	59.6	18559	metal7	1048.07	59.6	1e+12
9314	metal4	1086.21	59.6	18560	metal7	1086.21	59.6	1e+12
9545	metal4	14.095	89.6	18561	metal7	14.095	89.6	1e+12
9546	metal4	40.07	89.6	18562	metal7	40.07	89.6	1e+12
9547	metal4	96.07	89.6	18563	metal7	96.07	89.6	1e+12
9548	metal4	108.455	89.6	18564	metal7	108.455	89.6	1e+12
9549	metal4	109.295	89.6	18565	metal7	109.295	89.6	1e+12
9550	metal4	152.07	89.6	18566	metal7	152.07	89.6	1e+12
9551	metal4	208.07	89.6	18567	metal7	208.07	89.6	1e+12
9552	metal4	264.07	89.6	18568	metal7	264.07	89.6	1e+12
9553	metal4	320.07	89.6	18569	metal7	320.07	89.6	1e+12
9554	metal4	376.07	89.6	18570	metal7	376.07	89.6	1e+12
9555	metal4	432.07	89.6	18571	metal7	432.07	89.6	1e+12
9556	metal4	488.07	89.6	18572	metal7	488.07	89.6	1e+12
9557	metal4	544.07	89.6	18573	metal7	544.07	89.6	1e+12
9558	metal4	600.07	89.6	18574	metal7	600.07	89.6	1e+12
9559	metal4	656.07	89.6	18575	metal7	656.07	89.6	1e+12
9560	metal4	712.07	89.6	18576	metal7	712.07	89.6	1e+12
9561	metal4	768.07	89.6	18577	metal7	768.07	89.6	1e+12
9562	metal4	824.07	89.6	18578	metal7	824.07	89.6	1e+12
9563	metal4	880.07	89.6	18579	metal7	880.07	89.6	1e+12
9564	metal4	936.07	89.6	18580	metal7	936.07	89.6	1e+12
9565	metal4	992.07	89.6	18581	metal7	992.07	89.6	1e+12
9566	metal4	1048.07	89.6	18582	metal7	1048.07	89.6	1e+12
9567	metal4	1086.21	89.6	18583	metal7	1086.21	89.6	1e+12
9798	metal4	14.095	119.6	18584	metal7	14.095	119.6	1e+12
9799	metal4	40.07	119.6	18585	metal7	40.07	119.6	1e+12
9800	metal4	96.07	119.6	18586	metal7	96.07	119.6	1e+12
9801	metal4	108.455	119.6	18587	metal7	108.455	119.6	1e+12
9802	metal4	109.295	119.6	18588	metal7	109.295	119.6	1e+12
9803	metal4	152.07	119.6	18589	metal7	152.07	119.6	1e+12
9804	metal4	208.07	119.6	18590	metal7	208.07	119.6	1e+12
9805	metal4	264.07	119.6	18591	metal7	264.07	119.6	1e+12
9806	metal4	320.07	119.6	18592	metal7	320.07	119.6	1e+12
9807	metal4	376.07	119.6	18593	metal7	376.07	119.6	1e+12
9808	metal4	432.07	119.6	18594	metal7	432.07	119.6	1e+12
9809	metal4	488.07	119.6	18595	metal7	488.07	119.6	1e+12
9810	metal4	544.07	119.6	18596	metal7	544.07	119.6	1e+12
9811	metal4	600.07	119.6	18597	metal7	600.07	119.6	1e+12
9812	metal4	656.07	119.6	18598	metal7	656.07	119.6	1e+12
9813	metal4	712.07	119.6	18599	metal7	712.07	119.6	1e+12
9814	metal4	768.07	119.6	18600	metal7	768.07	119.6	1e+12
9815	metal4	824.07	119.6	18601	metal7	824.07	119.6	1e+12
9816	metal4	880.07	119.6	18602	metal7	880.07	119.6	1e+12
9817	metal4	936.07	119.6	18603	metal7	936.07	119.6	1e+12
9818	metal4	992.07	119.6	18604	metal7	992.07	119.6	1e+12
9819	metal4	1048.07	119.6	18605	metal7	1048.07	119.6	1e+12
9820	metal4	1086.21	119.6	18606	metal7	1086.21	119.6	1e+12
10074	metal4	14.095	149.6	18607	metal7	14.095	149.6	1e+12
10075	metal4	40.07	149.6	18608	metal7	40.07	149.6	1e+12
10076	metal4	96.07	149.6	18609	metal7	96.07	149.6	1e+12
10077	metal4	108.455	149.6	18610	metal7	108.455	149.6	1e+12
10078	metal4	109.295	149.6	18611	metal7	109.295	149.6	1e+12
10079	metal4	152.07	149.6	18612	metal7	152.07	149.6	1e+12
10080	metal4	208.07	149.6	18613	metal7	208.07	149.6	1e+12
10081	metal4	264.07	149.6	18614	metal7	264.07	149.6	1e+12
10082	metal4	320.07	149.6	18615	metal7	320.07	149.6	1e+12
10083	metal4	376.07	149.6	18616	metal7	376.07	149.6	1e+12
10084	metal4	432.07	149.6	18617	metal7	432.07	149.6	1e+12
10085	metal4	488.07	149.6	18618	metal7	488.07	149.6	1e+12
10086	metal4	544.07	149.6	18619	metal7	544.07	149.6	1e+12
10087	metal4	600.07	149.6	18620	metal7	600.07	149.6	1e+12
10088	metal4	656.07	149.6	18621	metal7	656.07	149.6	1e+12
10089	metal4	712.07	149.6	18622	metal7	712.07	149.6	1e+12
10090	metal4	768.07	149.6	18623	metal7	768.07	149.6	1e+12
10091	metal4	824.07	149.6	18624	metal7	824.07	149.6	1e+12
10092	metal4	880.07	149.6	18625	metal7	880.07	149.6	1e+12
10093	metal4	936.07	149.6	18626	metal7	936.07	149.6	1e+12
10094	metal4	992.07	149.6	18627	metal7	992.07	149.6	1e+12
10095	metal4	1048.07	149.6	18628	metal7	1048.07	149.6	1e+12
10096	metal4	1086.21	149.6	18629	metal7	1086.21	149.6	1e+12
10350	metal4	14.095	179.6	18630	metal7	14.095	179.6	1e+12
10351	metal4	40.07	179.6	18631	metal7	40.07	179.6	1e+12
10352	metal4	96.07	179.6	18632	metal7	96.07	179.6	1e+12
10353	metal4	108.455	179.6	18633	metal7	108.455	179.6	1e+12
10354	metal4	109.295	179.6	18634	metal7	109.295	179.6	1e+12
10355	metal4	152.07	179.6	18635	metal7	152.07	179.6	1e+12
10356	metal4	208.07	179.6	18636	metal7	208.07	179.6	1e+12
10357	metal4	264.07	179.6	18637	metal7	264.07	179.6	1e+12
10358	metal4	320.07	179.6	18638	metal7	320.07	179.6	1e+12
10359	metal4	376.07	179.6	18639	metal7	376.07	179.6	1e+12
10360	metal4	432.07	179.6	18640	metal7	432.07	179.6	1e+12
10361	metal4	488.07	179.6	18641	metal7	488.07	179.6	1e+12
10362	metal4	544.07	179.6	18642	metal7	544.07	179.6	1e+12
10363	metal4	600.07	179.6	18643	metal7	600.07	179.6	1e+12
10364	metal4	656.07	179.6	18644	metal7	656.07	179.6	1e+12
10365	metal4	712.07	179.6	18645	metal7	712.07	179.6	1e+12
10366	metal4	768.07	179.6	18646	metal7	768.07	179.6	1e+12
10367	metal4	824.07	179.6	18647	metal7	824.07	179.6	1e+12
10368	metal4	880.07	179.6	18648	metal7	880.07	179.6	1e+12
10369	metal4	936.07	179.6	18649	metal7	936.07	179.6	1e+12
10370	metal4	992.07	179.6	18650	metal7	992.07	179.6	1e+12
10371	metal4	1048.07	179.6	18651	metal7	1048.07	179.6	1e+12
10372	metal4	1086.21	179.6	18652	metal7	1086.21	179.6	1e+12
10603	metal4	14.095	209.6	18653	metal7	14.095	209.6	1e+12
10604	metal4	40.07	209.6	18654	metal7	40.07	209.6	1e+12
10605	metal4	96.07	209.6	18655	metal7	96.07	209.6	1e+12
10606	metal4	108.455	209.6	18656	metal7	108.455	209.6	1e+12
10607	metal4	109.295	209.6	18657	metal7	109.295	209.6	1e+12
10608	metal4	152.07	209.6	18658	metal7	152.07	209.6	1e+12
10609	metal4	208.07	209.6	18659	metal7	208.07	209.6	1e+12
10610	metal4	264.07	209.6	18660	metal7	264.07	209.6	1e+12
10611	metal4	320.07	209.6	18661	metal7	320.07	209.6	1e+12
10612	metal4	376.07	209.6	18662	metal7	376.07	209.6	1e+12
10613	metal4	432.07	209.6	18663	metal7	432.07	209.6	1e+12
10614	metal4	488.07	209.6	18664	metal7	488.07	209.6	1e+12
10615	metal4	544.07	209.6	18665	metal7	544.07	209.6	1e+12
10616	metal4	600.07	209.6	18666	metal7	600.07	209.6	1e+12
10617	metal4	656.07	209.6	18667	metal7	656.07	209.6	1e+12
10618	metal4	712.07	209.6	18668	metal7	712.07	209.6	1e+12
10619	metal4	768.07	209.6	18669	metal7	768.07	209.6	1e+12
10620	metal4	824.07	209.6	18670	metal7	824.07	209.6	1e+12
10621	metal4	880.07	209.6	18671	metal7	880.07	209.6	1e+12
10622	metal4	936.07	209.6	18672	metal7	936.07	209.6	1e+12
10623	metal4	992.07	209.6	18673	metal7	992.07	209.6	1e+12
10624	metal4	1048.07	209.6	18674	metal7	1048.07	209.6	1e+12
10625	metal4	1086.21	209.6	18675	metal7	1086.21	209.6	1e+12
10879	metal4	14.095	239.6	18676	metal7	14.095	239.6	1e+12
10880	metal4	40.07	239.6	18677	metal7	40.07	239.6	1e+12
10881	metal4	96.07	239.6	18678	metal7	96.07	239.6	1e+12
10882	metal4	108.455	239.6	18679	metal7	108.455	239.6	1e+12
10883	metal4	109.295	239.6	18680	metal7	109.295	239.6	1e+12
10884	metal4	152.07	239.6	18681	metal7	152.07	239.6	1e+12
10885	metal4	208.07	239.6	18682	metal7	208.07	239.6	1e+12
10886	metal4	264.07	239.6	18683	metal7	264.07	239.6	1e+12
10887	metal4	320.07	239.6	18684	metal7	320.07	239.6	1e+12
10888	metal4	376.07	239.6	18685	metal7	376.07	239.6	1e+12
10889	metal4	432.07	239.6	18686	metal7	432.07	239.6	1e+12
10890	metal4	488.07	239.6	18687	metal7	488.07	239.6	1e+12
10891	metal4	544.07	239.6	18688	metal7	544.07	239.6	1e+12
10892	metal4	600.07	239.6	18689	metal7	600.07	239.6	1e+12
10893	metal4	656.07	239.6	18690	metal7	656.07	239.6	1e+12
10894	metal4	712.07	239.6	18691	metal7	712.07	239.6	1e+12
10895	metal4	768.07	239.6	18692	metal7	768.07	239.6	1e+12
10896	metal4	824.07	239.6	18693	metal7	824.07	239.6	1e+12
10897	metal4	880.07	239.6	18694	metal7	880.07	239.6	1e+12
10898	metal4	936.07	239.6	18695	metal7	936.07	239.6	1e+12
10899	metal4	992.07	239.6	18696	metal7	992.07	239.6	1e+12
10900	metal4	1048.07	239.6	18697	metal7	1048.07	239.6	1e+12
10901	metal4	1086.21	239.6	18698	metal7	1086.21	239.6	1e+12
11155	metal4	14.095	269.6	18699	metal7	14.095	269.6	1e+12
11156	metal4	40.07	269.6	18700	metal7	40.07	269.6	1e+12
11157	metal4	96.07	269.6	18701	metal7	96.07	269.6	1e+12
11158	metal4	108.455	269.6	18702	metal7	108.455	269.6	1e+12
11159	metal4	109.295	269.6	18703	metal7	109.295	269.6	1e+12
11160	metal4	152.07	269.6	18704	metal7	152.07	269.6	1e+12
11161	metal4	208.07	269.6	18705	metal7	208.07	269.6	1e+12
11162	metal4	264.07	269.6	18706	metal7	264.07	269.6	1e+12
11163	metal4	320.07	269.6	18707	metal7	320.07	269.6	1e+12
11164	metal4	376.07	269.6	18708	metal7	376.07	269.6	1e+12
11165	metal4	432.07	269.6	18709	metal7	432.07	269.6	1e+12
11166	metal4	488.07	269.6	18710	metal7	488.07	269.6	1e+12
11167	metal4	544.07	269.6	18711	metal7	544.07	269.6	1e+12
11168	metal4	600.07	269.6	18712	metal7	600.07	269.6	1e+12
11169	metal4	656.07	269.6	18713	metal7	656.07	269.6	1e+12
11170	metal4	712.07	269.6	18714	metal7	712.07	269.6	1e+12
11171	metal4	768.07	269.6	18715	metal7	768.07	269.6	1e+12
11172	metal4	824.07	269.6	18716	metal7	824.07	269.6	1e+12
11173	metal4	880.07	269.6	18717	metal7	880.07	269.6	1e+12
11174	metal4	936.07	269.6	18718	metal7	936.07	269.6	1e+12
11175	metal4	992.07	269.6	18719	metal7	992.07	269.6	1e+12
11176	metal4	1048.07	269.6	18720	metal7	1048.07	269.6	1e+12
11177	metal4	1086.21	269.6	18721	metal7	1086.21	269.6	1e+12
11408	metal4	14.095	299.6	18722	metal7	14.095	299.6	1e+12
11409	metal4	40.07	299.6	18723	metal7	40.07	299.6	1e+12
11410	metal4	96.07	299.6	18724	metal7	96.07	299.6	1e+12
11411	metal4	108.455	299.6	18725	metal7	108.455	299.6	1e+12
11412	metal4	109.295	299.6	18726	metal7	109.295	299.6	1e+12
11413	metal4	152.07	299.6	18727	metal7	152.07	299.6	1e+12
11414	metal4	208.07	299.6	18728	metal7	208.07	299.6	1e+12
11415	metal4	264.07	299.6	18729	metal7	264.07	299.6	1e+12
11416	metal4	320.07	299.6	18730	metal7	320.07	299.6	1e+12
11417	metal4	376.07	299.6	18731	metal7	376.07	299.6	1e+12
11418	metal4	432.07	299.6	18732	metal7	432.07	299.6	1e+12
11419	metal4	488.07	299.6	18733	metal7	488.07	299.6	1e+12
11420	metal4	544.07	299.6	18734	metal7	544.07	299.6	1e+12
11421	metal4	600.07	299.6	18735	metal7	600.07	299.6	1e+12
11422	metal4	656.07	299.6	18736	metal7	656.07	299.6	1e+12
11423	metal4	712.07	299.6	18737	metal7	712.07	299.6	1e+12
11424	metal4	768.07	299.6	18738	metal7	768.07	299.6	1e+12
11425	metal4	824.07	299.6	18739	metal7	824.07	299.6	1e+12
11426	metal4	880.07	299.6	18740	metal7	880.07	299.6	1e+12
11427	metal4	936.07	299.6	18741	metal7	936.07	299.6	1e+12
11428	metal4	992.07	299.6	18742	metal7	992.07	299.6	1e+12
11429	metal4	1048.07	299.6	18743	metal7	1048.07	299.6	1e+12
11430	metal4	1086.21	299.6	18744	metal7	1086.21	299.6	1e+12
11661	metal4	14.095	329.6	18745	metal7	14.095	329.6	1e+12
11662	metal4	40.07	329.6	18746	metal7	40.07	329.6	1e+12
11663	metal4	96.07	329.6	18747	metal7	96.07	329.6	1e+12
11664	metal4	108.455	329.6	18748	metal7	108.455	329.6	1e+12
11665	metal4	109.295	329.6	18749	metal7	109.295	329.6	1e+12
11666	metal4	152.07	329.6	18750	metal7	152.07	329.6	1e+12
11667	metal4	208.07	329.6	18751	metal7	208.07	329.6	1e+12
11668	metal4	264.07	329.6	18752	metal7	264.07	329.6	1e+12
11669	metal4	320.07	329.6	18753	metal7	320.07	329.6	1e+12
11670	metal4	376.07	329.6	18754	metal7	376.07	329.6	1e+12
11671	metal4	432.07	329.6	18755	metal7	432.07	329.6	1e+12
11672	metal4	488.07	329.6	18756	metal7	488.07	329.6	1e+12
11673	metal4	544.07	329.6	18757	metal7	544.07	329.6	1e+12
11674	metal4	600.07	329.6	18758	metal7	600.07	329.6	1e+12
11675	metal4	656.07	329.6	18759	metal7	656.07	329.6	1e+12
11676	metal4	712.07	329.6	18760	metal7	712.07	329.6	1e+12
11677	metal4	768.07	329.6	18761	metal7	768.07	329.6	1e+12
11678	metal4	824.07	329.6	18762	metal7	824.07	329.6	1e+12
11679	metal4	880.07	329.6	18763	metal7	880.07	329.6	1e+12
11680	metal4	936.07	329.6	18764	metal7	936.07	329.6	1e+12
11681	metal4	992.07	329.6	18765	metal7	992.07	329.6	1e+12
11682	metal4	1048.07	329.6	18766	metal7	1048.07	329.6	1e+12
11683	metal4	1086.21	329.6	18767	metal7	1086.21	329.6	1e+12
11937	metal4	14.095	359.6	18768	metal7	14.095	359.6	1e+12
11938	metal4	40.07	359.6	18769	metal7	40.07	359.6	1e+12
11939	metal4	96.07	359.6	18770	metal7	96.07	359.6	1e+12
11940	metal4	108.455	359.6	18771	metal7	108.455	359.6	1e+12
11941	metal4	109.295	359.6	18772	metal7	109.295	359.6	1e+12
11942	metal4	152.07	359.6	18773	metal7	152.07	359.6	1e+12
11943	metal4	208.07	359.6	18774	metal7	208.07	359.6	1e+12
11944	metal4	264.07	359.6	18775	metal7	264.07	359.6	1e+12
11945	metal4	320.07	359.6	18776	metal7	320.07	359.6	1e+12
11946	metal4	376.07	359.6	18777	metal7	376.07	359.6	1e+12
11947	metal4	432.07	359.6	18778	metal7	432.07	359.6	1e+12
11948	metal4	488.07	359.6	18779	metal7	488.07	359.6	1e+12
11949	metal4	544.07	359.6	18780	metal7	544.07	359.6	1e+12
11950	metal4	600.07	359.6	18781	metal7	600.07	359.6	1e+12
11951	metal4	656.07	359.6	18782	metal7	656.07	359.6	1e+12
11952	metal4	712.07	359.6	18783	metal7	712.07	359.6	1e+12
11953	metal4	768.07	359.6	18784	metal7	768.07	359.6	1e+12
11954	metal4	824.07	359.6	18785	metal7	824.07	359.6	1e+12
11955	metal4	880.07	359.6	18786	metal7	880.07	359.6	1e+12
11956	metal4	936.07	359.6	18787	metal7	936.07	359.6	1e+12
11957	metal4	992.07	359.6	18788	metal7	992.07	359.6	1e+12
11958	metal4	1048.07	359.6	18789	metal7	1048.07	359.6	1e+12
11959	metal4	1086.21	359.6	18790	metal7	1086.21	359.6	1e+12
12213	metal4	14.095	389.6	18791	metal7	14.095	389.6	1e+12
12214	metal4	40.07	389.6	18792	metal7	40.07	389.6	1e+12
12215	metal4	96.07	389.6	18793	metal7	96.07	389.6	1e+12
12216	metal4	108.455	389.6	18794	metal7	108.455	389.6	1e+12
12217	metal4	109.295	389.6	18795	metal7	109.295	389.6	1e+12
12218	metal4	152.07	389.6	18796	metal7	152.07	389.6	1e+12
12219	metal4	208.07	389.6	18797	metal7	208.07	389.6	1e+12
12220	metal4	264.07	389.6	18798	metal7	264.07	389.6	1e+12
12221	metal4	320.07	389.6	18799	metal7	320.07	389.6	1e+12
12222	metal4	376.07	389.6	18800	metal7	376.07	389.6	1e+12
12223	metal4	432.07	389.6	18801	metal7	432.07	389.6	1e+12
12224	metal4	488.07	389.6	18802	metal7	488.07	389.6	1e+12
12225	metal4	544.07	389.6	18803	metal7	544.07	389.6	1e+12
12226	metal4	600.07	389.6	18804	metal7	600.07	389.6	1e+12
12227	metal4	656.07	389.6	18805	metal7	656.07	389.6	1e+12
12228	metal4	712.07	389.6	18806	metal7	712.07	389.6	1e+12
12229	metal4	768.07	389.6	18807	metal7	768.07	389.6	1e+12
12230	metal4	824.07	389.6	18808	metal7	824.07	389.6	1e+12
12231	metal4	880.07	389.6	18809	metal7	880.07	389.6	1e+12
12232	metal4	936.07	389.6	18810	metal7	936.07	389.6	1e+12
12233	metal4	992.07	389.6	18811	metal7	992.07	389.6	1e+12
12234	metal4	1048.07	389.6	18812	metal7	1048.07	389.6	1e+12
12235	metal4	1086.21	389.6	18813	metal7	1086.21	389.6	1e+12
12466	metal4	14.095	419.6	18814	metal7	14.095	419.6	1e+12
12467	metal4	40.07	419.6	18815	metal7	40.07	419.6	1e+12
12468	metal4	96.07	419.6	18816	metal7	96.07	419.6	1e+12
12469	metal4	108.455	419.6	18817	metal7	108.455	419.6	1e+12
12470	metal4	109.295	419.6	18818	metal7	109.295	419.6	1e+12
12471	metal4	152.07	419.6	18819	metal7	152.07	419.6	1e+12
12472	metal4	208.07	419.6	18820	metal7	208.07	419.6	1e+12
12473	metal4	264.07	419.6	18821	metal7	264.07	419.6	1e+12
12474	metal4	320.07	419.6	18822	metal7	320.07	419.6	1e+12
12475	metal4	376.07	419.6	18823	metal7	376.07	419.6	1e+12
12476	metal4	432.07	419.6	18824	metal7	432.07	419.6	1e+12
12477	metal4	488.07	419.6	18825	metal7	488.07	419.6	1e+12
12478	metal4	544.07	419.6	18826	metal7	544.07	419.6	1e+12
12479	metal4	600.07	419.6	18827	metal7	600.07	419.6	1e+12
12480	metal4	656.07	419.6	18828	metal7	656.07	419.6	1e+12
12481	metal4	712.07	419.6	18829	metal7	712.07	419.6	1e+12
12482	metal4	768.07	419.6	18830	metal7	768.07	419.6	1e+12
12483	metal4	824.07	419.6	18831	metal7	824.07	419.6	1e+12
12484	metal4	880.07	419.6	18832	metal7	880.07	419.6	1e+12
12485	metal4	936.07	419.6	18833	metal7	936.07	419.6	1e+12
12486	metal4	992.07	419.6	18834	metal7	992.07	419.6	1e+12
12487	metal4	1048.07	419.6	18835	metal7	1048.07	419.6	1e+12
12488	metal4	1086.21	419.6	18836	metal7	1086.21	419.6	1e+12
12742	metal4	14.095	449.6	18837	metal7	14.095	449.6	1e+12
12743	metal4	40.07	449.6	18838	metal7	40.07	449.6	1e+12
12744	metal4	96.07	449.6	18839	metal7	96.07	449.6	1e+12
12745	metal4	108.455	449.6	18840	metal7	108.455	449.6	1e+12
12746	metal4	109.295	449.6	18841	metal7	109.295	449.6	1e+12
12747	metal4	152.07	449.6	18842	metal7	152.07	449.6	1e+12
12748	metal4	208.07	449.6	18843	metal7	208.07	449.6	1e+12
12749	metal4	264.07	449.6	18844	metal7	264.07	449.6	1e+12
12750	metal4	320.07	449.6	18845	metal7	320.07	449.6	1e+12
12751	metal4	376.07	449.6	18846	metal7	376.07	449.6	1e+12
12752	metal4	432.07	449.6	18847	metal7	432.07	449.6	1e+12
12753	metal4	488.07	449.6	18848	metal7	488.07	449.6	1e+12
12754	metal4	544.07	449.6	18849	metal7	544.07	449.6	1e+12
12755	metal4	600.07	449.6	18850	metal7	600.07	449.6	1e+12
12756	metal4	656.07	449.6	18851	metal7	656.07	449.6	1e+12
12757	metal4	712.07	449.6	18852	metal7	712.07	449.6	1e+12
12758	metal4	768.07	449.6	18853	metal7	768.07	449.6	1e+12
12759	metal4	824.07	449.6	18854	metal7	824.07	449.6	1e+12
12760	metal4	880.07	449.6	18855	metal7	880.07	449.6	1e+12
12761	metal4	936.07	449.6	18856	metal7	936.07	449.6	1e+12
12762	metal4	992.07	449.6	18857	metal7	992.07	449.6	1e+12
12763	metal4	1048.07	449.6	18858	metal7	1048.07	449.6	1e+12
12764	metal4	1086.21	449.6	18859	metal7	1086.21	449.6	1e+12
13018	metal4	14.095	479.6	18860	metal7	14.095	479.6	1e+12
13019	metal4	40.07	479.6	18861	metal7	40.07	479.6	1e+12
13020	metal4	96.07	479.6	18862	metal7	96.07	479.6	1e+12
13021	metal4	108.455	479.6	18863	metal7	108.455	479.6	1e+12
13022	metal4	109.295	479.6	18864	metal7	109.295	479.6	1e+12
13023	metal4	152.07	479.6	18865	metal7	152.07	479.6	1e+12
13024	metal4	208.07	479.6	18866	metal7	208.07	479.6	1e+12
13025	metal4	264.07	479.6	18867	metal7	264.07	479.6	1e+12
13026	metal4	320.07	479.6	18868	metal7	320.07	479.6	1e+12
13027	metal4	376.07	479.6	18869	metal7	376.07	479.6	1e+12
13028	metal4	432.07	479.6	18870	metal7	432.07	479.6	1e+12
13029	metal4	488.07	479.6	18871	metal7	488.07	479.6	1e+12
13030	metal4	544.07	479.6	18872	metal7	544.07	479.6	1e+12
13031	metal4	600.07	479.6	18873	metal7	600.07	479.6	1e+12
13032	metal4	656.07	479.6	18874	metal7	656.07	479.6	1e+12
13033	metal4	712.07	479.6	18875	metal7	712.07	479.6	1e+12
13034	metal4	768.07	479.6	18876	metal7	768.07	479.6	1e+12
13035	metal4	824.07	479.6	18877	metal7	824.07	479.6	1e+12
13036	metal4	880.07	479.6	18878	metal7	880.07	479.6	1e+12
13037	metal4	936.07	479.6	18879	metal7	936.07	479.6	1e+12
13038	metal4	992.07	479.6	18880	metal7	992.07	479.6	1e+12
13039	metal4	1048.07	479.6	18881	metal7	1048.07	479.6	1e+12
13040	metal4	1086.21	479.6	18882	metal7	1086.21	479.6	1e+12
13271	metal4	14.095	509.6	18883	metal7	14.095	509.6	1e+12
13272	metal4	40.07	509.6	18884	metal7	40.07	509.6	1e+12
13273	metal4	96.07	509.6	18885	metal7	96.07	509.6	1e+12
13274	metal4	108.455	509.6	18886	metal7	108.455	509.6	1e+12
13275	metal4	109.295	509.6	18887	metal7	109.295	509.6	1e+12
13276	metal4	152.07	509.6	18888	metal7	152.07	509.6	1e+12
13277	metal4	208.07	509.6	18889	metal7	208.07	509.6	1e+12
13278	metal4	264.07	509.6	18890	metal7	264.07	509.6	1e+12
13279	metal4	320.07	509.6	18891	metal7	320.07	509.6	1e+12
13280	metal4	376.07	509.6	18892	metal7	376.07	509.6	1e+12
13281	metal4	432.07	509.6	18893	metal7	432.07	509.6	1e+12
13282	metal4	488.07	509.6	18894	metal7	488.07	509.6	1e+12
13283	metal4	544.07	509.6	18895	metal7	544.07	509.6	1e+12
13284	metal4	600.07	509.6	18896	metal7	600.07	509.6	1e+12
13285	metal4	656.07	509.6	18897	metal7	656.07	509.6	1e+12
13286	metal4	712.07	509.6	18898	metal7	712.07	509.6	1e+12
13287	metal4	768.07	509.6	18899	metal7	768.07	509.6	1e+12
13288	metal4	824.07	509.6	18900	metal7	824.07	509.6	1e+12
13289	metal4	880.07	509.6	18901	metal7	880.07	509.6	1e+12
13290	metal4	936.07	509.6	18902	metal7	936.07	509.6	1e+12
13291	metal4	992.07	509.6	18903	metal7	992.07	509.6	1e+12
13292	metal4	1048.07	509.6	18904	metal7	1048.07	509.6	1e+12
13293	metal4	1086.21	509.6	18905	metal7	1086.21	509.6	1e+12
13524	metal4	14.095	539.6	18906	metal7	14.095	539.6	1e+12
13525	metal4	40.07	539.6	18907	metal7	40.07	539.6	1e+12
13526	metal4	96.07	539.6	18908	metal7	96.07	539.6	1e+12
13527	metal4	108.455	539.6	18909	metal7	108.455	539.6	1e+12
13528	metal4	109.295	539.6	18910	metal7	109.295	539.6	1e+12
13529	metal4	152.07	539.6	18911	metal7	152.07	539.6	1e+12
13530	metal4	208.07	539.6	18912	metal7	208.07	539.6	1e+12
13531	metal4	264.07	539.6	18913	metal7	264.07	539.6	1e+12
13532	metal4	320.07	539.6	18914	metal7	320.07	539.6	1e+12
13533	metal4	376.07	539.6	18915	metal7	376.07	539.6	1e+12
13534	metal4	432.07	539.6	18916	metal7	432.07	539.6	1e+12
13535	metal4	488.07	539.6	18917	metal7	488.07	539.6	1e+12
13536	metal4	544.07	539.6	18918	metal7	544.07	539.6	1e+12
13537	metal4	600.07	539.6	18919	metal7	600.07	539.6	1e+12
13538	metal4	656.07	539.6	18920	metal7	656.07	539.6	1e+12
13539	metal4	712.07	539.6	18921	metal7	712.07	539.6	1e+12
13540	metal4	768.07	539.6	18922	metal7	768.07	539.6	1e+12
13541	metal4	824.07	539.6	18923	metal7	824.07	539.6	1e+12
13542	metal4	880.07	539.6	18924	metal7	880.07	539.6	1e+12
13543	metal4	936.07	539.6	18925	metal7	936.07	539.6	1e+12
13544	metal4	992.07	539.6	18926	metal7	992.07	539.6	1e+12
13545	metal4	1048.07	539.6	18927	metal7	1048.07	539.6	1e+12
13546	metal4	1086.21	539.6	18928	metal7	1086.21	539.6	1e+12
13800	metal4	14.095	569.6	18929	metal7	14.095	569.6	1e+12
13801	metal4	40.07	569.6	18930	metal7	40.07	569.6	1e+12
13802	metal4	96.07	569.6	18931	metal7	96.07	569.6	1e+12
13803	metal4	108.455	569.6	18932	metal7	108.455	569.6	1e+12
13804	metal4	109.295	569.6	18933	metal7	109.295	569.6	1e+12
13805	metal4	152.07	569.6	18934	metal7	152.07	569.6	1e+12
13806	metal4	208.07	569.6	18935	metal7	208.07	569.6	1e+12
13807	metal4	264.07	569.6	18936	metal7	264.07	569.6	1e+12
13808	metal4	320.07	569.6	18937	metal7	320.07	569.6	1e+12
13809	metal4	376.07	569.6	18938	metal7	376.07	569.6	1e+12
13810	metal4	432.07	569.6	18939	metal7	432.07	569.6	1e+12
13811	metal4	488.07	569.6	18940	metal7	488.07	569.6	1e+12
13812	metal4	544.07	569.6	18941	metal7	544.07	569.6	1e+12
13813	metal4	600.07	569.6	18942	metal7	600.07	569.6	1e+12
13814	metal4	656.07	569.6	18943	metal7	656.07	569.6	1e+12
13815	metal4	712.07	569.6	18944	metal7	712.07	569.6	1e+12
13816	metal4	768.07	569.6	18945	metal7	768.07	569.6	1e+12
13817	metal4	824.07	569.6	18946	metal7	824.07	569.6	1e+12
13818	metal4	880.07	569.6	18947	metal7	880.07	569.6	1e+12
13819	metal4	936.07	569.6	18948	metal7	936.07	569.6	1e+12
13820	metal4	992.07	569.6	18949	metal7	992.07	569.6	1e+12
13821	metal4	1048.07	569.6	18950	metal7	1048.07	569.6	1e+12
13822	metal4	1086.21	569.6	18951	metal7	1086.21	569.6	1e+12
14076	metal4	14.095	599.6	18952	metal7	14.095	599.6	1e+12
14077	metal4	40.07	599.6	18953	metal7	40.07	599.6	1e+12
14078	metal4	96.07	599.6	18954	metal7	96.07	599.6	1e+12
14079	metal4	108.455	599.6	18955	metal7	108.455	599.6	1e+12
14080	metal4	109.295	599.6	18956	metal7	109.295	599.6	1e+12
14081	metal4	152.07	599.6	18957	metal7	152.07	599.6	1e+12
14082	metal4	208.07	599.6	18958	metal7	208.07	599.6	1e+12
14083	metal4	264.07	599.6	18959	metal7	264.07	599.6	1e+12
14084	metal4	320.07	599.6	18960	metal7	320.07	599.6	1e+12
14085	metal4	376.07	599.6	18961	metal7	376.07	599.6	1e+12
14086	metal4	432.07	599.6	18962	metal7	432.07	599.6	1e+12
14087	metal4	488.07	599.6	18963	metal7	488.07	599.6	1e+12
14088	metal4	544.07	599.6	18964	metal7	544.07	599.6	1e+12
14089	metal4	600.07	599.6	18965	metal7	600.07	599.6	1e+12
14090	metal4	656.07	599.6	18966	metal7	656.07	599.6	1e+12
14091	metal4	712.07	599.6	18967	metal7	712.07	599.6	1e+12
14092	metal4	768.07	599.6	18968	metal7	768.07	599.6	1e+12
14093	metal4	824.07	599.6	18969	metal7	824.07	599.6	1e+12
14094	metal4	880.07	599.6	18970	metal7	880.07	599.6	1e+12
14095	metal4	936.07	599.6	18971	metal7	936.07	599.6	1e+12
14096	metal4	992.07	599.6	18972	metal7	992.07	599.6	1e+12
14097	metal4	1048.07	599.6	18973	metal7	1048.07	599.6	1e+12
14098	metal4	1086.21	599.6	18974	metal7	1086.21	599.6	1e+12
14329	metal4	14.095	629.6	18975	metal7	14.095	629.6	1e+12
14330	metal4	40.07	629.6	18976	metal7	40.07	629.6	1e+12
14331	metal4	96.07	629.6	18977	metal7	96.07	629.6	1e+12
14332	metal4	108.455	629.6	18978	metal7	108.455	629.6	1e+12
14333	metal4	109.295	629.6	18979	metal7	109.295	629.6	1e+12
14334	metal4	152.07	629.6	18980	metal7	152.07	629.6	1e+12
14335	metal4	208.07	629.6	18981	metal7	208.07	629.6	1e+12
14336	metal4	264.07	629.6	18982	metal7	264.07	629.6	1e+12
14337	metal4	320.07	629.6	18983	metal7	320.07	629.6	1e+12
14338	metal4	376.07	629.6	18984	metal7	376.07	629.6	1e+12
14339	metal4	432.07	629.6	18985	metal7	432.07	629.6	1e+12
14340	metal4	488.07	629.6	18986	metal7	488.07	629.6	1e+12
14341	metal4	544.07	629.6	18987	metal7	544.07	629.6	1e+12
14342	metal4	600.07	629.6	18988	metal7	600.07	629.6	1e+12
14343	metal4	656.07	629.6	18989	metal7	656.07	629.6	1e+12
14344	metal4	712.07	629.6	18990	metal7	712.07	629.6	1e+12
14345	metal4	768.07	629.6	18991	metal7	768.07	629.6	1e+12
14346	metal4	824.07	629.6	18992	metal7	824.07	629.6	1e+12
14347	metal4	880.07	629.6	18993	metal7	880.07	629.6	1e+12
14348	metal4	936.07	629.6	18994	metal7	936.07	629.6	1e+12
14349	metal4	992.07	629.6	18995	metal7	992.07	629.6	1e+12
14350	metal4	1048.07	629.6	18996	metal7	1048.07	629.6	1e+12
14351	metal4	1086.21	629.6	18997	metal7	1086.21	629.6	1e+12
14605	metal4	14.095	659.6	18998	metal7	14.095	659.6	1e+12
14606	metal4	40.07	659.6	18999	metal7	40.07	659.6	1e+12
14607	metal4	96.07	659.6	19000	metal7	96.07	659.6	1e+12
14608	metal4	108.455	659.6	19001	metal7	108.455	659.6	1e+12
14609	metal4	109.295	659.6	19002	metal7	109.295	659.6	1e+12
14610	metal4	152.07	659.6	19003	metal7	152.07	659.6	1e+12
14611	metal4	208.07	659.6	19004	metal7	208.07	659.6	1e+12
14612	metal4	264.07	659.6	19005	metal7	264.07	659.6	1e+12
14613	metal4	320.07	659.6	19006	metal7	320.07	659.6	1e+12
14614	metal4	376.07	659.6	19007	metal7	376.07	659.6	1e+12
14615	metal4	432.07	659.6	19008	metal7	432.07	659.6	1e+12
14616	metal4	488.07	659.6	19009	metal7	488.07	659.6	1e+12
14617	metal4	544.07	659.6	19010	metal7	544.07	659.6	1e+12
14618	metal4	600.07	659.6	19011	metal7	600.07	659.6	1e+12
14619	metal4	656.07	659.6	19012	metal7	656.07	659.6	1e+12
14620	metal4	712.07	659.6	19013	metal7	712.07	659.6	1e+12
14621	metal4	768.07	659.6	19014	metal7	768.07	659.6	1e+12
14622	metal4	824.07	659.6	19015	metal7	824.07	659.6	1e+12
14623	metal4	880.07	659.6	19016	metal7	880.07	659.6	1e+12
14624	metal4	936.07	659.6	19017	metal7	936.07	659.6	1e+12
14625	metal4	992.07	659.6	19018	metal7	992.07	659.6	1e+12
14626	metal4	1048.07	659.6	19019	metal7	1048.07	659.6	1e+12
14627	metal4	1086.21	659.6	19020	metal7	1086.21	659.6	1e+12
14881	metal4	14.095	689.6	19021	metal7	14.095	689.6	1e+12
14882	metal4	40.07	689.6	19022	metal7	40.07	689.6	1e+12
14883	metal4	96.07	689.6	19023	metal7	96.07	689.6	1e+12
14884	metal4	108.455	689.6	19024	metal7	108.455	689.6	1e+12
14885	metal4	109.295	689.6	19025	metal7	109.295	689.6	1e+12
14886	metal4	152.07	689.6	19026	metal7	152.07	689.6	1e+12
14887	metal4	208.07	689.6	19027	metal7	208.07	689.6	1e+12
14888	metal4	264.07	689.6	19028	metal7	264.07	689.6	1e+12
14889	metal4	320.07	689.6	19029	metal7	320.07	689.6	1e+12
14890	metal4	376.07	689.6	19030	metal7	376.07	689.6	1e+12
14891	metal4	432.07	689.6	19031	metal7	432.07	689.6	1e+12
14892	metal4	488.07	689.6	19032	metal7	488.07	689.6	1e+12
14893	metal4	544.07	689.6	19033	metal7	544.07	689.6	1e+12
14894	metal4	600.07	689.6	19034	metal7	600.07	689.6	1e+12
14895	metal4	656.07	689.6	19035	metal7	656.07	689.6	1e+12
14896	metal4	712.07	689.6	19036	metal7	712.07	689.6	1e+12
14897	metal4	768.07	689.6	19037	metal7	768.07	689.6	1e+12
14898	metal4	824.07	689.6	19038	metal7	824.07	689.6	1e+12
14899	metal4	880.07	689.6	19039	metal7	880.07	689.6	1e+12
14900	metal4	936.07	689.6	19040	metal7	936.07	689.6	1e+12
14901	metal4	992.07	689.6	19041	metal7	992.07	689.6	1e+12
14902	metal4	1048.07	689.6	19042	metal7	1048.07	689.6	1e+12
14903	metal4	1086.21	689.6	19043	metal7	1086.21	689.6	1e+12
15134	metal4	14.095	719.6	19044	metal7	14.095	719.6	1e+12
15135	metal4	40.07	719.6	19045	metal7	40.07	719.6	1e+12
15136	metal4	96.07	719.6	19046	metal7	96.07	719.6	1e+12
15137	metal4	108.455	719.6	19047	metal7	108.455	719.6	1e+12
15138	metal4	109.295	719.6	19048	metal7	109.295	719.6	1e+12
15139	metal4	152.07	719.6	19049	metal7	152.07	719.6	1e+12
15140	metal4	208.07	719.6	19050	metal7	208.07	719.6	1e+12
15141	metal4	264.07	719.6	19051	metal7	264.07	719.6	1e+12
15142	metal4	320.07	719.6	19052	metal7	320.07	719.6	1e+12
15143	metal4	376.07	719.6	19053	metal7	376.07	719.6	1e+12
15144	metal4	432.07	719.6	19054	metal7	432.07	719.6	1e+12
15145	metal4	488.07	719.6	19055	metal7	488.07	719.6	1e+12
15146	metal4	544.07	719.6	19056	metal7	544.07	719.6	1e+12
15147	metal4	600.07	719.6	19057	metal7	600.07	719.6	1e+12
15148	metal4	656.07	719.6	19058	metal7	656.07	719.6	1e+12
15149	metal4	712.07	719.6	19059	metal7	712.07	719.6	1e+12
15150	metal4	768.07	719.6	19060	metal7	768.07	719.6	1e+12
15151	metal4	824.07	719.6	19061	metal7	824.07	719.6	1e+12
15152	metal4	880.07	719.6	19062	metal7	880.07	719.6	1e+12
15153	metal4	936.07	719.6	19063	metal7	936.07	719.6	1e+12
15154	metal4	992.07	719.6	19064	metal7	992.07	719.6	1e+12
15155	metal4	1048.07	719.6	19065	metal7	1048.07	719.6	1e+12
15156	metal4	1086.21	719.6	19066	metal7	1086.21	719.6	1e+12
15387	metal4	14.095	749.6	19067	metal7	14.095	749.6	1e+12
15388	metal4	40.07	749.6	19068	metal7	40.07	749.6	1e+12
15389	metal4	96.07	749.6	19069	metal7	96.07	749.6	1e+12
15390	metal4	108.455	749.6	19070	metal7	108.455	749.6	1e+12
15391	metal4	109.295	749.6	19071	metal7	109.295	749.6	1e+12
15392	metal4	152.07	749.6	19072	metal7	152.07	749.6	1e+12
15393	metal4	208.07	749.6	19073	metal7	208.07	749.6	1e+12
15394	metal4	264.07	749.6	19074	metal7	264.07	749.6	1e+12
15395	metal4	320.07	749.6	19075	metal7	320.07	749.6	1e+12
15396	metal4	376.07	749.6	19076	metal7	376.07	749.6	1e+12
15397	metal4	432.07	749.6	19077	metal7	432.07	749.6	1e+12
15398	metal4	488.07	749.6	19078	metal7	488.07	749.6	1e+12
15399	metal4	544.07	749.6	19079	metal7	544.07	749.6	1e+12
15400	metal4	600.07	749.6	19080	metal7	600.07	749.6	1e+12
15401	metal4	656.07	749.6	19081	metal7	656.07	749.6	1e+12
15402	metal4	712.07	749.6	19082	metal7	712.07	749.6	1e+12
15403	metal4	768.07	749.6	19083	metal7	768.07	749.6	1e+12
15404	metal4	824.07	749.6	19084	metal7	824.07	749.6	1e+12
15405	metal4	880.07	749.6	19085	metal7	880.07	749.6	1e+12
15406	metal4	936.07	749.6	19086	metal7	936.07	749.6	1e+12
15407	metal4	992.07	749.6	19087	metal7	992.07	749.6	1e+12
15408	metal4	1048.07	749.6	19088	metal7	1048.07	749.6	1e+12
15409	metal4	1086.21	749.6	19089	metal7	1086.21	749.6	1e+12
15663	metal4	14.095	779.6	19090	metal7	14.095	779.6	1e+12
15664	metal4	40.07	779.6	19091	metal7	40.07	779.6	1e+12
15665	metal4	96.07	779.6	19092	metal7	96.07	779.6	1e+12
15666	metal4	108.455	779.6	19093	metal7	108.455	779.6	1e+12
15667	metal4	109.295	779.6	19094	metal7	109.295	779.6	1e+12
15668	metal4	152.07	779.6	19095	metal7	152.07	779.6	1e+12
15669	metal4	208.07	779.6	19096	metal7	208.07	779.6	1e+12
15670	metal4	264.07	779.6	19097	metal7	264.07	779.6	1e+12
15671	metal4	320.07	779.6	19098	metal7	320.07	779.6	1e+12
15672	metal4	376.07	779.6	19099	metal7	376.07	779.6	1e+12
15673	metal4	432.07	779.6	19100	metal7	432.07	779.6	1e+12
15674	metal4	488.07	779.6	19101	metal7	488.07	779.6	1e+12
15675	metal4	544.07	779.6	19102	metal7	544.07	779.6	1e+12
15676	metal4	600.07	779.6	19103	metal7	600.07	779.6	1e+12
15677	metal4	656.07	779.6	19104	metal7	656.07	779.6	1e+12
15678	metal4	712.07	779.6	19105	metal7	712.07	779.6	1e+12
15679	metal4	768.07	779.6	19106	metal7	768.07	779.6	1e+12
15680	metal4	824.07	779.6	19107	metal7	824.07	779.6	1e+12
15681	metal4	880.07	779.6	19108	metal7	880.07	779.6	1e+12
15682	metal4	936.07	779.6	19109	metal7	936.07	779.6	1e+12
15683	metal4	992.07	779.6	19110	metal7	992.07	779.6	1e+12
15684	metal4	1048.07	779.6	19111	metal7	1048.07	779.6	1e+12
15685	metal4	1086.21	779.6	19112	metal7	1086.21	779.6	1e+12
15939	metal4	14.095	809.6	19113	metal7	14.095	809.6	1e+12
15940	metal4	40.07	809.6	19114	metal7	40.07	809.6	1e+12
15941	metal4	96.07	809.6	19115	metal7	96.07	809.6	1e+12
15942	metal4	108.455	809.6	19116	metal7	108.455	809.6	1e+12
15943	metal4	109.295	809.6	19117	metal7	109.295	809.6	1e+12
15944	metal4	152.07	809.6	19118	metal7	152.07	809.6	1e+12
15945	metal4	208.07	809.6	19119	metal7	208.07	809.6	1e+12
15946	metal4	264.07	809.6	19120	metal7	264.07	809.6	1e+12
15947	metal4	320.07	809.6	19121	metal7	320.07	809.6	1e+12
15948	metal4	376.07	809.6	19122	metal7	376.07	809.6	1e+12
15949	metal4	432.07	809.6	19123	metal7	432.07	809.6	1e+12
15950	metal4	488.07	809.6	19124	metal7	488.07	809.6	1e+12
15951	metal4	544.07	809.6	19125	metal7	544.07	809.6	1e+12
15952	metal4	600.07	809.6	19126	metal7	600.07	809.6	1e+12
15953	metal4	656.07	809.6	19127	metal7	656.07	809.6	1e+12
15954	metal4	712.07	809.6	19128	metal7	712.07	809.6	1e+12
15955	metal4	768.07	809.6	19129	metal7	768.07	809.6	1e+12
15956	metal4	824.07	809.6	19130	metal7	824.07	809.6	1e+12
15957	metal4	880.07	809.6	19131	metal7	880.07	809.6	1e+12
15958	metal4	936.07	809.6	19132	metal7	936.07	809.6	1e+12
15959	metal4	992.07	809.6	19133	metal7	992.07	809.6	1e+12
15960	metal4	1048.07	809.6	19134	metal7	1048.07	809.6	1e+12
15961	metal4	1086.21	809.6	19135	metal7	1086.21	809.6	1e+12
16192	metal4	14.095	839.6	19136	metal7	14.095	839.6	1e+12
16193	metal4	40.07	839.6	19137	metal7	40.07	839.6	1e+12
16194	metal4	96.07	839.6	19138	metal7	96.07	839.6	1e+12
16195	metal4	108.455	839.6	19139	metal7	108.455	839.6	1e+12
16196	metal4	109.295	839.6	19140	metal7	109.295	839.6	1e+12
16197	metal4	152.07	839.6	19141	metal7	152.07	839.6	1e+12
16198	metal4	208.07	839.6	19142	metal7	208.07	839.6	1e+12
16199	metal4	264.07	839.6	19143	metal7	264.07	839.6	1e+12
16200	metal4	320.07	839.6	19144	metal7	320.07	839.6	1e+12
16201	metal4	376.07	839.6	19145	metal7	376.07	839.6	1e+12
16202	metal4	432.07	839.6	19146	metal7	432.07	839.6	1e+12
16203	metal4	488.07	839.6	19147	metal7	488.07	839.6	1e+12
16204	metal4	544.07	839.6	19148	metal7	544.07	839.6	1e+12
16205	metal4	600.07	839.6	19149	metal7	600.07	839.6	1e+12
16206	metal4	656.07	839.6	19150	metal7	656.07	839.6	1e+12
16207	metal4	712.07	839.6	19151	metal7	712.07	839.6	1e+12
16208	metal4	768.07	839.6	19152	metal7	768.07	839.6	1e+12
16209	metal4	824.07	839.6	19153	metal7	824.07	839.6	1e+12
16210	metal4	880.07	839.6	19154	metal7	880.07	839.6	1e+12
16211	metal4	936.07	839.6	19155	metal7	936.07	839.6	1e+12
16212	metal4	992.07	839.6	19156	metal7	992.07	839.6	1e+12
16213	metal4	1048.07	839.6	19157	metal7	1048.07	839.6	1e+12
16214	metal4	1086.21	839.6	19158	metal7	1086.21	839.6	1e+12
16468	metal4	14.095	869.6	19159	metal7	14.095	869.6	1e+12
16469	metal4	40.07	869.6	19160	metal7	40.07	869.6	1e+12
16470	metal4	96.07	869.6	19161	metal7	96.07	869.6	1e+12
16471	metal4	108.455	869.6	19162	metal7	108.455	869.6	1e+12
16472	metal4	109.295	869.6	19163	metal7	109.295	869.6	1e+12
16473	metal4	152.07	869.6	19164	metal7	152.07	869.6	1e+12
16474	metal4	208.07	869.6	19165	metal7	208.07	869.6	1e+12
16475	metal4	264.07	869.6	19166	metal7	264.07	869.6	1e+12
16476	metal4	320.07	869.6	19167	metal7	320.07	869.6	1e+12
16477	metal4	376.07	869.6	19168	metal7	376.07	869.6	1e+12
16478	metal4	432.07	869.6	19169	metal7	432.07	869.6	1e+12
16479	metal4	488.07	869.6	19170	metal7	488.07	869.6	1e+12
16480	metal4	544.07	869.6	19171	metal7	544.07	869.6	1e+12
16481	metal4	600.07	869.6	19172	metal7	600.07	869.6	1e+12
16482	metal4	656.07	869.6	19173	metal7	656.07	869.6	1e+12
16483	metal4	712.07	869.6	19174	metal7	712.07	869.6	1e+12
16484	metal4	768.07	869.6	19175	metal7	768.07	869.6	1e+12
16485	metal4	824.07	869.6	19176	metal7	824.07	869.6	1e+12
16486	metal4	880.07	869.6	19177	metal7	880.07	869.6	1e+12
16487	metal4	936.07	869.6	19178	metal7	936.07	869.6	1e+12
16488	metal4	992.07	869.6	19179	metal7	992.07	869.6	1e+12
16489	metal4	1048.07	869.6	19180	metal7	1048.07	869.6	1e+12
16490	metal4	1086.21	869.6	19181	metal7	1086.21	869.6	1e+12
16744	metal4	14.095	899.6	19182	metal7	14.095	899.6	1e+12
16745	metal4	40.07	899.6	19183	metal7	40.07	899.6	1e+12
16746	metal4	96.07	899.6	19184	metal7	96.07	899.6	1e+12
16747	metal4	108.455	899.6	19185	metal7	108.455	899.6	1e+12
16748	metal4	109.295	899.6	19186	metal7	109.295	899.6	1e+12
16749	metal4	152.07	899.6	19187	metal7	152.07	899.6	1e+12
16750	metal4	208.07	899.6	19188	metal7	208.07	899.6	1e+12
16751	metal4	264.07	899.6	19189	metal7	264.07	899.6	1e+12
16752	metal4	320.07	899.6	19190	metal7	320.07	899.6	1e+12
16753	metal4	376.07	899.6	19191	metal7	376.07	899.6	1e+12
16754	metal4	432.07	899.6	19192	metal7	432.07	899.6	1e+12
16755	metal4	488.07	899.6	19193	metal7	488.07	899.6	1e+12
16756	metal4	544.07	899.6	19194	metal7	544.07	899.6	1e+12
16757	metal4	600.07	899.6	19195	metal7	600.07	899.6	1e+12
16758	metal4	656.07	899.6	19196	metal7	656.07	899.6	1e+12
16759	metal4	712.07	899.6	19197	metal7	712.07	899.6	1e+12
16760	metal4	768.07	899.6	19198	metal7	768.07	899.6	1e+12
16761	metal4	824.07	899.6	19199	metal7	824.07	899.6	1e+12
16762	metal4	880.07	899.6	19200	metal7	880.07	899.6	1e+12
16763	metal4	936.07	899.6	19201	metal7	936.07	899.6	1e+12
16764	metal4	992.07	899.6	19202	metal7	992.07	899.6	1e+12
16765	metal4	1048.07	899.6	19203	metal7	1048.07	899.6	1e+12
16766	metal4	1086.21	899.6	19204	metal7	1086.21	899.6	1e+12
16997	metal4	14.095	929.6	19205	metal7	14.095	929.6	1e+12
16998	metal4	40.07	929.6	19206	metal7	40.07	929.6	1e+12
16999	metal4	96.07	929.6	19207	metal7	96.07	929.6	1e+12
17000	metal4	108.455	929.6	19208	metal7	108.455	929.6	1e+12
17001	metal4	109.295	929.6	19209	metal7	109.295	929.6	1e+12
17002	metal4	152.07	929.6	19210	metal7	152.07	929.6	1e+12
17003	metal4	208.07	929.6	19211	metal7	208.07	929.6	1e+12
17004	metal4	264.07	929.6	19212	metal7	264.07	929.6	1e+12
17005	metal4	320.07	929.6	19213	metal7	320.07	929.6	1e+12
17006	metal4	376.07	929.6	19214	metal7	376.07	929.6	1e+12
17007	metal4	432.07	929.6	19215	metal7	432.07	929.6	1e+12
17008	metal4	488.07	929.6	19216	metal7	488.07	929.6	1e+12
17009	metal4	544.07	929.6	19217	metal7	544.07	929.6	1e+12
17010	metal4	600.07	929.6	19218	metal7	600.07	929.6	1e+12
17011	metal4	656.07	929.6	19219	metal7	656.07	929.6	1e+12
17012	metal4	712.07	929.6	19220	metal7	712.07	929.6	1e+12
17013	metal4	768.07	929.6	19221	metal7	768.07	929.6	1e+12
17014	metal4	824.07	929.6	19222	metal7	824.07	929.6	1e+12
17015	metal4	880.07	929.6	19223	metal7	880.07	929.6	1e+12
17016	metal4	936.07	929.6	19224	metal7	936.07	929.6	1e+12
17017	metal4	992.07	929.6	19225	metal7	992.07	929.6	1e+12
17018	metal4	1048.07	929.6	19226	metal7	1048.07	929.6	1e+12
17019	metal4	1086.21	929.6	19227	metal7	1086.21	929.6	1e+12
17250	metal4	14.095	959.6	19228	metal7	14.095	959.6	1e+12
17251	metal4	40.07	959.6	19229	metal7	40.07	959.6	1e+12
17252	metal4	96.07	959.6	19230	metal7	96.07	959.6	1e+12
17253	metal4	108.455	959.6	19231	metal7	108.455	959.6	1e+12
17254	metal4	109.295	959.6	19232	metal7	109.295	959.6	1e+12
17255	metal4	152.07	959.6	19233	metal7	152.07	959.6	1e+12
17256	metal4	208.07	959.6	19234	metal7	208.07	959.6	1e+12
17257	metal4	264.07	959.6	19235	metal7	264.07	959.6	1e+12
17258	metal4	320.07	959.6	19236	metal7	320.07	959.6	1e+12
17259	metal4	376.07	959.6	19237	metal7	376.07	959.6	1e+12
17260	metal4	432.07	959.6	19238	metal7	432.07	959.6	1e+12
17261	metal4	488.07	959.6	19239	metal7	488.07	959.6	1e+12
17262	metal4	544.07	959.6	19240	metal7	544.07	959.6	1e+12
17263	metal4	600.07	959.6	19241	metal7	600.07	959.6	1e+12
17264	metal4	656.07	959.6	19242	metal7	656.07	959.6	1e+12
17265	metal4	712.07	959.6	19243	metal7	712.07	959.6	1e+12
17266	metal4	768.07	959.6	19244	metal7	768.07	959.6	1e+12
17267	metal4	824.07	959.6	19245	metal7	824.07	959.6	1e+12
17268	metal4	880.07	959.6	19246	metal7	880.07	959.6	1e+12
17269	metal4	936.07	959.6	19247	metal7	936.07	959.6	1e+12
17270	metal4	992.07	959.6	19248	metal7	992.07	959.6	1e+12
17271	metal4	1048.07	959.6	19249	metal7	1048.07	959.6	1e+12
17272	metal4	1086.21	959.6	19250	metal7	1086.21	959.6	1e+12
17526	metal4	14.095	989.6	19251	metal7	14.095	989.6	1e+12
17527	metal4	40.07	989.6	19252	metal7	40.07	989.6	1e+12
17528	metal4	96.07	989.6	19253	metal7	96.07	989.6	1e+12
17529	metal4	108.455	989.6	19254	metal7	108.455	989.6	1e+12
17530	metal4	109.295	989.6	19255	metal7	109.295	989.6	1e+12
17531	metal4	152.07	989.6	19256	metal7	152.07	989.6	1e+12
17532	metal4	208.07	989.6	19257	metal7	208.07	989.6	1e+12
17533	metal4	264.07	989.6	19258	metal7	264.07	989.6	1e+12
17534	metal4	320.07	989.6	19259	metal7	320.07	989.6	1e+12
17535	metal4	376.07	989.6	19260	metal7	376.07	989.6	1e+12
17536	metal4	432.07	989.6	19261	metal7	432.07	989.6	1e+12
17537	metal4	488.07	989.6	19262	metal7	488.07	989.6	1e+12
17538	metal4	544.07	989.6	19263	metal7	544.07	989.6	1e+12
17539	metal4	600.07	989.6	19264	metal7	600.07	989.6	1e+12
17540	metal4	656.07	989.6	19265	metal7	656.07	989.6	1e+12
17541	metal4	712.07	989.6	19266	metal7	712.07	989.6	1e+12
17542	metal4	768.07	989.6	19267	metal7	768.07	989.6	1e+12
17543	metal4	824.07	989.6	19268	metal7	824.07	989.6	1e+12
17544	metal4	880.07	989.6	19269	metal7	880.07	989.6	1e+12
17545	metal4	936.07	989.6	19270	metal7	936.07	989.6	1e+12
17546	metal4	992.07	989.6	19271	metal7	992.07	989.6	1e+12
17547	metal4	1048.07	989.6	19272	metal7	1048.07	989.6	1e+12
17548	metal4	1086.21	989.6	19273	metal7	1086.21	989.6	1e+12
17641	metal4	14.095	1000.87	19274	metal7	14.095	1000.87	1e+12
17642	metal4	40.07	1000.87	19275	metal7	40.07	1000.87	1e+12
17643	metal4	96.07	1000.87	19276	metal7	96.07	1000.87	1e+12
17644	metal4	108.455	1000.87	19277	metal7	108.455	1000.87	1e+12
17645	metal4	109.295	1000.87	19278	metal7	109.295	1000.87	1e+12
17646	metal4	152.07	1000.87	19279	metal7	152.07	1000.87	1e+12
17647	metal4	208.07	1000.87	19280	metal7	208.07	1000.87	1e+12
17648	metal4	264.07	1000.87	19281	metal7	264.07	1000.87	1e+12
17649	metal4	320.07	1000.87	19282	metal7	320.07	1000.87	1e+12
17650	metal4	376.07	1000.87	19283	metal7	376.07	1000.87	1e+12
17651	metal4	432.07	1000.87	19284	metal7	432.07	1000.87	1e+12
17652	metal4	488.07	1000.87	19285	metal7	488.07	1000.87	1e+12
17653	metal4	544.07	1000.87	19286	metal7	544.07	1000.87	1e+12
17654	metal4	600.07	1000.87	19287	metal7	600.07	1000.87	1e+12
17655	metal4	656.07	1000.87	19288	metal7	656.07	1000.87	1e+12
17656	metal4	712.07	1000.87	19289	metal7	712.07	1000.87	1e+12
17657	metal4	768.07	1000.87	19290	metal7	768.07	1000.87	1e+12
17658	metal4	824.07	1000.87	19291	metal7	824.07	1000.87	1e+12
17659	metal4	880.07	1000.87	19292	metal7	880.07	1000.87	1e+12
17660	metal4	936.07	1000.87	19293	metal7	936.07	1000.87	1e+12
17661	metal4	992.07	1000.87	19294	metal7	992.07	1000.87	1e+12
17662	metal4	1048.07	1000.87	19295	metal7	1048.07	1000.87	1e+12
17663	metal4	1086.21	1000.87	19296	metal7	1086.21	1000.87	1e+12
17825	metal4	14.095	1019.6	19297	metal7	14.095	1019.6	1e+12
17826	metal4	40.07	1019.6	19298	metal7	40.07	1019.6	1e+12
17827	metal4	96.07	1019.6	19299	metal7	96.07	1019.6	1e+12
17828	metal4	108.455	1019.6	19300	metal7	108.455	1019.6	1e+12
17829	metal4	109.295	1019.6	19301	metal7	109.295	1019.6	1e+12
17830	metal4	152.07	1019.6	19302	metal7	152.07	1019.6	1e+12
17831	metal4	208.07	1019.6	19303	metal7	208.07	1019.6	1e+12
17832	metal4	264.07	1019.6	19304	metal7	264.07	1019.6	1e+12
17833	metal4	320.07	1019.6	19305	metal7	320.07	1019.6	1e+12
17834	metal4	376.07	1019.6	19306	metal7	376.07	1019.6	1e+12
17835	metal4	432.07	1019.6	19307	metal7	432.07	1019.6	1e+12
17836	metal4	488.07	1019.6	19308	metal7	488.07	1019.6	1e+12
17837	metal4	544.07	1019.6	19309	metal7	544.07	1019.6	1e+12
17838	metal4	600.07	1019.6	19310	metal7	600.07	1019.6	1e+12
17839	metal4	656.07	1019.6	19311	metal7	656.07	1019.6	1e+12
17840	metal4	712.07	1019.6	19312	metal7	712.07	1019.6	1e+12
17841	metal4	768.07	1019.6	19313	metal7	768.07	1019.6	1e+12
17842	metal4	824.07	1019.6	19314	metal7	824.07	1019.6	1e+12
17843	metal4	880.07	1019.6	19315	metal7	880.07	1019.6	1e+12
17844	metal4	936.07	1019.6	19316	metal7	936.07	1019.6	1e+12
17845	metal4	992.07	1019.6	19317	metal7	992.07	1019.6	1e+12
17846	metal4	1048.07	1019.6	19318	metal7	1048.07	1019.6	1e+12
17847	metal4	1086.21	1019.6	19319	metal7	1086.21	1019.6	1e+12
18078	metal4	14.095	1049.6	19320	metal7	14.095	1049.6	1e+12
18079	metal4	40.07	1049.6	19321	metal7	40.07	1049.6	1e+12
18080	metal4	96.07	1049.6	19322	metal7	96.07	1049.6	1e+12
18081	metal4	108.455	1049.6	19323	metal7	108.455	1049.6	1e+12
18082	metal4	109.295	1049.6	19324	metal7	109.295	1049.6	1e+12
18083	metal4	152.07	1049.6	19325	metal7	152.07	1049.6	1e+12
18084	metal4	208.07	1049.6	19326	metal7	208.07	1049.6	1e+12
18085	metal4	264.07	1049.6	19327	metal7	264.07	1049.6	1e+12
18086	metal4	320.07	1049.6	19328	metal7	320.07	1049.6	1e+12
18087	metal4	376.07	1049.6	19329	metal7	376.07	1049.6	1e+12
18088	metal4	432.07	1049.6	19330	metal7	432.07	1049.6	1e+12
18089	metal4	488.07	1049.6	19331	metal7	488.07	1049.6	1e+12
18090	metal4	544.07	1049.6	19332	metal7	544.07	1049.6	1e+12
18091	metal4	600.07	1049.6	19333	metal7	600.07	1049.6	1e+12
18092	metal4	656.07	1049.6	19334	metal7	656.07	1049.6	1e+12
18093	metal4	712.07	1049.6	19335	metal7	712.07	1049.6	1e+12
18094	metal4	768.07	1049.6	19336	metal7	768.07	1049.6	1e+12
18095	metal4	824.07	1049.6	19337	metal7	824.07	1049.6	1e+12
18096	metal4	880.07	1049.6	19338	metal7	880.07	1049.6	1e+12
18097	metal4	936.07	1049.6	19339	metal7	936.07	1049.6	1e+12
18098	metal4	992.07	1049.6	19340	metal7	992.07	1049.6	1e+12
18099	metal4	1048.07	1049.6	19341	metal7	1048.07	1049.6	1e+12
18100	metal4	1086.21	1049.6	19342	metal7	1086.21	1049.6	1e+12
18354	metal4	14.095	1079.6	19343	metal7	14.095	1079.6	1e+12
18355	metal4	40.07	1079.6	19344	metal7	40.07	1079.6	1e+12
18356	metal4	96.07	1079.6	19345	metal7	96.07	1079.6	1e+12
18357	metal4	108.455	1079.6	19346	metal7	108.455	1079.6	1e+12
18358	metal4	109.295	1079.6	19347	metal7	109.295	1079.6	1e+12
18359	metal4	152.07	1079.6	19348	metal7	152.07	1079.6	1e+12
18360	metal4	208.07	1079.6	19349	metal7	208.07	1079.6	1e+12
18361	metal4	264.07	1079.6	19350	metal7	264.07	1079.6	1e+12
18362	metal4	320.07	1079.6	19351	metal7	320.07	1079.6	1e+12
18363	metal4	376.07	1079.6	19352	metal7	376.07	1079.6	1e+12
18364	metal4	432.07	1079.6	19353	metal7	432.07	1079.6	1e+12
18365	metal4	488.07	1079.6	19354	metal7	488.07	1079.6	1e+12
18366	metal4	544.07	1079.6	19355	metal7	544.07	1079.6	1e+12
18367	metal4	600.07	1079.6	19356	metal7	600.07	1079.6	1e+12
18368	metal4	656.07	1079.6	19357	metal7	656.07	1079.6	1e+12
18369	metal4	712.07	1079.6	19358	metal7	712.07	1079.6	1e+12
18370	metal4	768.07	1079.6	19359	metal7	768.07	1079.6	1e+12
18371	metal4	824.07	1079.6	19360	metal7	824.07	1079.6	1e+12
18372	metal4	880.07	1079.6	19361	metal7	880.07	1079.6	1e+12
18373	metal4	936.07	1079.6	19362	metal7	936.07	1079.6	1e+12
18374	metal4	992.07	1079.6	19363	metal7	992.07	1079.6	1e+12
18375	metal4	1048.07	1079.6	19364	metal7	1048.07	1079.6	1e+12
18376	metal4	1086.21	1079.6	19365	metal7	1086.21	1079.6	1e+12
18446	metal4	14.095	1086.47	19366	metal7	14.095	1086.47	1e+12
18447	metal4	40.07	1086.47	19367	metal7	40.07	1086.47	1e+12
18448	metal4	96.07	1086.47	19368	metal7	96.07	1086.47	1e+12
18449	metal4	108.455	1086.47	19369	metal7	108.455	1086.47	1e+12
18450	metal4	109.295	1086.47	19370	metal7	109.295	1086.47	1e+12
18451	metal4	152.07	1086.47	19371	metal7	152.07	1086.47	1e+12
18452	metal4	208.07	1086.47	19372	metal7	208.07	1086.47	1e+12
18453	metal4	264.07	1086.47	19373	metal7	264.07	1086.47	1e+12
18454	metal4	320.07	1086.47	19374	metal7	320.07	1086.47	1e+12
18455	metal4	376.07	1086.47	19375	metal7	376.07	1086.47	1e+12
18456	metal4	432.07	1086.47	19376	metal7	432.07	1086.47	1e+12
18457	metal4	488.07	1086.47	19377	metal7	488.07	1086.47	1e+12
18458	metal4	544.07	1086.47	19378	metal7	544.07	1086.47	1e+12
18459	metal4	600.07	1086.47	19379	metal7	600.07	1086.47	1e+12
18460	metal4	656.07	1086.47	19380	metal7	656.07	1086.47	1e+12
18461	metal4	712.07	1086.47	19381	metal7	712.07	1086.47	1e+12
18462	metal4	768.07	1086.47	19382	metal7	768.07	1086.47	1e+12
18463	metal4	824.07	1086.47	19383	metal7	824.07	1086.47	1e+12
18464	metal4	880.07	1086.47	19384	metal7	880.07	1086.47	1e+12
18465	metal4	936.07	1086.47	19385	metal7	936.07	1086.47	1e+12
18466	metal4	992.07	1086.47	19386	metal7	992.07	1086.47	1e+12
18467	metal4	1048.07	1086.47	19387	metal7	1048.07	1086.47	1e+12
18468	metal4	1086.21	1086.47	19388	metal7	1086.21	1086.47	1e+12
